PathFileType	4	(X/Y/Z)	C:\Users\WrightLab\Desktop\Jo\P2_Trial24.trc
DataRate	CameraRate	NumFrames	NumMarkers	Units	OrigDataRate	OrigDataStartFrame	OrigNumFrames
100.00	100.00	       597	19	mm	100.00	1	       597
Frame#	Time	Headset_Front			Headset_Back			Headset_Left			Headset_Right			Left_Shoulder			Right_Shoulder			Sternum			C7			Left Elbow			Right Elbow			Left Wrist			Right Wrist			Left ASIS			Right ASIS			S2			Left Knee			Right Knee			Left Ankle			Right Ankle			
		X1	Y1	Z1	X2	Y2	Z2	X3	Y3	Z3	X4	Y4	Z4	X5	Y5	Z5	X6	Y6	Z6	X7	Y7	Z7	X8	Y8	Z8	X9	Y9	Z9	X10	Y10	Z10	X11	Y11	Z11	X12	Y12	Z12	X13	Y13	Z13	X14	Y14	Z14	X15	Y15	Z15	X16	Y16	Z16	X17	Y17	Z17	X18	Y18	Z18	X19	Y19	Z19	

1	0.000																									27.58244	1051.73218	-1491.78833							-557.30585	850.84772	-1485.88867																						
2	0.010																									27.36673	1051.67859	-1492.58032							-556.82532	851.45911	-1487.51111																						
3	0.020																									26.87378	1052.00635	-1492.59070							-555.88336	852.60498	-1490.23352																						
4	0.030																									26.04391	1052.08838	-1492.97351							-555.25232	852.05231	-1489.71729																						
5	0.040																									25.85155	1051.73584	-1494.37805							-554.76062	852.03253	-1489.65100																						
6	0.050																									25.73454	1051.63733	-1494.90771							-554.25812	852.02576	-1489.58252																						
7	0.060																									25.70116	1051.63452	-1495.01453							-553.74384	851.97791	-1489.40161																						
8	0.070																									25.72788	1051.54492	-1495.10840							-552.88019	852.41290	-1489.92065																						
9	0.080																									26.71918	1050.83521	-1496.24304							-552.27106	852.41705	-1489.25977																						
10	0.090																									26.93422	1050.60083	-1496.06592							-551.75342	851.79761	-1487.52332																						
11	0.100																									27.82916	1050.29956	-1497.45593							-550.18872	851.52911	-1487.00208																						
12	0.110																									28.08112	1050.06738	-1497.05237							-549.15594	850.73907	-1485.14526																						
13	0.120																									28.23571	1049.70886	-1497.42322							-548.64441	850.82257	-1483.98254																						
14	0.130																									29.07324	1049.16113	-1499.05945							-548.18640	850.99042	-1482.87231																						
15	0.140																									29.77634	1048.99170	-1500.81006							-547.75769	851.21729	-1481.69287																						
16	0.150																									30.15162	1048.72034	-1501.75549							-547.46460	850.83972	-1479.32605																						
17	0.160																									30.82378	1048.60889	-1503.89197							-547.11377	851.09503	-1477.85583																						
18	0.170																									30.88615	1048.38452	-1504.30920							-546.86139	851.43066	-1476.51770																						
19	0.180																									30.92994	1048.17944	-1504.83911							-546.64874	851.73627	-1475.10876																						
20	0.190																									30.93416	1048.19714	-1504.87817							-546.49805	852.05267	-1473.56604																						
21	0.200																									30.93728	1048.22424	-1504.94983							-546.43018	852.45233	-1472.09534																						
22	0.210																									30.90373	1048.27063	-1505.25635							-546.34894	852.80511	-1470.50488																						
23	0.220																									31.41952	1047.87000	-1506.84387							-547.11267	852.90057	-1467.84827																						
24	0.230																									31.29917	1048.26233	-1507.42834							-547.11633	853.26581	-1466.37939																						
25	0.240																									31.96633	1048.13660	-1509.59937							-547.17462	853.66345	-1464.73779																						
26	0.250																									32.63101	1048.27014	-1511.17554							-547.95367	853.73248	-1462.19409																						
27	0.260																									32.65984	1048.18811	-1511.53186							-548.00775	854.17035	-1460.66260																						
28	0.270																									33.25537	1048.30872	-1513.34412							-547.96838	854.51019	-1459.19495																						
29	0.280																									33.26501	1048.30859	-1513.31055							-547.93951	854.90704	-1457.59827																						
30	0.290																									33.29808	1048.33972	-1513.29126							-548.31909	854.24005	-1454.20471																						
31	0.300																									33.61650	1047.96399	-1513.54053							-548.18036	854.56842	-1452.68860																						
32	0.310																									37.31681	1047.98828	-1522.86426							-548.03162	854.85645	-1450.93774																						
33	0.320																									37.37721	1047.98718	-1522.96045							-548.08124	854.67371	-1448.41077																						
34	0.330																									37.65594	1047.80383	-1523.89429							-547.97687	854.31512	-1445.59729										-50.81013	415.85764	-1479.64246										
35	0.340																									37.76919	1047.71008	-1524.36206							-547.85773	854.59027	-1443.99658										-50.72397	415.96591	-1479.26245										
36	0.350																									35.05518	1047.12671	-1517.15588							-547.64832	854.90967	-1442.44995										-51.38326	415.75385	-1478.24976										
37	0.360																									35.06890	1047.14648	-1517.16846							-547.56079	855.25452	-1440.96790										-51.26203	415.80032	-1477.95972										
38	0.370																									35.48985	1047.40027	-1518.34143							-547.86359	855.69128	-1439.14624										-51.35613	415.33859	-1477.19373										
39	0.380																									35.52389	1047.50073	-1518.10791							-548.08917	855.74017	-1436.85059										-51.35613	415.33859	-1477.19373										
40	0.390																									36.25828	1047.58582	-1519.59668							-548.03870	856.17505	-1435.33398										-51.26820	415.48901	-1476.71423										
41	0.400																									36.24935	1047.75232	-1519.22607							-547.99017	856.57214	-1433.86609										-51.30706	415.59067	-1476.53845										
42	0.410																									36.26711	1047.77844	-1519.24438							-548.31543	856.71497	-1431.64563										-51.30706	415.59067	-1476.53845										
43	0.420																									37.02422	1047.88574	-1520.92090							-548.28607	857.10547	-1430.21033										-51.30706	415.59067	-1476.53845										
44	0.430																									37.02426	1048.05591	-1520.58240							-548.65863	857.47919	-1428.56458										-51.30706	415.59067	-1476.53845										
45	0.440																									37.02731	1048.16370	-1520.46130							-548.65222	857.86151	-1427.20825										-51.30706	415.59067	-1476.53845										
46	0.450																									37.37413	1048.63550	-1520.99304							-548.61090	858.19293	-1426.00256										-51.30706	415.59067	-1476.53845										
47	0.460																									37.31758	1048.94202	-1520.56116							-548.55072	858.50867	-1424.88538										-51.30706	415.59067	-1476.53845										
48	0.470																									37.38777	1049.10889	-1520.14844							-548.50531	858.81525	-1423.71313										-51.26820	415.48901	-1476.71423										
49	0.480																									38.23824	1049.19995	-1521.18042							-548.42993	859.00885	-1422.52881										-51.26820	415.48901	-1476.71423										
50	0.490																									38.34986	1049.35608	-1520.87231							-548.42255	858.67041	-1420.46838										-51.29534	415.40051	-1476.95923										
51	0.500																									38.99574	1049.63342	-1522.58398							-548.52887	858.43500	-1418.36658										-51.29534	415.40051	-1476.95923										
52	0.510																									39.69237	1049.98743	-1523.87805							-548.39758	858.55841	-1417.42529										-51.26066	415.29651	-1477.14685										
53	0.520																									39.80124	1050.23596	-1523.22559							-548.23047	858.67499	-1416.41406										-51.32085	415.23819	-1477.37207										
54	0.530																									40.63593	1050.32935	-1524.34924							-548.00391	858.83368	-1415.50464										-51.24140	415.16510	-1477.42090										
55	0.540																									42.67707	1051.18921	-1529.35376							-547.68109	858.93408	-1414.58386										-51.01693	415.07822	-1477.28333										
56	0.550																									43.24178	1051.51660	-1529.70142							-547.43927	859.04303	-1413.98254										-50.74971	414.66107	-1477.05774										
57	0.560																									41.35316	1051.28552	-1524.09851							-547.07739	859.12140	-1413.26514										-50.74699	414.56110	-1477.28430										
58	0.570																									41.76254	1051.90918	-1524.70886							-546.53491	858.13446	-1410.88330										-50.17698	415.10217	-1477.91931										
59	0.580																									41.89638	1051.91870	-1524.59680							-546.16687	858.22540	-1410.33215										-49.75512	415.76239	-1478.96313										
60	0.590																									42.70984	1052.11487	-1525.55469							-545.83557	858.26233	-1409.90906										-49.66423	415.75992	-1478.83215										
61	0.600																									42.77244	1052.31738	-1525.07935							-545.07312	858.16925	-1409.69727										-49.49316	415.74350	-1478.61304										
62	0.610																									42.83176	1052.51062	-1524.51563							-544.70703	858.16565	-1409.33325										-49.42122	415.79034	-1478.39673										
63	0.620																									43.73082	1052.58984	-1525.81091							-544.06152	857.75861	-1408.75513										-49.32699	415.76324	-1478.31799										
64	0.630																									43.82763	1052.63147	-1525.62244							-543.37524	857.95587	-1409.46313										-48.24994	416.97278	-1479.39722										
65	0.640																									43.85750	1052.90283	-1525.02612							-543.01398	857.84467	-1409.39697										-48.24994	416.97278	-1479.39722										
66	0.650																									43.95674	1053.04102	-1524.57520							-542.32745	857.71985	-1409.79382										-48.06714	416.83484	-1479.44263										
67	0.660																									44.03027	1053.17175	-1524.12915							-542.02142	857.58533	-1409.91528										-47.43632	416.77927	-1479.81543										
68	0.670																									44.02689	1053.41309	-1523.71497							-541.74158	857.45667	-1410.13391										-46.74285	417.04614	-1481.21997										
69	0.680																									44.09626	1053.66675	-1522.88416							-541.27808	856.89209	-1409.91724										-45.52235	417.39209	-1482.38330										
70	0.690																									44.35831	1054.29883	-1523.36829							-541.01978	856.73358	-1410.24878										-45.54939	417.30435	-1482.62720										
71	0.700																									44.38147	1054.43542	-1523.05396							-540.78925	856.54144	-1410.65125										-45.34707	417.27402	-1482.39368										
72	0.710																									44.36844	1054.59351	-1522.69617							-540.59650	856.38837	-1411.14026										-45.07534	417.00787	-1482.60352										
73	0.720																									45.17263	1054.46924	-1524.18445							-541.45752	853.64844	-1421.45044										-44.98902	416.93561	-1482.64197										
74	0.730																									45.21996	1054.57056	-1523.90564							-539.99921	856.37390	-1412.96704										-44.72179	416.51721	-1482.41272										
75	0.740																									45.19404	1054.81006	-1523.58838							-539.48309	856.13770	-1413.62122										-44.48416	416.45377	-1482.20422										
76	0.750																									45.60417	1055.52954	-1524.80383							-539.36481	856.06079	-1414.18042										-44.40371	416.12338	-1482.85034										
77	0.760																									45.50744	1056.30371	-1523.35168							-538.60132	855.89948	-1415.14502										-44.40371	416.12338	-1482.85034										
78	0.770																									45.55700	1056.50452	-1522.84058							-538.38507	856.29407	-1416.56384										-43.67880	416.30148	-1483.99170										
79	0.780																									46.20210	1056.93921	-1523.54944							-538.35651	856.26831	-1417.14709										-43.62393	416.14563	-1484.27161										
80	0.790																									46.37016	1057.01074	-1522.73535							-538.44464	856.64606	-1418.27954										-43.64426	415.91879	-1484.82861										
81	0.800																									46.81196	1056.82275	-1522.02075							-538.53644	856.57159	-1418.81152										-43.68253	415.84573	-1485.05530										
82	0.810																									47.17884	1056.31812	-1521.41687							-538.58655	857.47552	-1421.12048										-43.70242	415.54608	-1485.78088										
83	0.820																									48.15862	1056.36804	-1521.63440							-538.81567	857.37030	-1421.58936										-43.18555	414.52985	-1485.45117										
84	0.830																									49.03117	1055.72876	-1522.24414							-539.48633	857.46631	-1422.11975										-43.06226	414.24405	-1485.93066										
85	0.840																									49.29328	1055.72998	-1521.13025							-540.49323	858.56287	-1424.32324										-42.92924	413.80115	-1486.76099										
86	0.850																									49.50869	1055.84583	-1519.78528							-541.48120	857.00830	-1422.22253										-42.92924	413.80115	-1486.76099										
87	0.860																									49.33740	1055.20264	-1517.58984							-543.90363	853.50769	-1431.25610										-42.77762	413.51575	-1487.19861										
88	0.870																									50.64452	1054.47717	-1517.67554							-543.68823	856.52582	-1422.35071										-41.49612	413.96536	-1488.48706										
89	0.880																									50.18113	1054.48071	-1514.60657							-545.10809	857.60522	-1424.50208										-40.26782	414.14749	-1490.01257										
90	0.890																									50.51456	1054.45642	-1513.27832							-549.43500	854.95654	-1431.14917										-40.26782	414.14749	-1490.01257										
91	0.900																									50.11822	1054.53918	-1509.92102							-550.85516	854.54706	-1434.78540										-40.24530	414.04730	-1490.21191										
92	0.910																									49.78667	1054.58008	-1507.32947							-552.38684	854.27411	-1439.01868										-40.50923	414.50143	-1490.77759										
93	0.920																									49.75323	1054.42126	-1506.30762							-556.66675	855.61169	-1436.40430										-40.08507	415.02124	-1491.73267										
94	0.930																									49.21801	1054.70557	-1504.98193							-558.51788	860.39783	-1426.02808										-40.27645	414.97589	-1492.12366										
95	0.940																									47.77859	1054.78357	-1501.28516							-562.13721	860.84235	-1425.44592										-40.40674	414.92996	-1492.42505										
96	0.950																									45.87512	1055.75354	-1497.24084							-565.44598	861.78192	-1427.06836										-40.89359	415.73294	-1493.21130										
97	0.960																									45.14894	1056.03015	-1496.52844							-569.98969	859.19818	-1435.48669										-41.34779	415.78723	-1493.76306										
98	0.970																									44.11848	1056.24622	-1495.19421							-572.77490	862.95856	-1428.78076										-42.46253	415.54047	-1494.23865										
99	0.980																									41.95031	1056.54858	-1491.24634							-577.41284	860.70502	-1442.49268										-42.68891	415.41150	-1494.87720										
100	0.990																									40.84049	1056.67590	-1490.43726							-581.58063	865.01154	-1431.73914										-43.22816	415.24619	-1496.06970										
101	1.000																									38.50799	1057.12598	-1486.66528							-585.09991	860.28296	-1448.28564										-43.77880	415.18677	-1497.03589										
102	1.010																									36.60433	1057.64417	-1483.45886							-589.19318	866.00983	-1435.51453										-44.72126	414.57773	-1496.65198										
103	1.020																									35.28028	1058.10339	-1483.07483							-593.66254	866.83026	-1437.67261										-47.59992	414.06317	-1495.85010										
104	1.030																									32.44071	1059.15405	-1478.21362							-597.60486	866.95319	-1439.44360										-48.63571	413.86667	-1495.75879										
105	1.040																									31.13257	1059.62781	-1477.21301							-602.06262	867.07532	-1440.71252										-50.13037	413.71063	-1496.76440										
106	1.050																									29.00700	1060.26343	-1474.36511							-605.59113	867.08801	-1443.04504										-51.12793	413.08255	-1495.92969										
107	1.060																									26.92215	1061.23926	-1471.34229							-609.93427	867.10797	-1444.47974										-52.62282	413.75092	-1496.71326										
108	1.070																									25.47411	1061.24426	-1469.20203							-614.56970	867.16455	-1446.10583										-54.46923	414.13705	-1495.87036										
109	1.080																									23.89798	1062.12207	-1464.93530							-618.02313	866.51471	-1447.15161										-56.37293	412.99664	-1494.55872										
110	1.090																									22.79196	1062.19849	-1461.60693							-622.76947	866.86450	-1449.47131										-57.00155	413.26740	-1494.89319										
111	1.100																									21.54556	1063.00024	-1457.79504							-625.84839	865.54346	-1449.94214										-57.80793	413.15170	-1494.06885										
112	1.110																									18.99470	1064.14551	-1451.97131							-630.50635	865.94556	-1452.09131										-60.32441	412.85547	-1493.36243										
113	1.120																									18.42357	1064.75854	-1450.08240							-633.79749	864.77545	-1452.67371										-62.09387	412.67798	-1491.23962										
114	1.130																									17.01121	1065.17627	-1446.58960							-638.35626	864.44739	-1453.50378										-62.87612	413.52356	-1491.63208										
115	1.140																									14.86388	1065.49268	-1442.82019							-641.84711	863.72180	-1454.65845										-64.35535	413.56143	-1490.63000										
116	1.150																									12.61204	1066.07666	-1438.92236							-645.06720	862.11981	-1452.82117										-65.08514	414.34769	-1490.78430										
117	1.160																									10.69269	1066.35657	-1436.26660							-649.60992	862.86664	-1456.95178										-66.16581	414.96457	-1489.26550										
118	1.170																									7.17094	1065.81335	-1432.23657							-653.24585	862.67743	-1458.57947										-68.90937	414.18417	-1486.21484										
119	1.180																									4.08143	1066.52637	-1430.00671							-657.46735	861.93176	-1459.19348										-69.89980	413.97568	-1484.53699										
120	1.190																									1.02570	1066.28735	-1425.44458							-660.82611	860.41583	-1458.76123										-72.81327	412.27637	-1480.17017										
121	1.200																									-2.53631	1065.79639	-1420.60364							-665.54193	859.11456	-1458.05908										-74.48677	413.55850	-1478.86987										
122	1.210																									-6.87113	1065.84607	-1416.17725							-668.81335	858.60272	-1459.95056										-76.08515	413.34772	-1475.46179										
123	1.220																									-10.86679	1065.28149	-1412.59033							-673.10583	857.39520	-1459.66040										-79.64002	413.05725	-1471.69580										
124	1.230																									-15.88264	1065.77112	-1404.64771							-676.47101	856.72296	-1461.54663										-81.88029	413.36847	-1469.02661										
125	1.240																									-20.54022	1064.83643	-1398.95496							-681.04639	855.01831	-1460.39795										-85.24605	412.66895	-1465.24207										
126	1.250																									-25.71668	1064.36804	-1394.05688							-685.02594	853.09155	-1459.72388										-87.50092	411.83646	-1461.39783										
127	1.260																									-30.70446	1064.38721	-1388.08313							-688.91577	851.44855	-1459.66321										-90.35017	410.84637	-1457.07214										
128	1.270																									-35.82522	1063.96460	-1383.24255							-693.68933	849.13751	-1457.59802										-94.30735	411.25961	-1453.24304										
129	1.280																									-41.40565	1063.08618	-1377.91528							-697.26575	848.00159	-1458.48157										-96.70493	409.24136	-1449.17871										
130	1.290																									-46.89457	1062.32581	-1371.86218							-701.63885	845.71478	-1456.68872										-100.81781	408.64310	-1443.92725										
131	1.300																									-53.19376	1061.81506	-1365.95190							-705.25891	843.32300	-1455.80286										-104.24936	408.41202	-1440.79089										
132	1.310																									-58.71479	1061.42065	-1360.33679							-709.53906	841.69104	-1455.12244										-107.58089	408.01514	-1436.05310										
133	1.320																									-66.13258	1060.69702	-1353.30298							-714.06464	838.92181	-1452.47278										-112.26801	408.13461	-1432.37317										
134	1.330																									-71.41965	1060.49854	-1348.24634							-717.60089	837.67120	-1452.83289										-116.65507	406.00082	-1426.40027										
135	1.340																									-79.06850	1060.57239	-1341.41882							-722.39166	835.30164	-1450.05322										-120.32185	405.97067	-1423.57336										
136	1.350																									-85.33721	1060.51196	-1335.86292							-726.12720	833.87732	-1448.81421										-125.58688	405.62778	-1418.64124										
137	1.360																									-92.57623	1059.80688	-1330.89172							-729.89783	832.05957	-1446.34290										-130.93086	405.55212	-1414.16821										
138	1.370																									-98.95617	1059.81567	-1325.29883							-734.70740	829.97668	-1442.54175	-356.81049	976.15485	-1266.47961	-487.81070	972.66821	-1284.78320				-136.98454	404.26581	-1408.33032										
139	1.380																									-106.29848	1059.92688	-1320.56592							-738.54279	829.30469	-1441.47559	-362.95386	976.17706	-1266.00220	-494.13028	971.12689	-1285.88489				-142.91994	403.84607	-1403.58313										
140	1.390																									-113.91409	1059.41846	-1313.42883							-742.99103	827.23828	-1437.59167	-370.87631	975.82898	-1260.28149	-502.32822	971.86273	-1276.73474				-149.19719	403.19778	-1398.91626										
141	1.400																									-121.16640	1059.34595	-1306.95129							-747.57971	825.12091	-1432.87378	-377.67731	974.81323	-1256.51697	-511.60617	972.43927	-1276.95764				-155.64168	401.48978	-1393.67993										
142	1.410																									-128.38104	1059.36597	-1302.40662							-751.30334	823.36084	-1429.19824	-384.41956	975.46735	-1253.25891	-518.21887	971.79041	-1277.59192				-162.69214	401.54694	-1388.23804										
143	1.420																									-136.59579	1060.12109	-1296.24902							-754.98102	822.38135	-1426.66870	-391.34656	976.26062	-1248.68140	-524.50836	971.52563	-1272.12329				-170.32722	399.84860	-1381.86401										
144	1.430																									-142.73953	1060.91528	-1292.08032							-758.89056	820.43091	-1420.97791	-397.33279	975.95770	-1245.85339	-530.61823	969.58600	-1272.90564				-179.76126	399.01520	-1375.68665										
145	1.440																									-150.99367	1060.82935	-1286.69226							-762.61334	820.52185	-1418.07263	-403.61102	976.64728	-1241.07056	-535.86646	968.79944	-1269.65674				-188.00560	399.02921	-1369.93298										
146	1.450																									-158.97940	1061.80896	-1279.59631							-766.37268	818.42163	-1411.13000	-408.87146	978.29602	-1236.19702	-541.96088	968.77612	-1263.34778				-201.26018	398.38266	-1361.28931										
147	1.460																									-165.39551	1062.23230	-1276.97021							-770.02002	818.20374	-1406.56592	-413.41614	978.11023	-1237.81787	-546.55328	969.28931	-1257.68384				-217.06265	400.55145	-1352.00366										
148	1.470																									-172.29913	1062.87146	-1275.08923							-773.68005	816.21497	-1398.82190	-417.67996	981.27643	-1228.55896	-551.23932	967.76105	-1258.67920				-233.52139	400.18185	-1342.38257										
149	1.480																									-179.96214	1064.11804	-1269.95081							-776.82043	816.50897	-1394.37109	-422.02063	981.84583	-1225.32800	-554.73132	967.98712	-1255.11584				-249.11215	400.16953	-1334.12830										
150	1.490																									-186.50943	1064.65942	-1266.62939							-780.68732	816.11462	-1388.11194	-426.23505	984.33655	-1218.46045	-559.68994	968.74231	-1250.85156				-265.07755	399.22061	-1325.27002										
151	1.500																									-193.93582	1065.43311	-1262.27319							-783.24817	815.56042	-1382.48242	-430.71393	984.03436	-1215.99255	-564.36951	969.31982	-1245.26892				-280.12320	399.02618	-1318.44531										
152	1.510																									-200.08046	1066.03662	-1258.29834							-786.46991	815.52930	-1376.41895	-436.38397	984.91803	-1208.79553	-569.20917	971.65967	-1238.79163				-292.24911	400.34158	-1310.42175										
153	1.520																									-205.74344	1066.67737	-1256.20959							-789.98584	814.80499	-1368.33289	-441.32645	985.38861	-1206.61963	-574.34375	971.55463	-1235.31213				-303.38623	404.04868	-1303.02368										
154	1.530																									-212.02203	1067.81445	-1251.53357							-792.33960	815.57513	-1363.19312	-446.70929	985.84155	-1203.82446	-579.03412	974.02747	-1228.23486				-313.87424	408.90781	-1294.03259										
155	1.540																									-217.47858	1068.38831	-1248.51270							-795.50134	815.26276	-1355.40710	-451.74271	988.29669	-1195.81079	-583.53052	972.98370	-1230.49133	-463.22797	928.64111	-1474.34460	-326.22824	412.64545	-1278.36633										
156	1.550																									-222.48259	1068.26501	-1245.33606							-798.56799	815.22675	-1347.55713	-456.45853	988.76910	-1191.53882	-588.16052	975.90881	-1216.34277	-465.42172	928.63379	-1468.18701	-336.76483	415.53232	-1263.94958										
157	1.560																									-228.23032	1068.42676	-1241.43604							-803.12329	812.60339	-1354.61694	-461.97714	989.43323	-1186.65100	-593.72479	973.95587	-1222.93311	-467.43655	928.91663	-1463.33704	-347.50555	420.31146	-1248.83032										
158	1.570																									-233.45387	1069.71985	-1237.15747							-804.12848	816.50702	-1333.84021	-467.53113	992.13300	-1179.21777	-598.71204	976.78424	-1212.12622	-469.40491	929.68140	-1458.50635	-355.46915	424.44751	-1237.91809										
159	1.580																									-238.98366	1070.28638	-1233.21655							-807.03680	816.41602	-1325.40320	-473.20895	991.82495	-1175.79407	-603.79272	976.85126	-1211.01208	-471.39304	929.72156	-1452.64197	-365.48657	426.76727	-1219.36377										
160	1.590																									-243.71637	1070.34473	-1230.73413							-810.48663	813.29852	-1331.27502	-478.02881	992.83905	-1172.51501	-608.18982	979.98370	-1197.32422	-473.12430	929.96887	-1446.41272	-374.03903	429.40253	-1204.85498										
161	1.600																			-529.09589	1295.32190	-1191.60071				-249.26164	1070.23267	-1224.84070							-812.59686	816.55963	-1308.98401	-482.59976	993.51080	-1167.72034	-612.74329	978.60468	-1199.08057	-474.99841	930.65509	-1441.48657	-381.02179	432.37137	-1190.57910										
162	1.610																			-533.25934	1295.08875	-1186.37524				-254.23428	1070.13965	-1221.12256							-815.50122	817.02661	-1301.52917	-487.43903	993.95746	-1161.64758	-617.49622	980.52374	-1188.06873	-477.19241	930.50537	-1435.65662	-388.77286	433.54294	-1173.64514										
163	1.620																			-536.77252	1294.49988	-1181.23804				-259.75391	1069.83142	-1215.79883							-817.67352	816.14301	-1292.86389	-491.12723	994.86377	-1153.65576	-621.55316	979.96094	-1185.09497	-479.48447	930.45477	-1429.73706	-396.49677	434.75250	-1158.57385										
164	1.630	-660.37158	1541.26733	-1117.22400																-540.30035	1295.57874	-1176.12622				-264.74780	1069.79272	-1210.69397							-820.81750	817.10657	-1286.00745	-494.62341	994.83667	-1147.01404	-625.00604	981.41516	-1178.85730	-482.05414	930.52551	-1424.29504	-403.29401	434.08383	-1142.78015										
165	1.640	-664.08459	1541.55505	-1110.94751																-544.64221	1294.94128	-1171.09521				-269.34253	1069.37622	-1206.04944	-788.33417	1069.85229	-1319.28650				-824.24237	815.60718	-1275.15796	-499.32227	994.69226	-1145.40576	-628.22565	979.31848	-1174.21960	-484.77051	930.78247	-1419.04492	-410.20209	434.54663	-1127.13049										
166	1.650	-667.69525	1541.88403	-1104.95593																-549.70319	1294.06909	-1165.15356				-274.97729	1068.86072	-1199.04883	-792.73145	1069.03943	-1311.62463				-826.38593	816.30676	-1269.04419	-504.29034	994.50751	-1140.36133	-632.05542	978.84363	-1166.96326	-487.47244	930.16138	-1412.20361	-416.32779	434.73373	-1113.61072										
167	1.660	-671.18219	1542.08374	-1098.46533																-554.12933	1293.69470	-1159.00793				-278.57196	1067.83289	-1194.00903	-797.09698	1068.22388	-1304.10693				-829.54993	814.55975	-1258.07324	-507.15265	994.20569	-1130.58875	-635.88690	979.21094	-1163.15906	-490.26901	929.84119	-1406.49670	-423.85596	434.04596	-1097.97607										
168	1.670	-674.62250	1542.05640	-1092.27954																-556.52380	1292.86670	-1153.28284				-283.89600	1067.38208	-1189.00671	-800.39215	1068.24231	-1298.30286				-832.90668	814.16797	-1248.68311	-510.19528	993.04968	-1126.25916	-638.59784	977.68054	-1156.78992	-493.10992	929.93372	-1400.83765	-429.96997	434.61191	-1084.32593										
169	1.680	-677.96051	1541.85376	-1085.78040																-560.96582	1293.04382	-1147.37769				-288.66354	1066.49036	-1181.42456	-804.64807	1066.50500	-1288.77356				-835.70758	813.48480	-1239.53442	-514.21466	991.95074	-1122.18945	-642.78156	976.30371	-1151.18872	-495.93320	930.03748	-1394.86963	-435.72339	436.66489	-1069.53589										
170	1.690	-681.19812	1541.62744	-1078.94861																-565.13947	1292.45129	-1141.61353				-292.61865	1066.11169	-1174.22632	-808.48004	1065.70215	-1281.26233				-838.17084	812.22333	-1229.85498	-517.78516	992.14978	-1112.73621	-646.92432	974.38440	-1148.38611	-498.84692	929.91443	-1389.08984	-442.45993	438.14505	-1057.54016										
171	1.700	-684.35992	1541.31494	-1071.98975																-570.28192	1291.98145	-1135.82788				-295.89114	1065.81030	-1169.39587	-811.91302	1065.56934	-1275.21753				-841.30371	811.71674	-1220.11926	-520.83386	992.70386	-1107.57520	-649.41687	975.87958	-1139.74316	-501.58176	929.54108	-1382.36389	-447.85440	442.62430	-1044.02490										
172	1.710	-687.39502	1541.21460	-1065.18262													-733.26532	1394.22803	-1209.20923	-572.75287	1290.61975	-1129.21216				-299.96198	1065.41003	-1161.92444	-815.86145	1062.86829	-1263.47363				-844.38049	810.86359	-1209.72498	-525.51740	992.57178	-1099.88708	-652.62878	972.81360	-1138.11255	-504.20346	928.94672	-1375.86829	-453.16867	445.48889	-1033.51648										
173	1.720	-690.40155	1540.80615	-1057.55750													-736.69293	1393.10193	-1203.97681	-577.41388	1290.12964	-1122.49207				-304.03354	1063.62012	-1153.78979	-818.68805	1062.88196	-1257.69531	-280.33832	821.75378	-1141.91467	-846.71582	809.99280	-1200.07861	-529.15454	990.70007	-1093.11694	-657.75806	971.97205	-1128.53345	-506.61353	928.31879	-1369.63855	-460.54327	448.07233	-1020.85052										
174	1.730	-693.32202	1540.48682	-1050.18066													-740.87384	1393.14258	-1197.84070	-582.13470	1289.95764	-1117.17102				-305.28226	1063.31970	-1150.34290	-821.78772	1062.03687	-1250.09106	-280.68500	820.42029	-1138.27832	-849.26886	809.59100	-1190.32458	-532.93262	991.34741	-1086.00610	-660.49060	970.93823	-1120.82227	-508.64142	927.69788	-1362.68457	-467.40756	449.44934	-1010.67407										
175	1.740	-696.08093	1539.80676	-1042.48328													-744.48712	1391.74792	-1191.29602	-584.78577	1287.46741	-1109.66760				-308.24359	1063.50122	-1141.11401	-824.92108	1060.30042	-1240.53040	-283.77066	820.94342	-1130.74475	-853.53473	806.81940	-1187.42249	-535.26239	990.85895	-1079.17786	-662.54260	970.34607	-1113.13196	-510.59735	926.79718	-1355.54163	-473.41180	450.92801	-1002.40973										
176	1.750	-698.71002	1539.17517	-1034.59827													-748.29926	1390.95605	-1185.05493	-590.43658	1287.60791	-1102.58521				-310.93182	1063.02930	-1133.12927	-827.48450	1059.80518	-1233.62146	-285.00031	818.87012	-1123.69421	-854.60461	808.59045	-1169.60583	-538.59631	991.26758	-1073.69336	-666.23480	969.99988	-1106.17139	-512.32104	925.82379	-1347.98438	-480.27313	451.48254	-993.95361										
177	1.760	-701.35278	1538.44482	-1026.70911													-751.31464	1389.80090	-1178.61731	-594.75836	1285.96094	-1095.58313				-312.98090	1062.68164	-1125.49817	-830.22333	1058.09839	-1224.14587	-285.38873	819.25031	-1119.28662	-856.95172	808.12140	-1159.67017	-543.11371	988.54742	-1067.10486	-669.66101	968.46899	-1098.75171	-513.99695	925.15173	-1340.82642	-488.24167	451.60678	-986.58325										
178	1.770	-703.89032	1537.72900	-1017.83447													-755.14459	1389.05884	-1172.47742	-596.94000	1285.17493	-1088.83276				-315.54468	1064.38757	-1108.87512	-832.68866	1056.85974	-1216.10693	-288.10580	818.29553	-1109.08081	-859.71179	807.76740	-1149.14172	-547.13165	988.62885	-1057.27979	-672.27032	967.41870	-1092.06519	-515.70813	924.56433	-1333.56482	-496.62085	453.71567	-979.76569										
179	1.780	-706.16711	1536.96338	-1009.35559													-758.75507	1387.65112	-1165.89563	-600.83881	1283.54053	-1080.38379				-317.36090	1064.30322	-1101.13281	-834.79510	1056.34973	-1209.79810	-288.57404	818.76160	-1104.76563	-862.35974	806.44763	-1137.61328	-548.97876	987.92792	-1051.13171	-675.66669	965.53333	-1084.87500	-517.46643	923.73938	-1325.46228	-504.40512	453.73914	-975.65643										
180	1.790	-708.44067	1536.05103	-1001.07990													-761.96954	1386.07178	-1158.56860	-605.33044	1282.69189	-1073.48962				-319.61359	1063.29993	-1092.76331	-837.53601	1053.49438	-1198.48657	-289.79025	817.20795	-1096.86792	-865.15649	801.74030	-1142.08350	-551.07404	986.67554	-1041.16248	-677.90106	964.51282	-1077.50928	-519.37079	922.97144	-1317.94592	-512.53833	453.83624	-970.35773										
181	1.800	-710.61615	1535.05347	-991.74396	-440.22507	1413.48059	-1098.51428										-765.18805	1384.24500	-1152.13904	-608.76135	1281.22778	-1064.59570				-321.61526	1063.93933	-1087.49878	-839.27399	1053.65186	-1194.06250	-292.27744	817.49774	-1088.30334	-867.51440	805.79083	-1118.67761	-554.49457	985.33887	-1034.96777	-680.62262	961.76929	-1069.88721	-521.27692	922.18958	-1310.39197	-522.50989	453.62988	-965.07294	-574.96277	112.53739	-1029.42871							
182	1.810																-768.56537	1383.22864	-1144.70093	-613.31372	1280.01868	-1057.19788				-323.96689	1062.44690	-1076.68445	-842.29913	1050.23071	-1181.99133	-292.52478	815.13989	-1079.47571	-871.80396	801.03784	-1115.15564	-556.50043	983.02472	-1028.09119	-683.36053	960.51886	-1062.28735	-523.26453	920.97363	-1301.74194	-530.57623	452.49036	-959.53021	-582.60754	106.41386	-1008.39050							
183	1.820	-714.74182	1533.25354	-973.25714										-447.37296	1410.68384	-1079.13782	-771.54181	1381.20227	-1136.49805	-615.56659	1278.75757	-1049.84924				-326.44138	1061.08154	-1066.63123	-844.16150	1050.02539	-1176.98779	-292.63065	815.73804	-1074.01892	-873.27002	803.78241	-1098.31226	-559.66895	981.46857	-1017.34283	-685.06525	958.46222	-1054.46826	-525.08209	920.05939	-1293.42126	-539.51282	450.69345	-954.42358	-587.63306	102.80699	-987.51941							
184	1.830	-716.71753	1532.23694	-963.20532										-451.02216	1409.27710	-1069.37231	-774.06421	1379.28528	-1129.20496	-620.87512	1276.94067	-1040.30664	-608.57782	1391.34473	-1215.09790	-328.83615	1060.13867	-1058.30054	-847.15106	1047.00720	-1165.57153	-296.04617	814.23907	-1062.10864	-876.27167	798.57397	-1100.29663	-562.53143	979.21124	-1008.24872	-689.19647	957.03223	-1046.31091	-526.89050	918.52002	-1284.63245	-546.60767	449.84302	-950.20654	-595.20190	97.09191	-964.96771							
185	1.840	-611.40576	1467.94983	-859.08557										-455.39157	1407.11316	-1060.57532	-777.28125	1377.51819	-1121.07495	-622.78174	1275.25720	-1031.78040	-611.04059	1389.56738	-1205.94373	-330.71481	1058.84460	-1047.76038	-849.65790	1046.37158	-1159.28357	-296.09589	814.61816	-1056.91125	-878.64319	800.38623	-1078.67468	-564.88684	977.43866	-998.84979	-690.94147	955.10059	-1039.30542	-528.46954	917.37378	-1276.45532	-554.45520	449.10486	-943.42340	-602.34369	91.52734	-940.01031							
186	1.850	-720.34094	1530.19592	-942.81018										-457.49014	1405.59106	-1049.62805	-779.86298	1375.29053	-1112.94592	-626.18201	1273.18054	-1022.00458	-613.37262	1387.87854	-1197.08984	-332.98837	1057.50879	-1038.89502	-852.93201	1043.95386	-1149.27039	-296.18146	812.29584	-1047.68396	-882.49988	798.99066	-1069.18994	-569.49518	975.21912	-992.35944	-693.94531	953.22577	-1030.96204	-529.88263	916.46661	-1268.15137	-559.37622	447.02158	-935.79022	-607.53394	87.20594	-916.62744							
187	1.860	-721.96124	1529.00330	-932.68884	-614.96051	1465.40100	-840.20087							-460.58206	1404.82581	-1040.96521	-782.23340	1373.65161	-1105.16455	-629.60919	1271.49353	-1013.11853	-615.55579	1386.07275	-1187.75574	-334.90353	1056.49402	-1029.26147	-855.89752	1042.58936	-1141.77710	-299.55325	810.26221	-1036.71765	-884.98718	797.88739	-1060.70032	-574.33466	972.23016	-981.96100	-698.51569	951.54901	-1022.90979	-531.34656	914.44556	-1257.35303	-561.57806	445.01291	-929.75537	-613.16559	83.67149	-892.60120	-842.58533	276.56119	-818.85980				
188	1.870	-723.72345	1527.46619	-922.08527	-615.35736	1463.29810	-829.14258							-464.11090	1402.37537	-1028.77844	-785.41693	1371.62097	-1096.24780	-632.96466	1268.69983	-1003.26910	-617.64740	1383.94287	-1177.68799	-337.52887	1054.77258	-1018.78107	-859.62378	1039.61365	-1131.78149	-299.40402	810.24542	-1031.72534	-887.72559	795.92944	-1052.12952	-578.27539	970.26794	-973.24811	-702.76270	950.35181	-1014.80646				-565.34167	443.30835	-916.61786										
189	1.880				-622.59363	80.17327	-849.82660							-467.19095	1400.19128	-1017.62653	-787.49567	1369.67102	-1087.74341	-636.74823	1267.55078	-993.54895	-619.44769	1381.91187	-1167.37756	-339.24951	1052.91638	-1009.53363	-862.58173	1037.81824	-1124.27808	-300.90887	807.61859	-1020.87933	-891.11902	794.50977	-1043.69788	-582.28607	967.17688	-964.82495	-705.18610	948.10815	-1007.92358				-567.88446	441.12582	-903.27252										
190	1.890	-726.89960	1524.78943	-899.98785	-624.53644	81.96381	-829.36731							-469.73645	1398.33655	-1006.71210	-789.61896	1367.98157	-1078.96301	-640.22137	1265.61658	-985.39624	-621.11761	1380.29431	-1157.64819	-341.44534	1050.97070	-999.46313	-865.38867	1036.16565	-1116.62500	-302.59149	806.29761	-1010.36835	-893.50092	792.24908	-1035.62402	-585.13531	964.56769	-953.42426	-707.91925	945.93427	-998.73352	-535.63971	910.60858	-1230.14148	-570.93921	438.65317	-891.25256										
191	1.900													-472.40872	1395.48376	-994.84955	-792.06238	1365.73206	-1069.73474	-643.02673	1262.59351	-973.56580	-622.70648	1378.18835	-1146.89563	-343.72861	1048.62512	-988.47217	-867.90741	1034.30994	-1108.68909	-302.45407	803.41089	-1001.65674	-896.45410	790.45453	-1027.44324	-589.44330	962.50842	-943.09686	-711.84564	943.87097	-990.42474				-572.95282	437.57776	-879.68243										
192	1.910													-475.35620	1394.00562	-984.53583	-793.51843	1363.77771	-1060.15747	-645.50354	1260.26453	-964.20020	-624.19739	1376.19592	-1136.23718	-345.84360	1046.70276	-977.76416	-870.34576	1032.65662	-1100.71533	-303.81552	802.24500	-993.45160	-899.37433	788.82587	-1019.32751	-594.81775	959.65918	-935.60834	-716.44824	942.65894	-982.04327				-576.50659	436.10196	-866.61255				-632.19562	83.79807	-787.85992				
193	1.920													-477.45663	1390.54578	-970.81903	-795.81610	1362.13330	-1050.33044	-649.06555	1257.85669	-952.72144	-625.62024	1374.43518	-1125.40137	-347.76617	1043.76892	-966.72968	-872.43884	1030.78687	-1092.68933	-305.40445	799.42877	-985.56555	-901.80438	786.57977	-1011.83423	-598.67389	956.78870	-925.78546	-718.83185	939.96417	-974.05469				-580.12067	434.92157	-853.93158				-635.00433	82.32191	-765.91284				
194	1.930										-732.29340	1518.65808	-853.81744	-480.00516	1388.60413	-960.24341	-797.73895	1360.51392	-1040.20911	-651.02496	1256.25415	-943.59521	-626.96112	1372.64832	-1113.96606	-349.88126	1041.48975	-954.60516	-874.51892	1029.38867	-1084.47534	-307.22815	796.81732	-974.47400	-904.22687	784.62036	-1004.30261	-602.55280	955.49414	-915.08923	-723.70544	938.33594	-964.25232				-583.27148	433.74887	-841.48529				-638.08417	82.45966	-743.03046				
195	1.940										-732.48566	1516.33337	-841.18121	-482.28650	1386.17493	-947.10504	-799.25269	1358.90015	-1029.59814	-653.03058	1253.19153	-931.92456	-628.27917	1371.07312	-1102.40430	-352.16080	1038.80090	-943.23840	-876.29883	1027.74902	-1075.96533	-309.24185	795.37634	-965.16504	-906.30914	783.18341	-996.67114	-606.47955	953.08240	-902.29736	-726.54913	936.33130	-955.42316	-544.68982	901.78314	-1178.57642	-586.66626	431.99548	-830.48962				-639.84808	83.46063	-723.93683				
196	1.950										-733.22211	1514.69421	-828.23309	-484.13635	1382.77136	-933.24017	-800.99292	1357.85168	-1018.44458	-656.51190	1250.89038	-920.05096	-629.63263	1369.56201	-1090.36450	-353.53659	1036.04736	-932.70673	-877.82867	1026.87781	-1066.95422	-309.61099	792.85278	-957.14819	-908.21149	780.76117	-990.03430	-610.15094	950.08698	-896.69214	-729.89105	933.82343	-944.82892				-590.63263	431.03232	-816.85632				-641.66003	83.84408	-702.27966				
197	1.960										-734.26196	1512.82642	-816.13965	-485.85397	1380.31665	-922.34052	-803.23187	1356.65820	-1006.80566	-658.71533	1249.79688	-909.07947	-631.16089	1368.18213	-1078.58264	-355.93555	1033.31519	-920.03070	-879.55298	1025.44995	-1057.97095	-312.95193	789.04932	-942.07800	-911.29706	780.14819	-981.63892	-612.46375	950.34174	-879.13867	-733.83295	933.52582	-935.35193				-594.45032	430.23764	-804.00311	-537.46539	1036.29590	-1430.91699	-642.38257	85.07847	-684.15784				
198	1.970										-734.70984	1511.27747	-803.25079	-487.22797	1377.64771	-908.84912	-804.60352	1356.07727	-995.18634	-660.97467	1247.95813	-897.91010	-632.67163	1366.96130	-1065.94043	-357.93347	1030.40967	-908.27649	-880.84283	1024.99792	-1048.41638	-313.06171	787.24982	-934.67255	-913.39954	779.04315	-974.25610	-616.82935	947.90442	-871.30652	-737.55322	930.73712	-922.66486				-598.37299	429.25562	-793.04938	-539.87805	1036.17920	-1423.55310	-644.29016	86.32690	-667.91400				
199	1.980										-733.29327	1508.23108	-789.45947	-489.40106	1375.56726	-896.96393	-806.82751	1355.67798	-983.06238	-663.28064	1246.18152	-884.89618	-634.27240	1365.68518	-1053.62720	-360.25012	1027.68542	-895.94659	-882.43591	1024.94141	-1039.73657	-315.96326	783.64441	-922.51160	-915.75781	777.94281	-967.97437	-620.67242	946.91528	-861.15845	-740.89844	929.36963	-911.02222				-602.45264	427.52502	-780.30597	-542.47162	1036.09399	-1415.91479	-636.23883	95.84915	-661.05042				
200	1.990										-735.44299	1508.13367	-777.55402	-490.77841	1373.12073	-886.13385	-808.51099	1355.20190	-969.85217	-664.41730	1243.86523	-873.54016	-635.88300	1364.83203	-1041.37256	-359.78049	1026.01929	-882.15265	-884.08710	1024.44507	-1029.33044	-318.71463	781.59717	-909.75500	-917.33521	777.17114	-959.70764	-622.99298	946.54871	-847.04456	-744.44159	928.07874	-899.02557				-604.79773	426.22913	-769.00220	-545.12476	1036.01709	-1406.21741	-637.12939	97.29869	-646.15295				
201	2.000										-736.23895	1506.90906	-764.25275	-491.62796	1371.00793	-873.39185	-809.97980	1355.04553	-957.29425	-666.14105	1243.40625	-861.41577	-637.68445	1364.03613	-1029.43958	-361.38916	1023.38379	-869.08136	-884.90869	1024.41882	-1018.80371	-320.66278	779.44580	-898.59973	-919.35748	776.57074	-952.40216	-626.26563	947.57806	-834.37860	-747.04944	927.65454	-885.93365	-563.86932	889.61151	-1102.59888	-606.53314	425.46271	-757.87842	-768.00800	488.98004	-1211.27319	-638.41248	99.21002	-630.88470				
202	2.010										-733.09253	1503.92139	-749.98547	-492.79907	1369.32495	-861.71710	-811.43744	1355.18982	-944.24939	-668.32715	1241.83093	-848.40869	-639.33063	1363.00549	-1016.93066	-363.94168	1021.20227	-858.27356	-886.88464	1024.77209	-1008.36523	-323.45102	777.42212	-886.04333	-921.82642	775.12653	-945.28003	-628.98285	946.97528	-822.35901	-749.99597	926.61432	-871.93060				-609.92517	423.30487	-745.87018	-771.25482	490.36572	-1201.41589	-637.26819	101.24330	-612.89075	-551.38190	1036.23999	-1386.49561	
203	2.020										-735.95074	1504.90088	-737.81378	-493.56821	1367.85352	-850.38855	-812.84473	1355.18970	-930.53302	-670.17804	1242.37463	-835.17664	-641.01215	1362.30981	-1004.05939	-365.31677	1019.17798	-846.58539	-888.88586	1025.28333	-997.20831	-321.81943	780.73993	-862.41553	-923.00928	775.34363	-937.32623	-631.14935	946.49963	-810.55719	-752.89270	925.61597	-857.78107	-571.19690	888.59039	-1075.78284	-609.09625	424.21777	-730.81610	-773.79944	492.06281	-1189.25269	-640.86945	101.89693	-598.65845				
204	2.030										-735.86597	1504.80530	-724.28772	-494.15204	1367.84314	-840.50751	-814.10437	1356.18591	-917.39264	-671.52893	1243.33557	-823.96149	-642.80603	1361.75037	-991.67621	-367.63394	1017.71051	-834.07617	-890.97339	1026.10742	-985.46899	-324.06534	777.81818	-849.66449	-924.79889	775.14618	-929.29871	-633.01276	946.72546	-795.75916	-754.53021	925.47876	-843.13257	-572.39746	889.66693	-1060.43750	-610.90363	421.45093	-720.51459	-776.33752	492.92017	-1174.66736	-643.47443	101.41636	-586.31635				
205	2.040										-735.80493	1505.06714	-711.09259	-493.92407	1367.10815	-827.43286	-815.57208	1357.43799	-903.80762	-672.52393	1243.40344	-809.17706	-644.48053	1362.07776	-978.76434	-369.33441	1017.06079	-822.52185	-893.23364	1026.99292	-973.72009	-326.57361	777.04449	-838.27496	-925.91858	774.83710	-922.23151	-633.67847	946.36639	-780.07410	-756.62836	925.46594	-828.19379	-578.11816	890.45618	-1049.27820	-612.42529	419.92273	-713.90564	-778.53442	494.11951	-1159.66235	-647.43768	102.27772	-576.04034				
206	2.050										-732.58612	1504.70142	-696.26422	-494.24701	1368.11951	-816.54248	-816.76062	1359.27771	-889.88080	-673.97992	1245.12000	-796.07666	-646.42273	1362.96851	-965.89465	-371.73895	1016.80585	-811.04871	-895.49963	1028.66907	-962.40790	-333.37872	772.30798	-843.56769	-928.50177	775.20490	-913.83356	-633.34735	946.31232	-768.32629	-756.92200	925.51172	-813.09174	-578.77661	891.59033	-1033.48059	-611.92816	418.94382	-703.64093	-780.01691	495.24118	-1143.45654	-650.93463	99.98925	-566.29681				
207	2.060										-735.25708	1507.70251	-683.04999	-495.41647	1369.14026	-805.49554	-818.61078	1361.35999	-875.52130	-674.54065	1246.66199	-784.25616	-648.53674	1364.45166	-952.85077	-373.78696	1017.30780	-799.63116	-897.74365	1030.43774	-949.70392	-336.82730	772.81189	-828.48334	-928.44415	776.44946	-905.70026	-633.49048	945.94812	-755.73462	-758.43567	927.71429	-798.01166	-582.45953	893.12451	-1020.44073	-610.31110	420.25027	-694.69238	-781.71082	495.68115	-1125.24585	-652.70673	99.69626	-557.30017				
208	2.070										-734.90448	1509.42639	-669.99445	-496.33875	1370.84436	-796.26154	-820.24225	1362.91150	-860.49817	-674.89746	1247.86804	-770.18427	-650.85406	1366.11658	-939.92212	-376.38858	1018.11066	-787.64960	-899.62128	1033.12744	-937.78809	-340.37479	774.97388	-815.56244	-930.16302	778.16492	-897.89459	-631.39404	946.56110	-741.07672	-758.13214	928.16113	-784.05682	-586.66425	894.28534	-1007.68042	-609.76324	422.22791	-684.40515	-784.07880	497.01956	-1108.57776	-656.10693	100.42368	-551.47473				
209	2.080										-731.27216	1508.54163	-655.53278	-497.25122	1372.34644	-785.46936	-821.18176	1365.17139	-846.04572	-674.19586	1248.70361	-757.94598	-653.29572	1368.18640	-928.06757	-377.95453	1019.95483	-776.97021	-902.80426	1036.52466	-925.67712	-342.31970	780.37512	-796.36438	-930.46747	779.45490	-889.65057	-632.26709	946.80640	-730.32507	-758.44159	930.49243	-769.23798	-590.95044	895.26312	-995.15070	-608.51123	424.65961	-673.29968	-786.59436	498.36429	-1091.68689	-659.26691	100.53501	-545.84943				
210	2.090	-619.25592	1432.65710	-568.60675							-731.30151	1509.14868	-643.60577	-498.05856	1373.44250	-772.91010	-822.28900	1366.56653	-830.68988	-675.30573	1250.94690	-746.23303	-655.76447	1369.78381	-916.43341	-380.57901	1021.71246	-766.18616	-904.75580	1039.02588	-912.66040	-345.85019	782.21167	-782.48090	-931.88422	782.03632	-880.47015	-631.26849	950.81128	-718.59650	-758.28583	931.84137	-755.15179	-595.06702	896.43176	-983.56543	-608.53265	425.96970	-662.79102	-788.60687	498.64505	-1072.36462	-661.20129	101.01001	-541.18652				
211	2.100										-729.48175	1508.48267	-630.87122	-498.82745	1375.81946	-764.14355	-823.01941	1368.12939	-816.25555	-674.64362	1252.74731	-734.27307	-658.14471	1371.53333	-905.07867	-383.79776	1023.59851	-754.60016	-906.59033	1041.32593	-898.89630	-349.02591	784.12079	-768.72162	-933.48792	785.08496	-871.73315	-631.65057	954.68872	-704.39282	-758.23218	934.05121	-741.69855	-598.79718	897.40253	-971.91687	-607.63184	429.34134	-650.49481	-789.73175	500.48007	-1054.33557	-664.82153	99.63375	-537.50061				
212	2.110										-729.77545	1508.91040	-619.49274	-499.72855	1377.61340	-756.15112	-824.06506	1370.14185	-803.24213	-674.48285	1253.96570	-722.03003	-660.49622	1373.01074	-893.67059	-385.80893	1025.49243	-743.44196	-908.61218	1043.63306	-885.38574	-348.75430	786.28796	-747.93176	-935.10199	787.54144	-862.18005	-630.49744	957.10406	-691.74640	-757.31219	935.33905	-727.54395	-602.56934	897.79150	-960.53137	-607.93475	429.63333	-639.48370	-791.44434	500.46777	-1031.80017	-667.06586	99.14182	-533.20441				
213	2.120										-728.86151	1509.80029	-607.38928	-500.34381	1379.67053	-746.93896	-824.59912	1371.77625	-789.85419	-673.82068	1255.90454	-710.54163	-662.76776	1374.34875	-882.89972	-387.11197	1026.94043	-733.07123	-910.77692	1046.04785	-871.36395	-354.79749	788.81915	-741.21570	-937.15057	789.68201	-852.23047	-630.00604	960.36383	-681.59204	-757.50330	938.17670	-714.95685	-606.11774	897.95758	-949.01184	-607.61700	429.93893	-628.07190	-792.40649	499.76501	-1008.73114	-670.87463	97.51211	-528.99060				
214	2.130	-615.45862	1433.12756	-524.43347							-728.50104	1512.44678	-595.82733	-501.24103	1381.60388	-737.52448	-825.55731	1373.38196	-777.92175	-673.42822	1258.16040	-697.97913	-664.69861	1376.15369	-872.67603	-389.08942	1028.26111	-722.89227	-913.18750	1047.80029	-857.67310	-356.95447	790.71747	-726.54565	-939.02710	791.12946	-842.06757	-630.78522	963.89020	-671.11188	-756.83606	939.55652	-701.05048	-608.84985	898.42004	-937.39722	-607.45331	431.64966	-617.32361	-794.06396	498.82681	-986.67841	-673.02521	95.67911	-527.42651				
215	2.140	-614.65057	1436.30591	-513.97101	-638.56689	1626.85974	-759.96271				-726.89221	1513.10547	-583.75867	-501.31683	1383.62476	-728.65198	-826.80432	1375.33557	-766.16779	-674.70618	1261.41492	-686.61639	-666.63403	1377.66748	-862.38190	-389.74109	1030.82947	-710.88989	-915.25629	1049.07458	-843.49695	-358.82852	793.00018	-711.40375	-939.34503	790.94904	-831.91821	-628.77374	965.40332	-658.37946	-757.43182	942.31696	-688.39636	-611.16425	898.63141	-925.68994	-606.52588	432.15167	-607.75616	-795.72772	497.48047	-964.38062	-674.96625	94.08446	-524.55542				
216	2.150				-638.59265	1629.28430	-748.20068				-725.99591	1514.90466	-572.22705	-501.94733	1385.59863	-721.28101	-827.46832	1376.53369	-753.59052	-674.79242	1263.88257	-675.25769	-668.49097	1378.95288	-852.00714	-390.94699	1032.63013	-700.26874	-917.46295	1050.26160	-830.09528	-358.43338	796.00647	-689.97607	-942.00055	793.62653	-820.85303	-629.18506	968.36371	-646.76288	-756.31030	943.73468	-674.88556	-613.06842	899.06555	-914.04681	-605.69086	432.81985	-599.32666	-797.19604	495.07266	-941.46179	-677.50342	91.65840	-521.80511				
217	2.160	-612.11096	1437.13879	-495.96875	-638.64294	1631.87097	-737.32227				-725.05505	1515.75134	-561.34100	-501.66360	1387.21802	-711.46393	-828.93787	1379.32556	-743.15100	-675.53638	1266.88928	-663.59009	-670.09351	1380.66626	-841.65686	-391.08917	1034.55005	-690.42114	-919.79004	1051.80103	-817.89069	-361.85852	798.55212	-683.56232	-944.35107	796.04413	-810.79480	-627.28741	970.21167	-634.20197	-755.60309	946.88403	-662.87787	-614.83099	899.84210	-902.10242	-604.23065	433.14581	-591.88629	-800.05676	492.89380	-918.60095	-677.50696	91.32842	-520.97583				
218	2.170	-610.48230	1438.36365	-487.26767							-724.47479	1517.63025	-550.44867	-502.19208	1389.99609	-705.06207	-829.53619	1380.92969	-731.08295	-675.84894	1269.94543	-651.97266	-671.51160	1382.69885	-831.70050	-391.60681	1037.39514	-680.39679	-922.02863	1053.63745	-805.49213	-360.71677	801.33777	-664.64392	-944.80109	796.88690	-799.61261	-627.57251	971.92670	-627.00934	-755.37134	948.85248	-650.80896	-616.15631	902.09625	-890.92865	-603.57147	431.69302	-585.75708	-802.90039	490.24472	-894.19092	-679.95404	86.85741	-529.45587				
219	2.180				-638.55090	1637.61646	-714.65564				-723.20294	1519.07959	-539.43823	-502.27325	1392.44006	-696.19873	-830.43524	1383.46899	-720.23474	-676.72675	1272.85791	-641.28473	-672.81818	1384.84961	-821.38177	-391.46136	1039.77551	-669.59576	-924.00946	1055.96277	-794.45325	-361.02078	804.81396	-645.30383	-946.79236	799.46240	-788.34979	-626.66528	974.36676	-611.14752	-754.67352	951.31378	-637.54840	-617.74896	903.61700	-878.80371	-599.74915	432.72513	-578.47345	-805.12091	487.09775	-869.37262	-679.96075	86.78727	-529.36566				
220	2.190	-607.01605	1437.77527	-467.28946	-638.36163	1640.72595	-703.54370				-721.36914	1521.29688	-528.36017	-502.43094	1394.93054	-685.72943	-830.66144	1385.78137	-708.79480	-675.31561	1275.64661	-630.33765	-674.06531	1386.99268	-811.07208	-391.36356	1042.34070	-659.47064	-925.85229	1058.37488	-783.64667	-364.91656	808.59644	-638.64178	-949.71118	802.26428	-777.91949	-625.07416	976.21191	-600.29803	-754.36096	954.35889	-625.02368	-619.40125	905.92377	-868.18793	-596.59790	432.70908	-571.80164	-808.89764	486.23346	-842.92377	-679.59174	86.85353	-528.49225				
221	2.200	-606.57507	1437.86218	-457.81714	-638.23718	1643.38403	-692.82532				-720.79126	1523.18433	-517.62500	-502.49197	1397.91589	-678.12445	-830.93860	1387.12769	-698.40955	-674.94794	1278.58716	-619.87476	-675.04327	1389.54565	-801.44928	-391.19574	1045.70996	-648.95258	-927.24158	1061.44360	-773.28156	-362.75766	812.77136	-616.37177	-950.05304	803.95673	-766.75641	-624.77844	979.24207	-590.55115	-754.47308	957.36761	-613.00977	-621.15759	907.79535	-856.85376	-595.36304	431.21799	-571.47827	-814.04443	486.70844	-816.34943	-679.15076	86.62795	-528.20288				
222	2.210	-604.29602	1439.42603	-449.41595							-719.20276	1525.24292	-506.93256	-502.39819	1400.41357	-668.71411	-830.93774	1389.82556	-687.36603	-674.81250	1282.02893	-609.91632	-676.01019	1391.93628	-791.56122	-390.54547	1049.32104	-639.06030	-928.23383	1064.48987	-762.27448	-365.25980	811.60272	-620.79132	-952.79205	807.91467	-755.88702	-623.63263	981.82098	-579.30560	-754.46661	961.34290	-601.77826	-623.03210	910.41876	-846.58252	-590.90326	432.70480	-562.85870	-820.47760	487.91980	-787.66687	-677.55560	86.20738	-527.78925				
223	2.220	-602.71857	1440.66919	-440.64569	-637.47552	1649.29224	-671.21808				-717.33514	1526.76196	-496.19589	-502.04343	1403.64221	-662.13367	-831.34521	1394.42273	-675.79993	-673.07001	1284.91089	-599.85675	-676.85181	1394.57092	-781.90955	-389.27039	1053.33374	-630.07770	-928.71405	1067.69360	-751.45435	-367.87463	815.84143	-605.62939	-953.29846	810.67621	-744.57617	-623.00311	984.67200	-570.17969	-753.56641	963.74408	-589.25110	-624.76581	913.47522	-835.95215	-587.39105	432.52359	-559.87677	-827.77991	490.85785	-758.69153	-676.47650	86.16777	-528.50708				
224	2.230	-601.13727	1441.91687	-431.86841	-637.12231	1652.07837	-660.59113				-716.23413	1527.91248	-486.07083	-502.14590	1405.95764	-651.23132	-832.08429	1396.59692	-665.80988	-671.87518	1288.00891	-590.44501	-677.52527	1397.42773	-772.29181	-389.38626	1056.89368	-619.97589	-929.35797	1071.11047	-740.89819	-365.80569	820.89453	-592.96625	-956.31219	815.17059	-732.85541	-621.65613	988.30267	-557.85553	-753.91486	967.69928	-577.08130	-626.77740	915.71149	-825.01794	-583.01172	431.80994	-554.52875	-836.24811	493.80829	-727.75342	-674.95850	84.82114	-528.85150				
225	2.240	-598.99353	1444.66907	-422.69330	-636.44446	1654.82153	-649.33130	-516.35425	1543.83179	-591.10242	-713.62689	1529.62488	-475.08734	-503.01770	1407.94543	-649.34290	-830.89276	1399.96277	-654.43695	-672.08954	1292.01917	-578.19843	-678.04657	1400.08850	-762.64380	-388.59839	1059.97058	-610.04419	-930.12360	1074.55298	-729.72369	-366.28476	825.01648	-580.31293	-957.04242	818.21576	-720.50726	-621.77643	991.49268	-548.14856	-753.44653	971.00549	-567.62439	-628.60803	918.68170	-814.56549	-579.93225	432.20602	-552.25037	-845.09387	497.94672	-695.93549	-672.38074	85.86134	-529.04291	-813.84973	239.97342	-897.32806	
226	2.250	-596.38861	1446.14966	-413.40762	-635.64172	1657.62573	-638.43915	-515.26965	1546.48523	-582.10382	-713.09619	1531.54504	-465.23199	-501.47058	1410.27600	-638.44849	-830.76709	1404.03735	-643.91376	-669.49933	1293.78857	-568.70410	-678.51868	1402.50098	-752.86200	-387.34607	1063.23535	-600.56122	-930.53174	1078.47693	-718.21777	-365.78494	830.49939	-565.89233	-958.70245	821.77240	-708.48224	-621.42004	995.37665	-538.13452	-753.70447	975.12823	-555.71515	-630.31439	921.61993	-803.68024	-576.09454	431.89502	-549.13904	-855.32513	504.29282	-665.22137	-670.22559	85.00771	-531.35083	-822.78625	242.56587	-865.05957	
227	2.260	-595.25940	1447.05103	-405.30936	-634.62756	1660.42224	-627.43750	-514.07898	1548.48682	-572.53888	-710.44238	1533.35071	-454.45767	-501.88989	1413.37402	-630.30548				-671.23468	1294.50891	-571.99750	-678.92694	1405.10156	-742.88458	-386.34985	1066.55371	-591.15686	-930.86890	1081.69727	-706.05847	-360.51874	839.87122	-535.83917	-960.75281	826.52045	-694.95074	-621.26880	998.45172	-528.39038	-752.80151	977.63373	-542.71887	-632.25635	924.52216	-793.68903	-571.47516	432.32294	-546.66644	-864.27594	509.87173	-634.32141	-668.73523	84.79250	-530.73810	-831.69446	243.95094	-831.91632	
228	2.270	-592.73065	1447.34424	-394.71860	-633.55615	1663.00488	-616.96832	-512.87390	1550.88037	-562.92291	-709.24713	1534.80347	-444.37369	-500.88785	1416.52454	-620.59570	-829.32166	1411.61609	-621.48029	-668.78973	1297.44519	-556.22516	-679.20422	1407.27380	-732.82996	-385.13077	1069.51147	-581.93121	-931.24957	1085.07361	-693.64240	-364.49078	839.20972	-538.86847	-962.32776	830.12134	-680.49835	-621.80255	1002.26453	-517.94769	-752.83508	981.67950	-532.41510	-634.32037	927.16376	-783.84839	-568.33417	431.33032	-545.52130	-872.92664	516.97852	-602.66205	-664.83051	84.51527	-531.69189	-840.47943	245.27710	-799.65204	
229	2.280	-590.41754	1448.42920	-384.20667	-632.36011	1665.45337	-606.43915	-511.55566	1552.92163	-553.32800	-708.01276	1536.88867	-433.65482	-500.06311	1418.40930	-612.93811	-828.79602	1414.43274	-610.37384	-669.11462	1299.09753	-551.12024	-679.29926	1409.60388	-722.79309	-384.06369	1072.86487	-573.13672	-931.86670	1088.62939	-680.65472	-362.99689	843.26349	-528.49323	-962.81500	832.69952	-667.55353	-620.82458	1005.20972	-505.97226	-753.41827	985.73706	-521.10693	-636.49774	929.28223	-773.33984	-563.79242	431.79202	-543.11237	-879.01837	526.63593	-575.52130	-662.36017	84.29922	-533.12555	-848.82355	245.85718	-766.48206	
230	2.290	-588.84723	1449.89380	-375.41489	-631.11731	1667.57288	-595.38062	-510.01904	1554.54333	-544.80902	-705.38934	1537.17664	-422.97464	-499.92825	1419.52661	-604.36774	-827.76111	1417.61499	-599.72034	-668.21582	1302.61658	-539.45172	-679.28900	1411.43738	-712.58105	-383.85364	1074.96313	-562.54327	-932.67169	1091.96252	-668.23547	-360.97577	846.61005	-517.71875	-964.90533	836.30914	-652.90839	-620.62933	1007.53046	-497.04419	-751.70856	987.79224	-509.70697	-638.75153	931.51068	-762.94550	-560.39130	431.18057	-542.79315	-883.51617	536.84637	-549.06104	-657.98218	84.18905	-534.85315	-858.16931	246.05577	-734.22528	
231	2.300	-587.87964	1450.31995	-366.10327	-629.64972	1669.68555	-583.97095	-508.55792	1555.98975	-533.93420	-702.68903	1538.18176	-412.29959	-498.82141	1422.85132	-595.18481	-826.29407	1419.96704	-588.12500	-666.27850	1304.26672	-532.10553	-679.03912	1413.46655	-702.69879	-382.05957	1077.09436	-552.12622	-933.29437	1094.97595	-654.93439	-360.25613	849.86346	-503.69904	-967.00183	840.54541	-638.76654	-620.39331	1010.20319	-487.96664	-752.09186	991.08038	-497.90494	-641.21588	933.29901	-752.84619	-556.43781	431.89557	-541.97388	-886.64246	546.74396	-522.66077	-654.00183	83.53814	-536.51434	-866.61517	243.02191	-701.91772	
232	2.310	-586.33191	1450.12671	-355.69812	-628.22632	1671.17126	-573.09882	-507.02399	1557.55835	-524.01251	-700.63855	1539.69507	-401.82401	-497.86804	1424.15759	-587.21277	-825.47070	1423.11694	-577.49609	-665.06165	1305.81519	-522.02344	-678.69098	1415.27234	-692.46002	-380.52594	1079.70642	-543.18365	-933.59381	1097.67188	-641.71063	-359.80511	852.24963	-494.67148	-968.71625	843.44330	-623.65198	-619.15826	1012.80945	-477.67563	-751.58154	994.23163	-487.16809	-643.63464	934.75647	-742.79614	-552.75897	431.00165	-542.29462	-887.64478	556.29834	-497.58167	-650.39099	83.14739	-537.10016	-875.17926	240.78441	-669.37378	
233	2.320	-584.67340	1452.04443	-346.22711	-626.68823	1672.53442	-562.56464	-505.39914	1559.24402	-514.62103	-699.50403	1540.43469	-391.97757	-496.63437	1425.52002	-577.95026	-824.30023	1425.29810	-566.28857	-664.09625	1307.95984	-509.56400	-678.29266	1416.75500	-682.42139	-379.50745	1081.11218	-533.04071	-934.07843	1100.40637	-628.59119	-358.03641	855.94244	-478.31711	-969.92578	846.59808	-609.27155	-619.23456	1013.52039	-468.73026	-751.37909	997.23438	-475.81342	-646.08331	936.29492	-732.62506	-549.59344	430.95761	-542.11926	-887.60645	565.85760	-474.93561	-646.37054	82.15713	-539.53772	-883.69562	237.77768	-635.36578	
234	2.330	-580.86420	1451.56885	-336.92230	-624.93585	1673.84851	-551.24994	-503.68497	1559.82947	-503.86697	-698.70209	1541.20386	-381.07974	-495.55710	1426.23657	-569.75366	-822.64435	1427.19958	-555.28369	-662.69128	1309.49927	-499.20926	-677.86749	1417.49292	-671.59351	-379.04312	1081.99719	-523.59778	-934.91241	1103.10913	-616.27515	-356.58609	856.72351	-469.36572	-971.26202	849.11005	-593.71417	-617.22992	1014.83606	-457.63608	-750.95721	998.52905	-464.94208	-648.65997	937.61713	-723.12256	-544.13690	431.02850	-542.89459	-886.57788	574.25000	-453.10068	-641.03979	81.26379	-540.05658	-891.57904	233.18997	-601.10547	
235	2.340	-580.41559	1452.05872	-325.15060	-623.14691	1674.42346	-539.70679	-501.78723	1560.42456	-493.82712	-695.91827	1541.57727	-370.76666	-494.18762	1426.76489	-560.92883	-821.39978	1428.76624	-543.97528	-660.82861	1309.13611	-491.82434	-677.27075	1418.55725	-661.18976	-377.24850	1083.09546	-512.33282	-935.39642	1105.19336	-602.99231	-355.23358	857.96027	-458.04257	-971.98407	850.36084	-577.89307	-616.59924	1016.06873	-447.00479	-750.05878	1000.50092	-453.69345	-651.41095	938.20898	-712.91309	-543.21442	429.72153	-543.78253	-884.93365	582.24915	-432.90097	-635.56818	79.30187	-542.97101	-721.16949	20.81487	-487.69864	
236	2.350	-577.23987	1452.74292	-315.03091	-621.28046	1675.01685	-529.74677	-500.38376	1560.31165	-482.64050	-694.17902	1541.50964	-359.39832	-492.63083	1426.25098	-551.76404	-819.76825	1429.97815	-531.94537	-658.57422	1309.40955	-480.01288	-676.73279	1418.82813	-650.09259	-375.78894	1083.83325	-501.73505	-935.70569	1106.95166	-589.96619	-355.02917	859.72559	-434.57108	-974.73712	854.15692	-562.11322	-615.27386	1016.28094	-437.27240	-749.81317	1001.55426	-443.07474	-653.35364	937.43451	-702.64868	-539.30103	428.37595	-544.95355	-882.69928	589.71619	-413.82626	-630.38300	77.69561	-545.74390	-908.82166	224.33911	-533.26923	
237	2.360	-576.59875	1451.03394	-305.94525	-619.40289	1675.09485	-518.98041	-498.53799	1560.86780	-473.23346	-691.96063	1541.84460	-349.44235	-491.40146	1426.32556	-543.19452	-818.06537	1430.88513	-520.24182	-657.67706	1310.36084	-470.86642	-676.08844	1419.22498	-639.64435	-374.41336	1084.12305	-491.99765	-936.54932	1109.13000	-576.80133	-351.22345	859.57086	-436.37952	-975.70593	855.71497	-546.19928	-614.94287	1014.92487	-430.27814	-748.44861	1002.86853	-431.75912	-656.71747	937.66699	-692.28210	-535.75092	427.60483	-545.14600	-880.34961	595.82910	-396.01035	-625.14001	76.42879	-547.69592	-917.97498	218.45712	-498.54367	
238	2.370	-572.73254	1452.05029	-294.00027	-617.51221	1674.77551	-508.18756	-496.41821	1560.07764	-461.30933	-689.99207	1541.47327	-338.57172	-489.90643	1425.43933	-533.41547	-816.53229	1431.68555	-508.35141	-655.22003	1308.67322	-461.37961	-675.38184	1419.29028	-629.04114	-372.61627	1083.52979	-481.33597	-937.34570	1110.07959	-563.70776	-349.31665	859.84845	-424.69406	-977.56360	857.76819	-529.44855	-613.77521	1014.79205	-418.84399	-748.36896	1002.62311	-420.67426	-660.00049	937.55780	-682.72394	-533.67273	426.75836	-546.38489	-877.95770	600.80316	-379.04132	-616.17999	77.54725	-538.13538				
239	2.380	-571.18176	1451.78198	-282.64993	-615.46887	1674.16748	-497.41162	-494.31964	1559.20398	-451.28748	-686.99951	1540.88428	-327.41968	-488.40558	1424.29871	-524.06616	-814.83392	1431.83228	-495.80832	-653.91528	1308.51404	-452.64502	-674.74548	1419.03650	-617.89124	-372.65393	1081.91614	-471.83374	-937.65552	1111.01038	-549.88641	-344.37964	863.94116	-394.42514	-978.76093	859.87018	-513.55884	-612.82953	1014.11914	-410.86295	-747.73132	1002.52039	-412.80295	-662.38361	936.92328	-672.47992	-531.17328	425.41437	-547.20697	-875.25964	604.11078	-362.67038	-611.94366	75.57186	-541.41132				
240	2.390	-568.34326	1452.58679	-272.14270	-613.39276	1673.24084	-487.34418	-492.36655	1558.30347	-440.38919	-685.02600	1541.33301	-316.29861	-486.86172	1422.76489	-514.62677	-812.76086	1431.88477	-483.57080	-651.52301	1307.18445	-440.06567	-674.04047	1418.43799	-606.43396	-371.35132	1080.62512	-461.43866	-938.12640	1111.97937	-536.45154	-350.10461	858.15839	-390.11023	-979.43268	860.12555	-497.04733	-611.59393	1012.21826	-400.07739	-746.17279	1002.03223	-399.93640	-665.09393	935.77240	-662.09796	-529.50720	423.71716	-547.79309	-871.79968	605.74652	-346.69724	-607.20709	72.80520	-545.13409				
241	2.400	-566.35876	1450.54517	-259.50815	-611.34308	1671.90210	-476.98941	-490.17502	1557.81567	-429.66620	-682.24841	1540.06580	-305.02582	-485.44238	1420.56128	-504.71991	-811.07294	1431.34790	-470.69995	-650.35687	1306.07056	-429.06979	-673.36713	1417.53455	-594.85535	-368.51868	1079.82458	-450.76273	-938.89038	1112.48926	-522.88965	-344.02814	856.91504	-390.10263	-981.21356	861.56262	-480.97592	-610.34760	1011.79919	-390.97269	-744.75098	1000.15033	-388.28009	-667.91931	934.47949	-651.50275	-527.71252	422.41147	-547.72192	-869.20929	605.92981	-331.90363	-602.73663	71.56968	-548.13879	-952.54303	203.27106	-370.11108	
242	2.410	-564.38336	1451.65979	-250.65062	-609.15887	1670.69666	-466.93365	-488.16882	1556.11816	-420.19293	-680.06439	1540.41333	-294.24622	-484.00281	1418.73804	-494.65591	-808.95483	1430.16907	-457.76428	-649.22626	1304.39612	-417.45370	-672.61713	1416.69751	-583.30951	-366.93652	1077.58350	-442.28708	-939.45782	1112.40100	-508.50467	-341.62500	854.72028	-378.84576	-983.02838	862.68903	-463.65210	-610.76221	1011.29266	-382.28326	-743.87097	997.87451	-380.17059	-672.25934	932.56396	-640.05450	-525.95935	421.23779	-547.42920	-866.39294	604.76074	-318.66815	-601.35284	64.74084	-563.05981	-961.88629	195.72694	-339.23950	
243	2.420	-561.53766	1449.69885	-238.38806	-607.09009	1668.90173	-457.26083	-486.00757	1554.51758	-409.55896	-677.13824	1539.26440	-282.35077	-482.16385	1416.25269	-484.65994	-807.09845	1429.70752	-445.03464	-647.45374	1303.18018	-404.29147	-671.91138	1415.35193	-572.36865	-365.82565	1074.54724	-431.64722	-939.88611	1112.37903	-493.92813	-337.38422	857.56268	-350.92218	-982.99359	862.57599	-447.06290	-607.76044	1008.81018	-372.23483	-742.32086	997.38965	-368.30710	-673.65503	930.11115	-629.83740	-524.59265	419.68759	-546.81903	-860.83319	601.21332	-305.51193	-597.90338	61.84814	-566.56964	-967.32123	192.16508	-302.62036	
244	2.430	-559.41113	1448.56213	-225.98595	-604.89099	1667.12988	-447.01318	-483.79327	1552.71619	-398.24377	-675.00012	1538.10449	-271.63651	-480.42282	1413.79114	-473.99414	-804.96545	1428.42957	-432.28244	-645.90222	1300.68933	-394.80542	-671.26318	1413.77148	-560.56830	-364.42804	1072.40259	-421.77841	-940.52240	1112.11157	-479.37808	-334.83252	854.64539	-338.01697	-985.44366	863.83105	-430.60013	-608.20813	1006.76062	-362.19165	-741.42224	993.38849	-358.23032	-675.15173	928.55560	-618.65100	-523.41504	418.06577	-546.19543	-857.91974	597.64063	-294.40121	-602.54224	51.89610	-552.73663	-974.76782	188.32759	-271.05661	
245	2.440	-556.93164	1449.12891	-217.16878	-602.87408	1664.46240	-436.27228	-481.51260	1550.78772	-388.32114	-673.23682	1537.58423	-261.23132	-478.85507	1410.82971	-463.36295	-803.25446	1427.12390	-418.98709	-643.88184	1297.63477	-383.29526	-669.96960	1411.60913	-548.31830	-362.67804	1069.50244	-411.54956	-940.65015	1111.53943	-465.19086	-336.33658	847.21576	-346.10538	-986.53796	864.26465	-413.92520	-606.00092	1005.73340	-352.58682	-739.54883	993.13129	-344.04626	-676.55896	926.26001	-608.24677	-522.40991	415.99283	-545.31744	-854.88885	593.49426	-284.39172	-599.53918	47.68544	-554.56555	-982.72760	184.09001	-240.66722	
246	2.450	-554.88940	1447.14197	-204.44740	-600.68628	1662.22449	-426.28973	-479.78592	1548.43604	-377.82437	-670.30298	1536.60620	-249.79001	-477.24478	1408.06067	-453.28461	-801.10956	1425.52100	-405.63675	-642.18927	1295.25574	-368.79535	-668.99030	1409.77124	-536.42975	-360.95978	1066.38086	-402.22437	-940.87006	1110.70581	-450.45602	-335.02893	843.78760	-341.06631	-987.91217	864.20166	-397.08002	-605.06635	1002.70673	-341.86353	-739.50354	989.57495	-333.87128	-680.34558	924.75702	-596.90497	-521.12146	414.62131	-542.72009	-852.08289	586.94336	-276.41586	-592.82056	47.39961	-559.89209	-985.84729	181.62941	-207.81821	
247	2.460	-552.48773	1445.79272	-192.04353	-598.39362	1660.06250	-416.98431	-477.95508	1545.96008	-366.66705	-668.60352	1536.38501	-239.59314	-475.64694	1404.95520	-442.34396	-799.29456	1423.87000	-392.62726	-641.17499	1293.14453	-359.36472	-668.40204	1407.65356	-525.26654	-359.84177	1062.63647	-392.87585	-941.37952	1109.73450	-435.80118	-332.43613	840.80096	-328.85562	-989.08417	863.41003	-380.41046	-603.98651	998.89044	-332.89374	-737.30255	986.64294	-322.62048	-682.32086	922.74188	-585.82141	-520.70898	413.13324	-540.39227	-850.31488	580.13959	-268.15903	-588.76367	44.22429	-563.66199	-985.37164	181.71227	-176.56776	
248	2.470	-550.77478	1447.32910	-182.01854	-596.30023	1657.37976	-406.68854	-475.65884	1543.62878	-356.32654	-666.46021	1534.70276	-228.19844	-474.13345	1401.98584	-431.85757	-797.52441	1421.87512	-379.89709	-638.95740	1291.24072	-345.07776	-667.31189	1405.88635	-512.63409	-357.91843	1059.20618	-382.22079	-941.37604	1108.55750	-420.61526	-332.22028	836.47205	-323.16571	-990.15735	863.02380	-363.90643	-602.46484	996.86139	-319.80713	-735.65668	985.15698	-309.78702	-683.43683	919.76923	-573.78821	-520.20508	411.15762	-538.27435	-849.12604	572.18140	-261.95929	-583.43427	42.74143	-567.56110	-981.70715	178.59134	-148.34015	
249	2.480	-548.39606	1445.84143	-169.51382	-594.10077	1655.25525	-396.55566	-473.58429	1541.98621	-346.50513	-663.24091	1532.87854	-216.58705	-472.39343	1399.09900	-420.91428	-795.76587	1420.23914	-367.21222	-637.10559	1288.81787	-333.91455	-666.17963	1404.17773	-501.73105	-356.60159	1056.28943	-373.71600	-941.68091	1107.36072	-405.73352	-330.22641	832.12897	-312.24622	-991.46387	862.66119	-347.37451	-601.76044	994.48645	-310.05588	-734.71313	982.85248	-298.33325	-684.90265	918.20837	-562.31470	-519.93225	409.80927	-535.33264	-848.66064	563.27997	-257.69485	-580.25055	40.92046	-570.48706	-975.31134	178.17487	-117.85032	
250	2.490				-591.89575	1653.15210	-386.19107	-471.71964	1539.39417	-334.25665	-661.45410	1532.79016	-206.31042	-470.66260	1396.15222	-409.35999	-793.65472	1418.30151	-354.09439	-635.62830	1287.06531	-322.99954	-665.38879	1401.72021	-489.95615	-355.10147	1052.86389	-364.45685	-941.24994	1106.28564	-391.25015	-325.56204	834.11475	-284.36118	-992.77380	861.94165	-331.23322	-599.06201	990.47833	-296.90350	-731.64301	980.86383	-282.34427	-686.28326	915.94641	-550.93781	-519.55688	407.89163	-531.79303	-847.62244	553.95569	-253.42891	-573.50732	41.42552	-575.04529	-968.48151	178.76524	-90.10699	
251	2.500	-544.19171	1443.17590	-148.31198	-589.80029	1650.71033	-375.47113	-469.82281	1536.62085	-323.99677	-659.41418	1531.02271	-195.04567	-468.77661	1393.37134	-398.33890	-791.58301	1416.83569	-341.06943	-633.07745	1284.99597	-308.17102	-664.07623	1399.47351	-477.40363	-354.01425	1049.75684	-353.55814	-941.15479	1105.25159	-376.41580	-324.11200	830.33600	-277.96634	-992.91431	860.97498	-315.23022	-598.48260	987.00488	-285.66925	-731.74976	977.39508	-271.16937	-686.67590	913.05035	-537.92603	-519.22589	406.50629	-526.93121	-847.74817	544.16693	-249.70314	-571.65070	38.98434	-575.19061	-961.12573	180.79678	-64.89390	
252	2.510	-541.68744	1439.80371	-136.32372	-587.67212	1648.70740	-365.52686	-468.26328	1535.19897	-313.69635	-658.13892	1529.63269	-184.63617	-467.00702	1391.09058	-387.46417	-789.61908	1415.28748	-328.40424	-630.96735	1282.00012	-300.50046	-662.42279	1397.36023	-465.96222	-353.15485	1046.45789	-345.10132	-940.30579	1103.92310	-361.50989	-323.09201	826.27014	-268.55701	-993.65826	860.09473	-298.59415	-596.70630	984.48090	-274.97568	-730.80328	973.73773	-261.43872	-688.15979	910.85217	-525.54352	-518.83551	405.27017	-521.27490	-846.85120	533.71075	-247.92197	-568.27533	37.85352	-577.35730	-953.92078	185.87506	-39.75133	
253	2.520	-540.89996	1441.14307	-125.67149	-585.46899	1646.91516	-355.39749	-465.66220	1533.51306	-302.81052	-655.92157	1528.64905	-173.59525	-465.03918	1388.56177	-375.67874	-787.19836	1413.47900	-315.75351	-628.63110	1280.39087	-285.79858	-661.52643	1395.32776	-454.55444	-350.81027	1042.68542	-335.32684	-939.59521	1102.85925	-346.56430	-321.62643	822.25629	-263.71960	-994.44604	859.19202	-282.64023	-594.75507	982.23663	-261.00220	-728.08765	972.41205	-245.20013	-688.83173	908.87262	-513.00800	-518.67877	404.66867	-515.71106	-846.23022	525.50616	-245.92451	-564.32745	39.22395	-579.06702	-945.77509	191.26759	-19.52315	
254	2.530				-583.36670	1645.18835	-345.00116	-463.47601	1532.30164	-291.44806	-654.86548	1527.63782	-163.71819	-463.14374	1386.39624	-365.19788	-784.93182	1411.81677	-302.66605	-626.62738	1279.28259	-272.91486	-659.89044	1393.15491	-442.10214	-349.70190	1039.86780	-326.70377	-938.16254	1101.34143	-330.72290	-320.21802	818.83453	-254.97711	-994.46838	858.34991	-266.28049	-592.89490	979.82190	-247.36555	-726.57910	970.55365	-231.86127	-689.60315	907.37976	-500.05698	-518.58807	404.21478	-508.39102	-843.88428	520.94830	-242.61420	-563.63098	37.66914	-579.23267	-936.88788	197.51962	0.76444	
255	2.540	-537.33905	1439.06396	-102.79221	-581.27734	1643.44800	-334.47922	-461.40311	1529.97498	-281.36569	-652.71619	1525.97229	-152.42465	-461.52594	1384.74768	-354.03070	-782.86603	1410.45117	-290.05383	-623.71411	1277.98328	-259.27112	-658.83929	1391.22632	-430.84662	-348.06546	1037.73022	-316.92889	-936.88849	1099.89099	-314.73337	-319.77640	814.92993	-247.48520	-995.07544	857.59534	-251.00046	-591.44385	978.00836	-236.15277	-725.59637	969.67078	-219.89021	-690.52881	905.65784	-486.74973	-518.25708	404.06586	-500.57108	-839.07080	521.83575	-233.03922	-563.29163	38.47204	-579.41724	-927.40564	204.17906	21.41431	
256	2.550	-536.65454	1436.47473	-101.04480	-579.12714	1642.02283	-323.22577	-459.54401	1528.74341	-270.00403	-650.51532	1524.42029	-140.96524	-459.45456	1382.67017	-342.94492	-780.92438	1409.49158	-277.84232	-621.70953	1278.23596	-245.84738	-657.94818	1389.21191	-419.05438	-346.90985	1035.34131	-307.45432	-935.80823	1098.91992	-299.48242	-318.88583	810.74542	-239.88197	-993.01227	856.01379	-235.48294	-589.90216	976.31329	-221.92944	-724.31293	969.52795	-203.98932	-690.69525	903.75262	-472.80045	-518.45197	404.71759	-492.51266	-831.30017	524.23413	-220.72067	-562.21252	41.62723	-580.07349	-917.70258	210.53505	42.35792	
257	2.560	-532.66589	1436.90381	-81.93964	-577.07721	1640.95056	-312.00571	-457.05334	1527.39502	-258.90805	-649.38403	1524.06921	-131.04636	-458.84491	1381.79163	-332.76855	-778.59149	1408.65906	-265.51645	-619.23920	1277.60876	-235.07722	-656.50494	1387.31665	-407.23605	-345.74850	1032.77222	-298.44992	-932.38678	1097.62195	-284.62970	-321.53659	800.51685	-256.92801	-994.54871	856.45032	-219.20584	-588.64008	974.83759	-207.40218	-722.50757	969.71387	-188.53380	-690.54803	902.15973	-458.31656	-518.10657	404.77078	-482.78613	-822.37512	527.32196	-205.72469	-559.40967	46.85604	-582.90997	-907.45526	216.50963	62.40620	
258	2.570	-529.08594	1434.53577	-70.64447	-575.17236	1639.86707	-300.53363	-455.32971	1526.62146	-248.59633	-645.90741	1522.22351	-119.46309	-456.91428	1380.32751	-321.66479	-776.83099	1407.90662	-252.84814	-617.60931	1276.51794	-222.53903	-655.23865	1385.51501	-395.38052	-344.18573	1031.03638	-289.25470	-929.82202	1096.31750	-268.77515	-319.76523	799.33301	-249.51357	-993.51880	855.33868	-202.84102	-588.07947	973.55048	-194.57695	-721.70398	969.15314	-176.81018	-690.39276	900.37128	-443.48547	-518.25293	404.96106	-470.91003	-814.94800	529.63794	-190.36656	-559.13892	50.05088	-583.68372	-897.58344	222.06708	82.50101	
259	2.580				-573.17786	1639.03113	-289.47491	-453.43756	1525.64392	-236.93251	-643.65503	1520.71008	-107.56122	-455.07513	1379.01404	-311.31265	-774.73926	1407.00024	-240.07233	-615.61664	1276.09363	-208.20555	-653.61005	1383.82739	-383.15039	-342.93301	1029.55408	-280.48767	-926.60040	1095.47034	-254.00404	-319.57065	795.51050	-246.55212	-992.34863	855.26788	-187.42357	-586.12170	972.93311	-179.10025	-720.27075	970.63757	-160.18405	-690.48584	898.70605	-427.73029	-519.08606	405.37524	-459.21527	-808.07660	532.35687	-174.48363	-559.26117	54.75374	-583.06281	-887.35114	227.92903	100.58983	
260	2.590	-524.81622	1431.87964	-49.06366	-571.38916	1638.27405	-278.84650	-451.03226	1524.84290	-226.13799	-641.92621	1519.89233	-96.83068	-453.40994	1378.88013	-300.90063	-772.72339	1406.85205	-228.09607	-612.67242	1277.63013	-196.08662	-653.19678	1382.22974	-371.48404	-341.83884	1027.37915	-272.03339	-923.43256	1094.63232	-238.36252	-313.92548	798.34076	-224.65549	-991.32776	855.16516	-171.48848	-584.13745	972.67053	-163.60680	-717.98102	971.18066	-144.41217	-689.68915	896.19061	-411.81537	-519.89191	405.83447	-446.73822	-801.59344	533.45093	-158.70341	-559.22180	61.10886	-583.00946	-877.24945	233.29543	118.86523	
261	2.600				-569.49164	1638.12927	-266.55701	-449.67053	1524.38159	-215.21001	-638.98248	1519.25684	-85.22183	-451.43277	1377.73389	-289.39127	-770.67999	1406.60535	-215.73438	-610.48834	1276.84595	-183.07834	-651.65576	1380.93445	-359.06134	-341.46738	1026.22668	-264.21066	-920.32446	1093.39966	-223.38884	-313.07526	795.28668	-216.38780	-988.94659	854.65723	-154.90990	-583.00647	972.69971	-149.66693	-717.43494	971.33411	-130.96992	-688.63708	894.68573	-395.96008	-521.15149	406.54245	-434.23602	-796.61230	533.59192	-143.30942	-560.47345	66.72369	-581.15277	-866.01422	236.79263	136.99342	
262	2.610	-520.39343	1432.37695	-26.19825	-567.62964	1638.07104	-255.06932	-446.94144	1524.78760	-204.58466	-636.60736	1518.50256	-73.68806	-449.41898	1377.49512	-278.46332	-768.96826	1406.81409	-202.86240	-607.65686	1278.20410	-170.29642	-650.21661	1379.66003	-347.09830	-340.55664	1024.84509	-256.25314	-917.10498	1092.86133	-207.84393	-311.31924	792.74811	-211.76123	-986.30499	854.76288	-139.33876	-581.26068	972.53857	-133.76085	-715.11877	972.04779	-116.30692	-687.24365	893.25586	-379.72205	-521.88214	407.23096	-421.29803	-792.39545	533.82422	-127.87768	-549.82214	83.96517	-590.91650	-854.97839	240.67830	154.18350	
263	2.620	-516.76343	1430.44116	-14.96576	-565.49524	1638.69006	-242.62495	-445.04739	1525.29565	-193.37337	-633.54224	1519.16858	-62.07182	-447.23355	1377.52002	-267.93784	-766.92920	1407.49097	-190.12622	-605.32550	1279.28381	-158.41982	-648.96021	1379.12537	-334.24176	-339.41544	1024.01233	-248.26399	-913.96857	1092.81567	-192.63313	-313.41895	785.97052	-227.18863	-983.86163	854.75055	-122.55472	-578.55774	972.30432	-118.15488	-712.45746	972.29248	-104.39285	-686.54474	892.25745	-363.75882	-523.50079	408.19852	-407.19556	-788.80316	533.94635	-112.05576	-552.05725	91.44920	-586.89856	-843.72083	243.20988	169.96941	
264	2.630	-515.05695	1433.68774	-3.97147	-563.28296	1639.65405	-231.29262	-442.59494	1526.04260	-182.26692	-630.84198	1519.90234	-50.01751	-444.89789	1378.33289	-257.50162	-764.56323	1408.42615	-177.60152	-602.07623	1280.71118	-145.29398	-647.61493	1379.70056	-322.54541	-338.73593	1023.14966	-241.55864	-910.68707	1092.99731	-177.11546	-309.21826	788.17993	-205.60233	-980.49817	855.49042	-106.47673	-575.92163	973.17566	-103.94122	-710.25232	975.29913	-85.99060	-685.48755	892.49725	-348.86786	-528.86340	409.25870	-393.19473	-785.66284	533.85498	-96.23083	-551.56219	104.88077	-580.64484	-831.37598	244.50157	186.75755	
265	2.640	-511.33020	1431.81262	7.22963	-560.97125	1640.76489	-218.91840	-439.59561	1526.95264	-170.13255	-628.03949	1520.92603	-37.12868	-442.22391	1378.56580	-246.01643	-761.62396	1409.54602	-164.44772	-598.89545	1282.22522	-132.78281	-645.52087	1380.04016	-309.19553	-338.26035	1023.11090	-233.60947	-907.48267	1093.57385	-161.35455	-309.39005	787.45184	-202.42979	-976.36108	856.00818	-89.41619	-571.20575	973.81610	-85.87060	-707.17029	977.55927	-65.03922	-685.43097	893.12219	-334.30145	-534.65460	411.97552	-376.49811	-783.68042	535.69904	-80.36188	-558.11810	116.42573	-576.12378	-819.98529	245.64568	201.81903	
266	2.650	-506.84247	1432.27686	19.59713	-558.62921	1642.08594	-206.91385	-437.26474	1528.23572	-158.36105	-624.42352	1521.93420	-24.69395	-439.70181	1379.59167	-234.81909	-758.56158	1410.80981	-151.15298	-595.93835	1282.75549	-121.23057	-644.03223	1381.78564	-297.53564	-337.64307	1023.62750	-227.27934	-903.67554	1094.84387	-146.25751	-308.60962	786.67657	-200.08859	-972.03833	857.34912	-73.38926	-568.43097	974.12701	-73.36674	-704.54810	980.17365	-52.20607	-684.66516	893.33942	-319.34808	-541.51526	413.87192	-357.36581	-782.03180	537.09088	-65.13734	-562.22040	129.21355	-569.67462	-806.93976	245.29343	217.56082	
267	2.660				-556.40167	1642.57141	-195.08836	-434.58856	1529.16260	-147.37292	-621.03333	1522.71997	-12.16019	-436.74060	1380.82043	-222.42099	-754.82416	1412.05237	-137.90286	-592.44928	1284.92773	-107.42899	-641.37427	1381.94360	-284.79147	-337.13687	1023.50073	-219.56233	-899.87982	1096.33948	-130.50653	-308.50363	786.97888	-199.28105	-967.45569	859.46973	-56.47561	-565.17493	974.87006	-60.49912	-700.47852	981.04376	-36.66593	-684.66492	894.27435	-306.14310	-547.05322	415.25677	-338.40189	-781.26611	539.36053	-47.83453	-568.79236	143.61368	-560.63885	-794.86267	243.89532	231.15833	
268	2.670				-553.81519	1643.50195	-183.15681	-431.67291	1530.19299	-134.94751	-618.04572	1523.74792	-0.08645	-433.85229	1381.82043	-211.10059	-751.18317	1413.35791	-124.50525	-589.42609	1285.29688	-94.89506	-638.55225	1383.28271	-272.16824	-336.52600	1024.55615	-213.06525	-895.92407	1097.97375	-114.63637	-308.76205	787.20398	-196.99976	-962.50043	861.12872	-39.45570	-561.49634	975.57788	-48.53959	-697.64447	982.60199	-26.63358	-683.95288	895.12225	-293.06461	-553.35870	416.57693	-317.41064	-783.30798	546.51550	-34.01710	-576.39758	158.74303	-549.02606	-782.07141	241.71370	243.33586	
269	2.680	-497.42789	1437.58899	55.79338	-552.05615	1644.85767	-172.15236	-428.62659	1532.03088	-123.42152	-615.35144	1523.75366	11.24683	-430.61383	1382.69812	-199.81680	-747.14417	1414.86890	-111.42390	-584.65265	1285.88770	-82.81561	-635.74780	1384.71228	-260.10297	-335.59177	1025.19385	-206.21306	-892.85669	1099.75281	-97.96475	-310.39673	787.64777	-194.80315	-956.78949	863.19958	-21.79899	-558.30566	977.24225	-37.37851	-693.69177	984.67712	-12.09537	-682.67072	896.08984	-279.54926	-560.36444	416.31161	-294.73849	-783.02765	550.95380	-17.51218	-583.87726	173.52017	-534.26306	-768.19293	238.55710	255.73959	
270	2.690	-494.46622	1438.41223	68.13163	-548.17993	1645.75952	-160.10950	-425.23041	1532.82837	-110.93362	-611.57458	1524.58948	23.86831	-428.21292	1384.30603	-189.89702	-743.08771	1416.52588	-98.11562	-580.76984	1287.45105	-71.25947	-633.12164	1386.17810	-247.67625	-334.83939	1026.11169	-199.76347	-888.42078	1101.57178	-82.27106	-309.49988	787.61084	-196.54779	-951.36377	864.96680	-3.73175	-553.89368	979.15186	-27.72924	-689.81543	987.66687	-1.78347	-681.73370	897.50555	-267.47522	-567.61395	414.54715	-269.87106	-783.89600	555.42841	-1.96429	-590.99396	189.43651	-513.27289	-755.71289	234.15353	265.40091	
271	2.700	-490.10638	1439.68738	80.28976	-545.97345	1647.78491	-148.18230	-421.32144	1534.29785	-98.95263	-608.87347	1525.86121	35.01834	-424.37411	1385.59119	-179.30992	-738.76776	1418.01282	-84.33517	-576.62830	1288.88684	-60.02036	-630.08575	1387.94177	-235.67920	-334.29227	1026.52209	-193.16026	-883.94928	1102.84436	-66.17908	-309.87814	788.33057	-189.43010	-945.05658	866.67212	14.64825	-550.54193	980.99756	-19.01900	-684.44189	989.64642	10.20298	-680.73395	899.27808	-255.49982	-574.64502	413.25000	-243.87202				-599.40033	203.28894	-488.28333	-744.09552	229.42029	273.26077	
272	2.710	-485.76614	1440.41553	92.76214	-541.37714	1649.06763	-136.23769	-417.48166	1535.83057	-86.66528	-604.99408	1527.23181	47.82266	-420.72440	1387.18005	-169.20628	-734.28522	1419.85706	-71.86582	-572.51007	1290.95288	-47.21663	-627.18811	1389.78491	-224.29889	-333.07996	1027.68787	-186.36139	-879.26471	1104.60999	-50.73680	-309.97977	789.44928	-187.94775	-938.41711	869.06653	30.95480	-546.49646	982.92584	-9.07727	-680.44482	991.62256	21.85400	-679.59930	900.90833	-243.44482	-579.80853	411.73553	-217.17830				-604.68121	217.21774	-460.01431	-733.24542	222.47052	279.75146	
273	2.720	-483.22455	1443.03088	100.82738	-536.85999	1651.04724	-122.91064	-413.12137	1538.02185	-74.05739	-599.82178	1527.76489	59.97887	-417.32486	1388.96692	-159.72629	-729.39954	1421.52625	-58.81173	-566.24475	1292.93628	-35.14004	-623.87872	1391.52185	-211.29268	-332.39758	1028.70056	-179.17191	-874.17542	1106.32056	-34.93953	-309.72672	790.16833	-190.54790	-931.45032	870.11810	50.01827	-541.69177	984.80762	-0.04228	-675.48438	993.68604	33.86442	-678.49500	902.19263	-231.88313	-584.27936	407.89508	-186.17250				-613.32336	230.10483	-430.42014	-722.80890	213.80495	283.01465	
274	2.730	-478.75745	1443.89783	112.30156	-532.07825	1653.19275	-110.36759	-408.65738	1539.81653	-61.74493	-595.73047	1529.43054	71.88145	-414.00305	1391.01379	-150.93510	-724.13599	1423.09473	-44.60320	-560.83942	1294.85864	-24.42951	-621.08008	1394.12598	-199.59804	-330.74283	1030.18372	-172.14972	-869.40918	1108.63074	-19.36423	-309.56470	790.42786	-181.58786	-924.25726	872.25702	66.95889	-537.60333	986.56793	9.46767	-669.56055	995.12079	41.50893	-677.09454	905.23792	-220.59483	-586.14520	406.69424	-157.49863				-619.31262	241.00676	-399.47571	-714.39404	205.47101	285.15714	
275	2.740	-474.40771	1444.26526	123.55602	-527.59760	1655.49329	-97.60992	-403.98975	1542.28210	-48.74491	-591.98413	1530.07349	83.00294	-409.26248	1392.98853	-141.71425	-718.91406	1424.84204	-30.99732	-555.43427	1296.75049	-13.80219	-618.15063	1397.05896	-187.95351	-329.08905	1031.96362	-166.35185	-864.13879	1110.40930	-3.72133	-309.25418	791.34973	-179.13597	-914.80646	873.58234	84.01878	-532.16559	988.44226	17.57533	-663.70947	998.14722	52.86618	-675.84503	907.39856	-209.79309	-582.73645	407.59836	-128.11887				-622.84595	252.29446	-369.21149	-706.43530	195.88779	285.37384	
276	2.750	-470.38312	1445.16223	134.80032	-522.44781	1657.49036	-84.95790	-399.01419	1543.97656	-36.14344	-587.83801	1531.33289	94.36913	-405.81836	1395.37354	-133.49945	-713.44586	1426.66370	-17.71382	-550.03387	1297.87085	-3.46862	-614.57037	1399.75610	-175.30719	-327.25702	1033.97876	-161.10905	-859.12195	1112.82983	10.82230	-309.27518	792.73859	-175.28621	-906.76733	875.47900	100.62248	-527.17316	989.42102	25.87258	-658.35352	998.45892	62.28944	-674.93958	910.38013	-198.79532	-573.96570	412.54749	-101.13139				-626.61719	260.60144	-335.86563	-697.99109	186.01582	284.20496	
277	2.760	-466.10025	1445.86597	145.98132	-516.99695	1659.77087	-72.30074	-394.32971	1545.77612	-23.30213	-582.92395	1532.39417	106.35937	-402.01160	1397.51062	-125.16846	-707.09711	1428.15332	-3.25946	-542.99060	1299.49231	8.44102	-611.54358	1402.23462	-162.42873	-324.69196	1035.78552	-155.18666	-853.41241	1114.24219	27.46429				-898.29407	877.22620	118.71794	-520.07422	990.98907	34.43384	-650.92700	1000.86902	73.57221	-673.51337	912.97913	-188.46881	-563.99652	419.35464	-71.14635				-628.80566	268.38660	-304.44330	-690.98969	177.97751	281.72784	
278	2.770	-461.72687	1446.40393	156.99751	-511.95352	1662.05872	-60.04507	-388.76172	1547.80017	-13.26770	-577.59082	1533.18494	117.44300	-398.01340	1399.94202	-117.00110	-700.75519	1429.97644	10.58140	-536.08435	1301.38806	19.03149	-608.26343	1404.89783	-150.72000	-322.15634	1037.52844	-150.04562	-847.80420	1116.75061	42.05897	-309.08746	798.23651	-172.40912	-889.11658	879.88879	136.25362	-513.80914	993.11041	42.26091	-643.88757	1002.23505	83.87965	-672.66321	916.45538	-177.19875	-553.41675	427.14896	-42.25566				-630.18939	276.27478	-270.20602	-684.23743	171.04822	278.42596	
279	2.780	-456.98480	1447.11475	167.93614	-506.40775	1664.38159	-47.34393	-383.88614	1549.48499	-0.28307	-572.35321	1534.59937	129.71022	-394.38226	1402.53650	-109.41472	-694.24500	1432.10315	24.66689	-529.30078	1302.77905	28.07726	-605.30457	1407.90051	-138.99261	-319.35565	1040.41858	-146.16522	-841.65314	1119.07654	57.80648	-309.09192	800.45367	-168.16782	-879.76953	881.46936	153.18591	-508.24106	994.07959	50.43769	-636.84424	1004.52850	94.67049	-671.23743	919.93250	-166.43523	-540.95154	434.64893	-14.06834	-795.44586	573.39545	141.08514	-629.41602	282.66888	-237.59967	-678.76099	166.83737	272.70425	
280	2.790	-451.30774	1447.25269	178.39111	-500.73233	1666.57544	-34.82235	-378.58228	1551.01526	12.19446	-566.98669	1535.82300	141.34474	-390.94528	1404.82312	-101.66126	-687.32672	1433.81787	37.72794	-522.38416	1304.47241	38.55627	-601.87073	1410.06531	-125.96699	-316.19861	1042.85840	-142.04361	-835.07043	1121.47449	72.73111	-308.18475	802.27344	-163.18231	-870.74628	884.11230	169.29720	-502.43677	996.29779	58.01177	-630.11780	1005.46930	105.01703	-668.87286	923.09753	-156.76012	-531.17889	441.61877	17.11430	-797.57324	575.60596	155.61685	-628.83252	288.28604	-202.47630	-676.50323	165.15446	267.76813	
281	2.800	-446.81628	1447.79077	189.22304	-495.19788	1668.58398	-22.97626	-373.18323	1552.60730	23.76966	-561.35425	1536.22839	152.19260	-387.16055	1407.46289	-93.17695	-680.26526	1435.47876	51.94646	-516.02118	1305.75769	46.99656	-598.65320	1413.14697	-113.74296	-313.35156	1045.71240	-138.09322	-828.39685	1123.60815	88.59409	-307.02670	805.45697	-161.89830	-860.21411	886.03571	187.60278	-495.35117	998.05621	67.02522	-622.87921	1006.80237	115.06684	-667.06152	926.37708	-146.61897	-518.65607	447.93713	45.19220	-797.55450	579.26410	169.35899	-627.40289	292.70978	-167.26390	-673.89874	166.51576	262.65115	
282	2.810	-441.70911	1448.36963	199.49248	-489.16531	1670.75269	-10.64191	-367.83496	1554.00220	35.27883	-556.10150	1537.10864	163.11681	-383.87567	1409.51477	-85.44843	-672.90717	1437.05176	66.37154	-509.66415	1307.34729	58.19865	-595.52295	1415.30713	-101.20242	-310.03751	1048.51489	-135.10515	-821.09564	1125.56177	104.50801	-305.85553	807.60950	-158.45944	-850.89844	888.48175	203.41568	-489.55649	1000.14014	74.15676	-614.35297	1009.06873	129.00174	-664.44458	929.29932	-136.19638				-796.17719	581.21472	176.84718	-622.97363	297.18805	-132.49731	-672.83246	165.86626	254.49785	
283	2.820	-436.91681	1448.48608	209.96379	-483.72101	1672.64087	0.97115	-362.22299	1555.30225	44.97844	-551.75421	1538.18677	174.13719	-380.35431	1411.27930	-77.42928	-665.45111	1438.41394	80.59472	-502.96854	1308.56128	66.98254	-592.31219	1417.73291	-88.94500	-307.36893	1050.89148	-131.32631	-813.99054	1127.70544	120.05153	-305.77243	809.87811	-160.29286	-841.32037	890.60901	219.00201	-483.15311	1001.57971	81.75904	-606.22998	1010.37781	139.51964	-661.45770	931.68799	-125.22546	-488.82132	463.81628	97.02588	-792.71533	583.24023	186.42418	-617.95245	301.54944	-98.35682	-672.66284	167.17606	248.59479	
284	2.830	-432.35287	1448.53308	220.32098	-478.55896	1674.69348	13.02683	-357.10498	1556.08386	57.26387	-545.69019	1538.31653	184.80667	-376.79376	1412.98389	-69.40746	-658.42853	1439.46375	94.15689	-497.65735	1308.35266	77.15773	-588.48969	1419.19177	-75.68062	-304.71494	1052.87537	-129.03934	-806.31879	1129.41528	136.85928	-301.11615	812.39227	-154.64909	-830.33917	892.20898	237.56349	-476.64673	1002.81763	88.64041	-597.61462	1011.37769	149.66327	-658.71533	933.56879	-114.61793	-471.97556	470.78308	121.20663	-790.03754	583.81317	193.51845	-611.51404	304.56104	-64.63107	-670.39771	167.72990	242.09334	
285	2.840	-426.85019	1447.54614	230.30084	-471.37939	1675.87622	25.68302	-351.33081	1556.67432	67.00434	-540.53461	1539.28137	195.91371	-373.74106	1415.03979	-62.06381	-650.84937	1440.07349	108.41015	-489.48102	1309.62292	86.46280	-585.25140	1420.82971	-63.21343	-302.16483	1055.04797	-124.48529	-799.27094	1131.03503	153.61737	-300.00427	813.52399	-148.17523	-819.71399	893.29999	254.38905	-468.64264	1004.27179	96.15234	-588.85376	1012.62329	159.14470	-655.81525	935.44427	-103.09165	-453.87939	479.41388	141.99278	-787.37189	582.89728	200.17313	-603.73187	306.98566	-29.70820	-669.20581	166.54622	235.63969	
286	2.850	-422.21967	1447.17505	240.62953	-465.38290	1676.65039	37.27298	-346.03659	1557.11975	76.72801	-535.41504	1539.63330	207.20544	-370.22992	1415.82776	-53.80655	-643.42493	1440.63159	121.70645	-482.83218	1310.54382	95.64467	-581.86987	1421.85474	-50.77218	-299.92236	1057.19446	-120.41598	-791.44708	1132.04309	169.78757	-298.28690	816.04858	-149.21396	-808.89825	894.31061	270.75330	-461.98590	1004.72980	102.97018	-580.39575	1013.20184	169.78152	-652.40118	936.78418	-92.48169	-435.43359	489.22443	163.13509	-784.43396	581.66779	206.03117	-593.22565	308.36172	2.77065	-668.09167	164.24635	229.50920	
287	2.860	-417.07272	1446.34460	250.74783	-460.10016	1677.90369	48.02058	-340.63492	1556.59717	88.93561	-529.80194	1539.79565	217.95026	-366.90054	1416.59253	-45.07042	-636.21191	1440.31836	134.91048	-476.04214	1310.58643	105.43110	-578.67102	1423.24426	-39.07868	-297.80487	1058.70630	-116.62111	-784.23309	1133.00574	187.02370	-296.22995	816.88794	-141.17854	-798.37689	894.32745	288.34723	-454.32080	1005.03235	110.60882	-571.91724	1013.45740	179.61104	-648.82135	937.60223	-81.71664	-416.57855	498.47253	181.05164	-781.24896	579.38904	211.32724	-579.74371	306.52420	30.74643	-667.14795	161.70821	223.95117	
288	2.870	-412.97217	1446.14172	261.50522	-453.67215	1677.54785	60.87494	-335.01584	1555.95532	99.96956	-524.08508	1539.78821	228.86604	-363.69547	1417.32507	-37.59389	-629.12109	1440.28259	148.38045	-468.37997	1310.68445	115.40993	-575.78571	1423.90454	-26.21855	-295.94101	1060.34094	-111.91712	-776.61707	1133.20544	203.67184	-294.56433	818.77930	-138.13133	-787.87366	894.52063	305.06210	-446.56790	1005.93066	118.78745	-563.03107	1013.31061	189.35492	-644.82983	938.12250	-70.85671	-398.42719	508.01398	199.19238	-778.44073	576.89618	216.24167	-565.23322	304.30258	58.48102	-666.05420	157.89510	219.06801	
289	2.880	-407.10684	1444.72510	271.94205	-446.62878	1677.67236	73.04495	-329.41672	1554.83899	111.60211	-518.49701	1539.78198	239.89760	-360.74802	1418.05652	-29.35238	-622.16022	1439.10620	161.36180	-461.95187	1310.31201	125.29236	-571.96387	1423.47144	-13.62636	-293.33237	1060.90613	-107.31059	-768.53967	1132.94373	221.95950	-291.55139	819.29340	-133.61717	-776.93304	894.40405	321.61261	-439.34161	1005.79297	125.26109	-554.26062	1012.33936	198.33330	-640.28540	937.98547	-60.35387	-380.15988	516.21234	212.98846	-775.29639	573.69250	220.03629	-549.72821	301.41052	85.89056	-664.91833	153.58664	215.15591	
290	2.890	-401.11603	1443.49573	282.39777	-440.81497	1677.50378	84.35249	-324.05533	1554.22607	120.64761	-512.38013	1539.67090	251.26636	-357.29321	1417.66772	-21.10171	-615.74457	1438.05737	174.36794	-454.33301	1309.56140	134.94962	-568.51520	1423.61584	-1.61739	-291.17783	1061.58508	-102.54498	-760.65051	1132.67944	238.50536	-288.74341	820.97375	-134.15176	-766.33411	893.46552	338.92441	-432.15857	1004.85883	132.79317	-545.06213	1011.15631	207.66498	-635.71198	937.50787	-49.32235	-362.36008	523.49750	228.04324	-771.94177	569.96033	224.50868	-532.81927	296.99261	114.00124	-664.15985	149.62315	211.78360	
291	2.900	-396.46866	1443.04871	293.52408	-434.70657	1676.79700	95.88137	-318.39996	1552.95874	131.81995	-506.37466	1539.58899	262.99597	-353.37256	1417.58081	-11.63712	-608.97571	1436.53918	186.44540	-447.02924	1309.33154	145.13983	-564.50055	1423.31677	10.61396	-288.65329	1062.23438	-98.04757	-752.43469	1131.38391	255.33005	-287.04489	821.70959	-129.86839	-755.43927	892.90656	355.48862	-424.94904	1004.47003	140.61209	-536.54675	1009.51190	216.87553	-630.83936	937.32208	-39.00129	-344.11884	529.14502	242.64999	-769.56995	567.04022	229.03372	-514.38733	291.61569	139.79454	-663.99432	146.02605	209.06519	
292	2.910	-390.56311	1441.67285	304.46863	-428.19272	1675.83765	106.90071	-312.65720	1551.72021	141.76741	-500.07516	1538.57288	274.44684	-349.51828	1417.13708	-2.98546	-602.76740	1435.02307	198.21347	-440.45462	1309.29700	155.25964	-560.61639	1422.88452	21.91854	-286.67160	1062.79724	-92.94822	-744.41321	1130.63879	271.83267	-283.29929	822.26819	-126.29330	-744.25763	891.33807	372.30673	-417.26425	1003.51263	148.45676	-529.18250	1008.10559	225.27783	-625.07074	936.00073	-28.49859	-327.14737	535.28717	254.87965	-765.36932	563.13470	232.32224	-493.70874	283.90988	166.66788	-663.76477	141.50070	206.73117	
293	2.920	-384.25211	1439.99695	315.37018	-423.12051	1674.97180	118.47317	-307.17667	1550.19861	153.02194	-494.21320	1537.67480	285.64978	-345.51492	1416.62622	5.95579	-596.47540	1432.98035	210.07535	-434.22763	1307.83289	166.02504	-555.94635	1421.56250	34.00241	-284.36722	1063.06262	-87.86987	-735.79047	1128.98999	287.49042	-281.01627	822.27386	-117.62950	-733.38837	890.19354	388.83353	-410.85110	1001.76630	156.66837	-521.26270	1005.81744	234.00250	-619.48248	935.74207	-18.59724	-308.55258	539.52527	267.98431	-762.76813	560.91028	235.85938	-471.99536	277.16855	190.97289	-664.42316	137.63531	204.68420	
294	2.930	-377.75653	1438.12073	326.03131	-416.58633	1673.47449	129.58571	-301.29074	1548.50061	164.54875	-487.91757	1535.86145	296.84805	-340.44168	1415.49841	15.80441	-590.60046	1430.95508	221.91994	-427.38202	1306.41724	176.67755	-551.34155	1421.03052	45.14112	-281.07523	1062.58276	-81.51939	-725.43903	1126.19617	302.89139	-278.07816	823.19391	-114.32150	-722.42419	888.75549	405.16428	-402.54214	1000.80548	165.27489	-513.69562	1003.78491	244.38794	-613.45898	934.14496	-8.87602	-294.95779	540.09735	280.20178	-758.72717	558.13831	239.10843	-447.55457	269.48831	213.89316	-665.41394	133.66940	203.14806	
295	2.940	-371.74786	1437.15820	337.19077	-410.84033	1672.01074	140.74020	-295.70435	1547.35583	173.23085	-482.24704	1534.54773	308.13251	-335.90955	1414.80835	25.37564	-585.03064	1428.83630	233.55835	-421.44919	1305.25525	186.41539	-546.89789	1420.34436	55.78608	-278.25821	1062.26697	-75.47945	-716.13513	1124.17847	317.58633	-275.18484	821.92322	-109.51840	-711.47614	887.28802	421.20291	-395.71066	999.57269	175.60172	-506.56766	1002.05499	253.24583	-606.18390	932.79535	1.50308	-280.99960	541.71729	291.12167	-754.60748	555.57782	242.89839	-421.33603	261.71112	235.98730	-666.97821	130.60208	201.79437	
296	2.950	-365.45346	1435.12402	348.07495	-404.84216	1670.63550	151.90974	-289.53674	1544.92896	187.23410	-475.50974	1532.75415	319.61182	-330.82166	1413.25403	35.93002	-579.39075	1426.46338	244.94446	-415.09561	1303.32507	196.72215	-541.26569	1418.21692	67.35709	-274.97455	1062.46057	-69.51764	-706.74524	1121.59888	332.30057	-271.71277	821.90839	-100.94556	-700.10596	885.49011	437.60944	-389.37418	997.70172	185.98584	-499.90607	999.71283	262.53726	-599.25006	931.52795	10.88716	-268.10455	541.47028	301.03439	-750.22943	553.77899	245.93616	-396.17017	252.87465	259.79694	-668.31348	126.70042	200.79886	
297	2.960	-359.42654	1433.48083	359.34546	-399.41254	1668.58887	163.26927	-283.45654	1543.01160	198.36743	-469.49033	1531.03455	330.86929	-325.37180	1413.14258	44.90570	-573.53784	1423.84668	256.02170	-409.13803	1301.25964	207.55588	-535.63837	1416.23865	78.60321	-271.63376	1062.00085	-62.66356	-696.92499	1118.85352	345.88089	-268.51505	822.75842	-100.87277	-688.35382	883.56171	452.92050	-382.55301	996.69281	195.81844	-493.07855	997.18384	273.28665	-591.55566	929.74634	20.64050	-254.74297	540.70801	309.91925	-745.95874	551.41626	249.15523	-368.18906	244.18204	281.74072	-672.02679	119.15887	192.25586	
298	2.970	-352.49838	1431.35864	370.09027	-393.20749	1666.96680	173.89766	-277.30130	1541.40820	207.23940	-462.91721	1529.36829	342.06738	-319.83649	1411.48767	55.97376	-568.51514	1421.79346	268.36737	-403.28802	1299.35876	218.33946	-529.73425	1414.60181	90.40633	-267.40448	1061.68689	-55.95481	-687.13025	1116.17493	358.94061	-264.89090	822.40057	-95.36962	-677.14050	882.31775	468.48291	-377.18869	995.35907	206.31628	-487.33936	995.39996	283.59119	-583.44562	928.13190	30.42635	-243.40787	539.16168	317.09549	-740.69336	548.31067	252.17152	-339.04010	234.91559	302.02829	-673.93597	115.12508	189.18451	
299	2.980	-346.23367	1429.80444	381.28784	-386.68234	1664.92749	184.93297	-271.23508	1540.09521	214.83424	-456.10861	1527.49585	353.57681	-313.64841	1409.99390	67.47901	-562.43494	1419.06213	278.11176	-397.22891	1297.31604	229.06383	-523.86115	1412.91296	101.27193	-263.66135	1061.76038	-48.48002	-677.39886	1113.44312	371.95218	-260.64362	821.25085	-89.21423	-665.79919	881.33325	483.85089	-370.30237	995.07465	217.65933	-481.43307	992.47443	293.85373	-574.22998	925.82422	40.62780	-231.22060	537.15149	323.70596	-735.91638	545.85437	255.67142	-309.15921	225.24063	321.45941	-676.49396	113.18348	189.98355	
300	2.990	-339.49545	1427.55237	392.44583	-379.83197	1662.76050	196.04663	-264.86737	1537.59338	227.17087	-449.51437	1525.85986	365.09274	-307.67038	1408.78711	79.10674	-557.05286	1416.64160	290.37122	-391.99695	1295.23828	239.82932	-517.82709	1410.52991	112.49754	-258.35126	1060.71423	-39.46648	-667.15900	1110.37622	383.52423	-257.52002	821.65320	-84.96889	-654.56091	880.19012	498.40298	-363.68356	993.66956	229.38953	-474.34552	990.81720	304.40735	-565.84637	923.86938	49.50185	-216.88440	534.94299	329.51672	-730.26569	543.05652	258.30438	-278.31107	215.18275	338.99805	-679.08545	110.82167	188.73035	
301	3.000	-332.84164	1425.73059	403.59036	-374.31604	1660.59058	207.25467	-258.57495	1535.23340	239.04440	-442.45242	1523.76794	376.13812	-300.69666	1406.93140	90.48769	-551.00061	1414.12524	301.09930	-388.16019	1291.50818	248.19736	-511.13330	1408.14807	123.18314	-253.60933	1059.71436	-30.45758	-657.24432	1107.21057	395.16150	-253.09987	821.78894	-79.65659	-642.55627	878.84381	513.48285	-356.32678	992.86682	240.56859	-467.84497	988.65100	315.67090	-556.16815	921.38171	59.49999	-205.79427	531.80432	336.54474	-723.83582	540.11047	261.18201	-246.24480	203.97533	357.17630	-681.06250	107.86163	187.62140	
302	3.010	-325.23062	1423.78564	414.56137	-367.52087	1658.01685	217.61166	-252.20013	1533.10352	250.17838	-435.81302	1521.44897	387.34528	-293.84146	1405.19153	102.20830	-544.68726	1411.16199	311.11996	-382.82272	1289.03992	258.84183	-504.40521	1405.88562	134.00858	-247.79503	1058.82813	-21.72941	-647.32373	1103.88049	406.24338	-248.52469	821.19135	-72.79743	-631.21680	877.85046	527.56439	-348.33701	993.14728	252.35025	-460.62827	985.54767	326.06366	-546.66425	919.24152	69.13194	-196.19954	526.34009	342.63046	-717.21564	537.28998	264.03635	-213.27365	193.96503	371.09378	-683.08221	105.82915	187.69006	
303	3.020	-318.60309	1422.48059	425.73022	-360.73166	1656.03772	228.08002	-245.62079	1531.01379	261.02652	-429.09717	1519.50122	398.56918	-286.93192	1403.04651	114.12744	-538.62292	1408.49976	322.04065	-375.27155	1286.25024	270.22736	-497.98117	1403.16479	145.01279	-241.91884	1057.60376	-12.54829	-637.20502	1100.33777	417.21631	-244.13036	821.53790	-66.75166	-619.87701	876.94739	541.88196	-341.14478	991.24756	264.18610	-454.25537	983.78894	336.62469	-536.21771	916.66931	78.22190	-185.86961	520.74579	350.50552	-711.05548	534.49927	267.46658	-179.36461	183.39424	387.62271	-685.21838	103.30906	188.39105	
304	3.030	-310.94592	1420.62439	436.84265	-355.29086	1653.70837	238.74593	-239.17900	1529.29492	269.79822	-422.81445	1518.01123	409.52625	-279.72397	1400.82971	125.89295	-531.88379	1404.67029	332.25964	-368.74005	1284.05029	281.05487	-491.23843	1400.53503	155.87944	-236.37204	1056.66821	-2.96142	-627.11029	1096.96289	427.43948	-239.72723	821.24408	-60.66586	-608.40753	875.73547	555.62421	-332.92322	991.09540	275.33249	-446.39590	981.47119	346.60391	-524.94366	913.01630	88.44395	-175.54295	514.80396	357.75613	-704.39001	532.24158	270.41000	-145.25452	174.26117	402.68469	-688.00232	101.08190	187.40915	
305	3.040	-303.86130	1418.98816	448.47849	-348.54846	1651.21545	249.02161	-232.32596	1527.39001	279.85953	-415.76279	1516.13501	420.20959	-272.00604	1398.76807	137.59502	-525.60327	1402.94116	343.74802	-362.03845	1281.22974	292.11447	-483.80627	1397.60120	166.98073	-228.10504	1055.06909	7.13104	-617.40125	1094.57935	439.20615	-234.07474	819.40521	-53.88181	-597.84967	874.35425	569.16107	-323.89868	989.95636	288.04254	-438.46304	978.20166	358.08411	-513.83887	910.05725	98.09689	-165.74979	508.30630	365.58722	-697.44702	529.81110	273.99069	-111.08823	168.25058	414.29318	-689.36017	99.59074	186.70456	
306	3.050	-296.95557	1417.62817	460.17316	-341.82703	1648.27832	259.03497	-225.06392	1524.84131	293.45221	-408.49066	1514.21948	431.21326	-264.73151	1396.45496	149.23444	-518.72894	1400.12122	354.23782	-355.63736	1278.79492	303.88205	-476.57367	1394.71692	177.90848	-221.01773	1053.01428	17.52221	-608.68982	1092.81897	451.19382	-228.09718	818.74042	-47.40584	-586.60675	872.36688	582.10620	-315.08386	988.71918	298.50217	-430.29749	975.96368	368.99524	-501.73892	906.62000	108.10442	-156.23477	502.00812	372.53345	-689.89404	527.56543	277.63785	-77.90738	163.63579	423.83405				
307	3.060	-289.20828	1416.53967	471.40314	-334.99139	1645.62366	269.24634	-217.48216	1522.91223	304.18875	-401.47919	1512.28528	441.86176	-256.92413	1393.92883	160.55363	-511.68176	1397.49622	365.52655	-347.88373	1276.80542	315.08469	-469.03546	1392.09009	189.05453	-213.75522	1050.78601	27.91566	-599.62518	1090.49707	462.94638	-222.52502	816.94165	-40.12998	-575.55548	870.51044	595.71655	-306.20416	987.68878	312.50070	-421.65851	973.40454	379.93054	-489.06870	903.56134	118.08054	-146.52670	494.99603	380.36462	-682.27240	525.82947	281.27859	-45.39687	160.18198	435.02136				
308	3.070	-281.00439	1415.42798	482.39957	-327.64194	1643.91406	278.77850	-210.11201	1521.46692	313.48758	-393.62967	1510.62756	452.15457	-249.05266	1391.56189	171.76186	-504.10898	1394.58313	376.65076	-340.94925	1274.15881	327.09616	-461.14136	1389.12671	199.29524	-205.85068	1048.32605	37.59485	-590.62451	1087.39697	474.73276	-216.34334	816.23859	-33.93821	-565.02283	868.77856	608.15784	-296.49246	986.65900	325.17847	-412.52274	971.62769	390.49271	-476.04285	900.57495	128.21643	-137.27155	488.10199	388.15521	-675.04578	524.83441	285.14914	-13.40732	157.45726	442.76059				
309	3.080	-272.43353	1414.11060	493.42593	-320.47406	1641.59424	288.81293	-202.39146	1520.02844	323.87219	-386.09824	1508.95935	462.79529	-240.44008	1389.02979	183.06456	-496.45810	1392.33667	387.53842	-332.73795	1272.09778	338.36414	-453.11417	1386.79968	210.20598	-197.58330	1046.43323	46.90998	-582.08148	1084.21033	486.32181	-209.42047	814.67841	-25.91898	-554.61511	867.17706	620.72705	-286.14246	985.07788	338.72009	-403.81076	969.01001	402.66238	-461.18777	896.95892	139.98843	-127.71932	481.52423	396.22067	-666.30951	523.38806	289.21838	11.74592	154.25487	449.37531				
310	3.090	-265.07016	1413.42944	504.71844	-312.88419	1639.49426	298.67020	-194.40178	1518.64624	335.23877	-377.96811	1507.84314	473.17139	-231.97198	1386.59155	193.65166	-488.42963	1389.84717	398.38953	-323.96799	1270.34497	349.10928	-444.64273	1384.07104	221.18896	-188.67715	1043.75745	57.47466	-573.85242	1081.44458	498.32306	-201.82117	813.59332	-20.41325	-543.98602	865.17566	632.61212	-277.21939	983.07343	351.75403	-394.00998	966.64545	414.60025	-447.16434	893.96313	150.59967	-116.10741	477.16333	403.41995	-657.80042	521.94238	293.14789	27.59421	152.33521	455.30661				
311	3.100	-257.02783	1413.08508	515.43280	-304.31772	1638.19934	308.51453	-185.95944	1517.66956	344.77185	-370.42798	1506.59204	483.27420	-223.12657	1384.48376	204.07265	-479.90662	1387.81909	409.05069	-314.65970	1268.79089	360.95584	-435.75424	1381.56604	231.39323	-180.08569	1041.23938	67.61221	-565.56940	1078.66748	509.25848	-195.31563	811.49426	-11.21608	-533.51361	863.65332	644.32111	-267.69876	981.35712	364.62866	-385.15192	963.49188	427.12164	-432.23444	891.06445	161.60355	-101.21279	474.28342	410.13260	-648.79364	521.03113	298.20132	40.75168	150.63016	458.15973				
312	3.110	-248.78906	1412.56848	526.19574	-297.45404	1636.98999	318.46893	-177.70602	1516.63928	357.08679	-362.73111	1505.99548	493.00302	-214.45158	1381.88269	214.99913	-471.04605	1385.96082	420.05835	-306.20496	1267.43689	372.90378	-426.61749	1378.94739	242.87175	-170.72342	1039.17749	78.61407	-556.98505	1076.02429	520.09076	-186.78973	809.26459	-0.62164	-523.29950	861.60156	655.30591	-257.18921	979.88818	377.33432	-374.39545	961.04102	439.82877	-417.82254	888.75092	173.15001	-85.63362	471.39584	417.99469	-639.62042	519.90826	303.48431	51.60411	147.48329	460.87625				
313	3.120	-240.91408	1413.03296	537.17468	-289.79614	1636.28528	328.01337	-169.34279	1516.67175	366.46661	-354.66687	1505.43469	503.30182	-205.15405	1379.87939	225.82213	-462.33514	1384.97632	430.99152	-296.35635	1266.07031	384.89355	-417.02905	1376.56714	253.04614	-161.20209	1036.53003	89.13095	-549.28607	1074.08398	530.96625	-178.47107	807.32617	7.72093	-513.59851	860.54541	665.65155	-246.60461	978.69049	390.69608	-363.87280	958.27087	453.30179	-403.46002	887.34290	184.81892	-70.96101	467.53192	425.64435	-629.32861	518.99414	308.85181	61.17993	142.09639	462.78873				
314	3.130	-232.18669	1413.30237	547.96552	-280.20007	1634.83008	337.45337	-159.94406	1515.89441	380.44623	-346.03076	1504.73792	512.91547	-195.81230	1378.66028	235.98085	-453.01447	1384.18591	441.98495	-286.25018	1265.59839	395.95941	-408.06259	1374.98401	264.30780	-151.77399	1035.51990	99.90454	-541.09546	1072.45142	541.56067	-169.39070	807.91559	16.80063	-502.88681	858.38867	675.02405	-235.89250	978.27576	404.19012	-352.17227	955.79797	465.03796	-389.41681	886.64606	195.80237	-56.99276	463.55490	432.96341	-618.52789	517.88562	314.70673	70.30394	136.66298	463.91666				
315	3.140	-223.07030	1413.88123	558.88763	-271.60934	1634.88086	347.59149	-151.40671	1517.51465	388.46164	-337.49048	1504.89709	522.66589	-186.77971	1377.80408	246.10712	-443.56689	1384.15491	453.62479	-276.56369	1265.23120	406.86218	-397.89914	1373.69897	275.26398	-141.71404	1034.26990	111.00583	-531.90973	1071.02747	551.64282	-159.46233	805.56061	29.13890	-493.70102	857.87891	684.98779	-224.19624	977.07196	416.70209	-339.83499	954.89551	478.98767	-376.73953	887.01337	207.07120	-43.84794	460.49402	441.64148	-607.23706	517.07428	321.42242	79.76513	129.77509	463.08231				
316	3.150	-213.63660	1415.38525	568.78326	-262.15784	1636.35681	358.17535	-141.66042	1518.93958	400.42450	-329.55859	1505.94568	532.97125	-177.49831	1377.75952	256.09726	-433.77982	1384.62329	465.26559	-267.22906	1266.11230	418.62076	-389.16800	1374.17566	286.73227	-131.65714	1033.15833	121.84527	-523.50549	1070.70203	561.37164	-151.16582	805.10376	39.40874	-483.35736	856.78137	694.71631	-212.07915	976.86664	427.87863	-328.23962	953.53552	491.28778	-365.64804	888.15088	218.82936	-32.51108	460.20676	452.42535	-594.01337	516.13538	328.22864	88.54839	123.03741	463.12967				
317	3.160	-204.26917	1417.46960	580.18195	-252.75018	1637.71692	368.62808	-132.03601	1520.87598	411.08801	-320.36444	1507.30017	543.59955	-168.49792	1378.17896	266.39383	-422.97449	1385.59497	477.47183	-256.53143	1267.69238	429.79407	-379.67953	1374.84912	298.46060	-121.62006	1033.06226	133.34956	-515.35480	1070.77319	571.52338	-139.11691	805.12054	52.30592	-474.24341	855.86578	703.51257	-199.66135	977.30560	438.55609	-314.25958	952.45605	503.09601	-355.21207	890.00330	230.42946	-20.84273	464.33774	462.26678	-579.53540	514.86273	336.44797	97.88184	121.10228	463.32446				
318	3.170	-195.80998	1419.82617	591.37842	-243.49522	1638.93445	378.92929	-122.69462	1522.71216	423.38498	-311.79028	1509.58154	554.25592	-159.59985	1378.75830	276.94269	-411.94864	1386.94153	489.71857	-246.92827	1268.35010	440.58972	-371.00720	1376.22034	310.23300	-111.27702	1033.08850	145.97412	-505.84378	1071.08838	580.90247	-128.06313	806.00220	64.45924	-465.41943	856.02008	711.11890	-189.12491	978.51282	449.08704	-301.98270	950.65845	512.61725	-345.52777	892.28583	242.14188	-8.58787	469.06506	472.25897	-562.53632	514.37158	345.16336	101.86801	120.98323	462.92758				
319	3.180	-186.27599	1422.06348	602.72028	-234.30789	1639.62024	388.68130	-112.80187	1524.53259	434.42944	-301.98633	1511.19348	564.54010	-150.66512	1380.33057	287.07553	-401.58923	1388.13696	502.06952	-236.92427	1269.54700	450.72781	-361.84805	1377.65674	321.95740	-100.57169	1034.44348	157.51895	-496.52405	1072.19360	590.75757	-116.42464	805.78650	80.13461	-455.81909	855.16486	718.12061	-176.75952	980.58472	458.78110	-288.54016	951.92218	522.70251	-336.23172	893.86847	253.81273	4.00604	474.10950	480.79590	-543.95020	515.08929	355.01648	103.68680	122.96209	461.46310				
320	3.190	-177.60663	1424.35828	613.91565	-224.78157	1640.46619	398.59225	-103.77156	1526.44214	445.89685	-293.98224	1512.90027	574.55591	-142.29466	1382.33838	297.11896	-390.81827	1390.29810	514.25397	-226.29401	1271.26819	461.89783	-353.05667	1379.83984	333.50757	-90.33928	1035.49670	169.87167	-488.33957	1074.27344	600.58801	-104.47459	806.34442	94.30626	-447.51819	856.61804	725.12634	-164.93004	983.93347	467.76984	-276.64542	952.35822	533.42395	-328.07498	895.35339	265.95593	15.78510	477.05307	487.86493	-524.33044	517.55621	367.40332	106.08192	125.31982	459.59775	-658.24280	132.54704	244.16840	
321	3.200	-168.80121	1426.63513	625.28082	-216.31810	1642.25952	408.87790	-94.40102	1528.35925	457.14975	-285.31448	1514.41760	584.81702	-133.44832	1384.05859	307.41870	-380.50360	1392.28174	525.29474	-215.75877	1273.71570	472.74487	-344.83087	1382.18823	344.74136	-79.36618	1037.11865	182.69815	-478.02628	1075.89197	610.02472	-92.35352	806.60529	108.49487	-438.01270	857.08820	731.39722	-154.31526	987.81506	476.65106	-265.29684	953.95313	542.31860	-321.07825	896.51971	276.58322	27.73718	479.41394	494.37289	-498.77444	517.76288	382.23566	106.82158	125.46941	457.28180	-649.52679	142.61148	255.23073	
322	3.210	-160.37216	1429.26160	636.33032	-206.84093	1643.79907	418.97687	-85.62620	1530.40027	468.85046	-276.16345	1515.89758	594.66718	-125.45970	1386.50244	318.36353	-370.69391	1394.00574	535.25879	-206.40002	1275.54895	482.83636	-335.69385	1384.08411	355.56143	-69.30886	1039.03125	195.07939	-470.04080	1079.25037	620.11072	-78.20033	808.08331	123.95725	-429.67609	858.21490	738.31781	-143.50612	991.64471	485.44446	-253.72267	956.71045	552.90039	-313.02649	897.08954	288.61295	39.17564	479.59439	500.13660	-470.23697	515.99823	396.98090	107.32936	125.58666	456.89215	-637.25153	156.72606	270.78247	
323	3.220	-152.11298	1431.61768	647.47974	-197.74931	1644.74719	430.23590	-76.73697	1532.46167	480.42468	-268.60028	1518.47278	605.61316	-116.87917	1388.81055	329.69711	-362.20270	1396.48694	546.49719	-196.76134	1278.48523	493.86511	-327.57095	1386.38440	366.38025	-58.63608	1041.85022	207.77542	-460.43402	1081.52026	629.34070	-65.22617	810.31012	138.66144	-421.15811	858.87872	744.42236	-134.18503	994.20551	494.05679	-244.06195	959.34967	562.27643	-305.64044	898.04297	299.77512	49.56491	479.98615	504.81384	-443.00656	514.56970	412.61243	108.19849	124.96839	457.27750	-618.53625	173.12080	286.70459	
324	3.230	-144.13905	1434.05469	658.78137	-190.13710	1647.86108	440.62100	-68.39444	1534.82874	490.94281	-260.55771	1521.33850	616.80811	-107.94933	1390.98022	340.37372	-353.20251	1398.28137	555.68689	-186.71910	1280.59802	504.44644	-318.61426	1388.65161	377.31372	-47.64565	1043.78357	220.32663	-451.30951	1083.83630	638.79889	-49.47521	810.70959	155.07324	-413.45322	859.83722	750.63397	-124.50590	997.59021	503.48700	-234.49065	961.89777	571.18884	-298.44482	899.26508	310.63516	59.83509	479.07236	509.67612	-414.91309	511.65051	428.70914	107.51307	123.83962	457.74829	-596.16785	188.20322	306.26624	
325	3.240	-136.50072	1436.97791	669.66290	-182.28740	1650.21399	451.79507	-60.11612	1536.95447	503.70801	-251.65698	1523.94128	627.43036	-99.31537	1393.47253	351.79807	-345.62006	1400.80347	565.84552	-178.31032	1283.52673	516.58990	-310.08685	1391.30139	387.58429	-36.66024	1046.10876	233.06047	-442.59613	1086.21204	646.86646	-33.99540	811.66235	172.95296	-405.54160	860.90741	756.42853	-116.69645	1000.39038	513.35028	-226.29814	965.75323	581.33105	-291.01947	901.32507	320.74619	68.95444	477.43753	514.32965	-386.88702	508.45956	444.76315	107.29578	122.44778	458.75705	-573.06006	203.17551	326.60043	
326	3.250	-128.99350	1439.32458	680.71722	-173.13997	1653.30542	462.75522	-52.19546	1539.30481	516.00928	-244.55833	1527.19653	638.70416	-90.39170	1395.92725	363.27646	-338.32867	1403.70361	576.11542	-170.10011	1286.50732	527.96844	-301.34442	1393.99194	398.12506	-24.89113	1048.30908	246.64743	-433.33975	1087.14111	654.02002	-18.38843	813.08881	190.93343	-398.49585	861.73108	761.77704	-110.39993	1002.49841	523.00134	-219.02339	969.09570	589.76782	-283.52280	904.29358	330.41690	75.91100	476.91309	517.83704	-358.89224	504.80826	461.38745	106.53360	119.89183	461.03293	-549.19104	216.17429	346.39435	
327	3.260	-121.39520	1441.81030	692.31958	-165.56601	1656.32654	474.49484	-44.56381	1542.69629	524.15131	-236.73050	1529.62024	649.87842	-81.88847	1398.72717	374.86630	-331.71533	1406.70679	585.84174	-162.42711	1290.05237	539.51044	-293.24500	1397.58533	408.50455	-12.75918	1050.60962	261.26672	-425.31268	1088.84387	660.38275	-2.86983	814.50580	209.05360	-391.48273	861.94037	766.58191	-103.96758	1005.59515	533.40576	-213.35918	972.84674	600.76788	-275.81345	907.45697	339.87698	80.34053	477.27634	521.67255	-330.72702	500.61893	478.17215	106.54249	119.62947	461.01672	-523.74231	226.60223	366.16779	
328	3.270	-114.51804	1444.73120	703.95697	-156.63269	1658.27454	486.63382	-37.20419	1545.66394	536.30157	-229.84148	1532.42090	661.00696	-73.86790	1401.89429	386.29599	-325.22769	1409.92651	596.11713	-155.00705	1294.02368	550.45404	-284.85516	1400.88904	418.70987	-1.88311	1053.19592	275.14078	-416.52606	1089.88623	665.98230	13.74055	816.01794	227.48367	-385.30746	862.38446	771.30841	-97.67149	1008.59436	544.68408	-207.94626	975.72736	611.02039	-268.50223	911.60956	349.07898	83.90878	476.75735	526.80524	-304.24683	498.28912	496.30807	106.05697	118.89191	462.39108	-499.36273	236.73561	386.10342	
329	3.280	-107.25281	1447.07239	714.78180	-150.43547	1662.94678	498.00961	-29.90863	1548.84814	548.87738	-222.42108	1535.25903	672.38342	-65.11964	1405.03503	397.77615	-318.35135	1413.42737	606.24884	-149.16939	1297.10583	561.58734	-276.69205	1404.47913	428.82681	11.08356	1055.81152	290.39877	-408.96225	1091.97205	672.00507	29.60660	818.98718	247.88280	-379.71750	863.45087	775.85199	-92.66414	1010.71759	556.94745	-204.28712	978.80096	621.01971	-260.53748	915.51837	358.42108	86.77367	476.64911	530.50690	-276.20609	497.71170	515.94769	105.65879	118.81330	464.65570	-473.85745	245.92586	406.00128	
330	3.290	-100.76628	1449.47009	725.90613	-143.18166	1666.75696	510.12277	-22.40796	1552.14893	560.54541	-215.61592	1538.18054	683.54431	-57.32969	1408.48474	409.25290	-312.39731	1417.09045	616.63947	-141.74423	1300.19080	572.87323	-268.40402	1408.29871	438.81363	23.38962	1058.37341	306.16034	-401.67523	1094.43237	678.06427	45.19604	822.45715	266.54175	-373.62445	864.02557	779.18878	-88.55709	1012.90179	567.54852	-199.75760	982.05945	632.06396	-253.34518	919.62195	366.91641	89.09927	475.77667	533.71387	-252.07471	503.84644	538.68860	105.38126	118.51243	465.57275	-447.95651	254.31938	426.38290	
331	3.300	-94.60281	1452.20911	737.31799	-135.61990	1670.23389	522.20886	-15.34130	1555.48425	573.32928	-209.61708	1541.49158	694.76459	-49.08521	1412.00024	421.48663	-305.15918	1420.49316	626.46967	-135.56099	1303.76392	583.44482	-260.37360	1411.85242	448.76895	35.72426	1061.86963	321.96851	-394.45831	1098.21399	684.50659	60.59506	824.82574	289.15869	-368.31372	865.41705	782.79327	-82.74558	1016.33740	579.24664	-195.77370	985.94299	642.57898	-247.43384	924.03711	376.85864	91.32399	474.09888	537.77985	-231.89078	514.08441	564.57825	105.04057	117.52018	468.52240	-421.98138	262.95554	447.10593	
332	3.310	-88.31076	1454.55127	748.12787	-128.40030	1674.05835	534.14124	-8.65776	1559.29053	584.65015	-203.50681	1543.91479	705.97992	-42.02926	1414.93555	432.53479	-298.43771	1424.42371	635.49017	-129.28395	1306.89954	594.26031	-252.46944	1416.15515	459.23709	47.79998	1064.95996	338.96182	-387.88431	1101.69202	691.43396	75.82690	828.77344	310.99313	-362.68015	866.66272	786.31049	-79.32516	1018.95721	589.81989	-192.99673	989.69409	652.96564	-241.30910	928.10608	386.01605	93.42780	471.96027	540.93890	-213.82487	526.24908	591.37646	104.35988	116.29605	471.99670	-396.44705	270.44662	467.89063	
333	3.320	-82.88885	1456.77319	758.86572	-121.48258	1677.81592	546.59546	-1.95295	1563.02808	595.39154	-197.41042	1545.65369	716.07446	-34.87138	1418.05969	443.73181	-291.31531	1427.99963	645.59369	-123.35936	1309.85620	605.50250	-244.50726	1419.74402	469.33179	59.18394	1068.91931	355.72391	-381.53519	1105.71643	698.69452	89.23067	830.04266	330.17380	-357.66772	867.64545	789.26636	-74.16218	1021.06219	601.72467	-189.94730	993.78101	663.20154	-236.08116	932.57660	395.46930	95.49322	470.61612	542.77039	-192.80746	535.51263	619.27625	104.21149	114.54278	472.85294	-370.03784	277.53964	488.86212	
334	3.330	-77.35296	1459.18164	770.16968	-114.77422	1680.89771	558.75488	4.81588	1566.41394	608.53308	-191.32816	1547.86621	726.62628	-25.85517	1421.48547	457.66827	-284.62491	1432.13342	655.66205	-117.78319	1312.63708	615.94293	-236.60544	1423.30505	479.45471	70.55343	1072.54358	372.02069	-376.13736	1109.36499	706.54321	105.89180	835.95618	355.18051	-351.98962	868.78052	791.69330	-70.93406	1023.67798	611.69183	-186.37569	997.66504	673.66736	-231.16719	936.69104	405.23154	96.56488	468.76071	545.17865	-182.63866	549.45038	645.31189	104.06569	112.62682	477.59842	-344.42230	283.96341	509.57986	
335	3.340	-72.19861	1461.46448	781.12982	-108.02508	1684.63318	570.72784	11.67381	1569.50330	623.01636	-186.82518	1550.34900	737.38599	-18.38349	1423.58960	470.32480	-277.85367	1435.83057	666.10577	-112.41167	1315.29651	626.86499	-229.24507	1427.32080	490.18253	81.64574	1075.24084	388.27283	-371.02704	1112.74268	714.45868	119.21760	840.39130	375.01828	-346.70740	870.29437	794.23370	-64.56801	1027.74207	622.72504	-181.37109	1002.00726	684.28308	-226.54614	940.53357	415.55627	97.57983	467.78610	545.90857	-173.46060	558.72772	667.48694	103.44807	110.69005	480.15527	-318.75922	290.07425	531.31812	
336	3.350	-66.67695	1463.91138	792.26892	-100.80903	1687.72668	582.57416				-180.99348	1552.73132	748.51849	-11.08418	1425.57031	482.46249	-270.98398	1439.00146	677.11060	-106.64762	1317.69763	638.04730	-222.12543	1430.98328	501.05350	92.77648	1078.92944	405.59488	-365.63443	1115.78979	722.38947	134.61856	844.34912	399.88379	-341.03049	871.24554	796.41724	-61.35672	1030.15820	633.35040	-179.57477	1004.88916	692.40613	-221.90964	943.71790	425.37616	97.75306	467.11386	546.15839	-167.27737	567.57068	688.83063	103.50281	109.22961	482.87540	-293.17706	294.87756	552.87488	
337	3.360	-61.17529	1466.37537	804.43622	-94.76306	1690.48267	594.53143				-175.67996	1555.36694	759.40332	-5.83299	1426.33008	491.90945	-264.95627	1442.35938	689.22815	-101.37914	1319.20264	649.21631	-215.18495	1434.52820	511.95975	103.47228	1081.50366	423.27805	-361.27972	1118.73718	730.63672	148.72209	848.36505	421.15430	-335.48907	871.84564	799.21356	-57.02925	1032.79028	643.31311	-175.50656	1008.19727	701.74640	-217.21405	946.80243	435.32617	97.76804	466.75647	545.52112	-159.96825	574.41064	709.21368	103.53716	108.40847	484.29639	-267.79507	298.52048	574.94678	
338	3.370	-56.38330	1469.00696	816.28931	-87.70129	1692.97791	605.92877				-169.76122	1557.88196	770.42487	1.12148	1427.89404	504.44431	-258.23087	1445.00647	699.81427	-96.35336	1321.57568	659.66382	-208.47940	1437.95569	523.13873	114.09059	1084.58276	440.95782	-356.44122	1121.12341	738.32092	162.57195	851.53613	443.08734	-330.95840	873.09796	802.87830	-51.36874	1036.37354	654.60461	-170.58136	1011.37622	711.82629	-212.94316	950.19360	445.63348	97.88951	467.25275	544.79718	-154.66022	581.04938	729.82391	103.16502	108.50452	486.74994	-242.71973	301.30759	597.44928	
339	3.380	-50.70131	1471.54761	828.33429	-81.18824	1694.38843	617.21454				-164.27803	1559.98425	780.95935	7.44961	1428.81030	516.22241	-251.64639	1447.33960	711.81433	-91.56828	1322.88611	670.46967	-201.97076	1440.86548	534.25256	122.89552	1086.86938	459.80478	-350.95557	1122.89697	746.63251	175.05867	856.04980	462.90427	-326.29990	873.42993	805.86841	-46.97546	1038.91406	664.81433	-166.42717	1013.58215	721.26392	-208.08022	952.53436	456.22623	97.01273	468.55646	543.27435	-150.50789	587.29254	748.91284	103.14864	110.13519	489.83154	-218.23151	302.42926	620.68146	
340	3.390	-45.84769	1473.91931	840.73303	-74.18212	1695.90515	628.13049				-158.78607	1561.84692	792.35065	14.00965	1430.67944	527.87378	-245.69629	1449.29749	722.83240	-86.06927	1324.39966	682.80048	-195.48305	1443.55164	545.38104	131.98920	1089.09656	478.00320	-345.62326	1124.47559	755.26099	187.76614	860.21381	484.13306	-321.66534	873.56458	809.42712	-43.13664	1040.68713	675.68036	-162.75800	1014.58698	729.80939	-203.47252	954.65131	466.48007	95.87130	470.41403	542.05096	-145.94928	592.68787	769.86682	102.42549	111.69653	492.69992	-193.13306	302.71661	643.46680	
341	3.400	-41.33488	1476.06482	854.15509	-68.73561	1696.94421	639.86151				-153.92300	1563.36731	803.45850	20.33327	1431.75415	540.08838	-240.13246	1450.82031	734.72382	-81.32116	1326.25916	692.97363	-189.35680	1445.77588	556.52795	140.51997	1091.81921	495.42508	-340.13818	1125.38452	763.69250	200.46504	865.19501	505.97208	-317.81677	873.43054	813.16901	-37.89609	1042.59277	685.65692	-157.80128	1016.86499	740.90826	-198.93237	956.88733	476.50891	94.58792	471.83768	540.51965	-145.89748	598.89020	790.22711	101.16244	113.13619	496.34091	-169.05585	303.16953	667.77112	
342	3.410	-36.49695	1478.31921	866.64923	-62.66068	1697.98694	651.25922				-149.16739	1564.64001	814.90295	26.16402	1433.11487	552.71503	-234.00220	1451.66492	745.74512	-76.29646	1327.28784	704.26709	-183.15036	1447.22705	567.57867	147.70828	1094.78906	512.67657	-335.22635	1126.18726	772.74591	211.50670	870.48596	524.98401	-313.70847	873.03430	816.33038	-33.31916	1044.16418	695.30078	-153.13493	1017.48981	751.29022	-194.51556	958.50049	487.01813	93.03997	473.55771	538.22839	-142.89597	603.09741	809.16327	100.01740	115.45150	498.82388	-147.28909	301.58871	690.80353	
343	3.420	-31.74373	1479.66211	878.94147	-56.75077	1698.16553	662.15961				-143.76724	1566.12549	826.31458	32.31041	1434.39771	564.17163	-228.79144	1452.72998	756.85706	-70.51726	1327.60535	716.41791	-177.39232	1448.88330	579.03595	153.86057	1096.90308	528.82520	-328.77707	1126.05188	780.89410	221.32549	876.42975	543.82062	-310.10156	872.88348	820.19843	-27.98921	1045.05615	706.56836	-147.47502	1018.42249	761.64233	-190.15440	960.30054	497.61206	91.84447	474.10681	535.75049	-142.59979	607.30023	827.85022	98.77283	115.92088	502.65286	-125.98904	298.56622	713.97461	
344	3.430	-27.81350	1481.13257	891.70563	-50.65678	1698.19421	673.56183				-138.93192	1567.06421	837.78754	37.85173	1435.24585	576.21509	-223.68896	1453.36487	768.89648	-65.36688	1327.57471	727.26343	-171.77330	1449.85474	590.33759	159.69019	1098.67273	543.65417	-324.75644	1126.39404	789.91956	229.56544	882.85602	561.42468	-307.43802	872.69159	824.75958	-22.95952	1045.84888	717.13721	-141.94902	1019.41553	773.43512	-185.33768	961.56348	506.93231	90.65992	475.28296	534.83820	-142.83020	610.24835	845.94379	97.17144	117.63560	505.34421	-105.25372	293.98456	737.24652	
345	3.440	-23.16884	1481.49585	903.86340	-45.46836	1698.58228	685.40729				-133.79156	1567.54150	849.19177	43.44931	1435.10876	588.59143	-218.95886	1453.23389	780.34210	-60.79145	1328.02563	737.69690	-166.20102	1450.29053	601.89996	164.01424	1100.11719	557.20349	-319.48416	1126.06604	798.11255	237.00266	889.39557	576.64056	-305.70782	871.99591	828.67822	-16.62076	1047.00061	728.53070	-137.21381	1018.07892	783.29108	-180.32965	962.74805	517.46069	89.33572	475.64645	533.98474	-144.15091	613.57159	863.50073	95.37438	117.94986	508.44083	-87.69481	288.54962	761.72058	
346	3.450	-18.70173	1481.77930	915.35858	-40.31649	1698.26343	696.87488				-129.88312	1568.03479	860.71899	48.82451	1435.68396	600.55457	-213.87018	1453.03589	792.96942	-54.78783	1327.79797	750.75403	-160.96179	1450.59119	613.75653	167.91998	1100.77759	569.67999	-314.16965	1125.08875	806.88855	243.74841	894.63586	593.39545	-304.97870	871.07825	835.31732	-13.05422	1045.06311	738.10358	-131.92052	1018.09937	795.06506	-175.64096	963.53619	527.56873	88.99868	475.83670	533.99725	-145.89844	616.01080	879.64874	93.81741	118.07478	509.79657	-72.07145	281.35126	786.42004	
347	3.460	-14.84668	1481.70483	927.78510	-34.24634	1697.98230	708.47302				-125.81989	1567.81238	872.29626	53.46632	1435.64246	612.10248	-209.44618	1452.74536	805.08978	-50.26271	1326.97388	761.62836	-155.76187	1450.45447	625.80182	170.04619	1100.02063	581.61029	-309.89218	1124.30432	815.52924	250.52460	900.18469	610.38501	-305.06119	870.17120	841.48053	-6.24842	1045.02551	750.43011	-127.12721	1016.42126	803.81604	-170.70605	963.70746	537.59424	88.57929	475.93112	535.44293	-147.43559	617.28552	893.53198	91.84185	118.35609	512.37744	-58.53405	273.81671	812.28857	
348	3.470	-10.95407	1481.37683	939.75330	-29.44226	1697.12000	720.55548				-121.78188	1567.66760	884.06830	58.30000	1435.09216	622.20459	-204.49019	1451.56677	817.74445	-45.60203	1326.30933	773.33508	-151.09137	1450.03333	638.47717	172.45140	1098.85474	594.16968	-305.32205	1122.71167	824.15314	254.78664	903.54602	623.72552	-304.52124	868.63885	848.34808	-2.79911	1042.80481	758.96680	-121.92271	1015.97089	815.69879	-165.36615	963.15076	547.98615	88.56361	476.38953	536.30298	-150.98524	621.94635	910.34583	90.67566	119.26017	513.92218	-47.18571	265.67075	839.42993	
349	3.480	-8.05587	1480.66809	952.47668	-25.15279	1696.58020	732.93774				-117.95618	1567.08704	895.31232	63.04276	1434.95166	634.13702	-199.82866	1450.43127	829.74414	-40.72273	1325.20068	785.68262	-146.43677	1448.74268	650.82733	173.78214	1096.93604	605.87714	-301.98651	1122.33826	833.52759	259.38171	907.82159	638.82385	-304.32535	867.29028	856.10779	3.86618	1042.92310	772.29700	-117.03996	1014.14343	827.06665	-159.51843	962.16821	558.24976	88.62140	477.33688	538.20618	-152.36601	623.71375	924.04633	88.99538	119.11616	514.93787	-36.63226	257.39197	867.32562	
350	3.490	-4.24076	1479.80066	964.89856	-20.45432	1695.23132	745.13428				-114.35630	1565.88599	907.05139	67.52708	1434.14941	646.04181	-195.30777	1449.01367	843.24127	-35.82575	1323.93237	796.14722	-141.72130	1447.95642	663.27002	174.75647	1094.07813	617.35175	-298.52579	1120.92590	842.66431	262.63525	910.47137	652.48755	-304.07019	865.75134	865.33112	7.11553	1039.71082	780.78125	-112.77609	1013.18475	836.13458	-154.42171	961.49365	569.10699	88.92303	477.91016	540.78680	-152.82280	624.89954	937.43762	87.57787	120.28973	515.45032	-28.31355	249.93869	895.89929	
351	3.500	-1.44376	1478.98279	977.18762	-16.31748	1694.30334	757.26324				-110.91227	1564.77783	918.75995	71.79836	1433.52490	657.89728	-191.32405	1447.83472	856.10242	-31.57094	1323.09509	807.94116	-137.74484	1446.66614	676.16241	175.95416	1091.81567	628.51117	-295.45004	1120.16565	851.63019	266.64157	915.16046	671.27515	-303.85648	863.89972	874.36951	12.99690	1038.54553	793.21747	-107.75004	1012.10571	848.46136	-148.88205	960.66382	579.13818	89.88331	478.66980	543.39020	-150.82179	624.84247	950.27118	86.56567	121.52591	515.83881	-21.34590	242.48010	924.12689	
352	3.510	1.41539	1477.75317	990.34686	-12.13059	1692.94861	769.48676				-107.67627	1563.34021	930.47223	75.44507	1432.73059	669.39856	-186.94446	1444.03882	867.97345	-27.01337	1320.96338	819.37787	-133.70207	1445.60413	688.77161	176.67365	1089.17480	639.75415	-292.73218	1119.62451	861.88922	268.47327	914.90216	683.19458	-303.00745	862.54456	884.30664	17.35130	1037.56262	805.02539	-103.03049	1009.76208	859.81165	-143.48138	959.25256	590.34772	90.96095	479.37177	547.48035	-147.83847	623.80908	961.95184	85.49085	121.26243	515.67950	-15.43427	236.22623	953.69171	
353	3.520	4.74685	1476.43396	1002.52112	-8.73856	1691.15259	782.20764				-104.66689	1561.28076	942.41290	79.32819	1431.74915	681.27130	-182.14818	1442.27734	880.63904	-22.16819	1319.87573	831.17645	-129.81360	1443.91980	701.29120	177.90762	1087.37451	650.48352	-290.40289	1119.08582	873.55084	273.77597	918.29126	701.59045	-302.05716	861.34729	895.82690	22.49859	1035.36450	816.83612	-98.32320	1008.04718	871.56860	-138.79521	957.99457	601.73029	93.00051	479.34705	551.83661	-144.20140	622.10126	972.17029	85.61670	123.67850	515.79822	-7.39975	225.78253	980.83905	
354	3.530	6.86085	1474.60938	1015.58990	-4.81635	1689.78259	794.62170				-102.07515	1559.55225	954.64514	82.61801	1430.69775	692.85144	-178.32889	1440.37537	893.74457	-18.53063	1317.25989	844.00494	-126.13127	1442.36572	714.02576	179.01247	1085.50281	661.63977	-288.29813	1117.15015	885.42926	275.13315	918.55127	714.55280	-300.63062	859.37769	907.42175	26.46257	1034.35681	828.21277	-94.28226	1006.05750	883.13721	-134.42313	956.75903	613.34082	93.13904	480.76328	556.14716	-140.02969	618.72009	981.18182	85.65216	125.03302	515.18237	-4.59203	219.01576	1009.66760	
355	3.540	9.51312	1473.04370	1028.32874	-1.45941	1687.87500	807.48529				-99.21403	1557.31055	966.64539	85.87489	1429.49255	705.05090	-174.57471	1437.71936	906.56738	-13.67239	1315.24658	855.61847	-122.85616	1440.70996	726.80042	180.40768	1084.01672	673.19202	-286.56012	1115.16199	897.77203	279.96765	919.86212	731.07349	-299.02609	858.27026	919.30701	30.48039	1032.12488	840.81781	-89.16512	1004.54211	895.45807	-129.72693	954.85577	625.11255	94.45767	480.89896	562.96307	-134.63615	614.09808	989.25531	85.40232	125.81851	515.16266	-5.70060	215.36453	1040.62036	
356	3.550	11.90650	1471.27197	1041.29431	0.76252	1685.98560	820.12671				-96.69725	1555.03162	978.79291	89.11082	1427.89990	717.25891	-170.28983	1435.23523	919.55127	-8.92997	1313.65344	867.75525	-119.80367	1438.55237	739.72742	182.40242	1083.23120	684.97162	-284.28479	1112.57739	910.32153	282.45374	919.73376	744.50708	-297.45825	856.05566	931.57501	33.47981	1029.48730	850.70313	-84.94779	1001.72229	905.92950	-125.93936	953.63123	637.71191	96.06217	481.03870	570.09930	-129.06114	608.16309	996.59515	85.27487	126.75754	514.86432	-1.03910	205.72023	1068.87891	
357	3.560	14.49926	1468.99463	1053.78674	4.03132	1684.12317	833.05566				-94.07800	1553.17725	991.25311	92.07145	1426.27173	729.87061	-166.86868	1433.29834	932.35181	-6.24590	1311.56921	880.76849	-116.96598	1436.54480	752.72998	185.22406	1082.48096	697.41565	-282.97522	1109.75134	923.57336	287.89926	922.71539	763.22064	-295.34973	853.74280	944.33942	40.22738	1029.73120	866.08984	-79.72355	999.11615	920.60278	-122.29837	951.64203	650.17603	98.25517	481.27692	577.91406	-122.35577	599.82196	1001.78955	85.05336	127.69057	514.52704	-2.88828	200.01984	1095.55945	
358	3.570	16.48439	1467.12769	1066.94592	7.23942	1682.23083	845.91730				-92.30390	1550.80396	1003.88135	94.53919	1425.29016	742.63306	-164.01233	1431.07922	946.01172	-2.42630	1309.05139	891.97437	-114.04691	1434.24426	765.52130	188.57336	1081.52246	708.97620	-281.45145	1107.60022	936.57678	292.14349	922.13239	776.15253	-293.36450	851.33136	957.71167	41.62630	1026.47241	876.08337	-75.97076	997.03979	932.79602	-118.96929	950.04224	663.63959	101.06368	481.22211	586.39966	-116.09958	591.87158	1007.58594	85.01583	129.37248	513.40558	-2.39841	195.38574	1124.05969	
359	3.580	18.14353	1465.57898	1079.70447	8.99407	1680.41882	858.98645				-90.63039	1549.02002	1016.31879	97.20361	1423.38928	755.21259	-161.57350	1428.60706	959.20074	0.22556	1307.34082	906.01685	-111.71792	1431.98914	778.67682	193.02806	1080.87805	722.51355	-279.18561	1105.09705	949.91962	295.82297	920.01740	790.43567	-291.67798	849.06146	971.17322	46.03970	1025.27466	889.20062	-71.26055	994.95538	947.15936	-115.36331	947.70520	676.37262	103.55982	480.54703	596.00781	-108.70469	582.98138	1012.79840	85.51544	130.28938	513.38055	-2.41829	189.50926	1152.94080	
360	3.590	19.87231	1463.26770	1092.85718	11.29727	1678.76050	872.08295				-88.57291	1546.95850	1028.87903	99.62620	1422.51196	768.06628	-159.57053	1426.59741	972.32916	2.70202	1305.14526	917.52429	-109.23094	1429.87219	791.87402	197.21539	1080.12573	735.83020	-277.60495	1103.11316	963.56830	300.00430	919.02032	804.60315	-290.18460	847.05347	983.60883	50.36427	1023.77496	902.80573	-66.41379	993.51379	960.83356	-112.16156	945.92725	690.86664	105.92844	479.65982	606.03131	-102.02273	573.43103	1016.98267	85.67368	131.30930	513.55756	-3.23851	185.86771	1180.84094	
361	3.600	21.34170	1461.85828	1106.04175	13.83812	1677.14832	885.30591				-86.60786	1545.25330	1041.97253	102.02599	1421.17358	780.98944	-157.43405	1424.47632	985.92554	5.94115	1304.35486	931.47852	-107.36872	1428.05347	805.48340	201.70569	1079.05469	748.08545	-275.12250	1100.79370	977.05658	303.89777	917.23505	819.00555	-288.27704	844.31281	999.27930	56.66405	1024.07605	918.56152	-62.36712	991.60706	975.39075	-108.59473	943.54193	704.62073	109.14272	477.88086	616.24554	-94.38326	563.26062	1021.33368	86.73064	132.53409	513.34717	-3.61710	185.06255	1207.18335	
362	3.610	22.68484	1460.18164	1119.46887	15.98536	1675.67676	898.89282				-85.23747	1543.73303	1055.06104	104.15993	1420.56311	795.47552	-155.33623	1422.45581	999.30914	8.69436	1302.53943	944.99347	-105.28915	1425.94177	818.87390	206.01654	1077.73547	761.29205	-272.76422	1098.19763	990.71826				-286.80640	842.04785	1013.18854	58.93572	1021.12268	931.57166	-57.70501	989.16125	988.89417	-105.55663	941.77710	718.90771	113.53590	476.60388	626.59833	-87.10815	553.00922	1026.45081	87.72598	134.30316	514.11523	-6.58855	185.78801	1230.35010	
363	3.620	23.76648	1459.07312	1132.91638	16.98372	1674.55273	912.58356				-83.68862	1542.88684	1068.46753	107.48450	1419.85181	809.32159	-153.97919	1420.61975	1012.77246	9.78182	1301.04578	958.20026	-103.17280	1423.87646	832.42615	210.70158	1077.29346	774.37006	-271.67142	1096.39368	1004.89069	311.29462	912.34796	846.53705	-284.81296	839.95886	1028.08484	62.06716	1019.52185	943.54865	-54.36680	987.21692	1003.84796	-102.24529	939.33899	734.34314	118.24347	475.94174	637.16626	-78.63850	543.63171	1032.04028	88.95504	135.55032	514.56702	-9.92971	189.61012	1249.30603	
364	3.630	24.70198	1457.95752	1146.88721	18.34911	1673.05872	926.39246				-82.23221	1541.74207	1081.85022	109.46893	1418.95862	823.89844	-152.66191	1418.73340	1025.99390	12.18970	1299.68347	972.04749	-101.01728	1421.66333	845.71088	215.32707	1076.29626	787.53888	-269.29346	1094.20642	1018.64044	314.42578	908.17212	858.11975	-282.26480	837.83545	1042.37244	66.19284	1018.68610	961.65912	-50.86009	986.04614	1018.32495	-99.81219	937.03381	749.90955	122.54211	474.28677	650.05426	-71.08733	539.25519	1036.40332	90.96725	137.78766	516.90570	-12.56566	195.24045	1265.13672	
365	3.640	25.76355	1457.07544	1160.44165	19.78710	1671.85815	939.40674				-81.47912	1540.68677	1095.68396	110.76965	1417.25195	837.70459	-151.54982	1417.23401	1039.04761	13.81983	1298.35620	986.32172	-99.10739	1419.78357	859.33441	219.87141	1076.15112	800.51794	-267.29117	1092.09656	1032.82666	316.41183	904.39557	870.46881	-279.77875	835.96631	1057.85474	70.21358	1016.63824	975.79645	-48.44580	985.18939	1034.05054	-96.78898	935.46832	764.94592	127.18103	473.20798	662.51459	-64.73116	542.98181	1044.34619	92.44942	140.70137	518.87793	-17.02858	197.66212	1277.24768	
366	3.650	26.75481	1456.42822	1174.47839	19.50158	1670.72668	952.51782				-80.89963	1539.82178	1109.34399	112.74966	1416.32190	852.79553	-151.07437	1415.85815	1053.03735	14.79151	1297.22974	1000.39819	-97.42423	1418.20776	873.14984	224.57700	1075.58289	814.47577	-264.65848	1090.02856	1046.75085	318.89655	900.59625	882.28253	-276.90857	834.08771	1073.49158	73.73469	1015.76971	992.05682	-45.70487	983.87262	1048.63281	-94.63835	933.54028	780.94385	131.40248	471.93918	676.10150	-65.91533	542.84344	1054.69153	94.91132	143.73949	521.46039	-18.22096	201.62288	1289.31433	
367	3.660	26.85011	1456.71313	1188.50537	20.67388	1670.18042	966.39374				-80.38662	1539.07251	1123.05103	115.51284	1416.20459	868.18860	-150.76657	1415.27686	1066.75781	16.35281	1296.54480	1015.77661	-95.74477	1416.95056	886.60797	229.35233	1074.65710	828.50507	-263.25644	1088.91980	1061.31982	320.98453	894.51733	893.69757	-273.59842	832.71448	1088.75122	74.72901	1014.55396	1007.65778	-44.56805	983.36072	1063.44727	-92.91648	931.96002	796.23163	134.94727	470.82520	689.36658	-66.38723	542.31879	1069.14209	97.83065	148.05226	524.55389	-17.85511	202.57932	1300.42285	
368	3.670	28.12195	1456.73291	1202.89844	20.89752	1669.95557	980.04230				-80.14140	1538.67310	1136.52295	117.90154	1416.03650	883.50800	-150.07794	1414.68567	1079.83459	17.00196	1296.41809	1030.68274	-94.03873	1416.89819	900.01184	234.18991	1074.33313	842.52057	-261.04486	1087.70422	1076.00415				-271.00217	832.04272	1105.05701	74.99221	1011.58618	1022.33228	-43.55988	982.62518	1078.84253	-90.07118	931.42566	810.48950	138.38660	470.57693	704.96552	-67.19799	541.40881	1084.61279	100.24384	153.11777	529.16412	-17.39588	201.28072	1312.38342	
369	3.680	28.74036	1457.63940	1217.81995	21.63238	1670.99280	994.80591				-80.52042	1539.14612	1151.17151	119.86388	1416.51465	898.97510	-149.38939	1415.02649	1093.51221	18.18714	1296.94043	1046.15088	-92.51337	1417.59546	913.78320	238.99007	1073.99976	857.16064	-258.94113	1086.90930	1090.51514				-267.59372	831.35254	1120.62830	78.08034	1010.45959	1039.82471	-43.50969	982.43152	1095.02222	-88.62112	931.42334	824.20587	140.99467	470.27100	720.95221	-64.29855	542.72626	1103.66199	102.05229	159.78508	535.38892	-16.40150	200.87747	1325.28430	
370	3.690	29.05558	1459.21741	1232.66077	22.52387	1672.08179	1009.35944				-79.66677	1540.21094	1165.61047	122.40169	1417.39587	914.67157	-149.13841	1415.57678	1106.73108	17.65577	1297.46655	1059.25391	-90.63652	1419.06494	927.33679	243.91577	1074.25452	871.62219	-256.16928	1086.51636	1105.15283	324.42810	878.16241	923.30750	-263.25565	831.40082	1136.26624	75.25694	1008.47900	1053.77625	-44.65718	981.30835	1107.35767	-85.96434	931.13123	837.10028	143.07500	471.49701	737.23376	-66.76639	540.58917	1121.01099	104.99336	166.96417	542.35535	-13.94079	194.47534	1331.86145	
371	3.700	29.40920	1460.94580	1247.75195	22.51921	1673.16663	1024.02832				-79.62450	1541.89258	1180.70398	124.71701	1418.73706	930.88757	-148.76645	1416.91028	1120.18567	18.04469	1298.79456	1073.25513	-88.88108	1421.28394	940.80737	249.32632	1075.40405	886.80585	-253.73514	1087.47961	1120.03162	323.71320	871.74847	932.21655	-259.86725	832.04602	1151.86108	74.98708	1007.49158	1068.68579	-46.92490	981.47174	1121.25488	-83.29462	932.13763	850.12958	145.51541	472.53616	756.35681	-68.20135	545.57404	1140.73560	106.84644	175.56041	553.81866	-12.56453	189.12209	1339.43066	
372	3.710	29.52040	1462.66907	1262.88623	23.90327	1673.64551	1038.31677				-78.57353	1543.44373	1195.38538	126.76637	1420.14038	947.31818	-148.73151	1417.95654	1132.76965	17.40881	1299.36182	1087.93372	-87.39266	1423.34888	953.85114	254.24390	1077.61182	901.96802	-251.86778	1089.34741	1134.81104	323.09140	866.55328	938.70740	-256.01059	833.66541	1168.24866	73.86662	1007.91541	1083.27161	-48.95466	982.62646	1133.41467	-80.16937	934.02008	862.06683	147.89880	474.35162	777.98798	-71.73357	551.72650	1159.23914	109.84544	187.37692	565.17877	-11.77747	183.95088	1345.98584	
373	3.720	29.31310	1464.42749	1277.83472	22.74366	1675.15710	1052.49915				-78.91494	1545.24500	1209.71204	128.72420	1421.75220	963.63336	-148.13145	1420.92944	1144.53748	17.20136	1300.11572	1101.32861	-85.97289	1425.53540	966.76239	258.34473	1080.48938	917.80457	-249.21669	1091.36682	1149.42383	321.62286	861.83972	947.18024	-251.61520	836.53510	1184.72180	72.37575	1009.01025	1097.41394	-51.79619	984.17023	1144.67004	-76.83974	935.53418	874.37622	150.46057	475.85861	803.71283	-75.63420	558.33588	1176.71619	111.65089	198.47121	580.82477	-9.64489	178.57816	1350.52539	
374	3.730	28.88308	1465.77148	1291.97705	23.66523	1675.54590	1065.76794				-79.56937	1546.29211	1223.46191	130.09462	1423.68164	979.83990	-148.91026	1423.72925	1156.48389	17.12899	1302.06995	1116.06787	-84.45377	1427.54053	979.15302	260.90219	1083.26074	933.36389	-247.24445	1094.08252	1163.39343	318.71756	857.17560	952.83557	-247.07715	839.89209	1200.94409	70.83144	1011.28302	1111.23413	-54.26253	987.76697	1157.85291	-72.88481	936.54041	885.94580	153.07031	475.68747	831.45996	-79.40545	563.14063	1193.59326	114.14590	210.54927	600.08105	-9.30912	172.65782	1353.78455	
375	3.740	28.08818	1467.11707	1305.99475	23.40877	1676.43958	1079.57959				-79.59571	1546.80652	1236.64441	131.58240	1425.42932	995.71490	-149.14310	1426.44995	1168.01758	16.33277	1304.58398	1130.31409	-82.71885	1429.35938	990.94214	262.88412	1085.44019	949.31219	-245.93776	1097.21899	1175.54089	315.64343	854.93878	960.29852	-243.17143	843.12946	1217.52930	68.61030	1014.00037	1126.41626	-56.62093	990.24542	1167.03137	-70.20592	937.94757	897.23309	156.74335	473.94092	860.03137	-82.61159	567.33875	1213.50806	118.86512	223.58865	622.49713	-8.69699	167.53796	1355.85413	
376	3.750	27.14841	1468.49048	1319.45911	23.17154	1678.46729	1093.24426				-80.58240	1547.84155	1249.70276	132.99831	1427.62280	1011.13300	-150.03133	1429.13147	1179.18799	16.05371	1307.06921	1145.08044	-81.57446	1431.81262	1003.09753	264.14359	1086.08215	965.69403	-243.07303	1100.09167	1190.36279	312.92862	853.30499	968.24780	-238.97505	846.67487	1234.38721	66.27945	1017.68994	1137.64453	-56.99087	994.47479	1180.72961	-68.10535	940.06946	909.37286	159.40157	472.24811	888.82611	-86.53503	570.29156	1228.73608	121.18668	235.67223	645.24231	-8.88962	164.25368	1358.83423	
377	3.760	26.13722	1469.26685	1332.20068	23.31092	1680.26404	1107.35083				-81.43082	1549.60303	1262.51343	134.39951	1430.10681	1025.53906	-151.12648	1432.35449	1190.17871	15.03961	1309.66235	1158.35413	-79.65203	1433.78076	1014.39624	265.04822	1087.23547	982.05298	-241.09926	1102.90198	1204.69470				-234.73444	850.40424	1251.09827	64.58556	1021.39893	1151.11206	-59.92268	994.43689	1186.91516	-66.20222	941.62579	920.75787	166.54759	476.42484	917.96655	-91.32996	571.22394	1242.59802	124.76523	248.66161	670.40204	-9.28249	160.40132	1360.90503	
378	3.770	24.37756	1470.55615	1345.07715	22.23537	1683.87036	1121.78186	134.08681	1578.19275	1203.29834	-82.78534	1551.81824	1275.34851	135.60742	1431.67078	1040.08838	-152.61967	1435.81677	1201.08337	14.76896	1312.70764	1172.25549	-77.89370	1436.21570	1025.81836	265.70258	1088.39026	998.65454	-239.62476	1106.19678	1217.84387				-231.19649	853.76483	1267.62817	63.96649	1025.39575	1162.83093	-61.25998	999.05035	1204.52332	-64.30473	943.14752	932.25165	174.16232	482.23291	946.16919	-96.43014	571.58728	1254.93921	128.31035	261.71542	696.77692	-9.75116	157.63908	1362.04370	
379	3.780	22.51060	1471.90466	1357.08325	21.50224	1687.29785	1135.71277	133.53575	1580.80383	1219.14282	-83.51628	1553.63562	1287.66223	137.36673	1434.39929	1053.86621	-153.05743	1438.57922	1211.89575	13.81606	1315.46802	1185.29822	-76.42546	1438.48730	1037.60120	265.96716	1089.33240	1015.29248	-237.80940	1108.84180	1230.30737				-227.96881	857.78156	1283.35620	63.14178	1028.10278	1174.83972	-60.89715	1001.58655	1216.24597	-63.17145	945.37793	943.60779	181.39653	487.38123	974.58936	-101.52368	571.28534	1265.48230	131.06505	273.98132	723.07611	-8.99717	154.28448	1360.01819	
380	3.790	19.78595	1472.86865	1367.19702	21.69282	1690.43066	1149.59363	133.24438	1583.89294	1233.81152	-85.20398	1555.81116	1299.39136	137.74051	1436.16333	1066.58252	-153.16481	1441.27051	1222.44617	13.99751	1318.75098	1198.06409	-75.04510	1441.43933	1049.44934	266.15826	1090.83228	1031.22668	-237.02457	1111.90808	1241.98584	294.72571	848.48712	997.69086	-223.65778	861.58972	1299.37463	62.87849	1030.27747	1186.17725	-61.39498	1003.42590	1229.19739	-63.06680	949.00616	955.03107	188.59018	491.72955	1003.05414	-106.67126	570.95581	1273.51855	134.19156	284.23511	750.78809	-8.86151	153.14456	1358.49243	
381	3.800	18.53025	1474.38367	1378.88733	22.07560	1693.17761	1163.22363				-86.30395	1557.08594	1310.78149	139.18246	1438.89001	1080.58984	-153.53258	1444.29919	1232.92224	13.44786	1321.76001	1210.55054	-73.32644	1444.32678	1060.79541	265.33127	1091.88623	1046.94531	-236.87196	1114.97852	1254.29395	292.96988	851.62048	1005.10852	-220.87126	865.44348	1315.07666	63.15793	1033.22852	1198.21985	-60.57549	1004.92871	1239.96497	-63.23088	952.40686	965.95044	196.35161	494.32556	1032.48486	-112.44367	571.21710	1279.98523	138.18506	294.59152	779.22833	-8.82022	152.82578	1357.09851	
382	3.810	16.79767	1476.70642	1391.26489	21.87787	1696.50879	1176.54053				-87.86774	1559.05310	1321.81738	140.85403	1441.85620	1094.80078	-154.24640	1447.36877	1243.34216	13.09328	1324.63098	1223.23828	-71.76898	1447.65149	1072.11230	264.89966	1093.50732	1061.03821	-237.00435	1118.10132	1265.36755	286.06268	853.06024	1015.21991	-217.52400	869.95935	1330.80066	64.48442	1034.60840	1210.47986	-60.76369	1007.73175	1252.63123	-63.71679	956.41187	977.00372	203.69408	494.90439	1060.58179	-118.39503	571.19861	1284.33105	141.90791	303.69965	806.89081	-8.16648	152.62088	1354.83252	
383	3.820	15.00789	1478.67175	1403.25269	21.49517	1699.59521	1189.63794				-89.25164	1560.89941	1333.40527	141.96028	1445.00000	1108.28357	-155.13681	1450.66687	1253.72571	13.28264	1327.23682	1234.70764	-70.12981	1450.50647	1083.10876	263.98251	1095.59851	1074.71643	-237.28036	1121.59875	1276.80371	285.89828	858.33618	1022.54791	-214.71899	874.95135	1346.19958	64.53373	1036.47632	1222.29724	-60.89359	1010.30103	1263.77075	-63.31249	960.27441	988.12610	211.35719	495.09137	1088.30420	-122.97787	571.16046	1286.81580	145.38248	310.87354	835.38177	-8.42326	154.21594	1353.70166	
384	3.830	13.41750	1481.10083	1414.33569	21.18348	1702.71887	1202.25659				-90.64023	1563.86316	1344.94556	143.19113	1448.19727	1122.10669	-155.09044	1453.34924	1263.83655	13.17651	1330.31165	1247.33057	-69.04780	1454.02478	1094.49072	263.64594	1098.18774	1086.29675	-237.51602	1124.81799	1287.73413	281.87704	859.48889	1029.72534	-211.87506	879.40613	1361.37207	65.19436	1039.24219	1235.22668	-62.14863	1012.50732	1273.97168	-62.60013	964.22400	998.74835	219.59668	494.51089	1117.00073	-128.21689	571.71051	1288.45789	148.55818	317.50748	864.16418	-9.14325	155.26677	1353.25745	
385	3.840	12.13727	1483.21924	1426.13110	21.13623	1705.46875	1214.74438				-91.56365	1565.62878	1352.11255	144.11484	1451.43811	1136.58630	-155.63158	1456.40344	1273.92017	12.40659	1333.26843	1258.94275	-67.98589	1457.06335	1105.58508	262.88516	1100.40955	1097.83020	-238.84166	1128.82068	1299.22949	279.56967	863.44208	1039.86328	-209.30556	884.25177	1375.76233	64.77395	1042.29285	1248.12866	-62.91240	1015.06354	1284.66309	-60.40785	968.45703	1009.55035	227.00784	493.80722	1144.90405	-131.73105	570.88141	1289.11902	151.67136	321.41882	895.85419	-9.24502	155.79712	1352.17102	
386	3.850	10.09438	1486.18030	1438.95325	19.90381	1708.18384	1227.11206				-92.74615	1567.70276	1363.58008	144.54129	1454.29578	1149.51306	-156.39896	1459.44031	1284.07141	11.30977	1336.17139	1271.62451	-67.34447	1460.29895	1116.94397	262.69370	1103.50549	1107.01929	-239.17409	1132.26221	1309.76758	272.77969	865.71576	1048.27393	-207.02299	889.20654	1390.39966	64.22625	1044.96069	1261.78833	-64.40025	1018.32263	1294.86157	-58.90400	972.27832	1019.99402	235.44302	493.65369	1173.35046	-135.26596	570.07007	1289.86011	154.96425	326.08929	924.37476	-10.51414	157.73366	1352.57178	
387	3.860	8.41582	1488.77917	1451.06470	19.41287	1710.65405	1239.21765	126.79235	1604.42664	1325.83154	-94.05692	1571.12415	1375.89966	146.11200	1458.38611	1164.68127	-157.74416	1462.65234	1294.21021	10.36661	1338.83130	1283.39600	-66.56390	1463.30957	1128.33533	262.28116	1106.81299	1116.47327	-239.57164	1135.85803	1320.89795	272.64142	869.30634	1054.48596	-204.58846	894.89221	1404.82581	62.26497	1048.60583	1272.65015	-66.25463	1021.59735	1306.18140	-55.97424	975.82306	1030.41687	243.52031	494.03500	1203.21692	-136.84383	569.15802	1289.61536	158.73340	328.64200	956.10132	-12.14897	157.16109	1350.98523	
388	3.870	6.81761	1491.51160	1463.13562	18.03859	1713.24792	1251.19824	125.84413	1606.37305	1337.25977	-95.84978	1573.32275	1387.98059	146.05919	1460.81421	1178.29114	-158.78871	1465.61401	1304.30310	9.15946	1341.47339	1294.45374	-65.83382	1465.95874	1139.48462	261.65765	1109.88940	1125.38928	-240.30109	1139.46655	1331.47070	269.79120	872.76099	1064.63965	-202.83290	899.93213	1418.94690	60.36991	1051.71582	1285.84326	-67.68847	1025.69983	1318.13342	-53.20033	979.20648	1040.53113	249.11972	500.31348	1234.45959	-139.93697	569.36475	1289.52026	163.00096	331.05850	987.01935	-13.68349	156.12553	1348.07166	
389	3.880	4.94063	1494.00745	1475.39722	16.73782	1715.90540	1262.97351	124.46466	1608.49744	1348.45801	-97.47581	1575.66504	1399.02661	146.45615	1463.74719	1191.39600	-159.93205	1468.36523	1314.48169	8.00018	1344.04468	1306.42505	-65.24111	1468.28027	1150.62427	260.31122	1113.27759	1133.87720	-240.83571	1142.63184	1342.00195	263.07956	873.02142	1072.55798	-200.53802	905.47595	1433.20557	58.64333	1054.98669	1297.75671	-69.10204	1028.02527	1328.69519	-49.98799	981.76575	1051.29626	252.35928	511.34280	1265.68945	-143.08586	569.36334	1288.58032	167.47511	332.24521	1019.14954	-16.55492	157.21031	1350.45984	
390	3.890	3.05830	1496.17310	1486.14038	16.17157	1717.67993	1274.73535	123.30512	1610.53027	1359.30505	-99.20682	1578.10327	1410.95203	146.23264	1466.28101	1204.53699	-161.38326	1470.61487	1324.65552	6.71945	1346.27087	1318.09998	-65.20628	1470.66479	1162.32434	259.49780	1115.62952	1141.25427	-241.85109	1145.36633	1352.80603	264.26636	877.59912	1080.75171	-198.89063	909.66431	1447.30164	56.99246	1058.79968	1311.36719	-71.07201	1032.56384	1340.02429	-46.89101	984.09271	1061.82166	253.38246	522.49023	1295.99707	-144.00270	569.14258	1288.41626	171.91817	332.24075	1050.91602	-18.84284	154.48643	1346.20569	
391	3.900	1.12740	1498.15295	1498.68628	14.95316	1719.71265	1285.82959	121.07333	1612.86353	1372.58447	-100.49837	1580.25525	1422.43555	146.06390	1468.23853	1217.49255	-162.63458	1472.77795	1334.73206	6.07052	1348.82556	1330.19397	-63.57474	1471.30725	1173.66736	257.84351	1118.54932	1150.02661	-242.08154	1147.43054	1363.63306	259.49994	878.34351	1091.38306	-196.73598	914.19489	1461.35840	54.70969	1061.06714	1322.54749	-73.19741	1032.29333	1344.53662	-43.85195	986.17072	1072.51331	251.87221	532.36133	1325.17310	-143.99980	568.71649	1288.07751	176.55891	331.61691	1082.69739	-21.83220	153.67957	1347.66248	
392	3.910	-0.33134	1499.81409	1509.72998	13.31196	1721.66345	1297.35791	120.01136	1614.30505	1383.33740	-102.29073	1582.79041	1434.11902	145.27576	1470.31384	1230.01746	-163.63049	1474.39648	1344.67395	4.38096	1350.61169	1342.16113	-62.92239	1472.92688	1184.75916	256.29697	1120.93237	1158.79883	-243.97649	1150.22314	1374.90112	259.47571	882.05103	1099.75989	-194.96581	918.03278	1475.56482	52.79289	1063.93396	1335.48975	-74.39938	1036.08521	1361.83521	-41.11837	987.81000	1083.24329	249.23338	539.95050	1353.51160	-144.43724	569.02399	1288.18579	180.95193	328.98593	1115.65063	-25.78425	150.28935	1344.99719	
393	3.920	-2.09658	1501.61511	1521.30261	11.88828	1722.94495	1309.21301				-104.16327	1584.00269	1445.30359	145.75366	1471.81177	1242.61523	-164.87981	1475.95142	1354.70300	3.80797	1352.39929	1354.50952	-62.00990	1474.16553	1195.81897	254.27777	1122.71887	1168.05200	-244.70502	1151.40210	1385.91882	258.68558	884.72437	1110.40027	-192.90265	921.97485	1489.34558	51.80457	1065.83691	1347.52307	-76.06102	1037.71948	1372.39087	-38.09361	989.72321	1094.18994	245.07677	546.92303	1380.68884	-143.00143	567.51526	1287.29321	185.75525	325.74960	1149.23022	-29.52533	148.57266	1345.13745	
394	3.930	-4.29540	1503.11279	1532.39783	10.91177	1723.89282	1320.58960	116.54902	1617.58435	1408.39282	-105.64523	1585.00195	1456.26648	144.43587	1473.26245	1255.34192	-166.08652	1476.71802	1364.73450	3.34524	1354.02539	1366.59509				252.20085	1124.19958	1177.81897	-245.61856	1152.24109	1397.25854	256.23929	885.69568	1121.35449	-191.04085	925.12939	1503.10767	49.96060	1066.92627	1360.02039	-78.06349	1039.14417	1383.29346	-34.78685	990.86285	1105.60010	240.69542	553.17914	1407.40405	-141.39523	567.07385	1287.75757	189.88974	322.33539	1182.60974	-33.84325	146.06311	1344.96692	
395	3.940	-6.51957	1504.94385	1545.23840				115.03902	1618.39966	1418.83777	-107.69286	1585.80701	1467.48938	144.47392	1474.03857	1268.45190	-167.84329	1476.59058	1371.44263	3.16627	1355.89392	1379.26331				250.85431	1125.70837	1188.10986	-246.24698	1153.37878	1408.68164	255.76117	886.17181	1129.82629	-189.25742	929.27087	1517.65454	48.81258	1067.23926	1372.36255	-78.69368	1040.40234	1394.47241	-31.83838	991.96124	1116.58228	234.30034	559.22485	1432.54773	-139.40251	567.42548	1289.29822	194.53813	318.28860	1215.66235	-39.11399	144.85471	1342.91333	
396	3.950	-8.62561	1505.97131	1557.53101				112.82323	1619.81104	1431.47937	-110.16335	1586.62549	1478.91919	144.30673	1474.96057	1280.54468	-168.97995	1477.26147	1381.26807	2.02425	1356.37463	1390.82068				248.99567	1126.70850	1200.03491	-247.24297	1154.22693	1420.06116	248.69431	885.73859	1142.13184	-187.62819	931.57507	1530.84534	48.37198	1067.91870	1385.34692	-80.37446	1040.27295	1402.59009	-28.73731	992.54871	1127.65271	226.14572	562.53998	1455.24963	-137.75908	568.67426	1291.89502	198.89197	312.31470	1249.58240	-43.80175	142.89456	1339.17554	
397	3.960	-10.45648	1506.74646	1569.01526				111.33668	1620.70898	1442.83911	-111.85841	1587.57764	1490.76001	143.80043	1475.38684	1293.32629	-170.27985	1476.85974	1390.95740	1.10348	1357.25195	1403.00610				247.84370	1127.13123	1210.65735	-248.04199	1155.16956	1430.03967	254.64290	888.35828	1152.49341	-186.16507	933.61719	1543.93640	47.24380	1067.74048	1397.89893	-81.06329	1041.73840	1415.36243	-25.56085	992.49060	1138.81348	219.94116	565.58588	1477.06030	-135.46826	568.05206	1293.61414	202.89076	305.94247	1282.81824	-48.74434	143.58235	1338.24951	
398	3.970	-12.73652	1506.91333	1580.13477				109.79253	1621.22034	1455.03833	-113.96423	1587.60229	1501.92810	142.88524	1475.26343	1305.65344	-171.75523	1476.63599	1401.31458	-0.12724	1357.68445	1415.04553				246.86002	1126.95276	1223.21558	-249.15349	1155.55347	1441.02368	254.74760	889.09656	1163.28748	-184.71071	935.22113	1556.86365	46.86354	1067.20850	1410.84131	-81.53462	1040.93823	1425.21289	-22.84930	992.64734	1150.62097	212.30431	568.15125	1497.77173	-133.06572	567.52563	1295.77576	207.10434	297.33221	1317.03955	-53.32433	143.51863	1335.99377	
399	3.980	-14.49340	1507.34460	1591.40759				107.87820	1621.17175	1466.63159	-115.76171	1587.43823	1511.60596	141.51532	1475.95508	1318.31750	-173.50946	1475.82397	1411.16016	-1.49563	1357.44629	1427.14111				245.92168	1126.99414	1235.69312	-250.54622	1155.76184	1451.88879				-183.81763	935.54736	1564.65649	45.71686	1066.72974	1423.33337	-82.65260	1041.18860	1435.21973	-20.62091	992.91150	1162.36060	204.97023	570.24493	1517.40186	-131.68681	567.58533	1298.71655	211.08449	287.90430	1350.85767	-56.90252	142.95877	1333.29199	
400	3.990	-16.64770	1507.29272	1603.64441							-117.59760	1586.83679	1523.63464	141.72327	1475.77661	1331.07178	-175.45918	1475.29077	1421.99353	-3.21502	1356.86890	1437.43701				245.06297	1126.67554	1248.93286	-251.70137	1155.26575	1462.02075	256.12421	889.93054	1188.00244	-182.76324	936.96729	1577.31287	45.04295	1065.35693	1436.13428	-83.55564	1040.10974	1446.05396	-18.20833	992.32196	1174.00110	197.64230	570.24829	1535.75549	-130.10793	567.50964	1301.58936	215.47577	277.25598	1384.28320	-58.75694	142.69576	1331.17065	
401	4.000	-19.06170	1507.21423	1615.26660	103.92771	1621.00146	1490.91223				-119.83426	1586.20752	1535.27478	140.43083	1475.17590	1344.47742	-177.20276	1474.91614	1432.23889	-4.70295	1356.15869	1448.98096				244.32545	1126.35657	1263.59241	-252.36081	1154.50098	1472.60693	258.09708	889.97821	1201.50977	-180.22417	939.32770	1593.72656	43.29737	1064.24329	1448.67896	-84.50756	1039.89453	1456.62024	-14.39534	991.24908	1186.10864	190.95921	571.01752	1553.04150	-127.46808	567.11810	1304.79810	220.38599	265.64883	1419.01807	-60.15388	141.77261	1330.13940	
402	4.010	-21.84114	1506.28064	1627.03125							-121.88925	1585.56775	1545.12463	139.40338	1474.52722	1357.74622	-178.69051	1473.14294	1441.08398	-6.89111	1355.21777	1460.17847				244.33847	1126.41260	1276.79565	-253.35843	1153.44946	1483.31201	259.07346	889.86731	1213.40674	-180.15312	938.13690	1600.89600	41.41946	1062.83533	1461.40259	-85.91483	1039.38855	1467.95154	-11.68354	990.35547	1198.49268	182.59412	569.28821	1568.47327	-124.54202	566.81299	1308.77954	226.32799	253.12987	1453.91101	-61.61884	140.65794	1329.00366	
403	4.020	-23.84310	1505.52942	1639.07837							-123.50158	1583.90149	1557.28735	137.58932	1473.45081	1370.00085	-180.71994	1472.09290	1451.08203	-9.15756	1354.24805	1471.81860				245.01193	1126.03271	1290.77563	-254.34344	1152.12866	1493.85010	260.20609	888.00513	1228.05273	-179.68393	938.35150	1612.87573	39.07754	1061.75012	1474.29810	-88.64751	1035.26440	1471.76257	-9.65519	989.42456	1210.57324	174.77873	566.88739	1583.33936	-121.54269	566.48657	1313.91357	232.22910	240.32159	1487.30066	-62.11753	138.75288	1328.37476	
404	4.030	-25.25903	1503.66211	1650.00952	99.27713	1618.06519	1527.86206				-125.09201	1582.61633	1567.89063	136.39012	1472.63123	1384.80505	-183.22578	1471.11572	1461.95972	-11.71495	1352.54248	1482.65637				245.48878	1125.90039	1304.02820	-254.47026	1151.14160	1503.96179	263.70270	889.68060	1240.42542	-178.44199	938.32092	1623.87842	36.84923	1060.43420	1487.20605	-90.13337	1034.58826	1481.75586	-7.21792	987.90845	1222.34180	166.82668	562.89966	1595.98267	-118.27382	566.12366	1319.44543	239.28937	227.00084	1523.03308	-61.75496	134.69279	1324.33997	
405	4.040	-27.73893	1502.29663	1661.56628	97.67210	1616.55981	1539.45447				-126.86036	1580.65002	1578.06873	134.91373	1471.35193	1398.53650	-185.19630	1469.57178	1470.37634	-14.10977	1351.20996	1494.47949				246.36421	1125.38684	1318.06763	-254.78665	1149.91089	1515.20691	265.80539	889.18274	1254.86621	-177.78018	937.95959	1635.33997	34.09395	1059.20972	1499.85718	-93.27259	1033.39514	1492.80078	-5.03526	986.75732	1234.70105	159.05304	558.05157	1607.13269	-114.25163	565.25214	1324.79285	246.23517	214.67859	1558.75732	-60.64844	132.94725	1322.48303	
406	4.050	-29.69863	1500.57678	1672.50549	96.08534	1614.74170	1550.85718				-128.45828	1579.39636	1589.75342	132.64258	1470.38049	1412.73926	-187.42772	1467.68555	1480.39026	-17.10526	1349.25781	1506.53943				247.15770	1125.32532	1331.90161	-254.52641	1148.72766	1524.93579	269.31345	888.59174	1268.20447	-177.18777	936.93933	1646.38074	30.43673	1058.29358	1513.35681	-95.48473	1031.75757	1503.53369	-2.65818	984.65613	1246.78479	151.68475	552.20819	1617.23132	-109.98003	564.07153	1330.91394	252.17805	203.17004	1594.32910	-59.77573	132.84622	1321.86597	
407	4.060	-30.75192	1498.37463	1683.50525							-129.76636	1576.69751	1601.11182	130.89897	1468.97241	1427.29285	-190.06076	1466.41724	1489.77869	-19.77936	1347.24365	1518.33081				248.22435	1124.64832	1347.04688	-254.54820	1147.18909	1535.66187	271.03751	888.51135	1284.32080	-176.30873	935.46753	1656.25415	28.19911	1056.40125	1525.40039	-98.12284	1030.55737	1512.85779	-0.44831	983.09576	1259.21301	144.04485	544.59943	1625.69836	-106.26776	563.35834	1337.35278	256.73297	195.66920	1631.41187	-57.79327	132.22276	1322.34814	
408	4.070	-32.37737	1496.07190	1696.16345							-131.26585	1574.22803	1612.07935	128.92152	1466.93494	1442.64465	-193.30334	1465.12073	1500.05444	-23.41357	1344.72559	1530.76965				248.95056	1124.49890	1361.45056	-254.03970	1145.75562	1545.70752	273.99490	888.04858	1298.04333	-176.26596	934.21753	1667.71240	25.58250	1054.90283	1539.11487	-100.43050	1028.37561	1524.56189	1.49300	980.97656	1271.20435	139.13612	534.83411	1632.24438	-102.61248	562.16766	1344.34436	258.26721	191.49092	1669.78906	-57.80756	133.42534	1325.92786	
409	4.080	-33.62593	1493.80627	1708.35632							-132.55830	1572.05847	1623.38306	126.62968	1465.36877	1457.67651	-195.98103	1463.64307	1510.18787	-26.47104	1342.43652	1541.30542				249.76952	1123.61755	1376.43933	-253.76570	1144.02234	1556.78528	275.96124	886.89948	1312.60864	-176.10861	932.72516	1678.34998	22.64506	1052.76831	1550.81958	-103.00366	1025.50500	1535.24365	3.56252	978.42706	1283.82825	135.77876	523.23926	1636.03772	-99.57572	560.84216	1352.40845	254.13251	192.10208	1709.57202				
410	4.090	-33.95131	1491.22375	1719.06458							-133.38452	1569.80444	1634.83801	123.61894	1463.39172	1472.14087	-199.21780	1461.22083	1518.51318	-30.09994	1340.39966	1554.87842				249.78119	1122.93640	1392.12927	-253.38173	1142.15381	1567.05884	278.15021	886.12714	1327.48059	-175.79024	930.31903	1688.55945	20.21929	1051.41956	1565.02136	-105.09640	1023.34644	1547.73865	5.64752	976.30188	1296.26331	130.69328	513.50781	1634.84180	-95.04945	558.26611	1360.78687	247.20512	197.52090	1746.63977				
411	4.100	-34.80235	1489.21484	1731.10486							-133.77145	1567.70984	1646.61475	120.40008	1461.48108	1486.87683	-202.32832	1459.19788	1529.08655	-34.36852	1338.06140	1566.05872				249.81197	1122.21545	1407.40137	-253.51152	1140.01672	1577.14587	281.15039	885.84241	1342.82324	-175.66451	927.54266	1698.61707	18.20114	1048.80212	1577.08630	-107.08118	1020.76324	1559.63318	7.50519	973.89069	1308.47327	129.23445	506.73862	1639.45032	-91.42474	555.94849	1369.19812	236.58055	205.01364	1780.90344	232.14099	1111.98730	1350.68726	
412	4.110	-35.26116	1486.60413	1742.68384							-134.85660	1565.99988	1660.47400	117.74669	1459.62024	1501.89636	-205.73773	1457.10864	1540.67334	-38.15781	1335.26855	1578.54260				249.52156	1120.92224	1423.16138	-254.40648	1137.77820	1587.28113	283.83615	885.67542	1358.64209	-176.07727	925.02234	1709.17212	16.52621	1046.56079	1590.50208	-108.39612	1017.60370	1572.29443	9.36019	971.20123	1320.07776	123.47871	501.95242	1642.79028	-88.73765	553.83435	1378.72791	223.93562	214.76102	1811.31909				
413	4.120	-35.18823	1483.88635	1753.63684	-15.55432	1700.98999	1531.15735	89.19552	1595.00244	1629.14355	-135.21747	1564.29663	1673.41187	114.18721	1457.55554	1516.45459	-209.46811	1453.98486	1550.68335	-41.59360	1332.55127	1590.65308				248.37032	1120.01953	1438.52698	-254.85606	1134.62183	1598.00049	286.00623	886.03436	1375.09839	-176.32375	921.96857	1719.31128	15.25583	1043.67969	1602.05725	-109.85920	1014.38110	1586.04431	9.97191	968.24933	1333.33899	116.39550	500.44675	1651.16699	-86.79865	551.19452	1388.42188	210.48647	226.55919	1838.40173				
414	4.130	-36.43599	1482.18677	1767.08655	-17.07375	1697.66772	1542.31677	87.64839	1592.10645	1640.51990	-135.81104	1561.93665	1686.89783	111.06138	1454.87219	1530.63635	-212.75780	1451.61169	1562.13135	-45.23590	1329.77344	1603.01587				247.62418	1118.58997	1454.40247	-256.27283	1131.63904	1608.19202	288.43723	884.65887	1390.38513	-176.93063	918.71393	1729.02332	14.08929	1041.06738	1613.87744	-110.98697	1011.00421	1598.93787	10.37356	965.50751	1347.08191	107.63036	499.25308	1660.88428	-85.52967	548.75879	1398.98486	195.54015	236.52557	1863.19141				
415	4.140	-36.28351	1479.43762	1779.62378	-18.90583	1694.37708	1553.78369	86.14579	1589.08789	1651.51831	-136.51718	1560.01917	1700.36438	108.19992	1453.02014	1546.10791	-215.79295	1448.13464	1573.39026	-48.71082	1326.41638	1615.19812				246.61256	1117.43091	1470.66333	-257.28806	1128.07214	1618.51074	289.76654	883.99139	1406.29016	-177.88290	914.60492	1738.38660	14.01368	1037.83984	1625.87537	-112.38194	1007.06665	1611.56836	10.70286	962.12115	1360.60608	97.84552	498.37793	1673.75464	-84.99429	546.47034	1409.54297	180.84818	246.37724	1886.72290				
416	4.150	-36.87190	1477.88037	1793.13049	-20.93395	1690.97241	1565.42651	84.22879	1586.02637	1662.95190	-137.55009	1557.87524	1713.98804	105.65414	1451.08240	1559.80200	-218.66603	1444.31970	1584.30530	-51.96201	1323.57056	1627.56128				245.25316	1116.41150	1486.37878	-260.29080	1123.73633	1628.72473	291.72208	883.54590	1422.11682	-178.79211	910.52802	1747.83594	13.44822	1035.36633	1639.10046	-113.46228	1003.30212	1623.46143	10.07037	958.86847	1374.34131	88.38761	498.01160	1688.03088	-85.25547	544.18976	1420.22144	166.35976	255.71191	1908.98279				
417	4.160	-37.19373	1475.76135	1805.88477	-22.78242	1688.61133	1577.91089	82.89418	1582.73181	1673.82178	-138.88065	1555.63855	1727.47070	103.11233	1449.39404	1574.45959	-221.32597	1441.18164	1596.48621	-54.27536	1320.80859	1640.80640				244.04227	1114.30078	1502.56311	-260.95325	1117.87402	1635.33350	293.21179	883.72717	1438.57288	-180.53412	906.23773	1756.59949	12.71801	1032.84021	1653.17297	-114.80653	999.50372	1635.41992	8.92649	955.98193	1388.13708	77.66809	498.51443	1702.07935	-87.04814	541.39886	1432.11218	151.05850	263.38269	1929.92908				
418	4.170	-38.44117	1473.96252	1819.14661	-25.26744	1686.01892	1590.43457	81.04726	1580.26086	1685.93408	-140.27194	1553.42188	1740.82349	101.20652	1446.88367	1588.74988	-223.85599	1438.09204	1608.48254	-56.77694	1318.47192	1653.90564				243.46487	1112.91431	1518.05542	-264.09668	1116.16528	1648.98547	294.27563	882.36035	1454.48608	-182.82153	901.59558	1765.97803	11.74263	1030.78528	1666.75452	-115.55645	996.27917	1648.25256	7.74776	953.43372	1402.68164	68.21453	498.89767	1718.25427	-89.51647	539.17816	1443.98828	135.13969	269.21384	1949.61084				
419	4.180	-39.75723	1471.83630	1831.92651	-28.16053	1683.63953	1603.73767	79.12617	1578.06970	1698.70813	-142.26369	1551.52563	1755.06921	99.19337	1444.93225	1602.55969	-225.82497	1434.84094	1619.15088	-59.34919	1316.02112	1666.86743				240.73796	1110.71924	1534.39014	-265.83200	1111.75342	1658.57617	295.50623	881.73389	1470.47522	-185.44342	896.44965	1773.03418	10.44057	1027.47534	1681.11963	-116.64806	993.27197	1661.42908	6.73910	950.94379	1416.92029	58.93402	497.55090	1732.10950	-93.01424	536.18091	1455.31653	117.55150	273.70859	1967.51965				
420	4.190	-42.14031	1470.49585	1846.07861	-30.27057	1681.17529	1615.74036	76.75133	1576.37341	1712.68164	-144.28448	1549.68982	1768.49719	98.02704	1442.51843	1617.55725	-227.68460	1432.13965	1631.91650	-61.61657	1313.78894	1679.85974				239.78313	1108.20032	1549.44177	-268.04807	1108.31372	1668.32361				-189.31155	891.28040	1780.82642	8.17038	1025.75549	1695.73596	-118.39703	991.02771	1675.08252	5.34473	949.24451	1431.11035	48.24528	497.10727	1748.54736	-97.45707	533.74933	1467.86682	99.61310	276.37222	1984.85010				
421	4.200	-44.63967	1469.36694	1859.96094	-32.65935	1679.06982	1628.58093	74.78327	1575.38232	1725.70850	-146.28072	1547.22961	1780.39783	96.38098	1440.01941	1630.87561	-228.93054	1429.54163	1643.99731	-63.63105	1311.86792	1693.54297				238.76993	1106.51733	1565.08252	-270.40189	1104.89111	1676.94531	296.77393	880.22766	1504.29382	-193.03737	885.84546	1788.66724	5.81461	1023.69598	1711.17529	-121.10107	989.04639	1688.60254	4.41492	947.30334	1446.15613	39.82303	495.50146	1764.11230	-101.52700	530.86847	1479.76184	82.29282	277.56070	2001.54675				
422	4.210	-46.99712	1468.54468	1873.21973	-34.75716	1676.92981	1640.18323	72.72525	1574.35913	1739.07019	-149.58041	1544.30762	1791.97424				-230.45694	1426.92578	1655.86938	-65.28510	1309.62524	1706.91003				237.05556	1103.86853	1580.54980	-272.56860	1101.96057	1686.62610	296.36652	878.29468	1519.04773	-197.80379	881.27997	1796.12891	1.98225	1021.79724	1726.82080	-123.48084	987.10248	1701.97375	4.53315	944.79163	1462.02185	31.92286	493.63498	1779.69861	-106.53746	527.71082	1492.06152	64.59415	277.82297	2017.61719				
423	4.220	-49.98695	1467.89856	1887.07202	-38.23011	1675.35425	1653.59998				-152.35721	1542.57629	1804.50574				-231.43483	1424.62830	1667.15613	-66.70947	1307.54590	1720.49976				234.95070	1100.73071	1597.40894	-274.61737	1099.01770	1695.53479	297.61353	877.35590	1536.74426	-202.32301	875.83063	1802.75476	-2.10659	1020.18073	1742.77295	-126.76611	985.05219	1715.35083	4.19383	942.72748	1477.82202	25.47913	492.43860	1796.55151	-110.36712	524.03625	1505.30652	47.61567	275.94791	2032.96436				
424	4.230	-53.06038	1467.68066	1900.36292	-40.55008	1673.27258	1664.94958	67.34126	1575.05310	1768.01453	-156.07005	1540.47498	1817.18677				-232.86284	1423.28625	1679.31189	-68.13478	1305.71692	1734.47705				234.37231	1098.27234	1613.43872	-276.79465	1096.54443	1704.90845	297.61154	874.65991	1551.93982	-207.49632	870.11841	1808.92847	-6.25417	1017.91064	1758.24622	-131.33839	983.33630	1729.94910	4.21390	939.91547	1494.08374				-116.32296	520.63684	1518.31848	29.97251	274.14374	2047.22668				
425	4.240	-56.67719	1468.66528	1913.38220	-42.41439	1671.55896	1676.03467	64.40151	1574.80957	1781.89624	-159.13351	1539.14954	1827.84692				-233.94121	1421.35669	1691.03760	-69.92178	1304.11548	1749.59082				233.62341	1094.89795	1628.63977	-278.89749	1094.03711	1712.71411	297.49445	872.24359	1567.81982	-213.69020	865.36316	1815.62708	-11.08845	1015.64612	1774.52759	-136.44887	982.06708	1745.95862	4.91887	938.27740	1510.35046				-124.77795	518.20746	1528.80603	12.73793	270.46332	2062.56445				
426	4.250	-60.47743	1470.54797	1927.49023	-44.85976	1669.55725	1687.01111	61.95250	1576.43860	1795.26453	-162.42934	1538.48694	1840.84985				-234.84711	1420.29712	1702.61646	-71.25320	1302.60168	1763.90955				232.04251	1092.92505	1645.54443	-281.25793	1091.75525	1721.09155	297.59613	868.99127	1584.75842	-220.18138	860.69226	1821.78906	-16.21868	1013.45587	1790.84106	-140.63841	980.75690	1760.09253	7.07075	935.95996	1525.76636				-131.03008	514.09937	1541.14478	-3.76930	266.89044	2077.11133	-17.74501	126.70454	1366.35352	
427	4.260	-64.38070	1473.33142	1941.84167	-48.04649	1668.93774	1698.65576	58.72908	1577.67786	1809.71814	-165.68571	1538.51331	1850.98376				-236.30389	1419.69775	1715.21143	-72.76205	1301.25757	1777.71948				231.86133	1089.60413	1661.48853	-283.68295	1089.56201	1730.75452	297.53775	867.22137	1599.87769	-226.56354	856.15967	1826.44763	-21.03538	1010.63715	1807.23376	-145.09331	979.73682	1773.70264	8.98932	934.54303	1541.81738				-137.43590	510.07336	1555.88452	-19.73600	260.84363	2089.27002	-20.93527	130.69720	1377.71521	
428	4.270	-67.65650	1476.80347	1955.78040	-49.48141	1668.78076	1709.97034	56.17964	1578.92017	1822.24207	-168.92232	1539.78174	1864.74976				-237.38029	1419.00635	1726.85876	-76.07401	1300.86646	1793.86145				231.28542	1088.15552	1677.17151	-286.08765	1088.37476	1738.87439	296.69308	864.02679	1615.90283	-234.05106	851.78204	1831.66223	-25.31498	1007.36279	1822.30481	-148.84441	979.63202	1786.77051	10.76378	932.53351	1556.44067				-143.63066	506.80322	1570.70532	-35.46097	255.20331	2102.35181	-23.55173	136.33675	1391.92395	
429	4.280	-71.46235	1480.79272	1970.88074				53.11164	1580.54395	1835.47205	-171.33922	1541.96094	1876.14661				-238.88644	1417.99231	1738.10840	-77.97969	1299.75781	1806.33154				231.48337	1086.45361	1693.67468	-288.68256	1087.07727	1747.37671	297.10858	862.92780	1633.10986	-241.88896	848.22894	1835.47522	-28.47855	1003.96790	1836.75769	-151.66603	978.64703	1796.81470	13.03718	931.66058	1570.56873	-89.52760	223.20497	1516.67822	-149.38463	504.13766	1585.27844	-50.37937	246.50221	2112.42261				
430	4.290	-75.13766	1485.57019	1985.47522	-52.76614	1664.37683	1727.07373	50.66329	1581.50610	1847.38904	-174.49861	1543.83923	1886.69373				-240.51840	1416.87537	1749.79016	-81.71288	1299.36902	1821.85632				231.67862	1085.30518	1710.28418	-291.40265	1086.21472	1755.05737				-250.23265	844.45148	1840.13818	-30.90989	1000.89880	1850.11121	-153.46741	978.31439	1807.87878	14.19605	931.02673	1584.74573	-94.69574	226.82010	1537.81067	-156.13896	502.18509	1601.99280	-63.99099	241.55713	2124.68896				
431	4.300	-78.47851	1490.28149	1999.27271	-54.45611	1663.79553	1738.97852	48.09175	1583.26453	1860.30884	-177.02052	1545.54224	1898.66602				-242.47180	1416.70618	1761.87085	-83.85368	1298.09326	1834.17737				232.10422	1085.02759	1727.21936	-294.15628	1085.11292	1763.46472				-258.08954	841.18427	1843.69604	-32.76429	999.42181	1862.13721	-153.74464	977.21454	1817.16724	15.29139	931.36688	1597.48779	-99.19196	230.66693	1554.62561	-163.57674	503.03934	1617.03674	-76.46047	234.39479	2132.26440				
432	4.310	-81.71278	1495.70081	2012.31628	-55.94749	1661.86597	1746.86267	46.30254	1583.96313	1871.72595	-179.89415	1547.31042	1910.47278				-244.02477	1416.67358	1774.21265	-86.68652	1297.74280	1847.91663				232.27205	1085.51697	1744.34985	-296.97635	1084.25696	1771.20532				-266.62683	838.69159	1847.89832	-33.43747	999.00696	1873.33850	-154.46428	976.70142	1828.62646	15.07223	931.15997	1609.35852	-102.95022	231.83432	1569.05066	-169.78757	503.20926	1632.30383	-89.18864	224.24959	2134.50415				
433	4.320	-84.86973	1500.74524	2024.84155	-56.87281	1659.43481	1754.45959				-182.77539	1549.66919	1920.92493				-245.43626	1416.79407	1786.78760	-89.11413	1297.14648	1861.05811				231.91289	1086.60754	1760.64221	-299.91190	1083.84351	1779.73059				-275.51862	836.34760	1851.19788	-34.33540	1000.29419	1885.23450	-155.13434	976.76300	1839.21863	14.48078	932.01953	1622.45032	-45.02154	163.83041	1469.01514	-175.34537	504.28900	1647.29712	-100.39837	216.75531	2139.64160	-5.50834	494.19589	1964.16467	
434	4.330	-88.03709	1505.61011	2036.86914	42.13633	1586.00964	1893.26465				-184.67093	1551.96655	1931.35229				-246.50620	1416.14355	1797.84448	-91.31106	1297.43359	1873.56592				230.86484	1088.32361	1777.08728	-303.50821	1083.58301	1787.43884				-283.98630	833.97510	1853.30176	-35.00930	1002.43854	1896.00317	-156.20134	976.45178	1849.96082	13.19372	932.63239	1633.56238				-181.44624	505.14282	1662.89807	-109.95214	208.70358	2142.53149	-4.88175	499.71686	1984.75513	
435	4.340	-90.82980	1510.06384	2048.54346	39.68041	1587.67517	1904.37451				-186.92018	1555.63318	1942.47754				-248.42778	1416.32092	1808.12061	-93.27012	1297.95898	1886.27527				229.10277	1090.15369	1792.42957	-305.57257	1084.21973	1789.45398				-292.64056	832.17896	1856.70850	-35.16487	1004.30743	1906.36096	-157.15604	976.94983	1861.02283	11.82374	932.94080	1646.22058				-186.55936	504.68686	1678.98975	-119.08233	200.15007	2142.32007	-5.85879	503.66727	2006.70898	
436	4.350	-93.68262	1514.69031	2060.17212	38.08405	1589.30493	1915.00391				-188.96753	1558.73071	1951.72473				-250.21599	1416.54272	1818.16809	-95.49259	1298.81799	1897.45837				227.30067	1092.51428	1807.73682	-309.02554	1084.97559	1797.94824				-301.76511	832.11401	1861.32483	-35.19920	1007.32550	1917.01807	-157.90787	977.72021	1872.73511	10.27667	933.46460	1655.66809				-190.98227	503.66574	1696.03687	-125.85010	194.54536	2141.52197	-6.37253	507.56476	2028.54895	
437	4.360	-95.84232	1519.11340	2071.10645	36.58473	1591.63635	1925.62708	70.89890	1428.66809	1882.01855	-190.94130	1562.06812	1962.24426				-252.12654	1419.07227	1829.13611	-98.25540	1300.89001	1908.47668				224.81563	1094.91943	1822.67090	-312.30740	1085.50928	1805.47815				-309.83496	831.16290	1864.02551	-35.47999	1010.99133	1927.87573	-157.91110	978.57898	1884.38477	8.63032	935.45398	1666.70618				-196.60732	503.43137	1712.05334	-130.75323	189.45160	2139.34692	-7.84717	507.68814	2042.47510	
438	4.370	-98.15284	1523.51489	2081.02954	35.12255	1594.07056	1936.18347	68.42515	1432.02747	1893.61975	-192.62842	1566.69702	1972.50952				-254.36594	1419.81543	1836.73242	-100.82864	1303.05127	1919.67688				221.71988	1097.54163	1836.64758	-315.56747	1087.14575	1813.89905				-318.73734	832.04968	1866.87537	-34.92306	1013.02692	1937.27039	-157.40501	980.27557	1895.04797	7.87831	938.52240	1675.15088				-202.73624	503.65070	1729.86060	-134.09590	188.56360	2135.07446	-6.68160	512.65118	2057.57935	
439	4.380	-100.44368	1527.55737	2090.56274	33.90845	1596.78125	1946.00854	66.13415	1435.38367	1904.99561	-194.57210	1570.90454	1982.05554				-255.99969	1421.88831	1847.07263	-103.42224	1306.99646	1932.07617				218.25603	1100.28198	1849.08105	-318.83325	1089.23376	1820.41211				-327.16568	833.17767	1869.41992	-35.17237	1015.57220	1947.36853	-157.39697	982.51300	1905.88843	7.77778	941.66357	1685.47986				-208.63350	505.72714	1749.93774	-135.57545	190.12193	2130.51831	-4.50042	518.59991	2067.50513	
440	4.390	-102.50772	1531.84595	2099.88696	32.18467	1599.59583	1955.82153	64.06642	1438.75305	1915.58948	-196.22511	1575.89111	1990.66980				-258.67053	1424.44446	1855.37024	-105.47653	1309.92871	1941.92712				214.56369	1102.99158	1861.34473	-322.10468	1091.84546	1826.64990				-335.64993	836.09381	1872.90515	-34.36507	1018.03040	1956.22156	-157.44058	984.84058	1916.32556	7.43349	945.59918	1694.87634				-215.01978	510.15091	1772.46143	-136.83313	194.21251	2127.83667	-1.22025	524.00220	2076.05005	
441	4.400	-104.60413	1536.16492	2110.09302	30.47118	1602.64478	1964.21570	61.69826	1442.64453	1925.65601	-197.89949	1580.90222	2000.29163				-260.17209	1427.35083	1865.39929	-107.46072	1313.37573	1950.98413				211.30943	1106.20251	1872.82043	-325.36783	1094.81055	1832.75537				-343.18488	841.65033	1880.05444	-34.22878	1020.85120	1966.28650	-157.58598	987.68640	1925.24573	7.01955	949.95660	1704.49036				-222.34103	514.98761	1793.41028	-137.03156	198.00073	2123.68799	3.64800	526.31464	2081.65674	
442	4.410	-106.45341	1540.56238	2118.73901	29.02194	1606.05896	1973.17627	59.77761	1446.72754	1934.87476	-199.33463	1585.65369	2009.13159				-262.12161	1430.34241	1873.88818	-109.23370	1317.08789	1961.58142				207.93408	1109.89124	1883.79480	-329.09467	1098.33032	1839.32471				-350.91345	845.37311	1884.05786	-34.38513	1024.07996	1976.57983	-157.81775	991.01965	1934.52783	6.75450	954.89404	1714.03076				-229.11182	522.74408	1813.69495	-136.67407	201.49744	2119.26782	7.60096	528.50323	2085.55249	
443	4.420	-108.13775	1545.57190	2127.72095				58.45879	1450.74597	1944.09155	-201.13005	1590.26770	2017.25989				-264.10635	1434.26965	1884.10571	-110.35144	1321.10352	1971.08069				204.99014	1113.38416	1893.17102	-331.97418	1102.09460	1844.96130				-357.97043	847.04901	1885.16223	-34.35355	1028.09460	1985.90967	-158.53703	994.63611	1944.92847	6.29746	959.01343	1723.56226				-237.23433	529.65674	1835.93188	-135.19083	204.24103	2115.98218	10.72215	530.85114	2087.32983	
444	4.430	-109.34031	1551.25146	2136.01489	26.57528	1614.76367	1990.93042	57.63684	1455.32910	1953.48718	-202.53033	1595.43848	2026.32239				-265.01593	1438.20605	1894.46680	-111.63055	1325.16248	1980.35168				202.53284	1117.31836	1903.54016	-335.30417	1106.60413	1849.91162				-363.99982	853.81030	1892.74512	-34.50906	1032.33411	1995.40613	-158.81009	998.68225	1954.81567	5.21761	964.32477	1730.07214				-245.43698	537.50317	1857.68494	-133.39557	207.22298	2112.83423	15.23530	531.93665	2088.50024	
445	4.440	-110.83884	1556.88074	2145.61743	24.81298	1619.78333	1998.52502	56.70871	1459.57324	1961.82703	-203.71754	1599.85181	2035.33557				-265.81143	1442.06714	1903.21118	-112.40887	1329.47498	1988.84412				200.89621	1121.31360	1912.42053	-338.56616	1111.15503	1855.81042				-370.58780	858.88550	1896.94299	-34.09830	1036.74243	2003.93665	-158.50615	1002.79095	1963.90308	3.99312	968.50488	1737.88843				-253.54672	545.20300	1880.20044	-130.33981	209.33398	2109.93188	18.76064	534.61206	2089.33716	
446	4.450	-111.90409	1562.68640	2153.95898	23.40237	1624.94250	2007.17322	55.73973	1464.18799	1970.59790	-205.00513	1604.63647	2042.35840				-267.77191	1446.45947	1913.92676	-112.68629	1333.55664	1997.59045				199.33659	1125.51831	1921.07019	-341.75858	1115.72229	1863.00757				-377.19101	864.33795	1902.36523	-33.43865	1040.60510	2012.90967	-158.19690	1006.43878	1973.66589	2.10825	972.74542	1748.28760				-262.94537	553.03839	1903.59436	-127.53365	212.01988	2108.45459	22.35921	535.27625	2089.41968	
447	4.460	-113.07745	1568.96484	2162.11841	22.52579	1630.03345	2015.26550	55.52183	1468.12964	1978.58228	-206.59743	1609.29395	2050.97656				-268.26291	1449.79077	1923.79272	-112.69164	1337.07532	2006.40918				198.44086	1129.50110	1929.52820	-345.20917	1121.13745	1868.99731				-383.38742	869.50360	1905.79333	-33.96507	1046.05664	2023.12793	-158.25343	1011.34955	1983.65015	0.26859	977.63715	1753.90784				-270.43726	562.69086	1923.97961	-124.80595	213.15585	2106.18530	27.38808	534.20398	2089.04565	
448	4.470	-114.02150	1575.18018	2170.13623	20.95995	1635.13342	2021.62622	55.14344	1472.24915	1986.99170	-207.46960	1613.23779	2058.74316				-268.55249	1453.48108	1933.46521	-112.75689	1341.07849	2015.49731				198.27940	1133.20654	1938.01404	-348.55661	1125.78894	1875.20667				-390.17740	874.50079	1911.28210	-32.68884	1049.57825	2030.50037	-158.20299	1015.53540	1993.90491	-2.23458	980.93628	1763.99512				-276.65210	573.85638	1942.93713	-121.94249	213.13158	2104.28003	30.34519	534.40833	2087.37231	
449	4.480	-114.59960	1580.99646	2177.39502	19.66789	1640.73462	2029.40173	55.45367	1475.48120	1994.95874	-208.57437	1616.68530	2065.16187				-268.95557	1457.08606	1943.42224	-112.14223	1344.69226	2024.08740				198.51288	1136.91663	1945.81519	-351.79578	1130.54163	1882.61462				-396.49707	879.63794	1916.21094	-32.40029	1053.73279	2039.21143	-158.53136	1019.62134	2004.68579	-4.43579	984.15582	1770.79248	-195.68300	219.35333	1820.23950	-280.33499	585.49097	1962.84680	-117.88400	213.32635	2103.55469	34.31139	532.72601	2085.89600	
450	4.490	-115.16709	1587.68030	2184.81055	18.79358	1645.76184	2036.58264	55.60234	1478.46326	2003.36890	-209.44722	1620.78516	2072.44751				-268.92905	1460.56848	1953.05688	-112.01952	1347.89026	2033.85461				199.07956	1140.48108	1952.82605	-355.56238	1135.61011	1888.34753				-402.73843	884.99792	1920.90039	-31.93773	1057.70300	2047.47559	-158.29749	1023.69678	2014.12317	-7.35716	988.36993	1779.44153	-208.29242	222.67549	1847.95361	-282.52283	596.43591	1980.77454	-114.66592	211.78246	2101.72241	38.21846	531.16675	2084.68994	
451	4.500	-115.76022	1594.45984	2191.80615	17.76520	1650.28113	2041.07263	56.11187	1481.10400	2011.36914	-210.32668	1624.36145	2078.35840				-269.10898	1464.58606	1963.65125	-111.58332	1351.24670	2043.37146				199.60416	1143.63318	1960.66150	-359.10468	1140.70276	1895.44983				-408.35397	889.86676	1926.39099	-31.98058	1060.96875	2056.86987	-158.07903	1026.44409	2023.95557	-10.22124	991.50446	1785.19177	-219.70036	223.50327	1873.29700	-282.66678	606.11163	1998.87378	-110.79406	210.57007	2101.55493	42.54840	527.72052	2081.61792	
452	4.510	-116.73351	1601.53821	2199.10303	17.20699	1655.43396	2048.43921	56.42075	1483.26160	2020.17407	-211.13753	1627.87549	2084.97363				-268.86066	1467.57959	1974.12573	-110.46165	1353.83069	2052.32935				200.03658	1146.51575	1966.88806	-362.82382	1145.17859	1902.96912				-414.24924	894.47595	1931.59717	-30.84941	1063.63745	2064.10547	-158.10831	1029.29431	2033.89783	-12.88571	995.26117	1792.01233	-231.20370	224.66798	1900.35840	-281.42593	614.79034	2015.46960	-107.04869	207.84435	2099.56396	46.95324	526.00421	2080.08813	
453	4.520	-117.14831	1608.28430	2205.76294	16.20249	1659.44385	2053.85547	57.28307	1485.54663	2027.99390	-211.84059	1631.69043	2091.14038				-268.52496	1470.87036	1985.06006	-110.13583	1356.24097	2062.77563				200.50073	1148.76685	1973.72864	-366.42157	1149.97205	1909.22803				-420.07794	899.23431	1936.84888	-29.91207	1065.67688	2071.86353	-158.05034	1032.35095	2043.48438	-16.23655	997.95459	1798.94958	-242.26660	226.42480	1927.19836	-279.94684	621.98962	2031.43677	-103.09547	205.63144	2099.99072	51.79648	522.67456	2076.54321	
454	4.530	-117.80553	1615.52588	2212.55029	15.76616	1664.38135	2060.20044	57.75635	1487.64404	2036.29236	-212.46898	1635.18030	2096.91064				-267.48337	1472.86792	1995.61865	-109.03789	1358.25647	2070.81763				200.97632	1150.95068	1980.38354	-370.20297	1154.33643	1915.62744				-425.70972	903.55164	1942.84131	-29.00832	1068.04517	2079.24146	-157.35484	1034.37036	2052.62646	-18.90468	998.99945	1806.97119	-253.35393	227.03366	1953.70593	-277.38095	628.97913	2046.71814	-99.96272	202.46700	2099.69385	56.31947	519.74670	2073.70215	
455	4.540	-117.97451	1622.12439	2218.66211				58.43339	1489.15430	2044.31177	-212.93645	1638.06458	2103.32764				-266.74075	1475.24292	2005.35144	-107.98163	1360.43018	2080.19897				201.76041	1152.63354	1989.64172	-373.28479	1158.58850	1922.83875				-431.43149	907.48621	1949.74902	-27.75836	1068.54321	2086.61377	-157.21181	1036.77197	2062.29053	-22.09982	1001.79010	1811.95081	-263.88733	226.10260	1980.20715	-274.98047	635.25110	2061.87622	-95.21323	199.82124	2099.82227	61.07253	515.53125	2068.15161	
456	4.550	-118.22626	1628.93225	2224.51074				59.57098	1490.25952	2051.57275	-213.44225	1640.58423	2108.42700				-266.15894	1476.85730	2015.92493	-106.45063	1361.83093	2089.83936				201.70525	1153.94800	1995.61487	-376.80096	1162.35803	1930.80310				-436.77390	911.54303	1955.42859	-26.45580	1068.90442	2093.67236	-155.97672	1037.14783	2070.01611	-25.45248	1002.77307	1819.12634	-274.86914	226.84576	2009.02441	-271.45972	640.34167	2076.30493	-91.49722	198.31540	2101.17700	66.29665	512.96124	2065.42993	
457	4.560	-118.42499	1635.62842	2230.54297				60.40047	1491.63550	2059.13281	-213.34976	1643.79688	2113.79053				-265.03223	1478.39001	2026.31384	-104.76253	1362.79321	2098.96167				201.84962	1155.41211	2002.23071	-380.23788	1165.86084	1938.83154				-441.54654	915.05688	1962.71362	-24.96602	1068.73438	2100.45850	-155.87076	1039.49365	2079.63843	-28.97844	1004.51154	1826.39221	-284.87747	226.48409	2034.84155	-268.48001	643.87219	2089.57593	-87.66660	194.95293	2102.36621	69.97813	509.73303	2059.77002	
458	4.570	-118.68323	1641.52197	2236.56445				61.45637	1492.96411	2066.35522	-213.79674	1646.40015	2119.70459				-264.06680	1479.77173	2037.71997	-103.14301	1363.40649	2106.85229				202.18675	1156.19568	2009.06506	-383.07684	1169.51660	1946.93567				-446.35297	918.56403	1969.67102	-23.74004	1068.68555	2107.35059	-155.05302	1039.76270	2087.63501				-294.54303	224.41330	2060.91919	-265.11118	646.73950	2102.27393	-83.24868	192.73761	2103.73438	72.25536	508.04703	2054.64380	
459	4.580	-118.59158	1646.83691	2241.93237				62.79491	1494.01099	2073.12354	-213.70468	1648.82166	2124.56787				-262.96979	1480.36108	2047.42529	-101.33658	1363.78516	2114.87280				202.44778	1157.03918	2015.97253	-386.53696	1172.38342	1955.40930				-451.22330	921.81726	1977.31494	-22.23160	1067.57642	2113.80981	-154.26404	1040.26038	2095.86060				-303.76157	223.70705	2088.20313	-262.06821	647.62933	2114.47046	-77.43118	189.89845	2104.15845	72.56715	506.20694	2048.51392	
460	4.590	-118.12807	1651.29724	2246.73438				63.98575	1495.11157	2079.81934	-213.50258	1650.74438	2130.54102				-261.92792	1481.13733	2057.96753	-99.31773	1364.16516	2123.19263				202.88443	1157.48804	2023.31580	-388.95630	1174.66711	1965.99438				-455.78622	924.77356	1984.84070	-21.07256	1066.93738	2121.09326	-153.75096	1040.69348	2104.21509				-311.41248	223.01433	2114.60645	-258.54453	648.08136	2125.07178	-71.37556	187.83910	2105.19751	71.87551	504.56985	2043.53979	
461	4.600	-117.91539	1655.44006	2252.17944				65.44962	1496.00208	2085.85352	-213.38701	1651.60437	2135.49683				-260.26343	1481.81067	2067.98267	-97.12373	1364.38599	2131.79175				203.12653	1157.45007	2030.28259	-391.78278	1176.79956	1975.45850				-459.76917	927.08282	1993.61633	-19.91781	1066.01245	2127.56372	-153.11020	1041.48474	2113.00171				-317.58594	223.63632	2143.04272	-255.19398	646.34521	2134.84717	-65.25102	186.37747	2106.64111	69.77882	505.34189	2041.22705	
462	4.610	-117.27118	1659.04443	2256.94434				66.36967	1496.91345	2092.64063	-213.24924	1653.56311	2140.80835				-259.13123	1481.67798	2077.58911	-94.87092	1364.61377	2139.41113				203.57884	1157.49060	2038.39148	-393.47885	1178.57715	1985.19592				-463.07458	929.56976	2001.91174	-18.67553	1065.34668	2133.31177	-152.12999	1041.03845	2120.96021				-322.84012	224.07306	2170.38232	-251.64613	645.28149	2146.20923	-58.30949	184.45682	2106.41382	65.93841	504.74091	2039.98376	
463	4.620	-117.15851	1662.12366	2262.47559	14.67782	1682.37646	2105.12231	67.86139	1497.32751	2097.81934	-212.69823	1654.57104	2146.56152				-257.82611	1482.11475	2087.53101	-92.28201	1365.20398	2147.19604				204.03882	1157.38879	2046.22559	-395.98865	1179.80029	1995.92200				-466.59665	931.04950	2011.34167	-17.71633	1064.78772	2139.25610	-151.78288	1041.74475	2130.66821				-326.35339	225.11549	2199.19067	-248.79248	641.61566	2154.00415	-51.12596	181.03055	2105.55225	61.42778	502.67273	2037.84546	
464	4.630	-116.24001	1664.28687	2267.17432				68.48207	1497.88281	2102.50146	-212.55762	1655.73218	2151.91187				-256.78522	1482.17932	2098.49878	-90.32513	1366.15735	2154.85889				204.39105	1156.72131	2053.24292	-397.43011	1181.23962	2006.30688				-469.44095	932.85687	2020.10254	-16.18223	1064.53149	2143.94336	-150.62456	1041.96606	2138.30933				-328.48566	227.01268	2228.23486	-245.04915	637.31323	2162.33154	-44.39429	177.89563	2104.01611	58.54055	504.06409	2038.50537	
465	4.640	-115.48524	1666.48987	2272.72998				69.62959	1498.36755	2106.52246	-211.77788	1656.06506	2156.83154				-255.32137	1481.70239	2107.51685	-88.33436	1365.94275	2161.80493				204.58685	1155.94067	2060.93164	-398.33258	1181.89465	2017.28064				-472.02643	933.99945	2030.39124	-15.04825	1064.87378	2149.81250	-149.61490	1041.88538	2146.57178				-330.03629	229.97618	2255.82227	-241.59601	632.88922	2170.22021	-37.56838	174.75592	2102.05762	54.48795	503.65305	2038.01196	
466	4.650	-114.63069	1667.99170	2277.86328				71.08835	1499.06018	2111.00244	-211.07027	1656.53003	2162.33740				-254.53835	1481.93457	2117.09570	-86.20660	1366.22229	2168.05127				204.43257	1155.64441	2069.08203	-399.43295	1182.19019	2028.73694				-473.79657	934.53949	2040.50366	-13.98847	1065.42590	2156.11914	-147.74760	1042.14917	2154.30298				-329.93573	232.36198	2283.05103	-238.22089	627.46259	2175.73975	-29.17493	168.76727	2098.23462	49.78109	504.15439	2036.71472	
467	4.660	-113.33363	1669.50659	2282.91675				72.28904	1499.46033	2114.73047	-210.29999	1656.51550	2168.60303				-253.23137	1482.33472	2126.40137	-84.47232	1366.36951	2174.65161				204.10297	1154.76343	2077.22876	-400.23575	1182.37842	2040.80542				-476.65265	935.81384	2051.27271	-12.22761	1066.52954	2162.11401	-145.96396	1042.34827	2163.51172				-328.72803	236.15175	2310.62769	-234.50385	622.08746	2181.27563	-21.28180	165.67154	2095.48193	46.67577	504.07465	2036.00647	
468	4.670	-111.51494	1670.54846	2287.77686				72.77257	1499.83838	2118.27905	-209.70894	1657.52722	2174.52710				-252.82921	1482.67981	2137.39844	-82.49154	1366.65918	2180.69458				202.82628	1154.01062	2084.68970	-400.53912	1182.29993	2052.34961				-477.85553	936.30493	2061.97656	-10.86363	1067.80566	2168.36206	-144.01364	1043.27014	2172.90234				-326.95358	241.07901	2336.16089	-229.66498	618.00964	2188.39868	-15.99808	162.39583	2090.16235	43.54979	504.19040	2035.08765	
469	4.680	-109.85014	1671.93408	2293.01880				73.55428	1500.78198	2122.90283	-208.19949	1657.92834	2179.26709				-251.10367	1482.20935	2145.68066	-80.41906	1366.92419	2186.64331				202.18800	1153.17981	2092.42822	-400.76794	1182.21277	2063.92822				-478.49585	936.76172	2071.71118	-9.02250	1068.24060	2173.69141	-142.41513	1043.44189	2180.77368				-324.88019	246.06729	2360.67114	-221.84770	615.93658	2194.56616	-8.10763	159.91753	2086.60010	40.75689	506.22455	2035.18872	
470	4.690	-108.00970	1673.36401	2298.27393				74.15802	1500.43286	2124.60254	-206.88350	1658.30286	2184.98438				-250.88582	1482.90820	2156.19067	-78.21967	1367.46790	2192.38525				200.53691	1152.42139	2099.30737	-400.45392	1182.17090	2075.94653				-479.24686	937.44324	2084.60474	-7.22546	1069.29077	2179.19873	-140.55969	1044.35730	2189.39087				-321.36343	252.91989	2384.10596	-215.08846	616.83020	2206.59180	-2.87991	158.11281	2080.87500	37.55521	507.91998	2035.93787	
471	4.700	-105.51544	1674.81616	2302.87231				74.85409	1501.00220	2128.49561	-205.66383	1658.59302	2191.15259				-249.73422	1482.66150	2164.57251	-76.67922	1368.19226	2198.53735				198.64253	1152.14429	2106.01831	-399.62512	1181.76367	2088.25244				-479.27261	937.18640	2096.53442	-5.41856	1069.93323	2184.09253	-138.04922	1045.68079	2198.64233				-317.23734	259.71390	2406.64233				3.27591	158.18869	2078.13354	35.63572	507.51669	2035.27026	
472	4.710	-103.15364	1676.38013	2308.06787				74.74214	1501.63879	2131.49365	-204.52986	1659.73865	2197.33838				-248.93930	1483.71423	2174.32886	-75.05301	1368.84619	2204.40234				197.03188	1151.91467	2111.78101	-398.52786	1181.63367	2099.88257				-480.01459	938.76520	2109.07642	-3.50577	1069.96436	2188.79541	-136.24571	1046.28186	2206.54199				-313.30023	266.58301	2430.19946				8.15987	157.11070	2072.37891	33.48811	508.84448	2036.05151	
473	4.720	-100.91548	1678.19385	2313.69678				74.73701	1501.52954	2133.16699	-203.23880	1660.16138	2203.54834				-247.98320	1484.31580	2183.87842	-73.70251	1369.48132	2210.55859				194.81664	1151.53064	2117.54297	-397.70941	1181.28345	2112.44043	203.89478	911.85779	2121.39697				-2.17173	1071.04102	2193.77612	-134.33182	1046.97778	2214.36279				-308.03897	272.94424	2450.28271	-210.94543	623.39539	2247.22974	12.68146	156.93546	2068.00439	32.99008	509.29218	2037.92700	
474	4.730	-98.43402	1679.93005	2318.82788				74.65673	1501.99719	2136.73828	-201.81291	1661.69617	2209.58789				-247.75612	1485.33203	2193.84888	-72.22203	1370.49390	2216.76538				192.95309	1151.21814	2122.83789	-397.07147	1181.12891	2125.61450							-0.36307	1071.19739	2198.51611	-131.72685	1047.29651	2223.11597				-302.37186	278.18961	2469.43970	-207.60559	622.12830	2258.48804	16.55887	156.14922	2061.73853	32.83529	510.21225	2038.68738	
475	4.740	-95.17511	1681.60339	2323.11841				74.70544	1502.51221	2138.96021	-200.70784	1662.91553	2216.75098				-246.91850	1486.22009	2202.97168	-70.96053	1371.50378	2222.80591				190.17914	1150.96021	2127.91089	-395.70642	1180.85828	2138.00684							1.74075	1072.20972	2202.39160	-129.68140	1048.49658	2231.77710				-296.99677	284.04922	2489.09692	-204.59605	622.81512	2270.67310	21.39185	156.69226	2059.32031				
476	4.750	-92.55772	1684.27893	2328.88428				74.27164	1502.63721	2140.46313	-199.35931	1664.55505	2223.49390				-245.81943	1486.88867	2212.69824	-69.77520	1372.39050	2228.65283				187.53018	1150.63770	2131.68286	-393.99387	1180.98474	2150.88330	194.94756	910.12280	2142.23120				3.60030	1072.69373	2207.36890	-127.59310	1048.26831	2238.82178				-287.72803	284.78699	2505.76709	-201.17276	624.16748	2283.34790	24.52200	158.16800	2055.70532				
477	4.760	-89.72758	1686.80920	2334.30835				73.17422	1503.31982	2142.90161	-197.86116	1666.23547	2230.12134				-245.33159	1488.22180	2223.00659	-68.78938	1373.23511	2235.13477				184.96681	1150.64990	2135.26416	-394.01376	1180.75769	2168.42285							4.86133	1074.04004	2212.11572	-125.01105	1049.45044	2247.74780				-288.57669	283.29129	2513.69971	-197.37851	625.90656	2296.04395	26.58216	158.94104	2053.03198				
478	4.770	-86.09236	1688.69409	2338.57275				72.64704	1502.88953	2144.92798	-196.22542	1667.73206	2236.86938				-244.32864	1489.32739	2232.61328	-67.73680	1374.31201	2241.35107				181.62698	1150.02405	2139.30298	-392.94440	1181.20715	2181.29590							5.90634	1075.08521	2216.85010	-122.49715	1049.64624	2255.55322				-276.94937	295.97366	2539.25684	-193.14046	627.33234	2309.02979	28.73625	160.10739	2049.69971	34.10391	513.76288	2050.41455	
479	4.780	-82.88802	1690.67712	2343.57324				71.00657	1503.84863	2147.91406	-194.81461	1669.59729	2243.98706				-243.20456	1490.41162	2243.03296	-66.56633	1375.03406	2247.00562				178.16577	1150.17749	2141.91260	-389.93317	1181.35364	2191.34082							7.71011	1075.77039	2221.13403	-120.30703	1049.91174	2262.92090				-269.38779	298.15509	2553.44800	-189.13530	629.26593	2322.74976	29.82959	160.79234	2047.61523	33.89064	513.71661	2051.59717	
480	4.790	-79.77101	1693.14636	2349.30884				70.40706	1503.78577	2149.31738	-193.11177	1671.15503	2250.85449				-242.14058	1491.78943	2253.57642	-65.65554	1375.92505	2253.20020				174.71153	1150.09546	2144.40967	-388.09988	1181.92407	2205.48828							9.02573	1077.24561	2226.18433	-118.06448	1050.88708	2271.36255				-260.88834	298.08536	2566.00854	-184.31358	630.12006	2334.51318	30.49496	160.07864	2044.44702	36.14091	513.40076	2056.98975	
481	4.800	-75.85640	1695.64294	2353.71802				69.22372	1503.59558	2151.31396	-191.95061	1672.93823	2258.78271				-240.65167	1492.89929	2263.83862	-64.63108	1376.76538	2259.59229				170.81660	1149.83179	2147.89868	-386.72781	1182.18530	2219.58301							10.28115	1078.10229	2231.62939	-115.63249	1052.01086	2279.44189				-252.76044	298.41815	2578.58472	-179.74736	630.60645	2346.42480	31.16122	159.67433	2042.14001	37.74827	514.16467	2061.90259	
482	4.810	-72.68468	1697.86865	2358.73926				67.95843	1503.21240	2153.17505	-190.29015	1674.94189	2265.71826				-239.33725	1494.09668	2274.76904	-63.30893	1377.40930	2265.19922				167.10298	1149.36414	2149.05420	-385.60617	1182.95605	2234.53809							11.48278	1079.88733	2236.16821	-113.32562	1052.58130	2287.12378				-244.51115	297.39407	2590.87329	-175.82770	631.99188	2358.75220	30.78966	159.28683	2038.86414	40.05572	515.07336	2066.68994	
483	4.820	-68.88351	1699.85095	2363.63086				66.14145	1503.61230	2155.75464	-188.65381	1676.38452	2273.16187				-237.12022	1494.69128	2285.07861	-61.98649	1377.89294	2271.26831				163.62878	1149.48840	2150.09302	-383.37732	1183.38098	2248.35352							13.01748	1080.24365	2241.87109	-110.64709	1053.73083	2296.47095				-235.52373	296.60663	2601.90137	-170.87863	631.73804	2368.83691	30.67907	158.88846	2038.23779	41.10130	515.41565	2069.96460	
484	4.830	-65.83811	1702.26514	2369.20142				64.79858	1503.54871	2157.29663	-187.32521	1677.90991	2281.22925				-235.38458	1495.68909	2296.20874	-60.51011	1378.86365	2277.48364				159.86392	1149.22510	2152.07593	-381.53442	1183.50085	2262.37549							14.52506	1081.77393	2246.75928	-107.66010	1054.30957	2303.56250				-226.46587	295.68948	2613.86523	-166.85979	631.65033	2379.98975	29.54846	159.55754	2037.78320	42.79945	516.95874	2075.15479	
485	4.840	-62.32584	1704.03796	2373.81299				62.90960	1503.37122	2159.79272	-186.09885	1679.64258	2289.53638				-232.93518	1495.85010	2306.72876	-58.84565	1379.54480	2283.75537				156.39439	1149.35620	2154.02490	-380.02209	1184.40430	2277.87891							16.32900	1082.18848	2251.86499	-104.46384	1055.13330	2312.34912				-215.96944	294.14841	2623.90649	-163.12964	631.77496	2390.97461	26.72984	158.75662	2034.59436	44.11548	517.01636	2079.14453	
486	4.850	-58.23147	1705.44385	2377.96680				60.87797	1503.18384	2162.64941	-183.99156	1679.99658	2296.76733				-230.63472	1496.78528	2317.31958	-57.41529	1380.10132	2290.19189				152.67455	1149.10327	2154.40112	-377.01416	1184.29688	2291.81006				-420.05817	928.16150	2313.84985	17.55186	1083.48950	2257.22290	-101.36340	1055.80457	2319.97070				-205.98206	292.73611	2635.50220	-159.12457	630.67279	2400.11792	25.94162	158.83038	2034.91650	45.23991	517.77075	2082.15747	
487	4.860	-55.33384	1707.09460	2383.67944				58.62408	1502.51086	2165.23145	-182.59134	1680.88257	2304.76074				-228.32481	1497.52612	2328.75049	-55.83178	1380.49170	2296.43213				149.04263	1149.57617	2154.76636	-375.36932	1184.78003	2308.22656				-413.26495	927.60449	2329.83569	19.11452	1084.05835	2262.22266	-97.66222	1056.43079	2329.29834				-195.05807	290.04120	2644.36597	-155.63248	629.22351	2409.37964	23.67669	159.75015	2034.20691	45.60015	518.58429	2084.32886	
488	4.870	-51.67613	1708.17542	2387.74927				55.77705	1502.26404	2168.07104	-180.73692	1681.40149	2313.05444				-225.37056	1497.58069	2339.69312	-53.94208	1380.89136	2302.09473				145.85606	1149.95264	2156.02026	-371.84253	1184.31445	2323.02783				-405.68289	926.83954	2345.63672	20.99137	1085.07739	2266.72046	-93.26842	1055.74841	2336.29321				-184.69208	285.21289	2652.49414	-151.59372	627.86951	2418.63672	21.96530	160.13293	2032.93274	45.63073	519.00708	2087.56738	
489	4.880	-47.74997	1709.00098	2392.26904				52.98938	1501.73254	2170.18921	-179.07558	1681.97595	2321.32153				-222.34097	1497.59937	2350.62231	-51.88338	1380.75146	2308.15869				143.02448	1150.09900	2156.10132	-369.59555	1184.48804	2339.45557				-397.69000	925.95276	2361.85083	22.78893	1085.45508	2271.31104	-89.77907	1056.56372	2344.68530				-174.43243	281.30859	2659.51953	-147.86710	625.21271	2426.32104	20.21186	161.94292	2033.56860	45.10877	518.78265	2090.10205	
490	4.890	-44.20902	1709.87842	2397.23511	-88.38614	1709.69739	2394.07642				-177.35167	1682.15637	2329.18579				-219.39832	1497.65039	2361.87061	-50.03329	1381.07654	2313.77930				140.35950	1150.56299	2156.64209	-365.28876	1183.13745	2354.22559	-12.06319	1407.62646	1937.75671	-389.32416	925.15594	2378.62793	23.92325	1086.24524	2274.65991	-85.45609	1057.14990	2353.19434				-164.25478	276.92041	2667.19775	-144.48427	623.26080	2434.97852	19.53719	162.05461	2033.79126	44.67929	518.33411	2093.13354	
491	4.900	-40.46344	1710.46069	2401.27051							-175.24713	1682.12769	2337.72290				-216.06491	1497.52112	2372.78809	-48.14198	1380.84497	2319.33496				137.83202	1150.99512	2157.17529	-361.50421	1183.03943	2370.87354	-14.16429	1408.68750	1945.74219	-380.52454	923.85950	2395.11108	25.20829	1087.55347	2281.39014	-81.07124	1057.32251	2361.27100				-153.91089	271.87845	2673.53638	-141.39339	620.00153	2442.27441	15.51628	162.64101	2032.63123	43.74164	517.52722	2094.68066	
492	4.910	-36.51825	1710.17737	2405.69507							-173.53592	1681.77808	2346.55322				-212.56360	1497.07666	2383.91406	-46.41419	1380.98120	2325.16919				135.56360	1151.66626	2157.82690							-371.29974	922.64478	2412.26416				-76.96481	1056.28516	2368.14819				-143.85387	266.96222	2678.74561	-138.10123	617.00140	2450.44067	14.97868	162.59496	2032.95996	42.03508	516.52643	2096.95264	
493	4.920	-33.06015	1710.50049	2410.32813							-171.26414	1681.50928	2355.12744				-208.70665	1496.18091	2394.29126	-44.24227	1380.62256	2330.35327				133.17381	1152.05322	2158.61768							-361.08939	920.78510	2429.55444				-72.15294	1055.93958	2375.86670				-133.57211	261.73187	2685.22241	-134.92162	613.21973	2456.83521	13.78621	161.95738	2034.28857	41.05908	516.12225	2099.36255	
494	4.930	-28.87315	1709.55908	2414.30127							-169.21220	1681.26953	2363.75537				-205.20201	1495.52612	2405.29248	-42.35586	1379.84924	2335.48315				130.78592	1151.81836	2159.86694							-350.75397	920.02661	2446.85718				-67.86533	1055.18433	2382.60864				-123.09599	256.70178	2690.12183	-132.30411	609.28516	2463.89893	12.84844	161.31961	2035.48621	39.62137	515.43365	2101.02124	
495	4.940	-24.95738	1709.08105	2417.94507							-166.58464	1680.51501	2372.42139				-201.16049	1494.91211	2415.58569	-40.49944	1379.18958	2340.96899				127.98585	1152.03992	2158.32275							-339.95398	918.06335	2464.59253				-64.25771	1053.99719	2389.91748				-113.41000	252.04221	2693.31860	-129.99538	605.61688	2470.83496	12.29421	160.84897	2036.29883	37.83597	513.85413	2103.54883	
496	4.950	-23.99531	1709.47278	2426.03955							-164.33028	1679.77966	2381.19922				-197.23137	1493.74841	2425.87744	-39.12722	1378.42578	2346.31812				125.31618	1151.34436	2157.63477							-328.94162	916.52661	2481.87915				-60.47884	1053.92578	2397.07251				-103.85541	246.00082	2694.99756	-127.69895	602.20526	2476.85938	11.65583	158.71178	2036.39905	36.65706	512.62134	2105.49927	
497	4.960	-32.95308	1714.06592	2446.88867							-161.77158	1678.91541	2390.04639				-193.05859	1492.79810	2435.38623	-37.36371	1377.42004	2351.04565				122.02303	1150.55762	2156.80176	-224.26987	1007.51453	2177.58130	-49.00332	935.07532	2038.66858	-317.40683	915.05554	2499.24023				-57.32264	1052.81836	2404.21216				-94.98782	241.47476	2696.01733	-125.80674	598.77411	2483.39941	10.77892	157.76157	2037.91406	34.85716	510.85303	2106.67603	
498	4.970	-31.94653	1713.40710	2454.15674							-158.69406	1677.76746	2397.69189				-189.18765	1492.02600	2445.26831	-35.81932	1376.42517	2355.67432				118.71271	1149.58594	2155.60059	-227.67390	1006.02130	2189.25952	-44.28850	941.35608	2061.67847	-305.87000	914.03766	2517.29980				-53.91573	1051.14368	2409.94775				-86.61483	235.93768	2695.55542	-125.05090	596.38928	2490.88770	11.17076	155.29451	2038.71118	33.96077	508.99774	2109.09863	
499	4.980	-30.20406	1712.53430	2460.19238							-155.67627	1676.13159	2406.34326				-184.95374	1491.04187	2454.30347	-34.66579	1375.05969	2360.49048				114.95986	1148.55835	2155.20264	-231.01251	1005.16949	2200.89526				-293.84604	912.81592	2534.58350				-50.66185	1050.29797	2416.67749				-78.57602	229.64470	2693.96509	-125.00941	594.57391	2497.87134	10.54894	153.18399	2038.77026	32.73005	507.70120	2111.42188	
500	4.990	-28.99841	1711.47827	2466.88281							-152.56299	1675.65356	2415.06592	-300.22818	1168.39478	2517.53882	-180.59064	1489.66333	2462.76587	-33.45533	1374.35730	2365.11987				111.04047	1147.15723	2154.99268	-234.03531	1004.36493	2212.18140				-281.63217	911.64130	2551.23486				-48.29860	1049.10706	2423.77661				-71.69210	224.22806	2693.03687	-126.54796	594.03625	2505.90088	10.14317	151.10954	2040.99805	31.17061	506.49268	2113.42896	
501	5.000	-27.95556	1710.95728	2473.21436							-148.97308	1674.32861	2423.19604	-291.12598	1167.11572	2533.69849	-176.50386	1489.37451	2470.77051	-32.24884	1373.28564	2369.78027				106.74218	1145.53894	2153.57593	-237.39755	1003.61438	2222.38721				-269.59064	911.29803	2568.67407				-46.17626	1048.09534	2429.88086				-64.55567	217.36031	2691.02051	-127.94321	592.91931	2512.75146	12.00544	151.35970	2045.26526	30.06099	504.75302	2115.54663	
502	5.010	-26.18204	1709.50208	2478.58252							-145.60825	1673.76123	2431.32007	-281.55121	1166.72021	2549.28931	-172.93100	1488.98328	2478.54883	-31.10521	1372.35474	2374.07178				102.51681	1143.92908	2154.25610	-240.39600	1003.15948	2233.23267				-257.02487	911.23169	2584.96021				-44.45721	1046.92017	2436.46069				-59.38035	210.46742	2686.69873	-130.01384	593.51807	2520.59106	11.48642	150.14841	2046.88940	28.32374	503.27618	2118.07446	
503	5.020	7.98773	1696.14929	2439.35767							-141.72169	1672.80542	2438.75708	-271.80423	1166.65442	2564.91577	-168.99075	1488.80579	2484.74927	-30.37145	1371.24353	2378.57227				98.12994	1142.58044	2153.33789	-243.59976	1002.95319	2244.41968				-245.02884	911.70789	2601.68970				-43.40572	1046.26660	2443.05249							-132.45444	593.10870	2526.71021	10.71456	149.09448	2048.46753	26.98487	501.34732	2119.71875	
504	5.030	11.30134	1695.39136	2440.84229							-138.33679	1672.49402	2447.35107	-261.59085	1166.89478	2578.88013	-165.88222	1489.33606	2491.87061	-29.65794	1370.63647	2382.72363				93.87393	1140.77063	2153.56836							-234.80650	918.39655	2624.02905				-42.71202	1046.28503	2449.66846							-136.80783	594.70087	2534.53540	11.59515	147.18207	2051.00464	24.58211	499.98804	2122.64575	
505	5.040	14.59244	1695.29614	2441.93091							-134.11136	1671.64209	2454.00146	-251.66188	1168.32751	2592.30493	-162.74458	1489.59204	2497.57544	-29.39141	1370.38293	2387.13330				89.32475	1139.04712	2154.71899							-220.65855	914.54059	2634.25928				-42.16880	1046.36011	2456.30713							-140.36543	594.69977	2540.32861	11.08082	146.43442	2054.20508	22.86754	499.20609	2126.31665	
506	5.050	17.98703	1694.81519	2442.13940							-130.26865	1670.89478	2460.60059	-241.46776	1169.97583	2605.01050	-159.88148	1490.98291	2503.33813	-29.09162	1370.20618	2391.31079				85.08997	1137.88147	2155.27612							-207.87201	916.52734	2649.59351				-42.08054	1046.81140	2463.34863							-144.69432	594.68042	2546.51440	10.25560	145.59531	2057.83911	20.07450	498.51056	2129.21899	
507	5.060	20.76289	1694.99658	2443.07422							-126.43544	1670.50439	2467.44019	-231.76936	1172.03467	2616.37231	-157.03320	1492.52869	2509.00146	-28.20805	1371.10571	2396.22900				81.44642	1136.60034	2158.09912							-195.89587	920.27197	2665.18384				-41.91507	1047.36182	2469.37964							-149.64459	594.27039	2553.28540	9.16849	144.58838	2059.52856	17.51116	498.09518	2132.28149	
508	5.070	23.65415	1695.24951	2443.39160							-123.16146	1670.20410	2473.35474	-221.97881	1174.81592	2627.21338	-154.38216	1493.99622	2514.38892	-27.16804	1373.07288	2403.36133				77.62169	1135.72852	2159.97729							-182.95633	923.42596	2679.04614				-41.01244	1048.89893	2476.56934							-154.42337	593.20026	2558.78613	7.27495	143.24347	2062.01196	14.51083	497.87280	2136.71436	
509	5.080	26.18006	1695.91199	2443.53613							-119.07443	1670.42017	2478.72510	-212.52245	1177.79370	2636.17432	-151.61693	1496.14673	2519.71558	-26.14026	1375.73950	2411.60913				74.69524	1135.37085	2162.16284							-171.10431	928.36267	2693.12842													-159.89778	592.98138	2564.87109	4.80140	146.09418	2067.14209	10.31834	499.05469	2138.99561	
510	5.090	28.62905	1696.68445	2443.27466							-115.39445	1670.65869	2483.16650	-204.16959	1181.05847	2645.02441	-148.41959	1498.92590	2524.95532							71.55861	1135.23718	2165.56323							-158.36340	932.83466	2705.18677													-164.94551	592.28510	2570.57153	2.59683	146.15405	2069.91919	5.57951	499.92651	2142.36865	
511	5.100	30.02714	1698.68201	2443.85742							-112.42957	1671.95422	2488.36328	-195.94115	1184.35828	2652.44385	-144.77322	1501.69958	2529.30615							68.50133	1135.47473	2168.91846							-145.87709	938.18744	2716.45972													-169.99071	592.38458	2576.03101	-0.62520	149.34164	2074.33545	0.79057	502.31329	2146.16675	
512	5.110	32.43734	1700.63330	2443.19238							-108.82397	1673.52649	2492.23242	-188.15092	1188.09937	2660.31348	-141.48212	1504.47229	2534.43140							65.65645	1136.41370	2173.30078							-134.08394	944.85376	2727.57251													-173.58173	592.70453	2580.67554	-6.98539	152.44899	2075.95020	-4.92294	504.29828	2148.36841	
513	5.120	33.63937	1703.17212	2443.44189							-105.68050	1675.34802	2496.58130	-180.57941	1191.59204	2666.28296	-136.99886	1507.17163	2538.61255							62.19343	1137.44104	2176.50439							-122.17877	951.30713	2737.28149													-176.90817	594.33527	2587.03833	-11.82467	154.83054	2079.37817	-11.07351	506.23071	2152.05103	
514	5.130	35.46502	1705.19702	2442.09180							-102.60957	1677.32080	2499.75977	-173.50186	1195.56104	2673.25220	-133.15265	1510.16833	2541.78735							59.20066	1138.21204	2181.55029							-110.17250	957.81024	2746.18628													-178.86029	596.23120	2591.79907	-20.40110	157.65752	2077.01685	-20.02843	505.97449	2162.54395	
515	5.140	36.63826	1707.86389	2441.29053							-99.34494	1679.03442	2502.80420	-166.27707	1199.94617	2679.65942	-129.01906	1513.03357	2545.54517							55.94942	1139.98828	2185.00220							-98.66422	964.63800	2754.32202													-180.82269	598.90979	2598.14331	-29.93524	161.21126	2077.69165	-28.56842	508.64270	2165.91504	
516	5.150	37.71169	1710.42493	2441.16089							-96.33497	1680.84583	2505.82397	-159.38828	1205.61438	2685.69849	-124.57536	1515.65735	2548.56250							51.66193	1141.04736	2188.38721							-88.25639	971.85419	2761.97241													-181.66454	601.98962	2604.25195	-40.95392	165.10457	2079.05322	-36.38414	511.77158	2168.21338	
517	5.160	39.15060	1712.61963	2439.97314							-93.38546	1682.59119	2508.57397	-152.59639	1211.64136	2693.02124	-120.64288	1518.84668	2551.34106							48.16235	1142.17603	2193.10889							-77.86205	978.52063	2768.50220													-181.48399	604.78046	2609.90576	-53.00269	168.57324	2078.50220	-45.56314	514.33276	2172.46191	
518	5.170	40.11743	1714.64331	2439.03687							-90.29659	1684.10022	2510.55811	-145.81923	1216.36353	2699.44604	-117.20743	1521.00500	2553.96460							43.67580	1143.35046	2196.04492							-68.44016	985.00354	2775.33252													-180.63182	606.76813	2615.97510	-66.84789	171.03616	2080.94727	-53.80132	514.23608	2181.54150	
519	5.180	40.77757	1716.19080	2437.91675							-87.58247	1685.65356	2512.36475	-139.79620	1220.55469	2705.80859	-113.47716	1523.59009	2556.57642							39.42840	1144.42004	2197.94287							-59.09690	990.79144	2780.54346													-178.76511	607.97540	2619.99854	-81.59502	173.30353	2082.91699	-62.85362	516.42542	2185.60205	
520	5.190	41.21020	1718.12012	2436.14282							-85.34261	1687.39014	2513.83838	-134.14236	1224.78369	2712.56152	-109.87052	1525.22571	2558.57324							34.40480	1145.09106	2200.37427							-50.37654	996.50732	2786.20410													-175.86272	608.24426	2624.49292	-96.70436	175.48303	2085.46265	-72.73674	516.31958	2192.08423	
521	5.200	42.15815	1718.88550	2434.42822							-82.54360	1688.31213	2514.97778	-128.75310	1228.22253	2718.89087	-106.40041	1526.67383	2561.02393							29.83773	1145.56860	2203.07349							-42.34233	1001.06647	2791.04639													-173.04347	608.87469	2629.36328	-112.62806	179.37096	2084.45776	-82.90193	516.64972	2199.21655	
522	5.210	42.61849	1719.55054	2432.52612							-80.71771	1689.50122	2517.38062	-123.38979	1231.70984	2725.16895	-102.64845	1527.65161	2562.89868							24.29723	1146.17700	2204.05566							-34.79125	1005.32983	2796.27344													-169.51936	609.12708	2632.70483	-128.64561	180.19530	2088.77100	-93.51661	518.24146	2200.48267	
523	5.220	42.38499	1719.87988	2431.05200							-78.36216	1689.96484	2517.42920	-118.24091	1234.68359	2731.47803	-99.17025	1528.73328	2564.96069							18.75255	1146.31641	2204.47534							-27.48054	1008.71118	2801.13647													-165.88216	608.51135	2636.41138	-143.23361	180.68822	2094.19189	-103.85365	516.60742	2209.12305	
524	5.230	42.18319	1719.91724	2428.77612							-76.29630	1690.90649	2518.75732	-113.43261	1236.40588	2738.17822	-95.88103	1529.14233	2567.00439							12.81617	1145.98218	2205.19678							-20.24379	1011.40149	2805.25342													-162.00407	607.12903	2639.82007	-157.37701	181.96179	2098.46069	-115.18949	519.08331	2208.19824	
525	5.240	41.99260	1719.76501	2427.71313							-74.56128	1691.42700	2518.74170	-109.07092	1238.17200	2743.74268	-92.61023	1529.22083	2568.56494							6.29591	1145.62463	2205.53125							-13.73311	1014.02509	2809.46631													-157.45262	604.92615	2642.60352	-174.24310	181.77480	2105.75757	-126.42345	518.92938	2214.08667	
526	5.250	41.83484	1718.59119	2424.58301							-72.43443	1691.59668	2519.24951	-104.93894	1239.37793	2749.48901	-89.72379	1528.67773	2570.09375							-0.69038	1145.40601	2205.57300							-7.23192	1016.22211	2813.66968													-153.25612	603.07068	2645.82446	-189.21384	182.11766	2109.26904	-137.55385	516.99988	2221.43335	
527	5.260	41.31904	1717.65100	2422.44873							-71.07493	1691.73572	2519.80347	-101.55472	1240.85754	2755.92578	-86.66110	1527.69238	2571.36597							-8.59053	1144.40173	2205.02002							-0.95722	1017.82666	2817.63599													-148.61383	601.52472	2648.52612	-204.17778	180.72116	2116.57739	-149.19846	518.96289	2220.86963	
528	5.270	40.49006	1716.86707	2420.34009							-69.60301	1691.30847	2519.31250	-97.69370	1240.97400	2760.76904	-84.25534	1527.18115	2573.32544							-17.02968	1143.78552	2204.16895							5.07634	1018.57892	2820.70728													-143.12512	599.95135	2650.45850	-219.46605	179.61450	2120.97925	-160.57838	517.35864	2225.81616	
529	5.280	39.09421	1716.32092	2417.79785							-68.29145	1691.33057	2519.75610	-94.01129	1241.99731	2765.99707	-81.35913	1526.79260	2575.33960																10.82779	1017.35382	2822.14673													-136.70819	599.66705	2653.66577	-235.63588	176.49722	2134.01025	-172.77611	516.71991	2232.41577	
530	5.290	38.11527	1715.62805	2415.30029							-67.11315	1691.40894	2519.99365	-90.18948	1241.95923	2770.44116	-78.71647	1525.24829	2576.47998																16.19707	1019.41608	2826.46997													-131.34406	599.98163	2655.58154	-251.96910	176.95580	2137.62939	-185.12280	516.60150	2232.21167	
531	5.300	36.83541	1714.82031	2411.80005							-65.99979	1691.45117	2519.29370	-86.95235	1242.22070	2774.33472	-76.18983	1524.31128	2577.26099																21.56668	1018.78369	2828.91357													-127.03502	597.62946	2653.61133	-267.68393	173.80540	2148.75317	-197.34692	515.19397	2237.70752	
532	5.310	34.96726	1715.00769	2409.93237							-65.44254	1691.40295	2519.06519	-83.78510	1242.91968	2778.30688	-73.31391	1523.18091	2578.87427																26.06162	1018.45288	2831.00806													-121.83453	597.05334	2652.91602	-283.00934	171.55042	2156.31836	-209.16302	515.79010	2237.75366	
533	5.320	33.18155	1714.51282	2407.22632							-64.73821	1691.32532	2518.34619	-79.68845	1242.59241	2781.09351	-71.07353	1522.29224	2578.34399																30.49754	1017.22833	2832.53687													-117.56332	597.02423	2653.08936	-298.25974	170.29509	2164.60083	-221.50282	514.54254	2240.71387	
534	5.330	30.68699	1714.09253	2403.85400							-63.98467	1691.43616	2517.14209	-75.53698	1242.57922	2782.84985	-68.45373	1521.92944	2578.87036																34.39400	1015.72290	2833.31250													-113.61727	597.26526	2652.36060	-313.32489	168.92322	2174.10449	-234.30731	514.38489	2244.66724	
535	5.340	28.60302	1713.38440	2400.82422							-63.86598	1691.61621	2516.74146	-71.26604	1242.61462	2783.99805	-66.37604	1521.26477	2578.13354																38.27669	1013.82556	2833.62183													-110.01392	597.70880	2650.40649	-328.90454	166.89331	2185.96118	-246.89944	514.11078	2242.86963	
536	5.350	25.71466	1712.99963	2398.92358							-63.80053	1691.81995	2516.08252	-66.03858	1241.98242	2783.63623	-65.23481	1521.02332	2577.69922																41.18735	1011.82788	2833.75366													-106.59486	597.70386	2648.66699	-344.44482	165.84192	2197.69019	-259.73108	513.52478	2251.74585	
537	5.360	23.20580	1712.46924	2396.02222							-63.67001	1692.13696	2514.77368	-60.70644	1241.07117	2782.33594	-63.59725	1520.51184	2576.56250																43.97371	1009.59644	2833.50830													-103.15398	597.07581	2645.82788	-359.54865	165.92632	2207.30371	-273.25595	513.23627	2251.11304	
538	5.370	20.27859	1711.87976	2392.63306							-64.02075	1692.19824	2513.96216	-54.36680	1239.87402	2779.83765	-62.68785	1520.73560	2575.93506																46.65321	1006.88226	2832.15479													-100.54904	596.80658	2643.57715	-373.90076	165.88535	2217.35010	-286.25314	513.36047	2257.15430	
539	5.380	17.11284	1711.33789	2389.18530							-64.39799	1691.87854	2512.82690	-48.43895	1239.28845	2776.69312	-61.40747	1520.28796	2574.38940																49.49491	1003.53186	2829.78906													-97.65437	595.94897	2640.78271	-389.76770	167.00653	2231.54956	-300.68921	514.46246	2260.21094	
540	5.390										-64.90616	1691.63635	2511.60669	-42.25973	1237.53760	2772.51367	-61.18058	1520.90674	2573.39502																51.80431	1000.75995	2826.99365													-95.45284	595.53424	2638.18604	-403.94589	168.49634	2238.18921	-313.71307	514.77521	2264.90601	
541	5.400										-65.53415	1691.43091	2510.14014	-35.61049	1235.57642	2767.45947	-60.56982	1520.81384	2571.80591																53.74779	998.20367	2823.95776													-93.20195	594.44983	2635.43652	-418.50601	168.82072	2250.04321	-327.56644	515.09839	2269.90820	
542	5.410										-66.19559	1691.29749	2508.61792	-30.43475	1233.34900	2762.67969	-59.82759	1520.46143	2570.06396																55.40759	994.86285	2819.20117													-91.24467	594.03632	2632.94751	-433.82520	170.46713	2262.56421	-340.85739	516.82593	2274.27881	
543	5.420										-67.23025	1690.98767	2507.17261	-25.05813	1231.12085	2756.20850	-59.74841	1520.46497	2569.20093																57.01207	991.85461	2814.24072													-89.35435	593.48187	2630.32520	-447.72711	170.83830	2275.26782	-353.98227	519.37317	2276.32349	
544	5.430										-68.77792	1691.03955	2506.01001	-20.72153	1228.36548	2749.95728	-59.69464	1520.56360	2567.96069																58.64178	988.39343	2807.60986													-87.59158	592.98352	2627.98999	-462.04208	171.25851	2288.35571	-366.49026	519.63190	2283.19751	
545	5.440										-69.94421	1690.94153	2504.13696	-17.38836	1225.61731	2742.84180	-60.04112	1520.72107	2565.79980																60.16634	985.15826	2800.60156													-86.33148	593.56732	2625.94531	-475.52081	173.21127	2303.64282	-378.42737	520.57684	2292.08667	
546	5.450										-71.53410	1690.69055	2502.77930	-14.44940	1222.98413	2735.73413	-60.57378	1520.41943	2564.17627																61.41389	982.08777	2792.88892													-84.76297	593.54675	2623.73901	-489.97891	176.00342	2315.44971	-389.83426	520.22424	2297.78345	
547	5.460										-73.14533	1690.54541	2501.28003	-12.43423	1219.80469	2728.61060	-60.84097	1520.02734	2562.73584																62.62239	979.03778	2783.96680													-83.87369	594.42224	2622.07837	-502.41522	176.33885	2331.95313	-401.30579	521.66125	2306.72339	
548	5.470										-74.77802	1689.96509	2499.52075	-11.14196	1217.26074	2720.97412	-61.69833	1519.62219	2560.07935																63.66593	976.18195	2774.65552													-82.31093	594.87775	2619.76465	-514.47241	177.29997	2345.35059	-411.12350	521.81372	2317.53394	
549	5.480										-76.94686	1689.84924	2498.44067	-9.94460	1214.35242	2713.31592	-62.37186	1519.50000	2558.30005																64.07494	973.45844	2765.53174													-81.20468	595.23914	2617.99707	-526.73889	180.46243	2358.85767	-421.51767	523.23889	2324.20435	
550	5.490										-78.69344	1689.15210	2496.36206	-9.46806	1211.68628	2705.85278	-63.39616	1519.04651	2555.29224																64.52177	970.44818	2755.65234													-80.82698	597.00793	2616.08447	-536.77448	180.06818	2373.34302	-430.45245	522.93329	2333.61084	
551	5.500										-81.03030	1688.69653	2494.87158	-9.64302	1209.74158	2698.77197	-64.28479	1518.59009	2553.34985																64.90363	968.09174	2746.44116													-79.83623	596.87506	2613.98047	-546.34686	181.62157	2384.96216	-439.80927	523.58539	2342.47852	
552	5.510										-83.27656	1688.01843	2493.66479	-9.35496	1207.25208	2691.08301	-65.78037	1517.62830	2550.01489																65.00960	965.11023	2735.19214													-79.80180	597.37390	2612.21582	-556.91962	184.67830	2400.84717	-447.43610	523.58478	2350.85620	
553	5.520										-85.51688	1686.85913	2491.71191	-10.29070	1205.05713	2685.03003	-67.39471	1517.17456	2548.35938																64.48128	963.01929	2725.37402													-80.02711	597.76923	2610.39014	-566.13062	185.74333	2416.60522	-455.04459	523.86890	2361.35449	
554	5.530										-88.20422	1686.38281	2490.72778	-10.79241	1203.27356	2678.02319	-68.84562	1516.61072	2545.59644																63.44008	960.26129	2714.63452													-80.13055	597.80328	2608.48975	-574.39459	187.08672	2429.54541	-461.82306	524.05408	2372.18945	
555	5.540										-90.04668	1685.05396	2488.43457	-11.86344	1201.73938	2671.56592	-70.50489	1515.79175	2541.73853																62.01207	957.73755	2703.92041													-80.60757	598.26624	2606.55884	-581.04095	188.29507	2443.01147	-468.04111	523.13550	2380.69507	
556	5.550										-93.15719	1684.44641	2486.99316	-12.82400	1199.81543	2665.50806	-72.31680	1515.09131	2538.77441																60.25924	954.63165	2692.38013													-80.83610	597.86621	2604.47168	-587.23169	188.92088	2457.61499	-473.97333	523.32062	2389.59888	
557	5.560										-95.53627	1682.90564	2484.79443	-13.24755	1198.00085	2659.10791	-74.53368	1514.61218	2536.65088																57.94967	952.25256	2681.05298													-81.09216	597.74243	2603.28320	-593.95032	189.83882	2471.52905	-479.13034	521.88635	2399.09155	
558	5.570										-98.24431	1681.56970	2482.65845	-13.90077	1196.43140	2653.07666	-76.42642	1513.68665	2533.61938																															-81.72238	598.40851	2602.30688	-599.81354	190.80153	2485.56250	-484.34714	522.80939	2407.90601	
559	5.580										-101.22148	1680.35889	2481.28003	-14.59594	1194.46228	2647.61548	-78.80640	1512.92419	2530.65894																															-81.72670	598.01044	2600.67505	-604.31671	191.21492	2498.46484	-488.86270	523.12183	2417.79077	
560	5.590										-104.40611	1679.86084	2479.63428	-14.75950	1192.87268	2641.08179	-80.83735	1512.34961	2526.73145																															-82.18536	598.24536	2599.57104				-492.64828	522.46118	2426.34326	
561	5.600										-107.64084	1679.33215	2477.54468	-15.76036	1192.10107	2635.12134	-82.97714	1511.68311	2523.01709																															-83.01662	598.82007	2598.55664				-495.83893	523.05817	2435.48242	
562	5.610										-110.37486	1678.34802	2475.07520	-16.22667	1190.75171	2628.30615	-85.47092	1511.00806	2520.19092																															-84.08855	599.15479	2598.49048				-497.32144	521.51343	2445.11035	
563	5.620										-113.55136	1677.71521	2472.81934	-17.11595	1189.45703	2621.24805	-88.24332	1511.09912	2517.04419																															-84.39939	598.64429	2597.52881				-499.18982	522.73859	2452.08105	
564	5.630										-117.08717	1677.28101	2470.99243	-18.86900	1188.40063	2613.94678	-90.56093	1510.95569	2513.33521																															-85.09222	599.33038	2596.23828				-499.53748	521.90631	2459.88965	
565	5.640										-120.69550	1676.84937	2469.43115	-21.45385	1187.95349	2607.25244	-93.54222	1511.31628	2510.04980																															-85.55937	599.08649	2594.89355				-499.18307	520.68048	2468.08398	
566	5.650										-124.15057	1676.49451	2467.38794	-24.08886	1187.47217	2600.04126	-96.36422	1511.43542	2506.67700																															-86.33595	599.74237	2594.13843							
567	5.660										-127.79861	1676.09338	2465.72461	-26.59497	1186.67334	2591.88989	-99.09757	1511.50269	2502.77417																															-87.38142	600.22449	2593.79175							
568	5.670										-131.51971	1675.86499	2463.93530	-29.85721	1186.91162	2584.35254	-102.14915	1512.03833	2499.64868																															-88.65813	600.91669	2593.16528							
569	5.680										-135.61917	1676.20349	2462.61963	-32.45504	1186.63843	2576.05933	-105.36176	1513.12646	2496.56616																															-89.16888	600.53009	2591.17456							
570	5.690										-139.49736	1676.35388	2461.11475	-36.10903	1187.41077	2568.22510	-108.37336	1513.51123	2493.02100																															-90.89885	601.69592	2591.38892							
571	5.700										-143.40700	1676.39880	2460.02026	-38.75570	1187.90735	2560.37744	-111.28490	1514.25830	2489.35889																															-91.33877	601.83917	2591.14258							
572	5.710										-147.00957	1676.44788	2458.64478	-41.79676	1189.00623	2552.63574	-114.68671	1515.34253	2485.94092																															-93.36889	602.58362	2590.83423							
573	5.720										-150.83925	1676.74036	2457.35205	-44.10614	1190.07397	2544.78809	-118.19630	1516.06055	2482.86694																															-94.56059	602.13763	2589.86572							
574	5.730										-154.74107	1676.80530	2456.52661	-46.51016	1191.59045	2537.58594	-121.67420	1516.69470	2479.73975																															-96.43027	604.41681	2590.31030							
575	5.740										-158.73590	1676.92102	2455.62500	-48.82990	1193.56482	2531.37842	-125.39858	1517.74182	2476.66064																															-98.83079	604.28839	2589.21094							
576	5.750										-162.32028	1676.43616	2454.29565	-50.59630	1194.37854	2524.80054	-129.41104	1518.06897	2474.31201																															-101.48041	605.51428	2589.48315							
577	5.760										-166.27316	1676.27698	2454.07080				-133.50192	1518.61169	2472.33862																															-103.07342	605.70282	2590.01880							
578	5.770										-169.70746	1675.99780	2452.73682				-137.54442	1519.30994	2470.28613																															-106.91471	605.20032	2587.77563							
579	5.780										-173.19154	1675.76379	2451.89648				-141.49379	1519.56604	2468.33716																															-109.37192	605.52966	2588.07373							
580	5.790										-177.10204	1675.55237	2451.76660				-145.17418	1519.16467	2466.28394																															-111.04191	605.47668	2588.82568							
581	5.800										-180.91069	1674.97461	2451.22632				-149.09035	1518.88269	2464.75562																															-116.12313	603.16241	2585.25757							
582	5.810										-184.65573	1674.42383	2450.59424				-153.01260	1518.84949	2463.34668																															-119.52969	602.78802	2585.09766							
583	5.820										-188.53587	1673.88647	2450.68384				-156.92438	1518.84509	2462.25439																															-123.22906	602.53113	2585.23853							
584	5.830																-160.87161	1518.85510	2461.26172																															-126.81868	602.10571	2585.04272							
585	5.840																-164.64482	1518.48267	2460.58716																															-130.46408	601.94458	2584.78613							
586	5.850																-168.19531	1517.98987	2459.53833																															-134.03032	601.61182	2584.50317							
587	5.860																-171.77562	1517.30725	2457.66479																															-137.91156	601.66119	2584.50903							
588	5.870																-175.41573	1516.74792	2456.27734																															-141.57828	601.85181	2584.41748							
589	5.880																-178.89973	1516.04358	2455.20483																															-145.18726	601.87616	2584.17090							
590	5.890																-182.54230	1515.62415	2454.34668																															-148.90469	601.78046	2584.22681							
591	5.900																-186.02388	1514.99878	2453.97559																															-152.45271	601.25549	2583.73242							
592	5.910																-189.32057	1514.59705	2453.11401																															-156.02167	600.82184	2582.78320							
593	5.920																-192.94414	1514.12219	2451.83594																															-159.69971	600.37482	2582.36792							
594	5.930																-196.13310	1513.55994	2451.10693																															-163.10587	599.95728	2581.46289							
595	5.940																-199.06665	1513.09937	2450.74146																															-166.86510	599.83417	2580.71045							
596	5.950																																																	-170.32291	599.50000	2579.62891							
597	5.960																																																	-173.86600	599.21130	2578.45288							
