PathFileType	4	(X/Y/Z)	C:\Users\WrightLab\Desktop\Jo\P2_Trial13.trc
DataRate	CameraRate	NumFrames	NumMarkers	Units	OrigDataRate	OrigDataStartFrame	OrigNumFrames
100.00	100.00	       567	19	mm	100.00	1	       567
Frame#	Time	Headset_Front			Headset_Back			Headset_Left			Headset_Right			Left_Shoulder			Right_Shoulder			Sternum			C7			Left Elbow			Right Elbow			Left Wrist			Right Wrist			Left ASIS			Right ASIS			S2			Left Knee			Right Knee			Left Ankle			Right Ankle			
		X1	Y1	Z1	X2	Y2	Z2	X3	Y3	Z3	X4	Y4	Z4	X5	Y5	Z5	X6	Y6	Z6	X7	Y7	Z7	X8	Y8	Z8	X9	Y9	Z9	X10	Y10	Z10	X11	Y11	Z11	X12	Y12	Z12	X13	Y13	Z13	X14	Y14	Z14	X15	Y15	Z15	X16	Y16	Z16	X17	Y17	Z17	X18	Y18	Z18	X19	Y19	Z19	

1	0.000																									25.58183	1070.63159	-1549.75183							-516.86920	835.66577	-1567.17871										-45.14538	412.52481	-1594.51172										
2	0.010																									23.32604	1070.83276	-1546.97510							-518.80908	834.78290	-1568.43579										-45.88513	412.84821	-1594.47729										
3	0.020																									20.65927	1070.66516	-1543.41370							-520.89996	832.14624	-1565.13721										-45.02833	413.52606	-1595.02856										
4	0.030																									18.67510	1070.69165	-1541.09973							-523.71912	833.97888	-1570.94189										-47.21453	412.87006	-1594.68311										
5	0.040																									19.67799	1069.95667	-1545.99084							-525.75464	833.17188	-1571.88965										-47.37453	412.98962	-1594.64819										
6	0.050																									12.89514	1069.95447	-1533.21033							-528.21887	832.50348	-1572.59204										-48.17656	412.35165	-1594.35815										
7	0.060																									11.01291	1069.40454	-1533.37012							-530.97314	832.23535	-1573.79089										-48.68299	412.45920	-1594.88538										
8	0.070																									8.34954	1068.88135	-1529.83301							-531.90607	831.17139	-1573.25049	-218.98126	1013.52869	-1469.90759							-49.29670	413.24677	-1595.37415										
9	0.080																									5.60510	1068.82300	-1526.57996							-535.38513	831.69684	-1576.02771	-223.02687	1013.86572	-1463.98901							-51.01644	413.26556	-1594.39014										
10	0.090																									3.15022	1069.14685	-1524.17993							-538.11584	830.91351	-1576.44922	-224.96536	1013.15063	-1466.17151							-52.24710	412.13010	-1592.80029										
11	0.100																									0.30163	1068.97192	-1519.95471							-540.24384	830.35034	-1577.13623	-229.80969	1013.14154	-1459.60632							-53.78331	412.81732	-1592.74487										
12	0.110																									-2.97039	1068.41626	-1516.69946							-544.30194	828.86041	-1574.91174	-232.21754	1011.66888	-1459.17639							-54.40785	413.59857	-1592.67456										
13	0.120																									-5.58615	1067.81482	-1514.11121							-546.63776	828.04413	-1575.14954	-236.38205	1011.11975	-1458.10974							-55.97658	412.97092	-1591.25830										
14	0.130																									-8.90229	1067.75220	-1509.61951							-549.24939	827.23901	-1574.87329	-240.09375	1011.71820	-1454.33179							-58.46572	411.62137	-1588.74304										
15	0.140																									-11.78448	1067.52283	-1505.57275							-552.37415	826.96875	-1575.42004	-243.47333	1008.87750	-1454.50830							-59.09452	412.05740	-1587.15381										
16	0.150																									-14.69471	1067.25732	-1502.00732							-555.00336	826.82495	-1576.24231	-248.19331	1009.46088	-1447.05127							-61.00550	412.14490	-1586.60999										
17	0.160																									-18.25844	1067.64294	-1498.13037							-559.00690	825.27167	-1574.22229	-252.31357	1009.18506	-1445.77991							-62.75742	412.49026	-1585.23755										
18	0.170																									-20.54997	1067.62683	-1496.92578							-562.00171	823.65167	-1572.57996	-255.30084	1006.72595	-1448.84656							-65.25242	412.20090	-1582.97754										
19	0.180																									-23.62381	1067.35815	-1492.19702							-565.86517	823.41687	-1572.51782	-261.05521	1007.89990	-1438.47888							-67.02166	412.30685	-1580.65259										
20	0.190																									-26.50519	1067.61658	-1489.23962							-568.90051	823.14331	-1572.82300	-265.67325	1007.22009	-1436.26282							-70.15019	412.26007	-1577.24841										
21	0.200																									-29.66480	1067.30469	-1485.26538							-573.10480	822.18469	-1571.27258	-269.25974	1007.39795	-1433.61194							-71.40775	411.59277	-1573.85120										
22	0.210																									-33.44506	1066.80115	-1480.90015							-578.02509	821.83319	-1570.27014	-273.67487	1004.52972	-1432.49817							-73.69968	411.74194	-1571.62146										
23	0.220																									-36.56393	1067.10364	-1477.81689							-581.55103	820.38861	-1568.43311	-278.65961	1004.91943	-1428.51563							-77.33666	411.65421	-1568.01245										
24	0.230																									-40.49194	1066.94348	-1471.65027							-586.70673	820.23792	-1567.60010	-283.50620	1005.65674	-1423.77222							-79.58440	411.26117	-1565.29272										
25	0.240																									-42.64108	1066.88464	-1468.92920							-591.46338	819.45557	-1566.14014	-288.69147	1003.03986	-1420.53882							-84.09936	409.33582	-1559.56250										
26	0.250																									-46.92485	1066.97095	-1464.33557							-596.69037	817.97333	-1563.14587	-293.27856	1003.57141	-1415.92297							-85.32604	409.89667	-1556.72571										
27	0.260																									-49.34653	1066.50696	-1462.93872							-600.88861	816.39978	-1559.68518	-297.20010	1002.22797	-1414.36853							-90.20510	409.45395	-1553.24036										
28	0.270																									-53.25072	1065.61108	-1457.75269							-607.44635	817.68243	-1561.55383	-303.22778	1001.12677	-1409.17188							-94.49785	408.23453	-1547.47827										
29	0.280																									-57.42388	1066.21082	-1452.41296							-613.32617	816.37323	-1558.31738	-308.39944	1001.25641	-1406.42126							-97.70263	407.76276	-1543.74573										
30	0.290																									-61.07333	1065.27661	-1449.52844							-618.96979	814.91943	-1555.18567	-314.23065	1000.64746	-1400.93909							-102.68305	406.10638	-1538.30603										
31	0.300																									-62.88838	1065.66663	-1450.61597							-624.16180	813.77606	-1551.62561	-319.95572	999.81238	-1394.83606							-106.84978	406.02411	-1534.11548										
32	0.310																									-69.38979	1064.77759	-1441.15320							-631.13208	812.89825	-1549.30701	-325.79919	998.66595	-1389.42615							-112.64353	403.51987	-1527.67493										
33	0.320																									-74.09189	1064.01099	-1436.29199							-637.97772	812.02185	-1545.62610	-331.80298	997.53070	-1384.99707							-116.97063	403.71484	-1524.51514										
34	0.330																									-78.73325	1063.71912	-1432.38831							-644.55750	811.41797	-1541.91577	-337.50079	995.98132	-1383.62354							-123.55025	401.70370	-1518.74158										
35	0.340																									-83.72252	1063.56299	-1427.03430							-650.86194	811.35352	-1538.78552	-343.76328	995.23700	-1375.95642							-129.32346	400.98129	-1514.28247										
36	0.350																									-90.04698	1063.45044	-1421.29114							-657.65021	810.01965	-1532.46631	-348.97067	995.12726	-1373.53650							-136.04700	398.75333	-1508.12500										
37	0.360																									-94.63218	1063.27466	-1417.31934							-664.01343	810.89978	-1529.20813	-354.93225	993.19086	-1367.65833							-142.32938	397.20676	-1503.66589										
38	0.370																									-99.38984	1062.53784	-1415.15833							-670.64978	810.74738	-1523.46692	-361.00885	992.68524	-1365.07947							-149.26103	396.29532	-1498.96887										
39	0.380																									-106.52026	1062.30652	-1407.34241							-677.98370	811.41656	-1517.18103	-366.81610	993.06079	-1360.84668							-156.09714	395.87665	-1493.83643										
40	0.390																									-112.65442	1062.66223	-1404.25305							-684.32330	811.61981	-1510.29651	-371.82059	991.50238	-1358.54956							-164.33490	394.63596	-1488.09460										
41	0.400																									-118.22372	1062.87744	-1400.04895							-691.12488	812.50177	-1503.25183	-376.95316	991.63232	-1357.37415							-170.23549	395.46158	-1483.24353										
42	0.410																									-125.37473	1063.04150	-1394.30493							-697.12933	814.49445	-1497.82300	-382.64825	993.03943	-1354.21655							-177.83597	395.28387	-1477.79028										
43	0.420																									-131.11105	1063.18140	-1390.59741							-702.66058	815.55347	-1490.20215	-387.85706	995.18127	-1348.51538							-184.70636	396.18582	-1473.07129										
44	0.430																									-137.47005	1063.40771	-1387.23230							-709.68567	816.00342	-1479.90198	-393.73746	996.51141	-1346.43018							-191.42320	397.33438	-1467.43164										
45	0.440																									-143.91187	1064.18176	-1381.26062							-715.21210	818.20361	-1473.09338	-398.75482	998.94159	-1339.81177							-201.73523	398.28668	-1458.89429										
46	0.450																									-150.17535	1064.14063	-1378.59436							-720.92645	820.15204	-1464.98853	-402.56760	998.66443	-1343.40857							-212.17882	400.82159	-1449.74231										
47	0.460																									-155.80209	1064.22144	-1375.40552							-726.73071	821.42078	-1455.66809	-407.50873	1000.88287	-1336.38477							-223.23889	401.03622	-1438.33789										
48	0.470																									-161.48070	1064.95654	-1372.99219							-732.08948	822.53156	-1446.02869	-412.71341	1003.01459	-1330.84338							-237.33939	401.24344	-1434.65540										
49	0.480																									-168.43623	1065.28516	-1366.49084							-737.62817	824.53668	-1437.92065	-417.73749	1003.03754	-1326.28198							-249.72221	399.70209	-1426.18713										
50	0.490																									-172.88376	1065.38892	-1366.19556							-743.47131	821.26532	-1442.14429	-422.71396	1004.04010	-1317.91650							-261.89423	399.40460	-1415.56006										
51	0.500																									-178.60129	1064.98804	-1363.01563							-748.67480	822.94336	-1431.46448	-426.76740	1002.93530	-1317.38037							-274.30908	397.01984	-1406.21545										
52	0.510																									-183.98126	1065.73901	-1359.45056							-753.11267	828.33917	-1411.40210	-431.83310	1004.85382	-1311.21106							-283.93591	401.29636	-1385.40735										
53	0.520																									-188.74016	1065.92529	-1357.33374							-757.95593	824.84155	-1416.31360	-435.56833	1004.88708	-1309.64673							-290.18994	401.69418	-1374.26978										
54	0.530																									-193.59203	1066.02100	-1354.50732							-764.07745	825.25012	-1409.55652	-441.08621	1004.17407	-1303.56384							-296.35345	403.99710	-1360.81396										
55	0.540																									-198.54834	1066.71790	-1350.19897							-768.17200	832.02380	-1386.92505	-445.60776	1004.63916	-1296.61218							-303.52509	405.25534	-1345.96826										
56	0.550																									-204.18985	1067.44629	-1347.15027							-772.56171	832.32281	-1378.70007	-451.26758	1005.54791	-1293.53271							-312.29135	407.46191	-1330.34265										
57	0.560																									-207.42885	1066.87109	-1345.54041							-778.37286	828.53174	-1383.52979	-456.00229	1005.88226	-1287.76245							-319.57013	410.44009	-1314.43787										
58	0.570																									-213.29787	1066.91089	-1341.39246							-782.06305	833.87054	-1363.05298	-461.27100	1005.73358	-1280.66748							-326.77655	414.63275	-1298.91663										
59	0.580																									-215.75757	1066.56567	-1341.27222							-786.38397	834.29675	-1355.45068	-466.90567	1007.37561	-1273.11096							-334.61267	418.14447	-1283.51196										
60	0.590																									-221.94443	1066.37732	-1334.97925							-790.82935	834.51978	-1347.13184	-470.48904	1007.88831	-1269.67932							-341.35303	422.76950	-1269.33923										
61	0.600																									-226.34305	1066.30042	-1332.18774							-795.01575	835.23639	-1339.36670	-475.72006	1007.55286	-1263.34216							-350.75845	427.52676	-1252.97961										
62	0.610																									-231.46904	1066.64551	-1327.36487							-800.07947	834.22681	-1335.26245	-480.44403	1008.68201	-1252.58105							-360.36069	431.03622	-1237.82568										
63	0.620																									-237.02609	1065.92175	-1323.37024							-802.97162	836.20569	-1321.37622	-483.87430	1008.67450	-1248.95886							-370.23093	434.42923	-1222.02344										
64	0.630																									-240.90193	1064.79175	-1320.39087							-806.94330	836.23071	-1310.65002	-488.85724	1009.60083	-1237.62366							-379.40967	437.13928	-1205.30554										
65	0.640																									-245.29236	1064.44629	-1316.77966							-810.08575	837.74304	-1302.58423	-493.09866	1008.33087	-1233.69800							-389.41025	440.36441	-1191.23035										
66	0.650																									-250.88876	1063.92871	-1311.31250							-813.96851	838.44415	-1291.67871	-497.15787	1008.18188	-1227.12048							-399.68179	441.12296	-1175.67407										
67	0.660																									-254.84433	1062.59607	-1308.31348							-817.98474	839.17120	-1280.48364	-501.81375	1007.69781	-1219.37488							-409.69800	443.12952	-1161.84985										
68	0.670																									-260.48590	1061.28979	-1303.14136							-822.00354	840.22235	-1269.36438	-505.74753	1007.37402	-1212.25281							-419.33072	444.69775	-1148.54199										
69	0.680																									-264.48227	1060.47388	-1299.26001							-826.40540	841.34930	-1257.38843	-509.78372	1007.31769	-1206.29529							-428.41013	445.33868	-1136.88245										
70	0.690																									-269.10977	1059.07251	-1294.05786							-829.77924	842.24695	-1245.69507	-513.60815	1007.22473	-1197.74585							-437.07672	447.20392	-1126.53284										
71	0.700																									-274.64456	1058.10364	-1289.00830							-833.94427	843.40350	-1232.47192	-518.41504	1005.28241	-1191.90625							-445.54236	448.80807	-1115.28394										
72	0.710																									-278.96719	1056.89819	-1282.63306							-837.23071	844.66724	-1220.36816	-522.92950	1004.99951	-1185.79919							-455.03021	449.86905	-1106.49731										
73	0.720																									-283.14688	1055.35693	-1277.29419							-841.49634	845.91559	-1206.62488	-528.12805	1004.21350	-1178.51196							-461.92142	450.40961	-1097.88171										
74	0.730																									-286.94370	1053.59253	-1273.09949							-845.65588	847.12604	-1193.08569	-532.73938	1002.59796	-1170.33289							-469.95996	449.38339	-1091.10791										
75	0.740																									-290.94363	1052.31128	-1266.92981							-849.96863	849.14667	-1180.36938	-537.06836	1001.50604	-1165.93848							-477.79150	447.99850	-1083.17688										
76	0.750																									-295.26062	1050.84424	-1259.82397							-854.33453	849.78320	-1165.11743	-540.34314	1000.38617	-1157.66174							-485.08408	445.42178	-1075.86377										
77	0.760																			-575.68256	1285.80334	-1189.30859				-297.86267	1048.86145	-1254.25586							-858.21924	852.16504	-1152.83276	-545.21198	998.06036	-1149.39783							-491.32523	443.75500	-1071.78674										
78	0.770																			-580.14441	1284.08093	-1182.23975				-301.90878	1047.67822	-1248.03992							-861.90881	853.01086	-1138.45642	-549.57184	998.10217	-1141.41443							-497.47382	440.60013	-1067.63757										
79	0.780																			-584.84601	1282.35315	-1174.48474				-306.40442	1045.80554	-1239.89136							-865.82983	855.66913	-1126.50879	-554.67285	997.04242	-1132.97681							-504.07104	437.80930	-1062.67236										
80	0.790																			-588.59686	1281.01868	-1167.08594				-308.56711	1044.69751	-1235.27136							-870.50806	855.86542	-1110.50574	-559.61298	995.14044	-1127.27246							-509.82532	433.88254	-1056.96326										
81	0.800																			-593.90967	1280.50317	-1159.52527				-312.00049	1042.81152	-1226.86780				-284.45441	798.09943	-1238.94971	-874.85730	858.91229	-1100.05493	-564.55408	994.13110	-1115.96057							-516.20801	430.91129	-1053.44226										
82	0.810																			-596.47601	1278.87195	-1151.10120				-315.16003	1041.11108	-1219.30981				-289.08691	797.12646	-1230.68640	-879.26801	860.64044	-1087.61682	-569.41510	991.56958	-1109.57776							-522.84052	429.11264	-1050.60962				-576.05884	64.63430	-1043.75061				
83	0.820																-754.22449	1393.79553	-1220.00146	-601.07941	1278.20093	-1143.88977				-317.40878	1040.14465	-1214.03003				-289.88165	795.65082	-1228.40137	-883.05182	862.00977	-1075.13696	-573.24933	991.37256	-1101.24475							-530.35181	426.09283	-1046.71960				-586.02667	60.41885	-1023.52563				
84	0.830																-757.86652	1393.44495	-1213.73096	-604.11139	1276.15869	-1135.18542				-321.93811	1037.91772	-1204.54199				-294.35297	794.89801	-1219.38013	-886.89905	863.07404	-1062.95508	-579.21570	990.23938	-1093.59912							-539.46753	425.60596	-1040.75623				-595.95685	60.04794	-1002.80786				
85	0.840																-762.15753	1392.21069	-1209.48999	-608.59058	1274.85181	-1126.77869				-325.16833	1037.43420	-1196.06384				-295.99847	792.59698	-1213.62695	-890.65851	864.35870	-1051.51917	-584.13702	988.16040	-1085.42090							-547.90363	423.24091	-1035.57849				-605.60876	61.96470	-980.46686				
86	0.850																-764.72235	1391.66882	-1200.58972	-613.46875	1273.78979	-1117.17432				-328.33771	1035.72083	-1189.00696	-865.29584	1075.16296	-1193.44031	-299.17654	792.60510	-1207.07568	-894.77582	865.66254	-1040.73499	-587.74878	987.55548	-1076.39575							-556.27374	422.64011	-1027.90308				-618.19586	64.82854	-957.68976				
87	0.860													-440.33185	1390.44714	-1145.93018	-768.01263	1390.69080	-1192.27771	-616.55383	1272.97937	-1108.55737				-332.22943	1033.72229	-1180.35120	-869.22534	1074.44348	-1183.36670	-300.91632	790.79279	-1200.77478	-898.93268	866.20660	-1029.43359	-592.81195	985.84125	-1067.69751							-563.36975	421.65631	-1022.90271				-627.34766	69.55875	-937.24658				
88	0.870													-443.75784	1388.70154	-1134.84216	-771.30957	1389.63318	-1183.91797	-620.16290	1272.43445	-1100.04431				-335.96545	1032.98596	-1170.41699	-872.92657	1073.91443	-1173.70227	-304.21631	791.44781	-1193.49194	-902.58228	867.14423	-1018.41699	-597.53943	983.71088	-1058.94666							-571.35083	420.79568	-1015.52325				-636.48883	75.02637	-916.74292				
89	0.880													-447.13461	1387.42603	-1124.66797	-774.88434	1389.13562	-1174.39355	-625.04272	1270.91736	-1090.26978				-341.31250	1032.20435	-1156.41125	-876.28516	1074.22412	-1165.91211	-308.90109	788.49005	-1182.36975	-906.53229	867.55994	-1008.63629	-600.81720	983.37891	-1048.22607	-719.70898	967.65869	-1103.07080				-578.64825	419.66147	-1009.46521				-648.85223	79.12682	-895.83325				
90	0.890				-544.61377	906.92773	-1306.16492							-451.14514	1386.24414	-1113.65015	-777.88074	1388.87866	-1165.36475	-629.62646	1270.14929	-1079.52246				-344.62231	1030.53369	-1144.73279	-880.04840	1072.89673	-1154.45239	-310.68954	787.37885	-1174.85303	-910.48059	867.55133	-998.99396	-605.17883	982.54517	-1039.76868	-724.01740	966.56879	-1091.22827				-585.24902	419.77643	-1003.45825				-653.95746	86.20752	-880.18884				
91	0.900	-715.13068	1498.64233	-972.66357	-548.47516	906.33838	-1296.21436							-453.85428	1385.67542	-1105.21362	-780.98608	1388.45557	-1155.65039	-633.38318	1270.40308	-1071.39319				-347.79150	1029.26636	-1135.72302	-883.32422	1072.63855	-1144.90955	-313.82782	787.79224	-1167.66028	-914.00305	867.47180	-988.82227	-609.90833	982.72937	-1028.39453	-727.90265	964.26691	-1086.92505				-591.68903	419.50162	-996.36646				-664.91571	90.54357	-861.08319				
92	0.910	-552.62854	905.41473	-1284.70251										-457.33325	1384.52148	-1093.23096	-784.29175	1387.78723	-1146.30408	-636.60461	1269.71851	-1061.27380				-351.30798	1029.24902	-1125.15344	-887.39209	1072.00793	-1134.36926	-316.23923	786.71820	-1158.15430	-917.53247	867.54797	-980.98303	-613.45038	980.16327	-1020.51825	-732.62549	965.10760	-1075.18677				-596.56744	419.57730	-991.06158				-672.55298	96.14079	-844.58997				
93	0.920	-720.89722	1499.15796	-951.80212	-556.92236	905.20703	-1274.55762							-460.09897	1384.03162	-1083.91675	-786.96417	1388.39526	-1135.69763	-639.87622	1268.50049	-1050.49878				-354.54626	1027.92297	-1115.38770	-890.66003	1071.63232	-1125.24597	-319.29932	786.66345	-1150.71130	-921.06390	866.94543	-972.30835	-618.33636	980.84412	-1006.49792	-735.79181	963.96057	-1065.96106				-602.92841	419.51294	-981.48840				-681.64862	100.77041	-829.02057				
94	0.930	-723.33673	1499.78052	-941.44824	-561.27155	905.50891	-1263.97876							-463.06161	1383.64148	-1073.12769	-789.91339	1388.93079	-1125.74268	-644.16150	1269.55505	-1040.42737	-624.73627	1378.86194	-1210.63147	-357.85187	1027.66577	-1103.01782	-893.89789	1071.82056	-1115.59033	-323.08374	785.27539	-1139.34900	-924.51807	866.25439	-964.26031	-621.94958	980.77045	-997.13470	-739.86719	964.35089	-1052.00098				-607.00385	419.51785	-974.16974				-689.06030	106.14513	-815.78754				
95	0.940	-565.65692	905.64417	-1252.90247	-725.84131	1500.33545	-931.20551							-465.45285	1383.48486	-1062.95959	-793.40503	1388.98584	-1115.91589	-645.86255	1270.07361	-1030.67896	-627.22974	1379.03027	-1200.51624	-360.95435	1027.75989	-1092.32471	-897.28735	1072.34412	-1106.97888	-328.07858	784.47595	-1125.54309	-928.24530	865.59833	-956.59174	-626.10565	981.48016	-985.46228	-744.45990	966.63171	-1036.36462				-611.18982	419.18042	-963.66864				-699.75903	108.13522	-799.38092				
96	0.950	-727.12280	1499.62610	-920.61780	-701.37885	53.99228	-1403.45288							-468.29895	1383.96680	-1053.04431	-795.01227	1389.82068	-1105.32959	-649.34082	1269.60938	-1018.67395	-629.74664	1379.09241	-1190.37000	-364.03967	1026.85181	-1082.55420	-900.47321	1072.91003	-1097.83508	-329.64600	785.16876	-1117.76099	-932.33990	864.76160	-948.95428	-630.36890	982.28687	-973.70581	-748.90076	966.34058	-1027.31714				-614.67072	420.09048	-952.35889				-705.71729	111.95913	-785.92273				
97	0.960	-728.93829	1500.51221	-910.40082	-704.77258	61.71046	-1393.67212							-470.78857	1383.79797	-1040.89917	-797.88751	1390.64905	-1095.54529	-652.62469	1271.67029	-1008.48242	-632.20740	1379.38110	-1180.13867	-366.78488	1027.61633	-1071.50208	-903.27338	1073.02039	-1088.34583	-332.42081	784.62396	-1108.55994	-935.66058	863.64447	-942.78833	-633.29297	982.64276	-959.01355	-753.26868	966.88916	-1018.26117				-620.46173	418.11090	-943.36469				-701.29236	123.69881	-783.59741				
98	0.970	-577.55695	906.89221	-1217.81396	-708.33557	67.85336	-1388.32141							-473.53528	1384.70605	-1031.26477	-799.96637	1392.30078	-1085.35645	-655.04529	1272.29688	-997.57666	-634.67725	1380.20447	-1169.94812	-369.08621	1027.80701	-1060.49158	-906.01508	1073.76404	-1079.39587	-337.42197	783.98651	-1094.72839	-939.16968	862.30060	-935.16199	-637.78973	982.44482	-951.16278	-756.92993	969.15173	-1006.05103				-625.01410	416.68234	-934.76709				-699.18976	128.87018	-770.10571				
99	0.980	-735.08972	1504.53491	-890.84479	-712.68298	73.77433	-1382.64307							-476.02856	1386.36914	-1022.09491	-803.51050	1392.83215	-1075.40063	-657.20642	1274.39978	-987.93390	-637.33496	1381.08069	-1159.75818	-372.51700	1028.95422	-1048.74426	-908.53162	1074.90332	-1070.59387	-340.46521	786.44934	-1083.96191	-942.74695	861.04352	-929.49390	-641.19763	984.12866	-939.12604	-760.29584	972.54620	-992.41382				-628.98193	414.61816	-926.27454				-706.86676	127.13504	-761.07098				
100	0.990													-478.79465	1387.64429	-1012.24225	-805.85968	1395.49561	-1065.13037	-660.12433	1276.19641	-976.13922	-639.76837	1382.50513	-1149.18701	-375.28406	1029.56226	-1038.43689	-910.99347	1076.23022	-1060.86682	-345.40366	786.43951	-1069.11548	-946.60754	860.26453	-923.92676	-645.02380	985.40417	-925.54797	-763.19684	973.60345	-981.27863				-631.91809	415.16290	-916.69495				-712.75671	124.71972	-753.97107				
101	1.000										-735.70667	1505.18677	-869.09912	-481.13046	1389.28784	-1002.85706	-808.39587	1397.08350	-1054.52026	-663.38446	1278.67053	-965.77826	-642.35065	1383.66235	-1139.02673	-378.65405	1031.17712	-1025.54285	-912.97125	1077.82043	-1052.19495	-348.61713	789.12354	-1058.53052	-949.62720	859.40863	-918.78571	-647.49915	986.51447	-914.24768	-766.61224	975.70343	-968.28418				-633.65485	416.11807	-906.84076				-719.74542	122.31802	-748.53595	-718.35150	83.02264	-1378.23242	
102	1.010										-736.51642	1506.89551	-859.20697	-483.90836	1390.32581	-992.55328	-810.84442	1399.08643	-1043.98645	-665.34058	1279.81555	-955.28906	-645.04138	1384.62158	-1128.85400	-381.83649	1033.50354	-1013.84515	-914.70123	1079.41064	-1043.48999	-353.28662	789.04425	-1043.29016	-952.67584	858.81030	-914.01501	-650.87378	989.50568	-903.57758	-769.09314	977.88947	-957.85333				-635.93280	417.79742	-894.61060	-787.38135	506.94260	-1241.18420	-726.01923	118.96707	-745.56207	-722.39124	92.28159	-1372.12646	
103	1.020										-738.32666	1508.13293	-849.67621	-486.80475	1392.33679	-981.65338	-812.99469	1400.30652	-1033.93958	-667.37164	1281.54041	-945.82843	-647.68298	1385.55811	-1119.16064	-385.07614	1035.06519	-1002.01532	-916.47229	1080.05762	-1034.17310	-356.05399	791.24182	-1032.70117	-956.93658	857.73163	-908.89288	-654.04297	990.29468	-892.29926	-771.28406	980.10077	-948.26074	-592.02441	911.28162	-1161.47302	-638.04132	420.39911	-880.74927	-791.49805	510.40613	-1228.64783	-731.18823	114.43937	-743.77356	-724.40863	97.38447	-1369.23413	
104	1.030										-744.47223	1510.77466	-841.89197	-489.16122	1393.75964	-972.86017	-815.22156	1401.86304	-1023.69800	-669.57324	1281.91736	-934.82806	-650.25067	1386.40137	-1109.66968	-387.61212	1036.25757	-990.10004	-917.99420	1080.78821	-1025.89185	-359.29855	792.34344	-1017.40790	-959.75793	857.15375	-904.87537	-656.57208	992.29010	-880.84277	-773.89417	982.41730	-936.30164				-639.06982	422.40564	-869.07922	-795.72614	510.76813	-1209.79675	-735.82776	111.63382	-741.72742	-726.84485	102.97522	-1364.00085	
105	1.040										-746.97565	1511.68469	-832.85144	-491.72678	1395.46277	-964.60291	-818.56378	1402.68030	-1014.59082	-672.14917	1283.14197	-924.58575	-652.86975	1387.40894	-1100.39124	-391.58514	1037.21643	-977.68237	-919.55762	1081.38501	-1016.73846	-362.58835	793.09967	-1005.53320	-962.58069	855.84955	-900.31555	-659.02631	993.69470	-871.87054	-776.72736	985.71539	-923.22864				-641.08362	423.67184	-855.44189	-798.95477	513.62891	-1195.06665	-741.13434	107.37808	-741.12396	-727.45673	109.72198	-1360.28552	
106	1.050										-748.58527	1513.11755	-823.40564	-494.63458	1396.42139	-952.64813	-820.46674	1404.48047	-1004.61383	-674.20850	1284.67798	-915.62225	-655.51160	1388.36621	-1091.01428	-395.05399	1038.07263	-966.70453	-921.18280	1082.00964	-1008.78693	-366.07407	793.77539	-989.59772	-966.17242	854.88153	-896.13947	-661.71301	995.07202	-864.42316	-778.26654	986.55914	-916.41437				-644.37262	424.96716	-841.94232	-802.68158	512.58405	-1174.48462	-744.77826	103.93228	-742.06354	-730.73926	118.90652	-1341.79883	
107	1.060										-750.71320	1515.20581	-813.98340	-497.11407	1397.60071	-944.01678	-822.92767	1405.33142	-995.49976	-676.85040	1286.56494	-906.60309	-658.08521	1389.52161	-1081.90820	-397.81726	1040.05530	-955.61438	-922.94598	1082.59033	-1000.79102	-369.98407	795.04309	-973.91779	-969.49506	853.11200	-892.12305	-662.89929	997.23969	-850.61237	-780.78577	988.73389	-906.83527				-646.34576	427.37653	-828.55664	-806.18372	513.85779	-1158.31396	-748.57269	100.00755	-740.50922				
108	1.070										-752.20453	1517.46729	-804.20044	-499.27585	1399.07239	-934.94080	-825.72919	1406.45496	-986.25458	-679.29852	1288.20410	-896.83124	-660.75018	1390.75537	-1073.07568	-400.98294	1041.13110	-941.44788	-924.66034	1082.92432	-992.08502	-373.35583	796.31689	-960.08478	-971.87805	852.38336	-887.88647	-664.84717	998.29242	-841.06122	-783.23749	988.84052	-898.04285				-648.12115	428.80591	-814.59888				-751.30609	99.06943	-740.14429				
109	1.080										-751.70618	1517.24377	-793.40820	-501.77313	1400.79480	-927.48608	-828.09729	1407.09998	-977.13367	-682.36298	1290.11658	-887.51007	-663.54126	1391.92236	-1064.33899	-404.23495	1042.02637	-928.94873	-926.20966	1083.19556	-983.93335	-377.19891	796.13519	-943.59589	-974.44574	850.66431	-883.74640	-666.89557	999.29346	-830.10974	-785.10217	992.04950	-879.52887				-652.30371	430.63040	-804.84351				-754.03198	95.96216	-741.77161				
110	1.090										-753.11188	1518.46692	-784.40948	-504.53961	1401.80725	-917.99994	-831.30457	1408.68347	-969.10535	-685.13623	1291.93530	-877.61682	-666.19366	1393.19385	-1055.70728	-406.78845	1043.59973	-916.81903	-927.94397	1083.53992	-976.36115	-381.10107	797.55768	-927.96381	-977.02386	849.63220	-880.24939	-668.56787	1000.28857	-823.79510	-786.48029	992.54034	-869.88965				-653.29321	433.45190	-790.73352				-756.02643	95.57715	-742.67560				
111	1.100										-754.46185	1519.69080	-775.05212	-506.51819	1402.71936	-909.65045	-833.90125	1409.90100	-960.46527	-687.56610	1293.91541	-869.34827	-668.70862	1394.44019	-1046.94495	-409.27664	1045.01770	-905.22430	-929.46661	1084.23767	-968.79608	-384.38544	798.68549	-911.33008	-982.78058	851.37219	-876.74628	-670.35718	1002.03558	-815.21320	-788.61707	993.30688	-860.99097	-616.20703	912.63971	-1077.59082	-654.64978	436.34225	-780.96838				-756.18811	97.37176	-743.72620				
112	1.110										-757.04108	1521.02185	-765.93640	-509.29953	1404.88123	-901.49310	-836.50977	1410.95764	-951.35962	-690.62994	1296.42517	-858.63257	-671.35779	1395.34326	-1037.87012	-411.61743	1046.09131	-893.46155	-931.08337	1084.94312	-961.48279	-387.59479	800.77167	-896.18597	-982.43060	849.31836	-872.51416	-670.73206	1005.27441	-803.24054	-791.20502	994.52893	-852.63788	-619.31317	913.14380	-1067.34888	-654.95978	439.98846	-770.76428				-756.52197	98.65258	-744.59302				
113	1.120										-758.89539	1522.40381	-757.45404	-511.54407	1406.43298	-892.47607	-839.05786	1412.42444	-942.78088	-693.44098	1298.02527	-849.21460	-673.91418	1396.68250	-1029.31616	-414.08267	1048.41064	-879.95288	-932.75690	1085.72290	-954.71619	-392.13736	802.59113	-880.92114	-984.62598	849.55768	-868.04187	-672.61957	1006.69116	-793.38690	-791.73730	995.47998	-842.71484	-621.92102	914.69977	-1057.43604	-652.76581	441.83865	-757.72278				-755.85272	100.11141	-746.96191				
114	1.130										-758.74353	1523.50818	-747.97351	-513.62372	1408.15869	-884.10065	-841.34222	1413.56714	-933.59344	-695.93628	1299.40942	-839.37384	-676.27979	1397.96106	-1020.26660	-415.61313	1051.41467	-870.40070	-934.45758	1086.46594	-948.92175	-396.75836	805.39484	-859.46735	-986.46893	849.88495	-864.26239	-674.02551	1007.62427	-788.17194	-793.44348	997.30640	-832.34747				-651.76776	442.87753	-750.48438	-848.47595	498.88968	-1000.57275	-754.13391	102.43888	-747.62555				
115	1.140										-760.74451	1524.87024	-738.43994	-515.84949	1410.35645	-876.77142	-844.13184	1415.55103	-924.67828	-697.51996	1301.59338	-831.34375	-678.67200	1399.48718	-1011.32745	-417.50177	1053.11072	-858.23743	-936.35382	1087.35559	-942.12610	-398.80066	808.05573	-844.58728	-988.93732	850.56567	-860.19910	-674.29346	1010.47601	-778.17731	-794.48236	999.03931	-822.11407	-628.33716	918.77271	-1038.88367	-650.70154	443.51880	-744.74023	-858.19830	500.91675	-973.78711	-752.87012	103.80020	-750.11292				
116	1.150										-762.60596	1526.86694	-729.36774	-517.85321	1412.14807	-867.91827	-846.22565	1417.06018	-915.52167	-699.40436	1303.55530	-823.16693	-681.06232	1401.15051	-1002.32196	-420.44589	1055.26770	-846.54651	-938.42328	1088.33789	-935.81726	-402.92200	810.71045	-827.50940	-990.58478	851.67242	-855.96216	-674.41785	1012.86383	-768.72955	-794.56714	1000.34222	-811.28723	-628.97711	920.02698	-1026.89221	-648.50690	445.44101	-739.85187	-868.57324	505.25073	-947.62323	-750.23096	105.02094	-750.21472				
117	1.160										-762.91864	1527.86072	-719.71790	-519.80798	1414.62439	-861.09570	-848.54199	1418.28394	-905.43042	-700.51801	1304.82959	-814.08789	-683.33838	1402.74915	-993.42468	-422.65948	1058.19617	-834.87964	-940.53278	1089.61682	-929.76324	-405.10495	814.71808	-813.28790	-992.67725	852.20160	-851.51971	-672.83887	1015.79840	-757.34479	-796.52325	1003.15198	-800.24664	-632.44635	921.58502	-1017.51813	-646.78821	445.66550	-736.14563	-879.52423	510.04431	-920.63049	-748.63330	104.73700	-750.98859				
118	1.170										-765.31219	1529.14160	-710.71729	-521.50482	1416.43799	-852.72162	-850.59882	1419.83972	-895.63226	-701.15363	1306.40576	-805.46362	-685.72180	1404.21912	-984.29956	-423.90536	1060.37427	-824.93774	-942.59137	1090.97742	-923.19403	-408.23135	818.02411	-796.66016	-994.62836	853.34601	-847.02319	-673.27289	1016.82721	-749.45764	-795.63654	1004.16882	-789.16772	-635.95844	923.70612	-1009.43073	-644.38000	444.90567	-731.33984	-890.48969	515.54846	-895.19061	-748.27167	104.27043	-752.03540				
119	1.180										-765.64691	1530.56970	-701.68500	-523.18732	1418.57410	-844.97552	-852.39984	1421.06824	-885.87561	-702.20605	1307.22192	-796.36206	-687.89429	1405.65784	-974.81458	-426.57404	1063.03125	-813.33643	-944.48297	1092.52637	-917.15723	-411.97943	821.90472	-780.84424	-996.26019	853.37799	-843.45532	-673.19098	1019.01831	-742.32428	-796.66083	1006.43701	-778.54761	-639.52423	925.82043	-1001.35388	-642.82813	444.62518	-728.60187	-902.02948	520.73785	-869.93610	-742.94470	104.54643	-751.12451				
120	1.190										-766.96942	1531.64722	-692.00146	-524.73370	1420.33264	-836.60889	-854.07440	1422.83459	-876.62891	-704.40900	1309.86194	-788.88336	-689.94794	1407.43970	-965.48083	-428.27606	1066.78857	-801.39478	-946.39026	1093.90320	-910.69446	-413.87323	826.59698	-765.07385	-998.07861	854.86591	-838.52313	-671.68726	1021.84753	-730.15320	-796.23572	1008.24915	-768.40442	-643.55377	927.28790	-993.12152	-639.92688	444.09512	-726.54169	-913.74445	526.67529	-845.08374	-740.42542	103.15347	-750.62164				
121	1.200										-768.14563	1532.92773	-682.31628	-526.31995	1421.99304	-827.88763	-856.01288	1423.65002	-865.63501	-704.98016	1310.60571	-780.15924	-691.99487	1408.62305	-956.25482	-424.69312	1071.36304	-782.80463	-948.12653	1095.38049	-904.06097	-417.12131	830.30615	-748.45184	-1000.07690	855.61566	-835.42273	-671.67346	1022.05304	-724.98169	-796.45862	1009.42328	-757.53601	-647.64185	928.59412	-984.96552	-636.47034	442.80304	-723.87848	-925.92285	535.21875	-822.31873	-743.07098	98.58138	-755.81042				
122	1.210										-768.34729	1533.89490	-671.99707	-527.51837	1422.87061	-818.01282	-857.11279	1424.67126	-855.08221	-705.55762	1311.52283	-770.56317	-694.05670	1409.88525	-946.92731	-425.73450	1073.46033	-772.28461	-949.72125	1097.08948	-897.47046	-419.80301	834.32574	-732.13611	-1001.74481	856.32428	-831.30127	-671.92780	1023.71637	-714.76233	-796.28473	1010.64331	-746.96173	-651.88361	929.88226	-976.88977	-633.74615	439.71295	-720.54138	-935.66614	543.79242	-800.46033	-740.52283	97.68623	-755.41168				
123	1.220										-768.85419	1534.19043	-662.68341	-528.79156	1424.63757	-811.46515	-858.81885	1425.90320	-845.07751	-706.17975	1312.35156	-761.34821	-695.98694	1410.89575	-937.59894	-427.61743	1075.28357	-761.21881	-951.42535	1098.44885	-891.01794	-421.80353	837.85925	-716.45990	-1003.63580	856.78448	-828.21558	-670.56885	1024.98999	-705.53693	-797.68549	1012.70819	-736.69446	-656.31073	930.39001	-968.82800	-629.47736	438.56049	-720.62769	-942.23077	551.07391	-778.10492	-738.30658	95.69695	-754.61267	-894.44165	248.10692	-964.24377	
124	1.230										-770.01160	1535.36084	-653.33484	-529.98999	1426.29626	-805.16986	-860.20044	1426.33228	-834.02472	-706.04742	1312.96399	-751.76263	-698.02435	1411.72913	-928.02765	-428.47784	1077.66760	-750.30933	-953.06763	1099.89880	-884.91559	-424.75806	841.77362	-702.69409	-1005.34814	857.10638	-824.57013	-670.30975	1026.16357	-698.16870	-797.42279	1013.89233	-726.12152	-660.75409	930.75189	-960.42010	-625.87549	436.38651	-720.31189	-945.78809	559.49908	-755.26440	-733.93384	92.59790	-753.57086	-905.83136	250.13188	-937.33936	
125	1.240										-770.00751	1535.62512	-643.66406	-530.97784	1426.24573	-794.02960	-861.22357	1427.09937	-823.45831	-707.39648	1314.47498	-742.44702	-699.93915	1412.39429	-918.10992	-430.67627	1078.30469	-740.53192	-954.71100	1101.06763	-878.03845	-426.94107	844.86908	-689.29187	-1007.09705	857.15643	-821.16077	-670.60474	1026.49670	-689.16693	-797.28931	1014.02521	-715.88928	-665.30426	931.20892	-952.10254	-622.18829	433.32675	-718.77405	-946.78619	567.28241	-733.58691	-732.04822	89.45552	-755.11963	-915.05206	249.41327	-910.51074	
126	1.250										-770.62616	1535.31055	-633.58905	-531.72491	1428.08948	-790.64124	-862.78021	1427.66675	-812.56409	-708.59021	1315.09656	-733.54419	-701.80133	1412.97754	-908.33527	-430.65286	1079.80164	-729.38007	-956.47705	1102.20715	-870.89777	-428.21469	848.40839	-672.52264	-1009.11200	857.27661	-817.97046	-670.71722	1027.04004	-681.55872	-797.87360	1015.20276	-706.40356	-669.96857	931.24976	-944.03876	-618.05518	431.03372	-718.85974	-947.70569	573.82532	-712.09473	-727.50037	87.26135	-755.42865	-926.40137	251.88483	-884.67853	
127	1.260										-770.99542	1536.09155	-623.77100	-532.68988	1427.34509	-778.69452	-864.13562	1428.09070	-801.48535	-708.37402	1315.52246	-723.19208	-703.73114	1413.56067	-898.77521	-431.91183	1081.29028	-718.52026	-958.10944	1103.33398	-864.97382	-430.40656	851.70160	-658.47449	-1010.47461	857.39856	-814.74542	-670.35406	1026.77930	-673.13562	-798.01636	1015.12866	-695.82892	-674.44818	931.39392	-935.82056	-614.31439	427.13232	-719.13165	-947.44525	578.98340	-690.61060	-723.83716	83.87794	-753.84418	-932.97900	246.88245	-857.62958	
128	1.270										-771.33856	1535.95154	-613.35779	-533.46844	1427.52551	-770.86316	-864.96899	1427.69653	-789.90430	-708.46661	1315.22729	-712.87878	-705.63947	1413.77795	-888.99609	-432.08905	1082.40405	-707.97290	-959.92792	1103.83008	-858.27094	-432.55246	853.62537	-644.86389	-1012.16901	856.90247	-810.43732	-669.86139	1026.90613	-665.54749	-797.89044	1014.21606	-685.99451	-679.28802	930.94086	-927.62738	-608.99445	425.36249	-719.71100	-947.07318	585.19501	-670.54651	-718.87579	82.47221	-752.53790	-939.93329	245.76978	-831.53821	
129	1.280										-771.64490	1535.88208	-603.09705	-533.99774	1427.38281	-764.44519	-866.03723	1427.74670	-778.44916	-708.42218	1315.00610	-703.03168	-707.65015	1413.91296	-879.30188	-432.42075	1082.66443	-697.26801	-961.66650	1103.99805	-850.76428	-433.89572	855.80817	-629.87817	-1013.55762	857.00842	-806.92114	-669.99139	1025.30115	-655.99762	-797.22998	1014.51453	-675.16498	-684.01831	930.78784	-919.91229	-603.90771	422.33981	-720.79431	-945.20618	589.34302	-651.57581	-716.46838	79.04826	-753.26428	-948.11511	243.04906	-805.13977	
130	1.290										-772.34711	1535.40491	-593.61279	-535.10712	1426.75623	-755.95123	-867.37653	1427.19238	-766.79535	-708.86920	1314.99634	-691.86969	-709.43707	1414.23193	-869.71466	-432.94443	1083.64319	-687.53210	-963.18005	1104.18823	-843.49829	-435.11111	858.36572	-616.05469	-1014.67120	856.78497	-803.16699	-668.99438	1025.42676	-646.77228	-798.22900	1014.02924	-665.51575	-688.56091	930.32690	-911.07892	-599.06812	420.96054	-721.94135	-942.87109	592.98352	-632.53546	-710.12970	76.71037	-751.60632	-954.85773	239.88612	-778.11212	
131	1.300										-771.93909	1534.79919	-582.56000	-536.05640	1426.10486	-747.62482	-868.09875	1426.86926	-755.07623	-709.87878	1311.37195	-689.17090	-711.37256	1413.97107	-859.21265	-431.12808	1084.94385	-675.82501	-964.65527	1104.84558	-835.93951	-434.59174	860.05157	-601.25006	-1016.67889	856.57410	-799.56134	-668.69043	1024.65137	-639.50092	-798.42664	1013.19958	-655.58643	-693.03528	929.96802	-902.66144	-594.05145	419.26004	-724.45654	-940.32007	595.77850	-613.94690	-705.80499	76.40557	-750.07861	-961.14313	235.02167	-751.76184	
132	1.310										-772.31104	1534.33044	-572.61743	-536.79218	1425.28699	-739.25592	-868.80365	1426.43958	-743.38110	-708.27655	1313.62415	-669.01263	-713.32684	1413.99292	-849.82855	-430.49991	1085.27673	-665.31256	-966.22076	1105.32056	-827.54242	-438.26974	860.29193	-588.27783	-1017.49445	856.09314	-794.79279	-668.62683	1022.76953	-633.72107	-797.20660	1011.91071	-644.91101	-697.51501	929.60822	-894.30701	-588.41937	418.02863	-725.68414	-937.45795	598.33765	-598.10278	-700.27179	75.61313	-748.82190	-966.02350	229.65541	-725.64764	
133	1.320										-770.89075	1532.62830	-561.49457	-537.60828	1424.66516	-731.03467	-869.76709	1425.88513	-731.19171	-710.07593	1310.68835	-669.10217	-715.22729	1413.76221	-839.32861	-432.63501	1084.36304	-655.05133	-967.41132	1105.91736	-818.99298	-439.48135	861.87256	-577.13788	-1019.29456	855.74738	-790.11267	-667.22797	1022.16333	-623.14783	-797.72559	1011.39319	-634.91418	-701.66962	929.24908	-885.52423	-584.53558	416.44339	-728.52380	-934.19586	599.05255	-582.02655	-694.29846	74.28512	-748.00104	-971.75610	219.89496	-705.93982	
134	1.330										-770.88989	1531.62231	-551.22510	-538.18811	1423.79077	-723.40881	-870.50653	1425.39465	-719.19073	-710.06873	1308.21912	-660.10272	-717.18927	1413.07959	-828.99036	-431.07776	1085.98010	-645.57318	-968.60895	1105.68127	-809.53711	-439.93079	863.25488	-564.43683	-1020.56921	855.45947	-785.13428	-667.25330	1019.97833	-617.30841	-796.43396	1009.66156	-624.12732	-705.66870	928.69434	-876.57471	-580.47955	414.82233	-731.30627	-930.51508	599.64331	-567.42554	-689.89087	69.47807	-750.23419	-975.89435	210.83578	-684.57733	
135	1.340										-771.00775	1530.56396	-540.83295	-538.70251	1422.53943	-715.57263	-871.98785	1423.96777	-707.81097	-708.88721	1308.24768	-648.15509	-718.95746	1412.92712	-819.22766	-432.20740	1085.30396	-634.91632	-969.61517	1105.92358	-800.58801	-441.11752	864.41626	-549.96387	-1021.75439	854.80139	-779.24951	-666.78693	1019.27228	-607.48492	-796.34833	1008.29828	-613.40411	-709.59918	928.00189	-867.63507	-575.73285	413.12946	-734.68317	-927.70868	599.45477	-554.07764	-684.45972	67.54089	-749.55615	-978.82507	204.89301	-651.49402	
136	1.350										-769.79132	1528.64478	-529.99048	-539.36475	1421.22571	-707.24036	-871.74500	1423.98633	-694.80835	-709.76318	1307.10510	-638.35254	-720.76459	1412.44727	-808.93304	-435.34250	1084.23755	-624.31610	-970.72906	1105.93481	-790.31519	-441.54959	864.07471	-539.15088	-1023.07013	854.79633	-773.15314	-664.60938	1018.14929	-599.23175	-795.89758	1007.70746	-602.99835	-713.18475	927.54266	-858.83936	-572.58624	412.50555	-738.38831	-923.77185	596.62646	-542.92010	-677.71808	66.25497	-749.92560	-982.65613	193.27992	-626.26337	
137	1.360										-769.78400	1527.61560	-519.52698	-539.81171	1419.69165	-697.87158	-872.05713	1423.68994	-683.29285	-709.92200	1304.76514	-630.11615	-722.56500	1411.76147	-798.51984	-435.29950	1085.15735	-614.15790	-971.81110	1105.80481	-779.81714	-442.06332	866.78400	-525.48260	-1024.38293	854.79742	-766.63379	-665.43134	1017.14221	-591.29462	-795.31189	1006.65344	-591.98206	-716.67371	926.58636	-849.17383	-570.17731	411.52750	-741.43335	-919.56445	594.47937	-531.03333	-669.30383	65.39873	-746.62402	-983.00427	184.85547	-598.94904	
138	1.370				-687.02405	1673.52917	-662.51349				-769.75122	1526.74976	-509.09332	-540.46887	1418.94531	-690.45667	-872.51172	1422.90894	-670.52618	-708.50397	1305.16003	-617.41199	-724.25732	1411.13831	-787.99170	-437.63257	1084.37610	-605.15179	-973.04865	1105.59949	-768.20386	-442.33002	865.94574	-514.19611	-1025.37891	854.80768	-759.42810	-664.96527	1015.77655	-584.73169	-794.24939	1004.83105	-581.16125	-719.50262	926.38782	-839.42383	-567.46832	410.74374	-743.57233	-917.37909	590.44714	-521.54694	-662.06995	62.84100	-748.03510	-982.75067	172.11458	-572.04962	
139	1.380				-686.85779	1672.71838	-652.17554				-768.39471	1524.98169	-497.99707	-541.27197	1418.06763	-682.03162	-872.49414	1420.12500	-658.77118	-709.37311	1303.24609	-607.46545	-725.86365	1410.49475	-777.52100	-438.48404	1084.52014	-593.75458	-974.65869	1105.45923	-756.92645	-443.36078	867.61700	-502.75125	-1026.95117	855.09277	-751.59698	-663.50989	1015.41309	-573.53162	-794.15314	1004.68768	-570.12286	-722.47662	925.22418	-829.59235	-566.09668	410.24960	-745.30902	-914.42511	585.59711	-512.77637	-656.60321	61.14936	-748.83850	-980.90277	160.19722	-548.56793	
140	1.390				-686.80450	1671.70483	-640.87341				-768.42462	1523.94604	-487.77606	-541.62573	1417.03467	-673.62006	-872.58850	1421.29126	-646.00085	-709.11511	1302.06165	-597.96356	-727.37421	1409.82422	-767.59924	-441.37927	1083.21008	-584.78351	-976.05164	1104.71521	-744.83319	-444.56827	868.76050	-492.50430	-1028.28455	854.68848	-742.18292	-663.29987	1014.41602	-564.54089	-792.19208	1002.04218	-566.31451	-725.08075	924.48816	-819.13568	-564.66779	410.73267	-748.64490	-912.70367	580.19012	-506.13248	-649.83020	59.39690	-749.44446	-978.08484	150.18727	-515.74231	
141	1.400				-686.71741	1670.54175	-630.13568				-766.94598	1522.44653	-476.77234	-541.80121	1415.78223	-664.49219	-872.78668	1420.37964	-633.41724	-707.96167	1302.07471	-586.28882	-728.67780	1409.36804	-756.99835	-441.42374	1083.65503	-574.62531	-977.50159	1104.58789	-732.18347	-445.70889	867.68237	-482.93021	-1029.73242	854.44269	-732.60858	-660.81512	1014.86426	-553.28534	-791.98877	1002.80969	-552.83527	-727.52606	923.64471	-809.48834	-564.18762	411.36035	-750.70868	-909.95844	573.17303	-499.46112	-642.68042	59.07206	-750.55359	-973.25665	136.63060	-495.41202	
142	1.410				-686.55847	1669.46631	-619.38165				-765.90399	1521.27405	-465.87006	-542.17828	1415.19421	-655.59076	-873.10632	1419.70251	-621.38934	-707.94965	1299.91284	-579.54150	-730.22223	1408.12219	-746.00977	-444.58078	1082.60815	-566.78845	-979.13361	1103.84937	-719.24127	-445.22791	868.43005	-470.63062	-1031.05933	854.54126	-722.16705	-661.36597	1014.00696	-545.75183				-731.09119	923.93689	-799.99695	-564.41156	412.08801	-752.68903	-909.02637	563.37012	-495.34195	-637.32587	58.26719	-752.48090	-968.25793	126.04469	-470.13666	
143	1.420				-686.29773	1668.66443	-609.37817	-562.40533	1559.48450	-557.18567	-765.21887	1520.30481	-455.35013	-542.70905	1414.20581	-647.13403	-872.99884	1418.93225	-608.85645	-707.12164	1299.80518	-565.44916	-731.33606	1407.79114	-735.53900	-444.84201	1082.24487	-557.21155	-980.98853	1103.80591	-706.07428	-445.50241	867.14478	-463.43872	-1032.71729	854.65924	-711.41010	-660.09558	1012.81238	-535.43799	-790.84497	1000.51544	-525.03961	-732.78479	923.49554	-790.06451	-564.53833	413.37723	-754.10529	-905.78302	551.38318	-492.99588	-630.81708	57.35799	-752.91309	-961.86621	121.31559	-437.38470	
144	1.430				-686.13666	1667.55457	-598.51971	-561.91437	1558.04578	-547.74390	-764.17651	1518.99329	-443.99048	-543.31140	1413.30029	-638.64655	-873.19855	1418.08936	-596.72302	-706.88318	1299.08374	-556.22998	-732.98999	1406.23608	-724.27502	-447.31387	1081.16980	-548.50891	-982.62573	1103.14392	-692.33197	-445.61215	867.74054	-453.67996	-1035.41016	854.55347	-699.86615	-659.58307	1012.16626	-524.29028	-790.39655	998.67816	-513.09576	-733.70197	921.82794	-778.43756	-565.92664	416.35568	-754.49274	-903.06958	540.92670	-496.89822	-624.85797	57.96099	-753.53918	-953.38690	116.48326	-409.77863	
145	1.440				-685.84375	1666.58301	-588.30774	-562.39490	1556.62988	-537.70135	-763.22290	1518.37805	-433.45871	-543.76117	1412.33789	-630.06250	-872.80695	1416.86731	-583.64636	-706.86920	1297.62964	-546.82574	-734.32922	1405.64539	-714.04254	-448.65781	1080.36877	-540.09045	-984.52539	1102.78137	-678.72919	-445.87415	867.51910	-443.63229	-1035.71472	854.43292	-687.20526	-658.80872	1011.26666	-512.48053	-789.47876	997.47687	-501.02036	-735.74976	920.72931	-767.18585	-567.36780	418.93359	-753.39227	-899.09100	531.60089	-499.17691	-620.59351	58.47708	-754.87036	-945.66437	116.41216	-381.81573	
146	1.450				-685.65784	1665.58228	-578.55450	-561.60297	1555.89661	-527.44189	-762.94739	1517.72351	-423.11493	-543.85803	1410.48840	-620.25952	-873.23682	1416.58362	-571.82013	-705.81433	1298.10229	-532.99640	-735.88422	1404.46240	-703.04639	-448.76990	1079.49780	-532.70313	-985.87000	1101.69531	-664.36603	-445.74841	866.71649	-436.59482	-1037.65564	854.20905	-673.83716	-658.25940	1011.66302	-502.63016				-737.42377	918.98511	-754.96405	-569.34387	421.12442	-750.77777	-895.70490	525.52863	-503.08743	-615.26428	59.60934	-755.71539	-936.96326	122.01561	-348.84946	
147	1.460				-685.48492	1664.44287	-568.48291	-561.11621	1554.78955	-518.41644	-761.45270	1516.85706	-412.54312	-545.07037	1409.99475	-611.89801	-873.02386	1415.96741	-559.31696	-706.03381	1296.16309	-524.42755	-737.42084	1403.42566	-692.49707	-448.15720	1079.49890	-524.38879	-986.88165	1100.98657	-650.70917	-445.33112	866.03754	-431.34158	-1039.48230	853.86304	-659.97638	-657.96521	1010.96869	-492.05551				-739.11163	918.20740	-743.37592	-571.11847	423.16791	-746.59326	-889.86823	522.84857	-503.46155	-611.20306	61.37643	-756.96191	-927.39044	125.99812	-326.06552	
148	1.470				-685.21783	1663.60547	-558.07434	-560.60938	1553.54736	-508.99039	-760.18024	1515.95520	-401.09073	-545.42963	1408.52771	-603.08716	-873.59302	1415.25366	-547.23645	-705.26337	1295.80542	-512.44568	-739.01251	1402.45471	-681.32690	-448.62231	1077.90344	-515.62897	-988.26648	1099.69971	-636.05786	-444.48340	864.69250	-420.80020	-1040.53430	852.53656	-645.39111	-657.32678	1010.00092	-480.81998				-740.66711	917.08905	-731.04260	-572.95313	425.07477	-741.04468	-880.91028	523.32465	-499.49130	-607.41101	61.68424	-757.12830	-918.23492	133.71011	-303.02341	
149	1.480				-684.96576	1662.65308	-548.00403	-560.53876	1552.74731	-499.93585	-758.36676	1514.96704	-390.32605	-546.25146	1407.58105	-594.90540	-873.50769	1414.17114	-534.47052	-705.04431	1295.57288	-501.79657	-740.63416	1401.57532	-670.76355	-448.88028	1076.86243	-508.77902	-989.71576	1099.49060	-622.02081	-444.05301	864.02637	-415.51233	-1041.02368	850.98505	-630.65698	-657.20721	1010.04346	-469.72858	-786.14014	999.41241	-452.11636	-742.11615	916.18494	-719.30377	-575.23523	427.59451	-734.77509	-871.07544	525.74524	-492.34875	-605.33728	63.57458	-758.33746	-907.22430	142.39615	-281.41458	
150	1.490				-684.75421	1662.01746	-538.03296	-559.78955	1551.92957	-491.66507	-756.20209	1514.33533	-378.93594	-546.95410	1407.33875	-585.46173	-873.57452	1413.72961	-522.26929	-704.42303	1294.11548	-493.00162	-742.34094	1400.23108	-659.85077	-448.19650	1075.97107	-501.50589	-990.86102	1098.51807	-607.74652	-442.74069	861.30804	-410.97580	-1043.16260	850.74634	-614.94611	-656.50665	1008.74750	-459.23114	-785.68787	997.31091	-443.81464	-743.08960	915.21655	-705.70978	-578.05389	428.48547	-725.59943	-864.23267	526.12463	-482.66956	-601.12018	65.78413	-759.38794	-895.90143	150.93576	-261.28000	
151	1.500	-634.95343	1428.53113	-325.42465	-684.63391	1661.20203	-528.53668	-559.28558	1550.87366	-483.03461	-756.79596	1515.08167	-369.40796	-547.44476	1406.09436	-576.93890	-874.56763	1412.28076	-511.55368	-703.34186	1294.11194	-481.86209	-743.78082	1399.19714	-649.04315	-448.71735	1074.03137	-496.19644	-991.72601	1097.23853	-593.19916	-441.57690	858.64423	-404.13153	-1043.29553	848.45691	-598.72449	-656.65460	1008.45667	-444.75977	-785.32092	995.99280	-433.45123	-744.06598	913.74615	-692.51764	-580.22498	429.79794	-716.04980	-858.34692	526.23486	-471.66019	-597.58887	68.80210	-759.81293	-886.17896	158.27773	-241.87746	
152	1.510	-634.36188	1428.03308	-315.53595	-684.48334	1660.46558	-518.75989	-559.26459	1550.34229	-474.57828	-755.60840	1514.90320	-359.32751	-548.17065	1405.40137	-567.99432	-874.01270	1412.24292	-498.13046	-703.98297	1293.97607	-471.30661	-745.21088	1398.02344	-638.29657	-447.53229	1073.18811	-489.90475	-992.60004	1096.29614	-578.08191	-439.25708	856.81689	-401.70142	-1044.74084	848.46344	-582.18976	-655.46613	1008.42633	-433.32062	-784.08551	998.01202	-418.93546	-744.84033	912.27490	-679.14905	-582.85419	430.30017	-705.94153	-854.85187	527.55530	-460.63705	-593.41107	71.23441	-761.92749	-875.56543	165.94838	-220.59435	
153	1.520				-684.34088	1660.14917	-509.50308	-558.58362	1549.09973	-465.74258	-753.51508	1514.61926	-348.54959	-548.82648	1404.41101	-559.95190	-874.12982	1411.92334	-486.32831	-703.11908	1292.22131	-460.21448	-746.58868	1396.79053	-627.22772	-446.18100	1071.87390	-483.07874	-993.82477	1095.17456	-563.14026	-438.58688	854.65680	-395.90863	-1044.56299	846.53253	-565.56720	-655.69385	1007.41443	-422.66852	-783.78973	996.39313	-407.14258	-745.37732	910.86560	-665.32697	-585.26862	430.66830	-695.42712				-590.22479	74.44155	-761.73785	-864.56421	173.47615	-201.47511	
154	1.530	-632.07599	1427.84814	-297.40311	-684.22034	1659.85034	-499.55893	-558.06848	1549.14624	-457.86935	-750.64636	1514.14343	-337.21793	-549.06152	1403.72107	-551.33551	-874.21454	1411.72070	-474.41296	-702.39569	1292.61011	-451.86298	-748.04114	1395.92529	-615.90643	-445.66425	1069.98022	-476.39655	-994.86200	1094.46082	-548.37274	-435.43295	851.58466	-387.56812	-1044.95227	845.02985	-548.97998	-653.89575	1007.17773	-408.81497	-782.35651	996.95032	-391.55695	-745.39252	908.63361	-652.30859	-588.83020	430.74380	-681.98242				-586.52734	77.74239	-763.44861	-853.78424	180.30815	-184.26912	
155	1.540	-630.38428	1429.23547	-288.41925	-683.90070	1659.90417	-489.62860	-557.98529	1548.62439	-447.94452	-749.88153	1514.80054	-326.84348	-549.96124	1403.26099	-542.64270	-873.83667	1411.24231	-462.58688	-702.86591	1293.85608	-435.29410	-749.44647	1395.45557	-605.39832	-445.02979	1068.39722	-471.84070	-995.13049	1093.50134	-532.26715	-435.77838	848.85626	-387.62643	-1046.81836	845.40375	-531.38354	-653.20239	1006.73071	-396.61996	-782.47101	996.67651	-379.32117	-746.69849	907.36859	-639.55823	-591.67010	430.08499	-667.28351				-583.55042	82.34998	-765.03387	-845.04773	186.94780	-168.60150	
156	1.550	-627.61890	1430.46375	-278.85898	-683.37787	1660.77979	-480.15460	-557.55035	1548.74780	-440.04669	-748.85376	1515.65894	-316.01135	-550.02612	1403.48096	-533.99176	-873.91180	1411.77930	-450.63541	-701.63409	1295.02222	-425.24951	-750.50922	1395.49573	-594.78839	-443.48605	1066.95435	-466.01117	-995.97455	1093.31104	-517.90497	-431.97977	845.70245	-381.17480	-1047.00647	844.68488	-513.98328	-651.71802	1007.03644	-385.13644	-778.96533	998.93854	-359.37106	-748.05200	907.22028	-626.71985	-595.60114	428.95920	-653.06744				-578.73535	88.24477	-765.55536	-836.25922	194.28674	-155.61024	
157	1.560	-626.03174	1429.59668	-269.25290	-683.07501	1661.15576	-470.16791	-556.81305	1549.41052	-433.38193	-746.79968	1517.30603	-304.91681	-549.88794	1403.53894	-525.41376	-872.89929	1411.72534	-438.56097	-700.70715	1294.47266	-415.67691	-751.36298	1395.66309	-584.06995	-442.68747	1066.02686	-461.25815	-996.45911	1092.96106	-502.27188	-432.09201	841.66833	-383.16614	-1045.04211	844.05676	-494.89249	-651.04724	1006.06470	-380.61081	-779.21442	998.17706	-349.32278	-749.44617	906.52344	-614.67657	-600.09003	427.99854	-636.89026				-575.77759	94.88595	-764.90509	-826.91425	200.11508	-143.42946	
158	1.570	-623.72211	1430.67590	-260.43549	-682.86182	1661.18469	-461.13525	-555.99017	1548.97498	-423.80408	-744.49432	1518.74329	-295.02576	-550.42505	1403.94458	-516.17328	-872.45264	1412.18506	-426.58423	-699.66217	1295.36230	-403.72833	-752.05463	1395.64014	-573.17627	-441.66180	1065.64807	-456.12036	-996.45123	1092.97302	-486.41205	-431.06726	840.52979	-383.64578	-1046.20740	844.35870	-476.80069	-649.47278	1006.30927	-365.92834	-776.56592	998.22827	-337.38434	-751.07867	905.62915	-602.78149	-605.42499	427.81882	-621.60193				-573.66211	104.30473	-764.72717	-818.38080	206.73849	-132.01845	
159	1.580	-621.33044	1432.90845	-250.91898	-682.61853	1661.25818	-452.28387	-555.67609	1549.69324	-415.66858	-741.98334	1519.77942	-283.93201	-549.93011	1404.91077	-508.45337	-870.69794	1412.09094	-414.11618	-697.04089	1297.67957	-388.52902	-752.42084	1396.00720	-563.30847	-440.47827	1065.44385	-452.51050	-996.69653	1093.12805	-470.72861	-428.88394	836.88654	-376.77612	-1046.00366	844.44250	-458.15009	-648.20532	1006.79102	-357.05197	-773.92737	998.03308	-331.91962	-752.40845	905.01831	-592.24622	-611.14801	426.06473	-602.49689				-573.67047	115.91230	-762.76257	-811.08167	212.00351	-122.99183	
160	1.590	-618.16272	1434.38232	-242.07520	-682.26385	1661.41370	-443.27490	-554.35486	1550.13843	-407.82825	-739.39539	1519.89587	-272.89661	-549.21893	1405.40063	-499.11755	-869.16760	1412.54138	-403.06985	-695.55695	1297.69165	-378.02896	-752.76727	1396.04968	-552.27307	-440.02881	1064.37708	-447.85025	-996.76953	1093.39600	-453.86829	-427.98572	834.08466	-379.02164	-1045.03967	845.21826	-438.86624	-644.07971	1008.49872	-343.45950	-772.77228	996.92871	-325.59628	-753.77820	905.07751	-581.12231	-617.43970	425.55811	-584.02985				-577.04694	126.29996	-760.52106	-804.82031	214.58627	-114.12845	
161	1.600	-615.51404	1434.95935	-230.51376	-681.93109	1661.34180	-434.37048	-554.14856	1550.08191	-398.69162	-737.60126	1520.39587	-263.40894	-548.65607	1405.65466	-490.83707	-867.70892	1413.33838	-391.28973	-693.23486	1297.67822	-369.94299	-752.87036	1396.74109	-542.33142	-439.11560	1063.89124	-442.73529	-996.85767	1093.56653	-437.59708	-421.11890	837.58771	-357.46417	-1044.07373	845.42218	-418.83517	-640.78534	1008.98743	-335.32568	-769.19916	999.52924	-312.38666	-754.80756	905.32495	-570.50012	-623.56537	423.84476	-563.23560				-580.83514	138.54504	-755.82629	-799.54541	215.81758	-105.06425	
162	1.610	-613.22253	1435.61035	-221.53349	-681.15735	1661.83826	-424.70575	-552.71722	1550.97437	-390.51416	-735.03888	1521.17761	-253.22531	-548.54779	1407.04395	-482.78430	-866.26538	1414.07983	-379.93317	-691.44098	1298.71887	-360.83038	-752.95300	1397.72437	-532.83368	-438.70657	1063.57178	-438.50864	-995.14594	1094.04822	-421.87863	-424.04861	829.84247	-377.09451	-1040.68372	844.02356	-398.55948	-638.46722	1008.84656	-329.33905	-765.82861	1001.41992	-302.00406	-756.01251	906.29370	-560.07416	-630.34064	422.12433	-542.93457				-585.89020	150.76299	-749.36786	-793.70801	213.70926	-97.35860	
163	1.620	-610.71405	1437.10571	-212.93279	-679.95770	1663.18896	-415.12015	-551.22528	1552.10107	-381.75214	-732.73450	1522.66638	-243.62032	-547.58179	1408.51099	-474.79034	-864.35217	1415.20007	-369.17294	-689.59448	1299.16675	-352.20349	-752.85748	1398.81445	-522.49896	-438.68726	1062.84644	-433.71530	-994.75317	1094.39355	-405.06296	-424.94629	827.27692	-380.58023	-1038.18420	844.62872	-377.51645	-636.43030	1009.54565	-320.82761	-763.76202	1001.74805	-295.12869	-757.77423	907.44775	-550.06317	-635.42957	420.34244	-520.55579				-591.49005	160.67188	-738.41327	-789.14374	209.21407	-93.64963	
164	1.630	-607.65485	1439.46338	-203.85834	-678.49451	1664.58606	-405.52701	-549.39093	1553.54944	-373.30438	-730.52740	1523.94592	-233.05644	-546.58691	1409.92700	-467.31146	-862.48657	1415.81323	-357.43677	-687.68573	1299.51880	-349.09430	-752.72870	1400.32800	-512.33240	-438.34763	1063.00806	-429.97372	-992.81122	1094.70374	-388.42926	-423.02252	824.67877	-380.41177	-1036.16931	845.26807	-356.65723	-633.67841	1010.51636	-313.26224	-760.62335	1004.48395	-284.18015	-757.76709	908.04480	-540.00574	-640.71167	418.52188	-499.28735				-598.02783	173.55150	-725.00006	-784.28015	204.26004	-89.09441	
165	1.640	-604.84485	1439.90186	-195.41068	-676.77832	1666.26770	-395.67020	-547.34033	1555.14258	-364.36182	-727.65674	1525.26794	-223.34612	-545.85431	1411.87097	-459.60107	-860.38123	1417.21252	-346.44412	-684.53784	1301.55896	-334.32999	-751.77209	1401.42041	-502.13489	-437.63425	1063.27954	-425.82504	-991.03723	1095.51514	-371.26309	-422.74243	822.82965	-382.43457	-1033.46289	846.14154	-335.70090	-631.25104	1012.14404	-305.79449	-756.79175	1008.89233	-268.00638	-758.27875	909.60150	-530.38226	-641.04144	423.13699	-478.29596				-603.03723	187.25398	-706.53748	-778.79449	197.27773	-86.10679	
166	1.650	-602.26617	1440.33240	-187.30954	-674.80914	1668.19812	-385.68393	-545.57861	1556.71045	-355.32559	-724.35803	1526.75061	-212.90320	-545.19812	1414.21582	-452.70340	-858.23047	1419.05688	-335.34286	-682.58667	1303.45142	-325.36288	-751.53094	1403.43665	-491.85092	-436.80930	1064.26379	-421.90311	-989.49719	1096.52490	-354.84628	-422.39963	823.70038	-370.21454	-1029.67969	846.71558	-313.77396	-628.03613	1014.19177	-298.05835	-754.23840	1010.08325	-261.50049	-758.55933	911.78174	-520.86255	-638.75775	430.82703	-456.32483				-606.72253	200.69968	-688.31976	-773.35474	189.63461	-85.61977	
167	1.660	-599.62671	1441.60864	-177.96321	-672.66425	1670.26904	-375.42572	-543.40625	1558.78638	-346.14395	-721.54407	1527.98755	-203.67918	-544.45044	1416.36829	-445.00543	-855.71118	1421.18103	-325.07169	-680.04431	1305.72681	-316.39999	-751.14557	1406.34412	-482.84506	-437.04318	1065.22656	-418.05167	-986.79407	1098.03467	-337.86938	-417.11395	826.52142	-365.29626	-1026.55750	849.76758	-292.87122	-627.13733	1016.81183	-291.55908	-752.05078	1011.12146	-258.06546	-758.50641	914.37994	-512.07141	-635.51251	439.18335	-434.44504				-610.24738	213.32132	-667.34808	-768.14301	181.68062	-84.36709	
168	1.670	-597.88135	1442.15405	-170.18861	-670.27637	1672.62427	-365.46188	-541.17017	1560.78125	-337.62183	-718.62561	1529.03027	-193.94624	-542.84125	1418.40015	-437.06708	-853.30206	1423.06494	-313.61340	-677.10754	1307.79480	-307.51263	-749.96161	1409.14758	-472.32468	-436.60922	1067.24878	-415.15082	-984.11298	1100.08142	-322.11804	-415.45319	828.41388	-365.54257	-1022.19843	852.00000	-270.28766	-623.15912	1020.78381	-281.26178	-747.48462	1014.12640	-246.77968	-758.48846	917.48413	-503.62839	-632.95276	447.22223	-411.74872	-873.85657	549.49377	-227.94290	-614.31775	225.32942	-645.26947	-764.08990	172.27136	-84.77751	
169	1.680	-594.85840	1443.45435	-161.66840	-667.78680	1674.96741	-355.11502	-538.80267	1562.68591	-328.68066	-716.08234	1530.87561	-184.72894	-541.63940	1420.78357	-429.71478	-850.22052	1425.45618	-302.55267	-673.72894	1310.43018	-299.54910	-749.52649	1411.97363	-463.32974	-435.74377	1068.71130	-411.28308	-981.06390	1102.01782	-304.86121	-414.41406	829.33765	-367.73871	-1017.91589	854.54803	-248.88936	-620.47375	1023.83124	-274.56985	-744.34363	1017.65869	-233.24776	-757.47205	920.37067	-494.76086	-630.48889	453.98651	-387.75916	-880.66510	551.72107	-216.48245	-617.93805	236.83829	-623.07092	-760.83313	163.47488	-84.97800	
170	1.690	-592.40509	1445.19568	-152.99133	-665.07324	1677.91833	-345.01138	-536.01147	1564.54041	-319.49240	-713.66516	1532.56836	-175.52736	-540.39905	1424.02246	-423.03708	-847.59393	1428.09863	-291.87180	-671.14600	1312.19385	-290.88910	-749.04456	1414.46863	-452.78430	-435.53354	1070.37292	-408.62766	-977.83398	1104.67151	-289.30893	-414.81351	824.21844	-381.22610	-1012.60858	858.02466	-227.52879	-617.19348	1027.49988	-266.31342	-742.19366	1019.49115	-225.61577	-756.52112	923.88452	-487.31421	-626.20520	460.84195	-365.68484	-883.14612	551.52313	-203.18011	-621.15839	245.74348	-598.92010	-758.61548	154.37857	-88.31820	
171	1.700	-588.76379	1447.01953	-144.90428	-662.55157	1680.02991	-335.37488	-533.60016	1566.64148	-310.07181	-710.69763	1534.93408	-166.30521	-539.17181	1426.98352	-415.42941	-844.59082	1430.72461	-281.52524	-668.65497	1314.31262	-282.36646	-747.94720	1417.15234	-443.21643	-434.62216	1073.31360	-406.08749	-974.15906	1108.13257	-274.96362	-413.26874	831.65363	-369.56973	-1006.42596	862.74243	-206.37476	-614.20935	1031.47229	-258.33154	-738.90430	1022.14722	-216.35046	-755.34473	927.33099	-479.33664	-621.19427	466.25119	-342.68265	-887.42126	553.37769	-193.43983	-621.95679	256.18729	-576.79028	-757.94580	146.14133	-91.01427	
172	1.710	-585.80823	1448.72681	-136.44844	-659.81854	1682.53735	-325.41312	-531.31567	1568.77600	-302.11279	-708.03888	1536.93066	-157.15462	-537.62036	1429.20776	-407.47958	-841.39484	1433.00378	-270.46884	-666.17834	1317.06140	-272.95438	-746.79718	1420.20215	-433.21008	-433.67325	1075.29480	-403.59497	-970.77167	1110.87085	-259.12091	-411.59576	833.52258	-372.44424	-1000.93488	867.70911	-185.46577	-612.46039	1033.99036	-250.90971	-735.56158	1023.69769	-210.33511	-753.55011	930.34625	-472.00681	-614.47968	470.67017	-319.57520	-890.90918	554.17480	-184.87222	-626.07227	263.27863	-550.70135	-758.11456	140.86359	-92.50273	
173	1.720	-581.91833	1449.63416	-128.23427	-657.12372	1684.86279	-315.66272	-528.61639	1570.86072	-293.18491	-704.85175	1538.28967	-147.61380	-536.35944	1432.12634	-400.02188	-837.99994	1435.74353	-259.70169	-663.64734	1319.03284	-264.85364	-745.81354	1422.48328	-423.05731	-432.54184	1077.49097	-400.59320	-967.20361	1114.21631	-244.42796	-409.44104	835.63629	-372.47781	-994.35742	872.30090	-163.77809	-609.52917	1036.54199	-243.19295	-732.48041	1027.04651	-200.32950	-751.25720	933.44336	-465.05377	-606.13666	476.83853	-298.25055	-893.41846	554.74542	-177.38336	-627.03082	270.16223	-526.68726	-761.22522	138.52843	-96.91920	
174	1.730	-579.83179	1451.02954	-119.25148	-654.47308	1687.01489	-306.43259	-525.90857	1572.06274	-283.96957	-701.95514	1540.59778	-138.58786	-534.98053	1434.22290	-392.13901	-834.75934	1438.23291	-249.13907	-660.20422	1321.25537	-256.63763	-744.84314	1424.84351	-413.85745	-431.78088	1079.97083	-398.75940	-963.39557	1117.50232	-229.91583	-408.64920	837.59204	-375.44977	-987.77069	877.07257	-142.00307	-606.73798	1038.86975	-235.15921	-728.88074	1029.86145	-190.86287	-748.81659	936.39734	-457.11398	-597.05945	482.39957	-276.84579	-892.62079	555.12329	-174.62421	-627.43939	275.06952	-501.31332	-765.84473	140.20332	-100.81982	
175	1.740	-577.12982	1452.49170	-109.54386	-651.88922	1688.69421	-296.81326	-523.45764	1573.65186	-275.00812	-699.03857	1542.08459	-129.25996	-534.16339	1436.84827	-384.76138	-831.54956	1440.49731	-237.81563	-656.76373	1323.48206	-248.32065	-743.72894	1426.92249	-403.04572	-430.06268	1082.37585	-396.49493	-958.14966	1119.40430	-214.14825	-407.16373	839.35132	-379.36044	-980.41229	881.83020	-120.93048	-604.84222	1040.68787	-229.66328	-726.28748	1031.07068	-184.11232	-746.03992	938.92328	-449.39130	-587.31073	487.48050	-256.30234	-893.69293	556.09424	-172.78372	-627.54095	279.99411	-476.58408	-769.93896	141.70645	-107.09106	
176	1.750	-573.56799	1453.76636	-100.21910	-649.28577	1690.24988	-287.69159	-521.06525	1575.40601	-267.00021	-695.25189	1543.29004	-119.01100	-532.31622	1438.68506	-376.56985	-828.11688	1442.44617	-226.97667	-653.71783	1324.75439	-239.81430	-742.39063	1428.71277	-393.31729	-428.71219	1084.69092	-394.32043	-953.02783	1121.85315	-198.35660	-405.34326	840.78143	-378.87326	-973.79797	887.38470	-101.46284	-600.95728	1042.93396	-221.72498	-723.71820	1032.19983	-176.60948	-743.49506	940.27740	-441.86423	-577.23108	491.09149	-238.25845	-892.00732	556.57593	-171.21008	-626.97638	283.51431	-452.14694	-774.46234	142.87701	-112.14988	
177	1.760	-569.34406	1454.47693	-91.74126	-646.68274	1691.38074	-278.18793	-517.47968	1576.68188	-259.14426	-691.06067	1545.21045	-109.43446	-530.81744	1440.36829	-368.98325	-824.49750	1443.59985	-215.50229	-650.86755	1326.66052	-231.09006	-741.00372	1429.86401	-383.19281	-426.92517	1086.43140	-392.09637	-948.11633	1124.60266	-183.08513	-403.92786	842.54376	-376.54767	-965.91083	892.42096	-79.96635	-598.14130	1044.53198	-214.39009	-720.51056	1033.04004	-166.45541	-740.69275	942.13879	-434.44037	-566.74884	493.02090	-220.34189	-889.94550	556.30859	-169.06654	-626.00018	285.89462	-428.28314	-777.45038	142.98453	-115.70523	
178	1.770	-565.24805	1456.90186	-83.16440	-644.02350	1692.34534	-269.78754	-514.90930	1577.70520	-251.16487	-686.71674	1545.98438	-98.93622	-529.10339	1441.83179	-360.79004	-821.04163	1445.22314	-204.52527	-648.15448	1326.83948	-223.58946	-739.67859	1431.32190	-373.63605	-425.98099	1088.15869	-388.49896	-943.23755	1125.83179	-168.16241	-403.47610	844.91296	-381.35727	-959.27972	897.30945	-60.41412	-595.14008	1045.68994	-207.01361	-717.49249	1034.09973	-160.18510	-737.00592	942.91437	-425.77374	-556.36133	494.95547	-203.83685	-889.23444	555.89056	-166.45583	-624.91577	287.70566	-404.11819	-780.34393	142.40630	-118.66634	
179	1.780	-562.39923	1457.88770	-74.57012	-641.58936	1692.36853	-260.05487	-512.04675	1577.97424	-242.21077	-683.96735	1547.12976	-89.33842	-527.33997	1443.26892	-353.21359	-817.43347	1446.53333	-193.95195	-645.92554	1327.42139	-214.83699	-737.88800	1432.87354	-362.62857	-424.88654	1089.39526	-386.71976	-938.68787	1128.64075	-152.78629	-401.78198	846.24060	-381.66455	-951.79901	900.48889	-40.61105	-592.45087	1045.14319	-199.85794	-713.17029	1035.64160	-153.58235	-733.50287	943.97675	-418.94492	-544.73096	495.28882	-187.80220	-887.15717	555.01392	-164.84262	-623.47070	287.76614	-380.09882	-783.71783	140.68967	-121.62115	
180	1.790	-558.15851	1459.03284	-64.02888	-638.83014	1692.96667	-250.53632	-509.58472	1578.25806	-232.73761	-681.11658	1548.22681	-80.26993	-525.79071	1444.19397	-345.45981	-813.88928	1447.50427	-183.16046	-641.94568	1328.25269	-206.24867	-736.52820	1434.02771	-353.03171	-423.40225	1091.44519	-384.16428	-934.26544	1129.46924	-137.81946	-399.47351	847.23218	-380.35339	-944.40143	904.41705	-19.56004	-589.30933	1046.00171	-192.68361	-710.87000	1035.44568	-144.23145	-729.86920	944.99634	-410.99222	-533.45703	495.24524	-172.15074	-884.44177	553.54199	-161.84044	-621.59009	287.09518	-357.34451	-786.09052	138.48401	-124.53082	
181	1.800	-553.77307	1459.65515	-54.44331	-635.90271	1693.27734	-242.08693	-506.68268	1578.62341	-223.69495	-677.60638	1548.37500	-70.67827	-523.58838	1444.66992	-337.27963	-810.06702	1447.39136	-172.22784	-638.18640	1329.28979	-198.34399	-734.76770	1434.87378	-343.57169	-422.03296	1092.36584	-382.01321	-930.53363	1131.44812	-121.97360	-398.24228	848.36719	-382.49615	-936.50903	906.93182	-0.67064	-585.83667	1047.00537	-185.22362	-706.79291	1035.10071	-136.46149	-726.15375	946.18756	-404.18372	-522.06543	493.76126	-157.92288	-881.56952	551.25177	-159.66444	-619.61664	284.59790	-333.22580	-787.45996	135.50662	-125.83152	
182	1.810	-550.88739	1459.80615	-45.44754	-633.10236	1693.01941	-232.31471	-503.28680	1578.74219	-215.32062	-673.21497	1548.40710	-60.25714	-521.51648	1444.76953	-328.66205	-806.26007	1447.78564	-161.79126	-635.41241	1328.10193	-190.03709	-732.86188	1434.75549	-332.91556	-421.16254	1093.38965	-378.84586	-925.47119	1132.11597	-106.68286	-396.56818	848.85742	-380.09860	-929.50122	910.63208	18.01541	-581.47125	1046.08691	-177.66302	-702.23248	1034.40454	-128.63893	-723.03723	947.05060	-396.68411	-512.08905	492.12250	-141.71005	-880.24695	550.17419	-158.04721	-617.69263	282.38327	-310.75131	-790.06030	131.70105	-128.29839	
183	1.820	-546.56573	1459.57153	-36.50510	-629.88727	1692.94580	-223.25626	-500.12433	1578.15894	-206.44597	-669.08032	1549.08716	-50.72230	-519.18756	1445.05920	-321.39569	-801.73865	1446.93591	-150.90747	-631.20563	1328.54114	-181.06328	-730.61389	1435.20715	-323.12891	-419.07538	1093.73596	-376.04761	-921.40576	1132.48132	-90.56889	-394.35214	850.31555	-382.66251	-922.53485	913.24597	37.01112	-578.99615	1046.00781	-171.64124	-698.81934	1032.99341	-119.87126	-719.51941	948.05994	-389.98935	-503.18298	491.50284	-129.59723	-877.53680	547.91382	-155.35580	-615.84253	278.43085	-287.71027	-791.78589	127.75787	-129.32607	
184	1.830	-542.22437	1459.25647	-27.52000	-626.56439	1692.46997	-213.69714	-496.94431	1579.70032	-200.03917	-665.45416	1548.76611	-41.15519	-516.16266	1445.10840	-313.37512	-797.84106	1446.51843	-140.91090	-626.67438	1328.10059	-173.57109	-728.19867	1435.54968	-313.29996	-417.49249	1093.98376	-372.61984	-917.24847	1132.92517	-74.99925	-393.40656	851.35394	-384.47498	-914.89502	914.77551	56.53614	-574.06903	1045.65601	-164.36348	-694.11285	1032.21509	-112.40401	-716.12622	949.04889	-382.33987	-494.29166	491.67712	-118.69706	-875.04266	545.92657	-153.35318	-614.18146	273.75687	-265.33057	-794.23145	123.78580	-132.00548	
185	1.840	-539.24994	1458.60425	-17.79964	-623.04553	1692.09741	-203.49579	-493.49298	1579.80762	-190.87062	-661.90747	1548.42078	-32.05221	-513.46631	1444.48730	-305.44803	-793.74225	1445.13928	-130.40596	-623.53717	1327.30518	-164.83655	-725.45496	1435.60059	-303.06168	-416.22516	1094.67700	-370.57462	-912.84790	1134.37561	-59.24925	-391.99149	851.74884	-382.91479	-906.89819	917.10413	75.22371	-571.28229	1044.68372	-158.14517	-690.91229	1030.62646	-106.81037	-712.43628	948.97736	-375.31549	-486.41879	490.76779	-108.15923	-871.91968	544.67749	-150.80858	-612.50854	266.80927	-242.82059	-797.06323	119.39488	-132.76146	
186	1.850	-535.50891	1456.98804	-8.96300	-619.29065	1691.54333	-194.81038	-489.21341	1578.28772	-181.65997	-658.52795	1547.31860	-22.48805	-510.74692	1444.68103	-297.79056	-789.39795	1444.32996	-119.98316	-619.29028	1326.33752	-156.31131	-722.48944	1434.50378	-293.47574	-414.12454	1095.26465	-368.19107	-907.89655	1134.58459	-43.47467	-389.89886	852.15887	-382.19901	-900.03406	919.21680	91.81399	-567.10742	1043.82947	-150.80336	-685.52356	1028.70264	-99.11018	-709.14899	949.97833	-367.99609	-479.12634	490.60513	-99.30078	-868.72571	543.31665	-149.08720	-610.83990	257.89301	-219.33601	-799.11414	114.52932	-134.12549	
187	1.860	-531.79523	1457.06653	-0.30173	-615.33508	1690.71265	-184.92072	-485.82724	1577.43811	-172.55235	-653.68207	1545.63989	-12.63086	-507.84268	1444.51343	-289.30792	-784.59198	1442.96179	-109.79059	-614.92767	1324.99365	-147.03064	-719.40283	1434.73975	-284.05109	-412.69476	1095.01624	-364.19022	-903.09583	1134.56982	-28.09094	-387.91629	852.36267	-381.13031	-891.68506	920.81750	109.87208	-562.62939	1042.09692	-144.13751	-681.43506	1026.01282	-93.03864	-706.29175	950.17041	-360.54025	-470.63943	491.04068	-91.67892	-865.47467	541.60730	-146.82411	-607.83215	250.69910	-198.87779	-801.40448	109.19033	-136.36038	
188	1.870	-528.57684	1455.22034	9.42306	-611.17065	1689.83936	-174.85121	-481.28705	1576.15088	-162.14227	-649.98938	1544.45471	-4.01034	-504.07257	1443.93274	-280.85278	-779.94354	1441.39050	-99.28706	-611.36829	1323.34924	-138.22798	-716.39838	1434.14063	-274.70926	-410.31250	1095.66528	-361.54153	-897.89514	1135.47839	-14.27094	-388.60141	848.80267	-396.19568	-884.41376	922.70038	127.25999	-557.67212	1041.31738	-135.39035	-675.48608	1026.33606	-82.01589	-702.85785	949.46637	-352.24698	-464.67493	491.07092	-84.35399	-861.90839	540.31116	-144.71527	-605.90570	240.23943	-175.34340	-803.93231	106.26060	-137.79256	
189	1.880	-523.50500	1453.69849	17.76270	-606.71222	1688.95618	-165.62308	-477.26379	1575.62573	-153.43550	-644.72192	1542.91284	5.97852	-500.90372	1443.44775	-273.13635	-774.99884	1439.66968	-89.70937	-606.61224	1322.78381	-130.07404	-712.61896	1433.27466	-265.26526	-408.42178	1095.49048	-357.11481	-892.44818	1135.60254	-0.59066	-384.33224	853.42682	-379.52490	-876.18933	924.30621	143.75125	-552.43915	1040.74329	-129.46399	-669.81836	1024.62781	-73.69965	-700.32837	949.67822	-344.20761	-458.08200	490.85733	-78.46825	-857.44348	538.50653	-141.79529	-602.56702	229.16048	-152.91464	-806.34369	102.63344	-138.84128	
190	1.890	-519.93268	1451.73669	27.05092	-602.21454	1687.95007	-156.68492	-473.15982	1574.12585	-144.16621	-641.22931	1541.85193	14.81865	-497.00632	1443.02002	-264.11850	-769.99146	1438.30762	-80.19566	-600.71899	1320.82043	-122.83147	-709.20245	1432.97949	-255.52721	-406.67120	1095.66138	-354.59705	-886.87506	1135.02478	13.22973	-382.68103	853.33997	-376.38205	-868.41541	926.16785	160.09618	-546.71515	1039.41467	-122.10123	-663.48804	1023.37378	-66.52721	-696.92773	948.93384	-336.28375	-451.96994	490.61359	-72.95436	-853.20282	537.33173	-139.25188	-598.62421	217.36911	-129.79425	-809.64038	99.72253	-139.82246	
191	1.900	-516.14771	1450.83008	38.08936	-597.38312	1686.80359	-146.86032	-468.35910	1572.28552	-134.42575	-635.57135	1539.80750	24.68974	-492.89069	1442.36682	-256.19894	-764.86218	1436.41345	-70.69598	-596.79669	1319.51672	-113.64719	-705.05444	1431.71460	-246.82256	-404.57480	1095.67114	-349.60269	-880.66034	1135.02502	26.77188				-860.25586	927.42114	176.10599	-540.95081	1037.73877	-114.96781	-658.33771	1022.40918	-59.63123	-693.89667	948.39752	-328.40237	-446.62836	488.64142	-68.10382	-848.80530	536.91797	-138.10475	-593.59338	203.98978	-107.17168	-815.03455	95.24301	-148.16249	
192	1.910	-511.20151	1448.44238	44.51989	-592.53180	1685.31030	-136.30093	-463.39133	1571.14929	-125.58651	-633.22955	1539.20544	32.41696	-488.66965	1442.10474	-247.78999	-759.58344	1434.51721	-60.87077	-590.90765	1317.76648	-105.56121	-700.70776	1430.98083	-237.16554	-401.64627	1096.45605	-345.91470	-874.96991	1135.70007	39.38184	-378.44449	855.46753	-376.70169	-851.69629	929.62628	191.41125	-537.33008	1036.75635	-110.75102	-652.12927	1019.77594	-52.70358	-690.50287	947.27350	-319.72296	-442.49182	487.52200	-63.19308	-844.37244	536.12128	-136.68303	-588.11029	191.73914	-85.70221	-819.69275	94.19341	-146.73322	
193	1.920	-506.46564	1446.95715	55.49977	-587.41620	1684.35767	-127.48533	-459.07132	1569.70374	-115.61248	-627.11035	1536.90955	42.55988	-483.70178	1440.94995	-239.44618	-754.40588	1433.21216	-51.74711	-585.60284	1316.41687	-97.34188	-696.15173	1430.07751	-228.01877	-398.87265	1095.97644	-341.18201	-867.78540	1135.10010	52.30325				-844.11292	930.90430	205.39246	-530.05377	1035.83765	-100.29656	-646.09058	1018.77954	-45.96649	-687.52423	946.11078	-310.79214	-438.98254	485.72684	-57.62352	-840.24121	535.47028	-137.21118	-599.54956	163.90530	-52.43915	-823.61914	94.80389	-146.00787	
194	1.930	-501.23035	1444.92920	64.03544	-582.15918	1682.90527	-117.57928	-453.55710	1567.77783	-106.41801	-623.39661	1535.11682	51.35477	-478.93726	1440.55615	-230.97159	-748.71783	1431.41357	-43.28568	-579.93994	1315.86230	-88.92664	-691.13135	1428.39343	-218.60997	-396.29025	1095.71667	-336.55322	-861.10278	1134.36609	63.98020	-377.23264	849.37408	-391.04639	-835.22491	932.03137	220.41707	-524.01105	1034.44714	-93.60705	-639.86572	1017.39801	-39.16038	-684.05060	945.01062	-302.08588	-436.36975	483.27524	-51.68025	-835.74426	534.88715	-136.28540	-593.68756	147.93704	-26.61637	-827.99945	94.42077	-149.09576	
195	1.940	-496.34018	1443.29004	73.32023	-576.93262	1681.31238	-108.55117	-448.09982	1566.12134	-97.14184	-617.24854	1533.65076	60.50731	-474.13300	1439.86511	-222.38222	-742.88330	1429.47571	-34.15584	-574.70538	1313.16968	-80.14802	-686.25293	1427.33264	-210.27989	-392.95090	1096.23291	-331.79504	-854.10309	1134.29602	75.12689	-371.66626	855.53357	-368.52087	-825.71454	933.87201	234.78433	-517.89142	1032.88098	-85.47918	-632.88062	1017.21124	-26.24548	-680.06744	943.53925	-293.70493	-434.43719	480.84949	-46.11854	-830.34778	534.51691	-135.48438	-585.62286	134.06215	-2.68519	-831.95490	96.48098	-144.98207	
196	1.950	-491.10611	1440.87439	80.86220	-571.58350	1679.58777	-99.41513	-443.84961	1563.97375	-89.09039	-612.57086	1531.77075	69.63042	-468.71155	1438.49133	-214.19814	-736.83258	1428.88232	-23.50708	-568.65851	1312.07458	-72.63525	-681.14410	1426.28455	-201.45078	-389.32169	1095.84998	-325.93350	-846.00220	1133.13953	86.13412	-368.91180	855.03601	-368.73160	-816.89490	934.36743	248.02606	-512.04034	1031.21179	-77.66477	-626.61499	1016.38458	-17.05155	-676.85754	942.96155	-285.86618	-433.94547	477.36102	-39.89498	-825.51093	534.48126	-135.78584	-575.96735	122.14538	21.53283	-836.49438	96.00254	-148.83011	
197	1.960	-485.74231	1439.77429	91.91453	-565.97778	1677.75513	-90.29294	-437.78638	1562.31165	-78.69435	-607.96997	1530.21289	78.49717	-462.79794	1437.71863	-206.39725	-730.88831	1426.82678	-13.86271	-562.32947	1310.64856	-63.99249	-675.35901	1424.40210	-192.61829	-385.12473	1095.23730	-320.18143	-838.35797	1132.36987	96.74696	-370.14670	850.31445	-385.04144	-808.33044	936.04626	260.63525	-506.64294	1028.60913	-69.57800	-621.17737	1014.51495	-8.61514	-672.78271	941.70557	-277.39270	-433.53983	473.24567	-34.10041	-819.74951	535.00610	-135.54721				-839.77942	98.47215	-146.64822	
198	1.970	-479.87097	1438.03345	101.14487	-560.12579	1676.38403	-81.02245	-431.76440	1560.85522	-69.39081	-601.31927	1528.36182	87.76035	-457.32495	1436.54797	-197.45998	-724.75140	1424.89526	-8.70018	-555.95569	1309.65173	-54.55735	-669.41736	1422.88611	-183.90776	-381.18384	1094.91541	-315.45276	-830.09265	1131.12634	106.13212	-367.65112	850.45862	-379.31021	-798.33234	936.53302	272.18213	-500.38391	1027.16504	-61.98326	-615.45618	1012.59784	-2.02694	-668.49219	940.55450	-268.93359	-435.35800	469.01782	-28.15857	-813.78510	534.87866	-134.10745	-547.84698	110.82882	65.99468	-844.05322	99.15757	-148.70735	
199	1.980	-474.92206	1436.70703	110.36139				-425.73547	1560.01978	-60.07262	-595.34772	1526.11609	97.41293	-450.92661	1435.28088	-189.31320	-718.38361	1423.10718	-0.44865	-549.48840	1308.27344	-46.54909	-663.36914	1421.48645	-176.15848	-376.84128	1093.63110	-309.06155	-821.32922	1129.58459	116.22577	-363.69839	851.12946	-377.45181	-789.09796	936.82080	283.25592	-493.93341	1025.85608	-54.89449	-609.16034	1012.47327	5.71198	-664.13275	939.09027	-261.16782	-437.80917	464.83185	-20.62424	-809.04706	535.36823	-133.20619	-532.54736	108.16161	86.21912				
200	1.990	-468.97849	1434.80029	119.76826	-547.97656	1672.71924	-63.16636	-419.63754	1557.50842	-50.80352	-590.73370	1524.68481	104.74905	-444.72110	1433.72913	-181.43727	-711.31995	1421.52478	7.62383	-542.87598	1306.39001	-38.57637	-656.86414	1419.92517	-166.85384	-372.03668	1092.74561	-303.26151	-812.91779	1127.65637	125.47737	-357.02322	854.01068	-351.44431	-780.09460	937.38605	294.49567	-487.63550	1023.03778	-46.46066	-603.27783	1010.93317	16.50710	-659.70648	937.98358	-252.45963	-441.16382	462.98520	-11.90399	-804.24164	537.24017	-132.90166	-516.54272	111.69628	100.08713				
201	2.000	-463.20215	1433.80042	129.42874	-541.50989	1671.95496	-55.48189	-413.15582	1556.55359	-41.53437	-584.86609	1523.82703	113.80243	-437.55151	1432.11633	-173.07579	-704.78070	1420.06396	16.31595	-535.69781	1305.40771	-30.34521	-649.72559	1418.43140	-157.97194	-366.70248	1091.47437	-296.17908	-803.99799	1126.57751	135.12778	-352.59308	854.04614	-350.16104	-771.02612	937.42395	305.48279	-482.42926	1020.46173	-38.34349	-596.43561	1009.70734	24.31981	-654.68768	936.52887	-243.43257	-444.43536	461.81958	-2.14192	-796.63538	536.57904	-129.31975	-505.81036	115.54407	113.46438				
202	2.010	-456.32596	1432.28601	139.07372	-534.79956	1670.43628	-46.25504	-406.04645	1555.49463	-31.92391	-579.00922	1522.43555	121.64565	-430.41617	1430.70166	-164.82062	-697.27039	1418.67346	24.93320	-528.64160	1303.52637	-21.63471	-642.69208	1417.27795	-150.17897	-360.82864	1090.22009	-289.37201	-796.17841	1125.42358	143.00320	-349.24982	852.83716	-344.71140	-761.89221	937.73694	314.73898	-475.40753	1018.66388	-29.06372	-590.07135	1007.43604	33.32272	-648.55188	935.45862	-232.87210	-445.73306	462.92789	7.47989	-790.36420	538.21716	-125.92709	-497.80859	114.74906	124.71116				
203	2.020	-450.55579	1431.40198	147.74007	-527.41846	1669.31909	-37.72667	-399.23752	1554.49036	-22.65287	-572.09991	1520.81714	131.25089	-423.00323	1429.36926	-156.63924	-690.11157	1417.68811	34.19160	-521.74933	1301.96375	-13.81997	-635.26953	1415.71716	-141.24530	-354.67493	1088.35193	-282.63107	-788.16638	1124.29163	151.03874	-349.43210	846.15430	-356.89670	-752.32709	937.19666	323.56021	-469.74854	1016.83942	-21.85447	-584.62366	1006.22467	41.42239	-642.88153	934.51807	-223.99501	-444.38290	463.62643	15.60956	-783.68103	539.20026	-121.34338	-487.79681	113.99323	132.38457				
204	2.030	-444.15469	1430.36609	157.52612	-519.78943	1668.27563	-28.47028	-391.68350	1553.60474	-13.02485	-565.41510	1519.66785	139.85837	-415.10123	1428.05054	-148.45061	-682.25366	1416.65210	42.28079	-513.64044	1301.08362	-4.36606	-627.68860	1415.42297	-132.87286	-348.49194	1087.12549	-275.53766	-779.17877	1122.87061	159.01094	-340.06415	850.01917	-333.65457	-743.29724	936.86945	331.77377	-463.44022	1014.65259	-12.11978	-579.23090	1004.88318	48.98347	-637.10400	933.29510	-214.89702	-440.08304	464.55090	24.21625	-777.43530	539.13879	-115.81878	-458.76764	127.47618	126.14305				
205	2.040	-437.53061	1429.50342	167.14197	-512.03363	1666.92688	-18.90477	-383.66400	1552.54346	0.08446	-559.21814	1518.65796	148.01706	-407.00876	1426.62561	-139.43320	-674.06744	1415.79895	51.11089	-506.34799	1300.28271	3.43549	-619.87830	1415.04626	-124.95203	-341.58902	1085.33801	-268.30203	-770.98663	1121.54272	166.97630	-335.92215	847.92651	-325.13885	-733.96820	935.72449	339.43893	-456.93857	1013.65247	-2.47729	-572.56946	1004.39282	58.87198	-630.89111	932.76410	-205.69688	-433.85721	464.77209	32.30158	-771.94385	539.24603	-108.26283	-451.01614	126.94176	128.65030				
206	2.050	-431.38300	1428.83569	176.58105	-504.23398	1667.02271	-10.86053	-375.75711	1551.75842	12.54568	-552.06995	1517.66028	156.56749	-399.04965	1425.60730	-132.31393	-665.81671	1415.45422	59.19882	-498.05621	1299.34509	12.19211	-610.91370	1414.25159	-116.34592	-334.63321	1083.91260	-260.56091	-762.23010	1120.88525	174.67255	-330.86450	846.23108	-319.41556	-724.80334	935.24585	346.76160	-451.48859	1013.00586	6.28760	-566.47675	1003.75085	68.72644	-624.58838	932.12109	-195.89476	-427.32050	463.63757	41.22965	-766.62030	539.34149	-100.55914	-443.78110	125.72518	132.21400				
207	2.060	-424.46835	1428.81531	186.12384	-495.69986	1666.67432	-2.34275	-367.65076	1551.50256	23.23534	-546.09595	1517.56958	165.39159	-390.29367	1424.84448	-124.16528	-657.10333	1415.03418	68.67924	-489.74887	1299.20520	19.76447	-602.52911	1414.67700	-106.81096	-327.96741	1082.28540	-252.06630	-754.58911	1120.18359	181.77205	-325.27240	846.12921	-312.88120	-715.43726	933.83221	352.83978	-444.42377	1011.71375	16.50915	-559.24713	1004.16711	79.56736	-617.97150	931.98102	-186.03415	-419.47046	463.22235	47.92562	-762.46912	540.22839	-91.17414	-437.75681	123.42752	136.07150	-857.61365	119.86314	-168.87167	
208	2.070	-419.06506	1429.60730	196.20601	-486.99548	1665.74414	6.85392	-359.02304	1551.39148	33.06167	-538.80133	1517.16870	173.60280	-381.80841	1423.93127	-115.78223	-648.20221	1415.14795	77.14716	-481.19003	1299.03711	28.64262	-593.81921	1414.41479	-98.81049	-320.87848	1081.39038	-242.88531	-745.19507	1119.12683	189.01204	-319.06812	844.07971	-307.48737	-706.51770	932.68585	359.10959	-438.47729	1011.37152	27.31917	-552.50067	1004.59900	88.31214	-611.31476	932.06134	-176.73578	-411.73071	461.52322	54.70364	-758.80334	539.76099	-82.49554	-431.92587	119.39155	138.34093	-856.17847	124.23775	-170.87367	
209	2.080	-411.59534	1429.56763	205.38739	-478.01822	1665.83118	15.83847	-350.38678	1551.39709	42.06880	-530.85449	1516.59570	181.58908	-372.05206	1423.00012	-106.79319	-638.89191	1415.62402	86.38464	-472.35577	1298.15588	37.69665	-584.85889	1414.71094	-90.37874	-313.70367	1080.47424	-234.91153	-735.69580	1117.68457	196.55077	-314.23569	844.65735	-297.33835	-696.79633	931.12030	364.47906	-430.99402	1012.44647	36.06469	-545.62164	1005.22449	97.67664	-604.30566	932.20496	-166.26704	-403.62683	460.42038	58.76142	-755.07501	540.89471	-72.19034	-424.63248	116.14984	136.78165	-856.05469	128.64021	-170.90367	
210	2.090	-404.55426	1429.41797	214.90187	-469.12238	1665.57080	25.01462	-341.45331	1550.82971	54.76057	-523.62958	1516.18152	189.87103	-363.17496	1422.83728	-98.85182	-629.81195	1415.91052	94.28302	-462.92416	1298.31921	46.50237	-575.42511	1414.43970	-81.26561	-306.22543	1079.52075	-225.62968	-727.41821	1117.73340	203.42378	-307.12225	842.72156	-290.23505	-687.62378	929.42346	369.65448	-423.47665	1012.64307	45.74499	-537.80518	1005.56665	107.70110	-596.96057	932.36322	-155.94577	-395.84091	457.79541	63.43762	-751.43610	540.45081	-61.81491	-421.29852	111.74364	139.71512	-855.47003	133.78871	-170.35439	
211	2.100	-396.45743	1429.09155	223.80316	-460.03894	1665.64783	33.26196	-332.55814	1550.74902	65.01950	-516.23822	1516.71289	198.14081	-353.39871	1422.08020	-90.07883	-620.13635	1416.43738	103.54070	-453.81836	1298.25342	54.88622	-566.20044	1415.12073	-72.84441	-298.22147	1078.29822	-217.42773	-718.22351	1117.26904	209.65848				-678.26074	927.69836	374.03775	-414.88428	1013.54712	56.78540	-529.53802	1007.43750	120.07091	-589.33051	932.98499	-145.36072	-387.85828	454.47849	68.44859	-747.62653	541.31024	-50.68843	-415.31238	108.14501	137.39499	-854.28851	140.12222	-169.32875	
212	2.110	-389.56592	1429.61389	233.04765	-450.37769	1666.11060	41.23878	-323.60718	1550.95398	75.03877	-508.63351	1516.52271	206.03040	-344.48944	1422.17017	-81.24485	-610.90729	1417.48779	111.43896	-443.66260	1298.68030	64.55420	-556.42743	1415.12012	-65.19547	-290.12482	1077.99353	-208.28349	-709.37811	1116.84802	215.90871	-294.52130	841.63202	-267.84106	-669.35577	925.88586	378.16144	-406.42383	1014.06738	66.40502	-521.15796	1007.94391	129.22273				-379.81458	450.32190	72.29780	-743.80743	543.00378	-39.70426	-412.18750	104.35213	138.61430	-853.29474	144.86743	-164.53122	
213	2.120	-382.24521	1429.72766	242.44144	-441.07013	1667.00476	50.64085	-314.30676	1551.73987	82.88596	-501.04642	1517.09863	214.16487	-334.54742	1421.76147	-72.77637	-601.65570	1418.96399	119.74397	-434.11447	1299.69263	73.31174	-547.09076	1416.45081	-56.86209	-282.08353	1077.09106	-198.71385	-700.75946	1117.27649	222.29947	-287.04288	840.09174	-255.79001	-659.36584	923.69763	382.01013	-398.18417	1014.06787	77.34122	-513.11340	1009.10437	139.24178	-573.78577	934.65405	-125.08498	-371.42896	445.65820	75.73418	-739.24866	544.44208	-28.08755	-408.86392	100.57018	139.58705	-852.45929	151.25081	-160.95381	
214	2.130	-374.74091	1430.55322	251.59007	-430.00723	1667.58838	61.08237	-305.12189	1552.77783	93.50845	-492.98074	1518.27539	222.32547	-325.20224	1422.48022	-64.60697	-592.38501	1419.98254	128.53873	-425.17654	1301.44043	82.63199	-538.06592	1418.17395	-48.87349	-274.17975	1076.99866	-189.17386	-691.29626	1117.05225	227.90445	-279.60318	840.67120	-248.19431	-650.55365	921.72382	385.42831	-389.32831	1014.94275	86.78739	-503.53061	1009.96979	150.34117	-565.89331	935.88940	-115.21494	-363.98972	440.19647	79.75246	-735.17377	546.75787	-16.61668	-405.89212	98.26392	141.29617	-850.65704	158.35056	-155.84807	
215	2.140	-366.94135	1431.63745	260.97858	-419.48514	1668.61450	71.00487	-295.40530	1553.49792	105.50134	-484.11703	1520.36145	231.21532	-315.48026	1422.77795	-55.88102	-583.14160	1421.93579	137.52255	-416.30588	1303.40344	91.90121	-527.50879	1418.31335	-39.22555	-265.46783	1076.69397	-178.83031	-682.72760	1118.06421	233.85078	-272.20309	839.91254	-236.19258	-641.87396	920.19958	388.84854	-379.91299	1014.86401	95.81093	-494.76257	1010.94263	159.23770	-557.70532	937.63098	-106.22077	-357.15775	436.80206	83.07791	-731.37579	549.52271	-5.63467	-403.20651	95.78409	141.41019	-849.14905	164.65897	-149.40297	
216	2.150	-360.25632	1433.24927	270.61691	-409.73294	1670.59314	80.09790	-286.26477	1555.45093	112.87431	-475.38501	1522.08997	239.52560	-306.21762	1424.17310	-46.93961	-574.10083	1423.83301	146.67183	-406.80872	1304.98071	101.02836	-517.94617	1420.12866	-30.17362	-256.22375	1077.00293	-169.03502	-674.03107	1118.48523	239.49249	-263.27371	839.80292	-228.78728	-633.69263	919.19550	391.36035	-370.87030	1015.72473	104.99019	-486.31116	1011.25836	167.47157	-549.28302	939.34717	-97.13902	-350.39636	435.52356	85.63773	-725.58124	551.07532	6.72292	-402.54050	94.04876	144.03445	-847.12207	171.47888	-142.35851	
217	2.160	-351.73853	1434.70276	279.67801	-400.34778	1672.26904	88.68906	-276.13156	1555.82617	125.44790	-467.27319	1523.99890	248.18791	-297.56805	1425.28906	-38.78258	-564.42200	1425.52014	155.45447	-398.04895	1306.37671	110.36606	-508.21808	1421.40381	-21.26807	-247.73071	1077.58472	-159.40727	-665.15039	1119.08643	244.82683	-256.38950	840.12610	-213.11029	-624.75903	917.19910	393.60953	-361.82495	1015.81335	113.62493	-476.92191	1011.72827	176.89000	-540.94031	941.27740	-88.26366	-342.47626	435.92584	88.91939	-718.93848	553.67224	18.68487	-401.48633	94.77029	143.29053	-844.47656	178.85901	-133.23761	
218	2.170	-342.90054	1435.80042	288.36951	-389.76309	1673.71350	97.01965	-267.41769	1557.70679	131.72002	-458.98840	1525.42346	256.11530	-288.32022	1426.58252	-29.56429	-554.87701	1426.90674	164.53418	-388.72769	1307.34485	118.80754	-499.53818	1423.04077	-12.64512	-238.76317	1078.61426	-149.01767	-655.89282	1119.47559	249.68253	-247.43979	842.07391	-206.98656	-617.03644	915.64301	396.29459	-352.76871	1016.56610	122.05090	-467.38586	1012.46265	185.24388	-533.31287	942.50598	-79.06425	-333.10315	438.32904	91.47266	-710.42993	555.21375	32.72138	-400.83984	95.29644	142.85135	-839.81683	186.42493	-121.81747	
219	2.180	-335.04623	1437.38245	297.57675	-381.69846	1674.50574	104.93008	-257.57813	1557.92114	143.48889	-451.35300	1526.63037	263.78421	-279.96194	1428.35376	-21.72190	-545.73578	1428.49756	173.84602	-380.00812	1309.21191	128.47330	-490.87012	1424.36023	-3.73784	-229.27844	1079.76099	-138.46713	-647.35931	1119.57495	255.26936	-238.01060	841.54700	-190.10330	-609.27191	914.49585	398.70953	-343.91183	1017.98218	129.18008	-457.71133	1013.62286	193.95265	-527.85809	945.68176	-73.80713	-324.73099	439.68558	95.00055	-702.02557	557.98914	47.97939	-400.42331	95.66931	142.57524	-832.70251	196.07552	-109.50314	
220	2.190	-327.52213	1439.19226	307.05621	-371.15918	1674.73938	112.41778	-248.81934	1558.90259	152.82172	-443.08170	1527.56091	271.40579	-271.05753	1430.31433	-14.01484	-536.48718	1429.61841	182.91440	-370.19699	1310.14697	136.52371	-482.21225	1425.52466	5.81885	-220.68544	1080.98755	-128.53970	-640.03778	1119.87439	260.38043	-228.63275	843.17365	-184.01790	-602.24451	913.10559	401.15689	-334.94504	1019.65411	137.16296	-448.30334	1014.49896	200.76605	-519.50549	945.46313	-63.20490	-316.96133	441.01129	99.43441	-690.03510	558.80469	64.38570	-400.02246	95.98982	142.30177	-824.22418	205.68564	-95.42281	
221	2.200	-320.05280	1440.85730	316.27866	-363.39642	1675.81470	120.17858	-239.92810	1559.45630	162.42155	-434.76639	1528.59509	279.06793	-263.03922	1431.87073	-5.74809	-527.20959	1430.53479	191.61723	-360.81415	1311.16125	144.61383	-474.51260	1427.23303	13.04989	-210.70183	1081.79480	-118.78941	-631.72791	1119.97107	266.14157	-217.33649	842.25421	-170.70338	-594.63251	911.06299	402.65759	-326.69125	1020.96350	143.22357	-438.92001	1016.32965	209.89700	-512.47693	945.84314	-53.70617	-308.70175	440.61774	103.84523	-677.65076	559.59521	81.25990	-399.49472	96.24261	141.90726	-814.33276	215.07903	-80.53920	
222	2.210	-311.01886	1441.99854	324.50232	-352.88608	1676.22974	127.68545	-231.42072	1560.63379	169.63991	-426.32913	1530.36377	287.20789	-254.94604	1433.05444	2.05414	-518.72235	1431.37292	200.75961	-352.03424	1312.77759	152.98264	-466.16663	1428.30945	22.82951	-202.02086	1082.99036	-108.62798	-623.07513	1119.64807	271.28308	-207.03670	843.27545	-158.11230	-587.70349	908.76575	404.49069	-316.82361	1022.68060	150.25311	-429.21872	1017.78900	216.76369	-505.24734	946.52942	-44.11564	-301.32486	439.74854	107.64394	-664.86401	559.81091	98.27048	-398.69113	95.95164	141.91057	-802.68622	223.22090	-64.92053	
223	2.220	-302.60519	1443.29346	333.02707	-344.78293	1677.44934	135.67918	-222.92331	1561.50024	179.52615	-417.60251	1532.29211	295.55701	-247.37981	1434.65076	10.11427	-510.24051	1432.18335	209.33699	-343.48386	1313.97302	160.88063	-458.56238	1429.59912	30.30598	-192.52654	1084.01233	-98.60459	-614.78497	1119.08008	276.53860	-197.94148	843.62994	-141.49890	-581.57642	906.91461	406.14862	-308.38828	1024.76038	156.06531	-419.90314	1017.97339	222.51366	-498.55347	947.02277	-35.43029	-294.51974	438.96683	112.02022	-650.23132	558.65302	116.79597	-397.79221	96.36320	141.23451	-790.53558	231.38884	-49.28003	
224	2.230	-295.68982	1445.21155	341.95026	-335.43256	1678.49207	143.55618	-214.48700	1562.86218	185.71910	-409.45541	1534.22192	304.09634	-239.62964	1435.91675	17.31261	-502.15460	1433.26733	218.04433	-334.58240	1315.49451	168.70673	-451.08191	1430.92004	38.76967	-182.85822	1084.42871	-87.99332	-607.37079	1119.09583	282.32840	-187.15459	844.22437	-129.17299	-576.25275	904.48651	407.64444	-299.99799	1025.56982	162.10803	-410.85391	1019.58057	229.68597	-491.30057	947.44586	-26.72594	-288.18100	437.87323	115.06427	-636.08380	557.03680	133.77765	-396.44974	96.42970	140.67053	-777.90826	239.46008	-32.52307	
225	2.240	-287.52304	1446.58276	350.24539	-327.49060	1680.07397	151.90839	-206.27386	1563.54919	196.10020	-401.09158	1535.80652	312.27103	-232.19861	1437.44250	25.16488	-494.50458	1434.26648	226.51010	-326.66138	1317.05798	177.87672	-443.01978	1432.35193	47.70517	-173.65294	1085.35400	-78.57150	-599.79572	1119.32556	287.17923	-174.60490	843.91119	-120.73861	-571.37213	901.88141	408.97955	-290.06488	1025.92053	167.82289	-401.83801	1020.73560	236.34013	-484.45374	948.11951	-19.63799	-282.03171	437.87851	118.03331	-621.77631	554.32715	150.81718	-394.68680	96.51730	142.12114	-765.05621	248.14433	-15.58025	
226	2.250	-278.78323	1447.52686	357.59021	-319.22372	1681.26855	159.95393	-198.31212	1565.06360	202.48180	-393.54059	1537.47839	320.55072	-224.93372	1439.08240	32.86029	-486.58075	1435.29993	234.72958	-319.07349	1318.89929	186.16762	-435.39044	1434.15613	55.65785	-164.48967	1086.67053	-69.45257	-592.23273	1119.83398	292.33960	-163.79033	845.45593	-108.50562	-566.65991	899.44171	409.97583	-282.45358	1027.82043	175.30315	-393.11499	1021.89215	243.66917	-476.99878	949.22260	-11.43388	-276.58240	438.35178	120.68248	-607.55560	550.98895	168.57581	-392.98126	98.74352	140.96013	-752.31122	257.06317	3.67038	
227	2.260	-271.23059	1449.02002	365.74857	-311.35101	1683.18005	167.84305	-190.10367	1566.22412	209.78729	-385.71371	1539.55164	328.74707	-217.64690	1440.60083	40.29600	-478.80194	1436.48669	243.36278	-310.17279	1320.21436	194.73111	-428.11212	1435.55151	63.94595	-154.44643	1087.76941	-58.86225	-585.01428	1120.19934	296.89020	-152.00452	845.88019	-89.43877	-562.36792	896.79932	410.88815	-273.93118	1028.99500	181.46295	-384.46301	1023.33295	252.48393	-469.32379	951.02008	-4.46320	-271.46533	439.80023	121.96986	-592.40527	547.44196	186.34015	-390.59427	100.56236	141.36313	-738.64032	265.75824	22.54090	
228	2.270	-264.68781	1450.80273	373.83640	-302.26682	1684.71045	175.91092	-182.76595	1567.73462	217.38666	-377.72009	1540.59961	336.58517	-210.77426	1442.45557	47.89193	-471.48755	1437.76282	251.28702	-302.24899	1321.57043	202.61064	-420.77975	1437.72339	72.08424	-144.93355	1089.52393	-48.57018	-578.49164	1121.09045	302.36148	-139.94742	846.62604	-78.38214	-558.78967	894.42120	411.37503	-266.32291	1030.34058	187.41718	-376.50003	1024.96191	259.10941	-462.40634	952.11017	2.97450	-266.52667	441.60983	121.23753	-577.00598	545.00018	204.63507	-388.49786	104.06603	140.38768	-723.79718	270.99881	40.02137	
229	2.280	-257.12720	1452.11707	381.55576	-295.30807	1686.27539	184.19437	-175.09293	1568.95801	226.29610	-370.00403	1542.22534	344.24377	-203.24648	1443.91309	55.06126	-463.69257	1439.11816	259.35587	-294.30249	1323.19946	211.17754	-413.21338	1439.18677	79.70877	-135.45300	1090.89978	-39.17757	-571.99084	1122.05969	307.42453	-127.18903	847.35529	-62.62089	-555.50488	892.58386	412.40518	-258.52841	1031.65369	194.62234	-367.73505	1024.99622	266.37564	-455.26120	954.05688	9.76787	-262.35776	443.32751	121.81599	-561.85345	544.97583	224.62024	-385.58868	107.14828	136.84302	-709.51746	277.88431	59.56185	
230	2.290	-249.25890	1453.23132	388.92093	-287.23492	1687.75012	191.68410	-166.96753	1570.20337	233.82104	-362.29370	1543.60181	351.87344	-196.52490	1445.52344	62.60494	-456.55457	1440.78650	267.59283	-287.07275	1324.82092	218.60498	-405.74490	1440.72217	87.62267	-125.75060	1092.64136	-29.39315	-565.72803	1122.69934	312.43933	-114.28643	850.45441	-52.77610	-552.60529	890.98706	413.19028	-250.26880	1033.39478	200.79178	-359.53598	1026.02466	273.99420	-448.10120	956.17706	17.71236	-258.31958	445.46634	121.90990	-546.36121	545.51440	244.65573	-382.40704	109.01337	137.73796	-694.36310	284.83054	79.83877	
231	2.300	-241.09441	1453.97876	396.12711	-278.80692	1689.07178	199.27458	-159.15071	1571.20911	242.93884	-354.69781	1545.10840	359.23694	-189.07033	1447.37683	69.99442	-449.13809	1442.08862	275.57950	-278.81232	1326.36780	225.20926	-398.57449	1442.80701	95.30592	-115.47713	1094.85132	-18.42384	-559.59882	1123.83362	317.57346	-101.24851	852.44000	-38.79354	-549.83258	890.15729	414.17618	-243.44801	1035.24048	207.15038	-351.04718	1026.39050	279.98465	-441.18552	957.81232	25.10577	-254.62227	445.88046	121.99992	-531.19104	548.77618	266.10126	-380.75256	110.31750	138.49792	-679.43530	293.30496	101.88879	
232	2.310	-234.47968	1455.39404	403.95874	-270.73172	1690.51074	207.05527	-151.85268	1572.74048	250.70515	-347.46237	1546.50757	366.92569	-182.18677	1449.22339	77.50022	-441.46451	1443.30542	283.39502	-271.77484	1328.13599	232.44521	-391.32437	1444.57556	103.12244	-105.52438	1096.89209	-8.91387	-553.35004	1125.02905	322.50894	-88.23012	854.77985	-23.95118	-547.31177	889.01953	415.20605	-235.34769	1036.45654	213.44295	-342.87268	1028.17908	287.42624	-434.25400	960.17041	31.60909	-251.59966	446.91638	121.39736	-514.18201	552.86053	288.16275	-378.07120	110.78713	138.78276	-662.59650	297.97101	125.35778	
233	2.320	-227.42790	1456.87012	411.51767	-262.81906	1691.41895	215.22174	-144.20079	1574.33337	257.47876	-340.04391	1548.13013	374.40436	-175.20641	1450.99500	84.52863	-433.75772	1444.93176	291.00494	-266.53964	1328.34058	236.80247	-384.13821	1446.27673	110.33329	-95.71303	1099.05798	0.81296	-547.20477	1126.28674	327.78928	-74.89327	857.26056	-4.73370	-545.14447	888.96771	416.75543	-227.93127	1037.91370	218.42581	-334.16006	1029.61096	294.28146	-428.30972	962.41235	39.28784	-248.63477	448.12103	120.08414	-496.18665	555.27368	308.40820	-375.02689	112.24137	138.04457	-645.65009	303.46991	148.59346	
234	2.330	-219.53775	1457.65637	418.46579	-255.01639	1692.77380	222.69308	-136.03165	1575.15491	265.65259	-332.11404	1549.29614	381.62076	-167.86983	1452.69824	91.83710	-426.44788	1446.41736	298.82037	-259.55887	1329.24414	243.81166	-376.70612	1447.87048	117.55408	-85.25422	1101.31775	10.31774	-541.44269	1127.60828	333.01520	-59.73319	859.66248	6.19818	-542.49194	889.08942	417.93417	-220.12100	1040.62097	225.12944	-325.48251	1031.02161	300.14877	-421.81689	964.29236	46.29256	-245.31573	449.09061	118.20485	-478.44098	559.93463	329.89215	-371.42975	112.66830	138.02971	-628.05048	308.51044	171.92467	
235	2.340	-211.29094	1458.38196	425.32849	-248.64691	1695.47070	229.96283	-128.73671	1576.56030	273.21054	-324.47040	1549.98547	388.73697	-160.65276	1454.50134	98.36461	-418.73450	1447.93079	306.35596	-253.05360	1330.69861	249.70296	-369.25922	1449.48608	125.48060	-75.57223	1103.37671	21.09705	-535.04242	1128.40906	337.97015	-48.59360	863.29236	19.24061	-540.18378	889.34424	419.21378	-211.96654	1040.86060	230.19159	-316.38968	1032.88855	309.11630	-415.61902	967.05292	53.39905	-242.64230	450.05032	117.14016	-459.52783	564.29181	351.40054	-368.24606	112.66537	138.52948	-610.24902	312.84048	195.86606	
236	2.350	-205.21333	1459.77283	432.77145	-240.03616	1696.37976	237.30544	-121.32661	1577.46802	282.79877	-317.59082	1551.05554	395.82504	-153.81644	1456.21399	105.26866	-410.96420	1449.16370	313.66483	-245.84236	1332.16077	256.49133	-362.31772	1451.14648	132.43549	-65.48746	1105.90869	30.67260	-529.94440	1130.55969	343.69482	-34.73590	866.55353	33.16207	-537.69012	889.65173	420.74408	-204.42390	1042.43018	236.01213	-308.03564	1034.10657	315.33994	-410.26773	969.08356	61.01247	-239.91679	450.58444	115.55104	-440.56058	570.46014	372.17578	-365.13544	113.43386	137.58047	-591.68744	316.24701	220.18092	
237	2.360	-197.91386	1460.68518	440.12686	-232.56177	1697.42725	244.87755	-113.46147	1578.79504	288.14307	-310.31412	1552.34460	402.75214	-146.47639	1458.07788	111.62357	-403.19272	1450.82483	321.17911	-237.80093	1333.71570	262.75821	-354.79938	1452.45630	139.42111	-55.12664	1108.25732	39.00242	-524.02374	1131.95935	348.98611	-21.26967	869.51373	47.54761	-535.31213	890.27905	422.85782	-196.54103	1044.06384	241.16051	-299.61392	1035.38269	322.22656	-403.83359	970.45782	68.11485	-237.95323	451.27487	114.70822	-421.11478	577.47211	391.70688	-361.11957	113.61363	136.89294	-573.19965	318.85330	244.25983	
238	2.370	-190.15169	1461.24011	446.61212	-225.38545	1698.57385	252.11234	-105.82697	1579.78662	295.18890	-302.98779	1553.23682	409.90744	-139.59155	1459.73303	118.13377	-395.14127	1451.79895	328.36359	-230.63188	1334.62598	268.98691	-347.45297	1453.69885	146.64204	-44.35134	1110.71313	48.89357	-518.40997	1133.59985	353.94647	-8.67839	873.75952	62.67057	-533.26349	891.25488	425.06625	-188.71971	1045.16858	245.55141	-291.19955	1036.75500	328.34302	-398.08725	972.08221	75.99172	-236.02151	452.84436	112.32843	-402.39761	585.36279	408.32169	-358.24057	114.45063	136.45389	-554.36664	320.41284	268.32675	
239	2.380	-182.27806	1461.94580	453.37442	-217.40335	1699.49817	259.27258	-98.22250	1580.24670	304.17938	-294.91165	1553.50818	416.78754	-132.52335	1460.85754	124.59579	-387.49548	1453.13110	335.85205	-223.37161	1335.80298	275.20697	-340.20914	1455.14050	154.20589	-33.84381	1112.67285	58.17202	-513.00714	1135.06531	359.26086	4.60516	876.75415	78.50010	-531.00037	892.35425	427.35532	-181.29976	1046.89001	251.84534	-282.23691	1037.65564	334.55392	-392.89835	973.98779	84.09745	-234.23215	453.80566	111.69029	-383.43616	593.80743	423.72006	-354.55777	115.14835	136.93430	-535.52979	321.41727	292.77548	
240	2.390	-176.05743	1462.72778	460.47778	-209.43594	1699.94849	266.65802	-90.37543	1581.24292	309.17841	-287.96878	1554.44031	423.43570	-125.51471	1462.43420	130.53650	-379.83795	1454.11279	343.39719	-215.45697	1336.99597	281.46765	-332.85428	1456.11304	160.97668	-23.92374	1114.71179	68.80772	-507.41290	1136.54883	363.98984	19.41424	879.98315	91.72718	-528.57166	893.24170	429.23685	-172.90907	1048.65259	256.11801	-273.65833	1038.47241	340.78925	-387.76523	975.56476	91.71694	-234.28299	455.23050	108.47610	-364.24152	601.05804	436.83722	-351.98575	116.16389	136.34953	-516.96619	321.81482	317.43848	
241	2.400	-168.05536	1462.39331	467.20792	-201.63519	1700.59607	273.81265	-82.61153	1581.38977	317.88959	-280.68558	1554.77173	430.27649	-118.36725	1463.12024	137.07843	-371.89316	1455.22656	350.73462	-207.71768	1337.74280	287.93317	-325.51038	1456.90735	167.70573	-13.80231	1116.88403	78.36790	-502.07486	1137.84656	368.83417	31.54255	883.37927	105.90784	-526.25012	894.33490	432.02280	-165.23427	1049.54578	261.20132	-264.51538	1038.97742	347.52332	-382.47858	976.76172	99.80354	-233.35770	456.86578	108.66740	-345.31735	608.06885	448.61407	-350.59875	117.09215	136.79651	-497.81168	321.37967	341.85318	
242	2.410	-160.61400	1462.10339	473.76834	-192.95859	1700.38770	281.03409	-75.13292	1582.04895	322.43192	-272.48965	1555.02271	436.87161	-111.46170	1464.16626	143.14473	-363.36060	1455.79700	357.98386	-200.28320	1338.56860	294.52878	-317.91678	1457.57275	175.05876	-2.82959	1118.98047	87.89296	-496.75769	1139.10828	373.95987	45.23890	886.38330	118.46284	-524.38733	895.70203	434.36499	-157.35426	1049.74158	265.90994	-255.51083	1039.21667	353.54282	-377.35623	977.46606	108.49134	-232.26294	458.67767	107.84814	-326.47980	614.65155	459.31033	-349.77185	118.17827	136.92415	-477.46887	319.28445	366.02429	
243	2.420	-153.68494	1462.30737	480.66141	-185.36270	1701.33472	287.70349	-67.03204	1581.73389	331.73251	-265.30515	1555.19214	443.38141	-104.31103	1464.75513	148.79959	-355.47720	1456.53027	365.20145	-192.07623	1339.41577	300.75150	-310.50748	1457.97620	181.66597	7.86782	1121.33325	97.08060	-491.11691	1140.39221	378.53369	57.48928	889.73529	132.55603	-521.32147	896.91925	436.50812	-148.75273	1051.10242	271.42770	-246.39714	1039.47461	360.09296	-371.97141	978.20062	117.07118	-231.50793	460.17346	107.25908	-308.52612	620.17719	469.02600	-348.90674	119.88858	137.05275	-457.73212	317.46555	388.79825	
244	2.430	-145.63890	1461.92969	486.91666	-177.72333	1701.22217	294.73828	-59.68346	1582.23010	335.29935	-257.79947	1554.53088	450.03461	-97.23351	1465.48120	154.97124	-346.74677	1456.78528	372.14127	-184.21930	1339.47888	307.21606	-302.93216	1458.46021	188.67085	18.77916	1123.03503	106.76232	-485.62180	1141.67908	383.06512	70.21786	892.69586	145.87932	-518.93579	897.93091	439.34760	-141.05534	1051.24817	275.91928	-236.59688	1038.91150	366.23715	-367.18845	979.04364	125.64835	-229.74660	461.43729	105.69675	-291.05646	625.31885	477.59128	-348.33221	121.62936	136.80104	-437.56506	313.79150	413.23480	
245	2.440	-138.30984	1461.15625	493.56439	-169.23422	1701.21228	301.82773	-51.64344	1582.00146	340.67542	-249.19391	1553.77612	456.62109	-89.85123	1465.51831	160.57571	-338.33234	1457.30237	379.39600	-176.53613	1339.85535	313.39001	-295.15469	1458.85754	195.33885	28.36806	1124.76245	115.60841	-479.72531	1142.72314	387.15182	82.74293	895.33875	158.62596	-516.49603	899.24670	441.39417	-133.24840	1051.12781	280.86032	-226.88199	1038.76221	372.46683	-362.16879	979.27844	135.14334	-228.96507	462.49826	104.95676	-273.99750	628.82300	484.27277	-347.61575	122.50585	137.26997	-416.83588	310.03937	436.11307	
246	2.450	-130.66150	1460.18750	500.03601	-160.19295	1699.63757	309.04236	-43.31616	1580.40369	352.31689	-242.16690	1553.47107	463.09216	-82.69233	1465.62451	165.92580	-329.67957	1457.25903	386.42130	-167.16203	1340.16260	319.70541	-286.92599	1458.52686	202.04428	38.63640	1126.37341	126.47061	-473.09760	1143.06445	391.31430	95.19971	898.17432	173.26599	-513.68304	900.79449	443.63907	-124.79301	1050.56775	284.90857	-218.27063	1038.73816	380.04221	-357.12863	979.58643	143.94321	-227.81706	463.29205	105.52462	-257.01251	631.18994	490.43549	-347.72293	123.08529	137.98514	-394.55066	303.43643	459.01749	
247	2.460	-121.77159	1458.48254	505.08234	-152.33731	1699.16663	316.13544	-35.30412	1579.61255	358.45871	-234.01730	1552.20032	469.70862	-75.29026	1465.70239	171.73407	-320.76477	1456.79932	392.79245	-158.79446	1339.54260	325.78989	-279.52478	1458.46008	208.33955	48.47517	1127.44397	135.39928	-468.20572	1144.78687	395.78781	108.62453	900.27850	186.96269	-511.25171	902.12286	446.44833	-115.61164	1050.36572	291.29742	-208.04720	1037.84058	385.41580	-352.13901	979.81976	153.32512	-225.94919	463.82813	103.94286	-241.12050	632.45477	495.66971	-347.33646	122.93787	139.16240	-374.11743	297.16156	480.83752	
248	2.470	-114.49485	1457.29651	511.96973	-144.43195	1698.83667	322.78436	-27.21496	1578.77148	363.70541	-226.62837	1550.83826	475.81055	-67.80211	1465.57312	177.09647	-311.57941	1456.45959	399.83005	-150.33432	1338.94971	331.42670	-271.09494	1457.98499	214.96852	58.25790	1129.11560	144.64717	-461.51260	1144.92322	399.58133	119.15841	903.08380	199.29202	-508.50504	903.24158	449.08395	-108.11244	1049.85388	295.17493	-198.79431	1037.17053	393.31653	-346.45615	979.55896	162.29526	-223.86903	463.73764	103.90472	-227.38715	631.93427	500.27087	-346.56650	123.11559	139.24825	-355.33337	289.06216	500.48904	
249	2.480	-106.40642	1455.80054	518.16998	-135.96175	1697.65356	329.44522	-18.82511	1577.26160	371.94315	-218.14906	1549.32153	482.34537	-60.02345	1465.15906	182.40910	-303.04318	1456.84875	407.24496	-141.29404	1338.76355	337.78979	-263.03250	1457.61487	221.45302	68.37969	1130.19946	155.89043	-456.44284	1146.59644	404.11499	131.59302	905.66223	213.27258	-505.25989	904.43909	451.79703	-99.49910	1048.86450	299.26379	-188.86736	1036.44885	398.85382	-341.34555	979.75592	172.02950	-221.76320	462.98300	104.33340	-213.24231	630.31787	503.41217	-345.86002	124.52282	139.23657	-335.08627	279.21475	518.19336	
250	2.490	-98.37562	1453.55640	525.06140	-126.59995	1695.88342	336.62564	-10.33213	1576.14783	376.24860	-211.08183	1547.85242	489.00943	-52.52826	1464.74414	187.80293	-293.88730	1455.60510	412.81232	-132.47670	1337.05347	343.19290	-254.49625	1456.56714	227.63249	76.97709	1131.10742	164.31291	-449.43051	1146.82104	407.92123	142.35744	907.47681	226.03627	-501.34201	904.92676	454.25244	-90.94251	1045.94812	304.01141	-178.72012	1035.04590	405.24368	-335.69696	979.23438	181.42546	-218.80084	462.07468	106.04886	-200.43674	627.57727	506.48401	-346.12195	125.93579	138.95135	-314.46378	266.99380	536.26031	
251	2.500	-90.99470	1451.49231	532.23212	-118.38043	1694.44775	343.80176	-1.46784	1573.70166	387.56644	-202.05319	1545.87842	495.20926	-44.52646	1464.08850	193.00574	-284.12766	1454.59729	419.65518	-124.11745	1336.29224	348.75891	-245.79814	1455.59363	234.36848	87.33121	1131.91589	175.51955	-443.86078	1147.91626	412.22250	153.67165	909.39813	238.23155	-498.47900	906.35577	457.04401	-82.78086	1045.18335	310.60645	-169.11922	1033.69214	411.82462	-329.62582	979.09204	190.84131	-216.75459	461.82776	106.70092	-189.37210	624.59686	509.12064	-344.24579	125.14398	140.64662	-291.92081	252.64072	553.62415	
252	2.510	-83.44050	1449.54761	538.66565	-108.62740	1692.58191	351.24396	7.08463	1571.63025	395.50470	-193.74448	1543.72705	501.34561	-36.22279	1463.25854	198.07796	-274.56134	1453.51489	425.83823	-114.73999	1335.23999	353.63818	-237.49199	1454.75879	240.68796	96.25098	1132.19250	185.91022	-437.45642	1148.48010	416.44159	164.08589	909.99731	249.36270	-494.44363	906.87738	460.24048	-74.98550	1043.74316	315.86151	-159.16739	1032.47046	418.73059	-323.74521	978.18176	200.55251	-213.34666	461.12680	109.35777	-177.90166	621.45874	510.80167	-342.68546	124.21506	142.30836	-267.33621	236.84619	568.94080	
253	2.520	-75.44373	1446.65454	545.53485	-99.27741	1690.92468	358.69159	16.23771	1569.44397	402.44754	-185.12798	1541.08435	507.60938	-28.42212	1462.50305	203.57184	-265.57272	1452.60767	432.38312	-105.27718	1333.56238	358.69452	-228.32426	1453.43262	247.33913	105.98707	1132.55835	196.76552	-430.82193	1149.08923	420.58316	174.63153	912.82544	262.58707	-490.03741	907.45416	462.57657	-65.61373	1042.24255	321.67780	-150.35187	1031.85388	425.59857	-317.28922	977.58722	209.60699	-211.13155	459.67471	113.49603	-168.89981	617.72797	513.15643	-341.48999	123.50158	143.79724	-240.78656	220.61464	583.20190	
254	2.530	-67.34492	1443.98181	551.80957	-90.19103	1689.01831	366.23157	25.51410	1567.11975	410.39612	-178.67360	1539.41772	513.38202	-19.94913	1461.58618	209.39159	-255.71381	1451.51074	439.36679	-95.75457	1332.26965	364.15176	-219.25139	1452.23218	254.04755	114.74890	1132.88647	206.79501	-423.97430	1149.46106	424.47559	185.82074	914.11176	275.50479	-485.46078	907.80170	466.65594	-57.64386	1040.85571	327.90436	-140.26526	1029.98779	432.32877	-310.44000	976.09711	219.44371	-207.12695	458.77719	115.04345	-160.46881	613.66284	515.24127	-340.10315	122.28785	146.07915	-213.45863	205.34688	596.70758	
255	2.540	-59.29276	1441.19946	558.56396	-79.84238	1687.10559	373.47620	34.27633	1565.14270	416.70901	-170.48343	1536.79041	519.44305	-12.21389	1460.50708	213.86742	-246.19814	1450.31592	446.00497	-86.46210	1330.35876	369.38431	-210.37599	1450.67322	260.48520	123.63627	1132.59595	216.60442	-416.91431	1149.44641	428.80713	195.81851	915.20752	287.11905	-480.44226	908.19202	469.53232	-49.23960	1038.53748	333.48599	-130.43135	1029.33862	439.03198	-302.95709	974.61908	228.16785	-204.61795	458.15863	119.91537	-152.76872	607.15674	517.32843	-338.27695	122.78251	146.95518	-184.72408	190.61076	609.32281	
256	2.550	-51.76259	1438.23145	564.79352	-69.90716	1685.16907	381.13483	43.35692	1562.99609	423.46066	-161.57149	1533.79895	525.64362	-3.33830	1458.95569	220.72150	-236.57388	1449.21448	454.18652	-77.94363	1329.00378	375.10364	-202.17886	1449.53125	267.44662	132.52583	1132.87854	225.86591	-409.74854	1149.55188	432.94659	206.28236	917.01202	297.64862	-475.45563	909.25684	472.44345	-46.99393	1034.08862	335.29150	-120.60155	1028.06067	445.79156	-295.76852	973.41571	236.79103	-201.33447	457.52264	123.60318	-146.92178	599.60931	518.45831	-336.54593	123.01392	147.41652	-155.41000	177.74799	620.28088	
257	2.560	-43.84290	1435.52063	571.30804	-60.78654	1683.19141	389.02698	52.80398	1560.09131	434.14969	-152.99348	1531.58484	531.77789	4.56826	1457.84888	227.11690	-226.51544	1447.44519	461.11124	-68.58117	1327.14551	381.45584	-193.40382	1447.85669	274.85721	141.51807	1132.37830	235.32932	-402.13675	1149.59509	437.43204	215.74495	917.25372	308.90234	-469.39166	908.66833	476.06412	-44.21211	1030.27612	339.29227	-111.02623	1027.31274	453.00763	-287.45825	971.43793	245.79434	-197.88225	457.10370	128.95869	-142.20755	589.98767	517.61682	-334.53284	123.13103	149.04420	-125.74857	167.83232	627.85510	
258	2.570	-35.76348	1432.70337	577.75214	-50.82895	1681.35242	396.93817	61.39763	1558.23389	441.06668	-144.84123	1529.64697	538.36743	12.87707	1456.70068	233.38153	-218.21208	1446.48328	469.72256	-59.64170	1325.62659	388.82986	-184.75073	1446.22546	282.26682	150.57996	1132.40039	244.84428	-394.08868	1149.15283	441.74274	225.43268	918.34039	320.42487	-463.60150	908.92047	479.18610	-34.55576	1030.24268	346.17450	-101.83471	1027.59595	456.86368	-278.64047	969.32538	254.69762	-193.10301	458.00800	132.84734	-141.85385	580.43671	515.80164	-332.77008	124.00584	150.07477	-97.01553	163.47026	633.26343	
259	2.580	-27.95718	1430.19690	584.67810	-42.05508	1679.79163	405.06482	70.71871	1555.91748	449.76556	-135.94920	1527.37952	545.33313	20.76275	1455.34631	239.97499	-208.83836	1444.80298	476.79196	-50.57663	1324.59570	395.84271	-177.60007	1445.85461	289.24045	158.87608	1131.71521	254.07341	-386.08539	1148.59875	446.90518	235.86253	918.96185	332.09833	-457.33466	908.78253	482.40891	-25.09857	1028.87280	353.10565	-92.12746	1028.02966	465.43738	-269.45959	967.82184	262.84946	-188.52283	459.04950	138.79106	-144.06500	571.61438	513.49652	-330.25095	124.06816	151.90565	-68.85075	162.96689	637.56879	
260	2.590	-19.75803	1427.89954	591.38733	-32.66537	1678.70422	413.26352	79.35855	1553.92920	457.66400	-126.88415	1525.70618	552.17157	28.59432	1454.54456	246.74409	-199.22350	1442.90417	485.01880	-41.61230	1323.23669	403.29303	-168.66273	1443.72449	298.02838	167.48123	1131.72559	262.82965	-377.60123	1148.05774	452.83386	244.40889	919.58881	340.89969	-450.06036	907.60492	486.68375	-16.75554	1028.56531	360.25171	-80.90472	1027.77246	472.37582	-260.02460	965.96918	270.91306	-184.13345	459.94479	145.25386	-148.10440	566.10724	513.27142	-327.39828	126.29526	151.54427	-41.67747	165.10106	641.20691	
261	2.600	-11.34163	1425.64575	597.78943	-23.40043	1678.07874	421.00500	87.79625	1552.61035	460.21887	-118.77470	1524.63062	560.30103	36.02479	1453.62390	254.02283	-190.75104	1442.10608	494.02176	-32.45957	1322.48389	411.18961	-160.65898	1442.36267	305.99698	175.66856	1131.51721	270.72989	-369.10846	1147.13977	458.84344	252.93898	920.82684	349.70758	-442.95084	906.72003	490.48340	-6.88878	1028.95361	367.75232	-71.52303	1027.10486	481.18063	-249.53799	964.09088	278.34738	-178.92932	461.91257	153.00465	-148.48598	563.32770	514.33807	-323.97739	128.41414	152.02536	-16.34841	168.51257	642.30292	
262	2.610	-2.79366	1423.82959	605.22034	-15.28040	1676.83813	429.21942	96.23657	1550.76160	468.18130	-110.15613	1523.27673	567.65265	44.00247	1452.28088	261.76630	-181.91885	1440.34753	501.87006	-23.92805	1320.96387	418.35434	-152.94981	1441.01807	314.12927	184.08575	1131.74365	278.48987	-360.30432	1145.73474	465.53101	262.49387	921.49896	359.85284	-434.83801	905.20459	494.75479	3.27308	1027.83801	376.08139	-61.42267	1026.61829	488.76059	-239.17468	962.37042	286.16714	-174.15857	463.42410	162.07176	-140.35654	562.64197	514.95850	-319.96881	130.11836	152.49522	9.44351	173.22130	642.57123	
263	2.620	5.57447	1422.80774	612.56726	-6.87106	1675.95361	437.28415	104.49886	1549.81238	475.17032	-101.56685	1522.33496	575.99475	51.22923	1451.59338	269.60373	-173.69983	1439.24683	510.93195	-15.12644	1320.01978	425.94101	-145.68692	1440.15137	322.47852	191.67465	1131.54224	286.24908	-351.80307	1143.86279	472.88339	270.66678	922.61237	370.18857	-428.56232	904.56842	499.11188	18.81480	1030.61121	386.63196	-50.96930	1026.16565	497.50897	-227.84274	960.46326	293.55005	-168.04782	464.95386	170.94080	-128.89519	562.19574	516.64551	-315.69717	133.54874	151.39449	34.55096	177.91737	642.20319	
264	2.630	13.75168	1421.68970	620.22595	0.96146	1674.51489	445.08105	112.33018	1548.60779	482.47089	-93.54675	1521.56470	584.23627	58.13375	1451.18469	276.97314	-165.63962	1437.84546	519.54425	-5.84402	1319.00769	433.76791	-137.07840	1438.13232	331.37344	199.59280	1131.26074	293.56503	-342.87799	1142.25549	479.84991	278.74948	922.57098	377.56699	-419.81113	902.94269	503.99765	35.13204	1032.92993	400.16696	-41.11047	1023.68280	505.00568	-216.60800	958.37769	300.42245	-160.59488	466.81110	180.41022	-116.88232	560.95410	519.95874	-310.60602	137.02927	151.52199	59.26540	182.69374	642.17157	
265	2.640	21.94301	1421.08057	628.62720	9.45884	1673.45007	452.49664	120.23309	1547.80408	490.43167	-84.88496	1520.61389	592.16565	65.09517	1450.70203	285.02377	-156.45421	1435.65625	527.47687	2.24018	1319.12109	443.20053	-130.08676	1436.58130	339.85431	206.44728	1130.87463	300.20462	-333.68979	1140.35547	487.22394	286.31693	923.96851	384.54657	-410.48209	900.85950	508.72763	39.59281	1029.01099	404.09866	-31.15444	1022.69244	513.64795	-205.14008	956.55133	308.01999	-153.33174	468.72003	190.34282	-104.73476	559.14758	523.43915	-304.88525	141.32448	150.29428	84.07564	186.75127	640.34698	
266	2.650	30.89575	1420.62207	636.82037	16.27853	1672.93091	460.21918	128.00917	1547.49268	498.08118	-76.97028	1519.77991	600.69934	72.55081	1450.05872	292.83948	-148.69203	1433.87891	536.30725	10.96706	1318.09656	451.39355	-122.59866	1435.03369	348.29187	214.26367	1130.07129	307.89929	-325.05450	1138.01440	494.71051	293.75882	924.49939	392.55029	-400.25302	897.64130	513.72723	56.09337	1031.03552	416.87506	-21.02152	1021.77832	523.14233	-193.68623	954.48242	315.00250	-145.06743	469.85995	201.23224	-92.23648	557.03040	527.57819	-298.31378	144.79152	150.09685	107.89378	190.95221	639.91980	
267	2.660	39.59834	1420.76038	645.81885	22.82824	1672.17249	468.36972	135.58914	1546.96692	506.57739	-68.97296	1519.62231	609.41980	79.91331	1450.01367	300.51727	-140.69058	1432.40564	544.80365	19.08705	1317.41309	460.07407	-115.00233	1433.78442	356.80252	221.13603	1129.06873	313.65393	-315.60657	1135.58728	502.91248	301.75961	924.24329	399.19733	-390.86700	895.31317	519.71466	59.59955	1026.96948	420.11865	-10.64769	1018.94586	530.34076	-182.91727	952.57074	322.20300	-135.98286	470.00562	211.41946	-80.05902	554.54242	532.04572	-291.12360	148.72690	149.14041	130.33936	193.44713	638.03619	
268	2.670	47.59928	1421.58398	654.80292	30.57555	1672.14502	476.45694	143.23352	1547.56519	514.18237	-61.06747	1519.20959	618.78833	88.41424	1450.15479	308.33743	-132.83322	1429.32629	553.03827	27.43956	1316.87463	467.24677	-106.94414	1432.91772	365.08710	228.59351	1128.57434	320.61459	-306.24832	1133.00916	511.01608	308.94101	924.31134	404.96429	-382.99838	893.59735	526.03967	76.09196	1028.89246	432.91724	-1.89219	1017.12665	538.12115	-172.52248	951.37378	329.72256	-126.40627	470.48096	222.66801	-68.65845	552.22290	537.84906	-282.70700	153.71837	147.95735	152.89302	199.21951	636.12518	
269	2.680	56.37404	1422.19653	664.26404	37.08323	1672.07507	484.66006	150.93085	1547.97351	522.87372	-53.22698	1519.23364	627.39746	96.20958	1450.28796	316.55283	-124.38440	1428.01782	560.69049	35.69225	1317.29761	475.01270	-99.54515	1432.97327	372.70969	235.47040	1127.90857	325.77713	-296.81763	1130.59595	519.34088	316.36349	924.74829	411.81909	-370.70261	889.34155	532.38306	85.45284	1027.54395	440.71841	7.01294	1015.48145	546.32355	-162.99152	950.00201	337.22681	-114.68794	469.66614	234.58000	-56.59956	550.31226	543.84912	-274.68610	159.29575	148.08121	173.32045	202.66068	633.43811	
270	2.690	64.76333	1422.43372	673.55652	43.50586	1671.34302	492.80750	158.54283	1548.48218	531.35492	-45.54353	1519.00452	636.25171	105.30318	1450.73120	324.76773	-116.90363	1427.33545	568.43335	44.86831	1316.92175	481.94769	-91.30940	1433.15857	380.33325	242.60124	1127.49402	332.28644	-286.98343	1128.26868	528.38605	322.54437	924.11957	416.68796	-362.04642	887.87756	539.79266	94.86687	1025.53113	448.69052	16.02654	1014.81146	554.31531	-154.50298	949.08875	344.91037	-100.38877	468.66272	248.46332	-45.55412	549.87830	551.92889	-263.73502	166.50676	147.91406	191.42741	205.61342	628.38190	
271	2.700	72.80875	1422.74561	682.49323	51.44712	1670.28516	499.63516	165.89926	1548.52124	539.30835	-37.50980	1518.21997	644.79468	114.65022	1450.63599	332.84964	-108.56115	1426.39441	575.49347	52.71823	1316.31299	489.65060	-82.56746	1433.20154	387.03763	249.61960	1126.51111	337.44177	-276.36594	1125.72913	536.84198	329.87851	923.67395	422.68848	-349.34283	884.36359	547.59753	101.38773	1024.35266	455.40836	24.61737	1013.51184	561.19672	-145.70631	948.00952	352.79733	-84.25133	466.94562	262.91882	-35.38836	552.55884	560.91412	-251.40848	173.89021	151.52910	206.84569	208.51376	621.23022	
272	2.710	80.96821	1423.27356	691.06488	57.80365	1669.47620	506.88428	172.93785	1548.57422	548.30341	-30.84673	1518.16187	652.53766	125.09885	1450.48193	341.47369	-101.77805	1425.82703	581.89966	60.90223	1316.14954	497.24057	-73.85313	1432.67468	393.84634	256.72052	1125.39966	343.99423	-265.74460	1123.27710	546.00476	336.12756	922.42096	426.99133	-337.84628	881.69678	555.82593	110.42202	1023.45013	462.72757	32.40129	1014.42078	570.04846	-136.68202	947.91284	360.45874	-65.79978	464.09381	277.36795	-25.89517	556.76569	570.11914	-237.61702	182.16832	156.49814	221.40439	209.61121	611.32349	
273	2.720	88.25488	1423.15808	699.42676	63.66639	1668.63452	514.38849	179.80896	1548.88733	555.86353	-23.35043	1516.92456	659.97040	134.11650	1451.13928	349.35373	-94.01592	1426.20789	587.86713	68.30967	1316.60486	505.47516	-65.86068	1433.47180	400.10165	263.87607	1124.10181	349.05087	-254.60538	1121.00000	554.09070	342.18918	921.60040	430.33191	-324.57498	879.03564	563.65802	117.30393	1023.81116	470.14182	40.38147	1015.08826	577.13580	-128.18343	948.15192	367.61261	-46.04171	460.87903	292.57648	-16.40071	560.26379	580.14490	-221.78207	191.77191	160.60294	232.52335	210.16597	600.69086	
274	2.730	95.40308	1423.32617	707.60443	69.44598	1668.42920	521.97101	186.92793	1549.10535	563.02350	-16.58410	1516.15466	667.36584	142.35202	1451.66321	357.79858	-87.27161	1426.01733	593.69550	75.77118	1316.27405	512.52039	-57.69980	1433.83496	405.80173	270.60193	1122.58215	353.81723	-243.27565	1119.19348	561.89044	348.08948	919.69586	433.88373	-311.98969	876.91541	572.40326	125.22332	1025.34631	478.50433	47.07360	1017.56677	584.42621	-119.82764	948.43964	374.84161	-25.54934	457.92734	308.11960	-8.24458	564.70215	590.70166	-203.16261	201.74332	164.80806	241.18703	209.88216	589.91193	
275	2.740	102.35841	1423.03992	715.11102	76.59425	1668.56580	529.51514	193.55653	1549.59924	571.20728	-10.45847	1515.92188	674.90070	150.97888	1452.06934	365.46909	-81.38413	1427.13867	599.43750	83.68257	1317.19458	519.85486	-49.56760	1434.45349	412.14288	277.95856	1121.76672	358.71362	-232.72380	1118.04150	569.19855	354.48807	918.47406	436.82037	-297.59360	875.18890	581.57349	132.09663	1027.10010	486.28848	53.62559	1019.65259	591.82080	-111.12309	948.72595	382.57516	-3.71030	463.49475	321.46381	1.34719	566.85541	599.94281	-182.65883	212.11440	171.64880	246.84933	207.38678	574.94177	
276	2.750	108.34647	1423.35022	722.21967	83.06504	1669.06799	537.69556	200.15237	1550.05493	578.77747	-3.83450	1515.61633	681.56506	159.30505	1453.34839	372.82263	-74.57290	1428.57788	604.99670	90.04252	1317.94824	528.15924	-41.63826	1435.30273	417.53806	285.49908	1120.88550	363.69159	-221.94418	1116.68420	575.66656	361.29730	915.49500	439.36484	-283.72180	873.06763	590.80188	140.15700	1030.11646	495.90091	60.31964	1022.31610	599.76025	-102.82089	949.00458	389.83255	18.30914	469.56403	332.44312	10.29289	568.61145	609.48071	-159.98616	221.77481	179.22040	250.15424	203.97177	562.67523	
277	2.760	114.66128	1423.13550	728.72711	89.30422	1670.99878	546.33588	206.98820	1550.97998	587.68231	2.49054	1516.12170	688.53326	166.81625	1454.40710	380.68900	-68.56694	1429.51221	610.71826	97.24429	1319.58752	535.82635	-34.16181	1436.41223	423.83337	293.05664	1120.81152	367.82938	-211.96017	1116.34351	581.64575	367.22220	913.76257	443.08121	-268.16290	871.09338	600.18903	147.40599	1032.83447	504.62985	66.45252	1025.50354	607.92389	-94.66193	949.38629	397.17361	42.01418	475.71423	345.65851	17.59137	570.67438	619.46698	-135.41890	231.07092	186.71362	250.51237	201.39684	552.52545	
278	2.770	120.86839	1423.00842	734.96771	96.26058	1672.44641	554.59570	213.58037	1551.84387	595.75568	8.86622	1516.61633	695.60333	174.45284	1455.89087	387.49390	-62.21466	1431.22278	615.96863	104.77372	1322.14746	543.33893	-26.44981	1438.15051	429.77832	300.94760	1121.57092	372.30136	-201.73598	1115.84729	586.71246	371.70648	911.48065	441.88269	-252.19336	869.82721	609.74005	154.92068	1035.72351	512.83142	73.61964	1028.24036	615.55591	-86.34962	950.18286	404.83066	66.52466	482.36859	355.90967	28.55425	569.09113	630.33057	-110.21612	239.64215	193.88434	250.37581	197.90979	544.14197	
279	2.780	126.16148	1423.04431	741.08582	103.81126	1674.03162	562.70447	220.11082	1553.11377	602.80005	14.60625	1517.69690	701.79822	182.30643	1457.93994	394.58630	-57.07704	1432.65466	622.03571	112.19440	1324.73877	551.01691	-19.10457	1439.26245	435.69107	308.83221	1122.68311	376.64319	-192.33179	1116.83313	591.11493	378.30334	908.94257	443.40225	-236.39819	869.42029	619.54657	161.21208	1038.70032	520.90851	80.21003	1030.61084	623.67432	-79.26333	951.72528	411.71609	92.14154	486.86188	370.38760	39.06913	567.81525	642.01282	-84.08791	247.99030	200.28059	248.62787	195.50905	537.11462	
280	2.790	131.20406	1423.60168	747.40894	110.27422	1676.04272	571.29639	226.10980	1554.70422	610.42157	20.39232	1518.12500	707.69458	189.67105	1460.53577	402.01730	-51.15713	1434.69238	627.43427	118.91113	1327.22852	558.63965	-11.52605	1441.19421	441.64935	317.11798	1124.22021	381.68555	-183.73763	1117.80615	595.23206	383.29572	907.35590	443.73209	-220.34180	870.17871	629.05835	168.41249	1041.40430	528.88153	87.15527	1033.00732	631.59808	-71.16531	953.24799	418.86929	118.02933	490.89569	382.33405	50.13985	569.12122	652.36224	-57.04825	255.55157	208.57191	246.10495	194.55470	531.53534	
281	2.800	135.97176	1424.24683	753.44427	117.12475	1678.26221	579.61780	232.57196	1556.40369	618.62250	25.99342	1519.80811	713.86310	197.09637	1462.88062	409.38687	-45.87778	1436.70239	633.13757	126.01076	1329.31787	565.19141	-4.70749	1443.10376	447.98383	325.11215	1126.30139	386.11520	-175.02354	1118.93823	598.36304	388.02063	905.64014	442.48154	-204.63463	871.91541	638.37860	176.10564	1044.61304	537.15118	93.46941	1035.03943	637.93970	-63.82619	955.44849	425.68750	143.71822	495.94318	395.48804	59.55379	573.68030	664.55707	-29.83384	262.40872	216.31403	242.50153	195.37328	527.94238	
282	2.810	141.27147	1425.35706	759.38965	123.39463	1680.94983	587.96252	238.78871	1558.19727	626.36658	31.25657	1521.32813	720.55170	203.95016	1465.55676	416.71829	-41.36478	1438.90845	639.44849	132.74959	1332.55322	572.80298	2.22751	1445.32703	454.36380	333.01266	1129.09070	390.98883	-167.28909	1120.68225	601.19855	393.97412	903.12482	446.93542	-188.98660	874.59607	647.51886	181.69193	1046.36877	544.03021	100.30448	1037.61414	645.50336	-55.88956	957.35956	431.85925	167.95117	501.97464	408.94070	67.45465	579.11371	672.44977	-1.05545	269.10068	223.71951	238.19394	197.28287	526.90552	
283	2.820	146.13669	1426.81433	766.13275	130.29225	1683.66357	595.82184	244.76495	1560.09509	634.77136	36.59818	1523.42456	727.24731	211.40044	1468.33130	424.22293	-35.53615	1440.84570	644.44153	138.47087	1335.11011	580.12714	8.90246	1447.31738	460.91516	340.26962	1131.88940	396.01215	-159.27275	1121.51294	604.44904	398.31610	902.80444	442.05472	-173.92581	878.66943	656.62775	189.75998	1050.06067	552.31598	106.90038	1040.34204	652.61218	-47.59398	959.36884	437.62485	192.30087	508.43890	421.12109	74.62396	584.31848	680.02753	26.95673	274.94183	233.37619	233.67030	200.11577	526.45917	
284	2.830	151.21886	1428.76477	772.96924	137.20479	1685.58545	603.58710	250.63951	1562.06921	642.07062	41.90384	1525.97986	734.08496	218.09966	1471.17505	432.40521	-30.48525	1442.92419	650.06836	145.05237	1337.90234	587.13428	16.64182	1448.59045	468.01602	345.94250	1133.90698	399.09937	-152.16238	1122.97974	607.92432	403.05112	901.64642	440.71091	-158.15625	881.95947	665.26184	197.26471	1052.24011	560.35913	112.90872	1042.94824	659.92389	-40.02060	961.92151	443.20441	216.08490	514.09558	434.82251	80.54230	588.55560	685.75989	56.06849	280.55942	242.52026	228.95180	202.22440	527.00159	
285	2.840	155.90495	1430.84692	780.22778	143.53116	1687.99609	611.06689	256.25629	1564.12744	650.40735	47.22286	1528.54919	741.20532	224.66441	1473.32861	440.61160	-25.81418	1444.26904	655.84631	149.64244	1339.96289	595.03680	23.50433	1450.35632	474.37921	351.98062	1135.26831	403.73526	-145.27982	1124.35339	612.65302	408.42584	900.85754	440.94849	-144.13745	887.39612	675.58215	200.86122	1051.83301	563.78650	119.14807	1045.69800	666.70636	-31.45550	963.94092	448.19168	239.04094	520.06641	447.72885	85.53307	592.14105	689.43756	84.63281	285.76331	253.75902	224.44669	203.96161	528.36682	
286	2.850	160.21695	1433.35571	788.03265	149.07985	1690.06323	618.33331	261.72665	1565.90808	658.16937	52.51054	1530.92749	748.11530	231.23422	1475.93079	449.11093	-21.93434	1446.60400	662.22260	154.86491	1342.22107	601.83875	29.71162	1452.02197	481.14557	357.91168	1136.64185	409.83447	-137.95470	1125.18848	616.76202	411.88861	900.55151	439.91785	-129.74330	892.64874	686.09570	211.78210	1056.35461	574.75146	124.79592	1047.50586	673.56702	-23.65404	966.66742	453.57544	261.89951	524.74170	462.27765	89.06966	594.96417	692.70789	114.48525	289.97690	265.48322	219.92290	205.39868	529.50824	
287	2.860	165.33145	1435.54797	796.00433	154.71815	1691.90515	625.23926	266.92526	1567.75793	665.75433	57.61100	1533.08679	755.47754	238.02213	1478.10535	456.78241	-16.89154	1449.01770	668.02966	161.70505	1344.30688	611.13397	36.45625	1453.84424	487.71930	364.09262	1138.14319	413.93680	-131.38005	1125.93604	622.74457	415.11752	901.00024	437.70432	-117.02433	896.99487	698.05682	218.33330	1058.62183	583.55774	130.27406	1050.06384	680.99768	-15.99119	969.20349	458.91266	285.09396	530.22180	475.87393	91.50728	596.81915	694.57019	144.89943	295.51807	276.71860	215.82892	206.40614	531.82379	
288	2.870	170.93562	1437.82422	804.02124	159.62459	1693.44409	632.34552	272.26059	1569.46997	674.23254	62.59433	1535.00500	762.98090	245.07289	1480.23657	465.83273	-12.52399	1451.31763	675.07153	165.47034	1345.30432	617.09930	42.56047	1454.76611	494.36990	370.18695	1139.34155	418.16934	-124.38386	1125.95471	628.53705	418.16879	900.95233	435.60181	-106.39238	900.96509	709.96045	225.90897	1060.96326	592.57520	134.94930	1052.47644	687.67242	-7.41826	971.11255	463.43491	308.27185	533.53748	491.92273	93.20838	597.29248	696.42218	174.32811	300.55783	290.00778	212.38004	206.22496	533.76672	
289	2.880	175.19353	1440.34705	812.34180	164.54732	1694.93164	639.36395	277.35999	1571.16370	681.87354	67.87875	1537.08191	771.08105	251.46205	1481.94373	475.08112	-7.35228	1451.85107	679.87390	170.10077	1346.78040	623.95184	49.24268	1456.33350	500.97186	375.84311	1140.75427	422.49075	-117.30846	1125.52795	635.63135	422.12915	901.18958	433.22906	-97.15234	904.18066	720.62427	232.45490	1063.48413	601.96735	139.67371	1053.30017	694.01111	0.61064	972.80994	468.27740	330.76138	536.11090	505.10492	93.87910	597.68762	698.21942	203.03650	304.64508	301.58951	209.76686	204.79645	536.73193	
290	2.890	179.74306	1442.45483	821.01563	169.88152	1696.08728	646.46002	281.82388	1572.18347	688.58472	72.82495	1539.09473	778.95795	258.29199	1483.88428	483.85486	-3.10503	1451.87134	685.81104	175.37955	1348.39429	631.96460	55.54220	1457.90857	507.89340	381.98309	1141.93286	424.94543	-110.96461	1125.79321	643.68732	425.85431	901.41614	431.40683	-89.23250	907.24500	730.47253	238.67418	1065.50500	609.80255	144.77710	1054.76404	701.96069	9.03360	973.92999	472.85980	352.14999	538.61731	519.43665	94.54358	596.45081	699.63397	231.42519	309.89474	313.75092	206.52280	203.59853	539.20544	
291	2.900	185.07391	1444.28076	829.41382	174.09947	1697.49561	654.11292	287.04199	1573.79260	696.78485	77.47981	1540.59680	786.75549	265.06903	1485.21008	492.84906	2.09047	1454.32043	692.59131	180.84216	1349.56335	639.70526	61.95638	1458.65417	514.76379	387.34824	1143.29895	429.26202	-104.70029	1126.96313	651.68988	429.65137	901.87170	430.11591	-83.15797	910.19489	740.03351	244.56641	1066.91785	617.37787	149.43137	1055.30286	709.03186	18.71156	974.98718	477.50705	372.60434	538.99646	533.10968	94.37785	594.72498	701.96570	257.89572	313.70065	326.00076	204.65341	201.36983	540.95093	
292	2.910	189.15443	1446.21545	837.75366	178.27672	1698.78186	661.82867	291.91400	1575.26855	705.69299	81.90099	1541.85742	794.76898	271.95364	1486.57678	501.51874	7.17049	1454.11279	698.10895	186.19473	1350.29175	647.06793	68.40138	1460.08008	521.72968	392.88318	1144.03296	434.55908	-98.92911	1128.09143	660.29913	434.63757	902.53564	429.26889	-77.94135	911.52350	749.04584	250.53377	1068.40881	626.79626	154.43250	1056.45386	716.23151	27.72228	975.49542	481.52185	393.44958	537.99548	546.49341	94.23156	592.27484	703.57458	282.98093	317.57248	339.03250	203.30463	200.09032	543.46655	
293	2.920	193.74620	1447.96326	846.16663	183.56418	1699.76392	669.46124	296.88235	1577.10913	714.70795	86.57076	1542.82385	802.46362	278.62405	1487.44653	510.33475	12.07009	1455.59033	705.40021	191.12186	1350.91223	654.49243	74.94184	1460.64404	528.88690	398.44177	1144.65625	437.58167	-93.60863	1129.13879	668.56567	436.64462	903.18652	425.71780	-74.39374	912.63873	757.69336	255.35147	1068.72253	635.29327	159.09224	1056.08228	723.81439	36.65735	975.99152	485.38132	412.56244	537.73016	559.31659	92.95677	588.64551	704.16437	306.74728	320.08139	352.32184	202.50845	198.42003	545.27936	
294	2.930	198.07521	1449.02795	854.84106	187.97118	1700.60938	677.65625	301.11618	1578.60303	723.06152	91.15126	1543.54004	809.86273	285.41122	1488.27502	519.89093	16.94267	1456.61694	711.99200	196.87085	1352.11584	662.44446	81.37885	1461.84717	536.26923	403.20712	1145.69543	442.44592	-88.65139	1130.30542	676.49487	441.58597	904.27020	427.14630	-71.63015	913.15320	765.19623	262.08273	1070.09583	643.73590	163.66936	1056.29065	730.00409	46.20523	975.88672	489.51422	429.63113	536.20361	572.75403	92.24030	585.66772	708.63416	327.98224	320.51633	365.56100	203.05444	196.86334	547.17676	
295	2.940	202.69077	1449.66565	863.42236	193.23244	1701.48315	685.71991	305.04376	1579.00537	731.62030	95.43711	1544.17676	817.56714	292.13840	1488.98108	529.64624	21.00139	1455.85461	718.57422	202.05377	1352.44336	670.82648	87.83276	1462.18103	543.80060	408.35229	1146.32092	446.57730	-84.22281	1131.06177	684.95917	445.47955	905.18683	426.61841	-70.49453	914.46191	773.60938	267.22974	1070.63611	651.86914	168.39468	1055.20947	737.61835	56.29778	976.09540	493.23907	445.67252	533.95361	586.69873	90.35953	580.99951	709.49841	347.12149	320.55084	378.74661	203.94402	194.95238	548.17957	
296	2.950	206.07748	1450.54761	871.93005	198.32179	1701.97644	694.19531	309.88184	1580.04871	741.85724	99.73093	1544.28198	825.18488	298.84406	1489.60510	539.15472	26.50664	1457.67175	725.69379	206.80479	1352.33862	679.96118	94.61888	1463.07666	550.96729	413.76263	1147.08936	451.78284	-79.29112	1131.79395	691.96252	448.23520	906.52271	428.86060	-67.90146	914.73981	780.79272	271.67416	1070.23669	659.36072	171.69662	1052.97998	746.04474	65.93342	976.03418	497.40836	460.92944	534.43622	600.44550	89.17635	577.73389	713.98102	365.79037	318.91852	392.78589	205.10468	194.07899	551.32489	
297	2.960	209.64516	1450.81055	880.49023	203.12453	1702.33081	702.74591	314.61633	1580.75220	750.80280	102.42173	1544.81543	832.74866	305.92072	1489.55005	548.66650	32.08885	1455.77490	731.25922	212.31659	1352.00635	687.87726	100.99603	1463.09570	558.73914	418.90945	1147.89197	457.26523	-74.99411	1131.94409	699.40375	453.44226	907.02197	427.10904	-64.85896	914.84705	788.11823	277.32874	1070.28040	668.66504	175.56369	1052.70374	752.80127	75.57467	976.13617	501.90427	472.07510	536.94171	612.29681	86.78237	573.64117	716.76740	383.16571	317.36777	407.32010	206.01239	193.55862	556.10663	
298	2.970	213.79509	1450.73767	889.13538	208.08893	1702.42993	711.44604	319.14847	1581.18115	760.94342	106.28564	1544.77576	840.40979	312.71814	1489.49634	558.51251	37.03278	1455.50281	738.16736	217.54355	1351.74915	696.31256	107.74614	1463.71765	566.27783	424.23972	1148.69336	462.79034	-71.02172	1132.11731	706.30371	457.60498	908.76416	427.10242	-62.28009	915.27527	795.66693	282.68692	1070.32043	677.16180	179.24867	1051.92761	759.68018	84.57421	976.68976	506.08698	481.43494	540.12335	624.29877	83.55919	570.68256	719.10486	400.60767	313.97235	422.36154	207.82689	189.16226	551.67712	
299	2.980	217.47958	1450.80151	897.81934	212.12460	1703.07788	720.43109	324.79825	1581.78076	771.35199	110.08271	1544.46436	848.12927	319.41422	1489.27429	568.84143	41.82918	1455.64465	744.96649	222.41313	1351.65881	705.46698	114.39930	1463.78870	573.83856	429.52008	1148.67847	467.53690	-66.89243	1132.37988	712.62946	463.12091	909.42737	428.12125	-59.56225	915.47107	802.36304	286.90485	1069.14526	685.66620	183.07968	1051.22546	767.11432	93.32365	977.07172	510.25522	489.73294	542.78705	636.46570	79.51602	567.51575	721.49011	417.64151	309.24207	436.72153	209.84695	187.15089	555.71002	
300	2.990	221.56448	1450.66162	906.57922	216.88986	1702.58130	729.63159	328.99176	1581.74011	780.83392	113.90651	1544.02856	855.94171	326.37119	1489.06543	578.47150	46.97834	1455.20959	751.99915	227.75912	1350.92810	714.13629	121.00665	1463.66138	581.89514	435.05844	1149.59448	473.57086	-62.46238	1132.63586	718.88568	466.64221	910.63049	429.05634	-56.99307	915.77521	809.06726	292.98111	1069.50781	695.12653	187.39873	1050.70850	773.44366	102.64651	977.54761	515.56683	497.37241	544.61981	647.87213	75.76262	564.95728	723.05237	432.98407	303.54929	452.30054	211.59875	184.30702	559.44714	
301	3.000	225.01242	1449.94690	915.65753	221.38454	1702.66187	738.81726	332.49704	1581.20898	791.04663	117.83076	1543.14490	863.85571	332.90616	1488.76550	588.47516	51.70263	1454.54431	758.68109	233.10812	1350.38428	722.76813	127.80456	1463.47205	589.39056	440.80893	1150.48962	478.95047	-58.73152	1132.48657	724.58325	470.45224	912.22937	431.48996	-54.18483	915.72583	815.08636	297.61545	1068.93042	703.07263	191.07860	1050.12122	780.90405	111.53409	977.77893	520.51782	503.95886	544.78931	659.64282	69.99529	563.35913	724.32660	447.09412	295.87341	468.46289	212.10815	181.74966	565.99176	
302	3.010	228.18449	1449.52795	924.17035	225.83339	1702.12854	748.06232	337.52078	1581.34033	801.19159	122.28214	1542.20984	871.51508	339.67859	1488.08948	598.83990	57.06831	1453.64307	766.39520	238.52635	1350.00977	731.12347	134.49382	1463.17798	597.53058	446.16232	1150.82581	485.28391	-54.50190	1131.65869	729.95233	477.15445	913.11578	435.59180	-51.64629	915.56891	821.70605	302.94403	1068.09412	712.67377	195.45430	1049.67993	788.27838	120.18703	978.30591	526.78076	510.02194	544.67535	669.72546	66.17384	561.97339	724.53925	461.27859	285.63019	486.31516	210.10338	180.40598	576.27209	
303	3.020	231.85266	1448.69983	933.36975	230.71751	1701.43750	757.19421	342.05307	1580.58667	810.67188	125.87661	1541.36133	879.68988	346.32281	1487.44714	608.65851	61.83599	1452.81140	773.41858	243.38132	1348.69836	739.80884	141.28835	1462.64319	605.36871	451.88995	1151.28027	490.76282	-50.56586	1131.02356	735.70093	481.17099	914.64740	440.63406	-48.54434	915.24518	827.21130	308.14709	1067.46716	721.30670	200.21404	1049.14063	795.52313	128.82738	978.40607	531.93622	514.42444	542.51202	680.21136	62.03883	559.90112	723.13806	474.61041	273.90674	503.91031	208.99406	177.72383	582.37177	
304	3.030	235.78798	1447.58362	942.22778	235.93074	1700.75854	766.24237	346.35669	1580.06250	820.88354	129.64272	1540.67969	887.81683	352.76172	1487.24548	618.62585	67.08615	1451.76404	780.64148	248.89638	1348.04919	748.50836	147.95198	1462.14673	613.52960	457.96265	1151.79871	497.41678	-46.23827	1130.26221	740.23407	486.38620	914.92743	439.36804	-45.68150	914.76965	832.70752	314.04242	1067.24060	730.41742	204.47742	1048.73767	803.59674	137.24207	978.47510	538.72864	518.65973	540.36066	689.18341	57.64120	558.76086	721.51392	488.01547	260.90683	521.98212	208.18663	173.68930	588.89252	
305	3.040	238.87256	1446.80200	951.52209	240.76273	1699.98096	775.49811	351.27509	1579.32373	831.75812	133.42079	1539.73840	895.97351	359.87418	1486.74707	628.78461	71.85239	1450.09692	788.10040	254.05905	1347.27454	756.45044	154.52129	1461.26038	621.74823	463.42230	1152.16162	504.76657	-42.11208	1129.71851	744.93701	492.30627	916.49493	444.07993	-42.89087	913.64142	837.32428	319.54431	1066.71106	740.08691	209.47881	1047.98682	811.22223	145.22609	978.37872	544.77814	521.43982	536.95044	698.90466	54.20739	557.64783	719.20911	502.29144	247.38438	537.51160				
306	3.050	242.55487	1445.88818	960.09131	246.15605	1698.89636	784.60187	355.22556	1578.85754	840.72565	138.05508	1538.00525	903.86823	366.07874	1485.76733	638.98877	76.90536	1449.15625	795.51801	259.94714	1345.43054	766.10626	161.34473	1460.63904	629.73248	468.84152	1152.44714	510.86755	-37.72619	1128.53101	749.20111	496.49353	917.74823	446.96521	-40.04449	913.39972	842.09363	325.45380	1065.49402	749.16876	214.89685	1047.18274	818.92297	152.97325	978.18835	551.96149	524.22565	531.50946	705.74011	50.35707	556.98206	716.09875	515.59790	232.84482	556.39514				
307	3.060	245.94984	1444.96582	969.41730	250.73943	1697.84204	793.87976	359.75873	1577.53601	851.47552	141.63518	1537.47766	912.30200	372.85880	1485.13647	648.98438	82.39384	1447.70032	802.88495	265.25308	1344.59705	774.55078	168.27724	1459.94055	637.78223	474.64868	1152.43799	517.65875	-33.62959	1127.40283	753.28009	503.19943	918.95746	452.71783	-37.09248	912.10663	846.18048	331.90863	1065.52576	758.65338	220.33649	1045.93713	826.70178	160.37213	977.76392	559.32751	527.45905	528.10229	715.14441	48.32541	556.86279	713.00659	528.93726	216.07240	575.07697				
308	3.070	249.99524	1443.63623	978.41742	256.07175	1696.71558	802.97827	364.16855	1575.84058	861.21777	145.60909	1536.04492	920.32568	379.53305	1484.28113	659.06152	87.42524	1445.84546	809.74567	271.18738	1343.56885	783.94592	174.73642	1459.02185	646.12726	480.53366	1153.07520	525.83087	-29.28684	1126.62781	757.28754	506.86533	920.06952	455.79190	-34.02848	910.60809	850.22723	338.04285	1064.57813	767.37823	225.53482	1045.76416	835.30695	168.49956	976.75671	567.04462	530.06274	523.56799	722.75287	47.64982	557.72852	709.97363	542.97119	199.69650	593.62598	198.17610	163.70355	616.22528	
309	3.080	253.31476	1442.49585	987.26117	260.97598	1695.51709	812.03705	368.98370	1575.20984	871.02228	149.37115	1534.60583	928.32544	386.03729	1483.68567	669.48438	91.72242	1444.97876	817.17450	277.11960	1342.62134	792.73730	181.45309	1458.02917	654.48438	486.32440	1153.25732	532.31372	-25.16454	1125.67883	761.44177	512.59210	921.56543	459.76810	-31.22986	909.19415	853.49127	344.09247	1063.04041	776.88068	231.34889	1044.27222	844.04468	175.99942	975.61108	575.27509	531.15265	517.98944	730.22083	49.36810	559.18170	706.80817	556.83826	181.86127	613.98798	195.87086	160.27927	620.57953	
310	3.090	257.05176	1441.10474	996.14685	265.46945	1694.38367	821.11041	373.51425	1574.63416	881.80078	153.75342	1533.49121	936.14789	393.13455	1482.65039	679.64661	97.06255	1443.38110	824.33673	282.69110	1342.05383	801.99634	188.17049	1456.82056	662.52240	492.12076	1153.65588	539.67371	-20.37020	1124.74268	765.24005	518.08185	922.04926	464.65070	-27.91163	907.58038	856.72925	350.54401	1062.61963	786.23309	237.63420	1043.16931	852.79480	183.12405	974.15424	583.76910	532.99841	512.22498	736.39270	52.86098	561.46008	703.45410	570.17584	165.05659	633.97894	191.66818	158.13785	626.73761	
311	3.100	260.44888	1439.63245	1004.79840	270.72192	1693.22510	830.03015	378.16840	1573.65393	891.58142	158.38713	1531.91003	943.47400	399.57761	1481.67249	690.05859	102.32386	1441.47412	831.16125	289.49463	1342.28833	814.19635	195.24976	1455.73853	670.27600	498.39142	1153.74463	547.68158	-15.28922	1123.94043	768.72418	526.14740	921.79578	471.57883	-25.01966	905.83185	858.74615	357.38727	1061.77539	796.46686	242.95746	1042.53918	861.35864	190.74867	972.57623	592.51361	533.74835	504.91904	740.82306	59.31110	562.44531	700.76520	583.00671	151.24936	658.17194	187.92737	155.86580	632.89886	
312	3.110	263.35760	1438.26941	1013.20270	275.72635	1692.19250	838.98083	382.50043	1572.34155	901.76172	161.61661	1530.83398	951.31952	406.37650	1480.97729	700.25488	106.95697	1440.30896	837.83942	294.73209	1341.01819	822.46594	202.34322	1454.36377	678.16010	504.22629	1153.69763	555.76837	-10.04430	1122.94800	772.34485	531.64417	922.12915	478.45056	-21.52963	903.84192	861.15845	363.24615	1060.53796	805.54926	250.29547	1040.63013	870.41125	198.35411	971.17792	601.35437	533.60901	497.39667	743.36218	67.22651	564.29968	699.98041	594.51074	140.55832	683.79413	182.86089	154.51619	639.10736	
313	3.120	267.02090	1437.15137	1021.90002	280.01559	1690.96191	847.93201	386.10434	1570.91797	911.99915	165.61609	1529.06653	958.77454	412.99481	1480.02209	710.90344	111.89794	1438.70093	844.61835	299.79697	1339.87402	831.51221	209.02084	1453.05530	686.26837	510.52942	1154.02771	564.06726	-4.46324	1122.14294	775.71204	537.63434	923.64093	485.13599	-17.67882	901.88635	862.87476	369.55487	1058.68982	815.50085	256.09561	1039.47217	879.42957	205.53383	969.55420	610.63708	531.90790	488.85443	744.40997	76.80080	565.48828	700.31085	605.40613	134.44157	710.07013	175.23538	155.19920	645.79535	
314	3.130	270.60117	1436.00549	1030.13892	285.78467	1689.71948	856.54376	390.02911	1569.38098	920.87415	169.15486	1527.95569	966.65784	420.23883	1479.14575	721.00360	116.96559	1437.29248	851.39343	305.50546	1338.65527	840.70026	216.36372	1451.58203	694.13800	517.00134	1153.51453	572.50049	1.50036	1120.78162	779.10284	540.79999	923.95074	491.83392	-14.21585	900.08765	864.49927	376.75577	1058.72095	825.18683	262.64755	1038.10266	888.60608	212.85503	967.93597	620.14557	529.00360	481.70145	745.35962	87.41416	566.95325	702.29584	614.95892	132.15567	736.32397	178.68979	145.47911	649.59802	
315	3.140	273.35901	1434.72119	1038.61084	290.46457	1689.05347	865.41205	394.83841	1568.72449	930.46094	172.85030	1527.06433	973.67712	427.12366	1477.96997	732.01508	121.96449	1435.56409	857.83429	310.87180	1338.00488	850.17529	223.66472	1450.53625	701.90985	523.60516	1152.77563	581.84924	7.75764	1119.81677	782.20300	549.14911	923.56165	499.35815	-9.80646	897.47900	865.87415	382.80139	1057.48047	835.54254	268.42123	1036.80798	897.96143	219.89937	966.48712	629.65247	523.84216	475.69513	748.73956	99.52888	568.14948	706.00372	623.36255	132.15767	762.51947	177.05876	142.22838	654.55890	
316	3.150	276.63785	1433.79736	1046.67810	295.49863	1687.92822	874.15521	399.16562	1568.43518	940.79132	176.11186	1526.07507	981.35760	434.08130	1477.20435	743.25873	126.72892	1434.38574	864.20117	316.49042	1337.35828	859.18469	230.69264	1449.00085	710.16345	530.64868	1152.48999	592.12415	14.28126	1118.63635	785.59058	555.56390	923.00403	507.54883	-5.56415	895.78143	866.87592	388.88925	1055.90442	845.36920	273.63812	1036.09705	907.07263	227.40587	965.53357	639.12079	518.78815	471.05167	754.60510	111.98846	569.54834	711.27753	630.25305	135.21906	789.50116	174.31474	139.75053	659.25781	
317	3.160	279.08008	1432.81824	1055.22388	299.56476	1687.84326	883.08411	403.09274	1567.77783	950.86395	180.65569	1524.78796	988.25250	441.01697	1476.37280	753.67139	131.65723	1432.91870	870.44873	321.54950	1336.67090	868.75220	237.94641	1448.33203	717.93152	537.11768	1151.54089	601.74017	21.82730	1116.75183	788.71576	560.30511	921.35376	513.81274	-0.56630	893.62311	867.93182	394.91101	1055.51990	856.24280	278.33710	1035.35950	916.32770	233.75380	964.55048	648.64703	514.76086	468.43164	762.79126	124.70659	570.71472	718.44482	635.33270	139.37650	815.57520	164.16095	142.63580	663.02625	
318	3.170	282.75204	1432.71008	1063.71875	304.14651	1687.67896	892.48389	406.72461	1567.70886	960.30701	183.75577	1524.50708	995.37006	448.12128	1475.43665	765.03699	135.90579	1432.40845	876.47504	326.16763	1336.18811	878.30310	245.10497	1447.91187	726.16315	544.99481	1151.37231	612.64410	28.87061	1115.49780	792.22089	567.57294	922.17975	525.34869	3.98331	891.24200	869.69415	400.74426	1054.51001	867.44366	283.92612	1033.68274	925.70721	240.26077	963.92108	657.44788	511.10950	464.75409	774.20361	137.91624	570.78149	727.18256	638.64990	145.87296	840.26855	157.07605	144.05971	668.47461	
319	3.180	284.26883	1432.49316	1072.17822	308.82501	1687.95776	902.28156	409.94336	1568.05103	971.41559	186.81790	1523.98901	1002.97394	454.63303	1475.18640	776.94745	139.86082	1432.77869	882.81543	331.55984	1336.02393	887.59235	252.33435	1447.73914	734.41827	552.20435	1150.82422	624.83594	36.57943	1114.70374	795.82050	575.32813	922.57587	537.20490	7.60366	890.39941	869.83136	405.41901	1052.62012	877.63171	286.79959	1034.20300	934.35175	247.20535	963.67664	666.36755	510.31213	465.24078	787.21741	152.38338	570.55054	737.41534	640.42542	152.73857	862.89404	153.15756	143.59601	672.97351	
320	3.190	286.89917	1432.59607	1081.34033	313.02155	1688.76892	912.03711	414.09055	1569.20483	983.13440	190.20885	1524.34131	1010.43030	461.11798	1474.79102	789.12439	144.17712	1432.97827	888.74011	335.69373	1335.99219	897.00012	260.01715	1447.87732	742.44928	559.77759	1150.91003	636.07343	44.12935	1114.57666	800.32684	579.36810	920.50024	544.43860	13.34024	888.63562	870.47839	409.51120	1052.78003	889.31000	290.35745	1033.17334	944.07324	253.91116	963.54681	674.29071	509.05786	465.68243	801.99274	166.57353	569.37408	749.92633	641.60443	159.68605	883.70868	149.41096	145.03981	677.20013	
321	3.200	288.57288	1433.10632	1090.27429	317.59348	1688.95056	921.49487	416.82620	1569.38159	994.02771	193.16188	1525.09302	1018.25116	467.11353	1474.43408	801.75568	147.21457	1433.72400	895.35797	338.30313	1336.53772	906.58850	266.31534	1448.58118	751.64453	567.65808	1150.82178	649.59479	52.01052	1114.70032	805.22162	589.26587	922.82800	559.86981	19.16887	887.03217	870.19598	412.98035	1052.72791	899.85199	292.61780	1033.38477	951.39752	260.78049	963.68848	682.69458	510.11969	468.01965	815.54065	180.88979	568.83130	763.62903	642.40179	166.72911	905.07458	142.65430	150.31520	681.74658	
322	3.210	290.29388	1433.58679	1099.29797	321.38678	1689.35950	930.63629	420.41138	1570.08057	1004.48218	196.49863	1525.30933	1025.93518	472.74500	1474.53845	813.44061	151.61382	1434.61987	901.81769	341.76529	1336.53491	916.15955	272.83624	1448.91943	760.26080	574.72369	1151.00378	662.72150	59.96384	1115.50940	810.73840	595.00415	922.06970	570.09918	26.12255	885.55127	871.15625	415.93906	1051.97083	909.08179	294.35806	1033.69080	959.28461	267.67361	963.54089	690.23322	513.91223	472.69720	826.94409	194.16496	568.32300	778.79138	643.24200	174.41423	923.82281	139.08485	156.26350	686.43030	
323	3.220	292.32404	1434.02771	1108.34436	324.86395	1689.78259	939.42554	423.73462	1570.53662	1015.97095	198.60413	1525.84802	1033.62549	477.89398	1475.10461	825.98541	155.60944	1435.05652	908.75830	344.94827	1336.36572	926.00171	279.03223	1449.45630	768.73065	581.74792	1151.07422	676.11035	66.99503	1116.73279	816.50238	604.34827	923.15967	584.60767	31.98288	885.27368	870.52539	417.39145	1053.49658	919.01617	296.06342	1033.89685	967.09180	275.30771	963.75592	697.80701	519.49054	476.76248	836.31494	207.43176	567.82288	794.20331	642.83191	181.20480	941.33728	135.01727	162.65533	690.28119	
324	3.230	293.82925	1434.65918	1117.75854	328.81158	1689.67896	948.15118	426.00021	1571.15405	1025.85693	200.52614	1525.78284	1040.96155	482.98483	1475.45361	838.69751	159.29984	1435.72803	915.60535	347.79047	1336.72607	936.08154	285.08060	1450.89539	777.14227	588.80341	1150.86487	690.14758	74.23322	1117.79688	822.44159	611.26624	923.15942	597.83875	38.58617	884.29993	870.70959	418.86755	1055.07837	929.30359	296.94098	1034.57996	974.31421	282.06183	964.42505	704.67889	526.64410	479.32367	845.07611	221.10826	566.50403	809.44373	641.88489	186.97563	957.50122	131.63295	170.35231	694.33008	
325	3.240	295.37967	1435.41125	1127.11047	331.82361	1690.28918	957.05371	427.83286	1571.66931	1036.12781	202.71304	1526.11182	1048.45313	487.72116	1476.52075	851.16913	162.55470	1436.66113	922.61926	350.23120	1337.15967	945.66730	290.22711	1452.02551	786.20642	595.81458	1151.07971	705.10272	80.70822	1118.70654	827.76215	618.07690	924.93030	613.08472	44.53774	883.36731	870.71582	420.12112	1056.69897	938.90350	298.24310	1035.28418	981.41388	290.27902	965.35284	711.25275	534.55011	480.82101	854.74957	234.20462	566.32593	825.39185	639.18866	191.65977	971.06836	128.13478	180.67329	700.39996	
326	3.250	296.63678	1436.03784	1136.23755	334.45966	1691.07214	966.66992	430.81738	1572.28418	1046.75623	204.54292	1526.75415	1056.81335	492.07065	1477.42029	863.31329	165.62198	1437.56079	929.52094	352.62665	1337.99365	955.62592	295.42841	1453.17834	794.86310	602.24664	1151.67615	719.56085	86.27156	1119.63184	832.74957	626.12079	925.40686	628.21979	52.18158	881.68256	870.59558	421.54620	1057.97461	948.08673	299.45862	1036.34351	988.32733	297.82431	966.75806	717.55212	543.32446	481.82092	863.24420	244.47791	565.91394	842.85272	635.92010	196.61220	981.74969	128.32864	191.40108	708.25299	
327	3.260	297.84515	1437.22876	1145.51233	336.54190	1692.29993	976.96210	431.91507	1573.79736	1057.30603	206.16426	1527.96692	1066.29285	495.15317	1477.66846	874.20044	167.92838	1438.85083	935.97607	354.70621	1339.26978	965.08539	300.87149	1455.16614	803.47253	609.04108	1152.38599	734.63348	91.33807	1120.45825	837.44000	636.18347	926.37360	645.58038	56.87156	881.93536	870.79382	423.62259	1058.84070	958.47528	300.31723	1037.01746	995.13690	305.48633	968.68304	724.38745	550.16125	481.26691	872.04260	257.06992	564.65094	859.91003	631.02722	198.70877	990.25793	130.68573	202.86902	719.25134	
328	3.270	298.20154	1438.48792	1155.13513	339.23730	1693.76624	987.43390	432.87369	1574.99487	1068.12903	207.96623	1529.80225	1075.25391	499.04672	1478.89539	886.65082	171.27069	1439.97766	941.98212	356.91504	1340.68835	975.13831	305.66714	1456.80029	812.97607	615.43231	1153.21777	750.86639	95.25469	1121.94226	841.39001	642.87372	923.80646	658.17511	62.73910	881.48730	871.21704	424.84549	1059.53052	968.07043	300.30383	1038.59998	1002.18243	313.55286	971.12921	730.52441	556.20508	479.92780	880.62830	265.72299	566.12488	878.36920	624.39807	198.45578	994.42059	134.39299	214.83156	732.62225	
329	3.280	298.91464	1439.35120	1164.10205	340.13773	1695.82214	998.04718	433.97839	1576.22375	1078.66052	209.36545	1531.36536	1084.38916	502.46671	1480.53320	898.89758	173.86737	1442.15808	948.48401	358.88361	1342.52393	984.91144	311.13171	1458.79895	821.73383	621.83734	1153.86047	765.58380	99.39125	1123.90503	845.00415	652.16632	926.63202	678.49786	68.71680	881.27515	871.06586	426.50323	1060.33447	979.03076	300.63223	1039.72827	1009.32397	321.10651	973.75311	737.57007	562.07532	478.82935	888.33838	272.48895	566.93347	897.05542	617.46991	197.35732	998.16943	140.64302	226.15817	746.96649	
330	3.290	299.05365	1440.19666	1173.46948	341.52811	1697.79163	1008.79321	434.88995	1578.08911	1090.16406	209.02945	1532.65063	1094.07117	506.15131	1482.19031	911.44702	175.84325	1444.25110	954.70795	360.38919	1344.28186	994.73419	316.20755	1461.38757	830.99530	627.32977	1155.17590	783.23352	102.70285	1126.54431	848.43781	660.30902	927.64014	696.51636	74.58704	881.04956	869.78125	427.57193	1060.89832	989.02557	300.18896	1041.35156	1016.55884	327.45084	976.57520	742.88263	567.45038	477.67065	896.91968	280.08646	569.11945	917.19055	610.61725	194.55099	1001.45282	147.51524	238.52420	763.20190	
331	3.300	299.15039	1441.00513	1182.39001	343.87891	1698.25903	1018.65015	435.58618	1580.13953	1101.09326	210.33519	1533.33032	1101.52747	509.22357	1484.03308	925.54523	177.99072	1446.50220	960.45667	361.64420	1346.23315	1004.57330	321.43088	1463.83569	840.17987	633.17493	1156.04321	799.91760	107.63847	1129.04541	850.99249	669.74957	929.84460	715.64526	78.65526	883.04077	869.14484	427.46652	1062.03040	999.52075	299.96423	1043.60535	1023.69147	334.49713	979.06940	752.18994	572.27985	477.13297	904.31219	285.63434	573.20477	937.65344	603.91644	192.50972	1003.84027	155.93930	250.68370	779.39349	
332	3.310	298.90259	1441.97205	1191.43384	344.99350	1700.44946	1029.51563	435.71112	1581.18689	1112.95837	210.12637	1534.20422	1109.67664	511.83539	1485.26208	939.08276	180.53705	1448.94519	966.04333	362.40182	1347.94360	1014.53009	325.79852	1466.71875	848.70233	638.90387	1157.83130	816.77374	111.63710	1132.53284	853.81805	678.31433	930.45306	734.29559	84.15446	884.39813	867.80212	427.26068	1063.48926	1010.24268	298.75339	1046.16028	1030.74060	341.47125	981.59814	759.97717	577.07275	478.84109	911.15387	289.05655	578.78052	959.45129	594.90912	186.66319	1006.22687	165.13110	262.64532	797.07861	
333	3.320	297.99591	1443.06335	1200.79443	345.87601	1701.84595	1039.66223	436.34802	1583.20740	1123.49219	211.04723	1534.91479	1117.18640	514.36761	1487.16650	951.92188	182.04593	1451.64917	972.42340	363.04074	1349.47852	1024.09106	331.01007	1468.57043	858.12659	644.10999	1159.69592	833.30402	115.74755	1135.49377	856.28314	686.10052	931.99146	752.88556	88.31874	886.46576	866.79858	426.87521	1065.58618	1020.38904	297.68982	1048.56580	1037.81274	347.02786	984.37091	767.39069	581.19183	480.44232	917.19214	291.06064	584.31305	980.77979	586.38873	180.84993	1007.64551	174.82103	275.00162	816.41553	
334	3.330	297.20621	1443.92578	1209.23889	346.17688	1703.10400	1050.21313	435.05353	1584.00842	1134.39160	210.42030	1536.07043	1125.81982	516.70966	1488.59509	966.77148	184.25426	1453.82227	978.32562	363.50912	1350.79785	1033.64014	335.95157	1470.78333	867.73907	649.73108	1161.71851	851.22937	119.59693	1139.36450	858.44983	693.45996	932.93030	772.72656	93.69817	888.07831	865.22174	425.57990	1067.96741	1031.30005	296.08875	1051.15869	1044.83911	352.13519	987.26605	775.08643	585.03522	482.91232	922.65759	294.09229	590.04510	1002.83197	580.45911	177.05533	1008.31830	185.46965	286.54623	835.96008	
335	3.340	296.29974	1444.44409	1218.56726	345.79813	1705.13257	1060.40100	434.85876	1585.73706	1145.59827	210.48257	1536.87744	1134.17749	518.67029	1490.11279	979.88947	185.78891	1456.17798	984.49329	363.72339	1351.76587	1043.07764	340.25742	1472.61365	877.77002	655.48169	1163.84021	868.29645	122.00484	1142.57910	860.18951	700.88788	933.84900	792.42719	98.54476	890.63635	864.56555	425.34018	1069.94409	1040.47754	295.42477	1052.82581	1051.67603	357.37585	990.37030	781.82141	589.36066	484.93179	928.91229	294.92859	597.14032	1023.85571	573.87592	170.92815	1007.78467	195.86520	297.99356	856.75647	
336	3.350	294.74341	1445.37280	1227.83862	345.96149	1705.99084	1070.78857	434.74170	1587.56482	1157.32300	210.14334	1538.15881	1142.12817	519.95306	1490.95447	994.41925	187.64410	1459.22522	990.64777	363.11621	1353.19055	1052.13477	345.87494	1474.14453	888.22858	660.27960	1165.48291	885.21582	126.02493	1145.92285	862.39337	710.18250	936.18231	813.13226	103.68460	892.91064	863.50482	423.41412	1071.65601	1049.11963	293.93835	1054.97803	1058.76624	362.18594	993.07745	790.08472	593.33069	487.10965	933.95624	293.07297	604.03278	1042.80054	568.29181	166.84358	1006.72003	206.14972	308.37430	877.72253	
337	3.360	292.81729	1446.78369	1236.18738	346.52759	1706.95020	1080.99805	432.90009	1588.33435	1168.23999	209.49135	1537.99438	1149.78979	522.08331	1492.11340	1008.41058	189.58614	1460.69275	996.63367	362.94583	1353.78528	1061.40417	349.07278	1475.73694	897.65723	665.37360	1167.43311	903.90485	129.44583	1149.12866	865.03375	717.66437	938.37836	834.55426	108.64537	894.96277	862.95038	422.74097	1073.52893	1060.50696	292.13943	1055.96411	1065.64319	366.33774	995.13910	797.85345	597.18329	488.44678	939.04718	288.49814	609.71460	1060.06934	564.19580	163.11505	1005.57367	216.58301	318.25900	898.59613	
338	3.370	291.30521	1447.08740	1245.40417	346.57443	1707.90503	1091.31201	432.71100	1589.42114	1180.64209	209.26518	1538.22974	1157.31067	522.55133	1493.02368	1023.51978	190.83705	1462.49573	1002.55774	363.31912	1354.38525	1070.24084	353.21811	1477.08179	907.61133	670.21552	1168.87781	921.34998	133.35789	1151.49512	867.41632	726.58301	939.19653	857.23297	113.24029	897.11237	862.69043	422.15149	1074.87939	1069.14038	292.82901	1056.46973	1071.55908	370.28528	996.84344	806.16968	600.70105	489.55212	943.96753	283.32755	614.92340	1075.84631	558.79047	159.08127	1004.20483	227.83197	325.41504	919.66467	
339	3.380	289.73700	1446.63086	1254.92383	345.70615	1708.59717	1101.24451	431.24017	1590.46851	1190.97559	207.73651	1537.74841	1164.89172	523.94403	1493.87769	1036.21216	191.56483	1463.14771	1008.93317	363.35239	1354.60889	1079.18689	356.79047	1478.25378	918.11420	674.45752	1169.96167	939.46533	136.65570	1153.50488	869.81592	733.53168	940.57880	878.00598	118.13846	899.05701	861.97058	421.05994	1075.03845	1078.42090	292.11407	1057.49646	1078.20227	373.93942	998.61859	814.55939	604.08698	489.19757	949.37537	277.98648	618.99902	1090.25232	554.97498	155.97643	1003.98499	236.50584	334.42258	941.54486	
340	3.390	287.36948	1447.56104	1263.47949	345.55457	1708.43481	1111.00220	429.54858	1590.58594	1202.50281	207.44792	1537.73157	1173.09338	523.81366	1493.65015	1050.30896	192.96814	1464.28748	1014.92804	362.70950	1354.76538	1088.68896	360.42285	1478.90906	927.92798	679.06567	1170.42200	958.30347	139.93011	1155.38672	872.13165	740.90973	941.19263	898.79272	122.75447	900.29346	861.40143	420.86554	1075.11646	1087.93677	291.47806	1057.81433	1085.06116	378.03238	998.84241	822.84906	607.27472	489.38193	955.38696	271.87915	624.32971	1102.09900	551.19434	152.60368	1002.93433	248.30931	339.55954	962.92334	
341	3.400	285.39227	1446.93127	1273.85840	345.85016	1707.80066	1120.94336	428.24265	1590.52698	1213.26648	205.49748	1537.96265	1181.41809	524.30652	1493.31494	1064.10583	195.16367	1463.99585	1021.76251	362.37631	1354.72388	1097.78613	363.55588	1479.31677	938.32922	683.11200	1171.26306	976.12701	143.23927	1156.44580	874.96442	748.30475	941.64532	921.09442	127.24535	901.66083	861.10980	420.79861	1075.09424	1097.76501	291.74097	1057.84204	1091.75806	381.21280	999.95239	830.07977	609.27667	488.75027	961.29718	266.99573	627.92816	1114.12402	548.80566	151.39508	1002.58246	260.31464	343.60330	984.43225	
342	3.410	282.20023	1447.19080	1283.61780	344.93951	1708.45520	1130.68274	425.73499	1590.60547	1224.63257	204.67824	1537.55286	1189.90881	524.64355	1492.87415	1077.91040	196.90559	1464.46411	1028.11499	362.07898	1354.47058	1107.51770	366.88196	1479.58887	947.94489	686.84174	1171.17749	994.31195	146.69800	1158.08667	877.84534	755.08990	942.32410	944.34436	131.95390	902.56091	860.09833	420.12265	1074.20898	1107.18823	291.74487	1057.64941	1098.48694	384.85376	1000.21454	838.89410	611.00079	487.98700	967.24048	262.01724	631.97369	1125.30908	544.81317	149.22536	1000.20477	270.95279	346.84930	1006.82465	
343	3.420	280.08804	1446.26440	1293.00769	344.09164	1708.29541	1140.94153	424.26126	1590.07251	1235.63635	202.72539	1537.48962	1197.77075	525.01666	1492.30920	1091.33630	197.90808	1464.78992	1034.67871	361.24435	1354.09985	1116.74060	369.69107	1479.33618	957.89624	691.00531	1171.06018	1012.62903	149.85439	1158.75769	881.54749	761.69147	943.10706	967.16052	136.62343	903.37750	860.22632	420.19202	1072.65259	1115.71716	290.57025	1057.01746	1106.18591	387.73083	999.92712	847.96985	612.09723	487.51254	974.26587	256.84949	634.42505	1135.22083	542.58868	149.26756	999.44360	281.95508	347.82108	1029.35693	
344	3.430	277.42923	1446.32581	1300.30542	342.93594	1707.92578	1151.21265	422.48083	1589.44238	1246.60266	201.55128	1537.16992	1205.55298	525.17737	1491.18018	1104.22278	199.16504	1464.49866	1041.30603	360.03497	1353.39148	1126.61926	372.37326	1479.29553	968.00378	694.60938	1170.62268	1030.92773	152.87621	1159.85205	885.34857	767.94202	943.66949	991.43640	141.43597	903.97980	859.25995	419.51181	1070.62207	1125.37146	290.80206	1056.06799	1113.33435	390.49277	999.89984	856.67126	613.13013	486.09625	980.26630	253.02861	636.08704	1145.17383	541.39392	149.87817	999.63812	293.18765	345.29764	1052.24597	
345	3.440	274.53339	1445.80359	1309.43311	343.00168	1706.55249	1160.28674	419.61127	1588.35474	1257.13330	200.46034	1536.08533	1213.31140	525.02063	1490.62219	1117.26306	200.18199	1463.61267	1048.60510	359.41986	1352.74304	1136.21704	374.72214	1479.22510	978.01636	697.93512	1170.51733	1049.40942	156.63673	1160.14685	888.86133	773.58783	943.67407	1015.14453	146.20528	904.75818	858.98895	419.39853	1068.87866	1134.89478	290.38202	1054.98560	1120.52478	393.05594	999.12744	866.02161	613.37708	484.76398	987.63879	248.32014	637.02185	1154.71973	540.42218	149.48141	1000.10724	302.49149	340.27933	1074.77136	
346	3.450	271.57736	1445.01013	1318.22839	341.95828	1705.70313	1170.49158	417.83218	1588.01196	1268.03027	198.00026	1535.47632	1221.86475	524.59247	1489.35986	1129.65405	201.32411	1463.16394	1055.23254	358.73996	1351.22900	1146.06519	376.78470	1478.65234	988.63232	700.91370	1169.80859	1067.69531	159.85696	1160.45972	894.55792	778.60443	944.49518	1039.30652	151.09740	904.76208	859.19592	418.64584	1067.21814	1145.01721	290.95667	1053.23804	1127.95544	395.47943	999.45990	874.83002	612.92395	483.85400	995.14160	244.47182	636.21881	1163.15356	540.39325	149.47432	1000.29010	314.40262	330.82892	1099.35547	
347	3.460	268.55261	1444.16467	1326.84033	340.54239	1705.12866	1180.45203	415.69141	1587.29907	1278.47205	196.58145	1534.30627	1229.40930	524.09949	1488.00525	1143.21997	201.97185	1462.11047	1062.80005	357.69934	1349.65442	1155.77100	378.99463	1478.14856	998.62036	703.68896	1168.97327	1086.37305	163.02159	1160.63135	898.63501	783.75354	945.08240	1063.84534	156.22221	904.97144	859.33844	418.05820	1064.68542	1154.26746	289.34613	1051.97510	1136.49841	397.81717	999.70398	883.66846	611.69910	482.77509	1002.34229	240.25317	635.23444	1170.90881	539.95496	148.68817	1000.59082	323.12247	320.41119	1123.31458	
348	3.470	265.45782	1443.30054	1335.62866	340.46625	1703.58850	1189.68469	413.39560	1586.19800	1289.44751	194.92416	1533.74573	1237.18042	523.64618	1486.88977	1155.39014	202.72986	1461.59180	1070.41711	356.92609	1348.44128	1165.63013	380.68118	1476.98193	1008.82208	706.27875	1168.65625	1104.74023	166.39574	1160.12207	903.94574	787.48938	945.17395	1087.95996	161.29588	904.54199	860.22803	417.86893	1063.50134	1164.45300	289.68808	1050.62622	1144.58020	399.90158	998.89362	893.69849	610.61768	481.71243	1009.28925	235.60994	632.91779	1177.94080	540.25793	148.45834	1002.03003	331.72348	308.49124	1147.28113	
349	3.480	262.10489	1442.31409	1343.99634	338.88110	1702.62988	1199.62866	410.88593	1584.99902	1299.55408	193.04253	1532.90942	1245.06372	523.23083	1485.76208	1167.92419	202.84193	1460.38538	1078.50537	355.38800	1346.84558	1175.27966	381.92053	1476.05884	1018.95306	708.14075	1167.73914	1122.74585	169.86401	1159.90198	908.70203	790.81598	947.39209	1113.26965	165.63568	905.56982	862.48407	415.76721	1061.30469	1175.02197	287.89825	1048.97083	1153.28125	401.83359	999.02393	902.00891	608.46765	480.52420	1016.87262	230.98552	630.32935	1183.87219	541.25079	147.95694	1003.27832	338.80255	295.27890	1171.52686	
350	3.490	259.15637	1439.35071	1347.95703	337.61646	1702.06042	1209.20862	407.94458	1583.59851	1310.00464	191.37112	1531.46582	1251.87903	521.86414	1483.78125	1180.13977	203.08426	1459.29578	1086.07666	354.51166	1345.39478	1184.41504	383.18634	1474.98413	1029.05920	709.84851	1167.25842	1140.62000	172.41032	1159.88489	914.54681	792.83911	948.28583	1137.17285	170.07109	905.69739	865.14148	415.15091	1059.90125	1184.62634	287.25119	1047.89893	1162.34167	403.47321	997.56964	913.23578	606.02429	479.27274	1023.83423	227.34660	626.61682	1188.48865	541.18860	147.05072	1003.63446	344.37573	281.71979	1195.84705	
351	3.500	256.04141	1438.00781	1356.14258	337.22360	1700.52612	1218.26929	405.85251	1582.26062	1320.52563	189.00554	1530.98962	1259.23218	520.89325	1482.46204	1191.59619	203.24454	1457.94507	1094.47803	353.39838	1343.93896	1193.84033	383.56366	1474.19055	1038.75623	711.14484	1166.55725	1158.65845	175.73715	1158.80005	919.94275	795.01190	950.50751	1161.60645	174.58194	905.73340	869.17017	413.41104	1058.86230	1195.02893	286.00128	1046.53528	1171.97290	404.83777	996.82465	923.65479	603.42041	478.62070	1031.28259	223.66978	622.54095	1192.95801	541.52631	146.99240	1004.28003	348.30075	268.96451	1216.38159	
352	3.510	252.82683	1436.91418	1364.54822	335.61810	1699.22083	1227.42529	402.95575	1580.67627	1330.39368	187.58389	1529.59143	1266.92810	519.83813	1481.42126	1202.06873	202.99672	1456.40198	1102.49463	351.97678	1342.20801	1203.51697	384.07361	1472.73816	1048.20190	710.56635	1163.80615	1176.65271	178.11609	1158.33936	926.25854	795.35834	953.16211	1185.05859	178.79121	906.32654	873.53375	411.55008	1057.81299	1205.53784	284.90015	1045.55322	1181.62854	405.76331	995.91705	934.29016	601.52795	477.56180	1038.32385	222.05234	616.58051	1196.40332	542.01129	147.83907	1006.05713	350.49457	257.28568	1236.38171	
353	3.520	249.75201	1435.90491	1372.21606	335.64163	1697.77832	1236.65698	400.74670	1579.33679	1340.37878	185.99593	1528.47424	1273.98328	517.96533	1480.09204	1212.75269	202.27354	1454.89307	1110.82080	350.65826	1340.93799	1212.80493	383.61578	1471.65479	1058.14807	710.16431	1162.38818	1193.22144	181.03023	1157.38293	933.00836	795.07068	955.95721	1206.80664	182.75212	905.35803	879.12762	409.25928	1057.12634	1216.66345	282.82800	1045.14771	1191.86401	406.47287	994.15961	945.60095	599.71246	476.55652	1045.12256	221.49341	610.98315	1199.72998	542.63770	146.85843	1008.01477	351.98474	244.51587	1254.17200	
354	3.530	246.26173	1434.80493	1380.23621	334.21304	1696.60425	1245.84631	397.83005	1577.88745	1350.49646	183.56879	1527.59131	1281.60986	516.80438	1479.11926	1222.73828	201.22641	1453.38562	1119.67236	349.36987	1339.77625	1222.38293	383.19406	1469.76648	1066.94580	709.57471	1161.28625	1209.98035	182.93274	1156.39246	939.97729	795.17041	959.58081	1230.21912	185.81941	904.63031	885.47858	408.00500	1056.19226	1227.67310	280.61703	1044.52356	1202.27356	406.45349	992.15973	956.40021	597.05249	474.35086	1051.94958	222.07532	605.12860	1203.26196	542.93347	146.53580	1008.65076	353.04300	232.24913	1270.99939	
355	3.540	243.43660	1433.77930	1387.79114	333.62848	1695.36719	1254.34619	395.78448	1576.62756	1359.74695	181.45172	1527.35742	1289.15576	515.04407	1477.74121	1232.17871	199.94833	1452.09045	1127.83521	347.33777	1338.91711	1231.62988	382.20837	1468.79370	1076.04895	708.43726	1160.70862	1225.32178	184.19077	1155.30457	948.03784	794.06335	963.70050	1252.47253	188.58720	904.19141	892.46948	405.62073	1055.18555	1238.01196	278.93411	1043.52844	1213.06494	406.69577	990.26416	967.63562	594.90869	473.63879	1059.09851	223.59853	599.02808	1206.92468	542.37421	145.75851	1010.78345	352.93060	219.58298	1286.71570	
356	3.550	240.47980	1432.92883	1395.95398	331.16275	1695.18262	1263.70435	393.00183	1575.30017	1369.10400	180.48862	1526.73511	1296.08459	513.49078	1476.75891	1241.51758	198.47641	1450.91467	1136.37952	346.11960	1338.42358	1241.15088	381.19186	1466.37952	1085.11572	706.38507	1160.22668	1238.32666	186.37126	1153.77734	956.46442	791.42267	966.12738	1273.10632	190.88739	903.47656	900.05554	403.68784	1054.74255	1250.05200	277.26419	1042.62451	1223.79211	406.17526	988.17664	978.36652	592.88666	472.44254	1066.42578	226.63187	592.36987	1210.28271	543.56238	145.57486	1012.88843	352.48886	206.45784	1301.63818	
357	3.560	237.47899	1432.17883	1403.70776	331.44763	1693.81433	1271.96753	390.98303	1574.18884	1377.58325	177.59676	1526.71216	1304.11865	511.38031	1475.81885	1250.04700	196.69125	1449.49927	1144.69189	343.54807	1337.78784	1250.60681	379.17145	1465.34265	1093.97437	703.16705	1158.28101	1249.72937	187.49353	1152.09436	965.01447	788.90625	971.81476	1293.93994	193.41266	901.56982	908.64276	402.39102	1054.31531	1261.13660	275.50589	1041.46960	1234.39624	405.97931	986.19305	990.72400	590.39355	472.01901	1074.35413	230.60924	586.26990	1213.69214	543.75903	145.86642	1015.48163	351.98709	193.58350	1316.54907	
358	3.570	234.47263	1431.25146	1411.37305	328.64868	1693.27405	1280.99377	388.33295	1573.24634	1385.99658	175.43118	1525.94385	1311.67712	509.63251	1475.14197	1258.00244	194.92108	1448.34387	1152.94556	341.47913	1337.25525	1260.29468	377.60135	1463.22827	1102.89575	701.19775	1158.93665	1261.84521	188.38243	1150.56409	974.12238	785.94025	975.83752	1313.34290	195.28246	900.28717	916.82617	400.21024	1052.93384	1273.09302	274.02652	1039.47034	1245.42615	405.06088	984.18243	1001.86304	588.92468	471.56000	1081.78918	234.61031	580.86859	1217.82605	543.60895	146.86189	1018.29297	348.54843	183.59483	1326.80872	
359	3.580	231.97377	1431.01697	1419.02759	327.52182	1692.61340	1288.92151	386.41217	1572.26270	1394.70752	173.27602	1526.04980	1319.38745	507.69339	1474.24194	1266.58435	192.71289	1447.23657	1161.29761	339.10013	1336.84814	1269.70642	375.53024	1461.59961	1111.27905	696.93958	1156.49573	1272.61890	188.70734	1148.22327	983.80115	782.67767	980.13403	1332.34241	196.60965	898.82855	926.32324	398.31052	1052.70667	1284.01221	272.00497	1038.15796	1256.68005	403.04242	981.57642	1014.50494	586.86407	471.83484	1088.97839	239.73296	576.53284	1222.19983	543.58728	145.59077	1021.23273	346.33694	174.78062	1334.42847	
360	3.590	229.12512	1430.50732	1427.47058	324.91739	1692.35608	1297.12378	383.57001	1571.61377	1402.70679	168.90523	1526.57080	1328.62073	505.04071	1473.73901	1274.75720	190.16933	1445.86670	1169.57800	337.12772	1336.63489	1278.85168	373.14362	1460.14624	1119.91394	691.08160	1153.06360	1283.29907	188.43141	1146.03076	993.82477	778.36078	983.26154	1348.85144	198.56912	896.16425	936.31458	396.70593	1051.70374	1295.96741	269.98969	1036.57153	1268.01807	401.19122	979.13153	1025.80090	584.93750	472.15662	1097.57471	245.33113	572.04346	1226.12573	544.02881	146.16249	1024.72314	344.28281	169.21744	1338.78003	
361	3.600	226.28242	1431.53674	1435.55603	322.88199	1691.39050	1304.61267	381.39005	1571.69019	1410.90186	166.81494	1526.30542	1336.71045	502.68057	1473.14990	1282.58728	187.47238	1445.08350	1178.03296	334.32990	1336.26025	1288.20667	370.47806	1458.86707	1128.21387	686.46686	1150.71655	1293.23145	187.19992	1143.74146	1004.24207	774.27362	987.60516	1368.02539	197.57265	895.01648	946.86298	394.24420	1051.03223	1306.79114	268.04608	1035.16309	1279.40417	398.55612	977.14429	1038.07715	581.96375	472.66501	1106.08606	249.99580	568.93201	1231.16675	544.29071	147.27722	1027.86670	342.59482	165.71483	1340.01221	
362	3.610	223.49800	1431.87769	1444.06677	321.00497	1692.30493	1312.51318	378.81622	1571.74268	1418.80786	163.87703	1527.01111	1346.10889	499.36401	1473.00977	1291.52466	185.01414	1443.76709	1186.12903	331.81882	1336.24475	1297.10461	367.92291	1458.03687	1136.27454	681.37274	1149.04846	1303.06494	185.30830	1140.79419	1014.86383	768.88342	991.28381	1383.10608	198.36241	892.54211	958.73468	391.99518	1050.66504	1318.57581	265.84576	1033.84314	1290.01953	395.77344	975.66418	1049.00867	578.60126	473.94391	1116.56409	254.55148	566.97028	1235.84009	544.87280	148.87396	1032.96631	342.34976	163.30432	1341.96606	
363	3.620	220.73112	1432.24011	1452.60901				375.95013	1572.52576	1426.72925	161.00873	1526.61987	1354.04419	496.97806	1473.87744	1298.81714	182.18178	1443.09570	1194.55408	329.36942	1336.69263	1305.72534	365.17661	1457.49243	1144.16943	675.48492	1147.47278	1313.00513	183.52324	1138.20081	1026.36011	763.15875	994.43256	1398.63220	197.94839	890.16632	969.97083	389.55084	1050.43542	1329.22363	263.62460	1032.80066	1300.17859	394.00513	974.13281	1059.56250	570.18866	477.18130	1132.65112	258.63266	567.27197	1242.05115	545.14447	151.09308	1039.11597	340.66144	161.25064	1344.04993	
364	3.630	217.59276	1433.54175	1461.83240				373.36938	1573.17102	1434.76404	157.53896	1528.65881	1364.50781	494.18985	1474.21423	1308.24426	180.10999	1443.17212	1202.73572	327.28030	1337.75977	1314.24500	363.07712	1457.75098	1152.60535	670.31982	1147.14795	1323.12549	180.78044	1135.35010	1037.54919	757.20361	998.12305	1412.69849	195.87279	887.52374	981.79309	387.37088	1049.44116	1339.21106	261.04449	1032.64294	1310.00842	392.88251	973.57910	1069.89648	559.02130	478.38049	1153.44397	261.70831	570.21619	1249.25818	545.92792	155.15112	1047.24573	339.24771	159.84694	1345.35742	
365	3.640	214.54454	1435.09949	1470.16663				370.30765	1574.13635	1442.40283	154.72676	1529.44495	1371.55933	491.43518	1475.20215	1316.70874	178.02914	1442.88391	1211.13123	325.48392	1338.13525	1322.53601	360.66165	1458.08826	1160.91687	664.68323	1147.41187	1334.12976	177.04871	1133.46887	1049.51880	750.65948	1000.51166	1426.11218	194.59044	885.20209	995.35089	384.18066	1049.90613	1349.23303	258.78088	1032.15991	1319.82727	391.79648	972.18042	1080.94702	546.65662	477.96530	1176.05933	265.35138	574.41919	1257.87488	546.79712	158.84793	1057.69092	337.36530	159.91965	1346.07068	
366	3.650	211.92416	1435.80652	1478.68250				367.35245	1574.97180	1450.21973	151.82228	1529.95142	1379.71179	488.40594	1476.18494	1325.56006	175.63638	1442.42517	1219.06348	322.98764	1338.02441	1331.42664	358.05374	1458.14917	1169.23328	659.98181	1147.91638	1343.83008	173.36108	1131.73193	1062.16199	743.17108	1003.34161	1439.92358	191.77559	882.73383	1009.13586	381.16367	1050.04834	1358.74622	255.42673	1033.69348	1328.88708	390.66586	971.20880	1091.55933	542.70282	481.22049	1203.92493	266.25928	579.81671	1267.34851	548.12585	165.23560	1071.59436	336.17020	161.34821	1346.20703	
367	3.660	208.35530	1437.47803	1487.52686				364.28970	1575.43311	1457.30481	148.81595	1530.88574	1387.53162	485.42508	1477.14331	1335.30310	173.39978	1442.30774	1227.21350	320.21606	1338.15027	1339.86096	356.36948	1458.05493	1177.25220	654.75262	1147.89465	1353.83716	169.51244	1129.60474	1074.37390	735.51459	1004.98602	1451.18774	188.55199	880.59625	1023.40369	378.26364	1050.87207	1367.49036	253.36945	1035.79248	1337.46643	389.43350	970.76605	1101.36487	543.30847	482.71164	1233.31226	266.25128	584.04828	1275.86157				334.08542	163.68073	1346.68335	
368	3.670	204.90013	1438.09668	1496.33862				361.60825	1576.87146	1464.79590	145.76659	1530.46423	1395.22522	482.87976	1479.46704	1345.09900	171.70453	1442.24475	1234.89111	317.56332	1338.38159	1348.33142	353.99460	1458.62915	1185.48865	649.95441	1148.02417	1363.15234	166.01369	1128.07056	1086.33691	727.66046	1007.04742	1463.26892	184.36111	877.85333	1039.16565	375.04028	1052.57434	1376.33716	249.85674	1037.62732	1345.90344	388.22714	970.46735	1112.08838	543.11627	482.44211	1261.47791	264.89996	588.04962	1285.35681				333.20035	166.08368	1347.10425	
369	3.680	201.57568	1439.52039	1504.55835				358.37958	1576.94507	1472.73608	142.02827	1530.80640	1402.84351	479.36084	1479.18958	1353.51465	169.56114	1442.54736	1242.38708	314.79251	1338.75769	1356.68213	352.40533	1458.38281	1193.45178	644.09247	1148.24719	1373.32593	162.17139	1125.96863	1098.61731	719.10583	1007.96149	1473.70740	180.17178	875.31122	1055.17627	371.99899	1054.63379	1385.83606	247.06822	1040.16809	1354.02344	388.15216	969.54987	1122.39478	544.10846	482.70380	1289.20508	263.62476	590.22321	1293.87878				332.28217	167.15518	1347.74841	
370	3.690	199.05643	1439.80200	1511.38318				354.56158	1577.57043	1478.84644	138.95818	1530.50928	1409.93518	476.28976	1480.07507	1361.70422	167.79211	1442.37915	1249.82202	310.91226	1339.06592	1362.82813	350.49448	1458.72070	1201.17163	638.50781	1148.17554	1382.02136	158.18436	1124.82104	1110.30090	710.29797	1009.26947	1485.54504	175.30763	872.67432	1072.25720	369.06708	1056.10779	1394.64099	245.11299	1043.01709	1362.00378	387.25607	969.19861	1132.70056	546.28827	484.47751	1316.70337	262.04968	591.38306	1302.32117				331.05460	168.34027	1348.50293	
371	3.700	195.69626	1440.26868	1518.98303				351.03839	1578.69604	1486.54114	136.24791	1530.27832	1415.81995	474.21619	1481.80554	1371.06274	165.87595	1443.37305	1257.20972	309.01035	1339.68909	1372.70361	348.76447	1459.59631	1209.20691	632.73834	1147.99561	1391.53638	154.44702	1123.14355	1121.25745	701.43408	1008.74048	1496.42920	170.87358	871.07666	1089.19800	366.17627	1057.80115	1404.69824	242.01381	1045.48083	1370.54053	386.82648	968.90027	1142.52283	546.83856	484.40491	1344.83972	259.41840	591.40717	1311.20825				330.25842	168.65619	1349.12073	
372	3.710	192.76266	1441.02173	1525.19800				347.48691	1580.14966	1494.84058	132.39856	1531.06726	1424.38782	471.59451	1483.24780	1379.12329	164.08646	1443.86499	1264.34985	306.28992	1340.95129	1380.52002	347.04758	1460.10559	1216.77161	626.88739	1147.58032	1401.01514	150.55461	1122.26831	1133.51563	691.56970	1007.83533	1504.67834	166.08676	868.91901	1105.98743	363.44019	1059.54321	1414.08496	238.86737	1046.99329	1378.28577	386.53101	969.07422	1151.84937	545.73303	483.15634	1371.74060	257.69016	590.38397	1320.48572				329.52661	168.52469	1349.77087	
373	3.720	189.31735	1441.88245	1532.69861				343.86551	1581.92358	1502.91284	129.48688	1532.48328	1431.41174	468.92206	1484.89990	1387.65430	162.43216	1445.12415	1270.89197	303.52060	1343.22070	1390.53076	345.41470	1461.23120	1224.89990	620.82410	1148.13110	1410.82446	146.40692	1121.55249	1144.84900	682.00433	1007.09747	1515.94629	160.82028	867.02069	1123.09131	360.52228	1060.73108	1423.64917	237.22546	1048.49341	1386.43359	386.30438	970.38452	1162.78894	546.53406	483.04907	1398.48767	254.47668	589.50684	1328.57532				329.28159	168.57776	1350.15881	
374	3.730	185.59941	1442.57996	1540.64685				339.65463	1583.68176	1511.72144	126.75945	1533.11060	1437.72607	466.70718	1488.72705	1398.29626	161.29361	1445.93945	1277.20313	300.91998	1345.31689	1399.74573	343.43240	1462.30750	1232.80688	615.48480	1148.97632	1420.14905	142.73462	1121.34778	1155.40845	671.56854	1004.72540	1524.11646	155.57974	866.68604	1139.74451	358.48825	1062.56055	1433.75244	233.95808	1049.19507	1394.79065	385.06168	971.59845	1172.35059	545.61865	482.31277	1425.62341	250.78714	589.10968	1336.22571				329.39520	169.07002	1351.74365	
375	3.740	182.55460	1443.53369	1547.30066				336.21109	1585.42346	1519.45801				463.72528	1489.18054	1404.93823	158.63957	1447.91296	1284.20276	298.09058	1348.10229	1408.13379	341.92426	1464.25024	1240.76416	609.37360	1149.63367	1430.58716	138.92314	1121.53149	1166.44165	661.78625	1003.71368	1533.03845	150.59969	865.87238	1156.30066	355.35529	1064.34827	1443.02881	231.90482	1050.90894	1403.40002	383.78796	973.35455	1182.24133	544.04279	481.94064	1452.67029	246.59776	587.81555	1343.12329	530.93701	214.39052	1247.40906	330.15137	168.94951	1353.19592	
376	3.750	179.44745	1444.29724	1554.18079	119.45879	1535.29895	1453.16772	332.35431	1586.89795	1527.59741				460.58469	1491.30408	1414.28198	156.70934	1449.66492	1290.65332	295.27307	1349.98645	1417.58521	339.55548	1466.58484	1248.84778	603.36096	1151.47510	1440.29565	134.16893	1122.70435	1176.81165	651.55164	1001.49463	1540.41223	144.58719	865.68683	1172.42383	353.19162	1066.61841	1452.95117	229.83064	1052.09448	1410.72021	382.81339	975.61279	1191.29163	541.65784	481.76328	1478.97729	242.15623	586.87390	1349.00293				330.77481	169.05927	1355.62708	
377	3.760	176.27026	1445.94849	1561.06506				328.61246	1588.91382	1535.54688				457.05844	1493.83765	1422.67639	154.62518	1451.75635	1297.41333	291.63467	1353.31238	1427.21948	337.00253	1468.61865	1256.95679	597.20599	1152.74744	1450.21692	131.38124	1123.93518	1186.71680	641.22327	999.05060	1548.03748	139.88356	866.59161	1188.38782	350.34274	1069.23962	1461.06958	226.98073	1054.06042	1419.10181	381.87540	978.24237	1200.09424	537.40265	484.69547	1504.94153	236.84888	586.83160	1354.74597	520.67920	222.12376	1298.60535	331.84219	169.08138	1358.14905	
378	3.770	172.55969	1447.54309	1568.45984	112.53170	1538.69556	1467.10388	324.82565	1591.30261	1543.47864				453.81107	1496.79395	1431.96729	151.99234	1454.12109	1304.38538	289.15100	1353.50806	1427.18555	334.69034	1470.78430	1264.75610	591.94366	1154.67639	1458.36218	128.08908	1125.58508	1196.97302	632.01288	997.13831	1555.11719	133.25380	868.59918	1202.99792	348.28528	1072.27551	1471.69714	225.42108	1056.37927	1428.12756	381.45386	980.43506	1209.72815	530.64935	493.56442	1529.54456	231.30725	586.72174	1359.22314	514.16516	224.23083	1324.20947	333.36459	167.68463	1360.58044	
379	3.780	168.94519	1449.21594	1575.09424	109.17562	1539.96118	1474.41711	320.45755	1593.39429	1551.57654				450.36969	1501.20984	1441.79053	148.87929	1456.20410	1311.40601	286.61774	1355.63525	1434.74744	332.52588	1473.51978	1272.64014	585.59558	1157.06091	1468.17737	124.50538	1127.90076	1207.13965	622.44104	994.59497	1561.32764	128.55190	870.55273	1217.67529	345.23578	1075.77844	1480.77087	222.93745	1058.05139	1437.08228	380.99216	983.39093	1219.01501	522.98492	503.03149	1552.98718	226.09212	586.50739	1362.13123	507.60196	227.90715	1352.17981	334.72186	167.15343	1363.96936	
380	3.790	165.56767	1450.93616	1581.81372	105.91135	1541.76770	1481.40955	316.64059	1595.35986	1559.51636				446.27505	1502.89490	1448.88074	146.38724	1459.05835	1318.38135	283.51013	1357.53906	1441.04456	329.70789	1476.42114	1281.04773	581.07281	1159.96765	1476.74011	122.12432	1130.26831	1217.26514	614.79767	993.28693	1569.07410	122.38237	873.87231	1232.01392	343.03464	1078.93555	1489.83325	220.83548	1059.66235	1446.16174	381.56250	986.30121	1228.66406	514.56256	513.51691	1575.37061	221.02548	586.04352	1363.66821	500.96014	230.56944	1380.58215	334.84320	166.38522	1366.29932	
381	3.800	160.88370	1453.26111	1591.30310	101.34261	1544.47888	1490.78699	312.96219	1597.78748	1567.81238				443.51016	1505.85510	1457.80920	143.92876	1461.73962	1325.66077	280.07495	1360.05798	1448.97839	326.33008	1478.25110	1288.91223	575.41315	1162.38440	1486.23523	119.01055	1133.28638	1227.69019	605.88965	991.13147	1575.58655	116.85182	876.82111	1245.53027	340.50616	1081.98535	1498.90686	218.51982	1062.80969	1454.88171	381.07529	988.99347	1236.97302	506.93228	524.45251	1597.96167	216.19669	585.86322	1364.20667	494.26529	232.86115	1409.71387	334.41669	166.87349	1368.20947	
382	3.810	157.61542	1455.26404	1598.94421	98.78203	1546.31079	1495.93945	309.06784	1599.84082	1575.74817				439.49030	1509.22644	1467.14014	141.02475	1464.12598	1333.12195	277.41544	1362.41516	1456.40869	324.37985	1480.51819	1296.96423	571.57239	1165.29785	1495.75183	115.62468	1135.23706	1237.62366	598.03290	988.53345	1580.30786	111.17661	880.38336	1258.71033	338.52612	1085.32788	1507.67725	217.74838	1065.55737	1462.88843	381.10178	991.54950	1247.70581	498.16974	534.22980	1618.87842	211.73378	585.06116	1363.94507	486.62598	233.66286	1439.12634	333.56296	167.36197	1370.24280	
383	3.820	154.20381	1457.42749	1606.25427	93.95482	1547.42041	1505.85779	305.87201	1601.51123	1580.09387				434.58749	1511.23828	1476.40735	139.03754	1465.55774	1340.23401	274.16504	1364.93518	1465.15771	323.11362	1482.35706	1305.40369	566.17731	1167.13000	1504.64783	113.03957	1137.33521	1246.99292	590.89868	986.77765	1585.00317	104.63410	884.29175	1272.53857	335.89780	1088.34570	1517.15344	215.65729	1067.87366	1469.82434	381.21796	993.59296	1256.76013	489.48895	542.99884	1638.81348	206.04062	584.14728	1363.28394	479.16824	232.93843	1468.16211	333.28928	167.34787	1373.50378	
384	3.830	150.28444	1458.98096	1614.10986	90.82085	1549.66125	1512.48547	301.61337	1603.19153	1588.49402				431.06558	1512.98572	1484.63416	131.98793	1469.51953	1348.60986	271.18140	1366.99585	1471.83435	319.02606	1484.17053	1313.29956	561.65717	1169.10034	1514.48169	110.34192	1138.96301	1256.47217	583.61847	984.01636	1590.12329	99.08292	887.10168	1285.08264	333.57443	1091.01794	1525.91895	214.34309	1070.52747	1478.46558	380.83615	995.53918	1266.47095	480.07602	551.57288	1656.98865	202.33890	582.88226	1362.58008	471.50931	231.72902	1497.65613	332.91901	167.37170	1375.12244	
385	3.840	146.08994	1460.97632	1622.07300	88.02109	1551.19531	1518.60632	298.28928	1604.81714	1595.29529				427.83798	1515.52649	1493.90869				267.18961	1368.85657	1481.37549	316.84949	1485.58508	1321.93225	557.64850	1171.85205	1523.66357	107.51073	1141.05688	1265.07593	577.73303	981.90417	1595.01538	92.95674	890.59338	1298.11560	330.46652	1093.05554	1534.27307	211.15126	1071.35889	1486.08228	381.26743	997.01929	1276.55591	471.53159	559.60846	1674.42310	198.49913	581.92920	1361.10120				331.54788	167.59235	1377.92053	
386	3.850	142.39723	1462.47144	1629.67053	82.91418	1552.74487	1528.93921	294.34302	1606.81042	1603.10657				423.20734	1516.01807	1503.25525	127.93784	1472.41809	1358.80676	263.32547	1369.94141	1489.79700	313.16983	1486.49500	1330.23206	554.12811	1173.19690	1533.93127	104.62660	1142.76929	1273.80115	572.16406	979.59009	1599.62646	85.96458	894.61365	1310.56738	327.86136	1095.20898	1544.95190	209.19839	1073.52112	1494.07629	381.32419	998.25354	1286.69348	464.01498	567.10870	1690.21643	194.20045	581.28625	1359.32642	457.67212	228.43546	1560.20471	330.35135	167.83839	1379.78857	
387	3.860	138.30237	1464.72522	1638.53882	80.38512	1554.19641	1534.02124	290.28421	1607.83215	1611.35767				418.91278	1516.90991	1512.71851	125.35013	1473.27209	1365.46643	259.90326	1370.90088	1498.26440	309.37289	1487.30212	1338.62866	550.96661	1174.98767	1544.07983	100.50879	1144.46338	1282.08447	567.20752	976.74658	1602.79773	79.75564	898.02228	1323.42358	324.53418	1096.77625	1553.56055	206.48643	1074.73022	1502.77661	380.92368	999.73395	1295.84827	455.56693	572.80493	1703.67383	190.79324	581.56793	1357.61792	450.75967	226.17900	1591.59363	328.30408	168.41418	1381.68616	
388	3.870	134.65987	1466.05750	1646.88831	75.28381	1555.40796	1544.21387	286.70428	1609.13550	1618.70300				415.73102	1517.64355	1522.10205	122.32829	1474.08142	1373.18958	255.95964	1372.03894	1506.34314	308.28278	1487.65234	1346.28711	548.38312	1176.77185	1554.74744	96.29807	1146.12793	1290.36316	563.86310	974.42932	1608.45654	73.34270	900.41730	1335.43005	321.49179	1097.85742	1562.82654	203.58432	1075.58118	1510.50635	380.71863	1000.31860	1305.67407	449.12653	575.61823	1716.94897	188.33524	582.10181	1357.46204	442.87631	225.36969	1622.54785	326.47104	168.57065	1383.30322	
389	3.880	130.62614	1467.77405	1655.33374	72.41223	1555.71240	1551.07959	282.22681	1610.54285	1628.00952				411.30286	1517.89026	1531.45349	119.40105	1474.11304	1380.98694	251.74197	1372.74731	1515.25403	303.73782	1487.56494	1354.48706	545.89783	1177.82190	1565.60059	92.12432	1146.15759	1298.53149	561.61426	971.52271	1614.40039	67.11234	902.39880	1347.67444	318.15286	1098.90808	1572.68994	200.10197	1075.36731	1518.13074	380.58484	1000.45087	1315.81543	442.11780	578.51288	1730.62036	186.64790	584.10345	1357.21692				323.19858	169.22574	1384.93774	
390	3.890	126.22604	1468.36584	1663.91162				278.89386	1611.75867	1635.28430				407.22534	1518.08032	1541.40222	116.16473	1474.87585	1389.09753	247.57664	1372.62317	1523.84412	301.72394	1487.96436	1364.28381	543.30133	1178.66284	1576.85535	87.83791	1145.45447	1306.24744	559.40497	968.17529	1618.83215	60.48985	904.08417	1359.11108	314.26459	1098.25635	1580.56152	197.23030	1074.74402	1525.26575	380.62253	1000.65369	1326.44153	433.72156	579.64801	1743.16577	186.37320	586.38068	1359.88599				320.01749	169.53445	1385.89075	
391	3.900	122.20661	1468.64026	1672.04968	64.15886	1557.21204	1567.66211	274.67657	1612.14307	1643.65906				403.55148	1517.84814	1550.93799	113.91093	1474.55640	1395.80359	243.55063	1372.83740	1531.95972	298.06418	1487.51367	1372.83276	541.01709	1179.32520	1586.81067	84.04388	1144.95264	1313.88757	558.56677	965.43719	1623.59583	54.19091	905.53632	1370.86511	310.20941	1098.85681	1591.27710	194.61281	1074.22864	1534.55896	379.84515	1000.79663	1336.70593	426.34979	579.60840	1755.79028	186.97482	587.54053	1362.42261				316.20834	168.86484	1386.92773	
392	3.910	118.72006	1468.88574	1679.56323				270.91632	1612.06226	1651.72485				399.44568	1517.61890	1560.57520	110.98112	1474.09094	1404.77356	239.79758	1372.90686	1541.06592	296.06754	1486.74255	1381.33154	538.78186	1180.02844	1597.60620	79.07278	1144.01526	1321.96155	557.93512	962.07178	1629.52148	47.54315	905.18225	1381.44458	306.22549	1097.82349	1600.09277	191.16649	1072.64001	1542.38977	379.50778	1000.64594	1346.92065	418.47440	577.97107	1765.37964	187.97041	587.74725	1365.82190	413.15662	220.47604	1749.76575	312.40170	168.52597	1387.93542	
393	3.920	113.80961	1470.19116	1690.36694	56.66498	1556.78198	1584.30847	267.20438	1612.39343	1660.28687				395.40988	1517.05054	1570.53040	108.25638	1473.56824	1412.41248	235.80022	1371.90356	1549.79443	292.73871	1486.37305	1391.01074	535.62042	1180.21936	1607.59277	74.57345	1143.14636	1330.84534	558.53442	959.55914	1636.44873	41.23105	905.30951	1392.70911	302.33566	1096.47437	1609.02136	186.97072	1070.50574	1549.55005	379.48474	1000.47900	1357.54175	411.16782	574.69171	1773.35266	189.32050	588.05090	1368.62268	404.49667	219.98831	1779.75269	308.96811	167.16014	1388.03992	
394	3.930	110.79993	1469.41602	1698.22546	53.08706	1556.11084	1592.99280	262.45807	1612.49585	1670.06189				391.44843	1516.69092	1580.93091	104.80972	1473.05176	1420.54431	232.11398	1371.22485	1558.18311	289.96671	1485.78613	1400.19336	532.30017	1180.12891	1617.47021	69.18034	1142.55945	1339.98157	558.46472	956.81561	1641.82422	34.90607	905.10889	1403.02075	297.59464	1095.49292	1619.43835	182.81528	1069.08191	1558.10339	379.08377	1000.30182	1368.13062	403.38843	572.38910	1781.68567	191.38474	586.85229	1372.35315	396.41370	217.07677	1807.27454	305.45886	165.78775	1388.74133	
395	3.940	106.07457	1469.42322	1707.53210				258.94971	1612.18164	1678.10767				387.73166	1515.85852	1590.71716	102.13876	1472.15417	1428.57959	228.18407	1370.74182	1567.39636	286.59009	1485.37122	1409.74292	528.29193	1178.22717	1626.22107	64.81854	1141.71472	1349.56628	559.65790	953.87158	1647.24170	28.88649	903.91071	1413.37964	293.64682	1094.26587	1627.43140	178.97563	1067.23499	1565.50330	378.36154	1000.27094	1378.50073	396.62692	568.94586	1790.14746	192.14822	585.41669	1375.97522	388.41074	216.59578	1836.82605	303.39825	163.43443	1389.65479	
396	3.950	101.90125	1468.64063	1715.65173				254.45236	1611.53186	1687.64673				383.15552	1515.28748	1601.36511	99.27705	1470.74304	1436.97205	224.55875	1369.75635	1575.62952	284.46185	1483.90369	1418.49451	525.09204	1177.78003	1636.88159	60.04362	1140.63269	1358.96753	561.34778	951.45477	1654.06201	22.47130	903.32489	1424.39978	288.71109	1092.48352	1633.28760	176.01573	1066.24268	1576.64392	376.66003	999.41681	1389.49219	388.80090	564.87421	1796.03503	193.58641	583.08734	1379.63599	379.46887	214.80165	1863.58716	302.87549	159.81242	1389.60217	
397	3.960	97.76125	1468.45288	1725.17712				250.84908	1611.17432	1696.88574				379.45291	1514.38464	1611.45703	96.05901	1469.00537	1446.64258	221.22214	1368.41553	1585.17285	281.67743	1483.33264	1428.73096	520.73468	1176.32288	1646.54700	55.72493	1139.97156	1368.60840	563.45178	947.10754	1654.76001	16.04281	901.67755	1434.78027	283.94662	1091.43506	1642.98193	172.51323	1065.14807	1584.17932	375.45718	998.79382	1399.80237	385.08731	558.98291	1803.61621	194.58514	580.40863	1384.09778	370.72354	215.30843	1890.53638	301.88232	157.60645	1390.26355	
398	3.970	94.80785	1466.86731	1733.77551				246.30804	1610.88416	1706.82080				374.97784	1513.13416	1622.05334	93.30848	1467.87036	1454.70532	217.23528	1367.33618	1595.11218				517.22827	1176.02100	1656.39868	51.07828	1138.22510	1377.94861	565.63971	945.21405	1661.26843	10.15480	900.20288	1444.49951	279.76974	1089.22131	1651.51953	168.27647	1063.60034	1592.91333	374.42172	998.05573	1410.60876	374.88794	552.93622	1800.73816	195.56548	578.68475	1388.33997	362.36353	216.09439	1915.09229	301.91913	155.84326	1390.65430	
399	3.980	90.71204	1465.59229	1742.39819				242.63632	1608.58618	1715.25842				370.84970	1512.58887	1632.32800	90.16631	1465.71436	1463.17004	213.82300	1366.01294	1604.28467				513.95123	1175.19226	1665.75903	46.95450	1136.55957	1388.18750	567.16644	944.41614	1668.54602	4.00687	898.73975	1454.02905	274.94717	1088.04517	1662.58264	164.27060	1062.45374	1601.45496	372.20108	997.90332	1420.70667	368.96051	548.10144	1804.81287	195.94739	576.57001	1391.72668	353.61404	219.06036	1938.75647	302.67212	153.83592	1390.26990	
400	3.990							238.26366	1608.42480	1726.13220				365.94940	1510.89478	1643.46191	86.55665	1464.66479	1473.20190	210.26924	1364.10486	1614.61353							43.36438	1134.80200	1397.62231	569.29645	942.96198	1675.60889	-1.81683	897.20941	1463.01965	270.97470	1086.64880	1672.82568	160.96289	1060.96765	1609.47742	370.73145	997.05133	1432.99719	363.55197	544.05585	1808.04858	195.78546	575.43481	1396.13281	345.46442	224.56494	1959.72766	303.55563	152.99350	1390.71887	
401	4.000	82.42500	1462.30994	1760.55725				234.78117	1606.37329	1734.95313				361.96582	1509.78174	1653.80383	83.38999	1462.17285	1482.75732	207.03372	1361.75171	1622.99976				507.58377	1173.37366	1687.14722	39.77090	1132.75427	1406.86499	571.06372	941.60840	1682.38049	-7.45663	895.81097	1473.55908	265.68756	1085.52332	1682.77502	157.33638	1060.17688	1619.20801	368.80740	995.31146	1443.34192	356.92297	541.61902	1813.14612	195.89182	574.58380	1399.76892	337.55344	231.06926	1977.59839	303.85831	152.81599	1390.65576	
402	4.010	78.82247	1460.99170	1770.65381				230.03749	1605.34045	1745.29602				357.30072	1508.17590	1663.70276				202.46718	1360.54028	1633.96973				504.36703	1172.29968	1697.31470	36.70137	1130.82983	1416.52197	572.85754	940.59216	1688.36084	-12.72140	894.45026	1482.85559	261.86417	1083.42078	1692.38574	153.18077	1058.48145	1628.70154	367.00064	994.31207	1454.05469	351.08612	538.90625	1817.05261	195.55251	574.40204	1403.28345	328.54376	239.91353	1995.93958	304.25757	152.40836	1390.18140	
403	4.020	74.07571	1459.48914	1780.47681				226.50128	1602.98584	1755.43237				353.32306	1506.50122	1674.81885				198.73148	1358.46936	1644.54309				502.06314	1171.24194	1708.46033	32.78242	1129.36243	1426.99817	574.08624	940.34882	1695.94617	-17.49552	893.13135	1492.23438	257.49783	1082.48718	1704.18616	148.96034	1055.75635	1636.84131	364.83255	992.50983	1465.30127	345.01886	538.13873	1823.69531	194.91397	574.66943	1407.38477	320.35938	248.65746	2014.06921	305.28064	151.39534	1390.04651	
404	4.030	69.51457	1457.86243	1789.80884				221.67363	1601.30457	1765.97192				348.20667	1505.53052	1686.66638				194.00757	1356.33374	1654.83838				499.81787	1170.01514	1719.56384	29.53843	1127.15454	1436.83826	575.22272	939.83185	1703.40137	-22.50381	892.13910	1503.52368	252.85219	1080.88318	1713.84290	145.22159	1054.43103	1647.68274	362.42078	990.95239	1476.65942	341.63113	537.31134	1834.60022	194.07648	574.54401	1411.49219	311.61053	257.93155	2031.91223	305.32571	151.15295	1389.75073	
405	4.040	65.80511	1456.17773	1800.52185	164.64272	1709.89441	1654.31995	218.08691	1599.40869	1776.05396				344.04730	1503.32861	1698.22632				190.05298	1354.66809	1665.34509				497.97714	1168.15491	1728.37769	25.76693	1125.79724	1444.38818	576.75690	939.43994	1711.60486	-27.23747	891.11920	1513.16846	249.98245	1078.85254	1724.11121	141.32957	1052.89954	1658.37183	359.88312	988.92212	1487.65137	335.63748	534.02783	1840.27087	193.77779	574.55139	1415.77368	303.78671	265.49570	2048.13135	304.82214	149.94884	1389.52051	
406	4.050	61.25666	1454.29968	1811.20667	160.76268	1708.16479	1665.95105	213.65276	1597.82886	1787.23303				339.80200	1501.26392	1709.81677				186.76178	1352.29895	1675.49341				495.57767	1167.14832	1739.49902	22.38732	1123.43506	1455.05444	578.21802	938.48352	1719.46985	-31.96957	888.95374	1522.73413	245.85905	1077.53125	1734.94885	138.00618	1051.06873	1668.01843	356.70764	986.45166	1499.43237	329.17322	531.32239	1850.76807	192.31680	575.10272	1421.04211	297.50574	274.30560	2066.39526	304.41290	150.00163	1389.06055	
407	4.060	56.88293	1452.25549	1820.38721	157.38568	1705.55701	1675.54492	209.25600	1596.01135	1797.69934				335.97522	1499.09766	1720.47668	62.62775	1450.79175	1540.92615	182.09387	1350.45361	1685.99170				494.80170	1165.68970	1749.80554	19.42953	1120.97742	1466.27795	579.48938	938.49103	1727.96533	-36.01445	887.35858	1531.43420	241.79997	1076.05322	1747.28430	134.95953	1048.92517	1679.16028	353.74670	984.33154	1510.43884	324.36472	527.38971	1858.72461	191.14575	573.97003	1427.20239	290.79065	280.03671	2079.83325	303.65543	152.27130	1388.59583	
408	4.070	52.33609	1451.15271	1832.18164	153.40578	1703.74683	1686.30750	205.43481	1594.35095	1809.00586				331.68192	1496.95984	1732.49280				178.67734	1348.23340	1697.42432				492.68317	1165.49683	1761.67798	16.58636	1118.87036	1475.79858	580.61694	937.82788	1736.11951	-40.28536	885.51929	1540.88379	238.50838	1073.71008	1758.08105	131.51494	1046.23938	1689.93579	350.47614	981.61279	1521.08350	318.11743	525.32037	1872.12500	189.07750	573.42389	1433.10510	283.38351	284.96982	2092.70239	303.18951	153.00607	1389.13953	
409	4.080	47.76968	1449.32910	1843.31433	149.37560	1701.84973	1697.71045	200.38426	1592.53223	1820.16382				327.35229	1494.88831	1744.10193				173.86050	1346.10632	1708.51428				491.83386	1163.75098	1772.08252	13.59772	1116.26477	1485.21875	581.77710	937.14453	1744.81274	-44.52512	883.82758	1551.34204	235.63040	1071.23901	1768.94507	127.65286	1044.89758	1702.14368	346.01642	978.95380	1532.94336	314.14041	523.66852	1884.42212	186.87752	572.65375	1441.69592	276.16455	289.50146	2105.80444	302.56964	154.09416	1389.74121	
410	4.090	43.20292	1447.16882	1853.32227	145.31041	1700.39856	1709.12439	196.45488	1590.73596	1832.25952				323.81696	1492.72937	1754.34998				170.22023	1344.15283	1720.70215				490.02567	1163.02478	1783.90063	10.46249	1113.34778	1496.79321	582.32739	936.57697	1754.10120	-48.24350	881.08380	1558.63367	231.33440	1069.18115	1781.89709	124.49726	1042.09558	1713.18384	341.70285	976.42010	1544.30127	308.22021	521.40167	1897.24536	183.77002	571.76270	1450.71802	270.22208	292.36938	2118.88354	302.28052	155.40289	1390.98767	
411	4.100	38.95382	1445.67285	1865.63000	141.94072	1698.21838	1719.52637	192.06442	1588.32507	1842.58923				319.36484	1491.07849	1766.77087				165.69487	1341.94202	1731.79150				489.75781	1161.65991	1793.62378	7.90892	1111.27454	1504.71423	582.69312	936.30798	1762.43127	-51.91190	879.06891	1567.11621	227.69019	1067.02991	1793.71973	120.60281	1039.83789	1725.52356	337.66101	973.88232	1555.49121	302.41528	520.93164	1910.04468	180.93713	569.98328	1461.03381	262.17020	295.90985	2131.65063	301.60352	156.52351	1392.53125	
412	4.110	34.38869	1443.89185	1876.03772	137.71130	1696.66077	1731.62231	187.86063	1586.78162	1855.04211				316.18256	1488.28784	1776.39026				162.06604	1339.84875	1743.76331				488.08536	1160.61023	1804.89270	4.94252	1109.52515	1514.25110	582.49854	936.37677	1771.86267	-55.37098	876.01044	1575.49500	223.91026	1065.31665	1805.44348				332.22287	971.62231	1567.13489	296.05252	519.44379	1923.18701	176.71428	568.80286	1471.39685	255.76334	296.40720	2142.03198	301.93362	157.20296	1393.44458	
413	4.120	30.01724	1442.33289	1887.47180	134.15804	1694.29089	1741.93665	183.38037	1584.95764	1866.10864				311.91794	1486.55908	1789.12964	112.87939	1035.46936	1749.58948	157.69130	1337.78491	1755.33801				487.25031	1159.39209	1814.99109	1.50830	1107.36841	1523.85022	582.64117	935.00043	1781.09302	-58.76968	873.76691	1582.71899	220.14850	1063.50488	1816.91699				327.92993	969.73145	1579.24768	289.83649	519.78851	1937.59705	173.52007	566.20831	1482.88477	248.89308	296.91144	2152.64673	301.93301	158.31857	1395.90198	
414	4.130	25.60945	1440.76306	1899.32263	130.29057	1692.53320	1754.38037	179.23703	1583.20911	1877.97974				307.95419	1484.10339	1800.39783	108.78591	1032.51526	1762.35461	153.63885	1336.04944	1767.95972				485.88138	1158.17883	1825.33521	-2.11411	1105.09961	1534.01062	581.73535	934.95282	1790.67664	-62.13365	870.87872	1592.12561	215.86459	1061.16357	1829.25049				322.90012	967.99506	1591.44373	284.58295	519.30280	1949.88660	168.82076	563.73425	1494.32446	240.87515	298.18387	2163.86304	302.11578	159.66321	1398.30823	
415	4.140	20.96256	1438.84912	1910.05469	126.08690	1690.58167	1765.94250	175.24550	1581.28931	1889.42456				303.99048	1482.64856	1812.29333	104.16525	1030.50415	1774.48157	149.40895	1333.64307	1779.28479				484.54770	1156.91650	1835.81934	-5.95378	1102.95117	1544.16797	580.58875	934.29620	1800.34375	-65.20786	867.76825	1598.75940	211.28217	1059.01733	1842.35364				317.88168	966.23474	1604.27405	278.43292	518.02374	1963.77515	163.88258	560.87469	1505.08398	232.88942	298.34103	2175.87256	302.15680	161.64217	1400.96716	
416	4.150	16.78284	1437.67542	1922.95288	122.46112	1689.18066	1777.85608	170.79507	1579.37793	1901.23938				300.10196	1480.13953	1824.32556	98.87195	1028.91272	1787.95911	144.93152	1332.69226	1792.68323				484.18820	1159.14697	1850.82312	-9.80272	1100.98181	1554.11230	579.39325	933.43225	1808.94360	-67.84807	865.14941	1607.62891	206.55049	1057.74902	1855.10229				313.78387	964.22107	1617.92334	272.38007	515.96783	1975.14331	159.22548	559.37018	1515.93726	226.87534	295.66232	2185.24976	301.64020	162.99332	1404.05872	
417	4.160	11.97611	1435.92761	1933.44128	118.07047	1687.40833	1789.16040	166.70450	1577.97009	1913.80591				296.10242	1478.37878	1835.51123	94.11719	1026.08289	1800.96887	140.34868	1330.65076	1804.40161				482.10434	1157.65649	1860.76709	-13.59539	1099.58740	1564.22498	577.25995	932.11127	1819.15894	-70.90032	862.64160	1615.07251	201.74158	1055.63867	1866.81848				309.28088	962.96503	1631.47351	267.17313	512.93439	1988.18103	154.83926	554.90881	1528.99658	219.34785	294.00198	2196.25098	300.57098	165.86253	1408.11975	
418	4.170	8.03259	1434.93408	1946.28259	114.54779	1686.09717	1802.24158	162.00783	1576.52991	1925.17444				292.54617	1476.45569	1848.14331	88.02387	1024.72156	1814.87585	136.33614	1329.13428	1817.86865				479.69531	1157.03979	1871.55286	-17.59014	1097.92053	1574.90503	575.70874	931.20276	1828.90747	-73.62988	860.13660	1621.75183	195.81726	1053.83264	1880.64746				304.96448	961.51251	1645.53833	260.39706	510.05182	2000.61572	149.76506	552.72003	1541.34619	211.45891	292.11136	2206.41089	300.59860	168.55220	1412.65283	
419	4.180	3.01930	1433.24951	1957.21692	110.69417	1685.03467	1813.01611	157.94733	1575.26404	1937.82336				288.77481	1474.73022	1860.80505	82.63570	1022.63556	1827.86206	131.57457	1328.32629	1830.81543				476.95886	1155.73328	1881.68616	-21.60306	1096.43445	1584.97705	573.10358	930.88721	1839.20471	-76.25092	857.34808	1629.94739	189.36586	1052.92285	1894.97925				299.08386	959.90521	1659.34521	256.89883	506.31000	2012.98047	144.58777	549.79260	1555.97668	204.32574	288.55722	2216.46191	299.48038	172.02051	1416.54968	
420	4.190	-0.88928	1432.61426	1969.95996	106.78556	1683.42297	1824.71667	153.73384	1573.70764	1949.82214				284.62003	1473.11877	1872.96558	76.39011	1021.38129	1841.65405	127.31181	1327.09753	1843.06543				473.15060	1152.50073	1889.50586	-25.52559	1095.35706	1595.75720	569.66962	929.42413	1849.71692	-78.66441	855.06848	1637.90112	182.83656	1051.01965	1909.60632				294.31989	958.96857	1674.85815	250.67735	501.00595	2023.67175	139.43169	547.77057	1569.81653	197.11595	283.81400	2226.12842	298.75549	175.19948	1421.62048	
421	4.200	-5.30686	1431.19763	1979.91724	103.08718	1683.25464	1837.65320	149.69020	1572.54688	1960.89526				280.59225	1472.09436	1886.13477	69.99847	1020.43628	1855.13684	123.05367	1326.72986	1857.53735				470.79099	1153.75342	1904.37451	-29.63089	1094.83789	1605.90833	566.22131	927.64929	1859.83655	-81.18916	852.81293	1645.55615	176.30029	1049.70618	1923.58643				289.78195	958.27142	1689.05896	246.54146	496.20663	2034.77490	133.84309	545.27771	1584.66125	188.66150	278.48160	2236.82349	297.98364	179.90157	1428.46912	
422	4.210	-9.49538	1431.41528	1992.66077	98.28079	1682.89429	1849.86096	145.35919	1572.88757	1974.70996				277.25409	1471.43726	1899.07703	63.78010	1019.37140	1867.82166	118.66853	1326.04773	1869.17700				467.21375	1152.72046	1915.33081	-33.47621	1094.14087	1615.82861	562.68225	926.97925	1870.84521	-83.82911	850.77734	1654.28381	169.81235	1047.66650	1937.52722				286.07959	957.63135	1703.54431	241.48659	490.13333	2043.18518	128.75089	543.51086	1598.54700	183.35271	270.06299	2242.68286	296.04413	183.95560	1434.35925	
423	4.220	-14.68637	1431.21472	2004.27051	93.97253	1683.87939	1862.91699	140.15561	1573.32300	1986.87622				273.11334	1471.12646	1912.37256	57.26575	1019.05817	1881.80127	114.26882	1327.28345	1881.96448				463.04184	1151.98279	1926.78528	-36.98664	1094.28247	1627.58179	557.41595	926.03131	1881.30408	-86.12952	849.51172	1661.28076	163.95105	1046.43677	1949.93738				282.89520	958.14331	1718.02759	237.93402	487.86392	2052.98975	123.72254	540.93414	1614.08643	174.89680	260.88553	2249.62817	294.66895	189.45909	1442.38013	
424	4.230	-18.99038	1431.52075	2016.10168	89.64159	1684.88855	1876.17456	135.59091	1573.34998	1999.32007				268.56424	1470.62122	1924.00403	51.82608	1018.32703	1893.75757	109.01926	1327.72986	1893.84460				458.97134	1151.72986	1939.79663	-40.61845	1094.63245	1638.14099	552.28503	926.08020	1894.16785	-88.36752	848.06335	1670.92065	157.89189	1045.92236	1964.46985				279.57474	959.14435	1732.02844	235.10378	488.36078	2062.49756	118.60580	540.01807	1628.37549	167.24744	252.58554	2258.41333	291.92487	195.38348	1449.19495	
425	4.240	-24.07945	1431.75488	2027.26196	84.90866	1685.34827	1888.08093	130.67514	1574.29199	2012.95459				263.84738	1470.89648	1936.53455	46.76207	1017.72247	1905.69470	103.94048	1328.58557	1906.70374				453.77759	1151.78174	1953.26672	-43.93169	1095.56995	1650.72742	546.92218	925.04614	1904.65845	-90.45345	848.01038	1679.06714	152.36855	1045.72314	1976.63953				275.87579	960.02069	1745.22229	232.47639	492.89340	2075.62134	113.59667	539.03717	1644.54053	158.34406	241.32742	2263.94751	288.93756	202.21353	1457.74658	
426	4.250	-28.72093	1432.60986	2038.77710	81.28014	1685.60364	1901.42700	125.72010	1574.66296	2024.47302				258.96732	1471.84167	1949.42957	42.13927	1017.84839	1917.42517	98.86507	1328.57959	1917.18579				448.11868	1152.31287	1966.23743	-47.43904	1097.11255	1661.69434	540.53827	925.71704	1918.39453	-92.37605	848.40698	1688.32874	147.94397	1046.58887	1988.42688				271.17374	960.03699	1757.61914	228.82452	496.04041	2084.49316	108.71455	538.78369	1661.26685	148.64458	229.95522	2266.42944	282.24704	212.27887	1466.35559	
427	4.260	-33.42066	1433.52405	2050.31714	77.58109	1686.08740	1912.69275	121.52758	1574.89941	2037.04175				253.76808	1472.30029	1960.53516	37.91751	1017.77667	1928.89478	94.15735	1330.13818	1930.88416				442.90186	1152.79089	1980.08862	-50.83727	1098.14099	1675.23279	533.44543	925.54114	1931.63232	-93.78157	848.88678	1698.99707	143.36540	1048.13684	1998.80530				267.30780	960.71417	1770.06201	222.62973	500.96271	2096.32080	103.46531	538.15179	1678.91626	141.55914	218.41458	2267.88623	272.99155	224.20081	1475.82324	
428	4.270	-38.50193	1434.01904	2061.49927	73.75806	1686.34570	1923.25684	117.01138	1575.55933	2048.53784				248.95818	1474.04834	1973.09741	34.61671	1018.37708	1940.23193	89.23499	1330.32666	1941.12317				436.32266	1153.59131	1993.42712	-54.25753	1099.32983	1686.05627	526.50543	926.12384	1945.19275	-95.10857	850.31573	1711.25549	139.50229	1050.58313	2009.62561				262.77295	961.01740	1780.85535	213.94089	504.09641	2106.38306	98.39578	538.19574	1696.19775	134.68253	208.68364	2268.75122	262.85812	236.27107	1490.76538	
429	4.280	-43.02380	1435.20776	2073.38232	70.40527	1687.24951	1935.33240	112.39661	1576.16077	2060.06641				243.99142	1474.31055	1983.31921	31.45626	1018.73828	1950.07214	85.23986	1331.57458	1953.64697				430.45938	1154.32983	2007.07349	-57.86763	1100.57385	1699.21729	519.09900	926.15527	1959.94263	-95.96542	851.71960	1722.91370	136.01988	1053.01331	2018.54407				257.91428	961.04706	1791.07678	206.46506	507.97339	2121.19409	93.41805	537.41766	1712.60608	129.18788	197.80937	2267.78784	248.33656	250.48529	1507.46875	
430	4.290	-47.97917	1436.05334	2084.30542	66.00042	1687.53577	1945.32373	108.50640	1576.92419	2071.49951				239.32347	1476.43811	1994.81750	28.09947	1021.06793	1961.22339	80.52641	1332.48462	1963.55103				423.48499	1155.22534	2020.65967	-62.03896	1102.02258	1712.86462	511.10178	925.73456	1974.09668	-96.86898	852.71667	1736.31653	132.31119	1055.35889	2028.48511				253.01599	961.28754	1798.52002	199.20930	509.22946	2134.16113	87.95759	537.44598	1734.12585	123.99984	188.71709	2266.94312	235.12245	263.29996	1525.99890	
431	4.300	-52.05394	1437.54236	2095.94189	61.99190	1688.90112	1957.49036	104.19686	1577.76355	2081.52588				234.63623	1477.82092	2004.47473	24.93049	1022.93823	1970.34387	76.30853	1334.30017	1974.85535				417.07550	1155.95178	2033.37878	-66.01836	1103.67505	1725.28833	502.28558	926.01422	1990.96985	-97.70087	854.04205	1750.08289	129.14166	1057.03467	2037.73413				248.04466	961.04156	1808.74146	191.23462	511.77521	2149.06812	82.56269	536.01495	1752.19543	119.64136	183.01773	2265.99023	220.81059	276.07129	1546.15430	
432	4.310	-56.39056	1438.39160	2106.08960	56.65302	1690.46582	1967.78992	100.13544	1579.30945	2092.79443				230.03999	1479.47485	2014.63818	21.34829	1025.63708	1980.13635	71.60380	1335.98804	1985.08020				410.03275	1156.74915	2047.05933	-70.12470	1105.18665	1737.79431	494.63873	924.63354	2003.96399	-98.07462	855.07074	1764.30420	125.62249	1059.54358	2048.32446				243.63187	960.64569	1820.53845	183.51807	514.26257	2162.98706	77.00523	536.41278	1772.13123	117.73122	177.55946	2262.16333	205.99416	289.09799	1566.93542	
433	4.320	-60.04227	1439.73193	2116.81348	51.73341	1692.48096	1980.53210	95.68185	1580.23682	2102.28906				225.50204	1481.77026	2025.35266	18.03551	1028.25806	1988.12964	65.81184	1338.46545	1995.28625				402.88333	1157.29565	2060.45801	-73.90296	1106.67236	1750.65894	485.44986	924.42181	2021.15942	-98.33062	853.28577	1773.60620	122.32223	1060.64636	2056.86157				239.33600	962.13153	1828.80542	176.80551	516.83771	2173.78467	70.37950	535.18445	1793.69934	115.21224	173.72130	2258.68481	190.36212	304.07187	1588.55920	
434	4.330	-63.87317	1440.18335	2126.38232	46.62702	1694.56323	1990.96277	91.65093	1582.03394	2113.28296				221.07338	1483.47632	2033.61902	13.47329	1031.33533	1997.44482	60.44412	1340.82751	2004.37195				395.84134	1158.38501	2072.74268	-77.20698	1108.88171	1761.21289	476.54517	923.77081	2036.19580	-98.09624	854.66266	1787.18640	118.19138	1063.27197	2066.88989				235.36336	964.47430	1835.01343	171.08176	519.49451	2183.17334	63.32941	535.27856	1815.29236	113.68352	172.67587	2255.34448	174.84572	317.17758	1613.71326	
435	4.340	-67.06632	1441.25293	2135.66357	41.27172	1697.09338	2000.60779	87.23737	1583.04944	2122.16724				216.36581	1485.69788	2045.01343	9.26520	1033.62866	2005.78723	54.98690	1343.63220	2014.22058				388.58646	1159.43445	2085.81787	-79.79505	1110.94934	1772.43604	465.99731	923.45245	2053.15112	-97.11511	856.97333	1799.19104	114.08528	1065.34460	2075.65625				231.77492	967.23364	1847.45349	166.87885	524.56305	2193.55835	55.31027	535.60809	1839.01929	112.23909	173.15121	2251.40161	159.53334	329.82416	1639.47437	
436	4.350	-70.84067	1442.31750	2144.93530	36.17897	1699.36938	2012.47278	83.21819	1584.88586	2132.12573				211.72531	1488.08203	2053.56543	4.08979	1036.78918	2014.85376	49.63691	1346.78442	2023.94092				380.77350	1161.36206	2098.47778	-82.48153	1113.96619	1781.38367	455.37299	924.25342	2070.56836	-96.31019	859.93781	1811.41357	109.15199	1068.33984	2084.33569				228.00888	970.59656	1854.99426	164.61931	528.31024	2200.79956	45.86448	538.29211	1862.30920	111.01015	174.32219	2246.00854	144.50603	342.16528	1665.52954	
437	4.360	-74.54978	1443.35522	2153.69312	31.27289	1701.88892	2021.98230	79.01387	1587.01660	2140.94263				206.82970	1490.38928	2062.32031	-0.21288	1038.88232	2022.85913	44.36636	1350.16492	2033.18787				372.06653	1159.66736	2106.08667	-84.65368	1117.57825	1790.78137	444.44940	924.58392	2087.39209	-95.54343	863.48322	1821.73718	104.31727	1071.34338	2091.82129				224.04022	974.01813	1862.55701	165.20709	531.75415	2207.43530	35.75439	540.25983	1890.54346	110.64065	177.26268	2241.92847	129.56235	353.21741	1694.70630	
438	4.370	-77.97655	1445.06580	2162.54272	25.47732	1704.37146	2031.76697	74.58809	1588.99573	2149.54395				202.12448	1493.87817	2072.41309	-4.94124	1041.46777	2031.10669	39.14772	1353.31433	2042.28772				363.23233	1161.63635	2118.41309	-86.93100	1121.39343	1797.99915	433.27237	924.72827	2104.19873	-95.43892	867.54553	1831.28113	99.33843	1074.40417	2099.63208				219.85266	977.81036	1869.38379	166.30832	534.49609	2213.46753	23.88944	543.28339	1917.87598	109.62665	179.91701	2237.42920	115.26041	364.28583	1721.21350	
439	4.380	-82.44486	1446.86328	2171.47412	20.38308	1707.09888	2040.80566	70.05505	1591.35596	2159.41968				197.55960	1496.14136	2081.24414	-9.98578	1044.31799	2039.58093	34.27979	1356.17468	2050.60571				355.60971	1163.22424	2129.40942	-89.16998	1125.43579	1804.94165	421.43915	926.40741	2121.33887	-95.48713	871.87799	1839.27710	94.64736	1077.24731	2107.39502				215.68594	981.54779	1878.94421	167.98215	535.85504	2219.33813	11.86119	549.21814	1944.25562	109.49040	183.00958	2233.90552	100.13560	373.82581	1750.77551	
440	4.390	-86.42898	1448.42407	2179.61060	15.50199	1709.40210	2050.93994	66.14981	1593.78247	2167.66919				192.84764	1499.46179	2089.16675	-14.42995	1047.14868	2047.58447	29.96866	1359.07910	2058.11230				347.20264	1165.99805	2141.70776	-91.41541	1128.79456	1812.11584	408.82327	927.86859	2138.26367	-95.40085	875.70398	1846.52197	90.79612	1080.73816	2115.35376				211.51930	984.37683	1887.47766	171.08566	535.72656	2223.15698	-2.33865	557.48889	1972.76563	109.19454	183.97105	2229.56689	85.02561	382.31381	1779.01538	
441	4.400	-90.49216	1450.12634	2188.18872	10.46961	1712.50574	2060.90381	61.43415	1595.48157	2175.85742				188.22501	1502.19287	2098.94458	-18.61961	1049.70911	2055.15454	25.58598	1361.53430	2066.17725				338.65540	1167.84070	2153.31274	-94.01831	1132.50061	1819.13525	396.07446	929.62878	2155.66846	-96.57158	878.76886	1852.86987	86.26046	1083.72485	2124.64331				207.16595	987.46704	1894.41199	174.56659	535.53339	2226.89404	-16.97605	565.66803	1998.85938	109.06693	185.61955	2225.84106	69.84682	390.14496	1807.59143	
442	4.410	-94.57714	1452.20251	2196.34448	6.07674	1714.47449	2069.05225	56.71088	1598.14209	2185.37524				183.93311	1504.98413	2107.65723	-22.78979	1053.78955	2062.93042	21.74224	1364.50403	2074.13037				330.41632	1170.50793	2164.79834	-96.69642	1135.82410	1825.02405	382.47659	933.07452	2173.64453	-97.43957	882.97394	1859.37646	82.08665	1087.04651	2131.99243				202.40936	991.42505	1902.36475	178.34685	535.39813	2230.36108	-32.02593	574.29816	2027.72119	109.10738	187.45992	2224.04565	55.52788	396.27209	1836.62671	
443	4.420	-99.23831	1454.24988	2204.89502	1.74037	1716.54346	2077.52271	51.47578	1600.75452	2195.79053				179.30850	1506.62964	2115.38306	-26.86435	1057.11987	2071.37085	17.96625	1366.64563	2081.99756				321.77457	1172.19470	2176.15967	-99.20917	1139.48682	1830.54077	369.31363	935.79620	2191.00122	-99.20822	886.17419	1864.73792	77.99655	1089.42749	2139.58862				197.78333	994.63245	1910.87170	182.72238	535.26575	2232.69897	-47.18439	584.55536	2054.09082	110.22651	187.78682	2221.53125	41.29923	400.96527	1863.55017	
444	4.430	-103.25251	1455.45447	2212.42041	-2.77040	1718.76270	2086.75000	46.75446	1602.61975	2204.30981				175.52675	1508.66797	2123.24097	-31.24604	1060.25793	2080.28418	13.84941	1368.96838	2089.31567				312.67746	1173.94043	2187.77637	-101.53567	1142.79810	1836.22461	356.04605	939.30682	2208.06396	-100.16322	888.97644	1869.77209	74.15109	1092.47375	2148.04028				192.65201	997.62982	1913.43396	187.77272	534.19824	2233.74146	-61.67683	595.43713	2078.29688	111.00569	188.04895	2219.85864	26.66446	404.44800	1890.99756	
445	4.440	-107.61259	1457.02832	2220.41333	-6.78020	1720.85413	2095.19556	42.49617	1604.75537	2212.18115				171.39725	1510.56604	2132.84497	-34.99931	1061.83630	2087.56421	10.03949	1370.42822	2095.74316				304.39554	1175.18176	2198.32935	-103.58604	1145.74414	1842.11536	342.10980	943.86078	2225.65039	-101.26001	891.62573	1875.04565	69.92394	1094.66650	2156.42017				187.61049	999.66895	1921.48230	192.93391	532.46460	2234.02832	-74.86957	608.40387	2099.25757	111.97733	188.91879	2220.33228	11.65915	405.89319	1918.43103	
446	4.450	-111.78036	1458.79016	2227.76538	-11.14143	1722.63562	2103.74731	38.36312	1606.54309	2220.99561				167.50064	1512.19678	2139.95532				6.01708	1372.56860	2103.09790				295.79584	1176.20886	2208.91528	-105.68161	1148.79272	1848.04468	328.42145	947.82684	2242.27148	-103.12491	894.72418	1881.03674	65.23772	1096.80835	2164.89893				182.61725	1001.52490	1929.48730	199.15979	532.27155	2236.42139	-87.24821	620.39374	2112.31323	112.54111	188.19646	2220.02661	-3.24864	407.02371	1946.08044	
447	4.460	-116.36078	1460.32227	2235.87866	-15.15129	1724.12451	2111.81445	34.16916	1607.57153	2229.26929				163.10649	1514.09155	2149.04639	-43.65660	1065.89172	2102.41724	2.14063	1374.39246	2110.48999				287.92908	1176.16614	2219.08472	-107.90727	1151.51880	1853.80420	314.77170	951.52771	2258.05957	-104.42688	897.06055	1887.18335	61.22786	1097.40955	2171.72607							204.89932	528.71802	2235.02930	-100.03982	631.35968	2122.55420	114.77870	188.21495	2220.22949	-17.11324	406.31790	1972.60022	
448	4.470	-120.80508	1461.58301	2243.97485	-18.82126	1725.16443	2121.12036	29.62395	1608.68774	2237.65063				159.57561	1515.44775	2157.51514	-48.31765	1067.13599	2109.92798	-0.94851	1376.29810	2117.76025				280.04260	1175.94946	2228.89893	-109.78872	1153.50806	1859.52014	302.07901	954.27637	2272.39941	-106.52486	900.67938	1894.81531	56.49782	1098.75403	2179.74390							208.58192	526.75818	2231.86963	-112.15759	639.95270	2134.76147	116.11384	185.59058	2218.44189	-30.97811	405.08804	1998.60645	
449	4.480	-125.04711	1462.17334	2251.49438				25.44619	1609.60217	2246.26855				155.93190	1515.63245	2164.41895	-52.94880	1068.08887	2117.67554	-4.58798	1377.47327	2125.10327				273.08231	1175.34473	2236.96069	-112.02216	1155.06213	1867.10107	289.17926	957.75867	2287.03882	-109.46012	903.69763	1903.36609	52.17291	1098.86401	2187.46167							212.11969	523.30780	2228.06274	-123.54486	650.97205	2141.30225				-45.06395	403.81482	2023.09753	
450	4.490	-129.22626	1462.90369	2259.00244	-25.88058	1726.89258	2136.72949	21.53876	1610.11462	2254.80640				151.85925	1516.29712	2173.24585	-57.70256	1068.03406	2125.54175	-8.94498	1378.85242	2132.62524				265.36707	1174.87280	2246.13208	-114.12797	1157.02844	1873.69568	275.96835	961.61353	2302.89282	-111.50730	906.42883	1913.02222	47.42913	1099.36804	2195.79834							216.33270	521.80212	2224.77783	-134.16885	658.38501	2149.50879				-58.78626	400.07025	2047.32617	
451	4.500	-133.00662	1462.99097	2266.21118	-29.23711	1727.42896	2145.66138	17.27960	1610.61951	2263.03149				148.57024	1516.78125	2181.10645	-62.77142	1067.88708	2133.12720	-12.66883	1379.62842	2138.87158				258.34137	1173.66223	2254.36060	-116.68439	1158.39050	1879.96204	264.21298	964.27161	2315.43896				42.54473	1099.35779	2203.75342							220.10432	519.03241	2220.93042	-144.59154	664.90356	2156.13721				-72.36449	394.90750	2071.96021	
452	4.510	-136.72765	1463.14392	2273.40503	-32.76744	1727.65491	2153.76392	13.27712	1610.80481	2271.51099				145.01279	1516.30579	2188.00659	-68.05840	1068.51343	2140.88330	-17.04692	1380.13171	2146.09155				251.22913	1172.30164	2261.79761	-118.50027	1160.27332	1886.94946	251.41048	967.48578	2328.56055				37.84811	1098.61658	2210.75928							222.84488	518.31439	2216.90796	-151.98222	667.68164	2167.63550				-86.35890	390.38315	2094.26538	
453	4.520	-140.65767	1462.57141	2280.72437	-35.88914	1727.46741	2162.08716	9.73185	1609.96228	2279.82471				141.50485	1516.45581	2196.28125				-20.98470	1380.76819	2152.91064				243.59985	1171.72046	2270.60449	-120.65544	1161.45886	1894.39624	240.02126	969.97510	2341.66455				32.96459	1097.36023	2217.72437							223.70253	516.85901	2211.76270	-161.12299	672.98096	2173.27588				-100.60989	384.55344	2116.27612	
454	4.530	-144.33765	1462.15979	2288.10596				6.34568	1609.36157	2287.34790				138.43114	1516.20923	2203.94165				-25.46713	1380.95544	2160.27490				236.73177	1170.47742	2278.26367	-122.75773	1162.70618	1901.42310	228.59325	972.20166	2354.17798				27.50138	1097.06091	2224.63306							224.29973	517.98627	2209.10938	-168.40030	674.70721	2180.92236				-113.67796	376.72305	2140.24438	
455	4.540	-147.32912	1461.12036	2294.14307	-42.31080	1726.95032	2179.19409	2.70721	1608.37964	2295.84351				134.34958	1515.52075	2210.94287	-84.69522	1068.94653	2164.21411	-29.60315	1381.49658	2167.21924				229.11646	1169.71960	2287.10840	-124.76120	1164.03516	1908.87500	217.17621	974.01544	2365.41162				21.95083	1097.23291	2231.80835							221.57381	518.26758	2205.13843	-175.27425	675.16974	2188.46533				-126.99015	368.09137	2159.78784	
456	4.550	-150.65138	1459.70337	2300.91675	-44.86481	1726.37085	2187.56177	-0.76852	1607.35681	2304.30664				130.96840	1514.37085	2217.57031	-90.62009	1069.66064	2170.73511	-34.10722	1381.20703	2174.21143				222.36383	1167.88940	2294.84814	-126.62582	1165.31140	1915.22974	207.06041	976.52795	2376.45239				16.32684	1097.40186	2239.32031							219.22018	518.75085	2202.91626	-181.61658	674.43707	2195.03394				-140.26677	360.16049	2179.75244	
457	4.560	-153.55809	1458.01648	2307.73804	-48.38103	1725.73755	2196.65967	-3.65123	1605.43738	2311.93750				127.41058	1513.75305	2225.44971	-96.01501	1069.81909	2177.42969	-38.48598	1381.10669	2180.71387				215.14592	1166.58069	2303.18457	-129.27496	1166.40686	1921.97510	196.50687	978.21631	2388.05908				10.56292	1097.82959	2246.77173							216.13730	518.53827	2202.46753	-187.42183	672.32312	2201.19556				-153.37344	349.14835	2198.43604	
458	4.570	-156.09358	1455.84119	2313.99243	-51.18194	1724.81665	2205.04834	-6.43210	1603.72607	2319.42847				123.90877	1512.92822	2232.59351				-42.74562	1381.05750	2187.27319				208.14763	1165.53735	2311.24731	-131.51161	1167.52649	1928.48718	185.98679	979.49225	2398.55176				4.47245	1099.50989	2254.78174							211.57722	517.96198	2200.79102	-193.33940	668.97461	2207.25610				-165.04549	338.31110	2221.16455	
459	4.580				-54.18438	1723.42383	2213.15527	-9.67127	1602.36951	2327.24316				120.37096	1511.44214	2238.61646										201.35873	1164.07751	2319.43359	-134.35686	1168.88525	1933.93201	176.66916	980.79858	2408.91919				-1.77522	1099.72974	2261.14209							208.11940	517.91534	2201.91211	-198.33142	664.78113	2212.71118				-176.41455	324.87457	2243.54663	
460	4.590				-57.13578	1722.35022	2221.31812	-12.15333	1599.83069	2334.06396				116.96004	1509.58423	2244.46191										194.77242	1162.33154	2327.82813	-137.27126	1169.47424	1938.93762	167.94449	981.73535	2418.67578				-8.54565	1100.31812	2267.84229							203.49049	516.94092	2201.89600							-186.37065	311.26614	2260.56616	
461	4.600				-60.32691	1720.85217	2229.38721	-15.09277	1597.72217	2341.23633				113.47788	1507.73999	2250.47559										188.90131	1160.37598	2335.22388	-140.83754	1169.68420	1944.05603	159.40019	981.38550	2427.51831				-14.64502	1101.31470	2275.69360							197.87457	518.68933	2204.83960							-194.95984	296.97910	2275.46826	
462	4.610				-63.28181	1719.36340	2236.81274	-17.93707	1595.93433	2348.21313				110.01624	1505.96338	2257.03662										182.73677	1158.48132	2342.95776	-144.61549	1169.90417	1947.57922	151.76613	980.08173	2436.05298				-21.64452	1101.93347	2283.49463							193.79366	518.69757	2207.58911							-201.85141	279.91205	2290.87354	
463	4.620				-66.50861	1717.60559	2243.98926	-20.42410	1593.54529	2354.17578				106.77091	1503.98840	2262.96802										177.22015	1155.96277	2350.09424	-148.18918	1169.51355	1952.69373	145.33336	978.49188	2444.12549				-28.30326	1101.37793	2289.81445							187.13882	517.86163	2209.49976										
464	4.630				-69.46877	1715.89270	2250.32935	-23.07853	1590.93774	2360.25439				103.13628	1501.89575	2268.84033										171.66898	1153.79602	2357.69629	-151.95670	1169.07849	1957.05762	139.05266	976.02167	2452.71460				-34.99802	1101.45105	2297.91772							180.08710	518.92627	2213.06250										
465	4.640				-71.89936	1713.41675	2255.88965	-25.41344	1589.02295	2365.45923				99.46591	1499.36548	2274.10303										166.74113	1151.29211	2364.80347	-156.04912	1167.88306	1961.40039	133.85973	972.59674	2459.76831				-41.96870	1101.65430	2306.48315							172.38898	518.82666	2218.80005										
466	4.650				-75.00974	1711.61987	2261.78760	-28.27580	1586.90076	2371.10132				96.23232	1496.21692	2279.01294										162.03380	1148.54749	2372.12646	-160.45686	1166.55981	1964.89478	128.79594	969.04224	2467.33765				-48.69181	1100.09302	2313.11523							163.81386	518.08502	2225.49756										
467	4.660				-77.93359	1709.72217	2266.90552	-31.09729	1585.41357	2376.20776				93.00352	1493.87476	2284.10522										157.26408	1145.96765	2379.04492	-165.10449	1164.78674	1970.67017	125.11002	963.85370	2473.11768				-54.84337	1098.52429	2320.71094							151.35178	516.90472	2229.86792										
468	4.670				-80.96939	1708.52734	2271.41748	-34.39553	1584.24255	2381.73730				90.69329	1491.14307	2288.53467										153.09114	1143.01001	2385.69116	-169.86694	1162.52026	1974.86755	121.53942	957.70667	2478.92822				-60.23573	1096.49854	2328.32568							138.85754	514.67273	2238.50830										
469	4.680				-85.54111	1708.22412	2277.60596	-38.12847	1583.95300	2387.32520				88.05088	1489.35437	2293.94263										148.97806	1140.36121	2392.40332	-174.90289	1159.96301	1980.34058	118.27161	952.13483	2484.31177				-65.58791	1094.06201	2336.44678							125.95663	512.20569	2246.95044										
470	4.690				-91.27370	1709.20044	2284.71216	-41.91740	1584.16357	2392.80737				85.47773	1487.97083	2298.65552										145.03091	1138.08472	2399.28223	-179.88658	1157.69165	1986.95215	115.38719	946.34027	2488.72485				-70.47662	1090.47266	2343.28662							112.53557	508.23163	2256.55078										
471	4.700				-96.13374	1709.53479	2290.51270	-46.26725	1584.99414	2398.84570				81.54077	1486.99207	2304.88379										141.63011	1136.29272	2405.65015	-184.96333	1156.43872	1993.26306	112.93807	939.94446	2492.22534				-75.21932	1087.16199	2348.62720							98.75840	504.93121	2267.21704										
472	4.710				-101.09740	1710.27954	2296.09668	-50.39170	1585.38184	2404.05640				77.42603	1486.32751	2310.84790										138.06851	1136.33765	2412.22827	-190.19452	1156.10815	2001.28406	110.80510	934.36664	2494.92773				-80.46290	1084.36121	2352.94800							85.84270	503.00186	2281.43433										
473	4.720				-105.52544	1710.57813	2301.42700	-54.73733	1586.09692	2409.62231				72.79682	1485.95483	2317.83691										134.84067	1136.73218	2418.65503	-194.58170	1157.61682	2008.29407	108.74149	929.55115	2496.58472				-86.90846	1083.82825	2357.56787																			
474	4.730				-109.28775	1710.38208	2305.11206	-59.26864	1587.01794	2414.43237				67.50922	1486.06970	2325.28882										131.52815	1137.54736	2425.23169	-197.66301	1159.29553	2016.98755	106.92103	925.00732	2497.85327				-94.25501	1086.59253	2361.83496																			
475	4.740				-113.12428	1710.52966	2308.66064	-63.84933	1587.94177	2419.61230				61.97539	1486.38611	2333.02905										127.71883	1138.51990	2432.95044	-199.69684	1161.15625	2023.44019	105.43230	921.38062	2498.61963				-101.33841	1091.02917	2365.11597																			
476	4.750				-116.35113	1710.16638	2311.82617	-68.25767	1588.61804	2424.26270				56.95650	1487.23853	2339.98779										124.06891	1138.56909	2440.46338	-200.69438	1162.59045	2028.63367	103.70165	918.48785	2499.11206				-108.77637	1095.21667	2369.09570																			
477	4.760				-120.69045	1710.87720	2317.48242	-72.89540	1589.58398	2429.84961				51.88647	1488.08948	2347.37500										120.24724	1139.37366	2447.84937	-201.77698	1163.95886	2033.93408	102.22198	915.46960	2499.27173				-114.81462	1099.62097	2373.09009																			
478	4.770				-124.68203	1711.92212	2322.40234	-77.39845	1590.61487	2435.30200				46.78506	1489.31531	2354.47412										115.94237	1140.48669	2455.20361	-203.16753	1165.68042	2038.09973	101.30565	912.86743	2499.08447				-120.42540	1102.47839	2376.54834																			
479	4.780				-129.03131	1713.10950	2327.62500	-82.78892	1592.36853	2440.90894				41.76565	1490.76257	2362.04932										111.09351	1141.87622	2462.46924	-204.58746	1167.85791	2040.74866	100.06055	911.01422	2499.95776				-126.31333	1104.87891	2380.35669																			
480	4.790				-133.72452	1714.68481	2332.88574	-87.91572	1593.46277	2446.53174				36.99015	1492.22375	2368.68896										105.88037	1143.21851	2469.30469	-206.31049	1170.02649	2042.67615	98.76002	909.11768	2501.53003				-131.42139	1106.46948	2384.77979																			
481	4.800				-138.40498	1716.75342	2338.03418	-92.87389	1594.98279	2451.39673				32.33680	1493.27209	2375.47168										100.51106	1144.02478	2475.69141	-208.74725	1172.12512	2042.83057	98.08234	907.22888	2502.78223				-137.44247	1108.01819	2388.03735																			
482	4.810				-143.10423	1718.67590	2343.65967	-98.05734	1596.71497	2457.56836				27.33432	1494.53137	2382.83398										94.85654	1143.95325	2480.53271	-210.16406	1174.18616	2043.30139	97.62566	904.09705	2503.66406				-143.01187	1109.19983	2393.22266																			
483	4.820				-147.54935	1720.77734	2349.07324	-103.57259	1598.79443	2462.72998				22.31589	1495.46558	2389.71387										89.12044	1143.67322	2484.63501	-211.23424	1175.83618	2044.73608	97.05278	903.24487	2505.35107				-148.75961	1110.42749	2397.63721																			
484	4.830				-151.83702	1722.70288	2353.89307	-108.82657	1600.61963	2466.85669				16.78731	1496.66260	2397.53149										83.49203	1143.36194	2488.47852	-212.40681	1178.25549	2045.98633	96.22032	901.51959	2506.77612				-153.78685	1110.92151	2402.00781																			
485	4.840				-156.41495	1724.66895	2358.02734	-114.49049	1602.71729	2473.19800				12.15808	1497.38647	2404.13916										77.93715	1143.81714	2492.65234	-213.02718	1181.24719	2047.94629	94.83136	901.07062	2509.51416				-158.95314	1111.73364	2406.83936																			
486	4.850				-160.41510	1726.13281	2361.70557	-120.12206	1604.68579	2477.08960				6.95306	1498.15784	2411.15723										73.06985	1144.53357	2496.78223	-213.48297	1182.95190	2051.08374	94.25822	900.32666	2510.78345				-164.53470	1112.21667	2411.29126																			
487	4.860				-164.32016	1728.05750	2366.04370	-126.15336	1607.14954	2482.54614				1.24133	1499.13916	2419.39990										69.17480	1144.83936	2501.05249	-213.34782	1184.78357	2054.15454	92.26811	900.49774	2513.71484				-169.17290	1113.50073	2416.05347																			
488	4.870				-168.23094	1729.75769	2369.94434	-131.65451	1608.58472	2486.68286				-3.61372	1499.56409	2425.86255										65.49552	1144.85962	2505.54810	-213.74504	1186.28369	2056.59082	91.81510	899.93079	2515.45581				-173.65463	1112.87744	2419.10962																			
489	4.880				-171.66518	1730.88635	2372.29834	-137.97835	1610.58350	2492.17920				-8.81284	1500.03088	2433.10229										62.04867	1145.13379	2510.97168	-213.87735	1187.30383	2059.29468	90.01604	900.77637	2518.93530				-177.91209	1113.33325	2422.58374																			
490	4.890				-174.89015	1731.63159	2375.21387	-144.01570	1612.56616	2495.88379				-14.32374	1500.39771	2440.77856										58.57430	1145.31641	2516.53101	-213.74019	1188.27441	2062.76929	89.27514	899.94745	2520.98755				-182.58827	1114.20056	2426.25903																			
491	4.900				-178.11644	1732.65210	2378.95483	-149.79086	1614.24048	2500.81006				-19.46008	1499.78479	2447.76099										55.01274	1144.94153	2522.09180	-213.65776	1188.99963	2065.40308	87.27700	900.28546	2524.32788				-186.90799	1114.28748	2428.68823																			
492	4.910				-181.60416	1733.89697	2382.32666	-156.89178	1615.80994	2505.34131				-25.30236	1500.24609	2455.70947										50.95374	1144.15076	2528.40405	-213.65848	1189.74255	2067.99609	85.35114	900.50830	2527.44019				-191.18185	1114.95471	2431.61060																			
493	4.920				-185.05328	1734.74585	2384.86499	-162.71666	1617.42371	2509.36792				-30.69827	1500.23547	2462.50342										46.37348	1144.08105	2534.67212				83.12901	900.77551	2530.84595				-198.54158	1116.74548	2436.24951																			
494	4.930				-188.34093	1735.43188	2387.97510	-169.09583	1618.20898	2513.82471				-36.56017	1499.77295	2470.04517										41.66085	1143.49036	2540.80981				80.92167	901.01208	2534.12988				-199.80701	1117.15332	2440.03369																			
495	4.940				-191.74873	1736.34949	2392.24341	-176.03575	1619.51086	2517.51172				-42.41183	1499.69238	2477.00391										36.76256	1142.87537	2547.10205				78.21334	901.45172	2538.15283				-201.05368	1117.74658	2444.00830																			
496	4.950				-194.79468	1736.89197	2395.74438	-182.28558	1620.18652	2521.68066				-48.52162	1499.27991	2484.09888										32.01153	1142.47595	2552.64648				75.49414	901.37561	2541.93848				-199.48299	1118.82373	2454.02222																			
497	4.960													-54.88885	1499.05933	2491.50781										26.72523	1142.07996	2558.86206				72.52692	900.94098	2546.15259				-213.53943	1113.66821	2444.60449																			
498	4.970													-61.05372	1498.34265	2498.80151										21.42759	1141.29443	2564.56226				68.89633	900.70483	2551.06519				-217.85750	1112.47559	2447.13159																			
499	4.980													-67.81492	1497.99634	2505.83838										16.12786	1140.78894	2570.48145				65.01033	900.04510	2556.88647				-221.98865	1110.92871	2449.43530																			
500	4.990													-74.32513	1497.23035	2512.13916										9.51568	1140.83130	2577.90259				60.33154	900.32910	2562.69873				-226.24249	1110.32141	2451.45728																			
501	5.000													-80.55956	1496.84619	2518.93481										3.48299	1139.85144	2583.12207				55.71541	900.13275	2568.31079				-229.94502	1109.19934	2453.13086																			
502	5.010													-87.64745	1495.69739	2525.73706										-3.40411	1139.27759	2589.79834				50.24610	899.71259	2574.84229				-234.43410	1108.58240	2455.70361																			
503	5.020													-94.33114	1495.38647	2532.22974										-9.74707	1138.90259	2596.15332				44.25883	899.48511	2580.89258				-238.30327	1108.18457	2457.71631																			
504	5.030													-101.41808	1494.55676	2538.75171										-16.90116	1137.79199	2602.15283				38.36315	898.30853	2587.26196				-242.38132	1107.95703	2459.31250																			
505	5.040													-108.57019	1494.07776	2545.32983										-24.07519	1137.38049	2609.37134				32.21647	897.85333	2594.10571				-246.59625	1108.09985	2461.61865																			
506	5.050													-115.56245	1493.09912	2551.76611										-31.76048	1136.47937	2615.34277				25.53907	897.77032	2601.46069				-250.71248	1107.66284	2463.51611																			
507	5.060													-122.32366	1492.37805	2557.46875										-39.34843	1136.04419	2622.74536				18.36464	896.10181	2608.18457				-254.97992	1107.47974	2465.66187																			
508	5.070													-129.45038	1491.32178	2563.53491										-47.28569	1134.57690	2628.79297				11.13018	894.98358	2615.83569				-259.00696	1107.04431	2467.59619																			
509	5.080													-136.40962	1490.94421	2569.67529										-55.09862	1134.32080	2636.32178				3.71886	894.10126	2623.50928				-263.21683	1107.04639	2469.25732																			
510	5.090													-144.09360	1489.96973	2575.32837										-63.76493	1133.72632	2643.32446				-5.23226	893.58398	2631.61768				-267.06604	1106.52881	2471.08130																			
511	5.100													-150.97231	1489.69067	2581.41577										-72.70792	1133.14709	2650.69116				-13.76548	892.95959	2640.48926				-270.92761	1105.86633	2472.84375																			
512	5.110													-158.19604	1489.70117	2586.78784										-81.24300	1132.35376	2658.05688				-22.86245	891.97589	2647.97241				-275.04068	1106.00085	2475.41797																			
513	5.120													-165.45599	1489.00452	2591.85742										-90.70391	1131.73157	2665.31226				-32.25460	891.90314	2657.27539				-279.08228	1106.71240	2477.37695																			
514	5.130													-172.44365	1488.84448	2597.82690										-100.39498	1131.61389	2672.23560				-41.65325	890.86884	2665.40869				-283.12891	1107.16064	2480.13501																			
515	5.140													-179.45686	1488.99792	2602.67822										-109.74091	1131.14624	2679.34253				-52.08695	890.49353	2674.14282																									
516	5.150													-186.84572	1488.89502	2607.11694										-119.70819	1131.01892	2687.05322				-62.49900	890.55011	2683.22485																									
517	5.160																									-129.91881	1131.35181	2693.95337				-73.07733	890.14868	2691.80420																									
518	5.170																									-140.51706	1131.23364	2700.64600				-85.27383	890.66034	2701.73242																									
519	5.180																									-151.71623	1131.96057	2707.48584				-96.46645	890.05200	2710.16406																									
520	5.190																									-162.37134	1131.88879	2713.95996				-109.31161	890.22437	2719.95337																									
521	5.200																									-173.37737	1132.61316	2720.26514				-122.24081	890.76752	2728.74878																									
522	5.210																									-184.59570	1132.88684	2724.65894				-135.41692	891.38483	2737.23462																									
523	5.220																									-195.98651	1134.08252	2730.94189				-148.87469	891.60834	2745.59448																									
524	5.230																									-207.54233	1134.19971	2735.03955				-162.99374	892.21185	2753.76001																									
525	5.240																									-218.46080	1135.17407	2740.27734				-177.30307	892.68732	2762.15161																									
526	5.250																									-229.69431	1135.09143	2743.74487				-191.84085	893.69543	2769.51270																									
527	5.260																									-240.55197	1136.15967	2748.69238				-206.55173	894.46631	2777.56177																									
528	5.270																															-221.29990	895.76477	2784.95459																									
529	5.280																															-236.41846	896.57690	2792.63452																									
530	5.290																															-251.19691	897.74530	2799.11401																									
531	5.300																															-267.14307	899.53314	2806.72705																									
532	5.310																															-282.67477	901.24927	2813.11255																									
533	5.320																																																										
534	5.330																																																										
535	5.340																																																										
536	5.350																																																										
537	5.360																																																										
538	5.370																																																										
539	5.380																																																										
540	5.390																																																										
541	5.400																																																										
542	5.410																																																										
543	5.420																																																										
544	5.430																																																										
545	5.440																																																										
546	5.450																																																										
547	5.460																																																										
548	5.470																																																										
549	5.480																																																										
550	5.490																																																										
551	5.500																																																										
552	5.510																																																										
553	5.520																																																										
554	5.530																																																										
555	5.540																																																										
556	5.550																																																										
557	5.560																																																										
558	5.570																																																										
559	5.580																																																										
560	5.590																																																										
561	5.600																																																										
562	5.610																																																										
563	5.620																																																										
564	5.630																																																										
565	5.640																																																										
566	5.650																																																										
567	5.660																																																										
