PathFileType	4	(X/Y/Z)	C:\Users\WrightLab\Desktop\Jo\P2_Trial38.trc
DataRate	CameraRate	NumFrames	NumMarkers	Units	OrigDataRate	OrigDataStartFrame	OrigNumFrames
100.00	100.00	      1099	19	mm	100.00	1	      1099
Frame#	Time	Headset_Front			Headset_Back			Headset_Left			Headset_Right			Left_Shoulder			Right_Shoulder			Sternum			C7			Left Elbow			Right Elbow			Left Wrist			Right Wrist			Left ASIS			Right ASIS			S2			Left Knee			Right Knee			Left Ankle			Right Ankle			
		X1	Y1	Z1	X2	Y2	Z2	X3	Y3	Z3	X4	Y4	Z4	X5	Y5	Z5	X6	Y6	Z6	X7	Y7	Z7	X8	Y8	Z8	X9	Y9	Z9	X10	Y10	Z10	X11	Y11	Z11	X12	Y12	Z12	X13	Y13	Z13	X14	Y14	Z14	X15	Y15	Z15	X16	Y16	Z16	X17	Y17	Z17	X18	Y18	Z18	X19	Y19	Z19	

1	0.000																																														-564.46271	507.50684	2329.84229										
2	0.010																																														-564.90845	507.62933	2331.74268										
3	0.020																																														-564.94928	507.17230	2335.76929										
4	0.030																																														-565.33771	507.25473	2336.60522										
5	0.040																																														-565.65277	507.27328	2337.36035										
6	0.050																																														-565.84967	507.23129	2337.94629										
7	0.060																																														-566.16675	507.18127	2338.55908										
8	0.070																																														-566.21216	507.14114	2341.15283										
9	0.080																																														-566.25378	506.48318	2342.12207										
10	0.090																																														-566.53455	506.44315	2342.61401										
11	0.100																																														-566.85590	506.33728	2343.13013										
12	0.110																																														-567.22620	506.26849	2343.64233										
13	0.120																																														-567.41522	506.17264	2343.99585										
14	0.130																																														-567.71533	506.04993	2344.44141										
15	0.140																																														-567.81079	506.21933	2345.92969										
16	0.150																																														-567.78186	506.01260	2344.84570										
17	0.160																																														-567.35254	506.20178	2345.80005										
18	0.170																																														-566.71948	506.27829	2345.33496										
19	0.180																																														-565.83624	506.52310	2344.63281										
20	0.190																																														-564.48083	506.15347	2345.23511										
21	0.200																																														-563.61975	506.29861	2346.74243										
22	0.210																																														-562.54663	505.91165	2346.58301										
23	0.220																																														-561.45978	506.16409	2345.71411										
24	0.230																																														-560.35046	506.36005	2344.78223										
25	0.240																																														-559.09430	506.71344	2343.67114										
26	0.250																																														-558.22241	507.16763	2344.16113										
27	0.260																																														-556.49225	506.74112	2344.35840										
28	0.270																																														-554.69696	506.29010	2344.49976										
29	0.280																																														-553.29584	506.73981	2343.32227										
30	0.290																																														-552.21967	507.19043	2343.53711										
31	0.300																																														-550.43250	506.88275	2342.69653										
32	0.310																																														-548.49945	506.42480	2341.07568										
33	0.320																																														-543.93335	503.64905	2337.03125										
34	0.330																																														-544.80176	505.63916	2338.53809										
35	0.340																																														-542.84564	505.97321	2338.97998										
36	0.350																																														-540.87170	505.70206	2337.91992										
37	0.360																																														-539.11456	506.16183	2336.28809										
38	0.370																																														-536.36340	506.18130	2336.63037										
39	0.380																																														-534.15070	505.99899	2337.54834										
40	0.390																																														-531.16846	506.12415	2335.51587										
41	0.400																																														-528.84393	505.83670	2333.36694										
42	0.410																																														-525.37683	505.85245	2333.11011										
43	0.420																																														-522.33093	505.06982	2331.00171										
44	0.430																																														-518.02545	505.09320	2326.75659										
45	0.440																																														-515.28833	505.10941	2325.05664										
46	0.450																																														-511.40158	505.06329	2324.36060										
47	0.460																																														-506.84869	504.78159	2320.55493										
48	0.470																																														-502.02917	505.32629	2317.67700										
49	0.480																																														-496.78979	506.02219	2316.66260										
50	0.490																																											-349.23465	1008.38312	2477.44702	-490.68646	505.66605	2310.35303										
51	0.500																																											-346.00711	1009.64026	2476.68457	-483.91098	505.53925	2308.44995										
52	0.510																																											-342.58359	1009.23730	2474.96313	-476.71692	505.28345	2303.66577										
53	0.520																																											-338.41339	1009.59290	2473.91138	-469.23541	505.20493	2298.50244										
54	0.530																																											-335.17438	1010.00763	2473.27222	-461.47968	504.77405	2294.46606										
55	0.540																																											-331.28900	1010.50787	2472.56812	-454.08246	504.98145	2287.64307										
56	0.550																																											-326.87082	1010.46826	2471.87158	-445.89331	504.22314	2282.92163										
57	0.560																																											-322.85623	1009.61646	2469.90186	-439.70425	506.21652	2273.93750										
58	0.570																																											-319.34143	1009.73267	2469.70508	-432.94745	507.85590	2268.59058										
59	0.580																																											-315.64108	1009.75482	2468.72021	-429.22897	511.33124	2259.62256										
60	0.590																																											-312.80414	1009.77100	2467.85278	-426.36093	512.50458	2246.48364										
61	0.600																																											-309.79950	1009.38202	2467.08667	-424.00189	513.57574	2238.83057										
62	0.610																																											-307.18976	1009.30029	2465.85107	-421.44141	513.31940	2228.58276										
63	0.620																																											-304.96060	1008.98322	2463.49561	-419.79016	514.53644	2218.34180										
64	0.630	-212.96434	1748.94690	2325.02515																																								-303.22925	1008.63959	2461.77637	-416.65738	512.43024	2211.49927										
65	0.640	-209.78625	1748.87329	2321.83105																																								-302.22974	1008.92163	2459.94067	-414.22803	511.59601	2199.79541										
66	0.650	-206.36748	1748.40454	2318.19360																																								-301.18124	1008.88220	2457.55859	-412.05356	512.02289	2191.88843										
67	0.660	-203.78302	1748.73230	2314.91553																																								-300.21854	1008.59668	2455.21802	-408.99188	511.51953	2182.89575										
68	0.670	-201.34799	1748.69507	2311.92188																																								-299.87131	1009.43213	2453.27979	-406.26486	512.75317	2175.81274										
69	0.680	-198.62558	1748.82410	2308.47095																																								-299.62350	1009.25079	2450.51733	-403.64380	513.08972	2165.72729										
70	0.690	-195.92503	1749.17859	2304.86670																																								-299.46640	1009.12872	2447.25806	-400.90784	514.46320	2160.82690										
71	0.700	-193.31308	1749.04675	2301.28101																																								-299.20834	1009.88641	2445.10425	-398.65912	516.75037	2153.41357										
72	0.710	-190.98415	1749.49731	2297.81836																																								-298.10040	1009.78662	2442.05396	-396.43677	519.08032	2146.14697										
73	0.720	-188.08165	1749.19788	2293.58545																																								-297.59659	1009.90515	2439.35669	-393.76273	519.23267	2138.73193										
74	0.730	-185.96030	1749.39563	2289.96338																																								-297.40796	1010.56683	2437.11548	-391.69598	521.09192	2133.07471										
75	0.740	-183.79906	1749.27209	2286.18750																																								-296.42947	1010.46985	2433.11108	-390.06189	523.09979	2124.81543				-464.40213	190.37245	2224.73242				
76	0.750	-181.99324	1749.33899	2282.54175																																								-295.75662	1010.39630	2430.85571	-388.06808	523.99255	2121.25342				-461.44772	190.66550	2213.42993				
77	0.760	-179.75435	1749.18481	2278.28174																																								-294.63544	1010.98938	2427.82300	-386.12372	524.58502	2116.79614				-457.29260	187.55501	2205.67261				
78	0.770	-178.06718	1749.04810	2274.61597																																								-293.84644	1011.31665	2425.00244	-384.01935	525.73145	2110.51050				-453.83047	187.28789	2191.02051				
79	0.780	-176.01505	1748.91919	2270.34009																																								-292.53879	1010.71045	2421.11182	-382.41418	526.68073	2104.77148				-450.48181	186.51697	2176.56201				
80	0.790	-174.58771	1748.63635	2266.88330																																								-291.84143	1011.45044	2418.15991	-380.38919	526.87823	2100.66479				-445.87488	183.61575	2161.50391				
81	0.800	-173.06897	1748.67822	2262.69751																																								-290.34689	1010.95703	2414.20435	-378.80173	527.81677	2095.97583				-442.31186	181.46010	2148.30518				
82	0.810	-171.68410	1748.20422	2258.62598																																								-289.48938	1011.29407	2411.44141	-377.30261	528.37415	2090.87256				-438.72278	179.14354	2134.20410				
83	0.820	-170.37277	1748.29224	2254.17847																																								-288.45886	1011.52606	2408.59277	-375.96500	528.12994	2086.62207				-434.18088	176.24358	2120.36523				
84	0.830	-168.74628	1747.62915	2249.62280																																								-287.60388	1011.22491	2404.78784	-374.32724	527.51184	2083.06616				-430.34418	174.61501	2105.30347				
85	0.840	-167.47647	1747.44324	2245.09863																																								-286.74359	1011.35779	2400.48950	-372.84607	527.26880	2079.53833				-426.73425	173.68692	2088.25366				
86	0.850	-166.17793	1746.87280	2240.19897																																								-285.52994	1010.71289	2396.54858	-371.94708	526.97986	2075.45532				-422.33008	171.09911	2074.70044				
87	0.860	-164.75146	1745.87134	2235.51831																																								-285.14850	1010.86157	2393.52051	-370.97812	525.22589	2070.59497				-417.63989	171.79002	2055.67822				
88	0.870	-163.83957	1745.63025	2230.93140				-286.23322	1653.84045	2150.38989																																		-284.26874	1010.15576	2388.45288	-370.46048	524.43762	2068.52612				-413.58008	170.37590	2041.22498				
89	0.880	-163.15955	1744.61768	2226.59961				-285.44492	1653.22791	2146.06958																																		-284.04578	1010.02362	2385.32642	-369.91571	522.79260	2066.22021				-409.19434	170.20244	2023.24292				
90	0.890	-162.07545	1744.22351	2221.44360				-284.57700	1652.18225	2141.55615																																		-283.02982	1009.23505	2380.39893	-369.85315	522.17297	2060.83960				-404.93329	170.62093	2008.09900				
91	0.900	-160.98013	1743.24207	2216.27588				-283.79993	1650.52441	2137.11206																																		-282.96274	1008.78558	2375.89429	-369.31586	520.82013	2056.96069				-400.15085	173.08107	1989.51575				
92	0.910	-160.22911	1742.11707	2211.00854				-283.16928	1649.96045	2132.28784																																		-282.08105	1007.99310	2371.83057	-368.83844	520.16235	2055.58398				-395.57178	173.36189	1976.90198				
93	0.920	-159.77419	1741.89502	2206.03149				-282.42209	1648.78650	2126.91235																																		-281.98172	1007.74866	2367.08911	-368.99759	520.15576	2049.12256				-391.81387	177.29356	1961.01270				
94	0.930	-158.92599	1740.29797	2200.45557				-281.92770	1647.50854	2122.05688																																		-281.13800	1006.94806	2362.43237	-367.64917	518.98969	2044.93604				-389.18607	178.98871	1948.93542				
95	0.940	-158.07661	1739.33838	2194.14844				-281.51468	1646.74109	2116.77148																																		-280.87476	1006.37115	2358.30518	-366.48380	518.18268	2041.86755				-385.16241	180.92450	1934.45801				
96	0.950	-157.63008	1738.74634	2188.54834				-281.06854	1645.65479	2111.08594																																		-280.41962	1005.28027	2353.61230	-365.37424	518.21350	2036.98181				-381.50323	184.94818	1920.52026				
97	0.960	-157.53299	1737.51123	2183.26245				-280.93405	1644.27686	2106.00122																																		-279.97110	1004.79999	2349.22095	-363.89865	518.01978	2030.55200				-377.36349	188.40315	1906.69250				
98	0.970	-156.83823	1736.59265	2176.32837				-280.61539	1643.09045	2100.00366																																		-279.55344	1004.04651	2343.75415	-362.08865	517.31525	2026.57361				-374.70557	192.12181	1894.64160				
99	0.980	-156.61621	1735.29138	2170.28809				-280.26859	1641.94177	2093.59375																																		-279.23926	1003.55334	2339.79224	-360.39755	516.91693	2019.49365				-372.11020	196.05032	1883.31116				
100	0.990	-156.65939	1734.30798	2163.79248				-280.54886	1640.48975	2088.00244																																		-278.62466	1002.21460	2334.17627	-358.46402	515.37177	2013.38367				-367.96188	199.15428	1873.72217				
101	1.000	-156.36266	1732.82947	2157.14307				-280.42160	1639.07251	2081.66675																																		-278.01843	1001.38910	2329.28052	-356.37747	514.55475	2010.27502				-364.95514	202.29213	1863.38062				
102	1.010	-156.16939	1731.40088	2150.31860				-280.32037	1638.09827	2074.55518																																		-278.27335	1000.36029	2324.39771	-355.17542	513.34662	2003.28857				-360.38547	204.57123	1854.31836				
103	1.020	-156.80550	1731.00684	2143.76929				-280.70462	1636.21387	2068.18726																																		-277.45853	999.09094	2318.75464	-353.89630	512.50464	1998.87073				-357.36227	206.62917	1845.43201				
104	1.030	-156.94073	1729.17017	2136.45703				-281.33160	1634.75281	2061.45483																																		-277.91486	998.47400	2313.98438	-351.56384	509.84790	1994.00476				-353.22809	207.54265	1835.89478				
105	1.040	-157.69331	1727.33984	2129.74316				-281.61642	1633.36694	2054.02246																																		-277.39789	996.79370	2307.73096	-350.22974	508.64191	1990.73962				-349.67416	208.08069	1826.69348				
106	1.050	-157.64415	1726.01294	2121.00928				-282.53491	1631.62561	2047.44043																																		-277.67337	996.35309	2302.47583	-349.29324	507.22229	1982.83972				-347.01337	207.86691	1820.28577				
107	1.060	-158.94722	1724.53796	2114.22266				-282.92755	1629.30127	2039.54541																																		-277.86047	994.68658	2296.61597	-347.34680	504.32251	1978.77747				-344.07593	207.88692	1810.79626				
108	1.070	-159.55669	1722.34937	2106.17236				-284.02310	1628.14844	2032.12109																																		-278.11276	993.56000	2290.58179	-346.21210	503.21255	1972.70703				-341.18546	205.70705	1806.02942				
109	1.080	-161.19670	1721.48499	2098.63110				-285.01056	1625.62830	2024.27856																																		-278.68015	992.93353	2284.82007	-345.09818	501.88300	1966.81616				-338.42517	205.42778	1798.68555				
110	1.090	-162.49402	1719.42932	2090.19092				-286.43860	1623.65320	2016.79504																																		-278.76984	990.92468	2278.09009	-343.47589	499.62979	1962.69482				-334.16049	202.49565	1792.43982				
111	1.100	-163.79739	1717.19165	2081.55981				-287.53488	1621.00854	2008.52393																																		-279.88614	989.62244	2272.30542	-342.08389	497.74033	1955.46777				-332.85178	200.83939	1786.36340				
112	1.110	-165.67505	1716.00146	2073.28174				-288.68192	1618.66113	1999.97717																																		-280.33551	988.35315	2265.08447	-340.17664	495.31079	1950.11572				-329.47488	197.75409	1781.45862				
113	1.120	-167.57793	1714.06763	2065.19775				-290.66769	1616.84387	1992.29858																																		-281.03265	986.32062	2258.44409	-338.55713	493.13992	1944.04688				-326.64059	194.35571	1777.37549				
114	1.130	-169.99930	1711.86462	2057.06738				-292.06631	1614.23340	1983.98975																																		-281.88321	984.56989	2251.54053	-336.99219	491.14008	1936.26147				-324.29471	190.16762	1773.61890				
115	1.140	-171.54028	1709.51538	2047.85864				-293.98630	1611.50293	1975.32617																																		-282.55392	982.79370	2244.15112	-335.24402	488.69919	1931.71338				-321.30518	186.99809	1769.76233				
116	1.150	-173.70866	1708.19226	2038.68579				-296.32312	1608.80420	1966.77515																																		-283.80591	981.29962	2237.47852	-333.80881	486.45911	1923.07434				-318.18768	182.94867	1765.36804				
117	1.160	-176.50797	1706.10828	2030.06641				-298.31964	1606.69617	1958.74011																																		-284.92606	979.42920	2230.04028	-331.75629	483.86441	1917.91357				-314.04611	176.66376	1762.69470				
118	1.170	-178.64912	1704.92261	2020.58862				-300.46024	1605.06042	1949.62305																																		-286.30231	977.88440	2222.65698	-330.30331	482.01227	1910.32446				-311.24008	171.88742	1760.48193				
119	1.180	-181.65726	1703.64441	2011.61169				-302.76166	1602.67432	1939.56543																																		-287.54257	976.80487	2215.30762	-328.23431	480.74033	1903.81836				-307.93814	166.32671	1757.72522				
120	1.190	-184.00810	1702.94312	2002.08093				-305.09869	1601.87634	1931.39783																																		-288.53531	976.35321	2207.85327	-326.14691	479.83310	1895.72302				-304.73172	162.78856	1754.68848				
121	1.200	-186.68808	1701.71814	1992.22021				-307.56503	1600.02563	1921.81824																																		-289.48361	975.65698	2200.77661	-323.81967	479.83405	1888.11182				-301.36707	159.11177	1754.64465				
122	1.210	-189.21152	1700.86096	1983.21631				-310.32324	1599.12268	1912.73865																																		-290.16547	975.26361	2193.58496	-321.08328	480.69824	1877.35876				-299.14804	156.39980	1753.19275				
123	1.220	-191.80534	1700.00378	1973.42090				-312.47598	1598.38062	1903.64233																																		-291.37860	975.31677	2187.23242	-318.57614	482.27628	1869.71460				-293.01395	150.73875	1756.49927				
124	1.230	-194.38989	1699.28394	1964.38037				-315.12531	1597.21570	1893.10364																																		-291.89444	975.76178	2180.45068	-315.46811	484.42242	1860.74207				-292.63318	150.21231	1755.41394				
125	1.240	-196.96440	1698.48279	1954.20667				-317.52975	1596.65906	1884.24109																																		-292.96234	976.21173	2174.69019	-313.04184	486.90234	1851.37695				-291.50259	149.42168	1755.03687				
126	1.250	-199.58516	1698.57104	1945.63428				-319.71185	1595.87488	1873.45605																																		-292.83490	976.70013	2166.89404	-310.28012	488.04361	1841.57202				-291.17471	148.22290	1755.02600				
127	1.260	-202.23619	1697.76843	1935.37097				-321.92551	1595.79248	1863.52026																																		-293.22711	977.43652	2160.42261	-309.56873	490.02386	1832.99939				-291.17471	148.22290	1755.02600				
128	1.270	-204.46762	1698.14355	1926.53210				-324.45749	1595.84131	1854.29651																																		-293.65915	978.04407	2153.38916	-309.94388	491.72992	1826.41101				-292.51746	147.45288	1754.96399				
129	1.280	-207.23582	1697.62866	1916.21533				-327.31561	1595.79370	1844.01746																																		-294.22946	978.87207	2147.34985	-311.00162	493.29691	1819.16467				-295.74701	147.43799	1752.26392				
130	1.290	-209.30379	1697.96912	1906.93994				-329.72751	1596.00659	1835.40186																																		-294.06271	979.48029	2139.65894	-311.94241	492.53085	1813.87463				-296.90311	146.71512	1749.82410				
131	1.300	-211.93634	1697.89368	1896.17993				-332.16504	1596.00891	1825.71558													-241.03314	1471.08264	2035.23938																			-294.87985	981.16522	2133.11865	-314.31598	492.45145	1805.41406				-297.88773	145.33591	1750.12830				
132	1.310	-214.59291	1699.29468	1887.65015				-334.57324	1596.16919	1815.97107													-243.20413	1471.80029	2025.52258																			-296.08447	982.07513	2126.57764	-316.11313	492.00000	1799.31348				-300.35757	143.07565	1749.32288				
133	1.320	-217.32828	1699.46594	1877.00061				-336.75638	1596.75464	1807.63269													-245.87041	1473.09363	2017.12561																			-297.17126	983.79004	2119.58936	-318.65826	491.01529	1793.89648				-302.12042	141.71205	1747.86536				
134	1.330	-219.67688	1700.55200	1867.98755				-339.30960	1597.03723	1797.71936													-247.42480	1474.35034	2008.88184																			-298.01758	984.98505	2112.47217	-321.24219	491.01883	1790.48889				-303.02121	140.28798	1747.72632				
135	1.340	-222.10649	1700.84265	1858.33154				-341.98813	1597.02905	1788.01343													-249.50165	1475.56519	1999.67444																			-299.71103	986.68250	2106.67041	-323.92542	489.66846	1790.72351				-303.53931	139.60666	1745.59595				
136	1.350	-224.64496	1701.67773	1847.91809				-343.98074	1597.50452	1779.99939													-251.94025	1476.69934	1990.80249																			-300.91864	988.36261	2099.89868	-327.79099	490.10831	1787.85437				-305.28842	136.91737	1745.59863				
137	1.360	-226.66479	1702.29883	1839.53796				-345.83719	1597.48523	1770.88623													-253.81221	1477.98193	1982.36414																			-301.98297	989.66931	2093.47095	-331.29730	489.16693	1786.53137				-305.97937	136.58214	1744.93433				
138	1.370	-229.03224	1702.82788	1830.19409				-347.65030	1597.24768	1761.55322													-255.42564	1479.18359	1974.86145																			-303.64008	991.44104	2087.86743	-335.06787	488.84000	1784.08740				-306.82956	136.43488	1743.88965				
139	1.380	-231.02870	1702.76270	1820.56982				-349.58212	1596.65198	1752.01782													-257.11444	1480.71130	1967.14880																			-305.17001	993.46979	2082.34106	-337.90723	487.94730	1783.12073				-306.33615	136.18559	1744.51978				
140	1.390	-232.78532	1703.00671	1811.64783				-351.79865	1596.39099	1744.03052													-258.88193	1481.31995	1959.39233																			-306.92172	995.27490	2076.54150	-341.37592	488.01807	1783.02490				-306.47891	135.79019	1744.09021				
141	1.400	-234.96236	1703.29370	1803.94043				-353.91943	1595.49170	1736.15356													-260.62140	1482.76953	1951.39221																			-308.65887	997.31342	2072.56030	-344.74298	487.01953	1782.73926				-306.47891	135.79019	1744.09021				
142	1.410	-237.03830	1702.97546	1794.43884				-355.61237	1594.57581	1727.95410													-262.01843	1484.11304	1943.82471																			-309.89340	999.12616	2068.31543	-347.70389	486.65961	1782.39294				-308.77377	137.87640	1741.25879				
143	1.420	-238.74506	1702.06433	1784.77722				-357.32153	1593.85266	1720.32739													-262.85751	1484.40430	1935.89819																			-311.58667	1000.27875	2064.12549	-351.45261	486.98541	1782.19983				-308.90811	138.12990	1740.91956				
144	1.430	-240.41071	1701.58276	1775.83594				-358.62869	1592.09644	1712.53821													-264.01651	1485.62634	1929.24304																			-312.63577	1001.63983	2059.25293	-354.23721	486.36926	1782.37988				-307.87552	137.21805	1742.39673				
145	1.440	-241.99507	1701.05005	1768.02209				-359.76443	1591.04871	1704.32825													-265.12701	1486.10999	1922.08496																			-313.71332	1002.11829	2055.59741	-357.07278	486.91751	1781.95166				-307.87552	137.21805	1742.39673				
146	1.450	-243.43178	1700.37439	1759.77148				-361.31995	1589.16089	1698.17603													-266.40680	1486.88867	1915.57349																			-315.23276	1003.19305	2052.04297	-359.40274	486.11359	1783.81494				-309.91382	138.25716	1739.35107				
147	1.460	-244.26750	1698.80908	1750.93115				-361.58743	1587.38123	1690.49036													-267.41617	1487.13562	1908.11926																			-315.97888	1004.34723	2048.92920	-361.82855	485.85254	1781.95496				-309.93439	138.27808	1739.31873				
148	1.470	-245.16356	1698.21875	1742.10327				-362.49515	1585.89429	1684.01843													-268.40311	1487.06592	1900.96118																			-317.13123	1005.30847	2045.45410	-363.63181	485.56580	1783.11792				-309.73676	138.61147	1739.86914				
149	1.480	-246.35846	1697.22595	1734.20129				-364.26654	1584.62671	1677.86108													-269.19348	1487.79700	1894.94397																			-317.81516	1006.44171	2043.61487	-365.40900	485.05862	1783.48157				-310.26593	139.30508	1739.52063				
150	1.490	-247.26517	1696.28967	1725.77576				-364.67365	1582.37524	1668.69861													-269.33987	1487.96887	1888.59314																			-318.34579	1006.65857	2039.41821	-366.50531	484.76920	1783.15125				-310.26459	139.28801	1739.53992				
151	1.500	-248.06964	1695.33948	1718.50623				-365.76114	1581.43616	1664.20032													-270.51657	1488.95679	1882.51709																			-319.31812	1007.73004	2037.20654	-367.05768	484.41962	1783.55481				-308.52612	138.06361	1741.69324				
152	1.510	-248.08997	1694.22717	1711.21655				-365.70905	1579.91028	1657.32520													-271.71426	1488.35779	1876.02747																			-319.67892	1008.90131	2034.72803	-367.20898	484.02463	1782.78455				-307.87552	137.21805	1742.39673				
153	1.520	-248.52679	1693.48962	1704.81506				-366.49664	1577.81531	1649.29871													-272.47583	1488.34192	1869.35352																			-320.73083	1009.87146	2032.18042	-366.98682	483.93616	1782.57275				-307.87552	137.21805	1742.39673				
154	1.530	-248.84560	1691.78394	1696.57874				-367.28534	1577.21838	1644.47668													-273.23053	1489.06689	1864.94861																			-320.78580	1010.54059	2029.23450	-366.47028	483.37030	1781.98975				-307.87552	137.21805	1742.39673				
155	1.540	-249.39491	1690.28918	1690.73193				-367.20358	1575.33740	1637.79517													-274.14090	1488.82483	1858.78906																			-321.58701	1012.00330	2027.62134	-366.07965	483.41312	1781.67444				-309.00211	137.97694	1740.83154				
156	1.550	-249.68872	1689.24792	1685.68152				-368.46866	1574.40173	1631.75220													-275.11697	1488.35828	1852.25269																			-322.16461	1013.09625	2023.89600	-365.19742	482.91870	1782.43469				-309.45868	137.68648	1741.70361				
157	1.560	-249.98297	1687.92285	1678.15161				-368.76892	1573.70349	1627.82043													-275.41486	1489.01624	1847.51965																			-323.29956	1014.39752	2023.51868	-364.55991	483.12405	1781.95386				-310.00980	137.23241	1742.49902				
158	1.570	-250.24634	1687.04041	1673.48340				-368.96506	1572.30542	1619.76172													-276.10910	1488.88220	1842.06372																			-323.71439	1015.65515	2020.36633	-363.55887	483.50275	1781.11023				-309.91144	137.22180	1742.55627	-96.22301	229.25117	2092.79199	
159	1.580	-250.41029	1685.55920	1666.78479				-369.55533	1571.30798	1616.23706													-277.12271	1488.47656	1836.40894																			-325.03836	1016.55914	2018.40967	-362.95413	483.86258	1780.62146				-308.78308	138.29890	1742.61414	-96.89187	228.30121	2075.17725	
160	1.590	-250.92455	1683.79333	1661.40295				-370.00522	1569.33838	1609.92493													-277.50513	1488.98340	1832.87500																			-325.06552	1017.68640	2016.29504	-362.21011	483.90918	1783.03149				-308.71262	138.77434	1742.84314	-97.52319	224.62387	2058.17383	
161	1.600	-251.13480	1682.92859	1656.65344				-369.94135	1568.18237	1604.53369													-278.20093	1488.85510	1826.37817																			-325.66574	1018.97314	2014.30554	-361.79022	484.09128	1782.80200				-308.13306	138.62502	1743.52930	-95.43545	220.21431	2041.42773	
162	1.610	-251.88762	1681.22424	1650.89343				-370.67224	1567.17456	1599.24231													-278.72653	1488.71570	1823.78015																			-326.01389	1019.09283	2011.63794	-361.43463	484.23260	1782.87756				-308.11417	139.26697	1744.00110	-94.33530	218.47362	2027.72473	
163	1.620	-251.79381	1680.45508	1646.48779				-371.44498	1565.91711	1596.00171													-278.88211	1487.60828	1817.45325																			-326.37589	1020.44153	2009.98206	-360.94968	483.91180	1785.22583				-308.44452	139.46040	1744.59045	-93.12502	211.90324	2010.40747	
164	1.630	-252.51085	1678.94373	1640.06421				-371.46747	1563.75635	1589.53137													-279.13309	1487.67249	1814.11865																			-325.69034	1020.54877	2007.68506	-360.78159	484.16391	1786.37097				-308.44199	139.44760	1744.60559	-89.35827	204.98634	1991.86133	
165	1.640	-252.80382	1677.99707	1636.79358				-371.63629	1562.75342	1585.70618													-280.25339	1487.34753	1809.63330																			-325.05313	1020.94128	2005.09985	-360.56415	484.28665	1786.53528				-308.81738	139.58537	1745.23486	-85.85354	198.66057	1973.91174	
166	1.650	-253.73779	1676.32776	1630.93579				-372.90051	1560.74683	1580.94580													-280.33353	1487.41052	1807.14038																			-324.89105	1021.99170	2004.30188	-359.48178	483.37543	1788.92957				-307.84079	138.37294	1747.01733	-81.55865	190.82961	1955.95520	
167	1.660	-253.85764	1675.42151	1627.60327				-372.65720	1558.97119	1577.53589													-280.96207	1486.85022	1801.76563																			-324.32864	1022.29132	2002.77698	-359.54489	483.94147	1787.90796				-307.84079	138.37294	1747.01733	-77.10095	185.04536	1938.09595	
168	1.670	-254.70428	1673.15564	1621.64258				-373.40305	1556.75330	1571.94006													-280.62344	1486.48853	1798.52795																			-324.10693	1023.06598	2001.52832	-358.71796	483.72067	1789.31152				-307.48303	138.29388	1746.31531	-72.64501	178.93895	1923.03137	
169	1.680	-255.17572	1671.97290	1618.89441				-373.67551	1555.79736	1569.19897													-281.12573	1486.37634	1795.64990																			-322.62302	1022.45667	1998.24622	-357.79633	484.00455	1790.84607				-307.48303	138.29388	1746.31531	-68.21027	174.84467	1908.41125	
170	1.690	-255.94896	1670.21790	1613.42261				-374.38678	1554.39087	1565.67285													-282.04889	1485.94470	1792.41626																			-322.64319	1022.54523	1998.14050	-357.00284	483.90060	1791.46216				-307.62415	139.47446	1743.28711	-64.55990	172.53275	1896.20825	
171	1.700	-256.35068	1668.97864	1610.25696				-374.30798	1551.66248	1560.33398													-281.61630	1485.67810	1789.59998																			-322.14813	1022.41248	1996.57227	-356.44302	483.92722	1791.04248				-307.57935	139.46996	1743.31287	-59.50172	171.06091	1883.84167	
172	1.710	-257.46155	1667.63098	1605.42773				-374.68753	1550.77856	1558.32690													-281.72406	1485.03088	1786.93799																			-321.11417	1021.77789	1993.89978	-355.36273	483.54678	1790.65869				-307.57690	139.45750	1743.32751	-57.24781	170.95337	1871.08044	
173	1.720	-258.02072	1667.08899	1603.01855				-375.76413	1548.66724	1554.04541													-281.96289	1484.47180	1783.34875																			-320.35156	1021.76587	1991.68823	-352.98328	483.35812	1790.80957				-307.58594	138.84335	1742.83008	-56.62624	170.86372	1854.47485	
174	1.730	-258.64734	1665.60278	1597.27539				-376.08371	1547.47986	1551.37146													-281.88123	1483.85718	1780.52698																			-319.63562	1021.31018	1989.97766	-351.56989	483.31750	1788.94739				-307.58459	138.83493	1742.83997	-53.25367	171.52565	1843.31824	
175	1.740	-259.24405	1665.02515	1595.35376				-376.45233	1546.04150	1549.28467													-282.11148	1483.84570	1779.42517																			-318.99091	1021.07172	1988.42651	-350.48584	483.65717	1787.63867				-307.58743	138.82191	1742.85278	-49.45940	172.05998	1832.02271	
176	1.750	-260.17953	1663.91199	1591.09375				-376.71429	1543.90491	1545.11096													-282.16766	1483.87646	1777.64539																			-318.11691	1020.47021	1986.23560	-349.36496	483.27676	1786.12964				-308.23245	138.59035	1741.99597	-51.08088	175.64981	1817.26819	
177	1.760	-260.94067	1662.89563	1588.55896				-377.47141	1542.98267	1542.94348													-281.85278	1483.01196	1774.15637																			-317.99066	1021.09454	1985.25085	-347.98535	483.79370	1782.97900				-308.56351	138.28435	1741.46753	-50.68919	177.82603	1805.12671	
178	1.770	-261.08331	1661.90881	1586.16528				-377.44446	1541.34448	1541.38391													-282.05786	1482.60547	1772.13098																			-317.25912	1021.06683	1983.38855	-347.22900	484.35919	1779.15027				-308.72592	137.89461	1741.26111	-51.96505	179.63480	1792.94263	
179	1.780	-262.25586	1660.48059	1582.44507				-378.26691	1540.22815	1539.06836													-281.56354	1482.31128	1769.83643																			-316.35400	1020.08740	1981.09290	-346.65222	484.09769	1777.47144				-308.83792	137.88675	1741.21765	-51.69623	183.60307	1788.29150	
180	1.790	-262.73099	1659.95972	1580.93335				-379.07855	1538.82581	1535.93799													-281.46149	1482.75732	1768.78467																			-316.37091	1020.10657	1980.38904	-346.38806	484.65048	1775.22229				-309.43268	137.42958	1741.50195	-53.21356	185.53958	1783.37280	
181	1.800	-263.35333	1659.31641	1578.94043				-379.38806	1538.06946	1534.63489													-281.49448	1482.84155	1768.64172																			-315.98962	1019.98718	1979.04688	-346.13675	484.13138	1773.28271				-309.84015	137.06059	1741.65344	-58.65237	183.06349	1774.00610	
182	1.810	-264.42563	1658.34119	1575.46313				-379.59229	1537.11780	1533.46094													-280.21600	1482.33398	1766.07617																			-315.77475	1020.74835	1977.91675	-346.15683	484.67368	1768.07178				-310.20697	136.81503	1741.04224	-63.29313	183.05727	1771.58765	
183	1.820	-264.60437	1658.27051	1573.74255				-380.20816	1536.41382	1532.08508													-279.85947	1482.25256	1764.94434																			-315.25122	1020.90826	1976.62292	-346.36334	484.10864	1768.31860				-310.93375	136.39230	1741.72144	-69.28494	181.42044	1768.92102	
184	1.830	-264.80054	1657.87000	1572.03101				-380.73834	1535.93909	1530.50513													-279.40897	1482.08496	1763.61292																			-314.25992	1020.23743	1974.46936	-346.82404	484.75522	1765.59143				-311.67816	136.12085	1740.86194	-75.41415	180.16899	1768.66821	
185	1.840	-265.41190	1657.26575	1570.06311				-381.25928	1535.03442	1528.74597													-278.83063	1481.96631	1762.16980																			-314.40225	1020.28149	1973.97058	-347.15189	484.95975	1761.60559				-310.85153	134.50812	1741.84302	-80.80558	177.13011	1766.20532	
186	1.850	-266.03635	1657.08899	1567.53247				-381.65552	1534.28162	1528.16833													-278.64987	1482.21216	1761.43237																			-313.96442	1020.16144	1972.17090	-347.86353	484.89233	1760.67163				-310.85153	134.50812	1741.84302	-85.74297	175.79048	1766.27551	
187	1.860	-266.24124	1656.94031	1566.10693				-381.68323	1533.71448	1527.21973													-278.09128	1481.96765	1759.89990																			-313.99213	1020.84760	1971.20520	-348.61813	484.41248	1758.98840				-310.89221	134.07585	1741.58118	-90.58322	175.86601	1767.80725	
188	1.870	-266.39252	1656.84460	1565.60193				-381.81165	1533.51978	1526.86499													-277.23077	1481.61780	1757.64771																			-313.90402	1020.86462	1970.39124	-349.73288	485.79916	1756.36499				-310.89221	134.07585	1741.58118	-96.50330	174.63098	1765.32776	
189	1.880	-266.12244	1656.40955	1563.92847				-381.95117	1533.38757	1526.45178													-277.30600	1481.60718	1757.39392																			-313.54605	1020.92657	1969.22278	-350.57950	485.04529	1756.40210				-310.89221	134.07585	1741.58118	-99.11526	173.27415	1768.00354	
190	1.890	-266.32016	1656.28650	1563.26758				-382.03162	1533.37268	1525.58337													-277.03903	1482.08618	1756.20520																			-313.05869	1020.99500	1968.24414	-351.34995	485.45905	1753.93335				-310.89221	134.07585	1741.58118	-102.57594	172.70714	1768.05005	
191	1.900	-265.65182	1655.75415	1560.63477				-382.09821	1532.94421	1524.34009													-276.60394	1482.03552	1754.90344																			-312.40482	1021.28632	1967.17236	-352.21832	485.64148	1753.67090				-310.89221	134.07585	1741.58118	-104.69411	172.65382	1768.28882	
192	1.910	-265.35944	1655.08948	1558.25806				-381.95569	1532.49158	1522.62500													-276.22409	1481.87939	1753.67944																			-311.83206	1022.10114	1966.36853	-353.43527	484.98621	1752.11340				-310.12631	134.78915	1740.76196	-106.34193	173.43425	1769.72217	
193	1.920	-265.62643	1654.94751	1557.35571				-382.02655	1532.12830	1521.28784													-275.87167	1481.71716	1752.72974																			-311.29214	1022.29065	1965.90894	-354.82080	485.58945	1749.61328				-311.05167	135.58292	1739.46497	-106.82222	174.22276	1770.93701	
194	1.930	-265.73508	1654.92615	1556.22241				-381.96948	1532.00391	1519.76453													-275.14975	1482.18127	1750.83289																			-310.52475	1022.55402	1965.05115	-356.13046	485.32587	1751.33130				-310.59943	135.65331	1738.79578	-107.22144	174.27066	1771.08960	
195	1.940	-265.47501	1654.93091	1554.83191				-382.15762	1531.91711	1519.17407													-275.16580	1482.37634	1750.70703																			-310.10376	1022.73871	1964.87000	-357.44650	485.34521	1751.60327				-310.21664	135.60437	1738.16309	-107.61619	174.96727	1771.34705	
196	1.950	-265.21356	1654.80347	1553.64941				-382.05838	1532.62549	1517.67834													-275.14539	1482.58972	1750.70032																			-309.13547	1022.24109	1963.89941	-358.99356	485.71460	1749.82593				-310.23770	135.61771	1738.13879	-106.71253	177.04936	1772.59692	
197	1.960	-264.67078	1655.04919	1551.71240				-381.94052	1532.59033	1516.98975													-274.34100	1482.79297	1749.00500																			-308.27722	1022.94861	1963.06445	-361.10382	485.50000	1750.03723				-310.24896	135.65800	1738.08960	-106.50457	176.83545	1774.14600	
198	1.970	-264.50125	1655.19434	1550.69299				-381.98596	1532.58752	1516.84070													-273.65439	1482.80176	1747.85437																			-307.93246	1023.57501	1963.14880	-362.40259	485.30157	1750.09766				-310.25970	135.68738	1738.05261	-105.78992	175.86299	1774.40210	
199	1.980	-263.76208	1655.15210	1548.74438				-382.02118	1532.59558	1516.72131													-273.27066	1482.99768	1747.42090																			-307.42874	1024.00439	1962.60779	-363.59570	485.40091	1749.23450				-310.27924	135.72136	1738.00647	-105.54663	175.11487	1775.89905	
200	1.990	-263.82047	1655.14722	1548.53772				-381.89163	1532.33252	1516.28296													-272.92172	1483.06567	1747.38367																			-306.42758	1024.02319	1961.42224	-364.57898	485.14185	1750.05615				-310.69684	135.83333	1738.55420	-104.97681	173.95454	1775.71790	
201	2.000	-263.96698	1655.38196	1548.46204				-381.91766	1532.34253	1516.19348													-272.25787	1483.44934	1746.47778																			-305.62445	1023.98804	1960.99585	-365.37878	484.97949	1750.84387				-310.71677	135.89142	1738.48169	-103.94349	172.62872	1775.52014	
202	2.010	-263.99377	1655.40759	1548.35815				-381.71902	1532.29480	1515.70740													-271.97052	1483.59717	1746.61816																			-304.86487	1024.60938	1960.94604	-366.02420	484.82431	1752.65820				-310.12631	134.78915	1740.76196	-103.28568	172.20753	1775.25525	
203	2.020	-263.30011	1655.28479	1546.65527				-381.43512	1532.03992	1515.04004													-271.20248	1483.23987	1745.99219																			-304.34863	1025.22693	1961.32629	-366.57495	484.70377	1754.42480				-310.06665	135.48564	1741.19385	-102.35793	171.93266	1776.43506	
204	2.030	-263.09506	1655.15234	1546.04553				-381.04758	1531.89978	1514.15942													-270.33276	1483.62012	1744.78552																			-303.63428	1025.91309	1961.67432	-366.84824	484.72391	1754.75159				-310.11551	135.79045	1741.51782	-101.26824	171.43835	1778.21094	
205	2.040	-262.75986	1654.86584	1544.81714				-380.81113	1531.76843	1513.72327													-269.97290	1483.78528	1744.65649																			-302.35800	1026.00452	1960.17371	-367.05688	484.76553	1755.00122				-309.86639	136.32355	1741.48450	-100.16298	171.18015	1779.18518	
206	2.050	-262.77054	1655.21362	1544.33374				-380.32974	1531.40723	1512.74402													-269.46277	1483.71594	1744.10608																			-301.58948	1026.25134	1959.99268	-367.12067	485.56934	1753.25696				-311.42999	138.00171	1739.60803	-98.75950	171.12225	1778.92188	
207	2.060	-262.45410	1655.49292	1543.42883				-380.19907	1531.14905	1512.65295													-268.93848	1483.75708	1743.42688																			-301.33862	1026.74182	1960.63928	-367.07416	485.67639	1753.27673				-311.42252	138.02116	1739.59021	-97.09151	171.58064	1781.38550	
208	2.070	-262.05408	1655.12549	1542.65796				-379.79337	1530.87744	1511.96753													-268.56512	1484.05090	1742.93982																			-300.94843	1026.70374	1960.50574	-366.94711	485.79730	1753.26147				-311.41867	138.04320	1739.56799	-95.41077	171.41748	1781.60779	
209	2.080	-261.56458	1655.35498	1541.50366				-379.69351	1531.11829	1511.87549													-268.17010	1484.26990	1742.63440																			-300.27731	1026.72754	1959.63208	-366.78232	485.87363	1754.26990				-311.07022	138.43788	1739.36096	-93.94296	171.81479	1781.86157	
210	2.090	-261.40311	1655.51990	1541.26831				-379.67798	1531.13940	1511.91943													-267.95776	1484.54443	1742.37378																			-299.99347	1026.81079	1959.70544	-366.56110	486.00671	1754.19971				-311.06375	138.45157	1739.34900	-91.27596	172.11174	1783.28809	
211	2.100	-261.39151	1655.54883	1541.30042				-379.64700	1531.17419	1512.00989													-267.46317	1484.59045	1741.69202																			-299.26987	1026.67236	1959.04871	-366.31259	486.12183	1754.09778				-310.57776	138.92140	1739.00049	-89.48377	171.67651	1782.97986	
212	2.110	-261.37231	1655.60144	1541.35193				-379.23941	1531.19275	1511.25574													-267.04861	1484.58850	1741.14612																			-298.70996	1026.62671	1958.91956	-365.69955	485.62659	1755.73926				-310.57074	138.93089	1738.99341	-87.49966	172.25800	1785.48401	
213	2.120	-260.71851	1655.10229	1540.27686				-379.05325	1531.34045	1511.03992													-266.36230	1484.55603	1740.11804																			-297.91959	1026.55664	1958.54956	-365.53262	485.72711	1755.74500				-310.56039	138.94582	1738.98193	-85.54037	170.60506	1786.52026	
214	2.130	-260.48416	1655.09851	1539.84680				-378.72473	1531.28442	1510.46790													-266.29773	1484.65088	1740.30811																			-297.29700	1026.84729	1958.59949	-365.26584	485.93744	1755.69373				-310.54779	138.96516	1738.96655	-84.10365	171.22055	1786.10266	
215	2.140	-260.05573	1654.99402	1539.11243				-378.26495	1530.96130	1509.76587													-266.19513	1484.79053	1740.61414																			-296.93964	1027.52283	1959.41235	-365.19662	486.09393	1755.83704				-310.54520	138.97453	1738.95752	-81.64860	170.44868	1789.13696	
216	2.150	-259.50232	1654.82874	1537.99463				-378.01889	1530.88477	1509.40100													-266.07486	1484.94421	1740.97644																			-296.64642	1027.96692	1960.22803	-365.26096	486.67670	1756.99609				-310.54297	138.98820	1738.94360	-80.87269	169.50809	1789.86011	
217	2.160	-259.24304	1654.72192	1537.52173				-377.55359	1530.65894	1508.65942													-265.52063	1484.67969	1740.89880																			-295.78763	1027.83618	1959.67322	-365.33609	486.76791	1757.21716				-310.54333	139.00162	1738.92883	-79.76730	168.62309	1790.92407	
218	2.170	-259.23621	1654.73254	1537.54285				-377.36246	1530.41785	1508.54810													-264.45673	1484.51794	1739.59875																			-294.72983	1027.32983	1958.52771	-365.49701	486.80838	1757.51953				-310.54285	139.03073	1738.89734	-76.75175	169.02316	1793.16382	
219	2.180	-259.22928	1654.76001	1537.55884				-377.30005	1530.46399	1508.73926													-264.23486	1484.93896	1740.10388																			-294.42679	1027.51807	1958.59155	-365.75079	487.27182	1759.22693				-309.27161	138.64542	1740.70374	-76.31813	167.02155	1794.76428	
220	2.190	-259.14392	1654.52771	1537.41296				-377.09644	1530.22473	1508.55896													-263.66467	1484.87598	1740.06665																			-293.73761	1027.25891	1958.39783	-366.06525	487.49982	1760.15930				-310.85773	140.68465	1739.34766	-72.97934	167.73065	1797.62476	
221	2.200	-258.94379	1654.33215	1537.13794				-377.03516	1530.27136	1508.74622													-262.92490	1485.01416	1739.85010																			-293.36337	1027.82666	1958.61597	-366.32022	487.50238	1760.60498				-310.85406	140.68866	1739.34497	-71.10030	165.97069	1799.87830	
222	2.210	-258.82507	1654.40198	1536.66895				-376.48459	1530.37732	1507.66675													-262.58887	1484.97302	1740.22473																			-293.03442	1027.96460	1958.71753	-366.63821	487.47684	1761.03174				-310.84509	140.69951	1739.33728	-69.08436	166.44954	1802.08765	
223	2.220	-258.56851	1654.30164	1536.12146				-376.26898	1530.26379	1507.41138													-262.26773	1485.26782	1740.55261																			-292.68408	1028.29333	1958.66492	-366.95599	487.42184	1761.39636				-310.76657	141.09132	1739.50171	-67.04395	164.81419	1805.56689	
224	2.230	-257.95224	1654.13904	1534.68359				-376.23810	1530.28149	1507.50793													-261.80087	1485.37549	1740.06531																			-292.06345	1028.41406	1958.20752	-367.39462	487.42438	1761.88171				-310.73209	141.13029	1739.47510	-64.86864	163.53947	1808.31213	
225	2.240	-257.94147	1654.21021	1534.69934				-376.18616	1530.31445	1507.66931													-261.37769	1485.46021	1739.72644																			-291.11163	1027.99146	1957.49316	-367.90115	487.31583	1762.45264				-310.69537	141.15697	1739.46301	-62.21917	163.45766	1811.48657	
226	2.250	-257.96515	1654.22632	1534.60901				-376.14584	1530.34485	1507.79272													-260.82199	1485.38965	1739.06262																			-290.71906	1028.13196	1957.66614	-368.63406	487.36664	1764.01514				-310.64154	141.19315	1739.44836	-60.46580	163.18114	1815.47070	
227	2.260	-257.74313	1654.24463	1534.10840				-375.92758	1530.16321	1507.56250													-260.72833	1485.54785	1739.33264																			-290.53024	1028.49561	1958.16187	-369.91751	488.18695	1763.78979				-310.59109	141.84917	1739.91907	-58.32450	162.17198	1818.30969	
228	2.270	-257.76831	1654.28613	1534.00439				-375.46671	1529.82959	1506.92041													-260.16434	1485.49414	1739.06531																			-290.07870	1028.74524	1957.91516	-370.84631	488.03555	1764.67834				-311.40189	141.89111	1741.16394	-57.25314	161.71109	1820.81873	
229	2.280	-257.14673	1654.17188	1532.68237				-375.38882	1529.61475	1507.00171													-259.41144	1486.03027	1738.28394																			-289.61758	1029.02209	1957.68982	-371.70416	487.77377	1765.61365				-311.70200	142.06990	1741.78247	-54.16621	161.52567	1823.93445	
230	2.290	-257.06049	1654.47400	1532.47192				-375.12308	1529.54993	1506.69690													-259.01202	1486.31555	1738.51611																			-289.46744	1029.35425	1958.06616	-372.56726	487.45901	1766.64050				-311.67096	142.09142	1741.77332	-52.77150	160.86000	1826.77393	
231	2.300	-256.86383	1654.79895	1531.93481				-374.87753	1529.50708	1506.39844													-258.75497	1486.65637	1739.29224																			-288.98358	1029.22266	1958.09326	-373.59949	487.83777	1767.60938				-311.81180	143.91110	1742.46863	-51.00270	161.60345	1829.87842	
232	2.310	-256.55832	1655.09106	1531.35339				-374.49341	1529.51111	1505.78674													-258.30124	1486.79651	1739.97449																			-288.27997	1029.19348	1957.22717	-374.51248	487.57947	1768.67139				-311.19214	143.53528	1743.17554	-49.51468	161.15924	1834.05212	
233	2.320	-256.38727	1655.55750	1531.07605				-374.41150	1529.61584	1506.02295													-257.30319	1486.59924	1739.21094																			-287.88989	1029.61121	1956.77588	-375.45227	487.28360	1769.62622				-311.18256	143.52763	1743.18835	-49.20476	162.37338	1837.29749	
234	2.330	-256.33823	1655.63574	1531.22742				-374.18292	1529.82788	1505.94116													-256.74551	1486.87122	1739.05139																			-287.27649	1029.41138	1955.98682	-376.11499	487.12564	1770.28662				-311.69989	143.26070	1743.79565	-48.62205	161.13950	1838.52368	
235	2.340	-256.05600	1655.51147	1530.84521				-373.66739	1530.34729	1505.04358													-256.18250	1487.04175	1738.79150																			-287.03210	1029.45007	1955.79004	-376.62228	487.01474	1770.77966				-311.67981	143.23164	1743.83679	-46.38356	161.56332	1841.89648	
236	2.350	-255.63571	1655.20313	1530.29321				-373.37875	1530.20642	1505.03699													-255.59320	1487.07776	1738.08618																			-286.64682	1029.72888	1955.20947	-377.06116	486.93829	1771.26416				-311.65698	143.20854	1743.87268	-45.70510	161.63554	1843.70227	
237	2.360	-254.96475	1655.04541	1529.16089				-373.29193	1530.30029	1505.29382													-255.37267	1486.98181	1738.07898																			-286.31247	1029.81934	1955.50452	-377.75266	487.36777	1771.39673				-311.63998	143.18115	1743.91052	-44.28315	161.12561	1846.37207	
238	2.370	-254.38940	1654.88855	1528.10718				-373.02808	1530.13342	1505.35693													-255.12996	1487.25830	1738.14221																			-285.95584	1030.06970	1955.62842	-378.05576	487.29388	1771.80957				-311.62830	143.16280	1743.93604	-43.59034	160.43129	1846.69873	
239	2.380	-254.09636	1654.80249	1527.74414				-372.95416	1530.21692	1505.57434													-254.65285	1487.44080	1737.66284																			-285.62347	1030.29309	1955.71216	-378.48822	487.48645	1771.03467				-311.61713	143.16173	1743.94238	-43.32090	160.98058	1847.89624	
240	2.390	-253.97867	1654.58289	1527.70898				-372.46484	1529.98254	1504.75818													-254.08151	1487.32019	1736.83752																			-285.01401	1030.37512	1955.23218	-378.75909	487.36920	1771.47229				-311.59857	143.13957	1743.97522	-43.48808	160.62793	1848.41736	
241	2.400	-253.78601	1654.33264	1527.42102				-371.64722	1529.48975	1503.24243													-253.81488	1487.34363	1736.66956																			-284.57574	1030.59546	1955.60034	-378.92191	487.28717	1771.74011				-311.59079	143.12450	1743.99536	-43.52049	160.35164	1848.77039	
242	2.410	-253.28079	1654.00952	1526.50562				-371.38226	1529.34705	1502.85815													-253.26941	1487.24854	1735.88391																			-283.50980	1030.22241	1955.19067	-378.92587	487.20020	1771.89465				-311.58374	143.09883	1744.02673	-43.28088	159.38135	1850.18604	
243	2.420	-252.70354	1654.07361	1525.29138				-370.96909	1529.33459	1502.05933													-252.80589	1487.13147	1735.23145																			-283.28775	1030.53223	1955.82959	-379.38455	488.14716	1773.05725				-311.57901	143.09764	1744.03015	-44.24435	160.75621	1852.50525	
244	2.430	-252.13654	1653.53540	1524.24561				-370.93304	1529.34827	1502.17517													-252.29941	1487.04285	1734.52783																			-282.90948	1030.93347	1956.19897	-378.91425	487.33505	1772.08252				-311.58786	143.07770	1744.04785	-44.79381	160.45596	1853.19128	
245	2.440	-251.70389	1653.14197	1523.45459				-370.64160	1528.81250	1501.80383													-252.17265	1487.29041	1734.54041																			-282.23767	1031.19324	1955.78015	-378.81821	487.29221	1772.04688				-311.59430	143.07249	1744.05054	-45.36724	162.08585	1854.80054	
246	2.450	-251.70685	1653.11035	1523.45410				-370.46927	1528.50793	1501.60876													-251.31995	1486.84143	1733.64746																			-281.89294	1031.27686	1956.11621	-378.37537	487.05582	1773.03418				-311.61536	143.05711	1744.05762	-45.92252	161.20360	1853.17322	
247	2.460	-251.41319	1652.58093	1523.08704				-370.22910	1528.28503	1501.17761													-251.17979	1487.00854	1734.08142																			-281.36401	1030.76721	1955.72168	-378.18744	487.09827	1772.84778				-311.63391	143.04385	1744.06348	-45.85383	161.96130	1855.06018	
248	2.470	-250.93307	1652.21204	1522.08960				-369.23355	1527.65527	1499.07007													-250.49794	1486.89514	1733.38354																			-280.84085	1030.69226	1955.45374	-377.88580	487.20605	1772.54675				-311.65479	143.04366	1744.05396	-47.14303	160.97795	1854.34448	
249	2.480	-250.54843	1652.19128	1521.19080				-368.98605	1527.49341	1498.63171													-249.52821	1486.68738	1732.21460																			-279.96704	1030.11267	1954.93652	-377.29199	486.74826	1772.50269				-311.68481	143.03539	1744.04907	-47.22034	160.90051	1854.39490	
250	2.490	-250.03668	1651.75549	1520.15588				-368.97614	1527.48450	1498.66809													-249.39299	1486.86841	1732.62732																			-279.28531	1030.51221	1954.72620	-376.85464	486.89542	1771.99573				-311.69696	143.00259	1744.07922	-47.95342	160.93079	1854.78235	
251	2.500	-249.65236	1651.47351	1519.36316				-368.56937	1527.45898	1497.84851													-249.28175	1487.00281	1732.97192																			-278.81104	1031.06592	1955.00842	-376.31393	487.15048	1771.37219				-311.71368	143.01326	1744.05981	-48.20959	160.88213	1854.91736	
252	2.510	-249.42433	1651.30701	1518.78467				-368.48309	1527.18274	1497.72070													-249.18610	1487.11804	1733.26843																			-278.50629	1031.55994	1955.86023	-375.90845	487.27182	1770.88794				-311.19055	142.36601	1744.48853	-48.68767	160.63902	1855.37500	
253	2.520	-249.43999	1651.26917	1518.73987				-368.30780	1526.90588	1497.38025													-248.43625	1487.06616	1732.15833																			-278.16739	1032.16113	1956.37231	-375.33810	487.47083	1770.33459				-311.18359	142.33788	1744.52246	-49.66717	160.89432	1855.90552	
254	2.530	-249.46307	1651.25916	1518.65906				-368.16629	1526.59668	1497.08167													-248.01231	1487.19470	1731.72217																			-277.45984	1032.42700	1956.13074	-374.42822	486.95114	1769.65002				-311.18024	142.31900	1744.54468	-49.84861	160.96437	1855.83301	
255	2.540	-249.21083	1650.74707	1518.13257				-368.16516	1526.58704	1497.08875													-247.36385	1486.86646	1730.85815																			-276.76721	1032.29163	1955.71179	-373.86667	487.07669	1769.09412				-311.15887	142.28845	1744.58801	-50.09352	160.98885	1855.79578	
256	2.550	-248.56224	1650.61328	1516.73560				-367.93954	1526.37109	1496.60376													-247.24133	1487.03955	1731.22986																			-276.19223	1032.28625	1955.14722	-373.45630	487.19000	1768.70813				-311.13281	142.25961	1744.63171	-50.40865	161.05760	1855.75867	
257	2.560	-248.18108	1650.44116	1515.80078				-367.73016	1526.29358	1496.10193													-246.57607	1486.62549	1730.42896																			-275.63278	1032.59875	1954.36902	-373.00156	487.32883	1768.31897				-311.10672	142.22729	1744.67920	-51.47161	160.57304	1854.85437	
258	2.570	-248.17979	1650.45471	1515.80103				-366.96054	1525.76111	1494.42224													-246.37424	1486.85095	1730.41187																			-275.56650	1032.74438	1954.53857	-372.70709	487.32700	1768.09314				-311.06143	142.19987	1744.73022	-51.99576	160.57397	1855.05151	
259	2.580	-248.18938	1650.47424	1515.75989				-366.97162	1525.75452	1494.38733													-245.93463	1486.96191	1729.88293																			-275.35873	1032.62256	1954.43933	-372.38007	487.51288	1768.98584				-311.01620	142.16565	1744.78870	-52.59333	160.82208	1854.79785	
260	2.590	-247.98282	1650.44385	1515.20801				-366.72916	1525.60840	1493.92383													-245.59528	1486.95105	1729.54126																			-275.09058	1032.78247	1954.37585	-372.15414	487.54919	1768.84412				-310.97067	142.15355	1744.82312	-53.93753	160.56596	1853.64490	
261	2.600	-247.76868	1650.27319	1514.67651				-366.55951	1525.63770	1493.39673													-245.22946	1487.10425	1729.15295																			-274.36523	1032.82336	1953.67615	-371.94931	487.61612	1768.76807				-310.91858	142.13097	1744.87207	-53.94476	160.59018	1853.59033	
262	2.610	-247.52161	1650.17053	1514.10132				-366.55603	1525.65833	1493.40112													-245.02608	1487.33203	1728.87500																			-274.01566	1032.88806	1953.75061	-371.79614	487.64081	1768.74402				-310.87979	142.10701	1744.91638	-53.94617	160.62199	1853.52869	
263	2.620	-247.51643	1650.20337	1514.10974				-366.35904	1525.63477	1492.95813													-244.79279	1487.23962	1728.65210																			-273.53207	1032.80200	1953.34912	-371.65500	487.68686	1768.76599				-310.85373	142.10548	1744.93018	-54.07480	160.84114	1853.38257	
264	2.630	-247.38307	1650.35681	1513.76831				-366.35852	1525.66357	1492.94983													-244.49577	1487.47998	1728.27063																			-273.03180	1032.59875	1953.08264	-371.11206	487.06287	1770.08447				-310.84259	142.09509	1744.94678	-54.05059	160.88623	1853.32739	
265	2.640	-247.35928	1650.43286	1513.83081				-366.33249	1525.71973	1493.01782													-243.87700	1487.46106	1727.33691																			-272.11624	1032.53503	1952.01599	-370.65460	486.36911	1771.46484				-310.83151	142.07651	1744.97229	-53.66683	161.10648	1852.86340	
266	2.650	-247.33646	1650.50439	1513.89136				-366.31476	1525.78796	1493.05359													-243.35297	1487.54785	1726.77783																			-271.70383	1033.13806	1952.39453	-370.56934	486.55545	1772.66919				-310.82587	142.07262	1744.97913	-53.64095	161.14595	1852.82104	
267	2.660	-246.82732	1650.98193	1512.80933				-366.23184	1526.07983	1492.88599													-243.27138	1487.75842	1726.99316																			-271.27887	1033.83069	1952.77075	-370.55573	486.54999	1772.74829				-310.81989	142.06453	1744.99072	-53.59726	161.19763	1852.77759	
268	2.670	-246.71922	1651.49426	1512.64514				-366.19693	1526.23950	1492.94788													-243.20963	1487.92761	1727.15259																			-270.53177	1034.15442	1952.33215	-370.58298	486.55344	1772.85718				-310.82156	142.06819	1744.98596	-53.54524	161.23648	1852.76855	
269	2.680	-246.66827	1651.61292	1512.79297				-366.14063	1526.73767	1493.02075													-243.04573	1488.58386	1727.21350																			-269.46414	1034.20239	1951.27893	-370.57907	486.62350	1772.98096				-310.82367	142.07228	1744.98059	-53.48543	161.28166	1852.75720	
270	2.690	-246.64790	1652.11328	1513.00598				-365.73553	1527.44458	1492.15869													-242.93956	1488.76514	1727.52649																			-268.75977	1034.09167	1951.01294	-370.58719	486.67282	1773.07935				-310.82343	142.06989	1744.98328	-53.08495	161.90144	1853.67920	
271	2.700	-246.65480	1652.55859	1513.37561				-365.54227	1528.10535	1492.30640													-242.49971	1489.04980	1727.27161																			-268.45471	1034.18469	1951.16418	-370.56494	486.76025	1774.29065				-310.82138	142.07018	1744.98389	-52.32224	162.39540	1854.79846	
272	2.710	-246.52338	1652.92432	1513.73804				-365.59760	1529.45349	1492.79248													-242.28386	1489.31335	1727.94519																			-267.60764	1034.14368	1949.98657	-370.63986	486.77087	1774.50916				-310.81998	142.07069	1744.98401	-51.67538	162.72498	1854.17615	
273	2.720	-246.52112	1653.97168	1514.24646				-365.47015	1529.80884	1493.09766													-241.87677	1489.54126	1728.21411																			-266.84772	1033.59326	1948.98010	-370.91013	487.12781	1775.71741				-310.54349	142.27951	1745.59375	-49.71548	162.01138	1854.54822	
274	2.730	-246.31770	1654.50732	1514.81799				-365.21356	1530.34351	1493.43042													-241.50230	1489.99597	1728.76453																			-266.00446	1033.08313	1947.51074	-370.91379	486.98538	1775.79895				-309.68408	141.07469	1746.08643	-49.43816	162.02245	1854.52637	
275	2.740	-245.80577	1656.34717	1515.26501				-364.91333	1531.34668	1493.91272													-241.23148	1490.30249	1729.61865																			-265.58228	1033.26929	1946.78503	-370.87299	486.90295	1775.81860				-309.68100	141.06796	1746.09534	-48.88420	162.22504	1854.15503	
276	2.750	-244.99994	1657.35388	1516.37402				-364.30923	1533.55737	1494.30469													-240.91263	1490.64148	1730.63208																			-265.17960	1033.57324	1946.22925	-370.72058	486.95892	1775.71655				-309.68518	141.05429	1746.10828	-48.56991	162.90009	1855.17188	
277	2.760	-245.01007	1658.58655	1519.06311				-363.79260	1534.64758	1495.66479													-241.00783	1491.62976	1731.72620																			-263.75110	1032.39868	1943.92798	-370.52499	486.96097	1775.54089				-309.68875	141.03523	1746.12744	-48.38662	162.81165	1855.28137	
278	2.770	-244.82260	1659.39136	1520.85461				-363.49847	1535.85327	1496.42285													-240.86296	1491.78052	1732.18762																			-263.19431	1032.55457	1942.95288	-370.17825	487.02618	1775.12195				-309.75623	140.66248	1745.94653	-48.18159	162.61458	1855.46680	
279	2.780	-244.47348	1661.07690	1521.40930				-363.03082	1537.90393	1496.81494													-240.66646	1492.05176	1732.78967																			-262.65063	1032.28345	1942.13330	-369.60974	487.32993	1774.56848				-309.82599	140.28871	1745.76538	-46.88221	162.32176	1855.53967	
280	2.790	-244.02994	1662.55188	1522.49353				-362.50128	1538.70605	1497.20642													-240.30424	1492.51733	1733.91162																			-261.65128	1031.66272	1940.10278	-368.99408	487.55640	1773.96277				-309.82971	140.27205	1745.78186	-45.42538	163.12157	1856.52136	
281	2.800	-243.30702	1664.07642	1524.69299				-362.38306	1540.53979	1498.10706													-239.70657	1493.12219	1735.82117																			-261.26340	1031.28979	1939.42090	-368.36948	487.80536	1773.36450				-309.83047	140.25710	1745.79785	-44.89240	163.22224	1856.30273	
282	2.810	-242.98442	1665.29297	1527.52124				-361.74139	1542.42261	1498.19238													-239.09993	1493.81494	1737.73132																			-260.54428	1030.95093	1937.78259	-367.80545	487.99417	1772.85303				-309.82669	140.24193	1745.81616	-44.32162	163.20464	1856.45593	
283	2.820	-242.60356	1667.00452	1528.54370				-360.90671	1543.13416	1499.64502													-238.79019	1494.19617	1738.69690																			-259.75156	1029.96936	1936.34167	-366.41360	487.14078	1774.82227				-309.34833	139.35669	1745.95337	-43.42673	163.58142	1856.43372	
284	2.830	-242.64893	1668.79028	1530.24548				-360.07547	1545.22766	1501.90564													-238.59756	1494.60962	1740.23486																			-258.82687	1029.10315	1934.63428	-365.46021	487.62482	1773.68420				-309.82510	140.23344	1745.82617	-43.16125	163.44643	1856.74646	
285	2.840	-241.56514	1670.43164	1532.26965				-359.05688	1547.11365	1501.56445													-237.89725	1495.28906	1742.48218																			-258.47043	1029.11548	1933.73767	-364.22061	488.24960	1772.12915				-309.35168	139.36407	1745.94373	-42.44117	163.76530	1856.26697	
286	2.850	-240.80093	1671.93469	1534.57629				-358.93750	1548.26587	1503.10632													-237.01303	1495.94495	1744.99231																			-257.76895	1028.35779	1932.46021	-362.87048	488.79767	1770.46680				-308.41742	138.05908	1747.80811	-41.89503	163.75571	1856.35876	
287	2.860	-240.33809	1673.75439	1535.58459				-357.55908	1549.76306	1503.49512													-236.55336	1496.11035	1746.13330																			-256.49033	1027.42969	1929.73633	-361.83545	488.51840	1767.72888				-308.41742	138.05908	1747.80811	-41.49068	163.69821	1856.04590	
288	2.870	-239.37003	1674.80054	1536.37988				-356.40314	1552.09119	1506.51367													-235.83565	1496.34656	1748.36658																			-256.39157	1026.81836	1929.33960	-360.83438	488.34332	1765.98132				-308.41742	138.05908	1747.80811	-40.95849	163.56635	1855.88086	
289	2.880	-238.21918	1676.98120	1539.72156				-354.91077	1552.76025	1505.65625													-234.87010	1497.30164	1751.45947																			-255.43475	1025.79565	1926.94421	-359.63538	488.83432	1764.18884				-308.41742	138.05908	1747.80811	-40.47842	163.72618	1855.82092	
290	2.890	-237.21976	1678.49084	1540.32385				-353.50620	1553.92981	1506.28210													-234.14525	1497.23315	1752.42004																			-254.54526	1024.58728	1924.88354	-358.38467	489.10947	1761.35535				-308.41742	138.05908	1747.80811	-39.58417	163.13335	1856.72449	
291	2.900	-236.06250	1679.78796	1541.62244				-351.59763	1555.97205	1507.95654													-233.18893	1497.32202	1755.16931																			-254.48643	1024.12769	1923.61450	-357.41962	489.23508	1758.99658				-309.79587	137.76097	1747.01575	-38.66093	163.45586	1857.16711	
292	2.910	-234.63358	1681.39221	1545.02625				-350.86890	1557.37415	1509.32019													-231.99098	1497.60962	1757.32007																			-253.70306	1022.62091	1921.44617	-356.63306	489.34869	1757.78162				-312.05087	138.74025	1745.00940	-38.22844	163.75253	1857.77905	
293	2.920	-232.89619	1683.04590	1544.07581				-348.63034	1558.83752	1509.98132													-231.51836	1497.35828	1759.19971																			-253.00165	1021.15466	1918.80188	-355.80460	489.21051	1754.16357				-310.49133	135.71584	1745.92053	-37.77851	164.30389	1856.79395	
294	2.930	-231.56906	1684.34607	1547.74609				-346.67853	1560.31726	1510.93140													-229.94942	1497.72119	1762.01746																			-253.05348	1020.60388	1917.16528	-354.55325	487.41010	1753.82080				-310.76883	135.20969	1746.02625	-37.51088	164.71643	1856.48633	
295	2.940	-229.81958	1685.37476	1548.44287				-345.45895	1561.26367	1511.96533													-228.82121	1497.57410	1763.05774																			-252.93280	1019.91827	1915.63257	-353.73608	488.42761	1748.19800				-310.14313	135.07175	1744.79810	-37.39308	165.03749	1856.15649	
296	2.950	-228.16245	1687.36157	1550.27710				-342.40622	1562.82483	1513.28442													-227.51717	1497.68567	1764.50110																			-251.66425	1018.20282	1912.18689	-352.74115	488.32440	1745.85059				-310.14313	135.07175	1744.79810	-37.28855	165.36613	1855.84106	
297	2.960	-226.30443	1688.93457	1551.65576				-340.81497	1564.38733	1512.92468													-226.20656	1497.95276	1767.37134																			-251.66576	1017.66333	1910.99438	-351.77087	487.86325	1744.05334				-310.71979	134.75769	1745.58826	-35.97787	165.41602	1854.49646	
298	2.970	-224.12610	1689.55627	1552.24487				-338.13644	1565.22974	1514.95740													-224.98750	1497.55640	1767.08179																			-251.53239	1017.02930	1909.82739	-350.80560	487.25668	1740.23633				-312.92194	135.36330	1742.93848	-37.11200	165.84203	1855.08899	
299	2.980	-222.03270	1690.67566	1554.22510				-336.13101	1565.83350	1514.72363													-223.60199	1497.82141	1769.26721																			-250.88190	1016.31586	1907.68799	-350.09213	487.01163	1739.16345				-313.66132	134.48782	1743.26794	-37.74937	166.46671	1853.81726	
300	2.990	-220.72250	1692.54053	1554.95349				-333.04401	1567.41687	1516.51489													-222.26044	1498.02673	1770.72644																			-250.06982	1015.23376	1905.98755	-349.65854	486.96130	1737.48157				-312.75195	133.43137	1744.41199	-37.75203	166.63501	1850.93713	
301	3.000	-218.02826	1694.04810	1556.94592				-331.07495	1568.45239	1516.12744							-45.46169	1494.41833	1693.64624				-220.88342	1497.41260	1770.05750																			-249.06131	1014.38574	1904.14575	-348.46536	487.08340	1734.91870				-312.75195	133.43137	1744.41199	-37.00412	167.10915	1850.63318	
302	3.010	-216.33128	1694.54907	1557.12976				-327.68384	1569.05737	1517.17078							-44.59483	1494.37744	1694.25964				-219.33154	1497.62585	1771.37158																			-247.74870	1013.45898	1902.50891	-347.48956	486.05966	1732.97253				-313.67838	132.31207	1745.20325	-37.10479	166.72565	1849.04675	
303	3.020	-213.58897	1695.88757	1558.84485				-325.33459	1569.54138	1516.21655							-41.57338	1494.60400	1695.89368				-217.63792	1497.67578	1772.39050																			-246.76363	1013.54474	1901.58606	-347.78818	485.84064	1731.83813				-313.73813	131.61446	1744.77124	-36.46882	167.96416	1847.42712	
304	3.030	-211.75644	1696.26758	1558.29529				-322.12921	1570.88269	1517.26501							-40.58729	1494.86084	1696.51392				-216.25114	1497.74963	1771.42285				51.99506	1240.00635	1898.26782													-244.62601	1012.03601	1898.63232	-346.87317	485.83459	1728.59277				-313.73813	131.61446	1744.77124	-35.09400	168.87709	1845.77771	
305	3.040	-209.07918	1697.62207	1560.30933				-319.26056	1570.54297	1515.41821							-37.73452	1494.70862	1697.23071				-214.57501	1498.01978	1771.79163				52.06635	1238.04529	1898.57275													-243.96643	1012.90228	1897.71362	-346.65521	485.79102	1727.22949				-313.73813	131.61446	1744.77124	-34.20700	173.22049	1844.84412	
306	3.050	-206.85027	1698.24585	1559.46838				-315.66434	1572.13074	1516.22083							-36.44042	1495.31189	1699.09375				-212.37424	1498.01953	1772.55286				52.86840	1236.88220	1897.67773													-241.39981	1012.57599	1895.89136	-346.10431	485.14850	1728.22961				-313.73813	131.61446	1744.77124	-30.01457	176.10661	1841.91736	
307	3.060	-203.65715	1699.58057	1559.71057				-313.30655	1572.55505	1514.77820							-33.39014	1494.50134	1697.28821				-210.79445	1497.80701	1771.35242				53.50189	1235.47888	1897.52991													-238.41063	1012.80908	1895.38538	-346.28162	485.98877	1724.75195				-313.73813	131.61446	1744.77124	-19.65278	180.43759	1837.05383	
308	3.070	-201.64981	1699.95605	1559.79565	-348.61990	1460.28870	1623.96179	-309.72824	1573.23047	1514.96228							-31.34947	1494.90906	1699.30261				-208.58185	1497.79053	1770.79333	-475.41708	1120.24756	1612.36438	54.18798	1233.96350	1897.25378	-486.15146	882.67365	1480.19727	80.05209	1029.02197	1608.35352	-75.47264	1084.85315	1553.98376	42.24557	1035.84460	1600.30103	-235.82840	1011.55121	1893.17773	-345.97913	485.97925	1724.02710	-22.19124	604.40332	1783.04102	-313.73813	131.61446	1744.77124	-7.98013	183.84283	1832.98462	
309	3.080	-198.75011	1700.22644	1560.12097	-345.85602	1461.66248	1623.03662	-306.40637	1573.14929	1511.95471							-29.21079	1494.65784	1698.72620				-206.14697	1497.87463	1771.24988	-472.69022	1122.05200	1606.35181	55.07209	1232.69714	1896.61328				108.99198	1093.92847	1752.54773							-233.29382	1011.47595	1892.32910	-345.17014	486.27295	1722.35669	-16.73845	606.14648	1780.32336	-313.73813	131.61446	1744.77124	1.35139	186.96967	1827.88586	
310	3.090	-195.86710	1700.90015	1559.66809	-342.80325	1461.44153	1621.85449	-302.60843	1574.98242	1512.43652							-26.05730	1494.23999	1698.67224				-203.91563	1497.34705	1769.11731	-470.14529	1123.18433	1602.21106	56.15799	1231.20349	1895.89172				110.97112	1089.35547	1755.01392							-230.31499	1011.87903	1891.71008	-345.12109	485.83420	1721.83899	-12.91896	605.95886	1775.14478	-313.73813	131.61446	1744.77124	12.29460	189.26216	1825.15039	
311	3.100	-192.36284	1701.85474	1559.25391				-299.33563	1574.41113	1509.69568							-23.37088	1493.84302	1697.71106				-201.23177	1497.29968	1768.45935	-467.38037	1124.29602	1597.35046	57.33299	1229.58899	1894.85791				113.07432	1084.57922	1757.84509							-227.69238	1011.39764	1889.60645	-345.07852	485.15732	1721.16199	-8.62493	606.91504	1771.96912	-313.83856	131.19540	1744.62585	21.74048	189.55667	1817.98145	
312	3.110	-189.70317	1702.03967	1558.88977	-336.90610	1463.44092	1619.48828	-295.20404	1575.64893	1508.73425							-20.57489	1493.45264	1696.82666				-198.50098	1497.39612	1767.79199	-464.25983	1125.58118	1592.13000	59.06988	1228.12085	1893.16809	-454.28680	867.17657	1390.83044	115.67503	1079.91663	1760.89124	62.45494	1011.76434	1612.86829	43.15048	975.10468	1608.95581	-223.83778	1011.41345	1889.31042	-345.21155	485.13596	1720.33899	-2.98375	607.32123	1768.87695	-313.28290	130.08296	1745.04492	32.07827	190.88979	1814.89709	
313	3.120	-186.28503	1702.50891	1559.17664				-292.24774	1575.58337	1507.24988							-18.19297	1493.67200	1697.53967				-196.12584	1497.04333	1765.89429	-461.10645	1126.76758	1587.38049	60.61276	1226.96240	1892.75159				117.90369	1074.36877	1764.15137							-220.87524	1010.98285	1886.94165	-344.54507	484.80453	1718.12720	1.63524	607.26514	1764.22571	-313.38339	129.66370	1744.89954	43.84835	189.25069	1808.03894	
314	3.130	-182.76720	1702.56177	1556.62622				-287.77518	1576.55273	1505.94470				-330.79883	1463.61133	1615.74707	-15.10165	1492.88110	1695.89819				-192.95900	1497.52539	1765.88232	-457.65704	1127.51746	1583.79468	63.06232	1225.15552	1890.68494				120.79597	1068.73511	1767.75073							-217.74115	1011.05963	1886.37891	-343.76541	484.74017	1716.91992	7.16711	607.65442	1762.00989	-313.38339	129.66370	1744.89954	55.83515	188.49025	1802.20825	
315	3.140	-178.73117	1702.96680	1556.55847	-144.36922	1350.91943	1615.87048	-284.45972	1577.13806	1504.60095				-327.21848	1464.12903	1613.92151	-11.81214	1492.30737	1695.07275				-190.07065	1496.94287	1763.94348	-453.95480	1128.51123	1578.81311	65.35166	1222.97827	1888.19519				123.29576	1062.82813	1771.92749							-214.49345	1010.83740	1884.32849	-343.44296	484.82745	1715.20239	12.87630	606.44806	1758.26160	-313.38339	129.66370	1744.89954	67.89600	187.72926	1797.08154	
316	3.150	-175.83424	1702.82471	1555.46558				-280.25748	1576.92773	1502.75073				-324.25934	1464.91821	1611.88635	-8.63703	1491.82886	1693.64954				-186.97569	1496.73608	1762.84167	-450.32474	1129.38245	1574.19495	67.93186	1221.51587	1886.89539	-460.83163	901.43866	1431.00110	125.62844	1056.53784	1776.52307	101.77655	966.54633	1650.59631	128.13120	935.81787	1667.59985	-211.57336	1009.69165	1881.92810	-342.70248	484.27408	1712.80457	18.37802	606.60852	1756.49658	-313.52551	129.26791	1744.46948	80.61102	187.46933	1791.69812	
317	3.160	-171.76335	1703.73779	1555.21362				-275.54742	1577.08862	1499.87512				-320.71893	1464.46094	1611.30396	-5.40310	1491.53589	1692.17529	-137.97350	1350.37451	1612.28235	-183.21779	1496.32178	1761.06494	-446.91281	1129.76111	1570.97839	71.30168	1220.06677	1885.91650				128.37746	1050.42041	1781.65735							-208.39644	1010.14264	1881.01550	-342.09872	483.97174	1711.89978	23.59359	607.30597	1756.48169	-313.52551	129.26791	1744.46948	92.74796	185.97079	1784.75684	
318	3.170	-167.56134	1703.49670	1552.29614				-271.57092	1577.30249	1497.46313				-317.29666	1464.42261	1608.06079	-1.86302	1491.20801	1690.81726	-135.09367	1350.06799	1610.07239	-180.00250	1495.85327	1758.79321	-442.67609	1130.77649	1566.22424	75.02971	1218.00623	1882.53564				130.40678	1044.10205	1785.67139							-205.01897	1009.35858	1878.51624	-340.83191	483.01559	1711.74805	30.24715	606.16486	1754.93213	-313.52551	129.26791	1744.46948	105.26189	184.61324	1778.31201	
319	3.180	-163.96970	1703.67236	1552.60547				-267.01819	1578.18469	1497.08972				-313.32877	1464.99060	1607.43982	2.22706	1490.32605	1687.17932	-131.72334	1349.73083	1608.88806	-176.02069	1495.75537	1757.66492				77.97769	1216.72729	1880.63904				132.94058	1037.10144	1790.34253							-202.49066	1008.89838	1875.58008	-339.16113	483.59537	1709.73267	36.02180	605.01508	1753.03723	-313.05231	128.45706	1744.89063	117.82899	184.23624	1773.58008	
320	3.190	-159.25238	1703.33630	1550.79187				-262.87201	1577.86829	1493.88892				-310.03302	1464.44922	1604.73315	6.37664	1489.51807	1686.08264	-128.11723	1349.26465	1606.95337	-172.24895	1494.86597	1755.03882	-406.64963	882.28021	1435.97241	82.20802	1214.41272	1876.94568	-410.46008	874.63348	1341.37500	135.86078	1030.42798	1795.30579	133.19348	910.88556	1735.15674				-199.34543	1009.02600	1874.07190	-337.23676	483.36740	1708.48608	41.62871	604.65649	1753.86841	-313.05231	128.45706	1744.89063	129.38152	183.63531	1767.09851	
321	3.200	-155.28250	1703.46680	1548.23218				-257.80301	1577.66431	1491.37903				-305.62357	1465.02917	1603.43726	9.91510	1488.48486	1682.91113	-124.43710	1349.06677	1604.56042	-168.37245	1494.39478	1754.14612	-461.32892	939.13391	1479.14221	85.49540	1212.71362	1873.99097				138.25404	1024.01501	1802.69141							-196.27702	1008.13940	1872.00232	-335.87012	482.68546	1708.51172	48.01459	603.85675	1753.09290	-313.05231	128.45706	1744.89063	142.49208	183.01009	1761.98767	
322	3.210	-150.31190	1703.60950	1547.50745				-253.53078	1577.61792	1489.83093				-301.80029	1464.42664	1600.49353	13.88790	1488.44495	1683.44409	-120.78575	1348.22620	1603.85913	-164.57407	1493.83496	1751.65686	-457.51193	941.90753	1474.61292	89.48294	1211.18945	1871.60242				141.21445	1017.05981	1809.47351				-34.71601	1055.69373	1647.54858	-193.06914	1007.19897	1868.03162	-333.84058	481.87518	1707.37695	53.84779	603.15863	1754.00049	-313.05231	128.45706	1744.89063	153.93677	184.06068	1757.35645	
323	3.220	-146.28763	1703.22559	1545.61890				-248.94560	1578.14148	1486.54822				-297.52280	1464.32178	1598.59827				-117.04141	1348.05615	1601.28064	-159.82510	1493.08557	1749.07678	-449.72852	941.39990	1470.02820	93.20081	1209.21973	1867.97095				143.86717	1011.02502	1816.38879				-30.37827	1055.70776	1645.45667	-189.85059	1007.71362	1866.52942	-332.29410	482.16376	1706.53931	60.22976	602.15906	1754.74829	-311.76117	128.61502	1742.69727	165.52722	182.65674	1750.44373	
324	3.230	-141.58011	1703.24841	1543.53442				-243.43616	1578.23132	1484.89233				-292.91812	1464.41577	1595.34998				-112.76830	1347.25903	1598.81995	-155.94658	1492.89331	1747.26306	-443.80264	942.41321	1466.99390	96.31879	1207.32300	1864.03320	-456.40894	842.47626	1395.98242	147.15140	1005.88202	1824.90491	113.31504	906.00934	1719.72876	-25.85663	1055.10278	1645.94299	-186.00005	1007.46558	1864.28723	-330.42657	481.78119	1704.78918	67.67893	600.74072	1756.15430	-311.76117	128.61502	1742.69727	176.55711	182.39601	1743.85925	
325	3.240	-136.29384	1703.39404	1542.14893	-128.42781	1416.04175	1404.19751	-238.82831	1578.67529	1482.60400				-288.39481	1464.30981	1592.83130				-108.61488	1347.15820	1596.85327	-151.68227	1492.26074	1745.39612	-437.15417	943.65216	1463.49841	99.02335	1206.31494	1859.75403				150.72795	1001.08771	1831.50781				-21.23119	1054.43225	1640.82092	-182.85989	1006.69049	1861.65747	-328.45963	481.29807	1702.79431	74.27018	600.62207	1758.59717	-312.03363	127.37592	1742.22729	187.71283	183.40381	1739.17029	
326	3.250	-131.35228	1703.02722	1539.45459	-122.86528	1417.06470	1402.14282	-233.82063	1577.98499	1479.10938				-283.19110	1464.46191	1589.61450	31.95154	1485.05725	1673.71753	-104.10398	1347.05298	1594.34009	-146.86929	1491.61292	1742.42212	-429.59683	944.69806	1460.58154	101.63462	1204.52905	1855.76404				154.16353	997.12524	1840.07520				-16.19472	1053.84729	1639.21655	-178.10139	1006.29773	1858.63647	-326.70718	481.45041	1701.06946	81.84451	600.21503	1761.57642	-312.03363	127.37592	1742.22729	197.37819	184.04909	1734.41479	
327	3.260	-126.27602	1702.84717	1537.22729				-228.45216	1578.71960	1477.47107				-278.72601	1463.92786	1585.87952	35.78241	1484.53845	1671.66724	-99.17032	1346.30859	1591.84607	-142.68767	1491.04553	1739.71387	-422.59387	946.33563	1458.65674	103.31122	1203.77148	1852.86877				157.45825	992.79382	1844.47559				-11.35558	1053.58313	1635.57031	-174.00099	1005.19104	1854.44995	-324.03250	480.69577	1700.38367	88.53382	599.56342	1762.24622	-312.58041	126.31836	1742.38550	207.58995	184.73260	1728.49243	
328	3.270	-120.31145	1703.13489	1535.06555	-114.12645	1415.30164	1398.15271	-223.01866	1579.09351	1475.23364				-272.45697	1464.10742	1582.38538	41.19677	1483.41992	1669.34827	-94.28471	1345.93762	1589.24792	-137.73184	1490.62671	1737.54761	-417.09326	948.94794	1457.86108	105.44936	1201.80090	1849.60913	-393.36417	923.71149	1368.43640	160.86534	989.95630	1854.47644				-5.70425	1052.98035	1632.86584	-169.28154	1005.99878	1852.71545	-321.23889	480.12372	1698.75354	96.15951	598.60864	1766.15515	-312.58041	126.31836	1742.38550	216.98714	184.81847	1721.75049	
329	3.280	-115.05917	1702.88477	1533.76501				-217.95616	1578.92969	1472.41687				-267.48856	1464.01501	1579.30762	46.21796	1482.98035	1669.17578	-88.90868	1345.43518	1585.96228	-133.70181	1489.47485	1734.49890	-409.19894	950.08997	1456.96533	108.03731	1200.37305	1846.83252				164.13438	987.85693	1860.92859				-0.22635	1052.80872	1631.29968	-165.03314	1004.45154	1849.24878	-318.89984	479.78659	1697.61487	103.26917	598.49890	1766.48914	-312.58041	126.31836	1742.38550	226.37772	186.33813	1716.88037	
330	3.290	-109.49348	1702.64893	1531.14844				-212.01285	1578.46216	1469.62195				-261.94592	1463.44958	1574.53979	51.54361	1482.21985	1665.67432	-83.08195	1345.00562	1582.76294	-128.31570	1488.92407	1732.25562	-405.29236	953.90247	1455.36560	110.89133	1199.46826	1845.71094				167.71400	986.44458	1869.71497				5.57817	1052.34338	1628.85071	-159.26865	1004.07281	1846.22339	-316.14377	479.61972	1695.86816	109.62946	599.47906	1765.91101	-312.63892	125.62066	1741.95349	235.24078	187.99675	1712.03088	
331	3.300	-103.46262	1702.47327	1528.20557				-205.95651	1578.72302	1467.51062				-255.67313	1462.97961	1571.58716	56.33604	1482.06384	1665.07410	-77.23451	1344.76367	1580.79968	-123.82171	1488.16956	1728.64575	-398.37253	954.99774	1454.52979							170.95700	984.72498	1876.05957				11.90655	1051.83643	1625.25391	-154.34897	1003.87708	1842.21375	-313.87833	479.44437	1693.77869	117.27685	598.93951	1763.98596	-312.16525	124.80944	1742.37415	244.32320	189.53249	1707.24524	
332	3.310	-97.36633	1702.07495	1526.84595	-68.71417	1427.46521	1389.67969	-200.09723	1579.83887	1465.98328				-249.43584	1463.28125	1567.97009	61.81875	1481.83240	1664.34497	-70.90810	1344.15955	1577.94324	-118.73733	1487.46521	1726.15027	-388.98282	953.64465	1454.21387	116.43734	1198.32898	1843.93311	-389.83884	850.86676	1410.89160	173.63950	983.84949	1881.60632	8.19226	1112.17969	1435.61792	18.22303	1052.35791	1622.55139	-148.12004	1002.64246	1838.95447	-309.47943	477.91916	1693.18713	126.54177	600.66223	1762.16101	-312.16525	124.80944	1742.37415	252.99010	189.74400	1700.98572	
333	3.320	-90.88493	1702.17163	1524.70569	-62.95042	1427.61426	1386.86401	-193.73270	1579.12683	1462.60486				-243.30249	1461.87061	1562.70300	67.98055	1480.56799	1661.87390	-64.63277	1343.45654	1574.71265	-113.41251	1486.38000	1722.89575	-384.89548	956.22070	1453.77356	120.24776	1198.28723	1844.49438				177.16634	984.55377	1891.37512				24.74037	1051.55237	1618.87695	-141.99100	1002.55133	1836.11133	-306.37393	478.34406	1691.89539	132.13615	600.99573	1761.27319	-312.10397	124.54352	1742.05725	261.05154	190.27800	1696.19006	
334	3.330	-84.81945	1702.01855	1523.68567	-56.49684	1427.40381	1384.61023	-187.39232	1579.23071	1459.34412				-236.83614	1460.70923	1558.28662	73.16066	1479.83887	1660.49866	-57.77243	1343.21521	1572.62048	-108.66772	1485.66553	1719.98730	-378.11768	956.39648	1453.63635	124.99512	1198.06641	1843.72766				180.06133	984.12109	1897.51501				31.34048	1051.74451	1615.16589	-135.90390	1001.40936	1831.66663	-302.85611	478.37210	1688.47424	138.24123	601.20380	1760.67834	-311.61026	124.68783	1741.28296	267.45453	192.74557	1692.54602	
335	3.340	-78.60161	1701.52307	1522.93579				-181.20129	1578.54651	1456.96191				-230.29709	1459.80518	1555.18677	79.14618	1478.80164	1658.56189	-51.10987	1342.70703	1569.40942	-103.08321	1484.25989	1717.24585	-371.65356	956.08429	1453.72034	129.64334	1198.02014	1845.08997				183.29222	983.67688	1902.08423	-83.87692	1051.50403	1564.03162	38.32780	1050.79224	1612.86511	-129.13226	1000.40350	1827.20715	-298.21121	476.41125	1687.83179	144.78406	600.61328	1758.62573	-311.61026	124.68783	1741.28296	275.37360	192.42859	1687.65625	
336	3.350	-71.66885	1700.42444	1521.04517	-44.56620	1427.74438	1377.67029	-174.51773	1577.70142	1454.38904				-223.56281	1458.82642	1551.91760	85.07003	1478.11487	1657.20984	-44.19588	1342.04883	1565.23535	-97.73464	1482.38354	1713.15283	-363.18481	953.96124	1453.02063	134.28305	1198.39844	1846.83752	-393.21835	869.65686	1380.60388	186.17940	984.09009	1908.10535	-76.67519	1050.44775	1560.55371	46.18429	1050.41296	1610.02100	-122.70705	999.28644	1824.87354	-293.76746	477.25327	1683.51111	151.33894	600.65070	1757.34875	-310.56348	124.00368	1740.77307	281.71191	194.28943	1683.39294	
337	3.360	-64.68587	1699.68311	1518.97827				-167.80667	1578.60535	1451.82373				-217.05811	1457.32703	1548.00818	91.31256	1477.21960	1655.73291	-37.21875	1341.28662	1562.61243	-92.69342	1481.71375	1711.73059	-359.06369	954.03516	1454.74719	139.65950	1198.34692	1847.27466				189.54497	984.71906	1914.28699	-68.75187	1048.96179	1558.58899	53.24601	1049.48499	1606.67615	-115.49157	998.40552	1821.78857	-288.95215	475.65146	1681.92688	157.80402	600.22784	1755.82800				286.76880	193.68059	1680.66467	
338	3.370	-57.65369	1698.44067	1517.03223				-160.95630	1577.45068	1449.50330				-210.33333	1456.06274	1543.34253	97.34475	1476.25488	1654.72388	-29.62442	1340.31543	1559.06494	-86.70466	1480.10303	1708.49768	-352.72366	952.25726	1455.20740	144.52377	1197.99255	1848.31470				192.71773	984.56628	1917.98938	-60.88134	1047.21436	1556.04785	60.82551	1048.12952	1603.22998	-108.13555	997.32391	1817.75293	-282.98035	475.30515	1677.89282	164.53419	599.61383	1754.20862				291.28745	192.87112	1675.92859	
339	3.380	-50.87356	1697.41260	1515.50659	-45.52066	1417.16064	1364.08875	-154.77800	1577.18506	1448.63745				-203.61121	1454.23438	1539.64929	103.23474	1475.26965	1653.74109	-22.61764	1339.13477	1556.03625	-80.73287	1477.88940	1704.57751	-346.87082	950.29816	1455.64575	149.29395	1198.05835	1848.72437				197.49669	983.98755	1924.68005	-53.14384	1046.24878	1551.08606	68.34314	1047.30383	1599.50305	-100.74870	995.03955	1813.49060	-275.77652	473.62231	1674.82129	170.94136	598.13635	1753.69055	-309.36560	124.10441	1738.70642	296.10144	190.91106	1673.24329	
340	3.390	-43.85751	1696.44202	1513.49915	-39.97675	1416.71777	1360.78918	-147.71031	1576.24133	1446.09985				-196.76768	1452.66211	1536.83289	109.66412	1474.06372	1651.87817	-14.93744	1338.09045	1553.38477	-75.08206	1476.16199	1702.54822	-340.99393	947.78137	1456.43567	153.83292	1198.13977	1849.97485	-370.46432	863.23071	1383.07141	200.66689	984.10223	1928.16858	-45.26720	1044.10193	1546.33020	76.14391	1045.91284	1597.15320	-93.10217	992.40381	1809.34155	-269.11731	472.41455	1670.56653	177.65063	596.99585	1751.18530	-308.84857	124.43304	1738.03357	299.88458	188.62022	1670.27625	
341	3.400	-37.41573	1695.98328	1512.44849				-140.87439	1575.97241	1443.89221				-190.40065	1451.45862	1534.58630	115.94162	1473.06384	1650.33362	-7.65972	1337.09131	1551.22131	-68.68745	1474.50793	1700.16687	-334.68219	944.63922	1457.27148	159.40848	1197.60022	1849.81226				204.37698	982.99139	1932.24548	-37.41967	1042.77368	1540.97803	83.88529	1044.97461	1593.23792	-85.49757	989.84796	1806.08679	-260.38025	469.95569	1665.59741	184.60150	594.76471	1749.98474	-308.94986	124.01331	1737.88843	303.26761	185.12857	1668.00793	
342	3.410	-30.74166	1695.08289	1510.88171				-134.14056	1575.43616	1441.38940				-183.63541	1449.91455	1532.26636	122.53307	1471.75647	1648.53149	-0.34550	1336.50940	1547.91504	-62.10921	1473.49243	1696.98022	-328.82138	941.66339	1458.04565	164.20490	1197.52136	1850.84387				207.05028	984.31067	1936.25989	-29.77304	1040.53015	1539.40100	91.98757	1042.69824	1590.62695	-77.02578	987.71484	1801.77661	-251.21608	467.63818	1662.23706	192.30942	592.61420	1747.36255	-308.94986	124.01331	1737.88843	307.09100	182.22110	1665.47681	
343	3.420	-23.27544	1694.30469	1506.84607	2.14849	1425.51038	1356.84692	-127.34380	1575.11292	1439.12195				-176.91406	1448.98425	1529.37085	128.90591	1471.17908	1646.96326	6.63250	1335.67737	1545.11389	-55.91084	1472.19458	1694.26648	-319.43835	935.62183	1459.21887	170.13889	1196.61877	1849.58325				210.54588	982.90704	1938.22656	-22.12813	1038.41943	1536.38110	99.50340	1041.21558	1586.43689	-69.21416	986.66693	1799.57690	-242.23087	465.74399	1658.07642	200.01294	591.91833	1745.61255	-307.36746	123.40479	1738.36938	309.58148	178.82292	1664.22632	
344	3.430	-16.38012	1694.05261	1503.50317				-120.25819	1574.64319	1436.17175				-170.32953	1447.82629	1525.06409	135.40352	1470.13708	1644.78687	13.85604	1335.46790	1543.27612	-50.08501	1470.91626	1690.98584	-313.52048	932.21411	1460.65283	175.33229	1196.72571	1849.09705	-334.69174	920.66229	1366.88818	214.75337	983.58887	1942.50500	-14.63291	1036.17883	1533.12671	107.89914	1039.90283	1584.12634	-61.01172	985.50354	1796.14148	-231.09792	462.79959	1654.86304	207.17162	590.62738	1741.50073	-305.78214	122.79229	1736.31177	311.55066	176.01970	1663.43042	
345	3.440							-113.66491	1574.29370	1433.73267				-163.95541	1446.69958	1520.60449	141.95499	1469.67810	1643.52930	20.18189	1334.62622	1541.21301	-43.75191	1470.40759	1687.58887	-307.39630	928.68921	1462.05432	180.76393	1197.29846	1848.86877				219.90681	982.70996	1943.52869	-7.20985	1034.57495	1530.26160	114.70059	1038.68140	1581.27783	-53.75871	984.02869	1792.73438	-220.75726	460.57184	1650.04626	214.40077	592.50244	1737.45154	-303.70438	124.52456	1735.36816	313.35501	174.67683	1662.76440	
346	3.450	21.98681	1424.51355	1346.55847				-106.64931	1573.45764	1430.21887				-157.74098	1445.41589	1517.68555	148.22926	1469.11621	1641.59106	26.79373	1333.64563	1538.82458	-38.69051	1470.10352	1686.54199	-301.67780	924.93311	1463.87354	187.04466	1196.81604	1847.90735				224.51846	982.74646	1945.56982	-0.34922	1033.37805	1526.48560	121.44341	1039.37207	1578.61829	-47.15663	983.08954	1789.03699	-209.16885	457.44839	1645.03967	222.30702	593.97333	1730.56409	-302.37683	125.72974	1735.76025	313.75836	173.55476	1663.19946	
347	3.460	28.18808	1424.32214	1343.54797				-100.24128	1573.15674	1427.28064	123.76323	1516.75122	1415.74402	-151.19749	1445.32996	1514.45581	152.71857	1468.93811	1640.01660	33.07894	1333.41809	1535.73718	-33.25074	1468.87463	1682.06946	-294.55939	920.67798	1465.30713	192.50786	1196.91406	1845.70776				227.73808	982.35492	1944.39172	6.70429	1032.06799	1523.59863	128.38463	1039.85156	1576.51074	-40.14672	982.46637	1786.38086	-196.12810	455.04617	1639.88196	230.40730	596.92419	1727.06775	-299.62570	129.51288	1734.50696	314.14960	173.67714	1664.88184	
348	3.470	34.70752	1424.43799	1341.70313				-93.48144	1572.17395	1424.06287	130.03459	1516.37463	1413.80835	-144.18863	1444.60388	1510.46045	159.09891	1468.82825	1637.56531	39.40510	1332.98071	1534.39539	-27.65726	1468.65527	1679.25610	-288.48843	917.15106	1467.48022	198.05919	1196.96252	1842.70801	-329.40326	830.21246	1382.85339	233.08444	982.85431	1945.17163	14.14071	1031.76160	1520.04749	133.48721	1041.26379	1573.79956	-33.80213	982.24298	1782.51306	-183.04515	452.32642	1635.74329	239.30667	598.25726	1723.00549	-297.69385	132.86635	1732.11853	315.00177	172.75545	1665.83911	
349	3.480							-87.45258	1573.36462	1421.50708	136.38052	1515.91357	1411.22119	-138.00838	1444.55591	1506.29333	165.02177	1468.74060	1635.88049	45.94838	1332.92761	1531.47058	-22.44154	1468.76685	1676.91516	-284.92651	915.71582	1468.57922	204.12230	1196.84241	1841.30798				238.33389	983.41016	1945.82410	21.17700	1031.65405	1517.56482	140.11481	1042.74292	1571.30542	-28.73355	981.18024	1778.90430	-168.57957	449.56473	1629.15210	248.05724	599.57715	1716.73975	-294.36765	137.82170	1729.98535	315.53189	172.20758	1667.93726	
350	3.490							-81.36938	1573.09241	1419.26147	142.84427	1516.14612	1407.96179	-132.71436	1444.61792	1503.64868	169.97328	1469.19983	1633.08582	52.08349	1333.14417	1527.56641	-16.98205	1468.01794	1673.49487	-278.88730	912.30817	1470.41711	210.19127	1196.77820	1838.30554				244.45314	983.58704	1945.75720	27.24509	1032.07385	1513.43762	145.33463	1044.25293	1567.68689	-22.43820	981.53217	1776.16919	-151.88243	445.52951	1623.17676	256.28549	602.06122	1713.53625	-287.82037	143.38512	1727.57019	315.52460	171.30116	1669.30176	
351	3.500							-75.70830	1573.49023	1415.57458	148.26758	1516.57556	1403.94043	-126.04427	1444.53149	1500.27124	175.77582	1469.63672	1630.95056	58.11765	1333.64685	1524.51978	-11.03625	1468.42578	1670.66711	-272.96069	908.89874	1472.75562	215.69360	1196.16052	1834.93469				249.79175	983.66064	1942.97290	33.42475	1032.51221	1510.75696	151.12384	1045.29846	1564.60364	-16.98848	980.70380	1771.63672	-136.43265	443.46689	1616.55676	263.40759	601.99963	1707.20081	-281.42877	149.06197	1722.99414	316.36035	170.42171	1670.76721	
352	3.510	58.19483	1425.41284	1329.38721				-70.13274	1573.39685	1412.70691	153.91672	1517.19214	1402.01514	-120.21369	1445.01587	1497.61780	181.14842	1469.95630	1628.47363	64.44570	1334.47986	1521.40100	-6.05413	1467.99976	1667.96997	-203.31361	824.36859	1462.04333	221.43376	1197.54065	1833.01343	-295.49561	796.65289	1419.15051	255.02628	983.24762	1940.09827	40.01498	1033.83337	1506.85779	157.18774	1046.47864	1561.47070	-11.38520	980.91913	1767.84912	-119.18740	441.72519	1610.72461	271.47906	601.53931	1702.12256	-272.47528	155.74707	1719.60657	316.08957	168.61334	1672.46350	
353	3.520							-64.84148	1574.56409	1410.35425	159.39914	1517.89417	1399.88916	-115.25300	1445.31702	1493.82202	186.12859	1470.39612	1625.88757	70.23872	1334.76245	1517.07825	-0.50235	1468.22607	1664.93347				226.82350	1197.10144	1829.13037				261.09158	984.19061	1937.10645	45.84344	1034.45667	1503.73254	162.32742	1046.82751	1557.63696	-6.33703	980.90985	1764.49548	-102.60140	440.46973	1602.34753	278.66269	600.29388	1697.20520	-261.18079	163.28737	1713.38098	315.49786	167.93178	1673.09192	
354	3.530							-59.76822	1574.20044	1406.64197	164.82678	1517.86646	1397.59692	-109.72758	1445.56274	1491.63208	192.14746	1470.96985	1623.00757	75.45193	1335.59448	1514.27368	5.06820	1467.99219	1662.07642	-215.87143	1098.85205	1478.96631	233.18207	1197.27332	1825.38611				267.84225	984.43066	1934.34424	51.83611	1036.47571	1500.36255	168.78143	1047.16492	1554.59497	-0.98919	980.59930	1760.68677	-88.29247	443.24304	1590.42102	286.47168	600.55872	1692.98083	-251.50713	171.38004	1705.21143	314.55597	166.66582	1674.81189	
355	3.540	74.45217	1426.82166	1321.94104				-54.67341	1575.28235	1403.93042	169.85533	1518.92615	1395.40576	-104.57143	1446.34290	1487.91785	196.37817	1471.17529	1619.28345	80.61378	1336.17920	1510.83936	9.75428	1468.37756	1658.67200	-208.66705	1098.39331	1478.17188	238.88829	1197.46155	1821.89380				273.43994	983.31305	1927.72034	56.52897	1037.66858	1495.76807	173.99727	1047.67029	1550.60266	4.25307	981.37604	1757.50793	-76.25043	445.56970	1577.85779	294.12827	599.80377	1689.11694	-240.24927	177.62979	1698.72668	314.03418	165.26015	1676.15845	
356	3.550	78.51170	1427.34436	1321.08545				-49.99029	1575.91724	1400.95093	174.18790	1519.78577	1392.30481	-99.62949	1446.27649	1484.93933	202.21338	1471.68347	1616.13928	85.34782	1337.13318	1507.04236	15.55334	1468.16919	1655.37952	-201.92802	1098.32849	1476.09412	244.70433	1197.57324	1818.11426	-223.06876	827.94934	1427.06445	280.68906	983.21674	1924.13098	61.80990	1038.32629	1492.51099	180.40143	1048.05542	1546.00305	9.54592	981.66296	1753.54333	-62.55614	448.25861	1564.23352	300.66919	599.92651	1684.77551	-230.54704	184.36163	1690.53149	313.20581	164.17032	1675.98767	
357	3.560	82.64989	1428.69189	1317.06531				-45.17601	1576.46558	1397.99902	179.36075	1521.26965	1388.70813	-95.21780	1446.98865	1482.73303	206.83063	1472.21667	1612.23779	90.35989	1337.55811	1503.41846	20.77344	1468.52759	1651.72925	-195.67046	1097.86279	1474.55811	250.44551	1197.64453	1814.93201				287.05243	982.65472	1917.65735	66.07552	1038.37866	1488.44861	185.18629	1047.86194	1541.81982	14.98137	982.83716	1751.40698	-50.01358	448.78082	1552.76160	308.16815	600.40198	1681.57471	-219.08688	191.15131	1682.90271	312.30151	164.08748	1677.00757	
358	3.570	87.76509	1429.54395	1313.98511				-40.95539	1577.51648	1394.40027	183.39520	1522.30518	1383.94348	-90.59084	1448.38672	1479.06738	212.34653	1472.75854	1608.71899	94.77097	1338.72742	1499.31287	25.67133	1469.18896	1649.25818	-190.03999	1097.94409	1471.40479	256.56833	1197.85364	1809.71057				294.49606	981.42773	1911.31873	70.62490	1038.78149	1485.05188	190.61528	1047.66431	1537.74866	20.16781	983.17395	1746.36902	-36.43228	450.33774	1537.91125	316.44327	602.73798	1680.91187	-206.39639	198.92952	1674.89124	311.36435	164.04070	1677.46118	
359	3.580	92.86206	1430.36780	1314.65356				-36.43213	1578.29114	1391.24829	188.02103	1523.32837	1380.62915	-86.04082	1448.06848	1475.48975	216.42657	1473.54810	1605.04688	99.43104	1339.24341	1495.55408	31.09456	1469.32532	1645.05078	-184.80862	1098.06934	1469.59851	262.75525	1197.94592	1804.02612				300.91806	982.76849	1906.92212	74.86517	1039.07556	1480.12231	194.92093	1047.24536	1533.87891	25.90698	984.68805	1743.18909	-23.10345	450.67007	1525.68079	322.90048	603.22363	1679.42993	-195.61649	205.93808	1666.34009	310.80646	164.05171	1677.97168	
360	3.590	97.22980	1431.91541	1311.19470				-32.06979	1578.66675	1386.47278	191.84306	1524.71716	1376.55090	-81.62837	1449.01184	1472.39258	221.73100	1474.60059	1601.48010	103.73564	1340.15686	1492.58643	35.48801	1470.48096	1642.62354	-179.80258	1098.28442	1468.24280	268.70627	1197.86853	1800.11304	-219.78017	822.60895	1414.59875	308.32819	981.13739	1899.45459	79.25201	1039.44043	1473.81116	198.89665	1047.19702	1529.65723	30.14084	985.12549	1739.10962	-10.75399	451.06775	1514.08911	328.21313	603.09778	1678.48230	-181.80202	210.54427	1659.04688	309.87558	165.04253	1676.76868	
361	3.600	101.17714	1432.91833	1306.61511				-28.49372	1580.37952	1384.47168	196.40945	1525.77625	1373.30481	-78.07437	1449.89319	1469.93030	226.15973	1474.87646	1596.10205	107.98348	1340.89197	1488.26050	40.77534	1470.65784	1638.02698	-175.18156	1098.67163	1466.64270	274.64545	1196.99402	1793.42407				317.18079	979.84186	1892.60242	83.76221	1040.14368	1470.90491	202.95349	1047.42175	1524.65002	34.54831	985.92737	1734.58667	0.45129	452.97946	1500.45239	333.15292	603.36639	1678.16858	-169.72565	215.53021	1650.81653	310.16586	165.47415	1676.24719	
362	3.610	104.00977	1434.70032	1297.93652				-24.39809	1580.82568	1381.02795	200.69182	1527.45105	1368.64368	-73.94499	1450.52271	1467.43652	230.91443	1475.61670	1591.92969	112.20304	1341.70837	1484.38000	45.18623	1471.59058	1634.95227	-170.55147	1099.00183	1465.85229	281.23886	1196.49048	1786.77332				324.06418	978.18835	1882.98169	87.08738	1040.04919	1466.44434	207.31381	1047.53418	1519.82446	38.82933	986.35022	1730.70837	11.78490	454.72562	1489.45081	337.49872	603.55493	1677.93408	-156.28061	219.68616	1642.46729	310.98080	165.88585	1675.84204	
363	3.620	107.80859	1435.56909	1293.26465				-20.85594	1581.35925	1376.55981	204.04886	1528.64099	1364.02515	-69.58781	1450.89429	1462.44189	235.35332	1476.66882	1587.79333	116.18915	1342.57422	1480.02832	51.02364	1471.36560	1629.41052	-166.31578	1099.86841	1462.73547	287.73080	1196.31409	1780.58301				332.87189	976.91583	1875.95557	91.34554	1040.76416	1462.15332	211.67561	1047.72998	1514.54553	42.53236	987.46704	1727.03796	22.64980	457.44678	1475.68420	341.37817	603.49121	1677.82019	-142.18227	223.70422	1633.98889	311.60593	165.88239	1674.96497	
364	3.630	112.12881	1436.01636	1293.41125				-17.18248	1582.40698	1373.29663	207.48360	1529.43274	1359.78955	-65.69720	1451.60986	1459.37231	239.80598	1476.35535	1582.97852	120.39511	1343.21680	1475.29468	55.51418	1471.85413	1626.04932	-161.97067	1100.19873	1462.45422	294.11383	1195.78967	1772.89526	-178.63361	806.48834	1447.32642	339.72015	975.39612	1866.12329	95.28039	1041.22656	1458.57556	215.63898	1047.34631	1511.64404	45.94936	987.33093	1721.57837	33.73842	459.73633	1462.99939	344.92599	602.81982	1678.53943	-127.21749	227.91245	1622.29163	312.28754	165.54291	1674.38098	
365	3.640	114.65553	1437.62061	1284.63892				-13.89350	1582.88611	1370.06628	210.62376	1530.50549	1355.24170	-61.43108	1452.22717	1455.62891	244.82391	1477.60303	1576.95740	124.31745	1344.01233	1470.99768	60.33735	1472.85693	1622.25378	-157.82945	1100.76660	1461.63135	300.42270	1195.61890	1766.15588				348.08951	973.75195	1856.03174	98.77531	1042.78699	1453.73132	219.33054	1047.57422	1506.52258	49.23837	988.11115	1716.82043	44.31839	463.60687	1449.86438	347.09659	601.65155	1677.40894	-112.07938	231.94963	1610.91138	313.66864	164.89186	1672.99890	
366	3.650	117.62533	1439.11450	1279.44788				-10.39263	1584.05237	1365.85608	214.00627	1531.25049	1349.59082	-58.23780	1452.91541	1452.67322	248.99568	1478.24841	1572.16296	128.28714	1344.52979	1466.96106	65.23461	1472.98181	1617.94250	-153.77496	1101.78223	1459.12500	306.86703	1195.81433	1760.14233				356.10233	972.90143	1848.12903	102.22940	1044.44788	1449.53088	223.33937	1047.75513	1502.13965	52.35508	987.78131	1711.84351	54.42378	469.41739	1436.83887	348.29831	600.83563	1677.29175	-95.29337	233.81662	1600.23010	314.67972	164.08034	1673.60767	
367	3.660	121.17477	1438.95703	1275.42639				-6.51563	1583.51563	1360.46899	217.71664	1532.01477	1345.09912	-54.49427	1453.30969	1449.03113	253.49487	1479.07166	1567.00720	132.02275	1345.18896	1461.46948	70.34895	1474.07642	1614.17029	-149.59727	1102.32092	1459.75391	314.09042	1194.72412	1751.53284				364.98022	968.86609	1833.70154	105.83030	1045.37610	1445.60999	226.66344	1047.18823	1497.09924	55.33767	988.15686	1707.27429	65.11919	475.20807	1423.08582	348.93500	600.16241	1676.52710	-78.66032	236.11369	1588.39038	316.25592	162.49162	1670.89075	
368	3.670	125.42951	1438.94812	1276.38135				-3.36808	1584.17834	1356.32849	220.48196	1532.46545	1340.87085	-50.84062	1454.20386	1446.00830	257.97897	1479.77271	1561.54871	135.64822	1345.72998	1456.44556	74.80950	1474.08240	1609.70825	-145.72125	1102.86816	1458.70239	321.05319	1193.64063	1742.91345	-124.00923	808.27625	1481.60034	372.62958	967.63617	1822.61499	108.68520	1045.41235	1442.74219	230.51173	1047.03088	1492.51514	58.10537	988.27759	1702.21973	74.49560	481.76865	1409.67188	349.81522	598.04773	1674.11365	-61.53296	238.55583	1577.45850	317.40836	160.99806	1669.95544	
369	3.680	128.38538	1439.05017	1271.60266				-0.25994	1584.04993	1352.06238	224.12556	1533.10828	1335.97498	-47.31157	1454.23071	1442.30859	262.52182	1479.46265	1554.92139	139.31180	1345.87817	1451.76978	79.97929	1474.73877	1604.75537	-141.66417	1103.52234	1457.85620	328.20200	1192.99573	1734.75073				380.79346	966.60706	1813.33667	112.05271	1046.44788	1437.54309	233.89417	1046.51782	1488.08728	60.67316	988.58551	1697.57458	83.00560	488.14331	1397.15308	349.74243	597.01758	1674.08594	-43.95721	239.32133	1565.45459	318.84149	159.19194	1668.28979	
370	3.690	130.22498	1439.23010	1261.90710				2.89420	1584.49915	1347.95239	227.23433	1533.52698	1329.81543	-43.74990	1455.05127	1438.20886	267.17444	1479.62646	1548.64282	142.19550	1346.07251	1446.76819	84.93410	1474.93909	1600.97656	-138.01469	1104.33069	1455.44263	334.79776	1192.65759	1727.31104				389.84875	963.00568	1799.48096	114.47954	1047.74304	1432.23169	237.29639	1045.75391	1482.87854	63.24968	988.33862	1692.95776	91.90437	493.98041	1385.05713	349.15192	595.46899	1672.70313	-26.76099	239.88969	1553.68542	320.88879	157.75250	1665.60742	
371	3.700	133.94724	1439.43701	1261.18384				6.16096	1583.61377	1343.26001	230.10620	1533.11719	1324.59644	-40.22492	1455.08240	1435.23059	271.29489	1479.23547	1542.92944	145.48015	1346.59961	1441.91455	90.09657	1475.15173	1596.22986	-134.44513	1104.53308	1455.05469	342.57574	1191.16711	1717.41760				398.16714	961.74646	1788.53430	117.58217	1048.95251	1428.07410	240.20087	1045.02441	1477.55115	65.72955	988.34674	1687.38367	100.48889	498.61075	1373.18872	348.64182	593.50830	1671.83630	-9.22153	239.25285	1541.83936	323.53714	155.76323	1665.59094	
372	3.710	136.64209	1438.72693	1256.71802				9.13041	1584.90039	1343.00830	232.97456	1532.85461	1319.51208	-37.04312	1455.77502	1432.32251	276.18375	1479.79712	1536.27148	148.60391	1346.54517	1436.93848	94.55526	1475.24976	1591.94348	-131.11108	1104.82886	1453.36255	349.64484	1189.77405	1708.41028	-167.34810	819.23358	1419.93665	406.78159	958.07941	1773.65588	119.21546	1048.78613	1421.99756	243.66397	1044.98376	1472.84302	67.98021	989.02692	1682.76599	108.54938	503.29068	1362.28113	347.32782	592.42926	1669.86670	8.64957	237.57741	1530.10974	326.09790	154.28690	1665.12012	
373	3.720	139.21301	1438.96729	1251.78735				11.81458	1584.71155	1338.65295	236.57439	1533.39209	1315.28601	-33.69505	1455.90735	1428.45093	280.09021	1479.35913	1529.96375	151.10748	1346.05945	1432.13428	99.68709	1475.19995	1586.59460	-127.60235	1105.48523	1451.13220	356.29367	1188.82263	1699.10425				414.02863	956.91656	1762.74023	121.97845	1049.91394	1418.27124	246.20708	1044.12268	1467.86597	69.93154	988.49158	1677.53247	116.63587	507.22601	1351.59448	346.19473	591.12976	1669.01672	26.39736	235.84135	1517.50537	328.17722	153.52441	1662.65405	
374	3.730	141.72430	1438.62207	1246.24792				15.36131	1584.19763	1334.09631	238.61639	1532.85181	1308.64014	-30.52543	1456.01160	1424.11780	284.52225	1478.94824	1523.63599	154.47705	1345.45728	1426.65869	104.37067	1474.57678	1582.23389	-124.65166	1105.81128	1448.31287	364.31448	1186.45996	1688.03113				422.34467	952.61963	1746.78528	124.73959	1049.44287	1413.68359	248.22401	1043.35559	1462.15051	72.28070	987.98364	1671.21533	124.06046	510.11755	1341.43042	344.36838	590.20709	1666.90002	44.46707	234.23181	1505.57886	331.05023	152.89226	1662.69067	
375	3.740	144.00732	1438.06689	1241.57947				17.92679	1583.92139	1329.57947	241.79080	1532.85474	1302.76111	-27.42880	1455.51685	1420.49536	288.57336	1478.06958	1516.83167	157.47984	1345.50537	1420.84656	108.72985	1474.86450	1577.64246	-121.86710	1105.89160	1446.11938	371.19409	1184.19495	1677.85535				430.54108	949.29639	1731.66956	127.35899	1050.08118	1407.22949	250.36955	1042.83081	1456.83936	74.35749	988.26672	1665.66650	129.65729	513.37616	1331.39294	342.78897	589.66504	1665.64954	61.85684	230.96649	1493.23718	333.38821	152.47900	1662.51013	
376	3.750	144.54559	1436.70972	1233.18176				20.69099	1583.30579	1325.05566	244.05273	1531.75488	1296.90430	-24.16658	1455.57898	1416.84412	292.18735	1477.09338	1509.75073	159.95601	1344.87012	1416.28491	112.74686	1474.48059	1572.65649	-118.54527	1104.95813	1445.62793	378.01636	1182.45654	1668.65283	-174.01950	809.18964	1426.21228	438.82010	945.90503	1716.24414	129.10774	1048.60852	1403.72375	253.03712	1041.98071	1450.84192	76.74776	987.59924	1660.36084	133.96513	515.87964	1322.06018	341.73581	589.36920	1664.84717	79.18439	228.10768	1480.87488	335.71820	152.58005	1663.04480	
377	3.760	148.66338	1436.83826	1231.70703				23.78866	1583.01343	1320.23389	246.95952	1531.56201	1291.28381	-21.47723	1455.55261	1413.03723	296.23001	1476.10205	1503.36487	162.90613	1344.87903	1410.40173	117.74577	1473.82800	1567.26526	-116.16127	1105.44849	1441.75403	385.67819	1179.46265	1656.58765				447.17484	942.24994	1701.40491	131.94759	1049.38000	1396.69238	255.77525	1041.68347	1445.82849	79.54624	987.44324	1655.48206	137.77299	518.44250	1312.10217	340.44232	589.56348	1661.99194	95.80020	225.62672	1466.19775	338.19327	152.34387	1663.83875	
378	3.770	150.64873	1436.55896	1225.89453				26.45684	1582.76794	1315.41492	249.16518	1531.08789	1284.31189	-18.71497	1455.66553	1408.72949	299.32196	1475.29541	1497.09058	164.87589	1343.80554	1405.77856	121.33071	1473.81799	1561.96875	-114.30174	1106.31458	1434.57776	392.42499	1177.48157	1645.93201				455.03717	939.08490	1687.04480	134.12665	1047.70911	1391.75378	258.20978	1040.71692	1440.01782	82.45322	987.63123	1649.66406	141.23756	521.13239	1302.31873	339.52762	589.20636	1660.41187	112.66811	221.75073	1452.25623	339.68094	151.79773	1663.49939	
379	3.780	150.99440	1435.20850	1217.71960				29.12867	1582.03125	1310.52380	251.59892	1530.79211	1278.21667	-15.54982	1455.17749	1403.44031	302.72882	1474.05579	1490.31494	167.72325	1343.17737	1398.91748	125.07533	1473.08057	1556.22632	-112.03371	1105.42773	1431.92920	398.92914	1175.98047	1638.89795	-137.89099	888.17841	1464.00708	461.91769	935.32172	1670.20667	136.85971	1047.54456	1385.20898	260.40137	1039.61926	1433.80176	85.06176	987.08923	1644.61987	144.93434	521.44379	1292.80933	337.06229	587.98682	1657.71375	129.41248	217.67545	1437.69189	341.49246	151.82109	1663.58191	
380	3.790	153.18637	1434.79602	1212.05969				31.34855	1581.94788	1305.36072	253.98865	1529.80103	1272.76440	-12.98120	1454.92920	1398.23865	305.93027	1472.35376	1483.54163	169.48016	1342.34998	1393.73999	128.96254	1472.69250	1551.86511	-109.52116	1105.54431	1427.07092	405.18491	1173.25415	1628.65918	-135.14760	888.20251	1457.97437	470.32748	930.97412	1653.13477	139.49420	1045.73572	1379.52588	263.20425	1039.12183	1427.78967	88.08825	986.47375	1639.12122	147.80978	522.51544	1282.91821	335.46805	588.46478	1657.01782	145.67728	213.94643	1421.82300	343.34811	151.63023	1665.14600	
381	3.800	155.46756	1434.64929	1205.99854				33.70085	1581.62952	1300.23206	256.16211	1529.22009	1266.28870	-9.90842	1454.42676	1392.42078	308.95035	1471.33179	1478.10352	171.65958	1341.52332	1388.39697	132.36160	1471.60425	1545.34155	-107.15659	1104.85730	1422.94763	411.66864	1170.28503	1616.55701	-133.85977	888.00824	1453.48938	477.96429	927.87604	1638.46667	142.39616	1044.97290	1373.87598	266.37897	1037.75989	1422.41626	91.26174	986.36224	1633.14539	150.31483	522.93787	1273.74194	334.00247	587.64148	1654.88806	160.75278	209.77127	1405.67859	344.09753	151.23289	1664.93994	
382	3.810	158.80496	1435.11377	1201.61633				36.07179	1581.25635	1294.95728	259.04849	1528.63684	1259.68530	-7.58311	1454.37512	1387.53503	311.78128	1469.44067	1471.25415	174.36070	1340.58655	1381.92871	135.38417	1471.32471	1539.97632	-105.55988	1104.94897	1417.45154	417.53278	1167.62756	1605.54236	-132.31200	887.73053	1447.75110	484.60498	924.20343	1621.19653	144.88109	1044.54700	1367.55884	269.50085	1037.06799	1415.89319	93.82645	985.40582	1627.45349	152.91403	523.96198	1265.94006	332.85385	587.27307	1651.87585	175.01573	206.31805	1388.98877	344.40417	150.88321	1665.27869	
383	3.820	160.57487	1434.80774	1194.51428				38.93306	1580.69519	1289.41394	260.91626	1527.61877	1253.13855	-4.57916	1453.73169	1381.41064	314.10300	1467.99829	1464.79578	176.53072	1339.79346	1376.38843	138.10551	1470.24988	1533.49597	-103.39220	1104.46472	1411.78601	423.44907	1165.29724	1594.16077	-130.16725	887.55267	1441.18555	492.21555	921.29095	1604.45825	148.18744	1043.57202	1360.91479	271.68961	1036.16370	1410.00659	96.41207	984.72070	1621.58264	154.70033	524.23907	1257.71875	332.45227	586.54614	1649.92236	187.28113	201.80861	1370.17822	344.60587	150.48006	1665.28345	
384	3.830	161.18286	1433.54822	1187.49011				41.38987	1580.33350	1283.84546	262.86908	1527.62512	1247.11047	-2.09684	1453.29175	1375.59839	317.70242	1466.91516	1459.20874	179.09854	1339.26892	1370.11414	141.39975	1469.72314	1527.79016	-101.07180	1104.08337	1406.02991	428.58871	1163.46655	1583.75354	-108.38136	806.14447	1387.27344	498.16135	917.93176	1585.66846	151.16429	1043.19849	1355.72205	275.03448	1035.00891	1404.36206	98.90958	984.06146	1614.70337	156.21756	524.46936	1252.17285	331.61761	586.72449	1648.98682	199.86058	197.81444	1351.43787	344.95517	148.84628	1663.77380	
385	3.840	164.29356	1433.77942	1181.51331				44.16676	1579.66577	1278.14063	265.27026	1526.24670	1240.35071	0.54939	1452.78210	1369.28479	319.75415	1465.82568	1452.81299	181.14987	1337.66846	1363.45068	143.70653	1468.70947	1521.80640	-98.90632	1103.91492	1399.58447	433.86588	1161.50415	1572.14697	-126.55720	886.83423	1428.35681	504.91867	915.45123	1567.42480	154.63998	1042.76306	1347.69958	278.13760	1033.49548	1398.23230	101.23515	982.80548	1608.61719	157.78262	523.43018	1246.34338	329.15247	584.15100	1642.35913	210.05025	193.13600	1331.45166	344.95517	148.84628	1663.77380	
386	3.850	164.99573	1432.49792	1174.47986				46.36892	1579.04736	1272.50208	267.42972	1525.58423	1233.35083	3.47430	1452.06482	1362.25244	321.76114	1464.47217	1446.35840	183.87309	1336.91418	1357.66211	146.25603	1467.74744	1515.64453	-96.83138	1103.18958	1392.71619	438.69318	1159.33899	1561.71375	-125.59523	886.03906	1421.12207	510.34253	913.23541	1549.39734	157.09102	1041.42822	1342.03918	281.92499	1033.02563	1392.68750	104.14189	982.24963	1601.94678	159.21663	522.30554	1240.95276	328.46109	584.06671	1640.43677	219.15979	188.23128	1310.87085	344.03342	148.48425	1664.57324	
387	3.860	167.02470	1431.92871	1168.13293				49.26468	1578.32239	1266.54871	270.38135	1525.37146	1228.35291	6.03199	1452.55090	1359.34485	324.57193	1463.73035	1440.31067	186.16145	1335.75500	1351.13660	148.68497	1466.70593	1509.50085	-94.69161	1102.79736	1385.75012	443.22894	1157.20313	1548.84021				515.94580	911.77399	1530.83533	160.36871	1041.22278	1334.31091	284.39413	1032.11719	1385.35754	106.56874	981.48291	1595.82227	160.33350	520.15314	1236.47937	328.55930	583.57587	1636.45227	226.07095	182.99899	1289.00671	343.58118	148.32436	1664.94556	
388	3.870	170.23929	1432.24072	1163.37390	160.85760	1696.95532	1321.63306	51.42993	1577.87830	1260.60400	271.93073	1524.15137	1220.27979	8.72570	1451.41357	1352.32947	327.77420	1462.01453	1435.62146	188.48193	1334.34680	1344.84265	150.94121	1465.57703	1503.52380	-93.35464	1102.24451	1378.10339	447.90424	1154.99011	1537.89612	-122.35151	884.44836	1406.56470	520.11438	910.50342	1512.03735	163.45110	1039.35657	1328.88208	287.49036	1031.91638	1378.14392	108.89799	979.63605	1587.43188	161.52533	517.65045	1232.58936	327.90015	583.42963	1633.38965	231.41710	176.80000	1266.78809	343.47720	148.42226	1664.87939	
389	3.880	170.84004	1431.07629	1154.88306	163.31502	1695.87817	1315.62256	53.40794	1576.85120	1254.69348	274.33142	1523.49023	1213.76331	11.47821	1450.39453	1345.08801	329.26038	1461.32251	1427.83740	191.70731	1333.62488	1337.74646	152.95792	1464.47888	1496.31689	-90.84029	1100.94470	1371.10864	451.78226	1153.76135	1525.99402	-121.59028	883.51379	1398.63550	524.71014	909.81683	1494.27222	166.72525	1039.07581	1321.53857	290.40326	1030.84644	1372.96472	110.55596	978.78265	1581.09644	163.03848	514.66937	1229.09753	328.65222	583.09723	1629.27881	235.12244	170.28389	1244.57117	341.54459	148.21863	1662.79675	
390	3.890	172.75493	1430.19165	1148.07361	165.33041	1695.17188	1309.47888	54.96547	1576.27502	1248.65918	276.69614	1522.75854	1207.50916	13.97235	1449.27734	1337.83264	331.24750	1460.53955	1421.85999	194.22916	1332.71924	1331.28967	155.59218	1463.15613	1489.32922	-88.98450	1099.77124	1362.81946	454.58911	1152.40576	1513.85571	-119.73150	882.58447	1390.43079	527.59473	909.49542	1474.99109	169.13953	1037.91968	1314.23914	293.02802	1030.37952	1366.23083	112.48258	978.26135	1574.10022	164.82840	510.32932	1226.01538	329.95267	582.14160	1625.57544	238.49794	163.00983	1221.62354	340.00375	146.73264	1662.29553	
391	3.900	174.41437	1429.76416	1141.13049	167.53596	1694.17639	1303.37781	57.28077	1575.40857	1242.35327	277.99377	1521.93640	1200.28503	16.52457	1447.89795	1330.33423	332.81033	1459.32495	1415.80457	196.99715	1331.43677	1324.19434	157.39328	1461.58997	1482.99133	-87.45544	1098.74292	1354.65161	457.50320	1150.70569	1502.12927	-119.24940	881.58392	1381.83679	530.93433	909.16742	1456.41089	172.15428	1037.86975	1306.42847	295.22717	1028.88318	1357.86682	114.08721	975.78931	1565.39429	166.21504	505.18216	1223.49512	330.90088	582.33936	1622.83545	239.87558	155.98833	1199.02637	339.72882	146.67374	1662.47852	
392	3.910	176.05157	1429.17029	1134.10205	169.71451	1692.89856	1297.22180	59.33435	1574.32495	1236.10876	279.51221	1520.55029	1193.15991	19.17708	1446.43298	1322.80554	335.31897	1458.42871	1409.45496	199.12259	1329.94189	1317.60974	158.85747	1460.15930	1475.97766	-86.10958	1097.46948	1345.75220	459.61734	1149.84619	1490.02783	-117.55814	879.45184	1373.01428	533.46082	909.31628	1438.19971	175.46156	1037.62585	1297.96045	298.81073	1028.08643	1351.91980	116.29197	974.58661	1557.97754	167.17906	499.94598	1221.70776	332.97183	581.36249	1617.89441	239.55669	151.74455	1177.18762	339.37714	146.81111	1662.47339	
393	3.920	178.95573	1429.14294	1128.80408	171.52699	1691.63806	1291.06311	61.64094	1573.49463	1229.61987	281.88425	1519.83093	1186.92542	22.48394	1445.31201	1315.17834	336.92548	1457.65320	1402.75818	202.46925	1329.24841	1310.45911	160.62358	1458.29810	1468.65674	-84.08739	1096.12451	1337.24084	461.24197	1147.58081	1477.90515	-116.78009	878.25232	1364.19214	535.54712	909.70081	1420.96338	177.84404	1035.52356	1290.77783	300.66107	1026.90796	1343.72119	118.21621	972.80353	1548.57166	168.57352	493.41705	1219.70691	335.03455	580.00507	1612.35474	239.41113	147.84634	1155.05151	337.84479	146.18320	1660.38013	
394	3.930	180.57533	1428.07263	1121.92334	173.78539	1690.29956	1284.77551	62.83538	1572.75122	1223.28625	283.65186	1519.32214	1179.14282	24.94723	1443.68933	1307.55762	338.85828	1456.55212	1396.28711	204.26677	1327.39417	1303.12720	162.65425	1457.10425	1462.23193	-81.77317	1094.05505	1328.36731	463.61423	1146.67334	1465.60315	-115.08445	876.51581	1354.20642	537.44128	910.30310	1402.85254	181.04176	1035.19409	1282.69421	303.93475	1026.23486	1336.74561	120.40810	970.73901	1540.60425	169.54120	487.51633	1217.45520	337.69720	578.74390	1607.14880	237.35849	147.96394	1134.12036	337.51508	144.23448	1658.82825	
395	3.940	180.83180	1427.44470	1112.72815	175.69928	1689.38879	1278.40100	65.25677	1571.15857	1216.13647	284.40860	1518.21472	1171.84009	27.02753	1441.90112	1299.74036	340.19144	1455.81482	1389.29089	207.30119	1327.00012	1295.97900	164.41980	1454.87537	1454.74780	-80.04743	1092.43555	1318.80859	464.27859	1144.44373	1452.88757				538.38495	910.02643	1383.89343	183.94174	1033.74365	1274.70911	306.19418	1024.67310	1328.86707	121.72413	968.63934	1530.70752	169.68629	481.92477	1214.31604	340.64780	577.48505	1600.75146	233.69814	150.94766	1115.63281	336.26639	142.70509	1657.42432	
396	3.950	182.18880	1426.62598	1104.99817	176.57559	1688.46594	1271.99841	67.28935	1570.15576	1209.56848	286.49170	1518.08630	1164.41895	29.25981	1440.27722	1291.78247	342.07944	1454.64392	1382.28430	209.69096	1325.18347	1288.21655	165.88071	1452.87073	1447.01294	-78.06929	1090.57043	1309.43250	465.48889	1143.36267	1440.43848	-113.65894	872.62927	1335.11365	539.56909	910.78607	1366.04407	186.84082	1032.40369	1265.01050	309.28201	1023.46362	1320.61230	123.66988	966.87292	1522.51746	169.32570	477.08307	1209.99304	345.20523	576.76953	1594.92383	231.10098	155.16324	1099.09851	334.65210	143.16225	1655.92712	
397	3.960	184.73781	1427.08057	1099.96716	178.58748	1687.29883	1265.43237	68.15289	1569.51697	1203.03333	287.41891	1517.49756	1156.85693	31.37642	1438.75537	1283.42480	343.67935	1452.80469	1375.31787	211.96716	1324.57813	1280.79846	167.35101	1451.00464	1440.07373	-76.52015	1088.39929	1299.39172	466.93942	1141.83386	1428.79602	-111.78333	871.24860	1325.09485	540.87268	911.97662	1347.94812	189.67004	1030.72681	1256.79077	311.74677	1021.41473	1310.94568	125.39682	964.54004	1513.16992	170.00729	472.52478	1205.76941	348.09625	574.02173	1587.90222	229.96613	158.35356	1084.07056	333.50009	142.63278	1654.78906	
398	3.970	184.83014	1426.42651	1089.82971	179.56450	1686.71716	1258.77271	69.42820	1568.99695	1196.10095	289.69730	1517.91321	1149.71118	32.76723	1437.07373	1275.83130	344.98602	1452.48938	1368.06055	213.79091	1323.19604	1272.81970	168.56804	1449.54700	1431.86694	-75.14066	1086.79114	1290.36035	468.34433	1140.54626	1416.40088	-110.83939	868.91168	1314.26147	542.34412	912.70532	1330.74878	192.96313	1029.51306	1247.67395	315.17996	1020.71924	1301.92334	127.86789	963.26367	1504.12915	170.94434	468.09006	1202.15674	351.39246	572.43085	1581.52112	227.99861	162.54460	1071.00647	333.27457	142.58350	1654.53589	
399	3.980	185.61612	1426.71838	1081.51624	180.63829	1685.87878	1252.08179	70.91765	1568.20288	1189.19751	289.65878	1516.57495	1141.30762	34.52757	1435.37939	1267.64514	346.64240	1451.19727	1359.67163	216.44537	1322.31921	1264.53076	170.30762	1447.48181	1423.83704	-73.32155	1084.98669	1280.53516	469.24826	1139.40564	1403.48779	-109.59566	867.02246	1303.66968	542.61890	913.52191	1312.76404	195.30594	1027.83252	1238.49658	317.86749	1018.54071	1293.49292	129.81874	961.31763	1493.71423	171.37715	465.70749	1196.68347	355.27097	570.04956	1572.47766	225.76300	166.75737	1059.21252	332.42297	141.19687	1652.65149	
400	3.990	186.65373	1426.72522	1073.48694	182.01855	1684.99414	1245.17285	71.63847	1567.86951	1181.89490	291.26041	1517.15063	1134.01147	36.56998	1434.19397	1259.00562	348.57782	1451.01038	1352.35132	217.57797	1321.17139	1255.72375	171.52744	1445.57898	1415.96545	-71.40384	1083.30701	1270.57739	470.35629	1137.89209	1390.50659	-107.80167	865.72888	1292.98792	543.17731	913.30536	1294.61377	198.01617	1026.06982	1229.94910	320.99463	1016.95038	1281.67432	131.63179	960.58154	1485.12341	172.73912	463.42288	1191.72986	358.81079	568.51477	1564.65234	225.59508	167.20900	1048.82068	331.58392	141.68895	1651.39148	
401	4.000	188.75691	1427.76001	1067.11768	182.36031	1684.73743	1238.24500	72.80656	1567.60706	1174.48474	291.94473	1517.77722	1125.16394	37.55796	1432.69580	1251.03516	350.15497	1450.55115	1343.35510	219.93710	1320.75171	1248.14954	173.54845	1444.62109	1407.56897	-70.00576	1081.76147	1260.43298	469.70056	1136.77954	1377.24280	-106.33059	863.59277	1281.36450	542.83099	914.23505	1277.54517	199.69684	1024.89746	1219.13953	323.02020	1015.35651	1270.99756	133.96423	958.85461	1474.40710	174.34930	462.01550	1185.13782	361.63779	567.32965	1556.35669	224.18736	169.50591	1040.51172	331.14319	141.89331	1648.77356	
402	4.010	188.11006	1428.10095	1055.94885	183.56195	1684.39746	1231.11108	73.11818	1567.65601	1166.86890	292.29370	1518.11584	1116.77368	38.84752	1432.06323	1242.84473	351.31335	1449.54614	1336.17700	221.46210	1320.28442	1239.18823	174.86366	1443.80066	1399.44592	-68.16026	1080.39160	1250.51990	470.82928	1136.32788	1365.09937	-104.49010	862.46991	1270.30298	542.57373	914.97540	1260.98376	202.11005	1023.67926	1210.07336	326.18634	1013.55359	1261.53101	136.56526	958.20129	1464.37622	176.65120	462.27377	1177.34509	365.35931	566.00189	1547.59253	223.83545	170.01590	1032.82251	331.47931	141.91910	1646.73462	
403	4.020	188.82600	1429.07751	1047.13733	184.37531	1684.19788	1223.18933	73.95660	1567.77722	1159.32422	293.36514	1519.23523	1107.93457	39.93965	1431.38220	1234.67419	352.97803	1449.38379	1327.31226	222.62172	1320.17871	1228.93396	176.30171	1444.18689	1392.25623	-66.51176	1079.49084	1239.97791	471.82727	1136.33972	1352.00720	-102.54955	860.94391	1258.65015	541.58551	916.28302	1244.90198	203.19308	1022.28021	1199.10083	327.85861	1011.83051	1250.14636	139.09381	957.30701	1454.10779	178.40965	463.33878	1169.06653	368.24384	565.19635	1538.18030	224.53070	167.77849	1025.53406	331.02362	143.93251	1643.92969	
404	4.030	190.32088	1430.98889	1039.97998	183.70087	1685.14575	1215.79919	74.36913	1568.28064	1151.11731	293.39288	1520.32996	1098.74255	40.68659	1431.49292	1227.17786	354.59702	1449.66516	1317.34827	224.22174	1320.94299	1220.26257	178.99164	1444.12915	1382.76074	-64.88982	1078.94604	1229.90039	472.20914	1136.54175	1340.19629	-100.50108	860.45270	1246.21936	540.36914	917.64459	1228.37537	204.20418	1021.62646	1189.42114	329.25900	1009.69696	1240.86633	141.26492	958.42523	1445.97034	180.15044	465.68521	1160.00842	371.37888	565.51215	1529.81348	224.24573	165.68617	1019.39679	331.24658	144.73120	1639.87354	
405	4.040	190.51125	1432.76807	1030.12573	185.13632	1685.48230	1207.31482	74.02618	1569.05688	1143.39783	293.59949	1522.03491	1089.41760	41.87501	1431.83984	1219.39783	356.27029	1450.05396	1307.48169	225.49292	1321.81567	1210.31641	179.79280	1444.01270	1374.29688	-63.47614	1079.18896	1219.34973	474.04190	1137.20654	1327.90894	-98.47097	861.20538	1234.79431	538.63281	918.59290	1214.12805	204.69981	1021.57349	1178.84546	330.55756	1009.59167	1229.19067	144.54721	958.22913	1435.38074	181.24292	467.42847	1149.72119	373.37671	564.90741	1518.99902	223.31734	162.53203	1014.01923	332.60376	146.43512	1636.51477	
406	4.050	189.59439	1433.82300	1019.59656	185.29752	1686.78711	1199.21899	75.29893	1569.40588	1134.81580	293.76859	1524.56616	1080.27502	42.78362	1432.76086	1211.88049	357.80707	1450.88550	1297.07007	225.61377	1321.98877	1200.27637	181.87045	1444.32617	1365.76624	-61.26321	1079.58130	1209.03320	474.88449	1138.52502	1316.38367	-95.79652	861.36639	1222.54126	536.38068	919.72943	1199.56238	205.03906	1022.95874	1168.17554	331.12524	1009.37781	1218.19714	148.78494	959.23431	1430.81348	182.14612	470.25140	1140.20081	375.48187	565.15863	1508.01648	224.22652	159.71329	1009.79315	333.27307	149.86929	1631.93164	
407	4.060	189.39479	1435.62573	1010.95319	184.92943	1687.55762	1191.26050	74.81188	1570.44824	1126.85669	293.35574	1525.99609	1071.00745	43.52911	1433.57764	1204.62537	359.28592	1451.83386	1286.86780	226.81807	1323.01807	1191.62634	185.15651	1445.26514	1355.94995	-59.46344	1080.74084	1199.37708	475.85352	1138.87036	1304.60510	-92.69247	862.59222	1209.53638	533.84894	920.96912	1185.28418	203.53403	1023.74414	1159.00256	330.58221	1009.40338	1205.74670	151.62430	960.15417	1421.32617	182.68050	472.28876	1129.90540	378.09232	566.47443	1497.54785	224.52481	156.83687	1006.56982	334.35474	152.34880	1626.56665	
408	4.070	190.39130	1437.63196	1003.39679	183.77838	1689.03845	1183.79504	74.74181	1571.70642	1119.51440	293.32016	1527.89868	1061.56091	44.05705	1435.03381	1197.86035	360.97717	1452.66943	1276.27856	227.19563	1324.71533	1181.56250	187.18779	1446.56726	1349.56750	-57.82853	1082.35828	1189.73767	477.50055	1138.54016	1293.00269	-89.83413	864.48804	1197.82617	531.37958	921.69543	1172.02515	203.04205	1025.68628	1147.07251	330.00583	1010.50397	1193.44958	154.35374	960.91833	1411.30310	182.57448	473.99725	1119.55042	379.74191	568.44037	1486.35144	224.12798	152.61086	1004.18683	337.76614	156.61931	1619.94373	
409	4.080	188.96506	1439.42419	992.87817	184.86070	1689.74939	1175.51770	74.58456	1572.44788	1111.87927	293.27066	1530.03796	1052.40259	44.70561	1436.48474	1190.66565	362.13895	1454.88135	1263.57959	227.83813	1326.17090	1172.03455	190.04419	1447.39612	1340.70898	-56.11480	1084.21301	1180.48694	477.62567	1140.08826	1281.56482	-86.72825	866.74036	1185.45667	528.20135	922.80164	1158.84680	202.21732	1028.63635	1137.20691	329.79153	1011.48730	1183.65808	157.04953	962.15039	1401.67920	182.67845	475.59836	1109.38635	381.32178	569.53345	1474.09741	224.35580	148.48747	1001.74011	339.01859	159.57294	1613.86682	
410	4.090	188.47749	1441.25403	984.66394	185.33412	1690.93921	1167.83618	74.91917	1573.80103	1104.94666	293.13028	1531.79688	1044.05603	45.27645	1438.04102	1183.32312	363.14981	1456.13538	1253.05444	227.57565	1328.23279	1161.77612	191.48358	1448.82385	1332.63452	-53.72771	1085.85046	1171.51672	478.87976	1140.75342	1270.34473	-83.21551	869.23669	1172.71667	525.39447	923.49103	1146.36841	201.48366	1031.22046	1126.63721	328.84891	1014.23914	1170.91479	158.90819	963.18262	1391.90930	182.53217	476.06589	1099.73047	383.24622	570.63623	1461.24316	223.92458	144.26067	1000.08044	341.09534	163.69911	1608.12500	
411	4.100	188.54587	1443.19482	977.10925	185.05678	1692.33411	1160.24133	74.75981	1574.60413	1097.60071	292.37424	1533.64758	1034.84119	45.84216	1439.73169	1176.36572	364.16959	1457.16479	1244.08716	228.03702	1329.80591	1151.85388	194.27289	1449.45825	1323.89453	-52.34677	1087.56116	1162.91907	480.05435	1141.88428	1258.94995	-79.07289	872.62286	1160.86108	522.81226	924.44946	1133.49097	200.04691	1033.79675	1117.77112	327.86810	1015.87579	1160.81665	160.91232	963.77075	1381.80615	182.04973	475.99002	1089.56873	385.07294	573.06134	1447.15491	222.56674	139.82651	999.32452	342.78519	169.09288	1600.80786	
412	4.110	187.83124	1444.98877	969.47833	185.09763	1693.44641	1152.92676	74.40323	1575.89917	1090.56592	291.98694	1535.81458	1026.40979	46.79540	1441.10474	1168.78101	365.05872	1458.76819	1233.21582	228.09314	1331.47729	1143.09119	196.26248	1450.19531	1315.48218	-50.88441	1089.62598	1155.26648	479.81845	1142.91931	1247.28259	-76.08508	876.87604	1149.59387	520.23102	925.26038	1120.89319	199.58080	1035.27393	1107.02820	326.70090	1017.81952	1149.82349	162.30312	964.92456	1372.42908	181.62808	476.41165	1080.74792	388.39059	575.69031	1433.66235	221.70122	135.27870	998.18488	345.96817	173.88132	1593.48779	
413	4.120	187.07253	1447.03357	961.92419	184.18393	1695.44763	1145.87561	74.30102	1577.43494	1083.63525	290.97870	1538.03809	1017.12634	47.00539	1442.15808	1162.39380	365.61621	1459.60425	1223.92078	227.98965	1333.19751	1133.46753	197.23221	1451.19128	1306.88538	-49.40145	1091.08508	1148.08154	480.67181	1144.09265	1235.65930	-72.74570	880.16541	1137.74036	517.92474	926.60126	1108.47046	198.56200	1037.29175	1097.38757	326.55652	1020.51068	1138.26355	162.91020	965.54553	1362.22046	180.35722	476.48315	1071.09644	390.18643	577.81757	1418.92688	220.04532	131.54906	998.50671	346.94586	179.55859	1584.83118	
414	4.130	185.44263	1448.70422	952.87866	184.44778	1696.86865	1138.25037	73.97644	1578.77405	1077.02112	290.34439	1540.00720	1008.52460	47.06717	1443.67822	1155.67712	366.27017	1461.05884	1214.08948	228.44778	1335.14233	1124.45154	198.91237	1451.75500	1299.46155	-47.45239	1092.49915	1141.87427	480.71683	1145.34216	1224.37781	-68.63677	883.54401	1126.35327	515.69299	926.78662	1096.15186	198.14192	1039.21387	1087.70569	325.82816	1021.83563	1128.81433	163.37756	966.00067	1352.44312	178.16562	476.93530	1062.93579	390.55960	577.31165	1402.77930	218.35432	128.28333	998.65900	348.53406	185.95000	1575.05603	
415	4.140	184.38934	1450.59229	945.35583	184.38393	1698.06860	1131.45654	73.44715	1579.80164	1070.70459	289.65497	1541.97534	1001.47650	46.98931	1444.82385	1148.81934	367.35947	1462.11560	1205.12158	227.81703	1336.58521	1113.67932	200.31694	1452.26587	1291.11658	-45.90379	1093.75684	1135.57849	481.43628	1145.36365	1212.80627	-64.80357	887.70624	1115.25574	513.43304	927.08496	1084.27478	196.30811	1038.87061	1077.56018	325.46228	1023.08112	1120.19031	163.18404	966.21436	1342.93103	175.57018	477.73401	1055.36682	391.94702	578.05444	1386.56104	216.46786	126.01192	998.91418	349.05258	193.47403	1562.73242	
416	4.150	183.72665	1452.53003	937.54480	185.18533	1699.35022	1124.26672	72.93102	1581.47510	1063.94885	289.06305	1543.41943	993.17584	46.94764	1446.17017	1142.80933	367.87949	1463.08533	1195.78394	227.82756	1338.24365	1104.89185	201.94054	1452.90601	1283.26038	-44.37788	1094.55969	1129.91089	481.51105	1146.58032	1202.26282	-62.70481	892.29889	1104.68188	511.32596	928.28992	1072.60071	196.74149	1040.25574	1069.11487	325.14206	1024.99500	1109.81189	163.68582	966.31708	1333.67542	172.98814	478.20828	1047.09924	393.47003	578.32941	1370.68115	213.97018	124.29240	1000.07306	350.33231	200.19890	1550.69543	
417	4.160	182.95271	1454.24866	929.76617	183.66933	1700.96375	1118.02551	73.35109	1582.65894	1057.31787	288.16666	1545.28308	985.10114	46.91497	1447.52100	1136.61499	368.40952	1463.69141	1186.17139	227.01292	1340.66077	1095.45337	202.74443	1453.76392	1275.71375	-43.34052	1095.43103	1124.64832	481.21841	1146.84619	1191.06812	-55.95783	894.49158	1092.70789	509.61765	928.47565	1059.43054	196.01631	1040.50403	1061.01343	325.01517	1026.28992	1100.94910	164.81146	966.58344	1324.67590	169.95827	478.45721	1039.91113	395.20386	578.78656	1354.10925	211.11781	123.85735	1001.66199	350.19794	207.01694	1536.98743	
418	4.170	182.42041	1456.86560	923.20734	184.77512	1702.27002	1111.00684	72.61107	1584.64673	1050.74854	286.87372	1546.77466	977.56128	46.23536	1448.71667	1131.38123	369.79962	1464.07068	1178.01147	226.77744	1341.61987	1087.14636	204.67422	1454.37634	1268.10742	-41.27548	1096.29138	1119.10400	480.84244	1146.39404	1180.47742	-55.69844	899.72186	1083.23621	506.93469	928.70703	1048.84119	194.78296	1041.21558	1052.14783	324.54703	1026.96301	1091.92639	165.32745	967.26837	1316.15161	167.13885	478.78235	1032.30493	396.30154	576.61353	1336.40417	208.34911	123.20239	1002.96075	351.37384	212.72267	1524.95703	
419	4.180	181.03043	1458.24109	914.50916	184.17604	1703.42505	1104.40979	72.40446	1586.04285	1044.20093	286.30322	1549.02014	969.51105	46.21226	1449.81702	1125.31921	369.62451	1464.81604	1168.11572	225.65050	1342.75415	1079.29138	205.50423	1455.42627	1260.56946	-39.53467	1097.00427	1113.19995	480.68201	1146.67224	1169.87012	-53.91280	904.29333	1072.69714	504.43488	928.17303	1038.10901	194.65199	1041.29248	1043.50098	323.94342	1028.25427	1082.09692	166.66388	967.83221	1307.79480	163.72699	478.48843	1025.58069	397.90555	575.57385	1319.34717	205.32660	122.93342	1005.65796	354.66568	219.70500	1509.37244	
420	4.190	179.69476	1460.43921	907.17950	183.80942	1704.25171	1098.40332	72.03297	1587.24072	1037.63049	285.47070	1550.89941	961.54767	45.68455	1451.50623	1120.10999	369.66690	1465.38086	1157.86584	224.81229	1344.06091	1071.92419	206.96100	1456.07361	1253.30066	-38.71362	1098.04126	1108.43555	479.77930	1147.12781	1159.73010	-50.08792	907.29572	1061.84595	501.70337	928.41956	1027.47522	193.35629	1041.89587	1036.24658	323.64178	1028.95081	1073.52051	167.51358	968.71533	1299.90002	160.19469	478.39050	1018.67163	399.35419	573.57819	1302.69666	202.21379	123.18608	1006.51080	357.66318	226.43578	1495.14282	
421	4.200	178.66988	1462.07434	899.79547	183.61026	1705.64685	1091.79456	70.49724	1588.69971	1031.33154	285.30301	1552.68018	954.61041	45.41901	1452.66980	1114.75317	369.83090	1465.70093	1149.40344	223.53409	1344.62915	1064.65198	208.37616	1456.94568	1245.87341	-37.11301	1099.24390	1102.72131	479.60101	1146.92041	1149.02063	-47.21640	911.06085	1051.30579	498.79669	927.90967	1017.28162	191.99063	1043.21985	1028.04590	322.30957	1029.96741	1063.27344	169.78583	969.03845	1292.12964	155.60860	479.20175	1012.36017	402.16583	571.38953	1283.19287	199.97037	123.03795	1009.13348	359.35867	232.86346	1477.67249	
422	4.210	177.90031	1464.62549	893.16656	182.11171	1706.43286	1085.60779	70.87672	1590.16870	1025.34912	284.30466	1553.85120	948.01373	45.24535	1453.83044	1109.42761	369.81647	1466.61450	1140.14282	222.34154	1345.49756	1057.59412	209.47934	1457.84583	1238.56775	-36.59286	1101.08289	1097.87683	478.53290	1147.27124	1139.38489	-44.97400	915.13922	1040.98804	495.50989	927.38013	1008.06665	191.13655	1044.14172	1020.66504	321.95450	1030.61121	1054.75330	170.98759	969.88263	1284.64392	151.92839	479.11710	1006.56512	405.69803	568.60638	1263.76404	197.44133	122.76558	1010.66602	364.32639	239.48900	1461.76208	
423	4.220	176.28630	1465.62439	885.75714	182.14868	1707.33618	1079.66968	70.50197	1591.23889	1019.03064	283.88965	1555.25720	941.53516	44.64064	1455.16309	1104.39246	370.02371	1466.96375	1130.89355	221.22272	1346.33875	1050.58936	210.90669	1458.51282	1231.90918	-35.23284	1102.21753	1092.47351	477.39377	1147.28540	1129.65625	-42.31120	918.90283	1030.89001	492.55896	926.64380	997.31342	189.72580	1045.11853	1013.24438	320.37134	1031.92786	1044.72070	173.05975	970.36334	1277.12573	147.43866	478.69727	1000.99750	408.67276	567.28284	1243.92407	194.89499	123.21957	1012.73889	368.10242	242.91537	1441.58813	
424	4.230	174.73038	1466.96472	879.10095	181.64494	1708.47180	1073.16357	69.71151	1592.05127	1012.75189	282.45175	1556.09253	933.97296	44.25954	1456.40137	1099.35217	369.93039	1467.62549	1121.55054	219.53342	1346.96643	1043.36511	211.80716	1459.17444	1224.50671	-34.88794	1103.88831	1086.48889	475.65286	1147.21606	1118.67603	-38.89955	922.51062	1021.27057	489.60052	925.98254	988.44092	187.71591	1047.16125	1006.20868	319.24939	1032.84094	1035.04053	174.96208	971.01062	1270.48718	142.41826	478.06787	996.23041	412.91348	565.87622	1223.02686	192.34723	123.02929	1014.12207	374.83862	248.65521	1421.36072	
425	4.240	173.63680	1468.06506	872.16791	180.24088	1709.57556	1067.22449	68.74377	1593.63489	1006.57281	280.94772	1557.38660	927.39801	43.93058	1457.43115	1094.39734	369.66003	1468.24243	1112.73047	218.71635	1347.29663	1038.45117	212.88734	1459.94470	1218.04700	-34.45405	1105.57043	1080.95508	474.77579	1147.39478	1109.24048	-37.65646	926.90308	1012.32281	486.55295	925.84698	980.67566	185.30511	1048.76746	999.06995	317.59033	1033.97864	1026.47314	177.04866	971.73798	1263.21240	137.57375	476.93942	992.33600	417.85736	565.61536	1201.97388	189.21753	123.60311	1016.32758	382.39209	254.06404	1401.54651	
426	4.250	172.04720	1469.33069	865.96698	180.76863	1710.66187	1060.50122	67.78841	1594.50330	1000.26929	279.35379	1558.61230	920.30829	42.89115	1458.89844	1090.01147	369.26938	1468.83215	1104.21838	217.31274	1348.02588	1032.19958	213.64732	1461.14783	1211.05896	-33.93171	1107.26697	1074.99841	473.69501	1147.83533	1099.32605	-34.72536	929.92352	1002.72284	483.28314	924.84595	970.32916	183.30063	1050.53857	992.08026	315.38278	1034.73987	1017.62030	179.30313	972.25006	1256.14673	133.44730	476.08194	988.78308	422.05640	565.45868	1180.46826	186.64882	123.19954	1017.60657	390.29620	258.49341	1381.13879	
427	4.260	170.93506	1470.60779	859.38702	179.36586	1711.23718	1054.13708	66.42682	1595.61621	994.76025	278.06003	1560.28772	913.95361	42.62327	1460.03601	1085.10840	369.32025	1469.35950	1095.57117	215.72258	1348.67273	1024.94226	214.44786	1461.56165	1204.22229	-33.06276	1108.75623	1069.48364	471.46292	1147.41199	1087.84277	-32.81091	932.73108	994.62927	480.33298	924.42853	961.62238	180.87680	1052.82361	985.22797	314.03812	1036.71680	1008.06464	181.61052	972.94086	1249.67493	127.62675	476.11688	985.74463	427.59656	565.93365	1157.93713	183.53998	123.35213	1020.17633	397.66934	261.55139	1359.03589	
428	4.270	169.18944	1471.61414	853.76312	178.50189	1712.66882	1047.92322	64.81767	1596.92773	988.88995	276.83926	1560.76453	907.73926	41.46035	1461.57031	1080.83752	368.39856	1470.11707	1086.64246	214.63078	1349.62317	1019.27136	215.41447	1462.43640	1197.54285	-32.99881	1110.30054	1064.00928	470.94067	1148.00867	1078.73218	6.38175	905.06433	906.95288	477.14139	923.74335	951.87982	177.78938	1053.30127	978.53943	311.06207	1037.87012	999.95392	183.84612	973.49524	1242.73730	123.62514	475.78925	983.75806	432.23459	567.82605	1136.53564	181.31799	123.51127	1021.41595	404.83414	264.84140	1337.29736	
429	4.280	167.39197	1472.50549	847.80975	176.92432	1713.48743	1042.13086	63.34841	1597.26501	983.31140	275.91891	1562.38721	902.04913	41.27881	1462.60632	1075.86938	368.03598	1471.09644	1078.82642	213.09326	1350.24084	1012.87012	216.31114	1462.95105	1191.10107	-32.45798	1111.37048	1058.41980	469.41342	1148.88354	1069.06433	-30.48149	938.45605	978.39514	474.49335	924.07056	944.35559	175.55038	1054.09033	972.39423	308.88220	1039.68518	990.92755	185.98880	974.61884	1236.35608	120.06264	475.26999	982.49518	437.35837	570.29205	1113.42590	179.84265	123.52610	1023.32617	413.73465	266.95892	1314.86755	
430	4.290	165.76543	1473.66724	841.89111	176.13805	1714.95300	1035.80847	63.05321	1598.28235	977.53198	273.55240	1562.73425	894.52240	40.50519	1463.35596	1071.34253	367.36935	1471.57324	1070.39160	211.52003	1351.25793	1006.14667	216.72861	1463.80151	1184.31934	-31.83134	1112.79028	1052.47449	467.29633	1149.47046	1059.45520	-24.87297	938.28448	969.56671	471.27322	923.49457	934.01489	172.50668	1055.08276	965.51642	306.33731	1040.38989	982.18201	188.37389	975.28027	1229.64917	116.70501	475.05991	981.37000	442.39825	572.88763	1091.15771	177.97453	122.90394	1024.40479	421.32697	267.83484	1291.22900	
431	4.300	164.12589	1474.23315	835.89014	174.08583	1715.60925	1029.97925	61.62185	1598.74976	971.83038	272.19843	1563.86743	887.64630	39.53494	1464.74951	1066.91528	366.49203	1472.07117	1061.51257	209.97629	1352.20605	999.45251	217.33939	1464.40295	1177.72095	-32.21653	1114.28589	1047.13525	466.04578	1149.70886	1050.43262	-28.15294	942.98474	964.24683	467.75867	923.32013	925.35376	170.06577	1055.70520	958.89142	304.36337	1041.47180	974.19891	190.62486	976.02795	1223.01160	113.87195	474.12244	980.93927	447.72833	576.72260	1068.94043	174.97516	123.62654	1026.38770	430.15967	268.73273	1267.05774	
432	4.310	162.28429	1474.99780	830.01270	173.08647	1716.82556	1023.67218	60.23270	1599.79541	966.21906	270.77969	1564.82874	881.95996	38.71963	1465.39221	1062.30164	365.96039	1472.48889	1053.85132	208.11935	1352.58923	993.00311	218.26683	1464.64404	1171.06226	-32.31185	1115.58777	1042.26123	465.41571	1151.29578	1041.30408	-27.30013	944.41431	957.53601	465.57611	924.34265	918.02258	167.62822	1056.64709	952.97937	302.10529	1043.64075	964.74988	192.50595	976.78076	1216.20959	111.49733	473.87720	980.25684	452.14413	580.96942	1046.68140	171.66977	122.70470	1027.61646	437.56781	269.52591	1242.73145	
433	4.320	160.56339	1475.82947	823.74866	172.26295	1717.16833	1017.62933	58.38776	1600.50500	960.87024	268.95154	1565.68372	875.54291	37.84134	1466.32727	1057.24438	364.20313	1473.18042	1045.60498	206.22746	1353.81970	986.79376	218.05946	1465.19824	1164.66797	-32.00592	1116.58496	1036.54565	463.29855	1151.21997	1031.70288	-25.18567	945.07379	950.57703	462.47455	924.23029	909.78137	165.25925	1057.01807	946.50879	299.74649	1043.51965	956.66260	195.19765	977.39105	1209.29138	109.45765	473.14221	980.35388	457.29037	586.78113	1025.60144	171.43457	121.90516	1028.18774	444.00034	268.76111	1218.40576	
434	4.330	158.45895	1476.46960	818.02832	171.28012	1718.02478	1011.38916	56.65205	1601.32642	955.52692	266.86365	1566.94861	868.82990	36.84851	1467.27380	1052.77380	363.21667	1473.22595	1037.38879	204.38518	1354.38892	980.17993	218.07974	1465.71765	1157.95447	-32.12049	1117.52722	1031.04480	461.41272	1150.91321	1023.10626	-25.43108	947.02832	945.32098	459.55850	923.29059	900.42517	163.39456	1057.27283	940.66943	297.80682	1044.16113	948.67181	196.70743	977.68848	1202.29065	107.53822	472.39478	980.21100	461.52612	594.67010	1003.77130	168.88280	121.11695	1028.89380	450.60974	267.73721	1192.93848	
435	4.340	156.48740	1477.28357	811.95026	169.58806	1718.76941	1005.82330	55.32856	1602.10010	949.94916	265.61551	1567.33618	862.14978	35.76125	1468.02661	1048.38391	361.97693	1473.60669	1030.43323	202.28636	1354.81616	974.06781	217.89243	1465.93323	1151.42444	-32.75673	1118.66919	1025.51624	460.56631	1151.81702	1014.22845	-24.68571	947.01019	939.30945	456.87582	923.73419	892.53925	161.62062	1057.86450	934.41846	296.25861	1045.96387	940.74377	198.63278	977.97125	1195.38000	105.95237	471.41931	980.95465	462.76340	599.13849	981.60291	167.47688	119.98732	1029.85852	457.82034	267.23926	1168.33093	
436	4.350	154.52446	1478.01001	805.65430	168.85007	1719.15503	999.73297	54.62117	1602.28564	944.38702	263.33527	1568.29810	855.44379	34.79117	1468.61401	1043.77722	360.70322	1473.35095	1022.25189	200.22874	1354.90979	967.89697	218.39067	1466.38269	1144.73694	-33.28366	1119.61792	1019.91083	458.78729	1151.90295	1006.34924	-23.29526	946.63483	933.42877	455.09573	924.46521	885.17578	158.94391	1058.58728	927.89105	294.53677	1046.43726	932.84161	200.15021	978.32520	1188.37549	103.10609	471.19656	981.78967	462.70401	603.29205	959.84747	165.33496	119.53125	1030.48022	464.09344	264.33801	1143.13037	
437	4.360	151.99573	1478.98181	800.00714	167.74088	1719.79431	993.78082	53.02177	1602.74915	939.18201	261.80588	1568.77307	848.88519	33.90240	1469.58191	1038.82983	359.69754	1473.41272	1015.38477	197.64105	1355.86072	962.56708	217.77168	1466.81665	1138.59473	-33.54768	1120.37170	1013.94757	456.78442	1151.78540	997.97156	-22.91622	946.01428	927.99347	452.50797	924.26489	877.48688	157.32527	1059.27295	921.94440	292.64395	1047.47803	923.77893	202.18053	978.48547	1181.27502	102.01859	470.32541	982.68036	461.08328	606.78284	939.00067	164.00410	118.80261	1030.56738	469.07547	260.83371	1117.89014	
438	4.370	149.75050	1479.30408	793.91290	166.14664	1719.97339	987.94031	51.28993	1603.06958	933.52405	260.17453	1569.10449	841.97424	32.71155	1470.10754	1033.97375	358.06323	1473.74011	1007.11572	196.10468	1355.94067	955.97534	217.20850	1466.81006	1131.46277	-34.52372	1121.62036	1008.58057	455.50497	1151.70703	989.99756	-23.73106	945.72229	923.34247	451.26334	924.49719	868.89594	155.36734	1059.30273	915.68750	290.59018	1049.13733	914.83575	204.27876	978.57617	1174.30237	100.81453	469.74393	983.76282	457.64127	609.24390	917.00403	162.46616	118.24200	1030.37720	475.25568	256.93127	1092.23914	
439	4.380	147.40341	1479.46582	787.68781	165.51416	1719.64966	981.50769	49.99125	1603.61841	928.00995	257.89328	1569.75427	835.61578	31.41286	1470.66345	1029.66077	356.88205	1473.42249	999.70294	194.15050	1355.77026	950.06622	217.08652	1466.65149	1125.16907	-35.71043	1122.28076	1002.51514	454.57501	1152.09998	983.20850	-21.85123	943.63910	917.14954	449.45322	924.68768	862.17975	153.30438	1060.10645	909.75543	287.92441	1049.35803	907.60779	206.89160	978.72864	1167.05676	99.26059	469.04224	985.79578	452.91440	612.90729	899.80536	160.92195	117.65702	1030.39929	480.84540	253.17206	1067.63928	
440	4.390	145.26505	1480.12402	781.25842	164.31555	1719.95239	975.77582	48.73599	1603.71887	922.11627	256.36420	1569.62024	828.81305	30.08798	1471.03760	1025.24121	355.32703	1473.29419	991.61926	192.00110	1355.72363	944.18213	216.11340	1466.77100	1118.45837	-37.29768	1123.13416	996.56598	453.36133	1151.80176	975.64948	66.54107	889.53998	894.37842	449.36737	925.31311	853.99835	150.18425	1060.87317	903.53290	284.93463	1051.00134	898.85229	209.16373	978.77985	1160.13904	97.70496	468.72836	987.42603	446.81339	615.20184	882.27771	159.20439	116.45996	1030.33752	484.83624	248.18916	1040.87634	
441	4.400	142.99428	1480.20471	774.96893	163.10857	1719.37292	969.76215	47.21727	1603.54736	916.18738	254.63354	1569.33289	822.02771	28.59250	1471.33862	1020.92523	353.57251	1473.10620	984.30975	189.89423	1355.45313	938.18591	215.79871	1466.51624	1112.02869	-38.17010	1123.74487	989.84875	452.27469	1151.81970	967.81268	-22.59597	938.80048	907.58875	448.84634	925.27643	847.13904	147.46175	1061.31104	897.79480	282.43997	1052.38464	889.47687	212.03941	978.85876	1153.12427	96.58871	467.99927	989.78186	440.65894	616.98175	866.81232	157.41809	115.25298	1030.34680	487.64130	242.42477	1015.03387	
442	4.410	140.76228	1479.94153	768.48541	162.39458	1719.34814	963.11066	45.29678	1603.37109	910.34949	252.26953	1568.60059	815.35760	27.67555	1471.36755	1015.82996	352.12460	1472.49292	976.10950	187.43123	1355.18921	932.63269	215.38301	1466.42627	1105.22620	-39.93000	1123.99463	983.00464	451.93207	1151.35669	962.05243	-21.84865	936.02460	903.01642	447.87012	924.75946	840.32361	143.53957	1061.49329	892.46875	278.39352	1053.42065	881.38593	214.82245	978.87469	1146.34241	95.46532	467.18140	992.49127	434.10068	618.68738	851.20496	155.75914	113.97632	1030.55493	489.68170	236.52374	987.63086	
443	4.420	138.78853	1479.41614	761.95898	161.32913	1718.83203	956.45972	44.28510	1603.55725	904.09595	250.75345	1568.48962	809.71002	26.53861	1471.23853	1010.91766	350.50684	1472.27515	967.74890	185.25587	1354.76892	926.39307	214.67480	1465.94812	1098.39331	-41.71606	1123.91199	975.96777	451.78687	1150.62830	955.04102	-17.83964	930.52332	896.10114	447.50427	924.65643	835.06506	140.70337	1061.05713	886.95636	274.86749	1053.79773	873.58453	218.87697	977.92462	1138.76038	93.95476	466.09442	995.04736	427.15411	618.27173	837.53259	154.30171	112.52797	1030.72180	490.69739	230.73546	960.77032	
444	4.430	136.90524	1478.46545	755.15643	159.40367	1718.08459	950.12823	42.54687	1603.38733	897.81873	249.22325	1567.63525	802.22925	25.06809	1471.02686	1005.83173	349.44357	1471.23767	960.75250	182.76971	1354.16541	920.57788	214.68672	1465.41968	1091.88928	-43.24497	1123.68420	969.21564	451.86652	1150.31030	948.85840	-18.56680	926.44202	891.47491	447.30383	925.00275	828.31085	136.58981	1061.44226	881.54700	269.68890	1054.72632	865.51410	222.31384	977.73065	1131.45972	92.93234	465.07333	997.72925	419.84369	617.49664	824.82294	152.73853	111.15756	1030.86841	490.46542	225.26591	932.22797	
445	4.440	134.64009	1477.58154	748.99945	158.10973	1717.47839	943.18219	40.58157	1602.64148	891.26709	246.76120	1565.53857	795.45441	23.79217	1470.65857	1001.31830	347.26553	1470.95166	951.89130	180.51750	1353.23401	914.26233	213.81688	1465.27686	1084.97302	-45.56829	1123.84302	961.74042	451.96387	1149.99011	942.37915	-23.27783	924.93048	888.89453	447.38055	924.59155	821.87305	132.65712	1061.06262	877.12506	264.89166	1055.57410	857.05145	226.08469	977.41241	1123.92224	91.57358	463.76682	1000.87177	412.55008	616.44604	812.21460	151.58655	109.13496	1031.48401	489.79562	221.13042	902.14349	
446	4.450	132.63792	1476.16370	742.70868	156.47394	1716.67639	936.28510	38.55804	1602.24341	884.98889	244.75188	1564.59290	788.97723	22.52302	1469.89026	996.33551	345.35275	1469.90576	943.00104	178.34171	1352.39490	907.71448	213.10013	1464.74500	1078.01904	-46.79703	1123.37769	955.06244	452.23419	1148.62451	935.76508	-23.64448	920.91638	884.00970	447.30930	924.34332	815.46991	128.06857	1060.48035	871.93903	259.31610	1055.07214	849.40179	229.65250	976.69427	1116.18823	90.69234	462.45627	1003.14624	405.49060	614.96222	801.51239	150.66449	107.85298	1031.71973	486.48141	217.04535	874.55249	
447	4.460	130.16479	1474.63916	736.72174	155.62140	1715.85754	928.76062	37.11955	1600.98364	877.75476	242.75287	1563.64490	781.53900	21.15767	1468.93311	991.64233	343.33923	1469.15955	934.70190	176.02373	1351.03723	901.15289	212.83107	1464.26990	1070.88733	-48.27147	1122.72754	947.95917	452.61160	1147.99207	930.10107	-20.11069	913.70282	877.76794	448.40674	924.39093	808.34076	123.91879	1059.46240	867.72009	253.50629	1055.39502	841.80182	233.03857	975.73383	1108.25781	89.79231	460.90851	1005.71240	396.52313	612.69458	791.99438	149.73433	106.17164	1032.26379	483.27496	212.35399	847.49707	
448	4.470	128.53339	1472.96667	731.75360	154.29843	1714.88647	921.36462	35.21582	1599.91064	870.86261	241.60403	1561.31213	775.20630	19.36109	1468.16943	985.95038	341.63245	1467.94629	927.26483	173.49608	1350.26013	894.60168	211.75606	1463.39697	1064.01062	-48.63831	1121.63550	941.40692	453.20660	1147.20837	923.58984	-19.90348	908.30804	874.35431	448.44687	923.77209	803.50861	118.55659	1058.75854	862.33887	247.82199	1055.12561	833.99921	236.23412	974.87036	1100.30957	89.37727	459.83575	1007.69611	387.67462	611.35846	782.70581	149.41142	104.68416	1032.82422	478.04572	208.08591	818.91980	
449	4.480	126.34122	1470.82373	723.54010	152.43120	1714.07617	913.55829	33.67123	1598.78381	864.02435	239.54262	1559.63245	768.64465	17.66261	1466.82532	980.87714	339.66577	1466.97607	918.07672	171.22023	1348.78296	887.86957	211.51224	1462.22974	1056.75903	-49.40758	1119.94922	935.22015	453.58838	1146.13940	917.23743	-28.53959	908.09668	872.01971	449.04919	923.32135	798.05731	114.56233	1056.98523	857.85010	242.41171	1054.05237	826.40790	239.34871	973.97382	1092.25208	89.15486	458.71240	1009.74219	378.67081	609.33044	774.65729	149.21303	104.03113	1033.59485	472.57388	205.61804	790.34613	
450	4.490	124.14766	1468.96558	717.12146	150.75919	1712.81299	905.93164	32.00541	1597.28638	856.84082	237.19698	1557.73071	761.51379	16.08496	1465.56396	975.39264	337.23691	1466.13098	909.75464	168.79318	1347.59473	881.15839	210.60789	1461.57288	1049.53479	-48.83132	1117.96606	929.15778	453.95761	1145.53357	911.90265	-20.44769	899.21552	865.77655	450.32504	922.87427	793.15326	109.78331	1055.70715	852.74084	237.15871	1053.40027	818.90906	241.98834	972.76642	1084.07043	89.06841	457.92429	1011.31891	368.96558	608.17792	767.15771	149.62611	102.30349	1033.65112	465.75262	203.12120	763.55292	
451	4.500	122.34616	1467.21777	709.91742	147.86397	1711.39172	898.42548	29.90680	1595.94238	849.67169	235.51987	1556.54517	754.46082	14.65374	1463.66785	970.08081	335.50894	1464.91699	901.35059	166.39926	1345.99292	874.32251	209.30457	1460.34570	1042.40466	-48.51545	1115.55566	923.43170	454.28757	1145.04761	906.22321				451.80231	922.13788	788.29309	105.72614	1054.05396	847.94312	232.29710	1051.90039	812.18622	243.43994	971.94617	1076.15161	89.33768	457.23697	1012.44312	358.97159	606.36102	760.09778	149.77097	101.47773	1034.10120	457.88849	202.09418	737.18494	
452	4.510	120.04375	1464.55688	703.09045	146.48022	1709.82422	890.31390	27.59334	1594.35583	842.35626	233.50232	1554.65417	746.50183	12.93261	1461.77881	964.61224	333.37820	1463.69104	892.50775	164.12494	1344.43298	867.55481	207.89839	1459.12952	1035.23865	-48.00583	1112.91638	918.17047	454.50110	1144.17114	900.44452	29.84443	846.14124	804.93170	453.05536	920.84381	784.02869	102.26128	1052.60352	842.82129	228.12834	1050.75342	804.98218	245.33479	970.78479	1067.96948	89.06184	456.84973	1014.53644	348.84311	605.80609	752.79614	150.62178	100.66850	1035.25256	449.30704	201.50613	710.63934	
453	4.520	117.48872	1462.49231	696.32410	144.16724	1708.08899	882.53558	25.90879	1592.45361	834.36108	231.62260	1552.27612	739.43744	11.24364	1459.85254	958.48749	330.46231	1462.45581	883.89893	161.65773	1342.40015	860.62012	206.64583	1457.71570	1027.41467	-46.86882	1110.27795	912.52301	454.77438	1143.90515	894.52527				454.20050	920.05060	778.53156	98.81287	1051.31189	836.46832	224.25346	1049.49023	796.71173	245.65302	969.59613	1059.67017	89.33517	456.15268	1015.16840	339.76056	603.83276	747.63940	151.02170	100.42804	1035.77625	440.04626	201.16133	682.96460	
454	4.530	115.67229	1460.04114	688.52307	142.38982	1706.50208	874.41650	23.61296	1590.71265	827.33307	229.19092	1550.12915	732.46710	9.48233	1457.53186	952.22095	328.38507	1461.30603	876.13568	159.36168	1340.78088	853.95593	205.49710	1456.27930	1019.93689	-46.95207	1107.62976	907.53241	454.73749	1143.35901	887.97095				455.65109	918.37756	773.74976	96.36791	1050.35425	830.09686	220.83397	1047.85779	788.88672	245.56726	967.99152	1051.95605	89.39103	455.75952	1015.67047	330.23639	602.36108	740.07288	151.71454	100.47387	1036.53113	429.76224	201.25792	657.02972	
455	4.540	112.87051	1457.24731	681.70593	140.68576	1704.28491	866.21039	21.47094	1587.74609	819.44659	227.00763	1547.61499	724.80200	7.42848	1454.90771	946.27307	325.78314	1459.97253	866.85315	157.41589	1338.89197	846.63202	204.10210	1454.98877	1012.39929	-46.58569	1104.97839	902.68030	455.17215	1142.16040	881.87787				457.05066	916.29688	768.90552	93.60569	1048.82178	823.97833	218.28531	1047.13806	781.65961	244.91641	966.41614	1044.14929	89.18834	455.49454	1015.71674	322.14087	601.55090	733.11530	152.29277	100.42088	1037.08081	417.76987	201.59123	631.90918	
456	4.550	110.73268	1455.00085	673.88336	138.18355	1701.92297	858.69934	18.83766	1586.31433	811.74255	224.59132	1544.91882	716.46899	5.21765	1452.74036	939.99854	323.08008	1458.23865	858.21088	154.45848	1336.79590	840.26672	202.72453	1453.58521	1004.44958	-46.62068	1102.44727	897.64093	455.75699	1141.91357	875.26538	26.13172	820.46851	792.59448	458.79346	914.28650	764.51160	91.37467	1047.87073	817.00482	215.77795	1045.47571	773.85242	243.37067	964.54370	1035.99243	89.19904	455.08017	1015.26349	314.68423	601.42303	726.72345	152.89310	100.28355	1037.70605	403.32608	202.57323	606.32172	
457	4.560	108.49603	1452.33606	666.01324	135.40581	1699.57373	850.35352	16.67251	1584.20605	803.60327	222.48416	1542.49939	709.18488	3.26433	1449.88049	933.36938	321.08313	1456.39600	849.44434	153.01634	1334.15405	832.27136	201.28920	1451.66565	996.51978	-47.97835	1099.39502	893.26764	456.09610	1141.14111	868.14362				460.53699	912.22394	760.15570	90.05808	1046.33936	810.03058	213.92363	1043.87512	765.73413	241.88452	962.39575	1028.37317	89.36544	454.91003	1014.33270	305.98181	598.64807	720.34918	153.64366	100.01267	1038.33154	387.55603	202.05844	584.56940	
458	4.570	105.63080	1449.53149	658.69849	133.59093	1697.50830	842.16150	14.52276	1581.90259	795.47589	219.91852	1539.58484	701.68030	1.45428	1447.32642	926.74548	318.54102	1455.21790	840.44501	150.49655	1332.28723	825.14099	199.47694	1450.11792	988.57849	-49.27602	1096.22900	888.81366	456.16174	1140.72498	861.51782				461.98578	909.72229	754.85321	87.97646	1045.19397	802.40973	212.18417	1042.84766	757.97266	240.07651	959.96423	1020.28180	91.11390	454.44745	1012.37018	299.93277	597.00507	713.96228	154.76335	99.93385	1038.91492	371.06726	202.11195	562.12683	
459	4.580	103.31788	1447.20435	650.63092	130.86577	1694.97742	833.86603	11.28847	1579.19458	787.55115	217.18555	1537.46484	693.08527	-0.57917	1445.11377	920.20410	316.14536	1453.73730	831.61169	148.32671	1330.17480	817.65576	197.93764	1448.17432	980.28021	-50.83503	1093.31909	885.08301	455.77151	1140.15540	854.56879	-42.93825	864.63422	836.16174	463.99030	907.09760	750.32275	87.05344	1043.66638	793.23944	210.27287	1041.09387	750.08655	238.33778	957.51379	1012.43213	90.57493	455.02771	1010.16010	296.22504	595.25305	707.52826	155.37708	100.25584	1039.69922	353.45660	202.04987	540.52924	
460	4.590	100.93142	1444.31641	642.47894	128.09795	1692.71863	825.69989	9.30834	1576.68274	779.14386	214.88989	1534.58704	685.36456	-2.82884	1442.27258	912.88947	313.77441	1451.65466	822.50323	146.13573	1327.86182	809.70648	196.08476	1445.92163	972.14966	-53.12428	1089.60205	881.22559	455.33350	1138.72620	847.34241	-37.28600	855.77197	830.32538	465.18854	904.74121	744.98676	85.02127	1042.38782	786.21930	208.48241	1039.17834	742.10547	235.45096	954.95856	1004.66132	90.89873	455.13541	1007.01898	292.71527	593.59851	700.42908	155.74211	100.67548	1040.47766	336.12924	203.23416	521.08533	
461	4.600	98.06808	1441.79529	634.91284	126.00231	1690.63843	816.78076	6.41297	1574.92188	771.24390	211.81174	1532.28320	676.47552	-4.77842	1439.94861	905.62537	311.25589	1449.77466	813.71454	143.21587	1325.81750	801.15912	194.35703	1443.91492	963.53400	-56.20245	1086.88208	878.10870	454.48380	1137.73010	840.05127	-46.06607	855.83063	827.02582	467.11078	902.16577	739.91736	84.40152	1040.19153	778.27863	206.82472	1037.49109	733.03345	232.55847	952.43225	996.89246	91.79621	454.77475	1003.63654	289.91528	591.14233	694.32611	155.87233	100.80576	1041.38660	318.27478	203.68071	502.09573	
462	4.610	95.93816	1439.89221	626.95337	123.14070	1688.19421	807.99915	3.73784	1571.97412	762.76996	209.74481	1529.62512	668.98529	-6.72033	1437.23547	898.36731	308.68161	1447.74963	804.40961	141.30075	1323.41821	793.71057	192.44987	1441.77026	955.24286	-60.31828	1084.33154	873.80530	451.81387	1135.10461	832.17621	-53.83488	854.20514	826.27448	468.69867	898.92627	734.86505	81.92269	1038.31494	769.65186	205.97386	1035.43921	725.58551	230.28975	949.67200	988.57611	91.77830	454.12598	999.57202	288.71509	587.71436	687.35529	155.84447	101.11231	1042.01746	300.61362	205.38654	483.72974	
463	4.620	92.66508	1436.34314	618.17426	120.21859	1686.07678	799.75104	0.82153	1569.62476	754.39447	206.63077	1527.11560	660.84930	-9.04248	1434.89441	890.84644	306.49255	1445.81458	794.65253	138.17589	1321.52625	785.06165	191.10742	1439.60095	946.04443	-63.89918	1081.09094	869.90002	451.35611	1134.43689	823.90833	-57.52391	851.14532	822.06140	469.84851	895.96887	729.65350	81.36344	1035.46790	761.81842	203.86928	1033.44214	716.48376	227.59225	946.95178	980.16925	92.20444	453.24088	994.88721	287.52881	583.99890	681.01538	155.52553	100.96442	1042.69495	282.87930	207.01910	467.79086	
464	4.630	89.80727	1434.16150	609.90350	118.21478	1683.74194	790.79401	-1.22017	1567.46997	746.15271	203.88396	1524.64307	651.23981	-10.89311	1432.43103	883.58142	304.04370	1443.60046	785.82550	135.83638	1319.14014	776.73511	189.18048	1437.40393	937.43500	-68.34852	1078.41382	865.54169	449.40378	1131.18494	815.67480	-61.75916	848.19281	818.72125	471.52063	893.46497	724.44177	78.74425	1033.42334	753.14349	201.75784	1030.82458	707.88965	225.67020	944.47504	971.67743	92.26891	452.20032	989.91589	286.39108	579.92615	674.22369	154.69849	100.76127	1043.03162	265.30835	209.82787	451.75186	
465	4.640	86.67239	1431.77283	601.49963	115.36542	1681.34521	781.98602	-4.04815	1564.86353	737.53711	200.98264	1522.37695	642.89178	-13.30951	1430.15857	876.07251	301.45749	1441.56604	775.53601	132.81874	1317.12781	768.23059	187.24599	1435.61548	928.44305	-73.80039	1076.25244	861.96039	446.18878	1128.86609	807.02496	-61.06477	841.62238	813.93512	472.63861	890.72791	719.05359	75.74117	1031.65845	744.53864	199.05722	1029.09167	698.37195	222.97670	942.33826	963.25549	91.06432	451.26309	984.32996	285.00964	575.06433	668.55579	154.48288	100.38152	1043.38245	248.66505	213.12157	436.97232	
466	4.650	83.61832	1429.33777	592.81055	112.06946	1679.27295	773.54224	-7.23539	1562.23328	728.95966	198.23805	1520.01990	634.61169	-15.37592	1427.88660	868.21991	298.89835	1439.54907	764.90503	129.73087	1315.00903	759.77057	185.78888	1433.31982	919.05939	-79.23013	1073.28699	856.52094	443.75992	1125.98901	798.19073	-71.57143	841.79144	811.37848	473.35464	887.99542	713.65344	73.61810	1028.92163	736.73938	196.31831	1025.99158	689.91486	220.61728	940.34119	954.59314	90.02340	449.49039	978.37122	282.15591	572.51074	659.76160	154.05856	99.54269	1043.70471	232.06107	215.62183	424.01212	
467	4.660	80.43879	1427.12988	584.07593	109.12935	1677.15564	764.87445	-10.22372	1560.10168	720.47980	194.80070	1517.56689	625.25006	-17.80942	1425.98132	860.04950	296.27548	1437.24683	756.10681	127.54053	1312.56665	751.35333	183.92151	1431.35352	909.92950	-84.45827	1070.97046	852.02679	441.81400	1124.01563	789.44788	-73.28986	836.69592	807.66095	473.93866	884.92096	709.25360	70.54540	1026.19836	728.00671	192.95726	1023.31372	680.10327	218.79405	938.48547	945.42334	88.57742	447.80756	971.70789	278.16263	570.10980	650.70367	153.08145	98.61981	1043.66675	216.60664	218.63152	411.11887	
468	4.670	77.57734	1424.64636	574.59973	106.12267	1674.86938	755.86938	-12.63030	1558.43860	711.65350	192.02545	1515.56201	615.54272	-20.07630	1423.93762	851.34393	293.32275	1435.15894	745.07922	123.40724	1310.79492	741.75201	181.68776	1429.34851	900.69324	-90.60348	1069.30310	846.87054	438.72202	1122.25879	780.09546	-80.86761	833.25488	803.50824	474.51495	882.16467	703.89972	67.01154	1023.97455	719.86169	188.98514	1021.62848	670.72443	217.06514	936.82281	936.22095	86.54433	445.72791	964.21606	274.11765	568.23999	641.64447	152.11354	98.53742	1043.74390	200.81200	221.86276	399.95215	
469	4.680	73.62120	1422.50647	566.28107	103.23528	1672.78162	746.64276	-15.71876	1556.27148	702.59869	188.48221	1513.13330	606.87781	-22.84659	1422.44495	843.11206	289.96170	1432.92505	734.33081	120.99970	1309.00696	733.09937	179.39793	1427.48560	891.18781	-95.67283	1067.57214	843.45264	435.70126	1120.59717	772.00806	-87.77412	831.84949	800.44116	474.88892	879.45135	698.66797	63.56231	1021.77509	712.12689	184.69391	1019.23572	662.08801	215.69727	935.22241	926.85449	84.71368	443.44070	956.98700	270.51556	566.59009	631.26672	150.61923	99.01806	1043.30969	187.13957	223.80357	387.95160	
470	4.690	70.09702	1420.67957	557.18616	101.24777	1670.66406	736.78082	-19.25047	1554.93286	693.83185	185.34221	1511.41565	597.77667	-25.53315	1420.98950	834.64038	286.92728	1430.71741	725.16034	117.07195	1306.98669	722.90472	177.04129	1425.76917	881.34473	-101.46396	1066.00378	838.31824	432.79575	1118.91272	762.86884	-93.10447	828.99323	796.76892	474.78104	876.62152	692.83240	58.85339	1019.76929	703.24310	179.96146	1017.44244	652.70215	214.19415	933.50604	915.41357	82.66907	441.37158	949.44537	266.29327	563.53400	622.00500	149.97305	99.31830	1042.90454	173.46603	225.69629	376.47644	
471	4.700	66.94762	1419.01013	547.51398	97.84855	1669.04163	727.47516	-22.50251	1552.93274	684.97876	181.77971	1509.50012	587.58093	-27.72120	1419.43433	825.22986	283.95410	1428.64941	714.59589	113.41750	1305.34619	713.45050	174.40700	1424.22278	871.63702	-107.23315	1064.46838	832.77765	429.82385	1117.32141	753.65192	-99.10361	827.60284	792.82935	473.98120	873.82623	687.26324	54.84483	1017.63373	695.94775	174.85356	1015.48163	642.76868	213.08531	932.50983	907.17841	80.68689	439.23126	941.48883	261.62885	562.01520	611.77692	149.55640	99.64553	1042.51050	159.14162	227.12198	365.84439	
472	4.710	63.82572	1417.46265	538.80359	94.96299	1667.31873	717.36926	-25.69697	1551.18054	675.13263	178.40656	1507.63159	578.05017	-30.92240	1418.49658	816.15948	280.59628	1426.94141	703.91620	109.40890	1303.53357	703.59741	172.11491	1422.27466	861.36694	-113.58150	1063.45227	825.86096	426.90765	1115.75623	744.38049	-103.99995	824.53107	788.31970	472.80185	871.31830	682.15118	50.21612	1015.68414	687.74628	169.25110	1013.60876	633.14551	210.65831	930.23572	893.64954	77.97504	437.62146	934.06134	257.00928	559.33228	602.22937	148.16469	100.62685	1042.05334	147.30653	227.37949	355.11792	
473	4.720	59.67126	1415.14880	528.31482	92.19518	1665.43127	707.59045	-29.02960	1549.58447	665.81653	174.95865	1505.62842	568.18762	-33.85583	1417.48682	806.87329	277.23560	1425.19775	694.45648	106.23997	1301.76929	693.32776	169.66269	1420.62622	851.15491	-118.41074	1062.80945	821.24298	423.50290	1114.04993	735.35272	-110.86353	824.25983	784.05530	471.71759	869.26349	676.60553	45.24240	1014.02972	679.76709	163.69371	1011.48303	623.63983	211.03145	929.07257	886.63525	75.52751	436.37186	926.35767	252.05240	556.86963	592.32758	147.34830	101.59525	1040.88672	134.46561	227.46329	345.36459	
474	4.730	56.41443	1413.92493	518.85321	88.65169	1663.41943	697.73694	-32.33334	1548.10925	656.01825	171.70773	1504.15588	557.64825	-36.26455	1416.09741	796.88544	273.56512	1423.51318	682.61908	102.15321	1300.49451	682.78815	166.74692	1419.17004	841.26923	-123.71725	1061.94861	814.84460	420.64786	1112.67444	725.70282	-115.93079	822.49371	779.95502	470.15323	867.63226	670.04828	40.25218	1012.60529	671.56189	157.91733	1010.02338	614.30328	207.96167	926.91504	871.20111	73.78114	434.37079	918.74695	247.75055	553.68927	579.48004	146.00961	103.17346	1039.58569	121.62185	226.85783	335.33521	
475	4.740	52.25892	1412.04810	508.27170	84.52554	1662.27405	688.40076	-35.64330	1546.32446	646.35852	167.52051	1502.45337	547.63416	-39.47556	1415.05237	787.34332	270.32892	1421.63452	671.25531	98.29059	1298.82312	672.39288	164.40060	1417.31787	830.36853	-128.51938	1061.33606	807.89960	417.34326	1110.98486	715.89612	-120.52828	821.13458	773.84265	468.39499	865.89685	662.73615	35.40741	1010.72601	662.82416	151.29590	1008.31067	603.47052	206.86949	924.97137	859.88953	70.54060	433.04703	911.11627	242.48343	550.92987	568.31042	145.58263	103.93143	1038.63831	110.11574	225.34480	326.28238	
476	4.750	48.73930	1411.42273	498.39471	82.28478	1660.56177	678.35986	-39.30326	1544.66980	636.84381	164.07182	1500.90698	537.68555	-42.18550	1413.80542	778.13031	267.00134	1419.57068	660.53070	94.74186	1297.55969	662.94385	161.59109	1415.60217	819.57550	-133.08336	1060.57910	801.21436	414.14096	1109.52197	706.71747	-125.99688	820.88599	769.12360	464.31711	863.63721	656.28857	30.35793	1008.91791	654.11676	145.66925	1006.90778	592.36340	205.08511	923.56195	848.44147	67.40340	431.85632	903.86829	237.94516	547.62921	556.56842	144.88872	104.99606	1037.47107	97.59127	224.33403	316.91714	
477	4.760	44.49754	1409.52856	487.63995	78.62183	1658.93494	667.69775	-43.20401	1543.32825	626.92401	159.94948	1499.89954	526.20862	-44.94564	1412.79126	768.38983	263.53036	1418.04883	648.84979	90.72713	1295.90137	651.32178	159.18497	1413.94250	809.07617	-136.86865	1059.74316	794.10889	412.79510	1109.91370	697.52203	-130.69904	820.71844	762.52094	461.51056	861.86066	648.07635	25.28940	1007.50397	645.34271	139.60405	1005.23132	581.76031	203.82141	921.45734	835.92511	64.64153	430.32050	895.85028	231.82938	544.58685	544.63098	143.21156	108.09588	1035.37329	86.30598	221.70023	308.37595	
478	4.770	40.06511	1408.37646	476.98706	75.03489	1657.69690	657.69678	-46.61470	1541.82239	616.67999	156.07164	1498.50525	514.92413	-47.75076	1411.78479	758.93024	260.00790	1416.45142	637.06915	87.09451	1294.78760	640.88263	156.27524	1412.87708	798.28253	-140.88809	1059.05933	787.01459	408.26300	1107.09729	686.67053	-134.64285	819.04767	756.51520	458.04657	860.64655	640.42719	20.11468	1006.07269	636.35669	133.68373	1003.53259	572.03546	202.32263	920.05450	823.55682	60.76697	429.32693	888.77893	226.57829	541.79053	532.81079	141.54936	110.29733	1032.28638	74.84014	218.27689	301.36066	
479	4.780	35.59341	1407.75623	466.13565	70.61102	1656.91711	646.85168	-50.77121	1541.20984	606.26617	152.04649	1497.45557	505.15643	-51.06488	1411.42188	749.85352	256.36804	1415.53589	625.41266	81.93552	1294.36682	630.64905	153.63847	1412.18774	787.42786	-143.95010	1058.28357	779.10297	406.47577	1107.77197	677.46643	-139.28726	819.27563	750.57373	454.54590	858.92871	631.17426	14.89495	1004.45911	627.21460	127.75640	1002.32996	560.78943	200.60652	919.22479	812.21417	56.79411	428.42380	880.53369	220.91266	539.55426	521.33923	140.87360	111.92435	1027.54077	64.58542	214.38477	293.89832	
480	4.790	31.32406	1407.23730	455.53796	67.54835	1655.72791	635.60596	-54.35517	1540.38611	595.45477	147.80901	1497.29309	493.19086	-54.15052	1410.86597	740.76154	252.15141	1413.86560	614.07263	77.47634	1293.76538	620.16351	151.07445	1411.99170	776.72449	-147.05876	1058.39709	771.22565	403.44284	1107.08740	667.40356	-142.77818	817.65399	743.99371	450.88550	858.14490	622.34381	10.12192	1003.47656	617.83667	122.46770	1000.79443	550.09393	198.38403	918.26672	800.27051	53.55525	427.21045	872.05731	214.04257	538.62994	509.26138	137.65352	114.78714	1023.46698	53.98086	210.91440	287.84558	
481	4.800	27.39284	1406.77795	444.32004	63.04126	1656.05713	624.53522	-58.72183	1539.90906	584.66364	142.95421	1497.22791	480.78992	-57.67458	1411.11047	731.88556	248.11174	1413.46924	603.51117	73.12002	1293.52844	609.92084	147.82924	1412.50916	766.00189	-149.67294	1058.06702	763.52222	400.48337	1106.54236	656.79993	-147.65808	818.21979	738.06537	447.84915	858.02167	612.61786	5.48877	1002.32410	608.43781	117.17557	1000.02277	541.00757	196.47124	918.00684	789.11713	49.44971	426.58215	863.77026	205.98726	540.57721	496.54330	136.24681	116.07334	1017.16296	44.83997	207.08472	283.11270	
482	4.810	23.27464	1406.79504	434.06143	58.90318	1655.58301	613.27240	-62.56326	1539.45325	574.15326	138.74275	1497.17737	470.77280	-61.18141	1411.21472	722.08392	244.03665	1413.35388	591.96613	68.44461	1293.62366	600.02161	144.69716	1412.78870	755.15918	-152.31371	1058.46411	755.39862	396.61481	1107.20154	646.23706	-153.08075	819.45361	732.65320	442.93979	857.37799	601.74207	1.31503	1001.48309	599.30157	113.17358	1000.21014	530.48553	193.93137	917.37811	778.43750	44.04378	426.44598	855.32587	197.75246	544.19623	483.40475	134.79312	117.90577	1011.30731	37.79116	203.72827	279.56927	
483	4.820	18.84954	1405.84485	423.57556	54.30060	1655.48975	602.40186	-66.79803	1539.26514	563.77545	134.71809	1496.81848	460.11584	-64.98505	1411.65991	712.78668	239.25093	1413.53149	580.45734	64.19364	1293.52014	590.13116	140.77060	1413.55237	744.21716	-155.00128	1059.08496	747.38983	392.91910	1107.76270	635.19489	-156.42677	818.80634	725.97131	439.56244	858.49402	591.17682	-2.32476	1001.09698	590.17310	109.23919	1000.21033	521.13995	190.19102	916.94781	769.18195	39.16524	427.07306	846.25531	188.62996	548.92206	470.36069	131.86774	120.30730	1004.67194	31.10575	200.57486	277.08438	
484	4.830	14.47131	1406.33289	412.93854	49.33727	1655.83716	591.76355	-71.23604	1539.20044	553.07983	130.12444	1496.85522	448.36087	-68.23735	1411.96545	702.72760	234.41330	1414.22266	569.63428	60.32699	1293.45740	579.75800	137.03659	1414.19580	733.79596	-157.64752	1059.77600	739.72815	389.33408	1108.84229	623.31927	-159.30852	819.93964	720.02069	435.73468	859.93530	579.36292	-5.29652	1000.94147	581.70581	105.70191	1001.07593	512.64978	187.90747	918.02484	760.55646	33.12846	427.51260	837.10309	180.00165	553.99878	457.56281	128.87563	123.56221	997.76190	24.78831	198.29070	274.76572	
485	4.840	10.93638	1405.89966	403.23364	45.47205	1656.06433	581.41827	-75.49210	1539.19080	542.40106	125.86818	1496.69958	438.13126	-71.91282	1412.36707	692.80225	229.81993	1415.08386	558.10638	55.89355	1294.03979	570.02386	133.42859	1415.14209	723.08569	-159.85297	1060.27014	732.15259	385.41345	1109.83276	611.65668	-161.86061	820.22766	713.98529	431.00607	860.94238	566.42792	-7.94673	1001.00903	573.68774	103.12543	1002.23798	504.22687	184.63893	919.14996	752.74335	27.73237	428.22760	827.38953	171.71004	559.41351	443.58331	125.46113	126.78615	989.72028	18.44182	195.51042	273.09171	
486	4.850	6.09451	1405.00488	392.01807	41.80412	1655.69568	570.31586	-79.86957	1538.98120	532.34467	121.94341	1496.68457	428.90402	-75.41326	1412.82129	683.67578	224.97554	1415.65051	547.30225	51.82234	1293.79541	560.06720	130.21457	1415.93835	712.31372	-162.49576	1060.98706	724.71130	381.38385	1110.89001	599.05823	-165.70726	821.99969	708.79474	427.15970	862.17206	554.62439	-10.20356	1001.40643	565.90680	100.07079	1002.92267	497.40485	181.37599	920.80182	744.96417	21.24600	428.15463	817.14160	163.99707	564.33966	430.93149	122.84403	129.37224	981.11707	13.14324	192.57579	272.86780	
487	4.860	1.08749	1405.30823	381.58929	35.96237	1655.62817	560.80688	-84.22730	1538.98560	521.70190	117.26767	1496.70593	417.44009	-78.80434	1413.41528	675.03638	220.39108	1415.81250	536.38733	47.97528	1293.98804	550.47308	126.51694	1417.04492	701.90656	-164.43823	1061.79492	717.34747	377.67654	1112.11267	587.76941	-168.02406	821.91296	702.51465	423.00842	862.97656	542.32690	-12.81703	1002.14978	559.06842	96.92954	1004.77362	489.21597	178.09476	921.18982	736.84924	14.27795	428.58911	806.71539	156.85156	568.88708	417.23398	119.71245	133.76392	972.41949	8.26442	189.38135	271.20117	
488	4.870	-2.41233	1405.62817	372.79626	31.46809	1655.79248	550.28876	-88.97979	1538.61023	511.65570	113.03446	1496.81799	407.63593	-81.91152	1414.09998	665.75287	216.62187	1416.72217	525.23822	43.90208	1294.38538	541.32324	123.03455	1418.13538	691.78418	-166.50714	1062.48010	710.61713	373.63727	1112.97498	575.18848	-169.87302	822.69391	696.52606	418.39575	864.68872	526.98730	-15.30866	1003.32727	552.47662	93.28961	1006.33301	481.54712	174.70390	923.13818	730.37341	6.09358	429.01703	796.07092	149.78395	572.48834	403.71982	115.84563	137.44974	963.60956	3.74899	185.74667	271.43933	
489	4.880	-6.99693	1405.01697	361.58951	28.34632	1655.50269	540.12329	-93.55254	1538.63574	501.94611	108.25531	1496.88977	397.17075	-84.95516	1415.01953	657.94897	211.40984	1417.04224	513.45776	40.00367	1294.41467	533.15479	120.27758	1419.24146	681.47668	-168.71719	1063.36951	704.05841	369.83344	1113.37170	562.90741	-172.09286	823.96289	690.85187	413.64636	865.66522	514.17371	-18.19219	1004.12762	546.16919	90.29485	1006.57605	475.25891	172.64413	924.13269	723.86060	-1.06154	428.08926	784.68860	144.33788	575.59320	391.23236	112.04585	141.25247	954.08124	0.12275	180.98178	272.16537	
490	4.890	-11.72886	1405.13403	351.84946	22.86897	1655.38879	529.94269	-97.95857	1538.22705	491.83289	103.79349	1497.09753	387.32474	-88.35406	1416.09875	650.83484	206.32397	1417.24280	503.04160	35.47377	1294.45630	524.72247	117.25560	1420.80530	671.42310	-170.61345	1064.36792	697.79785	365.66806	1114.24719	550.78210	-174.90132	825.26697	686.11786	409.21484	866.13647	499.56784	-20.97112	1004.64764	540.16772	87.21331	1006.62439	468.26129	169.75826	925.38159	716.88519	-10.26810	427.85126	773.15845	138.73531	576.64948	380.72672	107.91563	146.18626	944.09735	-3.97794	177.48874	272.79260	
491	4.900	-16.12515	1404.94800	341.94479	17.28301	1656.05823	520.20648	-102.54192	1537.94666	482.03049	99.04414	1497.18384	376.72305	-91.24923	1417.18787	643.53461	201.37444	1417.52332	491.18857	30.74471	1294.64087	517.20728	114.39999	1422.20642	661.58508	-172.73648	1065.66248	691.55145	361.85739	1114.62610	537.52380	-176.79262	826.18420	681.23450	405.39465	867.22180	485.18381	-24.16845	1005.06787	534.65912	83.11036	1006.35077	461.50104	168.61520	927.13135	709.27893	-18.53144	426.11749	761.11975	135.87912	578.00244	366.44064	103.27024	150.54276	932.99579	-7.11438	173.72905	272.78018	
492	4.910	-20.28950	1404.92041	332.53699	12.79352	1655.62549	509.81467	-107.16723	1537.86572	472.58362	94.67502	1497.05859	367.76224	-93.90849	1418.58923	636.64343	196.05550	1417.61658	480.39178	26.89762	1294.84875	510.36206	112.07551	1424.00659	651.52594	-174.92166	1067.52124	685.92096	357.58795	1115.03345	524.45636	-180.55316	827.69507	675.45038	399.85168	867.86383	470.86316	-28.20830	1006.25122	527.93396	79.37828	1006.26611	454.85196	167.08426	929.09558	702.45825	-28.22605	424.44553	749.27496	134.09677	578.63684	356.53421	98.54417	154.04994	921.42950	-9.41554	170.80659	273.71295	
493	4.920	-25.12424	1404.21912	323.07697	8.30458	1655.87842	500.18536	-111.75185	1537.30286	463.19308	89.98142	1497.20752	358.35376	-96.76870	1419.61658	629.16742	190.61613	1417.64575	469.26154	22.25506	1295.00793	502.60364	109.63827	1425.99463	641.29529	-177.36853	1069.55286	680.75305	353.31564	1115.45459	511.66928	-183.12691	830.73584	671.91760	394.21512	869.01514	455.38361	-31.27591	1006.07312	525.68042	74.90813	1006.40131	449.51596	166.72052	930.83105	696.69836	-38.59971	424.20145	737.52045	133.53461	578.81421	346.92316	93.27665	157.67200	909.14764	-11.04728	167.85489	276.44470	
494	4.930	-30.04709	1403.94373	313.54236	3.63799	1655.77747	490.15308	-116.32482	1536.83716	453.92499	85.14837	1497.22156	348.78458	-99.53403	1421.96167	622.61243	185.77461	1418.30176	458.35846	17.74400	1295.49548	495.21384	106.76897	1427.85242	631.77704	-179.29204	1071.61804	675.54059	348.67648	1115.37366	498.37631	-183.48129	830.82837	665.96912	388.69629	869.43707	440.72250	-34.46682	1006.81018	521.74854	70.44191	1005.83844	444.09641	165.79683	932.81543	690.27838	-49.43846	423.48279	725.03442	133.96997	579.23035	338.91858	86.90865	160.82742	896.67322	-11.53443	166.81886	278.76590	
495	4.940	-34.70458	1403.33081	304.61673	-1.30368	1656.29858	480.02267	-120.86576	1536.67700	445.25833	80.10600	1497.48816	338.44141	-102.49160	1423.83020	616.21460	180.33980	1418.08936	446.65326	13.57154	1295.47314	488.06146	104.64085	1429.55505	621.60986	-181.49649	1074.31201	671.27679	343.88708	1115.37061	485.19800	-185.34312	833.51764	661.22504	382.72333	870.06860	424.95993	-37.96175	1007.34973	518.52008	66.12016	1005.90375	439.55615	165.72569	935.06311	684.39496	-60.67920	423.85577	713.20587	135.16356	578.50104	336.15805	80.28728	163.36195	883.08136	-12.19711	166.38170	281.12878	
496	4.950	-38.49846	1402.69775	296.53549	-6.61386	1656.23682	470.23013	-125.39373	1535.77625	436.10349	75.05640	1497.08093	328.47339	-105.04487	1425.61560	608.84857	174.80937	1417.71265	436.32260	8.81685	1295.71606	481.15265	101.69968	1431.63586	611.32831	-183.22194	1076.91321	667.81750	338.82278	1115.25232	471.65372	-186.72292	836.62726	657.38525	375.99948	870.49054	409.84796	-41.28408	1008.38110	515.94293	61.54603	1006.53992	435.32147	165.09204	936.90131	677.92273	-71.78072	425.17285	700.76123	135.95970	576.95648	333.67477	72.68778	164.42104	869.68695	-12.37030	167.33995	283.33676	
497	4.960	-43.69830	1401.94128	287.58832	-10.83424	1655.96594	460.13565	-129.20927	1534.72742	427.54291	70.32795	1496.97534	318.82452	-107.79159	1427.44946	601.67365	169.70267	1417.63904	425.61792	4.19169	1295.75635	474.79968	99.52766	1433.15308	601.90619	-184.52792	1079.64807	663.88281	333.37097	1115.16748	458.41150	-187.47260	840.01819	652.99084	369.83936	870.67584	394.62479	-44.52793	1009.71088	513.74561	56.87676	1006.62628	431.76309	164.09023	938.78833	673.29919	-82.66428	426.79239	689.05286	136.91713	575.78436	332.82489	63.93118	165.25497	855.48358	-12.43583	167.54947	285.75360	
498	4.970	-48.70635	1400.28271	278.51089	-15.13725	1655.66772	449.95557	-133.93280	1533.87305	419.09778	65.51310	1495.20447	304.83899	-110.46004	1429.30859	594.64246	164.09644	1417.09912	414.31488	-0.11281	1295.10205	468.03665	95.96693	1435.82227	592.05090	-185.42279	1082.56384	660.33563	328.19547	1114.48242	446.23080	-188.36771	843.13770	648.60590	363.89691	871.15533	379.18146	-47.55734	1010.93494	511.77841	52.77770	1007.81244	428.13254	164.61508	941.20618	670.05957	-93.54397	429.01709	676.73395	137.02803	574.08618	333.78522	55.41032	166.42928	836.95581	-12.11093	167.49181	288.14670	
499	4.980	-54.06736	1399.23035	269.37436	-20.18271	1655.06592	440.23502	-138.46445	1532.86768	410.60950	60.60538	1494.94971	295.27637	-114.27795	1431.55933	587.29852	159.05078	1416.32617	404.08752	-4.21854	1294.89197	462.00003	91.90456	1437.01660	581.47003	-186.64456	1085.43567	657.75214	322.65402	1113.73120	432.03391	-189.59540	846.68109	645.44025	357.18231	870.99683	363.83279	-50.68381	1011.78107	510.03683	48.69940	1008.37109	425.77365	163.42938	942.79907	665.22461	-105.06366	431.62988	664.31097	137.57318	572.78296	334.00464	43.66581	168.11356	827.72852	-11.94956	167.14780	291.30722	
500	4.990	-59.10328	1397.78455	260.75055	-23.74967	1653.94885	430.31134	-142.68192	1531.49841	402.20532	56.14769	1494.15698	285.30215	-114.69127	1432.71509	580.00012	154.06273	1415.27734	394.16211	-8.20811	1294.20288	455.51895	88.10917	1437.59180	571.49316	-187.80360	1088.31519	655.28400	317.23566	1112.81421	419.80743	-189.98245	850.29260	642.16473	350.71536	870.77740	348.45572	-53.60069	1012.76105	508.45639	45.22223	1009.53253	423.44644	163.15021	944.74963	662.06787	-115.69550	434.52780	652.02441	138.24673	571.33545	336.25372	31.79083	168.65536	813.02710	-11.08923	167.11739	293.09219	
501	5.000	-64.57745	1395.99670	252.17674	-28.29074	1652.94104	420.74432	-146.84244	1529.88940	393.68741	49.95092	1492.95361	275.63852	-117.46626	1433.96655	572.08179	148.69682	1413.73462	384.45880	-12.31425	1293.47107	450.05917	90.41016	1439.74597	561.85748	-188.70938	1091.14648	653.07678	311.33926	1110.86292	405.76740	-190.90401	854.60065	639.05597	343.87094	870.38367	333.85001	-56.36775	1013.73340	506.70667	41.59652	1010.22205	420.72192	162.08609	947.13904	659.26129	-126.13887	437.90430	639.60901	138.60687	569.99268	338.15897	17.63064	168.80655	797.82928	-10.99381	166.33624	297.36563	
502	5.010	-69.03246	1394.37781	243.93877	-32.08393	1651.02173	411.16541	-150.83070	1528.14819	385.80029	44.99063	1491.78052	265.68246	-119.83412	1435.73022	564.38245	143.61119	1411.59680	374.48682	-16.11832	1292.31213	443.75162	88.01276	1441.40027	551.30219	-189.52379	1093.77808	651.27490	305.58957	1109.56580	392.56998	-191.76303	858.38550	636.93597	337.07587	869.53986	317.49359	-59.08541	1014.93518	504.83768	38.23716	1011.55084	418.28952	160.09297	948.64594	655.76520	-136.05972	441.72168	627.41907	139.54225	568.59314	340.08255	2.10414	167.76660	782.34521	-11.12247	164.58836	299.96606	
503	5.020	-75.00134	1391.99548	234.39934	-36.16085	1649.41162	401.54932	-153.65826	1525.50916	377.44205	40.34835	1490.08777	255.49480	-122.17314	1436.58862	557.04565	138.70361	1409.75989	365.05341	-19.51573	1291.27795	438.36731	85.33485	1441.41199	541.75458	-190.37273	1096.35242	649.69556	299.78806	1107.44800	380.07611	-191.15392	862.45374	633.82635	329.83798	868.20178	302.34595	-61.74318	1015.93677	503.05222	35.49574	1012.27704	416.26340	158.75471	951.13409	653.25690	-145.58665	445.76682	615.43622	140.44467	567.63837	342.42670	-15.06594	166.39690	766.81940	-11.00175	162.94595	303.30048	
504	5.030	-79.66072	1389.36719	226.25348	-39.16793	1647.28796	391.83804	-158.22253	1523.59753	370.01257	35.42123	1487.38684	245.54904	-125.13892	1437.39795	549.60468	133.79790	1407.69421	356.40680	-23.49728	1290.36145	432.82510	81.78738	1441.59436	532.56561	-191.14220	1098.61646	648.59064	293.23178	1104.75610	366.43588	-191.89343	866.92230	631.33716	323.16345	867.27179	287.23346	-64.08744	1016.68359	500.95761	32.98612	1012.32404	413.92499	156.95949	952.33160	650.82202	-154.79997	450.24597	603.20428	141.53966	565.96637	345.53137	-31.91970	162.46594	749.93683	-10.56995	160.86284	304.98441	
505	5.040	-84.33640	1386.71704	218.55597	-42.82619	1645.45178	382.27478	-161.50735	1521.55933	361.36969	30.99142	1484.65234	237.05817	-128.10303	1438.67603	542.40906	129.22925	1405.71277	348.09805	-27.32962	1288.95557	426.98788	78.75854	1443.98657	524.43683	-192.10127	1100.76404	648.23444	287.09485	1102.56750	353.59955	-192.33511	871.38806	628.39453	315.97784	865.46313	271.57648	-65.67603	1017.11450	498.09613	30.44394	1012.91156	411.17575	155.08047	954.93414	649.13715	-163.68294	455.72232	591.80035	142.69743	565.30243	348.55103	-48.97347	158.94154	733.99542	-9.45959	158.63989	305.42734	
506	5.050	-87.91909	1383.64624	211.84531	-46.78951	1643.50708	372.62411	-164.71709	1519.23450	353.38290	26.86317	1482.00110	227.85970	-130.82549	1438.77637	534.92969	124.25024	1403.41248	339.17700	-31.13154	1287.87659	421.92679	76.20174	1444.21655	515.92676	-192.65842	1103.21606	647.71808	281.06104	1099.90076	340.36063	-190.85522	875.59912	626.60034	308.35419	863.86902	256.83478	-67.62086	1017.40631	495.81982	28.90406	1012.14734	408.35892	152.41824	956.71857	646.85236	-171.68169	460.85339	581.06140	143.72719	563.96802	351.60538	-65.95018	154.94670	717.06976	-8.21886	157.10741	306.72519	
507	5.060	-93.05765	1380.15503	203.00548	-49.89712	1641.27527	362.83423	-168.24426	1517.00049	344.92175	22.06853	1478.49353	218.67752	-134.13435	1439.26147	527.66730	120.02649	1401.15552	330.39661	-34.89972	1286.46472	416.11017	72.65263	1444.45752	507.41864	-193.50691	1105.26465	647.39709	274.84506	1097.66870	328.43875	-190.08963	879.00983	622.46722	301.15570	862.51837	240.85712	-69.38761	1017.71844	493.45602	27.26491	1010.88403	406.13046	149.87297	958.74719	645.02905	-178.87871	466.34958	570.18665	144.90515	562.93787	355.08951	-83.82571	151.32135	701.42145	-6.52553	154.90379	308.53040	
508	5.070	-96.70199	1377.46570	196.16734	-53.63890	1639.49292	353.47516	-172.53198	1515.05798	337.05191	18.52533	1475.49573	210.00002	-137.04034	1439.07104	520.58636	115.96084	1398.11279	323.33484	-38.35543	1284.95349	410.59079	70.14821	1444.35046	498.83633	-193.50412	1106.48096	646.77441	269.06589	1094.73462	316.18942	-190.71062	882.85443	620.32941	294.21954	861.43237	225.61626	-70.80374	1017.70947	490.61615	25.73320	1009.66400	403.22104	148.97792	960.87750	643.89667	-185.07428	471.76608	560.22437	146.12556	561.16461	357.78888	-102.31310	146.28531	684.87177	-5.00181	153.60997	309.82309	
509	5.080	-100.41692	1374.22485	189.46072	-57.17712	1637.25415	344.23376	-176.79941	1513.40869	328.97592	14.63099	1472.20557	202.29488	-140.01457	1439.21899	513.51532	111.39852	1395.72852	315.34274	-41.80362	1283.52051	404.81448	67.62921	1444.02490	490.58969	-194.17880	1109.07922	646.39117	263.10712	1092.98657	303.19125	-191.11230	886.69849	617.96594	286.48810	859.50690	211.57983	-72.71078	1017.39948	488.26822	24.63372	1008.60651	400.33392	146.06516	962.98706	642.04749	-188.89030	477.50320	551.09851	146.44809	560.33722	361.45764	-120.97786	142.22638	668.69397	-2.40815	152.26530	310.80844	
510	5.090	-104.17165	1370.79932	182.11801	-60.58024	1635.29517	335.18665	-180.56061	1511.14417	321.07697	11.36221	1468.72925	194.38110	-143.12067	1438.90576	506.27545	107.40365	1393.17871	308.09186	-45.72773	1281.86621	399.39383	64.21413	1443.87549	482.51971	-195.05341	1110.82849	645.92340	257.47748	1090.24683	291.54141	-191.37091	889.72174	615.10004	279.15338	858.60986	196.01060	-74.11993	1016.87714	484.93085	23.46542	1006.63025	397.89587	143.59167	964.92188	640.64948	-191.44138	482.71948	542.61993	148.18217	558.68237	364.08813	-139.11115	138.71140	652.34302	-1.99530	149.58958	313.12424	
511	5.100	-107.71991	1366.85950	174.98334	-63.83745	1632.99719	326.24854	-183.94966	1508.89917	313.08542	7.92598	1465.44043	187.51717	-145.62059	1438.39673	499.34424	103.79635	1390.46570	300.54572	-48.73546	1280.24109	393.74707	61.93715	1443.49744	474.56232	-196.23167	1112.44714	645.07330	251.68425	1088.29419	280.36099	-192.59145	893.22333	613.37726	271.31415	857.68726	181.29269	-76.21646	1016.37842	482.40576	20.94626	1005.64014	391.95700	141.21686	966.36810	639.78119	-192.56155	486.78253	536.12872	148.62456	558.47668	367.24078	-158.30771	135.81393	636.02014	-0.22766	146.74173	316.31238	
512	5.110	-111.10906	1363.68140	168.35312	-67.21365	1630.88464	318.01895	-186.94279	1506.62964	305.39102	5.20318	1462.08496	180.00110	-148.99362	1438.05005	492.33597	99.80241	1386.67517	295.70535	-51.96961	1278.09644	388.28729	59.73628	1444.45471	467.92728	-197.68410	1114.48914	643.81433	246.29643	1086.26453	269.16208	-193.70792	896.30939	610.70679	263.87384	856.78290	167.06798	-77.51876	1015.54053	479.24536	21.50934	1003.06976	392.98047	138.43571	968.34814	639.27789	-192.38765	489.08728	530.75909	148.99586	556.84778	369.74072	-176.62631	134.08908	619.00427	4.58083	145.80913	318.49472	
513	5.120	-114.44981	1360.50293	161.94170	-69.69650	1628.27454	309.50336	-190.33809	1504.05615	297.84354	1.94608	1458.75854	173.36122	-151.67400	1437.59863	485.46976	95.92225	1384.56116	287.69284	-55.51707	1276.33203	382.59360	57.09523	1443.76782	460.10825	-198.63867	1116.03149	641.64996	240.67497	1084.25269	257.54166	-196.37909	899.65106	608.89978	256.27441	856.79608	152.40196	-79.41383	1015.10077	476.64148	20.66229	1001.86969	389.97311	136.07274	970.08728	638.02338	-191.29204	490.15302	527.59094	149.81996	555.87030	372.91470	-194.25891	133.24193	601.52393	8.56654	143.34821	322.19739	
514	5.130	-116.85738	1356.76770	156.01526	-73.44807	1626.67175	301.70517	-192.97194	1501.71460	290.44180	-1.05305	1455.30347	165.79759	-155.08217	1437.05237	478.86224	93.11661	1382.33325	279.44849	-58.53380	1274.57324	377.48425	54.61593	1443.14124	452.81989	-199.90462	1117.14636	639.88226	235.25311	1083.45325	247.33327	-195.78136	901.53320	605.17511	248.44431	857.19482	138.15236	-81.01612	1014.14819	473.78851	20.02898	1000.00909	389.01144	133.05473	971.56421	637.05664	-189.97314	490.38272	525.36920	150.51794	555.03931	375.32172	-211.32281	132.41873	584.48773	12.53908	142.05968	324.98434	
515	5.140	-119.97105	1353.86072	149.33614	-76.25455	1624.40784	294.11880	-195.99254	1499.25940	283.65164	-4.23550	1452.37830	159.25510	-157.47658	1436.26782	471.89978	89.88757	1379.99500	274.17200	-61.76842	1272.60608	371.97153	51.49294	1442.69739	446.39005	-201.83701	1118.30676	637.30249	229.79178	1082.40576	237.61163	-197.92735	903.76709	602.48425	239.90445	858.44751	124.13609	-82.56862	1013.68311	470.86475	18.77720	998.33136	385.31461	130.97574	972.97668	636.31641	-187.16797	489.66928	522.96851	151.21208	554.25452	378.35629	-227.67035	132.87352	567.46436	17.90112	142.64124	328.77979	
516	5.150	-122.54710	1350.70605	143.67035	-79.20644	1621.93555	286.99057	-198.59695	1496.96338	276.63409	-6.22629	1449.49670	153.23653	-160.11438	1435.78845	465.61417	86.55357	1377.33789	269.03955	-64.84536	1271.15845	366.70404	49.16865	1442.08069	439.76227	-203.30765	1119.26636	634.53979	224.02187	1082.64636	227.08192	-200.22141	906.08209	599.57184	231.86975	860.49719	109.61319	-83.57745	1012.98444	468.05533	17.80195	997.53418	383.37210	127.90948	974.26434	635.22736	-185.22112	489.46860	521.78156	151.53606	553.00476	381.27701	-243.13435	134.92586	550.97540	22.41860	140.95711	332.76862	
517	5.160	-125.21740	1347.65967	137.38467	-81.58836	1619.58411	279.63846	-201.66714	1494.63428	270.32059	-9.03069	1446.20972	146.94189	-162.20647	1434.69617	459.12732	83.31598	1375.49976	263.46555	-67.73629	1269.59790	361.92346	46.48505	1441.30676	433.51004	-205.26382	1120.06836	631.43182	218.30605	1082.28259	218.13998	-202.92867	907.32489	596.68158	223.29164	863.00940	96.80344	-85.53712	1012.65356	465.49356	16.65847	996.86646	381.32401	126.04611	975.56763	633.62482	-183.08618	489.04272	519.86304	151.35620	552.17804	384.03738	-257.48636	138.67781	534.36902	24.77730	137.86971	336.12698	
518	5.170	-127.59017	1345.01038	132.12253	-84.47363	1617.23853	273.23557	-203.90898	1491.99768	263.96237	-11.56343	1443.91565	141.32745	-165.29066	1434.04797	452.81082	80.29486	1372.72241	258.91489	-70.26856	1267.68506	356.42972	43.94248	1440.80579	427.42398	-207.21808	1120.87732	627.82074	211.79077	1082.36426	209.34605	-205.40114	908.62750	593.32141	215.04427	866.24664	84.34377	-87.41475	1012.08038	463.31982	15.45071	995.84375	379.70831	123.81073	976.64288	632.43219	-180.62596	488.75061	518.23840	149.47728	551.28076	386.20074	-269.17148	142.72873	517.82275	28.76216	135.46202	338.77133	
519	5.180	-129.80579	1342.24683	126.70258	-86.81387	1614.91846	266.91595	-206.61604	1489.26208	258.71759	-14.34953	1440.49060	135.36813	-167.25821	1432.73535	446.98639	77.79153	1371.93628	252.79787	-72.58129	1266.44263	351.62463	42.17423	1439.70105	421.44553	-209.44569	1121.26575	624.25092	205.30794	1081.51355	201.19473	-208.61995	909.68628	590.63751	205.49240	869.59344	72.37902	-89.05052	1011.86664	460.99402	13.80030	995.12640	378.25494	120.39153	977.30774	630.65454	-178.58453	488.42853	517.41504	147.71925	551.09564	388.29498	-279.29752	147.79929	502.46884	32.37024	133.62289	343.10233	
520	5.190	-131.84610	1339.89417	122.01900	-89.21936	1612.45374	261.18085	-206.65323	1486.43921	252.92178	-16.40607	1437.87280	129.90756	-169.30078	1432.40271	441.20950	75.56991	1370.46423	248.31529	-74.77378	1264.40308	346.94040	40.09106	1439.02551	415.93625	-211.30617	1121.65112	620.10449	197.70915	1081.78003	193.60895	-211.05649	910.32379	587.70624	196.54648	873.13446	60.16260	-90.71758	1011.95544	458.17584	12.20898	994.98236	375.88672	118.93710	978.41620	629.80688	-176.75908	487.89532	517.64563	144.19951	550.70898	390.80692	-288.06058	152.58508	486.90601	139.51753	861.21954	-69.90894	
521	5.200	-134.19258	1336.44482	116.50113	-91.37960	1610.14844	255.22487	-210.64549	1484.36865	248.06659	-17.97767	1435.86621	125.24696	-171.34381	1431.71753	435.47330	73.66376	1368.67017	243.67664	-76.42030	1262.95947	342.17371	37.83494	1438.33777	410.89905	-213.74516	1121.61462	615.65527	191.18925	1082.13733	185.87372	-215.46603	911.31641	586.56116	187.00623	876.96716	50.63950	-92.21907	1012.00891	456.06473	10.64341	994.76520	374.64151	115.95087	978.58655	628.80487	-174.51208	487.63980	516.74774	141.03250	551.48810	391.46716	-294.89600	158.49020	472.80551				
522	5.210	-135.84772	1333.75061	112.07166	-93.89005	1607.97864	250.00545	-210.38895	1480.85120	243.08170	-20.59514	1433.69763	119.25375	-172.88429	1431.15369	430.12048	71.65057	1366.65625	238.41443	-78.73476	1261.87415	338.13925	36.33115	1437.52039	406.01358	-215.99458	1121.48047	611.28729	182.64406	1082.26404	178.71465	-218.05109	911.53876	583.43945	177.24580	880.16412	40.79856	-94.81613	1012.44592	454.19754	8.60172	994.24426	373.40381	113.62881	979.07489	627.70459	-171.40997	485.66083	517.31934	137.00195	551.24518	393.12195	-300.44620	163.79495	458.26001	42.88887	127.51931	353.38037	
523	5.220	-137.95354	1330.92737	108.03420	-95.79103	1605.73633	244.45128	-212.76825	1478.66296	238.57341	-22.75535	1431.19421	114.60706	-174.86934	1430.75085	424.40900	69.41985	1363.69006	238.12253	-80.66024	1260.18103	333.61426	34.80095	1436.44507	401.23633	-218.51605	1121.77222	606.41809	175.80040	1083.44324	172.00250	-220.41414	910.95264	580.23547	167.87665	883.36890	31.80033	-96.62377	1012.84894	452.45770	6.63303	994.25018	371.00436	110.68951	979.25757	625.70996	-169.45842	484.38129	518.43744	133.73405	551.75922	393.73062	-304.82523	168.60307	446.22897	45.70319	125.41779	355.77859	
524	5.230	-138.33704	1328.97961	104.85067	-97.61878	1603.91797	239.19121	-214.20766	1476.11438	234.20868	-24.00045	1428.90198	110.13954	-175.93529	1429.78259	419.70352	67.71751	1362.40417	233.90292	-81.78316	1259.01367	329.94501	33.62030	1435.50281	396.53809	-221.21265	1122.15552	601.60681	170.42619	1084.95056	166.05449	-224.40199	911.07916	578.87048	159.02563	886.39978	24.35892	-98.43813	1012.57697	450.00479	4.38790	993.96320	368.96750	108.76159	979.29340	624.55481	-167.85666	482.95847	519.74030	129.75623	551.77173	394.52924	-306.65683	172.50972	434.96808	48.65965	124.01824	358.67368	
525	5.240	-139.98695	1325.24487	100.48886	-99.63139	1602.08276	234.49016	-217.29489	1474.63391	230.29240	-25.63301	1426.39197	105.12123	-177.76846	1429.62756	415.21527	66.32137	1360.77307	230.29993	-83.57102	1258.10095	326.33414	32.36090	1434.52991	391.93896	-223.87025	1122.14648	597.58459	163.66202	1085.43286	159.68794	-226.66881	910.43665	575.81592	149.74417	888.74878	15.93741	-100.58459	1013.03290	448.42291	2.61117	994.28876	367.79971	106.20468	979.82507	622.83936	-166.31906	481.67737	520.90784	127.02708	551.87811	395.40723	-305.75845	174.53926	425.88736	51.22618	122.48309	360.64807	
526	5.250	-141.18231	1322.61096	96.93713	-101.22276	1600.03955	229.27318	-218.55048	1472.33740	226.13950	-27.22962	1424.32825	101.02006	-178.81049	1429.08325	410.59439	65.43401	1360.90454	223.69595	-85.24448	1257.04639	322.73569	30.99870	1434.02612	388.18552	-226.79758	1122.34473	593.13257	157.29031	1085.04675	153.85426	-229.99902	909.93872	574.54865	139.51060	891.81543	7.04333	-102.68303	1012.54779	447.24585	0.26314	993.62659	366.16064	104.96973	979.99957	621.37219	-164.60092	480.62592	522.03503	124.54175	551.21216	396.48828	-299.16177	174.30925	418.69452	51.65978	121.56019	361.67960	
527	5.260	-142.37079	1320.62256	93.22384	-102.87108	1598.57654	224.43443	-220.13995	1470.34277	222.10538	-28.28083	1422.80432	96.94146	-180.46667	1429.14246	406.10422	63.47200	1359.64038	221.19722	-87.04605	1256.12415	319.43109	29.32326	1433.02002	384.55731	-229.20715	1122.49146	588.74951	152.48198	1084.93799	147.56125	-232.46541	909.69550	572.67035	131.16316	894.00262	0.42001	-104.65094	1012.50635	445.93347	-1.65885	993.03229	365.80298	103.42401	980.52826	622.02612	-162.91528	480.36276	522.50629	121.66405	551.44244	396.68820	-291.91339	174.03813	412.99158	52.40385	121.17287	363.69943	
528	5.270	-143.04443	1318.20483	89.78867	-104.63324	1597.04749	219.46419	-220.07803	1468.21960	218.28514	-29.97287	1420.52673	93.05774	-182.16013	1428.86023	401.87775	61.96874	1358.60156	218.39629	-88.74789	1255.74438	316.77011	27.72816	1432.73926	380.99268	-231.69731	1122.72656	584.81592	147.09036	1085.30261	141.64526	-235.38136	909.13159	570.95996	122.75103	896.99005	-6.96240	-106.72386	1012.55029	444.75266	-3.96880	992.76727	364.31378	101.09145	981.15381	620.19733	-161.37952	479.57825	522.54883	120.29021	551.29126	397.16364	-284.48663	175.28612	409.00616	54.64961	123.72899	364.24182	
529	5.280	-143.11476	1316.82227	87.25716	-106.55220	1595.57825	215.39662	-222.48213	1466.80310	214.01956	-30.65213	1418.79333	89.57280	-183.82214	1428.80383	398.05597	60.43411	1357.12683	216.23738	-89.90869	1254.56641	313.79001	26.34615	1431.96350	377.37866	-233.88457	1123.09827	580.44702	141.89034	1085.31543	136.77995	-237.25500	908.74170	569.40521	114.69984	898.63733	-12.51222	-108.61309	1012.88281	443.56128	-6.16893	992.36853	362.51242	99.08527	981.69543	617.19537	-159.74559	478.66177	522.32452	119.04744	550.81470	396.93393	-275.86398	175.41451	405.41486	51.54591	122.22942	364.55637	
530	5.290	-144.77441	1314.51257	83.40944	-108.10172	1594.38770	211.15561	-221.76337	1464.92871	209.74631	-31.54802	1417.28662	86.59891	-185.28700	1428.60657	394.44067	58.97268	1356.54895	213.05942	-91.70751	1253.80457	311.89987	25.20465	1431.25317	373.71863	-235.78069	1123.31213	576.81213	137.85588	1085.11011	133.06857	-239.14465	908.35858	567.56439	106.12441	901.00421	-18.50940	-110.78122	1012.63263	442.18219	-8.45900	991.94568	361.11371	97.07433	982.80023	616.91821	-158.60791	479.14825	521.32898	117.96266	550.15137	397.15112	-267.86801	175.14127	403.52444	52.67978	123.68992	364.39542	
531	5.300	-143.97955	1312.99414	81.43034	-109.68903	1593.16284	206.98653	-223.05287	1463.18323	205.70074	-32.56248	1415.67664	82.86327	-185.95273	1428.67200	390.79169	56.60579	1355.64954	210.48936	-93.79729	1253.22107	309.17902	23.60854	1431.08435	370.29413	-237.76154	1123.70227	572.87158	132.23477	1084.96191	128.51569	-242.11827	908.35815	567.23285	98.79338	903.20374	-23.10565	-112.82249	1012.77966	440.65796	-10.87707	992.26538	359.32724	95.86948	983.44226	614.69086	-158.78970	480.02960	521.23206	116.97965	549.91583	396.72812	-259.42676	175.34488	402.14767	50.16990	123.03117	364.25867	
532	5.310	-144.90984	1311.85352	78.49834	-110.93221	1592.16296	202.68753	-226.36916	1462.77783	201.99565	-33.75743	1414.05396	79.64095	-187.49962	1428.42432	387.69836	54.84829	1354.68213	207.59772	-95.01444	1252.52490	307.11462	21.94595	1430.83289	366.99167	-239.43738	1123.83984	569.67719	128.22372	1085.13501	125.35242	-244.17378	907.90118	566.19537	91.32163	905.74561	-28.19048	-114.86648	1013.16425	438.89194	-13.21847	991.66583	358.86765	94.47057	984.20074	612.96051	-155.85577	479.46683	521.55927	115.98611	549.07916	396.07059	-250.10344	173.52995	400.83057	49.57491	122.40539	363.90765	
533	5.320	-146.48883	1309.39380	74.70227	-112.66158	1591.51404	198.80699	-225.79227	1460.61523	197.95059	-34.16423	1413.24768	77.23701	-188.80815	1428.56653	384.75998	53.03733	1354.35632	204.77695	-97.01237	1252.27991	304.75772	20.86813	1430.16504	363.76868	-241.08195	1124.15161	565.99249	123.51854	1084.73608	121.94665	-245.39644	907.72870	564.86664	83.52637	907.85907	-32.65628	-117.11085	1013.82062	437.36383	-15.74130	991.39392	357.59039	91.31182	984.16986	608.05408	-157.15396	480.94113	522.78894	114.39774	549.00250	395.93195	-243.23216	173.39391	401.37759	51.63326	124.15688	363.89597	
534	5.330	-145.40053	1309.04919	73.38116	-114.31619	1590.70898	195.33824	-228.82185	1460.47119	194.51530	-35.06588	1412.82275	74.50335	-190.95103	1428.84045	382.18799	51.53427	1353.40649	202.82741	-97.19727	1250.92383	303.10849	19.49910	1430.24573	360.52521	-242.79510	1124.52930	563.47931	119.66454	1084.20569	119.31223	-247.34064	907.70789	564.66473	76.92046	910.53522	-35.78934	-119.30049	1014.30310	435.74194	-18.01577	991.62000	355.95877	90.23689	985.14233	606.74365	-157.17265	480.52853	523.21393	112.23103	548.69116	394.89722	-233.33783	170.44221	400.99149	51.19780	123.71156	363.86530	
535	5.340	-146.21165	1308.24817	69.33461	-116.25246	1590.45215	192.08090	-230.18901	1459.68970	191.04863	-35.80738	1411.88257	71.72231	-192.35890	1428.80298	379.40405	49.48240	1352.58728	200.28496	-100.10674	1251.39172	300.67062	17.95970	1430.13806	358.19183	-244.65721	1125.12012	560.86340	116.59380	1084.19336	116.56264	-248.97081	907.41718	563.85516	70.10130	911.97650	-38.72324	-121.89555	1014.60095	434.23978	-19.13334	990.28198	356.86981	88.61342	985.08417	604.54858	-158.46317	480.05563	524.16498	109.50874	548.93140	393.75308	-226.20261	169.46397	402.01932	51.09958	123.47680	363.37479	
536	5.350	-146.42996	1307.46106	67.23340	-117.40096	1589.78125	188.31134	-230.87834	1458.93689	187.61142	-36.03901	1411.17590	68.81538	-193.24548	1428.80945	376.99445	47.91521	1352.18665	197.53258	-101.75181	1251.27649	298.34180	16.38796	1430.31250	355.08984	-246.27220	1125.26697	558.11426	113.43187	1083.09192	114.82299	-250.19232	907.44019	563.81409	63.99080	913.97089	-41.53778	-124.07350	1014.90601	432.90741	-22.95276	991.82758	351.91061	86.67960	985.54260	602.53546	-162.28308	480.29898	526.26160	106.76477	549.35406	391.95349	-218.80782	167.24481	402.90619	51.06678	122.53250	363.01089	
537	5.360	-146.87747	1306.44861	64.50642	-119.06310	1589.40393	185.20116	-232.92274	1458.57300	183.85165	-37.06942	1409.94250	66.62708	-194.88062	1429.69202	374.11502	46.35384	1352.28967	193.77844	-103.14260	1251.13147	296.62973	15.06052	1429.85620	352.51971	-247.96413	1126.39404	556.19482	111.67819	1082.92310	112.96749	-251.42719	907.48047	563.48706	58.18075	915.74261	-44.68077	-126.34705	1015.61731	431.46707	-23.54965	990.38739	353.38998	85.37382	986.24750	601.32874	-163.84949	479.58389	527.35083	103.82605	549.38861	389.87582	-213.13554	166.00592	405.13062	50.90662	122.11414	362.88629	
538	5.370	-147.63231	1306.24402	61.16130	-120.49110	1589.21301	182.06836	-233.95499	1458.14758	180.09354	-37.41991	1410.22278	64.48518	-196.54590	1429.55542	372.02777	44.77396	1351.57068	191.47707	-104.87383	1251.01538	294.56433	13.51781	1429.82324	349.48846	-250.14235	1127.02747	554.07825	109.50811	1082.62744	110.96989	-252.98157	907.54974	563.46521	53.02319	916.34119	-46.17756	-128.10321	1016.13153	430.18307	-26.16158	990.99115	350.96570	84.21136	987.15649	598.85175	-167.30734	480.20471	529.11584	101.17979	548.82764	388.96759	-208.17281	163.78339	407.65543	50.97408	121.27851	362.17694	
539	5.380	-147.81403	1305.41260	59.55583	-122.30446	1589.14563	179.02901	-233.65486	1457.15271	176.89566	-38.72740	1409.84839	63.31755	-197.83827	1429.80908	369.83923	43.09853	1350.70264	190.23460	-105.32088	1250.21448	292.83466	12.14628	1429.80591	347.50909	-251.42694	1127.77136	552.79797	107.37377	1081.88281	109.55607	-254.01738	908.05865	563.62170	48.05056	917.28497	-47.61921	-130.48772	1016.38910	429.12344	-28.31942	990.70331	349.28101	82.41129	987.66187	597.54169	-169.07596	480.60629	529.90106	98.69704	548.85223	387.44138	-203.69067	162.33054	410.34058	51.07273	119.90045	362.19797	
540	5.390	-148.80820	1305.13281	56.47651	-123.85384	1588.90149	176.67465	-234.92596	1457.19067	174.08284	-39.14428	1409.67432	62.64706	-199.37492	1430.18384	367.64395	41.85764	1350.80286	187.23663	-108.87056	1252.39478	290.80087	10.58977	1429.90173	344.93625	-253.26201	1128.83728	551.36139	105.68910	1081.22571	108.13869	-254.68947	908.27032	563.55615	43.45376	917.36420	-48.21854	-132.13766	1016.82727	427.92130	-30.74603	990.71606	348.14313	80.55967	987.34967	595.60040	-173.08315	481.77905	531.70160	96.52856	548.63159	385.10571	-200.53680	161.00874	413.08453	52.59447	119.64849	361.84763	
541	5.400	-148.68742	1304.95251	54.89443	-125.20834	1588.65857	174.01935	-237.89136	1457.22791	171.06671	-40.40583	1409.70728	59.72142	-200.19127	1430.08997	365.80670	40.19487	1350.34290	185.34885	-110.59505	1252.25549	288.54153	9.02038	1429.85767	342.79727	-254.82661	1129.55225	550.03662	104.21059	1079.99048	107.09637	-255.77692	908.72638	563.43976	39.49225	916.96021	-48.56536	-134.06998	1017.18091	426.83890	-33.27601	991.49097	345.83124	79.79423	988.24664	594.17529	-173.70467	481.42639	532.22968	94.79404	548.12653	382.99390	-198.49525	160.46130	415.66730	52.20710	118.84701	361.62918	
542	5.410	-149.42789	1305.09180	51.62048	-127.02611	1588.72449	171.80956	-238.32149	1456.59497	168.53235	-40.62293	1409.53760	58.85775	-201.85957	1430.96814	363.57730	38.40791	1349.53967	183.82950	-112.56209	1252.63525	286.28558	7.61315	1429.98926	340.53305	-256.25677	1130.55347	548.59912	102.58932	1078.83643	106.34018	-256.80524	909.18994	563.59155	34.68412	916.93976	-50.10691	-136.00096	1017.34851	425.87021	-35.34895	991.24512	343.56271	77.99656	988.34296	592.10254	-176.00871	482.80798	533.69135	92.93543	547.44836	381.17007	-195.93346	159.71703	416.45905	51.54423	117.58159	361.84338	
543	5.420	-150.16823	1304.99036	49.94670	-128.43199	1588.46179	169.40749	-239.33884	1456.58704	165.45862	-41.69677	1409.55029	56.19224	-203.29369	1431.57349	361.63364	36.56526	1349.05200	181.48201	-113.96716	1252.86060	284.11105	5.91981	1430.16956	337.96024	-257.46628	1131.16833	547.67993	100.76887	1078.10144	104.95392	-257.91873	909.68933	563.69354	31.70106	915.58539	-49.35986	-137.72510	1017.51117	424.84384	-36.74327	991.15240	343.01593	76.30397	989.15900	591.10742	-180.38409	484.74478	534.74396	91.11666	547.47968	378.48779	-194.97812	160.72079	417.34412	51.09280	116.50331	361.49631	
544	5.430	-151.11989	1305.27991	47.26428	-130.24396	1588.81116	167.56517	-242.44203	1456.91431	162.96355	-42.44479	1409.66589	55.32731	-204.33800	1431.70459	359.97189	34.70198	1348.94373	178.55003	-115.95304	1252.51672	282.72562	4.69516	1430.09802	336.17874	-258.81467	1132.14587	546.54614	99.35539	1077.10828	104.21542	-258.83316	910.35638	563.76672	27.53819	914.98492	-50.81416	-139.51968	1017.85345	423.75418	-39.57902	991.53625	341.09268	75.79762	989.41882	588.58405	-183.02200	485.36087	536.81110	90.82885	547.40381	376.56586	-194.74834	161.04243	417.97079	50.55141	115.81059	360.97702	
545	5.440	-151.13507	1304.95154	46.09818	-131.85233	1588.77722	165.56764	-242.15729	1456.01111	160.39880	-43.85229	1409.98010	53.52128	-206.05353	1432.60327	358.50247	33.54493	1348.28809	177.32994	-118.45513	1253.02100	280.91925	3.17267	1430.22742	333.46155	-260.08740	1133.03137	545.49359	97.80525	1075.67566	103.20381	-259.62817	911.06915	563.34064	24.80453	913.39001	-48.69593	-140.97604	1018.28131	422.79288	-41.85736	991.63019	339.84079	75.20897	990.21930	587.63062	-183.07765	484.68488	538.04517	89.81473	547.70844	374.15887	-197.56606	162.25345	419.76013	50.48428	115.55734	360.27875	
546	5.450	-152.38382	1304.87354	43.08547	-133.36320	1588.54712	163.59856	-245.08372	1456.58008	158.26204	-44.81453	1410.32019	52.09481	-208.04333	1433.06348	357.02213	31.28288	1347.95483	174.85161	-120.01920	1252.80017	279.94833	1.63102	1430.04468	331.65063	-261.03818	1134.01184	544.59503	95.72269	1075.09631	101.80442	-260.73578	911.72339	563.24353	20.90803	912.05664	-49.09837	-142.71735	1018.88312	421.82309	-44.12740	992.28973	337.79642	73.98191	990.29700	585.09161	-185.81046	486.22232	539.93378	89.32090	547.64960	371.66318	-199.51547	161.64725	421.23218	50.55862	115.44845	359.87836	
547	5.460	-152.67242	1304.73779	41.67931	-135.18643	1588.82727	162.26613	-246.82422	1456.36511	155.92368	-45.78036	1410.38940	51.03496	-209.14561	1433.28198	355.48544	29.48845	1347.53931	172.40434	-122.73476	1253.46912	278.32678	0.71528	1430.07849	329.34549	-261.70279	1134.84326	543.66040	94.19099	1074.02490	101.30579	-262.19202	912.51794	563.40210	18.30177	909.69061	-48.93041	-144.32217	1019.42719	421.10889	-45.58970	992.49146	337.91754	74.11064	991.53467	583.74896	-186.60840	486.41159	541.19342	89.37646	547.18182	369.51801	-203.70862	162.33359	422.69504	50.49711	115.29190	359.52396	
548	5.470	-154.16835	1305.34863	39.92574	-136.80006	1588.84717	160.78455	-247.25215	1455.73279	153.79816	-46.65128	1410.52075	49.57221	-209.88103	1433.70813	353.42740	28.09749	1347.29895	170.78058	-123.47683	1253.24292	277.09973	-0.44148	1430.30774	327.20740	-262.54391	1135.46106	542.97552	92.05447	1073.55627	99.29069	-262.71274	913.10333	563.89526	14.47531	907.53882	-48.47892	-146.08675	1020.13672	420.39429	-47.50171	993.13196	336.33313	72.40995	992.20624	582.34357	-188.28908	486.97397	543.56793	89.58176	547.76044	366.32520	-205.45450	161.76421	424.50363	50.79177	115.32789	358.97931	
549	5.480	-154.28578	1305.09229	37.93752	-138.18483	1588.74158	159.37898	-249.19092	1456.12146	151.56906	-47.42210	1410.84778	48.47606	-210.30029	1433.20483	352.57733	26.44665	1347.02991	169.41174	-125.41811	1253.93994	275.25250	-1.96362	1430.51965	325.27554	-263.21063	1136.18848	542.17938	89.83364	1073.42444	97.44266	-263.31131	913.99854	564.24243	12.29815	905.06073	-48.39111	-147.52837	1020.80328	419.44052	-49.04048	993.61285	335.37317	71.87459	992.67230	580.72278	-189.52280	486.70032	545.00476	89.69370	548.04797	363.66299	-207.58900	161.62599	426.18747	50.53269	115.08190	358.56543	
550	5.490	-155.29370	1305.39172	36.32690	-139.77879	1588.93335	157.92627	-250.81706	1455.82141	149.96141	-48.41582	1410.95044	46.76078	-211.92867	1434.06348	351.02249	24.04323	1347.04456	167.50150	-127.11047	1253.75989	273.32047	-3.00524	1430.57324	323.38986	-264.21506	1137.01733	541.90167	87.90546	1072.66321	95.97500	-264.12781	914.75647	564.33887	9.49736	902.25732	-48.20284	-148.70804	1021.41876	418.54547	-50.72854	994.10107	333.69977	70.69803	993.84052	579.87000	-190.30225	486.74872	546.30035	90.46397	548.45178	361.03333	-209.31720	160.80663	428.50897	50.92403	114.91451	358.14008	
551	5.500	-156.27747	1305.32556	35.06838	-141.33090	1588.81885	156.30354	-250.99620	1455.31482	148.44296	-49.24088	1411.33667	46.26797	-213.31317	1434.30969	349.72076	23.00933	1346.60303	166.62138	-129.00389	1253.80151	272.52130	-3.98883	1430.66504	321.55060	-265.14963	1137.88379	541.37543	85.29239	1072.39331	94.00716	-265.04831	915.56244	564.31427	6.28921	900.04791	-48.76425	-149.87564	1021.97327	417.63708	-51.71251	994.58051	333.15085	69.89645	993.84521	578.55383	-191.15555	486.50613	547.29266	91.17995	548.64105	358.61243	-210.72890	160.24336	430.53998	51.06111	114.68797	357.25754	
552	5.510	-157.21153	1305.60339	32.21562	-142.67427	1588.68982	155.00826	-252.88266	1455.11682	146.52008	-50.74093	1411.27722	44.16650	-214.35844	1435.01038	347.81485	21.67602	1346.95068	164.38391	-130.61652	1254.25085	271.44574	-4.60726	1430.64746	320.02914	-265.95206	1138.86841	541.05560	82.77966	1072.25342	92.01181	-265.43231	916.69049	563.75500	3.82547	897.59711	-48.23030	-151.09480	1022.15625	416.52277	-52.93488	994.73022	331.87021	69.33336	994.12048	576.57153	-191.84047	486.60226	547.80743	91.90775	548.83765	355.46344	-213.02487	159.67433	432.84177	51.29081	114.64143	356.97324	
553	5.520	-157.51924	1305.13477	31.68447	-143.91347	1588.57361	153.59306	-254.39987	1455.28064	144.97150	-51.43000	1411.44202	43.96485	-215.14223	1435.24512	346.55597	20.47494	1346.36987	163.22469	-132.27739	1254.57703	270.29828	-5.62704	1430.42651	318.14078	-266.68686	1139.21594	540.86694	79.22075	1072.04932	90.18426	-266.44180	917.92688	563.74304	1.84051	895.74780	-48.86082	-151.73613	1022.20642	414.93518	-54.30529	994.89471	330.13440	67.96321	994.41003	575.27936	-192.67523	486.43555	548.32452	93.53613	549.20972	353.83533	-214.71486	159.09430	434.89920	51.54909	114.88544	355.83606	
554	5.530	-158.52739	1304.84692	30.37454	-145.69635	1588.15320	152.10934	-254.47542	1454.21497	143.65237	-52.51545	1411.66382	41.81404	-215.86742	1434.99707	345.68076	18.36705	1346.14722	161.45743	-133.26602	1254.21484	269.02142	-6.48193	1430.45166	316.67474	-267.25418	1140.02014	540.63037	76.70735	1071.87976	88.94344	-267.10437	918.35931	563.81750	-1.13531	894.19928	-49.43712	-152.42648	1022.40948	413.76730	-54.61441	994.64374	329.22031	66.68166	994.18250	574.68164	-193.71887	486.43927	548.68805	93.53226	549.07300	352.01025	-216.74271	158.22333	437.13745	51.95985	114.87540	355.04297	
555	5.540	-159.20683	1304.46375	28.40909	-146.84102	1587.90283	150.51483	-254.88548	1453.37939	141.94177	-53.13079	1411.39502	40.62960	-216.70345	1435.28625	344.67395	17.50101	1345.85657	160.79181	-134.28683	1254.42517	267.68814	-7.00884	1430.52576	314.66626	-267.83084	1140.93494	540.57642	74.49399	1071.60986	87.93457	-267.68088	919.51544	564.31775	-2.88492	892.72095	-49.49977	-153.22348	1022.47699	412.79749	-55.71930	994.59888	328.08194	66.07984	994.58801	573.92810	-194.71825	486.82339	548.88116	94.18112	549.41516	350.81165	-218.30507	157.49002	439.22702	52.09094	114.74615	354.73599	
556	5.550	-159.50810	1304.24341	27.87059	-148.28116	1587.96460	149.14691	-257.38651	1453.35693	140.85201	-53.74906	1411.40088	39.19783	-217.06294	1434.94336	343.56967	15.78572	1345.63269	159.50246	-136.22765	1254.81958	266.90027	-8.06839	1430.56165	313.33044	-268.31357	1141.57361	540.20050	71.26840	1071.43188	85.82656	-268.70407	920.43213	563.02203	-5.58261	890.83350	-49.69728	-153.74748	1022.61072	411.72083	-56.03917	994.52100	327.33804	64.75561	994.35242	572.20367	-195.39351	486.95279	548.39734	94.37550	549.32043	349.49692	-219.88435	156.31265	441.70444	52.39938	114.89214	353.29138	
557	5.560	-160.01152	1303.49255	27.24022	-149.35681	1587.66626	147.73721	-258.42422	1453.24158	139.81894	-55.06127	1410.84436	37.67466	-217.86330	1435.29797	342.36160	14.61763	1345.33362	158.40204	-137.36336	1255.43054	266.25549	-9.07451	1430.52124	311.87677	-268.69394	1141.95215	539.90271	68.56796	1071.15747	84.87679	-269.39023	921.26184	562.56561	-7.75779	889.45300	-50.38292	-154.66132	1022.47534	411.04947	-56.66426	994.22430	326.36356	64.01157	994.49188	571.69031	-195.81497	486.99704	547.99298	94.53927	549.11865	348.19763	-221.13467	155.61197	443.90265	52.67138	114.63591	353.08490	
558	5.570	-161.00462	1303.30591	24.98768	-150.06282	1587.22742	145.58342	-257.73181	1451.93359	137.91904	-55.48676	1410.51123	36.59910	-220.00478	1436.27246	341.27838	13.07197	1345.17004	156.68533	-139.02560	1255.39294	264.83130	-9.80212	1430.38293	310.35040	-268.95474	1142.48938	539.46936	66.82570	1070.90723	83.65887	-270.47269	922.51837	561.82715	-9.06642	888.43457	-51.36306	-155.21634	1022.21259	409.82193	-57.20611	994.30774	324.88181	63.83377	995.04529	570.55792	-196.72755	487.20004	547.62012	94.62702	549.27960	347.09662	-222.65656	154.54733	446.50012	53.11383	114.92698	352.46774	
559	5.580	-161.24513	1302.05029	24.37649	-151.35663	1586.95850	143.97182	-257.97409	1451.68982	136.36264	-56.11456	1410.32861	35.38659	-220.43803	1436.50903	340.31439	12.24891	1344.90942	155.34738	-140.30843	1255.89807	264.40045	-10.55856	1430.43872	308.91580	-269.07608	1143.27026	538.81049	64.26123	1070.21887	82.41776	-270.72202	923.06213	561.17230	-10.67690	887.33533	-52.22512	-155.90030	1022.24725	408.91000	-58.05802	994.23413	324.20871	62.86400	995.04309	569.44843	-197.10767	487.14581	546.73364	94.93097	549.67670	345.86996	-223.84160	153.69785	448.78650	52.22466	115.08617	351.98141	
560	5.590	-161.56149	1301.46387	24.20220	-152.35425	1586.66772	142.70013	-260.52060	1451.62964	135.23106	-56.74693	1409.78906	34.51547	-220.85443	1436.69763	339.24530	10.77928	1345.10437	153.70366	-141.84166	1255.37024	263.16858	-11.82970	1430.61975	307.62308	-269.26053	1143.90466	538.39099	62.28310	1070.45203	81.50370	-271.19919	923.60950	560.50836	-12.63192	886.31775	-52.55303	-156.25606	1022.20258	407.59421	-58.64952	993.65735	322.95990	62.44075	996.00684	568.98004	-197.53210	487.00455	545.91284	95.16487	549.90570	344.77277	-225.66614	153.01740	450.54272	52.41391	114.30853	350.92310	
561	5.600	-162.05687	1300.69202	23.44373	-153.14406	1586.14905	140.53706	-261.59677	1450.89661	133.63715	-57.47330	1409.10559	33.51357	-220.99190	1436.20789	338.34531	9.90565	1344.45642	152.41380	-142.76276	1255.37317	262.69159	-12.33514	1430.54211	306.56067	-269.04898	1144.27222	537.50012	60.58103	1069.91418	80.45826	-271.60583	924.14679	559.96558	-13.96281	885.10583	-52.63312	-156.95227	1022.40466	406.99512	-59.34330	994.52197	322.28769	62.12660	996.25189	567.60120	-198.04004	486.67584	545.63062	95.66170	549.80298	343.99728	-226.67763	152.46373	452.55182	53.49575	115.01344	350.21384	
562	5.610	-162.70969	1299.23792	22.61174	-154.25188	1585.64844	138.91721	-261.65994	1449.70313	132.32487	-57.90117	1408.00562	32.38244	-222.62289	1437.07080	337.25531	8.63886	1343.95142	151.88756	-144.13994	1256.02771	262.37161	-13.21929	1430.43762	305.33084	-269.02719	1144.58325	537.03546	59.08276	1069.40784	79.53800	-271.74539	924.92285	559.13153	-15.45886	884.24683	-52.98801	-157.58946	1022.57452	406.41245	-60.16221	994.54083	321.44632	61.82964	997.06250	566.48602	-198.28386	486.79633	545.21246	96.10745	550.03851	343.35138	-228.08792	151.78734	454.34024	53.56897	114.89871	349.31973	
563	5.620	-163.29637	1298.63782	21.28787	-155.21942	1585.22717	137.19382	-263.21265	1449.86304	130.82297	-58.60212	1407.17346	31.72523	-223.27711	1437.01257	336.35901	7.25327	1343.46838	150.58273	-145.16701	1255.96191	261.50537	-14.21879	1430.47803	303.74789	-268.62515	1145.01062	536.04877	57.36916	1069.24341	78.33648	-271.85068	925.60345	558.08527	-17.08835	883.70953	-53.66018	-158.30936	1022.81274	405.83847	-61.05312	994.81165	320.07043	60.98947	997.04132	565.46655	-198.43456	486.79547	544.99817	97.08260	550.57111	343.19547	-229.28769	150.49240	456.07196	53.69876	114.99845	348.32895	
564	5.630	-163.63846	1297.89380	20.96150	-156.02069	1584.48901	135.38531	-262.55264	1448.61633	128.88747	-59.36669	1406.16113	30.81259	-224.56297	1437.01831	335.62833	6.14514	1343.53149	149.90456	-146.58379	1255.45056	260.74356	-14.71340	1430.51257	302.71216	-268.19662	1144.65613	535.40613	56.29501	1068.39453	77.84876	-271.96866	926.00702	556.95935	-18.46762	883.22821	-53.62374	-158.90001	1023.06421	405.27441	-61.70566	994.16144	319.16684	60.71928	997.06812	564.80798	-198.22191	486.76361	544.77789	97.91707	551.01508	342.20639	-229.23315	149.60165	458.26254	53.99294	115.19566	347.65884	
565	5.640	-163.92410	1296.93616	20.62159	-156.95419	1584.06946	133.42641	-264.50095	1448.86462	127.72594	-59.56660	1405.21692	29.49059	-225.61249	1437.08936	334.82513	5.09920	1342.87366	148.27560	-147.38719	1255.41687	260.02216	-15.56919	1430.55945	301.43005	-267.85028	1144.64832	534.51758	55.28440	1068.16370	76.78231	-272.02411	926.38757	556.27057	-19.70944	882.71204	-54.39994	-159.40541	1023.00452	404.62598	-62.28344	994.70276	318.28818	60.60649	996.92596	563.15070	-198.08861	486.43805	544.57495	98.63924	550.67804	342.51291	-229.50644	147.72893	459.40527	54.07693	115.31231	346.91595	
566	5.650	-164.33432	1295.64551	19.95503	-157.59700	1583.56885	131.51373	-263.65231	1447.54126	125.83997	-60.01954	1404.53650	28.61690	-225.91592	1437.04211	333.81696	4.47146	1343.14709	147.04382	-148.70801	1255.83484	259.08786	-16.51800	1430.21069	300.23166	-267.52524	1144.80908	533.54779	54.04660	1068.38086	76.04948	-272.11804	926.47620	555.49249	-20.72635	882.41315	-55.44135	-159.92249	1023.10779	404.13324	-63.24447	995.28833	317.29221	61.00046	997.12488	562.32611	-197.82072	486.42133	544.34625	99.75321	550.93134	342.19858	-230.81972	147.15663	461.32642	54.01632	115.41620	346.54401	
567	5.660	-164.66299	1294.42322	19.20086	-158.23376	1583.07361	129.81100	-266.02335	1447.77673	124.92043	-60.76945	1403.89819	27.74305	-225.38625	1436.23511	332.65918	3.72395	1343.24341	146.04115	-149.30417	1255.33850	257.69864	-16.92325	1430.03931	299.16458	-267.51736	1144.98352	532.83289	53.04856	1068.23108	75.29651	-271.49777	926.97339	554.24127	-21.51703	882.23761	-56.58372	-160.53012	1023.05957	403.54306	-63.70331	995.00629	316.78955	60.50041	997.63525	561.72449	-197.62741	486.55460	544.10907	100.13383	550.96777	342.43988	-231.54990	146.56985	463.11316	53.96437	115.48016	345.77737	
568	5.670	-165.31555	1294.05457	18.58274	-158.94470	1582.47961	127.70134	-266.67117	1447.10376	123.49705	-61.39159	1403.10132	26.10907	-227.58018	1437.21387	331.85519	2.41899	1342.76990	144.70451	-150.61246	1255.40515	256.39447	-17.81816	1430.04871	297.62299	-267.08286	1144.89783	531.88623	51.72671	1067.70667	74.27979	-271.63608	927.10266	553.13788	-22.10563	881.46411	-56.88617	-161.08485	1023.23688	403.08270	-64.50328	995.00629	316.02402	60.18901	997.93073	560.44952	-196.89453	486.59680	543.44714	100.43328	551.08173	342.05295	-232.02928	144.64099	464.75732	54.10225	115.74876	345.54355	
569	5.680	-166.73877	1293.04041	17.57890	-159.71663	1582.14954	126.46368	-265.88763	1446.08508	121.98168	-61.90524	1402.06824	25.66285	-227.90627	1436.81702	330.48972	1.70905	1342.43018	144.37541	-150.53294	1254.31763	255.48366	-18.61879	1430.00146	296.75650	-266.77493	1144.87793	530.88593	50.92461	1067.49573	73.39893	-271.20801	927.43073	552.69946	-23.32757	881.57355	-57.97978	-161.43573	1023.29645	402.36981	-64.77538	994.85510	315.23331	60.12729	997.88586	558.63947	-196.11282	486.43344	543.09320	100.59637	551.38269	341.62585	-232.82068	144.13010	466.89505	54.22202	115.78266	344.40778	
570	5.690	-166.98503	1292.60376	16.49464	-160.49124	1581.58801	124.67193	-268.18033	1446.02966	120.74539	-62.50961	1401.28687	24.52450	-228.49693	1436.81104	329.79642	0.92450	1341.86401	143.81032	-152.22029	1254.84607	254.77892	-19.44958	1429.77258	295.64850	-266.63742	1144.83069	530.14996	50.28585	1067.15918	72.60254	-270.73553	927.75513	551.85620	-24.36174	881.22687	-58.73874	-161.79878	1023.14099	401.51578	-65.61613	995.42487	314.71411	60.37910	997.81256	557.92419	-194.72525	485.76245	541.66937	100.97430	551.14972	341.71838	-233.19591	143.41420	469.05463	54.26635	115.91517	344.00916	
571	5.700	-167.12990	1291.40674	16.15996	-161.08905	1581.25085	123.18369	-268.28571	1445.52405	119.77212	-63.12201	1400.95398	23.40005	-228.93120	1436.21643	328.68118	0.04286	1341.78149	142.10754	-153.31821	1254.48499	253.72014	-20.07297	1429.79053	294.51434	-266.49344	1144.80627	529.41150	49.60459	1066.91321	72.02335	-270.55127	927.48596	551.15161	-25.14651	880.89258	-59.36799	-162.17584	1023.11908	400.86096	-66.03465	995.10620	314.52274	60.62647	998.19348	557.54132	-193.57779	485.89047	540.66455	100.86176	551.06635	342.17316	-234.21983	142.88750	471.85361	54.28040	115.84502	343.64282	
572	5.710	-167.75330	1290.79980	15.47947	-161.75543	1580.97485	121.97887	-269.44202	1445.07910	118.29605	-63.97025	1400.49622	22.46785	-229.36128	1436.04797	327.80502	-0.42213	1341.71008	140.73857	-153.92595	1254.20264	252.60361	-20.81881	1429.73560	293.39597	-266.40353	1144.74072	528.50641	49.28020	1067.18188	70.22717	-269.99841	927.47968	550.62830	-25.46227	880.58722	-59.93959	-162.49074	1023.12262	400.47641	-66.81692	994.48962	313.67096	60.68615	998.36554	557.32251	-193.86902	486.74741	539.22601	101.29878	550.90839	342.16483	-234.74460	142.16063	473.81311	54.46943	115.89435	343.28369	
573	5.720	-168.52449	1290.59009	14.95163	-162.60591	1580.57495	120.60721	-270.10263	1444.82813	117.26374	-64.23820	1399.43921	21.70306	-229.82687	1435.82642	326.97623	-1.15747	1341.44812	140.29643	-154.60983	1253.91589	251.39801	-21.19757	1429.60156	292.65915	-266.54996	1144.63525	527.80798	48.78532	1066.40210	69.49503	-269.28247	927.20636	550.48956	-26.40026	880.49957	-61.53666	-162.88672	1022.91492	400.01889	-67.50304	994.25885	313.41241	60.19656	997.56940	555.17334	-193.27669	486.96823	537.78827	101.76057	551.05035	341.58841	-234.70755	141.25479	476.49405	54.90410	116.27901	342.94473	
574	5.730	-169.17804	1290.19043	13.10118	-163.23743	1579.91907	119.26268	-270.92203	1444.09656	116.14015	-65.12936	1399.01709	20.57358	-230.85371	1435.68396	325.94901	-2.13347	1341.22729	138.62480	-155.02026	1253.38647	250.29329	-21.84251	1429.26489	291.20035	-266.84253	1144.63037	527.33752	48.55943	1066.00964	68.92252	-268.54919	926.95215	550.11456	-26.54296	880.70959	-62.41856	-163.15225	1022.69385	399.49689	-67.62955	994.08240	312.28293	59.86343	997.70367	553.75879	-191.32362	486.62814	536.23773	101.94647	550.88721	341.75690	-234.75226	140.81203	479.14816	54.89296	116.41388	342.63864	
575	5.740	-169.71213	1289.57214	12.58000	-164.08719	1579.50659	118.16694	-271.19077	1443.36389	115.24157	-65.96931	1398.51025	19.39539	-231.73575	1435.94910	325.05203	-2.81837	1341.00256	137.63719	-155.55112	1253.34143	249.37689	-22.68233	1429.25879	290.32486	-267.05490	1144.55151	526.80646	48.30099	1065.79504	67.73632	-268.54562	926.70502	550.11511	-26.72271	879.92975	-62.98631	-163.55501	1022.72510	399.06110	-68.15654	993.90942	312.05380	59.57517	998.00983	553.53259	-191.45363	487.24609	535.47333	102.20129	550.73187	341.50952	-235.27644	140.35631	482.19818	54.91400	116.41726	342.00363	
576	5.750	-170.51111	1288.64221	11.74954	-164.68286	1578.93860	116.90665	-272.30972	1443.34949	113.91070	-66.57007	1398.14465	18.17265	-232.68907	1435.77466	324.20221	-3.40381	1340.30945	137.16254	-155.87029	1253.14966	248.88066	-23.21806	1429.07947	289.44968	-267.42365	1144.57129	526.38348	48.12141	1065.68079	66.99883	-268.25577	926.48169	549.77014	-27.23053	880.05927	-64.21806	-163.90152	1022.65308	398.65256	-69.18898	993.08728	311.07257	59.84185	998.57672	552.68237	-191.77492	488.12192	533.64252	102.44020	550.55597	341.82693	-235.38173	139.77489	485.20169	55.12814	116.56653	341.05554	
577	5.760	-171.46448	1288.19739	10.59001	-165.15520	1578.61084	115.51803	-272.17154	1442.43103	112.77843	-67.33627	1397.79114	17.14066	-233.38887	1435.42249	323.39017	-4.04187	1339.74146	136.63626	-155.96341	1252.97412	248.37827	-23.77211	1428.68335	288.15204	-267.84207	1144.44592	525.89288	47.48561	1065.59094	65.66925	-268.53748	926.29156	550.00989	-27.44029	879.57068	-65.55363	-164.30824	1022.63818	398.07874	-69.01625	993.84070	309.99115	59.87787	999.25171	552.27527	-191.27252	488.29578	532.86737	102.66019	550.48987	341.44751	-235.53207	139.43056	487.86908	55.09698	116.80350	340.65479	
578	5.770	-171.64987	1287.82019	10.01769	-165.97723	1577.97729	114.49141	-273.72919	1442.63342	112.20983	-68.04795	1397.39233	15.29150	-233.64040	1435.18396	322.47391	-4.91079	1339.40222	135.28754	-153.43472	1251.17114	248.36700	-24.29634	1428.86926	286.68283	-268.47360	1144.51501	525.16907	47.46005	1065.30420	64.76597	-268.74405	926.27393	550.05920	-27.53892	879.19788	-66.13036	-164.63179	1022.27020	397.52142	-69.17395	993.73505	309.98871	59.44241	998.83203	550.73505	-189.86287	488.13754	532.14209	103.19651	550.57141	340.68427	-235.02126	138.43713	490.03174	55.02464	116.73537	340.56082	
579	5.780	-172.24815	1287.44751	8.56897	-166.96130	1577.97424	113.65550	-274.53589	1442.15698	111.33767	-68.29810	1397.04443	14.61618	-234.06773	1435.16052	321.89774	-5.38071	1339.49622	134.18230	-158.13893	1253.00146	246.32933	-24.96869	1428.78296	286.08310	-268.88574	1144.32935	524.64111	47.40076	1065.33826	63.81666	-268.86194	926.07678	549.95898	-27.70466	879.27246	-67.16814	-164.83351	1022.15076	396.84351	-69.43344	993.59668	309.10217	59.59285	999.32288	550.43616	-189.62897	487.98386	531.90198	103.01032	550.48834	340.07382	-235.22394	138.64561	493.05634	54.97887	116.81132	340.00159	
580	5.790	-172.87881	1287.23730	8.44499	-167.66618	1577.54761	112.43590	-274.21259	1441.35876	109.91218	-68.98685	1396.27234	13.87882	-234.49655	1434.94702	320.88699	-5.77536	1339.64966	132.85745	-154.09099	1250.13708	246.66161	-25.10954	1428.61853	284.88336	-269.39331	1144.31042	524.05493	47.30278	1065.07422	63.06314	-269.11630	925.99554	549.86896	-27.54111	879.09338	-67.94469	-164.84224	1022.07733	395.83350	-69.56174	993.48633	309.09811	58.86222	999.35394	549.56396	-189.41649	487.96378	531.59717	103.01709	550.61078	338.94235	-235.13403	137.76825	494.98227	54.77838	116.89938	339.79733	
581	5.800	-173.55272	1286.42200	7.48903	-168.37639	1577.12573	110.97739	-274.88263	1440.78333	109.10056	-69.64517	1396.05933	13.35165	-234.81067	1434.78503	320.10468	-6.74547	1339.62415	130.82651	-154.88742	1250.34363	246.20226	-26.17072	1428.57996	283.67502	-269.94662	1144.20862	523.35437	46.99591	1064.61841	61.94315	-269.32104	925.51202	549.96680	-27.45155	878.70074	-68.77311	-165.16850	1021.94250	395.26385	-70.13576	993.39844	308.03992	59.03071	999.63281	548.84814	-189.56573	488.26477	531.47192	102.60474	550.58978	338.24393	-235.30229	138.12328	497.75275	54.66528	117.05979	339.67987	
582	5.810	-174.74786	1285.80273	6.48982	-169.07066	1576.84998	109.90742	-276.24814	1440.65564	108.67619	-70.50689	1395.94153	12.30651	-235.27267	1434.60303	319.46036	-7.19192	1339.34119	130.79951	-155.92044	1250.55371	245.62270	-26.66725	1428.69031	282.95874	-270.60068	1144.28210	522.66864	46.82149	1064.40833	61.23812	-269.93622	925.13879	550.05652	-27.07011	878.25281	-68.94819	-165.36644	1021.94366	394.86905	-69.90730	993.50323	307.31351	59.18274	999.77795	548.34857	-189.93918	488.60547	531.67133	102.60471	550.49951	337.37640	-235.02338	137.76804	499.46307	54.70781	117.10424	339.69534	
583	5.820	-174.96844	1285.36084	6.51449	-169.70529	1576.40259	108.84432	-276.99176	1440.18701	107.92773	-71.02571	1395.17114	11.37701	-235.49817	1434.34375	318.49509	-7.63728	1338.95862	129.88657	-156.23059	1250.18005	244.79320	-27.11737	1428.52356	281.94403	-271.18332	1144.19495	522.15002	46.71407	1064.49731	60.55681	-270.34601	925.01398	550.42816	-26.87885	877.97510	-69.74883	-165.74458	1021.98004	394.47601	-70.43772	993.61902	306.35507	59.15388	1000.21124	547.48962	-190.91722	488.76099	532.07648	102.83392	550.81372	336.77142	-234.11942	137.07021	500.43231	54.73442	117.11545	339.69403	
584	5.830	-175.36856	1284.76587	5.77195	-170.95132	1576.17261	107.90245	-277.64200	1439.97107	107.21304	-71.38736	1394.59497	10.92128	-236.07402	1434.38782	317.88699	-8.23541	1339.11792	128.35432	-156.94714	1249.92224	243.99196	-27.55678	1428.59705	280.88486	-271.59457	1143.95728	521.27521	46.45610	1064.18762	59.49054	-270.27985	924.85535	550.58136	-26.10533	877.36243	-70.04695	-165.98314	1021.77704	394.11746	-70.52007	993.49237	306.29401	59.34803	1000.49353	547.48108	-190.81059	488.37808	532.71954	102.72892	551.01031	336.03418	-233.63058	136.99974	502.20392	55.13657	117.15527	339.61884	
585	5.840	-175.77806	1284.29822	5.14996	-171.56956	1575.86194	106.55096	-278.23914	1439.34705	106.27851	-72.07529	1393.80322	9.68841	-236.45784	1434.11560	317.22806	-9.13054	1339.00183	127.44124	-156.32053	1249.55798	242.74301	-28.14348	1428.46545	280.06262	-272.09866	1143.84045	520.20306	46.76760	1063.91858	59.50639	-270.55182	924.43280	550.70959	-25.39153	876.72986	-70.61050	-166.09073	1021.54724	393.61389	-70.85100	993.06049	305.50171	59.43168	1000.42267	546.83002	-190.48749	488.03610	533.26056	103.09276	550.92279	335.18906	-232.88289	136.61899	502.86237	55.10875	117.24422	339.51990	
586	5.850	-176.40002	1283.98071	4.92625	-172.30344	1575.46106	105.67587	-278.38330	1438.79834	105.30937	-73.22256	1393.84045	8.86756	-236.67439	1434.11829	316.54364	-9.47486	1338.66626	127.26400	-156.93332	1249.62085	241.89735	-28.53818	1428.49878	279.56882	-272.97430	1144.14832	519.62158	47.10234	1063.98950	58.91811	-270.21881	924.12567	551.05426	-24.87817	876.28772	-70.90668	-166.12039	1021.38757	392.71692	-70.72226	993.09259	305.11774	59.72346	1000.70422	546.29980	-190.23085	487.95267	534.04114	103.47771	551.06018	334.29025	-232.55046	137.05818	504.09726	55.27810	117.08834	339.62186	
587	5.860	-177.28088	1283.55603	4.12852	-172.99866	1575.27039	104.79699	-279.61334	1438.88452	104.76175	-73.72836	1393.47119	8.26617	-236.99481	1434.07410	315.41547	-9.60470	1338.57617	126.19179	-158.06308	1249.74719	241.30498	-29.04344	1428.51782	278.61896	-273.38562	1143.95813	518.47571	47.59142	1063.35828	58.84001	-269.88727	923.16003	551.74542	-24.36279	875.85895	-71.40054	-166.29126	1021.29877	392.32001	-71.04007	992.96356	304.09900	59.15583	1000.49414	545.21118	-190.09648	487.74017	534.92249	103.55009	550.99127	333.65445	-231.53699	136.68430	504.55661	55.33208	117.12272	339.62692	
588	5.870	-177.98099	1283.00012	3.61020	-173.52682	1575.20544	103.96723	-280.24109	1438.37122	104.00382	-74.40606	1393.37207	8.06498	-237.03729	1433.50403	315.12567	-10.09540	1338.41235	125.14290	-158.40936	1249.68665	240.41327	-29.54264	1428.54907	277.60895	-274.24155	1143.74963	517.33136	47.76537	1062.96997	58.50500	-269.32553	922.30048	553.00073	-23.47774	875.33405	-71.51346	-166.22241	1021.05353	391.25891	-71.17992	992.74695	303.50763	59.10478	1001.06171	544.20172	-190.37939	487.76041	536.41766	104.13713	551.97083	332.61780	-230.67087	136.53680	504.52350	55.67515	116.88873	339.83484	
589	5.880	-178.15036	1282.33374	3.38895	-173.96544	1574.81311	102.36857	-280.74698	1438.17749	103.45259	-75.20105	1392.95129	7.02954	-236.99326	1433.37756	314.29364	-10.80096	1338.08386	124.30464	-159.33952	1249.97253	239.86577	-29.68849	1428.31384	276.68442	-275.01785	1143.86218	516.34454	48.06932	1062.38403	58.23668	-269.23514	921.50781	554.22742	-22.37635	874.18024	-71.20711	-166.47971	1020.90070	390.90399	-71.04176	992.62097	302.89417	58.65528	1001.16632	543.87762	-190.28256	487.51306	537.26471	104.60100	552.17505	332.37552	-230.03270	136.65948	504.68506	55.84881	116.98640	339.90869	
590	5.890	-178.41638	1282.17603	3.38002	-174.84637	1574.72168	101.50452	-281.42361	1437.88403	103.05048	-75.60989	1392.83264	6.03693	-238.61838	1434.04700	313.53165	-11.16685	1337.78552	124.01714	-159.48671	1249.74792	238.84480	-30.34215	1428.40698	275.97327	-275.76117	1143.82349	515.42114	48.42285	1062.13696	57.55083	-268.84778	920.74347	555.57245	-20.80666	873.52661	-70.44038	-166.74773	1020.89703	390.49451	-70.77972	992.44769	302.57962	58.38156	1001.93768	543.35181	-190.19322	487.12775	538.04968	104.71413	552.57550	331.43777	-229.11548	136.92093	504.55704	56.18800	116.97457	340.38852	
591	5.900	-178.56741	1281.68213	2.51068	-175.47008	1574.66187	100.78623	-281.75656	1437.64917	102.31621	-75.86645	1392.33643	5.62939	-238.99373	1434.01746	313.08255	-11.42657	1338.28406	123.02779	-160.31795	1249.55420	238.23422	-30.74158	1428.35229	275.47067	-276.20065	1143.69141	514.55035	48.99268	1061.91626	57.36601	-268.58185	920.44507	557.55853	-20.09971	872.83771	-70.66608	-166.98299	1020.79639	390.04242	-71.03300	992.04095	301.87900	58.41974	1002.24585	543.52136	-189.12558	486.05875	538.75336	106.03435	552.52277	330.78015	-228.45552	136.75528	504.17712	56.50365	117.41024	340.10480	
592	5.910	-179.13353	1281.25525	2.04254	-176.04155	1574.51685	100.08945	-281.03159	1437.04407	101.42068	-76.25422	1392.44922	5.20671	-239.48102	1433.50244	312.39737	-11.47668	1338.04626	122.31478	-160.59009	1249.56543	237.54443	-30.89372	1428.16260	274.86142	-276.55099	1143.45886	513.83582	49.50651	1061.37207	57.64702	-268.29608	919.36090	559.23047	-18.68259	871.65302	-70.53316	-167.06091	1020.62750	389.31412	-71.30864	992.12286	301.40295	58.03839	1002.45795	543.44806	-190.54257	486.83057	540.34930	106.81482	552.83282	330.11478	-227.73456	136.70926	503.98511	56.51562	117.41346	339.76837	
593	5.920	-180.02304	1281.65332	0.55327	-176.49750	1574.44019	99.55113	-281.09692	1436.42224	100.60165	-76.60233	1391.84546	4.68643	-239.92986	1433.42200	311.91852	-11.94900	1338.07666	121.39565	-160.26910	1249.04492	236.44463	-31.28036	1428.17126	274.18851	-276.91629	1143.37585	513.49457	49.67541	1060.72754	57.69907	-267.80740	919.26550	561.05457	-17.35750	870.66510	-69.48260	-166.84622	1020.11639	388.02884	-71.01714	991.75690	300.88040	57.94772	1002.49005	543.37140	-190.60669	486.63885	541.17255	107.52747	552.62659	330.02200	-226.93462	136.75212	503.68146	56.36175	117.75896	339.40070	
594	5.930	-180.35873	1281.35205	0.66820	-176.83954	1574.19458	98.76787	-281.72437	1436.37964	100.23083	-77.56673	1391.82178	2.98818	-240.66101	1433.30115	311.50549	-12.16536	1338.05139	119.78537	-161.19238	1249.31616	235.90562	-31.78747	1428.05945	273.46820	-277.01437	1143.15869	513.01306	50.12479	1060.21948	57.93737	-267.36444	919.01007	563.17218	-15.99307	869.22827	-69.05566	-166.98216	1019.93494	387.39072	-71.25339	991.81543	300.44876	57.83963	1002.55530	542.42413	-190.62923	486.51007	541.94922	107.93394	552.83075	329.75696	-226.58305	136.72408	503.38120	56.41599	117.70385	339.22324	
595	5.940	-180.43425	1281.31482	0.36089	-177.27786	1573.98059	97.77363	-283.21082	1436.70776	99.97945	-77.73212	1391.76440	2.44007	-240.91629	1432.79370	310.59729	-12.59965	1337.74646	119.20721	-160.67728	1248.69348	234.93205	-32.15703	1428.20435	272.65964	-277.10059	1142.88391	512.70471	50.59629	1059.53955	58.05957	-266.73978	918.77209	565.43219	-14.50927	868.36664	-68.57429	-167.01894	1019.83545	386.69681	-71.23547	991.63733	299.30273	57.48005	1002.10022	541.82458	-190.64932	486.03656	542.78967	108.34261	553.10345	329.68835	-226.24242	136.81903	503.11200	56.38548	117.82047	338.93695	
596	5.950	-180.88585	1280.72229	-0.12543	-177.97255	1573.76685	97.14223	-283.74966	1436.74048	99.50893	-78.28295	1391.84741	2.15659	-240.36299	1431.84253	310.09634	-12.71204	1337.60010	119.17165	-160.91896	1248.66382	234.26979	-32.34167	1428.21509	271.87595	-276.98038	1142.60779	512.30548	51.89297	1058.85938	58.04745	-265.72171	918.62274	567.26544	-12.71747	866.02094	-67.37047	-167.26387	1019.84308	386.21814	-70.83041	991.67053	298.34619	57.45459	1002.18793	541.31787	-190.60065	485.77277	543.18347	108.79292	552.85394	329.71301	-226.15768	136.94098	503.02344	56.34940	118.00629	338.47491	
597	5.960	-181.33324	1280.74536	-0.55697	-178.32590	1573.89307	96.33772	-284.08441	1436.49280	98.89877	-78.28449	1391.59192	1.91244	-240.34650	1431.42139	309.20483	-12.89121	1337.29138	118.94730	-165.91913	1250.19104	232.03912	-32.74264	1428.32410	271.48959	-276.93387	1142.49451	512.17175	52.66528	1058.70276	58.38286	-264.88669	918.22284	569.62341	-10.95846	864.69916	-65.95409	-167.36087	1019.61621	385.60648	-70.80564	991.42072	298.22308	56.69010	1002.56519	540.76648	-190.72139	485.73099	543.68585	109.35403	552.76593	329.64966	-225.84621	136.88432	502.95111	56.48239	118.29092	337.88898	
598	5.970	-181.35463	1280.65613	-0.87110	-178.63188	1573.81458	95.91526	-284.46991	1436.35767	98.35313	-78.75120	1391.29700	1.07284	-240.77223	1431.24390	308.60602	-12.54843	1336.93787	117.97858	-165.69817	1249.97864	231.34636	-33.08267	1428.31824	270.87851	-276.63818	1141.89465	511.73944	53.54709	1058.38330	58.40503	-263.76492	918.08643	571.65784	-8.90116	863.30688	-64.91962	-167.34024	1019.62335	384.69006	-70.98923	991.23761	297.60837	56.39780	1002.29712	539.69629	-190.95288	485.59628	544.18494	109.63222	552.84283	329.84344	-225.36153	136.78278	502.62915	56.54255	118.36272	337.15405	
599	5.980	-181.73351	1280.32788	-1.86624	-178.83192	1573.55872	95.06580	-284.60693	1436.06140	97.12512	-79.02976	1391.14575	0.69360	-241.07930	1431.17688	307.94937	-12.78523	1336.89050	117.65549	-165.57095	1250.00159	230.92831	-33.49292	1428.25513	270.62125	-276.09689	1141.85278	511.36346	54.31894	1057.70654	58.64538	-262.79379	918.24554	573.60834	-6.48733	861.47046	-63.80676	-167.15961	1019.33221	383.83118	-71.13593	991.31610	297.29388	56.68447	1002.47754	539.18207	-191.14731	485.39520	544.28009	110.39619	552.90619	329.93832	-225.35081	136.79306	502.59784	56.45611	118.16296	336.82184	
600	5.990	-182.00409	1279.84082	-2.60793	-179.12241	1573.39832	94.38488	-284.82568	1436.04248	96.59702	-79.52867	1391.01331	-0.48477	-241.40314	1430.82458	307.32474	-13.17609	1336.69543	116.99763	-165.73108	1249.84985	230.62057	-33.77027	1428.26355	270.07635	-275.61636	1141.46582	511.02075	55.65465	1057.30005	59.54220	-261.74146	917.98975	575.73859	-3.61442	860.09528	-62.24359	-167.30836	1019.28851	383.29123	-70.84949	991.49377	296.57352	56.63565	1002.46924	539.15723	-191.48518	485.43201	544.69989	110.72247	552.70532	330.35190	-224.77666	136.45183	502.53183	56.42556	118.07125	336.77100	
601	6.000	-182.53693	1279.30884	-3.49519	-179.42142	1573.18567	93.98572	-284.03464	1435.62500	95.99007	-79.54977	1390.93811	-0.76282	-242.69131	1431.24756	306.54697	-13.46531	1336.45654	116.47971	-165.92834	1249.83826	230.42839	-34.20024	1428.23828	269.32370	-274.74841	1141.47937	510.91232	56.22744	1057.17700	59.51660	-260.54742	918.00635	578.20398	-1.22961	858.16840	-61.34270	-167.27481	1019.37067	382.76337	-71.11423	991.31189	296.12250	56.80419	1002.79321	538.99500	-191.87430	485.21613	544.56042	110.71386	552.76788	330.45062	-224.98833	136.37222	502.57446	56.29171	118.32922	336.03531	
602	6.010	-182.80049	1279.37793	-3.72272	-179.54759	1572.73499	93.10712	-285.20081	1435.67041	95.39515	-79.83073	1390.47644	-1.42830	-242.95073	1431.06799	305.85437	-13.48072	1336.55200	116.15153	-166.10344	1249.84229	230.23932	-34.44564	1428.18848	268.97733	-274.35614	1141.46594	510.62988	57.45213	1056.93372	59.76956	-259.13281	917.83777	579.94122	1.31538	856.38995	-59.85760	-167.39899	1019.36005	382.38419	-70.93019	991.39282	295.49249	56.56046	1002.89679	538.58881	-192.34367	484.98547	544.28094	110.75213	552.83026	330.70370	-224.99564	136.09065	502.32770	56.42531	118.23019	335.86310	
603	6.020	-182.68274	1279.02722	-3.55867	-179.83704	1572.60962	92.60259	-285.47687	1435.39722	94.93235	-79.95161	1390.18066	-1.71918	-243.28078	1431.04346	305.46555	-13.61473	1336.13025	116.14281	-165.68712	1249.69910	229.65762	-34.87920	1428.30261	268.45474	-274.01657	1141.84216	510.44788	58.65777	1055.98108	60.40934	-258.30069	918.03430	582.47803	3.71053	854.87708	-58.42883	-167.62538	1019.46399	382.04050	-70.64489	991.19550	295.35422	56.52754	1002.89081	538.57227	-192.46326	484.89896	543.78796	110.53213	552.61566	330.80255	-225.03191	136.04701	502.31485	56.48119	118.32912	335.55005	
604	6.030	-182.65984	1278.84729	-3.76989	-179.99023	1572.32446	91.72209	-284.62421	1434.74255	94.29514	-79.81708	1389.55542	-2.23413	-243.67432	1430.86694	305.04398	-13.67490	1336.21228	115.81736	-165.52731	1249.63330	229.30864	-35.02583	1428.21350	267.69348	-273.80576	1141.86084	510.43591	59.81508	1055.54272	60.92868	-257.30362	918.04272	584.90881	6.51275	853.16046	-57.23501	-167.82063	1019.36499	381.61182	-70.31902	991.03705	295.88037	56.18972	1002.68707	537.67285	-192.45331	484.69055	542.90942	110.54622	552.75800	330.97562	-225.07733	136.02068	502.30551	56.57837	118.15342	335.06473	
605	6.040	-182.57544	1278.53174	-4.84905	-180.13971	1572.00391	90.85112	-284.84680	1434.24146	93.59887	-79.91034	1389.29858	-2.43615	-243.64441	1430.41235	304.14493	-13.15730	1336.11951	114.15002	-161.98692	1247.60901	229.63010	-35.03444	1428.22534	267.15729	-273.23102	1141.81653	510.25540	60.83192	1054.82751	61.42400	-256.28299	917.89276	586.69391	9.32469	851.54657	-55.13298	-168.04045	1019.46625	381.32901	-70.17129	990.66254	295.98438	56.30367	1002.71765	537.39679	-192.70625	484.72467	542.51373	110.50440	552.76044	330.97708	-225.12474	135.94638	502.31973	56.54612	118.10248	335.04150	
606	6.050	-182.52071	1277.98169	-5.04870	-180.37766	1571.86035	90.43120	-285.05112	1433.99951	93.10027	-80.11654	1388.83240	-3.06552	-243.98598	1430.39099	303.74335	-13.24404	1335.89771	114.17093	-161.51797	1246.80933	229.08194	-35.27677	1428.23694	266.84509	-273.06067	1141.80005	510.28900	61.84163	1054.06616	61.96341	-255.13739	918.09851	589.70294	12.38979	849.30170	-53.40416	-168.18430	1019.27094	380.98743	-70.41958	990.96466	295.87823	56.34793	1002.72064	537.01581	-192.78584	484.75302	541.85571	110.44922	552.73962	330.96762	-225.34184	135.96570	502.37387	56.54147	118.10542	335.04501	
607	6.060	-182.36723	1277.79309	-5.49572	-180.43961	1571.56909	89.43062	-284.89310	1433.47058	92.31936	-80.04718	1388.46436	-3.20837	-244.21672	1430.19434	303.25162	-13.31266	1335.79663	114.05487	-161.82507	1246.87463	228.91039	-35.51943	1428.17224	266.43481	-272.91757	1141.81335	510.36707	63.62593	1053.44751	62.64064	-253.68222	918.19159	591.51001	15.00531	847.59808	-51.69046	-168.38800	1019.26483	380.68945	-69.60066	990.57709	296.68344	56.26818	1002.95050	536.89417	-192.88202	484.49786	541.23029	110.35575	552.58771	330.79065	-225.37201	135.88377	502.43890	56.19293	117.79492	334.89908	
608	6.070	-182.42981	1277.19592	-5.64452	-180.76981	1571.23792	88.92976	-285.29449	1433.18774	91.97510	-79.94070	1388.45776	-3.75950	-244.42500	1429.94629	302.75348	-13.28543	1335.49426	113.03144	-162.18326	1246.94299	228.71245	-35.78359	1428.14246	265.90140	-272.86310	1141.81982	510.40851	64.64359	1052.79907	63.35524	-252.98792	918.68274	593.69019	16.93005	845.91827	-50.14965	-168.38846	1019.23535	380.24960	-69.67233	990.53668	296.68283	56.24724	1003.04297	536.23077	-193.41318	484.95563	540.77881	110.10419	552.63678	330.40533	-225.39322	135.82213	502.48938	56.25811	117.92664	334.74066	
609	6.080	-182.13583	1276.82959	-5.99075	-180.83353	1570.98584	88.05392	-285.43472	1433.07739	91.45945	-80.15556	1388.31995	-4.54495	-244.34816	1429.73987	302.05124	-13.24006	1335.06909	112.58090	-166.47862	1248.04492	226.79817	-35.98624	1428.11353	265.17523	-272.52032	1141.51416	510.40454	66.21181	1051.53906	64.98549	-251.97833	918.92249	595.91840	20.23040	843.65918	-47.57064	-168.50877	1019.20038	379.74115	-71.78975	991.67297	293.24634	56.08019	1003.16473	535.44476	-193.63249	484.71310	540.14844	109.70921	552.58099	330.13452	-225.41431	135.75899	502.53445	56.15284	117.72179	334.68005	
610	6.090	-182.09073	1276.48657	-6.33324	-181.07175	1570.84558	87.65058	-285.36624	1432.77942	90.64191	-80.13992	1388.00842	-4.82609	-244.57533	1429.70203	301.77628	-13.63192	1334.40344	111.11788	-166.60175	1248.04407	226.67038	-36.09578	1428.10522	264.80203	-272.55316	1141.69934	510.77127	67.31174	1050.10718	65.85275	-250.93034	919.27521	597.35565	23.27024	841.65106	-45.78394	-168.55261	1019.41498	379.40607	-72.02591	991.50592	292.86087	55.96034	1003.16382	534.98218	-193.91632	484.82388	539.78778	109.50324	552.54462	329.57132	-225.68829	135.78703	502.78729	56.14851	117.67812	334.65250	
611	6.100	-182.11884	1276.04688	-6.82744	-180.98192	1570.43750	86.75304	-285.29892	1432.23596	89.79736	-80.47152	1387.26807	-5.90630	-244.75909	1429.67688	301.52161	-14.05631	1334.36060	111.06378	-166.18661	1247.95789	226.13300	-36.15533	1427.97937	264.30933	-272.43353	1141.69275	510.94669	69.35574	1049.08105	67.10596	-250.29405	919.92542	599.71979	26.25054	839.76740	-43.49513	-168.54420	1019.26996	378.93695	-72.19090	991.48346	292.75082	55.90502	1003.14661	534.68854	-194.03929	484.89395	539.26221	109.54153	552.35480	329.14069	-225.71483	135.77251	502.77551	56.17895	117.49529	334.74759	
612	6.110	-182.07809	1275.71814	-6.95531	-181.07625	1570.13672	85.81979	-285.48846	1432.06482	89.35329	-80.24175	1386.63501	-6.04443	-244.95499	1429.67090	301.27646	-13.51431	1333.88538	110.35074	-166.29010	1247.96716	226.01263	-36.24302	1427.84741	263.99261	-272.27106	1141.69128	511.15106	71.02305	1048.38977	68.21279	-249.41426	920.30255	601.13373	29.69658	837.78223	-40.81979	-168.83348	1019.45959	378.75546	-72.40824	991.63654	291.98917	55.88366	1003.14319	534.67755	-194.16646	485.09448	538.94495	109.27119	552.15338	328.68588	-225.73752	135.77557	502.73975	56.03642	117.41088	334.79605	
613	6.120	-182.32617	1275.60571	-8.00341	-181.53304	1569.75293	85.28970	-285.78912	1431.99609	89.00053	-79.99953	1386.41345	-6.58711	-244.98227	1429.51318	300.84583	-13.54006	1333.86621	109.52722	-166.29655	1247.83191	225.71368	-36.23764	1427.75854	263.70343	-272.23508	1141.86218	511.59961	72.85104	1047.06787	69.45148	-248.95029	920.94189	602.74017	32.91977	835.91162	-37.67189	-168.95164	1019.46411	378.59415	-72.60638	991.65497	291.85941	55.98368	1003.10144	534.46667	-194.04393	485.13315	538.29718	109.22392	552.20538	327.73776	-225.93301	135.94868	502.78729	56.31722	117.31086	335.20206	
614	6.130	-182.42191	1275.18091	-7.81576	-181.78590	1569.65808	84.87653	-285.62073	1431.55139	88.52814	-79.92412	1386.41675	-6.88362	-245.17604	1429.52063	300.58084	-13.55015	1333.51660	108.94066	-165.84126	1247.78821	225.19412	-36.31466	1427.60803	263.38965	-272.04645	1141.87024	511.82257	74.84939	1046.10242	70.94849	-248.52603	921.22308	604.28833	35.97380	833.66687	-35.77195	-169.07483	1019.51868	378.41238	-72.86382	991.44342	291.59579	55.80341	1002.86829	534.16992	-194.02599	485.24213	538.20978	109.10405	552.21271	327.41962	-225.70221	135.85223	502.71561	56.10057	117.52819	335.30319	
615	6.140	-182.00462	1275.22070	-8.53264	-182.01921	1569.56934	84.53446	-285.70688	1431.38391	88.04002	-79.93179	1386.32654	-6.93379	-244.95012	1429.25867	299.81607	-13.52477	1333.52124	108.66544	-165.93279	1247.80554	225.07620	-36.47287	1427.66626	262.63782	-272.08185	1142.33167	512.31122	76.56779	1044.76758	72.05904	-247.68390	921.91028	605.42279	39.13198	831.46857	-32.38665	-169.43034	1019.68042	378.27225				55.64514	1002.79071	533.70068	-193.87773	485.36731	538.01215	108.54363	552.26495	326.56818	-225.67844	135.91182	502.67145	56.33186	117.45287	335.55118	
616	6.150	-182.15083	1275.00085	-9.16517	-182.25804	1569.53210	83.87147	-285.41907	1430.76636	86.95926	-79.92393	1386.24011	-6.98352	-245.08852	1429.27502	299.61255	-13.36480	1332.98901	108.21178	-162.18604	1246.08459	225.84975	-36.55096	1427.79443	262.29800	-271.78409	1142.55884	512.44745	78.39278	1044.17175	73.68760	-247.03833	922.31787	606.18451	41.93322	829.29108	-29.19426	-169.62096	1019.75739	378.13141				55.61977	1002.78992	533.68555	-193.77367	485.40479	538.03577	108.48103	552.56140	325.76517	-225.58994	136.12169	502.37991	56.47886	117.32230	336.17435	
617	6.160	-181.73009	1274.57275	-9.42362	-182.34848	1569.41235	83.12635	-285.49634	1430.68604	86.54543	-79.84285	1386.09973	-7.13439	-245.22206	1429.30469	299.42331	-13.47944	1332.68262	107.44469	-161.98148	1245.92261	225.43945	-36.61817	1427.77722	262.11395	-271.85083	1143.13733	512.58600	80.47869	1042.57532	76.01276	-246.37663	922.59845	606.70782	45.64714	826.48682	-25.28099	-169.91806	1019.85425	378.00693	-73.71860	991.52490	290.53552	55.84962	1002.99792	533.15063	-193.61475	485.82120	538.21167	108.32095	552.49921	325.44809	-225.77454	136.42953	502.30817	56.42897	117.21033	336.46930	
618	6.170	-182.09068	1273.81982	-9.78499	-182.53058	1569.07715	82.47363	-285.55219	1430.62744	86.14924	-79.96393	1385.88428	-7.88240	-245.25481	1429.14392	299.12839	-13.51958	1332.34998	107.69305	-162.21835	1246.01770	225.29501	-36.88865	1427.88464	261.55539	-271.63300	1143.32495	512.57379	81.64653	1042.05518	76.94965	-245.90576	922.82990	606.95728	49.06226	824.36359	-22.43417	-170.18230	1019.87628	377.68445	-73.96779	991.57275	290.37369	56.31874	1003.24762	532.56860	-193.41460	486.02808	538.37683	108.19370	552.73145	325.05820	-225.75012	136.47842	502.27240	56.19062	117.20315	336.87497	
619	6.180	-181.49857	1273.26941	-9.64796	-182.61359	1569.05273	81.99892	-285.76044	1430.58972	85.93601	-79.87702	1385.81091	-8.12250	-245.33638	1429.18982	298.97690	-13.41872	1332.23901	107.29712	-162.30507	1245.83643	225.04289	-36.55377	1427.60950	260.78235	-271.34842	1143.67383	512.58612	83.70094	1040.10828	79.22778	-245.55278	923.17505	606.97174	52.21342	821.99225	-18.77050	-170.34401	1019.88007	377.52899	-74.19859	991.57666	290.22165	56.05367	1003.46826	532.41534	-193.29587	486.06613	538.48297	108.42872	552.52191	324.65500	-225.52008	136.45383	502.20575	56.36242	117.19029	336.79105	
620	6.190	-182.02318	1273.36816	-10.02738	-182.65878	1568.93433	81.45808	-285.95990	1430.57532	85.73154	-79.84429	1385.87024	-8.36422	-245.40793	1429.23193	298.84015	-13.40252	1332.15063	107.26056	-162.49609	1245.96082	224.91319	-36.63026	1427.71399	260.64508	-271.24966	1143.77917	512.58228	85.54958	1038.77759	80.62937	-245.31541	923.29376	607.30377	55.87892	819.58185	-15.16536	-170.53270	1019.99005	377.45056	-74.40458	991.58118	290.08600	55.89816	1003.65729	532.29718	-193.08418	486.03644	538.59930	109.12114	552.81952	324.60620	-225.48433	136.52014	502.16983	56.38424	117.18752	336.78201	
621	6.200	-181.72934	1273.09387	-10.55712	-182.78717	1568.89966	81.25245	-286.07547	1430.39868	85.45014	-79.81020	1385.77393	-8.19245	-245.28035	1429.25647	298.56473	-13.68312	1330.19092	108.42067	-162.68077	1246.04187	224.79869	-36.65531	1427.61475	260.25491	-271.09665	1143.93726	512.42706	86.83142	1037.51477	82.12807	-245.07829	923.66309	607.26013	58.67501	816.78082	-10.84875	-170.65033	1020.01776	377.32159	-74.68871	991.59467	289.39883	56.01419	1003.63080	531.97437	-192.99376	486.04480	538.74207	108.14510	551.95624	323.77264	-225.46373	136.56631	502.14301	56.62615	116.78397	337.03125	
622	6.210	-181.69548	1273.91638	-11.04842	-182.93826	1568.89136	81.03621	-286.16705	1430.12952	85.10461	-79.76044	1385.87195	-8.45016	-245.08176	1429.34424	298.23059	-13.43442	1331.77502	106.31097	-162.49026	1246.23828	224.58092	-36.57973	1427.52319	260.13004	-270.94427	1144.09705	512.28296	88.44997	1036.33862	84.19907	-245.06215	923.73944	607.22845	62.20430	814.46832	-7.23182	-170.86545	1020.19452	377.16290	-74.84578	991.63092	289.29718	55.66761	1003.30890	531.44354	-192.88828	486.23209	538.89423	108.14510	551.95624	323.77264	-225.33182	136.79710	501.97403	56.63215	116.75018	337.00687	
623	6.220	-181.70546	1273.87927	-11.05228	-183.07291	1568.87341	80.81874	-286.98792	1430.33887	84.85571	-79.87424	1385.90833	-9.04214	-245.07191	1429.72717	298.35825	-13.14973	1331.30334	105.67896	-162.14209	1246.25952	224.26256	-36.64404	1427.64551	260.04968	-270.95367	1144.17615	512.22119	90.58117	1035.22729	86.32858	-245.19989	923.78009	606.99042	65.69573	812.49359	-3.25121	-170.71494	1020.20459	376.82141	-75.05846	991.76233	288.57709	55.47105	1003.19531	530.98035	-192.86983	486.25446	538.92511	108.27101	551.88177	323.71014	-225.31511	136.81599	501.96954	56.67355	116.77218	337.00784	
624	6.230	-181.77969	1273.70605	-11.04705	-183.21228	1568.86072	80.59924	-287.08319	1430.30823	84.73175	-80.08974	1385.94629	-9.28427	-244.93703	1429.83667	298.21774	-13.56142	1331.65808	105.94086	-162.29982	1246.36572	224.15454	-36.58144	1427.55212	259.97025	-270.95993	1144.22302	512.13110	92.33376	1034.08618	88.63300	-245.43660	923.78119	606.55328	68.92567	810.10059	0.68490	-170.91147	1020.39832	376.66080	-75.21420	991.81873	288.47739	55.12075	1003.23926	531.09906	-192.90199	486.36264	539.12274	107.77289	551.98883	323.23444	-225.28926	136.82478	501.97760	56.66988	116.71977	336.97430	
625	6.240	-181.38692	1274.28271	-11.52441	-183.33876	1568.87183	80.42535	-287.15244	1430.28857	84.60966	-80.27557	1386.20386	-9.67515	-244.92305	1429.86426	298.18683	-13.36970	1331.43469	105.89840	-162.46915	1246.46460	224.04277	-36.76332	1427.79041	259.87033	-271.00696	1144.23022	512.05182	93.01697	1032.13013	90.19757	-245.63338	923.74884	606.27881	72.26616	808.11444	5.21351	-171.06641	1020.56830	376.49588	-75.30532	991.86084	288.41956	54.41131	1003.62909	530.55426	-192.99019	486.38391	539.07648	108.14864	551.86371	323.36020	-225.26749	136.83080	502.00110	56.71258	116.44695	337.16193	
626	6.250	-181.50259	1274.23755	-11.44381	-183.45280	1568.85535	80.28835	-287.25754	1430.30200	84.51591	-80.51212	1386.15222	-9.96226	-244.90285	1429.88818	298.19241	-13.07697	1331.24487	105.64385	-162.58571	1246.58447	223.95145	-36.53633	1427.62671	259.89011	-271.07550	1144.24231	511.92383	95.00112	1031.11023	92.70307	-246.31662	923.46539	605.80853	75.00323	805.85968	9.47212	-171.16187	1020.71210	376.30124	-75.45991	991.95154	288.32245	54.34282	1003.60596	530.52679	-193.23592	486.18851	538.70923	108.09666	551.81281	323.52380	-225.26863	136.79514	502.01862	56.67342	116.63419	336.91635	
627	6.260	-181.64519	1274.14087	-11.35066	-183.60580	1568.86169	80.11457	-287.37335	1430.27148	84.43813	-80.59721	1386.11438	-9.96426	-244.87868	1429.91248	298.20438	-13.51811	1331.52112	105.62086	-162.13535	1246.59924	223.64217	-36.68370	1427.88428	259.82135	-271.09821	1144.07031	511.63596	96.43131	1030.28394	95.16339	-246.95044	923.48157	605.14691	78.63527	803.78210	14.21662	-171.18199	1020.82440	376.13556	-75.63522	992.05261	288.21225	54.25893	1003.58215	530.49017	-193.39000	486.16183	538.51068	108.42191	551.78058	323.67783	-225.20750	136.60167	502.10370	56.65642	116.59379	336.89514	
628	6.270	-181.90553	1274.03699	-11.16959	-183.92574	1568.86108	80.03039	-287.49249	1430.25183	84.40407	-81.04771	1386.02075	-10.50648	-244.84573	1429.92065	298.24670	-13.40731	1331.90735	105.15959	-162.26176	1246.72644	223.54398	-36.58155	1427.85242	259.82123	-271.13049	1143.92151	511.28214	97.93977	1029.62402	97.17747	-247.66035	923.61298	604.15363	81.24796	802.10046	18.63692	-171.31583	1020.98492	375.93573	-75.72818	992.16760	288.15707	54.02685	1003.50763	530.15411	-193.58217	486.13181	538.29401	108.42191	551.78058	323.67783	-225.22423	136.29826	502.22223	56.72692	116.62423	336.52109	
629	6.280	-182.22363	1273.91113	-10.94819	-184.09335	1568.76477	79.88407	-287.69153	1430.17151	84.48174	-81.38074	1385.85559	-10.79385	-244.80200	1429.93420	298.30682	-13.54446	1332.01245	104.93700	-162.61992	1247.21191	223.59213	-36.61342	1428.04956	259.89117	-271.28064	1143.65894	511.00101	99.47702	1028.83020	99.81399	-248.37631	922.90186	602.70148	84.50774	800.40155	23.80375	-171.28734	1021.32281	375.65182	-75.84992	992.26678	288.08209	53.62406	1003.24054	529.88055	-193.78104	485.83997	537.80927	108.15510	551.61505	323.87598	-225.27721	136.23279	502.22546	56.88425	116.49840	336.42496	
630	6.290	-182.54590	1273.77759	-11.25085	-184.29204	1568.75879	79.79878	-288.25183	1430.21326	84.84025	-81.62646	1385.76807	-10.79130	-244.88313	1430.13000	298.63513	-13.30005	1332.01843	105.18313	-162.72037	1247.33765	223.50725	-36.58167	1428.29993	260.04471	-271.44492	1143.50171	510.79181	100.55910	1027.88245	101.66373	-248.74905	922.48254	601.43073	87.41027	798.80682	28.15895	-171.39758	1021.69818	375.35431	-76.00848	992.45404	287.98752	53.35701	1003.00873	529.66943	-193.88715	485.79987	537.01733	108.33605	551.66797	323.97388	-225.32645	136.01949	502.37210	56.78690	116.08850	335.94745	
631	6.300	-183.29152	1273.11267	-10.85803	-184.77777	1568.71619	79.80122	-288.48947	1430.08240	85.00061	-82.07443	1385.56958	-10.51731	-244.97089	1430.15576	298.91406	-13.37037	1332.18787	104.97332	-162.80162	1247.47766	223.42795	-36.59312	1428.55591	260.20593	-271.39850	1142.74707	510.46881	102.95100	1027.62354	104.82317	-249.40852	921.93866	600.62012	89.91268	797.14807	32.92474	-171.57758	1021.94318	375.03751	-76.11471	992.86774	287.30835	53.32093	1003.00513	529.64948	-194.20480	485.62405	536.69073	108.33605	551.66797	323.97388	-225.39792	135.88460	502.40442	56.76490	116.01722	335.90738	
632	6.310	-183.86224	1272.93127	-10.59639	-185.07448	1568.67419	79.69664	-289.01031	1429.93860	85.67446	-82.39973	1385.53967	-10.76521	-245.04315	1430.09399	299.16629	-12.85056	1332.53247	104.54285	-162.79851	1247.61023	223.39278	-36.65591	1428.89197	260.63254	-271.32391	1142.31995	509.92502	104.09556	1026.93909	107.46506	-250.64896	921.30737	599.70129	92.78291	796.06006	38.17341	-171.58336	1022.30621	374.62854	-76.17218	992.97205	287.27603	53.37983	1003.03760	529.40851	-194.46120	485.55936	536.32788	108.44453	551.43176	324.47079	-225.73912	135.82556	502.66095	56.58408	116.10921	335.98874	
633	6.320	-184.86436	1272.53967	-9.60225	-185.49765	1568.60388	79.80630	-288.84283	1429.63208	86.03188	-83.19489	1385.03760	-10.35330	-244.25847	1429.72510	300.03455	-12.44564	1332.77380	105.87973	-162.42223	1248.06836	223.26160	-36.82898	1429.14746	260.97693	-271.71750	1142.21436	509.88745	105.34509	1027.99158	109.01646	-251.24576	920.29834	598.16565	95.45068	794.59229	42.47234	-171.79742	1022.74567	374.27859	-76.27372	993.12781	287.21738	53.16308	1002.64075	529.59564	-194.73383	485.55225	535.97473	108.60908	551.75317	324.78384	-226.08560	135.83488	502.70001	56.73508	116.01308	335.91443	
634	6.330	-185.70456	1272.34534	-9.04322	-186.23581	1568.48352	79.92017	-289.33789	1429.47107	86.84869	-84.22918	1384.80273	-9.79784	-243.89662	1429.59412	300.39975	-11.83283	1333.19983	105.80989	-164.86621	1248.97681	222.18260	-36.84911	1429.45630	261.15454	-271.94150	1141.94592	509.73352	107.15281	1028.08325	111.81390	-252.22562	919.66559	596.54688	98.15632	793.69147	47.74450	-171.98486	1022.94446	373.96118	-76.31528	993.49677	286.55246	52.99550	1002.29266	529.18872	-195.00925	485.34644	535.44238	108.81445	551.53479	325.02872	-226.16924	135.66774	502.76187	56.46807	116.22989	335.92783	
635	6.340	-186.46852	1272.12683	-8.48758	-187.11365	1568.23145	80.14764	-290.78079	1429.90271	88.12023	-85.66723	1384.94653	-10.64276	-243.94159	1429.62122	300.76456	-11.91530	1333.88843	106.03761	-164.11972	1248.70007	222.11136	-36.92225	1429.72974	261.35678	-272.18347	1141.48071	509.37753	108.23536	1028.11731	114.07586	-253.25993	919.27393	595.53992	100.57731	792.60229	52.51219	-171.98790	1023.19757	373.32846	-76.21994	993.60645	286.62109	51.95407	1001.44794	528.55658	-195.28433	485.12628	534.85956	109.17782	551.62360	325.18503	-226.61235	135.28519	502.85159	56.24580	116.31226	335.87668	
636	6.350	-187.72827	1271.83594	-7.19347	-188.04118	1568.15076	80.25449	-291.43692	1429.69714	89.05584	-87.33114	1384.82837	-10.92695	-243.98969	1429.67444	301.11206	-11.32362	1334.24878	105.80286	-163.94998	1248.81299	222.14247	-37.12064	1430.13318	262.07611	-272.37921	1141.03113	508.99811	109.63992	1028.63171	116.11272	-255.00562	918.90143	594.25104	103.08786	791.86084	57.52567	-171.98155	1023.43073	372.73480	-76.02766	994.31024	285.88278	51.98201	1001.46057	528.31061	-195.55299	485.03024	534.45941	109.18402	551.52966	325.33435	-226.67041	134.95041	502.93753	56.43918	116.59634	335.36938	
637	6.360	-189.01805	1271.43811	-6.18951	-188.99257	1568.10632	80.44273	-292.17786	1429.00122	90.10223	-88.26920	1384.51074	-10.60611	-244.23996	1429.51379	301.60184	-10.97512	1334.74170	106.28355	-164.41452	1249.44739	222.31378	-37.30982	1430.50867	262.36008	-272.58582	1140.77124	508.71057	111.07271	1030.13916	119.76586	-255.62021	918.24512	593.45007	105.57565	791.21198	63.30026	-172.04437	1023.63763	372.07944	-75.69369	995.16089	285.13177	51.20042	1001.18817	528.35370	-195.93588	484.99677	534.06952	109.18402	551.52966	325.33435	-227.01030	134.64139	502.89722	56.27097	116.61369	335.62015	
638	6.370	-190.17558	1271.28076	-5.37378	-190.26161	1568.09436	80.87438	-292.48682	1428.90649	91.66556	-89.51019	1384.42847	-10.08205	-244.56502	1429.78064	301.77042	-11.26210	1335.22778	106.68279	-163.64787	1249.69043	222.71826	-37.47156	1430.78223	262.92767	-272.86874	1139.86743	508.07089	113.20637	1030.85571	121.21828	-256.74762	917.35901	591.12793	107.50030	790.92181	67.76718	-171.92207	1023.71851	371.27631	-75.38465	995.18658	285.33664	51.00227	1001.01538	527.84113	-196.35721	484.99310	533.64594	109.08696	551.53217	325.47528	-227.32236	134.44284	502.98721	56.10394	116.55792	335.46030	
639	6.380	-191.89030	1271.47888	-3.88695	-191.25864	1568.21094	81.13528	-293.01166	1428.57007	92.56125	-90.64841	1384.39185	-9.68420	-245.07332	1429.79150	302.38745	-11.01350	1335.63025	107.06865	-163.83409	1250.79797	223.06415	-37.58300	1431.33350	263.39749	-272.66873	1139.03015	507.53552	114.38103	1031.51501	122.75773	-257.86026	916.47266	590.23083	110.19025	790.34222	72.96356	-171.58858	1023.90369	370.26038	-75.08622	995.49414	284.91910	50.82037	1001.02313	528.01837	-196.70004	484.77130	532.60254	108.82634	551.74329	325.63757	-227.56339	134.09607	502.92178	55.98864	116.68390	335.41281	
640	6.390	-193.26622	1270.98267	-2.93307	-192.47145	1567.99487	81.46024	-295.31982	1429.12646	94.29710	-92.37368	1384.31909	-9.12470	-245.29861	1429.67346	302.86011	-11.13280	1336.72021	107.08402	-163.64481	1250.86902	223.16980	-38.12807	1431.66370	264.27222	-272.90131	1138.45801	507.24655	115.36094	1032.64917	125.12404	-258.52252	915.85059	588.57538	112.38810	789.94611	78.32265	-171.69026	1024.14832	369.84637	-74.84868	995.63019	284.49680	50.84466	1000.95300	527.78363	-197.20946	484.80743	531.85364	107.73374	551.33875	325.76453	-228.42000	134.03038	503.25458	55.88472	116.53269	335.43781	
641	6.400	-194.46796	1270.87903	-1.62157	-193.68497	1568.12463	81.90964	-294.89462	1428.50562	95.48695	-93.71566	1383.84827	-8.11973	-246.15619	1429.83923	303.09521	-11.47128	1337.86218	107.43172	-163.50140	1250.92126	223.25177	-38.42105	1431.98389	264.93878	-273.08408	1137.63477	507.08725	116.19106	1033.73596	127.46350	-258.95425	914.76245	586.75037	114.69827	789.62451	82.74378	-171.63779	1024.47485	369.47141	-74.65450	996.08832	283.43304	50.32193	1000.72327	528.06146	-197.86972	484.37582	531.23413	107.38226	551.37915	325.57037	-228.53952	133.85979	503.26324	55.74295	116.52113	335.26596	
642	6.410	-195.95247	1270.55542	0.36467	-195.04721	1568.22400	82.88518	-296.72806	1428.97925	97.18764	-95.93807	1383.84460	-8.32736	-247.04311	1429.98474	304.63312	-11.45860	1338.48840	107.71638	-163.54442	1251.11584	223.56155	-38.72158	1432.44775	265.35608	-273.18759	1136.70557	506.76178	116.56699	1034.76929	128.23654	-260.12411	914.39270	585.57953	117.33695	789.15594	87.79969	-171.42148	1024.82361	368.96182	-74.33744	996.41455	282.98294	49.57990	999.92920	527.42896	-198.46437	484.11151	530.86493	105.60229	551.16046	325.98318	-228.66106	133.38010	503.05762	55.61714	116.48457	335.43127	
643	6.420	-197.22643	1270.24329	1.04653	-196.26291	1568.49048	83.25579	-298.43820	1429.31299	98.30722	-97.31254	1383.50696	-7.38669	-247.08670	1429.77612	304.98193	-11.41790	1339.03943	107.95533	-163.76302	1251.39709	223.98010	-39.08695	1432.63379	266.14105	-273.22736	1135.80835	506.56885	116.81399	1035.06848	130.80115	-260.90421	913.56085	584.30682	119.38934	789.28882	92.83895	-171.36719	1025.18774	368.63004	-74.06861	997.42712	281.68643	49.29826	999.73401	527.47369	-199.23289	483.85770	530.54437	103.05175	550.18152	325.11206	-229.01028	133.21933	503.14871	55.78214	116.28453	335.17957	
644	6.430	-199.47102	1269.38049	2.46391	-197.14912	1568.41980	83.67433	-298.43832	1429.07971	99.88785	-98.45893	1383.71912	-7.17259	-246.88318	1429.81421	305.88608	-11.71615	1339.52454	108.22579	-163.61908	1251.43140	224.08621	-39.36253	1432.90491	266.84836	-273.17981	1134.52979	506.10403	117.45492	1035.96240	132.36624	-261.68954	912.19684	582.80939	121.60374	789.03607	97.11250	-170.76459	1025.35950	367.64999	-73.79173	997.72070	281.39273	49.10029	999.55560	527.28387	-199.87930	483.75732	530.33728	102.11442	550.29053	324.81363	-228.92738	132.86273	503.21704	55.65289	116.33421	335.17148	
645	6.440	-200.23856	1270.18091	3.67273	-198.47728	1568.34485	84.31808	-300.74149	1429.19580	101.12210	-99.80260	1383.45044	-6.70132	-247.42897	1429.62976	306.80258	-11.83955	1340.02441	108.47391	-163.56853	1251.60730	224.33292	-39.67371	1433.12561	267.39389	-273.61014	1134.32166	505.95294	118.31821	1037.12109	134.67046	-262.26862	911.64545	581.54956	123.66936	789.06677	102.00134	-170.80147	1025.52417	367.35266	-73.64595	997.76532	281.49091	48.79561	999.08173	527.10443	-200.42693	483.70334	530.07281	101.41882	550.20441	325.11090	-229.23944	132.80090	503.46790	55.52194	116.17357	334.79211	
646	6.450	-201.61824	1269.98022	4.79534	-199.53998	1568.53064	85.27306	-301.88171	1429.63611	102.83427	-101.13612	1383.63879	-6.31652	-247.90594	1429.42993	307.46793	-12.23174	1341.25049	108.68110	-164.30016	1252.70667	225.03102	-39.92089	1433.52356	267.95264	-273.34882	1133.37341	505.49890	117.88520	1037.45874	137.83290	-263.09662	910.50293	580.16797	126.09936	789.42926	106.12071	-170.59459	1025.41650	366.72281	-73.64557	998.10339	280.81711	48.75349	998.87177	527.14166	-201.07474	483.59253	530.20435	100.70882	550.39758	324.60620	-229.40474	132.64757	503.57614	55.49598	116.09238	334.74677	
647	6.460	-202.89720	1270.15100	6.00332	-200.66663	1568.43835	85.88912	-302.61172	1429.66064	103.79576	-102.61084	1383.27454	-5.26928	-247.83710	1429.44434	308.81125	-12.37529	1341.92432	108.70374	-164.43591	1252.72241	225.37274	-40.35474	1433.90698	268.31812	-273.46140	1132.71545	505.49179	118.29694	1038.04785	139.48340	-263.65805	909.90240	578.86829	128.21042	789.25555	110.84447	-170.65987	1025.54419	366.53510	-73.68394	998.18964	280.79660	48.76589	998.47522	527.14117	-201.42856	483.34082	529.96265	100.27551	550.72125	324.57385	-229.30544	132.32152	503.67725	55.09670	115.31425	334.08981	
648	6.470	-204.65564	1270.39734	7.11065	-201.43520	1568.66443	86.34227	-303.79514	1429.71155	105.65141	-103.98824	1383.43213	-4.28770	-247.56404	1429.30115	309.55911	-12.51665	1342.08472	108.78941	-164.56633	1252.79187	225.74380	-40.48233	1434.39343	268.79001	-273.52219	1132.20557	505.22781	118.19247	1038.83655	141.78174	-264.01883	909.29651	577.65808	130.16829	789.11530	115.19981	-170.73679	1025.59851	366.42960	-73.85246	998.27032	280.69031	49.29774	998.50610	526.67566	-201.82629	483.17075	529.75232	99.09030	550.55609	323.08231	-229.25520	132.07523	503.78452	55.37711	115.08943	333.94284	
649	6.480	-206.03249	1270.28967	7.98275	-202.63506	1568.62732	87.35647	-304.70450	1429.69397	106.87518	-105.88261	1383.74353	-4.44974	-247.50604	1429.11279	310.49103	-12.68050	1342.51575	109.01812	-164.43834	1252.79529	225.87352	-40.88744	1434.62976	269.29248	-273.22147	1131.05713	505.00284	118.38322	1039.51697	143.82532	-264.80359	908.30725	577.33160	131.67853	789.48547	119.46485	-170.81772	1025.68408	366.38492	-74.08826	998.37872	280.54135	49.28476	997.35779	525.23547	-202.35228	482.90134	529.81543	98.62713	550.29053	322.71036	-229.22035	131.75323	503.59229	55.27736	115.42053	334.13824	
650	6.490	-207.61812	1270.07715	9.27695	-203.66016	1568.84924	88.30415	-305.83209	1430.12085	108.59578	-107.73591	1383.89294	-4.37341	-247.00555	1429.04321	311.68790	-13.27597	1343.04163	109.11929	-164.64194	1253.11938	226.33679	-41.18239	1434.86597	270.02805	-273.49359	1130.88977	505.13205	118.52804	1039.53381	146.17845	-264.74960	907.42371	575.67163	133.51936	789.50946	123.57022	-170.86530	1025.73083	366.42319	-74.45417	998.55872	280.31085	49.49361	997.36493	524.85760	-202.75587	482.83267	529.97375	97.71285	550.32965	322.10416	-229.22096	131.67461	503.63971	55.10981	115.12923	333.72031	
651	6.500	-209.60513	1270.47473	10.28313	-204.57645	1568.77966	88.86549	-306.82712	1430.23401	109.90423	-109.10184	1383.72046	-3.90845	-246.98343	1428.90259	312.95197	-14.44046	1341.30530	112.70543	-164.77293	1253.19019	226.68074	-41.35236	1435.12659	270.76993	-273.38272	1130.19397	504.95544	118.47145	1039.95313	147.92430	-264.83047	906.82599	574.41632	135.10970	790.00006	127.02003	-171.05086	1025.91821	366.68463	-74.91868	998.76025	280.01675	49.83806	997.53802	524.47461	-203.13022	482.87051	530.09296	96.94117	549.91309	321.32108	-229.23070	131.66650	503.63593	55.07210	114.51792	333.49374	
652	6.510	-211.45322	1270.54248	11.66272	-206.13669	1569.23108	90.08668	-307.73352	1430.70129	112.06967	-111.15004	1383.72473	-2.77193	-246.68103	1428.52209	313.72806	-13.95592	1344.17615	109.22632	-161.10619	1252.93774	228.99403	-41.55711	1435.23608	271.23328	-272.73755	1129.34705	504.70859	118.66823	1040.75500	150.03682	-265.10083	906.43140	573.83685	136.41069	790.00824	130.65482	-171.33026	1026.09937	367.26929	-75.39387	998.95367	279.71521	50.81911	997.36841	524.38733	-203.64589	482.95718	530.69006	97.14011	549.58417	319.90649	-229.21407	131.64574	503.63794	55.22154	114.37467	333.04132	
653	6.520	-213.84647	1269.75024	13.14396	-207.05234	1569.33301	90.66125	-307.12045	1430.16064	113.81662	-112.45677	1384.01038	-2.77391	-246.81406	1428.78003	314.40250	-14.43014	1344.52515	109.60719	-161.20532	1253.15332	229.41286	-41.57967	1435.43323	271.44427	-272.75983	1129.27820	504.88242	117.70999	1041.00696	152.14526	-264.91766	905.46619	572.36194	137.76659	790.13379	134.27164	-171.37845	1026.16150	367.49588	-75.86473	998.83887	280.09164	50.99007	997.48285	524.16516	-203.86841	483.01993	531.20911	96.33958	549.14996	319.36783	-229.21663	131.67052	503.63113	55.21928	114.30894	332.46243	
654	6.530	-215.50282	1270.76721	15.14104	-208.37422	1569.48645	92.02105	-310.25592	1430.96631	116.07559	-115.54145	1384.04895	-2.65349	-247.14131	1429.04492	314.97025	-15.29802	1342.48914	113.59126	-160.73013	1253.09937	229.66560	-41.57249	1435.61389	271.69998	-272.39362	1128.80005	504.98557	118.09906	1041.75378	153.03094	-264.50464	905.08850	571.44128	138.45313	790.76422	137.89812	-171.78049	1026.14722	368.14841	-76.42662	999.09650	279.73651	51.33565	996.71423	524.01117	-203.76695	482.73032	532.02783	94.25195	549.09088	318.65588	-229.20204	131.67166	503.66708	54.85559	113.71152	331.15085	
655	6.540	-217.96947	1270.43201	16.37616	-209.61421	1569.70654	93.11489	-311.32285	1431.40906	118.56893	-118.14236	1383.48364	-1.34905	-247.17075	1428.92151	315.90118	-15.56615	1343.19910	113.46858	-160.22203	1253.00598	229.94580	-41.48082	1435.80127	272.10492	-271.80908	1128.17017	505.26187	118.30504	1042.93579	153.96698	-263.99188	905.04633	570.96613	139.38576	790.86615	141.04720	-171.83116	1026.20435	368.35199	-76.97424	999.05121	279.86533	51.98219	996.44287	523.11530	-204.54552	483.04681	532.66486	93.09288	548.94873	316.98700	-229.21164	131.67337	503.63208	54.76566	113.19172	330.77631	
656	6.550	-220.58200	1270.51550	18.69947	-211.21715	1569.78064	94.38172	-312.39893	1431.50183	121.13656	-120.90000	1382.18164	-0.07121	-246.34927	1429.14502	317.62122	-15.81887	1343.68628	113.31017	-159.86867	1253.23755	230.30330	-41.28546	1436.06482	272.32770	-271.12463	1127.76111	505.43951	119.16346	1043.55078	155.26869	-263.60367	904.86285	570.38452	140.22685	791.22089	144.46413	-171.86760	1026.41797	368.69223	-77.49913	998.53729	280.22702	52.97624	996.30090	522.53729	-204.79982	483.19040	533.19635	93.49481	548.71930	315.93408	-229.20218	131.68301	503.62936	54.68829	113.16067	330.59872	
657	6.560	-223.17949	1270.20313	20.76579	-212.62366	1569.79761	95.40208	-312.34662	1431.16455	124.00593	-123.26236	1382.29492	-2.64056	-246.27649	1429.32666	318.31244	-16.17915	1344.16541	112.25247	-159.35208	1253.23181	230.56346	-41.21463	1436.16785	272.44263	-270.59912	1127.51819	505.80823	119.88185	1044.03052	156.04042	-263.33530	904.43268	569.74573	140.37630	791.57715	147.39990	-171.84196	1026.42908	368.92859	-77.87234	998.43823	280.76804	53.59707	996.27112	522.05444	-204.62296	483.19431	533.59460	92.96030	549.13019	315.07901	-229.19527	131.68350	503.63559	54.69960	113.12123	330.41330	
658	6.570	-226.32571	1270.43384	22.19408	-214.06892	1569.82397	96.66864	-315.06039	1431.94165	126.84213	-126.42627	1381.85388	-1.67920	-246.03659	1429.05823	319.18945	-16.49259	1344.54211	111.81844	-158.79590	1253.10828	230.87621	-41.11203	1436.67554	272.84921	-269.92792	1127.24170	506.25629	120.67374	1044.55103	156.83156	-262.73346	904.00537	568.91956	140.87308	791.92438	150.52498	-171.87274	1026.54944	369.10010				53.62573	996.06195	521.88489	-204.51826	483.18668	533.96625	92.23025	548.46783	314.09280	-229.17531	131.69348	503.64111	54.62122	113.11237	330.25189	
659	6.580	-228.81876	1270.13757	24.67565	-215.19815	1569.83850	97.85942	-314.86624	1431.96130	129.80965	-129.46307	1381.39099	-1.17620	-246.19429	1428.95972	320.30655	-16.81142	1344.58606	112.08630	-158.86366	1253.56006	231.49057	-41.03783	1436.86621	273.10397	-269.23410	1127.08948	506.54703	121.11958	1044.81506	157.10237	-262.09253	903.57129	568.42157	141.34879	792.49847	152.89558	-171.98274	1026.88989	369.56161				53.92900	995.99072	521.26306	-204.13356	482.94543	534.44769	91.43243	548.17889	312.80112	-229.15691	131.69365	503.68118	54.53440	113.09321	329.89438	
660	6.590	-231.89742	1269.73914	27.05154	-216.83574	1569.98718	98.93127	-316.31247	1432.07813	132.50958	-132.99774	1381.55994	-1.55075	-245.03978	1428.52100	321.51971	-17.37961	1344.84375	112.14181	-159.70837	1253.81262	232.48697	-41.09599	1437.05981	273.16791	-268.16104	1126.68835	506.87564	121.76743	1045.49084	158.03522	-261.58685	903.54938	568.30139	141.41205	792.37439	156.13908	-171.96976	1027.10486	369.87979				54.30540	995.69800	520.86127	-204.02060	482.85867	535.04932	90.97672	547.99670	311.57803	-229.14995	131.67249	503.67645	54.21141	113.12995	329.26703	
661	6.600	-234.63341	1269.40967	29.39880	-218.47708	1569.97791	100.34526	-316.91559	1432.26843	135.00728	-135.59694	1381.05066	1.45513	-245.18275	1428.75781	322.37427	-17.89208	1347.16980	109.28813	-159.74098	1254.28223	233.40762	-41.18194	1437.23755	273.26944	-267.11310	1126.35095	507.47092	122.46591	1045.68774	158.23857	-260.53943	902.90698	568.52551	141.30058	793.01770	158.18410	-171.84799	1027.26282	370.17004	-78.35635	998.71448	281.84387	54.50060	995.76123	520.72198	-203.72133	482.15170	536.83148	90.79252	548.26270	310.67975	-229.14134	131.65486	503.69412	54.13506	112.78946	328.70688	
662	6.610	-238.87708	1269.01245	31.31069	-219.66006	1569.97986	101.55748	-318.33676	1432.88770	137.87946	-138.73299	1380.42310	1.02766	-244.57515	1428.46790	323.53189	-18.57211	1345.01270	112.00782	-159.49652	1254.27612	234.10654	-41.20347	1437.28894	273.32227	-265.88126	1126.01404	508.05341	122.57035	1046.16162	158.52617	-259.75827	902.93481	568.87646	140.96909	793.45471	159.76437	-171.76639	1027.42468	370.24573				54.80804	995.24609	520.82916	-203.65369	482.10040	537.19812	90.06523	548.31012	308.87061	-229.12650	131.61554	503.73074	54.13424	112.39796	327.42950	
663	6.620	-241.30841	1268.84827	32.98821	-221.22827	1569.85205	102.83695	-319.66397	1433.06396	140.70425	-142.00705	1380.97217	3.02233	-244.95313	1428.69287	324.54666	-19.19934	1344.96362	112.51810	-158.90263	1254.00806	234.47906	-41.34270	1437.34875	273.56580	-265.30798	1126.28638	509.05225	123.05500	1046.95288	158.99521	-258.81216	902.85352	568.93427	140.78047	793.97479	161.24458	-171.56499	1027.51941	370.27191				54.84124	995.30920	520.69275	-203.39377	482.35214	537.52826	89.76565	548.09412	308.23068	-229.20528	131.53615	503.82184	54.20362	112.32684	327.06213	
664	6.630	-243.55998	1268.74805	34.54409	-222.90054	1569.95703	103.81469	-321.02023	1433.00562	143.65489	-144.64984	1380.53003	3.38966	-245.10909	1428.89343	325.78690	-20.09735	1345.15967	113.20978	-158.81639	1254.03430	235.08986	-41.50982	1437.32690	273.72922	-264.13437	1126.04639	509.94666	123.45535	1047.26147	157.36302	-258.03781	902.60992	569.58643	140.51413	794.26111	162.40807	-171.37334	1027.63086	370.36090	-77.92086	999.13293	281.06244	54.80774	995.18549	520.86749	-203.21194	482.39334	537.71259	89.63626	547.75439	306.89243	-229.18321	131.51183	503.86688	54.01561	112.27856	325.54999	
665	6.640	-246.09125	1268.26282	37.12828	-224.46030	1570.13330	105.20525	-322.25745	1433.27625	146.11504	-147.58742	1380.30518	4.67313	-244.46671	1428.54602	326.89722	-21.12277	1346.27942	113.04648	-160.28299	1254.41895	236.29544	-41.74478	1437.33264	274.05472	-263.20880	1126.04395	511.19418	123.38311	1047.47754	157.24181	-257.10989	902.59241	570.74683	139.75650	794.21997	163.80196	-171.02235	1027.61963	370.43033	-77.79157	999.55792	280.08035	55.25732	994.67255	520.94611	-202.87575	482.34943	537.86707	89.56603	547.70361	306.54242	-229.17140	131.50842	503.90869	53.92493	112.30288	325.23846	
666	6.650	-248.59822	1268.34509	39.35540	-226.11125	1569.97583	106.55373	-323.53659	1432.99817	148.45966	-150.65337	1380.05225	5.13739	-244.70404	1428.81592	328.24353	-21.95461	1346.35242	112.94063	-160.60687	1254.68250	237.06738	-42.11276	1437.33142	274.52603	-262.07141	1125.81360	512.19757	122.60670	1047.58984	156.13637	-255.90608	902.49359	571.56036	139.05241	794.59998	165.14316	-170.67450	1027.65601	370.54092	-77.64722	1000.03107	278.98541	55.25476	994.64563	520.96167	-202.66861	482.82996	537.05005	89.30898	547.87030	305.25488	-229.15553	131.46362	503.93716	53.81706	112.23013	324.32147	
667	6.660	-251.02124	1268.21643	41.22589	-227.68352	1569.79907	108.29895	-324.53317	1432.94836	150.85422	-152.78824	1379.02014	5.00207	-244.90205	1428.53662	329.17407	-22.97535	1346.80164	112.34801	-160.21216	1254.40503	237.34320	-42.39965	1437.47351	274.71335	-260.98032	1125.55811	513.22644	122.24203	1048.06592	155.93349	-254.72256	902.44989	572.76508	137.86664	794.95660	166.13063	-170.12984	1027.84106	370.31302	-77.47882	999.95416	279.09186	55.50273	994.31696	520.80591	-202.47084	482.74976	537.08673	89.34659	547.79901	304.97687	-229.16589	131.42943	503.95724	53.84097	112.08430	323.55045	
668	6.670	-253.58598	1267.96411	43.28847	-229.39613	1569.65100	109.51534	-326.27213	1433.50488	153.91887	-156.07162	1379.21338	7.16943	-245.06688	1428.32434	330.44388	-23.78070	1346.75183	113.00404	-160.67470	1254.15674	237.88043	-42.73886	1437.42334	275.16455	-260.05661	1125.55286	514.88898	121.35230	1048.38953	155.28036	-253.81598	902.28882	574.24988	136.48955	795.27087	166.47443	-169.90196	1027.84875	370.47852	-77.37033	999.94019	279.16235	55.54922	994.06989	520.69519	-202.00977	482.54865	537.06702	89.37705	547.71881	304.41464	-229.17049	131.41202	503.95798	53.70153	112.03498	323.24362	
669	6.680	-255.92490	1267.77429	45.18414	-231.00545	1569.43188	110.96378	-327.54413	1433.16333	156.45837	-158.27831	1378.38416	7.06405	-245.17497	1428.21948	331.70074	-24.82024	1347.33130	112.87864	-160.88747	1253.99231	238.29517	-42.96249	1437.44470	275.39679	-259.12418	1125.17383	516.16833	120.50375	1048.62927	155.07756	-253.22379	902.40668	575.96252	134.92432	795.70160	167.07858	-169.62447	1027.83130	370.63538	-77.28333	999.88867	279.21671	56.15419	994.07446	520.21667	-201.64908	482.12082	536.77264	89.18526	547.84100	304.11810	-229.13490	131.37671	504.01782	53.76004	112.42780	321.24106	
670	6.690	-258.01096	1267.28833	47.56020	-232.30766	1569.23950	111.77290	-328.31735	1433.05579	159.02641	-161.12071	1378.49023	9.17972	-245.43538	1428.12061	333.17996	-25.70718	1347.32068	113.60612	-161.87317	1254.67310	239.08882	-43.21834	1437.45068	275.72052	-258.48300	1125.06470	517.37537	119.19941	1048.91064	154.13640	-252.15981	902.32050	577.28564	133.15427	795.85840	167.21123	-169.35356	1027.71191	370.86005	-77.26836	999.87878	279.22601	56.56007	994.04346	520.19244	-201.17357	481.83255	536.39496	89.56430	548.03204	304.02216	-229.11926	131.31577	504.07199	53.87846	112.01816	320.29996	
671	6.700	-261.48218	1266.62793	49.22421	-234.01942	1569.14258	113.50656	-329.39102	1432.99536	161.09300	-164.00261	1377.80981	8.95677	-245.57185	1427.84973	333.98907	-26.58364	1347.53479	114.15038	-161.55772	1254.40747	239.32190	-43.74105	1437.49609	276.14957	-257.35504	1124.64246	518.87213	118.10306	1049.26196	154.30830	-250.56952	901.27917	579.06903	131.18695	796.34808	167.33295	-169.41151	1027.76123	371.59341	-77.25860	999.92188	279.23474	56.94132	993.75574	519.04834	-200.80170	481.86002	536.39923	89.93784	548.29517	303.57388	-229.07608	131.26892	504.14655	53.77750	111.70823	319.31265	
672	6.710	-262.66586	1265.79272	51.39322	-235.56239	1568.69519	114.32523	-330.61264	1432.77930	163.47069	-166.33211	1377.89722	10.91015	-246.27043	1427.86157	335.33871	-27.02798	1350.58313	110.69174	-162.28516	1254.56177	239.99634	-44.00500	1437.56970	276.29636	-256.22986	1123.98840	520.08185	116.80186	1049.28076	154.07343	-249.74347	901.20258	581.14685	129.25105	796.06824	167.80461	-169.22995	1027.69934	371.88638	-77.40047	999.94446	279.14279	57.70736	993.53613	518.89484	-200.43942	481.86578	536.30182	90.30020	548.41418	303.30869	-229.13373	131.02271	504.14221	53.74084	111.91864	318.06879	
673	6.720	-264.41895	1265.55542	53.61219	-237.29988	1568.85815	115.93382	-331.64185	1433.09656	166.08420	-168.87532	1377.55542	12.33195	-246.48015	1427.90833	336.30664	-28.64146	1347.91602	115.15978	-163.32652	1254.42981	240.80414	-44.38787	1437.51392	276.59415	-255.54750	1123.58362	521.60321	115.67679	1049.71338	153.11278	-248.96008	901.44446	582.97742	127.47442	796.67084	167.73758	-168.96675	1027.54871	372.17908	-77.57070	1000.03088	279.03564	59.14636	993.62488	518.73083	-199.84314	481.87735	536.10773	90.15278	547.79211	303.25983	-229.12001	130.95784	504.21976	53.65288	111.61370	316.61414	
674	6.730	-266.73157	1265.15308	55.52892	-238.89476	1568.46741	117.17845	-333.35764	1432.86914	168.49883	-171.06406	1377.16382	12.43404	-246.64082	1427.58484	337.36942	-29.66501	1348.56860	114.17828	-161.99596	1254.38660	241.77078	-44.90042	1437.48535	276.88980	-254.82231	1123.38367	523.03516	114.81651	1049.84387	152.79340	-248.02214	900.98096	584.47015	124.98100	796.43823	169.49969	-168.76157	1027.63757	372.63437	-77.67601	999.60065	280.15860	59.48396	993.33124	518.21405	-199.40215	481.77753	536.07489	90.46999	547.93188	303.11935	-229.12584	130.92316	504.26660	53.69208	111.30341	316.05673	
675	6.740	-268.25171	1264.53882	57.06382	-240.83580	1568.51941	118.72141	-333.76050	1432.16394	170.53168	-174.02914	1376.74268	12.97619	-247.23903	1427.38428	338.36221	-29.46614	1349.27551	110.63498	-163.54556	1254.61414	243.03899	-45.28341	1437.58142	277.28381	-254.65695	1123.44617	524.15039	113.84793	1050.04297	152.60425	-246.48047	900.47131	585.90845	122.93834	796.61536	169.52489	-168.67761	1027.46704	373.05606	-77.90340	999.72827	280.01605	60.02145	993.28925	518.05914	-198.35133	481.49799	536.04144	89.36342	547.88336	303.10110	-229.31636	130.82091	504.35098	53.04945	111.56142	314.33875	
676	6.750	-269.84613	1263.80798	59.23751	-242.22150	1568.10388	119.62390	-334.86014	1432.14075	172.96800	-176.53619	1376.70093	14.53738	-246.95122	1427.12500	339.45096	-30.12432	1349.59253	111.15488	-164.84695	1254.48059	243.85054	-45.70030	1437.56421	277.58475	-254.05127	1123.03699	525.66541	112.54409	1050.31970	152.49870	-245.38594	900.33527	588.21191	121.31789	796.56812	169.76917	-168.48436	1027.37061	373.41489				61.47910	993.43915	517.35980	-197.51677	481.33215	535.69116	89.52642	547.76740	303.06232	-229.29855	130.79120	504.41275	53.31292	111.60722	313.61383	
677	6.760	-271.84372	1263.84045	60.79362	-243.99019	1567.82129	120.73288	-336.26291	1432.04565	175.29214	-178.88351	1376.05615	15.00184	-247.25626	1426.66602	340.50858	-31.69220	1348.95825	111.70926	-166.07709	1254.83789	244.78609	-46.17194	1437.65466	277.66064	-253.79179	1122.98853	526.65863	111.10594	1050.87500	153.06546	-244.42427	899.93799	590.35632	119.86016	798.02570	167.16212	-168.31300	1027.24158	373.78784				62.78362	993.76373	516.77026	-197.16507	481.29126	535.75830	89.55416	547.85254	302.86798	-229.31276	130.78122	504.39951	53.16520	112.19118	311.92902	
678	6.770	-274.16040	1263.00928	62.91949	-245.40681	1567.64209	121.69402	-337.07663	1431.75378	177.41212	-181.17853	1375.56018	16.11172	-247.63036	1426.47168	341.38522	-32.62877	1349.39441	112.17838	-167.82324	1254.69080	246.23431	-46.73410	1437.88000	277.75250	-253.24525	1122.62073	528.06586	110.32896	1051.13159	153.28233	-242.87474	899.35547	591.73395	118.17313	798.67389	167.04610	-168.27936	1027.13464	374.45105	-78.68869	999.80872	281.59119	63.15008	993.55518	516.58612	-197.43452	481.35553	535.98615	89.57058	547.81287	302.85535	-229.31488	130.77536	504.41589	53.54739	112.41814	311.03134	
679	6.780	-276.96124	1263.10791	64.87361	-247.35992	1567.41345	123.04177	-338.41660	1431.34912	179.61642	-183.80212	1375.11011	16.71900	-248.03029	1426.28235	342.23639	-33.73458	1349.08179	112.49889	-167.04639	1255.29407	244.93500	-47.20231	1437.80432	278.01984	-252.55766	1122.20520	528.99963	109.26053	1050.91870	153.62349	-241.62947	898.78687	593.14600	116.59840	798.98175	166.92944	-168.09717	1027.15540	375.02182	-79.07578	999.62665	281.77719	64.37169	993.23450	515.83405	-196.86090	481.16864	536.18903	89.46194	547.68372	302.90424	-229.28014	130.76390	504.43985	53.02050	111.95611	310.11716	
680	6.790	-277.82562	1262.67920	66.67874	-248.98096	1567.13904	124.21530	-339.07394	1430.90332	181.70477	-186.14821	1374.74744	17.58250	-248.02220	1426.22754	342.85336	-35.55148	1349.11096	112.90382	-167.64410	1255.13599	245.42555	-47.72992	1437.81616	278.10376	-251.72656	1122.12195	530.21033	108.64183	1050.87122	154.00276	-239.90782	898.89111	594.57660	114.94923	799.09442	166.45882	-168.28868	1027.20227	375.78711	-79.42027	999.58490	282.18982	65.44185	993.28522	514.71649	-196.42372	481.22015	536.33838	89.22603	547.72955	302.71597	-229.06844	130.86884	504.37430	52.75109	112.44408	309.20261	
681	6.800	-279.59143	1262.20374	68.82034	-250.19400	1566.52283	125.07541	-340.22528	1431.00989	183.43674	-188.61342	1374.03296	18.11433	-247.66792	1425.67542	344.67798	-36.47651	1348.73730	113.50082	-168.25055	1255.04077	245.92224	-48.32816	1437.81201	278.15012	-250.62222	1121.98450	531.21869	107.83189	1050.89893	154.41747	-238.94405	898.81506	596.11914	113.25082	799.74164	166.33340	-168.40956	1027.26965	376.64627	-79.78786	999.42267	282.37564	66.35392	993.07611	514.40656	-195.64751	481.55588	536.32471	89.04234	547.13367	301.96255	-229.25981	130.81374	504.43967	52.77695	112.58321	307.21701	
682	6.810	-281.01367	1262.20410	69.97634	-252.13666	1566.35718	126.16965	-341.71539	1430.74023	185.47520	-190.99220	1373.67163	19.26218	-247.92896	1425.59302	345.47806	-37.73149	1348.71875	113.64912	-168.77274	1254.91699	246.52032	-49.12334	1437.73877	278.14343	-250.07521	1121.81934	532.21375	107.04569	1050.96948	154.83028	-237.05940	898.18060	597.70367	111.77573	800.05548	166.12335	-168.27902	1027.34766	377.17465	-80.28763	999.61218	282.05682	67.33217	992.96387	513.55341	-194.67998	481.64423	536.57135	88.96279	547.06830	301.94202	-228.91306	131.11018	504.45157	52.69233	112.29510	306.86679	
683	6.820	-284.24628	1262.62463	71.86258	-253.55034	1566.05237	126.94047	-342.39536	1430.53735	187.06792	-193.49478	1373.24792	20.21429	-248.18146	1425.53552	346.31750	-39.40371	1348.15527	114.31660	-169.34970	1254.81982	247.15561	-49.55264	1437.59082	278.06448	-249.42662	1121.86157	533.25226	105.99607	1050.92566	155.25826	-235.82771	898.39465	598.77362	109.94205	799.99768	167.97394	-168.08678	1027.37524	377.77979	-80.77518	999.82111	281.74710	67.86611	992.97357	512.93188	-193.79047	481.78799	536.92621	88.96282	547.19507	301.07211	-228.87689	131.14973	504.43417	52.69578	112.20300	306.80417	
684	6.830	-286.11725	1262.07788	73.43170	-255.24934	1565.71484	127.80497	-343.83649	1430.49011	188.94670	-195.65065	1372.62683	20.80739	-248.62910	1425.42786	347.03430	-40.72643	1348.20215	113.90922	-169.97269	1254.69006	247.81209	-50.13195	1437.60449	278.31851	-249.21785	1122.07068	534.07446	105.34507	1051.06335	155.01811	-234.14648	897.99164	600.65454	108.46287	800.11359	167.63962	-167.97467	1027.35120	378.19623	-81.19241	999.74561	282.12375	68.35173	992.94049	512.01080	-192.94812	481.73978	537.45923	89.05782	547.42145	300.15573	-228.62149	131.30635	504.64151	52.78502	112.66077	306.24301	
685	6.840	-288.01251	1261.41809	75.02699	-257.00833	1565.37097	128.94157	-344.89377	1429.51331	190.45302	-197.73856	1372.16248	21.87839	-249.02254	1424.88672	347.78870	-42.32653	1348.46838	113.38806	-170.54732	1254.53210	248.35664	-50.84141	1437.52258	278.36435	-246.98189	1121.07715	535.05286	104.63638	1051.26526	154.99873	-232.27104	897.58868	601.68634	107.50820	801.40582	164.73157	-167.87680	1027.16943	378.88461	-81.64107	999.62836	282.45129	69.22818	993.42340	511.46738	-192.32997	481.78989	538.04993	88.28802	547.59076	298.86725	-228.56100	131.40140	504.59509	52.76049	112.62103	305.77942	
686	6.850	-289.12866	1260.72388	76.47574	-258.65457	1565.03882	129.69463	-346.05084	1429.24854	192.22220	-199.87346	1371.60095	22.83038	-248.66875	1424.63428	349.88312	-43.86815	1348.01343	113.56896	-171.10429	1254.28955	248.96529	-51.36115	1437.34106	278.02673	-246.87839	1121.77808	536.23090	103.97994	1051.37329	154.32841	-230.73189	897.45978	602.78784	106.72899	801.32581	164.30498	-167.89410	1027.07837	379.54663	-82.10110	999.82001	282.15854	70.35060	993.46552	511.11008	-191.78284	481.81116	538.42719	88.16560	547.48926	297.55017	-228.16368	131.40999	504.46399	52.60868	112.67297	305.23087	
687	6.860	-290.86380	1260.29553	77.91979	-259.91776	1564.33899	130.26561	-346.91278	1428.87927	193.39566	-202.29285	1370.93774	23.16714	-248.56566	1424.18286	350.72678	-44.98157	1347.56299	113.89268	-171.73933	1254.04102	249.61646	-52.18372	1437.15576	277.76953	-245.88107	1121.60999	537.08368	103.29826	1050.92419	153.48050	-228.80342	897.31152	603.95343	104.59037	800.71539	165.78543	-167.95789	1027.24475	380.21249	-82.58207	999.97919	281.85025	71.18463	993.38464	510.20901	-190.66940	481.79565	538.77948	87.97254	547.40204	297.19595	-228.07930	131.52689	504.40527	52.75993	112.49844	304.61508	
688	6.870	-292.33453	1259.72083	79.15516	-261.85947	1564.41138	131.33424	-348.40356	1428.53381	195.01903	-204.31349	1370.82288	24.12482	-249.31522	1424.06470	351.99600	-47.01793	1347.54285	112.70312	-172.33478	1253.88293	250.26170	-52.66925	1436.96399	277.41641	-244.41051	1121.39307	538.19385	102.45033	1051.17212	152.78854	-227.06984	897.54102	604.72125	104.83562	802.20105	161.74599	-168.10657	1027.34644	381.30005	-83.05120	999.74475	282.03116	71.66801	993.57233	509.59735	-188.42365	481.87778	539.45276	87.77710	547.63324	296.03699	-227.58084	131.65881	504.09067	53.16823	112.59323	304.70209	
689	6.880	-294.14502	1259.37061	80.62953	-263.55133	1563.87244	131.96660	-349.28781	1428.43433	196.47285	-206.47360	1370.49121	24.69179	-249.00246	1423.77795	352.55359	-48.28927	1347.45508	112.15766	-173.01508	1253.74060	250.85754	-53.57721	1436.92859	277.14847	-242.99287	1121.52185	539.21490	101.86624	1050.86768	152.38434	-225.13193	897.32245	605.65497	102.36033	801.64856	161.33043	-167.90121	1027.20398	381.73187	-83.54008	998.61365	283.77151	72.79368	993.77490	509.02100	-187.16432	481.57208	539.92017	88.19945	547.71075	294.87320	-227.40714	131.87312	504.07785	52.90602	112.34378	303.56525	
690	6.890	-295.78174	1258.66541	81.72978	-265.01511	1563.35254	132.33849	-350.30002	1427.33362	197.51067	-208.24020	1369.83008	25.23685	-249.37617	1423.67395	353.75156	-49.89936	1346.94299	112.46917	-173.68295	1253.58801	251.53955	-54.14859	1436.75720	276.81659	-240.09135	1120.65698	540.20282	100.66999	1051.03186	151.30376	-223.47310	897.13800	606.48840	101.14140	802.06207	160.61787	-168.04245	1027.29285	382.49963	-83.81812	998.65497	284.24005	73.06544	993.78815	508.88290	-185.51521	481.42502	540.26758	88.32490	547.63403	294.19406	-227.30049	132.29758	503.97858	53.33934	112.74029	301.94684	
691	6.900	-296.98352	1258.17065	82.40905	-266.81274	1562.98718	133.29500	-351.65967	1427.29102	199.20583	-210.28279	1369.51526	26.03095	-249.54535	1423.39722	354.67130	-52.14005	1346.84558	111.81483	-174.28580	1253.34326	252.22708	-54.99973	1436.84729	276.55737	-240.47015	1121.20740	541.23169	99.58127	1051.15967	150.65475	-221.16490	897.29413	607.22345	99.15927	800.88623	161.74770	-168.07880	1027.14478	383.12967	-84.35722	998.47321	284.46738	73.95091	994.19116	508.16922	-184.82492	481.41528	540.51459	88.17369	547.66644	293.42300	-226.73065	132.94041	503.76480	53.47758	112.85314	301.81448	
692	6.910	-299.47537	1258.96240	84.14413	-268.50278	1562.36572	133.96851	-352.77188	1426.94348	200.23378	-212.66519	1369.30566	25.83969	-249.74149	1423.33667	355.52222	-53.66942	1347.09009	111.19150	-174.92081	1253.15588	252.84535	-55.58904	1436.35437	276.24011	-237.92393	1120.78943	542.29791	98.10582	1050.57825	149.56717	-218.72400	897.09680	607.50507	97.42125	801.35199	161.04306	-167.85806	1026.97729	383.59195	-84.76530	998.54102	284.20175	74.97612	994.42078	507.50436	-184.32202	482.00629	541.40662	87.82951	548.26129	291.95523	-226.44717	133.41173	503.80554	53.50862	112.92665	301.59460	
693	6.920	-300.92810	1258.40564	85.11684	-270.29453	1562.08545	134.48419	-354.10312	1426.36194	201.36949	-214.39038	1368.86304	26.60490	-249.81960	1423.40076	356.40192	-54.98618	1346.60193	111.69749	-175.59865	1252.93616	253.51978	-56.59488	1436.66748	275.86087	-236.18172	1120.80225	543.12946	96.70947	1050.88440	148.48465	-216.89297	897.16498	608.70233	95.81754	800.91083	159.83983	-167.91037	1027.00427	384.03683	-86.77509	998.08154	282.69333	75.81196	994.68372	507.06058	-183.38640	481.99329	541.75098	87.69957	547.84509	291.36844	-225.62212	133.75980	503.51514	53.53737	112.71111	301.71713	
694	6.930	-302.69843	1258.25842	86.54863	-271.71838	1561.73779	135.25954	-354.89087	1426.17493	202.43649	-216.35832	1368.08850	27.10180	-250.03513	1422.98987	357.01685	-57.10211	1346.48962	110.51742	-176.31093	1252.75586	254.04208	-57.30251	1436.27808	275.53430	-234.93219	1120.79089	544.03772	95.27005	1050.43457	147.49446	-214.34583	897.12683	608.69464	95.21978	801.37537	156.50432	-168.99104	1027.42932	384.69547	-87.06195	998.06262	282.63638	76.13544	995.00714	506.64917	-182.51505	482.23557	542.32867	87.66300	547.59979	290.61285	-225.09131	134.18968	503.38864	53.58611	112.44025	301.22134	
695	6.940	-304.20303	1257.42639	87.65007	-273.64618	1561.35461	135.96178	-356.49136	1425.35071	203.67714	-218.12875	1367.62012	27.81600	-250.03880	1422.80713	357.88541	-58.61181	1345.86963	110.85801	-177.07925	1252.63977	254.53479	-58.02053	1436.18042	275.00302	-234.10149	1121.07739	544.98199	93.48497	1049.94104	146.08290	-211.57889	896.81989	608.12189	93.30257	800.85815	154.81419	-167.49889	1026.88257	385.53375	-90.00188	998.02997	282.69342	76.37257	995.23163	506.19284	-181.21605	482.39450	542.67725	87.32482	547.73950	290.15842	-224.40054	134.76428	503.31671	53.97446	112.50375	301.13571	
696	6.950	-305.36108	1257.10852	87.98930	-275.13971	1560.93604	136.43808	-357.61267	1424.52795	204.67311	-220.01845	1367.36743	28.15967	-249.77150	1422.13501	358.60922	-60.47636	1346.02502	110.62221	-177.85635	1252.48352	255.03227	-58.50392	1436.00562	274.66452	-234.63870	1121.92200	545.67413	92.27411	1049.84290	145.27541	-209.66963	896.71075	608.87335	90.69691	799.88037	155.53532	-167.27090	1026.97595	386.11884	-87.72913	997.54755	283.32828	77.49947	995.85059	505.04739	-180.15154	482.85953	543.43671	87.06827	547.94672	289.18719	-224.07832	135.36142	503.15076	54.14907	112.31897	301.13855	
697	6.960	-307.08932	1257.80603	87.71383	-276.95627	1560.38892	137.09198	-358.70520	1424.52698	206.01785	-221.88109	1367.24609	28.04679	-250.15262	1422.00171	359.22366	-62.40942	1345.80225	109.34220	-178.65817	1252.24438	255.44598	-59.35963	1435.82202	273.95743	-233.57512	1122.02136	546.46765	90.12650	1049.55847	143.60844	-207.06386	897.07788	609.50885	88.47136	799.58771	154.47432	-166.91957	1026.79834	386.51303	-88.32224	997.26837	283.81329	78.18705	995.44183	504.50891	-179.62555	483.07596	543.85632	86.75739	547.99854	288.52155	-223.43056	136.14417	503.25830	54.15865	112.39095	300.98654	
698	6.970	-308.50015	1257.25708	89.19790	-278.33737	1560.09106	137.69780	-359.35165	1423.68530	206.71460	-223.82399	1366.81128	28.59826	-251.18785	1422.51099	359.73035	-63.70440	1345.22327	109.81574	-179.49266	1251.94666	255.88931	-60.56562	1435.75244	273.25284	-232.50131	1121.75134	547.15289	88.21109	1049.52722	142.32603	-204.84464	896.86218	610.12189	87.24751	800.14124	150.74638	-166.91357	1026.48718	387.33566	-88.72644	996.67438	284.02338	78.75338	995.47839	504.23950	-179.25761	483.62360	545.00354	86.28938	548.12476	288.18597	-222.06142	136.31354	502.94778	54.00855	111.61766	300.72528	
699	6.980	-309.95023	1255.44995	90.96931	-280.19745	1559.58142	138.21425	-360.53915	1423.30383	207.60426	-225.91553	1366.09009	29.82726	-251.73117	1422.25891	360.30798	-65.66530	1345.08350	109.61417	-180.37999	1251.73889	256.27505	-60.94139	1435.52063	272.93817	-231.44623	1122.04102	547.84863	86.40833	1048.57861	140.98810	-202.99113	896.62299	610.99200	85.04829	799.27460	148.93524	-166.11186	1026.08557	387.78134	-89.04535	996.48230	284.44330	79.28896	995.57227	503.63867	-178.53745	484.58630	545.47876	85.82926	547.92566	287.59241	-221.73335	137.31886	503.23141	53.92823	111.77956	300.32968	
700	6.990	-311.22479	1254.97412	91.46841	-281.49500	1558.91516	138.37697	-361.95435	1423.32898	208.76843	-227.56398	1365.78064	30.19123	-251.85481	1422.14050	360.73831	-67.37971	1345.26587	108.41492	-181.30377	1251.60120	256.62262	-61.48056	1435.42041	272.47726	-230.88118	1122.34412	548.67889	84.92010	1048.08105	139.89307	-200.75014	896.26495	611.75787	82.28043	798.10602	149.69203	-165.70375	1026.07849	388.33813	-89.57007	996.53510	284.63748	79.97566	996.18475	502.99295	-177.80716	485.22272	545.68024	85.71851	547.89923	287.58411	-221.04144	137.69098	503.10889	54.02293	111.53996	300.45456	
701	7.000	-312.83826	1254.50146	92.65742	-283.09085	1558.65479	139.08661	-362.60352	1422.21008	209.69661	-229.36447	1365.09937	30.38805	-252.11453	1422.29053	361.36389	-68.83327	1344.21936	108.83038	-182.11263	1251.42969	256.86682	-62.53804	1435.23022	271.99503	-230.33948	1122.45581	549.26111	83.27232	1048.08777	138.83975	-198.70323	896.39423	613.11511	80.30781	798.91797	146.35301	-165.37790	1025.91370	388.63315	-90.10667	996.41473	284.90213	80.26305	995.90692	501.76450	-177.35326	485.69244	545.94098	85.64433	547.86871	287.57446	-219.60454	138.26054	503.24295	52.86843	111.52225	300.40781	
702	7.010	-314.44424	1253.94592	93.46190	-284.56833	1558.12756	139.39085	-363.55066	1421.67554	210.58470	-231.32030	1364.78516	30.21470	-253.75160	1422.33472	359.86963	-70.70580	1343.72046	108.33236	-183.08406	1251.18323	257.14633	-63.24004	1434.99573	271.16968	-229.92734	1122.71130	549.99738	81.05582	1047.29529	137.22287	-196.66420	896.32794	614.06049	77.66321	798.29889	144.94269	-166.00581	1026.23718	389.62375	-90.46146	996.21356	285.11111	80.45375	995.81097	501.11877	-176.47206	485.83774	546.01636	85.58202	547.82898	287.56186	-218.88187	138.83594	503.26767	52.86184	111.46926	300.39026	
703	7.020	-315.92645	1253.40552	94.28924	-286.05365	1557.85461	139.90582	-364.83340	1421.38806	211.58115	-233.43867	1363.96265	31.06719	-253.07957	1422.07849	362.21692	-72.24619	1343.59167	107.21821	-184.05302	1250.87512	257.38406	-63.98865	1434.97156	271.01999	-229.67941	1123.01184	551.07739	79.52743	1046.51147	136.34233	-194.78885	895.99695	615.52600	75.62755	797.81158	143.67567	-166.78476	1026.35571	390.62238	-90.99796	995.88879	285.25119	80.84711	996.06885	500.87912	-175.63252	486.34247	546.57397	85.40507	547.62054	287.45560	-217.67674	139.28690	503.87854	52.67431	111.57903	300.32147	
704	7.030	-317.42896	1252.96729	95.28629	-287.64926	1557.46960	140.39273	-366.48392	1421.04919	212.64255	-235.45326	1363.70691	31.06506	-253.06844	1421.96545	362.38571	-73.45409	1343.05066	107.68279	-185.08086	1250.67419	257.70114	-64.73464	1434.71057	270.31433	-229.45036	1123.15173	552.16711	77.78069	1046.72253	134.87531	-193.12358	895.98682	616.66290	71.79065	797.04297	143.26797	-166.49034	1026.10010	390.95047	-91.77152	996.03168	285.88452	81.70623	996.41431	499.92688	-174.57234	486.60355	546.72717	85.34548	547.57214	287.44022	-216.80800	139.19540	504.25156	52.79216	111.37641	300.36188	
705	7.040	-318.87961	1252.47278	95.94434	-288.91473	1556.73572	140.33992	-367.31964	1420.75232	213.32976	-236.97771	1363.22949	31.62247	-253.62619	1421.82910	363.04062	-75.31466	1342.13513	107.64552	-185.93849	1250.49854	257.94498	-65.56557	1434.57080	269.72842	-227.50406	1122.52795	553.05408	75.65385	1045.57776	134.08290	-191.14740	896.26282	618.95721	70.35429	797.51740	140.48750	-166.72279	1026.16895	391.52042	-92.29669	995.78595	285.99039	82.62660	996.66412	499.12598	-173.55028	486.93451	546.94165	85.17083	547.57068	287.47974	-216.10367	139.27780	504.95767	52.70775	111.54369	300.11700	
706	7.050	-320.19220	1251.84595	96.49039	-290.55795	1556.22095	140.64870	-368.04065	1420.33081	213.75208	-238.65410	1362.52063	32.34589	-254.01906	1421.77441	363.42902	-77.04820	1342.37329	106.39415	-186.91649	1250.22437	258.09305	-66.40215	1434.38037	269.20389	-228.86745	1123.61389	554.30023	74.62210	1045.49048	132.94888	-189.32701	895.94794	620.47931	67.82178	796.77771	139.15327	-166.42284	1025.90454	391.82611	-92.82857	995.59827	286.07846	83.07325	996.85425	498.60965	-172.87360	487.21057	547.02649	85.13355	547.30084	287.27805	-215.01060	139.55843	505.52621	52.77676	111.21399	299.95782	
707	7.060	-321.36893	1251.21423	96.83340	-292.16135	1555.88098	141.36777	-369.52237	1419.89465	215.25427	-240.60289	1362.23340	32.02219	-254.24449	1421.61707	363.71460	-78.30865	1342.32300	106.52019	-187.83800	1249.82275	258.31396	-67.17735	1434.00635	268.77545	-228.67319	1123.82849	555.52319	72.69622	1045.21863	132.04759	-188.08575	896.27484	622.55066	64.11879	796.40833	140.03545	-166.16373	1025.60852	392.13947	-93.53419	995.46600	286.48291	83.48710	996.68671	498.00363	-171.95612	487.06400	547.11731	84.89888	547.31958	287.32410	-213.91484	139.37178	506.50845	52.75858	111.20874	299.95679	
708	7.070	-323.27252	1250.87915	98.25961	-293.68866	1555.48108	141.78253	-370.58606	1419.50842	215.61533	-242.62062	1361.32922	32.58833	-254.53078	1421.22058	363.90433	-79.80374	1341.55286	106.43999	-188.75613	1249.54895	258.52139	-68.02283	1433.80115	268.22940	-228.52191	1124.07361	556.45551	70.92529	1044.34009	131.16818	-186.10640	896.05664	624.04828	62.22897	796.89001	136.70743	-166.33649	1025.44812	392.65628	-93.95679	995.36139	286.52008	83.88570	996.68848	497.40585	-171.08261	487.17764	547.27539	84.65972	547.11774	287.20413	-212.58640	138.99583	507.37527	52.52606	111.23513	299.69025	
709	7.080	-324.61038	1250.30542	98.93245	-294.67926	1555.03284	141.65781	-371.80209	1418.71423	216.14845	-244.36218	1361.05286	33.01062	-255.37415	1421.06702	364.53882	-81.89034	1341.22546	105.74879	-189.65262	1249.24097	258.73929	-68.86749	1433.63147	267.66708	-228.12225	1124.29541	557.71259	69.16344	1043.79944	130.37666	-184.31262	896.38623	625.03455	59.57010	796.36700	135.91507	-166.53879	1025.27734	393.10690	-94.36083	995.21350	286.57114	85.03173	997.37177	496.34763	-170.02394	487.15070	547.78326	84.34000	547.18414	287.12491	-211.76039	138.97900	508.71649	52.52702	111.20792	299.68106	
710	7.090	-325.86505	1249.64502	99.40298	-296.22513	1554.35620	141.95122	-372.42450	1418.30432	216.70215	-245.99911	1360.20813	33.31459	-255.86987	1420.65942	364.68314	-82.86819	1340.92834	105.86440	-190.53082	1248.99475	258.90555	-69.85223	1433.29700	267.33185	-227.81168	1124.48511	558.58136	67.51836	1043.48755	129.67934	-182.81000	896.51239	626.48792	56.44778	796.69153	134.64688	-166.32796	1025.06555	393.36053	-94.99180	995.01953	286.78519	85.13969	997.55255	496.14108	-169.02998	487.39618	548.34143	83.81433	546.79364	287.16046	-211.47064	139.46645	509.93942	52.51264	111.18551	299.67410	
711	7.100	-327.29684	1248.95935	100.14747	-297.75229	1553.83057	142.08275	-373.22482	1418.16553	217.65373	-247.61952	1359.92957	33.83114	-256.43948	1420.34607	365.11252	-84.58313	1340.87891	105.38249	-191.38646	1248.70471	259.00989	-70.91216	1433.19824	266.91556	-227.07549	1124.68481	559.29608	66.18058	1043.33215	129.10797	-180.52843	896.10736	627.41711	53.32476	795.88098	133.71642	-166.83292	1025.36560	394.09088	-95.66047	994.92090	286.96829	85.15388	997.58765	495.45273	-168.06310	487.60568	548.73730	82.88304	546.55322	286.85101	-210.52299	139.30167	510.79776	52.71391	110.98064	299.73386	
712	7.110	-328.84348	1248.56018	101.20294	-299.06616	1553.31311	142.25162	-374.63593	1417.50513	218.16553	-249.50438	1358.82141	33.86986	-257.11356	1420.23022	365.54706	-86.43284	1340.43787	104.93211	-192.25249	1248.39026	259.20248	-71.55524	1432.93884	266.54956	-226.48222	1124.74268	560.32324	64.50908	1043.56458	128.73808	-179.57220	896.82593	628.64349	51.51626	797.35284	132.13652	-167.48405	1025.47742	394.78131	-96.17947	994.74536	286.95670	85.48714	997.55768	494.22137	-166.84276	487.39764	549.04474	82.11198	546.52246	286.74890	-209.50652	138.65598	511.64612	52.53450	111.15546	299.66312	
713	7.120	-329.98389	1247.73987	101.63073	-300.80579	1553.00977	142.60475	-376.04300	1416.94531	218.77252	-251.03343	1358.43970	34.25413	-257.57822	1420.17249	366.06857	-87.89201	1340.03113	104.20389	-193.02861	1248.10828	259.32010	-72.43092	1432.86194	266.14990	-225.36331	1124.85730	561.94318	62.70047	1042.44690	127.95586	-178.30765	897.48291	629.88257	48.43427	796.36481	131.42218	-167.66278	1025.59436	395.15918	-96.79175	994.66595	287.01743	86.34831	997.74066	493.38077	-166.43361	487.45093	549.50854	81.37364	546.91229	285.85266	-209.06586	138.77666	512.56805	52.69496	110.92619	299.71524	
714	7.130	-331.27277	1247.17957	102.28954	-302.30441	1552.38354	143.03522	-376.59564	1416.30383	219.39857	-252.67719	1357.99976	34.21004	-257.84781	1419.92651	366.17105	-89.17220	1339.96924	104.65655	-193.82135	1247.81104	259.45535	-73.21200	1432.73462	265.63171	-224.43607	1124.74011	563.10437	61.04495	1042.33240	126.97153	-177.41310	897.11957	630.86072	46.06147	796.28729	130.34943	-167.54799	1025.20593	395.32574	-97.30192	994.47107	287.07257	86.71679	997.89124	493.09201	-165.11975	486.89539	550.00665	80.88852	546.69293	286.20813	-208.40396	138.89941	513.41577	52.71700	110.95013	299.72348	
715	7.140	-332.49866	1246.65173	102.85668	-303.63260	1551.90430	142.88184	-377.82010	1415.55188	220.05450	-254.06366	1357.05188	34.30867	-258.42096	1419.58215	366.66849	-90.29831	1339.68738	104.15551	-194.53334	1247.57556	259.57034	-74.39416	1432.46533	264.88806	-223.69609	1124.60339	563.40857	60.01122	1042.22754	126.82860	-175.55539	897.20386	631.63281	43.89551	796.28607	129.81624	-168.17186	1025.14771	395.81540	-97.74491	994.19281	287.08655	87.20346	997.99274	491.76349	-164.26065	487.36023	550.61005	80.35613	546.57971	285.96185	-208.24966	139.14575	514.22791	52.86850	110.72909	299.77875	
716	7.150	-334.10269	1246.14905	104.08858	-305.29501	1551.19434	143.27072	-379.10568	1415.70923	221.14217	-255.38635	1356.65259	35.04307	-258.45734	1419.36499	366.73337	-92.72017	1339.20911	103.58667	-195.30746	1247.36243	259.69547	-75.43507	1432.39526	264.53757	-223.02293	1124.63989	563.82269	58.77111	1041.48950	127.16147	-174.44554	897.69824	631.91077	41.43590	796.40710	128.64661	-168.11430	1025.01184	395.94638	-98.24127	993.95807	287.10657	87.43382	998.23962	491.21149	-164.06857	487.51791	551.84991	79.85920	546.41235	285.90878	-207.77235	138.97319	514.74310	52.87710	110.74234	299.78284	
717	7.160	-335.30844	1245.61084	104.67044	-306.67313	1550.84204	143.35439	-380.30365	1415.21033	221.60912	-257.14386	1355.70532	35.37468	-258.76633	1418.93750	366.80737	-93.54655	1338.94751	103.48806	-196.10213	1247.06873	259.85757	-76.00762	1432.31592	264.01059	-222.24797	1124.70776	564.41162	56.80203	1040.96338	126.15714	-173.37209	898.02606	632.54431	39.06096	796.55383	128.39662	-168.06183	1024.88318	396.04858	-98.80433	993.82062	287.30005	87.13280	998.22906	490.02576	-163.40474	487.29611	552.71210	79.58264	546.32910	285.88229	-207.27783	139.28204	515.39355	54.05621	110.92599	299.98584	
718	7.170	-336.56848	1246.46899	103.29246	-308.21515	1550.42590	143.75124	-381.17627	1414.47437	222.14677	-259.14426	1355.64673	35.36388	-259.22159	1418.71960	367.06134	-94.46678	1338.57800	103.70567	-196.80965	1246.72583	259.88593	-76.75044	1432.16943	263.86676	-220.84528	1124.15881	563.79181	55.65911	1040.89490	125.54070	-172.25970	897.67163	632.19623	36.82547	796.58173	127.47707	-168.05051	1024.76770	396.13196	-99.17691	993.59070	287.14722	87.29008	998.16766	489.34152	-162.88400	487.49210	553.13129	78.91319	546.22180	285.42838	-207.06401	139.30595	515.69507	53.94897	110.90321	300.12823	
719	7.180	-337.50806	1244.31311	105.63498	-309.69046	1549.72192	144.25162	-382.24295	1413.83105	222.92749	-260.66418	1355.14343	35.55758	-259.62607	1418.27991	366.92059	-95.84361	1338.21326	102.74870	-197.42101	1246.49121	259.85913	-77.34756	1431.86340	263.03943	-220.62999	1124.17651	564.08746	54.48693	1040.99487	125.04687	-171.99712	897.78833	632.35260	34.76097	796.52991	127.05944	-168.02283	1024.66138	396.20731	-99.57730	993.46552	287.09286	87.35342	998.25342	488.77682	-161.97708	487.65613	553.98871	77.39799	546.29370	284.73560	-206.79138	139.38937	517.46295	53.80312	110.73323	300.26340	
720	7.190	-339.04425	1245.01697	104.94398	-311.35944	1549.69409	144.75479	-383.23230	1413.38708	224.16275	-262.36765	1354.56262	35.99822	-259.72122	1418.13293	366.91760	-97.40815	1338.23999	101.62526	-198.05553	1246.31018	259.78296	-78.29342	1431.93237	262.63211	-219.86024	1124.03345	564.26276	53.03703	1040.73584	124.05560	-171.68098	898.11304	632.87360	32.37764	796.78973	126.80836	-168.42256	1024.31165	396.32767	-100.10203	993.32928	287.13898	87.64813	998.22095	488.26263	-161.92270	487.78192	554.48511	76.79523	546.01434	284.50009	-206.63783	139.47629	517.59790	53.99521	110.67008	300.50912	
721	7.200	-339.98026	1244.80078	106.25803	-313.18179	1549.12817	145.33812	-384.36981	1412.67456	224.89836	-263.75043	1354.47437	36.49516	-260.24728	1418.01636	367.32620	-98.62221	1337.90906	102.32032	-198.64127	1246.13843	259.63086	-78.84212	1431.80225	262.36768	-219.39351	1123.92578	564.49731	51.37178	1039.99939	123.71210	-170.51149	898.43933	633.01306	30.86017	796.39752	126.26892	-168.47195	1024.24280	396.35471	-100.57687	993.04126	287.15948	87.34634	998.30573	487.96021	-161.77296	488.00616	554.87836	76.01915	546.20703	284.31046	-206.41772	139.61182	517.69275	53.99261	110.67512	300.51175	
722	7.210	-340.91904	1243.09985	108.38079	-314.95514	1548.86084	146.34386	-385.34238	1412.15430	225.92752	-265.58041	1354.10852	37.65859	-260.29596	1417.48682	367.48300	-99.28719	1337.71741	102.22109	-199.27599	1245.99292	259.40775	-79.40186	1431.53003	261.86951	-218.96909	1123.78918	564.70935	50.05487	1040.20667	123.33502	-169.36441	898.42242	632.75690	29.23678	796.35687	125.82897	-168.56589	1024.19556	396.34836	-101.13336	992.89526	287.07587	87.42422	998.58966	487.43695	-161.26198	488.20047	554.86041	75.65918	546.24261	283.83826	-206.02518	140.07918	517.26965	53.90052	110.21694	300.97498	
723	7.220	-341.55237	1242.77087	108.74621	-317.01749	1548.39380	147.15762	-386.11551	1411.97681	227.29256	-267.24301	1354.27380	37.75547	-260.46112	1417.41467	367.48016	-101.01123	1338.31433	100.41621	-199.91963	1245.90442	259.14401	-80.04990	1431.55884	261.59552	-218.63853	1123.60181	564.89349	48.67225	1040.13489	122.40213	-168.67119	898.23041	632.81317	26.77170	796.74609	125.72520	-168.71063	1024.18811	396.28357	-101.50261	992.86194	286.90872	87.78938	999.02588	486.60925	-161.02596	488.40167	555.07343	75.31839	546.16150	283.09244	-205.93343	140.14136	517.32062	53.50599	109.56794	301.10977	
724	7.230	-342.82150	1242.62683	110.29879	-318.56946	1548.25403	147.53708	-386.90152	1411.16626	228.79147	-269.56451	1354.69482	37.72849	-261.59042	1417.46240	367.59525	-101.71132	1338.09753	100.63798	-200.49054	1245.91138	258.88000	-80.41741	1431.32825	261.12109	-218.38374	1123.56250	564.96619	47.58473	1039.75220	122.18291	-168.10338	897.91956	632.91144	24.29674	795.56390	127.18933	-168.91031	1024.22070	396.19241	-101.94520	992.87952	286.64243	87.57541	998.46021	486.17902	-161.18532	488.47287	555.40234	75.11369	546.21472	282.37216	-205.27928	139.85820	517.59607	53.52201	109.45274	301.26733	
725	7.240	-343.46957	1242.06018	111.12393	-320.68726	1548.43738	148.74770	-387.36557	1410.62866	230.03165	-271.55557	1354.86865	38.46819	-261.64026	1417.43030	367.59238	-102.42976	1338.66199	100.71540	-200.97012	1246.01721	258.65494	-80.91010	1431.43091	260.79391	-218.99391	1124.08606	565.31573	46.08894	1039.56177	121.53941	-167.55670	897.32312	632.80096	22.19268	795.58966	126.79002	-169.59613	1024.37024	396.27353	-102.43370	992.74567	286.39893	87.60637	998.58325	485.51489	-161.08983	488.48267	555.55707	74.62637	545.88782	282.13913	-205.46626	140.49933	517.45862	53.68103	109.71337	301.00159	
726	7.250	-344.52698	1243.09644	110.36111	-322.58615	1547.91406	149.53615	-387.76727	1410.55139	231.59016	-273.54526	1354.43127	39.35345	-261.85150	1417.43213	367.78879	-103.12467	1338.92249	100.56152	-201.45647	1246.06445	258.40417	-81.13683	1431.48328	260.53195	-218.95755	1124.07825	565.35229	44.41331	1039.92480	120.35452	-167.52411	897.29993	632.81195	21.46914	795.59436	125.22376	-169.89075	1024.44983	396.10016	-102.79626	992.60388	286.02454	87.44911	998.60406	484.96518	-161.02496	488.49460	555.66382	74.15843	546.13831	281.25449	-204.78258	139.86655	517.59222	53.69038	109.60214	301.16138	
727	7.260	-345.15155	1242.62720	113.07246	-324.23004	1547.81042	150.86803	-388.56522	1409.91846	233.19389	-275.10739	1354.57922	39.72126	-261.82648	1417.44153	367.83017	-103.96605	1339.24512	100.03592	-201.94026	1246.17725	258.15939	-81.70364	1431.71594	260.17267	-218.30453	1123.52344	565.05750	43.40054	1039.81006	119.85825	-167.53516	897.33984	632.73987	18.73439	795.37036	126.37296	-170.14598	1024.49194	395.93201	-103.15586	992.40430	285.64786	86.88127	998.49927	484.53244	-160.97609	488.47531	555.76007	73.98454	546.04498	281.22458	-204.68871	139.94142	517.62817	53.86128	109.44852	301.65567	
728	7.270	-345.42532	1241.44519	114.55464	-325.95013	1548.03638	151.87125	-389.20587	1409.85352	235.04613	-276.98325	1354.71118	40.75707	-262.21350	1417.69543	368.07202	-105.02104	1339.70105	99.18246	-202.37712	1246.31409	257.93793	-81.86842	1431.70581	259.84119	-218.82759	1123.93567	565.26611	41.29264	1039.75977	118.71062	-167.60239	897.35889	632.60077	17.03469	794.91522	126.34921	-170.39957	1024.56982	395.77441	-103.54081	992.50275	285.39764	86.98479	998.48315	484.25623	-160.93631	488.48016	555.81854	73.53841	546.07159	280.90381	-204.62363	139.99313	517.63379	53.84848	109.61101	301.39420	
729	7.280	-346.52704	1242.73474	114.65735	-327.74094	1548.05774	153.22122	-389.36511	1409.71643	236.57841	-278.78223	1354.42090	41.76740	-262.39258	1417.76013	368.13663	-105.42138	1339.78735	99.20638	-202.82077	1246.47180	257.82510	-82.33280	1431.91565	259.70734	-218.79581	1123.92542	565.09766	40.32003	1039.81079	118.26399	-167.62112	897.34528	632.55536	16.40575	795.18091	124.37133	-170.65608	1024.68262	395.57779	-103.87834	992.53839	285.19278	87.06879	998.74640	483.75345	-160.97395	488.41779	555.97229	73.38516	545.94244	280.47537	-204.22273	139.97369	517.54559	53.84786	109.44531	301.65460	
730	7.290	-347.30371	1242.42725	117.22893	-328.80850	1547.85059	153.86809	-389.53430	1409.57202	238.18658	-280.34531	1354.94678	42.16225	-262.31613	1418.08838	368.28595	-106.30495	1339.99976	98.53647	-203.24834	1246.63428	257.75174	-82.74593	1432.28589	259.17923	-218.64964	1123.97363	564.95709	39.26786	1039.82776	118.12250	-167.78922	897.34265	632.31232	13.61104	795.01044	126.35620	-171.03548	1024.82410	395.28616	-104.21107	992.52478	284.95755	86.64612	999.06628	483.46640	-160.96414	488.40414	556.00671	72.90038	545.95697	280.15067	-204.18372	140.00665	517.57910	53.81619	109.42049	301.64337	
731	7.300	-347.87375	1241.43640	118.54783	-330.02902	1548.09717	154.79610	-389.83057	1408.94336	239.67979	-282.55249	1355.71155	42.65545	-262.34015	1418.28552	368.52975	-106.90472	1340.28418	98.34630	-203.63361	1246.81299	257.71747	-83.08858	1432.22388	258.97867	-218.15634	1123.48035	564.70605	37.82134	1040.38013	117.01105	-167.94630	897.32111	632.09985	11.86573	794.73322	125.97708	-170.74767	1024.54224	394.67429	-104.59112	992.54272	284.66470	86.54137	998.95483	483.13361	-160.95467	488.23865	556.72437	72.51684	545.57544	279.91318	-204.48981	140.05562	517.78339	53.64828	109.27464	301.75110	
732	7.310	-349.16855	1241.60901	120.14878	-331.25339	1548.39600	155.66823	-390.42844	1409.15674	241.08112	-283.99753	1355.52051	43.41412	-262.26483	1418.32043	368.63522	-107.38617	1340.35840	98.37202	-204.02834	1247.00854	257.68533	-83.45381	1432.27051	258.75787	-218.41525	1123.77734	564.56140	36.00315	1040.42749	116.21658	-168.08334	897.29572	631.93207	10.61782	794.52167	126.24004	-171.05652	1024.71118	394.44257	-104.98031	992.66693	284.30206	86.77424	998.97162	481.92178	-160.97163	488.21951	556.72430	71.97272	545.72998	279.25443	-204.46082	140.03421	517.86945	53.67525	109.10445	301.38171	
733	7.320	-350.30420	1243.14063	119.08598	-332.24454	1548.52197	156.66209	-390.56964	1409.67554	242.50056	-285.61694	1355.72986	44.11062	-262.39087	1418.35974	368.88062	-108.63527	1340.89783	97.18503	-204.41042	1247.24512	257.65759	-83.77246	1432.43665	258.34702	-218.19044	1123.64600	564.33167	35.39760	1040.36267	116.16180	-168.41241	897.27594	631.57489	8.52095	794.79645	126.18324	-171.40260	1024.88586	394.20779	-105.35808	992.78357	283.96078	86.31639	998.83868	481.44476	-161.28003	488.09335	556.75867	71.69851	545.59290	279.27261	-204.42894	140.00583	517.95099	53.43565	109.19788	301.48633	
734	7.330	-351.44983	1243.27930	120.69918	-333.28995	1548.86646	157.44980	-391.32712	1409.75098	243.68651	-287.05389	1355.50696	45.09713	-262.42404	1418.55640	368.93665	-109.23728	1340.84583	97.51357	-204.76541	1247.44141	257.64175	-84.08121	1432.51501	258.31592	-218.19051	1123.67712	564.27441	33.84608	1039.94128	115.63251	-168.62573	897.00385	631.01276	6.89893	794.54315	126.75356	-171.71254	1025.05896	393.97192	-105.94006	992.67627	283.88736	86.19971	998.80762	481.39096	-161.84428	488.45557	556.73309	71.05235	545.78058	278.82028	-204.42809	139.96704	518.02155	53.58152	109.18060	301.01587	
735	7.340	-352.69696	1243.30408	122.45667	-334.13983	1548.83069	158.39436	-391.98560	1410.00049	244.64426	-288.34433	1355.91467	45.32670	-262.65210	1418.84583	369.43854	-110.20587	1341.14063	97.35815	-205.19891	1247.61755	257.60663	-84.51586	1432.63623	258.06610	-217.76698	1123.69360	563.80927	32.69536	1040.34937	115.06136	-169.51462	897.88849	630.85748	5.80097	794.67688	126.64646	-171.99318	1025.19995	393.76868	-106.30288	992.57617	283.45697	85.87312	998.79761	481.12885	-162.17717	488.30869	556.74164	70.88254	545.37537	279.03613	-204.90117	140.40764	518.14618	53.29169	109.14479	300.98975	
736	7.350	-353.87070	1243.80994	122.27135	-334.70264	1549.05737	158.79352	-392.24066	1410.40308	245.58652	-289.77283	1356.19336	45.88855	-262.81860	1419.02222	369.52679	-110.73891	1341.25903	97.68813	-205.64479	1247.88892	257.58975	-85.01706	1432.68091	258.09351	-217.94907	1123.88062	563.77240	31.85410	1040.45093	114.60827	-170.42189	897.97607	630.23859	4.61007	794.83539	126.79091	-172.27164	1025.30200	393.57611	-106.67466	992.64404	283.29880	85.11769	998.57709	480.35367	-162.76704	488.66699	556.73370	70.42179	545.21039	278.72891	-205.40601	140.93179	518.11169	53.33053	109.26209	300.49408	
737	7.360	-355.05447	1243.90491	124.08154	-335.61682	1549.38586	159.59341	-392.66330	1410.85242	246.85295	-291.23639	1356.28674	46.47701	-262.77081	1419.04114	369.61557	-111.14226	1341.33069	97.71030	-206.12810	1248.08411	257.63556	-85.20908	1432.75354	257.85757	-217.84126	1123.86035	563.61694	30.84263	1040.94727	113.99544	-171.17000	898.06677	629.80481	3.27134	795.15051	126.75185	-172.52083	1025.38318	393.39859	-107.07722	992.68817	283.10510	84.85571	998.54303	480.12112	-163.05911	488.56699	556.59540	69.98816	545.38110	278.30701	-204.94850	140.24644	518.25476	53.41509	108.96703	300.75256	
738	7.370	-356.21008	1244.57471	124.56408	-336.13248	1549.83289	160.50040	-392.87860	1410.95630	247.62529	-292.56448	1356.12134	47.18928	-262.84821	1419.21729	369.93155	-112.35728	1341.86877	97.42615	-206.63126	1248.29773	257.63589	-85.55824	1432.85608	257.83127	-217.87935	1123.86487	563.55829	29.79811	1041.05029	113.18177	-170.44801	897.06830	629.22253	1.91201	795.23102	126.52343	-173.16074	1025.50464	393.52350	-107.45428	992.73859	282.87643	84.81224	998.73199	479.80087	-163.14967	488.53891	556.50989	69.98984	545.20892	278.29767	-205.61450	140.79642	518.17560	52.96909	108.81644	300.39310	
739	7.380	-357.08575	1243.15027	126.89798	-336.73495	1549.99854	160.89215	-393.39093	1411.64233	249.00798	-294.30841	1356.45813	47.70576	-262.82678	1419.22693	370.00031	-113.24910	1342.29724	96.78784	-207.08679	1248.43201	257.66211	-85.82530	1433.00659	257.74957	-217.75761	1123.84473	563.37927	28.91193	1041.31287	113.08564	-170.66217	897.04041	628.97583	1.00579	795.56042	126.48427	-173.25224	1025.22192	393.26135	-107.97914	992.60156	282.65457	85.06191	999.06787	478.92328	-163.38354	488.34378	556.38733	69.25395	545.37170	278.04385	-205.12932	140.22490	518.23016	52.84805	108.91052	300.27847	
740	7.390	-358.28854	1244.54529	126.99876	-337.45337	1550.16260	161.26111	-393.66769	1411.89063	249.80797	-295.39023	1356.70313	48.08524	-263.15775	1419.34473	370.43463	-114.00742	1342.74072	96.43589	-207.53571	1248.56055	257.66605	-86.00193	1433.01599	257.64255	-217.96179	1123.72021	563.30243	28.27492	1041.27905	112.88125	-170.86853	897.04901	628.70905	0.09029	795.33472	126.36106	-173.48210	1025.22412	393.14694	-108.44362	992.30432	282.41061	84.89017	998.69318	477.83307	-163.49820	488.32309	556.30255	68.98695	545.43732	277.90860	-205.65749	140.78224	518.14325	52.96521	108.72244	300.12061	
741	7.400	-359.34625	1244.83521	126.87407	-338.35403	1550.20117	161.91252	-393.68744	1412.04053	250.65401	-297.06619	1356.33875	48.77459	-263.15680	1419.35889	370.47827	-114.60909	1342.62488	96.40126	-207.98918	1248.66260	257.63947	-86.48993	1433.11377	257.69696	-218.06038	1123.69580	563.21704	27.61989	1041.05493	113.23913	-171.39551	896.86139	628.24701	-1.30371	795.35608	126.63791	-173.74667	1025.22778	393.04538	-108.82184	992.35596	282.23737	84.84982	998.71423	477.79446	-163.61673	488.29388	556.21808	68.90514	545.22784	277.99741	-205.68535	140.77583	518.10028	52.80871	108.94339	299.82767	
742	7.410	-360.15671	1244.53369	129.47461	-339.08173	1550.30359	162.45390	-394.51453	1412.37610	251.87288	-298.19870	1356.27039	48.99693	-263.50247	1419.42688	370.53336	-115.05097	1342.51025	96.62296				-86.76122	1433.01990	257.34180	-218.18820	1123.66235	563.07727	26.64367	1041.15601	112.21105	-171.98466	896.95691	627.79199	-2.00011	795.46869	126.46719	-173.92021	1025.23828	392.95337	-109.35555	992.30640	282.20963	84.84874	998.83887	477.63364	-163.64711	488.14856	556.00854	68.43350	545.17462	277.54343	-205.16769	140.23190	518.16846	52.75172	108.90181	299.80902	
743	7.420	-360.96869	1244.79602	129.59334	-339.54071	1550.19568	162.64024	-394.98453	1413.05273	253.01332	-299.26886	1356.25098	49.70978	-263.60501	1419.61353	370.68506	-115.36659	1342.54504	96.63818				-86.95065	1432.99731	257.24023	-218.34978	1123.60535	562.93713	25.42590	1041.40479	111.88028	-172.72455	897.04895	627.49078	-3.13710	795.65302	126.67781	-174.09247	1025.22327	392.86624	-109.88727	992.38843	282.25665	84.53357	999.10443	477.39456	-164.03778	488.17773	556.06335	67.91327	544.95068	277.04904	-205.56602	140.75371	518.07758	51.47891	108.77695	299.82321	
744	7.430	-361.74734	1244.48914	130.91606	-340.38620	1550.21545	162.93039	-394.85147	1413.19714	253.88651	-300.47910	1356.26306	50.39287	-263.65176	1419.61755	370.67014	-115.93492	1342.31140	97.08325				-87.16673	1433.09558	257.21527	-218.53682	1123.72852	562.34204	24.86305	1041.44006	111.59790	-171.95755	896.46393	626.14276	-3.73908	795.82220	126.85555	-174.31142	1025.02563	392.73215	-110.24487	992.38647	282.05298	84.47778	999.12451	477.06506	-163.88007	488.19504	555.92938	67.69780	544.85840	276.38644	-205.04568	140.16620	518.16742	51.12223	108.98798	299.26544	
745	7.440	-362.31808	1244.49658	133.06706	-341.25803	1550.18103	163.17252	-395.03433	1413.14539	254.98851	-302.01074	1355.62256	51.06161	-263.96274	1419.82129	370.96280	-116.83894	1342.91760	96.59303				-87.49284	1433.44116	256.98325	-218.88840	1123.54358	562.07568	24.12665	1041.63220	110.84506	-172.57182	895.66205	625.98480	-4.20874	795.50775	126.91171	-174.76108	1024.94336	392.75565	-110.54799	992.40582	281.98535	84.42247	998.97211	476.59286	-163.87300	488.22198	555.91852	67.19428	545.20166	275.98038	-205.05815	140.15607	518.17914	50.72451	108.96661	298.89267	
746	7.450	-362.91251	1244.54395	133.23622	-342.20078	1550.03113	163.55675	-395.50751	1413.08838	255.88475	-302.76871	1355.28064	51.43481	-264.16794	1419.74402	370.95627	-117.14259	1342.89124	96.38766				-87.78626	1433.58667	256.81796	-219.06738	1123.50244	561.92047	23.56406	1041.65271	110.64519	-172.37994	895.81134	625.45178	-3.99581	795.69849	127.11312	-174.94443	1024.96021	392.67276	-110.89903	992.48071	281.83902	83.97610	998.99609	476.06680	-163.67847	488.18002	555.93567	66.92613	545.25549	275.54892	-205.37358	140.16656	518.33972	50.76468	108.77666	298.58075	
747	7.460	-363.22040	1242.60461	135.95464	-343.38135	1550.01733	164.33044	-395.64600	1413.26575	257.18893	-304.08511	1354.84167	52.24320	-264.37228	1419.53101	370.89804	-117.70950	1343.07971	96.34615				-88.46199	1433.50317	256.26239	-219.06306	1123.12842	561.25995	22.43123	1041.62903	109.69131	-172.56099	896.20129	625.36963	-4.39143	795.34064	127.28777	-175.10664	1024.99756	392.57895	-111.18391	992.49622	281.72498	83.79001	999.05084	475.90744	-163.49127	488.17844	555.95117	66.88295	545.12543	275.25034	-205.38954	140.13026	518.34711	50.57731	108.68655	298.72592	
748	7.470	-363.84592	1243.59546	136.21638	-344.18134	1549.65991	164.67116	-395.67993	1412.97205	258.13843	-305.41766	1354.50500	53.03602	-264.42059	1419.28796	370.70587	-118.42569	1343.33313	95.75297				-88.68816	1433.59302	256.16980	-219.26683	1123.08740	561.02032	21.94379	1041.66052	109.47929	-172.77263	896.22083	625.04041	-5.07208	794.98151	126.83367	-175.73997	1025.19397	392.72021	-111.46259	992.49744	281.62476	83.55558	998.58698	475.36807	-163.41931	488.22339	555.96460	66.84621	545.03687	274.67007	-205.40012	140.25748	517.75037	50.27222	108.54914	298.03772	
749	7.480	-364.24637	1242.85522	137.62396	-345.16434	1549.20410	165.14752	-395.62970	1412.92896	259.20334	-306.26962	1354.26953	53.31218	-264.58624	1419.08020	370.60281	-118.75988	1343.37219	95.76913				-89.07078	1433.68103	256.22403	-219.17029	1122.77368	561.01099	21.36276	1041.88196	108.79231	-173.13118	896.20081	625.06982	-5.34373	794.50262	126.16483	-175.91183	1025.26184	392.61655	-111.75100	992.57373	281.43677	83.57130	998.57916	474.66891	-163.18497	488.17407	555.81628	66.43814	545.03046	273.89105	-205.82478	140.52858	518.17853	50.22353	108.49286	298.02075	
750	7.490	-364.58569	1242.60095	137.81509	-345.81851	1548.89563	165.38828	-395.66595	1412.63721	260.29330	-307.35986	1353.81128	54.03048	-264.73868	1419.03394	370.54425	-119.39025	1343.58984	95.33029				-89.27881	1433.80664	256.00131	-219.50061	1122.96497	560.81055	20.51280	1041.78223	108.16790	-172.53870	896.13623	624.87469	-6.03873	793.58344	125.93233	-175.69733	1025.16516	392.22406	-111.93685	992.62878	281.28308	83.56651	998.60565	474.64929	-163.17389	488.61630	555.64746	66.37936	545.20917	273.11649	-205.91347	140.47624	518.54688	49.59251	108.00053	297.53409	
751	7.500	-364.71548	1242.21472	139.25716	-346.83633	1548.55017	165.80275	-395.47845	1412.30176	260.86340	-308.59619	1353.09717	54.50904	-265.49969	1419.28674	370.79132	-120.04178	1343.81519	94.89289				-89.38202	1433.73889	255.89499	-219.18410	1122.33960	560.53595	19.14678	1042.45862	106.97482	-172.26956	895.68347	624.63440	-6.25469	793.25122	125.68066	-175.88544	1025.26001	392.09790	-112.16624	992.51617	280.98853	83.58145	998.64435	474.63440	-162.90536	488.42892	555.73187	66.03933	545.02417	272.73318	-206.12051	140.74960	518.23297	49.54060	107.94218	297.51657	
752	7.510	-364.87216	1241.75073	140.43057	-347.87753	1548.00500	166.37653	-395.98495	1411.62622	261.91104	-309.50360	1352.79480	55.13492	-265.55957	1419.23340	370.77859	-120.64777	1343.77686	95.55288				-89.76165	1434.12183	255.78963	-218.95358	1121.99829	560.63538	18.93026	1042.64209	105.74686	-171.91124	895.41138	624.83569	-6.29371	792.94537	125.38020	-176.08385	1025.34326	391.94366	-112.30222	992.47156	280.52527	83.56516	998.85101	474.45786	-162.72452	488.55042	555.68634	65.66778	545.12524	272.36227	-206.34180	141.03265	518.06134	49.36483	108.12290	296.84323	
753	7.520	-365.15283	1241.07922	141.29755	-348.91858	1547.75500	167.06023	-395.79132	1411.07300	262.53049	-310.25711	1352.39050	56.15919	-265.91898	1419.12512	370.91006	-121.24925	1344.01331	95.25951				-89.95412	1434.12219	255.37485	-218.72108	1121.77100	560.71301	17.84939	1042.94763	105.06194	-171.46446	895.25256	624.94550	-6.67363	792.73334	124.75314	-176.26973	1025.43213	391.81131	-112.40381	992.46130	280.11172	83.56726	999.04291	474.20010	-162.90564	488.81635	555.61292	65.47050	544.76801	271.88733	-206.21603	140.86732	518.32257	49.23362	108.03999	296.92953	
754	7.530	-365.31586	1240.39136	142.07384	-349.43073	1547.50903	167.24501	-395.75461	1410.45068	263.14264	-311.15988	1351.98706	56.38235	-265.90207	1419.07727	370.97461	-121.75813	1344.41553	95.10265				-90.19563	1434.22192	255.40486	-218.51727	1121.67737	560.83954	17.01108	1043.16541	103.94382	-171.17781	895.58466	625.35065	-6.88864	792.49347	124.46352	-176.50275	1025.60632	391.60419	-112.67970	992.34357	279.83356	83.59705	999.31360	473.75262	-162.27776	488.90918	555.45447	65.51383	545.00446	271.34930	-206.40051	141.17218	518.04791	49.28154	108.01444	296.81009	
755	7.540	-365.15326	1238.93689	143.47896	-350.52411	1547.01208	167.81540	-395.63675	1410.18860	263.65436	-311.87097	1351.26086	57.02296	-266.04156	1419.01099	371.17609	-122.82930	1345.05688	94.09966				-89.78253	1434.65393	254.85251	-218.44492	1121.76660	561.15900	16.33217	1042.89880	103.61170	-170.98630	895.63892	625.52863	-7.25376	792.33582	124.16360	-176.43019	1025.37573	391.18481	-112.76321	992.18927	279.44287	83.27886	999.40662	473.69946	-162.39999	489.26682	555.44495	65.44053	544.96167	271.03317	-206.29544	140.99644	518.51587	49.31047	108.43597	296.45380	
756	7.550	-365.40192	1239.45349	143.64470	-351.61133	1546.49036	168.12949	-396.52567	1409.80530	264.86554	-312.35379	1351.13428	57.34800	-266.12308	1419.08789	371.49344	-123.17641	1345.19873	94.12574				-89.91379	1434.49194	254.63773	-218.10902	1121.68408	561.27460	15.17889	1043.21790	102.56023	-170.66615	895.43524	625.86902	-6.94193	792.41284	124.43715	-176.61833	1025.53589	391.01016	-113.00643	992.21613	279.24692	82.83869	999.78864	473.40689	-162.27008	489.33591	555.16669	65.54547	544.78314	271.02341	-206.44652	141.30742	518.26135	49.26595	108.38744	296.43924	
757	7.560	-365.39737	1239.33801	143.64284	-352.42447	1546.11804	168.46919	-396.61304	1409.45996	265.45444	-312.64133	1350.91907	57.45271	-266.05438	1419.06506	371.61014	-123.74604	1346.03870	94.54760				-90.51039	1434.73572	254.63683	-217.64436	1121.77283	561.80963	13.75371	1043.76831	101.37592	-171.24126	896.36230	626.42609	-6.91239	792.35431	123.81316	-176.80469	1025.68176	390.83273	-113.10567	992.13086	278.92114	82.31551	999.76105	473.05081	-162.38947	489.54364	554.83423	65.15893	544.98779	270.50519	-206.26620	141.24698	518.77887	49.03120	108.14842	296.44363	
758	7.570	-365.24475	1239.13123	144.79301	-353.03226	1545.85803	168.66147	-396.65079	1408.59131	265.71216	-313.50995	1350.96350	57.95057	-265.96637	1419.03723	371.74127	-124.13882	1346.26331	94.97858				-91.36660	1434.75769	255.20338	-217.52180	1122.01758	562.35785	12.92207	1043.95422	100.92429	-169.82240	895.58069	626.59509	-8.04208	791.78540	123.25227	-176.95929	1025.81030	390.67984	-113.32982	992.15887	278.77008	82.03473	1000.14697	472.53671	-162.43468	489.60617	554.71387	64.97782	545.04779	270.57745	-206.22569	141.28375	518.79614	49.24402	108.38397	296.20096	
759	7.580	-365.25940	1238.50391	145.37587	-354.11951	1545.61633	169.59631	-396.98053	1408.24695	266.34787	-314.01352	1350.53760	58.25327	-265.88263	1419.01880	371.87070	-124.65935	1346.59692	94.78558				-91.35835	1434.77832	255.09262	-216.93051	1122.12878	563.07385	12.17727	1044.26440	100.71581	-169.28755	895.66888	627.28198	-8.18499	791.73376	122.19883	-177.16914	1025.95007	390.51093	-113.66108	992.10992	278.77002	81.67844	1000.19684	472.57022	-162.46010	489.65909	554.63306	65.16925	544.84393	270.49353	-206.37209	141.60551	518.54608	49.44082	108.58592	295.94751	
760	7.590	-365.22192	1237.33252	146.78818	-354.87851	1545.33960	169.99226	-396.92245	1407.85181	266.90927	-314.44165	1350.55200	58.49775	-265.95859	1418.99011	372.16849	-125.45561	1346.88904	94.60314	-211.38927	1249.07935	256.58829	-91.77509	1435.02039	254.77007	-216.26651	1122.33020	563.65265	11.05688	1044.39966	99.85149	-168.15468	896.04559	627.69580	-8.43436	791.60089	121.85395	-177.32381	1026.08374	390.36841	-113.85820	992.18683	278.63062	81.05177	999.78345	471.75449	-162.51126	489.71094	554.51917	64.95217	544.91638	270.48187	-206.04494	141.59459	518.99109	49.40694	108.67145	295.70554	
761	7.600	-365.09933	1238.33765	146.00269	-355.34625	1545.36853	170.16835	-397.10010	1407.64368	267.24207	-314.88483	1350.29358	59.16542	-266.85431	1419.00647	370.56674	-125.74628	1346.98779	94.62299	-211.54129	1249.19580	256.60516	-91.59013	1435.13220	254.36874	-215.82901	1122.37378	564.20197	10.64260	1044.53625	99.67310	-167.53658	895.99933	628.28802	-8.96019	791.68146	120.98972	-177.49712	1026.20557	390.23184	-114.10148	992.28583	278.45810	80.96457	999.75635	471.71683	-162.44064	489.80762	554.27167	64.59660	544.81628	270.71548	-205.99956	141.71272	518.97461	49.35698	108.61404	295.68817	
762	7.610	-365.08646	1238.04138	147.01552	-355.78421	1545.33691	170.26540	-397.79092	1408.11731	268.04404	-315.23816	1350.19421	59.45899	-266.69244	1419.37366	371.24323	-126.37369	1347.36975	94.09177	-211.69971	1249.34814	256.61670	-91.66618	1435.18628	254.34802	-215.41792	1122.44824	564.64368	9.50143	1044.70984	99.09659	-165.99890	895.83167	628.65198	-9.08535	792.60419	120.63943	-177.67665	1026.33301	390.08200	-114.34154	992.41449	278.28247	80.84766	999.52917	471.47394	-162.49474	489.82150	554.19708	64.55389	544.79102	270.70731	-206.16420	142.01936	518.71948	48.91777	107.85688	295.32111	
763	7.620	-365.18311	1237.85364	147.50694	-356.46796	1545.32043	170.77988	-397.81775	1408.05396	268.39322	-315.65402	1350.13525	59.84571	-266.64453	1419.36279	371.28787	-126.79634	1347.54053	93.77402	-211.87102	1249.51318	256.61862	-91.93780	1435.45251	254.29050	-215.12724	1122.74268	565.25543	9.02553	1044.70227	98.57552	-164.98811	896.01233	628.73102	-9.48199	792.26178	120.45425	-177.83594	1026.41357	389.96445	-114.58641	992.48291	278.13812	80.79669	999.51459	471.45120	-162.53563	489.92880	554.08130	64.48903	544.76776	270.69971	-205.99303	141.76938	519.22650	48.16610	107.48537	294.94977	
764	7.630	-365.29733	1237.93445	147.43399	-356.94955	1545.29968	170.98813	-398.02985	1407.63477	268.71585	-315.68332	1350.23279	60.04873	-266.50793	1419.59802	371.59158	-127.05639	1347.82129	94.14362	-212.07822	1249.64954	256.58469	-91.97842	1435.66528	254.29240	-214.51318	1122.88232	565.97699	8.60441	1044.89661	98.08543	-164.41463	896.00024	629.24939	-9.60250	792.41339	120.17181	-177.53603	1026.13354	389.52124	-114.85136	992.56671	277.97537	80.75700	999.50323	471.43347	-162.75591	489.94540	554.14392	64.59542	544.34259	271.02612	-205.94205	141.77911	519.02344	48.11108	107.42645	294.93213	
765	7.640	-365.48813	1238.09033	147.31296	-357.35153	1545.45483	171.66577	-398.37180	1407.97864	269.49026	-316.23785	1350.70581	60.08793	-265.84958	1419.56323	373.59015	-127.24635	1347.90430	94.15825				-92.03918	1435.70447	254.25861	-214.33418	1123.22510	566.72314	8.28048	1045.00037	97.68224	-163.69897	896.18036	629.88495	-9.71794	792.63702	119.52380	-178.17381	1026.54053	389.74268	-115.08446	992.59509	277.86011	80.72022	999.49054	471.41840	-163.02727	490.20053	553.92792	64.28323	544.62262	270.90024	-205.97437	141.78207	519.24030	48.01897	107.17568	294.68436	
766	7.650	-365.79681	1238.27344	147.11429	-357.69397	1545.53479	172.05482	-398.32550	1408.13501	269.78650	-316.44812	1350.76038	60.07437	-265.88654	1419.52515	373.81235	-127.83046	1348.42871	93.78178				-92.08116	1435.75317	254.25177	-213.65952	1123.10376	567.19067	7.89461	1045.47205	96.92467	-162.94958	896.68542	630.33868	-10.15198	792.95483	118.90894	-178.32875	1026.60864	389.65735	-115.30595	992.65900	277.72223	80.65807	999.54468	471.14468	-163.41333	490.38297	553.97601	64.33557	544.15118	271.18100	-205.95120	141.79695	519.25903	47.96442	107.10918	294.66418	
767	7.660	-366.12097	1238.52197	146.90800	-357.77850	1545.80725	172.39853	-398.47815	1408.21997	269.97650	-316.68881	1350.83008	60.06063	-265.77612	1419.51282	373.95819	-127.99744	1348.51868	93.79623	-212.71490	1250.17566	256.52917	-92.36797	1435.86267	254.54196	-212.96053	1123.63818	567.87677	7.62914	1045.83362	96.53281	-161.92511	896.73212	630.91119	-10.07439	793.12433	118.44291	-177.97391	1026.27747	389.23972	-115.72104	992.54797	277.72894	80.65253	999.65771	471.08725	-163.71370	490.58319	553.60565	64.29387	544.11316	271.16873	-205.94658	141.79665	519.26141	47.94219	107.05314	294.64621	
768	7.670	-366.44281	1238.78748	146.98891	-358.01392	1545.78088	173.00653	-398.54398	1408.17419	270.19406	-317.22064	1351.18481	60.75151	-265.70996	1419.53076	374.05246	-128.12653	1348.73828	93.92193	-212.90579	1250.30920	256.42035	-92.53651	1436.18713	254.41843	-212.64058	1123.79712	568.37103	7.29105	1045.90869	96.19671	-161.77722	897.20331	631.87274	-10.36061	793.41339	118.14787	-178.55527	1026.67383	389.51498	-115.98157	992.58954	277.61630	80.66929	999.78131	470.90970	-163.71643	490.42850	553.92731	64.07432	543.89917	271.19043	-205.94983	141.80586	519.25952	48.09204	106.85822	294.05499	
769	7.680	-366.78445	1238.85730	147.32840	-358.34131	1546.08167	173.30254	-398.43655	1408.17175	270.35815	-318.07202	1351.44031	61.05630	-265.60205	1419.52563	374.17416	-128.27412	1348.79810	93.93283	-213.18068	1250.44202	256.32324	-92.65335	1436.36401	254.50664	-212.38330	1123.90845	568.78015	7.51490	1046.02283	95.90196	-160.96263	897.08264	632.07397	-10.27654	793.60791	117.18433	-178.62837	1026.66882	389.47501	-116.35396	992.42065	277.56171	80.66087	999.41675	470.15649	-163.72482	490.42831	553.93976	63.94079	543.76422	270.98740	-206.10480	142.04721	519.06439	48.07144	106.81525	294.04135	
770	7.690	-367.18280	1238.53333	148.76253	-358.37463	1546.20605	173.48170	-398.79892	1408.27502	271.00815	-318.94458	1351.95007	60.63219	-265.54144	1419.53857	374.25101	-128.45056	1348.98413	94.06564	-213.44757	1250.57959	256.29477	-92.81132	1436.30774	254.40916	-212.06160	1124.13525	569.28583	7.59501	1046.36328	95.40836	-160.16228	897.01416	632.33875	-10.21099	793.63867	116.60403	-178.73604	1026.69128	389.45966	-116.60529	992.45746	277.47546	80.66679	999.42993	470.15195	-163.73186	490.41721	553.96857	63.72447	543.61279	271.10220	-205.95341	141.81006	519.24658	48.06538	106.68022	293.91858	
771	7.700	-367.54764	1238.77124	149.13191	-358.38626	1546.44336	173.75822	-398.71350	1408.29272	271.13809	-319.14456	1352.31250	60.73820	-265.46686	1419.54761	374.34860	-128.74902	1349.37549	94.15020	-213.67606	1250.70398	256.21509	-92.84020	1436.41418	254.47121	-211.72256	1124.31921	569.56329	7.73735	1046.62439	94.88197	-159.56071	897.38019	632.45856	-10.35830	793.91388	116.08977	-178.77406	1026.66248	389.45746	-116.84251	992.48169	277.43259	80.73358	999.23413	469.41403	-163.90941	490.57864	553.71179	63.65104	543.58881	271.09436	-205.97441	141.79063	519.24005	47.91760	106.74163	294.01172	
772	7.710	-367.84967	1239.16797	149.12274	-358.65060	1546.63269	174.48494	-398.80188	1408.33032	271.33096	-319.47443	1352.47925	60.79023	-265.40637	1419.56641	374.41486	-129.08055	1349.32227	94.44480	-213.87831	1250.75439	256.17810	-92.96311	1436.29968	254.25566	-211.54730	1124.35986	569.70624	7.58893	1047.24829	93.93188	-159.38390	897.42749	632.62885	-10.35014	794.10236	115.84985	-179.14967	1027.07837	389.68390	-117.07688	992.52094	277.34836	80.80972	999.33478	469.20605	-163.85492	490.34900	554.07141	63.44151	543.68420	271.06842	-205.99657	141.78111	519.21832	48.07273	106.80332	294.03729	
773	7.720	-368.23767	1239.44543	148.87442	-358.78192	1546.80359	174.61101	-398.92752	1408.78821	271.90906	-319.88834	1352.56543	61.06654	-265.51352	1419.61804	374.66263	-129.52234	1349.92261	94.28641	-214.08057	1250.84009	256.10577	-93.12879	1436.39087	254.10446	-211.44997	1124.39734	569.78271	7.40208	1047.21716	93.05489	-159.28558	897.47888	632.67780	-10.11768	794.29169	115.42041	-179.15877	1027.05688	389.69479	-117.24014	992.52130	277.32803	80.69527	999.35681	468.74084	-164.08463	490.63965	553.88507	63.27955	543.20349	271.02667	-205.95042	141.76938	519.03253	48.09184	106.82365	294.00122	
774	7.730	-368.58743	1239.79211	149.08722	-358.81702	1547.09644	174.88385	-399.16141	1408.96729	272.42120	-320.61591	1353.06335	60.92870	-265.46414	1419.62048	374.73697	-130.09608	1350.26282	93.78616	-214.26523	1250.95691	256.06732	-93.20126	1436.37451	254.09587	-211.32587	1124.55103	569.87653	7.42053	1047.39905	92.56679	-158.84828	897.30310	632.90033	-9.87234	794.56403	114.98438	-179.20183	1027.02344	389.72537	-117.44968	992.56396	277.27197	80.58095	999.47266	468.35471	-164.04430	490.63525	553.95154	62.95294	543.17993	270.94220	-206.02155	141.76654	519.20581	48.14544	106.82939	294.04315	
775	7.740	-368.91229	1240.01074	148.87868	-359.14297	1547.13147	175.23816	-399.06827	1408.99097	272.54526	-320.80420	1353.12524	61.20348	-265.43839	1419.63391	374.76202	-130.73700	1350.53259	93.18601	-214.48370	1251.03357	256.07996	-93.34998	1436.52161	254.21014	-211.02394	1124.55811	569.87042	7.77621	1047.98584	92.03026	-158.68912	897.17554	632.94781	-9.78053	794.86456	114.87868	-179.22676	1027.00574	389.74939	-117.83508	992.63940	277.50159	80.58335	999.48157	468.35062	-163.98080	490.59909	554.05908	62.85206	543.01935	270.59366	-205.99582	141.74783	519.00568	48.13966	106.74420	293.89499	
776	7.750	-369.25455	1240.18469	148.65665	-359.40366	1547.29443	175.43082	-399.05716	1409.20081	272.74435	-321.17365	1353.07715	61.43694	-265.79218	1419.88208	375.02856	-131.14400	1350.70874	92.92625	-214.62004	1251.07019	256.05750	-93.50724	1436.30554	254.05730	-210.87369	1124.56226	569.75421	7.51765	1048.38452	91.68226	-158.34477	897.33331	632.69037	-9.68370	795.00287	114.77840	-179.67039	1027.15967	390.02795	-118.23937	992.59094	277.66168	80.27455	999.32507	467.57043	-163.89603	490.45047	554.15662	62.34801	543.27216	270.21970	-206.06129	141.65596	519.23242	48.17650	106.96444	294.54044	
777	7.760	-369.65048	1240.20801	149.00395	-359.44070	1547.46130	175.60854	-399.00308	1409.21765	272.83691	-321.48953	1353.12927	61.77880	-265.76810	1419.87878	375.06787	-131.39781	1350.75256	92.93938	-214.80017	1251.09473	256.09146	-93.60757	1436.30725	253.94272	-210.84581	1124.58838	569.75574	7.70197	1048.41614	91.42264	-157.93414	896.92279	632.29596	-9.57542	795.13696	114.73119	-179.69466	1027.15808	390.03409	-118.43273	992.43628	277.61667	80.29589	999.45386	467.40225	-163.87727	490.44696	554.19171	62.32532	543.22162	269.80328	-206.07814	141.63824	519.22974	48.48613	106.93109	294.62451	
778	7.770	-370.01672	1240.20447	149.36652	-359.69904	1547.55774	175.63756	-398.89410	1409.15564	272.55627	-321.88025	1353.52478	62.08358	-265.74634	1419.86218	375.11081	-131.80048	1350.65613	93.17365	-214.96658	1251.14746	256.09467	-93.81371	1436.38965	253.60016	-210.76372	1124.52417	569.77777	7.60854	1048.57629	90.82972	-157.93466	896.98602	632.22876	-9.11681	795.59497	114.47473	-179.71674	1027.16504	390.04630	-118.62415	992.47400	277.54797	80.43970	999.39246	467.19778	-163.66548	490.25735	554.23206	62.03200	543.32269	269.58920	-206.10289	141.63522	519.20404	48.24998	107.04727	294.85132	
779	7.780	-370.37717	1240.43054	149.56290	-359.80072	1547.60486	175.66087	-399.28241	1409.38660	272.76956	-322.22925	1353.56311	62.12801	-265.74844	1419.86304	375.13892	-132.09885	1350.70349	93.18863	-215.13695	1251.18201	256.15457	-94.01668	1436.24036	253.72461	-210.49629	1124.40039	569.68555	7.51692	1048.73181	90.77217	-158.04263	897.16125	632.14758	-9.09020	795.68018	114.56042	-179.78975	1027.17590	390.03470	-118.76408	992.47266	277.57425	80.59800	999.19666	466.91452	-163.67920	490.26013	554.20380	62.29462	543.25507	269.37665	-206.12126	141.62421	519.19305	48.77196	106.71379	295.05811	
780	7.790	-370.74881	1240.58093	149.31998	-360.01477	1547.55298	175.75314	-399.34653	1409.37756	272.82104	-322.45258	1353.54956	62.23594	-265.76227	1419.84216	375.15860	-132.38705	1350.74365	93.20253	-215.27487	1251.18054	256.16937	-94.32008	1436.34387	253.68158	-210.44737	1124.47827	569.77393	7.88412	1049.22571	90.01308	-157.91838	896.99139	632.15955	-9.00927	795.92822	115.02782	-179.81198	1027.17200	390.03397	-118.94402	992.47858	277.46454	80.60008	999.21021	466.90732	-163.73584	490.41129	554.11597	62.29449	543.19330	269.08041	-206.13629	141.61998	519.18323	48.64536	106.89277	294.97650	
781	7.800	-370.96304	1240.50696	150.44135	-360.24127	1547.58350	175.86963	-399.42728	1409.33472	272.84528	-322.70386	1353.44373	62.18211	-265.94574	1419.95081	375.36032	-133.13441	1351.13794	92.54212	-215.39293	1251.17590	256.18668	-94.34534	1436.19458	253.47997	-210.31819	1124.40210	569.68719	7.49437	1049.50842	89.30790	-158.01294	897.27478	632.05133	-9.04163	796.02002	115.37791	-179.89693	1027.19214	389.98154	-119.10567	992.52429	277.36081	80.59759	999.21356	466.90369	-163.97246	490.61926	554.02997	62.53661	543.30359	268.27112	-206.11909	141.62784	519.19489	48.66266	106.76247	295.22137	
782	7.810	-371.27576	1240.62842	150.23659	-360.79987	1547.49426	176.00601	-400.02530	1409.42725	273.45996	-323.17972	1353.25549	62.41813	-266.14575	1419.92114	375.52069	-133.56845	1351.17126	92.57088	-215.56206	1251.19873	256.22195	-94.74938	1436.36145	253.25548	-210.22116	1124.36682	569.52142	6.90158	1049.61108	88.86950	-157.70886	897.35797	631.73572	-9.49450	796.21301	116.35006	-180.00462	1027.22131	389.92673	-119.23630	992.52850	277.21603	80.81812	999.69366	466.44052	-163.95061	490.59641	553.85754	62.46892	543.43616	268.10217	-206.12854	141.61214	519.19238	48.86999	106.57908	295.35706	
783	7.820	-371.59015	1240.75073	150.03075	-361.00513	1547.46594	175.95221	-400.11383	1409.38550	273.43622	-323.63937	1353.29126	62.23779	-266.37045	1419.85620	375.53061	-133.90974	1351.17712	92.86889	-215.71664	1251.24768	256.19431	-95.13448	1436.35681	253.20422	-210.06104	1124.48328	569.51599	6.24264	1049.77673	88.30840	-157.69794	897.47913	631.64081	-9.55470	796.48480	117.05833	-180.10764	1027.26685	389.85144	-119.38518	992.56171	277.13147	81.05676	999.73566	465.96341	-163.82056	490.56766	553.81110	62.45815	543.18689	268.04987	-206.37326	141.97075	518.89124	48.30990	106.21114	295.66089	
784	7.830	-371.96329	1240.56848	149.93605	-361.41483	1547.32617	176.12564	-400.42462	1409.49609	273.23318	-324.09686	1353.10291	62.36026	-266.45227	1419.83459	375.47449	-134.18018	1351.19751	92.88021	-215.85017	1251.23682	256.18567	-95.50370	1436.40735	253.07668	-210.12201	1124.36243	569.41339	6.08611	1049.75476	88.29185	-157.70685	897.50128	631.54956	-10.34016	796.61255	118.01535	-180.31351	1027.07483	389.73618	-119.41431	992.27716	276.72171	80.94162	999.94763	465.68124	-163.85435	490.57117	553.74127	62.46962	543.49725	267.54962	-206.11530	141.71228	519.15277	48.72942	106.82336	295.23917	
785	7.840	-372.31097	1240.38110	150.03975	-361.87534	1547.35815	176.27823	-400.97964	1409.53247	273.41431	-324.68695	1353.12463	62.39214	-266.63425	1419.70190	375.42566	-135.13472	1351.47156	92.31257	-216.07486	1251.21802	256.13422	-95.64536	1436.40894	252.89447	-209.98903	1124.53589	569.27576	5.82351	1049.62976	88.16896	-157.63568	897.69269	631.48468	-10.64808	796.88928	118.60538	-180.50914	1027.13391	389.60699	-119.49320	992.25134	276.58365	81.05767	999.95349	465.44070	-163.95596	490.73105	553.65204	62.70862	543.37640	267.23709	-206.28241	141.93651	518.95154	48.73893	106.84993	295.24774	
786	7.850	-372.65942	1240.46838	149.80956	-362.33221	1547.22070	176.46063	-401.58148	1409.59412	273.60156	-325.11462	1352.83569	62.64201	-266.91962	1419.58350	375.38074	-135.58638	1351.56067	91.98733	-216.30630	1251.17371	256.06516	-96.43169	1436.56848	253.21278	-210.05698	1124.60046	569.37524	5.46688	1049.74792	88.17657	-157.55638	897.78363	631.48444	-11.05278	796.72723	119.96725	-179.99876	1026.65649	389.03360	-119.61079	992.25427	276.40222	81.04310	999.96417	465.42487	-163.92926	490.69861	553.58282	62.68608	543.77405	267.10083	-206.08182	141.65956	519.20142	48.89565	106.79601	295.14560	
787	7.860	-373.07233	1239.99585	151.09326	-362.87595	1547.34021	176.34378	-401.75946	1409.47046	273.49298	-325.63611	1352.80835	62.46224	-267.16965	1419.38660	375.22156	-135.81844	1351.56287	91.99557	-216.50616	1251.13257	255.91229	-96.57053	1436.42590	252.46112	-210.03876	1124.67273	569.22058	4.86284	1049.69849	88.39734	-157.46758	897.83984	631.50189	-11.59894	796.83575	121.16208	-180.22952	1026.73157	388.86163	-119.56900	992.34998	275.97711	81.14933	999.91034	465.23691	-164.04451	490.79669	553.48035	62.79486	543.93146	266.66168	-206.03316	141.74033	518.95404	48.88888	106.87358	295.10721	
788	7.870	-373.61447	1239.93250	150.20554	-363.24323	1547.20386	176.21474	-402.38882	1409.22095	273.68643	-326.07431	1352.99438	62.45904	-267.91437	1419.48059	375.08728	-136.04726	1351.52075	91.99952	-216.73225	1251.04639	255.75412	-96.83472	1436.49475	252.37605	-210.03258	1124.69812	569.20587	4.22316	1049.62878	88.60044	-156.72990	897.74286	631.45953	-11.95545	796.66797	122.54218	-179.96654	1026.48535	388.37268	-119.59025	992.28625	275.85355	80.80852	999.97736	464.84344	-163.87477	490.77521	553.42676	63.05175	544.00421	266.18896	-206.26479	142.10945	518.92334	48.59335	107.08349	295.10931	
789	7.880	-374.09753	1239.68811	150.32280	-363.71048	1547.11963	176.08128	-403.12808	1409.13318	273.69696	-326.72546	1353.02673	61.96015	-268.14203	1419.42053	374.86246	-136.31099	1351.30713	91.65565	-217.03969	1250.93188	255.52071	-97.15125	1436.38977	252.26376	-210.03603	1124.71680	569.18921	3.43342	1049.89026	88.38165	-156.54787	897.80939	631.59479	-12.74363	797.26196	124.20683	-180.23221	1026.57581	388.13821	-119.44738	992.27100	275.47849	80.45220	999.89929	464.47870	-163.90067	490.79550	553.36902	63.37373	544.32922	265.85730	-206.03627	141.79181	519.16388	48.72548	107.04704	295.02521	
790	7.890	-374.57840	1238.69287	150.90842	-364.29706	1547.06042	175.97781	-403.60800	1408.71240	273.67136	-327.51462	1353.01233	61.66015	-268.39676	1419.37256	374.60092	-136.83092	1351.41797	91.20084	-217.33875	1250.83459	255.33728	-97.58075	1436.35120	252.13463	-210.03206	1124.72925	569.18469	2.67618	1049.54492	89.11298	-156.42975	897.94409	631.60834	-13.16137	797.04266	125.54523	-180.06821	1026.30334	387.62433	-119.50831	992.29431	275.26816	80.59808	999.96222	464.11560	-163.77124	490.87332	552.97052	63.55167	544.63037	265.58337	-206.19125	142.20775	518.66187	48.47671	107.13543	294.80539	
791	7.900	-374.93530	1238.56067	150.83858	-365.09290	1546.70361	175.97121	-403.65048	1409.02124	273.58148	-328.11609	1352.69360	61.41226	-268.95526	1419.26514	374.38458	-137.27458	1351.51538	90.43652	-217.67781	1250.65881	255.11513	-98.13003	1436.38953	251.67325	-210.09616	1124.76770	569.15192	2.23591	1049.54138	89.53510	-156.08023	898.51184	631.90515	-13.33115	797.30286	126.72509	-180.34157	1026.34509	387.44937	-119.56885	992.28271	275.10794	80.42120	1000.13257	464.27151	-163.95247	490.97800	553.18481	63.90191	544.61658	265.47202	-206.20096	142.18491	518.94049	48.47012	107.13127	294.80426	
792	7.910	-375.38748	1239.62109	149.27771	-365.51419	1546.47803	175.72771	-403.80704	1408.77991	273.34457	-328.69086	1352.29871	61.83776	-269.62042	1419.09351	374.21317	-137.72807	1351.10986	90.69111	-218.00690	1250.49402	254.81630	-98.59283	1436.09033	251.44350	-210.08009	1124.71863	569.13556	1.52672	1049.18030	90.44839	-154.57532	898.68494	631.34161	-13.42613	797.66919	128.25134	-180.26630	1026.05444	387.05386	-119.63645	992.23657	274.92346	80.38274	1000.39459	464.41934	-163.98207	491.00769	553.11456	64.33444	544.49316	265.39072	-205.76472	142.03773	518.83698	48.29054	107.59806	294.84155	
793	7.920	-375.88617	1239.43640	149.04747	-366.45969	1546.25647	175.79852	-403.15686	1408.08081	273.00473	-330.26819	1352.45398	61.02245	-269.90677	1418.68274	373.75620	-138.00989	1350.85938	90.63761	-218.36833	1250.31250	254.50143	-99.26296	1436.13086	251.03619	-210.14282	1124.74707	568.96069	0.92781	1049.29639	90.70815	-154.46194	898.74481	631.41351	-13.92604	797.05847	130.18813	-180.17558	1025.75830	386.59891	-119.71535	992.18854	274.72562	80.50690	1000.58295	464.00070	-163.99129	491.09280	553.01892	64.64185	544.53204	265.24097	-205.91776	142.34897	518.57147	48.33067	107.14066	293.72833	
794	7.930	-376.47195	1238.91553	149.14027	-367.02951	1546.03943	175.61801	-403.31952	1407.79932	272.68948	-330.78897	1352.18542	60.66899	-270.49011	1418.43677	373.36633	-138.79417	1351.05310	89.73228	-218.78801	1250.13171	254.15388	-99.68698	1435.93164	250.71078	-210.37419	1124.70862	569.01959	0.63415	1049.37146	91.12033	-154.30042	898.92432	631.38885	-14.17618	796.75073	131.67926	-180.44725	1025.79858	386.41516	-119.84433	991.97797	274.42441	79.94400	1000.62592	464.07303	-164.13127	491.24643	552.69556	64.85406	544.56982	265.25354	-205.89720	142.37843	518.56995	48.17849	107.18320	293.25848	
795	7.940	-376.99985	1238.39880	150.34396	-367.50034	1545.80347	175.19441	-404.74011	1407.45654	273.14539	-331.38776	1351.94299	60.69551	-271.26770	1418.44006	372.88708	-139.25478	1351.11230	89.41559	-219.24153	1249.91113	253.76808	-100.39711	1435.99878	250.32538	-210.60953	1124.68750	568.94434	-0.12792	1049.11621	91.96397	-154.26619	899.35236	631.72095	-14.48100	797.15332	133.51141	-180.70041	1025.80151	386.24368	-120.01283	991.90948	274.22052	79.71049	1000.63306	463.74310	-164.27644	491.30600	552.79663	65.29082	544.70892	264.92886	-205.69606	142.12469	518.83850	47.53098	107.35503	292.54413	
796	7.950	-377.66391	1237.92712	149.80911	-368.02957	1545.51636	174.77451	-405.17358	1407.30310	272.96277	-332.07727	1351.79211	59.96716	-271.67850	1418.36658	372.50317	-139.87633	1350.56433	88.89785	-219.73601	1249.67896	253.34319	-100.76694	1435.92908	249.96962	-210.94946	1124.72278	568.59222	-0.55920	1048.99060	92.05254	-154.16380	899.47504	631.77747	-14.36746	796.82129	134.65343	-180.95641	1025.79932	386.04642	-119.99887	991.64435	273.52765	79.03862	1001.07831	462.89664	-164.38017	491.44958	552.32532	65.85501	544.44714	264.85016	-205.89594	142.39024	518.55731	47.47558	107.29735	292.52692	
797	7.960	-378.16931	1237.85803	149.46664	-368.50067	1545.14551	174.41618	-404.80435	1406.83984	272.01007	-332.62939	1351.69922	59.62004	-272.12158	1418.13989	372.09351	-140.19942	1350.24866	88.77895	-220.21375	1249.47058	252.98608	-101.35275	1435.70630	249.41812	-211.02208	1124.71021	568.36884	-0.87325	1048.57922	92.65831	-154.09389	899.68164	631.73651	-14.28669	796.75134	136.20163	-181.03026	1025.48682	385.71500	-120.06118	991.46613	273.07434	79.11716	1000.97430	462.70309	-164.38554	491.34943	552.41504	66.05805	544.26373	264.53152	-205.89888	142.38940	518.55371	47.43924	107.25690	292.51474	
798	7.970	-378.95230	1236.51550	149.59599	-369.09625	1544.67175	173.82930	-405.50119	1406.79321	271.81653	-333.35010	1350.87170	59.63194	-272.61935	1417.94824	371.75235	-140.46069	1349.63354	88.18797	-220.69980	1249.16992	252.57507	-101.83820	1435.75964	248.97487	-211.17703	1124.68921	568.20654	-1.24712	1048.34436	93.24143	-154.16437	899.72607	631.59698	-14.11369	796.89392	137.30536	-181.33342	1025.47888	385.50665	-120.16487	991.22510	272.69986	79.35517	1001.36926	462.21036	-164.65408	491.54114	551.95166	66.42374	544.53760	263.93262	-205.90707	142.38535	518.53888	47.33109	107.42009	292.36578	
799	7.980	-379.24606	1237.42200	148.66110	-369.73239	1544.22375	173.58853	-407.16940	1406.79407	272.01700	-334.04739	1350.45886	58.95286	-272.87759	1417.43396	371.03946	-140.61305	1349.28906	88.20892	-221.20007	1248.93835	252.15504	-102.56174	1435.57556	248.39343	-211.38000	1124.46533	567.80811	-1.48058	1048.15588	93.77472	-154.28644	899.85474	631.42688	-13.39754	796.27649	138.30740	-181.50580	1025.15320	385.18930	-120.42319	990.99176	272.44754	79.59072	1001.33899	461.61340	-164.79295	491.64359	551.65851	66.60066	544.36194	263.92679	-205.92941	142.36646	518.51593	47.31676	107.56668	292.10342	
800	7.990	-379.92166	1236.93799	148.16821	-370.63516	1543.88330	173.18968	-407.51721	1406.24133	271.60156	-334.82269	1349.90100	58.96704	-273.86478	1417.41602	370.64218	-141.16832	1349.02820	87.61116	-221.67999	1248.65918	251.71974	-103.19067	1435.15784	247.89426	-211.71901	1124.51648	567.41541	-1.45159	1047.83740	94.65628	-154.45909	899.92212	631.17145	-13.07577	796.14709	139.13490	-182.13353	1025.18591	385.21951	-120.64641	990.87207	272.24670	79.19955	1001.87018	461.45609	-164.71353	491.43884	551.61285	66.61002	544.31146	263.91055	-205.95906	142.34392	518.49420	47.29266	107.89030	291.58002	
801	8.000	-380.62671	1236.52710	147.24446	-371.15872	1543.58252	172.59009	-408.05634	1405.74011	271.67261	-335.52545	1349.99866	58.20724	-274.40826	1416.96985	370.31421	-142.02182	1348.60608	86.59538	-222.15515	1248.37500	251.16348	-103.93086	1435.13953	247.45097	-211.97839	1124.21265	566.97937	-1.64443	1047.85608	94.92294	-155.22562	900.31293	630.81232	-12.35913	795.91144	139.70311	-182.45679	1025.12378	385.05460	-121.14295	990.55206	272.18329	78.97465	1001.95374	461.23010	-164.91052	491.28430	551.06525	66.56985	544.23181	263.88492	-205.96552	142.32693	518.50739	47.45713	107.62836	291.14828	
802	8.010	-381.16797	1236.41101	146.29018	-371.91199	1543.31641	172.06122	-409.14804	1405.29590	270.81549	-335.74689	1349.02222	57.90620	-274.51862	1416.61621	369.45975	-142.56123	1348.17371	86.29919	-222.72340	1248.12830	250.68387	-104.56488	1434.52966	247.07503	-212.38757	1124.20374	566.46143	-1.52490	1047.76245	94.82461	-156.32893	900.73456	630.53949	-11.30555	795.31342	140.31563	-182.32971	1024.06348	384.35565	-121.57040	990.30042	272.05954	78.55309	1001.58783	460.60962	-164.65080	490.95959	550.83698	66.44719	544.03992	263.49515	-205.99779	142.28870	518.48260	47.49044	107.87084	290.60709	
803	8.020	-381.84518	1235.44287	147.09158	-372.69867	1543.02930	171.78857	-409.62808	1405.01831	270.57773	-336.46225	1348.69751	57.64556	-275.28635	1416.83801	368.88181	-143.01482	1348.13892	85.55491	-223.19926	1247.86194	250.20332	-105.20748	1434.58838	246.46931	-212.95172	1124.30933	565.96527	-1.46799	1047.59497	94.99491	-156.99998	900.96307	630.08740	-10.80258	795.24628	140.63257	-182.21246	1023.66089	383.81891	-121.78741	990.08728	271.66943	78.36437	1001.80219	460.45013	-164.57738	490.99048	550.64001	66.22746	544.13477	263.47495	-206.01968	142.23869	518.48547	47.48455	107.81019	290.58688	
804	8.030	-382.26120	1233.93530	147.70525	-373.66245	1542.40869	171.41931	-409.57239	1404.49109	270.66141	-338.18103	1348.48242	56.51564	-275.89920	1416.33813	367.93454	-143.36850	1347.73230	84.95361	-223.68135	1247.55225	249.63719	-105.72290	1434.39978	245.13728	-213.64352	1124.30811	565.00806	-1.09006	1047.31079	94.89495	-157.31287	901.02911	629.72534	-10.18628	795.03436	140.95723	-182.05145	1023.44092	383.28613	-122.23337	989.88379	271.36996	78.29686	1001.53778	459.91812	-164.64464	490.66913	550.19781	65.86699	543.96716	263.05276	-206.22069	142.03981	518.59393	47.46156	107.75652	290.56970	
805	8.040	-382.93875	1234.88049	146.27359	-374.47067	1541.81360	170.90855	-410.58038	1404.56396	270.20786	-338.29282	1347.84277	56.35141	-277.62900	1416.66089	365.74908	-143.93716	1347.28955	84.28208	-224.19179	1247.20007	249.00301	-106.20132	1434.45715	244.54329	-214.18149	1124.40198	564.38214	-0.95695	1047.09229	95.00623	-157.66843	900.69342	628.95551	-9.65447	794.89832	141.04993	-182.46356	1023.44897	383.02814	-122.64314	989.79077	271.03561	77.40652	1001.86713	459.28418	-164.76497	490.65790	550.04816	65.02773	543.85107	262.37195	-206.22520	142.02585	518.59821	47.45501	107.71758	290.55682	
806	8.050	-384.59094	1234.33801	145.28372	-375.00772	1541.60022	170.21381	-410.89041	1404.03333	269.80237	-338.91907	1347.64673	56.39266	-277.53098	1416.30847	366.47580	-144.65184	1347.08569	83.20818	-224.68764	1246.89758	248.43314	-106.62260	1434.17310	243.81808	-214.54346	1124.20935	563.43048	-0.51923	1046.80334	94.39765	-158.54404	900.51520	628.24518	-9.19181	794.47180	141.17664	-182.75414	1023.17688	382.50916	-123.04736	989.68958	270.72830	77.19152	1001.92401	458.86154	-165.10785	490.31372	549.62506	64.56415	543.92041	261.93808	-206.28104	141.89374	518.61578	47.45391	107.67841	290.54364	
807	8.060	-385.18033	1233.54272	145.49541	-375.94803	1541.18103	169.49963	-411.13077	1403.87842	269.53607	-340.35739	1346.60242	56.04893	-278.07446	1416.03003	365.74368	-145.05995	1346.47864	81.86126	-225.19475	1246.60706	247.77899	-107.43477	1433.77771	243.06679	-215.09543	1124.12964	562.72931	-0.24919	1046.38123	94.32044	-158.69528	900.42920	627.40381	-8.53302	793.94446	141.38402	-183.71393	1022.95361	382.21521	-123.42065	989.40985	270.32156	77.05219	1001.61810	458.43695	-165.56839	490.53485	549.21515	63.89412	543.96228	261.71777	-206.13342	141.56520	518.88135	47.46510	107.64848	290.53311	
808	8.070	-385.58231	1232.98743	145.69234	-376.79080	1540.82263	168.75279	-411.51688	1403.21155	268.98691	-341.32816	1345.88831	55.51704	-278.53021	1415.60071	364.66766	-145.35710	1346.10950	81.72700	-225.77731	1246.37878	247.24593	-108.16035	1433.57922	242.19128	-215.83633	1124.05286	561.96692	-0.14935	1046.12585	94.25935	-160.04010	900.67426	627.22809	-7.92403	793.56598	141.43945	-184.21912	1022.94739	381.90683	-123.93122	989.09454	269.86115	76.99056	1001.74243	458.12042	-165.60878	490.43063	548.90277	63.41396	544.15759	261.38379	-206.35973	141.80441	518.59015	47.47355	107.43663	290.40112	
809	8.080	-385.99094	1232.69849	145.59387	-377.56293	1540.29907	167.90149	-411.54318	1403.07422	268.32300	-342.30881	1345.65613	54.86275	-278.94055	1415.55762	364.00681	-145.88077	1345.52087	81.44392	-226.31210	1246.15967	246.50348	-108.68707	1433.26904	241.38567	-216.79909	1123.99023	560.99835	-0.13244	1045.90320	93.89951	-161.87428	900.96820	627.05499	-7.87006	793.34094	141.25758	-184.80479	1023.02014	381.57083	-124.44158	988.96240	269.54141	76.89808	1001.75043	457.57651	-165.87038	490.26291	548.64966	63.05853	543.88739	261.28751	-206.47684	141.58307	518.43286	47.67356	107.20097	290.52240	
810	8.090	-386.78708	1231.70227	145.90884	-378.41217	1539.74939	167.29459	-412.63904	1402.84094	268.07492	-343.08682	1345.18225	54.40579	-279.25366	1415.51392	363.08942	-146.60159	1345.43103	80.32977	-226.90886	1245.92554	245.82904	-109.23930	1433.13879	240.43205	-217.46216	1123.90759	560.23450	-0.52631	1045.52441	93.85904	-162.65245	901.21118	625.89124	-7.91767	793.10193	141.10399	-185.36969	1022.82056	380.99567	-124.93532	988.53406	268.75375	76.57012	1001.74493	456.83871	-166.32076	490.32394	548.36853	62.66671	543.32568	260.55103	-206.47229	141.37976	518.19769	47.49480	106.63813	290.71350	
811	8.100	-387.05984	1231.54761	146.11147	-379.31021	1539.53760	166.59032	-413.12415	1402.80139	267.59488	-344.22247	1344.62256	53.75782	-280.22873	1415.49402	362.24640	-147.43553	1344.93896	78.88394	-227.49039	1245.79041	245.20305	-110.06490	1432.96326	239.42615	-218.48349	1124.14563	559.52930	-0.73036	1045.36938	93.29960	-163.94034	901.65686	625.75653	-8.02038	793.01031	140.98190	-186.29561	1022.69440	380.63345	-125.22330	988.26215	267.84818	75.76063	1001.82727	456.16406	-166.44273	490.30750	548.20447	62.30451	543.16785	260.49219	-206.52336	141.56326	518.41168	47.44306	106.78590	290.47845	
812	8.110	-387.90527	1231.56311	145.11147	-380.18146	1539.26807	165.80959	-413.34976	1402.39294	266.86154	-345.23737	1344.64929	52.64204	-281.17700	1415.44153	361.20355	-147.85197	1344.61621	78.18079	-228.09630	1245.58691	244.46967	-111.10007	1432.66602	238.61510	-219.13707	1124.20325	558.56433	-1.13614	1045.04260	93.09225	-164.79140	902.05920	625.14532	-8.20903	792.86401	140.64227	-186.93513	1022.79956	380.19275	-126.08681	987.96307	267.49142	74.55437	1002.02716	455.65967	-167.21216	490.50940	547.82806	61.88620	542.87683	260.52475	-206.30708	141.09766	518.45740	47.50331	106.54823	290.68283	
813	8.120	-389.21509	1230.81238	144.54265	-380.92578	1538.89343	164.73318	-413.98666	1402.46924	266.23950	-346.18842	1344.44055	51.78594	-281.94244	1415.27490	359.97202	-148.58258	1343.83618	77.86367	-228.73413	1245.37073	243.61203	-111.64360	1432.66675	237.58502	-219.47945	1124.13940	557.72375	-1.63282	1045.04700	92.53734	-165.00981	901.76691	623.87585	-8.62930	792.59387	140.38245	-187.36714	1022.37872	379.48633	-126.73248	987.94385	267.02182	74.19920	1002.18896	455.26428	-168.01462	490.84271	547.51349	61.49089	543.04584	259.80264	-206.52045	141.35742	518.17108	47.22260	106.23502	290.87427	
814	8.130	-390.20117	1230.52051	144.26976	-381.82419	1538.72620	163.64395	-414.72034	1402.28064	265.57751	-347.19434	1343.99182	51.37957	-282.92245	1415.24292	359.15076	-149.54625	1343.35095	75.76077	-229.42503	1245.06689	242.83083	-112.41679	1432.15186	236.53493	-220.53419	1124.19617	556.98938	-1.90601	1044.52820	91.97689	-166.96265	902.17126	623.50641	-9.14048	792.56384	139.85933	-187.89139	1022.02637	378.76724	-127.39882	987.80957	266.35126	73.38100	1002.34729	454.18640	-168.38503	490.98914	547.12396	60.83540	542.93549	259.81818	-206.38527	141.26434	518.63293	47.50332	106.48791	290.66251	
815	8.140	-391.11447	1230.19385	144.16348	-382.54489	1538.43811	162.68761	-415.27957	1402.25562	264.70016	-348.57169	1343.88171	50.43152	-283.36639	1414.93420	358.09061	-150.35257	1343.40051	75.23685	-230.16347	1244.85693	241.96648	-113.15208	1432.08582	235.39105	-221.43939	1124.35364	556.03864	-3.34974	1044.12927	90.91285	-168.55362	902.28107	622.59778	-9.46146	792.36566	139.63953	-188.22049	1021.86469	377.91217	-128.17839	987.67572	265.85632	72.95960	1002.57562	454.07578	-168.89563	491.06250	546.92023	60.52621	542.83679	259.36493	-206.59528	141.55403	518.33929	47.23587	106.20182	290.86255	
816	8.150	-391.93338	1230.05188	144.28828	-383.36526	1538.14111	161.72771	-416.67484	1402.59985	263.96014	-349.67859	1342.09912	50.35754	-284.25711	1415.16235	357.14624	-151.16130	1342.74609	74.52581	-230.90384	1244.57947	241.09261	-114.23713	1431.91626	234.05125	-222.47214	1124.49536	555.23175	-3.87864	1043.98303	90.45527	-169.15077	902.47534	622.01819	-9.65931	792.00586	138.71896	-189.11354	1022.08850	377.36786	-128.91374	987.53961	265.21744	72.03667	1002.41638	453.08676	-169.25145	491.01102	546.69305	60.09259	542.75311	258.97617	-206.61296	141.54474	518.32574	47.20143	106.20161	290.86383	
817	8.160	-393.01920	1230.05981	143.38142	-384.43536	1537.72852	160.74719	-417.01721	1402.27209	262.83658	-351.33707	1342.54309	49.06152	-284.99161	1414.91235	356.06018	-152.34363	1342.48718	73.30177	-231.72284	1244.38733	240.20854	-114.94118	1431.71936	232.88144	-223.28584	1124.52405	554.64728	-4.24975	1043.43994	89.33389	-169.73824	902.30359	621.36627	-10.28730	791.66785	138.21645	-189.67076	1021.94696	376.65768	-129.70427	987.47321	264.73962	71.79843	1002.57813	452.38004	-170.05406	491.08978	546.42938	59.36279	543.08215	258.80618	-206.63464	141.54939	518.30475	47.17133	106.18154	290.85828	
818	8.170	-394.05316	1229.94971	142.79227	-385.28564	1537.78577	159.66138	-418.30167	1402.24036	262.57605	-352.17297	1342.12585	48.58605	-285.86191	1414.99341	354.73288	-153.17542	1342.31238	72.23135	-232.56996	1244.18530	239.23633	-115.84968	1431.46448	231.58150	-223.98808	1124.74194	553.75824	-5.19133	1043.04053	88.59113	-170.83527	903.00415	620.70325	-10.86773	790.94476	137.51904	-190.42537	1021.70325	375.92010	-130.46736	987.32172	264.06967	70.90009	1002.77142	451.64294	-170.65910	491.38800	546.23761	58.97005	542.91754	258.98761	-206.75293	141.55545	518.32245	47.11132	106.02612	291.08057	
819	8.180				-386.12912	1537.43652	158.29886	-419.31451	1401.98828	261.45569	-353.18054	1340.34448	48.52710	-286.64951	1414.93372	353.66953	-154.19583	1341.61340	71.82812	-233.37082	1244.06311	238.26318	-116.72284	1431.20825	230.43149	-224.66965	1124.58350	552.98682	-6.34615	1042.69714	87.45853	-172.23828	903.70233	619.98517	-11.61131	790.84100	136.91489	-191.31541	1021.90259	375.27286	-131.35912	987.08374	263.32263	70.76681	1003.12177	450.90140	-171.13548	491.34586	545.79242	58.30914	542.43781	258.72137	-206.81468	141.65601	518.26447	47.09484	106.15829	290.85349	
820	8.190	-396.54984	1229.43250	140.05533	-387.19046	1537.33704	157.09897	-420.90378	1402.33435	260.72681	-354.46039	1340.04626	47.77091	-287.88025	1415.02246	352.51431	-155.24518	1341.41760	70.22768	-234.31926	1243.91223	237.32912	-117.97519	1431.16296	229.26765	-225.47958	1124.95276	552.09412	-7.07762	1042.59619	86.43219	-173.00525	903.94763	619.30078	-12.82854	791.02454	136.17390	-192.19144	1022.13501	374.68762	-132.08997	986.65222	262.40604	68.83854	1003.02777	449.73889	-171.76656	491.63864	545.51111	57.89030	542.52673	258.60455	-206.93997	141.73630	518.42572	46.72185	105.61018	291.10474	
821	8.200	-397.78372	1229.09692	139.28918	-388.05588	1537.16199	156.02757	-421.48315	1402.32935	259.46143	-355.66031	1339.82068	46.64373	-288.75809	1414.69336	351.28629	-156.08585	1340.94678	68.79852	-235.31319	1243.76599	236.29572	-118.50485	1430.83997	228.01306	-226.10547	1125.15454	550.77295	-8.46820	1042.47852	84.77494	-173.98824	904.29504	618.78870	-13.42224	790.53778	135.22488	-193.39519	1022.12048	374.19638	-132.94244	986.39838	261.61743	68.01176	1003.14362	449.28183	-172.52005	492.01385	545.18793	57.56961	542.43134	258.57281	-206.97478	141.82875	518.33667	46.70761	105.58773	291.09775	
822	8.210	-398.91776	1229.19580	138.09941	-389.22964	1537.09338	154.97375	-422.55237	1402.22571	258.46375	-356.81485	1339.55151	45.71256	-289.89502	1414.87085	350.38400	-157.02538	1340.30859	68.28099	-236.28136	1243.55530	235.30197	-119.77713	1430.81201	226.93881	-227.34988	1125.40088	550.08209	-9.27070	1042.00537	83.78056	-174.81155	904.54449	618.08240	-13.85400	790.03833	134.05545	-194.37111	1022.07239	373.32437	-133.83710	986.03217	260.84875	67.36547	1003.53387	448.73157	-172.77959	492.03525	544.92950	56.44862	542.10846	258.37314	-206.98868	141.84000	518.31195	46.64758	105.40314	291.34442	
823	8.220	-400.17532	1228.98767	137.18083	-389.93066	1536.89771	153.56714	-423.12894	1401.88989	257.06876	-358.01825	1339.07117	44.90653	-290.89526	1414.48877	348.92950	-158.37721	1340.50049	66.81448	-237.32861	1243.30457	234.22647	-121.03049	1430.49573	225.49440	-228.08453	1125.51587	549.07794	-10.26301	1041.53345	82.78960	-175.30190	905.20593	617.24536	-14.88183	790.03583	133.07767	-195.73442	1021.90881	372.75436	-135.06306	985.93835	260.35831	66.29898	1003.42651	447.83392	-173.49997	492.44788	544.48450	55.64827	541.96289	257.94864	-207.13701	141.94054	518.27527	46.53492	105.30328	291.55862	
824	8.230	-401.29028	1229.14819	136.43639	-391.12161	1536.61426	152.24857	-424.46930	1401.65173	256.21170	-359.07379	1338.79980	43.15509	-292.03693	1414.63782	347.80722	-159.63710	1340.18872	65.32252	-238.40494	1243.10010	233.22043	-121.84168	1430.17761	224.29996	-228.80545	1125.94458	548.34998	-11.73760	1041.53040	81.53799	-175.96225	905.40210	616.77631	-16.46511	789.91931	132.05513	-196.09331	1021.36346	371.52844	-136.06383	985.73181	259.67328	65.74915	1003.59644	447.33176	-174.30299	492.70419	544.10895	54.65493	541.72528	258.01578	-207.16434	141.93866	518.23071	46.62312	105.36002	291.33087	
825	8.240	-402.77225	1228.56909	135.51071	-392.04178	1536.79736	151.10185	-425.79022	1401.89355	255.02684	-360.58490	1338.62402	41.70455	-292.94229	1414.28198	346.58594	-161.23735	1340.13220	64.41686	-239.59525	1242.96240	232.15215	-123.34932	1430.13928	223.01341	-229.37883	1126.03931	547.21106	-12.43568	1040.75366	80.35114	-177.34950	906.23035	616.25653	-17.37421	789.50330	131.52100	-196.93855	1021.07031	370.56671	-137.42947	985.38214	259.02237	64.24918	1003.81952	446.38013	-175.31589	492.54840	543.77173	54.20266	541.73596	257.95752	-207.16118	141.96965	518.20129	46.54126	105.23502	291.53537	
826	8.250	-404.08212	1228.65698	134.06712	-393.13202	1536.52466	149.54694	-427.29443	1402.32178	254.08696	-361.63712	1338.45483	41.50488	-294.47977	1414.52710	345.56580	-162.16301	1339.35168	63.39291	-240.74167	1242.86145	231.13039	-124.16601	1429.95422	221.97195	-230.17693	1126.35669	546.49561	-14.55261	1040.58691	79.01329	-177.94341	906.60254	615.83557	-18.44610	789.16077	130.36400	-198.09610	1021.31830	369.87134	-138.76814	985.13879	258.39944	62.73227	1003.77716	445.11423	-175.84370	492.74124	543.28705	53.70013	541.38434	257.60452	-207.18521	141.98262	518.14722	46.84258	104.95419	291.95593	
827	8.260	-405.28748	1228.61340	133.11581	-394.15979	1536.58289	148.40207	-427.80914	1402.06543	252.70773	-363.34943	1339.83130	38.33675	-295.66647	1414.67761	344.00052	-163.13524	1339.31006	62.37089	-241.98427	1242.83960	229.97569	-125.15612	1429.57324	220.60606	-231.50865	1126.74451	545.59003	-15.48554	1040.35156	77.92412	-178.42949	906.65442	615.28552	-19.35137	788.90894	128.99275	-199.20879	1021.12225	368.79279	-140.12408	984.93140	257.57285	61.71135	1003.63647	444.18097	-176.37529	492.97427	542.89435	53.02705	541.58307	257.07648	-207.20010	141.99579	518.12164	46.84618	104.84969	292.00714	
828	8.270	-406.49667	1228.83643	131.96680	-395.10016	1536.73718	146.92603	-428.59271	1401.88538	250.95026	-364.01398	1340.31201	36.95211	-296.78714	1414.82129	342.68881	-164.59624	1339.06812	60.79346	-243.26730	1242.89514	228.96837	-126.32304	1429.72595	219.26350	-232.61668	1127.40161	544.58942	-16.85061	1039.97705	76.18958	-178.61423	906.99829	614.95270	-20.39998	788.48267	127.62729	-200.99580	1021.53284	368.11008	-141.56638	984.90112	256.64999	60.85568	1003.92175	443.84076	-177.23831	493.37302	542.51550	52.33060	541.71411	256.51617	-207.21945	141.99982	518.08533	46.86634	104.87371	291.92786	
829	8.280	-408.10703	1228.84485	130.72090	-395.85968	1536.85840	145.73187	-430.23495	1402.38916	249.80917	-365.12601	1340.30005	35.60308	-297.94620	1415.19971	341.56647	-165.07344	1338.68872	60.07923	-244.55466	1242.94067	227.81264	-127.33503	1429.98938	218.19003	-233.20084	1127.68188	543.88660	-17.96168	1039.78064	75.40853	-178.87630	907.74274	614.42816	-21.71546	788.46088	126.38746	-202.58153	1021.53333	367.27307	-142.67880	984.75397	255.54112	59.16148	1004.16962	442.11853	-177.94861	493.52475	542.09955	51.47388	541.20422	256.23697	-207.23010	141.99504	518.07257	46.83619	104.74772	291.97314	
830	8.290	-409.21954	1228.85339	129.93074	-397.05359	1537.37463	144.67033	-431.57718	1402.57068	248.82709	-366.20999	1340.59741	34.39824	-298.50742	1415.01648	340.11124	-166.97424	1339.16968	58.29041	-245.92120	1243.18896	226.75331	-128.54243	1430.09961	216.92142	-234.23164	1128.19983	543.09863	-19.90765	1040.21289	73.67709	-179.65744	908.64948	614.44122	-22.96290	787.83276	126.04238	-203.94565	1021.46954	366.10846	-144.45522	984.24255	254.27010	57.74751	1004.00208	441.24625	-178.84256	493.92575	541.31384	50.52407	540.85791	255.87231	-207.39903	142.02487	518.09552	46.90308	104.75182	291.68707	
831	8.300	-410.67590	1229.40747	128.84038	-398.14307	1537.73071	143.50851	-432.42426	1403.43115	247.67776	-366.72855	1340.81506	33.33533	-299.67731	1415.47705	339.09937	-167.84583	1339.04358	57.71104	-247.33289	1243.41675	225.63570	-129.40489	1429.97083	216.02817	-235.29515	1128.84583	542.49255	-21.02245	1040.03845	72.87637	-179.40002	908.91437	614.11523	-25.10701	788.29633	124.43501	-205.62335	1021.90887	365.11685	-145.99626	984.48431	253.27669	56.20806	1004.16486	439.64398	-179.25970	493.54770	540.48950	49.76689	540.11096	255.27013	-208.77144	143.13625	518.82635	46.56057	104.64536	291.63016	
832	8.310	-412.10577	1230.24158	126.61064	-399.10007	1538.36755	142.23932	-433.93344	1403.76672	246.22000	-367.87631	1341.33777	32.37409	-301.74619	1416.05981	338.23248	-169.26883	1339.46631	56.47625	-248.70131	1243.80408	224.55078	-130.53748	1430.35132	215.28497	-236.36897	1129.08105	542.01501	-22.94173	1040.27917	71.44095	-178.88358	909.52454	614.05200	-25.72867	787.81354	123.24896	-207.75806	1022.09711	364.14737	-147.77744	984.45667	252.06227	54.87375	1004.00079	438.98987	-180.11259	493.76208	539.87427	49.11082	539.75940	254.99141	-209.33447	143.14304	519.51477	46.56069	104.39421	291.09012	
833	8.320	-412.99161	1230.97766	124.52859	-399.93945	1538.93481	141.19493	-435.64069	1404.68311	244.97906	-369.08319	1342.04163	31.35438	-302.72391	1416.38367	337.32343	-170.63730	1340.25952	55.71410	-250.23889	1244.17175	223.47865	-131.75810	1430.55774	214.29695	-237.37523	1129.54541	541.51886	-24.34820	1040.64075	69.94661	-178.77379	909.74768	614.01770	-27.45055	788.23297	121.32561	-209.22385	1022.28479	362.89725	-149.74553	984.60101	250.88596	52.49692	1003.52753	436.33212	-181.08139	494.07974	539.02142	47.81000	539.81873	253.86757	-209.97719	142.93965	519.78925	46.40635	103.99564	290.78113	
834	8.330	-414.12256	1231.76074	123.72414	-401.45966	1539.97119	140.36916	-436.35223	1405.29248	243.98425	-369.98410	1342.78784	30.34122	-303.71729	1416.70959	336.41425	-171.68454	1340.78491	55.46423	-251.78348	1244.59058	222.37895	-132.74199	1430.83325	213.62740	-238.58311	1130.19360	540.83136	-26.18780	1040.73401	68.10574	-179.10165	910.62720	613.78552	-28.77785	788.35168	120.38557	-211.40033	1022.56073	361.76581	-151.76788	984.59192	249.53511	51.32261	1003.25977	434.89056	-181.66055	493.93423	538.41132	46.69268	539.51184	252.79594	-211.15382	142.45178	520.28076	46.04990	103.81947	290.36575	
835	8.340	-415.53668	1232.68140	122.66779	-402.08142	1540.70581	139.23537	-437.56342	1406.10852	242.65839	-371.07031	1343.80493	29.55228	-305.44016	1417.06189	335.74368	-173.25510	1341.75403	53.73056	-253.39767	1245.06738	221.26443	-133.89992	1431.03601	213.16901	-239.69760	1130.60364	540.42957	-27.32137	1041.11304	67.31288	-179.49811	911.31464	613.46698	-30.57040	789.13794	119.02459	-213.13081	1022.11182	359.92352	-153.85924	984.36523	247.89371	49.11243	1003.23376	433.83255	-182.41376	493.20432	536.72101	45.33323	539.23383	252.36678	-212.12079	142.38110	520.66345	46.11431	103.69869	290.26453	
836	8.350	-416.92810	1234.21399	120.97536	-403.19647	1542.13318	138.33972	-439.19183	1407.55823	241.06468	-371.36218	1345.23889	28.00710	-307.05075	1417.44446	335.24304	-174.31136	1342.15771	53.28354	-255.03148	1245.68103	220.31358	-135.76427	1431.35144	212.50595	-240.89896	1130.93420	540.54199	-28.98335	1041.59814	65.74917	-179.97974	911.69714	613.46045	-32.02086	789.30042	117.18523	-214.89581	1022.08600	358.44693	-156.07219	984.57288	246.41522	46.39224	1002.32245	431.95880	-184.17087	494.78949	533.68042	43.85567	538.70300	251.71985	-212.94028	142.29816	522.27789	45.92107	103.70937	289.61066	
837	8.360	-417.91391	1235.28760	120.03761	-404.12698	1543.54810	137.51036	-440.74069	1408.62903	239.73419	-372.16116	1346.37622	27.39132	-308.22473	1417.75366	334.53796	-175.72563	1342.85327	52.54896	-256.77493	1246.35254	219.33279	-137.35892	1431.65015	212.63852	-241.65182	1131.32092	540.34216	-30.31891	1042.13806	65.16527	-179.22250	911.79590	612.95404	-34.03333	789.64545	115.87053	-216.97656	1022.03131	356.73944	-158.35931	984.59357	244.59586	44.80400	1002.39844	430.90771	-186.38684	496.79807	526.73627	42.15615	539.00983	250.31999	-213.99788	142.18379	523.09167	45.97494	103.62723	289.40302	
838	8.370	-419.44464	1236.94727	118.07108	-405.13541	1544.94421	136.81604	-442.26254	1409.75208	238.76567	-373.09442	1347.22485	27.15270	-310.06631	1418.03552	334.12204	-177.35634	1343.70593	51.59291	-258.55463	1247.10815	218.56744	-138.59077	1432.11707	212.01262	-243.14331	1132.07910	540.26221	-31.78991	1042.99597	63.90796	-179.96040	911.64795	612.66620	-35.95134	790.43719	113.55060	-219.77098	1022.38489	355.29266	-161.11900	984.55518	243.29770	42.12637	1001.57532	428.75626	-188.39832	497.04233	517.43573	41.03082	538.94055	249.57962	-215.71104	142.08612	523.83087	46.01509	103.49304	289.05026	
839	8.380	-421.46277	1238.81824	116.58127	-405.99176	1546.42419	136.08612	-444.59265	1411.23730	237.63057	-374.15479	1350.34558	24.69896	-311.60757	1418.56079	333.89429	-178.51584	1344.27612	51.68464	-260.38495	1247.89294	217.64375	-140.31757	1432.76355	211.37170	-244.71541	1132.26025	540.12073	-33.37252	1043.90942	63.38810	-180.03545	911.65869	611.37592	-38.18845	791.27441	112.26556	-222.55275	1022.10950	353.61398	-163.63240	984.71893	241.45398	39.95410	1001.53033	426.91977	-190.86624	496.26740	507.66489	39.61855	538.84985	249.04369	-217.60382	142.99344	525.29150	45.52263	103.56075	288.49100	
840	8.390	-422.70306	1241.02991	115.36487	-407.09430	1548.24951	135.51654	-446.39661	1412.76648	236.20197	-375.09012	1351.78552	23.97134	-313.24258	1418.93665	333.56931	-180.74301	1345.85779	50.27823	-262.35507	1248.71143	216.89145	-141.95541	1433.07947	211.27655	-246.13101	1132.55176	539.94055	-35.56987	1044.90979	61.79210	-181.49760	911.47900	610.72845	-40.04189	791.83167	110.75201	-224.62996	1021.57910	351.30429	-165.94214	984.76477	239.02438	36.61429	1000.97156	424.57565	-192.77614	494.82318	498.24585	38.45847	539.20081	247.61317	-218.05124	141.92241	525.96960	45.30577	103.97360	288.35001	
841	8.400	-424.81104	1243.38831	112.55209	-408.28998	1550.46570	135.61333	-448.70352	1414.00757	234.84949	-376.56879	1354.63245	22.39507	-316.58359	1419.78455	331.80634	-182.44022	1346.68311	50.13924	-264.33093	1249.45020	215.99260	-143.72794	1433.46985	210.85291	-247.44949	1132.88928	539.53845	-36.74104	1045.54211	61.15914	-182.12709	910.77118	608.60358	-42.71095	792.79108	108.56890	-227.14893	1021.02936	349.07980	-168.59291	984.80219	236.68578	33.87548	999.85297	423.25623	-196.22704	493.83725	489.97354	36.91584	539.26111	245.74330	-219.30672	141.33026	526.70996	44.80368	104.65443	287.98248	
842	8.410	-427.91925	1245.11560	110.65089	-409.38522	1552.36768	135.08096	-450.86472	1415.81836	233.61917	-377.61060	1356.76685	21.57651	-316.91910	1419.75549	332.85757	-184.30981	1347.57361	49.12061	-266.43637	1250.35803	215.21838	-145.34140	1434.07471	210.23047	-249.14630	1132.99854	538.87695	-38.80552	1046.59534	59.58062	-183.37683	910.97443	606.17310	-44.77559	793.61737	106.06215	-230.53282	1021.04022	347.03931	-171.64606	985.01129	234.68503	30.44965	998.37946	420.91232	-197.80119	491.88065	479.30637	35.72049	539.62024	244.67561	-221.15627	140.39049	525.82135	44.85147	104.80488	287.57477	
843	8.420	-429.80151	1247.97778	108.97614	-410.37424	1554.52930	134.55779	-453.07037	1417.70728	232.01900	-379.08282	1359.68103	20.06760	-319.13327	1420.60388	332.43372	-185.86739	1348.54077	49.07576	-268.66855	1251.19495	214.27968	-146.87268	1434.47278	210.03633	-251.41510	1133.11829	538.24622	-40.46431	1047.49597	58.70280	-184.25615	909.69580	603.75989	-47.29551	794.64685	104.10836	-233.81662	1020.45197	344.61633	-174.65471	985.16284	232.30212	27.53062	997.43469	419.45435	-201.18729	489.62039	470.08109	34.48666	539.84399	242.55925	-224.07907	140.42044	523.26007	44.46010	105.00252	287.29367	
844	8.430	-432.56827	1250.50610	106.10885	-411.82639	1556.62781	134.64940	-455.46521	1419.47656	230.72929	-380.57309	1362.07629	19.21827	-321.74884	1420.86011	332.24738	-188.46800	1350.38477	47.80037	-270.98621	1252.20911	213.44717	-148.95813	1434.95496	209.90797	-253.17271	1132.60083	537.36542	-42.50072	1048.85278	57.16644	-186.69254	909.01746	601.34595	-49.83350	795.70544	101.54489	-236.67595	1019.81512	341.57117	-177.29025	985.25275	229.10696	23.47979	996.52051	417.51187	-205.86716	489.10852	461.70825	33.63675	539.79315	240.83064	-226.99376	140.33470	520.26898	43.75151	105.42581	286.57596	
845	8.440	-435.41779	1252.97131	103.82316	-412.72052	1558.94775	134.25804	-458.54761	1421.45593	229.97308	-382.55313	1364.88757	17.99510	-323.83612	1421.13501	332.11813	-190.30594	1351.39746	47.61954	-273.34015	1253.12219	212.27425	-151.24400	1435.47070	209.55788	-255.30267	1132.04919	535.84326	-45.18064	1050.12622	55.00123	-187.87471	908.28247	598.71692	-52.21434	796.36237	98.81252	-240.54951	1019.62915	338.96185	-180.58659	985.39563	226.72391	19.52509	995.79120	415.87250	-212.29018	489.50708	455.47595	32.29784	539.93756	239.38312	-233.12039	141.16548	514.93304	42.46537	105.86235	285.22748	
846	8.450	-438.29141	1255.74060	102.25375	-414.14496	1561.28491	134.17400	-460.64374	1423.13708	228.25508	-384.11420	1367.90002	16.35552	-326.65280	1421.53418	331.55035	-192.94583	1353.07629	46.69600	-275.83344	1254.00452	210.99841	-154.15527	1435.72620	210.46254	-257.44531	1131.44922	534.12366	-47.96421	1051.40051	53.67284	-188.47066	906.25598	594.07672	-54.79773	797.45575	96.02758	-243.54108	1019.07507	335.53394	-183.36934	985.44574	223.13074	15.63614	994.62036	414.18411	-219.82457	490.35760	450.39926	31.60143	540.66992	237.23514	-239.56647	142.03436	509.26416	42.35802	105.82024	284.97394	
847	8.460	-441.28189	1258.61841	99.15697	-415.67111	1563.84924	133.97777	-463.56686	1425.55530	226.78253	-386.10391	1370.82739	15.45974	-328.70721	1421.90686	331.15109	-194.80327	1354.52905	46.20386	-278.41925	1254.91309	209.68771	-156.35298	1436.05505	209.96005	-259.94778	1130.50098	532.08044	-49.91566	1052.15857	51.94193	-191.65701	905.31409	591.34125	-57.88578	798.86639	93.93298	-247.50880	1018.82043	332.40930	-186.68147	985.67999	220.24989	10.74104	993.83063	411.85587	-227.12273	490.04041	445.49139	30.47223	540.53503	234.53705	-247.50900	142.44031	500.96866	42.10598	106.17247	283.87415	
848	8.470	-444.18286	1261.86511	96.66475	-416.76627	1566.05554	133.66640	-465.94296	1427.77075	225.28496	-388.00464	1374.10059	13.94328	-331.49942	1421.67371	330.76263	-197.38318	1356.14624	45.03329	-281.08298	1255.78174	208.16782	-158.76952	1436.23157	209.94577	-262.70877	1129.42725	529.75708	-53.50058	1053.77930	50.08727	-192.69609	903.50330	587.24652	-60.70056	799.65076	90.78600	-250.96071	1018.37488	328.79050	-190.06862	985.30145	216.93114	6.80603	992.30286	410.31113	-235.59557	489.89673	441.79330	29.74789	540.33838	233.37019	-256.07278	144.23587	492.46729	41.81010	105.86314	283.12906	
849	8.480	-447.43015	1264.33923	94.39849	-418.12207	1568.43726	133.56648	-469.44702	1429.81958	224.34349	-389.92636	1377.08398	12.49699	-334.30270	1421.86047	330.00497	-200.27344	1358.14795	43.52254	-283.97147	1256.64111	206.53801	-161.31757	1436.66443	209.51820	-265.05957	1128.11450	526.89563	-56.29715	1054.76611	48.84935	-194.70389	901.43475	583.07318	-64.01061	800.80536	88.09943	-255.16605	1018.22961	325.48459	-193.71808	985.25836	213.83890	2.70979	991.01202	408.25867	-243.61894	489.88055	438.55634	27.91590	540.53882	230.82877	-267.30170	144.33656	484.13144	40.88938	105.74110	281.92130	
850	8.490	-450.46857	1267.00146	92.67670	-419.48080	1570.74365	132.92751	-471.58017	1431.79089	222.73657	-392.10165	1379.45935	12.92612	-337.06729	1422.00635	329.60474	-202.59096	1359.35950	43.03967	-286.96652	1257.46716	204.83878	-163.87611	1436.55493	209.43205	-267.86771	1126.22803	523.72089	-59.36607	1055.94031	46.74053	-196.94182	899.72601	578.89099	-67.36047	801.73560	85.62524	-259.15277	1017.89832	322.03104	-197.44696	984.78864	210.43512	-2.35261	990.45142	406.51025	-251.75104	489.13995	435.56296	26.66212	539.68744	228.44009	-280.11398	143.67447	475.56464	40.22879	105.25655	281.56723	
851	8.500	-453.76028	1270.35352	89.27229	-421.24783	1573.46045	133.02788	-474.75601	1434.01794	221.00624	-394.01080	1382.78040	11.02321	-340.16391	1421.78943	328.63922	-205.20174	1360.52869	42.09432	-290.05350	1258.24670	203.04906	-166.84192	1437.07263	208.99876	-270.78226	1124.59033	520.33093	-62.68258	1057.31873	44.63966	-199.03902	897.99304	574.85693	-70.62888	802.48676	81.74023	-263.57755	1017.79395	318.70285	-201.44606	984.66827	207.32347	-6.89928	988.59546	404.01437	-260.81763	488.62991	433.20035	25.20153	539.52600	226.42047	-294.26624	143.32220	468.18399	39.46710	104.21909	280.88809	
852	8.510	-456.88116	1271.82971	88.50225	-422.39209	1575.77661	132.43053	-477.17905	1436.36401	219.53038	-396.11240	1385.70972	9.35836	-342.69684	1421.83777	327.97156	-208.31792	1362.61633	40.94538	-293.34512	1258.95911	201.22510	-169.22499	1436.83691	208.37558	-273.38528	1122.50269	516.82666	-66.02794	1058.23267	42.88900	-202.24529	896.58508	572.04700	-73.81084	803.37494	78.87289	-268.45337	1017.98676	315.62589	-205.69981	984.05524	204.06476	-12.23814	988.09698	401.32373	-270.21185	487.66638	430.80551	23.76523	539.05603	225.09657	-308.92017	142.35896	460.02011	38.16494	104.55999	278.99246	
853	8.520	-460.60175	1275.95361	85.11796	-423.95874	1578.02466	132.56873	-480.38281	1438.77148	218.18559	-398.12164	1388.25232	8.52335	-346.15842	1421.77136	326.92453	-210.92461	1363.66321	39.92967	-296.67999	1259.67017	199.34224	-172.08168	1436.96313	207.75378	-277.14508	1120.89551	513.06409	-69.59393	1058.95032	40.77092	-205.12892	894.36053	566.93030	-77.23331	803.80701	75.19115	-272.78329	1016.94244	311.89890	-210.20688	983.93066	200.94127	-17.54481	986.43909	398.76932	-280.01801	486.85440	429.09024	22.44777	538.85779	222.49718	-324.58441	141.89156	453.49020	36.71873	103.69154	277.80573	
854	8.530	-464.01022	1279.07922	83.49892	-425.14441	1580.35669	132.06886	-483.38898	1440.83081	216.70483	-400.47623	1391.43286	7.02006	-349.26013	1421.37915	326.01874	-213.36533	1364.78247	39.14653	-300.15631	1260.27722	197.37518	-174.83075	1436.77344	207.48746	-281.12851	1118.72314	509.46799	-73.45894	1060.01587	38.90281	-208.05096	892.49945	563.73499	-81.41685	804.61871	72.05019	-278.19467	1017.10736	308.93433	-215.08994	983.43274	198.06464	-22.32270	984.33228	395.79031	-290.47095	485.75278	428.46457	20.27720	537.89496	220.87050	-340.24606	140.90533	446.08026	36.49528	103.44331	277.16611	
855	8.540	-467.78073	1281.94263	80.44469	-426.77530	1582.76563	132.05614	-486.02975	1442.74329	214.91475	-402.75439	1394.33875	5.12532	-352.69885	1421.31360	325.04782	-216.62257	1366.52600	37.24389	-303.70944	1260.88342	195.33670	-178.12000	1436.57947	206.74115	-284.21051	1116.56592	505.38690	-77.56583	1060.52356	35.85099	-211.94893	889.86505	559.45807	-84.61405	805.56738	68.05229	-283.16898	1016.36981	305.46909	-220.09711	982.90875	194.61119	-28.14436	983.38361	394.16995	-300.40747	484.29782	425.52280	18.76439	537.16559	219.39928	-355.96060	140.12329	439.47205	34.13586	102.94362	274.85190	
856	8.550	-471.74402	1284.75586	78.26940	-427.99323	1584.94556	131.73677	-489.14627	1444.97949	213.97557	-405.54398	1397.20300	3.53360	-355.76837	1420.84937	324.08328	-219.51556	1367.62671	35.95367	-307.46848	1261.46899	193.21777	-181.07828	1436.28491	205.83739	-288.82587	1114.58154	502.01059	-81.53895	1061.11963	33.05920	-215.63916	887.53754	555.49371	-89.56393	805.33179	64.87778	-288.53180	1016.09601	302.16110	-225.56952	982.48718	191.76540	-33.57121	981.73004	390.47641	-311.10571	484.12219	423.29367	16.53233	536.82410	216.99063	-371.41422	138.53499	431.42566	33.70574	102.37512	273.12296	
857	8.560	-475.89819	1287.42163	75.60378	-429.43890	1587.12244	131.63332	-492.26035	1447.06982	212.50102	-408.37292	1400.35803	2.55463	-359.90485	1420.70374	322.92645	-221.98653	1368.15991	35.61283	-311.35999	1261.92444	190.83237	-183.81293	1435.61340	205.66620	-293.20337	1112.29773	498.10428	-86.21614	1061.21204	30.66199	-220.00240	885.22949	552.35333	-93.98493	805.43964	60.74517	-294.13727	1015.29980	298.67947	-230.86766	982.23767	188.44119	-38.44168	979.72821	387.19977	-321.98547	483.68616	420.88290	14.13102	536.30176	215.15050	-388.14664	139.17381	424.53125	32.40082	101.56106	272.14392	
858	8.570	-479.84396	1289.89905	73.65481	-430.74826	1588.85718	131.90489	-494.73157	1448.87390	211.22739	-411.22757	1402.99182	1.45640	-362.87753	1419.91467	321.50095	-224.95587	1368.99121	34.25868	-315.39435	1262.28162	188.33299	-187.32729	1435.07300	204.33578	-297.79309	1110.06152	494.77487	-90.17429	1061.40320	28.22744	-224.35533	882.52515	548.02966	-98.03293	805.37897	56.26210	-300.43835	1014.94739	295.63492	-236.40259	981.61505	184.99405	-45.05633	978.06226	384.03165	-333.05090	482.68823	418.42383	12.19442	536.19543	213.14554	-404.61249	139.15768	417.32770	31.11591	101.19438	271.38239	
859	8.580	-484.43631	1293.78125	70.66312	-432.17892	1590.83667	131.93251	-498.08832	1451.09973	210.38498	-414.59811	1405.72290	-0.02658	-367.56979	1419.57227	320.32446	-227.88287	1369.95569	32.45230	-319.54807	1262.59119	185.77794	-190.55191	1434.43994	204.40662	-302.88501	1107.64307	491.39325	-94.92633	1061.20764	25.43171	-228.24414	879.11029	543.99689	-102.96597	805.34753	52.42814	-306.41336	1014.04279	292.00458	-242.23549	981.02979	182.08134	-51.06740	975.70105	382.02975	-344.40491	481.89615	415.61194	9.29938	535.27881	210.93669	-420.24634	138.51613	409.88452	29.85902	101.17329	269.21680	
860	8.590	-489.16663	1296.89221	68.41306	-433.74545	1592.88623	131.98434	-500.51633	1453.00537	209.05879	-418.37793	1409.05188	-1.84171	-371.59552	1418.58179	318.67734	-231.34575	1370.78784	30.41080	-323.77753	1262.79285	182.85118	-193.81993	1433.67407	203.35707	-308.25244	1105.32642	487.87268	-99.56993	1061.24255	22.81613	-234.72061	877.23431	540.98468	-107.66216	805.69781	48.19869	-312.44083	1013.12238	288.28952	-247.68338	980.22876	177.95963	-57.13623	973.82324	378.52490	-355.91483	481.72263	412.76505	7.02542	535.51593	208.49245	-436.47324	138.59172	402.30130	28.70957	100.72565	266.72369	
861	8.600	-494.04370	1299.99487	65.28442	-435.41757	1594.45569	132.27234	-503.80347	1454.68188	207.92151	-421.91840	1411.80151	-3.26060	-376.37332	1417.96167	316.84628	-234.12898	1371.70850	28.85378	-328.17285	1262.86572	180.02126	-197.28671	1432.55396	202.30438	-313.65695	1102.86987	484.93839	-104.27772	1061.06689	19.42768	-241.65413	874.94177	538.00958	-112.85926	805.17108	43.17402	-318.75378	1012.23163	284.50748	-253.76398	979.29041	174.58514	-64.10394	971.34283	377.05276	-366.67972	480.37109	409.10684	3.05739	534.41132	205.47905	-450.97415	137.72852	394.63055	27.86659	100.80703	265.72333	
862	8.610	-499.23233	1302.87463	62.93699	-437.13467	1596.34705	132.68475	-507.04678	1456.36743	207.36087	-426.11499	1414.76318	-5.35029	-380.25064	1416.46802	315.18030	-236.71622	1371.89331	27.58193	-332.69159	1262.94824	176.88730	-201.35924	1431.54810	201.43787	-319.15369	1100.48767	481.91721	-109.00879	1061.25415	16.43932	-248.81230	872.22888	535.50879	-117.38371	804.87390	38.93301	-325.55487	1011.22223	280.79431	-259.64578	978.01685	170.84912	-71.36843	968.86108	373.67166	-378.30893	479.34317	405.35538	-1.16043	533.01794	203.38774	-466.90109	138.38094	387.76077	26.60831	99.99042	262.58224	
863	8.620	-504.49606	1305.76404	60.70787	-438.84106	1597.85364	132.60367	-509.73938	1457.91296	205.85765	-430.40707	1417.64136	-6.76226	-384.83728	1415.58997	313.30096	-239.77461	1372.33569	25.66568	-337.26080	1262.80042	173.92336	-205.02913	1430.33862	200.97217	-325.08740	1098.28845	478.91660	-113.30962	1060.90674	13.80857	-256.08374	869.07019	532.34210	-123.48126	804.04657	33.50691	-331.79953	1009.25244	276.34485	-265.72238	976.73907	167.29077	-78.14915	966.84558	371.46121	-389.67111	477.55426	401.35486	-5.83626	532.17682	200.49002	-481.83115	137.43092	381.35577	25.59364	99.14471	261.20966	
864	8.630	-509.94077	1308.79126	57.85810	-440.88327	1599.35266	133.02644	-513.05316	1459.31128	204.79297	-434.99695	1420.35059	-8.54202	-390.31888	1412.98779	306.51004	-243.49429	1372.58936	24.16857	-342.08560	1262.65601	170.72508	-209.25795	1429.38391	199.64348	-331.48022	1096.09778	476.19272	-118.47987	1060.27246	10.70912	-264.22128	867.09100	530.24927	-128.43477	803.72974	28.70882	-339.02029	1008.16125	272.58093	-271.67514	975.18469	163.13342	-86.11457	963.64545	368.47781	-401.34607	475.66843	397.08954	-9.95657	530.70068	197.35464	-496.03595	136.66542	374.16547	24.01765	98.68939	258.88351	
865	8.640	-515.63593	1311.61694	54.97187	-442.63727	1600.64221	133.05817	-517.29822	1460.89954	203.81740	-439.77496	1423.43787	-10.74502	-396.15836	1410.54944	299.17743	-247.18423	1372.84583	22.20325	-346.91382	1262.29199	167.75066	-213.65132	1427.72156	198.54514	-337.60229	1093.88525	473.81525	-123.02947	1060.28857	7.52593	-272.01923	864.49414	528.34796	-134.17862	803.99017	23.48192	-345.28000	1006.61102	267.77466	-278.18396	973.50934	159.77948	-94.11037	961.85181	366.65958	-412.77029	474.09070	393.61987	-15.42828	528.37000	194.19041	-509.82858	135.88136	367.87088	22.88812	97.94558	255.86859	
866	8.650	-521.39923	1314.89063	51.80570	-445.03793	1601.91760	133.33438	-520.64117	1462.30090	202.42404	-443.79416	1426.05017	-12.06289	-400.47647	1411.94080	307.17920	-250.62755	1373.08411	20.73828	-351.84927	1261.86072	164.70428	-218.70139	1426.46997	197.12897	-343.72137	1091.53552	470.88266	-127.57927	1059.90723	4.30310	-280.75494	862.55267	527.42377	-139.91885	803.42902	18.45009	-352.01419	1004.99036	263.10593	-284.20200	971.99805	155.41621	-101.78593	959.23218	363.94000	-424.47784	472.14737	389.25946	-20.55502	526.22070	190.99919	-524.64636	135.75182	362.21338	21.07198	96.89004	254.38617	
867	8.660	-527.10480	1317.96899	48.87723	-447.22403	1602.90735	133.01671	-524.37762	1463.69849	200.68774	-448.53293	1429.08252	-14.18882	-406.20340	1410.51208	305.24063	-254.63873	1373.09265	18.67480	-356.76724	1261.40820	161.66913	-223.28136	1425.03162	196.16275	-350.93265	1089.52112	468.78992	-132.54041	1059.61597	1.34352	-290.06122	860.02051	525.61639	-145.23286	802.87054	13.45453	-359.47464	1003.17993	258.58588	-290.49100	970.20654	151.03197	-110.77842	956.93860	361.43231	-436.26239	470.30743	385.56882	-26.69177	524.38104	187.67897	-537.91803	134.62836	356.13263	19.65316	95.28746	252.83751	
868	8.670	-533.13977	1320.65247	45.85881	-449.69565	1604.19202	133.29683	-528.74261	1465.02930	199.23984	-452.71902	1431.61084	-15.43515	-411.93741	1409.73950	302.95178	-259.19861	1372.93250	16.99133	-361.77325	1260.83557	158.70160	-228.53120	1423.37427	194.94305	-358.50854	1087.53113	466.39600	-137.45758	1059.38928	-2.53646	-300.05072	858.40283	523.28961	-150.42609	802.34772	8.67653	-366.19315	1001.43896	253.74208	-296.91241	968.48077	146.87358	-119.68587	954.36853	359.46017	-448.57901	469.07800	381.20120	-32.18188	522.12317	184.24602	-552.24750	134.22566	351.04187	18.14060	93.13498	251.04593	
869	8.680	-539.12262	1323.39209	43.23285	-452.55161	1605.07629	132.94392	-532.94354	1465.94177	197.46120	-457.38055	1433.69165	-17.17611	-417.26288	1408.32898	300.41302	-263.75113	1372.80249	14.44446	-366.91843	1260.22998	155.52078	-233.35823	1421.44653	193.58850	-366.75320	1085.66516	463.66006	-142.38297	1058.53723	-5.40462	-310.31259	854.70288	522.28088	-155.56540	802.80231	2.93049	-373.55432	999.68091	248.84550	-303.83646	966.39880	142.92105	-128.02219	951.29254	356.93573	-460.18036	467.42102	376.69684	-37.92792	519.61377	181.57565	-565.41119	132.76175	346.13126	16.52143	91.89668	249.01036	
870	8.690	-545.09851	1326.39233	39.34204	-455.09888	1605.89282	132.91646	-538.10577	1467.19019	195.97693	-462.00079	1436.73511	-19.54007	-423.23648	1406.46350	298.07370	-268.40970	1372.81091	12.93511	-372.26636	1259.71240	152.56487	-238.72752	1419.97168	191.83154	-375.56393	1083.92334	461.37442	-147.28627	1058.07397	-9.27706	-321.83994	852.58246	520.15942	-161.53729	801.51880	-2.40945	-381.57016	998.20593	244.05779	-310.44571	964.69208	138.49393	-137.34320	949.17120	354.86343	-471.74164	465.90018	371.86081	-43.99212	517.46228	178.50720	-579.82312	131.04016	341.70386	14.22220	90.29951	247.46091	
871	8.700	-551.28284	1329.26282	36.00490	-458.12210	1606.49951	132.62535	-542.70691	1468.51172	193.78062	-466.66333	1439.18079	-21.61899	-429.13477	1405.01172	295.36636	-273.53098	1372.35022	10.89554	-377.83734	1259.04126	149.56792	-244.34183	1417.72607	190.44150	-385.72922	1081.79395	458.94666	-152.76459	1057.90710	-12.54552	-334.57733	849.84949	519.10101	-167.11124	801.26447	-7.31261	-389.35764	996.58246	239.23570	-317.49966	962.81238	133.78131	-146.61465	945.85406	352.22357	-483.29788	464.07401	366.50873	-50.12367	515.12689	174.75763	-591.71759	129.41339	337.24152	12.45274	88.52063	245.93251	
872	8.710	-557.36432	1332.17334	32.03764	-461.06934	1607.37256	132.41092	-548.14484	1469.23914	191.70361	-470.82492	1441.59766	-24.09943	-435.55685	1403.93188	292.67947	-278.92664	1372.28503	8.17389	-383.77106	1258.32056	146.44420	-249.88701	1416.11047	188.88919	-395.98846	1079.72339	456.21289	-157.80994	1057.29016	-16.15304	-346.50702	847.63470	516.58533	-172.36006	800.91406	-13.12586	-398.00916	995.42407	234.46384	-324.98914	961.41394	128.98607	-155.55724	944.18774	349.34677	-494.70062	462.49194	361.48215	-56.47974	512.46844	172.07997	-603.07343	127.84657	332.73410	10.60924	85.80331	245.08778	
873	8.720	-563.31848	1335.18005	28.15988	-463.95288	1607.59253	132.15002	-553.17621	1470.72888	189.12329	-475.01459	1443.66040	-26.32805	-441.74268	1402.35181	289.93088	-284.59094	1372.14600	6.06050	-390.05679	1257.56616	143.42560	-255.92673	1414.29224	187.08553	-407.05026	1077.55737	453.55853	-163.79129	1057.01611	-20.43583	-360.32443	845.05780	514.31482	-178.01755	800.54572	-18.64872	-407.68265	994.36627	229.65518	-332.49176	959.64502	124.59417	-166.35649	940.90570	346.08932	-505.69064	460.59927	356.02734	-61.96923	510.42444	169.16109	-613.85327	126.94968	328.83932	6.35961	85.22032	245.91032	
874	8.730	-569.38708	1338.08679	24.20105	-466.99210	1608.32910	131.53679	-558.51001	1471.61438	186.80316	-479.29865	1446.21497	-27.86538	-448.73532	1400.76050	287.43445	-289.49359	1372.58801	2.68387	-396.60162	1256.61865	140.40167	-261.99695	1412.18201	185.66495	-418.75803	1075.43506	450.63123	-169.21661	1056.63794	-23.70906	-373.73593	841.85309	511.80783	-183.24863	800.47504	-23.77880	-416.14627	992.92200	224.10800	-340.18591	957.63074	120.15291	-175.76068	938.09753	343.31332	-516.00543	457.47186	351.15240	-68.65609	508.47601	165.60753	-626.92999	123.46421	323.81754	3.09709	84.09170	244.17680	
875	8.740	-575.47626	1341.13062	20.23409	-470.32016	1608.70227	131.23814	-563.76373	1472.74988	184.38379	-483.21661	1448.25012	-30.11279	-455.46725	1399.33984	284.58749	-295.53131	1372.83508	0.95364	-403.46695	1255.84241	137.40952	-268.25989	1410.11023	184.17598	-430.32166	1073.08472	448.27328	-174.80594	1056.13013	-27.84463	-388.28949	839.83643	509.54053	-189.47166	799.64185	-29.55463	-425.14664	991.31732	218.90616	-348.35388	956.49896	114.79530	-186.39365	935.10138	340.49960	-525.91132	454.89487	344.38876	-74.88828	506.46390	162.21320	-637.02942	120.48520	319.12115	0.12276	82.98612	244.04953	
876	8.750				-473.56366	1609.38525	130.77040	-569.31647	1473.96460	181.28789	-487.26273	1450.43396	-32.34451	-462.52167	1398.03540	282.12036	-301.80548	1372.22656	-1.58479	-408.76462	1254.92139	131.80804	-274.56311	1408.14148	183.14412	-442.03592	1071.13257	445.35635	-180.40796	1055.52502	-30.74448	-403.50500	837.29565	507.19342	-193.90555	800.15143	-35.11624	-434.16861	990.05804	213.75180	-356.87042	954.60242	110.57080	-196.23706	932.31500	337.41241	-538.13690	452.91135	338.83551	-81.12276	504.36298	159.15251	-647.29553	116.39787	315.25073	-2.81187	82.36230	243.18712	
877	8.760				-476.86285	1609.88965	129.89622	-575.19659	1475.16089	178.34488	-491.12988	1452.59399	-34.22161	-469.58661	1396.84204	279.58972	-308.14551	1372.17505	-3.14575	-415.92627	1254.72424	128.83624	-281.04028	1406.68909	181.44798	-455.00089	1069.12585	443.16901	-186.30200	1055.20544	-34.62532	-418.37796	834.74841	504.11911	-200.57605	799.52917	-40.80430	-443.38647	988.22919	208.42586	-365.24414	953.14447	105.17292	-207.29506	929.70898	334.57227	-547.02258	449.33273	332.80396	-87.81500	503.06232	155.05174	-657.32928	113.65018	311.92371	-5.71087	81.55836	242.91676	
878	8.770				-481.19797	1610.67981	129.07129	-581.29059	1476.77393	175.26709	-495.39838	1455.15479	-36.89419	-477.23422	1396.01282	277.00400	-313.23459	1371.71863	-4.93016	-422.90454	1255.12329	125.47153	-287.52881	1405.35205	179.82935	-467.16971	1067.55469	440.32120	-191.21571	1055.12903	-36.79940	-434.95117	832.77850	501.05148	-205.75673	799.46222	-47.13644	-452.36554	986.52625	203.07407	-372.29691	951.95020	102.02000	-217.59576	927.56329	331.89716	-556.02783	445.84036	326.42685	-95.40588	501.44177	151.52455	-665.93372	109.36203	308.13461	-9.27062	81.75295	241.86220	
879	8.780				-485.95215	1611.96289	128.08508	-588.40350	1479.08838	171.55545	-499.27744	1457.82788	-39.92335	-484.66895	1395.68494	274.18964	-319.59161	1372.79285	-7.62809	-429.71140	1255.85791	121.64121	-294.58643	1404.42236	178.25006	-481.09119	1066.07227	436.97610	-196.65918	1055.29797	-38.84263	-450.25385	830.60779	497.14340	-210.29854	800.60199	-51.83133	-461.98093	984.69391	198.27145	-380.78201	950.03851	97.19279	-227.16136	926.90692	328.84338	-565.26166	444.09952	318.37222	-103.59391	500.63882	147.24438	-674.17444	105.98915	305.63992	-13.08828	82.05988	241.17337	
880	8.790				-490.83170	1613.59924	126.19753	-595.12653	1481.03149	167.38132	-503.71606	1460.97095	-43.31557	-492.04730	1395.37561	271.07101	-325.87534	1373.12000	-10.20398	-439.50784	1255.20264	121.02748	-302.10590	1404.53784	175.96872	-493.66818	1064.89880	433.15353	-201.62285	1055.58069	-40.65422	-467.34317	829.12897	494.71201	-216.10080	801.30756	-56.98170	-471.06921	983.11609	193.29288	-389.12900	948.44141	92.26027	-237.21738	926.26666	326.49335	-573.39484	444.00424	310.06253	-112.15527	499.09528	143.69821	-680.18152	103.21249	303.20300	-16.26213	82.91094	240.32742	
881	8.800	-610.82104	1360.91418	-8.23362	-496.31494	1615.68530	124.25458	-601.90192	1483.36389	162.88202	-508.24997	1464.25000	-46.48399	-499.81271	1395.57275	267.86444	-332.63123	1374.52588	-13.28914	-446.25098	1255.75330	116.60854	-309.38138	1404.46582	174.54398	-507.90619	1064.13538	429.20349	-206.65472	1056.97046	-41.94132	-483.75131	828.32672	489.66666	-219.72552	803.98572	-63.61000	-480.04413	982.26428	188.43515	-397.25165	947.10339	88.09973	-246.12762	926.53149	323.30301	-580.58295	445.31470	300.81680	-120.96909	498.33032	139.01274	-685.31635	103.40335	300.35745	-19.23270	84.04055	239.82863	
882	8.810	-616.52557	1364.83850	-13.41377	-501.64771	1617.59302	122.03265	-608.60565	1485.88843	158.26088	-512.69000	1468.13831	-49.77452	-506.96198	1395.97205	264.48090	-340.37637	1375.73096	-16.63702	-454.29935	1257.07678	112.20757	-317.00327	1405.12439	171.88577	-521.12042	1063.91870	424.40564	-210.60519	1058.40295	-42.88033	-500.38239	827.41779	484.51971	-222.65900	805.92157	-66.45421	-488.82684	981.91864	183.63089	-405.29535	946.02258	84.00200	-256.15985	927.00281	319.22491	-587.27319	446.83307	292.02692	-130.10617	497.67603	134.85886	-689.79907	104.79568	298.53000	-22.61514	85.87159	239.30333	
883	8.820	-622.01447	1369.26465	-19.59489	-506.92850	1619.67554	120.10024	-616.22906	1488.77747	153.41106	-517.00439	1471.38708	-53.25437	-515.39850	1397.57629	261.71774	-347.11230	1377.32275	-19.41180	-461.58887	1258.01196	109.33315	-324.53952	1406.12073	169.45724	-535.31409	1064.54297	419.31302	-215.22241	1060.58667	-43.06402	-517.85382	827.33545	478.80750	-226.84201	809.73523	-70.40100	-497.56577	983.08362	178.97784	-413.17999	945.53778	80.64806	-264.35974	927.91095	315.90012	-593.84167	448.62100	283.38629	-139.64368	498.09531	130.21089	-692.34943	104.70557	296.66141	-26.56470	88.64002	237.34825	
884	8.830	-627.52466	1373.29626	-25.30491	-512.57806	1622.28125	117.50781	-624.42700	1491.87231	146.94614	-521.01141	1475.23645	-57.12125	-523.12335	1399.28772	258.26062	-354.51660	1379.23828	-21.85403	-469.97849	1259.77441	106.01676	-331.76398	1407.61609	167.08455	-548.66534	1065.74182	413.66858	-220.10069	1063.57104	-42.85252	-535.86438	829.10522	473.57538	-231.44792	814.63336	-73.74272	-505.64679	984.47369	174.07036	-421.31741	946.53333	76.16461	-273.29758	928.58740	311.09808	-600.97955	450.40775	275.45074	-149.26372	499.78003	125.79305	-694.88593	105.31471	291.02838	-31.00727	92.78881	235.89137	
885	8.840	-632.25598	1375.94604	-32.43195	-518.41467	1624.51843	115.18638	-631.42963	1495.16284	141.47214	-524.44177	1478.09314	-60.42179	-531.72766	1403.06934	255.27846	-361.55618	1381.49878	-25.22021	-478.10095	1262.25684	102.14129	-339.02435	1409.32324	163.73781	-563.04016	1067.83264	407.96634	-224.14024	1066.41406	-43.39891	-553.19580	830.79346	467.01343	-235.57372	818.00403	-75.49763	-513.46790	986.63312	169.47531	-429.34177	949.46222	71.32036	-281.26715	930.57874	305.90222	-607.56287	451.39774	267.74316	-158.96092	502.00632	121.50603	-697.96613	105.14993	288.72235	-36.36624	97.74814	235.70494	
886	8.850	-638.34338	1381.89001	-39.71952	-524.48694	1627.94006	112.30135	-637.37952	1497.94250	137.00084	-528.55585	1481.46826	-64.38675	-538.24438	1405.68201	252.32767	-368.41162	1384.06982	-27.98108	-486.52121	1264.86670	98.17084	-346.48999	1411.48657	161.35899	-573.74164	1069.03784	401.77240	-229.30479	1069.54053	-43.19659	-571.23517	832.63654	460.66119	-240.00078	822.16187	-75.80750	-515.23743	987.93402	165.99237	-437.03925	933.24884	125.04697	-289.22699	931.75092	301.53732	-612.01306	451.18408	260.24283	-169.15343	504.30969	117.90453	-698.97461	103.87402	286.17944	-42.32550	103.17005	234.21535	
887	8.860	-642.57922	1385.63599	-45.15724	-529.97284	1631.19348	109.02290	-644.58246	1501.78650	131.05779	-532.36804	1486.24878	-67.98101	-547.01111	1406.90405	247.24861	-374.90729	1387.29956	-30.43834	-494.50626	1268.10901	93.76086	-353.73486	1413.86157	158.52571	-587.17133	1071.48987	394.38141	-233.90150	1073.12634	-42.95096	-589.15680	835.86475	453.81808	-243.53101	827.11401	-78.91740	-525.95038	990.39258	160.17336	-444.68994	955.72913	62.95427	-296.60898	933.28711	296.18643	-618.68982	452.10150	254.13564	-179.37218	506.66782	114.42665	-700.27313	102.46152	284.67938	-49.90480	109.40948	233.47328	
888	8.870	-647.04218	1389.82690	-50.70173	-535.83136	1634.52551	106.39765	-651.19476	1506.22192	124.86687	-536.50189	1490.74036	-72.68954	-555.08618	1409.90576	243.14252	-380.53632	1389.27759	-32.54144	-503.42230	1271.88757	87.94421	-361.57574	1416.44373	156.39516	-600.31940	1075.37512	389.07001	-238.56836	1077.67371	-42.77529	-606.76825	838.31122	445.97629	-247.17596	831.82861	-80.03710	-534.04956	993.70996	155.45746	-451.39868	959.94971	57.54202	-303.77036	935.59827	290.86371	-624.23584	452.63306	248.93860	-190.31210	508.58078	110.47992	-700.47894	101.30604	282.07663	-57.69221	114.43494	234.78255	
889	8.880	-652.10767	1394.77356	-57.75488	-541.15649	1637.83704	102.85432	-658.57410	1509.96838	119.20069	-540.00586	1494.74072	-76.68317	-563.46832	1412.45398	238.87260	-385.64587	1392.49548	-34.36014	-511.50348	1275.05798	83.43908	-368.44351	1418.25269	153.24643	-613.05499	1078.82483	382.97610	-243.03355	1081.67505	-42.40138	-624.42133	841.59595	438.06989	-250.88562	836.44293	-81.03430	-540.63098	995.97595	149.98946	-457.54187	964.24841	52.35449	-310.74625	938.16968	287.01810	-629.38513	452.82590	244.73634	-201.93297	510.97009	107.13976	-701.09906	100.40800	280.65268	-67.33587	121.66783	233.43814	
890	8.890	-655.83936	1399.17859	-63.90913	-546.52661	1640.89600	99.19983	-664.40955	1513.31592	114.08812	-543.29810	1499.03235	-81.00143	-571.20844	1415.09326	233.82527	-390.90747	1395.67859	-37.24909	-519.32251	1278.39612	78.13817	-376.09955	1420.87842	150.83389	-624.93512	1080.61572	375.85004	-246.95987	1085.73132	-42.43627	-641.74664	845.23663	430.44284	-254.60529	840.91852	-82.25511	-547.12384	998.69946	144.24319	-462.72180	967.90942	47.54690	-317.67438	940.37543	282.96741	-635.35852	453.94266	241.84384	-215.52840	512.66223	104.44511	-700.73145	100.17041	278.91620	-77.84582	128.66031	233.98401	
891	8.900	-659.78387	1404.03003	-71.06451	-551.76044	1643.88074	95.29677	-670.79517	1517.21887	106.70840	-545.78821	1502.75269	-84.73602	-579.86108	1417.15601	228.65814	-395.87991	1399.03088	-40.85074	-526.72949	1281.87463	73.23222	-384.91956	1421.93445	148.55046	-638.26367	1083.91541	369.33368	-251.76518	1089.33691	-41.99761	-659.13190	847.51068	421.58429	-258.52744	845.12579	-83.13898	-552.77802	1000.74048	137.70578	-468.09592	970.67828	40.71564	-324.87689	943.41321	279.60217	-643.61621	456.14825	240.18068	-229.69447	513.83307	101.41380	-699.99634	100.94516	277.84628	-89.21870	137.39282	233.80772	
892	8.910	-663.20337	1408.93909	-77.42902	-556.59180	1647.16309	91.27491	-676.39856	1521.10657	101.13807	-548.40479	1506.40332	-89.30755	-587.98822	1419.54675	223.30124	-400.01941	1402.39380	-44.08834	-533.82635	1284.58630	67.70777	-392.43549	1423.88513	145.62354	-651.22461	1086.19910	362.88303	-256.13062	1092.41956	-42.46004	-676.83087	850.66583	413.60251	-262.53952	848.80017	-84.67197	-558.80194	1002.65356	131.07333	-471.94122	973.93085	35.64763	-332.72803	945.36420	276.52496	-647.17706	456.66940	239.11977	-245.12697	514.41614	98.04689	-699.54791	102.60494	275.46704	-101.33725	146.04364	233.10786	
893	8.920	-666.64362	1413.25110	-84.10777	-561.09143	1649.47791	87.84643	-683.00415	1524.84998	93.42564	-550.76740	1510.03967	-94.28842	-595.73267	1420.70752	217.11536	-404.07751	1405.31506	-46.57227	-540.30377	1287.73547	61.46066	-399.31046	1425.97156	142.83035	-664.52173	1088.73047	356.41031	-259.87494	1095.86694	-42.27107	-694.92542	854.31970	405.78711	-266.06897	852.68109	-85.58091	-564.99072	1005.00531	124.44749	-475.05466	975.92181	31.14932	-340.58566	947.17151	273.13135	-653.70935	459.02670	238.87300	-260.75433	515.14600	94.29005	-699.27051	102.85486	273.70755	-114.06573	155.81850	229.31332	
894	8.930	-670.38599	1417.80798	-91.41388	-565.06372	1651.92163	83.82771	-687.43549	1527.41455	87.53452	-553.29645	1513.43372	-99.11595	-604.14020	1422.34229	211.11227	-407.40051	1408.29541	-49.66676	-546.57764	1290.15540	55.72990	-406.94104	1428.01624	140.15601	-678.15491	1091.16711	349.29703	-264.20447	1098.52686	-42.04886	-712.04193	856.73853	396.85269	-270.12894	856.36053	-86.81823	-569.88367	1006.58282	117.14511	-477.91760	977.60260	25.64362	-348.30334	948.82019	269.43347	-659.24329	460.12851	239.54988	-277.05005	515.49249	90.64503	-697.80792	103.60366	272.53281	-128.93872	163.60791	229.05412	
895	8.940	-673.39105	1421.69153	-98.27254	-569.02753	1654.05396	80.56728	-692.41162	1530.97314	80.61558	-555.67798	1516.89429	-104.17924	-612.21765	1423.76428	205.05519	-410.66571	1411.01624	-51.61905	-552.16547	1292.21472	50.39759	-413.88528	1430.25024	137.53125	-691.10571	1092.87415	342.17163	-267.93082	1101.07275	-42.66646	-729.25433	859.74207	388.13028	-274.54758	859.51776	-87.67481	-577.19501	1008.89825	109.52736	-480.90060	979.34656	20.06363	-354.96469	951.65833	266.55920	-664.27509	461.08966	240.41032	-292.27481	515.17419	87.78788	-696.93866	104.00446	269.93317	-143.41957	172.66251	226.12758	
896	8.950	-676.88300	1426.47778	-105.78137	-572.73798	1655.77380	75.54023	-696.97272	1533.84363	74.38570	-557.86353	1519.72693	-108.92467	-619.91656	1424.51404	198.80534	-414.25476	1414.53162	-55.67849	-557.24030	1294.85010	43.70364	-419.78552	1432.24158	134.63136	-704.13428	1094.62488	334.53879	-271.93817	1103.64685	-43.81276	-746.88806	862.51636	380.03915	-278.34402	862.59180	-89.51134	-583.03040	1010.71655	98.81599	-483.69989	980.92657	13.40886	-362.25204	952.67432	263.48804	-669.40051	461.44992	241.47920	-309.50745	516.74524	84.42139	-695.80548	104.77064	268.89371	-161.26273	181.70424	225.78534	
897	8.960	-679.16486	1429.70532	-113.12070	-576.38580	1657.91052	71.70158	-702.21613	1536.39478	66.20186	-559.92822	1522.71497	-114.18649	-627.30206	1425.82568	192.45204	-416.82599	1417.06995	-58.38142	-561.58972	1296.90601	37.89275	-426.32620	1434.01831	131.86018	-717.11328	1096.26648	326.96646	-275.71796	1105.75269	-44.78265	-764.17731	864.97461	371.37796	-282.26813	865.18469	-90.67593	-587.00995	1011.45587	92.36124	-486.62167	981.89465	7.14489	-369.90091	954.44427	260.17557	-674.76404	461.59467	242.77826	-325.26102	518.40826	80.14272	-694.53125	103.71949	267.03445	-177.08672	188.08189	223.22955	
898	8.970	-681.79041	1432.68909	-120.45377	-579.93207	1659.67651	66.69357	-705.21997	1538.51099	59.83851	-561.54401	1525.19800	-119.85603	-635.25934	1426.63770	186.15973	-420.63132	1419.41016	-60.92620	-565.75854	1298.15820	32.59555	-432.90417	1436.35461	129.72069	-729.93036	1098.29675	318.90970	-278.91168	1108.58752	-45.69435	-781.56958	867.91779	363.29053	-286.45496	867.76538	-92.35197	-591.50879	1011.91998	85.73007	-489.52823	982.85468	2.05384	-377.33051	955.73450	258.05487	-679.64105	461.28528	244.50912	-340.78937	520.60339	75.36784	-693.80029	103.60068	266.26318	-193.98764	195.54639	218.91434	
899	8.980	-683.60760	1435.80176	-128.78366	-583.16327	1661.15125	60.87217	-710.25781	1541.74292	52.00990	-563.42615	1528.09937	-125.76566	-642.69659	1427.49683	179.27478	-423.21240	1422.12952	-63.36363	-569.46857	1299.74280	26.34485	-439.61661	1437.75891	126.80895	-742.15900	1099.99341	310.35141	-282.48074	1110.59387	-47.26349	-797.92651	870.77130	353.80966	-290.47504	870.33997	-94.37955	-595.62952	1012.76379	78.28040	-492.22726	983.46674	-3.19761	-383.67166	956.26294	254.34433	-683.92944	460.46646	246.12801	-355.92593	523.19617	69.49989	-693.10321	103.00410	264.99796	-212.55746	202.40884	212.99771	
900	8.990	-685.60687	1438.75183	-136.84694	-586.88379	1662.40918	56.55119	-713.54022	1543.06873	44.11768	-564.22461	1529.99915	-131.10796	-649.64630	1428.72620	172.95834	-425.65848	1423.83557	-65.77422	-572.94092	1300.81628	21.26258	-446.12668	1439.05823	124.01139	-754.35162	1101.39014	302.10449	-286.52310	1112.33606	-48.08252	-814.20416	873.40320	344.92114	-293.08286	871.03540	-95.30766	-599.54828	1013.19409	71.94767	-495.19058	985.03210	-9.12864	-390.60733	956.80267	250.50563	-687.82794	459.30301	248.08173	-371.62549	526.66516	64.18056	-692.59003	101.44829	263.68555	-231.32240	208.86908	207.34277	
901	9.000	-686.56201	1440.93811	-144.48067	-589.89423	1663.59363	51.06572	-717.95953	1544.47266	36.60083	-565.49408	1531.83362	-137.16399	-657.61279	1429.59546	165.12282	-428.44083	1426.06458	-68.15129	-576.18243	1302.02856	15.88581	-452.00778	1441.01978	121.33687	-766.41760	1103.46350	293.48181	-288.53690	1114.56250	-50.10593	-829.95703	876.48877	334.51718	-296.35229	872.93951	-97.12075	-603.78204	1013.81085	66.45666	-498.40741	986.62036	-13.91175	-396.90808	957.67047	246.14136	-691.03467	457.82080	250.72455	-386.45801	529.68823	59.89703	-692.04797	100.12595	263.50507	-250.36426	215.35158	199.38744	
902	9.010	-688.05139	1443.15369	-153.10388	-593.00513	1664.51587	45.00500	-721.21790	1546.70007	27.37158	-566.30817	1533.29932	-142.85873	-664.51044	1430.60339	158.31721	-431.05423	1428.06946	-71.29738	-579.57410	1303.08850	9.80957	-457.98480	1442.30225	118.45492	-777.87738	1105.43188	284.46017	-290.40112	1116.28735	-51.81483	-845.71362	879.43860	324.71500	-299.51489	874.82715	-99.09109	-608.00085	1014.70465	60.76728	-501.78946	988.83289	-18.89469	-403.04587	958.76306	242.03474	-693.85986	456.81851	252.96834	-401.13074	534.84979	53.11074	-691.17664	98.35207	263.72763	-269.84348	221.01523	191.23524	
903	9.020	-688.41870	1444.57068	-160.72246	-596.55829	1665.14319	39.08736	-724.52039	1547.36658	18.88546	-566.43103	1533.85376	-148.44797	-671.18408	1431.49817	151.19191	-434.06323	1431.19641	-76.35835	-582.98328	1304.11987	4.83689	-464.36935	1443.39575	115.57516	-789.08905	1107.09119	275.54166	-293.16678	1117.54297	-53.16979	-860.48505	882.49152	313.63190	-302.11932	875.93390	-100.88221	-612.15369	1016.26849	54.06274	-505.16418	990.71045	-23.39146	-409.01813	960.04749	237.88968	-696.19824	456.22699	255.25606	-412.78662	540.43140	42.76767	-690.81543	97.44791	263.34711	-289.26019	225.65781	183.30730	
904	9.030	-688.33185	1445.40698	-168.36980	-599.98090	1666.30933	32.32110	-727.04413	1548.88684	10.82932	-566.87018	1534.40820	-153.13272	-676.92505	1432.75732	144.06050	-435.12122	1431.31201	-75.82895	-586.41528	1305.18054	-0.24812	-470.29877	1444.06897	112.37233	-800.18121	1109.19531	265.94595	-296.08432	1118.71741	-54.51809	-875.34961	885.13428	302.11780	-304.57907	877.05402	-102.85229	-616.50189	1017.08679	48.92260	-509.64374	993.18671	-28.35935	-415.54199	960.69861	233.41241	-697.42273	456.16342	256.79388	-426.64371	545.19727	36.53369	-690.98297	97.26904	263.66870	-308.93607	229.52113	175.00224	
905	9.040	-687.88153	1446.29236	-176.74345	-603.79236	1667.15491	26.57602	-730.16351	1550.29517	1.90507	-566.43579	1534.79602	-158.13269	-683.61060	1433.20105	136.67613	-438.22681	1432.25452	-77.57021				-476.15826	1444.82715	109.01717	-810.93951	1110.99158	255.69724	-298.73141	1120.12720	-56.01361	-890.37115	888.45111	291.26468	-306.81485	878.28448	-104.99733	-620.91522	1018.52850	43.07038	-513.39093	995.62726	-32.97580	-420.83572	960.88239	228.74414	-698.19879	456.51852	257.77020	-438.81805	550.17493	29.35607	-691.36975	96.89942	263.66547	-327.94510	232.69008	166.31294	
906	9.050	-686.94684	1446.61255	-184.11699	-607.02917	1667.68408	20.62341	-734.74597	1551.30371	-7.78469	-565.74664	1534.81274	-163.49419	-689.82208	1434.26489	129.00958	-440.06067	1433.02417	-81.04781	-592.99207	1306.68408	-11.50130	-480.52191	1445.43945	104.71661	-821.72968	1113.25708	245.68723	-301.95068	1120.53711	-56.74661	-903.78485	891.18024	278.73154	-308.42990	879.03217	-106.42716	-625.19861	1019.77637	36.75323	-517.26202	997.73584	-37.04850	-426.09412	961.13635	223.76228	-697.97186	457.28552	257.41690	-450.47482	554.91113	21.24545	-691.00568	97.54266	264.46106	-346.63193	233.90680	157.68385	
907	9.060	-685.56750	1447.12866	-192.14673	-610.64331	1668.94153	13.10137	-737.49408	1552.53772	-16.98911	-564.91791	1535.49768	-168.80518	-695.47876	1434.62952	121.26582	-441.91873	1433.68005	-84.41318	-597.14990	1307.70703	-18.74409	-486.07935	1446.05371	101.00095	-831.67395	1115.31152	234.40298	-304.24542	1121.10474	-58.47374	-917.80823	894.38306	266.81918	-310.52725	879.23944	-108.25681	-629.54376	1020.42963	30.66385	-520.82288	999.88031	-40.78919	-431.99036	961.94885	218.98045	-697.73956	457.86148	256.22861	-460.54642	559.06702	13.17029	-690.69641	98.04559	265.06693	-365.42758	235.66640	147.91260	
908	9.070	-684.01813	1447.24902	-199.69121	-614.26233	1669.54187	6.20834	-743.29095	1554.28064	-28.51749	-562.30280	1536.13220	-174.48975	-701.39026	1435.41736	113.01704	-444.42184	1434.25623	-87.31059	-599.83813	1307.79407	-23.67382	-491.48029	1446.50342	97.19561	-842.18475	1116.92810	223.82266	-307.16089	1121.34949	-59.62466	-930.70374	897.97412	255.13612	-311.73206	880.28723	-109.61292	-633.51428	1021.20685	24.31542	-524.72174	1001.82538	-46.35477	-437.50403	962.27258	214.17361	-694.39642	456.25571	254.36000	-469.91986	562.86877	3.48299	-691.82153	97.16091	265.13354	-384.16159	235.43443	137.39355	
909	9.080	-681.90741	1447.46509	-207.85237	-617.27625	1669.75342	0.33644	-742.76208	1554.01404	-36.23249	-560.10638	1535.19202	-180.17422	-706.10199	1436.12317	105.61911	-446.07135	1434.58594	-90.96254	-602.09741	1307.55859	-29.39465	-496.72086	1446.49390	92.63397	-851.62939	1118.78198	212.45265	-309.19061	1121.73767	-61.90107	-944.17798	901.34045	241.48561	-313.50769	880.37817	-111.33039	-637.39258	1021.84637	18.03963	-527.91901	1003.31750	-52.25963	-442.96146	962.05292	209.43364	-693.72015	456.74619	252.30429	-477.98203	566.42413	-7.98522	-689.55096	96.22764	259.03806	-401.52893	234.12663	127.24590	
910	9.090	-680.68939	1447.73804	-215.17548	-620.73175	1670.94336	-6.99189	-747.72394	1555.44250	-47.63723	-561.17950	1535.34460	-184.00478	-711.02380	1436.04407	96.84985	-447.74051	1434.72375	-96.08888	-604.96277	1307.74133	-34.59766	-501.47794	1446.74292	87.08902	-860.95142	1119.89355	201.41844	-311.75296	1121.85278	-63.20712	-956.71356	904.17261	229.63829	-314.65540	880.45929	-112.71861	-641.04285	1022.10645	10.79018	-530.32062	1003.84204	-56.97554	-449.37616	961.91541	204.73526	-692.73877	456.71628	249.21225	-488.34851	568.01532	-19.90736	-689.17590	96.99342	260.18301	-418.90607	231.83321	112.25526	
911	9.100	-678.20709	1447.56506	-222.88263	-624.26367	1669.17017	-14.59098	-749.70911	1555.95044	-57.78546	-560.67389	1535.41162	-188.65550	-716.43585	1436.94592	88.75040	-449.35297	1434.36975	-98.92013	-607.43597	1307.66528	-40.92399	-506.72598	1446.30432	82.50564	-870.62640	1121.61621	190.32404	-314.22635	1121.91003	-64.56184	-968.54529	906.34015	215.96626	-315.42700	880.12988	-113.51540	-644.45465	1022.28400	2.53328	-532.48352	1004.06195	-63.55695	-455.80713	961.31927	199.81169	-692.10779	456.75610	245.56970	-494.06674	569.80396	-32.24288	-688.72565	98.07046	260.95462	-436.37170	228.36429	96.15636	
912	9.110	-676.83075	1448.07996	-231.36623	-626.56085	1671.08911	-20.74969	-749.26361	1555.46191	-64.48920	-559.56152	1534.83691	-192.64488	-721.11792	1436.55664	80.32304	-450.56833	1434.56165	-102.85962	-610.36163	1307.34546	-47.64743	-511.15039	1446.18188	77.77080	-879.83466	1123.07861	178.13750	-316.08212	1121.41406	-66.09822	-980.69281	909.40259	202.13261	-316.36713	879.65540	-114.38269	-647.32526	1022.09601	-4.93756	-534.93420	1004.31799	-69.23212	-462.15359	961.24225	195.23692	-691.20972	457.79184	241.93446	-500.29700	570.85876	-44.16590	-688.39313	98.69490	261.99280	-452.02798	223.35562	79.89761	
913	9.120	-674.92896	1448.20898	-238.99666	-629.17682	1671.44104	-27.35399	-753.20636	1556.27124	-76.25658	-558.64093	1534.96765	-197.88141	-725.74078	1436.37720	71.21156	-452.16901	1433.94043	-105.74059	-612.58380	1307.30017	-54.73949	-516.20575	1445.68640	72.74419	-888.68311	1124.34619	166.17809	-317.81454	1121.58777	-67.80949	-992.85205	912.65009	187.78412	-316.56961	879.11389	-115.29974	-650.32440	1021.50250	-12.64627	-536.32788	1003.43353	-75.53349	-468.49133	960.72339	191.03319	-691.18604	458.27652	237.70512	-499.42508	570.66010	-57.25296	-687.86475	98.90314	261.75717	-466.76315	216.15584	63.19335	
914	9.130	-673.22192	1448.53284	-247.50461	-631.26971	1670.95007	-33.98502	-752.43811	1555.85596	-84.94686	-557.06201	1535.17151	-203.74477	-730.00134	1436.41260	62.93404	-454.03397	1434.08691	-110.83665	-614.57159	1307.16943	-61.93447	-520.43280	1444.96204	67.94469	-897.05219	1125.56201	154.58846	-320.13287	1121.31689	-69.38538	-1003.83588	914.83875	174.10872	-316.41425	877.52838	-116.43090	-653.16443	1020.50879	-21.00375	-537.66443	1002.14691	-82.05390	-475.18088	960.60040	186.05196	-691.10016	458.46326	233.65810	-500.39731	569.93573	-68.59958	-687.64771	99.67775	262.06763	-479.74332	207.58575	45.82592	
915	9.140	-671.18256	1448.85291	-255.58180	-633.59924	1670.38940	-40.55962	-753.33783	1556.03345	-93.74122	-556.67633	1535.55688	-209.97040	-733.83942	1435.74536	53.70703	-455.31439	1433.36938	-115.45391	-616.95081	1306.63977	-68.88448	-524.66412	1444.45459	60.89931	-905.15417	1126.52905	142.38493	-321.93259	1121.16235	-71.67027	-1014.35303	917.32739	160.12521	-316.13678	876.41925	-116.61301	-655.67767	1019.71637	-28.83919	-538.96698	1000.82428	-88.67938	-481.85959	959.86115	181.57710	-691.73401	458.90671	228.38882	-500.86615	568.61682	-78.48407	-687.45251	100.12164	262.64465	-493.29074	199.01645	27.34392	
916	9.150	-669.87054	1449.52808	-264.20697	-635.80963	1669.98657	-47.47215	-756.46179	1556.71313	-104.46257	-556.00647	1535.07422	-214.82602	-738.55334	1435.34033	44.27466	-456.56100	1432.42566	-120.12760	-619.24207	1306.60071	-76.71571	-528.68933	1443.41333	55.80151	-912.61481	1127.79553	129.89944	-323.34698	1120.13855	-74.24233	-1024.66382	920.14099	144.75839	-314.05518	874.57391	-116.58746	-658.56470	1017.76550	-36.33957	-540.22443	999.83337	-95.56676	-487.57883	959.35852	176.77403	-692.41577	458.76920	223.07047	-500.27521	567.39063	-89.72089	-687.45660	100.97922	262.98633	-504.97153	189.95560	9.76443	
917	9.160	-668.04089	1449.46558	-272.52161	-637.92719	1669.75000	-54.90371	-756.49341	1556.45435	-113.24402	-554.92975	1535.42078	-221.37764	-742.16779	1435.20679	34.06670	-457.71851	1431.57727	-124.69793	-620.79352	1305.40906	-83.44350	-532.86035	1443.44055	50.14474	-920.04022	1128.40259	116.89148	-325.35437	1119.51123	-76.48933	-1034.13281	922.55194	130.48117	-313.81781	872.46539	-117.70505	-661.06024	1016.61230	-44.78542	-541.37616	998.00800	-101.37488	-494.25388	959.40594	171.63153	-693.71863	458.40152	217.66428	-499.03619	566.77325	-101.35792	-686.82135	101.15272	261.64481	-515.26300	181.85522	-10.66043	
918	9.170	-666.68750	1449.96838	-281.39847	-639.82849	1668.88635	-62.06942	-757.42639	1555.42969	-123.23282	-554.25629	1534.86133	-227.62231	-745.70319	1434.53003	24.58887	-458.89963	1430.44592	-129.93228	-622.93549	1304.86536	-91.18230	-536.44781	1441.69385	43.89270	-926.84882	1128.97339	104.06657	-327.27679	1119.08508	-79.39888	-1042.96594	924.35693	115.12836	-312.71390	870.83179	-118.41348	-663.62561	1015.16138	-53.86731	-542.82465	997.07062	-108.82063	-500.67902	959.04175	166.81903	-695.44312	458.44296	211.40083	-497.65427	565.09436	-110.48749	-686.73578	101.45686	261.85178	-526.33673	171.90698	-31.53783	
919	9.180	-665.27441	1450.26721	-290.05048	-641.50793	1668.33044	-69.15584	-759.43451	1556.29150	-134.49725	-553.32751	1534.19592	-233.55246	-748.83197	1433.39661	14.94749	-459.78656	1429.44080	-134.95529	-624.92456	1303.92126	-98.32354	-540.76282	1440.79761	37.32864	-933.03943	1129.98389	91.07378	-328.59360	1118.26147	-82.84995	-1052.35217	926.79602	100.15794	-312.23758	867.89429	-117.83770	-665.86841	1013.84985	-61.43617	-544.52832	995.32928	-115.06130	-506.06696	958.75293	160.65614	-697.88483	457.08154	205.38425	-496.48950	564.47974	-120.77913	-686.66693	101.70876	262.01529	-535.58112	163.72934	-52.98482	
920	9.190	-663.53735	1450.15198	-298.66406	-643.00952	1667.39392	-77.47183	-760.23822	1555.68994	-143.93518	-552.82849	1534.08411	-240.11142	-752.37787	1433.29456	5.24302	-460.41370	1427.94958	-140.73682	-626.67450	1302.79004	-106.44856	-544.28802	1440.31848	30.68494	-938.94281	1130.19702	77.50306	-330.11826	1117.11890	-84.83685	-1060.18433	929.08734	84.89507	-311.94254	865.86005	-118.51035	-668.47083	1012.11603	-69.98520	-546.07446	993.76392	-121.39391	-511.86874	958.20123	155.03506	-701.27673	457.50156	199.00656	-495.50031	563.26550	-130.20877	-685.86761	104.84102	269.50604	-544.30933	154.44087	-75.53423	
921	9.200	-661.91669	1449.97937	-307.69214	-644.78601	1666.25171	-85.21745	-760.55084	1554.60657	-153.24855	-551.74805	1533.68872	-247.22881	-755.55823	1431.87805	-5.15900	-461.46207	1426.31226	-146.26143	-628.43799	1301.65320	-114.61067	-548.79657	1438.92883	24.26703	-944.91302	1130.07202	65.25906	-331.81372	1115.89099	-88.26825	-1067.16333	931.05377	69.26355	-310.91168	863.82123	-118.61875	-670.74493	1010.67273	-78.81857	-547.55554	992.77856	-128.49072	-517.46094	957.77777	148.80396	-704.78357	456.15384	192.79384	-492.89401	562.16254	-138.36339	-686.24841	104.17176	267.06894	-551.62531	146.58281	-98.70065	
922	9.210	-660.48608	1449.60999	-315.84122	-646.45874	1664.95190	-92.32899	-761.38995	1554.45874	-163.07158	-551.38458	1533.09814	-254.30757	-760.62421	1430.94336	-14.10616	-462.03720	1425.06909	-151.87788	-630.04120	1300.72925	-122.41872	-551.59882	1437.25769	16.24306	-949.85339	1130.41821	51.78038	-333.18930	1114.66016	-90.85455	-1074.46533	931.72583	54.78120	-310.64426	861.48145	-120.70286	-672.91168	1009.12817	-86.69178	-549.52563	991.23254	-134.97192	-522.75842	956.93738	142.30789	-708.87799	455.05096	186.37537	-491.87488	561.29529	-145.29784	-686.54730	104.34917	265.56644	-558.94574	138.59959	-122.29211	
923	9.220	-659.02765	1449.19836	-325.08411	-648.28082	1663.61951	-100.80617	-761.22650	1552.84717	-173.03592	-550.91095	1532.13525	-260.46429	-762.18073	1428.54224	-30.70209	-463.57315	1422.78235	-158.09879	-631.61328	1299.39246	-130.77699	-554.41315	1436.03650	7.96672	-954.47943	1129.80505	39.08658	-334.50858	1112.98645	-94.45589	-1080.82214	933.70581	39.00625	-309.76801	860.06360	-122.00620	-675.09821	1007.38971	-95.64822	-551.15900	990.22980	-141.43430	-527.28943	956.34338	136.13908	-713.14984	453.68286	180.33244	-489.19620	559.77118	-152.19429	-688.69116	104.57950	266.71820	-564.81073	132.01668	-148.21555	
924	9.230	-657.50677	1448.75122	-334.90359	-649.47290	1660.14282	-109.40809	-761.08600	1551.33887	-183.30443	-549.63318	1531.08887	-268.63434	-764.43256	1429.27979	-35.60389	-464.63342	1420.77100	-163.97701	-633.47107	1297.88892	-139.84308	-558.72528	1434.51270	0.88641	-959.14331	1129.75415	26.71702	-336.22534	1111.33496	-97.88327	-1086.21008	935.30109	23.46245	-309.09222	857.50043	-122.94028	-677.02789	1005.88959	-103.73115	-552.33185	988.66626	-148.66638	-531.96826	955.22552	129.03751	-718.18103	452.95248	174.11465	-486.97443	557.83063	-157.82152	-689.33710	105.45332	266.45685	-568.72272	128.21800	-174.00703	
925	9.240	-655.60236	1447.79724	-343.52353	-651.42371	1661.11658	-118.08280	-762.81506	1551.55371	-194.25359	-549.75201	1529.70215	-274.90790	-766.69336	1427.89209	-45.09312	-465.60513	1418.57849	-170.12479	-634.44507	1296.14270	-147.87564	-561.86456	1433.15881	-7.29144	-963.33435	1129.01770	13.25666	-337.79486	1109.27771	-101.67586	-1090.82581	936.10925	7.65207	-308.91940	855.44647	-124.48150	-679.11554	1003.69171	-112.74644	-554.27026	987.04669	-156.93710	-536.20886	953.82275	121.29001	-722.39600	451.53784	167.75040	-485.90549	555.27930	-163.21660	-689.86005	106.19756	265.85342	-573.55591	127.19119	-197.66731	
926	9.250	-654.39191	1446.93042	-352.80704	-652.91687	1659.65344	-126.24561	-763.85425	1550.16882	-205.56329	-548.31073	1528.40369	-283.33401	-768.98724	1426.82556	-55.63922	-465.97653	1417.36340	-177.63109	-635.54932	1294.35437	-156.64127	-565.25562	1431.46826	-14.48464	-966.91010	1127.87085	1.19914	-339.98834	1107.23145	-105.19899	-1095.47437	936.01575	-7.91174	-308.37253	853.86414	-126.84576	-680.73871	1002.11908	-122.39055	-555.32416	985.21228	-164.35098	-540.94214	952.81927	114.23650	-725.89972	450.46716	162.03464	-486.45789	552.02332	-168.48019	-690.94611	106.84013	265.36075	-576.88788	127.87331	-222.28886	
927	9.260	-652.87823	1445.56433	-361.73776	-653.77014	1658.12524	-135.48555	-763.36584	1548.84106	-214.47049	-547.98621	1527.34082	-290.50833	-771.87250	1425.91003	-67.14706	-467.37665	1414.80725	-184.56497	-637.29474	1292.85193	-165.35040	-568.05145	1430.34595	-22.16220	-970.42932	1126.32849	-11.49915	-341.72452	1104.23657	-109.35707	-1099.37305	936.38416	-23.75929	-308.59058	850.78204	-128.90251	-682.47034	999.90930	-131.34071	-556.59967	983.47418	-172.21786	-544.50000	950.97565	105.59318	-730.03503	449.17648	156.93037	-488.34601	549.63342	-172.59175	-692.46362	107.36353	264.07361	-577.39630	129.33168	-246.17537	
928	9.270	-651.21643	1443.94666	-371.22964	-654.81189	1656.28577	-144.42441	-764.37848	1547.52771	-225.86249	-546.79584	1525.57532	-298.72705	-774.32666	1424.20703	-77.98019	-467.28589	1412.25537	-190.21169	-638.07886	1290.51453	-173.51349	-570.81226	1428.43140	-31.01038	-972.42792	1124.15918	-22.79819	-344.41077	1102.45117	-114.74483	-1103.60449	936.67938	-39.18813	-307.78934	849.29724	-128.71896	-683.94934	997.66071	-139.42911	-557.48663	982.21790	-181.10870	-548.53528	949.39429	97.72784	-733.64606	448.06067	150.26228	-490.97821	547.89478	-177.01669	-692.58698	107.49500	263.21979	-578.89124	132.51929	-268.03339	
929	9.280	-649.90698	1442.24841	-380.71722	-656.20172	1654.05566	-153.09323	-763.96887	1545.85730	-236.33943	-546.75800	1524.13538	-306.23862	-776.16272	1422.62061	-88.49571	-468.11026	1410.08826	-197.81578	-639.41699	1289.02747	-182.80263	-573.72284	1426.69800	-38.94799	-975.26862	1122.57202	-35.82127	-346.49722	1100.20801	-119.08484	-1106.22986	936.00830	-55.48235	-307.06998	846.92096	-130.45799	-685.18384	995.98480	-149.69695	-558.43958	980.74744	-188.65570	-553.24976	946.80438	85.61514	-738.99524	447.00885	142.80502	-494.30536	546.24719	-181.28758	-693.21008	105.65662	260.78653	-578.58789	134.31987	-291.32770	
930	9.290	-648.36389	1440.67371	-389.77032	-657.42682	1652.52783	-162.72404	-764.19562	1544.22449	-246.43500	-545.52496	1521.60620	-314.69626	-778.19153	1420.82214	-98.23923	-469.17001	1408.33960	-204.37238	-640.45966	1287.15015	-191.67387	-576.06244	1424.65613	-46.09240	-977.64624	1120.75842	-48.83045	-348.86893	1097.31604	-124.30090	-1108.26489	935.87439	-72.33187	-306.91293	844.33948	-133.16705	-686.70319	993.77106	-159.85570	-559.36053	979.43579	-198.46027	-555.95691	945.49097	78.83652	-741.62598	446.49503	137.04228	-497.86328	544.62781	-185.38341	-695.98956	108.72592	258.26184	-578.82690	137.55696	-313.44882	
931	9.300	-646.83093	1438.56653	-398.84372	-658.05829	1651.17834	-172.26157	-764.09686	1542.56873	-256.97995	-545.43817	1519.73340	-322.27631	-779.70386	1419.48267	-108.81657	-469.96484	1405.98975	-211.08206	-641.20142	1285.68054	-201.10800	-578.65369	1422.45898	-55.46247	-979.71436	1118.94629	-61.11889	-351.17700	1094.97205	-130.34052	-1110.78674	933.68341	-86.66966	-307.08185	841.65326	-135.80548	-688.05432	991.70026	-169.34738	-560.89240	977.58069	-207.50833	-559.80273	942.99500	68.23763	-744.49115	445.51028	130.20946	-502.48196	542.68976	-189.28394	-696.93176	109.00524	257.10397	-579.35284	142.01993	-334.80887	
932	9.310	-645.84857	1436.57349	-407.46738	-659.16644	1649.38953	-181.29161	-764.04218	1540.57092	-266.87723	-544.24475	1517.63904	-329.76044	-781.47162	1417.64258	-119.99005	-470.90363	1404.09375	-218.37981	-641.83453	1283.68042	-209.75061	-580.65350	1420.77869	-61.98739	-981.51825	1117.16895	-73.64085	-353.32733	1092.75903	-136.24240	-1111.69116	932.91193	-103.89126	-307.75815	839.43494	-138.11800	-689.53284	990.03113	-180.70236	-562.29517	975.71521	-217.50851	-560.53351	941.54260	62.23042	-748.45471	444.53217	122.06792	-506.36725	540.35675	-194.11388	-698.59875	109.70191	251.62932	-579.14941	145.69020	-355.05823	
933	9.320	-644.16180	1434.78796	-417.12701	-659.97955	1648.13696	-191.34103	-763.83459	1537.79993	-277.11075	-544.23126	1515.99939	-338.70978	-783.12042	1415.99146	-129.75427	-470.18652	1402.57593	-227.00601	-642.80652	1282.26453	-219.20834	-582.69183	1418.89978	-71.26871	-983.67194	1115.32837	-88.64293	-354.84619	1089.83679	-142.25255	-1111.70215	929.64886	-118.84933	-308.52460	837.31140	-141.18091	-690.90967	988.45508	-190.93713	-563.74744	974.28259	-227.09648	-563.06689	939.67828	53.17107	-751.27051	443.55530	114.62237	-510.81104	538.46021	-198.34521	-701.48224	111.05623	247.35620	-578.07727	149.29735	-372.16180	
934	9.330	-642.63062	1432.65918	-425.79153	-660.21600	1646.69336	-200.73059	-763.83746	1537.19116	-287.52765	-543.12659	1514.19861	-347.26239	-784.20306	1414.31116	-139.11882	-470.91293	1400.85559	-234.56389	-643.29620	1281.02576	-228.71623	-584.06128	1416.26636	-79.81029	-984.31342	1112.23364	-100.68798	-356.66916	1088.24341	-150.23511	-1112.78015	928.68457	-136.02393	-309.49875	835.63348	-145.25488	-692.48596	986.84326	-201.09561	-564.74438	972.52710	-236.45663	-568.88062	935.82666	38.34027	-754.30756	443.53961	105.71421	-516.02399	536.70288	-203.79744	-703.98621	112.35225	244.55360	-576.60046	151.47624	-385.96027	
935	9.340	-641.17474	1430.39758	-433.81818	-661.20575	1645.49683	-211.27312	-763.25269	1535.67468	-297.63062	-542.73096	1512.54639	-355.00363	-785.07660	1412.83569	-149.29390	-471.72076	1398.84863	-241.79201	-643.83282	1279.16748	-238.07472	-585.66718	1414.67285	-88.21021	-985.13562	1110.95667	-112.49821	-358.52890	1085.98413	-157.73929	-1112.40735	926.24255	-151.17891	-310.39215	833.51733	-148.54776	-694.18884	985.19147	-212.16565	-565.65454	970.59058	-246.14581	-571.23627	934.15961	28.76926	-757.49872	440.92673	95.06216	-521.10956	535.49011	-209.51582	-706.63867	113.55254	242.62398	-577.22620	152.40048	-397.62857	
936	9.350	-639.43500	1428.78162	-442.79529	-661.62073	1645.01819	-220.51756	-763.33881	1534.53796	-307.96548	-541.60364	1511.05579	-363.56451	-786.53009	1411.96228	-159.57112	-471.63141	1397.58020	-250.49402	-644.17944	1278.20752	-247.96806	-587.51166	1413.16187	-97.34938	-985.85712	1108.97034	-127.73907	-359.84003	1084.17834	-164.62595	-1111.23438	923.20673	-167.26434	-310.94656	832.20251	-153.89337	-695.57117	983.83191	-222.59851	-566.88489	969.22003	-256.03259	-573.01227	932.06152	19.63837	-761.21344	437.14963	76.09641	-525.85394	535.40692	-217.51248	-710.62946	114.98725	239.07895	-577.87866	152.33914	-406.57919	
937	9.360	-638.15417	1427.20313	-451.42310	-662.00281	1644.36145	-230.34334	-762.98834	1533.54907	-318.17084	-541.26855	1509.42004	-370.41089	-787.80200	1411.21094	-169.59691	-472.27075	1396.02332	-258.29300	-644.87170	1277.24060	-257.17188	-589.04120	1412.31726	-106.72102	-985.49725	1107.42151	-139.77567	-361.67548	1081.98071	-172.05952	-1109.94373	919.51471	-182.39609	-312.21890	830.84430	-159.21974	-696.92889	982.56451	-233.68596	-567.99591	968.44067	-265.84906	-574.84473	929.84418	7.96222	-763.03699	437.60220	72.44157	-527.87445	535.86139	-228.25662	-713.71143	116.29858	232.24405	-579.12079	150.24075	-413.49451	
938	9.370	-636.53894	1426.12927	-460.28473	-662.69586	1643.84204	-240.04033	-762.52582	1533.54749	-328.40158	-539.89618	1509.32275	-380.11340	-788.54004	1410.02063	-179.09784	-472.54120	1395.38293	-266.80804	-645.42804	1276.28003	-266.40228	-590.05524	1412.42737	-113.75272	-985.31329	1105.70593	-155.80566	-362.88037	1080.67139	-180.86713	-1107.54761	917.10797	-198.46597	-313.03830	830.25012	-165.09479	-698.26404	980.93726	-243.94188	-569.05548	967.76495	-276.17276	-576.29175	929.17932	-3.85278	-765.34924	436.20847	61.09743	-531.08392	536.90204	-239.13341	-716.47888	116.80905	229.79456	-580.54926	148.08292	-419.11426	
939	9.380	-635.15930	1425.66089	-469.62891	-663.06915	1645.12305	-250.71707	-761.79071	1533.32239	-339.23996	-539.42505	1508.24902	-387.53033	-789.78522	1409.98413	-188.92264	-473.68405	1394.39734	-274.47998	-646.19568	1276.24426	-275.59116	-592.01245	1410.99878	-122.62758	-984.23785	1102.58130	-169.07809	-364.51880	1078.99866	-188.75696	-1104.64990	913.24591	-213.86128	-313.73398	829.25720	-171.68341	-699.17932	980.19592	-254.88501	-569.83246	967.79584	-285.72119	-578.09967	927.24835	-13.01852	-767.78308	435.28531	48.19928	-533.30688	537.91040	-250.66847	-720.48877	119.54271	223.28040	-582.25635	145.10201	-422.41290	
940	9.390	-633.89825	1425.70447	-478.83258	-663.33948	1645.51563	-260.44492	-761.68646	1533.86145	-349.28629	-538.18250	1508.08655	-395.95120	-790.75281	1409.68445	-198.10765	-474.16699	1394.65405	-283.52011	-646.87823	1276.05469	-284.87363	-592.16156	1411.63892	-131.51973	-982.78326	1102.14685	-182.34338	-365.41339	1078.02954	-197.17435	-1101.24463	910.54523	-228.22649	-315.36792	829.15015	-178.15843	-699.93542	979.81311	-266.12683	-570.55408	968.46283	-296.37213	-579.65936	927.39404	-22.76719	-776.67505	435.32968	35.42516	-533.67950	538.34229	-261.12006	-724.65161	122.44105	215.95311	-583.21625	142.37137	-426.95682	
941	9.400	-631.88562	1425.82690	-487.10510	-663.47772	1646.03723	-270.05453	-760.72540	1534.12622	-359.27448	-537.67328	1508.86108	-405.63464	-791.52203	1409.81763	-208.03365	-474.12277	1394.56665	-292.06976	-647.67859	1276.36133	-294.04398	-593.65967	1411.35156	-141.36714	-981.45129	1100.79517	-197.96750	-366.84885	1078.13367	-206.73836	-1097.36218	907.32300	-243.43471	-316.44269	829.20490	-184.58614	-700.41504	979.70300	-276.69321	-570.83118	969.78748	-306.91302	-580.93097	926.84668	-34.57066	-772.24536	434.89267	24.30709	-532.71039	539.47833	-272.50375	-728.90540	124.62887	208.56013	-583.91693	139.57051	-429.11102	
942	9.410	-630.63519	1426.24561	-496.01813	-663.68146	1646.67517	-279.51807	-760.61768	1535.23462	-366.25378	-536.67139	1508.93970	-411.71988	-792.33405	1409.91528	-217.38252	-475.04910	1395.34851	-299.58319	-648.58466	1277.05286	-303.58301	-594.95270	1411.71765	-149.96808	-979.25256	1098.78174	-211.17894	-368.04913	1078.11328	-214.29211	-1091.90112	902.21130	-257.24728	-317.75555	829.99573	-191.76001	-700.61505	980.35059	-287.61874	-571.18341	971.18060	-317.81042	-581.76312	926.46332	-45.45876	-773.77423	434.37823	9.57464	-530.71661	541.04913	-284.48111	-733.10284	128.02382	198.21014	-584.97833	136.74271	-431.64780	
943	9.420	-629.29651	1426.92236	-504.45877	-663.94806	1647.07092	-287.71960	-759.48810	1535.79150	-376.34244	-535.79486	1509.78186	-420.07370	-793.14703	1410.35168	-226.81482	-475.50320	1396.44153	-307.84924	-648.62372	1277.90137	-312.71045	-595.97260	1411.73010	-158.53136	-976.84894	1097.31543	-225.75888	-369.27670	1079.60535	-223.28481	-1087.28198	899.29932	-271.71213	-318.77914	831.38831	-200.06778	-700.80530	981.41840	-298.13885	-571.53827	972.70819	-328.66235	-583.64893	925.30493	-55.84669	-774.97321	435.51813	-6.87607	-529.20184	541.75293	-295.41727	-738.41791	131.70290	187.77217	-585.59113	134.36725	-432.20648	
944	9.430	-627.72058	1427.49719	-512.30603	-664.08606	1648.11462	-296.10638	-759.41730	1536.51929	-383.38672	-535.45276	1510.13062	-426.38318	-793.96893	1410.34265	-235.44238	-475.96039	1397.83899	-316.31595	-648.89856	1278.95605	-322.60364	-598.02344	1411.92542	-166.37947	-974.63165	1096.85156	-240.10999	-369.72568	1080.66284	-231.69920	-1082.45398	898.22620	-287.82245	-320.06058	832.56665	-208.53653	-700.81812	983.12677	-308.57663	-571.95465	974.08667	-338.69690	-584.52295	925.21259	-65.80593	-773.59625	437.22516	-22.25701	-526.36389	543.64233	-308.57330	-742.82605	137.69337	176.08362	-586.07574	131.63463	-433.59720	
945	9.440	-626.56293	1428.87891	-520.10785	-664.39197	1648.85242	-304.11404	-758.88507	1538.16516	-394.18585	-534.40204	1510.63379	-433.27542	-793.74072	1411.08728	-245.21423	-477.09875	1398.80688	-323.48981	-648.84564	1280.09460	-332.14398	-598.46930	1412.24951	-174.44066	-971.36829	1094.80017	-253.32265	-370.27484	1081.73181	-240.65062	-1076.77246	895.14374	-301.23026	-321.30313	834.13336	-217.16998	-701.06439	984.62817	-318.41562	-572.32001	974.93811	-349.38708	-585.99170	925.35443	-75.58395	-773.71637	436.54050	-44.91502	-522.73651	542.23596	-318.29587	-745.86029	143.62335	163.60767	-587.32324	127.56238	-433.28033	
946	9.450	-624.83966	1429.64148	-527.43097	-664.65546	1650.13403	-312.50101	-758.85651	1539.14331	-405.96167	-533.87927	1512.16406	-440.12250	-794.25604	1411.30383	-253.41644	-476.69022	1400.55005	-331.65018	-648.99103	1281.66565	-341.92612	-600.38220	1412.28406	-181.70047	-968.21399	1094.26343	-266.29782	-370.25659	1083.25610	-248.07819	-1070.86584	892.55927	-316.04755	-322.27039	834.93628	-225.21298	-701.48730	986.62256	-328.50452	-572.66193	975.56085	-359.69861	-587.46844	925.17377	-86.67374	-774.66272	434.63174	-67.24443	-520.00317	541.00153	-329.34000	-749.51166	152.16397	148.63261	-588.40643	123.79706	-433.24780	
947	9.460	-623.63141	1431.36035	-535.10449	-665.08948	1651.45837	-319.40329	-758.66986	1541.06982	-414.66968	-533.06641	1513.44385	-447.20523	-795.28693	1412.22131	-261.92938	-477.01944	1402.54309	-339.57077	-649.12195	1282.87891	-351.05212	-599.93445	1413.07190	-191.22302	-964.69739	1092.94666	-279.25137	-370.65994	1084.80115	-256.03427	-1063.90161	889.62164	-329.21494	-322.93314	836.59924	-235.00780	-702.42200	988.32996	-338.56351	-573.50586	975.88837	-369.08795	-587.85510	925.18420	-96.28063	-771.94897	430.11014	-94.58752	-516.43726	539.74438	-341.38535	-753.28229	161.14334	131.80969	-598.96881	113.90816	-434.91992	
948	9.470	-622.49402	1433.21826	-542.96417	-665.30200	1653.23743	-327.16830	-757.64624	1542.52307	-423.06485	-532.01392	1514.84045	-453.27625	-795.54120	1412.68140	-271.22171	-477.10312	1403.67542	-346.89224	-649.44666	1284.80627	-359.94025	-600.40454	1413.22461	-198.97520	-960.77106	1091.02283	-292.08221	-370.80029	1086.01831	-265.10471	-1057.24561	885.33337	-342.35013	-324.10632	837.53711	-244.55348	-703.80383	989.24719	-348.32361	-574.07709	976.65741	-379.34143	-588.47180	925.61371	-105.13680	-772.89392	428.91959	-116.89372	-512.55511	537.46313	-351.35785	-755.98303	170.62108	114.27033	-591.07623	116.49203	-431.93097	
949	9.480	-621.10846	1435.22766	-550.71381	-665.67365	1655.12305	-335.43314	-757.94458	1544.78064	-431.87857	-531.78943	1517.27332	-461.65439	-796.31836	1413.58813	-279.57083	-477.45200	1405.64905	-354.43170	-649.48688	1286.61511	-369.24863	-601.69336	1414.25439	-207.07698	-956.06866	1089.67383	-301.38147	-370.12970	1087.03259	-274.44751	-1050.64917	884.09161	-356.63300	-324.54294	838.36914	-254.36716	-705.29443	990.34778	-357.43814	-575.79541	977.09161	-389.34445	-589.42212	925.89227	-115.39359	-777.82397	432.86838	-137.33095	-508.70444	535.50354	-362.71021	-759.36218	180.13333	95.14261	-591.51019	112.71258	-430.82800	
950	9.490	-620.32397	1437.29333	-558.07080	-666.07373	1656.80627	-343.14172	-757.61829	1546.45166	-440.02811	-531.29492	1518.99255	-467.45078	-797.26379	1414.60730	-288.42114	-478.41208	1407.04272	-361.46411	-649.83386	1288.69373	-378.28897	-602.86609	1415.40393	-214.13872	-951.76544	1088.24194	-313.71451	-369.84476	1089.64075	-282.64102	-1043.89368	881.86157	-369.86807	-325.45306	839.45093	-264.24054	-706.90833	991.38000	-366.36258	-576.23639	977.82642	-399.35498	-590.65173	926.82257	-125.72535	-783.47144	437.94412	-155.53949	-504.63934	533.66498	-373.20279	-763.29956	190.23016	76.76911	-591.61102	111.59254	-429.91351	
951	9.500	-618.77301	1439.63208	-565.63269	-666.45941	1658.74524	-350.53738	-756.95288	1548.50183	-448.15503	-530.55664	1521.39429	-474.99319	-798.23834	1415.67395	-297.21103	-478.73215	1408.67590	-367.51572	-650.07166	1290.31055	-386.88028	-603.95789	1417.03003	-221.65446	-947.25848	1087.14966	-325.27884	-369.75836	1091.07300	-290.69522	-1036.70740	876.47827	-377.80991	-326.20792	840.20654	-275.04752	-708.66498	992.46997	-376.07187	-578.24396	978.59106	-408.51974	-591.35577	927.91406	-135.15701	-788.73523	442.87839	-180.33179	-500.03021	533.32635	-383.66464	-767.33215	200.41397	57.12944	-590.21033	110.19799	-427.90027	
952	9.510	-617.93872	1442.45984	-572.69885	-666.98145	1660.57275	-357.53262	-757.01221	1550.70251	-456.55228	-530.21228	1523.41602	-480.83282	-799.00397	1416.78113	-306.31940	-478.96143	1411.44592	-376.03018	-650.27539	1292.54175	-395.62247	-605.70734	1417.79529	-229.16180	-942.80212	1086.52673	-337.26849	-369.85864	1092.85535	-300.04178	-1030.18872	877.60809	-395.37128	-327.29715	841.91650	-286.76563	-710.48322	993.48938	-384.78143	-578.89252	979.86127	-417.49823	-592.53613	928.98883	-144.80670	-795.27429	446.99582	-204.94638	-494.98242	533.52216	-392.22900	-772.66736	210.44835	36.83902	-601.30115	104.09492	-428.39474	
953	9.520	-616.91980	1444.80566	-579.95551	-667.35431	1662.80896	-365.08594	-756.88678	1553.36060	-465.03351	-529.94543	1525.88098	-487.69049	-799.66815	1417.87988	-314.46762	-478.89273	1413.13867	-382.18839	-649.98590	1294.20374	-404.34039	-606.46014	1419.28711	-237.35849	-938.45142	1085.76367	-347.90567	-370.05563	1094.00073	-308.83810	-1023.14587	876.48108	-407.79929	-327.30737	843.10901	-298.35022	-712.09949	995.32196	-395.55887	-580.10889	982.01697	-427.14096	-593.55298	930.19263	-154.32784	-801.41956	448.77350	-230.59857	-490.94400	533.75800	-401.25903	-777.97113	219.77106	17.08278	-598.88104	105.18513	-426.68497	
954	9.530	-615.71265	1447.46021	-587.80408	-667.85718	1664.89038	-372.29166	-758.17023	1554.92932	-474.42032	-529.47974	1528.10681	-494.28305	-800.36981	1419.09949	-324.01874	-478.60062	1415.08813	-389.03308	-650.05847	1295.81848	-412.72824	-607.09839	1421.20386	-244.02687	-934.28271	1085.49402	-358.91824	-369.84048	1095.79541	-318.27029	-1015.96625	875.20905	-420.33569	-328.02362	844.40839	-310.71130	-713.41467	996.98102	-404.52255	-581.44409	984.42010	-436.24612	-595.48431	931.74915	-164.23560	-807.45770	450.71307	-254.49495	-485.90475	533.75861	-408.56674	-783.41199	227.71626	-4.39291	-598.91626	106.49177	-425.82751	
955	9.540	-614.61237	1449.79211	-595.27429	-668.43073	1666.93420	-380.02228	-756.25757	1557.78174	-481.51035	-529.20947	1530.45068	-500.92041	-801.25220	1420.94556	-332.88419	-479.19446	1417.11841	-395.96405	-649.76874	1297.59302	-421.30228	-608.91058	1422.91174	-249.20851	-930.41931	1085.35303	-370.15634	-370.12003	1097.45959	-327.42551	-1008.28235	871.32550	-429.52649	-328.98425	845.47614	-322.04770	-714.20746	999.31158	-414.58011	-581.71893	986.37225	-445.03595	-597.90839	932.95953	-172.45934	-814.09106	451.58044	-279.82620	-480.77811	535.05890	-415.62888	-790.03278	236.66489	-25.52050	-596.68835	106.94100	-425.10605	
956	9.550	-613.41382	1452.46509	-603.22455	-669.01831	1669.05981	-387.88788	-755.74506	1559.30798	-489.73007	-528.50873	1533.30969	-508.92780	-802.05231	1422.33276	-341.07690	-479.57520	1419.21130	-401.47549	-649.73450	1300.25012	-430.24426	-608.36688	1426.29236	-256.05826	-926.63544	1085.69312	-380.61880	-370.87213	1098.83081	-335.39563	-1002.89240	873.64935	-443.09637	-329.58859	846.44202	-335.24295	-714.22015	1002.20203	-424.41095	-581.85577	988.97430	-454.18073	-599.89044	935.10657	-181.01427	-820.60498	451.17593	-304.35974	-476.05621	534.93909	-421.11700	-795.87970	243.73225	-47.83973	-595.28021	106.30790	-424.07648	
957	9.560	-612.23071	1454.79248	-610.44958	-669.63654	1671.00183	-395.56747	-756.07092	1562.25684	-498.68112	-528.03082	1535.11572	-514.13593	-801.98224	1423.71008	-350.73767	-479.76978	1421.03088	-408.64252	-649.42621	1302.18542	-438.09299	-610.35968	1424.32397	-267.23502	-923.22687	1086.40955	-391.10529	-371.34024	1100.20874	-344.63547	-995.11066	869.67590	-450.79135	-330.47620	847.92218	-347.89542	-713.82880	1005.01788	-434.15860	-581.49640	991.02728	-462.76178	-602.62360	937.11987	-188.09587	-826.68854	450.88937	-329.14194	-472.03787	534.78790	-424.84329	-800.78760	249.19981	-70.65488	-594.47675	106.23993	-423.53149	
958	9.570	-611.03802	1457.08350	-617.94904	-670.18280	1673.04626	-403.07275	-755.86884	1564.38696	-507.21582	-528.00110	1537.80090	-521.93896	-802.61823	1425.70911	-360.07516	-479.92679	1423.69031	-415.25989	-649.10968	1304.34460	-446.74518	-611.78180	1427.53308	-273.81564	-920.21710	1086.95459	-400.93103	-371.44162	1101.91736	-354.18826	-991.25269	871.98315	-463.76672	-331.74487	849.84375	-360.93817	-712.91553	1008.29260	-444.74075	-581.26208	993.15179	-472.38434	-605.92987	938.68188	-197.29716	-832.18793	448.68976	-352.61609	-470.21820	534.63623	-426.32544	-807.20013	255.88951	-93.85519	-584.33899	110.06151	-419.12082	
959	9.580	-609.76483	1459.61609	-626.13708	-670.85406	1674.83069	-409.99112	-755.09113	1565.79590	-515.18091	-527.31000	1539.95325	-528.73987	-803.08209	1427.11072	-368.74954	-479.52039	1425.52930	-422.25299	-649.04047	1306.73523	-455.49753	-611.84106	1428.86145	-282.24017	-917.38025	1087.83508	-411.25754	-371.96060	1103.28259	-362.42795	-985.53687	871.55505	-472.83075	-332.01572	851.82532	-374.22055	-711.85498	1011.20825	-454.74594	-579.99127	994.47705	-481.30789	-608.60699	939.60699	-207.64343	-838.58331	446.86264	-376.84271	-467.21085	533.72601	-429.44727	-812.23712	260.97534	-117.86033	-589.34155	105.88483	-421.08923	
960	9.590	-608.60608	1461.82166	-633.52905	-671.34186	1676.74976	-418.38898	-755.33429	1567.67480	-523.63605	-527.07928	1541.73718	-535.18842	-803.43146	1428.44678	-377.70731	-479.87030	1427.83667	-429.41058	-648.50177	1308.55469	-463.59592	-613.26727	1429.83008	-289.98788	-914.92560	1088.72717	-421.27975	-372.67310	1105.20325	-371.26657	-979.92926	871.96741	-483.53793	-333.17743	852.81549	-387.36588	-710.71771	1013.82043	-464.84540	-578.47284	995.43323	-489.25632	-612.67145	941.64410	-215.95288	-846.15387	445.27679	-401.00430	-466.32938	532.90601	-430.50638	-817.23297	265.38333	-142.36969	-587.86414	103.14495	-419.27325	
961	9.600	-607.39716	1463.88354	-641.68915	-671.98669	1678.08582	-426.36136	-759.30975	1570.27026	-535.04144	-526.72821	1543.55835	-542.63324	-803.00940	1429.67261	-386.62811	-479.60901	1429.03577	-435.74438	-648.35016	1310.04907	-472.03650	-613.49500	1430.11377	-298.21628	-912.52911	1089.47314	-430.92923	-373.68100	1107.03540	-380.42307	-974.49023	872.23602	-492.66287	-333.89221	854.86292	-400.51074	-709.38409	1016.49994	-475.00848	-576.71277	995.75482	-497.72333	-615.96674	943.26404	-223.77620	-852.16077	443.23993	-423.68954	-465.02719	531.94623	-430.79471	-822.22717	268.71274	-167.26111	-585.07080	103.07939	-419.87836	
962	9.610	-606.12231	1465.64087	-649.14539	-672.41675	1679.52954	-433.99426	-754.32410	1570.63867	-540.97577	-525.80408	1545.60718	-549.16479	-803.57385	1431.02588	-395.60944	-479.96756	1431.06616	-443.61105	-647.68665	1312.26440	-480.94125	-615.06805	1430.99829	-306.32254	-910.37183	1090.08484	-440.01501	-374.46109	1108.41943	-389.34265	-969.61353	871.52454	-500.41452	-334.87894	857.80872	-415.27182	-708.27948	1018.26025	-485.13440	-575.24988	996.85632	-506.66556	-619.47437	943.69171	-231.88385	-857.60406	445.32919	-446.07404	-464.48874	531.19476	-431.52011	-827.34656	272.41980	-191.47253	-573.38702	108.89519	-416.68646	
963	9.620	-605.02991	1466.85693	-656.58795	-673.00482	1680.46362	-441.55402	-754.35815	1571.76648	-549.52423	-525.59808	1547.40344	-556.70013	-804.15741	1432.05176	-404.83447	-480.14981	1432.80383	-451.36600	-647.36084	1314.19141	-489.85425	-615.84796	1431.92615	-314.89688	-908.15851	1090.77869	-449.61569	-375.47803	1109.23059	-398.13568	-964.95233	871.25317	-510.15421	-335.58948	859.12769	-428.94965	-707.06848	1020.10345	-495.59579	-573.99811	997.09198	-515.29456	-623.22656	944.46533	-240.08008	-862.96722	450.74631	-467.63083	-463.68594	530.66650	-432.13937	-832.59790	274.82913	-216.19240	-581.56799	99.98141	-417.52621	
964	9.630	-603.82507	1468.27576	-664.82184	-673.33417	1681.43530	-449.97409	-752.79401	1572.56787	-558.21954	-524.51166	1548.75781	-565.13922	-803.95483	1432.83301	-413.97299	-479.88947	1433.60059	-457.35049	-646.75977	1314.91772	-497.54932	-616.38733	1433.49805	-322.37442	-906.11285	1090.85352	-458.18011	-376.62708	1109.92920	-406.74072	-960.37408	870.84692	-517.56885	-335.87509	861.23041	-442.63446	-706.08380	1021.24866	-505.15591	-573.13263	998.62048	-524.26398	-627.51367	944.37897	-250.29083	-868.18835	456.50037	-487.51785	-462.86682	530.81848	-431.54889	-837.06683	275.38626	-241.40961	-578.13336	99.49025	-416.80768	
965	9.640	-602.71411	1469.08215	-672.59576	-673.68018	1682.14404	-457.92709	-753.69403	1573.01221	-566.35388	-524.47876	1549.88855	-571.23120	-804.02301	1433.12830	-422.65985	-479.90433	1434.39087	-465.12363	-646.64685	1316.16016	-506.43686	-616.39532	1433.43225	-330.23358	-904.26227	1090.91663	-466.80231	-378.27637	1110.41553	-415.28699	-956.15845	870.40082	-525.36749	-336.53452	863.23688	-456.60333	-705.25171	1022.12378	-515.12372	-571.10773	997.98425	-531.18610	-630.56598	944.25592	-259.04510	-872.46436	462.75784	-509.00443	-462.50696	530.39545	-431.50024	-841.24719	276.23175	-266.74774	-574.64093	99.02941	-416.98438	
966	9.650	-601.60004	1469.69568	-680.87622	-674.01935	1682.46619	-465.91870	-753.46082	1573.81006	-575.29901	-523.49438	1550.44519	-579.72937	-804.36267	1433.83911	-431.92072	-479.43484	1435.19324	-473.71484	-646.21741	1316.72595	-515.07568	-616.05725	1433.22876	-337.96109	-902.44775	1090.94812	-475.67328	-379.19989	1110.83923	-424.24484	-952.15704	869.62988	-533.14673	-337.60602	864.39203	-470.63034	-704.61273	1022.42468	-524.96790	-570.36200	998.05316	-539.16290	-634.48706	944.66315	-269.09210	-876.14294	468.78931	-531.60266	-462.36328	529.24286	-430.46600	-844.74548	275.19516	-291.57568	-562.67480	103.52576	-415.99338	
967	9.660	-600.48785	1470.06470	-689.27826	-674.18597	1682.69397	-474.39255	-751.40308	1573.62366	-584.19421	-523.02155	1551.32458	-587.50201	-804.26410	1433.74121	-440.97763	-479.83932	1435.22424	-479.87311	-645.80109	1316.97913	-523.49939	-617.54785	1433.74133	-346.45367	-900.74951	1090.51514	-483.72232	-379.40320	1110.59082	-434.33237	-948.51001	869.01483	-541.27185	-337.89471	865.39874	-484.66589	-703.86975	1022.84088	-534.62830	-569.63110	997.53809	-546.53796	-637.48596	944.98376	-276.57751	-878.13281	473.01349	-553.16492	-462.62225	528.63776	-430.05576	-849.57593	274.73337	-316.83667	-559.56427	102.53201	-416.19348	
968	9.670	-599.28577	1470.24219	-697.66327	-674.34772	1682.33801	-482.56277	-752.35883	1574.07202	-593.29205				-804.78320	1434.14392	-450.60382	-479.28113	1435.43018	-487.84439	-645.75732	1316.99792	-531.31653	-618.32782	1433.58801	-355.28751	-899.34912	1089.73218	-491.70245	-380.50015	1110.15637	-444.32697	-945.04193	868.12781	-548.37378	-338.57288	867.04022	-499.83929	-703.46075	1022.42798	-544.36615	-568.98212	997.42096	-554.39746	-640.92670	944.83844	-285.31763	-879.64886	477.08353	-574.51379	-462.23660	528.09930	-429.71851	-853.24994	272.40186	-341.20697	-557.10419	100.84041	-416.25504	
969	9.680	-598.09589	1470.02173	-705.90613	-674.49084	1681.93689	-491.20471	-750.28278	1573.22009	-602.18591				-804.57458	1433.49536	-459.90714	-479.62302	1434.80640	-495.32880	-645.53345	1316.96716	-539.91089	-619.17041	1433.22888	-363.15131	-898.15393	1088.79736	-499.27396	-380.24695	1109.95117	-453.93933	-942.83600	866.39734	-554.74878	-339.18817	867.24805	-512.61536	-702.88751	1022.18457	-553.55176	-568.18597	997.03125	-562.62622	-643.76575	944.05756	-294.32187	-879.06183	479.97601	-594.99811	-462.47931	527.63373	-429.14880	-857.17676	269.27798	-365.88132	-553.96436	99.89687	-416.12274	
970	9.690	-596.94000	1469.41284	-714.11121				-749.85870	1571.93958	-611.02515				-804.94104	1432.83508	-468.96973	-479.70444	1434.28589	-502.58154	-645.73059	1316.32178	-548.48712	-618.90649	1432.31226	-371.92868	-897.13605	1087.89795	-507.17123	-379.23505	1109.48743	-464.42648	-940.58887	864.73596	-561.49908	-339.37930	867.39716	-527.30566	-702.59985	1021.13544	-562.40912	-567.89484	996.12469	-570.04053	-646.99078	943.17859	-304.97733	-878.03375	481.78741	-613.02979	-462.37262	526.98694	-428.27737	-861.65723	266.29419	-391.52216	-560.35284	92.83514	-420.26038	
971	9.700	-595.84320	1468.16016	-722.39685	-674.52521	1680.52844	-509.28101	-749.18616	1571.14026	-620.44598				-805.21875	1432.55090	-478.87976	-480.14386	1433.44287	-510.76678	-644.94788	1315.14673	-556.39001	-619.99725	1431.88489	-380.28754	-896.44189	1086.45654	-514.63794	-378.16132	1108.72583	-475.56210	-939.16132	862.70111	-568.82690	-339.90051	867.82849	-541.77338	-702.12268	1020.41742	-572.28247	-630.04224	967.80438	-545.20825	-650.15521	942.11725	-313.94193	-876.61096	483.62881	-630.59723	-462.62012	526.61926	-428.26215	-865.43420	261.02789	-415.87564	-555.22504	93.46955	-416.09537	
972	9.710	-594.59314	1467.34290	-732.19666	-674.48706	1679.33362	-518.69543	-748.50507	1569.92126	-629.91693				-805.14301	1431.27185	-488.24222	-479.73126	1432.19019	-518.40485	-644.90607	1314.15466	-564.96179	-621.01074	1430.88367	-388.74683	-896.16150	1085.00488	-521.87732	-377.66919	1106.87720	-485.90036	-938.47760	860.18103	-574.14764	-340.09402	866.68195	-555.51831	-701.62384	1019.26959	-581.30743	-564.42999	993.12756	-585.31586	-653.46918	941.46033	-321.18411	-874.39148	484.72144	-646.60565	-463.02087	525.45770	-427.64157	-868.58118	255.77626	-441.15723	-541.83777	97.98477	-413.23849	
973	9.720	-593.47498	1465.25452	-740.13501	-674.36926	1678.05212	-528.06091	-747.85437	1568.42371	-639.37213				-805.57849	1430.38159	-498.34189	-479.29404	1431.19617	-526.05194	-645.03424	1312.73499	-574.24384	-621.33899	1429.88379	-398.19098	-896.35468	1083.62939	-529.91241	-374.80515	1107.20654	-496.00064	-938.50043	857.74579	-581.28931	-340.40289	866.45471	-570.18085	-701.06213	1018.30084	-590.51459	-566.99628	992.99451	-593.76465	-656.25446	940.07129	-330.21655	-871.93469	485.26141	-661.56012	-463.23080	525.20062	-427.80057	-873.14087	248.94545	-465.83292	-538.95038	95.84837	-411.69934	
974	9.730	-592.21808	1463.58850	-749.16437	-674.19196	1676.78210	-537.86005	-747.16992	1566.54858	-649.42621				-805.61841	1428.97449	-508.25519	-479.75470	1429.03333	-532.74786	-644.26373	1310.92468	-582.73199	-621.54596	1427.81128	-405.79990	-897.20935	1082.28345	-538.00769	-373.32031	1105.54126	-506.59122	-939.35168	854.69238	-586.09595	-340.65277	866.14771	-585.13416	-700.49652	1017.49640	-600.11957	-566.48163	991.51721	-601.34143	-658.50580	938.72809	-339.31906	-869.04291	484.80524	-675.31433	-463.60242	524.24451	-427.54535	-878.45807	241.93999	-490.08429	-541.70093	89.55509	-413.01398	
975	9.740	-591.08960	1461.18787	-757.95941										-806.06238	1428.06238	-518.71075	-479.39450	1427.33020	-541.21100	-643.69543	1309.42920	-591.30353	-622.39551	1427.06494	-414.98956	-898.45203	1080.47412	-545.66730	-371.31845	1105.35803	-517.33282	-940.29218	851.92438	-591.30640	-341.07898	864.84161	-598.63806	-699.84888	1016.32422	-608.95081	-566.22998	989.87915	-609.82800	-661.46082	937.14056	-348.91818	-866.36176	485.03989	-689.70129	-464.03079	522.97046	-426.38217	-882.40198	232.97562	-514.93451	-530.97461	92.17338	-410.27420	
976	9.750	-589.88739	1458.59668	-766.80139	-673.76654	1673.74634	-557.91394	-745.72601	1562.50977	-669.44043				-805.83209	1426.41992	-528.94952	-479.28119	1425.55493	-549.48260	-643.81134	1308.00903	-600.19739	-623.31146	1425.16638	-424.07166	-900.13245	1078.81665	-554.27521	-369.22360	1103.49023	-527.24921	-942.10223	848.88916	-595.92188	-341.78369	863.89978	-612.71832	-614.69843	876.44031	-710.71002	-623.94012	961.61090	-589.70258	-663.54492	936.16742	-358.41620	-862.50757	482.17490	-701.37091	-464.46152	521.93909	-426.24594	-887.51294	221.98209	-540.82507	-526.92511	90.73394	-408.36795	
977	9.760	-588.56012	1456.34546	-776.41418	-673.70813	1671.81384	-568.03082	-745.01184	1560.27600	-679.35730				-806.14197	1424.70496	-539.24316	-479.74823	1423.09937	-556.58575	-643.49640	1305.82483	-608.92322	-624.14215	1423.64441	-433.31183	-902.59607	1077.15588	-562.52362	-368.31992	1102.05579	-537.12250	-944.13580	845.73419	-600.61505	-342.07068	863.59900	-626.99017	-565.40204	986.85095	-625.83112	-698.66656	1013.98956	-628.28809	-666.02173	934.03674	-367.54810	-859.50995	480.73935	-712.09491	-465.02301	520.34406	-426.04352	-893.03900	209.86014	-566.58032	-523.90906	88.61299	-406.52344	
978	9.770	-587.39313	1453.36816	-784.53876	-673.56183	1670.02832	-578.30145	-744.09747	1558.40930	-690.17883				-806.18414	1423.20776	-549.88361	-479.56754	1420.39685	-564.84918	-643.23718	1303.75244	-618.40381	-625.00629	1421.59314	-442.29141	-905.20129	1075.57190	-571.42999	-366.72195	1100.47412	-548.47449	-946.07324	842.99072	-604.55090	-343.40106	861.86871	-639.76166	-565.50464	985.58356	-635.50598	-698.08539	1012.36853	-637.88806	-668.04352	931.78168	-376.69257	-855.81104	478.11880	-722.39893	-466.11261	519.54761	-426.42490	-896.76086	195.01286	-591.89166	-519.97662	86.50599	-404.00681	
979	9.780	-586.16095	1450.64185	-793.92957	-673.34888	1668.27148	-588.86005	-743.45020	1555.84814	-700.05487				-806.35077	1421.26270	-560.93988	-479.21600	1418.14038	-572.58710	-642.96222	1301.19934	-627.12079	-625.98456	1419.48059	-451.17969	-908.35834	1073.48523	-579.65839	-366.45157	1098.36389	-559.45538	-948.59210	839.78564	-609.31982	-343.15802	861.55005	-653.84528	-697.67114	1010.42902	-647.19006	-565.30219	983.19122	-641.25885	-669.96161	929.88287	-385.81879	-852.52142	475.07947	-730.79462	-467.40982	518.65277	-427.28049	-900.40198	178.55095	-617.09253	-515.97339	85.48895	-402.77676	
980	9.790	-584.82196	1448.08264	-803.47742	-673.36725	1666.09204	-598.79755	-742.78143	1553.44812	-710.18140				-806.50836	1419.30640	-571.65393	-480.06229	1415.78088	-580.26038	-642.77722	1299.02881	-636.90240	-627.71698	1417.85559	-461.36343	-912.09851	1071.58484	-588.18481	-366.98010	1095.76147	-568.72876	-951.06329	837.17816	-614.28735	-344.46182	859.77490	-666.62738	-564.21124	981.99664	-653.01788	-697.02686	1008.88763	-657.08118	-672.04462	927.61224	-395.80008	-849.02332	471.25717	-738.93683	-467.93246	517.55933	-427.70126	-903.97314	160.78172	-643.14240	-512.94891	83.45759	-400.06537	
981	9.800	-583.55194	1445.29431	-811.78461	-673.27588	1664.32031	-609.18274	-741.93866	1551.59094	-720.75085				-806.81940	1417.34961	-582.54193	-479.86444	1413.20898	-589.64368	-642.54498	1296.45923	-645.62433	-627.61578	1415.03845	-470.61749	-915.33221	1069.63879	-596.57135	-367.51138	1094.26892	-578.32898	-953.78693	834.00610	-617.05389	-345.48895	858.96051	-678.51093	-616.85492	952.15283	-637.41711				-673.22498	925.15155	-407.29510	-845.86646	466.32086	-744.92761	-470.25906	517.01428	-429.35577	-907.37183	135.76993	-681.40002	-508.82059	82.73477	-398.65494	
982	9.810	-582.01373	1443.59863	-821.39709	-673.44214	1662.20496	-618.97876	-741.25287	1549.43530	-731.38196				-806.75793	1414.66797	-593.35364	-479.68695	1411.18127	-599.14557	-642.37531	1294.21362	-655.40289	-627.88550	1412.60938	-480.59589	-918.61334	1067.64148	-605.48096	-368.50565	1091.26648	-588.91095	-956.48761	831.67084	-622.57751	-346.50107	857.87000	-690.92688	-616.88190	950.28784	-647.29242				-675.06787	922.80591	-417.85199	-842.32312	460.53531	-751.25427	-471.29193	515.86603	-431.81619	-909.08948	117.49347	-706.72900	-504.73129	81.84762	-396.04980	
983	9.820				-673.64227	1660.02002	-628.94434	-740.45807	1547.71094	-741.70343				-806.95844	1412.69910	-604.57257	-479.92828	1408.28479	-608.16223	-642.31616	1291.61841	-665.21838	-629.64850	1410.39441	-490.73691	-922.19586	1065.48291	-614.04712	-370.05258	1088.88550	-599.30646	-959.66711	828.45380	-627.02820	-347.82306	857.06110	-703.24762	-616.14270	947.92792	-657.48328				-675.62598	920.84100	-425.98233	-838.53632	454.16464	-755.95679	-472.14536	515.32959	-435.67035	-909.95184	99.61842	-734.64148	-501.20914	80.69753	-394.59683	
984	9.830				-673.91351	1657.80383	-638.06006	-739.71948	1545.83423	-752.37598				-807.32617	1410.35522	-615.60138	-480.38800	1406.16541	-617.06439	-642.28271	1289.34485	-675.44891	-628.86371	1407.72302	-500.20621	-924.96802	1063.03601	-622.52893	-371.71118	1086.33289	-608.19440	-962.78522	825.49512	-630.44543	-348.45441	856.35217	-715.09668	-616.00061	945.03455	-668.26538				-677.04779	919.24152	-435.89069	-835.17084	447.29333	-758.74384	-475.56592	514.02130	-440.27591	-907.85852	84.71010	-771.80811	-497.37546	79.59391	-392.58722	
985	9.840	-577.32605	1438.46045	-849.49951	-674.35632	1655.75781	-647.69769	-739.00781	1544.11316	-762.91150				-807.42981	1407.43921	-626.25403	-480.36453	1404.03406	-627.37860	-642.18890	1286.92859	-685.22443	-630.34802	1405.21863	-510.89752	-927.92297	1060.70959	-630.74182	-373.41632	1082.89404	-618.94702	-965.84662	822.87354	-634.88110	-349.54678	855.00732	-726.85950	-615.32990	941.87952	-678.63934				-677.43890	916.74951	-445.07001	-831.68121	438.70114	-759.49786	-477.89667	512.63422	-446.76474	-904.43188	81.82363	-799.46686	-494.29309	79.53246	-390.57669	
986	9.850							-738.29041	1542.47498	-773.56970				-807.76801	1405.18921	-637.20477	-480.79178	1401.97742	-637.18768	-642.16351	1284.46082	-695.11572	-630.99475	1402.49402	-521.17596	-931.25525	1058.57190	-639.27545	-374.31137	1081.15771	-628.66772	-968.83807	820.27588	-640.13025	-350.80167	853.77252	-737.18335	-615.52625	939.17163	-689.62134	-526.66046	968.85132	-793.16473	-678.03711	914.26855	-457.63712	-827.93427	430.87299	-755.12250	-479.04376	511.90915	-451.72903	-896.60870	82.33627	-830.75940	-490.20410	79.12962	-388.12762	
987	9.860	-675.72186	1651.20593	-666.58057				-737.48743	1541.09229	-784.56348				-808.01825	1402.53162	-648.13947	-481.07584	1399.88330	-648.16357	-642.28534	1282.10657	-705.71130	-631.81158	1400.98169	-531.59930	-933.62677	1056.26697	-647.81342	-375.46793	1078.67798	-638.51831	-971.70160	817.87305	-645.42218	-351.74600	852.31012	-747.61157	-616.04987	936.32538	-700.69073				-679.25067	911.90314	-467.98148	-823.53259	425.05969	-753.10089	-481.14334	510.81375	-460.69855				-486.81378	79.29053	-385.85535	
988	9.870	-676.59631	1649.09937	-676.28400				-736.79175	1539.67737	-795.14264				-808.71362	1400.05591	-658.86469	-481.53833	1398.66064	-658.53827	-642.44922	1279.76294	-716.30908	-632.42517	1398.04431	-542.36011	-935.70074	1053.92029	-656.77362	-377.01895	1076.17773	-648.55005	-974.48132	815.38440	-650.51941	-353.00159	850.89386	-758.83203	-562.03552	960.99609	-733.73889	-696.04163	988.18964	-740.44543	-678.23480	910.62909	-475.68250	-817.11298	423.11490	-753.96600	-485.04770	507.87589	-469.91400	-882.48718	99.47250	-875.03491	-485.17587	79.04897	-384.93378	
989	9.880	-677.53864	1647.19324	-685.69232	-570.04651	1435.84290	-888.52216	-736.18799	1538.40540	-806.63239				-809.28400	1397.75012	-669.33862	-482.07758	1396.12878	-668.17120	-642.76385	1277.62549	-727.19879	-633.96570	1396.64404	-553.16290	-937.99170	1051.53638	-665.51074	-377.32901	1074.57959	-658.71106	-976.99933	812.90289	-656.20996	-353.22449	849.56592	-769.47095	-563.06940	957.91937	-743.24146	-696.81433	985.26788	-750.75775	-678.43433	908.23822	-487.94656	-808.82654	423.38019	-757.39825	-485.84225	507.72626	-478.60025	-877.10583	111.33282	-899.56799	-481.88116	81.14394	-384.38324	
990	9.890	-678.65381	1645.10217	-694.98895	-568.20801	1435.45068	-899.11444	-735.41376	1537.25134	-817.53137				-809.72162	1395.40698	-680.33752	-482.20245	1393.90259	-679.52924	-643.10419	1275.44092	-737.78204	-632.53088	1393.79919	-563.05865	-939.17859	1048.26917	-673.37421	-378.02542	1073.09338	-668.74310				-354.41077	847.61609	-778.03296	-565.19879	957.35156	-757.20355	-697.35480	983.35052	-761.61249	-678.37695	905.56360	-500.33075	-800.53101	424.19662	-763.53876	-488.77115	505.70126	-488.92056	-868.56830	121.17482	-920.51685	-479.45612	83.51447	-385.12628	
991	9.900	-679.72510	1643.15894	-704.71747				-734.94830	1535.58167	-828.77484				-810.04950	1393.08777	-690.73920	-482.83618	1392.22815	-690.98615	-643.52985	1273.55957	-749.05011	-633.24896	1392.07129	-574.17816	-940.02887	1046.85632	-683.68445	-379.85764	1070.26343	-679.19281	-981.23956	809.41217	-669.70825	-354.99655	845.53876	-786.43152				-698.06531	981.83374	-772.91168	-677.75586	903.90363	-511.10980	-792.44366	424.59418	-771.35699	-489.97647	504.53909	-497.89819	-860.41351	131.78358	-939.22833	-478.74832	86.52203	-385.18857	
992	9.910	-680.87878	1641.10083	-713.73859				-734.29156	1534.50964	-839.27264				-811.03723	1390.99976	-701.03619	-484.00137	1390.70337	-700.93884	-644.09613	1271.94690	-760.56653	-635.51648	1390.05750	-586.13568	-941.36005	1044.45203	-692.34399	-378.92633	1069.70032	-687.62128	-983.42181	807.09003	-675.66425	-354.90308	844.28101	-795.51147	-809.07501	1042.86694	-879.87347	-698.57751	980.86224	-783.80743	-677.95288	901.54065	-520.94983	-784.79132	423.99411	-781.13715	-492.00256	502.64383	-509.67450	-853.51398	141.44344	-958.87714	-479.34735	89.75130	-386.11444	
993	9.920	-682.06451	1639.07507	-723.38794				-733.62781	1533.40149	-850.29358				-811.58875	1388.97791	-712.11688	-484.70398	1388.63892	-710.77014	-644.71112	1270.26343	-771.90387	-635.56787	1388.34106	-596.37610	-942.64337	1042.32190	-701.04541	-379.01501	1068.48840	-698.99011	-985.34753	805.59924	-683.60114	-355.03439	841.90070	-804.14288	-571.85419	949.57483	-794.22754	-699.27136	979.98517	-796.21356	-677.95471	900.15729	-533.85504	-777.51062	422.96637	-791.41095	-493.75220	501.25076	-521.26233	-847.19537	145.04710	-989.42255	-481.34378	95.04125	-387.43738	
994	9.930	-683.03259	1637.64282	-733.01233				-733.20886	1531.80542	-860.60431				-812.19836	1387.04053	-722.28088	-484.78992	1387.14331	-720.91663	-645.26105	1268.86047	-783.24902	-637.44574	1386.60303	-607.19727	-943.99792	1040.97156	-710.94995	-379.06094	1067.38062	-707.86627	-986.91626	804.16412	-691.72705	-355.13885	839.52692	-811.86407				-699.58148	978.87073	-807.29041	-676.87427	896.96448	-546.95374				-495.46399	498.77118	-533.83136	-841.03149	153.16156	-1008.18842	-485.36649	101.33166	-389.17813	
995	9.940	-683.88879	1636.55420	-743.31244				-732.46246	1531.33618	-871.64636				-813.13135	1385.39771	-732.80255	-485.73325	1385.80017	-731.58466	-645.91553	1267.41650	-794.23798	-637.59070	1385.08655	-616.79382	-944.16925	1038.80701	-719.58838	-379.31876	1064.66211	-715.95532	-988.37048	803.00281	-699.91656	-354.83444	837.53729	-819.21375				-699.47235	978.28711	-819.64429	-676.97278	895.05334	-557.13129				-499.00168	495.87173	-547.31158	-833.58282	160.26181	-1028.27490	-489.61426	107.59686	-392.25513	
996	9.950	-684.60461	1635.96460	-752.95569				-731.78320	1530.69519	-882.29755				-813.67505	1383.94409	-743.79956	-487.41058	1384.52734	-742.31775	-646.04980	1267.30701	-805.55286	-638.86151	1383.78064	-627.34290	-944.98401	1037.43958	-728.46014	-379.90857	1064.59961	-723.97473	-989.82196	801.75146	-708.72046	-354.50180	835.14075	-826.00922	-814.52081	1039.30164	-907.55957	-698.97687	976.85486	-831.04321	-678.56122	893.58429	-568.83783	-429.94492	185.05444	-571.11353	-502.83765	493.92105	-562.97809	-828.30829	165.48328	-1044.70142	-496.31744	114.00552	-395.78561	
997	9.960	-685.26123	1635.26660	-763.22357	-556.23059	1434.61108	-965.70520	-730.93079	1530.35571	-893.32233				-814.35364	1382.97852	-754.58167	-486.42151	1383.84363	-749.36938	-646.12164	1266.52393	-815.73865	-639.67737	1383.57263	-638.18640	-946.23779	1036.83972	-738.04041	-379.87430	1063.93921	-732.72778	-991.04871	800.47205	-716.81091	-354.89890	833.13104	-832.88208				-697.93097	975.90295	-843.10724	-679.45728	892.51556	-580.46631				-506.58038	492.00998	-579.84753	-820.45746	166.85832	-1060.13086	-503.22354	121.25268	-400.80527	
998	9.970	-685.86975	1634.73328	-773.60028				-729.98749	1530.21228	-904.65302				-814.67517	1382.20923	-765.93896	-486.12173	1383.67847	-758.29120	-645.85046	1265.98645	-825.96332	-640.95502	1382.45703	-647.47308	-945.87213	1035.49365	-747.53265	-380.56827	1063.86670	-740.66663	-992.18353	799.69476	-724.83069	-354.00967	830.98480	-838.71985				-696.20508	975.04565	-853.89331	-680.80383	891.57123	-593.74713				-511.38638	489.47495	-594.01080	-812.54785	168.74765	-1073.00220	-510.94458	128.51894	-407.58569	
999	9.980	-686.37238	1633.91260	-782.95319	-552.48743	1435.20447	-983.66071	-728.99896	1529.85120	-914.74115				-814.47943	1381.62939	-776.99359	-486.60236	1383.43433	-767.36151	-645.22119	1265.92151	-836.09857	-641.76569	1382.58960	-657.07385	-946.74725	1034.68274	-756.09253	-381.33240	1063.25110	-747.60303	-993.09003	799.73602	-734.20325	-353.15128	830.10260	-844.44250				-694.13550	974.65137	-865.05371	-683.68213	891.04462	-602.12463				-516.10040	488.15540	-610.28156	-802.04327	165.03354	-1081.76453	-518.49323	135.89021	-415.17563	
1000	9.990	-686.56598	1633.76648	-792.82422				-727.89020	1529.58179	-925.04193				-813.98676	1380.78259	-787.50018	-487.11346	1384.64880	-776.81653	-644.34271	1266.02991	-845.22192	-642.32245	1382.09265	-666.88080	-947.96466	1035.68628	-766.45422	-382.56104	1063.36328	-755.01703	-993.77460	799.57452	-744.45056	-352.65546	828.47626	-849.74426	-821.82629	1039.89685	-931.47467	-691.72241	974.72119	-875.79694	-685.40857	889.34692	-613.51245	-402.92471	708.11829	-933.22205	-520.04706	487.36603	-626.80725	-578.71222	754.69763	-417.42368	-526.15570	142.88213	-426.27310	
1001	10.000	-686.59204	1633.38379	-802.48480				-726.73627	1529.33606	-934.91559				-814.21442	1381.51294	-798.21246	-486.22427	1384.57471	-785.09698	-643.45398	1266.09412	-854.25928	-643.68585	1382.51672	-675.94110	-947.76837	1034.90442	-775.92987	-385.26788	1063.05884	-761.94849	-994.53333	799.50305	-753.66980	-352.05927	827.41199	-853.54474				-689.29205	975.18842	-885.80725	-687.80200	888.62531	-626.23145				-522.32532	485.57321	-643.68402				-533.47852	150.69232	-439.05957	
1002	10.010	-686.38818	1633.56775	-812.12128				-725.38776	1529.36145	-945.06415				-813.32758	1381.38464	-808.57843	-486.18900	1384.30933	-790.01483	-642.44458	1266.69397	-863.56445	-643.78583	1383.67139	-684.77368	-947.78522	1035.94116	-785.86194	-386.75595	1063.01111	-769.37433	-994.38843	800.08691	-763.84735	-351.13629	826.91479	-857.61908				-686.96039	976.22705	-896.15271	-688.99017	888.96832	-636.25195				-526.94818	483.87952	-661.02234				-539.79706	158.16264	-453.41602	
1003	10.020							-723.97705	1529.51282	-954.60150				-813.02777	1382.38342	-818.89404	-486.01114	1385.79163	-798.20575	-641.33868	1267.40967	-872.37610	-643.87677	1383.15198	-693.32904	-947.45367	1036.25439	-796.45129	-386.88919	1063.91162	-775.30823	-994.36407	800.61786	-774.13104	-350.78729	826.61304	-862.13135				-684.56378	977.78058	-906.27197	-690.97052	889.29449	-647.02899				-528.15668	483.49744	-678.09039				-549.27802	165.02824	-468.19064	
1004	10.030							-722.37744	1530.03381	-963.98425				-812.40491	1383.31787	-829.02911	-485.38953	1386.81335	-805.77747	-640.20319	1268.25415	-880.64789	-643.87762	1384.32910	-701.69458	-947.30023	1037.27417	-807.24384	-389.14270	1063.45056	-782.77264	-993.76282	801.16687	-785.69507	-350.19183	826.89606	-865.84271	-831.82501	1034.52844	-965.07220	-682.34314	979.27039	-915.40521	-693.04590	890.04608	-655.49054	-775.46228	423.67218	-922.64026	-530.41321	482.55432	-697.55341	-433.06351	705.98523	-939.57898	-556.16559	170.34752	-486.42569	
1005	10.040							-720.54742	1530.93567	-973.04456				-811.46106	1384.70972	-839.27740	-484.15958	1388.33899	-812.33167	-638.63702	1270.18604	-889.19647	-645.57007	1386.52771	-710.13800	-947.30066	1039.11377	-819.18542	-390.06369	1063.83948	-788.69055	-993.06860	801.70306	-797.53949	-349.35901	826.60028	-868.52869				-679.80676	981.66394	-925.03839	-694.76154	891.10284	-664.33685	-779.55164	423.06161	-934.69855	-532.12225	481.80658	-716.05560	-568.47412	755.00452	-453.10596	-561.92047	177.07481	-503.50217	
1006	10.050							-718.46765	1532.35852	-982.99396				-810.63080	1386.20520	-848.85217	-484.03079	1389.72998	-817.33673	-637.15259	1272.01306	-897.63409	-645.54462	1388.27002	-718.04517	-945.76636	1040.29651	-830.96661	-389.17502	1065.75732	-793.75989	-991.56610	803.48993	-809.82422	-348.66431	826.77649	-871.84467				-677.50214	983.44788	-933.90875	-696.56158	892.05768	-675.08472	-781.80481	420.61093	-946.98010	-532.00647	481.88919	-735.97546				-564.79840	185.74521	-521.99072	
1007	10.060							-716.04645	1533.99597	-991.83966				-809.82886	1388.62659	-859.03510	-483.47220	1391.77734	-824.99817	-635.47766	1274.18652	-905.09625	-645.78821	1390.46497	-726.72888	-945.14111	1042.26978	-842.83258	-391.64023	1067.21216	-800.27087	-990.31287	804.61652	-823.67072	-347.37436	827.37427	-875.56226				-674.79523	985.55670	-942.41443	-698.35815	893.48138	-687.33752	-785.12219	419.64993	-957.67169	-529.69391	480.65845	-755.18140				-567.31769	193.21255	-540.91827	
1008	10.070							-713.40887	1536.05396	-1001.13824				-808.61462	1391.10510	-869.32239	-483.21085	1394.89819	-831.17090	-633.88434	1276.33398	-912.42932	-646.99365	1393.52722	-734.24860	-943.81897	1044.59387	-855.96954	-391.27478	1069.18750	-805.03333	-988.22375	806.63916	-837.06726	-346.63400	828.60052	-876.70325	-394.04388	694.18085	-953.98669	-428.17691	702.03412	-946.78082	-698.54602	896.22467	-695.85193	-789.73871	421.97632	-968.65491	-527.97632	482.43146	-776.11090	-1013.61871	707.32111	-895.49548	-566.39856	202.61931	-561.48401	
1009	10.080							-710.44055	1538.50452	-1009.94183				-807.65167	1393.85901	-879.23364	-481.66367	1396.97839	-835.02423	-632.02069	1279.26819	-919.90735	-648.75226	1396.63123	-743.48132	-941.60236	1047.01868	-868.90588	-392.68826	1073.45020	-810.90686	-985.88635	808.68060	-851.10596	-345.70505	830.35254	-878.64490	-557.44830	763.27814	-476.34088				-697.66278	900.15430	-700.83856	-791.99176	420.77277	-978.71802	-525.81097	486.03473	-795.69568				-562.80017	210.66830	-583.61145	
1010	10.090							-707.10889	1541.31299	-1018.73950				-806.22766	1396.76782	-889.43549	-534.16656	1380.42419	-884.34760	-630.20947	1282.39697	-927.77570	-648.52417	1398.39136	-750.09607	-939.84302	1049.76160	-881.63416	-393.18924	1076.00549	-815.64459	-983.19336	811.15454	-865.63068	-345.07452	832.87531	-879.32922	-554.05261	766.78058	-481.34308				-696.94733	902.98444	-709.00928	-793.73529	421.27658	-989.88257	-520.65881	491.07568	-815.94751	-665.39880	993.65979	-967.70380	-560.01764	218.72789	-606.66577	
1011	10.100	-478.73465	1404.18848	-846.43793				-703.74994	1543.79187	-1027.93555				-805.14722	1400.38135	-899.30444				-628.41968	1285.48657	-934.61554	-649.89807	1401.90015	-758.20886	-937.72815	1053.03650	-895.27332	-393.76215	1079.18408	-820.07770	-980.18201	813.97015	-880.44366	-343.51440	835.69305	-881.09668	-550.58508	771.53156	-488.87766				-696.73322	907.05933	-717.08173	-796.46704	422.90744	-1000.89209	-515.13281	497.30835	-835.44067	-661.90936	997.15332	-976.52057	-556.87836	225.76801	-630.24847	
1012	10.110	-529.30194	1384.99316	-893.78406				-700.03064	1546.75745	-1036.74805				-803.83710	1403.44397	-909.35760				-626.70416	1288.60095	-942.00537	-651.18066	1405.54712	-766.34320	-935.30524	1056.39246	-909.05530	-393.85391	1082.16797	-821.66602	-977.04327	817.04236	-896.06030	-342.76846	838.72229	-880.60107	-546.79340	776.41589	-495.14758				-696.68359	910.63379	-724.77484	-796.72406	426.72916	-1014.68030	-506.53210	506.47873	-854.27130	-658.61133	1000.01294	-984.46057	-552.22284	233.59729	-654.51007	
1013	10.120	-526.34174	1387.50647	-900.69952				-696.16052	1549.45825	-1045.07971				-802.39093	1407.05774	-919.85571				-625.05078	1291.60278	-948.68652	-652.15460	1408.63196	-774.45197	-932.72699	1059.41846	-922.22772	-394.35678	1085.35852	-824.32733	-973.51813	819.79034	-911.49817	-341.74637	841.41144	-881.08905	-543.02911	780.24146	-499.00378				-695.62085	914.91351	-732.02045	-797.13324	431.12158	-1029.12976	-499.05371	514.81812	-874.10699	-655.02667	1003.55084	-992.22693	-548.80328	240.56586	-678.92120	
1014	10.130	-481.27197	1412.64099	-863.45380				-692.05865	1552.27930	-1053.96130				-800.96686	1409.95898	-929.39319				-623.15985	1294.75977	-955.60699	-651.77863	1410.60718	-781.47406	-930.00403	1062.21155	-936.13165	-394.17130	1087.99646	-829.39856	-969.62146	823.21594	-927.45850	-340.19177	845.37775	-881.79321	-539.33447	784.68542	-505.13556				-693.72461	918.07452	-739.11932	-795.45630	433.54739	-1040.29956	-490.61368	522.79547	-892.16559	-651.74286	1006.53247	-999.45331	-545.76312	245.89500	-702.52356	
1015	10.140							-687.90723	1554.55103	-1062.39307				-799.35767	1413.18457	-939.66034				-621.69769	1297.23450	-962.21063	-654.26917	1413.06763	-789.35236	-927.20880	1065.06311	-949.87592	-393.20447	1092.50220	-830.69885	-965.56042	825.95709	-943.68616	-337.89706	848.66412	-882.07245	-535.77344	787.59241	-507.57773				-693.11877	920.96051	-746.17926	-793.10461	434.47781	-1048.79993	-482.57507	531.53363	-912.19299				-541.02246	249.48819	-728.04651	
1016	10.150							-683.50464	1556.90894	-1071.12085				-797.40869	1416.01660	-949.61072				-619.69586	1300.16455	-968.67633	-655.71234	1416.53235	-797.58722	-924.45135	1068.10706	-963.90906	-393.54724	1094.83826	-833.01672	-961.65137	828.72070	-960.49677	-335.97870	851.56506	-881.88745	-532.13409	791.13782	-512.06171				-690.69519	923.58978	-754.47510	-789.10938	437.69296	-1059.20837	-473.99792	539.77875	-930.64349				-537.39117	252.56725	-751.16913	
1017	10.160	-506.02335	1402.16516	-977.52997				-679.04413	1558.87988	-1079.65723				-795.76367	1418.79590	-959.99426				-618.19891	1302.06970	-975.74286	-655.27515	1417.58081	-804.48279	-921.85907	1070.92188	-978.39557	-391.81992	1097.65479	-834.31708	-957.45703	830.48383	-976.31445	-333.77023	853.88068	-880.94556	-528.52179	793.89459	-515.11523				-689.28302	925.66779	-762.20447	-784.80670	438.66077	-1064.39307	-466.23801	548.02881	-951.16199	-642.35358	1015.09039	-1021.74591	-532.79639	256.46820	-775.48273	
1018	10.170	-503.31998	1402.10596	-981.80133										-793.34778	1420.83923	-970.40619				-616.20276	1304.33655	-982.75427	-656.43176	1419.28870	-812.71307	-918.92932	1073.13818	-992.96979	-391.47025	1100.31238	-835.31470	-952.99542	832.84821	-992.84998	-331.33917	857.37177	-881.40924	-524.86176	796.23016	-517.04828				-687.47705	927.41351	-769.82794	-780.31604	441.24841	-1071.91113	-459.54611	553.51440	-968.54114	-639.41370	1017.27667	-1029.55347	-529.00336	258.47549	-798.87872	
1019	10.180	-500.81061	1403.23352	-990.55762										-791.00458	1422.95764	-980.20203				-614.33502	1305.85425	-988.80212	-656.69446	1420.31104	-820.00867	-915.99207	1074.68201	-1006.99884	-391.41702	1102.45239	-837.49335	-948.77826	834.05591	-1009.22528	-328.44647	859.43530	-878.55127	-521.46680	797.35217	-517.94519				-685.93280	928.77222	-777.20923	-776.68097	440.87164	-1074.81616	-451.00626	560.07135	-985.40466				-526.33331	258.30566	-822.34271	
1020	10.190	-498.12479	1403.38245	-997.43774										-789.17108	1423.53284	-989.57593				-612.03162	1307.44434	-995.77405	-657.70398	1421.87219	-827.77020	-913.00964	1076.76514	-1022.17645	-390.50070	1105.12158	-838.33673	-943.76459	836.07007	-1026.56470	-326.04172	861.47998	-877.15344							-683.63635	929.57129	-784.24298	-772.46991	441.06494	-1079.57690	-443.61316	564.96661	-991.16357				-521.07898	258.68146	-843.92004	
1021	10.200													-786.38171	1424.98315	-1000.44922				-609.76575	1308.32983	-1002.86353	-658.66321	1422.27368	-835.61340	-909.63538	1077.38074	-1036.48279	-390.35428	1106.60254	-840.92285	-939.35883	836.33392	-1042.79553	-323.16885	863.12830	-875.37030							-680.82343	930.27344	-791.41797	-768.88062	441.00537	-1084.37183	-435.22592	568.85242	-999.76276				-515.37598	257.61710	-866.33508	
1022	10.210													-783.28497	1424.80750	-1009.29327				-607.21625	1308.77173	-1008.48431	-658.31030	1422.41650	-844.07916	-906.29663	1078.35144	-1051.17236	-389.24097	1107.56799	-841.76550				-319.91815	863.76270	-873.20709							-679.04071	930.49414	-799.64795				-428.11127	571.28735	-1009.24646				-511.31265	255.67287	-886.17499	
1023	10.220													-781.26379	1425.50012	-1019.27142				-604.51776	1309.35083	-1016.00024	-657.33240	1422.56616	-851.22913	-902.46277	1078.60425	-1065.44409	-388.61130	1107.90747	-844.34106				-317.45554	864.34717	-872.63629							-676.47925	930.44073	-806.13751				-420.21249	572.77710	-1015.02905				-502.70679	251.52090	-905.90460	
1024	10.230													-777.98035	1424.71729	-1028.53418				-601.48950	1309.66956	-1023.42834	-658.89923	1422.44312	-859.80536	-898.38531	1078.82031	-1080.22864	-387.21957	1108.42065	-845.11530				-314.69479	864.77124	-870.66595							-675.14063	929.54803	-812.49377				-415.13977	573.31665	-1022.55103				-494.81583	244.95383	-924.30005	
1025	10.240													-775.17072	1424.25574	-1038.03723				-598.04938	1310.02625	-1031.28821	-656.52649	1421.28284	-867.46301	-893.79584	1078.69214	-1094.98865	-385.57965	1109.33887	-846.74548				-312.64261	864.93939	-870.59875							-672.14594	928.62445	-818.89441				-408.87555	573.57019	-1027.22485				-485.97699	237.88489	-942.92804	
1026	10.250													-771.57440	1423.69629	-1047.33826				-594.64740	1309.60608	-1039.19287	-655.20752	1420.98291	-874.73523	-887.72949	1077.12585	-1107.97253	-383.90964	1108.41443	-847.78131				-309.06253	864.09216	-869.33917							-670.08020	928.58807	-825.95892				-402.85361	573.92401	-1034.74841				-481.22107	227.91945	-962.57849	
1027	10.260													-768.14026	1422.22156	-1055.94495							-654.72394	1419.98853	-882.23566	-882.82544	1076.48767	-1122.16003	-382.57043	1107.18237	-850.07465				-306.73135	863.46112	-869.07190							-667.30170	928.09485	-832.26935				-396.39008	571.39978	-1042.42151				-471.12683	220.32210	-976.48010	
1028	10.270													-764.83911	1420.79626	-1064.61865							-651.65619	1419.34106	-889.12085	-877.78033	1075.63135	-1135.51587	-380.88055	1106.67798	-851.60291				-303.46811	862.08942	-868.35748							-664.75751	927.37585	-840.03784				-391.36450	569.05841	-1047.55090				-463.60144	209.45525	-994.34326	
1029	10.280													-761.29205	1419.29297	-1073.02625							-649.30804	1418.12292	-896.90045				-379.41422	1103.74988	-853.36389				-302.28439	860.58228	-868.92059							-662.99927	926.31854	-846.52081				-387.05255	568.63068	-1049.30420				-456.01807	196.98259	-1010.52795	
1030	10.290													-757.22028	1417.57703	-1080.90417							-646.63300	1417.80273	-904.12250				-377.63956	1102.22192	-857.35663				-299.96869	858.66638	-869.17963							-660.51178	925.77692	-852.96429				-383.00696	567.44116	-1053.19458				-448.22495	185.70799	-1028.44446	
1031	10.300													-753.30469	1416.36499	-1088.94031							-643.55713	1416.54126	-910.49176				-376.60504	1100.76831	-861.85498				-298.82205	856.69348	-870.58350							-658.24780	924.35474	-860.60901				-377.88348	564.16650	-1056.45728				-438.88715	173.11530	-1043.99463	
1032	10.310													-749.03223	1414.60779	-1095.93188							-641.47534	1415.63208	-918.01202				-372.29584	1098.56653	-863.05060				-297.14767	854.40521	-871.35138							-655.03418	922.93823	-867.67108				-374.12637	561.37085	-1058.09521				-429.66818	158.07301	-1061.36768	
1033	10.320													-744.76263	1413.79028	-1103.40051							-637.93231	1414.83020	-924.78131				-370.13812	1098.44653	-865.36749				-295.37036	852.54382	-872.49109							-651.37976	921.44751	-874.54388				-372.45132	556.89948	-1056.29993				-419.31015	143.57582	-1076.88916	
1034	10.330													-740.36798	1411.97595	-1109.68127							-633.14545	1413.15894	-930.37213				-367.09741	1096.24390	-869.46960				-292.08264	850.91895	-874.22272							-648.34857	920.46918	-882.56671				-368.97931	552.74121	-1056.36035				-408.30334	130.65852	-1093.95020	
1035	10.340													-736.16571	1410.73389	-1115.93811							-628.89221	1410.80457	-936.82819				-365.15405	1094.89661	-873.27661				-289.90640	848.79852	-875.88702							-644.59570	917.96161	-889.91064				-367.50281	545.00757	-1058.99890				-397.53415	119.00570	-1109.95032	
1036	10.350													-731.57062	1409.18762	-1121.80591							-624.07104	1409.12695	-942.20209				-363.03207	1093.24097	-877.22845				-289.02078	847.06787	-878.50977							-641.20288	916.14124	-897.62402				-366.66016	538.63989	-1057.13452				-384.11755	110.75867	-1128.55273	
1037	10.360													-726.87384	1407.57629	-1127.61780							-620.64020	1407.38953	-948.22058				-358.55817	1091.17981	-881.74658				-287.47681	845.16272	-881.21210							-637.94012	913.58960	-906.50909				-366.76584	531.60461	-1056.96411				-371.40591	106.77555	-1144.73853	
1038	10.370													-722.07288	1406.12061	-1132.91223							-616.11798	1405.27319	-953.84473				-355.38089	1088.80591	-886.36829				-286.35541	842.63812	-883.08429							-633.56769	911.50964	-914.56409				-367.24509	523.68451	-1056.61597				-357.89780	104.27005	-1160.93433	
1039	10.380													-717.16486	1404.64771	-1137.71387							-610.52332	1402.77112	-959.24463				-352.60931	1085.97156	-891.51233				-284.12277	839.57764	-886.74475							-629.25427	908.66913	-923.13422				-369.03622	518.15295	-1058.60632				-346.20456	100.91730	-1182.54358	
1040	10.390													-712.20709	1404.07178	-1143.68005							-606.08777	1400.40234	-964.24799				-349.20871	1083.34814	-896.38403				-280.71286	838.18115	-888.18866							-626.83783	906.69202	-931.18884				-370.59601	513.33899	-1059.50952				-333.15887	101.13991	-1197.38232	
1041	10.400													-706.84723	1402.19080	-1148.41101							-601.34241	1397.68457	-969.76208				-346.09576	1081.05273	-902.19543				-278.49185	835.57709	-890.82379							-623.15088	904.95380	-939.95862				-373.48352	508.73550	-1061.43530				-320.78275	102.11623	-1211.47644	
1042	10.410													-701.63623	1400.60364	-1153.30627							-596.20587	1394.76355	-975.40771				-341.67114	1078.02942	-906.81793				-277.53958	832.32141	-892.80322							-618.86603	903.05627	-949.14960				-376.20636	504.58334	-1063.21277				-308.26636	104.17069	-1223.09851	
1043	10.420													-696.34204	1398.89600	-1158.18713							-591.07001	1391.75122	-980.02899				-337.55759	1074.67627	-912.48602				-274.97989	829.49268	-896.85455							-613.64063	900.63385	-957.51135				-378.38406	500.05191	-1066.85266				-296.04828	107.89760	-1232.11450	
1044	10.430													-690.38977	1397.33789	-1163.53564							-586.87329	1388.70679	-984.78851				-334.71790	1071.41748	-919.54449				-271.98877	826.62244	-900.46747							-610.23389	898.07104	-965.77600				-380.47186	496.17377	-1070.79651				-284.81839	111.27975	-1243.75110	
1045	10.440													-684.52393	1395.82056	-1168.34949							-581.60193	1385.68286	-990.66516				-330.76309	1068.61572	-922.39410				-269.24817	823.83984	-903.18604							-606.33112	895.85400	-974.72791				-382.68729	492.77597	-1075.17224				-275.05099	114.93916	-1253.37939	
1046	10.450													-678.74872	1394.38843	-1173.41174							-574.86810	1382.57666	-994.80475				-327.42697	1063.86450	-930.97943				-268.18469	819.83557	-907.18170							-601.18579	894.07440	-983.57135				-384.02557	489.28601	-1081.14355				-266.41263	117.02000	-1260.52979	
1047	10.460													-672.75140	1393.21545	-1179.23706							-568.70514	1380.01355	-999.29132				-323.06805	1061.68311	-935.87421				-264.10394	817.23352	-909.46033							-596.11993	892.76227	-991.79297				-383.63351	487.55362	-1088.95728				-257.49829	120.39613	-1268.35400	
1048	10.470													-666.83301	1392.79419	-1185.22583							-563.62512	1378.13330	-1004.90320				-318.02066	1058.03589	-939.11963				-261.37625	813.72089	-912.89587							-591.62323	891.38055	-1000.73169				-382.12418	488.53488	-1098.32239				-251.35738	124.75230	-1272.29565	
1049	10.480													-659.68573	1392.00659	-1190.67810							-558.92542	1376.51953	-1009.89117				-313.34317	1055.71143	-942.78455				-260.27893	809.82550	-917.61017							-585.62799	890.62274	-1007.35773				-379.00934	489.96439	-1107.76245				-244.19275	124.27976	-1280.68054	
1050	10.490													-653.41272	1391.65833	-1197.04187							-552.91650	1376.27124	-1016.32324				-308.87222	1052.36353	-947.33130				-257.20749	806.96667	-922.06067							-580.70880	889.70575	-1014.25049				-373.26266	491.01151	-1121.31189				-239.17320	123.81874	-1288.92554	
1051	10.500													-646.86432	1392.81201	-1203.79907							-547.87793	1375.95264	-1021.45764				-303.43976	1051.43933	-952.63092				-254.19450	804.86560	-927.51001							-575.20526	890.21198	-1021.39734				-366.21152	495.88342	-1129.89087				-232.13126	124.17314	-1289.89392	
1052	10.510													-640.83038	1393.76416	-1210.38599							-543.79309	1376.40491	-1026.44019				-299.88547	1050.70020	-955.82056				-250.73659	803.61420	-931.39557							-569.65839	890.64014	-1028.95947				-358.52258	499.62259	-1142.44031				-228.71097	122.70821	-1293.77344	
1053	10.520													-632.56158	1394.82312	-1212.28772							-538.90869	1376.82031	-1032.01196				-296.18069	1049.44238	-959.71783				-247.50069	802.00977	-937.57349							-564.44421	890.36066	-1035.45752				-349.21368	505.38348	-1151.17639				-224.21739	123.60238	-1298.84387	
1054	10.530													-625.11371	1397.22986	-1221.26184							-535.13708	1377.11682	-1037.85889				-291.72009	1051.06909	-963.48395				-244.12341	801.46686	-944.76654							-559.14349	890.88062	-1041.83826				-338.95779	510.18524	-1159.54956				-221.47855	120.91608	-1300.90417	
1055	10.540													-618.55646	1399.42273	-1227.91357							-530.18445	1377.85327	-1043.43445				-288.24173	1051.02661	-967.13708				-239.85756	802.41656	-951.74738							-553.42822	890.39575	-1049.46643				-330.66696	514.33325	-1173.72754				-219.60246	119.08955	-1302.18030	
1056	10.550													-611.18274	1399.99731	-1231.04480							-526.56592	1378.61987	-1048.52673				-285.86057	1051.96423	-970.62964				-235.60129	802.49603	-957.98590							-547.16705	890.99542	-1056.10632				-320.81604	516.50562	-1181.81799				-217.42805	116.71819	-1303.66370	
1057	10.560																						-522.36975	1378.70581	-1054.03210				-281.78525	1053.28442	-973.89038				-231.53114	803.14838	-965.46924							-541.92108	890.88782	-1062.93579				-308.91397	519.07269	-1190.46997				-215.68129	113.45571	-1305.42615	
1058	10.570																						-519.17114	1379.09155	-1059.68762				-278.61725	1053.88831	-976.52728				-226.57837	804.21350	-974.52380							-536.45184	891.41687	-1068.99316				-297.82245	520.43787	-1199.75439				-215.19176	110.62839	-1306.18250	
1059	10.580																						-514.89172	1378.78284	-1064.13892				-275.69772	1054.17053	-983.42981				-222.94398	804.65991	-981.68689							-531.09796	891.44434	-1075.22388				-287.23438	523.48419	-1204.37659				-215.85036	105.85773	-1308.00415	
1060	10.590																						-512.60742	1380.15649	-1068.99646				-272.79001	1055.02063	-987.71466				-218.93214	805.60461	-988.43585							-525.75543	892.26721	-1081.17688				-276.59872	522.75952	-1211.73669				-214.60687	104.13864	-1305.86047	
1061	10.600																						-506.88992	1379.08484	-1073.47107				-269.71393	1055.13586	-991.72675				-214.86836	806.04352	-998.55566							-520.61432	893.41937	-1085.81763				-265.21799	524.52710	-1218.28723				-214.09723	100.94324	-1306.82825	
1062	10.610																						-503.85654	1380.17102	-1079.38367				-266.73038	1055.76770	-997.17883				-210.22159	806.62140	-1008.55219							-513.10608	893.58307	-1092.33154				-254.52875	523.69342	-1223.24609				-212.98032	96.33420	-1308.44946	
1063	10.620																						-501.61380	1380.57153	-1083.11731				-263.31863	1055.32007	-1002.71777				-205.39761	806.80231	-1015.39526							-508.51120	894.35138	-1096.90833				-242.02460	525.64496	-1222.43298				-213.00888	97.23016	-1305.88623	
1064	10.630																						-496.96082	1380.19836	-1087.38330				-260.94489	1054.92786	-1008.02228				-198.92389	807.88135	-1018.06012							-502.64694	895.32678	-1104.07190				-230.33388	526.18097	-1224.27368				-213.28712	97.14598	-1305.92163	
1065	10.640																						-493.73715	1380.49866	-1092.64941				-257.05911	1054.63696	-1018.06152				-193.93303	808.33636	-1030.09851							-498.77490	895.06281	-1108.99243				-221.24760	526.93719	-1222.46777				-215.05510	100.93662	-1301.79822	
1066	10.650																						-490.63104	1380.32910	-1096.90063				-254.67703	1055.19763	-1016.61340				-190.03668	808.08307	-1039.89465							-494.77054	897.47406	-1115.25964				-212.24934	529.12848	-1219.07495				-215.11879	101.69090	-1301.40247	
1067	10.660																						-487.03433	1381.18176	-1101.54968				-251.44995	1056.13538	-1023.46838				-184.26840	809.98279	-1046.21436							-490.31177	897.86798	-1120.98975				-202.94086	529.79364	-1214.18054				-214.69194	103.89834	-1297.32129	
1068	10.670																						-486.73792	1382.08557	-1106.61169				-247.64146	1055.94617	-1027.42078				-177.86282	810.80090	-1053.22510							-487.52255	899.67993	-1125.79590				-196.07353	529.59045	-1209.73486				-214.40753	104.83551	-1295.63513	
1069	10.680																						-483.06494	1382.87988	-1111.22144				-244.16171	1055.67957	-1031.28162				-171.59280	812.83002	-1059.78699							-484.19131	900.34680	-1130.54065				-190.10178	528.49103	-1204.84961				-214.47830	107.57131	-1289.42773	
1070	10.690																						-481.32550	1383.79980	-1116.66577				-241.11710	1057.12781	-1036.37854				-164.38918	814.90784	-1068.06274							-481.27966	901.66223	-1135.33252				-183.00081	528.11871	-1199.07788				-214.20813	107.85743	-1289.05896	
1071	10.700																						-478.64172	1384.33191	-1120.92749				-237.18408	1059.43701	-1039.26672				-156.81482	817.44977	-1073.03442							-479.90451	902.56085	-1142.73694				-178.79558	525.66785	-1196.97998				-214.01013	108.05361	-1288.78772	
1072	10.710																						-475.76917	1385.67761	-1126.35095				-232.51730	1060.21643	-1042.78210				-150.54613	819.66724	-1079.47827							-477.68231	904.50122	-1147.52954				-174.04982	524.36572	-1192.47986				-213.45023	107.09236	-1288.63110	
1073	10.720																						-473.99094	1386.26758	-1131.68481				-228.82202	1061.18250	-1047.14636				-143.36530	822.19702	-1084.68152							-475.63104	904.79877	-1155.95239				-170.76656	524.39734	-1187.36768				-211.76413	107.15601	-1288.09961	
1074	10.730																						-470.00403	1387.92273	-1136.51611				-223.78795	1062.51807	-1049.38037				-136.01729	825.83521	-1090.00134							-474.75842	905.49420	-1161.55530				-169.02589	523.26910	-1181.91980				-210.44514	106.23994	-1286.12659	
1075	10.740																						-469.34998	1388.95459	-1141.76135				-220.80888	1064.51282	-1051.33435				-128.18559	829.03821	-1098.89026							-472.29269	906.20532	-1166.33887				-168.89426	522.32819	-1176.15723				-209.51128	106.14417	-1284.98560	
1076	10.750																						-465.28287	1390.00000	-1147.25452				-217.76532	1067.24048	-1056.48145				-120.77331	833.06494	-1103.44177							-470.92743	908.94446	-1169.97058				-168.66005	522.57684	-1172.01379				-208.25398	105.21922	-1284.95227	
1077	10.760																						-464.69727	1391.79895	-1152.91431				-212.30411	1070.13525	-1057.64185				-115.02578	837.51312	-1108.92285							-470.21478	908.55023	-1175.83887				-169.89720	521.20642	-1167.24207				-207.14944	102.08446	-1284.96643	
1078	10.770																						-460.14481	1391.87988	-1158.03491				-208.79031	1071.81311	-1063.51160				-107.15035	842.03394	-1114.63196							-468.33374	911.09186	-1181.75061				-171.88719	520.30054	-1162.54932				-205.51958	100.54439	-1283.26514	
1079	10.780																						-460.03860	1394.67834	-1164.35742				-205.91098	1074.55139	-1068.07056				-101.05140	846.58368	-1120.60046							-467.71878	911.79266	-1189.30530				-174.13014	519.35260	-1159.87122				-203.95578	101.03954	-1280.39417	
1080	10.790																												-201.89230	1077.84058	-1064.65698				-95.94894	850.75836	-1120.63794							-466.51462	912.73138	-1193.08118				-177.98238	518.66248	-1158.16077				-202.46063	99.40220	-1276.68774	
1081	10.800																												-198.80536	1080.80286	-1066.97839				-90.01755	854.64551	-1123.49585							-464.90799	912.78113	-1202.73718				-181.24686	517.73523	-1156.43555				-200.89276	95.49013	-1277.48096	
1082	10.810																												-196.16481	1081.73535	-1071.78516				-83.98131	858.03430	-1126.37744							-463.05856	913.71552	-1209.95020				-185.54549	517.13361	-1156.21973				-199.96095	94.60114	-1274.85388	
1083	10.820																												-192.56998	1084.96826	-1070.97717				-78.95641	861.84955	-1127.61987							-462.23111	916.59442	-1207.21423				-190.52075	514.62323	-1152.43640				-199.12274	91.37009	-1273.58533	
1084	10.830																												-189.20604	1087.72278	-1071.53394				-73.41785	865.19391	-1130.34290							-460.88708	915.87018	-1214.84106				-196.56479	514.67627	-1151.47205				-195.63193	92.99326	-1260.76782	
1085	10.840																												-186.71115	1088.29541	-1077.24744				-68.42860	868.30005	-1132.58228							-458.86636	916.48114	-1218.06763				-200.64983	513.92279	-1150.06921				-195.96556	86.64359	-1266.41675	
1086	10.850																												-184.91388	1090.24463	-1080.03784				-64.36598	871.75293	-1132.61951							-457.82867	918.31219	-1221.67749				-206.93724	513.29266	-1149.59619				-195.70935	89.44321	-1252.26807	
1087	10.860																												-182.60251	1090.73511	-1080.62524				-59.33663	874.64233	-1135.69995							-455.95160	918.62476	-1227.67285				-212.36394	512.02954	-1149.02368				-194.51248	87.42322	-1245.26294	
1088	10.870																												-180.57179	1092.73914	-1081.95435				-54.74583	876.92706	-1137.55957							-454.23352	917.30090	-1239.77869				-217.88586	511.87860	-1149.01172				-193.89699	86.54709	-1242.51746	
1089	10.880																												-179.92250	1093.90588	-1078.00073				-51.47931	878.82617	-1137.28149							-453.24854	918.15320	-1243.90417				-224.03004	512.16968	-1146.79883				-193.23378	86.09212	-1236.64966	
1090	10.890																												-179.67290	1094.34070	-1076.47876				-48.50772	880.38367	-1135.68604							-452.49533	917.66541	-1249.55066				-229.01643	511.74780	-1146.35205				-193.65207	85.60527	-1232.78357	
1091	10.900																												-177.98747	1093.35608	-1081.86072				-45.06959	881.10822	-1136.51196							-450.32983	919.55255	-1258.04883				-234.70561	511.79480	-1145.27820				-194.36743	85.78432	-1228.93359	
1092	10.910																												-178.04028	1093.27454	-1082.18506				-42.26143	882.66766	-1137.20581							-450.81671	921.93402	-1255.34827				-240.59975	511.88181	-1147.62402				-195.90182	85.17386	-1226.18970	
1093	10.920																												-179.65614	1093.56750	-1081.22754				-40.26549	884.67694	-1136.06519							-446.40408	919.34747	-1271.05774				-243.78043	512.09247	-1148.47827				-196.88345	84.84595	-1224.35547	
1094	10.930																												-181.13687	1092.15930	-1085.45886				-39.13585	885.01855	-1136.40039							-445.61182	920.20709	-1278.67188				-248.35686	511.82483	-1151.09448				-198.82542	83.95431	-1223.46399	
1095	10.940																												-181.84258	1091.17798	-1089.79761				-38.49150	885.87274	-1133.27966							-443.08939	922.74762	-1277.60583				-252.31261	511.05185	-1153.16199				-204.29770	81.76501	-1223.52466	
1096	10.950																												-184.11061	1092.54565	-1085.39819				-38.48328	886.73907	-1131.30627							-440.73395	923.26245	-1285.20776				-255.15816	511.73904	-1155.88501				-207.19763	81.57971	-1224.32092	
1097	10.960																												-186.98499	1093.05823	-1084.72742				-38.44069	888.11548	-1130.36316							-437.95703	922.65869	-1291.76794				-257.71344	511.74109	-1156.64441				-211.37685	80.59594	-1223.77673	
1098	10.970																												-190.42390	1095.33008	-1074.82214				-40.83619	889.21881	-1125.87451							-435.64395	924.51270	-1301.92529				-261.03128	510.95782	-1159.56360				-214.76894	80.47704	-1224.13049	
1099	10.980																												-193.37427	1095.67480	-1076.64185				-43.00315	890.00427	-1124.57410							-431.92819	924.52948	-1309.66162				-263.23456	511.56421	-1161.50940				-219.25697	80.00354	-1224.16504	
