PathFileType	4	(X/Y/Z)	C:\Users\WrightLab\Desktop\Jo\P2_Trial14.trc
DataRate	CameraRate	NumFrames	NumMarkers	Units	OrigDataRate	OrigDataStartFrame	OrigNumFrames
100.00	100.00	       781	19	mm	100.00	1	       781
Frame#	Time	Headset_Front			Headset_Back			Headset_Left			Headset_Right			Left_Shoulder			Right_Shoulder			Sternum			C7			Left Elbow			Right Elbow			Left Wrist			Right Wrist			Left ASIS			Right ASIS			S2			Left Knee			Right Knee			Left Ankle			Right Ankle			
		X1	Y1	Z1	X2	Y2	Z2	X3	Y3	Z3	X4	Y4	Z4	X5	Y5	Z5	X6	Y6	Z6	X7	Y7	Z7	X8	Y8	Z8	X9	Y9	Z9	X10	Y10	Z10	X11	Y11	Z11	X12	Y12	Z12	X13	Y13	Z13	X14	Y14	Z14	X15	Y15	Z15	X16	Y16	Z16	X17	Y17	Z17	X18	Y18	Z18	X19	Y19	Z19	

1	0.000	-145.12718	1739.95398	2284.54419				-265.66412	1648.01685	2200.73438							-172.38333	1487.68860	2401.90869																									-211.70139	1000.25037	2468.34766	-377.24197	490.19766	2357.50879	58.48864	601.24768	2372.31055							
2	0.010	-140.15076	1739.45435	2280.88232				-260.77298	1648.09424	2197.41406							-167.90672	1487.34497	2397.65552																									-206.23055	999.69873	2464.82910	-372.57242	490.18967	2354.07617	63.36825	601.19666	2365.93140							
3	0.020	-134.63496	1739.40686	2276.65234				-255.86333	1648.19775	2193.69971							-163.53970	1487.35059	2394.41772																									-201.18358	998.90887	2460.13525	-367.48975	489.66788	2350.58716	67.79089	603.11310	2359.99780							
4	0.030	-129.24306	1739.15112	2272.21948				-250.72345	1648.41113	2189.93018							-158.78314	1487.34937	2390.14819																									-195.95064	998.90680	2456.80444	-362.33334	489.76804	2346.33911	72.57906	603.56274	2353.62451							
5	0.040	-123.87653	1739.32996	2268.29346				-245.69662	1648.45630	2186.31104							-154.33328	1487.64429	2386.80029																									-190.67906	998.60687	2451.70020	-356.69299	489.78226	2342.77930	77.62607	605.02820	2349.66138							
6	0.050	-118.54585	1739.88257	2263.60791				-240.27295	1648.83179	2181.62036							-149.38985	1488.06628	2382.81982																									-185.88608	998.97998	2448.95142	-350.89172	490.13409	2338.61304	82.60725	606.35028	2344.45483							
7	0.060	-113.31123	1740.41675	2259.53442				-234.91331	1649.40503	2176.98242							-144.37923	1488.38611	2378.72705																									-180.50148	999.03979	2444.01343	-344.61261	490.47949	2333.85840	87.09663	606.98163	2338.24805							
8	0.070	-108.10932	1741.08667	2255.12549				-230.36002	1649.74756	2173.85498							-139.28525	1489.00659	2374.71240																									-175.61610	999.96722	2440.41626	-338.16422	490.87939	2329.10840	92.31509	608.42828	2334.31738							
9	0.080	-103.06235	1741.79236	2250.83057				-225.09566	1650.21118	2169.43457							-134.59619	1489.46533	2371.60522																									-170.65839	1000.58411	2436.30371	-331.61145	491.39194	2324.22095	97.54269	608.95129	2329.27222							
10	0.090	-97.86336	1742.28711	2246.41626				-220.15709	1650.49390	2165.42993							-129.49474	1490.12939	2367.67285																									-165.88446	1001.35815	2433.06421	-324.68707	491.73544	2319.08911	102.30971	610.18402	2325.04736							
11	0.100	-92.89188	1742.88306	2242.20190				-215.62053	1651.02136	2162.06006							-124.39488	1490.66968	2363.87793																									-160.47610	1001.80994	2428.90015	-317.95450	492.17154	2314.47095	108.36009	610.78497	2320.70532							
12	0.110	-87.93619	1743.04395	2238.16870				-210.45712	1651.46790	2157.62939							-119.35368	1491.22192	2360.03247																									-155.62891	1002.67694	2426.07373	-310.68484	492.39499	2309.16870	112.00266	610.32129	2318.04712							
13	0.120	-83.26331	1743.67432	2234.33032				-206.17981	1651.85437	2154.88892							-114.40148	1491.62805	2356.61450																									-150.01912	1002.97864	2422.14038	-303.07724	492.39716	2302.54004	116.97382	611.03003	2314.87793							
14	0.130	-78.39285	1743.97644	2230.41943				-201.57289	1651.63147	2151.44727							-109.35473	1491.84741	2352.61523																									-144.56013	1003.74298	2419.01294	-294.64294	492.74469	2295.25244	121.79867	610.96619	2312.28198							
15	0.140	-73.45167	1743.98608	2226.19556				-196.77724	1651.81360	2147.54736							-104.35406	1492.08459	2348.69995																									-139.11447	1004.13202	2415.80835	-282.86475	490.87851	2288.82300	125.97693	611.39050	2309.84424							
16	0.150	-69.00143	1744.04822	2222.82153				-192.56206	1651.76672	2144.55273							-99.56506	1492.02588	2344.88379																									-134.01411	1004.68683	2413.26855	-270.75278	488.61407	2285.17944	130.67583	610.93256	2308.35669							
17	0.160	-64.50256	1744.09790	2219.05835				-188.03212	1651.80054	2140.92896							-94.52290	1491.64124	2340.82422																									-129.11038	1005.05188	2410.73755	-257.78296	487.55228	2271.01343	134.52240	611.05286	2306.69873							
18	0.170	-59.68171	1744.04041	2215.05444				-184.36812	1652.09241	2138.18628							-89.66586	1491.80542	2336.90869																									-123.96762	1004.86292	2406.98291	-245.15260	485.71954	2262.55200	138.99496	611.09503	2306.43945							
19	0.180	-55.43747	1743.72046	2211.42871				-179.67786	1651.90906	2133.96265							-85.45026	1492.25073	2333.76318																									-119.36132	1005.03180	2404.23267	-231.54980	482.87894	2254.31445	144.37346	609.26038	2304.93115							
20	0.190	-51.05016	1744.04578	2207.20337				-175.87035	1652.17310	2130.66724							-80.85995	1492.22974	2330.28735																									-115.12395	1004.99591	2401.13745	-223.78554	482.11615	2245.61206	147.61485	609.21869	2304.02881							
21	0.200	-46.64326	1743.85657	2203.23169				-171.66832	1651.83997	2126.74829							-76.64128	1492.82764	2326.16309																									-111.16992	1005.24658	2397.69702	-219.52695	486.69434	2230.09839	151.04573	609.79303	2305.47656							
22	0.210	-42.63554	1744.05652	2199.20190				-168.05511	1652.68018	2123.40381							-72.68649	1493.51135	2323.01782																									-107.58511	1005.38367	2394.56201	-214.78636	488.67535	2218.37158	153.27383	608.87103	2303.84180							
23	0.220	-38.37471	1744.30505	2194.39307				-163.80304	1652.36584	2118.91016							-67.96526	1494.07581	2318.95166																									-104.42230	1005.51459	2391.23779	-211.36635	490.77328	2203.25854	156.70177	608.61188	2304.34961							
24	0.230	-34.49450	1744.42786	2189.75781				-160.76813	1652.84705	2115.69971							-64.47424	1494.54761	2315.57910																109.11330	1484.61206	2240.81616							-101.43906	1005.90045	2387.96875	-205.80247	491.55930	2191.44189	158.58989	608.56158	2304.36108							
25	0.240	-30.54021	1744.86279	2185.31348				-156.52824	1652.58936	2111.03296							-60.51493	1495.29309	2311.41626																112.87716	1484.63220	2236.37915							-98.69428	1006.37604	2384.21216	-199.59334	491.19189	2179.07910	160.35268	609.05762	2303.70410							
26	0.250	-26.60472	1744.99890	2180.40479				-153.19429	1652.84778	2107.54028							-56.62619	1495.79712	2307.87109																116.64886	1485.28235	2233.10547							-95.67965	1006.33508	2380.32178	-192.74484	491.65637	2165.68359	161.41960	608.55792	2303.32446							
27	0.260	-22.99244	1745.54187	2176.13989				-150.02243	1653.39709	2104.01636							-52.52078	1496.48584	2304.30884																120.34624	1485.83691	2228.97534							-93.26064	1006.93823	2376.99658	-185.65605	492.50885	2151.28687	162.08998	608.15247	2303.22925							
28	0.270	-19.51911	1746.11865	2171.11279				-146.22533	1653.22241	2098.69604							-49.02530	1497.09363	2300.50879																124.22010	1486.47656	2224.49146							-91.03137	1007.52832	2373.63916	-179.19055	493.82489	2137.42578	162.26096	607.95026	2303.20801							
29	0.280	-16.10019	1746.53906	2166.66870				-143.37325	1653.49194	2095.07300							-44.88824	1497.58704	2295.57153																127.55083	1487.27087	2221.29370							-88.58128	1007.97394	2369.61035	-172.87662	495.91190	2123.52026	161.99922	607.37360	2300.97437							
30	0.290	-12.52968	1747.06934	2161.64404				-140.50783	1654.09668	2091.50830							-41.57955	1498.65466	2292.61304																131.56676	1488.03748	2216.83813							-86.27543	1008.39807	2365.61719	-165.35750	497.19504	2110.82153	162.03732	607.30103	2300.54126							
31	0.300	-9.34854	1747.38708	2156.91870				-137.00661	1653.74890	2087.23608							-37.23406	1499.20801	2288.56177																135.15549	1488.60840	2212.53906							-83.79906	1008.76776	2361.20264	-159.19864	500.01825	2099.11792	162.05994	606.95300	2299.07007							
32	0.310	-6.13925	1747.65100	2152.42993				-134.13618	1653.89038	2083.60645							-33.88974	1499.90784	2284.54785																138.62297	1489.70459	2209.61401							-81.75334	1009.19952	2357.76709	-153.99944	503.22162	2085.31299	162.22557	607.09900	2297.95288							
33	0.320	-2.99290	1748.19043	2147.91431				-130.93735	1654.50574	2079.64453							-30.14518	1499.92200	2280.26050																142.49545	1489.88538	2204.46362							-79.50414	1009.29749	2353.57813	-148.82359	507.02173	2072.63281	162.31068	606.60510	2296.71948							
34	0.330	0.29477	1748.29626	2143.03149				-128.33788	1654.66467	2076.21460							-26.47389	1500.27686	2276.78271																145.93794	1490.53638	2200.63843							-77.33410	1009.87378	2349.72729	-143.70735	510.56113	2063.10376	162.30994	606.66455	2295.13477							
35	0.340	3.45001	1748.47766	2138.52466				-125.46885	1654.76880	2072.35352							-22.39280	1500.82068	2272.18408																149.66615	1490.99255	2195.89966							-75.33459	1010.63721	2345.94287	-138.50122	513.36792	2051.79565	162.81377	606.21985	2293.65991							
36	0.350	6.48660	1748.81738	2134.13672				-122.67405	1654.81824	2068.57568							-18.67643	1501.42737	2268.54150																153.38907	1491.24182	2191.03271							-73.22994	1011.54639	2342.51025	-133.33989	516.48053	2044.29602	163.03017	605.85272	2292.07495							
37	0.360	9.90754	1748.74353	2129.15942				-119.65488	1654.62146	2064.24927							-15.40447	1501.46594	2264.65869																156.36745	1491.48572	2186.67798							-70.72761	1012.16577	2338.51685	-127.94730	518.22009	2036.07544	163.96809	605.85651	2290.37427							
38	0.370	12.80092	1748.89075	2124.59302				-116.55065	1654.53394	2059.90552							-11.81009	1501.84058	2260.30420																159.71410	1491.71924	2182.38892							-68.05433	1012.68073	2334.62305	-122.74979	519.54480	2028.47852	164.32419	606.42871	2287.30200							
39	0.380	15.63029	1749.07141	2120.36060				-114.38806	1654.64209	2056.43530							-8.34829	1501.69434	2256.02222																162.95685	1491.71399	2177.15405							-65.18766	1012.70355	2330.39258	-118.04583	521.52051	2022.12524	164.96999	606.60455	2285.78955							
40	0.390	18.63327	1749.35010	2115.90088				-111.55312	1654.66125	2052.03809							-4.42797	1501.22205	2250.50757																165.94345	1491.62793	2172.43115							-62.71741	1013.57928	2326.60693	-112.62106	521.17657	2016.59753	166.50009	606.11377	2282.99194							
41	0.400	21.37999	1749.29932	2111.20532				-109.15520	1655.07568	2048.59839							-1.46205	1502.10718	2246.39136																168.90880	1491.60559	2167.30737							-60.63654	1013.98315	2323.17603	-108.07149	521.73297	2011.38489	165.68047	605.72565	2281.93140							
42	0.410	24.42491	1749.51538	2106.25513				-106.59116	1654.74072	2044.54724							1.58590	1501.94824	2242.41846																171.77042	1491.40369	2162.58008							-58.04937	1014.57513	2318.89380	-103.98158	522.68719	2005.69189	166.54381	604.19391	2279.41260							
43	0.420	27.15175	1749.47620	2101.60596				-104.53880	1654.77039	2040.60413							4.95076	1501.85864	2237.15771																174.86986	1491.26782	2157.10376							-55.73289	1014.91382	2314.79590	-98.96674	522.79071	2002.31372	167.41142	604.53937	2278.08765							
44	0.430	29.59025	1749.13647	2097.18921				-102.18058	1654.76770	2036.41638							8.02595	1501.86951	2232.74854																177.87152	1490.61804	2150.37256							-53.35097	1015.29309	2310.92358	-95.36514	524.15399	1998.53271	168.00298	604.61035	2277.29150							
45	0.440	32.37947	1749.52173	2092.36206				-99.92673	1654.83093	2032.53015							10.65368	1502.06702	2228.36206																180.30525	1490.30420	2145.55933							-50.89417	1015.43103	2306.52441	-91.76712	524.68811	1995.71582	168.41197	605.12744	2276.11475							
46	0.450	35.12024	1748.72498	2087.14502				-97.63487	1654.62634	2028.41931							13.48796	1501.88416	2223.28931																182.72908	1490.26611	2141.19775							-48.87401	1015.72705	2302.73486	-89.51134	525.33734	1993.07947	170.25636	604.13501	2272.31226							
47	0.460	37.40638	1748.78137	2081.68359				-95.78152	1654.44690	2024.57458							16.85597	1501.51245	2218.27612																184.97414	1489.84900	2135.74194							-46.47741	1015.79767	2298.70435	-87.99092	525.50488	1992.37817	171.77731	602.90741	2269.15454							
48	0.470	39.94154	1747.84631	2076.37842				-93.66163	1654.22107	2020.63367							19.50134	1501.52344	2213.59961																187.52394	1488.67761	2129.40015							-44.03055	1015.85217	2293.87646	-86.77454	523.80927	1990.77881	172.64130	603.25415	2267.94873							
49	0.480	42.26208	1747.67102	2070.90430				-91.84173	1653.80701	2016.82068							22.11999	1501.71936	2209.29419																190.00456	1488.78235	2124.10132							-42.61092	1015.83392	2290.36499	-85.74139	521.73529	1989.45447	173.72536	603.73553	2266.37305							
50	0.490	44.68456	1747.30310	2066.20264				-89.84882	1653.54626	2011.76184							24.59169	1501.19824	2204.22754																192.35063	1488.05957	2119.33765							-40.40454	1015.73248	2285.26904	-83.49144	518.81512	1989.51599	174.44597	603.76410	2263.86768							
51	0.500	46.90818	1746.74243	2060.65503				-88.43204	1652.64355	2007.27649							26.55985	1500.82068	2198.78931																194.39268	1487.58667	2113.45532							-38.65636	1015.41040	2280.92285	-80.69532	517.93274	1989.19739	176.30949	603.27814	2260.32349							
52	0.510	48.71363	1746.11877	2054.85156				-86.73469	1652.18982	2002.72729							29.01100	1499.95544	2193.13306																196.47656	1486.50317	2107.07007							-36.70121	1015.18866	2276.19897	-77.72865	517.27020	1987.11548	177.54280	602.69440	2258.16943							
53	0.520	50.77850	1745.48047	2049.38184				-84.88552	1651.51978	1997.89819							31.12888	1500.02197	2188.43677																198.92752	1485.96570	2102.52808							-34.41648	1014.95868	2270.99780	-74.04440	516.95795	1985.93091	179.28819	602.10571	2255.11084							
54	0.530	52.87020	1744.17627	2044.04517				-83.04053	1650.80212	1993.72546							33.43553	1499.21118	2183.36377																200.63515	1485.78210	2097.15430							-32.68091	1014.34430	2266.36890	-70.06691	515.97125	1984.16211	180.28659	602.68726	2253.36499							
55	0.540	54.41663	1743.78516	2037.79016				-81.22777	1649.88525	1987.89307							35.39729	1498.26233	2177.35449																203.07138	1484.50769	2090.59204							-30.47586	1013.53912	2260.74438	-66.36658	515.65045	1982.59290	182.03186	600.48529	2247.09399							
56	0.550	56.51119	1742.42566	2032.18018				-80.53276	1649.14197	1983.10852							37.47578	1497.28271	2171.45361																204.89096	1484.09180	2085.54004							-28.37999	1012.72205	2255.59912	-62.36468	514.62256	1981.76794	181.58508	600.79456	2244.39502							
57	0.560	58.18738	1741.48340	2026.91467				-79.11664	1647.97754	1979.46655							39.44831	1497.10754	2167.25732																206.70741	1482.97290	2079.37988							-26.60236	1011.90350	2250.94775	-58.40723	513.33221	1979.41541	182.79132	600.75171	2241.28223							
58	0.570	59.63414	1740.43262	2020.02832				-77.74083	1647.30762	1974.51099							40.89258	1495.60986	2160.96265																208.61093	1481.78662	2073.18677							-24.79117	1011.12579	2245.24463	-54.81554	512.14935	1977.43750	184.43071	599.10919	2237.38062							
59	0.580	61.67256	1739.38953	2015.09741				-76.49796	1645.87659	1968.17639							42.64583	1494.44312	2155.32739																209.94209	1481.27917	2068.81006							-23.10925	1010.16254	2239.89185	-51.59879	510.73257	1975.23242	185.20816	599.15326	2233.30371							
60	0.590	62.94916	1737.62512	2008.06079				-75.57468	1645.01367	1964.34924							44.05561	1493.51465	2150.10425																210.95958	1480.88330	2063.23022							-21.27961	1009.01031	2234.85059	-48.26205	509.79984	1971.25391	187.19691	596.38153	2228.09009							
61	0.600	64.23486	1736.77356	2003.22803				-74.62381	1643.37512	1958.98108							45.39566	1491.72119	2143.77856																212.88135	1480.01563	2057.48291							-19.09657	1007.64282	2228.40210	-45.05777	508.58469	1966.69641	187.57312	596.83783	2224.46948							
62	0.610	64.99196	1735.84949	1996.69751				-73.69508	1642.39050	1953.08301							46.91677	1490.82007	2138.46753																214.43983	1478.40527	2050.62646							-17.49327	1006.34692	2222.79639	-41.96289	506.61966	1961.59473	189.75897	594.33228	2218.40454							
63	0.620	66.31007	1734.03564	1991.45557				-73.01154	1641.66479	1948.52600							48.16562	1488.80920	2131.06909																215.48456	1477.77881	2046.07373							-15.16185	1004.55725	2216.68530	-39.88190	505.47275	1958.87500	190.38062	594.30475	2213.47437							
64	0.630	67.12425	1732.35840	1984.42883				-72.67323	1640.05688	1942.83093				-269.47357	1188.83362	1953.25183	49.17181	1488.55432	2126.63818																216.72090	1477.21887	2040.08337							-13.19470	1003.05249	2210.52808	-38.08673	503.25989	1954.45325	191.26682	592.27930	2207.22534							
65	0.640	67.93269	1731.17236	1979.89441				-72.13078	1638.76526	1938.06226				-268.67923	1186.65430	1947.15906	49.70279	1486.94067	2119.97339																218.13345	1476.49683	2033.55688							-11.11395	1001.16980	2204.13330	-37.13390	501.41467	1948.40723	192.59811	591.61420	2201.63965							
66	0.650	67.97623	1729.73694	1972.99890				-71.90052	1637.62756	1931.85168				-267.80615	1184.38550	1940.99426	50.80603	1485.44373	2114.03125																218.49387	1475.78955	2027.61926							-8.79205	999.86487	2198.20874	-36.07470	498.60626	1941.34546	193.91020	589.41821	2194.53101							
67	0.660	69.76234	1727.90063	1967.11340				-71.25382	1636.26013	1926.01843				-267.37833	1182.64429	1934.88086	51.31401	1484.08936	2108.43872																219.62238	1475.73181	2022.49280							-6.43976	997.32538	2190.54028	-36.02483	495.56833	1937.21448	195.67558	587.82861	2189.62915							
68	0.670	69.28647	1726.66394	1961.42004				-71.41877	1635.31799	1920.88647				-266.92429	1180.07031	1928.77795	51.75032	1482.69043	2101.38281																219.90422	1474.39355	2016.10583							-4.84353	996.01758	2184.91406	-35.06662	492.68396	1930.77893	196.91322	586.63995	2182.88257							
69	0.680	70.42873	1724.21802	1954.91138				-71.47686	1633.48657	1914.93140				-266.54837	1177.76233	1922.28467	52.47287	1481.32849	2095.44727																221.12825	1473.98206	2009.03931							-2.38571	994.44629	2177.92896	-34.85403	490.56885	1921.84888	199.34929	584.60748	2176.73267							
70	0.690	70.75089	1722.72083	1949.91553				-71.47817	1632.97705	1910.18713				-266.10526	1175.52710	1916.18127	52.83919	1479.75488	2089.01709																221.33020	1473.97534	2003.15295							-0.61597	992.77966	2171.14673	-33.94693	488.25735	1915.34924	201.08315	584.96875	2172.29785							
71	0.700	70.79626	1720.63599	1942.23010	-104.91456	1476.56909	1945.36194	-71.71802	1631.65698	1903.59424				-265.45926	1172.91809	1909.68066	53.09419	1477.64465	2081.77686																221.46889	1472.59033	1995.70325							1.63905	991.06335	2164.47534	-32.84591	484.81174	1907.69116	202.56630	582.88403	2166.13159							
72	0.710	70.91761	1718.87244	1936.66968	-104.49511	1474.33093	1939.37988	-72.08438	1630.10925	1898.22205				-264.89478	1170.12097	1902.16394	53.37476	1475.92883	2075.14771																222.03238	1472.51160	1989.56091							3.50809	988.90649	2156.91235	-32.97566	481.86145	1901.88184	204.29515	580.64899	2159.01685							
73	0.720	71.02988	1717.50684	1930.91211	-104.59159	1471.58813	1932.53516	-72.14805	1628.78870	1892.89966				-264.11523	1167.31860	1895.96606	53.69873	1474.50476	2069.23975																221.83725	1472.23096	1983.16760							5.88562	987.80560	2150.14526	-31.58601	479.25540	1891.86084	207.02774	578.73895	2151.24316							
74	0.730	70.16382	1716.33167	1924.60254	-104.59573	1468.59753	1924.65283	-73.48281	1627.45593	1887.53577				-263.71951	1164.70105	1888.43274	53.25044	1473.31079	2062.80688																221.99316	1471.44580	1975.89795							7.70532	985.55017	2142.34888	-30.85702	475.96750	1885.59558	209.59332	580.16125	2145.71191							
75	0.740	69.68672	1714.51697	1916.99097	-104.56311	1466.28613	1918.42773	-74.10135	1626.01843	1880.49011				-263.18100	1161.85718	1882.28394	53.41572	1471.06458	2054.46582																221.99493	1470.94519	1968.52222							10.17835	983.81799	2135.26514	-30.21937	473.81339	1876.20630	212.22070	578.27478	2138.64404							
76	0.750	69.02316	1713.08716	1909.54968	-104.70057	1464.51282	1912.35229	-74.60647	1624.62244	1873.82825				-262.67526	1159.07666	1874.66919	53.08517	1470.23303	2047.18713																221.53061	1471.52173	1962.24219							11.79475	982.65363	2127.54272	-29.04785	470.69571	1867.81738	214.91780	576.73468	2131.19263							
77	0.760	68.04480	1712.75696	1901.94263	-105.26685	1462.77271	1905.32532	-75.88338	1624.08899	1868.30981				-262.14206	1156.19360	1867.07690	52.87939	1468.94824	2040.31042																221.31122	1471.81970	1955.66467							13.97614	981.27972	2120.34180	-27.39987	468.91660	1861.03613	216.84204	575.01385	2123.13037							
78	0.770	67.12146	1711.73303	1894.48193	-105.45859	1460.66943	1896.75647	-77.05815	1623.45044	1861.98853				-261.51825	1153.39380	1860.04443	52.77521	1468.32300	2033.17224																221.34329	1472.01001	1947.59607							15.68554	980.89758	2113.22632	-26.80563	467.17905	1851.63672	219.24785	574.92096	2116.54517							
79	0.780	65.77071	1711.79919	1886.78955	-105.84698	1458.94885	1890.16663	-78.00130	1622.62073	1854.95361				-260.75208	1151.06653	1852.13953	52.97543	1468.91992	2026.24133																221.35542	1472.84387	1940.13843							17.90307	980.06671	2105.79785	-25.59982	468.31256	1841.61841	221.31367	574.28064	2106.58545							
80	0.790	64.32063	1710.64246	1879.61499	-105.30687	1458.17493	1882.89233	-79.87310	1622.14697	1848.61938				-259.61603	1148.78430	1845.40759	53.17929	1468.71057	2018.26233																220.96368	1473.46252	1931.65662							20.46424	980.78033	2099.64185	-25.00907	469.66058	1834.65906	224.01004	573.72589	2098.15356							
81	0.800	63.05636	1710.98083	1872.04175	-106.29802	1457.18054	1877.17737	-81.23846	1621.25146	1841.04126				-258.72607	1146.67786	1836.49451	52.63970	1469.43970	2011.11328																220.61346	1474.45276	1923.23022							23.05274	980.63623	2093.07886	-23.08567	471.36478	1826.57068	226.30734	573.68549	2088.06006							
82	0.810	61.59492	1711.06030	1863.82227	-106.46276	1456.19714	1869.08374	-82.86948	1620.09338	1834.48169				-257.70303	1144.38257	1829.44958	53.04129	1469.38440	2002.36157																220.51634	1475.69238	1914.39343							25.90047	980.25690	2086.42065	-22.64562	472.86487	1819.42053	228.64482	575.07654	2078.24487							
83	0.820	59.79801	1709.95593	1855.55713	-106.81907	1454.94946	1862.04346	-84.01358	1619.73657	1826.72778				-256.72873	1142.60059	1821.23743	53.31807	1470.15430	1994.68921																219.99944	1476.75867	1905.58765							29.42066	981.11328	2079.76099	-22.62673	475.47958	1809.99402	231.10609	575.15863	2067.98315							
84	0.830	58.43573	1709.57825	1846.53943	-106.89934	1455.17920	1856.56445	-85.66639	1618.85229	1820.19714				-255.19960	1140.59070	1814.04578	53.72055	1470.66406	1988.10852																220.13365	1477.35107	1896.34009							32.11179	981.92078	2074.17773	-21.57129	477.64752	1802.49402	233.99455	576.34625	2057.63940							
85	0.840	56.54504	1708.76306	1839.20544	-106.65569	1453.45813	1849.13684	-86.84712	1618.60120	1812.80542				-254.08864	1138.40259	1806.51624	54.36888	1471.79639	1980.39001																219.65147	1479.15283	1887.74658							35.17822	982.63129	2068.71851	-20.94659	478.34082	1794.24719	237.53040	576.76172	2047.30127							
86	0.850	55.34179	1708.82336	1830.77698	-107.78919	1452.92737	1843.49646	-88.31093	1617.23621	1805.88367				-252.95251	1136.42896	1800.28906	54.27298	1472.33337	1972.54016																219.40897	1480.04163	1878.86987							38.10585	983.78265	2063.70996	-21.38762	478.97763	1786.80188	240.48579	577.75616	2037.58923							
87	0.860	53.91037	1708.86194	1822.83179	-107.36649	1452.63892	1837.66077	-89.40471	1616.80701	1798.28857				-251.85295	1135.09204	1792.15063	55.20820	1473.34045	1965.08472																219.33884	1481.07581	1869.77808							40.76559	984.06232	2058.34863	-20.20327	480.62775	1777.05457	244.66032	578.30786	2027.16919							
88	0.870	52.16136	1708.25049	1815.66577	-107.52348	1452.13098	1831.31116	-90.97849	1615.40320	1792.20605				-250.17265	1133.23474	1785.14099	55.80726	1474.37122	1959.39563																218.98798	1482.24597	1861.64685							43.02671	985.17499	2052.35669	-20.57199	480.34454	1770.94116	248.44246	578.18634	2016.55884							
89	0.880	51.13238	1708.71008	1807.90076	-107.54651	1451.83594	1825.26392	-92.16079	1614.55054	1785.43201				-249.20691	1132.12854	1777.65417	56.45817	1474.46655	1950.90186																219.42665	1482.97009	1853.61511							44.86435	985.71478	2046.19751	-21.00853	480.70526	1763.41809	253.20804	579.08264	2006.41101							
90	0.890	49.80225	1709.02087	1800.32983	-107.33242	1451.46826	1820.15027	-93.21850	1614.41736	1780.54187				-248.04688	1130.61353	1771.55945	57.60989	1475.62671	1944.45496																219.67137	1484.06897	1845.53259							46.78668	986.33075	2041.21289	-22.02356	481.46518	1758.48743	257.47482	579.77124	1995.92786							
91	0.900	48.57792	1708.91406	1792.77515	-107.41222	1451.05371	1813.55347	-93.70004	1614.06653	1775.43420				-246.49290	1129.86438	1765.25916	58.07681	1475.99109	1937.93530																219.63089	1485.66003	1838.34045							48.68074	987.80804	2036.98315	-22.09743	482.45294	1752.22937	261.85211	580.01154	1984.64355				188.79248	170.17661	2113.39331	
92	0.910	47.46956	1709.49683	1785.66821	-106.79647	1451.17224	1809.14233	-95.27532	1614.07495	1769.72705				-245.05386	1129.30310	1757.15820	58.92819	1476.77747	1930.21716																220.44563	1486.11267	1830.25903							50.07419	988.40521	2032.00806	-22.26687	482.39844	1747.56165	267.16281	580.49036	1975.93164				189.72850	172.11548	2105.94775	
93	0.920	46.88972	1709.54517	1778.12366	-106.46490	1450.69214	1801.48975	-95.75568	1613.58569	1764.44409				-243.78371	1128.64551	1752.19641	60.36336	1477.65430	1923.91199																220.81042	1486.89783	1821.75793							51.64039	989.22308	2026.50098	-23.41524	483.55435	1744.66333	270.78046	581.31866	1968.55396				193.21262	176.51405	2100.81982	
94	0.930	46.40181	1709.76819	1771.39978	-106.31030	1451.57654	1797.36401	-96.24780	1612.80176	1760.15295				-242.16669	1128.44153	1745.47913	60.56041	1478.50647	1917.09937																220.73357	1487.75549	1814.26270							53.26820	990.49573	2021.60583	-24.57159	483.29129	1743.52905	276.02917	582.28314	1956.88684	19.80990	127.20494	1748.81018	195.34535	176.66280	2092.41553	
95	0.940	45.99118	1710.66699	1765.41211	-105.72198	1451.18420	1789.58582	-96.26794	1612.26208	1752.76636				-240.68962	1128.42029	1738.74927	61.84900	1479.67493	1911.24902																221.69606	1488.38672	1807.02979							54.67120	991.96069	2018.52808	-25.90096	483.74985	1741.98291	281.71149	583.85931	1946.20117	18.51743	126.62629	1749.68042	198.50945	179.16496	2084.30176	
96	0.950	45.19275	1710.42969	1758.79956	-105.26836	1451.84814	1785.48804	-96.15304	1612.22791	1749.27161				-239.65317	1128.54480	1733.83191	62.70536	1480.72644	1903.19202										370.94177	1203.52820	1924.63599				222.03014	1488.83899	1799.14441							56.39932	994.11780	2015.10352	-27.66254	483.81116	1742.06750	289.59888	585.89685	1934.93970	17.96382	127.83553	1751.12988	202.37906	180.75188	2076.37549	
97	0.960	45.08031	1710.53894	1750.92334	-104.98048	1451.63977	1778.51099	-96.95628	1612.56885	1743.35852				-238.44402	1129.21399	1728.40588	63.26882	1482.90540	1898.40149										372.06387	1203.95667	1917.60864				222.60413	1489.38147	1790.53735							58.41651	994.80096	2011.07031	-28.69799	483.41150	1742.79565	295.06119	587.03192	1925.46252	17.26443	127.88919	1750.89441	205.67232	182.69946	2067.61133	
98	0.970	45.57144	1710.62122	1745.49426	-103.94324	1452.83887	1773.61279	-96.73370	1612.76306	1739.97534				-237.45573	1129.54211	1723.12219	64.68684	1483.27197	1890.12939										372.89059	1205.48047	1911.70496				222.60263	1489.66919	1783.46582							60.10400	996.59674	2007.87085	-29.94156	482.90735	1743.68201	300.81213	589.42145	1915.87976	15.61509	128.49500	1751.08667	208.72290	185.19914	2059.00513	
99	0.980	45.38333	1710.93958	1738.99255	-103.58759	1452.54956	1767.18262	-96.75688	1612.33887	1733.05981				-236.20291	1130.12854	1717.11670	65.32452	1485.33350	1884.69299										374.03897	1206.08899	1905.06311				223.44301	1490.86182	1775.94385							62.04990	997.58423	2004.14612	-32.47820	482.10406	1745.06628	306.05136	590.83600	1906.63123	14.50428	128.18076	1750.34717	212.98790	186.02632	2049.30322	
100	0.990	45.34169	1710.54553	1732.07947	-103.05483	1453.05994	1761.88086	-96.68364	1612.48962	1729.93787				-235.41022	1130.13403	1713.39941	66.58692	1485.53271	1877.52832										374.78287	1206.48596	1898.35596	-295.21121	1001.50732	1580.46704	224.11261	1490.30359	1767.41589							63.58171	999.23138	2001.74426	-34.03504	482.64450	1747.20569	310.66656	592.99670	1896.26086	13.28187	128.46799	1750.08655	217.56264	187.76498	2040.14014	
101	1.000	45.94231	1710.93506	1726.99719	-102.35762	1453.63245	1756.70251	-96.35858	1612.40015	1722.67456				-234.58591	1130.49829	1707.87842	67.30418	1487.26697	1871.81982										375.41641	1207.90613	1893.45752	-294.27014	998.58447	1576.45032	223.72008	1491.16748	1761.13220							65.78709	1000.03070	1998.41284	-37.20404	481.28680	1751.54993	315.26141	594.27234	1885.07056	12.21180	129.09694	1749.15918	221.99393	189.00500	2030.39868	
102	1.010	45.68034	1710.82898	1720.21448	-101.27567	1452.77808	1749.56042	-95.85905	1612.29468	1718.80054				-233.84535	1130.84290	1702.57642	68.25642	1487.58899	1865.32373										376.28986	1207.95117	1885.69995	-292.86652	995.40045	1571.17615										68.16431	1001.11200	1994.93835	-38.26372	480.94351	1754.48926	318.60144	596.89233	1874.11475	11.04511	128.20457	1747.35950	226.80695	190.48412	2018.79370	
103	1.020	46.41732	1710.45825	1714.33374	-100.69524	1453.14722	1745.66870	-96.18102	1612.55310	1713.64319				-232.74002	1131.10498	1698.45691	68.90011	1489.15173	1860.05481										377.28198	1209.05188	1880.85071	-291.99295	992.71014	1568.33203	224.80638	1490.83923	1746.65247							69.97065	1002.56317	1992.47266	-39.22716	480.55182	1757.57947	322.08923	598.75488	1862.98218	10.60918	128.46283	1746.86206	232.92976	192.71254	2011.19153	
104	1.030	46.20245	1710.26343	1708.48462	-100.27158	1452.17456	1739.14929	-95.48274	1612.04114	1708.24609				-231.82819	1131.81506	1693.50317	69.97614	1488.76807	1853.18860										378.04727	1208.95581	1873.21924	-290.92831	989.59882	1564.26819	224.79044	1491.52527	1740.05298							75.83913	1005.83624	1991.36829	-40.04321	480.09543	1761.55444	323.75882	600.75531	1853.54321	9.87657	128.80606	1746.20667	238.48677	194.17982	1997.54224	
105	1.040	46.61080	1710.12671	1701.91260	-99.89787	1453.00427	1735.55945	-95.54670	1612.37415	1703.70581				-231.44345	1131.73242	1688.57141	70.52371	1489.58948	1849.26282										378.89474	1210.21216	1868.16687	-290.22104	987.37634	1560.23779										76.44332	1006.02972	1987.98071	-40.79017	479.89886	1763.95496	324.88208	602.89215	1844.09839	9.16913	129.40793	1745.18506	244.73540	194.44847	1987.01648	
106	1.050	46.74885	1710.35779	1697.00830	-99.80207	1452.69824	1731.83154	-95.87173	1612.50073	1699.21533				-232.55029	1131.79077	1687.06433	71.38569	1489.37878	1841.78369										379.55865	1210.22241	1861.36108	-289.15332	984.42865	1556.29004	225.42311	1491.13159	1726.40662							76.56361	1006.25122	1984.47339	-40.89062	480.05225	1766.87146	325.70337	603.80255	1833.93518	7.63238	129.59473	1744.13538	249.81995	195.20872	1974.01807	
107	1.060	46.43388	1710.12415	1690.79089	-99.46452	1451.38879	1726.06360	-94.82688	1612.05042	1693.87317				-231.69843	1132.00464	1682.31604	71.76579	1490.70154	1838.38879										380.86020	1210.96655	1855.58362	-288.88968	983.07184	1552.06824	341.30420	1104.05579	1660.41553							77.14943	1006.07379	1980.06641	-39.95939	480.33923	1769.27112	326.15030	605.64948	1826.41333	5.89126	129.09047	1742.56921	256.18594	195.71109	1963.30029	
108	1.070	47.15001	1709.82288	1685.31873	-98.94444	1451.84143	1722.35352	-95.37583	1611.74597	1688.54297				-231.35272	1131.95520	1677.94629	72.22843	1490.08069	1832.61060										381.29822	1211.24243	1849.74243	-288.86374	981.42999	1549.08630	340.98306	1103.81726	1655.18079							77.93886	1006.16858	1975.90869	-38.09846	479.93594	1771.18738	326.22134	607.57526	1818.48132	5.57512	129.23122	1742.18347	261.79929	193.72574	1948.28931	
109	1.080	46.59356	1709.13098	1679.31641	-99.39931	1451.04980	1718.26428	-95.52229	1611.41992	1686.00452	72.97409	1490.69653	1827.97498	-230.96411	1132.08020	1672.70325													383.71317	1211.92041	1841.45032	-288.92026	980.00781	1545.59570	340.28818	1103.99109	1647.58801							78.35497	1005.94836	1972.43164	-36.70455	479.72794	1772.68506	325.92160	608.63367	1810.85437	5.06180	129.61568	1741.64819	268.06195	193.43079	1937.12415	
110	1.090	46.64333	1708.73181	1675.24817	-98.58322	1450.22607	1713.03174	-94.99169	1610.22925	1678.57507	72.85201	1491.66895	1823.36096	-230.37213	1131.88220	1669.92249	226.15402	1490.77112	1705.18787										383.77377	1212.52515	1836.13269	-288.82617	978.79504	1542.11609	339.79303	1103.34668	1642.33093							77.50634	1004.80511	1963.94995	-35.51763	480.09457	1773.14172	325.22409	609.12659	1804.18347	4.98288	129.68115	1741.53235	273.47797	193.07999	1923.25073	
111	1.100	73.94103	1490.93237	1817.82593	-98.09814	1450.83691	1709.93640	-95.16897	1610.40930	1675.85925	46.49977	1708.52075	1668.88196	-230.26187	1132.03735	1665.41187	226.44905	1491.44568	1698.91528										384.26617	1213.13391	1831.24158	-288.64471	977.31989	1538.23657	340.17865	1102.80823	1636.74182							77.69070	1004.46954	1958.65857	-33.18324	479.53833	1774.64478	324.77084	609.77063	1799.62549	4.97428	129.81689	1741.34644	280.60336	190.99132	1911.13574	
112	1.110	46.61443	1708.21301	1664.46411	-98.56970	1450.10986	1705.73206	-95.45343	1609.74060	1670.78821	74.61807	1491.62842	1813.69666	-230.35432	1131.71729	1662.28918	226.84096	1491.23230	1695.13330										385.03540	1212.66602	1825.49475	-288.91574	977.03101	1534.87109	339.40970	1103.14709	1631.72156							78.47316	1004.29181	1953.69116	-32.13197	479.77069	1775.94604	323.49252	611.24188	1796.60876	4.38858	130.55209	1740.84229	286.85333	191.09590	1898.39966	
113	1.120	46.43639	1707.83557	1658.73145	-98.17458	1449.68274	1701.85168	-95.43829	1609.16089	1666.84338	74.42411	1491.44287	1808.89209	-230.13466	1131.11267	1660.25159	226.14151	1490.75659	1688.69360										385.72644	1213.08679	1820.87830	-288.97125	976.93616	1531.11841	339.36871	1103.07947	1627.86438							78.92068	1004.60187	1949.82214	-30.78431	479.80911	1777.59558	322.51642	611.55896	1792.76794	5.01786	130.72278	1741.36658	292.80875	187.43251	1882.79944	
114	1.130	75.38371	1492.16931	1804.23840	-97.84445	1449.68762	1699.08801	-95.05469	1608.92834	1662.38379	46.20890	1707.57129	1654.45471	-229.80217	1131.35718	1656.45911	226.29753	1490.46252	1684.94153										386.05020	1213.57178	1816.21765	-289.49789	976.50488	1529.28333	338.77902	1102.81287	1623.58496							79.17348	1004.63837	1946.05981	-29.11889	480.46503	1777.42883	321.00845	611.78003	1790.47095	5.36692	130.87303	1741.90894	298.95523	186.08215	1865.50952	
115	1.140	46.03837	1707.02332	1649.13696	-98.14471	1448.90186	1695.38391	-95.43297	1608.32019	1657.24695	75.64054	1492.20764	1800.81250	-229.94968	1131.72632	1652.80725	226.25766	1490.66968	1679.59167										386.02826	1213.52710	1812.00195	-289.34238	976.27032	1525.73083	338.43207	1102.58545	1619.58435							90.37650	1014.98163	1961.98218	-27.79377	480.25131	1779.02673	319.03857	612.40564	1787.31299	6.05708	131.19548	1742.37842	302.33820	183.35034	1852.14697	
116	1.150	45.15756	1706.74646	1646.04370	-98.07195	1448.74182	1691.70728	-95.48608	1608.06653	1655.03162	75.64700	1492.28052	1796.07288	-230.05141	1131.78357	1649.80737	226.57970	1490.53613	1675.87610										388.26627	1214.43176	1808.12537	-289.96442	976.76288	1523.08728	338.12985	1102.47449	1615.60632							91.14388	1016.60248	1960.63635	-26.98349	480.74484	1780.00549	317.52191	612.18250	1785.48401	6.53537	131.38202	1743.42468	307.38293	180.48419	1839.32715	
117	1.160	77.02969	1492.47534	1792.07666	-97.24433	1448.72437	1688.62476	-96.01364	1606.91406	1650.08374	45.20782	1705.84827	1640.47668	-229.78006	1131.95044	1646.99280													387.44931	1213.96497	1803.45337	-290.38660	976.83954	1521.45874	337.63776	1102.81177	1611.08899							92.18238	1017.24213	1958.66309	-25.95180	480.75067	1780.17664	315.11798	612.14868	1783.55823	7.11570	131.18248	1744.11414	311.67386	177.54723	1822.74011	
118	1.170	44.64417	1705.88074	1637.13208	-97.09126	1448.44385	1686.18994	-96.08736	1606.64270	1646.97205	77.44941	1492.41602	1788.49292	-229.86803	1131.64685	1645.90161	226.78043	1489.98926	1666.53467										387.62808	1213.62451	1798.88037	-290.45547	976.66803	1518.62024	337.58902	1102.41809	1607.72986							93.51211	1017.92419	1956.13367	-24.74690	481.07126	1781.15491	313.60056	610.89697	1783.64978	7.63830	131.57315	1744.85889				
119	1.180	44.49959	1705.15540	1631.89111	-96.97945	1448.14307	1681.55908	-95.85252	1605.71252	1643.12927	77.49098	1492.56946	1784.66895	-228.19768	1131.41028	1641.12219	226.83121	1489.38391	1662.15393										387.94550	1213.97925	1795.32568	-290.94046	977.51080	1516.66956	336.84729	1102.14929	1604.67456							94.54054	1019.19019	1954.75598	-22.52152	481.96048	1779.74622	311.72546	609.40149	1782.12195	8.41628	131.85349	1746.85681	319.94647	172.21606	1791.24731	
120	1.190	78.22733	1492.86609	1781.07019	-97.38462	1447.88794	1679.96301	-96.25990	1604.79602	1638.69739	44.42364	1704.89294	1628.52734	-229.46704	1131.56616	1640.68762	226.23651	1489.08618	1658.25781	80.38313	1340.87366	1628.69897							387.69699	1214.56750	1793.10486	-291.32281	977.52234	1514.15466	336.34238	1101.30127	1601.73523							96.00066	1019.77008	1952.59985	-21.05079	482.21600	1781.39368	309.65683	608.88049	1783.79309	8.91551	131.80942	1748.44458	323.62540	171.50644	1773.02710	
121	1.200	43.78188	1704.02527	1624.26575	-96.57333	1447.86536	1677.17566	-96.08929	1604.08154	1636.44910	78.72412	1493.04370	1778.68860	-229.52164	1131.89978	1637.60791	226.88405	1489.10535	1654.80945	79.96458	1340.76892	1625.25415							388.64828	1214.41284	1788.73804	-291.33011	977.05048	1511.61145	336.79901	1101.46240	1599.56458							97.09834	1020.05634	1950.89038	-20.17826	482.78323	1780.91064	307.35663	608.78070	1784.57410	9.77808	131.35304	1749.82178	328.17184	171.25102	1759.82178	
122	1.210	43.55997	1704.25085	1621.51965	-96.42613	1447.85046	1675.48596	-96.46989	1603.48999	1633.90173	78.99263	1493.44897	1774.83801	-229.61932	1131.76172	1636.31189	227.39940	1488.66797	1650.37927	80.17676	1339.80908	1622.25183							388.83609	1214.33203	1785.24524	-292.12753	977.98584	1509.95178	336.40369	1101.27087	1596.32520							98.43607	1021.24878	1949.43616	-18.55044	482.40378	1781.02637	305.65369	608.36560	1786.29675	10.86601	131.58607	1751.50659	332.39673	172.14682	1745.46411	
123	1.220	79.30704	1493.20166	1771.69409	-96.23565	1447.05481	1672.48462	-96.51569	1602.65613	1629.72729	43.32601	1703.48242	1617.58948	-229.58058	1132.02576	1634.58337	227.63515	1488.22974	1645.57410	80.25092	1339.43945	1618.42383							391.55341	1214.90100	1781.96375	-292.64862	978.88086	1508.66833	335.89389	1100.55261	1593.40601							99.97463	1021.87848	1947.83447	-16.93575	483.18918	1780.87659	303.29218	608.74829	1788.09241	11.65494	131.47652	1752.24463	335.74924	174.87637	1729.35266	
124	1.230	43.11491	1702.74036	1613.91541	-96.44268	1446.48633	1670.22766	-96.36446	1601.79187	1627.00476	80.27991	1492.67676	1768.75793	-229.49525	1132.22424	1632.85388	227.30838	1488.55029	1644.28040										390.28214	1214.55249	1778.58887	-293.10364	978.52771	1507.07288	335.62198	1100.09460	1590.29321	59.62582	1062.21912	1672.05457				101.11243	1022.33252	1946.74976	-14.94389	483.25485	1779.35693	301.11017	608.37585	1789.15088	12.54198	130.80493	1753.91113	340.19867	180.13957	1715.08582	
125	1.240	43.07208	1702.67871	1611.51831	-96.42298	1446.07349	1667.89490	-96.20802	1601.25085	1625.28845	80.70266	1493.25293	1766.19287	-229.62492	1132.18982	1632.14758	228.26352	1487.34521	1644.60254	80.30367	1338.76123	1613.74219							390.75470	1214.20471	1775.50781	-293.34982	978.68402	1504.45520	334.88513	1098.72278	1586.72498	59.98433	1061.93884	1671.60706				103.10194	1022.29321	1944.51245	-13.01673	482.81223	1778.89490	298.25385	608.28052	1789.17444	13.25696	130.36024	1755.52917	344.58432	183.95499	1703.11682	
126	1.250	80.88441	1493.50452	1764.39648	-95.85081	1445.72876	1665.93347	-96.38185	1600.78845	1622.02625	42.70303	1702.10144	1607.65112	-229.98466	1132.32312	1630.77197	228.02318	1487.54150	1641.06067										391.53784	1214.79175	1771.79956	-293.92807	979.45135	1502.90796	334.47141	1098.53113	1584.71216	60.06577	1062.30042	1669.49658				104.30679	1023.06140	1943.89868	-10.91632	483.10297	1778.04187	296.16608	608.20593	1790.35779	14.04961	129.81454	1756.90894	348.76358	189.81342	1691.44080	
127	1.260	42.73495	1701.54968	1604.12964	-95.56740	1445.62659	1664.48206	-97.02950	1600.34412	1619.67932	81.65449	1492.93982	1761.11865	-230.06371	1132.32654	1629.17688	227.60690	1487.55835	1637.77002										393.19550	1214.56055	1768.83179	-294.37180	979.51587	1501.57861	334.37299	1097.98450	1582.25134	60.16889	1062.02063	1666.42664				106.10971	1023.41064	1942.02490	-9.22051	483.95654	1776.67725	292.84552	608.18427	1789.54224	15.09407	129.67317	1758.47400	352.41202	195.11952	1679.36426	
128	1.270	42.77963	1701.19861	1601.86462	-95.70801	1445.51306	1663.93286	-97.11742	1600.08447	1617.79224	82.23866	1492.41040	1758.05652	-230.26830	1132.25049	1628.36938	227.53062	1486.85425	1635.47693										393.88394	1214.59009	1766.92700	-294.78925	979.12463	1500.14172	334.00464	1097.41150	1580.23804	60.34222	1061.79175	1664.74023				107.18112	1023.83398	1940.59265	-6.81048	483.35852	1775.22925	290.68219	608.22894	1790.75916	15.94680	129.82520	1760.82166	355.95587	202.68962	1668.91431	
129	1.280	82.65569	1492.83875	1755.44214	-95.28407	1445.26697	1661.61121	-96.92214	1599.68237	1616.17883	42.26434	1700.75757	1598.87305	-230.19049	1132.43176	1626.08557	228.27884	1486.59167	1632.66016										394.52496	1215.26233	1764.04163	-295.75568	979.29840	1498.84973	334.24179	1096.67261	1578.37830	60.88060	1061.95361	1664.02881				108.44006	1023.31610	1938.93665	-5.05733	483.38907	1774.39685	288.36563	608.33759	1790.28943	17.01829	129.51744	1762.76636	356.29340	207.47479	1659.24854	
130	1.290	41.85849	1700.41663	1595.71692	-95.06212	1444.86584	1659.48438	-97.09373	1599.08667	1614.05530	82.65179	1492.95618	1754.40381	-230.43155	1132.66125	1624.69983	228.63821	1486.68860	1630.45667										393.58102	1214.25391	1761.53455	-296.18225	978.82178	1497.41296	333.76114	1096.46765	1576.40576	61.64362	1062.06628	1663.02844				109.69884	1023.45807	1937.30737	-2.42954	484.12292	1773.09167	286.66479	609.14685	1790.64734	17.86225	129.75078	1763.15955	356.97226	212.53056	1651.29333	
131	1.300	41.68805	1700.31445	1594.21777	-94.94062	1444.44922	1657.77661	-96.89148	1598.29846	1610.98499	83.60171	1492.69055	1751.89844	-230.60199	1132.56897	1624.06116	228.59593	1486.67554	1627.63867										394.45587	1214.80127	1758.51636	-296.52542	978.94818	1495.41541	333.89508	1095.86243	1575.08728	62.42813	1062.24121	1661.99585				110.46710	1023.89343	1936.31104	-0.81314	483.72940	1773.44958	286.35892	609.46472	1790.34680	19.10427	129.36566	1763.64441	355.93143	217.69005	1643.24146	
132	1.310	84.13913	1492.29626	1750.15491	-94.82249	1443.85742	1656.29846	-97.27001	1597.46570	1608.87610	41.56020	1699.77100	1591.11731	-231.00237	1132.79590	1622.85193	228.89481	1486.48853	1625.43518										395.79868	1214.75049	1755.76550	-297.14218	978.89301	1494.42175	333.41251	1095.15491	1572.40759	63.23478	1062.39722	1660.93555				111.99882	1024.10864	1934.28979	0.62894	483.95734	1771.76355	286.26941	609.95807	1789.65625	19.98439	128.90456	1764.42505	354.83377	221.35283	1636.38513	
133	1.320	41.01534	1699.36914	1588.52686	-94.26980	1443.03601	1654.44800	-97.22623	1597.35938	1607.56165	84.66626	1492.50305	1748.18201	-230.93991	1132.96460	1620.49219	228.91232	1486.24866	1623.44250										396.19556	1214.82263	1754.42859	-297.94547	979.18445	1493.78564	333.55908	1094.94690	1571.55273	63.81726	1062.48169	1660.17175				112.93842	1024.21716	1932.96680	2.62047	484.49103	1770.80164	285.41425	609.16254	1789.33301	21.01547	128.55544	1764.30212	353.64594	225.19862	1628.11621	
134	1.330	40.74891	1699.16943	1586.76685	-93.94059	1442.40100	1653.08679	-96.81846	1596.49475	1606.08508	84.73009	1492.92786	1746.70667	-231.23863	1133.06006	1618.65210	228.79343	1485.71887	1620.84473										397.40262	1214.88782	1752.16321	-298.90265	979.42743	1492.79480	333.13678	1094.27234	1568.85132							113.56335	1024.65820	1932.05920	4.81078	483.89612	1772.22180	285.29398	610.21820	1787.05811	21.63574	128.49045	1764.57178	352.00946	228.12006	1622.43481	
135	1.340	85.45293	1492.34106	1744.52905	-93.34460	1442.10876	1651.51599	-96.79488	1596.34021	1605.18628	40.72641	1698.78076	1585.20154	-231.49336	1133.02979	1617.98218	229.20589	1485.61963	1618.45569										398.17114	1215.02905	1749.45996	-299.61850	979.25348	1491.85095	333.34564	1093.93604	1567.40454							115.41541	1023.96552	1929.58179	4.74431	484.47714	1770.02136	285.58240	610.17688	1785.10181	22.25524	128.18433	1765.12708	351.40091	231.32826	1616.87891	
136	1.350	40.69874	1697.85681	1582.64685	-93.40108	1442.02795	1651.30579	-96.92007	1595.74084	1603.99634	86.52466	1491.65344	1741.68982	-231.48412	1133.03101	1616.79224	229.98126	1485.97156	1616.49365										398.63184	1215.40894	1748.05884	-300.58725	979.31995	1491.52197	333.71442	1093.48340	1566.27600	65.74910	1060.30029	1656.85864				116.07050	1024.22180	1928.82983	5.32684	484.78766	1767.87451	287.01608	608.86603	1781.82117	22.88590	127.73057	1764.44470	349.88394	233.45865	1611.83838	
137	1.360	40.46847	1697.38440	1580.32727	-92.78819	1441.72388	1649.80688	-97.23168	1595.37817	1602.81580	86.33937	1491.47412	1740.81580	-231.63655	1132.83582	1616.12244	230.09175	1485.80505	1614.87549										397.95236	1215.64612	1747.32690	-301.01108	978.74799	1490.13708	333.24911	1093.36523	1564.59424	66.19682	1060.11096	1656.28943				117.59727	1023.61755	1927.02161	6.17568	484.94452	1767.17151	288.98071	610.03589	1779.22510	23.41566	127.73255	1764.37427	349.76303	235.37740	1607.96582	
138	1.370	86.87505	1490.94556	1738.96997	-92.29137	1440.90479	1648.76794	-97.05524	1594.62732	1600.70593	40.22709	1697.07776	1578.30334	-231.84308	1132.78650	1614.74878	229.91431	1485.18066	1612.91748										399.63138	1215.87085	1744.20569	-301.45313	978.12988	1488.70129	333.55972	1093.07703	1562.94531	66.93980	1060.04028	1655.32788				118.70506	1023.88550	1926.04321	6.46316	484.86737	1767.19336	291.79108	608.52350	1775.19214	25.38348	128.37099	1763.55090	349.34402	236.63284	1603.66846	
139	1.380	40.16322	1696.99231	1577.16846	-91.33878	1440.10449	1646.82678	-97.35485	1594.19202	1599.59631	87.25620	1490.87500	1737.53345	-232.19839	1132.71313	1613.66187	230.49509	1485.12109	1610.68933										400.51218	1216.02222	1741.92188	-301.97632	977.38196	1487.00842	333.93268	1093.27039	1562.05151	67.53774	1060.06262	1654.54858				120.50930	1023.98322	1925.07996	6.92264	484.78076	1766.71667	293.95874	609.87030	1772.26526	26.25797	128.57065	1763.84094	349.39929	236.67728	1600.46887	
140	1.390	40.41945	1696.59509	1575.48645	-91.16167	1439.79980	1646.29858	-96.75127	1593.29858	1597.39343	88.06731	1490.41992	1735.77808	-232.23845	1132.84875	1610.89868	230.44383	1485.07825	1609.87390										401.38089	1215.83826	1740.28479	-302.45004	976.71783	1485.47034	334.11819	1093.23596	1560.39307	67.91642	1059.91516	1652.59412				122.29539	1024.54590	1924.65613	7.09606	484.43152	1766.27173	296.76627	608.67950	1769.93713	26.41032	128.29182	1762.75513	349.35776	236.60422	1597.53040	
141	1.400	88.50948	1490.54224	1734.65027	-90.87855	1439.23865	1645.68884	-96.88502	1593.03320	1596.91919	40.30965	1695.97986	1573.68433	-232.48180	1132.54651	1609.72839	230.77731	1484.69641	1608.20154										401.84244	1216.03906	1739.55066	-303.09058	976.51392	1484.34827	334.21286	1092.59155	1559.83911							124.07895	1025.06177	1923.83728	7.93909	485.38828	1764.66272	300.19592	608.18768	1766.40479	26.34872	128.56999	1762.43250	349.73483	235.38461	1594.41687	
142	1.410	40.18294	1695.50684	1571.73010	-90.15681	1438.39819	1644.30676	-96.52220	1591.92480	1595.86865	89.14093	1490.75244	1733.04089	-232.42471	1132.21362	1608.72693	231.41945	1485.00891	1606.46021										402.22168	1216.65198	1737.73792	-303.51682	975.95502	1482.94971	334.31229	1092.46460	1558.47668							125.69416	1024.63098	1922.39172	7.82852	485.42847	1764.52112	304.73413	608.69720	1765.31006	26.48484	128.60596	1762.35950	350.82642	233.54591	1592.80493	
143	1.420	39.84071	1695.12671	1570.18457	-89.49123	1437.91931	1642.94202	-96.43449	1591.67322	1595.03687	89.01809	1490.94751	1732.71228	-232.04515	1132.13489	1607.15430	231.79889	1485.32275	1604.94861										403.01608	1216.93286	1736.40173	-304.17068	975.72675	1481.78772	335.03461	1092.25854	1557.04407	69.29127	1058.32202	1650.28406				127.61419	1023.82507	1920.75989	7.13478	484.99948	1765.15710	308.27994	606.55695	1761.89795	26.63280	128.59521	1762.34082	350.44266	230.59921	1591.04028	
144	1.430	89.64605	1490.68799	1730.80701	-89.01167	1437.54956	1641.89038	-96.29280	1591.21033	1594.24048	39.63305	1694.93542	1568.59509	-231.62434	1132.15649	1605.15112	231.87952	1485.18408	1603.17639										404.20792	1216.93738	1736.60754	-304.64728	975.02789	1480.25366	335.50500	1091.80237	1556.40100	69.55476	1058.24927	1649.94653				129.11012	1024.36804	1920.07556	5.68340	484.28836	1764.66431	311.14206	607.51886	1759.00208	26.21483	128.79893	1762.15430	351.72925	227.80370	1590.12952	
145	1.440	39.49415	1694.77246	1567.96997	-88.55481	1436.80066	1640.86755	-96.17571	1590.81995	1593.53198	90.72079	1490.11633	1728.12720	-231.41805	1132.32922	1604.01086	232.59047	1484.89307	1600.82813										405.23672	1217.22278	1734.91296	-305.11603	974.32721	1478.75000	335.67505	1091.65466	1554.82153	69.85433	1058.25488	1649.55676				131.56064	1024.45361	1919.52161	5.38497	484.28357	1764.71387	315.78903	605.01367	1755.10999	26.06570	129.67059	1762.56567	352.30402	224.00258	1589.90393	
146	1.450	40.07443	1694.52979	1565.48450	-88.16009	1436.31580	1639.86780	-95.97739	1590.36340	1592.41296				-231.16156	1132.60913	1602.08752	232.28044	1484.82275	1599.24597										405.61566	1217.92883	1731.32349	-305.48569	973.75952	1477.57019	336.01923	1091.71326	1554.07654	70.19359	1058.13062	1649.12402				133.38918	1025.39917	1919.36487	5.06468	484.31580	1764.75439	318.79575	605.64587	1752.52136	25.88945	129.89455	1762.29431	352.84085	219.92055	1590.17944	
147	1.460	90.89731	1490.09985	1725.96008	-87.48635	1435.58472	1638.38831	-95.86687	1590.10999	1591.03406	39.79237	1694.16687	1564.22119	-230.98560	1132.51355	1601.47009	232.37596	1484.45850	1596.84497										406.17938	1218.22900	1731.03784	-305.75540	973.38855	1476.69226	336.30112	1091.88989	1553.21057	70.80556	1057.60083	1649.51978				134.81764	1025.46936	1918.32703	4.55846	484.42148	1765.40503	323.61319	605.99133	1750.35889	25.62812	130.24971	1761.87878	353.64832	215.81601	1590.33521	
148	1.470	91.15510	1490.28088	1724.32471	-87.08656	1435.18689	1637.13574	-95.68463	1589.42969	1589.13538	40.00685	1693.90344	1561.78052	-230.71918	1132.49731	1600.32788	232.51390	1485.01733	1595.81702										407.29047	1218.72534	1730.40332	-305.96536	973.05908	1476.02502	336.09515	1091.69885	1551.96436	71.51173	1057.87988	1648.58240				136.21164	1026.20251	1917.50671	3.94544	484.87305	1765.24377	326.56717	606.08673	1747.95386	25.37008	130.55090	1761.49890	353.21384	211.54697	1592.43738	
149	1.480	91.43741	1490.03870	1722.91150	-86.79093	1434.39844	1636.22144	-95.96137	1589.09570	1588.08411	39.69473	1693.53418	1560.37292	-230.14230	1132.22400	1598.59607	233.10599	1484.91113	1593.50098										408.25964	1219.31067	1728.49878	-306.26624	972.61298	1475.05847	336.51614	1091.77356	1551.04053	72.15269	1057.98071	1647.74194				138.41782	1026.29761	1916.58521	3.52925	484.92215	1765.25854	331.00208	606.28625	1745.87512	25.03953	131.04895	1760.88525	352.74481	206.72653	1594.61670	
150	1.490	92.15607	1489.50000	1720.74280	-86.48882	1433.58472	1635.05896	-95.57208	1588.13525	1585.96216	39.83614	1692.74854	1558.43091	-229.66386	1132.18433	1596.96948	233.48972	1484.72681	1591.68225										408.88776	1219.50183	1726.44592	-306.57220	972.17188	1474.07056	337.14502	1091.77307	1550.63672	72.95664	1058.32849	1646.67273				139.56323	1027.06812	1916.87097	2.76016	484.70001	1765.95056	335.79593	607.59027	1742.44226	24.91991	131.13567	1760.71704	351.87411	202.24631	1598.62122	
151	1.500	93.13444	1489.13501	1718.42114	-85.98388	1432.36804	1633.30957	-95.60253	1587.80688	1584.65442	39.63908	1692.48828	1557.54858	-229.29150	1132.12598	1594.96790	233.31119	1484.27148	1590.21838										409.45432	1219.88977	1725.74695	-306.87598	971.70239	1473.10217	338.03491	1091.97998	1549.23328	73.45071	1058.34888	1646.02869				140.91187	1027.31641	1916.77881	1.97004	484.48172	1766.57593	338.81647	607.61285	1742.99146	24.57177	131.50319	1760.26111	350.49734	197.68585	1602.16357	
152	1.510	93.00680	1489.06653	1717.79382	-86.13911	1431.99036	1632.77527	-95.77343	1587.52673	1584.02686	39.91671	1691.89087	1556.08997	-229.09761	1131.90942	1594.49292	233.17104	1484.21289	1588.36694										410.33078	1220.61987	1722.76501	-307.00363	970.74780	1471.75916	338.72116	1091.84241	1548.46765	74.02451	1057.60938	1646.48755				142.28717	1027.86975	1915.56006	1.58759	484.52502	1766.60376	341.49557	608.14215	1740.27820	24.46921	131.57449	1760.11890	348.96902	194.16335	1605.71448	
153	1.520	93.18591	1488.79688	1716.57959	-85.51693	1431.04395	1630.80859	-95.64427	1587.03699	1583.17834	40.00745	1691.06409	1554.47107	-228.50336	1131.42554	1593.72717	233.50391	1484.09448	1587.06738										411.43231	1221.10193	1721.67932	-307.24365	970.33405	1471.01062	339.56888	1092.00317	1547.03821	74.60846	1057.69556	1645.72180				142.79796	1028.49634	1915.26733	-0.08070	485.18344	1767.87219	343.79840	608.59381	1738.13416	24.37178	131.63834	1759.98633	347.57770	191.29694	1610.01782	
154	1.530	93.51422	1488.90857	1715.26453	-85.32994	1430.16089	1629.63855	-95.52870	1586.69653	1582.44153	39.74426	1690.70227	1553.29443	-228.03795	1131.25305	1592.85779	233.95992	1483.99731	1585.57153										412.25644	1221.33264	1720.95422	-307.50275	969.85229	1470.21655	339.98254	1091.47327	1545.55286							143.73953	1029.01062	1914.46179	-0.98924	485.18414	1770.55261	345.90009	609.73120	1736.11060	23.97839	131.95795	1759.60254	346.48672	189.17618	1615.10278	
155	1.540	93.52471	1488.73584	1714.14893	-85.11655	1429.08508	1628.61414	-95.25426	1586.13281	1581.33936	39.43670	1690.24036	1551.92920	-227.70801	1131.10498	1591.94458	233.46164	1483.23755	1583.72937										412.82892	1221.88220	1718.00720	-307.71304	969.47510	1469.56665	340.58847	1091.42163	1544.67871	76.26601	1056.33582	1643.02966				144.62439	1029.41211	1913.76062	-1.31502	485.05609	1770.72473	347.10559	610.47058	1734.12854	23.91403	132.00107	1759.51428	345.03009	187.46461	1619.97351	
156	1.550	93.91351	1488.36548	1712.44995	-84.75590	1428.36401	1626.95215	-95.11614	1585.70776	1580.30225	39.26992	1689.67297	1550.35034	-227.29994	1131.01770	1590.06616	234.05319	1483.54932	1582.44556										413.71567	1222.22778	1716.99756	-307.70197	968.71997	1468.67017	341.40930	1090.90430	1543.75391	77.45929	1055.49829	1644.00012				145.36304	1029.67188	1913.77234	-1.28323	485.32065	1770.57666	348.56076	611.56537	1732.13464	23.87664	132.02884	1759.46130	343.49545	186.85814	1625.81873	
157	1.560	94.43761	1488.16174	1710.16174	-84.65006	1428.17834	1625.98865	-94.89166	1584.73218	1578.60315	39.25710	1689.23767	1548.83203	-226.66928	1130.72986	1588.71106	234.29643	1483.41199	1580.07019										414.58615	1222.46594	1715.70569	-307.91812	968.34247	1467.99792	342.00589	1090.64746	1542.66089	77.93702	1055.47534	1643.38000				146.16054	1029.97876	1913.70496	-1.25455	485.25787	1770.92114	349.53558	612.13086	1729.27625	24.05900	132.69040	1759.91699	342.56512	186.02979	1632.49585	
158	1.570	94.57978	1487.83301	1708.40039	-84.54729	1427.75879	1625.39282	-94.95554	1584.27429	1577.09351	39.45449	1688.63831	1546.94226	-226.26277	1130.33533	1587.59851	234.02666	1483.01917	1578.33276										415.43503	1222.81836	1714.80127	-308.04889	968.10577	1467.59436	342.98480	1090.70728	1540.99622	78.50263	1055.52026	1642.64075				146.76895	1030.74780	1913.88403	-0.93577	485.49609	1771.01697	349.85043	612.65436	1727.80334	24.04740	132.80437	1759.74255	341.01144	185.15848	1637.38257	
159	1.580	94.83062	1487.75684	1706.59302	-83.59203	1426.68628	1623.48694	-95.03371	1583.71948	1575.72095	39.28965	1688.10730	1546.14648	-226.08658	1130.09363	1586.86646	233.99542	1482.84058	1576.66467										416.10229	1223.33154	1712.95276	-308.22922	967.79016	1467.03381	343.73639	1090.80298	1540.20679	78.84908	1055.35291	1642.20117				148.50710	1030.53723	1912.77979	-0.75651	485.57013	1771.13208	351.37802	613.57538	1725.72412	23.67479	133.26047	1759.24207	340.46658	184.24667	1643.18750	
160	1.590	94.67283	1487.60022	1705.83362	-83.39491	1426.51318	1622.74756	-95.33237	1583.29138	1574.60120	38.88538	1687.58252	1545.30957	-225.96768	1130.11304	1585.24756	233.69626	1482.33203	1575.09314										416.87155	1223.39697	1712.08850	-307.65894	966.81104	1464.90698	344.11005	1090.91357	1539.44385	79.49531	1054.31006	1643.89746				149.17456	1030.94080	1913.04517	-0.17072	486.15616	1771.61121	352.49945	614.17480	1723.81177	23.65642	133.27167	1759.21753	339.86230	183.24171	1649.09924	
161	1.600	94.55782	1487.45313	1705.28979	-82.97261	1425.93286	1621.71216	-95.52451	1582.68298	1573.70630	38.61962	1687.16357	1544.13367	-225.76273	1129.96094	1584.17615	234.20326	1482.31726	1573.43042										417.58258	1223.61340	1710.81482	-307.59470	966.27991	1463.62073	344.67303	1090.89880	1538.26721	79.96841	1054.21558	1643.28760				149.74106	1031.74719	1912.91968	0.28193	486.17722	1771.72449	353.16888	614.54462	1723.02490	23.65700	133.27629	1759.21509	339.31616	183.07936	1656.18506	
162	1.610	95.15602	1487.47864	1703.78186	-82.75536	1425.63220	1620.90894	-95.24109	1581.54846	1572.24829	38.48072	1686.49792	1542.46301	-225.49962	1129.62439	1583.53369	234.43114	1482.38794	1572.27917										418.08020	1223.91187	1709.09912	-307.31674	965.35876	1461.84509	345.82181	1090.34753	1537.19385	80.49322	1054.22681	1642.60315				150.37422	1031.93823	1912.50793	1.05010	486.61581	1772.43420	354.47934	614.81415	1723.40039	23.68189	133.26909	1759.24316	339.02377	181.48672	1660.96277	
163	1.620	95.26379	1487.45154	1703.12830	-82.54080	1424.92993	1620.40930	-95.47423	1581.05774	1571.89746	37.98244	1686.10486	1541.56555	-224.90947	1129.43835	1581.43640	234.46831	1481.82312	1570.59387										418.58777	1224.50183	1707.25208	-307.38275	964.94318	1460.46912	346.98334	1089.71545	1536.28613							151.37120	1031.67017	1911.70093	3.01248	485.57584	1773.59290	356.05179	614.71735	1724.10486	23.72552	133.25293	1759.29443	339.07947	179.94302	1665.48230	
164	1.630	95.84173	1486.79553	1701.33752	-82.63909	1424.71777	1620.05872	-95.51630	1580.19434	1571.18335	37.89996	1685.18079	1540.10913	-224.58968	1129.35669	1580.34705	234.15909	1481.49963	1568.90979										419.32697	1224.80298	1706.57935	-307.07550	963.93005	1458.84546	347.81519	1089.63953	1535.71533							152.05809	1031.92822	1911.27820	3.85493	485.55353	1773.55347	356.66971	614.41193	1725.35278	24.13545	132.79781	1759.82947	339.73282	178.81712	1671.76074	
165	1.640	96.13348	1486.40027	1699.96436	-82.41924	1424.03455	1619.57458	-95.68349	1579.80444	1570.60193	37.75472	1684.98975	1539.45654	-224.34467	1129.52490	1579.04065	234.75604	1480.87781	1568.90759										419.99673	1224.84753	1705.62073	-307.24521	963.71619	1458.28296	348.40741	1089.68005	1534.98596							152.85329	1032.42090	1911.00049	4.80728	485.97964	1773.29297	356.72614	613.50372	1726.26599	24.18789	132.67636	1760.04700	339.25180	177.76492	1674.64209	
166	1.650	96.19376	1486.67749	1698.81812	-82.48005	1423.88220	1619.36450	-95.67759	1579.17664	1569.32776	37.27311	1684.88904	1538.80811	-224.08035	1129.36218	1578.43726	234.36063	1480.16248	1566.66772										420.30624	1225.11499	1704.33838	-307.07693	966.26477	1464.82019	348.92563	1089.53882	1534.27124	83.01667	1053.35815	1638.74963				153.69583	1032.90515	1911.23254	6.36437	485.97797	1774.37756	358.35199	612.38940	1729.57629	24.25183	132.66162	1760.11646	340.10071	176.75641	1680.50098	
167	1.660	96.29664	1486.68335	1697.66797	-81.74954	1423.01135	1617.76050	-96.02075	1578.33337	1568.40173	37.02269	1684.58508	1537.67700	-223.79297	1129.39001	1577.69104	234.20071	1479.95251	1565.85840										420.73688	1225.29126	1703.10742	-307.07297	966.23547	1464.07434	349.21014	1089.20557	1533.06030							154.95665	1033.05066	1910.31616	8.38135	485.85794	1775.26831	357.51904	612.09760	1734.34131	24.34220	132.64534	1760.21179	340.58664	176.13229	1684.35754	
168	1.670	96.59222	1486.75537	1696.33899	-81.51087	1422.83691	1616.98584	-95.89328	1577.56165	1566.66272	36.74173	1684.23865	1536.40930	-223.44482	1129.20972	1577.52466	234.65450	1479.97815	1565.26294										420.96442	1225.46045	1702.28845	-306.82318	966.31433	1463.29858	350.15796	1088.67993	1532.80627	83.85748	1052.70691	1640.32092				155.79498	1033.56018	1910.46533	9.32435	486.11609	1774.66870	358.01129	610.99384	1737.29517	24.60357	132.53104	1760.40979	341.08090	175.99472	1688.52698	
169	1.680	96.58898	1486.80811	1695.72144	-80.83234	1422.37524	1615.20911	-96.18107	1577.19202	1565.56848	36.41830	1683.78308	1534.96436	-222.71275	1129.32300	1575.98560	234.38118	1479.28662	1563.47400										421.46704	1225.60840	1701.15222	-306.52710	966.48444	1462.26355	350.48819	1088.59155	1532.37170	84.10372	1052.83765	1639.99121				156.53430	1033.82715	1910.48120	11.70475	485.42392	1775.79626	358.50595	609.97504	1740.06946	24.91011	132.44696	1760.57837	340.76346	175.64471	1689.72473	
170	1.690	96.43905	1486.95178	1695.26685	-80.74566	1422.43140	1614.59705	-96.34167	1576.62732	1564.50562	36.18451	1683.50476	1533.90698	-222.13539	1128.96448	1575.91748	234.84262	1479.67920	1563.16394										421.59192	1225.80078	1700.25403	-306.30429	966.80487	1461.56982	351.33752	1088.68274	1531.32239	84.71153	1052.86938	1639.19690				157.03766	1034.25537	1910.40100	13.09211	485.09708	1775.72644	358.45926	610.16193	1743.53650	25.16869	132.45514	1760.65442	340.27100	175.39915	1691.23218	
171	1.700	96.79347	1486.83154	1694.22314	-80.60191	1422.09302	1614.08276	-96.20422	1575.99866	1563.41675	35.72859	1683.33557	1533.36902	-221.41907	1128.83508	1575.11731	234.75674	1479.46655	1562.60706										421.76492	1225.96826	1699.55103	-306.32935	967.53766	1461.24902	351.86639	1088.38806	1531.14380	85.63083	1052.14819	1640.51428				157.62114	1034.92456	1909.93494	15.54333	486.30820	1774.17590	359.03665	609.68805	1747.52161	25.74111	132.54230	1760.37256	339.71982	176.10706	1692.99622	
172	1.710	97.10207	1486.73315	1693.44690	-80.62317	1422.08875	1613.99280	-96.09755	1575.65210	1562.86914	35.87761	1683.15417	1532.51501	-222.68307	1128.65723	1574.85913	235.57581	1479.75195	1561.93030										422.09134	1226.21985	1698.93555	-306.04941	967.76172	1460.67517	352.26447	1088.21423	1530.66211	86.24854	1052.34058	1639.69580				158.30702	1035.14880	1909.22449	16.78493	486.40146	1775.06580	359.29364	609.32477	1750.05591	26.25591	134.01245	1761.92102	339.98190	176.24458	1693.88843	
173	1.720	97.35819	1486.83240	1692.61169	-80.65323	1422.09668	1613.86072	-95.94437	1575.46924	1562.17529	35.73312	1683.01843	1531.85229	-220.88354	1128.76233	1575.04944	235.86119	1479.69299	1560.79041										422.49359	1226.51978	1698.10925	-305.50711	968.07385	1460.33362	352.61319	1087.91235	1530.21472	86.82534	1052.43970	1638.93689				159.17538	1035.17468	1907.89746	18.00444	486.58844	1774.58093	360.30286	609.40930	1755.37708	27.25204	133.29053	1761.17566	340.23950	176.80214	1694.73010	
174	1.730	97.80946	1486.55298	1691.63989	-80.68812	1422.10742	1613.70703	-95.80816	1575.20813	1561.60352	35.39122	1683.42700	1530.98987	-220.72751	1128.82825	1574.54138	235.68869	1479.59033	1560.06555										423.02563	1226.88562	1696.86877	-305.30740	968.22559	1459.95190	353.00861	1087.77612	1529.69702	87.30809	1052.61780	1638.29529				159.44577	1035.58301	1907.47424	19.46781	486.82263	1774.50330	360.09900	609.86145	1758.01770	27.45713	133.67531	1762.39343	340.54272	177.19984	1695.85706	
175	1.740	98.20993	1486.29297	1690.77283	-80.02840	1422.33411	1612.20190	-95.85577	1575.15796	1561.41882	35.70608	1683.16357	1529.41626	-220.48764	1128.85742	1574.19165	236.52577	1480.08484	1559.83374										423.42935	1226.84998	1696.43994	-304.88525	968.45050	1459.65259	353.21924	1087.92615	1529.26221	87.94080	1051.79419	1639.99304				159.68787	1035.69971	1907.25354	21.62437	487.12827	1775.63794	360.87555	609.72144	1761.58716	28.78875	133.49916	1761.51086	341.38208	177.19890	1696.93958	
176	1.750	98.27075	1486.46753	1690.45337	-80.03616	1422.38062	1612.15283	-95.66940	1575.30786	1560.63318	35.69409	1683.11157	1528.40491	-220.32260	1128.85034	1574.31873	235.97313	1480.32080	1558.69226										423.57501	1227.17993	1695.65527	-304.41229	968.59406	1459.43762	353.27203	1087.98291	1528.93115	88.33208	1051.97095	1639.47046				159.87027	1035.81592	1907.01807	23.11348	487.56516	1774.46545	361.36655	610.01599	1764.06604	28.91200	133.48329	1761.63684	341.71420	177.67148	1696.95569	
177	1.760	98.40950	1486.57764	1690.02173	-79.70190	1422.31702	1611.55237	-95.72964	1575.26270	1560.39380	35.80955	1683.41516	1527.08765	-220.14590	1128.84937	1574.51807	236.21693	1480.62927	1557.87427										423.82684	1227.12988	1695.38037	-304.37018	969.25116	1459.07849	353.69479	1088.22131	1528.08899	88.48168	1052.03931	1639.27063				160.11948	1036.04907	1906.52563	24.82950	487.38599	1776.20947	362.62198	609.72668	1766.11499	29.72757	133.87852	1762.53210	342.16519	178.69644	1697.52234	
178	1.770	98.79603	1486.92175	1689.08240	-79.17331	1422.10217	1610.65576	-95.41352	1575.32495	1559.24561	35.68367	1683.30542	1526.50720	-219.58585	1128.74670	1574.20190	236.18610	1480.62854	1557.23523										424.08057	1227.24487	1694.86780	-304.17728	969.65265	1459.16467	353.90988	1088.27429	1527.77820	88.83208	1052.12439	1638.80762				160.17146	1036.25964	1906.39771	26.44066	487.33182	1776.42529	363.74942	610.11432	1768.53027	29.86711	133.88544	1762.65869	342.63705	178.98247	1697.71899	
179	1.780	98.99583	1487.23474	1688.63513	-78.54810	1421.79822	1609.55139	-95.40797	1575.50989	1558.94812	35.59112	1683.26965	1526.06873	-219.32932	1128.53735	1574.68079	236.17189	1480.65417	1556.19348										424.20096	1227.21521	1694.64355	-304.06860	969.96649	1459.05627	354.13162	1088.48865	1527.48901	89.16320	1052.14417	1638.37439				160.55551	1036.48560	1905.51416	28.73361	488.10266	1775.77490	364.21805	610.24939	1769.33533	30.19717	133.99327	1762.63501	343.37344	179.79012	1699.27356	
180	1.790	99.07404	1487.44312	1688.38831	-78.51817	1421.88708	1609.65112	-95.26552	1575.55811	1558.40442	35.51991	1683.27295	1525.72351	-218.93547	1128.44446	1574.82605	236.15405	1480.71191	1556.15552										424.40396	1227.33008	1694.23730	-303.97748	970.07794	1459.21887	354.30212	1088.61414	1527.44153	89.68755	1052.40051	1637.67273				160.73351	1036.54590	1905.26184	31.10764	487.15302	1777.24280	365.17157	610.48846	1771.17944	31.13703	133.66455	1762.44128	343.78470	180.33051	1700.11218	
181	1.800	99.08101	1487.52600	1688.40063	-78.49670	1421.95544	1609.72107	-94.76444	1575.26807	1557.44995	35.99543	1682.99548	1524.53906	-218.39604	1128.16870	1575.10559	236.62779	1480.83972	1555.47656										424.53232	1227.43921	1694.27686	-303.87747	970.26678	1459.50317	354.64343	1088.83850	1527.20483							161.37167	1036.27039	1904.29419	32.62105	486.80704	1779.01245	365.75363	610.40802	1771.45813	31.44206	133.59851	1762.61047	344.79504	180.83044	1701.69189	
182	1.810	99.73342	1487.24878	1687.31311	-78.20064	1422.03564	1609.24512	-94.69612	1575.50671	1557.24634	36.20922	1683.28833	1523.90784	-217.94490	1128.09216	1575.20532	237.11897	1481.10620	1555.00562										424.70383	1227.46094	1693.88379	-303.89444	970.60138	1459.71313	354.90579	1089.16895	1526.28943							161.81551	1036.37036	1903.52661	32.60809	487.72897	1776.42517	366.63855	610.44385	1771.92383	32.55953	133.57611	1762.30396	345.41946	181.35258	1701.34753	
183	1.820	99.75281	1487.32898	1687.39026	-77.87160	1422.20837	1609.00903	-94.46672	1575.61633	1556.93555	36.57145	1683.42114	1523.04419	-217.73837	1128.10339	1575.55017	237.62201	1481.52832	1554.56787										424.85028	1227.34119	1693.54419	-303.63895	970.95111	1459.90234	355.03030	1089.28235	1526.00024							162.24757	1036.42065	1902.98096	33.98538	487.78238	1776.50781	368.18958	610.63287	1772.77161	32.66100	133.56848	1762.40417	345.90854	181.59425	1701.13953	
184	1.830	100.52719	1487.27698	1686.21716	-77.61729	1422.06274	1608.81909	-94.19943	1575.81506	1556.62061	36.91634	1683.61389	1522.40149	-217.45090	1128.00415	1575.65967	237.88989	1481.82312	1554.56287										425.08261	1227.49878	1693.11047	-303.49915	971.26080	1460.11841	355.26535	1089.57495	1525.47302							162.50334	1036.55286	1902.78223	34.63240	487.55759	1776.93628	369.21198	611.62903	1771.66870	32.87985	133.38083	1762.66870	346.17276	181.79413	1701.04419	
185	1.840	101.23170	1487.10010	1685.39514	-77.56573	1422.16638	1609.00757	-93.46995	1575.97498	1555.47046	37.08723	1683.76465	1522.11292	-217.27826	1127.93958	1575.74939	238.42296	1481.85156	1554.12708										425.34555	1227.77722	1692.38416	-303.10782	971.59528	1460.12537	355.26022	1089.58447	1524.83630							162.91237	1036.67505	1902.27454	35.66422	488.48172	1775.61450	369.85669	611.70715	1772.07642	33.16330	133.20505	1762.92151	346.63126	181.59221	1700.95959	
186	1.850	101.29939	1487.25916	1685.69958	-77.37137	1422.50220	1608.89148	-93.21589	1576.03357	1555.19617	37.08905	1683.86926	1522.09521	-217.02559	1127.86914	1575.83716	238.93724	1481.78992	1553.52612										425.72116	1227.81702	1691.61548	-303.08200	972.29242	1460.45850	355.82419	1090.05969	1524.40918							163.30196	1036.74634	1901.67432	36.11571	488.71219	1774.91345	370.93365	611.54657	1772.18091	33.24553	133.16693	1763.02332	347.37393	181.67577	1702.44800	
187	1.860	101.37995	1487.44763	1686.06226	-77.02711	1422.86658	1608.58459	-93.15394	1576.23083	1555.39746	37.44790	1684.06152	1521.42004	-216.54451	1127.37366	1576.82605	240.08664	1481.41345	1553.92859										425.94800	1227.84363	1691.61682	-302.76471	972.95325	1461.11597	355.79965	1089.75146	1523.81458							163.53729	1036.79541	1901.36169	36.21481	488.58960	1773.90125	371.80978	610.74976	1772.13257	33.42031	133.15895	1763.05359	348.07178	181.26897	1702.91028	
188	1.870	101.91054	1487.62170	1685.65125	-76.50169	1422.95691	1607.86084	-93.07861	1576.46619	1555.64368	38.08847	1684.17297	1520.34485	-216.28979	1127.12915	1577.60742	239.91351	1481.55835	1553.63513										426.60556	1227.76855	1691.46680	-302.36044	973.67426	1461.89600	355.97418	1090.00720	1523.51196							164.10304	1036.67969	1900.51038	36.11031	488.62793	1773.74451	371.92325	611.40057	1773.17566	33.48683	133.12589	1763.13745	348.49149	181.29443	1703.91248	
189	1.880	102.65434	1487.55603	1685.25635	-76.01292	1423.40356	1606.98376	-92.57724	1576.81946	1554.85632	38.38630	1684.84448	1519.81018	-215.79541	1126.79675	1578.34998	239.86459	1481.46741	1553.35229										426.81799	1227.82166	1691.02991	-301.80911	974.85486	1462.52136	355.78461	1090.23792	1522.51660							165.10484	1036.44080	1899.12097	35.26051	487.70706	1774.15039	372.74841	610.79059	1772.86743	33.78568	132.79430	1763.52393	348.53424	180.99039	1704.49658	
190	1.890	102.93189	1487.82300	1685.36731	-75.24249	1423.47058	1605.79346	-92.06311	1576.76941	1554.32678	38.42228	1685.00635	1519.94385	-215.31076	1125.94250	1580.82886	240.39650	1481.79382	1553.21985										427.29507	1227.80872	1690.75562	-301.80463	974.44403	1456.84741	356.14636	1090.17761	1522.17358							165.24580	1036.75574	1898.92090	34.74007	487.85059	1773.58752	373.20193	610.95117	1772.26672	33.82571	132.77759	1763.57227	348.75516	180.55353	1705.65381	
191	1.900	103.00943	1488.01440	1685.71460	-75.18359	1423.69470	1605.97412	-91.76110	1577.44983	1554.00012	38.45111	1685.11108	1520.05737	-214.52242	1125.19763	1581.56165	240.31459	1481.84448	1552.99573										427.53979	1227.72681	1690.44592	-300.86847	975.63104	1457.43567	356.33344	1090.33057	1521.51428							165.66602	1036.88513	1898.20203	33.62437	487.46188	1773.67102	373.60184	610.61945	1771.39978	33.86845	132.75710	1763.62561	348.90268	180.33920	1705.79749	
192	1.910	103.39655	1488.21301	1685.52185	-75.12701	1423.86938	1606.16150	-91.42741	1577.53113	1553.72815	39.21414	1684.99060	1518.93286	-213.89497	1124.58630	1582.89807	240.73532	1482.18616	1552.66235										427.90884	1227.67773	1689.91418	-300.03677	977.27423	1459.97375	356.36212	1090.57959	1521.29089							165.86024	1036.76611	1898.02271	32.60653	487.25800	1772.84363	374.12527	610.87628	1770.42371	33.88181	132.74435	1763.64636	348.75479	179.79326	1706.36377	
193	1.920	104.44482	1488.27197	1684.06665	-74.60655	1423.72009	1605.37891	-91.33721	1577.75403	1554.04199	39.68483	1685.34399	1518.22388	-212.95334	1123.74609	1585.17493													428.12405	1227.59351	1689.43506	-299.12045	979.27435	1461.35889	356.34769	1090.29907	1520.79956							166.07076	1036.75623	1897.75012	31.76104	487.40076	1772.25574	374.31696	610.86285	1768.77747	33.87874	132.74768	1763.64136	348.64334	179.59811	1706.33557	
194	1.930	104.51563	1488.44031	1684.38647	-74.31509	1423.80603	1605.01880	-90.54209	1577.75342	1552.83557	40.01940	1685.45630	1518.21619	-212.11375	1122.98120	1588.10669	243.05159	1482.59338	1552.83325										428.27023	1227.61816	1689.02661	-298.29205	981.46136	1462.05957	356.54114	1090.42163	1520.14441							166.26758	1037.03467	1897.13525	30.80337	487.61221	1771.40186	374.31116	611.23560	1764.96411	33.86258	132.74078	1763.63062	348.59854	178.88039	1706.79443	
195	1.940	105.32864	1488.53162	1683.34607	-74.02787	1423.58435	1604.84363	-90.46223	1577.87878	1553.13550	40.44776	1685.63562	1518.14734	-211.37271	1122.55908	1589.20874	242.94167	1482.53406	1552.37427										428.46924	1227.43994	1688.84631	-297.60678	982.87354	1464.12952	356.77472	1090.58252	1519.24500							166.61171	1037.01270	1896.51758	29.71463	487.87451	1770.28992	375.28564	611.16486	1763.94897	33.84248	132.74826	1763.60693	348.47418	178.75766	1706.82166	
196	1.950	105.49960	1488.85901	1683.55249	-73.94299	1423.68225	1605.17969	-89.67619	1578.12500	1552.09448	40.50552	1686.06750	1518.67517	-210.57393	1121.76257	1593.13196	243.13780	1482.79236	1552.36401										428.66214	1227.31323	1688.43787	-296.30353	984.77911	1465.34570	356.96426	1090.60583	1518.92163							167.04283	1036.69653	1895.88440	28.81671	487.97827	1768.51880	376.15836	611.41547	1762.70276	33.81792	132.74522	1763.58582	348.46710	178.62811	1706.74731	
197	1.960	105.58861	1489.05981	1683.95813	-73.71186	1423.50659	1605.47461	-89.56479	1578.57153	1552.71143				-209.76038	1121.83667	1595.41687	243.51299	1482.91809	1551.87451										428.83920	1227.25342	1688.12268	-295.46939	986.71680	1466.60449	356.76987	1090.68726	1518.45850							167.03133	1036.71399	1895.81165	27.72071	486.70184	1768.15002	376.76385	611.77991	1760.46777	33.79254	132.74922	1763.55933	348.20200	178.49208	1705.89502	
198	1.970	106.09303	1489.13892	1683.61768	-73.30463	1423.52039	1605.27930	-89.40685	1578.79089	1553.31384				-209.24530	1122.24060	1596.73413	243.14667	1483.15015	1550.77441										429.18506	1227.14917	1687.71582	-295.05188	988.54358	1468.03894	356.56674	1090.93689	1517.97693							167.24930	1036.51990	1895.41370	26.03088	485.95602	1769.23535	377.46326	611.90546	1758.54053	33.75190	132.73842	1763.52820	348.02274	178.45113	1705.83337	
199	1.980	106.65646	1489.35278	1683.22498	-72.52643	1423.28992	1604.48389	-88.33890	1578.55505	1552.09167				-208.55632	1122.35681	1600.59705	243.32147	1483.27295	1550.37927										429.39304	1227.07922	1686.97180	-294.04926	989.54114	1468.59521	356.33920	1091.31299	1517.56128							167.60532	1036.34143	1894.73865	24.97009	486.02853	1767.50110	378.08890	611.83704	1757.40576	33.72443	132.72865	1763.50867	347.96216	178.31699	1705.80066	
200	1.990	107.67293	1489.10986	1682.34692	-72.10404	1423.26453	1604.46057	-88.09690	1578.84729	1552.31116				-208.05850	1122.81445	1602.56104	243.40176	1483.35669	1550.17468										429.87201	1227.12390	1686.61182	-293.27338	990.83093	1469.93530	356.69897	1091.21191	1517.62915							167.82675	1036.21118	1894.34961	23.68644	486.43243	1765.88489	378.81763	611.71918	1755.88281	33.70347	132.72012	1763.49451	347.43387	178.14351	1705.42688	
201	2.000	108.03003	1489.27405	1682.62329	-71.91738	1423.58789	1605.16589	-87.57800	1578.83948	1551.83472				-208.10402	1122.76697	1605.63513	244.19727	1483.40576	1549.97583										430.11920	1227.08630	1686.17505	-292.52872	992.56165	1470.27698	356.68036	1091.55762	1517.22583							168.02405	1036.14844	1893.98828	23.09971	486.31860	1765.78247	379.27914	611.83246	1755.02173	33.69604	132.57729	1763.62952	347.47266	177.81013	1705.67505	
202	2.010	108.23560	1489.23877	1682.97607	-71.13511	1424.00757	1604.91052	-87.49287	1578.96997	1552.15662				-208.03432	1122.93616	1607.54871	244.59128	1483.40381	1549.02185										430.58356	1227.16125	1685.70642	-292.81036	994.79987	1472.47900	356.90317	1091.25952	1517.09875							168.24992	1036.43262	1893.40503	22.40464	485.92599	1765.56213	379.43506	611.53406	1753.76294	33.68088	132.56235	1763.62488	347.48584	177.51251	1704.58289	
203	2.020	109.37688	1488.97961	1681.57227	-70.89138	1424.42554	1605.83362	-87.15010	1578.94519	1552.15991				-208.11195	1123.20215	1609.10168	245.83705	1483.65051	1548.71191										430.96954	1227.36755	1685.01355	-292.84872	995.85034	1473.86829	357.26215	1091.37830	1516.26855							168.45139	1036.28699	1893.20251	21.64903	485.86627	1764.57910	379.56528	611.77826	1752.91345	33.66161	132.54568	1763.61755	347.58551	177.01064	1704.12854	
204	2.030	109.49732	1489.20435	1682.13818	-70.72142	1424.73022	1606.47302	-86.74889	1579.13123	1551.89380				-208.15912	1123.65918	1609.94897	246.05794	1483.65454	1548.32385										431.40002	1227.26563	1684.03992	-292.40469	996.99738	1473.84631	357.10727	1091.33301	1515.57117							168.66606	1036.28760	1892.94788	20.52652	485.83234	1763.79529	379.47018	611.68915	1751.63306	33.53594	132.38498	1763.81311	347.70737	177.05475	1703.64038	
205	2.040	109.80570	1489.46631	1682.41406	-70.37176	1425.40674	1606.53564	-86.31927	1579.07300	1551.54114				-208.10291	1123.90308	1611.66516	246.38081	1483.80713	1547.90686										431.74899	1227.28601	1682.89966	-292.08585	999.46057	1473.68250	357.30615	1091.51953	1515.01514							169.09177	1036.42981	1892.33948	20.12043	485.79922	1763.74414	379.40933	611.52100	1751.58765	33.51629	132.37215	1763.80298	347.83154	176.95837	1703.42358	
206	2.050	110.98249	1489.18262	1681.20520	-70.04409	1425.32690	1606.72888	-85.89403	1578.91223	1551.25793				-207.93990	1123.77625	1613.60706	246.52676	1483.59143	1547.90527										432.25125	1227.21350	1682.34851	-292.03342	1000.63409	1474.66357	357.62640	1091.25146	1515.03027							169.32240	1036.38220	1892.25037	18.27449	485.24698	1764.32910	379.02213	611.39459	1750.75366	33.50992	131.55595	1763.29272	348.10461	176.47234	1703.03589	
207	2.060	111.49264	1489.24854	1681.17859	-69.93524	1425.56250	1607.12537	-85.37334	1578.91589	1550.66650				-207.76913	1123.96057	1614.45386	246.57379	1483.59021	1547.39771										432.81390	1226.81128	1681.75281	-291.91156	1002.05835	1475.81262	357.75122	1091.53784	1514.17114							169.76118	1036.43042	1891.84741	17.41578	485.43079	1763.80017	378.50363	611.34113	1749.90686	33.50613	131.54944	1763.29333	348.29419	176.37170	1702.81641	
208	2.070	111.62189	1489.50476	1681.78381	-69.42317	1425.87036	1606.53381	-85.29353	1579.04517	1550.96704				-207.56728	1123.88135	1615.62634	246.65268	1483.56458	1547.17944										433.40634	1226.78516	1681.41333	-291.36063	1004.89795	1475.42676	357.66312	1091.43225	1513.56006							170.64488	1036.32373	1890.55310	16.82549	485.74365	1762.94006	377.99570	611.09711	1748.99146	32.98143	131.55560	1763.85657	348.42831	176.15204	1701.47864	
209	2.080	112.22218	1489.97986	1681.35706	-68.50502	1425.95544	1604.80078	-85.06140	1579.16882	1550.77563				-207.49701	1123.81213	1616.70508	247.18875	1483.37305	1546.35962										433.60693	1226.66992	1681.13037	-291.31793	1007.31952	1477.73792	357.93146	1091.58240	1512.81287							171.27472	1035.95483	1889.90442	16.42789	485.84152	1762.76184	377.67886	610.96387	1749.20447	32.86986	131.70554	1763.66980	348.62784	176.07393	1701.26489	
210	2.090	112.49603	1490.26526	1681.53723	-68.48057	1426.07422	1604.86829	-85.01000	1579.26294	1550.96594				-207.01056	1123.84949	1617.37573	247.71642	1483.60352	1546.10828										434.01755	1226.64050	1680.74500	-290.59558	1010.97491	1478.80676	358.08475	1091.68530	1512.54504							171.73294	1036.29980	1889.62708	15.45903	486.23001	1761.41797	377.52368	610.99976	1749.23889	33.35300	131.70915	1763.06140	348.81851	175.94476	1701.02673	
211	2.100	112.65978	1490.58667	1681.70471	-68.46423	1426.17639	1604.90576	-84.44054	1579.03113	1550.27234				-204.59357	1123.35950	1615.67566	248.68123	1483.77856	1546.18652										434.52512	1226.53870	1680.20398	-289.98633	1014.25647	1480.08521	358.26767	1091.65540	1512.28735							172.18524	1036.44617	1889.54211	14.96385	486.08838	1761.14014	377.53006	610.60205	1748.82056	33.33766	131.71645	1763.04224	349.02936	175.95995	1699.77625	
212	2.110	113.19074	1490.46729	1681.35571	-68.13684	1426.15149	1604.41895	-84.39093	1579.15161	1550.44739				-203.63885	1122.55164	1618.08337	248.87260	1483.94287	1546.25220										434.89377	1226.49353	1679.91553	-288.59753	1017.07959	1480.96533	358.37875	1091.69690	1511.98340							172.84830	1036.62000	1889.05188	14.04488	486.34985	1760.96887	377.16879	610.73816	1748.50305	32.61115	131.90466	1763.41687	349.22061	175.90927	1699.58618	
213	2.120	113.44199	1490.57996	1681.20056	-67.53214	1425.99976	1603.33923	-83.82755	1579.34570	1549.57935				-202.81432	1121.64612	1619.83655	249.04506	1483.99548	1546.03845										435.47177	1226.38367	1679.45715	-287.51367	1020.89783	1483.53064	358.66837	1091.79224	1511.53357							173.42763	1036.65588	1889.04443	13.94538	486.37003	1760.96558	376.79514	611.02313	1748.55579	33.09729	131.91203	1762.80896	349.61658	175.71481	1699.65881	
214	2.130	114.46117	1490.37952	1679.79529	-67.04361	1425.88745	1602.54077	-83.56668	1579.25903	1549.32397				-201.12305	1120.70239	1622.81226	249.48734	1484.09119	1545.93311										435.91678	1226.36926	1679.17029	-286.57236	1025.18188	1485.52368	358.92575	1091.91052	1510.74683							174.13812	1036.70886	1888.60730	13.73715	486.36209	1761.08704	376.72284	610.62775	1748.37781	33.05938	131.94670	1762.75098	349.80014	175.67766	1699.70544	
215	2.140	114.94825	1490.40662	1679.29651	-67.04121	1426.57886	1602.63940	-83.15501	1579.36414	1548.69446				-199.41119	1120.18250	1623.81750	249.93141	1484.32971	1545.75708										436.20734	1226.40527	1678.97437	-284.64172	1028.07556	1487.01172	359.12076	1091.93750	1510.67334							174.71371	1036.88940	1888.33850	13.29744	486.60840	1762.18396	376.57330	611.09460	1748.59326	33.02927	131.97493	1762.70459	350.24725	176.13504	1699.99170	
216	2.150	115.21335	1490.33972	1679.38269	-66.85291	1426.91968	1602.48218	-82.78647	1579.59778	1548.22327				-197.79251	1119.58887	1626.82544	250.16071	1483.49036	1545.63403										436.40646	1226.37671	1678.87585	-283.69220	1032.47156	1490.29626	359.34775	1092.07153	1510.34229							175.16104	1037.22986	1888.09668	13.23138	486.68457	1762.23120	375.66971	611.39063	1747.75806	32.89533	132.41631	1762.16284	350.33658	176.15523	1699.93005	
217	2.160	115.27988	1490.51550	1679.68396	-66.78951	1427.12793	1602.69080	-82.62273	1579.48376	1548.27014				-195.98459	1119.61829	1629.27209	250.61726	1483.52771	1545.20679										436.80841	1226.33887	1678.63599	-281.94125	1036.40112	1491.86487	359.60995	1092.23816	1509.75671							175.42064	1037.56519	1887.97168	13.03693	486.67938	1762.77429	375.17072	611.26703	1747.19324	32.93205	133.09669	1762.77417	350.37454	176.02969	1699.82080	
218	2.170	116.28493	1490.23206	1678.27197	-66.73536	1427.30798	1602.86841	-82.20200	1579.17493	1547.78625				-193.81677	1119.64905	1633.82703	251.40248	1483.46631	1545.07727										436.94391	1226.32434	1678.57141	-280.17807	1039.67578	1494.32312	359.70956	1092.25110	1509.74780							175.87553	1037.42346	1887.69519	13.05756	486.73569	1762.83447	374.95346	611.13818	1747.48218	32.89542	133.14331	1762.70972	350.77963	176.05231	1699.71667	
219	2.180	116.24107	1490.58154	1678.55603	-66.34175	1427.35889	1602.60144	-81.95871	1579.30042	1547.55444				-192.02405	1119.99927	1636.34644	251.94038	1483.38501	1544.99719										437.08173	1226.29028	1678.27380	-279.13107	1044.02686	1497.96216	359.94107	1092.30933	1509.61597							176.06932	1037.46338	1887.53418	13.47053	486.75381	1763.65540	374.48444	611.28296	1746.84583	32.68874	133.30687	1762.53687	350.63638	175.89256	1700.03394	
220	2.190	116.50406	1490.79370	1678.61023	-65.88844	1427.76587	1602.08960	-81.56785	1579.43213	1546.95044				-189.60468	1120.48596	1639.62854	252.38008	1483.35986	1544.41870										437.24387	1226.18726	1677.92053	-277.32379	1047.01697	1500.74866	359.78983	1092.37170	1509.55640							176.56400	1037.69446	1886.91772	14.12190	486.64481	1764.60352	374.35593	611.16388	1746.89294	32.51255	133.49590	1762.31165	351.01505	175.49023	1700.21948	
221	2.200	117.69602	1490.57581	1677.45007	-65.23127	1427.87085	1601.39246	-81.23792	1579.77014	1546.47827				-187.77812	1121.26538	1644.00061	252.33934	1482.86987	1543.66138										437.35425	1226.13098	1677.74683	-275.54089	1051.31384	1503.02319	359.56570	1092.20776	1508.90210							177.20506	1037.49194	1886.16394	14.81802	487.05762	1766.23621	374.42523	611.18060	1746.83875	32.50337	133.51662	1762.28967	351.07077	175.32814	1700.39661	
222	2.210	118.20504	1490.72571	1677.39404	-65.00898	1428.37122	1601.60913	-80.98548	1579.90784	1546.24255				-185.40477	1122.51721	1646.89355	253.29265	1482.82983	1542.91211										437.34106	1225.91199	1677.38391	-274.15222	1054.66003	1506.42126	359.92972	1091.66833	1509.08472							177.50119	1037.58752	1885.96277	15.29130	487.03415	1766.65845	374.42139	611.26715	1746.89478	32.48838	133.53928	1762.26099	351.03781	175.25742	1700.38025	
223	2.220	118.82392	1491.27747	1677.04114	-64.59406	1428.42554	1601.86255	-80.69424	1579.88000	1546.00037				-183.28644	1123.45935	1650.18469	253.67635	1482.87183	1542.86218										437.51205	1225.74475	1677.04419	-272.59586	1058.59717	1509.83826	359.42365	1090.74194	1508.17651							177.94884	1037.39136	1885.63245	15.58370	487.06955	1766.89038	374.47202	611.30353	1746.64063	32.48511	133.55791	1762.24585	351.26816	175.05150	1701.28748	
224	2.230	119.10829	1491.58374	1677.27417	-64.37083	1428.78223	1602.72437	-80.30695	1580.06201	1545.61780				-180.86113	1124.61462	1654.21924	253.48230	1482.84106	1542.27014										437.67484	1225.45618	1676.67505	-270.64630	1060.97583	1512.20605	359.52676	1090.07996	1508.07178							178.36929	1037.48132	1885.18604	16.13300	487.19559	1767.56165	372.74173	609.72485	1747.51636	32.47963	133.57211	1762.23157	351.36136	175.00060	1701.17847	
225	2.240	119.80637	1491.71863	1677.12756	-64.16924	1429.09875	1603.50439	-79.80267	1580.25818	1545.28027				-178.87207	1126.07166	1656.32532	253.37201	1482.74231	1541.75500										437.91895	1225.07971	1675.81458	-269.23901	1064.84521	1515.50488	359.75986	1089.61975	1508.01611							178.58398	1037.65845	1885.10901	16.51543	487.19766	1767.62158	372.89255	609.04962	1746.79578	32.47784	133.58231	1762.22327	351.39844	174.93997	1701.11011	
226	2.250	120.37094	1491.79810	1676.91101	-63.71160	1429.41333	1603.76880	-79.23787	1580.21558	1545.07776				-176.64157	1127.24927	1659.62195	253.60429	1483.01782	1541.36572										438.28531	1224.66003	1675.17456	-267.53564	1067.42383	1518.04309	359.69110	1089.55176	1507.55066							178.83034	1037.74048	1884.91614	17.14316	487.47409	1767.03162	373.22977	609.07251	1746.56396	32.47656	133.58430	1762.22083	351.69708	174.76775	1701.20032	
227	2.260	121.98825	1491.33704	1675.25195	-63.28497	1430.18677	1604.20947	-78.65361	1580.40381	1544.90442				-174.50940	1128.48975	1662.57910	254.60735	1483.05066	1541.15759										438.60007	1224.33167	1674.70239	-265.30173	1069.68140	1519.33508	359.70453	1089.28650	1507.29419							179.09216	1037.76636	1884.75635	18.92747	487.26093	1768.25891	375.07950	610.50049	1745.93408	32.48040	133.58073	1762.22668	351.77310	174.78304	1701.14661	
228	2.270	122.33665	1491.47192	1675.78101	-63.07806	1430.51953	1605.00818	-78.47552	1580.67554	1545.58704				-172.81755	1129.66382	1664.28027	255.98224	1483.34875	1541.13928										438.85464	1223.97974	1673.96265	-263.61185	1071.83594	1522.34290	359.86740	1088.88391	1507.20435							179.92676	1037.52124	1883.68762	19.56446	487.37823	1768.64905	375.56445	610.45215	1745.45483	32.48736	133.56761	1762.24170	352.10629	174.25977	1700.93848	
229	2.280	122.51294	1491.86401	1676.61035	-62.31481	1430.74609	1604.20947	-78.17847	1581.35730	1546.12781				-170.80951	1130.68774	1667.69763	256.87509	1483.58313	1540.81091										439.30710	1223.72131	1673.19397	-262.37048	1074.35632	1525.85144	359.23431	1088.55872	1506.11108							180.22908	1037.74780	1883.23474	20.05756	487.63266	1768.06677	376.15256	610.19220	1744.77795	32.31544	133.60265	1762.23022	352.14600	174.14366	1700.83362	
230	2.290	123.33610	1492.29895	1676.10303	-62.25192	1430.91760	1604.42932	-77.29205	1581.36096	1545.64270				-168.92307	1131.83203	1669.47302	256.81125	1483.22205	1540.12878										439.77811	1223.35474	1671.99304	-260.72986	1076.76465	1528.71741	359.16028	1088.10388	1506.29993							180.88075	1037.53870	1882.37524	20.53141	487.89603	1767.26367	376.96359	609.81970	1745.00171	32.49528	133.54642	1762.26282	352.19119	174.12236	1700.78296	
231	2.300	124.13432	1492.24597	1675.63098	-62.03268	1431.44751	1604.24292	-76.96427	1581.76160	1546.14905				-167.11038	1132.79565	1672.80579	256.69250	1482.91663	1539.32153										440.15033	1223.12488	1671.20361	-259.11526	1079.46667	1531.70679	359.05759	1087.57642	1504.75281							180.83745	1037.84216	1882.40100	21.34301	487.69916	1766.20129	377.68164	609.88867	1744.44092	32.05184	133.46588	1762.69873	352.34787	174.13472	1700.66052	
232	2.310	124.89664	1491.99976	1674.96521	-61.73919	1431.80762	1604.11938	-76.24377	1581.92029	1545.54895				-165.64641	1134.04553	1675.08704	256.77484	1482.85046	1539.53125										440.37134	1222.93994	1670.56995	-256.63556	1080.81921	1533.48425	358.91040	1087.03040	1504.44910	101.44810	1058.62219	1613.45703				181.26575	1037.99792	1881.69714	23.06878	487.89075	1765.05737	378.71176	609.67072	1745.21179	31.83217	133.40895	1762.80151	352.44684	174.05679	1700.53003	
233	2.320	125.05494	1492.26013	1675.13184	-61.37981	1432.04285	1603.91345	-75.67039	1581.97205	1545.31897				-163.59587	1135.02673	1678.31873	256.64990	1482.74597	1538.95483										440.58655	1222.69238	1669.57227	-254.66077	1082.43372	1535.73755	358.67639	1086.83411	1504.32849							181.66219	1037.82642	1881.19250	23.77160	488.07468	1764.34375	378.90076	609.68921	1745.24329	31.85222	133.40303	1762.82410	352.57178	174.12427	1700.20789	
234	2.330	125.73973	1492.39551	1674.57312	-61.13777	1432.49097	1603.90869	-75.51893	1582.34448	1545.85950				-162.15013	1136.22632	1679.66528	257.27307	1482.73303	1538.88770										440.79510	1222.30261	1668.85718	-252.82364	1084.19214	1539.42407	357.88281	1086.80042	1502.99780							181.72522	1038.08167	1881.05774	24.29827	487.36978	1763.95752	379.62723	609.76453	1744.38098	31.86654	133.38557	1762.84888	352.88052	174.35025	1699.62280	
235	2.340	126.02261	1492.67065	1674.84631	-60.75781	1432.76404	1603.58350	-75.15666	1583.14990	1545.85620				-160.22746	1137.42712	1682.89526	257.79315	1483.03613	1538.65991										440.82120	1221.90942	1668.09692	-250.85941	1085.73633	1541.81323	357.81802	1086.22693	1501.97644							181.87155	1038.28320	1880.57153	25.09513	487.23114	1763.57068	380.32645	609.71320	1744.25085	32.06166	133.31787	1762.90076	353.02579	174.31078	1699.47754	
236	2.350	126.39724	1492.87085	1674.97314	-60.42828	1433.05383	1603.32703	-74.55116	1583.57349	1545.30603				-158.61523	1138.72412	1684.21912	258.47348	1482.78760	1538.45337										441.15222	1221.39319	1667.23535	-248.59111	1087.44495	1544.28455	357.66858	1086.10999	1501.38110							182.04990	1038.22095	1880.08630	26.46772	487.63449	1760.42126	380.71606	609.83807	1743.62463	32.08069	133.30330	1762.92798	353.19568	174.35835	1699.36572	
237	2.360	127.08988	1492.73181	1674.69312	-60.38489	1434.25549	1603.27722	-74.22508	1583.99292	1545.43005				-156.76006	1139.76599	1687.33594	259.09381	1482.77637	1538.33276										441.30255	1220.99390	1666.30322	-246.76363	1089.32947	1546.84229	357.16797	1086.26819	1500.18213							182.59496	1037.86304	1878.99438	26.63907	487.43875	1759.88379	381.00388	609.74097	1743.44531	32.08472	133.29604	1762.93652	353.39627	174.37868	1699.21155	
238	2.370	127.99792	1493.17468	1674.04114	-60.32889	1434.42871	1603.46716	-74.10233	1584.98083	1545.99512				-154.89352	1141.19312	1689.37585	259.03046	1482.93445	1538.30664										441.35526	1220.70544	1665.26379	-245.06941	1091.50146	1550.22607	356.74118	1086.46655	1499.58447							182.53972	1037.79663	1878.69226	26.89288	487.46146	1759.74719	381.33948	609.49365	1743.26575	32.08585	133.30159	1762.93396	353.55542	174.36589	1699.07117	
239	2.380	128.34290	1493.29504	1674.29858	-60.09541	1434.66101	1603.36462	-73.48685	1585.21631	1545.89124				-152.97905	1142.36792	1692.39490	258.88043	1482.85730	1537.67383										441.48938	1220.47400	1664.31433	-242.45354	1092.50732	1552.11487	356.38251	1087.02783	1498.73450							182.69757	1037.50867	1877.95642	27.51523	487.80133	1758.84802	381.50903	609.54834	1743.10522	32.12473	133.40237	1762.80811	353.73602	174.32831	1699.12024	
240	2.390	128.90016	1493.63965	1673.80798	-60.00206	1434.85571	1603.71179	-73.09867	1585.69751	1545.85718				-151.23260	1143.51428	1695.65320	259.12350	1483.13574	1537.67249										441.46722	1220.40332	1663.87634	-240.21764	1093.79285	1554.34473	355.77280	1086.77112	1497.77258							182.61018	1037.36755	1877.49133	27.66634	487.88559	1758.71875	382.20264	609.70966	1742.53931	32.12064	133.42719	1762.78833	354.06088	174.54597	1698.51563	
241	2.400	129.19641	1493.73767	1673.82397	-60.02623	1435.28467	1604.13562	-72.65082	1586.33118	1545.85449				-149.67534	1144.70886	1698.14600	258.98407	1483.15466	1537.19873										441.41501	1220.17712	1663.39758	-238.44627	1096.09888	1558.83887	355.20749	1086.82910	1497.30835							182.86183	1036.96558	1876.25293	28.08233	488.19016	1757.89111	382.66922	609.71783	1743.27148	32.55375	133.50623	1762.34363	354.69269	174.49496	1698.14661	
242	2.410	129.43401	1493.65503	1673.82471	-59.98337	1436.09692	1604.51953	-72.43181	1586.76721	1546.23364				-147.22249	1145.88062	1701.57288	259.78021	1484.04651	1536.80237										441.02570	1220.95020	1664.38477	-235.24347	1098.10913	1559.55005	354.79599	1087.00488	1496.52234	100.95464	1060.06592	1611.98303				183.24545	1036.78638	1874.70264	28.10106	488.25842	1757.83374	382.76859	609.73761	1743.19873	32.54524	133.51489	1762.33008	354.88626	174.60333	1697.76477	
243	2.420	129.48965	1493.81567	1674.07983	-59.91215	1436.28760	1604.77039	-72.06682	1587.38599	1546.38245				-145.21826	1147.78381	1703.14807	260.09598	1484.12415	1536.55359										440.99136	1221.03772	1663.62976	-233.23761	1100.71594	1562.15735	354.42007	1087.78918	1495.11487	100.89551	1060.23657	1611.90442				183.19020	1036.65173	1873.69995	28.04684	488.30038	1757.76660	382.98734	609.74127	1743.07813	32.51513	133.54189	1762.28442	355.27252	173.83263	1696.82458	
244	2.430	129.55034	1493.96606	1674.36462	-59.27191	1436.62817	1603.83362	-71.74540	1588.16968	1546.59338				-143.11447	1149.14246	1705.78979	260.05206	1484.27698	1536.59009										441.13547	1219.85791	1661.50342	-231.56372	1103.01929	1566.29810	354.20523	1088.29248	1494.81470	100.64252	1060.30652	1611.64758				183.04271	1036.35461	1872.93408	27.78460	488.03729	1757.59802	383.08551	609.78156	1743.00879	32.49441	133.56305	1762.25122	355.41473	173.88367	1696.73779	
245	2.440	130.28116	1494.21533	1673.41003	-59.13884	1437.11084	1603.84106	-71.47951	1589.00952	1546.89990				-140.93446	1150.67554	1707.59216	259.95798	1484.54822	1536.73303										441.02844	1219.86926	1661.00256	-229.09990	1105.37341	1568.18115	353.75549	1088.43225	1494.27441	100.39228	1061.12512	1610.67249				182.97791	1036.42578	1872.18701	27.57891	488.04489	1757.50989	383.21072	609.75873	1742.90479	32.09562	133.72783	1762.07410	355.71774	174.20782	1697.09863	
246	2.450	130.28220	1494.67786	1673.91248	-59.04467	1437.75134	1604.20557	-71.01244	1589.51013	1546.54968				-139.29527	1152.29224	1710.97876	260.26892	1484.57874	1536.31152										440.84225	1219.77332	1660.52344	-226.40498	1107.67566	1569.47571	353.21362	1089.22485	1493.75061							183.02359	1036.34692	1871.60779	27.32726	488.03357	1757.43213	383.77194	609.79480	1743.07556	31.61641	133.67555	1762.45801	355.84534	174.23088	1697.00671	
247	2.460	130.55771	1494.96545	1674.01746	-58.89596	1438.53027	1604.29529	-70.63805	1589.88867	1546.62354				-136.70226	1153.27393	1713.76758	260.28247	1485.01025	1536.02246										440.54279	1219.85962	1659.90271	-225.11105	1110.26917	1573.27466	353.20062	1089.53296	1491.87549	99.77029	1062.34741	1609.07373				183.04286	1036.58325	1870.76538	26.43207	488.60931	1756.47339	383.98416	609.84528	1742.80859	31.37831	133.75952	1762.33838	355.99997	174.06880	1697.10266	
248	2.470	130.64879	1495.20337	1674.44238	-59.25885	1439.73694	1605.47412	-70.62460	1591.23621	1546.72913				-134.90147	1155.32629	1716.08813	260.25284	1485.11206	1536.04529										440.33566	1219.81616	1659.25464	-223.10103	1113.76746	1575.31531	352.52069	1090.50513	1490.87659	99.17251	1062.55774	1608.46179				182.95233	1036.42566	1870.28589	25.87617	488.99014	1755.94421	384.08984	609.79486	1742.68420	30.93821	133.88622	1762.21045	356.49042	173.70313	1698.15027	
249	2.480	130.80002	1495.63281	1674.74158	-59.15791	1440.01111	1605.82898	-70.50925	1591.63098	1546.86780				-133.44019	1156.79553	1719.48181	260.76587	1485.44739	1536.02466										440.06552	1219.78870	1658.61011	-220.71468	1115.52356	1576.63855	352.31094	1091.36768	1490.51428	98.45242	1062.97253	1607.70544				182.81332	1036.42554	1868.96985	25.60968	489.00690	1755.85144	383.93927	609.74335	1741.88770	30.87916	133.89105	1762.15186	356.89471	173.34492	1698.34106	
250	2.490	131.13794	1495.93115	1674.71460	-59.11614	1440.44617	1606.05554	-70.12663	1592.51392	1546.33728				-131.36179	1158.55457	1719.71228	260.61237	1485.65027	1535.73193										439.92749	1219.73743	1658.27673	-218.91576	1119.47131	1578.59290	352.63779	1091.71594	1489.25684	97.65604	1063.33936	1606.87976				182.50977	1035.75769	1867.41223	25.16796	489.04346	1755.21094	384.00919	609.28534	1741.10449	30.18192	134.07304	1762.56921	357.01309	173.38002	1698.26416	
251	2.500	131.24048	1496.22131	1674.67847	-59.55188	1441.09656	1607.39221	-69.94437	1593.26721	1546.80017				-130.57881	1159.95813	1728.29688	260.30768	1485.86621	1535.32727										439.77951	1219.66602	1657.78442	-217.37410	1122.75513	1580.42932	351.96530	1092.73413	1488.29041	96.64983	1063.90112	1605.82495				181.96584	1035.26758	1865.96497	24.40600	489.13361	1754.07117	383.86880	609.28418	1740.19885	30.11994	134.06192	1762.51819	357.04489	173.35829	1698.22424	
252	2.510	131.73145	1496.40686	1674.07556	-59.35074	1442.24670	1607.16199	-69.86963	1595.00110	1547.05737				-129.00383	1161.77563	1725.79407	260.84235	1486.30713	1535.68286										439.60834	1219.65186	1657.47168	-216.25909	1126.32605	1583.37830	351.82919	1093.34131	1487.50916	95.82535	1064.28564	1604.96960				181.77927	1035.07202	1864.37329	24.11796	489.14160	1753.96423	383.78879	609.19440	1739.88428	29.91025	134.04446	1762.49390	357.18942	173.42857	1698.14734	
253	2.520	132.03519	1496.46204	1673.98230	-59.90091	1443.47229	1608.42847	-69.80550	1596.06165	1547.58826				-127.71681	1163.77625	1732.46838	260.76855	1486.91809	1535.65881										439.27826	1219.44873	1657.32495	-214.87108	1130.17468	1584.49890	352.04425	1094.31470	1486.01746	95.03058	1064.78308	1604.13000				181.74516	1035.13501	1863.42236	23.25546	489.03839	1753.36438	383.71817	608.99884	1738.79126	29.80803	133.95169	1762.56042	357.28461	173.46982	1698.09351	
254	2.530	131.77887	1497.09692	1674.64966	-59.78839	1443.91016	1608.77954	-69.35400	1597.15784	1547.81274				-126.26198	1165.12964	1733.69507	260.64764	1487.23438	1535.76318										439.06430	1219.46533	1657.16260	-214.11705	1134.39832	1585.72559	351.41299	1095.97363	1484.45239	94.19374	1065.71875	1601.76074				181.49913	1035.39063	1862.60352	22.21771	489.69266	1752.53418	383.84406	609.02606	1738.63538	29.61668	134.07774	1762.37000	357.47577	173.43552	1698.13599	
255	2.540	131.83151	1497.22278	1674.89868	-59.89024	1444.87122	1609.22925	-69.14089	1598.43958	1548.54468				-125.63586	1166.47754	1736.34448	260.64764	1487.23438	1535.76318										438.75269	1219.33289	1657.08142	-213.49678	1138.59082	1587.57874	351.75250	1097.29553	1483.01172	93.28983	1066.20630	1599.39441				180.91278	1035.61023	1860.98157	21.07934	488.89215	1753.02380	382.37332	607.92358	1738.69531	29.39287	134.17325	1762.21924	357.53662	173.50105	1698.12573	
256	2.550	132.39384	1497.40466	1674.42908	-60.24271	1445.80774	1610.24463	-68.99098	1600.19812	1549.47388				-125.43130	1167.00769	1734.73157	260.42526	1487.87231	1535.77405										438.22787	1219.30457	1656.65210	-214.00967	1142.90063	1589.43701	351.73456	1099.70569	1481.69238	92.21629	1066.66809	1599.70715				180.32712	1034.90540	1858.56946	20.30996	488.23941	1752.03821	381.88025	608.10846	1737.88940	29.33885	134.14766	1762.18494	357.91119	173.35820	1698.91992	
257	2.560	132.68040	1497.58923	1674.40942	-60.39056	1447.43945	1610.85498	-68.47797	1601.52747	1549.82166				-124.69035	1168.29065	1735.00708	260.34674	1487.95532	1535.59741										437.73813	1219.32886	1656.50073	-214.06996	1147.65637	1590.73230	351.65039	1101.52649	1479.25464	91.12336	1067.15796	1597.15613	219.32587	1063.37610	1579.21375	179.81242	1034.61670	1857.41345	19.60481	488.44473	1751.24182	380.71210	608.57397	1736.41357	28.93388	133.48618	1761.65552	357.52322	173.48439	1698.12659	
258	2.570	132.80106	1497.87671	1674.98132	-60.55111	1448.53662	1611.27515	-68.50544	1603.18042	1551.05762				-124.62504	1170.20166	1736.77673	260.24872	1488.08362	1535.54675										437.09448	1219.25757	1655.93616	-214.68883	1152.19653	1591.95215	352.64304	1104.33911	1476.64978	90.08273	1067.60901	1596.08167	218.45045	1063.64832	1578.36145	179.71472	1034.74268	1856.47327	18.58323	489.02878	1750.09216	380.14047	608.30920	1734.48242	28.88768	133.48386	1761.61365	357.53864	173.42813	1698.07898	
259	2.580	133.21182	1498.19495	1675.49854	-60.68392	1449.46802	1611.61743	-68.24812	1604.65442	1551.18408				-124.37464	1172.15308	1737.33594	259.94073	1488.49658	1535.84351										436.37628	1219.33643	1655.88196	-215.82388	1157.50281	1593.06104	354.10266	1106.88306	1474.82556	89.15727	1068.09070	1595.11646	217.18777	1064.63831	1574.70642	178.83015	1035.19971	1855.18262	16.60147	489.29126	1748.66931	379.48178	608.43182	1733.51978	28.54064	133.95479	1762.43530	357.51999	173.44632	1698.10571	
260	2.590	133.38289	1498.54919	1676.32446	-60.99053	1451.07275	1612.62170	-67.71165	1606.03149	1551.23657							260.35962	1489.02588	1535.85815										435.87469	1219.42651	1655.96948	-217.61716	1163.53784	1594.47485	355.04514	1110.12476	1472.12378	88.51730	1068.46973	1594.44360	216.01573	1064.68066	1573.14783	178.24583	1034.39331	1852.15393	15.85634	489.28769	1747.48999	379.51193	608.11426	1732.24329	28.78781	133.50301	1761.50745	357.41110	173.40208	1698.16919	
261	2.600	133.40727	1499.02454	1677.07690	-60.67601	1452.75452	1612.62988	-67.74301	1608.05713	1552.15747							260.33731	1489.34619	1536.18396							-125.70086	1176.56848	1738.18323	435.35132	1219.75659	1656.17371	-219.69565	1169.24915	1595.93274	356.95148	1114.09668	1468.96338	87.56388	1068.89319	1593.45801	214.84653	1065.24744	1569.17786	177.71071	1034.48047	1850.59949	14.93203	489.47052	1746.63879	377.80896	608.20721	1730.05640	28.24782	134.10660	1762.19189	357.35699	173.28873	1698.14404	
262	2.610	133.57828	1499.33643	1677.91370	-61.14715	1454.26770	1613.68958	-67.22135	1609.01294	1551.73730							260.25278	1490.13525	1536.87878							-126.21063	1177.79602	1737.82190	434.93533	1220.02490	1656.21191	-221.78761	1176.79944	1596.78821	358.67862	1117.41711	1465.35986	86.56978	1070.21289	1590.88135	214.26988	1065.38379	1568.62195	177.19460	1034.56238	1849.95215	13.42292	489.70264	1744.37842	376.79285	608.21973	1729.15320	27.41747	133.61612	1762.49963	357.25803	173.22479	1698.18689	
263	2.620	133.82260	1499.71399	1678.51636	-61.05906	1455.87939	1614.13550	-66.83926	1610.88184	1552.35681							260.41675	1490.57043	1536.82520							-126.93332	1180.30908	1737.54053	434.57672	1220.21484	1656.37793	-224.13826	1183.08801	1598.13843	360.29404	1121.84119	1462.61023	85.47531	1070.45691	1588.37646	213.55580	1065.61780	1567.92688	176.84773	1033.47058	1847.00623	12.36348	489.55511	1743.55212	375.33279	608.99005	1727.71265	27.70684	133.21213	1761.31616	357.16275	173.28175	1698.07861	
264	2.630	134.10457	1499.97327	1678.79968	-61.45630	1458.59949	1615.34351	-66.34461	1613.04541	1553.30847							260.90826	1491.27002	1537.59424							-127.83143	1181.94214	1736.01355	433.75772	1220.46643	1655.91748	-226.36545	1190.59534	1598.46069	362.01550	1126.60449	1459.59155	84.23156	1071.33459	1585.63171	212.47568	1066.12378	1566.85974	176.02579	1032.85474	1844.38452	11.24839	489.02640	1743.01123	374.55911	608.62848	1725.14026	26.95343	133.75572	1762.30920	357.04700	173.18549	1698.11536	
265	2.640	134.28764	1500.32336	1679.69153	-61.51960	1459.97791	1616.51990	-65.88744	1614.74756	1553.95483							260.31131	1491.92615	1537.90869							-130.45648	1184.30469	1735.10376	432.82648	1220.82446	1654.71313	-228.74213	1197.27795	1598.28345	364.29434	1130.95679	1455.72327	83.35571	1071.83813	1584.71387	211.42386	1066.63123	1565.81909	175.63635	1033.06091	1843.28613	8.96134	489.21246	1741.38538	374.07980	609.02216	1724.70679	27.03583	133.55872	1760.89844	356.77811	172.91463	1697.32813	
266	2.650	134.48624	1500.71021	1680.65710	-61.56392	1462.08289	1618.08435	-65.37650	1616.43567	1554.59277							259.72101	1492.77173	1538.81030							-132.04178	1187.67322	1734.98376	432.18323	1220.91846	1653.77905	-231.61118	1204.78625	1599.73047	366.21979	1135.23730	1452.18604	82.85817	1072.02100	1584.20483	210.28143	1067.08142	1564.69910	175.12854	1032.62683	1841.01355	8.02408	488.86685	1740.99170	371.80594	609.35364	1722.06470	26.75241	133.67789	1760.72961	356.69858	172.85313	1697.35632	
267	2.660	134.79082	1500.84143	1681.46704	-61.33758	1464.52307	1619.23999	-64.83722	1618.58801	1554.98022							260.05585	1493.46619	1539.40466							-134.40331	1188.78687	1732.18738	431.68069	1221.29773	1653.10352	-233.82419	1212.04541	1598.70361	368.72226	1139.70959	1448.20691	79.84120	1073.46375	1579.45618	209.41483	1069.01025	1562.23181	174.35435	1031.86707	1837.89612	6.31104	489.54114	1738.85242	371.62958	610.14661	1720.63965	26.64013	133.05779	1759.80090	356.32178	172.43002	1695.72107	
268	2.670	135.18022	1500.93262	1682.13879	-60.81638	1466.28247	1619.57080	-64.54063	1620.39587	1555.23169							259.92786	1493.93115	1539.90320							-136.63780	1191.84863	1731.95703	431.24094	1221.56494	1651.59033	-236.47188	1218.94116	1598.58032	370.55350	1144.24695	1444.44690	80.20582	1073.12195	1578.65784	208.56029	1069.44946	1559.98303	173.73285	1031.73450	1836.76416	4.79545	489.67395	1737.99463	369.28293	609.76825	1716.93689	26.56416	133.07233	1759.72021	355.95566	173.62036	1696.00220	
269	2.680	135.36530	1501.18567	1683.06824	-60.49860	1467.80859	1620.30359	-64.23374	1621.96008	1554.78784							259.46454	1496.12366	1540.49744							-139.68184	1193.77246	1729.41467	431.06516	1221.82153	1649.89001	-239.10738	1225.60388	1598.84229	373.02875	1148.75549	1441.40564	79.13421	1073.60986	1577.55127	207.50679	1070.61072	1557.45374	173.29762	1031.26563	1835.06702	3.13215	488.76370	1736.38599	368.12500	610.75012	1716.22681	26.44108	133.25284	1759.45728	355.91812	173.78276	1694.48889	
270	2.690	135.28902	1501.21838	1684.52014	-60.42297	1469.76501	1620.98828	-63.95677	1624.14722	1554.84485							259.02780	1496.93286	1540.65552							-142.55780	1195.41455	1727.69507	429.60953	1220.48096	1647.76135	-241.44543	1232.61548	1597.42615	375.68787	1152.81482	1437.54236	78.30959	1075.57324	1575.05457	206.43678	1071.19727	1556.38940	172.73671	1030.12830	1831.19104	1.65697	489.23236	1737.57629	368.08609	611.77637	1712.58447	26.20239	133.41273	1759.21301	355.85046	173.78716	1694.54797	
271	2.700	135.59645	1501.14880	1685.39209	-60.72099	1471.80798	1622.34851	-63.14413	1624.96582	1553.78027							258.98032	1497.56067	1541.66516							-145.16585	1198.10083	1726.09521	429.13364	1220.31714	1646.06555	-244.50078	1239.37585	1598.21289	377.56418	1157.20630	1434.08545	77.41742	1075.94177	1574.13806	205.50211	1072.65881	1553.93274	172.27676	1030.05811	1829.43909	0.45378	489.38681	1736.64026	366.78030	611.72253	1710.46606	26.08213	133.43654	1759.08484	356.15482	173.36537	1694.03174	
272	2.710	135.91101	1501.00989	1685.82825	-61.17663	1473.24744	1623.67566	-63.24025	1627.06787	1554.05859							258.84576	1498.37109	1542.47034							-148.48576	1199.39185	1723.40637	428.62576	1219.93604	1644.04578	-246.74800	1245.06018	1596.71558	380.23538	1161.75293	1430.19763	76.41824	1076.29126	1571.74158	204.39270	1073.40466	1552.81580	171.31914	1030.19714	1828.30139	-0.95540	489.56992	1735.70483	364.58664	611.55353	1705.54211	25.31727	133.10466	1758.74792	355.59158	173.58205	1693.23022	
273	2.720	79.22694	1392.52832	1376.48389				-62.41812	1628.55701	1552.63208				7.42262	1568.26172	1890.88623	258.47034	1499.09644	1542.76917							-151.75368	1201.66089	1721.25378	429.01157	1220.35522	1642.17334	-249.71634	1251.18860	1596.66846	382.45532	1165.67749	1426.13257	74.87474	1076.74878	1569.39172	203.55283	1074.03259	1551.96375	170.47525	1028.91650	1824.35754	-2.57303	488.86011	1734.83423	362.37991	611.34058	1701.46729	24.94039	133.44975	1758.24402	355.13336	173.86842	1692.87610	
274	2.730	79.19224	1393.78076	1378.64148				-62.60323	1630.29309	1552.60583				7.27709	1569.02759	1892.06921	258.07446	1499.65808	1544.04150							-154.63005	1203.75183	1719.62671	428.60342	1220.03503	1639.84644	-252.19313	1257.08105	1595.61389	384.27054	1169.63452	1422.82043	74.09021	1077.74634	1566.25940	202.77190	1075.11621	1549.00012	169.96446	1028.52515	1823.09924	-4.20661	488.43738	1734.80530	360.69272	611.22595	1700.15088	24.58653	133.74574	1757.79578	354.77869	173.73091	1691.51709	
275	2.740	79.18231	1394.66968	1380.97192				-61.91302	1631.19751	1550.97852				7.37068	1569.96362	1892.69922	258.14810	1499.91528	1544.48645										428.89279	1219.60620	1637.44519	-254.39265	1261.96753	1594.27625	386.52228	1173.51660	1419.77173	73.12384	1078.14807	1563.43274	202.22330	1076.18579	1546.25806	169.15715	1027.89941	1821.01660	-5.56717	488.72205	1733.72144	358.42188	611.13257	1695.67310	24.30712	133.14041	1756.91089	354.78894	173.70059	1691.20581	
276	2.750	79.25268	1395.10046	1383.28137				-61.78349	1632.87683	1550.14124				7.69725	1570.59912	1893.48352	257.85406	1500.96643	1545.49060							-160.84489	1206.18030	1714.06909	428.50845	1219.29260	1635.78918	-257.30280	1267.56506	1593.91968	388.10025	1177.24585	1416.22571	72.65150	1079.28516	1561.47620	203.85646	1076.17957	1545.13672	168.43776	1026.28772	1817.36938	-6.58948	488.93338	1732.72839	355.71854	610.26727	1690.95398	23.99843	133.21349	1756.72095	354.30292	173.62376	1689.73621	
277	2.760	79.33138	1395.49658	1385.62854				-61.58449	1634.20190	1549.42529				7.99905	1571.06897	1894.37683	258.09946	1501.64734	1546.53455							-163.74571	1208.15979	1711.64697	428.86783	1219.25769	1633.03992	-258.61554	1271.31177	1590.97888	391.12320	1182.16223	1411.78809	72.62493	1079.20447	1559.29370	202.52943	1077.12842	1542.93921	168.19241	1025.93237	1815.75732	-7.89451	489.08588	1731.96460	353.42953	609.77301	1685.38086	23.49322	132.81664	1755.80798	354.19623	173.41733	1689.69702	
278	2.770	79.25356	1396.29932	1387.19934				-61.02917	1634.64294	1547.73547				8.18868	1571.40601	1894.86584	258.05328	1502.04224	1547.01428							-166.34569	1209.44641	1710.35510	429.10104	1219.00293	1630.69666	-260.96799	1276.01892	1590.58948	392.25961	1184.78821	1408.71313	72.71588	1079.52161	1558.91736	201.50124	1077.66467	1541.25854	167.38324	1024.76404	1812.43884	-9.01086	489.33151	1731.19043	351.02069	609.38068	1680.36438	22.99860	133.12773	1755.42151	353.85919	172.72879	1688.85876	
279	2.780	80.38148	1395.81506	1397.78235				-60.50793	1634.71741	1545.48035				8.07458	1572.05859	1895.64038	258.04282	1502.33130	1547.69275							-168.83122	1210.58643	1706.23291	428.86594	1218.34546	1627.90344	-263.40317	1280.50854	1589.97314	393.76382	1187.96375	1405.74695	71.61613	1081.07178	1554.68701	202.36386	1078.55566	1538.75769	166.62306	1024.13220	1809.47974	-10.28155	488.88995	1729.20142	348.55438	609.11304	1673.39185	22.39179	133.44620	1755.04382	353.91159	172.91263	1688.16479	
280	2.790	80.72763	1396.21436	1400.08203				-60.24409	1634.66980	1543.38354				8.15477	1572.27295	1896.21924	258.16101	1502.56567	1548.65247							-171.17776	1212.07141	1705.11499	428.64478	1217.43628	1625.76111	-264.18240	1282.98096	1587.10144	394.83191	1190.50281	1402.88879	71.49182	1081.04480	1553.39343	201.00278	1079.40820	1536.43567	166.25081	1023.60437	1807.90527	-11.36383	488.90631	1728.53955	344.96823	609.01593	1666.65869	22.06027	133.55536	1754.82251	353.51862	173.54398	1686.94812	
281	2.800	80.79794	1396.57251	1401.69836				-59.62192	1634.67188	1540.56958				8.54782	1572.43311	1896.48877	258.44675	1502.74377	1549.04175										428.57224	1216.75195	1623.20447	-266.51431	1286.83789	1586.96448	396.09454	1192.96448	1400.43579	70.35176	1082.33105	1549.23889	200.96878	1079.90491	1533.77002	165.66911	1022.31696	1803.18335	-12.33233	489.07709	1727.54749	341.15787	609.10266	1660.92432	21.64688	133.75156	1754.41675	353.18048	174.11328	1685.62720	
282	2.810	81.29570	1396.55908	1405.27234				-59.28347	1634.24817	1538.12427				-58.77653	1484.71741	1631.68677	258.79510	1503.23633	1550.33557										427.90955	1215.60510	1620.21143	-267.21506	1289.31042	1584.85376	397.59915	1195.49512	1397.60535	70.78413	1082.88977	1548.12659	200.36687	1080.92358	1531.23181	165.70009	1021.48169	1800.71582	-12.92852	489.28394	1726.77942	337.85629	609.15411	1654.65552	21.39630	133.82104	1754.13721	352.87930	174.47403	1684.89075	
283	2.820	82.01231	1396.84460	1407.40393				-58.69464	1633.96973	1535.38025				-58.42842	1485.28442	1632.44006	259.74487	1503.27014	1550.86084										427.02948	1214.40613	1618.72144	-268.02121	1291.26233	1583.22607	398.49417	1197.72083	1394.94019	71.09133	1083.20923	1545.73767	200.34261	1081.74390	1529.73108	165.30112	1020.69757	1798.65259	-13.88502	489.27817	1724.88037	334.51010	609.10468	1648.58350	20.55387	133.95497	1754.10669	352.34256	176.08305	1682.63110	
284	2.830	82.36518	1397.07202	1410.01685				-57.58031	1633.43579	1532.50732				-57.97035	1485.91321	1632.75488	259.94772	1503.55188	1551.48853										426.50574	1213.41211	1616.71350	-269.11331	1294.29944	1582.47327	399.07477	1200.05261	1392.52869	70.00237	1084.58154	1541.59082	200.53802	1082.20251	1526.28418	164.62476	1019.43634	1794.83020	-15.19268	488.45435	1721.30676	330.55371	608.61292	1642.08569	19.71532	132.66432	1752.28149	352.48376	176.66847	1682.14551	
285	2.840	82.91715	1397.52197	1411.43433				-57.12970	1633.32312	1530.46436				-57.78054	1486.80908	1633.79309	260.58719	1503.71912	1552.14819										424.77737	1212.21509	1614.99609	-269.60626	1295.89966	1581.11926	400.26221	1202.35193	1390.29688	70.46399	1085.05896	1540.19629	199.93683	1083.02612	1523.77576	164.83807	1019.20685	1792.15564	-14.49382	488.10223	1720.40540	327.68637	609.21045	1636.08533	19.10109	132.92525	1751.89990	351.97546	178.79039	1678.88892	
286	2.850	83.54640	1397.56677	1413.91553				-56.04009	1632.81836	1527.39355				-57.29527	1487.76050	1634.34363	261.19815	1503.80835	1552.53943										423.78107	1211.06042	1613.13110	-269.59808	1297.45471	1579.81165	401.11859	1204.66638	1388.45618	69.15557	1085.56958	1537.63525	199.57397	1084.33423	1520.42139	164.80075	1018.85413	1789.34729	-14.74452	488.01077	1718.57678	325.10675	609.33893	1629.67310	18.76886	133.28217	1751.43323	351.87244	180.13902	1677.27429	
287	2.860	83.84528	1397.69568	1414.86438				-54.75469	1632.29272	1523.43298				-56.86961	1488.47534	1634.33093	261.52679	1503.87183	1552.75269										422.65378	1209.42664	1611.89539	-269.47800	1298.99475	1578.92102	402.00751	1206.66748	1387.80066	69.25387	1086.10156	1532.69250	199.12192	1084.74255	1516.66516	164.50032	1017.49701	1785.31677	-15.07478	487.65686	1715.12756	322.57098	610.27740	1621.52991	18.65928	133.30634	1751.31506	351.78625	181.50984	1673.96448	
288	2.870	84.10224	1397.66150	1416.64563				-53.44675	1631.22742	1519.13257				-56.30368	1489.23938	1633.98376	261.57446	1503.89844	1552.77502										420.80942	1208.21545	1610.20801	-269.64139	1300.33508	1578.49133	403.10464	1208.67908	1385.93091	69.16729	1086.08752	1532.69592	198.73901	1085.35437	1515.58093	164.61514	1017.00293	1782.91248	-15.44633	487.42078	1712.22363	320.32928	610.71222	1615.13550	17.62758	131.78566	1750.08154	351.20419	183.20573	1671.19592	
289	2.880	84.45653	1397.61255	1418.00183				-52.86903	1630.85303	1516.03015				-56.20575	1489.70190	1634.27979	261.76248	1503.91199	1552.63489										419.39703	1207.51758	1609.79150	-268.67029	1300.35596	1576.57544	404.60312	1210.59106	1385.49109	68.04628	1087.40710	1526.90515	198.12517	1086.35181	1512.17639	164.24348	1016.46912	1780.46375	-15.58500	486.44589	1709.03418	318.33102	610.73486	1608.50647	16.60847	132.18622	1749.43896	351.43774	184.27898	1668.00574	
290	2.890	84.95641	1397.34863	1419.94775				-51.47056	1629.90930	1511.94153				-55.59525	1489.94421	1633.12708	261.93307	1503.88000	1552.45288										418.01855	1206.65808	1608.89087	-267.92422	1300.46423	1575.55652	406.01047	1212.64771	1384.90784	68.16969	1087.33337	1526.13782	198.02571	1086.20410	1509.87402	164.12068	1015.45862	1775.86145	-15.72803	486.49384	1706.67102	316.70740	611.15265	1601.65894	16.08705	132.37045	1749.03455	350.91714	185.18372	1662.45947	
291	2.900	85.59242	1397.31409	1420.21570				-50.26601	1629.14624	1508.74207				-54.77673	1491.24011	1631.50696	262.82010	1503.75696	1551.37927										415.69608	1205.07605	1607.87891	-267.76089	1300.71118	1576.06812	407.97449	1213.95715	1384.46350	68.04079	1087.14722	1524.56592	197.68422	1087.42078	1506.54053	164.79555	1014.52972	1772.40161	-15.95228	486.74219	1704.16785	315.02014	611.35651	1594.86194	15.15599	131.35860	1747.25977	351.59628	186.00673	1658.99976	
292	2.910	86.23418	1397.15784	1421.08032				-48.55542	1627.63562	1505.12732				-54.40485	1491.95837	1630.56885	264.20651	1503.46448	1550.96301										414.71127	1204.13611	1607.04126	-266.68192	1300.46729	1575.41895	409.27155	1215.44800	1384.37769	67.16845	1087.78796	1520.93445	196.84392	1087.46509	1504.82751	164.05180	1014.21844	1770.60107	-15.61633	485.84384	1699.99744	314.38348	611.16327	1588.92175	15.29995	131.41411	1746.31152	352.28418	186.36761	1654.64392	
293	2.920	86.81613	1397.26758	1420.83252				-47.92513	1627.05750	1503.56128				-54.10615	1492.88147	1629.78174	264.74020	1503.44373	1550.87915										413.40811	1203.19214	1606.82056	-266.04309	1300.36597	1576.29272	410.87772	1216.02502	1384.27612	66.49851	1088.05457	1517.56665	197.02774	1087.31738	1500.58276	163.60155	1013.34064	1766.24182	-15.60931	485.05112	1696.56079	314.08270	611.70215	1583.46484	15.12590	130.99663	1745.09436	353.28326	187.66347	1649.32739	
294	2.930	87.68583	1397.09717	1421.41174				-46.15726	1625.35999	1500.22571				-53.44505	1493.86829	1628.35400	265.39804	1502.65686	1550.17847										411.92798	1201.80127	1606.36133	-264.45221	1299.00964	1575.63452	413.42484	1216.92712	1384.08789	66.14427	1087.51636	1515.37622	196.51465	1088.14612	1498.08496	163.87083	1013.29407	1763.45068	-15.18305	484.91550	1694.12744	313.77826	611.32867	1577.31567	14.26489	130.22467	1744.21545	354.80936	187.61929	1642.44885	
295	2.940	88.45895	1397.15259	1420.50720				-45.35083	1624.07959	1498.53455				-52.95810	1494.26013	1626.55676	266.80408	1502.11926	1548.79236										411.57034	1200.02649	1605.93994	-263.41452	1298.35645	1576.58032	414.33704	1217.51746	1384.03894	66.29230	1087.60938	1511.17249	196.66733	1087.68860	1494.40784	163.18816	1012.88983	1761.15173	-15.00912	484.87811	1689.61841	314.28491	611.73853	1570.98706	14.02183	129.46028	1741.59314	356.57825	187.98814	1634.49353	
296	2.950	89.40894	1396.81787	1419.88794				-44.45194	1622.33533	1496.95142				-51.59758	1494.02429	1623.22766	268.50244	1501.60254	1548.34070										410.71179	1199.06580	1605.69312	-261.59439	1297.33008	1575.70483	417.00253	1217.86292	1384.45850	64.99126	1087.67957	1508.01416	195.95689	1088.21155	1491.57629	163.12889	1011.36871	1756.58350	-13.60115	482.55679	1684.94189	315.16241	611.65479	1565.40369	13.64015	129.61057	1741.05029	358.70209	188.45241	1626.04553	
297	2.960	89.95789	1396.64417	1417.83777				-42.95502	1620.90869	1494.33777				-50.90871	1495.24365	1621.13757	269.64740	1500.73035	1546.47815										410.60907	1198.03284	1605.70605	-260.06256	1296.57166	1575.88745	418.21286	1217.83557	1384.77429	66.35448	1088.14331	1504.52661	196.20500	1088.48096	1489.66711	162.84689	1011.35553	1754.74304	-12.74158	484.37683	1683.34106	316.04749	611.91614	1559.92126	12.92322	129.59032	1739.32776	360.82361	188.03604	1618.26501	
298	2.970	90.97121	1396.34766	1416.32410				-41.90949	1620.21484	1492.29175				-50.01926	1495.57947	1618.56396	271.33334	1499.89478	1545.90710										410.45908	1196.15308	1605.04224	-257.79330	1294.29285	1574.65100	420.90945	1217.00671	1384.21008	66.62788	1087.94275	1500.03357	196.46588	1088.38306	1487.11768	162.39098	1010.60541	1750.11267	-12.46311	483.01709	1678.70813	317.82535	611.96051	1555.80566	12.53260	129.82175	1737.22290	363.71652	187.90392	1610.21838	
299	2.980	92.28642	1395.71362	1414.13928				-40.79652	1618.89966	1490.32031				-48.89053	1495.78613	1615.12146	272.70642	1498.94995	1543.43616							-151.34413	1216.23511	1672.94604	410.53604	1194.99084	1604.86060	-256.71695	1293.36633	1575.72595	423.39453	1215.78760	1384.00330	66.56275	1087.23279	1497.79492	197.35475	1089.26221	1483.24084	161.71658	1010.16681	1747.55713	-13.36534	483.42685	1674.85632	319.67368	611.96002	1550.42920	11.50904	130.42892	1736.25964	366.11649	187.22208	1600.02747	
300	2.990	93.04889	1395.27808	1411.23401				-40.16000	1618.18970	1488.89258				-48.26178	1495.88086	1612.75281	274.12976	1498.20923	1541.66418							-148.35800	1215.62305	1671.42493	411.29712	1193.81470	1604.55908	-254.06633	1290.88599	1573.53015	425.39966	1214.44385	1383.92688	67.41885	1087.03516	1494.48706	197.20955	1089.45898	1478.95972	161.28032	1009.01849	1744.12927	-12.56308	482.98636	1672.40906	322.05038	612.11847	1545.74463	10.81310	130.07718	1734.81067	369.57199	186.40160	1590.33362	
301	3.000	94.30096	1394.75403	1408.52563				-39.12278	1617.03394	1486.65100				-46.79005	1495.54956	1608.65637	275.57971	1496.51636	1538.17944							-145.95750	1215.89111	1672.59692	412.31400	1192.43494	1603.89673	-252.00766	1288.25220	1572.36865	427.47302	1212.96106	1383.65564	67.46462	1087.17163	1491.08789	198.04799	1089.40137	1476.60852	160.48004	1008.25116	1740.04883	-11.69773	482.15289	1667.53296	324.77963	611.23651	1541.93909	9.82961	130.88382	1733.65515	372.46951	185.35747	1581.54309	
302	3.010	95.32411	1394.38391	1405.92798				-38.26663	1616.49927	1484.52393				-45.73944	1496.32312	1605.68005	276.90289	1495.51318	1535.32312							-143.54143	1215.10876	1670.93030	413.11261	1191.19788	1603.13245	-251.25960	1286.86670	1572.50623	429.95712	1210.73743	1383.85278	67.78263	1086.78589	1486.26538	199.13510	1089.43518	1474.08069	160.38562	1007.65594	1736.93115	-11.17554	482.06796	1664.43628	327.71863	611.09113	1538.97986	9.33003	127.63802	1726.83008	376.50818	184.25061	1570.52832	
303	3.020	96.74492	1393.93616	1402.07678				-37.39301	1616.02441	1482.57227				-44.16772	1496.11157	1602.18958	278.45996	1493.92041	1532.39453							-140.84676	1215.30505	1671.28784	414.31100	1190.26782	1603.37476	-249.06781	1283.15491	1570.33899	433.15509	1208.67908	1383.62805	69.36056	1086.89441	1483.16040	200.33247	1088.93213	1471.30701	158.88139	1006.72089	1733.17957	-10.58824	481.84778	1660.72693	330.45297	609.91528	1535.01282	8.35765	126.93867	1724.41418	380.12308	182.58736	1560.02026	
304	3.030	97.30099	1393.47449	1397.06799				-36.97873	1616.07190	1481.35583				-43.11074	1495.82178	1599.57971	279.81189	1492.97559	1529.21509										415.99005	1189.60327	1602.51563	-246.75488	1279.74988	1566.51233	434.83801	1205.35486	1383.29260	70.12917	1086.83813	1479.68567	201.25717	1089.73230	1467.98254	158.51361	1005.99445	1731.26184	-9.47313	481.70230	1656.12891	333.68365	608.94489	1532.17529	8.60486	126.68366	1721.18286	383.62756	180.92114	1549.40881	
305	3.040	98.58277	1392.93054	1393.24097				-35.63755	1615.89014	1478.62354				-41.71524	1495.61511	1595.68054	281.01511	1491.70386	1525.41589							-136.88268	1214.31055	1669.43469	416.70013	1188.75220	1602.17200	-245.79626	1276.91931	1565.18481	437.25555	1202.45886	1381.84326	70.91636	1086.93396	1476.51794	201.90576	1088.32703	1464.19922	158.32381	1005.05231	1726.05835	-8.21259	479.78250	1650.70923	337.34872	607.65692	1529.46411	8.30867	127.04379	1718.99292	386.77512	179.47318	1538.13086	
306	3.050	99.79308	1392.48291	1389.53064				-34.50107	1615.52222	1476.40344				-40.64413	1495.20532	1591.66943	282.17343	1490.63745	1521.36511							-134.44518	1213.46021	1668.71606	418.26138	1188.07800	1601.63599	-244.42474	1273.99634	1563.09192	439.96948	1198.56372	1381.53870	72.68915	1085.71606	1472.94727	203.44887	1087.65698	1460.90088	158.17961	1004.50024	1722.61877	-8.12943	481.22879	1650.02551	341.24136	606.68481	1527.07129	7.64153	126.75925	1716.80408	390.90805	177.32100	1527.31824	
307	3.060	101.00146	1391.83716	1383.47498				-33.31996	1615.43347	1473.90259				-39.74929	1494.40710	1588.23108	284.34329	1489.78894	1517.53589							-133.11063	1214.21411	1669.81360	419.74518	1187.91516	1600.80542	-241.75842	1269.57813	1557.94116	442.85019	1195.41235	1381.45813	73.58385	1086.06152	1468.27637	204.17416	1087.49097	1457.09546	157.80103	1004.13220	1720.25586	-7.26068	480.87610	1645.80713	344.74261	605.97009	1523.85400	7.61921	127.15765	1712.68518	394.73340	176.11301	1514.97339	
308	3.070	101.65091	1391.07068	1378.79236				-32.13691	1615.93567	1471.26331				-37.97422	1493.73975	1582.62158	285.68152	1488.24609	1513.00671										420.92526	1187.51514	1600.31519	-240.06517	1266.10144	1555.16040	444.92401	1191.76379	1380.12952	74.16491	1085.95471	1464.59070	204.51961	1086.77295	1452.63269	157.89154	1002.81842	1715.10974	-6.68848	480.99493	1643.22876	348.82156	604.96106	1522.02588	7.19206	127.62080	1711.48755	398.05627	175.22800	1504.08679	
309	3.080	102.91224	1390.62024	1373.25647				-30.93276	1616.19128	1469.22168				-36.93414	1493.46777	1579.39233	287.24380	1487.07886	1508.44580							-130.07735	1213.20972	1666.74976	422.89267	1187.34937	1598.80408	-237.76823	1263.00000	1550.82349	447.26324	1187.88538	1379.26794	74.49780	1085.45386	1460.56482	205.62956	1085.34290	1450.33386	158.48294	1002.60754	1711.92810	-6.24451	480.63367	1639.12720	351.78461	604.19543	1518.39307	7.51463	127.72525	1707.91479	401.89441	173.99295	1492.55823	
310	3.090							-29.63148	1616.70801	1466.99011				-35.56845	1492.77625	1575.80945	288.07761	1486.47192	1503.44312				160.63307	1483.44397	1639.37158				423.85736	1187.47339	1598.28320	-235.51593	1259.13342	1547.16028	448.72464	1183.15881	1377.47949	75.49276	1084.60107	1456.69788	205.81416	1085.38928	1444.32947	158.85739	1002.13904	1708.58044	-5.66960	480.05478	1635.75317	354.68860	603.33301	1513.94080	6.87062	127.51920	1705.91101	405.69547	173.03810	1481.53394	
311	3.100							-28.19070	1616.92078	1464.32007				-34.22449	1491.93054	1572.11475	289.65222	1485.39734	1498.71631				162.04282	1482.68311	1634.41931	-127.81841	1213.66223	1664.24463	425.34900	1187.29919	1596.54822	-233.11322	1256.03650	1543.16846	449.94763	1178.74268	1376.24072	77.02901	1084.20569	1451.98706	207.33987	1083.39001	1441.08777	159.81041	1000.53259	1703.49194	-5.20072	480.56534	1632.86060	356.54404	602.54327	1510.36670	6.81722	127.22432	1702.73474	409.24478	173.10378	1469.84143	
312	3.110							-26.37113	1617.01855	1461.40198				-32.59537	1491.49365	1567.63403	291.14368	1484.27197	1493.64624				163.55653	1482.38416	1630.75623	-126.76411	1213.68164	1663.29858	426.63617	1187.14478	1594.89368	-230.51230	1253.85291	1539.23779	452.19000	1174.77148	1375.58337	77.88428	1083.60669	1449.04224	207.84601	1082.98535	1436.44910	160.57092	999.99658	1699.27454	-5.26325	479.06570	1629.30640	358.51724	600.66217	1505.46326	6.61210	127.73173	1700.40686	412.52060	172.69472	1458.77893	
313	3.120							-25.02307	1617.12598	1458.80884				-30.97948	1490.23242	1562.57971	292.64328	1482.67542	1489.41040				165.58984	1481.83325	1626.26709	-124.86509	1212.86963	1661.03308	427.92996	1187.31799	1593.11072	-227.34268	1250.66211	1534.55017	454.14172	1170.40125	1373.54968	78.15295	1082.98865	1446.44934	208.68425	1081.51453	1433.07422	162.19095	999.30206	1695.54944	-5.00044	479.14667	1626.14319	360.48294	599.79321	1500.59399	7.09829	126.57911	1697.14160	415.99734	172.26559	1448.14783	
314	3.130							-23.31484	1617.45081	1455.35449				-29.62285	1489.20898	1557.80371	294.06558	1482.05481	1483.10413				167.00105	1481.09521	1621.78589	-123.74735	1213.05786	1659.67041	429.44254	1186.99438	1591.27466	-223.48549	1247.38892	1528.38293	454.94376	1166.23669	1372.28333	79.26794	1081.86328	1442.79590	209.60030	1080.42334	1428.30542	163.31087	999.49658	1692.62000	-4.78630	478.72571	1622.15845	362.35049	598.62250	1496.59363	6.89554	125.67989	1693.37671	419.82584	171.55133	1436.27087	
315	3.140							-21.80997	1618.18799	1452.60583				-28.41606	1488.49084	1553.12817	295.68991	1481.01465	1478.97144				168.83463	1480.49316	1616.44910	-121.56667	1212.93579	1656.24512	430.06430	1186.94690	1589.64551	-219.78905	1244.42444	1523.75037	456.05542	1161.97424	1370.28113	79.95359	1081.03052	1438.18628	209.45627	1079.27344	1424.15906	165.00299	998.64709	1688.01782	-4.85286	477.46085	1618.02795	364.36221	597.43878	1491.58862	7.11272	124.60569	1689.57996	423.10254	171.84950	1425.56311	
316	3.150							-20.06878	1617.82581	1449.51050				-26.41038	1487.64539	1548.29089	297.32584	1480.17517	1473.98511				170.58385	1479.88416	1611.49280				431.24026	1186.12659	1587.61548	-215.29410	1240.30005	1517.97913	457.16403	1157.74646	1368.76501	80.21631	1080.35413	1432.87952	211.08580	1077.31323	1419.18958	166.91422	997.22064	1682.80396	-5.32214	477.36761	1616.11157	366.44901	596.50897	1487.55347	7.02709	123.93565	1687.32861	426.55508	171.60136	1415.71680	
317	3.160							-18.17251	1617.87219	1445.88171				-25.20605	1486.94080	1544.34094	299.48953	1479.19397	1468.30444				171.99406	1479.22571	1606.83167	-118.75538	1213.51733	1651.85254	432.07471	1185.67273	1584.95496	-211.21524	1237.27881	1513.22034	457.92871	1153.02783	1366.34082	81.13528	1078.97534	1428.66333	211.96701	1077.16150	1412.83557	168.77127	996.91803	1677.56885	-4.78179	476.45251	1610.77222	368.75214	595.35052	1483.49133	6.90196	123.07085	1684.64014	429.44717	171.82352	1404.33325	
318	3.170				136.02571	1534.29541	1292.17554	-16.28067	1618.00891	1442.12109				-23.70367	1485.86841	1539.16187	300.80655	1478.47668	1462.65771				173.85242	1478.70923	1602.17102	-116.58434	1212.95898	1648.11401	432.88696	1185.50452	1582.63953	-206.65100	1233.91199	1507.50281	458.98749	1147.79102	1364.01636	81.67818	1078.03113	1423.99890	212.48715	1075.11401	1409.29993	170.53937	996.03540	1673.68469	-5.45576	475.54672	1606.85071	370.82147	594.79773	1479.15527	6.69738	122.00131	1681.33997	432.21133	172.22809	1394.99365	
319	3.180				136.93576	1534.07068	1287.70398	-14.65745	1617.51855	1438.33301				-21.82991	1485.26062	1533.31506	302.44366	1477.88550	1458.25854				175.79128	1478.07446	1597.32056	-114.45258	1212.54553	1644.82202	433.61050	1184.62463	1578.86133	-201.98051	1231.58496	1502.23999	459.45956	1142.98877	1361.01221	83.18867	1077.56189	1417.79919	213.42908	1073.75623	1404.61890	173.04884	995.69586	1668.57178	-5.94985	474.95517	1603.70313	372.97186	593.66998	1474.53369	5.67032	124.80854	1682.37598	435.37939	172.58276	1383.97498	
320	3.190				135.99568	1533.67090	1281.80469	-12.89529	1617.11719	1434.26526				-19.92917	1484.59082	1527.63843	305.00903	1476.38904	1452.91980				177.45601	1477.32861	1591.95654	-111.56033	1212.11743	1640.67542	434.30328	1183.60791	1576.37244	-197.01785	1228.41528	1496.29004	460.53668	1138.10950	1358.27026	84.41789	1076.57251	1414.25793	214.25858	1073.26624	1398.21436	175.21817	995.00409	1664.59875	-6.70869	474.20560	1598.73633	375.82349	592.58905	1470.08484	6.00343	123.44185	1679.24585	438.60016	173.04872	1374.86548	
321	3.200				137.68033	1534.67126	1278.13745	-11.10788	1617.23511	1429.95776				-18.57804	1483.92395	1523.70435	306.32312	1475.43420	1447.41455				179.11281	1476.78687	1586.59326	-109.06738	1211.41028	1637.24768	435.03976	1183.01453	1573.23779	-192.19275	1225.38477	1490.47388	460.76624	1133.71228	1354.39941	85.61797	1075.28052	1410.33875	215.40016	1071.52917	1394.51416	177.68269	994.72388	1659.26807	-8.46766	473.25998	1597.76904	377.65607	592.12231	1466.10559	6.88927	122.35326	1677.19019	441.61304	173.64174	1365.94324	
322	3.210				138.30757	1534.17395	1271.42725	-9.36598	1616.30396	1425.93237				-16.50288	1483.81897	1518.19482	308.38162	1474.94263	1441.92163				180.74527	1475.99109	1581.39038	-106.01446	1210.41589	1632.48059	435.71384	1182.35864	1569.50330	-187.42096	1223.72803	1485.13721	462.24835	1128.62744	1350.44873	86.90005	1073.56067	1406.05615	216.81610	1070.62000	1388.11511	179.84979	993.71082	1654.75842	-8.70343	472.64059	1592.84265	380.53543	591.12103	1462.50024	7.88768	122.16051	1675.57031	444.42447	175.25729	1357.49438	
323	3.220				140.92812	1534.84985	1267.04602	-7.53481	1616.24829	1421.28967				-14.54593	1482.26575	1512.62732	310.74530	1473.47998	1436.91333	132.67688	1357.56738	1418.89404	182.85793	1475.22461	1576.11743	-102.95491	1209.27795	1627.75684	436.57678	1181.30994	1565.91199	-182.82028	1221.72595	1479.38306	463.66898	1125.67712	1346.94214	87.78387	1072.75793	1401.49951	218.10501	1070.03442	1383.87451	182.08408	993.19720	1649.52014	-9.70555	472.09064	1589.78589	383.04709	590.94678	1458.57043	9.06819	121.50933	1673.46118	446.90942	175.78407	1348.97791	
324	3.230				141.21080	1534.31775	1261.20520	-5.81206	1615.48804	1416.59033				-12.83055	1481.46997	1506.78589	312.38623	1472.15869	1431.71741	134.40886	1356.39209	1414.54395	184.77557	1474.38647	1570.20691	-99.68512	1208.48364	1622.16248	437.84924	1181.19910	1562.49878	-178.50636	1219.27930	1473.81543	464.60675	1121.66931	1342.37854	89.88734	1072.57800	1395.12476	219.76300	1068.70093	1378.73010	184.58820	991.69000	1643.39673	-10.36999	471.08560	1586.33362	385.80185	589.62488	1455.20911	11.45702	118.09206	1668.28650	450.15399	175.98534	1340.91602	
325	3.240				143.39421	1534.63391	1256.22144	-3.68527	1614.53418	1411.20972				-11.31484	1480.87463	1502.05688	314.13425	1471.69507	1426.12830	136.11819	1356.56616	1406.14807	186.73701	1473.79065	1565.23608	-95.39682	1206.33606	1616.32520	438.82074	1179.42395	1557.18494	-174.51210	1217.08057	1468.81274	465.22165	1119.51404	1337.48853	91.52848	1071.95618	1390.50757	221.32477	1068.63623	1373.08179	186.44746	991.33063	1637.95972	-11.32351	470.42972	1582.96008	388.76480	588.86096	1451.43274	11.22980	120.37602	1670.78381	452.07587	177.01991	1333.26794	
326	3.250				147.24217	1535.41638	1251.88770	-2.06270	1614.27869	1407.34155				-9.06967	1480.29675	1496.60791	316.49802	1470.73315	1420.72913	137.77795	1355.17200	1401.35950	188.92934	1473.02698	1560.51379	-91.95394	1205.89063	1611.61304	440.34344	1177.89282	1551.46326	-170.00511	1216.15552	1462.46484	465.15912	1117.06775	1331.95251	93.15086	1071.05994	1385.79358	222.94212	1066.83411	1369.34631	189.05582	990.17615	1632.92188	-11.92640	469.80151	1579.95715	391.28253	588.15076	1447.22217	12.99792	120.27084	1669.39417	454.91711	177.21176	1326.04346	
327	3.260	22.40718	1457.37683	1266.45935	149.26799	1535.92664	1246.78198	0.13775	1612.94189	1402.26331				-6.98532	1480.09473	1491.21570	318.71036	1469.66724	1415.48462	139.99857	1355.35938	1396.12415	191.18497	1472.06262	1555.48022	-88.23715	1204.85950	1606.81860	442.05850	1177.07141	1545.95483	-165.74324	1214.28699	1456.18896	465.75519	1115.56152	1325.45886	95.26961	1070.07458	1380.43005	224.95656	1067.42798	1361.72278	191.77724	989.77960	1627.17639	-11.87354	469.27603	1577.86560	393.49396	586.47906	1442.74731	14.43821	120.16535	1668.14990	457.45172	176.51640	1319.31653	
328	3.270	25.63751	1456.94702	1260.47021	151.35687	1535.23596	1241.13904	1.61494	1612.45886	1397.60620				-4.72303	1479.36902	1486.44531	320.19562	1468.87329	1409.80664	141.55525	1354.00024	1389.93433	193.37433	1471.18896	1549.63477	-84.25356	1203.42273	1599.74109	443.30045	1175.20178	1540.05188	-162.22122	1213.31677	1450.49512	467.01141	1115.81750	1320.56738	97.42704	1068.97144	1374.67053	226.94727	1066.48059	1356.05383	193.89331	989.46973	1622.34546	-12.09896	468.62949	1574.14966	395.91537	586.54987	1437.60046	16.08364	120.11782	1667.31287	459.80063	176.40138	1312.54541	
329	3.280	26.93929	1457.56042	1254.19641	155.01143	1536.64001	1236.51099	3.69939	1611.17212	1391.98730				-2.53289	1478.55115	1481.20020	322.68338	1467.87537	1404.38489	144.08760	1353.02454	1386.83679	195.91287	1470.45740	1544.25330	-80.94217	1201.72412	1593.70715	445.64642	1173.74780	1533.08984	-158.44301	1212.57507	1443.58264	466.93695	1114.00732	1313.50085	99.59858	1067.40271	1369.14392	229.77255	1065.53613	1350.43787	196.82399	987.57422	1617.30249	-11.91610	468.34665	1571.07166	398.21011	585.68176	1433.11108	17.93138	120.03482	1665.98425	462.00430	175.65099	1305.98047	
330	3.290	29.63025	1457.15881	1248.12744	157.47499	1535.66711	1230.86194	6.15963	1609.76392	1385.81799				-0.28853	1477.64197	1475.63745	324.71988	1467.29126	1398.75732	145.95483	1353.08728	1379.78076	198.28044	1469.33801	1538.61157	-77.90467	1200.90784	1586.61072	447.58014	1172.29004	1526.35254	-155.14241	1211.74707	1437.27258	467.62537	1113.26245	1306.43091	102.30866	1067.15796	1364.18896	231.37794	1065.36487	1344.23999	199.19739	986.89087	1611.30518	-11.50148	467.74625	1568.35693	400.83405	585.55939	1426.42542	18.94705	119.97360	1664.82629	464.12503	175.22990	1300.38708	
331	3.300	33.20633	1456.70459	1241.50085	160.22910	1535.93787	1225.09070	8.24606	1608.99036	1380.49023				2.05354	1476.96912	1469.97803	327.22641	1466.54858	1393.29492	147.91830	1351.67078	1374.17700	200.51701	1468.33032	1533.11890	-74.74117	1198.52527	1579.04272	449.80093	1171.12427	1519.39758	-152.09184	1210.68164	1430.83582	467.97440	1112.93042	1299.18835	104.86200	1065.54285	1356.76514	234.40126	1064.92163	1337.02515	201.96048	985.99548	1605.60925	-10.62757	467.28745	1564.73169	402.41962	585.57294	1419.07935	20.51754	119.52873	1663.63403	465.56192	173.95773	1295.13916	
332	3.310	36.33254	1456.75769	1235.52429	163.70616	1536.45752	1219.92017	10.73013	1608.14758	1374.21289				4.25375	1476.66650	1464.81445	329.37088	1466.05750	1388.49036	150.72777	1351.90393	1368.52112	202.88361	1467.16418	1527.61023	-72.38844	1197.43323	1572.27087	452.17224	1169.96191	1511.70215	-149.06078	1210.84424	1423.90784	469.16940	1113.74512	1291.29810	107.73679	1065.36536	1350.82117	237.78339	1064.27649	1332.51404	205.98691	985.08215	1599.37610	-9.37192	467.19666	1561.92041	404.76266	584.94659	1411.93872	21.51570	119.54960	1662.05481	467.40067	172.44391	1290.49817	
333	3.320	39.97563	1456.34595	1229.11389	166.24292	1537.20813	1214.88977	12.98248	1606.68811	1368.74536				6.41066	1475.90662	1460.05505	331.58069	1465.44324	1382.68176	153.43935	1350.58850	1365.55835	205.11203	1466.40881	1522.15735	-69.86976	1196.27490	1566.21606	454.34351	1168.44983	1503.96265	-146.14787	1210.09668	1416.05200	469.15012	1113.03931	1282.89063	109.47874	1065.01074	1344.27368	240.48041	1064.71411	1325.95874	208.03781	983.65405	1592.32166	-7.39546	467.27728	1558.01978	406.95547	584.68201	1403.55457	22.88922	120.22724	1661.25037	468.42593	172.31296	1286.22632	
334	3.330	43.14648	1456.21436	1223.22900	169.62654	1536.57556	1209.17310	15.01413	1606.09253	1363.08484				8.97277	1475.83118	1456.15393	333.82535	1465.96533	1377.48608	156.43253	1350.48535	1359.64514	208.04185	1466.16809	1517.16553	-67.63995	1194.63049	1558.97363	458.18066	1167.55322	1496.45105	-143.37540	1209.60962	1408.69043	470.63058	1114.28748	1274.75745	113.82886	1063.99304	1338.14563	243.40089	1063.85156	1319.23804	211.40868	983.06689	1586.40881	-5.82784	466.84061	1553.93506	409.13553	585.13263	1394.92578	25.13524	119.01955	1656.93518	469.74207	170.78780	1281.61255	
335	3.340	47.17123	1455.99634	1216.52014	173.50856	1537.66150	1203.92883	17.22972	1605.37036	1357.07776				11.06302	1475.24695	1450.96143	336.61624	1465.97839	1372.22046	159.20004	1349.74866	1353.91431	210.11218	1465.68994	1511.57227	-65.46445	1193.05664	1549.30750	460.66354	1166.43225	1486.89087	-141.10297	1211.33057	1406.81909	471.42419	1113.86096	1265.46057	116.70784	1063.65454	1333.54871	246.66562	1063.94031	1313.51917	215.50827	982.38922	1579.76880	-2.99696	466.85898	1548.81238	411.84647	585.46143	1387.43286	26.16282	119.17919	1655.46960	471.44797	169.78812	1277.49744	
336	3.350	50.47683	1455.71753	1210.57556	175.54712	1537.68457	1197.89001	19.26531	1604.85425	1351.53418				13.81558	1474.80566	1445.58398	339.19397	1465.75354	1367.07568	161.57175	1350.11169	1348.66467	212.62444	1465.45715	1506.23840	-63.67020	1192.53357	1542.80139	464.19232	1165.81250	1478.59290	-138.79662	1211.78564	1399.32642	472.64093	1115.73206	1256.32031	120.23946	1063.08972	1326.08142	250.59198	1064.32996	1309.00012	218.62769	982.17914	1572.61890	-0.62019	466.90247	1544.50757	415.22659	586.10547	1379.02051	27.37295	120.84292	1653.87109	471.11935	169.27379	1273.96826	
337	3.360	54.13398	1455.53955	1204.42493	180.17825	1538.70728	1193.55017	21.58970	1604.37927	1344.53821				16.19361	1475.15552	1440.30518	340.99435	1466.64233	1361.55994	164.33765	1350.53101	1343.05127	215.05106	1465.27490	1501.14233				467.47772	1166.05627	1469.65308	-136.28954	1211.95325	1391.44165	474.11182	1115.62646	1246.89465	123.76313	1063.65283	1319.70105	253.53186	1065.09290	1299.52307	221.55077	981.13550	1565.96277	2.85100	467.61115	1539.01843	418.18295	587.13312	1369.57776	28.54986	121.35163	1651.62073	471.02020	168.58597	1270.98804	
338	3.370	58.11264	1455.62061	1198.01880	183.92415	1538.52124	1188.10205	23.73682	1603.46973	1338.92407				15.60540	1473.46423	1432.94202	343.06116	1466.88757	1356.36047	166.86369	1350.25061	1337.58350	217.07004	1464.99011	1495.19775				471.23538	1165.45752	1460.10645	-134.05817	1212.48047	1383.66650	474.87057	1117.77417	1237.10413	127.44442	1064.08716	1314.90833	256.41956	1065.87573	1293.97900	224.80919	980.93805	1559.59814	6.07402	467.95483	1533.75769	421.13589	588.16425	1361.66235	29.26633	123.60921	1649.99158	471.39502	167.51193	1268.68298	
339	3.380	61.49094	1455.18860	1192.12671	187.56421	1539.18262	1183.07202	26.10081	1604.74133	1337.15845				18.15729	1473.12903	1427.72668	346.58170	1467.00305	1351.91956	169.69453	1350.52771	1331.62903	219.66060	1465.54749	1490.36987	-60.22632	1192.00854	1520.40088	474.57263	1165.03894	1450.98083	-131.84273	1212.98230	1375.57104	475.53433	1119.53015	1228.19885	130.69218	1065.07837	1306.32446	259.67212	1066.13562	1288.84253	227.88625	980.45599	1551.68018	9.80412	468.57886	1527.48633	424.19595	588.75745	1352.36633	30.29005	125.58779	1647.59204	471.18668	167.11513	1267.06238	
340	3.390	64.67802	1455.32898	1186.42920				28.20781	1604.46973	1331.03723				21.31638	1473.49585	1422.03516	347.14511	1468.08997	1344.79309	172.44673	1350.94885	1325.87000	221.63313	1465.87671	1485.15198				478.02023	1165.14075	1441.16077	-130.21284	1214.04834	1368.16345	476.33548	1120.71582	1219.02441	132.95670	1065.86169	1300.74817	262.41766	1067.44373	1281.43567	230.96877	980.30664	1544.56970	14.02472	469.36993	1520.34619	427.29868	589.86792	1343.81860	30.72802	129.63617	1648.18030	470.72375	165.53958	1263.51575	
341	3.400	68.29742	1455.53101	1180.25073	163.08391	1714.91418	1317.21130	30.24475	1604.57703	1324.83508	192.78610	1539.76807	1172.43494	23.67505	1473.57251	1416.50977	350.31335	1468.85852	1338.47461	174.93719	1351.18250	1320.33215	224.86166	1465.78564	1479.13049				481.88754	1165.91650	1432.66919	-128.59773	1214.89832	1360.03406	476.89648	1123.04822	1209.36938	135.51158	1067.32544	1294.54590	264.33774	1069.68225	1272.88086	235.63376	981.32098	1539.06653	18.04691	470.36703	1513.03589	430.15738	590.40948	1335.90198	31.77798	132.20598	1645.29749	470.89914	164.34879	1262.63489	
342	3.410	71.78275	1455.42322	1174.32471	165.46748	1715.39966	1311.69727	32.02303	1604.56494	1318.74048	196.47450	1540.25354	1167.10388	26.41960	1473.16235	1410.89526	352.37204	1470.06226	1333.38965	177.48917	1351.98206	1314.61670	227.20251	1466.16150	1473.45337				486.37646	1166.56543	1422.88318	-126.84554	1215.57861	1352.74231	478.21939	1125.32788	1200.91785	138.03261	1069.01343	1288.08435	267.50827	1071.02991	1267.61011	237.36395	981.48920	1532.36719	22.66157	470.95575	1505.34802	433.08426	590.70471	1327.13550	32.11061	134.91296	1642.05676	470.67722	162.53586	1261.11829	
343	3.420	75.18415	1455.92358	1168.41187	166.04079	1715.98596	1306.29248	34.20014	1604.74500	1312.64172	200.22717	1541.40955	1161.79932	30.35650	1474.14307	1406.27869	354.53647	1471.30017	1328.15942	180.43936	1352.68677	1308.55774	229.72223	1466.36255	1468.48645				489.30405	1167.56714	1413.75134	-124.22187	1216.04321	1345.34790	477.43542	1126.97437	1190.49329	141.01176	1070.68616	1282.77576	270.36395	1072.46191	1262.07312	238.38608	981.87695	1524.27075	27.03017	472.07089	1497.97583	436.49008	591.41309	1320.32556	32.50853	138.22348	1639.10327	470.08521	160.83167	1258.80029	
344	3.430	78.19530	1456.02246	1162.64539	168.10614	1716.70313	1300.77820	35.79049	1604.94202	1306.61279	202.51936	1542.12195	1156.40637	31.99969	1473.52258	1401.58264	356.25626	1472.30530	1321.38416	183.42967	1353.63391	1302.60730	231.97977	1467.09253	1463.03845				493.59641	1168.78857	1404.50476	-121.73563	1216.21851	1337.96948	477.99548	1129.09924	1180.81250	143.66370	1072.16089	1276.93225	272.63580	1072.70239	1257.48279	241.74687	980.26611	1517.67786	31.39489	472.59485	1490.02551	440.23535	591.49890	1312.92883	32.78083	141.70033	1634.92517	469.12946	159.70575	1258.14392	
345	3.440	81.06738	1456.31433	1157.02649	168.71925	1717.35486	1295.52393	38.15479	1604.89465	1300.60437	203.33740	1541.75024	1150.43823	35.69891	1474.16626	1397.21082	358.81320	1474.02832	1315.53113	185.85382	1354.57068	1296.59863	235.18442	1467.46130	1457.19507				496.46680	1169.82031	1395.02429	-119.27966	1216.46631	1331.14075	478.75839	1131.18347	1171.34460	146.05174	1074.17432	1270.14624	274.58612	1074.17029	1248.23730	244.55974	980.72235	1511.24902	36.07680	472.78116	1481.63953	444.48425	592.22083	1304.94922	33.49965	144.91052	1630.87671	468.50262	158.18327	1257.01636	
346	3.450	83.93197	1456.78455	1151.28748	171.16924	1717.93811	1290.15723	39.52422	1605.28564	1294.74573	207.42613	1543.04688	1146.25085	38.32598	1474.20081	1392.53516	360.23178	1475.07043	1309.89954	187.72659	1355.06787	1290.88391	237.55208	1467.66089	1451.75989				500.79984	1171.17224	1386.04724	-116.97101	1216.99524	1324.55737	479.09476	1133.98816	1162.03955	148.24861	1075.57922	1263.03113	276.03415	1075.18542	1240.77222	247.59471	981.25122	1505.22473	40.80253	473.25214	1473.12830	448.02493	593.16589	1297.57690	34.38620	148.49838	1626.50354	467.96460	157.23447	1254.79370	
347	3.460	86.63783	1457.48914	1145.68335	171.24986	1719.06384	1284.90759	41.57652	1605.16980	1288.84839	210.60359	1544.62549	1141.27429	40.93457	1474.70178	1387.40991	362.62033	1476.84021	1302.94019	189.82712	1355.95435	1285.18127	240.17511	1468.05627	1446.05652				503.59314	1171.79004	1375.99841	-114.17028	1216.87854	1318.52234	479.15247	1137.08313	1152.86780	150.01891	1075.38074	1258.56946	278.10645	1075.18909	1236.04956	250.09912	981.52069	1498.42188	46.07008	473.66058	1464.66052	451.38531	593.72986	1291.97876	34.64076	152.18958	1621.98352	466.65512	156.68668	1253.59229	
348	3.470	89.44372	1457.97693	1139.65234	172.97350	1719.28674	1279.92639	42.16503	1605.75378	1283.00415	213.99446	1546.17737	1136.60120	43.31792	1474.93457	1382.49939	364.01205	1477.47729	1296.65015	191.71864	1356.84863	1279.16833	242.51811	1468.31604	1439.46924				507.40381	1174.19873	1367.95886	-111.78124	1217.00769	1312.77612	477.48486	1138.77502	1144.22485	151.95561	1076.38074	1253.21545	279.88345	1075.34534	1231.07654	252.78194	981.85138	1492.02014	50.76780	473.80420	1455.77332	456.03815	594.52545	1285.72668	37.85938	156.15866	1613.36926	465.78824	156.54593	1252.77576	
349	3.480	91.98240	1458.45813	1133.54578	173.56885	1720.21594	1274.85913	43.80165	1605.53723	1277.16797	216.32344	1547.30261	1130.88123	45.38596	1475.09241	1377.54468	366.01367	1479.11218	1289.68433	193.31786	1357.33289	1273.79712	245.19415	1468.77576	1433.27637				510.00623	1174.61157	1357.56238	-108.20097	1216.53918	1307.51550	478.05597	1140.79541	1135.00269	153.28835	1076.01306	1248.56372	281.38235	1076.85803	1224.44995	254.73775	982.40210	1486.41528	55.58656	473.80014	1446.15637	461.03857	594.79236	1280.30652	39.84298	159.86452	1606.95129	465.26437	156.70288	1252.31750	
350	3.490	94.35487	1459.20886	1127.29089	173.61148	1720.62415	1270.09680	44.83903	1605.98779	1271.13867				47.05903	1474.96313	1372.86328	366.52676	1480.28735	1283.33057	195.39702	1357.62451	1267.57886	247.32814	1469.46313	1428.02222				512.38470	1175.88623	1348.75317	-105.58774	1216.32813	1302.68872	475.58807	1141.29236	1126.04968	154.40994	1077.06018	1242.28406	281.69308	1076.49109	1215.28149	257.30441	982.78735	1480.76013	60.52762	473.64151	1435.75085	465.73715	594.91418	1275.31689	42.18310	164.00815	1600.28772	464.39209	156.63734	1251.28052	
351	3.500	96.61746	1459.96265	1120.92786	175.33389	1721.26318	1265.00354	45.84566	1605.70789	1265.22461	218.12608	1548.63867	1119.47302	49.10199	1474.94861	1367.87744	368.15332	1480.96472	1275.75842	197.53926	1358.30103	1261.48633	249.67163	1469.69080	1421.97314				516.08801	1177.31592	1339.16016	-102.46105	1215.38330	1298.30273	476.79327	1144.91724	1116.68396	155.10875	1077.06409	1236.65405	283.05176	1075.21692	1210.67505	259.86182	982.59021	1474.47290	65.38717	472.68173	1424.66748	469.81876	594.94427	1270.82300	45.00788	168.93198	1592.09021	463.45801	156.46547	1250.55396	
352	3.510	99.16215	1460.78552	1114.17944	174.99644	1721.68921	1260.18054	46.71352	1605.97046	1259.08191	221.56812	1550.96472	1115.26367	50.81643	1475.21460	1363.30688	369.23752	1481.41016	1268.81287	198.54506	1358.10889	1255.71667	252.36691	1470.45728	1415.56946				518.48846	1178.29712	1329.89331	-99.27895	1215.11438	1293.78760	474.68219	1146.33179	1108.35425	156.89870	1077.88892	1231.90637	283.70084	1075.69165	1204.51196	261.41510	982.89966	1469.17493	70.44281	472.27332	1413.08984	473.39752	594.03296	1266.65234	48.39796	174.33499	1582.02673	462.79395	155.43359	1249.93530	
353	3.520	101.12756	1461.76587	1107.88452	175.06067	1722.27283	1255.30969	47.62166	1605.42542	1252.92078	224.26768	1552.72083	1110.00220	52.86336	1475.27759	1358.17444	370.27234	1482.13635	1261.78674	199.88727	1358.38806	1249.95398	254.14946	1470.51721	1408.55139	-24.63133	1188.68567	1431.52515	520.98596	1180.05334	1320.47388	-96.36662	1214.07104	1290.17236	474.05545	1148.10779	1099.36279	157.15221	1077.34204	1227.21252	283.82428	1075.13647	1198.54785	263.46677	983.52118	1464.08813	76.80460	471.67303	1399.77820	477.41724	593.92310	1262.64966	52.35841	180.47057	1575.02258	462.52988	154.80139	1249.89954	
354	3.530	103.18136	1462.27258	1101.28796	175.04396	1722.54468	1250.34827	47.56338	1605.63306	1246.73743	225.10335	1553.71814	1104.24927	55.49711	1475.81238	1355.06738	371.19977	1483.02112	1254.09790	200.65031	1358.65747	1244.52454	256.16379	1471.13098	1403.19128	-21.27678	1188.80627	1428.38025	523.47607	1180.46301	1310.96777	-93.55061	1213.27917	1286.46631	473.75897	1149.68713	1090.70276	156.94208	1077.10583	1223.71802	283.96936	1074.00183	1193.68042	265.59656	984.47485	1458.98792	82.82124	470.83719	1385.79834	479.66418	593.43451	1258.10559	56.27333	186.71613	1565.51648	462.04428	154.66957	1248.21741	
355	3.540	105.25430	1462.99304	1094.53906	174.30179	1723.05688	1245.42651	48.47342	1605.12329	1240.41614				56.70145	1475.94983	1350.27087	371.05655	1482.86890	1246.16003	201.20601	1358.65881	1238.59192	258.28177	1471.87402	1396.33301	-17.01713	1188.40100	1423.91113	525.88660	1181.26050	1301.24084	-90.90656	1212.35718	1283.33215	472.35513	1150.77820	1081.38489	157.15594	1077.41223	1219.44092	283.86282	1073.24756	1188.59424	266.82660	984.32843	1453.33557	84.02384	473.09369	1372.91846	481.95023	592.32886	1254.87708	59.30145	192.79793	1556.45947	462.02032	154.17323	1247.97156	
356	3.550	107.12191	1463.45703	1088.00598	174.03484	1723.30334	1240.21936	48.43010	1604.90771	1233.94556	225.85985	1555.34851	1092.00562	58.03463	1475.99927	1345.64990	371.78961	1483.13049	1239.09558	201.71703	1359.11511	1232.91113	260.03091	1472.23474	1389.81750	-13.74519	1187.12146	1421.02258	527.97528	1182.07007	1291.79895	-87.65193	1210.92017	1280.04138	471.92154	1152.34277	1072.49109	157.68788	1078.59399	1213.36267	283.59610	1072.57214	1183.34290	269.08578	985.16089	1448.19348	82.64490	477.77097	1360.65833	482.80756	592.50098	1251.79871	62.23352	199.36159	1546.45959	461.56021	153.33727	1247.67786	
357	3.560	109.30404	1464.18445	1081.30786	173.35373	1723.46216	1235.02588	48.33182	1604.50439	1227.47375	229.37308	1556.82727	1087.36584	58.77861	1476.45129	1340.71228	372.29404	1483.65308	1231.55676	201.66806	1358.72815	1227.29993	261.98483	1472.95789	1383.63757	-9.50237	1187.35352	1416.62109	529.69763	1182.89221	1281.80103	-84.71183	1209.76306	1276.97180	471.09003	1154.05261	1064.49841	156.56247	1078.78149	1207.96741	282.77490	1072.90186	1176.32764	270.69855	985.74127	1443.19849	80.85724	482.21918	1347.96350	482.87991	591.49823	1248.27612	66.01776	205.13553	1535.74622	461.13901	152.44102	1246.84668	
358	3.570	111.07333	1464.76294	1074.57739	172.50974	1724.05896	1229.70776	49.08052	1603.67346	1220.84351	232.21767	1559.40808	1082.91907	60.35764	1476.32654	1336.27039	372.16605	1483.84155	1223.21082	202.09012	1358.93127	1221.29175	263.91647	1473.64941	1377.12415	-6.84659	1185.93787	1415.69763	531.36133	1183.97803	1271.96826	-82.92798	1208.98401	1274.28223	469.00519	1155.30334	1055.48560	155.78882	1078.36438	1203.95740	281.87759	1072.24744	1170.61230	272.51392	986.63464	1438.36035	78.40116	485.91736	1336.14978	481.73807	590.34564	1244.38220	68.45344	210.55489	1525.49451	461.16611	152.07266	1246.69189	
359	3.580	112.75999	1464.93665	1067.75049	171.67897	1724.05237	1224.31677	48.62712	1603.39697	1214.25586				61.09186	1476.57922	1331.83521	371.90692	1483.84924	1214.85352	201.86082	1358.98633	1215.46582	265.07773	1473.70398	1369.99829	-3.59345	1186.06226	1412.40369	532.47333	1183.81055	1262.41284	-81.56609	1208.27783	1271.63757	467.90842	1156.70532	1047.06299	156.34445	1078.23157	1202.32068	280.82507	1071.67505	1165.60803	273.79761	987.31805	1433.16858	77.61922	489.17422	1323.26050	480.57834	589.35681	1241.48547	72.27299	215.52939	1513.77759	461.52817	151.68018	1246.02100	
360	3.590	114.08123	1465.41833	1061.23743	170.59621	1724.58777	1218.66479	47.97435	1603.01758	1207.69800	231.23976	1560.07166	1069.85461	62.11656	1476.96228	1327.32971	371.94455	1483.56909	1207.12366	201.27287	1358.95251	1209.79077	266.52628	1475.19031	1363.81238	-0.81582	1184.99963	1410.58655	534.98975	1185.64844	1252.04419	-79.44787	1207.15247	1269.42090	466.29266	1158.05835	1038.54126	155.07828	1078.75842	1195.84875	280.06186	1071.85974	1161.07227	275.53024	987.91315	1428.32300	76.70039	491.59677	1310.39929	479.59213	589.30298	1238.26013	74.59270	219.50018	1502.49329	461.20819	150.80894	1245.88831	
361	3.600	115.38078	1465.46033	1054.35596	169.82050	1724.43933	1213.19299	47.79728	1602.34448	1201.20654	233.62047	1562.01477	1064.74072	63.40873	1477.08484	1322.50854	371.06738	1483.82410	1199.60449	200.74306	1358.72815	1203.86401	268.17905	1475.88599	1357.37744	2.06653	1185.76196	1407.74353	535.27765	1185.92944	1242.70959	-78.64375	1206.52905	1267.49976	464.34796	1158.75293	1030.60913	154.44560	1079.79504	1192.66833	279.26575	1071.97290	1157.15686	276.13315	988.19458	1422.91187	75.94742	493.24008	1296.46460	477.25775	588.66864	1234.65381	76.92407	223.26939	1489.68213	461.32922	149.93732	1245.12598	
362	3.610	116.01937	1465.98560	1047.82007	168.90504	1724.47363	1207.62720	47.72772	1602.05664	1194.47705				63.83024	1477.67993	1317.65063	371.03851	1484.25378	1191.57056	200.33467	1358.96594	1197.87061	269.28711	1476.39246	1349.54675	3.01471	1186.63489	1406.10291	535.55786	1186.90833	1232.79761	-77.12011	1205.50574	1265.35144	462.78104	1159.53345	1022.62000	153.39388	1080.78137	1186.66272	277.93182	1071.65564	1151.10217	277.20697	988.68298	1418.16553	75.22718	495.17685	1282.53271	474.89627	588.15387	1231.77600	79.90580	227.07971	1476.25220	461.75702	149.64301	1244.24597	
363	3.620	116.69207	1466.82776	1040.79651	167.81483	1724.69934	1202.00220	46.93125	1601.71411	1187.98071	233.13564	1563.29260	1052.44775	64.34255	1478.20874	1312.98535	369.94330	1484.07764	1183.20032	199.20358	1359.06885	1192.61511	270.59805	1477.15515	1343.85925	5.82917	1187.33276	1403.16333	535.31427	1186.98889	1222.90710	-76.74811	1205.30505	1263.72400	460.18094	1160.48718	1013.22357	152.74557	1080.85010	1184.67859	276.52417	1071.58472	1144.98804	278.16495	989.18134	1413.39954	74.22897	496.61127	1267.01917	473.14084	587.34912	1228.59668	82.89786	230.15979	1462.15112	461.84195	148.89211	1245.60828	
364	3.630	116.82462	1467.25793	1034.18640	166.58476	1724.75305	1196.38892	47.25124	1601.34705	1180.73425	235.06129	1565.34045	1046.89233	65.10462	1478.66748	1308.32935	369.11523	1484.15601	1175.36951	198.24638	1358.72375	1186.85779	271.43613	1477.66431	1336.94275	7.31810	1188.94995	1401.03162	535.16492	1187.28748	1213.10950	-76.81786	1204.83093	1262.22705	458.54776	1160.09302	1006.41711	151.85167	1081.37878	1180.61230	274.82745	1071.34387	1138.65564	278.28665	989.83374	1408.50000	72.26456	498.75632	1251.60059	470.79678	586.85706	1225.91968	85.32033	231.29381	1446.86206	462.61792	149.32320	1242.79199	
365	3.640	117.08662	1467.75061	1027.01978	166.32082	1724.61487	1190.67542	46.87762	1601.01111	1174.10034	232.31128	1564.70654	1040.05212	65.91015	1478.94873	1303.60999	367.89346	1483.87109	1166.42480	197.05246	1358.54871	1181.39038	272.14499	1478.65942	1329.64172	8.25771	1190.14966	1399.30762	534.68573	1187.50220	1203.95496	-76.81570	1204.66541	1261.09778	455.64658	1160.00647	997.90009	150.82915	1081.79443	1176.40344	273.63440	1070.82031	1136.64368	278.72040	989.62897	1402.91846	70.24609	501.01953	1236.76501	468.45236	585.81708	1223.14502	87.29592	232.44989	1431.45483	463.02698	148.52089	1242.54663	
366	3.650	117.06741	1468.16113	1019.96503	165.22307	1724.63196	1185.05298	45.38565	1601.07397	1168.10046	234.85065	1566.59277	1035.12134	65.78342	1479.72449	1298.33496	366.58502	1484.02417	1158.20032	195.92052	1358.60254	1175.91760	272.98917	1479.02173	1322.29517	9.61029	1190.66553	1396.96826	533.79895	1187.13159	1194.74219	-77.13728	1204.34680	1259.72510	453.26883	1159.04138	989.40240	149.90810	1083.19910	1172.39343	272.06180	1070.69434	1131.48218	278.93451	989.98291	1398.06982	67.76971	503.57697	1222.94080	465.55322	584.90161	1221.84021	89.53679	232.20551	1415.79834	463.34937	147.93242	1242.51489	
367	3.660	116.68944	1468.77332	1013.18433	163.44789	1724.82654	1179.27820	44.49132	1600.75916	1161.55969	231.35670	1566.19739	1027.75244	66.07096	1479.56677	1293.44751	365.46915	1483.47913	1150.89258	195.06581	1358.59607	1170.05090	273.64929	1479.71838	1315.64832	11.19923	1192.77490	1395.03760	532.49542	1187.24280	1185.06726	-77.56760	1204.21826	1258.69775	451.29614	1157.74963	981.77905	149.07045	1083.57544	1169.90015	270.19952	1070.65088	1125.03235	280.04941	990.32599	1393.06543	66.19568	505.73013	1211.38306	463.47284	583.70111	1218.50098	91.26766	231.70595	1399.43018	463.49500	147.11165	1242.65442	
368	3.670	116.08538	1469.29541	1006.52905	163.06187	1724.74963	1173.44177	43.32608	1600.58655	1155.06921	231.12769	1567.37415	1021.74121	66.67159	1479.78931	1288.36072	363.99026	1482.81885	1141.92236	193.68161	1357.82104	1164.46570	273.74753	1479.61609	1308.04626	12.62875	1193.53076	1392.90088	531.23322	1186.87500	1176.01587	-78.61188	1204.90271	1257.61072	448.59052	1156.86707	973.62036	147.37802	1083.88367	1164.72168	268.32742	1070.38318	1118.59485	280.08694	990.48816	1388.35962	62.33368	507.91736	1200.08862	461.25082	582.89435	1217.30212	92.91145	229.86530	1382.51270	463.78351	145.93231	1242.25891	
369	3.680	115.64956	1470.04993	999.48340	161.63884	1724.41321	1167.77954	42.93286	1600.20435	1148.02405	231.09656	1568.27380	1016.42590	66.54271	1480.04907	1284.08191	361.96097	1482.64844	1133.61047	192.43877	1357.74597	1158.66296	274.27271	1479.85681	1301.01953	14.65116	1195.29468	1390.26489	529.83203	1186.48096	1166.75854	-79.30846	1204.47583	1256.60193	446.42438	1155.67908	965.76172	145.64140	1084.26624	1159.79639	266.67310	1070.08289	1116.21082	280.12469	990.80524	1382.76013	59.19179	510.02322	1189.97607	458.31851	581.34430	1214.96277	94.05077	227.22908	1364.96741	463.86002	145.77324	1242.21265	
370	3.690	114.86595	1470.09766	992.61139	160.87825	1724.41479	1162.37097	41.47673	1599.99365	1141.78357	228.63522	1566.74329	1009.43860	66.88610	1480.38220	1279.17468	360.03519	1481.56433	1125.67102	190.94308	1357.10974	1152.88501	274.81729	1480.03064	1293.79163	15.28819	1195.55530	1388.16138	528.21979	1186.09106	1158.28491	-80.77640	1204.71008	1255.82690	443.71539	1154.69556	957.80798	144.33540	1084.24255	1156.21521	264.23383	1069.53052	1108.88318	280.05249	990.87103	1377.83752	55.69926	512.20020	1179.86438	456.63873	581.13312	1213.60132	94.11619	224.32559	1347.01050	464.61340	145.60341	1241.13867	
371	3.700	114.00605	1470.62366	985.75793	158.18651	1723.68164	1157.16650	40.33268	1599.62036	1135.49072	229.37712	1568.37671	1003.60431	66.46949	1480.46497	1273.99951	358.28061	1481.21289	1116.80542	188.89854	1356.86121	1147.46838	274.31470	1479.97925	1286.34351	15.88160	1196.49353	1385.86584	526.49512	1185.25818	1150.27209	-82.16752	1204.95496	1254.59814	440.27313	1152.93433	949.34467	142.89365	1083.99719	1153.65283				280.19189	991.03479	1372.65894	51.90587	513.50012	1169.08960	454.53885	580.71692	1211.34094	95.01694	221.49364	1328.85986	464.82266	145.50520	1240.33130	
372	3.710	112.73061	1470.86572	979.30981	157.66194	1723.19373	1151.40564	38.72143	1599.51489	1128.76416	228.41943	1568.76721	998.04889	65.76934	1479.92419	1269.26233	355.49515	1480.03564	1108.71484	186.87816	1355.80542	1141.84229	274.22211	1479.86499	1279.45081	16.47320	1197.22839	1383.36475	524.45422	1184.42566	1141.16357	-83.53281	1204.93420	1253.75940	438.26001	1152.02661	941.84869	140.46135	1082.98535	1149.38416	259.46054	1067.15869	1100.13440	280.18890	991.22980	1367.41699	47.39732	514.93726	1159.19043	452.72049	580.14740	1209.69238	95.29670	217.34230	1309.22510	465.03940	144.94586	1240.41992	
373	3.720	111.38537	1470.91113	972.75177	156.11568	1722.69202	1145.49817	36.89128	1599.29163	1122.71606	225.11646	1567.49121	990.40466	65.71301	1480.07971	1264.47620	353.48386	1478.79236	1101.05505	184.19820	1355.01855	1136.77820	274.08597	1479.45227	1272.52515	17.46280	1197.98828	1380.62878	522.22192	1183.55566	1132.68811	-85.15589	1205.06250	1253.01770	435.02670	1150.47522	933.81427	138.43304	1081.70093	1144.41296	257.28802	1066.15747	1095.29907	279.70361	991.98865	1362.78491	43.18553	516.12585	1149.96912	450.91544	579.82819	1207.08325	94.99164	213.41599	1290.26477	465.65115	143.82755	1239.55725	
374	3.730	109.97379	1471.31335	965.93054	153.52795	1722.66724	1139.94812	35.22725	1598.90210	1116.38562	225.90437	1568.47205	985.69958	64.55013	1480.27869	1259.69543	350.74979	1477.93054	1092.49951	182.06363	1354.27490	1130.75623	273.28448	1479.49548	1265.34180	17.58217	1198.33875	1377.93005	519.91620	1182.92761	1124.36633	-86.77522	1205.20630	1251.82446	431.85062	1148.34827	925.99261	136.31013	1081.24927	1140.94861	254.08284	1065.72974	1088.78613	279.50601	992.05939	1356.73828	37.46323	517.35571	1140.95740	448.97568	579.27307	1204.85376	92.95979	209.31699	1270.50793	465.77710	143.56638	1239.34216	
375	3.740	108.47404	1471.25610	959.16418	152.25024	1721.95996	1134.48486	33.44379	1598.49524	1109.95215	223.59470	1568.76221	979.43488	63.85220	1479.95715	1255.08203	348.02850	1476.87451	1085.12537	179.54041	1353.46631	1124.96521	272.36157	1478.98340	1258.50244	17.98268	1198.97229	1375.01746	517.16498	1181.77808	1115.73450	-89.22379	1205.20007	1251.08069	428.04840	1146.71790	917.67615	133.80447	1080.80457	1135.34045				282.40884	993.93201	1352.40710	33.00929	516.86688	1132.12219	448.21979	579.12988	1202.60718	90.66835	203.97133	1249.63123	465.75827	143.11301	1239.05945	
376	3.750	106.55118	1471.21851	952.83441	150.47337	1721.26819	1128.48450	31.55147	1598.07971	1103.77942	222.42308	1568.45679	973.42963	63.03548	1479.36328	1250.06702	344.89572	1475.38562	1077.31360	176.92833	1352.85193	1119.13904	271.51678	1478.45605	1251.86011	17.56370	1199.14673	1372.02087	514.95636	1180.57544	1106.87585	-90.85260	1204.99658	1250.03101	424.48532	1144.46167	909.50177	131.15300	1078.93188	1130.17432				280.46631	993.03162	1346.46338	27.86334	516.90631	1123.68787	446.50400	578.78973	1199.51416	87.10758	198.39568	1229.23560	465.69464	143.45151	1237.34839	
377	3.760	104.66711	1471.08337	946.23047	148.70784	1720.30225	1122.60669	29.32383	1597.82739	1097.55518	220.55663	1567.64001	967.68237	61.77538	1478.89514	1245.01770	342.22910	1474.02271	1069.52722	174.49147	1352.05518	1113.07922	270.20535	1477.83203	1245.48206	18.33053	1199.10596	1368.97327	511.96637	1179.54224	1099.50195	-93.70444	1204.86926	1249.04761	421.13736	1141.83618	902.55341	128.35420	1077.74634	1125.12610				278.41306	992.48108	1340.16443	20.20829	517.84534	1116.40320	445.31857	578.55682	1196.41626	82.00790	193.15323	1208.21155	465.47586	142.89378	1237.84216	
378	3.770	102.36284	1470.96655	939.92413	144.58218	1720.06689	1117.30823	26.83439	1597.41187	1091.07190	218.39485	1567.31091	961.00671	59.93855	1478.38367	1240.02686	339.04849	1472.95190	1062.12744	171.62683	1351.01453	1107.31152	269.17325	1476.85596	1238.05151	17.82309	1198.75403	1365.55249	508.95123	1178.02979	1091.08777	-95.27929	1204.78662	1247.62280	417.36823	1139.70776	895.42932	125.37344	1076.84302	1119.82483				276.06519	991.12567	1334.68091	15.25015	517.06268	1109.89783	443.88074	578.14417	1194.05823	76.62328	188.11679	1186.91516	466.17297	143.64357	1235.42212	
379	3.780	100.21623	1470.52832	933.57489	143.62918	1718.78589	1111.51331	24.60263	1596.45020	1084.73694	216.54622	1567.44080	955.48999	57.84202	1478.18994	1235.27588	335.93723	1471.61792	1054.47852	168.38086	1350.42151	1101.69543	267.27002	1476.20862	1231.30212	17.31245	1199.12830	1362.11670	505.32721	1176.72498	1082.38269	-98.42926	1204.11804	1246.35071	412.81796	1137.51636	887.15729	122.63148	1074.91736	1116.56360				273.61047	990.36816	1327.90869	10.48337	517.29987	1104.00757	442.20697	577.69116	1190.65564	68.26102	182.28732	1165.18372	465.87006	143.40266	1233.38330	
380	3.790	97.65851	1470.22974	927.04626	140.44585	1718.81519	1105.82458	22.29289	1595.95532	1078.44592	213.71309	1566.98828	949.30072	56.25048	1476.94128	1229.94263	332.79855	1470.34998	1047.41956	165.14511	1348.86743	1095.98157	264.66412	1475.65405	1224.59094	17.24166	1197.91577	1358.49829	502.23245	1174.51770	1075.10754	-100.50244	1203.49353	1244.70007	408.26367	1135.01746	878.97760	120.43782	1073.67969	1111.30823				271.17422	989.16614	1321.95142	6.00217	518.21783	1099.54919	441.04840	576.95789	1187.32935	57.87494	174.24133	1139.97351	465.41507	143.10249	1232.98364	
381	3.800	95.13778	1469.81531	920.55359	138.18669	1717.36230	1100.02295	19.69426	1594.95630	1072.29517	210.35307	1565.36646	942.85187	54.26087	1475.82178	1224.91113	329.25677	1468.77222	1039.67175	162.22929	1347.95996	1089.69067	262.84134	1474.64771	1217.73071	16.29725	1197.92505	1354.77734	498.42249	1172.78040	1066.81885	-104.01299	1202.88354	1243.23425	403.46756	1132.18860	871.85468	117.75705	1072.60144	1105.76807				268.10046	988.16400	1315.56128	2.09371	518.69061	1095.23755	439.74054	577.00800	1184.33325	45.73035	167.14613	1119.00562	463.93314	143.03548	1231.19055	
382	3.810	92.37322	1469.33521	914.02753	135.49649	1716.59314	1094.34290	16.79529	1594.02429	1066.10364	210.64575	1564.68213	938.09039	51.55870	1474.79797	1219.39612	325.95535	1467.68542	1032.76379	158.51790	1346.96387	1084.11743	260.43863	1473.41187	1210.99622	15.13548	1197.46826	1350.91296	494.56897	1170.68518	1058.14246	-106.28247	1201.58069	1241.16577	398.77176	1129.53284	864.92377	113.73250	1071.41357	1100.92065	229.23265	1054.91431	1043.15881	270.61884	990.65320	1311.90173	-1.66660	518.59955	1091.17407	438.17719	576.56775	1180.50525	32.28179	159.70039	1096.95557	463.94131	142.86201	1229.62415	
383	3.820	89.65713	1468.86169	907.58228	132.74428	1715.39368	1088.66357	12.95044	1593.46484	1060.27051	205.69322	1564.54517	931.46783	48.97215	1473.49622	1213.98975	321.91611	1465.99561	1025.45715	155.10655	1345.53577	1078.08582	257.65930	1472.17175	1204.14917	13.67999	1195.95996	1346.96753	490.50925	1169.82190	1050.27478	-109.30756	1199.99072	1239.08142	393.73795	1127.25830	857.65857	110.73430	1070.22168	1095.24585	225.33389	1053.14917	1036.23059	268.74939	989.50244	1304.95337	-5.13314	517.61047	1087.45471	436.83807	575.73260	1177.99719	17.32219	154.99411	1080.24536	463.53915	141.92632	1229.11157	
384	3.830	86.43117	1468.29309	901.25806	129.11708	1713.87048	1083.21509	10.21879	1592.44971	1054.15454	204.86960	1563.65771	926.72449	46.26974	1472.39294	1208.32959	318.37607	1464.53650	1019.07782	151.33406	1344.56055	1072.08435	254.57214	1471.32556	1197.44373	12.32684	1195.44519	1343.11951	486.08527	1167.54272	1042.79834	-113.36230	1198.56848	1236.83862	388.32657	1124.59741	849.87500	107.15936	1068.74817	1089.50549	221.98030	1052.19165	1030.90173	265.87726	988.49615	1298.90466	-7.76626	515.56964	1084.60864	435.13309	575.51697	1174.54407	3.59205	150.65712	1063.08362	462.54633	141.47545	1229.16479	
385	3.840	83.16495	1467.70081	894.82416	126.68158	1712.50696	1077.46423	6.47372	1591.47058	1047.75659	199.67598	1562.90662	919.56812	42.85724	1470.60901	1202.80396	314.26752	1463.13220	1011.78839	147.48984	1343.24634	1066.30090	251.69597	1469.91895	1190.59338	10.50386	1194.73755	1338.66956	481.48172	1165.55090	1033.88647	-116.36233	1196.88818	1234.44873	383.13165	1121.83887	842.48486	103.93661	1067.39087	1083.29236	218.58652	1051.35706	1022.98798	263.04587	987.65735	1293.11865	-10.12048	512.23639	1081.39990	433.61981	574.91180	1170.15906	-13.00978	149.14867	1048.21533	461.41220	141.75392	1227.41370	
386	3.850	79.84973	1467.11829	888.20978	122.60612	1711.34741	1071.67566	3.41492	1590.10681	1041.58264	198.47876	1561.73010	914.39417	39.05308	1469.18457	1197.12781	310.23016	1461.51550	1004.73889	144.01492	1341.44348	1059.62720	248.29839	1468.50659	1184.06958	8.57786	1193.49414	1334.32300	476.85269	1163.73730	1026.62988	-120.83064	1194.15906	1232.73352	377.06723	1119.12903	835.99670	100.48613	1065.33130	1077.17395	214.66791	1049.19287	1017.10529	259.70706	986.84167	1287.11060	-10.97447	507.76718	1078.36584	431.69122	574.44421	1166.32690	-28.97776	149.55229	1031.58240	460.70657	140.39281	1225.98267	
387	3.860	76.23548	1466.02185	881.81061	118.96879	1709.72620	1066.51477	-0.28398	1588.87268	1035.24927	194.20509	1560.31421	907.29846	35.92010	1467.34937	1190.87122	305.65826	1458.62622	996.17688	139.92979	1339.69006	1053.43750	245.20274	1467.04724	1177.42566	5.27297	1191.94263	1330.14258	471.90714	1161.35156	1018.21948	-124.36144	1191.38220	1223.92322	370.56134	1116.31104	827.75256	96.89789	1063.91785	1070.61462	211.23978	1048.23071	1010.28687	256.17737	984.82813	1280.41113	-11.45295	503.11789	1074.47437	430.03250	573.58911	1163.09314	-47.41279	151.25143	1015.63251	459.92188	140.93837	1223.30347	
388	3.870	72.43679	1464.98914	875.46625	115.22740	1708.29797	1060.97607	-4.32547	1587.71899	1029.05212	191.07196	1559.61829	903.01013	31.78274	1465.39099	1184.52234	301.59152	1457.54041	989.12787	135.81215	1337.96118	1046.97375	240.92720	1465.41675	1171.07129	3.35417	1190.32959	1325.16675	466.97043	1158.84863	1010.78510	-128.01376	1188.56519	1219.24634	364.59525	1113.73608	821.51672	92.85871	1062.45776	1064.45435	207.95018	1045.76013	1004.92938	252.71672	983.39685	1273.84912	-11.47617	499.41125	1069.62744	427.97842	571.90686	1158.30151	-61.77956	153.78618	999.38690	459.09949	140.57201	1222.47546	
389	3.880	68.62564	1464.39343	869.15363	111.76676	1706.93982	1055.51392	-8.20931	1586.61987	1023.33118	188.50674	1559.19128	897.71497	28.06448	1463.03723	1177.89954	297.41925	1456.40686	985.07446	131.76921	1336.38916	1040.49585	236.97340	1463.64465	1164.32410	0.45642	1188.93140	1320.29858	461.72079	1156.76123	1002.99487	-131.96892	1186.64258	1215.48486	358.07205	1110.72754	815.46375	89.69198	1060.39685	1057.40735	204.27063	1044.62817	997.93683	248.99370	981.82520	1267.90576	-11.79498	496.14978	1064.64075	426.03534	570.96368	1154.24121	-76.35522	157.17856	984.02490	458.03912	139.48170	1221.04883	
390	3.890	64.70939	1463.60254	862.73737	107.29761	1704.90039	1050.22473	-12.67459	1585.07129	1017.28180	183.28931	1557.37024	890.83667	24.03645	1461.07288	1171.95337	292.84894	1453.74634	976.03418	127.38940	1334.31128	1034.17627	232.93065	1461.79297	1157.58606	-2.43130	1187.39307	1315.41479	456.71756	1154.28308	995.30292	-136.01563	1183.77637	1212.27673	351.64743	1108.47656	808.46545	85.69205	1058.11755	1050.58521	200.90471	1042.29419	992.53143	244.46780	979.16168	1261.08374	-12.95968	493.98178	1058.94971	423.88272	569.52771	1149.38123	-90.42435	161.63666	969.78546	457.68823	139.05215	1219.28943	
391	3.900	60.71180	1462.42969	856.07745	102.90623	1703.96924	1044.69812	-17.04261	1583.73340	1010.93317	178.44382	1555.93738	884.61493	18.84963	1458.80811	1165.82141	288.71619	1452.81177	971.54388	122.73820	1332.56335	1027.96375	227.86694	1459.95081	1151.54968	-5.18114	1185.75232	1310.27710	451.57620	1151.57751	987.63000	-140.01350	1181.25769	1208.66711	344.89523	1105.97363	801.40259	81.77091	1056.84509	1043.34082	197.40404	1041.47620	984.77917	240.01439	977.50250	1254.62634	-14.98458	491.58017	1053.29443	421.52765	568.64105	1143.81677	-102.07166	166.67732	956.48767	455.75882	137.89813	1217.10815	
392	3.910	56.16271	1461.55957	849.91296	99.62003	1702.41602	1039.16968	-21.38955	1581.93909	1004.69263	174.85327	1555.59814	879.18671	13.80358	1456.68042	1159.06848	283.87701	1451.35779	965.61920	118.64465	1330.59583	1020.86145	223.29442	1458.10925	1145.13110	-8.70076	1183.91626	1305.29736	445.35129	1149.28149	980.16895	-143.39629	1181.02405	1210.39868	337.76947	1103.65833	794.77405	78.14780	1054.42322	1035.73645	193.51764	1039.61682	978.32159	235.53664	975.36023	1247.33496	-17.31295	489.74640	1047.00867	419.01056	566.72168	1138.33337	-113.59999	172.11961	943.72394	454.60641	137.01114	1216.36743	
393	3.920	52.09686	1460.80225	843.47137	94.74991	1700.13391	1033.63513	-25.05553	1580.47473	998.11505	169.33887	1553.59033	872.02283	9.16788	1454.25623	1152.65515	279.13062	1449.39185	959.12500	113.60413	1328.74194	1014.68188	218.54123	1456.23328	1138.77222	-10.73725	1183.16150	1299.55542	439.71640	1146.80884	972.40991	-147.49710	1178.10791	1206.47461	331.37231	1101.57813	789.17633	74.75416	1052.84521	1027.82434	189.65341	1037.87830	971.88898	230.72446	973.09003	1240.47437	-18.48074	487.11911	1041.22949	416.87524	565.48779	1132.13855	-124.49433	175.95779	931.96069	452.98965	136.15108	1213.98303	
394	3.930	47.59627	1459.98059	837.07422	89.67306	1698.78259	1028.44788	-30.28266	1579.18420	992.56024	165.37621	1553.30945	867.39020	4.08231	1451.69653	1146.45825	274.39917	1447.87061	953.54883	108.92822	1327.23120	1007.68182	213.68510	1454.35168	1132.21667	-14.41973	1180.94495	1294.08838	433.41837	1144.17920	964.68060	-151.22498	1175.37219	1201.73767	324.98254	1099.04065	783.04529	69.98465	1050.86194	1020.92798	185.49742	1035.30371	964.83362	225.50140	970.67871	1233.12891	-21.65988	485.70996	1035.12354	414.52597	563.82690	1126.47986	-133.77437	179.51633	921.04504	452.12064	136.12524	1212.18469	
395	3.940	42.97984	1459.07947	830.68768	84.81296	1697.17920	1023.18378	-35.35439	1578.08838	986.21045	160.96225	1552.17371	862.00098	-1.71151	1449.40588	1140.07910	269.19034	1446.54517	946.39716	104.10811	1325.34692	1000.84576	208.23764	1452.14124	1125.71289	-19.32768	1178.87390	1288.84192	427.08502	1141.89636	957.44891	-155.44427	1172.80396	1196.43542	317.97348	1097.25427	776.99298	65.34530	1049.23218	1013.49536				220.15166	968.86426	1226.42310	-25.50029	483.27350	1029.24927	412.31570	562.13660	1120.62476	-143.22388	182.64542	910.30548	450.46988	135.24693	1209.69104	
396	3.950	38.70901	1458.54749	823.83099	78.81219	1695.25464	1018.09625	-40.61789	1576.76343	979.64978	155.55983	1550.36377	855.44464	-7.03210	1447.28955	1133.71362	263.89529	1444.87305	940.47131	98.94383	1323.67114	993.83435	203.03680	1450.29395	1119.24854	-22.63723	1176.72803	1282.60535	421.17972	1139.61707	951.03076	-159.77919	1169.99292	1190.87024	311.48416	1096.02063	770.25916	60.53901	1047.45837	1006.01685	176.20836	1032.10034	948.07623	215.17947	966.41150	1218.53271	-29.67124	481.37518	1023.46246	409.52438	560.52875	1114.01343	-152.25117	185.07350	900.51788	448.44955	134.28076	1208.73047	
397	3.960	33.97413	1457.96521	817.10785	74.55200	1694.13708	1012.65393	-46.15527	1575.99744	973.73206	151.34369	1550.04199	850.20551	-12.84856	1445.41443	1127.13538	258.52469	1443.55310	933.64648	93.39774	1322.27930	987.14215	197.47040	1448.46106	1113.19263	-26.61372	1175.19360	1277.09448	414.44046	1137.43286	943.57764	-163.46831	1167.57495	1185.10547	305.44733	1094.15222	764.30188	55.19332	1045.45300	998.87897	171.22836	1030.10303	941.49066	209.65779	964.51526	1210.70850	-33.97408	478.89420	1017.13989	406.49722	559.25464	1107.42224	-160.00159	186.18350	891.40674	446.57196	134.44313	1205.18591	
398	3.970	28.43855	1457.69250	811.24707	69.00515	1692.25012	1007.34576	-51.26581	1574.50586	967.22900	146.07425	1549.80579	844.00623	-18.15309	1443.25989	1120.48010	252.97090	1442.00073	927.23022	87.43725	1320.35950	980.48065	191.92520	1446.69556	1106.52039	-31.48360	1172.06714	1270.31653	407.80087	1135.45044	936.89978	-168.74995	1161.99731	1173.21191	298.52994	1093.02759	757.00763	50.02406	1043.75403	990.89789	165.63843	1027.78333	934.21313	203.80392	962.93774	1203.30786	-39.04860	476.54437	1010.84729	403.45367	557.68512	1100.63025	-168.85861	186.95624	883.17383	445.04285	134.24530	1204.26746	
399	3.980	23.58330	1457.10730	804.10077	64.36241	1691.47302	1001.60504	-56.42101	1573.62549	960.64972	140.65268	1548.32227	837.85773	-23.81480	1441.40601	1114.27087	247.17641	1440.76941	920.47430	82.11755	1319.23364	973.22961	186.07671	1444.92468	1100.19800	-35.11462	1170.68933	1263.70642	401.12173	1133.74609	929.66406	-173.16190	1160.78992	1168.63123	292.67130	1091.71594	751.01367	44.00836	1041.98340	983.40619	159.59645	1025.80518	926.95630	197.45660	960.78595	1195.60181	-44.60667	474.01230	1004.49237	400.23474	556.00256	1092.66382	-175.98515	186.76802	875.68781	443.23956	134.29312	1201.89856	
400	3.990	18.63955	1457.04285	797.18439	57.50994	1689.44165	996.83173	-62.30602	1572.79395	954.57391	135.77342	1548.54224	833.29089	-29.81828	1439.52148	1108.17554	241.02908	1439.39636	914.37195	75.95343	1317.84961	966.42523	179.95143	1443.02490	1093.46252	-39.98215	1168.41711	1256.82532	394.77899	1132.12256	923.62372	-177.78844	1158.59094	1162.60706	286.46445	1090.17102	744.75726	37.61115	1040.57227	975.48480	152.71605	1023.90033	918.62115	191.14027	959.33185	1187.95801	-50.66285	471.15320	998.20959	396.85217	554.82751	1085.54199	-182.26875	184.82368	868.56659	441.19867	135.22856	1197.42224	
401	4.000	13.44487	1456.59070	790.22546	51.81471	1688.18848	991.56360	-67.41731	1571.76868	948.08136	130.94553	1548.66138	827.68365	-35.44015	1438.18286	1101.92834	234.76917	1438.12231	907.11719	69.67443	1316.48413	959.79492	174.03021	1441.55603	1087.14648	-45.31160	1166.77039	1250.10876	387.56213	1130.61633	916.63672	-183.07478	1156.25000	1155.59314	279.78198	1088.83862	738.80957	30.52915	1039.05969	967.97345	145.89340	1021.84430	911.24438	184.99182	957.18451	1179.35400	-56.27192	468.11304	991.66254	393.01859	554.14178	1077.54993	-187.60954	182.30217	862.10815	439.81567	134.83957	1195.08655	
402	4.010	7.70101	1456.73315	784.32220	47.29522	1687.36719	985.98145	-73.22855	1570.76294	941.52319	125.55251	1547.88794	821.98151	-42.31607	1437.08264	1095.94946	228.44922	1436.98389	900.70923	63.04209	1316.03833	953.12909	167.78966	1439.65295	1080.65881	-50.24078	1164.53345	1242.82007	381.15692	1129.48230	910.31055	-188.64291	1154.17004	1148.14099	273.21384	1087.69983	731.84125	23.38377	1037.27161	959.74591	138.31862	1020.12195	903.28271	178.23737	955.95953	1171.22046	-62.01247	465.08383	985.60553	388.76691	552.90985	1069.44604	-194.11168	180.10739	856.00964	437.53162	136.27548	1192.49365	
403	4.020	2.36688	1456.91321	777.38751	40.62495	1686.26318	980.52557	-79.32581	1570.79004	935.18176	118.86698	1546.72412	813.49841	-48.69115	1436.10266	1089.93787	221.82266	1435.98474	892.98438	56.42930	1314.91357	946.35901	162.27823	1438.00403	1074.34570	-55.24389	1163.55481	1235.76868	374.43188	1128.18347	903.43292	-194.13292	1152.57898	1142.77954	266.90164	1087.01025	724.77319	15.88422	1035.68506	951.99066	130.95166	1018.32184	895.49506	171.44366	955.45941	1163.46118	-68.50601	462.26352	979.84692	384.05621	552.28619	1060.37903	-197.58949	175.36421	850.48889	435.38864	137.52835	1187.78589	
404	4.030	-2.76708	1457.31055	770.06268	34.62420	1685.98523	974.55206	-84.91077	1570.54468	928.03644	113.41862	1547.15857	806.72729	-54.87566	1435.51257	1083.98730	214.97729	1435.44482	887.14502	49.52776	1314.39368	939.59387	155.56401	1437.36902	1067.64050	-61.41804	1162.06531	1228.62231	367.84329	1127.35852	897.13959	-200.63167	1150.97729	1133.89282	260.40369	1085.81201	718.34497	8.01805	1034.10925	943.96918	122.98370	1017.80164	885.87195	165.32895	954.97711	1155.50049	-74.13000	459.55774	973.63544	379.02182	551.78802	1052.35083	-201.53508	171.39658	845.48474	434.78409	137.86259	1185.81384	
405	4.040	-8.72983	1457.97766	763.68298	28.00791	1686.53821	968.21136	-92.24921	1571.16125	921.55792	106.92275	1547.07422	800.63043	-61.07735	1435.56750	1078.00403	208.58380	1435.35364	879.76941	42.47495	1315.14111	932.98114	149.22185	1436.72278	1060.89795	-67.89097	1160.62061	1220.88342	360.80951	1126.70288	889.65607	-206.41545	1149.34106	1127.39819	254.21620	1084.32056	711.27808	0.44238	1032.71106	936.06110				158.81345	954.93628	1147.50342	-80.04576	458.77310	967.67798	373.26956	552.37012	1043.62170	-204.61456	166.55228	841.17505	432.99301	140.79865	1181.36279	
406	4.050	-14.38912	1458.63257	756.74731	21.33572	1686.46228	962.13116	-97.56807	1571.22156	914.08978	99.97478	1547.51526	792.97833	-69.10812	1436.17529	1071.54187	201.78926	1435.14307	873.03302	35.18203	1315.46777	926.28229	143.17316	1436.64417	1053.94495	-75.11367	1159.50439	1212.69421	353.70993	1126.89526	883.28638	-213.18156	1148.49438	1118.08728	247.66138	1083.41431	704.26825	-7.29443	1031.50403	928.57635	107.48057	1016.86700	869.42029	151.86092	954.47339	1139.55127	-86.27969	458.72842	961.92688	367.05988	552.03607	1033.84473	-206.97772	162.65044	837.29791	429.99658	143.15201	1177.84656	
407	4.060	-19.86980	1459.08472	749.60992	15.14138	1686.49048	956.05383	-104.16044	1572.21765	907.11194	94.10898	1548.06177	787.27698	-75.51485	1436.90808	1065.47559	194.80034	1435.40088	865.19061	28.23044	1315.95679	919.28497	136.75320	1437.07092	1047.20947	-81.43762	1159.18433	1204.98193	346.86453	1126.72375	876.46814	-220.40965	1148.47363	1110.31677	240.51933	1082.37537	697.26672	-15.83671	1031.24841	922.00867	99.11225	1016.60675	861.28888	144.30975	955.60840	1133.33459	-93.19528	460.16483	955.45587	360.00336	552.51794	1025.94861	-209.96025	158.97859	834.63446	427.63727	145.87300	1172.39258	
408	4.070	-25.53032	1460.05200	742.72144	8.77844	1687.60352	949.69684	-110.37288	1572.43018	899.95367	89.12085	1550.18701	781.91486	-81.28890	1437.97864	1059.19592	187.68150	1435.51465	858.51788	20.36341	1317.20398	913.29315	130.64256	1437.59534	1040.27039	-89.14752	1158.94714	1196.73743	339.12921	1127.14722	869.59961	-227.86746	1149.03735	1104.10168	234.43230	1081.37561	691.14844	-23.01990	1031.14465	914.59583	91.61945	1016.78693	855.32251	137.91368	955.79053	1125.41187	-100.49570	461.77960	948.93048	352.33353	552.59790	1016.54919	-210.95778	155.31841	832.47784	425.01929	149.35698	1167.12109	
409	4.080	-31.30267	1461.17505	735.89459	2.37926	1687.63867	943.35773	-117.30534	1573.30823	893.08154	83.58739	1549.98035	775.13867	-88.47980	1438.90686	1051.92957	180.39812	1436.61292	851.38440	13.60266	1317.74854	905.95630	124.21182	1438.44971	1033.32593	-96.85871	1158.84534	1188.63818	332.08490	1127.94019	862.48657	-234.66365	1149.14526	1094.58337	227.14107	1080.41980	683.51929	-30.33363	1032.49878	908.01178	83.90553	1017.86609	846.99036	131.54359	956.09473	1117.87451	-108.44601	464.26730	941.84625	345.06732	553.89575	1006.65710	-211.62172	151.54860	831.23315	422.62375	152.39673	1160.62109	
410	4.090	-36.86254	1462.16553	728.62115	-4.03141	1688.50317	936.89551	-122.78246	1573.95618	885.62555	78.10310	1551.69641	769.84021	-93.97227	1440.30640	1046.63647	172.86977	1437.33728	844.45996	6.35551	1319.05872	899.45117	117.65282	1439.91919	1026.77405	-104.80143	1159.68286	1180.69275	324.16647	1129.26782	854.52789	-243.35307	1150.21692	1086.50000	220.60666	1080.15442	676.54144	-37.68713	1034.01941	901.73492	76.06593	1018.97833	841.15820	125.32371	956.59674	1110.42896	-116.45640	466.47971	934.50366	336.66986	554.32587	996.85101	-210.98257	147.75829	829.64514	419.12732	156.57625	1155.44922	
411	4.100	-42.45022	1463.19470	721.45917	-10.78227	1689.05688	930.36188	-129.55130	1575.07275	878.56580	69.44662	1550.43506	760.55219	-99.93108	1442.16785	1040.79846	165.60190	1438.62329	836.76428	-1.36108	1320.48022	893.97955	111.74950	1440.97485	1019.94928	-113.14787	1160.26965	1172.85400	317.62564	1130.57397	847.77197	-251.22421	1151.38916	1077.67517	214.09300	1079.84631	669.54291	-44.64606	1035.89709	895.64240	68.39133	1020.94348	832.88690	120.57573	957.63721	1103.04053	-125.18473	468.96100	927.13751	327.70517	555.40674	988.01337	-210.73373	144.07686	829.37463	414.90652	160.44916	1150.60681	
412	4.110	-47.73798	1463.66553	714.73468	-16.36703	1690.22595	923.55475	-135.44972	1575.58081	871.45142	65.51764	1553.24133	755.77106	-107.39040	1443.88831	1033.57617	157.63487	1440.00256	829.10516	-8.08611	1321.26135	887.11115	105.92662	1442.30835	1013.84705	-120.41122	1161.67896	1164.81201	309.43701	1131.75232	839.73322	-258.81384	1153.02332	1070.25281	206.31758	1079.38525	662.55682	-51.59039	1038.55090	889.49518	61.02975	1022.76544	827.56134	114.36272	958.24213	1095.06250	-133.24474	470.90289	919.08746	317.75565	557.12305	977.22778	-208.45905	140.02777	828.50104	409.59711	166.89169	1144.21484	
413	4.120	-53.15300	1464.84338	707.94757	-23.23388	1690.80591	917.15131	-141.23148	1576.60364	864.26953	60.00209	1554.18591	750.55072	-112.87052	1445.92676	1029.17737	151.13704	1441.21814	823.36371	-14.97462	1323.02820	881.11908	99.06424	1443.84143	1007.43982	-128.74173	1162.44714	1157.64319	302.38348	1133.12659	832.30688	-266.22382	1155.36023	1063.14368	199.71521	1078.64954	655.45599	-58.38348	1041.36658	883.76263	53.68552	1024.79089	821.64874	109.22724	959.14319	1087.63464	-141.40123	472.10718	911.58380	308.03677	557.84106	967.75397	-207.65863	136.48448	828.25702	402.73590	172.92345	1138.79846	
414	4.130	-58.69863	1465.43250	701.91626	-29.21690	1692.43140	910.47504	-146.45325	1577.18005	857.87921	54.32938	1554.85596	743.68634	-117.19076	1446.93787	1023.15979	143.62610	1442.78040	816.54401	-22.25116	1324.55237	875.06824	93.62904	1445.01038	1000.92029	-136.55203	1164.09668	1150.03638	295.16901	1134.94910	824.51898	-274.31427	1156.49512	1055.31885	191.92581	1078.61938	647.86621	-65.24244	1043.34082	877.89929	46.65178	1026.96545	815.70068	106.10460	961.26385	1082.93115	-150.09737	474.00262	904.55286	297.40643	558.16150	957.04071	-205.77057	132.83604	828.73328	395.55023	179.19762	1132.81714	
415	4.140	-63.56082	1466.17944	695.57629	-35.06167	1693.17346	903.82550	-152.85612	1577.67261	851.04059	49.55653	1555.93750	738.70319	-124.32095	1449.01733	1017.49103	137.55446	1444.35938	810.61621	-28.90846	1326.08997	868.94202	88.41998	1446.24512	994.71967	-144.21823	1164.91626	1142.83887	287.54462	1135.97217	815.92291	-281.42523	1157.65466	1044.61084	185.60143	1078.65356	641.14484	-72.13670	1045.32349	872.60229	39.45059	1029.01953	807.86969	100.72646	961.92511	1076.70898	-156.54436	475.75610	897.80353	286.50314	559.11218	945.54376	-204.46178	130.44077	830.02136	387.02698	185.92607	1125.42615	
416	4.150	-68.36941	1465.88220	689.53247	-40.94356	1694.54883	897.11621	-158.16270	1578.60498	844.43085	43.63143	1555.43176	729.87286	-129.88084	1450.79639	1011.64807	131.17584	1445.80237	805.11676	-35.35224	1327.75098	862.38660	82.19518	1447.46265	988.45001	-151.92023	1166.52344	1135.97864	280.96442	1136.92065	808.57507	-289.67010	1160.63794	1040.27173	178.60579	1078.60718	632.75024	-78.30173	1047.31421	867.16980	32.93026	1031.02917	802.76959	95.91334	962.69263	1069.81360	-164.17368	478.25684	892.55591	274.49527	559.56750	933.99823	-202.02811	128.47203	832.08765	378.39529	192.23442	1116.39075	
417	4.160	-73.25211	1466.71350	683.83612	-47.47462	1696.16614	890.68103	-163.79979	1579.47498	837.53094	39.30518	1556.50964	726.84442	-135.60765	1452.27893	1006.16772	124.87947	1447.11633	797.61542	-41.64353	1329.40930	856.07672	76.94467	1448.77808	982.26416	-159.61186	1167.57739	1129.37097	273.60236	1138.03577	800.26752	-296.05814	1162.80737	1032.47241	172.28143	1078.51489	624.86707	-84.52251	1048.77173	861.46362	26.74295	1032.19971	797.20355	89.86512	963.52094	1063.97119	-171.86763	480.62225	888.62244	261.59116	558.94232	922.71185	-200.51436	127.93702	833.67596	367.94965	199.82133	1106.55664	
418	4.170	-77.78739	1467.20313	677.72455	-53.60414	1697.24048	884.14240	-168.95848	1580.69556	831.07904	33.93432	1557.58960	721.48822	-141.17525	1453.65686	1000.58154	119.36166	1448.46240	791.68469	-47.71430	1331.01611	849.75403	71.46472	1449.83252	976.47308	-166.03188	1168.85339	1122.49011	266.94855	1139.00745	792.10754	-304.20929	1164.05908	1024.14673	165.71930	1078.21790	616.89313	-90.48497	1050.05725	856.27167	20.72138	1033.67822	790.78217	84.66668	964.88580	1057.58984	-180.16933	482.29416	885.56354	248.33936	557.83685	911.04480	-198.56677	127.82934	836.13715	355.98984	205.91838	1096.41467	
419	4.180	-82.38206	1468.11230	671.82013	-59.61221	1698.20361	877.84650	-174.38695	1581.42419	824.01617	29.17464	1558.67322	714.93878	-146.15460	1455.18433	994.35510	113.54194	1449.70178	785.63770	-53.52302	1332.53662	843.16833	65.75181	1451.12927	970.03723	-174.14076	1169.09814	1116.14478	260.17035	1139.53699	783.42261	-310.23444	1167.36230	1018.77997	159.10663	1077.94629	609.13947	-95.91621	1051.05640	850.51038	14.98615	1034.51282	785.56061	78.63099	965.48486	1051.19031	-187.01909	484.04321	882.59540	235.08296	555.95880	898.52631	-196.88351	127.85445	838.71143	343.55679	212.16351	1082.25684	
420	4.190	-86.88852	1469.22131	665.58173	-64.72994	1699.76367	871.49512	-179.76155	1582.92358	817.71698				-151.36987	1456.38940	988.86761	107.92812	1450.53711	779.78729	-59.53972	1334.02014	837.45917	60.77563	1452.19360	963.99164	-180.76051	1170.29529	1109.79236	253.87146	1140.44116	775.42572	-317.96964	1168.87659	1011.58728	153.10561	1077.60303	600.65839	-102.14796	1052.31396	845.66980	9.26690	1035.29443	779.41577	74.20421	967.52795	1045.81091	-193.68285	484.17789	881.20599	221.74052	553.45251	887.03259	-192.69862	126.84040	842.03558	332.13901	218.80676	1068.33057	
421	4.200	-90.80762	1470.59827	659.45898	-70.15892	1700.10083	865.39722	-185.22607	1583.69788	810.62244	19.47576	1560.63647	703.44470	-157.09613	1457.93469	981.96729	102.82863	1451.42517	774.85065	-64.73203	1335.32178	831.12103	55.18806	1453.52136	958.13324	-187.43889	1171.76892	1103.62878	247.77737	1141.48987	766.52435	-324.45276	1173.34302	1007.65619	147.06143	1077.60547	591.80896	-107.23749	1052.92590	839.74213	4.19392	1035.90381	775.60260	68.28600	968.08167	1040.56738	-200.15567	484.51309	880.43536	207.92598	550.48657	873.62799	-190.66057	126.92902	844.85431	319.98999	225.00543	1051.30933	
422	4.210	-95.06410	1471.53894	653.31757	-74.94215	1701.52002	859.29810	-189.96324	1584.56689	803.88965	15.11095	1561.88318	696.26270	-162.24352	1459.99780	977.54614	97.35112	1452.33740	768.77979	-70.43168	1336.66895	825.67993	50.42766	1454.78784	952.31415	-193.94402	1173.49109	1097.41321	240.99753	1141.83044	758.76843	-330.65283	1174.59021	997.78851	140.74916	1077.62939	582.56921	-112.38834	1053.74158	834.25616	-1.18495	1036.83936	769.47992	63.44692	968.76538	1035.05994	-205.39265	484.02591	880.32281	193.82516	547.51868	860.96252	-188.99318	126.36068	848.65039	309.04675	231.05177	1035.32678	
423	4.220	-99.72134	1472.88306	645.70673	-80.03533	1701.95129	853.42383	-194.59279	1585.66418	797.15350				-166.96777	1461.22058	971.05920	92.05473	1452.63379	763.30499	-75.73249	1337.96313	820.06366	44.96466	1456.02283	946.51978	-200.52275	1175.40967	1091.54175	235.33763	1142.20251	749.17340	-337.13495	1177.98865	995.15918	134.82799	1077.42151	574.34656	-117.76020	1054.87708	829.52979	-6.21574	1038.07275	765.41345	58.65831	970.05017	1028.62256	-210.68457	483.83514	880.90338	178.87814	545.79999	847.91406	-187.00620	125.90202	852.16016	296.75085	237.03532	1016.06958	
424	4.230	-103.74883	1473.89868	639.07721	-84.96758	1702.39722	847.48218	-199.59018	1586.37744	790.21234	6.96162	1564.74109	685.97565	-171.96945	1463.23181	965.48517	86.53108	1453.14600	757.48132	-81.04834	1338.77649	814.48431	39.64927	1457.39221	940.53052	-205.93436	1177.36682	1085.32837	229.26904	1142.57483	740.16333	-343.65271	1180.60376	988.60638	128.70714	1077.53467	565.73798	-122.62247	1055.88464	824.48798	-11.77319	1039.10046	759.39233	54.20535	970.85529	1023.14111	-216.24274	483.33240	880.55658	165.62555	544.44409	833.85059	-185.56552	125.12080	855.54950	286.18991	240.89294	998.90723	
425	4.240	-106.77551	1475.83911	632.78253	-90.47391	1702.98230	841.79340	-204.37646	1587.29395	783.18774	3.67184	1566.33643	681.62433	-177.28131	1465.20032	959.42548	81.71854	1453.39099	751.49603	-86.35282	1339.82397	809.19373	34.38989	1458.68909	934.58710	-212.08856	1179.36597	1079.63257	223.75034	1142.94031	731.78992	-350.09888	1182.41602	981.85895	123.18224	1077.27209	556.36896	-127.77743	1056.91284	819.94604	-17.33741	1041.09888	752.87384	49.49609	972.18433	1017.69037	-220.59161	482.65475	883.44818	150.62300	544.87604	819.18408	-184.96901	124.57726	859.08984	273.66068	245.59950	978.88458	
426	4.250	-110.57007	1476.42737	625.88983	-94.86858	1703.51282	835.46851	-208.74960	1588.06335	776.42810	-0.98873	1566.26599	674.30585	-182.56250	1467.80261	953.30328	76.30058	1452.66968	745.41010	-91.36445	1340.74817	803.51764	30.13445	1459.78284	928.32922	-218.52664	1182.08533	1074.10669	218.62811	1142.89453	723.78650	-355.47556	1186.60986	977.73462	120.64624	1076.02002	546.50299	-133.01282	1058.66650	815.84155	-22.76362	1042.09143	748.57922	45.49374	972.98578	1011.93439	-224.89108	481.77426	886.00061	136.63261	546.30371	802.83600	-184.19875	124.49446	862.47205	261.68573	249.36821	960.29480	
427	4.260	-114.07265	1476.85034	619.23602	-100.24085	1703.94043	829.76324	-212.84189	1588.35815	769.12897				-187.22765	1469.81982	946.31708	71.59103	1452.73621	740.29980	-96.67976	1341.49805	798.24573	25.67641	1461.06433	922.26257	-224.12128	1184.63354	1068.39026	212.68993	1143.21252	714.56549	-362.04047	1188.95581	971.25830	114.65363	1074.96350	537.38538	-137.92111	1060.31287	811.50055	-28.13351	1043.94971	743.51172	41.20400	973.72968	1006.82269	-228.22603	480.78882	888.65753	123.03797	548.27704	788.25244	-183.58746	123.56326	865.71521	249.49228	251.70221	939.76929	
428	4.270	-117.94912	1477.18713	612.00378	-104.52149	1704.09534	823.37708	-217.25215	1588.77747	761.87372				-192.01547	1472.40100	939.95709	66.30360	1452.26807	734.34491	-102.14812	1342.39209	793.16370	20.62694	1462.43909	915.98138	-230.43283	1187.62280	1062.99207	207.92624	1142.80847	706.24664	-368.99969	1191.71570	966.93274	111.75465	1075.37830	528.12073	-143.19516	1062.07300	807.66101	-34.25030	1045.19910	737.80115	37.70955	975.20251	1001.38428	-230.97142	479.86423	891.33826	108.39479	550.73499	771.49634	-182.65356	123.29304	869.21356	235.93214	253.35504	918.43988	
429	4.280	-120.25967	1478.20764	606.11835	-108.41640	1704.19800	816.74640	-221.39253	1589.11389	754.43182				-196.91226	1474.76318	932.93530	60.99721	1451.52808	727.56384	-107.01588	1342.69299	787.17224	15.90217	1463.50342	908.98523	-236.18384	1191.95386	1057.98706	202.50795	1143.37830	697.31689	-374.09882	1194.03918	962.23438	106.97259	1074.76086	518.29718	-148.29529	1064.27991	803.75391	-40.21441	1046.96216	733.64185	34.25721	975.72937	995.95801	-233.14410	479.21796	894.30396	95.17561	554.57965	754.42365	-181.57491	122.14429	872.03888	222.29208	255.10863	897.22864	
430	4.290	-123.04038	1478.83264	599.54791	-113.10954	1704.80798	810.24146	-225.63280	1589.61182	746.79126				-200.70747	1477.23950	926.65503	55.86074	1450.62170	720.63782	-112.72602	1343.32678	782.15723	11.88808	1464.63062	902.03333	-242.31363	1194.28918	1052.50867	197.40790	1142.62756	688.37415	-379.92175	1195.81726	954.68970	103.34535	1074.49854	508.23413	-154.10417	1066.35278	799.94611	-46.13739	1048.17395	730.47974	30.82972	976.90564	990.03137	-234.77240	478.42435	897.84631	81.14315	557.21594	740.97107	-181.76706	121.71329	874.84784	208.73003	256.58444	876.48920	
431	4.300	-126.75806	1479.45789	590.80316	-117.73077	1705.09998	803.32532	-228.76047	1590.13477	738.89874				-205.17262	1479.84424	920.35455	50.56632	1450.05396	714.02588	-117.75024	1343.64185	776.12433	7.93720	1465.93457	895.04218	-248.25885	1197.96533	1047.34363	192.27199	1143.16931	679.06335	-387.64362	1199.04712	951.04114	99.38778	1074.35559	499.14902	-159.40471	1068.43970	795.90796	-52.29829	1049.60193	726.16821	27.99048	977.85437	984.13788	-235.60896	477.74976	900.32910	68.09297	561.35504	724.57385	-182.10963	121.20262	877.69385	194.13736	257.12061	856.68719	
432	4.310	-128.43900	1479.82727	584.71826	-121.41029	1705.22546	796.39984	-233.20125	1590.68091	731.00055				-209.43660	1482.43994	911.04193	45.50961	1448.97253	706.98303	-123.43132	1344.04395	770.77252	3.49305	1466.98767	888.47876	-254.14342	1201.68164	1042.45203	186.51373	1142.52307	669.39069	-393.19345	1203.48669	947.87250	94.76494	1074.27917	488.83731	-165.39221	1069.86853	792.25824	-58.79188	1051.04932	720.38605	24.62959	978.18109	978.98938	-235.93806	477.19534	903.66199	55.16351	564.32373	708.99084	-182.08331	121.04131	880.21417	179.17903	257.48926	834.29156	
433	4.320	-130.95674	1480.36218	576.69855	-124.85732	1704.98608	789.19073	-236.22958	1590.65918	722.83624				-212.83469	1484.42639	906.00757	40.57122	1447.94128	700.90991	-128.52206	1344.27612	764.53595	-0.24237	1467.61890	881.68640	-260.28815	1205.41638	1037.94226	181.79448	1142.95789	661.32739	-400.61856	1206.15210	944.61066	91.44272	1074.94495	478.52881	-171.31726	1071.13416	788.42114	-64.99604	1051.57886	717.34991	21.43709	978.26581	972.88983	-235.73749	476.60605	906.38904	42.46618	568.75232	695.38922	-183.35228	120.37597	882.49335	162.11632	256.28220	818.22540	
434	4.330	-134.47768	1481.14368	567.33069	-129.24078	1705.01074	781.84381	-240.00632	1591.21692	714.36957	-27.08468	1569.46887	633.36792	-216.97026	1486.91553	899.13483	36.13971	1447.17529	693.84369	-134.24500	1344.87585	758.94928	-3.88874	1468.32275	874.18256	-265.97046	1210.05408	1033.93689	175.75092	1142.39600	650.96802	-406.76596	1211.99707	948.92548	87.82665	1075.68225	467.83835	-176.84677	1072.02686	784.94507	-71.22859	1052.63220	712.89545	18.48868	978.55646	967.39441	-235.18297	476.70551	909.40973	28.79320	573.23956	683.38733	-183.96292	120.15861	883.57861	145.89571	255.15767	796.28406	
435	4.340	-135.60884	1481.46497	561.53546	-132.96130	1704.46338	774.98053	-243.42099	1590.84155	705.79517	-29.97063	1569.89929	625.14221	-220.42212	1488.98242	891.95129	31.19037	1446.27124	686.67261	-139.55066	1345.10583	752.57227	-8.20477	1469.08240	867.16223	-270.72610	1213.62036	1029.24854	170.73315	1142.21680	641.12354	-414.68018	1214.53186	945.07910	84.61491	1077.03027	457.21088	-182.40984	1072.32019	781.93439	-77.37683	1052.38940	710.73071	16.17483	979.47510	961.75354	-233.05118	475.50800	912.06256	17.71410	577.37445	671.23413	-184.73140	119.98759	884.96686	130.47099	254.20428	775.72919	
436	4.350	-137.83136	1481.60327	553.29474	-137.42320	1704.39063	767.51520	-246.14244	1590.56189	697.06738	-32.16174	1569.56555	619.08038	-224.40538	1491.34021	885.16992	26.81119	1445.29980	679.50018	-144.94957	1345.52478	746.62128	-11.42757	1469.68750	859.89154	-276.51895	1217.48511	1024.76013	165.18132	1142.27295	632.06250	-422.22256	1217.68250	942.06537	81.41405	1078.61731	445.50299	-187.51526	1071.18213	780.72266	-83.01490	1052.41748	706.64264	13.27017	980.19427	955.88599	-233.70267	476.10513	914.81036	3.98882	581.45129	658.98779	-185.15140	119.84005	885.74866	114.28194	251.37149	755.03070	
437	4.360	-141.09955	1482.00134	542.23859	-139.59979	1703.42017	760.10229	-248.99826	1590.37158	688.54102	-34.84039	1569.61755	611.61877	-228.23311	1493.01428	877.28485	22.11600	1444.21301	672.08752	-150.00983	1345.85486	740.48633	-15.50542	1470.36365	853.11102	-282.60880	1221.08264	1020.70129	159.70981	1141.34082	622.61792	-429.66336	1221.21875	939.35919	78.45480	1080.00513	435.10989	-193.10349	1070.79089	778.01703	-89.57600	1052.89929	701.19116	10.03167	980.13770	950.33600	-233.02115	475.76080	916.73065	-8.59853	585.46716	646.24402	-186.03009	119.61929	885.87909	98.51804	248.47971	735.77203	
438	4.370	-143.19543	1481.96863	534.48370	-143.92393	1703.26477	752.40924	-252.86537	1590.66907	679.84991	-37.44225	1569.29602	604.42651	-231.61015	1495.12927	871.34485	17.61089	1443.29541	665.16791	-154.83917	1346.01550	734.29077	-19.26226	1470.49622	845.93250	-288.10086	1223.91699	1016.20221	154.63364	1141.21130	613.89948	-435.58307	1223.94019	935.64258	75.04052	1082.48767	423.62842	-198.97142	1071.76343	772.79578	-95.88708	1053.16260	696.73798	7.29717	980.80267	943.88849	-232.27538	475.42804	918.87225	-20.54449	588.58929	634.89520	-187.45253	119.88619	886.04706	82.56310	243.32779	717.15137	
439	4.380	-143.56250	1481.40710	529.06342	-147.18427	1703.05176	744.35101	-255.33698	1590.09680	670.72443	-39.57388	1568.84094	596.37097	-234.97601	1496.59009	864.39105	12.80354	1442.54321	658.25421	-159.57793	1346.26025	728.32867	-23.06512	1470.87988	838.25604	-293.46768	1227.99426	1012.12018	149.77692	1140.62048	604.49408	-442.77277	1226.31018	932.73700	72.30916	1083.80396	412.78186	-204.41714	1071.17822	769.59930	-101.88944	1052.77930	693.14911	4.59984	981.25067	939.03101	-229.96985	474.89194	922.15540	-32.10819	591.41364	624.07727	-188.14453	119.47700	885.97388	66.35287	240.06450	698.56354	
440	4.390	-145.34317	1480.78235	520.82648	-150.30815	1702.40930	736.34729	-257.71039	1589.65564	662.00439	-41.28606	1567.66919	591.10449	-238.54811	1497.73718	857.06702	8.23119	1441.65247	650.43494	-164.27374	1346.29712	722.26062	-26.52388	1470.95154	830.93597	-300.05066	1231.55798	1008.06433	144.83829	1140.28125	595.03485	-450.44531	1229.41797	930.63666	69.57545	1085.21985	402.12723	-209.75061	1070.73621	766.19647	-108.00355	1052.83362	688.16913	1.27491	982.36969	933.23199	-229.16187	475.07132	924.44666	-42.74080	595.06598	613.87659	-189.03227	119.86014	885.51117	50.38526	235.95856	678.19690	
441	4.400	-146.95268	1479.77063	513.52594	-153.83482	1702.00464	728.52142	-261.45370	1589.53308	652.97614	-43.79301	1566.92725	584.43292	-242.16640	1499.01074	849.91742	3.22360	1440.50916	642.77521	-168.78935	1345.93567	716.32330	-30.27362	1470.97974	823.47040	-305.76184	1234.05457	1003.60114	139.70924	1140.20508	585.93835	-456.70959	1232.41638	928.66156	63.25623	1086.03857	391.90982	-215.17537	1070.42261	762.83057	-114.04102	1052.42859	683.23895	-2.00624	983.22266	927.02002	-227.96544	474.97507	925.62390	-52.47361	598.14673	605.00665	-191.08939	120.81168	885.31268	34.70933	229.88129	661.08496	
442	4.410	-148.45639	1479.11646	506.07150	-157.22375	1701.25049	720.17230	-264.84198	1589.19055	644.20319	-45.77177	1565.83740	578.42206	-245.84380	1499.74890	842.60919	-1.13568	1439.44788	636.19971	-172.90869	1345.57935	710.03955	-34.49183	1471.25330	816.08490	-311.08279	1236.77649	999.27551	134.88258	1139.94104	576.87799	-464.04517	1234.83215	925.60223	59.75817	1087.41284	382.18872	-220.15271	1070.24756	759.32666	-120.12242	1051.49268	678.62097	-5.45417	984.17798	922.14270	-227.45517	475.75766	926.82550	-60.62487	600.77570	596.86749	-191.84421	121.35658	884.61523	20.07867	223.90190	644.06671	
443	4.420	-150.02533	1478.04468	498.11935	-160.29140	1700.80505	711.66748	-267.08209	1588.37073	634.85773	-48.16553	1565.19006	569.76825	-249.47322	1500.47046	835.38617	-5.47993	1438.44836	628.18378	-177.03737	1345.36316	703.98755	-40.08598	1469.47375	805.20752	-315.94385	1239.54358	995.01733	130.17491	1139.54480	567.70691	-469.00806	1236.03833	921.76660	56.92846	1088.60120	371.75131	-225.43346	1069.81799	755.88000	-125.99488	1051.41479	673.57196	-8.49471	985.35095	916.78015	-226.43843	476.53583	928.60382	-68.72092	603.15283	590.67145	-193.55984	121.71008	884.90356	5.49904	217.40086	626.53540	
444	4.430	-151.62120	1477.29871	489.78345	-163.93204	1699.99731	703.76941	-269.42545	1587.62988	625.40070	-50.10362	1563.94678	563.15546	-253.39717	1501.44629	828.48926	-10.53191	1437.27478	621.86932	-181.27826	1345.18225	698.22974	-43.75813	1469.34094	797.69904	-321.27234	1241.09766	990.71912	125.31117	1139.17932	558.99701	-474.14349	1237.25476	918.37311	53.57010	1089.18860	362.34506	-230.41035	1069.68750	751.84149	-131.89087	1050.82300	669.00818	-12.28431	984.87921	911.56458	-224.78659	477.35211	929.76953	-76.06405	604.17780	584.85272	-193.65532	122.90990	883.76923	-8.91454	210.86729	609.08472	
445	4.440	-153.19943	1475.98059	482.54654	-168.39644	1699.03113	695.30353	-272.38217	1586.69409	616.33826	-52.49120	1562.91821	555.92206	-257.28574	1501.84204	821.64771	-15.53154	1436.17529	613.56610	-185.80057	1344.82117	692.52625	-48.41244	1469.34863	790.70178	-325.96268	1243.57080	986.37030	120.49728	1138.69934	550.38629	-479.52032	1239.04822	915.41748	49.91043	1090.10107	352.19391	-235.59183	1069.32739	747.97742	-137.84311	1050.45361	663.40955	-16.24216	985.52618	905.99799	-223.88077	477.95291	930.64215	-81.65553	604.53113	577.98260	-193.06558	122.49505	883.46393	-22.24729	203.19075	593.71417	
446	4.450	-154.85396	1475.06995	474.34488	-171.38576	1697.36450	687.39948	-275.94534	1585.71545	607.17670	-54.71088	1561.49402	550.05786	-261.03003	1502.34558	814.41077	-20.26624	1435.17200	606.32813	-189.94029	1344.20386	685.93433	-52.13398	1468.75769	782.61902	-330.27118	1245.35876	981.98676	115.61623	1138.29236	541.96228	-483.74057	1240.29480	911.54749	45.90543	1089.72900	342.83560	-240.76790	1068.92993	744.25793	-143.58644	1049.35095	659.65405	-19.78059	985.72565	899.93439	-223.89258	478.84204	930.94885	-87.48915	604.74481	575.58978	-197.77682	125.21420	882.70654	-36.30256	197.66368	575.16016	
447	4.460	-156.60902	1473.93738	465.71658	-175.93759	1696.65540	679.61768	-279.10767	1584.53247	597.79156	-57.53289	1560.44910	541.92596	-265.22073	1502.41113	807.45892	-25.25179	1434.22595	597.95782	-194.69266	1343.29150	679.72601	-56.21399	1468.11072	774.79443	-334.09329	1247.15833	977.58386	111.00552	1137.63770	533.41595	-488.48096	1242.60022	909.08545	42.80861	1090.40796	333.50375	-245.46915	1068.74573	740.06488	-149.39040	1048.94910	653.57294	-23.19291	986.43323	894.17877	-223.50302	479.65851	930.90259	-92.60851	603.09753	570.89624	-198.13409	125.87237	882.23315	-49.31813	190.13072	560.31110	
448	4.470	-158.38092	1472.64075	457.93484	-178.82806	1694.58923	671.24701	-281.89502	1583.13159	588.59491	-59.81301	1559.16589	534.45428	-268.80847	1502.23645	800.03748	-31.36067	1431.69641	591.12677	-199.51788	1342.26746	673.09979	-61.42851	1467.21985	766.52057	-337.43967	1249.49719	973.00458	106.16895	1137.24304	524.97168	-492.39172	1244.07886	905.42804	37.68992	1088.57959	325.02933	-250.36372	1068.05969	736.07098	-155.02081	1048.07324	648.99243	-27.51612	985.34021	887.75824	-223.06679	480.40240	930.41925	-97.92681	601.04828	567.51886	-198.46983	126.36755	881.65704	-62.73200	183.44737	544.84436	
449	4.480	-160.22466	1471.30054	449.68866	-183.08290	1693.10205	663.48645	-285.39417	1582.15381	579.39166	-62.14909	1557.31494	527.94684	-272.85593	1502.17871	792.90173	-36.21269	1430.03784	583.86932	-204.58141	1340.91235	666.51489	-65.42299	1466.93945	758.24652	-340.68298	1251.22363	968.14624	101.35104	1136.85327	517.03369	-496.01721	1246.59045	901.74011	33.52969	1087.04285	316.49411	-255.46991	1067.31238	731.73145	-160.59999	1047.11108	644.00928	-30.12177	985.06866	881.79010	-222.93532	481.19720	928.97705	-101.74693	596.69421	565.56073	-197.64143	125.61346	881.18988	-76.36368	177.31921	530.00354	
450	4.490	-162.20590	1469.54895	442.05453	-187.31589	1691.26001	655.59088	-288.21887	1580.02234	570.01617	-65.03531	1555.36035	522.15009	-276.51868	1501.76697	785.58972	-41.20345	1428.19189	576.65344	-209.36438	1339.74890	659.78589	-68.92308	1466.32068	752.16101	-343.74692	1251.88025	963.40442	96.46594	1135.80554	509.24469	-499.31369	1248.62646	897.55664	30.55669	1086.24109	307.59479	-259.99060	1067.19580	727.50696	-166.20114	1046.01270	638.94696	-33.69495	984.56073	876.34216	-223.17513	481.15656	927.14227	-105.49920	592.53870	564.33264	-197.72618	125.48997	880.27783	-89.44530	170.43492	514.75787	
451	4.500	-164.21223	1467.74756	434.08762	-191.42308	1688.87048	647.51361	-291.65088	1578.34485	561.08002	-67.82702	1553.72168	513.96533	-280.29660	1501.42786	778.10004	-46.22151	1426.46423	568.08112	-214.09418	1338.29407	653.02545	-72.94139	1465.03809	744.18561	-346.69766	1253.34790	958.48322	91.70537	1134.24353	500.11221	-501.96649	1250.02698	894.27106	26.64778	1083.32190	299.43265	-265.03201	1066.78247	723.56708	-171.87582	1044.96924	633.97528	-37.58199	983.50378	869.73651	-223.64651	480.88699	924.34796	-108.19460	588.66254	563.02795	-198.74878	126.14558	879.48621	-102.70909	163.67047	500.00284	
452	4.510	-166.33762	1466.00073	425.89709	-195.35104	1686.99377	639.60742	-295.04654	1576.16528	552.10968	-70.61266	1551.58435	507.91107	-283.63046	1501.01343	770.75116	-51.09058	1424.07971	560.46368	-219.02258	1336.98047	646.57574	-76.04111	1463.42883	735.81470	-348.17361	1254.90637	953.19025	86.92310	1132.77466	492.35275	-505.62286	1252.84485	890.85400	22.51269	1080.33459	290.81909	-269.45462	1065.98584	718.65643	-177.39540	1043.56677	629.40021	-41.06257	981.62152	863.69434	-225.51772	481.79996	921.09985	-110.52914	584.23529	561.90448	-199.01379	124.95123	878.47278	-116.61001	158.55643	485.36502	
453	4.520	-168.58849	1463.81531	418.17569	-199.03612	1684.29785	631.53851	-297.78250	1574.32922	543.21747	-73.40849	1548.94080	503.72162	-287.45786	1500.41345	761.72552	-56.08556	1421.75891	552.50970	-223.42041	1335.18323	639.73199	-80.49213	1461.96765	727.23663	-351.56937	1255.77356	948.48212	82.34940	1130.97693	484.39313	-508.85797	1253.77014	887.64612	16.95853	1076.17908	283.20270	-274.63525	1065.76416	714.83154	-182.88452	1042.64600	623.91113	-44.65455	981.01740	857.37836	-227.24512	482.18170	916.48309	-112.51050	580.29913	561.01721	-199.76514	125.09219	877.64105	-130.35669	154.50435	471.34048	
454	4.530	-170.93858	1461.53711	410.22220	-203.34225	1681.75000	623.94495	-301.32858	1571.71948	534.41846	-76.49688	1546.59241	496.15381	-290.41428	1499.49023	756.18677	-60.69492	1418.47632	545.25525	-228.02681	1333.12756	632.75922	-83.72208	1459.71362	719.44745	-352.97351	1257.10547	943.12170	77.31498	1128.52014	476.19592	-510.77954	1254.76855	883.28778	12.84046	1071.85730	276.29147	-279.06989	1065.01514	710.13275	-188.39940	1041.07446	619.48938	-48.27214	979.07843	850.93182	-229.44917	482.52121	910.71082	-114.02948	576.13385	560.00861	-199.49576	123.82320	876.71893	-144.19481	153.15323	457.75580	
455	4.540	-173.41068	1458.86658	402.21338	-206.64011	1679.07874	615.87219	-304.33246	1568.91382	525.78503	-79.19544	1544.19727	487.53586	-293.53198	1498.70386	749.06000	-65.55358	1415.53784	536.52045	-232.38542	1331.22998	626.82477	-87.81992	1458.10596	710.87085	-355.66086	1257.61633	938.47333	72.26815	1125.84290	468.69614	-513.96600	1255.86975	880.47595	7.81312	1066.72583	268.70181	-283.93820	1064.30042	705.87183	-193.88728	1040.07556	614.00885	-52.44600	977.05621	844.77502	-232.08995	481.40515	905.82739	-115.73827	571.14319	559.19312	-200.20613	123.45790	876.14069	-157.84030	152.57433	444.35123	
456	4.550	-175.97002	1456.23767	394.04486	-210.75891	1676.44165	607.60504	-307.67508	1566.07751	517.46954	-82.52831	1541.54834	479.92334	-296.21405	1497.16541	741.47333	-70.31042	1412.23999	528.70746	-236.73943	1329.10645	619.79602	-91.30643	1455.94153	702.43549	-357.45392	1258.96460	933.39789	67.84786	1122.74390	461.36893	-516.69623	1257.14050	876.89685	4.69094	1061.19006	260.99323	-288.26059	1063.50049	701.32983	-199.31169	1038.61243	608.26135	-56.32570	975.55011	839.42053	-235.06067	481.01535	898.91461	-118.14445	565.79388	558.64532	-201.63760	123.18112	875.73462	-171.43207	153.68840	432.35074	
457	4.560	-178.46205	1453.37805	386.87607	-214.70712	1673.12585	599.73120	-311.21698	1562.63062	508.32471	-85.66158	1539.08911	470.31882	-299.36694	1496.26953	734.16870	-74.99657	1409.03650	520.17657	-241.05782	1327.05200	613.92719	-94.25773	1453.81396	693.41284	-359.47995	1259.73071	928.97028	62.97536	1119.98376	452.71609	-518.87939	1257.63171	873.43872	0.32373	1055.46594	253.88434	-292.90240	1062.33374	696.86340	-204.69427	1037.04333	603.61774	-59.94021	973.22144	832.92792	-238.17010	478.63593	893.13214	-120.78544	560.35687	557.96301	-201.93529	122.04462	875.17285	-183.80441	155.85831	421.29163	
458	4.570	-181.11029	1450.37561	378.65173	-217.47966	1670.31567	591.45209	-314.67935	1559.76782	499.88272	-88.09145	1535.12830	467.62051	-301.72232	1494.97498	726.47314	-79.39420	1405.13623	513.10608	-244.78105	1324.21204	607.90314	-98.01408	1451.50720	684.97864	-361.39325	1260.57019	924.09875	58.22005	1116.31335	445.53882	-521.43665	1258.08472	869.25629	-3.81142	1049.36548	246.56177	-297.35675	1060.89832	692.39020	-209.75169	1034.76941	599.76801	-64.97407	970.62524	826.44061	-241.55913	476.89996	883.72198	-124.35236	555.45282	557.87848	-202.36034	119.91827	874.64734	-195.27415	159.31688	410.77045	
459	4.580	-183.75732	1447.27698	370.42722	-221.69040	1667.75378	583.02057	-317.97809	1557.07153	491.65958	-90.85268	1532.62561	457.01053	-305.45834	1493.00012	716.87573	-83.70154	1401.33569	504.31876	-249.96207	1322.06873	601.03394	-100.85186	1449.61536	677.97107	-363.63116	1260.78345	919.52142	53.63023	1111.91174	438.49023	-524.25543	1259.17773	867.11823	-6.61447	1041.76367	239.68132	-301.84854	1059.33618	687.68030	-215.04613	1032.91931	593.89349	-69.30436	967.73248	819.82385	-245.60152	475.58673	875.95477	-128.58159	551.18933	558.08020	-203.07596	119.42260	874.50397	-207.37254	164.21121	400.25693	
460	4.590	-186.42198	1444.02966	362.14688	-224.70789	1664.50342	574.57220	-320.57797	1553.48914	482.92560	-94.58398	1529.65784	449.25391	-306.91986	1491.50549	711.66541	-87.75123	1396.96240	497.56613	-253.34608	1319.04102	594.15021	-103.47127	1447.16077	669.48761	-365.30475	1262.37683	914.89191	49.15707	1108.28442	431.25290	-525.74670	1259.13928	863.32440	-13.23015	1033.19312	233.68845	-305.83643	1057.78320	682.28937	-219.97484	1030.91492	588.31049	-73.67619	965.12714	813.26477	-250.03844	473.32556	868.39313	-133.81465	549.06775	558.20563	-203.29276	117.19881	874.12305	-218.82378	168.53456	391.43286	
461	4.600	-189.24947	1440.44263	353.93872	-227.68700	1661.21082	566.06128	-323.58844	1550.69226	474.39117	-97.36190	1526.72046	439.16739	-309.73480	1489.36035	702.68701	-92.37089	1393.00171	488.47375	-257.46515	1316.53027	587.23987	-106.33730	1444.89380	660.39447	-366.79669	1262.94678	910.79547	43.63647	1103.66785	424.06815	-528.26074	1259.78735	860.43188	-16.49641	1025.77783	226.60298	-310.19235	1056.56775	677.22754	-224.78471	1029.09753	583.02795	-79.12064	963.05914	807.75012	-255.34007	472.16925	860.80298	-139.43414	547.57684	558.35291	-203.22169	115.48220	873.99310	-230.32816	173.16739	382.87256	
462	4.610	-191.83107	1437.74939	345.32376	-230.50023	1658.11206	557.45050	-326.32693	1547.07837	465.70050	-99.83114	1522.98560	433.59244	-310.90350	1488.00537	696.67584	-96.18504	1388.25354	480.35873	-261.13336	1313.70886	580.08618	-109.89276	1441.47815	652.29645	-368.93768	1264.00964	906.92017	39.25616	1099.20020	416.23874	-529.67212	1260.01746	857.33136	-20.01888	1017.92053	219.83391	-314.71460	1055.01172	671.54620	-229.48692	1027.53564	577.13635	-84.10852	960.70172	802.31464	-260.11331	469.78506	852.68848	-144.75298	547.33801	558.08179	-204.00258	114.03311	874.03247	-241.93687	177.15834	374.76248	
463	4.620	-194.38420	1434.43518	336.15289	-233.76552	1654.90918	549.03479	-329.66913	1543.51294	457.16779	-102.37385	1520.19812	423.93433	-313.08987	1485.79456	688.85590	-99.96975	1384.00964	471.32153	-265.16537	1310.57483	572.52325	-112.50311	1438.79639	643.72711	-368.74344	1265.29480	902.51740	34.29689	1094.56702	408.08618	-531.39862	1260.93408	855.22083	-25.38227	1007.85095	213.83336	-318.99014	1053.53882	664.91583	-233.65593	1026.54211	570.84027	-90.25002	958.52924	796.51239	-266.23285	468.01941	845.33313	-150.97125	546.47552	556.67322	-204.31552	112.87849	874.01917	-253.06082	181.27252	366.82141	
464	4.630	-196.89584	1431.22046	327.12805	-236.77458	1651.04089	540.33459	-330.92386	1540.04272	448.46570	-105.12492	1517.43689	413.46140	-315.69830	1483.94531	681.22839	-104.28474	1379.54187	463.98535	-269.55359	1307.64697	565.57587	-114.43128	1435.87012	635.30481	-369.73654	1266.69263	899.24701	29.90425	1089.72009	401.00476	-531.27576	1260.91809	852.11487	-28.43558	999.15826	207.28363	-323.35382	1052.41711	657.89771	-237.99942	1024.87158	563.93304	-95.98781	955.68866	791.33954	-272.40652	466.58398	837.88770	-159.17505	545.31226	554.11176	-205.49498	111.98828	874.04218	-264.14209	184.69473	359.84610	
465	4.640	-199.28282	1428.20667	318.21866	-239.96465	1647.52173	531.94550	-333.50073	1536.60156	439.29672	-108.11008	1514.50537	404.33237	-317.80658	1482.25623	673.19513	-108.37341	1374.06860	455.81192	-273.45959	1304.55078	558.69055	-117.19770	1432.00024	625.44281	-369.72736	1268.00269	894.90625	24.60778	1084.11658	393.34857	-532.04694	1261.31360	850.70538	-33.24672	989.08118	201.64407	-328.10538	1051.04150	650.64276	-242.11354	1023.06079	556.91583	-102.04003	953.60583	786.17041	-278.13254	464.30707	831.21234	-166.10982	542.99884	550.85278	-205.12868	109.94048	873.66748	-274.25961	188.16936	353.08731	
466	4.650	-202.21997	1425.77661	307.94714	-242.14413	1643.92639	523.20685	-336.34100	1533.58008	430.33365	-110.75027	1511.20422	396.53040	-320.07541	1480.42053	664.92731	-112.16796	1369.59802	448.33551	-277.46100	1301.71240	551.37854	-120.13317	1429.05371	617.43286	-369.51349	1269.41296	891.31610	19.81551	1078.55530	386.35153	-532.43390	1261.45496	848.45813	-37.21635	979.59796	195.90337	-333.34009	1049.59265	643.63953	-245.53967	1021.71991	550.11176	-108.01681	950.88641	781.15491	-284.10617	462.03778	825.06348	-172.28561	540.17114	546.74487	-205.79852	109.74491	873.41949	-283.24203	190.91293	346.96329	
467	4.660	-204.41382	1422.68530	298.63593	-244.84427	1640.22229	513.92938	-339.13345	1530.58557	421.05389	-113.00814	1507.75793	387.27109	-322.63010	1478.76990	656.70728	-115.69945	1364.38977	440.32474	-281.70935	1299.22021	544.59509	-123.14841	1426.02075	608.67419	-368.50229	1271.23511	887.28461	14.81227	1073.22351	379.13074	-533.03217	1262.32178	847.43475	-41.47325	969.58386	188.83121	-337.55450	1047.40063	635.33197	-248.75929	1019.17175	544.55054	-113.96673	949.22095	776.83661	-289.82590	460.09613	818.99677	-179.21117	538.28607	541.40277	-206.21231	108.60393	872.80219	-293.24167	192.86299	341.98608	
468	4.670	-206.97997	1419.40662	289.01471	-247.79155	1637.47839	504.72806	-341.46887	1527.79407	410.61942	-115.68813	1504.38721	378.37497	-326.62384	1477.73010	647.32581	-119.26841	1359.50269	432.99420	-285.34045	1296.62170	536.97302	-126.98849	1423.49048	600.12714	-367.46036	1273.08191	882.46997	9.58287	1067.39636	371.63577	-533.71661	1262.94177	846.18237	-43.67562	960.70886	183.36671	-342.13910	1045.63342	628.12585	-251.88332	1016.28339	537.46930	-120.14230	947.41962	772.69684	-296.15689	458.54990	813.81262	-185.76709	535.73828	536.16199	-208.44701	108.87984	872.14557	-302.43628	193.85217	337.09723	
469	4.680	-209.61430	1416.93042	278.94525	-249.82378	1634.46838	494.97083	-344.11765	1525.35034	400.68604	-118.31647	1501.50293	366.65347	-328.46033	1476.38513	639.05750	-122.93864	1355.29089	424.61752	-289.28448	1294.03064	529.99164	-129.24187	1420.82910	590.48083	-366.95050	1275.17175	877.34149	4.72872	1062.41150	365.19012	-533.98810	1263.60974	844.63348	-46.62540	953.09155	178.38846	-345.60645	1043.34338	620.16595	-254.28192	1014.45300	530.80170	-126.09401	946.75482	768.87457	-302.35892	457.55338	808.92798	-193.79094	534.59619	530.03436	-210.77890	109.56543	870.98553	-310.83307	194.86272	332.27963	
470	4.690	-212.33014	1414.20837	269.39301	-252.36794	1631.59314	485.17224	-346.76047	1523.05029	390.76437	-120.76286	1498.26904	357.39035	-331.89352	1475.40247	630.21460	-126.42173	1350.85706	418.27942	-293.26663	1291.78955	522.91595	-132.86717	1419.32764	582.21405	-366.35352	1277.72522	872.24695	-0.53877	1057.74670	357.18460	-533.69965	1264.71851	842.77228	-50.58234	943.52673	172.37123	-349.23529	1041.30957	613.16290	-256.88831	1011.73529	524.56482	-131.57057	945.18921	764.23328	-308.08685	456.74072	804.22302	-200.91815	534.93347	521.93427	-213.07570	110.50349	869.43744	-318.90320	194.78348	327.73459	
471	4.700	-214.61311	1410.72913	259.77338	-254.83275	1628.99146	475.33682	-349.37238	1520.65686	380.42197	-123.53111	1495.25854	348.09079	-335.37158	1474.66260	620.37469	-130.03151	1347.03101	411.37354	-297.45605	1289.95178	515.95184	-136.15880	1418.22400	574.15973	-365.69470	1280.61450	866.24481	-6.11534	1054.11963	350.74039	-534.64532	1266.09521	840.24176	-54.67626	934.62756	167.50354	-351.93594	1039.88672	605.83307	-259.40250	1010.05835	519.21667	-137.65898	945.86536	759.97595	-314.04971	456.80969	800.59314	-207.71364	535.49658	513.06702	-215.17297	111.00244	867.42224	-326.43185	194.94728	324.74811	
472	4.710	-217.23906	1407.99182	250.92517	-257.24374	1626.74170	465.47052	-352.02869	1518.37024	370.62927	-125.83591	1491.62305	340.52127	-339.94086	1473.87817	609.79547	-133.21019	1344.63208	402.84949	-301.32251	1288.06665	508.40283	-139.72322	1417.32593	565.62268	-365.27753	1283.81409	860.00427	-11.44652	1051.02136	343.25150	-535.49683	1267.84778	838.24231	-58.50047	927.15948	162.21793	-355.72388	1039.32104	599.87646	-261.95093	1009.25940	514.33398	-142.42429	945.84644	755.82251	-319.96951	456.93307	796.58185	-212.83983	537.32184	504.45367	-218.20219	112.69051	865.40326	-333.69800	194.52351	322.22107	
473	4.720	-219.96568	1404.83472	241.73882	-259.89307	1624.27124	455.33508	-354.85196	1515.89673	360.62790	-128.31123	1488.47070	330.40433	-342.23187	1473.61353	601.85748	-136.49779	1341.39832	395.71283	-305.22964	1286.31836	500.93265	-143.69905	1415.61926	555.85522	-365.53412	1286.56201	853.52759	-16.26754	1048.79712	335.10724	-535.57239	1269.17529	835.08386	-62.32346	919.90442	157.28281	-358.87363	1039.20813	593.69568	-264.88596	1009.71869	508.11871	-147.01965	946.55280	751.26154	-326.82928	458.88312	792.62622	-217.63210	539.04504	495.65295	-221.03406	114.71903	863.13055	-341.09180	193.02296	320.71442	
474	4.730	-222.37846	1401.49060	232.98634	-262.98309	1622.34314	445.38318	-357.58322	1513.76282	350.89496	-131.01993	1485.19324	323.24548	-345.62585	1473.40942	592.62317	-139.90056	1339.01599	386.77142	-309.08997	1285.28491	493.36414	-146.84824	1414.63147	547.33746	-366.67542	1289.89331	847.30200	-21.45260	1046.49463	329.66885	-537.46252	1271.11218	832.94458	-65.99659	913.38049	153.51456	-362.39151	1040.35168	588.21002	-268.05292	1010.41858	502.39426	-151.52272	947.74420	747.03632	-332.65103	460.30664	787.92572	-221.38808	540.58179	487.17926	-225.73907	117.45689	860.80396	-348.04449	191.72382	319.92719	
475	4.740	-224.72389	1398.61365	224.74593	-266.09818	1620.46741	435.10596	-361.01532	1511.38330	341.02328	-133.65350	1482.69031	313.68652	-348.78064	1473.62817	583.89380	-143.94835	1337.11658	379.73734	-313.12573	1283.87683	485.45874	-151.29588	1413.92676	539.28156	-368.23227	1293.43042	841.00641	-26.76987	1043.96716	323.67212	-539.46997	1274.65979	831.35895	-72.37167	907.03235	149.55423	-365.70410	1041.48962	582.43073	-271.32571	1011.56396	497.07870	-155.38321	948.12225	741.89215	-339.39429	461.51813	783.47552	-225.39381	542.03418	478.98059	-229.93045	120.30704	858.16266	-354.97086	189.06491	319.35461	
476	4.750	-226.92688	1395.60059	216.15186	-269.81769	1619.22705	425.19928	-363.72540	1509.31494	330.83401	-136.58125	1480.61926	304.23300	-351.76321	1473.19312	575.21875	-147.80063	1335.40894	371.19870	-317.44348	1283.24097	477.88428	-153.91028	1413.96240	530.86542	-370.04440	1296.43079	834.99890	-31.83361	1041.60352	318.00690	-539.98938	1275.33179	826.92206	-73.09408	901.79108	145.55930	-369.38669	1043.05762	577.10797	-274.61624	1012.26410	493.08652	-159.51848	949.03461	736.76953	-346.19824	463.59784	779.01355	-227.73923	543.52814	470.32361	-234.90410	123.35654	855.38977	-360.52441	185.38499	319.82156	
477	4.760	-229.16165	1392.47388	208.20491	-272.96918	1617.80579	415.13016	-366.77585	1507.08105	321.13940	-139.34175	1478.18127	296.91919	-354.89926	1473.59631	566.60303	-152.00638	1333.07312	364.18314	-321.76462	1282.66309	470.33453	-157.24866	1413.79199	522.29266	-372.13162	1299.73096	828.79309	-36.61819	1039.29456	313.04077	-542.51898	1277.43628	823.84113	-78.33633	896.32379	141.61766	-373.21033	1044.56750	572.23572	-278.51529	1013.41144	486.63480	-163.15553	950.35748	732.01215	-352.32800	465.90921	774.59674	-230.38135	544.13019	462.42758	-240.31271	126.14186	852.54614	-366.06436	182.84421	320.52893	
478	4.770	-231.80034	1390.45313	199.11568	-275.98560	1616.50586	405.22128	-369.43390	1505.54492	311.89859	-142.40285	1476.52844	287.03793	-358.80670	1474.11279	558.29700	-155.69443	1331.71655	355.88113	-326.00323	1282.57629	463.24319	-160.34465	1413.97388	513.71112	-374.59824	1302.75940	823.01819	-41.07664	1036.74585	308.48248	-544.93005	1279.24121	820.07538	-80.72506	892.01691	137.92830	-376.75961	1045.51477	567.21588	-282.34067	1013.40576	484.33484	-166.10793	952.10083	727.08698	-359.30814	467.25607	770.55542	-231.98837	544.48505	455.86029	-245.76563	129.17946	849.65326	-370.71280	178.66388	321.56024	
479	4.780	-234.35909	1387.80774	191.55122	-279.30637	1615.52747	395.50562	-371.97644	1503.61182	302.44803	-145.16542	1474.28113	280.30139	-361.83218	1474.66528	549.99371	-159.76041	1330.65649	348.93127	-330.33398	1282.62048	456.48712	-163.71527	1413.61621	505.65875	-377.49796	1306.32532	816.74353	-44.55236	1034.50830	304.23627	-548.95428	1283.77600	818.27905	-82.98671	887.73712	134.75694	-380.61032	1046.81519	563.25549	-286.38763	1014.15826	478.76126	-168.60489	953.35059	721.99615	-366.54724	469.52539	766.06775	-231.68297	544.63727	447.74991	-251.37160	132.25189	846.66608	-375.15619	173.73204	322.80945	
480	4.790	-237.36958	1385.82825	183.54111	-282.91785	1614.78772	385.84491	-375.83511	1502.68860	293.27240	-147.94244	1472.38416	271.88956	-365.89929	1475.31189	541.84760	-163.23422	1329.72522	340.77524	-334.04236	1282.78369	449.84540	-167.74284	1414.49292	497.54196	-381.10971	1309.17505	811.03033	-48.76091	1033.54224	299.64453	-552.01929	1286.06396	814.20752	-85.37846	884.15460	131.39607	-383.79208	1047.23938	558.36926	-290.10117	1014.97314	473.32230	-170.67805	955.34308	716.80945	-372.92926	471.45694	761.63965	-230.78719	545.13690	440.83490	-257.58917	134.96368	843.78418	-378.74576	168.82295	325.60001	
481	4.800	-239.70100	1383.54626	176.75600	-286.48260	1614.16077	376.77744	-378.99048	1501.44714	284.15228	-150.65964	1470.73071	264.85190	-369.04926	1475.74988	533.41431	-167.24797	1329.06604	333.85992	-337.25018	1282.49744	443.60300	-170.81653	1415.07532	490.49396	-383.93301	1312.55103	804.72821	-52.43476	1032.64014	295.36295	-553.39856	1287.03625	808.03644	-87.17970	880.07593	127.88982	-387.68494	1048.46521	554.73425	-293.91440	1014.77466	469.74655	-173.08310	958.47504	712.86072	-380.20856	473.40079	758.04486	-229.20407	546.14221	435.10883	-263.15366	136.57428	840.65137	-381.65588	164.08099	327.04147	
482	4.810	-242.37311	1381.57141	169.57010	-289.31458	1613.54053	367.48505	-380.98370	1500.19287	275.55530	-154.04936	1469.70764	257.68030	-373.42972	1476.81946	525.44879	-170.70406	1328.52332	327.66968	-340.69424	1282.62085	437.52789	-174.53214	1415.92273	482.32330	-387.11478	1315.41614	798.41913	-56.37329	1031.45215	290.65234	-556.73755	1289.89563	802.64795	-89.27877	877.42017	125.03194	-390.68945	1049.00012	550.10693	-297.38727	1015.00818	464.96426	-175.37265	960.78284	707.89569	-387.40317	474.97415	753.98682	-227.34689	547.03607	431.61285	-268.95309	139.13010	837.60730	-383.77676	159.42017	330.14380	
483	4.820	-244.79559	1380.11633	161.71857	-294.01611	1613.42590	358.82175	-384.55627	1499.24463	267.62405	-157.15305	1469.00818	249.10442	-377.47675	1477.03235	517.91132	-174.02457	1328.77002	321.82913	-343.05374	1282.53088	432.36658	-178.70551	1416.55701	474.72202	-390.52463	1318.75879	791.95825	-59.53908	1031.15723	285.97095	-559.69354	1292.55835	796.72626	-89.77434	874.87250	121.98404	-393.68958	1049.88477	545.88361	-300.45618	1015.67871	460.54306	-177.92389	963.36139	702.71075	-394.50082	476.35626	749.78851	-225.60687	547.74847	427.85583	-275.64606	140.98730	834.59955	-384.90808	155.65465	333.51477	
484	4.830	-248.28557	1377.97620	154.93367	-296.96219	1612.94312	349.97272	-387.98776	1497.98108	259.64856	-160.28282	1468.28149	242.90950	-381.14218	1477.75964	509.92795	-177.26935	1328.83582	315.44815	-346.78088	1283.28394	425.43250	-182.21175	1418.07031	468.12671	-394.09329	1321.60498	785.50531	-62.62265	1031.73621	280.48544	-562.49573	1294.53052	789.20789	-91.13862	873.17218	118.42459	-396.47559	1050.86218	541.33252	-303.35168	1015.55402	456.39841	-180.34653	966.02869	698.84467	-401.40454	478.08194	745.68762	-224.46988	547.51361	426.35739	-281.09717	143.00722	831.50006	-384.49417	152.11024	338.15036	
485	4.840	-250.57983	1377.06592	148.74100	-301.28354	1614.14819	341.70551	-391.18539	1497.00757	251.46048	-163.89935	1467.36084	232.99681	-385.02390	1478.25574	502.84137	-180.48175	1329.09473	309.02847	-350.00891	1283.68823	419.71622	-185.83875	1418.58484	461.80939	-397.37546	1324.71875	778.91028	-65.61965	1031.60400	276.06085	-566.49744	1297.62817	782.88141	-94.73331	870.74463	115.07417	-399.25061	1051.78308	536.49829	-306.15808	1016.68542	450.64221	-182.16379	969.82544	694.85913	-408.43839	479.84525	741.59491	-223.55882	546.28442	423.29184	-288.03201	145.15317	828.50592	-383.48697	148.67325	343.48419	
486	4.850	-253.11171	1375.98938	142.14374	-305.13190	1613.99963	333.64642	-394.22968	1495.75598	244.24654	-166.94499	1467.06104	225.93082	-388.76605	1478.95789	495.42572	-183.54259	1329.90735	303.09207	-352.57474	1283.45374	413.74442	-189.42548	1420.37988	454.87488	-401.09869	1327.27917	772.56787	-67.97014	1032.16077	272.27316	-569.65295	1300.32288	774.87872	-96.42662	868.90802	111.93487	-401.88519	1052.62512	532.00543	-308.60239	1016.96472	447.88358	-185.35487	971.94751	690.13757	-415.62238	481.28214	737.33350	-222.22250	545.68353	421.71140	-294.52863	146.38921	825.29913	-383.12292	147.34436	348.98883	
487	4.860	-255.59966	1374.26147	136.90688	-309.39896	1614.24084	325.70868	-397.88513	1495.07764	236.70972	-170.10312	1466.43359	220.11636	-392.39804	1479.54150	488.92136	-186.61311	1330.13672	297.21796	-355.85248	1283.97412	407.37482	-193.61815	1420.67212	449.00919	-404.92639	1329.64380	766.22839	-69.40066	1033.04590	267.83295	-573.37970	1302.31189	767.25067	-96.22449	868.39703	110.34709	-404.32401	1053.42554	526.90808	-310.99005	1018.22192	442.88818	-187.13651	974.60083	685.78387	-423.19357	483.17154	733.09497	-221.16586	545.57239	420.22446	-301.44052	148.56456	822.13800	-381.57556	144.97264	353.82407	
488	4.870	-258.36264	1372.99182	131.25726	-313.30319	1614.41260	318.08545	-400.95599	1494.10339	229.35547	-172.92290	1466.38135	214.40630	-396.05130	1480.04236	482.44324	-189.44661	1330.95081	291.70004	-358.89532	1284.19775	401.71597	-196.86200	1421.68530	442.60815	-408.47180	1331.25378	759.77057	-71.95744	1033.54028	264.47839	-577.43176	1305.14099	759.74432	-97.93284	866.24487	108.24612	-407.06775	1054.74976	522.09491	-313.37100	1019.64722	437.04117	-190.32080	977.17413	682.20709	-430.14615	484.23447	728.46252	-219.31337	545.60956	418.38693	-308.04675	150.07280	818.68146	-379.62640	143.87375	358.36374	
489	4.880	-260.90152	1372.28113	125.64812	-317.15866	1614.58521	310.53027	-404.28265	1493.64294	222.78909	-176.65326	1465.84314	208.17499	-399.47690	1480.73584	476.08102	-192.89951	1331.07532	285.71262	-362.26935	1284.60596	395.60156	-200.68803	1422.39807	437.19016	-412.48605	1333.24329	753.84406	-73.27264	1033.98596	261.31021	-580.78961	1307.14807	752.16742	-99.10389	865.34576	106.12837	-409.07428	1055.54907	517.32367	-315.60440	1020.34833	432.23160	-192.50055	979.05682	677.98743	-436.88443	485.41898	723.78979	-218.85771	544.31982	418.34390	-314.71817	152.11647	815.31604	-376.47672	142.13559	363.37805	
490	4.890	-262.99634	1370.11169	121.48044	-321.35666	1614.78662	303.73410	-407.69357	1492.65808	216.39433	-179.63800	1465.92627	203.74911	-403.29941	1481.25073	470.43094	-196.12471	1330.96948	280.62906	-365.39243	1284.29431	390.40097	-203.44197	1423.29919	431.44958	-416.13126	1334.11292	747.60809	-74.33349	1034.38623	258.26764	-584.68927	1308.05420	744.28400	-100.12140	864.67017	104.35914	-411.84982	1056.72583	512.51343	-317.98004	1020.96417	429.40598	-195.02005	980.47351	673.09900	-444.37421	486.73260	718.85510	-219.14444	543.68500	418.55219	-321.18723	153.33170	811.63617	-373.25421	140.81770	367.63953	
491	4.900	-266.13495	1370.33606	116.13517	-325.11093	1614.72864	296.47812	-410.87903	1492.20471	209.93431	-182.78419	1465.77271	197.11633	-406.46997	1481.71484	464.66867	-199.58508	1330.88782	275.30167	-368.91190	1284.94250	385.31415	-207.58897	1423.50427	425.98276	-420.25742	1334.65356	741.91583	-75.75971	1034.59607	255.67195	-587.89368	1308.89111	736.02393	-100.00257	864.50824	103.05009	-414.26236	1057.50073	508.06479	-320.33014	1021.66809	423.80219	-197.20096	981.98175	669.60779	-450.39127	488.16214	713.48846	-219.79228	542.94855	419.19904	-328.38766	154.73555	808.04401	-369.15280	137.97833	372.44925	
492	4.910	-268.38113	1369.21375	110.70641	-328.86624	1614.93066	290.04013	-414.30368	1491.55981	203.69591	-185.77010	1465.57495	193.46533	-409.91162	1481.98755	459.32361	-202.00424	1330.98206	269.00473	-371.11172	1284.79236	380.78659	-210.72682	1424.17542	420.16306	-424.39243	1334.94910	736.12787	-76.34507	1035.40027	253.69905	-591.69379	1310.19556	728.53119	-100.33886	866.31335	102.19139	-416.40161	1058.20410	503.54901	-322.95944	1022.25684	418.78372	-200.51988	983.45557	664.95618	-456.72244	490.05020	708.89929	-220.28445	542.68994	420.22177	-337.99673	160.06595	802.99384	-365.61548	135.90881	376.60834	
493	4.920	-270.78171	1369.06079	106.58823	-332.72467	1615.20361	283.58838	-417.50385	1491.35828	198.00470	-188.77937	1465.83118	188.16870	-413.08643	1482.19080	454.14725	-205.16174	1331.00281	264.08563	-375.27420	1286.09912	374.65988	-211.00975	1426.00842	415.95215	-428.00632	1334.76697	730.34094	-77.82729	1035.31750	251.23347	-595.80328	1310.41675	720.79492	-100.61122	866.65826	98.87125	-419.13565	1058.86682	498.96487	-325.72202	1022.10028	415.04416	-202.79454	984.17303	660.49609	-461.88596	490.48352	703.21149	-221.33968	542.66022	421.48819	-344.74921	160.25691	799.54327	-361.00851	134.28479	380.72495	
494	4.930	-273.86267	1367.99194	101.81993	-336.09659	1615.46387	277.42892	-420.38501	1491.03369	191.98198	-192.06050	1465.51978	183.45522	-416.05414	1482.48804	448.84839	-207.36319	1330.61865	259.15707	-377.63211	1285.58765	369.48920	-217.05275	1425.83362	409.44308	-432.18893	1334.76294	724.63177	-78.47127	1036.11304	248.94220	-599.17255	1310.74817	713.20105	-101.18250	866.30420	97.12362	-421.56323	1059.54602	494.83047	-328.28568	1022.50116	411.53705	-205.15686	985.10510	656.54559	-467.49426	492.40176	698.17450	-222.10214	541.98401	423.09528	-351.69366	160.67065	795.91760	-356.49402	131.56958	383.85019	
495	4.940	-276.73074	1367.32239	97.06878	-339.29062	1615.50598	271.48108	-423.37589	1490.58191	186.19261	-194.88257	1465.28381	177.71890	-419.11206	1483.01416	444.11264	-210.56992	1331.00354	253.99921	-380.36557	1286.04761	364.64978	-218.15324	1426.54895	405.41461	-436.37701	1334.15662	719.37634	-79.08718	1036.71802	246.82408	-603.27222	1311.31836	705.73022	-101.11516	867.24426	95.27602	-424.71332	1059.96985	491.06766	-331.26532	1022.78174	406.87863	-207.69949	985.71338	652.50818	-472.63480	493.37381	692.81897	-223.03970	541.68262	423.60934	-360.27673	161.94417	792.17761	-352.16400	129.55971	386.24854	
496	4.950	-279.05658	1366.48511	92.80354	-342.25769	1615.76318	265.51559	-426.17410	1490.28381	180.90698	-198.08942	1465.20166	173.91736	-421.99304	1483.36792	439.43765	-213.30940	1330.83972	249.62749	-382.20963	1285.79956	360.85745	-220.76009	1426.76208	397.63409	-440.24734	1333.97180	713.75543	-80.16261	1037.57764	244.48648	-606.60193	1311.05627	697.39386	-101.05178	868.03375	92.73782	-427.46326	1060.10620	486.56921	-334.04282	1023.66345	402.21097	-209.79257	986.77460	648.12207	-477.28308	494.67020	687.86395	-223.34862	541.00879	423.74310	-367.79904	162.22984	788.38654	-347.66696	127.82719	388.24008	
497	4.960	-282.07590	1365.87573	88.78014	-345.07324	1615.67932	259.98163	-429.47372	1490.07117	176.21831	-200.47995	1464.26904	168.95834	-425.00751	1483.67505	434.70743	-215.95117	1330.67554	245.45697	-384.84198	1285.88794	356.52081	-223.92091	1426.63501	393.23352	-443.97009	1333.05090	708.02094	-79.90530	1038.48535	242.81041	-610.26263	1310.69495	689.28381	-100.74255	868.43408	90.73970	-430.07263	1060.49133	483.17108	-337.09824	1023.19305	398.88010	-212.83667	986.70941	644.01038	-481.40674	495.41385	682.38403	-224.34796	539.19928	423.84625	-375.86075	162.70891	784.92682	-343.72116	126.09486	390.18674	
498	4.970	-284.79080	1364.92285	84.63014	-347.73788	1615.94739	254.68867	-431.90793	1490.08899	171.37003	-203.19521	1464.01221	164.88185	-428.14047	1483.92664	430.29623	-218.20186	1330.63293	241.73625	-388.65854	1286.49780	350.97397	-228.74913	1425.82410	387.86621	-447.52493	1332.15405	702.30792	-80.64960	1039.41724	239.53661	-612.86731	1309.88550	680.67926	-100.25456	869.49261	88.69841	-432.87253	1060.89172	478.97687	-340.24576	1023.20502	395.28799	-215.51289	986.95911	639.80859	-485.76874	496.38828	677.22693	-225.76649	539.24249	423.79660	-384.92422	162.22679	781.04956	-340.63791	125.00926	391.45444	
499	4.980	-287.66025	1364.19922	81.02205	-350.37521	1616.20251	249.54164	-434.63828	1490.09521	166.89565	-206.28050	1463.75708	160.08600	-430.89099	1484.07544	425.63803	-220.56123	1330.39026	238.41817	-390.62341	1286.60913	346.97061	-231.70404	1426.81055	383.66443	-451.25909	1331.52905	696.96484	-81.14306	1040.07788	237.61205	-616.56512	1309.34180	673.18640	-99.46849	870.67896	86.91655	-435.59888	1061.32410	475.31299	-343.25577	1023.90253	390.59027	-218.76048	987.32196	635.44141	-489.50073	497.35855	671.94012	-226.75626	539.24420	423.38138	-393.01108	161.94269	776.96954	-337.83334	123.40292	392.02219	
500	4.990	-291.02573	1363.88708	76.99828	-352.38937	1616.24719	244.58878	-437.54346	1490.17810	162.52277	-208.68158	1462.94397	155.29018	-433.67136	1484.25830	421.50375	-222.67686	1331.08752	234.56679	-393.63504	1286.58411	342.73389	-234.38991	1427.20410	378.36176	-454.65536	1330.82837	691.55786	-81.04315	1040.69836	235.80507	-619.63263	1308.50256	665.23657	-98.48808	871.79120	84.74049	-438.73801	1061.49805	471.47867	-346.10562	1024.42908	386.59842	-221.48456	987.65112	630.77856	-493.22427	498.18271	666.42023	-228.21440	539.18127	422.76285	-403.06918	161.62715	773.17578	-335.25934	120.80378	394.29065	
501	5.000	-293.86359	1361.98181	73.21487	-354.71683	1616.67456	239.50400	-439.78241	1490.07654	158.19000	-211.28996	1462.44763	152.14685	-436.71243	1484.33142	417.44168	-224.90266	1331.43689	230.23561	-395.05029	1286.68713	338.91107	-237.08199	1427.71545	375.94122	-458.35086	1329.70276	686.44861	-81.29027	1041.85510	233.75298	-623.61163	1307.58496	657.64777	-97.67033	872.26031	82.99464	-441.67197	1061.69568	467.69449	-348.92905	1024.15039	383.16879	-223.84430	987.93726	627.17169	-495.89752	498.24210	660.75073	-229.44868	539.58270	421.63525	-412.74033	161.05836	768.86499	-333.40765	119.51452	393.43280	
502	5.010	-295.94592	1362.62097	69.19891	-356.87985	1617.09094	234.90234	-441.88397	1490.02661	153.77791	-213.50531	1461.92053	147.59607	-439.36639	1484.40125	413.25714	-226.91037	1331.74951	226.72734	-397.14117	1286.86243	334.97498	-240.01215	1428.12012	371.55243	-462.01248	1328.93640	681.43616	-81.30317	1043.13843	232.17909	-626.04333	1306.39014	650.60535	-96.55025	873.71960	81.63985	-444.00403	1062.15027	463.87491	-351.85590	1024.34607	379.33649	-226.79092	987.89081	622.39227	-498.61673	498.25623	654.99030	-230.07658	540.07245	419.88727	-422.93890	160.39717	764.67004	-330.77307	116.68581	394.51324	
503	5.020	-298.80011	1361.87280	66.31697	-359.11346	1617.61536	230.18797	-443.53006	1490.18518	149.27397	-215.84254	1461.62122	144.30418	-442.13184	1484.49634	408.97601	-229.25667	1331.72498	222.65921	-399.51019	1287.22253	331.36923	-242.43921	1428.43616	368.05670	-465.17175	1327.68005	676.57031	-81.48335	1043.96521	231.18501	-629.03558	1305.09985	644.62634	-95.68852	874.77466	80.01484	-446.96866	1062.70239	459.59042	-354.63666	1024.70251	374.87259	-229.49020	988.77979	618.96930	-501.67163	499.38821	649.45679	-231.26595	540.23969	417.25769	-433.36865	159.62294	760.32410	-328.60880	116.09233	393.27530	
504	5.030	-301.13547	1361.15161	63.07644	-360.85626	1617.92542	225.67860	-446.73212	1490.88208	145.35237	-218.52632	1461.67578	140.37468	-445.15323	1484.72229	405.68576	-231.19949	1332.51855	218.02522	-401.35156	1287.37390	327.71490	-245.34575	1428.64905	365.00940	-468.70731	1326.96082	672.04608	-81.02623	1044.45520	229.74297	-632.25757	1303.79114	638.15961	-95.18697	875.60809	78.78557	-449.23328	1062.81262	455.27524	-356.98199	1025.65295	369.49994	-232.30624	988.94922	614.78577	-503.29007	499.05725	642.98022	-231.78256	540.37823	414.86914	-443.88968	158.32977	755.40582	-325.49091	115.91245	391.75546	
505	5.040	-303.29761	1360.98267	59.22852	-363.03329	1618.36414	220.89845	-448.91486	1491.08630	141.78207	-220.53592	1461.13745	136.56429	-447.58661	1484.71741	401.75250	-233.66695	1333.19849	215.03957	-403.86923	1287.88306	323.85446	-247.88811	1428.99084	361.46249	-471.92865	1325.48267	667.61835	-80.89610	1045.63464	228.02126	-634.51440	1301.54675	630.72247	-94.82121	876.80640	77.89707	-451.98804	1062.82214	451.12564	-359.38800	1025.99536	365.69452	-234.94124	988.19806	610.06042	-505.24194	498.86832	636.82025	-231.69902	540.16113	411.95129	-454.96970	156.94691	750.30347	-321.96933	114.75520	391.73367	
506	5.050	-305.37219	1360.60461	56.83970	-364.78113	1618.87402	216.25339	-450.58432	1491.23682	137.48810	-222.45921	1460.63403	133.37437	-450.40778	1485.12134	398.16928	-235.74454	1334.09302	211.05545	-405.85220	1287.99658	320.14075	-250.00269	1429.40356	357.69153	-475.43335	1324.59558	663.16614	-81.59643	1046.31348	228.24121	-637.97827	1299.94336	624.86945	-94.08861	878.36090	76.05913	-454.69382	1062.94543	446.46600	-361.65472	1026.00256	361.93945	-238.49358	988.25073	607.09326	-507.72128	498.87515	630.74420	-233.42397	540.49579	408.95691	-466.36899	155.94556	745.37732	-318.61813	115.87225	390.08817	
507	5.060	-307.52509	1359.49121	54.41560	-366.73294	1619.75415	211.59193	-453.10712	1491.65686	133.54044	-224.51828	1460.51538	130.42000	-452.79599	1485.37988	394.55481	-237.87486	1334.67664	207.62073	-407.79053	1288.35083	316.54724	-252.62737	1429.34216	353.56226	-478.60263	1323.48132	658.74188	-80.68768	1048.39880	226.41246	-641.12433	1299.27747	620.10852	-93.53018	879.37329	75.45763	-456.86346	1063.08667	441.83594	-363.97156	1026.29016	356.93530	-241.81039	988.52606	603.51923	-509.22437	498.43997	624.18219	-236.36642	540.26233	405.81870	-477.98260	155.28395	739.22461	-316.22595	113.99740	389.66669	
508	5.070	-309.21808	1359.40613	51.47976	-368.56070	1619.98743	207.54311	-454.99484	1492.28723	129.78639	-226.67195	1461.02356	127.08215	-455.40833	1485.67468	391.13776	-240.19760	1335.60706	203.96242	-409.75723	1288.86597	312.72458	-255.22472	1430.62891	352.25943	-482.26996	1322.44568	654.91931	-81.37713	1048.70886	226.32982	-643.69971	1297.51648	614.32166	-93.31310	881.39746	75.07335	-459.40533	1063.23279	437.11548	-366.20987	1026.42444	352.50528	-244.88635	989.04889	599.98145	-511.50903	498.35605	617.57568	-237.83891	540.24335	402.67004	-489.69116	155.40749	731.74707	-313.15878	113.34480	389.97650	
509	5.080	-311.48416	1359.32739	49.30754	-371.04526	1620.97595	203.47191	-456.90012	1492.48889	126.20708	-228.57297	1461.07251	123.64337	-457.86481	1485.87134	387.54459	-242.30420	1336.31616	200.24919	-411.93991	1289.53662	309.24954	-257.96588	1431.11963	349.06354	-485.41766	1321.34045	650.40515	-81.23155	1050.61633	225.16422	-647.32257	1296.42603	609.20020	-92.88741	882.91962	73.66409	-461.83606	1063.11353	432.45386	-368.17480	1025.98157	349.73526	-247.52142	988.85590	595.68823	-513.61145	498.02420	610.85114	-239.32710	540.31812	399.16113	-500.70840	154.52812	723.40179	-311.48190	112.16896	389.78818	
510	5.090	-313.07974	1359.47522	45.78336	-372.93695	1621.51172	198.94514	-458.74933	1492.70764	122.34937	-230.65411	1461.00916	120.82137	-460.66534	1485.94507	384.40417	-244.54298	1337.15649	197.55812	-414.02435	1290.20105	305.78952	-260.25278	1431.72888	346.08221	-488.58142	1320.35229	646.19141	-81.21897	1052.31274	225.25140	-650.09357	1294.99939	604.05408	-92.67152	884.06824	73.50426	-464.34521	1063.13049	428.26819	-370.52618	1026.08606	344.74240	-250.90569	989.21429	592.21851	-515.79523	497.72342	604.15930	-241.25592	540.35571	395.01855	-512.45618	153.86925	712.29395	-310.89197	111.37526	389.30460	
511	5.100	-314.63202	1358.92993	43.60139	-374.79935	1622.39771	194.35460	-460.90723	1492.99023	118.39504	-232.44002	1461.46765	117.91581	-463.24731	1486.43127	381.22992	-245.71820	1338.69250	193.44505	-415.72577	1290.66199	302.13873	-262.55750	1432.56213	342.97147	-491.95920	1319.52136	641.88751	-81.17872	1054.48975	224.91371	-652.86481	1293.30615	598.80475	-92.28059	885.50836	74.06741	-466.93781	1062.93567	423.54691	-372.51981	1026.26013	340.66049	-254.56383	988.86615	587.86554	-517.65021	497.37686	596.21136	-243.18439	539.82300	391.63208	-523.64087	153.75055	703.16156	-309.37976	109.39370	390.01416	
512	5.110	-316.06024	1358.28198	41.21874	-377.11301	1623.18677	190.43790	-462.52341	1493.24316	114.95541	-234.21886	1461.93066	114.47958	-466.00104	1486.41858	378.01041	-247.26944	1340.05115	190.26843	-416.93979	1290.63794	299.05292	-265.71820	1433.26697	340.96741	-494.69766	1318.26672	638.02075	-81.29667	1056.43213	224.90407	-655.64288	1291.81311	593.87238	-92.62582	887.11389	74.34392	-469.11960	1062.99792	418.59344	-374.91937	1026.45496	335.02167	-257.56128	989.06573	584.11682	-520.60144	497.59259	589.51227	-244.19200	539.60260	387.94354	-533.49829	153.67366	694.02893	-309.27237	108.98962	389.97180	
513	5.120	-317.78305	1358.79236	39.18941	-379.09113	1623.97095	186.44107	-464.34302	1493.63342	111.21509	-236.01572	1461.79785	112.62113	-468.98752	1486.68469	374.74301	-248.97807	1340.99768	187.01941	-419.08203	1291.18945	295.53339	-268.07690	1433.83618	337.84277	-498.25562	1317.80188	634.23578	-81.43507	1058.95544	225.34888	-658.54333	1290.05945	589.00787	-92.54003	888.52429	76.27983	-471.56461	1063.30090	414.08536	-376.86316	1026.70691	330.71710	-260.37436	989.21051	580.70349	-522.90479	497.22980	581.50208	-245.31317	539.44458	384.48480	-543.84662	153.90945	683.00769	-309.38184	108.36549	389.54059	
514	5.130	-319.37326	1358.62061	37.40740	-381.46948	1624.61389	182.60410	-466.18201	1494.04980	107.62538	-237.46460	1461.95959	111.57705	-471.70145	1486.97229	371.43414	-250.39487	1342.40771	183.54970	-421.35379	1292.08545	291.78870	-270.47305	1434.22144	334.74930	-501.48355	1316.67419	629.95911	-81.92878	1061.59204	226.96242	-661.29517	1288.37244	584.29437	-93.14741	890.38947	78.85325	-474.17764	1063.40613	409.40717	-379.32114	1026.92249	325.67761	-263.74738	989.06506	577.19867	-526.37213	497.90927	574.22559	-246.48701	540.01636	380.10199	-552.38708	153.49950	673.99066	-309.82339	108.42936	388.92111	
515	5.140	-320.62424	1359.15662	34.65863	-383.08127	1625.19885	179.11674	-467.83066	1494.93982	103.97671	-239.32259	1462.96423	108.04903	-474.56769	1487.03979	368.12213	-251.60263	1343.57642	181.17438	-423.08551	1292.37622	288.42136	-273.43118	1435.20300	332.49661	-504.89359	1315.63977	625.96643	-82.64838	1064.52393	228.51762	-664.37872	1286.58936	579.51428	-94.14959	892.53650	82.91775	-476.86115	1063.38977	404.88437	-381.49817	1025.74866	322.70526	-266.93231	989.36395	574.10004	-529.54535	497.87793	566.85614	-247.42345	539.70361	377.57959	-561.58990	154.03979	664.36841	-310.15247	108.29107	387.17944	
516	5.150	-321.93506	1359.43701	32.13876	-385.34424	1626.32629	175.34038	-469.73489	1495.48083	100.57954	-240.88794	1463.65088	105.31162	-477.33450	1486.76697	364.57901	-253.21713	1344.68518	177.53976	-424.25153	1292.75818	285.49365	-275.97705	1436.56067	330.77267	-508.14374	1314.78467	622.41333	-83.47581	1067.96619	230.70529	-667.60382	1285.32874	575.43134	-95.44834	895.96411	84.83560	-479.37790	1063.39404	400.16315	-382.93521	1025.56726	319.48819	-269.63507	988.97076	569.74323	-533.01062	497.76773	558.54749	-248.17920	539.77435	373.54715	-569.80878	154.56876	652.87567	-310.65305	107.82390	387.28253	
517	5.160	-322.79114	1359.97668	29.92348	-387.45993	1626.97998	172.30164	-471.44958	1495.59094	97.36720	-242.76117	1464.53528	102.26953	-480.29922	1487.02087	361.45236	-254.75526	1345.72400	175.52670	-426.18124	1293.17603	282.08621	-278.84982	1437.43665	328.38541	-511.91397	1314.03870	618.59155	-84.46708	1070.88440	233.59930	-671.52533	1283.93213	571.60889	-97.15354	899.41547	88.22423	-482.09689	1063.49292	395.11121	-385.23251	1025.80908	315.53030	-273.47369	988.68494	566.03851	-537.00684	498.22180	551.21680	-248.98976	539.62054	370.49518	-578.91754	154.38300	640.36902	-310.93170	107.69774	387.26935	
518	5.170	-324.43207	1360.75684	26.87102	-389.60541	1627.40747	168.91666	-473.42581	1496.28687	94.02806	-244.41010	1465.12439	100.25359	-482.92291	1486.76184	357.57697	-255.68922	1346.31995	173.50516	-428.41687	1293.55884	277.37582	-281.30777	1437.69775	325.08295	-515.71887	1313.04199	615.01990	-85.16933	1074.65735	236.05217	-674.02399	1281.49023	566.53363	-99.20158	903.10590	92.72116	-485.06052	1064.32654	388.47705	-387.19632	1026.10229	311.56253	-276.33023	988.73438	561.96686	-541.36029	499.10815	544.13892	-249.75775	539.72980	366.88986	-586.75793	155.36075	628.44147	-312.48895	109.13229	385.36057	
519	5.180	-325.66003	1361.44385	24.38856	-392.10141	1628.19763	166.22238	-474.73709	1496.84082	90.76392	-246.14267	1466.72241	98.00978	-485.98486	1486.50378	354.51926	-256.97763	1347.55627	170.42421	-430.28009	1293.79541	273.72421	-283.76953	1438.37378	322.73492	-519.32947	1312.17639	611.00922	-84.34688	1077.85596	239.01334	-678.57056	1280.21045	562.76709	-102.41362	907.25677	94.56064	-486.71271	1063.20984	386.14166	-389.68503	1026.84424	307.47040	-279.34689	988.44836	558.25275	-545.82275	499.35571	537.06122	-249.57796	539.75916	362.92145	-594.34265	155.07951	615.54358	-312.86902	108.95950	383.78741	
520	5.190	-326.62177	1362.55115	21.36207	-394.20999	1628.72607	163.79039	-476.22073	1497.29700	87.24091	-247.74876	1467.62756	96.18205	-488.91223	1486.20361	350.90985	-258.71579	1348.38696	167.83411	-432.42325	1294.31018	270.19632	-286.73297	1438.69385	319.94562	-522.70966	1310.88416	607.44525	-83.17645	1081.46643	242.05141	-681.23511	1277.46155	557.93512	-106.23164	910.36151	100.11340	-490.45657	1063.66565	380.91849	-391.32675	1026.70459	303.50391	-282.79282	988.29840	553.78986	-551.07672	499.51959	530.40607	-249.93234	540.17975	358.93451	-602.52997	155.02156	602.79852	-313.06503	107.72749	383.65848	
521	5.200	-327.32639	1363.65308	19.01287	-396.35007	1629.43701	160.91556	-476.87717	1497.27795	84.65289	-249.21536	1469.08545	93.43145	-491.78021	1486.20874	348.02383	-259.88693	1350.04395	166.06276	-434.41486	1294.69690	266.22098	-289.71271	1439.91614	319.64291	-526.81604	1309.68420	603.33691	-82.53053	1085.12598	243.67633	-685.07245	1275.36108	553.70844	-109.40758	913.62952	102.42590	-492.70743	1063.51038	375.92563	-393.52255	1026.73499	298.84238	-285.43680	988.41193	551.74109	-555.82727	499.19537	523.45819	-250.41786	540.47870	354.95673	-609.57654	154.26761	590.77844	-313.60260	107.21429	382.68335	
522	5.210	-328.15408	1364.59241	16.48169	-398.63400	1630.25305	158.70102	-478.16278	1497.91931	81.34403	-250.47890	1469.91248	92.75739	-494.60474	1486.00085	344.76245	-260.71539	1351.21790	163.83798	-436.28888	1294.88464	262.44528	-291.74832	1439.72253	315.06113	-530.86206	1308.60986	599.73602	-81.90920	1088.36609	245.78894	-689.32092	1273.99609	550.05621	-112.75217	916.82233	106.15780	-494.46677	1063.14978	371.32657	-395.40649	1027.08362	294.55289	-288.60434	987.94159	548.21545	-561.13916	498.75552	516.85516	-250.84436	540.52283	351.73798	-617.12689	154.02911	577.49408	-314.20084	107.55508	379.99808	
523	5.220	-328.97061	1365.55493	14.36943	-401.18604	1631.04602	156.53659	-479.52078	1498.99670	77.98545	-251.80453	1471.06995	90.73618	-497.75363	1485.47461	342.00436	-262.24606	1352.98645	161.50426	-437.93103	1295.25793	259.24301	-293.81711	1444.88660	323.98849	-534.95245	1307.27393	595.97107	-81.73955	1091.31262	246.77257	-691.61304	1269.88721	543.67841	-118.04606	918.84509	110.41245	-496.94275	1062.67896	365.79440	-397.28839	1027.43604	289.86142	-292.32092	987.77954	544.76086	-566.43542	498.56085	510.36905	-249.89757	540.46014	348.54013	-624.40118	152.21342	563.64215	-314.75879	107.52303	379.41211	
524	5.230	-329.06363	1366.98950	11.85045	-403.49326	1632.08264	154.01399	-480.97388	1499.64868	75.19698	-253.20879	1472.13062	89.36884	-500.47147	1485.45239	339.17096	-263.36060	1354.72742	158.86557	-440.26706	1295.71326	254.32457	-297.59369	1441.27759	312.47238	-539.09705	1305.77515	592.59009	-82.09135	1094.28833	247.89615	-695.02380	1267.61670	539.59412	-122.81634	921.66418	112.81626	-499.85870	1062.58997	360.77768	-398.78592	1026.52173	286.22867	-296.79141	987.71991	541.26129	-571.97034	498.22092	503.55347	-250.60669	540.14960	345.12146	-631.79327	151.76099	549.25757	-315.69568	107.36678	378.29190	
525	5.240	-329.39014	1368.55432	8.61742	-405.55380	1632.99097	151.66423	-482.38919	1500.54822	72.53526	-255.30907	1473.50598	88.20724	-503.60281	1485.43713	336.08548	-264.66742	1356.10168	157.05849	-442.35123	1296.35352	250.58710	-299.43347	1445.41455	319.69064	-542.57275	1303.45288	588.47729	-83.56135	1096.83191	248.68788	-699.00189	1264.27917	534.67322	-127.69411	923.79419	115.58603	-501.67114	1062.27759	355.33081	-401.39377	1026.86621	281.39374	-300.40973	987.34680	537.33240	-577.88696	497.97876	496.63663	-251.33141	540.00336	341.72220	-638.38025	150.29921	536.37195	-316.74661	107.47035	377.27234	
526	5.250	-329.37222	1369.56042	7.45960	-408.15057	1634.28052	149.47733	-483.94757	1501.52478	69.23036	-256.47702	1475.93774	86.08498	-506.54440	1485.11218	333.56256	-266.36993	1357.54846	154.67184	-444.35513	1296.71191	246.88715	-302.45880	1445.38672	317.86707	-547.61816	1301.92114	585.22229	-85.32747	1099.37061	250.01715	-702.21777	1260.46094	529.49915	-133.42773	925.54590	118.56555	-504.19104	1061.92358	350.63843	-402.73822	1026.69788	277.53818	-304.16248	986.70874	533.83533	-583.45587	497.38486	489.43982	-251.83548	539.94464	338.51996	-645.44489	148.87987	521.68280	-317.03946	107.20138	375.31714	
527	5.260	-330.53375	1370.83252	5.22953	-410.33539	1635.47449	147.31453	-485.38934	1502.33777	68.00101	-257.80624	1477.43420	85.27550	-510.01105	1485.09900	331.04471	-267.98892	1358.97803	152.33885	-446.31522	1297.44067	243.09193	-305.22757	1445.67542	315.75024	-551.04956	1299.75220	581.11829	-87.91402	1101.02234	250.51198	-705.77057	1257.20886	524.71906	-139.35664	926.83069	121.57666	-506.24561	1061.13220	345.90045	-404.11865	1026.20764	272.99097	-308.20407	986.47351	530.27399	-589.21655	496.91003	482.52890	-252.84129	539.93457	335.54984	-652.42212	148.09193	508.98660	-316.97186	107.07944	374.06332	
528	5.270	-331.33575	1372.38342	4.16932	-412.69540	1636.35376	145.72816	-486.99161	1503.74805	64.58083	-259.39111	1479.89441	83.56702	-512.86072	1484.79993	328.05399	-269.66254	1360.18726	150.09587	-448.52383	1298.10828	239.44373	-308.45212	1446.13306	313.84537	-555.02533	1297.19836	576.88861	-90.46311	1103.13489	250.83859	-708.12476	1252.55627	519.18579	-145.58432	928.32831	124.76420	-508.79291	1060.54065	339.79034	-406.18311	1026.51208	268.14752	-312.53940	986.10162	527.19812	-594.79181	495.86310	475.34528	-254.23987	540.44617	334.47305	-657.71161	146.90833	495.42639	-317.60974	107.39700	372.17267	
529	5.280	-332.35361	1374.65100	2.85743	-415.16052	1637.78711	144.01569				-260.95264	1480.95813	83.95295	-516.20117	1484.36157	325.33624	-271.49484	1361.58728	148.77127	-450.90417	1298.78040	236.19522	-311.23877	1446.09851	311.83871	-558.43140	1294.28418	572.74628	-93.87140	1104.57056	251.31752	-711.14874	1247.97705	513.59344	-151.91267	929.78027	127.40578	-510.81281	1060.77722	335.35941	-407.95627	1026.81580	262.97348	-316.47147	985.80743	523.13202	-601.20776	495.61133	467.81598	-254.51967	540.65594	330.51224	-664.83441	146.45233	481.58026	-318.28323	108.18066	370.09970	
530	5.290	-333.50592	1376.54517	0.68841	-417.75128	1639.40698	142.75177	-490.33035	1506.45251	60.25369	-264.37546	1482.82178	82.29696	-519.23322	1484.40723	322.72446	-273.58319	1363.46594	146.50279	-453.17270	1299.69458	232.32388	-314.08917	1446.11340	309.72180	-562.84747	1292.11926	568.86298	-97.37870	1106.51160	251.33705	-714.97491	1243.81433	508.82297	-158.84148	931.34821	129.82841	-512.96075	1060.26489	329.75815	-409.86414	1026.80920	258.44818	-321.06055	985.62006	519.87024	-607.34723	494.68988	460.35104	-256.23767	540.36383	329.82269	-670.21399	145.71355	468.44965	-318.41919	107.44751	369.88974	
531	5.300	-334.93451	1378.57568	-0.36008	-420.18115	1640.55615	141.95491	-492.04788	1508.14929	57.99344	-264.51416	1485.05530	80.71705	-522.75073	1484.00977	320.46655	-275.25586	1364.70911	144.84918	-455.46790	1300.20276	229.51527	-317.83459	1444.69336	300.85770	-566.42377	1288.98669	564.37982	-100.97704	1107.73523	251.15421	-717.28107	1238.37939	502.66000	-165.92842	932.46924	131.70569	-516.35034	1060.51331	322.84692	-411.16098	1026.68787	254.06670	-324.26666	984.85590	516.99084	-613.97382	495.20569	452.32080	-256.83667	540.39191	327.72629	-676.28015	144.85014	454.84290	-318.61865	107.05134	368.41302	
532	5.310	-336.40744	1381.38318	-3.21698	-422.79474	1641.85876	140.94019	-494.01996	1509.77478	55.96218	-267.47754	1485.64514	79.90778	-526.21265	1483.76294	317.69763	-277.33118	1366.66321	142.01561	-457.02271	1300.42725	225.96513	-321.03433	1445.38855	299.04257	-570.85126	1285.98071	559.99719	-104.58288	1108.86853	250.83324	-720.80316	1234.51257	497.35620	-173.70146	934.14032	133.13608	-518.55005	1060.36450	317.36707	-412.77383	1026.75793	249.65822	-327.63190	983.68030	514.09229	-620.23822	494.85675	444.48932	-258.04843	540.43445	325.54599	-681.67596	144.61351	439.78345	-319.42896	107.58302	366.08417	
533	5.320	-337.82587	1383.25867	-5.21999	-425.24185	1643.33374	139.51060	-496.01370	1511.41089	54.10025	-268.49628	1488.88086	78.07018	-529.65771	1483.31201	315.23123	-279.17319	1367.97986	140.70329	-459.13770	1300.76526	222.78996	-324.05075	1446.92871	304.64026	-575.37018	1283.00745	555.58777	-108.14577	1109.70825	250.13139	-724.38824	1229.62952	492.17969	-181.52235	935.47565	133.55637	-520.01868	1059.37231	314.02567	-414.62338	1026.70093	245.04210	-334.28140	983.42035	509.46344	-625.78510	494.49918	436.45499	-258.67819	540.24127	323.46637	-686.78601	143.33644	426.48978	-320.10236	107.70762	365.26508	
534	5.330	-339.74582	1385.61853	-6.68985	-427.84955	1644.92419	138.65021	-498.05972	1513.52808	52.09748	-271.07251	1489.54993	78.04598	-532.86456	1483.18787	312.87497	-280.89273	1369.92493	138.40849	-461.31683	1301.71692	219.96466	-327.11786	1446.86108	302.78302	-579.73590	1279.75977	551.20276	-112.62444	1109.91431	249.28891	-726.37122	1224.44287	485.29999	-189.65088	937.04846	133.83122	-522.85571	1059.68604	307.79987	-416.43796	1026.26770	241.06703	-338.90842	982.54083	505.34851	-630.99438	493.41705	428.55594	-259.71011	539.93640	321.99222	-692.23285	143.36200	414.76379	-320.85220	107.37973	364.69968	
535	5.340	-342.04980	1388.43481	-8.85571	-430.52151	1646.26465	138.28355	-500.35617	1514.87744	50.63339	-272.77264	1493.05847	76.26373	-536.51495	1482.68726	310.37860	-282.77298	1371.28333	136.85045	-463.57245	1302.39355	216.82735	-330.70529	1447.06958	301.39322	-583.71045	1276.05725	546.55243	-116.61427	1110.63281	248.73125	-730.41748	1219.79102	480.27573	-198.31543	938.17175	133.83385	-524.75208	1058.82117	303.08694	-418.09122	1026.72693	236.26743	-342.78622	981.47076	501.16791	-637.17407	493.36249	420.48386	-260.85953	539.86523	320.69763	-697.63837	142.66972	400.75989	-321.35046	107.66047	362.57101	
536	5.350	-342.69495	1390.68420	-11.32000	-433.33377	1647.14563	137.43147	-502.68323	1516.61597	48.74230	-275.17633	1494.98010	74.25582	-539.74011	1482.05688	307.63348	-284.84067	1372.74829	135.45270	-465.77304	1302.43335	213.11014	-333.88123	1446.93518	299.77603	-588.27039	1272.37427	541.95428	-120.84852	1110.81299	247.18575	-733.70221	1215.03748	474.47998	-207.16528	939.97681	133.49326	-527.56165	1058.27283	297.92535	-420.03409	1026.70752	231.54335	-346.89746	980.46472	497.22449	-642.36169	492.69431	412.21234	-262.30350	539.43378	319.75977	-701.83636	142.00847	389.49982	-322.16101	107.47771	361.08884	
537	5.360	-344.93484	1393.24890	-13.34736	-436.36850	1647.82324	136.91322	-505.07312	1518.47021	47.49619	-278.82428	1495.73962	74.31739	-543.51855	1481.41870	305.06027	-287.05807	1374.49854	133.76237	-468.06146	1303.15649	209.82590	-336.69415	1446.68274	297.94489	-592.48755	1268.72815	537.09888	-125.10205	1110.62183	245.34912	-737.81116	1210.00818	468.06427	-216.27776	941.51678	132.54167	-529.81946	1057.28699	293.45242	-421.54834	1026.39355	226.74843	-351.19943	979.90369	493.23288	-647.58356	492.11700	404.21182	-263.31192	539.28864	317.06433	-706.32208	140.65846	377.28613	-322.48743	106.47323	360.11847	
538	5.370	-347.50247	1394.70850	-15.37354	-439.55856	1649.13062	136.34612	-507.62665	1520.05164	45.82151	-280.13461	1498.62305	73.17712	-547.06226	1480.92334	302.63013	-288.76822	1376.20752	131.57045	-470.41577	1303.63647	206.54631	-340.70895	1446.82495	296.86087	-597.59894	1265.06519	532.56470	-129.78381	1109.82666	242.80063	-743.38959	1205.53418	463.16882	-225.70515	943.31354	130.76900	-532.71344	1057.44714	286.88324	-424.07364	1026.03613	222.63200	-355.44833	978.85266	488.52643	-653.65228	492.09518	396.32755	-264.07056	539.09045	315.54324	-710.41571	139.40100	367.12692	-322.73090	105.80379	359.19141	
539	5.380	-350.42276	1397.89001	-16.40185	-441.93817	1650.08020	135.64095	-510.21460	1521.80029	43.81620	-282.71613	1500.51440	72.25189	-550.91473	1480.21191	300.08441	-291.25491	1377.90405	130.03403	-472.65103	1304.03259	202.97615	-344.60590	1446.89209	295.46872	-602.67780	1261.79199	527.75323	-134.78337	1109.57739	240.21475	-747.00995	1201.92175	457.20334	-235.40778	945.54517	128.56837	-535.11151	1055.97498	282.27829	-426.05844	1025.92896	217.44424	-359.83096	977.77643	483.74368	-658.04498	491.05969	388.10464	-265.50510	539.02185	313.81436	-713.89056	137.33202	355.08224	-324.05026	105.83860	356.00366	
540	5.390	-352.17426	1399.24585	-18.99256	-445.06253	1651.21582	135.74185	-513.11115	1523.42358	42.10939	-286.68439	1501.45068	71.31060	-554.65112	1478.94507	297.35916	-293.54977	1379.99670	129.01897	-475.07883	1304.62195	199.86980	-347.95874	1446.47388	294.02716	-607.18658	1257.53699	522.55212	-139.93872	1109.07483	237.52754	-759.63232	1203.41626	459.47018	-245.15837	947.61407	126.52043	-538.02344	1055.16077	276.95749	-428.66919	1026.01904	211.78299	-364.07211	976.50000	479.36057	-661.24426	488.92148	379.96115	-266.63858	538.40759	312.41449	-718.37982	137.10483	344.81476	-324.28406	105.51381	355.06354	
541	5.400	-355.33884	1402.10046	-20.31439	-448.39023	1652.24597	135.07289	-515.94690	1524.97937	41.11513	-288.78632	1502.81885	69.73933	-558.47406	1477.64514	294.52213	-295.18726	1380.68713	127.92872	-477.02579	1304.51428	196.64127	-352.34299	1446.69666	292.93829	-613.00342	1254.06482	517.90192	-145.28099	1108.25049	233.81166	-756.95496	1191.45227	447.73727	-255.71053	950.33649	123.06761	-540.36884	1054.38525	270.96802	-430.94907	1025.47217	207.10606	-368.61963	975.33020	475.29620	-666.48395	488.50879	371.61032	-268.02692	539.11902	309.73166	-722.42645	136.26801	334.95050	-325.13629	105.82569	351.76715	
542	5.410	-358.42899	1404.38733	-22.94450	-452.09052	1653.10242	135.51305	-518.96350	1526.51050	39.41027	-291.45813	1505.19006	68.07999	-562.50836	1476.45007	292.21301	-297.71014	1382.90747	125.98845	-479.26361	1304.25781	194.09433	-356.13443	1446.42065	291.60114	-619.19507	1250.92859	512.93402	-150.79224	1107.56775	229.87959	-762.72699	1186.34314	442.36691	-266.48853	952.97357	118.77814	-543.41858	1053.59644	265.75903	-433.10986	1024.58875	202.93825	-372.92075	974.06757	470.87967	-670.34033	486.76859	363.31198	-269.67435	538.38513	308.43323	-725.69336	134.91223	326.09076	-325.85468	105.21223	349.56403	
543	5.420	-361.16388	1406.42871	-25.52848	-454.81522	1653.21436	134.95410	-522.07690	1527.74414	38.26733	-294.58676	1506.65393	66.79721	-566.41559	1475.07166	289.00766	-299.94440	1384.24731	124.92970	-481.46951	1304.07507	190.52682	-360.00031	1445.88416	290.21558	-625.80542	1247.32385	508.00790	-156.56306	1106.69922	225.34584	-768.47333	1181.79150	435.91971	-276.82748	956.22461	114.71687	-546.38495	1052.46509	260.06720	-434.98080	1023.82672	197.90222	-377.10907	972.69189	466.41019	-674.44348	485.15405	354.91263	-270.83139	537.98352	307.41345	-729.61401	133.94333	316.35312	-325.45761	104.65310	347.55655	
544	5.430	-364.40457	1408.62122	-27.73318	-458.79633	1654.11450	135.32635	-525.24921	1529.02832	37.28426	-297.77313	1507.55615	65.08223	-570.97046	1473.58215	285.86932	-302.20850	1385.90295	123.63052	-483.06439	1303.90906	187.40404	-364.54401	1445.34314	289.20593	-632.97687	1244.26770	502.81503	-162.14313	1106.07019	221.45369	-776.72815	1178.94568	432.01926	-288.11566	960.01337	109.96998	-549.07141	1051.20142	254.00980	-437.95398	1023.31042	193.06256	-381.55643	971.27454	462.02246	-678.27588	483.29868	346.53067	-272.24719	538.07599	305.13571	-733.31195	131.73351	307.79630	-326.08731	104.63337	345.58786	
545	5.440	-367.64612	1409.88745	-29.85089	-461.69321	1654.15845	134.66692	-528.50049	1530.20093	35.49459	-301.11826	1507.96924	64.60046	-575.44366	1471.85413	282.57269	-304.41403	1387.20276	122.82515	-485.36578	1303.83044	184.54796	-368.95654	1444.39221	288.04544	-639.50153	1241.19446	497.11380	-167.91295	1105.21692	215.72461	-783.43811	1175.85449	424.77420	-299.78955	965.00482	104.70010	-552.00000	1049.87830	248.36197	-440.37396	1022.86285	187.10672	-386.21915	969.62604	457.72305	-681.81824	480.97650	338.55212	-273.93552	537.64752	303.18924	-737.53839	130.62416	298.52136	-326.10950	104.52224	343.39673	
546	5.450	-370.71951	1411.69092	-31.99318	-465.01981	1654.37024	134.53616	-531.87762	1531.46021	34.18378	-304.87753	1508.42603	63.14037	-580.08887	1469.80261	279.67371	-307.18121	1388.73352	122.10410	-487.43738	1303.24207	181.04890	-373.44208	1443.62317	286.81577	-649.20111	1239.41089	491.75424	-173.86104	1104.31946	209.94972	-791.32709	1173.55896	417.43494	-311.93411	970.29468	98.70182	-554.81189	1048.14172	242.56177	-442.21664	1021.36597	182.23653	-390.83786	967.87842	453.48138	-685.57617	478.49823	330.39209	-275.26123	536.80695	302.08853	-741.39636	128.07442	289.86282	-326.01102	104.14251	341.92438	
547	5.460	-374.36780	1413.15283	-34.43602	-468.86469	1654.55505	134.23491	-535.42090	1532.25110	33.30469	-308.83411	1508.94702	61.76019	-584.79858	1468.31653	275.61633	-309.65662	1390.06201	121.37962	-489.35989	1302.20203	177.52498	-378.35818	1442.88831	285.68735	-657.16241	1236.60449	486.06470	-179.63921	1103.80994	205.33455	-799.75848	1172.11047	410.61368	-324.11319	976.54248	92.70978	-557.86957	1046.29553	236.93286	-444.80267	1020.11255	177.68883	-394.00574	965.32440	449.00821	-689.17896	475.68359	322.55200	-276.94290	536.72882	299.65393	-744.88965	124.67356	281.78006	-325.05954	103.21964	340.08627	
548	5.470	-378.06079	1414.51343	-36.72554	-471.53757	1654.39783	133.46588	-539.03833	1533.18408	31.35164				-589.76208	1466.23669	272.27161	-312.50940	1391.43970	119.85124	-492.20691	1302.09253	174.27257	-383.35291	1441.73389	284.41058	-665.82977	1233.96021	479.69479	-185.69614	1103.28455	197.97061	-809.62665	1172.42017	404.12881	-336.64218	983.23358	87.04572	-560.96399	1044.31592	231.15009	-446.63177	1018.58057	173.21384	-398.81281	963.24475	443.83011	-692.40326	472.50842	314.55222	-278.12811	536.46936	297.07922	-748.62518	122.01408	273.75668	-325.75119	103.51608	337.92627	
549	5.480	-382.02798	1415.91357	-39.17604	-475.35132	1654.32471	132.92621	-542.84589	1533.92493	29.99335				-594.86633	1464.35510	268.64114	-314.64160	1393.61377	118.42747	-494.45303	1301.24072	170.66257	-388.31482	1440.39502	283.03772	-675.07916	1231.67090	473.85730	-192.20248	1102.83154	191.38377	-819.24231	1172.38428	395.68549	-349.04861	991.44965	80.39372	-563.60138	1042.00781	224.73129	-448.66458	1017.17285	168.36116	-403.44522	961.97070	439.93829	-695.25415	469.18338	307.05426	-279.66556	536.09393	295.04645	-752.64484	119.50522	264.92697	-325.61667	103.08834	337.43784	
550	5.490	-385.78046	1416.78247	-42.10190	-480.06577	1654.77930	132.42233	-546.65936	1534.77502	28.54072				-600.03235	1462.09863	264.31549	-318.22363	1394.64319	117.77648	-497.63959	1301.15198	167.49823	-393.99646	1439.68811	281.83322	-684.72534	1229.58875	467.26627	-198.60931	1102.99121	183.72937	-829.02704	1174.25073	388.72543	-361.75876	1000.24774	72.69189	-566.59583	1039.65308	218.90837	-450.51514	1015.54181	163.51210	-408.04163	959.58673	435.07559	-698.20288	465.88379	299.40601	-281.19046	536.06744	291.97559	-755.69812	115.89090	257.85797	-324.55536	102.96879	335.27054	
551	5.500	-390.18021	1417.89148	-44.94171	-483.57523	1654.03699	131.29982	-550.64276	1535.33081	26.58988	-322.90140	1512.00757	57.41243	-605.44556	1460.76697	260.25931	-321.65637	1395.58374	116.94957	-500.61453	1300.23340	162.99567	-399.42789	1438.32300	280.38751	-694.73950	1227.78003	460.39557	-204.20227	1102.37280	174.24989	-838.55133	1173.19482	377.87726	-374.10034	1007.86444	68.16437	-569.41083	1037.38379	212.63928				-413.47964	957.40149	430.22131	-701.19739	462.61404	292.58694	-282.06305	535.41345	289.01550	-759.53589	113.05249	249.82172	-324.47943	102.32449	334.76724	
552	5.510	-394.52524	1418.74878	-47.21620	-486.93607	1653.81128	130.04486	-554.79865	1535.73975	24.86572	-326.85944	1512.30493	54.22461	-610.64191	1458.86719	255.87927	-324.21591	1396.76672	116.11640	-504.23334	1299.09119	158.70889	-404.86606	1437.26440	278.67307	-704.89215	1226.20728	453.30243	-212.27122	1103.13525	167.46172	-848.04620	1173.98718	368.84982	-386.84991	1017.13782	60.59978	-572.32886	1035.41040	206.33694				-418.28461	955.20880	425.26096	-703.67566	459.57092	285.46362	-283.55078	534.87628	285.95712	-762.17560	109.63195	242.85890	-324.41019	101.74461	334.27103	
553	5.520	-399.04843	1419.56604	-50.26819	-491.04871	1653.60596	128.88866	-558.87866	1536.81750	22.62582	-330.91437	1512.36719	52.28120	-615.96240	1457.03296	251.09470	-328.21274	1397.69800	113.94469	-507.55573	1299.11780	154.88048	-410.49857	1436.06592	277.00858	-715.30841	1224.64172	445.89725	-219.21959	1104.49060	158.96370	-859.05304	1176.02600	359.53732	-398.96780	1025.89392	55.49013	-575.47925	1033.52087	200.19592	-458.52005	1014.60364	145.91953	-424.45670	953.80768	420.03751	-706.02106	456.55017	278.48346	-285.38055	533.53717	282.57785	-764.83362	106.68632	236.94785	-324.07886	101.15199	334.14560	
554	5.530	-403.40445	1420.97339	-53.11726	-495.14145	1653.77100	127.40826	-563.11047	1537.14636	20.85317	-335.47949	1512.02124	46.57526	-620.98804	1455.19800	246.07257	-332.25745	1398.59277	114.26656	-511.15393	1297.97168	150.48993	-415.64264	1434.04102	274.12506	-726.18384	1223.31287	438.51871	-226.04324	1103.77271	150.94646	-868.81641	1177.04382	350.05377	-410.48007	1034.21411	50.27049	-578.48431	1031.37683	193.40778				-429.38553	951.58594	415.88199	-708.40057	453.71500	272.03568	-286.48074	532.58411	279.17224	-767.51831	103.81695	231.33897	-323.41745	99.98453	334.48434	
555	5.540	-408.00259	1421.44421	-55.79990	-498.97073	1653.67615	125.89969	-567.33838	1537.97046	19.04338	-340.93042	1510.91077	44.00979	-626.70001	1454.19653	241.75879	-335.24042	1399.24402	112.29487	-514.25763	1297.69495	145.26962	-421.70126	1433.76428	273.16061	-736.68707	1221.69019	430.85260	-233.13458	1103.69006	142.97273	-878.18127	1177.90161	338.88913	-421.47864	1042.09888	45.64119	-581.63269	1029.76563	186.83868				-435.71326	949.77802	410.60190	-710.36902	450.89380	265.57196	-288.16959	531.60406	275.66412	-770.42053	101.39658	224.87494	-323.29214	99.72415	334.45490	
556	5.550	-412.32727	1422.06152	-58.70185	-502.56494	1654.28076	124.00233	-571.62396	1539.24182	16.26855	-344.06683	1512.36084	41.62469	-632.05096	1453.13928	237.25735	-339.13306	1400.10962	110.96809	-517.94989	1297.70044	140.33026	-427.95337	1432.85168	271.41925	-747.14551	1220.52283	422.53210	-240.00078	1104.04333	134.44405	-888.23163	1179.48889	328.20352	-432.05981	1049.97485	40.26641	-584.75659	1028.38318	180.23024				-441.50876	948.16034	406.28458	-712.40308	448.76474	259.09628	-289.68356	530.56079	271.85913	-772.08588	98.98745	219.85687	-323.19919	99.56286	334.43661	
557	5.560	-417.63568	1423.43616	-62.61394	-507.07016	1655.03088	121.62987	-575.95465	1540.42725	13.81168	-348.68365	1512.36731	38.39862	-637.18103	1452.24060	232.37268	-342.41364	1401.99182	109.63666	-521.75964	1297.25330	136.85826	-433.33499	1432.17542	269.06866	-758.24420	1219.45984	414.23010	-248.56961	1104.90527	126.68062	-897.81042	1181.46191	317.51489	-441.94754	1057.98914	34.23223	-587.94238	1026.75781	173.48997				-447.54504	946.79834	401.41013	-714.20154	447.13766	252.86264	-291.62268	530.15302	267.94333	-773.73120	96.95189	215.59966	-323.10559	99.45014	334.42380	
558	5.570	-422.18042	1424.19678	-65.72870	-510.73740	1655.86292	119.13571	-580.46106	1541.46582	11.34012	-352.95087	1513.32092	34.97393	-642.28571	1451.96973	227.78172	-346.59827	1403.74829	106.67560	-525.53729	1298.08569	132.81038	-438.91656	1431.84253	266.48013	-768.77405	1218.46375	405.35617	-255.52968	1105.67725	118.58495	-906.89948	1182.94910	306.28922	-450.86108	1063.28430	27.94983	-591.24286	1026.18982	166.91771				-452.88846	946.12811	397.27490	-715.68219	446.20999	246.01956	-293.03232	529.29559	263.49252	-774.30884	96.26892	211.96883	-322.75607	98.51643	335.68011	
559	5.580	-427.79102	1425.21814	-69.26565	-514.28589	1656.82520	116.19454	-585.01752	1542.60474	8.95110	-357.85190	1513.87036	31.95549	-647.58258	1451.80457	223.33211	-351.08920	1404.34875	105.32474	-528.67773	1298.95593	126.19532	-443.81754	1430.65942	262.58698	-779.38043	1217.81116	396.24261	-261.83218	1106.24194	110.38100	-916.15607	1184.64099	294.45932	-459.87045	1069.46997	21.74899	-595.02588	1025.91626	160.66856				-460.01703	947.37762	393.75842	-717.10162	446.45688	239.01347	-295.10306	529.02844	259.73697	-775.38336	95.90486	208.01559	-322.70242	98.55219	335.68414	
560	5.590	-432.86835	1425.88623	-71.69500	-518.42303	1657.84326	113.32333	-589.61554	1544.20642	6.19451	-362.53879	1514.44141	28.73163	-652.81042	1451.81982	219.09906	-355.15750	1406.33118	102.36227	-532.85443	1300.04297	121.95464	-448.81070	1430.73633	259.74353	-789.60583	1217.08801	386.90961	-269.98251	1107.50745	104.18335	-924.62494	1186.70044	283.18463	-468.45456	1076.56995	15.32896	-597.60754	1024.23071	153.82733				-464.15198	946.30457	387.37311	-718.08466	447.45132	232.19768	-297.13550	528.83179	255.87523	-775.20770	96.03522	206.02724	-322.51907	98.97016	335.45673	
561	5.600	-438.00668	1427.11304	-74.90985	-522.49365	1659.06201	110.54800	-594.21918	1545.86194	3.21799	-366.92828	1515.28711	24.20922	-657.27240	1452.31738	214.27347	-359.66281	1407.45349	100.16525	-536.98157	1300.95679	117.10645	-453.98709	1430.71191	256.23871	-799.78821	1216.64954	377.25854	-277.13428	1109.51233	97.00942	-933.29315	1188.36877	269.44949	-475.04437	1083.24548	7.46923	-602.15204	1025.77209	147.68434				-469.64740	946.83087	381.02646	-718.57867	447.87216	225.33646	-298.87305	528.58533	251.19019	-775.14728	96.25102	203.91106	-322.96216	99.91851	334.02884	
562	5.610	-443.60687	1428.76782	-79.44499	-525.63818	1660.59692	107.35636	-598.87543	1547.73474	0.19304	-371.79144	1515.91516	21.17135	-661.94537	1453.00903	210.08650	-363.45554	1409.67957	95.49398	-541.04376	1302.05237	112.54933	-458.59885	1431.57043	252.63040	-809.40155	1216.72375	366.54211	-284.10287	1110.47485	91.39787	-940.25531	1191.08813	255.72273	-482.79849	1087.49207	2.44637	-605.86456	1026.69836	141.79306				-474.01712	946.87714	375.23502	-720.47217	448.92883	218.30595	-301.50510	529.69373	246.04291	-774.84216	96.70718	202.90366	-322.57333	101.40685	331.71085	
563	5.620	-449.30615	1430.30115	-82.94714	-530.92108	1662.59460	103.60056	-603.59894	1549.70911	-2.87317				-666.63245	1453.96179	205.91478	-368.50293	1411.25488	92.22659	-545.71344	1303.47876	108.01148	-463.20264	1432.40833	249.01836	-818.70508	1216.64795	356.07553	-290.39719	1112.43652	84.92610	-947.91443	1192.98108	242.27168	-489.72351	1092.66467	-2.64750	-610.47870	1028.59863	136.37982				-477.80356	947.29767	369.95111	-722.41754	449.62088	211.30156	-303.97211	530.07837	241.53514	-774.44397	96.83936	200.99989	-323.54297	101.86104	333.36819	
564	5.630	-454.70059	1431.89404	-86.67646	-534.91327	1664.11987	99.87116	-608.26489	1551.79102	-5.89783	-380.95187	1519.08362	16.80425	-670.98206	1455.08569	202.12910	-373.46432	1412.97827	87.88934	-549.92358	1304.75671	104.04835	-467.30203	1433.28906	244.54944	-827.69830	1216.91138	345.21381	-297.29498	1114.19080	79.52692	-954.85394	1195.43640	227.51399	-495.91006	1096.68311	-8.11380	-615.39954	1030.41541	130.84409				-482.37985	948.11584	363.80182	-724.26184	450.38165	205.00720	-307.38614	531.93658	236.28932	-773.46716	96.67505	200.78288	-324.27536	104.29585	331.10229	
565	5.640	-459.87640	1433.41479	-91.22364	-537.59100	1666.23181	96.88121	-612.97064	1554.04053	-8.90317	-385.58215	1520.24988	14.24305	-675.31732	1456.67444	197.68968	-377.92090	1414.52112	83.59505	-555.48547	1306.85681	99.06518	-472.04556	1434.31494	240.86272	-836.35126	1217.26123	334.43509	-303.50549	1115.63660	73.89813	-960.06140	1197.07336	214.22063	-502.12918	1101.23962	-13.97018	-619.87561	1033.61743	125.12383				-486.45941	948.89734	358.00635	-724.93408	450.74692	198.79359	-310.89899	533.18237	229.06372	-772.32434	96.59169	200.53539	-325.18076	106.05999	331.00262	
566	5.650	-465.41513	1435.34937	-94.87309	-541.66962	1667.88770	93.38364	-617.70422	1556.35620	-11.98316				-679.71210	1458.17310	193.24281	-382.93958	1416.25342	78.48006	-559.54431	1308.31580	94.35735	-476.88867	1435.58630	236.07120	-844.08734	1217.06323	323.38324	-309.61328	1117.35974	68.69063	-965.22131	1199.08423	200.37013	-507.08157	1105.30640	-19.30852	-625.08929	1034.89453	119.31779				-491.46158	949.89624	351.90665	-728.94354	452.08585	193.10893	-316.64978	534.06885	223.99777	-772.45618	97.00161	200.27066	-326.00757	109.23048	327.04095	
567	5.660	-470.91241	1438.15881	-99.98656	-544.75732	1670.06763	89.51103	-622.31903	1558.70105	-15.58436	-394.91095	1524.06812	3.45343	-684.25073	1459.76099	188.93456	-387.75565	1419.08167	72.47198	-564.30249	1310.07861	89.31864	-480.43958	1436.12817	231.43047	-851.97784	1217.53296	312.33160	-314.66965	1118.59290	64.33950	-969.74249	1200.52063	185.46898	-513.05402	1109.52026	-24.59590	-630.05585	1036.42981	113.38092				-495.63812	951.25507	346.61060	-731.52802	452.99677	188.34987	-326.34988	534.77490	218.48499	-773.07312	97.34399	200.92896	-326.82898	111.13442	326.37567	
568	5.670	-475.96747	1440.38989	-104.84884	-549.64276	1671.43274	86.48692	-626.95612	1561.15308	-19.52627	-399.65237	1525.94519	-1.84702	-688.66992	1461.16089	184.45792	-391.90320	1419.82483	68.44265	-569.38409	1311.96960	83.63251	-485.67377	1437.29968	226.64336	-859.13983	1217.55139	300.99615	-320.18777	1120.46973	59.04491	-973.09906	1202.12292	171.71159	-517.51923	1112.80847	-30.16532	-635.40680	1037.13391	107.94945				-500.38675	952.22748	341.43741	-734.94733	454.08017	185.35075	-337.25461	535.40460	210.72560	-773.63855	97.67622	202.02989	-327.98572	116.15891	322.15451	
569	5.680	-481.34589	1442.65576	-109.33627	-554.10010	1673.04456	82.54553	-631.51044	1563.60559	-23.57471	-404.28983	1527.81006	-7.05684	-692.69611	1462.67969	177.88496	-396.27399	1421.22327	63.95545	-573.77258	1313.75513	78.65773	-490.69363	1439.24915	222.66528	-865.38989	1217.22888	289.75775	-324.62692	1121.67700	54.79656	-976.60492	1203.64758	156.38698	-521.70947	1116.25146	-35.42025	-640.16296	1038.20581	101.35886				-505.77887	954.05884	337.08841	-739.13763	454.62924	183.61029	-350.27722	536.29016	204.71779	-773.95911	97.43072	203.10815	-329.28592	120.83616	317.96820	
570	5.690	-486.61502	1445.28503	-114.51527	-557.17841	1674.51392	79.04105	-635.95361	1565.48071	-27.26568	-409.01913	1529.18604	-9.98558	-696.61957	1463.47632	172.88968	-400.43237	1421.93604	59.85102	-578.57275	1315.40918	72.31130	-494.14209	1438.42212	216.94196	-871.42242	1216.67175	278.07852	-329.82236	1123.29321	50.00218	-979.74237	1204.49854	142.03897	-525.55731	1119.15295	-40.59944	-645.02850	1038.48621	96.28456				-511.81714	955.48090	332.42947	-742.90466	455.03421	182.89281	-363.80688	536.09088	197.54167	-775.28418	97.71987	203.93872	-329.58389	125.98629	313.48016	
571	5.700	-491.11737	1447.48474	-120.33756	-561.44135	1674.83826	75.38383	-640.49017	1567.17737	-31.05058	-413.34958	1531.33984	-18.46606	-700.96814	1464.03577	167.96042	-404.02161	1422.65308	54.54903	-583.22632	1315.97827	66.57371	-498.75085	1439.05273	211.54643	-875.95245	1215.68958	266.44098	-333.96387	1124.15100	46.14959	-980.59473	1204.50000	128.10057	-529.32233	1121.23010	-46.21283	-649.57971	1039.10938	89.85209				-516.41736	955.86334	327.35855	-748.94647	455.89340	183.06122	-377.07004	535.49548	190.63551	-775.52576	98.40451	205.61537	-331.50983	130.99445	310.96561	
572	5.710	-495.73334	1449.82690	-126.00539	-565.14832	1675.67688	73.04182	-644.81250	1568.83447	-35.44413	-417.74741	1532.23267	-21.58118	-704.66968	1464.40210	162.57852	-408.55194	1424.75586	46.19611	-587.01776	1316.59656	60.97964	-502.78903	1439.17883	206.64899	-880.63605	1214.90100	254.21979	-337.43988	1124.81970	41.78238	-982.11530	1205.10315	113.95457	-532.96191	1122.98584	-51.25427	-653.88660	1038.33765	84.86618				-522.36902	957.14038	323.31042	-753.68402	456.32123	183.54535	-391.15094	534.75208	183.22083	-775.93304	98.63662	206.67570	-334.50696	138.10146	306.86127	
573	5.720	-500.48141	1451.76013	-131.44919	-568.19379	1675.26074	70.15962	-649.05188	1569.98425	-39.22166	-422.06485	1534.04272	-28.91523	-708.41632	1464.57397	156.74477	-411.19556	1423.74121	44.91885	-590.45648	1317.13989	55.83353	-506.53671	1439.08545	201.20367	-885.03479	1213.53345	242.94777	-341.26257	1124.96082	37.91669	-982.88354	1205.11035	98.43192	-536.02228	1123.72192	-54.94803	-657.55127	1038.37244	78.58538				-527.22516	957.26019	318.94846	-758.73901	457.16736	184.42809	-404.39194	534.61359	174.99074	-776.66998	99.65995	207.52951	-337.67645	142.47713	304.88870	
574	5.730	-504.64798	1453.69153	-137.80106	-572.42310	1675.69446	66.13986	-653.04773	1571.20313	-43.46549	-425.99750	1534.66650	-32.69067	-711.92200	1464.61792	150.90953	-414.57483	1423.28699	39.89025	-594.48969	1317.75732	49.15239	-510.49142	1439.23218	196.44418	-888.43976	1211.70081	233.27077	-344.24866	1124.96521	33.84955	-983.76367	1204.03809	85.74402	-538.07227	1124.73572	-59.64094	-661.00201	1037.68872	72.55921				-532.39795	957.86743	314.33029	-763.99750	457.81390	185.87656	-417.72421	533.68842	165.68457	-777.17450	100.34074	208.47153	-341.70438	149.82263	298.40121	
575	5.740	-508.81345	1455.56372	-143.31561	-576.85828	1675.98022	61.57225	-658.68219	1572.61353	-47.62706	-430.19958	1535.66589	-37.87920	-715.53040	1464.67725	144.62402	-417.73929	1423.43127	34.54050	-597.70685	1317.64526	44.32654	-513.37762	1439.52136	191.35663	-891.58850	1210.08606	222.80737	-347.00226	1124.80725	29.93227	-982.85431	1203.48132	70.04538	-540.61157	1125.48035	-65.20860	-663.97418	1037.27991	66.65572				-538.26587	957.78076	310.75049	-769.17310	457.87576	187.22775	-430.91757	532.11224	156.09247	-778.01489	100.89503	209.50822	-348.47226	156.35101	292.94235	
576	5.750	-513.03247	1457.50903	-149.17592	-579.81055	1676.13452	58.27895	-660.78827	1572.99097	-51.82944	-433.68912	1536.51208	-44.02145	-719.06476	1464.32434	138.91841	-419.68021	1423.26343	30.54098	-600.59430	1317.21582	38.31578	-517.28906	1439.45239	186.24059	-895.94446	1207.73975	207.12497	-349.40851	1124.45032	25.74829	-981.95581	1201.04065	56.14797	-542.54547	1125.89880	-70.09064	-666.61218	1036.31323	60.52856				-544.41333	956.74493	304.80072	-773.81421	457.10486	188.02429	-443.68155	530.89929	145.33716	-778.29211	100.50357	209.74702	-356.83072	164.94424	282.68057	
577	5.760	-517.25378	1458.88806	-155.47722	-582.01526	1676.99316	53.67567	-665.96588	1574.24329	-56.74695	-437.31790	1537.26990	-49.34438	-722.69989	1464.62708	131.66943	-422.70633	1422.70483	25.29795	-603.19080	1316.98157	32.74020	-520.31500	1439.39551	180.31429	-898.65094	1205.59912	195.00291	-352.41412	1123.89001	21.38617	-980.84253	1199.39807	40.76315	-544.33929	1125.52112	-75.51839	-668.48981	1035.77209	55.06925				-548.83405	955.76178	302.23962	-779.31268	456.83011	189.03111	-455.78912	531.02911	132.24741	-779.09558	100.57803	210.85239	-365.91260	171.76347	273.89978	
578	5.770	-521.14429	1459.57922	-160.83533	-586.54285	1677.39075	47.81618	-667.84583	1574.35364	-60.95520	-440.50293	1538.40015	-57.57778	-725.57300	1464.44153	124.68048	-425.43848	1422.10205	20.75992	-605.88892	1317.05432	26.88462	-523.77362	1440.12549	175.86494	-900.95959	1202.83252	183.14272	-354.37964	1123.28442	18.00051	-978.44757	1197.96667	26.97337	-545.18256	1124.62854	-80.81872	-670.39978	1035.22070	48.50892				-553.48260	954.41321	297.08481	-783.83215	456.48727	189.59567	-466.32538	530.93616	119.76144	-779.85883	99.85325	211.20404	-377.44351	179.20802	265.18411	
579	5.780	-525.37201	1460.72314	-167.21693	-588.15613	1677.12207	43.65141	-672.39301	1575.45996	-65.91934	-444.42935	1538.84021	-65.75864	-729.30359	1464.11157	118.98698	-427.21173	1422.11267	15.91450	-607.45520	1316.83020	21.25736	-527.18866	1440.68152	170.48512	-902.44904	1200.50110	170.63399	-355.77408	1123.36353	13.95932	-977.12262	1195.86658	12.17824	-546.19287	1123.49475	-85.53865	-672.01202	1034.92151	43.51402				-560.33575	954.63037	291.48279	-788.22052	455.98654	189.95592	-476.85938	531.74847	105.21589	-780.73340	98.67313	211.07452	-386.98587	185.51637	251.78700	
580	5.790	-528.68353	1460.95911	-172.77182	-589.58276	1677.24377	39.13113	-675.40051	1575.85059	-71.25531	-447.37256	1539.19617	-72.71358	-732.51086	1463.75500	111.69798	-429.23364	1421.66077	11.69115	-609.34760	1316.80432	15.65788	-530.43512	1441.15356	165.03642	-903.75183	1198.04333	157.88409	-357.01044	1123.12891	10.72532	-972.40106	1193.91174	-1.50050	-546.65277	1121.73340	-90.90119	-673.76251	1034.29846	37.98178				-563.50580	954.96912	288.06616	-791.64630	456.09985	189.49518	-486.24149	532.67126	89.94760	-781.44818	98.34515	211.21666	-396.45801	192.12773	236.64958	
581	5.800	-532.00037	1461.38867	-178.39554	-592.00250	1678.51099	32.49974	-676.81128	1576.06238	-76.35229	-449.78677	1539.33728	-78.41601	-735.51440	1463.88086	104.54577	-431.43970	1421.64355	7.58236	-611.12891	1316.54932	9.51171	-533.92920	1441.95618	159.89404	-904.13684	1195.73364	146.69920	-358.90524	1123.45190	7.76227	-968.81946	1191.68762	-14.16948	-546.74438	1119.95398	-96.48431	-675.55139	1034.67688	32.13878				-568.87762	955.15649	281.12100	-794.81189	456.14313	188.66687	-494.52066	535.64044	74.87509	-781.54675	98.03648	211.40260	-406.08749	196.76440	224.36049	
582	5.810	-535.24994	1461.72424	-184.61394	-595.08093	1678.79248	26.38828	-681.27039	1576.87952	-82.23330	-452.88712	1539.52051	-84.77646	-738.74945	1463.93469	96.59831	-433.77792	1422.39465	3.36263	-612.85394	1316.65527	3.25977	-537.72363	1442.27527	154.61995	-904.04700	1193.94543	134.26985	-358.90268	1123.51160	4.76217	-964.19330	1189.66345	-27.87772	-546.94617	1118.02332	-101.68295	-677.24579	1035.56177	26.84211				-572.91992	955.52838	276.10312	-797.46533	456.40430	187.66266	-501.56403	539.55457	57.85839	-783.03009	97.99310	212.42186	-415.74521	203.23622	207.92525	
583	5.820	-537.97772	1461.51123	-190.17392	-598.22595	1679.04993	19.96424	-683.24493	1576.75256	-86.58766	-455.39047	1539.68823	-91.62263	-741.59094	1463.65710	89.09962	-435.59729	1422.18250	-1.04617	-614.67230	1316.44067	-3.75263	-541.43005	1443.19421	148.61269	-903.58136	1191.94946	121.98644	-359.62259	1123.96179	1.71126	-960.00812	1187.51416	-40.94395	-546.55493	1116.22876	-107.47021	-679.50513	1036.45044	21.32933				-575.62183	956.10046	270.27954	-799.53479	456.81879	186.12709	-508.18848	543.49451	41.75079	-783.45770	98.32041	212.21028	-424.86737	207.40321	191.70399	
584	5.830	-540.69257	1461.03601	-196.05840	-599.38159	1679.96326	13.77352	-685.44897	1576.83362	-92.99721	-457.59216	1539.43445	-96.22121	-744.96167	1464.19629	81.13366	-437.39352	1422.88782	-5.99141	-616.24774	1316.55518	-9.12943	-545.05890	1443.87537	143.37865	-902.50909	1190.16028	109.80727	-360.35944	1124.17358	-1.27416	-955.17731	1185.19226	-53.89363	-545.48706	1114.96899	-111.77721	-681.67957	1037.69653	14.81945				-578.23956	956.63232	264.20367	-801.28955	456.78085	184.46767	-516.36414	547.42407	26.07877	-784.20215	98.56017	212.23582	-434.48706	211.90530	175.15602	
585	5.840	-543.00098	1460.88562	-201.59319	-601.58960	1680.70508	6.26361	-687.50061	1577.25305	-99.07158	-459.68842	1538.99902	-103.38687	-747.79315	1464.48645	73.52438	-439.34167	1423.34680	-10.45067	-617.85162	1316.98022	-15.91954	-548.61096	1444.97437	138.10985	-901.15161	1188.42371	98.70923	-361.05405	1124.57227	-2.68745	-950.92847	1182.55286	-65.67516	-544.49536	1113.68896	-117.41776							-581.05389	956.83191	258.27808	-803.12146	456.97476	183.01610	-521.99384	551.06390	10.84952	-785.20288	97.10444	208.01842	-465.63779	199.67772	174.01299	
586	5.850	-545.42389	1460.20520	-207.73521	-602.38776	1680.68616	0.55534	-689.33380	1577.77380	-105.67370	-461.47159	1538.92285	-110.31452	-750.42023	1464.89075	65.25812	-441.43985	1424.01233	-14.16448	-619.31244	1316.93164	-20.80472	-552.25940	1445.67883	132.10271	-899.52301	1186.24060	87.37211	-361.30704	1125.48865	-5.37588	-946.73083	1180.58813	-77.74377	-543.35785	1113.07336	-122.05970							-583.41077	957.90930	252.22546	-804.63605	456.97089	180.90033	-524.47137	556.10040	-3.99151	-785.70776	96.56270	206.37119	-473.62009	203.41687	156.53293	
587	5.860	-547.42780	1459.38147	-213.63522	-605.20514	1681.69751	-7.43990	-691.24963	1577.81995	-112.34606	-463.59906	1538.98206	-116.19754	-753.19037	1464.91174	56.56025	-443.31613	1424.74377	-17.66810	-620.45593	1316.90015	-26.64491	-555.90448	1446.26257	126.55359	-896.97412	1183.94897	76.83734	-361.77658	1126.54211	-6.81939	-942.38037	1177.73767	-89.00999	-541.98901	1112.22375	-127.44554	-689.53674	1040.84399	-6.03861				-584.14490	958.03125	247.19196	-806.94037	457.98618	178.05318	-528.59058	559.84711	-18.98190	-786.83301	97.27619	206.23489	-482.61264	205.89748	138.71960	
588	5.870	-549.45282	1458.66907	-219.49193	-606.19849	1681.99304	-14.46489	-692.73053	1577.60327	-117.89560	-465.75229	1537.81262	-122.48248	-755.66888	1464.96436	47.60047	-444.47891	1425.92651	-21.99730	-622.25024	1317.08215	-33.25070	-559.75745	1447.49829	120.29592	-895.63971	1181.81018	66.62118	-362.34671	1127.16663	-9.02912	-938.91705	1175.07849	-99.16087	-540.18854	1112.02612	-131.46921							-587.88214	958.38556	239.21980	-808.23718	458.91458	175.78426	-529.90466	563.87543	-33.44808	-787.74237	98.79431	207.70743	-494.68967	205.58080	122.01627	
589	5.880	-550.93610	1457.71973	-225.72307	-607.32574	1681.80762	-21.12037	-694.09686	1577.61414	-124.90476	-466.90695	1537.75220	-128.16295	-758.07880	1465.52612	38.40680	-445.89151	1426.40100	-27.21348	-623.29193	1317.62146	-39.61883	-563.57532	1447.00476	113.25786	-893.87329	1179.75012	56.27333	-362.41464	1128.17529	-9.99751	-935.94897	1172.61121	-109.82492	-538.41913	1111.76965	-136.36000							-591.01337	959.03009	233.28831	-810.08710	458.92740	173.89453	-531.36542	567.25769	-46.55009	-787.94281	98.60778	207.04280	-480.16177	221.07397	88.47153	
590	5.890	-552.58356	1457.06445	-232.47563	-606.66388	1682.06604	-28.21589	-695.66071	1577.85608	-132.28049	-469.16852	1535.62390	-135.93030	-760.55420	1465.20190	30.18262	-447.19547	1426.99426	-31.95821	-624.03528	1318.11536	-46.39391	-567.22809	1447.28162	108.69043	-892.26068	1177.98157	47.06782	-362.77304	1128.90955	-11.54958	-933.49982	1169.83643	-118.82619	-536.23462	1111.65552	-140.43198							-594.34985	959.92017	226.91132	-811.88544	459.26364	171.61359	-532.94147	570.48297	-59.81592	-787.97266	98.67107	206.90555	-488.86200	219.97037	70.42879	
591	5.900	-554.05847	1456.29712	-239.15933	-607.85748	1681.76917	-35.44014	-697.02313	1578.12415	-140.38812	-469.65530	1536.44702	-142.49049	-762.88507	1465.82117	21.16174	-449.22876	1427.79980	-35.23374	-625.09680	1318.49927	-53.04620	-571.74902	1448.09119	101.91273	-890.05743	1176.39514	38.36224	-362.80923	1130.18152	-12.93966	-931.59589	1166.95288	-127.95623	-533.05634	1111.80420	-145.09874							-596.33044	959.42877	219.35318	-813.26294	459.40497	169.87325	-533.43451	573.55499	-72.48524	-787.38953	101.87974	212.84224	-495.51218	218.63556	50.57180	
592	5.910	-554.98975	1454.98523	-245.25270	-608.79932	1681.92810	-43.52416	-698.22931	1577.63489	-147.77963	-470.33102	1535.67859	-149.84839	-765.18384	1465.21741	12.07822	-450.54977	1428.15051	-38.74275	-625.78339	1318.79358	-60.26338	-574.24341	1447.67188	95.29728	-889.27734	1174.62744	30.88530	-362.96179	1131.23499	-13.82497	-930.21460	1163.90295	-136.17496	-530.51501	1111.93433	-150.34322							-599.18677	959.88422	212.95416	-813.92834	459.21085	167.48782	-532.34692	576.88165	-81.91224	-787.39557	102.08839	213.20102	-503.08914	214.95543	32.45247	
593	5.920	-556.16809	1453.85181	-252.36740				-697.38721	1577.12671	-155.15057	-471.47430	1533.92993	-156.76060	-767.15625	1464.81055	3.23114	-451.58615	1429.04895	-43.90133	-626.29938	1318.98767	-68.08183	-578.38666	1447.26221	89.56129	-889.10986	1173.13477	22.91144	-363.43402	1131.88647	-14.93984	-929.14838	1160.87500	-145.21709	-525.93945	1111.97925	-155.58632							-602.88696	960.28009	206.93700	-816.21222	459.56805	165.44073	-530.94904	578.32404	-91.21609	-787.16302	102.20120	213.08398	-509.45276	211.39769	12.31138	
594	5.930	-556.96991	1452.98706	-259.79651				-698.05548	1576.53491	-162.20676	-473.29285	1532.44226	-163.97722	-769.34619	1464.37988	-7.05103	-452.40833	1428.92627	-48.61723	-626.23346	1318.50647	-75.27928	-581.68958	1447.59216	82.58074	-889.50861	1171.87500	14.87881	-364.34537	1132.19031	-14.84349	-928.39368	1158.03296	-153.32570	-521.72125	1111.74438	-161.20950							-605.92218	960.28290	200.41414	-819.21100	459.49973	161.74884	-527.66937	579.32220	-99.98914	-787.00122	102.30599	212.57593	-514.03363	206.84579	-8.94948	
595	5.940	-557.41901	1451.72327	-266.60840	-611.13342	1683.58801	-67.49995	-699.98199	1576.43103	-171.18025	-473.04010	1532.17371	-170.54684	-770.80109	1463.96814	-15.19730	-453.72220	1429.44995	-53.86414	-627.10968	1318.64709	-83.31774	-584.33862	1447.16479	74.50616	-890.65833	1171.08472	6.30526	-365.48026	1132.03760	-15.25410	-928.16290	1155.43408	-161.10883	-516.83575	1112.11755	-167.53319							-608.53351	960.26947	193.98470	-820.78143	459.76468	158.24878	-524.62000	579.27307	-108.10436	-787.04382	102.70967	212.22638	-518.29437	200.97873	-30.19103	
596	5.950	-558.11273	1450.44238	-274.72824	-611.12036	1682.34741	-74.84265	-700.81812	1575.65723	-177.70926	-474.06949	1530.70569	-177.93039	-772.71606	1462.84436	-24.52352	-454.52478	1428.35486	-57.95027	-627.43390	1318.43384	-90.82965	-587.07544	1447.30457	68.56174	-892.30481	1170.20410	-0.78853	-366.06787	1132.63403	-15.55983	-928.03033	1153.65149	-169.27785	-511.29147	1110.94153	-172.66083							-611.74744	960.06744	186.64767	-820.17358	459.46503	156.72734	-521.48108	578.51520	-115.71717	-787.21472	103.57066	211.31329	-521.99176	194.92601	-51.41672	
597	5.960	-558.67688	1449.36047	-282.44202				-699.43744	1574.64795	-186.74240	-474.03271	1529.28613	-185.74385	-773.68091	1462.35388	-33.83305	-455.09552	1427.80542	-63.02041	-627.50690	1317.37793	-98.40819	-589.92548	1446.50391	61.96403	-894.54700	1169.30457	-8.14242	-367.29214	1132.68567	-13.42997	-928.29724	1152.55518	-177.23363	-504.22037	1110.31323	-178.99586							-614.36511	959.71606	179.55276	-821.70154	459.91867	152.56659	-515.23688	577.44904	-122.81256	-787.92932	104.16946	210.35648	-524.55286	186.75230	-72.06387	
598	5.970	-559.03772	1447.96436	-290.50601	-611.71429	1681.56836	-92.95042	-700.99976	1573.86975	-195.04231	-474.51340	1527.84351	-194.59702	-774.68994	1461.32092	-42.35110	-455.38937	1427.19556	-68.57837	-627.82690	1316.48547	-106.48909	-592.67651	1446.03076	55.43549	-897.01837	1168.87183	-15.72573	-368.17645	1132.30884	-13.55822	-928.81262	1151.43604	-185.13760	-497.29111	1109.04553	-185.36667							-616.92365	959.09863	172.80983	-823.10278	459.58353	148.31393	-511.58743	575.81696	-129.61900	-788.10193	101.89846	202.77783	-526.05396	180.12453	-95.22120	
599	5.980	-559.49310	1445.82764	-297.11942	-611.79364	1680.35632	-100.49284	-701.42188	1573.38940	-203.22781	-475.23346	1526.19421	-202.04977	-775.62042	1460.26819	-51.32952	-455.30548	1426.22839	-74.31354	-627.97229	1315.75928	-114.22149	-594.10339	1444.66931	47.94427	-899.54633	1169.06738	-23.05384	-369.61194	1132.48108	-13.99224	-930.24072	1150.16650	-192.64981	-490.53561	1107.88452	-191.11754							-618.92944	958.97003	164.96651	-824.08032	459.45517	144.42046	-507.90884	574.55292	-134.37488	-787.56079	105.30896	208.27832	-527.82617	171.90103	-117.92472	
600	5.990	-559.73126	1444.39832	-305.27588	-611.69061	1679.49219	-109.53669	-699.94244	1571.60254	-211.51186	-474.56143	1524.35071	-209.62137	-776.33893	1459.58618	-61.47953	-455.70889	1425.33606	-81.04646	-627.41156	1314.48169	-121.17937	-595.39276	1444.61133	39.83042	-901.95435	1169.26892	-30.91179	-370.59201	1131.75867	-15.15986	-931.41846	1149.56750	-200.00945	-482.36697	1106.54016	-197.48375							-621.26953	958.39685	157.87103	-824.31836	460.45645	139.18057	-503.45319	573.10419	-140.39250	-787.98065	106.30281	206.85249	-528.19208	165.93980	-141.00941	
601	6.000	-559.84009	1442.50854	-313.83228	-611.77411	1678.08936	-117.84542	-701.48853	1570.49951	-219.74214	-475.07776	1522.93005	-217.97498	-776.78912	1458.43152	-70.75862	-455.52759	1423.68848	-86.97033	-627.85803	1313.69788	-129.79968	-597.12128	1443.91479	30.15125	-904.46808	1169.73157	-38.48650	-371.50458	1130.91162	-15.64627	-932.77142	1149.04333	-208.42317	-474.99951	1104.61755	-202.49651							-623.39130	957.71375	150.27858	-824.98651	460.58514	133.55176	-499.53433	571.42810	-144.68095	-789.05377	107.65401	204.70364	-529.12585	157.39963	-163.62312	
602	6.010	-559.73480	1440.83765	-321.65631	-611.57251	1676.72534	-126.77983	-699.69360	1568.80444	-228.36348	-474.80936	1521.34985	-225.39717	-777.25769	1457.26709	-80.17142	-455.26501	1421.80981	-94.01028	-627.32178	1311.60632	-136.57614	-597.79272	1442.20105	23.24619	-907.23334	1169.76294	-45.13210	-371.58429	1130.39758	-17.45662	-934.37646	1148.16431	-215.82675	-467.33505	1102.63672	-208.49016	-571.12567	1023.39209	-131.84464				-625.31360	957.06122	142.46286	-825.54572	460.93350	127.17058	-494.75970	568.63422	-148.31273	-789.23041	108.18597	203.55763	-528.52594	151.18405	-188.74632	
603	6.020	-559.49744	1439.18640	-330.54581	-611.30396	1675.34998	-135.35747	-701.03827	1567.84155	-237.83348	-474.12943	1520.18018	-234.82419	-778.15729	1455.55957	-89.93450	-454.76135	1420.31714	-101.03156	-627.49481	1310.39453	-145.60834	-598.75140	1441.14026	15.43377	-909.86914	1169.96118	-51.73065	-372.25223	1129.19788	-19.33889	-936.31781	1146.89294	-223.27330	-459.75940	1100.52759	-213.12747	-696.53418	1034.88135	-129.12494				-626.53589	955.54291	134.08868	-824.70093	460.02252	121.00716	-490.20276	566.30554	-152.32367	-790.15039	108.72102	202.13846	-530.02124	144.47244	-208.81715	
604	6.030	-558.66193	1437.52454	-338.51245	-611.01361	1673.27673	-144.10713	-699.02734	1565.58337	-245.73950	-474.45767	1518.60437	-243.80701	-777.31543	1454.37073	-98.43182	-454.97922	1418.07922	-107.07666	-626.97357	1308.46643	-152.93842	-600.36481	1439.06445	6.33715	-912.61652	1169.94629	-58.75133	-371.95209	1128.47229	-21.17883	-938.13275	1145.54272	-230.34572	-451.30270	1097.68030	-218.85637	-695.61890	1032.56580	-136.79182	-567.43610	1018.90552	-147.39796	-629.74542	953.92053	123.82946	-824.98077	459.75201	113.32490	-485.75171	563.12842	-156.37694	-790.53430	109.57652	200.12044	-528.09991	141.80443	-235.23895	
605	6.040	-558.51648	1435.66846	-347.18231	-610.49152	1671.95422	-153.79230	-700.10931	1564.49121	-255.71245	-473.40335	1516.49011	-251.93440	-776.78210	1452.96436	-108.22262	-454.36713	1416.35339	-115.17300	-627.26031	1306.61963	-161.71400	-599.42535	1437.56238	-1.59550	-915.26611	1170.04968	-66.02052	-371.64468	1127.17053	-24.71422	-944.01453	1147.82959	-239.29231	-443.21124	1095.44006	-224.52713	-694.65302	1030.70630	-146.16119	-566.24115	1016.71014	-153.07613	-630.35858	953.38031	116.83042	-824.69495	458.89029	106.49696	-483.39160	559.98523	-160.96300	-791.20941	110.63748	197.63518	-528.42444	137.99336	-256.26416	
606	6.050	-557.82233	1433.21106	-355.93790	-609.99902	1669.89844	-162.39015	-697.93762	1561.91479	-264.36765	-473.27692	1514.32715	-260.30328	-776.40411	1450.99597	-117.29511	-453.89612	1413.89160	-122.64763	-626.63348	1304.53369	-169.18739	-600.53625	1436.03308	-10.97151	-917.56403	1170.30994	-73.65491	-370.82510	1126.23889	-28.55607	-945.67633	1146.20142	-246.73753	-434.63913	1092.60889	-229.99796	-693.66339	1028.70874	-154.87273				-631.44940	951.67133	109.11202	-824.73993	458.18115	98.75284	-481.39682	557.16968	-165.91190	-791.47076	110.12693	195.88823	-525.39758	137.12274	-276.84671	
607	6.060	-557.11127	1431.01685	-365.05237	-609.35577	1667.94983	-171.37872	-697.08099	1560.21851	-273.38641	-472.29291	1512.35022	-270.84082	-775.86774	1449.19946	-127.00906	-453.01877	1411.46033	-131.19942	-625.78894	1302.26379	-177.29950	-599.69635	1434.53796	-19.75516	-919.75146	1170.43115	-81.18784	-369.87936	1125.23962	-32.63654	-948.48315	1145.08167	-253.99974	-427.00787	1090.57703	-236.50833	-692.65607	1026.66040	-164.22682	-563.92181	1014.45343	-172.37259	-631.77997	950.54150	99.83102	-824.22540	456.20236	90.63397	-479.74466	554.04132	-171.12268	-791.86487	110.49131	194.17661	-521.26135	139.62349	-297.01541	
608	6.070	-556.01526	1429.35938	-373.89484	-608.51050	1666.38000	-180.95230	-697.79156	1558.52173	-282.85034	-471.57504	1510.18787	-277.46692	-774.94385	1447.29626	-136.69661	-452.28455	1409.65112	-139.56984	-625.32184	1300.21021	-186.23849	-600.29034	1432.63269	-28.41969	-921.65912	1170.36548	-88.49798	-368.28894	1124.58484	-37.73324	-949.98065	1143.02344	-261.65048	-418.64539	1087.55713	-241.49779	-691.72906	1024.32080	-172.92085				-632.60095	949.47510	89.88513	-823.80115	455.03320	82.66220	-478.82928	550.47595	-175.51227	-792.38702	110.83975	191.69391	-516.92560	141.74490	-315.65744	
609	6.080	-554.62604	1426.84521	-383.06726	-607.75922	1663.87146	-189.87866	-695.25903	1555.74927	-292.41864	-470.38962	1508.22974	-287.53494	-774.33246	1445.24292	-146.14859	-451.41296	1407.42786	-148.23297	-624.41260	1297.76782	-194.30779	-598.72760	1429.98474	-38.84332	-923.57104	1169.66589	-95.81387	-366.73114	1123.58557	-42.61270	-950.75952	1142.14709	-268.18362	-409.76721	1085.23474	-247.70232	-690.84058	1021.70941	-181.64905	-561.62701	1010.08417	-187.78116	-633.95087	947.07159	80.97814	-825.20685	453.13876	74.29243	-479.30356	546.23651	-179.02922	-792.61749	111.31659	188.97166	-513.07721	145.04141	-334.36017	
610	6.090	-553.11041	1424.32764	-391.67365	-606.67987	1661.73315	-199.67560	-694.08771	1553.39539	-301.69937	-468.87396	1505.62048	-296.90375	-773.34668	1443.34570	-155.88249	-450.35199	1404.70288	-157.08392	-623.67609	1295.59094	-203.26924	-597.41968	1428.55493	-45.13282	-925.04053	1169.07788	-102.91837	-365.01123	1123.15247	-48.45441	-952.05609	1138.77197	-274.92969	-401.59708	1082.30310	-253.64146	-689.83441	1019.26898	-190.71677				-633.19269	945.40247	73.33640	-824.41498	452.23627	65.19438	-479.89114	542.88446	-183.37592	-793.14722	111.16251	186.85602	-508.05615	147.78519	-352.33734	
611	6.100	-552.08643	1422.16113	-401.69659	-605.52789	1659.56189	-209.00571	-694.03937	1551.17383	-310.52924	-467.80804	1503.25696	-304.55698	-772.13678	1441.17090	-165.56458	-448.90060	1401.97961	-166.55339	-622.54486	1292.98608	-211.94043	-597.03851	1426.75317	-55.70910	-926.04340	1168.64136	-110.81650	-363.61804	1121.85168	-54.03881	-953.50922	1135.93079	-282.14563	-393.61020	1080.69421	-261.29196	-688.70630	1016.58936	-199.71338				-632.87653	944.43707	64.76224	-823.21851	450.11993	57.22035	-481.05319	539.24591	-186.80212	-793.92700	111.10208	184.24953	-502.80920	150.45711	-369.76660	
612	6.110	-550.15894	1419.79724	-411.10986	-604.23505	1656.90613	-218.74936	-691.23248	1548.49377	-321.29105	-467.15115	1499.72021	-315.57330	-770.44592	1438.68359	-175.94666	-447.72455	1399.35522	-175.84854	-621.45581	1290.52795	-221.63802	-595.96307	1424.47791	-66.10409	-926.92987	1167.51990	-117.95070	-361.28873	1121.30835	-61.37048	-955.01935	1133.37866	-289.55826	-384.78873	1077.31836	-266.58188	-687.75696	1013.78638	-210.43040				-631.44830	942.38373	54.86281	-822.56134	448.36188	48.70469	-481.98874	535.60840	-191.12355	-794.15826	110.97395	181.82475	-497.27325	152.90439	-386.77429	
613	6.120	-548.23187	1417.43274	-421.04425	-602.74268	1654.50940	-229.13029	-689.52173	1546.09912	-331.45093	-464.39377	1498.88257	-325.78741	-769.21063	1436.29602	-185.91943	-446.23563	1396.97778	-186.35680	-620.05396	1288.01782	-230.83154	-593.88623	1421.46863	-74.72456	-927.25098	1166.72083	-125.78883	-358.41254	1119.92517	-67.45448	-955.87366	1129.96191	-295.69553	-376.41071	1074.81274	-273.66437	-686.65485	1010.79755	-219.52824	-575.52313	988.72217	-210.81746	-631.27838	940.39136	45.85511	-820.29523	445.17422	40.32582	-483.49384	532.23053	-195.49361	-794.61115	111.09540	178.39844	-492.38766	156.01089	-402.14316	
614	6.130	-546.05750	1414.95752	-431.30197	-600.98242	1652.16077	-238.45074	-687.76544	1543.34143	-341.88358	-464.68207	1495.34583	-334.09808	-767.97607	1433.94263	-195.64729	-444.50839	1394.11963	-196.51146	-618.29468	1285.05554	-240.22522	-592.28699	1419.31470	-85.85199	-927.17413	1165.58240	-133.10011	-355.33578	1118.98242	-74.31846	-958.20667	1128.56714	-304.08801	-368.00815	1073.03979	-280.72836	-685.41388	1007.57025	-228.13553	-574.54242	983.39032	-219.06731	-629.67493	938.76715	36.65850	-820.07001	443.41223	31.81879	-484.99243	529.49628	-200.90163	-794.76385	111.44446	175.35141	-487.15015	159.77858	-416.98813	
615	6.140	-544.20465	1412.41748	-441.83542	-599.20435	1649.53516	-249.03085	-685.66681	1541.10498	-352.14011	-461.02371	1493.50781	-343.89105	-765.86407	1431.31006	-205.87788	-442.54871	1391.91040	-207.00436	-616.69409	1282.91907	-251.12152	-591.12598	1416.25708	-96.53437	-926.81091	1164.03772	-140.57051	-352.38574	1117.88013	-81.80025	-959.27979	1125.87146	-311.16394	-360.34103	1069.84961	-287.56888	-684.09680	1004.65259	-238.99986	-574.59607	979.88464	-227.70480	-628.16083	937.49268	27.91903	-819.60022	441.07666	22.84043	-486.45068	527.38660	-207.95847	-793.76544	110.92447	172.21339	-481.85211	161.88390	-430.25455	
616	6.150	-542.29913	1409.94849	-451.90790				-683.56439	1538.35437	-362.59839	-459.63416	1490.71704	-355.58212	-763.79047	1428.88586	-216.57652	-440.64575	1388.72107	-218.00085	-614.70764	1279.94434	-261.55911	-588.40601	1414.05127	-107.57900	-926.03265	1162.51404	-148.13252	-349.36111	1116.42065	-88.41956	-960.46777	1122.83521	-318.02316	-352.92245	1067.62402	-294.59738	-682.38257	1001.85779	-248.01895	-571.87762	977.50122	-238.35835	-626.62103	935.11188	16.97425	-818.55170	439.13528	13.75520	-489.11923	525.34473	-216.06987	-793.39142	110.78729	168.72627	-476.80670	165.06885	-443.41681	
617	6.160	-539.02740	1407.05603	-462.17462	-594.79840	1645.20081	-271.18073	-681.12671	1536.15210	-373.57709	-456.17847	1489.79150	-366.87585	-761.50964	1426.52356	-226.69237	-438.07962	1386.43567	-227.78110	-612.49158	1277.59949	-271.33331	-586.26379	1411.58618	-118.36483	-924.75421	1160.97852	-156.35341	-345.75034	1115.35999	-95.73807	-961.23553	1120.01331	-325.20331	-344.98422	1065.03870	-301.60361	-680.61560	999.21344	-258.47263	-569.58417	974.46344	-248.09807	-624.34076	932.87518	7.62402	-818.81268	437.51538	5.57467	-488.86749	524.19141	-224.02319	-792.84534	111.13319	164.69754	-471.55383	166.81366	-455.62857	
618	6.170	-536.37561	1404.45557	-473.20956	-592.52130	1642.57092	-281.97336	-678.64246	1533.79663	-385.07336	-453.50699	1486.98206	-377.49570	-759.31403	1424.58826	-237.36806	-435.57489	1383.77832	-239.05153	-610.11151	1275.16394	-282.32999	-583.54761	1409.93494	-128.71967	-923.07043	1159.23474	-163.88313	-342.68045	1114.65088	-104.28918	-961.43854	1116.74951	-332.43991	-337.90903	1062.55859	-308.75275	-678.63251	996.92456	-267.85303	-568.39941	972.16003	-257.16025	-621.92358	931.28644	-2.02305	-817.99426	435.43805	-3.51697	-489.55182	522.03333	-233.61208	-792.44409	111.70452	161.07457	-465.21268	167.18898	-467.14667	
619	6.180	-533.92603	1402.27258	-484.43411	-589.86200	1640.64001	-294.28079	-676.06262	1531.23755	-396.26279	-451.03922	1484.37964	-389.33347	-756.82104	1422.44971	-248.35384	-432.28421	1381.24377	-251.37224	-608.05225	1273.05676	-293.85373	-580.27643	1407.48376	-139.13887	-920.93964	1157.50195	-171.60805	-339.44391	1113.63708	-112.55527	-960.60052	1112.66028	-338.59344	-331.25467	1060.64502	-316.39066	-676.56573	994.65387	-278.33844	-565.04608	969.01642	-268.50488	-619.02881	928.89752	-12.99850	-819.09259	435.93280	-12.50918	-489.70505	521.10760	-243.55444	-791.43860	113.05950	156.64046	-460.57040	168.21765	-478.10178	
620	6.190	-531.25043	1399.95911	-495.79788	-587.02252	1638.48254	-305.33578	-673.22711	1528.82556	-407.54681	-448.89346	1481.61536	-400.17117	-753.86292	1420.28369	-259.72415	-429.18353	1378.47607	-261.94589	-604.92163	1270.65125	-304.56464	-577.78845	1406.59216	-150.94168	-918.08612	1155.88770	-180.26686	-335.99673	1113.09290	-120.73521	-960.91516	1110.49060	-347.21091	-324.83267	1058.48657	-323.70975	-674.05402	993.08478	-288.37698	-563.41815	968.25391	-278.06650	-616.52850	926.86505	-23.16546	-817.87091	433.82596	-20.48118	-489.10400	520.21143	-254.61790	-790.94037	115.09984	152.85611	-454.51706	168.61209	-488.56607	
621	6.200	-528.35236	1397.24219	-506.56210	-583.94434	1636.55664	-316.84344	-670.21796	1526.68091	-418.91934	-445.18329	1480.01636	-412.36969	-750.68762	1418.83801	-270.77252	-427.00165	1376.34998	-273.35818	-601.59534	1268.33643	-315.48651	-573.91577	1404.42908	-162.38405	-916.14886	1155.47607	-190.49854	-332.52637	1112.45227	-128.43037	-959.89410	1107.06970	-354.89197	-318.32953	1057.09729	-332.02072	-671.42059	991.45874	-299.47360	-559.36334	966.11292	-290.93729	-613.43634	924.30780	-33.14138	-818.93665	433.99466	-29.37255	-487.90350	519.74835	-266.05234	-789.83551	116.78062	149.59085	-449.42249	168.00507	-498.62057	
622	6.210	-525.26709	1395.17798	-518.28705	-580.70081	1634.78052	-329.46329	-667.10699	1524.59656	-430.60590	-442.00595	1478.36511	-424.67566	-746.86194	1417.16833	-282.14621	-423.36829	1373.42029	-283.80054	-598.49146	1266.56458	-326.93481	-570.21631	1403.24878	-173.43716	-910.96753	1152.05164	-197.14702	-328.71786	1111.58423	-137.94128	-958.64758	1103.52332	-361.32809	-312.57269	1055.99023	-340.31018	-668.47607	990.20123	-310.97556	-558.27655	964.38971	-300.22748	-610.78467	922.42560	-45.52513	-817.68561	433.48126	-38.43780	-485.57455	519.17670	-277.88559	-789.21692	119.42010	144.93730	-443.66986	166.15271	-507.33752	
623	6.220	-521.97052	1392.99976	-530.04395	-577.29028	1632.99280	-341.06766	-663.80597	1522.60498	-442.04187	-438.68842	1476.71545	-435.62112	-743.65759	1415.97681	-294.01511	-419.49377	1372.87012	-295.34644	-595.21515	1265.36316	-339.09219	-567.12433	1401.30249	-184.81160	-908.12567	1151.65198	-207.93584	-325.12076	1111.21606	-147.23622	-956.71979	1100.17883	-368.69312	-307.40823	1054.40918	-348.72955	-665.08606	989.29309	-322.55948	-553.23822	964.04260	-312.95065	-607.92224	919.82159	-57.70570	-816.72559	432.45273	-46.43720	-482.67468	518.33911	-289.62167	-788.80853	122.31485	139.93794	-438.35681	165.17189	-515.61151	
624	6.230	-518.76715	1390.85071	-541.35468	-573.62531	1631.63403	-353.63824	-660.27844	1520.82886	-453.49597	-436.17401	1473.42175	-447.23236	-739.91791	1414.47559	-306.11209	-415.85898	1371.05493	-306.67926	-591.66724	1263.70447	-351.18350	-563.52234	1399.92224	-196.31708	-902.54785	1149.78430	-217.05791	-321.68475	1110.19153	-157.62225	-954.02289	1097.09668	-377.68329	-302.50949	1053.70361	-358.04666	-661.23639	988.62970	-334.73007	-550.84882	962.64746	-322.86105	-604.97455	918.61749	-69.27144	-816.48810	433.37064	-56.45271	-479.29025	517.59802	-301.38647	-788.57330	125.81367	136.01402	-433.44061	162.77652	-524.46179	
625	6.240	-515.23627	1389.36597	-553.03583	-569.72168	1630.55579	-365.33472	-658.28302	1519.27490	-464.60538	-432.58969	1472.29541	-458.99243	-735.77551	1413.38623	-318.46231	-411.93713	1369.78027	-317.85431	-587.02618	1261.97888	-362.54553	-559.94550	1398.94885	-208.41287	-897.19989	1148.56287	-226.42358	-317.61078	1109.15540	-167.54964	-950.84741	1094.17053	-385.24344	-297.10013	1053.09900	-368.24472	-657.09363	987.96118	-346.67715	-545.37183	961.86462	-336.16245	-602.60767	916.76154	-81.04440	-813.62195	432.31921	-64.69034	-475.37311	516.61176	-314.09030	-789.22876	129.80539	130.64140	-428.86356	159.29701	-532.10828	
626	6.250	-511.76984	1387.77295	-563.70056	-565.22620	1628.51392	-377.06357	-654.70337	1518.74695	-476.74600	-427.84708	1471.88135	-470.53259	-730.94751	1411.89734	-329.99283	-407.61652	1368.75415	-328.41614	-582.98364	1261.00879	-373.77249	-556.67395	1396.84412	-219.08778	-890.54254	1146.16541	-235.72560	-314.28354	1108.21509	-177.10693	-947.36554	1091.05908	-392.89981	-292.19434	1052.52087	-378.03333	-652.68213	987.23218	-360.53973	-541.97760	962.25720	-347.47467	-599.53461	914.84021	-94.92104	-811.71735	432.69781	-74.47689	-471.15753	514.83136	-326.24619	-791.02197	133.18784	125.76627	-424.69604	155.41145	-539.39813	
627	6.260	-508.13834	1386.18054	-575.61255	-560.68860	1627.42297	-388.30991	-649.14478	1516.72778	-486.69116	-424.05579	1470.81873	-482.85416	-726.72192	1411.32007	-342.37381	-403.67242	1367.55029	-339.21167	-577.99670	1260.07666	-386.17514	-551.48334	1396.04224	-231.04150	-888.01227	1145.36926	-247.59235	-311.18735	1106.49805	-188.91336	-942.06451	1086.82544	-400.46884	-287.76749	1051.78735	-388.00116	-647.88464	986.28436	-373.26624	-536.53033	961.57928	-362.12711	-597.06805	914.18561	-107.11276	-810.48926	432.95416	-84.81092	-466.16321	512.96747	-339.37411	-793.46460	136.96584	120.82857	-419.57880	150.48515	-545.41150	
628	6.270	-504.61023	1385.61890	-586.50696	-556.58276	1627.33044	-400.31030	-645.25531	1516.20276	-498.93259	-419.62854	1469.94556	-494.01172	-722.18213	1410.89124	-354.54382	-398.35953	1366.88708	-348.44827	-573.03351	1259.72388	-398.20178	-547.91833	1394.43677	-242.08861	-876.86511	1142.06616	-255.64793	-307.36234	1105.87463	-199.61748	-938.60925	1085.20032	-410.59787	-282.98526	1051.07996	-399.00500	-642.96692	985.12024	-386.98404	-531.78448	959.89185	-372.39044	-594.09277	912.81403	-120.30028	-808.65637	434.00278	-95.85603	-461.93912	510.63034	-353.26489	-795.03931	141.29765	115.77459	-416.05405	145.89175	-552.64807	
629	6.280	-501.06894	1384.80017	-598.71320	-552.56024	1627.30347	-412.66635	-642.72339	1516.52100	-510.70386	-416.09262	1469.77405	-505.84274	-716.94434	1410.58240	-366.32556	-393.14536	1366.83154	-360.18680	-568.08783	1260.05859	-410.51074	-543.40802	1394.45654	-253.18774	-869.32611	1139.99219	-266.29068	-302.70602	1104.63940	-209.47478	-933.76971	1082.57166	-418.80255	-278.49927	1050.32727	-409.51370	-637.68756	984.32471	-400.81976	-527.21320	958.55225	-384.93082	-591.79456	911.25580	-133.81332	-806.61511	434.94662	-108.82557	-457.21466	509.77216	-368.70444	-797.56982	145.55940	109.73502	-411.92096	139.32068	-558.84937	
630	6.290	-497.08627	1384.68555	-609.79401	-548.66095	1627.72974	-424.91028	-638.89410	1516.38782	-521.38623	-412.37177	1469.20361	-518.09485	-712.38690	1410.48376	-378.12112	-388.35983	1367.27246	-370.03577	-562.38959	1259.81409	-421.60562	-538.88208	1393.57263	-264.20435	-861.20856	1138.06384	-277.10797	-300.11685	1103.13403	-221.72697	-928.34662	1080.13074	-427.15234	-273.39871	1049.79321	-420.79614	-632.22314	983.11145	-413.58261	-520.33307	957.39111	-397.35297	-588.77039	911.79474	-145.18533	-804.09583	435.95462	-120.61594	-451.72272	509.91342	-384.13272	-800.78363	150.33806	102.07904	-407.83597	134.03409	-564.45758	
631	6.300	-493.18695	1384.96753	-621.25488	-543.97717	1628.15735	-435.76816	-634.91345	1515.97546	-532.16180	-407.92068	1471.04126	-530.27631	-707.89233	1410.96252	-390.44458	-383.92035	1367.20862	-379.88599	-557.00397	1260.62610	-432.95703	-534.66260	1394.16711	-274.75726	-852.58252	1135.81116	-287.38458	-295.93652	1102.26294	-234.00891	-923.40533	1078.76721	-437.21487	-268.43323	1049.28442	-432.15875	-626.81512	981.87683	-427.32086	-515.07288	956.15723	-409.68674	-586.96808	911.48438	-157.79941	-800.96136	437.19415	-134.00467	-446.45819	510.62708	-399.52798	-803.06360	154.74594	94.52424	-404.43073	128.30275	-569.04218	
632	6.310	-490.03812	1385.45239	-632.37805	-539.67188	1628.35339	-446.79288	-631.08337	1516.18945	-542.61243	-404.37497	1472.05615	-543.69995	-702.16467	1410.85815	-401.79221	-379.01971	1368.82654	-389.44904	-551.80042	1261.56323	-444.48782	-530.20667	1394.97217	-285.81177	-843.72736	1133.76868	-299.06525	-292.19778	1101.83923	-243.67490	-916.61438	1077.33997	-447.39417	-263.96207	1049.05969	-443.63419	-621.05780	981.32214	-439.98767	-509.92087	954.87701	-421.29245	-584.59161	912.63361	-171.18658	-797.50665	438.63818	-147.73671	-439.71146	513.73584	-414.81250	-805.89996	160.24863	85.09198	-402.04315	122.39812	-570.97144	
633	6.320	-486.14865	1385.89880	-643.51904	-535.80176	1628.47168	-457.52737	-627.47174	1516.39026	-552.91876	-400.78345	1472.29004	-554.72552	-698.10938	1411.96558	-413.58041	-374.68707	1369.44092	-399.09634	-546.80096	1262.69983	-456.39987	-525.51636	1394.59314	-296.18149	-834.82074	1132.74304	-310.58368	-289.12180	1100.88184	-255.85165	-909.09741	1075.26868	-455.89948	-259.47266	1049.02087	-455.65005	-615.43976	981.00128	-453.15350	-504.07330	954.93817	-431.80164	-582.61237	912.87836	-182.92905	-793.87506	439.89331	-161.47052	-433.18448	515.90063	-428.13165	-808.77637	165.05963	74.15333	-399.49448	117.13768	-574.61975	
634	6.330	-483.23135	1386.32715	-653.84607	-532.01862	1629.10156	-468.50839	-623.85754	1516.29980	-562.48395	-396.94321	1473.13452	-565.71857	-693.50793	1412.31506	-424.34131	-369.96170	1370.35120	-408.23782	-541.45288	1263.63745	-467.37274	-522.22925	1395.43311	-306.52536	-825.96631	1131.16541	-322.30594	-286.74182	1100.04333	-268.61469	-901.94550	1073.87866	-466.36615	-255.04224	1049.87256	-467.51361	-609.78729	981.33978	-465.49860	-497.74936	955.98706	-443.92841	-580.08484	913.53589	-195.30669	-789.13379	441.84219	-177.00217	-424.13388	519.75293	-440.96732	-810.88104	171.08746	62.26928	-396.68890	111.99010	-576.83826	
635	6.340	-480.11920	1387.44543	-665.01215	-528.36011	1629.82715	-478.22705	-620.25909	1516.69543	-571.87555	-393.06219	1474.34460	-576.92224	-689.41077	1413.15967	-435.36880	-365.43503	1371.95667	-418.53107	-535.99927	1265.17688	-477.83194	-518.93427	1396.04626	-316.71075	-817.79694	1130.32104	-333.92801	-283.58914	1099.74988	-280.14905	-894.75665	1073.26587	-477.21088	-251.41220	1051.24023	-479.34537	-604.16724	982.27631	-477.63159	-492.51010	956.53522	-454.94058	-577.65631	913.18579	-208.50752	-782.82825	443.54523	-194.82611	-416.45917	521.13696	-453.49536	-812.52850	178.21347	47.64977	-394.35840	107.30856	-577.39703	
636	6.350	-476.98111	1387.90247	-674.39618	-524.61774	1630.55859	-489.03171	-616.68304	1516.97400	-581.26654	-389.50946	1474.93372	-586.86285	-684.46265	1413.88513	-444.95007	-360.90155	1373.00391	-427.11652	-530.97510	1266.34888	-489.04626	-514.45013	1396.59021	-326.49170	-809.96802	1129.25818	-346.37830	-280.28629	1099.90698	-290.64423	-888.27252	1073.70850	-490.61304	-247.34201	1053.12207	-491.00305	-598.96063	983.27234	-489.26306	-487.00381	957.51721	-466.23639	-575.18726	914.03235	-219.91437	-775.40674	443.52258	-212.90411	-407.69058	522.60785	-464.41754	-813.29095	186.37254	30.48302	-392.21188	103.45475	-578.68640	
637	6.360	-473.83075	1388.96729	-684.93372	-521.70538	1630.81567	-499.22687	-613.49091	1517.86182	-591.07068	-386.32755	1475.92480	-597.17499	-680.21442	1415.35278	-455.30518	-357.28864	1374.99426	-436.87714	-526.09357	1267.99463	-499.76804	-511.28271	1396.94189	-335.42590	-803.29065	1128.29199	-358.99265	-277.34665	1100.27991	-302.66248	-879.44568	1072.33984	-502.24252	-243.25537	1054.50195	-502.22781	-593.88208	984.82190	-501.13565	-482.12402	960.07507	-476.34567	-572.23364	914.53479	-231.66068	-768.39105	442.42938	-234.69365	-398.98581	523.53192	-475.10379	-813.20081	194.99277	11.95210	-389.63760	99.85537	-578.69788	
638	6.370	-470.93677	1389.34106	-693.65991	-517.94067	1633.29456	-509.06516	-609.86902	1519.10107	-600.41968	-382.82809	1477.29187	-607.31354	-676.22607	1416.64612	-464.06699	-352.66013	1376.20972	-445.66876	-521.49127	1269.31226	-509.51251	-506.45712	1397.67297	-344.64047	-798.10992	1127.85474	-372.00702	-274.87524	1100.80371	-313.31180	-873.01135	1072.73242	-515.75714	-239.10884	1056.94104	-513.33197	-588.88892	986.38837	-511.04166	-477.09134	962.24420	-487.85559	-569.24847	914.30438	-243.35075	-761.28809	441.26230	-257.92691	-389.93536	523.98694	-483.87143	-811.38995	204.08408	-7.89772	-388.10825	98.64156	-578.39374	
639	6.380	-467.96457	1390.50684	-702.84393	-514.27466	1634.52966	-518.86432	-606.62903	1520.04468	-608.67334	-381.12659	1477.63379	-617.54004	-672.35016	1418.67139	-473.27560	-348.84573	1377.25134	-455.24533	-517.42395	1271.89392	-519.77808	-502.36554	1399.44922	-353.80688	-794.00696	1127.58252	-385.32010	-272.85880	1100.11975	-323.91452	-865.55701	1072.63550	-529.41364	-234.27937	1059.17053	-523.84772	-584.32141	988.45007	-522.61212	-473.03180	964.66833	-496.39658	-565.34448	914.42322	-254.65323	-754.94183	439.60846	-282.17828	-380.45535	523.80115	-493.57443	-809.35809	213.16628	-30.27392	-385.77869	96.43150	-578.09796	
640	6.390	-465.02783	1391.53088	-711.39984	-510.59152	1637.26807	-528.23792	-603.52509	1521.54724	-618.36633	-376.89670	1480.02246	-626.97919	-668.50751	1420.54480	-481.66522	-344.94089	1379.06152	-464.77609	-513.83124	1273.91956	-529.87085	-499.20117	1400.76343	-362.89493	-789.68878	1127.31189	-398.06729	-269.71716	1100.50134	-335.32275	-859.90515	1074.26465	-544.49341	-229.54161	1061.58325	-533.85376	-579.78235	990.24481	-532.47791	-467.87491	967.23987	-508.63501	-561.06641	916.00793	-265.47586	-751.40851	440.39362	-305.38507	-370.61069	524.15857	-502.26178	-806.35498	220.89673	-52.10874	-383.34607	94.30103	-577.73639	
641	6.400	-462.34311	1392.74939	-720.50256	-507.13818	1638.98767	-537.27539	-600.56177	1523.41614	-627.57043	-374.17142	1481.87415	-636.68103	-665.17743	1422.66577	-490.37589	-341.15997	1380.63879	-473.31842	-510.60776	1276.47266	-539.77911	-495.62524	1401.75684	-371.69016	-787.18890	1127.60107	-411.12726	-268.35300	1100.64490	-345.56812	-856.47070	1075.27979	-559.67090	-224.97128	1064.64624	-543.77454	-575.32043	992.41101	-543.90485	-463.31378	969.35559	-517.86365	-557.10828	916.79901	-276.80606	-748.36548	443.60858	-329.09174	-361.79092	523.38110	-508.69992	-802.35413	228.42332	-75.21691	-381.96393	92.99368	-577.19904	
642	6.410	-459.57037	1393.96643	-729.08405	-503.63992	1641.42749	-547.98511	-597.55157	1525.83643	-636.87378	-370.72220	1483.49292	-645.18805	-661.43365	1424.85754	-498.83105	-337.80450	1382.93396	-482.59073	-507.33051	1278.93384	-550.06763	-491.84164	1403.97522	-380.31616	-784.76526	1128.44653	-424.53860	-265.63107	1102.02087	-355.62555	-849.04297	1075.70129	-571.91846	-219.67809	1067.85400	-553.14966	-570.63220	994.72845	-553.99182	-458.54727	970.63232	-528.78650	-552.76154	917.88641	-287.39246	-744.53754	445.16025	-352.93781	-354.18839	522.84467	-516.59418	-798.55670	234.71864	-98.19867	-381.63492	91.93137	-577.84216	
643	6.420	-456.79495	1395.62842	-737.70129	-500.34329	1644.18311	-557.37732	-594.49640	1527.01477	-644.77600	-367.51059	1483.89343	-653.69043	-657.75464	1426.86853	-507.23734	-334.13446	1385.40576	-490.11295	-504.10892	1281.68347	-559.72235	-488.28488	1406.02234	-388.77585	-782.47638	1129.65710	-437.96603	-262.51477	1103.52026	-366.57642				-214.51451	1071.30139	-562.71344	-565.87573	997.67377	-564.43048	-455.17026	973.26703	-537.56146	-548.82208	919.59937	-298.48184	-741.32599	446.38629	-376.42581	-347.99884	523.20496	-522.36108	-795.32257	239.58295	-121.29604	-381.13608	91.90880	-577.77057	
644	6.430	-453.98328	1397.11316	-745.14764	-496.90552	1646.73999	-567.01703	-591.01160	1529.52563	-653.44086	-364.91306	1486.99634	-662.86011	-654.65039	1429.44946	-515.68835	-330.89432	1387.90356	-498.43015	-500.41971	1284.01660	-569.34753	-485.40463	1407.61499	-397.11221	-780.00366	1130.85547	-449.83502	-259.32745	1105.78638	-376.52960	-841.28687	1079.81226	-600.89264	-209.22697	1075.55115	-572.26752	-561.18079	1000.33936	-574.86255	-449.72263	976.32935	-549.02570	-545.08533	921.55597	-308.84570	-738.79492	446.61224	-400.11896	-341.72253	524.43256	-527.19183	-792.03339	243.54980	-144.17587	-379.16302	91.77914	-577.52985	
645	6.440	-451.27530	1398.56177	-753.33014	-493.33734	1648.72095	-575.91113	-587.95831	1532.05957	-662.17578	-362.11954	1488.96619	-671.78815	-651.19440	1431.56592	-523.96155	-327.86389	1390.65808	-505.85513	-497.44702	1287.40625	-579.37653	-482.37167	1409.05005	-405.82141	-777.44464	1132.43152	-462.63922	-255.02322	1107.91968	-385.58844				-203.37711	1079.44446	-580.87695	-556.54730	1002.98370	-585.37750	-444.53247	979.42365	-559.74438	-541.50043	923.99866	-316.95569	-736.61511	446.78754	-424.24124	-338.23151	525.40509	-531.60535	-788.55878	246.28407	-168.11015	-377.89984	91.66770	-576.49677	
646	6.450	-448.42728	1400.30298	-761.04120				-585.15936	1534.62463	-670.67578	-358.47763	1490.83997	-679.48474	-647.93414	1433.70483	-532.06311	-325.08371	1393.62988	-514.54083	-493.76529	1289.77722	-588.70044	-480.20227	1411.55603	-414.10645	-774.69556	1134.39294	-474.84531	-249.55290	1111.46716	-395.57053	-835.07300	1085.50513	-629.26508	-196.79456	1084.32764	-589.34369	-551.98309	1005.51501	-595.47485	-440.86758	980.81372	-568.70563	-538.16302	925.86926	-328.27570	-734.02893	446.00421	-448.09125	-334.35663	525.80225	-535.35999	-784.79358	248.40576	-192.22321	-378.03210	90.49294	-576.91309	
647	6.460	-445.49460	1402.15930	-769.26062				-580.49548	1536.79077	-678.44818	-355.55972	1492.43274	-687.47693	-644.64911	1436.40527	-540.50043	-322.33316	1396.40295	-521.43994	-490.03275	1292.71814	-596.45001	-476.59616	1413.40833	-422.00546	-772.05975	1136.44690	-487.61557	-245.83141	1113.35791	-404.55084	-830.55530	1087.17749	-641.92291	-190.69603	1088.74194	-597.68170	-547.33911	1008.58807	-605.63470	-434.93451	984.31250	-579.65930	-535.08136	928.50769	-338.61685	-731.00629	443.92105	-472.08725	-329.95248	526.03436	-538.57928	-781.14362	248.50446	-216.22104	-376.87967	90.99097	-577.67542	
648	6.470	-442.59756	1403.67615	-776.80634				-577.27844	1539.20129	-687.36578				-641.88110	1438.65466	-549.27209	-319.68393	1399.80920	-529.33521	-487.13901	1295.53137	-605.04590	-474.66458	1415.26172	-429.73007	-769.37042	1138.47534	-499.77350	-240.82079	1118.16455	-412.28113	-826.30914	1090.48035	-656.25635	-184.47852	1093.69250	-605.04303	-542.80109	1011.31342	-616.68884	-430.95172	986.99005	-588.42773	-531.90308	930.51843	-348.03979	-728.43933	442.54153	-496.11597	-326.60553	525.88831	-541.31506	-777.71045	248.11670	-240.67862	-375.86450	91.88828	-578.17603	
649	6.480	-439.37543	1405.88257	-785.19366				-574.01025	1541.55896	-695.93896				-638.81946	1441.02698	-558.07886	-316.01395	1402.76965	-537.86218	-483.65302	1297.23987	-612.49243	-472.11261	1417.68604	-438.52032	-766.81628	1140.08130	-512.10437	-236.05121	1121.61768	-421.03232	-821.46082	1093.83618	-670.33698	-177.65834	1099.27795	-613.62799	-538.31232	1013.79199	-627.10437	-424.82291	990.17700	-599.11914	-529.34973	932.37866	-358.03784	-725.17987	439.80359	-519.59991	-323.36972	525.56976	-544.08661	-775.76044	248.30426	-266.34988	-374.01056	91.87548	-577.85480	
650	6.490	-436.28433	1407.50488	-792.80823				-570.55377	1544.09229	-704.04779				-635.39502	1442.79553	-566.96338	-313.59027	1405.72632	-545.03809	-480.61627	1299.85535	-620.09845	-470.29364	1418.08704	-448.00909	-764.23669	1141.88623	-525.24042	-232.22127	1124.32581	-429.74106	-816.23944	1097.29260	-684.77026	-170.46501	1104.79907	-620.50507	-533.72821	1016.14459	-636.75824	-422.39569	992.16010	-606.85614	-526.94446	934.67883	-368.79291	-722.74854	438.78094	-543.65558	-320.35144	525.31293	-546.23810	-769.46484	243.77832	-291.61765	-371.85846	92.25371	-578.00848	
651	6.500	-433.11691	1409.21899	-800.90387				-567.17212	1546.26782	-712.64661				-632.00537	1444.30200	-576.09967	-311.49084	1407.94751	-551.35718	-477.07901	1301.84338	-627.65088	-468.45929	1419.84399	-456.81439	-761.48737	1143.47766	-538.74628	-226.25223	1128.14417	-435.66650	-809.91266	1102.15918	-699.41095	-163.36905	1110.69592	-626.72095	-529.13605	1018.60944	-646.85730	-417.37024	995.23230	-616.02191	-524.64362	936.17419	-376.26205	-717.07794	434.89429	-567.26990	-317.47580	525.18884	-548.03156				-370.09775	92.18897	-578.21741	
652	6.510	-429.77072	1410.93604	-809.09351				-563.70618	1548.35083	-721.22516				-628.94861	1445.21985	-584.53284	-308.13312	1410.59497	-559.97968	-473.24841	1303.25317	-634.87946	-465.98477	1421.12573	-464.63812	-758.69177	1144.91272	-551.42657	-222.88589	1130.74414	-442.89960	-803.74512	1106.06592	-713.48724	-155.55873	1115.50366	-633.06055	-524.81439	1020.26874	-656.72968	-412.57675	996.88599	-624.84930	-522.10913	938.11072	-386.29761	-713.55157	433.50430	-591.09125	-315.45792	526.32361	-552.39392				-368.78131	91.56196	-579.00293	
653	6.520	-426.40369	1412.37463	-816.90668				-560.21228	1550.20239	-729.58270				-625.81360	1446.53284	-594.69830	-305.23911	1413.01086	-567.17743	-469.96005	1304.84436	-642.78021	-463.83203	1422.06067	-473.12634	-755.74432	1146.05579	-564.76099	-215.88564	1135.24915	-449.49490	-797.34393	1110.83398	-728.60638	-148.45914	1121.25671	-638.94452	-520.26880	1022.10968	-666.72253	-409.85617	999.57916	-633.15155	-519.13318	939.88660	-396.58981	-711.82086	433.90884	-614.26880	-313.82767	527.12915	-554.77002	-754.53137	226.15536	-369.60983	-365.09351	93.32322	-579.39630	
654	6.530	-422.98840	1413.64954	-825.45966				-556.55859	1551.86707	-738.12451				-623.19269	1447.67566	-604.10297	-303.13223	1414.73877	-574.31616	-466.15421	1306.61218	-650.03290	-462.34656	1423.36792	-481.84131	-752.71588	1147.10315	-577.97815	-212.14395	1137.66589	-455.60345				-141.12569	1126.22485	-645.32037	-515.63208	1023.38971	-676.51917	-404.46283	1001.47577	-640.75409	-517.03796	940.90845	-406.60046	-709.48596	434.92960	-636.11517	-312.23819	526.93811	-556.63831	-746.70471	214.58783	-397.95187	-364.25839	92.49303	-579.17572	
655	6.540	-419.37332	1415.16785	-833.91284				-552.86951	1553.45435	-746.46912				-620.31848	1448.21338	-613.50714	-300.27927	1416.27087	-579.73981	-462.45444	1307.06165	-657.29095	-459.54617	1423.52319	-489.69418	-749.38409	1148.19580	-591.26172	-207.78464	1139.52710	-461.85062				-133.98059	1130.91357	-649.51263	-510.94714	1024.25525	-685.63782	-397.80707	1003.36072	-650.96295	-515.35901	941.06006	-415.74265	-704.55487	436.37375	-656.34955	-311.50546	526.44049	-559.36597	-740.60632	205.98439	-425.93805	-363.09851	92.05549	-579.01282	
656	6.550	-415.62918	1416.06616	-841.92212				-549.15527	1554.40906	-755.03064				-617.12213	1448.57874	-623.40698	-297.46823	1417.71411	-586.75403	-458.81775	1308.11694	-666.01166	-457.46808	1423.93726	-497.64313	-745.93018	1149.00964	-604.62335	-203.31976	1142.55054	-468.52072				-126.49616	1135.83057	-654.92566	-506.24707	1024.97217	-695.07111	-394.30682	1004.79181	-658.87592	-513.75549	941.73004	-425.40326	-702.01501	439.55261	-676.96033	-311.08258	526.65344	-562.07410	-738.66394	197.67851	-457.63647	-360.23065	91.98956	-579.85083	
657	6.560	-411.85983	1416.79639	-850.02222				-545.22351	1555.61560	-763.47229				-613.95374	1448.04797	-632.91315	-295.47122	1419.22473	-594.32806	-455.07117	1308.78601	-673.43018	-455.96109	1423.42700	-505.88562	-742.58453	1149.29688	-617.30780	-198.81982	1144.76892	-475.00165				-120.03487	1140.84692	-660.73053	-501.47171	1025.51160	-704.57623	-390.51627	1004.37531	-666.18713	-512.10107	942.39502	-435.58511	-697.19031	443.33255	-697.18878	-309.37653	525.59741	-564.05328	-729.61188	183.69810	-487.92142	-358.96832	91.24820	-580.93768	
658	6.570	-408.01855	1417.29956	-858.68207				-541.30829	1556.29907	-772.09662				-610.72815	1447.69177	-642.45874	-293.02274	1419.39758	-600.60437	-450.92349	1309.03833	-681.24390	-453.79944	1423.83508	-514.35974	-739.18512	1149.47656	-630.69489	-195.35608	1147.29028	-480.32068	-765.92737	1124.57983	-802.52100	-113.20475	1145.05933	-664.53351	-496.68854	1024.75244	-715.32825	-385.17554	1005.08923	-675.52881	-510.47485	941.91956	-444.50400	-691.98145	447.47559	-717.36755	-309.48358	525.10437	-567.61279	-724.12939	170.26874	-520.65631	-356.82813	91.26378	-581.03265	
659	6.580	-403.96927	1417.77002	-867.18805				-537.23993	1556.61890	-779.47229				-607.69519	1446.97473	-652.48352	-289.67941	1420.34717	-607.19965	-447.29489	1309.66003	-690.14160	-453.10767	1423.80640	-523.46295	-735.84357	1149.13098	-643.73468	-188.84241	1149.55603	-485.19641	-757.60571	1125.64380	-814.67773	-106.27200	1148.69348	-669.53333	-492.07858	1025.03687	-723.23004	-382.09488	1003.81702	-680.49829	-509.13516	941.56750	-453.39651	-684.90454	450.57611	-736.16925	-309.17206	524.14642	-570.53674	-719.03125	156.12616	-554.35632	-355.30594	89.98023	-580.57819	
660	6.590	-399.97910	1417.43555	-875.10803				-533.23767	1556.86328	-789.33203				-604.58124	1446.09851	-662.96179	-287.49057	1420.42041	-612.22168	-443.27682	1309.00134	-697.78595	-450.50024	1423.25769	-531.37781	-732.36774	1148.52600	-656.47894	-184.20366	1151.13843	-490.37653	-750.92456	1128.37695	-828.66577	-99.98485	1152.30518	-673.67584	-487.35156	1024.32898	-731.25470				-507.46851	940.58862	-463.06824	-676.95605	452.29834	-755.46991	-309.24091	522.96808	-573.72510				-353.95602	88.81069	-581.76025	
661	6.600	-395.75723	1416.87366	-883.18164				-528.92279	1556.90686	-797.83624				-601.46045	1445.56848	-673.31708	-284.90491	1420.70129	-618.90576	-439.15900	1307.92505	-706.17761	-450.61484	1422.88452	-540.10168	-728.83051	1147.89429	-669.63129	-179.77553	1151.94934	-495.40482	-744.02112	1130.21350	-841.87469	-93.89767	1155.51660	-678.26654	-482.66107	1023.12164	-742.25665				-506.92780	940.02271	-472.96005	-667.71594	452.94116	-774.82007	-309.26303	521.87030	-576.60675	-705.64874	127.52010	-626.16547	-353.27551	88.26071	-581.28497	
662	6.610	-391.47775	1416.05737	-891.19397				-524.63062	1556.78723	-806.39227				-597.77545	1443.89307	-683.66382	-282.29996	1420.73267	-625.34613	-435.01465	1307.24353	-714.01715	-448.34601	1421.49585	-548.43225	-725.41608	1147.04126	-682.79877	-177.03894	1152.82166	-501.44830	-736.92523	1131.80981	-855.18536	-87.50368	1157.69397	-681.90405	-478.08774	1022.40057	-750.66772				-505.31015	938.76617	-482.35016	-658.34698	452.11194	-794.15704	-309.01169	520.61127	-580.48840				-351.27985	86.67030	-582.54797	
663	6.620	-386.86111	1415.50427	-899.80188										-594.57794	1442.61157	-694.45929	-279.80774	1420.36230	-631.69806	-430.82016	1306.39722	-723.18878	-446.37512	1420.59741	-557.11066	-721.84253	1145.79285	-695.34637	-173.73944	1153.57715	-506.43329	-730.05145	1132.82800	-868.94934	-81.89769	1160.41003	-685.63489	-472.87427	1020.44879	-758.94476				-505.34451	937.78149	-491.45483	-647.87958	450.66876	-812.22919	-308.29352	520.13367	-584.51563				-350.01096	84.97525	-582.28796	
664	6.630	-382.35910	1413.94727	-907.87238	-356.71265	997.66846	-724.46912							-591.44373	1441.11328	-704.83533	-277.77487	1419.33276	-637.26727	-426.62253	1304.85205	-730.84375	-444.90234	1419.51367	-565.59259	-718.18164	1144.61511	-708.53070	-173.21490	1152.07446	-512.19141	-723.25244	1133.56873	-881.84607	-76.93557	1162.01245	-689.56995	-468.28781	1020.00415	-768.53601				-503.83676	936.43945	-501.27966	-637.53473	448.39499	-827.88983	-308.11353	518.57465	-587.07245				-348.91794	85.51324	-583.47406	
665	6.640	-377.51077	1412.71985	-916.16339	-287.17926	1497.73389	-825.42657							-587.95587	1439.50562	-715.91064	-275.24280	1418.01135	-643.43372	-422.48160	1303.45911	-739.12415	-443.47937	1418.32910	-574.23859	-714.45251	1143.28406	-721.08569	-170.42836	1152.44250	-516.05774	-716.26031	1134.02039	-894.84644	-71.77037	1163.16858	-692.03955	-463.44168	1018.57269	-776.46588				-502.39261	934.45062	-510.93301	-626.58179	446.80609	-842.99817	-308.11252	517.39563	-591.02209				-349.15335	85.20174	-584.44464	
666	6.650	-24.43443	1151.67847	-876.51740										-584.08002	1437.41443	-727.27405	-273.30505	1417.09619	-650.01556	-418.29459	1301.86060	-747.56622	-443.83643	1416.70398	-583.20868	-710.60107	1142.03162	-734.09851	-168.27496	1151.62708	-520.77856	-709.08502	1133.97009	-907.49701	-67.03632	1164.05774	-695.50488	-457.64664	1016.69415	-786.01129				-501.84192	932.77661	-520.82593	-615.36560	444.38992	-855.32080	-307.85406	516.71124	-594.48187				-349.58975	84.10014	-586.29834	
667	6.660	-277.93143	1493.39551	-838.32660	-18.74275	1152.03186	-883.31970							-581.62189	1435.07690	-738.41516	-270.21063	1415.77478	-655.71954	-414.04163	1300.24329	-755.60742	-440.55154	1415.00720	-591.60590	-706.78845	1140.21082	-746.98645	-166.50894	1150.66333	-525.40936	-702.02960	1133.56079	-920.05133	-62.32251	1164.40027	-698.38153	-453.32538	1016.96265	-794.69696				-501.57599	929.49536	-531.06683	-602.49005	440.88947	-865.78723	-307.18472	515.91943	-598.47906				-348.04431	84.55296	-587.59692	
668	6.670				-13.08769	1151.47351	-889.57104							-577.41998	1433.71765	-750.60120	-268.60437	1413.15735	-661.71191	-410.01077	1298.02295	-763.98572	-441.85565	1413.49915	-600.82819	-702.64178	1138.79468	-759.12836	-164.72850	1149.71777	-531.24945	-696.00000	1134.14648	-933.74713	-58.17464	1164.30310	-701.74103	-448.09366	1015.51520	-804.00885				-501.02112	927.53699	-540.95166	-590.18628	438.27933	-875.09442	-306.67868	515.02264	-602.73035				-347.42688	83.60836	-589.33270	
669	6.680				-7.42324	1151.21179	-896.94458							-573.66809	1431.67798	-761.80945	-266.41074	1411.31775	-668.63873	-405.83511	1296.21228	-772.42316	-439.60941	1410.84717	-609.88910	-698.58856	1137.08386	-771.76691	-164.05246	1148.48486	-535.49066	-687.14722	1132.17053	-945.43158	-54.23432	1163.64600	-704.56616							-500.94562	925.76160	-551.62732	-577.64294	435.67242	-884.93109	-305.09970	514.22028	-605.54852				-346.88455	83.06074	-590.53040	
670	6.690	-352.05649	1403.82373	-958.02875	-4.26293	1149.57324	-902.22137							-569.88916	1429.31812	-773.42365	-265.03171	1408.76563	-672.83746	-401.64951	1294.02820	-780.47357	-438.60715	1408.95154	-619.74036	-694.36938	1135.21082	-783.94391	-162.67241	1146.63245	-540.23431	-679.61658	1130.68689	-957.67554	-50.45580	1162.35242	-706.57507							-500.30368	923.26471	-562.38269				-304.20703	512.84814	-609.27032				-355.46643	78.18324	-594.05676	
671	6.700	-346.57092	1401.91577	-966.65332	0.17335	1148.60107	-908.57355							-565.26514	1426.96606	-786.15674	-263.04385	1407.50171	-679.77496	-397.49899	1291.55872	-789.28156	-436.90640	1406.65930	-628.06036	-689.97083	1133.34778	-796.85864	-162.02106	1144.21094	-544.66827	-671.92444	1129.27014	-970.96259	-47.33693	1161.00220	-709.51440							-500.07901	920.71790	-572.62036				-303.19537	511.63876	-612.05487				-357.38474	76.31628	-595.71716	
672	6.710	-539.91327	434.39813	-923.72498	3.53265	1146.17444	-915.45972							-561.41376	1424.58569	-798.56830	-260.67761	1404.41870	-685.15527	-393.11893	1289.74353	-798.54919	-437.24182	1404.52869	-638.55188	-685.62805	1130.98450	-809.67072	-162.69710	1141.32068	-548.63354	-664.85114	1126.95886	-983.09760	-44.48966	1158.55652	-711.91608							-499.55640	918.30420	-583.60498				-301.16464	510.21286	-615.35791				-358.41403	74.38380	-597.79993	
673	6.720	-249.22307	1478.29248	-883.14362	7.10343	1145.40967	-921.53937							-557.06866	1421.64612	-810.81854	-258.82834	1401.97546	-691.12878	-335.68719	1397.26294	-984.02832	-435.42328	1402.08765	-646.95093	-681.17242	1128.68018	-822.56622	-163.57532	1138.93188	-553.56464	-655.97241	1124.19641	-995.42865	-41.92065	1155.82751	-714.30298							-499.67551	916.22620	-595.38751				-299.98227	507.73679	-617.74762				-358.82397	72.95805	-600.17670	
674	6.730	-330.19586	1394.08777	-991.64752	8.87773	1141.88660	-925.10223							-552.60468	1419.36877	-823.90356	-257.20203	1399.57251	-697.14966				-434.91620	1399.65356	-657.91431	-676.49957	1126.28931	-835.48572	-164.94099	1135.94080	-557.98029	-647.49365	1121.32385	-1007.60034	-39.78009	1152.54346	-717.22699	-384.42746	1285.63782	-818.08917				-499.65134	913.02301	-606.56860	-521.04987	434.97498	-952.81891	-299.01163	506.25342	-621.30518	-554.59344	128.84395	-1140.57581	-359.37836	71.37488	-601.79309	
675	6.740	-324.47189	1392.32312	-1001.10297	10.47016	1138.95703	-929.40015							-547.76471	1416.22534	-836.36499	-255.07225	1397.36279	-703.37122				-433.05283	1396.21814	-667.09943	-671.77618	1123.59766	-848.14874	-165.11743	1131.65308	-563.35632	-639.20496	1117.61487	-1019.99628	-37.70507	1148.85938	-719.40515							-498.95282	910.08948	-617.92767	-512.41577	434.67514	-967.97296	-295.51031	503.68387	-624.06702	-541.59869	139.39996	-1167.23669	-369.06400	61.42123	-594.12036	
676	6.750				13.51072	1135.14478	-936.17334							-542.85193	1413.35083	-849.34509	-253.37593	1395.13135	-706.53345				-433.48721	1393.03577	-676.73065	-666.97028	1121.14001	-861.77051	-166.21884	1128.65771	-568.63507	-630.26019	1114.16614	-1032.46594	-36.14197	1144.29504	-722.66534							-499.10651	906.88763	-629.07190	-503.43726	433.15796	-981.82196	-294.24042	500.64178	-626.94171				-370.57684	59.90252	-596.65656	
677	6.760	-313.65054	1385.87537	-1018.48950	-300.73456	975.49847	-807.31500							-537.65808	1410.37305	-862.58099	-251.79646	1391.64331	-713.63904				-432.52563	1390.66614	-687.35431	-662.12134	1118.33044	-875.11005	-167.84981	1124.13281	-573.90375	-620.93518	1110.54016	-1045.22144	-34.67411	1139.63782	-726.23090							-498.05646	903.55249	-640.83228	-494.24509	431.95691	-996.92499	-291.04205	497.87988	-629.64441				-371.08817	57.46666	-598.20288	
678	6.770	-307.72745	1383.70032	-1026.73254										-532.27014	1407.08472	-876.13202	-250.55389	1388.77710	-719.76685				-431.30310	1388.03833	-698.02728	-656.99640	1115.51196	-888.62555	-169.91069	1119.44519	-580.09631	-611.28357	1105.97192	-1058.00781	-33.69014	1134.53796	-729.82764							-498.46805	900.05524	-654.08868				-288.73746	495.86734	-633.51434				-372.79120	54.91558	-599.02612	
679	6.780													-526.89056	1403.64185	-889.07593	-249.38460	1384.74390	-726.86340				-429.43237	1384.21777	-708.43182	-651.73590	1112.64587	-903.09351	-171.98639	1115.07056	-585.95447	-601.29358	1101.51868	-1071.64807	-33.05824	1128.71545	-732.72430							-497.98941	897.07281	-666.26239				-286.27469	492.98868	-637.40607				-375.37759	50.49209	-597.58453	
680	6.790													-521.02216	1400.70898	-901.92395	-247.11655	1381.39233	-732.93628				-428.22186	1380.89050	-719.20929	-646.37341	1109.22852	-916.75446	-174.16444	1109.70154	-592.89362				-32.34434	1121.35962	-736.71466							-495.96701	893.08746	-677.53564				-283.96619	490.68738	-640.35089				-373.95474	50.16169	-600.64594	
681	6.800													-516.02887	1398.09314	-915.25708	-245.49548	1377.52380	-739.63531				-427.22067	1378.06396	-729.99524	-640.72772	1105.92383	-931.38507	-176.80164	1104.55823	-599.71021				-32.46646	1114.26489	-740.07611							-495.72906	890.23462	-689.76367				-281.15936	488.30484	-643.44067				-373.52347	47.53531	-603.05585	
682	6.810													-509.53958	1395.07458	-929.37579	-243.26831	1374.60681	-745.73132				-425.75766	1375.14294	-741.38086	-634.73694	1102.97021	-946.61566	-181.19080	1097.71558	-606.92480				-32.30484	1106.81311	-743.57562							-494.90063	887.05341	-703.52911				-278.82626	485.87793	-646.49420				-373.07590	46.77000	-603.83167	
683	6.820													-504.02277	1391.92102	-942.46216	-241.12222	1372.01611	-753.43140				-423.81778	1371.94165	-752.22839	-628.49274	1100.23181	-962.81970	-183.95642	1092.98669	-614.19781				-32.93667	1098.34241	-748.10718							-493.59940	883.88379	-716.09424				-275.79227	483.61563	-649.91168				-372.58209	44.99081	-606.27246	
684	6.830													-497.53885	1388.90320	-955.42944	-239.90733	1368.54517	-760.69342				-422.50278	1369.36548	-763.53180	-621.91504	1097.41711	-978.20496	-187.05820	1086.99011	-620.85168				-32.98775	1090.36365	-751.84808							-491.38245	880.27490	-729.10895				-273.05350	481.28790	-652.97949				-371.49533	43.19944	-607.48523	
685	6.840													-492.06226	1386.42029	-969.51251	-237.84456	1365.02283	-768.08124				-420.77484	1366.22864	-774.94647	-615.12177	1094.50427	-994.12567	-190.61734	1081.36035	-629.63403				-33.48512	1081.95154	-756.13702							-490.43570	877.19464	-742.52985				-270.71628	479.36365	-657.66113				-371.54739	41.16901	-608.17822	
686	6.850													-485.28204	1384.03662	-983.45874	-235.72301	1362.06750	-775.85657				-418.63147	1363.94751	-787.68842	-607.98077	1091.56946	-1010.30353	-195.31178	1075.55164	-637.79742				-34.94994	1073.27869	-759.75549							-489.11127	874.15460	-756.92249				-267.74533	476.93692	-661.89099				-370.17816	38.57249	-609.95978	
687	6.860													-479.24872	1381.66321	-996.87305	-234.30809	1358.41113	-783.34656				-417.51938	1360.83032	-799.00311	-600.21777	1088.74414	-1026.23499	-199.78064	1070.25867	-645.71619				-36.24686	1065.56250	-765.34540							-487.72040	870.73932	-770.71252				-264.49329	474.46790	-665.27515				-368.96375	37.38695	-611.09351	
688	6.870													-472.48544	1379.75452	-1010.97290	-231.72833	1356.40588	-792.44867				-415.14249	1358.18335	-810.86639	-592.41040	1086.09167	-1043.21741	-204.51962	1065.79700	-654.95795				-37.72464	1056.79956	-769.08136							-487.06549	868.47626	-786.64520				-261.63123	472.76370	-669.73163				-368.81027	35.25452	-612.03009	
689	6.880													-465.91174	1376.87598	-1024.82178	-230.27954	1353.75476	-800.79102				-413.06790	1355.78638	-823.31927	-584.17163	1083.13672	-1059.76697	-208.88928	1061.07642	-664.45447				-40.18112	1049.02734	-774.03845							-485.46951	866.48975	-802.62042				-259.14471	471.30600	-674.43982				-367.18411	33.70787	-613.04816	
690	6.890													-459.63232	1375.83337	-1039.31091	-229.09187	1350.84717	-808.80457				-411.49368	1353.64587	-836.96490	-575.43561	1080.89941	-1077.29236	-215.55263	1056.81042	-675.25647				-42.49702	1041.16565	-778.22314							-484.04782	863.83087	-818.41077				-256.44223	469.63800	-678.53815				-366.73462	33.53048	-614.75146	
691	6.900													-452.69742	1373.75330	-1053.50000	-227.64545	1348.05591	-818.00519				-409.03040	1351.11011	-848.86206	-566.35852	1078.54504	-1095.08618	-218.81883	1053.58435	-682.35498				-45.24698	1033.93213	-783.68689							-483.25409	862.58148	-836.01312				-256.37482	468.59052	-682.94427				-365.38263	32.52362	-615.35211	
692	6.910													-445.73691	1372.88281	-1068.55969	-225.95645	1346.05334	-827.47144				-406.97330	1349.19897	-863.04504	-557.03009	1075.80469	-1112.76721	-224.36897	1050.33984	-691.66132				-48.22099	1027.34546	-788.88153							-482.14389	860.72314	-853.61011				-254.47238	469.14557	-687.44208				-361.32965	34.82216	-620.23615	
693	6.920													-438.98822	1371.50403	-1082.64954	-224.42451	1344.07813	-837.26447				-405.10687	1346.50220	-877.17450	-547.03058	1074.10559	-1131.18835	-230.30504	1047.39685	-701.48865				-51.45174	1021.51624	-794.91730							-480.40787	858.92261	-871.83655				-254.35802	469.43570	-691.64325				-360.41400	35.38807	-620.66290	
694	6.930													-431.49991	1370.40784	-1098.03979	-224.30748	1341.74072	-846.36768				-402.64548	1343.86353	-890.63470				-235.02298	1045.25378	-710.88989				-54.22751	1016.58130	-799.37622							-477.11804	856.47504	-890.27997				-253.59270	470.75851	-697.22278				-359.68231	36.03808	-621.00806	
695	6.940													-423.51825	1368.28064	-1112.29309	-223.45697	1339.62476	-856.28491				-399.87836	1341.65320	-905.57837				-241.05975	1042.44910	-719.46881				-58.01900	1011.16077	-805.36432							-474.18127	854.21466	-909.01471				-253.34442	472.04199	-702.94037				-358.24319	36.99479	-622.72571	
696	6.950													-417.32751	1368.20935	-1128.42761	-222.50227	1337.21106	-865.69116				-398.32751	1339.64307	-921.45898				-246.29903	1040.22583	-730.96808				-61.01870	1007.44012	-811.36310							-470.47961	851.94928	-928.52930				-253.58096	472.65649	-710.49396				-353.36111	40.10087	-626.94537	
697	6.960													-408.73886	1367.14038	-1144.04456	-222.10127	1334.97705	-876.77478				-396.95422	1337.08923	-935.71124				-251.10419	1039.43750	-740.83435				-64.27612	1003.13721	-817.76208							-465.74796	849.46100	-949.08362				-253.43410	472.84839	-717.24811				-351.68781	41.00835	-627.72150	
698	6.970													-400.04074	1365.89209	-1159.68250	-222.04088	1332.83960	-887.05750				-394.85080	1334.65881	-951.73352				-256.90347	1037.91919	-750.63379				-67.53097	1000.39825	-823.70605							-462.06537	847.53687	-969.40283				-254.47495	473.59436	-723.90375				-350.80911	40.87103	-628.41901	
699	6.980													-392.31204	1365.38501	-1175.71045	-222.45688	1330.81531	-897.43292				-394.47214	1332.93738	-968.60352				-261.15680	1037.08850	-762.11920				-70.39897	997.73657	-830.14838							-460.14264	845.85297	-989.60767				-255.34183	473.55597	-732.04083				-346.00473	42.83500	-630.19574	
700	6.990													-384.46658	1365.59058	-1191.19482	-222.54420	1330.59009	-907.05414				-391.51276	1329.83582	-982.76733				-265.94247	1036.07800	-773.19910				-74.17299	995.14581	-836.59662							-458.73239	845.89191	-1009.93658				-254.53908	475.08502	-739.97443				-342.77521	44.03291	-633.32617	
701	7.000													-375.95142	1365.65649	-1206.21008	-222.35336	1330.73804	-916.96490				-389.83044	1330.39526	-999.56964				-270.55328	1034.72302	-783.85248				-77.06020	992.85040	-842.08087							-456.81668	849.37506	-1028.52612				-254.84045	475.12805	-750.91022				-340.30798	45.71299	-634.47638	
702	7.010																-223.60512	1331.24695	-927.42163				-387.58511	1330.58923	-1015.24542				-274.87036	1034.64648	-795.85553				-80.50760	990.78265	-848.37091							-453.55823	852.46643	-1045.02014				-255.28740	476.05145	-761.23767				-328.92654	56.52655	-644.60498	
703	7.020																-223.36620	1332.20801	-937.96674				-383.63971	1332.52759	-1030.09961				-278.77722	1035.61572	-807.83514				-83.71133	990.04266	-853.87671							-449.76694	855.71991	-1059.37354				-254.74164	477.74036	-772.27777				-326.11200	60.07701	-645.63098	
704	7.030																-222.56868	1333.74634	-947.85162				-379.81927	1334.26697	-1045.25903				-282.90887	1037.73572	-820.41968				-86.72324	989.61267	-859.89850							-446.53171	858.77100	-1074.41760				-255.19876	477.80106	-787.63013				-316.80005	70.72128	-646.54645	
705	7.040																-220.21954	1336.28516	-959.13562				-377.43097	1338.96118	-1059.15955				-287.24319	1040.72803	-832.93427				-90.45502	989.37964	-865.73297							-443.36740	861.21216	-1088.21338				-254.90578	479.80200	-800.47681				-314.44357	74.92983	-647.64050	
706	7.050																-217.75058	1338.18298	-969.62555				-372.37527	1341.72852	-1073.22632				-293.90372	1044.91370	-846.61346				-94.80313	989.98212	-871.95667							-440.02643	863.50311	-1101.86755				-256.86655	480.37457	-814.18951				-312.50027	80.83067	-650.67535	
707	7.060																-214.92918	1340.58459	-979.63672				-367.01013	1344.96777	-1086.65466				-297.31580	1048.46899	-860.17480				-97.82476	991.21881	-878.24274							-436.99283	865.82086	-1115.12964				-257.25485	482.48145	-826.98602				-310.36313	86.71275	-654.44385	
708	7.070																-212.78221	1343.16479	-989.78839				-362.39520	1348.40540	-1099.46997				-299.52917	1052.50513	-870.25635				-101.33467	992.83612	-885.43604							-434.46088	868.02441	-1128.80054				-258.71786	485.12360	-840.05103				-308.54816	92.71505	-659.22284	
709	7.080																-211.72417	1345.54810	-999.26904				-358.01489	1352.04858	-1112.62817				-304.43338	1056.57959	-883.96393				-105.24063	995.74774	-892.39954							-432.75293	870.20880	-1142.27429				-259.56055	487.51437	-852.84479				-308.63077	99.93694	-663.12311	
710	7.090																-212.23360	1349.67065	-1007.35590				-354.54163	1355.70959	-1125.15283				-307.83185	1059.75098	-895.12433				-108.81820	997.56299	-898.40228							-430.34195	873.68732	-1158.46423				-262.66031	487.97849	-866.43976				-311.13541	106.26565	-670.14648	
711	7.100																-211.30812	1352.22937	-1016.59760				-350.75107	1359.04382	-1137.31543				-310.80478	1063.63550	-906.17828				-111.24451	999.84949	-905.02686							-427.79034	877.74432	-1174.21948				-264.37119	488.26309	-881.02692				-314.11951	114.84782	-677.24188	
712	7.110																						-347.40280	1362.29126	-1150.12256				-312.64117	1065.78003	-916.27893				-117.03307	1001.93842	-911.96094							-425.86923	881.24420	-1188.59363				-266.72220	488.84698	-895.42700				-318.49988	123.33506	-685.13843	
713	7.120																						-344.23807	1365.40393	-1162.13110				-316.31451	1069.78418	-927.59619				-121.27910	1004.22626	-917.60669							-423.41135	885.67615	-1205.81750				-269.45383	489.89883	-910.59637				-324.00500	132.25706	-694.49750	
714	7.130																						-341.33044	1368.49805	-1174.67505				-319.93292	1071.77844	-936.54803				-123.99985	1006.89484	-923.81012							-420.65390	889.94604	-1221.81848				-272.42673	491.70358	-925.59851				-331.04047	141.07658	-703.64172	
715	7.140																						-337.82660	1371.87268	-1186.95752				-323.50970	1074.62927	-946.04413				-127.50644	1009.95483	-929.77258							-417.38953	894.27539	-1237.51343				-275.66083	494.12598	-942.84540				-337.18057	149.63274	-713.36017	
716	7.150																						-334.36688	1375.49719	-1198.70618				-327.40668	1078.32349	-956.75159				-132.08043	1012.03687	-935.25793							-414.10132	898.82294	-1253.43042				-279.65945	497.76303	-957.51172				-345.16342	158.42886	-721.61737	
717	7.160																												-331.59738	1081.19678	-965.73010				-137.27043	1015.09399	-939.31995							-410.12607	903.70081	-1269.58704				-282.84821	500.45947	-972.73859				-352.54105	165.27559	-733.75201	
718	7.170																												-336.03705	1084.75183	-977.25592				-140.90089	1016.99969	-946.09766							-404.97781	909.77234	-1287.73376				-283.92783	504.46967	-986.36682				-360.49472	171.97116	-745.85852	
719	7.180																												-340.34274	1087.68909	-989.08789				-146.72540	1018.80334	-952.07611							-400.90735	914.38043	-1301.59009				-292.57983	505.33850	-1008.99939				-369.36746	177.73407	-758.01910	
720	7.190																												-344.72644	1090.51196	-998.91541				-151.70984	1020.94427	-957.86011							-396.94623	918.08765	-1313.70789				-293.49747	508.83020	-1020.79877				-379.30569	182.77869	-771.11768	
721	7.200																												-349.74493	1093.40125	-1009.49988				-157.10141	1023.22510	-963.89532							-392.93930	921.01434	-1324.45215				-294.88397	512.53748	-1030.15698				-388.52267	187.67964	-783.91528	
722	7.210																												-354.24991	1096.52515	-1020.67297				-162.99245	1025.40283	-969.09796							-389.09485	924.51086	-1336.28308				-295.34326	513.85492	-1037.55884				-399.46164	191.58548	-797.88049	
723	7.220																												-358.13773	1099.49438	-1032.30786				-168.03030	1026.88159	-975.17834							-384.99258	929.22845	-1350.29993				-299.81775	518.46552	-1042.15491				-409.74405	195.67107	-812.21588	
724	7.230																												-362.31570	1101.48425	-1042.58008				-174.02046	1028.83838	-981.46875							-381.06525	931.46063	-1359.41235				-305.23575	522.68890	-1047.06323				-420.77191	197.12257	-827.39417	
725	7.240																												-365.65775	1103.47278	-1054.03149				-180.16699	1029.68640	-987.51532							-378.64365	934.19971	-1375.55493				-311.27469	524.41809	-1055.66028				-431.78275	198.24982	-841.84125	
726	7.250																												-369.44928	1105.71997	-1064.61621				-186.02594	1030.70837	-994.12024							-374.99127	936.07092	-1383.82434				-317.74081	526.16644	-1064.40845				-444.86832	198.09299	-858.98206	
727	7.260																												-373.14807	1107.59436	-1075.34741				-193.23022	1032.14746	-999.40607							-371.73257	937.29358	-1391.24292				-324.85135	524.80499	-1079.01123				-457.81223	197.35561	-875.44830	
728	7.270																												-377.65097	1108.90332	-1086.90393				-199.72432	1032.59827	-1004.88898							-368.55951	939.11218	-1400.04004				-332.02710	529.44263	-1080.46704				-470.61438	195.18790	-893.95667	
729	7.280																												-382.01688	1110.62061	-1097.51819				-205.70538	1031.65430	-1010.68036							-365.19818	941.03442	-1408.59363				-338.94308	530.35034	-1090.36182				-483.67789	192.20386	-914.70587	
730	7.290																												-385.66071	1112.82849	-1108.04834				-212.63258	1032.02954	-1015.14252							-361.99704	942.76733	-1417.66296				-347.61841	530.51526	-1103.32434				-496.47864	186.38280	-937.13202	
731	7.300																												-388.98935	1113.59058	-1117.74072				-219.79842	1032.28955	-1020.81451							-358.93481	944.56696	-1426.67114				-355.53378	532.20923	-1115.46790				-508.94235	181.84456	-960.79773	
732	7.310																												-393.04071	1115.32129	-1128.49609				-226.81483	1031.37134	-1024.73474							-354.12979	947.03040	-1436.33472				-362.71884	532.07141	-1131.04004				-520.96112	172.17067	-991.13068	
733	7.320																												-396.89883	1116.11743	-1138.60339				-234.85028	1032.26306	-1030.05139							-350.06714	949.04144	-1445.25928				-370.59543	532.84851	-1146.24304				-529.23486	167.81960	-1011.20111	
734	7.330																												-399.82996	1118.02893	-1149.03967				-241.60670	1032.57788	-1034.50586							-345.60110	951.57794	-1454.82300				-379.08017	533.39978	-1160.92078				-538.90930	159.99815	-1040.22961	
735	7.340																												-404.23862	1119.23779	-1163.11499				-249.10158	1033.76111	-1039.21387							-340.92337	953.42133	-1464.20581				-385.90680	533.93433	-1177.80249				-547.25378	153.90836	-1069.20190	
736	7.350																												-407.08401	1120.33838	-1179.06238				-256.13287	1035.93079	-1045.43518							-336.09955	955.00745	-1473.20325				-393.67688	535.42041	-1192.25952				-551.63934	150.01256	-1097.18457	
737	7.360																												-409.62531	1123.24744	-1185.18530				-262.90335	1038.96973	-1050.13147							-331.15631	956.87970	-1482.47827				-401.17935	533.63574	-1219.88232				-556.04987	143.75578	-1130.99133	
738	7.370																												-412.14972	1126.87634	-1196.68433				-269.37057	1042.71704	-1055.82129							-326.23929	958.75793	-1491.60669				-407.15994	536.63617	-1231.44653				-558.68011	138.48833	-1164.11462	
739	7.380																												-416.71085	1130.72632	-1203.63379				-275.44437	1046.84302	-1061.67871							-321.38367	960.10742	-1499.91064				-415.91605	538.82465	-1244.28186				-560.69672	134.59552	-1192.69019	
740	7.390																												-419.45755	1137.85632	-1204.72388				-280.70126	1050.06995	-1067.44434							-316.62296	961.26434	-1507.80481				-423.32596	540.26556	-1264.54321				-560.03436	127.47958	-1230.13794	
741	7.400																												-422.46204	1141.59839	-1213.62732				-286.88773	1055.07666	-1073.68164							-312.11319	962.24786	-1515.09802										-557.31494	122.09167	-1261.17505	
742	7.410																												-425.01334	1143.77075	-1230.16663				-292.85193	1059.58423	-1079.54834							-307.87814	963.35284	-1522.51453										-555.69342	121.18975	-1295.52734	
743	7.420																												-426.25833	1147.37512	-1241.68579				-298.62616	1063.97107	-1084.92395							-303.72388	964.41290	-1529.14685										-549.35474	118.22387	-1328.69580	
744	7.430																												-430.49762	1152.51538	-1239.41150				-305.45969	1067.84814	-1089.87646							-300.02451	965.40442	-1535.84888										-541.85162	121.51485	-1354.46021	
745	7.440																												-433.86133	1152.76929	-1254.41675				-311.09583	1070.42297	-1094.37158							-296.45599	966.16321	-1542.05518										-530.93518	122.81023	-1383.26526	
746	7.450																												-436.42792	1155.28735	-1266.12317				-318.47955	1075.50256	-1099.33777							-293.02408	966.56470	-1546.81714										-519.10474	118.97878	-1424.98730	
747	7.460																												-440.03625	1155.99414	-1277.56030				-324.52399	1077.33337	-1103.41125							-290.07593	967.15448	-1552.69153										-505.28091	120.23555	-1452.54578	
748	7.470																												-442.80740	1161.65491	-1272.27539				-330.66742	1079.68372	-1109.06995							-287.41995	966.52216	-1556.47424										-490.20047	120.61722	-1479.30103	
749	7.480																												-446.06094	1162.26416	-1279.74890				-337.11075	1082.00500	-1113.03064							-284.90836	966.03729	-1560.38293										-474.50095	121.53238	-1502.62683	
750	7.490																												-449.65491	1164.04041	-1289.43359				-343.97134	1082.52148	-1117.11902							-282.54816	965.29718	-1564.21704										-457.59946	123.53773	-1525.71680	
751	7.500																												-452.21786	1162.91492	-1294.69836				-350.47220	1082.48022	-1121.80896							-280.20093	965.03333	-1568.58301										-440.01709	123.30396	-1546.77087	
752	7.510																												-455.40869	1162.40381	-1301.75183				-358.00964	1082.28943	-1125.83240							-277.57700	964.47070	-1572.17676										-423.18646	127.92467	-1562.18225	
753	7.520																												-457.98770	1160.91504	-1307.26367				-365.97751	1081.66272	-1130.27783							-274.57657	963.87274	-1575.70618										-405.52463	129.57922	-1577.90674	
754	7.530																												-461.41797	1159.85571	-1313.94946				-372.03455	1079.70117	-1134.39136							-271.09900	963.88519	-1579.88550													
755	7.540																												-463.49344	1158.30334	-1320.54578				-379.07245	1076.87256	-1139.41443							-267.06314	963.55530	-1583.81958													
756	7.550																												-466.05307	1157.27722	-1328.68335				-386.41382	1072.80054	-1144.22339							-262.37323	963.46497	-1587.69055													
757	7.560																												-468.38007	1155.63086	-1334.96216				-395.07608	1068.19763	-1152.86230							-257.77112	963.68567	-1592.20105													
758	7.570																												-471.19003	1153.46851	-1340.37573				-402.53726	1060.52307	-1164.01526							-253.29770	963.33398	-1595.98254													
759	7.580																												-473.47031	1151.65576	-1346.33118				-410.02209	1054.79468	-1162.01941							-248.81662	963.41449	-1600.21924													
760	7.590																												-475.45831	1149.15076	-1350.98999				-417.63361	1047.22693	-1166.00098							-244.35924	963.46710	-1604.28955													
761	7.600																												-478.05414	1146.68494	-1355.35315				-424.36633	1038.80396	-1173.90234							-240.21588	963.38379	-1608.46265													
762	7.610																												-480.29495	1144.44836	-1359.17188				-430.68802	1028.48486	-1178.68958							-236.44107	963.66290	-1611.91821													
763	7.620																												-482.54932	1142.84412	-1364.11401				-438.93228	1018.53491	-1186.98169							-233.22774	964.20007	-1615.65552													
764	7.630																												-485.09473	1141.17444	-1367.62891				-446.14035	1006.95837	-1194.21729							-230.47179	964.88300	-1619.16589													
765	7.640																												-486.79907	1139.59888	-1370.74854				-452.71524	994.67480	-1202.37830							-228.11911	965.55078	-1622.54187													
766	7.650																												-488.68253	1137.04797	-1371.55664				-460.22559	983.42242	-1210.86084							-226.08003	966.24689	-1625.50940													
767	7.660																												-490.56247	1136.10828	-1375.00598				-466.14664	969.70612	-1224.63110							-224.18083	967.12787	-1628.37817													
768	7.670																												-491.97964	1134.53870	-1375.78394				-474.08218	958.28510	-1226.12708							-223.06400	968.17889	-1631.66321													
769	7.680																												-493.18613	1134.00867	-1377.65137				-481.40707	947.96710	-1235.72046							-222.72368	969.22949	-1634.58691													
770	7.690																												-493.72586	1133.56641	-1379.43164				-488.68967	936.28955	-1256.11951							-223.28412	969.52399	-1636.87256													
771	7.700																												-494.21475	1133.53149	-1382.05029				-496.61563	926.19043	-1268.44958							-224.35670	969.70282	-1639.31726													
772	7.710																												-493.87503	1132.83899	-1385.05530				-505.24985	913.46014	-1299.63293																						
773	7.720																												-493.53055	1132.56836	-1390.12207				-511.99329	911.20251	-1294.34033																						
774	7.730																												-493.70068	1130.84045	-1392.86353				-516.66449	902.87573	-1303.81897																						
775	7.740																												-493.29953	1128.37744	-1395.37842				-522.17163	896.95868	-1317.42017																						
776	7.750																												-491.72479	1128.25256	-1403.53345				-528.25177	892.35217	-1331.62695																						
777	7.760																												-491.62671	1127.63574	-1408.28918				-533.52924	884.09149	-1359.38562																						
778	7.770																												-491.94962	1127.29114	-1412.96692				-539.14923	883.95496	-1360.00208																						
779	7.780																												-493.00662	1125.51428	-1414.54309				-544.68878	876.58466	-1385.09766																						
780	7.790																												-493.86594	1124.10022	-1418.92700				-549.39795	876.55725	-1387.69373																						
781	7.800																												-495.88382	1122.71558	-1424.70496				-555.93481	870.75098	-1407.85693																						
