PathFileType	4	(X/Y/Z)	C:\Users\WrightLab\Desktop\Jo\P2_Trial36.trc
DataRate	CameraRate	NumFrames	NumMarkers	Units	OrigDataRate	OrigDataStartFrame	OrigNumFrames
100.00	100.00	       641	19	mm	100.00	1	       641
Frame#	Time	Headset_Front			Headset_Back			Headset_Left			Headset_Right			Left_Shoulder			Right_Shoulder			Sternum			C7			Left Elbow			Right Elbow			Left Wrist			Right Wrist			Left ASIS			Right ASIS			S2			Left Knee			Right Knee			Left Ankle			Right Ankle			
		X1	Y1	Z1	X2	Y2	Z2	X3	Y3	Z3	X4	Y4	Z4	X5	Y5	Z5	X6	Y6	Z6	X7	Y7	Z7	X8	Y8	Z8	X9	Y9	Z9	X10	Y10	Z10	X11	Y11	Z11	X12	Y12	Z12	X13	Y13	Z13	X14	Y14	Z14	X15	Y15	Z15	X16	Y16	Z16	X17	Y17	Z17	X18	Y18	Z18	X19	Y19	Z19	

1	0.000																																											-264.07028	913.57452	-1495.00854	-63.31956	426.55991	-1329.59399										
2	0.010																																											-265.58566	914.02795	-1496.65601	-63.33018	426.87061	-1328.91016										
3	0.020																																											-266.98029	913.21033	-1495.74255	-63.68827	427.64667	-1327.69910										
4	0.030																																											-268.64828	913.52979	-1497.16125	-65.04742	428.05042	-1326.53552										
5	0.040																																											-270.10468	913.39661	-1497.69592	-65.84661	429.14270	-1324.61414										
6	0.050																																											-271.74686	913.25464	-1498.02832	-67.44038	428.80783	-1322.11694										
7	0.060																																											-273.27084	913.59784	-1499.42920	-67.81129	429.90201	-1320.21643										
8	0.070																																											-274.77875	913.08197	-1498.88013	-68.53327	428.99377	-1318.04797										
9	0.080																																											-276.37708	913.50519	-1500.41772	-71.17742	429.11755	-1312.67725										
10	0.090																																											-277.91837	913.25378	-1500.93481	-72.55492	429.11493	-1311.05664										
11	0.100																																											-279.46536	913.09442	-1501.47266	-72.80962	430.15247	-1309.12268										
12	0.110																																											-280.92142	913.25989	-1502.45300	-74.37904	430.75174	-1305.64294										
13	0.120																																											-282.41714	912.71606	-1502.37622	-76.55756	431.18143	-1303.44165										
14	0.130																																											-283.89136	912.91052	-1503.70569	-77.62597	431.54260	-1299.27966										
15	0.140																																											-285.24677	912.53790	-1503.25000	-78.40233	430.97516	-1295.19727										
16	0.150																																											-286.74243	912.54156	-1504.42371	-80.34274	430.93835	-1291.11267										
17	0.160																																											-288.07358	912.37177	-1504.15259	-82.79070	431.34882	-1284.79236										
18	0.170																																											-289.48999	912.39655	-1504.70215	-85.51154	432.16034	-1277.95850										
19	0.180																																											-290.84705	912.34717	-1504.43665	-88.56287	432.45908	-1271.47302										
20	0.190																																											-292.31555	912.52258	-1505.02258	-93.19545	433.54697	-1263.63049										
21	0.200																																											-293.66296	912.27332	-1504.43713	-97.29731	432.39914	-1254.41040										
22	0.210																																											-295.02875	912.11053	-1503.65198	-101.32999	433.66132	-1245.20862										
23	0.220																																											-296.32947	912.75507	-1504.57312	-106.36498	434.27502	-1237.51233										
24	0.230																																											-297.60205	912.42346	-1503.42493	-112.08554	435.06458	-1228.26648										
25	0.240																																											-298.65457	912.27216	-1502.65356	-117.07268	436.01450	-1221.36426										
26	0.250																																											-299.76630	912.35455	-1502.02417	-122.00772	437.18591	-1214.43054										
27	0.260																																											-300.68460	912.45508	-1501.46765	-128.20807	438.46127	-1208.36719										
28	0.270																																											-301.44800	912.60223	-1500.81079	-133.40054	439.29727	-1199.80310										
29	0.280																																											-302.08026	912.41901	-1499.61853	-137.97777	439.60870	-1195.36023										
30	0.290																																											-302.62106	912.74310	-1498.80920	-143.98730	439.93213	-1189.07397										
31	0.300																																											-303.09854	912.73199	-1497.83057	-148.60451	442.03299	-1183.15369										
32	0.310																																											-303.49161	912.68207	-1496.82373	-153.96455	442.74585	-1177.74939										
33	0.320																																											-303.83368	912.87323	-1495.78162	-159.09019	443.68433	-1171.82471										
34	0.330																																											-304.04904	912.59973	-1494.02563	-163.99246	444.62720	-1166.79382										
35	0.340																																											-304.21829	912.79730	-1492.67920	-169.77209	446.57431	-1161.75378										
36	0.350																																											-304.56622	912.80707	-1491.32214	-173.69885	447.38766	-1157.98145										
37	0.360																																											-304.74777	912.87659	-1489.49548	-177.90431	447.89548	-1156.24646										
38	0.370																																											-305.05786	912.90436	-1487.65759	-182.30173	448.78873	-1153.90137										
39	0.380																																											-305.33127	912.83264	-1485.56018	-187.01936	448.95239	-1150.09058										
40	0.390																																											-305.68158	913.29102	-1484.24060	-191.98718	448.48434	-1148.44153										
41	0.400																																											-305.91299	913.39911	-1481.88806	-196.49648	449.37085	-1145.67993										
42	0.410																																											-306.40619	913.89136	-1480.35205	-201.81381	449.49457	-1144.61951										
43	0.420																																											-306.88708	914.00696	-1477.99939	-207.87485	450.16141	-1142.09180										
44	0.430																																											-307.37915	914.13605	-1475.43518	-214.10556	451.31378	-1140.07886										
45	0.440																																											-307.90781	914.52765	-1473.34619	-219.90733	451.61331	-1136.72388										
46	0.450																																											-308.41833	915.09863	-1471.32727	-226.02298	452.51471	-1134.19421										
47	0.460																																											-308.97763	915.16718	-1468.44275	-233.58066	453.90427	-1132.39026										
48	0.470																																											-309.65063	915.67242	-1466.27344	-238.94037	454.73920	-1128.18762										
49	0.480																																											-310.30011	915.98431	-1463.36169	-246.02116	455.54907	-1123.13733										
50	0.490																																											-310.92096	916.42444	-1460.93555	-252.26077	456.26547	-1119.52319										
51	0.500																																											-311.68097	916.43561	-1457.67004	-258.34171	456.92413	-1115.79358										
52	0.510																																											-312.48907	916.32587	-1454.13135	-263.50031	458.12247	-1112.33801										
53	0.520																																											-313.33478	916.68146	-1451.32446	-268.96130	458.95972	-1109.63647										
54	0.530																																											-314.28543	916.82764	-1448.11096	-274.50021	459.93442	-1106.46509										
55	0.540																																											-315.28607	916.84918	-1444.38538	-280.19022	459.97821	-1100.92297										
56	0.550																																					-348.16611	1007.15137	-1184.33276				-316.28580	916.74017	-1440.76514	-285.03729	460.43573	-1096.98022										
57	0.560																																					-350.85040	1006.11200	-1180.61292				-317.52023	916.50543	-1436.94873	-290.11594	460.33536	-1093.48584										
58	0.570																																					-353.57162	1005.63684	-1171.17834				-318.60049	915.98572	-1432.33923	-294.27521	460.59244	-1089.37354										
59	0.580																									-134.87825	1178.64270	-1200.48218										-356.87552	1004.67773	-1167.84460				-320.01660	915.93152	-1428.66797	-298.94949	460.12357	-1085.79712										
60	0.590																									-138.46748	1178.26355	-1193.39136										-359.50333	1004.46863	-1160.20935				-321.20203	915.98785	-1424.79102	-302.16489	459.92032	-1082.30945										
61	0.600																									-142.76044	1177.54578	-1183.93860										-363.48535	1002.99103	-1158.01929				-322.48135	915.63129	-1420.29810	-305.15323	458.50702	-1078.07837										
62	0.610																-584.54590	1378.95569	-1323.39075							-147.38063	1176.71411	-1175.39063										-366.68756	1002.44690	-1152.40308				-323.60065	915.28522	-1415.15686	-309.24878	457.30923	-1073.90442										
63	0.620																-587.42999	1376.45862	-1316.65002							-151.03003	1174.27856	-1174.30640										-370.43756	1002.12085	-1147.32739				-324.95428	915.17358	-1410.81653	-312.25851	456.59940	-1070.70569										
64	0.630																-590.36530	1376.75928	-1316.89136							-155.55211	1172.24695	-1167.12537										-374.92236	999.87146	-1146.53601				-326.20679	914.57867	-1405.36328	-316.07980	456.36511	-1065.85327										
65	0.640																-593.24927	1375.17053	-1312.01501							-159.81827	1170.76257	-1158.02698										-378.75821	1000.24634	-1138.36536				-327.38708	914.28351	-1399.97974	-319.65903	454.99915	-1060.20813										
66	0.650																-596.10956	1373.65173	-1306.89258							-165.41931	1169.55396	-1150.21411										-383.28549	998.91174	-1133.32263				-328.56494	913.95331	-1394.81372	-322.30634	453.83749	-1056.08069										
67	0.660																-599.67804	1372.85193	-1301.97791							-171.32697	1168.39185	-1143.98535										-387.96414	996.96783	-1127.18774				-329.90988	913.24811	-1388.62634	-325.83896	451.96152	-1051.87573										
68	0.670																-602.19067	1371.99951	-1297.68689							-175.82721	1166.79919	-1133.94287										-392.34879	996.08435	-1121.41541				-331.07986	912.84845	-1382.60352	-329.74524	449.71603	-1045.96765										
69	0.680																-605.29419	1371.50562	-1292.92090							-181.56346	1164.38293	-1122.94971										-396.87997	994.22296	-1117.91187				-332.56989	912.55054	-1377.02856	-334.63959	449.27509	-1038.26221										
70	0.690																-607.99677	1370.82739	-1287.65955							-187.01131	1162.40869	-1120.43457										-401.73950	993.15454	-1112.98926				-333.96466	911.84259	-1370.29553	-338.95352	448.53839	-1031.54431										
71	0.700																-610.44275	1369.19336	-1279.64246							-192.15056	1161.40247	-1107.42590										-406.41629	991.01971	-1105.19446				-335.52496	910.86639	-1363.23132	-345.03522	447.26917	-1025.70667										
72	0.710	-447.44794	1423.72705	-985.28650													-613.27777	1369.61853	-1275.90735							-197.30727	1159.75183	-1096.97144										-412.08496	989.92993	-1099.04114				-337.20889	909.79370	-1356.04004	-350.55975	446.06058	-1017.59589										
73	0.720	-447.16705	1422.59131	-977.59558													-615.63721	1369.66309	-1271.55872							-203.54404	1156.07117	-1094.19080							-689.42523	811.98328	-1221.10120	-417.19736	988.25146	-1092.26892				-339.09555	909.12744	-1349.58447	-355.11160	444.73694	-1010.86176										
74	0.730	-448.58569	1420.52234	-972.52771													-618.64581	1369.35327	-1264.92419							-208.50562	1154.19653	-1082.66333							-695.69543	815.65540	-1212.31116	-422.00409	987.43103	-1088.72375				-341.02151	908.03271	-1342.43054	-361.50153	443.35446	-1001.14697										
75	0.740	-448.85388	1418.57227	-964.87274													-620.64087	1369.06775	-1259.48779							-213.99692	1153.05273	-1068.19263							-702.54236	817.45148	-1200.73230	-427.65399	986.74530	-1081.96021				-343.06036	907.13489	-1335.58215	-366.00037	442.49704	-994.78699										
76	0.750	-450.71704	1417.97522	-958.83899													-623.38300	1368.83887	-1252.76184							-220.01724	1149.50525	-1064.68103							-709.39276	819.24548	-1189.36829	-432.37433	983.75970	-1074.34668				-345.24152	906.23865	-1328.36938	-370.96576	440.38977	-988.52631										
77	0.760	-452.28955	1416.27478	-949.11249				-409.73087	1268.21777	-1079.34302							-625.88745	1368.77649	-1246.55286							-226.09041	1148.44202	-1053.93689							-716.00665	821.84418	-1180.26416	-436.61801	982.24060	-1065.41711				-347.53665	904.90424	-1320.20813	-376.82379	439.24271	-981.26453										
78	0.770	-453.58026	1414.94580	-944.22656				-361.91473	1213.39697	-1000.47998							-628.33203	1368.51660	-1239.71460							-230.75693	1145.41626	-1040.90576							-722.77496	823.96130	-1171.08020	-442.31445	980.66315	-1060.03210	-558.05695	938.93604	-1130.36560	-350.15540	903.80579	-1312.87134	-381.68893	437.49115	-972.68182										
79	0.780	-457.28235	1412.77588	-940.53571				-366.97122	1212.67554	-993.71869							-631.47369	1368.42053	-1232.00916							-236.43117	1142.41614	-1034.05286							-729.40338	825.79852	-1162.11096	-448.13416	978.76776	-1055.47168	-562.67273	938.30255	-1119.29321	-352.95419	902.48615	-1304.91992	-387.40781	435.48715	-965.19165				-505.01282	118.98070	-843.36877				
80	0.790	-457.13821	1412.61511	-929.14899	-342.56009	1401.55249	-1092.19373	-372.66736	1211.09912	-984.56927							-633.67352	1367.51575	-1223.38464							-242.37271	1139.60022	-1022.67639							-736.21741	827.80188	-1154.38013	-452.60617	978.19592	-1043.65515	-566.44965	938.85718	-1108.23743	-355.84702	901.36969	-1296.67151	-392.64877	433.07022	-959.59271				-507.90167	114.65305	-838.89063				
81	0.800	-459.97961	1411.09961	-921.64325	-345.79663	1398.87061	-1081.95764	-377.41177	1208.60046	-975.97009	-437.18607	1257.83862	-1053.10242	-538.31720	1276.32349	-1099.38599	-636.31891	1368.33008	-1218.19299							-247.46283	1136.22595	-1012.77039							-744.02826	827.30939	-1141.23975	-458.26642	975.23785	-1039.56714	-571.75616	936.59912	-1102.13745	-359.13394	899.85120	-1287.95483	-396.98026	430.70288	-952.71631				-509.17715	111.12849	-837.72656				
82	0.810	-459.98792	1410.90381	-910.96014	-348.93924	1397.61597	-1076.12622	-382.16388	1206.12939	-968.28503							-639.30029	1367.74402	-1208.82263							-252.21150	1133.65601	-1002.11877							-749.63226	829.22070	-1135.89929	-463.84344	974.36462	-1032.24280	-577.16827	935.59125	-1095.06555	-362.65515	899.42554	-1280.76453	-401.85873	429.24503	-945.15942				-512.09454	105.22703	-834.08148				
83	0.820	-462.71231	1410.39453	-902.31622	-351.53000	1395.87439	-1068.60779	-386.08066	1203.94812	-958.91656							-641.85419	1367.92102	-1203.41101							-258.18942	1130.75305	-994.08398							-755.81885	830.52393	-1128.32178	-469.97510	971.83112	-1027.37805	-582.22937	934.28510	-1087.92566	-366.36096	897.68512	-1271.08386	-406.17532	425.18973	-937.90497				-519.37109	98.06565	-828.66321				
84	0.830	-466.65021	1408.99890	-897.98376	-354.94031	1393.02478	-1055.94824	-392.71042	1203.99158	-950.78754							-644.59833	1368.56165	-1195.62732							-263.19452	1128.78723	-985.58301							-762.40802	831.77368	-1121.18628	-474.92078	971.24420	-1015.53430	-587.07092	932.88910	-1081.06018	-370.08762	897.68372	-1263.90576	-410.28882	422.21317	-931.56580				-519.36230	94.58090	-828.17706				
85	0.840	-466.66306	1408.45508	-885.32397	-357.63748	1392.08423	-1048.73596	-397.28143	1201.65906	-941.41425	-466.25668	1291.44080	-967.11932	-518.16522	1285.63110	-1036.87866	-647.80121	1369.15430	-1187.67957	-488.76923	1235.63391	-1055.53699				-268.07684	1126.86719	-973.70343	-685.71704	824.74908	-1021.69843				-768.70270	831.79785	-1111.39758	-480.18820	970.81464	-1007.94977	-591.79834	932.80591	-1073.42920	-373.72430	897.09894	-1254.58276	-413.42676	421.33820	-926.98138	-523.00275	1298.79797	-989.78833	-521.44617	90.58025	-826.43982				
86	0.850	-469.70255	1408.28894	-876.92365	-360.35461	1391.30176	-1040.98108										-650.53088	1369.48938	-1179.71887							-273.25589	1124.52429	-965.74689							-774.95984	833.21582	-1104.37476	-485.77298	968.88593	-1000.88641	-597.17889	931.95367	-1064.97852	-377.52759	896.80200	-1245.23474	-416.59637	420.93738	-922.12378				-515.34247	93.16495	-832.16168				
87	0.860	-474.99081	1407.75171	-869.63208	-364.18723	1390.23645	-1029.78296										-653.89136	1370.86841	-1171.82678				-470.23438	1378.87097	-1209.14124	-279.07623	1121.74805	-958.53632							-780.69446	834.87860	-1097.65222	-490.19937	969.83801	-991.45648	-601.76410	932.60376	-1057.25488	-383.07114	895.05548	-1231.96387	-419.96072	421.28394	-912.90167				-517.73706	90.62786	-832.81787				
88	0.870	-478.26627	1407.39783	-863.21350	-367.37463	1390.47253	-1022.16211										-656.87872	1372.37878	-1162.72290				-473.39810	1379.97266	-1200.32300	-282.61594	1122.01929	-946.37494							-787.62195	834.95905	-1087.03589	-494.37360	970.98853	-981.89087	-605.72095	932.88849	-1048.51208	-387.49805	896.08936	-1222.17480	-423.44980	423.60556	-909.08734				-519.56927	89.71256	-832.42499				
89	0.880	-481.87082	1407.30444	-855.74298	-370.49664	1391.33618	-1015.64032	-599.55396	1481.29614	-908.56683	-489.65891	1266.26477	-997.28064	-508.94681	1264.06836	-984.71252	-660.45361	1374.82825	-1154.24707	-568.77783	1270.47791	-1034.41833	-476.87198	1381.25830	-1191.99280	-287.80515	1121.67517	-939.17365				-415.67877	1196.64233	-905.31873	-793.44006	836.98798	-1080.22363	-498.99741	972.25262	-974.45178	-610.17426	934.50531	-1039.56396	-392.02603	897.09888	-1213.47766	-428.15765	425.19064	-902.13464	-716.01099	759.46222	-911.63733	-520.31097	87.29276	-831.67981				
90	0.890	-484.37848	1407.54492	-844.98218	-373.99643	1391.74841	-1005.01135										-664.10687	1377.34668	-1145.63135				-480.27933	1383.12268	-1183.60486	-291.57346	1123.16040	-931.39063							-799.02228	839.39349	-1073.74280	-503.65900	974.22345	-964.46863	-614.64520	936.43896	-1031.09790	-396.80728	899.16583	-1206.00256	-433.27094	427.04108	-897.48730				-521.26398	85.49919	-831.87555				
91	0.900	-488.81265	1408.04932	-837.16028	-377.50827	1393.61121	-996.59943										-667.69971	1380.10559	-1137.25244				-483.70395	1385.26343	-1175.40918	-296.62512	1124.55420	-922.55029							-804.46454	841.80835	-1066.77087	-507.52350	977.39594	-956.01221	-618.26288	938.62305	-1021.96649	-401.13815	900.89160	-1197.88354	-438.05383	428.64517	-890.99969	-538.76727	1060.03711	-1429.62866	-521.90198	84.54241	-832.08978	-561.06226	482.21255	-1299.44324	
92	0.910				-380.93289	1395.56885	-988.55676							-428.27188	1200.15723	-878.05573	-670.75061	1383.00354	-1128.98743				-487.17337	1387.25024	-1166.98767	-301.03693	1126.03308	-915.45044							-809.72980	844.87299	-1060.98218	-511.21280	981.05414	-947.79877	-621.91510	940.73254	-1013.70355	-406.23392	902.62347	-1189.57642	-441.86591	429.24881	-884.66827				-521.84717	84.11746	-832.37512				
93	0.920	-548.50543	1536.54224	-612.66077	-384.87711	1398.24426	-980.85406	-317.67084	1352.23950	-797.70117				-432.69266	1202.51465	-869.60712	-673.86847	1385.61206	-1120.39746	-526.37823	1271.89905	-947.24664	-490.41910	1389.76477	-1158.53625	-303.72568	1127.79321	-906.76605	-744.48303	834.19348	-959.59009				-815.18005	847.66980	-1054.27454	-515.27380	983.46204	-938.38806	-626.02759	944.41254	-1004.82294	-411.33334	903.87842	-1180.17029	-447.31992	429.99847	-877.59021	-801.56818	830.30933	-924.73889	-522.29657	82.87335	-832.29364	-339.69174	320.13135	-774.02484	
94	0.930	-551.78656	1539.30579	-603.01776	-388.55899	1400.65759	-971.74097							-436.58545	1205.73120	-863.11469	-676.67706	1388.49670	-1112.30835				-493.68253	1391.76672	-1150.16113	-307.65604	1130.60046	-900.79492							-820.46460	850.72321	-1048.56030	-519.94122	986.14508	-930.71069	-630.90369	948.35260	-997.00482	-415.41992	906.40674	-1173.21497	-451.29636	430.59125	-871.15240				-522.09076	82.26344	-831.70837				
95	0.940	-555.04999	1541.36243	-591.78802	-392.12619	1402.35022	-962.73145							-439.53693	1210.16382	-855.13831	-679.95441	1391.49780	-1105.29639				-496.79379	1393.92017	-1142.41638	-311.45056	1132.85278	-893.13165	-768.34534	1070.05286	-1165.43237				-825.83270	853.76007	-1042.45630	-524.64606	989.61957	-924.09436	-635.00159	951.24847	-989.56213	-418.80624	908.60779	-1165.90466	-455.00571	431.38904	-864.49432	-580.73834	494.15601	-1260.31824	-520.92767	81.79063	-831.39258				
96	0.950	-558.25415	1543.54553	-582.07098	-396.20163	1405.23804	-955.98077							-440.90494	1212.26953	-846.48480	-682.48987	1394.14722	-1097.41663				-499.76852	1395.70947	-1133.69934	-315.57678	1134.33093	-886.56158	-771.81415	1073.97754	-1159.35620				-831.10278	857.17786	-1037.12329	-528.77185	992.51978	-914.32733	-639.33667	953.81146	-982.76526	-422.59158	909.77203	-1155.87390	-458.57147	432.01550	-858.89813				-520.64746	79.62073	-831.19629				
97	0.960				-399.75278	1407.47668	-947.58453				-634.34332	1492.32214	-845.08386	-444.06735	1214.11658	-838.34222	-685.78796	1396.69763	-1090.31165	-456.27945	1255.43982	-900.36237	-502.46817	1397.64197	-1125.40869	-319.75095	1137.13208	-879.94958							-836.63123	860.16949	-1031.55310	-534.76953	993.72278	-907.47833	-644.40192	956.69922	-975.91919	-424.34515	914.56146	-1153.53137	-462.18597	432.97086	-852.78894	-833.06696	834.79407	-907.50555	-519.74701	79.61629	-830.92828	-347.15576	350.52890	-746.44922	
98	0.970				-403.29852	1409.27039	-938.72607				-638.86090	1493.82629	-838.46771	-446.73380	1217.07642	-829.99298	-688.22064	1399.18286	-1083.77234				-505.04147	1399.01965	-1117.94727	-322.08051	1138.93213	-871.39703	-778.16205	1079.47363	-1137.79468				-842.10339	863.08618	-1025.98755	-538.53595	995.48645	-897.67328	-648.14844	958.54163	-969.35956	-432.76517	910.48969	-1141.49683	-464.82504	434.09711	-845.86853				-517.98090	79.51804	-830.51477				
99	0.980				-407.21399	1411.27576	-929.65576				-639.88037	1493.40967	-830.09613	-450.67776	1219.62451	-822.88379	-691.18488	1400.98767	-1076.73718				-507.76541	1400.29895	-1109.37988	-324.66434	1141.48560	-865.15814	-781.21692	1082.05676	-1131.17590				-847.72528	865.66138	-1021.18304	-544.58423	996.34216	-892.79071	-653.25995	960.58716	-963.30219	-434.33762	912.39716	-1134.08472	-467.51025	434.64288	-840.04108				-517.55157	78.53899	-830.12274				
100	0.990				-410.80899	1413.00647	-921.00391				-646.99512	1496.80920	-823.95160	-450.91061	1221.05359	-814.34601	-694.34320	1402.86584	-1070.15857				-510.26312	1401.21655	-1101.05762	-327.63354	1143.41467	-856.34326	-784.30798	1083.73157	-1124.35693				-852.93683	867.79913	-1016.34271	-549.87854	997.40259	-886.30603	-658.29254	962.27307	-957.87427	-436.82471	913.46881	-1125.48303	-469.36212	434.83081	-834.80682				-516.19464	78.12266	-829.66864				
101	1.000	-581.48273	1321.51782	-872.62079	-414.50348	1414.35071	-914.75360	-483.17285	1281.86658	-862.34686	-648.05609	1496.83545	-815.21698	-454.49753	1222.21936	-806.16003	-697.65009	1404.75085	-1063.44250	-590.31384	1289.70837	-934.11261	-513.21155	1402.87866	-1093.26294	-330.67548	1145.49890	-848.77417	-786.82971	1085.51917	-1117.66748				-858.72638	870.00476	-1012.70520	-554.87958	998.78992	-877.75092	-662.74518	963.98334	-951.36096	-440.83884	914.48969	-1114.60767	-471.54630	434.71121	-828.61206	-855.59930	837.86810	-892.57147	-515.72717	77.10112	-829.09070				
102	1.010				-418.24713	1416.36646	-907.07635				-655.19415	1499.84509	-808.94879	-459.14093	1224.14282	-798.35730	-701.00159	1406.06885	-1056.86304	-592.16010	1289.87976	-926.70270	-516.19971	1404.62415	-1085.37085	-333.44312	1146.12610	-840.61871	-789.42389	1086.69873	-1112.09460				-863.39044	871.86572	-1008.56506	-560.92047	998.28345	-871.77521	-667.06671	965.44867	-945.33099	-442.95154	915.65179	-1106.81787	-472.62122	434.77725	-825.08807				-507.84167	81.72639	-826.90106				
103	1.020				-421.71036	1417.27429	-897.44537				-659.58911	1500.65161	-801.55542	-461.86240	1224.23889	-789.71082	-702.95996	1407.87317	-1051.10547	-595.82513	1291.29773	-919.84906	-518.63086	1406.29565	-1078.72144	-336.16599	1147.83862	-831.45917	-791.57355	1088.54504	-1107.12415				-868.26715	872.97681	-1005.63446	-565.40778	998.89545	-862.34540	-671.21826	967.43036	-939.10980	-445.32797	917.12531	-1099.31079	-472.86359	434.21646	-819.87408				-513.33160	75.61674	-829.03412				
104	1.030				-425.28571	1418.58765	-889.78345				-661.53882	1500.56714	-793.87976				-705.97534	1409.13281	-1044.45789	-600.78790	1293.59680	-913.17181	-521.69000	1408.31799	-1071.06213	-340.13843	1149.33472	-826.39240	-794.07092	1089.56421	-1101.83740				-872.57581	874.52411	-1002.07263	-570.58038	999.61786	-857.69086	-676.22186	969.26703	-932.98743	-449.76605	917.38141	-1090.20227	-474.30002	433.52686	-815.69550	-588.30023	1085.63892	-1339.56274	-511.94852	75.59375	-828.24817				
105	1.040	-554.52716	1336.43311	-855.77179	-429.37643	1420.52173	-881.53796	-478.95111	1287.07288	-821.31720	-668.36713	1502.60132	-787.64117	-579.45020	1326.57849	-831.47754	-708.97827	1410.46399	-1038.46655	-603.86560	1294.59387	-906.95660	-524.50958	1409.43616	-1063.20740	-343.29526	1150.06201	-817.82288	-796.45056	1091.02295	-1097.28528				-877.12677	875.76160	-999.09058	-574.95978	1000.99255	-849.84674	-679.47516	969.89777	-926.35522	-451.84488	919.36774	-1084.68030	-472.77484	434.66013	-809.93573	-589.04834	1086.24353	-1336.74121	-511.58719	73.71224	-827.97705	-870.59937	840.29303	-878.17871	
106	1.050				-432.09882	1421.49670	-874.69659				-671.68933	1502.02625	-780.05487				-711.83679	1411.76697	-1031.64404	-603.17175	1294.56567	-901.95380	-526.53174	1409.61902	-1054.92285	-346.67719	1151.48926	-809.35370	-799.07526	1092.32959	-1092.97925				-880.30865	875.69446	-996.41028	-578.41895	1003.07990	-841.07440	-683.75806	971.55737	-920.14307	-456.65115	920.18414	-1076.38342	-472.11069	434.70840	-806.98969	-595.84003	1087.09583	-1328.60510	-510.05157	74.09668	-827.72809				
107	1.060				-436.19202	1422.57336	-866.48590				-675.16400	1502.27588	-772.87292				-714.77179	1413.02307	-1025.35693	-612.23804	1297.40784	-893.08160	-530.01154	1412.38818	-1048.75317	-350.18423	1151.99133	-800.50946	-801.66766	1093.55444	-1088.14038				-884.05951	877.42651	-994.46570	-583.09015	1003.47528	-836.66174	-687.06598	972.73596	-913.66455	-460.58524	920.57263	-1068.47656	-472.89722	434.46371	-803.34100	-600.25427	1086.81494	-1323.91321	-508.32687	73.78175	-827.28790				
108	1.070				-439.89810	1423.00818	-857.61890				-679.12695	1502.40735	-766.24200				-717.82220	1414.20691	-1018.78583	-617.21033	1298.78638	-886.77057	-532.81104	1412.66772	-1040.50781	-353.21906	1152.80994	-794.07446	-804.20831	1095.11072	-1084.64026				-887.88879	877.64471	-992.14832	-586.55054	1003.97083	-826.64008	-690.42603	974.21259	-906.37823	-464.46005	921.75360	-1062.27612	-472.59106	433.89175	-799.36823	-604.51587	1088.55396	-1315.61133	-507.33841	72.99331	-826.90106				
109	1.080	-559.18604	1340.30444	-822.59888	-443.35733	1423.53845	-849.62665	-459.61319	1277.79321	-779.33264	-685.06030	1502.56372	-759.90649	-584.48163	1328.71667	-797.51978	-720.76660	1415.65906	-1012.59149	-615.58118	1297.61389	-880.93488	-535.86304	1414.95618	-1034.53455	-356.07761	1154.66675	-786.19165	-806.82611	1096.19434	-1080.41479				-891.01123	878.06299	-989.97266	-590.63770	1004.88214	-823.24139	-694.84137	976.01312	-899.97791	-467.27631	922.58319	-1056.82397	-471.17502	433.44345	-796.92859	-609.91486	1087.88342	-1309.84009	-505.90604	72.86132	-826.44226	-876.50616	836.68066	-867.99316	
110	1.090				-447.53650	1424.89783	-842.35590				-688.61218	1502.17615	-752.69482				-723.91248	1416.69165	-1005.58636	-618.99255	1298.65039	-873.73779	-538.92731	1415.90906	-1026.88306	-359.88672	1155.31299	-777.23718	-809.38257	1097.55481	-1076.50110				-894.30377	877.70056	-987.36407	-592.97565	1005.83557	-817.80176	-697.76422	977.32904	-892.20502	-471.83078	923.65735	-1052.03418	-471.32938	433.79611	-794.91333	-615.66125	1089.17725	-1302.80273	-503.92734	72.92862	-825.53619				
111	1.100				-450.86823	1425.75659	-836.45111				-694.88696	1502.88965	-746.36243				-727.15070	1417.74133	-999.15594	-623.75763	1299.78589	-867.60492	-542.01764	1416.97559	-1019.57806	-363.89127	1155.43408	-769.53046	-812.02704	1098.82031	-1072.55310				-897.15247	878.49530	-986.92035	-594.87543	1008.28027	-807.91101	-700.96387	978.95648	-884.73651	-476.65213	925.14893	-1045.00000	-469.21954	434.29709	-791.95618	-619.83600	1089.83875	-1297.48816	-501.09369	73.27600	-824.21448				
112	1.110				-454.58743	1425.89111	-825.07281				-699.21619	1502.94055	-739.86652	-494.00165	1230.01624	-721.76965	-730.50586	1418.59473	-991.88147	-631.32147	1301.88477	-859.11255	-545.27155	1418.01196	-1012.29871	-366.75479	1156.93286	-763.37256	-814.35590	1099.98987	-1067.77698				-900.10834	878.32727	-984.83313	-597.63251	1009.74219	-800.46716	-703.40485	979.82306	-876.98114	-482.17645	925.17175	-1039.17090	-466.80505	433.76447	-789.02991	-692.10175	510.91858	-1010.88202	-500.33957	73.76818	-823.54181				
113	1.120	-594.26361	1355.05237	-741.22137	-458.25668	1426.56934	-820.22931	-534.29205	1303.10132	-753.68658	-703.76074	1502.52856	-732.68622	-495.63779	1229.34021	-713.29468	-733.84747	1419.68506	-985.00818	-631.36011	1301.79724	-854.15784	-548.58777	1419.05933	-1004.76526	-369.85187	1157.81409	-756.02875	-816.98798	1100.91785	-1063.47693				-902.02649	877.77594	-983.30591	-599.64386	1010.80756	-791.83148	-706.37073	981.31512	-869.73926	-486.36191	926.02246	-1034.07031	-465.58917	433.21979	-787.14484	-702.60852	513.42242	-993.43585	-495.46411	76.70737	-821.86255	-500.08530	408.80975	-731.64221	
114	1.130				-462.45700	1427.88757	-812.66119				-707.90839	1502.11169	-725.94751	-500.44363	1231.05005	-708.07062	-737.23700	1420.88086	-978.49042	-638.05023	1302.63037	-844.61188	-552.00812	1419.94287	-997.36945	-373.82956	1157.24512	-750.58826	-819.48242	1102.28442	-1059.05579				-905.12653	877.53528	-981.90497	-603.25311	1011.37677	-786.50177	-710.48303	982.73773	-863.08923	-490.92441	926.03174	-1028.05029	-464.43048	432.76718	-785.10602	-713.74622	516.14069	-977.07031	-494.33475	75.09389	-821.14612				
115	1.140				-466.24017	1427.17517	-801.71948				-711.83270	1501.77246	-719.07233	-504.18674	1229.55957	-699.98993	-740.68304	1421.93445	-971.65259	-643.76837	1303.85510	-838.34521	-555.41388	1420.74402	-989.77850	-376.61438	1159.44995	-741.71234	-822.20557	1103.06921	-1054.04346				-907.48712	877.09857	-980.48065	-606.48645	1011.40637	-782.06348	-714.18347	983.56866	-855.34509	-495.64166	926.81360	-1021.98511	-462.64844	432.25540	-782.30768	-725.07379	518.26257	-959.75427	-493.58105	75.38728	-820.63000				
116	1.150				-470.18951	1428.22998	-796.89563				-716.25116	1501.39624	-712.25665	-508.71521	1231.59778	-694.34601	-744.32324	1422.57300	-964.27637	-647.53607	1304.24902	-831.12463	-558.93390	1421.53088	-983.23907	-380.96448	1159.46655	-735.22028	-824.97559	1103.84363	-1049.42700				-909.63544	876.59155	-978.98486	-609.44800	1011.84558	-774.13818	-717.28247	984.56549	-848.27515	-500.35425	927.79144	-1017.35638	-460.95154	431.52438	-781.65076	-736.16754	521.69171	-944.10822	-491.70901	74.95663	-818.71240				
117	1.160				-510.19327	1308.00415	-733.06842				-720.25201	1500.94592	-705.42126	-511.84665	1231.03577	-686.62830	-747.93561	1423.41626	-957.58856	-650.59790	1303.01794	-823.26941	-562.47241	1422.13293	-975.55518	-385.44577	1159.71582	-729.62457	-827.76111	1104.85266	-1044.74890	-528.35443	1305.45703	-718.69379	-911.20575	875.71851	-977.85376	-612.54938	1011.76227	-765.80872	-720.22437	984.31049	-841.62622	-505.69403	927.75354	-1010.59552	-459.02548	430.78992	-779.58368	-747.76166	524.08160	-927.40314	-490.95578	75.25001	-818.19684	-837.25977	772.78693	-839.66156	
118	1.170										-724.65881	1500.63220	-698.26123	-514.10352	1230.52075	-680.02106	-751.70319	1423.96924	-950.18292	-653.99359	1302.77673	-815.86053	-566.35284	1422.24243	-967.66650	-388.09943	1159.68530	-722.88013	-830.58942	1105.62732	-1039.85449				-912.36963	874.86694	-976.53986	-614.86548	1012.47742	-760.37903	-723.35480	985.06354	-835.24268	-510.13867	928.08801	-1005.64392	-458.18912	430.93658	-778.96075	-759.36859	526.91174	-911.62317	-488.29401	74.96249	-817.78357				
119	1.180				-482.25839	1427.60681	-772.52350				-728.73779	1501.04309	-691.88757	-517.07147	1230.98547	-672.38336	-755.54364	1424.42737	-943.14508	-658.25385	1303.22546	-809.52570	-570.20245	1422.60181	-960.24573	-391.58310	1159.20569	-718.09491	-833.43640	1106.13867	-1034.28650				-913.89398	873.17535	-974.62329	-618.82922	1012.24561	-751.67224	-727.65594	984.98547	-829.34833	-514.34650	927.80469	-999.36945	-457.30719	431.09756	-776.49695	-770.67365	530.89410	-896.97821	-485.37033	75.98024	-815.90002				
120	1.190				-485.84882	1427.11572	-765.23590				-732.86926	1501.16321	-684.66266	-521.20416	1229.42090	-664.48138	-759.52899	1424.66077	-935.77075	-660.59900	1302.39502	-802.30646	-574.03937	1423.03027	-952.62524	-394.43311	1159.06348	-709.41284	-836.32312	1106.61621	-1029.29602				-915.91217	872.10114	-973.04120	-623.04065	1010.94598	-749.28143	-730.89410	984.76373	-823.15503	-517.86841	928.28510	-993.22083	-456.65836	430.80695	-776.06134	-781.91644	534.35840	-882.93555	-485.20950	75.25703	-815.02759				
121	1.200	-654.47705	1396.47363	-702.10669	-490.08435	1426.88501	-758.00879	-467.64249	1290.64636	-686.65955	-737.21533	1500.93384	-677.12970	-515.45935	1305.13647	-680.83844	-763.62177	1424.75916	-927.91345	-664.10828	1302.26721	-795.13239	-578.11383	1423.28210	-945.23413	-397.79770	1158.30469	-703.18793	-839.25519	1106.72180	-1023.96716				-916.95984	870.73102	-972.45325	-627.19250	1010.97113	-744.24042	-735.44061	985.11493	-817.37201	-521.62579	928.15607	-987.53723	-455.94055	430.42661	-775.33270	-792.54340	538.02411	-868.82959	-485.99844	73.86517	-813.40686				
122	1.210				-494.15042	1426.04614	-749.67438				-741.10333	1500.65588	-670.06641				-767.79987	1424.82776	-920.69318	-669.16919	1301.71753	-788.14301	-582.32532	1423.23279	-938.06378	-401.96262	1156.72314	-699.41718	-842.14893	1106.84473	-1018.88660				-918.17480	869.15295	-970.40790	-629.44525	1010.75183	-733.62488	-739.02924	983.99652	-811.09857				-455.80612	430.26501	-774.75513	-802.29419	542.27069	-856.82690	-484.87070	74.30507	-812.63544				
123	1.220				-498.05014	1426.38000	-745.78052				-745.41785	1500.53210	-662.56641				-772.11737	1424.50403	-913.05829	-672.74652	1301.45886	-781.62225	-586.61926	1423.14575	-930.89014	-405.77240	1156.29749	-694.63031	-844.97174	1106.85315	-1013.81195				-919.03448	866.95007	-969.46594	-634.38928	1010.61945	-729.42926	-742.84552	984.02588	-805.21680	-529.92096	928.22192	-975.69800	-455.65210	430.49628	-773.85150	-811.56824	545.15564	-843.30450	-483.98260	74.05930	-811.28174	-779.07147	185.58165	-953.57959	
124	1.230				-502.13141	1424.78589	-735.38940				-749.29010	1500.20215	-654.70587				-776.50079	1424.23755	-905.39813	-675.99475	1301.16370	-774.41241	-590.86212	1423.28894	-923.50146	-409.01599	1154.48022	-689.44611	-847.82654	1106.70801	-1008.53131				-920.14191	865.13672	-968.03735	-638.94202	1009.27704	-726.85944	-746.09619	983.19830	-799.22351	-533.89954	928.22589	-969.09186	-456.26163	430.58878	-772.88440	-820.44836	548.91449	-832.43311	-482.12048	75.07539	-809.90460	-792.22131	180.32419	-933.23138	
125	1.240	-569.65051	1335.18079	-639.27112	-529.05151	1313.73169	-650.64819	-532.82172	1222.64636	-631.27588	-753.57214	1499.97742	-647.03241	-539.09485	1336.07861	-641.35406	-781.04980	1423.73218	-897.73285	-680.20825	1299.88306	-767.43024	-595.48840	1422.82129	-916.04816	-412.27118	1153.42859	-680.72241	-850.79828	1105.96167	-1002.67255				-921.53778	863.90540	-966.83203	-641.67346	1007.88818	-717.43414	-750.65686	982.57440	-793.34637	-537.19025	928.55151	-964.67468	-456.62347	430.30432	-770.99890	-828.99084	552.43835	-821.68927	-480.74677	74.75729	-809.18073	-804.06421	173.74875	-911.43518	
126	1.250										-757.48785	1499.80420	-639.54785	-510.01126	1423.37012	-721.58905	-785.70221	1422.98767	-889.92670	-685.56384	1297.10486	-768.82813	-599.88605	1422.86548	-908.79327	-416.91165	1152.83545	-674.54065	-853.95709	1105.09827	-996.43518				-922.38440	861.08698	-965.01080	-645.37122	1007.17419	-713.61719	-755.55786	982.23511	-787.69244	-541.53455	928.81042	-958.35876	-457.17740	430.36972	-770.16107	-837.30756	555.62408	-812.04291	-482.92310	73.39898	-808.52600	-816.44421	167.08989	-889.60254	
127	1.260				-540.67621	1219.04578	-616.39911				-761.61896	1498.94043	-631.61346	-513.63580	1422.64966	-715.34222	-790.35028	1422.32617	-882.20953	-688.98328	1296.82556	-758.89801	-604.67267	1422.31409	-901.30127	-419.78732	1151.14417	-667.14319	-856.92438	1104.68481	-990.53424				-923.58313	859.97229	-963.88501	-650.01703	1006.93866	-707.58740	-758.58582	981.17456	-780.66370	-544.94427	928.44562	-953.09717	-458.33865	430.55331	-768.14453	-844.99243	557.74585	-802.09778	-484.48172	72.37982	-805.14539	-829.28589	161.47421	-867.65753	
128	1.270				-542.71185	1217.05444	-612.05225				-765.81079	1498.24548	-624.15863	-517.46082	1421.53687	-708.04584	-795.04364	1421.38171	-874.30164	-691.91193	1295.12708	-752.18640	-609.51465	1421.67590	-893.97650	-423.30167	1150.59180	-660.25684	-860.23468	1103.51624	-984.44049				-924.53784	857.51587	-962.06061	-653.53387	1005.73694	-699.77264	-761.95221	979.75732	-774.01074	-549.50720	927.87921	-946.80463	-458.80493	430.08374	-767.49359	-851.81519	559.72638	-794.00629	-484.79474	72.22052	-805.20984	-842.15692	154.66742	-845.59656	
129	1.280	-572.79224	1350.34216	-609.59253	-561.18536	1325.18811	-602.45007				-770.21039	1497.36279	-616.42920	-521.79620	1420.63806	-700.53204	-799.79852	1420.43518	-866.25867	-697.00708	1293.69348	-745.12042	-614.25952	1421.29333	-887.10938	-427.15741	1149.28931	-653.01569	-863.43951	1102.46838	-977.56433	-529.11060	1308.87134	-619.71881	-925.25018	855.35638	-960.81598	-656.71594	1004.22528	-692.09503	-765.98511	979.41718	-767.49792	-554.13184	927.76630	-941.03058	-461.10046	429.80582	-763.70428	-858.05005	560.29456	-786.33563	-484.20499	71.85154	-804.61804	-853.56122	147.55762	-820.81952	
130	1.290										-773.85974	1496.46643	-609.06287	-525.58081	1420.23438	-696.01825	-804.65741	1419.36633	-858.36725	-701.04333	1293.39343	-739.01080	-619.25195	1420.44373	-879.47968	-433.94742	1148.65308	-641.39844	-866.82349	1101.32715	-971.54590	-551.49091	1212.96777	-596.62921	-926.26575	853.84265	-958.79205	-659.78979	1003.09692	-684.35828	-770.03302	978.90674	-760.53137	-559.06714	926.70905	-933.40820	-462.64771	429.01843	-762.48303	-863.44733	559.58185	-778.94763	-484.35165	72.65387	-804.17371	-865.32117	140.51030	-796.85248	
131	1.300										-778.25232	1494.89868	-601.01031	-529.34454	1418.41626	-687.21863	-809.62097	1418.17969	-849.98364	-704.48090	1293.49158	-723.92560	-624.31909	1419.45972	-871.96124	-436.38351	1145.02441	-650.62939	-870.07831	1100.37878	-965.30499	-552.45508	1210.01306	-589.43585	-928.30212	852.02423	-957.31512	-663.90631	1001.34076	-682.16803	-773.14050	977.40552	-752.53394	-562.52118	926.90863	-928.41150	-464.70743	428.12842	-760.47803	-867.87317	558.41986	-773.44104	-484.27103	72.92047	-803.74738	-879.34241	135.82845	-771.37354	
132	1.310										-782.24762	1493.34692	-592.91125	-533.55548	1417.83704	-681.87567	-814.75439	1416.72913	-842.15186	-707.91882	1292.81116	-716.50348	-629.31274	1418.78723	-864.64758	-440.12399	1142.56128	-644.39746	-873.61261	1099.32605	-959.06024	-554.81995	1209.29468	-584.58600	-930.24481	850.83777	-955.32794	-668.02869	1001.28418	-672.89319	-777.61987	977.14728	-745.61224	-567.83417	926.46716	-922.60840	-467.11752	427.59821	-756.48706	-872.79810	557.47931	-769.63910	-487.33487	71.25628	-801.31256	-890.41138	130.16389	-745.76337	
133	1.320	-576.60400	1346.14185	-579.73169	-677.60907	1658.35132	-696.06628				-786.40466	1492.04089	-585.49438	-537.34393	1416.00391	-673.24304	-819.75861	1415.56567	-834.19025	-712.99786	1291.41272	-708.85150	-634.44073	1418.03040	-857.98871	-445.42706	1140.83496	-641.62317	-877.14429	1098.37549	-952.98071	-559.39966	1206.35559	-576.24597	-931.68329	848.75757	-952.98987	-671.25714	999.46838	-666.05103	-782.05408	975.41376	-737.75049	-573.61719	924.80469	-916.54126	-469.30215	427.82703	-753.23138	-875.17993	554.11969	-765.11871	-487.93683	71.34380	-801.31055	-816.55286	572.46826	-862.36975	
134	1.330				-682.17920	1657.09900	-688.35236				-790.59241	1489.94861	-577.20453	-541.04590	1415.04993	-668.05432	-824.99066	1414.23975	-825.56671	-716.56866	1290.21069	-702.51941	-639.70581	1417.06567	-850.47113	-448.87100	1139.24670	-636.42041	-881.02051	1097.33081	-946.33838	-563.13306	1205.63354	-576.07068	-933.88715	847.20911	-950.88849	-673.98041	999.04187	-657.54962	-785.90680	975.22351	-729.37494	-578.57239	924.19897	-909.94476	-471.80368	426.78540	-749.68945	-877.04175	549.66357	-760.29669	-488.80685	70.85463	-800.46948				
135	1.340				-686.83881	1655.79626	-680.69293				-794.82831	1488.35339	-569.71484	-545.88232	1414.12329	-661.22931	-830.23608	1412.77576	-817.18976	-720.11444	1288.40710	-694.54913	-644.98907	1415.93823	-843.10046	-452.75446	1137.30811	-630.74219	-885.44556	1096.19421	-940.34851				-936.07996	846.04724	-948.83691	-677.31946	997.25281	-651.39313	-789.48267	973.16473	-720.85352	-584.37378	922.80768	-902.85553	-474.65897	425.83740	-746.39954	-878.67737	544.70514	-756.22137	-490.10019	70.45354	-799.97131				
136	1.350				-691.50806	1654.47607	-673.04987	-580.27020	1541.04468	-604.75397	-799.14563	1486.45459	-562.19830	-549.59283	1413.06323	-656.41809	-835.51019	1411.30920	-809.22595	-724.53705	1287.31311	-687.11652	-650.37653	1414.89331	-836.61365	-456.92340	1136.01428	-626.33051	-889.92072	1095.60938	-934.62860	-569.00757	1202.15515	-555.94910	-937.82281	844.54474	-946.02533	-681.03870	997.04816	-644.13232	-793.37720	972.58331	-713.02423	-589.60797	921.75159	-896.52332	-478.30084	425.33743	-743.21014	-879.66406	539.37616	-752.08118	-490.90707	70.80743	-799.17987				
137	1.360				-696.27563	1652.88782	-664.59222	-584.40442	1538.98364	-595.49585	-802.98950	1484.36633	-554.53125	-553.61511	1410.86328	-647.35260	-840.86542	1409.93237	-801.02704	-729.49011	1286.15967	-679.36261	-655.91803	1413.60315	-829.50830	-461.18726	1133.88831	-619.77960	-894.63464	1094.44678	-928.47888	-542.61102	1294.39783	-560.71912	-941.11462	843.85724	-943.06116	-685.00507	996.48065	-636.46661	-797.93976	970.41107	-704.37921	-595.05481	920.29950	-890.38348	-480.13507	425.92834	-738.47705	-879.85358	534.17065	-747.71362	-492.18909	70.88055	-798.01672	-945.64594	1091.48450	-886.47272	
138	1.370				-701.04834	1651.62439	-657.46960	-588.99841	1538.18506	-589.75970	-807.64917	1482.50208	-547.44336	-557.60748	1409.42249	-641.38269	-846.34753	1408.45496	-792.28882	-733.29852	1284.57458	-672.04657	-661.54279	1412.17871	-822.45612	-464.36124	1132.74963	-613.56262	-899.30646	1093.56189	-922.75250	-574.30115	1198.49670	-541.49835	-943.32672	842.31360	-940.04462	-688.26318	994.65918	-628.05347	-801.98981	969.74042	-695.14172	-600.88281	918.53827	-883.57483	-483.32953	425.25479	-733.74780	-879.88922	528.50555	-743.04285	-492.01761	71.19531	-797.26678	-966.81415	128.05431	-599.26465	
139	1.380	-706.44177	1394.01099	-480.97229	-705.77753	1650.31543	-649.65869	-593.47809	1536.79858	-582.35120	-811.28979	1480.66235	-540.06580	-562.13483	1408.59009	-636.77881	-851.90466	1406.95667	-784.31030	-738.03387	1283.14441	-664.47638	-667.18640	1410.76343	-816.07196	-469.64841	1131.31335	-611.51392	-904.03064	1092.71204	-917.29437	-576.54242	1196.67383	-537.70813	-946.72479	841.71741	-936.65698	-690.90546	994.25281	-620.85925	-806.28650	968.16376	-686.49780	-607.73474	917.30591	-874.27869	-487.72153	424.00485	-729.51062	-879.22186	523.30310	-737.45111	-492.71072	70.97085	-796.97601				
140	1.390	-710.71100	1391.31396	-475.20239	-710.54889	1648.99634	-641.83484	-597.65771	1534.76819	-573.23926	-815.95972	1478.88342	-532.43884	-566.07007	1407.22913	-631.47485	-857.46069	1405.49365	-775.75928	-743.34277	1282.02429	-657.36322	-672.96021	1409.27112	-808.84753	-473.46432	1129.24243	-605.43445	-908.90918	1091.61365	-910.50427	-580.86035	1194.87231	-527.60999	-949.70416	840.28986	-932.51892	-695.17108	993.63715	-614.45770	-810.94269	967.77765	-676.81104	-613.29639	915.64130	-869.22418	-491.90039	423.26248	-724.84912	-878.49384	518.71796	-731.31622	-493.12540	70.24740	-796.60956	-987.97284	137.47772	-561.14984	
141	1.400	-715.22113	1389.44543	-468.44794	-715.26782	1647.82874	-634.72095	-602.13153	1534.61450	-570.15491	-819.80298	1476.38684	-525.12238	-570.44916	1405.22229	-623.42297	-863.08105	1404.01917	-767.45587	-746.80029	1280.59167	-648.89032	-678.89850	1407.64417	-801.69080	-476.28369	1128.69080	-598.98474	-913.96777	1090.52771	-904.70013	-567.20087	1287.81763	-540.65918	-953.54779	839.79822	-928.24835	-698.75739	992.06396	-603.15131	-814.85474	966.26239	-667.98901	-596.03784	1307.57935	-524.28723	-494.68735	423.40253	-719.94379	-877.53302	515.41528	-724.18420	-494.52094	70.46985	-793.47809	-998.36823	140.66852	-552.76636	
142	1.410	-718.56561	1387.82117	-460.64307	-719.99353	1646.61426	-626.92212	-606.52673	1532.94275	-561.73547	-823.49493	1474.84570	-517.83350	-574.67902	1404.54175	-619.88013	-868.73572	1402.69678	-759.58386	-751.30048	1279.43335	-640.90277	-684.91516	1406.03625	-794.79742	-481.22427	1126.98328	-593.45160	-919.15387	1089.65588	-898.59680				-957.56512	838.50909	-923.15698	-702.39667	991.44727	-596.57892	-818.74072	964.68268	-658.54492	-626.02063	912.17651	-853.59625	-498.49399	422.16669	-714.96851	-876.45068	512.17438	-715.81073	-493.71640	70.63112	-792.78998	-1005.29242	152.65038	-527.77209	
143	1.420	-721.96405	1386.87256	-453.77271	-724.81146	1645.48755	-619.38251	-610.85681	1531.94324	-555.86957	-828.68164	1474.07202	-510.56479	-579.04663	1402.55066	-611.59930	-874.55652	1401.13892	-751.17780	-756.83606	1278.61072	-633.71039	-690.88293	1404.82227	-787.74219	-485.08304	1124.89404	-588.84717	-924.54395	1088.65198	-892.12018				-961.70093	837.26074	-917.36786	-706.77942	989.92572	-589.90167	-823.56317	963.73779	-648.42297	-632.70361	909.36395	-845.89691	-503.00656	420.83957	-710.44110	-875.33728	510.93643	-707.70294	-493.30396	71.69519	-791.85095	-1012.98883	159.26405	-510.59705	
144	1.430	-725.65955	1383.79761	-451.41736	-729.45142	1644.65710	-611.79779	-615.57629	1530.81787	-548.65967	-832.94812	1472.75562	-502.93073	-583.12903	1401.56946	-607.27679	-880.40710	1399.79468	-742.62122	-760.64087	1276.97009	-625.58118	-696.96948	1403.55359	-781.15967	-489.12210	1124.28333	-582.94379	-930.13715	1087.46350	-884.56061	-593.08203	1191.37988	-502.77136	-966.80432	836.29395	-911.53931	-710.82184	989.82666	-581.36298	-828.48169	962.19373	-639.79712	-639.90381	908.56213	-839.74072	-507.00729	419.91101	-704.58557	-875.59753	509.87064	-698.06537	-494.14828	70.93166	-789.49615	-1020.69556	166.34892	-496.27084	
145	1.440	-730.06769	1383.45654	-442.94965	-734.20728	1643.74854	-604.61835	-619.96582	1528.61035	-544.14264	-836.98633	1471.63892	-495.42358	-588.32513	1400.67493	-601.00482	-886.25513	1398.55261	-734.73053	-765.61914	1276.27246	-617.85468	-703.13318	1402.34314	-774.61981	-492.96921	1123.54590	-577.30927	-935.94727	1086.34814	-877.52911	-586.45227	1282.92529	-515.33423	-970.69366	834.68335	-905.14825	-714.59949	988.33105	-573.93750	-833.49310	961.65753	-630.54333	-646.68872	906.96088	-832.32739	-510.17435	419.75208	-698.65381	-873.74310	508.74164	-687.87915	-493.59305	70.74277	-787.79901	-1027.12390	172.82605	-482.25046	
146	1.450	-732.92572	1382.59814	-435.39313	-738.94574	1642.81592	-597.44324	-624.16431	1527.88550	-537.74066	-841.57715	1471.21240	-487.59354	-592.44525	1399.84448	-596.34729	-892.28040	1397.28967	-725.72778	-770.86230	1275.70862	-609.81378	-709.37384	1401.07202	-767.42554	-497.65451	1122.79883	-572.08752	-941.92993	1085.37244	-869.80853	-602.01489	1187.97046	-496.42593	-975.85394	833.50421	-898.02332	-719.14374	988.32562	-563.93347	-837.36951	960.94861	-620.49750	-652.91119	906.03876	-823.60321	-514.99713	418.19202	-691.80267	-874.48120	508.14264	-677.32050	-494.23480	71.25872	-783.92780	-1033.73157	179.40410	-467.03601	
147	1.460	-737.21100	1381.11963	-428.09637	-743.75085	1642.14258	-590.52960	-628.77502	1526.75085	-531.36298				-597.63727	1398.24377	-591.50012	-898.15741	1396.45068	-718.00751	-774.61914	1274.26526	-601.89099	-715.66309	1399.78943	-760.27570	-501.21487	1121.32214	-565.03326	-948.04413	1084.19995	-861.88470	-602.10101	1188.80872	-482.98746	-980.47571	832.69415	-891.50433	-723.26587	986.66321	-555.36603	-842.72015	960.52472	-610.43951	-660.56097	903.49445	-815.09705	-519.41888	417.30972	-685.70172	-876.23425	508.65259	-666.12854	-495.10822	71.15662	-781.96716	-1039.88855	182.27173	-455.52634	
148	1.470	-741.21582	1381.54382	-421.63254	-748.53656	1641.26270	-583.38104	-633.10480	1526.69824	-525.54034	-850.25977	1469.93872	-472.62231	-602.04150	1397.21021	-585.43359	-904.22913	1395.32214	-708.96991	-780.32007	1274.45129	-594.96271	-722.00635	1398.58252	-753.44324	-504.72473	1122.49683	-559.41980	-954.29047	1083.39392	-853.55139	-607.25439	1187.75488	-477.64484	-985.73480	831.52863	-883.19611	-727.00787	987.22198	-547.15619	-847.83966	961.04852	-601.24280	-668.92499	903.18140	-807.49609	-523.24213	417.34357	-678.76031	-879.56165	508.29501	-654.09045	-495.45987	71.58099	-780.07721	-1045.14526	186.01935	-445.83905	
149	1.480	-744.80542	1380.62683	-414.62589	-753.24500	1640.94470	-576.63373	-637.67645	1525.58179	-519.30743	-853.57147	1468.77173	-463.62622	-607.19995	1396.94434	-579.18195	-911.98444	1393.10486	-700.83777	-784.53717	1272.79382	-586.12195	-728.45044	1397.42969	-746.23010	-510.20456	1121.12024	-555.30682	-960.95441	1082.07434	-844.45898	-610.71130	1186.61182	-470.99701	-991.81543	830.49512	-874.24994	-732.60107	986.75427	-538.72784	-851.72015	960.57056	-590.12213	-676.55676	901.48779	-798.14319	-525.76971	416.13681	-671.44800	-884.14154	508.48590	-642.27802	-497.42969	72.44674	-776.78143	-1046.98743	190.89537	-429.77762	
150	1.490	-748.28827	1380.90845	-405.76807	-758.03241	1640.44897	-569.62103	-642.11053	1525.78955	-513.17236	-856.25647	1468.27856	-456.05176	-611.87915	1396.25134	-575.28442	-917.00043	1393.30383	-691.30658	-790.37567	1273.01501	-578.57465	-734.98175	1396.36926	-739.65369	-513.79510	1121.57019	-550.38654	-967.44592	1081.27002	-835.34192	-616.25745	1188.58435	-469.51654	-997.19995	829.63153	-865.56769	-737.35181	985.30585	-529.68774	-857.88965	961.97443	-579.52435	-684.89545	899.95520	-788.80927	-529.78467	415.76355	-665.31909	-890.01013	508.29959	-630.81915	-497.61450	73.16260	-774.51044	-1049.76746	192.09685	-417.30685	
151	1.500	-752.27264	1380.61096	-398.32239	-762.71515	1640.25854	-563.11829	-646.22076	1524.95166	-507.02017	-863.16418	1468.78857	-449.28564	-616.93762	1395.85486	-567.95648	-922.64557	1393.05579	-682.76001	-795.54364	1273.01196	-571.27118	-741.65588	1395.16223	-732.81488	-517.41382	1120.45032	-544.06506	-974.44489	1079.95361	-826.02240	-615.72028	1188.95886	-456.04041	-1003.24548	828.47308	-856.28345	-741.02057	987.76398	-518.12109	-863.62097	963.92792	-568.56726	-692.15625	898.77637	-781.33679	-533.70160	416.21002	-658.06689	-896.50330	508.00360	-619.40643	-498.92947	73.43494	-771.16412	-1052.32861	192.79305	-405.65872	
152	1.510	-755.65924	1380.72791	-394.11014	-767.38586	1640.55713	-555.94342	-650.63763	1525.53589	-501.47165	-865.75342	1469.41418	-441.62000	-621.68213	1396.39050	-562.88086	-929.14685	1392.70972	-674.19452	-799.85248	1272.58154	-562.47681	-748.33441	1394.56641	-725.60150	-522.67767	1121.02771	-540.22430	-981.44073	1079.31641	-816.42755				-1008.94366	827.29114	-846.73376	-746.48999	987.78351	-510.66034	-867.48657	963.41553	-556.58649	-701.01465	897.72931	-772.77167	-538.59033	415.43533	-650.49518	-903.65826	507.07376	-608.33423	-497.60370	75.82623	-766.57629	-1053.55359	191.06581	-395.68716	
153	1.520	-759.63873	1382.11780	-383.95166	-771.98590	1641.10413	-548.82721	-654.90118	1526.34802	-495.98251	-871.28088	1469.53174	-434.47891	-626.77582	1396.52124	-557.98322	-935.71448	1393.37024	-665.59558	-805.63129	1273.39270	-554.27972	-755.04370	1394.41821	-718.66602	-526.64893	1121.67810	-532.59711	-988.57080	1078.84412	-806.33838	-623.65503	1188.58777	-446.89310	-1016.18896	826.37146	-836.25494	-751.38696	988.00885	-501.48273	-873.91486	964.93817	-547.09540	-619.23499	1281.78271	-475.89474	-542.35675	416.64481	-643.51996	-911.09131	506.14285	-597.59436	-499.80792	77.85337	-762.44171	-1054.55481	188.75633	-384.91684	
154	1.530	-762.75311	1382.52686	-375.44232	-776.58905	1642.02515	-541.29309	-659.20978	1526.94824	-488.76035	-875.00092	1470.61255	-426.32645	-631.90619	1397.02161	-552.01770	-941.61212	1393.02783	-656.17584	-809.79260	1274.74109	-546.51843	-761.92688	1394.53772	-711.63770	-531.25781	1122.76599	-528.80048	-996.10919	1078.26294	-795.80371	-628.72217	1190.86829	-446.13992	-1021.50909	825.08997	-824.22791	-755.22876	988.68298	-491.64810	-879.15283	964.95325	-535.96143	-717.56775	896.34296	-756.57056	-546.39771	416.83243	-636.26764	-918.82477	504.88864	-587.37823	-501.14322	79.49995	-757.17279	-1055.65344	185.95436	-373.51764	
155	1.540	-766.13763	1383.78381	-369.50546	-781.12781	1643.31799	-534.38055	-663.40540	1527.11145	-481.94482	-875.73096	1472.11682	-416.49100	-636.58167	1398.00952	-546.79193	-947.87585	1393.59058	-646.99268	-815.53424	1275.49536	-538.58179	-768.56128	1395.46497	-704.47736	-536.30713	1124.01404	-524.05890	-1003.55536	1078.39331	-784.97516	-631.44165	1192.27319	-434.79602	-1029.35339	824.40643	-813.80914	-759.83710	989.71692	-482.99384	-883.66943	964.60199	-525.12177	-724.61182	897.76904	-748.83356	-551.13129	418.26224	-629.38934	-926.52893	504.14090	-576.78180	-502.69464	81.50949	-751.55145	-1057.01331	181.76102	-364.11990	
156	1.550	-769.67664	1385.87781	-362.65924	-785.82385	1644.57886	-527.08112	-667.46069	1528.12817	-476.61246	-880.32990	1474.02722	-407.95438	-641.77826	1399.35425	-540.07507	-953.51141	1394.69922	-637.73755	-820.06622	1276.96460	-530.88574	-775.17114	1396.47253	-697.13153	-540.29346	1125.22070	-518.18604	-1011.24805	1078.60815	-773.85663	-635.12311	1192.64355	-427.20029	-1035.15002	824.18732	-799.92511	-765.30890	990.39130	-475.44608	-889.40686	965.98395	-515.28424	-725.74200	902.25031	-734.48853	-556.36823	419.36035	-621.36102	-935.16663	504.10056	-567.57477	-503.76215	84.09280	-745.25201	-1057.53418	177.19264	-356.48294	
157	1.560	-772.20258	1386.46960	-358.64249	-790.39764	1645.95410	-520.16895	-671.88531	1529.62927	-471.28149	-883.71600	1476.27649	-399.85672	-646.66650	1400.99219	-533.36530	-959.52063	1396.12732	-628.85559	-825.01886	1278.52808	-523.04480	-781.61707	1397.87024	-689.87323	-546.35583	1126.42163	-515.01532	-1018.95532	1079.38672	-762.51398	-631.97821	1263.03162	-449.59360	-1042.42114	825.82568	-787.86426	-768.60876	991.31293	-466.06329	-894.24658	966.17700	-505.10736	-733.23083	904.28064	-726.47528	-561.73187	421.15332	-612.07202	-944.39923	505.50687	-557.35510	-505.39590	87.60399	-739.18365	-1057.53076	169.69559	-349.30978	
158	1.570	-774.76685	1388.18616	-350.96436	-794.97015	1647.33740	-513.18427	-675.99298	1531.17896	-465.78082	-886.58954	1477.26697	-390.85156	-651.40845	1403.11475	-528.16040	-965.20020	1397.56824	-618.93079	-829.88812	1280.15442	-514.84344	-787.95135	1398.90198	-682.21423	-550.27417	1128.12939	-508.07404	-1026.42053	1080.48804	-750.72656	-644.77893	1196.13159	-422.06235	-1049.64734	825.86047	-773.23041	-772.08118	994.06934	-456.52679	-898.44080	968.21686	-496.27768	-739.68158	905.23340	-717.40607	-568.17096	422.04575	-604.44153	-953.91864	508.44003	-547.61780	-507.34921	90.79254	-733.63330	-1057.94373	162.79213	-344.26987	
159	1.580	-777.07611	1389.50000	-344.61230	-799.38550	1648.89258	-506.39529	-680.04065	1532.88391	-460.92639	-889.34015	1479.00879	-382.26138	-656.06464	1404.68933	-521.14709	-970.66766	1399.07483	-609.74078	-834.15961	1281.44165	-506.25940	-793.93860	1400.33337	-674.96594	-555.92468	1129.74365	-504.35803	-1034.02747	1081.51978	-738.29785	-648.03082	1199.20007	-409.98761	-1057.53503	826.84485	-758.78485	-775.88324	995.03296	-448.39734	-902.99194	970.37354	-486.83881	-745.98486	905.82751	-709.07123	-574.04846	424.35342	-595.33032	-963.50385	511.82697	-538.12225	-508.51465	95.50279	-728.14063	-1056.87720	156.65082	-339.82648	
160	1.590	-780.20526	1391.14807	-335.63864	-803.63226	1650.52954	-499.52072	-683.78107	1534.36865	-455.35266	-891.27710	1480.34338	-374.00024	-661.02283	1406.38232	-514.03534	-975.97870	1400.69763	-600.44104	-839.20148	1283.76807	-498.31085	-799.72119	1401.45703	-667.22937	-560.69171	1132.08936	-500.51498	-1041.61951	1082.37207	-725.92572				-1065.27576	827.38617	-743.84888	-780.34601	996.03937	-443.19724	-906.11249	972.97235	-477.49658	-752.54333	907.25458	-701.65558	-582.58051	425.67798	-583.97571	-973.24036	514.97925	-528.77051	-508.78583	100.24445	-721.13129	-1056.42566	150.30937	-335.32202	
161	1.600	-783.23022	1393.82019	-327.29532	-807.72864	1652.04041	-492.62457	-687.51074	1536.08276	-448.81049	-894.45386	1482.78967	-366.04083	-665.93323	1407.73364	-507.93558	-981.12427	1402.30115	-591.56946	-844.06335	1285.66785	-489.90646	-805.45264	1402.56311	-659.70294	-566.32507	1133.42236	-498.00189	-1049.19092	1083.28955	-713.27832	-652.65216	1202.96155	-397.14465	-1073.21484	828.01410	-728.11713	-783.62384	998.19891	-435.73361	-909.81964	975.74048	-469.00836	-758.44855	908.78851	-695.77325	-593.42847	426.39764	-572.70728	-983.11292	517.91809	-520.41644	-510.80930	105.60236	-713.33905	-1055.95203	144.36716	-333.02359	
162	1.610	-785.89410	1395.92651	-319.61453	-811.60846	1653.58875	-486.13733	-690.89825	1537.41736	-443.48495	-897.73798	1485.18115	-358.68954	-670.19226	1409.88000	-502.57104	-985.96289	1403.65833	-581.69861	-846.92572	1286.93188	-480.34177	-811.25946	1403.45508	-651.58472	-570.44214	1135.24268	-491.88388	-1056.66833	1083.77075	-700.13934	-655.46564	1204.87207	-394.42514	-1080.78162	828.62701	-712.09491	-786.52179	997.95331	-429.54807	-913.03033	977.90485	-460.17664	-764.68103	910.06860	-688.29181	-605.32574	427.04318	-559.73029	-992.81128	520.77411	-512.54730	-516.39026	112.11831	-705.68524	-1055.18530	137.54555	-330.52094	
163	1.620	-787.65051	1397.58435	-314.06210	-815.16321	1655.38843	-479.68008	-694.49261	1538.77039	-437.97189	-900.71973	1487.79431	-350.57462	-674.31018	1411.37134	-495.32733	-991.05292	1405.08215	-572.59064	-851.48541	1288.78821	-472.59058	-816.94080	1404.40979	-643.75470	-575.71631	1137.12939	-486.79620	-1063.91418	1084.58362	-687.43781	-661.35406	1204.74939	-401.18106	-1089.65332	829.84271	-695.81537	-788.29889	999.38354	-420.96442	-916.61224	980.77185	-452.42084	-771.33698	910.85803	-678.54004	-616.90057	426.52023	-545.73053	-1002.96143	522.52612	-504.63281	-522.33618	117.56448	-696.41571	-1053.94226	129.65457	-334.90411	
164	1.630	-789.21289	1399.61975	-308.14474	-818.53442	1656.93225	-472.59488	-697.65796	1540.21741	-431.47137	-903.53326	1490.52649	-342.07144	-678.35382	1413.50903	-489.12726	-995.95557	1406.42529	-563.28339	-855.39832	1290.50989	-464.49451	-822.62903	1405.82507	-636.48438	-577.82166	1138.01843	-480.99994	-1071.31116	1084.76501	-673.64313				-1097.72168	830.12567	-678.48627	-790.74207	1000.64868	-415.41660	-919.45605	981.32666	-444.13333	-777.24176	912.25269	-672.45947	-628.58215	425.95441	-533.36255	-1013.10406	523.50922	-496.87604	-530.12170	122.60666	-687.55695	-1051.02795	121.77716	-335.43176	
165	1.640	-790.91516	1402.17358	-299.76465	-821.76196	1658.30249	-465.87943	-700.60956	1541.67029	-426.04572	-904.55981	1492.55542	-332.84515	-682.40375	1415.25293	-483.40607	-1000.44922	1407.00610	-552.76733	-859.20056	1292.23523	-456.87134	-828.36206	1407.04883	-628.89948	-582.04175	1139.49316	-475.53424	-1078.48792	1085.19141	-660.36957	-665.96777	1210.40564	-376.99875	-1105.02905	830.33191	-661.09180	-792.70844	1001.83704	-409.31635	-922.42938	982.00970	-435.74115	-783.18274	913.52429	-666.10095	-639.53442	424.17044	-519.73932	-1023.54419	523.28510	-488.83887	-536.50952	130.32922	-677.91095	-1050.77417	116.36076	-335.06281	
166	1.650	-792.77710	1404.91553	-289.19946	-824.79407	1659.84155	-459.13052	-703.05865	1542.26978	-421.05661	-905.63556	1494.96045	-323.53717	-686.15948	1416.84631	-477.64978	-1005.10919	1407.95129	-542.92078	-862.35065	1294.17151	-448.98715	-834.10419	1408.54468	-621.20190	-585.83344	1140.99243	-471.20551	-1085.59216	1085.54346	-646.48126	-668.46973	1211.96716	-371.39880	-1114.15015	831.53735	-644.67328	-794.76910	1002.81042	-401.59302	-924.72711	982.34253	-427.33615	-788.89288	915.11401	-660.31104	-648.94885	425.01563	-504.57898	-1033.98389	522.46417	-480.88602	-547.00000	137.02463	-665.22571	-1047.90137	110.35262	-337.50034	
167	1.660	-793.27411	1406.76453	-283.09653	-827.74530	1661.20557	-452.74094	-706.23206	1543.82385	-415.00275	-906.66187	1497.56958	-314.23969	-689.79950	1418.22168	-471.71683	-1009.40704	1408.96045	-532.93030	-864.43292	1295.26819	-440.22366	-839.84308	1409.95752	-613.37933	-590.11591	1142.34229	-467.12820	-1092.62427	1085.76587	-632.17883	-671.63513	1213.62024	-365.75540	-1122.43079	832.21985	-627.47125	-796.38110	1004.00781	-394.81134	-927.18060	982.46893	-418.95648	-794.68799	916.42365	-654.12415	-655.35840	427.33444	-490.08160	-1044.37549	521.73340	-472.21878	-555.11060	144.39627	-654.37378	-1044.13660	105.59200	-340.53046	
168	1.670	-794.21472	1408.80273	-275.84747	-830.58734	1662.32739	-445.62454	-708.57294	1544.89844	-409.65793	-909.11914	1500.36377	-306.06949	-693.14044	1419.95728	-466.14996	-1013.98657	1410.11365	-522.38995	-866.78271	1296.41272	-430.38516	-845.47150	1411.48096	-605.49170	-593.33844	1143.93250	-462.67999	-1100.47949	1087.26794	-619.43890	-674.24542	1214.67065	-360.55853	-1127.70593	830.81104	-608.95020	-796.72522	1003.78046	-389.96201	-928.72089	980.78510	-410.06714	-800.08130	918.30280	-648.31775	-660.83197	430.31122	-472.63037	-1054.86108	523.64313	-464.49042	-563.44220	152.49260	-640.08209	-1042.79980	101.97824	-341.34671	
169	1.680	-794.71484	1410.52063	-269.75586	-833.29413	1663.64258	-438.92853	-710.90643	1546.03223	-403.90424	-909.54041	1501.98047	-296.53708	-696.38464	1421.04907	-460.94421	-1018.26642	1411.20203	-512.23132	-870.11707	1293.93323	-431.74911	-851.04584	1413.27588	-597.85620	-597.23004	1144.83777	-458.50830	-1105.90149	1087.02075	-604.39172	-678.42365	1213.53174	-366.53140	-1135.54504	832.00787	-591.18018	-798.53815	1004.73328	-381.77142	-931.03961	981.68628	-402.01926	-805.53937	919.98431	-642.25903	-666.22711	433.29272	-455.59857	-1063.37146	525.51520	-454.85455	-573.48114	158.17595	-626.91650	-1039.56409	100.36358	-345.37363	
170	1.690	-795.58600	1412.60486	-262.32260	-836.12219	1664.56750	-431.99213	-713.44196	1547.16187	-399.04630	-910.60254	1504.06104	-288.14914	-700.11145	1422.95544	-455.08862	-1022.20013	1411.75256	-501.12549	-873.08081	1296.33789	-422.87277	-856.65912	1414.83154	-590.33789	-600.60950	1145.60352	-454.46774	-1113.24170	1088.16724	-590.37280	-679.64508	1213.29089	-363.13464	-1144.75098	834.68500	-573.55145	-799.21655	1005.67084	-375.37772	-932.06812	980.21991	-393.22116	-810.32465	922.17609	-636.42468	-669.86243	436.51566	-438.29379	-1069.34680	528.09576	-445.94226	-581.81458	165.02280	-611.20331	-1037.20923	101.74335	-343.83804	
171	1.700	-796.50433	1414.47803	-254.76266	-838.68298	1665.49548	-424.92648	-715.78064	1547.55127	-393.48007	-910.90552	1505.10559	-279.08524	-703.71387	1424.25452	-449.09247	-1025.94714	1412.76770	-490.79596	-875.65594	1295.86365	-416.01306	-862.22351	1416.42761	-582.97095	-602.73602	1146.81396	-450.80618	-1119.33057	1089.10901	-576.21613	-680.95715	1217.01550	-345.90042	-1150.02405	834.32861	-554.81482	-800.99426	1007.07922	-371.62500	-933.66565	979.90540	-385.75565	-814.61597	924.42719	-630.47351	-674.71533	437.64609	-422.78967	-1073.13147	529.84894	-437.58774	-590.30634	170.54733	-596.64825	-1035.88013	101.74207	-346.56812	
172	1.710	-797.53326	1416.04456	-246.19440	-841.35895	1666.19580	-417.65549	-718.35492	1548.15076	-387.16931	-912.81830	1506.90796	-270.60864	-707.41846	1425.43689	-444.20248	-1030.04419	1414.15112	-480.22479	-878.03882	1297.18311	-407.79291	-867.75305	1418.08582	-575.08716	-605.75781	1148.89124	-445.00699	-1125.23743	1090.08337	-561.59332	-683.70239	1216.46790	-351.40198	-1156.90820	835.88702	-536.96674	-801.85040	1009.27441	-362.68619	-935.14026	980.66687	-378.66281	-818.44043	926.63043	-624.52631	-679.95898	440.51544	-403.99557	-1075.91724	531.13678	-430.01749	-599.35358	174.76546	-582.59723	-1035.20605	102.46739	-347.16333	
173	1.720	-797.47375	1415.76831	-241.39600	-843.89117	1667.08276	-410.34085	-720.72168	1548.55811	-380.87170	-911.90094	1507.74817	-261.86844	-710.31836	1426.87134	-438.76511	-1034.02014	1415.31311	-470.27167	-879.77954	1298.13184	-402.05524	-873.07208	1419.73413	-567.68286	-608.12610	1149.90552	-441.46631	-1130.68054	1090.91479	-547.16016				-1164.10449	838.02527	-517.70203	-803.73444	1011.24353	-357.12973	-936.09204	981.73114	-370.99213	-821.56677	928.88708	-618.24268	-683.40210	444.52307	-387.27219	-1078.04407	532.93457	-424.11743	-606.40277	179.70316	-563.37787	-1035.07275	103.28353	-344.73688	
174	1.730	-796.99286	1415.79297	-226.64809	-846.37903	1667.99072	-403.03143	-722.90430	1549.22888	-375.67203	-914.38062	1509.49487	-253.86490	-714.13666	1428.39319	-434.03043	-1037.17883	1416.17053	-459.93304	-882.66699	1299.65515	-391.09842	-878.39410	1421.27136	-559.94318	-610.46808	1152.56775	-437.50430	-1136.68237	1092.31763	-532.23279				-1170.10327	839.18640	-499.09589	-806.07159	1013.22589	-351.77548	-937.44263	982.80719	-364.30222	-823.76239	929.52661	-611.73340	-687.64038	449.84305	-368.80743	-1079.87732	533.40332	-418.50482	-616.15851	183.67159	-546.28925	-1033.87244	102.13676	-348.79059	
175	1.740	-797.43170	1417.34082	-220.54727	-848.77698	1668.72168	-395.44537	-725.62915	1549.84058	-369.67795	-914.01605	1509.27600	-245.03949	-717.33319	1429.44092	-427.73685	-1040.59680	1417.50598	-449.81735	-885.07758	1299.26599	-384.47006	-883.37781	1422.70691	-552.64453	-613.22241	1154.19031	-433.89014	-1141.81042	1093.06067	-517.22003	-688.79041	1220.38330	-334.63742	-1177.09949	841.73669	-479.76736	-807.16565	1015.91010	-344.55841	-939.16095	984.91956	-356.55487	-825.89758	931.36176	-605.18219	-691.69629	453.79440	-351.63571	-1080.64368	533.45099	-414.95694	-624.02411	187.26547	-528.39215	-1033.71716	102.42187	-348.36374	
176	1.750	-799.08624	1416.56409	-215.19781	-851.17603	1669.54895	-387.94437	-727.79382	1549.58716	-362.77451	-914.94751	1510.15564	-236.89052	-720.55371	1431.23560	-423.02106	-1043.86450	1418.58911	-439.85483	-887.76440	1301.85632	-374.96106	-888.22479	1424.07959	-545.06476	-615.09393	1155.74414	-430.99002	-1146.74377	1094.51074	-502.16132	-688.27130	1223.27014	-319.88049	-1183.34912	843.55005	-461.06415	-809.83728	1017.62860	-340.15872	-940.99774	986.31915	-345.91705	-827.74274	932.73346	-598.93433	-695.46722	457.91635	-336.18558	-1081.05090	533.21643	-411.52692	-633.13544	190.55713	-509.26669				
177	1.760	-798.59204	1417.03931	-207.42711	-853.45953	1670.23279	-379.93777	-729.70941	1550.34985	-357.64694	-916.57965	1510.84729	-228.89386	-723.46246	1432.03882	-416.69174	-1046.73853	1419.76965	-430.55948	-889.93481	1302.35120	-368.59305	-892.86414	1425.37024	-537.36707	-616.30682	1158.93909	-427.46130	-1151.88062	1095.89331	-487.53241	-690.87286	1223.20593	-323.73227	-1189.93250	846.03815	-441.29941	-811.17950	1019.61890	-333.57245	-942.05200	986.07898	-348.49109	-829.31476	933.70105	-591.95758	-698.47772	462.76376	-319.07684	-1081.33081	532.42017	-409.37689	-641.66577	191.36517	-491.19437	-1192.95972	696.05109	-470.03525	
178	1.770	-800.75482	1417.70190	-201.16774	-855.67645	1671.23096	-372.03043	-732.31262	1551.14636	-352.03134	-917.34094	1511.67822	-221.01910	-726.80280	1433.75500	-410.83389	-1049.61841	1420.55408	-420.79639	-891.92474	1302.73462	-362.38181	-897.23413	1426.51624	-529.86841	-618.63971	1160.16833	-422.96188	-1156.61597	1097.16553	-472.58575	-688.98645	1226.84106	-309.95099	-1196.14941	848.76794	-421.67133	-813.25482	1020.65973	-329.26251	-943.24646	990.25610	-336.24487	-830.52411	934.87616	-585.55664	-698.52814	467.14731	-303.79263	-1081.62939	530.39709	-407.60123	-649.44641	193.23682	-471.63547				
179	1.780	-801.04706	1417.77698	-194.88370	-857.84357	1671.96973	-364.02896	-734.21582	1551.09448	-344.63806	-919.23474	1511.66150	-213.53519	-729.44684	1434.39880	-405.14438	-1052.21082	1421.74988	-411.48587	-894.25018	1303.31177	-354.13623	-901.31879	1427.36365	-521.86914	-620.04419	1161.95020	-419.30225	-1160.81946	1097.94897	-456.98798	-691.75494	1226.48279	-315.77805	-1202.32666	851.04327	-401.75931	-815.12036	1021.50403	-323.56418	-944.72821	991.45703	-328.86780	-831.85742	935.73572	-578.80640	-700.83362	470.85248	-287.51157	-1081.66443	529.09351	-406.31467	-656.78473	193.18166	-453.62845				
180	1.790	-803.14233	1416.10107	-189.08191	-859.96765	1672.70471	-356.00092	-736.41809	1551.48364	-339.09906	-919.35321	1511.77136	-205.73248	-731.58575	1435.38916	-400.23291	-1054.66919	1422.37109	-402.44162	-895.63470	1304.10242	-347.72974	-904.95374	1428.39282	-514.88202	-623.13141	1164.32141	-416.78592	-1164.96436	1099.04370	-442.02261	-692.57544	1227.44104	-310.21320	-1208.93677	854.63849	-382.53268	-816.49921	1022.93518	-316.27319	-946.80017	991.13757	-324.03946	-832.98438	936.58899	-572.25336	-702.08630	474.78635	-272.86786	-1081.42651	527.27643	-405.76712	-664.42950	192.26355	-434.37518				
181	1.800	-803.77234	1417.56543	-182.90825	-862.04584	1673.18567	-348.33469	-738.63770	1552.31677	-333.57578	-920.20074	1510.97070	-197.26639	-734.22449	1436.29675	-393.94839	-1056.92163	1422.78967	-393.54807	-897.64600	1304.97119	-338.27863	-908.57068	1428.83923	-507.09656	-623.67169	1165.25366	-410.94742	-1169.46875	1100.15076	-427.10583	-691.10370	1230.52539	-295.77161	-1214.55371	856.68488	-361.96768	-818.08459	1023.83215	-309.68488	-948.47174	992.00500	-319.57153	-834.06549	937.40411	-565.98462	-703.08691	479.27182	-258.42242	-1081.03210	525.82794	-405.52228	-671.10730	190.74022	-415.76776				
182	1.810	-805.58832	1417.02173	-176.53214	-864.17493	1673.62415	-340.41904	-740.14954	1552.68396	-326.88260	-921.91638	1511.85352	-190.52943	-736.38458	1437.32471	-388.06012	-1058.51428	1423.26221	-384.50073	-898.95264	1305.13965	-332.53430	-911.84717	1429.36682	-499.71909	-625.36743	1165.92603	-406.83511	-1173.56274	1101.33044	-412.51703	-693.98120	1230.38269	-300.28714	-1220.13013	860.23804	-342.47809	-818.64624	1024.80493	-303.96353	-949.77869	990.96918	-311.35013	-835.31866	937.77246	-559.11719	-704.27643	483.17078	-244.98730	-1080.21851	524.70300	-405.08017	-677.87848	187.31915	-396.60022				
183	1.820	-806.56952	1417.16675	-170.75227	-866.21161	1674.04944	-332.97983	-742.26630	1552.67419	-319.36404	-922.63110	1511.30359	-182.77644	-738.59454	1438.15540	-382.39404	-1060.22266	1423.48718	-376.28375	-900.35223	1306.03735	-323.83249	-914.77417	1429.95422	-492.55508	-628.70575	1167.70532	-403.76193	-1177.53455	1102.74023	-397.58258	-694.60065	1230.50989	-294.83734	-1227.75122	863.97034	-322.76801	-820.98120	1023.67773	-299.01022	-951.88696	990.70825	-305.25497	-836.37628	939.15338	-553.28003	-705.02759	486.26447	-231.69656	-1079.33801	524.18542	-405.02173	-684.39197	184.39702	-377.31604	-1037.30725	88.50665	-359.27066	
184	1.830	-805.96497	1417.79150	-161.97684	-868.16748	1674.31934	-325.21866	-744.32538	1553.05457	-312.18549	-923.71667	1511.16223	-174.72650	-740.38470	1438.87781	-375.97714	-1062.12988	1423.81152	-367.48624	-900.99335	1305.65417	-316.40936	-917.36200	1430.33521	-485.21985	-629.32410	1168.11389	-399.76572	-1181.24341	1103.59021	-382.47992				-1233.29626	868.07202	-303.59833	-821.17236	1024.11902	-292.13937	-952.30023	990.36194	-296.54324	-838.38580	940.02789	-546.42798	-705.49945	489.70364	-219.42897	-1077.84534	523.47546	-405.04401	-690.68970	180.85556	-357.17749	-1038.07166	85.96545	-361.11710	
185	1.840	-807.37689	1417.14368	-155.70514	-870.09058	1674.50549	-317.42892	-745.50806	1553.87183	-307.66260	-924.95160	1511.74390	-168.32451	-741.96057	1439.68347	-369.65048	-1063.33032	1423.54150	-359.34027	-901.97858	1306.81555	-309.52463	-919.85883	1430.56262	-477.90021	-630.42218	1169.40649	-392.79178	-1184.93091	1105.06494	-368.12628	-693.75775	1233.89514	-274.38184	-1236.43860	869.02350	-282.38110	-822.20392	1024.82703	-285.11447	-953.31909	990.54449	-288.37704	-840.01410	941.19824	-540.28729	-706.96118	492.20410	-208.39966	-1076.48999	522.23364	-404.50574	-696.98773	176.41231	-338.22263	-1039.15527	84.01547	-364.11642	
186	1.850	-807.81421	1416.72852	-151.06633	-871.98340	1674.63037	-310.62872	-747.28564	1554.08740	-299.01636	-926.50830	1510.88025	-160.25871	-743.72906	1440.14661	-363.41940	-1064.53308	1423.62024	-350.55704	-902.83868	1307.70837	-303.77570	-922.12457	1430.80212	-470.38477	-631.83545	1170.68250	-388.48004	-1188.39709	1106.38892	-354.34198	-694.52344	1233.82544	-270.38589	-1243.57434	874.55103	-264.96857	-822.23419	1024.79736	-276.25174	-954.38831	989.35828	-282.16849	-842.11383	941.99884	-534.13043	-708.30249	494.21573	-197.57393	-1074.65173	521.26642	-404.68875	-703.53778	171.24913	-317.13541	-1039.37927	82.05862	-366.61658	
187	1.860	-808.67395	1416.91089	-143.17735	-873.80377	1674.48230	-303.01364	-748.82117	1554.36499	-292.91025	-926.68030	1510.43250	-153.76576	-745.14520	1440.64709	-356.90271	-1065.90686	1423.74109	-342.73624	-904.54193	1307.16736	-293.16550	-924.26904	1430.81775	-463.22223	-633.86420	1170.54272	-382.47101	-1191.50391	1107.83337	-340.76447	-694.88483	1234.13562	-261.77063	-1249.41101	878.44604	-245.41158	-822.91193	1024.63684	-271.22684	-954.95831	989.37256	-276.06580	-844.10974	942.67743	-527.74725	-709.87738	495.60504	-186.69452	-1073.25806	519.96136	-404.92862	-709.32739	165.35779	-297.24295	-1040.01233	82.65553	-365.20486	
188	1.870	-808.98151	1417.06860	-135.68898	-875.52460	1674.33215	-295.56577	-749.91821	1555.35132	-285.57663				-745.72308	1440.79175	-350.49835	-1066.54858	1423.19153	-334.52255	-904.78571	1306.81982	-289.03293	-926.03674	1431.14673	-456.31467	-633.82410	1169.49365	-376.51910	-1194.39807	1109.18994	-327.94971	-696.41785	1231.25720	-266.82602	-1253.85327	882.47363	-226.61215	-824.10425	1023.47400	-264.42136	-954.76147	989.58978	-266.01990	-846.06439	943.01929	-521.13300	-711.55579	496.49960	-177.80841	-1070.80688	518.98804	-404.60773	-715.26080	158.84718	-276.47510	-1040.97778	82.56081	-363.70218	
189	1.880	-809.42438	1417.23608	-129.08450	-876.97906	1674.34351	-288.13562	-750.95178	1555.45581	-278.60016				-747.16711	1441.08093	-343.09268	-1067.64172	1423.12085	-326.58813	-905.65112	1306.05701	-283.23102	-927.78497	1430.97693	-449.07639	-635.94812	1170.60327	-370.71021	-1196.69434	1110.61682	-315.11041	-696.37372	1233.63647	-250.48877	-1258.68176	885.96588	-206.68874	-824.45941	1024.41028	-258.18857	-954.44641	988.61908	-259.74994	-848.23175	943.25989	-514.13715	-713.43024	496.12463	-169.72572	-1068.96899	518.63367	-403.66806	-719.14026	151.70819	-254.67130	-1041.82251	81.30888	-366.14471	
190	1.890	-809.35083	1417.57959	-121.75133	-878.40063	1674.05981	-281.01215	-751.88550	1555.34033	-271.57431				-748.31598	1441.45251	-336.70856	-1068.44202	1423.28625	-318.50168	-906.06372	1306.83887	-274.82898	-929.36420	1430.61243	-441.06375	-636.55304	1171.64417	-365.64215	-1198.50793	1112.25024	-303.04413	-697.78467	1231.73401	-254.01805	-1264.87292	892.29688	-190.64511	-823.95105	1023.63971	-253.26019	-955.74719	988.34723	-253.30862	-850.54248	943.09204	-507.03516	-715.28632	495.83435	-161.68124	-1065.86206	518.18384	-404.02948	-722.93634	144.45761	-234.58022	-1042.77576	79.90118	-368.90298	
191	1.900	-810.10999	1417.46472	-114.37750	-879.31226	1673.85901	-273.45593	-751.88855	1556.46716	-266.25897				-749.37012	1441.51416	-330.36282	-1069.31201	1423.43335	-310.42850	-905.79840	1306.97742	-268.94031	-930.59473	1430.38196	-433.56183	-635.96948	1170.72791	-357.88077	-1200.01965	1113.73120	-291.96661	-698.38159	1231.01184	-247.08620	-1270.14294	898.96045	-176.10316	-821.35913	1023.65021	-242.28804	-954.45172	988.93347	-244.58711	-852.52606	943.38318	-500.39227	-718.33459	494.44366	-156.42145	-1063.03467	518.47247	-403.75717	-726.20874	136.24004	-211.24861	-1043.33118	79.12117	-370.52640	
192	1.910	-810.45221	1417.46899	-107.03970	-880.46381	1674.17749	-266.47760	-753.48492	1555.78967	-257.34738	-929.80933	1508.38074	-116.47376	-750.11627	1441.47705	-323.96338	-1069.41235	1423.12000	-302.71320	-906.89423	1306.41895	-259.06470	-931.69135	1430.07166	-426.74442	-638.94244	1170.17896	-352.50858	-1201.19922	1115.12646	-280.24588	-698.15295	1233.56726	-231.58194	-1273.37073	903.51050	-159.91537	-820.97552	1022.45563	-235.65329	-953.91553	987.80676	-239.54663	-854.86462	943.21857	-493.81891	-719.39960	492.45804	-152.97360	-1060.24341	518.58936	-402.88177	-728.97260	130.09081	-189.11281	-1043.90747	79.64751	-370.50546	
193	1.920	-809.58691	1416.77844	-101.49353	-881.11121	1673.13403	-258.88446	-753.80518	1555.43420	-250.27396	-930.15515	1507.91040	-109.65018	-750.48920	1440.86719	-316.74194	-1069.91309	1423.03503	-294.99637	-906.39807	1306.68286	-252.70123	-932.56848	1429.61609	-419.07568	-637.90668	1170.07263	-344.87384	-1202.30676	1116.23279	-269.37305	-699.36499	1231.18933	-231.60497	-1276.00244	907.05225	-142.29657	-820.17810	1023.26495	-230.00159	-953.73773	989.23505	-228.88387	-856.79138	942.62762	-486.34277	-716.71973	491.71384	-150.67931	-1057.57446	518.70123	-402.01291	-731.30804	125.64270	-166.68727	-1044.15503	79.38565	-371.26340	
194	1.930	-809.77643	1416.91321	-93.43114	-881.74774	1673.13794	-252.17191	-753.29285	1556.07642	-244.65973	-929.42468	1506.86609	-101.45326	-751.14618	1440.61060	-310.20230	-1069.81982	1422.62268	-286.84967	-907.00128	1304.94019	-245.17862	-933.36987	1428.96582	-411.49979	-637.20013	1168.79541	-336.46146	-1203.25464	1117.48730	-258.24551	-698.98853	1230.61938	-224.93239	-1278.54126	912.32104	-127.57841	-818.98315	1022.83557	-221.31525	-952.56848	987.17816	-220.29820	-858.60254	942.31952	-479.25772	-718.86053	487.11505	-152.10538	-1054.95056	519.47858	-400.45468	-733.02197	123.42542	-143.74536	-1044.17578	79.43758	-371.35693	
195	1.940	-810.02850	1415.54700	-87.27843	-882.07123	1672.23108	-244.31335	-753.97510	1555.44568	-236.08434	-929.88385	1507.15161	-94.10728	-750.96442	1439.66040	-302.31747	-1070.00989	1422.29370	-278.37607	-906.89276	1304.42432	-237.59744	-933.44183	1427.08191	-403.92227	-638.25293	1168.99524	-331.05240	-1204.10388	1118.19604	-247.30370	-698.02283	1231.52100	-209.69995	-1280.31812	916.98517	-113.00044	-818.79553	1021.21814	-215.43320	-951.23999	987.39740	-212.74834	-860.59479	941.53992	-471.99603	-715.26477	483.35760	-151.93221	-1052.30115	520.60504	-398.76410	-732.81891	122.23244	-120.04503	-1043.90588	79.88290	-370.59537	
196	1.950	-809.12451	1415.43262	-79.11233	-881.58154	1671.84778	-237.58536	-753.82166	1554.32300	-228.81065	-929.42773	1506.46997	-87.04133	-751.23645	1439.26941	-296.18790	-1070.03381	1422.26184	-270.51736	-906.24274	1303.31226	-230.79210	-933.89838	1426.35962	-395.49728	-639.57092	1168.30896	-325.02219	-1205.21033	1119.01611	-236.08176	-699.37512	1228.87415	-210.68507	-1281.82800	921.03864	-97.97293	-816.53430	1020.39325	-207.98073	-951.14453	984.49683	-208.25340	-862.03729	940.51483	-464.48645	-713.76245	479.16147	-152.68533	-1048.51257	519.98700	-394.18451	-732.87134	121.65439	-96.36810	-1043.37659	80.73389	-369.09244	
197	1.960	-808.02472	1415.47876	-72.29664	-881.30609	1671.19580	-230.32809	-752.99042	1555.01453	-223.41496	-928.36621	1505.52588	-79.32539	-751.09662	1438.46606	-288.92932	-1069.73376	1421.47241	-262.65720	-905.85242	1303.61694	-223.04245	-933.87610	1424.95642	-387.89713	-637.58582	1167.37903	-316.23441	-1205.84192	1119.21716	-225.56212	-699.70752	1228.22131	-202.88419	-1283.42542	924.76538	-82.58962	-815.74786	1019.87683	-201.07219	-949.19916	984.75378	-197.00415	-863.79169	939.64624	-456.62796	-712.46344	474.02585	-154.14821	-1047.65845	522.35901	-391.83084	-732.15997	122.80045	-75.08501	-1042.62097	81.78706	-366.88141	
198	1.970	-807.92285	1415.37329	-63.60517	-881.00427	1669.90967	-223.19958	-752.71899	1553.57312	-216.00047	-928.26135	1505.46228	-73.15217	-750.97577	1437.60364	-281.80109	-1069.24890	1420.77991	-254.18925	-905.77649	1302.12183	-214.64253	-934.10675	1424.10742	-380.29208	-637.31763	1166.79309	-307.96793	-1206.25891	1119.20728	-214.96547	-699.06848	1230.24573	-188.55098	-1284.06250	929.01819	-68.64874	-814.54565	1018.19800	-192.03491	-949.73224	983.77362	-187.72542	-865.09064	938.40613	-449.24792	-710.97778	469.81030	-154.18562	-1045.46484	522.68097	-386.19455	-730.74396	125.60586	-54.78789	-1041.69592	83.01575	-364.15005	
199	1.980	-807.73792	1413.74548	-56.51295	-880.41699	1669.10132	-216.71626	-751.85980	1552.13281	-209.08911	-927.88037	1504.87122	-64.87984	-750.41595	1436.39673	-275.21481	-1068.64099	1419.73511	-245.58586	-904.89081	1300.63953	-205.25543	-934.21948	1423.06360	-372.92368	-637.11523	1164.42480	-300.93158	-1206.26794	1118.97144	-203.90189	-697.07184	1229.17737	-180.11365	-1285.62146	932.92206	-55.22821	-813.35962	1017.86121	-185.10460	-948.60309	982.84479	-178.66536	-866.77655	937.78119	-441.69727	-709.93213	466.41605	-153.84192	-1042.68738	521.53632	-378.40854	-729.48206	130.34122	-35.27068	-1041.08484	83.76881	-362.32217	
200	1.990	-805.78729	1414.79492	-47.97123	-879.45020	1667.79102	-209.58049	-750.56653	1551.53308	-201.81383	-926.45862	1504.78076	-57.06390	-749.31885	1435.29321	-267.98798	-1067.75049	1418.53870	-237.17497	-904.06317	1300.99438	-197.90411	-933.94269	1421.50842	-365.10440	-637.73151	1164.77710	-292.49155	-1206.09790	1118.52698	-193.60631	-697.67249	1225.29810	-181.67883	-1285.70422	936.49182	-41.46184	-812.81189	1015.86511	-177.11137	-947.23901	981.44781	-169.71634	-867.32953	936.15680	-433.20691	-710.78107	463.76517	-152.71825	-1042.28601	523.03571	-373.26212	-728.30054	136.31416	-17.99190	-1040.41895	83.29726	-362.04886	
201	2.000	-804.59967	1413.07727	-41.24040	-877.93988	1666.82495	-202.70131	-749.40833	1550.45544	-194.48740	-925.47980	1504.06885	-49.94949	-748.81989	1433.39685	-260.24380	-1066.64795	1416.65942	-227.53563	-902.86597	1298.64124	-189.57890	-933.69775	1420.52783	-356.84888	-635.07513	1163.16235	-285.09036	-1205.82080	1118.21118	-183.15779	-697.03027	1223.95813	-172.93080	-1286.61951	940.34039	-28.84310	-811.10693	1014.32550	-169.00836	-946.16229	979.58691	-160.33902	-867.78265	934.56213	-424.90756	-712.23309	461.44388	-149.99365	-1041.07642	522.79333	-366.16711	-727.97186	142.06639	-2.53673	-1040.63635	83.69611	-360.22015	
202	2.010	-803.09448	1412.60693	-32.27594	-876.85583	1665.72937	-195.30482	-748.22223	1548.84656	-187.35750	-924.52911	1504.12024	-42.29203	-747.82550	1431.72705	-252.96419	-1065.58081	1415.55542	-219.73143	-901.40015	1298.12805	-181.36298	-932.87244	1418.63721	-348.68842	-634.72821	1160.67615	-276.45203	-1205.06055	1117.14612	-172.58704	-695.76691	1223.73975	-166.90302	-1285.82495	942.99329	-14.65785	-811.22864	1012.72107	-160.92264	-945.10895	978.91504	-153.27315	-868.14880	933.35193	-416.93033	-714.37366	459.11411	-146.82210	-1040.38953	521.43054	-358.07193	-727.21106	148.19821	11.87014	-1039.95642	81.96910	-363.58707	
203	2.020	-801.15961	1412.31250	-25.50884	-875.43994	1664.54626	-188.79736	-747.19617	1547.39099	-180.25604	-922.52338	1502.86243	-34.59424	-746.83276	1430.57874	-245.96982	-1064.44214	1414.53674	-211.41061	-900.10876	1296.47803	-173.51950	-931.82953	1416.63513	-340.72562	-633.32910	1160.78308	-269.32480	-1204.12878	1116.25684	-162.97662	-694.60376	1222.82410	-157.33545	-1285.39502	946.28156	-2.91691	-810.73187	1010.68158	-152.26338	-944.85852	977.67938	-143.53389	-868.48877	932.08582	-408.81683	-716.40112	456.19357	-143.78458	-1039.55261	520.11121	-349.28372	-726.20508	154.49741	26.17404	-1038.91772	80.68371	-363.02258	
204	2.030	-799.65997	1411.22937	-17.16061	-873.70355	1662.94458	-181.10133	-745.89825	1545.68506	-171.43842	-920.52246	1502.39575	-27.19315	-745.24243	1428.94482	-237.70720	-1062.80139	1412.76514	-202.30136	-899.07422	1295.74255	-162.42993	-931.10333	1415.85901	-332.34238	-631.85004	1157.35413	-261.08801	-1202.84009	1115.29236	-153.33282	-693.10767	1223.18640	-142.08688	-1284.27893	948.92224	8.92620	-808.90454	1008.96552	-144.02008	-943.98767	976.13617	-134.74907	-868.22864	930.80566	-400.43307	-718.65674	453.47940	-139.26747	-1037.90747	517.75745	-340.08856	-726.26532	158.79558	40.14108	-1038.21472	81.49872	-357.43970	
205	2.040	-796.72455	1411.44495	-7.85937	-871.63635	1662.34216	-174.37779	-743.66266	1545.56702	-164.30331	-918.74750	1502.04053	-18.80335	-743.31177	1427.51648	-230.46588	-1061.35303	1412.16345	-194.09717	-897.04565	1295.02441	-155.92538	-929.58643	1413.76013	-323.69501	-631.50092	1156.19312	-252.46936	-1201.33240	1114.24353	-144.21593	-691.90417	1220.82605	-135.63358	-1282.97180	951.26776	20.29656	-806.90100	1007.74298	-134.27036	-942.83673	974.24420	-124.86342	-867.62305	929.54004	-391.92514	-720.93530	450.57593	-133.63811	-1039.40808	517.43066	-332.24081	-725.38794	163.24454	53.88158	-1036.41199	80.87122	-357.05029	
206	2.050	-795.05664	1410.06812	0.44387	-869.53406	1660.95667	-166.05795	-741.88312	1544.37219	-155.62172	-916.11359	1502.03772	-11.09009	-741.62042	1425.65784	-222.48117	-1059.70178	1410.79492	-184.69472	-895.31952	1293.79663	-146.56386	-928.13660	1412.71033	-315.63687	-629.73615	1153.17578	-244.62645	-1199.65491	1113.49316	-135.20923	-689.92242	1217.87427	-133.18869	-1281.34814	953.19519	31.18091	-806.73053	1004.96625	-125.99226	-942.51135	972.40540	-117.08527	-867.07819	928.03357	-383.46906	-724.16547	448.43076	-127.69624	-1039.36060	515.20764	-322.28293	-724.37384	167.43423	65.22234	-1035.47034	78.97672	-355.38193	
207	2.060	-792.40918	1409.76672	8.10291	-867.06183	1660.27014	-159.22006	-739.56445	1542.30945	-148.16940	-913.96558	1501.43811	-3.39343	-739.97791	1424.08923	-214.40643	-1057.66162	1409.88403	-176.05663	-893.76605	1292.09802	-137.31999	-926.86169	1411.36877	-306.87848	-627.88763	1151.53223	-235.84714	-1197.66858	1112.25000	-125.91262	-688.20905	1216.35071	-124.50393	-1279.16113	955.12244	41.35585	-806.07867	1003.20514	-116.47047	-941.74231	971.94891	-108.45150	-865.99567	927.30908	-375.06470	-727.87592	446.96909	-119.45853	-1039.22498	513.55493	-313.05789	-723.29803	169.79184	76.66517				
208	2.070	-789.89850	1408.91638	15.92712	-864.74945	1659.15149	-151.54305	-737.19983	1542.53137	-142.56847	-911.59326	1500.81641	5.25175	-737.44635	1422.76685	-207.29973	-1055.74426	1408.76636	-166.67711	-891.52081	1291.12048	-129.45340	-925.10950	1410.00195	-298.09131	-626.34583	1149.86230	-227.02998	-1195.52356	1111.10449	-117.32494	-685.38788	1216.52026	-107.90674	-1277.09424	956.33246	51.97645	-806.44360	1000.91302	-109.86747	-941.52441	970.25781	-99.66846	-865.23462	925.58069	-366.10736	-732.30505	445.93268	-111.70005	-1038.99927	510.69519	-301.77042	-721.71063	172.24834	87.15083				
209	2.080	-787.85077	1409.10718	25.29909	-861.77966	1658.31165	-143.82416	-734.94940	1541.42712	-135.24300	-908.22241	1500.78296	13.67636	-735.55829	1421.09509	-199.29691	-1053.61169	1407.74353	-157.13332	-889.27948	1289.87134	-121.34306	-923.27527	1409.02124	-289.32358	-625.17139	1147.38940	-218.06985	-1193.18286	1109.77002	-107.81503	-683.82117	1215.27222	-98.94650	-1274.88342	957.27234	61.65362	-804.97559	998.46362	-100.34449	-939.87140	968.55469	-90.09711	-864.40167	925.62665	-357.93066	-736.34344	444.46243	-101.74389	-1039.98755	509.27899	-292.48502	-719.51788	173.52621	97.62336	-1261.76001	865.76575	241.03706	
210	2.090	-784.64301	1407.84143	32.47395	-859.56073	1657.30627	-136.22208	-731.99451	1539.98389	-123.60059	-905.37439	1499.61243	21.83399	-732.95135	1419.48450	-191.16125	-1051.20618	1406.99780	-147.95364	-887.17596	1288.71289	-110.47276	-921.18756	1407.70984	-280.38242	-624.09125	1145.13770	-210.04510	-1190.61292	1108.43530	-98.71383	-682.65509	1212.43982	-97.93342	-1272.15356	957.93384	71.50424	-803.51984	997.73322	-91.14175	-938.61481	967.92712	-80.15829	-863.52661	923.27539	-348.45853	-739.86230	443.62677	-91.23371	-1041.31421	508.08734	-282.93127	-716.94611	174.44104	107.31829				
211	2.100	-780.29517	1408.61328	42.00981	-856.18402	1656.32971	-128.68112	-728.71466	1539.23022	-118.98349	-902.78357	1500.09912	30.17134	-730.78632	1418.02673	-183.46159	-1048.76160	1406.22278	-138.08905	-883.65057	1287.34570	-106.10761	-919.34344	1407.19885	-271.95282	-622.20593	1144.96753	-201.03903	-1188.12952	1106.79871	-90.25162	-679.92395	1212.00330	-81.49427	-1269.76514	957.90680	80.56346	-801.25543	996.26917	-83.45497	-936.95776	967.01776	-71.69332	-863.05988	921.67419	-338.61707	-743.58008	443.14459	-80.30203				-715.70020	174.97896	114.76324				
212	2.110	-777.49524	1407.77954	50.88088	-853.33728	1655.34058	-120.65449	-725.98883	1537.88367	-107.16943	-899.55988	1499.26306	38.70443	-728.17609	1416.90527	-175.34395	-1046.16541	1405.48279	-127.65515	-880.79840	1285.30957	-98.18470	-917.44873	1405.80957	-262.94220	-620.24921	1142.12354	-192.79958	-1185.17444	1105.61426	-81.70451	-677.36346	1209.97815	-73.68856	-1266.73694	957.96600	89.99957	-798.83948	995.72052	-73.29588	-934.51160	965.59418	-62.39492	-862.84259	919.95117	-329.02875	-746.45087	442.27432	-67.78783	-1049.58545	510.56018	-266.91415	-713.15857	174.27676	123.68021				
213	2.120	-773.89233	1407.97949	58.97525	-850.14313	1654.59241	-112.66523	-722.76440	1537.57263	-102.68921	-895.41925	1499.41699	47.50038	-725.68335	1415.60315	-167.15483	-1043.05908	1404.89380	-118.58939	-877.51440	1286.33069	-89.19385	-915.26117	1404.83655	-253.25737	-618.51526	1139.62891	-183.72658	-1182.32983	1104.24670	-72.54984	-676.40808	1207.90723	-71.19185	-1263.62891	957.29443	98.60631	-797.40576	994.48901	-64.87317	-932.19165	964.97412	-52.24658	-862.77460	918.73041	-319.05719	-749.38361	440.99698	-55.26878	-1052.11182	510.22449	-258.23264	-711.14130	171.67770	132.14238	-1032.26355	79.83883	-347.30234	
214	2.130	-770.79810	1407.50183	68.60252	-846.50482	1654.14001	-105.20448				-891.36957	1499.36584	56.23083	-722.98730	1414.40808	-159.35040	-1040.14673	1404.40466	-108.35715	-874.63672	1284.63257	-79.44854	-912.94122	1404.11682	-243.87219	-616.59723	1139.00903	-174.29733	-1179.60010	1102.82898	-63.78900	-674.52618	1208.41895	-57.65051	-1260.39343	956.60004	107.27071	-794.66254	994.46204	-53.98863	-929.66772	964.76691	-42.22590	-862.85480	916.65051	-308.40015	-750.82898	441.19150	-43.92858	-1050.95825	506.57852	-247.84744	-708.29413	168.84326	138.62685	-1032.22461	79.77440	-347.14011	
215	2.140	-766.70630	1408.20227	77.39281	-843.83240	1652.93958	-96.35167	-716.02570	1536.24841	-87.02647	-888.01495	1498.98682	64.93451	-719.47253	1413.35278	-151.61172	-1036.98474	1403.75989	-98.40490	-871.72772	1284.17578	-69.01611	-910.85266	1403.47510	-235.37637	-615.04840	1137.48083	-166.13245	-1176.61060	1101.62964	-55.08950	-671.42987	1205.64172	-55.86401	-1257.16113	955.22430	114.98725	-790.87103	995.30078	-43.87091	-926.74066	963.97784	-30.87400	-862.45557	915.06549	-297.50403	-750.58002	442.21622	-33.30891	-1053.57288	506.34943	-239.83342	-706.18219	165.81032	146.13756	-1032.07959	81.10057	-348.35110	
216	2.150	-762.60120	1406.77087	84.64603	-840.07611	1652.57910	-88.53983	-712.61121	1535.26782	-78.23414	-884.33484	1499.52002	73.14089	-716.72290	1412.44421	-143.23708	-1033.47498	1403.48975	-88.96608	-868.35797	1284.19128	-60.38667	-907.85699	1402.72986	-225.80278	-612.18964	1135.74829	-158.85641	-1173.57373	1100.65051	-46.39613	-666.49847	1206.95459	-39.52628	-1253.83484	953.73956	122.82637	-791.35718	995.42719	-36.49258	-922.90894	964.17676	-21.61504	-861.99835	913.75946	-286.51242	-749.61621	442.57495	-21.98284	-1055.65222	505.44388	-230.90771	-704.33673	162.23718	151.07552	-1032.19177	81.28860	-345.07913	
217	2.160	-759.58655	1407.62573	94.16284	-836.25153	1652.24280	-80.70097	-709.33850	1534.55981	-67.10088	-880.41919	1499.38916	81.56529	-713.74091	1411.97522	-135.47459	-1030.13965	1403.19800	-78.92941	-864.20001	1284.06055	-50.70718	-905.44006	1402.15674	-217.39879	-609.67584	1134.77039	-149.70662	-1170.19067	1099.80811	-38.08654	-664.53357	1205.68225	-30.54611	-1250.29333	952.10364	131.21523	-788.72540	995.19720	-25.08628	-920.28070	963.81909	-8.77736	-860.99945	913.12561	-275.80350	-747.80884	442.49631	-13.18932	-1058.32068	505.64316	-222.56483	-701.69812	157.31413	157.60335	-1032.40979	81.87933	-341.49066	
218	2.170	-755.59875	1407.32593	102.06761	-832.74420	1652.19275	-71.69090	-705.67792	1534.67468	-60.83233	-876.44421	1499.14099	90.52236	-710.10052	1410.93738	-127.15659	-1026.88306	1403.01526	-69.79387	-860.13116	1282.91248	-42.52603	-902.30206	1401.34070	-207.58023	-607.49768	1133.21350	-140.69308	-1166.87610	1099.23328	-29.03985	-662.14667	1203.59070	-29.56326	-1246.91138	950.06836	138.78113	-784.89240	993.54706	-11.99673	-917.42426	964.65527	4.60572	-859.09167	911.68964	-263.89755	-745.18793	442.83328	-4.72546	-1060.41077	504.94092	-211.92279	-700.18408	152.39006	163.57254	-1033.43604	83.99234	-333.22858	
219	2.180	-751.19391	1407.87463	109.85190	-828.45941	1652.04114	-62.95590	-701.58350	1534.41162	-53.26937	-872.71997	1499.47424	99.12754	-706.00085	1410.14392	-118.46782	-1023.29462	1402.97205	-60.38572	-856.65643	1283.93823	-32.29653	-899.50751	1400.49536	-198.50500	-605.20245	1131.97620	-133.01064	-1163.23499	1098.98828	-20.12071	-657.71509	1206.61267	-13.20038	-1243.67322	947.44525	146.22939	-781.95215	993.80475	-1.69806	-915.67487	964.50586	13.11211	-855.93756	911.36719	-253.00963	-741.53998	441.85657	3.90352	-1062.24451	505.40771	-201.95830	-698.84827	147.23331	167.66951	-1033.81482	84.46219	-329.26871	
220	2.190	-747.65265	1408.48767	119.08201	-824.79688	1652.97278	-55.21092	-697.85999	1534.93958	-45.17450	-868.82690	1500.69543	107.92064	-702.87262	1410.09766	-110.14014	-1019.90436	1403.47510	-50.76789	-853.21075	1284.06531	-22.54048	-896.14526	1400.81616	-189.52499	-602.78052	1131.85889	-124.03573	-1159.94177	1098.88293	-11.36940	-653.67450	1205.53992	-8.93118	-1240.78015	945.14978	152.98889	-779.23328	994.44812	10.82955	-915.12073	963.33893	25.34694	-851.91882	911.90881	-242.77829	-738.15265	441.17007	12.59983	-1064.25964	505.57309	-190.26196	-697.37195	141.83008	171.69351	-1034.89868	86.11380	-321.06134	
221	2.200	-743.45197	1408.21680	126.99379	-819.79169	1653.94226	-46.88523	-693.92346	1535.49561	-37.14886	-864.04962	1501.46826	116.73489	-698.96710	1409.71021	-100.90243	-1016.69684	1404.40930	-41.10503	-850.34283	1285.35693	-12.73543	-893.15576	1401.01428	-180.63179	-599.72949	1131.88318	-116.85439	-1156.58167	1099.37036	-1.72399	-649.93762	1204.12134	-3.43766	-1238.51489	942.13818	161.97432	-776.93896	994.90240	21.97748	-912.83710	963.19208	36.55374	-846.71338	911.82672	-231.70798	-734.09497	439.49329	21.45676	-1064.88806	505.25241	-178.22824	-695.91412	136.71500	174.66463	-1035.18323	87.33049	-314.78741	
222	2.210	-738.74493	1409.56519	136.31873	-815.78009	1654.90112	-38.60409	-689.60754	1535.61938	-28.01657	-858.84442	1502.38916	126.18571	-695.55304	1410.16541	-92.86062	-1013.38306	1405.21167	-31.35438	-847.15619	1285.58838	-1.79160	-889.30579	1400.25500	-169.64546	-596.50903	1131.13782	-107.68887	-1153.51929	1100.05627	7.01911	-645.77869	1205.31653	6.07781	-1236.18823	939.55499	165.90631	-774.90973	994.66882	32.35263	-910.20062	963.77124	48.23624	-842.28235	911.96240	-221.56314	-728.91711	439.00189	31.73118	-1065.65979	506.09409	-166.64500	-695.34271	130.58121	176.89375	-1035.70935	87.71179	-311.72034	
223	2.220	-734.43042	1410.78796	146.22902	-811.76312	1655.50684	-29.64516	-686.07098	1536.57214	-20.13354	-854.77753	1504.12085	136.07759	-692.11902	1409.91589	-83.71788	-1009.58502	1406.47900	-21.03327	-842.89404	1286.88293	8.45767	-886.22620	1401.44983	-160.11105	-594.10461	1131.14111	-99.43526	-1150.91992	1101.00830	16.85825	-641.49268	1205.41089	15.43932	-1234.19946	936.68622	170.39987	-772.82593	994.38684	41.01292	-907.73517	963.82214	57.56204	-838.45056	913.02777	-211.89040	-722.70496	439.11844	41.15875	-1065.77527	506.84079	-154.86896	-694.21033	125.12633	178.36028	-1037.16174	91.29331	-303.74689	
224	2.230	-730.52484	1412.83789	155.84024	-807.83630	1656.14673	-20.67255	-679.81561	1535.57300	-10.65857	-850.48749	1505.60779	144.92758	-688.98340	1410.98291	-75.48013	-1006.09430	1407.31030	-10.72726	-838.76379	1288.24146	17.13923	-883.16254	1402.35315	-150.54279	-591.15350	1131.50183	-89.84908	-1148.23901	1102.53210	25.04031	-637.20239	1206.85217	28.73724	-1232.56848	933.13348	175.77963	-769.84375	995.55707	51.53852	-903.31738	965.03455	66.38148	-835.36713	913.24188	-201.05289	-714.85944	440.20908	49.88479	-1062.12341	507.43884	-141.68417	-693.77338	119.77073	179.36172	-1039.09656	96.80701	-293.93488	
225	2.240	-725.94025	1414.37146	164.27438	-803.91705	1656.90320	-12.84881	-678.05646	1537.76941	-3.77628	-845.59369	1507.32288	154.06221	-685.68872	1411.59241	-66.95084	-1002.15942	1408.46765	-0.15478	-803.14587	1312.40588	119.99107	-880.03326	1402.87195	-140.40385	-588.23041	1131.75134	-81.50952	-1146.24341	1103.50122	34.44565	-632.44220	1206.79529	35.30696	-1231.30981	929.76996	180.28986	-767.31244	996.26819	60.96393	-900.85431	965.31427	78.08923	-831.66388	913.85193	-190.89656	-707.71277	441.13525	60.26125	-1057.46118	507.83231	-128.08714	-693.59558	114.56708	179.89320	-1041.00952	98.98775	-289.54852	
226	2.250	-721.12512	1415.82239	174.12848	-799.94519	1657.15076	-4.72621	-674.28442	1538.33057	5.26768	-840.88849	1508.81946	162.63550	-682.29102	1412.02661	-58.42651	-998.41071	1409.25269	10.35184	-831.19409	1289.61560	36.83972	-877.47491	1403.57458	-131.70746	-585.28302	1132.63513	-72.70144	-1144.14014	1104.72253	43.92685	-629.16394	1207.62634	43.81081	-1230.82666	926.46521	183.36319	-763.78180	997.74854	70.13764	-897.07220	966.79565	87.46870	-828.90948	914.58020	-181.57387	-699.23975	442.06421	71.37718	-1050.67505	508.03741	-113.89042	-693.39349	109.30684	178.93387	-1043.67542	103.26907	-282.35599	
227	2.260	-716.10797	1417.38184	181.83430	-796.73840	1657.90234	2.45366	-670.26355	1539.11230	13.12504	-837.43481	1510.45105	171.19777	-679.10022	1412.62195	-50.01200	-994.29919	1410.44873	20.27689	-827.18848	1290.89929	46.38494	-873.72839	1403.32776	-120.37348	-581.80884	1133.95605	-64.38622	-1142.46289	1105.47388	52.84199	-623.97809	1209.35828	59.00946	-1229.31226	922.49036	187.33682	-760.09998	999.14771	79.01859	-891.99371	967.91364	95.67847	-826.53540	915.45380	-172.36308	-691.04028	442.93286	83.01699	-1044.12524	507.48856	-99.06761	-693.61804	105.11906	178.59119	-1044.11023	109.49712	-272.64255	
228	2.270	-712.26978	1419.74084	191.66585	-792.62976	1657.88708	10.49586	-666.16461	1538.97766	21.98843	-832.62341	1512.13818	180.47420	-675.92102	1413.50500	-41.91909	-990.56476	1411.03198	30.52217	-822.52484	1291.15625	53.83514	-871.24445	1404.18018	-111.37306	-578.90009	1133.54175	-55.53567	-1140.54382	1106.33728	61.79640	-619.38770	1211.42590	65.51324	-1229.10681	918.89984	191.73537	-754.95624	1000.50665	87.75935	-888.89032	970.10834	103.11045	-823.99609	916.08960	-163.56949	-684.27588	442.18027	93.28442	-1035.30408	507.05637	-83.42725	-693.14038	101.92301	178.16531	-1043.20837	116.73685	-265.71704	
229	2.280	-707.40692	1421.52991	201.94016	-789.42706	1658.43030	18.29807	-662.62115	1540.17249	29.34344	-827.87994	1513.35156	188.80310	-672.49963	1413.91992	-33.49602	-986.87195	1411.78638	40.78283	-818.55225	1291.24304	62.70114	-868.51245	1404.73267	-102.00581	-575.68561	1134.29358	-47.91402	-1138.55957	1107.66504	70.92875	-616.74921	1213.05249	70.42027	-1229.12561	914.73993	192.75870	-751.18207	1000.71588	95.61708	-884.78125	970.12177	111.62654	-822.22577	916.73413	-155.66057	-676.19543	443.64621	103.74046	-1028.53113	506.10205	-67.99289	-693.97675	96.87969	175.27890	-1040.67615	126.21902	-250.96057	
230	2.290	-703.41980	1424.13611	212.23128	-785.59064	1659.00244	26.05306	-659.34174	1540.73730	37.61179	-824.23859	1514.71277	197.75529	-669.59888	1414.82214	-25.39166	-984.71881	1411.67456	49.98351	-815.09088	1292.82288	71.90164	-865.81635	1405.96118	-93.32947	-573.58081	1135.30359	-39.44209	-1136.53870	1108.62061	78.97916	-611.57660	1213.69482	79.93773	-1227.83557	911.09399	195.39345	-748.10791	1000.81677	104.76717	-881.66949	970.98468	123.17313	-820.20294	916.85919	-146.77470	-668.54449	444.79712	115.36951	-1021.21948	504.80908	-52.46782	-696.34265	95.09173	172.07884	-1038.26636	133.70427	-242.45975	
231	2.300	-699.77979	1424.54907	214.56931	-782.06677	1659.68188	34.48475	-655.44208	1541.34778	45.78979	-819.07068	1516.45764	207.62030	-666.12793	1415.47168	-17.43247	-979.68304	1413.07629	61.14247	-811.74176	1294.61047	83.19610	-863.10193	1406.97375	-84.02892	-570.56323	1136.02771	-31.95815	-1134.14856	1110.05359	87.18555	-608.48706	1212.13574	84.20348	-1227.50439	907.58148	197.48433	-742.96729	1000.68671	110.92230	-877.41437	972.62408	130.90460	-818.90112	917.33130	-138.79623	-661.50830	446.45627	126.40494	-1014.36914	504.29230	-34.24309	-696.75696	92.85277	170.24994	-1033.76855	143.88103	-227.91968	
232	2.310	-694.97748	1427.05322	230.00616	-778.83148	1660.57751	42.58423	-651.88855	1541.76013	54.33305	-814.24402	1517.79797	216.49893	-662.94452	1416.31262	-8.90856	-976.29181	1413.87402	70.69024	-807.52789	1295.09900	91.89220	-860.29376	1407.75134	-74.90588	-566.66608	1137.66699	-24.46259	-1131.68201	1111.34827	95.62151	-605.12091	1214.12219	94.37200	-1226.66064	904.66724	198.28207	-739.35529	1001.45129	119.87878	-872.21252	973.55908	139.31195	-817.57336	917.71130	-130.23865	-654.86298	446.96414	134.19273	-1007.31476	504.38690	-17.91158	-697.41077	91.79411	168.12402	-1030.34924	154.64821	-207.36945	
233	2.320	-691.46136	1426.98169	231.52911	-776.60803	1661.92505	49.55100	-648.75189	1543.28638	61.91431	-810.84790	1519.36206	224.78165	-660.00812	1417.39441	-1.36793	-972.99213	1415.00256	80.30757	-803.24927	1295.41174	101.50147	-857.86841	1408.98718	-65.57076	-562.90570	1137.89673	-17.42291	-1128.94678	1112.62598	102.72488	-600.76190	1215.05811	98.82203	-1225.74109	902.50360	199.22583	-735.24847	1001.16034	126.14371	-869.62518	973.78052	148.01372	-815.47156	917.92303	-122.03237	-647.85480	446.96674	142.03557	-1002.08118	502.66431	0.07637	-697.45087	91.17685	165.36664	-1254.20093	741.57666	212.44257	
234	2.330	-686.83148	1429.68408	246.87875	-772.28870	1662.82043	58.62925	-644.77710	1543.35461	70.42064	-806.70612	1521.01709	233.90787	-656.98267	1418.05066	6.30475	-969.88678	1415.87292	90.84251	-800.21417	1297.04407	110.62183	-855.19843	1410.20007	-56.79082	-559.59174	1138.90857	-9.56575	-1126.05322	1113.49646	109.91924	-597.26917	1215.81055	106.94917	-1224.88721	900.94507	199.61577	-730.17902	1002.11670	134.23750	-864.29285	974.16437	155.69376	-813.37042	917.91632	-114.04990	-639.66907	448.26349	148.66020	-996.67548	503.55621	18.32506	-697.13672	91.10918	162.23997				
235	2.340	-683.70953	1429.20581	247.31461	-768.99170	1664.01440	66.48871	-641.62543	1544.51965	78.19719	-802.26477	1521.63708	243.60541	-654.10852	1419.05737	14.61661	-966.49438	1417.29858	100.26852	-797.39197	1297.45947	116.58591	-852.45557	1411.77454	-47.59756	-557.20087	1139.87549	-2.37725	-1123.31018	1114.37671	116.80004	-594.07349	1216.32996	116.95727	-1223.48572	900.27844	200.61357	-727.31946	1002.34863	140.52560	-859.46161	974.81616	164.17862	-813.27783	919.48907	-106.35162	-634.25873	448.20264	153.15533	-991.13177	502.26874	37.40742	-696.79041	91.86129	159.81021	-1021.88293	179.19528	-156.98962	
236	2.350	-679.80988	1429.98242	254.91499	-766.57294	1665.58398	74.06788	-638.73230	1545.81580	86.56334	-798.27063	1523.35681	252.20006	-651.90948	1420.67285	21.90073	-963.31677	1418.41052	110.34527	-794.60730	1298.22656	125.88068	-850.14917	1413.18188	-38.42914	-552.68646	1143.00635	7.66314	-1120.87268	1115.36218	123.16241	-589.66052	1217.52478	125.05637	-1222.09900	900.46863	201.65840	-722.95856	1003.60297	147.91719	-855.54633	975.31329	171.41328	-811.23694	920.71283	-98.77219	-629.28418	448.15207	155.88496	-986.34045	503.14096	57.08408	-695.70068	92.59138	157.83974	-1019.64417	188.33627	-134.01157	
237	2.360	-676.27435	1432.35608	264.24838	-764.09064	1667.15234	82.09351	-635.15332	1547.34680	94.57348	-795.06018	1524.77808	260.81812	-648.46777	1421.70142	30.67300	-959.74036	1420.04285	120.14987	-791.05493	1299.79614	136.31288	-847.31689	1415.27783	-29.14716	-551.32928	1142.94299	11.51960	-1118.28796	1116.60095	129.71333	-586.44946	1218.67749	129.95705	-1220.43909	901.08270	203.01085	-718.86115	1005.95239	156.39360	-850.40051	975.67981	178.32793	-808.94513	922.72369	-91.88377	-624.85211	448.64902	156.94078	-983.15814	503.88504	77.19920	-694.11859	93.12158	156.85303	-1018.03528	195.07495	-111.74455	
238	2.370	-672.56665	1432.91943	272.88666	-758.17303	1668.35547	93.68793	-632.32379	1548.71301	102.26833	-790.86267	1526.29163	269.26019	-645.61523	1423.32678	39.11275	-956.18054	1421.48096	129.79175	-787.92719	1301.49109	146.91766	-845.35944	1418.07166	-21.23799	-547.86377	1144.79785	18.30303	-1115.73706	1118.49084	135.18605	-583.89966	1219.35962	136.81485	-1218.50879	901.93909	205.05367	-715.86011	1006.73004	161.19992	-848.94696	976.41626	187.21069	-806.81940	924.71411	-84.59462	-620.50189	448.37543	157.47031	-978.50891	505.90720	99.19735	-689.85730	93.98602	154.31468	-1017.28424	201.56772	-85.91153	
239	2.380	-668.87762	1434.38269	281.62393	-754.75940	1669.68921	101.66607	-628.67194	1549.93262	110.32991	-787.11462	1528.13904	278.25583	-642.19885	1424.56592	46.81535	-952.82788	1423.21753	139.24837	-784.33093	1302.81140	153.59267	-841.67310	1418.74988	-11.02696	-544.74445	1146.16956	24.37288	-1113.42468	1119.67090	140.54872	-579.42212	1219.75000	148.10292	-1216.43970	902.77576	207.13171	-711.52118	1008.61371	168.28758	-845.36475	976.77362	194.84401	-805.05597	926.97974	-77.05339	-616.36700	448.72919	157.45676	-974.94141	508.95294	121.44855	-688.13715	95.14362	153.46924	-1016.28363	205.51401	-65.12481	
240	2.390	-664.85815	1436.08557	290.06848	-751.63153	1671.79126	109.71380	-625.41486	1551.62109	118.59589	-783.10291	1529.56335	287.04306	-639.25201	1426.66980	54.70213	-949.56409	1424.78198	148.57101	-780.75470	1303.49365	160.23090	-839.22247	1421.13879	-2.78283	-541.22101	1149.18945	30.79754	-1110.85986	1121.27771	145.52690	-575.77814	1221.22290	156.79131	-1214.00793	904.34930	208.96181	-708.33997	1009.94061	173.65611	-841.35992	978.76123	202.13007	-803.40686	929.41095	-69.71886	-613.17310	447.71716	156.96284	-970.33759	512.71704	144.32759	-685.92017	95.60635	151.83865	-1014.88922	211.23682	-40.99734	
241	2.400	-660.08325	1438.32227	305.27466	-748.93866	1673.52856	118.26505	-621.94855	1552.73975	127.20047	-778.87579	1530.76587	295.66217	-635.90118	1427.77039	63.42451	-945.83002	1426.57874	156.93529	-777.23199	1304.42712	166.90579	-836.37854	1423.55774	5.16517	-539.12445	1151.17456	36.13007	-1108.15747	1122.91040	151.04350	-574.32111	1222.41443	159.68904	-1211.62781	905.65857	211.32137	-703.35040	1012.03925	181.56787	-835.01605	981.46149	208.94945	-801.43408	931.22400	-62.28397	-610.35181	447.34232	156.35023	-966.97034	518.86523	167.55528	-683.63147	94.85972	152.94037	-1012.48419	217.80536	-15.17676	
242	2.410	-657.13867	1438.83472	305.57532	-745.11096	1675.26221	126.81097	-618.62219	1554.74402	135.51288	-775.36737	1532.21204	304.24197	-633.03265	1429.26526	70.08385	-942.30408	1427.99011	167.52423	-773.82672	1306.70654	177.27385	-833.15271	1425.52380	13.65832	-536.29651	1151.14343	42.68166	-1105.15002	1124.70093	155.49957	-570.86896	1223.03491	164.95448	-1209.00366	907.05511	213.15756	-699.94153	1013.78406	187.87418	-830.98419	984.82660	219.28021	-800.52930	933.80994	-55.53855	-607.08435	447.22455	154.57430	-962.34692	524.87378	192.45111	-682.04858	95.07267	153.08926	-1009.99200	221.43765	11.21611	
243	2.420	-653.79889	1440.26392	315.21478	-742.54675	1676.93176	134.87665	-615.06055	1556.47766	143.47729	-771.90833	1533.64905	312.46494	-629.66095	1431.48669	77.69244	-938.72284	1429.32178	175.94162	-769.54468	1307.99487	185.64731	-830.07391	1427.36121	22.37432	-533.22443	1152.37976	49.38338	-1102.06470	1126.45544	159.75386	-566.42462	1225.27832	172.23779	-1206.20728	907.92987	215.73537	-696.15430	1015.24847	193.85933	-826.48602	986.37280	226.96718	-799.46234	935.97760	-48.03551	-605.12604	446.33066	153.18806	-957.79340	531.94202	215.66080	-678.81934	93.70492	154.98477	-1007.39343	226.50110	40.17636	
244	2.430	-648.75110	1443.00500	330.49701	-738.37946	1677.94470	144.30403	-611.01636	1558.30847	151.92749	-768.05109	1534.41467	320.81079	-626.36176	1433.11414	85.64701	-935.20959	1430.79907	184.36281	-765.85034	1309.72852	195.69263	-826.49677	1429.17944	30.78882	-529.02258	1156.49841	57.00180	-1098.90308	1127.99609	164.70335	-563.21368	1225.95386	178.50449	-1203.33252	909.67755	216.73305	-692.35767	1016.90472	201.59636	-822.68988	989.00629	234.49359	-798.17303	937.29510	-40.22902	-603.13641	446.37802	150.34409	-951.23450	539.27002	239.07037	-676.87744	93.66519	156.42882	-1004.87012	230.17146	67.31249	
245	2.440	-646.48383	1442.76794	330.29211	-734.85449	1679.31567	152.27034	-607.26855	1559.49512	160.37791	-764.49658	1535.56958	328.95209	-622.41150	1434.79492	93.72734	-931.45471	1432.27063	192.20219	-761.63049	1311.36267	202.23839	-823.11407	1430.76294	39.08936	-527.61218	1155.92810	60.72565	-1095.59229	1129.97534	169.35555	-559.96875	1227.51941	184.60852	-1200.65576	910.46765	218.84557	-689.14160	1017.77222	206.85039	-818.74219	991.07971	241.97937	-797.13422	939.73029	-32.94398	-601.96216	445.70520	147.66371	-945.12537	548.21625	262.45328	-674.19800	93.60455	158.14362	-1001.89526	231.35297	92.27329	
246	2.450	-642.64319	1443.61072	337.23547	-731.47949	1680.54993	160.92041	-603.74939	1560.88806	169.65285	-761.00928	1536.90833	337.28748	-618.80719	1436.34717	100.74766	-927.78699	1433.47961	201.26665	-757.53894	1313.64636	213.70071	-819.47772	1432.42944	47.67496	-525.41089	1157.28210	65.99321	-1092.08716	1131.22986	174.14893	-555.62964	1227.65820	189.42419	-1197.40479	911.70990	219.77722	-684.80023	1019.61664	214.24448	-814.97705	993.35675	249.06136	-796.34235	940.88129	-25.60314	-601.07056	444.68515	145.54515	-938.83490	557.40356	283.63565	-671.69763	92.82989	160.18903	-998.55872	234.47598	122.53985	
247	2.460	-639.00702	1445.12622	345.88834				-599.54114	1562.61255	177.25446	-757.32941	1538.12219	345.43774	-614.64008	1437.05493	108.83253	-923.71716	1434.58911	209.27058	-753.80750	1315.27954	221.87416	-815.70856	1433.69617	56.23952	-521.68115	1159.24072	71.58170	-1088.46985	1132.58655	178.22775	-552.91956	1229.78137	196.89598	-1194.25793	912.71436	221.83113	-681.34357	1020.94238	221.46503	-810.83270	994.19373	257.56003	-795.35699	942.05835	-17.53729	-600.88434	444.80634	143.37724	-932.24561	566.18286	303.56561	-669.30798	92.59660	162.22861	-995.22601	236.37131	150.70341	
248	2.470	-635.16821	1446.55896	354.33282	-722.69568	1682.11292	178.21831	-595.44379	1563.65515	185.89131	-753.78363	1538.90417	353.35007	-610.76581	1438.01709	116.65539	-919.80695	1435.91199	217.77504	-748.95325	1315.64832	229.30884	-811.93231	1434.95007	64.21418	-517.88599	1160.90833	77.14088	-1084.71179	1133.99878	182.38489	-548.11353	1228.92651	201.61694	-1190.84644	913.59344	222.89041	-677.82233	1020.80530	227.43993	-807.10443	995.67102	264.79016	-794.56201	943.36835	-10.27347	-601.36597	444.42722	140.92636	-924.67010	574.13495	321.99518	-666.94128	92.15060	164.71461	-991.65198	238.54988	181.28641	
249	2.480	-630.77039	1447.09338	361.41766	-720.02948	1683.27185	185.42143	-591.96216	1564.79126	194.23674	-750.12994	1539.50891	361.38586	-607.30286	1439.30859	123.76546	-915.85468	1436.74683	225.99065	-745.90851	1317.27771	237.73116	-807.78534	1435.55457	72.83919	-515.03906	1161.50208	83.51394	-1080.63416	1135.35840	186.04846	-544.98627	1229.15894	208.68115	-1187.37427	914.55859	224.93697	-674.60968	1022.10144	233.78320	-803.90491	996.87915	272.73535	-794.05292	944.51337	-2.30438	-602.02771	444.08289	138.73787	-915.92303	581.64532	340.13968	-664.10132	91.95467	166.48631	-986.87860	238.54181	207.18636	
250	2.490	-625.87518	1450.07935	380.15146	-716.61401	1684.73926	192.89102	-587.34863	1565.65112	203.10693	-745.80975	1539.80920	368.77005	-602.78516	1439.99133	131.91360	-911.50635	1436.96606	234.56577	-741.38806	1317.77649	245.22839	-804.17719	1436.59583	80.67110	-512.36407	1162.27283	89.91634	-1076.78088	1136.54651	190.56415				-1183.41528	915.32220	226.24443	-670.38605	1021.95380	240.17503	-800.70764	998.03021	281.17368	-793.32782	945.22913	5.55767	-602.89795	443.82733	137.59146	-906.95966	587.54987	355.80154	-661.80371	91.52575	167.64539	-982.22046	238.61748	234.70879	
251	2.500	-622.92267	1448.90454	378.90250	-712.09210	1684.79932	201.16986	-583.64624	1566.90881	209.83594	-742.33508	1540.74536	376.92783	-599.74268	1440.95276	137.76836	-907.49579	1437.64307	242.68814	-737.22198	1318.93823	252.63837	-800.64319	1437.85437	88.69219	-508.51691	1162.47522	96.80150	-1072.92798	1137.76807	194.91841	-536.10205	1231.86182	223.73947	-1179.61389	915.98486	228.44244	-667.21576	1022.94373	247.82162	-796.76117	998.09271	288.79364	-793.07123	946.57294	13.09055	-603.81940	443.20609	135.48572	-897.87885	592.93677	371.27884	-659.82861	90.54601	169.99826	-976.71265	239.10687	264.28073	
252	2.510	-618.09058	1451.65210	396.32248	-707.07794	1685.31189	210.55338	-579.68616	1567.67261	217.96432	-738.49976	1541.20703	384.63376	-595.45050	1441.51904	145.33681	-903.73352	1438.75708	250.64690	-733.52698	1319.57483	260.40701	-796.54150	1438.87024	97.31535	-506.17157	1164.08496	103.40438	-1068.58105	1138.81848	200.10144	-531.81293	1232.09814	230.14842	-1175.34717	916.50934	230.44388	-664.27997	1022.01227	254.52800	-793.04492	998.78168	296.41934	-793.22504	947.30487	21.04535	-604.66174	443.01160	135.56248	-888.70813	598.54346	385.41910	-657.85004	91.25514	170.52283	-969.75067	238.12791	290.38559	
253	2.520	-614.70398	1450.61011	394.41284	-702.22784	1685.71362	218.18428	-575.40106	1568.38196	225.23590	-734.35461	1541.93091	392.72437	-591.60974	1441.81030	152.24251	-899.45044	1439.41064	259.61398	-728.98401	1319.54248	267.55249	-792.91309	1439.10449	104.29156	-502.69510	1162.92993	109.29218	-1063.79944	1140.20508	204.26006	-526.99377	1230.61316	241.74519	-1171.01575	916.97760	233.28587	-660.35388	1022.20111	261.05426	-789.60980	999.52509	304.14609	-792.03143	947.84143	29.49376	-605.50464	443.22214	134.88657	-880.55249	603.16565	398.08710	-655.31073	90.22177	171.75668	-962.26611	236.45085	317.26352	
254	2.530	-610.90369	1451.20728	402.92603	-698.55585	1686.30579	226.04005	-571.40686	1568.77075	233.54945	-730.32806	1542.65491	400.12027	-587.62927	1441.83521	159.98985	-895.27026	1440.30652	267.56155	-724.71594	1319.55176	274.88354	-789.31256	1440.12476	112.65227	-498.79852	1163.42285	115.11686	-1059.32275	1141.25940	209.68385	-523.07764	1230.48206	241.49878	-1166.33203	917.32825	235.87427	-656.84222	1022.40930	268.26639	-785.75592	999.60034	313.21091	-791.98914	948.74609	37.09818	-607.27258	443.13248	134.38930	-871.49634	606.86865	408.85590	-653.80585	90.52129	172.24820	-954.56744	232.96852	342.87213	
255	2.540	-606.65186	1450.73413	410.31757	-695.14984	1686.60339	233.95605	-566.65839	1568.29114	242.71654	-726.00861	1542.31677	407.70926	-583.59564	1441.87122	166.95883	-890.84064	1440.53711	275.95477	-720.95801	1320.17358	282.49408	-785.68066	1440.18518	120.00188	-495.63889	1163.44080	121.44492	-1054.62952	1142.11340	214.89836	-520.66168	1230.64795	252.54492	-1161.39893	917.78833	239.16011	-653.66412	1021.58075	274.40784	-781.21417	999.84607	320.38196	-791.32672	949.06378	45.89285	-607.89795	442.72845	134.47057	-862.23090	609.91699	418.37741	-652.26141	90.74590	173.59114	-946.18976	229.91422	368.06705	
256	2.550	-602.67859	1452.11768	419.40329	-690.42297	1686.52930	241.30548	-562.98535	1568.92676	249.69136	-721.93732	1542.64380	415.68118	-579.99774	1442.09326	173.48370	-886.28802	1440.27429	285.39606	-716.21490	1320.05530	289.50635	-781.46942	1440.75037	128.67395	-491.31680	1164.86389	128.83987	-1049.87927	1142.99438	220.39427	-515.65253	1230.62891	255.37366	-1156.23083	917.96606	241.65594	-648.35199	1022.33453	281.74591	-777.33771	1000.17615	328.56049	-790.52234	949.70898	53.68631	-609.15375	443.26636	134.99150	-854.43604	612.86273	428.91492	-650.95856	90.36024	175.28107	-936.98407	226.53629	395.17706	
257	2.560	-598.19977	1452.56726	426.99008	-686.12885	1686.77612	248.74440	-558.52997	1569.05444	257.40482	-717.88354	1543.15918	423.05569	-576.38965	1441.94714	179.58099	-882.18433	1441.04468	294.19763	-711.78589	1319.57227	296.72672	-778.67090	1441.44849	135.93330	-487.93835	1163.15564	135.97543	-1045.27063	1143.51782	227.02650	-512.89636	1230.72327	265.41913	-1151.08923	917.98694	245.71968	-645.08154	1021.77759	287.87265	-772.55743	1000.07556	336.47595	-789.98157	950.17230	62.52052	-608.95300	443.20432	135.65446	-847.41815	615.33667	438.24048	-649.59094	90.52337	175.90894	-926.78308	221.61630	425.27209	
258	2.570	-593.32422	1453.05774	442.78552	-681.51318	1686.95691	256.29694	-554.64807	1568.94653	264.16281	-713.65643	1543.14221	430.76855	-572.72650	1441.76819	186.34521	-877.50867	1440.83093	302.65100	-707.41522	1319.09741	304.02881	-774.83044	1441.19531	143.92769	-483.85904	1162.74231	142.94424	-1040.56628	1143.86853	233.87587	-507.94662	1230.33435	270.38290	-1145.92175	917.65204	250.23093	-641.56512	1021.70471	294.53735	-768.32098	1000.68475	344.28699	-788.66388	949.55457	71.46466	-609.47363	442.81552	137.09268	-839.64258	615.37640	446.01541	-648.23096	90.10836	177.59232	-918.94812	213.56306	445.54367	
259	2.580	-589.44800	1451.54785	441.45636	-677.66266	1686.39307	263.88242	-550.06464	1568.53833	272.74200	-709.45123	1543.48865	438.45639	-568.82281	1441.52466	193.65984	-873.17780	1441.19653	311.83704	-703.08246	1319.00220	311.44153	-771.40448	1441.95239	151.85443	-480.25394	1163.59705	150.07645	-1035.74048	1144.26501	240.59784	-502.98602	1229.52856	277.54654	-1140.60620	917.12799	255.12575	-637.58081	1021.61426	302.29752	-763.61163	1001.07928	352.68051	-787.58618	950.26190	79.46975	-609.26337	442.67398	138.66353	-832.97864	614.50745	453.78073	-647.61743	89.79875	178.79271	-909.99414	204.85182	467.21753	
260	2.590	-585.08875	1451.85046	448.23138	-672.96625	1686.33704	271.21765	-546.16199	1568.90894	278.65329	-704.87543	1543.24463	446.02655	-564.86761	1440.93005	200.32402	-868.37195	1440.86731	320.57889	-698.45111	1319.03870	318.64130	-767.95929	1441.87012	159.94759	-477.58447	1161.49805	155.58730	-1031.13538	1144.08911	248.86836	-499.36789	1228.59570	285.59668	-1135.18640	916.64001	260.68909	-633.31183	1020.84784	308.41284	-758.72961	1000.80603	360.98343	-785.86908	949.44977	88.73559	-609.56305	441.77786	140.37376	-826.39191	612.32928	459.93112	-646.77094	89.35931	179.25955	-900.78418	195.25797	486.88284	
261	2.600	-580.94324	1451.29211	455.24985	-669.21881	1686.38110	278.58972	-541.83264	1568.46423	286.70316	-700.60956	1543.21228	453.27054	-561.22516	1440.28564	205.99376	-863.75354	1441.00684	329.24933	-694.09882	1318.59363	326.19019	-764.46436	1441.87231	167.83687	-473.08282	1160.98669	162.34081	-1026.38818	1144.07129	257.03561	-496.19894	1228.77917	293.87814	-1129.67224	916.03595	266.23688	-628.43848	1021.49078	315.97327	-753.96277	1001.24646	369.66592	-784.26599	949.54633	97.28085	-609.33441	441.17871	143.66199	-820.77386	608.66791	465.48114	-645.86029	88.67989	180.05846	-889.58923	188.32390	513.43732	
262	2.610	-576.95422	1452.01245	463.36832	-665.00446	1686.20679	285.76852	-537.75476	1568.21155	293.77942	-696.21002	1542.88123	460.44061	-557.81085	1440.29272	212.46765	-859.44659	1440.92175	338.10092	-689.79510	1318.49487	333.87921	-761.19452	1441.67310	176.01788	-469.52341	1160.20618	168.92154	-1021.79797	1143.82019	265.64337	-491.71402	1226.59778	298.09653	-1124.20984	915.15881	272.41144	-624.25208	1020.89972	322.16653	-748.64966	1001.05920	377.79700	-782.63385	949.51935	106.35871	-608.88367	440.59869	145.64503	-816.04401	603.91956	470.85635	-645.01605	88.07617	181.83755	-877.88489	179.04382	532.52094	
263	2.620	-572.27948	1451.23303	470.26074	-660.61646	1685.82715	292.99045	-533.19464	1567.79724	301.17108	-691.89740	1542.47144	467.79413	-554.17859	1439.73865	218.99263	-854.52283	1440.78223	346.89441	-685.02563	1317.73804	341.53668	-757.80487	1441.43909	183.48299	-465.65314	1160.14612	175.30855	-1017.32117	1143.47522	274.42047	-488.36066	1228.09192	306.94040	-1118.89905	913.96606	279.87607	-619.76520	1020.63013	329.12231	-743.21521	1000.82642	385.99344	-780.90680	949.11194	115.15520	-608.28333	440.28568	148.42729	-811.77710	597.86432	475.34805	-644.72284	88.11813	182.35931	-864.46857	171.43498	553.71765	
264	2.630	-568.45685	1451.08801	478.86163	-656.31421	1685.55298	300.07132	-529.48767	1567.50159	307.74579	-687.35065	1542.16553	474.88068	-550.79254	1439.40527	225.13124	-850.29608	1440.19629	356.14377	-680.71735	1317.57727	349.21191	-754.73956	1440.61829	191.77025	-462.98346	1159.97498	182.27682	-1013.08276	1142.53711	284.63708	-483.84448	1226.90137	311.96548	-1113.22559	913.03302	286.87610	-614.94818	1020.20746	336.50336	-738.14667	1000.54370	394.59586	-778.58447	949.36761	123.66904	-607.83289	439.95151	151.44252	-808.12885	591.58319	479.91620	-644.15186	87.35532	183.99295	-850.57593	165.98503	574.80536	
265	2.640	-563.62323	1450.42542	484.04254	-652.22168	1685.22778	306.98044	-524.88904	1566.83936	315.47455	-682.80377	1541.92773	481.94073	-547.32690	1438.85071	231.51616	-845.54095	1439.45813	364.91241	-676.67114	1317.99646	357.00461	-751.62299	1440.05762	200.02299	-458.08423	1160.76160	190.58928	-1008.66675	1142.01367	293.84326	-480.39651	1226.78149	317.40930	-1107.57800	912.02405	294.67343	-610.43805	1020.16376	344.34000	-733.21558	1000.39984	403.74948	-775.87140	948.19550	132.81610	-607.34576	440.08502	155.24066	-805.28156	585.10883	482.15253	-643.25183	86.48300	184.63000	-834.30157	163.82672	596.95685	
266	2.650	-559.77765	1449.86377	492.19254	-648.79987	1684.35583	313.88416	-521.57336	1566.88843	321.56665	-678.82458	1542.08044	488.98358	-544.14221	1438.43860	237.81778	-840.93909	1439.03308	373.83472	-671.69934	1317.18713	364.31137	-748.62933	1439.02893	207.74141	-454.72372	1159.99365	196.60876	-1004.28229	1141.06006	304.51620	-475.61432	1227.23340	321.88876	-1102.02087	910.64557	303.94016	-605.53870	1019.41968	351.81497	-728.03668	1000.16742	412.15298	-772.93823	947.48407	141.94199	-606.85992	440.18945	158.71593	-802.99170	578.04468	483.72861	-642.23828	85.78526	185.11189	-818.71704	162.63161	615.82825	
267	2.660	-555.06073	1449.58484	496.94534	-644.41772	1683.87964	320.53128	-517.64441	1566.15442	328.56039	-674.70441	1541.45691	496.03461	-540.58954	1437.97095	243.96239	-836.71118	1438.05774	382.80984	-667.34552	1316.66492	371.72412	-745.26831	1437.33862	217.19022	-450.80362	1158.48633	202.49466	-999.80933	1139.96692	315.32996	-471.84454	1228.10632	331.91101	-1096.55078	909.05762	313.37079	-601.00000	1018.83881	359.54092	-722.84186	999.60962	420.95435	-770.07837	946.45428	150.73445	-606.63538	439.44949	162.65242	-802.63409	571.72827	483.03656	-641.54431	85.29485	184.54575	-801.88916	165.28847	636.97137	
268	2.670	-551.07916	1450.47180	505.42624	-641.42242	1683.03711	327.17642	-513.81226	1565.44983	335.13336	-670.91217	1540.99146	503.05499	-537.23547	1437.29260	250.02002	-832.03387	1437.19800	391.23581	-662.63928	1315.90259	378.73044	-742.36902	1436.66541	225.09517	-447.55270	1157.99036	208.55016	-995.52161	1138.08350	326.45871	-467.07599	1226.85583	338.63348	-1091.00427	907.08606	323.31818	-596.82977	1018.78217	367.19904	-717.71704	998.98914	429.51422	-767.18585	945.42719	159.55154	-605.61646	439.34402	167.41241	-802.21436	565.68732	481.75436	-640.76007	84.45557	185.89615	-784.50574	170.37531	655.30640	
269	2.680	-546.35260	1448.86401	511.59027	-638.49384	1682.49365	333.90417	-510.13599	1565.00305	341.38593	-666.59186	1540.59460	510.08472	-534.17981	1436.88599	256.26575	-828.10828	1436.59570	400.36420	-658.49078	1315.70825	386.02249	-739.66241	1435.57983	233.08487	-443.58920	1157.80859	214.85416	-990.95874	1136.55066	337.36035	-463.39600	1227.77026	343.37744	-1085.85547	904.63721	333.63348	-591.59161	1017.44824	373.74268	-713.00891	998.58398	437.70551	-763.78809	943.93158	169.10039	-605.21118	439.09558	172.36275	-802.89221	560.53192	481.27527	-640.10590	83.70149	186.19902	-767.07727	176.23250	672.68909	
270	2.690	-542.76624	1449.59485	520.54675	-634.30359	1681.71216	340.23318	-506.34750	1564.50146	348.09009	-662.17493	1540.12463	517.11029	-531.12183	1436.52405	262.43118	-823.52661	1435.52283	408.62155	-653.96045	1315.08398	393.07782	-736.96478	1434.32263	240.94727	-439.21759	1157.77441	221.70280	-986.45819	1135.07935	347.86230				-1079.38806	902.38525	347.15097	-587.90350	1015.74030	382.58209	-708.42407	997.67993	446.74246	-760.36896	943.11707	177.52286	-604.44910	438.50525	178.30486	-799.51947	555.64838	479.18387	-639.71033	83.41419	186.11263	-749.06787	183.54214	686.17621	
271	2.700	-537.92505	1449.41028	525.55237	-631.04987	1681.02222	346.76306	-503.30606	1564.08276	353.66019	-657.51123	1540.13391	523.98541	-528.28717	1435.82971	268.97464	-819.63062	1434.25525	417.42670	-649.77460	1314.49170	400.31955	-733.97095	1433.23572	248.48840	-436.94476	1157.30139	226.92696	-981.77631	1133.02905	359.58157	-454.51001	1226.91797	357.01147	-1072.49792	899.32166	358.94992	-582.59564	1016.36035	390.98904	-704.14020	997.34528	455.04102	-757.11621	941.96130	186.61353	-603.58179	438.22754	185.12016	-793.88409	553.37775	476.57541	-639.49054	82.47367	186.55481	-732.79614	192.08058	699.57440	
272	2.710	-533.82501	1449.15857	532.76007	-627.47437	1680.26196	353.35229	-499.70795	1562.98669	360.11859	-653.48175	1539.83887	530.98016	-525.39575	1435.39575	275.30487	-815.61139	1433.46436	425.96927	-645.51184	1313.48425	407.55212	-731.39398	1432.08105	256.35468	-432.62656	1157.56421	234.20612	-976.92639	1130.78833	370.78891	-450.35028	1226.97266	360.89981	-1067.52588	897.50543	371.59726	-578.85846	1015.01172	398.73306	-699.21381	996.29419	463.57843	-752.88501	940.57709	195.44987	-601.94885	437.15314	192.66084	-783.57178	553.91992	476.83188	-638.87677	81.14559	187.11542	-715.73157	199.72926	710.21326	
273	2.720	-529.63293	1449.65125	539.67621	-624.32080	1679.74695	359.51428	-496.67447	1562.36597	366.22922	-649.36859	1539.52466	537.78864	-522.50897	1435.11890	281.44092	-811.57391	1432.17383	434.28632	-641.39453	1313.20105	414.78116	-728.86072	1430.76477	264.11234	-430.57889	1156.95581	239.69972	-971.77191	1128.38086	381.80127	-445.56375	1227.18701	365.66440	-1061.17896	894.93610	384.21191	-574.33777	1013.53479	406.84967	-694.75458	996.26898	472.14410	-748.48865	938.54822	204.64969	-600.47284	437.35580	198.61517	-772.57538	555.60730	479.45804	-638.43695	80.37022	187.35468	-699.30560	207.08119	722.33215	
274	2.730	-524.91840	1449.36548	544.56787	-621.56653	1678.17615	366.53577	-493.17969	1561.75830	372.29770	-645.32318	1539.18494	544.86395	-519.82538	1434.74463	287.05350	-807.77155	1430.99133	443.17230	-637.26532	1312.57959	422.08032	-726.27191	1429.76038	271.89795	-426.94583	1156.25989	245.24457	-967.15192	1126.28723	393.15366	-440.92938	1228.00793	376.65274	-1053.33154	890.45068	397.30701	-569.62775	1013.81390	415.13586	-689.72046	995.71088	480.73145	-744.56415	937.37805	214.13828	-598.02679	436.46951	207.17603	-759.61871	554.84473	481.46185	-638.15869	79.75314	188.19385	-683.16736	214.63116	732.10315	
275	2.740	-520.79572	1449.15588	552.07959	-619.04718	1678.72778	372.66693	-490.15533	1561.47107	378.44333	-641.06866	1539.11865	551.75531	-516.86835	1434.21802	293.34628	-804.20538	1430.38989	451.29462	-633.10791	1312.10620	429.43088	-723.77673	1428.85681	279.51053	-423.59152	1156.53052	250.63893	-962.00104	1124.02039	404.11597	-437.39886	1229.01306	385.49069	-1046.43213	887.75098	410.78473	-566.14557	1012.84833	423.49127	-684.77777	995.95502	490.10529	-740.19940	936.01099	224.23877	-595.29602	436.73331	214.54665	-751.00653	555.85834	488.19702	-637.91858	79.95617	188.39758	-668.27856	221.59703	739.20441	
276	2.750	-515.97736	1448.97314	557.37860	-615.72693	1678.58569	379.31845	-487.05884	1560.86829	384.67624	-636.76794	1539.24744	558.75983	-514.08209	1433.84167	298.92709	-800.58917	1429.51819	459.73886	-628.94604	1311.73523	436.86499	-721.40796	1427.87195	287.38644	-419.65991	1156.94885	256.37793	-957.13275	1121.78345	415.53741	-432.49103	1227.89783	385.76077	-1039.83484	885.06458	424.68939	-560.78931	1012.33801	431.64233	-679.46619	995.68396	499.50723	-735.85101	934.55017	233.80521	-592.37329	436.15750	223.31252	-742.85046	556.96136	496.24808	-637.57990	80.46346	189.37625	-652.92322	228.29831	747.42865	
277	2.760	-512.45056	1449.99731	566.19061	-612.96674	1678.49109	386.03561	-483.76889	1561.23694	390.58743	-632.55756	1539.24219	565.63159	-511.41541	1434.30005	306.01947	-796.94214	1428.88794	468.13565	-625.02905	1311.41406	443.72028	-718.88196	1427.09937	294.80533	-417.04840	1156.36755	262.49493	-951.98566	1119.97363	426.87610	-425.93921	1229.34424	392.10483	-1032.28125	881.95319	438.42343	-556.11780	1013.05286	440.11624	-673.96179	996.37433	508.30389	-731.18427	932.81018	243.74167	-588.94647	436.01608	232.83780	-733.42993	557.20453	503.38406	-636.95599	82.03891	189.63983	-637.10724	234.35333	755.60016	
278	2.770	-507.39816	1450.10242	570.21466	-609.09686	1678.95996	392.69620	-480.55463	1562.04272	396.09116	-627.80396	1540.08289	572.60626	-508.79840	1434.36230	311.51962	-793.37793	1428.81970	476.19244	-620.94379	1312.16638	451.79636	-716.61780	1426.92834	302.59695	-415.14954	1156.25598	268.45724	-946.84143	1117.93982	438.45837	-422.72574	1228.13562	403.64667	-1025.09082	879.86737	452.33823	-550.77606	1014.11011	447.41068	-667.89673	996.30139	517.13849	-727.41089	932.83038	253.28198	-584.66394	435.56006	242.62634	-724.84796	556.89587	511.57486	-636.54706	83.56720	190.44211	-623.02899	237.06100	762.89502	
279	2.780	-502.89511	1450.03345	576.05688	-605.27563	1679.75525	399.91025	-477.55746	1562.78540	401.93665	-623.58331	1540.97986	579.57593	-505.21750	1434.75879	317.71802	-789.72766	1428.90442	484.55023	-616.62286	1312.92078	458.94366	-714.26556	1427.37976	310.36176	-412.40909	1157.36316	273.66385	-941.69507	1116.65051	449.95779	-419.22137	1229.70630	402.89313	-1017.53876	877.80542	466.92291	-545.62671	1014.35358	455.09097	-661.65137	996.73480	526.54077	-723.45441	932.82214	262.61328	-580.67932	436.25616	252.05960	-717.53174	555.89197	520.35413	-634.88251	86.42715	193.15005	-608.69885	239.66386	769.52979	
280	2.790	-499.05707	1451.05725	583.72272	-602.33234	1681.13147	407.03943	-474.26425	1562.87463	408.43787	-618.76709	1542.01624	586.77234	-502.99185	1435.92896	323.10999	-786.06714	1429.32324	492.61725	-613.28656	1314.36292	466.40579	-711.95184	1427.89148	318.24057	-408.92316	1159.32300	280.40308	-936.34564	1115.72656	461.60782	-416.07162	1230.03040	408.16428	-1008.99591	875.62885	481.01450	-540.85626	1016.27667	462.51489	-655.74689	997.66351	534.97504	-719.42151	932.87469	271.97061	-575.99207	436.76208	262.69250	-709.94159	554.99414	529.20361	-634.54858	88.30532	193.02501	-593.87372	240.28519	776.43127	
281	2.800	-494.24445	1451.44299	588.40521	-598.54535	1681.25891	414.19156	-471.55231	1563.72485	414.62344	-614.25476	1543.21729	594.03131	-499.91110	1437.56030	329.47018	-782.09326	1430.16553	500.98627	-608.60284	1314.32520	470.59766	-709.08417	1428.43616	325.32684	-410.65308	1156.78186	285.12775	-930.66724	1114.98108	472.94617	-412.48697	1230.49561	412.80389	-1001.18207	874.28473	495.81891	-534.29816	1018.19482	470.39493	-649.67889	999.15698	543.26880	-716.14270	933.96527	281.46652	-572.02258	438.10181	273.14081	-703.09937	554.43158	538.22577	-633.34155	91.89085	194.15782	-579.66815	239.74692	780.76190	
282	2.810	-491.27792	1453.38660	597.40710	-596.45795	1683.23706	421.00626	-469.23087	1565.46545	418.93372	-609.97729	1544.44458	601.14056	-497.57407	1439.25037	334.75098	-777.68512	1431.09045	508.97156	-604.57623	1317.21350	480.38071	-706.52838	1429.59155	333.06229	-405.49963	1160.42688	290.35413	-925.30768	1114.93213	484.64755	-408.79422	1231.06641	425.20648	-993.29010	874.09229	510.83624	-528.79376	1019.56250	476.03174	-642.26813	1000.70477	551.71112	-712.71790	934.86743	290.48526	-567.40704	439.82016	283.58850	-696.55420	554.65186	547.57892	-631.86707	95.45892	195.25986	-563.92218	239.20433	785.95691	
283	2.820	-485.98959	1453.46594	599.78815	-592.35394	1684.44983	427.67865	-464.69699	1565.77795	427.33820	-606.24573	1545.44006	608.09308	-495.80280	1440.23181	341.24347	-773.40973	1432.32068	516.93573	-600.01447	1318.57056	487.38928	-703.63409	1430.50574	340.33585	-404.61612	1160.97461	295.35379	-919.59283	1115.40173	496.09207	-405.41074	1232.36084	431.29825	-984.80579	873.76196	526.03156	-523.01605	1022.22473	482.53558	-635.44141	1002.72357	558.66010	-709.45496	936.10559	299.40094	-562.55505	442.17014	294.50711	-691.12683	556.60443	557.69696	-630.77972	101.34397	198.51149	-550.34491	237.08606	788.01190	
284	2.830	-483.04639	1455.42273	608.73993	-589.24744	1685.28796	434.21869	-461.74194	1566.69409	433.12161	-601.61401	1546.17249	614.72864	-493.11102	1441.71399	347.28406	-768.91663	1433.41699	524.49048	-595.62335	1320.56592	494.38467	-700.81085	1431.04895	347.59341	-402.55222	1162.40479	300.27423	-913.74744	1116.00000	507.63611	-401.80029	1234.55396	435.17691	-976.07611	873.78278	541.13879	-517.72174	1024.23889	488.22052	-628.19971	1005.56372	565.78235	-706.08032	937.55151	307.63184	-558.52185	444.69501	306.82175	-686.81360	560.01794	568.30481	-629.50049	106.97678	201.83421	-538.39276	235.92424	788.98962	
285	2.840	-478.07092	1455.87659	611.29120	-586.00751	1685.71997	441.34927	-458.50055	1568.71582	438.62201	-598.40826	1546.82898	621.37573	-490.24512	1443.58337	352.20853	-764.66437	1434.69214	532.37219	-591.21948	1322.34180	501.26553	-698.18066	1431.61279	355.15005	-401.26605	1163.88672	304.51801	-907.60089	1116.51392	518.98096	-398.63184	1236.86816	436.08331	-967.67175	873.89038	556.68140	-511.03021	1026.03418	492.66644	-621.27197	1008.29315	572.57715	-703.50488	938.90973	316.51022	-553.69434	446.83545	320.28049	-681.76813	562.19672	577.94312	-628.40393	113.99963	206.31462	-526.34344	233.38852	789.07617	
286	2.850	-474.96054	1457.36316	619.43555	-583.72333	1687.66003	447.44244	-454.80991	1569.43921	445.58759	-594.16571	1547.39087	627.34064	-487.59387	1444.61157	357.63831	-759.98328	1435.69653	540.14990	-586.74457	1324.19507	507.75351	-694.85565	1432.21973	361.95743	-400.08859	1164.70886	309.60287	-901.76270	1117.16309	530.79474	-395.63498	1239.58167	437.89603	-959.35388	874.78485	572.50391	-505.13440	1028.73950	497.96771	-614.85461	1011.16980	580.11700	-701.19702	939.74597	324.89423	-548.67792	447.98578	332.96512	-677.22034	564.40948	588.52032	-627.10529	121.50509	211.34592	-515.18500	229.47780	787.55981	
287	2.860	-470.18475	1458.14465	622.81226	-579.30255	1688.38513	453.66611	-452.35944	1571.73352	450.05673	-590.87653	1548.60657	633.78796	-484.45862	1446.42737	361.72629	-754.93610	1436.85364	547.62415	-582.00964	1325.63220	513.97382	-691.89209	1432.58264	369.10168	-398.88144	1166.97888	315.07315	-895.65741	1117.76294	542.86444	-391.23422	1240.71082	449.30078	-949.51270	874.53589	587.99561	-499.71478	1029.52856	501.98471	-607.02924	1013.61285	586.39130	-698.56030	940.33789	333.84366	-544.48999	448.54852	346.53506	-673.65167	567.38147	599.49792	-625.60565	129.58221	217.64595	-505.28812	225.17191	784.87750	
288	2.870	-466.95688	1459.20447	630.74933	-576.33362	1689.30396	459.99951	-447.45425	1572.77808	457.38278	-586.94220	1548.72253	639.34833	-481.52704	1447.11890	367.39246	-749.89557	1437.36182	554.99146	-577.83002	1327.48816	520.26465	-688.71130	1433.01221	376.00052	-395.35184	1167.11414	319.07001	-889.18677	1118.03235	554.38306	-388.09277	1244.20801	448.21506	-941.49548	874.87872	605.77948	-493.34085	1031.47156	506.96991	-600.16455	1015.82916	592.71002	-696.87622	940.99567	342.83951	-539.05542	448.59283	361.73068	-669.89362	569.16376	610.56232	-624.92139	136.93639	225.16922	-496.33493	218.03532	780.50714	
289	2.880	-462.31290	1459.97864	634.84692	-573.35669	1690.39429	466.26089	-443.29935	1574.04773	462.91217	-582.97278	1549.48499	645.20020	-478.19611	1448.79553	370.89542	-744.56403	1438.11902	562.55090	-572.17786	1328.63892	525.63336	-685.32532	1433.15515	382.56552	-394.01208	1168.98096	323.49677	-882.44873	1118.06628	566.48016	-384.12167	1245.87427	450.30447	-932.20905	875.48602	620.38391	-487.82355	1031.91711	511.43457	-593.06952	1017.37927	598.72632	-694.92285	941.62415	351.60123	-532.58325	448.23566	377.42743	-666.01361	570.07697	621.81885	-623.54584	144.78465	232.72801	-487.88016	212.88860	777.92139	
290	2.890	-458.29910	1460.58997	641.16632	-567.92352	1690.32996	472.79990	-439.14005	1575.37427	469.77905	-579.32910	1550.07434	651.12665	-474.77878	1449.78723	375.43317	-738.92072	1438.80200	569.78845	-566.38196	1329.80994	530.89734	-681.91766	1433.99512	389.43799	-392.49167	1169.14160	327.97327	-875.50922	1118.33496	578.15527	-380.10214	1248.05957	453.37436	-922.25061	875.12939	636.01904	-481.70407	1032.21875	515.22827	-586.50568	1018.64221	605.22968	-692.65228	941.73163	359.84000	-524.14777	447.39740	393.50949	-664.41486	570.83124	629.68524	-621.84460	153.13055	243.29457	-479.13934	204.84448	773.62421	
291	2.900	-453.58383	1461.45728	646.27118	-564.99829	1692.35803	478.57321	-434.57382	1577.16736	475.98676	-575.28723	1550.71033	657.30475	-471.33524	1450.90759	379.07294	-733.34283	1439.01660	576.99304	-561.28955	1331.08057	536.62415	-678.53687	1434.70288	396.29550	-389.66144	1170.33276	331.71735	-868.15240	1118.33618	589.95129	-375.95374	1249.72717	457.35303	-912.12714	875.16809	652.90076	-476.41418	1032.58862	520.96466	-580.15930	1019.13599	611.34595	-690.06049	941.71576	368.12985	-513.69629	450.88391	406.91336	-660.22632	570.97931	644.03680	-619.02264	160.96730	253.34444	-473.15866	197.47719	768.40472	
292	2.910	-449.29529	1462.80847	652.99689	-560.34784	1693.56079	484.73712	-429.96158	1578.16296	482.50687	-571.07666	1551.57214	663.17603	-467.67053	1451.69800	384.24750	-728.23541	1440.02686	583.18701	-556.62463	1332.35461	542.76172	-674.54999	1435.31689	402.60229	-386.73746	1170.75012	335.44400	-860.68195	1118.04688	601.98639	-371.52930	1250.35571	460.13977	-901.33618	876.03210	669.71710	-471.44568	1032.95959	526.62982	-574.19550	1019.05310	617.80817	-687.58954	942.51831	375.55103	-501.41998	458.15900	417.34750	-656.63098	570.67480	655.28876	-616.25269	169.84148	265.42560	-467.86923	190.73663	763.44214	
293	2.920	-444.70212	1463.63098	659.51611	-556.39532	1694.84436	490.77097	-425.30075	1579.49414	488.25443	-566.34320	1552.65564	668.96143	-463.99765	1452.65161	388.83368	-722.33850	1440.35107	591.36755	-550.90051	1333.39404	548.62000	-669.45062	1434.89929	409.02289	-384.81464	1169.74353	339.23859	-852.86987	1118.09998	613.07373	-367.32315	1251.40002	461.98105	-890.89478	876.46100	686.15015	-466.41031	1033.16394	530.67944	-568.41443	1018.63110	623.91870	-683.88806	942.72522	382.95596	-488.31369	464.55130	427.24783	-653.09985	570.19714	667.64673	-611.70599	178.14569	278.53778	-464.04581	183.95551	757.84674	
294	2.930	-439.77460	1464.20581	665.45013	-550.77960	1695.43188	496.62823	-420.53171	1580.57996	493.76358	-561.60461	1553.50806	674.78088	-460.33600	1453.62231	391.90009	-716.56506	1441.35242	598.66534	-544.80536	1334.17700	554.74902	-666.93457	1437.41760	415.93295	-381.14365	1171.76709	343.15451	-845.09790	1118.20349	624.96820	-361.75995	1251.58044	470.85809	-880.30231	878.08270	703.86902	-461.00690	1032.95911	535.84125	-563.03320	1017.96106	630.14081	-680.19867	943.77203	390.20612	-475.31403	470.65353	438.46942	-650.40222	569.56189	677.37067	-605.07947	185.40945	291.35544	-461.78012	178.18495	751.94458	
295	2.940	-434.68698	1464.93286	671.32007	-546.51392	1696.81201	502.85736	-415.79016	1581.31067	500.48828	-556.74200	1554.46606	680.28534	-456.47543	1454.62048	397.58289	-710.59357	1441.92578	606.00824	-539.01489	1335.20764	561.02271	-663.33618	1438.51416	422.83051	-379.06143	1172.01147	346.49918	-836.93549	1118.51038	636.15857	-356.39511	1251.67041	470.56775	-869.17310	879.96552	721.16119	-457.07144	1032.79968	540.62543	-557.67853	1017.39081	635.55652	-676.05963	944.75269	395.63907	-462.32730	474.30905	449.35419	-646.78864	568.55164	690.72485	-599.13202	193.75407	306.63104	-460.27365	174.02231	747.14386	
296	2.950	-430.31744	1466.73181	679.27435	-542.34485	1697.75659	508.94769	-408.91870	1581.97827	507.79224	-552.02075	1555.09790	686.46057	-452.63504	1455.50415	402.43753	-704.91772	1442.88928	612.95386	-534.40869	1333.33630	557.66473	-659.17700	1439.86499	429.15833	-375.43442	1172.20691	349.61411	-828.24908	1118.86877	647.49420	-352.02057	1252.70776	472.47626	-856.77039	881.59998	738.39404	-452.71521	1033.95642	545.92053	-553.00732	1017.68164	641.38818	-671.67090	946.00879	402.10303	-449.14981	476.93796	460.92194	-642.93542	569.60858	703.22083	-590.63165	201.77638	321.28699	-460.11520	171.32208	741.23248	
297	2.960	-425.39676	1467.57593	685.79358	-536.24030	1698.02173	515.01978	-404.39395	1582.65857	513.19513	-546.75171	1556.15076	692.21753	-449.77448	1454.16382	407.49649	-699.02734	1443.77246	620.19147	-528.91516	1333.63110	562.87103	-655.32782	1441.03650	435.72748	-371.59055	1174.22668	352.61591	-819.56952	1119.45557	658.92328	-347.14053	1253.15942	475.00058	-845.13855	884.69202	755.59137	-449.30002	1035.16504	550.71680	-547.52026	1018.45880	646.69598	-667.64703	947.08868	407.01965	-435.47900	478.48282	472.38403	-638.98364	572.43335	714.34448	-580.80054	207.66591	339.07211	-461.21667	169.84250	734.43109	
298	2.970	-420.13513	1467.91370	690.24719	-530.97418	1699.45874	520.22980	-398.09894	1583.56616	519.50317	-541.72174	1557.17444	697.97223	-445.59622	1455.49011	412.16428	-692.17377	1443.55603	626.79828	-523.86987	1334.01404	569.33240	-651.31268	1442.37146	442.53598	-368.16843	1175.07458	356.27789	-811.12640	1120.72559	670.14374	-342.53394	1253.25586	476.80441	-832.28644	887.88306	772.61493	-444.07742	1036.37305	556.20972	-542.64771	1019.55890	652.14484	-663.30115	948.23376	412.55884	-422.18018	480.30289	484.17719	-634.60431	576.38068	727.05591	-569.43933	215.57674	351.13303	-462.93088	170.67543	728.50677	
299	2.980	-414.71194	1468.14319	693.63177	-525.98706	1700.41455	526.23907	-394.24844	1583.45117	524.40240	-536.59088	1558.13989	704.05469	-441.35971	1456.31384	416.67017	-686.28253	1444.70752	633.60498	-519.07971	1335.24976	575.43152	-646.71606	1443.71570	448.56949	-365.56638	1174.85120	358.81018	-803.05505	1122.23193	681.92438	-337.04614	1253.93921	485.85114	-819.59430	891.50464	790.67102	-440.26456	1038.23083	560.58472	-537.50745	1021.10229	657.15918	-658.76843	949.49695	417.80823	-406.12546	483.22272	494.68469	-629.56110	579.38470	735.56757	-556.80774	220.31656	366.82675	-463.29639	170.15968	723.83429	
300	2.990	-410.16016	1468.73413	699.39075	-520.67792	1701.10718	532.25018	-388.24316	1584.27698	530.55640	-531.04529	1558.86743	709.77258	-437.15823	1457.27466	421.40948	-679.65417	1445.88025	639.93573	-513.65411	1335.42297	579.12311	-642.28162	1444.65894	454.81821	-360.77774	1177.06592	362.00241	-794.78308	1124.46875	693.03638	-332.17761	1255.36145	488.00262	-806.12158	894.68292	805.98657	-435.46463	1039.72998	564.90985	-532.31097	1023.48425	662.83405	-654.53674	950.97412	423.28650	-389.55609	487.21777	505.74536	-624.62750	582.28278	742.47626	-543.68280	224.89963	382.23276	-465.83783	170.82828	719.23077	
301	3.000	-405.19382	1469.05286	704.49133	-514.79193	1701.71631	537.73602	-382.55453	1584.60144	535.53375	-525.31683	1559.59680	715.24103	-432.68781	1458.64917	425.59976	-673.00208	1447.10229	646.69635	-508.30875	1335.76636	583.15771	-637.93665	1445.90759	461.28033	-356.39822	1178.15222	365.08664	-784.91547	1125.73779	705.51288	-327.24466	1256.25977	488.78708	-793.01593	899.15430	823.06189	-430.22992	1042.16504	570.32922	-525.58118	1025.51587	668.95166	-649.85455	951.98309	428.57678	-373.67200	491.21872	516.28040	-620.52948	584.39087	747.51624	-529.56305	228.97813	396.49460	-469.12384	171.38060	717.38409	
302	3.010	-400.20734	1469.73828	710.93719	-508.39883	1702.15088	543.82410	-376.97937	1585.83545	542.09418	-519.98694	1560.10779	720.72314	-428.27179	1460.07666	429.98813	-666.89276	1448.22498	653.30829	-502.70038	1336.16479	586.42267	-633.22931	1447.18835	467.45053	-353.68185	1179.74207	367.88104	-775.65234	1127.72095	717.61914	-322.47937	1256.54663	491.63745	-779.97217	903.30835	838.56879	-425.72498	1042.98682	575.12494	-521.78613	1026.79321	670.35193	-645.51898	953.44055	433.94626	-357.10904	494.98184	526.80151	-616.20905	585.63446	751.17163	-514.94489	231.81956	411.31760	-471.97510	170.05066	712.98236	
303	3.020	-394.65494	1469.89709	716.48022	-503.24213	1703.37317	548.95245	-371.66827	1585.68115	546.69189	-514.65790	1560.58398	726.33710	-423.49799	1461.34558	434.32376	-659.88348	1449.16846	659.21338	-496.58401	1337.15906	591.42773	-628.39941	1447.55664	473.59644	-349.41977	1181.18591	370.48352	-766.87714	1130.35107	729.81952	-317.50363	1257.35193	494.86401	-766.65448	907.58319	854.41968	-419.93829	1044.87512	579.42322	-516.27985	1027.97302	672.84283	-640.54993	954.30731	439.51602	-340.41483	497.66864	536.32281	-612.50372	585.71411	754.13007	-499.11584	232.38574	426.28067	-476.47208	168.29070	707.54053	
304	3.030	-388.99719	1470.20837	722.89764	-497.24860	1704.25671	554.71027	-365.37192	1585.54688	553.56921	-508.98526	1561.01843	731.59003	-418.81393	1462.24084	438.78922	-653.10651	1450.11389	665.43573	-489.92450	1338.59375	598.37360	-623.52344	1448.54590	479.82178	-344.96475	1182.03833	372.83829	-758.02020	1132.76575	742.16327	-311.40005	1258.04333	500.78351	-752.37592	911.20660	869.48279	-415.06134	1045.64380	583.70569	-510.03918	1029.78613	678.69733	-636.00128	955.30475	445.27768	-324.16681	499.95502	545.53564	-607.89337	584.69147	755.33923	-484.69641	234.66536	441.08987	-479.27869	166.25806	705.02148	
305	3.040	-383.55417	1470.36316	728.57147	-490.78540	1704.50659	559.83221	-359.86502	1585.59192	558.11627	-503.59308	1561.61572	736.91614	-413.84003	1462.77649	443.26385	-646.75208	1451.54321	671.40698	-483.61929	1339.58789	604.18982	-618.28625	1449.27454	485.56140	-340.64767	1183.40637	375.44690	-749.03864	1135.13147	754.53748	-306.58887	1258.19397	502.83206	-739.10077	915.73981	884.17090	-409.72885	1045.74316	587.58429	-502.95825	1031.40186	684.64319	-630.80652	955.60645	450.32330	-308.14072	501.14758	553.07843	-604.43683	583.23236	756.76904	-468.65735	235.75887	456.93851	-482.77136	163.71843	701.47369	
306	3.050	-377.76736	1470.33545	732.31934	-484.97897	1705.09436	565.46899	-353.36911	1585.86584	564.44513	-497.97302	1562.12939	741.95013	-408.68900	1463.51355	447.65076	-639.60956	1452.05969	676.81543	-477.78809	1340.09839	608.42468	-612.96918	1449.54846	491.33710	-335.82706	1183.98853	378.76688	-739.68860	1137.35229	766.80865	-300.82263	1259.04626	507.46515	-725.62775	919.89209	898.74756	-404.16519	1046.81396	592.13940	-496.89627	1031.63672	688.63446	-625.54913	955.92004	455.90280	-292.71243	502.50739	560.48425	-601.14667	581.50287	758.75940	-453.17722	235.01799	471.28088	-485.19901	161.31618	699.49176	
307	3.060	-372.28055	1470.62817	736.24591	-478.05499	1705.24768	570.83600	-347.65375	1586.34619	569.21448	-492.14297	1562.34558	747.29889	-403.59497	1464.09656	452.15735	-632.49957	1453.07117	682.71857	-471.60049	1341.04517	613.91095	-607.67682	1450.05420	497.15106	-331.21011	1184.98071	381.69730	-730.42682	1139.98828	778.55096	-295.18921	1259.59973	511.22781	-712.06366	924.30365	912.95074	-397.60645	1046.87122	597.06158	-489.91608	1031.62976	694.73535	-621.00818	956.85651	461.35904	-278.85565	504.06912	566.81903	-599.23285	579.55145	760.08679	-435.57977	231.91428	485.37695	-486.84583	158.30493	696.58484	
308	3.070	-366.56561	1470.28870	742.26135	-471.35367	1705.15283	575.77032	-342.47470	1586.24487	572.99426	-485.57489	1562.28857	752.13782	-398.57904	1464.44177	456.88690	-626.16241	1453.22156	688.35089	-464.26294	1341.13770	620.17224	-602.03430	1450.25818	503.04807	-326.30814	1185.60144	383.81229	-721.44452	1142.63416	789.95544	-290.44070	1259.85071	510.18567	-698.10602	927.78479	926.44922	-392.34546	1047.53772	600.17462	-483.87021	1030.56628	698.24951	-615.59143	956.88770	466.83444	-266.41440	505.40045	572.56738	-596.59967	577.08521	760.92078	-414.77841	224.86774	493.25320	-490.57581	156.33989	694.32166	
309	3.080	-359.99295	1471.08508	748.96423	-465.12537	1705.52246	580.74237	-334.86105	1586.47998	579.33582	-479.14771	1562.25281	757.50183	-392.96191	1464.28918	461.27069	-618.17029	1453.57874	693.67438	-457.85223	1341.53174	624.45563	-596.27692	1450.20679	508.67966	-322.84833	1184.98474	386.45197	-712.14270	1144.94080	801.32007	-284.91333	1260.39685	513.37128	-684.39581	931.77795	938.69183	-385.70413	1047.06335	604.43231	-476.24506	1030.60828	704.37347	-610.51477	957.42609	472.35791	-254.53360	506.88074	577.29388	-595.00854	574.72552	761.34332	-392.83606	217.25464	502.25311	-493.60236	152.17458	690.42987	
310	3.090	-353.94635	1470.44543	754.33405	-459.04080	1705.52893	585.58752	-329.73041	1586.31238	583.55542	-472.96637	1562.60938	762.53284	-387.14355	1463.74231	465.64438	-611.94586	1453.99609	699.27588	-451.44196	1340.53918	627.07159	-590.33362	1450.10620	514.49091	-317.26721	1185.96313	390.65662	-702.26367	1147.21509	812.20398	-279.25189	1259.21399	516.00952	-671.73767	936.08624	952.21075	-378.79831	1047.17822	608.26538	-469.80585	1029.39514	709.12268	-604.69751	957.61389	477.34427	-243.26340	507.35461	583.30365	-594.07782	572.65991	762.10742	-372.15799	211.00493	510.99579	-495.11761	150.55693	689.79547	
311	3.100	-347.15555	1470.04919	756.46851	-452.58237	1705.36646	590.60260				-466.31812	1562.44763	767.69867	-381.53229	1463.93579	470.27097	-604.65265	1454.10437	705.05084	-444.86588	1340.17200	631.85974	-584.50891	1449.51221	520.10468	-312.53653	1186.00061	393.96225	-692.17853	1149.00488	822.37103	-273.40259	1259.36438	517.07135	-658.18201	939.40106	964.08990	-373.01028	1046.15515	613.07672	-463.90280	1027.46069	714.00623	-598.77087	957.21765	483.24405	-233.08380	507.32828	587.47760	-592.70111	569.90936	761.40118	-350.61844	204.64745	518.65430	-497.85330	149.12900	688.67035	
312	3.110	-340.08350	1470.73010	763.49023	-445.31055	1704.54236	595.20166	-315.17740	1585.01367	595.16077	-459.82205	1562.52454	772.72546	-375.50235	1463.26587	474.82397	-598.24475	1454.55457	710.99036	-437.98126	1340.37720	638.36761	-578.29681	1449.34766	525.89050	-307.60556	1185.01074	398.33383	-682.35773	1150.41492	831.64362				-644.82135	943.00836	975.57117	-366.22861	1045.58630	617.97137	-457.32394	1025.64197	718.35986	-593.69745	957.56879	488.20685	-223.81783	507.08707	591.90271	-592.19446	568.46552	761.25458	-328.32385	196.60185	528.37732	-500.41418	146.48094	686.36670	
313	3.120	-333.94006	1470.77039	769.21246	-439.23380	1704.24927	600.00690	-309.16391	1585.00354	599.38422	-453.38672	1562.58752	777.74365	-369.42749	1462.70422	479.64355	-589.54291	1453.40515	715.70624	-431.64526	1339.84802	643.04358	-571.79083	1448.69885	531.23077	-301.67044	1185.77856	401.50613	-672.13025	1152.03247	840.84857	-261.23007	1256.76465	526.99829	-631.72723	946.41113	986.16321	-359.80927	1044.01855	622.40033	-450.16782	1025.05396	725.06403	-587.41113	957.50018	493.27347	-215.03745	506.57968	595.84302	-591.21692	566.05530	760.76318	-306.21613	189.78656	538.81000	-502.47049	143.00653	685.51025	
314	3.130	-326.58148	1469.98425	772.85968	-431.72150	1703.13135	604.58490	-302.39133	1584.45996	603.53033	-446.37653	1562.12012	782.65930	-363.02136	1461.65271	484.00845	-582.03583	1453.02466	721.33325	-425.59439	1337.60193	646.26135	-565.53015	1448.07141	537.02454	-297.16754	1184.36023	404.96829	-661.44788	1152.52991	849.67664	-254.69707	1255.66577	533.66077	-618.84717	949.38605	997.50476	-353.38617	1043.27588	628.05475	-443.90262	1023.50134	728.87860	-580.55731	956.91077	498.48734	-206.74210	505.71289	599.27484	-590.56396	564.16467	759.99744	-283.00446	182.95866	545.12018	-504.12735	140.29152	684.38031	
315	3.140	-319.32999	1469.82544	779.85999	-425.04663	1702.48108	609.02399	-295.17584	1583.86060	608.22339	-439.35687	1561.42761	787.66272	-356.60599	1460.47400	489.10593	-574.89734	1452.45691	726.96881	-418.05655	1336.44360	649.91394	-558.82751	1447.33044	542.66260	-291.69101	1182.61829	408.95578	-651.38043	1153.36768	857.55554	-249.17563	1254.07654	532.63989	-605.54669	952.55377	1007.59149	-346.70667	1042.25793	632.65448	-437.59598	1022.87256	734.32001	-573.34576	955.97339	503.29184	-198.44435	504.88745	603.50201	-589.99054	562.10175	759.28101	-259.76096	176.45984	552.87805	-506.99796	136.92072	684.59332	
316	3.150	-312.76202	1468.92432	784.23535	-417.92770	1701.11304	613.62207	-287.85229	1582.14746	614.07361	-432.19824	1560.97217	792.66119	-349.79971	1459.18652	493.69861	-566.97614	1451.55957	732.50507	-411.03357	1336.48730	656.71991	-552.07550	1446.06592	547.99481	-285.63257	1181.91321	413.14133	-641.04834	1153.62878	865.46301	-242.46265	1253.66089	537.90613	-593.19940	955.73108	1017.53485	-339.34564	1041.62170	638.95105	-430.71957	1020.99243	740.05157	-566.23248	955.01923	507.44855	-191.76343	503.81888	606.34094	-590.59406	560.19812	759.14490	-236.79256	169.47969	560.28516	-508.67468	135.36160	683.95630	
317	3.160	-304.78436	1468.68286	790.58221	-411.22083	1700.36938	618.19843	-280.41177	1580.83154	618.77527	-424.64291	1560.35706	797.74432	-342.96106	1457.97571	498.47961	-560.28021	1450.92065	738.48834	-404.72580	1334.98010	660.99463	-545.17084	1445.28027	553.50262	-280.31744	1180.34082	416.42517	-630.00000	1153.53003	872.82819	-236.10709	1251.99573	541.01263	-580.45374	958.42755	1027.04028	-333.00763	1041.20410	644.28247	-423.71011	1020.33020	744.93274	-558.96948	954.10254	511.97760	-184.13339	501.44519	610.24805	-590.02527	557.48438	758.36871	-214.12561	161.95305	569.28412	-510.68607	132.58626	684.98547	
318	3.170	-297.76517	1467.60889	794.16443	-403.38077	1698.71619	622.91559	-272.68292	1579.88257	623.96173	-417.14136	1559.56519	802.53717	-335.80981	1456.72095	503.38306	-550.93970	1449.60486	743.04254	-396.01447	1333.97559	666.70990	-538.17181	1444.07629	558.91547	-273.73962	1178.61365	421.51556	-619.57098	1152.98633	879.78967	-229.48936	1249.35693	544.07294	-567.56641	960.60706	1035.92786	-326.24701	1038.95337	649.81177	-416.64566	1018.62396	750.03064	-550.99988	952.74353	516.98877	-177.10776	499.46277	613.39215	-589.89343	555.55109	757.27448	-189.29417	155.07413	575.13190	-513.55103	129.62686	685.21765	
319	3.180	-289.27457	1466.91528	800.15857	-395.60257	1697.76318	627.51324	-265.10422	1578.57703	629.23035	-409.23688	1558.36218	807.45605	-328.67929	1455.26721	508.27307	-543.45227	1447.94434	748.76563	-389.45084	1331.71765	672.78149	-531.68799	1443.79895	563.58856	-267.62350	1177.21033	426.56421	-608.80176	1152.86011	886.46661	-221.75293	1247.72620	546.61914	-554.88983	962.71600	1044.45667	-318.97488	1037.88293	654.17999	-409.42203	1018.02136	756.02893	-542.83636	951.52698	522.09802	-170.16658	496.77927	616.01843	-588.88257	553.53516	756.84125	-166.17250	148.05345	581.94672	-515.22754	127.25877	685.95789	
320	3.190	-282.34503	1466.30103	804.59259	-387.93854	1696.15527	632.30103	-258.16592	1577.81763	633.76367	-401.40466	1557.76404	812.44775	-321.24307	1453.74316	513.16309	-535.35144	1446.69678	753.86578	-380.45520	1330.39075	678.62659	-524.38202	1442.49182	569.26727	-262.05237	1174.81616	430.45636	-598.11047	1151.52686	892.80853	-215.14029	1245.07471	557.53156	-542.16895	964.79108	1052.53345	-311.24921	1036.85608	660.35950	-402.70279	1015.97571	759.16650	-534.65210	949.48737	526.60260	-162.85616	493.46686	619.02826	-588.80377	551.91663	756.21259	-141.82108	141.13048	588.79742	-516.35742	124.73244	686.51013	
321	3.200	-273.90601	1465.13196	810.72729	-380.42859	1694.94983	637.13092				-393.57147	1556.66321	817.33044	-313.57196	1452.23669	517.93066	-527.02753	1445.34473	758.99744	-373.67371	1328.92249	683.17590	-516.48822	1441.31531	574.09943	-255.81055	1172.47791	435.76187	-587.07788	1151.06860	898.54120	-208.30795	1244.01953	559.76642	-530.35431	966.47266	1059.49817	-302.67905	1035.95520	664.99097	-394.53110	1014.83307	764.35895	-526.11292	948.07654	531.21375	-155.77802	490.65341	622.36212	-588.24854	550.67749	755.50751	-117.68751	135.73900	594.33124	-516.14490	122.95444	688.38275	
322	3.210	-266.18286	1463.37183	814.48041	-372.22211	1693.83118	641.77698	-242.52058	1574.82349	642.92676	-385.63739	1555.61316	822.83789	-305.69254	1450.63464	522.81915	-518.70068	1443.87354	763.69171	-364.76077	1327.97229	689.09119	-508.59705	1439.85217	579.15540	-249.26759	1170.39783	441.49805	-576.27405	1149.32336	904.14478	-200.18834	1240.63257	566.12061	-518.31647	967.80298	1066.67480	-295.89725	1034.42932	670.48120	-387.19061	1013.67157	769.64954	-517.19617	946.94128	535.62750	-149.50661	487.08417	624.46198	-587.29474	549.68011	753.53497	-92.94663	130.81035	600.61542	-516.97656	122.50197	690.38306	
323	3.220	-258.06580	1462.27185	819.78790	-365.04721	1692.33582	646.93103	-233.92239	1573.27209	647.65247	-377.36707	1554.37073	827.79169	-297.52872	1449.16663	527.52551	-511.27682	1442.85400	769.28015	-357.28900	1326.34558	693.32745	-500.41599	1438.39111	584.33685	-242.31480	1168.81274	446.13956	-565.95776	1148.38843	909.32336	-192.15668	1239.82861	569.32526	-506.88763	969.58618	1073.40137	-287.01773	1033.95862	675.51172	-378.62436	1012.56409	775.46454	-508.57095	945.50610	540.15497	-141.14099	483.83487	626.64099	-586.25281	549.15485	752.80664	-68.48498	128.26317	607.31720	-516.62964	119.79903	691.28351	
324	3.230	-249.61438	1460.97668	825.09601	-356.50613	1691.36365	651.77917				-369.44232	1553.23523	832.77844	-289.66907	1447.66821	532.88043	-502.72565	1441.01013	774.35828	-348.79980	1325.04895	698.21765	-492.34415	1437.13623	589.54535	-235.52176	1166.59888	451.38916	-555.19360	1146.65674	914.02295	-184.69771	1237.61218	573.62207	-495.35867	970.35571	1079.11353	-278.51395	1032.54517	681.75378	-370.69235	1010.76575	780.79535	-499.36511	943.95251	544.43652	-131.89165	481.95911	627.19568	-584.74774	548.67676	752.14270	-44.33532	128.28004	613.45972	-515.77484	119.62180	693.17310	
325	3.240	-241.59012	1459.39722	828.94196	-347.37708	1689.49438	656.63470	-217.77350	1569.90039	657.63354	-360.83698	1551.66699	837.40594	-281.15283	1446.13464	537.46405	-494.64609	1439.85193	779.00848	-340.59436	1323.73694	703.34149	-483.89828	1435.60010	594.43518	-227.55444	1164.79382	456.36777	-544.62506	1144.73669	918.16699	-176.10997	1235.50061	579.22296	-484.62839	971.71381	1084.88135	-270.67413	1030.95898	686.14301	-361.58649	1009.59576	784.55426	-490.59482	942.40454	548.98254	-124.05702	478.35101	627.51221	-582.30780	549.02612	751.88550	-19.93622	131.18846	619.06885	-515.21277	119.17225	693.29724	
326	3.250	-233.39111	1458.15894	836.31488	-339.36298	1688.59851	661.61383	-208.96590	1568.71716	662.99292	-352.59549	1550.56470	842.55634	-272.64157	1444.96094	542.46722	-486.10938	1438.03735	784.20477	-332.09915	1322.07605	708.09692	-474.56454	1433.57227	600.06268	-219.49570	1163.24280	461.69666	-534.38599	1142.26270	922.24646	-168.02150	1234.55066	582.08356	-473.29199	971.84802	1090.86340	-261.02811	1029.44702	692.46411	-353.31998	1008.13055	789.46210	-481.18912	941.03760	553.57550	-115.63484	475.73367	627.20697	-579.72253	549.35651	752.64325	3.23597	135.92270	625.16461	-514.81268	118.83617	695.13568	
327	3.260	-224.76872	1456.22607	839.16876	-330.08966	1687.01123	666.32074	-199.66309	1566.73889	667.90588	-344.04938	1548.87097	847.37799	-264.12775	1443.28760	547.32434	-477.63181	1436.76550	789.09375	-323.71716	1320.89124	713.24939	-466.95505	1432.48950	604.66583	-211.73042	1162.21692	466.20474	-523.96741	1139.92773	925.62305	-159.50500	1232.78967	589.87482	-463.04834	972.58386	1095.59875	-252.00417	1028.14941	696.31171	-344.15182	1006.90381	795.34869	-471.87244	939.70593	558.02332	-107.27959	472.74890	627.66199	-576.21332	549.41748	753.32239	23.92542	141.95068	631.22845	-514.55554	118.09769	696.37360	
328	3.270	-216.35567	1455.21033	844.40942	-320.83380	1685.52820	671.30927	-191.41982	1565.52637	672.17645	-335.32462	1547.66016	852.15741	-255.06149	1442.02441	552.01282	-468.61908	1435.36108	793.95703	-314.67661	1319.36853	717.56744	-457.77435	1431.03052	609.60760	-203.51593	1160.42456	471.92670	-513.69690	1136.75183	928.53113	-150.53317	1231.57166	594.62299	-452.87054	972.95441	1100.69043	-242.20580	1026.46411	700.85876	-334.63907	1004.80945	800.04462	-463.08395	938.50684	562.65417	-99.55241	470.66724	628.60938	-571.13202	549.01648	754.12781	40.65349	149.26898	635.99719	-514.75781	117.25756	697.13947	
329	3.280	-207.51636	1454.40259	851.19806	-311.59836	1684.33435	676.27631	-182.71082	1564.78125	677.61475	-327.04364	1546.55322	857.25177	-246.27170	1440.89331	556.93652	-460.27499	1433.86768	799.24139	-305.70648	1317.89917	723.32635	-448.63760	1429.22778	614.39233	-194.06418	1158.83752	476.70529	-503.75998	1134.16260	931.80475	-141.48796	1230.63147	598.28253	-443.03436	972.84888	1104.75354	-232.59865	1025.82349	706.47693	-324.86630	1002.57977	804.29596	-453.97552	937.28699	567.37744	-91.02684	468.34625	630.59729	-566.06726	548.20319	755.84113	55.56272	154.73927	641.96326	-513.42969	116.56232	698.26508	
330	3.290	-198.94325	1452.79236	855.33490	-303.48746	1682.99548	681.36200	-173.90527	1563.51831	683.11859	-317.74362	1544.83777	862.18127	-237.40756	1439.47388	562.01007	-451.10535	1432.31238	804.46399	-296.62988	1316.82471	727.72357	-439.42911	1427.97278	619.60266	-184.93224	1157.39917	481.98404	-494.62030	1131.95483	935.02106	-132.36552	1229.95129	602.99487	-433.22989	972.04102	1108.88867	-223.46480	1024.73914	710.61029	-315.56085	1001.97589	809.95715	-444.03354	935.83820	572.25275	-84.04072	467.05637	633.55133	-560.45923	547.22858	758.20258	68.39056	158.52626	647.98230	-512.33075	115.74300	698.56201	
331	3.300	-189.99014	1450.95752	859.27893	-293.73364	1681.91833	686.50568	-163.43443	1562.12769	689.04602	-308.88861	1543.48657	866.91632	-228.52293	1438.27161	567.10559	-441.65918	1430.44373	809.51849	-287.84109	1315.54883	732.88263	-430.43729	1426.25134	624.96759	-175.65440	1156.64307	486.89487	-485.90161	1129.69189	938.59808	-122.88087	1228.52600	608.85486	-423.76077	971.30426	1112.85535	-213.64505	1022.20264	714.88000	-305.26691	998.74902	814.97278	-433.80417	933.92938	576.87732	-76.17453	466.45123	636.96667	-553.74524	546.59314	760.36621	81.27155	162.75558	653.37537	-510.97971	115.69902	700.00964	
332	3.310	-180.39420	1450.39026	864.99951	-283.99481	1678.89478	691.70343	-154.52725	1561.29541	694.11603	-300.47830	1542.63318	872.10895	-219.34721	1437.27466	572.04187	-432.72565	1429.01001	815.19293	-277.42172	1314.55896	738.79413	-421.03949	1424.98206	629.98743	-164.27921	1156.05493	493.47205	-477.63876	1127.57251	942.92548	-113.67245	1228.44800	612.04999	-415.44775	970.25098	1115.89929	-203.31406	1022.19800	719.34247	-295.36615	996.56152	818.75830	-423.71939	932.50909	581.66852	-68.96316	465.05161	640.68616	-545.93433	545.96783	763.64337	94.12614	165.04872	660.45581	-509.67532	114.12435	700.08740	
333	3.320	-171.66971	1449.98328	872.80884	-275.73758	1679.37000	696.19727	-145.71771	1558.74609	698.69403	-291.23102	1541.15845	876.86176	-210.08578	1436.10815	577.03040	-422.64737	1427.60547	820.49945	-268.05298	1312.87891	743.03180	-411.62079	1423.63538	635.16022	-156.37677	1153.83264	498.22958	-469.44125	1124.81287	946.59961	-103.75252	1227.81958	618.06714	-406.49191	968.87769	1119.11316	-193.64455	1020.93896	724.16711	-284.25342	995.02032	824.51825	-413.17233	931.49377	586.05310	-61.23890	463.97409	645.73401	-539.06665	544.44543	767.62561	107.21868	167.23755	665.40961	-504.43591	116.54172	705.27832	
334	3.330	-162.14604	1448.77771	876.90540	-266.08218	1678.09326	701.17230	-136.32394	1558.63171	704.34479	-282.00858	1540.25110	882.06647	-200.93694	1435.07825	581.91785	-413.43869	1426.22644	826.17194	-259.02173	1312.01453	748.35522	-402.22934	1422.33704	640.50323	-145.16643	1152.85303	503.52414	-460.93744	1122.79346	950.88013	-93.96143	1226.77185	624.56793	-398.21030	966.87573	1121.48718	-183.43727	1020.21539	728.49359	-273.10596	993.03217	828.21838	-402.29852	930.02594	590.65009	-53.58936	462.23163	650.21124	-528.78467	543.62085	770.51880	118.26265	168.38860	671.68927	-505.13339	112.98351	705.22546	
335	3.340	-153.21313	1447.64136	881.66937	-256.48380	1676.57239	705.98773	-125.45152	1557.98706	710.11346	-273.06256	1539.85925	887.41528	-191.79677	1434.39734	586.91949	-402.95346	1425.01099	831.19849	-248.89214	1310.72144	752.88287	-392.58002	1421.62402	645.83252	-134.69405	1152.54163	508.27869	-452.63095	1120.22363	954.22742	-84.65591	1225.90234	628.28339	-390.23776	964.90277	1123.52258	-172.73418	1019.23303	732.34564	-262.25073	991.58667	833.67407	-391.89749	929.72754	594.46295	-46.00339	461.31305	654.38940	-518.68597	542.09583	774.53125	128.50781	169.02980	677.03864	-500.74649	115.20498	709.14447	
336	3.350	-143.79378	1446.67847	887.06390	-246.74724	1676.33655	711.25360	-116.07063	1556.98279	715.67426	-263.63046	1538.89343	892.01703	-182.40012	1433.99426	591.56830	-393.60617	1423.95496	836.99249	-239.06348	1310.26038	757.50494	-383.10532	1421.16858	651.18402	-124.80692	1151.29871	514.42023	-444.75873	1117.91370	958.37256	-74.12335	1225.35303	635.61096	-382.89960	962.19019	1125.28308	-161.71443	1018.67395	736.48792	-250.73285	990.19550	837.33301	-380.77307	928.73364	599.14362	-40.02037	459.39746	658.93732	-508.00934	540.92810	779.19891	138.71208	168.95595	683.23456				
337	3.360	-134.76418	1447.15173	893.84833	-236.53307	1675.75598	716.28278	-106.68957	1556.69788	721.17889	-254.38383	1538.24878	897.22992	-172.67532	1433.78589	596.28668	-383.76328	1422.85791	842.70111	-229.03300	1309.08569	762.06329	-373.82498	1420.84937	656.57605	-114.01079	1151.46716	518.62885	-436.89554	1116.30981	961.56250	-63.46212	1224.64893	639.78131	-376.11145	959.68530	1126.84546	-150.55464	1018.16357	740.69525	-239.05305	989.36877	841.54352	-370.09735	928.75122	603.95740	-32.32380	459.09222	662.45319	-495.61615	538.68335	784.64069	147.94894	168.83107	687.66364	-247.55750	927.59351	1200.04175	
338	3.370	-125.78785	1446.76929	900.69281	-226.27245	1676.06006	722.12830	-96.66154	1556.66943	727.09900	-244.96347	1538.16968	902.60474	-163.45360	1434.23865	600.71069	-373.85181	1422.41235	848.20642	-218.74702	1308.80249	766.65894	-363.68445	1420.85339	661.65137	-102.34710	1152.44189	524.26453	-428.74738	1114.40479	964.94946	-53.84657	1224.84570	646.06287	-369.15802	956.94476	1128.41785	-138.81177	1018.52032	745.20264	-227.60992	988.70587	846.08801	-360.00949	929.03625	608.61127	-24.53908	459.23349	665.40582	-483.74185	537.63892	790.13794	155.91425	167.81329	692.41052				
339	3.380	-116.82154	1446.62305	905.98761	-216.05708	1676.61304	728.10089	-86.89443	1557.01306	732.58929	-235.33449	1538.53430	908.17706	-154.18730	1434.95410	605.84546	-364.52740	1422.19592	854.10016	-209.15112	1309.35779	771.93494	-354.11160	1421.24292	667.47815	-92.00732	1152.84998	529.37634	-421.00989	1113.16101	967.75543	-43.11988	1225.99902	651.70520	-363.09119	953.90295	1129.59119	-127.71653	1019.14233	748.80011	-216.11606	988.50464	850.66980	-349.99545	929.15808	613.23999	-16.01909	459.90677	668.37701	-469.64185	536.09692	795.28180	163.34598	167.07059	695.94037				
340	3.390	-107.76869	1445.84766	909.78845	-205.39801	1677.21106	733.86261	-76.55045	1557.02905	739.19879	-226.35899	1538.94214	913.70947	-144.48149	1435.77832	611.02930	-354.46600	1422.28064	859.78052	-199.22572	1309.29138	776.19012	-344.01440	1422.38672	672.93481	-79.95943	1154.53723	534.49664	-413.29553	1111.78528	970.76306	-32.93521	1226.48071	657.29095	-357.77280	951.33905	1130.69519	-117.63209	1019.72217	752.28534	-205.50960	989.06610	854.13232	-339.74673	930.08453	618.02692	-6.82362	461.54022	670.43762	-456.25623	534.95032	801.06055	169.29857	165.12773	700.43512				
341	3.400	-98.51411	1446.25085	917.83514	-195.04266	1678.17761	739.90991	-66.59035	1557.42456	745.28394	-217.69252	1539.36218	919.23810	-135.27156	1437.47473	615.62762	-343.50903	1422.98022	864.87543	-189.25731	1310.18042	781.90399	-334.36743	1423.25269	678.53949	-70.31908	1155.35730	538.64404	-406.01111	1111.63062	973.20599	-22.78574	1227.73560	661.69312	-352.79568	947.85345	1130.79456	-107.85824	1020.62726	755.89691	-194.59262	990.01843	858.33002	-330.16449	931.46246	622.85492	3.54080	463.94492	672.41162	-441.63303	534.12048	806.64105	175.35788	163.76132	704.61615	-224.98920	905.95880	1199.53442	
342	3.410	-89.91327	1446.57678	924.01105	-184.36185	1679.51868	745.78656	-56.69927	1558.06885	751.34222	-208.75471	1539.96399	924.53772	-125.88689	1438.51526	621.66425	-333.94415	1424.01172	870.82404	-179.13423	1310.38940	786.14880	-324.70435	1424.47119	683.81146	-58.50871	1158.50366	544.11987	-398.49396	1111.29858	975.43628	-12.55737	1229.60181	667.30096	-347.85049	945.06384	1130.69214	-97.85844	1023.35388	759.79071	-184.54939	990.21021	861.80066	-321.07541	932.88049	627.32550	14.48393	466.51709	674.53326	-425.68207	532.57227	812.45447	179.27733	162.02699	707.78894				
343	3.420	-81.06031	1447.19922	930.15259	-174.40305	1680.32568	752.00061	-47.03162	1558.42419	757.97137	-200.00060	1540.35815	930.01819	-116.16707	1439.99512	626.60004	-323.17105	1425.17407	875.90479	-169.02246	1312.48743	792.62024	-315.21625	1425.93103	689.30194	-47.52458	1160.27747	548.74060	-390.51959	1111.02087	977.70630	-2.78012	1232.14185	673.00415	-343.28296	941.68842	1129.81909	-89.07134	1024.87451	762.60400	-174.36232	991.45190	865.53583	-311.56940	934.54303	631.40735	26.85226	469.21671	675.11047	-409.35028	532.34991	817.90149	183.20116	160.04419	710.81665				
344	3.430	-72.85910	1447.77100	936.54065	-164.22334	1681.33020	757.92609	-37.20159	1560.07446	764.65253	-191.15691	1540.81921	935.46356	-107.13550	1441.97107	632.12274	-314.02698	1426.30725	881.70471	-160.16299	1313.96423	796.41064	-305.99261	1427.32629	695.00031	-37.53858	1163.21265	553.36133	-383.39468	1111.48950	980.12512	7.49777	1234.65320	677.42145	-340.24557	938.54004	1129.18176	-80.40333	1027.60059	766.38611	-164.06253	993.01440	869.95898	-302.67426	935.94702	636.16040	38.62025	470.66797	677.95081	-391.24652	531.83502	823.44293	186.38504	156.90460	714.33905				
345	3.440	-64.36761	1448.21313	942.58722	-155.04010	1682.92102	764.39044	-28.10805	1560.82532	770.60083	-182.72189	1541.51965	940.90137	-98.17899	1444.06128	637.76355	-304.60855	1426.77368	886.80957	-150.60393	1315.70166	802.25397	-296.52020	1429.27832	700.37378	-25.90463	1165.68433	558.86456	-376.37650	1111.27197	981.70081	17.04067	1237.63574	683.33478	-336.82486	935.05756	1127.74414	-70.74709	1029.67969	770.98035	-155.14011	995.03040	873.47711	-293.55591	937.12311	640.09015	49.40994	472.44247	678.58472	-373.06662	531.34113	829.14465	189.24657	154.15001	716.63422	-256.16599	834.73804	1239.25549	
346	3.450	-55.64486	1448.98633	947.79224	-145.07175	1684.01001	770.64404	-17.75203	1562.31409	777.66357	-174.06514	1542.30322	946.47681	-88.83414	1446.06189	643.28516	-295.32254	1428.89368	891.90570	-140.92998	1317.41467	808.15405	-287.55508	1430.78125	705.50818	-16.10917	1168.40149	563.50604	-370.26254	1112.23926	983.88055	27.06041	1239.92822	688.03790	-333.99457	931.23303	1126.20093	-62.33040	1032.22632	775.41650	-146.36157	995.91174	876.51312	-284.86923	938.56946	644.40680	60.91346	473.83505	682.02997	-353.70404	530.68109	835.45490	191.91084	150.95993	719.12610				
347	3.460	-48.29388	1449.26758	954.27136	-135.28232	1684.90942	777.16089	-8.55540	1563.29614	784.38953	-165.71729	1543.25391	952.53528	-80.08963	1448.08337	649.44012	-287.06912	1429.93494	896.85388	-131.96632	1318.67896	812.59186	-278.35263	1432.49695	710.64807	-4.76300	1171.94434	568.67596	-363.99744	1113.00452	985.90320	37.05965	1242.59558	693.73352	-331.59253	927.94556	1124.04932	-53.27048	1034.07458	779.91364	-138.72612	997.33655	880.40833	-276.66476	940.17987	648.77820	71.04840	475.85666	683.48175	-334.02707	529.34424	843.04999	193.30397	147.68575	721.39789	-456.80463	142.13620	754.27740	
348	3.470	-40.07533	1450.48853	960.81079	-126.80555	1687.21753	784.14709	1.03165	1564.46313	791.85938	-157.69209	1544.95496	959.13098	-70.87610	1450.03638	655.30145	-279.24963	1431.08618	902.15845	-123.60071	1320.17944	818.10480	-269.57193	1434.62903	716.20087	6.55435	1174.81653	573.95593	-357.69821	1113.40405	987.24677	46.93859	1245.36060	699.74640	-329.99030	923.89893	1121.77124	-44.66416	1036.89111	785.94977	-131.34995	998.93451	884.71692	-268.27701	941.70276	653.08173	80.20067	478.33173	685.08606	-313.38605	528.27856	846.25024	194.95541	144.86259	723.02063	-446.25220	150.41512	762.14044	
349	3.480	-32.48642	1451.31860	967.55182	-117.41584	1688.36646	790.31537	9.34281	1566.33240	798.02783	-149.74043	1546.11377	964.89783	-61.61856	1452.26831	661.92645	-272.01639	1432.69397	907.37921	-114.76716	1322.46899	824.67535	-260.79773	1436.54822	721.41925	15.84641	1177.22400	579.30731	-352.43298	1114.14746	989.14832	56.09090	1247.49243	705.21472	-329.12994	920.30115	1118.78931	-37.83763	1038.04236	791.31342	-124.76310	1000.55566	888.88794	-259.74719	943.50458	656.69275	89.89381	480.62405	686.41321	-292.57379	527.64929	854.67365	195.32187	142.07497	724.61731	-432.76776	158.49600	771.21143	
350	3.490	-24.92783	1452.33289	974.78308	-109.70038	1690.03870	797.54156	17.09391	1567.57007	804.49774	-141.89586	1546.90955	970.96857	-52.10106	1454.14392	668.27216	-264.62231	1433.20374	911.93390	-106.41637	1324.42590	831.04065	-251.75537	1438.45520	726.26147	26.89488	1180.88501	584.54004	-347.01437	1115.21899	990.71857	65.12076	1249.44885	710.94214	-327.75879	916.17047	1116.00208	-30.84204	1039.06885	797.36102	-119.54178	1002.23993	893.54749	-250.67517	945.57855	659.47357	98.26304	482.70673	688.22852	-271.90997	528.47156	865.38452	195.68419	139.71497	725.18860	-417.10107	165.36037	780.61591	
351	3.500	-17.96572	1453.32031	981.22803	-100.02843	1691.42175	804.08966	26.83067	1569.44556	813.31958	-134.96948	1548.24890	977.62830	-42.85999	1456.28687	675.54456	-257.09729	1435.26782	916.50281	-98.09599	1325.35095	836.45087	-242.89145	1440.45325	731.08862	36.77044	1183.32837	589.65570	-342.33069	1116.20276	992.02307	74.88656	1251.42871	718.98749	-327.02112	912.46411	1112.43994	-24.50066	1040.48108	803.51575	-115.09624	1003.52496	898.50244	-242.33752	947.77393	662.48145	106.65192	483.49570	690.59949	-251.78435	526.96094	864.93640	195.20947	138.35667	724.83270	-401.08707	172.55371	790.32391	
352	3.510	-10.26414	1454.87439	988.57751	-92.73033	1693.13806	811.39636	33.68383	1571.32922	819.31769	-127.97107	1549.26746	984.01868	-33.57600	1458.48389	682.71301	-251.25911	1436.46216	921.52142	-90.86322	1327.07385	842.48352	-234.28032	1442.91833	735.94470	46.64709	1186.66357	596.55249	-338.15482	1116.53577	993.08594	83.83473	1253.52417	725.01001	-326.25073	909.27551	1109.04797	-18.67989	1040.62488	810.64691	-111.36118	1004.74310	904.58392	-233.79649	949.74878	664.80170	113.99104	484.22824	694.28522	-232.24600	531.07507	881.97211	193.25049	137.31828	726.26239	-385.40659	179.60162	800.40625	
353	3.520	-3.88072	1455.77258	994.67316	-84.25410	1694.47913	818.23285	41.81373	1572.94556	827.70416	-121.05209	1550.44238	991.08789	-23.95374	1460.59167	689.90668	-244.46143	1438.33386	926.21320	-82.63205	1329.30530	849.27203	-225.98642	1445.03577	741.23456	55.85568	1187.76367	603.22974	-334.46414	1117.30823	993.44598	92.51658	1255.35876	732.86462	-326.50656	906.30450	1104.57983	-12.79797	1041.17175	817.19250	-106.62507	1006.64685	910.25977	-225.19733	952.39386	667.89777	120.98711	484.49054	698.41840	-210.03206	531.94110	880.72186	191.66678	136.12778	725.41644	-367.89157	185.21643	810.07513	
354	3.530	2.41388	1457.51379	1003.00159	-76.71767	1696.35510	825.78882	48.95909	1573.82764	835.07153	-114.35123	1551.55823	997.68335	-14.82736	1462.66809	697.14832	-238.52933	1439.40820	930.46790	-76.46260	1330.38208	854.88690	-217.02911	1447.82483	745.77802	67.40036	1191.87866	609.63635	-330.85751	1118.23889	993.63019	101.24597	1255.69165	740.35437	-326.74918	903.39026	1100.33569	-7.67217	1042.14551	824.76080	-104.02483	1008.20581	915.91602	-216.72717	954.46246	670.19836	126.46450	484.76669	702.56409	-189.44257	537.19104	891.29187	190.40773	135.09402	725.87213	-352.34702	192.98807	820.99908	
355	3.540	8.73074	1458.63232	1010.53711	-69.22368	1698.31042	833.73102	57.43888	1575.93298	843.97314	-107.82446	1553.04871	1004.48889	-5.69983	1464.73193	705.14520	-233.02963	1441.03137	935.02991	-70.62334	1331.57678	860.74731	-208.34230	1449.97510	750.12421	77.13728	1193.75940	617.09601	-328.00549	1119.72668	993.48254	109.38876	1257.82971	747.72577	-326.50632	900.63440	1095.49121	-2.33276	1042.25854	832.38300	-99.98391	1010.40076	921.14825	-209.16821	958.32153	672.86768	132.03502	484.69125	707.53168	-169.28714	543.93396	899.64771	187.93469	133.71823	725.34534	-334.15186	197.29799	828.52356	
356	3.550	15.46426	1459.64075	1018.37207	-62.23008	1699.89490	841.57837				-102.38260	1553.74939	1011.44623	4.07861	1466.48621	713.32629	-227.36067	1442.97998	939.45734	-63.68019	1333.08630	867.25812	-199.42867	1452.92603	754.77332	85.57949	1195.32849	624.85229	-325.71732	1121.53271	993.29108	117.06491	1258.87573	755.32867	-326.98962	898.97357	1090.76208	2.86766	1042.72375	839.20215	-97.18325	1011.76526	925.77850	-201.18384	960.98492	675.67957	136.95088	484.88065	712.69354	-148.56862	551.61102	909.10199	186.58319	131.62492	725.68445	-317.23349	203.74437	837.46136	
357	3.560	20.96141	1461.02710	1025.45178	-54.72650	1701.61462	849.00824	71.70875	1578.91711	860.87701	-96.70176	1555.01270	1018.06421	13.36484	1468.26794	721.33093	-221.08531	1444.44751	943.14337	-58.32835	1334.56689	873.59497	-191.34435	1455.23267	759.60510	94.93580	1197.03479	632.51477	-323.12109	1123.15613	992.55707	124.74572	1259.96167	765.23444	-328.12888	897.92310	1086.00977	7.83436	1044.07190	847.03949	-94.12498	1013.99475	931.05945	-193.70468	964.28571	678.87170	140.75140	484.89468	718.06635	-130.60297	563.93860	928.09918	185.01009	129.74213	725.19238	-299.43469	210.35905	846.42438	
358	3.570	26.43468	1462.15051	1033.08679	-47.63702	1702.88306	856.67896	78.85309	1580.95801	869.07184	-91.28609	1555.41577	1024.63037	22.86411	1470.15796	729.35901	-216.23045	1446.62573	947.25830	-52.57284	1335.86877	879.21381	-182.34305	1457.87866	764.00214	104.75969	1199.10144	641.08215	-319.42209	1124.69946	991.25568	132.08154	1260.25171	775.70349	-328.53082	897.01672	1080.82959	12.72212	1046.02222	853.97900	-91.59428	1016.12439	936.45477	-187.10028	966.72137	682.84973	143.59563	484.82593	721.60590	-114.25252	571.21509	932.09601	183.40117	128.20340	725.07666	-280.85709	217.10287	855.40906	
359	3.580	30.91447	1462.52563	1041.12463	-40.58792	1704.22742	864.81769	85.63498	1583.47729	877.36237	-86.49399	1556.28735	1031.14172	32.08433	1471.26648	737.64954	-210.64673	1448.14612	950.89905	-46.17457	1337.13916	884.81311	-173.73877	1459.92346	768.32196	113.96225	1200.37622	649.20160	-316.94382	1126.78198	990.45898	139.00917	1261.46545	783.61932	-330.04178	896.92072	1076.17590	16.83937	1046.85754	861.36462	-88.49235	1018.05267	942.66272	-180.52681	969.43530	686.50940	146.19429	485.04922	725.90680	-102.76854	582.28369	948.99396	181.61662	127.45268	724.27350	-263.14502	223.58228	864.99335	
360	3.590	34.83387	1463.11682	1048.55237	-33.72350	1705.93372	872.77216	92.80481	1585.23340	888.92975	-82.28170	1556.75989	1037.70483	41.01990	1472.86499	746.02856	-206.13797	1450.05664	955.17767	-40.79555	1338.35229	892.11353	-165.29106	1462.53687	772.62244	122.62272	1202.12341	657.88098	-314.18988	1128.74622	989.70129	144.74777	1259.62183	790.57697	-330.71158	896.76782	1070.62634	21.00705	1048.50330	867.11273	-84.88737	1020.15497	947.69806	-174.43533	972.21991	690.79883	148.74911	485.89221	729.92456	-98.06200	586.89673	958.30432	178.40468	126.82726	724.30157	-244.72551	229.02071	874.69580	
361	3.600	39.14764	1463.48560	1056.67944	-27.12976	1707.35083	880.47394	98.58321	1586.30591	896.72992	-77.90040	1557.16711	1043.97876	49.51554	1473.59253	754.78900	-200.98766	1452.61243	958.97162	-35.84467	1339.68860	898.11523	-157.36302	1464.57788	777.60138	131.36464	1202.90796	667.42432	-311.44275	1130.62134	988.45276	151.48083	1260.81531	801.82300	-332.01779	897.41284	1065.37170	25.20469	1050.44910	874.99512	-83.06367	1022.61395	952.89307	-167.84042	974.16443	694.86749	150.22881	485.94550	734.00482	-96.48319	591.01471	966.79321	176.45432	126.97701	723.18481	-225.95001	234.05069	883.87390	
362	3.610	42.97642	1463.70154	1064.56140	-19.90749	1708.10083	888.30286	104.66145	1587.87622	904.95715	-74.12724	1557.40479	1050.38733	58.41083	1474.88708	763.23108	-196.49538	1453.37878	962.76599	-31.36558	1340.31995	905.33698	-148.33586	1465.60632	783.21289	139.87140	1203.87549	677.03442	-308.76605	1132.46692	987.04138	159.77026	1261.73901	813.35754	-332.90558	898.31268	1061.00940	30.07445	1052.99121	881.57440	-79.83569	1024.98230	957.07861	-161.37527	976.57654	699.13049	152.13039	486.79477	735.59076	-96.53334	592.94580	974.26471	174.37798	126.96959	722.07928	-207.57663	238.48961	894.45844	
363	3.620	46.59657	1464.26819	1072.57910	-12.76661	1709.17188	895.98785	109.67786	1588.13306	913.03320	-70.72304	1558.12842	1056.59729	66.36670	1475.62378	771.49927	-192.60445	1455.85718	967.11725	-25.95080	1341.65784	911.60681	-140.22868	1467.46814	787.83221	148.89990	1204.02966	685.84747	-307.03009	1134.56726	985.78143	165.08263	1263.02417	821.59607	-333.99512	898.76074	1055.75427	33.17164	1054.05347	888.14923	-77.27950	1025.99390	962.48230	-154.65497	978.13831	702.59296	153.35010	487.24786	738.66449	-94.97119	594.03497	980.14246	172.65515	127.47630	721.64465	-188.99797	241.37477	904.41016	
364	3.630	49.39606	1463.97131	1079.60583	-6.98946	1709.65857	903.80719	116.42078	1588.20850	923.01532	-66.65407	1558.33411	1062.70471	75.95043	1476.60156	781.05121	-187.92799	1456.77222	970.66980	-21.12320	1342.96008	919.50287	-132.25381	1468.70471	792.35614	159.14851	1206.02161	695.80817	-306.15237	1137.73486	984.79272	172.56839	1262.12549	833.92346	-335.04932	900.32281	1051.37561	37.24839	1054.59509	894.99353	-73.95585	1027.95923	967.39978	-148.81705	979.85999	707.58527	154.46838	487.15576	741.59473	-94.29884	594.36292	985.13263	170.82281	128.38133	720.24542	-170.97276	243.77983	914.78821	
365	3.640	52.55542	1463.97290	1086.84399	-0.75239	1710.60254	911.55231	121.77642	1588.86719	930.99817	-63.35573	1558.63184	1069.04175	83.51656	1476.67554	789.88159	-184.12282	1458.50684	974.69531	-16.74862	1343.75549	925.79681	-124.68735	1470.44788	797.28424	165.56796	1204.77075	705.15173	-304.17587	1139.76208	983.40753	176.88847	1261.99976	841.33423	-336.42664	901.52527	1046.29639	41.88102	1056.16174	902.01166	-70.69330	1029.14563	972.96094	-142.09813	980.83221	711.82727	154.73409	487.68335	744.12445	-92.96984	595.45941	990.97064	169.01572	128.56543	719.72168	-151.89050	243.32219	926.41089	
366	3.650	54.70023	1464.07117	1095.12585	5.53743	1711.47229	919.25690	126.15421	1588.30066	937.71967	-59.81010	1559.18896	1075.30554	89.96850	1476.81641	798.36475	-180.09319	1460.37292	978.66797	-12.56798	1344.08374	932.62097	-117.54763	1471.29321	802.57605				-302.37863	1141.00073	981.75012	185.66148	1262.09753	853.97461	-336.72162	902.88934	1041.42261	45.93260	1056.55859	909.12854	-67.89355	1029.69995	977.90393	-136.69559	981.81244	716.77368	156.30676	486.51871	747.33179	-88.80666	598.40662	1000.62897	167.20607	128.27950	719.64197	-134.39937	242.84558	937.67297	
367	3.660	57.81593	1464.21277	1103.30115	11.47044	1711.70251	926.68262				-56.61485	1559.80969	1081.62488	97.44203	1477.28406	807.44073	-176.94269	1461.41809	982.62671	-8.70701	1345.10498	940.23981	-110.36143	1472.15161	807.58313	182.45692	1204.76648	726.66913	-300.60242	1142.61890	980.23615	184.48247	1261.58569	862.33545	-338.78329	904.99341	1036.35168	50.25121	1056.36377	915.13116	-65.32909	1030.18835	982.30359	-130.19917	982.61957	721.19989	157.47841	486.68295	748.56262	-83.44525	601.85345	1012.33234	166.30180	128.04988	719.03766	-117.53922	242.47862	949.76044	
368	3.670	59.37876	1463.82410	1110.74768	17.81189	1711.97327	934.04944				-53.76053	1559.62927	1087.72693	102.89434	1476.56458	814.92590	-172.95218	1462.76343	986.76208	-4.70806	1345.21533	947.88641	-103.26332	1472.87476	812.41229				-299.09213	1144.23230	978.68964				-339.60754	906.06519	1032.75830	54.36927	1056.36890	922.67889	-62.48790	1030.48547	989.07251	-124.24371	983.56537	725.85547	158.49348	485.50903	751.70837	-79.35544	605.56232	1023.32214	165.55576	127.76109	718.47919	-99.98895	238.19296	961.22675	
369	3.680	61.38091	1463.11682	1118.07214	22.81560	1712.18933	941.70709				-51.27274	1560.19250	1094.00952	109.63736	1476.23120	823.12909	-170.17233	1463.37976	990.89404	-0.95770	1345.62769	954.86682	-96.75088	1474.10400	818.23877	195.40588	1260.16492	886.16010	-297.67877	1145.50928	976.92261	198.36926	1204.45569	746.44629	-341.10199	907.52026	1028.44897	57.85918	1055.12280	929.45221	-59.12905	1030.72778	993.89673	-117.89079	984.58545	730.09607	159.81300	485.07510	754.33002	-76.72446	609.21973	1034.90613	165.26598	127.58087	718.44873	-83.27614	234.79155	973.71936	
370	3.690	63.84151	1463.80835	1127.02563	27.68341	1712.38684	949.30322				-48.25386	1560.35999	1100.11694	117.12502	1476.28284	834.18018	-166.37309	1464.18921	994.93671	2.44943	1345.37915	962.47449	-90.34624	1474.15137	823.56012	198.91988	1258.68774	895.82867	-295.89050	1146.88208	975.16437	205.92067	1205.43860	759.66345	-341.82077	908.67688	1024.32007	60.70728	1056.12744	937.42181	-56.33704	1031.29761	1000.91180	-111.86629	985.40552	734.96802	161.69701	484.65848	754.48285	-77.00943	611.38550	1045.27136	165.09792	127.17154	718.31152	-65.31464	229.23831	986.58990	
371	3.700	65.69318	1462.78760	1133.49658	32.90711	1712.70007	956.44720				-45.71078	1560.37512	1106.20398	122.70530	1475.63843	843.01837	-163.15759	1464.72510	998.97437	6.21986	1345.54504	969.40350	-84.15398	1474.65552	829.18915	202.32533	1257.64917	907.38446	-294.91245	1148.38220	973.87494	212.29265	1202.40955	769.73364	-343.72723	910.64075	1020.37787	64.41991	1054.66675	944.29352	-53.27735	1030.68945	1006.81458	-106.17960	986.22363	739.53156	162.95381	483.36386	758.12000	-76.70431	613.31628	1056.45679	164.85489	126.82606	718.16876	-50.29594	224.93086	1000.47296	
372	3.710	66.97289	1462.86328	1141.55054	37.79940	1712.12158	963.85272				-43.62408	1560.85083	1112.72046	128.30412	1475.41187	852.00696	-160.59386	1465.41370	1003.54291	8.78621	1345.41418	975.51886	-77.97257	1474.42371	834.65912	205.78528	1256.71960	918.03949	-293.68707	1149.88770	972.77960	219.12299	1203.12659	781.39032	-345.50223	912.25153	1017.02692	68.38414	1054.16736	951.27649	-51.42110	1030.60889	1012.63477	-99.78176	986.82471	744.03070	163.58502	483.30658	761.76068	-77.74545	615.06549	1064.29077	164.66890	126.93510	717.52075	-34.39294	218.36272	1015.18188	
373	3.720	68.40654	1462.69421	1149.58350	42.02222	1711.73511	971.07440				-40.73846	1560.90881	1119.08740	133.79489	1474.41211	861.06818	-158.20898	1465.86255	1008.16400	12.08035	1345.35791	982.51984	-72.13406	1474.69482	840.29022	209.60867	1255.61304	930.68127	-292.48981	1151.53455	972.09369	226.77228	1202.22546	794.62762	-346.72241	913.34143	1012.35950	70.97862	1054.18811	958.72882	-49.12623	1030.63525	1018.48126	-94.36913	987.11676	749.61725	164.90500	483.43234	763.94226	-79.55269	615.08209	1070.28577	164.41229	126.87952	717.24640	-17.32557	214.00505	1030.56567	
374	3.730	70.03488	1462.41211	1156.95947	46.00027	1711.67749	978.26862				-39.11311	1560.42908	1125.51807	138.83641	1473.99072	869.74066	-154.96678	1466.01465	1012.72339	13.96344	1344.74414	990.00745	-66.99923	1474.74011	846.55951	212.27379	1253.29565	940.96674	-291.12018	1152.42053	970.85535	232.25781	1198.65918	803.80115	-347.91699	914.43677	1008.81055	73.79312	1053.19409	967.67322	-46.29674	1030.21631	1024.59619	-88.12130	987.49310	754.81683	166.51720	483.22089	768.63287	-80.90728	614.26428	1077.17590	163.92310	127.82209	717.30469	-2.04037	208.00121	1048.48376	
375	3.740	71.31118	1462.28516	1164.33398	49.08718	1711.63831	985.78345				-37.19289	1560.55457	1131.62073	143.85942	1473.17432	878.43158	-152.60237	1466.33740	1017.57440	16.65513	1344.00342	996.93738	-61.36357	1474.45313	852.42261	215.56522	1253.06726	953.05688	-289.78693	1153.70850	970.65405	238.18077	1199.48230	816.96692	-350.69553	916.68506	1005.86829	76.23058	1053.30542	975.10718	-44.54508	1030.20947	1030.61963	-82.09117	987.63470	760.55078	166.80894	482.94327	771.11542	-81.81690	613.07098	1081.45776	164.77284	128.53571	717.18396	8.70682	199.89101	1068.64124	
376	3.750	72.09988	1462.39783	1173.37317	53.07748	1710.56482	992.60919				-35.97717	1560.33411	1138.34949	148.59973	1472.12512	887.06769	-149.05237	1466.21533	1022.06573	19.73116	1343.64124	1004.03217	-56.21332	1474.05872	858.46906	218.10214	1252.73975	964.63049	-288.47363	1154.79175	971.13580	244.17101	1196.71655	828.49908	-351.74985	917.46967	1002.88885	79.35851	1052.69165	982.12708	-42.85226	1029.44031	1037.49487	-76.83777	987.34619	766.51599	168.32933	483.21204	773.41882	-83.24273	611.39502	1089.25537	164.42923	128.99202	717.07587	21.57295	199.64157	1097.27698	
377	3.760	73.70968	1461.88660	1181.08044	56.57536	1710.19751	999.95709				-34.55765	1560.05115	1144.69104	153.01390	1471.25342	895.23596	-146.27768	1465.86621	1026.98926	21.69543	1342.64880	1010.82867	-51.37953	1473.48792	864.65234	220.29716	1252.15918	976.27307	-286.77570	1155.41296	972.05847	251.08011	1196.26526	841.72467	-352.51898	918.53644	1000.31134	81.47794	1052.23193	990.91736	-41.14581	1029.20667	1044.04590	-70.92667	987.34998	771.88733	169.65561	483.28543	777.26422	-85.02950	608.74817	1093.47131	164.53996	129.63831	717.75323	30.16852	193.24043	1121.47021	
378	3.770	74.41644	1461.54272	1188.25671	59.64336	1709.83374	1006.90454				-33.09709	1559.86401	1151.22864	156.74919	1470.28625	904.20850	-143.97311	1465.94128	1032.18567	24.40677	1342.35779	1018.17902	-46.59539	1472.83655	871.01263	222.57149	1251.08716	986.85199	-285.24710	1156.30811	973.45081	256.22699	1194.93384	852.82916	-353.40192	919.07526	998.33044	83.81261	1052.16638	999.96356	-39.39939	1028.65698	1051.01184	-65.81196	986.95264	778.46368	170.82829	483.52286	780.62970	-86.49560	605.61444	1097.46497	164.21828	129.90685	717.94281	37.61086	188.42563	1146.18347	
379	3.780	75.08167	1460.72021	1195.29846	62.44701	1708.61304	1014.12524				-31.87218	1559.55737	1157.66602	159.90556	1468.55103	913.07861	-141.57410	1465.50476	1037.56604	27.04675	1341.35620	1026.06128	-42.46405	1472.05408	877.79333	224.97664	1250.91907	998.71118	-283.84964	1156.95801	975.11694	262.39072	1194.35327	865.79181	-354.28372	919.58606	996.75830	86.20870	1051.24780	1007.84882	-37.53091	1027.96960	1058.13525	-60.87399	986.24585	785.09454	172.04042	483.28369	783.98413	-85.70721	600.69446	1100.31750	164.21347	130.30968	718.52991	43.28762	186.86101	1168.66357	
380	3.790	76.21448	1461.03235	1204.30347	64.94320	1708.13965	1021.33069				-30.84534	1558.89331	1164.34705	164.00868	1467.46912	922.41730	-140.36954	1465.02161	1043.27466	28.70355	1340.50793	1032.63733	-38.10684	1471.07043	884.21216	227.13220	1250.36829	1011.42688	-282.06815	1157.48975	977.08514	267.47897	1193.27576	878.90375	-354.72433	919.96429	995.78107	88.19003	1050.75452	1017.61591	-35.98520	1027.29272	1065.70715	-55.34399	985.29773	791.90546	173.46945	483.07272	787.95154	-84.50986	596.58759	1102.27380	164.74455	130.61154	719.17328	46.01332	185.65332	1189.26758	
381	3.800	76.75745	1460.47925	1211.47107	67.12584	1707.27258	1028.49609				-30.29217	1558.71265	1171.16223	167.49832	1466.34314	931.42938	-138.26068	1464.00293	1048.91565	31.04671	1339.61267	1039.26440	-33.76772	1469.90564	890.82855	228.43393	1249.37488	1021.49573	-280.67728	1158.09241	979.70502	272.17267	1191.90662	890.71820	-355.12241	920.23334	995.38342	90.22909	1049.78357	1025.78760	-34.48006	1026.21338	1073.20007	-50.25832	984.28174	799.10956	175.71466	483.25494	793.32263	-82.25918	591.88098	1102.40063	165.62994	131.35854	720.55627	48.40276	190.10016	1214.71863	
382	3.810	77.02419	1460.42285	1219.76929	69.89095	1706.12537	1035.56238				-29.83230	1558.25281	1177.85901	170.85663	1464.87427	940.43292	-135.60216	1463.33508	1054.42639	32.87348	1338.38342	1048.67175	-30.00829	1468.53149	897.66937	229.81456	1249.00842	1033.58923	-278.71277	1157.82239	982.51447	275.39468	1191.91736	903.02856	-355.24149	920.45819	995.16089	92.00103	1049.60681	1035.54260	-33.27456	1025.16980	1081.36365	-45.49010	982.85809	806.73792	177.59921	483.35199	797.58997	-80.45930	588.55347	1103.32800	165.95036	132.07603	721.78638	51.19286	193.78358	1235.89832	
383	3.820	77.56644	1459.84485	1228.33264	71.96287	1705.63062	1042.75354				-28.94309	1557.61926	1184.56396	173.72752	1463.45483	949.62787	-134.22409	1462.60205	1060.57690	34.57131	1338.04004	1056.51123	-26.53776	1467.34619	904.95160	232.56056	1248.70178	1045.55920	-276.92896	1157.68555	985.39709	279.61310	1190.32458	915.06921	-355.06384	920.49072	995.32928	94.31042	1047.48950	1043.49915	-31.19282	1023.83185	1089.02954	-41.28675	981.56268	814.36353	180.18123	483.16989	804.40076	-78.00752	584.78766	1103.24048	166.79987	132.66599	723.45941	51.87083	198.06024	1255.71338	
384	3.830	77.96515	1459.64990	1235.97314	73.37926	1704.58533	1050.27625				-28.29728	1557.28894	1191.38647	176.33389	1462.14246	959.59088	-132.31557	1461.44067	1066.27771	35.56311	1337.61719	1065.11377	-23.09576	1465.58582	911.88623	233.03375	1248.12415	1055.29614	-275.26651	1157.55591	988.98389	284.02930	1189.89319	928.28760	-354.69608	920.61761	996.17334	95.84074	1046.89465	1053.51221	-29.87778	1022.43799	1098.05432	-36.61304	980.10834	822.75037	182.66637	482.87256	810.96637	-75.74395	581.41730	1104.45374	167.69533	133.15007	725.17621	54.03894	202.02850	1273.70837	
385	3.840	78.31884	1458.95630	1243.93738	75.34215	1703.42444	1057.73206				-27.26518	1556.45093	1198.33557	179.53947	1460.84033	968.69080	-130.91948	1460.43359	1072.24915	36.76068	1336.97534	1073.80859	-19.71044	1463.98853	919.07330	234.45644	1247.47620	1067.31348	-273.56100	1156.99634	992.32233	287.56378	1188.28821	939.74591	-354.15903	920.43457	996.83356	97.76600	1045.68945	1063.10950	-28.70279	1020.88733	1106.34521	-32.11580	978.56726	831.00122	185.01579	481.72836	818.11902	-73.12300	578.54987	1105.98804	168.64835	133.73465	726.86401	53.76760	206.56361	1289.53406	
386	3.850	78.58576	1459.22864	1252.56909	76.10567	1702.73462	1065.00720				-26.60948	1555.77722	1205.49268	181.18097	1459.11499	979.41248	-128.58781	1459.32080	1078.31470	39.30447	1335.50952	1083.63501	-16.90723	1462.42419	926.74048	234.98703	1247.35266	1078.86511	-271.43530	1156.09485	996.15125	291.64111	1188.07971	952.61823	-353.26819	919.95050	997.96606	99.80542	1044.03967	1073.70837	-27.06199	1018.82898	1114.69678	-27.51812	977.28625	839.46912	187.56557	481.60217	825.62231	-71.09146	575.74658	1107.99341	169.81685	134.33070	728.62805	53.11481	211.97002	1304.83411	
387	3.860	78.41187	1458.60950	1260.90759	77.84866	1701.78650	1072.27649	164.31461	1540.15601	992.38452	-26.35181	1555.65930	1212.76526	183.67177	1458.13318	989.03650	-128.41695	1457.93970	1085.14551	40.41199	1332.26831	1086.64417	-14.10024	1461.03052	934.34344	235.91525	1246.83191	1090.27014	-269.55569	1155.15259	1000.65680	294.81708	1187.11462	965.87994	-352.34967	919.25983	999.99060	101.33653	1042.47229	1083.35730	-26.06052	1017.17871	1123.78503	-23.06697	975.73590	847.63904	189.58650	480.80673	832.52307	-69.19278	572.92023	1110.75854	170.13879	135.32841	731.61829	51.51797	217.22131	1318.93103	
388	3.870	78.12235	1458.69897	1269.39490	79.39134	1700.76367	1079.97400	165.34312	1538.77991	997.96765	-26.09872	1555.03137	1220.12305	185.58728	1456.87903	998.05017	-127.27760	1457.00049	1091.68713	41.02686	1333.24695	1099.31091	-11.68126	1459.34131	942.32123	237.66844	1246.28015	1101.14221	-267.00595	1154.36865	1005.10950	297.65918	1185.71008	977.82147	-351.48929	918.62134	1002.09955	103.01109	1041.39063	1093.40735	-25.16732	1015.31049	1133.07324	-18.60626	974.23956	856.13281	192.05434	479.80334	840.56378	-67.02597	570.07690	1113.95459	171.84424	135.81891	733.93652	49.39693	221.81052	1332.65063	
389	3.880	78.32742	1458.72949	1280.83557	80.14442	1699.84070	1087.61475	165.67307	1535.70642	1003.80188	-26.42944	1554.82690	1227.98889	187.56349	1455.48767	1008.31329	-126.80558	1455.97400	1098.66675	41.60795	1332.17993	1107.33264	-8.77040	1458.33179	950.04858	238.64375	1246.39185	1114.04224	-265.65186	1152.59937	1008.97760	301.04782	1185.45520	991.44434	-350.66263	917.76599	1004.59949	104.77643	1039.87048	1104.08862	-24.02235	1013.89355	1141.87024	-15.02985	973.26599	865.74829	194.22978	479.23233	849.64063	-63.99674	566.76733	1117.57544	172.75302	137.24899	736.61462	47.58606	226.00233	1345.95264	
390	3.890	78.31126	1458.46692	1289.15320	81.39699	1699.36157	1095.56909	164.91563	1534.22449	1011.79474	-25.87670	1554.56213	1235.62585	189.24265	1454.91016	1017.22205	-125.51580	1454.81433	1105.23450	42.33489	1329.08313	1111.74841	-6.78579	1456.58313	958.18597	238.00475	1245.38806	1123.88782	-264.11823	1152.05334	1014.42523	303.76978	1184.39771	1003.81732	-349.09943	916.97797	1007.66443	106.56792	1038.25403	1114.32800	-23.10515	1012.64081	1151.28247	-11.32695	972.00555	874.75470	196.29257	478.68503	858.56519	-62.04081	564.57544	1122.53162	173.95529	138.25719	739.08514	47.05221	228.65327	1358.51990	
391	3.900	77.55596	1458.86035	1298.16492	81.66068	1698.38965	1103.67102				-26.08525	1554.40161	1243.55847	190.62021	1453.70764	1028.15833	-124.84191	1453.26953	1112.39075	43.34127	1329.98584	1124.26978	-5.49203	1456.26233	965.46094	238.47385	1244.70203	1135.68982	-262.05176	1150.63953	1018.86664	305.79974	1183.86426	1016.97040	-347.85132	915.85980	1011.21490	108.09607	1037.52075	1125.27563	-21.61516	1011.08472	1160.63513	-7.73726	970.03137	884.38214	198.43930	477.51181	868.45184	-60.16443	563.85760	1128.31091	176.07187	139.66393	742.15326	46.75865	230.94301	1369.73889	
392	3.910	77.12347	1458.96033	1307.47314	82.23548	1697.99048	1111.54346				-26.47320	1554.29651	1251.70740	192.08777	1453.03735	1038.51746	-124.10016	1452.51025	1119.41406	44.30107	1328.77417	1133.01257	-2.89122	1454.81006	973.13116	238.73138	1243.91064	1147.10632	-260.70810	1149.59436	1024.97241	308.25854	1183.09814	1029.50293	-346.05478	914.52008	1015.17389	109.07858	1036.44153	1136.35083	-21.14209	1010.77692	1170.06531	-4.38170	968.88324	894.71112	199.89055	477.02966	877.88000	-56.99836	563.08844	1134.97205	178.26347	141.47258	746.51154	47.22835	230.94125	1379.15417	
393	3.920	76.73361	1459.09705	1316.12952	82.62580	1697.49219	1119.99231				-26.52092	1554.35718	1259.73401	193.16750	1452.30688	1047.96094	-123.86143	1451.30164	1126.75195	45.36702	1327.16858	1142.99609	-0.67816	1452.89246	983.40448	239.51608	1244.23486	1159.53967	-259.20306	1148.51904	1030.68713	309.85263	1182.82324	1042.39197	-344.66925	913.56580	1019.63159	109.82864	1035.19580	1146.52405	-20.62299	1009.77271	1179.52087	-1.35902	968.12134	904.47339	201.12288	476.51529	886.86688	-53.76153	563.14105	1143.42249	179.81268	142.82381	751.26758	47.02590	231.08244	1389.35144	
394	3.930	75.40378	1459.58386	1325.85925	82.34221	1696.65820	1128.16650				-27.69905	1554.33508	1268.12805	194.15698	1451.36035	1059.38306	-123.90388	1450.78369	1134.27979	45.05798	1327.40356	1151.27844	0.93495	1451.54138	992.26477	240.81374	1243.82227	1171.51685	-257.18213	1147.07910	1037.07434	311.28281	1181.96350	1053.80310	-342.84698	912.09149	1024.70544	111.58948	1035.91553	1158.77014	-20.59172	1009.88666	1189.52478	1.33769	966.76685	914.74493	201.86067	475.67310	897.88354	-51.03736	563.95697	1153.22290	182.68993	144.51665	755.09595	47.92931	230.29709	1398.09644	
395	3.940	74.79344	1459.84705	1334.67188	82.90227	1696.24402	1136.06274				-27.95459	1554.12537	1276.25488	195.32610	1451.02612	1070.11707	-123.77659	1449.51917	1141.69873	44.51571	1327.08960	1160.94067	2.42921	1450.62451	1001.17963	240.93353	1243.90637	1183.62952	-255.85817	1145.80701	1043.44739	312.65619	1181.41589	1067.34558	-340.97672	910.87708	1030.30493	111.91724	1034.10986	1168.85059	-19.84915	1009.56110	1199.43750	4.04734	965.60229	925.26544	202.62906	475.12195	908.15100	-47.58425	564.31274	1162.77197	184.90160	146.07167	760.79852	48.06098	229.37289	1406.62915	
396	3.950	73.46315	1460.45935	1343.97144	82.58463	1695.85400	1144.35583				-28.80358	1554.43335	1284.28650	196.23422	1450.10022	1080.00903	-123.49924	1448.66565	1149.60193	45.41766	1326.24963	1170.48987	3.54030	1449.99939	1008.68304				-254.18227	1144.56067	1049.61096	313.24170	1180.35583	1078.73572	-338.36481	909.32281	1035.98083	111.75761	1034.11584	1180.06238	-19.09764	1009.71362	1210.18250	6.80264	964.06653	936.13019	203.19431	474.74466	919.11749	-44.21242	564.20685	1171.90491	187.46405	146.72508	765.91577	47.42070	228.29608	1414.97961	
397	3.960	72.38010	1460.82263	1353.22742	81.77289	1695.74207	1153.20251				-30.44138	1554.53931	1292.42261	196.73766	1449.69373	1090.62207	-123.87629	1448.34839	1157.55579	45.37666	1326.07996	1180.26160	5.46284	1448.47388	1017.27441	241.19922	1240.53381	1202.45020	-252.12009	1143.06519	1056.77222	313.97739	1180.48108	1091.28296	-336.19049	907.82343	1042.48804	111.83707	1033.78577	1190.70630	-19.12280	1009.56134	1220.88586	8.70742	963.01294	947.24982	203.74980	473.94702	929.06555	-40.85702	564.71515	1182.37866	189.71581	148.13113	772.21228	47.37979	226.04993	1421.43835	
398	3.970	70.38347	1460.86829	1360.24146	81.17418	1695.84839	1161.64343				-30.74697	1554.17236	1300.42041	197.67879	1450.16162	1102.01660	-123.65406	1447.72388	1165.16882	45.08587	1325.89697	1190.33472	6.47644	1447.49976	1027.26855	239.48625	1243.12195	1216.52185	-250.59824	1141.79675	1063.83020	314.50760	1180.82983	1102.98279	-333.48792	905.83478	1049.40967	112.16354	1033.27026	1202.51697	-18.91205	1009.73785	1232.56738	11.07471	961.92084	957.46625	204.31068	473.91275	938.69281	-38.25855	564.73822	1193.24231	192.94267	149.71994	779.18817	48.25291	222.19904	1427.60645	
399	3.980	68.77042	1462.10291	1369.76819	81.15947	1696.04028	1170.45251				-32.29482	1554.71289	1308.56604	197.69780	1449.88342	1111.92395	-123.43003	1447.15515	1172.66394	44.94402	1326.38306	1200.29309	6.86357	1447.26587	1035.07336	239.62836	1243.82263	1229.33679	-249.29865	1140.89160	1071.81482	315.51007	1180.87549	1114.99438	-330.81918	904.25989	1057.02991	112.88826	1033.75842	1214.79895	-18.51375	1009.69238	1243.11084	12.67049	960.88373	969.78906	205.24940	473.80676	949.45966	-35.92578	564.37726	1203.70276	195.25371	151.50066	786.61334	48.44301	218.58304	1432.31726	
400	3.990	67.53808	1462.43396	1378.54834	80.68163	1696.91406	1179.59424				-33.76514	1555.26685	1316.93506	198.25941	1450.72693	1120.84705	-124.85479	1447.99438	1181.57849	44.37481	1327.47498	1210.26501	7.42428	1446.93616	1044.17896	240.09018	1244.03467	1241.39087	-246.99533	1139.78210	1079.65906	314.98749	1180.84436	1127.05603	-327.90961	902.35760	1065.24854	113.29760	1033.54761	1226.92163	-19.33262	1009.85876	1254.70508	13.89454	960.77454	981.50867	205.87320	473.93436	959.82672	-35.10077	565.06421	1214.60657	197.31886	153.39799	793.81915	48.32520	213.79633	1437.40027	
401	4.000	65.32507	1463.80920	1387.54724	80.11414	1697.80554	1188.91980	184.81857	1580.01306	1261.55750	-35.43103	1556.58337	1325.46179	197.77684	1450.93677	1131.11816	-124.77582	1447.89478	1189.76038	44.51621	1328.18604	1220.02429	8.15083	1447.23572	1053.04199	238.89740	1244.76367	1251.87549	-245.57004	1138.72412	1088.66016	314.88947	1180.90088	1138.86536	-324.79352	901.04346	1073.62512	114.02712	1033.70361	1239.42297	-18.58524	1009.57135	1266.69019	14.67467	960.64954	992.78284	206.98611	475.15799	971.68274	-33.96753	565.62067	1225.70154	199.61868	155.98299	803.10132	48.48600	208.91301	1442.24817	
402	4.010	64.27299	1465.13159	1397.29285	79.41386	1699.27014	1198.20203				-35.89972	1557.50500	1333.90808	198.51924	1452.17419	1140.40637	-125.59045	1448.84338	1197.90161	44.28847	1329.24646	1229.75085	9.05568	1447.27966	1062.25122	238.66451	1245.73401	1264.07654	-244.23792	1138.46191	1097.42798	314.44403	1181.55713	1150.89490	-321.29779	899.48407	1082.55652	114.41587	1034.40613	1250.24048	-18.89081	1009.57959	1277.31909	14.85424	960.58594	1003.96906	207.88086	476.63184	984.07312	-34.53233	567.35773	1237.12073	200.68282	158.76595	813.17065	48.14828	203.74239	1446.31006	
403	4.020	62.45740	1465.80383	1405.22668	79.06122	1700.67041	1207.36023				-37.47695	1558.97034	1342.38171	198.99997	1452.86768	1151.06006	-125.19677	1449.37842	1205.95593	44.12350	1330.83093	1239.30139	9.71467	1447.86426	1071.11511	237.68578	1247.23779	1273.87292	-242.05653	1137.83728	1107.29150	313.44312	1182.13831	1162.44153	-318.11078	898.49139	1092.37439	114.80487	1035.41016	1262.84338	-18.76759	1010.64594	1287.87183	14.42855	961.63849	1015.03967	207.45758	478.24698	999.90210	-35.88366	568.71008	1248.80420	200.65620	163.87254	823.07422	45.98795	199.14714	1447.90662	
404	4.030	60.41655	1467.80469	1414.65735	77.76962	1701.96814	1216.32886	181.05162	1584.27014	1292.17480	-39.65784	1559.21265	1346.90540	198.71577	1454.06372	1161.02869	-125.25191	1450.51428	1214.03613	43.72782	1332.06750	1249.18018	10.57021	1448.74146	1079.89441	237.65437	1249.46252	1286.00623	-241.00635	1138.12927	1116.16553	312.58206	1182.95520	1174.00696	-314.38461	897.69104	1102.86890	114.43101	1036.14673	1272.77209	-19.04247	1011.94141	1298.18445	14.78697	961.83966	1025.32556	206.66432	478.90326	1017.84314	-39.10069	570.78387	1260.69629	199.94095	168.71927	834.72284	44.96649	194.36008	1448.97778	
405	4.040	58.28655	1468.79431	1423.89978	76.19971	1703.27588	1224.83777				-41.13568	1560.68567	1355.02844	198.97704	1455.36841	1170.88965	-125.39852	1451.46484	1222.16223	43.46327	1333.67896	1258.85449	11.16537	1449.21704	1088.99756	236.63747	1250.65015	1295.49084	-238.73668	1137.74805	1126.68567	311.75110	1183.30225	1185.06189	-310.74631	896.90259	1114.04016	113.77690	1036.98682	1282.37231	-20.00326	1014.17664	1308.35693	15.23175	962.25940	1035.64575	205.06891	479.15820	1036.61584	-41.22686	571.91449	1272.91785	198.01538	174.21519	847.84930	42.33934	189.37563	1450.67297	
406	4.050	56.55537	1470.90393	1433.13171	75.89330	1703.74475	1233.05737	178.89328	1588.76831	1313.57788	-43.34435	1561.72290	1362.87744	198.95734	1455.62146	1181.31226	-125.57707	1452.66418	1230.12866	42.99269	1334.77966	1268.64429	12.16103	1449.32043	1097.67639	235.91212	1253.32324	1308.15381	-237.37245	1138.11365	1136.97412	310.01517	1183.11914	1196.94666	-307.28372	896.24261	1125.69812	113.35334	1038.84509	1293.15942	-21.00919	1016.58374	1317.99255	17.04815	962.67255	1045.85999	203.00726	477.01068	1057.65930	-45.39048	574.55231	1285.19043	196.08853	180.94887	861.70721	40.38491	183.91797	1450.69250	
407	4.060	54.20234	1472.02527	1442.15747	74.31367	1704.53638	1241.16675	177.43443	1588.51672	1317.92676	-45.28608	1562.56775	1370.69543	199.09074	1457.33533	1190.95703	-126.05504	1454.04919	1237.87463	42.03302	1336.34485	1278.12585	12.55160	1450.36523	1106.27258	234.76222	1254.31641	1316.83960	-236.56929	1137.69739	1146.37537	308.66357	1183.56140	1207.23169	-303.72638	895.66333	1138.44641	112.72497	1040.20605	1302.33948	-21.86218	1018.68805	1326.48438	17.08613	963.16150	1054.85437	204.90410	479.43753	1081.62988	-49.16248	575.29590	1296.87842	195.48688	187.09850	878.33203	37.75085	179.42885	1450.39136	
408	4.070	52.36644	1473.79529	1450.89355	72.30247	1705.65588	1249.12146				-47.28142	1563.64124	1378.75183	198.92325	1457.80469	1200.95020	-125.52245	1456.00903	1246.16638	40.83622	1337.62268	1287.61523	13.06865	1450.66565	1114.62769	234.67151	1257.31311	1328.52332	-235.26559	1137.74036	1157.04785	307.99963	1184.50891	1219.03918	-300.17297	894.64783	1151.29028	110.76547	1041.61316	1312.57361	-23.05089	1020.79645	1336.35938	18.24827	963.50836	1065.05359	209.28191	481.96982	1107.13684	-53.84397	575.77972	1308.96692	194.56068	194.14848	894.05280	35.00515	175.07309	1449.45825	
409	4.080	50.05801	1475.80603	1459.72510	72.52729	1705.94653	1257.00769	174.47752	1592.02930	1338.98755	-48.79313	1564.83093	1386.26355	198.87920	1459.03503	1210.18323	-125.87244	1457.09167	1253.66736	40.31423	1339.02368	1296.61536	13.32645	1451.42676	1123.25610	233.13934	1259.26953	1337.97131	-233.66144	1137.31323	1167.97986	305.83633	1185.17017	1229.18970	-296.52020	893.54767	1165.05164	110.08799	1042.72351	1321.78955	-24.40840	1021.91956	1345.04993	19.00978	963.77405	1073.77026	215.73259	485.11758	1131.96179	-59.62246	575.71948	1320.39917	195.03366	201.72615	912.72089	32.27916	170.60271	1448.53845	
410	4.090	47.82351	1477.80286	1469.41211	70.72462	1707.35535	1265.08667	172.88466	1593.32166	1347.37146	-50.48405	1565.81812	1394.21692	198.39989	1460.77856	1220.19324	-126.73073	1456.62317	1260.58142	39.30436	1340.36304	1305.43555	13.57488	1452.37732	1131.16748	233.08148	1260.68140	1347.71741	-232.61365	1136.79993	1178.29590	305.24359	1185.66711	1240.40442	-293.31973	892.48169	1178.86169	109.34659	1044.33752	1331.12866	-25.38218	1023.23138	1352.19592	20.67559	963.80310	1083.70642	222.31895	487.07425	1154.72522	-63.53676	575.23730	1332.55530	195.72145	209.10690	931.33826	28.72141	166.46458	1447.70288	
411	4.100	45.76744	1479.14893	1477.33704	69.34046	1708.56616	1273.33044	171.72618	1595.07690	1358.03723	-52.47114	1566.80164	1401.68018	198.03062	1461.35583	1229.73096	-127.40678	1457.44373	1267.99658	38.67605	1341.67554	1314.08948	13.96634	1453.01453	1139.70691	231.74345	1262.79272	1358.55579	-231.30919	1136.43457	1188.62708	303.08392	1185.92346	1250.04333	-289.63763	891.14960	1193.82703	107.87795	1045.11108	1340.86572	-26.56272	1023.82892	1361.47058	21.39112	964.56976	1092.20044	227.37640	487.73062	1178.91052	-69.27739	574.71655	1344.73645	197.62576	218.51747	950.61304	26.16443	162.93086	1446.32666	
412	4.110	43.73976	1480.73242	1486.68225	69.25272	1709.29077	1281.67065	169.94389	1596.71497	1366.19897	-53.81382	1568.26221	1408.51123	197.82471	1462.95154	1238.28223	-127.58871	1458.27649	1275.18140	37.93983	1343.00830	1322.64087	14.33964	1454.08215	1147.32434	230.28204	1264.43372	1368.01440	-230.04453	1135.78687	1199.57324	301.52008	1187.71057	1260.77283	-286.67474	890.36176	1209.07336	106.45371	1046.36975	1350.46533	-28.61000	1024.95557	1369.66003	22.69722	965.27264	1100.69580	232.30838	487.90070	1202.28430	-76.18809	574.65063	1356.40149	200.56554	226.52368	971.50641	22.31263	160.25699	1444.67749	
413	4.120	41.28547	1482.47705	1495.06775	67.60046	1710.96790	1289.97009				-55.36380	1569.66321	1416.46936	197.41385	1464.64111	1247.37952	-128.67873	1459.35181	1282.54236	37.33113	1344.44861	1331.09509	14.09900	1455.57141	1155.96558	229.81941	1267.08521	1377.95044	-229.08598	1135.44763	1210.43848	299.63766	1188.49988	1270.57349	-283.82626	889.34680	1224.61548	104.93471	1047.56213	1359.60486	-29.69570	1025.18713	1378.04724	24.24003	965.86603	1108.35901	237.36478	487.87952	1226.59131	-81.63064	575.09949	1367.15369	203.35358	233.98470	992.20270	20.59836	155.31409	1434.32458	
414	4.130	38.89491	1484.02820	1503.15039	65.85103	1712.50500	1298.39160	166.83939	1599.44641	1384.48889	-57.83766	1571.28772	1424.47424	197.40228	1466.17175	1256.79163	-128.65915	1460.18469	1289.55640	36.70623	1345.58374	1339.62000	14.14166	1456.68054	1163.86987	227.95168	1268.72949	1386.89124	-227.95624	1135.09534	1220.75757	298.29056	1189.24927	1280.80237	-281.94073	889.28760	1241.14648	103.77834	1048.83240	1369.18811	-30.79829	1025.43335	1386.19312	24.96564	966.62500	1116.65479	241.97540	486.73358	1250.21069	-86.87086	576.04596	1377.31750	207.40744	240.86174	1014.34961	18.35105	154.28015	1430.83057	
415	4.140	36.83834	1485.23535	1510.93494	65.59264	1713.56750	1306.85742	165.02217	1600.72705	1393.93567	-59.47028	1572.40369	1431.86914	196.52878	1467.55847	1265.70093	-129.37962	1461.16052	1296.80322	35.87391	1347.00549	1348.02124	14.68586	1457.77490	1171.99329	226.39983	1271.41467	1396.73877	-226.58241	1135.09277	1231.54187	296.38901	1190.74353	1291.27063	-280.04453	889.90521	1257.79089	101.98495	1049.70190	1378.38989	-32.97786	1026.70776	1394.63208	26.49843	967.79144	1125.50110	246.39149	485.80365	1274.77527	-92.12029	577.50873	1385.32251	211.31532	247.04799	1036.68127	16.73206	154.75609	1429.44336	
416	4.150	34.00724	1486.50208	1519.34705	64.33469	1715.11377	1315.28003	163.39822	1602.30664	1401.81360	-61.59968	1573.69861	1439.38464	196.52742	1469.01147	1274.94824	-129.85286	1462.58740	1303.67590	35.29849	1348.15332	1356.01355	14.88034	1458.98755	1179.73755	225.96187	1273.46509	1406.24609	-226.19052	1135.59607	1242.09668	294.72833	1191.72424	1300.47144	-278.91211	890.74182	1274.30005	100.12289	1051.05750	1387.27747	-34.33625	1027.68518	1402.20532	27.19213	968.69293	1133.92834	249.96094	484.40146	1299.62109	-95.84306	578.82269	1390.70020	213.99379	251.32751	1060.52832	15.18433	156.14578	1428.20471	
417	4.160	31.52061	1487.85217	1526.01611				162.13521	1604.05420	1410.63953	-63.96466	1574.95215	1447.43420	196.15570	1470.70447	1284.27283	-130.34781	1464.01807	1310.56909	34.48479	1349.35059	1364.05127	15.05985	1460.50793	1188.39307	224.01308	1274.98401	1413.07910	-224.88948	1136.61279	1253.89990	293.59103	1193.28125	1311.09424	-277.41949	891.54559	1291.02649	97.71367	1053.09094	1397.28821	-37.22845	1029.69556	1408.88916	28.34069	970.47784	1142.36951	253.23756	482.50049	1325.53882	-99.70251	580.62921	1395.07166	217.12936	255.43472	1084.10071	14.91716	157.94370	1427.19458	
418	4.170	29.03423	1489.01404	1534.83801				160.04543	1605.58386	1419.56689	-65.81966	1576.11304	1455.03162	194.69740	1471.52600	1293.62915	-131.15797	1465.26135	1317.45483	32.97776	1350.90710	1371.87463	15.05198	1461.83691	1196.25330	222.44029	1278.30188	1423.74756	-224.58929	1137.85083	1264.24060	291.54291	1193.90601	1319.70850	-276.40561	893.75153	1307.61267	95.81895	1054.83984	1405.33899	-38.79542	1030.80896	1417.25281	30.52308	972.21307	1150.28833	255.89668	481.64044	1352.86365	-102.57460	580.25824	1397.41089	219.64497	259.04877	1107.87830	14.81455	158.01807	1426.54822	
419	4.180	26.35515	1490.75659	1541.80908				158.10512	1607.49902	1429.65186	-68.17909	1577.52844	1463.46790	194.47505	1473.25854	1303.33044	-131.38368	1466.53796	1324.29700	31.27902	1351.42053	1376.82825	15.15490	1463.19495	1204.50281	221.16187	1280.11047	1431.97339	-225.21260	1139.75757	1274.46082	290.27237	1195.65649	1328.89661	-274.94080	896.42560	1324.33582	92.91817	1056.32056	1415.10095	-41.23149	1032.70984	1424.22986	32.02192	973.96240	1158.12952	257.54559	481.25116	1379.39233	-105.69073	580.13654	1399.06543	224.71802	262.88049	1134.67175	14.44827	158.68921	1426.30542	
420	4.190	23.98231	1491.81396	1550.40100				156.07928	1608.77393	1437.64929	-70.08789	1578.22412	1469.31323	194.05315	1475.41125	1312.23145	-132.87726	1468.43958	1331.20764	29.79990	1351.82629	1384.63123	15.28612	1464.66504	1212.44812	219.65842	1282.43030	1440.01697	-227.73558	1142.38806	1284.85095	288.70581	1197.17944	1338.81213	-274.23743	899.03632	1341.41980	90.52447	1058.58252	1423.28430	-43.78431	1034.87341	1432.45679	33.68755	975.64551	1165.94263	256.69916	484.50397	1407.73254	-109.12577	579.96399	1400.27612	227.71257	265.30511	1160.41296	14.07664	159.91443	1426.30774	
421	4.200	21.23818	1493.18091	1558.75842							-72.39484	1579.77014	1477.48181	192.37144	1475.51733	1321.90234	-133.51447	1469.99548	1338.01782	28.30077	1353.67322	1391.07178	16.61005	1465.15491	1221.03491	217.94031	1284.71326	1449.65381	-228.50156	1143.96973	1294.18945	287.00705	1198.24683	1347.75562	-273.69760	903.67578	1358.16418	87.92440	1060.73889	1432.48279	-45.86989	1035.37305	1432.75378	36.09752	977.38049	1173.94934	256.00894	490.19217	1434.45715	-112.34489	578.65607	1400.55322	230.45656	266.39215	1185.92249	14.37580	159.56693	1425.96851	
422	4.210	18.78593	1493.66003	1565.96497	151.97995	1611.36841	1455.06567				-74.64540	1580.99744	1485.29419	192.56030	1477.61841	1331.81970	-134.33778	1471.38354	1344.87549	26.69381	1354.72644	1399.74902	15.78259	1466.41699	1228.96313	216.12653	1285.77600	1457.76416	-230.22290	1145.70044	1303.96960	286.86270	1200.60449	1357.77454	-273.35342	907.44556	1374.86145	84.97301	1062.42725	1441.38477	-47.92266	1039.12451	1448.66064	37.88662	978.88739	1181.83167	255.26935	497.86673	1461.39258	-114.35423	577.43652	1400.22070	234.14850	266.84735	1211.68933	14.49124	158.89104	1426.46765	
423	4.220	16.22587	1495.59985	1574.17993							-77.69059	1581.97839	1493.62476	190.07503	1478.21863	1341.13928	-136.18207	1472.92761	1351.82117	24.90095	1355.97876	1407.17322	15.78812	1467.12915	1236.87231	215.34447	1287.79761	1466.07568	-232.10052	1147.23059	1313.88257	284.59644	1200.94824	1365.86707	-273.56027	911.67102	1391.49988	82.41869	1063.87927	1449.58777	-50.99194	1037.73169	1446.55737	40.16023	980.08392	1190.05737	254.02840	505.02826	1485.56482	-117.47137	576.13300	1399.63257	237.02269	267.08154	1238.35620	14.63290	158.50932	1426.57434	
424	4.230	12.78283	1497.24780	1584.21484	147.70584	1613.11389	1472.20117				-79.83242	1582.62427	1500.24182	189.12245	1479.60034	1350.56091	-136.84143	1474.13684	1358.58472	23.22909	1357.04883	1415.37720	15.84993	1468.01685	1245.17932	213.85690	1288.59851	1475.44641	-234.01126	1148.70984	1323.54956	284.32697	1202.40344	1375.49341	-274.27026	916.94641	1407.70093	79.48580	1065.92236	1458.67249	-53.12262	1039.01318	1453.42603	41.98721	980.95856	1198.59558	253.17159	511.39014	1509.00195	-119.22223	574.60693	1398.88550	240.93901	267.42770	1265.13770	14.84367	158.01251	1426.72412	
425	4.240	9.86553	1497.63330	1591.61877	145.78349	1614.94836	1483.53149	151.09433	1411.90234	1472.79468	-82.17209	1583.55798	1508.23816	187.67561	1480.42419	1360.05676	-138.21796	1475.04211	1365.43555	20.75040	1358.46594	1424.33728	14.96017	1468.54736	1252.93469	212.16237	1289.40942	1484.01184	-236.10501	1149.79688	1333.25549	282.83698	1203.52893	1384.46472	-273.04605	920.38525	1423.47449	77.11545	1067.42981	1468.09863	-55.83690	1039.98254	1460.13123	44.11928	981.70544	1206.70349	250.96086	516.96912	1531.09485	-121.65353	573.54773	1397.51172	245.11655	266.06030	1292.94128	15.09923	156.95915	1426.17090	
426	4.250	7.16222	1498.49878	1599.05347							-84.21857	1584.64746	1515.65894	186.45782	1481.35669	1370.26331	-139.75038	1475.12891	1368.71619	19.25172	1358.69458	1431.55286	13.67878	1469.18811	1261.33826	210.62485	1290.41467	1492.77747	-238.08040	1151.00037	1342.80359	281.96475	1204.24646	1393.34778	-273.42041	924.56244	1439.00830	74.55225	1067.98132	1476.27795	-58.44665	1040.02612	1466.28442	46.21088	982.08252	1215.15576	247.22556	521.06555	1553.08435	-121.59362	572.13641	1395.30603	250.12312	265.93958	1319.10681	14.74917	154.60339	1426.32874	
427	4.260	4.59616	1499.35852	1607.58325	141.17056	1616.02551	1500.50574				-86.74021	1584.97290	1522.72241	183.92802	1481.11975	1379.24292	-141.10814	1475.45679	1375.44275	17.00649	1359.21680	1440.53650	12.43748	1469.87585	1269.73474	209.22885	1290.98999	1501.85742	-240.49854	1152.04993	1352.27112	280.53607	1204.78833	1402.30957	-275.21362	929.92761	1454.83496	71.49271	1068.90808	1484.65051	-60.79780	1040.53455	1472.55664	49.30455	982.29425	1224.02124	240.88643	527.13416	1572.90698	-122.06937	570.40143	1393.33350	250.97586	261.12515	1348.82190	14.04364	152.90063	1426.92944	
428	4.270	0.71615	1500.18652	1617.17969	138.54889	1615.96497	1507.78125				-89.91865	1585.50024	1531.18140	181.72899	1481.71326	1389.37244	-143.01096	1475.96289	1382.71228	14.66916	1360.04163	1448.83801	12.41138	1470.22852	1277.47656	207.18021	1291.18079	1510.02051	-242.52078	1152.70215	1361.93958	279.84714	1205.67761	1412.06116	-276.28455	935.75427	1472.13171	68.65371	1068.95520	1493.65735	-63.00358	1040.14575	1479.20410	51.82418	982.79138	1232.16248	233.95114	532.98352	1593.01355	-121.71281	568.80847	1391.12744	254.21962	259.56598	1377.39539	13.96426	152.50127	1426.64270	
429	4.280	-2.39431	1500.72266	1624.19763	135.95137	1617.08484	1517.51099				-92.86353	1586.77563	1539.98828	180.38350	1482.18811	1399.26294	-144.58543	1476.68469	1390.03198	12.81636	1360.07690	1457.53699	11.02132	1470.90247	1285.75806	205.27403	1291.16174	1519.64368	-245.23566	1153.69080	1371.55688	278.97144	1206.47888	1420.66345	-277.67355	939.51495	1484.64941	66.20770	1068.70239	1502.32007	-65.69077	1040.12805	1486.79602	53.41805	982.82703	1240.29150	226.64201	539.44287	1611.01807	-121.46623	567.59113	1388.81384	255.80318	256.58542	1405.56921	12.78790	151.15820	1427.89514	
430	4.290	-4.74600	1500.94421	1631.67822							-95.70040	1587.39258	1548.25488	178.38795	1482.57141	1408.72424	-145.58479	1476.51501	1395.67444	10.40448	1361.02051	1465.99951	10.45033	1471.09033	1294.44250	203.68864	1291.10889	1528.94434	-247.68640	1154.45447	1381.18640	278.25244	1207.38318	1430.98999	-278.92505	944.56439	1500.61584	63.05592	1068.51355	1511.66260	-68.28612	1039.57117	1493.43311	55.36788	983.21503	1248.84082	218.14574	543.44611	1627.48572	-120.69524	566.18939	1386.06750	259.54297	255.66895	1432.37000	12.17653	149.08202	1426.68567	
431	4.300	-8.63214	1502.12903	1642.26501	129.91403	1616.70251	1534.83716				-98.35385	1586.69849	1555.25452	176.30367	1482.26440	1418.66455	-147.94176	1476.78809	1403.74084	6.76519	1364.17993	1474.34399	9.27550	1471.65491	1302.39990	201.42345	1291.54919	1539.11975	-250.08603	1155.27112	1390.64978	277.15915	1207.90686	1439.22742	-281.81854	948.63501	1514.03748	60.39817	1068.51233	1521.45984	-70.29706	1039.32275	1499.27441	58.52610	984.61328	1258.33643	209.82452	547.24091	1641.82361	-119.56031	565.19647	1383.21692	260.14667	253.66988	1459.58215	10.92087	147.80754	1426.00659	
432	4.310	-11.97459	1501.43042	1650.01025	127.80114	1618.08997	1545.42163				-100.91296	1586.93445	1561.97107	174.63548	1483.17932	1429.30273	-149.29517	1476.72583	1410.20483	4.34401	1363.69788	1482.70313	8.75046	1471.95752	1310.68469	199.84729	1290.73438	1547.76318	-252.85284	1156.28784	1399.97400	275.91998	1208.00134	1449.24072	-283.58453	952.12494	1527.13916	57.19048	1067.94653	1528.85596	-72.54369	1038.86877	1505.33862	61.31637	985.06073	1267.28259	202.13353	551.47595	1658.05017	-118.72631	564.74609	1380.31311	263.46613	252.87991	1486.43030	8.95645	148.12608	1426.81299	
433	4.320	-15.36867	1501.54858	1657.81848	124.64201	1617.10107	1552.76538	135.38606	1410.73535	1547.58264	-104.41272	1587.46997	1572.17505	172.84154	1483.36255	1439.52295	-151.37749	1476.87500	1418.11169	2.22329	1361.99194	1489.99304	8.59074	1471.63098	1319.79456	197.43132	1290.40552	1555.64648	-255.18365	1157.07336	1409.03162	275.12683	1208.67163	1458.76379	-286.94003	955.29755	1538.14038	54.12057	1068.07813	1538.81201	-75.32209	1038.64905	1512.38477	62.48179	985.08228	1276.29138	193.33374	555.06305	1671.99744	-117.42571	564.42926	1377.23096	263.66418	248.80725	1514.96008	8.64748	147.11517	1425.45337	
434	4.330	-18.80861	1501.70264	1667.30310	122.29755	1617.84338	1563.56396				-107.22900	1587.16907	1580.51392	171.01976	1483.08862	1449.61462	-153.73045	1477.03455	1426.26563	-0.10360	1362.89868	1500.02283	7.10906	1472.11353	1328.24414	195.37796	1289.69421	1566.76892	-257.63486	1157.82983	1418.04309	273.29245	1208.52368	1468.27222	-289.36432	958.54242	1551.07019	51.05437	1067.91907	1547.02112	-78.04961	1038.25598	1519.67896	64.92133	985.18988	1285.51807	186.27376	556.79999	1684.73193	-115.37456	563.84167	1374.19580	263.33417	244.46001	1542.39185	8.46621	146.46294	1424.68347	
435	4.340	-21.77954	1501.09351	1676.13269							-110.07892	1586.47180	1587.40918	168.58202	1483.14172	1460.92139	-155.78084	1476.83484	1433.67444	-2.53627	1361.78906	1507.36206	6.01654	1472.26404	1336.80078	192.66693	1289.00256	1576.42505	-259.33261	1158.56018	1426.57239	272.86343	1208.93347	1478.25720	-293.27161	961.03290	1562.23645	47.78419	1067.98694	1556.03735	-80.68317	1038.23975	1526.56006	66.23596	985.43378	1294.50073	180.00653	557.56946	1697.34619	-113.44777	563.38086	1372.42712	264.46680	240.15906	1569.77966	8.35001	146.06538	1424.18030	
436	4.350	-25.62039	1500.93591	1684.36914	115.43834	1617.53088	1582.31702				-113.91930	1586.16028	1596.04822	166.12053	1483.02258	1470.57837	-157.73384	1476.14917	1441.47351	-4.93982	1360.62830	1515.14014	5.47490	1472.19556	1345.60779	190.41179	1286.89905	1581.66492	-261.63754	1158.82324	1435.32068	271.03467	1208.74915	1487.22302	-296.94580	962.72894	1571.18542	44.76340	1068.01990	1565.21777	-82.90027	1037.32178	1532.18628	67.96104	985.44678	1304.16199	172.98534	557.47845	1707.93689	-111.58931	563.32538	1370.10388	265.34924	236.51700	1597.11731	7.80103	146.20561	1425.05530	
437	4.360	-29.54607	1500.18909	1692.64771	112.78918	1617.18530	1591.89856	122.02911	1406.74817	1587.38757	-117.18113	1585.36060	1604.94128	163.63545	1482.56726	1481.78662	-160.64316	1477.19177	1450.80420	-7.13948	1359.38379	1524.75684	4.12027	1472.44324	1353.72095	187.86774	1285.87903	1590.58044	-263.32523	1158.70276	1443.43726	269.88159	1209.38989	1497.96558	-300.40744	962.09149	1577.36523	41.10160	1068.26477	1573.74500	-85.58533	1037.41589	1539.35266	69.41591	985.19391	1312.84229	165.96735	555.44019	1716.67944	-109.37129	563.55200	1368.70313				7.34649	145.76437	1424.77478	
438	4.370	-33.16383	1499.22156	1702.54395	109.50023	1616.48914	1600.57556				-119.59635	1584.51563	1612.83008	160.93962	1482.97791	1492.14868	-163.53520	1476.87146	1458.85510	-10.11740	1359.47583	1533.13293				185.43709	1285.02222	1600.58301	-265.49551	1158.58789	1452.00793	269.10596	1210.67639	1507.26880	-305.29318	966.14484	1591.52502	37.21489	1068.64233	1583.14600	-88.47103	1036.46802	1545.94067	70.60629	985.27112	1322.99524	159.58565	553.45789	1725.61475	-106.63114	563.33276	1368.62634				4.89099	145.42651	1427.02673	
439	4.380	-36.42694	1498.47852	1711.48962	105.87791	1615.94775	1612.69189				-123.64135	1584.01233	1622.90942	158.09790	1482.30432	1502.84326	-165.81946	1476.40027	1466.81006	-12.64419	1358.31030	1540.85938				182.26714	1286.05017	1615.22864	-267.38647	1158.28381	1460.78613	267.92377	1210.84509	1517.02258	-308.77835	967.26251	1600.72876	34.44537	1068.57959	1592.43323	-91.33681	1036.55359	1553.73157	71.54667	985.03577	1332.76660	153.12408	550.44666	1733.61743	-103.64726	563.31305	1368.82178							
440	4.390	-40.41471	1497.80518	1720.32141	102.99075	1614.93713	1620.59070				-126.65678	1583.13403	1630.37012	156.07863	1482.03784	1513.67847				-15.58053	1357.69031	1550.63184				179.38495	1285.12219	1624.68042	-269.39944	1157.60767	1468.87402	265.86920	1211.14246	1527.56079	-313.12531	968.06604	1610.95239	30.90456	1068.68103	1601.54358	-94.30325	1035.99927	1561.12964	72.66792	984.66907	1342.82568	148.02702	546.45618	1739.08411	-101.10555	562.91736	1370.51807							
441	4.400	-44.58751	1496.81738	1729.29724							-130.23805	1581.90454	1639.06433	152.81190	1481.42883	1524.19104				-16.98936	1354.21204	1558.17981				176.12320	1284.65027	1634.99316	-271.66309	1156.95081	1478.21387	264.05002	1210.71204	1537.94495	-316.72021	968.79565	1619.81079	26.03898	1068.06995	1607.56860	-97.31551	1035.20422	1568.64832	72.71566	984.43304	1352.55981	141.32405	543.20032	1745.55542	-98.43287	563.19440	1373.07703	259.77652	217.11969	1734.57678				
442	4.410	-48.00498	1495.74890	1738.59192	96.60167	1613.39600	1640.39966				-133.48386	1580.83069	1648.77783	150.27966	1481.00793	1534.68140				-20.83584	1355.68372	1568.93372				173.45808	1281.29211	1640.09631	-274.09177	1156.41101	1487.25488	261.87363	1210.92908	1548.98120	-320.46814	968.86743	1628.92297	22.77656	1067.45813	1617.34668	-99.99302	1034.78955	1575.77881	72.59569	983.97412	1361.88965	136.18785	537.39203	1750.79797	-95.54357	563.04010	1376.43860	255.41840	207.80086	1757.98730				
443	4.420	-51.70680	1494.92993	1748.84753	93.16243	1611.54700	1650.22485				-136.45538	1579.83276	1657.82190	148.70741	1480.62488	1546.72754				-23.77857	1354.60242	1578.34973				170.59016	1280.20374	1650.06641	-276.55606	1155.76331	1495.40637	260.91415	1210.65247	1558.81104	-324.61813	968.80103	1638.51331	19.60294	1066.44995	1626.33398	-103.34203	1034.02673	1584.39307	72.84661	983.58276	1372.68506	132.13330	530.46631	1754.09802	-92.78376	562.72479	1380.82397	249.58813	204.01041	1793.09912				
444	4.430	-55.62664	1493.16174	1757.77954	90.41206	1610.39221	1660.10339				-140.17088	1578.60205	1666.53076	145.45792	1479.59412	1556.99426				-27.02022	1353.50061	1587.27490				166.79390	1279.53198	1660.26904	-279.93945	1154.78333	1503.74756	258.06873	1209.73474	1569.83948	-328.83160	968.42963	1647.51819	16.24086	1065.63049	1635.78320	-106.05427	1032.53979	1592.29236	72.53282	982.05316	1382.82739	125.13365	522.58002	1752.28406	-90.95121	562.76166	1386.72620	238.06844	198.64072	1823.30798				
445	4.440	-59.45200	1492.37708	1766.00281	87.52908	1608.45618	1668.79138				-143.28522	1577.44592	1674.46899	142.67352	1477.81201	1566.50415				-29.93960	1351.53870	1596.74316				164.32965	1278.32019	1670.51624	-282.87189	1153.91785	1512.55261	256.13794	1208.82825	1581.00256	-333.35181	967.79889	1655.88599	13.26378	1063.83752	1645.15186	-108.65437	1031.38696	1601.07666	71.55714	981.19788	1393.02881	120.79688	515.50861	1752.93042	-88.73799	562.43256	1392.72363	221.17021	191.00543	1847.08081				
446	4.450	-63.03514	1491.55811	1775.67090	83.81355	1607.31897	1679.39197				-146.16319	1577.37683	1684.44702	139.07550	1475.84692	1577.66821				-32.88115	1350.84900	1607.09216				160.87167	1276.41138	1679.82495	-286.13025	1152.92981	1520.74817	254.15024	1207.66382	1592.33203	-337.06836	966.34619	1664.24292	10.11180	1062.82190	1655.42004	-111.24610	1029.41541	1609.63525	70.15003	979.84125	1403.31299	115.57401	509.31293	1752.54614	-87.32278	561.92688	1399.54773	204.91386	187.60367	1873.18677				
447	4.460	-66.82611	1490.29858	1785.83704	80.90230	1604.84766	1689.58362				-149.71713	1576.79016	1693.78638	136.30562	1474.45276	1587.63318				-35.60897	1349.25098	1616.61255				157.68513	1275.44250	1691.82947	-289.10834	1151.72681	1528.29810	251.48138	1206.51221	1602.98108	-341.18185	965.37610	1672.21118	6.96214	1060.77112	1665.15869	-114.01031	1028.08264	1619.33899	68.56780	978.41223	1413.54932	110.85899	505.30814	1755.27527	-85.91180	561.43530	1407.06238	189.58267	187.12846	1894.76941				
448	4.470	-71.53893	1490.00159	1795.42773	77.90723	1602.99976	1699.03174				-152.81351	1575.72351	1701.35156	133.33199	1471.78577	1597.47803				-39.59094	1347.11157	1625.34387				154.17552	1272.99536	1700.92126	-292.16846	1150.00293	1537.43457	248.53227	1204.65247	1614.39661	-345.07956	963.50458	1680.55334	4.79846	1058.92090	1674.85669	-116.71524	1026.22644	1628.66772	66.18765	976.41907	1423.08325	104.90677	501.35248	1754.80725	-85.01687	560.45483	1414.77136	173.08308	191.42638	1912.82397				
449	4.480	-75.90068	1488.65186	1804.33801	75.29581	1600.49536	1709.11646	-5.14021	1713.10229	1600.18579	-155.98557	1575.51550	1711.05090	130.73160	1469.54236	1606.85095				-42.40181	1345.76208	1635.86340				151.17143	1271.20593	1712.70227	-295.27075	1148.32532	1546.14294	246.23476	1201.91199	1624.43604	-349.25891	961.68311	1687.74353	2.00078	1056.70520	1684.78040	-119.22971	1023.96533	1639.14771	64.23682	974.46021	1433.85010	97.28518	498.70245	1757.22681	-84.07230	558.30493	1422.83899	155.84695	198.02412	1930.10583				
450	4.490	-80.44162	1488.50659	1813.39124	72.24052	1598.11621	1719.92651	-6.19448	1711.48120	1610.19861	-158.89806	1575.25586	1720.43384	128.10086	1467.53967	1617.56848				-45.23376	1343.54846	1645.14294				147.14647	1268.34766	1722.93347	-298.54843	1146.43506	1554.19324	242.56348	1201.92798	1639.01379	-353.62115	959.07190	1695.71106	-0.29359	1054.42834	1695.02905	-121.83202	1021.82593	1649.26343	62.20463	972.94849	1444.37964	88.76461	497.04886	1759.95215	-84.28326	557.79358	1431.18469	138.78778	204.24345	1945.76221				
451	4.500	-85.13841	1487.41321	1823.23376	69.59366	1596.90747	1730.57007	-7.02631	1709.75232	1620.59509	-161.83066	1574.66223	1727.92212	125.64147	1465.29883	1627.55811				-47.86893	1341.44128	1655.05664				143.95390	1265.87720	1733.96667	-301.95013	1144.88782	1562.37244	239.33710	1198.89771	1649.32385	-357.63611	956.79462	1701.56934	-2.62253	1052.24060	1705.65723	-124.39477	1019.26062	1659.08752	59.15106	970.53528	1454.54907	80.96653	496.06775	1765.71362	-84.48715	555.95947	1439.87598	122.40698	211.75328	1962.85657				
452	4.510	-89.89346	1487.62585	1833.89587	66.56149	1594.32861	1741.00610	-7.37133	1707.16663	1628.76501	-165.21439	1574.39771	1736.36548	123.16898	1462.58997	1637.50952				-51.18772	1340.20593	1666.42920				140.30086	1263.50940	1744.57068	-304.86469	1143.09326	1571.09790	236.54247	1196.25098	1660.41895	-361.57034	953.72864	1708.27869	-5.23738	1050.22437	1716.74475	-126.65424	1016.90210	1670.01233	56.07580	968.61615	1465.01379	72.19814	495.35739	1771.74023	-85.07339	554.92188	1449.64343	105.17931	217.95564	1978.41125				
453	4.520	-94.53175	1487.71313	1843.62646				-8.45718	1705.94153	1639.66699	-167.81088	1574.75281	1745.94812	120.56672	1461.80835	1648.04114				-54.05316	1338.86609	1677.04944				136.35051	1261.46838	1755.98071	-308.15274	1141.62878	1578.91370	232.93707	1192.94092	1670.59656	-365.35568	950.86761	1714.14185	-7.74658	1048.12842	1727.21155	-129.45300	1014.71283	1681.47717	52.33275	967.13434	1475.47595	63.49746	494.33780	1778.82214	-87.12142	553.14594	1459.45081	89.06867	221.18619	1991.98047				
454	4.530	-98.88077	1487.33374	1852.95984	61.52134	1590.60474	1763.62219	-8.81632	1704.18628	1648.71216	-170.92110	1575.01770	1754.90491	118.29800	1459.36328	1658.65356				-56.53635	1336.72278	1687.20972				133.04597	1258.76355	1766.11145	-311.61118	1140.35449	1586.90662	229.24084	1190.41663	1682.30420	-369.52737	947.63184	1720.46118	-10.82128	1046.41565	1738.84131	-132.33145	1012.42493	1691.93567	48.49778	964.98792	1485.94678	55.56704	493.91467	1786.36584	-89.13277	551.09363	1468.47681	72.09332	226.81371	2007.33813				
455	4.540	-103.57618	1487.58167	1861.90552	58.14584	1589.43823	1773.62915	-9.53944	1702.42810	1658.86072	-173.14525	1574.91052	1761.44299	116.35230	1457.10364	1669.86865				-58.76266	1335.11780	1698.35608				129.19861	1256.35840	1777.50647	-314.45746	1139.01599	1595.76331	224.45148	1187.36353	1693.54114	-373.35010	943.83258	1725.90808	-13.35969	1044.50061	1749.70642	-135.44159	1010.81421	1704.01160	44.52377	963.12872	1497.13440	46.45102	492.84052	1795.16443	-92.48692	549.84521	1478.48315	56.00581	231.43887	2021.88879				
456	4.550	-108.28661	1487.65930	1872.17480	55.72351	1587.65930	1785.16724	-9.16051	1700.43469	1668.08838	-175.06581	1575.08948	1770.75818	114.39259	1454.64929	1680.60083				-61.62447	1333.41309	1708.37891				125.56271	1254.04138	1788.16040	-318.14459	1138.39709	1603.19702	221.07016	1183.87000	1704.32434	-377.46042	940.42059	1729.62512	-17.48520	1043.55505	1761.46594	-138.95982	1009.22980	1715.31628	40.20827	961.28339	1509.10547	39.35662	491.77982	1803.44983	-95.37059	548.41669	1487.50159	37.22699	234.17249	2033.09888				
457	4.560	-112.50336	1488.67224	1883.13782	53.66169	1586.70313	1795.98877	-10.14259	1699.02307	1677.60437	-178.25784	1574.83362	1779.16431	112.45775	1453.22046	1690.47986				-64.42743	1332.71460	1720.91614				122.24118	1251.21948	1798.32471	-321.54160	1137.68567	1612.14221	216.34247	1181.65552	1715.39075	-380.77942	936.32166	1734.96252	-20.93210	1042.21741	1773.31335	-143.08788	1008.17358	1727.43042	35.67231	960.47504	1519.22949	31.75703	490.41626	1812.98767	-99.74276	547.20245	1497.29248	21.28094	237.96005	2045.52539				
458	4.570	-116.25446	1489.12769	1892.63818	50.08135	1586.00378	1806.51392	-11.55334	1697.79138	1686.75146	-181.06322	1575.73584	1788.04724	110.78607	1451.22034	1701.32227				-67.45404	1331.72485	1730.97900				118.56810	1249.36292	1809.63611	-324.58820	1137.45557	1618.59412	212.08237	1178.74780	1725.09790	-384.33762	932.79797	1738.37805	-25.69066	1041.78491	1785.25696	-147.28679	1007.88727	1739.75256	31.42548	958.84351	1530.96606	25.43010	489.09573	1822.99023	-104.26108	546.02271	1507.10034	2.63836	241.09966	2055.61816	-1.54286	131.69264	1406.20850	
459	4.580	-120.35475	1490.29883	1901.66101	47.63370	1586.43567	1818.00610	-12.03497	1697.31885	1695.91321	-182.84911	1575.67419	1796.51746							-69.79987	1331.42737	1742.08069				114.50015	1247.97290	1821.09387	-328.04492	1136.81323	1628.44885	207.59689	1176.53442	1737.23560	-388.08359	928.65491	1742.29724	-30.58633	1041.30310	1797.78906	-151.32153	1006.81122	1750.31250	27.78479	958.27216	1543.72339				-109.23369	545.31226	1517.00549	-15.00699	240.44089	2062.65186	-3.93790	138.02304	1413.78613	
460	4.590	-124.23235	1492.73499	1913.05566	44.74943	1587.42944	1830.10999	-13.16871	1696.95935	1706.43005	-186.01913	1577.05188	1805.01636	106.84203	1448.95862	1723.82739				-72.33127	1331.35510	1752.50891				111.74066	1245.85034	1831.19678	-331.30972	1137.49866	1636.38440	203.15300	1173.99915	1747.63025	-391.61755	924.83936	1744.62683	-35.81420	1041.16040	1810.21387	-156.21252	1007.13892	1761.71033	24.68439	957.51526	1556.74072				-115.39118	545.04376	1525.07910	-32.39220	241.79182	2072.57324	-3.63339	141.71104	1418.04285	
461	4.600	-127.82983	1494.87305	1922.49915	41.70098	1588.21790	1839.86426	-14.47039	1697.36780	1715.46985	-188.20631	1578.37390	1815.25940	104.44628	1448.53296	1734.28967				-75.64776	1331.72327	1763.43384				107.55235	1245.44983	1843.78162	-334.27237	1138.40466	1644.32007	198.39047	1171.84595	1756.87646	-394.49408	921.27576	1746.43640	-40.99055	1040.86584	1821.80432	-160.93643	1008.07648	1773.49255	21.97140	957.95660	1568.14075	9.64052	483.84363	1851.96680	-121.33898	544.13721	1535.65820	-50.99328	240.23259	2077.78149	-4.48283	145.46567	1422.44067	
462	4.610	-131.70201	1496.89771	1932.84241	39.27042	1590.05408	1850.76196	-16.52683	1697.60156	1723.88037	-190.95587	1579.50964	1822.35437	101.76552	1448.13879	1746.12000				-77.78648	1332.59399	1773.99170				103.74646	1244.17590	1854.12341	-336.82584	1140.07544	1651.62122	193.98674	1171.09546	1769.84326	-397.95984	918.11487	1749.00305	-46.57434	1041.67517	1833.30225	-165.45985	1008.82227	1782.93030	19.27874	958.52155	1580.35938	5.96423	485.16553	1863.60339	-127.78751	543.46002	1545.83118	-68.20738	238.19798	2082.91797	-5.50301	148.29865	1426.27148	
463	4.620	-134.94121	1499.70923	1943.17822	36.22652	1592.47168	1861.41370	-17.99888	1698.55066	1734.24121	-193.57942	1581.47400	1832.71130	99.64722	1448.30322	1756.45654				-81.86131	1333.57629	1784.59595				99.93185	1245.18140	1867.24915	-337.48941	1142.20618	1655.11340	189.06926	1169.99756	1779.90381	-401.28745	915.30347	1750.04382	-52.30665	1043.10303	1844.64807	-170.36232	1010.47449	1792.78333	16.64103	959.61566	1592.87964	2.04624	487.03003	1876.06677	-134.30377	544.12762	1556.41541	-86.91949	236.14212	2084.63013	-6.62974	151.83408	1432.97424	
464	4.630	-138.46872	1502.06738	1952.61328	33.29158	1593.84485	1871.28430				-195.91121	1582.46155	1840.94202	96.35095	1449.15698	1766.75854				-85.25505	1335.14124	1795.58997				96.16972	1244.96436	1877.15930	-339.16122	1143.28040	1663.11499	183.44385	1170.91577	1791.31812	-403.55643	912.85242	1750.86328	-58.38497	1044.84644	1855.29321	-175.79326	1012.82471	1802.87439	13.85872	960.58429	1605.01563	-0.14531	490.78766	1889.90649	-140.39778	545.46063	1568.10437	-103.39476	234.93262	2087.96826				
465	4.640	-141.27603	1505.03442	1963.02539	30.36549	1595.77551	1881.49365	-22.24797	1700.07043	1751.17432	-198.85207	1584.16882	1849.05713	93.58434	1449.75232	1777.74182				-88.37029	1337.18555	1805.13293				92.39661	1246.08691	1888.86658	-340.60693	1144.63745	1671.13379	178.97565	1170.39648	1804.07886	-406.70572	911.42017	1751.92651	-64.28146	1047.67786	1865.87622	-180.62697	1015.50385	1812.17151	11.55980	962.20392	1617.06934	-2.99107	495.74033	1906.21204	-146.99626	546.29590	1578.57104	-119.06152	230.90424	2086.43433	-11.65775	168.01993	1448.10583	
466	4.650	-144.86516	1507.48853	1971.66052	27.65742	1597.66528	1890.34375	-25.19804	1700.90698	1757.83997	-201.56105	1586.17004	1859.32605	90.45588	1450.47852	1788.51892				-93.05099	1339.07007	1815.45105				87.93749	1247.56921	1899.13293	-341.92636	1146.35278	1676.96277	174.32138	1170.84192	1814.34290	-408.92062	910.67065	1752.57166	-69.63072	1050.15332	1876.01794	-185.29099	1018.67493	1821.01794	9.17573	963.51892	1628.76807	-5.32607	498.85968	1919.44397	-153.45839	547.21661	1591.69250	-133.75056	227.41937	2086.59302	-12.65728	171.73817	1453.36072	
467	4.660	-147.61673	1510.70276	1981.88757	24.73759	1600.14355	1899.60950	-27.23395	1701.80847	1767.66370	-204.44188	1587.06274	1866.53198	87.36044	1451.62012	1798.33264				-96.17220	1341.06299	1825.94177				83.25415	1249.09534	1911.83691	-343.49127	1147.80994	1684.01709	169.50233	1172.31860	1827.41370	-411.01862	910.22894	1752.55579	-74.85356	1052.84424	1885.40906	-189.72087	1020.67969	1829.88635	6.78449	964.53192	1639.39648	-8.65168	501.02570	1933.79272	-159.59254	547.98438	1603.94714	-146.96074	220.16937	2081.86646	-13.92304	175.61484	1461.98877	
468	4.670	-150.43915	1512.61169	1989.84656	22.42451	1601.56750	1907.26782	-29.53328	1702.87268	1773.93372	-207.17328	1589.14685	1874.77502	84.47861	1452.38867	1808.22192				-99.68395	1342.93030	1834.79321				78.47923	1251.04907	1922.69580	-345.32053	1149.38452	1692.20691	164.62073	1173.09326	1838.63403	-413.09940	910.35785	1752.98499	-80.00270	1055.75354	1895.44348	-193.96368	1022.87097	1837.89612	4.61408	965.14331	1650.73132	-12.08192	501.45233	1946.53455	-165.97423	548.43628	1615.23816	-159.59328	215.33566	2079.37793	-17.24186	181.01805	1472.37769	
469	4.680	-153.07718	1515.83569	1999.09790	19.56554	1604.16431	1915.64197	-32.48428	1704.22095	1781.94458	-209.65793	1591.02917	1884.37073	80.96303	1453.89758	1818.68494				-103.87769	1345.37512	1843.46301				73.73857	1252.75952	1933.74402	-347.48386	1150.64172	1699.01013	160.46915	1173.80164	1851.01794	-415.34723	910.28723	1752.85742	-85.15755	1058.26880	1905.40576	-197.82739	1025.19836	1846.01758	2.27521	965.57574	1662.32336				-172.31670	548.24091	1628.46509	-169.92885	208.16086	2073.82446	-20.11509	185.96819	1484.29688	
470	4.690	-156.37935	1518.78552	2008.22314	16.72136	1606.49097	1923.84839	-35.37263	1705.86353	1788.82385	-213.41295	1593.65979	1892.84106	77.35224	1455.46265	1829.53076				-107.62665	1347.34302	1853.46191				69.14162	1255.25220	1945.02942	-349.77631	1152.31848	1705.27563	155.87370	1174.70349	1861.34851	-417.66898	910.55640	1753.50415	-89.84846	1060.13843	1915.34900	-202.19684	1027.59766	1854.51587	0.46012	967.23090	1673.59705	-20.52318	501.03226	1974.31348	-177.88321	548.71783	1639.54663	-179.71097	201.76794	2069.50879	-24.48686	191.62732	1497.60193	
471	4.700	-159.19049	1521.76538	2016.28442	13.61278	1608.58130	1932.00476	-38.32968	1707.09497	1796.28857	-215.46872	1595.26001	1899.25513	74.24100	1456.83118	1838.76025				-110.95805	1349.13806	1862.81335				64.12447	1256.50757	1954.55872	-352.02338	1154.01685	1710.97144	152.05414	1176.58569	1874.83765	-419.46255	911.11572	1753.88855	-94.61568	1061.07922	1924.49487	-206.37068	1030.26196	1862.40674	-1.74664	967.80383	1683.93481	-25.50894	500.56796	1988.27637	-184.03967	548.40955	1652.67957	-186.64117	196.01398	2063.22681	-27.23674	193.28993	1510.86267	
472	4.710	-162.43091	1525.30347	2025.84192	10.60362	1611.19788	1939.62866	-41.73518	1709.16956	1804.91248	-219.10069	1598.74768	1909.34949	70.97207	1459.07007	1849.23804				-114.69032	1351.32129	1870.72021				59.43716	1259.05688	1966.52380	-354.61005	1155.63452	1715.92322	147.57544	1177.91223	1885.37207	-422.16156	911.55176	1754.37842	-99.59270	1062.63489	1934.36658	-210.70786	1032.16272	1870.47852	-3.63752	969.12695	1693.79163	-31.50440	500.45639	2002.63550	-189.89558	548.43951	1664.95972	-192.53735	190.45464	2056.06689	-31.84894	198.52271	1526.57166	
473	4.720	-165.60056	1528.32141	2032.81531	7.40869	1613.84045	1947.42004	-44.14412	1711.20361	1811.72095	-222.74826	1601.23669	1918.22058	67.43620	1460.42651	1858.76453				-119.02715	1353.39404	1879.67468				54.63329	1260.87317	1977.43994	-357.25797	1157.36548	1720.66064	143.84499	1180.19397	1898.62476	-423.86478	912.56335	1755.10632	-104.59024	1063.13318	1943.40588	-214.99312	1033.90076	1877.93787	-6.02078	970.70184	1703.97766	-38.23145	500.93842	2017.81567	-195.73050	548.35437	1677.23438	-196.87422	186.97896	2051.21973	-37.94039	203.50484	1542.61731	
474	4.730	-169.07893	1531.90686	2041.39331	4.02401	1616.36646	1955.65076	-47.75304	1713.13135	1818.90466	-225.70348	1603.68066	1924.03223	63.43849	1462.12012	1870.25085				-123.64622	1356.02576	1888.60437				49.39263	1262.26013	1986.90356	-359.66821	1158.72400	1724.50281	139.79811	1182.52393	1911.34119	-426.25705	913.43524	1755.95288	-109.38436	1063.73035	1952.64221	-219.36684	1035.95288	1885.16772	-7.97348	972.58508	1713.61438	-44.40496	504.09457	2035.47925	-201.72952	548.33533	1689.77002	-199.39255	182.70456	2045.02319	-45.38231	207.73936	1559.10510	
475	4.740	-172.59473	1535.23267	2049.77148	0.55368	1619.07141	1963.21033	-50.93695	1714.54749	1825.23743	-229.01360	1606.26685	1931.06604	60.04340	1464.12451	1879.80554				-127.21401	1357.44861	1896.80371				43.49978	1265.03564	1998.90930	-361.85709	1160.48438	1728.28345	135.98441	1183.81750	1922.10071	-428.17172	915.21265	1756.34998	-114.38519	1064.98547	1961.42249	-223.67894	1037.66882	1892.46021	-9.96191	974.18707	1725.06287	-52.95631	505.47186	2046.23096	-208.83418	549.12927	1705.10901	-201.41272	180.41310	2038.79492	-53.23072	211.02332	1575.39294	
476	4.750	-176.32391	1538.60315	2057.86768	-2.89860	1621.76746	1970.74622	-53.90456	1716.43933	1831.31494	-232.71507	1609.93140	1939.12781	55.63037	1466.70923	1890.77258				-131.39845	1359.25488	1905.53101				38.49918	1267.11011	2009.52344	-363.88611	1162.06250	1731.02405	132.07928	1186.63904	1935.22876	-430.57013	917.13770	1756.49854	-119.05981	1065.83435	1969.63440	-227.81703	1039.19019	1899.75586	-12.09398	976.80530	1732.05200	-61.07859	511.07666	2059.61719	-214.89354	549.60681	1721.77515	-201.80551	180.43959	2034.24231	-62.93577	213.82726	1588.29236	
477	4.760	-180.29988	1542.03149	2065.86523	-6.31827	1624.48608	1978.89453	-57.01067	1718.11816	1838.19666	-236.01886	1611.48889	1946.76611	51.22179	1468.52100	1902.26440				-135.16985	1361.51392	1912.99658				33.05698	1269.44861	2019.80798	-365.64755	1163.96338	1733.87329	128.23993	1189.10571	1947.15210	-432.68869	918.96259	1757.29675	-123.63616	1067.57935	1977.51917	-231.91672	1041.04541	1906.82422	-14.27661	979.11023	1740.29150	-68.82230	515.41791	2069.52905	-222.90764	551.26288	1734.79382	-200.57448	180.89116	2026.90515	-71.15944	215.69458	1609.23389	
478	4.770	-184.32898	1545.62170	2073.34717	-10.15501	1627.70679	1986.49060	-60.25525	1719.44995	1845.02869	-239.26491	1613.96094	1953.60767	47.00268	1470.16357	1911.77588				-139.51874	1362.83350	1921.20483				27.23693	1271.39221	2029.74426	-367.33640	1166.02856	1736.49121	124.47622	1191.02380	1958.50671	-434.37402	920.77405	1757.90625	-128.11398	1068.87537	1985.21326	-235.92580	1042.68079	1913.82117	-16.01389	980.76990	1748.89612	-74.62309	519.14093	2076.72510	-230.76715	553.45587	1751.10803	-199.08456	183.71352	2022.99402	-81.78401	218.04936	1624.49585	
479	4.780	-188.36754	1549.32202	2081.38843	-13.95126	1630.06482	1993.68494	-63.65558	1720.92126	1851.78052	-243.17485	1616.81580	1961.39526	42.86771	1472.96179	1923.66870				-144.22884	1364.11572	1929.30090				21.45954	1273.75769	2039.92871	-368.77386	1168.21924	1738.45447	120.14169	1193.73608	1970.63904	-436.29031	922.90198	1758.23413	-132.45673	1071.22546	1993.03564	-239.87402	1044.39697	1921.28857	-18.20513	982.75848	1759.43860	-80.93652	520.55756	2081.45776	-237.96060	555.29926	1763.06238	-196.40509	185.43181	2018.45032	-94.66925	219.73619	1640.83350	
480	4.790	-192.30492	1552.94519	2088.99072	-17.77555	1633.02344	2001.09851	-66.40836	1722.19458	1857.02930	-246.92940	1618.86658	1968.99902	38.05863	1474.18140	1933.09363				-148.30144	1366.49353	1935.79480				16.15085	1275.65002	2049.04492	-369.80679	1170.57458	1738.91638	116.10052	1196.51001	1982.93469	-438.11179	925.16998	1759.60156	-136.67174	1073.69641	2001.18567	-243.75877	1045.95654	1928.23657	-20.27044	985.63776	1766.73010	-85.94978	523.51990	2086.43701	-245.54294	558.12177	1781.02063	-194.67345	187.87994	2015.15784	-106.23923	222.20451	1659.29321	
481	4.800	-196.50107	1556.53027	2096.58423	-21.61341	1635.95154	2009.19006				-250.43739	1621.61340	1975.38770	33.79426	1476.41992	1943.59180				-152.20697	1367.75525	1943.03210				9.79975	1277.90112	2060.39648	-370.82318	1172.60681	1740.11694	112.54536	1198.83179	1994.69727	-439.65778	927.19379	1759.74255	-140.21042	1075.50391	2008.45471	-247.28645	1047.52966	1934.84607	-22.75900	986.52136	1776.41638	-89.67334	525.22437	2089.69312	-254.73788	562.56274	1793.22327	-192.01988	188.35857	2010.85291	-118.98220	224.08733	1676.41492	
482	4.810	-200.93352	1560.05042	2104.49463	-25.45798	1638.77661	2017.06470				-254.00262	1624.27002	1981.56531	29.61944	1478.55603	1954.11450				-156.49805	1369.81360	1950.52979				4.24316	1280.33704	2070.35205	-371.87943	1174.56006	1742.16174	108.41624	1200.50842	2005.86487	-441.11737	929.39105	1759.87976	-143.98589	1077.53552	2016.52747	-251.36263	1049.36926	1942.63623	-25.89340	987.55042	1782.22607	-93.77181	525.71704	2091.97534	-263.72699	565.29053	1807.49280	-188.80931	188.08629	2006.63147	-133.49597	224.93732	1692.39185	
483	4.820	-205.07472	1563.78308	2111.81372	-29.01292	1641.12769	2023.99768				-258.10056	1626.45203	1988.78833	25.00600	1479.89795	1963.34521				-160.71507	1370.83728	1957.88391				-1.95727	1281.68494	2080.47705	-372.78635	1175.89014	1743.77698	104.60609	1202.92029	2017.22974	-442.96652	931.37866	1761.23584	-147.14690	1079.59229	2023.92224	-254.63150	1050.67468	1949.44092	-28.98938	988.99408	1789.69482	-96.65669	525.55194	2093.78003	-272.72842	568.77948	1822.14319	-186.17253	188.31497	2005.01782	-148.46587	225.20071	1711.56628	
484	4.830	-209.43655	1567.28064	2119.21265							-262.12964	1629.11194	1995.64307	20.70490	1481.57288	1974.16016				-165.48784	1372.50562	1966.23645				-7.82257	1284.12634	2090.56860	-373.62634	1178.17871	1746.32312	100.10087	1204.94702	2028.81592	-444.09381	933.43964	1761.09399	-150.77307	1081.16748	2031.04761	-258.40366	1052.87488	1957.56433	-32.65300	989.98804	1797.94409	-99.04518	525.26923	2096.06421	-281.83749	572.53149	1836.78479	-184.23540	188.83049	2004.61609	-161.33006	226.16672	1729.54028	
485	4.840	-214.02335	1570.86353	2126.83936							-265.89590	1631.20593	2002.03125	16.20254	1483.66248	1984.24219				-168.59686	1373.94678	1972.06934				-13.25359	1284.73120	2099.09155	-374.36929	1179.73022	1747.34766	95.51758	1207.34302	2039.94592	-445.34805	935.06183	1761.73181	-153.32562	1081.64917	2036.74023	-261.16904	1053.66223	1964.39941	-36.35228	990.45673	1804.54578	-100.53259	523.36456	2096.53003	-290.94177	575.46313	1853.08496	-181.66943	186.52914	2002.19641	-173.89954	226.35258	1750.01758	
486	4.850	-218.39014	1574.18079	2134.02393	-41.58887	1648.24585	2045.47144				-269.64655	1633.29980	2008.41296	11.51516	1485.00928	1993.35205				-173.49037	1375.41882	1980.85583				-19.51705	1287.02075	2109.64160	-375.02371	1181.56470	1749.01147	91.48465	1209.18860	2051.87256	-446.86850	936.63666	1762.66968	-155.87299	1083.20813	2044.96411	-264.09183	1055.00635	1971.52368	-40.18387	990.91614	1809.93176	-102.55185	521.18964	2096.88647	-300.50845	579.54962	1869.41638	-179.01405	184.77350	2001.93140	-187.73318	225.42484	1767.12622	
487	4.860	-222.84711	1577.64587	2141.15063	-45.32457	1650.22144	2052.32495				-273.77322	1635.65381	2015.31689	7.17913	1486.28894	2003.56042				-177.62338	1376.46887	1988.33203				-25.06204	1287.68140	2117.98706	-375.56967	1182.99951	1750.84314	86.70299	1210.69983	2062.29785	-447.42557	937.76593	1762.72021	-158.59460	1083.61047	2052.66064	-267.06183	1056.40625	1978.40564	-43.70657	992.46112	1815.19324	-103.45919	519.53394	2097.72534	-310.48859	583.27783	1885.95789	-176.29483	183.42470	2001.40820	-202.14008	224.10736	1786.45508	
488	4.870	-227.55396	1581.08325	2148.67383	-49.32335	1652.10681	2059.69189				-277.77087	1637.20129	2022.08167	3.24033	1487.92126	2013.11694				-182.23790	1377.26794	1996.74963				-31.28152	1289.90173	2128.40356	-376.09763	1184.19897	1752.51550	82.25131	1212.36731	2074.41260	-448.86270	938.97589	1763.91748	-161.46266	1083.54822	2059.28760	-270.02631	1056.63672	1984.64233	-47.06923	992.60913	1822.41650	-103.64614	516.34778	2097.83325	-320.60791	587.56433	1902.70215	-174.18732	180.31282	2001.70654	-216.44002	222.95731	1805.24060	
489	4.880	-231.93370	1584.15332	2155.65405	-52.97139	1653.69751	2066.80859				-280.92108	1638.54419	2026.93860	-1.50959	1488.54944	2021.88440				-186.08307	1377.70300	2003.74292				-36.65501	1290.28943	2136.56714	-376.52789	1185.56995	1754.69971	77.50887	1214.00903	2084.84473	-449.59586	939.86237	1765.19275	-163.68207	1083.19470	2067.09009	-272.60883	1057.17065	1990.68457	-50.98012	993.68390	1827.33276	-102.91061	514.32971	2098.12720	-330.65201	592.59918	1916.70618	-171.49979	178.36086	2002.06519	-231.68210	221.40172	1824.11975	
490	4.890	-236.37119	1587.19788	2162.53516	-57.08648	1655.14575	2074.51758				-285.11740	1640.47485	2033.75354	-5.82922	1489.65112	2031.11536				-191.24368	1379.89026	2012.64148				-42.00580	1291.21765	2145.86133	-377.16943	1186.66089	1757.07166	73.48058	1215.24829	2095.18433	-450.01062	940.49561	1766.20911	-165.35219	1082.06470	2073.76416	-275.77164	1057.38000	1997.88818	-54.58945	994.06720	1833.12097	-102.16200	512.20654	2099.07568	-340.13208	595.99731	1931.48853	-168.23112	174.28105	2001.97375	-246.70259	219.48766	1842.28784	
491	4.900	-241.09816	1589.84546	2170.06494	-61.21527	1656.87488	2082.06274				-289.06128	1641.97900	2040.16882	-9.96048	1490.73047	2041.11389				-195.29866	1379.61353	2020.62488				-47.81857	1292.14209	2155.19531	-377.55249	1187.03943	1759.69397	69.31003	1216.26392	2105.68774	-450.17606	940.95862	1767.15686	-168.13101	1081.04321	2080.12329	-278.16391	1057.14685	2004.73914	-58.14571	994.29065	1840.01685	-100.33672	509.73389	2099.22021	-349.26852	600.74512	1944.18835	-166.30592	172.76036	2004.73022	-260.30838	214.76872	1865.79541	
492	4.910	-245.33957	1591.92175	2176.79321	-64.98843	1657.78748	2088.66943				-293.16675	1642.77295	2047.24622	-14.19376	1490.92200	2049.67017				-199.46223	1380.57275	2028.48413				-53.27380	1292.93176	2164.26807	-378.23059	1187.35193	1763.36768	64.62413	1216.89697	2115.71948	-450.32217	941.32922	1768.33130	-170.70117	1080.17456	2086.55273	-280.82367	1057.23425	2011.39026	-61.51212	995.14178	1844.85168	-98.68099	508.03204	2098.79663	-358.15680	605.01770	1956.40125	-163.27742	169.29633	2004.35083	-275.18890	212.89859	1882.78198	
493	4.920	-249.96553	1594.71741	2183.79224	-69.06359	1658.69189	2095.81226							-18.69726	1490.89990	2058.08691				-202.92776	1380.46545	2035.60889				-58.39756	1293.81323	2172.68677	-379.05411	1188.19556	1766.96631	60.21505	1217.93640	2126.23340	-450.32224	941.70575	1769.93286	-173.02022	1079.57446	2093.76099	-283.76990	1056.90356	2018.03760				-96.35422	506.45987	2098.08374	-366.02057	609.46167	1969.76147	-160.99126	167.50519	2006.64746	-290.07535	209.66264	1905.04041	
494	4.930	-254.42419	1596.70361	2190.94263	-72.81615	1659.33801	2102.28149	-300.72137	1645.29089	2060.19727				-22.69163	1491.40845	2066.63062				-207.20186	1381.00928	2044.47827				-63.26462	1294.17236	2180.77637	-379.74121	1188.51892	1769.87988	55.71145	1218.39221	2135.83496	-450.36722	941.34760	1772.77051	-175.86237	1078.63232	2100.19727	-286.63315	1056.31348	2024.28796				-92.71069	505.10641	2097.71118	-373.09048	613.30005	1984.47876	-158.93747	166.32280	2009.82275	-306.85052	207.39891	1920.69861	
495	4.940	-258.61258	1598.50220	2197.51147	-76.87368	1660.13892	2109.27612							-26.47069	1491.07556	2074.85620				-210.51070	1380.28381	2052.17725				-68.28281	1294.74341	2189.72217	-380.51337	1188.48718	1774.57629	51.07549	1219.14966	2146.14844	-450.29187	940.85931	1775.05920	-178.74699	1078.15417	2106.02271	-289.56122	1055.71375	2030.06055				-90.24485	503.17996	2096.36890	-378.86777	615.93640	1993.61438	-156.85316	164.83653	2012.19507	-321.24686	203.97447	1941.31873	
496	4.950	-262.93301	1600.13757	2204.27319	-80.58925	1660.37500	2116.31738							-30.56942	1491.78845	2083.64209										-73.14846	1295.17969	2198.11548	-381.49670	1188.27820	1779.93396	46.93410	1218.88306	2155.46606	-448.41281	939.56781	1776.41150	-182.14381	1078.26465	2112.42090	-292.50168	1054.32373	2035.57410				-86.56936	502.14478	2095.95630	-384.45200	618.23181	2004.23108				-335.21927	200.00031	1961.52832	
497	4.960	-267.22354	1601.60339	2210.54175	-84.12526	1660.47290	2123.15137							-34.70893	1490.66846	2091.23242										-78.05554	1295.83447	2206.29199	-382.69254	1188.37610	1784.63232	42.12518	1219.38489	2165.24683	-448.37082	939.42505	1777.43506	-185.27237	1076.99475	2117.99365	-296.04254	1054.13965	2042.25793				-83.13921	499.89670	2094.24805	-387.05054	619.52356	2013.63123				-348.54697	196.17043	1981.51025	
498	4.970	-271.42969	1602.39868	2217.16089	-87.81002	1660.80750	2130.65576							-38.36784	1489.96912	2098.07642										-83.11741	1296.92700	2214.68506	-384.19479	1188.11536	1790.49060	37.42670	1219.57910	2174.98389	-448.46753	939.33148	1783.54663	-187.93098	1075.90271	2123.19849	-299.38199	1053.75586	2048.63037				-79.52970	499.02097	2092.75122	-387.58810	619.63422	2022.40686				-363.66360	192.25034	2002.25391	
499	4.980				-91.10099	1660.77234	2136.95142							-42.37223	1489.91736	2106.04858										-87.89801	1297.24011	2222.42212	-385.59079	1187.77466	1796.44104	33.11142	1219.83765	2183.63574	-448.31934	938.75250	1785.74207	-190.95415	1075.26392	2128.85254	-302.58310	1053.10437	2054.50635				-75.82298	498.34515	2091.64575	-387.24448	619.26111	2029.00745				-379.22491	188.74515	2023.62451	
500	4.990				-94.81787	1660.63892	2143.97461							-45.20422	1488.90076	2111.95605										-92.83022	1298.20203	2230.15015	-387.28186	1187.32861	1803.17786	28.40208	1219.19458	2193.04077	-448.52579	938.86060	1791.00159	-194.47452	1074.77759	2135.28296	-305.75455	1052.23169	2060.75415				-71.54781	496.77429	2089.13208	-386.49591	618.11981	2034.45642				-395.60797	185.53726	2048.18433	
501	5.000				-98.43197	1660.51001	2150.43652							-48.93996	1489.50500	2119.94263										-97.32784	1298.85242	2237.16870	-389.02225	1186.48608	1809.51990	23.61312	1219.48792	2202.02686	-448.33948	937.48102	1797.61804	-197.62003	1074.42688	2141.32690	-309.07077	1052.21716	2067.23535				-67.17937	496.52075	2088.02368	-384.34775	615.59302	2039.92371				-408.61435	183.11609	2072.62939	
502	5.010				-101.65513	1660.40271	2156.35645							-51.91925	1488.39014	2126.03345										-101.62647	1299.60327	2243.74902	-391.36615	1185.84778	1816.99194	19.02293	1219.20007	2210.49658	-448.43958	936.41278	1800.14587	-199.99980	1074.47656	2148.11646	-312.14706	1051.31360	2074.30859				-63.00981	496.90488	2087.81250	-382.51843	612.40350	2044.73840				-421.04697	181.62155	2095.57349	
503	5.020				-105.25604	1659.87952	2162.72168							-54.77989	1487.48352	2132.08472										-106.19907	1300.43140	2250.66650	-393.77957	1184.99097	1825.23584	14.35657	1219.54382	2219.00415	-448.61755	935.38208	1806.73291	-202.19540	1073.95557	2155.21704	-314.93530	1050.53113	2081.80640				-59.02940	496.20660	2086.22119	-379.88513	608.04498	2049.25000				-431.85391	181.55177	2119.79614	
504	5.030				-108.36491	1659.43420	2168.02661							-58.03035	1486.94397	2137.63477										-110.73829	1301.92126	2257.21094	-396.46170	1183.92285	1833.41956	9.78309	1219.59546	2226.99829	-448.93390	934.21240	1811.56030	-204.65150	1072.43909	2161.64453	-317.85300	1050.73315	2090.39502				-54.98705	496.88980	2085.88257	-377.25400	604.04034	2054.76489				-441.00058	183.61812	2143.40063	
505	5.040				-111.76018	1658.81970	2174.13501							-61.18139	1486.36487	2143.22266										-114.82391	1303.46802	2262.59253				5.14211	1219.39453	2234.96973	-449.35300	932.25311	1819.64148	-207.04906	1072.14355	2168.76978	-320.70206	1049.47290	2098.00464				-50.87081	497.25174	2085.11304	-371.95609	600.44055	2054.81445				-449.78397	186.63689	2166.09424	
506	5.050				-114.96533	1658.42175	2179.69531							-63.66132	1485.98279	2148.09668										-119.18455	1304.61743	2268.42334				0.70619	1219.76062	2242.57593	-450.75204	931.22565	1824.81946	-209.25989	1073.03040	2176.98828	-323.40994	1048.85022	2105.07910				-48.26839	498.05923	2084.92725	-367.11914	597.40631	2058.53638				-458.39999	192.15306	2189.68286	
507	5.060				-117.44440	1657.36621	2184.21997							-66.19666	1485.11133	2152.03857										-122.68184	1306.03577	2273.07471				-3.66744	1219.96448	2249.37109	-452.85107	930.54224	1833.64355	-211.91850	1072.46094	2183.61060	-325.57391	1048.82654	2113.99121				-45.70620	499.24448	2085.74463	-361.43768	594.33514	2061.16040				-465.55582	200.15335	2211.66577	
508	5.070				-120.76228	1656.92200	2189.87427							-68.73421	1484.49963	2156.90625										-127.12668	1307.81641	2278.85376				-8.14060	1220.17700	2256.40967	-454.26596	928.50421	1842.79468	-214.26608	1072.57373	2191.84253	-328.61404	1047.92163	2122.20679				-46.16830	502.08163	2087.38257	-356.79852	592.12726	2065.20239				-473.72095	207.11916	2231.85010	
509	5.080				-123.80625	1656.63733	2194.89478							-71.42371	1483.92688	2160.73486										-130.90172	1309.76038	2283.89453				-12.99204	1221.05383	2263.61987	-455.75198	925.97455	1852.15759	-216.32262	1072.61206	2198.98804	-331.85004	1047.48279	2129.89502				-48.45517	503.87457	2089.48120	-353.03729	590.07709	2068.92798				-479.82822	216.02486	2250.82666	
510	5.090				-126.62093	1655.89038	2199.49609							-73.89026	1483.65955	2164.29004										-134.20049	1310.75793	2287.89087				-17.29239	1221.38965	2269.85986	-459.03873	924.34082	1859.01550	-219.07951	1072.07959	2205.29858	-334.53802	1047.06531	2138.40796				-53.10028	504.67108	2092.36206	-350.05649	587.96521	2072.97095				-484.56674	225.02609	2267.73730	
511	5.100				-129.04466	1654.97913	2203.54736							-76.17469	1483.42188	2167.89355										-138.61853	1312.08484	2293.08350				-21.20294	1221.63782	2275.64209	-460.65958	921.41431	1866.99780	-221.88608	1072.90747	2212.81079	-337.88596	1047.12512	2147.64233				-58.93540	506.70593	2097.32153	-347.75354	586.48413	2077.11548				-485.96509	233.06100	2284.17676	
512	5.110				-132.23320	1654.62683	2208.18945							-79.02260	1483.11096	2171.77539										-142.76660	1313.76465	2298.46240				-25.60364	1222.28186	2281.55884	-463.86008	918.34216	1878.18420	-224.67398	1073.75232	2220.62866	-341.14468	1046.49817	2154.78662				-65.39851	507.86526	2103.86572	-346.57782	585.03094	2081.96948				-487.20560	238.81445	2299.39795	
513	5.120				-134.85683	1654.05566	2212.27466							-81.43433	1483.23816	2175.05005										-145.87325	1314.16406	2302.41504				-29.63377	1222.75928	2287.41943	-467.52512	916.96252	1887.49658	-227.38156	1073.81421	2227.01050	-344.68213	1046.62781	2162.73682				-72.00194	508.09894	2109.62256	-346.57813	583.63092	2089.07178				-483.08932	240.96396	2311.11255	
514	5.130				-137.53815	1654.27979	2215.83789							-83.83903	1483.41479	2178.69653										-150.18201	1315.26721	2307.82886				-33.44812	1222.77783	2292.22754	-469.88025	913.12982	1894.96057	-231.16214	1074.57776	2234.66919	-348.00598	1047.02124	2171.03735				-78.56635	508.86719	2118.15063	-347.32385	582.33722	2097.24365				-476.71964	239.77023	2322.95728	
515	5.140				-140.36978	1654.50244	2220.22144							-86.40294	1484.67346	2182.10571										-153.53169	1315.89246	2311.96924				-37.30483	1223.55432	2297.28784	-475.81552	910.97186	1913.31250	-234.20087	1074.81116	2241.42334	-351.08023	1047.15198	2179.14160				-85.86492	508.44833	2124.79565	-349.28250	581.52808	2106.31641				-468.38818	238.07764	2334.09277	
516	5.150				-143.30373	1655.44580	2224.38623							-89.54965	1486.06470	2186.71021										-157.53973	1316.59424	2317.45776				-40.72346	1224.18396	2301.07788	-478.79083	909.13318	1924.01904	-237.26878	1076.55347	2249.87646	-354.37540	1047.94934	2187.45532							-352.24634	581.23615	2115.54321				-460.07745	236.28497	2343.29858	
517	5.160				-146.17912	1656.11523	2228.34351							-92.35155	1487.39404	2190.63965										-161.59886	1318.02002	2322.91064				-44.82380	1225.35840	2305.56641	-482.65558	907.01831	1937.03223	-240.00986	1076.94116	2256.01367	-357.73303	1048.82214	2194.10938							-356.12869	582.34308	2124.13110				-453.11517	234.60512	2352.22900	
518	5.170				-149.13231	1657.12024	2232.30127							-95.72835	1489.01721	2195.45532										-164.81349	1318.26208	2326.55225				-48.13759	1226.34680	2309.42920	-486.56265	906.00348	1949.99866	-243.46333	1078.11206	2263.18896	-360.94193	1049.95361	2200.28613																
519	5.180				-151.81236	1657.74988	2235.65918							-99.15863	1491.13599	2200.06250										-168.93773	1319.34094	2332.93994				-51.50423	1227.59460	2312.77173	-490.89255	905.01227	1962.71558	-246.59061	1078.84509	2269.75195	-364.60025	1051.64563	2207.77759																
520	5.190				-154.97987	1658.03870	2240.19360							-102.96371	1493.47058	2205.19580										-172.11819	1320.10803	2336.97876				-55.16854	1229.03821	2316.73608	-495.37814	904.71600	1976.99548	-249.92403	1081.50842	2277.59570	-367.64056	1054.13916	2214.23071																
521	5.200				-157.88283	1658.83496	2243.65552							-106.26607	1495.25464	2209.61548										-176.04384	1321.13269	2342.33398				-58.17963	1230.03320	2319.88184	-499.76416	905.04584	1991.23999	-252.14687	1083.41809	2283.44019	-370.63266	1056.40869	2220.96387																
522	5.210				-160.98386	1658.89697	2247.76758							-110.12111	1497.29443	2215.02661										-179.31166	1322.15686	2347.64453				-61.75684	1231.52979	2323.51514	-504.66647	905.54626	2005.20227	-255.44415	1084.86597	2290.59668	-373.66544	1059.16858	2227.60596																
523	5.220				-163.93283	1659.76526	2251.66748							-113.71039	1498.93140	2220.33813										-182.33598	1323.61206	2352.30811				-65.18005	1232.33093	2327.44214	-509.63516	905.77026	2019.47363	-258.21838	1085.93738	2296.25903	-376.48093	1060.69446	2234.08057																
524	5.230				-166.71689	1659.93567	2255.69604							-116.94366	1500.77478	2225.57178										-185.00420	1324.20203	2356.53931				-67.85076	1232.65552	2330.50903	-513.68402	907.48840	2029.80896	-261.34253	1087.72375	2302.02881	-379.63974	1062.94946	2240.43213																
525	5.240				-169.70573	1660.93872	2260.15845							-120.29842	1502.55469	2231.27808										-188.26370	1325.53479	2361.79150				-71.26991	1233.44153	2335.11816	-519.04810	908.68616	2043.56689	-263.79718	1088.17041	2308.05469	-382.06226	1063.99414	2246.22192																
526	5.250				-172.61293	1661.92896	2264.39526							-122.88499	1503.41406	2236.57251										-190.78792	1326.47876	2366.52734				-74.62609	1234.69238	2339.53320	-523.84845	908.76428	2057.37842	-266.19568	1089.75293	2314.86133	-385.11774	1064.36658	2252.25903																
527	5.260				-175.55112	1662.39832	2268.93066							-125.60963	1504.39661	2241.79565										-193.13103	1327.31042	2371.63989				-77.36452	1234.61951	2344.24707	-528.76099	908.93713	2071.67847	-268.24997	1089.41870	2320.32471	-388.46243	1064.46960	2258.98657																
528	5.270				-178.31810	1663.37695	2273.24902							-128.61084	1505.53540	2247.43579										-195.90942	1328.04431	2376.64893				-80.14861	1235.10925	2348.93555	-532.75171	909.75763	2084.05933	-270.55222	1089.32471	2325.69214	-390.46994	1064.20691	2264.56396																
529	5.280				-181.43916	1664.30200	2278.37939							-131.16693	1506.06970	2253.26172										-198.92871	1328.47742	2382.98267				-83.26428	1236.29907	2354.38428	-537.25085	910.97510	2097.52271	-272.79947	1089.41577	2331.39844	-392.60858	1063.80969	2271.05566																
530	5.290				-184.01338	1665.56360	2282.68384							-133.43565	1506.94434	2258.60986										-201.42297	1328.63477	2388.21655				-85.91641	1236.46265	2359.71069	-541.75592	911.47296	2109.93457	-274.79193	1089.88159	2338.13672	-394.35413	1063.59119	2277.55786																
531	5.300				-186.75691	1666.66394	2287.32861							-136.37593	1507.87390	2265.40845										-204.73091	1329.82629	2394.95801				-88.69086	1236.95227	2365.90405	-546.63037	912.84924	2122.21313	-277.10162	1090.11267	2344.27100																			
532	5.310				-189.61348	1667.44934	2292.49023							-138.99265	1508.07629	2271.18408										-206.88736	1330.20581	2400.13330				-91.92748	1237.53711	2372.69507	-551.36719	914.57068	2136.24219	-279.40024	1089.97559	2349.71313																			
533	5.320				-192.32390	1668.52344	2297.65625							-141.45427	1508.60120	2276.53613										-210.25926	1331.05017	2406.33765				-94.30422	1238.12305	2378.59717	-554.45599	916.74811	2147.97095	-281.46188	1090.67224	2355.71411																			
534	5.330				-195.06831	1669.03186	2302.93433							-144.46869	1509.73376	2283.27515										-213.08632	1331.63293	2411.98169				-97.02618	1238.70764	2385.52856	-558.95654	919.05298	2161.24170	-283.68634	1091.20007	2361.45605																			
535	5.340				-197.28040	1669.95313	2307.44849							-146.76465	1509.98181	2288.95142										-216.32922	1332.12073	2417.69141				-99.71661	1239.83240	2392.56055	-563.35944	921.59735	2173.85718	-285.84604	1091.49756	2365.69165																			
536	5.350				-199.74097	1670.76611	2312.95776							-149.20885	1510.47375	2294.89014										-219.67102	1332.63342	2423.76855				-101.95464	1240.59717	2399.35840	-566.44287	925.04657	2183.69482	-288.52344	1092.26611	2370.71484																			
537	5.360				-202.03763	1671.04749	2318.12939							-152.21712	1511.50366	2301.20337										-223.12965	1333.76294	2429.28589				-104.79601	1241.64893	2406.49854	-570.27118	927.45862	2195.82056	-291.55109	1092.34216	2374.77563																			
538	5.370				-204.66492	1671.70007	2323.22778							-154.43852	1512.42102	2307.14038										-226.00340	1334.29285	2433.96338				-107.18460	1243.14087	2413.54712	-574.29932	930.41650	2205.51392	-294.84128	1093.36304	2378.10571																			
539	5.380				-207.22708	1671.96887	2328.65527							-156.86409	1513.06580	2313.58618										-229.59413	1335.13806	2439.87305				-110.05637	1244.45276	2419.76782	-577.36047	933.19928	2215.33618	-298.09357	1094.03772	2381.33472																			
540	5.390				-209.20525	1672.75439	2334.07153							-159.49672	1513.95508	2320.31250										-232.77802	1335.57666	2444.88940				-112.57018	1245.78601	2426.80347	-581.70355	935.70532	2224.86328	-301.89816	1095.32141	2385.80273																			
541	5.400				-211.46698	1673.77502	2340.11450							-161.43999	1514.73340	2326.23657										-236.35918	1336.54578	2450.48682				-115.39421	1246.65430	2434.47900	-585.46814	938.17761	2234.08960	-305.27695	1096.19739	2389.12744																			
542	5.410				-213.78979	1673.92188	2345.56323							-163.18271	1515.39795	2332.18945										-239.96371	1337.58032	2455.94507				-118.41439	1247.38757	2440.53760	-588.83057	941.35345	2243.91821	-308.83527	1096.70886	2392.78052																			
543	5.420				-216.20435	1674.78979	2351.16235							-165.65585	1516.30835	2339.45898										-242.98543	1337.57446	2460.78394				-121.22155	1248.20190	2448.17676	-593.00336	944.07953	2253.09717	-312.59763	1097.66748	2396.17114																			
544	5.430				-217.74802	1675.66675	2357.15479							-167.50638	1516.53613	2346.13550										-246.54636	1338.03711	2466.88940				-124.11863	1248.91077	2455.28540	-596.55798	947.35767	2261.87769	-315.83502	1098.13147	2400.43921																			
545	5.440													-169.31258	1517.06665	2352.73608										-249.68939	1338.10693	2471.85132				-127.50426	1248.49304	2462.07910	-599.80750	949.95258	2270.43018	-318.67621	1098.04028	2404.42920																			
546	5.450													-170.84331	1517.53467	2359.18237										-253.24353	1338.50757	2477.92871				-130.54358	1249.15393	2469.72290	-603.83917	953.42822	2279.67578	-322.15775	1099.01147	2408.82788																			
547	5.460													-172.68163	1517.69177	2366.25903										-256.20496	1338.02185	2483.07861				-133.45000	1249.42236	2476.70313	-605.92395	956.78174	2287.18262	-324.86389	1099.04761	2412.41235																			
548	5.470													-174.26611	1517.61584	2373.11401										-259.77301	1338.46423	2489.16138				-136.92883	1249.20227	2483.22070	-609.67499	960.23749	2296.11938	-327.62943	1098.57336	2416.46436																			
549	5.480													-175.99609	1517.58997	2380.22510										-263.14987	1338.29614	2494.84155				-140.22522	1248.75635	2490.69556	-611.47943	963.74615	2303.35229	-330.58652	1098.61133	2421.25928																			
550	5.490													-177.67465	1517.56506	2387.08130																-143.38911	1248.78943	2498.06885	-612.94867	967.58783	2311.14893	-333.83328	1098.69714	2426.32007																			
551	5.500													-179.45403	1517.62988	2394.29980																-146.98361	1248.09729	2505.22363	-616.23047	971.32568	2319.23169	-336.35175	1098.82532	2430.33936																			
552	5.510													-181.18111	1517.55469	2401.69434																-150.84364	1247.90112	2512.27246	-617.33087	975.08197	2326.20435	-338.93399	1098.00635	2434.73096																			
553	5.520													-182.53853	1516.77332	2408.47998																-154.31561	1247.16748	2519.81470	-618.15643	978.86243	2332.88599																						
554	5.530													-184.44673	1516.47217	2416.58032																-157.80367	1246.56372	2526.85938	-619.17236	982.42407	2339.23267																						
555	5.540													-186.25052	1516.18005	2423.92212																-161.81902	1245.70813	2534.54907	-619.74518	985.93103	2345.59521																						
556	5.550													-188.13545	1515.56738	2431.88794																-166.22998	1244.68262	2542.53760	-620.25458	989.29108	2351.30176																						
557	5.560													-189.72069	1514.98560	2439.71875																-170.40222	1243.74976	2549.70801	-620.11694	992.19586	2356.44604																						
558	5.570													-191.40738	1514.04260	2446.94653																-174.71057	1242.94324	2557.12695	-620.05328	995.74860	2362.17114																						
559	5.580													-193.17267	1513.72131	2455.14722																-179.03790	1241.85938	2565.06934	-619.70795	998.42255	2367.11670																						
560	5.590													-195.09081	1513.36829	2463.62012																-183.28876	1240.81274	2572.51709	-619.24854	1000.74091	2371.39185																						
561	5.600													-196.83429	1512.32019	2470.95898																-187.47754	1240.17615	2579.86206	-618.23560	1003.28851	2375.76587																						
562	5.610													-198.10521	1511.88818	2478.35522																-191.97609	1239.53333	2587.74341	-616.15601	1005.03729	2378.53125																						
563	5.620													-199.58311	1511.82202	2486.66553																-196.41393	1239.05823	2595.78687	-615.05664	1006.98883	2382.50464																						
564	5.630													-201.37872	1511.59167	2493.93677																-200.29140	1239.14478	2603.16431	-613.16681	1008.26520	2385.05469																						
565	5.640													-202.92464	1511.61523	2501.58398																-204.69284	1238.88538	2610.88110	-610.18524	1008.77338	2386.38159																						
566	5.650													-204.00027	1511.85315	2509.24390																-208.59174	1238.58923	2617.54834	-607.93347	1009.40814	2388.17725																						
567	5.660													-205.45268	1512.01453	2516.37964																-212.56427	1238.94946	2625.61523	-604.57446	1009.77417	2389.21313																						
568	5.670													-206.90013	1512.07434	2523.28662																-215.62265	1239.76196	2632.55322	-601.55695	1009.54956	2390.08447																						
569	5.680																															-219.19630	1240.16675	2639.73975	-597.57642	1009.09985	2390.01099																						
570	5.690																															-222.86197	1240.77136	2646.99146	-593.86591	1008.46088	2390.49512																						
571	5.700																															-225.87389	1242.14893	2655.01172																									
572	5.710																															-228.91249	1242.43054	2661.66406																									
573	5.720																															-231.39645	1243.44861	2668.28613																									
574	5.730																																																										
575	5.740																																																										
576	5.750																																																										
577	5.760																																																										
578	5.770																																																										
579	5.780																																																										
580	5.790																																																										
581	5.800																																																										
582	5.810																																																										
583	5.820																																																										
584	5.830																																																										
585	5.840																																																										
586	5.850																																																										
587	5.860																																																										
588	5.870																																																										
589	5.880																																																										
590	5.890																																																										
591	5.900																																																										
592	5.910																																																										
593	5.920																																																										
594	5.930																																																										
595	5.940																																																										
596	5.950																																																										
597	5.960																																																										
598	5.970																																																										
599	5.980																																																										
600	5.990																																																										
601	6.000																																																										
602	6.010																																																										
603	6.020																																																										
604	6.030																																																										
605	6.040																																																										
606	6.050																																																										
607	6.060																																																										
608	6.070																																																										
609	6.080																																																										
610	6.090																																																										
611	6.100																																																										
612	6.110																																																										
613	6.120																																																										
614	6.130																																																										
615	6.140																																																										
616	6.150																																																										
617	6.160																																																										
618	6.170																																																										
619	6.180																																																										
620	6.190																																																										
621	6.200																																																										
622	6.210																																																										
623	6.220																																																										
624	6.230																																																										
625	6.240																																																										
626	6.250																																																										
627	6.260																																																										
628	6.270																																																										
629	6.280																																																										
630	6.290																																																										
631	6.300																																																										
632	6.310																																																										
633	6.320																																																										
634	6.330																																																										
635	6.340																																																										
636	6.350																																																										
637	6.360																																																										
638	6.370																																																										
639	6.380																																																										
640	6.390																																																										
641	6.400																																																										
