PathFileType	4	(X/Y/Z)	C:\Users\WrightLab\Desktop\Jo\P2_Trial40.trc
DataRate	CameraRate	NumFrames	NumMarkers	Units	OrigDataRate	OrigDataStartFrame	OrigNumFrames
100.00	100.00	       479	19	mm	100.00	1	       479
Frame#	Time	Headset_Front			Headset_Back			Headset_Left			Headset_Right			Left_Shoulder			Right_Shoulder			Sternum			C7			Left Elbow			Right Elbow			Left Wrist			Right Wrist			Left ASIS			Right ASIS			S2			Left Knee			Right Knee			Left Ankle			Right Ankle			
		X1	Y1	Z1	X2	Y2	Z2	X3	Y3	Z3	X4	Y4	Z4	X5	Y5	Z5	X6	Y6	Z6	X7	Y7	Z7	X8	Y8	Z8	X9	Y9	Z9	X10	Y10	Z10	X11	Y11	Z11	X12	Y12	Z12	X13	Y13	Z13	X14	Y14	Z14	X15	Y15	Z15	X16	Y16	Z16	X17	Y17	Z17	X18	Y18	Z18	X19	Y19	Z19	

1	0.000																									-301.79865	1082.41980	-1212.16821										-474.57718	974.57178	-1238.91260							-299.95740	424.48337	-1356.81921										
2	0.010																									-308.71143	1082.73389	-1209.81116										-479.37204	976.64240	-1233.26331							-308.50604	428.38254	-1343.89099										
3	0.020																									-315.75272	1084.28833	-1207.39783										-484.29126	978.55280	-1227.19580							-315.57086	430.21210	-1326.62927										
4	0.030																									-322.20715	1084.56604	-1204.32898										-489.34320	979.17426	-1223.87756							-324.43414	433.04010	-1309.84985										
5	0.040																									-328.06003	1085.68274	-1202.98608										-494.27710	981.54053	-1217.06824							-331.22507	433.67935	-1295.59277										
6	0.050																									-333.93796	1085.62524	-1199.80139										-498.77917	982.15930	-1215.51160							-339.00458	435.10355	-1276.94946										
7	0.060																									-339.40805	1086.44641	-1197.96826										-503.25790	984.39050	-1208.41528							-345.54321	436.51807	-1259.04346										
8	0.070																									-344.82739	1087.46130	-1194.28845										-508.01392	984.81915	-1203.45471							-352.69040	437.59311	-1241.52734										
9	0.080																									-348.63062	1087.97913	-1192.78040										-511.27316	987.40253	-1200.50122							-359.90866	439.18839	-1224.36401										
10	0.090																									-352.48746	1088.76550	-1189.00842										-515.51233	986.67993	-1193.82458							-367.81934	440.49295	-1204.49475										
11	0.100																									-355.00262	1088.59839	-1185.24658										-519.64502	987.77960	-1189.76819							-374.42618	442.24036	-1187.93481										
12	0.110																									-357.87418	1089.38403	-1180.61292										-522.31818	988.74109	-1183.05505							-383.68573	443.02411	-1169.32153										
13	0.120																									-359.68015	1089.26477	-1177.49463							-874.78204	812.48859	-1412.65344	-524.96643	987.78662	-1177.58667							-391.73117	445.59082	-1151.31677										
14	0.130																									-360.21954	1088.81189	-1175.46301							-886.82416	813.40216	-1396.77539	-527.40735	989.24951	-1170.33911							-400.19034	448.69513	-1133.96008										
15	0.140																			-618.51678	1289.75818	-1189.71948				-362.50735	1088.91931	-1169.23901							-900.65881	812.20984	-1375.61987	-529.80060	987.87439	-1167.45154							-409.07684	451.04083	-1116.58899										
16	0.150																			-620.68573	1289.23096	-1184.40454				-363.79318	1087.73462	-1165.34863							-910.72571	816.23468	-1365.29553	-533.36707	989.06714	-1163.15417							-416.44482	454.94156	-1099.67053										
17	0.160																			-624.58752	1289.85242	-1178.52942				-363.89648	1087.91821	-1160.87329							-922.62097	817.11810	-1347.96216	-536.32251	989.52985	-1153.04919							-425.43848	459.06564	-1083.70984										
18	0.170																			-627.96051	1288.59961	-1172.38147				-364.09372	1088.21509	-1157.24634							-934.74188	818.06274	-1329.13208	-539.24182	988.36462	-1148.40491							-433.67514	464.95154	-1067.44434										
19	0.180																			-630.61340	1287.59497	-1166.71545				-363.27435	1088.61951	-1153.23706							-945.53778	820.49719	-1313.44250	-542.06995	989.11188	-1145.07190							-441.25607	471.40543	-1050.61865										
20	0.190																			-632.41370	1286.81567	-1161.35730				-363.67798	1088.08252	-1147.34570							-955.88788	821.87933	-1296.29138	-544.15723	988.80609	-1134.45837							-447.83408	476.90192	-1034.74036										
21	0.200																			-635.88934	1286.49683	-1154.78369				-362.48703	1087.93359	-1143.12061							-965.83057	825.34357	-1281.92163	-547.82642	989.34680	-1129.53113							-455.43933	483.23868	-1019.55548										
22	0.210																			-638.61346	1285.08789	-1148.03577				-362.39194	1087.73254	-1138.71179							-975.50348	827.67853	-1265.87341	-550.09204	986.94934	-1125.43750							-461.65256	488.37781	-1007.72815										
23	0.220																			-641.33545	1284.01489	-1140.94946				-362.79303	1087.03455	-1132.96777							-984.86682	830.67371	-1250.58643	-552.80249	988.22217	-1115.53174							-468.58035	493.02405	-995.66248										
24	0.230																			-644.27643	1283.09766	-1133.79431				-362.53745	1085.99463	-1128.58142							-993.72321	833.63940	-1235.13416	-556.13757	986.48315	-1108.88672							-473.83533	496.59796	-986.76965										
25	0.240																			-646.08807	1282.32300	-1127.93445				-361.84213	1085.48462	-1124.25183							-1002.43512	836.27368	-1219.34338	-559.11768	986.31909	-1100.06995	-684.87115	955.38843	-1153.18799				-480.52219	497.68970	-977.82135										
26	0.250																			-649.97314	1281.31470	-1121.00354				-354.34262	1089.32520	-1099.55884				-330.45782	845.64343	-1096.30322	-1010.64185	840.01611	-1205.59705	-562.69916	984.54938	-1095.46008	-688.68658	953.87982	-1146.91077				-486.66519	498.17950	-970.31030										
27	0.260																			-651.79681	1279.62024	-1112.74451				-357.20538	1087.60620	-1099.12585				-326.19754	843.80334	-1098.33728	-1017.87146	842.71887	-1191.11926	-565.57556	982.96057	-1090.83350	-692.23071	952.96680	-1138.18848				-492.80936	497.52417	-964.54248										
28	0.270																-805.96790	1377.93726	-1209.79468	-654.36487	1279.01782	-1104.93823				-358.18909	1086.27893	-1094.49524				-324.90479	842.25317	-1097.68958	-1025.62390	845.50238	-1176.46448	-567.66113	981.29614	-1079.49915	-694.62872	950.68390	-1134.02600				-500.63141	496.76648	-959.23907										
29	0.280																-808.81244	1377.03491	-1201.18787	-657.23999	1277.62903	-1097.20593				-361.63138	1082.91406	-1093.79785				-324.70627	839.85614	-1092.30359	-1032.74133	846.88293	-1160.10095	-570.69550	981.19995	-1073.47949	-697.83826	950.97858	-1121.98035				-508.31931	495.55658	-952.46960										
30	0.290													-499.56656	1421.29382	-1100.88416	-811.61584	1375.49561	-1192.33557	-659.84845	1275.90991	-1090.07813				-362.18585	1079.51794	-1100.02478				-321.96268	837.78149	-1094.10327	-1039.11328	849.95465	-1147.39697	-574.24896	979.45636	-1063.84521	-699.12659	950.74426	-1108.64612				-516.28058	492.79703	-947.60425										
31	0.300													-502.82007	1418.89172	-1090.61182	-813.69379	1374.21619	-1184.12854	-662.84857	1273.94128	-1082.19617				-362.45593	1076.74854	-1095.76904				-320.77625	837.21228	-1091.76489	-1045.29895	851.66046	-1132.50671	-576.44507	977.52380	-1056.29382	-702.43451	948.43036	-1100.74805				-524.71539	488.25275	-943.51678										
32	0.310													-504.88318	1416.95386	-1083.19543	-816.59894	1373.42249	-1175.17932	-664.83197	1271.96790	-1073.61646				-363.14233	1078.22351	-1078.45093				-320.76099	834.05396	-1088.50488	-1051.30603	854.11279	-1119.60266	-580.54944	974.46191	-1049.63940	-705.58765	947.28046	-1093.26953				-531.48383	484.03384	-940.22205										
33	0.320				-531.99915	924.43597	-1315.04395							-506.96234	1414.86011	-1073.72681	-818.68988	1371.09058	-1165.70996	-666.75500	1270.32458	-1064.60669				-364.36423	1076.59338	-1073.06165				-319.56821	833.48279	-1086.17749	-1056.39063	855.38104	-1105.36487	-583.96533	974.07861	-1041.27856	-707.68176	944.70282	-1084.83228				-539.02026	478.54269	-936.45709										
34	0.330				-534.41107	922.15692	-1304.79260							-509.30545	1413.36096	-1067.62549	-820.88245	1369.48792	-1156.56982	-669.14313	1268.01855	-1055.48999				-364.94992	1074.36536	-1067.23047				-318.11963	831.39545	-1082.90637	-1061.38000	857.95245	-1094.09668	-586.64240	972.06219	-1031.78308	-710.78107	943.55200	-1076.36694				-546.98230	473.18011	-932.87561										
35	0.340				-537.00299	919.88251	-1295.48669							-511.18536	1410.16223	-1055.87695	-823.33374	1368.33875	-1147.60547	-671.57593	1266.56250	-1046.47217				-365.71774	1071.95142	-1061.71704				-318.35092	829.74915	-1080.58313	-1066.34924	858.77032	-1080.57581	-589.42035	969.58057	-1022.86444	-714.12390	941.70972	-1067.49939				-553.45593	468.28232	-927.74121										
36	0.350				-539.52594	918.14703	-1286.58228							-512.60278	1407.99036	-1047.26733	-825.06964	1366.32007	-1138.05615	-673.91608	1263.11841	-1037.36877	-654.29370	1385.82190	-1204.91174	-366.51147	1069.10754	-1055.30811				-315.61539	828.00586	-1081.79150	-1070.24939	859.81622	-1067.59558	-593.48511	966.65405	-1016.54950	-717.14563	939.78070	-1058.54919				-556.56274	463.08386	-927.33032										
37	0.360	-784.21729	1521.24976	-955.52155	-542.44574	915.50745	-1276.87488							-514.74561	1406.17542	-1038.09998	-827.28760	1364.43701	-1128.15100	-676.48523	1262.00793	-1028.49963	-656.12427	1383.98706	-1195.80823	-367.22534	1067.29932	-1049.32263				-315.68475	826.15643	-1076.22437	-1074.11670	861.21259	-1055.10449	-595.61603	966.01465	-1003.24866	-719.71216	937.36505	-1049.82886				-562.73218	460.31110	-915.30255	-678.58301	1460.73755	-858.48059							
38	0.370													-516.76849	1403.44226	-1029.03918	-828.94037	1363.29321	-1119.22302	-677.97601	1259.82532	-1018.35217	-657.72461	1382.11377	-1186.23950	-368.23627	1064.33655	-1042.25317				-314.25586	824.54828	-1075.34119	-1077.23315	861.73608	-1042.95190	-599.07916	962.76367	-993.90668	-723.57251	935.94781	-1040.65894				-565.44501	457.00800	-909.23718	-881.33844	1287.60950	-1660.47070							
39	0.380	-548.29596	910.75800	-1257.34583	-809.19452	306.23782	-803.29041							-518.19812	1400.95203	-1016.44183	-830.07568	1360.94031	-1109.28821	-680.05890	1257.54065	-1009.09723	-659.07544	1380.11023	-1176.10046	-369.22592	1061.67908	-1034.52881				-314.94415	821.50446	-1069.00989	-1080.07434	862.41705	-1031.06921	-602.07990	960.10132	-984.11981	-727.44598	934.19318	-1030.32605				-570.37640	452.97302	-899.66223	-883.05945	1286.57739	-1651.70264							
40	0.390	-787.92047	1515.75342	-925.48920	-809.02936	306.21207	-797.25519							-519.37000	1397.98914	-1006.36145	-831.23505	1359.19287	-1099.43030	-681.86407	1255.16589	-998.74176	-660.19061	1378.22681	-1166.29248	-369.65131	1059.10388	-1027.22400				-313.98383	820.10632	-1068.75024	-1083.32739	862.85364	-1019.57544	-605.90698	959.77423	-974.37964	-728.99683	931.47839	-1020.43115				-574.71735	449.73584	-892.34369	-885.06580	1283.97302	-1639.57263							
41	0.400													-520.88275	1395.86218	-997.55933	-832.52942	1358.08911	-1089.94177	-683.42480	1253.79883	-989.69122	-661.18811	1376.45569	-1156.51160	-370.28403	1056.75049	-1020.17322				-314.76843	816.84827	-1063.02698	-1085.58630	862.89801	-1007.83423	-608.39844	955.45020	-963.89697	-732.35474	929.67603	-1010.14258				-578.58551	445.69193	-884.68958	-886.10760	1282.00220	-1629.48621							
42	0.410	-557.81342	903.04688	-1224.45728	-807.94379	305.46509	-783.97064							-521.72168	1393.60339	-989.08142	-833.84772	1356.38025	-1079.63708	-685.50433	1251.02368	-978.26764	-661.98706	1374.79700	-1146.59839	-369.63766	1054.85852	-1006.91840				-313.73453	816.37091	-1061.06555	-1086.95911	862.63354	-996.66034	-612.20300	952.63031	-952.91248	-736.19415	927.27020	-999.38898				-581.55194	441.45535	-878.23993	-887.86774	1280.05774	-1618.09290	-643.70654	121.66534	-718.60724				
43	0.420	-790.56311	1511.01331	-894.92688	-683.86212	63.58780	-1397.11633							-522.68457	1390.79932	-974.86194	-834.65112	1355.46680	-1069.93396	-687.68750	1251.21472	-969.62720	-662.65424	1372.86279	-1136.26001	-372.96109	1048.69666	-1012.97925				-316.33438	813.68042	-1055.12061	-1088.31006	862.14197	-986.12201	-616.43329	951.65186	-942.41254	-739.37561	926.48175	-989.57678				-586.29639	437.40295	-868.71716	-889.16925	1278.18115	-1607.07434	-651.02411	121.84724	-701.01904				
44	0.430	-791.15857	1509.70557	-884.75317	-684.56189	64.98559	-1396.13196							-523.47839	1389.27893	-966.03650	-835.71692	1354.89282	-1060.16016	-688.85175	1248.75000	-957.06335	-663.01105	1371.59863	-1125.74475	-371.17462	1049.70129	-990.74500				-317.21701	811.55548	-1047.40808	-1089.19202	862.08868	-975.96307	-619.93323	950.15710	-928.38141	-743.91534	925.16565	-977.56488				-590.04462	433.03333	-862.14423	-889.78284	1277.19617	-1598.17053	-654.76630	125.27212	-688.28027				
45	0.440	-791.32861	1508.07813	-874.70654	-687.08801	68.99397	-1387.85205							-524.30310	1386.22168	-954.09998	-836.36438	1354.36597	-1050.20605	-691.40228	1248.40674	-946.51215	-663.49237	1369.56189	-1114.61633	-374.72223	1045.51526	-983.72180	-982.59827	1057.21252	-1079.29700	-318.48724	809.86536	-1043.30750	-1090.08960	861.22485	-965.60425	-623.77606	950.00104	-915.50372	-748.54718	924.72217	-966.31647				-592.91754	428.20486	-854.15613	-890.65112	1274.95117	-1586.07263	-660.66235	124.39947	-674.99597				
46	0.450	-792.15234	1508.26465	-864.46326	-1064.06628	1000.96637	249.34848							-524.98999	1385.07581	-944.19427	-836.91687	1354.37061	-1040.24023	-692.79034	1247.67664	-935.42212	-663.66553	1368.41187	-1103.99036	-373.05923	1045.32422	-971.31226	-976.53412	1052.70410	-1068.41772	-319.62662	808.86035	-1037.73535	-1090.27417	859.56824	-955.26953	-629.02600	946.96252	-907.58142	-752.31128	923.32556	-953.25708				-597.15863	423.46558	-846.70862				-654.55023	132.93019	-675.48950				
47	0.460	-792.07715	1507.87061	-854.39880	-1067.04639	998.74603	265.88727							-525.78064	1383.94348	-932.46271	-837.53998	1354.68701	-1030.51099	-694.12531	1247.15039	-924.00623	-664.00488	1367.25208	-1093.25525	-376.42090	1042.75513	-963.95239	-975.44556	1051.90491	-1058.30701	-322.29254	807.37323	-1029.70642	-1090.13672	860.02246	-946.41736	-632.04559	945.58514	-890.74170	-755.96014	922.32635	-941.38202				-600.96045	418.01968	-837.73090				-661.24097	131.26805	-666.95264				
48	0.470	-791.65204	1508.29749	-843.44049	-693.76465	76.55102	-1381.61377							-526.36945	1382.78870	-920.65680	-838.34045	1353.96497	-1020.29608	-695.52936	1248.34155	-911.83264	-664.38983	1366.68994	-1081.60022	-378.41751	1040.14075	-953.84497	-975.31073	1051.63232	-1048.64758				-1089.71790	858.50897	-936.60211	-636.03168	945.88654	-877.09369	-759.53143	921.89795	-928.74030				-605.75653	414.15833	-827.33008	-686.45111	1450.23999	-746.89850	-666.52679	128.20879	-658.53711				
49	0.480	-792.04950	1510.48743	-832.91711	-327.71884	802.89148	-1010.65802							-526.87573	1381.99292	-910.07019	-839.62012	1356.62402	-1009.44019	-698.27094	1248.51697	-899.20319	-664.83252	1367.02478	-1070.10107	-381.13879	1038.69116	-945.97278	-974.86499	1051.82605	-1039.29663				-1088.23950	857.30292	-928.14069	-639.83942	943.96307	-868.71210	-762.40430	922.34381	-917.11456				-609.76923	412.37524	-818.19183	-685.96259	1451.17578	-735.40393	-668.72375	125.93629	-653.66638				
50	0.490	-791.44653	1513.17151	-821.62000	-329.86810	802.83112	-1002.64832							-527.72711	1382.08704	-898.68372	-841.58636	1358.88269	-998.65613	-700.26825	1250.06274	-888.55420	-665.60229	1367.83386	-1058.58569	-382.68494	1037.40466	-935.16376	-974.16962	1052.19409	-1029.60168				-1087.46545	856.70691	-919.76398	-642.26404	944.77820	-853.96960	-766.05499	923.22791	-905.48206				-615.01099	414.12402	-807.38501	-685.49939	1453.21497	-723.67902	-671.56207	121.77200	-648.59277				
51	0.500	-791.58893	1516.12524	-809.73346	-331.80551	802.55353	-994.47845							-528.71252	1382.59497	-886.55481	-842.49561	1360.52441	-987.02698	-702.17816	1251.95715	-877.60815	-666.52875	1369.11060	-1046.81104	-386.06091	1037.19080	-924.63617	-973.41901	1052.62463	-1020.00623				-1085.33630	855.03119	-911.47791	-644.22034	945.41888	-842.05804	-767.29553	923.76654	-893.25031				-620.33551	418.68582	-796.12256	-778.33136	489.84677	-1203.27893	-674.47589	117.58068	-645.96326				
52	0.510	-790.25940	1518.11389	-798.62634	-336.38510	802.08081	-979.90613							-529.42761	1383.47070	-874.94122	-843.50604	1362.84204	-975.31464	-704.16895	1253.59973	-866.11298	-667.64355	1370.81812	-1035.98047	-389.18851	1037.72205	-912.73096	-972.45331	1053.39404	-1010.80859				-1083.17908	854.55530	-904.13159	-646.06543	946.31403	-832.20313	-769.60364	926.25848	-882.32819				-625.24146	422.88739	-782.05261	-782.76483	492.70401	-1191.36389	-676.35010	115.08807	-643.63666	-711.31793	92.88487	-1354.04712	
53	0.520	-791.14941	1521.20886	-787.34729	-339.70261	804.48389	-970.32880							-530.07043	1385.95093	-866.67218	-844.61475	1365.02893	-963.58167	-705.10590	1255.89624	-854.35278	-668.76654	1372.99744	-1025.76917	-391.41150	1038.84314	-900.69482	-971.48730	1054.39160	-1001.37067				-1079.94507	852.94952	-896.83289	-648.29608	949.85699	-819.65283	-771.31927	929.40985	-868.96442				-628.76056	427.61621	-769.49670	-787.89771	493.57736	-1174.83325	-675.82947	113.39265	-639.33606	-716.21753	97.14053	-1349.54236	
54	0.530	-790.09875	1523.29590	-776.81805	-344.42670	804.64636	-955.27466							-530.87927	1387.80872	-856.28174	-845.12378	1368.30615	-952.52771	-705.10187	1258.82813	-844.80090	-669.89368	1374.88403	-1014.95660	-395.17889	1039.34399	-889.06335	-970.73242	1055.54590	-992.31403				-1077.17371	851.72290	-889.93976	-648.66150	954.49670	-805.30890	-773.97852	931.45178	-856.59784				-632.47211	430.37210	-754.44086	-793.03223	496.33929	-1160.52930	-677.61224	108.76939	-637.02948	-720.59369	100.78066	-1345.22461	
55	0.540	-790.78748	1526.16187	-766.22516	-349.12546	804.98828	-942.37305							-530.82617	1389.91187	-846.79523	-845.39392	1370.49683	-941.08160	-705.68567	1260.89587	-832.26794	-670.91614	1377.00183	-1005.15112	-397.60999	1042.27283	-875.60474	-969.94458	1057.08423	-982.72894				-1073.55554	849.39771	-882.43677	-650.04651	958.04199	-796.07196	-774.61407	934.51917	-844.10486				-636.51343	433.04831	-740.42987	-797.31372	499.63800	-1145.13928	-678.77917	105.43742	-635.43701	-724.07178	109.78417	-1331.96387	
56	0.550	-789.69214	1528.57031	-755.40253	-352.74432	805.75336	-928.78528							-531.62183	1392.53540	-837.01501	-846.25958	1372.93054	-929.42218	-705.88446	1263.35034	-820.62457	-671.91644	1378.72583	-995.33698	-400.04855	1044.07361	-863.62427	-969.38867	1058.67212	-972.79779				-1070.31995	848.73016	-876.52850	-651.89966	961.81952	-784.13770	-775.87561	937.69513	-832.21448				-638.31647	434.59232	-727.11066	-801.06702	500.51199	-1124.38586	-679.63959	100.86572	-634.23993	-576.63696	1064.56348	-1394.51904	
57	0.560	-789.39862	1531.30042	-745.08575	-357.55801	806.79883	-912.57959							-531.88403	1394.48584	-825.61731	-846.71356	1375.98743	-919.10266	-706.69482	1266.55249	-810.69373	-672.86066	1380.59290	-985.41779	-402.39618	1045.22339	-851.97742	-968.66650	1060.86389	-962.98401				-1066.33496	846.31989	-870.06653	-653.99347	964.80707	-774.23883	-776.79193	941.76770	-820.74677				-636.78748	437.81793	-710.31635	-804.92676	501.93573	-1104.93616	-680.64325	96.10432	-631.58759	-578.71069	1066.31042	-1384.60510	
58	0.570	-789.31989	1533.75305	-735.41302	-362.32452	807.22723	-896.11298							-532.60425	1396.86597	-815.98145	-847.58972	1378.96326	-909.31030	-706.46423	1269.85730	-799.83154	-673.76141	1382.42358	-975.92261	-404.56750	1047.05042	-837.80859	-968.03845	1063.04126	-953.27258				-1062.66394	845.19666	-864.51581	-655.72961	968.40216	-761.21545	-779.19476	945.50171	-809.87958				-636.92218	437.69644	-698.73505	-808.29242	503.25049	-1085.35327	-681.07477	92.97918	-630.94116	-580.54132	1067.91675	-1375.76636	
59	0.580	-789.41107	1535.96204	-725.70947	-365.97021	807.69318	-879.25928							-532.56805	1399.12134	-807.74567	-848.16443	1381.96338	-899.41193	-707.39374	1273.58130	-789.61993	-674.61639	1384.49097	-966.28992	-405.84106	1048.13403	-825.78253	-967.13959	1065.23083	-943.69153				-1059.27612	843.56525	-858.83221	-657.72937	971.04834	-750.27362	-780.17865	948.76825	-799.15979				-635.97723	437.62677	-689.92438	-812.26880	502.80164	-1063.33398	-681.17444	91.25062	-630.46283	-581.81189	1069.44897	-1365.81787	
60	0.590	-789.62653	1538.17798	-716.70050	-372.18350	808.12012	-860.50659										-848.89557	1384.43408	-889.65356	-708.77264	1276.36194	-778.70825	-675.59143	1386.77026	-957.24646	-408.95316	1049.40967	-815.21765	-965.94946	1067.26892	-933.63245				-1054.56543	841.85992	-853.17249	-659.83722	972.71045	-740.66272	-782.54602	952.64764	-789.41522				-633.33783	437.09070	-680.37946	-815.84717	501.78885	-1041.16577	-681.80627	91.84334	-629.71106	-582.89081	1070.74646	-1355.89502	
61	0.600	-789.71454	1540.63428	-707.09015	-375.60397	807.11176	-844.81500							-533.71960	1403.61804	-789.95624	-849.72357	1387.66602	-880.40540	-709.78467	1279.75635	-769.37109	-676.59985	1388.97168	-947.92554	-409.05093	1051.56836	-798.13098	-964.78595	1068.89783	-923.60852				-1050.63306	840.00940	-847.11829	-661.82715	975.49084	-729.32867	-784.84485	955.60797	-778.21167				-630.29742	439.04453	-673.76459	-818.83618	500.30032	-1017.61334	-681.78418	91.57212	-629.53345	-583.59100	1073.34985	-1347.33032	
62	0.610	-789.81421	1543.24622	-697.63116	-379.41818	807.88873	-827.44708							-533.76398	1405.79382	-782.10730	-851.06146	1390.16772	-870.75299	-711.78845	1283.19324	-759.82007	-677.74091	1390.91504	-938.73859	-408.76785	1053.85315	-786.22357	-963.25134	1070.47510	-913.83160				-1046.37854	839.19006	-842.18201	-663.41223	977.23151	-717.89581	-786.01538	958.73065	-769.41162				-625.83667	438.86917	-666.67603	-821.95685	499.21402	-996.22797	-680.68494	92.86430	-629.22742	-584.84167	1074.36584	-1337.40259	
63	0.620	-789.52747	1546.54688	-688.19318	-383.20303	809.15240	-811.63995							-534.54657	1408.00781	-773.10553	-852.22571	1392.77112	-860.97070	-712.34644	1286.31494	-750.90991	-678.74597	1393.06653	-929.48376	-410.52393	1055.59058	-774.32440	-961.66614	1071.53882	-903.84558				-1041.70007	837.43286	-836.45313	-665.15027	979.79144	-707.07227	-787.68896	961.07147	-758.97754				-622.59595	439.29926	-660.15961	-825.30640	497.95883	-974.98364	-679.68793	93.82858	-628.60388	-586.02448	1075.87170	-1327.39087	
64	0.630	-789.68011	1549.55066	-678.60345	-387.14856	810.89081	-790.64417							-534.99683	1410.18823	-764.78442	-853.09985	1395.84033	-852.02289	-714.92041	1290.24902	-741.22131	-679.77429	1395.14246	-920.34393	-412.90067	1057.43555	-761.08380	-959.64496	1072.84973	-894.50958				-1037.16797	836.65540	-831.21515	-666.20624	982.44000	-696.59564	-789.14142	963.86713	-748.04523				-618.80035	438.65869	-654.21613	-830.15656	496.92014	-953.22437	-679.18671	94.32240	-628.71014	-587.14581	1077.68750	-1317.47705	
65	0.640	-789.07294	1551.19116	-668.93530	-391.26389	811.88898	-773.83173							-535.48834	1412.72009	-757.01971	-854.01599	1398.24548	-842.63287	-714.01459	1291.91162	-732.41156	-680.75812	1397.25867	-911.25970	-414.31366	1059.62463	-749.03906	-957.61597	1073.72461	-885.54376	-609.34668	918.05731	-956.04431	-1032.52136	836.33783	-825.92609	-667.69934	984.44031	-689.62183	-790.47925	966.88226	-739.26306				-614.61090	438.52005	-647.87115	-834.51361	496.39001	-931.42175	-679.15344	94.35554	-628.70679				
66	0.650	-790.04846	1554.47986	-659.70050	-395.09564	814.12695	-756.86279							-535.85535	1414.63818	-747.82813	-855.28290	1400.96021	-833.06146	-714.39819	1294.60352	-722.64252	-681.75446	1399.21387	-902.08704	-416.03946	1062.02722	-737.26361	-955.25861	1074.84705	-876.97174				-1027.80591	835.82446	-821.02850	-668.83270	987.06708	-678.10992	-792.62726	969.63116	-728.48315				-609.86731	438.17966	-643.24115	-838.32678	497.73151	-909.27448	-678.93866	93.52468	-629.25482				
67	0.660	-790.14972	1556.60510	-650.34454	-399.30185	816.67798	-735.63660							-536.46307	1418.04041	-742.73590	-856.25122	1403.63306	-824.17542	-714.82458	1297.05432	-712.93884	-682.68768	1401.08203	-893.18500	-418.57074	1064.35242	-725.68195	-952.90576	1075.94580	-868.32739				-1023.21619	835.79291	-815.87128	-669.97028	988.88873	-668.42920	-793.58832	972.37817	-718.58466				-606.95361	437.20963	-639.03284	-843.02582	499.43536	-887.03760	-679.19965	92.92671	-629.61664				
68	0.670	-790.54498	1559.04102	-640.91388	-403.18625	819.24280	-718.71582							-537.08484	1419.73962	-732.22681	-856.84521	1405.49182	-814.18921	-716.58478	1300.35095	-704.22003	-683.67603	1402.75830	-883.89490	-419.70169	1066.98828	-712.31940	-950.43311	1077.41589	-860.21692				-1019.16858	835.97302	-810.67419	-669.56519	991.95374	-656.84192	-794.10602	975.26190	-706.91608				-603.19562	435.65155	-634.97021	-848.91412	503.25937	-864.30603	-677.61487	91.22657	-629.78101				
69	0.680	-790.40930	1560.91724	-631.91309	-408.25552	822.58240	-698.32440							-537.37885	1422.26086	-725.11853	-857.65210	1408.10339	-804.94806	-715.93677	1301.97644	-695.27539	-684.52948	1404.72314	-874.56403	-421.52722	1069.55200	-700.16791	-947.99585	1078.74414	-851.68890				-1014.81580	836.16138	-806.09613	-669.52533	994.78729	-648.94781	-794.84436	977.98505	-695.33380	-617.96399	926.87054	-916.65491	-598.57672	435.09189	-631.18524	-854.67816	507.05823	-841.89429	-675.57306	89.77796	-629.85352				
70	0.690	-789.88953	1562.19641	-622.05444	-412.14203	826.73645	-676.66754							-537.62036	1424.27759	-716.26294	-858.68854	1408.97888	-795.98914	-715.71851	1304.07922	-685.77869	-685.43243	1406.50769	-866.04742	-422.85675	1072.66125	-688.32416	-945.74768	1080.07495	-843.79639				-1011.50092	836.84204	-801.57227	-669.96130	997.21967	-638.30084	-795.88708	980.08081	-684.33972	-617.76086	929.00854	-904.47766	-594.43951	434.06271	-627.47083	-859.70245	509.92688	-819.14246	-674.54004	88.38335	-629.91046				
71	0.700	-790.56342	1564.66809	-612.39166	-416.24548	829.82062	-661.03302							-538.20953	1426.18188	-707.11340	-859.42432	1411.41736	-785.41290	-715.85504	1305.76038	-676.70435	-686.39587	1407.99255	-856.74304	-424.70728	1075.05200	-675.88611	-943.81879	1081.68152	-836.63513				-1007.53650	836.90900	-796.16803	-669.14996	998.77094	-628.93750	-795.55237	982.03809	-674.31403	-620.39862	930.77881	-895.18054	-590.39911	432.70676	-625.51324	-865.24170	515.14319	-795.30554	-673.15363	85.57912	-629.68420				
72	0.710	-790.18109	1565.49731	-602.32159	-419.67169	835.20935	-641.31049							-538.37421	1428.81299	-701.22516	-860.37109	1412.55420	-775.91083	-716.18951	1307.71875	-668.19067	-687.21753	1409.67761	-847.28973	-425.18570	1077.25513	-663.07581	-942.45856	1082.86084	-829.10840				-1003.58130	837.01306	-790.91589	-667.37067	1001.36053	-618.55164	-795.98621	984.90601	-662.62512	-623.61511	932.01453	-886.04742	-586.98303	432.54926	-623.68304	-868.55475	517.62274	-771.92572	-671.08545	84.41471	-629.62305	-842.93091	225.31120	-971.81482	
73	0.720	-790.89795	1567.70642	-592.73212										-538.87134	1429.67004	-689.37457	-860.65619	1414.67529	-766.18121	-716.56891	1309.22803	-659.81244	-688.06360	1411.16577	-838.70807	-427.46915	1079.77808	-650.31897	-941.28546	1084.24512	-821.97504				-1000.26483	837.60925	-786.43823	-667.13147	1003.18713	-610.25378	-794.73212	985.29736	-651.16711	-626.90588	933.45123	-877.57526	-583.66687	431.74252	-623.49286	-875.28131	521.60553	-749.10925	-668.09326	83.69169	-631.47791	-852.63147	225.11974	-944.01776	
74	0.730	-790.95300	1568.30884	-582.51117	-426.67712	844.11145	-601.80988							-538.92297	1431.58203	-682.46161	-861.46313	1415.99304	-755.94470	-715.50684	1310.25708	-650.05542	-688.82996	1412.56128	-829.42841	-427.75525	1082.69385	-636.95575	-940.36200	1084.98486	-814.24042				-996.77856	837.41321	-780.86908	-665.52350	1004.76196	-599.88898	-795.50452	988.02252	-640.93121	-630.32617	934.68988	-868.82336	-579.72394	431.28430	-624.00690	-882.31281	526.47345	-727.20227	-665.45172	82.37556	-632.13446	-863.67224	226.55875	-915.37823	
75	0.740	-789.73413	1568.07153	-573.06348	-558.89850	663.36792	-1156.72498							-539.70007	1433.40515	-674.71613	-862.03284	1416.52185	-745.72449	-715.87250	1311.80676	-640.93176	-689.67200	1413.62158	-820.34357	-428.93338	1085.85547	-623.47186	-939.34619	1085.91821	-806.97113				-994.12805	837.96466	-775.43848	-665.67981	1005.43408	-593.64038	-794.38824	988.28851	-629.95819	-633.69189	935.69073	-860.34686	-577.25348	429.55457	-624.66229	-889.11835	530.87677	-704.82642	-662.40204	81.83251	-632.28925	-872.31250	226.72023	-886.70447	
76	0.750	-788.73145	1568.39795	-562.49506	-563.75586	666.72052	-1138.22827							-539.63416	1434.45276	-666.51257	-862.63092	1417.21741	-735.51025	-716.78864	1313.23633	-633.10712	-690.47559	1414.44397	-811.00531	-430.92252	1087.91858	-609.21448	-938.68164	1086.56702	-800.29016				-989.97571	837.77985	-769.85730	-663.62787	1007.34467	-581.53613	-794.44958	989.96649	-620.08813	-637.09076	936.14764	-851.58026	-573.57263	429.74817	-625.85199	-895.38330	535.99072	-684.23999	-657.82483	80.80618	-633.51068	-881.99994	224.75253	-856.67889	
77	0.760	-790.68256	1569.70142	-553.68439	-568.76862	670.04578	-1121.74658							-540.11145	1435.13440	-656.71460	-862.59222	1416.69006	-726.33777	-716.17120	1313.40881	-623.63464				-432.06015	1090.46497	-597.21198	-938.01428	1087.24939	-793.35840				-987.62689	837.78857	-764.31488	-662.93982	1008.48126	-573.41418	-794.86462	990.15820	-608.67798	-640.46167	936.63910	-843.06354	-570.83759	428.23871	-627.31598	-901.06641	542.06567	-664.12457	-656.01917	78.53364	-635.91138	-891.57623	225.25960	-828.59680	
78	0.770	-790.67151	1569.66345	-543.85071	-574.13428	673.73639	-1103.31335							-540.15308	1436.08752	-649.35229	-864.35992	1417.83386	-716.81982	-716.19208	1314.81079	-613.98798				-432.97223	1093.03467	-582.06598	-937.45496	1087.78931	-785.67267				-984.27441	837.25592	-757.75055	-662.82593	1008.13171	-565.44702	-794.46796	992.60059	-599.12738	-643.89899	936.76849	-834.46423	-566.53503	428.62582	-627.86023	-905.31915	548.15167	-644.52222	-650.37488	79.30258	-633.56219	-900.09888	223.38312	-799.08563	
79	0.780	-788.64252	1567.70959	-532.88733	-578.50098	676.58826	-1085.29834							-540.45038	1436.40295	-640.10681	-864.06104	1419.13953	-706.27545	-716.03802	1314.61096	-604.91559				-434.02893	1095.29614	-569.36218	-936.92352	1088.05823	-778.27753				-981.73206	837.56555	-752.58807	-662.05371	1008.31653	-554.80969	-794.16870	991.87256	-588.71606	-647.30664	936.78680	-825.95734	-564.65552	426.98730	-629.68182	-909.37238	552.59332	-623.18524	-646.14154	77.35206	-635.83905				
80	0.790	-789.49811	1567.75488	-523.50946	-583.77277	679.87830	-1072.17090							-540.40393	1436.03577	-630.16101	-864.35535	1419.26331	-696.22388	-716.07495	1314.85217	-595.02222	-692.84778	1416.37708	-773.01367	-434.99832	1097.14099	-555.42487	-936.54852	1088.46106	-771.33105				-978.54443	836.50385	-746.41736	-661.73792	1009.03436	-547.67108	-794.80737	992.92065	-579.38379	-650.64252	936.56604	-817.29169	-562.14240	426.92969	-630.48792	-911.60199	555.10944	-600.46539	-641.93341	77.01507	-635.18628	-917.08691	217.76263	-741.88885	
81	0.800	-790.16705	1567.87341	-513.61926	-237.78320	635.11237	-1228.90552							-540.22906	1436.32214	-623.46893	-864.85522	1418.18994	-686.24103	-714.82770	1314.30090	-585.08057	-693.22821	1416.51050	-763.78278	-436.00839	1098.52429	-540.95032	-936.14813	1088.74805	-764.40375				-976.63538	836.66876	-740.80255	-662.42896	1008.31354	-539.24005	-794.84497	992.39789	-568.59613	-653.91376	935.99817	-808.44818	-558.70099	425.87424	-631.14948	-914.68433	560.19092	-581.30981	-636.60602	76.08743	-636.39111	-925.83020	215.24988	-713.21942	
82	0.810	-791.13013	1567.75781	-504.30966	-451.94995	878.26605	-437.93271							-539.95300	1434.79858	-614.29211	-865.16962	1419.06677	-676.09393	-715.00647	1313.94006	-575.84271	-693.50262	1416.45923	-754.03149	-438.36780	1099.15710	-526.19568	-935.93750	1088.95837	-756.68762				-973.91516	836.13263	-734.28839	-662.26019	1007.70679	-529.56775	-795.00122	992.30231	-558.73047	-656.76947	935.65619	-799.92328	-556.76044	425.81799	-631.87653	-915.47070	562.58380	-561.27948	-632.94855	74.53643	-636.53729	-933.55524	211.84203	-685.35608	
83	0.820	-789.88025	1565.66113	-492.85870										-540.22260	1433.59509	-605.31323	-865.28729	1418.55225	-665.59711	-715.08374	1313.13745	-566.95868	-693.82904	1415.76990	-744.26758	-439.81708	1100.37402	-513.52435	-936.02368	1088.50513	-748.36346				-972.25537	835.43854	-728.14154	-661.66071	1007.50500	-520.17499	-796.32983	992.94513	-549.32227	-659.68811	935.05243	-791.11279	-554.35535	424.87238	-632.20795	-916.08051	565.11243	-542.68005	-628.04688	73.55185	-636.82062	-940.99402	207.07770	-656.53253	
84	0.830	-789.48352	1564.26709	-482.93256	-688.11115	1677.80664	-651.10315							-539.91461	1432.98950	-596.50952	-864.94495	1417.73047	-655.36243	-715.51306	1312.43188	-557.85278	-694.16882	1415.13049	-734.37988	-442.34860	1100.97754	-499.02588	-935.97400	1088.48303	-740.58386				-970.39069	834.57501	-721.64191	-662.97418	1005.55566	-512.78491	-796.83380	991.95514	-541.07874	-662.72656	934.14856	-782.31165	-551.77551	423.89047	-632.63385	-915.68878	568.44507	-527.04144	-622.74445	72.18359	-637.96033	-948.18170	196.07921	-631.46393	
85	0.840	-785.68085	1560.93579	-471.10812	-688.23285	1677.02283	-641.04889	-572.13971	1583.42627	-552.64941				-539.73926	1431.69397	-587.34406	-865.01160	1417.16980	-644.78839	-714.63263	1310.79431	-548.31055	-694.38873	1414.29443	-724.85040	-443.79068	1101.41833	-485.24792	-936.08911	1088.14526	-732.25201				-969.05322	833.98340	-714.21716	-663.95673	1004.56006	-504.86530	-797.84802	992.03656	-530.14081	-665.77374	933.26215	-773.69153	-550.29907	423.35403	-632.73621	-914.27478	570.68579	-512.10504	-619.66949	70.56956	-640.77533	-953.86664	187.44435	-607.69958	
86	0.850	-789.02545	1560.74536	-461.87836	-688.41229	1675.82935	-630.62341	-571.97693	1582.95203	-543.37891				-539.89905	1429.92590	-577.76501	-865.34277	1416.45337	-634.53442	-714.82184	1309.85498	-539.13672	-694.76855	1413.30518	-715.14960	-446.65955	1102.23596	-470.86563	-936.33746	1087.62415	-722.76581	-464.92474	887.50146	-372.88971	-968.50275	833.38519	-707.12036	-663.18744	1003.95941	-494.97519	-798.38318	990.91864	-520.95947	-668.58667	931.77051	-764.43433	-547.85199	422.46878	-632.96130	-913.16748	571.59943	-497.89944	-614.39343	69.52518	-639.67865	-958.36517	180.88362	-576.60333	
87	0.860	-785.39301	1557.06384	-449.86179	-688.55841	1674.46497	-619.65717	-571.71094	1580.72278	-532.25732				-539.52435	1428.22131	-568.81537	-865.20874	1415.62366	-623.97394	-714.53278	1308.42297	-528.09113	-694.94867	1412.33313	-705.17902	-448.56613	1101.20874	-456.80316	-937.62134	1088.03455	-714.26678	-467.88910	889.21051	-356.00662	-967.54858	831.84747	-698.85651	-663.91052	1002.79810	-485.86102	-798.56067	989.26428	-510.29398	-671.22949	930.37402	-755.24622	-546.14758	421.45142	-632.63733	-911.42334	572.79590	-485.07333	-610.32910	67.88823	-640.92712	-962.93323	173.80914	-547.37140	
88	0.870	-785.09717	1555.33020	-439.15704	-688.56604	1672.98938	-608.60107	-571.55176	1579.41174	-522.01935				-538.97266	1425.52686	-559.64227	-865.38568	1414.60693	-613.39117	-714.06854	1306.03198	-518.43976	-695.19830	1410.96997	-695.00604	-450.91925	1101.64600	-443.97549	-936.50635	1086.18652	-703.84424	-469.38715	890.94983	-331.82275	-967.34302	831.82220	-691.74353	-664.74158	1000.88184	-476.91031	-799.29797	988.31958	-501.14975	-673.91949	928.37347	-745.00043	-544.20947	420.33060	-631.96381	-910.10321	572.42847	-472.50519	-606.40442	66.43391	-643.59668	-965.04761	164.97183	-514.44482	
89	0.880	-788.01849	1554.60632	-429.73920	-688.47949	1671.59851	-598.05902	-571.22272	1577.63574	-511.57510				-539.01105	1424.07520	-549.33807	-865.21582	1412.95557	-602.06439	-714.27905	1304.39771	-509.05325	-695.60327	1409.40686	-684.66315	-453.42102	1101.12915	-429.58859	-936.55591	1085.42322	-694.04987	-472.68857	892.77393	-317.98215	-967.22241	830.29761	-683.21106	-664.66675	1000.07367	-467.50253	-799.65771	987.54486	-490.44800	-676.23193	926.47137	-735.72272	-543.09308	419.62714	-631.55811	-908.70001	571.29980	-460.79190	-601.08362	65.51409	-645.21179	-967.21124	153.32376	-485.15125	
90	0.890	-783.25629	1550.88049	-416.91663	-688.43378	1669.94446	-587.26392	-570.89276	1575.54712	-501.75391				-538.34247	1421.61816	-540.34564	-865.40112	1412.25195	-591.72961	-714.22198	1302.08228	-497.82114	-695.75385	1408.02795	-674.52161	-455.78497	1099.99866	-417.30142	-936.99902	1084.42480	-684.63824	-475.42487	893.70166	-302.41177	-967.73035	829.60919	-675.18335	-664.36432	998.73376	-457.91873	-798.37891	985.10345	-478.86093	-678.30438	924.66016	-726.03943	-541.25055	419.01672	-630.56824	-907.14850	568.43933	-449.50238	-597.52588	63.20198	-646.61865	-966.97516	145.87605	-449.61194	
91	0.900				-688.42767	1667.98535	-575.80194	-570.47784	1573.79224	-492.84689				-538.45880	1418.77649	-531.31989	-865.54858	1410.69238	-580.15790	-713.80481	1300.85803	-488.26157	-696.12140	1406.23816	-664.64618	-456.29291	1100.08862	-404.12488	-937.57678	1083.47681	-674.89728	-476.22754	893.09015	-285.79605	-968.68329	829.12714	-667.16455	-665.09167	997.12201	-447.19049	-799.75024	983.93958	-468.42950	-680.28864	922.80157	-716.30713	-540.41956	418.86853	-629.55756	-905.75500	564.86578	-439.82816	-594.06476	61.26865	-648.93280	-964.84015	135.65472	-418.68631	
92	0.910				-688.27881	1666.32996	-564.71808	-570.81036	1571.54895	-479.97244				-538.19843	1416.33191	-521.40283	-865.46167	1409.24719	-569.17163	-713.96692	1298.30078	-477.93201	-696.41479	1404.50854	-654.01715	-458.84756	1099.06274	-391.91653	-939.48883	1084.07275	-667.04065	-480.12851	893.46185	-273.35388	-969.78314	827.45746	-657.51837	-664.36957	994.31586	-438.15323	-799.56775	982.61316	-459.29102	-682.29022	921.03821	-707.39539	-539.78894	417.79666	-627.40863	-903.57751	560.58118	-430.37354	-589.13464	60.08559	-650.96228	-960.36499	129.00206	-382.87253	
93	0.920				-688.09644	1664.52039	-554.00311	-569.93604	1569.88074	-471.23077				-537.59918	1413.66992	-511.38382	-865.31885	1407.60840	-557.78729	-712.67700	1296.19214	-466.62427	-696.58508	1402.81262	-644.01453	-460.81329	1098.00500	-378.97284	-939.48273	1081.82507	-655.95453				-971.22540	826.18268	-648.00458	-663.35028	991.05493	-430.76691	-799.06262	979.82355	-447.22000	-683.87860	919.33289	-696.59027	-539.65430	417.29681	-625.63464	-900.76398	555.02411	-421.48593	-584.38123	57.98664	-652.75171	-955.14203	124.69403	-349.58990	
94	0.930				-687.87280	1662.83679	-542.81891	-569.81366	1568.06665	-460.21466	-781.91620	1542.27930	-374.04410	-537.42633	1411.41394	-502.27289	-865.82959	1406.40332	-546.94348	-713.76746	1293.96411	-456.62924	-696.88470	1400.79187	-633.03949	-462.58511	1096.67444	-366.76596	-940.59955	1080.88037	-645.99750	-484.04602	892.34052	-245.06343	-972.19873	825.28455	-638.82928	-663.73419	989.93530	-418.68143	-799.64417	978.05438	-436.21744	-685.08313	916.42041	-686.00854	-538.78210	415.61780	-622.68146	-898.12573	549.66486	-414.49231	-579.25378	57.35155	-654.37305	-948.64355	123.46655	-319.94562	
95	0.940				-687.69360	1660.89722	-531.83716	-569.62781	1565.62463	-449.74643	-780.46045	1539.56201	-362.81161	-537.70972	1408.69312	-491.89264	-865.70294	1404.64795	-535.70953	-712.71204	1291.82825	-444.61020	-696.94177	1399.33240	-623.09283	-464.39441	1095.58423	-355.29837	-941.92639	1079.46973	-635.26709	-486.66745	892.38873	-232.33372	-974.20282	824.80341	-629.60846	-662.64374	987.28271	-407.24210	-798.45898	975.17377	-423.86743	-686.28864	914.59711	-675.91296	-539.38025	414.96445	-618.70972	-893.51984	542.31396	-409.39404	-577.34247	56.79400	-654.87329	-940.95520	125.15790	-287.18546	
96	0.950				-687.41473	1659.04370	-520.70764	-568.60120	1562.82495	-438.39560	-779.55609	1537.23511	-351.14987	-537.24500	1405.69006	-480.66440	-865.78638	1402.87561	-524.27502	-712.48962	1289.74841	-433.95782	-697.37549	1396.94556	-611.66272	-466.27533	1093.03650	-343.42276	-943.14209	1078.29810	-625.13208	-487.26483	890.30511	-219.66034	-975.70392	823.07550	-619.59686	-662.44080	985.44043	-397.22824	-798.52454	973.90997	-414.29648	-688.17194	913.02478	-665.74628	-539.22052	414.44998	-614.35138	-888.11969	535.30780	-404.87128	-572.95953	56.32607	-656.65088	-932.58008	130.60449	-254.44902	
97	0.960				-687.09448	1657.05017	-509.47360	-568.33466	1561.23315	-428.79068	-778.50452	1534.01892	-339.96191	-536.78864	1403.34656	-470.92303	-865.54315	1401.22046	-513.06335	-713.08038	1287.69287	-422.59058	-697.63086	1395.11206	-601.25378	-468.27005	1091.54773	-332.72836	-944.44885	1077.10352	-614.71515	-490.03696	888.76422	-212.30528	-977.85516	821.70435	-608.84119	-661.37616	982.83484	-388.15933	-798.13086	970.83600	-400.94855	-689.65692	911.25238	-654.74689	-539.77594	413.67657	-609.14032	-883.48004	528.11945	-399.91959	-571.86310	56.98113	-656.02020	-923.43561	138.73843	-222.55119	
98	0.970				-686.83282	1654.87805	-498.18829	-567.86902	1559.06531	-417.83481	-778.03192	1532.20313	-329.03485	-536.83142	1402.22266	-461.11606	-865.67059	1399.45313	-501.47540	-711.86945	1286.07629	-410.65814	-697.97229	1393.24194	-590.33691	-469.33151	1089.58752	-321.00574	-945.85303	1075.74792	-603.74896	-490.71237	887.84186	-195.51585	-979.94751	820.90918	-597.67468	-660.51099	980.66681	-377.11057	-797.31592	968.54022	-389.38431	-690.53033	909.12860	-644.24976	-540.19049	413.31958	-603.29419	-878.44073	523.36237	-395.44376	-569.33392	57.53764	-655.89783	-913.03424	150.79684	-182.86870	
99	0.980				-686.45520	1652.97205	-486.49515	-567.24854	1557.13660	-407.44891	-776.89240	1529.43225	-317.13571	-536.93732	1399.34473	-451.13837	-865.93317	1397.93103	-490.01730	-713.25800	1280.49158	-409.35434	-698.65234	1390.97607	-579.19879	-470.88666	1087.51343	-310.17987	-947.43835	1074.28735	-591.99646	-491.85687	886.19897	-184.88638	-982.16089	819.53296	-586.51276	-659.43768	978.88739	-366.38025	-796.53650	967.02325	-378.29669	-692.02295	906.88922	-632.27740	-540.16229	412.21161	-596.14032	-872.08948	519.66046	-388.91025	-567.51746	57.72103	-655.32294	-903.78918	157.42375	-161.16551	
100	0.990				-685.63397	1650.49121	-475.03421	-566.63452	1555.06116	-396.37463	-776.27679	1528.11206	-306.40063	-536.96613	1397.64404	-441.40527	-866.27429	1396.28674	-478.11127	-712.17383	1283.04651	-387.11942	-699.18958	1389.71155	-569.27698	-471.96500	1086.05164	-299.59042	-950.00421	1073.31140	-580.16748	-493.22745	885.39923	-174.57870	-983.95618	818.01959	-574.74072	-659.64490	976.24811	-358.24738	-795.36493	964.52338	-364.62125	-693.33398	905.43573	-621.00336	-541.16968	411.60355	-588.98163	-864.34698	518.28058	-381.88657	-566.87988	57.26529	-655.43652	-895.43347	167.13300	-138.55643	
101	1.000				-685.56519	1648.92432	-463.88806	-565.82263	1552.74792	-385.78409	-774.99347	1526.74719	-294.56647	-537.02081	1395.56982	-431.25604	-866.82214	1393.35742	-466.71371	-712.56952	1278.60925	-385.50876	-700.24701	1387.16577	-557.13141	-473.13904	1084.61206	-289.58344	-951.76685	1071.69031	-568.16058	-493.75699	883.04126	-163.58167	-986.62292	815.77460	-561.42114	-657.30627	975.46088	-345.35739	-794.05804	963.22528	-352.78415	-694.82062	903.68457	-609.83478	-542.71808	410.70633	-579.91437	-856.71881	518.22339	-371.60071	-566.32098	57.30779	-655.48157	-887.59991	176.90752	-117.52348	
102	1.010				-685.11011	1647.84497	-452.82080	-565.55231	1551.11450	-375.04388	-774.49670	1525.21704	-282.96658	-536.83936	1394.18323	-423.39816	-867.05768	1392.83557	-453.67661	-712.93945	1277.07703	-373.90329	-700.86475	1385.02039	-546.81934	-474.15421	1082.95251	-279.70383	-952.79028	1069.61914	-555.09998	-494.80518	881.16467	-154.12720	-988.42639	814.63861	-548.76410	-656.89459	974.47974	-337.40790	-793.26721	961.71637	-340.66272	-695.44922	901.29840	-596.56403	-544.39221	409.04947	-571.29181	-847.33868	519.33478	-360.59024	-565.31836	58.47485	-655.10028	-879.74060	186.07065	-95.20233	
103	1.020				-684.97186	1647.20825	-440.89078	-564.79639	1549.30200	-365.35208	-772.08716	1523.54382	-270.34180	-536.71710	1393.14978	-412.44867	-867.22852	1391.00220	-441.05829	-712.03076	1275.79871	-361.88776	-702.31354	1384.37341	-535.92261	-475.85809	1081.46313	-270.16580	-954.69196	1068.00928	-541.76965	-496.04077	878.82025	-147.03166	-990.28339	813.71265	-536.50299	-654.47717	973.82947	-322.56534	-791.28503	961.04248	-327.67896	-696.65131	899.82642	-584.85645	-546.64490	407.77722	-561.09973	-841.92499	521.22382	-347.16681	-564.91888	58.12561	-653.92328	-873.23456	194.98206	-74.21201	
104	1.030				-684.59381	1646.48865	-429.31799	-564.53638	1547.90649	-354.95749	-772.18640	1522.69641	-259.05103	-537.17847	1392.04126	-401.81360	-867.41846	1389.28601	-428.08954	-711.83203	1273.71643	-353.18234	-703.31079	1382.32617	-524.72906	-476.38028	1081.24841	-260.66205	-957.86407	1067.18530	-529.02472	-495.61816	877.25696	-135.57721	-991.80029	811.53894	-524.35242	-652.75433	972.93738	-310.87234	-791.42261	960.66486	-315.15164	-697.35626	897.29840	-571.50977	-548.22394	406.89661	-552.06921	-836.51080	521.27051	-332.73865	-564.77380	58.76875	-653.36548	-867.00769	203.16974	-54.34853	
105	1.040				-684.46509	1645.38550	-417.69772	-563.82416	1545.82178	-343.77039	-771.37457	1522.22534	-247.81740	-537.59540	1390.91577	-391.91022	-868.14709	1388.10767	-415.43170	-711.79437	1273.98364	-336.78833	-704.58014	1380.93115	-513.26343	-477.06445	1080.30786	-250.43961	-959.60974	1065.81299	-515.15137	-497.43628	872.51575	-134.41721	-992.99780	809.86432	-511.75919	-651.25421	970.55096	-301.54211	-788.77191	960.02753	-301.06268	-698.27374	896.14398	-558.77173	-550.54828	405.90479	-541.56378	-835.02930	524.44104	-319.17429	-563.54181	60.99531	-651.54968	-859.20258	209.88715	-33.00505	
106	1.050				-684.28784	1644.72791	-406.58093	-562.96143	1544.91211	-334.13565	-769.06195	1520.43811	-235.56183	-537.86182	1390.60046	-382.40247	-868.46405	1386.69495	-402.70020	-711.27234	1273.79163	-326.96036	-705.88177	1379.40564	-501.53595	-476.87164	1079.22681	-242.22592	-961.19562	1064.20142	-500.89502	-495.73846	869.92822	-122.12302	-994.97754	808.34521	-498.00769	-648.67188	971.02460	-287.25565	-787.19879	960.52118	-287.54742	-699.70654	894.83600	-544.54596	-552.22565	404.28915	-529.83752				-562.13782	62.71435	-651.01141	-853.56812	216.83788	-15.16630	
107	1.060				-684.19165	1644.14526	-395.53467	-562.66791	1543.84277	-324.76401	-766.88635	1519.35742	-223.10915	-537.93884	1390.16541	-372.10776	-868.79773	1385.83972	-389.44189	-710.11969	1272.33447	-314.66272	-706.90143	1378.45569	-490.35739	-476.58997	1078.21252	-233.30573	-962.77881	1062.86633	-486.56042	-496.02362	869.01971	-119.78266	-998.34338	808.77661	-482.44696	-647.56476	970.98584	-271.54129	-785.01093	960.28485	-272.40555	-700.40149	893.44763	-530.69037	-554.23291	403.33646	-518.37469				-561.92358	65.11194	-650.01202	-846.31421	222.48613	4.30369	
108	1.070	-651.72699	1443.67358	-155.61945	-683.98138	1644.32251	-383.69601	-562.10260	1543.31958	-314.22443	-766.40332	1519.51001	-211.81808	-538.02686	1390.57043	-363.07587	-869.42242	1384.99133	-376.46970	-709.86285	1272.22266	-301.74670	-708.63416	1377.30615	-478.66721	-475.82382	1077.61060	-225.69431	-964.69928	1061.99536	-471.88330	-495.38718	866.32190	-111.46307	-999.41254	806.48364	-468.05991	-646.48773	971.27405	-260.27365	-782.77832	961.10657	-258.13211	-701.52423	892.61230	-517.32379	-556.26276	402.52191	-507.20331				-562.30713	68.02515	-649.49243	-840.17560	227.81956	21.19520	
109	1.080	-649.62921	1443.88062	-143.51024	-683.53210	1645.31372	-371.51056	-561.18378	1543.97229	-304.58856	-764.15045	1519.67993	-199.67896	-537.76086	1391.70251	-353.85306	-869.45691	1384.20068	-362.38904	-708.14307	1273.60840	-289.29529	-710.30518	1377.52136	-466.96255	-475.31183	1076.54736	-217.49677	-965.92224	1060.76477	-457.03021	-495.74878	864.86853	-105.40172	-1000.70508	804.96649	-453.09839	-643.15149	971.68964	-245.15559	-780.61755	961.02582	-245.12854	-702.66467	892.20782	-504.33563	-558.47174	402.17578	-495.38370				-562.11615	72.32894	-647.57452	-833.29901	232.47061	37.60331	
110	1.090	-647.15552	1444.08032	-133.46413	-683.07202	1646.73547	-359.79047	-560.73151	1544.37451	-293.21689	-762.38843	1520.78845	-187.18123	-537.38959	1392.56311	-344.71527	-869.71857	1384.22754	-349.41913	-707.17261	1275.03247	-277.12640	-712.07574	1378.18616	-455.90863	-474.35284	1076.67468	-209.92386	-967.42035	1060.15515	-441.92892	-494.30716	862.14935	-99.66087	-1003.08807	805.02649	-438.24255	-641.03479	971.20587	-232.50098	-777.97906	960.36566	-229.70105	-704.46429	893.18481	-491.59564	-559.82648	401.79181	-483.12332	-828.64734	519.71973	-240.39505	-563.15912	78.28757	-644.93567	-825.11957	237.48523	54.63080	
111	1.100	-645.02734	1446.16101	-120.32813	-682.70959	1648.09814	-347.70480	-559.85992	1544.86389	-283.47757	-760.78442	1522.84241	-174.62340	-536.67322	1393.89307	-335.29129	-869.63336	1384.77026	-335.75494	-705.62567	1276.04138	-264.47046	-713.33197	1379.14795	-443.79041	-474.01459	1075.99731	-203.11919	-968.69824	1060.56616	-426.73074	-493.53299	860.26862	-97.51230	-1004.54828	806.23505	-422.28299	-637.85431	972.06915	-221.14143	-775.81750	960.33984	-217.22054	-705.62878	893.96594	-479.42712	-562.65796	401.71490	-471.75409	-828.93335	520.12640	-224.11922	-564.62646	85.21050	-642.37305	-817.88666	240.41348	68.64464	
112	1.110	-642.56934	1446.55212	-108.56765	-682.26306	1649.58264	-336.86835	-558.98438	1545.78467	-274.24417	-758.62183	1524.06604	-161.10291	-536.32501	1395.67322	-325.66663	-868.72650	1385.53784	-321.46930	-703.82111	1277.56372	-253.17464	-714.25366	1380.72534	-432.51089	-473.16922	1076.83252	-196.56235	-969.71545	1061.15698	-411.07361	-490.94409	859.00214	-90.57270	-1005.78931	807.05255	-405.59052	-635.22821	971.70331	-211.11790	-773.74548	961.60730	-204.56714	-707.74432	895.40240	-467.40442	-564.59052	402.58612	-460.48517	-831.26654	523.40771	-208.24197	-567.56476	92.28447	-638.41016	-809.23120	242.13420	81.20152	
113	1.120	-639.48566	1446.77515	-99.72771	-681.91193	1650.29309	-325.54755	-557.46796	1546.80505	-265.31763	-755.43640	1526.16675	-148.67157	-535.90125	1397.87646	-315.49622	-868.30200	1386.48303	-307.20407	-701.34229	1277.90979	-243.62993	-715.01392	1382.05505	-420.59097	-471.67029	1076.49426	-191.22816	-970.36694	1062.02881	-394.48666	-488.92273	857.53766	-91.32755	-1006.23071	807.48621	-388.76035	-632.49963	973.51306	-198.80620	-770.78967	961.96472	-191.23203	-709.68658	896.47540	-455.95319	-566.33209	403.71503	-446.94040	-833.68146	528.62769	-192.32553	-568.39026	102.44217	-633.49615	-800.03882	241.65697	91.69616	
114	1.130	-636.63940	1448.85242	-89.53912	-681.66553	1650.96265	-313.66202	-557.40784	1547.39612	-254.65637	-753.50183	1527.52844	-136.60670	-535.31433	1399.91357	-306.48938	-866.99756	1387.74500	-293.50043	-699.18536	1279.29517	-232.53574	-715.69611	1384.24011	-409.26855	-470.42548	1077.11511	-185.63533	-971.19769	1063.97168	-378.22412	-486.56372	856.35144	-85.39973	-1006.62299	809.18018	-371.19769	-630.05988	973.84027	-187.45197	-768.14893	964.94580	-179.62225	-710.50214	898.10559	-444.43713	-569.92303	405.24329	-434.17664	-836.89026	533.83954	-176.49385	-572.49597	111.64593	-628.15991	-790.00580	239.31779	101.76766	
115	1.140	-634.24054	1450.49988	-76.48309	-681.02350	1652.26111	-303.18515	-556.05200	1548.27051	-244.45082	-750.38672	1528.82788	-124.05799	-534.51031	1401.80261	-296.54337	-866.05334	1389.21472	-279.80798	-697.21198	1280.99316	-221.21906	-716.43555	1385.59753	-397.46960	-468.85342	1076.97424	-180.59544	-971.49225	1064.95874	-361.38211				-1008.63715	811.88110	-353.40256	-626.36102	975.72577	-179.30588	-765.22449	966.98065	-167.21497	-711.37555	899.01843	-433.69925	-573.07910	406.26974	-419.97308	-837.59082	537.08905	-157.86954	-577.48444	121.74906	-621.98981	-780.28912	235.94583	109.28691	
116	1.150	-630.75916	1452.29028	-65.76937	-680.46143	1652.93652	-292.90121	-554.55890	1549.44250	-234.93863	-748.45947	1529.66980	-112.46729	-533.91119	1403.88904	-287.57541	-864.33978	1390.49805	-265.57101	-695.33051	1282.49243	-209.35539	-716.71423	1387.95398	-386.68277	-466.98492	1077.94458	-175.53209	-972.03754	1066.80029	-344.92477	-480.97858	853.74249	-82.03067	-1009.13922	813.48840	-334.18594	-624.07953	977.98175	-171.31096	-762.46289	970.54749	-157.46191	-712.36255	901.05597	-423.42316	-576.51489	408.15924	-406.04080	-840.75586	541.43860	-142.61055	-581.52008	132.58646	-613.31738	-770.25458	231.09865	116.12073	
117	1.160	-626.94421	1453.29053	-55.41241	-679.49591	1654.41040	-281.63904	-552.85486	1550.93347	-224.96994	-746.52216	1532.13733	-101.05000	-533.37085	1405.56689	-278.78680	-863.09583	1392.25220	-251.72729	-693.14215	1283.52368	-197.61681	-716.76666	1389.13550	-374.66940	-465.11420	1077.70935	-170.02910	-971.85779	1067.83862	-327.53076				-1009.67590	815.15466	-314.95593	-620.88361	979.75049	-164.42351	-759.32416	974.33679	-147.52264	-712.77667	902.78253	-413.16010	-578.61420	409.59177	-389.94336	-842.47980	545.54681	-126.47079	-585.97064	142.93425	-601.91559	-760.54523	226.15353	121.84653	
118	1.170	-622.04675	1454.89417	-38.50785	-678.34711	1655.61279	-270.61267	-550.86346	1552.65027	-216.28384	-743.46777	1534.24255	-89.81826	-532.33057	1407.03198	-269.79590	-861.29834	1393.84766	-238.19772	-690.84259	1286.07092	-186.54521	-717.41852	1391.30505	-363.27927	-463.04315	1078.21082	-165.08372	-971.98669	1069.37915	-309.58762	-473.62466	851.55121	-75.30975	-1009.42340	816.69818	-295.18250	-618.51337	983.00000	-155.16101	-754.86578	977.16742	-135.75079	-713.44678	903.95135	-402.78708	-581.55487	409.47751	-371.30917	-843.99231	546.96979	-110.50242	-592.49933	153.71584	-589.03833	-752.45837	219.96268	125.23516	
119	1.180	-620.05823	1457.64453	-32.60656	-676.68536	1657.27087	-259.66843	-548.64941	1554.00781	-206.54779	-740.08795	1536.68457	-78.24665	-530.88800	1409.03833	-261.55960	-859.42145	1395.52234	-224.29497	-687.90137	1288.43835	-176.19345	-717.82507	1393.43323	-352.51224	-461.26312	1078.22412	-160.55431	-971.33893	1070.47961	-291.83783	-470.47513	849.17719	-79.53993	-1009.61127	818.59637	-275.43573	-616.16650	984.96674	-148.63977	-751.02527	980.07196	-127.89321	-714.83698	905.80212	-393.73593	-583.38556	409.28732	-352.13913	-846.61859	548.83966	-95.22369	-599.86609	163.40201	-571.84277	-743.20178	213.64822	130.88356	
120	1.190	-614.08740	1459.65076	-17.36929	-674.82507	1659.15308	-249.65649	-546.44580	1555.68701	-196.08794	-736.36029	1538.53247	-67.12710	-529.50049	1410.88049	-253.51509	-858.92767	1396.49585	-212.12581	-685.14124	1289.21362	-164.27072	-717.93726	1395.43933	-340.80664	-458.91071	1079.56104	-155.94049	-970.88641	1072.02759	-274.44678	-465.27197	848.63019	-76.51232	-1006.35419	818.05829	-253.42148	-613.08636	987.04041	-142.56232	-747.61273	983.19922	-118.65178	-715.74969	907.49854	-383.72516	-584.23468	409.57330	-331.16376	-848.82007	551.21350	-80.03627	-605.38257	174.74867	-552.79480	-735.18188	205.42018	133.09473	
121	1.200	-610.19061	1461.37170	-9.06475	-672.64691	1660.92432	-238.41846	-544.06738	1557.98877	-187.13660	-732.13257	1539.06018	-55.45341	-528.05542	1412.85095	-246.13248	-855.51593	1398.91040	-196.74113	-681.80121	1291.03894	-154.15828	-718.94910	1398.54150	-329.94229	-454.57449	1080.91357	-151.70370	-969.97241	1073.52930	-256.51074	-460.62665	849.15918	-75.06790	-1006.28143	820.36731	-233.12500	-609.70685	989.80957	-132.71014	-742.50031	984.22540	-109.45862	-717.29309	909.62115	-374.69696	-585.33630	409.69012	-309.65506	-852.08228	553.25116	-65.96795	-610.80890	184.71414	-531.68793	-728.30603	196.81723	135.05209	
122	1.210	-605.87097	1462.83557	0.05885	-670.20972	1662.74841	-228.62273	-541.05701	1559.34949	-178.11562	-727.90039	1541.85400	-44.18447	-526.79663	1415.08398	-239.23514	-853.24933	1400.76953	-182.96089	-678.71417	1292.52258	-143.72823	-719.47266	1400.88879	-318.58316	-453.27646	1081.13757	-148.30870	-968.71661	1075.08740	-238.45888				-1004.47913	821.69446	-212.13904	-605.82001	991.07428	-126.94426	-737.77258	985.59076	-101.81219	-718.90314	912.12970	-365.68198	-586.86768	409.40247	-287.47751	-853.99658	554.82349	-50.93370	-614.92267	194.91635	-510.14142	-721.45410	187.81395	136.45517	
123	1.220	-601.13434	1464.73181	10.86648	-667.64301	1664.67346	-218.69556	-538.38239	1561.14417	-168.70721	-723.61096	1543.56836	-33.87136	-525.93060	1417.21985	-231.45433	-851.13776	1403.08447	-169.09123	-674.93842	1294.10474	-135.23015	-720.15381	1403.85120	-308.19043	-449.26999	1083.43103	-145.17509	-967.59363	1076.75439	-220.64592	-451.11261	848.06689	-76.24653	-1003.16498	824.17688	-190.87859	-602.60413	991.84546	-121.51030	-733.67377	987.17255	-92.55730	-720.47540	913.95294	-356.14120	-582.98224	413.31070	-266.67148	-855.93683	557.69690	-37.06432	-619.74689	203.48006	-486.03021	-716.22253	178.79134	136.61745	
124	1.230	-597.66901	1467.62512	20.27413	-664.86298	1666.68994	-208.39153	-535.38177	1562.06970	-155.93475	-719.95367	1546.43823	-22.98391	-524.65100	1419.53516	-225.11508	-848.45770	1404.69299	-154.77138	-671.09265	1295.79773	-126.13863	-720.51575	1406.53491	-296.59680	-445.97455	1084.38000	-143.12987	-966.95984	1078.85742	-202.83263	-445.23077	847.71045	-77.19100	-1001.57031	826.93701	-169.62624	-596.81964	994.47089	-114.59241	-727.81317	987.67804	-81.70486	-721.52948	915.79822	-347.03271	-576.09882	418.56714	-245.46046	-854.96301	559.64392	-24.88491	-624.62274	212.16046	-463.59357	-711.81750	171.89207	135.31192	
125	1.240	-592.34174	1469.06714	29.03394	-661.98596	1668.53748	-198.05792	-532.22998	1563.52087	-149.09557	-715.95709	1549.30457	-12.49582	-523.68518	1422.38477	-218.11186	-845.65686	1406.83484	-141.71855	-667.40533	1298.00732	-115.00468	-721.87073	1410.24182	-286.33734	-442.58206	1085.81628	-140.65057	-965.03070	1080.97021	-184.63441	-439.86667	847.14429	-78.52444	-998.37567	828.77942	-148.33377	-593.44415	996.07373	-109.06084	-724.25159	988.48120	-74.36279	-722.53723	919.10553	-339.15610	-567.62836	424.22305	-225.37579	-853.48865	561.05389	-13.96167	-627.23004	219.76797	-439.47021	-709.03571	167.86430	131.70509	
126	1.250	-587.08258	1470.02124	38.62156	-658.97516	1670.15369	-188.09419	-529.31464	1564.46777	-140.30280	-708.90747	1550.73914	-0.57102	-522.88239	1424.51416	-211.48642	-842.58600	1407.17151	-128.95409	-664.25177	1300.69495	-103.92310	-721.78943	1411.87805	-274.44223	-438.53217	1086.89795	-138.88316	-962.81592	1083.42920	-167.12280	-432.85919	850.24475	-77.30872	-996.85333	832.02502	-126.70281	-588.87842	999.00128	-102.77071	-718.20685	990.07178	-62.67621	-722.68500	921.60449	-329.95493	-558.39783	430.23450	-205.14340	-851.02094	562.01904	-4.02684	-629.41473	227.46075	-414.60919	-708.34454	165.02420	128.16130	
127	1.260	-581.50604	1470.26892	46.34435				-526.03607	1565.21948	-133.56537	-704.82141	1553.11206	9.94652	-521.80725	1426.84631	-204.84225	-840.02582	1409.26160	-115.12820	-660.69000	1300.88098	-96.90855	-722.98340	1415.44202	-264.24677	-434.58615	1088.19592	-137.67972	-961.33698	1085.66504	-149.20415	-426.60391	851.80084	-77.66803	-993.20178	834.72424	-105.24963	-585.05627	1002.00549	-95.70277	-714.12811	990.71509	-55.67773	-722.99829	925.47009	-322.56702	-550.21185	436.09570	-184.00323	-849.53131	563.39832	3.74132	-628.97827	233.88011	-389.54327	-708.54016	162.59883	123.70486	
128	1.270	-576.82892	1472.02930	55.32443				-523.00085	1566.49902	-127.90540	-698.60950	1554.84912	20.93305	-521.00586	1429.15918	-198.48190	-837.18719	1411.46082	-101.18536	-658.38495	1302.76147	-87.33459	-722.97528	1416.86035	-252.32362	-430.61322	1090.09558	-137.52605	-959.18567	1087.86865	-131.63165	-420.62225	853.22266	-76.70065	-990.21808	838.37579	-83.59739	-581.81653	1003.55200	-88.92465	-709.25964	992.28107	-48.47672	-721.88397	927.99896	-314.27612	-541.09332	441.56213	-161.27974	-843.54468	564.71429	8.23814	-628.02216	239.47655	-363.74356	-709.43353	160.77318	119.18054	
129	1.280	-571.42432	1473.61206	62.80069	-649.48358	1674.86609	-158.63351	-519.55670	1566.37671	-117.80929	-693.33105	1556.35864	31.11275	-520.03137	1431.18909	-191.45245	-833.44757	1413.37561	-88.14373	-654.09576	1302.66931	-82.69127	-723.31134	1419.22046	-241.37456	-426.21741	1091.79028	-136.49518	-956.55872	1090.13550	-113.65746	-412.65381	852.83331	-83.34086	-987.05908	841.03094	-61.87841	-576.53241	1006.22638	-82.51794	-704.68268	994.31036	-39.67213	-720.72296	930.57153	-306.65057	-531.78351	446.86072	-137.95781	-839.43274	566.55548	12.48873	-626.65393	245.20898	-337.46622	-709.31549	157.16870	113.83976	
130	1.290	-565.91333	1473.83228	72.32223	-646.04346	1676.48181	-148.98744	-516.99792	1567.96008	-117.93330	-687.57452	1558.43994	41.33553	-519.16870	1433.13269	-185.05670	-830.30945	1415.37000	-75.60940	-651.10162	1305.25708	-72.14848	-723.63416	1421.59692	-230.64473	-421.55075	1093.23169	-135.90509	-954.53796	1093.07288	-95.62207	-405.96066	853.69623	-85.74152	-982.71021	844.28601	-41.53293	-573.99609	1009.13141	-76.62405	-700.51282	995.97937	-30.13737	-718.64948	933.37744	-299.03732	-522.31000	451.06512	-113.24427	-834.83838	566.87000	16.08648	-623.34033	250.44377	-312.28586	-708.19867	155.72168	109.26433	
131	1.300	-559.87433	1474.50635	80.21447	-642.49030	1678.19446	-138.99297	-512.81335	1567.76794	-108.99891	-681.95007	1560.39685	51.42766	-518.26300	1435.58069	-178.85066	-826.27966	1416.81287	-63.23089	-647.66376	1306.37292	-65.54719	-723.10535	1423.99927	-220.51048	-417.63501	1094.99292	-135.29674	-951.54431	1095.06372	-77.91381	-399.65073	856.17694	-86.78804	-979.06293	846.85596	-19.32193	-571.27850	1010.89850	-70.79486	-695.42975	998.04083	-23.46719	-717.19342	935.58441	-291.23502	-511.51871	456.45523	-91.00919	-831.63965	564.26654	17.77456	-621.22253	254.39911	-284.64026	-710.53381	151.24554	103.09843	
132	1.310	-554.95361	1475.02393	87.12276	-638.94501	1679.74402	-128.87669	-509.93332	1568.18884	-97.43742	-676.60779	1561.90759	61.93784	-517.05566	1436.95471	-172.27301	-822.46265	1418.39636	-49.86419	-644.53149	1308.37769	-57.41727	-722.76953	1425.97412	-210.08226	-413.34750	1096.44604	-135.37183	-949.02454	1097.26685	-59.09915	-391.30145	858.01959	-90.37919	-975.09277	850.85693	2.55258	-566.68512	1015.14130	-63.24208	-691.78857	999.63531	-14.39123	-714.97046	938.01349	-283.30350	-501.18008	460.92303	-67.91039	-827.73547	563.99689	20.90886	-617.30206	257.14566	-257.89471	-710.00201	147.73958	98.93945	
133	1.320	-549.45483	1474.81641	93.81109	-635.30737	1681.21155	-120.34264	-506.74133	1568.76819	-90.43209	-671.16235	1562.69861	71.61651	-515.61340	1439.35779	-165.33708	-818.24591	1420.46936	-38.59922	-640.69507	1309.33289	-49.72050	-722.34711	1428.16760	-199.94501	-408.90884	1098.38574	-134.29716	-945.59406	1099.68884	-41.70387	-384.16306	860.13202	-91.04556	-969.79797	853.08606	24.81120	-563.75189	1016.32874	-58.25693	-688.54120	1001.56842	-7.16060	-712.80011	940.71704	-276.12204	-488.34787	466.10797	-48.66695	-823.99164	561.76837	23.83012	-613.38116	259.16516	-232.57152	-709.63019	144.26260	96.68341	
134	1.330	-545.26801	1474.70386	98.32545	-631.84583	1682.17480	-110.30459	-503.27173	1569.39319	-85.16589	-664.35376	1563.40430	81.27794	-514.03363	1441.26123	-159.18065	-814.72174	1422.54443	-26.07508	-636.77032	1310.95618	-40.86993	-721.31500	1429.96472	-188.98495	-404.65546	1100.24976	-134.79042	-942.41705	1101.80261	-23.49220	-376.42719	863.15491	-87.30624	-965.89594	856.48853	45.27123	-561.77765	1018.34778	-51.70055	-683.92731	1002.62994	-0.65368	-710.05548	941.85553	-267.66290	-476.98196	471.56155	-29.17712	-820.25372	559.03491	26.41953	-609.03015	259.70132	-205.63972	-711.01141	138.74088	91.93186	
135	1.340	-539.08875	1476.65796	110.18025	-628.10797	1683.52295	-100.29255	-499.84564	1569.07422	-78.53838	-659.74768	1564.78247	90.71323	-512.63104	1442.84705	-152.84291	-809.92261	1423.53967	-14.16608	-633.27277	1313.24451	-30.69484	-719.89612	1431.08618	-178.73236	-400.70993	1101.59741	-134.23180	-938.89612	1103.64404	-5.86868	-370.49490	864.23993	-90.30103	-961.12866	860.07721	67.78064	-558.63824	1019.49609	-44.87902	-681.03333	1003.92346	8.15732	-707.38507	943.79169	-260.20651	-466.96716	478.47299	-11.63092	-817.31366	556.48352	28.26676	-603.88226	259.52994	-180.07060	-711.71210	135.81422	90.08099	
136	1.350	-533.19958	1476.55078	117.63253	-624.30481	1684.83044	-91.77126	-496.70630	1569.55750	-70.65553	-653.04456	1565.35400	100.78446	-510.58411	1443.79736	-145.35680	-805.40942	1424.04578	-2.78747	-628.37836	1313.03308	-25.99182	-718.35663	1432.41675	-168.74078	-396.66959	1103.21692	-134.54779	-934.72766	1105.75073	12.22622				-956.34833	863.18103	89.17354	-554.57593	1021.70435	-36.37383	-677.56403	1003.57745	16.50290	-705.04352	945.12164	-252.64745	-457.84201	487.58612	2.81369	-814.37366	553.85223	29.20040	-597.22003	258.02057	-154.60312	-712.76263	130.79921	87.62331	
137	1.360	-528.17841	1476.81177	125.80196				-492.68835	1569.73816	-63.47471	-647.65796	1566.20520	110.01690	-508.24866	1444.73975	-139.02415	-801.41791	1425.65674	8.55435	-625.01678	1314.36145	-15.88018	-716.74524	1433.57544	-159.11826	-392.53629	1104.45056	-133.83650	-930.72528	1108.01599	29.59686	-358.57571	864.39069	-103.58498	-951.60852	866.23114	110.87327	-551.78931	1022.14069	-30.96852	-673.44604	1004.31140	23.50308	-702.50153	946.44849	-244.82816	-448.85233	496.31375	16.26909	-811.40143	550.96582	31.01629	-587.47675	253.98860	-130.78212	-714.58234	126.21124	81.70448	
138	1.370	-523.45715	1477.10828	134.40683				-489.29031	1570.52527	-56.20420	-642.94873	1566.58044	118.51136	-506.05911	1446.23914	-132.46284	-797.07471	1426.74951	18.22995	-621.14703	1315.22241	-8.29648	-714.99109	1434.63733	-149.52554	-387.30884	1104.95459	-131.95930	-926.44940	1109.61633	47.36967	-352.36328	864.51294	-107.47454	-946.05389	869.42230	132.46281	-548.28571	1022.38110	-22.62037	-670.18713	1003.95502	32.16894	-699.86200	947.70740	-236.91591	-439.71103	503.92801	29.42660	-808.99945	549.83746	29.06012	-576.82147	249.53738	-107.10699	-715.52417	123.24648	84.18572	
139	1.380	-517.59802	1476.52173	142.28273				-485.21921	1570.33862	-47.44468	-636.41846	1566.64844	128.60484	-503.40109	1447.02844	-125.06971	-792.22504	1426.82092	29.33569	-616.44849	1317.13184	5.01431	-712.77521	1435.05334	-139.07910	-384.38654	1106.93042	-132.73264	-921.94128	1111.85181	63.96755	-342.66324	868.97791	-101.45216	-940.17590	872.43060	153.92612	-542.94830	1023.34467	-15.24395	-666.57233	1004.43323	41.36834	-697.12213	949.06403	-229.10934	-431.74399	510.30157	41.00010	-806.16962	548.55560	29.25459	-567.24951	244.74298	-81.51617	-717.68042	120.55014	81.70210	
140	1.390	-512.68121	1475.13232	143.01871				-481.29361	1570.60840	-39.74960	-632.83899	1567.50867	136.01518	-500.69296	1447.85657	-118.90411	-787.47742	1427.84485	39.51461	-612.67395	1317.50403	12.54292	-710.10583	1435.44031	-129.26587	-380.15848	1107.11414	-131.82729	-917.80017	1113.67383	80.71648	-338.38251	869.20221	-106.66203	-934.27997	875.64691	174.38028	-539.71057	1024.04761	-7.01659	-662.22211	1002.75513	48.30680	-694.78241	950.11005	-221.53441	-423.86673	515.29669	51.75050	-804.56586	547.49164	28.79718	-555.35736	238.35448	-58.48434	-720.58173	118.48584	80.25076	
141	1.400	-506.36557	1476.28931	158.36697				-477.35867	1570.50024	-32.46561	-625.91168	1567.00378	145.90831	-497.76813	1448.48254	-111.49611	-782.90161	1428.36426	49.64174	-608.98004	1316.03369	15.14969	-707.55231	1435.93433	-120.82170	-375.89835	1108.08020	-131.27562	-913.34003	1115.70374	96.99821	-333.31064	870.75549	-109.61834	-927.99896	878.96387	195.89818	-536.80200	1023.74976	-0.97499	-658.65552	1002.88934	57.07145	-691.85773	951.13800	-213.53096	-415.48178	518.32996	60.28721	-802.26019	546.40381	28.76759	-543.68744	232.35178	-34.96840	-724.66949	112.64111	75.23264	
142	1.410	-501.41556	1475.08350	159.08652				-473.06494	1570.61279	-24.79731	-620.65381	1566.49792	154.97025	-494.89432	1449.13586	-104.91248	-777.19415	1427.66284	60.08630	-604.12231	1317.85693	26.84326	-704.36841	1436.03381	-110.54591	-371.88553	1108.85779	-130.21466	-908.61682	1117.27991	112.95908	-328.30286	870.84265	-111.51833	-921.56329	882.18707	215.96169	-532.42670	1023.51990	5.50604	-653.55115	1002.00336	65.46646	-689.24121	952.02911	-206.28232	-407.48569	520.05853	67.25980	-800.21985	544.20404	29.66781	-530.29761	223.89783	-12.59864	-726.47028	113.27934	76.17721	
143	1.420	-495.55304	1475.95386	174.36551				-468.74588	1570.21472	-16.22567	-615.49377	1566.61792	163.69075	-491.17932	1449.17310	-97.27458	-772.91406	1428.21741	69.53168	-598.75952	1317.52209	34.36650	-701.41650	1436.83643	-101.93604	-367.85846	1109.17932	-129.28783	-904.08936	1119.20459	128.53777	-324.36182	870.43463	-114.70184	-915.14813	886.57568	235.37979	-528.84100	1023.33270	13.49257	-649.68365	1001.29517	73.56138	-686.00616	952.49384	-197.77864	-398.91003	520.91107	72.84669	-798.83423	542.43866	28.89678	-515.19220	216.32066	8.11779	-729.50403	110.86517	73.79727	
144	1.430	-490.34689	1474.00427	173.74561				-464.25192	1569.94580	-8.04880	-609.17706	1565.93701	172.13710	-487.51007	1449.05750	-89.74091	-767.24976	1427.62256	79.24190	-594.27911	1316.34253	41.41854	-697.80756	1436.25781	-92.10544	-363.06790	1109.37390	-127.27603	-897.98651	1120.10071	144.36331	-318.68149	870.86200	-116.39787	-908.07434	889.23108	255.96338	-524.09741	1023.11700	20.34737	-643.55249	1000.92163	81.54771	-683.12799	953.20264	-190.37726	-392.63904	521.06787	78.26414	-796.75183	541.68652	29.15824	-499.83167	208.31812	30.21320	-731.95172	109.42423	72.37909	
145	1.440	-484.86981	1474.57349	190.55910	-589.05560	1688.00427	-12.65518	-460.14651	1569.96008	-1.24784	-604.17383	1565.56555	181.07990	-483.44019	1449.12732	-83.05487	-762.15753	1428.04028	88.84773	-589.08795	1315.70837	48.45817	-694.01709	1436.34900	-83.16137	-358.99149	1109.41077	-126.90053	-891.59052	1121.50195	158.56964	-314.43964	871.31580	-119.32323	-899.71075	892.40186	276.36688	-518.92426	1023.70331	27.45688	-639.03778	1001.24774	88.97346	-680.42120	953.50806	-182.35597	-386.32825	520.10236	84.10387	-796.21765	541.15875	28.95119	-482.80228	200.05008	49.85960	-734.47992	108.33002	70.50026	
146	1.450	-479.47488	1473.93176	198.82217	-585.31567	1687.87341	-4.87801	-455.02731	1569.55444	7.59583	-599.05890	1564.83765	189.69778	-479.65189	1448.86255	-75.24963	-756.52625	1427.33789	98.38667	-584.69574	1314.80627	57.01150	-690.29498	1436.70056	-74.29233	-355.37357	1109.74890	-126.10452	-885.16052	1122.20117	173.93375	-309.91010	870.76648	-117.40947	-892.59259	896.62982	295.73956	-514.56671	1021.96082	34.40960	-633.82452	1000.24561	96.18488	-677.08569	953.52411	-173.78067	-379.62726	519.52222	88.88988	-795.60901	540.73291	28.99700	-465.94846	190.81532	73.14692	-737.50201	107.42649	69.99397	
147	1.460	-473.98184	1472.38354	197.98206	-579.82379	1687.54944	4.78115	-450.95959	1569.18884	14.49237	-593.06506	1564.13782	198.36192	-474.96448	1448.67407	-67.23399	-751.01959	1428.60864	108.90016	-579.81647	1314.78101	64.48439	-686.23346	1435.92664	-65.51653	-351.00330	1109.58728	-124.13428	-878.80164	1123.58887	186.49492	-305.50208	869.75543	-121.93050	-884.10291	899.56079	314.15686	-509.13312	1021.95313	41.43472	-628.04187	999.34131	103.22866	-673.99817	953.72571	-165.98914	-373.38147	518.73535	92.98725	-794.72382	539.94165	29.64144	-448.18103	181.25749	92.98384	-739.66571	107.62553	69.93819	
148	1.470	-468.38229	1472.48499	215.37268	-576.66864	1687.01831	12.91926	-445.85550	1568.31812	23.13896	-587.18005	1563.25940	207.16705	-470.52701	1447.98315	-60.18756	-745.47668	1428.03979	117.69881	-574.23468	1314.10010	72.50049	-681.92950	1435.83032	-56.19549	-346.58209	1109.41260	-122.50307	-871.34918	1124.04089	200.35802	-303.22043	870.58527	-125.33255	-876.31354	903.52509	332.07288	-504.09851	1021.82098	48.00122	-622.98425	999.29980	111.09591	-670.27863	953.13623	-157.30013	-366.88718	517.68036	96.12667	-793.60114	539.51740	29.45412	-429.52225	170.22557	116.07124	-740.57104	105.35665	66.93503	
149	1.480	-462.30063	1471.38086	223.44547	-570.24316	1686.50964	21.93425	-440.63504	1567.40552	31.67646	-581.45795	1561.98547	215.69986	-465.23141	1447.39526	-51.71199	-740.20154	1427.51099	126.67035	-569.21411	1313.48401	80.42497	-677.34100	1434.85999	-47.51443	-342.97058	1109.27185	-120.22120	-863.02374	1124.41565	213.37639	-299.25052	869.71130	-125.42269	-868.54059	907.74835	349.62741	-498.71017	1021.67865	54.28635	-617.24274	997.68329	119.63963	-667.27490	952.96375	-149.13287	-361.53134	515.76050	100.53189	-792.75537	539.98682	29.96601	-410.09094	160.95036	136.32976	-742.81250	105.69398	66.53703	
150	1.490	-456.42917	1469.98718	231.49081	-565.05786	1685.28479	30.87359	-435.87558	1566.41663	39.29945	-576.22858	1561.30469	224.43361	-460.86325	1446.52893	-44.57884	-735.13525	1425.00854	134.19765	-564.21185	1311.74170	89.12282	-672.66296	1434.32788	-39.41046	-338.93240	1108.40613	-117.93740	-856.12195	1125.63611	225.63789	-295.89185	869.65546	-126.69852	-859.90979	911.39520	366.49561	-494.66296	1020.28308	60.85628	-611.14764	997.13037	128.01450	-663.29871	952.31592	-140.88190	-357.61215	512.55780	104.12862	-792.05707	539.92932	30.66922	-388.54861	152.34805	156.60246	-745.54865	103.25466	55.98356	
151	1.500	-451.19833	1468.03625	230.65094	-561.21277	1684.54199	38.84738	-430.77017	1565.16248	47.85276	-570.02399	1559.97144	232.75401	-456.00186	1445.97021	-37.20050	-728.84119	1424.26868	142.90355	-558.07562	1311.04517	95.60960	-667.54883	1433.27173	-30.30911	-334.15369	1108.12744	-116.67621	-848.96820	1126.91553	237.46152	-293.38153	868.58228	-125.94939	-851.14728	914.30035	383.29370	-487.63358	1019.36859	71.30527	-604.86139	995.93085	135.75085	-659.84473	951.80701	-132.58424	-354.77875	507.30804	107.22697	-790.92719	539.77393	31.79137	-366.73044	147.62756	175.92700	-746.96906	102.64957	54.77045	
152	1.510	-444.63635	1467.53821	248.28569	-554.72498	1683.07056	47.75745	-425.26611	1564.16626	55.78738	-563.53424	1558.27625	241.31056	-451.56207	1444.49878	-28.77480	-722.17920	1422.82935	151.74464	-552.66803	1309.23499	106.30806	-662.32031	1431.91138	-21.31064	-330.54764	1107.25110	-113.20795	-840.48486	1127.30371	251.12735	-290.07825	867.46924	-127.66590	-842.93683	918.03796	399.02704	-481.86191	1018.52344	78.35674	-598.63293	995.49921	143.47470	-655.34967	950.76239	-123.76022	-353.47339	501.39175	110.42281	-790.25494	539.96771	32.70625	-344.48657	147.09407	193.81483	-747.96783	106.04344	63.83512	
153	1.520	-438.67966	1465.01843	247.69998	-551.21698	1682.12939	55.52176	-419.14819	1562.69580	64.56019	-558.29626	1557.06299	249.72874	-446.15378	1443.26196	-20.24158	-716.63934	1423.73669	160.58092	-546.63348	1309.62341	115.39779	-657.02167	1430.39624	-12.88107	-326.56674	1106.25415	-109.36289	-833.02057	1127.95825	263.13077	-286.67578	866.58667	-126.11069	-833.89447	920.80713	414.15024	-475.52942	1017.62347	85.40114	-592.63794	994.03906	150.47276	-651.00787	949.24677	-114.77791	-351.29736	495.45026	113.60352	-788.47375	540.46460	36.12618	-321.88110	149.02090	210.55437	-748.01996	105.50824	62.21078	
154	1.530	-432.93103	1463.16748	254.31068	-545.42065	1679.92749	64.41553	-414.04691	1561.46619	72.66433	-552.19977	1555.06213	258.49722	-440.31656	1441.69690	-12.27489	-710.54321	1422.32910	169.33801	-540.09344	1307.41211	122.85594	-651.31543	1429.18774	-4.46806	-323.34897	1104.92212	-104.14094	-826.08185	1128.18420	274.62366	-282.78879	864.87946	-125.97582	-825.47229	924.01404	429.14569	-469.46045	1015.88867	92.94206	-586.03632	992.00409	158.79370	-646.21545	948.27917	-106.24998	-349.82175	490.39511	117.88557	-785.17188	539.98560	40.17667	-299.02652	152.10822	226.69827	-748.32904	101.80453	52.79889	
155	1.540	-427.04977	1461.50415	262.33002	-538.93768	1679.01001	72.71190	-408.35349	1560.27148	80.11277	-546.33734	1553.33240	266.76382	-434.43179	1440.36755	-4.06398	-703.98627	1420.99194	177.74855	-533.96667	1305.38770	131.28177	-645.40753	1427.04834	4.34900	-319.40970	1103.09094	-99.74351	-819.10291	1127.81958	286.09634	-281.66556	863.97101	-126.36629	-816.55597	926.55048	443.35928	-462.51276	1014.18011	100.61459	-579.53906	991.60132	169.68509	-640.70227	946.46356	-97.80883	-347.80905	485.07635	121.22702	-782.99493	540.61920	44.54638	-278.05444	157.88498	240.66922	-748.81396	104.08128	58.67733	
156	1.550	-420.56461	1460.19934	272.76334	-531.53668	1676.26123	82.56222	-402.24918	1558.53589	89.10229	-539.80145	1551.02319	274.97824	-427.67126	1438.27832	3.92346	-697.08234	1418.56750	187.09267	-527.01099	1303.65088	139.13887	-639.57733	1425.55933	11.63170	-315.04999	1101.96155	-95.72911	-811.88873	1127.45142	297.10361	-279.73630	863.11298	-125.96648	-807.82007	928.82422	456.30045	-456.78625	1012.41644	108.44353	-572.98700	990.05939	177.23615	-634.50574	944.37213	-89.40621	-346.79712	481.16562	124.53745	-778.53857	540.08997	49.84880	-260.37140	165.15723	252.87323	-749.48083	103.96070	57.82541	
157	1.560	-414.39304	1457.89978	279.47394	-525.94086	1674.69861	89.95264	-396.32727	1556.84033	97.54892	-533.71832	1548.77368	283.08636	-421.64038	1436.84094	10.99980	-690.45422	1416.62964	195.14302	-520.30884	1301.91919	146.70891	-632.56189	1423.57922	20.70027	-310.48178	1099.92041	-91.38223	-804.29865	1126.83630	307.79581	-278.28525	861.20209	-126.39999	-798.79480	930.60126	469.96179	-450.41229	1010.30548	117.71508	-567.49799	988.06335	185.16058	-628.23608	942.27557	-80.22977	-344.96564	477.97342	130.32295	-774.92505	539.33154	55.72618	-244.45021	172.71935	263.43314	-748.82684	100.90302	52.12503	
158	1.570	-408.13846	1455.57715	286.68234	-518.57904	1672.46985	99.28273	-389.70660	1554.83667	105.52858	-527.92615	1546.81177	291.24780	-414.62604	1434.23840	19.74783	-683.70020	1414.60095	203.02791	-513.32184	1299.87610	154.83580	-626.49780	1421.85608	27.98061	-306.44046	1097.55225	-86.14190	-797.02588	1126.01575	317.86621	-275.07962	858.52917	-121.96346	-790.15375	932.40289	483.08243	-443.72189	1008.38953	126.77682	-560.28540	985.71790	193.62656	-621.60626	939.71460	-71.46385	-343.51752	474.03720	136.25745	-769.90302	537.58673	61.84990	-229.35161	179.72319	272.32767	-749.59906	102.35383	59.06106	
159	1.580	-400.90369	1454.14917	295.26666	-511.93671	1670.23376	108.47950	-382.97928	1553.35901	113.52153	-521.33459	1544.95300	299.35999	-407.82306	1431.53772	27.57034	-676.69141	1412.46875	210.90962	-507.23306	1297.84460	163.20268	-619.36890	1419.13196	36.51222	-302.41302	1094.72327	-80.38428	-789.14166	1124.59766	327.78351	-273.64035	855.96063	-117.85614	-781.05914	933.68561	494.95273	-438.13599	1005.69135	134.87039	-553.01056	984.35876	203.04813	-614.91724	937.52563	-62.78485	-341.11609	471.06018	142.17995	-765.63470	536.20319	69.16241	-215.72694	184.17465	283.95889	-749.48883	101.53806	59.63788	
160	1.590	-394.52942	1451.97388	301.72574	-504.40530	1668.40039	116.40370	-375.83676	1551.29163	121.81469	-514.40228	1542.78528	307.17017	-401.06311	1430.19543	35.60750	-669.82910	1410.51721	218.91731	-499.91129	1296.18323	171.32558	-612.55243	1417.09326	44.10871	-297.70889	1091.86951	-74.55449	-781.40887	1122.85889	337.16513	-270.91800	853.75275	-117.10557	-772.04059	934.62689	507.14157	-429.97354	1004.02100	143.54897	-546.42816	981.82642	210.88197	-608.65088	935.57062	-54.50309	-339.69809	467.13223	151.12077	-760.37598	534.62451	76.85194	-202.05603	189.13852	292.34720	-748.91455	98.58133	52.46465	
161	1.600	-387.76385	1450.35107	312.19113	-497.93848	1666.75769	124.47692	-368.61450	1549.65515	130.10555	-508.01868	1541.09619	315.11322	-393.68100	1427.72571	43.29001	-662.36523	1408.62317	227.20679	-493.06946	1294.03735	179.47588	-605.35260	1414.84229	52.22667	-293.40567	1088.26489	-67.31463	-773.89429	1121.41199	346.02853	-268.75119	850.53906	-114.68173	-762.44598	934.82269	517.59412	-423.34686	1001.46674	152.04681	-539.19666	980.56714	221.19568	-601.74921	932.71985	-45.49694	-335.50568	464.62579	159.02257	-756.13818	532.77814	84.68829	-189.57874	193.59666	300.63510	-749.05963	98.03201	52.12757	
162	1.610	-380.91531	1449.42029	319.97015	-490.63083	1665.23828	132.25952	-360.58261	1548.30298	139.00140	-501.26913	1539.13550	323.06784	-384.77850	1425.97302	50.88914	-654.47021	1406.34412	235.54179	-485.03763	1291.82361	187.51935	-598.09698	1412.95544	59.87911	-288.71780	1085.89441	-62.15847	-765.59521	1119.89429	354.65796	-266.57483	847.53705	-111.85993	-753.25720	935.60437	528.39740	-416.51346	999.30902	159.97612	-532.04840	978.11212	230.93550	-594.71399	930.25439	-35.97370	-328.92957	463.61209	168.07539	-750.38153	530.80005	93.56831	-176.85056	196.37758	309.26221	-749.12543	97.01169	52.10217	
163	1.620	-374.43488	1447.97937	329.38965	-483.31274	1663.54114	140.11540	-353.55704	1547.11768	146.68184	-494.19904	1537.78369	330.67880	-378.61884	1423.30469	58.70790	-647.10913	1404.57922	244.21223	-477.20163	1290.32776	195.83293	-590.56641	1411.36584	68.99590	-283.99924	1083.02441	-56.94569	-757.49536	1118.30347	363.17377	-264.04657	846.10510	-108.17856	-743.59668	935.91797	537.87671	-409.20679	997.37286	169.60638	-524.70264	976.31848	239.17924	-587.52948	928.47577	-28.43531	-319.96777	464.08038	177.58653	-744.72742	527.45630	102.30700	-165.20386	198.87231	316.78375	-749.14862	95.86066	52.68603	
164	1.630	-366.57196	1447.49866	338.10806	-473.83298	1660.62341	147.54913	-345.26349	1545.92480	155.32957	-486.94986	1536.69348	338.08063	-370.80417	1420.74194	65.78977	-639.31134	1403.09949	252.72729	-469.22791	1288.42981	204.02141	-582.74847	1409.22107	76.93356	-279.15686	1080.59351	-50.53112	-749.68390	1116.42493	371.31598	-262.50040	842.78247	-102.40079	-734.07477	935.49084	547.50385	-401.52701	995.41754	177.60840	-516.44067	973.36322	246.61847	-580.43402	925.99530	-18.69881	-310.00952	464.21878	187.64552	-738.01978	525.33923	111.26919	-153.36742	199.83337	323.94580	-749.11041	93.75123	53.08910	
165	1.640	-358.63638	1445.12463	344.13922	-467.22723	1660.38855	155.10040	-337.06552	1544.28064	163.34325	-479.02924	1535.15906	345.66101	-361.57703	1418.77771	73.25056	-631.03986	1401.60950	261.63794	-461.61826	1286.88843	212.69002	-575.01154	1407.20496	86.06731	-274.35672	1077.10278	-43.23189	-741.61414	1114.17627	379.26733	-260.46048	838.72467	-94.77460	-724.07233	935.13257	556.07843	-393.69943	993.28943	185.32867	-508.12021	971.19635	256.17999	-572.66534	924.18878	-9.22206	-299.96082	464.80374	197.28055	-732.05664	522.93970	120.95808	-142.24124	200.77319	330.26559	-749.07129	93.62577	53.29125	
166	1.650	-350.67490	1445.70178	352.27597	-459.75732	1659.26489	162.55539	-329.47736	1543.68384	170.11316	-471.73944	1534.84216	353.79971	-355.51767	1417.22949	80.78218	-622.44720	1400.45862	270.35300	-453.78235	1285.58704	221.24504	-567.56201	1406.31189	94.10457	-269.59473	1074.57983	-36.31585	-733.57910	1112.22327	386.96701	-258.41678	838.99091	-93.03387	-714.09271	934.62152	564.62024	-385.67865	991.86115	193.92659	-499.00198	969.34589	265.64594	-564.88568	921.91315	0.85171	-289.03616	464.17441	208.19713	-725.33417	520.42072	131.04431	-131.73967	200.89087	337.23410	-748.65393	92.22956	52.71666	
167	1.660	-342.68204	1445.00269	363.13000	-452.00964	1658.01697	169.61186	-320.84229	1541.40259	179.02501	-463.67822	1533.95020	361.37170	-347.60190	1415.20410	87.95470	-613.75739	1399.29956	279.15735	-444.68356	1284.12122	229.74812	-559.31036	1404.48901	102.96685	-264.46808	1072.72888	-30.09703	-727.22644	1111.24133	395.26816	-253.73473	835.94073	-86.58317	-703.25085	933.59454	571.97284	-375.86777	991.01599	201.95981	-490.20935	966.18469	274.21515	-556.68268	920.15570	11.08690	-277.85007	464.40179	217.36557	-717.54120	517.91089	142.62904	-121.36509	199.53412	343.30820	-748.51501	91.76140	54.79229	
168	1.670	-334.68024	1443.66772	367.09158	-442.85080	1656.27063	176.60986	-312.51736	1541.12573	185.90382	-455.28061	1533.19470	368.74918	-339.49777	1413.46838	96.41111	-604.01697	1396.39636	287.42993	-435.85809	1283.09912	238.04521	-551.15460	1403.54980	111.08352	-259.50836	1070.59363	-23.12211	-719.01471	1109.32251	403.64651	-252.08476	834.26312	-81.43997	-693.08856	932.34387	579.52661	-366.90244	991.03418	211.51936	-479.52780	965.10663	284.83652	-548.39325	918.74493	21.40571	-266.78793	464.00937	225.97958	-710.30353	516.55811	153.54321	-111.81829	197.79758	349.20532	-748.88379	94.34922	57.54108	
169	1.680	-326.20990	1445.16284	378.62643	-435.52051	1655.29028	183.75226	-304.35770	1539.85217	194.04666	-447.64029	1532.68213	376.03888	-331.61130	1412.76062	102.68369	-596.30560	1397.07166	296.62454	-426.75192	1282.67078	245.94725	-543.09137	1401.80676	119.40863	-253.95903	1068.24866	-15.69498	-710.75623	1107.50635	411.93280	-248.21318	831.52112	-73.18922	-682.38635	930.80212	586.95923	-357.64908	990.60974	221.15033	-469.50134	963.45288	293.74759	-539.56067	917.35522	31.52426	-255.66156	463.45111	234.98399	-702.29840	514.85449	163.25766	-102.73398	195.31274	353.30945	-748.72668	95.11282	60.51750	
170	1.690	-318.99768	1444.03699	387.01990	-425.22177	1654.35681	190.22240	-295.43188	1539.65625	201.83389	-439.30356	1532.85278	383.62704	-323.25388	1411.48438	109.13792	-586.02911	1394.95398	304.67068	-417.52988	1282.27136	254.17372	-535.49097	1401.42615	127.51627	-248.83333	1067.06653	-9.38142	-702.48834	1105.72327	419.85135	-244.76591	830.37958	-67.66257	-671.70947	929.23682	593.87817	-347.70862	990.34955	230.30037	-459.23926	963.45148	304.02530	-530.45728	916.30890	41.02818	-244.00511	460.80908	245.30823	-694.72760	513.64948	174.46179	-93.46646	192.88562	358.23782				
171	1.700	-310.51337	1444.06995	392.68320	-417.68051	1655.31909	197.66896	-287.05115	1539.19116	210.03699	-431.40613	1533.07349	390.67416	-315.37054	1411.41370	115.98726	-577.01111	1394.67407	312.84720	-407.65063	1282.09753	261.70596	-527.25299	1400.20813	135.53796	-243.43500	1065.18640	-2.40967	-694.19543	1104.33643	427.26813	-241.72202	829.52802	-57.52300	-660.89551	927.32635	600.17773	-338.37225	990.40723	240.24062	-448.76682	963.01392	313.80798	-520.78528	915.91241	49.52388	-233.32422	458.13177	254.69525	-686.27332	511.78766	183.37277	-86.16023	188.33240	362.76749				
172	1.710	-302.19354	1445.07764	403.83896	-407.96930	1656.01941	205.37349	-278.13507	1539.90894	217.60432	-423.00623	1533.88757	397.94724	-307.13113	1411.54272	122.42909	-568.50256	1394.94751	321.57397	-398.65796	1283.12683	269.61084	-518.38831	1399.86951	144.41394	-238.29770	1064.38440	4.96400	-686.14319	1103.87170	434.92569	-237.99078	826.04572	-46.16175	-650.19745	925.69940	606.40112	-327.20947	990.77905	250.42503	-439.25864	962.74585	324.22720	-511.20544	917.23541	57.72523	-221.16432	455.55527	263.20667	-676.37073	511.35800	194.83511	-78.87411	183.88731	367.08795	-748.10223	102.26411	69.11629	
173	1.720	-294.28583	1445.74170	406.99564	-399.23410	1657.35083	213.19249	-269.28448	1540.67737	225.43980	-414.51474	1535.90381	406.08313	-298.97165	1411.99658	129.03468	-559.51727	1395.38391	329.99402	-389.36026	1284.23730	278.51108	-509.93027	1400.29260	152.75163	-232.41487	1063.87524	13.47836	-677.51147	1103.27698	441.65179	-233.26279	827.01056	-44.53502	-639.39685	924.07300	611.33496	-317.34937	991.02643	259.61041	-429.09003	963.13824	333.82062	-499.90018	916.54474	67.39754	-212.38782	453.73566	271.25687	-664.92224	509.60193	204.15112	-72.39815	178.10732	371.55823	-745.33563	107.31868	73.13583	
174	1.730	-285.19937	1446.84961	416.41940	-390.01395	1658.87012	220.72073	-260.64563	1542.38367	232.87059	-405.93500	1537.81873	413.57300	-290.67331	1412.71912	135.92529	-550.82129	1398.21240	339.27090	-379.88892	1286.13416	286.93985	-501.25241	1400.77417	161.10004	-226.81895	1064.11121	20.17702	-668.75488	1103.45715	448.28677	-228.03577	826.76422	-34.10169	-628.87683	922.68921	615.92065	-307.74258	991.17743	268.55252	-420.80011	963.27844	343.33566	-488.54675	917.31543	77.09161	-204.06415	452.75369	279.01221	-655.22046	510.11563	215.11514	-66.07494	171.55968	376.75333				
175	1.740	-277.09702	1449.65698	425.22925	-381.15198	1660.21436	227.94466	-251.66623	1543.40991	240.67044	-396.65280	1539.69080	421.05566	-282.84024	1414.08972	142.60509	-541.65442	1399.79407	348.58902	-370.74756	1287.84460	295.80051	-493.20013	1402.01782	169.98508	-220.92451	1065.24463	27.27258	-659.97217	1103.00403	454.52393	-224.48785	825.20807	-30.72657	-618.09662	921.18323	619.94415	-298.75671	992.11908	278.68143	-411.16055	963.70874	352.24963	-478.53085	918.70880	86.05551	-195.32228	452.91855	283.76379	-643.67950	510.53754	224.70265	-60.51157	165.53043	380.26157	-736.55316	113.47985	83.43954	
176	1.750	-268.68561	1450.55762	430.80695	-372.33896	1661.76831	235.02144	-242.87938	1544.97522	248.29417	-388.91562	1541.55444	428.39511	-275.19431	1415.49780	149.61882	-532.03851	1401.80139	357.55978	-361.53204	1290.21948	304.55704	-485.15552	1403.22693	178.28667	-214.30551	1065.93311	34.71326	-652.56195	1103.71326	460.52698	-217.34518	827.00592	-14.90774	-607.51434	920.42645	622.61090	-289.87332	993.62164	286.99640	-401.41510	965.16907	360.50171	-468.93491	920.02112	94.66872	-187.33531	454.72968	289.34415	-631.89026	510.65250	236.58588	-55.58258	158.59824	383.51743	-732.47711	118.39526	90.29306	
177	1.760	-260.27948	1454.39905	440.27734	-363.47092	1663.07788	242.07426	-234.42160	1547.47986	256.28711	-380.88831	1543.34167	435.40100	-267.37811	1417.36218	156.11778	-522.48743	1403.75281	366.47910	-351.47574	1292.40625	312.58447	-476.94736	1404.56274	187.10738	-208.47488	1067.43396	42.37830	-644.45874	1104.12219	466.60870	-211.00322	829.59900	-6.55870	-596.86670	920.36786	625.13715	-280.00571	995.33118	295.08966	-391.85135	967.33649	369.43506	-460.32080	921.41357	103.81186	-179.12976	457.06369	294.39264	-620.31226	511.90060	248.07320	-51.83564	151.80878	387.42899	-727.34137	124.51353	98.73230	
178	1.770	-252.37015	1456.61011	450.99271	-356.09708	1664.64063	249.24580	-225.49568	1549.62378	264.23465	-372.63766	1544.76990	442.53238	-260.14520	1419.60339	163.43245	-512.95990	1405.69238	375.15182	-341.65414	1294.36328	320.55310	-469.04938	1406.29321	195.56412	-201.92415	1069.17419	50.69272	-635.75085	1104.36047	472.51212	-204.02164	831.17310	3.34024	-585.61688	919.33447	627.10651	-272.45435	997.66058	302.84210	-382.22095	969.31146	378.03888	-452.08881	923.27814	112.83961	-171.36769	459.92316	299.71765	-607.56506	512.88641	259.97516	-49.15371	146.20505	388.61481	-722.28094	129.63120	108.22191	
179	1.780	-243.39650	1458.02344	454.68823	-347.41971	1666.17822	256.27725	-216.62154	1551.47180	271.92084	-364.70468	1546.90686	450.04526	-252.76884	1421.67346	169.91722	-502.74692	1406.28821	383.66049	-334.15714	1295.22546	324.74393	-461.16711	1408.12781	204.19954	-195.05745	1070.97363	59.51235	-628.04181	1105.55811	478.33655	-196.87477	832.85480	13.24434	-575.36530	919.33099	628.89252	-263.11234	1001.14423	309.26569	-372.54318	971.81531	386.02417	-444.57056	924.70343	121.84689	-163.45679	461.97903	304.87500	-594.27576	514.05457	272.79831	-48.41545	141.38934	390.03333	-715.30261	137.32286	120.17699	
180	1.790	-234.86644	1461.37280	463.53107	-339.12390	1668.28015	263.11630	-208.27997	1553.82361	278.96851	-356.95013	1549.17798	457.42465	-245.62254	1423.48840	176.72920	-494.21063	1408.52539	392.87848	-325.14572	1297.73840	332.44174	-454.12524	1410.07251	212.15552	-188.47159	1072.32214	68.28654	-619.97876	1106.23853	483.36130	-189.28864	833.71210	24.96572	-564.74603	918.72552	630.38953	-253.74471	1004.69659	316.65091	-362.15314	974.15820	394.08569	-437.64368	926.70398	129.18349	-155.05605	464.55359	311.14343	-581.38287	516.02429	285.96613	-48.53714	137.61151	390.66559	-706.90820	146.55566	132.19353	
181	1.800	-226.39734	1463.66345	472.38159	-331.85962	1669.92700	270.37463	-200.76390	1555.90173	286.48730	-348.39923	1551.61169	464.98639	-237.78297	1425.47107	183.86403	-484.96259	1410.31543	400.66638	-316.69135	1299.26526	340.58414	-446.32446	1411.62878	220.76285	-181.35095	1073.79871	76.98123	-613.32465	1108.04663	489.99762	-181.05376	835.85516	34.06643	-555.09253	917.62335	631.42963	-245.09117	1006.88544	324.04880	-352.51050	977.06287	402.34302	-429.72043	927.58472	138.40019	-146.27345	467.34921	316.85782	-567.33008	516.13287	299.77002	-49.73455	134.89323	391.18744	-696.67340	156.04356	145.12582	
182	1.810	-218.73810	1465.71484	477.36368	-324.77512	1671.49976	277.67328	-192.57286	1558.06335	294.06293	-340.32437	1553.80737	472.37363	-230.67906	1427.40271	191.19934	-476.89700	1412.41382	409.04114	-308.34528	1301.79712	348.12933	-438.93338	1413.76001	228.83607	-173.92830	1075.23767	85.20480	-605.26483	1108.92480	494.87018	-172.09291	835.38873	48.87887	-545.59802	916.27502	632.45642	-236.00401	1009.53949	329.75922	-343.20590	978.91675	408.24692	-423.13300	929.16803	146.50192	-137.53372	469.64957	321.39758	-552.65302	516.41742	310.78299	-51.72295	132.41536	391.17407	-685.20959	165.39479	158.59676	
183	1.820	-210.63635	1468.49731	487.15717	-316.10403	1673.27917	284.74127	-184.62628	1560.13074	302.30402	-332.08643	1555.71448	479.76901	-224.05688	1428.96606	198.46269	-468.73129	1414.77100	417.05246	-300.73978	1304.05127	355.30954	-431.71243	1415.92798	236.38075	-166.22673	1076.81885	94.66927	-598.48059	1110.33740	500.37045	-163.21788	837.60266	61.37185	-536.41302	915.16559	632.72498	-227.65399	1011.62579	336.63623	-334.79846	981.34351	415.76178	-417.03809	930.89899	155.14595	-133.06136	470.63013	325.87283	-537.55292	515.79376	324.53250	-53.98839	130.67389	390.57922	-673.47070	174.46495	170.66209	
184	1.830	-203.21376	1470.80249	493.36716	-309.33038	1675.72241	292.17413	-177.39088	1562.23853	308.77115	-325.55170	1558.12268	487.61325	-216.82591	1431.14258	205.49068	-461.75638	1417.08386	425.18988	-292.61295	1306.44702	363.20273	-424.20639	1417.77258	244.66876	-156.72176	1078.12012	104.11861	-590.51575	1111.48523	505.81271	-152.10428	839.17767	70.53987	-527.47504	912.96753	633.51416	-218.58797	1014.05054	343.33704	-325.28461	983.14288	422.81845	-410.28836	932.44489	163.42383	-125.43291	472.50952	328.49951	-522.99249	515.38568	338.68961	-58.13052	127.43320	392.29437	-658.34174	182.36227	186.59853	
185	1.840	-194.89073	1473.24670	501.25818	-301.17606	1677.26074	299.58939	-170.75272	1564.13782	315.62613	-317.66376	1560.25940	495.19177	-209.94106	1433.23083	212.78394	-453.90033	1418.94519	432.88174	-284.97461	1308.56250	371.47232	-417.42587	1420.14551	252.30009	-147.80928	1080.50415	112.81525	-583.13391	1112.74133	510.89484	-143.02885	840.43781	84.06413	-519.62744	911.36206	633.80597	-211.90009	1015.52991	349.38757	-317.69077	984.75824	429.03561	-403.69113	934.25421	171.72131	-118.06483	473.96362	331.38422	-507.71307	514.10638	352.66580	-58.77007	127.58872	390.89734	-643.60913	190.53661	201.50031	
186	1.850	-188.15215	1475.58691	508.90018	-294.88626	1679.61865	307.50848	-163.47163	1565.95459	323.87466	-309.33240	1562.44287	502.70831	-203.08952	1434.94189	220.64061	-447.32660	1420.95898	440.44827	-278.02151	1310.92065	379.71417	-410.31085	1422.08594	259.92746	-138.67557	1082.11609	121.73940	-575.47424	1113.77014	515.79449	-132.34372	842.01483	92.83662	-511.27863	909.32733	633.56488	-204.28999	1017.41010	356.40891	-309.85056	986.61426	436.43179	-397.40964	936.08496	179.36105	-110.79460	474.65225	332.82117	-492.75198	513.38965	367.42581	-63.58205	126.38884	391.00641	-628.28735	198.61694	216.03644	
187	1.860	-181.19781	1477.49377	517.78088	-287.95938	1681.71643	315.17773	-156.55055	1567.85559	330.67789	-302.08893	1565.11853	510.80136	-195.73912	1437.11560	228.29977	-440.83896	1423.34021	448.63815	-271.36847	1312.79858	387.70148	-403.99020	1424.47583	267.81305	-128.62787	1084.46191	130.09929	-568.46588	1115.02380	520.54163	-120.47193	843.82550	107.49388	-504.75964	907.09344	632.87909	-196.62866	1019.58972	363.61646	-303.17581	987.98517	443.33780	-391.00479	937.83948	186.68614	-102.83512	474.12054	333.89655	-477.13940	512.59320	382.48636	-66.88737	125.62780	390.19727	-612.62231	206.74721	232.00522	
188	1.870	-174.00066	1478.74988	523.56323	-280.82138	1684.17139	322.74579	-149.94048	1569.49231	338.38300	-294.75424	1567.18774	518.46735	-189.76433	1439.32007	236.20193	-433.70270	1424.88403	456.00427	-263.39114	1315.32495	395.79608	-396.89987	1426.40393	275.46661	-119.26830	1086.88794	138.62228	-561.44086	1115.55603	525.34271	-109.40319	845.08093	118.69836	-498.07718	904.85229	632.78784	-190.24411	1021.78503	370.99243	-295.38120	990.51111	451.92114	-384.38071	939.60028	194.50055	-96.18079	474.41772	334.87314	-461.78012	512.48993	398.33139	-70.77341	125.49008	388.06027	-596.14966	213.74670	247.69737	
189	1.880	-166.96185	1480.67883	532.58508	-274.49057	1685.96924	330.85846	-143.54935	1571.64636	345.49588	-288.35638	1569.07251	526.53809	-182.75562	1440.80591	244.04713	-427.91339	1426.81567	464.15460	-257.63651	1317.08777	404.07169	-390.49631	1428.82019	283.16022	-109.02498	1089.32507	147.49054	-555.15338	1116.69189	530.08594	-97.90312	848.16437	131.73866	-491.30206	902.37299	632.05139	-183.13876	1023.45776	377.35822	-288.06915	991.87439	459.56537	-378.11792	941.82495	201.36993	-89.68829	475.15860	335.73450	-446.64334	514.08002	415.78650	-74.12370	125.19534	386.43631	-579.19550	219.75702	264.41721	
190	1.890	-160.33264	1481.46057	536.61243	-267.25952	1687.77283	338.38464	-137.13371	1573.58594	352.34222	-281.18491	1570.54810	533.92004	-176.50774	1443.13464	252.01712	-421.59943	1428.73010	471.76257	-250.93347	1319.56543	412.05804	-383.72937	1430.66516	290.57837	-98.19344	1091.76147	156.93988	-548.94342	1117.62463	534.35968	-85.87486	850.28656	145.23004	-485.32248	899.77051	631.77887	-176.48256	1025.31189	384.52954	-281.77078	993.92523	466.00418	-371.43091	944.33990	208.17279	-83.60382	475.62949	336.84280	-430.66861	515.25775	433.37305	-77.66263	123.78038	385.10086	-560.41132	226.09978	281.29800	
191	1.900	-153.42712	1484.44592	548.10822	-261.41827	1689.82202	346.30972	-130.30971	1575.49719	360.52322	-274.91608	1572.23523	541.80719	-169.74597	1445.02466	259.91983	-414.93683	1430.65405	478.97858	-244.92812	1321.23840	419.81473	-377.25455	1432.86707	297.76291	-88.90932	1094.88513	165.87814	-542.55603	1118.26587	538.53204	-73.08581	852.44897	158.15787	-480.49741	898.04590	630.24799	-169.85770	1027.30469	392.24875	-274.93811	996.06494	474.51981	-364.69601	946.46637	215.12003	-75.80633	476.81232	337.97784	-412.52472	518.69879	452.13263	-81.16148	122.40594	382.88205	-543.16638	231.70253	299.39508	
192	1.910	-146.98595	1485.42505	552.04944	-255.05286	1691.92896	354.24088	-124.04890	1577.56177	368.18176	-268.35059	1573.77832	549.40448	-163.13185	1447.86646	267.08374	-409.00528	1432.03040	486.02747	-238.43652	1322.84497	426.13437	-370.82028	1434.73840	305.20224	-78.33528	1097.52527	175.78471	-536.69141	1119.32471	542.43750	-61.33281	855.09943	172.08215	-475.59601	895.52179	629.58063	-163.44005	1029.64185	399.28140	-269.13284	997.72467	480.82016	-358.02844	948.26685	221.76778	-70.91159	476.48355	338.74054	-394.60815	523.52441	471.67969	-84.10350	121.75797	380.24738	-524.21729	237.29004	318.30075	
193	1.920	-140.72148	1487.23792	560.40594	-248.64462	1694.00220	362.13962	-117.39236	1579.35608	376.77200	-262.18954	1575.21851	557.06573	-156.70352	1450.38513	275.04111	-403.78107	1433.84766	493.47821	-233.08311	1324.61755	433.23425	-364.20074	1436.58765	312.38684	-68.45834	1100.53650	186.14145	-530.46100	1119.93152	545.76599	-49.64881	858.15906	185.70837	-470.97546	893.59644	628.42810	-157.74469	1030.16614	406.21445	-262.67096	999.74518	490.18231	-351.63507	950.79474	228.57745	-66.79525	475.87836	339.34564	-377.32346	528.82477	491.38278	-87.51335	120.19669	378.29004	-504.65323	242.47758	337.95724	
194	1.930	-134.29489	1488.43640	569.13452	-242.16090	1695.88794	370.39136	-111.07729	1580.85315	384.45544	-255.54645	1576.41309	564.54779	-150.49295	1451.81042	283.20773	-397.52014	1435.13074	500.63803	-227.46184	1326.38135	440.06754	-357.67981	1438.18958	319.59430	-58.94978	1103.06982	197.03476	-525.01733	1120.65149	549.93652	-37.83887	862.38135	197.32295	-467.14328	891.42078	627.59174	-151.61397	1031.79565	413.74887	-257.15558	1001.91962	497.17816	-345.25031	952.66699	235.27391	-62.49377	475.39102	340.47339	-359.44031	534.19238	511.14966	-89.87036	119.37416	375.46405	-482.71497	247.17821	357.30756	
195	1.940	-128.69818	1488.82373	575.23535	-235.80867	1697.35718	378.61807	-104.64644	1582.78040	392.19330	-249.70926	1577.09241	572.35461	-144.01874	1453.67664	291.11404	-391.65741	1436.53857	507.77939	-221.79663	1327.80566	447.11084	-351.06857	1439.79590	326.70801	-49.23921	1105.84180	208.47772	-518.39270	1120.79626	552.36969	-25.75016	865.55273	210.75441	-463.45850	889.81927	625.87280	-145.33893	1033.65942	421.98553	-251.62790	1004.26624	504.28714	-339.10440	954.51965	242.66519	-58.83785	474.60742	339.86487	-342.75644	540.33862	530.70123	-92.82671	117.53587	372.62375	-461.50925	251.03020	377.70956	
196	1.950	-122.68568	1490.49768	584.77850	-230.09302	1698.82568	386.67102	-98.32253	1584.30713	400.38547	-244.03328	1578.41467	580.33484	-137.79024	1456.48340	298.73022	-386.03439	1437.65588	514.81543	-217.04582	1328.98596	454.03952	-344.53030	1441.57385	333.94312	-39.72330	1109.17126	219.62560	-512.70410	1121.56580	555.59552	-13.22364	869.15552	223.31984	-459.56888	887.37878	624.35858	-138.70752	1035.43933	429.28082	-245.72739	1005.69379	511.64548	-332.79736	955.90619	249.46692	-55.33224	474.25317	339.47379	-325.35010	546.62262	550.58551	-96.24148	117.17902	371.20984	-440.13547	254.18280	398.83060	
197	1.960	-116.75853	1491.25696	592.46716	-223.97646	1700.28699	394.66272	-92.21927	1586.35571	408.92419	-238.27737	1578.84399	587.95654	-131.20103	1458.27893	307.04645	-380.37363	1438.68835	521.46320	-211.15440	1330.09204	461.16602	-338.01428	1443.03650	341.17429	-31.04934	1111.35144	231.01160	-507.18628	1121.93811	558.66919	-0.83994	871.87012	238.38084	-455.38190	884.86078	622.14471	-133.01485	1036.57263	435.82404	-239.97647	1007.01801	518.45215	-326.59921	957.55731	256.17493	-52.56485	473.53036	339.36487	-309.40512	554.57471	568.08240	-96.60432	117.35543	366.18741	-418.99356	257.48172	420.51187	
198	1.970	-110.86870	1491.67957	597.88000	-217.88548	1701.64624	403.03217	-86.37080	1587.78650	416.21835	-232.46799	1579.85852	595.74921	-124.72302	1458.64734	315.76019	-375.10352	1440.07922	528.90521	-205.77988	1330.63416	468.02100	-331.42352	1444.36902	348.16608	-21.95916	1114.40820	242.91893	-501.59363	1122.15137	561.26013	12.03403	875.15454	251.28018	-453.02539	883.54810	621.35059	-127.80775	1038.10364	443.33112	-234.14798	1008.42676	525.28796	-320.95026	959.13800	263.46582	-50.75985	473.39484	338.14703	-294.37259	563.15228	583.59338	-98.67072	118.12685	363.20276	-397.96405	260.12366	442.60873	
199	1.980	-104.94386	1493.22266	607.40253	-211.60570	1702.81091	411.32230	-80.06272	1589.35913	425.11050	-227.64081	1580.65442	603.56055	-117.93237	1461.03113	323.68253	-369.48236	1440.99268	535.57806	-199.71280	1332.04785	475.49704	-324.73737	1445.43298	355.05801	-12.62229	1116.12549	255.82420	-495.98624	1122.67053	563.83557	23.69185	877.90027	264.85788	-450.94876	882.28320	620.47113	-121.71847	1039.26868	450.56284	-228.67477	1009.63300	532.12128	-314.92010	959.78632	270.55591	-49.37632	472.91882	336.97571	-278.10672	571.49524	599.02826	-99.58897	118.60335	358.97012	-375.56842	260.70587	463.88327	
200	1.990	-99.42250	1494.02783	615.79059	-206.02609	1703.94580	419.51968	-73.70070	1589.69495	434.12665	-221.99988	1581.09302	611.26373	-111.25847	1462.17822	332.02548	-364.16626	1441.70032	542.39624	-194.09312	1333.30066	482.63132	-318.29044	1446.34802	362.35489	-3.47971	1118.09167	266.77118	-490.42715	1123.04395	566.39954	35.62296	881.01349	276.25504	-448.00897	880.52411	619.76251	-116.42849	1039.54883	458.22107	-223.82605	1010.86194	539.88220	-309.21979	960.99323	277.73251	-47.84126	472.04990	336.88474	-262.95578	579.94067	613.79523	-100.70962	118.46631	357.64227	-355.14725	262.23172	486.03171	
201	2.000	-94.74944	1493.90771	622.45392	-200.15582	1704.66492	428.05991	-67.49941	1591.10645	442.67148	-216.48055	1581.42212	619.37201	-104.67365	1461.95093	340.64056	-359.44205	1443.75403	549.62091	-188.30908	1333.75879	489.82291	-311.54312	1447.36230	369.31561	6.23523	1120.11926	278.79663	-484.68423	1123.30273	568.89655	48.25059	883.86108	290.54449	-446.27618	878.88593	618.48370	-110.85824	1040.82336	467.17163	-218.70432	1011.18622	547.31067	-303.43320	961.42450	284.94397	-47.00219	471.73114	335.06366	-246.80640	587.94141	627.21576	-102.14485	117.98454	355.26489	-335.09384	260.94495	508.85699	
202	2.010	-88.30681	1494.31567	632.20172	-193.72859	1705.55847	436.14307	-61.57016	1591.70789	450.95996	-211.13336	1581.69849	627.22302	-98.25369	1462.73047	349.47653	-353.95230	1444.58960	556.14368	-182.93501	1334.15442	497.97720	-304.76785	1448.09314	376.25739	16.09634	1121.88794	289.49301	-479.03964	1123.39526	571.31152	59.69362	885.51318	302.65204	-443.30661	877.46802	616.52161	-105.53004	1040.83252	474.05121	-213.51498	1011.91266	554.60205	-297.87033	962.04364	292.21521	-46.74389	471.55984	333.92346	-232.16386	595.42078	639.17371	-102.99403	117.48013	354.28738	-314.32880	260.26581	530.82501	
203	2.020	-82.92488	1494.45105	640.40210	-187.75784	1705.84863	444.50970	-55.52784	1592.71582	459.07501	-205.64331	1581.72766	635.03351	-91.66726	1463.21423	358.24515	-349.03351	1445.01404	563.31885	-177.33264	1334.27795	505.64539	-298.21674	1448.84216	383.52316	25.75115	1123.15833	300.96368	-473.15088	1123.04407	573.66846	72.06956	887.65741	315.51605	-441.87244	876.24927	616.50763	-99.94775	1041.42554	480.66223	-207.67642	1012.10870	561.82611	-292.19141	962.39539	299.56299	-46.30362	471.02100	333.43738	-218.41238	603.36725	650.64801	-103.10079	116.49516	351.09198	-292.72580	257.62344	552.59973	
204	2.030	-77.69926	1494.13684	647.21191	-181.79517	1706.30420	452.90738	-49.62909	1593.32678	466.81311	-199.62399	1580.93921	643.42865	-84.94814	1463.53149	366.96381	-343.81680	1445.51331	570.23993	-172.24443	1334.90686	514.33972	-291.52182	1449.19312	390.46683	35.55743	1124.71851	311.75388	-467.86554	1122.74084	575.84979	84.03027	889.56616	327.85495	-439.38184	874.75745	615.21204	-94.38247	1041.35059	487.72919	-202.18913	1012.25848	569.06262	-287.18671	963.05823	307.43018	-45.70652	470.24234	331.09238	-205.07272	609.99146	661.63611	-103.53316	115.46680	348.56335	-271.32608	254.57246	574.86871	
205	2.040	-72.32896	1494.76868	658.40747	-175.28207	1706.36414	461.23782	-42.95102	1593.72876	476.38998	-194.08441	1581.09473	651.36475	-78.05460	1463.89209	375.17081	-338.58572	1445.67834	577.05109	-165.81046	1335.88782	522.38629	-284.92438	1449.70056	397.64368	45.62136	1126.02197	323.57831	-462.65262	1122.78687	578.28674	96.21228	891.13611	341.97369	-437.91837	873.53296	614.63635	-87.87440	1041.27686	495.99921	-196.82774	1013.14215	576.78766	-282.07413	963.54431	315.34607	-46.10514	469.84622	330.22241	-192.80569	615.77222	671.00232	-103.15570	115.82325	347.03000	-250.14052	250.64003	596.92267	
206	2.050	-66.54025	1493.92395	665.21191	-168.80843	1706.52429	469.67905	-37.20525	1593.35168	484.77484	-188.84744	1580.90881	659.36047	-71.31027	1463.78833	383.93915	-333.22156	1445.73608	583.80072	-161.72499	1335.33301	529.46661	-278.18307	1450.22107	404.80502	55.19614	1126.85376	335.46912	-457.13617	1122.55701	580.25201	107.21394	892.17120	355.30313	-435.02078	872.27356	613.39545	-82.83247	1040.67090	503.48962	-190.90981	1012.73975	584.31519	-277.03970	963.79376	322.60837	-45.71408	469.99701	330.68890	-180.81671	618.85211	677.84241	-103.41047	115.30801	345.68787	-227.23167	243.89441	619.44342	
207	2.060	-62.00248	1493.22717	672.63171	-163.38210	1706.71899	478.39850	-31.03892	1593.63782	493.83505	-183.47844	1580.67285	667.54059	-64.67800	1463.86511	392.84933	-327.96332	1445.99585	590.48297	-154.67790	1336.53918	539.31500	-271.86569	1451.04626	410.07040	64.64730	1127.48181	346.44476	-452.18713	1122.76160	582.87799	118.61059	894.19763	366.31201	-434.25388	871.81830	613.76874	-76.69654	1040.46301	510.99887	-185.40538	1013.20642	591.90704	-271.47723	963.80280	330.35181	-45.74363	469.65610	331.96774	-172.16447	624.61877	689.12762	-103.13277	115.28977	343.71841	-206.32906	239.19142	642.44525	
208	2.070	-56.33057	1492.83679	683.17883	-156.06619	1706.40942	486.79581	-23.03219	1592.67224	503.40228	-178.49521	1580.17688	675.63397	-57.78671	1463.66541	401.68082	-322.91641	1445.85925	597.42804	-150.34029	1334.91711	546.42328	-264.67770	1450.34216	418.97995	74.53946	1127.98218	358.52701	-447.06244	1122.76245	585.43365	129.73497	895.01929	380.76266	-431.01871	870.70691	612.64282	-70.79696	1040.29248	518.47858	-179.79086	1013.09180	599.45160	-265.79086	963.90808	338.32935	-45.73513	469.27707	333.63458	-163.26306	627.67822	694.63422	-102.80812	114.94880	342.12195	-183.17653	233.04143	663.59650	
209	2.080	-50.92114	1492.10425	690.49457	-149.91437	1706.38562	495.53741	-17.25001	1592.01794	512.53784	-173.63914	1579.43945	683.77277	-51.11930	1463.20874	410.59958	-317.62344	1444.04211	603.68384	-144.07872	1334.81262	554.97882	-257.98010	1450.38525	426.38809	84.00755	1128.35522	370.24832	-442.40491	1122.48462	588.01923	141.59758	896.15991	395.12860	-430.55893	870.38861	613.44440	-64.12648	1040.25256	526.54315	-173.40897	1013.12000	607.11707	-260.51208	963.68958	346.34317	-45.66006	469.71054	335.40167	-154.82649	629.23303	699.98730	-101.75909	114.59743	341.01270	-161.66977	226.10577	685.60229	
210	2.090	-46.38334	1490.78809	697.94666	-143.21971	1706.28760	503.93146	-11.29853	1592.27344	520.41638	-168.39957	1578.55798	691.88727	-44.14309	1462.40112	418.93503	-311.66992	1443.37292	610.55743	-138.51288	1334.03455	562.43768	-251.20195	1450.14490	433.73303	92.40322	1128.72546	381.59238	-438.03067	1122.51160	590.76831	151.52139	896.77783	407.03268	-427.62610	869.28741	613.15009	-59.04441	1039.56128	533.14142	-167.93645	1013.12421	614.77814	-254.69206	963.44159	354.20053	-46.81252	469.29639	337.52429	-146.36575	628.73181	705.53625	-101.10627	114.27164	339.44583	-139.84224	218.51355	707.26440	
211	2.100	-40.68408	1489.93152	707.64740	-137.26747	1705.49475	512.50195	-5.41672	1591.80334	529.69983	-163.18825	1577.53870	700.13550	-37.40031	1462.16113	428.12640	-306.81741	1444.68982	618.12036	-132.96259	1333.37537	570.10156	-244.57986	1449.97522	441.19550	101.91878	1128.76855	393.71890	-434.27228	1123.06494	593.81439	162.58469	896.81592	418.96466	-425.30002	868.80957	612.28070	-53.11098	1039.16748	540.86121	-161.87395	1013.35962	622.71289	-248.73288	963.20697	361.97784	-46.79468	469.32773	341.48074	-139.32805	627.46112	710.92181	-99.86760	113.70888	338.27295	-118.03772	210.61890	729.23688	
212	2.110	-36.12585	1489.65308	717.44196	-130.81268	1705.15918	521.09155	0.55248	1591.23511	538.60425	-157.84085	1576.93799	708.21533	-30.59554	1461.56970	436.83264	-301.24057	1442.62073	624.91034	-126.89115	1332.62207	579.32306	-237.36104	1449.59961	448.08569	110.79578	1128.75073	405.45895	-429.32169	1122.85217	597.02124	174.34340	897.73438	434.11334	-422.85117	867.64410	613.12714	-46.80851	1039.42993	549.27795	-155.90317	1013.39484	630.91815	-242.53348	962.20465	370.16431	-46.44060	469.56931	345.13388	-132.49142	624.53577	716.28625	-99.02763	113.90752	336.63943	-96.53523	203.60155	751.19647	
213	2.120	-31.00103	1487.54016	723.03882	-124.90776	1704.10962	529.52264	7.28064	1590.35229	548.65979	-152.48569	1575.38391	716.21533	-23.75554	1460.77820	445.72537	-295.78793	1441.78369	631.98932	-121.18341	1332.79236	588.21936	-230.72705	1448.74609	455.69244	119.21458	1128.69250	417.91864	-423.40009	1121.68018	600.48273	182.67854	897.97009	445.74554	-421.17426	867.50183	614.36310	-40.99239	1038.60413	557.58832	-149.73761	1013.19745	639.23279	-236.24730	961.62964	378.63580	-45.71017	469.47986	349.36087	-126.49853	620.27142	721.18750	-97.88404	113.34704	335.90680	-73.29288	195.89751	772.39746	
214	2.130	-26.19734	1486.91479	736.88568	-118.45209	1703.45398	538.13153				-147.80223	1574.58704	724.33423	-16.66381	1459.86804	454.46881	-289.55869	1440.77893	639.10669	-115.52525	1331.44312	595.49139	-223.79317	1448.11499	463.00110	127.47584	1127.94080	430.38794	-419.32813	1121.66003	604.01648	192.25098	898.46735	458.43280	-418.80847	866.62000	615.65369	-34.88499	1037.61401	565.24786	-142.70377	1012.48248	647.07733	-230.07317	960.81342	386.77161	-45.06543	469.83289	353.58868	-121.69823	614.65198	725.56396	-97.21957	113.48324	335.68423	-51.15444	190.35449	790.79773	
215	2.140	-20.65670	1486.31787	745.11060	-112.99236	1702.61646	546.52704				-142.01231	1572.99133	731.66644	-9.90180	1458.84058	463.35681	-283.83829	1439.85657	646.45642	-109.15524	1330.34192	604.55084	-217.06807	1447.01062	470.58737	135.95195	1127.85303	442.24893	-414.52005	1121.28210	608.30695	201.86934	897.17401	470.49335	-416.46191	866.17621	617.34290	-28.89439	1037.23853	573.13074	-136.93523	1012.81085	655.33801	-223.48969	959.53839	395.37253	-43.22743	469.27383	358.56143	-117.70596	606.64209	729.15704	-95.75696	114.00513	335.63861	-28.46203	187.44269	812.84686	
216	2.150	-16.76827	1484.38171	753.83795	-107.00108	1701.36621	555.02936				-137.53754	1571.26221	739.64331	-2.84776	1457.57178	472.10272	-278.13199	1439.04089	653.90936	-103.60242	1329.43140	611.88269	-210.05455	1445.96777	478.14200	143.59808	1127.35864	453.67169	-409.46799	1121.11902	612.25244	211.55566	898.27362	483.17371	-413.48022	865.47119	619.26447	-22.98190	1036.35168	582.89862	-130.62282	1012.34479	664.19055	-217.05415	958.50739	404.13333	-41.40232	469.00366	364.11206	-115.47278	597.91400	731.61017	-94.86993	114.68831	335.33585	-7.36012	184.48714	830.16852	
217	2.160	-11.51509	1483.79858	763.33698	-100.84520	1699.77124	563.23633	32.05409	1585.51880	583.95197	-132.89575	1569.56165	747.80304	5.14340	1456.19409	481.01285	-272.10117	1437.51794	661.26337	-97.20927	1327.71875	620.98376	-203.37633	1444.44653	485.76059	151.58540	1126.22632	466.37473	-404.61981	1120.14014	616.75513	219.96512	898.01111	497.96213	-410.87390	865.04260	621.11774	-16.11104	1034.88293	590.88568	-123.78741	1011.02289	672.98389	-210.83270	956.73712	413.11212	-39.50427	468.56067	369.46671	-116.01260	588.91168	733.98645	-93.37389	114.66534	335.96570	12.85934	186.85265	849.94562	
218	2.170	-6.38720	1481.76624	772.51569	-94.98529	1698.56079	571.00708	37.61317	1584.89893	594.06317	-128.22684	1568.55750	755.82031	11.52949	1454.58777	490.34299	-266.49451	1435.86206	668.86371	-91.01871	1326.58362	628.83557	-196.78783	1442.94385	493.55072	159.30008	1125.65906	477.11292	-399.60464	1119.62000	621.60968	228.57202	897.84998	510.56757	-407.63461	863.57196	623.83722	-8.98878	1034.51367	600.13818	-117.09960	1010.17834	681.84473	-203.99466	954.41888	422.12549	-36.66549	467.63895	374.84229	-117.18786	579.75659	735.35504	-92.10140	114.52855	336.80338	30.04753	191.26363	867.45337	
219	2.180	-2.54246	1480.75781	780.35846	-88.05772	1696.80237	579.33148	43.30968	1583.83447	601.73285	-123.43508	1567.11450	764.01447	17.79722	1453.23572	499.05435	-260.54340	1434.54297	676.43860	-84.95653	1325.29150	637.15350	-189.96674	1441.14917	501.17856	167.41219	1124.52319	490.11835	-394.16971	1117.98950	626.66504	238.07573	896.55615	523.62390	-404.39383	863.01453	626.44562	-2.34668	1033.02917	608.96179	-110.22180	1009.09656	690.84686	-197.15193	952.40082	431.50098	-33.85270	467.61185	380.18857	-118.60933	570.67291	736.29584	-90.29433	114.95680	337.36734	44.93101	198.77182	884.33142	
220	2.190	2.47955	1479.75012	789.54840	-80.04192	1693.47351	587.70270				-118.84785	1565.42126	772.27118	24.49446	1451.62122	507.83267	-254.18034	1432.87097	684.34778	-78.69025	1323.62292	645.51978	-183.31351	1439.53320	509.18393	174.44031	1123.42773	501.75107	-389.42310	1117.38489	631.81647	244.21284	894.41986	535.43640	-400.58307	861.69537	629.74170	3.80558	1031.54041	617.87732	-103.08121	1007.27380	700.10663	-190.27377	950.30615	440.48495	-30.51632	466.99048	385.55548	-120.35093	562.72437	738.68707	-88.86411	115.08349	337.99286	58.58732	207.70210	900.43762	
221	2.200	7.62982	1478.43848	799.35608	-76.85294	1693.66528	595.57727	54.45652	1580.66052	620.97955	-114.43697	1564.03052	780.18878	30.79929	1450.33008	516.31104	-248.89696	1431.00171	692.17670	-72.75386	1321.62537	654.34436	-176.68613	1437.65625	517.39941	181.53615	1122.43774	513.26849	-384.23013	1116.02393	637.76129	253.36128	894.60217	548.97498	-396.86002	860.24731	633.87823	11.76611	1030.37073	628.03644	-96.02545	1005.82007	709.50232	-183.13020	948.20758	449.66318	-26.36907	466.47717	391.22714	-120.60316	557.97070	742.02631	-86.83992	115.30615	339.12213	70.49668	216.26915	914.81451	
222	2.210	12.19641	1477.21619	807.79266	-70.93307	1691.93237	603.99951	60.55314	1580.26208	629.99097	-109.23542	1562.70288	787.76947	37.56221	1448.57629	525.60883	-242.47594	1428.91711	699.95886	-66.03847	1320.25269	663.57507	-169.81654	1435.63416	525.12097	189.11418	1120.93896	524.68988	-378.47000	1114.69385	643.56940	259.86847	893.60272	561.11908	-393.39401	859.55664	637.84955	18.22227	1028.44922	637.20972	-89.30844	1004.51910	718.96637	-176.65678	946.79333	458.64398	-22.40313	465.15530	396.92941	-115.78649	553.82861	746.24799	-85.51530	114.45749	340.85217	82.26862	225.66309	926.96088	
223	2.220	16.97756	1476.22156	816.84399	-65.21035	1690.89563	612.22858	66.60637	1579.26599	639.20459	-104.16126	1561.33997	795.84064	44.09264	1446.96118	534.94348	-237.23790	1427.63770	708.40613	-60.34099	1318.70129	670.70264	-162.92125	1433.70459	533.09460	195.93959	1119.77051	536.52942	-372.93652	1113.04370	649.83380	268.16656	892.26538	574.18872	-388.92245	857.66931	642.29193	25.04535	1026.80090	646.74304	-82.01412	1002.46350	728.61157	-169.34981	944.69672	467.94748	-17.68170	463.40582	404.14542	-110.51462	550.98041	751.73694	-83.11723	114.96584	342.68460	91.69631	233.50113	937.37445	
224	2.230	21.79312	1474.99695	825.77014	-60.84746	1689.15161	620.72247	72.08197	1578.23608	647.61481	-99.68487	1559.34229	804.16827	50.76892	1445.58740	543.99457	-231.60756	1425.23816	716.22821	-52.69938	1317.70715	680.49756	-156.35243	1431.74646	541.55359	202.88246	1118.43079	547.85107	-367.21265	1110.92480	656.24530	274.08670	891.25317	586.13007	-384.63910	856.52802	648.18469	32.67029	1024.87000	656.37128	-75.30972	1001.10455	738.09467	-161.89464	942.67981	477.52087	-12.35178	462.51901	410.76535	-105.61884	549.70624	757.83441	-81.19692	115.17690	344.07770	101.02798	241.57457	947.67242	
225	2.240	26.33931	1474.92822	836.00769	-54.68129	1687.65247	628.89520	77.14395	1576.38037	658.06989	-95.88610	1558.84900	811.90259	57.98691	1444.26270	552.81915	-225.22459	1423.17029	724.14581	-47.19318	1316.21118	689.78558	-149.61621	1429.89075	549.76251	209.25108	1116.69250	558.42633	-361.39938	1109.18457	663.03430	281.66544	889.68719	599.86420	-379.86310	853.84686	653.31763	39.45866	1022.77289	666.21875	-68.73533	999.90710	748.07037	-155.03647	941.25098	487.17520	-7.14162	460.89130	417.91736	-99.44411	548.96588	764.22296	-79.25344	114.04620	347.06662	109.71803	248.56511	957.36261	
226	2.250	31.12265	1474.08521	845.43048	-49.40292	1686.92969	637.23035	83.14533	1576.33716	667.50116	-91.86208	1557.99548	820.58405	64.71962	1442.84729	562.87439	-219.46315	1421.30164	732.65668	-39.88639	1314.73962	699.22577	-142.92606	1428.20984	558.37280	215.87064	1115.54810	569.83118	-355.36710	1107.71362	670.25604	288.34238	889.28235	612.72736	-375.22400	852.62299	659.50049	46.80995	1020.72101	676.31110	-62.03339	997.99744	757.32440	-147.54276	939.62012	497.31396	-1.62648	460.01797	425.21643	-93.33449	550.53357	771.81720	-76.47110	114.54700	349.69705	118.18067	254.77757	966.65906	
227	2.260	35.47255	1474.20288	854.49127	-43.70580	1685.51794	645.84631	88.68152	1575.59839	675.82465	-87.16160	1557.26025	829.11737	71.58035	1441.79333	572.45563	-213.79976	1419.57886	741.12018	-33.86227	1313.93494	707.81989	-136.22516	1426.68079	566.84241	222.18275	1114.02197	580.85870	-349.15689	1105.44067	677.56726	294.04205	887.88989	624.63086	-370.49030	850.98370	666.79510	53.76154	1019.02258	687.11865	-55.89788	996.97168	767.63605	-139.76466	938.59576	506.74039	4.56777	459.15329	433.83447	-85.52272	551.86377	780.09174	-74.26830	115.77747	353.07629	127.24314	260.24747	975.02679	
228	2.270	39.58851	1473.32861	864.33496	-38.62742	1684.60632	654.17548	94.37604	1575.35071	687.54016	-82.13157	1556.78723	837.56958	78.13401	1440.99731	581.79858	-207.58372	1418.16760	749.54053	-27.59303	1313.53064	718.04175	-129.74280	1425.43689	575.78558	228.79907	1112.94092	591.44440	-342.94650	1103.71265	685.39807	300.35562	887.09119	637.65271	-365.01950	849.37903	672.83600	60.80682	1017.50970	698.15222	-49.68280	996.11237	777.99072	-131.42860	937.57288	516.89130	10.14198	458.04312	442.54279	-77.16842	552.72559	789.23438	-71.51500	116.90560	355.96790	135.27306	264.80060	983.70331	
229	2.280	44.37452	1473.81128	873.91010	-33.17463	1683.62610	663.33954	99.64017	1574.96667	695.53699	-78.13914	1556.67725	846.64032	85.13699	1440.29163	592.46875	-202.99919	1417.29907	758.01886	-20.50690	1312.68396	728.26941	-123.06776	1424.13037	584.40240	235.13864	1111.95630	602.75702	-336.26715	1102.03308	694.04535	305.50345	886.25500	650.45947	-359.07880	847.23914	680.61688	67.39424	1016.79724	709.75195	-43.38197	995.42981	788.44885	-122.89026	936.66583	526.14850	16.48098	457.60553	450.91199	-68.12823	553.21722	798.72327	-67.91201	117.83186	359.73666	142.46698	267.71335	991.92407	
230	2.290	49.04430	1473.22449	883.46075	-27.57399	1683.18628	671.89685	105.31547	1574.62915	706.68854	-73.65525	1556.26404	855.30316	91.59573	1439.90967	602.33600	-197.15697	1416.17554	766.68280	-15.02443	1311.71484	737.68640	-116.54981	1423.03674	593.53387	241.08771	1110.72021	613.77893	-329.75223	1100.72827	702.31726	310.67743	885.35071	660.93231	-353.44760	846.44244	688.34662	75.16141	1015.79749	720.70575	-36.28462	994.44617	799.22559	-113.43410	935.95215	535.87500	22.28138	457.17511	461.04715	-59.07156	553.15338	808.68036	-64.28845	119.68868	363.69986	149.14458	269.05896	1000.32037	
231	2.300	53.51003	1473.70911	893.84808	-22.89318	1682.71973	681.00714	110.51704	1574.81531	716.85175	-69.38362	1555.72644	864.42120	98.86543	1439.97949	613.74036	-191.68352	1415.59473	775.08777	-8.33890	1312.26465	748.35901	-110.00204	1422.38904	602.55560	247.05734	1110.98401	624.63800	-322.79932	1099.12781	711.58185	315.62891	884.85077	674.95367	-347.22354	845.38123	696.56250	82.00844	1015.27667	733.19806	-29.67080	994.37921	810.45172	-103.75201	935.27209	545.55573	28.82192	457.32391	470.51971	-49.93953	552.63129	818.74933	-60.16732	121.41064	367.03915	155.30098	266.47711	1008.24835	
232	2.310	57.81905	1474.27515	903.61029	-16.65732	1682.50964	690.04004	114.96058	1575.51050	725.45013	-64.85724	1555.61035	873.18304	104.70750	1439.91357	623.65558	-186.18333	1415.35559	783.91766	-2.80526	1312.10071	758.60535	-103.45764	1421.87964	611.48157	253.02866	1110.03223	636.14728	-315.88480	1097.98682	720.50250	320.14722	884.88788	686.22498	-340.61902	844.31720	705.58160	88.30626	1015.81335	745.38165	-23.71625	994.51697	821.93781	-94.52561	934.84961	555.28351	35.70248	457.49313	480.19141	-41.72800	552.73749	829.08887	-55.66169	124.39651	371.77005	161.81070	262.95691	1014.22308	
233	2.320	61.81074	1474.65613	913.44647	-11.43124	1683.59766	699.87805	119.84242	1575.95691	736.19153	-60.89197	1556.19617	882.54260	111.36829	1440.74927	633.99872	-180.53046	1415.20288	792.79974	4.59138	1314.05225	771.38684	-96.95159	1421.66370	620.64636	258.99136	1110.17712	647.14075	-308.61282	1096.63269	729.70508	325.29889	883.49139	696.50494	-334.05054	843.29279	715.09644	96.18970	1016.71777	756.17529	-16.75331	994.86346	833.41357	-84.68140	934.66595	565.16003	43.81658	458.17273	489.74005	-33.66663	552.39819	839.64606	-50.99362	127.83340	377.36880	167.09149	258.26331	1020.44464	
234	2.330	66.56572	1475.63330	924.17822	-5.98496	1684.19934	709.61719	125.86438	1578.40796	747.30035	-55.94040	1557.35291	892.06488	117.25025	1441.73376	644.30194	-175.56093	1415.26746	801.67218	10.22052	1315.12988	781.37592	-90.81952	1421.86475	630.18903	264.92679	1111.17432	658.09711	-301.47110	1096.00293	739.46289	328.51416	885.19470	709.87616	-326.70389	842.81348	725.29846	104.00250	1018.86859	769.09857	-9.68213	995.16174	844.44568	-76.09588	935.10992	576.48590	50.62643	458.33633	502.17075	-25.86350	552.50128	849.87048	-44.87350	131.21988	381.97263	173.16656	252.87000	1025.88025	
235	2.340	70.71836	1476.88123	933.34045	-0.45733	1685.68372	719.91504	130.92412	1578.74609	758.23132	-51.91001	1558.86316	902.08655	123.13359	1442.98706	654.67816	-169.96205	1415.70386	810.75281	16.05010	1316.42505	791.41010	-84.60480	1422.67175	639.73541	270.15414	1111.95410	669.63293	-294.56461	1095.39148	749.12579	332.22952	883.73102	718.28375	-318.38638	841.79810	736.02057	112.04765	1020.42743	780.20880	-2.44230	995.71002	855.72095	-67.38515	935.68536	586.54803	58.05828	459.74539	512.52771	-18.90566	553.06384	860.44470	-38.99464	134.31642	388.71683	179.27838	246.36337	1030.93396	
236	2.350	74.75160	1478.40564	944.08978	4.85069	1686.75012	729.60968	135.78328	1579.90674	766.93372	-46.73237	1560.15515	912.09772	129.19189	1445.27173	665.14551	-164.04251	1416.18921	819.84375	22.35487	1318.21155	801.79895	-78.45552	1423.86841	649.15411	275.30832	1113.72644	680.80981	-286.88770	1094.98975	759.01593	335.64526	884.66187	731.29779	-310.65604	841.48834	747.09845	120.04671	1022.21014	791.59229	5.18085	997.20184	865.80505	-59.76752	936.76147	597.58557	66.29910	460.99545	523.05145	-12.62239	554.76251	871.72614	-33.38189	137.57501	395.59778	185.41835	240.15425	1035.86926	
237	2.360	79.84401	1479.93286	955.33435	8.71904	1688.81335	739.60608	140.26596	1581.19849	778.77094	-41.85384	1561.86597	921.94232	135.47539	1448.51123	675.25354	-158.41226	1417.08118	829.01306	28.06054	1320.34570	811.82269	-72.35464	1425.38928	658.59546	279.98807	1115.64709	690.89911	-279.95901	1095.26038	770.10297	338.15366	886.38928	741.45697	-302.90216	842.04590	758.71942	127.59967	1024.07532	801.18585	12.38786	999.71356	875.60547	-52.32938	938.32861	608.77765	74.33641	461.79395	535.21576	-5.44344	557.52814	883.59631	-25.95371	141.44382	402.88232	191.16632	232.12859	1039.77344	
238	2.370	83.45098	1481.38892	964.61884	13.65890	1690.03735	749.69165				-37.99853	1563.31384	931.62177	141.79372	1451.33740	685.26196	-153.51628	1419.12756	838.39020	34.79640	1321.93689	821.50696	-66.20752	1426.64014	667.94012	284.76425	1117.80188	702.08844	-272.18555	1095.46118	780.08740	342.98962	888.69287	754.42084	-294.64197	842.55084	771.40973	134.89838	1026.91394	811.18695	20.40866	1002.69342	886.15973	-45.75326	940.12732	619.48901	82.64387	463.41037	546.52106	1.49878	560.92596	895.99902	-18.70687	144.93660	410.43591	193.61104	225.41975	1043.71985	
239	2.380	88.03307	1483.24597	974.45105	18.88236	1691.17529	759.07916	149.73326	1586.42188	799.60431	-33.82113	1564.26428	940.90759	147.50151	1454.53052	694.92352	-146.75142	1418.94092	847.05640	40.96511	1324.15515	831.91077	-60.06113	1428.51770	677.02887	289.03848	1120.05078	713.18597	-264.82718	1095.97803	791.08270	343.73630	890.25842	764.17584	-285.70590	842.33044	783.93335	142.67549	1028.87061	820.57880	28.03995	1006.31122	896.12323	-39.05029	941.69531	630.34167	91.99911	465.40393	557.71631	8.10618	564.91260	908.71088	-10.73797	149.12886	418.46869	198.17058	215.94644	1045.10828	
240	2.390	92.08379	1485.14868	985.00153	23.08036	1692.67493	768.81458				-30.50990	1565.36560	950.16577	153.59975	1456.56738	705.57141	-141.39200	1420.28564	856.04053	46.83155	1326.22583	841.45294	-53.62704	1429.32947	685.92468	293.61542	1122.41260	724.03180	-256.95758	1096.30286	801.52936	345.72775	890.94678	773.60181	-277.09860	843.11511	797.00385	150.38614	1031.11267	830.69427	35.22767	1009.97894	905.84967	-32.73271	943.12073	640.98529	100.11727	466.75949	569.98688	14.89988	567.53796	921.57312	-2.40240	153.28130	426.32486	200.03159	208.67722	1045.93640	
241	2.400	95.81668	1486.64648	994.94684	28.36384	1693.77808	777.57318				-26.77847	1566.27356	958.73071	159.35796	1459.13721	715.51147	-135.41814	1422.23767	865.14905	52.82516	1328.24927	850.96436	-47.16795	1430.26855	694.51398	297.50351	1124.70093	734.18146	-249.41081	1096.14087	812.61981	348.75015	892.98413	783.25836	-268.37131	842.80310	810.81262	157.08810	1033.53015	840.38312	41.92490	1013.84430	915.49396	-26.90379	943.99530	651.75433	109.52010	468.57425	581.88214	20.79976	571.39008	933.74426	5.86290	156.46960	436.47040	202.44283	200.85074	1047.19971	
242	2.410	100.35027	1488.56531	1004.40417	32.69988	1695.17029	786.58514				-22.94180	1566.93335	966.97510	164.37234	1461.00659	724.19440	-129.62956	1423.39111	873.84497	59.02653	1329.82886	859.65887	-41.72367	1431.11084	704.15338	301.74619	1126.21619	744.99188	-241.50307	1096.67529	823.86963	351.02179	894.67950	794.51013	-259.57272	843.39227	825.03271	163.31187	1035.65039	850.14819	48.61179	1017.75024	925.80646	-21.11563	945.30438	662.09900	118.67873	469.74271	593.62335	26.77457	573.85492	945.82477	14.16461	160.64232	445.35168	204.28552	193.16977	1048.56567	
243	2.420	103.61665	1490.26624	1014.65894	36.48535	1696.71228	795.13983				-19.00931	1567.57617	974.92816	170.59692	1463.41931	734.09515	-123.64565	1424.32642	882.26746	65.31160	1331.17090	868.81439	-35.57616	1431.36340	712.80701	306.13440	1128.48254	755.57965	-233.51395	1096.34912	834.65009	353.69196	895.25409	803.67383	-250.85928	843.17017	839.41760	170.01872	1038.00037	860.21545	55.36979	1020.24750	935.75635	-15.68316	945.91254	672.69067	128.58438	471.05902	605.10199	32.59995	576.05322	957.57275	22.61822	163.25330	456.03168	204.13031	186.04932	1048.37585	
244	2.430	107.39499	1491.46057	1022.67102	41.05003	1697.61096	803.59583				-15.46837	1567.83191	982.49579	176.07645	1464.96716	742.27014	-118.11507	1425.15247	889.79071	71.36195	1334.20435	872.63904	-29.83485	1432.33740	721.32281	310.92834	1129.68982	766.16742	-225.89316	1096.16382	845.71820	356.20477	896.75281	814.17694	-241.55263	843.29724	853.93817	175.63742	1039.52869	868.91364	61.54987	1022.03876	945.78833	-9.40833	946.21893	681.84412	137.85248	471.96860	616.78265	37.94040	577.32855	969.51062	30.53772	167.06363	469.78455	205.09117	180.16594	1048.68445	
245	2.440	110.59455	1492.90784	1031.91748	46.48362	1698.20544	811.86597				-12.04595	1568.27197	989.85797	181.40726	1466.25940	751.06299	-112.58454	1426.40247	897.92169	77.67743	1335.52246	881.38831	-24.44971	1432.69324	729.74707	315.62344	1131.19116	776.56531	-218.65678	1096.27344	857.09448	359.43253	896.96057	825.19006	-231.33434	842.46436	868.86780	181.84418	1040.83057	878.77094	68.82394	1022.39404	953.49963	-4.14950	946.46686	692.23267	147.58176	471.95889	629.86627	43.28727	576.88562	982.86047	39.11555	171.29875	482.73627	204.21017	174.82703	1048.70142	
246	2.450	114.89900	1494.61890	1041.14978	51.17348	1699.86426	820.29669				-9.18557	1569.08459	997.50018	186.99480	1467.38086	759.46008	-107.01708	1427.11023	906.72455	82.36054	1335.13721	893.58936	-19.27475	1433.68945	738.14569	320.37860	1132.11877	786.38403	-211.50859	1096.29321	868.74170	362.91910	897.76074	834.85565	-222.32301	842.48804	883.94086	186.99283	1041.78259	886.83209	74.44504	1022.25793	963.56250	1.24500	946.42078	701.53973	158.22961	472.60754	643.04602	47.76291	576.47888	995.84454	47.51065	174.59074	495.87604	201.99437	169.69046	1049.56860	
247	2.460	117.54214	1495.85742	1049.83752	55.90776	1701.19812	828.77124				-4.67180	1569.79944	1005.19360	192.22534	1467.93127	767.15356	-102.02887	1428.40479	915.85242	87.50174	1336.91028	902.42383	-14.12933	1434.71790	746.45398	324.99423	1132.87549	795.96490	-204.42665	1096.22449	880.43793	366.91907	898.27905	844.91156	-212.15221	841.75385	899.24744	193.33365	1042.81604	896.09686	80.26815	1021.51935	972.96539	6.00752	947.09070	711.42969	169.56396	472.55484	658.89301	53.01847	574.32092	1009.35333	55.86163	178.85513	509.90173	199.74226	166.31136	1050.55127	
248	2.470	121.38542	1498.04980	1058.02112	60.47577	1702.90381	837.01599				-1.14230	1571.84143	1013.18884	197.57097	1469.24072	774.97546	-96.52697	1429.40039	924.68365	93.02877	1338.14331	910.99146	-9.49637	1435.68262	754.77155	330.16458	1133.07678	805.23828	-197.65425	1096.21155	892.58325	371.16333	898.19916	855.92682	-202.76575	842.06934	915.02417	198.01382	1043.77014	903.96320	86.01570	1020.13763	982.63428	11.25735	947.81818	720.79028	182.75479	471.50867	677.05975	58.52357	571.66339	1022.87311	65.51622	184.58374	524.27594	199.25420	161.00333	1049.29065	
249	2.480	125.43462	1499.38513	1066.64172	65.18667	1704.53516	845.13220				2.50982	1573.52124	1021.16663	202.53577	1470.35913	782.87103	-91.40822	1430.72266	933.11133	98.84382	1339.76538	919.91510	-4.74041	1437.57153	763.11169	334.99597	1133.75378	814.55658	-190.21472	1096.38953	904.33881	375.14197	899.50800	866.00696	-191.80103	842.50793	930.94092	204.20912	1044.29651	912.80811	91.90770	1018.52393	992.00555	16.21366	949.19830	729.86707	195.83708	469.66055	695.61481	63.02716	569.73169	1036.51123	75.16376	189.61784	540.50537	197.23689	157.42281	1049.91504	
250	2.490	129.12680	1501.31250	1075.94507	69.84358	1706.05029	853.59680				6.36038	1575.15295	1029.29846	207.64365	1470.97754	789.87195	-86.46725	1432.16711	940.00842	103.76196	1341.31079	928.18365	0.10180	1438.74377	771.16693	340.09698	1134.86646	823.10400	-183.55130	1097.19067	916.65765	379.37811	900.22357	875.86829	-182.67017	843.95795	946.81458	209.55765	1044.81006	921.24554	97.79286	1017.64227	1000.73828	21.79526	950.09998	737.77686	211.18317	470.71036	711.70636	66.01616	570.57288	1048.25549	86.68048	194.60869	557.87256	196.21638	155.23210	1050.11938	
251	2.500	133.02179	1503.00818	1083.27844	74.90343	1707.93311	861.95953				11.00840	1576.58777	1036.87476	212.71286	1472.75110	797.44110	-81.27642	1432.27197	947.54321	108.96258	1343.16174	936.92175	4.69581	1440.25916	779.27081	344.60080	1135.47156	831.24500	-176.56993	1098.32800	929.10034	384.18304	901.24500	886.31104	-171.64633	845.33374	963.90833	214.76462	1045.79163	929.08655	103.03889	1017.96173	1009.66168	26.88776	951.83722	746.70764	228.17056	473.29950	726.05859	67.69174	573.11151	1057.63721	97.95121	201.57596	573.99121	194.75581	154.41045	1050.40356	
252	2.510	135.91978	1504.37756	1091.29736	78.64777	1709.95105	869.65460				14.75468	1578.05750	1044.30872	217.30405	1473.58655	804.96967	-76.66502	1434.10974	955.30573	114.08347	1345.17334	945.24969	9.51060	1441.98877	787.06335	348.83447	1136.81775	839.10236	-169.22336	1099.28662	940.91882	388.68427	903.18481	895.71442	-161.01288	847.49042	980.38037	220.63141	1047.38513	937.38849	108.15743	1020.10876	1017.82324	32.21197	953.95313	754.92365	246.62202	475.04498	742.93048	69.15589	574.91742	1064.13135	113.12875	207.40504	591.51154	191.97627	156.58772	1051.41492	
253	2.520	139.64021	1505.97424	1100.35254	83.38209	1711.50293	877.58209				18.18405	1579.60913	1051.88098	221.96870	1475.37036	812.17816	-70.90971	1438.56274	964.74945	119.27139	1346.75940	952.51892	13.65686	1443.93420	795.34576	352.70532	1138.26611	847.02277	-162.01750	1101.10754	953.37323	393.65073	902.65680	896.22717	-149.86981	850.69659	997.93408	224.91681	1049.08606	946.06537	113.55574	1022.61444	1026.12378	37.85791	955.92358	762.46375	264.78070	477.19141	760.06360	69.70532	577.82056	1071.07556	128.66382	213.41495	608.91687	190.66609	157.99905	1051.47266	
254	2.530	142.51009	1507.35864	1107.79993	87.95866	1713.24353	885.64868				21.52958	1581.58960	1059.50940	226.94078	1477.06726	819.45380	-66.04071	1440.42993	973.97400	124.68816	1348.37744	960.06030	18.30736	1445.83020	803.05774	356.17059	1139.41504	854.30994	-155.36766	1103.30811	966.38373	397.65347	907.23761	915.04059	-138.62802	853.48492	1014.63904	230.26910	1051.30371	954.24969	117.54807	1025.30286	1033.58130	42.17232	957.96716	770.61011	283.21396	479.50320	777.12738	69.86459	578.71979	1075.39160	145.78836	219.58217	626.05304	188.75174	159.35794	1051.86633	
255	2.540	146.33107	1509.43384	1116.23926	92.32516	1715.51611	893.52313				24.82002	1582.95496	1066.70105	231.25053	1478.90857	827.43433	-61.32630	1442.22144	980.84119	129.13039	1349.52026	967.29681	22.78093	1447.14648	810.90918	359.48950	1141.08020	861.86194	-147.99969	1105.48242	978.97870	402.55933	910.21991	923.43231	-127.99699	857.77618	1033.02539	235.24576	1053.94824	962.90619	121.67579	1028.70007	1041.25598	47.84492	959.68036	778.36115	301.49588	480.42087	796.88727	70.00108	580.00232	1079.01575	164.92310	224.53897	643.47791	186.63057	160.14186	1052.56091	
256	2.550	149.00922	1511.60437	1124.18982	96.69226	1716.58948	901.37976				28.05608	1585.02148	1074.08118	235.80888	1481.07019	834.13629	-56.47170	1443.23376	988.15393	133.62094	1351.49292	974.94708	27.33356	1449.39087	818.78967	363.42862	1142.87341	869.20978	-140.80716	1107.80273	991.76898	407.35614	913.17578	931.52307	-117.10065	861.87781	1050.52295	239.16881	1056.37817	971.41907	125.91283	1032.22925	1049.15540	53.12431	961.96704	785.38879	319.14243	482.05969	815.31238	69.40894	579.88904	1082.78015	183.80751	228.72844	661.21613	184.67096	159.94524	1053.06665	
257	2.560	152.17651	1512.81580	1132.26086	100.96088	1718.91394	909.27155				31.08011	1586.77161	1081.25061	240.16257	1482.77551	841.37585	-50.04670	1445.22815	997.53326	138.08928	1353.42212	980.81836	31.52596	1451.21289	826.88043	367.10733	1145.03760	876.13000	-133.59926	1110.55066	1004.88135	412.37250	915.99268	939.35223	-105.38332	866.19696	1068.60266	243.02191	1058.88220	980.39130	129.51930	1035.69006	1057.17444	58.85785	963.80566	792.52167	336.09705	482.85431	834.22485	68.33057	578.94678	1085.81995	203.00723	231.85513	679.48749	182.15163	160.31851	1054.01868	
258	2.570	154.95656	1514.99121	1139.95105	106.05873	1720.85718	916.83344				34.68731	1587.99084	1087.82703	245.09108	1484.67310	849.40955	-45.73131	1448.97693	1005.81885	142.70505	1355.58057	988.83087	36.16178	1452.28540	834.17883	371.16180	1147.08948	883.82599	-126.25338	1113.00037	1017.65680	417.69196	919.36359	947.48907	-94.62103	871.09509	1086.14038	247.28661	1062.28931	989.77533	133.63307	1038.59119	1065.10034	64.71952	965.72058	799.48096	352.46759	482.95966	855.04071	67.10599	577.87726	1088.28455	222.50739	234.08688	697.48254	179.04555	159.48370	1055.05493	
259	2.580	157.54300	1516.43506	1147.78308	110.69983	1722.33594	924.54865				37.37239	1589.45837	1094.72449	249.04491	1486.26550	856.49988	-40.70721	1451.07263	1013.89282	147.17926	1357.86975	996.83783	40.50303	1454.02771	841.87585	375.22940	1149.27185	891.02783	-117.54915	1114.96667	1030.84705	422.69333	921.61847	955.33148	-83.94081	875.77850	1104.63403	250.94466	1064.53210	997.88562	136.92099	1041.33813	1072.85425	70.47779	966.53674	806.95337	368.52402	484.29016	876.03491	64.59526	576.68103	1090.14014	242.75671	235.27383	715.55927	178.93077	157.44701	1056.15137	
260	2.590	160.58554	1517.87939	1156.00562	115.25108	1724.11499	931.84991				40.96443	1590.92139	1101.35168	253.59497	1488.34558	864.69373	-36.41787	1452.72485	1020.90930	151.47906	1359.86560	1005.16144	45.11102	1455.43945	849.25287	379.65524	1151.53052	898.97485	-110.13138	1117.83569	1044.09167	428.17505	924.27374	963.46350	-73.11575	880.01257	1121.47070	254.54091	1067.09155	1006.85156	140.35345	1043.24756	1080.69836	76.25387	968.04425	814.36652	384.25714	487.69971	896.50140	62.76731	574.76971	1091.62366	263.30231	236.08583	734.08063	176.60661	154.78220	1057.10706	
261	2.600	162.74525	1518.80286	1162.81421	119.27328	1726.10754	939.86865				43.50423	1592.19299	1108.53101	257.89578	1489.81067	872.52148	-32.03060	1454.79639	1028.87976	156.10178	1361.73901	1012.38361	48.99756	1456.74402	857.54706	384.40787	1152.79468	905.77570	-103.25066	1120.61951	1057.61792	434.64423	926.02661	970.59070	-62.10855	885.33722	1139.41211	257.97617	1069.24475	1015.43878	143.56680	1044.54614	1088.40991	82.27943	969.40271	821.48572	397.37051	491.55447	915.90845	60.36537	573.44739	1093.21143	284.01303	236.18678	753.23596	174.38969	152.00206	1058.50330	
262	2.610	165.56934	1520.55432	1171.18457	123.39751	1726.97546	947.48541				46.33946	1593.46216	1115.39478	262.09579	1491.18860	880.55750	-27.43060	1456.22424	1036.11011	160.98212	1363.77356	1020.48828	53.56030	1457.77844	865.02942	389.40707	1154.09021	913.34924	-96.83868	1123.60376	1070.98010	441.15112	927.89575	977.20715	-51.85017	890.49341	1156.82825	261.11182	1070.93726	1024.15710	146.67479	1045.12830	1096.28040	88.06293	970.17572	829.04425	409.90088	497.43466	935.13031	57.99373	570.59442	1094.29089	305.03989	235.53278	773.33411	173.04053	149.84814	1059.59338	
263	2.620	168.49413	1522.04028	1179.51013	127.84892	1727.75354	955.08484				50.14108	1594.24219	1122.16272	266.62531	1492.03418	888.38763	-23.03531	1457.75928	1043.84570	164.43066	1365.04895	1028.60461	57.98755	1458.73669	872.83038	394.73428	1155.62170	920.76807	-90.25117	1125.73828	1084.34998	447.45505	930.12701	984.75531	-42.05593	894.12775	1174.16418	264.81952	1072.75696	1032.80920	150.10728	1045.28833	1103.84106	94.04081	971.16455	836.26318	421.79868	502.62421	954.94531	55.58284	568.66754	1095.50867	326.23425	235.38681	792.97723	168.28799	148.17558	1062.44067	
264	2.630	171.05344	1523.09534	1187.06580	131.95351	1728.90405	962.54779				52.86480	1595.00732	1129.16357	270.83667	1493.31848	896.84302	-19.18590	1458.84167	1050.76331	168.48592	1366.49927	1037.16760	62.37551	1459.49084	880.48651	400.52075	1156.98328	928.46045	-84.06126	1128.37683	1097.51282	453.07678	931.29645	991.98657	-32.25962	898.91125	1191.33984	268.60089	1073.94226	1041.93213	152.92668	1045.56091	1112.38477	99.98975	971.76270	843.00092	433.73318	507.90738	973.51752	52.91956	566.86938	1096.58838	347.37280	234.77246	812.73907	164.78635	145.20393	1064.03638	
265	2.640	173.75558	1524.25977	1195.65771	135.70732	1729.93115	970.06659				56.01005	1595.97827	1136.49841	275.41135	1493.85950	904.88922	-15.18511	1460.05530	1058.26770	172.72778	1366.91846	1044.95825	66.85879	1460.18420	888.27008	406.89423	1158.08679	935.20801	-77.90318	1129.95740	1110.59045	459.62704	931.87299	998.50623	-23.39683	903.04254	1208.08240	271.92065	1074.57520	1050.23560	156.00188	1045.26721	1119.45618	105.82614	972.80219	849.87341	444.34351	512.75574	991.82446	50.44759	564.77460	1097.32251	368.91965	233.60925	833.26526	161.17259	143.25060	1065.88635	
266	2.650	176.70148	1525.07727	1203.76733	139.96234	1730.29504	978.07245				59.02960	1596.40552	1143.67078	280.01465	1494.22791	913.94562	-11.32415	1461.16553	1065.39197	176.73381	1367.48560	1053.38171	71.23118	1460.94897	896.25586	413.11871	1159.08789	943.27197	-72.29777	1132.01416	1123.82043	466.08701	932.17102	1005.18622	-14.31443	906.59692	1224.86011	275.30206	1074.35779	1059.02917	158.45212	1044.81006	1126.58545	112.26276	973.28711	856.93024	454.72394	517.13184	1010.37476	47.49688	562.81531	1097.58191	391.23413	232.45236	852.30121	158.47125	140.18855	1068.87402	
267	2.660	179.75076	1525.95691	1212.49744	143.83186	1730.90283	985.78748				62.60617	1596.74548	1151.33411	284.13287	1494.57947	921.68146	-7.16734	1461.40588	1073.01550	180.29277	1368.55493	1061.68164	75.72088	1461.11951	904.09454	419.73456	1159.43677	950.77563	-66.45376	1134.07703	1136.27502	472.39212	932.34961	1011.40448	-5.82786	910.15308	1240.74170	278.74329	1073.56433	1067.70667	161.47717	1044.34070	1133.67932	118.24403	974.25238	863.15857	463.98138	521.58777	1028.09790	45.25908	561.22815	1097.60071	412.51022	231.74741	872.30145	155.84235	137.73256	1071.88000	
268	2.670	182.54219	1526.74072	1220.66064	147.99774	1731.17480	993.69122				65.39317	1597.59998	1158.96936	289.09357	1494.38000	929.94617	-3.47356	1461.93982	1080.61938	184.09874	1368.02295	1069.51416	80.25262	1461.30383	911.70105	426.30295	1160.27234	958.31110	-60.64317	1135.65881	1148.73071	479.19040	932.55841	1018.51941	2.03023	913.63348	1257.14404	281.47662	1073.11829	1076.89539	163.88770	1044.05725	1141.83606	124.07668	974.96313	869.73401	471.10312	525.44141	1045.09180	42.93668	560.11127	1097.87781	433.46011	231.00453	891.90228	152.27644	136.11670	1075.13000	
269	2.680	185.45805	1527.20410	1229.52686	151.77557	1731.20862	1001.72137				68.92175	1597.59167	1166.49841	293.27243	1494.88623	939.37750	0.19543	1462.18494	1088.04626	187.29369	1368.27466	1077.00366	84.65218	1461.72461	919.62726	433.15121	1160.33093	965.73608	-55.28860	1137.43359	1161.23120	485.06937	932.30420	1024.92126	9.89808	917.14111	1272.67017	285.31952	1072.99475	1085.69043	166.97087	1044.08728	1149.04724	130.58765	975.46155	876.41711	478.31732	528.92419	1061.23840	41.00678	559.51678	1097.25818	454.14413	230.09097	912.69574	149.76387	135.07683	1078.64368	
270	2.690	187.92084	1527.05518	1238.03589	156.72365	1730.85901	1009.92426				71.73191	1597.69690	1174.33521	297.75427	1494.21619	948.33270	4.22627	1462.20410	1095.71179	190.54529	1367.40808	1085.72925	89.24556	1461.94263	927.55402	439.42468	1159.96362	973.47150	-50.04265	1139.54041	1173.41077	491.56012	931.84528	1032.12317	17.39343	920.15259	1287.92175	289.49689	1072.07568	1095.02515	168.86957	1042.78381	1156.40430	136.53253	976.33356	882.94135	484.23874	532.51532	1076.98560	39.83325	559.15210	1096.04297	473.89178	229.75427	933.40118	147.30191	133.77142	1081.43323	
271	2.700	190.93211	1527.27295	1246.75696	160.64505	1730.86560	1018.24042				74.80216	1597.58704	1182.61829	302.18060	1494.18152	958.27667	8.52062	1462.37305	1103.15222	194.50812	1367.21814	1093.98999	94.16158	1461.65100	935.28302	445.88843	1159.90662	980.57300	-44.42362	1140.87329	1185.22034	498.46133	931.43518	1038.35071	24.71500	922.56970	1302.82019	292.03668	1071.19275	1103.79810	171.49617	1042.41736	1163.32031	143.12808	976.32434	889.21735	488.83893	536.05151	1091.70166	39.35902	558.83105	1095.70984	492.51428	228.55475	954.16541	144.24916	133.32774	1083.82019	
272	2.710	194.08691	1527.33264	1255.99048	165.10692	1730.75525	1026.77405				77.67308	1597.32617	1190.73254	306.98868	1493.63940	967.85785	11.96635	1462.05188	1110.84082	198.57399	1367.29517	1102.25623	98.17668	1461.98877	944.01947	451.73029	1159.61743	987.88397	-38.54773	1141.87158	1196.66199	503.83771	930.22064	1043.38525	31.37388	925.50665	1317.36401	294.81488	1070.49768	1112.70593	173.68683	1041.53918	1171.57043	149.20111	976.91534	895.81226	494.13568	539.54218	1105.29761	39.36418	558.21051	1095.36816	511.11829	227.24797	975.21570	140.41982	133.25786	1086.90442	
273	2.720	196.47713	1526.56372	1264.70386	169.78717	1730.32593	1035.75867				81.54361	1597.07971	1199.04272	311.25510	1492.93237	976.95215	15.65950	1461.79968	1118.65186	201.32130	1365.57642	1110.47803	102.81460	1461.71826	952.28448	457.82779	1158.91919	996.06976	-32.83566	1143.16357	1207.91516	509.28247	928.47101	1050.16467	37.91703	927.20386	1331.84424	298.44482	1070.54260	1121.80005	176.29568	1040.67554	1178.69006	154.79442	977.34906	902.97516	497.98901	542.64844	1119.44189	40.06369	557.56299	1094.27234	527.89850	226.16646	996.88867	138.28273	131.22040	1088.68311	
274	2.730	199.27284	1525.57910	1273.44141	173.57570	1729.32434	1044.76782				84.76646	1596.59753	1207.20044	316.00452	1492.21973	987.23065	19.85048	1461.39063	1126.78943	204.94934	1364.99890	1120.09314	107.03943	1461.51147	960.85107	463.24152	1158.11902	1003.61755	-26.96974	1143.55017	1218.89282	515.13177	927.82507	1057.09961	44.40564	929.82727	1345.80164	300.99539	1069.95911	1131.20374	178.75212	1039.49292	1185.73804	160.88554	977.13666	910.50616	501.02371	544.30975	1132.41943	40.68015	556.50433	1094.40051	543.46246	223.14578	1016.98517	134.95326	130.23698	1090.76660	
275	2.740	202.83437	1525.64685	1285.68774	178.66573	1728.44470	1053.76892				88.32256	1595.80066	1215.68970	320.29221	1491.43958	997.33295	23.58880	1460.57288	1134.66785	208.16217	1363.43530	1127.96448	111.67905	1461.16809	969.33868	468.47943	1157.36877	1011.68384	-21.70131	1144.18054	1229.70166	520.28363	926.69855	1063.71887	50.93871	932.31415	1359.16040	304.45193	1068.87402	1139.82507	181.08070	1038.57153	1193.16394	167.22279	976.43384	917.54572	503.10638	545.21466	1144.73572	42.37057	554.62445	1094.52673	557.51642	219.84259	1037.36731	131.87016	128.19299	1092.47632	
276	2.750	205.82356	1524.33386	1294.71887	183.10165	1728.10339	1062.81824				91.23676	1594.78503	1224.79199	324.98953	1490.76721	1006.82001	27.21664	1460.06677	1143.06433	212.02707	1362.44910	1137.62390	116.13225	1460.85706	978.16931	473.31827	1156.26196	1020.11859	-17.32748	1144.95801	1240.74292	525.73712	924.51141	1068.82300	56.74465	934.14716	1372.32312	307.14548	1068.42334	1149.13208	184.33960	1037.80566	1201.75964	172.84763	976.00909	924.95538	505.22354	544.42047	1156.69946	42.62114	553.51984	1095.21545	571.53265	216.34439	1057.51636	129.50441	125.85408	1093.65393	
277	2.760	208.50272	1523.23645	1303.97449	187.39064	1726.64417	1072.57861				94.08221	1594.08130	1233.57764	329.08508	1488.46082	1017.68573	31.21326	1459.19238	1151.15381	215.57671	1361.22290	1146.89160	120.84489	1460.25818	986.84558	477.90402	1155.33215	1028.81152	-12.16006	1144.97961	1250.67444	531.22754	922.28864	1075.04358	63.36923	936.13104	1385.12183	310.01547	1067.22961	1158.39526	186.35732	1036.25012	1209.06042	179.05971	975.31287	932.72546	506.27380	543.12109	1168.06641	44.09155	551.71643	1096.15503	583.61792	211.17671	1077.57153	126.92557	123.25277	1095.29541	
278	2.770	211.07790	1521.94421	1313.79150	192.84683	1725.46582	1081.99512				98.01675	1592.87109	1242.37500	333.94464	1487.30493	1028.11926	35.35089	1458.31616	1159.70996	219.00018	1360.04407	1155.66296	125.60033	1458.79773	995.63702	482.18906	1153.68567	1037.65088	-7.07565	1145.08203	1260.48877	535.68652	920.80652	1081.32813	69.67517	938.22266	1397.96899	313.31570	1066.51147	1167.25098	189.07745	1034.24109	1216.02820	184.85803	974.34564	940.75562	507.63284	540.12939	1177.82080	44.25685	551.16223	1096.68115	594.75031	205.77699	1096.73035	125.09828	122.30898	1095.74048	
279	2.780	214.21889	1520.32690	1323.03015	197.22916	1723.80566	1091.82300				100.84579	1591.96838	1251.32324	338.56976	1486.24878	1039.12573	39.13293	1457.27112	1168.15491	222.69759	1357.97681	1164.24658	130.19760	1457.87598	1004.72308	486.90344	1152.10010	1046.24438	-1.32056	1144.94788	1270.23425	540.61914	919.51196	1088.89319	76.44067	939.68927	1410.24304	315.98343	1065.24585	1177.39392	192.13109	1033.58972	1225.65637	190.83281	973.09210	948.74835	508.03552	536.92664	1185.29236	45.58425	549.58685	1097.63611	604.25446	199.69159	1117.42981	124.31784	120.33479	1095.03735	
280	2.790	216.94115	1518.64673	1332.94739	202.17422	1722.35400	1101.19421				104.76536	1590.39258	1260.28223	343.10254	1484.74036	1049.33594	42.98600	1455.71912	1176.60413	226.07994	1356.52258	1174.50220	134.62274	1456.59155	1013.92755	491.24670	1150.22607	1055.34839	3.78871	1144.07227	1279.94910	545.16541	917.52380	1095.14502	82.65591	941.09302	1421.75256	319.96619	1063.97595	1186.89771	194.94324	1031.07825	1233.06836	196.51361	971.93951	956.45691	508.63745	533.34180	1192.18335	46.44970	549.08032	1099.12146	612.53479	193.71306	1138.36401	123.01434	119.53745	1094.21606	
281	2.800	219.51266	1516.36133	1340.01074	206.20483	1721.01221	1111.06299				108.64130	1588.74487	1269.31958	347.94327	1483.29321	1059.80347	47.11148	1454.17065	1184.79553	230.24135	1354.87122	1183.22534	139.37038	1455.53711	1022.80261	495.53268	1148.39563	1064.37378	8.77364	1143.15540	1289.63416	549.81201	914.36584	1101.19922	88.88982	942.47949	1434.25208	323.36139	1062.07336	1196.38428	198.06693	1029.75305	1241.42358	201.92159	970.40570	964.94049	509.65347	528.53107	1197.17798	48.40626	547.94067	1100.87317	618.67334	186.64288	1159.98486	122.13446	118.72314	1092.89246	
282	2.810	222.42012	1514.73828	1349.76843	211.22203	1718.98755	1120.58398				111.28235	1587.38904	1278.44702	352.74054	1481.69507	1069.87927	51.39708	1452.45532	1193.31384	233.95256	1352.69299	1192.15137	144.20050	1453.69226	1031.77563	499.61636	1146.24255	1073.69934	13.66515	1141.99207	1299.23083	553.70789	912.20435	1108.37000	94.68612	943.10571	1444.35474	326.04208	1060.69214	1206.39026	201.18927	1028.42590	1250.94507	207.92319	968.72302	974.08252	511.47684	523.47784	1201.79932	50.88828	547.14014	1102.88928	623.46527	181.54994	1183.48193	119.53896	112.32837	1087.89209	
283	2.820	225.40794	1512.62500	1359.94873	215.50656	1717.25171	1130.35388				115.44685	1585.32971	1287.38196	357.46741	1480.11499	1080.49426	55.39870	1450.36316	1201.23022	238.24855	1350.72925	1201.72327	149.53339	1452.25513	1040.35376	503.57837	1144.10303	1082.30078	18.15054	1140.88330	1308.39673	557.67108	908.78040	1114.62024	101.35432	944.40295	1455.19836	329.98196	1058.46558	1215.91138	204.33257	1025.66980	1259.54053	213.36441	967.28607	982.44922	512.72626	517.81244	1205.59155	53.53831	546.16547	1105.29810	626.93695	177.48692	1207.80347	118.70730	110.79096	1085.55457	
284	2.830	228.68271	1510.67542	1369.23853	219.88776	1715.81067	1140.02954	334.78192	1617.27332	1221.93274	119.20719	1583.52197	1296.53491	361.60291	1478.14282	1090.18701	59.37423	1448.46509	1209.99841	241.56728	1348.53174	1210.97021	154.41190	1450.43103	1049.73267	508.15018	1142.15356	1092.14490	22.68050	1138.95691	1317.65369	561.63000	906.56244	1121.52075	106.84528	944.53589	1465.62646	333.52997	1056.42468	1226.08154	207.40738	1023.87640	1268.03857	218.84125	966.04535	991.22479	514.11957	512.09290	1209.18250	56.82233	545.20624	1108.49866	630.08020	174.28249	1231.96350	118.27541	111.37173	1083.31226	
285	2.840	231.09436	1508.99243	1379.25928	224.55072	1714.04541	1149.91626	339.06555	1615.50793	1233.09338	122.06720	1582.20825	1305.72253	366.90457	1477.05969	1101.23401	63.84404	1446.58411	1218.53284	245.98740	1347.25659	1221.30518	159.74753	1448.84924	1058.77771	512.00604	1139.54907	1101.40955	26.54990	1137.42981	1326.27759	565.45227	903.43414	1127.75244	112.91440	945.95563	1475.70886	337.37970	1054.73547	1235.89746	210.71919	1022.28381	1278.09131	224.16516	964.67096	1000.15295	514.07184	504.87653	1213.11511	60.14698	544.44556	1112.45715	631.28326	172.10696	1255.94385	118.32158	110.43916	1081.04883	
286	2.850	234.23053	1507.34326	1388.65283	229.43402	1712.48315	1159.89063	345.04843	1614.41272	1244.95825	126.15390	1580.58472	1314.70996	370.94431	1474.71497	1110.91626	67.49235	1444.78015	1227.08118	250.01505	1345.45276	1229.98840	164.52264	1447.41101	1068.42737	516.21271	1137.29163	1110.66003	30.22524	1135.66809	1334.01306	568.69501	900.24408	1133.44214	118.33565	946.77869	1485.83118	341.03717	1051.91199	1245.33130	214.51289	1020.79114	1287.01880	229.68484	963.22363	1009.31775	513.55316	498.40866	1216.45337	63.68021	543.86548	1116.24365	632.96185	171.94969	1280.29285	118.12046	110.47823	1078.17493	
287	2.860	236.93921	1505.76672	1398.72900	234.29192	1711.26965	1169.86230	347.35114	1612.25952	1254.54626	129.86620	1578.81580	1323.72180	377.43881	1474.42944	1123.06201	71.48923	1442.88086	1236.29199	254.06281	1343.65356	1239.95764	169.83672	1445.92419	1077.57739	520.41754	1134.46936	1119.57715	33.76752	1133.63269	1341.75598	572.55963	897.30896	1141.63367	123.32521	947.14771	1495.34155	344.96347	1050.13562	1255.24854	218.61922	1018.12689	1296.17639	234.26540	962.42023	1018.41956	510.50653	493.84338	1221.60510	67.42966	543.22528	1121.14148	632.69611	171.80949	1302.40344	117.10548	110.92137	1075.52917	
288	2.870	240.04907	1504.53455	1408.63660	239.07733	1709.72009	1179.86633	351.65866	1611.19995	1265.33911	132.68645	1577.48901	1332.79907	381.04126	1471.73340	1131.51453	75.77200	1441.51550	1245.16089	258.80093	1342.43018	1249.63013	174.78996	1444.84814	1087.03040	524.50098	1132.32983	1129.11035	36.41479	1131.85437	1349.36682	576.00885	894.62872	1147.95007	128.09805	947.46198	1503.50476	349.18018	1049.13464	1265.27124	222.48090	1016.56836	1305.97595	239.46771	961.47565	1027.95313	506.49329	491.86334	1228.50354	71.36140	542.33533	1126.88806	630.99353	174.74907	1325.46033	117.60966	111.03921	1071.67126	
289	2.880	242.68091	1503.20544	1418.50378	244.10873	1708.68848	1189.48840	356.25366	1610.63086	1276.83716	137.02670	1575.08936	1336.29565	385.67209	1470.20789	1141.28455	80.04642	1439.72217	1254.60010	263.09720	1341.27344	1259.37366	179.53961	1444.07910	1096.63757	528.55402	1130.08398	1138.60327	39.44730	1129.52930	1356.48792	579.27466	891.96063	1154.28577	131.98856	948.25116	1511.76965	353.55304	1047.58044	1275.04993	227.46683	1014.88391	1315.80627	244.83186	960.19183	1038.44238	501.72003	490.89383	1237.50000	75.51244	541.56885	1133.03052	627.64490	178.39223	1346.60596	118.02731	111.25414	1071.33093	
290	2.890	245.80299	1502.06335	1428.97473	248.30438	1707.43652	1199.56348	359.02945	1609.29285	1286.94128	140.65222	1574.02954	1345.66736	391.29272	1469.63708	1152.12866	84.60856	1438.43433	1264.01538	267.29123	1339.85388	1269.27649	184.56487	1443.34900	1105.98071	532.66193	1128.21313	1147.39734	41.80965	1127.48804	1363.33936	581.79315	889.94305	1163.04431	136.50586	948.22205	1520.12769	357.88132	1046.86804	1285.25012	231.34906	1012.79327	1325.93250	249.09601	958.64069	1048.68188	496.74176	489.76422	1247.29089	79.78797	540.84015	1140.24866	622.17603	183.86887	1368.50903	118.54774	113.06959	1071.02515	
291	2.900	248.37793	1500.90967	1437.69299	253.16615	1706.43469	1209.43604	363.73859	1608.65845	1298.79321	143.41261	1573.37292	1355.45886	395.90332	1467.73853	1161.33118	88.81513	1437.38550	1273.09412	271.36429	1338.56189	1279.77441	189.47900	1442.50476	1115.46143	535.79791	1126.49707	1155.65515	44.05620	1126.08545	1370.39221	584.92175	887.73639	1169.75195	139.15302	948.18274	1527.13196	362.21957	1046.32837	1295.13367	237.10158	1012.20782	1336.41858	253.76868	957.68317	1059.83887	492.71558	489.55038	1259.35229	84.73706	540.23047	1147.33374	618.18079	190.13911	1389.07495	119.48013	115.07240	1068.62610	
292	2.910	251.23701	1500.55920	1448.32642	257.98077	1705.54492	1219.17029	367.18988	1607.74622	1308.85620	147.00548	1572.28235	1363.80334	400.56879	1466.84509	1171.48779	93.15403	1436.50366	1282.59326	276.03116	1337.63098	1290.06836	194.11339	1442.03687	1125.43140	539.88135	1125.21741	1165.64868	46.11647	1123.81628	1376.66626	587.66846	885.51422	1177.63989	142.19957	948.72400	1533.82300	367.35504	1047.26685	1306.50012	242.01736	1011.30548	1346.46545	258.47870	956.34619	1071.54797	489.06122	488.14890	1270.21814	89.22323	540.18384	1156.16345	613.98828	195.52467	1408.93860	119.42648	116.35108	1065.59570	
293	2.920	253.68515	1499.99207	1457.38733	262.06812	1705.15222	1228.84180	371.28256	1607.50549	1319.57166	149.63374	1571.59900	1373.79077	405.73203	1466.12463	1182.88000	97.77042	1435.22693	1291.06262	280.57401	1337.19678	1300.52539	199.47563	1441.12183	1134.88782	543.71405	1123.85132	1174.13452	48.36318	1122.00818	1383.26233	590.22235	883.90967	1184.92773	143.89032	948.16937	1540.63965	371.59573	1047.75964	1317.59485	246.18304	1010.82104	1357.64941	262.44385	955.22620	1083.89832	485.90085	486.87494	1283.55127	93.23134	540.28088	1165.73743	610.57074	200.58827	1429.40979	121.75593	121.32188	1064.43335	
294	2.930	255.97231	1499.69299	1467.36743	267.05963	1704.67273	1238.71106	374.28381	1606.87781	1330.32971	153.28697	1570.81152	1381.09583	411.08728	1466.63672	1192.53870	102.17222	1434.55701	1299.47864	285.76898	1337.42578	1310.24158	204.96141	1440.87756	1144.37695	547.48254	1122.31567	1183.69824	51.12938	1120.39441	1389.38562	592.62000	881.83759	1192.62561	145.22627	947.76404	1547.13098	375.82895	1048.03381	1328.99426	251.09825	1011.06006	1368.69873	267.94870	953.83673	1095.12988	484.94208	486.33261	1295.54651	97.37728	540.37073	1175.12842	607.63904	204.79390	1449.57117	122.08297	123.27624	1062.16260	
295	2.940	258.01089	1500.23389	1477.51038	271.69107	1705.60425	1248.76868	378.60544	1608.16162	1342.11646	155.64961	1571.72241	1390.81079	416.33151	1465.84521	1203.53711	106.34276	1432.78442	1307.52979	290.41367	1337.25354	1320.58948	210.63422	1440.85962	1153.97253	550.73987	1120.82312	1192.27673	53.23149	1118.95593	1394.31482	594.93622	881.04211	1201.67615	146.07710	946.08972	1552.17371	380.40121	1048.14490	1341.35889	254.02794	1011.31537	1379.24646	273.15283	953.23517	1107.72949	483.69827	485.22702	1308.17053	101.69628	540.19861	1185.14819	605.38708	207.72342	1468.69507	123.30535	126.75974	1059.81604	
296	2.950	260.00592	1500.78625	1487.11658	275.27542	1707.05151	1259.57837	382.16895	1609.85095	1354.15112	158.51378	1572.44360	1399.35449	422.10800	1465.88562	1214.34912	110.29123	1432.94824	1315.40002	295.27634	1339.89197	1333.05029	216.66447	1441.58179	1163.65234	554.44781	1120.09302	1201.03320	52.97942	1120.07043	1399.55835	596.71893	879.71631	1208.33179	146.84149	944.87598	1556.72913	383.63953	1048.08728	1353.67969	256.68372	1012.45111	1390.04443	277.95255	954.04919	1118.34558	486.70969	486.46375	1321.84631	107.38932	540.18927	1195.70459	602.24603	210.74623	1487.24841	123.53242	132.54642	1058.04297	
297	2.960	261.35144	1502.30151	1497.64307	280.18274	1707.93469	1269.71545	385.37225	1611.40759	1365.30579	161.34201	1574.26306	1408.69910	428.04755	1467.64575	1226.98254	114.05436	1433.68835	1323.40576	298.75912	1340.68115	1342.97424	222.86406	1442.17334	1173.19592	558.38885	1119.67297	1210.63867	55.54917	1120.52039	1404.51697	599.30011	879.01904	1217.81677	147.04198	943.89105	1561.03027	385.79578	1048.66772	1366.82849	258.27060	1013.45892	1399.94983	283.67685	955.35547	1128.69189	484.07751	485.48166	1336.66113	113.02762	540.33618	1206.43030	599.84308	213.52635	1507.15295	125.20289	137.85521	1057.05359	
298	2.970	262.80011	1503.86035	1507.23267	283.65134	1710.36096	1280.31116	388.21103	1612.82764	1377.49927	163.91243	1575.92712	1417.95032	433.72009	1469.39465	1238.99487	117.35199	1434.92151	1331.45728	301.80646	1341.94751	1353.27258	228.91797	1443.74695	1182.60034	561.93567	1119.55212	1220.03015	56.94453	1121.62854	1406.67126	600.40698	879.13666	1226.13977	146.22385	941.99341	1564.21753	387.36032	1048.77319	1379.11060	260.80283	1017.42212	1411.95313	289.97073	957.29388	1138.90344	486.32803	487.26282	1350.95630	119.24107	541.63000	1217.39636	596.15442	214.74849	1524.83936	127.90598	144.34259	1056.11707	
299	2.980	264.36594	1506.34229	1517.90784	287.79980	1711.84045	1290.24878	391.02759	1614.64392	1388.97180	166.63535	1577.24500	1425.17078	437.83191	1469.57593	1250.16187	120.52655	1436.55737	1339.29675	304.14188	1343.08105	1362.81421	234.24107	1445.70459	1192.55994	565.31506	1120.44910	1229.91687	58.63783	1121.95154	1411.17944	603.26306	879.45825	1234.49866	145.93811	940.97827	1567.47131	387.60715	1049.53955	1391.82642	259.23010	1017.87805	1419.91602	296.69186	959.15546	1148.47241	488.30875	490.43646	1365.32092	126.23714	543.55865	1229.25513	591.53558	217.40471	1541.52930	131.43723	152.17853	1057.08411	
300	2.990	264.86572	1508.63428	1528.60107	292.67249	1713.34937	1300.09009	393.77768	1616.87073	1401.28772	167.90083	1578.81653	1434.53040	442.30655	1471.52368	1262.96912	124.02999	1438.31433	1346.56335	306.80237	1344.92261	1373.43225	239.96579	1448.44263	1201.95007	569.06348	1121.45874	1240.88965	59.86627	1122.95117	1414.20166	604.31738	880.65021	1244.94177	144.21581	939.26697	1569.47632	388.09222	1051.36169	1403.12183	258.83261	1019.69946	1429.07239	302.56516	961.60785	1158.55664	493.35843	494.17563	1377.20471	135.79408	545.83057	1240.49695	586.18304	220.29507	1558.00732	136.73782	160.06148	1058.07813	
301	3.000	265.65689	1511.15222	1538.73657	296.36053	1714.77271	1310.11707	395.54102	1618.85364	1412.96228	169.90759	1580.37622	1442.79700	445.92236	1472.68250	1275.75781	126.13595	1441.73035	1354.85767	309.71729	1346.60339	1383.08655	245.15378	1450.65833	1210.02454	572.38928	1122.90845	1251.15125	61.12460	1124.84558	1418.07861	605.80951	880.88354	1253.21167	142.03340	937.97089	1570.90198	388.55649	1053.74475	1414.20410	258.33246	1022.47534	1438.49695	307.54483	964.11761	1168.27344	498.89572	498.11118	1387.37000	145.07004	547.40906	1252.21887	581.51117	223.43143	1572.18921	142.21498	170.46732	1061.11157	
302	3.010	265.58405	1513.34851	1548.69421				398.59247	1620.96838	1424.82922	171.42026	1582.70532	1451.94629	450.07312	1474.59802	1288.22290	129.37483	1442.45532	1357.94543	312.09528	1348.49634	1394.33618	250.50816	1453.29077	1219.57996	576.18396	1124.67371	1262.85083	62.87598	1126.19629	1419.34326	608.15570	883.11774	1263.07959	139.57298	935.98328	1571.96167	387.58408	1056.19482	1424.98193	258.10840	1024.88049	1446.46472	313.61752	966.40936	1177.60449	506.93393	502.34061	1396.40527	154.29230	548.74432	1264.46143	573.69507	225.24069	1586.25403	150.91779	178.96548	1059.93347	
303	3.020	265.92514	1515.78333	1559.29321				400.51886	1623.01392	1435.99487	173.26111	1585.26123	1460.37537	454.10663	1476.37817	1301.05823	132.28575	1445.11768	1364.77307	313.94833	1350.76514	1404.22742	255.77171	1455.25879	1228.59741	579.45978	1126.36194	1274.77942	63.92914	1127.39172	1423.09619	609.86511	884.67273	1273.48364	137.15395	934.40070	1572.52026	387.17270	1059.32886	1435.86353	257.62360	1027.70227	1455.06787	319.06805	968.94714	1186.59070	513.23547	504.99435	1406.24500	163.39549	550.19196	1276.95105	563.75562	225.94215	1597.39258	159.61568	188.52315	1065.96118	
304	3.030	266.14163	1518.11169	1569.90039				402.52979	1624.99609	1447.15771	174.82469	1587.89319	1469.05322	457.30853	1479.00317	1314.29895	134.74260	1447.28564	1371.79993	315.77081	1353.26990	1414.45691	261.03366	1457.65051	1238.42297	582.88031	1128.66504	1287.27930	65.31546	1128.98914	1424.69202	611.02338	885.57550	1283.30994	134.28596	932.64172	1571.90674	387.21881	1062.13550	1446.05054	257.63901	1029.85840	1462.69519	324.64722	971.34637	1196.08789	518.19543	506.53656	1416.47156	172.31517	551.81128	1289.96460	553.77130	224.42470	1604.29517	168.72963	198.43228	1075.76074	
305	3.040	266.05707	1520.20044	1578.43811				404.11615	1626.94922	1458.79980	176.10832	1590.10071	1477.49182	461.12534	1481.23767	1327.45825	136.70239	1449.42212	1378.69397	316.62238	1354.95740	1424.46509	265.96698	1459.66772	1247.39587	586.04193	1130.70203	1299.84839	66.80374	1130.33313	1426.45959	613.11169	888.25922	1295.94165	130.88168	931.07373	1572.14160	387.53375	1064.30811	1456.13159	257.36710	1032.39722	1469.89783	329.86078	973.74591	1204.38098	523.22229	507.99963	1427.31396	181.40755	553.13348	1303.20276	545.05627	221.83159	1608.06946	178.08067	210.09654	1088.75635	
306	3.050	266.07657	1522.46375	1589.07178				405.07877	1628.01123	1469.23169	176.83464	1591.98193	1486.41797	464.67807	1483.18982	1339.27075	139.23293	1451.50586	1383.58777	318.12424	1357.23926	1433.33154	272.11575	1461.47815	1256.16809	588.72302	1132.59668	1313.50818	68.01584	1131.19592	1428.97375	614.44757	889.30621	1306.23181	127.24471	928.89050	1572.33142	387.81885	1066.75623	1464.94397	257.40720	1034.37024	1477.70728	334.00104	975.87067	1213.31555	529.55963	509.35886	1438.32654	190.12643	554.87305	1316.57886	537.67914	218.94592	1609.78162	187.69284	218.29564	1100.98669	
307	3.060	265.38303	1523.69067	1597.82959				406.13501	1630.04468	1480.29053	177.84233	1593.60046	1494.16431	467.12006	1484.89233	1352.24194	140.80493	1453.69702	1390.25403	318.56976	1359.44385	1443.58325	275.32858	1464.36719	1265.49658	591.80255	1134.34985	1327.62585	69.41933	1133.06384	1430.40271	616.33984	891.50464	1319.20825	123.23338	926.13025	1571.31750	388.13385	1068.68506	1475.30872	257.54990	1036.86719	1485.41785	337.39520	978.11108	1222.08704	534.75262	508.25101	1449.32068	198.92657	556.54388	1330.41064	529.38959	212.61586	1609.90149				
308	3.070	265.46896	1525.75427	1607.58325				407.13007	1631.93152	1490.97498	178.78357	1595.30298	1502.02380	469.63245	1487.18530	1364.90149	142.51915	1456.39746	1397.13940	319.43094	1361.11865	1453.02515	281.74936	1466.44653	1274.04456	594.80170	1136.56372	1341.67200	71.10052	1134.55017	1432.58716	618.22150	892.74988	1329.38062	118.98399	923.72510	1569.92297	388.09500	1069.74780	1485.09705	259.15540	1039.71130	1494.79407	340.94531	979.68933	1230.67834	540.37598	509.86816	1459.58081	207.52878	558.63855	1344.46936	523.55560	206.81671	1609.30237				
309	3.080	263.96164	1527.04688	1616.09631				408.16025	1633.97424	1502.28455	178.98329	1597.58154	1510.77429	472.88031	1489.97705	1378.53772	143.66711	1458.57935	1403.30286	319.39029	1363.32642	1462.15125	284.96118	1468.63599	1282.92834	597.11780	1138.60181	1355.24963	72.30600	1136.32849	1435.14526	619.94696	894.97571	1343.57678	115.24141	921.22253	1568.64697	388.96048	1070.80762	1493.70422	257.21204	1041.08777	1501.49805	344.47464	981.79523	1238.82617	545.57855	509.65399	1470.37463	215.95998	560.81293	1358.72729	517.70160	200.55939	1608.48303				
310	3.090	263.67352	1528.24255	1624.52905				408.40485	1635.62952	1512.44543	178.76939	1600.02820	1519.07446	474.33597	1491.22180	1391.18079	144.88890	1460.81116	1409.06787	319.71121	1364.62598	1471.28796	290.36484	1471.24670	1291.65857	599.59808	1140.55530	1369.75500	74.41518	1138.39233	1436.62732	622.36169	896.37494	1355.57813	110.82364	919.01794	1566.60034	389.69839	1072.02686	1503.92041	257.26447	1040.87573	1502.74182	347.66412	983.47845	1247.59534	547.19141	510.00256	1478.92700	223.71201	563.92273	1373.86255	511.49936	193.52512	1607.65625				
311	3.100	262.04721	1530.44263	1634.39514				408.81409	1637.27026	1523.40894	179.32224	1601.23242	1526.38220	476.64832	1492.96814	1403.23462	146.30060	1462.85779	1414.86365	319.85785	1366.42175	1479.80444	293.46417	1473.43762	1300.17615	602.04724	1142.27551	1384.58704	76.01611	1139.40735	1437.49707	623.96002	898.74255	1370.17114	106.18810	916.76257	1564.86609	390.06180	1073.19055	1512.19556	257.28674	1044.93494	1519.17175	350.66193	985.48065	1255.13696	550.89966	511.57556	1488.23230	229.65944	566.82965	1388.80811	507.09695	185.86440	1606.15491				
312	3.110	261.06763	1531.41089	1642.37427				408.57895	1638.72400	1533.88074	179.39537	1602.31714	1534.71057	477.98178	1494.50696	1415.29773	147.81979	1465.07300	1420.08411	319.39294	1368.08191	1488.85498	297.65933	1476.35498	1309.04846	604.23456	1144.13196	1398.67065	78.05045	1141.89734	1438.86987	626.34564	900.72040	1384.87976	102.57219	914.66541	1559.94653	390.06409	1073.81628	1521.15283	257.06357	1043.17590	1516.57996	354.24570	987.64154	1263.32605	553.39795	514.36267	1498.68848	237.61177	571.65509	1404.84912	503.08508	180.04285	1604.68384				
313	3.120	259.21188	1532.54639	1651.14917				408.13187	1640.36694	1544.52576	178.69948	1603.81201	1542.78430	480.29254	1496.68164	1428.06006	149.30452	1466.75781	1425.44617	318.90973	1369.29651	1497.19287	301.52716	1478.07593	1317.58228	606.13879	1145.95276	1413.45215	80.02833	1142.99316	1441.31128	627.65631	901.42029	1397.72009	97.52502	912.50806	1556.02075	389.95316	1074.88049	1530.47290	256.59903	1044.34094	1523.09387	356.57620	989.44788	1271.38220	554.91888	516.61060	1509.42908	243.54887	576.46301	1421.25818	499.67322	175.22694	1602.26440				
314	3.130	258.38031	1532.03467	1655.18787				407.70065	1641.41699	1554.80444	178.18692	1604.65320	1550.62915	481.51968	1498.84216	1440.73279	150.80669	1468.18311	1429.77905	318.63840	1370.37354	1504.79248	304.97650	1479.77783	1325.81946	607.64038	1147.41687	1427.38660	81.43517	1144.64514	1441.89270	630.55615	903.55164	1413.34521	91.95700	911.13049	1551.38147	389.56610	1076.22583	1539.29260	255.98277	1046.84009	1531.61731	359.42642	991.94678	1279.22498	555.40009	518.50037	1519.99670	246.99342	582.01801	1438.09363	498.74432	175.06421	1599.88818	579.93829	1139.69116	1329.30981	
315	3.140	256.00690	1532.97668	1663.33215				407.28333	1643.20850	1565.40210	177.47659	1605.46375	1558.32666	481.83975	1498.96631	1452.68701	152.03293	1470.46228	1435.78870	318.61322	1371.83569	1512.84631	307.85410	1482.51465	1334.64954	609.40405	1149.09741	1442.13367	83.37119	1145.83447	1441.94312	632.75757	905.08856	1427.79114	86.82183	909.21057	1546.07886	388.90485	1077.33997	1548.03699	255.84621	1047.56311	1536.85645	362.41342	993.69281	1286.32056	555.52332	520.51959	1531.09607	251.72707	587.10394	1454.41150	496.89630	174.88612	1596.60632				
316	3.150	254.45699	1533.70471	1671.85852				406.25592	1644.02979	1576.28271	177.36230	1606.94714	1565.15540	483.00482	1501.00647	1464.48010	152.75433	1472.38367	1442.45422	318.26782	1372.35803	1520.42896	311.44849	1484.50647	1342.46936	610.79346	1150.52686	1456.37842	84.95628	1146.98474	1443.12622	634.46967	906.76080	1443.72302	81.52484	907.30981	1541.58765	389.01974	1078.32410	1556.85876	255.52576	1049.74084	1543.94690	364.67572	995.25427	1294.55530	555.26166	521.86005	1540.56580	254.97607	593.11658	1472.23157	496.21213	174.47603	1593.31665				
317	3.160	252.41388	1533.20300	1679.52954	412.32550	1455.17822	1436.45801	405.34949	1644.70667	1586.09570	176.16698	1607.31824	1572.64148	482.80783	1502.28381	1476.39282	152.91310	1473.61780	1448.61365	317.60553	1373.63770	1528.18640				611.72559	1151.69702	1470.61694	85.64616	1148.15283	1443.45935	635.90216	908.03137	1459.22290	76.08102	906.38434	1531.03381	388.36661	1080.11292	1564.83081	254.61246	1051.50867	1550.51367	366.17154	996.91229	1303.01062	556.91272	523.38531	1551.56335	259.32663	597.34857	1491.01343	495.41373	173.85110	1590.14697				
318	3.170	250.60959	1533.90857	1687.58496	316.97720	1487.64124	1358.39954	404.02432	1645.77661	1595.78796	175.33313	1608.66687	1581.14526	483.05957	1503.27161	1488.37109	153.12617	1474.86267	1455.80151	317.42200	1374.34338	1535.70020				612.55334	1152.84399	1485.10327	86.34615	1149.27393	1442.84399	638.11316	909.29968	1474.23706	70.83464	905.26654	1525.91772	387.03473	1081.09973	1573.30908	253.92734	1053.11475	1557.42444	369.21838	998.29761	1311.39478	556.47052	523.92780	1559.83130	260.76807	603.88330	1510.88013	494.42834	171.36258	1586.76904				
319	3.180	248.54216	1533.90906	1694.18958	319.95758	1488.55176	1366.91980	402.68591	1646.69971	1606.52625	174.34648	1608.34021	1588.05945	483.48373	1504.46021	1499.71045				316.60486	1375.03845	1543.54468				613.39032	1154.28394	1499.72852	86.82924	1149.72742	1443.04358	640.14276	911.18372	1491.50256	66.36198	904.21838	1519.71875	385.90683	1082.27893	1581.67493	253.15463	1054.54248	1563.39905	370.88525	999.64893	1319.08191	556.26044	523.98505	1566.57703	260.68231	609.02954	1531.84326	493.89346	170.79576	1585.50110				
320	3.190	246.38695	1533.51501	1702.83887	322.48410	1489.71851	1375.74695	401.90683	1646.70605	1616.25989	173.46902	1608.10132	1595.32178	483.61234	1504.72253	1510.51331				316.05124	1375.37048	1551.16760				614.08148	1155.71460	1514.73499	86.54359	1150.60229	1442.40906	641.42645	912.32983	1508.78174	61.18741	903.92554	1512.07336	384.92371	1083.54199	1589.79346	252.75793	1055.94238	1569.25500	372.79813	1001.05682	1326.96301	556.05823	523.35828	1573.41504	257.89404	613.27002	1550.51843	493.50653	168.67662	1582.93188				
321	3.200	244.00076	1533.28625	1709.69800	324.09006	1490.57239	1383.70398	399.98721	1646.91394	1626.30579	171.66835	1608.51416	1603.33728	483.31464	1505.91321	1522.14893				315.19257	1376.39453	1560.00098				613.37933	1156.00757	1529.15125	86.14288	1150.84106	1442.13013	642.96381	913.73712	1526.03625	56.87930	903.30273	1504.08582	383.65894	1084.82068	1598.29468	251.59700	1057.62585	1575.74768	375.06400	1002.04199	1334.88794	554.35706	521.96619	1578.93640	254.45966	617.23920	1571.56104	493.07257	168.40649	1582.49792				
322	3.210	241.57166	1532.77429	1718.33862	326.37726	1490.97766	1392.14526	398.12323	1646.71069	1635.24329	171.36803	1608.27490	1609.22974	482.59082	1506.42529	1532.38196				314.53146	1376.54749	1567.27026				613.52448	1156.54468	1544.44397	85.50498	1151.04028	1441.75989	644.82184	914.51270	1542.11646	51.80464	903.57721	1498.89697	382.24286	1085.11279	1606.35364	251.02301	1059.10779	1582.08093	376.70697	1002.84045	1342.29199	553.94250	521.01929	1584.45923	247.93604	620.11792	1587.37671	493.12509	168.04572	1582.02588	279.36578	313.23483	1428.34680	
323	3.220	239.15639	1532.65955	1725.68469	327.58380	1490.50024	1400.14795	397.46527	1646.40259	1643.89819	169.94727	1608.19983	1616.55420	482.34064	1506.91650	1543.33533				312.95865	1376.71362	1574.88525				613.47729	1157.66321	1558.46094	85.77614	1152.01099	1440.28308	645.99207	916.62946	1559.59741	47.58208	903.89539	1492.20752	380.48505	1085.16406	1613.42981	249.32062	1060.02014	1589.05164	378.35062	1003.75885	1350.26355	552.25775	519.79559	1588.35620	240.48346	622.78827	1603.73767	493.69250	167.11310	1582.46875	284.20355	308.82693	1448.45520	
324	3.230	236.68147	1531.65063	1732.43970	327.73752	1491.49951	1408.92517	395.44934	1647.32825	1654.87085	167.73088	1608.81970	1625.09692	481.54623	1506.96313	1553.39612				312.23941	1376.72034	1583.60327				613.50409	1158.72949	1573.16541	85.06419	1152.30017	1439.59644	647.28693	917.79901	1578.70007	44.52349	904.50061	1485.37317	378.87607	1084.80103	1622.44580	248.16170	1060.24707	1595.04126	380.39966	1004.20044	1358.47705	550.52478	518.20984	1591.75635	229.56395	626.24725	1611.77539	493.84442	166.16615	1582.17285	283.11578	306.33304	1469.34131	
325	3.240	234.25780	1531.55774	1740.75940	329.46860	1491.69897	1417.88550	392.94144	1646.51880	1663.15637	167.27783	1607.53967	1629.74036	480.82028	1507.23608	1563.90613				310.70068	1376.93652	1591.18713				613.90997	1159.51208	1588.10706	84.40916	1152.51184	1438.89441	648.77435	918.69586	1595.47546	41.48837	904.29877	1480.48108	377.51297	1084.89856	1630.19153	246.71634	1060.32190	1601.38892	381.19293	1004.52307	1365.95313	548.40814	516.35815	1595.28467	221.07880	626.59381	1621.37390	493.75156	165.32599	1582.26904	283.61859	301.76505	1491.08728	
326	3.250	231.49094	1530.35864	1747.16931	330.61499	1491.18823	1425.74243	391.24368	1646.14136	1672.29199	165.21597	1607.32642	1638.26355	479.85239	1507.00159	1572.80872				309.91678	1376.60693	1598.41980				613.88385	1160.33215	1603.20703	83.68938	1152.24084	1438.76013	649.34583	919.52429	1612.35303	38.35535	903.95093	1474.20203	375.95258	1084.18958	1638.36121	245.95012	1059.81152	1607.73438	382.04395	1004.94958	1373.55920	546.88647	514.98456	1598.13647	213.93996	630.10162	1630.33362	493.55338	163.91368	1583.32959	284.16818	296.17712	1512.38538	
327	3.260	228.51259	1529.87402	1754.73645	332.03857	1491.54663	1434.60144	389.77347	1645.45703	1681.54065	163.22314	1606.70703	1644.59119	478.45001	1506.69775	1582.96924				308.53674	1376.04895	1606.10449				613.23413	1161.32349	1617.25122	82.98368	1152.10657	1438.74536	649.74353	921.02423	1630.78772	36.25385	904.72638	1470.55945	374.21475	1083.56421	1645.18127				383.41144	1005.04797	1381.63391	544.78113	513.14429	1601.56128	205.98099	631.06476	1639.46021	493.51022	162.60323	1584.45654	284.34161	290.15933	1533.41748	
328	3.270	225.74731	1528.96545	1762.91321	330.12064	1490.66113	1442.72595	387.34619	1644.22058	1689.24194	161.10004	1606.38379	1652.67322	477.51566	1506.36389	1592.03906	242.78784	1058.62231	1622.43872	307.88028	1375.38574	1613.37573				613.03113	1162.00232	1631.23462	82.44181	1152.36133	1438.44482	650.37170	921.99951	1649.05334	33.47443	904.90442	1466.83362	372.93634	1081.96851	1651.82336				384.47549	1005.04901	1389.75635	543.32922	511.84274	1603.98010	198.38591	630.41724	1651.55066	493.61133	161.38712	1585.13757	284.14825	283.04669	1554.06885	
329	3.280	222.79738	1528.35107	1770.14282	330.55298	1490.52063	1450.87524	385.15085	1643.75305	1699.38892	159.29149	1606.13855	1659.33557	475.88641	1505.86523	1601.69263	241.57382	1058.23132	1629.61353	306.04672	1374.80176	1622.13159				611.89825	1162.41992	1646.53381	81.32960	1152.41284	1441.59314	650.26379	923.63489	1666.23120	31.56686	905.32526	1462.68823	371.21353	1081.61646	1661.80835				386.03720	1006.03040	1397.95435	541.85114	510.19196	1606.41199	190.98593	631.59094	1659.46814	493.43167	159.75797	1586.53699	284.34399	276.04568	1573.59399	
330	3.290	219.85109	1526.78809	1776.22607	331.81769	1490.14221	1459.29199	382.35147	1643.03796	1707.30151	157.74742	1604.36353	1665.08728	474.39841	1505.08472	1610.77222	240.82733	1056.02832	1635.89587	305.10800	1374.04102	1630.47375				610.89722	1163.31006	1659.87366	80.79195	1152.77539	1442.72375	650.42828	924.84784	1684.46240	29.38240	905.25946	1459.41382	370.20560	1079.75171	1667.85449				385.58075	1005.00366	1406.40833	541.06909	509.19061	1608.74268	183.86066	632.10132	1667.08887	493.17813	158.80847	1588.09534	284.44528	266.78696	1595.64221	
331	3.300	216.69693	1526.02710	1784.50159				379.89063	1642.10010	1716.82581	155.34572	1603.97351	1673.12585	472.64050	1504.49841	1619.90271	238.67871	1055.60791	1644.83264	303.34811	1372.99707	1637.49207				610.59387	1162.64551	1670.40674	80.16868	1153.23389	1444.82385	650.56439	925.77490	1702.01758	28.00987	905.60889	1454.83606	368.33444	1079.40881	1677.47168				386.16840	1004.55896	1413.95862	539.59039	508.24390	1611.20337	177.21796	631.83258	1675.19153	492.63397	157.39182	1590.80444	284.44928	255.81903	1617.26807	
332	3.310	213.35777	1525.54297	1793.15125				376.63818	1641.24292	1725.53052	152.73141	1602.76587	1680.12903	470.97556	1503.84705	1629.18738	237.45676	1054.52209	1652.16699	302.49829	1370.87610	1643.86780				609.23932	1164.09229	1684.35205	79.35547	1153.54443	1446.53992	650.70154	926.71515	1719.45569	26.27722	905.42218	1451.86804	366.99454	1077.70471	1685.12463				385.87921	1003.73694	1422.40332	539.30579	507.22220	1613.14905	170.68430	631.53174	1680.76465	493.44611	156.95941	1592.94250	284.88852	243.87781	1641.43713	
333	3.320	209.95622	1524.10388	1799.66565				374.17856	1640.62109	1734.50061	150.14252	1602.06812	1687.08093	469.26007	1502.87488	1637.68994	236.25041	1053.14893	1659.38403	300.63983	1369.61511	1652.28638				608.20190	1164.13049	1697.72375	78.09131	1154.36548	1448.77991	650.81250	927.62598	1736.26306	24.94105	905.83716	1450.45496	365.16714	1076.46643	1693.28235				385.43088	1002.81293	1430.87671	538.28204	506.10681	1615.32312	165.96040	630.84204	1685.11377	493.93039	155.97891	1595.41797	280.52472	234.26956	1663.41394	
334	3.330	206.40123	1523.40674	1806.69678				371.41147	1638.51660	1742.16150	147.04613	1601.59973	1695.55469	467.22357	1501.66321	1646.63452	234.13074	1052.57446	1668.06787	298.22647	1368.78931	1660.43616				607.13684	1164.71777	1710.44946	76.57549	1153.68054	1452.53064	649.73334	930.03174	1755.01465	23.27052	905.60931	1449.24597	362.85220	1076.22913	1703.03113				384.78973	1001.83936	1439.34839	537.38959	504.90146	1617.66321	161.67566	628.79382	1688.39502	493.43069	154.39639	1596.84326	275.79822	223.34259	1685.19458	
335	3.340	202.82790	1522.41077	1815.11145				368.21744	1638.24377	1752.39478	144.49208	1600.71899	1702.59961	464.85767	1500.36755	1654.76343	233.13863	1050.72339	1675.22681	296.47607	1367.57947	1668.65466				605.00018	1164.97314	1724.17419	75.10062	1153.87537	1455.76892	647.80511	932.26587	1774.11426	22.01784	905.84625	1447.85767	361.62787	1073.83386	1709.16626				384.17749	1000.60693	1448.02185	537.02814	503.12622	1619.65430	158.88046	624.85504	1690.64111	493.36829	152.46544	1598.39075	270.22757	211.04443	1709.05652	
336	3.350	199.50539	1521.22815	1823.27234				364.43347	1636.95459	1760.97754	141.75819	1599.43823	1708.72388	462.49329	1499.22070	1662.18994	230.08119	1052.11963	1689.08582	294.63470	1365.42163	1676.24622				603.07251	1165.95679	1737.03760	73.82565	1154.19067	1456.63452	647.33337	933.45642	1789.84924	21.16882	905.49243	1446.92651	359.39621	1073.21545	1718.94141				383.13232	999.97595	1457.26489	536.31714	501.06409	1621.34253	157.51297	619.04675	1692.66333	494.32343	151.90758	1600.30298	263.46985	199.05260	1732.44019	
337	3.360	195.61720	1520.11841	1831.14209				361.19223	1635.75903	1769.97595	138.69331	1597.52527	1717.06995	460.38297	1498.15491	1670.52490	227.83069	1049.78162	1695.40173	291.91287	1364.47888	1685.26074				601.59247	1165.14465	1749.42456	72.13339	1153.52026	1462.08545	645.41357	935.31763	1808.27087	20.36380	905.61725	1446.38477	356.51321	1071.98669	1727.63477				381.12643	998.15643	1464.65747	535.12494	500.24213	1623.30359	158.43709	612.12274	1693.17517	494.08264	149.86952	1601.22534	255.78256	189.60393	1756.76807	
338	3.370	191.86565	1518.43909	1838.07654				358.02060	1634.22668	1778.45313	136.12900	1596.31152	1724.37317	457.67740	1496.23157	1679.03577	225.66798	1048.62793	1703.66602	289.39600	1363.05725	1693.19275				599.11462	1165.67712	1761.33765	70.67039	1153.60852	1465.49475	643.84070	936.56421	1824.57239	19.95787	905.20715	1446.20789	354.41776	1071.22144	1736.49963				378.52792	996.33105	1474.43665	534.19788	499.09845	1625.28442	159.12106	604.70966	1692.95032	495.73276	149.13512	1602.55847	246.31464	181.11247	1779.92126	
339	3.380	187.86195	1516.96484	1845.43823				354.51852	1632.43750	1786.54004	133.24721	1594.76379	1731.40466	454.50601	1495.15063	1688.24121	223.44968	1045.93201	1710.53845	286.53748	1361.24805	1701.29822				595.81897	1166.16406	1774.95569	68.85143	1153.08374	1471.29712	641.08319	938.75262	1842.12671	19.57257	904.95148	1446.55347	351.84509	1069.42346	1744.57715				376.79248	994.63232	1483.45630	533.68817	498.16293	1626.76746	162.79301	596.16565	1693.82141	496.61951	147.27197	1604.11951	236.11755	175.18999	1804.49561	
340	3.390	184.17470	1515.62219	1853.37573				351.11649	1630.68958	1795.28479	129.70422	1592.76880	1738.57043	451.63058	1493.91565	1695.84839	220.92387	1045.02295	1719.54675	283.57523	1359.78772	1710.04419				592.96747	1166.67139	1787.68347	67.58653	1152.92615	1473.85022	638.24249	940.89941	1858.48450	19.40061	904.55658	1447.51465	349.48749	1068.30676	1753.73389				373.53818	993.31561	1493.31897	532.82129	497.52563	1629.64734	166.76253	588.22943	1693.36450	497.23260	145.72058	1604.04175	225.27353	172.16295	1822.01746	
341	3.400	180.18973	1514.38550	1861.98047				346.96005	1629.69043	1804.19348	125.73198	1591.81824	1746.60925	448.52029	1491.78064	1704.26367	217.33160	1043.14136	1729.52576	280.37799	1357.90869	1718.16040				590.08679	1166.35449	1799.83398	65.90025	1151.59131	1478.28455	636.10791	942.82202	1874.42395	19.30920	904.31860	1448.73315	346.51892	1066.42981	1762.38892				370.57813	991.31921	1501.83997	532.16620	497.58237	1631.46301	172.94621	581.45563	1692.24866	498.40558	144.65433	1605.48486	214.18193	171.35901	1845.18262	
342	3.410	176.13719	1513.03992	1869.94238				343.43347	1627.87720	1812.20862	122.73801	1589.96582	1753.92163	444.54855	1490.74695	1713.51868	214.37042	1041.10681	1739.85193	276.36053	1356.86694	1727.01099				587.11609	1166.40308	1811.79858	64.84411	1151.31018	1482.26807	633.12622	944.34015	1890.07434	19.34183	903.52942	1449.16748	343.76303	1065.53284	1771.84314				368.13992	990.10864	1511.44983	531.34662	497.54480	1634.24170	178.73506	576.89966	1694.94629	499.91824	143.26656	1606.15894	202.48027	174.37720	1862.43066	
343	3.420	172.30296	1511.20068	1876.88196				339.78909	1626.10754	1820.06763	119.32127	1588.09802	1761.79150	440.51730	1489.68970	1721.97302	210.76979	1038.85278	1749.35657	272.62088	1355.28479	1736.93298				583.89569	1166.90942	1823.63159	63.33867	1150.13464	1489.46191	629.97296	945.68231	1906.11609	19.34904	902.62769	1451.63745	340.14267	1064.39929	1781.93079				364.46844	988.58307	1519.63660	530.42737	497.24680	1636.75830	185.33943	574.04083	1696.84888	500.86191	142.72330	1606.99353	192.04791	178.19530	1880.82605	
344	3.430	167.57878	1510.01807	1884.90613				335.80829	1624.94678	1828.48376	115.04512	1587.50232	1770.47546	436.88550	1488.02686	1730.60303	207.86177	1036.04980	1759.26843	269.39182	1353.82019	1744.41504				580.81799	1166.52490	1834.92639	61.93544	1149.41626	1494.33337	626.48859	947.24579	1921.84094	19.60153	901.69391	1454.65479	336.76672	1062.74304	1792.17322				361.74466	987.03271	1529.31531	529.83234	496.76187	1638.70984	191.28662	572.61310	1700.41577	502.27594	142.38785	1607.55103	180.03091	183.51292	1895.86096	
345	3.440	163.23116	1508.89124	1892.44031				331.87970	1623.63501	1836.84192	111.24053	1586.47815	1777.38110	433.16287	1486.30518	1738.21667	204.39345	1033.21936	1769.06152	265.48053	1351.72534	1752.68750				577.36780	1167.05640	1847.55969	60.40450	1147.99988	1499.89026	622.67462	949.52985	1937.09326	20.01340	901.00903	1457.84644	333.49127	1060.97534	1801.90259				357.26254	986.20361	1538.03857	529.44421	497.54123	1642.57922	196.41991	571.24969	1705.85132	504.44235	142.96751	1608.72913	168.45992	189.42029	1909.29358	
346	3.450	158.93140	1507.41260	1899.87781				326.99872	1622.14111	1846.00964	106.90104	1585.80176	1784.80615	429.06192	1485.12012	1747.08667	200.77925	1030.35156	1778.86584	261.07782	1351.33850	1762.38708				573.65472	1167.24255	1859.51196	58.88919	1146.78406	1505.66479	619.21643	950.40875	1950.99561	20.55039	900.48279	1459.79309	329.98315	1059.06140	1812.13855				352.82632	985.05981	1547.11499	526.91595	497.11316	1646.39124	201.22415	569.73755	1713.69080	506.58026	142.62480	1608.86804	158.18559	195.88898	1924.75684	
347	3.460	153.74026	1506.88501	1908.48279				322.82919	1620.97913	1853.79309				424.68893	1484.00317	1755.62073	196.56241	1028.03088	1789.41956	257.24576	1349.32751	1771.73047				569.34387	1167.52026	1870.49548	57.89332	1146.40796	1510.64563	614.54919	952.23413	1965.67017	20.26385	899.12598	1464.49951	326.54626	1056.88818	1822.23340				349.00909	983.95435	1556.39844	526.06335	496.64670	1649.36548	204.27374	569.66040	1722.71008	508.06226	142.40811	1609.80115	147.98810	201.90996	1936.19373	
348	3.470	149.11269	1506.35156	1916.97400	271.72028	1721.58582	1729.95850	318.42340	1619.91772	1862.12817	97.77973	1583.16809	1801.03931	419.91229	1482.30286	1765.23096	192.65121	1024.58191	1798.84363	251.91249	1348.36365	1781.32544				564.95331	1167.66602	1882.67175	56.94672	1144.37268	1518.44153	610.10504	953.15808	1979.28809	20.55695	898.02014	1467.94397	323.24170	1054.48938	1831.61780				343.80331	982.76062	1565.36646	523.98065	496.44843	1654.19275	205.29889	569.94714	1734.81372	509.71136	143.11696	1611.49719	137.77159	206.33281	1948.26575	
349	3.480	143.55925	1505.90137	1926.44739	267.17026	1720.08838	1737.59766	313.01587	1619.17310	1871.32727	93.00189	1582.89319	1808.84399	414.72495	1480.68091	1774.25220	189.17146	1021.90015	1807.63281	247.12762	1346.53784	1790.15381				560.32941	1167.25098	1893.44580	54.79580	1144.38916	1521.65662	604.89325	954.34418	1992.86975	20.51171	897.53229	1472.89258	319.82016	1052.00757	1841.55664				338.44843	981.20319	1574.92737	522.98901	497.27615	1659.12085	204.84698	571.63910	1747.72009	509.51175	141.87050	1611.79150	127.59472	210.77406	1960.37915	
350	3.490	138.30304	1506.47693	1935.51147	263.11462	1718.96997	1744.69714	308.67853	1618.02771	1879.23669	88.69311	1582.18921	1816.56189	409.53519	1479.73254	1783.70471	184.43692	1020.56201	1817.96680	242.69742	1344.88757	1797.65039				555.55859	1167.12683	1904.45227	53.44536	1143.19299	1529.32581	599.39166	955.55249	2006.35376	20.45852	896.19354	1479.10876	315.37360	1049.52344	1850.73547				334.86945	979.80817	1585.23108	520.35522	497.37625	1665.74768	202.48628	572.14703	1762.80237	511.45093	142.72012	1613.32642	117.18700	215.21564	1970.57935	
351	3.500	132.72914	1506.19421	1944.30835				303.73077	1617.31738	1888.04956	83.35622	1581.93066	1825.04773	404.38052	1478.30566	1792.77917	179.99426	1018.91394	1827.34534	237.18004	1343.51160	1806.75537				550.30200	1166.70886	1915.28772	51.24503	1141.97583	1536.26563	593.49420	956.48877	2019.66040	20.53404	895.10211	1483.53137	310.91971	1048.23376	1861.07703				330.27829	978.16907	1594.86462	517.93427	497.10419	1669.62305	201.04488	572.59302	1779.01575	512.46930	143.26608	1614.88342	109.77838	217.60481	1980.01428	
352	3.510	127.44492	1506.58850	1953.09229	254.36465	1715.10461	1759.32056	298.85489	1615.67773	1895.99902				398.85797	1477.12903	1802.12390	174.79607	1018.37231	1836.64832	231.10071	1342.54541	1816.46179				545.25244	1166.32605	1926.47180	49.21876	1140.89636	1542.74609	587.81165	956.97864	2031.10205	20.28360	893.82391	1491.69116	305.10168	1047.95898	1872.60486				325.78357	975.79175	1604.96191	515.08990	497.42471	1676.80530	195.23018	571.26862	1791.72607	512.94983	143.78806	1616.11462	102.32496	219.78053	1989.68604	
353	3.520	121.61826	1506.64453	1962.01697	249.36017	1714.66516	1768.68518	293.24384	1615.49207	1904.75549				393.06311	1475.92505	1811.22913	168.95430	1017.65271	1846.62415	225.23630	1341.45410	1825.14722				539.33295	1165.47498	1936.10828	46.62541	1139.38000	1551.08801	581.67694	957.49225	2043.10669	19.81861	892.42590	1497.24365	299.49100	1046.75085	1882.07056				321.41022	973.80566	1616.54761	511.18292	497.86728	1683.56665	188.57495	570.55060	1806.15881	513.68396	144.27119	1618.15674	94.78361	220.76349	2000.48303	
354	3.530	116.02728	1507.03796	1970.72473	244.43460	1713.65784	1776.92188	288.20590	1614.61670	1912.76477	67.39558	1581.50793	1850.83508	387.48218	1476.04626	1819.99963	163.11380	1017.78503	1856.32751	219.21400	1340.89941	1834.17249				533.58679	1164.94531	1946.12488	43.79680	1138.11133	1559.71436	575.44879	957.34369	2054.13232	18.91867	890.83954	1506.01306	293.51465	1045.68542	1892.33228				317.32272	972.38855	1627.34229	508.21863	497.50824	1690.25427	180.06462	570.23035	1816.80908	514.13898	144.10880	1619.87769	87.91446	221.52835	2008.13550	
355	3.540	110.17534	1507.73047	1979.28870	239.16725	1714.71411	1786.03101	282.52173	1614.83972	1921.57715	61.45239	1581.66492	1859.76404	382.04169	1475.58167	1829.02124	157.56335	1018.10669	1866.02502	213.33397	1341.18298	1842.70618				527.12354	1164.83167	1956.89978	40.71071	1136.64709	1567.45972	568.55798	957.33899	2065.22046	17.99556	889.80615	1513.63489	287.15277	1046.92664	1903.54944				312.38525	972.17645	1638.19360	504.61810	498.56668	1698.55359	171.03099	569.52466	1829.64233	514.57605	145.47820	1622.73438	80.98113	221.41089	2017.43616	
356	3.550	104.53603	1507.86829	1987.93066	233.57625	1715.73840	1795.42322	276.94336	1615.08972	1930.06726				376.50195	1476.12512	1837.51160	151.78506	1018.69110	1875.19189	207.46906	1341.94360	1851.55444				520.19867	1165.75354	1967.71045	37.09652	1135.32385	1575.84729	561.24860	957.54517	2075.98877	16.79278	888.33234	1523.60120	281.45450	1047.28796	1913.48438				306.86478	972.69427	1647.61340	500.84998	498.71176	1707.53870	160.42517	569.76605	1838.86377	514.82458	147.28383	1625.24890	75.15318	220.28485	2027.62280	
357	3.560	99.02544	1508.06445	1995.57422	228.18056	1716.53479	1804.59070	271.27206	1616.26892	1938.62061	50.55405	1584.27454	1876.37036	370.75916	1477.10156	1846.15686	145.59268	1020.40192	1884.77148	201.69946	1343.62024	1859.65869				513.01007	1166.72583	1977.41943	33.12592	1134.21960	1585.68420	553.49670	958.59094	2085.43140	14.77181	886.91998	1534.47668	275.87137	1048.46460	1922.61743				300.79654	973.33899	1657.30969	495.97217	500.32004	1718.69495	149.56354	571.68280	1848.81812	515.11426	150.22375	1628.77661	68.28193	217.73668	2034.74255	
358	3.570	93.43507	1508.91785	2002.86682	222.59767	1717.96277	1813.70667	265.64157	1616.78003	1946.70532	45.39531	1585.07202	1884.18262	364.93637	1478.71130	1855.22241	139.46365	1022.36536	1893.56763	195.59256	1345.66333	1869.01868				505.83466	1167.22864	1986.25635	28.87900	1133.72729	1596.11011	545.58276	958.61914	2094.44653	11.96263	886.18176	1547.90576	269.04321	1050.37280	1932.71033				294.50549	974.06812	1665.89075	491.41107	502.04874	1729.57422	137.72235	572.40698	1860.80786	514.78589	152.91083	1630.05981	61.70020	215.32530	2042.50281	
359	3.580	87.81264	1509.15747	2009.66150				260.47192	1617.56665	1954.14087	40.42375	1586.79395	1891.72058	359.96487	1480.53015	1864.04382	132.93158	1024.76221	1903.30200	189.98685	1346.94067	1877.79968				497.31201	1168.68848	1996.40930	24.30153	1133.40845	1606.20862	536.99292	959.72192	2103.19702	8.60727	884.78491	1561.59094	262.58838	1052.30615	1942.10742				288.11655	974.73663	1674.90869	487.37170	503.47891	1740.56848	123.54520	577.78839	1865.24353	514.89203	156.55392	1634.41455	56.44628	213.15634	2049.69238	
360	3.590	82.56110	1509.87024	2016.17224	211.86449	1720.66577	1828.23352	254.86552	1618.68530	1961.56189	35.24157	1587.70874	1899.17749	354.42953	1482.49036	1873.46741	126.21394	1028.26245	1911.64819	184.23193	1349.29822	1886.11133				489.81741	1168.96289	2004.13147	19.70899	1133.19873	1616.78406	528.16492	960.51257	2111.49390	4.91439	884.76038	1577.71875	255.62712	1054.60034	1951.16650				282.10999	974.94763	1686.09827	483.01059	504.95157	1752.21375	111.11023	582.03485	1875.23352	514.39545	161.42169	1639.39160	51.22088	210.35608	2054.37451	
361	3.600	77.32746	1510.33484	2022.80505	206.52165	1721.67493	1835.23340	249.40063	1619.36487	1968.74744	29.41954	1588.18079	1907.07861	348.88245	1484.18884	1882.78296	119.21295	1031.48303	1920.53418	178.60980	1351.53455	1894.02185				481.98923	1169.52185	2012.35669	14.81722	1133.01160	1627.71667	518.89532	960.71643	2120.50928	0.03870	883.85626	1593.40845	248.68488	1056.45789	1960.10974				276.93185	975.23248	1697.17957	478.32996	507.09045	1764.70996	98.89285	584.34344	1885.25317	513.73370	166.42741	1644.59106	47.18122	207.83995	2055.93750	
362	3.610	72.16390	1511.17395	2029.51624	201.29419	1722.96057	1842.48694	244.05228	1620.57568	1975.94287	23.12830	1589.07251	1913.29346	343.69513	1485.83215	1891.28809	111.83870	1034.99768	1927.47754	172.91205	1353.87695	1902.12500				474.03455	1170.22668	2021.93738	9.93675	1132.75562	1639.07629	510.13577	961.10736	2127.36206	-4.12802	883.03156	1609.93481	240.97441	1058.69995	1969.46021				272.08990	976.02069	1707.59778	472.88559	508.77051	1778.26001	88.04835	585.91766	1897.80066				43.47095	203.70366	2060.77515	
363	3.620	66.76497	1512.61658	2035.89063	196.36319	1723.94055	1849.43018	238.90775	1621.88708	1982.66492	18.28909	1590.15735	1919.00110	338.03592	1488.03625	1899.90503	104.66042	1038.20972	1935.66455	166.97737	1355.92004	1910.23218				466.50580	1170.42786	2030.81384	5.16964	1132.18604	1650.34045	500.54245	960.42584	2135.28931	-9.32698	882.26740	1627.68835	233.87759	1060.16296	1977.88940				267.43970	976.71753	1716.06543	467.01303	510.73654	1793.22583	74.33504	588.88776	1905.20728				40.10060	199.99184	2064.64038	
364	3.630	61.60659	1513.13293	2040.43237	192.34407	1724.93335	1854.65515	233.95419	1623.35608	1989.27942	14.69302	1590.85608	1923.70703	332.66959	1489.03247	1907.72192	97.51419	1041.20789	1942.75146	161.17336	1357.79248	1917.97815				458.60840	1171.27563	2040.30164	0.06931	1131.31616	1661.39307	491.46292	959.97571	2141.83081	-15.05154	881.41229	1644.47339	226.41737	1061.86536	1986.21521				262.02267	977.24316	1725.08020	461.65012	511.57965	1807.44568	62.16660	587.40088	1915.53564				36.43658	194.96954	2065.81592	
365	3.640	56.08411	1514.54211	2046.36877	187.79024	1726.39868	1860.87427	228.60771	1625.12024	1996.57788	10.27076	1593.02710	1929.26721	327.38104	1490.13525	1915.47595	90.19321	1042.70752	1949.72034	155.68564	1359.54077	1924.53540				450.87213	1171.70032	2048.87061	-4.82454	1130.55591	1672.80774	481.73160	958.50415	2149.41553	-20.70691	881.57410	1661.88110	218.61670	1064.03027	1995.04236				256.50418	977.44049	1732.92688	454.15002	512.07935	1824.92090	51.47793	589.32184	1926.22217				34.27253	188.64655	2068.89038	
366	3.650	51.47118	1515.94666	2052.31274	183.04889	1727.75256	1867.41504	223.88370	1626.89307	2003.05701	5.25742	1593.80200	1935.55920	322.47458	1491.08655	1922.53088	83.23869	1044.36743	1957.39978	150.15436	1361.04846	1930.92749				443.54639	1171.15332	2056.64673	-9.64261	1129.52783	1685.19275	471.69574	957.27960	2157.25269	-26.64278	881.30664	1678.74634	211.15497	1065.25781	2003.45972				251.91449	977.29370	1742.14832	446.39816	510.54428	1842.13318	39.65366	590.22644	1934.07556				31.80643	182.91373	2069.53711	
367	3.660	46.10764	1517.71362	2058.03735	179.09610	1728.93542	1872.67505	219.13455	1628.25488	2009.30969				317.71643	1492.07483	1929.70581	75.98225	1044.16223	1963.91724	144.61386	1362.69104	1936.76221				435.59174	1171.33667	2065.37036	-14.35015	1128.52478	1695.85571	462.20416	955.73987	2163.84961	-32.38163	880.98492	1694.82861	203.92949	1066.21631	2011.69482				246.79706	977.63995	1752.07776	438.04401	509.65207	1860.99316	27.16101	590.24780	1942.39038	512.96777	204.12450	1698.83008	30.22353	177.51823	2071.92993	
368	3.670	40.49955	1519.66028	2063.27661	175.20927	1729.97046	1877.73767	213.82698	1629.83167	2015.82239				312.98743	1492.16211	1937.09729	69.37273	1043.99915	1970.99231	139.87871	1363.29114	1942.59717				428.30042	1171.69202	2074.24707	-19.33750	1128.31238	1707.10425	451.79407	954.42236	2171.22217	-39.83110	881.10077	1710.58704	197.12202	1066.95361	2018.94617				241.52275	978.72626	1760.01453	429.35257	507.97815	1881.98645	16.98578	589.70087	1950.10266	515.41699	206.60786	1709.10669	29.36740	171.70746	2071.47021	
369	3.680	34.87504	1521.97144	2069.91479	170.51654	1731.47498	1884.09460	208.92340	1631.14124	2021.27869				308.71359	1492.62939	1944.49219	62.37434	1043.81604	1979.87683	135.29935	1364.57410	1948.85376				420.72049	1171.96460	2083.35645	-24.15266	1127.44348	1717.71631	441.91266	952.16455	2177.87744	-46.37278	881.12256	1726.45569	190.34865	1068.02563	2027.34924				236.52510	979.34021	1767.70264	420.25912	506.11990	1901.64001	7.73475	589.04688	1956.68896	513.76294	212.84369	1718.94800	28.88191	168.50200	2071.50244	
370	3.690	29.69343	1524.22009	2075.74951	167.28975	1732.00720	1888.93420	204.61420	1631.74792	2025.95007	-12.84298	1600.93909	1956.16199	303.91843	1492.98572	1952.47803	56.71397	1043.37915	1986.64758	130.50484	1366.13049	1955.55042				413.04172	1171.66418	2091.98975	-28.96334	1127.36597	1728.60718	431.95395	949.88879	2184.16650	-53.93335	881.37085	1742.12500	184.46182	1068.68604	2034.67371				231.99786	979.34827	1776.34448	411.59369	503.60242	1920.92358	-1.44019	588.24646	1962.15259	510.78445	221.47113	1734.65979	29.42790	163.61206	2071.01807	
371	3.700	24.69918	1526.31042	2081.21411	163.09723	1733.36243	1894.73511	199.68425	1633.25232	2031.49744	-17.84590	1602.54333	1961.13416	299.39996	1493.47119	1959.81567	51.06915	1044.04626	1992.97205	125.28291	1366.85730	1963.02148				405.04068	1170.04004	2098.32764	-33.63141	1127.17029	1738.49280	421.31369	947.89172	2190.76245	-61.96726	882.01917	1756.31885	178.66649	1069.01184	2041.34070				227.17917	980.55231	1783.99268	402.08469	501.09952	1940.49768	-10.54183	587.94501	1966.54907	506.47293	229.52400	1751.74365	29.37698	162.82959	2070.39697	
372	3.710	19.42249	1528.44373	2085.95264	159.27913	1734.01135	1899.91736	194.99562	1634.40247	2037.21069				295.22668	1493.71899	1967.27869	46.19899	1045.01733	1999.01880	120.13519	1367.55176	1969.06372				396.76581	1169.36816	2105.94336	-38.59859	1127.44861	1748.87463	410.46542	945.69525	2197.13599	-69.95306	882.94177	1771.65942	173.03784	1069.87488	2048.63257				223.12532	981.06702	1792.74622	392.94226	498.46286	1960.24902	-18.19218	588.41266	1968.45361	502.39120	236.46964	1767.67615	29.83354	163.02386	2069.10718	
373	3.720	13.99238	1530.61902	2092.19360	155.33011	1734.61108	1905.39575	190.31590	1635.91284	2042.97571				290.35931	1493.68408	1974.58289	40.65221	1046.57825	2005.54028	114.83111	1368.52588	1975.11377				387.66623	1167.34900	2111.89502	-43.30936	1128.24634	1757.46765	398.94592	943.85663	2203.84839	-78.26998	884.49713	1787.43494	167.38200	1070.56702	2055.71875				218.84901	981.59021	1799.28064	383.16492	497.02658	1980.21326	-24.61334	588.97168	1969.52856	498.19644	244.10320	1788.31873	30.91956	165.07848	2068.59741	
374	3.730	8.96945	1532.93982	2097.41846	151.86841	1735.02185	1910.37439	185.52292	1637.54907	2048.86523				285.58945	1494.59607	1981.92029	35.77691	1047.24255	2011.19861	109.36116	1368.75122	1980.54907				378.90225	1166.84692	2119.45874	-48.30051	1129.38818	1767.06079	388.07074	942.20483	2208.85254	-86.80145	886.85626	1803.65820	161.20235	1072.11072	2063.04980				215.52570	982.38379	1806.99512	374.38101	496.25024	2002.18579	-30.64431	589.40906	1970.33655	492.04282	249.37819	1806.18994	30.49860	166.76057	2068.04517	
375	3.740	3.50495	1534.95801	2102.48242	147.70036	1735.64392	1915.83630	180.58577	1638.74866	2055.52954				280.70276	1494.45361	1988.87366	30.59486	1048.74695	2015.52295	104.26945	1369.29517	1987.16833				369.97247	1165.46704	2125.45996	-53.65464	1130.68835	1775.18591	376.29489	940.99341	2214.44214	-95.91447	889.30292	1818.38110	155.43756	1073.63196	2070.01416				212.75160	983.03748	1813.14148	365.60675	494.54037	2022.54822	-35.71134	589.58154	1970.51196	486.56635	255.96127	1827.40979	29.57129	167.52950	2066.51831	
376	3.750	-1.97044	1536.96863	2107.93091				175.86943	1639.72302	2060.57397				276.24814	1494.78918	1995.47266	25.27758	1050.90308	2021.18481	99.23353	1370.54773	1993.44006				361.06400	1163.92993	2130.13086	-59.43650	1132.17200	1784.71924	364.53748	939.39819	2219.52100	-104.80341	893.12317	1834.77698	149.34309	1075.58118	2076.59961				210.17229	983.91742	1821.69690	355.28177	494.70718	2041.53784	-40.44960	589.85040	1970.88184	479.74673	261.45328	1846.91016	27.32504	170.61047	2063.42554	
377	3.760	-7.95193	1539.02222	2114.13623	139.63925	1736.83386	1924.95398	171.07744	1640.19214	2065.08521				270.99329	1495.36536	2002.85876	19.92804	1052.96985	2025.63098	94.18677	1370.81873	1998.07288				352.22675	1162.95947	2136.08252	-65.32338	1134.38513	1793.08960	352.56006	937.79407	2224.10986	-114.35117	897.06671	1849.72437	142.74695	1077.12158	2082.43188				208.22562	984.79968	1829.30261	344.95438	495.11481	2062.55420	-44.62597	589.52271	1971.55396	473.59406	264.86960	1864.89990	26.02563	171.02338	2062.09351	
378	3.770	-13.46688	1540.58997	2118.87183	135.56963	1737.06787	1929.16370	165.69325	1641.04126	2070.56299				266.00647	1495.56946	2009.95789	14.47858	1054.85632	2029.28601	88.95010	1370.67358	2002.57288				343.19833	1161.95020	2143.06689	-71.88574	1135.51465	1802.64380	340.65723	936.82538	2228.59961	-123.68829	902.05524	1865.70654	135.91875	1079.51111	2088.04443				206.47415	984.93011	1836.28296	334.66312	495.02274	2080.30933	-48.10391	588.75250	1972.19885	466.18835	270.45667	1887.09229	22.94623	170.35349	2059.89893	
379	3.780	-18.80341	1541.72986	2123.63062	131.24347	1737.45129	1933.84521							260.79190	1496.30847	2017.29370	9.28411	1055.89014	2033.07031	84.16973	1371.93152	2008.11816				334.34204	1160.83289	2148.43726	-78.44850	1137.33044	1811.11182	328.50040	935.11359	2232.88403	-133.29424	907.21429	1881.33020	128.98062	1080.62256	2093.19092				204.81067	986.48407	1841.62646	322.45599	497.25208	2098.65869	-50.85100	587.89557	1972.75415	458.19797	273.33984	1906.44739	22.01081	167.56779	2060.60229	
380	3.790	-24.27513	1543.16064	2128.66138	126.91320	1738.14392	1940.26404							255.45328	1496.60071	2024.66638	3.73444	1057.03589	2036.14673	79.37975	1372.51807	2013.31482				325.09894	1160.05652	2153.94507	-85.10531	1139.23267	1820.25476	316.14560	933.89990	2236.82446	-142.83495	912.15271	1896.09253	121.83826	1082.90833	2098.57324				202.92574	986.92072	1851.04736	311.53421	498.39343	2117.34692	-52.74993	586.93774	1973.73779	449.82211	276.61832	1927.36963	20.38515	165.98880	2059.49609	
381	3.800	-30.23001	1544.43201	2133.14575	123.06232	1739.10266	1945.62341							250.16368	1497.46179	2031.97449	-2.37807	1057.72571	2037.97668	73.73231	1372.43921	2017.40771				316.37506	1159.88684	2161.16797	-92.30970	1141.26404	1828.36414	303.60629	932.98767	2240.72925	-152.88969	914.83466	1907.27393	114.15456	1083.74927	2102.96924				201.54346	987.26971	1858.57605	300.12585	502.39978	2138.62427	-54.93122	585.95813	1973.65417	442.03622	278.53510	1948.87244	17.70763	163.89485	2055.02734	
382	3.810	-35.37313	1545.05066	2137.54004	119.11621	1739.13599	1950.21411							245.02597	1497.71033	2039.22400	-8.22117	1057.93176	2040.66858	68.61510	1373.86292	2022.89819				307.58960	1159.29846	2166.72144	-99.00980	1143.46924	1836.90295	291.38635	930.92432	2244.46191	-161.88222	920.32416	1921.13843	106.27888	1084.75952	2107.19946				199.51825	987.81537	1868.07019	288.68103	504.25122	2156.47876	-55.99101	585.44916	1973.00146	433.33627	280.76923	1971.10413	15.89271	160.03163	2056.90503	
383	3.820	-41.51892	1546.55017	2142.16333	114.49619	1740.48071	1956.50903	68.91518	1540.25061	1792.03625				239.66481	1497.94165	2046.42200	-14.59412	1058.92236	2044.38989	63.56131	1374.68066	2028.03625				298.19232	1158.52405	2172.37207	-106.43713	1145.17859	1845.70911	279.15085	929.66870	2247.57056	-171.59674	929.88837	1940.33655	98.61945	1086.09851	2112.10913				198.03960	988.02966	1873.03784	277.01852	506.99054	2175.92896	-56.83110	584.12787	1973.08582	424.50317	281.83954	1993.30200	14.11555	157.92993	2053.27124	
384	3.830	-47.70827	1547.64368	2147.40259	109.94202	1740.87610	1961.41223	62.41803	1540.68835	1796.63245				234.19936	1498.42810	2054.16602	-20.58765	1058.78760	2045.82263	57.70883	1374.53394	2031.77161				288.73193	1157.62744	2178.07104	-113.42706	1147.62976	1853.13098	267.13168	928.30054	2250.81714	-180.87724	934.60907	1952.91418	91.31570	1086.32117	2116.56592				196.18962	988.76074	1882.29614	264.91510	511.45816	2196.16943	-56.79097	582.40723	1972.20947	414.50470	282.04984	2015.41528	13.36058	154.16478	2053.23193	
385	3.840	-53.37427	1548.60474	2150.89233	105.30007	1740.96863	1965.68774	56.35111	1542.19446	1803.54517				228.63531	1498.24365	2061.14038	-26.94828	1058.31287	2047.68518	52.68065	1375.73804	2037.51013				279.53738	1157.80750	2184.77075	-120.69844	1150.06384	1861.07654	254.90031	926.94415	2253.87744	-189.72012	940.62616	1966.07251	83.52190	1086.76343	2120.90845				195.07712	988.87891	1890.52112	252.86421	514.35858	2213.78613	-56.44426	580.95599	1970.41028	405.20428	283.17477	2039.59998	10.55867	152.37617	2054.48364	
386	3.850	-59.27414	1549.35278	2154.63525	101.62071	1740.96350	1970.80176	49.97104	1542.97144	1808.57104				222.20805	1499.01587	2070.12402	-33.00246	1058.08496	2050.03320	47.11012	1375.71326	2042.01843				270.64871	1157.41541	2191.27490	-127.89411	1152.73547	1868.66467	242.98886	925.93982	2257.36816	-198.55762	947.12726	1978.75452	76.00841	1086.56311	2124.59888				193.67053	990.13086	1895.37012	239.70924	518.59369	2232.69946	-55.58766	579.54791	1968.34668	395.00037	282.25864	2061.74438	8.03209	152.17494	2051.43945	
387	3.860	-65.81429	1550.89880	2159.92139	97.15862	1741.36670	1975.92554	43.97153	1543.49158	1814.70593				216.32083	1498.71472	2077.14722	-38.07775	1057.27673	2051.97998	41.63199	1375.80212	2046.64551				261.34756	1156.31543	2197.07666	-134.61691	1155.20422	1877.01111	231.15492	924.48853	2260.06421	-207.45377	952.63983	1991.15881	69.27328	1086.75134	2129.04443				192.18210	990.47900	1904.36218	226.67313	521.51129	2250.58691	-53.92654	578.50854	1965.70630	385.43091	281.74008	2084.83545	4.08537	152.25415	2048.67480	
388	3.870	-72.13155	1552.16418	2163.22510	92.48335	1742.18542	1982.10779	37.46965	1544.68811	1819.69043				210.09424	1498.74890	2084.81250	-43.61184	1057.00598	2055.17700	36.43619	1376.40747	2051.87671							-141.37846	1157.98438	1882.72314	219.22945	922.95770	2263.52368	-215.80659	959.05841	2002.75098	62.55287	1086.07080	2133.45703				192.43709	993.27917	1904.51367	212.50835	526.05017	2267.30566	-52.56246	577.37256	1963.24414	375.30939	281.03445	2108.76660	2.34308	151.09319	2048.40259	
389	3.880	-78.55589	1553.02771	2167.21362	88.59577	1741.58459	1986.86938	104.64700	1650.36401	2132.09448				203.71181	1498.95398	2092.55615	-49.01774	1056.01172	2056.28784	31.06223	1375.38733	2054.31641							-147.66006	1160.55212	1889.71692	207.39610	921.90814	2266.49243	-223.63774	965.41602	2014.10620	55.49175	1085.81555	2137.31592				187.88757	993.72491	1915.11475	196.68466	528.65509	2282.51929	-50.49734	576.33936	1960.52527	363.92102	280.59451	2132.76147	0.65704	150.26228	2046.80017	
390	3.890	-85.65595	1554.89697	2171.88574	98.84957	1650.98804	2138.66138							196.79895	1498.37549	2100.37769	-53.45918	1055.41602	2058.88501	25.74345	1375.78418	2060.19385				234.17439	1153.69897	2216.57373	-153.79192	1163.64404	1894.97156	195.19876	920.91583	2269.05908	-230.96935	971.66797	2025.01587	49.39695	1085.10388	2141.50220				187.16289	991.74255	1923.87024	181.52449	531.65271	2295.58691	-47.99979	574.87793	1957.63599	353.19220	278.51740	2157.07935	-2.31373	148.30632	2048.08911	
391	3.900	-92.51532	1556.27454	2175.76025	79.81735	1741.60645	1995.90100	92.56803	1651.06702	2143.05688				190.01945	1498.78113	2109.19751	-58.09502	1053.79102	2061.03882	19.60755	1374.53967	2063.79565				224.88611	1152.38684	2222.25293	-159.39427	1166.28455	1901.29504	183.14296	920.34637	2273.14355	-237.94965	977.88220	2035.31628	42.63914	1085.17896	2146.56250				184.66370	993.14703	1932.08215	166.28036	534.63751	2307.79419	-45.37392	573.85413	1953.48938	341.42209	277.04025	2181.03467	-2.78343	147.67305	2047.98303	
392	3.910	-99.71124	1557.34924	2179.88672	75.20538	1741.11304	2000.98840	86.15651	1652.28638	2149.30762				183.45702	1498.69495	2117.30591	-62.86653	1053.96973	2064.06519	14.28406	1374.93933	2069.42163				215.25748	1151.26270	2228.15332	-164.92375	1169.02563	1906.81897	172.21646	919.26721	2276.09985	-244.79926	984.36499	2045.87195	36.15802	1084.92896	2150.59497				182.85789	993.28735	1937.44019	149.85568	538.81628	2321.27856	-41.55317	573.38129	1947.30518	327.76147	274.85385	2205.70386	-3.48377	147.58736	2047.42847	
393	3.920	-106.99732	1558.53137	2183.95557	70.98916	1740.63013	2006.21082	80.00227	1652.28711	2154.12378				175.74661	1498.82471	2125.96753	-67.26223	1053.14526	2066.42163	8.18984	1373.67029	2072.73608				205.76906	1150.65601	2235.04980	-169.85046	1171.47803	1911.76575	161.01849	919.85156	2280.79517	-251.59091	989.77570	2054.93945	30.31475	1084.48645	2155.70776				180.38953	993.86890	1946.03552	134.08228	543.40704	2333.15479	-37.83241	571.36163	1946.92981	312.98703	272.14120	2229.82227	-5.60577	147.03947	2046.79639	
394	3.930	-114.06017	1559.63049	2187.38306	66.37859	1740.27686	2011.66199	73.04230	1652.44995	2160.50171				168.09033	1498.34680	2133.59180	-71.92904	1052.48938	2069.63745	2.55248	1374.14709	2078.42041				196.51225	1150.80957	2242.60376	-174.11334	1173.59912	1917.53735	151.49699	920.32703	2285.82593	-257.32758	995.98444	2064.37720	24.03066	1084.35437	2159.01001				178.35020	994.02051	1948.93628	118.75563	545.69861	2342.73486	-34.54036	569.93103	1944.54285	297.31427	270.71753	2255.52686	-6.97590	146.49800	2046.04639	
395	3.940	-121.50127	1560.76709	2191.12964	62.22070	1739.51587	2016.81689	66.72455	1652.23938	2165.75757				160.65572	1498.72070	2141.72241	-76.23969	1052.02368	2071.93237	-3.66873	1372.59387	2081.66772				187.10861	1150.27429	2249.66260				142.43484	921.26196	2292.65210	-262.84048	1001.02667	2071.53174	18.07732	1084.20667	2163.85083				175.28766	994.56836	1957.08301	103.80447	548.46948	2350.71826	-31.51434	570.12231	1942.37012	279.27634	266.48566	2277.16138	-7.31762	146.30795	2045.65027	
396	3.950	-128.80002	1561.64832	2194.55176	57.78872	1738.64917	2022.43506	59.31728	1652.58826	2172.18164				152.98010	1498.22998	2149.52808	-81.30759	1051.51685	2075.26611	-10.04000	1372.52649	2086.47192				178.24788	1150.30444	2256.41113	-181.23206	1177.02185	1927.59180	133.79102	921.20221	2299.14258	-267.67859	1005.85944	2078.76831	11.99825	1083.60315	2167.39526							90.20702	551.97986	2359.05542	-28.56040	570.18896	1942.06250	261.55597	261.58475	2299.18091	-8.62323	145.27219	2045.02100	
397	3.960	-136.36943	1562.04919	2198.08057	53.15640	1738.12463	2028.00098	53.11228	1651.76624	2176.70337				144.84610	1498.34961	2156.93701	-85.81410	1051.39514	2077.84204	-16.24283	1371.62524	2091.14502				169.78656	1150.41724	2264.66919	-183.08896	1178.16760	1931.80396	125.43081	921.09833	2306.81494	-272.22018	1010.93427	2085.87183	5.69059	1083.16772	2171.12134							76.55351	553.60596	2364.78394	-25.67402	570.10077	1942.77087	243.03542	256.72208	2321.58350	-8.15560	146.06609	2043.18140	
398	3.970	-144.13239	1562.32117	2201.55835	48.97960	1736.73804	2033.10254	45.69172	1651.55908	2183.14917				137.15276	1498.05225	2164.77979	-90.67142	1050.14563	2079.24194	-22.41350	1370.39465	2093.85645				161.61275	1150.31323	2272.34961	-184.98608	1178.89246	1936.13965	116.86143	921.93781	2315.52197	-276.30646	1015.11652	2092.19409	-0.41253	1082.52710	2175.52783							63.60281	555.64429	2371.47583	-23.88716	570.45062	1941.36865	223.10815	251.83205	2342.86841	-5.94099	145.21928	2041.58179	
399	3.980	-151.48930	1562.69873	2204.38696	43.50299	1735.94019	2037.13245	39.37415	1650.39014	2186.86646				128.92688	1497.86072	2171.50293	-95.44201	1050.56384	2083.23438	-28.19376	1370.13757	2098.72314				153.24873	1150.69214	2280.99243	-186.32060	1178.94006	1939.53369	108.66640	922.06134	2324.54346	-279.72629	1019.14771	2097.79980	-7.08955	1081.95361	2179.11597							51.35157	556.73352	2376.52246	-20.72982	569.46448	1943.72424	202.56421	245.49393	2361.48999	-5.69572	145.20352	2041.75024	
400	3.990	-159.12209	1562.84314	2207.49097	39.02388	1734.95349	2043.41199	32.37113	1649.93506	2193.00610				121.19954	1498.02808	2179.30273	-100.54052	1049.03149	2084.08130	-34.25396	1369.18994	2102.57349				145.40848	1151.38684	2290.54907	-187.37411	1177.58655	1943.74048	100.65797	921.86603	2333.35449	-283.32187	1022.12054	2102.21143	-13.99646	1081.07971	2182.61182							39.56216	557.12390	2380.87329	-18.92622	569.72839	1944.24353	181.02251	239.94789	2379.96240	-3.24404	145.83818	2040.99475	
401	4.000	-166.43521	1562.85864	2209.94189	34.43093	1734.72827	2050.27319	25.03242	1649.33887	2198.48975				112.99454	1497.11755	2185.90674	-105.62578	1048.89905	2087.15674	-40.31734	1368.37207	2106.08838				137.47440	1151.32446	2300.58691	-188.32520	1176.02539	1946.75513	93.61797	921.02295	2341.24341	-286.70084	1025.36731	2106.00439	-20.36500	1079.98669	2186.66821							28.24104	557.62732	2385.64502	-16.96418	569.71692	1946.28625	159.30591	235.28020	2399.31128	-2.56400	145.66438	2041.55457	
402	4.010	-174.01047	1562.52051	2212.75684	30.19282	1733.49304	2055.32202	18.05509	1648.31421	2203.66309				105.25146	1496.40747	2192.63672	-110.28182	1047.50879	2089.62622	-46.07690	1367.45129	2110.84033				129.72165	1151.41138	2309.90991	-189.19254	1174.31079	1950.60339	86.49787	920.63434	2349.65356	-289.77670	1027.71814	2110.37378	-27.23821	1079.54932	2191.46655							18.09836	556.72186	2387.83813	-15.16840	569.35913	1948.05200	137.34894	227.98355	2415.35767	1.17327	144.90057	2039.03625	
403	4.020	-181.56229	1562.00391	2215.33032	24.79757	1732.58496	2059.48804	10.63871	1647.85132	2209.74390				97.07990	1496.28015	2200.05347	-115.93582	1046.96362	2091.63550	-51.85841	1366.61462	2113.49658				121.92079	1151.57581	2319.77417	-190.33377	1172.18994	1954.48474	78.90473	920.36176	2358.87695	-292.97888	1029.28821	2112.92773	-34.19324	1078.21301	2194.67065							8.00949	556.00323	2390.99829	-13.65605	568.90961	1952.59827	113.92123	221.18704	2431.68262	1.45957	145.03653	2039.12280	
404	4.030	-189.10223	1561.54651	2217.81567	19.89942	1731.97766	2065.65015	3.93260	1646.89966	2213.84937				88.96616	1495.23706	2206.40186	-120.52944	1045.31433	2094.96045	-57.93006	1365.48779	2118.03369				114.23009	1151.56470	2329.08960	-191.40141	1170.96277	1956.86316	71.23360	918.83673	2367.12573	-295.13205	1030.43311	2115.81152	-40.94322	1076.37219	2197.96436							-1.65053	554.74396	2393.15894	-13.14839	569.11823	1953.32947	90.16547	214.38608	2446.95361	6.12062	144.60690	2039.26343	
405	4.040	-196.42166	1561.24353	2219.97339	15.38221	1731.06616	2071.99097	-3.45940	1646.36011	2219.39404				81.21580	1494.35693	2213.67749	-125.97419	1044.74207	2097.93311	-63.70419	1364.64001	2122.62256				106.22369	1151.57739	2339.08691	-192.62509	1169.11926	1960.44202	64.16898	917.13104	2375.62744	-298.33969	1030.90918	2118.63940	-48.01464	1075.18250	2202.54785							-11.24474	552.80518	2393.69849	-13.14427	569.59167	1955.41907	64.19887	209.10095	2461.82324	6.92364	142.48674	2035.28503	
406	4.050	-203.87543	1560.88208	2222.69482	10.55732	1729.91907	2077.04614	-10.90512	1645.75525	2225.27734				73.06053	1493.36377	2219.57153	-131.31897	1042.92151	2100.87354	-69.96996	1363.39172	2126.11133				98.64501	1151.11523	2348.43188	-193.91280	1167.53687	1962.46204	56.44922	916.48035	2384.89453	-300.66245	1030.91138	2121.20801	-55.06075	1074.25269	2208.27563							-19.68061	550.55450	2392.78369	-13.30824	569.32928	1963.96399	37.81142	204.96364	2475.66357	8.17007	141.38454	2033.39111	
407	4.060	-211.42162	1560.84229	2225.20703	5.97517	1728.76501	2082.50000	-17.84418	1644.21155	2229.69604				65.56943	1492.33057	2226.96411	-136.64931	1042.66614	2105.58936	-75.74789	1362.19946	2130.96558				91.36485	1150.26233	2357.09399	-195.31442	1165.21655	1965.69092	48.13734	915.39838	2393.87354	-303.74515	1029.96606	2122.75146	-61.82131	1072.65063	2211.45728							-27.80236	547.22223	2391.39917	-14.25576	569.09106	1968.09534	10.85184	202.32509	2488.40381	11.02460	141.89571	2032.77246	
408	4.070	-218.84721	1560.69165	2227.23145	1.07164	1727.38330	2088.34912	-25.27701	1643.14001	2235.14404				57.82869	1491.03564	2233.12061	-142.20601	1041.67590	2107.58447	-81.95725	1360.93323	2134.92554				83.56370	1149.09473	2365.23486	-196.31071	1163.22974	1967.96973	39.87433	913.54797	2402.41089	-306.00803	1028.18677	2124.48291	-68.49734	1070.81897	2214.59399							-35.60278	542.60956	2387.68286	-15.83887	568.30859	1971.20361	-16.80916	200.10683	2499.62793	12.15596	142.53235	2031.87097	
409	4.080	-226.45164	1560.40674	2229.33789	-3.26046	1725.99695	2092.68335	-32.95024	1642.77490	2240.91284				50.16684	1489.66077	2239.50879	-147.78416	1040.72144	2112.16919	-88.16704	1359.91565	2139.20801				75.23984	1148.29041	2373.50000	-197.38585	1161.17883	1970.22717	31.73642	912.40869	2410.84937	-309.04913	1025.88562	2125.21069	-75.69026	1069.90210	2220.13525							-43.88972	538.89001	2385.60327	-18.62350	569.72107	1974.26697	-45.59551	200.56343	2511.61572	14.19706	142.14896	2031.18884	
410	4.090	-234.03967	1560.33704	2231.24048	-8.16612	1724.51379	2099.11865	-39.74433	1641.52356	2245.07959				42.37364	1488.06152	2246.32349				-94.22526	1358.32764	2144.42505				66.67722	1147.44299	2381.03052	-198.77928	1158.56152	1973.13928	23.44160	911.12677	2418.21436	-311.21198	1023.13232	2126.53760	-83.01392	1068.66968	2225.26001							-52.14071	534.43158	2382.54395	-20.87111	568.58929	1980.15576	-75.14281	202.81291	2521.44019	17.28004	139.94620	2027.10364	
411	4.100	-241.45578	1560.59180	2233.56445	-12.44690	1723.01147	2104.23462	-47.53045	1641.24670	2250.68042				34.28073	1486.66968	2253.00146				-100.55258	1356.62964	2148.23657				57.87536	1145.97791	2388.41943	-200.15796	1156.37427	1974.83459	15.05809	909.60468	2425.04150	-314.20969	1019.71490	2126.99219	-90.30486	1067.00476	2229.04614	-159.45187	1038.34521	2118.99414	115.57447	986.26660	2068.53345	-61.14531	529.92120	2379.39380	-23.42797	567.77240	1983.46484	-103.80569	206.66512	2529.51611	20.44139	141.78365	2026.53699	
412	4.110	-248.99565	1560.71863	2236.49634	-17.39424	1721.75317	2109.56836	-54.89037	1639.98328	2255.74414				26.23207	1485.81628	2260.12183				-106.97875	1355.60217	2152.62280				49.00541	1144.41528	2395.14014	-201.44408	1154.25525	1977.60327	6.15460	908.55402	2433.21582	-316.21960	1014.97687	2126.38184	-98.19891	1065.97070	2233.25146				110.35175	984.90717	2076.18262	-70.95768	525.01239	2376.25781	-26.70625	566.51758	1987.79968	-130.93234	213.52113	2537.30640	22.97267	141.59175	2025.75818	
413	4.120	-256.68314	1560.71362	2238.70703	-22.07469	1720.49170	2115.67871	-62.55327	1639.21326	2261.04419				18.22559	1484.56006	2266.63086				-113.19464	1354.79041	2157.66040				39.11085	1143.48889	2402.83740	-203.20171	1152.05444	1980.09216	-2.84761	907.14221	2440.40527	-319.53033	1009.85266	2126.69629	-105.48125	1064.25488	2236.30664				105.21342	983.76471	2082.82349	-80.56757	519.40839	2371.35010	-30.55572	566.44025	1995.35852	-156.57115	220.28789	2541.64380	24.94870	141.10397	2026.55859	
414	4.130	-264.02994	1560.61377	2240.06689	-26.80385	1719.04956	2120.53760	-69.50662	1638.41821	2265.43286				10.14344	1483.15894	2273.09155				-119.92017	1353.74731	2161.56934				29.65665	1142.24500	2409.58423	-205.41222	1150.18408	1981.71118	-11.34887	905.67108	2447.28516	-321.43204	1004.13245	2125.38721	-114.18488	1063.59180	2241.55322				99.72144	982.37146	2090.64282	-91.94601	515.65393	2369.62109	-34.99646	565.66498	1998.51501	-181.15097	227.09250	2545.78857	28.91805	141.38673	2026.79871	
415	4.140	-271.58139	1560.65039	2242.18408	-31.87531	1717.98755	2126.30981	-77.11798	1637.69263	2270.60620				2.11462	1482.32520	2280.41406				-126.68194	1352.43140	2165.63647				20.20491	1140.93665	2415.84155	-207.35315	1148.45178	1983.75281	-20.15449	904.48639	2454.78809	-324.90042	998.14911	2124.84326	-122.12548	1062.47717	2245.49414				94.00310	981.20868	2097.48315	-99.89906	513.66113	2370.77002	-40.11798	564.69501	2002.45691	-203.99458	235.20035	2549.16650	30.96526	140.13957	2025.03552	
416	4.150				-36.16317	1716.59998	2132.20044	-84.98780	1637.53418	2276.03101				-5.91724	1480.72070	2286.48706				-132.85715	1352.13538	2170.75171				9.96212	1140.06482	2422.75122	-210.20908	1147.14783	1985.01111	-28.87748	902.99561	2460.82202	-326.96375	991.28168	2122.93652	-130.08560	1061.09155	2248.78247				87.92166	980.00110	2106.02539	-106.93422	512.27179	2373.65625	-45.05971	563.78705	2004.18091	-226.41026	242.22113	2551.19434				
417	4.160				-41.28048	1715.86670	2137.67041	-92.50275	1636.74951	2281.19995				-14.60177	1479.93811	2293.13892				-139.58302	1351.14880	2175.01074				0.72837	1137.92236	2428.53418	-212.55661	1145.66504	1987.12024	-37.52558	901.60999	2466.93213	-330.00714	983.55243	2119.60840	-139.20540	1060.70264	2253.35620				82.08782	978.80591	2114.64917	-115.10371	511.25473	2377.89429	-50.61671	563.10236	2007.01892	-247.62357	249.12283	2552.44971				
418	4.170							-100.24773	1635.90332	2286.27319				-22.61390	1478.23352	2299.19800				-145.86339	1349.56323	2178.13867				-9.46812	1136.91235	2435.52490				-45.88813	900.36755	2474.04370	-332.66953	975.61945	2117.28711	-147.97551	1060.13013	2257.42529				75.71983	977.66669	2122.97217	-123.06130	509.26660	2381.84351	-55.66379	560.68091	2012.71301	-268.05420	256.47101	2553.77856				
419	4.180	-51.09495	1713.33704	2149.65283				-107.84863	1635.33008	2291.56519				-31.29383	1477.33240	2305.97461	-218.97757	1143.79395	1987.56531	-152.08620	1349.18921	2182.54614				-18.82455	1135.57141	2441.23633				-54.01743	898.24493	2480.64502	-335.48120	967.33844	2112.85107	-156.90443	1059.63086	2260.52856				68.95698	976.32947	2131.34766	-132.12971	507.48392	2388.30835	-61.58888	559.52673	2014.62439	-288.05765	262.20148	2553.79224				
420	4.190	-56.09308	1712.31165	2155.16724				-115.23862	1634.46033	2296.29907				-39.94458	1476.03821	2312.32153	-221.90921	1142.74731	1988.47693	-158.95840	1348.69727	2187.40283				-28.48408	1134.02942	2447.74463				-62.08970	896.25586	2485.66064	-338.32532	957.80829	2108.13062	-165.87775	1059.24658	2264.27222				62.33287	975.03998	2139.51782	-141.31726	506.30505	2394.22046	-67.67922	558.14288	2017.20837	-306.42126	267.83377	2553.08203				
421	4.200	-60.40083	1711.08679	2161.43311				-122.95316	1633.84277	2301.21167				-48.94750	1475.12170	2318.83887	-225.47775	1141.64990	1987.80823	-165.93907	1348.15015	2191.87573				-38.10952	1132.86011	2453.92261				-70.54517	894.61749	2491.51660	-340.87711	948.37848	2102.03125	-175.05179	1059.54333	2268.00171				55.67350	973.79095	2149.42529	-150.43190	504.17279	2400.36987	-73.51257	556.19885	2020.74121	-323.52298	273.07776	2552.00977				
422	4.210	-64.63126	1709.68628	2167.53784				-130.59709	1633.51746	2306.54883				-57.94279	1474.07983	2325.49512				-172.15895	1346.92773	2195.03442				-47.47369	1131.33459	2460.28149				-78.20772	892.93567	2497.37720	-342.60425	938.79724	2096.30200	-184.23122	1059.35388	2272.23022				48.12526	972.54688	2158.54199	-159.76921	502.16129	2406.43652	-80.07671	554.87732	2022.07837	-340.54459	280.58997	2553.20630				
423	4.220	-69.33365	1708.34863	2173.62524				-138.24593	1632.40100	2311.38745				-66.72993	1473.06018	2331.67480				-179.57961	1346.03601	2200.37305				-57.38549	1130.55066	2467.10303				-86.63670	891.80426	2504.14038	-345.00745	929.49036	2089.42993	-194.16290	1059.20740	2275.47534				41.16131	971.32825	2168.33057	-168.77603	499.79239	2412.15503	-85.90550	552.20288	2027.99548	-356.45654	283.86063	2550.37817				
424	4.230	-73.94742	1706.70642	2179.08301				-145.78781	1631.49292	2315.87964				-75.79581	1471.85388	2338.16772				-186.36763	1345.49121	2204.90015				-66.50826	1128.68665	2473.23022				-94.37629	889.68750	2508.99097	-346.23602	920.25903	2081.38013	-203.53848	1058.47241	2279.26489				33.53487	970.08643	2177.79272	-178.03876	497.26099	2417.89844	-93.06049	550.36853	2029.85681	-371.08075	285.94324	2547.81030				
425	4.240	-78.92729	1705.36096	2184.72778				-153.52864	1630.76123	2320.55737				-84.89064	1471.02991	2344.47656				-193.58473	1344.83569	2209.76099				-75.62307	1126.96985	2479.21753				-102.52124	886.99689	2514.24023	-347.36450	911.36847	2072.93018	-213.50266	1058.11755	2283.66162				26.16759	968.39063	2188.67334	-187.29256	494.28052	2423.98511	-99.90971	548.39996	2033.38586	-386.72314	287.09882	2544.94458				
426	4.250	-83.93410	1704.27966	2190.17480				-161.32881	1630.22400	2325.26611				-94.39076	1470.17334	2350.99854				-200.88705	1344.62524	2213.85815				-85.41757	1125.70972	2486.38892				-110.59591	885.55737	2519.36353	-345.97525	902.73523	2060.62500	-223.89796	1057.30762	2287.36255				18.42291	967.43011	2198.20972	-197.19733	492.27859	2429.22095	-106.66557	546.21271	2037.64136	-400.61115	287.91016	2543.37695				
427	4.260	-89.04116	1704.29480	2197.47510				-169.63568	1630.57397	2329.82715				-103.72015	1469.35828	2356.95947				-207.50627	1344.18018	2216.94336				-94.45818	1124.71021	2492.18481				-118.19313	883.92072	2524.47705	-344.72153	893.60309	2051.92798	-233.59142	1063.02075	2299.64014				11.24341	967.29639	2207.63745	-207.80276	491.36499	2434.03149	-114.14275	545.66223	2042.11377	-415.36823	282.74051	2536.79932				
428	4.270	-94.08027	1703.90674	2203.49341				-177.88055	1631.13623	2334.40381				-113.47168	1469.45544	2363.43433				-215.08699	1344.33215	2221.61572				-103.58270	1123.34534	2498.13501				-126.15829	882.45801	2529.73462	-343.95993	887.65234	2038.69812	-237.85112	1061.89600	2306.91968				3.45929	967.03314	2216.60132	-218.99367	491.72241	2437.36279	-121.47787	544.29126	2043.87573	-429.13724	278.70563	2532.93994				
429	4.280	-99.68943	1703.97791	2208.93213				-186.30789	1631.43347	2338.79932				-123.05511	1469.58398	2369.20508				-221.89255	1344.20032	2224.64087				-113.32883	1123.01379	2504.56714				-134.18010	881.51587	2534.95093	-339.78604	881.86383	2029.11609	-251.55783	1054.98438	2298.68896				-3.51186	967.81549	2224.68286	-230.52635	493.60623	2440.38916	-128.64311	543.33295	2046.42847	-440.51215	273.04523	2527.59399				
430	4.290	-105.31212	1703.84521	2215.24585				-194.92688	1632.54089	2343.74048				-133.05292	1469.96301	2375.21631				-229.38565	1344.70447	2229.37866				-122.84977	1122.73792	2510.19922				-142.07277	880.75275	2539.83545	-334.31976	876.12958	2018.09570	-260.17679	1054.97437	2302.34375				-10.75959	968.07520	2232.21973	-242.91801	497.20834	2443.65771	-135.25401	542.86169	2047.96265	-449.62628	265.12741	2521.32446				
431	4.300	-110.87984	1704.02148	2220.86377				-203.39565	1633.66785	2347.89526				-142.36914	1470.37488	2380.16919				-236.91928	1346.45496	2233.78662				-132.70152	1122.82263	2515.44629				-149.51801	879.85431	2543.58813	-328.86188	873.03802	2010.03284	-267.93030	1055.92798	2305.40796				-17.85150	968.94446	2240.83838	-255.12621	500.56155	2446.27783	-141.94400	543.45215	2052.37964	-457.34564	257.67087	2515.43604				
432	4.310	-116.04549	1703.93701	2226.49365				-211.94171	1634.22107	2351.98291				-151.50757	1471.00269	2384.32422				-244.48207	1347.80591	2238.32593				-142.19121	1123.59937	2520.25513				-157.97023	880.27271	2548.60962	-322.91733	871.46747	2001.25720	-276.24057	1058.40967	2309.80811				-24.50799	969.78851	2248.43994	-266.84143	503.64319	2448.11597	-147.69781	543.51508	2053.90405	-463.79236	248.03091	2508.43042				
433	4.320	-122.18173	1704.18835	2232.29004				-220.30917	1635.14795	2355.71802				-160.94716	1472.48962	2388.81812				-252.96440	1349.71753	2244.05347				-152.10866	1124.94275	2525.09326				-166.22420	880.85187	2552.85571	-317.31497	872.03412	1991.27576	-283.70483	1060.43506	2312.89917				-31.31478	971.19031	2257.79297	-279.17184	506.72794	2451.48047	-153.67723	544.46387	2056.38135	-469.67715	238.91763	2501.33057				
434	4.330	-127.96362	1704.94189	2237.56421										-169.88947	1473.49353	2393.37598				-261.44150	1351.46924	2249.54150				-161.67416	1126.22693	2529.79028				-174.35353	881.77350	2556.63818	-311.14288	871.84814	1985.47815	-291.04144	1062.33142	2316.42944				-37.56064	972.18286	2264.30103	-291.15558	508.65781	2454.98828	-159.02916	544.27991	2060.45142	-473.74576	229.05400	2495.11890				
435	4.340	-133.49213	1705.02014	2242.07813										-178.98174	1475.17212	2397.64722										-171.60068	1127.97461	2534.75342				-183.28804	883.43268	2561.44067	-306.65372	874.00006	1979.48938	-298.66559	1065.55066	2320.61816				-43.77402	973.58099	2273.06152	-303.12997	510.72513	2458.10254	-163.59714	543.68713	2065.22314	-478.10043	220.06447	2487.07642				
436	4.350	-139.15675	1705.21033	2246.30371										-188.16212	1476.49927	2401.77148										-181.45341	1129.04004	2538.03833				-192.43828	885.25525	2565.76855	-303.12402	876.11792	1974.49451	-305.36606	1067.36548	2323.61475				-49.99747	974.76831	2280.51733	-314.72034	511.91910	2461.21851	-168.82674	546.28296	2065.26538	-481.30930	211.72916	2481.30762				
437	4.360	-145.37764	1706.11169	2251.45361										-197.43420	1477.86499	2404.97925										-190.89526	1130.52368	2542.11450				-201.13503	886.03503	2568.19458	-299.28928	877.89752	1971.70508	-312.97388	1070.05591	2328.22803				-56.43509	976.05859	2288.30713	-325.94638	513.17181	2464.65112	-173.03700	544.90820	2070.95117	-482.96173	201.69450	2473.59814				
438	4.370	-150.97182	1706.91345	2256.15503										-207.04828	1479.34106	2409.36279										-200.60899	1132.25366	2546.18921				-211.11020	887.37823	2571.57349	-297.89905	881.25055	1963.48425	-319.64188	1070.97803	2331.05322				-63.29154	977.54797	2296.16357	-337.47324	514.09052	2467.67017	-177.60173	546.90314	2073.07056	-484.78180	192.60355	2467.05420				
439	4.380	-156.68372	1707.42224	2259.54956										-216.66280	1481.24756	2412.97607										-210.35049	1133.21326	2549.52637				-220.55246	889.12518	2575.44653	-295.92407	884.79645	1959.36108	-326.73837	1072.25537	2333.65503				-69.85516	978.94678	2303.92285	-349.66122	516.04877	2470.77295	-181.09558	548.55157	2073.33374	-484.79379	183.88425	2459.52539				
440	4.390	-161.61263	1707.82886	2263.98877										-227.04631	1482.85461	2416.42847										-220.00659	1135.47729	2553.85181				-230.91873	890.43597	2578.11426	-294.15201	887.49554	1956.16443	-334.98401	1073.32800	2338.18994				-76.40117	981.00201	2312.97632	-362.64008	519.94324	2474.32349	-184.66026	550.50714	2078.86768	-483.39108	179.28297	2454.75781				
441	4.400	-167.02219	1708.21045	2266.86157										-236.85051	1484.15002	2419.25732										-229.81024	1137.15564	2557.69873				-240.88023	892.54224	2581.39429	-292.51041	889.15729	1953.55273	-343.44739	1074.32703	2341.52930				-83.08135	982.83740	2322.76196	-374.95569	523.78888	2478.18579	-187.55931	552.75385	2080.79126	-480.23392	177.24614	2449.37720				
442	4.410	-171.66185	1708.62805	2271.14429										-246.98825	1485.79382	2422.15771										-239.95270	1138.68506	2561.12134				-251.60332	893.64972	2583.34766	-290.48425	893.21881	1945.50256	-352.06863	1074.46521	2343.31592				-89.68527	984.72070	2331.88818				-189.97757	554.57336	2085.26636	-477.15103	177.25479	2444.99902				
443	4.420	-177.01031	1708.39612	2274.68384																						-250.08435	1140.36121	2565.38916				-262.37338	895.41235	2586.26245	-288.84677	894.76843	1940.64941							-95.35901	987.05804	2341.99609				-192.23720	556.73676	2090.42065	-473.48718	176.79401	2439.47949				
444	4.430	-181.01851	1708.47229	2278.26660																						-261.20850	1142.87024	2568.48730				-273.36945	897.51178	2589.13525	-286.54218	896.49530	1937.04883													-193.67302	558.79370	2090.86084	-470.34753	177.90558	2435.44775				
445	4.440	-185.53304	1708.13818	2281.37891																						-272.43765	1144.87427	2571.16187				-284.85190	899.38959	2591.71460	-283.74066	899.25903	1932.25415													-194.82521	561.33112	2094.52490	-467.31406	177.57811	2431.69312				
446	4.450	-190.05740	1707.33215	2285.37158																						-284.17633	1146.63708	2573.58862				-296.95007	901.61853	2594.54297	-280.65765	902.19379	1927.98169													-195.54428	564.10339	2098.87378	-464.75891	177.84094	2427.49976				
447	4.460	-193.49765	1706.35535	2288.90039																												-309.05969	903.64703	2596.84912	-277.27094	905.08118	1924.43567													-195.19302	564.23712	2104.85522	-462.56885	178.21269	2423.88867				
448	4.470	-198.13455	1705.73438	2292.00562																												-321.70898	906.42432	2599.49438	-272.41159	907.63354	1921.56738													-194.68303	567.99402	2106.24585	-461.06717	177.76927	2420.61646				
449	4.480	-201.26913	1704.05554	2294.83276																												-334.38153	908.28741	2600.76929	-267.51559	909.78717	1919.52222													-192.91324	568.75885	2111.58179	-459.73346	178.95007	2417.70435				
450	4.490	-204.97517	1703.21045	2298.17065																															-262.12589	912.69977	1919.39624													-190.79408	570.74091	2117.48779	-458.78998	179.46431	2415.57349				
451	4.500	-209.05534	1701.80212	2300.79980																															-256.19183	915.39587	1916.00098													-187.48253	572.22406	2124.48267	-457.66614	179.47061	2413.62207				
452	4.510	-212.36427	1701.30420	2303.82886																															-249.91252	920.09314	1910.45337													-184.41449	573.94403	2127.95386	-456.77835	180.00179	2412.26392				
453	4.520	-216.32330	1700.14600	2307.33545																															-243.62369	921.71960	1910.83020													-180.30673	575.11188	2132.71606	-455.94855	179.61409	2411.49854				
454	4.530	-220.04033	1699.06738	2309.53833																															-237.74203	923.83746	1914.26892													-175.90494	574.72766	2140.80664	-455.67172	179.94601	2411.03125				
455	4.540	-223.53790	1698.59399	2313.08643																															-232.33766	926.60144	1914.07532													-171.67485	575.75317	2149.52954	-455.57629	180.04579	2411.28027				
456	4.550	-227.28632	1697.88196	2315.29639																															-226.72166	928.13257	1915.27454													-166.46799	574.62067	2158.13037	-454.33252	177.72769	2410.54346				
457	4.560																																		-221.29176	930.03162	1919.27380													-161.20872	575.71796	2164.23242	-453.44855	176.43660	2409.13843				
458	4.570																																		-216.27711	933.06519	1919.53052													-155.82932	577.70233	2170.40332							
459	4.580																																		-211.09848	933.85437	1925.75696													-149.72493	578.00421	2175.96191							
460	4.590																																		-206.10493	935.82410	1932.65662													-143.37161	579.20178	2185.51636							
461	4.600																																		-201.06818	937.32007	1934.56128													-136.54391	578.66138	2194.82056							
462	4.610																																		-196.76875	940.89758	1938.28467													-128.56438	582.30286	2198.57715							
463	4.620																																		-192.87048	941.21869	1946.19763													-122.79253	583.59845	2206.81787							
464	4.630																																		-189.46713	942.54633	1953.62512													-115.50212	585.67377	2217.53247							
465	4.640																																		-185.18214	943.84375	1958.08618													-108.30997	586.36182	2224.75732							
466	4.650																																																	-100.69846	587.77380	2235.17725							
467	4.660																																																	-93.53667	589.97321	2246.62256							
468	4.670																																																	-88.34147	591.31134	2255.30664							
469	4.680																																																	-82.70152	593.85822	2266.89355							
470	4.690																																																	-78.25237	596.58142	2279.27539							
471	4.700																																																	-74.32146	599.04163	2290.84009							
472	4.710																																																	-71.27203	602.32050	2301.35400							
473	4.720																																																	-67.81376	605.41565	2313.75684							
474	4.730																																																	-66.45625	608.73309	2325.32227							
475	4.740																																																	-65.85578	611.06720	2337.44263							
476	4.750																																																	-67.73534	613.03815	2348.69092							
477	4.760																																																	-71.17931	613.59387	2361.46777							
478	4.770																																																	-76.55573	615.40619	2370.59229							
479	4.780																																																	-82.86945	616.73682	2380.89844							
