PathFileType	4	(X/Y/Z)	C:\Users\WrightLab\Desktop\Jo\P2_Trial28.trc
DataRate	CameraRate	NumFrames	NumMarkers	Units	OrigDataRate	OrigDataStartFrame	OrigNumFrames
100.00	100.00	       472	19	mm	100.00	1	       472
Frame#	Time	Headset_Front			Headset_Back			Headset_Left			Headset_Right			Left_Shoulder			Right_Shoulder			Sternum			C7			Left Elbow			Right Elbow			Left Wrist			Right Wrist			Left ASIS			Right ASIS			S2			Left Knee			Right Knee			Left Ankle			Right Ankle			
		X1	Y1	Z1	X2	Y2	Z2	X3	Y3	Z3	X4	Y4	Z4	X5	Y5	Z5	X6	Y6	Z6	X7	Y7	Z7	X8	Y8	Z8	X9	Y9	Z9	X10	Y10	Z10	X11	Y11	Z11	X12	Y12	Z12	X13	Y13	Z13	X14	Y14	Z14	X15	Y15	Z15	X16	Y16	Z16	X17	Y17	Z17	X18	Y18	Z18	X19	Y19	Z19	

1	0.000																									67.76675	1084.54602	-1524.65356							-504.37341	858.96637	-1518.92676										-13.31965	410.78757	-1512.91040	-379.28619	74.91977	-1487.86328							
2	0.010																									67.52399	1084.05664	-1525.97778							-506.22992	858.87573	-1521.34753										-13.79867	410.73254	-1513.72620	-381.15427	78.03980	-1483.43323							
3	0.020																									65.25296	1084.14893	-1522.34399							-508.62561	859.35754	-1524.10132										-14.30701	410.70798	-1514.51379	-383.03940	78.41431	-1482.93689							
4	0.030																									64.03824	1083.97705	-1521.46960							-511.55283	860.06171	-1526.58948										-14.90275	410.81332	-1515.12256	-384.62296	77.99920	-1484.06067							
5	0.040																									62.90057	1083.72205	-1521.19568							-513.30493	860.66553	-1529.91187										-16.25589	410.77142	-1515.41687	-388.29224	80.38613	-1476.90259							
6	0.050																									61.53395	1083.38464	-1519.75549							-515.25128	861.81635	-1533.91931										-18.38912	410.31522	-1514.60071	-391.91013	83.82433	-1474.38232							
7	0.060																									59.55560	1083.20032	-1515.96533							-517.75159	861.19916	-1533.11145										-20.30339	411.06277	-1514.70105	-398.01907	85.77343	-1471.43811							
8	0.070																									58.04871	1083.34814	-1514.56873							-520.50049	862.24829	-1537.58496										-20.91017	411.03906	-1515.63623	-404.36301	87.17956	-1469.75745							
9	0.080																									56.14466	1083.52161	-1512.12866							-522.91998	862.34766	-1539.23584										-22.84984	410.25650	-1514.44873	-412.76657	87.38300	-1465.18762							
10	0.090																									54.53912	1084.18030	-1510.32336							-525.91998	861.93414	-1539.48389										-24.14737	410.76892	-1514.70996	-420.84113	86.22483	-1465.63452							
11	0.100																									51.65613	1084.06592	-1506.28369							-527.88812	862.30438	-1541.69458										-25.39886	412.06384	-1515.23560	-430.44049	86.49990	-1460.81848							
12	0.110																									50.13492	1083.92676	-1504.49194							-530.79773	862.32147	-1542.69580										-27.82839	411.11957	-1514.25464	-439.27786	86.34106	-1458.71851							
13	0.120																									47.10848	1084.62000	-1500.80896							-533.44812	861.87671	-1543.02234										-29.10433	410.92239	-1514.27625	-448.66733	86.62396	-1456.10193							
14	0.130																									45.46961	1084.29199	-1499.82642							-535.35376	862.08972	-1544.59338										-32.01949	410.31076	-1512.00354	-456.36301	87.39404	-1453.81641							
15	0.140																									42.57862	1084.66406	-1494.34753							-538.30389	861.94476	-1545.29443										-33.66723	410.37265	-1511.60120	-466.18723	89.24802	-1443.80750							
16	0.150																									39.75911	1085.51624	-1490.80420							-540.99677	861.36462	-1545.53687										-34.71393	409.97186	-1510.69360	-474.97137	88.79861	-1441.39844							
17	0.160																									37.37814	1085.46680	-1487.90747							-543.22375	860.09503	-1544.92383										-37.35788	410.12286	-1510.24316	-483.96021	88.00072	-1440.75879							
18	0.170																									33.39551	1085.66516	-1482.02881							-547.01074	858.71637	-1542.96765										-39.55556	410.00610	-1508.74292	-494.00848	89.94391	-1433.69763							
19	0.180																									29.68674	1086.22644	-1477.37292							-549.35199	858.55231	-1543.94458										-40.95168	409.19119	-1508.42310	-501.69952	87.08486	-1436.14258							
20	0.190																									26.63775	1086.50671	-1474.41455							-552.18872	857.67249	-1543.66992										-42.53107	409.57291	-1507.50757	-510.77194	88.84797	-1431.29773							
21	0.200																									23.35103	1087.41504	-1469.20862							-554.95996	857.09277	-1543.72681										-45.63035	410.01782	-1506.40405	-519.53168	90.08665	-1422.52429							
22	0.210																									20.11997	1087.03296	-1466.68164							-557.78442	855.15399	-1541.74048										-47.69529	409.89111	-1504.79749	-526.94043	87.97243	-1423.59888							
23	0.220																									15.11936	1088.21692	-1460.43848							-561.64111	854.86066	-1541.08911										-50.03122	409.63257	-1504.05945	-534.16168	86.86884	-1426.04517							
24	0.230																									10.85327	1088.09729	-1454.11694							-564.83563	853.84601	-1540.36084										-52.97191	409.16763	-1501.81128	-543.61194	86.63405	-1420.61414							
25	0.240																									6.51956	1087.91699	-1448.33606							-568.58307	852.97803	-1538.49365										-54.21941	408.77496	-1501.14783	-550.15314	86.43845	-1418.42188							
26	0.250																									2.29827	1087.26013	-1444.12463							-572.97986	852.00610	-1536.29028										-58.08035	408.87344	-1499.29797	-558.35730	88.16248	-1411.02930							
27	0.260																									-2.56792	1087.05151	-1437.94897							-576.21674	851.01184	-1534.58643										-59.40289	408.59814	-1498.83240	-565.43140	87.38754	-1412.72351							
28	0.270																									-7.25642	1087.11084	-1431.29919							-580.58270	850.28656	-1532.44446										-61.78186	408.57785	-1498.39990	-572.77167	86.43840	-1410.98889							
29	0.280																									-11.48071	1086.27271	-1428.05896							-585.61725	850.52539	-1531.36804				-382.39917	1010.95978	-1379.93921				-64.39120	408.65259	-1497.21265	-578.59625	86.45201	-1408.64954							
30	0.290																									-16.83757	1085.61414	-1422.01929							-589.68817	848.14850	-1526.55225				-387.36453	1009.28265	-1377.34363				-66.95924	408.04794	-1495.72314	-585.50195	85.39758	-1407.69995							
31	0.300																									-20.25347	1084.69067	-1418.73315							-594.86566	848.22650	-1524.73254				-392.99466	1008.46582	-1375.72278				-71.05885	407.04547	-1492.91174	-591.66797	86.79622	-1405.30493							
32	0.310																									-26.68248	1084.11267	-1413.04163							-599.71252	847.60406	-1521.74854				-398.27536	1009.73889	-1370.19031				-73.38958	406.27850	-1491.63599	-595.20642	82.58992	-1412.45300	-27.49357	50.14664	-1532.44421				
33	0.320																									-31.94469	1083.19678	-1406.99365							-605.08472	846.15057	-1517.06299				-405.47440	1007.69885	-1367.76501				-77.65692	405.39273	-1488.18994	-600.90729	81.98719	-1412.09583	-27.76986	51.63164	-1534.18628				
34	0.330																									-37.39737	1082.88806	-1403.07129							-610.75458	846.02478	-1513.93164				-411.27008	1006.38556	-1366.98242				-79.57925	406.03207	-1487.43945	-606.28973	82.81310	-1407.73083	-27.87082	51.54542	-1534.47485				
35	0.340																									-43.26390	1081.66125	-1396.23462							-616.87842	844.72815	-1508.45251				-417.75140	1007.02301	-1363.09851				-83.98006	405.30975	-1485.13293	-609.34442	79.88881	-1415.53491	-29.30103	51.62381	-1534.47949				
36	0.350																									-48.99318	1081.63721	-1391.34473							-622.29285	844.30579	-1504.83228				-425.61389	1006.17542	-1361.23914				-87.75912	404.29184	-1481.85449	-613.38110	80.33031	-1413.14856	-30.73174	51.70193	-1534.48413				
37	0.360																									-54.93695	1080.09692	-1387.13916							-628.61774	844.73669	-1501.51038				-432.14859	1005.47681	-1355.59045				-90.84077	404.78680	-1479.75073	-615.73700	79.44550	-1416.28711	-32.91683	52.05096	-1533.40088				
38	0.370																									-60.95689	1079.83167	-1379.62183							-634.83112	843.43396	-1495.12158				-439.98938	1006.72302	-1350.72681				-96.79618	405.10706	-1475.48926	-618.84027	76.62404	-1423.82434	-33.69117	52.39548	-1533.40979				
39	0.380																									-67.68593	1079.97620	-1373.56946							-641.04517	843.71661	-1490.70593				-447.12607	1005.79572	-1349.05273				-102.12664	404.61646	-1471.38879	-620.81604	76.80485	-1424.12720	-36.06176	52.82423	-1532.32971				
40	0.390																									-74.15423	1080.58557	-1366.75232							-647.19537	845.02740	-1487.31982				-454.18958	1003.78503	-1350.41895				-108.42664	404.17038	-1466.32690	-623.65442	75.51990	-1428.33276	-37.00194	54.27558	-1531.53687				
41	0.400																									-80.86852	1079.55603	-1361.75830							-654.11816	845.45062	-1482.09900				-461.12976	1005.29852	-1342.37463				-115.03888	404.12189	-1462.60999	-626.79712	75.35394	-1429.54150	-39.69533	54.40981	-1529.96985				
42	0.410																									-87.73530	1080.01501	-1353.65527							-661.03186	845.74451	-1476.19739	-333.92188	1003.97656	-1315.90723	-468.47861	1004.66980	-1340.45203				-121.89751	403.21088	-1456.60461	-629.48981	77.67244	-1424.39368	-41.71836	56.78769	-1529.01306				
43	0.420																									-94.66819	1079.99756	-1348.56641							-668.32458	847.07318	-1471.07983	-340.76743	1003.29584	-1313.62622	-475.60721	1004.21124	-1337.41870				-128.75317	402.83353	-1451.54993	-631.21936	77.45351	-1425.75000	-42.99696	57.95021	-1527.75806				
44	0.430																									-100.73144	1080.65466	-1344.25049							-675.66113	848.31165	-1465.76685	-348.00632	1002.30286	-1308.54236	-482.73999	1006.19263	-1330.64038				-136.81346	401.16071	-1445.12524	-632.89795	76.57983	-1431.31372	-46.70345	61.72626	-1525.25171				
45	0.440																									-107.20226	1080.09558	-1340.52087							-682.69397	849.01147	-1459.98914	-354.59970	1003.55048	-1304.27405	-488.35419	1005.62634	-1330.42627				-144.23747	401.48685	-1439.98999	-634.49744	75.15748	-1433.01953	-48.28761	63.07852	-1522.54407				
46	0.450																									-113.73661	1079.45105	-1336.41272							-689.47351	849.58600	-1453.65625	-360.88974	1005.10175	-1298.38867	-495.07950	1004.93439	-1331.02673				-152.85442	399.80396	-1433.18860	-636.82550	77.32238	-1428.42529	-51.69539	65.05904	-1518.39734				
47	0.460																									-119.89426	1079.74060	-1332.80432							-696.99548	851.13806	-1448.68274	-366.24637	1005.08331	-1298.81995	-499.82742	1006.02490	-1325.38013				-162.41690	399.60696	-1426.45044	-637.84668	78.02002	-1429.47461	-55.69649	67.68958	-1513.65198				
48	0.470																									-127.11711	1080.13855	-1329.71997							-704.30225	852.53510	-1443.18884	-371.23892	1005.13800	-1294.99438	-505.39822	1005.16071	-1324.06641				-175.01602	399.21924	-1417.52588	-638.46106	77.13204	-1432.27344	-60.40316	73.55676	-1509.91516				
49	0.480																									-133.62837	1080.42590	-1326.91211							-710.66034	854.51111	-1439.36133	-376.15747	1006.25452	-1293.69482	-509.45779	1005.63873	-1323.37109				-189.84476	398.36334	-1407.54675	-639.30457	75.87242	-1436.10327	-67.13304	79.06132	-1503.19055				
50	0.490																									-139.89256	1080.96851	-1325.27722							-717.37909	855.45001	-1433.38196	-381.32364	1007.03839	-1290.16650	-514.88446	1007.40326	-1319.20837				-203.66057	397.48615	-1397.90723	-640.96503	77.32074	-1437.24609	-76.02527	86.14439	-1496.25159				
51	0.500																									-145.69431	1081.81470	-1322.34729							-723.95215	856.88611	-1428.18823	-386.68420	1008.88812	-1285.62036	-519.13788	1007.38928	-1318.94470				-220.07796	395.81122	-1388.66003	-642.18707	76.72818	-1438.44263	-83.84944	94.36079	-1490.71619				
52	0.510																									-151.45944	1081.74902	-1318.95581							-730.66779	858.25488	-1422.68420	-392.00552	1008.74182	-1282.84351	-524.21149	1009.21014	-1308.98352				-234.88553	394.39920	-1378.34229	-642.54584	76.06950	-1440.03137	-94.81921	101.38416	-1484.37854				
53	0.520																									-156.44708	1081.55554	-1318.47107							-737.77948	860.25732	-1417.64880	-397.01529	1010.71808	-1276.46765	-529.31354	1009.42798	-1309.19250				-246.95186	396.47803	-1368.89294	-643.21204	75.45929	-1439.50598	-105.85349	108.57502	-1477.34802				
54	0.530																									-161.16443	1082.43628	-1315.16284							-744.10870	861.74908	-1412.91370	-402.36661	1010.60388	-1275.29382	-534.72211	1010.47205	-1302.99072				-257.82309	399.76596	-1357.89453	-643.94745	75.00218	-1438.75500	-117.39293	115.27920	-1469.21033				
55	0.540																									-167.01425	1082.98254	-1310.17896							-750.19562	863.42828	-1409.01282	-406.50000	1012.10101	-1271.25781	-539.32196	1009.64551	-1300.94031				-266.67288	405.17786	-1346.98206	-644.13068	74.51888	-1439.52087	-128.45500	122.24844	-1462.75854				
56	0.550																									-171.41335	1083.02869	-1308.16772							-756.13019	865.24127	-1405.35718	-411.43362	1011.35516	-1267.97827	-544.26367	1009.55756	-1298.87878				-276.26749	409.00876	-1333.50684	-644.87286	75.16898	-1437.21533	-139.05557	127.64503	-1455.48303				
57	0.560																									-176.43152	1083.70251	-1304.09204							-762.09570	865.19440	-1398.92615	-416.14987	1011.27618	-1263.67957	-548.23907	1008.69537	-1297.94421				-285.61807	413.44290	-1319.82788	-645.43610	73.17325	-1438.07520	-149.23517	132.43170	-1448.13416				
58	0.570																									-181.13091	1084.43176	-1301.11475							-768.39301	865.54718	-1393.25537	-420.17371	1011.33630	-1262.48926	-553.18866	1010.42889	-1284.73376				-295.04111	416.13794	-1305.09265	-646.86395	73.41153	-1434.36011	-161.07994	137.40396	-1437.88440				
59	0.580																									-184.14182	1084.83704	-1298.36255							-773.94373	866.94763	-1389.47937	-425.26910	1013.10004	-1256.73584	-558.26257	1009.44525	-1282.55920				-301.17621	419.80258	-1292.56482	-647.38104	71.39568	-1435.12866	-172.68398	142.03957	-1427.00952				
60	0.590				-677.70428	512.67438	-1422.47559																			-189.00999	1085.81262	-1295.82837							-779.62030	867.65399	-1384.70789	-430.31631	1013.41406	-1248.35925	-562.53992	1010.60071	-1278.43835				-309.29355	421.94928	-1278.56433	-648.62494	72.71358	-1431.62781	-183.45813	145.19028	-1417.09424				
61	0.600				-682.65411	510.85748	-1428.64014																			-193.59601	1086.38293	-1292.32495							-785.12573	868.39148	-1380.08447	-435.02621	1014.01312	-1243.39246	-567.01587	1009.79468	-1279.96606				-315.57193	424.93542	-1264.21863	-649.40106	72.23930	-1431.13525	-194.83093	149.09695	-1406.58142				
62	0.610				-686.69702	514.20746	-1421.56543																			-198.05998	1086.69641	-1288.60901							-790.74286	868.70837	-1374.83423	-439.35001	1015.41791	-1235.84741	-570.85394	1009.68213	-1277.99463	-432.08044	920.29388	-1505.27405	-322.44730	428.20532	-1248.44189	-650.15613	71.48217	-1430.95251	-206.88144	153.30719	-1394.75220				
63	0.620				-688.92059	511.15277	-1431.17798																			-203.23068	1086.94800	-1284.25232				-160.17345	847.48706	-1271.80542	-795.99158	869.18646	-1369.67188	-442.74503	1016.27838	-1231.82935	-574.63531	1010.28052	-1270.87451	-434.43176	920.59662	-1500.21313	-328.49197	431.53394	-1234.85620	-651.50391	71.13730	-1431.35913	-218.62386	154.53534	-1382.05408				
64	0.630				-692.32990	510.97949	-1436.75928																			-206.99481	1086.75244	-1282.56555				-165.74359	848.03705	-1270.47876	-801.15192	870.08405	-1365.83081	-446.24857	1017.10889	-1225.06287	-579.49121	1011.32770	-1264.60339	-436.77591	920.93091	-1495.32141	-334.50015	434.11624	-1220.53809	-654.60724	72.50898	-1425.73108	-230.09482	157.59123	-1369.78931				
65	0.640				-694.17920	513.29443	-1429.26331																			-212.00546	1086.94067	-1279.36292				-170.70284	848.31757	-1268.06067	-806.43677	869.90027	-1359.51416	-450.50455	1017.37469	-1220.09851	-582.10168	1010.80359	-1265.28442	-439.18243	921.09589	-1490.05029	-340.48660	437.33936	-1205.31665	-656.07397	71.25706	-1425.12439	-241.74016	159.24434	-1356.65662				
66	0.650				-696.03467	512.82184	-1430.91333																			-216.82825	1087.11414	-1275.90344				-176.05540	848.72632	-1266.37659	-811.86829	870.10919	-1353.55884	-453.74438	1017.70349	-1215.89758	-585.57092	1011.55389	-1254.14563	-441.61597	921.22980	-1484.75732	-346.30319	438.83954	-1189.12378	-657.27716	69.16075	-1426.73975	-254.13080	160.07590	-1341.15125				
67	0.660				-698.04333	509.63284	-1438.22327																			-221.21373	1087.37170	-1273.09778				-179.98302	847.32220	-1264.72998	-816.66681	870.75507	-1349.21399	-456.90125	1018.60291	-1207.38525	-589.39069	1011.95221	-1246.89355	-444.16577	921.25067	-1479.48279	-350.75290	441.36246	-1174.47351	-659.23126	70.06993	-1422.47583	-265.48169	160.79190	-1327.22986				
68	0.670				-700.28119	509.91296	-1436.64282																			-225.60446	1086.81873	-1271.45154				-184.91531	846.84412	-1263.71289	-821.46552	870.72949	-1343.41467	-460.97156	1019.97906	-1204.90906	-592.25537	1010.07928	-1249.67456	-446.64453	921.57489	-1474.49561	-356.09549	441.30865	-1158.27759	-661.58868	70.99258	-1416.55701	-278.57355	160.84140	-1309.12195				
69	0.680				-700.29712	511.42236	-1438.99963							-498.28934	1315.19580	-1171.37146										-229.32748	1086.26819	-1268.82654				-190.37045	846.89435	-1262.99109	-826.53369	870.37036	-1337.17603	-464.01718	1019.61481	-1203.02161	-594.70386	1012.15887	-1237.59778	-449.21466	921.27130	-1468.51184	-360.75870	443.91388	-1143.42517	-662.20270	69.23859	-1418.25513	-289.41345	160.90736	-1294.94971				
70	0.690				-700.23212	511.47900	-1438.71130							-502.11734	1314.61877	-1164.35889										-233.74214	1085.41455	-1266.34778				-195.01337	846.51428	-1260.95496	-830.88806	870.56763	-1332.44800	-466.27588	1019.58374	-1196.37561	-597.76984	1010.00391	-1238.43726	-451.86197	921.15234	-1463.31323	-365.87012	445.75012	-1128.91333	-664.30048	68.99377	-1414.21521	-300.62457	160.96971	-1277.23499				
71	0.700	-615.35120	1517.72119	-1135.09802	-699.42596	510.39563	-1439.20166							-506.94580	1314.12183	-1156.26453	-389.15872	1468.12061	-947.79376							-237.60710	1083.62903	-1263.74011				-198.56493	844.32452	-1259.81860	-835.21295	869.68463	-1326.77112	-469.05878	1018.94177	-1190.64124	-599.87006	1010.29431	-1232.83582	-454.57074	920.94360	-1457.91064	-371.48740	447.77515	-1113.60864	-666.22028	68.04099	-1414.71912	-311.64667	159.12128	-1259.49060				
72	0.710	-617.84973	1515.46716	-1127.38574																						-240.98949	1083.29211	-1259.77039				-203.73213	843.62445	-1259.87134	-839.38226	869.68738	-1321.86877	-470.79657	1020.06091	-1183.91223	-602.20435	1010.96680	-1217.20801	-457.28976	920.47943	-1452.14819	-376.85025	448.97964	-1097.76990	-668.30164	68.28924	-1412.77368	-322.88593	157.79398	-1240.02917				
73	0.720	-620.22784	1513.43921	-1119.38562																						-245.12808	1082.22021	-1257.65161				-208.30006	842.93927	-1258.19092	-843.88660	868.58118	-1315.11780	-474.37488	1020.08905	-1179.47559	-604.71954	1010.00897	-1216.65674	-459.96051	920.25311	-1446.57031	-382.24374	452.02490	-1083.31702	-669.79205	67.73075	-1410.97632	-333.19955	154.80952	-1222.18774				
74	0.730	-622.59357	1511.20020	-1110.43079																						-248.50108	1080.63367	-1255.67175				-211.54977	840.35980	-1256.95630	-848.70349	867.75610	-1308.64111	-475.37402	1020.02722	-1170.33533	-607.93134	1009.16583	-1211.58484	-462.62115	919.50751	-1440.77783	-387.23172	455.32043	-1067.92102	-671.39337	68.52097	-1407.71631	-344.26794	151.84521	-1201.68188				
75	0.740	-624.89484	1508.89563	-1101.75366	-522.15991	1311.90710	-1129.69836				-528.50153	1409.69727	-1034.80457	-792.89465	1103.10938	-1371.08313										-252.58879	1080.10657	-1249.74048				-216.11246	839.67462	-1255.26318	-853.28204	866.86853	-1301.68506	-479.10635	1019.86182	-1166.15991	-609.32629	1005.57922	-1209.82019	-465.15875	918.26886	-1433.76160	-392.16391	459.73657	-1055.02429	-672.84485	67.36575	-1405.03369	-354.68243	146.92468	-1180.83032				
76	0.750	-627.10449	1507.17737	-1093.04712	-525.77179	1311.39038	-1123.56079				-530.64490	1407.08228	-1028.55383	-796.95636	1101.39807	-1361.75830										-254.82909	1078.37720	-1249.19751				-219.59229	838.64124	-1255.28271	-857.74188	865.87433	-1294.44153	-481.16599	1018.62012	-1159.28333	-612.53699	1006.05743	-1195.98657	-467.56012	917.66284	-1427.94604	-397.42542	464.46228	-1045.08289	-673.71814	67.79752	-1403.36658	-365.18640	144.34689	-1160.11230				
77	0.760	-629.40771	1504.84570	-1084.16406	-683.39490	1406.09192	-1277.33044				-534.08228	1404.60999	-1025.43372	-800.78949	1100.56165	-1354.54480				-540.67273	1291.54272	-1190.44458				-258.90369	1077.03687	-1244.17554				-223.31601	836.08661	-1251.46289	-864.56036	860.88043	-1297.38123	-483.76645	1018.19672	-1152.65161	-614.57990	1004.71777	-1191.70703	-469.90158	916.44250	-1421.00171	-404.03400	466.04388	-1034.54602	-674.55103	66.73969	-1403.47241	-375.39240	139.83003	-1139.14392				
78	0.770	-631.74414	1502.46167	-1075.75330							-534.89429	1402.64417	-1015.68524	-804.13593	1099.86304	-1347.88818				-543.64215	1290.70837	-1182.90613				-262.06766	1075.38550	-1241.91260				-227.48137	835.13013	-1249.14844	-866.64557	864.67212	-1281.69568	-486.47006	1016.40118	-1147.95178	-617.93616	1002.22101	-1187.96887	-472.08160	915.26617	-1414.43982	-409.20667	467.08899	-1023.97009	-676.61755	67.01850	-1399.63953	-385.90195	134.43709	-1115.54663				
79	0.780	-634.06818	1499.83081	-1066.94800	-689.84705	1403.84668	-1262.81824				-535.15399	1400.27686	-1007.38037	-807.84784	1096.93884	-1336.38354				-546.32104	1288.38464	-1175.66125				-264.86523	1073.46204	-1237.79211				-229.52513	834.82635	-1250.10974	-871.64069	862.63416	-1272.05139	-488.28107	1015.51611	-1136.49902	-619.71716	1002.99792	-1176.96655	-473.92563	914.30273	-1407.59375	-414.38275	467.64209	-1015.30408	-678.06561	64.21228	-1399.75269	-396.80020	129.42291	-1091.97876				
80	0.790	-636.39136	1496.94324	-1057.60828							-538.20642	1397.28699	-1004.38605	-810.87762	1096.57202	-1330.72510				-548.56763	1286.01160	-1167.63611				-268.50473	1072.54565	-1234.10498				-234.99864	832.03229	-1245.12683	-875.94849	861.44049	-1264.89905	-490.99625	1015.46893	-1131.63000	-622.52332	999.56958	-1168.28113	-475.81033	913.11163	-1399.99048	-419.63181	468.19809	-1008.20435	-679.47266	62.77634	-1399.12622	-405.17062	123.35122	-1068.61340				
81	0.800	-638.68463	1494.20605	-1048.83899	-695.47241	1399.64185	-1244.69543				-540.19672	1395.11536	-996.80054	-814.52722	1094.65466	-1321.62524				-551.38684	1284.36243	-1160.73804				-271.56909	1070.44263	-1230.53931				-235.50450	831.46497	-1247.57080	-880.67566	860.88062	-1257.78381	-493.39529	1013.00696	-1126.00159	-624.86316	997.84705	-1165.82837	-477.72635	911.95825	-1392.56909	-425.06091	466.74179	-999.64691	-680.65350	62.82256	-1398.83997	-413.16071	118.25280	-1045.59436				
82	0.810	-640.82184	1491.42627	-1039.96570							-539.23138	1392.73071	-983.94928	-818.12030	1093.39758	-1313.98608				-554.44379	1283.38611	-1152.91345				-274.70410	1069.18018	-1225.42834				-240.74763	829.18469	-1241.03845	-885.66357	859.28790	-1248.89197	-496.77863	1011.51837	-1117.75635				-479.43100	910.95325	-1385.20447	-429.93149	465.67560	-992.07520				-422.43457	112.19119	-1020.78943				
83	0.820	-643.06976	1488.51672	-1030.64685	-701.46906	1395.80493	-1226.73596				-541.47192	1389.85156	-974.35828	-821.76727	1091.37830	-1304.64429				-556.14923	1280.97327	-1143.65552				-277.00003	1067.69800	-1221.72656				-242.28221	828.11237	-1242.20264	-890.30823	858.43121	-1241.48572	-498.52316	1009.59137	-1109.87537	-629.96729	995.11932	-1145.90283	-481.17679	909.86823	-1377.29028	-435.21091	465.14377	-984.69110	-681.63556	59.04950	-1400.12610	-429.72513	107.78599	-998.12720				
84	0.830	-645.22906	1485.66907	-1021.37384							-543.23755	1386.06445	-967.68982							-558.53723	1279.27747	-1136.01294				-280.07721	1065.66321	-1216.43262				-245.96837	827.65820	-1237.65918	-894.95575	857.48218	-1233.53699	-501.49655	1008.60858	-1100.27563	-632.16370	995.43964	-1136.75964	-482.74652	909.14911	-1370.34656	-438.93188	463.40338	-980.55249				-436.95499	102.37556	-973.73035				
85	0.840	-647.33777	1482.83459	-1011.72113							-544.39984	1384.09534	-961.05743							-561.68390	1277.18042	-1126.88257				-282.77567	1063.72046	-1211.54004	-828.42865	1088.73291	-1288.53503	-248.32770	824.58649	-1235.13159	-900.18915	856.03052	-1224.40430	-503.54071	1007.19836	-1093.13599	-635.33496	993.51422	-1132.93188	-484.48004	908.22168	-1362.67346	-442.36206	461.44934	-978.01660				-445.10681	98.32759	-949.61639				
86	0.850	-649.55359	1479.88892	-1002.15417							-546.47290	1381.59680	-950.90729				-709.79950	1390.66516	-1205.64160	-563.72363	1274.70447	-1119.33887				-286.20947	1062.43860	-1206.73718	-831.90881	1086.88855	-1279.23743	-252.09671	823.74817	-1231.53296	-904.79877	854.85895	-1216.26489	-507.08069	1005.78674	-1085.53015	-637.07690	989.48901	-1126.95239	-486.08185	907.10840	-1354.71338	-447.64783	458.81729	-970.74567				-452.26242	96.73364	-927.36841				
87	0.860										-548.16400	1377.49292	-942.19635				-712.05444	1388.30310	-1196.68848	-566.22266	1272.41016	-1110.57813				-288.18552	1059.65515	-1201.75854	-835.26703	1085.83032	-1271.67090	-254.11755	821.03699	-1227.43579	-909.45221	854.31787	-1208.66504	-508.37811	1004.21472	-1072.60413	-640.15558	989.41235	-1113.49780	-487.86896	905.71271	-1346.06409	-451.56641	455.19620	-966.22223				-462.01227	96.16113	-898.26196				
88	0.870				-404.77332	1398.66394	-1140.30322				-549.70313	1375.55176	-933.01257				-714.99500	1385.44824	-1188.18774	-569.08112	1270.82434	-1101.10205				-291.98486	1058.19202	-1193.22095	-838.93414	1083.51001	-1261.22412	-256.57541	820.17169	-1224.34314	-914.61523	852.19336	-1198.40491	-511.72128	1002.03094	-1064.28589	-641.28308	986.40417	-1104.66345	-489.65637	903.76654	-1336.47205	-456.48816	450.88318	-959.39417				-468.29648	98.60204	-876.55658				
89	0.880				-406.69452	1395.94214	-1129.97510				-550.89313	1372.70959	-924.56555				-717.19916	1384.56506	-1177.91321	-572.25098	1268.10083	-1091.63586				-294.17297	1056.21033	-1187.52441	-841.66455	1083.50696	-1255.90723	-259.93503	817.81439	-1219.28784	-919.25348	851.73181	-1190.84741	-515.11737	1000.36578	-1058.47144	-643.61597	985.02319	-1097.33203	-491.44717	902.26697	-1328.09033	-460.27283	446.49707	-954.77386				-469.20901	104.83719	-850.64099				
90	0.890	-655.71625	1467.81348	-959.56909	-409.52850	1393.67871	-1120.18457				-550.85632	1370.21350	-909.70441				-719.39929	1382.55017	-1168.35913	-574.28491	1265.31958	-1082.81885				-297.50275	1054.24109	-1181.19482	-845.62476	1079.76392	-1242.17847	-260.56674	817.12042	-1217.27979	-923.78430	850.97876	-1182.90686	-517.23883	997.61511	-1051.87683	-648.27325	983.27405	-1087.61877				-464.79822	442.48682	-949.22083				-475.08881	109.14658	-829.73987				
91	0.900	-656.74451	1464.46411	-948.25952	-412.33517	1391.83191	-1111.51184				-551.62256	1367.07886	-900.18207				-722.13892	1380.85962	-1159.00684	-577.18207	1262.81323	-1074.16016				-299.84204	1052.09473	-1172.51428	-848.30237	1079.76135	-1236.67761	-264.74713	815.02979	-1207.66199	-928.88971	849.12775	-1173.18042	-519.97418	994.95197	-1041.25647	-649.83905	980.69373	-1079.30469	-495.17612	899.39569	-1311.02563	-468.59412	439.88565	-942.42212				-481.10010	112.76899	-809.91736				
92	0.910	-658.94910	1461.70789	-936.82288	-414.53955	1388.14917	-1097.71863				-553.72876	1364.95764	-890.76941				-724.30090	1378.42310	-1148.48950	-580.21631	1260.51904	-1063.59546				-302.30750	1050.21899	-1164.56689	-851.87567	1077.04089	-1225.05334	-265.40500	814.33508	-1205.74451	-933.70801	847.07599	-1162.72876	-523.15637	993.15607	-1032.20850	-653.49493	979.17938	-1070.76611	-497.06363	897.89423	-1301.97644	-473.12265	437.99884	-933.99512				-485.73810	118.54131	-790.29919				
93	0.920	-660.37909	1458.42139	-924.78546	-416.45575	1385.65979	-1087.94385				-555.00122	1362.14600	-879.05566				-726.06061	1376.27881	-1137.79443	-583.12164	1257.41260	-1052.73523				-305.39227	1047.18335	-1155.68298	-854.91229	1076.25464	-1217.07092	-269.54333	811.60205	-1197.21521	-937.92090	846.89148	-1155.84180	-526.34998	989.94672	-1022.25012	-655.14166	975.28247	-1061.51965	-498.87939	896.18237	-1292.97522	-476.32538	437.16022	-925.84888				-491.41656	122.53599	-772.77655				
94	0.930	-663.91724	1456.26367	-913.72729							-555.04669	1360.06836	-865.60638				-728.35126	1373.76575	-1126.72278	-585.46594	1255.30518	-1043.30591	-570.42786	1372.57947	-1210.32947	-307.40689	1045.00549	-1148.06506	-858.29230	1074.18201	-1206.22681	-270.26471	809.08887	-1189.53687	-942.83887	845.89191	-1147.19775	-529.26215	986.56952	-1012.67529	-659.13635	973.28900	-1052.32617				-480.15195	435.52148	-916.93451				-495.95215	125.91804	-756.63593				
95	0.940	-663.20715	1452.64893	-900.08502							-556.89032	1356.20337	-853.85138	-420.64319	1380.04431	-1065.49109	-730.00677	1371.31885	-1115.47534	-587.74982	1251.46350	-1031.51831	-572.02850	1370.46130	-1198.83154	-309.95187	1042.47852	-1137.33838	-861.24133	1073.68591	-1198.69751	-272.20465	808.50824	-1184.64124	-947.20880	844.25934	-1137.89478	-532.89679	982.74170	-1002.38556	-661.57983	970.84290	-1043.44080	-502.45401	892.01874	-1273.77124	-483.93304	433.41953	-907.34613				-501.56030	128.58955	-740.42981				
96	0.950	-666.96173	1450.41809	-888.97076							-558.04297	1354.05518	-844.36682	-422.54700	1376.82703	-1052.14722	-732.47705	1367.88464	-1104.54639	-588.99939	1247.90771	-1020.82959	-573.66852	1368.17920	-1187.09424	-311.72385	1039.58557	-1130.31946	-864.71014	1071.14685	-1186.33350	-274.02710	806.42639	-1175.09143	-951.43298	843.76172	-1130.07703	-535.63800	981.23700	-993.67145	-665.18585	968.05829	-1034.40173	-504.12061	889.99072	-1264.10791	-487.35266	429.90338	-896.94202	-388.97147	250.49686	-957.87994	-507.05627	129.72832	-725.63324				
97	0.960	-668.12177	1447.03357	-876.12848							-559.35077	1350.35364	-830.67908	-425.11935	1373.19055	-1038.83203	-733.41333	1366.90356	-1092.19580	-591.87634	1244.85706	-1008.96228	-575.16962	1365.81958	-1174.20618	-315.43127	1037.24158	-1117.78137				-274.41153	803.90686	-1166.56897	-955.94843	842.25665	-1120.58630	-539.47205	976.26050	-983.33148	-667.53876	964.93927	-1025.09241				-490.63629	428.01743	-885.50330				-511.49081	130.10274	-712.65497				
98	0.970	-669.29376	1443.97327	-862.85742							-559.40015	1346.80042	-817.63818	-426.93686	1369.90698	-1025.95605	-735.01282	1362.82666	-1080.20068	-593.15173	1241.16736	-998.04614	-576.54767	1363.76392	-1162.26660	-315.67764	1034.07166	-1110.28931	-870.41998	1068.81409	-1166.77466	-274.58069	802.24268	-1159.19885	-959.72821	840.82288	-1112.05994	-542.45789	972.49890	-973.38495	-670.36823	961.20184	-1015.24951	-507.20087	885.58502	-1243.57373	-494.94870	426.33838	-875.29620				-515.96143	129.81903	-698.71814				
99	0.980	-669.31104	1440.31055	-849.04504							-560.72626	1343.31482	-805.36957	-428.21564	1365.80261	-1012.09955	-737.05450	1362.30957	-1067.59607	-595.93634	1238.39417	-984.81311	-577.93970	1361.30469	-1148.68640	-318.18106	1031.77722	-1098.42224	-872.88959	1067.91003	-1157.22864	-275.19104	800.40100	-1149.86523	-963.67841	839.75458	-1103.02905	-546.11029	968.66681	-960.69342	-674.77301	958.76086	-1005.30493	-508.74982	883.10748	-1232.81519	-499.24829	423.90161	-861.88470				-519.72327	129.56802	-685.93353				
100	0.990	-668.31744	1437.22791	-834.20319							-561.25531	1339.89905	-792.70337	-430.10666	1362.28113	-997.62836	-738.62726	1359.54333	-1054.09717	-597.47467	1234.81958	-972.50201	-579.21747	1359.37170	-1136.07092	-320.04184	1028.91479	-1088.92285	-875.59851	1066.73792	-1146.84473	-274.59296	797.48730	-1139.48816	-966.90253	839.40808	-1095.87207	-549.17981	964.81061	-950.34351	-676.54395	953.66699	-995.90698	-510.23547	880.66125	-1221.52136	-503.67261	422.20532	-850.21594				-523.43927	127.74580	-673.13635				
101	1.000	-667.60529	1433.60583	-820.09601							-559.51691	1337.26099	-775.98627	-432.09064	1359.17322	-986.70819	-740.34918	1357.03809	-1041.99927	-600.97064	1232.26990	-959.77936	-580.48334	1357.11572	-1122.40002	-322.04544	1026.76819	-1078.09375	-878.57343	1064.75586	-1134.36353	-276.16000	796.10016	-1128.26282	-971.10443	837.86957	-1086.15674	-553.22491	961.36011	-940.05292	-679.84265	951.65485	-989.11279	-511.78085	878.37762	-1209.78967	-507.60254	420.46271	-837.30823				-526.39050	125.47704	-660.66974				
102	1.010	-669.51556	1431.75098	-805.98938							-562.89642	1333.61267	-767.49127	-432.87790	1355.52344	-970.68744	-742.46857	1355.12622	-1028.68860	-602.74072	1228.45874	-946.99658	-581.59399	1355.03088	-1108.41443	-323.53336	1023.69861	-1067.36023	-881.02368	1064.10217	-1123.69983	-275.25836	794.00098	-1115.73694	-974.65381	837.41418	-1077.40320	-556.79877	958.59558	-927.22052	-682.71759	948.53882	-974.14703				-511.69138	420.00156	-823.09052				-529.76825	123.96584	-648.06897				
103	1.020	-668.17084	1427.98743	-791.09747							-561.77460	1330.84399	-751.40619	-434.37369	1352.30786	-956.94073	-742.44073	1352.40552	-1014.82300	-605.60431	1226.25696	-933.18713	-582.69574	1353.06348	-1094.77417	-325.13281	1020.53015	-1055.99768	-883.18628	1063.14209	-1112.78918	-273.03116	792.82715	-1108.71631	-978.06104	836.31958	-1068.81104	-559.78784	955.58160	-913.88507	-686.17212	945.50726	-962.67456				-515.83325	418.78250	-810.21069				-532.74573	121.50729	-636.12799				
104	1.030	-670.20203	1426.04749	-777.07355				-459.31693	1461.87231	-862.77844	-562.04095	1328.68958	-736.16022	-436.14648	1348.96680	-943.79578	-744.28381	1350.77698	-1000.92316	-606.58740	1223.76563	-920.53442	-583.73236	1351.11780	-1080.69165	-325.42151	1018.83252	-1043.10010	-885.21533	1063.14148	-1101.33875	-272.38083	792.05310	-1097.88220	-980.99036	835.59387	-1059.47571	-563.44897	952.64758	-902.75757	-688.46875	943.69171	-951.83453	-791.70874	562.64191	-952.65515	-519.07214	418.45612	-797.39026	-736.41370	821.81812	-887.61713	-536.69745	117.07112	-624.03259	-313.22937	635.14429	-1112.13977	
105	1.040	-669.47748	1423.34570	-762.06116				-459.56998	1458.81250	-846.28467	-562.57587	1326.59717	-723.90198	-437.24268	1345.45984	-927.12018	-745.16663	1349.96228	-986.85455	-608.88831	1221.10938	-905.49365	-584.55920	1349.44641	-1065.98706	-325.67340	1015.89221	-1032.36108	-887.30579	1062.86206	-1090.30798	-271.74445	789.85541	-1086.30493	-983.33899	835.04388	-1050.60938	-566.90826	950.68903	-888.63824	-692.53503	941.71588	-938.38391				-523.40442	416.62183	-783.34894				-539.81073	113.76789	-611.34943				
106	1.050	-670.37140	1421.82019	-747.26294				-460.22064	1457.53662	-834.14807	-563.19922	1324.70471	-709.63037	-438.26035	1342.97534	-911.31598	-747.59747	1349.24524	-972.35858	-610.55487	1219.59546	-891.96997	-585.53693	1347.84985	-1051.51318	-326.04169	1013.99261	-1018.27606	-889.08667	1062.77429	-1077.79968	-270.51022	787.83844	-1072.91565	-986.10950	834.48608	-1041.67883	-569.75214	946.19055	-877.20416	-694.97772	938.31146	-925.52856				-526.99908	414.36005	-769.26056				-542.01892	109.92790	-600.33221				
107	1.060	-669.59711	1420.14844	-732.19366				-460.84799	1455.94775	-819.20526	-562.62177	1323.79504	-692.43091	-439.31177	1340.46838	-898.86768	-748.02155	1348.97253	-957.71747	-612.87677	1217.76636	-877.70776	-586.47870	1346.75220	-1036.74780	-326.98416	1011.69598	-1003.30011	-891.03076	1063.36206	-1066.13538	-269.38034	786.09436	-1059.34949	-988.80182	834.39728	-1032.21509	-572.86975	944.82562	-860.76215	-697.83197	936.73309	-912.90118	-522.86920	869.94855	-1135.35510	-531.86005	413.04166	-754.84302				-545.94843	104.96630	-588.82605				
108	1.070	-670.16937	1419.78528	-717.02869				-460.73334	1454.04529	-802.50500	-563.45813	1321.97791	-678.93951	-440.18527	1339.17932	-884.47882	-749.48456	1348.66809	-942.81659	-614.40625	1216.56006	-863.04388	-587.43066	1346.28162	-1022.14130	-326.39285	1009.49670	-990.44806	-891.78284	1063.14685	-1053.15527	-267.94077	784.22882	-1045.26184	-990.93475	834.40796	-1023.55469	-575.61810	943.38129	-847.42773	-701.42493	935.25073	-899.06824				-535.84369	413.70551	-738.48016	-438.38828	213.03006	-807.73212	-547.24469	102.46461	-579.73181				
109	1.080	-669.98743	1419.29578	-701.81433				-461.38342	1454.36987	-790.60602	-562.64014	1322.90979	-662.69843	-440.90399	1337.40063	-868.68262	-750.37201	1348.49829	-927.71967	-615.17413	1215.73706	-848.96173	-588.65356	1346.28149	-1007.00922	-325.57147	1007.56006	-977.17999	-894.33112	1064.44287	-1040.44617	-265.60165	783.00714	-1033.33191	-992.72253	834.44781	-1013.81549	-577.56146	941.45752	-837.17499	-704.54871	933.50867	-885.12213	-526.70496	898.45233	-1152.90088	-538.52826	416.04031	-726.14502				-550.68042	100.81274	-571.93225				
110	1.090	-669.37610	1419.30298	-685.93030	-573.91357	1577.88135	-820.26367	-461.68350	1453.92090	-775.47748	-562.99304	1323.36108	-647.73596	-442.09555	1336.95203	-854.59070	-751.81061	1351.01367	-911.89447	-617.08997	1215.92456	-835.29242	-590.01215	1347.10315	-993.00220	-326.82004	1007.08038	-958.77478	-895.69177	1066.03821	-1027.53674	-263.97662	783.54852	-1022.83795	-994.97760	835.48578	-1005.13861	-578.49957	940.17102	-822.84204	-706.54822	933.34131	-872.11749	-529.60602	897.62061	-1136.48511	-540.75153	419.58414	-710.49005				-552.92682	99.21523	-565.97467	-535.89087	869.57916	-1090.15601	
111	1.100	-669.30078	1420.50757	-671.63269	-574.24225	1577.52039	-806.08362	-461.86655	1453.57043	-759.94672	-562.83289	1323.57361	-634.37567	-442.71161	1336.64905	-839.98724	-753.42352	1352.32861	-896.92999	-618.71448	1216.34583	-820.91876	-591.67798	1348.30774	-978.60516	-326.43103	1005.48273	-945.16431	-896.62549	1067.66406	-1014.56769	-262.77856	782.61951	-1007.81091	-996.30286	837.03082	-996.08026	-580.49902	940.59985	-810.41406	-708.40369	932.23724	-857.83270	-531.89038	896.66595	-1122.04578	-542.42944	423.43018	-694.95398	-729.39917	472.15363	-1180.90588	-554.84991	98.07711	-559.87250	-538.69440	871.13922	-1076.87781	
112	1.110	-669.87378	1420.79431	-657.75916	-574.61884	1577.58093	-792.38177	-462.23193	1454.65344	-748.19745	-563.44794	1323.97888	-619.40076	-443.57825	1337.56067	-827.47113	-754.54132	1353.61267	-881.40717	-619.63556	1217.48535	-807.40985	-593.37292	1350.08777	-965.10754	-325.83279	1005.06958	-929.60223	-897.24402	1069.73169	-1001.50800	-261.07651	782.16431	-990.74377	-997.88794	838.83545	-986.50476	-582.01556	942.10010	-795.52679	-709.17987	933.12860	-843.69543	-534.92310	896.66455	-1108.01807	-544.00079	427.39163	-680.94434	-730.60858	474.36520	-1167.95618	-557.91101	96.31586	-554.17871	-542.43695	872.06921	-1062.98022	
113	1.120	-669.27875	1421.52771	-643.34381	-575.06921	1578.19128	-779.01263	-462.36719	1454.61523	-731.68951	-562.22925	1325.23865	-604.43274	-444.77008	1339.06311	-816.01257	-755.14008	1355.29041	-867.21692	-620.06934	1218.33606	-793.12891	-595.04950	1352.16602	-951.62445	-327.15588	1005.86108	-911.17792	-897.92963	1072.16907	-987.89758	-259.80118	783.05560	-975.12988	-999.44684	841.67572	-977.12091	-582.19757	944.44958	-785.77533	-709.13928	933.81213	-828.96173	-538.51642	895.87195	-1091.67676	-546.46643	430.45642	-667.00641	-732.01569	477.69543	-1155.26416	-560.70856	95.34956	-548.56488				
114	1.130	-669.58258	1423.33167	-630.24365	-575.50012	1579.33545	-766.08429	-462.67407	1456.03931	-718.80627	-563.63910	1327.61719	-592.85828	-445.41098	1339.89868	-802.79877	-756.95392	1356.33643	-854.04816	-621.01373	1220.45569	-779.66956	-596.69238	1355.09790	-940.14105	-325.25305	1007.09735	-897.66925	-898.46436	1074.36401	-973.66504	-259.22229	783.63251	-956.50159	-1000.13135	843.89764	-967.52484	-582.63403	946.66345	-770.79681	-710.47339	935.56799	-815.51978				-548.00623	432.74081	-652.89777	-733.64642	481.73364	-1142.48572	-563.56360	95.36113	-543.21783				
115	1.140	-670.70886	1425.38611	-617.22485	-576.04816	1581.02222	-753.92896	-463.10214	1458.55713	-708.59753	-562.07318	1329.13684	-577.37616	-446.95941	1343.13660	-790.43579	-756.62091	1358.01404	-840.39258	-622.74097	1222.99939	-766.26324	-598.37451	1356.63159	-926.19104	-326.39307	1008.45929	-879.37836	-898.55273	1076.74988	-959.84869	-259.31647	785.73651	-939.62213	-1001.60797	847.06244	-957.72821	-582.99109	949.63519	-757.82074	-712.65088	939.62067	-801.16058	-547.07642	877.02295	-1023.93463	-549.30090	434.75507	-639.20599	-735.25513	485.96008	-1129.51904	-566.02393	95.11515	-539.12140				
116	1.150	-670.32117	1427.11401	-604.12286	-576.68658	1582.98474	-742.20056	-463.69165	1460.84863	-696.46515	-563.10620	1331.77295	-565.02332	-448.54926	1346.16907	-780.16589	-757.68005	1362.86609	-826.40576	-621.94757	1226.02478	-753.35266	-599.99359	1358.87146	-914.19653	-325.71365	1011.24371	-863.13348	-898.49615	1079.58008	-946.02667	-258.05441	787.99371	-921.77686	-1002.76141	850.69763	-948.17773	-582.46216	953.63000	-744.78564	-711.68115	942.08691	-788.30133	-550.13538	878.56396	-1011.25201	-550.10156	435.61127	-629.41785	-736.53564	489.11044	-1113.80603	-568.93274	94.27449	-535.07599	-187.87442	681.61127	-958.93726	
117	1.160	-671.15930	1429.70740	-591.91278	-577.59015	1585.08533	-730.00732	-463.87112	1463.04895	-683.80255	-562.99377	1334.26843	-553.61432	-449.42667	1348.99597	-769.15833	-758.65930	1366.41492	-814.31885	-623.60876	1229.25122	-738.81561	-601.37305	1361.62952	-902.67065	-322.80771	1017.60822	-834.80951	-898.46051	1082.12549	-932.59827	-258.00922	790.28955	-889.89758	-1003.35425	854.82770	-938.92352	-583.27386	957.11304	-733.71265	-712.20886	945.61169	-776.14246	-552.61157	880.84753	-999.80658	-551.07458	435.61203	-618.48816	-737.94708	491.13385	-1095.81506	-570.62244	93.62024	-531.11670				
118	1.170	-670.78088	1432.16943	-579.90826	-578.65100	1587.73352	-718.87000	-464.65594	1466.56287	-673.97943	-563.46082	1337.41504	-539.82361	-450.66473	1351.80017	-755.12805	-759.61768	1367.33643	-803.35547	-624.99725	1232.46863	-726.31201	-602.72400	1364.05481	-891.03802	-323.25531	1019.63165	-819.37848	-898.27344	1084.94934	-919.99420	-257.43835	791.81390	-884.39044	-1004.81293	858.95404	-928.85925	-584.53137	959.55078	-721.29266	-713.26782	948.24799	-763.73700	-554.62524	883.31378	-988.24481	-551.29657	436.71545	-610.31775	-739.31714	493.51419	-1078.06641	-573.42743	92.38811	-527.52234				
119	1.180	-672.99426	1435.81287	-570.31805	-579.73718	1590.75903	-707.66064	-465.49179	1469.43872	-661.48260	-563.15967	1339.84436	-529.64697	-452.20374	1355.39404	-745.31427	-761.20258	1371.56335	-792.37592	-625.84937	1236.74854	-714.01709	-604.07446	1366.64111	-880.10315	-323.04877	1023.76465	-803.72577	-898.51880	1087.89990	-907.50085	-257.47092	795.27155	-863.39825	-1006.13672	862.92169	-918.63660	-584.32947	963.32068	-708.49341	-714.51154	952.29913	-751.72400	-556.79175	885.80164	-976.64465	-551.22162	436.77829	-601.96735	-740.68256	497.77060	-1063.28052	-575.23993	91.39260	-523.84937				
120	1.190	-672.36145	1437.95264	-558.76685	-580.92834	1594.14551	-696.95935	-466.66769	1473.06226	-650.80359	-565.06799	1343.34412	-518.59381	-453.63318	1359.56897	-734.97754	-762.10382	1375.05298	-781.63275	-626.90375	1241.09167	-701.92310	-605.45764	1369.49951	-869.31567	-324.48477	1026.71570	-789.11298	-898.46967	1090.87598	-895.60114	-257.71960	797.68298	-848.54578	-1007.00378	866.76489	-909.06409	-585.58734	966.54755	-697.94373	-715.17249	955.23499	-739.73236	-558.66803	888.29065	-965.42206	-549.03070	437.26349	-593.11572	-742.00946	498.84543	-1042.60095	-576.42059	91.17745	-519.56537	-645.94415	410.61707	-712.09332	
121	1.200	-673.33868	1441.13245	-547.73901	-582.21753	1597.77649	-687.16736	-467.48917	1475.75317	-641.61450	-565.48431	1347.40381	-509.98730	-454.71103	1363.52563	-726.22906	-764.20410	1378.89355	-770.61810	-628.55084	1244.93665	-689.23077	-606.91248	1372.47473	-858.72522	-323.78964	1030.59863	-774.62183	-898.84900	1094.28284	-883.74518	-260.13135	800.02881	-824.26788	-1009.12146	870.86334	-899.01093	-587.06439	969.03784	-687.98340	-715.64050	958.22424	-729.26245	-559.88586	891.68610	-954.18884	-546.52606	436.43134	-588.38159	-743.52789	500.60028	-1022.56348	-578.94434	90.34891	-516.72577				
122	1.210	-675.17365	1445.13696	-537.57263	-583.72479	1601.37097	-676.77423	-469.00159	1479.80615	-632.47021	-565.24799	1350.95801	-502.75156	-455.87399	1367.25256	-715.11389	-765.19336	1383.92090	-759.28534	-630.41229	1249.62988	-678.38287	-608.36310	1375.76599	-848.05255	-324.72278	1034.51953	-760.26849	-899.90723	1097.89136	-872.96490	-260.15182	802.25739	-807.53229	-1011.05695	874.52185	-888.94269	-587.83606	971.55762	-676.39221	-716.82880	960.99341	-717.11591	-560.82043	895.50989	-943.12952	-543.64856	435.77444	-586.30353	-744.52173	501.78146	-1002.13269	-580.98840	90.42500	-514.38940				
123	1.220	-676.18848	1449.34998	-527.09052	-585.10876	1605.40381	-666.50049	-469.84824	1484.14343	-622.42236	-566.82196	1355.60229	-489.89581	-457.04147	1371.13647	-703.92096	-766.62585	1387.59766	-748.60059	-631.47644	1253.55188	-667.97266	-609.88464	1379.14758	-837.61078	-326.95758	1037.28040	-745.17444	-901.25714	1101.84851	-862.71136	-261.14035	806.10248	-790.31415	-1013.06848	878.67566	-878.89221	-587.75531	974.61725	-667.25970	-717.70062	963.46204	-705.71027	-561.71313	899.60828	-932.69202	-540.82959	434.32849	-584.37299	-744.89514	503.32098	-982.65833	-582.72253	89.78178	-512.13788				
124	1.230	-677.85889	1454.18066	-517.51599	-586.53424	1609.60449	-656.50049	-471.22083	1488.59644	-612.48792	-569.15851	1359.21191	-479.75467	-458.39468	1374.67786	-696.23505	-767.99323	1391.16907	-738.26428	-632.36932	1257.80310	-657.10767	-611.40637	1382.66968	-827.61322	-327.06485	1041.40503	-731.65515	-903.01550	1105.39355	-852.95978	-458.04779	1031.99023	-464.67776	-1015.35736	882.46204	-868.82605	-587.91742	978.57739	-652.32257	-718.44586	967.44812	-695.29852	-562.73785	903.38550	-922.03485	-534.00592	435.13617	-579.45178	-745.79401	503.48947	-962.10406	-584.41248	89.07590	-510.50391	-244.09401	678.52222	-748.61462	
125	1.240	-678.13641	1458.22876	-507.11823				-472.96802	1492.24341	-602.42926	-569.12616	1363.06396	-472.99799	-459.54697	1379.51038	-688.17230	-769.16718	1392.59924	-728.73029	-632.77283	1261.90454	-646.26642	-612.93408	1386.15955	-817.75549	-327.77588	1046.34473	-718.78790	-905.19708	1108.85364	-843.27637	-265.30869	815.56500	-733.11890	-1017.36920	886.07251	-858.85437	-590.16370	981.55212	-645.92682	-719.02234	970.16943	-683.69159	-563.80005	906.62250	-910.93677	-529.99786	433.41266	-576.81189	-746.12244	503.11044	-940.41333	-584.65442	88.45498	-510.21481				
126	1.250	-679.37415	1462.44312	-496.79367	-589.57648	1617.98633	-637.28711	-474.30228	1496.81128	-594.02960	-570.62347	1368.66943	-462.05038	-460.59836	1384.23450	-679.66333	-770.95105	1396.69250	-719.34601	-634.08881	1266.36487	-635.94049	-614.29413	1389.81665	-808.11432	-330.58804	1050.79346	-705.70197	-907.44501	1112.60095	-833.71057	-267.56641	818.99927	-726.35101	-1019.18152	889.49829	-848.86981	-589.53253	985.60840	-634.43127	-719.03723	973.29749	-673.72479	-564.99078	910.09796	-900.43835	-525.94067	432.14484	-576.09277	-747.13470	503.80664	-918.56396	-584.67712	88.02438	-507.67197				
127	1.260	-681.03741	1467.27112	-487.76508	-591.17975	1622.16309	-627.90735	-475.56171	1501.37317	-584.20410	-571.76025	1373.23035	-450.25235	-461.93930	1388.02234	-668.72119	-771.63788	1400.40320	-709.18274	-634.34509	1269.89124	-626.31793	-615.67029	1393.80261	-798.92993	-332.21292	1054.54077	-693.12994	-909.85822	1116.91931	-824.25757				-1021.18408	893.74127	-838.53180	-590.18359	990.41248	-621.23206	-720.46045	978.05463	-661.93384	-566.36798	913.82281	-891.37048	-521.33057	431.37646	-574.72418	-747.75165	502.92090	-894.38928	-584.46289	87.68508	-507.50113				
128	1.270	-682.28229	1471.62268	-478.37671				-477.13306	1505.15796	-574.37555	-573.72443	1376.98926	-439.84943	-462.67447	1392.71301	-658.84326	-773.02393	1404.50586	-700.41638	-635.16687	1274.66907	-617.96490	-616.85345	1397.54199	-789.70691	-333.44519	1060.54053	-682.46191	-912.19293	1121.21814	-815.08862	-460.50012	1050.82593	-425.19745	-1023.68549	897.72229	-828.65363	-590.19232	994.45093	-612.69812	-720.43579	982.06372	-650.51392	-567.73523	917.30371	-880.49500	-516.55426	430.71716	-574.58112	-749.97137	502.52521	-869.61395	-583.77985	87.98369	-506.95825	-268.82147	833.40686	-673.65192	
129	1.280	-683.96259	1475.27368	-469.46753	-594.26428	1630.60693	-609.98865	-478.87820	1509.86365	-566.01868	-573.93927	1381.61560	-434.34213	-464.30249	1397.45374	-650.36780	-774.32416	1408.07129	-690.44293	-636.66510	1279.59351	-608.92963	-618.08325	1401.04578	-780.77533	-335.41547	1065.07019	-672.24646	-913.93463	1125.58899	-805.88391				-1026.02307	902.48639	-819.27777	-590.13757	998.20557	-602.93756	-720.78223	987.29083	-639.64191	-569.25201	921.13519	-870.63544	-512.46582	430.32278	-573.71490	-752.87512	501.99942	-843.69623	-582.42078	88.85571	-507.84363				
130	1.290	-685.52252	1479.21057	-460.42307	-595.83002	1634.71106	-601.18378	-479.80942	1514.09045	-557.05408				-465.53427	1401.96313	-641.19220	-775.09430	1411.62952	-681.72040	-637.15051	1283.52979	-598.22913	-619.28149	1404.53040	-771.66711	-338.70856	1069.02942	-660.44897	-915.74811	1129.37207	-796.09723				-1028.46472	906.61212	-809.56006	-589.20758	1003.04712	-592.99188	-720.91907	991.72101	-629.55231	-571.04926	925.42456	-861.48608	-509.03235	429.65515	-573.48120	-756.19666	501.89072	-816.00226	-579.84814	90.54025	-508.79245				
131	1.300	-687.49091	1483.66528	-451.72495	-597.35767	1638.77087	-591.90857	-481.66757	1517.94885	-547.01715				-466.28592	1407.01855	-633.04230	-775.27820	1416.88318	-671.68372	-636.28320	1286.94629	-589.25934	-620.36682	1408.06812	-762.90369	-341.66702	1072.80017	-649.83472	-917.37292	1133.19897	-786.66986				-1030.96997	910.84155	-799.09442	-589.08685	1007.53589	-583.20258	-720.30310	995.60352	-618.40686	-572.91309	928.69574	-850.89386	-505.16110	429.74350	-574.40869	-760.09192	502.60263	-788.34204	-578.87622	91.31396	-509.34097				
132	1.310	-689.51923	1487.14514	-443.93805	-598.67474	1642.88806	-583.22577	-483.30566	1521.69373	-538.16083				-467.61313	1411.05383	-623.55280	-776.18738	1420.12280	-663.20752	-636.98914	1291.28247	-579.78271	-621.26898	1411.28528	-753.71259	-343.30408	1077.84338	-640.36499	-918.78674	1136.69299	-777.33508	-454.91193	1074.39844	-416.38083	-1033.24500	914.54388	-788.74841	-588.84271	1012.46765	-571.65485	-719.73407	999.44470	-605.68085	-574.93066	932.35944	-841.28680	-500.69879	430.51944	-574.58954	-296.42950	759.90259	-525.23572	-575.91095	91.39492	-511.34143	-760.05524	225.91190	-957.93341	
133	1.320	-691.38226	1490.12366	-435.68430	-600.05713	1646.57349	-574.04895	-484.46216	1526.04919	-530.16821				-467.89993	1415.92834	-616.81677	-777.16913	1423.48828	-654.40161	-638.13959	1296.15063	-570.51086	-622.14545	1414.39050	-745.45703	-344.93265	1081.82239	-630.10760	-920.04437	1139.98328	-767.97540	-287.13016	872.33411	-577.14392	-1035.41577	918.51025	-779.38403	-587.18097	1015.96240	-561.24615	-719.88391	1004.60388	-595.37189	-576.93738	935.99066	-832.14172	-499.18991	431.50375	-575.11041	-770.54401	507.60590	-730.63959	-573.83032	91.32006	-512.07434	-767.63330	230.38789	-925.13593	
134	1.330	-692.18567	1493.12561	-426.94757	-601.57208	1650.01208	-565.25848	-486.08392	1529.38293	-521.30908				-469.20108	1419.60242	-607.18744	-777.98462	1426.19373	-646.03143	-637.23468	1299.68054	-563.27686	-622.97601	1416.96655	-736.52454	-346.84171	1085.45544	-618.81091	-921.16290	1143.07043	-758.76990	-295.65353	875.15533	-574.87598	-1037.89771	922.10297	-768.73627	-587.47748	1019.07465	-552.43164	-719.81140	1008.44360	-583.85370	-579.38348	938.43848	-821.59308	-498.72177	432.03571	-576.39221	-776.70166	512.64874	-701.49500	-571.26849	91.08912	-514.50000	-774.87360	234.13924	-893.01740	
135	1.340	-694.87964	1496.15222	-419.97192	-602.97473	1653.22607	-556.80139	-487.47333	1532.61670	-511.57840				-469.67361	1423.39075	-600.46869	-778.20850	1427.06287	-637.65314	-636.77136	1302.61450	-552.58496	-623.69806	1419.74377	-728.58026	-348.34207	1088.97131	-607.00470	-922.32098	1145.77002	-749.28082				-1040.33521	925.62744	-758.71832	-587.14368	1022.05481	-544.22919	-719.03479	1012.19531	-573.31525	-581.56989	941.16260	-811.38092	-496.49854	432.73288	-576.20221	-428.59793	677.16467	-1202.39844	-567.71075	90.58719	-515.92517	-782.30554	235.22331	-860.30762	
136	1.350	-697.47626	1498.35803	-412.25986	-604.33301	1656.33081	-547.68475	-489.00998	1535.54211	-502.29965				-470.59546	1426.77808	-591.26038	-779.64642	1431.46777	-629.37140	-637.17792	1305.46375	-544.99084	-624.68939	1421.11780	-719.29462	-349.00497	1092.23706	-596.69122	-923.30432	1148.18909	-740.41315	-474.19278	1090.63867	-333.13208	-1042.35425	928.55817	-748.56482	-586.50061	1026.38403	-533.30017	-719.25580	1014.83380	-560.99756	-583.88855	943.48822	-801.88470	-497.54581	433.32144	-576.96307	-432.50610	683.96802	-1184.95154	-564.25604	91.28455	-517.96844	-789.69983	235.45580	-826.69257	
137	1.360	-698.08051	1499.84570	-404.43130	-605.73669	1658.88196	-539.45148	-490.14978	1538.31628	-493.64240				-471.33490	1430.12793	-584.46753	-779.79340	1433.13745	-620.73901	-639.22009	1305.50037	-540.01587	-625.30328	1423.14136	-711.50116	-350.76242	1095.51367	-585.68652	-924.27441	1150.17664	-731.22058				-1044.37451	931.27856	-738.63654	-586.25214	1029.10425	-522.58490	-719.13782	1018.77429	-551.07239	-586.25256	945.40930	-791.98083	-497.37726	433.90045	-577.07135	-797.24567	531.38971	-617.70892	-560.65234	90.03944	-520.19830	-796.67969	235.41319	-794.29523	
138	1.370	-700.17566	1502.20117	-396.47955	-607.16492	1661.08411	-530.46442	-491.82693	1541.04468	-483.75217				-472.22189	1432.98486	-575.60718	-782.06024	1434.70117	-613.95367	-639.46075	1308.02856	-531.42297	-625.89868	1424.54834	-702.77283	-352.49503	1097.72644	-574.37476	-925.39740	1151.55676	-721.77576	-307.58261	909.39087	-485.16608	-1046.90417	933.63751	-728.20636	-585.05591	1031.14075	-512.77979	-718.36969	1020.68884	-539.33398	-588.55005	946.77698	-781.95697	-495.18964	435.15717	-575.94690				-560.43103	86.66532	-523.20856	-804.62323	235.01349	-762.72162	
139	1.380	-701.97156	1503.80591	-389.06540	-608.59033	1663.17188	-522.43420	-492.94714	1543.34937	-476.41306				-472.47891	1435.09729	-569.07849	-781.43408	1435.55774	-604.97333	-638.57648	1313.15906	-516.96649	-626.69409	1425.26160	-694.34351	-354.72421	1100.11536	-563.60724	-926.31360	1152.71838	-712.09357				-1049.54639	936.12250	-718.15045	-584.77417	1033.17419	-502.25284	-718.74371	1022.83875	-529.12506	-590.84814	947.99695	-771.62701	-494.63986	435.82391	-575.39893	-806.02881	550.71558	-567.04413	-556.16791	85.85877	-525.87323	-811.47961	233.00171	-730.23425	
140	1.390	-702.41754	1505.33276	-380.66486	-609.94867	1664.74243	-513.93579	-493.85352	1545.25256	-467.02658				-473.39883	1436.64844	-559.82684	-782.43372	1436.22388	-596.43115	-637.96069	1314.55615	-508.47418	-627.27203	1426.08594	-685.68823	-355.85065	1102.38379	-553.08405	-927.31061	1153.69360	-703.25671	-329.71204	811.50922	-371.59528	-1051.87195	937.82623	-708.29443	-585.41077	1034.96777	-493.25742	-719.02985	1024.27783	-518.03357	-593.01923	948.83722	-762.06567	-494.43484	436.31094	-573.86938	-811.22754	557.47235	-544.90393	-551.68060	85.25989	-528.38678	-819.40118	229.09856	-700.48779	
141	1.400	-704.05078	1505.40198	-372.50558	-610.80072	1665.08630	-505.25400	-494.97351	1546.66663	-457.54465	-646.63098	1367.46814	-530.90350	-474.20428	1438.55896	-552.93756	-783.16437	1437.49768	-588.72168	-640.09576	1312.88086	-506.65433	-627.93542	1426.32153	-677.31952	-356.93695	1103.31738	-542.02661	-928.33386	1154.24841	-693.86108	-321.30634	922.82422	-450.33405	-1054.36719	939.70691	-698.17987	-584.62122	1035.36194	-480.73816	-718.72961	1025.54956	-506.72165	-595.17633	949.55206	-752.24115	-496.97339	435.41022	-572.57501	-815.55212	564.50128	-522.79822	-548.50909	83.78387	-530.84955	-827.05823	225.08818	-668.53510	
142	1.410				-612.53223	1666.26147	-497.63873	-496.39569	1548.77075	-449.94861				-475.18893	1438.35632	-544.58624	-783.34436	1438.88708	-579.20526	-640.34076	1311.59631	-503.29260	-628.61206	1426.15234	-668.67719	-358.43271	1104.85413	-531.26196	-929.40210	1154.73999	-684.68939	-321.31131	932.79205	-418.89166	-1056.61035	940.39679	-688.02905	-585.27435	1035.77673	-471.58847	-719.68793	1026.13892	-496.41699	-597.40240	949.46051	-742.09320	-496.28674	435.14618	-571.09210	-819.11395	571.42981	-501.67239	-542.99957	82.99926	-533.39551	-834.91046	221.10492	-637.67578	
143	1.420				-613.43799	1666.75110	-489.13818	-497.37720	1549.40881	-441.24136				-475.82031	1438.72388	-537.20703	-783.62561	1438.65723	-570.26221	-641.10858	1313.72314	-492.58795	-629.39789	1425.74646	-660.10590	-360.76028	1105.76807	-519.58276	-930.76202	1154.76550	-675.31635				-1058.68750	941.70355	-678.41394	-585.64630	1035.38025	-461.99976	-719.85132	1025.84509	-486.63129	-599.58960	949.23889	-732.19135	-495.98532	434.57455	-569.72723	-822.26227	578.51660	-483.59290	-535.50781	84.08392	-534.63062	-841.87415	215.03903	-605.96539	
144	1.430				-614.90918	1667.94543	-481.76340	-498.12698	1549.84106	-431.82794				-477.16299	1439.54272	-529.18573	-784.60138	1438.57300	-561.74072	-641.19714	1314.86670	-481.79532	-629.97430	1425.04578	-651.47388	-361.30917	1107.05066	-507.46686	-932.01526	1154.37866	-664.86688	-351.97412	839.21436	-295.00034	-1061.19946	942.23462	-669.06964	-585.61456	1034.10510	-453.61600	-719.77325	1025.83972	-474.99393	-601.33191	947.96179	-721.68268	-494.85843	435.22467	-567.44537	-375.70203	855.63287	-284.06186	-530.89624	83.22112	-537.83221	-849.67163	208.12973	-573.87714	
145	1.440				-616.02271	1667.90210	-473.54547	-499.50806	1550.06836	-423.79544	-708.38580	1507.74976	-338.73358	-477.93158	1438.49255	-520.42993	-784.75439	1438.30688	-553.24292	-642.46655	1314.31250	-472.78790	-630.86926	1423.60229	-642.04639	-362.49969	1107.39258	-494.98120	-933.37280	1154.47888	-656.38666	-330.40970	944.64362	-370.87280	-1063.81555	942.34216	-659.12836	-586.12598	1033.93555	-441.41104	-721.05859	1024.67529	-464.98276	-603.29321	946.48438	-711.36725	-493.63736	434.68839	-565.83923				-525.57916	81.47035	-541.49335	-857.33038	200.50285	-542.19458	
146	1.450				-616.95575	1667.83203	-465.55295	-499.85486	1550.18237	-416.44379	-710.12817	1509.09790	-330.81958	-479.06961	1438.45325	-511.69095	-785.86230	1437.53723	-544.44342	-643.58344	1313.47363	-465.68451	-631.68652	1422.12451	-633.00342	-363.55237	1108.69751	-483.68115	-934.92230	1154.13220	-646.61688	-334.58597	945.24048	-367.17746	-1066.87390	943.21155	-649.57349	-586.88696	1032.39880	-431.58234	-721.60791	1024.46997	-454.89487	-605.38202	945.26898	-701.30743	-492.41559	434.01843	-562.43243	-842.31140	590.25299	-428.17078	-520.80634	80.33984	-545.57880	-865.24286	192.53493	-510.14059	
147	1.460				-617.90875	1667.15796	-456.94196	-501.32944	1549.80408	-406.71231	-710.06567	1508.39600	-321.56659	-479.97693	1438.51880	-501.12225	-786.46490	1436.89368	-535.53656	-643.43591	1315.96252	-444.18845	-632.40778	1421.12671	-623.82233	-364.29395	1108.47705	-472.60675	-936.31152	1153.30725	-637.90649	-335.39221	948.21454	-351.18103	-1069.41418	944.17114	-641.05267	-587.17950	1031.35010	-421.23846	-722.56946	1023.09851	-444.32214	-607.20959	943.28754	-690.40948	-491.88776	434.11661	-561.02502	-838.75702	588.65228	-413.02762	-517.29712	78.47964	-550.12598	-874.09161	183.34081	-477.51184	
148	1.470				-618.75165	1666.50134	-448.57559	-501.75879	1549.53625	-398.25616	-710.93396	1509.10974	-312.95752	-480.91684	1437.65833	-494.28085	-787.28790	1436.04822	-526.09485	-644.24677	1314.33264	-434.51761	-633.46472	1419.23889	-614.30182	-364.78973	1107.79529	-460.63303	-938.13263	1153.20471	-628.79510	-364.45914	860.70947	-233.45590	-1072.59460	944.65887	-632.00073	-587.83704	1029.38733	-412.24283	-722.42853	1020.66327	-432.84976	-609.18390	941.78247	-680.21912	-490.08884	432.96927	-559.42609	-842.51398	589.21906	-411.06107	-513.71497	77.53616	-555.45953	-883.29742	175.13704	-445.19290	
149	1.480	-601.62280	1417.50378	-262.50708	-619.56030	1665.74854	-440.67905	-502.59174	1548.57007	-389.96747	-711.23010	1508.80676	-303.76636	-482.31656	1436.68835	-484.16489	-788.19452	1434.99231	-517.07300	-645.78503	1313.97021	-425.35117	-634.59735	1417.49133	-604.87799	-366.03375	1107.77124	-449.67459	-939.74866	1152.56506	-619.69501				-1075.81738	945.57855	-624.43207	-588.87634	1028.79614	-402.14383	-723.50916	1018.59625	-421.94525	-611.05243	939.27802	-668.02325	-489.07861	433.51312	-556.23840	-845.70166	588.57996	-388.65869	-510.48999	75.48649	-561.05115				
150	1.490	-602.27826	1416.57324	-252.85103	-620.32513	1664.96497	-432.28604	-503.69598	1548.33130	-381.72675	-712.23932	1508.40662	-294.67734	-484.38193	1436.01245	-474.85440	-789.35175	1433.86877	-507.49924	-646.60681	1313.19019	-416.12729	-635.82928	1415.47522	-595.46289	-366.11862	1107.38354	-439.24951	-941.69708	1152.03308	-610.85675				-1079.37402	945.49609	-616.35449	-589.07336	1026.84277	-389.90036	-724.44208	1017.35980	-411.24045	-612.89099	936.78680	-657.85492	-488.64218	431.68530	-554.07904	-849.51648	587.56689	-379.38849	-505.30392	74.86364	-565.96698	-483.17960	729.36151	-991.18439	
151	1.500	-602.91382	1417.10767	-243.55005	-621.14386	1664.42969	-423.73755	-504.15295	1546.69470	-373.48840	-713.37164	1507.88110	-286.07062	-485.48422	1434.51917	-466.17459	-790.19006	1432.50476	-497.90170	-648.30243	1312.00500	-406.77377	-637.11768	1413.86755	-585.95776	-365.28400	1106.81799	-428.54715	-943.99579	1152.10632	-602.35089				-1083.01038	946.76324	-608.64929	-588.83484	1025.36548	-379.45468	-724.18182	1014.72546	-399.93823	-614.94604	934.51239	-647.55908	-487.41098	429.80298	-550.95532	-852.37738	583.27936	-368.04517	-500.48691	73.71563	-570.88031	-484.12039	727.63684	-983.64349	
152	1.510	-603.75836	1415.56860	-234.33995	-621.93231	1663.62500	-414.80209	-505.51178	1546.53931	-364.76129	-713.89294	1507.32349	-276.91193	-487.11926	1433.21631	-456.73032	-791.76544	1430.99377	-487.46985	-650.39862	1306.71814	-407.74197	-638.75201	1411.55432	-576.23895	-365.18079	1106.32068	-417.64865	-946.44806	1151.35718	-593.10779	-365.98810	870.52325	-183.74951	-1086.46448	946.37067	-600.48328	-589.30286	1023.45868	-368.25995	-725.66620	1013.15088	-386.90515	-617.55823	931.89374	-635.66516	-486.36322	427.84006	-548.34033	-853.27014	578.35132	-365.92294	-498.22113	72.57452	-576.19672	-922.04431	150.87505	-323.05225	
153	1.520	-604.89575	1415.72620	-225.11929	-622.95081	1662.43384	-406.14276	-506.20038	1545.32385	-357.10767	-713.15747	1505.71643	-266.85767	-488.08499	1431.10303	-447.67480	-793.25446	1429.33289	-478.73621	-650.79498	1308.74646	-384.77472	-640.44379	1408.76965	-567.10498	-365.15128	1104.90027	-406.85977	-949.04968	1150.97449	-584.79443				-1090.42615	946.57458	-593.48804	-589.78845	1021.72345	-358.61450	-725.54755	1010.82257	-375.21796	-620.81903	929.55322	-625.19849	-485.31390	426.69299	-544.48505	-857.13068	569.06433	-349.65073	-494.86179	72.21799	-580.18079	-932.64764	145.70934	-292.49817	
154	1.530	-604.70630	1414.49548	-217.19635	-623.98737	1661.36218	-397.93158	-507.54861	1544.02222	-347.75763	-715.65613	1506.30566	-258.74854	-489.39899	1430.06006	-439.31326	-794.71021	1428.21399	-468.07166	-651.45502	1304.61755	-386.84692	-642.11584	1406.28467	-557.23511	-363.74118	1104.30176	-396.32593	-952.63800	1150.71704	-576.07947				-1094.50049	946.27649	-585.64014	-589.15540	1020.52771	-345.66153	-726.01593	1009.30914	-363.43173	-623.44116	926.91138	-613.64178	-485.15140	424.77960	-540.04749	-858.18921	559.02917	-341.59824	-492.86966	70.56216	-584.03235	-943.11871	141.65044	-261.50610	
155	1.540	-606.03119	1414.53845	-204.95255	-625.07770	1660.23792	-389.56323	-508.00281	1543.12207	-339.89316	-714.89832	1504.47864	-248.84482	-490.81659	1427.92505	-429.05353	-796.54993	1425.91443	-458.09131	-653.38556	1302.44287	-374.40707	-644.25543	1404.48499	-547.44940	-362.28885	1102.86377	-387.41077	-956.11536	1150.28064	-567.31622				-1098.15564	945.86292	-578.44354	-589.52631	1018.11304	-335.74277	-725.67255	1006.67175	-350.68677	-625.62329	923.97565	-601.91864	-484.25705	423.79736	-535.69446	-858.53058	548.15125	-333.09912	-491.95193	69.61014	-586.63593	-952.15308	139.17981	-234.94385	
156	1.550	-605.95642	1414.04810	-198.39360	-626.38745	1658.83398	-380.24194	-509.53000	1541.82690	-329.60818	-717.61108	1504.37354	-240.38252	-492.34515	1426.67224	-420.22595	-797.35895	1424.08643	-446.45038	-654.09064	1300.40564	-367.13858	-645.69641	1402.30713	-537.57764	-361.65518	1100.55688	-377.69833	-959.59644	1149.76746	-559.37439	-365.43729	878.55139	-144.97855	-1102.30249	944.90912	-570.63397	-589.28864	1016.04456	-324.99704	-726.53552	1005.29803	-337.55396	-628.81689	921.80725	-590.55005	-484.32663	422.42392	-531.55872	-856.21777	539.59534	-329.50555	-491.01459	68.15144	-588.81116	-959.46484	142.99792	-202.57243	
157	1.560	-606.69434	1412.64502	-186.43448	-627.62720	1657.87524	-371.65930	-509.89212	1541.04468	-321.92905	-715.91144	1502.92017	-228.81267	-492.79965	1424.17627	-410.42429	-798.60492	1421.72217	-435.74326	-655.13928	1298.97424	-353.98135	-647.44220	1399.88245	-526.83093	-360.57605	1099.14331	-368.58533	-963.06067	1149.17322	-549.58917				-1106.18140	944.38080	-563.56732	-589.50580	1014.73187	-314.37778	-726.99048	1003.99823	-325.89490	-631.69263	919.65460	-579.65820	-484.28302	421.29797	-525.92468	-853.67761	530.47205	-323.25327	-491.34891	67.80396	-590.61902	-965.76337	146.22141	-173.34746	
158	1.570	-606.31873	1411.80774	-179.00792	-629.07184	1656.02820	-361.88654	-511.28564	1539.89075	-312.06427	-717.48242	1502.24597	-219.33318	-494.31421	1422.90405	-401.05164	-800.39728	1419.85327	-424.06903	-656.07233	1298.33105	-340.08267	-649.81281	1397.51697	-516.25397	-359.25470	1097.47461	-359.49472	-966.57916	1148.55042	-541.11292	-321.73981	920.60559	-263.98294	-1109.75378	943.43842	-555.64423	-588.62988	1012.32410	-304.40085	-726.61871	1000.74701	-312.75391	-634.12408	916.91571	-567.73236	-485.10580	420.53223	-521.26208	-848.15472	525.13251	-318.89447	-491.62436	67.48833	-591.40918	-967.44818	149.87717	-146.03328	
159	1.580	-606.75012	1411.82935	-169.03107	-630.43817	1655.09033	-353.25415	-511.96487	1538.62939	-303.82870	-717.64056	1502.26782	-209.35818	-495.40155	1420.72461	-391.21234	-802.48773	1417.70154	-414.41165	-657.18292	1295.10388	-331.90039	-651.36572	1394.98120	-505.90701	-357.68744	1095.88220	-351.99286	-970.07245	1148.20276	-531.05640	-313.09631	922.58527	-236.05972	-1113.55676	942.45056	-547.69934	-589.56335	1011.65637	-293.33713	-727.11426	998.59760	-300.66824	-637.76398	914.96216	-556.09021	-485.85992	418.99777	-515.86249	-841.65625	518.63031	-310.46561	-492.46161	66.80170	-593.11560	-969.42944	158.09958	-122.20700	
160	1.590	-606.83051	1411.98376	-157.75395	-631.92047	1653.47803	-343.67554	-513.34967	1538.30750	-295.11148	-719.20294	1501.12671	-199.39233	-496.87250	1419.22437	-381.07523	-803.89508	1415.56348	-401.98187	-658.78992	1294.99182	-318.74979	-653.51227	1392.61353	-494.84546	-356.60431	1093.69666	-344.02686	-973.39172	1147.28076	-521.04059	-309.79736	914.41931	-233.53996	-1117.29858	941.73877	-539.77631	-589.24603	1009.71899	-281.70831	-727.28790	997.46124	-289.28159	-640.34857	912.47302	-543.89618	-486.66483	417.76318	-509.40637	-832.91040	515.36096	-303.11884	-493.94647	67.36050	-594.71539	-969.15674	167.00975	-101.51519	
161	1.600	-607.08405	1412.01392	-147.16028	-633.38086	1652.35962	-334.80234	-514.46783	1536.93677	-284.80991	-719.87762	1499.66028	-188.06331	-497.81848	1416.78992	-371.16827	-805.77130	1413.52173	-390.56689	-658.85602	1293.54980	-310.63269	-655.18091	1390.43066	-483.58856	-355.64816	1092.69153	-334.88037	-976.78125	1146.49414	-511.14127	-305.76013	910.87177	-230.32016	-1119.66724	940.22272	-531.25037	-590.17279	1008.10693	-270.53540	-726.87292	995.68622	-275.68790	-643.54572	910.34857	-531.43652	-488.42679	416.03177	-501.85971	-824.84216	516.02472	-294.39734	-495.29895	67.66619	-594.38037	-969.56360	176.25346	-80.27435	
162	1.610	-607.40979	1411.33350	-136.00314	-634.90137	1650.74585	-325.07880	-515.76630	1535.48010	-275.44937	-719.68127	1499.99207	-177.30969	-499.45551	1415.35315	-360.89078	-807.94025	1411.84558	-379.54364	-660.30194	1292.78674	-296.79788	-657.72119	1388.38745	-472.93341	-354.37909	1090.77771	-326.55026	-979.95526	1145.52600	-500.64032	-306.26157	898.58655	-247.98897	-1122.74426	939.39099	-522.02228	-589.98358	1007.08569	-257.89825	-728.70435	994.96283	-263.81448	-646.30078	907.98773	-518.23938	-488.60583	415.19907	-494.64352	-817.55243	517.85260	-282.40884	-496.83035	68.18353	-594.28448	-967.67725	183.83292	-59.99174	
163	1.620	-606.56097	1410.02063	-127.57668	-636.34869	1649.54248	-315.27686	-516.17542	1535.04004	-266.14490	-720.78107	1499.61511	-165.59656	-499.88986	1413.16248	-350.61032	-809.19452	1410.16931	-368.04239	-661.39172	1290.13818	-288.01035	-659.52466	1386.10571	-462.17691	-353.02209	1089.40881	-319.12247	-981.16644	1143.50415	-488.54779	-297.94763	899.31128	-225.80499	-1125.36511	937.67615	-512.54193	-589.90179	1005.19220	-246.78531	-728.20789	994.43549	-251.76970	-648.94391	905.65045	-505.71140	-489.31912	413.64557	-485.64590	-811.82837	519.64417	-267.13708	-499.12729	69.12036	-594.31189	-966.30255	191.85820	-39.26792	
164	1.630	-607.21820	1410.64246	-113.39247	-637.82184	1648.21533	-305.12827	-517.68414	1533.94543	-255.91229	-719.32898	1498.22522	-153.88493	-501.58383	1411.84302	-340.25439	-810.59088	1408.38843	-355.64621	-661.97266	1288.99878	-276.82336	-660.87701	1384.38318	-450.64868	-351.66919	1088.52625	-311.76224	-985.44519	1143.11865	-478.53714	-292.54550	893.79633	-222.40945	-1127.78015	937.20203	-502.73532	-591.31970	1004.47943	-234.12219	-729.46014	994.46429	-237.25005	-651.62555	903.28967	-491.66193	-488.98215	412.51935	-477.00024	-1136.65430	834.92285	-443.22623	-500.44260	70.80887	-594.50171	-963.77606	197.13939	-21.59590	
165	1.640	-606.93372	1410.13977	-103.16548	-639.21899	1646.89917	-294.75644	-518.20270	1532.96118	-246.91258	-721.32568	1498.60193	-143.73187	-502.42392	1409.95776	-330.62750	-812.37384	1407.05701	-343.85352	-663.98969	1288.46301	-260.85818	-663.43280	1382.91528	-439.48483	-351.64850	1087.26453	-304.04752	-986.11481	1139.80750	-464.44342	-296.30472	883.10443	-241.81793	-1130.11938	935.33514	-491.73389	-593.04010	1003.52344	-224.09538	-729.39056	996.09631	-224.63031	-654.72241	900.68640	-478.05402	-489.35986	411.18649	-468.65109				-503.29276	71.42236	-594.77063	-961.58539	202.94530	-2.57537	
166	1.650	-606.70190	1410.45630	-91.49557	-640.51416	1645.81079	-285.05804	-519.24310	1532.32971	-237.44986	-719.93542	1497.22888	-131.47746	-503.79211	1408.77502	-320.24167	-813.82538	1405.73083	-331.60959	-663.76862	1286.35596	-254.27347	-665.39972	1381.16846	-428.14218	-351.25482	1086.53162	-296.70297	-988.11292	1138.67029	-452.05005				-1131.77307	933.44000	-479.61649	-592.72504	1004.29523	-207.86455	-730.09717	996.79761	-212.84778	-658.12457	898.24207	-463.69818	-489.67062	410.52588	-458.80954				-504.84317	75.29025	-594.13678	-958.90387	207.04469	17.11054	
167	1.660	-606.30634	1409.14148	-82.46947	-641.69885	1644.49243	-274.79114	-520.09729	1530.75952	-227.21411	-721.34180	1496.53528	-120.76399	-504.83371	1406.98743	-309.85883	-815.17926	1404.70313	-319.14642	-665.75787	1286.79907	-240.49747	-667.69995	1379.51221	-416.56561	-350.09525	1085.94739	-288.50800	-989.74811	1136.95593	-438.83972	-284.85403	876.97217	-232.54420	-1132.79639	932.80304	-468.59756	-594.64258	1003.68384	-196.05228	-730.66180	998.82367	-196.20284	-661.80731	896.77240	-449.98441	-489.84982	409.41687	-448.13376				-506.67798	78.52778	-592.79724	-956.32214	209.18282	36.33005	
168	1.670	-606.34595	1408.47949	-70.28552	-642.66675	1643.79688	-263.90637	-521.14490	1530.29773	-216.60603	-719.71948	1495.38037	-109.21536	-506.04007	1405.55322	-300.00031	-816.86578	1403.57568	-306.65927	-666.07990	1285.96802	-228.96278	-669.48718	1378.24597	-404.89581	-351.08902	1084.81384	-282.24802	-992.29474	1136.26892	-426.57657	-280.64392	875.23633	-222.15244	-1134.06506	931.99139	-456.27289	-597.27161	1003.71930	-184.60240	-732.85504	998.17548	-182.87250	-664.61658	894.70123	-435.07166	-490.72537	409.16553	-437.72726	-816.07202	516.64777	-192.44769	-508.84552	81.42982	-589.88269	-953.63031	210.15895	52.20593	
169	1.680	-606.07166	1408.60181	-58.62799	-643.33801	1643.66675	-253.39966	-521.21069	1530.02832	-207.10019	-721.27936	1495.65686	-98.09641	-506.93683	1405.09741	-290.98032	-818.50073	1403.41406	-294.27368	-667.09448	1285.06116	-215.47278	-672.23169	1376.99878	-394.00470	-352.11084	1083.37158	-276.21808	-993.33087	1134.37976	-412.19708	-285.38327	867.53448	-235.58684	-1134.73511	930.59943	-443.22409	-597.92120	1003.28107	-169.07727	-734.35400	997.67249	-169.63632	-668.14386	894.05554	-421.63110	-491.88687	409.67181	-425.20227				-511.45959	85.53931	-586.93457	-949.03400	204.99748	61.54959	
170	1.690	-605.12134	1407.71863	-50.78292	-644.07935	1644.62695	-241.76964	-521.91620	1530.02881	-196.25848	-719.02979	1495.15234	-85.87743	-507.95447	1404.95178	-281.17453	-820.42889	1403.96130	-282.57706	-668.08154	1285.15417	-204.22966	-674.83502	1376.28967	-382.15976	-353.12173	1082.28357	-270.65643	-995.06000	1133.41650	-399.55042	-282.74521	863.46149	-235.51140	-1134.81616	928.30481	-429.17618	-598.74182	1003.37738	-157.27451	-734.83508	999.02252	-154.30687	-671.04681	893.41327	-408.52139	-495.65970	409.57153	-411.93137				-514.39484	90.69795	-582.68622	-943.91754	204.84724	80.09990	
171	1.700	-605.35541	1409.01721	-37.29943	-644.35339	1646.11328	-229.87592	-521.82281	1530.66516	-185.83546	-720.56488	1496.65198	-75.24335	-508.11124	1405.17456	-272.10254	-822.08179	1404.57275	-270.09912	-668.15021	1286.54297	-193.60422	-677.35333	1376.39880	-370.89111	-354.03644	1081.27124	-265.26443	-995.29059	1132.15442	-385.36203	-273.96021	865.50739	-228.77229	-1135.06140	927.74036	-415.98367	-599.80072	1002.22662	-145.82509	-736.82166	997.46008	-142.00983	-674.02393	894.49316	-396.17538	-499.75369	409.61884	-398.01807	-823.04797	519.94012	-141.07124	-516.72711	96.10876	-579.24933	-936.92041	204.41469	101.43813	
172	1.710	-604.09558	1408.92383	-28.80323	-643.78497	1647.94482	-217.80026	-521.68439	1531.93909	-176.27730	-717.85883	1497.68079	-61.77578	-509.64206	1405.84009	-262.38599	-823.84070	1405.37439	-257.21582	-668.41614	1288.83948	-181.81607	-679.58313	1377.41980	-359.10440	-355.59518	1080.04297	-259.92709	-995.75189	1131.05762	-371.04572	-272.30060	861.31158	-229.64560	-1134.22778	926.04187	-400.89401	-598.50732	1004.08301	-132.69434	-736.38293	997.42389	-129.15141	-675.98975	895.40088	-383.39999	-505.63013	410.33099	-381.28915	-822.58582	517.99768	-127.05933	-521.03809	103.25555	-572.79749	-930.40967	203.08353	118.69350	
173	1.720	-603.02655	1408.76184	-18.33320	-643.48273	1649.60620	-205.48633	-521.55762	1532.65161	-166.23633	-718.14941	1499.28735	-49.80023	-510.47415	1407.52173	-252.33041	-825.11499	1406.93286	-243.45937	-668.85815	1290.61047	-169.98734	-681.68622	1379.05920	-347.28226	-357.11789	1080.42615	-255.05081	-995.73602	1130.97522	-356.21390	-272.27078	859.90961	-235.43585	-1132.80688	924.89008	-386.92444	-599.13080	1004.88629	-120.24211	-736.21356	996.98792	-115.72489	-678.09906	897.57257	-371.63684	-512.93066	410.60910	-364.49747	-824.92303	518.38464	-113.45281	-526.49701	110.64758	-565.85919	-924.26678	197.18839	128.34499	
174	1.730	-601.95801	1409.91638	-6.72631	-643.21582	1651.28101	-193.44122	-521.54047	1533.29272	-154.35182	-716.67920	1501.32581	-37.35725	-510.83560	1408.92480	-242.63576	-826.11853	1408.59998	-230.29108	-668.73541	1291.94690	-159.79967	-683.77594	1381.10693	-335.98969	-358.87604	1080.52026	-250.08398	-994.96393	1130.69556	-341.97040	-274.06277	856.21802	-242.04921	-1130.59595	923.26740	-371.39279	-597.60571	1006.21155	-112.10877	-734.44281	997.98083	-103.77515	-680.23187	899.10626	-360.28235	-521.09167	410.66058	-346.70807	-827.49756	520.78455	-101.74867	-531.78857	119.08655	-556.56683	-918.67450	188.71445	130.80650	
175	1.740	-601.34723	1411.41846	3.68852	-642.96100	1652.88159	-181.28259	-521.19092	1534.60938	-144.70149	-714.90314	1503.08618	-25.72716	-511.91782	1411.06250	-233.26785	-826.13013	1410.39307	-215.61560	-668.86194	1294.77979	-146.91551	-685.64941	1383.45642	-324.01364	-360.97021	1082.52576	-246.50938	-993.84637	1130.99365	-327.10495	-272.99496	859.21753	-244.50388	-1127.69287	922.74030	-356.26276	-595.73022	1009.12482	-101.18413	-732.55670	999.56592	-93.15906	-681.64142	900.74408	-348.58923	-528.60925	410.86087	-328.40158	-830.58301	524.92279	-88.76053	-537.44000	130.27818	-545.62848	-911.02191	185.57428	147.43439	
176	1.750	-599.30902	1412.25500	14.13641	-642.45868	1654.84241	-170.06609	-520.53082	1535.99304	-134.68509	-714.73383	1504.56311	-14.11985	-512.02014	1413.55872	-223.35217	-826.71790	1412.68311	-201.74980	-667.86438	1295.69775	-137.53731	-686.99109	1385.65930	-311.65948	-362.29129	1084.48425	-241.86934	-992.40350	1131.68030	-312.55832	-275.09561	858.85559	-250.23398	-1124.38452	922.05756	-340.61258	-592.10773	1013.21643	-89.76250	-730.96832	1004.04852	-79.64652	-683.66974	902.39441	-337.39783	-536.26050	409.15030	-309.67856	-1168.38379	772.90369	-290.26645	-543.37762	140.03061	-530.98218	-905.10413	177.52644	155.05440	
177	1.760	-597.99658	1414.26709	25.68718	-642.17645	1656.23779	-160.11784	-520.39764	1536.98425	-123.78887	-712.62891	1505.74866	-1.59070	-512.86359	1415.33618	-213.09824	-826.84326	1414.31079	-188.04045	-667.59436	1297.23291	-123.44924	-688.72986	1388.46912	-300.11554	-364.00903	1086.62903	-237.86374	-990.93073	1132.70789	-297.36761	-278.89023	861.64764	-257.12543	-1120.79944	921.63287	-324.56860	-589.82831	1016.77490	-82.52794	-727.69116	1007.69006	-68.37275	-685.10883	904.44470	-326.96906	-542.91235	409.93332	-289.16806				-550.89752	150.08478	-515.66382	-899.06189	170.57384	161.64212	
178	1.770	-596.13123	1416.06860	35.84092	-641.57281	1657.77344	-148.27547	-519.45374	1538.81177	-114.13795	-711.74933	1508.21313	9.03625	-512.53394	1417.82312	-204.04486	-826.86365	1416.34094	-173.46024	-665.85614	1299.27930	-114.35279	-689.99890	1391.53137	-289.36249	-365.34482	1088.61182	-233.95248	-988.95764	1134.00806	-282.10446	-282.77927	862.97601	-260.44009	-1116.33765	920.46008	-308.23236	-588.47736	1019.80908	-74.23104	-725.37305	1011.82935	-57.87485	-686.54675	906.45135	-316.86688	-550.22437	409.59384	-268.29013				-559.32458	159.06154	-500.67035	-892.35461	163.20186	166.76509	
179	1.780	-593.92303	1418.02173	46.73016	-640.66754	1659.21191	-137.09923	-518.60095	1540.86877	-103.42260	-710.21906	1510.31812	21.07045	-512.38879	1420.61658	-194.82343	-825.66101	1418.57532	-159.81990	-663.91034	1301.36523	-102.83778	-691.02814	1393.85852	-277.24152	-366.86954	1090.69202	-230.21652	-986.88184	1134.57861	-266.36328	-287.47977	865.61127	-264.22998	-1112.07532	919.05414	-291.20923	-587.11908	1022.61694	-67.97060	-722.93701	1014.73596	-48.37835	-687.85980	908.68280	-306.52597	-556.63586	409.24091	-247.21295				-564.10571	169.19064	-482.63266	-886.56610	157.01875	169.05559	
180	1.790	-591.94220	1420.64539	58.89962	-640.20007	1661.80408	-126.09082	-517.22461	1543.38257	-90.98573	-706.94934	1512.29395	33.27295	-512.22327	1423.59607	-185.65649	-826.13690	1418.58179	-146.89471	-661.55719	1304.34583	-92.77238	-692.06537	1396.78369	-266.06323	-368.64188	1093.23267	-227.62117	-985.00702	1135.25610	-251.63979	-292.22900	868.02319	-268.10437	-1107.14001	917.48956	-274.05295	-583.54968	1025.74365	-58.84754	-719.68097	1019.15369	-37.56490	-689.54144	911.57117	-296.65082	-562.03119	409.54193	-225.03229	-1140.71460	783.38873	-204.22614	-572.19073	177.51428	-464.10178	-879.26263	151.44136	171.90378	
181	1.800	-589.53149	1421.94531	68.57539	-638.43536	1664.48901	-113.74816	-515.84082	1545.76807	-80.71574	-704.31226	1514.91370	45.50231	-511.02634	1426.99768	-176.92120	-823.79230	1422.03113	-132.11324	-659.24066	1306.87231	-80.68778	-692.70227	1399.71948	-254.29016	-370.10089	1095.61389	-223.38898	-982.80127	1136.15759	-236.22012	-296.28128	870.53168	-271.66913	-1102.23914	916.05811	-256.64307	-580.19324	1028.35925	-51.61383	-715.61896	1021.89227	-26.87442	-690.68030	914.01831	-286.67105	-560.27802	412.40564	-204.14371				-580.41931	186.49324	-444.20618	-873.72351	147.32802	171.04495	
182	1.810	-587.13745	1424.30945	78.99799	-636.61249	1667.54907	-102.82600	-513.97168	1548.55481	-71.47157	-702.32959	1517.47424	56.69787	-510.70044	1430.01892	-168.61693	-822.85040	1424.18811	-118.07368	-656.32678	1309.67078	-70.55589	-693.11798	1402.64966	-242.71948	-371.50174	1098.34778	-220.77043	-980.15509	1136.97595	-219.04488	-301.39432	873.27588	-274.86102	-1097.12268	914.59991	-238.69249	-577.66711	1029.28027	-43.67719	-711.34448	1024.16101	-16.83364	-692.02954	917.22186	-277.28873	-557.67731	412.23386	-185.78419	-865.03528	548.50739	1.07907	-587.48474	194.81966	-424.08090	-866.40271	142.29114	170.18237	
183	1.820	-584.17627	1426.95935	89.51229	-634.55341	1670.39502	-91.26125	-511.86356	1550.84583	-59.53538	-699.58228	1519.81384	68.35250	-509.68115	1433.33044	-160.33575	-820.71625	1425.74792	-104.18351	-653.13953	1312.61047	-59.43663	-693.18970	1405.39099	-231.21524	-372.67444	1101.30579	-218.22333	-977.47070	1137.70264	-203.24977	-306.62003	875.82086	-278.69839	-1091.59631	912.78021	-220.24913	-574.02600	1030.91797	-36.40841	-707.51019	1025.59717	-7.29017	-693.61053	920.66388	-268.49753	-553.10071	414.03555	-165.65662	-869.92871	549.78851	17.26946	-595.19427	202.57896	-402.72159	-859.24377	139.87787	170.71107	
184	1.830	-580.86530	1429.76318	101.31473	-632.73596	1673.32117	-80.44457	-509.69720	1553.65747	-49.68315	-696.81836	1522.65625	79.70173	-508.03864	1436.14148	-151.71629	-819.25574	1428.05286	-90.94756	-649.94800	1315.52954	-48.29524	-693.64307	1409.03674	-219.90176	-373.68042	1104.70825	-216.12978	-974.69708	1137.82690	-186.59827	-310.95438	878.45245	-281.67194	-1085.23157	910.20728	-200.34592	-570.30780	1032.35413	-28.48630	-704.46027	1027.31421	1.99099	-694.46924	924.16626	-259.57648	-545.96637	416.06009	-146.24353	-874.25122	553.35480	30.84579	-603.51544	209.85333	-382.08575	-852.96741	137.32991	167.50633	
185	1.840	-577.69885	1432.59741	112.55785	-630.64948	1675.55762	-69.22550	-507.09476	1556.12854	-38.96206	-693.60632	1524.53906	91.13040	-506.90671	1438.95837	-143.66653	-817.08600	1430.30933	-77.27037	-646.44769	1317.21191	-38.20262	-694.06342	1411.68530	-208.73071	-374.44827	1107.82202	-214.81102	-971.92249	1138.40454	-170.12695	-315.43945	880.70178	-281.63885	-1079.40137	909.14319	-181.66530	-567.66656	1034.17676	-19.51327	-700.40778	1028.04150	12.69230	-695.12378	927.83539	-251.23189	-538.94769	420.20538	-127.74348	-878.86688	556.64404	45.06257	-611.47711	216.60011	-359.88577	-845.99445	136.37672	164.64691	
186	1.850	-574.05573	1435.01990	122.89736	-628.13452	1677.74976	-59.23310	-504.44907	1558.47339	-28.52430	-689.68488	1526.62476	102.56035	-505.29932	1441.38770	-135.05782	-814.48755	1431.67810	-62.84808	-642.93396	1318.91602	-28.74964	-694.08899	1414.36707	-196.58975	-374.94821	1110.76758	-213.56393	-969.00720	1138.80566	-154.17430	-319.67899	883.05646	-281.51953	-1072.78259	906.60992	-160.39922	-564.33655	1035.47803	-12.34079	-695.78351	1028.42969	21.48502	-694.95642	931.30560	-242.65894	-531.48596	425.54791	-110.10668	-881.93750	560.45465	56.18053	-618.43970	222.69972	-338.56250	-839.78998	134.97891	163.09816	
187	1.860	-569.68671	1438.12048	137.88509	-625.91736	1679.44629	-47.29617	-501.79373	1560.64990	-18.53614	-686.76990	1528.76196	113.12363	-504.36496	1444.11255	-126.95313	-812.51978	1433.83862	-49.48598	-640.10767	1321.02698	-17.72818	-693.41418	1416.68347	-184.07085	-375.81396	1113.88501	-211.62782	-965.96686	1139.43591	-137.57437	-326.39059	885.65320	-285.27185	-1065.48303	905.00848	-138.88193	-559.40063	1037.19141	-4.85226	-692.65045	1028.24585	30.55979	-694.60736	935.11499	-234.07661	-527.11438	429.98758	-92.16044	-883.43134	563.40369	67.53302	-624.79724	226.34430	-314.50620	-834.09943	136.19469	160.39456	
188	1.870	-564.08289	1439.30566	149.17320	-624.29047	1681.13477	-38.18517	-499.10434	1562.53931	-9.28858	-683.65784	1531.04468	124.39599	-503.28098	1446.08875	-118.91391	-809.73334	1435.20740	-35.54195	-636.84650	1322.34216	-7.10061	-693.11560	1419.27527	-172.43187	-376.57837	1116.86194	-210.39951	-962.48828	1139.70740	-120.25816	-330.64169	855.46814	-197.40254	-1058.08521	903.18042	-117.74866	-556.47412	1038.79932	2.25984	-688.60297	1029.06812	40.99847	-693.89380	938.32581	-225.70972	-518.36566	436.00842	-76.94788	-882.66937	566.50641	75.07999	-630.94482	230.21501	-291.59799	-828.44800	135.95329	158.94765	
189	1.880	-562.24957	1442.45764	159.76334				-496.22659	1563.97729	0.13674	-679.15912	1533.06787	135.60304	-501.98303	1447.34656	-110.09077	-806.26245	1436.45068	-21.43163	-632.47137	1322.69910	0.78702	-693.13684	1421.63306	-161.26164	-377.70786	1119.42383	-207.76074	-959.19183	1139.69983	-102.85023	-337.17810	889.99921	-281.96414	-1050.39551	901.38647	-94.98363	-553.74689	1039.68860	8.97514	-683.86932	1028.32764	48.18626	-693.17078	941.34332	-217.34486	-510.32816	441.34283	-61.91578	-881.29602	567.62195	80.87714	-636.41785	232.12779	-267.06155	-823.58569	135.00531	154.77493	
190	1.890	-557.66290	1443.83569	170.36382	-619.53790	1683.00439	-17.98680	-493.26715	1565.14124	8.92421	-674.73804	1534.31433	147.54393	-500.40057	1448.61731	-101.77396	-802.70538	1437.16455	-7.57150	-628.36926	1322.66223	10.81391	-692.02185	1423.30566	-148.23956	-379.12943	1121.83069	-205.49220	-955.38660	1139.43848	-84.08817	-341.70593	892.05988	-279.41180	-1042.67993	899.45636	-72.45152	-549.49121	1041.65173	15.07439	-680.09497	1030.17346	58.21950	-692.52985	943.98987	-209.07767	-502.53052	446.28967	-46.80135	-878.57623	566.04492	86.54709	-639.90881	234.07027	-242.25978	-819.99158	133.96385	153.51465	
191	1.900	-553.04633	1445.13550	180.99817	-615.95630	1683.40881	-7.68474	-489.68909	1566.05347	14.85681	-670.31567	1535.41284	158.65887	-497.97366	1449.61426	-93.10745	-798.90057	1437.55347	6.50007	-624.50836	1323.87158	21.55425	-691.37225	1424.63745	-136.60133	-380.46268	1123.34192	-204.22589	-951.32251	1138.48059	-65.15368	-347.83221	894.36755	-281.64908	-1034.79407	897.40857	-48.55428	-546.57361	1042.73914	21.59359	-675.22321	1029.98901	66.71928	-691.23120	946.00964	-199.99706	-492.82413	451.39658	-32.63143	-877.49585	563.54675	87.41047	-642.44861	235.34355	-217.22618	-814.46619	134.39638	152.91701	
192	1.910	-546.93561	1445.02478	191.84993	-612.53101	1683.29456	2.26905	-486.46170	1566.76782	24.14062	-666.04889	1535.78735	169.24680	-495.90439	1450.09644	-84.80631	-794.52234	1437.57874	20.76820	-620.13708	1322.61096	29.93187	-690.81555	1427.01038	-125.37763	-382.56720	1124.84644	-201.44075	-946.79669	1137.10571	-45.79971	-352.76819	895.75757	-280.67001	-1025.85925	895.11633	-25.51227	-542.31982	1043.40686	27.74882	-670.85278	1028.78796	71.07661	-690.20081	947.70709	-192.26491	-484.64850	455.17020	-19.24352	-874.32056	562.46960	92.11909	-647.40997	233.91020	-187.07405	-810.66504	129.52133	140.85367	
193	1.920	-543.14307	1446.77332	202.10800	-608.90869	1683.44458	11.97644	-482.81824	1566.73169	34.04163	-661.77075	1536.80737	180.65605	-493.39487	1450.76343	-77.43647	-790.05396	1437.45374	34.21688	-614.26807	1324.68555	47.21593	-689.09088	1426.70825	-113.28235	-384.69312	1125.70313	-198.06067	-943.04272	1136.23914	-26.88640	-357.40335	896.37274	-276.99310	-1017.43475	892.85522	-1.43632	-538.15979	1043.09277	34.47730	-665.11359	1031.78430	84.07201	-689.03363	948.71271	-183.99835	-477.02698	459.14291	-3.03666	-871.33911	560.69525	93.74840	-648.39063	232.87566	-159.74193	-807.23193	128.60393	140.12357	
194	1.930	-538.35449	1446.87549	212.87410	-606.23065	1683.32813	22.22690	-478.73355	1566.38806	44.24212	-656.58276	1536.28906	191.45634	-490.72595	1450.99255	-69.14410	-785.11066	1436.90283	48.56682	-610.36676	1322.14490	48.50933	-687.62225	1427.26001	-102.20797	-386.40689	1125.57324	-194.24301	-938.29156	1134.39124	-6.61527	-362.53918	897.14960	-278.68674	-1008.43195	889.91956	23.65991	-533.14142	1043.47363	40.36814	-660.40997	1030.23999	91.75002	-687.92798	949.23352	-175.46288	-469.33337	462.42618	12.78454	-867.68982	558.15204	95.79791	-647.16156	232.62993	-132.93642	-803.57111	124.55904	134.90039	
195	1.940	-533.04156	1446.92432	223.27678	-602.10028	1682.23608	32.51590	-475.30615	1565.28821	57.42008	-652.21881	1536.59387	202.04807	-488.05618	1450.41150	-62.54514	-779.90289	1435.85791	62.59048	-604.86237	1323.54797	63.78749	-685.92804	1427.75171	-91.13570	-388.55469	1125.78345	-190.41373	-933.28442	1132.43457	13.15176	-366.84552	898.20435	-276.86371	-998.92938	887.36542	48.36242	-528.70447	1041.98889	45.70483	-654.42285	1030.98547	100.82478	-686.37146	949.21576	-167.48341	-460.92612	465.93793	28.49772	-864.31195	555.20050	97.78581	-644.15137	231.74106	-104.57194	-801.17249	122.78146	134.75143	
196	1.950	-528.52173	1446.47595	233.89203	-598.09314	1681.79565	41.98518	-470.64590	1565.06860	62.89854	-646.49884	1536.00647	212.87277	-484.71463	1450.56189	-53.97483	-774.65289	1435.07104	75.20667	-598.19690	1322.28809	72.50832	-683.77753	1427.70117	-80.39634	-390.21973	1125.49915	-185.82706	-928.11438	1130.12805	34.15179	-416.98886	810.91705	-212.23529	-988.85840	884.84253	73.22547	-524.04358	1041.01318	52.42515	-648.38281	1029.52686	109.03492	-372.70892	897.93439	-272.19284	-452.18439	469.72562	43.80686	-860.94653	551.85602	98.59763	-638.46143	231.69119	-78.51899	-798.05731	119.57192	131.67271	
197	1.960	-522.67517	1445.74023	243.52188	-592.94336	1681.12891	52.63295	-466.39517	1564.43042	72.22451	-641.58313	1535.33521	223.07791	-481.36496	1450.04187	-46.39993	-768.59662	1433.89807	88.48763	-592.87933	1321.09558	81.19583	-681.42529	1427.56458	-68.69662	-391.62793	1124.85400	-181.74025	-923.41937	1127.94458	54.54597	-684.44940	948.93219	-152.63982	-978.86908	882.30475	98.65974	-518.86560	1039.58752	59.04910	-641.55438	1028.32056	117.29203	-376.09512	897.10663	-270.31888	-443.90378	472.64539	57.07645	-857.44330	549.93854	98.95937	-630.33392	229.33237	-52.09225	-795.84680	115.94642	129.51706	
198	1.970	-517.54999	1444.80066	253.37660	-587.96039	1680.44092	63.16737	-460.85648	1562.68677	86.68916	-636.10742	1534.12097	233.23495	-477.42093	1449.29138	-38.91047	-764.07379	1430.93152	99.14143	-586.84723	1319.48926	90.98284	-678.73083	1427.16455	-58.52530	-392.80020	1124.24475	-176.94365	-917.09570	1125.35730	75.23709	-682.26770	948.19519	-141.62074	-968.60529	880.06750	123.98595	-513.65393	1038.12793	64.60085	-635.77972	1026.66931	125.46711	-380.38510	896.87299	-269.29941	-433.57666	478.16010	72.87501	-852.57214	546.83813	98.72465	-619.58423	222.47227	-28.31622	-793.77722	111.92805	126.32553	
199	1.980	-511.99960	1442.98267	263.01306	-583.22449	1679.36377	73.20974	-455.93829	1562.09351	94.22173	-630.58411	1532.76770	243.42389	-473.72552	1448.31738	-30.88389	-757.22607	1429.31030	112.46641	-582.64380	1318.16870	96.21586	-676.30713	1427.77710	-48.11522	-393.08466	1122.92419	-171.89430	-909.92456	1123.01318	95.69932	-385.10046	895.72906	-258.53500	-957.14508	878.02295	149.31348	-509.37869	1035.80408	71.49691	-629.48041	1024.33789	135.18419				-425.45477	480.96671	87.39158	-848.84930	545.43066	99.37303	-608.04388	216.10976	-4.67929	-792.44208	109.34595	125.30119	
200	1.990	-506.39215	1441.37927	272.18591	-578.61658	1678.47278	82.09126	-450.72824	1560.46069	101.49290	-624.74908	1530.95215	252.56085	-469.27921	1447.37646	-23.34096	-750.55865	1427.49817	124.24257	-574.78125	1317.05945	108.59241	-672.22186	1426.36499	-36.51772	-393.56760	1122.08618	-167.22852	-903.33911	1121.32397	115.87308	-462.06403	833.26691	-208.95781	-946.84869	877.05542	171.08453	-503.85812	1034.53613	77.36310	-623.87000	1022.90900	142.95671	-678.52844	946.34808	-124.93568	-416.93970	483.66977	99.30454	-846.38446	545.04486	98.08659	-594.06232	208.70647	18.82928	-790.55463	106.12077	121.18365	
201	2.000	-500.92401	1439.62512	281.35672				-444.98114	1558.98767	114.37904	-619.13922	1529.35803	262.29147	-464.79282	1446.00232	-15.45878	-744.40271	1426.45593	136.09209	-568.71045	1315.19641	117.87675	-668.53699	1425.43042	-26.21041	-392.15659	1120.15564	-160.41232	-896.09003	1119.17358	137.30618	-391.58749	894.36743	-254.66055	-933.59882	875.13934	199.94408	-498.33444	1032.00439	83.54627	-617.67932	1020.62622	150.24759	-676.34808	945.01587	-116.07005	-409.88211	486.21417	112.71940	-840.24426	541.08350	97.52399	-577.44800	202.06079	42.26526	-789.48083	103.26056	119.21227	
202	2.010	-494.35504	1437.05457	290.07022	-565.91241	1675.19543	103.00859	-438.98376	1557.47510	121.77396	-612.83807	1527.35132	271.72443	-459.76208	1444.23718	-6.28667	-737.25458	1424.70703	147.93706	-562.13055	1313.46582	126.28065	-664.38568	1424.83728	-15.99055	-391.33121	1119.12463	-154.86388	-887.76288	1116.99951	158.20688	-395.11777	892.21594	-243.80138	-920.00458	872.16510	225.16460	-492.64285	1030.70703	89.07166	-611.26147	1018.25500	158.26083	-673.94574	944.04694	-107.60732	-401.31729	489.33340	123.46664	-835.97681	538.95691	98.53309	-559.72260	195.61681	66.08887	-788.33972	100.35641	116.45813	
203	2.020	-487.79050	1434.65881	298.89093	-558.91986	1674.11084	112.84420	-432.91156	1555.39026	132.27525	-606.03137	1525.26282	281.01071	-455.06021	1442.88721	1.06832	-730.47858	1423.68518	158.57195	-556.27625	1311.73242	135.24672	-659.31512	1423.88757	-4.77866	-390.15488	1116.97534	-147.40964	-879.53619	1115.54138	178.91747	-397.34769	891.50836	-243.67996	-907.70892	872.08771	250.94341	-487.13446	1028.85156	95.79422	-605.06976	1016.13953	166.41333	-671.11536	943.15900	-98.79819	-392.59290	491.20361	133.54492	-831.16400	536.73907	98.74577	-540.47388	189.07631	89.46581	-787.48334	97.63992	115.29599	
204	2.030	-481.54178	1432.80029	307.77707	-552.78693	1672.04077	123.96210	-427.08084	1553.73328	138.22693	-599.36224	1523.26697	290.25436	-449.48596	1441.38171	9.48290	-723.96429	1421.53943	169.81526	-550.38153	1309.88269	144.18770	-654.69940	1423.21594	4.50698	-388.37900	1115.48254	-141.13997	-871.19952	1114.15710	198.75998	-399.34177	889.99615	-238.36269	-894.13995	871.29004	275.87500	-481.94415	1027.14148	102.71970	-598.93988	1014.08594	174.51959	-668.18317	941.96954	-89.90874	-383.91693	493.21933	141.80679	-826.32813	534.69324	97.78222	-518.86743	182.01987	109.70268	-786.78638	96.17721	114.53596	
205	2.040	-474.10056	1430.29089	316.51874	-546.11237	1670.44165	133.50801	-420.72156	1551.95288	146.49387	-593.67932	1521.96399	299.87976	-444.01083	1439.45081	18.03868	-716.54590	1419.71008	180.53818	-543.34790	1306.54395	152.30162	-649.64185	1422.52051	14.16497	-385.79904	1113.72205	-134.84601	-861.53351	1112.80212	217.60675	-400.64093	888.15393	-231.25850	-879.70203	870.45160	299.87744	-477.17755	1025.95398	109.91074	-592.92401	1012.37878	182.47327	-664.48047	940.73883	-80.49325	-374.80441	493.99796	151.21779	-822.40381	533.78937	99.09451	-497.83499	174.59633	131.16835	-785.39154	93.27204	110.89141	
206	2.050	-468.23557	1428.38452	325.90707	-539.69781	1668.57629	143.19321	-413.84283	1550.13342	155.77885	-586.36780	1519.94312	309.31158	-438.38443	1437.30017	26.36317	-709.33527	1418.24573	192.01549	-538.39392	1305.34058	161.20566	-644.25336	1421.62573	24.52475	-383.23227	1111.35327	-126.90809	-851.20569	1112.32544	236.79684	-402.09265	886.71680	-222.84175	-865.93311	870.62994	323.77048	-471.32858	1025.02686	117.13125	-586.26093	1010.02051	190.18272	-660.52838	939.83331	-72.13130	-365.49448	495.37601	159.78705	-817.17065	531.94025	100.17355	-474.55826	165.99535	154.51308	-784.64813	91.13243	110.77431	
207	2.060	-459.99237	1426.00110	334.58298	-532.71692	1666.76941	152.65933	-407.10529	1547.86670	164.30733	-578.92975	1517.73352	318.81604	-432.93930	1436.05627	34.51143	-701.39392	1416.41663	201.97046	-531.21368	1302.58728	168.85321	-638.78503	1420.30420	34.02004	-379.99719	1109.27161	-119.26482	-839.36951	1110.82324	255.98796				-851.73645	871.19501	347.07272	-465.54550	1023.37146	125.51615	-580.64612	1009.01837	198.36995	-656.05194	939.02380	-63.58133	-354.66937	496.15717	168.10666	-811.61548	532.25995	101.99978	-449.87891	157.60236	174.79547	-784.45184	91.21758	111.47874	
208	2.070	-452.56732	1423.53857	343.41995	-525.89404	1665.15039	161.76065	-400.32083	1545.77551	174.49042	-571.23712	1515.91187	328.17810	-426.22476	1433.89319	43.66991	-694.24536	1414.28650	212.08771	-524.65961	1301.01025	177.07092	-632.78058	1419.24890	43.88999	-376.68582	1106.76367	-110.19882	-827.83160	1109.90076	273.29672	-400.99664	883.07159	-209.02466	-837.51764	872.80347	369.30518	-459.00266	1021.39722	133.69659	-574.36377	1007.22382	206.22957	-651.06067	938.42792	-54.88483	-347.19992	496.68042	176.83093	-805.19403	531.62561	105.86443	-422.82629	150.35779	190.35077	-782.98694	88.74723	107.39001	
209	2.080	-445.21298	1421.27368	344.84134	-518.68579	1662.97803	171.13922	-393.40906	1543.53442	185.04503	-564.14111	1513.81946	337.63501	-419.55359	1432.13562	52.43638	-687.18732	1413.50732	221.81406	-517.59601	1298.59375	185.61774	-626.65192	1418.01978	53.71010	-372.62717	1104.58752	-101.65286	-816.51398	1109.37598	289.56274	-400.26041	880.90204	-196.96414	-823.51807	874.56146	392.37326	-453.31070	1020.69592	141.34279	-567.71423	1005.99548	215.71066	-645.90448	937.36407	-46.32110	-339.05920	495.88522	186.01698	-798.79578	530.66467	108.92863	-396.16159	142.06508	208.34402	-782.73846	88.68309	108.70132	
210	2.090	-437.84402	1419.71460	361.45938	-511.69434	1661.45496	180.38371	-386.70483	1541.92090	190.51370	-556.22455	1511.74927	347.00381	-413.47806	1430.59583	60.07880	-679.15814	1411.98083	231.02032	-510.59018	1296.78894	194.42439	-620.40918	1416.76208	62.21930	-368.12375	1103.13782	-93.85577	-804.48114	1108.57117	304.74692	-397.77911	877.19354	-189.46529	-808.74805	876.35266	413.39536	-446.76202	1019.06885	150.01515	-562.88031	1004.31244	222.14729	-639.94904	936.52649	-38.01139	-331.09561	494.20309	194.09373	-791.85846	529.97308	114.04411	-367.78186	134.01166	227.03755	-782.09473	88.34113	108.70601	
211	2.100	-429.65625	1417.76465	370.36661	-504.11435	1659.83545	189.71884	-379.41092	1539.81372	199.17546	-548.34161	1510.03601	356.04150	-406.02563	1428.52747	69.01775	-671.79388	1410.49451	240.64566	-504.23706	1295.36841	203.25575	-613.52905	1415.63696	71.57039	-363.30316	1101.11719	-84.63394	-793.05164	1108.11243	319.77930	-395.69662	876.08789	-181.72917	-794.71143	879.25964	434.74448	-439.79648	1018.05273	160.03294	-557.02521	1002.96008	230.84076	-633.05090	935.14612	-28.55063	-323.83594	491.45596	201.46202	-784.76514	529.19415	119.60885	-339.06024	129.37148	242.21930	-780.78571	86.56665	106.60607	
212	2.110	-421.53763	1415.45740	370.98560	-496.05954	1657.52173	198.72400	-371.68988	1538.29016	207.36842	-540.46826	1508.35730	365.27216	-398.60532	1426.53918	78.19834	-664.52112	1409.59253	249.93317	-496.95523	1293.63989	212.46550	-606.26733	1414.24072	80.90807	-358.25018	1098.74268	-76.00857	-780.93433	1107.48462	333.92178	-391.89856	873.25067	-172.59149	-780.66626	882.23914	455.29550	-433.61105	1015.45111	169.22409	-550.71899	1001.39850	239.10295	-625.51831	933.71350	-21.31756	-315.91104	487.38663	209.55444	-777.29553	526.79956	126.79621	-308.46835	126.74487	254.33064	-780.04797	86.52758	107.77581	
213	2.120	-414.34219	1412.94495	378.34357	-488.40747	1655.93542	207.64305	-363.97180	1536.09473	216.10701	-532.03137	1506.66223	374.30368	-391.07584	1424.52002	87.27303	-656.20123	1408.38049	258.48001	-489.57309	1292.14111	221.29918	-598.78400	1412.18640	89.89163	-352.34088	1096.53821	-66.32657	-769.37091	1106.92029	347.42630	-388.10226	872.82648	-162.89105	-766.97015	885.68884	475.10278	-427.14163	1013.58105	178.83820	-544.72186	999.93964	247.92755	-617.28619	931.79370	-12.67928	-308.92377	483.67288	218.10716	-769.31512	525.26282	133.29907	-277.88364	126.49157	264.96201	-779.08685	86.71182	108.48987	
214	2.130	-405.92703	1412.86169	397.33765	-481.31735	1654.50159	216.59016	-356.28967	1534.87097	224.62383	-523.74957	1504.70178	382.98468	-383.28812	1422.95386	96.03136	-648.33929	1407.55750	267.35434	-481.82642	1290.22314	230.35162	-591.48956	1410.66418	99.37774	-345.90033	1094.98035	-57.12645	-757.93677	1107.00208	360.97156	-382.69260	870.19409	-150.65617	-753.57098	889.93286	493.54510	-419.79413	1012.03784	188.33539	-537.90509	998.05762	257.84952	-608.23254	929.87659	-4.55542	-301.31873	481.20013	227.73268	-761.79010	522.32648	141.22430	-248.35468	127.78794	275.32205	-777.22260	85.57384	108.33218	
215	2.140	-397.40643	1411.21179	406.00244	-473.26450	1653.51318	225.15033	-348.19501	1533.43372	234.29965	-515.71136	1503.12695	391.82944	-375.49939	1420.77136	105.04185	-640.50415	1406.98022	276.07178	-474.43768	1288.84631	239.18175	-583.30005	1408.86047	107.83648	-339.02774	1092.36938	-48.07169	-746.87988	1107.70996	374.38950				-739.83917	894.11267	512.22919	-413.35327	1010.34491	198.65742	-532.08331	996.43726	266.02396	-598.57971	927.48041	4.12556	-292.63889	479.56216	237.35480	-754.13531	520.04309	148.64284	-219.78040	132.25793	284.03857	-775.80920	84.48672	107.63461	
216	2.150	-390.14438	1408.30164	405.35901	-465.07730	1651.29028	233.99883	-339.69434	1531.31140	245.09077	-507.16779	1501.59314	400.54047	-367.34695	1419.19775	114.59473	-632.66211	1405.85876	284.59915	-466.79340	1287.35693	248.38898	-575.14374	1407.20386	116.48244	-331.53070	1090.50049	-38.65580	-735.44135	1107.94678	387.16006	-369.60712	867.61255	-134.56390	-725.96222	898.54059	530.34894	-406.15308	1008.73328	209.76567	-525.95496	994.63708	276.09131	-588.54004	925.29578	12.95269	-282.93118	478.57343	246.72346	-746.38947	517.01685	155.88103	-193.22031	137.45135	291.66910	-774.41071	84.14674	108.83160	
217	2.160	-381.51810	1407.30627	415.17426	-456.52325	1650.11084	242.52747	-332.10852	1530.52747	251.16696	-499.46777	1500.18140	409.12772	-359.67792	1417.55042	122.97190	-623.95917	1405.14783	292.83701	-459.09497	1286.16089	257.63019	-567.01740	1405.08496	125.86744	-323.59158	1088.51294	-29.47649	-724.35535	1108.67749	399.99942	-363.10355	862.94879	-127.59647	-712.49335	903.12598	547.60779	-399.63065	1006.76135	220.70416	-519.55438	993.42938	285.57159	-578.32477	923.09332	21.21747	-272.65094	479.18018	253.60655	-737.37598	514.98767	166.87350	-166.89066	141.50525	299.69522	-772.71912	82.02054	109.04983	
218	2.170	-372.52509	1407.07666	431.97162	-449.27707	1648.92664	251.23801	-323.64963	1528.59229	260.17267	-491.26263	1499.37634	417.98465	-351.22040	1416.10376	131.77603	-617.26190	1405.95679	301.98709	-451.58694	1285.27063	266.90945	-558.49487	1403.74597	134.63770	-315.27713	1086.31689	-19.99488	-712.80176	1109.50159	411.82086	-353.71628	863.16791	-115.13536	-699.37317	908.51654	564.46356	-391.65149	1006.37030	230.94041	-512.36334	991.86328	295.84320	-567.57520	920.72308	31.71487	-261.46667	479.09293	263.05252	-729.37347	511.72192	174.99055	-143.21767	146.44783	307.48834	-771.65356	82.44813	112.04029	
219	2.180	-365.35193	1404.03223	430.10764	-440.41379	1647.94666	259.80563	-315.28061	1528.11951	269.66205	-482.91046	1498.09656	426.83942	-342.68567	1414.54822	140.53629	-608.59741	1405.08508	310.24734	-443.17584	1284.30249	276.03357	-550.37329	1402.42102	142.85652	-307.25677	1084.79468	-9.94350	-701.58795	1110.40076	423.50751	-344.78168	861.74286	-107.34630	-685.98181	913.34821	580.38202	-384.42957	1005.00995	241.49289	-504.78146	990.28308	306.10184	-556.58447	918.40417	41.09522	-248.93509	478.79861	271.07788	-721.70801	509.29050	183.13902	-122.69151	149.22182	315.36755	-770.45026	81.73560	112.41309	
220	2.190	-356.05869	1404.89368	449.21954	-432.12546	1647.29358	268.45065	-307.28998	1527.26282	276.88141	-474.44879	1497.38367	434.52924	-334.47415	1412.99231	149.30257	-600.64191	1404.50403	318.28525	-434.60193	1283.35706	285.31064	-542.20343	1401.49939	151.60326	-297.95016	1082.87976	-0.22030	-690.09448	1111.61121	435.04337	-334.95163	859.25269	-91.57459	-673.48096	918.44379	595.73187	-375.90598	1004.93933	253.43181	-496.89651	989.30310	316.51978	-544.86896	916.58325	50.36491	-235.31027	476.82495	278.97995	-714.12964	506.99820	191.49214	-105.04964	151.56918	321.79001	-769.04657	81.37505	113.40250	
221	2.200	-349.05063	1402.11707	447.75156	-423.84619	1646.21118	276.77243	-298.65839	1525.99158	285.39905	-466.42123	1496.48291	442.68713	-325.83752	1412.03650	157.72969	-592.46844	1403.82983	326.77533	-426.24667	1282.89709	294.42102	-533.53717	1399.68958	160.10352	-288.44241	1081.47705	9.94551	-678.99670	1112.56970	445.85312	-324.27966	858.06927	-81.89862	-661.66119	923.78967	610.28076	-366.97495	1004.72253	264.47302	-488.25626	989.05847	327.06049	-532.86975	914.58972	61.74319	-222.33000	475.21967	286.89874	-706.67401	504.93265	199.56812	-91.09106	150.67664	328.96707	-768.37921	82.80025	117.51929	
222	2.210	-341.54773	1402.17444	456.23383	-414.45050	1645.84558	284.76904	-290.20282	1525.73425	295.49521	-458.19531	1495.84375	450.67691	-318.08588	1411.43811	166.61821	-584.10400	1402.87048	335.39160	-417.93198	1282.87732	304.63776	-525.32416	1398.69189	168.76497	-278.94180	1080.28003	19.36039	-667.64252	1113.15576	456.07123	-312.60693	855.40546	-74.11988	-649.56421	928.56995	624.64294	-357.74478	1004.65271	276.08408	-479.09131	988.53857	337.24893	-520.88641	912.83020	71.14745	-209.25607	472.10800	294.97690	-698.80115	503.61807	208.69620	-81.10941	147.58334	335.03589	-767.34583	83.33795	119.58501	
223	2.220	-332.49500	1401.21887	463.83148	-406.04303	1645.40662	292.48782	-281.72495	1524.91394	302.12793	-450.61685	1494.98584	458.16769	-309.61591	1410.20740	175.05930	-575.84076	1401.95959	343.69189	-408.56985	1282.17139	313.54117	-516.76239	1396.77991	177.42398	-268.48923	1078.85193	29.11935	-656.29828	1113.32813	466.18808	-300.34460	853.66595	-63.17594	-638.99707	934.27435	637.98376	-347.22531	1006.03680	287.38617	-468.43192	989.00757	350.15494	-508.46460	911.11780	82.90639	-196.81477	468.73459	302.07462	-691.12231	502.47128	217.13298	-73.81435	142.37796	339.21295	-766.39087	84.24213	122.52243	
224	2.230	-325.50720	1401.54626	480.91525	-397.48322	1645.28479	300.28696	-273.43607	1525.05725	309.88617	-442.22086	1495.07434	466.00604	-301.28113	1409.61682	183.60953	-567.50995	1401.13525	352.43362	-399.71225	1282.59875	323.48621	-508.34052	1395.18408	185.92432	-258.68271	1077.16199	39.30560	-645.44958	1112.67151	475.65964	-286.70334	851.54285	-51.59225	-627.95636	938.50378	650.61304	-336.22375	1006.58636	297.54745	-456.76495	988.17505	359.98764	-496.47479	909.57336	93.38527	-184.01585	465.47949	309.98758	-683.30139	503.02960	225.63145	-67.12958	136.75412	343.83365	-765.56134	85.52132	126.12463	
225	2.240	-317.76630	1401.59070	480.67566	-389.16708	1645.59448	308.73703	-265.03394	1525.51660	318.46786	-434.90057	1495.09021	473.68298	-293.25513	1410.01917	190.90344	-559.38385	1400.06433	361.33594	-390.04117	1282.29907	332.10046	-499.73312	1393.41919	194.56961	-248.15065	1076.81628	49.68095	-636.49158	1113.18835	485.83322	-273.61938	850.14246	-40.67215	-617.09668	943.07416	663.06970	-324.49854	1006.65863	308.09109	-444.87079	987.45459	371.14389	-485.24960	909.14270	104.25850	-172.21161	462.48318	315.40939	-675.26605	502.00177	234.36996	-62.46676	129.22861	346.69403	-766.40582	91.03679	138.61897	
226	2.250	-310.11810	1401.64856	487.57379	-380.78525	1646.82971	317.01331	-256.79041	1525.75293	326.16461	-426.79272	1495.71875	481.86072	-285.62033	1410.43835	198.80237	-551.22211	1399.70654	370.06808	-381.44406	1283.75281	341.64624	-491.16840	1392.36243	203.07954	-237.24968	1075.43115	61.26731	-625.20392	1111.07410	494.94864	-259.31281	848.54834	-27.79263	-607.40179	946.73273	675.25964	-313.29550	1006.82397	318.13550	-432.45639	986.85120	381.93228	-475.15857	908.81329	115.16999	-162.17352	460.41052	321.91879	-668.50372	502.90497	243.61394	-56.97944	122.61340	349.74988	-764.55865	94.41730	144.42848	
227	2.260	-301.72150	1402.03113	495.79028	-371.90640	1648.26892	326.09695	-248.29559	1527.06689	335.67526	-418.46295	1496.60364	490.01904	-277.06744	1410.61902	207.17007	-543.19495	1399.66064	380.30066	-372.65311	1285.53491	351.57697	-483.08246	1392.10010	211.99434	-226.24791	1075.48572	70.65015	-614.28430	1109.03088	502.70850	-244.07411	847.03717	-14.12185	-597.62811	950.02649	686.28625	-300.43057	1007.09912	328.14801	-418.99652	985.58075	392.66318	-464.99594	909.27502	125.44583	-152.14322	460.09570	329.47839	-659.43695	503.82004	253.77675	-49.88300	119.24528	352.87378	-762.50983	94.39915	141.59393	
228	2.270	-293.28964	1404.08484	505.01437	-362.75128	1649.85999	334.87668	-239.46704	1528.24072	344.39255	-410.46756	1498.58691	498.63818	-269.61829	1412.48315	214.40800	-534.87537	1399.86011	390.20752	-362.91214	1286.79797	360.60669	-474.87329	1392.16516	221.54681	-214.79373	1075.79333	81.95974	-605.24744	1107.84399	510.51974	-228.93390	846.50562	-0.96518	-588.60272	952.64392	696.36139	-288.51389	1007.29187	336.28058	-406.23373	984.77820	402.25659	-455.52905	910.14532	136.22084	-141.63689	460.58102	337.73340	-648.79883	505.18253	264.63266	-45.25092	115.63939	356.02240	-760.45721	101.65152	156.74237	
229	2.280	-285.67770	1405.39258	513.23444	-354.55075	1651.18237	343.35141	-231.12953	1530.26758	353.03763	-402.37766	1500.40039	507.39490	-261.84702	1413.75244	222.29865	-525.58838	1400.19543	399.94247	-353.46701	1288.32764	369.93927	-466.08472	1392.15649	231.00253	-202.93245	1076.33447	93.21201	-595.22839	1105.99390	518.18250	-212.60269	845.49451	16.75071	-580.06067	954.50275	705.44318	-275.26730	1007.72205	345.62247	-393.24249	983.46747	413.80237	-446.15683	910.79578	146.76573	-131.67355	463.08542	346.33994	-636.86035	506.69284	276.12387	-41.60926	114.59796	358.47372	-755.71625	105.18422	165.24318	
230	2.290	-277.51474	1406.09680	521.04962	-346.95212	1652.15308	351.68237	-222.57559	1531.62256	361.89905	-393.79254	1501.86743	515.98804	-253.71181	1415.09399	230.36816	-516.67993	1400.95679	409.92813	-343.89703	1289.73987	378.88724	-458.46109	1392.79736	240.64720	-190.51750	1077.55115	103.20642	-584.59406	1103.38550	524.69763	-195.89944	845.47003	29.34846	-571.62921	955.93060	714.85254	-263.20209	1007.93646	352.81613	-379.72296	983.00275	422.98676	-437.17972	912.16357	157.46196	-121.35963	465.18100	353.93546	-623.80292	508.33963	287.71707	-39.05406	114.64140	359.47223	-750.72748	111.48773	175.24991	
231	2.300	-269.06787	1408.90466	532.64429	-338.16632	1652.99719	359.16678	-214.00156	1533.10437	371.22345	-386.34543	1503.08472	523.76837	-246.32646	1416.57227	239.08087	-507.35031	1401.79932	420.51376	-333.86066	1291.07166	387.84430	-450.45291	1393.42554	249.52698	-178.68668	1078.89063	115.08768	-575.64075	1101.92542	532.61816	-177.42780	845.26929	43.65052	-563.67834	956.70227	722.57556	-251.57567	1009.23584	360.61035	-367.07077	982.48895	432.38025	-428.72171	912.72058	168.26553	-111.18684	467.33109	361.83853	-609.16486	510.13498	300.20230	-37.08580	114.48138	360.24387	-743.25256	117.28587	185.65157	
232	2.310	-261.11615	1411.25842	541.47589	-331.08987	1653.36633	366.96469	-206.33516	1534.54724	381.29428	-378.88739	1503.54517	531.94275	-238.83656	1417.84485	246.29326	-497.80893	1401.78125	429.03137	-324.51450	1292.03748	396.10992	-442.75171	1394.09570	258.94724	-166.07175	1080.43762	126.90311	-565.48297	1100.13916	540.11041	-161.18893	846.89429	59.84180	-556.42798	957.09344	730.68390	-241.43431	1010.95581	368.61499	-355.06586	982.81458	439.99225	-420.40930	913.18121	178.88200	-101.68317	469.53418	368.98526	-593.52954	511.84634	312.74677	-35.87371	113.08952	359.64072	-735.12500	122.90622	197.67111	
233	2.320	-253.42650	1411.61682	547.82935	-324.40222	1654.19031	374.80667	-198.79486	1535.47058	387.89304	-372.30173	1504.60754	540.01477	-230.98543	1419.13245	255.54970	-488.95386	1402.52771	438.14841	-315.06754	1293.46582	405.17953	-435.24823	1394.46960	268.03699	-153.75330	1081.90784	138.30951	-555.54620	1099.09937	547.93066	-142.47696	847.06360	76.83706	-549.20325	957.25305	738.08087	-231.40811	1012.93365	376.58859	-344.41214	984.00409	448.21210	-412.43854	913.33417	188.21460	-92.02489	471.09015	375.62079	-576.91833	514.06329	325.90631	-34.86070	112.07467	358.79227	-722.61322	131.28859	202.29320	
234	2.330	-245.33127	1413.97913	558.69012	-317.17969	1654.89368	382.94824	-190.92047	1537.45605	397.89438	-364.84219	1505.42505	548.17023	-223.68730	1420.62463	263.38861	-480.48804	1403.48450	447.64120	-306.32401	1294.96716	414.19543	-427.86221	1395.41797	277.17310	-141.17812	1083.41699	149.45097	-545.37592	1098.09436	555.99890	-124.99069	848.15186	94.93337	-542.56305	956.58252	745.50745	-221.43761	1015.45862	384.68695	-334.80334	986.14624	456.61862	-403.91318	913.04840	198.94527	-81.99324	470.79996	380.68958	-558.34412	516.12933	340.28705	-34.01397	110.52509	358.33569	-708.90118	141.98306	212.44649	
235	2.340	-237.69579	1416.32349	569.22430	-310.25772	1656.55286	391.49100	-183.45987	1539.08496	406.07135	-357.26599	1507.16663	557.14398	-216.46051	1422.31030	271.41898	-472.67657	1404.73926	457.44247	-296.54221	1296.10864	423.12759	-420.62302	1396.42834	285.88400	-128.74852	1084.93616	160.31404	-535.91064	1098.25781	564.26178	-106.02670	849.38708	110.19691	-535.09436	955.47083	752.62024	-212.61649	1018.11700	393.44434	-325.73965	988.67780	466.69745	-395.85211	913.09784	208.94565	-73.65759	470.60773	385.18936	-536.83441	517.35986	355.70435	-33.44092	109.12609	358.76480	-694.04852	154.69312	225.49977	
236	2.350	-230.49400	1417.56897	576.23822	-303.42368	1657.80530	400.29169	-175.78291	1541.06824	415.43832	-349.32196	1508.43262	566.08978	-208.89865	1423.37732	279.93869	-464.62579	1405.17505	465.48862	-288.15320	1297.80884	431.93634	-413.29105	1397.15076	294.85364	-115.59823	1086.44104	172.00406	-527.37628	1099.24658	573.29590	-88.76289	850.36633	126.84253	-527.76544	953.84021	759.50159	-204.60069	1020.81512	400.73337	-317.12537	991.51465	475.14456	-387.85129	913.05750	218.71500	-65.21492	468.68225	388.76385	-514.56586	517.30481	371.78705	-33.53164	108.42583	358.55585	-675.37537	172.29599	247.81093	
237	2.360	-222.51299	1418.91748	585.47589	-296.42255	1659.48206	409.30060	-169.20155	1542.46643	423.78937	-341.65491	1509.94946	575.28223	-201.89302	1425.03528	288.13931	-457.38599	1406.80798	474.79047	-280.83398	1299.84802	440.89960	-406.58908	1399.03149	303.39267	-103.42603	1088.41455	183.76291	-518.43689	1100.36938	581.79846	-70.25668	852.51672	145.83472	-520.60492	951.97058	766.18921	-196.51871	1023.57660	410.60565	-310.17801	993.78204	482.37943	-379.11954	913.28821	227.77489	-57.14847	467.07245	391.61044	-491.53162	515.66321	387.93768	-33.78020	107.96315	358.46838	-656.66602	186.06178	263.15997	
238	2.370	-215.73784	1419.85486	593.90021	-289.57550	1661.36340	418.70062	-162.31316	1544.66870	432.94290	-334.80011	1511.24646	584.04352	-195.32188	1426.85742	296.87955	-450.01398	1408.44885	483.26093	-273.05722	1302.06873	450.09274	-399.56284	1400.84204	312.26169	-90.64528	1090.48987	196.72768	-510.86655	1102.39819	591.05145	-51.65343	854.59131	162.57497	-513.74854	950.09412	772.08563	-188.56387	1025.93347	420.01074	-303.02930	997.47253	492.96814	-370.72220	914.31372	237.09671	-50.46862	465.03540	394.59952	-467.87595	513.74921	404.19431	-34.26052	107.06925	359.16107	-636.44714	198.65485	278.72870	
239	2.380	-209.09624	1421.98157	603.24854	-282.59781	1663.35620	428.20703	-155.71722	1546.39941	441.99686	-327.96127	1513.14587	593.20953	-187.94292	1428.93848	306.12949	-443.47214	1410.72742	492.04971	-265.30182	1304.20044	459.11630	-392.46127	1402.84546	321.28317	-78.42866	1093.04102	209.00253	-504.26410	1104.41882	599.33948	-33.92537	857.84833	180.39766	-506.01404	946.99554	778.31012	-183.13382	1028.03259	429.98669	-297.09903	999.41510	500.83240	-362.14984	915.95227	246.07286	-44.20003	464.44070	397.08832	-444.56021	511.02914	421.07156	-35.04911	107.06239	359.88263	-615.45135	209.54021	294.78641	
240	2.390	-202.74182	1423.48486	611.51227	-276.37552	1665.59143	437.99994	-148.81056	1548.24988	456.19858	-321.76077	1514.44604	601.98627	-181.13931	1430.92383	314.60638	-437.26108	1413.49512	501.79501	-257.79102	1306.97339	468.60812	-385.87598	1405.19873	329.44638	-66.44948	1095.90137	220.90939	-498.28271	1106.72412	607.60382	-17.16064	861.22668	198.42958	-498.21237	944.20654	783.73254	-175.97441	1031.02954	440.43982	-291.05319	1002.36304	511.06018	-353.37271	917.73688	254.13356	-38.72691	464.80762	399.78793	-420.97110	507.46552	437.54309	-35.48511	106.93298	362.25189	-594.45996	220.57666	311.28223	
241	2.400	-196.17769	1425.49365	620.71246	-270.02908	1668.08728	447.47040	-142.86783	1550.82141	459.70798	-315.82187	1516.23657	611.42609	-174.40674	1433.29663	323.04965	-430.40192	1415.68469	509.13910	-251.76874	1309.38855	478.17249	-378.76425	1407.46008	338.11188	-54.60739	1099.18408	233.15175	-492.99081	1109.81421	615.99628	0.66716	865.13898	218.38129	-491.88812	941.96490	788.54633	-169.13365	1033.18372	450.79132	-284.35513	1003.70374	521.30554	-345.25400	919.98926	262.80008	-34.97304	465.60056	402.02390	-396.98349	503.59363	454.11914	-36.60132	107.14388	362.81238	-574.20111	229.66739	327.65121	
242	2.410	-190.71970	1426.36426	626.87579	-263.12497	1670.60767	457.66388	-136.42487	1553.64368	468.96616	-310.07141	1517.96155	619.83105	-167.42422	1436.14099	332.53857	-424.03607	1418.33081	517.66498	-245.30707	1311.56482	486.89859	-372.20029	1410.13367	346.49628	-43.30133	1102.83130	246.23038	-487.31412	1112.24658	624.04187	17.19143	870.66119	235.39180	-484.90662	939.98779	794.31836	-163.40247	1035.28455	459.06067	-277.91187	1006.16449	531.23248	-337.31644	923.32263	271.30557	-31.36898	466.40253	404.42136	-372.86188	500.05872	471.73154	-37.43413	107.40519	364.37009	-552.09418	238.47546	343.83762	
243	2.420	-184.51720	1428.86316	639.01837	-256.85095	1673.32202	467.78778	-129.76210	1556.32214	479.50177	-304.16983	1520.09741	629.20752	-160.89819	1439.12720	341.30023	-418.13098	1420.90295	525.62317	-240.00952	1314.42126	495.34286	-365.23041	1412.78821	354.85739	-31.29499	1106.39111	260.35291	-483.19315	1114.93164	631.16779	33.81370	875.89508	255.60631	-478.61261	937.22278	799.02942	-156.08441	1037.95972	469.24289	-271.82571	1008.91388	539.77753	-330.24600	926.35522	280.43506	-28.55503	466.56583	407.20847	-348.44812	499.03537	489.38364	-38.04846	108.59120	365.28531	-529.93536	247.55843	361.51361	
244	2.430	-179.72887	1429.69312	646.56219	-250.39496	1675.76477	477.85294	-123.66357	1558.84302	489.76602	-298.85251	1521.45837	637.86432	-154.35109	1442.32410	351.15112	-412.48505	1424.15442	534.43445	-234.47812	1316.95618	504.22989	-358.46613	1415.79395	363.27692	-20.82750	1111.20642	273.83334	-478.09668	1117.46277	638.56897	48.95724	882.74835	273.77725	-472.78870	934.72107	803.39606	-150.27101	1040.73584	479.27878	-266.55161	1011.86920	549.21362	-323.84467	930.08398	289.22964	-25.83960	467.17484	409.97437	-325.26187	502.24210	509.57367	-39.20557	109.01351	366.54880	-505.98111	253.27528	378.19867	
245	2.440	-174.44757	1431.24316	654.44458	-244.36215	1678.52222	487.91620	-117.83807	1561.19971	499.23920	-293.11371	1522.85486	646.56769	-147.50983	1444.80811	361.19424	-406.70160	1426.74109	542.56390	-228.50003	1319.09119	512.50604	-351.69394	1418.55762	371.65845	-9.82507	1115.54004	287.61871	-474.56027	1120.75183	645.35516	64.91586	889.47742	293.78802	-466.87714	932.67493	806.97736	-144.05055	1043.19751	488.57013	-259.77441	1015.40314	560.24713	-317.53476	933.20917	298.19592	-24.31536	467.39975	411.91190	-304.15836	509.67365	531.10632	-39.70156	109.25925	367.61417	-482.71805	259.49078	395.96616	
246	2.450	-168.16365	1433.21204	666.27783	-237.96536	1681.23230	497.90558	-111.63657	1564.38452	510.13071	-288.23505	1524.07336	655.46472	-141.88567	1446.94714	369.82144	-400.62216	1429.14270	549.79468	-223.76089	1322.54700	521.32257	-344.81915	1421.16003	380.15634	1.04609	1120.06763	301.78964	-470.42307	1123.44714	652.14307	78.48868	896.50891	311.91705	-461.20490	929.21436	809.90509	-137.42110	1045.90393	499.00565	-253.78122	1018.54675	568.61200	-311.44434	935.92584	307.81650	-23.10970	467.15024	413.86505	-284.60522	519.89563	553.23145	-39.73052	109.71999	369.04269	-458.61664	264.55750	414.70474	
247	2.460	-163.54649	1434.99695	675.96539	-232.30682	1683.33789	508.08624	-105.79348	1566.27539	518.92548	-283.02747	1525.73291	664.46497	-135.16034	1449.75732	380.80475	-395.28268	1431.78271	558.01892	-218.84032	1325.02185	529.78748	-338.30682	1423.64929	388.84106	12.19654	1124.76672	317.34232	-467.26077	1126.46875	658.55798	92.62403	903.59991	333.86002	-456.01901	926.64343	812.35516	-132.04601	1049.24854	508.39151	-247.28343	1021.31262	578.35059	-305.38345	938.57330	317.14499	-22.67619	467.50375	415.23056	-266.19489	530.36713	575.84894	-39.98898	110.46166	369.56259	-432.76532	268.80035	433.83490	
248	2.470	-159.15575	1435.72473	682.74359	-226.88219	1685.44678	517.83533	-99.90602	1568.46899	530.05499	-278.27896	1526.99365	673.37195	-128.85413	1452.21008	391.22449	-389.99045	1434.53748	565.85010	-213.08920	1327.74622	538.30286	-331.48715	1425.90784	397.09421	22.50313	1129.69104	330.79214	-463.10318	1128.49731	664.60040	106.09486	910.76050	353.25455	-451.06595	924.59338	813.94855	-125.83054	1052.17700	519.20654	-242.04933	1024.79309	587.39221	-299.41617	940.87421	326.75925	-22.21444	469.09201	416.82080	-247.47162	539.58893	597.80298	-39.85600	111.48739	370.79504	-407.33228	272.09796	453.37784	
249	2.480	-153.76039	1438.67859	694.80096	-221.53554	1687.18372	528.14349	-94.44711	1571.09558	539.67059	-273.31635	1528.74866	682.72852	-122.41026	1454.46960	401.37149	-384.62228	1436.79761	574.22363	-208.15790	1329.88940	547.77734	-324.99625	1428.06409	405.81842	32.76425	1134.27991	345.11121	-460.17557	1129.83508	670.68207	119.79798	918.08899	372.79572	-446.85538	922.01929	815.34583	-120.41609	1055.63171	528.91254	-237.26306	1027.56482	596.12671	-293.51508	943.00793	336.48380	-21.84208	470.50269	417.37170	-232.12070	547.42926	616.92139	-41.86700	112.53909	371.77420	-382.09863	275.17596	472.87277	
250	2.490	-149.12753	1439.55542	704.66565	-215.24348	1688.65515	537.87976	-88.93119	1572.57336	551.02881	-268.35901	1529.74036	692.17639	-116.12481	1458.43579	411.15247	-379.51007	1439.22559	583.11298	-203.27786	1332.02966	557.44800	-318.65128	1429.98987	414.70447	42.51723	1138.35229	359.18942	-455.61832	1130.80566	676.37744	132.91438	925.49969	392.88406	-443.80460	919.28735	815.82574	-114.02003	1058.62476	538.95685	-230.99567	1030.96924	607.05328	-287.82062	945.18903	345.80161	-21.99499	471.83389	417.42401	-221.36035	553.69977	631.51709	-41.99856	114.21608	373.26163	-353.27878	277.52618	491.58746	
251	2.500	-144.28905	1441.45911	714.40637	-210.09094	1690.30090	547.82983	-83.22714	1574.75159	560.79956	-264.58560	1531.49500	702.11224	-110.30179	1460.17480	421.31561	-374.49765	1440.87854	591.98700	-198.52254	1334.13684	566.80634	-312.34262	1431.96570	423.69589	51.77982	1142.23364	374.24158	-451.01093	1130.63867	681.90308	145.02440	931.92847	411.44330	-441.17969	916.13794	816.03156	-108.43135	1061.17493	548.06226	-225.16202	1033.18445	616.42053	-281.95959	947.09692	355.24881	-22.36781	474.13989	417.77466	-212.36369	559.85260	645.96606	-42.04026	116.48328	374.83307	-327.30835	278.68814	511.40750	
252	2.510	-139.14481	1442.21729	724.21326	-204.97516	1691.59595	558.04510	-77.58543	1575.67212	571.91486	-258.55496	1532.11047	711.11786	-104.31195	1462.08069	431.50037	-369.88242	1442.86230	600.93079	-193.67104	1335.69849	576.07727	-306.13977	1433.90564	432.97379	61.19684	1146.59216	388.20544	-446.70428	1130.67920	686.87811	157.28206	938.78558	431.57092	-438.98709	912.31696	816.11902	-102.33980	1063.62354	559.19446	-220.89505	1034.89941	624.71136	-276.14664	948.98773	364.66431	-21.46042	475.78900	417.94296	-204.54857	566.31390	661.15356	-41.85562	117.96063	375.32156	-301.30768	278.03793	531.06543	
253	2.520	-134.62592	1443.16492	733.66663	-199.52199	1692.52966	567.97272	-70.27863	1575.85437	584.03839	-253.76555	1533.24841	721.49969	-98.48990	1463.31091	442.13391	-364.35129	1444.01538	609.82941	-188.42812	1337.35779	586.02966	-299.78445	1435.07910	441.88019	69.73028	1149.31250	401.51025	-442.93900	1130.28308	690.97754	168.67900	945.31018	450.14667	-437.82104	909.51746	815.54803	-99.17486	1064.78723	567.76709	-215.32549	1036.05713	633.65668	-270.62848	950.22711	374.64789	-22.14421	476.24210	417.21167	-198.17387	571.36023	678.89142	-41.61440	119.42856	375.44937	-277.67456	274.12726	544.96515	
254	2.530	-129.43199	1444.48730	747.09106	-194.09836	1693.08240	578.34631	-66.36075	1577.54517	593.99780	-249.75125	1534.41968	731.63617	-92.13046	1464.30713	453.98465	-359.40253	1444.92737	619.34161	-183.80914	1338.35706	596.04584	-293.95087	1436.39282	451.68616	81.38884	1154.36426	416.65198	-438.82898	1129.38806	694.83636	180.56133	951.16071	468.54486	-436.34848	905.71796	815.16290	-93.48225	1065.48242	577.43091	-209.36542	1037.38025	644.73627	-265.52167	951.72186	384.36758	-20.23889	479.47760	418.24033	-192.43263	575.79181	697.25018	-41.61078	120.96776	375.93527	-260.87674	274.33807	576.73792	
255	2.540	-125.24722	1444.71021	755.93237	-188.59142	1693.74207	588.62421	-60.14743	1579.10571	605.53949	-244.09398	1534.70728	741.63806	-86.68036	1465.22742	463.48306	-354.63489	1445.69666	629.05908	-178.86565	1339.45581	606.36346	-288.05399	1437.52832	461.41818	90.22230	1157.80859	431.22357	-435.46640	1128.56189	698.68109	191.87224	957.13794	487.51181	-434.44312	901.98926	813.86957	-87.98038	1065.80823	587.16644	-203.47311	1036.99329	655.22858	-260.15433	952.82635	393.64005	-19.50317	480.75525	418.01303	-188.98048	580.09576	715.60925	-41.36265	122.30862	376.52005	-242.70279	270.78647	599.51404	
256	2.550	-119.89012	1445.71423	768.28979	-182.45845	1693.72998	599.03571	-54.86639	1578.74011	616.46338	-240.20000	1534.88428	752.27679	-80.81660	1465.72900	474.77219	-349.93573	1446.87598	639.83423	-173.19470	1340.05054	616.82324	-282.01904	1438.15051	471.18512	98.95831	1160.57751	445.78989	-432.26028	1126.87708	702.19952	203.50479	962.55426	508.22903	-432.55698	898.20306	812.31213	-81.78641	1066.46960	597.22247	-197.62383	1037.61951	665.35278	-254.15683	953.23303	403.03525	-18.58260	481.48721	418.43494	-184.40315	583.80292	733.44391	-40.94527	122.94011	376.64151	-224.28448	266.00436	622.12268	
257	2.560	-115.75237	1445.23657	780.30151	-177.40958	1693.89380	610.21210	-48.58609	1579.28955	628.98206	-235.32979	1534.91040	762.35419	-75.13972	1465.96118	486.11798	-345.09610	1446.43909	649.63141	-168.38141	1340.23804	627.48022	-276.10870	1438.65039	481.19330	104.86869	1161.61536	460.23080	-429.60861	1125.43091	705.31732	213.14438	967.31946	524.89233	-431.84372	893.93341	811.20642	-76.05634	1065.91394	606.50665	-191.33116	1037.58972	675.16040	-248.93224	953.89929	412.53763	-17.57252	482.17596	419.03580	-180.48889	586.16827	751.73260	-40.27987	123.41919	377.09735	-206.49010	261.79559	645.56543	
258	2.570	-111.29294	1445.40515	791.46930	-171.21802	1693.49866	620.45612	-43.67543	1577.90759	639.57941	-230.56532	1535.10669	773.04791	-69.72937	1466.02795	497.34659	-339.87701	1446.10291	659.91467	-163.21872	1339.94568	638.18140	-270.44263	1439.19653	491.53113	113.78828	1163.89929	474.58755	-426.33987	1123.42688	708.58063	222.85912	971.78040	544.34344	-431.18115	889.77917	809.29425	-70.80908	1064.70190	615.44843	-184.86758	1036.32800	685.42267	-243.35590	954.35577	421.83957	-16.29502	482.46799	419.43167	-177.93848	589.45325	767.41821	-40.08565	124.35774	377.28149	-188.64734	255.53395	668.78375	
259	2.580	-106.71873	1445.09241	802.93488	-165.60878	1693.29761	632.14136				-225.80504	1534.41638	783.37231	-63.91047	1465.50305	507.40253	-335.02014	1445.66602	670.43842	-158.29594	1339.73596	648.98779	-264.32108	1439.34460	501.66425	121.18369	1165.14185	489.67249	-422.78397	1120.96411	711.91400	232.53169	976.26160	561.77924	-430.51566	885.92444	807.95135	-64.49084	1064.16907	624.23157	-178.75224	1035.14587	694.13129	-237.60349	953.90991	431.11545	-15.12259	482.21106	419.81595	-175.20555	591.86780	783.26550	-39.75180	124.70458	377.30975	-171.32025	248.63948	691.58221	
260	2.590	-102.45430	1444.25232	814.85321	-159.23064	1692.91541	643.11316	-33.57036	1577.86292	663.50537	-221.43413	1534.13940	794.57477	-58.12857	1465.16528	519.60278	-330.24130	1444.84192	681.87225	-152.58315	1338.71655	659.39520	-259.11163	1439.46216	512.70966	129.21227	1167.59900	505.09964	-420.91724	1119.57385	714.62897	241.68233	980.10828	580.54462	-429.18329	881.30103	806.41455	-58.19227	1063.35266	634.15198	-172.67467	1034.05017	704.08942	-232.44704	954.01123	441.01462	-13.76444	481.74887	420.55063	-172.74380	594.54187	795.69208	-39.28429	125.24114	377.63718	-154.24855	242.54416	715.17194	
261	2.600	-97.89233	1443.13599	825.54956	-153.87981	1692.02502	654.49683	-27.34632	1577.03479	675.51123	-217.18701	1533.58740	805.29541	-52.73892	1464.23840	530.14307	-325.20715	1441.99023	692.69684	-147.01875	1337.47314	670.64502	-253.21201	1439.06335	523.26013	136.33820	1168.80750	519.79926	-417.35126	1117.27502	717.99988	250.63498	983.75818	598.42853	-429.16446	876.90698	804.24060	-52.63032	1062.13367	642.89819	-166.81221	1033.31726	713.81909	-227.08879	953.73535	450.20285	-12.58994	481.41229	421.04593	-169.99113	596.40369	810.60736	-39.20517	126.06944	377.80872	-137.48634	234.43410	738.91901	
262	2.610	-94.20515	1440.90894	837.08862	-149.06989	1691.47607	666.58203				-212.19807	1532.15430	816.32697	-46.93183	1463.59827	541.95612	-319.29611	1440.60449	703.82446	-141.65746	1335.91650	680.89441	-247.81232	1438.69177	534.50360	144.05624	1170.50256	535.40173	-413.59082	1114.73596	721.64398	258.80597	986.44751	616.73102	-427.99591	872.45758	802.65668	-46.84837	1061.04138	652.54852	-160.23283	1031.09961	723.09839	-221.85135	952.85681	459.95999	-11.07052	481.61856	422.74969	-167.47728	596.93146	822.04956	-38.96522	126.38228	378.16299	-122.06951	226.03186	762.44305	
263	2.620	-89.38086	1439.94849	849.15570	-143.05923	1690.53394	678.01379				-207.05348	1530.81311	827.02325	-41.53041	1463.06921	553.22327	-315.09323	1439.06287	715.95990	-136.11674	1334.65515	691.95038	-242.36865	1438.35242	545.77722	151.54889	1172.21594	551.25208	-410.18939	1112.65149	724.92889	267.25290	989.30664	633.67450	-429.26895	870.17462	799.69159	-41.02515	1059.23340	661.48822	-154.25996	1030.60010	732.55280	-216.86728	951.62518	469.40732	-9.29826	481.56104	423.68826	-166.29817	596.84198	830.22198	-38.90451	126.91493	378.07867	-107.58171	217.73402	787.02246	
264	2.630	-85.56808	1438.36475	860.12671	-137.73203	1688.59790	689.98328				-203.32310	1529.11145	838.61334	-36.20844	1462.13708	564.50409	-308.75092	1436.62244	727.22577	-131.29118	1332.89734	703.41174	-236.84337	1437.56396	556.97852	157.61186	1172.81360	565.95093	-406.86127	1110.41272	729.08105	274.65601	992.19556	650.98804	-428.80841	866.24738	797.28082	-34.92781	1058.71838	671.85303	-148.28185	1029.79553	742.94061	-212.28174	950.95020	479.99994	-7.66785	481.69806	425.16052	-162.70284	594.03796	839.23267	-38.74340	127.11780	378.75330	-94.53766	209.19119	812.06635	
265	2.640	-81.14655	1436.67322	872.70135	-131.64458	1687.00464	701.89368				-198.23250	1527.55188	849.54840	-32.06298	1459.87439	575.08929	-302.65714	1434.86084	739.40106	-125.25695	1330.96619	714.27551	-231.50293	1436.17322	568.50012	164.48149	1174.10303	580.79517	-403.64688	1108.53967	733.44458	281.65942	993.95013	667.99774	-428.15454	862.82715	795.67682	-29.19681	1056.58923	681.82336	-142.64334	1028.46008	752.97980	-207.76643	949.63702	490.15158	-5.90387	481.65363	426.42053	-158.44662	590.46979	850.83624	-38.88394	127.02995	380.12344	-81.71258	200.21043	837.63916	
266	2.650	-76.66869	1434.96240	884.65149	-125.81243	1684.98059	713.69885				-194.78668	1525.64697	861.17432	-26.86020	1458.50891	587.80023	-298.31253	1432.43555	751.80865	-119.65900	1328.95471	725.07281	-226.36507	1434.89453	580.51379	170.78163	1174.13550	596.01959	-399.98608	1106.06946	738.02899	288.69727	995.86206	684.80988	-427.52191	859.14984	793.88666	-23.38568	1055.28845	691.59503	-136.78595	1026.87500	763.57208	-203.67148	948.41083	501.19131	-4.04243	481.41641	428.82275	-153.77740	585.92535	858.72913	-38.90103	127.41292	381.40683	-70.47424	191.75926	864.45782	
267	2.660	-73.40911	1432.44702	896.41144	-122.07131	1683.81213	726.00525				-189.77998	1523.73059	872.59863	-21.63427	1457.30298	599.41180	-291.57196	1429.74866	763.86670	-113.76145	1326.89429	736.61359	-221.04663	1433.54810	592.34387	176.98026	1174.76428	609.75677	-396.36444	1104.40015	742.87048	295.11462	997.08752	700.69867	-426.57129	856.38489	793.01093	-18.73395	1053.15796	700.77704	-131.26418	1025.05652	773.82654	-199.24118	946.65216	512.20050	-1.48162	481.62906	432.04742	-148.03229	580.79175	865.95618	-38.53779	127.37776	382.05676	-60.99693	183.44301	891.65887	
268	2.670	-68.54691	1430.68323	909.52466	-115.81989	1681.45239	737.81720				-185.91763	1521.85498	884.35907	-16.44680	1456.11426	611.39362	-287.14185	1427.05176	776.68658	-107.89251	1324.68396	748.22180	-216.22766	1431.80225	604.64587	182.58490	1174.98376	624.95233	-392.67209	1102.41968	748.03986	301.14749	998.76611	717.05859	-425.74817	853.08649	792.12195	-12.84979	1051.02832	711.85791	-125.34270	1022.68719	784.77789	-195.63974	945.27155	523.27393	0.75653	480.95148	435.69284	-142.22275	575.95941	873.70142	-38.21225	128.37151	382.77957	-51.83545	175.59183	918.32623	
269	2.680	-64.74846	1428.70728	921.17902	-111.25184	1679.65393	750.35437				-181.36372	1519.39160	895.77173	-10.76512	1455.69434	623.21368	-281.23248	1424.89502	788.88690	-102.59509	1322.13245	759.92175	-211.14650	1430.38086	616.97388	187.21414	1174.48096	639.41248	-388.99155	1100.51172	754.15295	306.83118	999.84229	733.12817	-423.95239	850.09076	791.94031	-7.29240	1049.03760	721.73932	-119.49895	1020.77216	796.80157	-192.08035	943.68347	535.23145	3.48072	481.04306	439.94812	-135.95016	570.79840	880.92303	-37.69428	128.15871	383.49738	-42.36324	166.80649	945.06458	
270	2.690	-60.48970	1427.04919	934.44659	-106.68817	1677.89795	763.23553				-177.43312	1517.70361	907.86731	-5.84189	1453.92920	635.43439	-276.35294	1422.10901	801.79889	-96.64619	1320.07947	772.35608	-205.98724	1428.40393	629.22955	193.04820	1174.46204	653.03278	-385.35898	1099.05713	760.85425	312.59695	999.90948	748.41669	-423.52347	848.71570	791.35321	-1.83657	1046.61267	732.39282	-113.74081	1018.24945	807.15790	-188.51541	941.58044	546.91345	6.25195	480.81238	445.54410	-129.21115	565.86932	888.30688	-37.49928	128.18330	383.74786	-35.29902	161.27156	971.27856	
271	2.700	-56.81860	1425.30054	947.38605	-101.21431	1676.27466	775.29919				-173.98061	1516.00818	920.16998	-0.57489	1452.65637	648.14343	-271.85699	1419.98206	814.83966	-91.71429	1318.10828	784.58789	-200.74393	1426.81982	641.61023	197.25067	1173.44995	667.11206	-381.55136	1097.94385	767.65692	317.25262	1000.10425	763.32770	-421.87650	847.03912	792.46411	3.13036	1043.56201	743.47913	-107.98721	1015.87823	818.91858	-185.31055	940.43347	559.10089	8.53633	479.90390	451.21936	-121.39505	560.83167	895.03113	-36.79975	128.17401	385.06906	-30.45006	157.16058	996.47357	
272	2.710	-52.63670	1424.07874	961.15594	-96.45425	1674.61584	788.35950				-168.97592	1514.05396	932.64276	4.46129	1451.32715	661.16016	-265.98218	1417.21460	827.21375	-88.61040	1314.82056	792.41095	-195.23705	1425.29700	654.14374	202.47020	1172.29285	680.50006	-377.22131	1096.60974	775.24548	322.24319	1000.15149	778.76093	-420.28815	845.51532	793.27234	8.35309	1041.60339	754.78967	-102.02080	1013.77112	831.85919	-181.44292	938.54034	572.12396	10.88159	479.19873	457.72070	-112.43368	555.96423	901.91583	-35.88005	128.50549	386.80981	-25.13254	154.79048	1020.05524	
273	2.720	-48.44168	1422.37805	973.87268	-91.76774	1673.28735	801.37988				-165.35922	1513.20093	945.61792	9.74040	1450.25171	674.21991	-261.06500	1415.68604	839.97198	-82.77341	1313.83337	805.00354	-190.62898	1423.64233	667.60248	207.07748	1171.18835	694.68317	-373.75140	1095.67834	783.24902	326.32727	1000.21960	791.92340	-418.68933	845.01587	795.10156	13.92191	1039.23816	766.45953	-97.16888	1010.80365	842.99719	-177.79965	937.39337	584.83649	13.40102	479.06366	464.74869	-103.11233	551.67993	908.34216	-35.77232	129.04840	387.75198	-20.27993	155.57942	1043.02893	
274	2.730	-44.58371	1421.04993	987.07721	-87.29807	1671.97192	814.75098				-160.85094	1511.79773	958.81415	14.96552	1448.51453	687.93750	-256.89709	1413.14795	853.10547	-78.01297	1312.14807	818.77057	-185.41837	1422.71082	680.65051	211.72270	1168.39319	706.88080	-369.81146	1095.13586	791.71234	329.65842	998.57440	804.99243	-416.62689	844.39960	797.51001	19.17710	1037.00098	778.79236	-91.29002	1009.19727	856.22369	-173.77687	936.53510	597.59052	16.57810	478.37891	473.74188	-95.79224	549.16644	914.31427	-34.40645	130.49612	389.57980	-16.81721	158.50441	1065.00000	
275	2.740	-40.56157	1420.06873	1001.34888	-83.01421	1670.70105	828.06445				-156.93950	1510.28430	972.13202	20.33333	1447.43433	701.52338	-252.04622	1412.04663	866.44672	-72.72770	1310.39929	832.07190	-180.17181	1421.22803	693.48468	215.98734	1167.08838	719.72766	-366.53152	1094.93640	800.53540	335.27359	998.09784	819.73285	-414.50278	844.38013	801.10327	23.64031	1034.76721	791.37915	-87.37924	1006.40704	868.03052	-169.09676	935.58942	609.61206	19.72337	477.91812	483.73306	-88.72326	548.15662	921.11957	-32.81654	132.37390	390.71103	-13.12393	162.70317	1083.67957	
276	2.750	-36.37167	1419.20093	1015.46075	-78.84336	1669.49756	841.50830				-153.18790	1509.19727	985.18518	25.52057	1446.04700	715.87177	-247.85751	1410.23535	878.81885	-67.86473	1309.07104	845.88281	-175.18188	1420.26819	706.87524	220.14282	1164.79456	732.04407	-363.02451	1094.90222	808.81055	338.58353	996.35614	831.65540	-412.38977	844.69788	804.97400	28.67223	1032.96362	806.11871	-82.17582	1005.08698	881.47687	-163.87486	934.97729	622.20184	22.88682	478.03329	494.45178	-86.71877	547.98383	930.68591	-32.34904	134.36192	392.69177	-10.31348	167.47729	1099.77905	
277	2.760	-33.15197	1418.84216	1029.31262	-74.84032	1668.34448	855.11432				-148.91675	1508.24829	999.19788	31.02428	1444.88818	730.41089	-243.33687	1408.86792	891.59662	-63.05246	1307.92004	859.34045	-169.99860	1419.89587	720.03949	224.12128	1161.17419	743.37189	-359.36038	1094.62329	819.37225	342.27338	994.15094	844.28162	-410.00510	845.98468	809.75806	33.08976	1031.48083	819.65540	-79.14576	1003.04260	894.44489	-158.58640	934.69287	634.86255	26.17514	477.69003	504.85648	-85.42655	548.73230	942.54620	-30.56541	136.84514	395.99796	-4.66602	168.99603	1110.46399	
278	2.770	-28.42993	1418.39636	1044.22205	-70.19284	1667.64758	868.75110				-145.90225	1507.94946	1012.87708	36.65674	1443.88745	744.95844	-239.46541	1409.07385	903.91248	-59.01102	1306.86060	873.17963	-164.66319	1419.23950	733.00763	228.62024	1158.72290	755.69574	-355.96609	1094.63025	828.97345	345.73370	992.22266	854.49512	-407.49710	846.60632	815.45557	37.68914	1029.52502	835.14697	-76.71794	1002.49402	907.04352	-152.34691	934.45380	647.21777	29.89059	477.15887	516.76178	-83.32423	548.84918	955.18207	-28.46925	139.87437	398.52673	-0.34579	170.77275	1120.21863	
279	2.780	-25.23614	1417.98694	1058.14404	-66.37837	1667.29211	882.58002				-141.69098	1507.34680	1026.41785	42.13732	1443.41687	758.81085	-236.00444	1408.04639	916.36346	-54.86505	1306.93665	888.34692	-159.36687	1419.46338	745.80804	232.61063	1154.97668	766.22540	-352.66476	1094.99744	839.37378	348.76971	988.75165	869.38641	-404.51242	847.65393	821.83081	41.12764	1028.62671	850.83459	-73.57537	1002.75214	922.65833	-146.59006	934.88727	659.34009	34.14637	477.34097	529.60107	-81.23466	550.04016	968.17969	-27.39099	143.53879	402.70889	4.61125	172.23116	1129.17065	
280	2.790	-21.87766	1417.92700	1072.75293	-62.28741	1668.03174	897.82947				-137.97633	1507.11633	1040.33997	47.91110	1443.35645	772.90802	-232.02763	1407.96655	924.30939	-51.33328	1307.47229	902.35217	-153.54092	1420.23926	758.65179	236.88004	1152.14685	777.14221	-349.49081	1095.97815	849.34503	350.98672	985.90552	879.23700	-401.86029	849.20996	829.64703	43.68715	1027.28186	867.18597	-73.63464	1001.22437	936.53571	-140.81978	935.90607	671.11804	38.78436	478.42926	542.12762	-76.89511	551.69739	981.71985	-24.56785	147.87917	406.23672	8.49923	174.17400	1139.07166	
281	2.800	-18.18928	1418.37122	1087.36450	-57.87371	1668.86694	912.62952				-134.60997	1507.66113	1054.77283	53.68623	1444.41797	788.18958	-228.83408	1410.70483	939.73029	-48.06843	1308.04102	916.55487	-148.21162	1421.55212	772.12878	239.88531	1149.27185	788.61084	-346.47867	1096.62976	860.19458	354.41214	981.51178	890.38385	-398.58359	850.66370	837.38062	46.19258	1027.08179	883.12402	-73.20583	1002.01379	950.47766	-134.83594	936.71393	683.17596	43.82649	478.54178	556.84753	-71.24268	554.41315	994.28827	-22.28937	152.66962	411.00299	14.26094	172.13210	1145.19849	
282	2.810	-15.18071	1418.95581	1101.41199	-53.67990	1669.96936	927.94629				-131.22568	1508.71216	1069.18726	59.47598	1444.68054	803.68329	-225.79762	1412.12048	951.65497	-44.95686	1309.53149	929.67938	-142.25887	1423.42151	784.90625	243.75027	1147.39526	799.63385	-342.94611	1098.35352	870.20972	356.17966	976.71777	900.84369	-395.74500	852.63361	846.52979	47.59893	1027.14539	900.44281	-72.91541	1002.42572	963.52026	-128.16704	938.28180	694.89014	49.08034	479.72745	571.37085	-66.30901	559.08380	1006.32043	-19.13968	158.08125	417.76788	19.92770	170.99428	1150.83301	
283	2.820	-12.18195	1419.57703	1115.15076	-49.00260	1670.76563	942.34436				-128.22055	1510.01648	1082.98779	64.09933	1444.85657	819.36871	-222.65324	1414.37085	962.98505	-41.79802	1310.80579	943.71375	-136.19102	1425.53149	797.19409	246.71822	1145.85291	811.60187	-339.59219	1100.70776	881.22876	357.29834	972.79944	909.67151	-392.38181	855.40717	856.15448	48.71701	1027.51184	915.18420	-73.55886	1004.44525	976.57050	-121.67446	939.39441	706.56793	54.41912	481.79456	587.29846	-62.71974	564.12909	1018.46130	-15.47640	164.20708	424.63861	23.81921	168.83324	1154.95386	
284	2.830	-9.88916	1419.88281	1129.47583	-44.81049	1671.71741	956.49823				-124.48032	1511.19873	1096.36719	69.48849	1445.84827	834.48560	-218.92865	1416.25110	973.29596	-37.49740	1312.80054	959.65021	-130.15279	1427.94360	809.48157	249.21120	1144.20752	823.30469	-336.48758	1104.02087	890.46606	358.36166	968.48120	919.56195	-388.72162	858.32104	866.30200	49.52348	1028.41211	930.90582	-73.99432	1006.32043	989.35101	-115.29772	940.81494	718.98914	58.77577	483.37094	604.71124	-60.80608	567.42401	1030.22278	-11.94646	172.07407	432.17526	26.53766	167.00169	1157.71399	
285	2.840	-6.95263	1421.02295	1142.67761	-41.88965	1673.19910	970.47266				-122.30453	1511.70813	1109.65747	74.56128	1447.01721	850.10559	-215.67711	1419.79126	983.87842	-35.41474	1314.17188	973.50989	-124.34419	1429.71179	821.41956	252.11577	1143.42749	835.99884	-333.52789	1107.07617	901.18182	357.92996	964.21265	927.26642	-385.67758	861.27692	877.35663	50.39263	1030.91895	946.17889	-74.68367	1009.34302	1002.53467	-108.66147	942.69934	730.68927	64.22212	484.71271	622.42126	-59.76253	569.36578	1041.08484	-7.95842	179.83167	441.53140	28.14861	164.31996	1159.53674	
286	2.850	-4.63075	1421.70837	1156.40894	-36.99380	1673.77417	983.22034				-119.53453	1512.35950	1121.76794	80.28435	1449.14990	865.30536	-212.26550	1422.42981	993.99634	-33.51833	1315.87109	986.88123	-118.52366	1431.73145	833.07983	254.62230	1142.02539	848.75079	-330.37570	1110.26636	911.02069	358.37888	959.64130	935.13049	-382.48062	864.20563	888.95526	51.00988	1032.84656	961.95691	-74.90054	1012.52032	1015.24182	-102.04410	944.58826	742.82153	68.65295	485.62445	643.45349	-60.88308	570.73419	1052.93359	-4.85406	188.13742	451.89142	30.37245	162.74078	1161.30103	
287	2.860	-2.23535	1422.33960	1168.28943	-33.07232	1674.63147	995.53192				-116.97032	1513.88782	1133.97791	84.89393	1450.35608	880.70032	-209.31389	1425.33655	1004.05261	-30.99985	1317.35730	999.75317	-112.83970	1432.84338	844.35266	256.81860	1141.29346	861.54419	-327.51114	1113.57227	921.08801	358.58908	955.63947	944.60962	-379.15067	866.89471	900.40741	51.10767	1035.18518	975.46130	-75.17218	1015.72076	1028.20154	-96.86929	946.20905	755.23895	74.23724	486.36551	667.52289	-63.37004	571.54456	1064.61548	0.24025	197.25922	464.23251	31.26602	161.20190	1162.89038	
288	2.870	-0.52615	1423.23560	1180.64001	-29.99646	1676.13232	1007.81525				-113.81252	1514.68335	1145.42468	89.23382	1451.39856	894.80115	-206.64088	1427.79749	1013.91833	-28.66192	1318.92297	1012.83612	-107.50291	1433.77954	855.44067	259.31818	1141.02295	875.51685	-324.03970	1116.16455	930.84839	358.63028	951.26453	950.86914	-376.08603	869.68518	912.74976	52.64987	1037.45081	990.50952	-74.31367	1018.13043	1040.16187	-92.36743	947.96179	766.68524	78.69190	485.85916	692.27197	-66.48667	572.53326	1075.49841	7.07269	208.32439	476.91534	32.57268	159.42477	1162.95532	
289	2.880	1.73182	1424.37610	1191.62024	-27.04862	1677.94946	1019.80127				-111.37915	1516.55542	1156.54053	92.99155	1452.51257	907.58478	-203.84297	1430.40405	1023.70392	-26.91919	1321.13806	1025.82678	-102.48495	1435.07312	866.53674	261.93130	1140.75769	888.22089	-321.21799	1118.84204	940.83643	359.52625	946.72705	958.85425	-373.10138	871.84326	925.25897	54.56792	1039.49109	1003.44141	-72.86411	1020.01074	1052.05981	-88.00966	949.20880	779.20343	83.75101	485.15485	716.99371	-69.04830	571.67963	1085.91138	13.43404	218.72171	494.60413	33.34613	157.45337	1163.35547	
290	2.890	3.91039	1424.96423	1201.87207	-21.86609	1679.03955	1030.87817				-108.45995	1518.22339	1167.30640	96.69751	1453.56665	919.59448	-200.44751	1432.79004	1032.82581	-23.80202	1323.05054	1038.05811	-97.69076	1436.32288	877.36914	263.48190	1140.64795	901.74542	-318.44629	1120.75793	950.47394	359.63367	941.92316	967.01483	-370.16718	873.07318	937.57941	56.82397	1041.09521	1017.47656	-71.40649	1021.75220	1064.68188	-84.79031	950.30133	790.94647	89.30928	484.11966	742.60822	-72.57776	570.28705	1095.89709	21.41293	230.76361	513.91449	34.04200	155.96434	1163.82263	
291	2.900	6.54773	1425.86609	1212.42615	-17.75814	1681.30505	1042.68945				-105.75291	1519.84729	1177.72168	100.54413	1454.34192	932.56384	-198.20863	1435.09448	1042.75586	-21.92886	1325.75623	1049.92859	-93.87563	1438.34680	885.29803	266.35391	1141.48901	915.73065	-315.74588	1122.77087	960.54529	360.15063	937.80957	974.23438	-367.13553	874.59027	950.36719	58.72528	1041.99390	1029.81323	-69.50182	1023.37378	1076.46716	-81.33595	951.79578	802.98035	95.35702	481.04800	767.49884	-75.15186	568.47070	1105.47644	29.13430	241.13939	536.52325	34.47315	153.80811	1164.70032	
292	2.910	8.57175	1427.26355	1223.15662	-13.47807	1683.25232	1053.91626				-103.31892	1521.92749	1187.88428	104.55221	1455.86047	944.08429	-194.97533	1437.37000	1052.38647	-18.80461	1328.16687	1062.04382	-89.03027	1438.40698	898.58398	268.76688	1141.78149	930.52380	-312.89304	1124.08777	970.45874	360.08139	933.28802	980.83459	-363.99472	875.07391	963.86041	61.41204	1043.12793	1042.75024	-66.70064	1024.24231	1088.61194	-78.33488	952.83325	815.88434	101.04456	477.76492	793.72174	-77.01914	565.93658	1114.71216	37.78037	252.00401	559.76196	34.84368	151.97971	1165.70862	
293	2.920	10.92765	1428.60645	1232.79028	-9.72497	1685.80200	1065.65918				-100.92188	1524.30444	1197.98071	108.94801	1457.65051	955.52460	-191.60326	1439.24048	1061.66528	-15.93547	1330.58838	1073.18420	-85.27438	1439.89209	909.40430	271.49908	1142.59021	944.04034	-310.33105	1125.52100	981.09967	360.71487	928.97418	988.47894	-360.80280	875.94910	977.22461	64.80125	1043.52686	1055.06860	-63.94349	1025.09314	1100.33032	-76.32861	954.33960	827.54218	108.30167	476.93567	817.18610	-78.75511	564.28387	1123.00684	45.54182	262.88507	581.46277	34.63939	150.59808	1166.69446	
294	2.930	12.84551	1431.26025	1243.80310	-5.44629	1688.53040	1076.51282				-98.26959	1526.80908	1208.11011	112.41261	1459.30493	966.85254	-189.25037	1441.00452	1071.62854	-13.01187	1333.04407	1084.47107	-81.49564	1441.68298	919.89606	273.95645	1143.39331	958.30743	-307.68286	1126.89624	992.15686	361.28461	925.02783	995.33807	-357.56320	876.92102	991.96503	67.61971	1045.08667	1067.67773	-61.79056	1026.23706	1111.83105	-73.88025	956.06268	839.15869	116.74253	480.66650	841.54132	-80.82722	563.56311	1131.00842	53.01780	272.17905	604.69434	36.01274	147.98044	1167.03931	
295	2.940	15.13764	1433.07397	1254.49805	-1.82236	1691.11572	1087.06116				-95.26328	1529.60913	1218.27551	115.73589	1461.16199	976.90088	-187.12930	1443.17493	1081.37659	-9.99853	1335.11389	1095.59363	-78.20151	1443.48950	930.55566	276.65140	1144.19092	972.33118	-305.14545	1128.48633	1003.56116	361.05038	920.55969	1000.78540	-354.02875	877.73065	1006.75946	70.16353	1046.29785	1079.89172	-58.81480	1026.92566	1123.63416	-71.71696	958.03363	851.03052	124.47244	484.72849	863.70459	-81.70455	562.88690	1138.46912	60.80662	281.36777	628.01196	36.23477	146.55965	1167.48779	
296	2.950	17.55077	1435.85132	1265.51941	0.76231	1693.45569	1097.84033				-92.71846	1532.55298	1228.66479	119.43948	1462.48987	989.11737	-184.49832	1444.98181	1091.29199	-6.62180	1337.09497	1106.49646	-75.37720	1445.91907	938.45251	278.77756	1144.29565	985.39423	-302.26538	1129.82629	1015.28345	361.33966	917.25098	1006.07312	-350.41345	878.36890	1022.44006	72.98416	1047.50256	1091.69531	-56.21662	1027.98706	1134.82458	-68.91219	960.08185	862.57220	133.44150	487.58823	886.70447	-83.44796	562.49066	1145.01477	68.57290	288.73871	651.67358	36.85510	145.08765	1167.82202	
297	2.960	20.05964	1438.79309	1275.54529	4.10269	1695.40759	1107.64038				-90.22470	1535.33679	1238.91748	122.58258	1463.87817	999.76678	-182.29025	1447.43604	1101.17029	-4.21040	1338.95068	1117.26746	-71.36465	1446.78650	951.02759	283.26273	1145.43713	996.76642	-299.48007	1131.71326	1025.75928	361.07565	914.81836	1013.24066	-346.76477	879.62604	1038.62183	75.51299	1049.78955	1104.96228	-54.06563	1029.88489	1146.17249	-65.04308	961.78394	873.76117	142.43604	490.14468	910.16766	-84.06145	562.00684	1150.39490	75.90767	295.48868	674.37213	36.56895	144.18332	1168.25476	
298	2.970	22.04488	1441.97290	1286.78821	6.49791	1697.64819	1117.23584				-87.79350	1538.36731	1249.20703	125.75648	1465.55750	1009.43079	-179.40013	1449.93640	1110.78210	-2.09371	1341.34778	1127.80945	-68.53172	1448.69128	961.70557	284.98090	1145.20691	1007.64697	-296.22610	1132.83984	1040.41248	359.93622	912.67700	1019.03925	-342.86847	881.43793	1055.37292	77.92036	1052.01367	1115.57153	-52.71635	1032.04395	1156.97375	-61.81924	963.85760	884.53729	151.54375	491.28787	935.40967	-84.64095	561.63257	1155.57727	84.07063	300.95755	698.58856	35.48507	143.72258	1168.76624	
299	2.980	24.24156	1445.58228	1298.60498	8.61627	1700.01697	1126.57373				-85.50011	1541.20105	1259.50964	129.17336	1467.13940	1021.22290	-177.17033	1452.21594	1121.12378	0.06172	1343.69189	1138.30078	-65.55527	1451.11987	972.07800	286.78986	1145.23083	1018.12012	-292.99991	1134.26831	1053.13928	360.53220	911.31873	1024.56787	-339.02069	882.84686	1072.92554	79.94487	1054.52771	1128.54785	-51.25349	1034.69910	1167.44910	-57.68943	966.24048	895.03625	161.20448	491.73535	960.76544	-85.22074	562.25360	1160.24280	92.76921	305.93951	723.22760	33.74129	143.54539	1169.49963	
300	2.990	26.50354	1448.91821	1309.15735	10.88887	1702.23962	1135.76050				-83.62467	1544.43909	1269.71741	131.84941	1468.73108	1031.86096	-174.15746	1454.78088	1131.14392	1.81171	1345.59399	1149.16492	-62.61549	1453.28369	982.26880	287.82794	1145.29285	1028.08105	-289.73526	1136.09741	1066.88330	359.06793	909.95782	1029.53418	-335.33603	885.21973	1090.69727	81.38132	1057.47485	1140.31128	-50.35527	1037.31604	1178.70422	-53.66972	968.65094	905.41931	171.78401	492.46506	986.19031	-86.53188	562.52417	1164.51404	101.13077	308.49384	749.31720	32.89249	143.15126	1169.80115	
301	3.000	28.26518	1452.28064	1320.99329	12.77339	1704.46570	1145.06763				-81.37701	1547.59351	1280.06787	134.53207	1470.72546	1042.97913	-171.45366	1457.14917	1141.15857	3.93044	1347.64392	1159.21838	-60.20132	1455.32617	992.78381	289.01419	1145.59277	1037.69983	-286.69870	1138.35083	1080.99023	358.80472	909.98865	1036.03259	-331.27594	887.63336	1108.60535	82.00660	1059.67017	1151.65161	-48.99690	1040.32397	1188.68579	-49.29084	970.77936	915.77667	182.41911	491.88083	1012.45361	-87.74361	563.10626	1168.31555	109.85107	311.69733	776.06195	31.54123	142.64909	1170.47498	
302	3.010	30.02797	1455.08264	1331.01489	15.34898	1706.36841	1154.42078				-79.24899	1550.39160	1290.26868	137.59398	1472.27148	1053.31458	-168.87325	1459.95288	1151.21301	6.04154	1349.66003	1168.80261	-57.21857	1457.62036	1002.74371	290.41486	1145.63440	1045.79187	-283.18161	1140.14124	1095.25745	357.48343	910.04071	1041.43457	-327.38107	890.07257	1127.22742	82.89569	1062.50623	1163.25159	-48.36277	1043.92102	1198.83777	-44.74551	973.26428	925.32697	193.06972	490.99438	1039.76978	-89.07546	562.30292	1172.38110	119.20689	313.42365	803.16516	29.66269	142.54576	1171.15710	
303	3.020	31.87613	1458.01709	1342.32581	17.22546	1708.53381	1163.86084				-77.51804	1553.12549	1300.41492	140.31914	1474.00781	1064.29419	-166.56325	1462.71558	1161.25415	8.14699	1351.48035	1179.35925	-54.82216	1459.64319	1012.76752	291.79855	1146.49084	1054.39807	-279.66257	1142.34277	1109.72351	356.64633	910.41296	1045.79956	-323.71756	893.01917	1146.23059	83.91102	1064.92822	1175.56738	-48.25434	1046.71338	1210.21899	-40.17034	975.51776	936.09509	203.32558	489.45438	1067.50439	-90.75024	560.65125	1174.22827	128.09319	314.49548	832.01782	27.86152	142.37843	1171.60693	
304	3.030	33.36864	1461.56921	1352.82739	19.11823	1710.71790	1173.38354				-75.67451	1555.36597	1310.23462	143.14699	1475.71033	1074.70264	-163.40683	1465.09607	1171.09265	11.32901	1353.19714	1189.00464	-52.22955	1461.75732	1022.97949	293.14044	1147.34436	1062.12537	-276.69238	1144.18860	1124.82678	355.64737	910.73383	1051.06567	-320.12024	895.80542	1164.94128	86.20095	1068.06042	1188.56787	-47.80051	1049.87292	1220.22095	-35.69991	977.87708	946.09192	213.69698	487.62576	1096.28857	-92.74943	562.25592	1176.88074	137.39772	314.85229	861.42401	26.20269	141.73198	1172.11792	
305	3.040	34.59797	1464.44104	1364.13513	21.05330	1712.61755	1183.01733				-74.52184	1557.89099	1319.96301	145.54245	1477.97009	1085.37744	-161.05228	1467.48267	1181.21399	13.63097	1355.03235	1199.27649	-50.17029	1463.77124	1033.40674	293.98148	1148.02698	1069.71265	-273.87000	1146.29395	1139.70581	355.76318	911.27521	1056.58655	-316.99393	898.22186	1184.88562	86.89531	1070.28687	1199.78564	-47.24750	1052.38171	1230.24670	-30.46813	979.51453	955.73193	222.69279	487.55219	1124.17358	-92.63573	562.07489	1178.89746	146.04303	314.45209	890.12036	24.24220	141.82689	1172.54529	
306	3.050	35.91491	1466.66333	1373.81677	22.50458	1714.70398	1192.78796				-73.75278	1560.15796	1329.70093	148.15135	1479.48047	1096.06836	-158.14999	1469.48083	1191.32007	16.22828	1357.15637	1209.46155	-47.67292	1465.26050	1043.54602	294.69070	1149.08740	1076.51697	-270.54568	1148.30859	1155.03162	354.39325	912.19360	1063.12732	-313.14108	900.84387	1203.70129	88.11014	1071.99463	1212.04614	-46.88345	1054.87610	1240.96057	-25.93166	981.06293	966.31274	230.78149	488.92072	1152.07642	-94.78891	562.79431	1181.48462	155.52019	313.10364	919.99420	22.22755	141.83925	1172.94165	
307	3.060	36.77153	1468.48438	1383.66431	24.72163	1716.50598	1202.58264				-71.95704	1562.02063	1339.22778	150.47925	1481.11792	1106.72009	-156.09134	1471.56287	1201.43982	18.75281	1359.32666	1219.56128	-45.29244	1466.74817	1053.59680	295.44034	1150.07263	1083.25842	-268.08057	1150.29150	1170.51233	353.68573	912.76605	1067.69067	-310.01282	903.66156	1223.27441	89.02405	1073.35046	1223.53491	-45.78033	1056.54785	1250.34033	-21.59449	982.83179	977.31702	238.48293	494.67722	1179.59265	-96.06949	563.09253	1182.84924	164.54834	311.17447	950.76361	19.78789	141.86455	1173.12769	
308	3.070	38.03984	1470.32520	1394.91907	26.54388	1718.17639	1212.56543				-70.60619	1563.46301	1348.90613	152.84314	1482.62329	1116.66577	-153.39755	1473.47424	1211.27917	20.80486	1361.16028	1230.32117	-43.42097	1468.37085	1064.11914	295.89832	1150.60498	1089.72595	-265.42032	1151.79504	1185.99231	353.71509	913.94836	1073.23535	-307.10089	905.94727	1242.88745	89.73805	1074.94653	1234.81030	-44.58580	1058.12378	1260.66382	-17.24123	983.87854	987.61932	246.83685	502.77200	1205.42786	-96.81142	563.75244	1184.85828	173.70821	307.84613	980.22931	15.85824	142.47525	1173.30164	
309	3.080	39.05793	1471.94971	1405.13147	27.87673	1719.46289	1222.75476				-69.37154	1564.09412	1352.70142	155.17534	1483.68933	1126.88184	-151.30537	1474.84167	1221.42883	23.15357	1363.15857	1240.58643	-40.96796	1469.50842	1074.09485	296.58359	1151.34705	1096.08630	-262.90326	1153.12878	1201.11963	352.23535	914.35333	1078.28796	-303.67047	908.01599	1262.26990	91.27060	1075.90869	1245.87036	-43.54834	1059.43616	1270.56079	-13.59337	985.28448	997.90021	255.03146	510.62738	1231.14026	-97.07935	564.03979	1186.44983	183.17844	303.68842	1009.93060	13.27262	142.12936	1173.36621	
310	3.090	39.79598	1472.90125	1414.59082	30.08866	1720.72424	1232.91516				-69.13303	1565.76074	1363.88708	157.30522	1484.55005	1137.13074	-149.49872	1476.38757	1231.36145	25.39786	1364.63367	1251.12061	-39.07060	1470.07458	1084.53345	297.05981	1152.14380	1102.97083	-260.96036	1154.47583	1216.85852	352.73978	912.89691	1075.76282	-300.24777	910.41473	1281.90320	92.68083	1076.51758	1256.91028	-42.32538	1060.61938	1280.18567	-9.53677	986.65564	1008.52795	262.43237	518.75977	1254.37305	-97.68414	564.28009	1188.23816	192.45369	297.57251	1041.05103	9.87278	141.45016	1173.33203	
311	3.100	40.75075	1474.25342	1425.68066	31.83413	1721.89978	1243.21008				-67.52222	1566.40625	1373.04431	159.96307	1485.62524	1147.73035	-147.07426	1477.16895	1241.42224	27.37486	1366.12769	1261.69556	-37.35120	1471.27100	1095.11023	297.31863	1152.61340	1108.90503	-259.72461	1155.64941	1232.30347	352.35834	915.97284	1090.38184	-296.99811	912.69318	1301.71985	94.56982	1077.28333	1269.42456	-40.69278	1061.03870	1290.45007	-5.09847	987.96747	1018.78070	268.09906	526.25543	1277.10754	-97.52009	564.17621	1190.08667	201.16812	290.66452	1072.62476	6.24479	141.56949	1173.55005	
312	3.110	41.86912	1474.88269	1436.22742	33.22252	1722.70850	1253.78149				-66.33267	1566.75183	1383.46912	162.01068	1486.28027	1157.59949	-145.18407	1478.29041	1251.53113	29.26616	1367.08203	1272.27112	-35.19838	1471.64282	1105.28333	297.98447	1153.01514	1115.72473	-257.77014	1156.64734	1247.10120	351.46396	916.38165	1095.78845	-293.20984	914.31195	1321.28455	96.49391	1077.25500	1279.41260	-38.90261	1061.56042	1300.03772	-0.88475	989.06183	1028.76782	272.11493	531.39069	1295.89246	-96.99741	563.99561	1192.11426	210.19691	282.76672	1103.54663	2.34475	141.19815	1173.65662	
313	3.120	42.54837	1475.83948	1446.84302	35.12948	1723.27039	1264.37903				-65.30101	1567.58337	1393.25122	162.92900	1486.79968	1168.48596	-143.31088	1478.51440	1261.74036	31.55905	1367.59619	1282.94849	-33.41331	1472.27490	1116.16736	297.18982	1152.61926	1121.25000	-256.13412	1157.66138	1262.53540	352.02872	916.63287	1101.22290	-289.82657	916.90472	1340.68909	98.61774	1077.38721	1291.60852	-36.56065	1061.35803	1309.12769	2.63172	989.84119	1039.14478	275.44656	535.95209	1314.62842	-95.90941	563.36902	1193.65918	220.49925	273.03497	1135.46204	-0.21261	140.32079	1173.50085	
314	3.130	43.33019	1476.15967	1457.60449	37.03752	1723.57617	1275.01196				-64.94048	1568.62109	1404.98633	164.95305	1486.95911	1178.69214	-141.56305	1478.70215	1272.15356	33.39214	1368.30701	1293.51001	-31.56379	1472.17627	1126.49902	298.78952	1153.48059	1128.55029	-254.32922	1158.29712	1277.71106	351.00308	916.84528	1106.79822	-285.93698	918.50604	1359.74268	100.65734	1077.62048	1302.12830	-34.54854	1061.75452	1321.65112	6.17911	991.07941	1049.88049	276.64993	538.32330	1333.01526	-95.70760	563.13446	1195.75879	231.33363	262.26794	1167.80847	-4.27026	140.34383	1173.16626	
315	3.140	44.82564	1476.34753	1468.76599	38.68481	1723.38721	1285.94263				-63.10554	1568.15796	1415.34399	166.77859	1487.02795	1189.24988	-140.26225	1478.96460	1282.53784	33.58878	1366.72559	1300.83569	-29.82442	1471.95410	1136.91882	299.00153	1153.57275	1135.28271	-252.70172	1158.59729	1292.60583	351.60529	917.16437	1114.56750	-282.36588	920.27777	1379.62878	102.28481	1077.22937	1313.22571	-32.85434	1060.69653	1329.38354	9.74318	991.05304	1060.36975	276.86972	540.13721	1349.18030	-95.52539	563.01459	1197.89075	242.47118	252.01401	1199.31897	-7.60219	139.90576	1173.44849	
316	3.150	45.63868	1476.24292	1479.43274	40.47863	1723.13916	1296.88062				-61.84349	1568.35327	1426.03088	168.56085	1487.00574	1200.41077	-138.17767	1478.74561	1292.96838	35.16801	1366.42822	1312.09167	-28.18095	1472.50928	1147.80554	299.10907	1152.54578	1142.69336	-251.29744	1159.11572	1307.88123	351.23041	917.07159	1119.14587	-279.18546	922.26758	1398.64905	104.56168	1076.85706	1323.74390	-31.12172	1061.19849	1340.94678	13.80439	990.86169	1070.58044	276.31342	540.98700	1365.22070	-94.53123	562.64252	1199.73975	254.48520	240.72894	1232.25928	-11.32299	137.40636	1172.49036	
317	3.160	47.08253	1475.42822	1490.68958	42.14341	1723.06555	1307.81445				-60.16099	1567.58423	1435.76648	170.56323	1486.47412	1211.23535	-136.58522	1478.01404	1303.52209	36.60954	1366.13965	1322.38452	-26.82124	1471.71936	1158.71204	299.96835	1153.34998	1150.35803	-249.14311	1159.15588	1322.30981	351.43207	916.78552	1126.16418	-273.85516	922.70386	1417.27173	105.95978	1076.57312	1334.86890	-29.42301	1060.62781	1350.95227	17.64167	990.96130	1081.49170	275.83517	541.73193	1380.03174	-93.81885	562.50769	1202.06238	266.56387	229.80473	1263.66626	-13.56025	138.79433	1173.02417	
318	3.170	48.18357	1474.87512	1502.16052	43.89492	1722.30688	1318.96924				-58.82193	1567.02197	1447.13745	172.13280	1486.06824	1222.14893	-135.02628	1477.27478	1314.13025	38.31006	1365.28992	1333.07507	-24.69100	1471.55273	1169.25928	300.57068	1152.40222	1158.50745	-247.34526	1159.15857	1336.47778	351.48621	916.49237	1132.02222	-271.16565	925.37885	1435.95129	107.49474	1076.48608	1346.34241	-28.05055	1059.44226	1359.81787	21.55379	990.26318	1092.06482	273.91766	540.69220	1394.02832	-92.76683	562.49585	1204.73572	279.07321	218.92870	1295.52625	-16.85554	137.43724	1172.42944	
319	3.180	49.15902	1474.16638	1512.72522							-57.56282	1566.39026	1457.76416	172.80156	1485.33301	1233.70691	-133.24081	1476.21094	1324.77527	39.32772	1364.04419	1343.91443	-25.03069	1471.22083	1178.61853	301.21097	1152.16980	1167.07727	-245.54762	1159.09521	1350.50134	351.73807	915.62219	1139.63647	-267.97275	927.03552	1454.07483	108.93825	1075.53601	1357.62097	-26.78122	1058.73413	1370.91199	25.32696	989.60266	1102.77930	272.72076	539.91058	1408.63440	-91.55098	562.10651	1207.34363	290.96158	207.78333	1327.25342	-19.56108	137.21696	1172.23047	
320	3.190	49.89705	1472.91650	1523.64380							-56.99599	1565.89514	1469.84326	175.49028	1484.20825	1245.06995	-131.68881	1474.79626	1335.59717	40.37373	1363.07275	1355.19946	-19.94095	1468.52612	1191.72815	301.50302	1151.55798	1175.90295	-243.27235	1158.49854	1364.38257	351.88760	915.70850	1147.44263	-262.73721	925.94147	1467.63635	109.95029	1075.57031	1369.66052	-25.54416	1058.04358	1381.46265	29.40331	988.68213	1113.62561	270.77484	538.33545	1420.32764	-89.51308	561.36292	1210.40881	302.93124	195.00781	1363.55420	-21.79710	135.91472	1171.44287	
321	3.200	51.22871	1471.64417	1535.61792							-55.09458	1564.66895	1480.71423	176.58029	1482.77917	1256.97522	-130.90675	1473.76208	1346.32568	41.76834	1361.54370	1365.75024	-18.55961	1467.97449	1202.68579	301.60675	1150.08618	1184.94080	-240.90092	1157.87012	1377.97229	351.81503	914.18640	1153.34131	-259.03821	926.99603	1484.97522	110.75130	1074.50610	1381.29932	-25.23334	1056.64941	1391.51331	33.72440	987.28931	1124.31604	269.11511	535.93085	1432.34460	-88.70728	561.25018	1214.23779	314.10934	185.69174	1396.39490	-23.79395	135.17262	1171.37781	
322	3.210	52.60426	1470.29114	1546.68665							-53.72614	1563.42834	1492.14514	177.81523	1481.49023	1269.06506	-129.52260	1472.34717	1356.94263	42.62931	1359.30017	1376.51428	-18.67793	1466.97180	1213.79626	302.45349	1148.94482	1194.14685	-238.53661	1156.94446	1391.33521	352.42346	913.53925	1161.57019	-255.33267	928.24304	1502.94775	111.33483	1073.80481	1393.59192	-24.22864	1056.22632	1402.41748	37.53721	985.81506	1135.67163	265.75711	531.37762	1442.67908	-86.17780	560.42902	1217.81689	325.17969	178.78413	1430.44714	-24.35548	133.62132	1171.16833	
323	3.220	53.70618	1468.47974	1557.59680							-52.18866	1562.33069	1503.02197	179.27039	1479.45703	1280.88232	-128.33553	1470.47339	1367.69482	44.09878	1357.79138	1388.37244	-17.84729	1466.77014	1222.95398	303.33286	1146.52319	1204.05371	-235.95267	1155.77490	1404.87561	352.56989	911.80273	1170.60168	-251.64131	930.10742	1520.18079	112.01108	1071.97388	1404.67102	-24.38450	1054.59741	1412.10303	41.48235	983.85345	1147.67761	263.82895	526.86115	1451.41760	-83.75095	559.44452	1222.75061	335.19531	172.52280	1463.71155	-26.78796	132.40897	1171.17200	
324	3.230	54.93153	1466.88684	1569.43701							-51.33926	1559.48987	1513.64063	181.21478	1477.72644	1292.94934	-126.95460	1467.97522	1374.31140	44.79433	1355.32800	1398.80042	-15.88459	1465.20178	1234.01892	304.29938	1144.84119	1214.92004	-233.74500	1154.53748	1418.08142	353.20456	910.52753	1178.47009	-247.82922	930.50714	1537.30212	112.34989	1070.85156	1417.21667	-23.80021	1053.62939	1424.47217	44.97073	982.04199	1159.05237	261.05936	521.72583	1460.26038	-81.04988	558.00482	1227.88391	343.60928	171.07913	1495.12891	-27.95681	132.87408	1171.99316	
325	3.240	55.86727	1465.14661	1580.48975							-50.04218	1557.91528	1524.36182	181.92636	1476.12952	1305.18958	-125.71915	1466.37634	1384.83655	46.01010	1353.40344	1410.48926	-14.38642	1463.18945	1244.85352	305.41946	1143.98596	1225.43079	-230.97755	1153.72803	1430.39685	352.72485	908.87128	1185.96521	-244.54930	931.56024	1553.96558	112.77956	1069.30640	1429.73035	-23.76238	1052.44006	1434.38953	49.46744	979.61578	1171.72852	259.56042	515.52582	1468.05627	-77.99400	557.01733	1233.95422	350.36792	172.74886	1527.02051	-28.45648	131.95586	1173.11462	
326	3.250	56.76919	1463.41418	1591.37463							-49.28371	1556.25281	1535.81287	185.03732	1473.79272	1316.35168	-124.31090	1464.20593	1394.36108	46.96532	1351.10510	1421.08813	-12.29540	1460.95117	1255.67456	306.47586	1141.74988	1236.56689	-228.68837	1152.20862	1444.23083	353.42151	906.81177	1195.80347	-241.15327	932.07507	1569.84656	112.72816	1067.70703	1442.72766	-23.83978	1050.36011	1445.41663	52.43622	977.86981	1183.60840	257.78772	511.00775	1474.94653	-74.34885	555.57025	1240.37793	355.31458	175.86458	1555.52905	-28.43015	131.42880	1174.19507	
327	3.260	56.94104	1461.18091	1601.98938							-48.45804	1554.70386	1546.70630	186.49783	1471.74548	1328.80591	-123.36520	1462.30945	1404.86902	47.59542	1349.13977	1432.87219				308.22351	1138.86304	1248.10754	-226.22647	1151.12891	1456.20422	353.27371	903.69910	1203.74536	-237.77238	932.85962	1584.89856	113.01031	1065.90576	1455.40161	-23.63475	1048.80444	1457.91760	55.16133	976.01062	1195.90002	254.70117	505.54773	1479.72070	-71.02348	553.93036	1247.92493	359.97083	181.06964	1582.89404	-27.85212	130.56044	1175.56812	
328	3.270	58.20732	1459.77136	1612.83215	-7.78192	1456.51367	1276.02466				-47.32261	1552.56482	1556.32434	188.47401	1469.75586	1339.95630	-121.62331	1461.29285	1414.52075	48.72203	1347.30371	1443.08276				309.62347	1136.14294	1260.01147	-223.86430	1149.77112	1469.29517	353.73294	901.23407	1214.11780	-234.11191	933.03058	1600.48291	113.06222	1064.05676	1467.94531	-23.53629	1046.65845	1468.86743	58.30009	974.00824	1208.17773	252.95624	502.50778	1485.38794	-66.59689	552.51276	1255.32910	360.39761	188.96362	1611.12708	-27.07916	129.58243	1177.21497	
329	3.280	58.66014	1457.60400	1622.98401	-5.99856	1454.06763	1286.69080				-46.97406	1550.55383	1566.47290	189.63771	1467.44641	1350.95142	-120.05903	1458.89001	1423.42395	49.64326	1345.54834	1454.67957				311.36383	1133.52283	1271.16956	-221.40511	1149.10120	1481.30542	353.96786	898.15143	1223.34985	-231.44215	934.22723	1616.04895	113.30586	1062.07202	1480.89880	-23.03428	1044.93823	1481.98364	61.25566	971.75238	1220.96912	252.74161	500.62085	1492.01147	-62.44275	550.94830	1263.99292	360.10907	197.59747	1640.29822	-26.51558	131.04269	1180.18652	
330	3.290	58.83764	1455.99683	1631.70789	-3.58083	1451.36316	1296.92358				-46.43920	1548.68835	1575.76965	191.49123	1465.16284	1361.81750	-118.82465	1457.06030	1433.03162	50.95609	1343.65320	1465.04614				312.92764	1130.20618	1283.88696	-218.67690	1147.83142	1493.14368	354.33896	895.37799	1232.70032	-227.92915	934.74805	1629.42236	114.36863	1060.44153	1493.86279	-21.87512	1042.07703	1493.83777	63.76432	969.57654	1233.80969	249.67833	498.63550	1498.92871	-57.96703	549.31494	1273.56238	359.30966	208.36642	1665.08032	-25.23198	131.14523	1182.49524	
331	3.300	58.65296	1454.70679	1642.24475	-1.34008	1448.64758	1306.93176				-46.12099	1546.77380	1584.58289	193.70537	1461.95642	1372.09656	-117.70679	1455.98267	1443.71826	52.19282	1342.55518	1476.88928				315.02219	1127.03284	1295.33362	-216.56436	1146.80261	1505.32275	354.84192	891.88477	1243.72705	-225.73137	935.27301	1644.16650	116.19337	1059.15100	1506.85730	-20.38743	1040.63440	1508.08069	65.37878	967.08954	1247.19604	248.09128	497.74423	1508.98743	-53.93920	548.36725	1284.19958	358.52417	219.56114	1687.94922	-23.40206	131.11124	1185.21326	
332	3.310	59.15738	1452.89783	1650.80518	0.43531	1445.84973	1317.20154				-45.70867	1544.93518	1592.03735	195.11858	1459.56897	1382.81226	-116.06699	1454.60657	1452.82898	53.11196	1340.87305	1487.91028				316.53436	1123.59668	1308.12854	-213.89644	1145.77563	1516.73987	355.96542	887.95624	1253.56348	-222.97240	936.39404	1658.61487	117.37161	1057.35181	1520.24426	-18.52668	1038.18481	1519.99927	66.14558	964.55908	1260.96057	245.64201	496.54776	1521.07751	-49.80230	546.99445	1296.59216	357.39453	230.52005	1711.89258	-21.34648	132.34294	1188.38147	
333	3.320	58.61808	1452.02966	1660.58069	1.81153	1443.57825	1327.50317				-45.55867	1543.50195	1601.24304	196.69432	1457.15222	1393.62439	-114.42183	1452.59827	1463.07239	54.48916	1339.33545	1498.51709				318.24475	1120.21558	1320.00098	-211.73000	1144.37146	1528.59106	356.60275	884.89453	1266.21094	-220.67685	936.63074	1671.73499	119.91127	1056.56836	1532.89954	-16.52612	1036.77087	1534.88123	66.86126	961.23102	1274.93494	244.13347	495.21191	1534.67419	-45.09919	545.78918	1309.63879	354.65848	241.75177	1733.67749	-19.31552	133.95541	1192.04114	
334	3.330	57.77534	1451.30579	1670.63098	4.09100	1440.21155	1337.88074				-45.81948	1542.77478	1610.39612	198.72197	1454.55933	1403.95300	-112.97800	1450.61292	1472.98669	55.81400	1337.53821	1509.36670				319.92731	1116.46912	1332.99963	-209.37146	1142.82800	1539.17456	357.64429	881.43878	1276.62573	-218.06302	936.94556	1684.48486	121.93890	1055.91370	1545.86951	-13.65380	1035.32483	1547.62683	67.32901	957.90735	1289.67798	241.87917	494.19977	1549.72864	-40.13118	544.00372	1323.06006	352.23727	251.12111	1756.48608	-16.67800	134.92592	1195.63904	
335	3.340	57.94913	1450.55298	1679.24744	6.27546	1436.64087	1347.67505				-45.80502	1540.99487	1617.16101	199.82393	1451.30237	1413.62756	-111.12161	1449.16528	1481.63611	57.67034	1336.18176	1520.25024				321.53293	1113.29187	1344.51477	-207.34933	1141.01880	1551.06494	358.25101	878.35950	1288.60254	-216.69838	936.85938	1697.22229	124.42568	1054.96680	1559.31140	-10.89954	1034.21558	1563.01550	67.49285	954.31604	1304.52136	239.49338	492.33420	1565.23071	-37.69766	543.64996	1337.20874	348.64682	259.02142	1779.03479	-13.97432	137.75087	1200.77686	
336	3.350	57.28241	1450.84814	1689.36694	8.25190	1432.96667	1357.49841				-46.41003	1540.31787	1625.58765	202.13855	1448.57397	1423.53406	-109.58755	1447.01233	1492.20313	59.18847	1334.89429	1532.59094				322.96204	1109.59009	1357.42004	-205.54289	1139.59302	1561.63770	360.22116	874.93329	1300.81396	-215.09746	936.09271	1710.72693	127.01513	1055.03223	1574.35986	-8.78523	1032.24878	1573.82654	67.82507	950.52521	1319.97644	237.83134	490.22650	1580.06458	-33.18950	541.91650	1352.36548	343.70731	264.49472	1802.26721	-10.51522	140.59489	1206.21741	
337	3.360	57.36861	1451.59839	1698.71143	10.07178	1429.81018	1366.23914				-45.99316	1539.38171	1632.95728	204.47861	1446.18591	1433.61804	-107.73508	1444.83850	1501.22656	61.10902	1333.57715	1543.20276	174.20992	1577.53564	1581.19434	324.12299	1106.24426	1368.81067	-203.78731	1137.79919	1573.13672	361.74786	870.81158	1314.07922	-213.74727	935.64972	1722.37817	129.33928	1054.03113	1587.07434	-6.26832	1032.44580	1592.16870	68.51933	946.22766	1335.63330	234.85597	485.28339	1594.90723	-30.05724	540.57074	1367.48438	336.58194	268.68005	1823.86279	-7.34514	143.67270	1212.74097	
338	3.370	56.69864	1452.83643	1709.01685	12.29065	1426.54443	1376.87537	-106.46523	1442.73804	1510.08044	-46.99957	1539.61108	1640.38184	206.49413	1443.37439	1443.54810	174.16386	1578.59509	1591.59216	62.96283	1332.44812	1554.71399				325.81824	1102.37744	1381.28723	-202.19124	1135.69873	1585.18018	362.87534	867.25848	1327.11975	-212.99400	934.11426	1733.51880	131.99194	1053.60925	1602.80994	-4.47273	1031.79944	1606.88049	69.80238	942.32538	1351.35168	231.82999	481.55841	1609.46997	-27.71663	538.88971	1383.96594	326.25839	270.17673	1844.77417	-3.09172	147.01962	1219.76648	
339	3.380	55.86683	1454.60559	1719.41724	14.39445	1424.41052	1386.67908	-105.75584	1441.34631	1520.20056	-46.71780	1538.94031	1647.08594	208.13359	1440.64929	1453.65625	175.06209	1579.78491	1601.55969	64.72885	1331.45520	1565.90979	67.00901	1690.58325	1517.00696	327.34433	1098.95776	1392.90137	-201.47975	1134.60413	1594.58923	364.64581	864.21863	1340.99719	-212.83891	932.99323	1744.93298	133.43491	1052.37158	1615.82434	-2.75935	1029.06555	1616.73987	71.36754	939.85510	1366.24719	230.34070	480.66757	1627.21167	-25.06001	537.80981	1399.72998	316.49097	270.92160	1864.51453	0.42376	151.31696	1228.13281	
340	3.390	54.75306	1457.19006	1730.05896	16.04234	1422.05762	1395.99866	-104.64206	1440.54358	1529.62354	-47.47022	1540.31873	1656.59326	209.45897	1438.50732	1463.87891	174.79718	1581.02649	1612.34326	65.98927	1331.79468	1577.57800	67.51493	1691.47253	1525.12439	328.99655	1095.72559	1405.18127	-200.78967	1133.17688	1604.80237	365.65323	858.61108	1352.79944	-212.00650	930.70990	1754.89783	134.67920	1050.41150	1626.53003	-1.03424	1027.82385	1630.11768	74.28806	937.82361	1380.00134	227.06058	479.74554	1642.96521	-22.88959	536.27820	1416.90234	304.70139	267.21307	1880.84399	3.48371	155.38530	1238.24963	
341	3.400	54.08883	1459.02490	1739.96460	17.26974	1420.17419	1406.27124	-103.80462	1439.17383	1539.37671	-47.12745	1540.91699	1663.18982	211.28867	1436.80554	1474.14404	175.20857	1582.78284	1622.12122	66.08618	1331.15649	1588.09241	67.52715	1690.44360	1532.37854	330.71393	1092.71240	1418.03308	-200.32990	1132.33142	1614.86743	366.99023	855.74377	1368.80200	-211.83060	929.48395	1765.25488	135.09851	1049.13696	1639.75537	-0.10668	1026.72681	1642.82043	77.50449	936.24133	1393.07422	225.07602	482.88336	1661.47375	-19.81875	534.20245	1434.45898	292.28622	261.99469	1894.52917	7.49361	160.99481	1248.43457	
342	3.410	53.56237	1461.56458	1749.56519	18.24775	1418.66138	1417.65796	-103.31234	1439.44214	1550.09888	-48.21426	1542.28638	1671.30945	212.30197	1434.94373	1484.16992	175.66541	1584.06689	1631.97778	66.77779	1330.86536	1598.85901	68.15068	1689.50696	1538.49011	332.40225	1090.11682	1430.94141	-200.02104	1131.63123	1625.50452				-211.64470	928.40167	1774.46240	135.57701	1048.41443	1652.11218	-0.16861	1025.50354	1655.57227	79.78031	934.76318	1405.88220	223.31117	486.11111	1680.22107	-18.86475	532.36090	1453.49426	281.18555	255.02249	1905.36609	10.67560	167.45639	1261.13318	
343	3.420	52.81363	1464.10083	1759.38452	19.09566	1417.32959	1426.49976	-102.04415	1438.60449	1559.06946	-47.95428	1542.56787	1679.02783	213.13206	1433.77734	1494.32678				67.05237	1330.54443	1610.19312	68.96819	1689.40198	1544.67834	333.70911	1088.85852	1444.26685	-199.71648	1130.98218	1634.76001	369.79932	850.46014	1400.47864	-212.23889	926.88904	1783.08716				0.32096	1024.91528	1666.54895	82.86781	933.00043	1419.53894	221.59729	489.40778	1698.97632	-17.76830	531.11261	1473.24121	266.90247	243.28128	1909.30005	14.64713	172.49377	1274.43274	
344	3.430	52.01237	1466.73193	1769.01636	19.94282	1416.09241	1437.66736	-101.35703	1438.85693	1569.59985	-48.76672	1543.27380	1687.60120	214.32169	1432.70081	1504.61157	175.46844	1586.46936	1650.80457	68.09751	1330.32727	1620.07776	69.58769	1688.76648	1551.08899	334.67880	1087.45203	1458.13123	-199.45988	1130.30994	1643.48547	370.90799	849.02942	1417.73730	-214.44710	928.24780	1794.84595				0.17816	1025.26221	1677.34558	84.00157	932.34857	1431.98108	221.04048	492.78497	1718.15869	-16.76287	528.71399	1493.52930	255.37816	233.29205	1916.41272	16.77304	179.78296	1289.65747	
345	3.440	50.96479	1469.72058	1779.24805	20.88282	1416.07056	1447.35559	-100.36087	1438.52893	1578.93091	-49.62005	1544.43835	1695.31372	215.17181	1432.67273	1514.96851	174.48831	1588.35498	1660.76624	68.03058	1331.09363	1630.65869	69.74455	1688.32996	1557.33130	335.52811	1086.98376	1472.22595	-199.22908	1130.00049	1652.66284	371.22311	846.85046	1434.17554	-214.69412	924.58209	1799.48193				-0.35116	1025.39551	1687.64258	85.01251	933.06805	1442.86218	219.74510	494.01056	1735.67249	-15.87062	526.99915	1514.65417	245.07787	224.97078	1927.58423	15.82929	188.08655	1306.34595	
346	3.450	49.84630	1473.10986	1789.99438	21.73719	1416.66760	1456.70801	-100.02414	1439.47693	1588.51868	-50.39264	1546.85864	1704.61316	215.63719	1432.91101	1524.76245	174.80052	1589.17615	1668.21118	68.77164	1331.47839	1640.78687	69.39983	1689.14819	1565.67139	335.94489	1086.04846	1485.38513	-199.17894	1129.84827	1662.00293	372.71597	845.40948	1452.37451	-215.90239	922.94110	1805.96875				-1.11130	1026.61902	1697.87378	86.44080	933.31580	1453.26514	218.54724	495.68222	1755.99915	-18.98635	526.17010	1534.66626	230.92232	213.42369	1931.22803	14.54881	195.64159	1323.80969	
347	3.460	48.94962	1476.00940	1800.22791	22.93118	1417.43787	1466.81897	-99.06892	1440.10791	1597.42554	-50.20148	1548.77722	1713.16016	216.40262	1433.45593	1535.48523	173.91016	1591.52136	1677.58093	69.59695	1332.30554	1650.31323	69.61180	1690.52148	1573.68103	335.95230	1086.46826	1500.14087	-199.17146	1130.44812	1669.68115	372.76660	845.39209	1471.49133	-217.86487	924.27448	1816.01379				-2.02742	1027.97546	1707.70911	87.63982	933.22449	1465.04565	218.95274	496.00974	1773.33582	-20.26801	523.98822	1556.32642	220.43021	201.95337	1935.91650	12.42673	203.39439	1343.14880	
348	3.470	48.01477	1479.18237	1810.47827				-98.88264	1441.74658	1605.87646	-51.08059	1551.99854	1722.15271	217.09464	1435.34094	1546.54431	172.97050	1593.92737	1687.83459	69.18972	1334.07336	1660.89307	68.80070	1692.39502	1584.37170	336.41660	1087.41394	1514.58154	-199.57103	1131.62341	1679.57690	372.87033	846.13538	1490.90100	-220.57732	923.05823	1821.67517				-3.21567	1030.05542	1716.95190	90.13805	934.25043	1475.07739	217.54120	495.82602	1792.33960	-21.86546	523.53076	1579.66760	209.84314	189.96442	1939.72302	7.34815	212.78188	1363.18286	
349	3.480	46.20618	1482.31189	1819.94861				-98.76012	1443.25745	1613.96765	-52.23055	1554.43018	1730.27673	218.22026	1436.94128	1558.29468	172.97125	1596.10657	1697.28040	68.98402	1336.16919	1669.95056	69.41425	1693.83191	1591.41821	336.72321	1088.51208	1529.56909	-199.45010	1133.76746	1686.63293	373.18750	846.76294	1511.15625	-220.89241	920.07373	1824.07764				-5.26994	1032.58252	1724.61487	92.66454	936.42090	1484.82996	216.64015	496.02698	1809.04260	-21.84554	521.39282	1601.48083	199.94621	178.24713	1942.65735	4.51729	221.59883	1385.60034	
350	3.490	44.82942	1484.71094	1828.09570				-99.09276	1445.85449	1621.32263	-53.48546	1556.88562	1739.71838	218.60138	1439.37305	1568.51770	171.82292	1598.98071	1708.47925	68.05083	1338.64941	1680.08289	68.81344	1696.38013	1600.72021	336.61697	1090.19629	1544.58362	-200.12943	1136.08179	1693.95093	373.30762	847.80389	1528.60632	-223.13565	922.46564	1832.15271	127.23417	1058.13916	1742.03931	-8.54243	1036.55054	1734.81860	93.60247	938.62750	1495.47986	217.75998	498.19901	1827.10181	-24.60797	523.69568	1625.56506	190.73903	167.18155	1943.54321	3.02478	227.34946	1406.67200	
351	3.500	42.93978	1487.49634	1838.51929				-99.02428	1448.83533	1628.79968	-54.91356	1559.26978	1749.02759	218.65332	1442.10986	1580.52722	170.73009	1602.35620	1719.16833	66.94316	1341.68542	1690.89026	68.00546	1699.50317	1610.29932	335.72369	1092.99402	1558.68677	-200.73756	1139.12793	1700.17029	372.67050	850.20099	1549.10376	-225.44879	922.82800	1834.97717	124.19066	1060.73352	1752.35986	-11.08454	1039.97607	1741.40698	95.52100	941.89490	1505.80981	214.36627	503.11694	1839.67236	-28.65864	523.37903	1648.59570	182.84348	159.16254	1940.66675	-1.99280	235.01460	1429.25732	
352	3.510	41.03121	1490.74390	1847.71375				-100.10210	1452.15796	1636.74304	-56.86555	1561.71704	1757.00513	218.80756	1445.31433	1591.89001	169.45563	1605.59167	1729.92822	65.45445	1344.83936	1700.05017	67.47735	1702.50879	1619.97241	335.46188	1095.68018	1574.27612	-201.10449	1142.04797	1706.11230	372.22638	853.77399	1571.05920	-226.08766	921.98785	1834.73413	120.33379	1064.44690	1763.15381	-14.26149	1043.13330	1748.15967	97.13588	945.93799	1513.81689	213.89934	509.22955	1852.80115	-33.96544	525.06671	1672.02429	176.79248	158.04254	1934.65002	-5.00682	240.84277	1452.25391	
353	3.520	38.33599	1492.80725	1856.34314				-100.99083	1455.80408	1643.40515	-58.06737	1565.29736	1766.49426	218.79823	1449.40271	1604.23999	168.04550	1608.30469	1739.88049	63.11645	1347.81543	1708.82324	66.56402	1705.84290	1629.61487	335.56613	1099.65833	1590.06274	-201.70374	1145.22620	1711.75403	371.57037	857.74359	1591.42346	-228.00484	926.13983	1840.98108	117.38036	1067.53638	1772.69885	-17.85577	1047.28918	1755.78247	98.85880	949.34015	1524.58350	215.05800	513.94623	1863.53894	-38.22723	531.34784	1695.52795	170.73222	162.64838	1928.94580	-7.93425	245.14322	1475.45874	
354	3.530	36.30396	1495.91663	1866.52222				-101.99210	1460.12000	1651.22522	-60.00946	1568.47375	1774.21875	217.91284	1452.41321	1614.77173	166.42380	1611.18176	1748.85144	61.41517	1351.86572	1719.11670	66.20271	1709.34900	1640.02039	334.52417	1103.51880	1605.06506	-201.59352	1148.29065	1716.24097	371.82220	861.97443	1613.20520	-230.44209	928.00842	1842.74268	112.82884	1071.60864	1782.99866	-21.01775	1050.46863	1762.52515	99.86758	953.50946	1533.48853	216.16748	517.81702	1873.82007	-43.74705	535.30829	1716.38782	165.57416	167.13380	1921.98206	-13.20751	250.62990	1499.45435	
355	3.540	33.45737	1498.60852	1873.78418				-102.68049	1463.84656	1657.11707	-61.57728	1571.77869	1782.90552	218.25449	1456.12488	1627.99023	164.91142	1614.64758	1758.01172	58.95582	1354.94788	1726.36707	65.20087	1713.12549	1650.08289	333.98019	1107.37402	1621.41968	-202.28925	1151.39575	1719.59827	370.12387	866.81128	1633.43677	-231.96364	928.01953	1841.64075	109.37230	1075.22925	1792.63257	-24.71272	1055.06824	1770.63831	100.45928	957.86353	1540.49976	216.74725	521.57013	1884.13440	-49.84938	542.66492	1738.00244	160.38135	172.12762	1915.15771	-13.94428	251.69765	1523.13513	
356	3.550	30.86703	1501.53784	1884.28711				-103.66084	1467.47437	1664.13440	-63.99105	1574.84692	1791.45935	216.88106	1460.28076	1639.23035				56.64935	1359.09412	1736.23706	64.02619	1716.63965	1660.15723	332.22055	1109.86682	1633.01709	-202.95045	1154.21411	1723.48145	369.02667	869.10736	1649.09387	-234.56200	933.48151	1845.64795	105.88960	1079.26282	1801.25391	-27.36380	1058.52039	1777.78528	100.99652	961.69037	1549.93457	216.30205	525.35345	1893.46765	-55.95956	550.27612	1756.44434	154.95242	176.48935	1908.80591	-18.46455	254.78470	1547.57397	
357	3.560	27.35893	1504.01709	1892.30884				-105.25277	1472.38525	1671.65637	-66.62515	1577.85815	1800.95374	160.62271	1622.38037	1781.21033				54.02970	1362.02161	1743.41809	62.68368	1720.30200	1670.54724	331.69211	1114.99792	1650.84509	-202.52301	1157.90356	1722.67383	368.27515	873.80005	1668.74866	-236.51051	933.31433	1843.85278	103.07805	1082.53735	1808.96265	-30.10056	1062.03955	1784.36804	100.78021	965.43304	1557.75842	216.17929	526.63391	1900.01270	-63.01129	559.84052	1776.89783	150.68048	178.66057	1900.39307	-23.13475	255.92415	1571.82739	
358	3.570	24.80396	1507.12415	1901.62964				-106.72968	1475.81360	1678.72461	-68.91660	1580.29919	1807.97192							52.48590	1365.61438	1752.31226	60.77399	1724.25256	1680.53638	331.37747	1119.30286	1666.87878	-203.46410	1161.33533	1725.47278	366.41037	879.13892	1690.93701	-239.47330	939.19141	1848.98633	99.54206	1086.41174	1819.05786	-33.78006	1066.09045	1792.34070	100.73370	969.38513	1566.96936	216.31448	528.33862	1906.45007	-70.83013	568.07275	1792.58203	145.22444	181.32379	1896.08557	-26.34352	256.66367	1594.91711	
359	3.580	21.47599	1509.51404	1909.77490				-108.51879	1479.56763	1687.03076	-71.24194	1583.27258	1817.51892	155.79341	1628.76306	1799.91113				49.46111	1368.88391	1759.83960	58.97628	1727.95007	1690.74170	331.05249	1123.84753	1683.56189	-205.21704	1164.31921	1729.03333	365.15671	884.10724	1711.96741	-243.07472	941.25378	1849.20447	97.11448	1089.30017	1826.20740				98.66383	972.36511	1576.33215	217.60510	531.56262	1915.46655	-78.90043	577.37305	1807.31287	140.45238	183.61130	1892.15076	-32.09089	257.92032	1621.71973	
360	3.590	18.03951	1512.08276	1918.50061				-110.55643	1483.43018	1694.55054	-74.27005	1586.14209	1824.79980	152.88992	1632.24084	1811.82251				46.84978	1372.41370	1770.21069	57.17632	1731.19946	1700.26440	330.17630	1128.72058	1701.53625	-206.83820	1166.97864	1730.91162	363.69049	889.39319	1733.77136	-246.76866	943.34320	1849.93420	94.90464	1092.23901	1834.61267				97.14639	975.03448	1582.40320	216.29384	532.04736	1919.51965	-86.26026	586.66473	1821.77844	135.71965	187.32358	1891.66577	-36.87217	257.65662	1646.78369	
361	3.600	14.96284	1515.30688	1927.94324				-112.72253	1488.02087	1704.16589	-76.91623	1589.10193	1834.05139	150.81490	1635.22534	1821.33411				44.28088	1375.01599	1777.97412	54.81153	1733.95068	1710.71851	330.31622	1132.48267	1716.65356	-208.83076	1170.07007	1733.28430	361.58990	895.03223	1756.43835	-250.63670	945.51288	1850.44141	92.34693	1094.67871	1843.04114				96.01603	977.54681	1590.74890	216.73065	530.68195	1921.44751	-91.85258	594.95172	1830.13770				-42.26196	258.21829	1673.01477	
362	3.610	10.84194	1517.71826	1936.88086				-115.20595	1491.47937	1711.73315	-80.20193	1591.65198	1843.12012	147.32950	1638.03308	1831.40308				41.84944	1378.31604	1788.28369				330.16122	1137.16675	1733.93286	-211.18114	1172.19971	1735.86853	359.78204	900.45007	1778.53577	-255.47882	946.56116	1849.72815	90.46449	1096.85095	1850.88574				94.24077	980.12128	1599.18750	216.20622	529.65021	1923.05432	-99.71027	601.77960	1840.73340				-49.39152	256.22214	1699.04626	
363	3.620	7.23231	1520.51160	1946.72266							-83.48830	1593.25146	1850.42859	144.66956	1640.85681	1841.65491				38.92839	1379.96338	1796.38635				328.98776	1141.95117	1752.66724	-213.65895	1173.90710	1738.83838	357.67282	906.20062	1800.58752	-260.44064	947.28510	1849.35132	87.70844	1098.77527	1859.96301				93.11684	981.93872	1606.28015	215.36584	528.56390	1924.89099	-107.12574	607.48792	1851.04590				-56.82272	254.02336	1725.63245	
364	3.630	3.12547	1523.31421	1956.40112							-86.58433	1595.02161	1859.67920	141.07909	1642.83398	1852.10278				36.58200	1382.11401	1807.10730				327.74646	1145.12354	1769.04980	-216.28026	1175.15308	1741.73901	355.99448	911.51849	1822.52588	-265.47443	947.85358	1848.95337	85.24593	1100.46094	1869.37073				91.18111	983.70605	1613.99023	214.99551	525.28644	1925.18896	-113.90838	611.91418	1861.06262				-63.91689	251.31300	1752.45093	
365	3.640	-1.25250	1525.48865	1965.62903	46.09421	1741.55713	1745.81799				-89.56373	1597.20752	1867.99622	137.82874	1645.24072	1862.21301				34.32469	1382.90906	1814.13269				326.43930	1149.57947	1787.37500	-219.14293	1176.53711	1743.46509	353.65182	916.17200	1844.62976	-270.79337	948.12524	1847.52026	82.95764	1100.88684	1877.23877	-49.99092	1086.50415	1843.77991	90.30724	985.04895	1623.33801	214.47011	523.25690	1926.92139	-119.86730	616.33679	1870.87036				-70.73586	246.15869	1780.71448	
366	3.650	-4.83847	1527.38782	1976.10181	43.70893	1742.16089	1754.94348				-93.06576	1598.18616	1875.60950							31.77989	1384.26636	1824.80664				325.21927	1152.96960	1805.58679	-222.01953	1177.22620	1744.43945	351.13361	921.44098	1867.52698	-276.02579	948.13190	1846.11157	80.71227	1100.99231	1885.75696	-51.53442	1087.27710	1849.67920	88.07010	986.85938	1630.02307	213.49373	521.37891	1927.84802	-125.87029	619.71765	1880.84082				-78.43995	242.63318	1806.75745	
367	3.660	-9.29319	1528.99817	1985.46082	41.27792	1742.31433	1763.54944	130.91409	1647.90796	1883.07214	-96.59100	1598.72595	1884.30249							28.68051	1384.43188	1832.97510				323.82245	1156.07935	1822.52490	-224.75230	1177.47559	1746.43579	349.45905	925.25977	1888.96643	-281.34958	947.50641	1844.62976	77.84647	1100.34070	1894.75342	-53.54525	1086.47241	1855.75244	86.74294	987.72192	1637.13171	213.98068	517.69574	1927.00830	-132.35008	622.59473	1889.02722				-85.54604	237.64638	1833.64246	
368	3.670	-13.56408	1530.35986	1994.68079	38.49906	1742.67639	1772.33459				-99.94012	1599.66870	1894.06262							25.92327	1384.58521	1843.90369				322.01395	1158.64612	1841.20056	-227.75510	1177.58667	1746.96851	346.62500	929.58899	1911.80408	-286.91379	946.74670	1843.19177	75.39816	1099.64514	1902.73340	-55.53149	1085.29797	1863.31824	84.17525	988.39539	1644.14246	212.73056	515.31549	1928.60803	-138.70512	624.58411	1898.64758				-94.36800	231.52589	1860.15112	
369	3.680	-17.62631	1531.35999	2004.90393	35.31998	1742.42102	1781.46741	123.64703	1649.20776	1903.36768	-103.49895	1599.78015	1902.23438	195.48312	1495.16870	1801.66467				23.29861	1383.79944	1851.07092				320.73422	1161.49365	1859.48071	-230.74998	1177.06616	1748.90466	344.77292	933.22687	1932.73291	-292.04196	945.54443	1841.69666	72.44435	1098.11560	1911.53967	-57.96743	1084.35156	1870.49524	82.22915	988.52234	1654.33728	212.60478	511.78525	1927.01917	-144.52869	626.07819	1908.62292				-103.61098	226.00362	1888.24512	
370	3.690	-22.27154	1531.64685	2014.44189	33.04624	1741.95190	1790.72632				-106.98538	1599.11255	1909.79993	192.62170	1494.49109	1811.99951				20.23257	1383.08276	1859.95947				318.69742	1163.40833	1876.24158	-233.70033	1176.52112	1750.33691	342.20367	936.85754	1954.58142	-296.99316	944.36359	1839.55115	69.43488	1096.42078	1919.02454	-60.85551	1083.77893	1877.45752	80.17686	988.39099	1660.24072	211.91946	508.17017	1925.35925	-150.03572	627.33618	1918.73010				-113.26948	220.98808	1917.09778	
371	3.700	-26.99551	1531.83679	2023.23340	30.19074	1740.67053	1799.03845	116.21770	1649.61304	1923.60522	-111.56665	1599.27795	1919.26270	189.72311	1494.18140	1822.69556				16.93990	1381.60596	1870.01978				316.92471	1165.28784	1894.55029	-236.53242	1175.99048	1751.14905	338.72305	940.31537	1977.34351	-302.07675	942.83374	1838.02820	66.68752	1094.99707	1927.23645	-64.01511	1081.66589	1884.72644	78.28719	988.85931	1668.35266	211.04410	505.99921	1923.21838	-154.58154	628.29993	1928.42908				-122.85442	215.17607	1943.62842	
372	3.710	-31.36134	1531.34143	2032.22791	27.07194	1740.51599	1809.39734				-114.63969	1598.47607	1928.15869							13.64085	1379.91394	1877.00586				314.21509	1166.80310	1912.59851	-239.42912	1175.05750	1752.32507	335.43549	943.55865	1998.26440	-306.66721	940.85376	1837.02356	63.52355	1092.42871	1934.95959	-67.21256	1080.94470	1892.38782	76.73959	988.04584	1676.65308	209.60268	502.33829	1921.33325	-158.64224	629.07214	1937.58960				-133.59676	209.34192	1970.40796	
373	3.720	-36.29396	1531.16077	2042.61731	24.02465	1739.44031	1818.28796	108.51215	1648.46814	1943.83679	-118.45437	1597.45581	1936.19995	183.80502	1492.08911	1843.56348				10.38478	1378.27087	1885.97168				311.56003	1168.47327	1929.84460	-241.97112	1174.07166	1755.02686	332.08875	945.92822	2019.25464	-311.06268	938.92743	1835.44275	59.48310	1091.66040	1943.67688	-70.38200	1079.50085	1900.48804	74.90963	988.30273	1684.01941	208.29897	499.70615	1918.56470	-162.16756	628.99310	1944.55493				-145.76889	206.42407	2000.45752	
374	3.730	-40.68429	1529.67920	2051.07593	21.05127	1738.65027	1828.24451	104.28912	1647.49792	1953.84814	-122.88762	1596.63708	1945.18726	179.84935	1491.37695	1855.17273				6.88887	1377.44055	1895.75024				308.92630	1169.24207	1946.60437	-244.54420	1172.86108	1756.35986	328.77991	949.05792	2040.01428	-314.99719	937.29407	1833.80396	56.38484	1089.21667	1951.20972	-73.68499	1077.87024	1907.95056	73.04250	987.25171	1692.53662	206.78113	498.01123	1915.78723	-165.63892	628.86505	1949.24731				-156.05170	201.92346	2025.75525	
375	3.740	-45.65212	1528.71753	2060.03833	17.93351	1737.48474	1837.68506	100.00898	1646.18250	1962.69934	-126.22984	1594.25793	1951.70081	176.30762	1489.29285	1865.16309				3.58350	1374.31421	1903.09998				305.86142	1170.37781	1964.51086	-247.04114	1171.07349	1758.55359	324.84604	951.18463	2060.92944	-319.17822	934.62653	1832.73254	52.88203	1087.41150	1959.85632	-77.30762	1075.86243	1915.67529	71.61673	985.92120	1702.94348	205.51385	494.91843	1911.54004	-169.49637	627.00214	1954.00623				-167.01178	201.28951	2052.50244	
376	3.750	-50.39764	1527.42493	2068.49341	14.79356	1736.64624	1847.21863	96.03151	1645.87000	1973.88306	-130.71426	1593.41797	1960.33362	172.79352	1487.88281	1877.28430				-0.46489	1372.07971	1911.33972				301.89572	1171.23511	1980.89856				321.29236	953.54492	2080.71533	-322.90247	932.76422	1831.04248	48.31806	1086.79089	1969.24341	-81.15161	1074.74817	1923.37671	69.27827	984.78815	1710.40149	203.47440	494.66306	1911.31213	-173.07480	623.29755	1957.55212				-179.06676	201.15431	2079.10254	
377	3.760	-55.19947	1525.69006	2076.73535	11.55946	1735.47583	1856.16870				-134.80920	1592.54858	1968.50354	168.82121	1485.97192	1886.50598				-4.35775	1370.19629	1921.20789				298.33353	1171.99805	1997.28088				318.07089	955.31982	2099.30908	-326.39905	929.97778	1830.29358	44.92563	1084.67224	1977.76855	-84.19936	1072.95203	1930.90186	67.34645	982.50488	1719.45593	202.96068	492.46146	1907.64673	-177.11891	617.29395	1962.45569				-190.80928	201.53986	2103.37280	
378	3.770	-60.48283	1524.72168	2085.13965	8.49626	1734.02051	1864.66980	87.29496	1642.91333	1991.76941	-138.47791	1590.09497	1975.59460	165.39571	1484.18506	1897.55481				-7.96730	1367.93945	1930.51086				294.50928	1172.91528	2013.89844				314.67899	956.85852	2118.34937	-329.87506	927.84253	1829.75049	41.26212	1083.38525	1986.46985	-87.96756	1072.48596	1939.82397	65.16164	980.83502	1728.51477	199.47067	491.32486	1903.62830	-178.72035	609.83020	1964.45276				-202.88762	205.07710	2129.07935	
379	3.780	-65.18672	1523.03931	2092.66968	5.17323	1732.82153	1873.40393	83.29470	1641.72717	2001.26343	-142.98814	1589.73206	1983.63208	161.09174	1481.94421	1907.07336				-12.08288	1365.60706	1938.86023				289.88132	1174.48230	2030.61328				311.08929	958.95148	2136.40527	-333.01523	924.94824	1828.26733	37.40920	1082.62366	1995.65247	-91.18939	1070.47522	1948.27966	62.07189	980.60077	1735.61426	197.84412	492.79330	1903.68042	-179.35286	602.54230	1966.71008				-213.35471	208.04929	2151.28271	
380	3.790	-70.30939	1522.17712	2100.32617	1.80030	1731.55457	1881.29529	78.85682	1640.59094	2010.31250	-147.07005	1588.61475	1990.87097	156.76575	1480.28992	1917.60889				-17.04693	1363.64612	1947.94653				285.61682	1174.99512	2045.69153				307.39334	961.02686	2154.46118	-336.19156	922.69781	1828.18152	33.86685	1081.38538	2004.00684	-95.07339	1068.64832	1957.04138	60.12523	977.89667	1746.52161	-257.64178	1162.60193	1772.57239	-180.44620	596.27814	1968.62170				-223.87866	212.87904	2169.95190	
381	3.800	-75.31166	1521.03088	2108.28589	-1.79886	1730.34009	1888.90015	74.64961	1639.52185	2018.13818	-151.34348	1587.79675	1997.62952	152.52061	1478.38855	1927.96387				-20.88830	1361.17102	1956.86816				280.89139	1175.45300	2060.42163				303.44254	962.73767	2172.07397	-338.78635	919.90436	1826.04492	29.69232	1079.67407	2012.99829	-99.58270	1067.64258	1965.70642	57.26983	975.96973	1755.37427	-259.89835	1160.69897	1776.43848	-181.13921	590.39441	1971.99231				-233.53331	218.37146	2186.08813	
382	3.810	-80.41460	1521.13501	2115.94434	-5.66198	1729.27283	1896.50366	69.97153	1638.58765	2025.85999	-155.96541	1587.43860	2004.74939	148.03734	1475.97437	1936.73267				-25.03427	1359.30774	1967.06665				275.83246	1175.71057	2073.74414				299.59244	964.21204	2188.03101	-341.89648	917.82422	1826.36169	24.92858	1077.96228	2023.42639	-103.09406	1065.54590	1973.55945	53.90934	975.08417	1764.16736	-262.10333	1158.97656	1780.58948	-179.10878	585.81165	1971.67151				-244.54317	225.76480	2201.58325	
383	3.820	-85.76238	1521.08411	2123.45264	-8.76483	1727.90894	1902.91577	65.22552	1638.21228	2034.16467	-159.90924	1586.66980	2011.29456	143.70303	1473.92700	1946.02136				-29.80557	1357.63220	1976.76013				270.60666	1176.08435	2087.09521				295.53909	966.59277	2205.02905	-343.99420	914.70648	1825.89343	20.63474	1075.76172	2032.59326	-107.53862	1063.30957	1983.04126	50.87943	973.43073	1772.57251				-178.05446	581.36450	1974.90491				-255.21031	233.34872	2215.22168	
384	3.830	-91.83493	1522.60669	2132.03320	-12.58261	1726.30017	1909.37463	60.61927	1637.53564	2041.47607	-164.58916	1585.99243	2017.97034	138.84991	1472.07983	1956.35974				-34.86333	1355.95520	1985.93909				265.42355	1176.96057	2101.66064				291.69177	967.65790	2220.61694	-346.68115	912.42871	1826.42578	15.33889	1074.09802	2042.86060	-112.44601	1061.79321	1992.46692	47.60749	971.06018	1782.73792	-267.30453	1155.53699	1789.93066	-176.29893	577.80573	1979.74194				-264.57825	243.12334	2230.24536	
385	3.840	-97.04672	1523.42578	2139.28345	-16.26457	1723.89648	1913.66553	56.08686	1637.33093	2048.67432	-169.06685	1586.34607	2024.90942	134.06808	1470.44275	1965.80334				-40.28033	1354.41858	1995.28979				259.73035	1176.45081	2114.23413				287.81955	968.97772	2235.01929	-348.60156	909.65460	1825.19592	10.21200	1071.49060	2051.92676	-116.89619	1058.69580	2000.50000	43.82850	970.24347	1792.64319	-270.23395	1153.59656	1795.37012	-174.78943	573.99231	1985.33496				-273.34476	249.23488	2241.67139	
386	3.850	-103.05899	1525.62817	2147.64160	-19.39108	1721.61279	1918.79016	51.11842	1637.17615	2055.94067	-173.92139	1586.46338	2032.25903	128.70364	1468.49146	1975.17432				-45.52338	1353.04504	2004.11084				254.60001	1175.92920	2126.46021				283.27805	970.36536	2249.40283	-351.09399	907.08862	1826.19666	4.47315	1068.26270	2061.35938	-122.21611	1055.31506	2008.95203	39.96336	968.27405	1802.35083	-273.41739	1151.75671	1800.16919	-173.34418	571.03845	1991.91431				-282.51135	254.76761	2252.33545	
387	3.860	-108.64906	1527.90259	2155.40137	-22.77094	1719.90649	1923.84229	46.45872	1636.91809	2062.53345	-178.99849	1587.03931	2038.40784	123.31862	1466.61682	1984.41809				-50.80906	1351.22839	2012.99036				249.43193	1175.21814	2138.10742				278.64737	971.48907	2263.34985	-353.06149	903.92804	1823.69336	-1.23604	1065.93872	2070.91626	-127.88794	1052.15186	2018.01160	35.99445	966.44598	1812.20349	-276.78012	1149.75269	1804.43384	-173.18880	568.88171	2001.01501				-291.61105	259.17383	2263.34888	
388	3.870	-114.72842	1530.55078	2163.50757	-27.48258	1718.18445	1929.85706	41.71435	1636.55249	2069.14453	-184.23309	1587.70142	2044.82166	117.76223	1464.90417	1994.07996				-56.20487	1349.13660	2021.91565				243.93758	1174.43396	2150.01758				273.52740	971.84302	2277.70459	-354.63879	902.13446	1826.36768	-7.38267	1062.32788	2080.10034	-134.06346	1049.19153	2026.60327	31.92878	964.93195	1823.23535	-280.50345	1147.75220	1809.92664	-172.74779	567.47076	2011.42578				-297.89471	262.10883	2274.05957	
389	3.880	-120.41459	1533.07336	2171.12134	-30.63600	1714.90161	1933.74670	36.65793	1636.20227	2075.01440	-189.51657	1588.07764	2051.62085	112.26123	1463.04700	2004.02673				-61.96768	1347.89673	2031.01294				237.78535	1173.86877	2161.75366				267.76566	972.83734	2291.26050	-356.29947	897.89716	1825.94067	-14.13433	1059.64734	2091.30542	-140.37138	1046.45349	2035.89148	28.30120	962.80609	1834.15625	-284.28497	1145.79077	1815.91772	-173.14111	567.00262	2022.18091				-303.06631	264.56900	2284.87476	
390	3.890	-126.85872	1536.35632	2179.50488	-34.88792	1712.73767	1937.42419	31.58097	1636.04382	2081.68506	-195.44119	1589.71082	2059.75781	106.65746	1461.89490	2013.91858				-67.62889	1346.39319	2039.41541				232.07600	1173.51624	2174.09985				262.22720	973.30157	2303.93213	-358.01437	896.31903	1828.03589	-21.01522	1056.98071	2101.10913	-146.61711	1044.93872	2045.69531	24.38154	961.35919	1842.33472	-288.04303	1143.66211	1822.15564	-174.35985	567.04138	2032.38892				-307.98111	266.52765	2296.17896	
391	3.900	-133.19633	1539.28027	2187.30396	-39.62800	1710.62781	1942.41675	26.40812	1635.73291	2087.92725	-200.69963	1590.70789	2065.98926	101.02022	1460.46777	2023.92566				-74.26556	1345.64478	2049.14404				226.35817	1171.97961	2183.73120				256.64999	973.76935	2316.56226	-359.12283	894.43921	1830.87183	-27.31036	1054.32092	2110.15356	-153.29520	1042.91809	2055.68726	19.79762	959.90222	1852.44482	-291.95908	1141.90540	1828.26758	-174.83078	566.35345	2040.82886				-312.36087	268.19312	2305.55078	
392	3.910	-139.60612	1541.76013	2195.07104	-43.52649	1708.72144	1946.20557				-206.27361	1591.37488	2071.78320	94.09159	1459.63147	2035.14026				-80.54865	1343.88416	2057.66187				219.81822	1171.07178	2195.50317				250.85931	972.65448	2327.64575	-360.66470	890.84821	1830.76843	-35.48727	1053.30542	2122.02319	-159.98785	1041.01038	2064.64038	14.73951	957.54877	1863.88855	171.62314	490.91904	1928.19214	-177.15123	565.29388	2048.83276				-316.38757	268.29965	2314.97729	
393	3.920	-145.72380	1544.66687	2201.93530	15.93734	1635.23547	2100.63867				-211.42015	1592.34009	2078.28418	87.85691	1458.74451	2045.18909				-87.38741	1342.17749	2066.82178				213.55951	1170.59326	2207.48193				243.92201	972.17206	2339.21948	-362.52615	889.06775	1833.47571	-41.54393	1051.09167	2131.06152	-167.05843	1040.14368	2074.58618	9.12132	956.23346	1876.45361	-299.80121	1137.97107	1841.09326	-181.98082	564.98297	2058.65796				-320.14944	268.80780	2323.05811	
394	3.930	-152.45624	1547.57568	2209.54956	10.24764	1635.23962	2107.02148				-217.15021	1593.05884	2084.24878	81.31263	1458.26062	2055.66309				-94.19887	1341.76587	2075.91187				207.14973	1169.64124	2218.33447				237.67543	971.49432	2350.11450	-363.66885	887.30713	1838.41663	-49.12784	1050.93604	2142.35205	-173.58609	1039.16760	2084.03955	2.81508	955.10437	1886.47644	-303.88144	1135.77539	1846.31519	164.48175	490.82855	1950.16602				-324.30142	267.26852	2331.17432	
395	3.940	-159.24062	1550.86914	2216.98120	4.82704	1635.32458	2113.08545				-223.69946	1595.58411	2091.45996	75.53989	1458.12061	2064.85059				-101.33752	1341.67749	2086.28833				199.86919	1168.76440	2229.21558				231.49884	970.10718	2360.02808	-364.83102	885.08527	1843.26392	-55.67302	1050.12842	2152.42407	-180.09154	1038.62646	2094.54443	-3.61927	954.83716	1897.38232	160.46288	489.00470	1960.83252							-327.85138	265.58328	2339.32690	
396	3.950	-166.05150	1554.02209	2224.06006	-0.86893	1636.57715	2120.65454				-229.38603	1597.66309	2097.90137	68.68980	1458.67480	2075.30737				-107.85780	1342.52063	2094.50000				192.36618	1168.58972	2239.69434				224.43199	968.27740	2369.31934	-367.20734	883.38562	1847.00354	-62.33615	1050.51807	2162.34473	-186.12146	1038.88904	2103.92505	-9.66376	955.19684	1905.35315	-312.37909	1132.66333	1857.55005	-203.89168	563.11877	2085.32471				-331.13580	263.10483	2346.33740	
397	3.960	-172.99277	1557.76416	2231.54639	-6.94940	1637.77026	2128.43042				-235.57455	1600.68530	2104.50684	62.83283	1459.43823	2084.80762				-114.79598	1343.03833	2103.16333				185.60149	1167.55725	2248.75122				216.57924	966.60449	2377.90552	-369.21475	881.88580	1851.00854	-68.80668	1050.56628	2172.59473	-192.15102	1038.51367	2113.85986	-15.61816	954.70819	1914.52332	-316.39328	1131.59619	1864.60327	-213.34488	563.41724	2095.65039				-334.70621	258.73273	2350.35913	
398	3.970	-179.87358	1561.15625	2238.33447	-12.66677	1639.21167	2134.75537							55.83281	1461.29871	2095.60791				-121.94606	1343.95435	2112.38477				177.51579	1167.42480	2258.88354				209.06935	964.87646	2385.55151	-369.83380	880.51746	1858.42529	-75.27937	1050.68481	2182.66943	-198.38614	1039.27661	2122.94897	-22.09719	955.59460	1926.00305	145.30850	486.20923	1998.65247	-223.72951	565.02502	2106.40991				-337.08740	255.70261	2356.39868	
399	3.980	-186.98663	1564.88477	2245.67383	-18.85007	1640.30505	2141.54004	-247.18288	1606.94641	2116.38867				49.15012	1463.27856	2106.06812				-128.06984	1345.61755	2121.30225				169.68716	1167.06567	2267.41528				201.48248	963.75415	2393.21851	-372.12201	881.35126	1867.03931	-82.01738	1052.18018	2192.41992	-204.80836	1039.31873	2131.48218	-28.16132	956.73798	1935.08838	-323.83713	1131.62988	1876.66162	-235.30957	568.66254	2116.40942				-338.95715	250.32945	2359.67627	
400	3.990	-194.16925	1568.47083	2252.40015	-25.06701	1641.85376	2149.18018	-253.58614	1609.36414	2123.39111				42.19348	1464.79968	2116.60254				-134.60800	1346.86157	2130.12598				161.61697	1166.48523	2275.90918				192.76329	961.86676	2399.47729	-373.59241	881.62744	1873.24622	-88.77195	1053.66260	2202.21484	-210.74182	1040.36670	2138.24512	-33.17722	958.03387	1943.40491	-327.20001	1132.25098	1883.60571	-246.82927	573.26593	2124.81665				-340.57407	245.46724	2362.93652	
401	4.000	-201.28835	1571.93298	2259.58716	-31.01819	1643.66919	2156.99146	-260.20789	1611.98718	2130.34106				35.30400	1467.20190	2127.93677				-142.06189	1348.98462	2138.27612				153.37552	1166.33472	2285.21167				183.82448	960.77716	2406.21069	-375.69534	882.42273	1881.43372	-95.82078	1054.41956	2210.92749	-217.47591	1043.36096	2146.81250	-38.03782	959.10431	1954.22803	127.62845	487.19388	2040.99121	-258.76913	577.88074	2134.39844				-342.35028	240.89401	2365.47754	
402	4.010	-208.33803	1575.28503	2266.18701	-37.00173	1644.50635	2163.87939	-265.85571	1614.08240	2135.97119				28.14400	1469.10034	2138.62085				-148.79488	1350.77283	2146.06079				144.96400	1166.16248	2293.37939				175.37907	958.90399	2411.69165	-378.15076	883.23486	1890.37903	-104.00241	1055.66602	2218.72827	-225.35402	1046.37415	2154.14819	-42.68945	959.09131	1964.42822	119.87320	488.22983	2055.73242	-271.06219	583.04120	2141.84766				-344.49033	235.93570	2369.30591	
403	4.020	-215.09192	1578.52710	2272.79077	-43.06550	1645.04089	2170.11621	-272.25858	1616.66846	2142.63989				21.29258	1471.19592	2149.30371				-155.60199	1352.22205	2154.06885				137.00677	1165.57532	2301.11890				166.29840	956.91431	2417.22217	-380.61169	884.11560	1898.68152	-111.87875	1058.10510	2228.05029	-231.93791	1049.71240	2160.49805				109.55540	488.52448	2071.53638	-283.25150	587.47449	2149.92041				-345.64233	230.29709	2370.11963	
404	4.030	-222.10643	1581.22668	2279.04224	-48.73334	1646.59106	2176.80444	-277.53702	1618.29175	2147.82568				14.49165	1472.84802	2159.60889				-162.35146	1353.73315	2161.24756				128.66006	1165.44336	2310.42773				156.96706	954.76202	2422.07910	-383.41272	885.09369	1907.61475	-120.49588	1059.19470	2235.04468	-239.75529	1053.19714	2166.43140	-339.58926	1135.76648	1909.98999	97.46220	488.13654	2088.16309	-294.82736	590.99896	2157.12964				-347.76770	224.05110	2371.46753	
405	4.040	-228.84036	1584.39282	2285.76392	-54.47282	1648.26501	2184.60254	-283.50452	1621.48706	2153.94214				8.13422	1473.67700	2169.65894				-169.26744	1355.41284	2169.70898				120.42493	1164.41028	2318.03125				147.62505	952.58887	2426.86987	-386.13879	885.61627	1917.22266	-128.17831	1060.88806	2242.24707	-247.25070	1055.18530	2171.62817	-342.08948	1136.85303	1917.04224	85.09872	486.80814	2106.28467	-306.53699	593.43085	2164.13940				-349.09845	216.96808	2370.46533	
406	4.050	-235.58902	1586.71191	2290.74316	-60.05031	1649.38306	2191.84229	-289.22107	1623.24670	2159.77319				1.45146	1475.38721	2179.70288				-175.21075	1356.70752	2175.55176				112.53683	1163.96533	2326.40771				137.89653	949.37061	2431.20801	-388.86194	886.94214	1926.14819	-136.24684	1062.97607	2249.74951	-253.92110	1057.44397	2177.36523	-344.82025	1137.13184	1923.79211	73.24039	485.04874	2122.21582	-318.00534	594.93298	2171.36157				-350.85895	211.61238	2371.35840	
407	4.060	-241.86966	1588.92810	2296.94995	-65.66217	1650.96619	2198.43408	-294.20059	1624.36597	2164.57617				-4.95220	1476.59082	2189.93823				-182.02025	1358.72217	2182.95093				104.50033	1162.96814	2334.42212				127.44158	946.22321	2435.79639	-392.59113	886.89313	1933.62537	-144.49416	1064.64819	2255.85352	-260.86237	1059.38464	2183.19458	-347.12723	1137.73706	1930.81189	61.28661	483.32590	2140.39404	-328.95645	595.96063	2177.95166				-352.73953	205.18509	2369.83936	
408	4.070	-248.69666	1591.28223	2302.37451	-71.24888	1652.38806	2205.25195							-10.57261	1477.38147	2198.76074				-187.52560	1359.82349	2189.62866				96.23073	1161.76880	2342.59497				117.33053	943.34650	2439.95386	-395.16248	888.26202	1944.68213	-151.36694	1066.74670	2263.10522	-267.30081	1059.35803	2186.81812	-349.82709	1138.27344	1937.34363	52.19266	485.38788	2157.95190	-340.73184	595.77582	2187.56982				-354.55658	198.60577	2368.54150	
409	4.080				-76.66298	1654.27966	2211.91968							-16.19859	1478.59326	2207.95679				-193.59512	1361.35693	2195.65161				88.09376	1161.15430	2350.47192				107.47302	939.58209	2443.87817	-398.76819	888.43823	1954.89063	-158.55592	1066.87720	2268.82788	-273.12152	1060.83801	2193.59302				43.00079	487.84128	2176.16235	-350.31882	595.49188	2192.51489				-356.56995	191.54359	2364.93042	
410	4.090	128.96869	189.37642	2034.51526	-82.09492	1656.26721	2219.37085							-21.57937	1479.59045	2216.56665				-199.24611	1363.15979	2202.04028				79.80489	1160.17554	2357.78442				96.74677	935.87299	2447.95776	-402.64975	888.83313	1964.78540	-164.70160	1068.73083	2276.48413	-279.11502	1060.09680	2198.11108	-354.93091	1138.71912	1950.69592	34.47888	491.03116	2196.85938	-359.66034	595.95270	2196.70605				-357.93912	188.97577	2362.38672	
411	4.100	123.88566	194.84375	2051.72095	-87.51891	1658.64624	2226.74463							-26.72078	1480.65283	2224.69507				-204.71126	1364.60474	2208.68188				71.52555	1159.28064	2364.92700				86.00512	932.65479	2450.87183	-405.58301	889.64240	1975.96265	-170.50497	1068.53345	2281.84351	-284.04593	1060.24634	2204.81909				24.83400	491.45032	2216.58984	-368.26926	597.73804	2200.02051				-358.51324	185.25098	2356.74536	
412	4.110	119.16231	202.19756	2072.69336	-92.21365	1660.33606	2232.98804							-32.35889	1482.23364	2233.71924				-209.75545	1365.65515	2214.21631				62.73029	1158.23755	2372.51172				75.04849	929.01892	2453.93018	-409.59641	890.21045	1987.50073	-175.75864	1069.15942	2287.69531	-288.42029	1059.96960	2209.96704	-360.05823	1139.28064	1964.28027	15.92441	491.87860	2235.90527	-375.66971	599.25287	2201.99829				-359.77127	184.97092	2351.02417	
413	4.120	114.38832	207.19250	2092.63379	-97.25497	1661.93164	2239.86792							-37.39559	1483.81580	2241.47388				-214.91844	1367.30798	2220.47778				53.49097	1157.49255	2379.45508				63.62416	926.19470	2457.57593	-413.49905	891.19830	1997.97644	-180.74966	1070.25610	2294.62061	-293.53964	1059.92944	2215.79761				5.82331	492.88565	2257.19434	-382.28568	600.84680	2203.26831				-360.41858	186.26360	2346.25049	
414	4.130	108.49634	211.66119	2110.52710	-102.31238	1663.26392	2246.57520							-42.36836	1484.80774	2249.08716				-219.85391	1368.31006	2226.67334				44.12477	1156.58020	2385.93188				51.77262	922.99493	2459.43188	-416.05933	892.90497	2009.20129	-185.87759	1072.30933	2302.25024	-296.93597	1060.51453	2220.59863	-365.14642	1140.55603	1980.11084	-3.12560	491.99841	2276.29004	-387.36401	602.08105	2203.27148				-360.85043	187.21767	2339.29395	
415	4.140	102.47905	217.24179	2132.10986	-107.30013	1665.24219	2252.87524							-47.68165	1486.37952	2257.60596				-224.58238	1370.04565	2232.09888				35.00024	1155.31042	2391.47314				39.66286	919.84808	2461.97803	-419.88034	894.78912	2020.84802	-190.65268	1074.16016	2308.38696	-300.88858	1062.23523	2225.86377	-366.91089	1141.75610	1988.49768	-13.08278	490.60669	2296.97803	-388.87741	603.30194	2202.30176				-361.39993	188.72133	2336.00464	
416	4.150	95.94106	220.21614	2151.29077	-111.89050	1666.25427	2259.14331							-53.11327	1488.31665	2265.68872				-229.30298	1370.84814	2237.67651				25.90934	1154.28308	2396.08008				26.66195	918.36273	2464.63428	-423.54828	896.61359	2032.36243	-195.25186	1075.92285	2313.91040	-304.77460	1064.44202	2231.99146	-369.17429	1142.92517	1997.33057	-22.53135	489.97354	2316.43677	-389.88382	604.63910	2202.59863				-362.07547	188.02960	2330.10547	
417	4.160	89.49368	224.74736	2172.27759	-116.71896	1668.32031	2265.35889							-58.01301	1489.70691	2273.25098				-233.88556	1372.79346	2242.57422				15.61980	1154.20520	2401.93628				13.43562	916.96619	2466.68311	-426.53589	898.85010	2044.46423	-200.51015	1077.81604	2319.80640	-307.85696	1067.09302	2236.32642	-371.27008	1144.37073	2005.47681	-30.76166	489.47568	2338.44604	-389.75748	605.04803	2202.82227				-362.79987	186.22217	2323.84692	
418	4.170	82.87483	227.09135	2193.11743	-121.14183	1669.72351	2271.23657							-62.87717	1491.38489	2280.66211				-238.55542	1374.06628	2248.18652				6.31765	1153.71313	2406.05933				0.00418	916.14484	2468.22192	-430.05981	901.84637	2056.68359	-205.96832	1080.02307	2326.03589	-312.00812	1069.64270	2240.76489				-40.67580	487.52847	2355.89307	-389.23245	604.95575	2202.53345				-363.78510	184.97041	2318.89404	
419	4.180	73.48940	229.60455	2213.03638	-125.71260	1671.24731	2277.36328							-68.61156	1493.48767	2288.77197				-242.88652	1375.50464	2253.08179				-3.88863	1153.43372	2411.35669				-13.56111	915.41119	2470.60327	-434.05298	904.66455	2068.33447	-210.83292	1082.94055	2332.04150	-316.45468	1072.02991	2244.34814	-374.36191	1147.18274	2022.54712	-50.38831	487.65585	2376.27051	-388.26312	604.33893	2201.10425				-364.87000	182.13707	2313.24341	
420	4.190	64.20589	231.63745	2234.31812	-130.68253	1672.54163	2284.03516							-73.58051	1495.11926	2295.76855				-246.95123	1376.56519	2257.31909				-13.87215	1153.50378	2415.86328				-27.28503	915.84796	2472.48145	-437.40759	907.71320	2080.53760	-216.61194	1084.64612	2337.47803	-319.61948	1074.07678	2247.70630	-376.21289	1148.55566	2032.00940	-59.92719	488.94449	2395.55933	-386.58075	603.29358	2200.05200				-366.10309	179.21915	2307.15527	
421	4.200	55.60775	234.02979	2258.09277	-134.61102	1673.65601	2289.11890							-78.97388	1496.50305	2303.48950				-251.30746	1378.02246	2261.94556				-24.03330	1153.95605	2420.62256				-41.53017	915.22552	2473.65576	-441.31259	910.95673	2091.68506	-222.15094	1087.22205	2342.27661	-323.69162	1076.31946	2251.23193				-73.41782	491.80960	2413.11597	-384.48877	602.13873	2198.53320				-367.73688	176.49536	2302.05664	
422	4.210	45.05420	235.28568	2280.53223	-139.65434	1674.80066	2295.58374							-84.31432	1498.60449	2310.75171				-255.57681	1379.94861	2266.10522				-34.10599	1154.18323	2424.98193				-55.63369	915.28973	2474.58887	-445.73181	914.22522	2103.88965	-227.97765	1088.41943	2347.24902	-327.65347	1077.82141	2253.02856	-380.90955	1152.29028	2048.93115	-88.05322	497.36786	2433.55420	-382.33255	600.68109	2196.61914				-369.33347	174.53593	2296.89429	
423	4.220	35.23438	236.13943	2302.51172	-143.52382	1675.66614	2300.41724							-89.55258	1500.02515	2317.71094				-260.36584	1381.42212	2271.18823				-44.24174	1154.72998	2429.86768				-69.47206	915.72626	2477.06885	-449.41898	917.74518	2115.80396	-233.45743	1089.92932	2351.54370	-331.01801	1079.43213	2256.00537	-385.04800	1155.03430	2057.20044	-101.97996	500.97433	2450.22900	-379.63751	599.40063	2193.74927				-370.99609	172.10454	2290.94360	
424	4.230	23.14411	237.44861	2326.07593	-148.44443	1677.37439	2306.98901							-95.35170	1501.52893	2325.40112				-265.12378	1382.82788	2276.05786				-53.91098	1155.37720	2434.70264				-81.92445	915.16602	2477.15771	-454.09793	920.87775	2127.45264	-239.13570	1090.90356	2354.98291	-334.62305	1079.60071	2257.06128	-389.55014	1158.00989	2064.86279	-115.70220	505.48074	2466.22144	-376.77676	598.02478	2191.89355				-373.18665	170.89488	2283.73706	
425	4.240	9.98992	235.69525	2346.19482	-152.31831	1678.10144	2312.15454							-100.71958	1502.71716	2332.16162				-269.93808	1384.18298	2280.73901				-64.05177	1156.59814	2440.27197				-98.79337	917.16016	2480.80908	-458.36459	923.93445	2139.36401	-244.68394	1092.56506	2359.44385	-338.27890	1080.76416	2259.77539	-393.82196	1159.97205	2072.07544	-129.86868	509.79678	2481.25757	-373.60718	597.09015	2189.11450				-373.46747	169.92720	2277.08276	
426	4.250	-2.76664	235.22125	2368.86523	-156.78233	1678.91431	2317.56079							-106.57419	1504.21326	2339.59399				-274.79114	1385.55298	2285.78662				-73.36597	1157.00415	2445.69165				-112.41317	918.54395	2483.00854	-462.80014	927.06635	2150.84814	-250.46077	1092.71094	2362.88208	-341.80841	1081.13855	2261.12280	-398.36670	1161.63525	2079.68921	-144.28386	515.14984	2494.99390	-369.22684	596.01257	2183.67676				-374.19235	168.20450	2273.04663	
427	4.260	-14.75628	233.51016	2390.92969	-161.05032	1679.84583	2322.83081							-111.88653	1505.12329	2346.04761				-279.28516	1386.51660	2289.33789				-83.21520	1158.15454	2451.85889				-126.49091	920.15210	2486.54053	-467.96152	930.66730	2160.81104	-256.04099	1093.81116	2366.43408	-345.39960	1082.06287	2264.47339	-402.80661	1162.96448	2085.53320	-158.81473	520.74774	2507.73755	-365.45245	594.43951	2181.87939				-375.65704	166.78206	2273.07495	
428	4.270	-27.78416	232.53734	2415.00073	-165.60570	1680.57825	2328.18433							-118.09871	1506.32361	2353.55347				-283.34604	1386.96667	2292.47852				-93.34698	1159.01746	2458.17310				-141.05382	922.38861	2489.96289	-471.90475	933.73938	2169.79883	-261.30740	1093.95520	2370.69287	-348.16669	1081.62634	2266.12183	-407.39853	1164.65405	2091.00269	-173.04745	525.78442	2518.92041	-361.25714	592.74579	2179.74487				-375.38086	166.13185	2271.01880	
429	4.280	-40.98537	229.60562	2437.26123	-170.09909	1681.18262	2333.91626							-123.38712	1506.71704	2359.85303				-288.00101	1387.74414	2296.52490				-102.91166	1159.67407	2464.22339				-154.79852	925.68793	2494.61890	-476.55154	936.24493	2180.08984	-266.58389	1094.16150	2374.67578	-351.29309	1082.00098	2268.17212	-411.54898	1165.93359	2096.07739	-187.40659	530.29785	2529.46460	-357.04840	591.42389	2177.71582				-374.87579	164.36674	2269.55396	
430	4.290	-55.50900	226.38774	2459.72876	-174.54861	1682.01086	2339.31226							-129.90848	1508.03125	2367.50732				-292.36859	1388.16345	2299.73828				-112.51237	1161.19226	2471.14673				-168.01857	928.08008	2499.46191				-271.46432	1094.76917	2378.50952	-353.68222	1081.36877	2270.52246	-414.30005	1167.67651	2100.69385	-201.96550	533.92358	2539.65625	-352.69116	590.26166	2175.79443				-374.02054	163.24974	2269.21875	
431	4.300	-70.46005	222.65244	2482.74658	-178.96826	1682.53357	2345.12524							-135.47194	1508.23340	2373.69971				-296.20135	1388.13843	2302.80713				-121.48994	1161.93604	2477.60107				-180.66507	931.99036	2505.83911				-276.62982	1094.71045	2382.19409	-355.88339	1081.39819	2272.65283	-417.87256	1169.63074	2106.04346	-215.59531	536.53479	2548.03076	-347.66083	589.78638	2173.68408				-372.71365	162.72034	2269.04004	
432	4.310	-85.96564	218.29271	2504.32739	-183.33067	1683.03748	2350.30933							-142.10976	1509.27917	2380.89868				-300.99258	1388.68042	2306.80322				-130.49533	1162.93579	2484.74561				-192.45729	934.24854	2512.22632				-281.04199	1093.97559	2385.49927				-419.90891	1171.20117	2109.83618	-229.05917	538.49066	2556.53638	-342.72440	589.30676	2172.17310				-371.05078	163.07639	2269.05933	
433	4.320	-102.04689	213.08847	2523.92334	-188.02026	1682.84924	2355.71802							-148.83032	1510.20837	2388.17480										-139.39671	1164.19946	2491.57617				-204.39534	938.27863	2520.80322				-286.24762	1094.09778	2388.53418				-422.65112	1172.85339	2114.31030	-241.63464	539.68585	2563.91162	-337.70886	588.69128	2171.08057				-368.62894	163.56674	2265.63818	
434	4.330	-119.14436	208.95837	2544.09546	-192.25238	1682.83374	2359.81714							-155.12993	1510.62964	2394.56738										-148.70682	1166.00146	2499.02100										-291.26645	1094.15015	2392.46582				-424.01105	1174.01257	2117.29370	-253.50354	541.31775	2570.18115	-332.57040	588.43817	2170.31982				-367.30423	164.80730	2265.02856	
435	4.340	-135.48723	203.73343	2562.76099	-196.81641	1683.07068	2365.84497							-161.77422	1511.08972	2400.71021										-157.69420	1167.51501	2506.57178										-296.83853	1094.28406	2395.79150				-426.28030	1174.69971	2120.52905	-264.31848	542.96747	2575.57153	-327.09146	588.30060	2172.88330				-365.03159	165.72054	2265.01587	
436	4.350	-151.75835	198.57730	2580.02124	-201.42696	1682.97241	2371.71143							-168.70709	1511.90979	2407.85132										-166.24298	1169.27417	2515.10303										-302.32990	1094.35388	2399.45386				-428.35248	1175.47290	2123.95117	-273.95895	543.83459	2579.78027	-322.31366	588.53760	2172.82251				-363.05185	166.40454	2264.95386	
437	4.360	-169.06105	195.46231	2596.89990	-206.32640	1682.90747	2376.83960							-175.75270	1512.18726	2413.84985										-175.63905	1171.54810	2523.37573										-307.52658	1094.53760	2402.30835				-429.25012	1175.91064	2126.29004	-282.33749	543.78119	2583.12451	-317.32996	587.87115	2175.04883				-361.28439	166.73003	2264.93164	
438	4.370	-186.10645	192.82079	2613.18384										-182.77760	1512.89612	2420.52759										-183.76923	1173.42932	2532.59277										-313.31778	1093.60791	2404.93359				-430.14651	1176.34692	2128.42114	-289.03082	542.03973	2585.71411	-313.34061	589.14301	2177.55225				-358.22235	166.91014	2264.17432	
439	4.380	-202.29942	190.42296	2628.10107										-189.59122	1512.76233	2426.56177										-192.90013	1174.63062	2540.69971										-319.48065	1094.06018	2407.05127				-431.06686	1176.72620	2130.26953	-294.32928	539.91840	2587.91821	-309.21481	589.13129	2180.86401				-356.64713	167.53925	2263.59448	
440	4.390	-218.75493	189.31638	2643.49390										-196.93698	1512.98389	2432.82666										-201.96593	1177.06970	2550.52588										-325.38916	1093.51453	2409.58447				-431.00171	1177.14429	2131.94385	-298.77655	536.88177	2589.82202	-305.08258	588.89111	2184.14282				-354.21466	166.87804	2262.82007	
441	4.400	-234.40134	186.66467	2658.46851										-204.18883	1513.60510	2439.41504										-210.45683	1177.92188	2558.39014										-331.62439	1092.68176	2412.05640				-430.47583	1177.58606	2133.52075	-301.98868	533.88739	2591.70825	-301.40521	588.39679	2186.73071				-351.85809	166.15199	2262.78662	
442	4.410													-211.72093	1513.96094	2445.20410										-219.55501	1179.07092	2567.17236										-337.67874	1092.88354	2414.03833				-429.57813	1177.77686	2135.15625	-304.40298	530.71399	2593.46704	-298.80783	589.23334	2188.18970				-350.33502	165.52637	2262.14746	
443	4.420													-219.04591	1513.91113	2451.37476										-228.36090	1180.24097	2575.94312										-343.77066	1091.73511	2416.21680				-428.93259	1177.90356	2136.13110	-305.70728	527.19666	2594.16626	-295.42883	588.61243	2191.39429				-347.12262	164.99120	2261.98608	
444	4.430													-226.38245	1513.93445	2458.08911										-237.89482	1181.09631	2583.93872																-427.32007	1177.79163	2138.67041	-307.20221	524.41058	2596.19385	-292.43515	588.13843	2196.13379				-345.65378	164.45616	2261.87817	
445	4.440																									-247.31490	1181.13904	2591.87988																			-307.51996	520.95343	2597.39429	-289.96161	588.09875	2200.31519				-344.56534	163.91425	2261.30103	
446	4.450																									-256.83252	1181.49500	2599.86035																			-307.10989	517.12079	2598.57300	-289.04935	590.05243	2200.67310				-341.44504	163.36368	2260.50586	
447	4.460																																														-307.05188	514.32806	2600.40015	-286.76266	588.75781	2208.48071				-339.96921	162.03162	2260.06616	
448	4.470																																														-307.12494	512.00592	2602.70532	-284.71445	587.47583	2216.56641				-337.62390	161.32242	2258.84155	
449	4.480																																														-307.54440	513.84534	2607.48657	-283.50867	588.75848	2214.88892				-335.00961	160.93097	2257.81885	
450	4.490																																														-309.75061	516.42029	2614.33984	-282.30045	587.99231	2221.22095				-333.09970	160.71362	2257.89771	
451	4.500																																														-313.02032	516.74554	2621.63892	-281.76239	588.75928	2220.45898				-329.56226	160.51950	2257.07275	
452	4.510																																														-317.08557	515.96936	2629.63574							-326.58514	158.51913	2260.90552	
453	4.520																																														-321.18927	515.54572	2637.93970							-323.11887	158.44299	2260.02051	
454	4.530																																														-324.81192	515.16150	2645.02173							-322.54959	159.46362	2258.84424	
455	4.540																																														-328.81122	515.12335	2652.22192							-319.37381	158.79166	2258.26318	
456	4.550																																														-333.46042	515.86493	2659.18701										
457	4.560																																														-337.37601	514.80450	2664.78296										
458	4.570																																														-341.84262	514.42133	2670.73096										
459	4.580																																														-346.10291	513.76013	2676.76025										
460	4.590																																														-349.64645	512.27673	2682.05151										
461	4.600																																														-353.58438	511.46439	2687.48560										
462	4.610																																														-357.54962	511.51474	2692.80811										
463	4.620																																														-360.58743	510.49249	2696.53882										
464	4.630																																														-364.29355	511.58881	2701.12183										
465	4.640																																														-367.52277	511.75052	2704.62720										
466	4.650																																														-370.52975	512.84833	2707.66260										
467	4.660																																														-373.76205	515.12732	2711.25317										
468	4.670																																														-376.90967	517.14130	2715.29956										
469	4.680																																														-379.70190	518.71686	2718.65649										
470	4.690																																														-384.21027	521.62793	2722.20215										
471	4.700																																														-389.27118	522.68542	2725.91699										
472	4.710																																														-394.93463	523.50604	2728.79297										
