"Frame","Time","Headset_Front_X","Headset_Front_Y","Headset_Front_Z","Headset_Back_X","Headset_Back_Y","Headset_Back_Z","Headset_Left_X","Headset_Left_Y","Headset_Left_Z","Headset_Right_X","Headset_Right_Y","Headset_Right_Z","Left_Shoulder_X","Left_Shoulder_Y","Left_Shoulder_Z","Right_Shoulder_X","Right_Shoulder_Y","Right_Shoulder_Z","Sternum_X","Sternum_Y","Sternum_Z","C7_X","C7_Y","C7_Z","Left.Elbow_X","Left.Elbow_Y","Left.Elbow_Z","Right.Elbow_X","Right.Elbow_Y","Right.Elbow_Z","Left.Wrist_X","Left.Wrist_Y","Left.Wrist_Z","Right.Wrist_X","Right.Wrist_Y","Right.Wrist_Z","Left.ASIS_X","Left.ASIS_Y","Left.ASIS_Z","Right.ASIS_X","Right.ASIS_Y","Right.ASIS_Z","S2_X","S2_Y","S2_Z","Left.Knee_X","Left.Knee_Y","Left.Knee_Z","Right.Knee_X","Right.Knee_Y","Right.Knee_Z","Left.Ankle_X","Left.Ankle_Y","Left.Ankle_Z","Right.Ankle_X","Right.Ankle_Y","Right.Ankle_Z"
1,0,-322.46811,1331.87036,-1186.82739,-379.58163,137.65851,9.07764,NA,NA,NA,NA,NA,NA,-59.84917,1230.63904,-1397.48279,-439.57843,1230.59717,-1438.67297,NA,NA,NA,NA,NA,NA,23.26245,912.93744,-1445.29346,-515.75525,966.8595,-1519.61938,24.49432,705.36365,-1365.67737,NA,NA,NA,-184.10176,838.65515,-1291.42615,-382.19183,844.01941,-1322.52588,-220.22961,865.39948,-1609.28113,-90.47672,408.19073,-1447.33044,-474.1853,450.75146,-1346.18567,-97.78963,51.35295,-1540.57361,NA,NA,NA
2,0.01,-327.2229,1331.30164,-1183.16089,-259.0838,235.28191,80.4353,NA,NA,NA,NA,NA,NA,-63.01681,1230.3125,-1392.25037,-442.56403,1230.63,-1436.94885,NA,NA,NA,NA,NA,NA,21.40091,913.33398,-1441.297,-517.46326,966.41229,-1517.79041,22.13405,704.45026,-1360.5105,-570.84503,724.7124,-1445.36108,-187.08057,838.88281,-1283.41223,-383.95117,842.23944,-1323.07971,-221.80911,865.30835,-1606.08765,-90.93336,408.06961,-1444.54272,-479.12396,450.12625,-1345.01843,-97.72984,51.50375,-1540.18982,NA,NA,NA
3,0.02,-331.02039,1329.81201,-1178.4126,-574.10352,724.72174,-1447.34058,NA,NA,NA,NA,NA,NA,-65.61258,1229.13782,-1384.95386,-445.27795,1229.83447,-1433.61145,NA,NA,NA,NA,NA,NA,19.34478,912.19495,-1434.51477,NA,NA,NA,19.10657,703.95013,-1354.85889,-259.0838,235.28191,80.4353,-190.45795,838.43121,-1276.2832,-386.54892,840.6601,-1321.12549,-223.46187,865.01776,-1602.66174,-92.20881,407.17859,-1441.68164,-483.89017,449.70831,-1343.70618,-97.86396,51.80915,-1539.6781,NA,NA,NA
4,0.03,-334.72278,1328.48413,-1173.64807,-244.59386,242.97012,71.18593,NA,NA,NA,NA,NA,NA,-68.64017,1229.1991,-1380.67908,-448.07269,1228.23853,-1428.34473,NA,NA,NA,NA,NA,NA,17.28139,912.11102,-1429.23096,NA,NA,NA,16.9438,704.1568,-1350.66504,-380.19879,137.00786,9.55641,-192.25751,837.79724,-1273.43555,-390.05396,840.88757,-1314.90503,-225.14035,864.85577,-1598.70313,-92.82783,407.20972,-1439.46521,-488.14932,450.04996,-1338.52832,-97.89011,51.95313,-1539.39832,NA,NA,NA
5,0.04,-339.37692,1327.94104,-1168.84326,-580.10315,722.61108,-1447.13599,NA,NA,NA,NA,NA,NA,-71.36116,1227.60034,-1372.47046,-450.90936,1226.65369,-1423.09436,NA,NA,NA,NA,NA,NA,14.73339,912.16956,-1424.48608,NA,NA,NA,12.8209,702.84326,-1342.77136,-380.03549,136.77846,9.56842,-196.74971,835.56879,-1271.13464,-393.2352,839.08594,-1312.46362,-227.14862,864.68549,-1595.38623,-94.59957,407.36719,-1436.50061,-493.50568,448.50351,-1340.37146,-97.71757,51.93827,-1539.25061,NA,NA,NA
6,0.05,-343.36288,1325.95447,-1164.38293,-524.91498,962.71381,-1505.90735,NA,NA,NA,NA,NA,NA,-75.28397,1227.82983,-1368.54602,-453.93115,1225.92664,-1419.80334,NA,NA,NA,NA,NA,NA,10.35664,911.30249,-1415.55017,NA,NA,NA,10.24039,702.40417,-1337.05664,-379.58163,137.65851,9.07764,-200.55959,834.69196,-1266.69312,-396.26804,837.34265,-1309.25171,-229.21445,864.25232,-1591.24463,-95.97415,407.21219,-1434.04297,-498.74008,452.61823,-1326.38184,-97.74353,52.2863,-1538.53564,NA,NA,NA
7,0.06,-347.43353,1325.06152,-1159.44165,NA,NA,NA,NA,NA,NA,NA,NA,NA,-78.53705,1226.84485,-1361.98206,-457.02039,1224.08154,-1414.08826,NA,NA,NA,NA,NA,NA,8.86065,911.23523,-1412.01538,NA,NA,NA,8.00281,702.34637,-1333.01746,-379.58163,137.65851,9.07764,-203.25829,833.18121,-1262.31519,NA,NA,NA,-231.44037,863.24408,-1586.3772,-97.20228,406.65698,-1431.27075,-504.29282,450.13989,-1328.97803,-97.76955,52.63447,-1537.82056,NA,NA,NA
8,0.07,-352.65323,1324.20166,-1154.47107,-530.24091,962.18701,-1502.73352,NA,NA,NA,NA,NA,NA,-82.17572,1226.37,-1356.50806,-461.30466,1224.1438,-1411.9375,NA,NA,NA,NA,NA,NA,6.46074,910.72491,-1406.06238,NA,NA,NA,5.76953,702.10535,-1326.93677,-379.58163,137.65851,9.07764,-205.93639,833.75531,-1254.51074,-402.62674,835.58429,-1302.46094,-233.83595,862.89948,-1582.31775,-98.68656,406.1134,-1427.00574,-509.15808,451.32217,-1317.4718,-97.80399,52.78517,-1537.53528,NA,NA,NA
9,0.08,-357.67093,1322.8949,-1148.46179,-572.79584,1.09131,304.49548,NA,NA,NA,NA,NA,NA,-86.40826,1226.59143,-1352.61816,-464.5015,1221.75867,-1405.0957,-427.06628,1368.04431,-1269.98242,NA,NA,NA,3.28733,910.30414,-1400.20154,NA,NA,NA,2.52554,701.69073,-1320.64722,-379.58163,137.65851,9.07764,-209.74986,831.19641,-1253.22559,-406.04977,833.88751,-1299.72705,-236.43518,862.52856,-1577.99292,-101.17213,405.57526,-1423.90283,-514.44061,449.34695,-1322.90149,-98.03817,53.24595,-1536.79773,NA,NA,NA
10,0.09,-362.69009,1321.89758,-1144.03992,-577.06226,-0.78099,307.81216,NA,NA,NA,NA,NA,NA,-90.26974,1225.50903,-1345.73047,-467.93396,1221.03516,-1402.20386,-431.65884,1367.92969,-1267.4845,NA,NA,NA,-0.16257,909.81427,-1394.18823,NA,NA,NA,-0.01459,700.10675,-1313.30249,-379.58163,137.65851,9.07764,-214.46428,829.46295,-1249.29614,-409.59616,832.06329,-1294.43262,-239.08807,861.5072,-1572.46704,-104.30729,403.30099,-1427.07764,-517.91199,451.36188,-1315.71399,-98.825,53.32125,-1536.10181,NA,NA,NA
11,0.1,-367.14758,1321.11938,-1138.72888,-601.42468,717.98358,-1447.8678,NA,NA,NA,NA,NA,NA,-94.22434,1224.41858,-1338.90857,-471.82016,1219.51355,-1397.24951,-436.41132,1367.42212,-1263.99744,NA,NA,NA,-3.38927,908.91577,-1387.07422,NA,NA,NA,-3.3987,700.39673,-1308.37427,-379.58163,137.65851,9.07764,-217.95543,829.46344,-1240.30359,-413.25739,831.85895,-1289.1062,-242.08669,860.84265,-1567.79907,-104.95425,404.15469,-1416.6908,-523.95538,449.67325,-1310.35229,-98.62896,53.45347,-1535.61609,NA,NA,NA
12,0.11,-372.44846,1319.62488,-1133.11914,-586.15918,-4.86363,314.85953,NA,NA,NA,NA,NA,NA,-98.19625,1222.7948,-1330.68933,-475.87347,1217.41101,-1391.24097,-441.05505,1365.37061,-1256.34705,NA,NA,NA,-7.06605,908.13708,-1380.18518,NA,NA,NA,-7.14639,699.35913,-1301.39624,-379.58163,137.65851,9.07764,-220.30933,827.79956,-1236.56885,-417.85831,829.64105,-1282.23364,-245.19394,860.11786,-1562.77246,-107.19128,403.91656,-1413.1615,-529.22345,448.65448,-1307.18286,-99.04179,54.89278,-1535.42944,NA,NA,NA
13,0.12,-378.15915,1319.60339,-1127.1825,-590.96375,-6.96781,318.58881,NA,NA,NA,NA,NA,NA,-102.97971,1222.35327,-1325.49377,-480.37817,1215.78101,-1385.61987,-446.38043,1364.94971,-1252.4928,NA,NA,NA,-10.9368,907.4986,-1374.08374,NA,NA,NA,-10.27174,698.16528,-1294.95605,-379.58163,137.65851,9.07764,-224.66248,825.97998,-1229.34204,-421.43021,828.85931,-1276.6416,-248.49138,859.17133,-1557.28662,-109.50609,403.63809,-1409.54651,-533.43909,450.99203,-1298.16077,-99.34901,55.21329,-1535.06641,NA,NA,NA
14,0.13,-383.04404,1317.7655,-1121.40186,-595.91077,-9.26932,322.39935,NA,NA,NA,NA,NA,NA,-107.34741,1221.28345,-1318.69385,-484.66742,1215.01526,-1382.7876,-450.99033,1363.74817,-1247.06873,NA,NA,NA,-14.54716,906.5946,-1367.09705,NA,NA,NA,-15.31855,697.03198,-1287.32263,NA,NA,NA,-229.19728,824.83704,-1228.62781,-424.58011,825.83337,-1272.64026,-252.02341,858.1778,-1551.79358,-112.13046,402.24448,-1405.58582,-539.4848,448.67249,-1298.06262,-99.41422,57.02363,-1535.62805,NA,NA,NA
15,0.14,-388.84875,1317.58679,-1115.5979,-259.65164,234.67694,80.91065,NA,NA,NA,NA,NA,NA,-112.70745,1220.04431,-1311.0072,-489.29572,1211.95239,-1374.38159,NA,NA,NA,NA,NA,NA,-18.21155,905.92786,-1360.51025,NA,NA,NA,-17.58442,696.93134,-1282.13892,-364.01212,146.06157,-0.23177,-233.4637,823.14398,-1219.30164,-428.14835,824.0719,-1268.04736,-255.68587,856.78339,-1545.43604,-114.65009,402.00449,-1401.79041,-544.33875,449.48813,-1285.99158,-99.54424,57.26842,-1535.2417,NA,NA,NA
16,0.15,-395.66321,1317.36633,-1109.78979,NA,NA,NA,NA,NA,NA,NA,NA,NA,-117.71301,1219.50586,-1305.43787,-494.00656,1209.99341,-1368.76953,NA,NA,NA,NA,NA,NA,-22.83455,904.67017,-1352.31006,NA,NA,NA,-22.17529,695.22528,-1273.94275,NA,NA,NA,-236.80321,822.83191,-1209.93921,-433.34393,823.70978,-1258.54102,-259.62766,855.31067,-1539.10632,-116.60236,401.34995,-1398.79529,-550.74335,447.61005,-1285.42737,-99.46702,57.71918,-1534.19995,NA,NA,NA
17,0.16,-400.08884,1315.91077,-1103.42371,-614.51996,4.26575,314.61655,NA,NA,NA,NA,NA,NA,-122.65194,1218.21692,-1297.69348,-498.75751,1208.53967,-1364.2063,NA,NA,NA,NA,NA,NA,-27.30462,904.13898,-1345.97729,NA,NA,NA,-26.63646,694.73315,-1266.63647,-363.94705,143.39313,-0.83948,-241.62968,820.68903,-1205.29541,-437.29468,821.08044,-1255.3291,-263.81558,854.11597,-1532.87793,-119.91504,400.17899,-1393.08203,-555.62616,446.26358,-1274.9552,-99.73626,58.33013,-1533.17957,NA,NA,NA
18,0.17,-406.24603,1315.33093,-1097.14014,-620.46704,1.56121,319.17688,NA,NA,NA,NA,NA,NA,-128.55121,1217.83887,-1291.81641,-504.00589,1206.35681,-1357.39893,NA,NA,NA,NA,NA,NA,-31.45046,903.42517,-1338.98816,NA,NA,NA,-29.5996,693.8833,-1260.20422,-379.58163,137.65851,9.07764,-246.72002,817.11743,-1202.92224,-440.79913,818.74792,-1251.16858,-268.12186,852.66742,-1526.20911,-122.39803,399.48199,-1390.86682,-559.58997,446.8613,-1268.05176,-100.03007,58.5591,-1533.00012,NA,NA,NA
19,0.18,-411.42136,1314.5061,-1090.9292,-626.61194,-1.26504,323.87921,NA,NA,NA,NA,NA,NA,-133.68311,1215.06238,-1279.7926,-509.44806,1204.58777,-1351.69189,-478.03275,1357.68799,-1216.22888,NA,NA,NA,-36.47351,901.96875,-1329.94885,NA,NA,NA,-34.51501,692.45551,-1253.0332,-379.58163,137.65851,9.07764,-250.94179,818.05798,-1190.92065,-446.59802,817.75018,-1242.10071,-272.72263,851.46466,-1519.66919,-125.68022,400.32004,-1387.41565,-565.55945,442.70337,-1265.62671,-99.08855,61.54802,-1533.80078,NA,NA,NA
20,0.19,-416.73404,1313.4574,-1084.8291,-633.20886,-4.12259,328.95969,NA,NA,NA,NA,NA,NA,-139.58281,1215.14001,-1274.64063,-515.06775,1203.69116,-1347.79395,NA,NA,NA,NA,NA,NA,-41.3148,902.26752,-1324.36157,NA,NA,NA,-38.38939,692.10431,-1246.08789,-380.19879,137.00786,9.55641,-255.84477,815.96082,-1182.5708,-451.20294,815.3656,-1235.49658,-277.50436,850.30225,-1512.74463,-128.67857,400.31296,-1383.34314,-569.90948,443.60513,-1253.74817,-100.01922,63.34641,-1533.66248,NA,NA,NA
21,0.2,-423.46585,1313.24231,-1078.53394,NA,NA,NA,NA,NA,NA,-489.73593,1356.63293,-1205.12207,-145.25903,1213.63916,-1265.45715,-521.05817,1201.67029,-1341.31018,NA,NA,NA,NA,NA,NA,-46.75807,900.79974,-1315.02344,NA,NA,NA,-42.64808,691.76337,-1238.19824,-379.58163,137.65851,9.07764,-262.57434,814.51733,-1177.32605,-456.57071,815.03577,-1226.41797,-282.46698,849.02771,-1505.47241,-131.98949,399.96249,-1379.46814,-575.46051,441.56897,-1249.19507,-99.21234,65.17403,-1534.36157,NA,NA,NA
22,0.21,-429.37009,1313.39709,-1072.03357,NA,NA,NA,NA,NA,NA,-495.31223,1353.99646,-1193.5249,-151.93037,1213.20459,-1257.95764,-526.91052,1200.48511,-1336.45679,NA,NA,NA,NA,NA,NA,-51.9419,900.28857,-1307.77087,NA,NA,NA,-47.11752,691.17828,-1230.02307,-244.59386,242.97012,71.18593,-267.51089,812.80524,-1167.89111,-462.19717,812.61713,-1222.67676,-287.75201,847.43744,-1497.72644,-134.38286,400.66245,-1375.17004,-581.88342,439.3967,-1242.33337,-99.71971,66.22568,-1532.65625,NA,NA,NA
23,0.22,-435.14362,1312.3136,-1064.94238,NA,NA,NA,NA,NA,NA,-501.3067,1355.26733,-1191.85217,-158.12891,1212.13306,-1249.07288,-532.91193,1198.5686,-1328.99634,NA,NA,NA,NA,NA,NA,-58.02444,899.5191,-1298.68237,NA,NA,NA,-52.03665,690.68311,-1222.46484,-380.19879,137.00786,9.55641,-274.01501,812.86212,-1159.27148,-468.4621,811.55957,-1212.85559,-293.29749,846.00842,-1489.99097,-138.74306,400.63806,-1370.77368,-585.36542,437.69189,-1232.2865,-100.06873,69.95745,-1531.84912,NA,NA,NA
24,0.23,-441.90125,1312.90601,-1057.73218,NA,NA,NA,NA,NA,NA,-507.95172,1354.87622,-1186.87988,-165.18842,1212.26892,-1242.90161,-539.44733,1197.70325,-1323.38232,NA,NA,NA,NA,NA,NA,-64.29322,900.08014,-1292.56384,NA,NA,NA,-57.57943,690.73682,-1215.0498,-379.58163,137.65851,9.07764,-279.92972,810.19879,-1150.92712,-474.89249,809.86798,-1208.10999,-299.23483,844.89313,-1482.1051,-143.6454,400.0954,-1364.94458,-591.01276,435.37805,-1227.55371,-101.96407,72.73026,-1530.15356,NA,NA,NA
25,0.24,-448.20941,1312.64282,-1050.18176,NA,NA,NA,NA,NA,NA,-513.28925,1354.61646,-1179.6449,-172.29781,1211.94885,-1235.09729,-546.32819,1195.95764,-1315.13562,NA,NA,NA,NA,NA,NA,-70.72527,899.1134,-1282.91797,NA,NA,NA,-61.86158,690.02881,-1206.06775,-244.59386,242.97012,71.18593,-287.78305,809.591,-1146.31238,-481.64813,809.28973,-1198.98755,-305.40091,844.15662,-1474.5957,-147.72554,400.492,-1359.91504,-596.43152,433.09161,-1221.57678,-102.76012,74.76095,-1528.45911,NA,NA,NA
26,0.25,-455.3891,1314.37329,-1043.05139,NA,NA,NA,NA,NA,NA,-521.29181,1354.87183,-1172.44226,-179.79071,1210.95032,-1225.30847,-552.71771,1195.18237,-1308.97864,NA,NA,NA,NA,NA,NA,-77.50562,899.29102,-1275.62842,NA,NA,NA,-66.96995,691.23907,-1199.67334,-244.59386,242.97012,71.18593,-294.52444,809.60626,-1135.29443,-489.19803,807.65149,-1192.9165,-312.00363,842.90607,-1466.24133,-152.05034,401.1958,-1354.20703,-600.93738,432.97501,-1208.75867,-102.41788,78.70586,-1527.83411,NA,NA,NA
27,0.26,-461.71021,1314.36548,-1034.87976,NA,NA,NA,NA,NA,NA,-527.44568,1354.62756,-1164.81042,-186.68976,1209.44946,-1214.45679,-560.08929,1194.27905,-1302.33154,NA,NA,NA,NA,NA,NA,-84.19253,900.48651,-1270.23975,NA,NA,NA,-72.44172,690.90863,-1193.05249,-380.03549,136.77846,9.56842,-302.40451,808.14453,-1126.54749,-496.91864,807.54816,-1184.54541,-318.89856,841.98541,-1457.65527,-157.23586,400.17245,-1347.14624,-607.35706,428.04846,-1207.46667,-102.04759,82.7475,-1526.97021,NA,NA,NA
28,0.27,-467.64642,1315.9563,-1027.46667,NA,NA,NA,NA,NA,NA,-533.33142,1355.57593,-1157.6825,-194.14066,1209.23962,-1206.43506,-567.01758,1193.00928,-1293.7865,NA,NA,NA,NA,NA,NA,-91.38765,900.60034,-1262.21436,NA,NA,NA,-77.95445,691.38507,-1183.42737,-244.59386,242.97012,71.18593,-309.97488,808.32397,-1119.08899,-504.06137,805.80469,-1177.24622,-326.15671,841.20343,-1449.20715,-162.09877,401.12314,-1340.93616,-611.77313,426.78879,-1197.90283,-104.33806,86.14433,-1523.44507,NA,NA,NA
29,0.28,-475.02301,1316.63354,-1019.72174,NA,NA,NA,NA,NA,NA,-541.1933,1356.26697,-1148.99353,-202.5186,1209.30945,-1198.05359,-574.56781,1193.03162,-1287.61938,NA,NA,NA,NA,NA,NA,-98.85551,900.80933,-1253.95459,NA,NA,NA,-83.69284,692.47321,-1176.04919,-379.58163,137.65851,9.07764,-318.09198,807.68286,-1108.91174,-512.77777,805.90759,-1167.10266,-333.70679,840.2229,-1439.95557,-167.93176,400.57928,-1332.27686,-618.94409,426.62967,-1193.41101,-105.64457,90.28817,-1521.08569,NA,NA,NA
30,0.29,-482.04114,1319.0957,-1011.25256,NA,NA,NA,NA,NA,NA,-548.38336,1358.12585,-1141.81775,-210.11455,1209.29224,-1189.396,-582.32452,1192.44104,-1280.11389,NA,NA,NA,NA,NA,NA,-106.30413,901.36292,-1246.98608,NA,NA,NA,-89.12988,693.56635,-1169.04773,-259.0838,235.28191,80.4353,-327.06146,807.10706,-1102.07727,-521.14551,806.0365,-1160.63489,-341.39178,839.99438,-1431.87891,-173.50336,401.25919,-1324.40698,-625.30786,428.08344,-1178.85547,-105.77946,94.2463,-1517.10132,NA,NA,NA
31,0.3,-488.5235,1320.68274,-1003.58197,NA,NA,NA,NA,NA,NA,-556.01453,1359.23132,-1133.15283,-218.5406,1209.50903,-1180.47241,-589.85388,1192.35303,-1272.13965,NA,NA,NA,NA,NA,NA,-114.02798,902.72491,-1240.83044,NA,NA,NA,-95.60499,694.28638,-1161.75244,-259.0838,235.28191,80.4353,-334.95819,807.84485,-1091.55188,-529.00037,806.14404,-1151.05457,-349.18256,839.72046,-1422.74976,-178.84756,401.24265,-1314.98425,-632.38654,424.73288,-1178.99792,-105.66065,100.03985,-1512.75293,NA,NA,NA
32,0.31,-496.53195,1322.87122,-994.99219,NA,NA,NA,NA,NA,NA,-562.26923,1361.05811,-1125.32813,-226.20329,1209.71521,-1171.07031,-597.48334,1192.16248,-1264.34619,NA,NA,NA,NA,NA,NA,-122.67458,903.74786,-1233.77808,NA,NA,NA,-101.48895,696.37457,-1155.17468,-380.19879,137.00786,9.55641,-343.78873,807.71722,-1084.55005,-537.35046,805.78595,-1143.4342,-356.89178,839.68066,-1413.87146,-183.8091,403.22568,-1305.7981,-638,428.78793,-1163.69849,-106.08305,106.54374,-1508.08508,NA,NA,NA
33,0.32,-501.10089,1324.2948,-985.91064,-460.36832,1090.92847,-1089.96619,NA,NA,NA,-569.73553,1362.74158,-1116.58923,-234.67545,1210.16309,-1161.31091,-605.90344,1192.84106,-1257.21985,-342.03427,1383.00293,-1105.17383,NA,NA,NA,-130.21542,905.57019,-1228.41003,NA,NA,NA,-107.8424,697.17914,-1147.39697,-379.58163,137.65851,9.07764,-352.94885,806.77869,-1074.75281,-545.95093,806.04224,-1138.64185,-364.55753,840.61346,-1405.74902,-188.71141,403.31757,-1296.24463,-646.05359,428.42783,-1163.32446,-108.07246,111.79462,-1500.8158,NA,NA,NA
34,0.33,-508.67816,1327.6814,-979.59222,-470.32648,1092.82483,-1081.63452,NA,NA,NA,-576.45319,1364.66711,-1107.89893,-242.87749,1211.28174,-1152.90039,-613.3512,1192.2915,-1247.07532,-348.98642,1383.698,-1098.76758,NA,NA,NA,-138.68997,907.10205,-1221.62939,NA,NA,NA,-114.60497,698.90326,-1142.22644,-379.58163,137.65851,9.07764,-362.86823,807.2193,-1067.26135,-554.2785,806.29749,-1132.25403,-372.16025,840.94495,-1396.22595,-194.80464,403.40994,-1283.8728,-654.4245,427.55399,-1155.34338,-108.79325,119.27128,-1494.34729,NA,NA,NA
35,0.34,-515.66461,1329.81091,-969.55139,NA,NA,NA,NA,NA,NA,-583.17676,1366.65723,-1099.87463,-251.55609,1213.17749,-1145.83582,-621.28217,1193.16736,-1238.27307,NA,NA,NA,NA,NA,NA,-147.41463,908.90558,-1215.45313,NA,NA,NA,-121.24438,700.67175,-1133.85754,-379.58163,137.65851,9.07764,-372.53131,808.28802,-1058.35681,-563.14191,809.89905,-1118.90137,-379.64014,841.74188,-1387.4585,-200.9865,404.11011,-1269.26685,-660.92383,431.18845,-1144.36292,-110.01241,125.13921,-1486.13672,NA,NA,NA
36,0.35,-522.73303,1332.37561,-961.98346,NA,NA,NA,-363.20551,1384.39478,-1081.75403,-590.53278,1368.44751,-1091.03442,-259.38129,1213.73889,-1135.36523,-629.0899,1194.72766,-1232.00537,NA,NA,NA,NA,NA,NA,-155.62267,910.87653,-1209.4248,NA,NA,NA,-128.45488,702.50146,-1127.83313,-244.59386,242.97012,71.18593,-382.31842,810.42688,-1048.3667,-571.12531,811.11969,-1113.09192,-387.02441,842.9884,-1379.45898,-207.17546,404.70428,-1256.20996,-669.14453,432.88013,-1140.57886,-112.47978,131.20189,-1476.38635,NA,NA,NA
37,0.36,-528.29779,1334.11841,-952.66785,NA,NA,NA,-370.1355,1386.21509,-1077.02393,-596.44684,1370.73279,-1082.6864,-267.07608,1214.29919,-1124.88281,-636.77997,1196.19824,-1223.72522,NA,NA,NA,NA,NA,NA,-163.72792,912.76398,-1203.03723,NA,NA,NA,-135.22025,704.54218,-1122.39697,-379.58163,137.65851,9.07764,-391.29376,811.06293,-1038.67029,-580.15997,812.41254,-1105.2793,-394.32605,843.65356,-1370.10059,-213.77254,403.88901,-1238.70459,-678.06976,431.5174,-1135.09692,-114.54062,138.9119,-1467.0332,NA,NA,NA
38,0.37,-534.4928,1336.1687,-944.96783,NA,NA,NA,-377.49335,1386.6571,-1067.6178,-604.1792,1372.76904,-1074.03943,-274.70187,1216.25012,-1117.89148,-643.98364,1198.27393,-1216.09851,NA,NA,NA,NA,NA,NA,-172.51431,915.59509,-1198.4823,NA,NA,NA,-142.49352,706.5108,-1116.95862,-259.0838,235.28191,80.4353,-400.53094,814.32794,-1028.36316,-589.17206,813.49188,-1100.71436,-401.67264,844.87177,-1361.96985,-220.6311,404.31747,-1224.09143,-686.3595,432.78967,-1127.89099,-118.25872,145.19571,-1455.72119,NA,NA,NA
39,0.38,-542.30835,1338.21582,-936.94464,NA,NA,NA,-383.98297,1388.29993,-1061.66614,-610.47864,1374.94507,-1065.74072,-282.2756,1218.27405,-1111.16101,-652.13416,1199.92395,-1207.2334,NA,NA,NA,NA,NA,NA,-180.0538,917.12048,-1191.17822,NA,NA,NA,-150.05244,707.87769,-1109.49585,-259.0838,235.28191,80.4353,-410.23892,815.20056,-1022.15436,-597.62512,814.59094,-1095.24109,-408.99307,845.48199,-1352.87244,-227.96729,404.57153,-1207.47302,-692.42804,434.94012,-1118.44519,-123.42637,151.45717,-1442.31396,NA,NA,NA
40,0.39,-547.46307,1340.27075,-927.97455,NA,NA,NA,-390.58801,1389.31775,-1053.88391,-617.4931,1377.05835,-1057.24084,-289.69461,1219.75623,-1103.12952,-659.14166,1201.78699,-1199.69263,NA,NA,NA,NA,NA,NA,-188.73196,918.77484,-1183.67834,NA,NA,NA,-157.46741,710.05951,-1103.52942,-380.19879,137.00786,9.55641,-421.36105,815.72534,-1012.51044,-606.09399,816.11566,-1087.86292,-416.12173,846.20728,-1343.93384,-234.77945,403.66199,-1190.37451,-700.58746,433.81946,-1118.23853,-131.43942,156.40099,-1429.20325,NA,NA,NA
41,0.4,-554.28271,1342.71045,-920.37207,NA,NA,NA,-397.00296,1391.35364,-1049.12561,-623.6087,1379.39868,-1048.66772,-296.8147,1221.43457,-1095.875,-666.3208,1203.16003,-1190.00513,-527.0459,1105.07336,-1024.10144,NA,NA,NA,-196.31129,920.23718,-1177.11938,NA,NA,NA,-164.62679,711.42419,-1097.70251,-380.03549,136.77846,9.56842,-431.0896,817.31763,-1005.93781,-615.02539,820.13354,-1078.56177,-423.3078,846.92218,-1334.974,-243.16049,402.60992,-1169.58325,-707.15228,432.75711,-1117.32104,-139.6756,163.40385,-1416.25195,NA,NA,NA
42,0.41,-560.50488,1344.59412,-912.6936,NA,NA,NA,-403.70114,1391.68567,-1038.34875,-629.38159,1381.3064,-1040.59485,-303.61273,1222.54749,-1087.38623,-673.9715,1205.07837,-1181.25806,NA,NA,NA,NA,NA,NA,-204.20717,922.05682,-1170.23376,NA,NA,NA,-172.30353,713.06354,-1090.96265,-379.58163,137.65851,9.07764,-439.76196,819.55505,-998.06738,-624.23572,824.3797,-1062.38184,-430.33914,848.19373,-1327.13867,-250.09441,401.84778,-1151.41992,-711.82343,436.69693,-1101.90991,-148.10732,170.27318,-1401.98669,NA,NA,NA
43,0.42,-565.55786,1346.45056,-903.56628,NA,NA,NA,-409.39331,1393.03101,-1031.09326,-636.5921,1383.72693,-1032.31714,-310.48923,1224.35388,-1080.58801,-681.3009,1207.26563,-1172.71228,NA,NA,NA,NA,NA,NA,-211.70155,923.29553,-1163.71704,NA,NA,NA,-179.58055,714.26038,-1083.2915,-380.19879,137.00786,9.55641,-447.04584,821.64825,-985.60889,-632.69739,826.59784,-1054.8374,-437.2334,849.11829,-1318.56677,-258.55139,402.99902,-1132.91138,-717.80951,436.54944,-1100.08008,-156.88542,177.03754,-1389.16785,NA,NA,NA
44,0.43,-571.12958,1348.68958,-895.28174,NA,NA,NA,-415.6048,1394.83618,-1027.23486,-642.11572,1385.54089,-1023.72626,-316.98514,1225.91016,-1073.54333,-687.3432,1209.31555,-1164.64172,NA,NA,NA,NA,NA,NA,-218.7608,924.24225,-1156.43506,NA,NA,NA,-187.00668,715.67297,-1075.76099,-379.58163,137.65851,9.07764,-456.27545,822.87268,-979.95233,-640.93152,828.41614,-1046.71497,-443.96832,850.17267,-1310.177,-265.59692,402.93121,-1114.45337,-722.29004,431.94421,-1106.97791,-168.52022,182.44104,-1374.73816,NA,NA,NA
45,0.44,-577.84064,1350.41992,-887.46777,NA,NA,NA,-421.63971,1395.84595,-1017.8775,-647.61243,1387.22534,-1014.94806,-323.07748,1227.1366,-1065.45374,-695.09082,1211.37305,-1155.73218,NA,NA,NA,NA,NA,NA,-226.38971,925.3064,-1148.82361,NA,NA,NA,-194.66946,717.14288,-1068.14526,-379.58163,137.65851,9.07764,-464.35834,824.33752,-970.48267,-649.51862,830.61639,-1038.82007,-450.43942,851.33356,-1302.16016,-274.18835,403.35263,-1094.30798,-727.04309,427.04718,-1109.76038,-180.65887,187.54848,-1358.81543,NA,NA,NA
46,0.45,-583.14124,1352.29565,-878.67981,NA,NA,NA,-427.99731,1398.08521,-1011.20618,-653.69904,1389.18433,-1006.42267,-329.66367,1229.09106,-1058.93738,-701.05151,1213.2915,-1146.16992,NA,NA,NA,NA,NA,NA,-233.67796,926.59088,-1142.36804,NA,NA,NA,-201.73254,718.42706,-1060.81323,-379.58163,137.65851,9.07764,-470.27884,825.64594,-962.51123,-656.18011,832.44324,-1030.59949,-456.59335,852.2868,-1294.07959,-282.78006,403.94943,-1076.13037,-730.08447,431.84213,-1095.52979,-191.46107,191.65042,-1345.0813,NA,NA,NA
47,0.46,-588.21887,1354.05652,-870.29309,NA,NA,NA,-433.19443,1399.23206,-1001.49176,-659.8302,1391.51331,-997.8291,-335.59692,1231.2666,-1053.17749,-707.92242,1215.53784,-1137.30652,NA,NA,NA,NA,NA,NA,-240.60469,928.80017,-1137.01917,NA,NA,NA,-209.5433,719.72168,-1053.21216,-380.30191,137.86261,9.3041,-477.5578,826.94934,-955.53735,-663.66827,834.62708,-1022.90784,-462.42676,853.25043,-1285.94604,-291.39001,406.17627,-1060.02905,-732.27936,429.79425,-1093.94873,-202.5451,196.46844,-1329.6355,NA,NA,NA
48,0.47,-593.68378,1356.30908,-862.61072,NA,NA,NA,-438.59357,1401.276,-996.9248,-665.00439,1393.4198,-989.52881,-341.49847,1232.79907,-1046.65198,-714.24127,1217.45447,-1127.95715,NA,NA,NA,NA,NA,NA,-247.67867,928.63538,-1128.34534,NA,NA,NA,-216.28923,720.86975,-1044.95374,NA,NA,NA,-481.18839,829.6377,-944.82855,-671.034,836.68024,-1014.80487,-467.86475,854.93011,-1278.92188,-301.09653,407.25864,-1040.3075,-734.26038,427.28745,-1091.01904,-214.38774,199.83145,-1314.67651,NA,NA,NA
49,0.48,-599.07361,1357.0094,-853.95697,-513.7218,1462.45557,-1127.18152,-444.26053,1402.26587,-986.38489,-670.19788,1395.10803,-980.70831,-347.9964,1234.97278,-1041.47766,-720.48676,1219.39038,-1118.80896,NA,NA,NA,NA,NA,NA,-254.67776,929.71881,-1121.45203,NA,NA,NA,-223.51576,722.10565,-1038.04297,-259.0838,235.28191,80.4353,-487.81705,830.33722,-939.13263,-676.90869,838.6911,-1007.1496,-473.09354,856.71289,-1271.70251,-308.1922,411.78601,-1023.98663,-736.71436,427.17227,-1090.79663,-227.34055,201.73523,-1296.5752,NA,NA,NA
50,0.49,-603.73236,1359.10889,-846.20465,-519.61816,1464.19348,-1119.38574,-450.03253,1404.26904,-979.49335,-676.38306,1397.1803,-972.2771,-353.03265,1236.66931,-1033.11755,-726.10907,1221.16187,-1108.89063,NA,NA,NA,NA,NA,NA,-261.07947,931.24274,-1114.96948,NA,NA,NA,-230.81569,723.33038,-1028.83313,-865.56897,722.90607,-1161.97058,-492.51578,832.07544,-933.1723,-684.10577,841.30566,-999.46832,-478.01038,858.61829,-1263.04907,-317.60959,413.22195,-1006.87714,-738.47156,426.48788,-1090.23254,-239.96609,202.25052,-1280.29065,NA,NA,NA
51,0.5,-608.99738,1360.25879,-836.76489,-525.2453,1466.21985,-1110.94385,-455.26154,1405.8446,-971.19574,-681.24786,1398.61035,-963.19653,-358.45007,1238.95593,-1028.03027,-732.22729,1222.77722,-1099.91064,NA,NA,NA,NA,NA,NA,-268.01523,932.35956,-1108.02246,-804.04865,962.48883,-1190.51282,-237.68008,724.62506,-1020.4021,-873.12134,725.82751,-1149.62842,-496.34326,834.16309,-925.65155,-691.32166,844.65491,-991.57159,-482.56482,862.20972,-1256.70825,-328.40091,414.93771,-991.33765,-739.35291,425.47739,-1089.43689,-253.515,201.37975,-1261.95691,NA,NA,NA
52,0.51,-612.89526,1361.94458,-828.76221,-530.84833,1467.89209,-1102.3053,-460.36951,1407.47034,-963.76935,-686.20605,1400.0365,-954.40356,-363.90503,1240.15112,-1019.53705,-737.79736,1224.37073,-1090.37585,NA,NA,NA,-517.81934,1250.88623,-1164.90784,-274.23151,933.36218,-1100.75952,NA,NA,NA,-244.39592,725.88464,-1012.01575,-881.57581,726.37292,-1132.67847,-500.35458,835.95782,-918.57574,-694.06854,845.58728,-983.34186,-487.24435,864.61719,-1247.8446,-338.75818,417.08044,-975.20697,-741.49231,419.12546,-1097.50745,-268.10913,200.18597,-1244.34521,NA,NA,NA
53,0.52,-617.48718,1362.745,-820.19568,-536.4021,1469.67676,-1094.30042,-464.85965,1408.01892,-956.25586,-690.87872,1401.79993,-945.58618,-368.81967,1242.09143,-1014.37976,-743.51233,1226.31787,-1081.28809,NA,NA,NA,-524.03204,1252.89417,-1157.0271,-280.793,934.55524,-1092.58459,-819.76697,966.49384,-1168.77148,-251.42282,727.82568,-1004.69275,-888.8642,729.12152,-1119.53711,-505.01508,837.67389,-910.51642,-698.44574,846.60114,-975.87,-491.95477,867.5603,-1240.51025,-347.8822,420.49518,-958.60742,-742.85321,418.76636,-1094.50854,-283.08112,196.26691,-1224.16882,NA,NA,NA
54,0.53,-621.10693,1363.29932,-811.27197,-541.82806,1471.28857,-1085.79871,-469.76334,1409.81909,-947.31213,-695.51721,1403.31604,-936.62292,-374.44992,1243.99463,-1008.90503,-749.11163,1228.19836,-1071.41003,NA,NA,NA,-530.25763,1254.41101,-1148.75647,-286.37576,935.65222,-1086.27136,-826.96027,968.10718,-1156.91382,-257.8584,729.50885,-996.73431,-896.36328,731.40686,-1105.56189,-508.5473,839.99249,-905.37457,-702.13208,848.61237,-968.49634,-496.65295,870.5376,-1233.96375,-357.99908,423.36688,-943.15619,-743.17145,418.48553,-1092.73779,-298.22141,194.05609,-1205.24146,NA,NA,NA
55,0.54,-625.24512,1365.35486,-802.75806,-547.14899,1472.58423,-1077.3761,-474.57651,1411.04663,-938.70355,-700.31006,1404.08813,-927.63782,-378.87817,1245.63489,-1000.6875,-754.99701,1229.32178,-1062.2179,NA,NA,NA,-536.40283,1255.93225,-1140.64734,-292.51932,936.82184,-1078.46545,-834.65509,969.11737,-1143.92395,-264.62628,730.76215,-987.96423,-903.96387,732.3576,-1089.16272,-511.76898,840.0882,-898.23016,-705.39795,848.77094,-958.94849,-501.38971,872.15454,-1225.43677,-368.70898,426.59219,-927.07715,-744.45581,418.04379,-1085.81177,-313.51318,188.96425,-1184.66382,NA,NA,NA
56,0.55,-629.00848,1365.73132,-794.28741,-552.45508,1473.83032,-1069.27063,-478.90903,1412.0127,-933.30975,-704.96667,1405.61682,-918.60938,-384.48257,1246.66785,-993.25494,-759.94855,1231.1239,-1053.10059,NA,NA,NA,-542.55542,1257.1355,-1132.82849,-297.63858,938.62115,-1072.27307,-841.90576,969.67212,-1130.12317,-270.84506,731.87573,-980.55426,-910.6651,735.52264,-1076.83423,-516.44556,842.95209,-891.86102,-708.84265,849.68445,-953.17261,-505.93939,874.3739,-1218.44617,-377.9881,430.06613,-912.04651,-745.61731,419.97537,-1078.74634,-330.27765,182.26959,-1163.63184,NA,NA,NA
57,0.56,-632.91693,1366.78223,-785.49207,-557.50885,1475.00769,-1061.15881,-483.43896,1413.12952,-924.93146,-709.48364,1406.99377,-909.50598,-389.49283,1249.00586,-987.53314,-765.25659,1232.28174,-1043.56152,NA,NA,NA,-548.38153,1258.79797,-1125.08167,-303.49982,939.83356,-1064.16418,-848.59998,971.85718,-1119.94702,-276.95853,733.40228,-972.75183,-918.10913,735.78723,-1059.21326,-518.79089,843.47675,-884.89124,-711.76788,848.58258,-944.98285,-510.40619,875.84644,-1211.3479,-386.60648,435.39627,-897.11597,-747.25055,420.02737,-1076.17627,-346.51816,176.7744,-1142.87549,NA,NA,NA
58,0.57,-637.04871,1367.84375,-776.89307,-562.55151,1475.6958,-1052.5863,-487.8078,1412.90466,-915.44635,-713.90741,1408.06165,-900.31689,-394.40167,1249.37671,-978.7804,-770.45636,1232.95215,-1034.00537,NA,NA,NA,-554.36273,1259.6543,-1116.98889,-308.30612,940.453,-1056.69556,-855.50726,972.42584,-1106.60132,-282.71793,734.41711,-964.01636,-924.70697,737.31342,-1045.09521,-522.27795,846.10077,-877.09912,-714.47711,848.12195,-937.43182,-514.59625,877.21014,-1204.44226,-396.87027,439.53757,-883.84717,-749.62134,419.04565,-1071.73779,-362.28799,170.21291,-1120.66577,NA,NA,NA
59,0.58,-640.03986,1368.38904,-768.13904,-567.46301,1476.1532,-1044.36609,-492.12869,1413.8678,-908.85663,-717.58374,1408.85339,-891.03784,-399.48669,1250.30554,-971.87256,-775.64337,1233.5885,-1024.04956,-619.6059,1125.99475,-890.23273,-560.19958,1260.45898,-1108.77783,-313.01566,942.18243,-1049.93811,-862.31201,972.18982,-1093.16443,-288.32684,735.68542,-955.90381,-931.42859,738.70868,-1030.52905,-526.00647,845.39709,-869.35132,-717.7984,849.40363,-930.57684,-518.5141,877.41394,-1196.1189,-407.78339,443.00842,-870.13708,-751.69366,418.61993,-1068.61816,-378.70486,162.2919,-1098.05798,NA,NA,NA
60,0.59,-643.81836,1368.91089,-759.23212,-572.25574,1476.30225,-1036.00781,-496.23264,1413.62561,-900.56769,-722.01495,1409.6228,-881.85931,-404.4917,1250.79309,-964.18524,-780.8797,1234.2428,-1014.43109,-624.73419,1127.39526,-882.56366,-565.86633,1261.02161,-1100.35522,-316.83154,943.37463,-1043.95251,-868.8847,973.36121,-1080.63879,-293.46326,736.85455,-948.01984,-937.21576,739.95599,-1015.7005,-529.30011,846.20483,-863.724,-719.21167,848.06488,-922.9812,-521.80762,878.62573,-1189.5697,-417.37637,446.58243,-855.74854,-753.09003,417.9274,-1064.59937,-393.22305,154.7683,-1073.3667,NA,NA,NA
61,0.6,-647.9978,1369.78394,-750.59973,-576.83759,1476.51978,-1027.75232,-499.8371,1413.10974,-892.59497,-725.3559,1409.58301,-872.21826,-409.55237,1252.24414,-957.22278,-785.82623,1234.79248,-1004.73138,-628.4549,1125.8186,-873.7135,-571.53076,1261.19421,-1092.10193,-320.7601,944.17181,-1036.37842,-875.03235,972.84979,-1068.17786,-298.51218,738.02863,-939.63025,-943.66528,740.54053,-1000.64008,-534.35535,847.89758,-856.33954,-721.6557,848.2713,-916.49335,-524.84991,878.77179,-1182.021,-426.30054,450.01083,-844.13428,-754.74268,418.38474,-1060.02112,-407.79474,147.75601,-1049.30078,NA,NA,NA
62,0.61,-649.71277,1369.94006,-741.66882,-581.35645,1476.15576,-1019.22333,-504.12582,1413.54919,-886.11072,-729.35327,1410.62976,-863.22449,-414.23828,1252.59192,-951.73328,-790.12842,1234.10681,-994.49341,NA,NA,NA,-577.18475,1260.94336,-1083.48389,-324.69485,944.94708,-1028.69519,-881.23303,973.46497,-1056.00525,-303.13144,739.30652,-930.40826,-949.55151,741.29834,-985.85681,-538.23346,846.95343,-846.18018,-723.73383,848.33972,-909.67719,-527.40515,878.68652,-1174.14795,-434.59128,454.48581,-831.2901,-755.84943,419.04999,-1058.89868,-420.87924,139.39095,-1023.08356,NA,NA,NA
63,0.62,-651.69922,1370.00305,-732.19226,-585.85626,1475.80615,-1010.66833,-507.92133,1413.39722,-877.68848,-732.54651,1410.52466,-853.57324,-418.66904,1252.60278,-943.6355,-795.21918,1234.38293,-984.72864,NA,NA,NA,-582.58484,1260.93091,-1074.94324,-328.47324,945.98584,-1021.01788,-887.03333,972.78778,-1043.39478,-307.51926,740.2428,-921.36823,-954.6507,740.86584,-970.69012,-540.71008,845.20422,-846.94025,-726.04675,847.84833,-902.86652,-529.62604,878.84906,-1167.11731,-443.3446,457.82303,-818.48608,-754.95764,419.52176,-1056.22644,-434.77902,130.5439,-994.98926,NA,NA,NA
64,0.63,-655.48517,1370.8501,-723.35669,-590.00305,1475.58716,-1002.76892,-511.88403,1413.14099,-869.6944,-736.13861,1411.32312,-844.69958,-423.2612,1252.86243,-936.14209,-799.52826,1233.60266,-974.38586,-640.25482,1127.37744,-846.67615,-587.96259,1260.65625,-1066.76538,-331.94623,946.37836,-1015.21478,-892.56293,972.78986,-1031.29858,-311.62851,741.13721,-912.66431,-960.80579,741.26068,-955.87482,-544.19592,846.78076,-831.49512,-728.67694,846.95782,-895.70374,-531.85767,878.33411,-1159.30151,-451.40021,461.13489,-808.0672,-755.29315,418.66833,-1050.95593,-446.63269,121.83372,-966.05774,NA,NA,NA
65,0.64,-658.05316,1370.07629,-714.18359,-594.14832,1475.04578,-993.89752,-514.57379,1411.55273,-857.75073,-739.55731,1411.47388,-835.19617,-427.72501,1251.875,-927.39581,-803.87109,1232.84534,-963.83331,-645.54498,1125.94922,-838.10699,-593.36414,1259.86035,-1058.27271,-334.07492,946.69293,-1009.41412,-898.42261,972.2597,-1019.08893,-315.35654,741.94336,-903.36768,-966.03522,741.08875,-940.83679,-547.56647,846.33813,-823.46777,-731.34656,846.4585,-888.61267,NA,NA,NA,-459.3642,462.35812,-795.35358,-755.46503,418.4364,-1045.84448,-458.33862,114.26849,-936.80652,NA,NA,NA
66,0.65,-661.87732,1370.89624,-705.7066,-598.2373,1474.50183,-985.52588,-517.87445,1411.67212,-852.29535,-742.99854,1411.72217,-825.83429,-432.22754,1252.44861,-920.67865,-808.10065,1232.25305,-953.67029,NA,NA,NA,-598.5343,1259.27271,-1049.20203,-338.13724,947.15424,-1001.19928,-903.49774,971.9292,-1007.36456,-318.50943,743.12158,-895.37225,-970.06976,740.60278,-926.07721,-552.42267,845.86499,-814.74414,-735.68878,845.65228,-879.09296,-536.28174,877.33618,-1142.49939,-467.49112,464.9007,-784.15125,-755.94653,418.94907,-1043.05518,-468.86484,104.98697,-905.56189,NA,NA,NA
67,0.66,-664.11487,1371.04883,-696.62915,-602.15997,1473.71143,-977.1557,-521.6792,1410.85901,-842.35339,-745.81671,1411.97729,-816.30145,-435.68045,1252.0592,-914.38367,-812.81793,1231.19641,-942.84351,-650.56952,1123.76843,-817.9259,-603.57648,1258.40735,-1039.99329,-342.00583,947.70892,-994.45795,-908.13062,970.5083,-994.41791,-322.37415,743.97418,-885.57123,-973.96362,740.86688,-912.87805,-556.5022,845.05322,-806.28735,-739.78638,840.3822,-884.59747,-538.57996,877.65009,-1135.01953,-474.39828,466.98849,-774.40894,-757.15869,416.77423,-1036.0741,-479.94565,96.02647,-873.23273,NA,NA,NA
68,0.67,-664.74036,1370.70996,-686.69507,-606.00702,1472.82239,-968.67847,-525.01227,1410.51184,-835.16443,-748.38843,1411.0708,-805.90503,-440.08179,1251.71753,-904.66626,-816.85284,1230.47986,-932.27911,-655.12183,1122.25757,-809.33563,-608.31207,1257.92981,-1030.46765,-345.85425,947.45276,-987.51062,-913.15814,970.18414,-983.01556,-325.83105,743.74072,-875.75653,-978.53271,740.23871,-897.86151,-560.63007,843.13495,-798.70654,-743.39288,838.80426,-873.59033,-540.8764,877.60492,-1126.14832,-482.11224,467.52521,-763.11224,-758.41876,415.6445,-1031.53516,-490.68143,88.99409,-839.33209,NA,NA,NA
69,0.68,-667.49591,1370.40149,-677.36542,-609.74011,1471.91907,-959.83002,-527.88916,1409.14673,-825.31622,-751.65289,1411.78821,-796.7077,-444.27286,1251.46521,-898.02734,-820.19574,1229.19116,-921.54205,NA,NA,NA,-613.00903,1257.42932,-1021.82178,-348.05621,947.81677,-981.0625,-917.69128,968.89502,-970.84119,-328.27322,744.76709,-867.86798,-982.73291,739.79938,-884.71613,-562.91516,843.72076,-789.01465,-746.90948,837.84821,-865.21387,-543.26709,877.37915,-1117.40271,-488.42285,468.00739,-753.31104,-759.11407,415.44,-1027.57825,-502.97754,81.78812,-805.92096,NA,NA,NA
70,0.69,-670.40771,1371.05969,-668.33203,-613.42078,1470.73767,-951.16876,-529.89532,1408.41357,-818.77667,-753.89575,1411.02905,-786.74402,-447.83649,1250.72839,-887.99268,-823.96088,1228.23267,-910.7688,NA,NA,NA,-617.36334,1256.82837,-1012.13898,-352.29358,947.93359,-974.63367,-921.3313,968.22412,-958.98529,-330.93561,745.36334,-858.93396,-986.02271,738.97668,-870.45898,-566.41785,842.22278,-780.61182,-751.62628,836.00311,-858.83893,-545.35168,877.77655,-1109.11072,-495.9241,467.90298,-744.86066,-760.24078,413.63727,-1022.34277,-514.33105,77.25327,-773.07739,NA,NA,NA
71,0.7,-671.33234,1370.05664,-658.38635,-617.11841,1469.5564,-942.65491,-533.21759,1407.70618,-810.40942,-756.42529,1410.2583,-776.65686,-451.20407,1250.06836,-880.94489,-827.56622,1226.83618,-900.09839,-663.39966,1118.0813,-780.32751,-621.6507,1255.66321,-1003.01837,-356.51471,948.25018,-966.91882,-924.80157,966.6911,-946.79187,-333.47647,745.82361,-849.7757,-989.40399,738.82373,-856.97449,-569.70221,840.37463,-770.2547,-755.78522,834.74762,-850.80731,-547.25092,878.1228,-1100.59607,-501.68317,466.81906,-734.45789,-760.93201,411.69208,-1016.20337,-524.2207,74.97923,-740.29407,NA,NA,NA
72,0.71,-672.58447,1370.03479,-648.84143,-620.51929,1468.44788,-933.68671,-536.34589,1406.27307,-799.84094,-758.81,1409.53259,-766.28784,-454.69376,1249.24817,-870.922,-831.1709,1225.90979,-889.60803,NA,NA,NA,-625.70074,1254.56226,-993.16455,-359.73251,947.47723,-958.31873,-927.92755,965.07996,-934.78436,-335.42661,745.99963,-840.54211,-992.15814,738.10065,-843.59747,-573.04523,839.91876,-760.28052,-759.11865,833.02661,-842.11371,-549.13568,877.33142,-1090.54956,-507.56186,465.73392,-726.16473,-760.95923,410.55753,-1011.49884,-532.76105,75.72783,-709.52557,NA,NA,NA
73,0.72,-673.11554,1369.25183,-639.16968,-624.0304,1467.0719,-924.71875,-538.19342,1406.1604,-795.50531,-762.39154,1409.23157,-757.10724,-458.57309,1248.92798,-862.48132,-834.29993,1225.06506,-879.80359,-668.74194,1115.57202,-760.18512,-629.50519,1253.31982,-983.32233,-363.24536,947.09583,-951.01324,-931.14325,964.14032,-923.24243,-337.6142,745.5116,-831.29749,-994.56738,736.94,-830.17981,-576.98706,839.34442,-750.89972,-762.77075,833.35028,-830.22815,-550.7536,876.77179,-1080.21863,-512.68604,464.44711,-717.84058,-761.75928,408.20233,-1004.80341,-542.42468,78.16965,-679.11938,NA,NA,NA
74,0.73,-675.66144,1369.46301,-629.81244,-627.3645,1465.8291,-915.90076,-540.76172,1404.19946,-783.56219,-762.87231,1408.35107,-746.24286,-461.79819,1247.25671,-852.24628,-837.57861,1223.76721,-869.36096,-672.32996,1114.00439,-751.33521,-633.04559,1252.31555,-974.34033,-366.35355,947.22296,-944.41705,-933.97791,962.36023,-911.70691,-339.02676,746.37262,-823.64441,-996.44318,736.15222,-817.53534,-582.35809,837.77643,-739.69952,-766.57056,831.05768,-824.58777,-552.64514,875.8407,-1069.28503,-516.88617,462.23273,-708.39075,-762.0285,407.76947,-1000.50952,-551.89026,82.42259,-649.69861,NA,NA,NA
75,0.74,-676.52252,1367.84082,-619.75171,-630.65515,1464.5387,-906.8739,-543.51611,1403.73767,-776.17151,-764.97473,1407.57495,-736.27991,-464.33749,1246.745,-844.3866,-840.35828,1222.22339,-858.72021,-675.80151,1115.06873,-740.74683,-636.14459,1251.23938,-964.35974,-369.90427,945.98645,-935.24945,-936.01703,961.63739,-899.95892,-341.4809,745.55914,-814.20404,-998.69629,735.65967,-805.1452,-585.53564,836.48401,-729.56488,-770.5257,828.82678,-819.13763,-554.13397,875.26031,-1059.04089,-521.18909,459.53522,-699.20874,-762.4079,406.98233,-994.91199,-559.82642,87.92038,-623.36737,NA,NA,NA
76,0.75,-676.76147,1367.80798,-610.01477,-633.75922,1463.27075,-897.58411,-544.9743,1402.24133,-767.33234,-768.37213,1406.65369,-726.78259,-467.65454,1245.94324,-833.92548,-842.97937,1221.34143,-848.35547,NA,NA,NA,-639.05811,1249.78894,-954.85852,-372.00214,945.42395,-927.2063,-938.14343,959.54749,-888.14099,-343.00708,744.84064,-805.21613,-1000.9649,734.39136,-791.48468,-589.56482,836.03137,-719.35736,-774.83844,830.77972,-804.151,-556.03076,874.16467,-1047.50403,-526.17554,457.26318,-689.98639,-763.00171,406.56757,-989.15344,-567.68378,95.76012,-598.19629,NA,NA,NA
77,0.76,-678.05206,1366.89307,-599.72968,-636.80438,1462.06274,-888.42633,-547.06793,1400.80652,-757.04974,-768.13434,1405.31445,-715.23981,-469.96902,1244.44312,-824.28729,-845.16925,1220.39551,-838.88916,-681.08356,1112.12756,-720.12415,-641.65051,1248.32373,-944.6452,-375.29163,943.46503,-915.83948,-940.28754,958.89081,-877.45013,-344.9631,743.55219,-795.40894,-1002.86261,733.59711,-779.19659,-593.19501,835.72186,-709.82867,-777.4342,829.60175,-796.60712,-557.72778,872.64722,-1035.35449,-530.28094,454.49994,-679.87079,-763.59686,405.62473,-981.86096,-574.85718,103.34721,-575.81488,NA,NA,NA
78,0.77,-677.77155,1365.57397,-589.47595,-639.53937,1461.00293,-878.83398,-549.23474,1400.79126,-750.81512,-769.88043,1404.57263,-704.98523,-471.78384,1243.29749,-814.29688,-847.54626,1219.1731,-829.01569,-681.36182,1112.70508,-708.7348,-643.92255,1247.09131,-935.34357,-377.2551,942.65649,-907.17828,-942.13019,956.20398,-866.33905,-346.62836,742.54272,-786.7157,-1003.51813,732.55414,-767.03094,-597.67242,834.26801,-698.38861,-780.76733,829.89008,-782.54224,-559.92303,871.70154,-1023.80841,-534.15326,453.06647,-668.85352,-765.0708,405.7034,-976.43622,-584.8075,108.28765,-556.88086,NA,NA,NA
79,0.78,-680.02509,1365.63843,-580.76959,-642.07098,1460.04895,-869.44409,-550.47693,1398.86023,-739.44727,-771.45026,1403.55054,-694.53119,-474.18079,1242.09497,-805.47595,-849.85388,1218.5907,-819.29993,-685.57593,1110.78027,-700.21674,-645.81982,1245.26013,-924.50024,-379.46741,942.08649,-897.32629,-943.85583,956.2478,-855.72449,-348.06387,741.09344,-777.08386,-1004.51263,731.72211,-755.13556,-601.40662,833.2597,-686.6911,-783.48077,828.43256,-774.68799,-561.94287,869.96832,-1011.47595,-537.99347,450.39813,-657.13019,-766.57318,405.93179,-970.15167,-590.84924,112.60292,-540.35504,NA,NA,NA
80,0.79,-680.05249,1364.97266,-570.56476,-644.35791,1459.52893,-859.70459,-552.47565,1399.08142,-732.81671,-772.17889,1402.69019,-684.17126,-476.11188,1241.05859,-793.82361,-851.90179,1217.73706,-809.72192,-688.0047,1110.38257,-688.63141,-647.586,1243.99414,-915.45837,-381.1843,939.83789,-886.70813,-945.77716,954.29352,-845.30743,-349.30307,739.43408,-767.78284,-1006.0694,730.96118,-742.29694,-604.34546,833.32581,-675.46313,-787.11108,828.45001,-762.59955,-563.87762,868.52881,-998.93054,-540.88196,449.00076,-646.51617,-768.38727,406.03943,-963.6441,-596.31598,114.47264,-525.81836,NA,NA,NA
81,0.8,-680.35352,1364.28918,-560.65723,-646.72638,1458.56482,-850.29651,-553.23096,1397.68762,-722.46765,-773.69031,1402.20972,-674.03821,-477.56174,1239.78711,-783.47943,-853.41064,1216.51929,-800.29095,-689.95624,1110.97766,-677.51123,-648.90363,1242.51953,-904.61383,-384.29874,938.15723,-873.97089,-946.76288,954.0592,-834.87494,-351.00772,737.78656,-757.86353,-1006.52863,730.31384,-730.74738,-608.09015,831.72504,-663.78296,-790.20764,826.91992,-753.20355,-565.41852,867.40027,-986.59747,-543.94,448.82251,-635.06708,-770.76434,406.63885,-957.38892,-599.39832,114.86127,-512.95343,NA,NA,NA
82,0.81,-680.52161,1363.97144,-550.87933,-648.62091,1457.9436,-840.23401,-554.96118,1397.99731,-715.25391,-773.87445,1401.35059,-663.422,-479.23264,1238.66833,-774.3136,-855.35693,1216.74048,-790.92578,NA,NA,NA,-650.05194,1241.00085,-894.07117,-385.65286,938.02771,-865.38428,-948.00806,952.2049,-824.52826,-352.14563,735.91956,-748.53955,-1007.8468,729.76428,-718.86121,-612.63275,830.76923,-650.53168,-794.15564,828.0777,-741.80182,-567.17511,866.39423,-974.63275,-548.32086,447.31314,-622.35449,-773.10071,407.27017,-949.99127,-604.47607,112.70861,-500.88559,NA,NA,NA
83,0.82,-680.31293,1363.24365,-540.15558,-650.51416,1457.29382,-830.95264,-555.4986,1396.78235,-704.1673,-777.0769,1401.32349,-654.10791,-480.15219,1237.29224,-763.21643,-856.46112,1215.40308,-781.07428,-695.97083,1109.30847,-660.76465,-650.93982,1239.86597,-884.08643,-387.52939,935.53387,-852.34546,-949.28839,951.99335,-815.08252,-353.20511,734.10358,-738.75049,-1007.13556,729.43213,-708.10809,-614.72119,831.08087,-639.12091,-797.31354,826.96973,-730.25574,-569.39697,864.70331,-961.87396,-552.36786,445.80521,-609.70496,-775.95117,408.40323,-943.01593,-608.09979,110.33734,-490.36368,NA,NA,NA
84,0.83,-681.56219,1363.59839,-530.67651,-652.11627,1456.66418,-821.17877,-557.02026,1397.26489,-696.1983,-775.49109,1400.26025,-642.36139,-481.12387,1235.87524,-750.22913,-857.73651,1215.49695,-771.28394,NA,NA,NA,-651.58984,1238.77844,-873.43658,-389.49963,933.17285,-840.2652,-949.87238,951.383,-805.19873,-354.85797,732.23608,-729.50433,-1008.414,728.96765,-696.52954,-616.5174,831.27075,-625.62085,-800.35004,828.35815,-717.61157,-571.52637,863.28699,-949.53864,-556.05414,445.27011,-596.80804,-777.65576,408.2511,-934.13519,-610.77899,107.18906,-483.16617,NA,NA,NA
85,0.84,-680.7218,1364.04895,-520.39673,-653.53009,1456.31714,-811.72247,-557.26166,1396.24524,-684.23291,-776.63489,1400.43213,-631.8446,-481.79227,1235.67676,-739.93347,-858.68402,1215.14587,-761.11853,NA,NA,NA,-652.11584,1237.4054,-862.01782,-391.03226,932.27374,-828.74957,-950.388,950.72192,-795.50665,-356.46313,730.37939,-719.09601,-1007.89819,729.224,-686.75482,-619.91663,831.05005,-611.79517,-802.48248,827.17615,-705.86273,-573.83191,861.89691,-936.46014,-560.68939,444.5192,-582.63275,-780.67444,408.90421,-924.70709,-613.07813,102.02759,-477.04468,NA,NA,NA
86,0.85,-681.62494,1361.8772,-517.93298,-654.79413,1455.58032,-801.80176,-558.48291,1396.89307,-675.4201,-776.35107,1400.13269,-621.41522,-482.81052,1234.44275,-729.45081,-858.987,1214.39844,-750.67969,NA,NA,NA,-652.58478,1235.95593,-851.23132,-393.07407,930.87793,-816.49347,-950.91156,950.92157,-786.46307,-357.05298,728.78778,-708.81702,-1007.22601,728.25665,-675.85779,-621.81317,831.06665,-599.40405,-804.98773,828.68323,-691.23163,-576.42487,859.8139,-923.10645,-563.59381,442.87967,-571.00549,-784.15308,410.1701,-914.62915,-615.24945,95.6191,-472.72394,NA,NA,NA
87,0.86,-681.62982,1363.61218,-506.37018,-655.85822,1454.95044,-792.15887,-558.38348,1396.53943,-664.73413,-777.3078,1400.61023,-611.28479,-483.20639,1234.01416,-718.03845,-859.43292,1214.73865,-740.24457,NA,NA,NA,-652.53961,1234.95154,-839.78119,-394.8783,929.02386,-803.55347,-950.95544,950.66992,-776.99261,-358.64828,727.13641,-698.82709,-1007.34662,728.23615,-665.46075,-624.06757,831.56665,-585.53333,-807.63818,829.3454,-674.97015,-579.54547,858.07922,-909.95331,-567.38086,440.99133,-557.87915,-788.50403,411.17465,-903.48376,-615.4295,90.86263,-469.18732,NA,NA,NA
88,0.87,-681.36182,1364.57446,-494.95621,-656.79138,1454.44629,-782.1134,-558.90808,1397.27881,-655.38123,-777.13385,1400.27808,-600.60364,-482.51971,1233.22485,-706.40399,-859.7041,1214.6073,-729.63831,-700.18494,1112.75635,-597.9646,-652.41052,1233.94128,-828.70825,-396.10602,927.42255,-790.92944,-950.94867,950.51331,-768.0769,-359.90622,725.00494,-687.37103,-1006.59302,727.96075,-655.63898,-626.22534,832.17773,-571.3515,-808.96753,830.54144,-659.98486,-581.76074,856.14948,-896.63702,-570.55792,439.18555,-544.58112,-792.89575,411.2189,-890.74268,-616.83759,86.13123,-466.61075,NA,NA,NA
89,0.88,-681.81049,1365.65173,-484.13098,-657.46326,1454.44434,-772.13629,-559.13922,1398.65979,-647.35205,-777.76642,1401.2478,-590.65106,-482.81439,1232.21399,-692.90729,-859.53107,1215.30542,-719.10651,NA,NA,NA,-652.03156,1233.08716,-817.47723,-397.19714,926.23895,-778.64563,-951.23511,951.11243,-759.06763,-361.39771,723.27454,-676.93781,-1006.59009,728.4953,-645.01691,-628.8205,832.00897,-557.60406,-811.05139,831.4812,-647.14874,-583.98425,855.10529,-882.54993,-573.50452,436.53183,-531.02881,-796.823,410.93579,-876.78259,-618.72314,82.95074,-461.43021,NA,NA,NA
90,0.89,-681.19116,1367.3501,-474.88339,-658.09637,1454.87842,-761.98798,-558.92371,1398.98157,-634.92963,-777.31183,1401.71753,-579.6554,-482.1713,1231.9624,-681.56561,-859.86841,1216.18335,-708.6001,NA,NA,NA,-651.54657,1232.46997,-805.50494,-398.66229,924.04694,-764.80884,-950.54163,951.80566,-750.86365,-362.30359,722.44849,-665.91644,-1006.19531,728.46326,-635.70465,-629.92261,832.82697,-542.19495,-813.53638,830.99738,-634.22516,-586.53638,854.26959,-869.79535,-576.68665,434.88281,-518.30286,-802.21844,410.65582,-862.3479,-621.43555,82.49901,-454.38617,NA,NA,NA
91,0.9,-680.99951,1370.36389,-462.76089,NA,NA,NA,-559.92114,1401.01099,-624.8363,-778.20874,1403.53955,-568.78918,-481.80725,1231.57227,-669.33966,-859.297,1216.36035,-696.95776,NA,NA,NA,-651.15442,1232.276,-793.47491,-399.54758,923.97589,-752.58105,-949.6452,952.61713,-741.79901,-363.55118,720.49927,-654.12018,-1005.7735,729.13269,-627.38544,-630.79102,833.64532,-528.65509,-814.16766,832.26337,-621.70496,-587.68549,853.60474,-856.48901,-579.508,432.61899,-506.28613,-808.80658,410.52588,-846.30048,-622.87512,82.1424,-447.47232,NA,NA,NA
92,0.91,-676.95398,1373.58289,-447.66611,NA,NA,NA,-559.72504,1402.33691,-613.97168,-777.49609,1405.1001,-557.56506,-482.27435,1231.31177,-656.01935,-859.84949,1218.25537,-686.39362,-702.30316,1119.84717,-547.77289,-650.69678,1232.71082,-781.50671,-401.03992,923.14276,-738.33295,-948.85089,953.42279,-733.28748,-365.30246,719.22491,-642.24573,-1005.67023,730.27081,-618.99615,-631.79144,834.78296,-515.35419,-813.80768,833.69556,-605.61438,-589.54242,853.47711,-843.12573,-579.71582,433.91034,-495.34048,-816.68939,410.93765,-829.19971,-622.23627,80.49152,-440.83185,NA,NA,NA
93,0.92,-677.52112,1375.34436,-438.7439,NA,NA,NA,-560.09375,1404.07397,-604.04749,-777.73816,1407.03821,-546.96722,-481.54224,1232.29236,-645.00208,-859.9436,1220.1134,-675.29041,NA,NA,NA,-650.34808,1233.53809,-770.32385,-402.28101,922.77094,-723.77869,-947.28375,954.54279,-724.66382,-366.66556,718.68146,-631.39148,-1005.17725,731.18237,-610.75012,-634.07318,836.69617,-501.15765,-814.96344,834.57709,-591.25482,-590.7149,853.94446,-830.28925,-580.52576,434.9776,-483.60785,-823.1358,409.74936,-810.97028,-621.47729,76.88417,-435.1723,NA,NA,NA
94,0.93,-677.19708,1376.20215,-429.95859,NA,NA,NA,-559.43555,1405.0105,-594.20068,-777.44452,1408.22571,-535.78442,-482.49652,1232.57129,-632.09241,-859.82794,1221.66492,-663.45197,NA,NA,NA,-650.31287,1234.21887,-758.02411,-402.5856,923.00189,-710.17444,-946.20123,956.65631,-717.01617,-367.6441,718.32831,-618.99579,-1003.29321,731.21381,-600.98413,-634.29871,837.88123,-485.84109,-813.40509,841.64026,-563.92181,-592.49536,854.19342,-816.95831,-581.60217,437.74811,-471.6058,-831.33868,409.0524,-791.04773,-621.75293,71.29957,-431.93069,NA,NA,NA
95,0.94,-677.89551,1377.19202,-418.9393,NA,NA,NA,-560.48511,1405.46497,-583.12225,-777.99249,1409.40356,-524.92169,-482.61554,1233.30676,-619.16016,-860.51868,1223.86304,-652.10779,-704.6283,1125.49927,-511.46704,-650.51251,1235.04553,-746.2901,-404.53247,922.93384,-696.66235,-944.17993,958.28473,-707.92407,-369.4772,718.27264,-606.1499,-1003.10938,733.11389,-594.33673,-633.92834,841.27948,-471.99826,-813.00671,842.78992,-552.52692,-594.58203,855.22675,-805.37927,-583.00452,440.45721,-459.89673,-839.14905,408.75177,-772.09882,-621.74835,65.41828,-428.07156,NA,NA,NA
96,0.95,-677.51587,1378.94312,-411.27322,NA,NA,NA,-559.93481,1407.04224,-573.41516,-777.89752,1410.70679,-514.07184,-483.56332,1233.9408,-607.35156,-860.81421,1226.06909,-641.00983,NA,NA,NA,-650.79285,1236.19238,-735.16589,-405.8465,923.61975,-681.83502,-942.77637,960.22955,-699.71594,-370.15631,719.50055,-593.7782,-1002.43475,734.5249,-587.74921,-634.7453,842.8808,-458.32953,-814.11084,844.44299,-540.79633,-596.5896,855.57477,-793.46405,-582.85571,443.83292,-449.46051,-847.3609,408.34833,-751.29694,-620.99396,64.26287,-426.21771,NA,NA,NA
97,0.96,-678.00586,1380.77979,-401.14261,NA,NA,NA,-560.40857,1408.46802,-563.68268,-777.74982,1412.39185,-502.58817,-484.07379,1235.61194,-596.68848,-861.79114,1228.56384,-629.91022,NA,NA,NA,-651.53619,1237.11816,-723.8197,-406.09528,924.25055,-668.61041,-940.49194,961.64752,-690.85815,-371.38367,720.31104,-580.13354,-1000.98212,735.26685,-580.35297,-633.83923,845.98169,-444.06232,-813.56067,846.11499,-527.6806,-598.48804,855.92639,-782.78522,-582.17126,444.7879,-439.49683,-856.01202,408.39813,-730.38464,-622.4248,63.49995,-425.56366,NA,NA,NA
98,0.97,-677.73206,1382.44812,-391.38254,NA,NA,NA,-560.38361,1409.3822,-552.85754,-777.37335,1415.3147,-491.75702,-485.23373,1236.16736,-583.58032,-862.82068,1230.35852,-618.19928,NA,NA,NA,-652.26215,1239.02222,-713.55847,-406.86032,924.53973,-655.29626,-938.90607,963.29132,-682.19098,-372.22836,721.06787,-564.93567,-999.95013,736.16779,-573.79688,-634.30261,847.72687,-431.25656,-814.11987,848.54987,-514.66608,-600.99512,856.30359,-771.45038,-581.56042,445.75873,-429.61145,-864.83051,409.12778,-709.23669,-622.16687,64.31409,-424.95956,NA,NA,NA
99,0.98,-677.89532,1384.19177,-379.54572,NA,NA,NA,-560.83044,1410.08325,-542.63885,-777.34967,1417.41931,-479.98438,-485.97766,1237.72644,-573.13538,-863.28937,1232.13635,-607.39771,-708.70679,1131.57178,-468.15472,-653.48834,1239.9729,-702.26093,-407.89612,925.27765,-640.15588,-938.21246,965.12006,-673.80939,-373.02414,723.01208,-551.62518,-999.30084,737.08813,-567.4505,-633.46735,849.84845,-417.18707,-813.86774,849.86316,-502.69302,-603.19824,856.42316,-760.75378,-579.09125,446.81461,-420.84674,-873.0152,410.42935,-687.46967,-622.33118,64.18712,-425.64044,NA,NA,NA
100,0.99,-678.30286,1385.99194,-367.72549,NA,NA,NA,-560.896,1411.43201,-531.24805,-777.01019,1418.89294,-468.40134,-486.91623,1239.45251,-562.69714,-864.59857,1235.05664,-597.08777,-709.15771,1134.89233,-455.8082,-654.62146,1242.22852,-692.21729,-407.12512,926.92798,-627.55957,-937.78864,967.13879,-664.94409,-374.39749,724.49451,-536.89038,-998.92535,737.87354,-559.99139,-633.08563,851.62274,-404.24579,-814.04047,851.71094,-490.52692,-605.97449,857.56012,-750.9278,-578.20099,446.45941,-412.57944,-880.82031,411.16534,-665.67096,-621.50623,64.59931,-425.41113,NA,NA,NA
101,1,-678.11224,1388.01648,-356.58463,NA,NA,NA,-561.33295,1413.4502,-522.1908,-777.19965,1421.29224,-457.58313,-488.85349,1241.19385,-552.32312,-866.04138,1237.22339,-585.8457,-709.99786,1136.58057,-440.93811,-656.08411,1243.79651,-681.45862,-407.73431,928.03033,-614.55951,-938.37122,969.47333,-656.28888,-375.46286,726.27374,-521.09674,-997.90778,738.63971,-553.24792,-632.31702,853.59662,-392.67886,-813.90009,852.83978,-478.36911,-608.31476,857.59821,-740.14703,-577.39417,444.55856,-405.76505,-887.36676,413.50436,-644.20227,-621.01007,64.28465,-424.8844,NA,NA,NA
102,1.01,-678.94202,1389.84167,-342.87396,NA,NA,NA,-562.06146,1413.77783,-511.60251,-777.70935,1423.08826,-446.74026,-490.06345,1242.6499,-541.83575,-867.85651,1239.87109,-576.0885,-711.93579,1139.56995,-433.63861,-657.62964,1245.88379,-671.44177,-408.47192,928.961,-599.88196,-939.24005,971.45422,-646.99396,-376.68961,728.35535,-506.07523,-997.47327,739.65082,-546.57471,-631.52283,856.48706,-381.56546,-814.3764,854.27545,-467.20685,-610.71777,859.49969,-730.7536,-575.63928,443.39755,-400.33707,-894.40991,416.68918,-622.83917,-620.8053,63.76721,-424.1633,NA,NA,NA
103,1.02,-678.99609,1391.38904,-330.99103,NA,NA,NA,-562.62219,1414.65662,-501.83957,-777.80707,1424.9104,-435.44604,-491.36823,1244.50256,-531.92706,-869.04388,1241.82959,-565.85968,NA,NA,NA,-659.32379,1247.70654,-661.62433,-409.59686,930.19104,-587.63464,-940.33179,973.63403,-637.60889,-377.86142,730.51093,-490.64468,-996.90302,740.52295,-539.35223,-631.38934,858.13464,-368.68124,-815.39917,856.55573,-456.19736,-612.86707,861.48962,-720.20868,-573.52875,441.15543,-395.70953,-900.22095,421.09845,-600.91174,-621.31195,63.3139,-424.02295,NA,NA,NA
104,1.03,-679.19666,1394.93738,-317.56924,NA,NA,NA,-563.39557,1417.59705,-492.99146,-778.2666,1427.40051,-424.78094,-493.21088,1246.41333,-522.12335,-870.63092,1243.46948,-555.48785,NA,NA,NA,-660.91467,1250.1543,-652.29639,-410.28061,932.00275,-574.94232,-942.40771,976.58679,-628.24609,-379.11462,733.55298,-475.80127,-997.17633,741.97754,-532.82709,-630.78961,860.88971,-359.66565,-815.9444,858.00348,-444.99292,-614.77209,863.22101,-710.47845,-571.79926,439.51071,-392.89615,-905.76202,425.47922,-575.62433,-620.94379,62.91272,-423.98947,NA,NA,NA
105,1.04,-680.03186,1396.1134,-307.77975,NA,NA,NA,-564.16418,1418.68433,-482.40833,-778.37268,1429.91187,-413.60156,-493.97034,1248.93164,-513.59253,-872.69824,1245.98425,-545.75238,NA,NA,NA,-662.60016,1252.36511,-641.72815,-411.35712,932.69232,-562.39984,-944.59515,978.73877,-619.43872,-380.57538,736.0705,-461.13239,-998.2359,743.94928,-526.60968,-630.66229,863.07593,-350.27597,-817.12854,859.8385,-433.63239,-616.89771,865.98724,-700.2395,-570.91211,437.78708,-391.65176,-911.03687,432.04959,-551.46429,-621.05627,62.75514,-423.98889,NA,NA,NA
106,1.05,-684.63123,1398.17822,-285.36139,NA,NA,NA,-564.79932,1419.95776,-473.75281,-778.97375,1431.85425,-402.27094,-495.86496,1250.82471,-503.17795,-874.5177,1247.91711,-535.85736,-719.67297,1146.96973,-395.78891,-664.51202,1254.28198,-631.65558,-412.80923,934.28217,-550.06647,-946.40515,980.67212,-609.79565,-382.47226,738.72058,-446.78943,-999.58337,746.07098,-518.82526,-630.46973,866.05188,-341.3219,-817.91779,861.00861,-421.81824,-619.22076,868.51764,-690.27399,-568.65411,437.17426,-389.15402,-914.73346,436.25369,-525.12445,-621.19611,62.32952,-424.13242,NA,NA,NA
107,1.06,-686.23035,1400.33862,-271.10193,NA,NA,NA,-566.50763,1421.99866,-463.62561,-779.69312,1434.23096,-391.74368,-497.52863,1253.25989,-494.32675,-876.63928,1250.33374,-526.55829,NA,NA,NA,-666.30524,1256.8147,-621.98169,-414.15704,935.75452,-538.01239,-948.10345,983.41278,-600.82629,-384.60803,741.43842,-430.57401,-1000.58264,747.75775,-511.90546,-630.51532,868.44775,-332.43115,-819.10449,863.79547,-410.58981,-621.07959,871.21759,-679.85321,-566.57263,435.37238,-387.74384,-918.05103,441.33682,-501.52213,-621.08002,62.1272,-424.00632,NA,NA,NA
108,1.07,-673.95667,1400.67285,-273.05643,-687.90344,1402.55115,-258.38196,-567.20673,1423.45227,-453.76874,-780.33289,1436.28394,-381.01608,-498.73062,1255.51196,-485.01996,-877.95807,1252.07776,-516.33801,-722.49915,1151.19312,-376.57629,-668.29681,1258.67737,-612.46509,-415.8638,937.7511,-526.40314,-949.56287,985.63483,-591.4928,-386.88034,744.70587,-416.47589,-1002.95477,750.41125,-505.5712,-630.66083,871.15906,-323.95541,-820.26129,866.27209,-400.01538,-623.30975,873.68384,-670.14813,-564.16064,434.03619,-388.3429,-921.26215,446.47241,-478.20203,-620.81201,63.25486,-425.77344,NA,NA,NA
109,1.08,-674.57581,1402.99475,-263.67902,-689.71313,1404.61426,-246.12683,-568.50806,1425.2085,-444.25464,-781.63208,1438.98206,-370.97815,-500.26706,1257.90234,-476.46039,-879.60553,1253.82007,-506.62039,NA,NA,NA,-669.95917,1261.19446,-603.09564,-417.44885,939.29163,-514.02252,-950.87225,987.96954,-583.45673,-389.02158,747.42847,-402.0209,-1004.9198,751.99084,-497.43527,-631.92761,870.82764,-319.08301,-820.60791,867.71075,-387.56815,-625.3327,876.10669,-660.75922,-562.14447,434.04807,-387.44421,-923.41058,452.5553,-455.29633,-620.79071,64.2422,-428.16376,NA,NA,NA
110,1.09,-677.22174,1405.17627,-254.61697,-675.83527,1488.5094,-551.76501,-570.25415,1427.6344,-434.4603,-782.35107,1440.77148,-360.26004,-502.22198,1259.90637,-466.40704,-881.45691,1256.09143,-496.50314,-725.9162,1154.73767,-357.30563,-671.86078,1262.72729,-592.0495,-418.70367,940.9187,-502.30872,-952.40472,990.91174,-575.99384,-391.75089,750.62762,-387.05035,-1007.57336,754.29028,-490.22946,-632.60773,873.26508,-311.70444,-821.72937,870.48199,-376.60437,-628.2359,878.64246,-650.67371,-558.70898,433.73312,-386.44708,-924.56494,458.46207,-433.38779,-620.60101,64.58105,-429.38721,NA,NA,NA
111,1.1,-677.74506,1406.6543,-244.8329,-677.74188,1490.25146,-541.5318,-571.7323,1429.53967,-425.46921,-784.65393,1442.88062,-350.73645,-503.51199,1261.90747,-456.66315,-883.03711,1257.84827,-486.41739,NA,NA,NA,-673.45624,1264.87207,-582.31549,-420.39392,943.3631,-492.36664,-953.02991,992.76599,-568.00732,-393.98868,753.73798,-373.51349,-1009.66986,756.51477,-482.99246,-632.01007,874.93182,-304.30145,-822.27759,873.44684,-365.53458,-630.74878,881.42316,-641.28931,-557.76239,433.78058,-385.64258,-925.68451,464.41452,-412.52185,-619.44751,66.26931,-433.03308,NA,NA,NA
112,1.11,-680.22992,1404.20349,-242.49901,-679.79358,1491.96716,-531.854,-572.55841,1431.31396,-415.53329,-784.703,1443.95923,-339.07211,-504.72281,1264.50659,-447.58026,-884.37671,1259.96619,-476.68927,-727.03174,1159.8418,-335.40845,-674.86633,1265.87732,-573.10303,-422.27798,945.42462,-480.53143,-954.24994,995.54681,-560.2558,-396.71475,756.81879,-360.44427,-1012.26093,758.80109,-476.73132,-632.88898,877.48859,-296.1156,-823.51343,875.45929,-353.65314,-634.05219,883.19281,-631.7619,-555.47552,434.11108,-384.46933,-925.72998,470.4375,-393.64792,-619.29443,66.86085,-435.04922,NA,NA,NA
113,1.12,-680.87305,1406.29736,-234.08223,-681.82953,1493.51855,-521.784,-574.73175,1433.43713,-405.89108,-786.58301,1446.01404,-329.14014,-506.24103,1266.60095,-438.01987,-885.45221,1261.06262,-466.09454,NA,NA,NA,-676.46161,1268.30994,-563.20911,-423.84955,946.87946,-469.7049,-954.59497,997.18219,-551.94098,-399.27051,759.39825,-346.67905,-1014.59875,760.72974,-469.60773,-631.8233,880.03998,-286.70468,-823.60175,877.49823,-342.77911,-636.89819,885.15363,-622.28778,-554.76447,433.73224,-382.8956,-924.70172,475.29138,-375.81946,-618.67114,67.49204,-437.32343,NA,NA,NA
114,1.13,-682.13068,1408.99695,-222.56699,-683.96582,1494.96252,-511.73041,-576.18591,1434.38306,-396.19583,-787.63763,1447.3606,-319.26978,-507.41772,1268.25391,-428.62527,-886.84119,1262.77637,-455.95874,NA,NA,NA,-678.15411,1269.05957,-552.73785,-424.65396,948.78217,-459.41022,-955.35138,999.56531,-543.99139,-401.75122,762.18463,-332.23868,-1017.4599,762.99603,-462.81274,-631.27673,882.40271,-278.96552,-823.53571,879.72546,-331.65247,-639.83124,886.77777,-613.87976,-553.72668,433.73062,-382.18198,-923.36865,480.24936,-358.95456,-618.39557,68.12418,-438.22708,NA,NA,NA
115,1.14,-682.5929,1408.57239,-214.8835,-686.00665,1495.83838,-502.09869,-577.54926,1436.25684,-387.03909,-789.26752,1447.7793,-308.30505,-508.96912,1269.49744,-419.1683,-888.27399,1264.40735,-445.79434,-730.40125,1164.21948,-308.50742,-679.52185,1270.3717,-542.6228,-426.49942,949.99457,-447.94818,-956.04822,1001.34625,-536.17395,-404.57855,764.37109,-318.35962,-1019.90747,764.23633,-456.65823,-630.82465,883.95166,-270.20624,-824.59247,881.2713,-319.81161,-643.37543,888.54755,-603.8891,-552.77386,433.43506,-380.81049,-921.84918,484.62357,-342.3399,-617.92444,68.84849,-440.00122,NA,NA,NA
116,1.15,-684.13556,1411.21594,-201.8848,-687.91425,1496.18103,-491.79947,-578.85522,1437.62903,-376.77545,-790.92297,1448.93079,-298.79651,-510.33301,1270.75818,-408.5481,-889.53015,1264.6554,-435.17957,-730.3999,1164.82788,-297.37216,-680.50537,1271.14478,-532.53314,-427.44662,950.73669,-435.77997,-956.55524,1002.71741,-527.23718,-407.035,766.52966,-305.23203,-1022.2655,765.86304,-449.62744,-630.92615,885.88342,-263.30258,-824.50201,883.0509,-309.15045,-646.71753,889.30084,-595.03198,-552.27625,433.72729,-379.43726,-920.40247,488.24026,-327.07645,-618.43921,68.67104,-440.76746,NA,NA,NA
117,1.16,-683.05084,1416.08594,-184.34244,-689.758,1496.85583,-481.92316,-581.05164,1439.41309,-368.24481,-792.12305,1448.98669,-288.53906,-511.14124,1271.6604,-398.96423,-890.48834,1265.61133,-425.2413,-729.7019,1166.79871,-285.6698,-682.01971,1272.24158,-522.27191,-428.69299,952.38708,-425.99036,-957.74353,1004.56989,-519.37793,-409.60287,768.29187,-291.85281,-1024.96643,767.30798,-444.21469,-630.00122,886.9198,-256.52347,-824.69678,884.69659,-296.73157,-650.56049,890.43463,-585.5575,-552.89819,433.94278,-376.67191,-918.56995,490.87994,-311.62848,-618.90564,69.15582,-441.90491,NA,NA,NA
118,1.17,-697.7807,1401.06067,-224.78394,-691.86407,1496.98608,-472.31573,-582.59326,1439.45129,-358.2243,-793.35944,1449.05798,-277.22552,-512.73322,1271.84985,-387.40137,-891.78351,1266.0127,-414.4942,-731.41937,1166.7948,-276.53519,-683.35876,1272.71997,-512.24152,-429.36594,953.29529,-414.4425,-958.6908,1005.25092,-509.82239,-412.61356,769.51971,-278.43161,-1026.97327,768.28729,-436.66537,-629.20807,887.8938,-248.15282,-826.10742,886.60425,-285.44904,-654.3335,890.98523,-575.55988,-553.04364,434.94299,-374.72113,-917.01587,493.67685,-297.23587,-619.57892,69.42815,-442.06122,NA,NA,NA
119,1.18,-687.1825,1412.72913,-173.33609,-693.82916,1496.99121,-461.87518,-583.74646,1440.32117,-348.27505,-795.61566,1450.38623,-268.41983,-513.65265,1272.40735,-377.75595,-892.53546,1266.25281,-404.71896,-733.24438,1166.19836,-268.09024,-684.54474,1272.81018,-502.03284,-430.19574,952.64539,-402.09024,-960.36206,1006.88782,-502.33087,-414.74796,770.64252,-265.88742,-1029.67859,769.04706,-430.9321,-628.30182,888.56262,-238.78813,-825.56732,886.56104,-273.81815,-658.08398,891.19043,-565.94629,-554.82849,434.42636,-372.46246,-915.3269,495.06485,-283.328,-619.31183,69.52731,-441.13861,NA,NA,NA
120,1.19,-688.60852,1413.19495,-161.78297,-695.72644,1496.80383,-451.71335,-585.92297,1440.07764,-337.89322,-796.97748,1449.95532,-257.36053,-514.70441,1272.42126,-367.39017,-893.45935,1265.92517,-394.16571,NA,NA,NA,-685.56848,1272.61121,-490.97137,-430.70874,952.81958,-390.45279,-961.24835,1007.08453,-493.63882,-416.79337,771.49896,-251.21257,-1032.47278,769.69299,-425.31815,-628.30975,888.70313,-231.58672,-825.50006,885.89667,-262.64847,-661.89282,891.45685,-556.20667,-557.46454,433.34988,-370.50964,-914.00494,496.06747,-269.21606,-619.29962,70.46963,-440.93121,NA,NA,NA
121,1.2,-689.6496,1413.84924,-152.11652,-697.96161,1496.34717,-442.36923,-587.16479,1440.71948,-327.99539,-797.52515,1448.729,-246.72456,-515.49292,1272.41174,-357.71426,-894.9278,1265.55493,-383.14783,-732.58118,1167.27075,-245.46541,-686.64545,1272.47473,-480.93646,-430.63281,952.7392,-379.77188,-962.20544,1007.47375,-484.38788,-419.19696,771.34302,-237.11562,-1034.49524,769.10187,-417.08813,-628.75708,888.37054,-223.1423,-825.08069,886.2995,-251.52614,-666.33295,892.11322,-546.46417,-558.224,433.59558,-366.28824,-913.15765,496.39069,-255.96805,-619.52747,70.45516,-440.16025,NA,NA,NA
122,1.21,-690.68842,1413.00281,-141.77936,-699.82721,1495.55347,-432.21384,-588.32117,1440.37207,-317.46155,-800.21112,1448.8114,-237.69766,-516.8385,1271.56213,-346.38861,-895.57861,1264.7113,-372.9234,NA,NA,NA,-687.87439,1271.9375,-470.07803,-431.10599,951.86072,-367.62793,-963.47455,1007.95892,-475.24591,-421.49448,771.60913,-224.22952,-1036.58813,769.55933,-411.6272,-628.58447,888.20709,-214.92972,-825.76868,885.98694,-241.31566,-669.91736,891.45282,-536.24896,-560.56342,432.73132,-363.48254,-912.0542,495.62543,-243.26241,-619.5647,70.57187,-440.06409,NA,NA,NA
123,1.22,-691.43457,1415.97754,-124.13565,-701.43591,1494.19043,-421.54886,-589.79755,1439.71143,-306.9296,-801.21692,1447.40442,-227.40701,-518.2691,1270.71875,-335.88715,-896.68652,1263.49329,-361.87695,-733.87939,1166.39246,-223.22531,-688.91718,1271.31653,-459.61526,-431.45242,951.36761,-356.02359,-964.69836,1006.85242,-465.67917,-423.30548,771.81036,-211.31174,-1040.59363,769.64911,-404.86218,-628.36658,887.08173,-205.67236,-825.85266,884.81482,-229.4007,-673.79034,890.99945,-526.79041,-562.09277,432.38684,-359.06506,-911.12164,494.40988,-231.02658,-620.0014,71.8308,-439.74207,NA,NA,NA
124,1.23,-693.21936,1412.95557,-119.50317,-703.06244,1492.62427,-410.90063,-591.54388,1438.82239,-296.23227,-803.31427,1446.4823,-216.58171,-518.7215,1270.04431,-325.71918,-897.50427,1262.08264,-350.94122,-735.58557,1162.71472,-212.63815,-690.49329,1270.08948,-449.19513,-432.14722,949.995,-343.33432,-966.297,1006.40082,-456.6264,-424.61032,771.24847,-196.85593,-1043.62683,769.76227,-398.41125,-628.92517,885.81415,-195.75397,-825.03607,882.44476,-218.41161,-677.82214,890.1236,-516.638,-563.6936,432.47717,-356.09833,-908.43323,491.51398,-218.08011,-620.45935,71.6562,-439.15027,NA,NA,NA
125,1.24,-694.51929,1411.21631,-110.28407,-705.11871,1491.56213,-401.81183,-593.06531,1437.70886,-286.35025,-804.61804,1444.86902,-205.72337,-520.00647,1268.45154,-315.28049,-898.32068,1260.29846,-340.09723,-736.06812,1161.48877,-202.26031,-691.40247,1268.66809,-438.16769,-432.57834,948.74939,-331.50858,-967.67181,1005.5011,-446.48535,-426.6246,770.95496,-184.12614,-1046.23694,768.78033,-392.095,-628.2442,883.70593,-186.16304,-825.79346,880.99017,-208.16425,-682.12537,889.2984,-506.98087,-564.98743,431.42801,-350.74567,-908.40363,489.18494,-207.00113,-621.48492,71.27957,-438.78552,NA,NA,NA
126,1.25,-696.33484,1411.24512,-98.41026,-706.98309,1489.69788,-390.40808,-594.54102,1437.21594,-275.86447,-806.14337,1443.40063,-195.12181,-521.11945,1266.94165,-303.75751,-899.7384,1259.00342,-329.00372,-737.84149,1159.31189,-191.97256,-692.8161,1267.92517,-427.73441,-433.45755,947.05676,-319.69144,-969.5174,1005.59076,-437.49954,-428.82883,769.90015,-171.22542,-1049.62,768.15875,-385.11835,-628.5072,880.91101,-175.95642,-825.44012,878.17029,-197.62711,-686.57727,888.34656,-497.64984,-566.60638,430.11111,-345.0965,-907.07495,486.39023,-196.7245,-621.55859,71.58664,-439.08405,NA,NA,NA
127,1.26,-696.67505,1409.51099,-90.5778,-708.24817,1487.87415,-379.56561,-595.8089,1435.36133,-265.25034,-807.68115,1441.99854,-184.82034,-522.4826,1264.93689,-294.50021,-901.00256,1256.72205,-317.55243,-738.91077,1157.03174,-181.6795,-694.44043,1265.92188,-417.61243,-433.75888,945.6377,-307.45975,-970.85187,1003.76141,-426.15121,-430.19623,768.74017,-157.99864,-1052.39294,768.00488,-377.24933,-629.25848,879.00989,-165.00699,-827.11761,876.12946,-186.76848,-690.71027,886.4679,-486.48044,-568.01917,429.73889,-341.42834,-906.24841,483.22147,-185.48973,-621.74524,71.37212,-438.64493,NA,NA,NA
128,1.27,-697.75342,1407.66956,-79.92195,-709.98901,1486.14514,-369.21985,-597.1994,1434.30212,-255.70576,-809.25769,1440.38818,-174.21634,-523.57556,1263.64514,-284.14639,-902.10144,1255.17383,-306.61111,-740.40656,1154.20984,-169.64018,-696.21417,1264.36926,-406.53116,-434.091,943.28839,-295.35724,-972.52869,1002.17841,-417.15976,-431.14481,767.80658,-144.99113,-1055.45166,765.82758,-369.67502,-628.42487,876.09778,-156.48486,-826.58655,872.65497,-174.883,-694.9245,884.76721,-476.89029,-569.48535,428.16147,-335.34909,-904.14478,480.04468,-173.36324,-621.54926,71.98042,-438.05182,NA,NA,NA
129,1.28,-699.83142,1406.39709,-68.14058,-711.69647,1484.44617,-358.98688,-599.03778,1432.18481,-244.61369,-810.17499,1438.12903,-163.48962,-524.82806,1261.09741,-272.9838,-903.53546,1253.0238,-294.70535,-740.30945,1152.73901,-156.95068,-697.4043,1262.45093,-395.51398,-436.0018,941.36182,-282.82025,-974.45258,1001.08142,-407.05719,-433.03128,766.2674,-132.13786,-1059.3125,765.10394,-362.06927,-629.63123,873.07336,-146.01515,-827.76257,870.396,-163.46948,-699.41028,883.0564,-467.22662,-570.84528,426.96191,-328.59454,-903.92072,478.55911,-160.51421,-621.21008,72.71962,-437.56107,NA,NA,NA
130,1.29,-700.78345,1404.65271,-57.89577,-713.69043,1482.57947,-348.3533,-601.10236,1430.74976,-234.70917,-811.54156,1436.10217,-152.6678,-526.31403,1258.96167,-263.21594,-905.51965,1251.09998,-283.08563,-741.53284,1149.17102,-147.84705,-699.6283,1260.58887,-383.66492,-437.17444,938.82666,-271.71722,-976.51453,999.84937,-395.77258,-433.54068,764.82495,-121.35411,-1062.77808,764.46973,-354.16299,-630.01904,870.36713,-137.71355,-828.17249,867.77313,-152.07715,-703.03632,880.51422,-457.01437,-571.9256,426.31384,-322.11569,-904.71515,477.85028,-147.44897,-621.67242,73.27006,-436.29855,NA,NA,NA
131,1.3,-702.63184,1403.06836,-45.64546,-715.62762,1480.84753,-337.35806,-602.34357,1429.0614,-223.23282,-813.73901,1434.66663,-141.56972,-527.87488,1257.09241,-253.55873,-907.03894,1248.92407,-270.47311,-742.45691,1145.9375,-137.66638,-701.68109,1258.68738,-373.60132,-438.1037,936.82227,-259.85861,-978.37274,998.23981,-384.71588,-435.23489,762.72705,-108.56623,-1065.07678,763.26776,-345.60699,-630.242,867.88202,-126.20904,-829.94458,865.85278,-139.69112,-706.93536,878.55151,-446.39447,-572.66431,424.82016,-316.03754,-906.69519,476.42068,-134.53604,-622.29199,74.5332,-436.29684,NA,NA,NA
132,1.31,-703.96063,1400.64258,-35.84489,-717.30505,1478.78235,-326.9057,-603.88025,1427.45776,-213.33197,-815.61023,1432.79626,-131.11787,-529.64539,1254.81982,-242.61113,-908.80176,1246.74634,-258.58777,-740.97607,1146.99048,-125.47611,-704.13824,1256.6958,-362.4205,-440.09293,934.71356,-247.53746,-980.42078,997.01276,-373.09241,-436.25833,761.12579,-97.30135,-1069.71033,762.23334,-336.98068,-631.21661,865.97675,-115.31081,-831.18463,862.43695,-127.04477,-710.67743,876.7738,-435.52216,-574.37134,423.72607,-308.36771,-908.84039,475.11749,-121.4052,-623.0495,74.973,-434.45837,NA,NA,NA
133,1.32,-704.82178,1399.28113,-24.77378,-719.30713,1477.21643,-315.30566,-605.73248,1425.6554,-202.45488,-816.52759,1430.37305,-119.48023,-531.32715,1252.76086,-233.21556,-910.48126,1245.17896,-247.11226,-743.70032,1142.96936,-113.4918,-706.39471,1254.85791,-351.76266,-442.08966,932.72992,-236.08733,-983.00439,995.54279,-363.03433,-437.25589,759.61865,-86.00645,-1073.03479,761.91473,-328.75317,-631.62018,864.13947,-105.78384,-831.90802,860.54132,-113.05196,-714.41486,875.04877,-425.41287,-576.19885,423.09583,-300.99448,-912.22949,472.05075,-107.30415,-623.57434,76.53565,-433.60684,NA,NA,NA
134,1.33,-706.83002,1397.21228,-13.09899,-721.59711,1475.52661,-305.51401,-607.55371,1423.62134,-192.33879,-817.75977,1428.82544,-108.58581,-533.32068,1250.62549,-222.29897,-912.56702,1243.08704,-234.77238,-744.94843,1140.75342,-104.11729,-709.09808,1252.92737,-341.00592,-444.3717,930.87024,-226.31807,-985.57709,994.27344,-351.21997,-438.17496,757.70288,-76.05486,-1076.67517,761.14984,-319.96954,-632.58459,862.33344,-95.33053,-832.74469,858.05627,-102.02179,-717.61469,872.70258,-414.38141,-577.9455,421.85287,-294.71182,-911.36609,470.2316,-98.50514,-623.65424,78.01497,-433.81662,NA,NA,NA
135,1.34,-707.9574,1395.25464,-3.60979,-723.28644,1474.07373,-294.05255,-609.32928,1421.7002,-181.06496,-819.32983,1426.87146,-96.83802,-535.40198,1249.4823,-213.67743,-914.97937,1241.25073,-222.42216,-742.69574,1141.55298,-90.07876,-711.84283,1251.00928,-330.36243,-446.97754,928.22028,-215.32239,-987.72662,992.56549,-338.95389,-439.0257,755.7594,-65.86329,-1079.44238,759.12506,-310.58401,-633.32208,860.45844,-83.34225,-834.79169,857.33228,-89.55996,-720.92139,870.41705,-402.92831,-580.53156,421.20682,-287.68509,-912.14374,469.35419,-82.75751,-623.67358,79.82636,-433.1377,NA,NA,NA
136,1.35,-709.53546,1393.15784,8.57813,-725.59955,1473.20557,-282.97134,-611.05859,1419.99255,-171.1214,-822.10577,1425.93689,-86.20963,-537.24542,1247.67041,-205.22865,-917.42267,1239.73047,-210.43246,-746.06134,1139.17175,-78.71958,-714.87787,1248.76965,-319.24576,-449.40015,927.01166,-205.61902,-990.20209,990.65027,-326.90805,-439.74561,753.97412,-57.20794,-1083.10388,758.43726,-301.42999,-634.13666,859.02081,-71.88891,-834.80591,856.86285,-74.65942,-723.92596,868.73993,-391.12042,-583.22119,420.80118,-279.664,-912.16785,468.87759,-67.58089,-624.11658,81.83578,-431.62366,NA,NA,NA
137,1.36,-710.56732,1390.84106,18.4242,-727.63513,1471.80542,-271.94226,-612.97113,1418.76575,-160.28134,-823.73169,1424.39819,-74.94894,-539.13062,1246.47314,-195.2236,-919.79291,1238.46545,-198.19434,-748.20581,1139.00537,-67.65231,-718.04028,1247.20044,-308.80246,-452.59116,925.48798,-195.07855,-992.84601,989.57391,-314.09439,-440.42447,751.7074,-48.69981,-1086.46094,757.92212,-292.49286,-635.20471,858.09186,-60.29477,-835.19684,854.27625,-63.20732,-727.31482,866.4975,-379.82187,-585.12604,420.60846,-272.27081,-909.29419,472.36209,-49.16307,-624.0542,84.0247,-430.14255,NA,NA,NA
138,1.37,-711.51978,1390.13867,30.80273,-729.86804,1471.03247,-260.52832,-615.06244,1417.24817,-149.08586,-825.57275,1423.51868,-63.68124,-541.53357,1245.18921,-185.15282,-922.24524,1237.05054,-186.08582,-749.40472,1136.67688,-59.57255,-721.36102,1245.78284,-297.16403,-455.61966,924.07019,-186.34874,-996.43066,988.86609,-302.08118,-441.29877,750.51099,-40.28875,-1089.84473,757.00275,-281.29486,-635.98145,858.1048,-47.07439,-837.2691,855.06598,-48.91164,-729.80206,864.49579,-367.49191,-587.86749,419.9389,-263.9046,-912.0224,468.7576,-37.97846,-623.53094,87.57839,-429.59271,NA,NA,NA
139,1.38,-713.28522,1387.8645,41.06813,-732.24384,1470.44165,-248.86638,-617.08948,1415.83325,-138.92108,-826.95911,1423.00269,-52.17438,-544.32306,1243.64441,-175.49374,-925.1015,1235.60645,-173.92004,-751.40381,1137.24365,-46.2846,-724.67859,1243.96167,-286.29501,-458.72839,922.02728,-176.98381,-999.05743,987.25964,-288.99057,-441.83682,748.94696,-33.61135,-1093.09705,755.85919,-271.65396,-637.77698,857.49878,-35.12392,-838.01227,853.96198,-36.65783,-732.91711,862.79187,-354.87665,-589.55591,419.65051,-253.12604,-910.01019,470.62729,-19.89853,-623.66327,90.97222,-427.58408,NA,NA,NA
140,1.39,-714.8291,1386.92334,50.72752,-734.68127,1469.97827,-237.87534,-619.0072,1414.82971,-127.1896,-827.31586,1421.80225,-40.64917,-547.03125,1242.87207,-165.34637,-927.47821,1234.62451,-161.64977,-753.35907,1136.79443,-32.16132,-727.96436,1242.77014,-274.681,-461.75989,921.50616,-168.58041,-1001.78033,985.30005,-275.68637,-442.83057,747.1593,-25.24321,-1096.72681,756.67004,-260.93649,-638.97217,857.38721,-23.49243,-839.0473,854.26434,-23.59702,-735.40247,860.95593,-342.15903,-591.47919,419.2233,-243.23035,-909.55115,468.46161,-5.38016,-623.96826,94.16272,-423.67526,NA,NA,NA
141,1.4,-715.39893,1385.44934,61.90041,-737.53723,1469.47986,-227.0428,-620.95605,1413.37598,-118.35306,-830.48059,1421.52783,-29.01417,-549.95343,1242.34436,-155.18445,-930.30707,1233.73621,-148.9809,-754.45807,1136.85852,-21.22725,-731.19897,1241.73804,-263.66476,-464.68454,920.7561,-160.50317,-1004.61829,983.95813,-262.12946,-443.05179,745.85986,-19.64038,-1100.05884,756.12067,-249.68661,-640.50891,857.52124,-9.83542,-839.42035,854.02441,-9.83425,-737.83868,859.39282,-329.03369,-593.2149,418.07785,-230.88676,-910.25867,463.35876,4.55076,-623.12329,98.7209,-420.80676,NA,NA,NA
142,1.41,-716.6059,1386.50427,75.08382,-740.09265,1468.24097,-216.18575,-623.15887,1412.59399,-107.61177,-830.83423,1420.68848,-16.98027,-552.91412,1241.78137,-145.18553,-932.92792,1232.83154,-136.59885,-756.72522,1137.40259,-6.78395,-734.86249,1239.97595,-251.38354,-468.6015,920.09314,-153.36717,-1007.15265,982.33124,-247.98993,-443.94711,744.17377,-13.40736,-1103.04077,755.32654,-238.03709,-642.56506,856.76416,1.44288,-841.05988,853.86566,3.16271,-740.15131,857.57404,-315.36148,-594.52081,417.43439,-218.05705,-908.01685,463.5058,24.09528,-623.91125,103.46451,-416.87827,NA,NA,NA
143,1.42,-717.92651,1385.59229,85.35004,-743.25562,1467.23071,-205.47435,-625.83398,1411.71948,-97.1144,-832.58698,1420.57007,-5.49765,-555.57544,1240.99231,-134.52652,-935.89966,1231.89014,-123.66283,-759.37274,1136.5022,4.88516,-738.53906,1238.9209,-240.17882,-471.79788,919.74683,-146.42191,-1009.62079,980.57977,-234.44025,-445.10342,743.04608,-8.13906,-1106.17578,755.55682,-225.73775,-643.40674,857.68811,16.87674,-842.32648,853.33954,17.82488,-743.24695,856.83563,-302.14777,-594.63458,416.83609,-205.28331,-907.09619,460.64368,38.20096,-622.53339,108.66066,-411.33737,NA,NA,NA
144,1.43,-719.15704,1385.33594,95.67554,-745.78638,1467.28931,-194.21069,-627.7359,1411.55652,-86.03908,-834.17737,1420.83496,6.27362,-558.20105,1240.51514,-124.40342,-938.81763,1231.33545,-111.10802,-762.11896,1138.57642,19.64604,-742.44586,1238.01782,-228.3653,-475.87772,919.20526,-139.21161,-1011.92212,979.56647,-221.16934,-445.98309,742.16614,-2.49372,-1109.06238,754.72858,-213.01784,-644.78223,858.19043,30.75225,-844.24615,853.03418,31.42237,-747.22473,854.7818,-287.28156,-595.20197,416.15091,-191.30133,-906.35223,458.32983,53.35478,-622.26868,114.27173,-405.03528,NA,NA,NA
145,1.44,-720.16406,1386.34253,106.20893,-748.59955,1467.0343,-182.58115,-630.45129,1410.57373,-76.02265,-835.72192,1420.81873,18.55466,-561.18347,1240.76868,-114.9623,-941.8869,1230.76221,-98.10847,-763.26355,1138.10779,27.84811,-746.03857,1236.97729,-216.2114,-479.60309,918.78156,-132.2849,-1014.39063,978.5448,-206.53622,-446.29608,740.61737,3.21903,-1111.69421,754.50195,-200.08467,-647.20404,857.69147,41.29523,-845.60181,853.59613,46.30742,-750.2464,853.75043,-273.40503,-595.62567,415.11392,-175.923,-907.05206,456.75864,65.50432,-622.70673,119.27908,-397.67053,NA,NA,NA
146,1.45,-720.36481,1385.81311,117.65375,-751.73126,1466.93567,-172.28873,-632.40625,1410.92761,-66.8017,-837.11542,1421.9425,30.01654,-563.94165,1240.97205,-104.78111,-944.67035,1230.24304,-84.60379,-765.17657,1138.14844,41.49565,-749.35541,1236.2262,-204.57033,-484.73257,918.52338,-124.15835,-1017.13513,977.03662,-192.42162,-446.71429,739.46014,8.04275,-1114.79944,754.23358,-187.35741,-647.71741,858.30597,56.68525,-847.54803,854.21564,60.06234,-753.62097,852.5094,-258.66846,-594.83038,413.5697,-159.27185,-907.07434,456.30179,79.23878,-621.75079,126.45343,-389.85172,NA,NA,NA
147,1.46,-721.89716,1386.73047,129.07393,-754.49194,1466.8623,-161.06352,-634.72351,1411.09558,-56.20791,-839.07501,1422.00281,41.16159,-566.58325,1240.4917,-94.47493,-947.11169,1229.58765,-71.42952,-765.9939,1139.35889,53.52243,-753.00092,1235.88806,-193.45479,-487.83539,918.18658,-117.09955,-1019.9903,976.7226,-178.77107,-447.72137,738.52966,12.02737,-1117.60522,753.94531,-173.23244,-649.57098,859.39349,68.68623,-848.88428,855.02271,74.6745,-757.55658,851.53558,-245.46364,-594.16962,412.03467,-140.3593,-908.97528,456.60733,91.51139,-621.49402,133.56511,-380.9411,NA,NA,NA
148,1.47,-722.44812,1387.51477,138.87793,-757.30115,1466.76917,-149.25237,-636.59192,1411.45801,-45.67646,-839.63965,1423.04675,53.57162,-568.63824,1241.11877,-84.54082,-949.37927,1229.34485,-57.84748,-766.97406,1140.54431,64.95253,-756.40289,1235.75427,-181.81328,-490.93369,918.56958,-109.87311,-1022.55341,975.15582,-163.31931,-448.1546,738.19659,16.55355,-1119.96008,753.21234,-158.62317,-651.24146,860.20215,81.60679,-850.70679,855.94989,88.69808,-761.02429,850.99744,-231.52199,-592.33966,410.56113,-121.50101,-910.30548,456.89429,105.2384,-621.78925,139.49753,-366.97339,NA,NA,NA
149,1.48,-722.95239,1390.20715,151.69197,-760.43903,1467.09595,-138.31383,-639.00763,1411.53333,-34.39543,-840.86658,1423.86938,65.76959,-570.84888,1241.67896,-74.00985,-951.49976,1229.72729,-44.34866,-768.6709,1140.41675,76.04506,-759.57764,1235.90698,-169.81735,-494.18729,919.26141,-103.18535,-1024.98694,974.99438,-148.39366,-448.32397,737.06372,20.51374,-1122.23755,753.23657,-142.259,-653.58521,861.64526,95.05798,-852.65625,856.77972,103.5803,-764.62769,851.04242,-218.43808,-591.23511,407.99017,-98.63007,-911.8252,458.2399,118.4967,-621.05499,147.80508,-354.56613,NA,NA,NA
150,1.49,-723.69196,1390.71655,163.35059,-763.05951,1467.66162,-127.4155,-640.83618,1413.13306,-25.07572,-841.95831,1424.61072,77.44329,-573.20917,1242.57629,-64.55155,-953.66998,1229.68481,-30.46611,-769.50116,1142.47253,88.99506,-762.25122,1236.39978,-158.11472,-497.69107,920.26611,-95.9461,-1027.04211,974.81946,-132.32272,-448.63837,736.62079,24.56756,-1124.43262,753.23059,-127.77708,-654.02515,862.77808,109.13686,-853.34003,857.71307,117.58055,-767.84857,850.69434,-206.19719,-589.27338,406.49536,-76.45438,-912.80463,459.95694,130.92438,-621.17615,154.87927,-339.28677,NA,NA,NA
151,1.5,-724.7334,1391.21545,171.32085,-765.55566,1468.11548,-116.6508,-642.20514,1413.72668,-13.81096,-843.70917,1425.1416,88.93527,-574.87329,1243.46729,-55.0955,-954.87372,1230.0769,-17.01697,-769.67065,1143.64648,102.10818,-765.07892,1237.22205,-146.97058,-501.00159,921.53949,-89.37587,-1029.67712,974.38165,-116.90776,-449.19205,736.9245,28.43099,-1126.8551,752.73608,-110.35223,-656.1261,863.72333,118.74409,-855.47211,858.6814,131.66824,-770.34924,850.81738,-194.96385,-586.51917,405.77057,-53.34062,-913.98145,461.9801,142.18155,-620.5069,162.69624,-322.84351,NA,NA,NA
152,1.51,-725.0401,1393.63879,185.09146,-767.96503,1468.62952,-104.66202,-644.06116,1415.3197,-4.05513,-845.0224,1426.61182,100.56285,-576.71973,1245.08301,-45.39638,-955.97198,1231.07886,-3.37079,-769.48676,1143.11023,108.91936,-767.91492,1238.51379,-135.9735,-504.25635,922.64136,-81.74651,-1031.53589,973.94592,-100.86205,-449.67352,736.80737,32.54982,-1129.67456,753.58746,-94.7196,-657.57733,863.95746,130.39632,-857.42828,860.31873,145.50002,-772.95148,851.13971,-183.04932,-583.41632,405.94794,-30.8146,-916.10876,464.63361,152.5611,-620.0708,170.17068,-304.39267,NA,NA,NA
153,1.52,-724.26776,1395.77563,201.50648,-770.09668,1469.78992,-94.2672,-646.24255,1416.8866,7.83477,-845.74628,1427.70044,112.93674,-577.25903,1245.91833,-35.72058,-957.00604,1232.24805,10.24138,-768.99689,1145.27905,123.39619,-769.79053,1239.93152,-124.40797,-506.8588,923.98615,-74.76833,-1034.33777,975.43909,-85.79395,-450.55356,737.13831,35.96445,-1131.36096,754.66937,-76.10856,-659.46967,865.54456,141.89792,-858.83502,862.64587,159.18707,-774.7323,852.08887,-172.55356,-578.47791,405.83966,-8.24306,-917.52295,465.51306,164.41913,-619.75555,179.36403,-285.38626,NA,NA,NA
154,1.53,-724.75903,1398.69617,213.05562,-772.02155,1471.32507,-82.43578,-647.46747,1418.89917,18.35478,-847.44983,1428.88452,124.48673,-578.65942,1247.79321,-26.2252,-957.79987,1233.43506,23.46198,-768.45209,1145.40271,131.14636,-771.86237,1241.49976,-112.66946,-509.23923,925.21558,-67.5853,-1036.14355,975.40558,-69.47525,-450.70166,737.74188,40.00994,-1133.34351,755.54315,-57.07903,-659.698,867.00763,152.94568,-860.3678,863.62976,172.55475,-776.31,852.32031,-161.49008,-574.55573,407.72116,12.51477,-919.24249,465.57877,168.18333,-619.93817,187.57867,-263.28958,NA,NA,NA
155,1.54,-725.40778,1398.52747,218.50993,-773.9292,1472.77905,-70.7063,-648.23755,1420.69116,29.01789,-847.36322,1429.71838,135.89102,-579.72638,1249.53015,-17.18168,-958.08783,1234.65491,37.761,-767.66827,1148.08081,146.32938,-773.9082,1243.66516,-101.90887,-511.52954,926.61792,-59.52404,-1038.17822,976.00989,-52.92364,-450.72107,738.67438,43.98225,-1134.69287,757.02008,-37.99718,-660.61713,867.75616,164.35912,-862.02728,865.34552,184.69838,-777.04779,852.43054,-150.51451,-571.5285,410.39725,33.16309,-921.29816,464.97412,176.73331,-620.51373,196.35205,-241.78912,NA,NA,NA
156,1.55,-724.7995,1401.26697,233.85936,-775.98865,1474.73987,-60.05681,-649.32635,1423.49219,39.80194,-846.98438,1430.76477,148.05492,-580.5177,1251.4502,-8.38146,-958.27008,1236.10657,50.99713,-766.37054,1150.98816,158.85925,-776.04718,1246.31482,-92.15028,-512.91718,928.68628,-51.56893,-1040.63892,977.82312,-35.73991,-450.08539,740.26685,47.60506,-1135.53735,756.66046,-15.45115,-661.48749,868.07861,173.71829,-862.67438,867.38226,196.06207,-778.68835,853.51422,-139.44412,-568.96216,413.69354,53.59703,-923.48486,465.62146,186.16333,-622.4303,203.3934,-219.47974,NA,NA,NA
157,1.56,-724.46838,1402.72778,244.38193,-777.01758,1476.74805,-48.55593,-650.15155,1425.48486,50.07825,-847.92871,1431.45825,159.06065,-580.86365,1253.28455,0.57141,-958.16412,1237.73254,64.04744,-764.81067,1151.02051,168.87337,-777.21991,1247.56042,-80.76577,-514.15588,929.96307,-43.01221,-1042.3877,978.32745,-18.5108,-449.84128,741.92242,51.74895,-1137.21155,758.68597,4.50909,-660.62842,869.31122,184.82993,-863.2912,869.23785,208.47206,-779.8515,855.06042,-128.34047,-565.39069,417.00385,73.98799,-926.65222,463.75815,193.05571,-624.58887,209.28963,-197.94104,NA,NA,NA
158,1.57,-724.07782,1403.91296,255.17101,-778.29822,1479.19421,-36.7196,-650.34064,1428.65674,61.07951,-848.698,1432.68103,170.68195,-581.34534,1254.63647,9.23062,-957.67358,1239.72534,76.48329,-763.47522,1152.90833,177.89655,-778.39856,1249.99585,-70.18483,-514.68134,932.42426,-36.87824,-1044.0061,979.74548,-1.71834,-450.23483,744.04712,56.61663,-1138.34509,759.39478,26.06643,-660.17511,869.60706,194.51428,-863.75616,871.38788,220.9304,-781.5246,856.99835,-117.93092,-561.83704,421.37134,95.46967,-930.61383,461.38397,198.57317,-628.02277,214.65761,-178.2171,NA,NA,NA
159,1.58,-723.12219,1405.24866,265.76587,-779.05634,1481.41846,-25.7253,-650.8175,1431.099,71.74644,-848.22144,1433.75696,181.92752,-581.69745,1256.86353,16.89826,-957.30664,1241.74243,89.29121,-761.97296,1154.66211,187.75517,-780.18134,1252.61853,-60.36694,-515.27252,934.30725,-29.57409,-1045.46692,980.33563,15.65858,-449.84903,745.87714,61.01386,-1138.00012,760.24084,47.67855,-660.00104,870.72961,204.75624,-863.72064,873.72253,231.76204,-782.89459,859.90137,-107.32525,-559.59851,426.01089,116.03825,-932.72546,460.54691,208.01593,-629.7334,217.89452,-156.76855,NA,NA,NA
160,1.59,-722.76947,1406.56775,276.63434,-779.83307,1484.7113,-14.29205,-650.86731,1433.47034,81.8141,-847.74133,1434.81287,193.50356,-581.97742,1259.13391,25.01263,-956.85254,1243.94641,101.99438,-759.03119,1156.77319,199.698,-781.24377,1255.14294,-49.97829,-516.82465,936.04584,-22.19618,-1046.89465,982.55719,31.93398,-449.69504,748.20581,65.85921,-1137.67249,762.24933,69.71138,-659.39813,871.32391,213.44838,-863.04456,874.4267,237.47678,-784.78589,862.98206,-98.16965,-555.76654,431.41824,137.46019,-935.47961,457.37061,210.90077,-630.51208,219.47023,-133.83629,NA,NA,NA
161,1.6,-721.99225,1407.80432,286.10825,-780.24097,1487.49414,-2.94325,-650.7301,1436.6554,92.02165,-847.25452,1436.89429,205.29187,-582.61078,1261.01855,32.95046,-956.35284,1246.62549,114.14923,-757.58759,1157.79553,207.43872,-782.48169,1257.28723,-38.96955,-516.76563,938.79242,-15.32606,-1048.30139,984.16064,49.54045,-449.06589,750.38239,71.41342,-1136.97327,763.07568,93.0305,-656.83319,874.31866,224.71773,-862.3916,876.70703,246.42827,-785.48938,865.5423,-86.54508,-552.22412,437.62875,157.04254,-937.00049,453.56479,211.02548,-631.01971,219.54897,-109.91791,NA,NA,NA
162,1.61,-721.34241,1409.32715,296.78464,-780.64966,1491.28149,8.64459,-650.43439,1439.12305,102.9157,-846.61047,1438.78381,216.00891,-582.49286,1263.42139,40.84908,-955.73956,1249.21362,126.73892,-754.09125,1163.43689,222.63187,-783.30017,1259.97998,-29.06032,-518.25287,940.96814,-8.42733,-1048.23438,985.21918,67.10944,-448.8187,752.81201,76.16112,-1135.63013,765.33771,115.13122,-655.00708,877.13702,234.45081,-860.2356,879.33905,257.07196,-786.85181,868.86469,-76.87865,-550.06543,444.42963,176.97011,-937.41992,450.49652,211.66956,-630.49841,218.299,-85.07174,NA,NA,NA
163,1.62,-720.41779,1410.87451,307.27405,-780.76776,1493.89929,19.73565,-650.50354,1441.83899,112.77328,-846.20648,1440.45752,226.71083,-582.6839,1265.16675,49.56916,-955.1778,1252.12109,138.23865,-752.53076,1166.03943,232.65558,-784.63953,1262.7998,-18.30641,-519.40283,943.79114,-3.07566,-1049.42297,986.80548,84.36144,-448.6373,755.50354,81.06372,-1134.52747,767.00146,137.08344,-652.99432,879.67987,244.03979,-856.83295,881.04205,267.41464,-787.4751,871.70856,-67.29295,-546.81464,451.04022,194.67754,-940.18707,449.93018,211.08728,-629.68799,214.23451,-58.18264,NA,NA,NA
164,1.63,-719.41107,1412.50208,317.55185,-780.60712,1496.53259,29.70239,-650.37897,1444.09216,124.11422,-845.04626,1441.70276,237.04861,-583.04822,1267.37488,57.37702,-954.06757,1254.5835,149.40433,-750.20361,1167.98083,242.11185,-785.02472,1264.92932,-8.21367,-519.41284,946.71741,3.20277,-1050.53455,989.73096,99.92693,-448.23541,757.8504,85.90092,-1131.61426,769.08008,160.94624,-652.14453,882.18353,251.88239,-853.96478,883.15509,274.54474,-788.1568,874.23578,-57.86626,-544.1712,457.74106,212.00272,-940.40649,449.82645,211.64896,-629.47083,211.22308,-31.85642,NA,NA,NA
165,1.64,-717.59863,1413.6554,327.51105,-780.41516,1498.64929,41.06668,-649.35919,1445.84924,133.31332,-843.92908,1443.71497,248.78873,-583.43842,1270.08582,64.94751,-953.85364,1257.151,161.41949,-748.47668,1170.71069,251.91884,-785.92963,1267.01611,2.384,-521.30707,948.61102,9.29163,-1050.71033,991.59247,116.71964,-447.20831,760.35376,90.90711,-1128.7196,771.46655,183.83006,-649.17468,885.40649,260.53888,-851.31494,885.21173,282.61453,-788.61475,877.59021,-48.86626,-542.38672,462.9696,227.89851,-938.79163,449.58292,214.91623,-629.26807,205.39841,-4.6779,NA,NA,NA
166,1.65,-716.32953,1415.10632,337.78998,-779.97693,1500.51221,51.59355,-648.72522,1447.2312,144.69479,-843.3363,1445.93542,259.1163,-583.56555,1271.70239,73.7803,-952.87952,1259.82837,172.49147,-746.94678,1172.82446,260.46579,-786.99707,1269.45496,12.02781,-522.8941,950.81531,14.84864,-1050.70447,994.15338,133.47427,-446.23801,763.14136,92.90444,-1125.28369,773.40723,207.42648,-646.46228,888.71094,270.47733,-849.11023,887.40326,291.34161,-788.60461,879.84113,-38.52446,-539.91412,469.66684,242.87372,-940.07318,449.8186,217.06882,-628.22052,198.94046,23.24637,NA,NA,NA
167,1.66,-715.19556,1416.6803,347.90686,-779.48181,1502.17456,61.42865,-647.89117,1449.05896,153.37888,-842.5127,1447.27881,269.43622,-584.05292,1273.45923,82.19904,-952.18652,1261.68176,184.1087,-746.39832,1175.6814,272.41687,-787.16815,1270.90955,22.74381,-524.18994,952.99731,21.34495,-1050.57935,996.32379,150.28307,-445.89487,764.23254,97.6346,-1121.5957,775.33514,230.98271,-644.22748,891.41394,280.95337,-846.24896,888.86755,299.3728,-788.44342,882.18304,-29.72534,-539.43365,475.56204,255.92398,-939.30109,449.20755,220.48227,-626.90314,191.83147,50.60938,NA,NA,NA
168,1.67,-713.07025,1417.55798,357.88989,-778.85242,1503.61755,72.50163,-647.05115,1450.6394,162.48801,-840.56482,1448.73486,279.58206,-584.19861,1275.13953,91.32543,-950.96753,1263.91565,195.58513,-744.47058,1177.63879,281.88773,-787.48669,1271.82581,33.81739,-525.27747,954.9989,28.08113,-1050.99707,998.26245,166.67235,-446.13907,766.48657,103.76482,-1117.69946,777.37219,253.26852,-643.54315,894.02313,288.41992,-843.28247,890.91974,306.992,-787.80566,883.29626,-19.57107,-538.28033,480.45956,268.56625,-938.36182,449.6644,223.47241,-624.60632,183.88579,79.47237,NA,NA,NA
169,1.68,-712.03851,1418.72046,368.13733,-778.20819,1504.40051,83.26158,-646.11108,1451.40503,172.16368,-838.66888,1449.98938,292.16919,-584.28589,1276.2782,99.18071,-949.96881,1266.17859,206.76662,-744.43579,1180.03088,292.85422,-788.12738,1272.74316,43.89637,-527.01617,957.0238,34.04183,-1050.08765,1000.10687,183.32339,-445.70883,767.99127,108.40857,-1113.65247,779.39502,275.78497,-640.87561,895.80994,297.73508,-840.92303,892.75195,315.48474,-787.24835,884.79004,-11.16721,-537.05438,485.30399,281.72928,-936.91541,449.91467,226.9283,-622.16071,175.59294,108.36034,NA,NA,NA
170,1.69,-710.6969,1420.23267,378.34583,-777.4884,1505.15198,93.21574,-644.91333,1452.40955,184.07103,-836.86572,1450.8291,302.59155,-584.13202,1277.41064,108.37917,-948.84882,1267.46545,218.59639,-742.32648,1180.86511,302.08676,-788.74805,1273.91492,53.12249,-527.19366,959.17542,38.53525,-1050.32422,1002.22815,198.89627,-445.33008,769.26208,111.51627,-1108.88562,780.90405,298.8667,-638.76904,897.45282,307.8063,-839.63489,893.73132,324.31274,-786.2674,886.3642,-1.87832,-536.73657,489.57458,294.29077,-934.38605,449.55487,230.58224,-617.07574,166.90425,137.14799,NA,NA,NA
171,1.7,-708.43073,1420.53943,388.22232,-776.67365,1505.59204,102.3223,-643.5069,1452.25342,194.33624,-835.4458,1451.56909,313.20532,-584.61749,1277.74768,117.51991,-947.78607,1268.54138,230.18077,-739.70032,1181.2644,311.55417,-789.17206,1274.79626,63.81146,-528.62988,959.61304,45.97016,-1050.17944,1003.49799,214.72495,-444.60486,769.89056,116.51266,-1103.89526,782.87329,321.15656,-638.28534,898.8075,315.2337,-838.18103,894.82483,333.81982,-785.1499,886.60162,8.19122,-535.78864,493.94714,306.52219,-931.83038,449.08289,234.38847,-612.26904,157.82622,166.74155,NA,NA,NA
172,1.71,-706.54248,1421.31152,398.14206,-775.90192,1505.49988,112.74145,-642.36768,1452.40344,204.20134,-834.02039,1452.35535,323.65976,-584.0722,1278.50647,126.32938,-946.59351,1269.36389,242.6093,-738.08435,1181.6073,321.76376,-789.26337,1274.6499,74.56678,-529.36084,960.9353,52.18832,-1049.34058,1004.73059,231.00443,-444.74969,770.4516,123.02721,-1099.03113,784.51703,343.20053,-636.61554,899.89832,325.58459,-836.74908,895.63165,343.26163,-783.37018,886.82837,17.20766,-535.36658,496.34671,318.94101,-928.71381,448.56119,239.47696,-606.49554,149.79735,197.16167,NA,NA,NA
173,1.72,-704.26288,1421.11633,407.86639,-775.05267,1505.3772,123.47916,-641.58453,1452.26257,213.97694,-832.23657,1452.68469,334.31494,-583.78461,1278.53271,134.69388,-944.83832,1269.42383,254.6348,-737.93549,1183.17078,332.54108,-789.00177,1274.64832,85.35223,-530.85339,960.93683,61.27277,-1048.60962,1005.59174,247.14272,-443.71793,770.49341,127.00178,-1093.19446,786.02277,365.1189,-634.73914,900.36597,335.75177,-834.78821,895.78174,352.97061,-781.92352,886.89655,26.96269,-534.59241,499.52621,331.31149,-926.23474,447.99521,244.27318,-600.60785,143.22604,226.89366,NA,NA,NA
174,1.73,-702.48694,1421.41016,418.19189,-773.96027,1505.09204,133.705,-640.1488,1451.48047,225.46198,-830.00647,1452.53101,344.42255,-583.61121,1278.38623,144.17593,-943.48206,1269.76868,266.29831,-735.50458,1181.99036,342.06113,-789.34052,1274.73181,95.59237,-529.95544,961.72125,66.60576,-1048.34155,1005.35748,262.59384,-443.35818,770.10107,132.6123,-1087.14465,786.65509,388.5289,-634.54083,900.53687,343.77145,-834.42102,895.91095,363.07071,-780.1123,886.80725,36.92388,-534.47314,500.48868,341.90723,-922.35913,447.51678,249.11719,-592.47937,136.50101,258.14789,NA,NA,NA
175,1.74,-700.28955,1421.01086,428.27472,-772.94934,1504.59753,143.41209,-638.86829,1450.90686,234.1304,-828.30389,1452.69629,355.23639,-582.97516,1277.45813,153.63554,-941.76135,1269.75793,277.97678,-735.08453,1177.96472,346.31229,-788.70538,1273.9552,106.65304,-531.23816,961.09808,74.26984,-1047.81677,1005.96552,278.89767,-442.09064,769.93286,137.26256,-1081.27319,788.14264,410.26025,-632.49786,899.52008,354.03317,-833.07867,895.22278,372.96378,-778.2312,886.37103,46.55694,-534.67889,501.16949,353.40079,-919.1767,446.86133,255.05464,-582.7038,130.31004,289.02023,NA,NA,NA
176,1.75,-697.78302,1420.22009,438.13843,-771.84698,1503.79907,153.77466,-637.54272,1450.51855,242.98694,-825.87604,1451.79578,365.61862,-582.17084,1276.49219,163.24791,-940.01154,1268.88965,290.68903,-733.08691,1177.40845,356.6409,-788.34833,1273.45569,117.15264,-530.54803,960.58551,83.23922,-1047.34839,1005.78784,294.37518,-441.65787,769.0838,143.71381,-1074.94592,789.46191,431.83179,-631.7121,898.58374,364.11108,-831.75195,893.36938,383.16406,-776.03003,885.78162,55.96634,-534.64001,501.9762,364.49466,-916.03101,446.2085,260.26245,-574.10211,124.61929,319.72043,NA,NA,NA
177,1.76,-695.89911,1419.57214,448.37186,-770.65686,1502.89319,164.90398,-635.73157,1449.62207,252.16016,-824.54541,1451.49524,376.39294,-580.99573,1275.57642,172.82825,-938.13861,1268.65051,301.76883,-730.51501,1177.05127,371.10886,-787.80475,1272.78613,127.70707,-531.31403,959.86969,89.80843,-1045.81177,1005.07471,310.99802,-440.20181,768.02972,149.26341,-1068.91711,790.60095,453.24402,-630.72583,896.50232,373.39459,-831.20331,892.14679,393.05728,-774.48511,886.10687,65.80789,-534.54858,501.55893,375.05975,-912.78619,445.04999,265.42477,-564.51465,118.83423,351.08496,NA,NA,NA
178,1.77,-693.5459,1418.73083,458.47879,-769.24274,1502.02002,174.36746,-633.80847,1448.28943,262.36227,-822.09827,1450.06848,387.06342,-580.09802,1273.90662,182.73776,-935.97266,1266.85596,314.39429,-728.5473,1173.61194,376.2652,-786.95801,1271.93921,138.09135,-531.00311,958.15442,98.97361,-1044.44507,1004.95929,327.24844,-439.23154,767.20087,155.74991,-1062.22913,791.95123,474.00146,-629.09546,894.8855,382.32767,-830.33319,889.90277,402.48431,-772.18011,885.26801,74.7473,-534.79553,500.48389,386.23743,-910.33173,443.94208,270.62683,-555.1582,115.3689,381.70541,NA,NA,NA
179,1.78,-690.95752,1417.28101,468.65698,-767.79077,1500.9751,185.34734,-632.40765,1447.11145,272.80734,-819.61108,1448.84827,397.57214,-578.78247,1272.224,192.20697,-933.09833,1265.60876,326.96457,-726.59833,1171.68872,387.90347,-786.26129,1270.85999,149.27092,-530.51813,957.04401,108.45803,-1043.23474,1004.61151,342.27438,-438.56787,765.87817,163.38596,-1055.17664,792.98883,494.20398,-627.83777,892.97363,391.43835,-829.56525,887.67291,412.25461,-769.17303,884.40936,84.45557,-535.14868,499.36139,395.70721,-908.74158,442.34155,276.1835,-546.01025,112.44289,411.87463,NA,NA,NA
180,1.79,-688.22369,1415.88525,478.87671,-766.23724,1499.48438,195.5,-630.41577,1445.875,282.64749,-817.3067,1447.52881,408.35928,-577.09467,1270.56042,201.62386,-930.90088,1264.09009,339.1196,-724.26367,1169.40076,398.04431,-784.63318,1269.13721,160.65904,-529.63867,955.94885,115.88072,-1040.24304,1002.82489,360.70581,-436.30237,764.01611,170.10141,-1048.70947,794.22449,514.42596,-626.51672,890.47253,402.09998,-828.53198,885.67096,421.87418,-765.66443,883.83649,93.80263,-535.73956,495.99066,405.20285,-907.83722,441.05133,280.53839,-536.53522,111.02886,442.7774,NA,NA,NA
181,1.8,-684.69098,1414.07739,488.64542,-764.5274,1498.00488,206.15952,-628.25806,1444.52234,292.42715,-815.16504,1446.17981,419.01212,-575.40845,1269.12085,211.55162,-928.24762,1262.40222,350.51178,-721.36401,1168.66968,409.41458,-783.0105,1267.57361,171.54738,-529.37518,954.23248,124.84999,-1037.40527,1001.93903,377.02261,-434.66574,763.15643,176.43346,-1041.91125,795.44403,534.12238,-624.85791,887.62292,411.0235,-826.58966,882.41345,430.39343,-763.10431,883.57263,103.31435,-536.59949,493.35556,413.12122,-905.90839,439.17487,287.33646,-528.71625,112.81969,470.9917,NA,NA,NA
182,1.81,-682.13947,1412.78784,499.04593,-762.77789,1496.45276,216.25883,-626.47742,1442.86658,303.10504,-812.55688,1444.37451,429.71545,-574.13068,1267.60376,221.64734,-925.72833,1260.86023,362.30124,-718.79474,1165.36157,418.31964,-781.20728,1266.28723,182.29591,-528.08344,952.92041,134.50243,-1034.20728,1000.99036,393.39529,-433.16791,762.12067,183.8783,-1034.88354,796.59296,553.18951,-623.13556,885.26788,421.40796,-825.31757,880.5437,441.14566,-759.78839,882.74951,113.24776,-537.74139,489.0531,421.90402,-904.88446,437.81482,292.67511,-520.97119,114.73995,498.40283,NA,NA,NA
183,1.82,-679.35681,1410.91016,509.401,-760.79944,1494.57727,226.89183,-623.91937,1441.65442,311.5871,-809.93097,1442.7561,440.30402,-571.78302,1265.29065,232.06175,-922.53265,1259.04102,373.4856,-716.34552,1161.81262,429.98322,-779.14856,1264.8396,192.71248,-526.9433,950.89447,144.39883,-1030.34253,999.80353,409.11758,-431.09637,760.44135,191.71339,-1027.78711,797.8399,572.00696,-621.62128,882.53412,431.70193,-823.52313,877.90674,451.30933,-756.24915,880.95715,123.65917,-537.49347,484.69849,430.97385,-903.4104,436.3457,298.57672,-514.93628,118.73437,525.54712,NA,NA,NA
184,1.83,-675.93768,1409.97644,519.35669,-758.54449,1493.07458,237.6969,-621.39539,1439.85132,323.1965,-806.88416,1440.65051,450.87527,-568.66467,1263.75574,242.14049,-919.52777,1257.38367,384.62018,-711.81738,1162.95825,446.22195,-777.24402,1263.11914,203.11987,-525.76685,949.19147,153.82224,-1026.28711,998.6554,424.59671,-428.67126,758.60706,199.78041,-1020.74426,799.35205,589.89783,-619.74457,880.26648,442.25742,-822.05682,875.71686,461.60712,-753.12506,880.14978,134.27225,-535.53937,481.54297,438.79593,-901.37158,434.96182,304.20065,-509.66583,122.92259,548.25616,NA,NA,NA
185,1.84,-672.70807,1408.25354,529.82538,-756.04071,1491.32739,248.53566,-618.60138,1438.45142,333.56323,-803.67847,1439.03101,461.65891,-566.2594,1262.08301,252.5681,-916.3432,1255.71753,395.49103,-711.21387,1158.25085,451.98239,-774.27881,1261.54834,213.81245,-524.5498,947.54828,164.79736,-1021.63586,997.61639,439.02292,-426.14462,757.53845,207.77536,-1013.95526,800.86694,607.75769,-618.72974,877.36987,452.44077,-819.56696,873.54346,472.07846,-749.40955,878.57709,144.61824,-532.81494,479.62759,449.79678,-898.91589,433.14767,310.62051,-504.91971,127.10061,569.01477,NA,NA,NA
186,1.85,-669.2486,1407.18665,540.17474,-753.67987,1489.42761,259.12125,-616.0249,1437.56091,342.32834,-800.62805,1437.37964,472.41476,-563.64203,1260.23669,263.32452,-913.16492,1253.97778,406.40738,-708.52307,1158.47205,466.36331,-771.27582,1259.65063,224.62218,-522.47839,946.15729,173.32942,-1016.49677,996.42352,453.04135,-423.67963,755.74829,216.41963,-1006.8374,802.62854,624.90833,-616.13055,875.36096,463.4415,-819.55109,872.22119,483.47278,-745.44696,877.30139,154.8615,-529.61249,477.25629,462.29605,-896.25745,431.97922,316.92126,-501.57452,130.39561,589.20276,NA,NA,NA
187,1.86,-665.90704,1405.78845,550.74371,-750.77094,1487.62329,269.50632,-612.80634,1436.01404,352.43622,-797.14478,1435.44714,483.00885,-560.45911,1258.19031,274.38882,-909.92719,1252.66772,416.97287,-705.02252,1156.38342,478.23779,-767.87677,1258.09351,235.13148,-520.15698,944.77258,183.0712,-1011.30804,994.86572,466.58194,-420.63724,754.65942,224.07356,-1000.2099,804.41998,641.37781,-614.12305,873.40808,474.70285,-817.96057,870.45459,493.77155,-741.53912,874.86847,167.53578,-526.24121,475.19339,473.99197,-893.07489,431.2858,322.93692,-499.46939,133.77357,605.0658,NA,NA,NA
188,1.87,-662.79028,1404.99829,561.57959,-747.97943,1485.92126,280.14642,-609.42261,1434.71094,362.86652,-793.56354,1433.76794,493.71317,-556.58374,1256.86316,284.26553,-906.50201,1251.17041,427.57419,-702.43573,1153.68262,485.49628,-764.56946,1256.04858,246.13774,-517.81,943.32214,191.75352,-1005.92017,993.62787,478.86011,-417.06097,753.19672,233.41199,-991.69812,806.19293,657.2113,-611.27789,871.6618,486.35934,-814.63922,869.64862,504.73929,-738.3645,872.95062,178.31174,-522.65674,473.66678,485.04855,-889.26257,430.15036,329.79254,-497.03229,134.61418,619.24139,NA,NA,NA
189,1.88,-658.29614,1403.75757,571.9165,-744.94373,1484.37158,290.74356,-606.02008,1433.5614,374.90945,-789.79553,1432.40771,504.26346,-552.85321,1255.047,295.09015,-903.28979,1250.16992,438.40369,-698.80048,1153.02063,497.03448,-761.44287,1255.13818,255.86819,-514.8042,941.65607,202.2243,-1000.41583,991.83942,490.6778,-413.96622,751.65686,242.6617,-984.28705,808.47235,672.48438,-608.63275,870.39563,496.74808,-811.24829,869.37811,517.65509,-734.75317,871.49976,190.47743,-520.45673,473.19321,497.97827,-885.43256,431.01355,334.30627,-494.64746,135.04512,631.61139,NA,NA,NA
190,1.89,-654.13489,1403.41077,582.09393,-741.43323,1482.91199,300.9144,-602.52362,1433.32104,383.2041,-786.29108,1431.10901,515.12109,-549.31378,1254.13574,305.62595,-899.34137,1248.83276,449.00729,-695.31952,1153.14307,509.89548,-756.6842,1253.03162,267.49881,-511.69687,940.46088,212.42899,-994.38995,989.5058,501.40973,-410.59106,750.42493,251.16568,-978.32819,810.45673,687.03607,-605.65356,869.69751,509.74203,-808.63763,868.25037,528.47552,-731.5639,869.66608,202.23805,-518.4812,473.2016,509.73361,-881.65759,430.12909,343.50882,-491.95078,132.93956,641.09473,NA,NA,NA
191,1.9,-650.11292,1402.92017,592.71289,-737.93903,1481.80249,311.57962,-598.74615,1432.91016,394.54257,-782.54407,1430.01843,525.79572,-544.89038,1252.61438,315.47183,-895.46075,1247.98413,459.84082,-689.74237,1152.25769,517.88391,-752.79962,1251.84509,278.09268,-508.19247,939.0542,222.436,-988.56464,987.39435,511.10587,-407.17844,749.12262,260.62805,-970.88885,812.25519,700.2099,-602.13159,868.414,521.07092,-804.56653,867.65973,540.47699,-728.24408,868.5567,213.87067,-516.13654,473.23071,522.52203,-877.95435,429.78052,351.91168,-489.8793,130.00792,649.10645,NA,NA,NA
192,1.91,-646.55853,1402.40723,603.45978,-733.93915,1481.10706,321.94717,-594.85345,1432.46667,405.93002,-778.59344,1429.09961,535.83807,-540.69434,1251.35583,325.74045,-891.01306,1247.0647,470.66776,-685.7948,1151.94299,529.29828,-748.48511,1250.55481,289.23703,-503.72684,937.60876,232.54843,-982.43744,985.1861,520.18542,-402.67682,747.74866,270.69385,-964.14746,813.7915,712.92084,-597.82349,868.46051,532.78937,-799.25952,867.65399,551.42212,-724.55957,867.07684,226.52902,-514.59619,473.117,535.30609,-873.95795,429.76038,360.43649,-488.16592,126.33012,654.62781,NA,NA,NA
193,1.92,-642.80695,1402.96216,614.1507,-730.10327,1480.34741,332.55737,-590.56897,1433.11182,415.20496,-774.37915,1428.30859,546.20831,-536.54431,1250.46399,336.43036,-886.54272,1246.75037,481.72601,-680.82623,1151.12915,539.46686,-744.42505,1249.84534,299.75305,-499.97839,936.75714,243.58577,-976.26678,982.72308,528.75232,-398.74152,746.8172,280.77158,-957.35718,815.33966,724.56659,-593.44537,868.70551,544.67163,-794.09808,867.41968,563.49805,-721.6181,865.77545,238.65393,-511.83545,472.42746,546.3761,-871.2934,429.8833,370.47372,-486.80069,121.81051,658.48706,NA,NA,NA
194,1.93,-637.42957,1402.65625,624.14398,-725.83191,1480.00146,343.10406,-586.15991,1432.64209,428.62088,-770.13354,1427.67639,556.77905,-531.987,1248.92419,346.04166,-881.92664,1246.45642,492.79648,-675.28723,1152.07324,554.17126,-740.18585,1248.93848,311.28207,-495.81888,935.64734,253.76602,-970.00305,980.71283,536.71381,-394.7421,745.98444,289.86295,-950.53564,815.95819,735.43054,-589.03876,869.1864,557.77118,-789.78094,867.51495,576.51111,-718.88013,865.19983,251.34174,-509.73843,470.91022,558.61011,-867.80646,430.33066,381.01672,-485.79517,116.22454,661.98279,NA,NA,NA
195,1.94,-633.78247,1404.05713,635.25281,-721.15692,1479.72034,353.15298,-581.32538,1433.46997,437.03592,-765.79663,1427.96814,567.17578,-527.73175,1248.80762,356.71463,-877.07672,1246.00427,503.68344,-670.02844,1152.80896,563.91846,-735.42688,1248.32825,322.0379,-491.92758,935.33344,264.42947,-963.77429,978.57471,543.85394,-389.86743,744.89722,300.55801,-944.09747,816.3974,745.27783,-584.48932,868.6748,568.8338,-784.41284,866.97687,588.80786,-714.5824,864.56848,264.28082,-506.24484,469.14355,572.22803,-864.01825,430.49014,392.68671,-485.18079,111.27293,665.01746,NA,NA,NA
196,1.95,-629.14966,1404.58704,646.01685,-716.62134,1479.89099,363.798,-576.92847,1434.69287,447.44028,-761.1875,1428.52234,577.71729,-522.41846,1248.32629,366.80133,-872.16425,1246.26855,514.7785,-664.34851,1151.52417,572.56989,-730.39978,1248.08606,333.14734,-487.84366,934.45428,274.50128,-957.42932,976.73547,550.66724,-385.65631,744.33325,310.74319,-937.65039,816.08575,754.4408,-579.08002,868.90594,581.81946,-779.23175,868.05859,602.59607,-711.12817,864.28546,276.73404,-503.27557,468.38138,584.44147,-860.49573,430.52872,405.14679,-484.28867,108.75911,670.66669,NA,NA,NA
197,1.96,-624.45667,1406.17944,656.72687,-711.65564,1480.54431,374.07083,-572.33124,1435.45178,461.06268,-756.88257,1429.48767,588.35443,-517.48517,1247.71838,377.89182,-867.54108,1246.64111,526.56104,-658.95306,1154.69312,587.93378,-725.85645,1248.50269,345.05026,-483.32263,933.8844,285.77704,-951.03479,974.95343,557.96002,-380.88162,744.39069,321.46692,-930.93341,815.28168,762.97473,-573.24036,869.68359,594.17413,-773.74597,868.07037,615.04895,-706.66205,863.69281,289.99594,-498.7821,468.51605,596.71509,-857.35016,430.13425,419.52716,-483.67673,109.07159,674.33173,NA,NA,NA
198,1.97,-619.91046,1408.29126,667.4953,-706.80127,1481.10999,384.6019,-566.94745,1436.81335,470.1109,-751.86597,1430.98047,598.87537,-512.72723,1248.11414,388.58813,-862.53455,1247.60059,537.65302,-652.5545,1155.67725,599.38104,-720.64996,1249.03174,355.80267,-479.52188,934.31677,297.28622,-945.23035,973.77307,564.86664,-376.80643,744.58954,332.03299,-924.98999,815.2373,770.83203,-567.54822,870.60876,605.63446,-767.02289,869.37531,627.8573,-702.43512,864.72644,302.45023,-494.10709,469.47092,608.59393,-853.93201,430.33658,434.35098,-480.67361,109.95972,679.80072,NA,NA,NA
199,1.98,-615.38373,1410.60669,678.60895,-701.96326,1481.67456,395.27164,-562.42517,1438.59998,480.51068,-747.3642,1432.46484,609.46942,-507.82541,1248.78723,399.16245,-857.4881,1248.64343,549.12122,-647.5365,1157.29895,611.66064,-716.35107,1249.80957,367.8978,-475.00955,934.48645,308.36411,-939.96112,973.83966,571.70355,-372.33423,744.70215,342.66949,-918.62231,814.37653,778.15625,-561.83136,871.53516,617.73962,-761.62622,870.69238,641.32672,-697.25568,865.00519,314.67334,-488.3826,470.13342,620.24994,-851.03339,430.36212,450.08884,-477.82214,108.88454,684.58685,NA,NA,NA
200,1.99,-610.52948,1412.68884,689.60004,-696.79102,1482.56226,405.68539,-557.16522,1439.55493,492.76263,-742.74005,1434.20703,620.00049,-502.88556,1250.00562,409.91794,-852.80103,1250.24109,560.58539,-641.8847,1158.75635,622.11859,-710.60632,1250.75891,379.20847,-471.15634,935.00317,320.31818,-934.91614,974.51599,578.81696,-368.17984,745.57043,353.49155,-912.5188,812.97668,784.96661,-555.5611,872.94965,631.36182,-754.90436,870.69244,653.13885,-692.70282,866.15753,327.26202,-481.69135,472.15161,630.39679,-848.40222,430.38684,467.18033,-474.92035,106.34538,689.12244,NA,NA,NA
201,2,-606.06519,1415.1875,700.54694,-691.95386,1483.07507,416.27933,-552.29852,1441.17615,502.97559,-737.69586,1436.20483,630.57098,-497.94147,1250.573,421.86884,-848.04718,1252.02893,572.09985,-636.37079,1160.77942,634.66656,-706.35052,1252.22168,390.48975,-467.20483,936.0238,333.29431,-928.86523,975.57043,586.43744,-363.60208,746.74921,364.46851,-907.36322,811.65271,790.68903,-548.95807,874.62268,643.34369,-749.26367,872.48822,664.22058,-688.65698,867.96112,339.07184,-475.2684,474.07425,639.20715,-845.78113,430.52283,485.52441,-472.86453,102.30423,693.46771,NA,NA,NA
202,2.01,-601.66016,1417.34424,711.39429,-686.81531,1483.79785,426.48401,-547.60577,1442.56714,513.70215,-732.97815,1437.74744,641.22211,-493.14175,1251.85938,432.6908,-843.02661,1253.91003,583.39185,-631.82965,1162.36084,644.85229,-701.04419,1252.70776,402.50943,-462.57574,937.29309,344.72739,-923.77777,977.22681,594.18988,-359.06476,747.89252,376.07755,-901.79883,810.60901,796.74902,-543.18408,876.72461,655.22961,-742.13275,875.41449,679.33459,-683.74677,869.10535,351.23648,-469.30197,476.60596,649.86133,-843.56616,430.28387,504.67786,-470.81342,97.82465,697.13129,NA,NA,NA
203,2.02,-596.73706,1419.36389,722.27997,-681.85693,1484.52661,437.01038,-542.55737,1443.58582,524.37769,-728.46838,1439.18555,651.8233,-488.52911,1253.78955,443.63153,-838.20038,1256.05371,594.73962,-625.88831,1163.25403,654.07922,-696.75952,1255.10059,412.91296,-458.39059,938.45813,356.59814,-919.39429,980.0199,601.92468,-354.6965,749.56683,387.11859,-896.77905,809.30951,802.36359,-536.81775,879.52338,667.15485,-735.7243,877.36572,690.78625,-680.01825,871.15735,362.98413,-464.39236,478.25537,658.92139,-841.37848,430.10449,524.34332,-469.26804,95.27401,699.6344,NA,NA,NA
204,2.03,-592.41315,1421.24683,733.22406,-677.26611,1485.14539,447.71255,-537.70215,1444.27405,536.40704,-723.9353,1441.2157,662.57214,-484.01807,1255.21179,455.89001,-833.33105,1258.36792,605.85791,-621.66809,1165.90356,665.32721,-692.5954,1255.89209,424.39105,-454.01181,939.47675,370.39413,-914.93787,981.86536,610.42877,-350.55453,750.45514,399.24402,-891.30469,807.66718,807.63873,-530.47626,881.95654,679.3786,-730.14258,879.95258,703.15033,-675.22144,872.27277,374.30252,-459.29065,480.09152,667.98669,-839.51898,429.83896,545.67444,-468.76123,94.86102,700.26715,NA,NA,NA
205,2.04,-588.64532,1422.90637,744.30756,-672.39746,1486.21875,458.18732,NA,NA,NA,-719.85608,1443.09106,673.11127,-479.43039,1256.82654,467.0976,-828.81378,1260.22241,617.29114,-617.90906,1167.1261,676.69714,-687.68579,1257.00659,435.21051,-449.12201,940.99103,381.82401,-910.79199,983.63507,619.27905,-345.54526,752.56543,411.4881,-887.01343,806.49182,813.08014,-525.23779,883.87189,689.6264,-723.51593,881.17902,714.11115,-671.2699,873.29962,385.83582,-454.96573,480.9007,675.13269,-837.42255,429.87338,566.82874,-469.06464,95.41293,700.50824,NA,NA,NA
206,2.05,-584.22333,1424.66895,754.97815,-667.63312,1487.39197,468.70187,-528.66968,1445.95544,557.909,-714.65881,1444.78284,683.55786,-474.62207,1258.23022,478.67389,-824.36353,1262.172,627.94043,-613.33325,1169.60413,687.82843,-683.32886,1259.0614,445.43826,-443.6528,941.87524,393.9465,-906.97437,985.35571,628.51855,-340.84756,753.80243,422.78787,-882.24121,804.9715,818.31433,-519.02386,886.7373,702.08411,-717.9765,882.79993,725.14874,-668.13379,874.36578,396.06122,-451.33243,481.17282,681.14789,-835.47595,430.35599,587.89093,-469.10217,95.4672,700.95844,NA,NA,NA
207,2.06,-579.01117,1426.1875,765.30438,-663.08722,1488.8114,479.28287,-524.52716,1447.20886,568.59631,-710.79297,1446.96252,695.03003,-470.535,1259.99255,489.76263,-820.47321,1264.1731,638.8634,-609.16895,1171.00342,699.52332,-679.44183,1260.74182,456.81979,-438.82178,943.80554,406.13806,-903.89044,988.48505,638.10315,-336.65436,754.91388,435.99454,-879.23987,803.72327,824.36542,-513.90692,888.39648,712.25891,-712.98364,884.14691,736.28674,-664.22955,875.448,405.93018,-447.49823,479.90619,687.23572,-833.64374,431.50867,609.46368,-469.28259,95.95879,701.36993,NA,NA,NA
208,2.07,-575.12109,1427.42664,776.50513,-659.00098,1490.89624,490.49213,-520.61267,1448.9917,578.12366,-706.57202,1449.06543,705.57135,-466.39771,1261.6781,501.27121,-816.41956,1266.02246,649.42041,-605.45459,1173.34973,711.57629,-675.28003,1262.98206,466.67902,-433.54382,945.05554,419.26724,-900.62091,990.13245,648.10059,-330.95355,756.69641,448.90314,-876.6369,802.72028,830.39661,-507.67307,890.10168,723.16791,-708.05212,884.80493,746.323,-660.67529,876.58643,415.93222,-443.88873,478.73224,693.52252,-831.46802,433.60507,630.35297,-469.34192,95.90081,701.75812,NA,NA,NA
209,2.08,-571.42627,1429.09033,787.2843,-654.72174,1492.74878,501.31631,-516.54413,1449.6012,591.82806,-702.02472,1451.11743,716.35474,-461.86313,1263.36072,512.36975,-812.67163,1267.66968,659.6958,-602.41473,1172.54272,718.31244,-671.04431,1264.87817,477.26089,-427.78024,946.3974,430.69366,-898.40631,992.38245,659.07965,-327.10443,758.26379,461.47922,-874.39331,801.03503,836.40295,-503.35568,891.53906,733.8736,-703.20709,885.37537,757.01733,-657.21979,877.15106,426.56079,-439.49371,477.86426,698.84363,-829.36841,436.45801,650.3208,-469.27423,95.70425,702.3606,NA,NA,NA
210,2.09,-568.08502,1430.79504,798.26404,-650.39093,1494.49829,511.90823,-512.0036,1451.31726,599.71753,-698.61749,1453.28076,727.22394,-457.83569,1265.49963,523.58307,-809.72742,1269.69397,669.96686,-600.10052,1174.44885,730.83453,-667.76056,1267.12207,487.9696,-421.78891,947.57129,443.42435,-895.32367,994.01697,669.25311,-321.57373,759.88733,475.21649,-872.8941,799.81604,842.71637,-498.43973,893.26385,745.30823,-699.36798,886.94165,767.05774,-653.32739,878.50848,437.49045,-436.27637,475.8103,702.71625,-826.88434,439.7648,670.47754,-469.4729,95.46773,702.70758,NA,NA,NA
211,2.1,-564.40826,1431.77795,809.07379,-646.53711,1496.84583,523.11737,-508.39429,1453.07776,609.05212,-694.66144,1455.39478,737.89252,-453.99109,1267.11865,535.02039,-806.67316,1271.3656,679.88306,-597.53705,1175.2196,739.87927,-663.2359,1268.98596,498.29767,-416.46201,949.68036,455.22705,-892.48181,996.15198,679.43573,-316.28564,761.28809,488.94,-872.00427,798.79547,849.09106,-494.29626,893.92706,755.05688,-696.15833,888.15186,776.77618,-649.64502,880.01648,446.83737,-433.01312,473.85159,706.50531,-823.77075,443.05301,690.35486,-469.70142,95.33937,703.11011,NA,NA,NA
212,2.11,-561.08331,1433.46692,819.90985,-642.55194,1499.00623,533.84863,-504.52029,1453.93542,623,-691.20074,1456.58887,748.60919,-450.13379,1268.89624,546.43359,-803.77606,1273.14429,689.27917,-595.90771,1177.75781,750.58435,-658.42285,1271.42615,508.61945,-410.52258,951.07159,467.96436,-889.54718,997.83954,689.3822,-311.61346,763.41937,502.67889,-871.68658,797.50159,855.11346,-490.26935,896.20544,765.71722,-692.67065,888.83917,786.00647,-646.20117,882.46252,456.76254,-430.77042,471.86862,709.5484,-820.06073,446.94208,710.78851,-469.7554,95.31763,703.11023,NA,NA,NA
213,2.12,-557.41669,1434.59766,830.5473,-638.47137,1501.42957,544.44501,-501.1427,1456.25903,632.38245,-687.25287,1458.64429,759.41034,-446.75714,1270.84351,557.32562,-801.32111,1274.84424,698.98938,-593.11871,1178.13562,759.79382,-654.95929,1273.60571,518.74182,-404.7312,952.93829,479.18985,-886.72791,999.68665,699.10944,-306.71381,765.43671,516.65887,-871.48492,796.88153,860.58868,-486.72583,897.85364,776.32617,-690.25885,890.83289,795.81641,-642.65631,885.67035,466.4418,-427.97778,471.21033,712.24982,-815.22156,451.98129,732.71539,-469.83044,95.1265,703.2171,NA,NA,NA
214,2.13,-553.72089,1435.79785,841.33447,-635.10474,1503.92859,555.79651,-497.71713,1457.80115,644.97754,-684.22473,1460.88062,770.45068,-442.73065,1273.20129,569.15137,-798.53217,1276.71155,708.17285,-590.95557,1179.5188,770.37848,-651.60663,1276.03955,528.52576,-399.50397,955.33075,492.57016,-883.41406,1001.68658,707.91998,-301.86636,767.78815,530.75031,-871.96173,796.16968,866.04144,-484.71802,900.30157,785.69281,-687.43555,892.80817,804.94281,-639.37732,888.36414,475.35687,-428.74414,467.93814,713.3822,-809.39856,457.44928,754.63135,-470.33374,94.63042,703.15173,NA,NA,NA
215,2.14,-550.6377,1437.27368,852.11676,-631.34924,1506.56714,566.56433,-494.45132,1460.24634,654.479,-681.15564,1463.16321,781.04553,-439.435,1275.48254,580.89923,-796.02283,1278.54419,717.44891,-588.75421,1182.82385,784.3952,-648.03387,1279.18896,538.86749,-395.25824,957.04822,505.01135,-880.63031,1003.29675,716.48724,-297.27838,770.22375,545.48163,-872.68268,796.2641,871.06879,-481.79498,901.64453,794.54303,-684.87274,894.276,814.78546,-636.52069,891.61469,484.12976,-427.19528,466.5112,714.09637,-803.75665,462.20099,775.17175,-470.42804,94.59194,703.15173,NA,NA,NA
216,2.15,-547.81635,1438.6886,863.17798,-628.19696,1508.96228,577.86011,-491.00174,1461.85693,666.96741,-677.79108,1465.18555,791.97968,-435.58401,1278.41772,591.52991,-793.54504,1280.53418,726.60016,-586.82458,1183.80066,791.03162,-644.66772,1282.1344,548.896,-390.69601,958.98627,515.76282,-877.78711,1005.29651,724.44159,-292.82166,772.03259,560.46149,-873.70483,795.75458,875.48462,-479.17508,903.17847,803.16949,-681.94873,896.55951,824.48193,-633.14746,894.37701,493.16006,-425.3259,466.24606,714.95898,-796.93909,466.96024,795.51868,-470.31378,95.18427,702.20679,NA,NA,NA
217,2.16,-544.81329,1440.35461,873.86768,-623.81256,1511.23193,588.55853,-488.04279,1463.94153,677.14282,-675.47528,1467.35559,803.47729,-432.75134,1280.77942,602.94489,-791.00348,1282.5824,735.89771,-585.05646,1186.87866,804.46686,-641.27258,1284.74524,559.03571,-385.39197,961.99103,527.98877,-874.51807,1006.95825,731.3457,-289.05533,775.1524,574.09412,-874.76282,795.63458,879.24091,-476.62503,904.66699,811.31335,-679.83118,898.71283,834.15955,-629.66486,896.88226,502.77603,-424.72137,466.09592,715.44476,-792.82037,473.35855,815.34961,-470.46399,95.51975,701.75208,NA,NA,NA
218,2.17,-541.89093,1441.41699,884.78864,-622.03638,1514.07263,600.1319,-485.21857,1465.73999,688.85767,-672.263,1469.31702,814.16046,-429.33716,1283.57129,614.52814,-788.42358,1284.64453,745.28979,-583.31323,1187.50903,810.10565,-637.85583,1287.2771,569.47266,-380.68243,964.8302,540.21008,-872.05493,1008.94037,738.79114,-285.34,777.61884,589.24066,-875.63635,795.94397,882.62799,-473.30557,907.27795,821.46747,-676.9975,900.69299,843.47186,-626.41821,900.38458,511.53159,-423.67963,466.64337,716.45105,-785.6861,478.30637,834.33429,-470.89865,96.38446,700.50879,NA,NA,NA
219,2.18,-539.16681,1442.77368,895.65186,-618.89758,1515.80359,610.80981,-482.26984,1467.65039,699.23419,-669.18439,1470.12732,824.99341,-426.51556,1285.98059,624.48962,-786.33978,1286.61877,755.03717,-580.82104,1189.3623,820.68811,-634.66089,1289.82275,579.44598,-376.29761,966.81042,551.65399,-869.52136,1011.03619,746.05719,-281.11694,780.15002,603.98383,-877.32697,796.42584,885.65497,-472.32272,907.93933,827.58917,-675.21686,903.41803,852.62048,-623.33807,903.09058,520.46246,-424.58517,466.94797,716.88757,-781.98322,485.64822,851.90686,-471.32498,96.76832,699.72211,NA,NA,NA
220,2.19,-536.78558,1443.90649,906.51282,-616.24921,1518.07776,622.13379,-479.25156,1469.08777,710.72675,-666.10132,1471.4884,835.62701,-423.62805,1288.89258,635.32465,-783.69733,1288.31677,764.4704,-577.63422,1191.95996,832.12738,-631.23199,1291.92041,589.78497,-372.89532,969.38263,564.63348,-867.06653,1013.02979,752.70386,-277.87949,782.72717,618.87567,-878.71906,796.47607,888.08258,-471.04218,910.15918,835.22369,-673.38409,905.82343,862.21753,-621.31439,905.83826,530.51422,-425.01807,466.25848,718.43188,-773.53162,490.45212,868.26312,-471.55469,97.33598,698.78607,NA,NA,NA
221,2.2,-534.18665,1444.96448,917.43646,-612.74908,1519.67395,632.96783,-476.92352,1470.90991,720.948,-664.74561,1473.17566,846.90814,-421.15372,1290.6969,646.24762,-781.07965,1289.71887,774.02185,-575.95074,1193.05701,842.00171,-628.13214,1293.79089,599.90375,-367.54871,972.40247,575.89813,-864.97314,1015.10956,759.99365,-273.54782,784.10925,633.88788,-880.45795,796.61346,890.49042,-469.03662,912.08698,842.75696,-670.95514,908.05341,871.47815,-619.078,908.37665,539.28888,-425.66446,465.97675,719.01251,-769.18677,497.49286,883.11987,-471.96646,97.67892,698.68237,NA,NA,NA
222,2.21,-532.06824,1445.88342,928.35736,-610.69995,1521.29321,643.95239,-474.40851,1472.42798,731.12872,-662.51477,1474.23303,857.79272,-417.92807,1292.92651,657.0462,-778.39691,1290.9021,783.91937,-572.87909,1195.41565,853.10187,-625.06256,1295.6947,610.38324,-363.86761,974.35345,588.34045,-862.82513,1016.62732,766.45184,-270.7637,787.51111,648.8241,-882.34381,796.50366,892.59631,-467.79337,913.35614,850.47595,-668.22601,910.51141,880.76831,-616.34363,910.43945,549.03778,-425.2648,465.45416,721.98425,-762.18848,502.26318,897.63867,-472.23911,98.54961,697.17371,NA,NA,NA
223,2.22,-530.24298,1446.51587,939.48627,-608.37299,1522.88782,655.23401,-471.99863,1473.29712,744.83929,-659.91815,1474.375,868.41858,-415.069,1295.11121,667.55341,-775.99152,1292.32971,793.61969,-570.50745,1195.75696,860.63184,-622.08069,1297.09534,620.73175,-358.93683,976.36047,599.96643,-860.53131,1017.90997,773.75708,-267.52795,789.24036,663.96991,-884.6637,796.48047,894.79272,-466.62375,914.71716,857.57581,-666.28516,912.8269,889.78656,-614.10144,912.70197,558.89081,-424.13947,465.27301,724.24933,-756.45953,506.71719,910.88446,-472.7431,98.84386,696.3421,NA,NA,NA
224,2.23,-527.77509,1446.46338,950.35315,-605.85156,1523.88208,666.02386,-470.05353,1475.20068,752.44836,-657.58527,1474.85315,878.87457,-412.6723,1296.84827,678.5423,-773.50433,1293.00671,803.44489,-568.37421,1197.91284,872.17896,-618.88959,1298.21716,631.32373,-355.51959,977.84467,611.56427,-858.53021,1019.26807,780.38458,-264.19714,790.76587,678.53442,-886.45392,796.18225,896.51746,-464.5285,916.23047,865.12561,-662.9223,914.07111,898.86926,-612.06177,914.04187,568.57611,-423.96658,464.92334,728.42816,-750.52954,510.88647,923.85022,-473.26898,99.07185,696.26727,NA,NA,NA
225,2.24,-525.73779,1446.25549,961.12531,-603.41467,1524.46448,677.00336,-467.55917,1475.59778,765.97235,-656.3277,1474.81787,889.89728,-409.01105,1297.8667,690.45404,-771.03687,1293.52649,813.26996,-564.62158,1199.48462,884.91632,-616.00671,1299.33875,641.2525,-350.6467,979.63336,624.0199,-856.41022,1020.13708,787.48102,-260.1192,792.38654,694.83063,-888.68237,796.00494,898.54559,-463.40851,916.78436,872.31207,-660.9165,915.89905,908.60468,-609.88678,914.89496,578.70691,-423.79593,464.75479,731.66693,-744.47852,514.66772,936.1853,-473.27509,99.90707,697.04871,NA,NA,NA
226,2.25,-524.33527,1446.37817,972.20013,-601.56281,1525.01392,688.34436,-465.42065,1475.8186,776.94708,-654.44928,1474.32397,900.63843,-406.31219,1299.03467,701.28754,-768.30853,1293.37134,822.68726,-562.61456,1199.53064,892.12665,-612.90698,1299.78955,651.4483,-346.4567,980.96838,635.50336,-854.62891,1021.38898,794.1347,-257.23376,793.94543,710.71759,-891.07355,795.58527,900.58875,-460.74011,917.92151,880.5863,-657.99738,916.91241,918.27014,-607.55023,915.45667,589.02679,-423.85394,464.83661,734.74042,-738.73926,517.20093,948.18738,-473.505,100.25382,697.57245,NA,NA,NA
227,2.26,-522.81213,1445.97253,983.22858,-599.45044,1525.39209,699.46753,-463.13669,1476.6283,787.89758,-651.99298,1473.28784,911.12329,-403.32965,1299.8584,712.28113,-765.78973,1293.0918,832.1366,-559.92926,1200.41541,905.0614,-609.80243,1299.83875,661.80658,-342.05948,981.06079,647.48962,-851.93152,1020.76569,801.22974,-254.11566,795.01794,725.32404,-894.56213,795.32355,902.41693,-458.49884,919.02277,888.56049,-654.72809,916.87335,927.16785,-606.86938,916.17645,599.14313,-424.09436,465.44968,738.67627,-733.75555,520.12372,960.38965,-473.43051,100.62055,697.45648,NA,NA,NA
228,2.27,-520.94336,1444.95447,994.03961,-597.17249,1525.35632,710.33319,-461.34183,1476.25342,801.36487,-650.91925,1472.72424,922.04181,-401.26141,1300.47363,723.02808,-763.45886,1292.56873,841.77716,-557.56714,1199.50476,916.18817,-606.7005,1299.93323,672.25909,-337.61459,981.56866,659.80774,-850.30011,1020.8797,808.06256,-250.70714,795.54626,741.26654,-896.55664,794.83417,904.70026,-455.34091,920.44983,898.56445,-651.56354,916.64996,936.79816,-605.42419,915.69281,610.34906,-424.53201,466.18607,741.57471,-728.25812,521.78583,971.61938,-473.58023,100.93285,697.53143,NA,NA,NA
229,2.28,-520.07507,1444.10913,1005.26263,-595.4115,1524.93372,721.495,-459.45724,1476.76746,811.6723,-649.36737,1471.49658,932.74396,-398.38989,1300.63708,733.83185,-760.8974,1291.61377,851.07184,-555.55737,1198.51453,923.57813,-603.2666,1299.56018,682.22247,-332.83789,981.76831,671.59851,-848.73621,1021.04785,815.17578,-247.37912,795.72168,756.53406,-898.83221,794.15594,907.03284,-451.07584,920.82971,908.74664,-648.59515,916.34747,946.26489,-603.89856,915.7254,620.36664,-424.58209,466.1825,745.06281,-723.55231,522.99603,983.03778,-473.68195,101.43586,697.29108,NA,NA,NA
230,2.29,-518.85956,1443.11072,1016.45215,-593.09259,1524.72375,732.40924,-457.85269,1476.67285,821.75854,-647.75726,1469.77161,943.23407,-394.97394,1300.24841,745.25439,-758.76703,1290.5769,860.84833,-552.66284,1198.47473,937.35895,-600.29413,1298.80835,692.61597,-328.37497,981.77765,684.1264,-846.71246,1020.69562,822.15167,-244.34277,795.61176,773.4707,-901.30688,793.68256,910.05719,-450.34863,919.2356,915.65002,-645.03638,915.03149,956.53589,-602.42474,915.49365,631.54871,-424.5593,466.8963,750.36707,-718.33032,522.771,993.11932,-474.31216,102.38249,697.59247,NA,NA,NA
231,2.3,-517.64258,1441.43689,1027.57751,-591.4137,1523.94531,743.59796,-455.9682,1476.54529,833.12024,-646.83905,1468.23157,954.0202,-392.08466,1298.84155,756.92938,-756.31573,1289.01563,870.05145,-550.65649,1195.98462,946.85126,-597.11493,1297.76208,702.91156,-323.81738,981.38403,696.10559,-845.18713,1019.68591,828.88879,-240.52824,795.56787,787.68726,-903.81555,793.0661,912.55652,-447.90503,918.42047,926.55914,-641.92865,913.90216,966.43341,-602.42499,915.32715,641.43469,-424.43185,466.2283,755.18109,-714.13257,522.33154,1004.00934,-474.30597,102.74167,697.39624,NA,NA,NA
232,2.31,-516.50818,1440.0647,1038.52112,-589.66913,1523.45166,754.97656,-454.28427,1475.85156,845.54932,-645.63898,1466.41333,964.7793,-389.32108,1298.16577,767.52997,-754.52148,1287.77893,880.18872,-548.95966,1195.26001,955.36841,-594.31232,1297.20581,713.31055,-319.49765,980.55365,707.80347,-843.19598,1018.91223,835.7713,-237.34575,795.11353,803.25916,-906.36926,792.78271,915.16583,-445.22699,916.10303,935.3952,-639.00195,911.72644,975.94629,-601.40802,914.23511,652.30334,-423.21451,465.68317,762.09668,-709.40558,520.54114,1013.71014,-474.08795,103.17591,697.83801,NA,NA,NA
233,2.32,-515.21814,1437.93237,1049.76965,-587.98114,1522.74133,766.02533,-452.76712,1475.29456,858.01282,-644.42352,1464.10645,975.52765,-387.3309,1297.26624,779.02643,-752.46643,1286.0752,889.76794,-547.74103,1192.65796,965.61603,-591.60211,1295.88745,723.57245,-314.64658,978.76251,720.5976,-841.59613,1017.82452,842.4505,-233.66864,794.64032,818.68939,-908.59113,792.29797,918.31903,-442.28726,914.03821,945.93152,-636.23108,909.74567,987.33826,-601.26495,914.20349,662.25464,-422.68896,464.73785,768.41541,-704.9574,517.80219,1022.64978,-473.8555,102.96214,698.46771,NA,NA,NA
234,2.33,-514.87982,1436.11426,1061.0061,-586.35095,1521.54187,777.4458,-451.1416,1474.51563,869.1217,-643.8197,1461.84204,986.41046,-384.79529,1295.77063,790.04999,-750.46216,1284.3457,899.47754,-545.1662,1191.995,979.20282,-588.93457,1294.59814,734.13635,-310.28006,977.69714,733.40649,-839.06964,1015.73669,849.82092,-230.51849,793.49292,835.31769,-910.59027,791.82782,921.38214,-439.89594,912.55627,955.70221,-633.81073,908.13226,998.03766,-600.75043,913.38605,673.07117,-421.65479,462.7341,774.8288,-700.77026,514.7854,1031.1427,-473.4874,103.3848,698.96442,NA,NA,NA
235,2.34,-514.03766,1433.76453,1072.04041,-584.90723,1520.43066,788.68481,-450.00278,1473.35913,881.23541,-642.5907,1459.41553,996.84302,-382.33075,1294.76123,801.13672,-748.48309,1282.50659,909.3042,-544.15125,1189.50427,986.79291,-586.51239,1293.32202,744.42603,-305.81467,976.0498,745.16626,-837.53015,1014.80072,857.0379,-227.31564,793.42401,850.12494,-912.51318,791.37531,924.5564,-436.8255,909.46735,965.90625,-630.40411,905.07465,1008.93677,-600.15485,912.54309,683.11072,-418.80182,460.9043,781.96283,-697.25183,511.46744,1039.46082,-473.60919,102.95538,699.77002,NA,NA,NA
236,2.35,-512.92084,1431.40125,1082.92712,-583.40808,1518.84985,799.82159,-448.59805,1472.38135,891.53259,-641.68335,1456.63159,1007.5058,-380.44971,1292.69763,812.34839,-746.73132,1280.80042,919.30786,-541.68872,1190.14624,1002.14471,-583.7597,1291.53027,754.93396,-301.36426,974.48529,758.47064,-835.56244,1013.47687,864.12585,-224.83322,792.06781,865.40881,-914.00732,790.87036,927.72565,-434.37537,907.37494,975.62067,-627.56555,902.75214,1020.52313,-599.17401,910.9751,693.85315,-416.80161,459.74063,787.87311,-693.7392,507.70053,1047.74829,-473.38144,103.43779,700.71912,NA,NA,NA
237,2.36,-512.30811,1429.05286,1093.96362,-581.97748,1517.54321,810.85309,-447.31808,1471.06152,902.5191,-640.58862,1453.86841,1018.26672,-378.18021,1291.11926,823.30463,-744.93042,1278.96655,929.4173,-540.47638,1185.29333,1007.15601,-582.58264,1289.79871,765.20557,-298.65872,973.00012,770.29321,-834.16925,1012.56927,871.48016,-222.16208,792.02606,879.77948,-915.46021,790.2113,930.98322,-431.52014,904.44159,986.94647,-624.95105,900.25159,1032.50696,-598.95032,909.51477,704.29572,-414.64371,458.25116,796.43622,-689.78046,503.63062,1056.5647,-472.67776,104.36884,701.13397,NA,NA,NA
238,2.37,-511.77036,1426.61768,1105.16992,-580.59821,1516.047,821.88428,-446.1879,1469.83264,913.46777,-639.6701,1451.58936,1028.89478,-377.07101,1289.62366,832.94257,-743.41846,1277.13293,939.65204,-538.73834,1183.20715,1018.27759,-580.7132,1288.09277,775.68359,-295.58304,970.89508,784.30457,-832.14868,1010.57813,879.52679,-219.04724,790.89673,894.98511,-916.72137,789.98828,934.37317,-428.80258,902.71674,997.64374,-622.72205,898.14178,1044.42993,-597.98438,907.91888,715.354,-411.55038,456.74475,802.526,-687.06335,501.81927,1067.12488,-472.5188,104.70705,702.42242,NA,NA,NA
239,2.38,-510.80603,1424.26355,1116.00085,-579.37256,1514.77722,833.18951,-445.16074,1468.04846,925.11859,-638.90485,1449.4408,1039.61841,-374.83029,1287.38965,845.09473,-741.99268,1275.328,950.06738,-536.771,1183.05066,1033.11389,-577.90961,1285.32629,787.00482,-291.92932,969.67548,796.77173,-830.26514,1009.17822,887.58832,-216.83855,789.5957,909.44177,-918.4118,789.6214,937.27869,-426.46893,900.09576,1007.12146,-620.00671,896.05243,1056.09949,-596.93945,905.51508,727.04279,-409.77423,455.18033,809.70081,-684.57611,499.87253,1078.61926,-472.00076,105.98999,703.91504,NA,NA,NA
240,2.39,-510.0885,1421.79248,1126.86743,-578.27466,1513.2793,844.23358,-444.06619,1466.10986,936.09344,-637.89587,1447.01978,1050.36853,-374.20532,1286.16321,855.18597,-740.72943,1273.42407,960.81604,-535.08539,1182.17334,1043.48145,-577.93951,1284.323,796.96429,-289.22488,967.62018,809.78516,-829.40051,1007.64508,894.81488,-214.87895,789.30347,923.2027,-919.21069,788.38568,941.84906,-424.27386,898.35846,1018.24518,-617.30908,893.72034,1067.75635,-595.15582,903.17365,737.80792,-407.61789,453.97018,816.7854,-682.75403,498.30972,1091.94958,-472.16629,106.39104,704.80762,NA,NA,NA
241,2.4,-509.90546,1418.60107,1136.11755,-577.2124,1511.76404,855.15192,-442.98868,1464.27588,948.12518,-636.98682,1445.10535,1061.0343,-372.84296,1284.34314,865.78802,-739.57416,1271.58716,971.67297,-532.99335,1179.44763,1051.75818,-575.84515,1281.32251,807.9295,-288.53229,966.01105,824.29016,-827.82178,1006.48877,903.2818,-213.25323,787.65271,937.50153,-919.59021,787.45764,945.8681,-422.39392,897.07037,1028.90698,-615.43182,892.55316,1080.43335,-594.37756,901.28156,750.04425,-406.4371,453.61157,823.75909,-680.94983,496.46008,1104.90967,-471.48578,107.94028,705.77032,NA,NA,NA
242,2.41,-508.25644,1417.49829,1148.32043,-576.06409,1510.10669,865.99884,-441.72574,1462.4082,958.60388,-636.23737,1442.98779,1071.81372,-372.04843,1282.82605,875.76965,-738.39819,1269.75281,982.67572,-531.51276,1179.16858,1065.45764,-576.0202,1279.83545,818.48004,-287.33948,964.40887,837.28693,-826.862,1005.23224,912.19757,-211.4686,787.32196,950.31323,-920.77057,787.2793,951.04785,-419.83273,895.89575,1039.57935,-612.11151,890.0683,1092.03357,-594.43304,899.10144,761.11383,-404.7984,453.32434,832.14587,-678.25488,494.49069,1118.13196,-472.2424,109.32989,707.04266,NA,NA,NA
243,2.42,-507.97684,1415.58044,1159.20667,-575.18713,1508.49121,876.81366,-441.19,1461.0531,968.47778,-635.07617,1440.88867,1082.30603,-371.06473,1281.80664,885.44061,-737.6261,1268.09058,993.77313,-529.92279,1178.25159,1075.67346,-575.13672,1277.23389,829.73297,-285.35034,963.12872,848.12665,-825.36719,1003.84393,921.8479,-210.16052,787.2934,963.51208,-920.63794,786.10565,956.58368,-417.6311,895.86725,1052.21106,-609.64636,889.27991,1104.55664,-592.70282,895.69482,773.69055,-404.42865,452.97,839.88989,-674.33307,493.44739,1132.00977,-472.14886,111.72559,708.07874,NA,NA,NA
244,2.43,-507.27924,1414.0304,1169.90601,-574.32098,1507.0542,887.54742,-440.44833,1459.35791,979.25623,-634.85614,1439.48364,1093.10852,-370.43555,1280.55408,896.45935,-736.90198,1266.43713,1004.85846,-528.41492,1176.26294,1085.22668,-574.60803,1275.45776,840.49182,-285.63504,961.06458,861.48914,-824.40985,1002.60681,931.40649,-208.64168,786.36682,975.75879,-921.07977,786.17853,962.29987,-414.80896,895.63885,1063.24622,-606.75659,888.24957,1117.02893,-591.08612,894.01276,784.7049,-403.35913,453.16495,847.93884,-670.61224,493.17645,1145.62024,-471.91422,114.7639,708.25641,NA,NA,NA
245,2.44,-506.61017,1412.76428,1180.52307,-573.53149,1505.77417,898.18219,-439.62469,1457.91382,990.84308,-633.83398,1438.26855,1103.67517,-369.57251,1278.75073,907.26068,-736.21625,1264.90759,1015.93878,-527.13202,1175.41321,1095.25378,-573.73486,1273.45984,851.68292,-286.20291,959.7066,874.46442,-824.03564,1001.84357,941.63361,-207.89835,785.72833,987.89642,-920.35217,784.66852,969.33746,-412.48795,895.4151,1075.38867,-604.43774,888.50537,1129.35242,-589.59473,890.505,796.74835,-402.52747,452.53574,856.80652,-666.67004,493.00864,1159.22681,-470.936,117.29236,710.73981,NA,NA,NA
246,2.45,-505.25107,1411.3678,1191.12878,-572.86578,1504.60107,908.75427,-438.94522,1456.60229,1001.44598,-633.31982,1437.6991,1114.40588,-369.47531,1277.97729,917.72528,-735.75317,1263.41748,1027.0542,-526.68384,1175.97131,1107.87134,-573.25433,1271.42163,862.77185,-286.56552,958.85394,884.9859,-823.32916,1000.30389,951.71521,-207.43544,784.65338,999.70746,-920.69653,783.92474,975.66077,-409.63083,895.95587,1088.1001,-602.15369,888.21106,1142.18408,-588.70898,888.40027,808.66431,-402.22787,452.93851,866.49066,-662.46741,492.17664,1172.62952,-469.41238,121.54182,711.77368,NA,NA,NA
247,2.46,-505.0517,1411.23779,1201.85254,-572.37146,1503.50513,919.23761,-438.39041,1455.87793,1010.91632,-632.64783,1437.15747,1125.19812,-369.01047,1277.11035,928.35083,-735.41052,1262.0293,1038.09753,-525.79657,1174.59814,1117.92773,-573.42273,1269.83691,873.75598,-286.45074,957.99072,896.3288,-822.46594,999.00537,962.40521,-207.1162,784.35693,1010.5025,-920.57642,783.39435,984.22235,-408.35715,896.05536,1100.25537,-599.95404,887.88678,1154.87061,-587.16296,885.7373,821.17877,-401.33475,453.03629,877.6272,-658.58521,490.87677,1186.12207,-469.10873,124.67239,714.83783,NA,NA,NA
248,2.47,-503.63309,1410.88953,1212.3811,-572.04187,1502.3512,929.56738,-437.87253,1454.52417,1021.51019,-631.47009,1436.64465,1135.75916,-368.77039,1275.91943,939.38367,-735.27582,1261.04211,1049.38245,-524.89417,1176.44873,1134.26563,-572.89508,1267.84839,885.27667,-286.97046,956.63043,907.69275,-821.50385,997.78479,973.04333,-207.69989,783.19788,1021.06409,-919.73395,782.24384,992.55566,-407.01578,895.99231,1113.36621,-598.3631,888.1366,1168.37903,-585.36536,883.87354,833.82996,-400.50989,451.0575,888.60083,-654.76599,489.05191,1199.57385,-467.95691,128.77489,717.38782,NA,NA,NA
249,2.48,-503.40717,1411.61707,1223.10046,-571.75696,1501.224,939.83594,-437.63577,1454.01184,1031.51501,-631.6377,1436.95886,1146.75122,-368.95319,1275.60034,949.7301,-735.03107,1260.03967,1060.65955,-524.59827,1176.2561,1144.51062,-573.15326,1266.53809,896.31366,-287.96149,955.05359,916.90051,-821.71008,997.64685,983.39227,-206.97287,782.96564,1032.37048,-919.37061,782.29779,1001.82178,-405.31802,895.96069,1126.354,-597.29095,888.41669,1182.05798,-584.31927,882.33978,846.73303,-398.44009,450.78992,901.61053,-650.65125,486.17944,1213.03088,-466.58087,133.73668,720.96967,NA,NA,NA
250,2.49,-502.82962,1411.03467,1231.05676,-571.61792,1500.41418,950.09875,-436.89252,1453.30762,1043.60266,-632.43237,1437.9718,1157.94482,-368.71902,1275.03418,961.16125,-734.76477,1259.23962,1071.9491,-523.7002,1177.26294,1157.17151,-572.32843,1265.23303,908.01624,-289.18549,954.43842,927.16522,-820.36871,996.50378,994.65308,-207.51414,782.16644,1042.06787,-918.55511,781.117,1011.99969,-403.64236,896.02576,1140.35205,-595.91608,888.35571,1195.4812,-582.76483,881.44843,860.18268,-396.07724,450.19656,915.08997,-646.30273,482.93417,1226.01282,-465.16165,139.10143,724.41791,NA,NA,NA
251,2.5,-502.42639,1413.02832,1242.30554,-571.53979,1499.91602,960.31732,-436.82428,1453.42749,1051.98401,-631.90698,1439.03772,1168.65588,-368.39145,1274.87207,971.71637,-734.52594,1258.7738,1083.45081,-524.06171,1177.94348,1169.00818,-572.11542,1264.00061,919.51904,-290.44302,953.55463,936.11145,-819.6402,996.26587,1005.75885,-208.43925,781.43787,1052.69995,-918.01855,781.21613,1021.75323,-402.68967,895.96832,1153.19507,-594.83875,888.84973,1209.40857,-581.56537,880.21985,873.82294,-392.34238,449.60382,928.87585,-642.62097,481.05737,1239.18262,-463.11206,145.23358,729.86694,NA,NA,NA
252,2.51,-500.74887,1413.79675,1251.97668,-571.41315,1499.61316,970.51367,-436.3685,1453.62231,1062.61877,-631.44629,1440.3335,1179.53284,-368.74527,1275.01172,982.79474,-734.24872,1258.3938,1095.05432,-523.61169,1177.58728,1179.48962,-572.20959,1263.25525,932.01068,-291.27863,953.74945,944.383,-818.75525,995.92059,1016.729,-207.94528,781.04553,1061.13525,-916.6026,780.34314,1033.25293,-401.16989,897.35303,1167.60754,-593.40533,889.16736,1222.50781,-579.44763,879.04517,887.71039,-387.78845,449.45273,945.23004,-640.13159,480.43948,1251.80518,-460.50525,151.31566,736.23792,NA,NA,NA
253,2.52,-499.69574,1417.24915,1265.60242,NA,NA,NA,-436.09116,1454.26343,1072.33203,-630.37085,1441.65039,1190.22046,-368.04373,1275.49988,994.28589,-733.95593,1258.48511,1106.7865,-522.6806,1179.34741,1193.8678,-572.61566,1263.5791,942.84497,-293.21875,953.44312,954.21301,-817.31647,995.37036,1028.58325,-208.04132,780.8277,1070.49146,-915.43622,780.4375,1045.0575,-400.56058,898.43207,1181.6084,-591.76227,890.22083,1236.35938,-578.77881,879.04858,901.51288,-383.43076,449.24945,960.23975,-638.24677,480.2872,1263.80884,-458.30594,157.46138,744.24945,NA,NA,NA
254,2.53,-499.16687,1419.3728,1276.37488,NA,NA,NA,-435.52341,1455.00586,1083.93567,-629.59076,1443.23706,1201.01294,-367.33078,1276.52869,1005.16425,-733.44507,1258.64233,1118.43298,-522.10577,1179.72717,1202.85046,-571.8197,1263.30115,954.52216,-294.60785,954.474,963.92462,-816.14545,995.32166,1040.14026,-208.77022,781.16119,1079.63586,-914.15399,780.6543,1057.56226,-399.83566,899.46735,1195.04077,-590.46228,891.06482,1249.9054,-577.76459,878.84741,915.20685,-377.99728,448.83856,977.38544,-637.58118,481.45499,1276.12598,-455.42767,164.54324,754.18817,NA,NA,NA
255,2.54,-497.94287,1421.87024,1286.80652,NA,NA,NA,-435.26395,1456.19031,1091.86292,-628.99786,1444.95459,1211.67029,-367.24271,1277.60547,1016.823,-732.71863,1259.20068,1130.20825,-521.79395,1182.56201,1216.76062,-571.28845,1264.29358,966.08337,-296.38861,955.27966,973.66272,-814.76813,995.55762,1052.33167,-208.74213,781.97498,1087.04675,-912.02863,780.51831,1070.39465,-397.28104,902.75281,1211.25842,-589.71655,893.35614,1263.92566,-577.23981,879.35211,928.05878,-372.5914,447.59564,995.83466,-636.49646,482.00916,1288.30151,-453.29562,171.72484,765.03925,NA,NA,NA
256,2.55,-497.92966,1423.64575,1294.48657,NA,NA,NA,-434.87982,1457.13928,1103.38635,-628.35785,1446.73621,1222.26013,-366.46954,1279.09534,1027.00415,-731.79547,1260.00732,1142.04504,-519.87152,1185.18115,1228.90967,-571.15411,1264.92725,977.89288,-299.45215,956.06207,981.88934,-813.29279,996.21881,1065.00903,-209.32277,782.62555,1095.66565,-910.31812,780.9455,1084.01062,-397.30243,903.40802,1222.68567,-588.43158,895.31293,1277.43921,-576.0625,880.05371,941.54852,-365.88019,446.89285,1015.60236,-636.26843,484.21252,1300.23657,-450.56723,178.61469,777.61255,NA,NA,NA
257,2.56,-496.70633,1426.78467,1308.177,NA,NA,NA,-434.07901,1458.49207,1114.1416,-627.68475,1448.36548,1232.87415,-365.60086,1280.28027,1038.00183,-730.6554,1260.86047,1153.80396,-519.13599,1186.95605,1240.57654,-570.03308,1265.09033,989.33459,-301.25409,957.27094,991.45673,-811.93506,996.98596,1077.56982,-209.7056,783.44025,1103.39417,-908.4873,781.55109,1098.04114,-396.86917,905.26733,1235.79736,-587.21436,896.92316,1290.24438,-575.48413,880.70038,953.92523,-359.26038,446.25702,1036.88306,-634.76727,485.13058,1311.77136,-447.78732,185.61453,794.19373,NA,NA,NA
258,2.57,-495.49951,1429.32715,1318.55615,NA,NA,NA,-433.38892,1459.323,1124.69141,-626.79694,1449.69446,1243.21704,-364.88516,1282.14038,1048.40845,-729.17889,1261.98889,1165.42163,-516.83575,1188.52539,1253.48547,-568.98621,1266.16699,1000.53638,-303.17551,958.40631,1001.2052,-809.84344,997.38129,1091.07935,-209.90468,783.97974,1110.89954,-905.44214,781.14923,1112.6571,-395.88556,907.04266,1248.1908,-587.16626,900.09644,1303.53027,-574.24182,881.20703,966.24994,-352.33347,445.87119,1058.49255,-634.05634,487.64093,1322.96045,-442.49438,193.51453,808.52985,NA,NA,NA
259,2.58,-494.84186,1431.41467,1329.23254,NA,NA,NA,-432.66254,1460.89038,1133.73169,-625.98395,1450.93567,1253.55469,-363.2818,1283.44177,1059.01831,-727.70038,1263.14868,1177.13269,-516.15234,1188.91223,1261.46216,-568.38385,1268.0509,1012.2627,-304.91888,959.86011,1010.40778,-808.51178,998.20557,1104.44421,-210.00218,785.20001,1118.71521,-903.39093,782.23181,1128.74829,-396.37781,908.40375,1260.01343,-586.06891,902.08197,1316.55237,-572.23279,881.5661,977.7641,-345.60043,444.69629,1080.7041,-632.4209,488.99838,1333.68713,-439.31757,200.87497,826.20538,NA,NA,NA
260,2.59,-494.28485,1432.85706,1337.58899,NA,NA,NA,-431.69415,1462.88013,1144.64734,-625.01251,1452.24438,1263.88745,-362.41965,1285.06909,1069.44653,-725.94794,1264.58679,1188.85413,-513.59637,1190.47156,1272.22424,-567.44098,1269.172,1023.09625,-306.04193,961.24066,1019.63861,-807.33911,999.56311,1118.54065,-209.91154,786.80365,1125.82275,-900.8548,782.7818,1145.03809,-395.31406,910.68311,1272.125,-585.04321,904.43573,1329.59546,-571.24554,882.22638,988.91937,-337.88733,445.24643,1101.99121,-632.40979,491.15869,1344.02771,-433.87555,208.83739,844.0636,NA,NA,NA
261,2.6,-492.90161,1434.67749,1346.42627,NA,NA,NA,-430.5018,1464.87292,1155.44849,-624.09204,1453.92285,1274.18164,-360.66086,1286.40076,1079.48071,-724.24969,1266.21863,1200.58887,-511.09348,1191.36182,1281.74316,-566.9433,1270.39368,1033.6593,-306.12589,962.43665,1029.23547,-805.65356,1000.34564,1132.7821,-210.27591,787.57361,1133.18872,-897.96039,783.28632,1161.32739,-394.51923,911.46838,1283.36206,-584.59705,906.40936,1341.80078,-570.09595,882.98749,999.18713,-330.6033,446.64874,1122.70435,-632.59827,492.74808,1354.06226,-428.11496,217.08884,864.97845,NA,NA,NA
262,2.61,-491.90363,1437.5188,1360.6488,NA,NA,NA,-429.13925,1466.99475,1166.31409,-623.18066,1455.62842,1284.328,-359.54953,1287.94617,1088.47339,-722.20081,1267.83777,1212.19678,-508.70398,1192.9364,1291.28796,-565.26001,1272.21777,1044.21155,-305.34052,963.67438,1037.40088,-803.98468,1000.42316,1146.47253,-209.85555,788.8548,1141.02844,-895.43732,784.53613,1178.61792,-392.73901,912.94,1294.75854,-584.21466,908.47778,1353.80566,-568.15668,883.03137,1011.2674,-322.9122,449.11429,1143.53699,-633.16211,493.85526,1363.58923,-421.97723,225.05405,885.28583,NA,NA,NA
263,2.62,-490.7244,1439.32666,1370.90149,NA,NA,NA,NA,NA,NA,-622.01398,1457.26514,1294.38013,-357.85904,1289.24524,1097.74207,-720.09094,1269.51868,1223.76953,-506.45752,1195.59534,1305.77673,-564.31238,1273.61267,1054.54712,-304.08987,965.79016,1045.35657,-802.23083,1001.29199,1160.72913,-209.20325,789.66278,1147.28516,-891.07684,784.41528,1196.74585,-392.68033,914.02124,1305.85876,-583.40417,910.59003,1366.14868,-567.15845,883.24951,1022.59973,-316.88525,451.77151,1160.95886,-634.87872,493.45511,1372.09717,-416.65396,231.49748,905.46313,NA,NA,NA
264,2.63,-489.54431,1440.79285,1381.17651,NA,NA,NA,NA,NA,NA,-620.58905,1458.52771,1304.33289,-356.91003,1290.75977,1107.2052,-717.83417,1271.32715,1235.24792,-503.4231,1197.19434,1313.62976,-562.90381,1275.55615,1064.84314,-303.22314,966.646,1054.80493,-800.1272,1001.93524,1175.41638,-208.86072,790.92291,1153.83057,-887.59473,784.78827,1214.92297,-391.60297,915.35364,1316.14709,-582.34241,912.01648,1376.8739,-566.33954,883.87,1033.70972,-310.0867,455.77911,1178.99744,-636.5705,492.20578,1379.73193,-414.41071,237.14326,924.80603,NA,NA,NA
265,2.64,-488.12082,1442.37195,1391.29382,NA,NA,NA,NA,NA,NA,-619.0824,1459.5343,1314.24695,-355.44162,1292.23743,1115.56018,-715.38794,1273.20691,1246.50171,-500.52322,1197.3844,1321.85596,-561.92078,1277.3468,1074.96326,-300.7868,968.52722,1061.9563,-799.23346,1004.71631,1191.35974,-207.20979,791.47839,1160.82703,-884.29004,786.51843,1233.82581,-389.42465,916.41083,1327.2655,-581.8335,914.26355,1387.33813,-566.14716,885.26782,1044.44116,-303.14084,459.33081,1197.02869,-638.90649,489.49457,1385.7467,-410.66943,241.55151,944.77393,NA,NA,NA
266,2.65,-487.14063,1443.97693,1401.4707,NA,NA,NA,NA,NA,NA,-617.37549,1460.77332,1324.03015,-353.62701,1293.4812,1123.35083,-712.90485,1275.15088,1257.68494,-496.97134,1199.68909,1330.53088,-560.74457,1279.06946,1084.93848,-299.6828,969.77026,1070.49866,-797.47693,1006.20367,1206.20776,-205.84447,792.29187,1167.51001,-880.03223,787.12555,1252.66187,-387.5611,918.37769,1337.04419,-580.12677,916.32013,1397.68896,-564.66461,886.85986,1055.91345,-296.50842,462.83926,1217.01819,-641.65173,485.23166,1388.27344,-406.24921,244.49251,963.59943,NA,NA,NA
267,2.66,-485.11383,1444.9978,1411.48547,NA,NA,NA,NA,NA,NA,-615.64697,1462.35474,1333.78772,-352.37665,1294.9624,1132.20752,-710.44397,1277.26392,1268.75049,-494.12906,1201.01221,1341.04797,-559.44824,1280.90137,1094.78223,-298.51685,971.36121,1079.36304,-795.62817,1007.7887,1221.02368,-204.47316,793.41077,1173.60815,-875.56757,787.90411,1271.7019,-384.75848,919.42065,1347.16138,-578.48334,918.36163,1407.29126,-563.46667,888.552,1066.04517,-290.64874,467.73187,1236.62024,-643.8783,483.26221,1389.8844,-402.56516,246.22984,985.48407,NA,NA,NA
268,2.67,-514.26318,1415.81165,1340.01135,-380.84406,136.80414,8.37353,NA,NA,NA,NA,NA,NA,-350.14053,1297.24817,1140.77344,-707.95087,1279.43762,1279.68164,-490.28162,1204.08862,1351.65771,-558.10059,1282.86438,1104.49634,-297.94803,972.51428,1087.12451,-793.70703,1009.53357,1235.77173,-202.68617,795.59985,1178.95886,-871.59119,790.43256,1291.70862,-382.75143,921.28522,1357.34192,-576.39001,920.27087,1415.80786,-562.25183,891.0199,1075.96924,-283.90823,472.7569,1256.06677,-644.5744,480.79932,1391.32104,-396.7171,246.87848,1007.61133,NA,NA,NA
269,2.68,-611.81427,1466.08057,1353.19226,-380.84406,136.80414,8.37353,NA,NA,NA,NA,NA,NA,-348.6701,1298.87585,1148.95374,-705.21094,1281.66052,1290.47754,-488.03265,1205.53381,1358.99622,-556.81671,1284.89392,1114.24939,-298.43045,974.10767,1094.91577,-791.67737,1011.19812,1250.45081,-201.52902,796.51166,1185.12756,-865.3075,791.22601,1312.93896,-380.62128,922.42804,1366.51855,-574.40216,922.68317,1424.30273,-560.92688,893.56989,1085.98279,-277.40607,477.68091,1275.59607,-645.51874,478.98965,1392.91919,-390.70667,246.03915,1030.51392,NA,NA,NA
270,2.69,-609.73621,1467.79041,1362.80115,-364.01212,146.06157,-0.23177,NA,NA,NA,NA,NA,NA,-346.81232,1300.46484,1157.14661,-702.63287,1283.99243,1301.16797,-484.46411,1208.15039,1371.66028,-555.12335,1286.81824,1123.9126,-298.22684,975.61456,1102.38953,-789.44849,1012.81793,1265.01135,-199.44026,797.43011,1191.17798,-860.39459,793.16528,1332.91321,-377.58713,925.05542,1376.0332,-572.04602,924.64746,1432.44714,-559.26282,895.77228,1095.45313,-271.7272,482.72147,1294.77808,-646.38641,477.53476,1394.14856,-383.85413,243.69945,1054.52563,NA,NA,NA
271,2.7,-477.5235,1449.62952,1446.49207,-381.29831,135.92363,8.86434,NA,NA,NA,NA,NA,NA,-345.07327,1302.20081,1166.03528,-700.04895,1286.36792,1311.83777,-481.63187,1210.24878,1380.06934,-553.85095,1288.78882,1133.58337,-297.58096,977.55164,1109.97925,-787.73883,1015.21857,1279.50049,-198.1494,798.70526,1197.31934,-856.17737,795.53918,1353.0083,-374.81735,926.9986,1385.90759,-568.74359,925.93848,1440.43896,-557.06158,898.04431,1105.86902,-266.18213,488.3085,1312.97827,-647.01587,476.1925,1395.35254,-376.63608,240.6834,1080.24182,NA,NA,NA
272,2.71,-605.2276,1470.83118,1381.96985,-380.84406,136.80414,8.37353,NA,NA,NA,NA,NA,NA,-343.19006,1303.80908,1174.57971,-697.19305,1288.61206,1322.32373,-479.52707,1210.8645,1386.29529,-552.62604,1290.42834,1143.15601,-297.28018,978.84406,1118.52087,-785.64478,1017.4776,1293.84631,-196.32173,800.02039,1202.80969,-848.81494,796.76984,1373.27209,-370.79926,929.63007,1395.75037,-566.42395,927.98309,1448.25159,-556.12543,900.46234,1114.5658,-260.97574,493.98099,1329.95654,-646.38824,476.33157,1398.06152,-368.59512,235.89249,1105.49854,NA,NA,NA
273,2.72,-602.59839,1472.24231,1391.47815,-362.69711,144.24078,-0.13488,NA,NA,NA,NA,NA,NA,-341.12802,1304.94751,1183.36462,-694.51685,1290.83398,1332.73743,-476.34006,1213.34204,1396.073,-550.00244,1291.82458,1153.07104,-296.23914,980.87286,1125.99329,-783.66138,1019.64819,1308.16248,-194.657,801.44464,1208.09692,-842.63379,798.93921,1393.45837,-367.51279,932.46979,1405.6355,-563.23535,929.69849,1456.31934,-553.96069,902.19806,1124.78601,-256.06949,499.15543,1347.00525,-647.05188,476.05722,1400.48145,-360.78851,230.67102,1131.64905,NA,NA,NA
274,2.73,-470.40375,1454.92505,1477.62292,-380.84406,136.80414,8.37353,NA,NA,NA,NA,NA,NA,-339.29422,1306.1322,1190.75598,-691.8468,1293.00256,1343.11304,-473.87164,1215.38513,1405.49292,-548.8894,1293.61853,1162.6748,-294.0744,982.06177,1133.71472,-781.48627,1021.85504,1322.33105,-193.21085,802.41882,1213.06482,-836.04724,801.04657,1413.75146,-364.86316,934.29449,1414.1217,-560.03137,930.65839,1464.37817,-552.7785,904.79266,1133.34192,-252.64221,503.80191,1361.47449,-646.6972,476.04684,1403.5293,-352.74985,224.67081,1157.48694,NA,NA,NA
275,2.74,-597.56854,1475.50342,1410.51501,-365.26291,145.21432,-0.93637,NA,NA,NA,NA,NA,NA,-337.75452,1307.10449,1200.90271,-688.8927,1294.94385,1353.4635,-470.60754,1217.29236,1415.98157,-546.9201,1294.7981,1172.37939,-292.71875,983.87897,1141.26758,-779.57336,1023.89227,1336.2627,-190.78638,803.56268,1218.46704,-829.52191,803.41687,1433.91724,-362.07947,936.52362,1424.28503,-557.47418,932.37799,1472.66833,-550.45178,905.99768,1143.29761,-248.8793,508.21997,1377.36487,-645.52002,475.54031,1407.00073,-342.73993,218.61722,1182.63757,NA,NA,NA
276,2.75,-465.27356,1457.20764,1494.93286,-364.01212,146.06157,-0.23177,NA,NA,NA,NA,NA,NA,-335.65936,1307.8916,1209.66223,-686.27991,1296.7865,1363.75745,-468.30063,1217.55249,1424.24683,-545.33093,1295.89844,1182.12231,-291.46112,984.52673,1149.41138,-777.61829,1025.91565,1350.48596,-189.20363,804.28662,1224.49792,-822.84338,805.78192,1454.03882,-359.27734,938.14801,1432.79382,-555.1004,933.47595,1481.22107,-548.70453,907.5719,1151.73267,-246.67615,512.50824,1390.32141,-644.84143,475.64441,1409.36829,-333.65958,211.35413,1209.56714,NA,NA,NA
277,2.76,-462.51306,1458.7384,1504.0293,-379.60004,134.25792,8.74471,NA,NA,NA,NA,NA,NA,-333.56161,1308.12756,1218.4801,-683.66327,1298.26746,1374.19177,-465.40009,1219.94031,1434.18591,-543.32684,1296.75232,1191.90369,-289.17706,985.58325,1156.95679,-775.73236,1027.64673,1364.36072,-187.63672,804.64752,1230.25073,-815.79688,807.96552,1474.21118,-357.10052,938.96545,1441.11682,-553.36371,935.08612,1491.10535,-546.6759,908.29083,1160.45532,-244.2625,516.18646,1403.64758,-644.05518,476.05911,1413.07031,-325.21735,201.95451,1238.57019,NA,NA,NA
278,2.77,-459.81818,1460.16174,1515.19897,-363.94705,143.39313,-0.83948,NA,NA,NA,NA,NA,NA,-331.99869,1308.30896,1227.39832,-680.64148,1299.46753,1384.70093,-462.25497,1219.72278,1443.8623,-541.48438,1297.50989,1201.77759,-288.31815,985.81329,1164.11548,-774.01532,1029.47485,1378.24292,-184.5542,804.92731,1235.77307,-809.04425,810.20654,1494.17114,-355.31714,939.98145,1450.43494,-551.05414,935.69702,1500.33679,-542.70874,908.50659,1170.7063,-242.1335,519.59186,1417.82324,-641.67883,476.78592,1417.86389,-315.33682,193.69115,1266.60352,NA,NA,NA
279,2.78,-456.52261,1461.85083,1524.59875,-354.89246,130.98813,1388.97949,NA,NA,NA,NA,NA,NA,-329.8801,1308.4552,1236.78809,-677.5918,1300.3501,1395.19067,-459.81821,1218.89392,1451.32922,-539.25055,1297.95911,1211.68408,-286.53732,986.64331,1173.05066,-771.87268,1030.60657,1392.07263,-182.26411,804.60242,1241.90112,-801.81116,812.49402,1514.06396,-352.88959,941.61224,1459.76587,-548.79834,935.43341,1508.59363,-541.12573,909.34601,1178.23865,-240.37141,522.23926,1429.87158,-639.15472,476.18591,1421.4502,-303.65729,185.18282,1295.88733,NA,NA,NA
280,2.79,-454.22345,1462.42981,1534.17053,-259.65164,234.67694,80.91065,NA,NA,NA,NA,NA,NA,-327.5296,1307.94836,1246.45752,-674.64453,1301.12964,1405.79236,-457.08044,1220.10962,1462.75842,-537.31006,1298.23499,1221.60315,-284.59555,986.68048,1180.36548,-770.0368,1031.91614,1405.77344,-179.15616,804.72809,1247.20544,-794.53693,814.63947,1533.72534,-350.71249,940.52362,1467.34497,-546.99097,935.69397,1518.224,-537.64844,909.00317,1188.31604,-238.78926,524.80554,1442.61084,-636.26099,475.24005,1426.44849,-292.40378,177.40587,1323.927,NA,NA,NA
281,2.8,-451.32263,1462.39038,1543.08508,-259.0838,235.28191,80.4353,NA,NA,NA,NA,NA,NA,-325.27487,1307.73047,1255.06299,-671.64514,1301.28381,1416.43896,-453.56995,1219.24219,1472.33716,-534.92645,1298.27832,1231.56836,-282.14908,986.74036,1189.05542,-767.78235,1032.54053,1419.59827,-176.6971,804.29156,1252.87732,-787.11273,817.521,1551.5166,-349.60696,940.16718,1476.95496,-545.51544,934.28516,1525.89099,-534.59784,909.62262,1196.24402,-237.48868,525.68121,1454.59058,-633.19904,475.46591,1430.21057,-278.98163,169.41248,1354.60986,NA,NA,NA
282,2.81,-447.95425,1463.71155,1553.31372,-352.09366,104.52953,1430.6886,NA,NA,NA,NA,NA,NA,-323.11002,1306.64197,1264.76501,-668.53809,1301.58386,1426.953,-451.12381,1217.75952,1479.48572,-532.75787,1298.2843,1241.51501,-279.93048,986.03162,1196.51477,-765.79327,1033.09485,1433.17896,-174.33539,803.72015,1258.59534,-779.85907,819.33521,1570.89233,-347.59979,939.50629,1485.74695,-543.52924,933.80811,1534.6864,-531.07953,909.23169,1204.97949,-235.80377,527.17596,1467.75439,-629.88416,474.67773,1435.1532,-266.54059,162.22127,1384.14063,NA,NA,NA
283,2.82,-444.70447,1464.00342,1562.89514,-338.57571,96.59167,1456.86096,NA,NA,NA,NA,NA,NA,-320.24991,1305.70703,1274.27539,-665.33582,1301.18823,1437.6604,-448.00391,1216.96973,1491.50244,-530.04669,1297.87158,1251.51416,-278.25751,985.91998,1205.12378,-763.62579,1033.40503,1446.7804,-171.23672,803.31348,1264.53381,-772.66608,821.48846,1590.93079,-345.71442,937.84723,1493.7439,-541.48431,931.94727,1542.18701,-527.59808,908.66736,1214.06958,-234.53131,527.15033,1479.58704,-626.7583,473.42563,1440.76733,-253.03925,156.12601,1413.43579,NA,NA,NA
284,2.83,-441.97827,1463.27441,1571.66931,-325.01349,90.6834,1480.42407,NA,NA,NA,NA,NA,NA,-317.82281,1304.37109,1283.93323,-662.04126,1300.92798,1448.28931,-445.04837,1217.28174,1503.47107,-527.52295,1297.39148,1261.58911,-275.59268,985.43604,1213.7876,-761.08228,1033.39453,1460.54822,-167.96912,802.10114,1270.83264,-765.1554,823.63904,1608.51233,-344.46967,935.9754,1502.16223,-539.1311,931.99158,1554.49329,-524.48682,908.76373,1223.15369,-233.09854,526.80109,1489.73792,-623.94122,472.85199,1444.27686,-240.24533,150.28813,1444.89319,NA,NA,NA
285,2.84,-438.15378,1463.41687,1581.20007,-297.77966,130.24632,1566.17871,NA,NA,NA,NA,NA,NA,-314.87372,1303.45911,1294.08179,-658.68799,1300.36816,1457.15393,-442.57025,1214.00208,1510.46973,-524.86102,1296.83142,1271.66614,-273.16382,983.94543,1221.8573,-758.43237,1033.09424,1474.38184,-165.54895,801.25287,1276.89331,-757.87238,825.99683,1627.25696,-343.14276,933.37305,1511.94849,-537.13855,929.98615,1562.57886,-520.45801,908.02344,1231.02515,-231.96484,525.38251,1500.47083,-621.20251,471.91599,1449.83325,-227.00739,146.78738,1475.67969,NA,NA,NA
286,2.85,-434.93289,1462.75696,1591.46985,-533.57605,46.23088,1292.33911,NA,NA,NA,NA,NA,NA,-311.86298,1302.20532,1303.9021,-655.33533,1299.42896,1467.10767,-440.22791,1213.16968,1521.03296,-521.74707,1295.87659,1281.70898,-271.09891,982.88556,1231.42249,-755.58771,1032.57788,1488.1543,-162.34845,800.34253,1283.1521,-751.09326,828.08862,1645.63281,-340.94876,931.79895,1521.52002,-535.2655,927.97467,1570.38135,-516.44226,907.18488,1240.69934,-231.28914,523.85327,1511.75586,-619.86572,470.74628,1453.66187,-213.30307,144.18233,1505.53088,NA,NA,NA
287,2.86,-432.31039,1462.32166,1600.73938,-533.52209,45.89537,1293.08667,NA,NA,NA,NA,NA,NA,-308.729,1300.31531,1313.71924,-651.48669,1298.53003,1477.52405,-436.15424,1211.24097,1531.57166,-518.99426,1294.93457,1291.79321,-268.46658,981.8941,1240.08313,-751.99152,1031.82629,1502.08289,-159.77299,799.11493,1289.10742,-743.26727,829.45148,1663.75745,-337.94016,929.72418,1531.11914,-533.03558,926.23022,1580.25281,-512.11389,906.82178,1249.52893,-230.19693,521.8075,1521.19922,-617.53674,469.4332,1459.59546,-200.24641,142.99431,1537.14954,NA,NA,NA
288,2.87,-429.02859,1462.02991,1611.93408,-264.38095,138.38237,1657.95483,NA,NA,NA,NA,NA,NA,-305.04312,1299.15552,1324.20337,-648.08649,1297.27783,1488.45776,-432.27121,1209.26233,1542.18738,-515.8335,1293.83411,1301.78809,-265.40109,980.71027,1248.23438,-748.05261,1031.30493,1514.97046,-156.44026,798.38892,1296.05542,-736.60834,831.73578,1679.98804,-335.87488,926.97485,1540.9624,-530.35657,923.65918,1588.85547,-507.80426,906.08112,1258.55994,-229.70897,518.96454,1530.9342,-615.87927,468.19278,1464.37073,-188.9493,144.10008,1567.05591,NA,NA,NA
289,2.88,-426.13193,1461.84155,1621.92871,-532.60748,45.83522,1293.80664,NA,NA,NA,NA,NA,NA,-302.13312,1297.92566,1333.0813,-644.85199,1295.83508,1499.06042,-429.88095,1206.92139,1550.78333,-512.20062,1292.51611,1311.80432,-262.39777,979.07764,1257.10815,-743.82068,1030.35083,1529.25159,-153.4474,796.47125,1301.81677,-728.82513,833.45551,1697.02356,-331.99515,926.05975,1551.52332,-527.97943,920.5246,1595.85034,-503.07285,904.88586,1267.10229,-228.54544,515.64233,1539.67078,-614.18591,466.80627,1470.07495,-178.08827,146.64182,1596.18628,NA,NA,NA
290,2.89,-422.64539,1459.78809,1629.88196,-531.85284,45.84026,1294.81201,NA,NA,NA,NA,NA,NA,-298.72235,1296.22632,1343.47327,-640.9585,1294.44263,1509.14429,-427.31766,1204.89209,1559.79138,-508.54593,1290.99255,1321.67102,-259.42618,977.89996,1266.81409,-739.53314,1029.16833,1542.59167,-150.42207,794.83051,1309.09412,-722.19354,834.91382,1713.67139,-329.09442,922.79736,1560.45911,-525.53265,917.62372,1604.354,-498.35486,903.4054,1276.45276,-227.45078,512.36169,1547.76843,-611.81403,465.67239,1476.37207,-169.36018,150.42245,1626.0011,NA,NA,NA
291,2.9,-418.79739,1459.40161,1640.93469,-243.18582,152.48741,1736.20886,NA,NA,NA,NA,NA,NA,-294.44006,1294.35889,1354.2467,-637.28143,1292.88782,1518.10364,-423.09616,1202.01636,1570.85083,-504.78128,1289.50623,1331.46057,-256.76996,976.71967,1276.75793,-735.07202,1027.95435,1555.48669,-147.74638,793.60718,1315.48364,-714.88745,835.96844,1728.88684,-325.5636,921.50354,1572.97046,-523.2323,915.9751,1614.02039,-492.80734,902.64661,1285.78918,-224.87782,510.03613,1557.70789,-609.71753,463.99683,1480.18323,-162.81593,155.26778,1650.34436,NA,NA,NA
292,2.91,-415.87787,1457.98535,1649.59656,-529.84387,45.75036,1294.84229,NA,NA,NA,NA,NA,NA,-290.25055,1292.92859,1364.58569,-633.48474,1290.80176,1528.78723,-420.24252,1201.14343,1580.38354,-500.82111,1287.97217,1341.19824,-253.23997,975.41956,1286.2616,-730.2486,1026.71692,1568.60962,-143.58563,792.56836,1322.42407,-707.81842,837.35297,1743.52307,-321.98352,920.0224,1582.86829,-520.49463,914.33112,1623.59937,-487.55786,901.18683,1295.09192,-222.51003,508.29388,1567.30298,-607.11658,463.24643,1485.05652,-157.24805,161.11638,1675.83459,NA,NA,NA
293,2.92,-412.38669,1456.26538,1659.8927,-529.33685,45.32419,1295.16687,NA,NA,NA,NA,NA,NA,-285.8616,1291.66235,1375.56812,-629.47223,1289.00586,1538.70105,-416.64481,1199.56213,1591.32971,-496.444,1286.25183,1350.86328,-249.90947,973.73553,1295.34106,-725.35486,1025.06506,1581.19019,-140.60631,790.98541,1329.52075,-701.7757,838.66766,1758.95166,-317.84283,918.40576,1593.69873,-517.09863,911.85577,1632.51184,-482.27951,899.46667,1304.39563,-218.48903,506.42316,1577.5542,-604.42957,461.97153,1490.57239,-152.1624,164.50679,1699.25256,NA,NA,NA
294,2.93,-409.30112,1455.98816,1670.44849,-223.45099,151.75494,1783.69189,NA,NA,NA,NA,NA,NA,-281.26236,1290.53772,1385.97412,-625.55115,1287.60303,1545.89063,-413.54657,1197.77869,1599.8689,-491.75058,1284.57996,1360.43884,-246.26378,972.27747,1305.61951,-720.31873,1023.79694,1592.46582,-136.31682,789.42969,1337.6449,-694.34796,839.70679,1772.88062,-315.24249,916.82855,1604.53967,-514.09467,910.45715,1642.35303,-476.55927,898.69427,1313.34033,-213.38124,504.43341,1590.79419,-600.70813,460.70493,1496.81238,-149.45689,167.58861,1717.875,NA,NA,NA
295,2.94,-406.48068,1454.94739,1679.75317,-244.59386,242.97012,71.18593,NA,NA,NA,NA,NA,NA,-276.78854,1288.94922,1396.42334,-621.53815,1285.72461,1555.44336,-409.39349,1196.56226,1613.48804,-486.80923,1282.9939,1369.99585,-241.6109,971.21149,1316.01404,-714.9693,1022.45544,1603.27734,-133.65555,787.62012,1344.85217,NA,NA,NA,-311.79407,914.41992,1614.39124,-511.47586,909.59619,1652.89722,-470.80219,896.77399,1323.40442,-209.45828,503.77505,1602.72083,-597.50336,460.04141,1502.53943,-146.46149,169.74728,1735.57837,NA,NA,NA
296,2.95,-402.7767,1453.35437,1690.31885,-244.59386,242.97012,71.18593,NA,NA,NA,NA,NA,NA,-271.68692,1287.56934,1407.31689,-617.50641,1283.75684,1564.69263,-405.41367,1194.89563,1619.91028,-481.75894,1281.43628,1379.48645,-237.30029,969.89618,1325.93848,-709.45142,1020.82477,1614.66785,-129.31078,786.43817,1353.34863,-683.97711,842.21686,1802.12842,-308.35501,913.60773,1626.40076,-507.58667,908.32733,1662.25916,-465.27734,895.17883,1333.24426,-205.64499,502.78635,1615.66418,-593.54559,459.44745,1508.34216,-144.83391,170.63875,1748.05737,NA,NA,NA
297,2.96,-399.98184,1452.34814,1698.77283,-379.58163,137.65851,9.07764,NA,NA,NA,NA,NA,NA,-266.38684,1286.11975,1417.75977,-613.37396,1282.36951,1572.29663,-402.07782,1194.34509,1630.76978,-476.47464,1279.92944,1388.94922,-232.34845,968.44379,1335.98035,-704.13855,1019.09619,1625.33447,-124.81969,785.08661,1361.70093,NA,NA,NA,-304.77267,913.05273,1638.2074,-503.77319,907.6073,1671.72607,-458.80978,893.62817,1343.37048,-202.17749,503.90063,1629.37585,-589.52661,458.57907,1514.66187,-142.44431,168.62152,1759.32971,NA,NA,NA
298,2.97,-396.7811,1451.02148,1709.26331,-365.26291,145.21432,-0.93637,NA,NA,NA,NA,NA,NA,-261.082,1284.93127,1428.72778,-608.77313,1280.81189,1581.39453,-397.397,1193.14697,1640.08923,-471.08072,1278.52002,1398.3988,-227.65221,967.75665,1346.78174,-698.85229,1017.39392,1635.06104,-120.01147,783.46155,1370.55627,NA,NA,NA,-300.45096,911.29633,1647.98584,-500.35754,906.81616,1682.26489,-453.2963,891.92059,1354.17834,-198.42813,504.439,1642.49146,-584.87946,458.62546,1521.5166,-140.89459,165.61734,1766.86414,NA,NA,NA
299,2.98,-393.50589,1450.69104,1719.58337,-379.58163,137.65851,9.07764,NA,NA,NA,NA,NA,NA,-255.14833,1283.80054,1439.32104,-604.38879,1279.27783,1589.70288,-393.06189,1192.80554,1650.8291,-465.72549,1277.3866,1407.83789,-222.50919,966.64801,1357.39978,-693.34564,1016.07013,1643.98669,-115.3115,782.50653,1379.4292,NA,NA,NA,-296.25253,912.3855,1660.71985,-495.55652,906.55695,1692.50549,-447.98273,890.7243,1365.25745,-195.98293,504.8309,1655.27808,-580.27478,458.71298,1528.79517,-140.1277,161.18524,1773.35486,NA,NA,NA
300,2.99,-390.69577,1449.72864,1727.93091,-381.56482,137.00815,8.60001,NA,NA,NA,NA,NA,NA,-249.92859,1282.81323,1448.07422,-599.42102,1278.34607,1597.71143,-388.15939,1191.69006,1660.21167,-460.17334,1276.21875,1417.28186,-216.52962,965.4671,1367.90381,-687.60913,1014.82568,1652.17224,-110.19503,782.14069,1388.96399,NA,NA,NA,-292.15717,910.97925,1671.01782,-491.17068,905.06714,1702.70044,-441.69986,889.28015,1376.5708,-192.79018,504.70474,1669.68311,-574.95746,458.65897,1534.93347,-139.73611,154.76418,1779.0238,NA,NA,NA
301,3,-387.80899,1449.12878,1739.76099,-380.84406,136.80414,8.37353,NA,NA,NA,NA,NA,NA,-244.42061,1281.83765,1458.89209,-594.74957,1277.44202,1607.05042,-383.18149,1192.09607,1670.15479,-454.23047,1275.04272,1426.92981,-211.27472,964.86047,1378.4895,-682.01642,1013.26257,1660.72107,-104.82494,781.12305,1398.71313,NA,NA,NA,-287.02341,911.2522,1682.58179,-487.05246,905.14014,1713.93958,-436.15173,888.62805,1387.83569,-190.47604,503.48492,1680.95898,-570.09442,458.26123,1544.56396,-140.01363,150.6132,1781.93738,NA,NA,NA
302,3.01,-385.30627,1448.72449,1749.13184,-380.84406,136.80414,8.37353,NA,NA,NA,NA,NA,NA,-238.84189,1281.21143,1468.71924,-589.44769,1277.18445,1615.53906,-378.01205,1191.58179,1680.25525,-447.93637,1273.93176,1436.44507,-205.51328,963.37299,1390.10522,-676.15924,1012.35419,1667.85376,-99.50115,780.94574,1409.59778,NA,NA,NA,-281.35855,911.37921,1694.55896,-481.60709,905.33344,1724.79639,-429.95908,887.70667,1399.47876,-187.01457,501.47964,1694.30371,-564.84668,457.47232,1553.4325,-139.34276,143.71902,1784.70923,NA,NA,NA
303,3.02,-382.73218,1448.17883,1758.27258,-381.4617,136.15309,8.85233,NA,NA,NA,NA,NA,NA,-232.80865,1280.66797,1479.99365,-584.61487,1276.52332,1624.43127,-372.99121,1192.30139,1690.99646,NA,NA,NA,-199.36049,963.28455,1400.27393,-671.02954,1011.09076,1675.69373,-93.99979,780.31531,1420.19043,NA,NA,NA,-276.38083,910.81787,1705.43823,-477.15286,905.23114,1737.28833,-423.9855,887.10913,1411.12585,-183.90578,499.11249,1705.77625,-559.53271,456.65045,1565.16663,-139.0845,138.78725,1788.24792,NA,NA,NA
304,3.03,-379.46326,1448.80432,1769.06494,-436.23221,1330.65967,1171.5907,NA,NA,NA,NA,NA,NA,-226.88161,1280.14001,1490.65613,-579.21014,1276.28381,1632.38696,-367.9039,1192.38098,1700.9259,NA,NA,NA,-194.2632,962.71625,1411.78052,-665.31128,1010.28638,1681.74756,-88.05888,779.75671,1430.78162,NA,NA,NA,-270.63995,911.93579,1718.67041,-471.77661,905.08307,1746.84656,-417.86053,886.42059,1421.98584,-179.96922,497.45078,1718.29993,-553.90863,456.03091,1575.04736,-178.50404,73.6025,1779.71301,NA,NA,NA
305,3.04,-377.27725,1448.81982,1778.3269,-259.0838,235.28191,80.4353,NA,NA,NA,NA,NA,NA,-220.8716,1280.0946,1500.7782,-574.15125,1276.20715,1640.45325,-362.95636,1193.5011,1711.92261,NA,NA,NA,-188.61331,962.10767,1422.03711,-660.18109,1009.1759,1688.31238,-82.46919,779.45483,1441.8772,NA,NA,NA,-265.59247,911.96259,1729.40991,-466.68839,905.96423,1758.09521,-410.60364,886.15717,1434.32056,-176.35364,496.59894,1729.62061,-549.09113,456.06064,1586.50415,-135.18333,137.48093,1801.229,NA,NA,NA
306,3.05,-374.62244,1449.52368,1787.14575,401.8266,747.70898,-406.54309,NA,NA,NA,NA,NA,NA,-214.61656,1280.07715,1511.95508,-569.11176,1276.29712,1649.21277,-357.63535,1194.20947,1722.18469,NA,NA,NA,-181.79991,962.68182,1433.70154,-654.6731,1008.40002,1694.24768,-76.93095,779.38092,1453.97363,-631.48346,840.61951,1889.97168,-260.42758,913.76013,1742.24292,-460.79425,906.0238,1768.25134,-403.64148,885.33966,1445.28503,-170.71101,495.71146,1742.90381,-544.17157,455.98566,1598.17432,-173.61137,66.76987,1792.92346,NA,NA,NA
307,3.06,-371.96527,1451.38318,1797.92126,-418.8653,1330.02808,1201.62354,NA,NA,NA,NA,NA,NA,-208.36856,1280.41125,1523.71228,-564.1615,1276.66663,1657.36487,-352.82535,1195.38855,1733.25024,NA,NA,NA,-176.08723,962.27844,1444.96875,-649.34705,1008.10419,1699.20447,-70.67522,779.10468,1466.04895,-628.4079,839.74969,1896.35229,-255.27509,914.15552,1753.59973,-455.32507,907.18427,1780.03528,-395.91714,885.44714,1457.17468,-165.72444,494.50549,1752.03088,-540.21417,456.65436,1609.25024,-170.21814,65.36067,1799.05579,NA,NA,NA
308,3.07,-369.75433,1452.83691,1807.55676,-201.23895,122.76645,1910.73047,NA,NA,NA,NA,NA,NA,-202.11649,1280.97485,1533.94812,-559.41284,1277.401,1664.96667,-347.99753,1196.42017,1743.24158,NA,NA,NA,-169.99765,963.04028,1457.0741,-644.09808,1007.61371,1705.18079,-64.30893,779.70026,1478.29797,-625.01105,838.42035,1901.33167,-248.8688,915.06189,1766.12427,-449.84067,908.46881,1791.84241,-387.75986,884.97394,1468.94531,-159.74591,494.7706,1761.74414,-535.83575,457.45502,1622.97839,-122.32507,132.35847,1820.23621,NA,NA,NA
309,3.08,-367.92163,1454.11145,1816.2749,-197.73784,121.60466,1915.04456,NA,NA,NA,NA,NA,NA,-195.95923,1281.21667,1545.4093,-554.38855,1278.09521,1673.88245,-343.5549,1198.66223,1753.86658,NA,NA,NA,-163.44104,963.26978,1469.61584,-639.03143,1007.38788,1711.2594,-58.73851,779.3761,1491.4375,-621.75586,836.91956,1906.13757,-243.7536,916.32135,1777.94897,-444.03479,909.16992,1802.37964,-381.55908,886.44019,1479.54968,-153.43803,496.59991,1771.91016,-532.38263,456.9006,1636.52075,-164.68047,59.9981,1806.00745,NA,NA,NA
310,3.09,-365.42374,1455.85132,1826.29761,-401.85669,1331.54126,1232.44324,NA,NA,NA,NA,NA,NA,-190.05493,1282.35913,1555.92786,-549.81512,1279.05859,1681.89941,-339.08939,1200.72192,1764.51733,NA,NA,NA,-157.20206,963.9007,1480.84802,-633.84698,1007.74701,1715.71692,-51.84703,779.93616,1505.05994,-618.67413,835.22125,1910.7688,-238.38763,918.75922,1790.4386,-438.74237,911.33215,1813.22473,-374.46906,887.78638,1490.6239,-146.92903,497.27597,1781.82361,-528.50256,457.57797,1652.63306,-164.53889,60.2725,1809.89246,NA,NA,NA
311,3.1,-363.08505,1457.8385,1836.36951,-196.15489,117.51977,1917.08765,NA,NA,NA,NA,NA,NA,-183.99744,1283.47815,1567.50842,-544.87531,1280.10205,1691.09155,-334.2446,1201.93237,1774.13599,NA,NA,NA,-150.2453,965.37726,1492.27551,-628.73413,1008.04272,1720.31201,-44.99332,780.70624,1518.10547,-615.3653,833.52118,1913.63477,-232.07808,921.05762,1803.45129,-433.13638,911.90991,1822.65295,-367.13211,887.68481,1501.3772,-141.34857,499.14749,1790.77502,-526.22784,458.22086,1668.5387,-114.56169,127.85379,1832.64343,NA,NA,NA
312,3.11,-361.88452,1460.09412,1846.60889,-195.91447,117.28699,1919.10229,NA,NA,NA,NA,NA,NA,-178.19978,1284.30627,1579.74475,-540.25085,1281.79346,1698.70251,-330.72253,1203.02698,1784.86035,NA,NA,NA,-143.57246,966.11395,1505.86145,-623.63354,1008.90955,1725.87256,-37.97715,781.67633,1533.09912,-613.49597,831.53259,1917.0979,-227.25212,923.25055,1815.23108,-428.64011,913.99518,1833.11792,-361.10532,889.20728,1511.6366,-136.54398,501.13617,1798.53906,-524.38605,457.57111,1688.88831,-163.72107,58.81166,1813.55994,NA,NA,NA
313,3.12,-359.97491,1461.7594,1854.8811,-364.01212,146.06157,-0.23177,NA,NA,NA,NA,NA,NA,-172.60081,1285.68726,1590.74402,-535.53461,1283.09937,1707.33105,-326.55252,1205.37598,1794.93958,NA,NA,NA,-136.30153,966.95819,1518.28101,-618.65942,1009.86926,1730.73975,-31.84389,783.36853,1547.57385,-610.69781,829.49231,1919.21667,-221.78569,925.14862,1826.33618,-422.91992,915.7655,1842.38708,-354.21707,889.16144,1521.67029,-131.47723,502.70822,1806.4801,-521.97064,458.44797,1704.60364,-163.58417,58.96856,1814.08459,NA,NA,NA
314,3.13,-358.90781,1464.10962,1865.13086,-380.84406,136.80414,8.37353,NA,NA,NA,NA,NA,NA,-166.85217,1286.95142,1603.12476,-530.97589,1285.1228,1714.97791,-323.26868,1207.4436,1805.72681,-247.19385,1486.4718,1694.005,-129.45438,968.51294,1531.21753,-613.81763,1011.06976,1735.90515,-25.00805,785.12408,1562.81689,-609.05341,827.79871,1922.3822,-217.3252,927.70026,1837.92883,-418.70108,917.91052,1853.05627,-348.45395,891.45917,1531.13269,-127.29657,504.72534,1813.11218,-519.59247,458.09799,1721.42053,-112.15963,123.06562,1836.33484,NA,NA,NA
315,3.14,-357.39441,1466.19458,1873.60291,-195.4211,114.85595,1920.78357,NA,NA,NA,NA,NA,NA,-161.75467,1288.54199,1614.23291,-526.59344,1286.73206,1723.46887,-319.59512,1208.32434,1815.97913,-243.14612,1488.61609,1704.77942,-121.81599,969.27228,1545.34473,-608.94659,1012.31702,1742.04651,-17.70057,786.50037,1578.35242,-607.39423,825.43274,1923.54907,-212.73575,928.5769,1848.08679,-414.19357,917.79431,1860.61121,NA,NA,NA,-122.03053,506.00183,1822.8822,-517.7417,459.01898,1738.89478,-163.11578,57.82513,1815.23547,NA,NA,NA
316,3.15,-356.81702,1468.46777,1883.77539,-380.30191,137.86261,9.3041,NA,NA,NA,NA,NA,NA,-156.48608,1289.94653,1626.73523,-522.5545,1288.44788,1730.98621,-316.45526,1209.0376,1824.94287,-238.98059,1489.6925,1715.86169,-114.94994,970.34741,1559.30322,-604.39221,1013.75165,1747.93347,-10.96757,787.87726,1594.25464,-605.91364,823.52264,1924.92529,-209.17508,931.31799,1859.58081,-410.35556,919.35938,1870.33655,-339.13522,894.28375,1550.32764,-118.36617,505.96948,1827.82373,-515.37933,460.14288,1756.42944,-163.55946,57.63292,1815.95715,NA,NA,NA
317,3.16,-356.15607,1471.08545,1892.91699,-195.83806,112.5429,1920.44177,NA,NA,NA,NA,NA,NA,-151.61026,1291.52039,1639.89038,-518.78345,1290.30066,1738.89233,-313.76282,1211.40613,1835.31763,-235.55882,1491.62634,1726.20776,-107.64548,971.94397,1571.88635,-600.08917,1015.33746,1753.62146,-3.62958,789.90271,1611.13794,-604.90009,821.87994,1927.15723,-205.17307,932.30109,1870.05444,-407.02689,920.98187,1879.4884,-335.13055,895.12183,1559.54968,-113.99667,505.504,1833.18042,-512.85785,462.4357,1773.53601,-113.00109,123.00155,1837.97876,NA,NA,NA
318,3.17,-355.4834,1472.50244,1901.71631,-196.4455,112.44791,1922.0459,NA,NA,NA,NA,NA,NA,-146.4971,1293.28064,1651.1189,-514.91943,1292.12561,1747.36145,-311.03934,1212.30786,1844.39832,-231.89156,1493.69153,1737.28528,-99.91922,973.36737,1585.95911,-596.23682,1017.20917,1760.09668,3.51338,792.26099,1627.23645,-604.15118,819.95343,1927.45166,-202.76532,933.0509,1877.04236,-404.55695,921.87036,1887.18359,-331.57431,898.47217,1564.36279,-110.08109,505.04553,1839.29675,-510.02484,464.71216,1790.65015,-113.20119,123.06246,1838.20752,NA,NA,NA
319,3.18,-355.44064,1474.94385,1910.98682,-259.49326,234.45732,80.92233,NA,NA,NA,NA,NA,NA,-141.59471,1294.89221,1663.01917,-511.27222,1293.79199,1754.98401,-308.99936,1213.5675,1854.40405,-228.57173,1495.7948,1750.57935,-92.14973,974.90558,1600.52222,-592.7688,1018.76959,1766.67102,10.52048,793.82428,1644.80066,-603.69061,818.07471,1928.12561,-198.92398,935.14526,1889.24951,-402.08371,923.51666,1895.35388,-327.03625,900.37439,1572.62976,-106.62141,502.93188,1844.46301,-506.39471,467.46161,1808.84314,-164.11546,55.71386,1814.48108,NA,NA,NA
320,3.19,-355.26141,1476.53101,1920.27917,-259.96796,235.11652,80.88725,NA,NA,NA,NA,NA,NA,-137.13768,1296.01831,1675.099,-507.48566,1295.70618,1762.08252,-306.49149,1214.2926,1863.46826,-225.70259,1497.40161,1760.93945,-84.58302,976.22607,1615.42993,-589.258,1020.72375,1773.06201,17.62574,795.01849,1662.22461,-603.49115,816.95581,1928.65552,-197.21333,935.75916,1896.10156,-399.82422,925.19373,1903.86121,-323.19714,901.94086,1581.17737,-105.14424,501.35568,1848.09802,-502.53366,470.00943,1825.48425,-113.44954,122.7594,1838.78674,NA,NA,NA
321,3.2,-355.6124,1478.87036,1929.97583,-113.87379,124.47633,1840.68188,NA,NA,NA,NA,NA,NA,-132.74838,1297.6825,1688.08972,-504.21155,1297.28577,1770.26025,-304.08258,1214.61414,1872.36963,-222.57266,1498.99963,1772.25586,-77.70963,977.92065,1629.33093,-586.30872,1022.68579,1779.47888,24.88326,798.34583,1681.14905,-603.47278,816.13458,1929.28723,-194.972,936.27155,1905.2915,-397.83447,925.76691,1911.53918,-319.08057,903.85034,1589.03174,-103.49884,498.70605,1851.1228,-498.44876,473.64182,1843.8551,-164.24585,55.22993,1814.15308,NA,NA,NA
322,3.21,-356.26074,1480.5271,1938.76526,-259.76602,235.48682,80.66072,NA,NA,NA,NA,NA,NA,-128.03656,1299.26672,1699.54773,-501.18344,1298.76038,1778.11218,-302.81915,1215.30237,1881.927,-220.02232,1500.62354,1784.18604,-70.1132,979.05811,1646.72656,-583.68396,1024.42407,1785.56567,32.0333,800.84467,1698.46912,-603.914,815.48242,1929.6665,-193.03278,936.99384,1913.53687,-396.28949,927.0351,1918.8562,-315.09265,905.60718,1598.85632,-100.4028,497.56998,1857.13269,-494.03745,477.61279,1861.27966,-164.3069,54.96898,1814.01733,NA,NA,NA
323,3.22,-357.20026,1481.66614,1947.38245,-259.76602,235.48682,80.66072,NA,NA,NA,NA,NA,NA,-124.04662,1301.21301,1711.65137,-497.91028,1300.36816,1785.07971,-301.7901,1216.81775,1891.9895,-217.78061,1501.91541,1796.01392,-62.60353,980.69592,1661.81921,-580.94537,1026.43909,1791.31079,37.45736,802.26172,1716.97144,-604.81671,814.71222,1930.58569,-191.43315,937.04504,1921.63867,-394.73315,928.63025,1926.32922,-311.99316,908.93646,1606.24158,-99.25922,496.41779,1860.93323,-489.6723,482.19498,1879.18933,-114.33295,124.13751,1841.98572,NA,NA,NA
324,3.23,-358.36469,1484.20471,1956.81653,-114.36094,124.21107,1842.07104,NA,NA,NA,NA,NA,NA,-120.41811,1302.51697,1722.56897,-495.36908,1301.78296,1792.09167,-300.03494,1216.48657,1900.19641,-215.37633,1504.06921,1807.07385,-55.61755,983.07556,1673.6167,-578.76343,1028.19287,1796.61389,44.20927,805.11749,1735.97656,-605.62933,814.34955,1931.08301,-190.24329,937.62866,1929.97937,-394.00354,929.78796,1934.57971,-307.16534,909.73108,1614.97583,-98.68642,494.72516,1862.79504,-485.53317,486.931,1895.9552,-164.69902,52.98033,1814.11133,NA,NA,NA
325,3.24,-360.02762,1485.23303,1965.54126,-259.0838,235.28191,80.4353,NA,NA,NA,NA,NA,NA,-116.4211,1303.95508,1734.54468,-492.39093,1303.32764,1799.44153,-298.39948,1217.71863,1908.81458,-213.28027,1505.95898,1819.0022,-48.40809,985.08374,1686.35742,-576.16589,1029.65686,1801.70996,50.83107,807.34003,1755.10767,-606.78522,814.34888,1931.11938,-189.5229,938.5835,1938.78418,-392.41714,930.31671,1941.92139,NA,NA,NA,-96.27618,494.15421,1867.03955,-480.96014,491.56424,1912.92908,-165.54465,51.47908,1813.73157,NA,NA,NA
326,3.25,-361.37784,1486.46277,1974.04492,-259.0838,235.28191,80.4353,NA,NA,NA,NA,NA,NA,-112.88907,1305.65906,1747.42578,-489.79681,1304.4679,1806.8031,-297.56619,1218.54285,1918.23389,-211.44127,1506.98572,1830.52209,-41.94608,986.96918,1701.7605,-573.97577,1031.26807,1807.04797,55.95271,810.28955,1775.77856,-608.20709,814.75488,1931.02222,-188.36441,939.09277,1946.24878,-391.43695,931.80817,1950.55469,-300.35162,914.12115,1633.1709,-96.41476,493.35767,1868.68127,-477.56409,495.16345,1928.64429,-114.37106,124.70664,1840.95801,NA,NA,NA
327,3.26,-259.0838,235.28191,80.4353,-114.45789,124.73255,1841.09729,NA,NA,NA,NA,NA,NA,-109.45102,1307.31079,1758.44861,-487.15009,1305.96533,1814.52307,-295.95123,1219.38696,1926.90088,-210.31648,1508.02661,1841.39685,-34.78146,988.46344,1717.5293,-571.30194,1032.62866,1811.15942,61.24292,812.54523,1793.89868,-609.83545,815.37109,1931.25098,-187.55545,938.63495,1952.37012,-390.564,932.52557,1958.90198,-296.76953,917.52954,1637.56421,-96.67187,493.60703,1871.14917,-473.66223,499.75259,1944.22205,NA,NA,NA,NA,NA,NA
328,3.27,-259.0838,235.28191,80.4353,-114.36472,124.87869,1841.0564,NA,NA,NA,NA,NA,NA,-106.40621,1308.57397,1769.97961,-484.41397,1307.06506,1821.52112,-294.4165,1220.41699,1935.24878,-208.59612,1510.39063,1854.70227,-28.0051,990.04309,1733.86963,-569.12537,1034.12402,1815.56152,66.785,815.81085,1814.91406,-611.30872,815.7691,1931.6814,-187.1769,938.87195,1959.36182,-389.60623,933.8822,1965.67651,NA,NA,NA,-97.36653,493.67383,1874.38269,-470.33191,503.80667,1959.15808,NA,NA,NA,NA,NA,NA
329,3.28,-290.42032,920.28235,1654.40027,-259.0838,235.28191,80.4353,NA,NA,NA,NA,NA,NA,-103.16959,1310.23547,1782.08057,-481.98074,1308.42615,1828.67566,-293.70743,1221.52832,1945.21252,-207.72501,1511.29822,1865.47314,-21.46759,991.2276,1750.62439,-566.68744,1035.38354,1819.14014,70.82111,818.28809,1832.67542,-613.03247,816.55396,1930.78064,-187.14702,939.08826,1967.1123,-388.97876,934.72076,1972.18042,NA,NA,NA,-98.15549,492.93457,1877.65796,-467.72357,508.01157,1972.50085,-114.52628,124.84785,1841.2074,NA,NA,NA
330,3.29,-287.11368,923.65063,1659.13672,-259.0838,235.28191,80.4353,NA,NA,NA,NA,NA,NA,-100.43026,1311.7395,1792.95129,-479.30688,1309.46204,1834.76294,-292.19046,1222.47656,1953.46912,-206.98668,1512.18005,1875.79053,-15.16984,992.59064,1767.76685,-564.58905,1036.41907,1822.29407,75.89231,821.26459,1853.52368,-614.67444,817.30188,1929.96228,-186.13589,940.06549,1974.66016,-388.70251,935.58307,1979.36292,NA,NA,NA,-98.66471,493.89804,1880.94434,-463.10455,511.31934,1983.40295,-114.27273,125.47804,1840.31299,NA,NA,NA
331,3.3,-259.0838,235.28191,80.4353,-114.28402,125.58414,1840.38281,NA,NA,NA,NA,NA,NA,-97.48633,1312.73657,1804.63672,-477.09113,1310.573,1842.17444,-291.08899,1222.60974,1963.07043,-206.45096,1513.99121,1888.68005,-7.78105,995.75409,1777.25867,-562.25775,1037.59851,1826.24109,79.79563,823.84045,1872.71521,-616.28046,818.45758,1930.33691,-185.30199,940.15936,1982.21313,-387.15048,936.43048,1986.38367,NA,NA,NA,-99.47218,494.83026,1884.01624,-458.33685,516.88641,1996.28015,NA,NA,NA,NA,NA,NA
332,3.31,-281.72067,924.88831,1678.69385,-259.65164,234.67694,80.91065,NA,NA,NA,NA,NA,NA,-94.90214,1313.91931,1816.81824,-474.7428,1311.25391,1849.328,-290.30984,1223.62341,1971.95728,-206.0153,1515.46118,1901.05664,-2.3119,997.10535,1793.20459,-560.35004,1038.71545,1829.22156,83.1169,826.46686,1891.69006,-617.94458,819.46869,1929.39563,-185.73721,941.4856,1991.24878,-386.19888,938.10822,1994.29834,NA,NA,NA,-99.48891,494.55222,1888.80945,-454.30441,519.92334,2006.28394,-114.25719,125.71439,1840.44397,NA,NA,NA
333,3.32,-259.0838,235.28191,80.4353,-365.26291,145.21432,-0.93637,NA,NA,NA,NA,NA,NA,-92.32079,1314.56604,1828.06824,-472.57767,1311.76221,1856.45264,-288.72153,1223.15247,1980.14832,-205.54236,1516.84277,1912.58191,2.52958,998.95428,1808.7522,-558.10217,1039.50342,1831.67664,86.33138,828.96271,1910.26306,-619.6524,820.48932,1929.90356,-184.39818,941.01031,1997.71436,-385.3941,938.55798,2001.19434,-280.12445,925.4101,1689.57422,-100.24756,493.93616,1891.73499,-450.12912,522.98315,2016.4762,-114.26571,125.93365,1840.57935,NA,NA,NA
334,3.33,-259.49326,234.45732,80.92233,-333.36206,135.63095,1912.01953,NA,NA,NA,NA,NA,NA,-89.75328,1315.44897,1840.2832,-470.452,1312.50061,1863.12708,-288.47324,1223.79077,1990.03015,-205.18591,1516.57483,1922.43445,7.25626,1000.20758,1823.32947,-555.88098,1040.44092,1835.81104,89.37267,831.39886,1930.25806,-621.22937,821.01105,1929.68176,-183.44421,941.15485,2006.04199,-384.29581,939.32214,2007.7002,-278.01706,926.76935,1695.88257,-99.6125,492.81885,1898.00073,-446.81308,525.86053,2025.9696,-114.27222,126.161,1840.71838,NA,NA,NA
335,3.34,-259.0838,235.28191,80.4353,-223.15984,-92.51127,1634.22107,NA,NA,NA,NA,NA,NA,-87.47134,1315.93945,1851.474,-468.09796,1312.89819,1869.78662,-287.40018,1222.72546,1998.49243,-205.3318,1517.19714,1933.23193,11.41356,1001.8288,1838.1438,-554.11047,1041.34961,1838.38977,91.42657,833.5257,1948.69958,-622.72852,821.5274,1929.16882,-182.82826,941.13269,2014.15613,-383.3403,938.54138,2014.30774,-276.19406,927.24866,1702.59509,-99.73137,492.14487,1900.74048,-442.56964,528.4248,2036.26477,-114.16129,126.83514,1840.55664,NA,NA,NA
336,3.35,-362.69711,144.24078,-0.13488,NA,NA,NA,NA,NA,NA,NA,NA,NA,-85.28185,1316.31348,1863.79785,-466.75497,1312.86157,1877.78857,-287.19196,1223.20691,2008.1803,-205.53279,1517.81091,1945.06787,14.797,1002.48895,1853.33105,-551.96576,1041.93982,1841.55383,93.84427,835.41779,1967.60828,-624.24786,822.10156,1928.75964,-182.20157,940.83044,2022.94739,-382.4718,938.97388,2022.18774,-274.94189,927.55133,1709.34985,-99.08612,491.58829,1905.52673,-440.09052,530.57928,2045.17676,-114.36275,127.18975,1840.74561,NA,NA,NA
337,3.36,-379.58163,137.65851,9.07764,NA,NA,NA,NA,NA,NA,NA,NA,NA,-83.58945,1316.53564,1875.45068,-464.84479,1313.203,1884.33984,-286.57791,1222.48743,2016.43713,-206.17596,1518.04199,1955.99231,19.24261,1004.5636,1870.90015,-550.33252,1042.35388,1845.31995,95.8281,837.25006,1985.16382,-625.5127,822.43549,1928.56958,-180.88692,939.8371,2030.37952,-381.3775,938.79578,2030.00195,-274.57828,929.28937,1714.9397,-99.28691,491.76859,1908.31091,-436.80176,530.69324,2052.58301,-114.94142,129.24399,1842.65027,NA,NA,NA
338,3.37,-244.59386,242.97012,71.18593,-379.58163,137.65851,9.07764,NA,NA,NA,NA,NA,NA,-81.73723,1316.52307,1888.26758,-462.9982,1313.12329,1891.32324,-286.85727,1221.58276,2025.92957,-206.10847,1517.97144,1966.70532,22.54874,1005.42267,1884.6637,-548.74841,1043.15833,1848.68225,97.22804,839.85706,2005.42126,-626.80573,822.68524,1928.66162,-179.75479,938.854,2038.42334,-380.12067,937.38324,2037.70313,NA,NA,NA,-100.22346,491.87747,1912.92554,-433.42911,531.32629,2060.7373,-115.09583,129.63408,1842.82678,NA,NA,NA
339,3.38,-244.59386,242.97012,71.18593,-379.58163,137.65851,9.07764,NA,NA,NA,NA,NA,NA,-80.85184,1316.32019,1899.02612,-461.81906,1312.71606,1898.53479,-287.00006,1220.03284,2034.61316,-206.63811,1518.22192,1977.5614,25.60285,1005.56189,1898.2793,-546.85217,1043.57251,1852.17542,98.60648,840.99866,2022.72791,-628.07532,822.60016,1924.99377,-179.00754,937.23169,2046.68982,-379.35236,937.80457,2046.1554,-273.53339,928.52582,1734.64014,-100.20794,491.88605,1918.75037,-429.74808,530.24683,2066.66113,-115.97735,128.41005,1842.51563,NA,NA,NA
340,3.39,-244.59386,242.97012,71.18593,-379.58163,137.65851,9.07764,NA,NA,NA,NA,NA,NA,-79.45895,1315.94739,1911.8551,-460.42999,1312.32874,1905.31689,-287.06516,1218.47314,2042.40088,-207.60596,1518.09143,1988.09924,28.04601,1005.82336,1913.48328,-545.66296,1043.8584,1854.73413,99.62586,842.24866,2041.09045,-629.04974,822.44995,1925.72644,-178.58813,937.04962,2055.23438,-379.02353,936.88647,2055.12451,-272.95547,928.42688,1740.79675,-100.50332,491.46426,1921.93652,-426.45126,530.32513,2074.7041,-115.2718,128.05437,1843.92859,NA,NA,NA
341,3.4,-244.59386,242.97012,71.18593,-380.19879,137.00786,9.55641,NA,NA,NA,NA,NA,NA,-78.48811,1315.33081,1923.40918,-459.03174,1311.93799,1912.76257,-288.0015,1217.69019,2052.89575,-208.08418,1517.39978,1998.73242,31.15217,1005.99963,1928.22925,-544.42413,1043.61658,1859.88855,100.17531,843.22754,2058.21436,-629.95349,822.24622,1926.4884,-177.99634,936.12817,2064.15356,-378.50198,935.24866,2061.90771,-272.50644,929.07947,1750.39551,-99.64741,490.43777,1926.89734,-422.34561,528.53033,2081.01709,-115.32538,128.19653,1843.86987,NA,NA,NA
342,3.41,-244.59386,242.97012,71.18593,-380.03549,136.77846,9.56842,NA,NA,NA,NA,NA,NA,-77.75011,1314.73523,1934.71729,-458.16428,1311.30542,1920.41296,-288.25208,1217.05139,2061.71338,-208.92717,1516.89905,2008.91406,33.26633,1005.82422,1941.43713,-543.1629,1043.67456,1864.38428,100.42769,844.91431,2075.48511,-630.84705,821.92877,1927.34509,-177.01935,934.46558,2072.22705,-378.94876,933.65173,2070.54272,-271.68948,928.26233,1757.50305,-99.6432,490.35364,1932.33093,-418.16501,526.90533,2086.78638,-114.73212,129.45161,1844.01355,NA,NA,NA
343,3.42,-259.96796,235.11652,80.88725,-257.40988,1357.10388,1601.43408,NA,NA,NA,NA,NA,NA,-77.22285,1314.08447,1947.21497,-457.35379,1310.66016,1928.19971,-288.7312,1214.47327,2070.05884,-209.81041,1515.95886,2019.23694,35.05595,1006.03851,1956.35791,-542.00073,1043.84741,1868.36597,100.59289,846.04675,2094.52271,-631.62109,821.72052,1928.13599,-177.22775,933.82721,2082.03418,-378.75186,932.00555,2078.75073,-270.694,929.11536,1766.46924,-99.20264,488.85526,1938.31494,-414.94473,524.53394,2093.23096,-114.91945,129.39116,1844.46582,NA,NA,NA
344,3.43,-256.17938,1356.27112,1608.73926,-362.69711,144.24078,-0.13488,NA,NA,NA,NA,NA,NA,-76.71011,1313.15796,1957.88684,-456.95355,1309.83118,1936.37366,-289.7229,1212.98792,2078.02051,-210.79404,1515.42627,2028.61316,36.62735,1004.87866,1970.22961,-541.10559,1043.76367,1872.67041,100.13178,847.05841,2110.66357,-632.32294,821.47919,1928.99695,-176.83427,931.79211,2090.5603,-379.0314,931.41217,2088.427,-269.84201,928.87,1772.3468,-98.36615,487.64615,1942.21167,-411.84189,521.31403,2099.75903,-114.9704,129.69527,1844.67725,NA,NA,NA
345,3.44,-255.45671,1355.46216,1615.03467,-295.90088,156.64734,2255.61841,NA,NA,NA,NA,NA,NA,-76.91232,1312.14868,1969.06714,-456.62967,1308.90369,1943.95935,-290.60419,1211.66675,2087.92822,-212.08374,1514.08386,2038.87292,37.695,1004.9635,1985.07068,-540.42224,1043.14001,1878.36182,100.09639,847.86938,2127.50195,-632.77887,820.4101,1932.74121,-176.9272,929.84857,2100.07764,-378.86221,929.44714,2097.34717,NA,NA,NA,-96.9043,486.23828,1948.17468,-409.22104,518.66107,2106.35864,-114.84343,130.24698,1845.74976,NA,NA,NA
346,3.45,-259.65164,234.67694,80.91065,-254.77054,1354.24207,1623.20471,NA,NA,NA,NA,NA,NA,-77.00867,1310.8728,1979.82898,-456.5715,1307.76172,1951.6853,-291.1626,1210.46362,2097.08838,-213.19571,1512.82813,2048.30298,38.19452,1003.88251,1997.26575,-539.66528,1042.72412,1881.9502,99.4221,849.06934,2144.06909,-633.63397,819.87518,1934.05127,-177.01534,928.242,2109.08643,-378.65967,927.34332,2106.15845,-268.29828,926.85492,1794.36414,-95.49201,486.08548,1953.83459,-407.11008,515.91559,2115.28662,-115.08798,131.3589,1845.49231,NA,NA,NA
347,3.46,-254.88649,1353.1438,1629.22705,-364.01212,146.06157,-0.23177,NA,NA,NA,NA,NA,NA,-77.56955,1309.49988,1989.41248,-456.69388,1306.43347,1959.8418,-292.34528,1208.77319,2105.58838,-214.7016,1511.83826,2057.24121,38.6865,1003.79614,2012.71143,-539.19159,1041.7373,1888.18494,97.61362,849.88745,2158.66895,-634.27124,819.45917,1934.95898,-176.7224,927.1123,2117.5188,-379.01532,926.04028,2115.08691,-268.31891,926.2796,1800.01685,-94.33519,485.50232,1957.37048,-405.35995,513.69611,2125.81421,-115.27779,133.29337,1847.04358,NA,NA,NA
348,3.47,-294.86441,166.62634,2312.9104,-379.79459,137.14847,9.34142,NA,NA,NA,NA,NA,NA,-78.53419,1308.3219,1999.10327,-457.07428,1305.11682,1968.08325,-293.53265,1207.91296,2114.08325,-215.90707,1510.31592,2066.56689,38.17346,1002.69696,2024.68835,-538.57373,1041.35657,1892.60315,97.02091,851.0481,2175.20947,-634.9505,818.86316,1936.19775,-176.4256,925.58124,2126.82813,-378.93466,924.1106,2123.75171,NA,NA,NA,-92.94637,485.00082,1963.77319,-403.73642,511.29575,2136.05396,-115.39092,133.14363,1846.41504,NA,NA,NA
349,3.48,-294.07776,166.27725,2325.43018,-255.3414,1350.24731,1643.58411,NA,NA,NA,NA,NA,NA,-79.72664,1305.41577,2006.72278,-457.64725,1303.66711,1975.80127,-294.33563,1206.46143,2124.13696,-217.45482,1509.68103,2075.04492,36.96997,1001.98273,2039.05847,-538.27271,1040.29077,1899.2467,95.37161,851.30347,2189.99731,-635.53857,817.58649,1940.47058,-176.64565,925.05719,2136.95068,-379.28043,923.06348,2133.81445,-268.79639,923.73834,1820.63086,-91.95821,485.03281,1969.65466,-402.46793,510.04395,2146.59131,-114.62555,132.92371,1847.51819,NA,NA,NA
350,3.49,-256.03421,1348.62,1651.31311,-379.58163,137.65851,9.07764,NA,NA,NA,NA,NA,NA,-80.05832,1305.07776,2017.32153,-458.41327,1302.05945,1984.12329,-295.53564,1205.70618,2133.17358,-219.05981,1507.59619,2084.70215,35.53689,1000.60547,2052.66577,-538.21686,1039.08154,1905.05981,93.46451,851.93329,2205.01099,-636.07196,816.32837,1944.55347,-176.49152,924.72748,2146.08472,-379.09372,921.11047,2143.19238,-269.06226,921.70563,1829.27698,-90.61883,485.30402,1975.47791,-400.97214,508.63895,2155.92944,-114.85722,133.46654,1848.67908,NA,NA,NA
351,3.5,-257.01727,1347.34106,1657.3385,-380.84406,136.80414,8.37353,NA,NA,NA,NA,NA,NA,-81.4026,1303.53955,2026.12366,-459.67871,1300.52173,1991.71582,-296.83545,1204.28992,2141.12769,-221.07448,1507.30823,2093.91748,33.28708,999.40869,2064.67261,-538.12378,1038.10303,1910.6178,91.19116,852.49493,2218.86353,-636.92847,815.34149,1946.43494,-176.90878,924.39374,2156.47534,-379.11856,919.57697,2153.22461,NA,NA,NA,-88.95863,485.71741,1980.0155,-399.56873,507.40295,2166.34619,-115.27215,135.69385,1849.52075,NA,NA,NA
352,3.51,-289.2215,162.3631,2355.7644,-258.14612,1345.73584,1664.83862,NA,NA,NA,NA,NA,NA,-82.79652,1302.31873,2034.48108,-461.22543,1298.92456,2000.3418,-298.16199,1203.7771,2150.60498,-222.63734,1505.19446,2102.24023,30.89182,999.02679,2078.12598,-538.43903,1036.65479,1917.07507,88.21437,853.52374,2232.93604,-637.41913,814.09595,1948.55139,-176.40414,923.17999,2165.32935,-378.91425,918.0484,2162.77905,NA,NA,NA,-87.04942,486.28824,1988.82068,-398.74356,507.51053,2177.63452,-114.59653,138.98462,1849.9574,NA,NA,NA
353,3.52,-259.54962,1344.22278,1671.11816,-244.59386,242.97012,71.18593,NA,NA,NA,NA,NA,NA,-84.18226,1301.1405,2042.99023,-462.64954,1297.35632,2008.13025,-300.10754,1203.12463,2159.40161,-224.77913,1504.35229,2110.73438,28.77058,997.24249,2090.09009,-538.97595,1034.9425,1924.69849,84.7154,854.21887,2245.31616,-637.90442,812.54779,1955.39624,-177.08882,923.64612,2175.80396,-378.77689,916.8681,2172.73975,NA,NA,NA,-85.98882,485.77954,1993.76147,-397.65378,506.36801,2188.44678,-114.35864,140.34299,1850.32166,NA,NA,NA
354,3.53,-260.97198,1342.6438,1677.61365,-379.58163,137.65851,9.07764,NA,NA,NA,NA,NA,NA,-86.0929,1299.83618,2051.91431,-464.36758,1295.66235,2015.92993,-301.84317,1202.24048,2168.27539,-225.91957,1502.60522,2118.08813,NA,NA,NA,-539.64221,1033.27063,1931.28381,81.51946,854.13519,2256.23853,-638.78717,811.43231,1957.66418,-177.45374,923.41241,2186.19849,-378.96887,915.88477,2183.37769,-270.43665,914.17426,1871.12366,-83.72261,485.80753,2002.52979,-397.42798,505.71527,2200.07422,-113.58044,142.50569,1850.84583,NA,NA,NA
355,3.54,-286.1777,147.85597,2370.02075,-262.74026,1341.24585,1684.72144,NA,NA,NA,NA,NA,NA,-87.66887,1299.0011,2060.14331,-466.62027,1293.875,2024.21375,-303.79825,1201.87976,2177.17529,-227.83791,1501.3457,2126.43213,NA,NA,NA,-540.39532,1031.30212,1938.45313,78.19704,853.71576,2268.02417,-639.25769,809.1626,1965.15796,-177.9128,922.99017,2196.75879,-379.41309,915.12805,2194.01733,-270.03967,910.96375,1881.7406,-81.50977,487.16687,2011.68481,-396.70572,503.96545,2210.92896,-112.1379,145.68086,1853.74219,NA,NA,NA
356,3.55,-286.07898,143.52277,2373.68896,NA,NA,NA,NA,NA,NA,NA,NA,NA,-90.13037,1297.91504,2068.82349,-468.47928,1292.26563,2031.7804,-306.2753,1201.70056,2186.00952,-229.68665,1499.85876,2134.11133,NA,NA,NA,NA,NA,NA,73.62101,853.82977,2279.63257,-639.72247,807.4516,1972.23743,-178.77567,923.08698,2207.46167,-380.11514,914.53021,2204.64282,-269.78012,908.91742,1889.87976,-79.73355,487.15033,2020.65723,-396.60666,502.74026,2222.01709,-112.0996,149.77568,1855.41553,NA,NA,NA
357,3.56,-266.29935,1338.875,1697.57813,-259.0838,235.28191,80.4353,NA,NA,NA,NA,NA,NA,-92.03616,1297.66895,2077.47607,-471.02722,1290.53992,2039.86279,-308.45825,1201.06042,2194.75928,-231.68073,1499.23865,2141.84473,NA,NA,NA,-541.65741,1027.65051,1951.88855,69.85169,852.91455,2291.82666,-640.37012,805.5744,1975.39722,-179.29118,923.18774,2217.25903,-381.12186,914.04218,2215.6416,-269.90332,905.82043,1904.34192,-77.90424,487.08044,2028.98413,-396.22778,499.95221,2232.26367,-110.50946,154.40907,1858.11157,NA,NA,NA
358,3.57,-288.93509,136.95889,2382.34229,-259.0838,235.28191,80.4353,NA,NA,NA,NA,NA,NA,-94.3261,1297.14917,2086.23975,-473.21344,1289.11304,2047.74646,-311.18094,1200.90356,2203.93701,-233.92458,1499.38477,2149.53613,NA,NA,NA,-542.19623,1025.78088,1959.17371,65.09509,852.90796,2301.94385,-640.78198,803.25977,1983.35449,-180.82248,923.4494,2228.74048,-382.39133,913.91302,2225.70142,NA,NA,NA,-75.95872,487.44489,2041.34924,-397.79318,498.27759,2243.72998,-109.18349,158.42126,1861.81287,NA,NA,NA
359,3.58,-270.22693,1338.30701,1709.74048,-259.0838,235.28191,80.4353,NA,NA,NA,NA,NA,NA,-95.98581,1297.13538,2094.22485,-475.66962,1287.88147,2055.71191,-313.84421,1200.7782,2211.49438,-236.01016,1499.69507,2157.43604,NA,NA,NA,-542.82697,1024.55505,1965.48474,60.27675,852.33997,2310.98242,-641.43658,802.09607,1985.93665,-182.65538,923.64484,2240.35425,-383.49805,912.75159,2234.7146,NA,NA,NA,-74.002,487.44174,2055.16504,-401.78006,497.42905,2253.36401,-107.57927,163.38304,1868.1322,NA,NA,NA
360,3.59,-272.00214,1339.10828,1715.80469,-259.0838,235.28191,80.4353,NA,NA,NA,NA,NA,NA,-97.80698,1297.77393,2102.90063,-477.62341,1287.09424,2063.56323,-316.14911,1202.33484,2221.73877,-238.50836,1500.0979,2164.50024,NA,NA,NA,-543.1947,1023.25055,1973.54297,55.6966,851.06262,2319.7373,-641.40338,800.29388,1993.69568,-184.08963,924.58496,2249.97266,-384.79245,913.15552,2244.5625,NA,NA,NA,-71.71146,486.95563,2070.88916,-405.41687,496.42068,2262.73169,-105.40415,167.47952,1876.55066,NA,NA,NA
361,3.6,-288.61621,132.76227,2388.71582,-259.0838,235.28191,80.4353,NA,NA,NA,NA,NA,NA,-99.5545,1298.84045,2111.15381,-479.29071,1286.66101,2071.39673,-318.38022,1202.3728,2228.45239,-241.14523,1501.05054,2172.44507,NA,NA,NA,-543.64008,1022.65051,1981.72949,50.3686,852.04175,2329.33765,-640.93665,799.77649,2001.15308,-186.1208,924.81567,2259.9873,-386.63535,913.8714,2254.10107,NA,NA,NA,-69.62099,486.71011,2087.81665,-409.04916,497.38226,2273.01855,-104.45379,174.08772,1884.45715,NA,NA,NA
362,3.61,-288.52136,132.7957,2389.59546,-259.0838,235.28191,80.4353,NA,NA,NA,NA,NA,NA,-100.79499,1300.5636,2119.854,-481.38779,1286.89258,2080.37842,-319.74374,1204.26819,2237.5144,-242.88599,1501.90454,2179.35669,NA,NA,NA,NA,NA,NA,44.95095,851.25226,2337.03857,-640.90656,799.99664,2010.47192,-188.85162,926.71216,2269.47192,-389.32324,914.95135,2263.24609,NA,NA,NA,-66.58334,485.28452,2107.39258,-411.90784,497.30273,2280.30786,-99.27951,183.48648,1886.36414,NA,NA,NA
363,3.62,-67.97696,1186.38977,1318.60889,-259.0838,235.28191,80.4353,NA,NA,NA,NA,NA,NA,-102.77039,1300.90247,2127.10278,-482.43094,1287.48096,2087.76465,-322.25006,1204.99658,2245.13867,-244.97896,1502.38318,2185.31689,NA,NA,NA,-543.66864,1023.01367,1997.20178,39.8294,850.90027,2344.56689,-640.45435,799.67828,2018.13477,-191.57881,928.88782,2278.80078,-391.37387,916.45105,2271.81519,NA,NA,NA,-65.09108,485.30231,2126.46509,-415.66205,500.07471,2288.64526,-97.66957,191.27773,1902.16724,NA,NA,NA
364,3.63,-70.70286,1187.37524,1327.86975,-259.0838,235.28191,80.4353,NA,NA,NA,NA,NA,NA,-104.43887,1302.86755,2136.41943,-483.42633,1288.06494,2095.40259,-323.44025,1207.23145,2254.03711,-247.38081,1503.29199,2192.83081,NA,NA,NA,-543.82013,1023.77972,2005.54236,34.49697,850.25586,2352.77124,-639.81781,800.37714,2026.12573,-194.75084,930.5788,2288.10913,-394.12555,918.74426,2280.72705,-274.69592,903.987,1964.41943,-61.85835,484.17392,2149.77734,-419.46704,502.52411,2295.41846,-94.34758,199.4904,1914.37952,NA,NA,NA
365,3.64,-288.67154,130.68877,2391.13647,-259.65164,234.67694,80.91065,NA,NA,NA,NA,NA,NA,-105.36689,1304.12195,2144.95386,-484.07999,1289.42664,2102.93506,-324.96823,1208.08801,2260.41992,-249.53474,1504.54749,2200.31714,NA,NA,NA,-543.92859,1024.51941,2012.63855,29.10229,849.21637,2359.43408,-639.01178,799.94495,2034.89697,-198.29572,932.82666,2297.30347,-397.12534,920.89087,2287.64795,-276.15979,903.40741,1978.58875,-59.11874,484.8613,2172.29224,-422.79062,505.18033,2301.89941,-91.43835,209.37717,1927.37854,NA,NA,NA
366,3.65,-76.93078,1188.1438,1344.51794,-259.65164,234.67694,80.91065,NA,NA,NA,NA,NA,NA,-105.98704,1306.12268,2153.51563,-484.38452,1290.46021,2109.17261,-325.77341,1209.72314,2268.06592,-251.38608,1505.4165,2205.65015,NA,NA,NA,NA,NA,NA,23.52214,847.45532,2367.04736,-639.12079,801.44891,2044.89746,-200.96661,934.22345,2305.27539,-400.31174,922.6983,2294.89331,-276.75317,903.62665,1985.23315,-56.37152,486.9697,2193.26367,-425.6777,506.0488,2307.13867,-87.5177,217.41548,1943.86121,NA,NA,NA
367,3.66,-78.77987,1188.46228,1352.76611,-259.65164,234.67694,80.91065,NA,NA,NA,NA,NA,NA,-106.51983,1307.95764,2161.88452,-484.72891,1292.09241,2116.25049,-326.99359,1211.10889,2275.02441,-253.52438,1506.75122,2213.38721,NA,NA,NA,-544.64063,1026.30249,2029.61609,17.32784,846.89642,2373.46143,-638.62518,801.57855,2052.65723,-204.61089,935.45056,2314.27563,-403.228,924.6441,2301.63843,NA,NA,NA,-53.37229,488.737,2215.04565,-428.30844,506.0007,2311.47363,-82.8666,224.407,1964.44458,NA,NA,NA
368,3.67,-288.34595,129.63573,2390.77148,-259.76602,235.48682,80.66072,NA,NA,NA,NA,NA,NA,-106.63329,1309.33777,2170.28638,NA,NA,NA,-328.18851,1212.81665,2282.30884,-255.87776,1508.92212,2220.4436,NA,NA,NA,-545.49377,1027.44641,2038.53406,12.61106,845.52618,2381.08105,-638.3407,802.56628,2062.47656,-207.94957,936.9389,2322.89819,-278.10901,905.00623,1996.5304,NA,NA,NA,-50.97783,491.95883,2235.448,-432.03915,505.26706,2314.45117,-80.04903,232.80281,1980.70349,NA,NA,NA
369,3.68,NA,NA,NA,-259.76602,235.48682,80.66072,NA,NA,NA,NA,NA,NA,-107.23904,1311.19043,2179.07715,NA,NA,NA,-328.69296,1214.59314,2288.97803,-257.4007,1510.2428,2226.43799,NA,NA,NA,-546.20789,1028.33557,2046.58081,7.02364,844.33307,2387.48364,-638.17981,803.45404,2072.68652,-210.68318,937.80914,2330.61621,NA,NA,NA,NA,NA,NA,-50.03339,495.21356,2253.88428,-434.94128,503.89978,2315.56494,-76.89932,240.73174,2001.03906,NA,NA,NA
370,3.69,-276.98605,1347.43518,1775.31201,-259.0838,235.28191,80.4353,NA,NA,NA,NA,NA,NA,-107.32897,1312.66785,2187.18677,NA,NA,NA,-329.98941,1215.83105,2295.34717,-258.66989,1512.1698,2233.21729,NA,NA,NA,-547.32397,1029.52808,2054.36157,2.23274,843.97632,2395.45581,-638.07349,803.32751,2081.33179,-214.07146,939.2486,2338.81055,-279.82675,904.69873,2017.07263,NA,NA,NA,-50.81466,498.70737,2273.55078,-437.95108,501.82242,2315.12939,-73.51086,248.47218,2018.82007,NA,NA,NA
371,3.7,-276.36716,1348.58301,1779.05237,-259.0838,235.28191,80.4353,NA,NA,NA,NA,NA,NA,-107.081,1314.01746,2194.92163,NA,NA,NA,NA,NA,NA,-260.93591,1513.21045,2239.93848,NA,NA,NA,-548.29199,1030.76892,2062.2373,-2.73807,842.90857,2402.45752,-637.8327,803.9306,2094.29346,-217.79144,941.10803,2347.7146,-280.68152,906.54254,2024.71765,NA,NA,NA,-52.23679,502.09329,2293.03711,-440.39886,500.80103,2314.03882,-71.35141,253.56589,2037.45801,NA,NA,NA
372,3.71,-275.53918,1349.98218,1783.44885,-259.98312,236.31114,80.45158,NA,NA,NA,NA,NA,NA,-107.4763,1315.36877,2203.1189,NA,NA,NA,NA,NA,NA,-262.18005,1515.66272,2247.50073,NA,NA,NA,-549.24707,1032.33826,2068.68115,-7.29372,843.06384,2411.88892,-637.78186,804.98407,2107.09473,-220.36223,941.53308,2355.29834,NA,NA,NA,NA,NA,NA,-55.69896,506.21436,2314.21045,-442.23788,497.90488,2311.76416,-67.66646,257.21417,2059.46924,NA,NA,NA
373,3.72,NA,NA,NA,-259.0838,235.28191,80.4353,NA,NA,NA,NA,NA,NA,-107.67003,1316.45166,2211.15479,NA,NA,NA,NA,NA,NA,-263.91238,1517.02271,2253.64502,NA,NA,NA,-549.98969,1033.75696,2076.65845,-12.26836,842.40009,2418.23145,-637.68793,805.64099,2118.20581,-224.36006,942.96118,2365.33643,NA,NA,NA,NA,NA,NA,-60.17707,510.55054,2332.8877,-444.07764,498.0593,2311.79077,-67.26377,261.7894,2076.375,NA,NA,NA
374,3.73,NA,NA,NA,-259.0838,235.28191,80.4353,NA,NA,NA,NA,NA,NA,-107.7133,1317.5603,2218.78833,NA,NA,NA,NA,NA,NA,-264.51395,1518.48059,2260.45728,NA,NA,NA,-550.69574,1035.14905,2082.52515,-16.7037,841.84467,2425.63452,-637.44855,807.27008,2128.85815,-227.25096,943.90607,2373.27661,NA,NA,NA,NA,NA,NA,-64.28713,513.79333,2351.8042,-445.45758,497.47305,2308.96167,-65.00494,262.83179,2098.05518,NA,NA,NA
375,3.74,NA,NA,NA,NA,NA,NA,NA,NA,NA,NA,NA,NA,-108.25488,1318.48352,2227.24731,NA,NA,NA,NA,NA,NA,NA,NA,NA,NA,NA,NA,-551.12378,1037.33789,2088.729,-21.34034,841.44617,2432.23584,-636.87756,808.15759,2143.86182,-230.68074,945.40143,2381.62061,NA,NA,NA,NA,NA,NA,-67.114,519.4856,2373.94556,-447.746,498.65381,2308.91016,-62.48519,265.52283,2115.39844,NA,NA,NA
376,3.75,NA,NA,NA,NA,NA,NA,NA,NA,NA,NA,NA,NA,-108.63627,1319.21545,2235.00342,NA,NA,NA,NA,NA,NA,NA,NA,NA,NA,NA,NA,-551.49725,1038.64966,2093.50464,-26.01888,840.45715,2438.88867,-637.00378,810.30188,2154.83423,-233.74609,946.53638,2389.3479,NA,NA,NA,NA,NA,NA,-73.54565,520.40509,2387.97974,-450.66144,499.74362,2309.53345,-60.68918,264.89066,2138.58154,NA,NA,NA
377,3.76,NA,NA,NA,NA,NA,NA,NA,NA,NA,NA,NA,NA,-109.3904,1320.4303,2243.50854,NA,NA,NA,NA,NA,NA,NA,NA,NA,NA,NA,NA,-551.97864,1040.88037,2098.98169,-30.4411,840.62109,2445.82349,-636.75983,812.00964,2166.14673,-237.65259,948.56653,2398.04004,NA,NA,NA,NA,NA,NA,-79.79338,524.33167,2404.96045,-452.74454,499.689,2309.5835,-59.79399,264.57755,2159.63989,NA,NA,NA
378,3.77,NA,NA,NA,NA,NA,NA,NA,NA,NA,NA,NA,NA,-110.006,1321.03711,2251.66895,NA,NA,NA,NA,NA,NA,NA,NA,NA,NA,NA,NA,-552.17542,1041.896,2104.10132,-34.47287,840.72058,2453.63916,-636.48071,814.23297,2178.87354,-240.77811,949.23798,2404.64624,NA,NA,NA,NA,NA,NA,-85.1897,529.90161,2424.69629,NA,NA,NA,-58.61899,262.54654,2182.91772,NA,NA,NA
379,3.78,NA,NA,NA,NA,NA,NA,NA,NA,NA,NA,NA,NA,-111.04473,1321.61646,2260.5686,NA,NA,NA,NA,NA,NA,NA,NA,NA,NA,NA,NA,-552.70874,1043.6748,2109.47778,-38.66121,840.28406,2460.31763,-635.89746,815.30157,2192.30615,-244.72478,950.48529,2412.25488,NA,NA,NA,NA,NA,NA,-92.87669,535.1452,2439.44556,NA,NA,NA,-57.33278,260.10849,2205.53931,NA,NA,NA
380,3.79,NA,NA,NA,NA,NA,NA,NA,NA,NA,NA,NA,NA,-112.51823,1322.22681,2269.88818,NA,NA,NA,NA,NA,NA,NA,NA,NA,NA,NA,NA,-552.8941,1044.32153,2113.90918,-42.56368,839.60632,2467.42188,-635.35632,817.35968,2203.2063,-248.94028,951.86279,2419.83472,NA,NA,NA,NA,NA,NA,-100.93841,536.65747,2450.5166,NA,NA,NA,-56.13334,256.78726,2230.47681,NA,NA,NA
381,3.8,NA,NA,NA,NA,NA,NA,NA,NA,NA,NA,NA,NA,-113.75577,1323.15649,2278.37256,NA,NA,NA,NA,NA,NA,NA,NA,NA,NA,NA,NA,-553.11224,1045.93054,2118.6272,-45.87255,839.50574,2475.08154,-634.89197,820.3653,2214.98315,-253.50047,953.24384,2426.84009,NA,NA,NA,NA,NA,NA,-108.50095,541.88043,2465.72168,NA,NA,NA,-54.40731,251.32469,2257.66357,NA,NA,NA
382,3.81,NA,NA,NA,NA,NA,NA,NA,NA,NA,NA,NA,NA,-115.2607,1323.55579,2287.70117,NA,NA,NA,NA,NA,NA,NA,NA,NA,NA,NA,NA,-553.24823,1046.7887,2122.17749,-49.17964,839.45404,2483.14111,-633.86505,822.72131,2226.84424,-258.03519,954.4964,2434.13232,NA,NA,NA,NA,NA,NA,-117.24303,542.65259,2475.97607,NA,NA,NA,NA,NA,NA,NA,NA,NA
383,3.82,NA,NA,NA,NA,NA,NA,NA,NA,NA,NA,NA,NA,-116.79478,1323.98987,2297.22852,NA,NA,NA,NA,NA,NA,NA,NA,NA,NA,NA,NA,-553.12793,1047.4502,2125.56934,-52.91539,837.93799,2489.72559,-633.15796,825.23138,2238.80322,-262.75031,954.94678,2440.79736,NA,NA,NA,NA,NA,NA,-125.6399,544.51654,2487.68604,NA,NA,NA,NA,NA,NA,NA,NA,NA
384,3.83,NA,NA,NA,NA,NA,NA,NA,NA,NA,NA,NA,NA,-118.82136,1325.01062,2307.49536,NA,NA,NA,NA,NA,NA,NA,NA,NA,NA,NA,NA,-553.29645,1048.02954,2130.72754,-55.29221,836.89655,2496.65942,-632.43262,827.72174,2250.34497,-267.76175,955.17517,2447.68848,NA,NA,NA,NA,NA,NA,-133.86409,549.11078,2502.45898,NA,NA,NA,NA,NA,NA,NA,NA,NA
385,3.84,NA,NA,NA,NA,NA,NA,NA,NA,NA,NA,NA,NA,-120.7083,1324.94849,2317.31055,NA,NA,NA,NA,NA,NA,NA,NA,NA,NA,NA,NA,-553.32788,1048.4696,2134.68457,-59.17814,835.75232,2504.32373,-630.97327,830.31628,2260.76514,-272.79077,955.57477,2453.62891,NA,NA,NA,NA,NA,NA,NA,NA,NA,NA,NA,NA,NA,NA,NA,NA,NA,NA
386,3.85,NA,NA,NA,NA,NA,NA,NA,NA,NA,NA,NA,NA,-123.06948,1325.01819,2327.1062,NA,NA,NA,NA,NA,NA,NA,NA,NA,NA,NA,NA,-553.01312,1048.73523,2138.35156,-62.36737,834.74799,2511.87573,-629.58221,833.16223,2271.50122,-278.24292,955.00751,2459.92871,NA,NA,NA,NA,NA,NA,NA,NA,NA,NA,NA,NA,NA,NA,NA,NA,NA,NA
387,3.86,NA,NA,NA,NA,NA,NA,NA,NA,NA,NA,NA,NA,-125.53625,1325.33057,2337.43774,NA,NA,NA,NA,NA,NA,NA,NA,NA,NA,NA,NA,NA,NA,NA,-65.08907,833.19043,2518.54468,-628.58026,836.10095,2282.03149,-283.36185,954.23981,2466.05737,NA,NA,NA,NA,NA,NA,NA,NA,NA,NA,NA,NA,NA,NA,NA,NA,NA,NA
388,3.87,NA,NA,NA,NA,NA,NA,NA,NA,NA,NA,NA,NA,-127.96578,1325.64246,2348.49634,NA,NA,NA,NA,NA,NA,NA,NA,NA,NA,NA,NA,NA,NA,NA,-68.34401,832.17877,2526.4707,-626.7594,838.94281,2291.03955,-289.29895,953.52234,2472.36768,NA,NA,NA,NA,NA,NA,NA,NA,NA,NA,NA,NA,NA,NA,NA,NA,NA,NA
389,3.88,NA,NA,NA,NA,NA,NA,NA,NA,NA,NA,NA,NA,-130.96602,1326.14746,2359.2395,NA,NA,NA,NA,NA,NA,NA,NA,NA,NA,NA,NA,NA,NA,NA,-71.50442,830.82501,2533.6521,-625.08716,841.78857,2300.27905,-295.19379,952.60327,2478.68335,NA,NA,NA,NA,NA,NA,NA,NA,NA,NA,NA,NA,NA,NA,NA,NA,NA,NA
390,3.89,NA,NA,NA,NA,NA,NA,NA,NA,NA,NA,NA,NA,-134.24567,1325.89282,2369.47876,NA,NA,NA,NA,NA,NA,NA,NA,NA,NA,NA,NA,NA,NA,NA,-74.69376,829.45239,2540.36597,-623.7439,844.54889,2309.30518,-301.4743,951.55096,2485.16895,NA,NA,NA,NA,NA,NA,NA,NA,NA,NA,NA,NA,NA,NA,NA,NA,NA,NA
391,3.9,NA,NA,NA,NA,NA,NA,NA,NA,NA,NA,NA,NA,-137.38892,1326.29065,2380.57837,NA,NA,NA,NA,NA,NA,NA,NA,NA,NA,NA,NA,NA,NA,NA,-77.90453,828.51874,2548.41626,-621.40442,847.52032,2316.87109,-307.64911,950.06598,2491.24854,NA,NA,NA,NA,NA,NA,NA,NA,NA,NA,NA,NA,NA,NA,NA,NA,NA,NA
392,3.91,NA,NA,NA,NA,NA,NA,NA,NA,NA,NA,NA,NA,-140.98709,1326.20288,2391.39551,NA,NA,NA,NA,NA,NA,NA,NA,NA,NA,NA,NA,NA,NA,NA,-80.90986,827.73724,2555.83667,-619.44806,850.35962,2323.75269,-313.56467,948.93274,2497.01807,NA,NA,NA,NA,NA,NA,NA,NA,NA,NA,NA,NA,NA,NA,NA,NA,NA,NA
393,3.92,NA,NA,NA,NA,NA,NA,NA,NA,NA,NA,NA,NA,-145.19662,1326.67627,2402.2666,NA,NA,NA,NA,NA,NA,NA,NA,NA,NA,NA,NA,NA,NA,NA,-83.93742,826.17572,2562.74243,-617.72858,853.08746,2330.29834,-319.51978,947.77423,2502.63696,NA,NA,NA,NA,NA,NA,NA,NA,NA,NA,NA,NA,NA,NA,NA,NA,NA,NA
394,3.93,NA,NA,NA,NA,NA,NA,NA,NA,NA,NA,NA,NA,-149.08112,1326.64673,2413.78418,NA,NA,NA,NA,NA,NA,NA,NA,NA,NA,NA,NA,NA,NA,NA,-86.76241,825.23444,2570.53564,-615.16437,855.90649,2335.95874,-326.05258,947.40869,2508.89771,NA,NA,NA,NA,NA,NA,NA,NA,NA,NA,NA,NA,NA,NA,NA,NA,NA,NA
395,3.94,NA,NA,NA,NA,NA,NA,NA,NA,NA,NA,NA,NA,-153.56306,1327.18555,2424.1272,NA,NA,NA,NA,NA,NA,NA,NA,NA,NA,NA,NA,NA,NA,NA,-89.71068,825.18713,2578.42847,-613.13934,858.4707,2340.90479,-331.5914,946.89886,2514.22192,NA,NA,NA,NA,NA,NA,NA,NA,NA,NA,NA,NA,NA,NA,NA,NA,NA,NA
396,3.95,NA,NA,NA,NA,NA,NA,NA,NA,NA,NA,NA,NA,-157.84294,1327.62927,2435.53467,NA,NA,NA,NA,NA,NA,NA,NA,NA,NA,NA,NA,NA,NA,NA,-93.22314,823.98346,2585.93579,-610.17548,861.13116,2344.59131,-337.66214,946.70563,2519.06665,NA,NA,NA,NA,NA,NA,NA,NA,NA,NA,NA,NA,NA,NA,NA,NA,NA,NA
397,3.96,NA,NA,NA,NA,NA,NA,NA,NA,NA,NA,NA,NA,-162.40875,1327.86426,2445.90869,NA,NA,NA,NA,NA,NA,NA,NA,NA,NA,NA,NA,NA,NA,NA,-95.97563,823.76471,2594.96631,-607.98926,863.3902,2348.1604,NA,NA,NA,NA,NA,NA,NA,NA,NA,NA,NA,NA,NA,NA,NA,NA,NA,NA,NA,NA,NA
398,3.97,NA,NA,NA,NA,NA,NA,NA,NA,NA,NA,NA,NA,-167.8537,1328.72742,2457.90674,NA,NA,NA,NA,NA,NA,NA,NA,NA,NA,NA,NA,NA,NA,NA,-99.47135,823.39569,2602.91064,-605.1792,865.13739,2351.18481,NA,NA,NA,NA,NA,NA,NA,NA,NA,NA,NA,NA,NA,NA,NA,NA,NA,NA,NA,NA,NA
399,3.98,NA,NA,NA,NA,NA,NA,NA,NA,NA,NA,NA,NA,-172.69984,1329.17786,2468.89819,NA,NA,NA,NA,NA,NA,NA,NA,NA,NA,NA,NA,NA,NA,NA,-103.06325,823.35345,2610.97998,-602.85852,866.74866,2353.28857,NA,NA,NA,NA,NA,NA,NA,NA,NA,NA,NA,NA,NA,NA,NA,NA,NA,NA,NA,NA,NA
400,3.99,NA,NA,NA,NA,NA,NA,NA,NA,NA,NA,NA,NA,-178.36082,1329.58325,2479.5437,NA,NA,NA,NA,NA,NA,NA,NA,NA,NA,NA,NA,NA,NA,NA,-106.74841,823.40656,2619.94092,-599.6601,868.11023,2354.01733,NA,NA,NA,NA,NA,NA,NA,NA,NA,NA,NA,NA,NA,NA,NA,NA,NA,NA,NA,NA,NA
401,4,NA,NA,NA,NA,NA,NA,NA,NA,NA,NA,NA,NA,-184.34648,1330.44763,2491.0437,NA,NA,NA,NA,NA,NA,NA,NA,NA,NA,NA,NA,NA,NA,NA,-111.07795,823.71429,2629.37134,-597.2688,869.18829,2354.56641,NA,NA,NA,NA,NA,NA,NA,NA,NA,NA,NA,NA,NA,NA,NA,NA,NA,NA,NA,NA,NA
402,4.01,NA,NA,NA,NA,NA,NA,NA,NA,NA,NA,NA,NA,-190.46837,1331.33521,2502.67505,NA,NA,NA,NA,NA,NA,NA,NA,NA,NA,NA,NA,NA,NA,NA,-115.88085,824.59778,2639.1582,-594.2207,869.47253,2354.19702,NA,NA,NA,NA,NA,NA,NA,NA,NA,NA,NA,NA,NA,NA,NA,NA,NA,NA,NA,NA,NA
403,4.02,NA,NA,NA,NA,NA,NA,NA,NA,NA,NA,NA,NA,-197.24576,1332.77148,2514.55688,NA,NA,NA,NA,NA,NA,NA,NA,NA,NA,NA,NA,NA,NA,NA,-120.7653,824.81079,2648.21851,-591.58441,869.53717,2353.96851,NA,NA,NA,NA,NA,NA,NA,NA,NA,NA,NA,NA,NA,NA,NA,NA,NA,NA,NA,NA,NA
404,4.03,NA,NA,NA,NA,NA,NA,NA,NA,NA,NA,NA,NA,-204.41664,1333.71655,2526.31909,NA,NA,NA,NA,NA,NA,NA,NA,NA,NA,NA,NA,NA,NA,NA,-126.21854,826.51465,2658.03076,-588.23621,869.26794,2351.63013,NA,NA,NA,NA,NA,NA,NA,NA,NA,NA,NA,NA,NA,NA,NA,NA,NA,NA,NA,NA,NA
405,4.04,NA,NA,NA,NA,NA,NA,NA,NA,NA,NA,NA,NA,-211.0356,1334.07251,2536.79785,NA,NA,NA,NA,NA,NA,NA,NA,NA,NA,NA,NA,NA,NA,NA,-132.06245,827.70453,2668.9104,-585.62628,868.72406,2349.44458,NA,NA,NA,NA,NA,NA,NA,NA,NA,NA,NA,NA,NA,NA,NA,NA,NA,NA,NA,NA,NA
406,4.05,NA,NA,NA,NA,NA,NA,NA,NA,NA,NA,NA,NA,-218.8699,1335.56226,2548.41821,NA,NA,NA,NA,NA,NA,NA,NA,NA,NA,NA,NA,NA,NA,NA,-138.41747,828.9859,2680.05859,-582.02942,867.50696,2346.44678,NA,NA,NA,NA,NA,NA,NA,NA,NA,NA,NA,NA,NA,NA,NA,NA,NA,NA,NA,NA,NA
407,4.06,NA,NA,NA,NA,NA,NA,NA,NA,NA,NA,NA,NA,NA,NA,NA,NA,NA,NA,NA,NA,NA,NA,NA,NA,NA,NA,NA,NA,NA,NA,-144.9713,829.97504,2690.34302,-578.91486,865.7547,2343.41333,NA,NA,NA,NA,NA,NA,NA,NA,NA,NA,NA,NA,NA,NA,NA,NA,NA,NA,NA,NA,NA
408,4.07,NA,NA,NA,NA,NA,NA,NA,NA,NA,NA,NA,NA,NA,NA,NA,NA,NA,NA,NA,NA,NA,NA,NA,NA,NA,NA,NA,NA,NA,NA,-152.10135,830.70538,2700.86768,-575.54663,863.88721,2339.27832,NA,NA,NA,NA,NA,NA,NA,NA,NA,NA,NA,NA,NA,NA,NA,NA,NA,NA,NA,NA,NA
409,4.08,NA,NA,NA,NA,NA,NA,NA,NA,NA,NA,NA,NA,NA,NA,NA,NA,NA,NA,NA,NA,NA,NA,NA,NA,NA,NA,NA,NA,NA,NA,NA,NA,NA,NA,NA,NA,NA,NA,NA,NA,NA,NA,NA,NA,NA,NA,NA,NA,NA,NA,NA,NA,NA,NA,NA,NA,NA
410,4.09,NA,NA,NA,NA,NA,NA,NA,NA,NA,NA,NA,NA,NA,NA,NA,NA,NA,NA,NA,NA,NA,NA,NA,NA,NA,NA,NA,NA,NA,NA,NA,NA,NA,NA,NA,NA,NA,NA,NA,NA,NA,NA,NA,NA,NA,NA,NA,NA,NA,NA,NA,NA,NA,NA,NA,NA,NA
411,4.1,NA,NA,NA,NA,NA,NA,NA,NA,NA,NA,NA,NA,NA,NA,NA,NA,NA,NA,NA,NA,NA,NA,NA,NA,NA,NA,NA,NA,NA,NA,NA,NA,NA,NA,NA,NA,NA,NA,NA,NA,NA,NA,NA,NA,NA,NA,NA,NA,NA,NA,NA,NA,NA,NA,NA,NA,NA
412,4.11,NA,NA,NA,NA,NA,NA,NA,NA,NA,NA,NA,NA,NA,NA,NA,NA,NA,NA,NA,NA,NA,NA,NA,NA,NA,NA,NA,NA,NA,NA,NA,NA,NA,NA,NA,NA,NA,NA,NA,NA,NA,NA,NA,NA,NA,NA,NA,NA,NA,NA,NA,NA,NA,NA,NA,NA,NA
413,4.12,NA,NA,NA,NA,NA,NA,NA,NA,NA,NA,NA,NA,NA,NA,NA,NA,NA,NA,NA,NA,NA,NA,NA,NA,NA,NA,NA,NA,NA,NA,NA,NA,NA,NA,NA,NA,NA,NA,NA,NA,NA,NA,NA,NA,NA,NA,NA,NA,NA,NA,NA,NA,NA,NA,NA,NA,NA
414,4.13,NA,NA,NA,NA,NA,NA,NA,NA,NA,NA,NA,NA,NA,NA,NA,NA,NA,NA,NA,NA,NA,NA,NA,NA,NA,NA,NA,NA,NA,NA,NA,NA,NA,NA,NA,NA,NA,NA,NA,NA,NA,NA,NA,NA,NA,NA,NA,NA,NA,NA,NA,NA,NA,NA,NA,NA,NA
415,4.14,NA,NA,NA,NA,NA,NA,NA,NA,NA,NA,NA,NA,NA,NA,NA,NA,NA,NA,NA,NA,NA,NA,NA,NA,NA,NA,NA,NA,NA,NA,NA,NA,NA,NA,NA,NA,NA,NA,NA,NA,NA,NA,NA,NA,NA,NA,NA,NA,NA,NA,NA,NA,NA,NA,NA,NA,NA
416,4.15,NA,NA,NA,NA,NA,NA,NA,NA,NA,NA,NA,NA,NA,NA,NA,NA,NA,NA,NA,NA,NA,NA,NA,NA,NA,NA,NA,NA,NA,NA,NA,NA,NA,NA,NA,NA,NA,NA,NA,NA,NA,NA,NA,NA,NA,NA,NA,NA,NA,NA,NA,NA,NA,NA,NA,NA,NA
417,4.16,NA,NA,NA,NA,NA,NA,NA,NA,NA,NA,NA,NA,NA,NA,NA,NA,NA,NA,NA,NA,NA,NA,NA,NA,NA,NA,NA,NA,NA,NA,NA,NA,NA,NA,NA,NA,NA,NA,NA,NA,NA,NA,NA,NA,NA,NA,NA,NA,NA,NA,NA,NA,NA,NA,NA,NA,NA
418,4.17,NA,NA,NA,NA,NA,NA,NA,NA,NA,NA,NA,NA,NA,NA,NA,NA,NA,NA,NA,NA,NA,NA,NA,NA,NA,NA,NA,NA,NA,NA,NA,NA,NA,NA,NA,NA,NA,NA,NA,NA,NA,NA,NA,NA,NA,NA,NA,NA,NA,NA,NA,NA,NA,NA,NA,NA,NA
419,4.18,NA,NA,NA,NA,NA,NA,NA,NA,NA,NA,NA,NA,NA,NA,NA,NA,NA,NA,NA,NA,NA,NA,NA,NA,NA,NA,NA,NA,NA,NA,NA,NA,NA,NA,NA,NA,NA,NA,NA,NA,NA,NA,NA,NA,NA,NA,NA,NA,NA,NA,NA,NA,NA,NA,NA,NA,NA
420,4.19,NA,NA,NA,NA,NA,NA,NA,NA,NA,NA,NA,NA,NA,NA,NA,NA,NA,NA,NA,NA,NA,NA,NA,NA,NA,NA,NA,NA,NA,NA,NA,NA,NA,NA,NA,NA,NA,NA,NA,NA,NA,NA,NA,NA,NA,NA,NA,NA,NA,NA,NA,NA,NA,NA,NA,NA,NA
421,4.2,NA,NA,NA,NA,NA,NA,NA,NA,NA,NA,NA,NA,NA,NA,NA,NA,NA,NA,NA,NA,NA,NA,NA,NA,NA,NA,NA,NA,NA,NA,NA,NA,NA,NA,NA,NA,NA,NA,NA,NA,NA,NA,NA,NA,NA,NA,NA,NA,NA,NA,NA,NA,NA,NA,NA,NA,NA
422,4.21,NA,NA,NA,NA,NA,NA,NA,NA,NA,NA,NA,NA,NA,NA,NA,NA,NA,NA,NA,NA,NA,NA,NA,NA,NA,NA,NA,NA,NA,NA,NA,NA,NA,NA,NA,NA,NA,NA,NA,NA,NA,NA,NA,NA,NA,NA,NA,NA,NA,NA,NA,NA,NA,NA,NA,NA,NA
423,4.22,NA,NA,NA,NA,NA,NA,NA,NA,NA,NA,NA,NA,NA,NA,NA,NA,NA,NA,NA,NA,NA,NA,NA,NA,NA,NA,NA,NA,NA,NA,NA,NA,NA,NA,NA,NA,NA,NA,NA,NA,NA,NA,NA,NA,NA,NA,NA,NA,NA,NA,NA,NA,NA,NA,NA,NA,NA
424,4.23,NA,NA,NA,NA,NA,NA,NA,NA,NA,NA,NA,NA,NA,NA,NA,NA,NA,NA,NA,NA,NA,NA,NA,NA,NA,NA,NA,NA,NA,NA,NA,NA,NA,NA,NA,NA,NA,NA,NA,NA,NA,NA,NA,NA,NA,NA,NA,NA,NA,NA,NA,NA,NA,NA,NA,NA,NA
425,4.24,NA,NA,NA,NA,NA,NA,NA,NA,NA,NA,NA,NA,NA,NA,NA,NA,NA,NA,NA,NA,NA,NA,NA,NA,NA,NA,NA,NA,NA,NA,NA,NA,NA,NA,NA,NA,NA,NA,NA,NA,NA,NA,NA,NA,NA,NA,NA,NA,NA,NA,NA,NA,NA,NA,NA,NA,NA
426,4.25,NA,NA,NA,NA,NA,NA,NA,NA,NA,NA,NA,NA,NA,NA,NA,NA,NA,NA,NA,NA,NA,NA,NA,NA,NA,NA,NA,NA,NA,NA,NA,NA,NA,NA,NA,NA,NA,NA,NA,NA,NA,NA,NA,NA,NA,NA,NA,NA,NA,NA,NA,NA,NA,NA,NA,NA,NA
427,4.26,NA,NA,NA,NA,NA,NA,NA,NA,NA,NA,NA,NA,NA,NA,NA,NA,NA,NA,NA,NA,NA,NA,NA,NA,NA,NA,NA,NA,NA,NA,NA,NA,NA,NA,NA,NA,NA,NA,NA,NA,NA,NA,NA,NA,NA,NA,NA,NA,NA,NA,NA,NA,NA,NA,NA,NA,NA
428,4.27,NA,NA,NA,NA,NA,NA,NA,NA,NA,NA,NA,NA,NA,NA,NA,NA,NA,NA,NA,NA,NA,NA,NA,NA,NA,NA,NA,NA,NA,NA,NA,NA,NA,NA,NA,NA,NA,NA,NA,NA,NA,NA,NA,NA,NA,NA,NA,NA,NA,NA,NA,NA,NA,NA,NA,NA,NA
429,4.28,NA,NA,NA,NA,NA,NA,NA,NA,NA,NA,NA,NA,NA,NA,NA,NA,NA,NA,NA,NA,NA,NA,NA,NA,NA,NA,NA,NA,NA,NA,NA,NA,NA,NA,NA,NA,NA,NA,NA,NA,NA,NA,NA,NA,NA,NA,NA,NA,NA,NA,NA,NA,NA,NA,NA,NA,NA
430,4.29,NA,NA,NA,NA,NA,NA,NA,NA,NA,NA,NA,NA,NA,NA,NA,NA,NA,NA,NA,NA,NA,NA,NA,NA,NA,NA,NA,NA,NA,NA,NA,NA,NA,NA,NA,NA,NA,NA,NA,NA,NA,NA,NA,NA,NA,NA,NA,NA,NA,NA,NA,NA,NA,NA,NA,NA,NA
431,4.3,NA,NA,NA,NA,NA,NA,NA,NA,NA,NA,NA,NA,NA,NA,NA,NA,NA,NA,NA,NA,NA,NA,NA,NA,NA,NA,NA,NA,NA,NA,NA,NA,NA,NA,NA,NA,NA,NA,NA,NA,NA,NA,NA,NA,NA,NA,NA,NA,NA,NA,NA,NA,NA,NA,NA,NA,NA
432,4.31,NA,NA,NA,NA,NA,NA,NA,NA,NA,NA,NA,NA,NA,NA,NA,NA,NA,NA,NA,NA,NA,NA,NA,NA,NA,NA,NA,NA,NA,NA,NA,NA,NA,NA,NA,NA,NA,NA,NA,NA,NA,NA,NA,NA,NA,NA,NA,NA,NA,NA,NA,NA,NA,NA,NA,NA,NA
433,4.32,NA,NA,NA,NA,NA,NA,NA,NA,NA,NA,NA,NA,NA,NA,NA,NA,NA,NA,NA,NA,NA,NA,NA,NA,NA,NA,NA,NA,NA,NA,NA,NA,NA,NA,NA,NA,NA,NA,NA,NA,NA,NA,NA,NA,NA,NA,NA,NA,NA,NA,NA,NA,NA,NA,NA,NA,NA
434,4.33,NA,NA,NA,NA,NA,NA,NA,NA,NA,NA,NA,NA,NA,NA,NA,NA,NA,NA,NA,NA,NA,NA,NA,NA,NA,NA,NA,NA,NA,NA,NA,NA,NA,NA,NA,NA,NA,NA,NA,NA,NA,NA,NA,NA,NA,NA,NA,NA,NA,NA,NA,NA,NA,NA,NA,NA,NA
435,4.34,NA,NA,NA,NA,NA,NA,NA,NA,NA,NA,NA,NA,NA,NA,NA,NA,NA,NA,NA,NA,NA,NA,NA,NA,NA,NA,NA,NA,NA,NA,NA,NA,NA,NA,NA,NA,NA,NA,NA,NA,NA,NA,NA,NA,NA,NA,NA,NA,NA,NA,NA,NA,NA,NA,NA,NA,NA
436,4.35,NA,NA,NA,NA,NA,NA,NA,NA,NA,NA,NA,NA,NA,NA,NA,NA,NA,NA,NA,NA,NA,NA,NA,NA,NA,NA,NA,NA,NA,NA,NA,NA,NA,NA,NA,NA,NA,NA,NA,NA,NA,NA,NA,NA,NA,NA,NA,NA,NA,NA,NA,NA,NA,NA,NA,NA,NA
437,4.36,NA,NA,NA,NA,NA,NA,NA,NA,NA,NA,NA,NA,NA,NA,NA,NA,NA,NA,NA,NA,NA,NA,NA,NA,NA,NA,NA,NA,NA,NA,NA,NA,NA,NA,NA,NA,NA,NA,NA,NA,NA,NA,NA,NA,NA,NA,NA,NA,NA,NA,NA,NA,NA,NA,NA,NA,NA
438,4.37,NA,NA,NA,NA,NA,NA,NA,NA,NA,NA,NA,NA,NA,NA,NA,NA,NA,NA,NA,NA,NA,NA,NA,NA,NA,NA,NA,NA,NA,NA,NA,NA,NA,NA,NA,NA,NA,NA,NA,NA,NA,NA,NA,NA,NA,NA,NA,NA,NA,NA,NA,NA,NA,NA,NA,NA,NA
439,4.38,NA,NA,NA,NA,NA,NA,NA,NA,NA,NA,NA,NA,NA,NA,NA,NA,NA,NA,NA,NA,NA,NA,NA,NA,NA,NA,NA,NA,NA,NA,NA,NA,NA,NA,NA,NA,NA,NA,NA,NA,NA,NA,NA,NA,NA,NA,NA,NA,NA,NA,NA,NA,NA,NA,NA,NA,NA
440,4.39,NA,NA,NA,NA,NA,NA,NA,NA,NA,NA,NA,NA,NA,NA,NA,NA,NA,NA,NA,NA,NA,NA,NA,NA,NA,NA,NA,NA,NA,NA,NA,NA,NA,NA,NA,NA,NA,NA,NA,NA,NA,NA,NA,NA,NA,NA,NA,NA,NA,NA,NA,NA,NA,NA,NA,NA,NA
441,4.4,NA,NA,NA,NA,NA,NA,NA,NA,NA,NA,NA,NA,NA,NA,NA,NA,NA,NA,NA,NA,NA,NA,NA,NA,NA,NA,NA,NA,NA,NA,NA,NA,NA,NA,NA,NA,NA,NA,NA,NA,NA,NA,NA,NA,NA,NA,NA,NA,NA,NA,NA,NA,NA,NA,NA,NA,NA
442,4.41,NA,NA,NA,NA,NA,NA,NA,NA,NA,NA,NA,NA,NA,NA,NA,NA,NA,NA,NA,NA,NA,NA,NA,NA,NA,NA,NA,NA,NA,NA,NA,NA,NA,NA,NA,NA,NA,NA,NA,NA,NA,NA,NA,NA,NA,NA,NA,NA,NA,NA,NA,NA,NA,NA,NA,NA,NA
443,4.42,NA,NA,NA,NA,NA,NA,NA,NA,NA,NA,NA,NA,NA,NA,NA,NA,NA,NA,NA,NA,NA,NA,NA,NA,NA,NA,NA,NA,NA,NA,NA,NA,NA,NA,NA,NA,NA,NA,NA,NA,NA,NA,NA,NA,NA,NA,NA,NA,NA,NA,NA,NA,NA,NA,NA,NA,NA
444,4.43,NA,NA,NA,NA,NA,NA,NA,NA,NA,NA,NA,NA,NA,NA,NA,NA,NA,NA,NA,NA,NA,NA,NA,NA,NA,NA,NA,NA,NA,NA,NA,NA,NA,NA,NA,NA,NA,NA,NA,NA,NA,NA,NA,NA,NA,NA,NA,NA,NA,NA,NA,NA,NA,NA,NA,NA,NA
445,4.44,NA,NA,NA,NA,NA,NA,NA,NA,NA,NA,NA,NA,NA,NA,NA,NA,NA,NA,NA,NA,NA,NA,NA,NA,NA,NA,NA,NA,NA,NA,NA,NA,NA,NA,NA,NA,NA,NA,NA,NA,NA,NA,NA,NA,NA,NA,NA,NA,NA,NA,NA,NA,NA,NA,NA,NA,NA
446,4.45,NA,NA,NA,NA,NA,NA,NA,NA,NA,NA,NA,NA,NA,NA,NA,NA,NA,NA,NA,NA,NA,NA,NA,NA,NA,NA,NA,NA,NA,NA,NA,NA,NA,NA,NA,NA,NA,NA,NA,NA,NA,NA,NA,NA,NA,NA,NA,NA,NA,NA,NA,NA,NA,NA,NA,NA,NA
447,4.46,NA,NA,NA,NA,NA,NA,NA,NA,NA,NA,NA,NA,NA,NA,NA,NA,NA,NA,NA,NA,NA,NA,NA,NA,NA,NA,NA,NA,NA,NA,NA,NA,NA,NA,NA,NA,NA,NA,NA,NA,NA,NA,NA,NA,NA,NA,NA,NA,NA,NA,NA,NA,NA,NA,NA,NA,NA
448,4.47,NA,NA,NA,NA,NA,NA,NA,NA,NA,NA,NA,NA,NA,NA,NA,NA,NA,NA,NA,NA,NA,NA,NA,NA,NA,NA,NA,NA,NA,NA,NA,NA,NA,NA,NA,NA,NA,NA,NA,NA,NA,NA,NA,NA,NA,NA,NA,NA,NA,NA,NA,NA,NA,NA,NA,NA,NA
449,4.48,NA,NA,NA,NA,NA,NA,NA,NA,NA,NA,NA,NA,NA,NA,NA,NA,NA,NA,NA,NA,NA,NA,NA,NA,NA,NA,NA,NA,NA,NA,NA,NA,NA,NA,NA,NA,NA,NA,NA,NA,NA,NA,NA,NA,NA,NA,NA,NA,NA,NA,NA,NA,NA,NA,NA,NA,NA
450,4.49,NA,NA,NA,NA,NA,NA,NA,NA,NA,NA,NA,NA,NA,NA,NA,NA,NA,NA,NA,NA,NA,NA,NA,NA,NA,NA,NA,NA,NA,NA,NA,NA,NA,NA,NA,NA,NA,NA,NA,NA,NA,NA,NA,NA,NA,NA,NA,NA,NA,NA,NA,NA,NA,NA,NA,NA,NA
451,4.5,NA,NA,NA,NA,NA,NA,NA,NA,NA,NA,NA,NA,NA,NA,NA,NA,NA,NA,NA,NA,NA,NA,NA,NA,NA,NA,NA,NA,NA,NA,NA,NA,NA,NA,NA,NA,NA,NA,NA,NA,NA,NA,NA,NA,NA,NA,NA,NA,NA,NA,NA,NA,NA,NA,NA,NA,NA
452,4.51,NA,NA,NA,NA,NA,NA,NA,NA,NA,NA,NA,NA,NA,NA,NA,NA,NA,NA,NA,NA,NA,NA,NA,NA,NA,NA,NA,NA,NA,NA,NA,NA,NA,NA,NA,NA,NA,NA,NA,NA,NA,NA,NA,NA,NA,NA,NA,NA,NA,NA,NA,NA,NA,NA,NA,NA,NA
453,4.52,NA,NA,NA,NA,NA,NA,NA,NA,NA,NA,NA,NA,NA,NA,NA,NA,NA,NA,NA,NA,NA,NA,NA,NA,NA,NA,NA,NA,NA,NA,NA,NA,NA,NA,NA,NA,NA,NA,NA,NA,NA,NA,NA,NA,NA,NA,NA,NA,NA,NA,NA,NA,NA,NA,NA,NA,NA
454,4.53,NA,NA,NA,NA,NA,NA,NA,NA,NA,NA,NA,NA,NA,NA,NA,NA,NA,NA,NA,NA,NA,NA,NA,NA,NA,NA,NA,NA,NA,NA,NA,NA,NA,NA,NA,NA,NA,NA,NA,NA,NA,NA,NA,NA,NA,NA,NA,NA,NA,NA,NA,NA,NA,NA,NA,NA,NA
455,4.54,NA,NA,NA,NA,NA,NA,NA,NA,NA,NA,NA,NA,NA,NA,NA,NA,NA,NA,NA,NA,NA,NA,NA,NA,NA,NA,NA,NA,NA,NA,NA,NA,NA,NA,NA,NA,NA,NA,NA,NA,NA,NA,NA,NA,NA,NA,NA,NA,NA,NA,NA,NA,NA,NA,NA,NA,NA
456,4.55,NA,NA,NA,NA,NA,NA,NA,NA,NA,NA,NA,NA,NA,NA,NA,NA,NA,NA,NA,NA,NA,NA,NA,NA,NA,NA,NA,NA,NA,NA,NA,NA,NA,NA,NA,NA,NA,NA,NA,NA,NA,NA,NA,NA,NA,NA,NA,NA,NA,NA,NA,NA,NA,NA,NA,NA,NA
457,4.56,NA,NA,NA,NA,NA,NA,NA,NA,NA,NA,NA,NA,NA,NA,NA,NA,NA,NA,NA,NA,NA,NA,NA,NA,NA,NA,NA,NA,NA,NA,NA,NA,NA,NA,NA,NA,NA,NA,NA,NA,NA,NA,NA,NA,NA,NA,NA,NA,NA,NA,NA,NA,NA,NA,NA,NA,NA
458,4.57,NA,NA,NA,NA,NA,NA,NA,NA,NA,NA,NA,NA,NA,NA,NA,NA,NA,NA,NA,NA,NA,NA,NA,NA,NA,NA,NA,NA,NA,NA,NA,NA,NA,NA,NA,NA,NA,NA,NA,NA,NA,NA,NA,NA,NA,NA,NA,NA,NA,NA,NA,NA,NA,NA,NA,NA,NA
459,4.58,NA,NA,NA,NA,NA,NA,NA,NA,NA,NA,NA,NA,NA,NA,NA,NA,NA,NA,NA,NA,NA,NA,NA,NA,NA,NA,NA,NA,NA,NA,NA,NA,NA,NA,NA,NA,NA,NA,NA,NA,NA,NA,NA,NA,NA,NA,NA,NA,NA,NA,NA,NA,NA,NA,NA,NA,NA
460,4.59,NA,NA,NA,NA,NA,NA,NA,NA,NA,NA,NA,NA,NA,NA,NA,NA,NA,NA,NA,NA,NA,NA,NA,NA,NA,NA,NA,NA,NA,NA,NA,NA,NA,NA,NA,NA,NA,NA,NA,NA,NA,NA,NA,NA,NA,NA,NA,NA,NA,NA,NA,NA,NA,NA,NA,NA,NA
461,4.6,NA,NA,NA,NA,NA,NA,NA,NA,NA,NA,NA,NA,NA,NA,NA,NA,NA,NA,NA,NA,NA,NA,NA,NA,NA,NA,NA,NA,NA,NA,NA,NA,NA,NA,NA,NA,NA,NA,NA,NA,NA,NA,NA,NA,NA,NA,NA,NA,NA,NA,NA,NA,NA,NA,NA,NA,NA
462,4.61,NA,NA,NA,NA,NA,NA,NA,NA,NA,NA,NA,NA,NA,NA,NA,NA,NA,NA,NA,NA,NA,NA,NA,NA,NA,NA,NA,NA,NA,NA,NA,NA,NA,NA,NA,NA,NA,NA,NA,NA,NA,NA,NA,NA,NA,NA,NA,NA,NA,NA,NA,NA,NA,NA,NA,NA,NA
463,4.62,NA,NA,NA,NA,NA,NA,NA,NA,NA,NA,NA,NA,NA,NA,NA,NA,NA,NA,NA,NA,NA,NA,NA,NA,NA,NA,NA,NA,NA,NA,NA,NA,NA,NA,NA,NA,NA,NA,NA,NA,NA,NA,NA,NA,NA,NA,NA,NA,NA,NA,NA,NA,NA,NA,NA,NA,NA
464,4.63,NA,NA,NA,NA,NA,NA,NA,NA,NA,NA,NA,NA,NA,NA,NA,NA,NA,NA,NA,NA,NA,NA,NA,NA,NA,NA,NA,NA,NA,NA,NA,NA,NA,NA,NA,NA,NA,NA,NA,NA,NA,NA,NA,NA,NA,NA,NA,NA,NA,NA,NA,NA,NA,NA,NA,NA,NA
465,4.64,NA,NA,NA,NA,NA,NA,NA,NA,NA,NA,NA,NA,NA,NA,NA,NA,NA,NA,NA,NA,NA,NA,NA,NA,NA,NA,NA,NA,NA,NA,NA,NA,NA,NA,NA,NA,NA,NA,NA,NA,NA,NA,NA,NA,NA,NA,NA,NA,NA,NA,NA,NA,NA,NA,NA,NA,NA
466,4.65,NA,NA,NA,NA,NA,NA,NA,NA,NA,NA,NA,NA,NA,NA,NA,NA,NA,NA,NA,NA,NA,NA,NA,NA,NA,NA,NA,NA,NA,NA,NA,NA,NA,NA,NA,NA,NA,NA,NA,NA,NA,NA,NA,NA,NA,NA,NA,NA,NA,NA,NA,NA,NA,NA,NA,NA,NA
467,4.66,NA,NA,NA,NA,NA,NA,NA,NA,NA,NA,NA,NA,NA,NA,NA,NA,NA,NA,NA,NA,NA,NA,NA,NA,NA,NA,NA,NA,NA,NA,NA,NA,NA,NA,NA,NA,NA,NA,NA,NA,NA,NA,NA,NA,NA,NA,NA,NA,NA,NA,NA,NA,NA,NA,NA,NA,NA
468,4.67,NA,NA,NA,NA,NA,NA,NA,NA,NA,NA,NA,NA,NA,NA,NA,NA,NA,NA,NA,NA,NA,NA,NA,NA,NA,NA,NA,NA,NA,NA,NA,NA,NA,NA,NA,NA,NA,NA,NA,NA,NA,NA,NA,NA,NA,NA,NA,NA,NA,NA,NA,NA,NA,NA,NA,NA,NA
469,4.68,NA,NA,NA,NA,NA,NA,NA,NA,NA,NA,NA,NA,NA,NA,NA,NA,NA,NA,NA,NA,NA,NA,NA,NA,NA,NA,NA,NA,NA,NA,NA,NA,NA,NA,NA,NA,NA,NA,NA,NA,NA,NA,NA,NA,NA,NA,NA,NA,NA,NA,NA,NA,NA,NA,NA,NA,NA
470,4.69,NA,NA,NA,NA,NA,NA,NA,NA,NA,NA,NA,NA,NA,NA,NA,NA,NA,NA,NA,NA,NA,NA,NA,NA,NA,NA,NA,NA,NA,NA,NA,NA,NA,NA,NA,NA,NA,NA,NA,NA,NA,NA,NA,NA,NA,NA,NA,NA,NA,NA,NA,NA,NA,NA,NA,NA,NA
471,4.7,NA,NA,NA,NA,NA,NA,NA,NA,NA,NA,NA,NA,NA,NA,NA,NA,NA,NA,NA,NA,NA,NA,NA,NA,NA,NA,NA,NA,NA,NA,NA,NA,NA,NA,NA,NA,NA,NA,NA,NA,NA,NA,NA,NA,NA,NA,NA,NA,NA,NA,NA,NA,NA,NA,NA,NA,NA
472,4.71,NA,NA,NA,NA,NA,NA,NA,NA,NA,NA,NA,NA,NA,NA,NA,NA,NA,NA,NA,NA,NA,NA,NA,NA,NA,NA,NA,NA,NA,NA,NA,NA,NA,NA,NA,NA,NA,NA,NA,NA,NA,NA,NA,NA,NA,NA,NA,NA,NA,NA,NA,NA,NA,NA,NA,NA,NA
473,4.72,NA,NA,NA,NA,NA,NA,NA,NA,NA,NA,NA,NA,NA,NA,NA,NA,NA,NA,NA,NA,NA,NA,NA,NA,NA,NA,NA,NA,NA,NA,NA,NA,NA,NA,NA,NA,NA,NA,NA,NA,NA,NA,NA,NA,NA,NA,NA,NA,NA,NA,NA,NA,NA,NA,NA,NA,NA
474,4.73,NA,NA,NA,NA,NA,NA,NA,NA,NA,NA,NA,NA,NA,NA,NA,NA,NA,NA,NA,NA,NA,NA,NA,NA,NA,NA,NA,NA,NA,NA,NA,NA,NA,NA,NA,NA,NA,NA,NA,NA,NA,NA,NA,NA,NA,NA,NA,NA,NA,NA,NA,NA,NA,NA,NA,NA,NA
475,4.74,NA,NA,NA,NA,NA,NA,NA,NA,NA,NA,NA,NA,NA,NA,NA,NA,NA,NA,NA,NA,NA,NA,NA,NA,NA,NA,NA,NA,NA,NA,NA,NA,NA,NA,NA,NA,NA,NA,NA,NA,NA,NA,NA,NA,NA,NA,NA,NA,NA,NA,NA,NA,NA,NA,NA,NA,NA
476,4.75,NA,NA,NA,NA,NA,NA,NA,NA,NA,NA,NA,NA,NA,NA,NA,NA,NA,NA,NA,NA,NA,NA,NA,NA,NA,NA,NA,NA,NA,NA,NA,NA,NA,NA,NA,NA,NA,NA,NA,NA,NA,NA,NA,NA,NA,NA,NA,NA,NA,NA,NA,NA,NA,NA,NA,NA,NA
477,4.76,NA,NA,NA,NA,NA,NA,NA,NA,NA,NA,NA,NA,NA,NA,NA,NA,NA,NA,NA,NA,NA,NA,NA,NA,NA,NA,NA,NA,NA,NA,NA,NA,NA,NA,NA,NA,NA,NA,NA,NA,NA,NA,NA,NA,NA,NA,NA,NA,NA,NA,NA,NA,NA,NA,NA,NA,NA
478,4.77,NA,NA,NA,NA,NA,NA,NA,NA,NA,NA,NA,NA,NA,NA,NA,NA,NA,NA,NA,NA,NA,NA,NA,NA,NA,NA,NA,NA,NA,NA,NA,NA,NA,NA,NA,NA,NA,NA,NA,NA,NA,NA,NA,NA,NA,NA,NA,NA,NA,NA,NA,NA,NA,NA,NA,NA,NA
479,4.78,NA,NA,NA,NA,NA,NA,NA,NA,NA,NA,NA,NA,NA,NA,NA,NA,NA,NA,NA,NA,NA,NA,NA,NA,NA,NA,NA,NA,NA,NA,NA,NA,NA,NA,NA,NA,NA,NA,NA,NA,NA,NA,NA,NA,NA,NA,NA,NA,NA,NA,NA,NA,NA,NA,NA,NA,NA
480,4.79,NA,NA,NA,NA,NA,NA,NA,NA,NA,NA,NA,NA,NA,NA,NA,NA,NA,NA,NA,NA,NA,NA,NA,NA,NA,NA,NA,NA,NA,NA,NA,NA,NA,NA,NA,NA,NA,NA,NA,NA,NA,NA,NA,NA,NA,NA,NA,NA,NA,NA,NA,NA,NA,NA,NA,NA,NA
481,4.8,NA,NA,NA,NA,NA,NA,NA,NA,NA,NA,NA,NA,NA,NA,NA,NA,NA,NA,NA,NA,NA,NA,NA,NA,NA,NA,NA,NA,NA,NA,NA,NA,NA,NA,NA,NA,NA,NA,NA,NA,NA,NA,NA,NA,NA,NA,NA,NA,NA,NA,NA,NA,NA,NA,NA,NA,NA
