"Frame","Time","Headset_Front_X","Headset_Front_Y","Headset_Front_Z","Headset_Back_X","Headset_Back_Y","Headset_Back_Z","Headset_Left_X","Headset_Left_Y","Headset_Left_Z","Headset_Right_X","Headset_Right_Y","Headset_Right_Z","Left_Shoulder_X","Left_Shoulder_Y","Left_Shoulder_Z","Right_Shoulder_X","Right_Shoulder_Y","Right_Shoulder_Z","Sternum_X","Sternum_Y","Sternum_Z","C7_X","C7_Y","C7_Z","Left.Elbow_X","Left.Elbow_Y","Left.Elbow_Z","Right.Elbow_X","Right.Elbow_Y","Right.Elbow_Z","Left.Wrist_X","Left.Wrist_Y","Left.Wrist_Z","Right.Wrist_X","Right.Wrist_Y","Right.Wrist_Z","Left.ASIS_X","Left.ASIS_Y","Left.ASIS_Z","Right.ASIS_X","Right.ASIS_Y","Right.ASIS_Z","S2_X","S2_Y","S2_Z","Left.Knee_X","Left.Knee_Y","Left.Knee_Z","Right.Knee_X","Right.Knee_Y","Right.Knee_Z","Left.Ankle_X","Left.Ankle_Y","Left.Ankle_Z","Right.Ankle_X","Right.Ankle_Y","Right.Ankle_Z"
1,0,-668.95111,1407.92676,-897.28015,NA,NA,NA,-446.01871,1429.66821,-930.17407,-579.28162,1370.39526,-779.73029,-348.01413,1269.02856,-1003.39185,-726.41827,1233.77576,-1026.29663,-557.44763,1140.58142,-896.29846,-519.6394,1265.64868,-1125.32715,-245.46318,958.39429,-1048.83313,-795.83344,964.70862,-1097.36267,-179.46492,773.31586,-939.55438,-865.01978,737.03156,-1031.98865,-452.25879,867.43262,-857.51849,-644.06244,856.82782,-924.30579,-461.28,883.59192,-1195.22449,-327.60068,461.21313,-855.91345,-658.80615,419.49777,-1061.74377,-286.47437,159.88654,-1054.02466,NA,NA,NA
2,0.01,-672.55328,1408.35327,-889.78052,-539.06042,1490.45886,-1051.44324,-450.06021,1430.30627,-923.1651,-583.96368,1370.86304,-774.41858,-351.75348,1269.52991,-996.36401,-730.26392,1233.89185,-1020.06769,NA,NA,NA,-523.34631,1265.69141,-1118.48657,-249.35568,959.1723,-1040.56812,-799.24036,964.56323,-1090.43042,-183.4472,773.70612,-932.17902,-868.19873,736.87061,-1019.76392,-457.25345,868.02698,-851.29132,-648.25977,857.79321,-918.01129,-462.73251,883.36487,-1187.23694,-336.04501,462.76428,-844.91016,-660.10284,420.50687,-1060.43713,-294.0509,151.70648,-1030.7312,NA,NA,NA
3,0.02,-676.77716,1409.18872,-883.72461,-542.85712,1490.52026,-1044.77991,-453.80063,1430.20691,-914.49133,-587.60645,1371.22986,-766.6861,-355.46466,1269.99683,-990.15381,-733.85779,1234.03784,-1013.4433,-566.35931,1140.57056,-882.34784,-526.95691,1265.69324,-1111.51367,-253.11736,959.65167,-1033.47974,-802.61755,964.14185,-1082.67578,-187.36903,773.72815,-925.47668,-870.56171,737.13763,-1008.59113,-462.52316,868.23492,-844.69788,-653.70172,858.4646,-911.80957,-464.10245,884.08374,-1181.23657,-344.27393,464.11395,-834.81696,-661.92517,419.70578,-1055.90845,-302.02634,142.56958,-1003.57056,NA,NA,NA
4,0.03,-680.22083,1409.60034,-877.1178,-546.52319,1490.38281,-1037.26611,-457.95868,1431.12244,-909.797,-591.82208,1372.26392,-759.54041,-358.64087,1269.88831,-982.69739,-737.14783,1233.66614,-1006.78107,NA,NA,NA,-530.33337,1265.7323,-1103.90723,-255.27419,959.3374,-1026.76135,-805.68854,963.56543,-1074.69678,-191.3403,773.98181,-918.70355,-873.95227,736.26746,-996.80835,-466.90463,868.76404,-836.27802,-657.63477,859.25928,-906.40015,-465.4252,884.00073,-1173.453,-351.70715,466.18039,-823.599,-663.63776,419.18069,-1052.14563,-310.65005,134.44795,-978.34882,NA,NA,NA
5,0.04,-684.09131,1409.55542,-869.62451,-549.95868,1490.59302,-1031.50208,-461.5264,1431.77515,-904.3653,-596.19366,1373.23083,-753.27667,-362.44168,1269.99109,-973.54797,-740.91498,1233.61536,-1000.11481,NA,NA,NA,-533.76697,1265.66589,-1097.16223,-260.16351,959.1441,-1018.81488,-809.16083,962.41125,-1066.70764,-195.00546,773.03229,-911.60474,-875.09161,735.08484,-985.41107,-470.4368,868.65381,-827.755,-661.69562,858.34747,-899.71918,-466.66202,884.36792,-1165.53699,-360.50128,467.17355,-813.57233,-665.27692,418.88739,-1048.65466,-319.57956,127.51826,-953.6427,NA,NA,NA
6,0.05,-687.67346,1410.32629,-863.18158,-553.37061,1490.29236,-1024.25415,-464.28928,1431.33069,-895.86548,-599.48322,1373.85046,-745.81708,-366.345,1270.01196,-967.43958,-745.00079,1233.23181,-993.12927,NA,NA,NA,-537.05475,1265.245,-1089.19617,-263.6839,960.0238,-1013.38141,-811.85944,962.13593,-1058.82751,-198.43816,773.32349,-905.40955,-874.73486,734.26227,-974.37909,-476.15619,868.68988,-824.17413,-665.65216,858.5379,-893.72852,-468.10004,884.36694,-1157.89636,-367.68466,467.76437,-804.46912,-665.94769,420.5351,-1050.68433,-328.84213,119.48365,-927.36755,NA,NA,NA
7,0.06,-690.90686,1410.21118,-856.15106,-556.5639,1489.93262,-1017.3894,-467.79282,1431.31262,-887.7121,-602.8963,1374.30957,-738.57416,-369.51959,1269.76392,-959.0553,-748.13818,1233.15039,-985.96729,NA,NA,NA,-540.20752,1264.95898,-1081.36438,-267.32858,959.23981,-1005.20471,-815.4231,961.91058,-1051.0426,-202.33362,772.54108,-898.16357,-877.61304,734.11035,-963.88605,-480.27325,867.75177,-819.27625,-669.07043,857.6543,-887.76001,-469.30453,885.11444,-1150.54138,-375.91113,469.00961,-795.18176,-666.67218,419.9176,-1046.12451,-338.05313,113.61797,-901.37091,NA,NA,NA
8,0.07,-694.33154,1410.35828,-848.99463,-559.7608,1489.24585,-1010.57703,-471.50345,1431.19373,-879.94312,-607.22626,1375.17432,-731.41852,-373.17014,1269.49341,-950.67383,-750.82813,1231.79712,-978.64874,NA,NA,NA,-543.29242,1264.77844,-1074.26038,-271.06424,958.92371,-997.04974,-817.61414,960.39966,-1042.64612,-206.36018,772.05939,-891.35516,-878.31586,733.41809,-953.65906,-482.33685,868.33704,-806.71033,-672.95544,857.42517,-881.44415,-470.81784,884.88928,-1142.24158,-383.1308,468.50043,-785.64789,-667.34906,419.63754,-1043.36292,-346.05896,107.17766,-876.37347,NA,NA,NA
9,0.08,-697.75647,1410.82275,-842.25092,-562.81415,1488.61414,-1003.83575,-474.94009,1431.17932,-874.56024,-610.39929,1375.92981,-723.98138,-375.96967,1268.74243,-941.82819,-754.05859,1231.50928,-970.96014,NA,NA,NA,-546.35602,1264.34021,-1066.55164,-274.55008,958.078,-988.87744,-820.21002,959.64301,-1034.61414,-209.70889,771.04449,-884.08362,-879.41827,732.52209,-942.82056,-485.60706,867.71271,-800.27521,-675.91632,857.20203,-875.22583,-472.24039,885.71753,-1135.1593,-390.8251,469.79456,-777.9201,-668.29474,419.73157,-1040.48181,-357.29352,102.0892,-849.26923,NA,NA,NA
10,0.09,-700.89532,1410.66504,-834.81042,-565.7627,1487.79089,-996.8175,-477.96371,1429.66528,-860.85388,-612.85181,1375.58337,-716.72913,-379.3634,1267.48987,-930.61273,-757.58997,1230.70642,-963.49872,NA,NA,NA,-549.36139,1263.52991,-1058.09253,-277.93649,958.11731,-982.16608,-823.13318,958.40765,-1026.05615,-213.01131,770.4538,-877.71698,-881.00427,731.54724,-932.64575,-490.23944,866.50269,-792.83997,-678.71753,856.26044,-868.85175,-473.91998,886.01324,-1128.27148,-397.63022,469.22067,-769.30719,-668.98444,417.22418,-1034.1853,-368.17398,94.85001,-821.16779,NA,NA,NA
11,0.1,-704.31854,1410.47498,-827.1991,-568.57233,1486.8446,-989.87451,-480.85751,1430.69336,-858.41388,-616.18188,1376.44678,-709.07257,-382.66592,1267.28833,-924.10083,-760.85358,1229.98755,-956.54016,-594.90277,1141.68115,-817.00031,-552.16669,1262.86646,-1050.13647,-281.13742,957.79846,-975.58636,-825.43561,957.16211,-1017.74054,-216.37721,769.20355,-870.11768,-881.31274,729.8371,-921.99457,-493.44122,866.66437,-785.64215,-681.35303,854.88483,-861.86591,-475.41879,886.01068,-1120.03784,-404.10098,468.15524,-762.15155,-669.34491,416.82874,-1030.69092,-377.68478,90.86925,-795.8288,NA,NA,NA
12,0.11,-706.75653,1410.00305,-819.71381,-571.31494,1485.59521,-982.62903,-483.68094,1429.20105,-848.65192,-619.10028,1376.0741,-701.17999,-386.23685,1266.9574,-918.40918,-763.5683,1228.46191,-948.34583,-599.42609,1137.31091,-814.70679,-554.82239,1262.18884,-1041.63672,-283.60507,956.05035,-965.27301,-827.83374,955.97522,-1009.03931,-219.2067,768.1944,-863.2713,-882.39728,728.90851,-911.37964,-497.0231,864.95978,-777.28046,-684.38354,853.93774,-855.09686,-477.13217,885.19684,-1110.94263,-410.20837,467.91019,-753.49872,-669.50366,416.50586,-1026.75708,-389.50043,87.65139,-769.82605,-459.52151,35.36448,-824.4729
13,0.12,-709.82526,1409.88196,-812.36707,-573.99512,1484.33203,-975.36737,-486.79672,1428.78442,-841.34741,-622.72351,1376.1355,-693.68201,-389.8168,1265.23193,-906.75079,-766.55054,1227.32251,-940.60895,NA,NA,NA,-557.74536,1260.79126,-1033.26563,-288.12701,956.06635,-957.54816,-830.33179,954.45184,-1000.22906,-222.57735,767.37195,-855.61035,-883.88098,727.97778,-901.95435,-500.80515,863.50543,-768.71106,-687.20453,851.9718,-847.90546,-478.7908,884.84943,-1102.2384,-416.34753,466.71664,-747.43274,-670.41089,414.55243,-1020.7995,-400.60696,86.21246,-744.07928,NA,NA,NA
14,0.13,-712.43976,1409.97144,-804.91187,-576.55212,1483.08325,-967.8645,-488.85736,1426.66003,-830.85333,-626.76544,1377.28638,-686.19177,-393.12903,1265.04919,-899.32062,-769.67969,1226.2074,-932.6463,NA,NA,NA,-560.38593,1260.11169,-1025.75122,-291.40839,954.2738,-947.83612,-832.63647,952.75763,-991.24066,-225.44797,766.20398,-847.49139,-885.25745,726.78436,-891.98285,-504.72974,862.30475,-760.62622,-690.45477,851.23804,-840.82416,-480.3869,884.33636,-1093.62073,-422.31137,465.13318,-739.8894,-670.77716,413.08301,-1015.7301,-411.81439,85.28074,-719.91833,-479.95657,32.36198,-776.2702
15,0.14,-715.31097,1409.28333,-796.92621,-578.97668,1481.72986,-960.34796,-491.65714,1426.51807,-825.63263,-627.40955,1376.55774,-677.50739,-396.01727,1262.87305,-890.38544,-772.03113,1224.82251,-925.22919,NA,NA,NA,-563.23218,1258.65747,-1017.56183,-294.31525,953.40686,-940.44141,-835.23737,950.95947,-982.46515,-228.07852,764.69983,-839.17828,-887.17316,725.39606,-882.6189,-507.23386,861.46637,-752.16602,-693.9726,848.88086,-833.95825,-481.88806,884.20905,-1085.75964,-426.87375,463.05457,-732.33429,-671.0481,412.45914,-1011.73401,-424.40262,84.75755,-695.37122,NA,NA,NA
16,0.15,-717.78125,1408.81982,-788.87054,-581.30878,1480.09302,-952.64935,-494.14294,1424.8573,-816.18219,-630.21484,1376.66797,-669.4516,-398.88803,1261.50171,-881.67194,-775.11633,1223.54346,-917.24683,NA,NA,NA,-565.79492,1257.1803,-1009.03149,-296.81897,952.17169,-932.81177,-838.07397,949.68213,-973.97314,-229.92453,763.05408,-831.57111,-888.31958,723.34332,-872.94098,-511.77533,859.64923,-743.73706,-696.93103,847.6886,-826.59021,-483.81921,882.52478,-1075.46826,-432.86621,460.16739,-726.45764,-671.95532,410.90109,-1006.41803,-438.62045,84.8942,-671.81287,NA,NA,NA
17,0.16,-719.91461,1408.09729,-780.7644,-583.63269,1478.37512,-945.00281,-495.99023,1424.52771,-812.38696,-632.65851,1375.71704,-661.48627,-401.71646,1259.97717,-871.80664,-778.30701,1222.33484,-909.72974,NA,NA,NA,-568.19586,1255.87048,-1000.49396,-299.81351,949.86731,-922.31152,-840.51373,948.21417,-964.93353,-233.50963,761.47479,-822.08051,-889.13684,721.30377,-863.60345,-515.37628,857.92535,-734.09894,-700.83417,845.65393,-818.22388,-485.34619,881.69916,-1066.55261,-437.04266,458.07782,-719.06323,-672.58881,409.3223,-1000.07983,-451.36224,87.4403,-650.31708,NA,NA,NA
18,0.17,-722.28107,1408.05054,-772.69928,-585.78784,1476.90723,-937.52539,-498.52448,1422.4563,-801.1095,-635.08728,1375.94751,-653.06787,-404.60977,1258.24304,-863.12103,-781.05353,1220.74036,-901.33533,-621.26459,1129.76233,-766.49121,-570.76245,1253.95337,-991.5448,-301.42194,948.35522,-913.17114,-843.28149,946.12323,-955.67438,-235.91319,759.61237,-813.104,-890.39929,719.38599,-854.37689,-519.97638,856.25208,-723.99109,-704.20087,844.52759,-810.96979,-486.73984,880.57098,-1057.07471,-441.38992,456.04813,-711.36127,-673.55225,408.5231,-995.52319,-464.39801,90.37019,-630.25317,NA,NA,NA
19,0.18,-724.12891,1407.24951,-764.30005,-587.88153,1475.03503,-929.45233,-501.03439,1420.22278,-789.82806,-636.29163,1374.93311,-644.23682,-407.18115,1256.34485,-853.99689,-783.34515,1219.74829,-894.44073,NA,NA,NA,-572.96643,1252.70483,-983.11151,-305.31857,946.35199,-904.37103,-845.05981,944.17682,-946.5614,-238.15433,758.20105,-804.46887,-891.5061,717.5899,-844.48352,-522.56647,854.98651,-715.01123,-707.19189,842.66327,-802.65479,-488.41751,879.14886,-1047.41943,-446.4422,453.3176,-703.4845,-674.83545,407.63779,-989.94696,-478.23682,93.24376,-612.44739,NA,NA,NA
20,0.19,-726.21722,1406.68835,-756.18207,-589.789,1473.45276,-921.42395,-502.59619,1419.7821,-786.10132,-639.2821,1375.047,-636.14685,-409.71948,1254.41919,-845.164,-786.19159,1218.104,-885.56738,NA,NA,NA,-575.18182,1250.87976,-974.31293,-308.16745,944.22058,-893.4447,-847.9574,943.11255,-937.42511,-240.304,756.54138,-795.39069,-892.51776,715.39227,-835.46869,-527.70551,853.04468,-705.57031,-711.19202,841.3999,-794.5293,-489.87997,878.00946,-1037.69287,-449.76468,451.03333,-696.00647,-675.81763,406.70074,-984.54297,-491.73627,96.62091,-597.52008,NA,NA,NA
21,0.2,-727.8595,1405.53894,-747.0705,-591.73987,1471.55701,-913.54102,-504.70462,1418.05713,-776.57678,-639.96069,1374.22473,-627.37811,-413.60727,1251.76343,-837.92194,-788.48364,1216.38843,-877.2337,NA,NA,NA,-577.3252,1248.86389,-965.3526,-310.034,942.58344,-884.76758,-850.1983,940.80957,-927.57629,-242.88623,754.51892,-785.63763,-894.32056,713.87378,-827.21637,-530.12659,852.44232,-695.75653,-715.37677,840.13745,-786.21954,-491.60428,876.98279,-1027.94128,-454.04977,448.92151,-688.3244,-677.27881,406.18719,-979.0636,-502.87708,100.48476,-582.03906,NA,NA,NA
22,0.21,-729.57373,1405.27332,-738.97351,-593.5694,1469.65149,-905.28241,-506.04901,1417.00562,-770.26807,-642.20563,1374.55688,-619.31299,-414.91229,1251.00403,-825.58282,-790.56543,1215.58752,-869.23035,NA,NA,NA,-579.30682,1247.35535,-956.31622,-313.48871,940.13855,-873.88763,-852.35229,939.65863,-918.28577,-245.16103,752.71027,-775.52051,-896.35822,712.28949,-818.85547,-537.22705,849.30756,-689.96417,-719.15765,839.35565,-778.23328,-493.02979,875.71753,-1017.86115,-458.94745,446.53928,-679.82104,-677.74866,405.48074,-973.33771,-512.7981,104.33093,-567.22247,NA,NA,NA
23,0.22,-731.16321,1404.04565,-729.6366,-595.18512,1468.1626,-897.47803,-508.07861,1415.99121,-762.72699,-643.93622,1373.90735,-610.56317,-416.66412,1249.26306,-816.48004,-792.81848,1213.97253,-860.09369,NA,NA,NA,-581.19354,1245.31775,-946.5116,-316.22018,938.18433,-863.74469,-854.52576,937.85248,-909.00714,-247.33505,750.78503,-766.06305,-897.44763,710.45831,-810.37671,-540.76086,847.1615,-682.50488,-721.97253,837.48279,-768.69324,-495.12482,874.18243,-1007.68359,-465.1286,444.12604,-669.40411,-679.22583,405.23322,-967.39075,-521.47717,105.57545,-554.01904,NA,NA,NA
24,0.23,-732.48236,1403.49316,-721.06232,-596.68323,1466.68079,-888.81342,-509.34351,1413.85205,-751.79156,-644.56464,1373.23462,-601.70367,-419.22842,1247.32068,-807.69104,-794.8858,1212.60413,-851.10095,NA,NA,NA,-582.95209,1244.01636,-937.81689,-317.66379,936.39374,-853.69055,-856.33484,936.94873,-899.8855,-249.466,749.44409,-756.0329,-899.84583,708.65558,-801.69672,-544.22723,846.08136,-669.88245,-725.8349,836.6731,-759.52576,-497.12784,872.87164,-998.06909,-470.51273,442.2966,-659.6319,-680.34558,404.6553,-961.74634,-530.17566,105.16535,-541.55988,NA,NA,NA
25,0.24,-733.75342,1402.89807,-711.94818,-598.1828,1465.14819,-880.49091,-511.35199,1413.83997,-745.87952,-645.86969,1373.05383,-592.28961,-421.13516,1245.99866,-796.09875,-796.77692,1211.92871,-842.54175,NA,NA,NA,-584.71008,1242.11206,-928.18549,-321.2991,934.80243,-842.36633,-858.56519,935.10834,-889.99011,-251.88029,747.11694,-745.3833,-901.39282,706.8349,-792.92212,-547.7865,844.29578,-660.14679,-728.33167,835.14148,-749.20544,-499.42822,871.40015,-987.66693,-475.11594,441.52472,-649.49432,-681.43079,404.3588,-954.72241,-539.1416,105.75441,-532.73187,NA,NA,NA
26,0.25,-735.12958,1402.90552,-703.15912,-599.63037,1463.83203,-871.58417,-512.12939,1412.24207,-735.927,-647.29596,1373.12817,-583.63605,-422.69308,1244.56445,-787.07758,-798.82501,1210.56384,-832.99127,NA,NA,NA,-586.4845,1240.53979,-918.90759,-321.9541,932.90149,-832.24408,-859.86279,933.79144,-880.03046,-253.86743,745.67804,-734.05725,-903.66388,706.20331,-786.10254,-550.95374,844.35199,-649.93909,-730.86218,834.46295,-739.13782,-501.86453,869.90973,-977.14752,-481.81387,440.7001,-639.53619,-681.89758,404.12769,-947.49524,-545.73853,104.33092,-525.66827,NA,NA,NA
27,0.26,-736.84229,1402.9303,-694.28119,-600.81049,1462.75562,-863.05127,-513.89355,1412.41699,-729.14026,-649.84058,1374.26721,-575.00922,-424.13962,1243.10754,-777.39972,-800.29736,1209.82361,-823.5415,NA,NA,NA,-587.87,1239.21558,-908.47516,-324.50592,930.7995,-821.27325,-861.3515,933.00049,-870.41174,-255.85231,744.42761,-724.4057,-904.75659,704.06329,-777.76904,-554.3493,841.86627,-640.58057,-733.55945,833.40851,-728.80103,-504.35303,868.56616,-966.90643,-487.44376,439.48999,-627.4588,-683.29639,404.54755,-939.77832,-553.25928,100.5565,-519.57098,NA,NA,NA
28,0.27,-737.38812,1402.63806,-685.09686,-601.97333,1461.63965,-854.18811,-514.56744,1410.98743,-718.61047,-648.14697,1373.23962,-564.39148,-425.69037,1241.6615,-767.16077,-802.17798,1209.26318,-813.75372,NA,NA,NA,-589.30353,1238.23303,-899.12439,-327.87524,929.31226,-809.60785,-863.00256,932.62482,-860.72113,-258.60614,742.87756,-712.89703,-907.37708,703.16241,-770.19867,-555.41229,842.76453,-626.96582,-736.57257,833.7533,-718.36688,-507.384,867.22644,-956.14172,-492.46115,439.64493,-617.64917,-685.15558,404.88129,-931.21051,-559.49158,96.49876,-514.41589,NA,NA,NA
29,0.28,-738.79138,1402.59363,-675.78668,-603.09058,1460.71118,-845.11774,-516.18231,1411.33752,-711.11707,-650.82465,1373.98987,-555.84039,-426.96667,1240.63684,-756.29102,-803.80707,1208.77808,-803.21484,NA,NA,NA,-590.68622,1236.84766,-888.84692,-328.9035,927.53235,-798.2558,-864.61792,931.75208,-850.80273,-260.75516,741.57239,-701.51514,-909.50684,702.44641,-762.75037,-558.59766,840.99359,-617.19342,-739.24976,832.58832,-706.7511,-510.45288,865.46405,-944.94452,-499.3566,438.78067,-605.47437,-686.98248,405.26608,-923.64185,-565.37646,91.68309,-510.77655,NA,NA,NA
30,0.29,-739.86176,1402.92432,-666.2099,-604.20056,1459.67249,-836.11292,-516.64056,1410.13318,-699.69849,-651.78528,1374.88892,-545.92505,-428.46741,1239.53271,-746.63513,-804.58545,1208.98413,-793.8902,NA,NA,NA,-591.76941,1235.87988,-879.0014,-331.8508,926.07068,-787.73749,-866.05658,931.8313,-840.81781,-263.44702,740.43268,-691.03638,-911.64771,701.38965,-754.85663,-561.39905,841.7301,-606.35791,-741.19611,832.69623,-694.58105,-513.61279,864.58539,-934.09302,-505.61685,437.43347,-593.97931,-688.6405,404.73889,-913.53522,-570.21942,87.01106,-508.29315,NA,NA,NA
31,0.3,-740.65533,1403.02124,-657.23175,-605.09229,1458.94116,-827.23889,-517.75757,1410.72278,-692.1225,-652.14374,1376.11011,-536.49921,-429.3623,1238.82251,-737.9635,-805.79126,1208.73291,-783.24231,NA,NA,NA,-592.71698,1235.02515,-868.67255,-334.15213,924.87445,-777.27692,-867.04669,932.20807,-830.23926,-266.27789,738.94403,-678.84729,-913.81604,701.7475,-747.78943,-564.47754,840.97253,-593.56464,-744.29596,832.87799,-683.31097,-517.05151,863.50226,-922.16785,-510.17734,437.50558,-583.68341,-691.62274,405.18338,-903.96191,-573.00464,82.62258,-506.27536,NA,NA,NA
32,0.31,-741.41486,1403.04858,-646.92474,-605.88574,1458.4613,-817.73865,-518.3916,1409.73364,-679.0965,-654.55768,1377.29419,-527.26886,-430.15637,1238.32397,-727.26135,-806.18835,1209.17578,-772.83191,NA,NA,NA,-593.71942,1233.8678,-858.29187,-335.53479,923.71704,-765.9187,-868.50092,932.99866,-820.45947,-268.72849,737.33392,-667.29163,-916.34521,702.16522,-740.97394,-567.29041,841.73981,-581.68628,-746.96277,833.39368,-670.95483,-520.06927,862.63086,-910.01855,-516.32062,435.80484,-571.24829,-694.92047,405.43484,-893.65216,-575.31232,79.61702,-500.52341,NA,NA,NA
33,0.32,-742.15906,1404.35767,-637.74957,-606.65692,1458.34778,-808.80573,-519.0174,1410.93872,-671.95447,-653.53595,1378.20898,-517.20532,-430.55518,1236.60193,-714.36334,-807.33881,1209.73706,-762.04303,-652.56677,1122.30005,-614.18567,-594.44403,1233.03564,-847.34119,-338.41541,922.40381,-755.30182,-869.20453,933.07758,-809.33289,-271.27438,736.22888,-656.07813,-918.84918,702.31976,-733.13818,-569.71729,841.59119,-570.93756,-749.87695,834.34723,-658.6889,-522.8421,861.58221,-898.30621,-522.06989,434.42542,-557.94537,-698.62415,405.44943,-883.06738,-578.15704,78.84037,-493.89929,NA,NA,NA
34,0.33,-742.75574,1404.88733,-627.73889,-607.41205,1458.70593,-798.71606,-519.7793,1411.93347,-661.97784,-655.01239,1379.4408,-506.75458,-431.0755,1236.02454,-704.36908,-808.79633,1210.95105,-751.5871,NA,NA,NA,-595.08228,1232.60596,-836.2066,-339.21329,921.68707,-745.01117,-869.83838,933.9248,-799.71777,-274.03223,735.44507,-645.38354,-921.58496,703.83978,-726.46716,-573.13202,841.89905,-556.78699,-752.21796,835.12531,-646.38916,-525.47705,861.31635,-885.24567,-526.17236,433.70056,-547.5011,-703.38257,406.04678,-871.57574,-581.07281,79.50566,-485.008,NA,NA,NA
35,0.34,-743.42188,1406.79529,-617.83069,-608.11279,1459.45996,-788.92609,-520.91541,1412.30713,-647.84753,-653.79163,1381.38098,-495.81442,-431.90976,1235.80164,-692.91803,-809.36749,1212.96716,-741.28552,NA,NA,NA,-595.6394,1232.92151,-825.85138,-343.34711,920.64429,-732.54688,-870.97192,935.78387,-789.19946,-276.75262,734.14203,-632.92365,-923.99811,704.75244,-719.02466,-575.35651,842.96912,-543.96338,-755.81256,836.97437,-633.87421,-527.81073,860.97229,-872.88098,-530.18274,433.60529,-535.64124,-709.20129,406.26242,-859.15765,-581.42377,80.11703,-477.61285,NA,NA,NA
36,0.35,-744.49292,1409.01599,-607.82037,-608.68134,1460.44324,-779.53412,-521.29645,1414.27991,-640.05597,-656.32343,1384.53101,-486.86911,-432.41293,1235.87183,-681.6582,-810.64832,1214.50769,-730.23206,-657.56586,1124.80933,-585.87201,-596.3399,1233.61316,-815.01263,-345.48743,920.25201,-721.55798,-872.27069,936.86157,-779.48981,-279.52243,734.05109,-622.09631,-926.57263,707.04578,-712.11859,-579.02734,843.78052,-532.52429,-758.08417,838.93384,-621.84198,-530.15521,861.65088,-860.43774,-532.41913,434.52435,-523.84955,-715.94263,406.84439,-847.11157,-578.78668,79.44866,-469.82855,NA,NA,NA
37,0.36,-744.72888,1410.70715,-597.50031,-609.40509,1460.83521,-769.36157,-521.71674,1416.00977,-631.09906,-657.61566,1386.96851,-476.60434,-433.68832,1236.59314,-670.8299,-811.99658,1216.58557,-718.76611,NA,NA,NA,-597.15308,1234.31274,-803.44202,-347.55356,920.49274,-711.02887,-871.85522,939.30261,-769.49799,-282.61044,733.91589,-610.69482,-928.30365,708.92145,-704.50909,-582.56677,845.09338,-518.5694,-760.36682,840.84357,-608.85504,-532.43372,862.1676,-848.35065,-533.8194,436.21686,-510.13943,-723.58313,407.62445,-834.06354,-577.97998,77.08627,-461.22372,NA,NA,NA
38,0.37,-745.5636,1412.94385,-587.38477,-610.08813,1461.37646,-760.0351,-522.40143,1418.10229,-623.13409,-657.0434,1389.55078,-466.19556,-434.54929,1237.41125,-660.34552,-812.54987,1218.84338,-707.59137,NA,NA,NA,-598.30267,1234.91663,-791.72748,-350.67435,920.67334,-699.29517,-873.1344,941.83356,-759.6145,-285.71616,734.01227,-599.05005,-931.61725,712.17352,-698.41071,-584.34326,848.13098,-504.8812,-762.68787,843.26599,-596.87329,-534.93335,863.22815,-835.76263,-537.0321,437.892,-497.39023,-731.97858,407.82022,-819.66479,-579.22552,73.66712,-454.44165,NA,NA,NA
39,0.38,-746.52795,1415.09827,-577.20764,-610.7132,1462.00342,-750.18982,-523.38586,1418.76526,-612.31433,-658.44446,1392.60583,-455.99005,-435.07089,1239.12207,-649.83972,-813.79968,1221.7262,-696.73346,NA,NA,NA,-599.63977,1236.02283,-781.2561,-353.37534,921.56335,-687.60669,-874.2616,945.03595,-749.70569,-288.94809,734.18829,-587.16675,-933.95203,714.85754,-690.75397,-586.28833,850.62897,-493.64343,-764.5871,846.8587,-584.72339,-537.51569,864.1272,-823.80878,-539.00421,441.16379,-485.47852,-741.58881,408.46274,-805.83575,-581.18091,69.33352,-448.77875,NA,NA,NA
40,0.39,-746.76892,1416.71753,-567.08496,-611.4552,1462.57239,-740.7063,-523.65088,1419.40967,-603.15723,-658.1037,1395.16504,-445.04446,-436.92157,1239.61353,-638.34705,-815.3255,1224.56738,-685.53485,NA,NA,NA,-601.08344,1237.37378,-770.77692,-355.93387,923.19421,-677.21533,-875.05914,947.63617,-740.02917,-291.95432,735.28162,-576.13147,-936.74585,717.92767,-682.85028,-588.10522,853.12274,-480.7037,-766.40155,849.54846,-572.56122,-539.50916,865.1297,-811.95435,-541.87219,443.70462,-474.52927,-751.79919,408.21356,-789.40887,-582.14001,66.38219,-446.01376,NA,NA,NA
41,0.4,-747.56445,1419.0249,-556.84576,-612.37469,1463.20959,-730.93451,-524.85608,1421.09326,-592.65045,-659.35345,1398.14917,-435.42654,-438.94601,1240.9845,-627.25873,-817.00366,1227.46802,-674.01752,NA,NA,NA,-602.91406,1238.53186,-760.55792,-358.79523,923.85199,-664.67694,-876.78564,951.00037,-730.64008,-295.36276,736.29822,-563.30786,-939.90442,720.6106,-675.79663,-590.08875,856.90033,-467.25046,-767.98566,852.60651,-560.23138,-541.53998,865.84088,-800.79187,-545.25323,446.10947,-464.91818,-763.24261,409.37396,-773.9588,-580.7301,65.55234,-443.85324,NA,NA,NA
42,0.41,-748.38971,1421.83862,-546.93591,-613.51459,1463.9342,-721.51453,-525.09009,1422.23389,-583.69482,-660.35809,1400.85046,-425.02237,-440.61258,1242.27087,-618.13849,-818.7254,1229.51794,-662.78436,-666.38611,1140.75269,-512.86938,-604.91998,1239.64587,-750.06293,-361.1452,925.18597,-653.70831,-878.62042,954.38721,-721.48346,-298.0932,738.05273,-551.3244,-941.49731,723.21698,-666.62067,-592.41412,858.2525,-456.14691,-768.77551,854.51752,-548.86243,-543.56427,866.37585,-789.42505,-546.48676,447.85587,-455.08337,-773.78735,409.30945,-756.07977,-581.65173,64.54172,-442.75757,NA,NA,NA
43,0.42,-749.02802,1424.00671,-536.2428,-614.71252,1464.8562,-711.83221,-526.58289,1423.31494,-574.23309,-660.28052,1403.11414,-415.32974,-442.94064,1244.37085,-607.49554,-820.23755,1231.59204,-651.55035,-667.49957,1142.57739,-501.79623,-607.01233,1240.88513,-739.4361,-363.06366,926.62598,-642.92377,-880.40179,956.38519,-710.76971,-301.34857,739.24646,-538.50287,-945.80127,726.61914,-659.36212,-593.86224,860.3855,-446.21329,-770.18317,857.81207,-537.01343,-545.10596,866.21155,-778.52148,-548.55676,448.83447,-445.53967,-785.33496,410.62119,-738.82684,-583.40717,63.90945,-440.82413,NA,NA,NA
44,0.43,-750.05884,1426.73608,-526.46704,-616.03278,1466.32874,-702.13104,-527.27692,1423.48413,-564.60815,-660.93524,1405.61145,-406.13364,-445.12546,1245.81104,-597.85742,-822.83502,1233.62683,-640.94568,-668.83551,1143.71484,-494.58987,-609.16388,1242.42603,-729.87091,-364.59229,928.31842,-631.67389,-882.46045,958.5564,-700.828,-304.62109,741.12311,-525.91998,-948.75482,728.93201,-650.76123,-591.81708,864.65094,-429.18277,-771.69275,859.57947,-526.04309,-546.63824,866.92346,-767.91547,-547.93024,450.28143,-437.40564,-796.85156,412.04962,-720.80585,-583.59088,63.80119,-440.83325,NA,NA,NA
45,0.44,-750.52588,1429.08044,-516.46014,-617.703,1467.56934,-692.85199,-528.84351,1424.27075,-554.77533,-660.37085,1407.14575,-395.86755,-447.1593,1247.58606,-587.59619,-824.76166,1235.48621,-630.38672,-670.85931,1145.68701,-482.37448,-611.4931,1243.77197,-720.62299,-366.50418,929.815,-619.00403,-885.8725,961.04388,-691.18561,-307.28052,743.00665,-513.76324,-952.34845,731.05029,-642.35321,-592.96008,866.45813,-418.78418,-772.1355,860.96509,-515.14417,-548.34827,867.29498,-758.01971,-546.82159,449.48224,-430.51834,-807.7652,413.9451,-702.77795,-583.75336,64.26286,-440.61322,NA,NA,NA
46,0.45,-751.81543,1430.86438,-506.13629,-619.34943,1469.20886,-683.80664,-529.68597,1426.05518,-548.21692,-662.34705,1408.97375,-386.00931,-449.23105,1249.23193,-578.79303,-827.00269,1236.9408,-620.39606,-674.03479,1146.53979,-468.76358,-613.69293,1244.89929,-710.28735,-368.34216,931.25287,-606.73468,-888.68732,962.74121,-681.97815,-309.80637,744.57794,-500.57809,-956.18707,733.21301,-632.8421,-595.53003,867.37488,-412.38004,-773.7428,862.79669,-504.51703,-549.5835,867.27429,-747.84521,-546.56012,447.65381,-422.92059,-818.90771,416.40848,-683.98676,-583.72107,64.30984,-440.62973,NA,NA,NA
47,0.46,-753.26923,1433.57935,-496.55386,-621.25641,1470.58362,-674.1228,-531.28339,1426.55139,-538.24957,-661.69019,1409.11096,-375.77509,-451.76184,1251.25525,-568.86084,-828.953,1237.95923,-610.74957,-677.81958,1148.57654,-463.65625,-615.89752,1246.10547,-701.34808,-369.65448,934.1875,-596.38184,-892.24329,965.22559,-672.32599,-312.65335,746.59338,-487.24948,-958.96484,734.28931,-622.74377,-596.91858,868.66528,-403.22446,-775.42474,864.01221,-494.0098,-550.9679,868.43451,-737.88873,-545.07666,445.95721,-417.89194,-829.64648,419.52087,-665.37091,-583.86334,64.10086,-440.97995,NA,NA,NA
48,0.47,-753.90686,1435.06238,-486.57739,-623.20148,1472.10083,-665.27112,-532.56274,1426.72083,-528.25818,-662.53528,1411.28394,-366.79575,-454.0777,1252.66187,-558.38928,-831.05542,1239.5614,-602.08325,-680.19208,1150.32886,-454.06653,-617.77576,1247.66626,-691.50873,-369.74805,934.9433,-583.85504,-895.04071,966.09521,-662.46082,-315.19138,748.65857,-474.50827,-962.64703,736.16504,-613.90375,-597.91931,870.13177,-392.55157,-775.71082,865.51117,-483.5704,-552.37439,869.36444,-727.88208,-544.23181,443.48376,-411.50528,-839.63055,423.41849,-645.72455,-584.15448,63.98806,-441.78067,NA,NA,NA
49,0.48,-755.33575,1436.75281,-477.50284,-625.22107,1473.64514,-656.2829,-534.00372,1428.75647,-521.62561,-664.89313,1413.67651,-358.03067,-456.62387,1254.19958,-548.28827,-833.10077,1240.76379,-593.46588,-680.4751,1149.96509,-443.43964,-619.93768,1248.7793,-683.00885,-371.17474,937.21179,-572.73962,-898.93512,968.35144,-654.14917,-317.33859,751.30554,-461.33078,-966.00403,738.06091,-604.30157,-598.60211,871.43585,-382.45239,-776.90015,866.37689,-472.89755,-554.31207,871.3186,-718.05957,-542.49933,442.96091,-409.07501,-849.01746,428.26547,-625.24982,-584.03937,63.93869,-442.3652,NA,NA,NA
50,0.49,-756.95715,1438.10291,-467.17816,-627.34131,1475.13391,-646.98889,-535.97217,1429.71838,-512.48578,-664.05646,1413.88306,-348.2063,-458.54694,1255.91333,-539.74701,-835.57886,1241.61194,-584.80591,-683.19757,1152.47388,-436.00845,-621.81958,1249.96326,-673.27039,-372.23874,939.14301,-562.54999,-901.57013,968.77179,-644.68768,-319.75723,753.61255,-447.47263,-969.21661,739.54291,-594.96625,-598.35266,873.45496,-371.98608,-778.31726,867.41644,-462.86951,-556.18579,872.21442,-708.67578,-539.20819,440.51642,-406.48724,-857.47534,432.72382,-602.19427,-582.8963,63.38327,-443.38412,-362.69711,144.24078,-0.13488
51,0.5,-759.02454,1440.19226,-458.16141,-629.53876,1476.64893,-637.98254,-537.82025,1430.54175,-504.17822,-666.32886,1415.54871,-339.20859,-461.315,1257.72119,-529.08826,-838.05621,1242.5105,-577.0332,-686.5661,1153.03894,-427.69495,-623.68506,1251.40552,-664.67328,-372.59186,941.06781,-551.84741,-904.4472,969.29877,-635.84393,-322.19858,756.39453,-434.30103,-972.20691,740.68176,-585.05017,-599.59961,874.77777,-363.21362,-779.14423,867.73199,-452.53519,-558.159,873.6098,-699.31372,-537.89209,438.82562,-405.12817,-864.76709,436.07388,-580.81195,-583.23334,63.71091,-444.20856,NA,NA,NA
52,0.51,-759.93823,1441.58472,-448.74493,-631.88605,1478.24182,-628.72559,-539.52484,1431.43396,-495.17297,-666.89197,1416.56873,-329.53711,-463.17908,1259.49194,-520.92645,-839.98352,1243.1604,-569.49261,-689.1839,1154.56677,-419.61935,-625.61981,1252.64758,-656.17737,-374.10568,943.04962,-539.69458,-907.33691,970.52887,-627.95013,-324.38477,759.36713,-421.48465,-975.68677,741.65509,-575.04187,-600.64215,876.25031,-351.93405,-781.56488,869.58826,-443.11948,-559.73206,874.83008,-690.00055,-535.00311,437.01102,-402.64603,-872.1524,439.85144,-559.96326,-582.48926,63.84903,-444.70172,-364.01212,146.06157,-0.23177
53,0.52,-761.73798,1443.11157,-438.97958,-634.1582,1479.89453,-619.86615,-541.5401,1432.52454,-486.04919,-667.71808,1417.32825,-320.46432,-465.80417,1261.48853,-511.41321,-842.26752,1243.5813,-561.36871,-692.62451,1155.63416,-411.38208,-627.63733,1253.67493,-646.39001,-375.23071,945.22113,-528.49316,-909.19073,971.02289,-619.56238,-326.51791,761.81128,-408.54535,-977.30884,742.79926,-565.49927,-600.74988,877.94757,-342.57639,-783.61963,870.54065,-433.15784,-561.86438,876.24329,-680.9942,-531.56726,437.29297,-399.87555,-878.68317,444.10449,-538.09912,-582.30237,63.91145,-445.2431,-364.01212,146.06157,-0.23177
54,0.53,-763.89294,1444.65027,-429.58426,-636.68854,1481.13965,-610.75549,-543.46356,1434.22339,-478.43524,-670.06329,1419.67834,-311.57019,-467.61362,1263.42761,-503.11096,-844.63702,1244.80298,-553.86316,-694.00507,1156.23853,-400.78433,-629.58264,1255.07898,-637.8299,-375.996,946.68665,-518.14984,-911.0885,971.7392,-611.96747,-328.92178,764.349,-395.3006,-980.17932,743.57245,-554.88019,-602.02148,879.78668,-332.71985,-784.04358,871.41589,-422.52136,-564.53613,877.73541,-672.01898,-530.75122,435.57889,-399.66098,-884.03503,449.59979,-516.70673,-582.01758,64.59332,-445.79935,NA,NA,NA
55,0.54,-765.76044,1445.70581,-420.42065,-639.15454,1482.49158,-601.84729,-544.7243,1435.72803,-469.60635,NA,NA,NA,-469.69409,1264.96948,-495.08078,-846.92371,1245.86182,-546.34521,NA,NA,NA,-631.80762,1255.97046,-629.40704,-376.91486,948.97925,-508.8497,-912.65863,972.30432,-604.80243,-330.54401,767.52869,-383.57767,-982.68073,744.75842,-545.92621,-601.94293,881.02032,-324.74319,-785.90094,872.27612,-412.99756,-566.91571,879.07941,-664.49469,-529.10425,435.93018,-396.89395,-888.73547,455.21783,-496.35754,-582.15405,65.35034,-447.45538,NA,NA,NA
56,0.55,-767.11536,1446.86572,-411.39169,-641.57745,1483.81287,-593.44257,-547.67847,1436.11169,-461.03983,-672.40265,1421.61646,-293.49786,-472.12439,1266.69983,-485.86914,-848.61292,1246.54517,-538.06982,NA,NA,NA,-633.82178,1257.12598,-620.86407,-378.98114,950.6391,-497.85458,-913.72778,973.06219,-597.26642,-332.36935,769.98779,-370.80679,-984.91608,746.40051,-536.82202,-603.18048,883.97791,-315.53448,-787.58356,874.3252,-402.50189,-569.74139,880.17834,-655.50452,-527.78387,435.57498,-395.46701,-892.9422,460.50427,-476.09207,-581.71167,65.90812,-448.2887,-715.34229,-131.37434,-208.77594
57,0.56,-768.80255,1447.52209,-401.86081,-644.02716,1485.02136,-584.71899,-550.02704,1438.06628,-452.91547,NA,NA,NA,-474.33408,1268.23206,-476.98132,-850.53076,1247.01672,-529.38599,NA,NA,NA,-636.01923,1257.95105,-611.24664,-380.25912,952.09424,-488.07959,-914.91046,974.30133,-590.43835,-334.6669,772.47162,-358.87579,-986.60419,746.93713,-527.12219,-603.40881,885.70483,-307.11652,-787.66418,874.9433,-392.58029,-572.50299,881.43152,-647.4809,-526.40082,435.84705,-394.10895,-895.91846,465.93222,-457.21719,-580.76514,66.78247,-450.37088,-725.84967,-132.17749,-193.7455
58,0.57,-770.62799,1448.53394,-392.39893,-646.62817,1485.86658,-575.89044,-551.43439,1439.28882,-444.33942,-674.75299,1423.93787,-275.16608,-475.81927,1269.72424,-468.40765,-852.69305,1248.12122,-521.41241,-702.15485,1162.40454,-367.25018,-637.88763,1259.32654,-602.96198,-381.28607,954.02972,-478.68985,-915.49298,974.72949,-583.2168,-335.89578,775.19617,-346.75595,-988.45551,747.87128,-517.18848,-603.94543,887.96527,-299.46985,-788.62128,876.50415,-381.996,-575.78986,881.89496,-639.12903,-526.55255,436.25766,-391.2352,-897.61212,470.62424,-439.69824,-579.82782,67.73141,-452.08847,-703.5412,178.43967,-678.33075
59,0.58,-772.94617,1450.14661,-383.91541,-649.11444,1486.57373,-566.84167,-552.9765,1440.28137,-435.50128,-677.56946,1425.03442,-267.21912,-477.75293,1270.9375,-460.39493,-854.27405,1248.84204,-512.35333,-702.64716,1163.65466,-358.68625,-639.34857,1259.14221,-593.95819,-382.28271,955.20709,-469.61755,-916.12726,975.21576,-575.46216,-338.11267,777.19092,-335.53915,-989.96021,748.85022,-508.35471,-604.22424,889.28955,-291.81302,-789.91443,877.9519,-372.44901,-578.90967,882.30402,-631.1203,-526.12018,435.73047,-389.05469,-898.74048,475.33557,-422.39566,-579.73688,67.92,-452.26031,-364.01212,146.06157,-0.23177
60,0.59,-699.10333,1409.59509,-335.54684,-651.49695,1487.38416,-558.06311,-555.42285,1441.29871,-426.87411,NA,NA,NA,-479.54364,1271.97424,-452.42371,-855.8512,1249.45801,-503.27335,-705.35059,1165.40845,-347.44339,-641.60919,1260.28113,-585.36261,-383.78674,956.09509,-458.785,-916.71765,975.91321,-568.44684,-339.21552,779.91479,-323.61993,-990.28009,749.15375,-498.73154,-603.92688,889.46027,-285.95184,-790.73071,879.14807,-361.60928,-582.66144,883.09991,-623.38788,-525.21411,435.61823,-387.6174,-899.47174,478.99771,-405.2005,-579.84839,68.25188,-452.91849,-725.82489,158.69502,-627.57416
61,0.6,-681.94293,1424.72522,-254.64066,-653.96759,1488.05994,-549.6994,-557.47156,1441.74585,-418.72192,-776.14502,1450.47278,-364.89066,-481.00058,1272.73315,-443.6947,-857.69592,1250.33459,-494.40137,-705.60345,1165.52478,-341.46411,-643.65576,1260.84399,-575.71429,-385.06308,957.60663,-448.59293,-918.19257,977.40302,-561.74988,-341.00763,780.9787,-311.69177,-992.95172,750.3996,-490.38977,-604.56049,891.00433,-279.04453,-791.9942,881.09271,-352.0675,-586.39911,883.41077,-614.84564,-524.53064,435.15228,-386.14362,-899.78918,482.92459,-389.08081,-579.94788,67.91788,-452.63712,-362.69711,144.24078,-0.13488
62,0.61,-682.96429,1425.11121,-247.5631,-656.28766,1488.15442,-540.32654,-559.19635,1443.25281,-410.35294,-778.23615,1450.63037,-355.91714,-483.14557,1273.42749,-435.29938,-859.12823,1250.26648,-484.18848,-706.5119,1165.73694,-332.28033,-645.87988,1261.56885,-567.56268,-386.2659,958.00897,-438.38864,-919.04791,978.21362,-554.24957,-341.96753,783.20477,-301.31549,-993.67743,750.76617,-480.85553,-605.26239,890.87158,-273.7085,-791.58972,881.20581,-342.14865,-589.81671,884.37659,-608.90698,-523.83002,433.95706,-383.6304,-899.18976,485.47385,-372.87091,-579.96729,67.93741,-452.61703,-749.00226,137.16743,-576.32153
63,0.62,-684.41986,1426.5874,-237.21655,-658.61072,1488.55652,-531.58667,-560.84961,1443.38269,-400.70435,-780.16931,1450.87744,-346.37112,-484.0907,1273.48877,-426.6535,-860.30646,1251.07483,-475.38031,-706.44122,1167.02283,-321.13089,-647.57874,1261.72778,-558.19598,-387.16061,958.43384,-429.53699,-920.67938,978.68738,-545.27545,-343.68634,783.60797,-290.07162,-995.16864,751.65698,-471.7933,-604.34076,891.27155,-264.99112,-792.50757,882.16504,-331.91272,-594.98279,883.9101,-599.72107,-523.96356,433.34195,-382.59399,-898.88599,488.39011,-358.2059,-580.01917,68.47272,-453.02609,-761.49567,125.49722,-550.12769
64,0.63,-685.82941,1425.88062,-227.92987,-660.76184,1488.80701,-522.80957,-563.43976,1444.00659,-392.53595,-781.20532,1450.84961,-337.10687,-485.70972,1273.97253,-418.72247,-862.54138,1251.01221,-466.83707,NA,NA,NA,-649.23718,1262.17737,-549.11945,-388.62057,958.57709,-419.22791,-921.72217,978.9798,-536.26752,-345.263,785.349,-278.23853,-995.97906,751.28149,-462.60159,-603.78308,892.05609,-258.08704,-793.08972,882.27051,-321.56946,-599.63306,884.18292,-592.25439,-525.33594,432.72116,-379.21921,-898.23938,490.5925,-342.89597,-580.04016,68.54905,-452.96335,-364.01212,146.06157,-0.23177
65,0.64,-686.85211,1427.19751,-220.49872,-662.54718,1488.06335,-513.86334,-564.35785,1444.81982,-383.99866,-783.06293,1450.86841,-327.97202,-487.24139,1273.40259,-409.37039,-863.73743,1251.58472,-455.80392,-709.10022,1166.04163,-303.8714,-651.13727,1262.59583,-540.82562,-389.54498,958.39856,-409.48495,-923.50018,979.86176,-527.37421,-346.12973,786.14734,-268.45865,-997.40515,751.44891,-453.04871,-604.14618,891.66809,-251.87917,-794.49805,883.4472,-312.43686,-603.04382,884.08234,-585.30841,-524.98199,433.07095,-375.2114,-897.59686,491.36096,-328.09171,-580.24969,68.7628,-452.81857,-380.03549,136.77846,9.56842
66,0.65,-687.19763,1429.22974,-203.90036,-664.52173,1487.66455,-504.27982,-566.50983,1444.48279,-374.5618,-785.2569,1451.10205,-318.92929,-488.47916,1273.12366,-400.63666,-864.78076,1250.74292,-445.31339,-709.78259,1166.4696,-295.08722,-653.0567,1262.50037,-531.05554,-390.57791,958.59088,-400.40057,-925.57898,979.8476,-517.8111,-348.22623,786.32397,-258.51163,-999.2326,751.96515,-444.82877,-603.61389,891.78442,-245.72815,-794.24677,882.70483,-301.84125,-607.06433,883.96704,-577.32861,-525.20782,432.6561,-372.08768,-897.08276,492.76062,-313.81265,-580.47583,69.34138,-453.18851,-379.79459,137.14847,9.34142
67,0.66,-688.68829,1429.66833,-195.10478,-666.75226,1488.04712,-495.76782,-568.14716,1444.91663,-365.93927,-786.4118,1450.427,-309.50034,-490.02249,1272.74451,-392.71838,-866.39105,1250.77869,-434.85852,-710.82672,1165.98218,-283.59976,-654.75446,1262.22266,-521.1142,-391.68442,958.54291,-392.40176,-926.97772,979.82483,-507.56534,-348.66556,787.31525,-247.45343,-1001.31671,752.40698,-435.79407,-603.19141,891.97882,-237.10464,-794.81409,882.47913,-291.48788,-612.59637,883.75397,-568.46924,-526.77222,431.04608,-369.49802,-895.87311,492.89792,-299.25992,-580.7937,69.54361,-453.15576,-379.58163,137.65851,9.07764
68,0.67,-689.14722,1429.14282,-185.26346,-668.53253,1487.59375,-486.66058,-569.33234,1444.59351,-356.40198,-787.55463,1449.57788,-299.61542,-491.11252,1272.02197,-383.6608,-867.94873,1250.76831,-424.77432,NA,NA,NA,-656.87347,1262.25427,-512.79254,-392.48001,957.62152,-381.66675,-928.78387,979.495,-496.19504,-350.47388,786.92004,-237.05629,-1002.58423,751.4729,-425.75085,-602.66913,891.48151,-227.91626,-795.51898,881.25513,-280.84616,-617.18091,883.29773,-559.98767,-528.33051,430.37711,-365.21362,-895.25092,492.7384,-285.27014,-580.76691,69.40399,-452.95251,-380.19879,137.00786,9.55641
69,0.68,-691.35498,1429.198,-176.20969,-669.91327,1486.36804,-477.32593,-570.66309,1444.43005,-346.58261,-789.35577,1449.61035,-290.62344,-492.78922,1271.55054,-375.34021,-869.62488,1249.97205,-414.50943,NA,NA,NA,-658.67291,1261.79602,-503.4978,-394.57544,956.71295,-372.27432,-931.02783,979.15082,-485.71231,-351.38367,786.91559,-227.14845,-1004.14838,751.36664,-416.40546,-603.06921,889.29114,-221.54242,-796.87372,880.88611,-270.84396,-621.51831,882.56592,-552.36603,-529.29584,430.57712,-362.01352,-894.37384,492.49799,-273.06406,-581.00793,70.25576,-453.34879,-379.58163,137.65851,9.07764
70,0.69,-691.927,1428.44543,-166.47517,-671.73944,1485.677,-467.94849,-572.57013,1443.44397,-338.81882,-790.52203,1448.48779,-281.07242,-493.74225,1270.53699,-366.34183,-870.78632,1249.52612,-404.26974,-713.54736,1164.09802,-254.53781,-660.84442,1261.54919,-494.14365,-395.03589,956.20386,-363.33035,-933.42041,978.83362,-475.17493,-352.80957,786.44092,-217.92313,-1006.40485,751.23962,-407.75122,-603.85614,888.68976,-214.44884,-797.05334,879.16687,-260.32306,-625.21057,883.3194,-545.93396,-530.87994,429.66605,-359.02414,-892.61517,491.0307,-260.78003,-581.20276,70.40379,-453.30728,-380.03549,136.77846,9.56842
71,0.7,-692.65442,1428.13196,-157.01407,-673.40729,1484.76917,-458.38803,-573.5589,1443.41113,-329.94794,-791.573,1447.86707,-271.34717,-495.56491,1269.2345,-357.24747,-872.54413,1248.89368,-393.75027,-714.33228,1162.8136,-245.97984,-662.68463,1260.84265,-484.47919,-396.29355,954.93921,-355.21216,-936.10577,979.05981,-465.84241,-354.35138,785.53699,-208.58278,-1008.39471,750.88489,-398.49158,-603.51868,887.31097,-206.21724,-797.60046,877.85699,-249.81062,-630.89636,882.13965,-535.93781,-531.62598,429.26556,-354.72623,-891.4375,489.95483,-249.46629,-581.69208,70.9094,-453.02005,-379.58163,137.65851,9.07764
72,0.71,-694.18787,1427.69739,-147.79337,-675.50122,1483.6012,-449.40552,-575.49402,1442.06799,-319.7659,-793.1134,1447.30481,-262.11935,-496.24625,1268.56873,-350.00366,-874.20233,1247.94324,-383.25751,-714.94336,1161.20459,-234.80545,-665.08649,1260.28638,-475.19705,-398.17072,953.50928,-346.59869,-937.94,978.54425,-454.6785,-355.5499,784.80109,-199.37296,-1010.2002,750.15509,-388.86917,-604.15631,886.03046,-197.73979,-799.4361,876.98132,-239.50134,-635.34729,881.52228,-527.51251,-535.0683,428.03958,-350.90359,-890.08698,487.8512,-238.52077,-582.06897,71.49768,-452.9101,-380.30191,137.86261,9.3041
73,0.72,-694.17749,1426.57068,-137.73456,-677.10046,1482.48047,-440.19101,-576.35266,1440.85974,-311.30161,-794.20526,1446.04797,-251.34459,-498.26318,1266.6947,-340.62827,-875.58936,1246.60522,-371.87143,-715.81616,1162.10913,-222.42987,-666.97839,1259.28076,-465.77405,-399.3219,952.10638,-337.14429,-939.72028,977.15607,-443.89542,-356.71649,783.40015,-191.29051,-1013.04419,749.80554,-379.20532,-604.89111,884.1524,-188.90555,-799.74829,874.79376,-228.20341,-639.69305,880.26379,-517.93195,-535.39178,427.94897,-347.02795,-889.01184,485.61014,-227.71268,-582.02838,72.05405,-453.22217,NA,NA,NA
74,0.73,-697.39777,1423.28369,-133.16595,-678.73059,1480.98047,-430.76584,-577.82178,1440.32813,-301.78595,-795.75781,1445.28345,-242.94646,-499.2327,1265.13367,-332.75842,-877.24884,1245.84082,-360.86115,-716.47644,1157.97266,-216.03694,-669.45673,1258.13647,-455.73282,-401.14551,950.30499,-328.81146,-942.6217,977.10736,-435.12573,-358.39233,782.33624,-182.5506,-1015.04803,749.27466,-370.22452,-605.01593,883.21265,-179.43796,-801.53601,873.44202,-217.40674,-644.3894,879.43518,-509.55154,-537.41211,426.72522,-341.83163,-888.49951,483.89429,-217.84444,-582.33893,72.34493,-452.75525,NA,NA,NA
75,0.74,-696.52704,1424.89246,-118.50649,-680.32483,1479.75549,-421.0285,-579.40314,1438.20569,-292.85327,-799.02045,1444.32031,-234.14943,-501.21164,1263.96692,-323.74661,-879.20135,1244.70032,-349.99139,-717.02185,1156.91394,-209.10168,-671.56512,1256.89404,-446.37115,-402.60962,948.99615,-321.39127,-944.32159,975.66919,-424.86349,-359.07553,780.41534,-174.09399,-1017.09155,748.37134,-360.72269,-605.85693,880.5321,-172.58788,-801.9129,871.57745,-205.79062,-649.06781,878.97876,-500.59406,-538.48993,425.83936,-338.08728,-888.16644,482.21924,-207.26443,-582.42609,72.61965,-452.60767,NA,NA,NA
76,0.75,-698.57068,1419.94775,-115.83688,-682.25366,1478.58704,-411.10855,-580.47778,1436.9259,-283.85645,-798.26953,1442.89734,-222.64772,-502.12613,1262.36475,-315.68671,-881.05347,1243.73022,-339.53525,-716.46753,1156.50745,-197.40573,-674.2207,1255.76147,-437.10422,-405.18683,946.32025,-312.70218,-946.53058,974.84125,-414.25937,-360.82977,778.76422,-166.50226,-1019.97693,747.57574,-352.13895,-606.54553,878.573,-164.84076,-803.26569,870.21222,-194.57123,-653.5144,877.40753,-491.7356,-541.19135,424.58295,-333.55011,-888.73541,480.90857,-196.6628,-582.41431,73.13918,-452.41119,NA,NA,NA
77,0.76,-699.27502,1418.78467,-104.72804,-684.19397,1476.54724,-400.97794,-582.23053,1435.20117,-273.26657,-799.14423,1441.35693,-212.36313,-503.67212,1260.63672,-307.57642,-882.39954,1242.1958,-327.78702,-716.67505,1155.27271,-187.16327,-676.46869,1254.21399,-427.2673,-406.73663,944.40686,-304.52039,-948.72296,973.53186,-403.07059,-361.83298,776.31665,-158.91679,-1022.06128,746.38245,-342.16232,-607.00305,876.9953,-155.49548,-805.39063,869.23785,-183.52007,-658.30719,876.1322,-482.4765,-542.62317,423.88266,-328.95908,-890.68921,479.50797,-186.13342,-582.55768,74.145,-452.67896,NA,NA,NA
78,0.77,-699.70349,1417.78027,-95.46999,-686.0238,1475.28149,-391.52014,-583.19043,1433.96399,-264.22687,-800.29663,1439.65735,-201.9305,-505.35275,1257.80725,-298.26218,-884.31354,1240.79163,-316.35388,-717.30963,1154.20325,-177.06181,-678.86334,1252.2821,-417.68222,-409.03595,942.24677,-297.15253,-951.37708,972.85938,-393.48108,-363.70963,773.83618,-151.45793,-1025.04089,745.14752,-332.93695,-607.67755,875.32446,-147.84586,-806.2854,867.25299,-172.28192,-662.7392,873.9657,-472.85434,-541.52679,423.168,-324.67334,-892.63788,478.25302,-175.18829,-582.38062,74.93278,-452.31964,NA,NA,NA
79,0.78,-698.79443,1418.5686,-78.6848,-687.73474,1472.97571,-381.64188,-584.54907,1432.00867,-255.34636,-801.4184,1437.99695,-191.71739,-506.77042,1256.34436,-289.81757,-886.04877,1239.59729,-305.23291,-717.72406,1152.49731,-166.87556,-681.20428,1250.37756,-407.31107,-411.83786,940.66589,-289.09433,-953.76709,971.56067,-381.87717,-364.68491,771.50073,-144.81638,-1027.67969,744.03729,-323.69937,-607.69751,873.97809,-137.57057,-807.51471,866.10199,-159.8696,-667.3584,872.04095,-463.10684,-542.2854,422.6019,-320.38239,-894.44916,477.16354,-164.76775,-582.3609,75.66268,-451.52615,-850.73834,141.06592,33.12775
80,0.79,-699.71313,1416.2135,-68.2168,-689.883,1471.3241,-372.25528,-586.00476,1429.51953,-246.47565,-802.73859,1436.13818,-181.27917,-508.1749,1254.53137,-282.05508,-887.90692,1237.93982,-294.22229,NA,NA,NA,-683.76489,1248.29944,-397.63251,-413.73273,937.88281,-280.7569,-956.03925,970.18677,-370.18542,-365.91809,769.10522,-137.65056,-1030.61646,742.63696,-314.15451,-609.03809,872.25372,-130.86398,-808.57367,865.14929,-146.37773,-671.93616,869.83118,-453.40176,-542.98907,421.7186,-315.91064,-895.47198,475.2207,-153.44005,-582.7077,76.38083,-451.22049,NA,NA,NA
81,0.8,-700.31299,1415.0509,-58.73762,-692.5155,1469.76196,-363.02292,-587.51892,1428.17236,-236.5704,-803.55505,1434.27942,-171.7558,-510.1387,1252.32092,-273.09567,-889.93732,1236.20703,-282.21274,NA,NA,NA,-686.75763,1246.53564,-388.30789,-416.79834,935.99164,-273.27191,-958.14203,968.37024,-358.25598,-366.79791,766.63281,-131.90128,-1033.42517,741.15192,-304.44284,-609.66815,869.61249,-122.13963,-810.55865,863.36902,-134.8027,-676.58527,868.02472,-444.80139,-545.22668,420.39139,-311.44501,-898.30316,472.72241,-142.56767,-582.85803,77.52708,-451.13412,NA,NA,NA
82,0.81,-702.23926,1409.54785,-56.76931,-694.19031,1467.96094,-352.10349,-589.06543,1425.77148,-227.27646,-805.03406,1432.47375,-160.78436,-511.9122,1249.90112,-265.07727,-892.06897,1234.58459,-270.77271,-722.01624,1146.90442,-134.48029,-689.26837,1244.19861,-377.79807,-419.6825,933.6261,-266.75381,-961.03925,966.96466,-347.58954,-368.10129,763.46918,-124.90208,-1036.25159,739.34033,-294.41367,-609.27838,869.22003,-111.78949,-811.49445,862.12708,-123.03444,-680.61639,865.23724,-434.59262,-545.9834,420.75403,-305.77286,-900.95441,470.40613,-129.35405,-582.89667,78.60904,-451.06171,-844.65063,146.33632,82.95847
83,0.82,-702.91626,1407.80103,-47.71001,-696.22321,1465.97375,-342.32114,-590.48871,1423.93921,-218.13188,-807.42206,1430.55688,-150.86046,-513.15131,1248.13452,-258.35974,-893.90631,1232.98462,-259.05942,-722.61572,1144.62671,-124.02064,-692.25549,1242.44226,-368.2229,-422.72592,930.53705,-260.2175,-963.56604,965.37616,-336.0549,-369.00449,760.68518,-118.89603,-1039.04346,738.1485,-285.2388,-609.95428,867.76196,-101.17488,-811.74426,860.10461,-110.89034,-685.59296,862.80249,-424.73462,-547.65784,419.44193,-300.21298,-901.13849,468.66382,-116.77087,-583.19586,80.10418,-449.66824,-840.25195,144.2063,94.21534
84,0.83,-701.96216,1408.75061,-28.48097,-698.37537,1464.59058,-331.78979,-592.18182,1421.93713,-208.34241,-807.28442,1428.85376,-139.17693,-515.56573,1245.99817,-249.12665,-895.96881,1231.18005,-247.90611,-722.42834,1144.27673,-111.86594,-695.12463,1240.07141,-358.28098,-425.33591,927.90643,-251.95856,-966.24054,963.60016,-323.84625,-370.40186,757.76196,-113.30927,-1041.92688,736.05573,-274.53741,-610.90259,867.02405,-92.01163,-813.00842,858.65625,-100.10336,-689.70819,860.60236,-414.742,-549.70074,418.42673,-293.53815,-901.85382,468.82648,-101.67471,-583.55994,81.58589,-449.1409,-838.66815,139.03,104.13833
85,0.84,-702.11407,1406.54382,-17.64124,-700.75873,1462.60852,-321.85172,-593.71387,1419.72925,-198.45667,-808.45154,1426.84705,-128.46217,-517.49371,1243.50159,-240.94458,-898.1936,1229.38403,-235.59596,-723.59546,1142.6991,-104.31995,-698.49469,1238.38916,-348.53195,-428.95767,925.51343,-244.28076,-968.64984,961.64478,-311.25983,-371.548,754.89648,-108.16016,-1045.44543,734.46808,-264.13461,-610.94,864.51648,-82.54827,-813.64703,857.23468,-87.35518,-693.80707,858.27771,-403.64581,-552.35284,417.59409,-287.02902,-902.19885,468.8848,-86.44025,-583.5719,82.65273,-447.91068,NA,NA,NA
86,0.85,-702.81812,1404.45081,-8.98294,-702.81281,1461.39673,-311.1636,-595.46277,1418.44031,-188.991,-811.21686,1425.02808,-118.6821,-519.3562,1241.66577,-232.0807,-900.51636,1228.07202,-224.1293,-725.18689,1140.35413,-93.88448,-701.60132,1236.39539,-338.0347,-432.93671,922.40308,-236.46304,-971.86731,960.15417,-300.24762,-372.66873,751.88318,-103.69054,-1048.09534,732.35931,-254.81644,-611.87323,862.49695,-71.88255,-813.71271,855.65485,-75.44704,-696.90619,856.10187,-393.34128,-555.31458,416.4808,-280.4173,-903.57916,469.32596,-61.22049,-584.59253,85.54036,-447.26193,NA,NA,NA
87,0.86,-703.46124,1401.99182,2.50509,-705.20764,1460.25403,-301.40622,-597.08356,1415.93555,-179.63776,-810.98132,1423.0896,-106.24556,-521.99261,1239.5824,-223.77678,-902.79559,1226.42822,-211.96588,-723.40167,1141.50659,-75.25048,-704.75818,1234.18018,-327.42383,-436.05994,920.36127,-229.81615,-974.98065,958.3053,-287.3497,-374.20303,749.30005,-99.18565,-1051.59875,731.73053,-244.90306,-612.17407,860.5401,-62.7257,-813.75165,854.05823,-64.44458,-701.26599,853.8858,-382.27313,-557.55994,415.82208,-273.09213,-901.83893,466.17905,-55.79659,-584.43616,87.234,-446.05484,-831.15967,122.65397,123.52447
88,0.87,-704.32733,1399.91211,12.84717,-707.36029,1458.76917,-290.66595,-599.13965,1414.37964,-169.75868,-812.56787,1421.7113,-95.65603,-524.04126,1238.3241,-215.07483,-905.39935,1224.72083,-199.63644,-726.41632,1139.05884,-68.39932,-707.83197,1232.36206,-317.49005,-439.78033,918.52045,-222.46805,-977.79883,956.78131,-274.10391,-375.02826,746.56342,-95.29669,-1054.255,729.1308,-233.07132,-613.47925,860.07159,-52.16605,-814.62933,852.87714,-51.69421,-704.77979,852.06714,-370.60703,-559.82361,414.87207,-264.23349,-901.57678,464.67648,-38.99543,-584.78632,89.60326,-444.47177,NA,NA,NA
89,0.88,-707.22577,1394.79065,16.04041,-710.06073,1457.58423,-279.71854,-600.13483,1412.151,-160.53931,-813.83051,1419.9812,-85.17381,-526.78845,1236.11365,-205.6458,-907.79352,1223.55334,-187.93257,-727.62201,1137.42151,-61.09325,-711.82709,1231.03906,-307.72083,-443.57953,916.12372,-216.03383,-982.00732,956.10889,-261.47104,-376.04071,743.91083,-90.8714,-1056.81055,728.07837,-220.02159,-613.44769,858.69891,-40.66252,-814.74878,851.96667,-40.38966,-708.44067,850.05359,-358.07928,-562.90704,412.89563,-255.8437,-900.00879,461.45541,-25.06434,-585.75256,92.33315,-442.26904,NA,NA,NA
90,0.89,-708.1424,1392.77148,26.1755,-712.23627,1456.70313,-269.3804,-602.54517,1410.46045,-149.09148,-815.29779,1418.63208,-73.74882,-528.9292,1234.54663,-197.10268,-910.13477,1222.28796,-175.84717,-729.82312,1137.00623,-47.61437,-714.9259,1228.57935,-297.24844,-446.71036,915.02063,-208.56992,-985.11273,954.21643,-248.48332,-377.39166,741.49487,-87.75559,-1060.72729,727.32849,-210.49609,-614.68555,857.40369,-28.22297,-815.29742,851.53387,-28.38698,-711.36023,848.11963,-346.29346,-565.51166,412.14258,-245.97687,-900.00848,458.52942,-10.39988,-585.65173,96.05164,-440.1915,-825.73425,108.53365,143.19002
91,0.9,-708.888,1390.70483,35.27272,-714.4801,1455.39136,-258.10468,-604.05951,1409.05969,-140.01413,-816.92114,1417.37756,-63.18153,-531.62665,1232.87231,-188.99861,-912.69531,1221.14929,-163.17572,-730.08984,1136.50122,-37.30198,-718.39459,1226.60071,-286.15341,-449.97055,913.77557,-203.63045,-987.65546,952.51691,-233.89558,-378.42987,739.13971,-84.47773,-1063.18762,726.58295,-198.78027,-615.42804,856.8056,-19.09588,-815.61371,851.14276,-14.62029,-715.55737,845.68475,-333.69489,-567.07159,410.89188,-236.71208,-898.44153,457.08496,5.36137,-585.06476,98.87642,-436.66922,NA,NA,NA
92,0.91,-706.99506,1392.67273,55.12709,-716.85565,1455.06067,-247.99844,-606.06647,1407.8407,-130.50821,-818.40613,1416.58411,-51.77835,-534.37909,1232.46143,-180.66919,-914.94714,1220.06091,-150.97948,-730.55298,1136.60608,-25.02034,-722.00165,1225.06152,-275.24338,-452.89084,912.38721,-196.57854,-990.75146,951.30493,-218.79134,-379.68036,736.86029,-80.91933,-1066.13525,725.53229,-185.63177,-616.74915,855.94293,-7.13853,-815.43842,850.44556,-2.44335,-719.40454,843.61224,-320.86694,-569.50909,409.79404,-226.56656,-897.91864,454.6868,16.64978,-585.94196,102.83808,-433.836,-999.29449,-157.38794,-336.54977
93,0.92,-709.84595,1387.15015,56.62093,-719.44006,1454.4126,-237.2614,-607.30847,1406.80652,-120.89804,-819.98462,1415.83398,-40.93189,-537.16559,1231.25916,-171.58109,-917.42743,1219.33704,-138.41917,-732.40369,1136.32104,-14.02848,-725.81219,1223.50317,-264.26492,-456.45853,911.64117,-191.38431,-993.42291,950.45673,-204.19962,-380.39993,735.6886,-77.49705,-1069.20776,724.43237,-172.35036,-615.93274,856.87323,6.76637,-817.13397,850.1853,11.17602,-723.3786,842.32776,-308.04861,-570.5705,409.08771,-214.56404,-897.88007,453.77621,30.68984,-586.60571,106.65545,-428.65887,NA,NA,NA
94,0.93,-710.08075,1386.34863,69.07007,-722.07916,1454.6394,-226.30264,-609.40656,1405.77148,-110.56576,-820.04059,1414.92639,-28.15135,-539.72076,1230.3728,-163.16513,-919.90039,1218.61072,-124.8578,-734.26447,1137.18555,-2.62191,-729.41235,1222.26709,-254.16756,-460.37607,911.45154,-186.44698,-996.88214,949.40149,-189.84508,-381.06204,734.29541,-75.49738,-1072.56665,724.73663,-158.22823,-617.87775,855.40735,17.03431,-817.36963,850.94171,25.10893,-726.85815,840.98743,-295.4155,-572.20013,408.03394,-203.37971,-898.39709,452.61801,42.71134,-586.83234,111.83752,-424.29266,NA,NA,NA
95,0.94,-709.27954,1385.58142,78.25866,-724.96558,1455.16077,-215.23409,-610.94031,1405.87976,-100.82391,-821.25214,1415.1554,-17.22526,-542.69427,1230.6322,-155.03297,-921.89874,1218.05579,-111.29496,-733.25049,1136.84558,7.00808,-733.74463,1222.3407,-243.2802,-463.96677,910.94238,-180.45377,-999.25238,948.15576,-174.40675,-381.94382,733.74371,-72.19994,-1074.96545,723.99426,-144.6445,-618.56958,855.48535,29.16282,-818.21539,850.74933,39.27512,-731.12854,840.03473,-282.73865,-573.50885,406.96155,-189.90002,-898.83081,453.97058,57.7325,-586.94574,117.47791,-418.75427,NA,NA,NA
96,0.95,-709.52063,1385.24683,87.40432,-727.50891,1455.41284,-203.56511,-612.56787,1406.00879,-92.4672,-821.78711,1416.04602,-5.45078,-544.98383,1231.00183,-146.96111,-923.88629,1218.02771,-97.46272,-734.59906,1138.20935,21.10695,-737.36505,1222.15674,-231.71935,-468.08768,911.35181,-175.80566,-1001.92444,948.26575,-159.28783,-383.16705,733.37952,-69.81364,-1077.71313,724.60583,-127.79095,-619.76337,855.71832,41.13923,-818.6684,851.66766,52.16659,-734.69434,839.56976,-270.87054,-574.89703,404.78601,-175.38319,-899.83179,454.00092,67.82977,-587.99091,123.85957,-410.55411,NA,NA,NA
97,0.96,-707.17236,1387.5874,107.65616,-729.86951,1456.37891,-192.52838,-614.06732,1405.67468,-81.11122,-823.32343,1417.30151,6.89334,-547.3382,1231.65698,-138.36145,-925.94525,1218.4126,-83.96777,-734.70386,1139.62927,32.11018,-741.13208,1223.30225,-220.58897,-470.99918,911.90381,-170.77808,-1003.96875,948.21332,-144.3378,-384.08038,733.74561,-68.49268,-1079.48987,724.31146,-111.82825,-620.15686,856.41559,51.8169,-819.362,852.57355,66.82352,-738.17102,839.97076,-258.58664,-575.24225,402.88779,-160.11961,-900.61279,455.74274,79.021,-589.20215,130.69589,-401.51212,NA,NA,NA
98,0.97,-708.00793,1387.23096,111.55994,-732.55444,1458.1084,-181.18442,-615.25873,1406.89587,-70.17223,-824.15509,1418.46997,18.29408,-549.55682,1232.84497,-130.28117,-927.48517,1219.21875,-69.75356,-734.60742,1140.30505,44.05013,-744.39612,1224.11194,-209.22754,-475.26703,912.93121,-165.22722,-1005.5755,948.55017,-128.22285,-384.91461,734.22693,-65.56609,-1081.60681,725.59265,-95.17194,-621.39734,857.22668,63.3337,-820.03699,853.95197,80.40814,-741.34198,840.56366,-248.03647,-575.56158,400.9679,-141.63661,-900.30298,457.46973,91.99194,-590.88574,137.43126,-391.11676,-650.50848,146.69633,-454.55161
99,0.98,-706.95538,1388.48267,122.72243,-734.65851,1458.95435,-169.98102,-616.71649,1408.59729,-60.39665,-822.47253,1419.09241,32.12904,-551.56427,1234.66003,-122.47585,-928.66449,1220.6095,-55.93037,-735.43176,1142.19141,54.26193,-747.70905,1225.87012,-198.36461,-479.10611,914.50098,-159.16348,-1007.5813,949.63562,-112.86876,-386.13196,735.42365,-63.67389,-1083.51099,726.95605,-78.77534,-622.31616,858.83307,73.51171,-820.75635,855.7879,93.38112,-743.88544,841.32758,-237.5388,-575.63635,399.11642,-122.73302,-900.92169,461.21552,103.75939,-593.49603,144.96408,-379.79211,NA,NA,NA
100,0.99,-704.72192,1390.69519,139.18454,-736.76459,1461.10352,-159.07069,-617.37109,1409.54199,-52.06801,-823.06995,1420.14929,43.70789,-553.61627,1236.78943,-114.43151,-929.44104,1222.1123,-41.75972,-733.20294,1142.67651,62.60783,-750.72748,1227.66443,-187.52472,-482.5513,916.29266,-154.10391,-1009.47729,950.6322,-97.7879,-387.62448,737.55768,-61.58665,-1084.92969,729.31494,-61.88758,-622.86865,860.49438,84.25545,-822.02386,858.21484,107.22782,-746.76007,843.33282,-227.89389,-575.04596,397.37051,-101.16063,-900.82446,463.01498,113.24855,-596.18738,154.28622,-367.38589,NA,NA,NA
101,1,-702.69049,1391.44836,150.09166,-738.64166,1463.32544,-147.66373,-618.35675,1411.34351,-42.07161,-821.28937,1421.22327,56.0302,-555.37518,1238.94287,-105.58068,-929.99103,1224.48303,-27.51304,-732.70856,1144.81641,73.28665,-753.68683,1229.62439,-176.54256,-485.62753,918.99316,-148.54564,-1011.10126,952.92749,-81.24149,-389.21927,739.28113,-59.2966,-1086.56079,730.64496,-42.74718,-623.95599,862.06726,92.99508,-822,860.89508,120.82508,-749.04541,844.54388,-217.89096,-572.91827,397.82953,-81.38489,-900.83337,466.58096,124.9797,-599.77197,163.65138,-352.91922,NA,NA,NA
102,1.01,-701.31189,1392.31152,160.66539,-740.95605,1465.03345,-136.6801,-618.33685,1413.07483,-32.95963,-821.26923,1423.04102,67.98349,-556.89484,1241.1532,-97.75621,-930.13745,1226.50769,-13.56097,-731.38647,1147.44006,86.60108,-756.61719,1231.74915,-165.66246,-487.93307,922.49695,-143.43245,-1012.70972,955.04352,-65.52949,-390.54257,741.17084,-57.76427,-1087.09839,733.40704,-25.58578,-623.78851,863.82532,102.95435,-822.65222,862.35217,128.30849,-750.81482,846.33307,-207.91661,-570.16595,398.56525,-58.85017,-900.90533,466.9823,134.18137,-603.20325,173.28377,-337.41708,-671.90088,191.39526,-378.90677
103,1.02,-699.6803,1393.82019,170.50688,-742.29626,1467.12915,-125.74092,-619.26068,1415.19226,-23.72241,-820.43115,1424.88245,80.01865,-558.26257,1243.58362,-89.41616,-930.07495,1229.11169,0.46085,-729.57379,1147.57471,93.60414,-758.82288,1233.97424,-154.84889,-490.25717,924.70721,-138.86696,-1014.66876,958.85217,-51.1346,-391.47705,743.41412,-55.44978,-1087.45264,735.26233,-6.05124,-623.78735,865.34424,112.1752,-823.72809,865.52887,141.79626,-752.50677,847.69257,-197.09883,-566.14532,400.56152,-39.72031,-901.33008,467.42548,143.18874,-607.06036,182.80038,-319.57971,NA,NA,NA
104,1.03,-696.83533,1395.12476,179.89119,-743.85541,1469.45532,-113.74678,-619.24585,1416.48926,-13.1929,-819.91687,1426.36157,91.63351,-559.38379,1246.08594,-82.63107,-929.50635,1231.62085,14.42871,-727.62439,1149.62378,105.32405,-760.99432,1236.03503,-144.00833,-491.72223,927.61951,-134.03256,-1016.05206,960.76843,-34.90829,-392.21115,745.67938,-53.19903,-1087.81543,737.64606,12.32321,-624.14752,867.07025,120.97197,-824.42828,868.2196,152.00125,-754.55176,849.6709,-187.85551,-562.9613,402.47351,-19.95126,-902.37115,466.94379,153.23161,-611.98718,191.94041,-300.61081,-705.56592,-111.22022,237.45686
105,1.04,-694.44128,1395.90198,190.87679,-744.83521,1471.52148,-103.05638,-619.17816,1419.20447,-3.38962,-817.25372,1427.5752,104.37909,-560.52979,1248.36804,-74.81152,-928.30334,1234.09705,27.76652,-724.70587,1152.08521,114.48836,-762.97705,1239.00293,-133.58586,-492.95483,930.11536,-128.51561,-1016.35553,963.33539,-17.97226,-392.60675,747.77557,-49.94404,-1087.64197,740.46423,34.04469,-622.9104,868.64313,128.54327,-823.77301,867.8172,155.12292,-756.90454,851.76489,-177.9937,-559.95856,405.51477,-2.79664,-902.10498,468.12686,163.12622,-616.59515,200.76572,-280.35648,-685.01965,225.70433,-315.77383
106,1.05,-692.89099,1396.61633,194.78072,-746.60455,1474.19153,-92.20078,-618.85095,1421.42273,4.82911,-816.61646,1429.25867,115.38329,-561.36804,1250.37195,-67.9948,-927.71051,1236.77466,40.38012,-721.86066,1151.56165,120.22074,-764.79559,1240.87537,-122.83008,-494.47119,932.62329,-124.27869,-1017.61102,966.37482,-1.82669,-393.32147,749.65747,-47.81408,-1085.84766,743.12305,49.36189,-621.9577,870.01758,137.08957,-823.55951,871.23486,169.424,-759.04901,854.17615,-168.53116,-556.38361,409.85629,13.63729,-901.36407,467.50034,169.92632,-622.76221,207.92941,-260.11755,-695.95099,232.08781,-297.14175
107,1.06,-688.39075,1398.41968,209.21057,-747.10315,1477.13025,-81.23679,-618.42578,1423.17407,14.71886,-814.56219,1430.42932,126.63778,-562.08746,1252.14539,-60.7638,-925.93555,1238.72229,54.80261,-720.02222,1153.1875,132.09093,-766.58643,1243.85413,-113.04845,-495.61868,935.3407,-119.91087,-1018.74493,969.41296,14.16603,-393.99979,751.84528,-45.00674,-1084.45264,744.73108,71.70541,-619.41913,872.22223,145.64113,-821.40265,874.82172,178.98607,-761.1449,856.948,-158.52138,-553.28406,413.8923,29.84653,-902.65869,465.44778,173.55997,-630.30713,214.55235,-240.66371,-706.0188,233.99953,-276.92468
108,1.07,-685.49176,1399.3241,218.59485,-747.40985,1479.77405,-70.25991,-617.27216,1425.35901,23.16517,-811.62225,1431.69226,139.36305,-562.3833,1254.29016,-54.25845,-924.61316,1241.01697,67.87346,-716.70538,1155.91443,142.5237,-768.13422,1246.79321,-103.07815,-497.6315,937.32208,-115.1865,-1019.38544,971.99896,30.40791,-394.33917,753.8006,-41.91091,-1083.64111,747.74255,91.20699,-617.66852,873.11328,151.83981,-818.99408,876.3316,185.90738,-763.58881,859.7879,-150.03276,-550.03149,419.02594,46.03883,-903.90802,461.78598,176.31938,-636.8255,219.13039,-222.00514,-715.92523,234.66566,-256.22125
109,1.08,-682.52173,1400.75378,228.14514,-747.56335,1483.03943,-59.02398,-616.27332,1428.10791,31.79075,-809.5672,1433.23267,150.07326,-563.04205,1256.44824,-47.72429,-922.69434,1243.81946,80.00937,-713.61316,1158.68103,152.17767,-769.36951,1249.49158,-93.39588,-499.0542,939.58856,-111.12788,-1020.24207,974.99054,46.75676,-394.37091,755.92523,-39.28485,-1081.10291,750.05603,112.49086,-615.28638,875.03259,158.87117,-816.41339,877.97467,195.35979,-765.69037,863.04645,-140.38844,-545.88391,423.44937,62.0121,-905.62695,459.14664,179.75728,-643.69733,222.66707,-201.92807,-258.14972,238.44899,78.84968
110,1.09,-678.08191,1400.76563,237.52647,-747.40417,1486.08447,-47.99607,-615.69623,1430.47339,40.2486,-806.29279,1434.5979,162.03577,-563.6839,1258.72778,-42.14945,-920.93878,1246.10876,92.65606,-710.26892,1159.39319,158.82108,-770.45111,1252.44458,-83.38723,-500.44482,941.76813,-106.98842,-1020.68127,977.8587,62.38253,-394.78354,757.94763,-36.80574,-1078.74304,752.69305,132.59799,-611.31195,876.8797,165.78461,-812.53986,879.25507,202.6593,-768.37909,866.42786,-131.8456,-541.87775,429.15836,77.91135,-905.68707,455.73221,181.79742,-648.89435,224.43161,-181.13588,-259.0838,235.28191,80.4353
111,1.1,-674.86652,1402.1167,246.97264,-747.46619,1488.95703,-36.84819,-614.06653,1432.41663,49.67184,-803.52142,1436.48938,173.03937,-563.87109,1260.94165,-35.70831,-919.12268,1248.60498,105.5345,-707.54034,1161.83557,167.34697,-771.15533,1254.68188,-73.04736,-501.93011,944.97253,-104.24629,-1021.37689,980.68445,77.75574,-395.2066,760.34363,-33.27942,-1075.76807,755.48083,152.4698,-607.44226,878.90369,170.9265,-808.51959,881.10352,209.0437,-770.46906,869.85217,-123.73156,-537.51404,434.54324,92.99989,-906.12274,454.28735,182.24382,-652.16663,223.5802,-158.52336,-259.49326,234.45732,80.92233
112,1.11,-669.66339,1401.94873,255.53433,-746.65253,1492.39197,-26.05432,-612.36987,1434.90576,57.1541,-799.77191,1438.03687,183.95963,-564.66833,1263.11035,-29.3135,-917.11017,1251.64954,117.39484,-704.49219,1164.45093,176.90906,-772.04486,1257.33984,-63.60994,-503.65833,946.74921,-99.56848,-1021.24768,983.51801,94.8344,-395.40851,762.79462,-31.36282,-1072.39758,758.48285,172.81253,-604.74774,881.15546,177.90468,-804.05829,882.76691,217.57957,-772.44672,873.49872,-115.60241,-533.52789,439.70184,107.18174,-905.01605,452.16501,183.65857,-655.9884,221.23686,-135.04189,NA,NA,NA
113,1.12,-665.28687,1403.11023,264.32635,-745.8205,1495.45325,-15.80122,-610.49689,1436.51807,65.70182,-796.88745,1439.87366,194.78708,-564.69775,1265.29517,-22.40671,-915.09259,1254.04651,129.18536,-701.22784,1167.51428,187.0632,-773.37738,1260.15881,-53.33089,-505.55453,949.07721,-94.13657,-1020.00879,986.28137,110.02824,-396.06967,765.0047,-30.64255,-1068.55798,761.7699,192.2009,-599.97638,883.57379,182.91902,-799.60931,884.57806,226.54649,-773.95001,876.82562,-106.70023,-529.65369,444.80127,120.32116,-903.57629,450.48483,184.93309,-658.87134,217.26959,-110.98785,-259.0838,235.28191,80.4353
114,1.13,-660.50049,1403.41052,272.76529,-745.60602,1498.25012,-4.7197,-608.76776,1437.8501,73.53017,-793.12061,1441.1825,205.41899,-564.97864,1267.29712,-16.00219,-912.53912,1256.59045,141.42188,-697.11316,1171.55151,199.94765,-773.37872,1262.40466,-43.44685,-508.32602,950.92804,-87.99315,-1018.78601,988.69025,125.86422,-396.75833,766.62787,-25.6967,-1063.95691,765.11292,211.53236,-596.14838,885.81018,189.19449,-793.39691,885.78796,235.63365,-775.65521,879.52423,-98.63695,-525.9325,450.68335,133.51564,-901.0517,449.71521,187.6411,-661.35669,210.89069,-86.53953,-259.49326,234.45732,80.92233
115,1.14,-656.14728,1404.5105,281.52356,-744.74017,1500.59497,4.98279,-606.7998,1439.78442,81.02687,-788.40039,1442.55811,216.93481,-565.2771,1269.30884,-9.57792,-910.4165,1258.81445,152.8709,-696.46741,1171.09656,204.49417,-774.12482,1264.33411,-33.55144,-509.58548,953.65387,-84.1638,-1017.23523,991.67206,140.63304,-397.53149,769.17645,-22.87445,-1059.37805,768.22839,230.51637,-593.03241,887.70831,194.87158,-789.14612,887.38055,244.13052,-776.29852,882.2785,-89.05522,-522.20526,455.93961,144.63121,-899.85193,449.85449,190.42793,-661.17963,203.28912,-60.94124,NA,NA,NA
116,1.15,-651.06995,1404.95923,289.23795,-743.88037,1502.13379,15.36542,-605.26239,1440.58008,89.09217,-783.91211,1444.04053,227.30685,-565.27759,1271.31213,-3.31588,-907.48956,1261.00916,164.91806,-691.44196,1170.80249,209.77055,-774.66736,1266.63354,-24.36648,-511.09216,955.35278,-78.18528,-1015.3916,994.81616,155.68417,-398.08472,770.67999,-21.87501,-1055.05908,771.02203,249.02936,-589.55688,890.30115,201.33215,-783.50433,888.67969,251.22588,-777.33258,884.95673,-81.35908,-518.64777,461.28775,155.123,-898.27362,450.10236,193.591,-660.39899,196.22324,-36.38471,NA,NA,NA
117,1.16,-645.05609,1404.99231,297.44763,-742.89648,1503.45081,25.36075,-602.78729,1441.52344,95.86304,-779.76727,1444.72217,237.09244,-565.24237,1272.45203,3.7736,-904.6933,1263.00171,176.55348,-687.67859,1172.91052,218.52315,-774.62262,1268.04114,-13.71405,-512.42621,957.3244,-73.77612,-1012.95758,996.65771,170.81694,-398.16641,772.19086,-18.8231,-1049.16992,773.99469,268.69281,-585.87628,892.40216,207.19278,-779.11823,890.0246,259.67224,-778.15216,886.99261,-73.67323,-515.17804,465.83905,165.90424,-896.17438,449.53046,195.79451,-658.35797,186.67529,-10.57838,NA,NA,NA
118,1.17,-640.36786,1406.06445,305.21289,-741.63959,1504.67322,35.02471,-600.43695,1442.59387,103.95432,-775.77203,1445.82825,247.14944,-564.7439,1274.10596,10.26249,-901.32172,1264.57776,188.02393,-683.73676,1175.51379,231.74873,-774.70459,1269.88147,-4.07039,-513.74408,959.16608,-68.67892,-1010.70514,999.33972,184.70769,-399.27234,773.74255,-15.78773,-1043.47461,776.76459,286.70825,-582.24609,894.44324,213.12383,-774.30908,890.93127,267.89423,-778.33618,887.90302,-64.80592,-511.74078,471.17743,174.1199,-893.96344,449.92307,199.21506,-654.75903,178.01759,14.69728,NA,NA,NA
119,1.18,-634.71729,1405.90503,313.13303,-740.13953,1505.9502,44.85759,-597.92566,1442.62366,111.8051,-769.99829,1446.05383,259.26862,-564.35321,1274.63696,16.88943,-897.84821,1265.76001,199.80504,-681.26404,1176.42212,237.12308,-774.33044,1271.06909,5.16953,-514.59534,960.07019,-63.7369,-1007.98108,1001.00995,198.66554,-399.53809,774.24225,-12.7944,-1037.75098,778.83093,304.37091,-579.16315,895.41052,219.17747,-770.58228,892.17535,276.07773,-779.46191,889.24573,-56.81384,-508.70264,475.4581,182.91162,-891.13708,450.34036,202.5033,-649.43127,169.21494,41.5284,-714.03101,130.51639,130.11343
120,1.19,-629.47882,1406.17224,320.77164,-738.47754,1506.92126,54.4179,-595.73309,1443.44958,118.56765,-765.36932,1446.09131,269.41943,-563.87518,1275.35938,23.83863,-894.40082,1267.59607,210.61044,-677.05359,1175.698,244.59956,-774.07367,1271.84888,14.56285,-515.25592,960.85944,-58.31284,-1005.07031,1002.86414,212.40166,-399.65567,774.85547,-9.37226,-1031.38708,780.53546,322.45224,-575.14709,896.92181,224.53783,-766.18854,892.10919,284.24597,-779.07574,889.95276,-48.1978,-504.71616,480.27505,191.09215,-888.17865,449.76166,205.83334,-643.75061,160.20648,68.18713,-704.4447,125.99181,157.79462
121,1.2,-624.20294,1406.17175,328.62326,-736.67279,1507.40381,63.17576,-592.93921,1443.58838,126.61987,-760.16602,1446.16284,278.73944,-562.5365,1275.54663,30.33613,-890.75067,1268.11438,222.00139,-673.14417,1177.48389,251.66379,-773.03748,1272.60571,24.38643,-515.89935,961.36957,-52.27858,-1002.14215,1004.01495,226.75168,-399.83258,774.95648,-5.56203,-1024.58398,782.05725,340.36441,-571.51666,897.81372,230.30693,-762.20679,892.98175,292.6723,-779.40686,890.25653,-39.18865,-501.22461,483.69501,199.61871,-883.93585,448.17169,210.83253,-635.47522,151.18407,94.10145,NA,NA,NA
122,1.21,-618.88226,1405.54382,336.00406,-734.74194,1507.4292,73.74801,-590.24469,1443.36316,132.70456,-755.32813,1446.16528,288.30872,-561.55481,1275.33533,37.69006,-887.01947,1268.79712,232.73752,-669.85004,1175.12048,256.9852,-771.96649,1272.70801,34.49307,-515.30499,961.4632,-46.91782,-998.86163,1004.672,240.74109,-399.58041,774.74542,-2.16922,-1017.56769,783.19562,357.60577,-568.93457,898.29236,235.67682,-758.39813,892.69312,300.23123,-778.97266,890.73926,-30.77491,-498.88354,486.48203,206.84361,-881.99188,448.49939,214.45459,-625.48956,143.65352,118.96904,-662.16608,104.76297,224.6033
123,1.22,-612.6825,1404.87598,343.23395,NA,NA,NA,-587.11334,1443.59729,140.71826,-750.22321,1446.06677,297.33801,-559.89362,1275.22791,43.93143,-882.60138,1268.63953,245.00839,-664.76636,1176.99109,266.30331,-770.70593,1272.98718,43.52335,-515.47803,961.0282,-40.69381,-995.48492,1005.33014,254.43217,-398.99365,774.29852,2.25199,-1010.77246,784.25757,373.90488,-566.14032,898.1778,241.60374,-754.10803,892.34094,307.76208,-778.48199,891.0686,-22.79173,-495.74216,489.47577,215.80843,-879.18164,447.97379,219.26779,-612.63141,135.90564,145.13152,-668.05139,115.31731,240.14024
124,1.23,-607.01874,1404.22827,350.58829,-729.98059,1507.69714,90.96774,-584.25665,1443.1665,147.7345,-745.52319,1445.70154,306.77762,-558.82391,1274.578,50.16214,-878.29559,1268.83337,255.42387,-662.25781,1175.4364,274.88754,-768.88123,1273.00635,52.9589,-515.22064,960.46375,-35.24007,-992.01892,1005.3288,268.2352,-398.13217,773.90344,5.58691,-1003.45874,784.70416,390.17184,-563.36139,896.52197,247.38631,-750.12103,891.78979,315.54016,-777.48022,891.82318,-15.59933,-493.3483,490.8949,222.1812,-876.48077,448.00613,223.73718,-599.35675,128.22667,170.05739,-633.13452,103.37739,282.1489
125,1.24,-601.7049,1404.02002,358.20471,-727.23224,1507.53308,99.87639,-581.20233,1442.60718,155.46107,-740.06226,1445.15955,315.66205,-556.83118,1273.06604,57.41152,-873.84631,1268.29565,266.93289,-655.81946,1174.32068,279.77145,-767.27557,1273.14075,62.63624,-515.08545,960.0459,-29.60473,-987.81921,1004.91559,282.34418,-397.61685,773.14819,9.65555,-995.99432,784.96265,405.74542,-560.51898,895.9765,253.42693,-746.8313,891.23291,324.46149,-776.26794,891.76117,-7.55887,-490.33844,492.30481,230.03308,-874.1394,446.79346,227.83186,-584.9035,120.69365,196.63525,-785.68591,-181.68648,-226.97704
126,1.25,-596.16998,1403.41113,365.77869,-724.35559,1507.04517,108.68552,-577.18268,1442.32422,161.80508,-735.13159,1444.35461,324.53232,-554.65112,1272.18616,63.87217,-868.99335,1267.76379,277.90659,-651.40448,1171.78882,287.00769,-765.27704,1272.67639,72.00993,-514.38538,958.55951,-23.96498,-984.20074,1004.42145,295.69424,-396.31039,771.49377,14.49001,-987.97467,784.62598,421.04477,-557.11456,894.0069,258.65024,-743.13226,890.56189,332.24438,-775.19843,891.39282,-0.57898,-487.73944,493.48325,236.75092,-871.0412,445.88104,234.02272,-569.25574,115.05218,219.57747,-794.86731,-187.31998,-232.58723
127,1.26,-590.73157,1402.64661,373.01471,-721.28204,1506.29358,117.94927,-573.68939,1441.29773,169.15605,-730.11066,1444.22351,333.30753,-552.26984,1271.01306,69.94618,-863.9668,1267.42102,288.06152,-647.22729,1172.57007,298.76819,-763.06842,1272.41602,80.77087,-513.48151,957.5116,-18.09134,-979.953,1004.41052,309.54611,-395.2565,770.57727,18.72403,-981.07495,784.59985,435.92432,-554.25055,891.50568,265.01865,-738.93597,888.70447,340.06308,-773.78717,891.20087,7.38115,-485.63095,493.31955,243.37604,-867.97504,444.54065,238.82863,-552.5448,109.96778,244.01482,NA,NA,NA
128,1.27,-584.82867,1401.25256,380.27576,-717.84448,1505.89404,126.14214,-569.84125,1440.41504,176.05489,-724.69745,1443.46619,341.79913,-549.73376,1269.46851,77.52426,-858.88898,1266.45593,300.02936,-642.13544,1170.6554,305.18347,-760.66602,1272.71252,89.87843,-512.46301,955.69208,-11.35538,-975.11346,1004.72339,323.24277,-394.04935,768.69214,23.59094,-973.38861,783.91748,450.74017,-550.61243,889.40399,269.83505,-734.55371,886.28949,347.7569,-772.27667,890.73193,15.04383,-484.71201,492.54456,250.20137,-865.05585,444.09116,243.88164,-534.35651,106.91853,267.45819,-563.9201,96.39531,376.47177
129,1.28,-579.17938,1400.48938,387.51794,-714.15485,1505.2439,134.66243,-565.96814,1440.19873,183.06923,-718.86713,1442.45178,349.94373,-547.49146,1268.39124,83.41064,-853.54901,1265.69128,310.41983,-637.27356,1169.40491,313.80655,-758.1189,1272.15283,99.06281,-511.23572,954.70709,-5.09001,-969.93304,1003.93921,338.29196,-393.11682,766.7052,27.71841,-965.3443,782.87573,464.60535,-547.55481,887.38983,277.97696,-730.48132,885.08472,355.40027,-770.18121,890.26849,22.88978,-482.7908,491.45288,256.67245,-863.23804,443.64352,248.90533,-516.9826,104.69555,291.26215,-569.37781,103.87065,390.22586
130,1.29,-574.39899,1398.29614,392.52673,-710.29102,1504.48853,142.94482,-561.49017,1439.26868,190.33034,-714.04608,1441.44226,358.86884,-544.51257,1267.40442,89.67726,-848.34137,1265.15149,320.53024,-631.91565,1166.49939,319.69354,-754.94971,1271.50806,108.42119,-509.41278,952.5332,2.29889,-963.30469,1002.66388,352.11105,-391.77124,765.50269,32.64816,-957.29645,782.15009,478.42642,-542.92847,885.74921,284.2182,-726.68488,883.26123,364.01205,-767.75391,890.14478,30.4126,-480.00949,489.56317,262.92673,-861.18628,443.25534,254.1936,-499.61911,104.07869,311.64026,-550.15814,104.31958,411.17575
131,1.3,-568.09595,1398.14368,402.49207,-706.26532,1503.57349,151.09073,-557.1897,1437.98364,197.40256,-708.40717,1440.88623,367.01205,-541.16809,1266.15942,96.85532,-842.60535,1264.06274,330.0795,-626.36371,1165.33118,328.01907,-751.58984,1270.64514,116.99484,-507.9808,951.52252,8.06984,-956.80695,1001.9693,365.95255,-390.51447,763.81921,37.9814,-948.94061,781.08893,492.08871,-539.58594,884.33789,292.03983,-721.92395,881.54468,371.53061,-764.6344,889.28906,37.98264,-476.26947,486.32114,269.39417,-858.73047,442.62772,258.99808,-481.60535,104.72968,333.95139,-532.77686,104.85658,431.61597
132,1.31,-562.42053,1396.63611,409.62253,-701.98511,1502.88257,159.19667,-552.78821,1436.62744,204.39754,-702.81915,1439.12109,375.06421,-538.06213,1264.34558,104.03626,-836.68201,1263.02917,339.38983,-622.02716,1164.98608,337.65173,-748.86212,1270.34595,123.99551,-505.85129,950.11792,14.24114,-949.50598,1001.27325,379.41052,-388.57053,762.00128,42.20634,-940.68433,780.88965,505.25226,-534.98718,882.34283,299.54773,-717.66144,880.44757,379.5578,-761.48456,888.82568,46.27689,-473.92422,483.98276,275.52484,-855.63434,441.36874,263.4549,-468.24771,107.32373,352.00116,-515.88678,107.68657,451.80981
133,1.32,-556.57324,1395.56799,416.70865,-697.63977,1501.79968,167.53485,-548.39703,1435.69287,212.03148,-697.51147,1438.07544,382.99936,-534.56805,1263.74048,109.90349,-831.17383,1262.23572,348.37762,-616.28186,1163.39893,341.05701,-744.57019,1268.73376,133.42854,-504.00888,948.97223,21.54461,-943.14905,1001.49847,392.78122,-387.01175,760.69452,46.90096,-932.409,780.26355,518.02808,-530.60718,881.37994,306.90625,-712.74414,879.51349,387.13907,-758.15424,888.21112,54.88955,-469.66428,481.2406,280.64697,-854.12305,441.05557,267.90619,-453.87228,111.49046,368.81076,-499.89856,110.41496,469.14664
134,1.33,-551.41266,1391.36169,417.3963,-693.08649,1500.93994,175.05092,-543.40698,1434.39636,218.52695,-691.88641,1436.81677,390.89856,-530.51434,1262.4834,116.2975,-825.63574,1260.8739,357.11774,-610.93933,1162.95264,348.32962,-740.29694,1267.79492,141.62491,-500.99051,947.42017,28.20602,-935.36609,1000.79114,405.4686,-384.77032,759.41754,51.91372,-923.82397,780.29846,530.84399,-525.57678,880.34125,314.75336,-707.81335,878.492,395.86444,-753.40771,887.16107,63.18729,-465.44223,477.93256,286.04953,-851.67706,440.4433,272.00751,-438.36929,115.20625,385.77557,NA,NA,NA
135,1.34,-544.96844,1391.77722,430.89566,-688.42651,1500.14661,183.338,-539.10651,1433.20007,226.53928,-686.24927,1435.29797,398.78754,-526.36438,1261.44043,123.10715,-819.85016,1259.91235,365.56409,-606.0321,1162.7019,362.82657,-736.34869,1266.4281,149.20757,-498.60013,946.58258,34.18383,-926.91113,999.88885,417.64355,-382.79526,757.98102,57.70775,-913.70721,779.71301,543.40692,-520.78235,879.63745,322.62698,-702.43378,879.44592,405.39478,-748.88892,885.8587,71.33135,-461.39642,475.24652,292.3295,-849.16681,440.26944,276.16483,-429.30963,119.91174,400.62747,-869.09412,57.03784,97.74004
136,1.35,-538.98419,1390.13342,438.03992,-683.69324,1499.11633,191.47049,-533.73755,1432.26563,231.10301,-680.2196,1433.57556,406.49905,-521.93451,1259.97107,130.80956,-814.03845,1258.99854,373.44482,-600.77087,1161.53259,363.85568,-732.22668,1265.91125,156.14627,-495.7626,945.36517,41.51455,-916.12152,998.0238,429.26221,-380.35217,756.1181,63.31012,-905.85168,781.00476,554.66577,-516.3291,878.57318,331.22714,-699.47107,877.21899,410.58447,-743.73083,884.69073,80.11512,-456.43121,472.81302,299.25696,-846.24109,439.20605,280.26746,-413.70456,123.29451,409.97375,-459.58429,118.56301,511.72861
137,1.36,-534.29413,1387.77576,441.93634,-678.75665,1498.54285,199.59003,-528.18585,1430.76721,238.23946,-674.90387,1432.26099,414.20126,-517.11969,1259.05725,137.62099,-808.32806,1257.96997,381.67578,-594.81812,1161.672,375.46719,-727.58862,1264.64856,162.7556,-492.46634,943.49585,48.28747,-907.35968,997.49493,440.07202,-377.75281,754.58386,69.73566,-897.10187,781.29755,566.20782,-511.18451,878.33563,339.91452,-694.80383,877.41278,419.11691,-738.07275,882.58093,89.3567,-451.02362,471.1571,305.00397,-843.71069,439.62036,284.83331,-403.85321,126.56425,420.9942,-868.10645,63.97148,94.33408
138,1.37,-528.15125,1386.66187,452.38629,-673.24701,1497.93091,207.55066,-522.91211,1430.13782,245.84981,-669.20715,1430.3042,421.7178,-512.11176,1257.80017,143.983,-802.76508,1257.43262,389.59866,-587.8924,1161.37708,383.21338,-722.35223,1262.52783,171.11578,-488.31073,942.50354,55.03107,-898.16205,996.29156,450.0961,-374.18732,752.60638,75.54693,-887.21527,781.27008,577.70306,-505.80737,877.21014,347.88065,-688.6795,877.56573,428.073,-732.51215,881.29956,98.39924,-446.04263,469.70596,311.78394,-840.33862,439.73181,289.6106,-396.37775,128.16824,429.70535,-416.77924,121.19476,541.01752
139,1.38,-523.08588,1382.99756,453.79248,-667.80194,1497.65051,215.23491,-517.72559,1429.39978,252.93803,-663.0564,1429.01563,428.73987,-507.4498,1256.97498,150.48419,-797.08771,1256.42419,397.09668,-582.70593,1160.98108,388.62872,-717.39374,1261.04407,178.62543,-484.39011,941.0752,61.7933,-889.0304,995.18066,459.89865,-370.98712,750.84961,81.01569,-878.57745,781.61389,587.51642,-500.31537,876.72137,355.25519,-683.65985,877.3028,435.45065,-726.59583,880.28003,106.36331,-441.06784,468.7865,319.6546,-836.5636,440.08649,294.7955,-390.18069,128.11542,436.5433,-423.37881,94.77069,498.72177
140,1.39,-516.84747,1382.17358,463.1763,-662.44348,1497.28418,222.98689,-512.29248,1428.59973,259.70905,-657.00677,1427.39014,436.05222,-501.8692,1255.45935,156.80652,-791.00739,1255.77209,404.40451,-576.38873,1159.15857,393.13043,-711.96796,1259.52832,186.37643,-480.14886,939.94659,69.21378,-880.00128,993.78802,468.89133,-366.28854,749.55579,87.26577,-869.27893,781.69342,597.33032,-494.98584,875.97803,363.94632,-676.93274,876.86951,442.94568,-720.78882,879.03656,116.13882,-435.638,468.23581,327.57465,-832.35852,440.82584,300.41312,-384.43637,125.44403,443.07101,-418.34641,94.55424,505.80301
141,1.4,-509.87085,1381.45044,469.11115,-656.89142,1496.96863,230.54524,-506.22974,1428.49878,266.94189,-650.75677,1426.19189,443.27582,-496.37915,1254.51648,162.7326,-784.43414,1254.61938,411.70465,-569.86804,1159.45496,400.01898,-706.4743,1258.5708,193.34583,-475.52295,938.37921,75.55611,-871.42371,992.67767,477.21198,-361.7894,747.87799,94.08286,-860.31146,781.1275,606.87518,-488.04337,875.6825,371.69202,-669.43622,876.98914,454.31006,-715.28809,877.94434,124.15935,-430.18185,467.52274,334.6842,-827.36871,440.9924,306.64243,-381.24167,122.41051,447.78888,-896.58252,51.78927,157.45999
142,1.41,-503.70407,1381.48096,480.02155,-651.2536,1496.86108,238.10941,-500.94412,1428.60376,273.18164,-644.89307,1425.08655,450.6684,-490.79904,1253.7312,168.91699,-778.13678,1253.86682,419.26422,-561.711,1161.02625,412.40314,-700.64478,1257.46765,200.29828,-470.61334,937.2937,82.74096,-862.91736,991.46826,485.58307,-357.22867,746.75818,100.12876,-850.71484,780.55145,615.46985,-481.22812,876.18774,379.21387,-662.84839,876.72015,462.72076,-708.86542,876.80206,132.97299,-425.22632,466.13696,342.94998,-821.58069,440.94272,313.90421,-378.68549,118.81161,448.99716,-400.17676,109.74561,555.23309
143,1.42,-498.20654,1379.35474,481.40863,-645.5849,1496.23145,245.54468,-494.52585,1428.20129,281.38144,-638.72784,1424.68884,457.83997,-485.40475,1253.25818,174.48288,-771.53082,1253.05542,426.77393,-555.16168,1160.52405,418.54327,-694.26135,1256.04175,208.80022,-464.42435,935.97559,89.92734,-854.51636,989.35303,492.79617,-351.10638,745.65826,108.07215,-841.87836,779.99951,623.59967,-473.77872,875.83209,387.12857,-653.99414,876.83466,471.06393,-702.8407,876.09479,142.1367,-418.33331,465.37509,350.78772,-815.84326,440.729,321.89307,-375.70718,115.96266,451.17322,-397.14349,106.78778,561.55316
144,1.43,-490.00452,1380.88684,493.87943,-639.78796,1496.07385,252.93381,-488.59131,1427.94824,287.62671,-632.24945,1423.84766,465.18909,-479.31876,1252.71143,181.12149,-764.56061,1252.45593,434.45041,-546.65338,1159.81628,424.08856,-687.82391,1255.05627,216.33409,-458.63394,935.03088,96.58263,-846.66248,988.39667,499.91223,-345.8454,745.36285,115.31,-833.04736,779.9494,631.71576,-465.38849,875.69855,394.68713,-646.49908,876.55237,478.9249,-696.43579,875.57336,150.78757,-412.58829,463.71692,358.54517,-809.56342,441.17862,330.59924,-374.91943,110.12543,452.59756,-408.8042,78.86668,518.56653
145,1.44,-484.44766,1379.12158,495.53839,-633.77325,1495.70386,260.04071,-482.63171,1428.83716,294.38031,-625.19592,1423.49805,471.83475,-472.99069,1252.03833,186.85414,-756.79175,1251.6748,441.9321,-539.87091,1160.71228,431.3414,-681.78961,1254.5542,223.56375,-454.14856,933.61609,106.51106,-839.40717,987.41779,506.56699,-339.19092,744.42883,122.70824,-823.4126,778.77917,638.75208,-456.73434,876.3739,402.05048,-637.32343,877.08435,487.98114,-689.39569,874.82599,161.66678,-406.09171,462.34796,365.1228,-802.4425,440.86414,340.43311,-376.62036,104.86224,454.65979,-406.39893,121.68115,600.98499
146,1.45,-477.79422,1379.77209,503.69403,-627.63232,1495.76282,267.25354,-476.78165,1429.96423,300.84412,-619.2077,1423.62268,479.33408,-467.03473,1252.09985,192.80252,-749.39886,1251.21265,449.36652,-530.84204,1161.85754,437.97784,-675.32648,1254.05115,231.10396,-447.82745,932.98273,113.35054,-830.8598,985.90411,512.73212,-332.83792,744.11755,130.11964,-813.44525,777.70874,645.90228,-448.2045,876.5976,409.70242,-627.95929,877.54236,496.31812,-682.58972,874.20886,167.92001,-398.75958,460.52509,372.17105,-795.34326,440.68985,350.96396,-373.06003,101.37342,456.02713,-403.38904,116.77756,601.70349
147,1.46,-469.91882,1383.6925,516.44989,-621.21832,1496.18774,274.41312,NA,NA,NA,-612.00665,1423.63562,486.90479,-460.2486,1252.37231,199.29565,-741.7124,1251.01453,457.3905,-522.90875,1160.40991,440.39209,-668.19055,1253.71252,238.58188,-441.48325,932.80682,121.10596,-823.24756,984.9729,518.68451,-326.56943,743.78125,137.53601,-804.55396,776.34009,652.51721,-438.78372,877.11975,416.70767,-617.10181,878.35364,505.48318,-674.29858,873.00897,178.75267,-391.91666,458.66864,378.91058,-788.06152,440.98993,362.09082,-369.7536,101.203,460.56161,-386.16403,90.51275,572.47614
148,1.47,-463.04437,1384.97083,523.93671,-614.86102,1497.0647,281.73224,-463.32352,1431.57373,315.68271,-605.08386,1424.01196,493.94785,-453.19113,1252.98914,205.67822,-733.92133,1251.26001,464.50974,-514.65753,1162.18323,450.15335,-660.95093,1253.71338,245.90788,-435.27148,932.84882,128.62886,-815.39734,984.49921,524.82135,-319.36929,744.1947,145.12263,-796.11316,775.85291,658.57568,-429.45291,877.67682,424.22205,-606.93726,878.84875,513.96887,-666.73993,873.28833,188.7852,-383.64224,458.4632,384.71573,-780.3501,440.9147,374.36685,-365.43027,101.77802,463.60233,-384.24207,85.41577,571.0813
149,1.48,-455.40924,1386.4718,531.28284,-608.40613,1498.02515,289.15359,-456.41736,1432.86487,322.84894,-597.80768,1425.40405,501.32532,-446.33325,1253.95386,212.6987,-726.33191,1251.84546,472.2254,-506.0502,1162.74475,454.70178,-653.9364,1254.66211,253.24841,-428.30759,933.62378,135.53337,-807.44757,983.83795,530.48401,-312.32336,744.60144,152.95024,-789.41486,776.10303,663.91632,-419.60974,878.34625,431.37933,-596.84399,879.19348,522.36121,-659.67096,873.46375,196.39964,-375.97943,458.51874,390.30078,-772.28156,441.00845,386.98773,-360.26996,100.70284,467.23349,-381.77255,86.59177,579.20203
150,1.49,-448.25082,1388.13892,537.24188,-601.97736,1499.12085,296.71609,-449.62747,1434.0813,329.3989,-590.48877,1426.62939,508.43127,-439.0033,1255.12585,217.78792,-718.50183,1252.2666,480.13641,-496.81824,1166.62585,467.53555,-647.18475,1255.70251,260.71072,-421.48792,934.86151,141.55188,-798.86731,983.74628,536.44513,-305.50861,745.79108,160.64177,-780.51178,775.40259,668.54382,-409.92191,880.17133,437.82773,-586.28082,879.96899,528.92218,-651.68158,874.06427,204.64221,-367.67346,459.42654,395.28436,-763.9693,440.99515,400.63293,-356.07007,98.41671,469.04514,-403.71518,88.32518,566.16302
151,1.5,-440.78864,1389.96448,546.13318,-595.1709,1500.19653,303.78244,-442.62518,1435.50586,336.9476,-583.49512,1427.98572,515.76422,-432.36105,1257.02478,224.58452,-710.43793,1253.17163,487.97574,-488.9863,1167.31653,471.96622,-639.53253,1256.65393,268.5202,-413.435,935.5127,150.73642,-790.88165,984.66559,541.97894,-297.28003,747.25598,168.46591,-772.35266,775.12024,672.97028,-399.6608,882.20557,445.72641,-575.82501,880.17371,535.78058,-644.43427,874.87964,213.26631,-359.97235,460.46326,400.04367,-755.03101,441.00998,414.67947,-354.33188,94.67775,469.29654,-403.33585,88.42636,568.29449
152,1.51,-433.61603,1392.23291,551.21643,-588.33154,1501.70532,311.00397,-434.99081,1437.66296,345.01108,-575.97034,1429.65881,523.30914,-425.27414,1258.77539,231.99123,-702.32892,1254.59375,495.79257,-481.12683,1170.0614,477.42618,-632.69354,1258.70996,275.75699,-405.65628,937.52155,156.54222,-781.79706,984.91492,547.53119,-288.9043,748.65625,177.373,-763.73871,774.26782,677.16687,-390.10864,884.64728,451.49249,-564.61157,882.5553,543.13226,-637.67682,876.71844,222.00444,-351.81918,461.9241,404.2807,-746.23224,441.27469,429.93567,-351.82516,92.44476,470.51724,-378.54202,81.07178,573.98315
153,1.52,-426.04831,1394.3772,559.93878,-581.56689,1503.16736,318.229,-427.45721,1439.92224,352.95053,-568.88824,1431.0835,530.69995,-418.22897,1260.95288,237.83414,-694.36023,1256.10266,503.88007,-471.69553,1171.37402,485.20218,-625.90253,1260.25977,283.83383,-397.62378,939.33447,164.89413,-773.43457,986.00366,553.35254,-280.88562,751.01935,185.41377,-756.57941,774.24561,681.09821,-379.32056,886.65497,457.37991,-553.0686,884.14038,550.67438,-629.94403,877.21216,229.67276,-345.53171,464.62778,409.47311,-736.63116,441.90738,445.4205,-352.32645,91.50041,470.57736,-377.90073,80.6823,574.46112
154,1.53,-418.94589,1396.37439,565.5108,-575.15509,1504.42407,325.90463,-420.68387,1441.58643,359.25803,-561.15887,1432.74084,537.88477,-412.0246,1263.11816,244.73198,-685.6629,1257.62073,511.76572,-463.62573,1173.94922,493.6188,-619.26538,1261.8208,291.07809,-388.50348,941.82568,172.07938,-764.17139,986.56818,559.25745,-271.92856,753.82623,193.86821,-749.10089,774.11224,684.24146,-369.01331,889.89191,462.66922,-541.70886,885.5766,557.42621,-623.685,878.87872,237.50371,-338.36627,465.96939,413.4295,-726.8963,442.37164,462.01303,-352.06891,91.2571,470.59756,-402.13602,88.08208,570.75287
155,1.54,-411.00577,1398.27551,572.04248,-568.51099,1505.75647,333.0408,-412.9736,1442.87427,366.25284,-553.47192,1434.42615,544.91412,-405.67679,1265.52332,251.32245,-677.55634,1259.04553,520.0257,-455.68948,1175.60217,498.68591,-612.03162,1263.04431,299.08136,-380.11172,944.52185,179.26447,-756.00299,988.48309,565.25055,-262.90964,757.14331,202.41124,-742.29858,774.22308,687.89392,-358.83359,892.20245,468.10336,-530.37909,888.23749,566.79724,-617.46069,880.71136,245.23747,-331.63739,467.68481,416.18152,-716.6571,443.21634,478.40674,-351.46555,91.87119,469.91345,-401.74069,87.25035,570.56653
156,1.55,-402.48807,1396.31055,570.47974,-562.12469,1506.51953,340.3439,-407.73697,1445.50122,372.58749,-546.14221,1435.74731,552.42133,-398.96921,1267.95654,257.96307,-669.24597,1260.92688,528.08374,-447.02899,1176.63269,502.21957,-605.8186,1265.09265,306.55258,-371.1358,946.98846,185.57314,-747.15308,989.10913,571.36829,-253.81648,760.12915,210.78316,-734.52716,773.90442,691.21356,-348.87701,895.32648,473.43289,-519.85095,889.49347,573.10516,-611.4447,882.32141,252.66348,-325.42438,468.14105,418.72632,-705.65363,443.47711,495.12091,-351.46555,91.87119,469.91345,-377.31705,79.88752,575.67932
157,1.56,-395.02072,1398.42529,580.61639,-555.42291,1507.85718,347.42084,-400.94333,1447.01013,379.74286,-539.07062,1437.20898,559.63495,-392.45468,1269.51111,265.19858,-661.35919,1262.30164,536.07275,-439.40253,1177.89575,507.93008,-598.86499,1266.50757,313.52631,-362.87384,949.44122,192.1172,-738.64471,989.77112,577.29443,-244.1814,763.47595,218.9592,-727.1394,773.90649,694.77478,-338.91739,897.5174,478.68762,-509.66238,891.30627,579.10944,-605.24792,883.88702,260.29428,-318.99484,467.5144,421.50842,-694.71289,445.14343,512.55353,-351.46555,91.87119,469.91345,-377.28455,79.93025,575.80609
158,1.57,-388.37674,1399.51025,586.16711,-548.68921,1509.11475,354.39597,-394.22519,1448.3479,386.36417,-531.66455,1438.47571,566.80762,-385.98398,1271.82495,271.55795,-653.45679,1263.54712,543.47864,-432.16714,1179.66443,517.59686,-592.72791,1268.14148,320.88586,-353.32697,951.93152,196.71193,-730.97528,991.22589,583.53931,-234.01265,766.24231,228.33257,-720.54266,773.96405,698.6012,-330.58893,898.85474,482.78665,-500.65353,892.74066,585.80951,-599.72345,885.44507,267.46826,-313.61853,466.55753,422.25024,-682.70227,445.9509,529.90198,-352.06891,91.2571,470.59756,-401.71497,87.15761,570.71674
159,1.58,-380.31189,1401.24878,594.72736,-542.19739,1510.41479,361.66873,-387.46088,1449.74438,393.5491,-524.64392,1439.68677,573.67352,-379.45349,1273.78101,277.83273,-645.7644,1264.86035,551.20154,-423.97305,1182.00281,528.60675,-585.99628,1269.82458,328.13885,-345.60504,954.17761,204.63089,-723.82159,992.43488,589.56598,-224.05649,768.59705,236.79155,-713.9184,773.93201,702.5307,-320.2793,901.11591,488.93481,-491.25735,893.87067,591.65057,-592.6803,886.23682,275.00488,-308.73203,464.51294,423.12128,-670.88818,447.87817,547.5683,-352.24802,91.23693,470.82922,-401.60562,87.38902,571.09784
160,1.59,-373.20816,1401.52991,597.72522,-536.74579,1512.68396,368.39853,-380.82715,1451.00403,399.93314,-516.74799,1440.82666,580.75397,-373.03116,1275.57251,284.63171,-638.42328,1265.84509,558.0683,-417.01593,1182.76099,531.45453,-579.52576,1271.13611,334.71231,-336.18964,956.01068,209.78131,-716.45184,992.64868,595.8457,-213.95847,771.60272,245.98399,-707.09509,773.90448,706.39252,-312.16647,902.21613,493.06186,-482.97601,895.20428,598.06738,-586.46777,887.59277,281.37149,-305.36823,462.5195,423.72498,-658.65369,450.58005,565.38763,-351.61261,91.00855,470.41669,-377.02777,80.46926,576.724
161,1.6,-365.35431,1402.32361,604.64856,-530.15399,1514.20654,375.89923,-374.13657,1452.36438,406.56735,-509.5466,1441.95837,587.45892,-366.21564,1277.45911,291.04922,-631.39862,1266.55029,565.10455,-410.04382,1183.49512,536.09259,-573.10608,1272.60522,341.19904,-326.64246,958.32434,216.1478,-709.33759,993.63452,601.72491,-203.54333,774.32819,254.62097,-700.55841,773.71313,710.94354,-303.08456,904.02527,498.31894,-474.6651,895.83087,603.98444,-579.7359,888.15942,288.00476,-302.10239,460.79211,424.37723,-645.24872,453.52853,583.22076,-352.03082,89.81193,469.48227,-377.01508,80.51662,576.76068
162,1.61,-358.75653,1403.8374,611.98212,-523.505,1515.72827,382.69186,-367.59586,1453.57507,413.11072,-502.58737,1443.0238,594.66779,-359.69766,1278.51062,297.83499,-624.69452,1267.52124,571.77875,-403.08911,1183.57874,542.05255,-566.33533,1274.01709,348.38147,-318.3537,959.84229,223.11839,-702.7915,994.03027,607.7901,-193.72514,777.16992,263.28537,-694.23779,773.67761,715.29761,-296.08154,904.81073,503.12015,-466.84674,896.72101,610.18726,-573.64514,890.28174,294.75571,-300.57294,459.67386,423.73795,-631.52594,456.97919,600.3291,-353.01425,88.4676,469.17969,-399.7301,85.36937,566.63153
163,1.62,-352.44269,1405.09253,618.34186,-515.78461,1516.67102,390.01849,-360.83963,1454.97925,419.84164,-495.87753,1444.03943,601.24176,-353.05554,1280.1792,304.12082,-618.57831,1268.08948,578.52222,-396.61227,1185.00769,548.13037,-559.84991,1275.36572,354.38489,-309.40784,961.32141,230.2523,-695.75146,994.46472,613.49823,-183.36728,779.63312,271.81952,-687.97272,773.69086,719.3642,-288.34241,906.5163,507.53284,-459.9693,897.5954,615.82855,-567.51233,891.60803,301.66458,-298.49753,458.2428,423.13373,-616.16205,460.57745,618.92609,-354.08447,86.77482,468.69385,-399.65149,85.66483,566.85339
164,1.63,-344.48648,1406.36389,625.9588,-509.29248,1518.24915,396.98767,-354.1062,1456.22241,425.84937,-489.04077,1444.96594,607.76508,-346.94034,1281.09998,310.29547,-612.18518,1269.0636,584.91675,-389.96149,1186.16382,555.04065,-553.48969,1277.17944,360.58182,-299.87772,963.66022,234.72517,-689.70679,995.38373,619.62122,-173.07733,782.25049,279.86908,-682.06366,774.2428,723.94855,-281.73187,907.65308,513.18719,-452.70105,898.35034,621.9679,-561.71417,892.87494,307.69666,-297.55344,457.27924,422.18054,-599.40442,464.13556,635.20319,-356.11374,86.5658,467.35611,-376.49411,82.13377,577.57855
165,1.64,-338.36389,1406.82776,630.20728,-503.52634,1520.4436,403.21484,-347.63046,1457.43494,432.5564,-481.61755,1446.1333,614.75702,-339.97818,1282.89258,316.89914,-606.0907,1269.9762,591.29333,-383.56339,1186.95337,561.25378,-546.71484,1278.11877,366.98074,-291.77667,965.43793,240.6969,-683.18121,995.86066,624.44067,-163.18785,785.34747,288.33356,-676.20398,774.69788,728.51147,-274.66629,908.65894,517.57233,-445.5271,899.3819,628.16736,-555.92773,895.047,313.57166,-295.15891,455.88278,421.76077,-583.89661,467.8443,651.73682,-356.53586,86.18388,466.48825,-376.34744,82.5428,578.0611
166,1.65,-330.34555,1407.70422,636.62433,-497.15063,1521.82959,410.16098,-340.99197,1458.79932,438.65192,-474.72955,1447.46021,621.17096,-333.63544,1284.25366,323.31689,-599.85419,1270.79211,597.17651,-377.39636,1189.19849,569.48401,-540.11737,1279.39636,373.56467,-282.74475,966.95508,247.48215,-677.78827,996.62384,629.68439,-153.02893,788.33514,297.53632,-670.42303,775.17633,733.01587,-269.12149,909.92456,522.49591,-438.50177,899.78387,634.01044,-550.3009,896.59619,319.8775,-293.09125,455.13498,421.02631,-567.75873,471.49005,666.87891,-357.4248,85.77982,465.00595,-398.53079,88.2593,566.44287
167,1.66,-322.58478,1411.44983,649.38617,-490.48245,1523.06921,416.8324,-334.58026,1459.76416,445.50394,-467.90659,1448.55383,627.96808,-327.26538,1285.5603,329.81909,-593.86359,1271.88062,603.02649,-371.70752,1188.19885,570.35217,-533.81543,1280.59875,379.70282,-274.84634,968.38452,254.41151,-671.58624,997.71094,634.30481,-143.61867,791.05054,305.52026,-663.92792,775.59692,737.70508,-263.9437,910.66058,526.9751,-431.93289,900.80304,640.73553,-544.69269,898.04858,326.23309,-290.5939,454.93936,421.14951,-550.98999,475.20135,681.23114,-358.89624,85.3278,463.38156,-397.91806,88.66975,565.75952
168,1.67,-316.31589,1412.6792,655.83569,-483.80441,1524.51917,423.55304,-328.1413,1461.04187,451.92197,-461.25555,1449.31506,634.42609,-321.04752,1287.17297,335.69928,-588.22894,1273.12292,609.04956,-366.89011,1190.78699,581.18457,-527.38824,1282.29395,386.02438,-266.80133,969.91718,261.23294,-665.83905,998.49103,638.62494,-133.70357,793.83807,314.28568,-659.47241,776.80249,741.68542,-258.97809,911.01276,530.75311,-424.90125,901.71918,647.17065,-539.6701,900.08612,332.70932,-288.39297,455.32657,421.00092,-534.26434,479.48724,695.26147,-361.41803,87.21567,460.72018,-373.34894,81.51686,574.16138
169,1.68,-309.12698,1413.3739,662.05725,-477.4935,1525.95471,430.16568,-321.74924,1462.62158,457.63193,-454.49973,1450.32861,640.83179,-314.47659,1288.31213,342.25174,-582.22272,1274.50049,615.10748,-359.9982,1192.03064,586.11591,-520.97656,1284.01184,391.99365,-258.72412,970.86731,268.50653,-660.42981,999.51709,643.13629,-124.72375,796.55103,322.83041,-654.33624,777.78137,746.05469,-254.61575,912.48907,535.68378,-418.29865,902.37415,653.22522,-535.44806,902.04431,339.05026,-285.77698,455.90274,420.58707,-517.46637,484.36533,707.82965,-362.93533,87.60188,460.20236,-373.16959,81.95313,574.78058
170,1.69,-303.04568,1414.58813,668.44995,-471.08026,1527.29163,436.7504,-315.39783,1463.59265,464.6871,-447.81754,1451.3595,647.61279,-308.21878,1289.70422,348.11166,-576.40851,1275.95166,621.41095,-353.89615,1192.0282,593.33435,-514.41577,1285.05701,398.40259,-250.9554,972.24921,275.20209,-655.06146,1000.91266,647.46014,-115.42087,799.18518,330.86435,-649.35309,778.9978,749.97632,-250.66519,913.53033,539.21063,-411.88614,903.86395,660.0047,-530.5498,903.59802,345.92606,-285.20126,456.17041,421.02325,-501.14563,489.01822,719.26178,-365.60498,89.98836,457.48254,-396.94882,89.4716,565.76044
171,1.7,-295.22156,1414.85034,674.42139,-464.68674,1528.48291,443.69388,-308.83902,1464.69556,470.41705,-441.51944,1452.23364,653.90472,-301.75793,1290.78918,354.86594,-570.14709,1277.19128,627.16547,-347.61511,1193.07874,599.29498,-508.14429,1286.54358,404.5806,-243.24425,973.58569,283.13394,-650.29761,1002.36993,651.85547,-106.99228,801.77789,339.04984,-644.60291,779.7973,754.09521,-245.45482,914.82074,543.33759,-404.60141,904.30469,666.29254,-525.82495,904.86182,352.83847,-283.99799,456.28586,422.16397,-485.82947,493.89166,729.1344,-366.83713,89.94903,457.12332,-396.8465,89.72871,566.10242
172,1.71,-288.96133,1415.91919,680.90173,-458.17233,1529.51941,450.10519,-302.30347,1465.33411,477.71701,-434.63229,1453.58057,660.62366,-295.64139,1291.78149,360.7312,-564.02716,1278.60071,632.81677,-341.77924,1194.81433,603.8172,-501.36758,1287.39575,410.74533,-235.39018,974.38586,290.61038,-644.65717,1003.61578,655.66833,-98.38007,804.185,347.39972,-639.86395,781.16583,758.13306,-241.63808,915.57599,547.28027,-398.20047,905.44678,673.13062,-520.72961,905.9823,361.02261,-282.80676,456.78857,423.34097,-471.34769,498.24185,737.58203,-368.19629,90.2583,456.26953,-372.87497,82.64871,575.80634
173,1.72,-282.99707,1416.97791,687.3595,-451.91171,1530.40076,456.56757,-295.94043,1466.61572,483.81396,-428.21051,1454.29907,666.78119,-288.81076,1292.66101,367.48334,-558.00928,1279.7644,639.03912,-335.25674,1196.16162,609.60107,-495.23563,1288.7196,416.96747,-228.1692,974.90186,298.58511,-639.74542,1005.32275,660.63287,-89.57378,805.76196,355.53256,-635.99335,782.21777,762.42407,-236.67519,916.42188,550.61609,-390.49942,906.68268,679.66974,-516.87415,906.93268,368.27066,-281.32364,458.06882,423.41669,-456.3616,502.34436,745.50098,-369.86224,91.4648,455.63718,-396.69775,90.11382,566.59467
174,1.73,-275.6351,1417.11816,693.58612,-445.62009,1531.59607,463.54025,-289.31613,1466.98804,489.93314,-421.89276,1455.005,673.45868,-282.60352,1293.34961,373.80771,-551.6817,1281.00085,645.12592,-329.17438,1197.95581,618.0816,-488.57849,1289.41162,423.25052,-220.04692,976.22699,305.76971,-634.76666,1006.4549,665.06653,-81.6108,807.77704,364.00214,-631.83044,783.09979,766.6618,-231.76508,918.22205,555.56586,-382.49026,907.46136,685.56665,-513.18744,908.40479,375.58939,-281.65363,458.24417,425.41357,-442.49582,506.16946,752.47729,-369.86224,91.4648,455.63718,-396.65503,90.16875,566.75909
175,1.74,-269.61053,1417.9718,700.12854,-438.97452,1532.06055,469.67227,-282.94427,1468.04199,496.68845,-415.04187,1455.59119,679.77234,-275.7767,1294.19592,380.39258,-545.47125,1282.05322,651.08746,-323.2941,1197.45154,625.32916,-482.24994,1290.51575,429.39972,-212.70526,976.73615,312.74219,-630.10101,1007.8819,669.78162,-73.61875,809.15356,372.27512,-628.05103,784.01227,770.63373,-226.31065,919.11511,558.47699,-374.56195,908.19006,692.31531,-509.04135,909.56769,383.64072,-281.15656,458.68845,428.52887,-428.48248,509.46649,759.33551,-370.78641,92.15273,455.82111,-396.64658,90.14667,566.80518
176,1.75,-263.76202,1418.78027,706.75763,-432.68826,1532.60767,475.96237,-276.37418,1468.47009,502.77707,-409.01056,1456.14771,686.36597,-269.15436,1294.75195,386.61813,-539.28723,1282.81116,656.77704,-317.22235,1197.33655,630.78424,-475.64435,1291.02722,435.70813,-205.06158,977.66174,320.44806,-624.93048,1009.099,674.82629,-65.38219,809.87256,380.85236,-624.88806,785.09424,775.32257,-221.66904,919.83295,562.43896,-367.8613,909.6673,698.88007,-504.63422,909.94263,391.26147,-280.94205,458.854,430.2392,-416.25201,512.08698,765.47223,-370.32657,92.53037,455.76746,-424.17603,34.87001,469.0947
177,1.76,-256.91608,1419.22852,713.31989,-426.30984,1532.94495,482.45956,-270.06943,1469.1864,510.3685,-402.49588,1456.54407,692.54059,-262.75705,1295.17529,393.26706,-533.51166,1283.5188,663.0426,-310.78516,1198.09485,635.66443,-469.00446,1291.73633,441.56616,-197.24863,977.78931,328.65134,-620.3905,1010.19513,679.88135,-58.32096,811.06781,388.603,-621.54346,785.9942,779.5235,-215.85626,921.14758,567.69501,-359.87695,910.39984,705.13403,-500.33224,910.77667,399.9686,-280.94324,459.55167,434.10818,-403.8598,513.56348,771.22797,-370.66071,93.74141,455.50308,-459.12195,127.68371,666.11053
178,1.77,-250.76312,1419.72693,719.82385,-419.73776,1533.4364,489.14737,-263.89517,1469.62842,516.33673,-396.27271,1456.77478,699.14612,-255.54715,1295.15063,400.39816,-527.40234,1284.39648,669.30927,-304.68155,1199.06458,643.18677,-462.22754,1292.19287,447.79001,-190.16963,977.83789,336.18829,-614.87219,1010.84064,684.56433,-49.98956,811.51263,396.74759,-617.90076,786.58411,784.55231,-210.32823,922.23151,571.58679,-352.26242,911.0697,711.33215,-496.41943,911.07806,408.08313,-279.96844,460.79004,437.22433,-390.05392,516.09448,777.00507,-370.79773,93.76353,455.74084,-434.29132,119.44511,682.48645
179,1.78,-244.95303,1420.09363,726.73352,-413.44827,1533.26184,495.40472,-257.74658,1469.95813,521.59351,-390.25208,1456.98633,705.55334,-248.97675,1295.01416,407.02866,-520.96692,1284.34766,674.98108,-299.07748,1198.005,648.63519,-455.48749,1292.29041,454.10291,-182.20619,977.89105,343.62973,-611.29645,1012.25824,689.43188,-42.11112,811.73193,405.56149,-615.89807,787.94086,789.55188,-204.83322,922.22028,576.81708,-345.54803,912.32013,717.9585,-491.38428,911.4552,416.27704,-278.78073,460.56705,440.71509,-377.91956,517.44305,782.71826,-371.27945,94.84679,455.37885,-408.85233,116.36599,703.98907
180,1.79,-238.21043,1420.44897,733.46155,-406.74939,1533.16956,501.64853,-250.96599,1470.58179,528.73987,-384.0137,1456.95239,711.82074,-241.99188,1295.37622,413.34277,-514.95404,1284.453,680.98529,-293.10651,1197.88159,654.16052,-448.4418,1291.94458,460.60712,-174.1232,977.43225,351.59067,-604.63464,1011.82654,694.49005,-34.66537,811.94818,413.45099,-612.64764,788.0495,794.49402,-198.93953,922.83856,582.14294,-338.3486,912.62177,724.22772,-487.36615,911.85193,424.14886,-277.89203,461.23477,444.43307,-366.42633,518.45947,787.54419,-371.23288,95.00047,455.56342,-382.37161,113.13155,724.16638
181,1.8,-232.4648,1420.46716,740.55078,-400.50049,1532.76001,508.67648,-244.1942,1469.66077,536.76501,-377.70181,1456.62207,718.73322,-235.05711,1294.75305,420.57108,-508.99435,1284.60608,687.4552,-285.91302,1197.79614,663.8313,-441.96744,1292.30176,467.07068,-166.93571,977.30042,358.92273,-600.94733,1012.77686,698.78699,-27.22017,811.77545,422.49561,-610.97327,789.05267,799.27997,-192.45332,922.22681,588.07733,-331.53885,912.47418,730.66864,-482.8685,912.10266,432.33896,-277.3053,461.49857,447.34155,-355.12811,518.55304,792.5141,-371.27863,95.2896,456.10678,-357.30609,113.28232,748.42877
182,1.81,-226.54752,1420.74011,747.55243,-393.86118,1532.26184,515.05316,-237.73701,1469.61951,543.05255,-371.39218,1456.30688,725.36877,-228.20303,1293.90173,427.25406,-502.33966,1284.03235,693.16394,-280.42282,1196.32117,670.99261,-434.69824,1291.60596,473.69211,-158.90196,976.89453,366.15274,-595.44568,1012.46307,703.72131,-19.56096,811.27893,430.48663,-608.74457,789.3302,804.70294,-185.63,921.54846,593.43896,-324.74564,912.37323,737.25305,-478.7142,912.51715,440.30719,-275.52283,461.54095,450.70331,-344.61786,517.30157,796.64655,-371.27863,95.2896,456.10678,-423.22946,130.959,643.06177
183,1.82,-219.53163,1420.03528,754.5387,-387.46829,1531.46033,521.58368,-231.28801,1469.50488,549.58032,-365.18146,1455.90393,732.09619,-221.06882,1293.7323,434.78131,-496.44998,1283.66663,699.79156,-273.40308,1195.85217,676.68774,-428.91479,1291.92236,480.41336,-151.40909,975.86255,373.49429,-590.30255,1012.27258,709.06946,-12.80625,811.14142,438.74878,-606.95874,789.90588,810.05707,-179.58224,919.86682,599.48334,-317.50125,911.56287,742.95709,-474.21002,912.00214,448.06815,-273.61179,461.84531,453.49826,-335.54694,514.86292,801.51599,-371.36218,96.24394,456.52997,-364.71393,-26.15186,550.06958
184,1.83,-213.60107,1419.49683,761.55884,-381.06058,1530.69812,528.56836,-224.93533,1468.34351,557.40741,-358.95602,1455.34131,739.12677,-214.27209,1292.58813,441.9234,-489.99344,1282.92468,706.24487,-267.72992,1195.17017,684.35828,-421.97266,1291.52844,486.76569,-143.82379,974.98077,381.99652,-585.16199,1011.76312,713.94025,-5.3697,810.50549,447.53561,-605.00836,790.15991,814.96619,-172.87708,918.39697,604.96838,-310.89322,911.04266,749.65747,-469.24142,911.75067,456.31717,-270.58426,461.18512,456.74606,-324.2518,515.5683,803.00464,-371.07462,96.52327,456.56784,-345.96396,-38.6381,560.6781
185,1.84,-206.98082,1419.00073,768.67114,-374.66205,1529.70471,535.43317,-218.39665,1468.26892,564.03467,-352.3287,1454.26062,745.91504,-207.82158,1291.58484,448.70206,-483.72043,1282.27429,713.29205,-261.37689,1193.76624,689.9483,-415.55707,1290.52991,493.56311,-136.46431,973.98938,390.00372,-578.58917,1010.64246,719.53064,1.41966,809.57355,455.94446,-603.10327,790.41089,820.18848,-166.40063,917.41272,610.44495,-303.33942,910.20007,755.93298,-465.32925,911.62994,464.62943,-268.09552,460.59167,459.47705,-315.71405,512.57068,806.12744,-371.14935,96.89658,456.68771,-252.13564,111.47806,818.96326
186,1.85,-200.93456,1418.50928,775.96808,-368.29416,1528.70984,542.38922,-211.64824,1467.66858,571.25378,-346.51883,1453.50732,753.21088,-200.83633,1290.54102,455.87491,-477.40088,1281.60718,720.61707,-255.3746,1193.83728,696.95453,-408.51367,1289.58081,501.01761,-128.54167,972.73413,398.18018,-574.32349,1010.54004,724.95386,8.24444,808.77802,463.77402,-600.82825,790.57996,824.88232,-160.5201,915.60059,616.52155,-295.94824,909.38043,762.34998,-460.03647,910.9187,472.38504,-265.35046,460.27017,461.86273,-307.38843,510.52774,809.23273,-370.95563,96.60268,457.41162,-225.50345,113.9509,834.44659
187,1.86,-194.49544,1417.42407,783.27069,-362.00259,1527.41492,549.77557,-205.63768,1466.5603,578.11743,-339.91458,1451.73352,760.41895,-194.36787,1289.27722,462.99768,-470.86438,1280.73438,727.66278,-248.62909,1192.55554,706.00293,-401.85773,1288.31323,508.56107,-121.66126,971.91473,405.42801,-569.34125,1010.10236,731.11273,15.02876,807.42981,472.89789,-598.81537,790.60132,830.28973,-154.41257,914.39941,622.33069,-288.68567,908.37018,769.77496,-455.59668,910.55505,480.95581,-261.33542,459.78976,464.86459,-298.28195,508.27515,812.82349,-370.32962,97.5152,458.14847,-202.31335,118.32123,850.22784
188,1.87,-188.19202,1416.39807,790.88531,-355.62927,1525.9696,556.78339,-198.83443,1464.83374,586.50854,-334.28088,1450.59851,767.73999,-187.63989,1287.56958,470.87912,-464.17932,1279.57043,735.02649,-241.71069,1191.00037,712.87158,-395.69205,1287.0979,515.50195,-114.33742,970.2558,413.61304,-563.76825,1009.32654,737.18188,21.28062,806.56543,481.24612,-596.67676,790.72174,835.68854,-147.94394,913.25549,628.1297,-281.9635,907.25415,777.17181,-450.25632,909.65753,489.4487,-258.48721,459.10742,467.41611,-290.6579,505.48111,817.01117,-370.59763,98.58555,457.76266,-179.88605,121.51115,863.49506
189,1.88,-180.98495,1414.60986,797.34131,-349.62115,1524.63293,564.4292,-192.67873,1463.99011,594.53223,-327.47638,1449.44336,774.96417,-181.6297,1286.21423,477.17059,-457.5239,1278.51123,742.65424,-234.94478,1188.96667,717.72803,-389.70044,1286.25403,522.77106,-107.4812,968.87506,422.3269,-558.45361,1008.32629,744.23615,27.81284,805.05164,489.90298,-594.64667,790.55652,841.34808,-141.93451,912.75403,634.41107,-274.76157,905.28314,784.36493,-444.71811,908.31348,497.75168,-253.91957,458.86041,470.24063,-282.28357,502.94586,821.1311,-370.93088,99.69223,457.62936,-158.96866,124.08221,872.34204
190,1.89,-174.56294,1413.48059,804.8194,-343.50647,1523.22656,572.09137,-186.47144,1463.01941,602.34015,-321.82574,1447.98059,782.67712,-175.60817,1284.78979,484.79633,-450.46808,1276.97607,750.0401,-227.90529,1187.92358,726.36523,-383.37927,1284.17053,530.77032,-100.92902,967.23108,431.05768,-552.61041,1007.53455,750.7569,33.69448,803.49677,497.77353,-592.38458,790.62427,847.17969,-135.71733,910.82227,640.01093,-268.02994,903.25708,791.61847,-439.23224,907.3266,506.79764,-249.78648,458.31732,473.40738,-274.17026,501.15591,826.38861,-370.24561,99.9126,458.45514,-140.47363,129.16397,885.41193
191,1.9,-168.56805,1411.75806,812.39215,-337.22369,1521.49426,579.35681,-180.31937,1461.74231,609.67468,-316.04279,1446.90295,790.4425,-169.82573,1283.49463,491.54037,-443.89529,1275.72583,758.48566,-221.15907,1187.06494,733.42212,-377.38629,1283.25867,538.51715,-94.67194,965.54395,439.03864,-547.32867,1006.8714,758.44232,39.59094,801.71655,506.1499,-590.31958,790.41486,853.32666,-128.90996,909.38055,645.44818,-260.67026,901.20355,798.85101,-433.69327,905.84705,515.70471,-246.23602,457.69101,476.74365,-266.21924,498.97266,832.47083,-370.19931,100.06617,458.63965,-396.37378,88.67959,569.99908
192,1.91,-162.05426,1410.76135,820.51459,-331.35614,1519.84583,587.38422,-174.28946,1460.20459,617.88696,-309.715,1444.78918,798.2207,-163.91383,1281.88464,497.5383,-436.82025,1274.203,766.78687,-213.83504,1185.93591,740.69983,-370.93808,1280.95764,546.56586,-88.24777,963.93805,447.40363,-540.73096,1005.18994,765.5592,44.99089,800.28864,514.22028,-588.01501,789.84686,859.74121,-122.22495,908.33228,651.06689,-253.36696,899.48328,806.47742,-427.63681,903.57257,524.16589,-242.78079,457.49509,481.32468,-258.08337,496.94623,840.24323,-369.603,100.31216,459.66663,-109.34567,136.07953,904.84863
193,1.92,-156.71506,1409.69885,829.02106,-325.08167,1518.12561,595.04901,-168.46643,1458.88477,624.77246,-304.03513,1443.34558,806.01764,-158.1754,1280.67615,504.65607,-430.07428,1272.4021,774.72302,-206.33322,1183.73242,749.53601,-364.77579,1279.61816,554.83569,-82.45788,962.14929,455.85718,-535.62878,1004.35669,773.50586,50.31953,798.10541,521.89734,-585.50092,789.65845,866.17206,-115.11646,906.36316,658.22986,-245.38213,897.50055,813.92853,-422.10934,902.33325,532.63556,-238.0062,457.33908,486.11789,-249.94144,493.89124,846.24982,-368.66983,102.67318,460.46957,-94.60337,136.12987,908.8847
194,1.93,-150.58638,1408.30518,837.0528,-319.39151,1516.57959,603.0636,-162.17825,1457.00049,633.23572,-297.97763,1442.04285,814.21692,-152.49492,1279.22791,512.64587,-422.91327,1270.84595,783.59241,-199.65237,1182.19446,754.76282,-359.16254,1277.52405,563.06232,-77.57352,960.96039,465.29565,-530.00012,1003.4021,781.72552,55.0607,796.78149,528.74194,-582.35242,788.95624,872.72742,-107.90939,905.20459,665.78894,-237.28575,896.28546,821.40741,-414.82419,900.22424,541.25043,-234.06682,456.57767,491.14035,-242.16109,491.88705,852.03345,-368.78,104.14988,460.8544,-372.08081,79.87601,576.2467
195,1.94,-144.46935,1407.53857,845.45605,-313.59756,1514.92676,611.32483,-156.39905,1456.27612,641.85608,-292.62335,1440.83362,822.77997,-146.77475,1277.95313,520.33929,-416.133,1269.05725,792.48303,-192.17868,1181.67419,763.20447,-353.90515,1276.51465,571.87091,-71.63937,959.76703,473.11661,-523.88519,1001.94562,790.01599,59.23585,794.26685,536.65784,-579.38409,788.21808,880.07037,-100.40885,903.8988,671.68781,-229.25262,894.48828,828.8045,-408.06232,898.47736,549.73926,-229.67015,456.26627,497.03738,-233.26422,489.37912,858.00751,-369.23941,105.86019,460.17148,-72.91083,137.96411,921.05737
196,1.95,-138.70853,1406.36682,853.89954,-307.81781,1513.32727,619.83533,-150.56042,1455.13562,650.26465,-286.41135,1439.13354,830.81671,-141.17502,1277.10791,528.24854,-409.3266,1267.30383,801.57343,-185.42365,1179.4342,771.07501,-347.53293,1274.56824,580.74689,-67.17321,957.92065,481.41971,-518.48907,1000.73877,798.466,63.47131,792.40985,543.38843,-576.34106,788.01117,886.72089,-93.57578,902.67804,678.38153,-221.24629,893.32904,836.4516,-401.85202,897.18829,558.38544,-225.53456,455.87152,502.15378,-225.2058,487.33322,864.14685,-368.89853,108.45468,461.12936,-64.18039,136.6978,923.39923
197,1.96,-135.10635,1403.87793,859.99652,-301.94101,1511.64429,627.7218,-144.8951,1454.099,658.59155,-280.71191,1437.83887,839.49811,-135.09332,1276.18396,535.96173,-402.61914,1265.23279,810.84357,-177.87398,1178.46338,778.66254,-341.97815,1273.54236,589.37494,-62.69215,956.48688,488.50354,-512.33862,999.33997,807.54858,67.67715,790.13293,550.39392,-572.86804,787.42865,893.992,-84.65778,902.16516,686.04468,-211.99113,891.3808,843.8042,-394.11191,895.4101,567.11078,-220.57878,454.66879,508.62866,-216.52745,485.25208,869.9198,-369.52728,110.78402,461.0112,-370.63098,83.43456,580.4126
198,1.97,-129.41599,1402.89478,868.78955,-296.31335,1510.27893,636.44202,-138.81847,1452.86938,667.31348,-275.17911,1436.58618,847.82306,-129.94795,1275.2605,544.06158,-396.16058,1263.64539,819.97021,-170.87297,1176.84155,787.9621,-336.022,1271.65027,598.23895,-59.18332,955.20605,497.08936,-506.13702,997.97131,816.43207,71.60124,787.99127,557.54193,-569.29926,787.13184,901.86005,-78.11841,901.04468,692.89844,-203.68892,889.72827,851.21667,-388.23495,894.3147,576.22827,-215.66212,454.22205,515.17621,-207.1638,483.30719,876.21246,-367.83731,113.52948,462.42697,-52.17975,128.58151,925.64862
199,1.98,-123.77511,1402.0448,877.40417,-290.75296,1508.85156,645.30634,-133.3002,1452.21643,676.1792,-269.29974,1435.90015,856.96289,-124.47105,1274.54419,553.07526,-389.53226,1261.89844,829.19269,-164.28394,1176.70679,796.23865,-330.15662,1270.17383,607.54486,-54.94946,953.88623,505.40363,-499.86157,996.22852,825.63782,74.98611,786.35291,563.53534,-565.06659,786.48706,909.67377,-69.87869,900.39465,699.3031,-195.33199,888.28064,858.79608,-380.0589,893.1297,585.00507,-209.31607,453.51962,522.99945,-197.83664,481.36823,883.06549,-367.91345,115.4781,465.79034,-47.83089,125.24773,926.94452
200,1.99,-118.35522,1401.2677,885.77625,-285.13907,1507.3562,653.86255,-127.29643,1451.25464,685.52808,-263.586,1434.42896,865.47021,-118.69936,1274.31897,561.48596,-382.96909,1260.24841,839.04218,-157.38721,1175.10535,804.8667,-324.75876,1269.32336,616.93945,-50.54515,953.33777,512.02484,-493.60876,994.75562,834.59198,79.21996,784.73761,569.2934,-559.82422,785.51123,917.62549,-62.40825,899.86206,707.74298,-187.00546,887.14667,865.5968,-372.27737,891.33759,593.77716,-202.8562,453.379,529.99921,-189.25856,479.36212,890.80347,-366.4888,118.8353,466.32761,11.07718,129.99338,901.90808
201,2,-111.60069,1401.55859,895.84381,-279.74933,1506.24036,663.04425,-121.45525,1450.26001,695.72675,-258.08804,1433.74243,874.72302,-113.58993,1273.62671,569.93945,-376.43771,1258.44641,848.67267,-150.61346,1174.19946,814.11182,-319.19394,1267.72937,626.47632,-47.03258,952.30695,519.37415,-487.27484,993.30908,843.75763,82.34507,782.70239,575.42352,-554.90741,784.19757,925.86743,-54.1517,899.94647,715.62988,-180.43323,885.46942,871.58826,-364.53235,889.95947,602.92511,-195.90532,453.51724,536.62476,-179.92632,477.00073,897.36041,-363.37781,122.06702,466.40341,14.49638,124.84001,904.06927
202,2.01,-106.76637,1400.58911,904.76984,-275.35962,1505.57739,672.05743,-116.43706,1449.93884,703.5285,-252.66501,1433.13062,883.73199,-108.17061,1273.23181,578.48407,-369.94952,1257.11389,858.24335,-144.08377,1174.31116,822.2915,-313.14291,1266.18616,636.68005,-43.73895,951.79431,525.74091,-480.69482,992.08093,852.28864,85.36815,781.62311,581.09283,-549.43951,783.17474,933.88843,-46.61917,899.57251,723.6709,-170.61205,886.02032,881.08948,-357.07706,888.85602,612.24408,-187.23659,453.20987,544.28864,-169.96133,474.53903,903.69598,-360.30542,125.60353,466.96851,-37.81706,115.16543,936.24628
203,2.02,-100.73118,1400.36658,914.0116,-268.77011,1504.67322,681.42804,-110.60653,1449.3479,712.57935,-246.49191,1432.17603,892.87683,-102.96689,1273.23389,587.76996,-363.62033,1255.84583,868.53992,-136.66351,1174.39893,832.46057,-307.37491,1265.01758,646.47101,-40.39506,952.13251,533.04523,-474.18793,990.7533,861.89746,89.34149,780.55151,587.14032,-544.13757,782.58392,942.08795,-37.93222,900.23792,731.67725,-162.43954,885.95691,890.4693,-348.41739,886.94128,621.84497,-177.86726,453.07327,551.27246,-160.2558,473.64459,912.49237,-355.84198,129.7939,469.04132,24.53381,118.98994,911.33917
204,2.03,-95.89001,1400.68188,923.69788,-262.74387,1504.30981,690.65662,-104.40643,1449.37427,722.40247,-241.42656,1432.71777,902.50977,-97.95225,1273.39734,596.56927,-356.79886,1254.87256,878.65289,-130.55751,1173.30273,840.13031,-301.59378,1264.85327,655.91754,-37.176,951.58722,539.87726,-467.44519,989.2373,870.52747,92.95991,780.14551,591.8219,-537.23407,781.45593,950.89276,-29.77246,900.07019,740.07849,-153.34869,885.25439,899.19696,-341.63873,886.45386,631.37427,-166.8828,453.76328,558.43427,-151.27246,471.83414,918.66345,-353.21732,136.36542,472.07208,-354.71173,90.86282,582.78973
205,2.04,-90.18317,1400.47742,933.86066,-258.34009,1505.31946,700.21472,-99.00098,1449.87939,732.01477,-235.45607,1432.6438,912.10663,-92.09254,1273.70752,605.86237,-350.80756,1253.98096,888.69977,-123.61027,1174.12903,849.90302,-296.29404,1264.58435,666.27203,-33.54935,951.7616,547.25983,-460.78638,988.51941,880.39252,96.81564,779.23474,597.31537,-530.47089,780.4104,959.40472,-21.87033,901.10889,748.81921,-144.2289,884.94269,908.25549,-333.95749,886.50311,641.12573,-155.12105,453.80313,565.04388,-144.62836,469.96707,926.51294,-345.83221,141.70348,473.43427,-349.3631,91.54887,583.68433
206,2.05,-84.46901,1401.05847,943.45099,-251.29295,1505.12341,710.07892,-93.30855,1450.74426,742.1084,-230.26859,1432.70667,921.68359,-87.32182,1274.57349,614.31555,-344.23773,1253.77026,898.87457,-116.45371,1175.07849,861.5144,-290.97263,1263.86389,676.03906,-30.47662,952.34448,554.63763,-453.80005,987.95624,889.38458,100.85291,779.14014,601.99731,-523.40918,779.41827,968.37921,-13.7345,902.37689,757.79907,-135.42343,884.91693,917.21729,-327.03076,886.72729,650.60248,-142.27032,454.47113,572.00433,-137.24226,470.25803,935.77771,-338.34094,147.5493,476.1564,-19.58263,102.23152,953.53979
207,2.06,-79.02246,1401.3623,953.36548,-245.0954,1505.69812,719.21942,-87.3675,1451.32861,752.45789,-224.73482,1433.06396,931.2113,-82.03628,1275.63,623.29858,-337.59427,1253.83887,909.49951,-110.21997,1176.09998,869.00018,-285.29736,1264.52722,686.43781,-27.28904,953.1991,561.41986,-446.77094,987.86676,898.74615,104.67492,779.54761,606.9339,-516.10254,779.06421,977.00934,-5.82908,903.98834,766.83618,-126.78753,885.81958,926.91107,-319.45212,886.23303,660.24072,-127.7622,455.16449,578.38989,-131.36632,469.69232,943.21533,-330.23273,154.81148,479.61188,-16.96134,99.47662,952.94452
208,2.07,-73.69781,1401.64429,963.33813,-239.0844,1506.76697,729.14319,-80.95724,1452.61292,761.86884,-219.58293,1433.75354,941.10858,-76.8215,1276.88733,632.12915,-330.80014,1254.31543,918.93036,-102.7902,1177.52051,877.50659,-279.6712,1265.42871,695.64014,-24.10944,954.58685,568.75671,-439.01709,987.65381,908.18945,107.96532,780.23889,611.03516,-507.15082,778.82526,985.97314,1.74058,905.5307,775.72015,-118.71918,886.80359,936.70227,-312.7395,887.3446,669.69836,-110.88316,455.49588,586.04126,-125.47342,469.79813,952.06305,-320.02255,161.55376,483.92114,-329.43311,99.63139,592.06946
209,2.08,-67.99902,1402.04944,973.67285,-232.96021,1507.72998,738.65601,-75.3828,1453.33533,771.72791,-214.13292,1433.5542,949.97559,-71.25099,1278.60669,640.88281,-323.70117,1255.43408,928.45892,-96.32272,1178.10974,885.62402,-274.23151,1267.06323,705.14099,-20.48831,955.90833,577.25641,-431.66727,988.8078,917.50043,112.45428,781.50665,615.17163,-499.3515,779.24341,994.54535,8.52069,907.8703,785.44958,-111.23228,888.41559,946.05988,-306.69446,887.90936,678.56854,-93.07611,454.14096,594.40778,-120.05618,470.27823,960.92029,-309.37582,170.82961,488.38715,NA,NA,NA
210,2.09,-63.66214,1402.37732,982.63806,-226.74759,1509.04163,748.28223,-68.64825,1455.03418,782.63507,-209.11882,1433.74658,959.50342,-65.68269,1280.27502,648.76825,-316.89468,1256.83301,937.83575,-89.71844,1180.14246,895.83368,-267.84659,1267.8623,714.04492,-16.46678,958.08496,584.14801,-423.86377,989.46545,926.88934,117.07478,783.80859,619.92303,-490.06061,779.64478,1004.42444,14.86381,909.64258,793.99231,-103.32961,889.7171,955.57373,-300.4241,889.03729,688.22583,-73.52525,454.03857,603.88684,-114.35755,471.87598,969.51984,-295.83926,176.68102,495.00641,-310.08362,109.22787,602.08173
211,2.1,-58.52141,1403.07251,993.90198,-220.56606,1510.22229,757.85413,-62.6351,1456.44092,792.71838,-204.06618,1433.44348,968.02856,-59.78235,1281.75183,656.91791,-309.65094,1258.04602,946.47003,-83.55073,1182.05933,903.22668,-262.59515,1269.68701,722.78961,-11.91169,959.90253,591.91925,-415.91812,990.63989,936.58319,120.18278,785.95001,623.55817,-480.76425,780.20587,1013.35858,20.58773,912.00708,802.43915,-96.43295,891.89203,965.68689,-294.7106,889.98834,696.09259,-52.68776,453.29459,614.57922,-109.524,475.01337,978.18695,-281.27139,184.97096,500.69327,-356.63004,192.99136,523.00006
212,2.11,-53.89051,1402.63953,1003.77618,-213.53072,1511.45215,766.59418,-56.28423,1458.85303,803.00116,-199.3636,1433.06079,977.04584,-53.88366,1283.84338,664.41449,-302.83667,1260.22095,954.53534,-78.35852,1181.11316,908.7475,-255.78246,1270.90918,730.93945,-6.78488,961.87231,599.7027,-408.02646,992.52789,946.41229,125.10242,786.66248,627.39301,-471.35419,781.24274,1023.45947,26.40408,913.96545,811.88971,-90.40892,894.22961,974.90234,-288.70123,890.36182,704.56927,-31.3689,454.16284,625.67212,-104.74208,477.69434,986.04535,-264.86588,192.71721,507.98123,-338.76929,206.62627,531.37213
213,2.12,-49.85073,1403.62451,1013.19818,-206.51279,1512.85327,775.47113,-49.58832,1459.88123,813.53778,-194.86017,1433.13184,985.65814,-47.56992,1285.17688,672.68585,-296.30383,1262.38379,962.50879,-70.6541,1184.48608,917.58588,-249.89757,1273.20313,738.31726,-1.86881,963.58313,607.73181,-400.10791,993.97156,955.69275,130.1256,788.17517,631.99414,-460.80899,782.66003,1033.62231,31.95412,915.65723,821.60638,-84.03602,895.64905,984.09882,-282.67783,891.08093,712.40247,-10.29021,455.69351,636.93085,-100.67982,479.88034,994.43976,-247.43335,199.75243,517.67322,-15.21128,99.35381,960.26111
214,2.13,-45.1278,1403.11755,1023.44824,-200.64705,1515.60571,784.40155,-42.87899,1462.27844,823.90051,-190.36725,1432.25623,993.67303,-40.45655,1286.29504,680.34442,-288.79614,1263.97424,970.03345,-64.85781,1185.48169,925.73267,-243.0654,1275.15723,745.56158,4.16268,965.20776,614.54871,-392.42801,995.71509,965.2066,134.83644,789.89758,635.16699,-451.25644,783.82336,1044.28003,35.39458,916.61035,830.48749,-79.03552,897.71844,992.77466,-276.36029,891.55945,720.56659,10.74988,458.07205,648.82501,-97.34674,481.57062,1003.33234,-228.94933,208.19511,526.50635,-15.1601,99.43922,960.52142
215,2.14,-41.89659,1402.66968,1032.97754,-192.38661,1516.69312,793.25586,-35.98368,1464.31042,834.50067,-186.03403,1432.02832,1001.4104,-33.59539,1287.69458,687.60461,-281.78839,1266.19128,977.24481,-58.75779,1186.96167,933.54626,-236.31728,1276.71948,752.89899,10.33782,967.00726,619.49261,-385.00378,997.59827,974.42542,140.07658,791.01007,639.3913,-441.19208,785.41138,1054.86316,40.75567,917.97217,839.85522,-75.2015,899.57751,1002.97284,-270.62906,892.06897,727.80017,30.88547,461.20337,659.94604,-94.76234,481.74393,1011.22748,-208.65472,215.78389,537.63361,-15.18579,99.29385,960.4325
216,2.15,-37.86405,1403.05933,1042.76855,-185.4567,1518.97192,801.8786,-29.5681,1466.03027,844.26099,-181.23653,1432.20349,1009.24756,-26.26371,1288.57605,695.36237,-275.94534,1269.15527,983.65961,-52.85006,1188.34949,941.42908,-229.40724,1278.06519,759.69836,16.3271,968.005,626.56915,-378.07404,999.95972,984.5025,144.81349,791.55786,643.1203,-430.3367,787.2511,1066.16931,45.70594,919.13531,849.05237,-70.71553,900.96783,1011.50507,-264.93567,892.9704,734.9574,49.47185,464.68292,671.88971,-95.39516,479.93463,1016.74231,-189.5739,223.70523,550.87628,-15.26093,99.00143,960.11841
217,2.16,-34.24213,1402.30005,1052.71228,-178.15273,1520.88013,810.17499,-22.32842,1468.07507,855.08899,-177.59882,1432.37085,1016.69128,-19.2743,1289.27222,702.8396,-269.62787,1271.08875,990.09784,-47.20466,1189.8927,947.10626,-222.14363,1280.31995,765.909,22.32692,969.08136,633.04395,-370.93854,1001.92291,993.50568,150.01546,793.04883,647.21881,-419.63925,788.84552,1078.0791,50.9464,919.20984,859.05151,-68.26782,903.27234,1020.49811,-258.68686,893.59454,741.85938,67.55051,468.80167,685.30505,-95.8383,479.33746,1025.27759,-170.75468,229.45213,564.83783,-15.35425,98.6496,959.72375
218,2.17,-31.07898,1402.18701,1061.42139,-170.45357,1523.06372,818.19946,-15.72398,1469.37744,864.35004,-173.8309,1432.29309,1023.75214,-12.46915,1289.71277,710.30969,-263.34048,1273.48938,996.50977,-41.63344,1190.22864,953.04089,-215.22357,1281.78394,771.75751,27.70138,970.27423,638.80048,-364.37265,1003.97852,1002.56293,155.45192,793.55432,650.80853,-408.66135,790.46588,1090.0459,55.07205,919.91437,868.28223,-65.50701,904.68823,1029.59058,-252.7888,895.04474,749.30817,85.36475,473.16333,700.40161,-99.14317,476.67218,1029.79456,-152.95522,235.2406,577.48181,-15.38277,98.45906,959.63739
219,2.18,-28.43213,1402.01367,1070.24976,-162.89232,1525.1864,825.76141,-9.02688,1471.41431,874.53259,-170.16989,1432.25464,1030.37122,-4.71247,1290.68872,717.7168,-257.98758,1276.39246,1002.09491,-35.54197,1192.10583,962.72839,-208.74037,1283.6969,778.49243,33.78047,971.10742,644.46503,-357.23801,1006.12018,1011.81573,160.17819,794.00146,655.57495,-398.08508,792.87598,1101.69128,59.73873,920.06018,877.56989,-63.6661,906.19446,1037.78577,-246.69547,896.86322,755.17041,102.5812,478.65219,715.89392,-104.61667,475.04285,1033.37122,-134.8316,240.15912,590.7348,-15.78231,98.03495,959.87335
220,2.19,-25.92397,1401.89795,1079.47156,-155.02859,1527.28735,832.95203,-2.6103,1472.87781,886.61737,-167.32104,1432.79102,1037.03601,2.88254,1291.03857,725.15625,-254.18195,1280.20715,1007.52612,-30.31979,1193.94812,969.87927,-201.71353,1285.72021,784.547,39.25783,971.53906,652.9104,-351.42664,1008.24554,1019.93689,163.74129,794.49628,659.13098,-386.45111,794.1825,1113.26904,65.56942,920.98309,888.36694,-61.14269,907.63739,1046.86353,-240.1481,899.32111,761.2655,118.9938,483.14279,730.87036,-108.42662,473.33743,1034.2323,-115.1811,243.30637,603.5556,-15.8509,97.73933,959.59888
221,2.2,-23.63289,1401.59851,1088.68494,-146.93013,1529.54102,840.35559,3.91906,1474.50208,895.66968,-163.45122,1433.3656,1043.56946,9.8803,1291.64465,732.89166,-248.88245,1282.35107,1012.31665,-25.23411,1195.77576,976.72803,-193.43216,1287.13184,790.29181,45.33705,973.17865,656.98969,-345.74149,1010.3598,1027.84351,168.89702,795.51636,664.02948,-375.87411,796.66943,1125.96204,70.18052,920.98553,898.33783,-58.99358,909.03339,1054.74597,-233.16115,901.58136,767.08771,135.2522,488.77194,746.63953,-110.07271,472.15225,1035.80164,-95.33753,246.15405,616.2345,-15.96914,97.31505,959.0907
222,2.21,-19.69327,1403.84924,1100.1283,-140.24515,1532.4231,847.02484,10.24528,1475.49805,905.30426,-160.03003,1434.53284,1049.61218,17.6298,1292.33789,740.79095,-244.38448,1284.69897,1017.56122,-19.85883,1197.21985,984.63501,-186.77509,1289.27441,796.0271,51.51325,973.85083,663.57886,-339.88162,1012.13062,1035.08826,173.13322,795.63617,668.23969,-364.89285,798.64685,1137.63599,75.16798,921.5188,907.67078,-57.6132,910.59326,1063.026,-227.03845,904.31836,772.5462,149.99388,494.44327,763.65747,-112.78189,471.11154,1036.73083,-72.7795,246.81253,628.47559,-16.14736,96.69944,958.31488
223,2.22,-19.02134,1402.4375,1106.31421,-133.19269,1534.75806,854.42126,16.40093,1476.42957,915.40149,-156.65088,1435.67639,1055.54919,25.24812,1293.3208,748.80328,-240.51198,1287.20764,1022.8764,-15.16354,1198.83557,992.80286,-179.9805,1291.01685,802.29974,57.51345,975.20538,669.99518,-334.87018,1014.30328,1041.85339,178.86975,796.17499,672.88342,-353.78818,801.18414,1150.35254,80.70419,922.30524,919.19073,-56.10295,912.08197,1070.62219,-220.40565,906.14014,778.12128,164.21391,500.66083,781.23309,-115.01622,470.18539,1038.51782,-49.40184,246.15379,642.31665,-16.21327,96.44158,958.04059
224,2.23,-17.24618,1403.10486,1115.6217,-124.35744,1535.55493,861.07623,22.66869,1477.53015,924.86023,-153.65784,1436.88403,1061.6571,32.64043,1294.297,757.65448,-235.98289,1289.45618,1028.11609,-11.50094,1199.76917,1000.61493,-172.30765,1292.75623,807.63184,63.34927,976.66888,676.28009,-331.51593,1017.29523,1047.91272,183.8179,798.16187,678.04059,-342.52139,803.80981,1161.54138,84.38247,922.51727,929.89771,-54.33294,913.41797,1078.29553,-214.28616,908.45508,783.38739,176.15733,506.99521,798.30109,-117.53007,469.32227,1039.24512,-25.8118,243.60107,656.11597,-16.79959,96.33301,958.60114
225,2.24,-15.48593,1403.33313,1123.43311,-117.10526,1537.3429,867.59021,28.87049,1478.14136,934.73566,-150.71698,1438.39136,1067.19238,39.61205,1295.30908,766.04987,-232.14674,1291.44653,1032.79102,-7.03054,1200.98279,1008.90308,-165.07115,1293.85461,814.22833,69.87428,977.77698,683.89746,-327.1041,1019.29077,1053.97656,189.15744,798.56445,683.02295,-331.50055,806.45319,1173.41089,90.18873,923.16315,939.99463,-53.29535,915.40002,1085.50452,-207.74521,909.99286,788.30072,187.69531,513.06213,814.71875,-119.54738,469.16644,1041.05444,-2.00198,240.34927,671.58209,-17.37805,96.98911,959.16736
226,2.25,-12.3643,1405.06018,1133.9519,-110.20934,1538.65173,874.6991,34.80705,1478.50952,942.80426,-147.41745,1439.224,1073.13037,46.68875,1296.01172,774.83014,-229.49768,1293.76123,1037.57031,-3.20238,1202.09253,1016.05151,-158.64372,1295.14551,819.55133,75.77766,979.42767,691.00146,-323.30664,1021.16821,1059.38843,194.55408,799.97205,688.68164,-320.88049,809.69055,1184.94226,94.5624,924.28229,950.7334,-51.94011,916.70288,1093.09448,-200.75517,911.81128,793.40063,197.1814,519.01276,830.40808,-121.73287,468.56409,1042.95215,22.01045,236.71538,687.84052,-17.43575,96.47571,959.60492
227,2.26,-10.57872,1405.59082,1142.4823,-98.45363,1538.0542,881.85968,40.79293,1478.89734,952.85455,-144.36896,1440.7417,1078.63574,54.42945,1296.47986,783.68488,-225.77611,1295.29602,1043.19238,0.49205,1202.56653,1022.64832,-152.28131,1296.40808,825.78754,81.21943,980.9986,697.74561,-318.37827,1022.1153,1064.6886,200.00558,801.48163,693.78955,-310.51352,813.2099,1196.49402,98.50596,925.46533,961.70251,-50.44224,917.97412,1100.2135,-193.41666,913.22449,798.00348,204.86494,522.90106,847.8183,-122.67014,467.35187,1044.45154,46.20167,231.80379,705.58539,-18.00695,97.15486,960.26416
228,2.27,-9.18739,1406.32373,1150.81934,-94.38185,1540.7168,887.64117,46.66802,1478.79309,962.539,-140.8255,1442.60498,1085.1051,61.65704,1297.43237,792.89008,-221.65112,1296.65283,1048.25928,4.28197,1203.81567,1033.15649,-145.00101,1297.07654,832.56689,86.82355,982.92401,704.84515,-314.97079,1024.06042,1069.26367,205.62595,803.24103,699.29871,-300.14606,816.38977,1207.67542,102.4454,925.61713,972.13,-49.04351,919.23926,1106.5575,-186.26743,914.10052,802.02869,211.89647,527.18951,864.24323,-124.94075,467.65549,1046.41125,71.20425,226.70313,724.69794,-18.03573,97.01391,960.1568
229,2.28,-6.91099,1406.93994,1158.91199,-83.53569,1539.5304,895.21167,52.16103,1479.02283,971.78143,-137.84224,1444.1958,1090.92236,68.41068,1298.38892,801.79688,-218.09352,1297.09424,1052.94543,7.6187,1204.46362,1041.93274,-137.91441,1298.03857,838.41919,92.81916,983.81836,712.80273,-311.12344,1024.76648,1074.28528,211.04012,803.96735,705.53491,-290.30121,819.8999,1219.35425,105.85193,926.34644,982.40277,-48.11283,919.84949,1113.66821,-178.59503,915.19543,807.14099,218.50671,531.41199,881.08044,-125.514,467.27267,1048.19116,95.41219,220.5403,743.89105,-17.53727,96.04453,959.19769
230,2.29,-5.3255,1407.4425,1167.62512,-77.76822,1540.17285,902.21735,57.83677,1478.49658,981.28162,-134.15981,1445.3501,1096.9104,75.27949,1299.08789,811.90961,-214.60246,1298.07507,1058.43945,10.8835,1205.06531,1049.91089,-131.81245,1299.0426,844.95428,98.74419,984.90875,720.38666,-307.36627,1025.89343,1079.03003,216.71953,805.27173,712.38843,-280.30576,823.58557,1230.24329,110.10957,926.19769,993.68665,-46.73019,920.40735,1120.27625,-170.95616,916.18634,811.48468,224.30106,534.43097,896.51764,-126.55099,468.9975,1048.15161,119.08733,213.6749,764.68463,-17.48439,96.18912,959.44324
231,2.3,-3.54911,1408.06873,1175.43213,-68.83722,1539.96057,908.78931,63.19885,1478.23291,991.01685,-131.1277,1446.20532,1103.33423,82.68739,1299.57898,821.37036,-210.63123,1298.11243,1063.25159,14.49388,1205.54504,1059.35168,-124.33395,1298.47009,851.48053,104.86372,986.90973,728.38062,-303.45758,1025.44275,1083.57886,222.1606,805.96381,718.65582,-271.35086,827.69727,1240.95007,113.92121,926.49036,1003.78943,-45.55098,920.58624,1127.72449,-162.86346,916.04382,816.20093,230.1571,536.79523,913.53021,-125.64783,469.09006,1049.96191,142.48044,206.61481,787.18842,-17.33969,95.59311,959.40186
232,2.31,-1.63755,1408.22913,1183.68188,-63.38571,1540.28137,916.03723,68.33795,1478.10217,999.4989,-127.74883,1446.86365,1109.42847,90.10056,1300.01746,830.69409,-207.42281,1298.27283,1068.1687,16.12517,1203.92432,1066.14014,-118.15421,1299.0907,857.92029,111.3787,987.61981,736.5083,-300.08505,1025.56555,1088.53162,227.88335,806.74976,725.90302,-261.96289,831.23004,1251.36475,117.27337,926.1073,1014.6485,-44.74826,920.48962,1134.4469,-154.46684,915.88727,820.62158,234.9435,537.69629,929.63037,-123.64484,468.08273,1051.72021,166.12984,200.31071,809.53992,-17.24491,95.87168,959.83386
233,2.32,-0.02294,1408.49683,1192.19983,-55.89734,1539.56116,923.15594,73.42988,1477.16125,1009.04401,-124.86612,1447.63953,1115.85266,96.54935,1300.32739,840.51178,-204.10185,1297.9574,1073.54407,20.38415,1204.37561,1075.78955,-112.04191,1299.73792,864.48242,117.96837,988.41443,744.54749,-296.82465,1024.93384,1092.93103,233.74217,807.18158,733.29218,-253.63672,835.01062,1261.72522,120.23652,925.63843,1025.77161,-43.95535,920.92627,1141.69275,-145.89622,915.82501,824.76331,239.82346,538.69495,946.22382,-121.54052,467.33121,1054.07629,189.18628,192.48291,834.68854,-17.14754,96.15578,960.27863
234,2.33,1.81027,1408.43347,1200.30444,-49.9227,1540.14465,930.58923,77.98992,1476.32275,1019.37579,-121.44382,1448.34998,1121.95264,103.62337,1299.80957,850.3349,-200.65013,1297.80322,1078.13928,23.22688,1203.7428,1084.37659,-104.87733,1300.05005,870.65985,124.58582,989.03827,753.83502,-292.48563,1024.646,1098.55359,239.74333,807.90509,740.40448,-245.48544,838.75763,1271.69922,124.05201,925.21277,1036.7666,-42.86033,921.34845,1148.90552,-137.59116,916.1618,829.0946,244.02028,539.67572,962.07819,-119.96597,466.73199,1056.56091,211.74229,186.85074,858.64868,-16.31409,96.05795,959.66455
235,2.34,3.82516,1407.75183,1208.48572,-44.12245,1540.08447,938.26935,83.05707,1476.01135,1027.57178,-117.35668,1447.98438,1128.47302,111.5981,1299.85498,861.8114,-196.95845,1297.67212,1082.65015,25.79251,1202.71021,1093.06213,-97.75961,1300.28113,877.37567,131.61104,989.27985,762.26129,-289.33469,1023.92932,1103.19373,245.82617,808.24908,747.76276,-237.42371,842.51227,1281.13098,127.66635,924.22241,1047.75342,-44.30736,918.17859,1153.26599,-128.19131,916.0979,833.73157,246.60089,538.91229,977.91296,-118.09013,465.84567,1059.04443,233.04077,181.05653,884.2934,-16.1548,96.52252,960.39313
236,2.35,5.51736,1407.27612,1216.96301,-36.30468,1538.77954,945.77045,87.75759,1475.34509,1037.49329,-114.57421,1447.77258,1135.36328,118.88586,1299.54028,872.05957,-194.00594,1297.10217,1087.97339,28.74287,1202.08398,1101.72437,-90.45185,1299.75928,883.94135,138.701,989.50885,770.65509,-285.49435,1023.00421,1108.35706,253.14362,808.33899,756.27557,-230.34225,845.79498,1290.81702,130.46948,923.16791,1059.25928,-43.70146,916.89673,1159.60388,-119.92495,917.07703,837.46887,250.25835,538.2616,993.08923,-117.74786,465.4884,1062.04675,254.23309,175.92641,911.11652,-15.10425,96.15918,959.979
237,2.36,7.07815,1406.76978,1225.24805,-31.03776,1538.61365,953.74341,92.69512,1474.00598,1047.59644,-112.63594,1448.48413,1141.84448,125.65546,1298.82446,882.68451,-190.31949,1296.31775,1092.54492,31.44823,1200.7063,1109.10925,-83.5917,1299.86951,890.85944,146.01904,989.9975,779.74066,-280.58057,1021.78015,1114.10254,259.43332,808.26013,764.72113,-222.8898,849.26172,1300.1825,133.50243,921.68427,1070.91284,-43.40003,915.76489,1166.47534,-110.66808,916.60443,842.14441,253.17377,536.71405,1008.07104,-115.79843,464.07077,1063.98071,274.7319,171.51323,939.14868,-14.48891,96.56523,959.55048
238,2.37,9.02512,1405.49463,1233.59021,-22.67765,1537.88831,961.31342,97.38778,1472.79749,1057.3158,-109.17106,1448.01489,1148.34351,132.82745,1298.22168,893.18976,-186.85629,1295.47095,1097.62305,34.38091,1200.00916,1118.49341,-76.96146,1300.01257,897.11255,153.64861,990.0423,790.51398,-277.6124,1021.13971,1118.27722,265.96924,807.95715,773.74542,-216.84813,852.90149,1309.22498,136.35333,920.02826,1082.42834,-42.9161,914.16913,1171.64343,-101.27543,916.77332,846.74988,255.15614,534.14594,1021.74139,-112.46359,462.37048,1065.45813,293.03854,168.27374,967.80725,-14.3382,97.08724,960.20721
239,2.38,10.69484,1404.69446,1241.77759,-17.10859,1536.94385,969.3681,101.60598,1471.76379,1066.75513,-105.63474,1446.90344,1155.06677,139.69528,1297.58618,903.88,-183.59753,1294.48108,1102.41846,37.09392,1198.87207,1128.34705,-69.53378,1298.76697,904.6394,161.31943,990.21973,799.18372,-272.98029,1020.28967,1123.67102,272.74847,807.75745,782.65283,-211.30501,855.6568,1317.94897,139.10312,917.43726,1093.31201,-42.45966,912.90967,1178.15442,-92.46737,916.25922,851.52808,256.29608,531.8996,1035.57666,-110.62371,461.27588,1067.11377,311.24866,166.60828,997.14496,-13.51115,96.76901,959.46606
240,2.39,12.47589,1403.38501,1250.51709,-11.74891,1536.18018,977.5,106.0203,1470.25317,1076.68518,-102.46964,1446.12939,1161.95642,146.68427,1296.50793,913.96631,-179.66003,1293.19702,1107.36316,40.21149,1196.49402,1134.89783,-62.98197,1298.57349,910.96881,168.17282,988.7157,808.32257,-268.14102,1019.63367,1128.93152,280.45633,806.95306,792.7312,-206.27946,859.01331,1326.47791,142.15178,915.75732,1104.25598,-41.33813,911.31653,1185.59937,-83.32117,916.21515,857.25519,258.00693,529.58752,1047.48352,-107.49665,459.66226,1068.92969,327.44958,166.22517,1026.35535,-13.38941,97.27251,959.96381
241,2.4,14.40134,1402.33167,1258.54236,-6.94518,1535.44763,985.72748,110.62106,1468.69226,1086.901,-98.74019,1444.66235,1168.51257,153.18523,1296.0835,924.67407,-175.86949,1292.11609,1112.49084,42.95888,1195.74182,1145.37439,-55.92825,1297.70483,918.81787,175.47098,988.99603,818.12,-263.09583,1017.77368,1133.83618,287.55707,806.48798,802.59393,-202.95671,862.09143,1335.10632,145.78909,913.63452,1115.02039,-40.47242,909.79895,1191.20935,-74.48947,914.89673,862.50116,259.22339,526.65979,1058.97034,-104.80698,459.24963,1070.79565,340.3988,166.30457,1056.12402,-12.71364,97.18166,959.10388
242,2.41,16.452,1400.8103,1267.11426,0.27583,1533.42969,993.69495,114.87206,1467.2168,1096.43103,-95.7589,1443.26624,1175.64893,160.67006,1294.3844,936.5365,-172.44609,1290.74939,1117.57947,46.15463,1193.88867,1153.89832,-48.84966,1296.41382,925.57452,183.47554,987.9787,828.01611,-258.98419,1016.73676,1138.64307,295.09341,805.73547,813.05524,-199.67126,864.79797,1343.08484,149.9664,912.4762,1127.01929,-39.50996,907.63385,1197.2832,-65.20948,913.93579,868.57672,261.67709,524.12732,1069.77954,-101.69387,457.81189,1073.16162,351.97748,168.06209,1085.54382,-12.04407,97.0704,958.21539
243,2.42,18.48651,1399.45898,1275.85425,6.15536,1531.89197,1002.03772,119.39739,1465.77869,1106.51868,-92.02174,1441.81995,1182.59753,167.32822,1293.20093,946.24878,-168.40109,1289.25842,1122.95117,49.30623,1191.776,1160.78625,-41.61177,1295.32532,933.06641,191.65974,986.70795,837.70062,-254.02458,1015.88208,1143.96448,302.29984,804.57269,824.36188,-197.56158,867.1424,1350.78027,152.99065,910.02844,1137.98767,-37.22417,906.22797,1204.68628,-56.94999,913.23938,875.15234,263.69742,522.46472,1080.59033,-97.65148,456.91455,1075.45715,360.75912,169.44739,1114.47205,-11.99198,97.25375,958.44214
244,2.43,20.95904,1398.16272,1283.89343,10.86087,1531.06873,1010.63879,123.5771,1464.70117,1115.93933,-88.74079,1440.55579,1189.87488,173.92561,1291.92944,957.01947,-164.31432,1287.82385,1128.40601,52.75256,1190.53198,1172.00134,-34.9757,1294.25073,940.32587,199.7547,986.43024,848.16479,-248.90565,1013.86212,1149.08911,310.37204,803.16882,835.94812,-196.05447,868.58673,1358.02539,157.22591,909.05084,1148.45215,-34.43535,904.90808,1211.8053,-48.88634,911.9798,881.01117,267.13461,520.68451,1092.39417,-94.7023,456.28397,1078.51917,366.89319,171.49429,1143.14355,-11.96678,97.30724,958.56641
245,2.44,23.25401,1396.9668,1292.68884,17.86358,1529.38159,1019.02509,128.22485,1463.37939,1126.23499,-84.87569,1439.08252,1197.27039,180.83246,1290.60803,967.46265,-160.24039,1286.40039,1133.79529,55.31747,1188.75537,1179.81055,-27.88725,1292.95471,948.1507,207.02737,985.21039,859.091,-245.0018,1012.56824,1153.31738,318.20313,802.22333,847.73547,-195.15894,869.67688,1365.13159,160.81036,907.51025,1159.26794,-32.6692,902.45935,1217.63574,-40.09865,910.89258,888.72699,270.70346,519.6308,1103.45544,-91.16478,456.02451,1082.1958,371.34515,173.51393,1169.47034,-11.46934,96.78215,958.37549
246,2.45,25.70215,1395.87097,1301.6073,24.35183,1527.64148,1027.61182,132.75032,1462.02856,1136.21887,-81.4139,1438.26331,1204.46045,187.45717,1290.10547,979.24359,-156.02379,1285.25415,1139.93494,59.16003,1187.44531,1187.77002,-21.38833,1292.71167,955.33972,214.82867,983.63568,869.95288,-241.04376,1011.35071,1157.68872,326.27264,800.84546,860.0849,-195.13243,869.75665,1371.32495,164.22192,906.87878,1169.83203,-30.15447,900.98438,1224.03308,-32.06103,909.97687,895.20459,275.0376,517.97223,1114.62964,-87.84931,455.21338,1085.78967,373.83502,175.43208,1193.20935,-11.41097,96.92376,958.65607
247,2.46,28.46538,1394.17822,1309.94519,29.33897,1527.026,1036.42224,137.3596,1460.70935,1146.40723,-77.68153,1437.08875,1211.85437,194.01231,1288.77319,989.17804,-151.81711,1283.87964,1145.64429,62.07807,1187.1748,1198.04712,-14.17746,1290.75732,963.61591,223.35785,982.57001,880.11206,-237.75755,1010.39709,1162.83875,334.4751,799.24768,873.35504,-195.69495,869.1875,1376.94739,168.13583,905.84869,1180.20435,-27.32294,900.13019,1232.82056,-24.75657,908.94659,902.43823,279.50565,516.51324,1125.71802,-85.07595,454.93021,1090.35889,374.91428,177.62781,1214.15759,-11.32617,97.11026,959.07172
248,2.47,30.88229,1392.90369,1318.60413,34.6465,1526.04797,1045.17688,141.90511,1459.49756,1156.04761,-74.20715,1435.76477,1219.33447,199.42932,1287.43982,998.79413,-147.02097,1282.62427,1151.0824,66.29695,1185.32214,1206.96887,-7.6777,1290.6886,971.18268,231.6441,981.24945,892.07037,-234.45506,1009.49438,1166.91345,342.63382,798.49127,886.45465,-198.26399,868.45642,1381.94019,171.1002,904.35449,1191.28979,-24.73976,899.12433,1240.49512,-17.09848,907.77057,909.23694,283.9256,515.23175,1137.21558,-80.53797,453.34763,1094.47119,374.73117,178.35956,1232.45044,-11.22618,97.38428,959.53949
249,2.48,33.13877,1391.76575,1327.04114,39.70689,1525.51257,1054.05737,146.42488,1458.43225,1165.75562,-70.39812,1434.5199,1226.74646,207.71394,1286.19812,1010.69238,-142.52328,1281.81592,1157.48328,70.13836,1183.86353,1214.18506,-0.55825,1290.22778,978.67413,239.75688,979.52509,904.64478,-230.14856,1008.41125,1171.69519,351.39151,796.72186,901.16669,-200.72574,867.00958,1387.19092,175.49004,903.37097,1201.69128,-21.37012,897.71069,1247.03467,-8.5452,906.51355,917.18921,287.76602,514.46906,1150.52368,-77.18718,452.54871,1099.03394,373.7554,178.29366,1246.90161,-10.37887,97.09837,959.16589
250,2.49,35.90751,1390.23608,1335.4519,46.66101,1523.85474,1062.85498,150.69698,1457.63745,1176.04541,-66.30804,1433.16162,1233.98865,213.98636,1285.36743,1021.18207,-137.58142,1281.37109,1163.47766,73.19711,1183.52234,1224.12439,6.52314,1288.8468,986.85718,248.03719,977.7688,915.40784,-227.36383,1008.80774,1176.49219,359.76071,795.63971,915.52759,-203.7294,864.86047,1391.13965,179.72211,902.54785,1212.4856,-18.93101,897.23242,1254.12915,-0.86684,905.73199,925.31946,290.68204,514.10797,1162.47864,-72.85463,452.1272,1104.32568,372.50006,175.60382,1258.23511,-9.94436,98.42023,961.14746
251,2.5,38.18233,1388.96838,1344.24133,53.97413,1522.67371,1071.60742,155.34236,1456.93579,1186.3551,-62.73965,1432.22485,1241.49268,221.16605,1283.73474,1032.89099,-132.58455,1281.03027,1169.80273,77.45235,1182.56799,1234.2926,14.60645,1288.30566,995.39331,256.24698,976.82574,927.81238,-222.75435,1008.10938,1180.99133,368.46204,794.40924,930.45154,-206.80156,862.67316,1394.49048,182.38467,901.46814,1223.19385,-15.2693,896.45245,1263.74255,5.5093,905.22919,932.2077,294.58374,512.88965,1173.98816,-68.57744,451.26575,1109.24634,371.31018,170.69521,1266.92969,-9.43387,99.92963,963.49347
252,2.51,40.71539,1388.09998,1352.86292,59.19297,1522.25061,1080.62866,159.57285,1456.13086,1196.14258,-58.88509,1431.67249,1247.06494,227.9135,1283.34021,1044.05579,-127.67227,1280.59277,1175.42615,81.15623,1182.07471,1241.92773,21.82317,1287.87817,1003.02661,264.81442,976.03992,940.21204,-220.41188,1009.15485,1185.84546,377.50946,793.24017,946.11432,-210.88159,860.14697,1397.20886,186.69283,900.18207,1233.83655,-12.52655,896.28082,1271.49622,13.1004,904.64685,939.93005,297.21667,511.63654,1185.84888,-64.38347,450.54626,1114.23535,368.37921,163.66711,1273.18298,-9.15414,100.71407,964.79651
253,2.52,43.29399,1386.90967,1361.11316,65.17396,1521.79919,1089.60742,164.03525,1455.70728,1206.62439,-55.04,1430.48853,1254.8114,234.15967,1282.52808,1054.63135,-122.83287,1280.94031,1181.61877,84.67457,1181.35034,1249.39807,29.37453,1287.05042,1011.08057,273.57681,974.65289,952.4361,-216.26732,1009.5379,1190.48535,385.31021,792.46832,962.32379,-215.85446,857.85406,1399.33057,190.20699,900.14105,1244.02185,-9.2844,895.75562,1279.05615,20.55065,903.75104,948.38312,300.63974,510.55502,1198.06653,-59.9109,450.39694,1120.06274,365.70819,157.95869,1277.4408,-8.84905,101.65166,966.18408
254,2.53,45.32549,1386.01001,1369.73425,70.47723,1521.56543,1098.66736,168.34778,1455.07715,1216.7655,-51.53756,1428.78076,1263.43567,241.27289,1281.6377,1065.29565,-117.35638,1280.94617,1187.02478,89.23089,1179.50854,1256.69165,36.41827,1287.23376,1018.59912,282.71393,973.4411,965.40082,-213.16893,1010.14368,1195.46741,393.58292,791.67151,977.99115,-220.75685,855.21515,1400.05054,193.42441,899.28778,1254.65076,-6.338,895.72064,1287.30237,28.03891,903.56647,956.60785,302.75934,507.80487,1210.11499,-56.23005,450.16083,1125.84973,363.52628,151.24292,1280.1405,287.63757,141.87793,1371.70837
255,2.54,47.62042,1385.13342,1377.84863,75.82253,1521.7583,1107.72986,172.42383,1455.19458,1226.65845,-47.96852,1427.77173,1270.38281,247.81696,1281.14734,1076.97815,-112.53992,1281.30322,1192.99951,92.68156,1180.82654,1269.05298,44.28169,1286.08203,1027.50562,291.45749,973.20544,977.80121,-209.88219,1011,1200.12292,401.87088,790.92047,995.02789,-226.31223,852.43188,1400.62903,197.15416,899.19672,1264.67798,-3.10266,896.02661,1297.34326,35.93066,902.9942,965.26044,304.81943,505.2059,1221.59192,-52.81197,450.3363,1132.44641,361.79163,145.86984,1282.50232,285.33463,137.63466,1377.68823
256,2.55,49.36258,1384.02417,1385.57361,81.24903,1522.38806,1116.99951,176.5845,1455.71777,1237.39465,-45.85952,1427.31653,1277.2793,254.74599,1280.49805,1089.16406,-107.41494,1281.65637,1198.04346,95.83102,1180.65491,1276.68311,51.97363,1286.70093,1035.40674,300.87399,972.00568,992.39679,-206.81596,1011.98462,1204.79822,410.07867,790.21027,1012.36029,-232.11185,849.73322,1399.55493,200.89462,899.93243,1277.65308,-0.57183,896.43726,1304.61426,43.13196,902.05945,974.49432,307.61526,503.03046,1233.69714,-48.72098,450.15109,1139.88818,361.03284,143.27757,1286.62122,333.71674,65.60635,1260.54199
257,2.56,51.2956,1383.21411,1393.7074,87.16662,1522.87756,1126.19727,180.40193,1456.38611,1247.60742,-40.93139,1426.79102,1284.27136,262.00745,1280.80945,1100.67419,-102.65858,1282.98621,1203.78699,99.41673,1181.82434,1287.40308,60.37111,1286.18774,1043.50513,308.53906,971.52698,1004.6615,-203.64391,1013.74475,1209.64124,418.43323,789.21289,1029.724,-237.56648,847.15314,1397.62207,203.54665,898.46375,1287.47668,2.66156,896.82568,1314.16016,51.18086,901.85638,982.96967,310.24448,500.73666,1244.86353,-46.89034,451.31821,1148.85803,365.59433,145.27068,1292.85364,290.12988,126.70036,1385.47278
258,2.57,53.18337,1383.45313,1401.76062,92.51173,1524.01855,1135.43726,184.11407,1457.46985,1257.94348,-37.99995,1427.2395,1291.16003,268.51276,1281.19983,1112.81885,-98.1302,1283.60974,1208.71851,102.8774,1182.91479,1296.85742,68.26593,1286.70032,1052.22412,318.15454,971.42206,1019.79614,-200.68059,1015.89423,1213.88342,425.83807,788.46741,1046.16406,-243.74391,844.87476,1395.026,206.68231,899.51538,1298.71167,4.89289,897.13678,1322.49207,58.49889,901.37,992.77271,312.54764,500.0061,1255.99829,-43.46296,450.91037,1157.43518,369.2981,146.82286,1300.56458,340.76028,60.28989,1271.23938
259,2.58,54.39693,1383.60779,1410.21912,97.8569,1525.25598,1144.66748,187.91217,1458.27087,1268.80859,-34.48315,1427.46912,1298.27222,274.73813,1281.40112,1124.67419,-93.37193,1285.20496,1213.89954,106.11161,1183.89587,1306.75024,75.99521,1286.87048,1060.67029,326.18317,970.8407,1033.39819,-196.41081,1017.5816,1218.02954,433.35492,788.28839,1064.09412,-249.14418,842.82678,1391.08008,208.84097,899.86902,1309.32654,7.25412,898.01337,1330.79834,67.27322,900.88391,1002.93817,316.39838,499.20773,1266.14417,-41.752,451.81528,1167.99316,373.67316,146.24977,1307.75171,342.25494,59.99905,1278.83362
260,2.59,56.27334,1384.30408,1417.87183,102.24239,1526.94458,1153.92896,190.7413,1459.40332,1278.67773,-31.38364,1428.08313,1305.17505,281.11505,1282.0166,1137.44324,-88.95406,1286.52197,1218.70129,108.49078,1185.36731,1316.36877,83.27383,1288.12695,1069.92737,334.54468,971.19696,1047.54065,-193.72177,1019.74902,1221.52954,440.33237,788.26343,1081.71472,-254.79288,841.06378,1385.87354,211.10585,901.28827,1320.77332,10.02648,899.27161,1338.89331,74.91689,901.52344,1012.66565,321.20319,499.73923,1276.37549,-39.26496,452.56241,1179.82458,378.09787,144.24118,1313.49133,284.19925,126.39225,1385.31213
261,2.6,57.36824,1385.75903,1426.94861,107.69761,1529.24353,1162.31726,195.19572,1461.03162,1290.07324,-28.64417,1429.12756,1312.28979,287.28705,1283.06262,1149.96899,-84.6334,1288.59973,1223.77856,111.06657,1186.46472,1324.06592,91.45496,1288.8385,1078.78186,342.37817,972.20978,1062.40344,-189.21506,1021.07947,1224.82312,447.71393,788.8656,1099.66309,-259.17233,839.74628,1379.99939,213.67882,902.96887,1332.09509,12.82158,901.05188,1347.26172,82.34109,902.23071,1021.75464,326.60446,500.81189,1286.78027,-36.2208,452.99121,1193.04431,381.70596,141.83157,1319.84924,-26.98264,152.99765,898.29126
262,2.61,59.14646,1387.15344,1435.45459,112.76888,1530.67004,1171.39331,197.49551,1461.93945,1298.99353,-25.35061,1430.16638,1319.31299,292.75665,1284.35132,1163.42358,-80.199,1290.87231,1229.01941,113.88987,1188.13342,1333.67432,98.67265,1290.4729,1087.10046,349.67743,972.99982,1077.00793,-186.29419,1023.23474,1227.69373,454.41989,789.74579,1118.06616,-263.08539,838.88318,1373.0249,216.17281,904.59668,1342.5968,15.68628,902.63898,1355.32886,90.27915,903.83112,1031.51831,331.69629,501.95425,1296.72839,-33.40047,453.2247,1207.28943,384.47482,140.15053,1325.01001,285.21051,119.12913,1381.34521
263,2.62,59.95096,1388.71826,1443.36914,117.76233,1531.98218,1180.30847,200.16599,1463.58594,1309.89099,-22.8191,1431.92932,1326.42664,297.85345,1285.88269,1175.59253,-75.95615,1292.71899,1233.76563,116.00027,1189.9906,1343.63916,105.08367,1292.15479,1096.35962,358.13519,974.19727,1092.85938,-182.12807,1025.61816,1230.37488,460.77197,791.73718,1137.01416,-265.9512,838.3158,1365.42676,218.45648,907.16113,1354.76221,17.64598,905.23529,1363.0116,97.19057,905.85388,1040.15637,335.93796,503.64362,1306.88635,-31.12485,453.65704,1223.26111,386.84241,139.09181,1329.71191,285.39542,119.4239,1382.69495
264,2.63,60.68788,1391.0426,1452.60583,123.2833,1532.91907,1189.31641,203.97345,1464.96509,1319.95056,-20.1168,1433.67761,1333.5896,302.66571,1287.44397,1189.4679,-72.21904,1295.19641,1239.43237,117.55411,1191.55798,1350.59399,111.7949,1293.55188,1104.90881,365.29321,976.09662,1109.38879,-177.70964,1027.82361,1232.59448,468.09628,793.88489,1155.80298,-267.51608,837.21857,1357.11975,221.05914,909.08966,1365.20264,19.39634,907.47565,1370.95874,104.18848,906.87445,1050.65759,339.54059,505.53677,1317.53271,-29.39011,454.04495,1239.87744,389.10922,138.35368,1332.4187,-11.25299,185.07848,931.73462
265,2.64,61.1726,1392.43018,1459.94922,127.13196,1534.06104,1197.90308,206.1586,1466.62622,1330.85742,-17.76253,1435.56592,1340.61426,307.75378,1289.37988,1202.60046,-68.35167,1297.53711,1244.80164,119.03242,1193.67871,1361.34912,118.55879,1295.25183,1112.48669,372.04236,977.41217,1124.77783,-173.66998,1029.8949,1235.00806,473.66602,795.24512,1175.13037,-269.43323,838.24902,1348.98987,222.94434,911.19952,1375.51196,22.40824,908.93219,1376.69092,111.24453,909.44556,1058.52625,340.25314,505.87875,1325.52356,-27.39556,454.59882,1257.20313,390.57129,138.17625,1333.52112,-5.03299,198.52525,947.17548
266,2.65,62.39658,1394.65833,1468.73047,131.7774,1535.35828,1206.80017,208.58629,1467.53845,1340.33521,-15.75876,1437.62329,1347.75171,311.82147,1291.22144,1215.96594,-64.9192,1299.59241,1250.29016,120.86401,1195.52625,1369.63513,124.60787,1296.47937,1121.38135,379.71695,979.56726,1140.03625,-169.48087,1032.04834,1237.96521,479.42471,797.15613,1195.29346,-270.612,838.60168,1340.44629,225.0722,913.65698,1385.81921,24.03969,910.92627,1383.79688,118.20398,911.63593,1065.48267,342.7468,508.48584,1332.65222,-25.64885,455.086,1275.19238,390.92041,137.99918,1333.74207,285.13177,116.77065,1383.33191
267,2.66,62.68788,1396.29077,1477.23572,135.63637,1536.63525,1215.8877,210.72791,1468.80896,1349.4137,-13.5655,1439.36475,1354.9425,315.17517,1293.3114,1228.51453,-61.53168,1301.49487,1255.61157,121.31132,1196.45081,1378.18164,130.46014,1298.10925,1130.34497,385.61215,981.31268,1157.48889,-165.77071,1034.00305,1240.9917,484.62881,798.93274,1214.05066,-270.83939,839.591,1332.29041,226.87677,915.47919,1395.5116,26.25858,912.53021,1390.46362,123.77994,913.16205,1073.57056,344.63699,509.11404,1339.93359,-24.17329,456.99844,1292.99316,390.78339,137.7394,1334.51453,285.17078,116.97046,1383.55823
268,2.67,62.35705,1398.48755,1485.448,139.10136,1538.01465,1224.59485,212.88313,1470.08862,1360.35425,-13.4854,1441.8313,1362.2677,319.01129,1294.95288,1242.28491,-58.50179,1303.4707,1261.05957,121.68117,1198.2655,1387.46143,135.95305,1299.51355,1139.55872,391.93359,983.66772,1174.47559,-163.45029,1036.1792,1242.85876,491.20538,802.04407,1236.1499,-270.15277,840.07239,1323.92188,228.28375,917.74518,1405.31714,28.06737,913.86346,1396.97534,130.01508,914.16345,1081.91919,345.65054,507.23193,1345.18738,-22.82055,458.7565,1310.66113,390.54736,137.09245,1335.24988,285.71194,115.81026,1383.80139
269,2.68,62.36848,1400.42773,1494.04346,142.69679,1539.97253,1233.48779,214.41969,1471.66833,1369.84656,-11.85527,1443.85449,1369.41711,321.82724,1296.61511,1254.46716,-55.93493,1304.95874,1265.83875,121.40149,1199.5907,1395.67163,140.63327,1301.55481,1148.39478,398.2283,984.7049,1189.96936,-160.69363,1038.52319,1246.52966,495.99142,805.09314,1256.22437,-269.27667,840.92401,1315.4054,229.38518,919.42584,1414.69958,28.98491,915.51587,1403.11133,135.35851,915.28918,1089.07629,348.88168,506.12375,1351.37634,-21.77705,461.85318,1328.60095,390.1879,136.69005,1335.31677,294.87659,111.92551,1410.24231
270,2.69,61.80808,1402.47729,1502.28931,145.70866,1541.28308,1242.19556,215.79378,1473.10449,1380.14563,-10.30105,1445.76489,1376.47192,324.51505,1297.9292,1268.11707,-53.51329,1306.91919,1271.28577,121.5182,1201.21948,1403.18042,145.03548,1303.55273,1156.48511,404.63391,986.76147,1206.60181,-158.32091,1040.55188,1248.68359,501.78461,807.55347,1276.78174,-268.32877,842.27814,1306.9801,230.42857,921.03247,1423.00549,29.30684,916.72864,1409.36804,141.53691,916.58649,1096.55713,352.0899,505.15689,1356.34839,-21.40753,465.95993,1346.23718,389.15631,136.23557,1335.49573,294.90237,111.94484,1410.44312
271,2.7,61.35172,1404.06995,1510.05713,148.33076,1543.07813,1251.2699,216.82758,1474.15967,1389.33813,-9.51636,1447.1261,1383.25903,326.64798,1299.83008,1280.20178,-51.48179,1308.58826,1276.66248,120.10633,1202.02173,1412.07935,149.86247,1305.11865,1166.74365,411.33417,988.71783,1224.58948,-156.98877,1042.67957,1251.14026,505.54752,810.68304,1297.47803,-266.89587,843.42157,1299.15857,230.61293,922.8855,1431.76526,28.82112,918.25354,1415.14917,146.34258,917.79541,1104.06616,353.96979,501.81647,1359.18372,-21.57887,472.30811,1363.38513,387.79587,136.04601,1334.11023,294.91766,111.95327,1410.56348
272,2.71,60.94685,1405.48633,1518.16919,151.29378,1544.3407,1260.40271,217.53696,1475.93298,1399.04089,-8.37186,1448.63806,1390.28564,328.22797,1301.16943,1294.17664,-49.72148,1310.12231,1281.97876,120.43502,1203.76526,1421.00464,153.16365,1306.93018,1175.11646,416.76636,990.54315,1240.95532,-154.4248,1043.94714,1252.5614,510.20978,813.7439,1318.39734,-265.18622,844.66064,1291.4541,230.34007,924.31311,1440.37354,28.79273,919.42279,1421.04077,151.56494,919.47235,1111.77344,355.38104,500.53864,1362.22095,-21.71837,479.03467,1379.49207,386.11038,135.05313,1332.3606,294.77396,110.80599,1411.51013
273,2.72,59.44163,1407.18762,1526.17798,153.55763,1546.53503,1269.37024,218.07761,1477.54883,1409.25464,-8.57821,1451.38,1399.00305,329.6976,1303.31433,1306.11853,-48.18473,1311.50598,1287.3136,118.82435,1203.62463,1426.59155,157.82184,1308.69409,1184.23328,421.26547,993.2077,1257.21985,-151.88037,1045.41675,1253.86938,513.64264,817.24414,1339.04456,-263.07401,845.93652,1284.7616,229.42792,925.5658,1448.08948,28.16791,920.51892,1426.99695,156.91547,921.97137,1119.78796,354.43372,497.94397,1363.40564,-22.47169,484.20148,1394.89111,384.04736,133.81546,1330.88037,294.7821,110.80391,1411.57666
274,2.73,58.29472,1407.71863,1530.68774,155.71956,1547.99158,1278.66919,217.6544,1479.11829,1418.57385,-8.07142,1452.18921,1404.47778,330.86832,1304.97729,1317.66516,-46.65584,1312.72546,1292.38525,117.64696,1204.72632,1435.36877,161.54543,1310.96472,1194.12122,426.24298,995.04272,1273.73438,-149.82802,1047.14221,1254.5575,517.36877,820.51447,1359.34619,-261.0939,847.59375,1278.14343,228.61917,927.0365,1456.76575,26.94923,921.9917,1433.10913,160.82883,925.3053,1126.42041,353.58044,497.08813,1366.00659,-23.25384,490.22986,1410.14355,382.13266,133.27731,1329.11194,294.75504,110.62408,1411.43433
275,2.74,56.53971,1409.5354,1541.60449,157.11906,1550.02991,1287.68823,217.86018,1480.3772,1428.35266,-8.46421,1455.026,1413.30249,332.21536,1306.68701,1329.32642,-45.50389,1313.93689,1298.16113,115.86385,1206.17004,1443.41504,163.62598,1312.83911,1202.26404,430.56271,997.35535,1290.60974,-148.38176,1049.56604,1253.95996,519.74408,824.45477,1380.61292,-258.76819,849.99054,1272.81653,226.53615,928.07782,1464.42615,26.16943,922.74866,1439.48804,164.91277,927.87012,1134.48401,352.8783,496.88477,1368.4519,-23.93452,495.85648,1423.98328,381.94885,133.8123,1328.47498,294.74011,110.49908,1411.36694
276,2.75,54.73218,1411.74304,1550.35034,157.84224,1552.36682,1296.93311,217.08327,1481.99365,1438.33594,-8.5868,1456.41931,1419.53735,332.72128,1308.04504,1341.83801,-44.23619,1314.79407,1303.62695,114.64622,1207.14478,1450.45178,166.78719,1314.95325,1212.29041,434.52921,999.39227,1307.17542,-145.48201,1051.00439,1253.49219,522.82745,827.82452,1401.15039,-256.33115,851.41675,1266.85327,224.70116,928.61542,1471.90137,24.42175,924.08301,1445.72827,169.47574,930.41406,1142.65332,352.04709,496.89075,1371.6897,-24.49788,501.22397,1436.44653,381.70554,135.48117,1327.9646,294.72116,110.35508,1411.27515
277,2.76,52.75398,1412.71826,1558.11328,159.77597,1554.58643,1306.02869,216.53026,1483.94751,1448.47021,-8.8676,1458.02185,1426.51648,333.14792,1309.70947,1353.53357,-43.3126,1315.87585,1309.14026,112.89234,1207.87048,1457.5658,169.89369,1316.7301,1220.99072,438.03458,1001.44934,1323.23682,-142.3622,1052.26697,1253.78552,523.59967,831.47571,1420.52588,-252.98355,853.23755,1262.19275,223.05069,929.22186,1479.36707,22.90296,925.04932,1452.22461,172.85542,932.66443,1150.87292,351.22604,497.48572,1374.0835,-24.74062,507.31351,1448.33081,381.66815,136.34647,1327.8584,294.67776,110.1148,1411.02673
278,2.77,50.2754,1414.12354,1564.34607,160.25565,1555.95532,1315.0332,215.73357,1484.77856,1457.77393,-9.8044,1458.88623,1433.62427,333.4595,1311.38025,1365.42395,-42.27217,1317.03271,1314.52502,110.65736,1209.5675,1466.64136,172.24512,1318.75732,1230.23206,440.58173,1003.30536,1338.62549,-138.68588,1053.95593,1254.01099,525.15381,835.17395,1440.30273,-250.05222,854.44324,1257.45715,221.34286,930.03607,1487.51343,21.45885,926.39874,1458.61035,175.53925,934.49713,1158.41382,350.07666,497.39215,1376.56824,-24.63877,512.90002,1458.40344,381.59662,137.66649,1328.74707,294.00491,109.88287,1412.45386
279,2.78,47.92884,1413.8916,1568.63904,161.03352,1556.97449,1323.81982,214.35959,1486.46948,1467.72815,-10.31202,1460.07092,1440.04468,333.35553,1312.17688,1376.33936,-41.16267,1317.39038,1319.84546,109.87194,1210.02466,1473.92566,174.9279,1319.74084,1239.20569,442.83444,1005.13379,1354.85278,-135.52364,1055.06323,1252.53223,525.59979,838.43982,1459.55237,-246.8744,855.28003,1253.44214,219.5424,930.27167,1494.80481,20.03418,926.14734,1460.43958,178.526,936.07813,1166.70276,349.33823,498.14249,1380.36609,-24.4507,517.51514,1468.39307,381.31613,137.99648,1328.65503,293.95859,109.62855,1412.18823
280,2.79,45.0712,1415.44458,1576.65295,161.85295,1557.52466,1332.51233,212.91959,1487.02051,1477.3645,-12.16286,1461.05737,1448.14429,333.61008,1313.74719,1388.36963,-40.04876,1318.9043,1324.74023,108.79777,1210.89185,1480.5929,176.69955,1321.02698,1248.77747,444.26556,1007.19794,1370.29932,-131.14053,1055.8374,1252.64795,525.28046,841.61633,1478.69373,-242.6468,855.9447,1249.85242,218.52446,931.62555,1503.16589,18.73147,927.35144,1466.05334,180.9539,937.48566,1174.61755,348.78766,497.72061,1384.03186,-24.32643,522.24792,1477.58655,379.98727,137.6956,1327.81104,293.90805,109.31291,1411.91467
281,2.8,41.8653,1417.98438,1588.41455,162.81514,1557.75049,1341.07983,210.82872,1488.14868,1486.80017,-12.75213,1461.91858,1453.5564,333.40295,1314.99646,1399.38965,-39.57939,1319.5293,1330.37256,107.00075,1211.57861,1489.40137,178.88585,1321.17603,1257.87134,445.55942,1008.93384,1385.06018,-127.59628,1056.93628,1252.04541,524.92596,844.65411,1497.18433,-239.67882,856.30609,1245.79065,216.8195,932.30219,1512.23657,18.14676,928.73199,1473.3949,183.79305,938.0838,1183.45581,348.98709,498.50803,1389.56775,-23.87845,525.84253,1486.14221,379.85883,137.63956,1328.09448,293.80875,108.75554,1411.35046
282,2.81,38.78993,1418.99084,1596.42566,161.95854,1557.88367,1349.79114,209.40649,1489.31335,1496.95911,-13.89845,1461.92041,1459.66467,332.85635,1315.75513,1411.3855,-38.80033,1318.76501,1335.88318,104.7543,1212.43616,1497.81152,180.40305,1322.10522,1268.03137,446.57053,1010.39038,1401.14026,-123.07104,1057.01074,1251.89429,524.59998,846.68115,1516.35217,-235.98677,856.45331,1242.24829,215.24313,933.40167,1520.55103,16.8539,930.06128,1479.13721,185.7739,938.83191,1191.53943,348.10773,497.81934,1393.42419,-23.72566,529.36011,1494.90491,380.13174,138.15118,1329.60095,293.76144,108.4521,1411.09827
283,2.82,35.24967,1417.57788,1597.8916,NA,NA,NA,206.96315,1489.00012,1505.27063,-15.81064,1462.8783,1467.02161,332.42807,1316.1731,1422.58032,-38.5571,1318.73254,1341.28015,103.73833,1213.59192,1505.28101,183.39565,1322.48706,1277.52319,447.83249,1011.87543,1415.71606,-118.50128,1057.19421,1252.76648,523.18109,848.6637,1534.34863,-232.25581,856.69,1239.16528,213.47687,934.45532,1529.55188,16.03342,930.57208,1485.16394,187.36374,938.33453,1200.90442,347.17969,496.65506,1398.2688,-23.61904,532.67493,1503.02771,380.6954,138.3089,1330.547,293.60266,107.62193,1410.17102
284,2.83,31.33345,1420.01074,1610.33972,NA,NA,NA,205.28856,1489.44019,1515.54578,-17.67167,1462.63965,1474.05676,331.45532,1316.62683,1434.22131,-37.78492,1318.66638,1346.72437,102.21026,1213.44287,1512.76575,184.38878,1322.98779,1286.79285,448.13559,1012.36792,1430.77356,-114.36712,1057.78101,1252.96082,521.71521,850.69611,1552.98462,-227.2363,854.93646,1237.54407,212.31763,935.31909,1539.64282,15.54347,931.10663,1492.38782,188.9942,938.25476,1208.39148,344.8403,496.76288,1404.13977,-23.48903,534.97906,1511.40918,380.98291,138.60701,1331.7948,293.33878,106.31061,1408.6012
285,2.84,NA,NA,NA,NA,NA,NA,202.50723,1489.13525,1524.63171,-19.23744,1462.7196,1480.57117,330.42868,1316.84985,1445.45862,-36.48818,1318.47229,1351.75134,100.34126,1213.56262,1520.67493,185.00955,1321.99524,1295.90698,448.44485,1013.12665,1445.8468,-110.2032,1057.38647,1254.23718,520.1062,852.15668,1571.25317,-223.48117,855.00031,1234.13086,210.88878,935.09656,1547.07593,14.01478,933.81635,1504.39539,190.42943,937.56207,1217.88977,342.76831,496.4082,1408.35791,-23.49813,537.27429,1520.07764,381.69955,139.88956,1333.11853,293.23376,105.77,1407.98499
286,2.85,NA,NA,NA,NA,NA,NA,200.46317,1489.00415,1533.39343,-21.00087,1461.44019,1486.55237,329.21094,1316.88818,1457.04492,-37.56027,1317.52319,1357.83191,97.96583,1213.27734,1528.28613,186.2726,1322.23975,1304.74231,448.83386,1013.56403,1460.66199,-106.56683,1057.13635,1255.03918,517.33911,853.19775,1588.54211,-219.89267,853.89929,1232.35095,209.16948,935.23199,1556.04773,13.72095,932.82843,1509.13965,191.09453,937.89026,1224.77563,341.73917,494.73618,1413.39856,-23.00825,538.15332,1527.42517,382.05658,140.4937,1334.48206,290.79337,107.09949,1411.53076
287,2.86,NA,NA,NA,NA,NA,NA,197.36031,1488.06616,1542.67603,-23.01561,1460.35608,1492.97339,327.5524,1316.07703,1468.23669,-39.51697,1317.09155,1363.89417,95.45884,1212.24341,1536.7428,186.63712,1321.82861,1313.55371,448.10172,1013.3844,1475.58105,-102.65345,1056.12451,1256.90845,515.19641,854.35101,1606.93481,-215.0428,853.38177,1230.10974,207.81262,934.73566,1565.46167,13.37356,932.49683,1515.58618,191.92282,936.73828,1233.55823,341.37991,493.24438,1418.16724,-22.57517,538.54364,1533.13818,382.37604,141.06166,1335.49231,353.97202,116.82957,1393.21045
288,2.87,17.67136,1416.28564,1633.823,NA,NA,NA,195.26921,1487.52698,1551.69397,-25.4874,1459.49451,1500.53723,326.16391,1315.73303,1480.12598,-36.32853,1313.30176,1370.14209,93.80505,1211.65601,1545.49219,187.39479,1321.15894,1322.73303,448.31946,1013.34662,1491.39905,-99.20437,1055.33862,1259.72571,511.7912,855.35406,1624.17371,-210.91008,851.65668,1229.53748,205.54515,933.4837,1574.41516,12.33156,930.77911,1523.15698,192.88335,936.61694,1241.21521,340.59784,492.84204,1423.78931,-22.16064,538.18689,1542.08167,382.05972,141.1368,1335.93726,353.61792,116.8716,1392.6355
289,2.88,13.84396,1415.49121,1640.81641,NA,NA,NA,191.98248,1486.94177,1561.30627,-27.16217,1458.08313,1506.30383,324.24423,1315.18811,1491.01111,-37.17925,1311.77441,1376.27625,91.13837,1209.23804,1551.61145,187.57234,1320.16675,1331.8103,447.22375,1013.58179,1505.99426,-95.04274,1054.14014,1262.22852,508.43918,855.90802,1642.91125,-206.27904,849.96442,1228.68457,203.74287,932.57123,1583.77014,10.86402,929.38647,1531.13086,193.29811,935.91345,1251.3269,337.88785,491.86447,1429.02185,-21.41416,537.44952,1550.05811,381.46631,140.84474,1337.44849,290.05853,106.67628,1412.53857
290,2.89,9.67353,1414.5321,1647.92773,NA,NA,NA,188.43781,1485.94702,1569.54492,-29.62382,1457.3501,1512.15771,322.05304,1314.21716,1502.08289,-38.04572,1310.47986,1382.70007,88.59402,1207.05615,1559.89978,188.54094,1319.32202,1341.29785,447.38593,1013.64911,1521.23328,-92.9699,1052.84192,1266.07239,504.15262,857.25128,1661.59766,-201.33333,848.66022,1228.39636,202.1615,930.33923,1592.3053,10.35062,927.62665,1537.56958,193.02446,935.66461,1259.56335,337.47882,490.32889,1433.73755,-21.06641,535.77802,1556.66492,379.55487,141.17166,1337.85815,351.25934,118.03036,1393.04956
291,2.9,5.65933,1413.53662,1654.37109,NA,NA,NA,185.55937,1484.86755,1577.96375,-32.63868,1457.11487,1519.08484,319.62585,1313.797,1512.58899,-39.54276,1308.33252,1389.38977,85.54926,1205.72742,1567.91028,187.07628,1318.77075,1349.57385,446.25287,1013.85443,1537.98865,-89.74527,1050.66846,1270.18677,499.29068,858.49408,1679.40491,-197.21593,847.71484,1227.53845,200.18173,929.96692,1602.89404,8.06787,925.70007,1547.21741,193.32637,936.26587,1267.71875,335.4537,488.61316,1438.99548,-20.57488,533.50714,1562.18005,378.71399,141.61794,1338.59802,350.51395,117.33172,1392.89197
292,2.91,1.39886,1412.46057,1661.01025,NA,NA,NA,182.12405,1483.85156,1587.63745,NA,NA,NA,317.15121,1313.24084,1523.0769,-39.98237,1305.87122,1396.37781,83.00076,1203.91211,1575.54736,185.58322,1317.87268,1358.42371,444.79471,1013.77435,1553.95923,-87.75081,1048.96033,1275.43384,492.53186,859.02783,1698.68628,-192.40018,846.13434,1227.45422,197.62643,930.04248,1616.57471,6.00916,923.6889,1554.70801,192.53825,935.08386,1276.49243,334.3804,488.54312,1445.55151,-19.99142,531.16528,1568.7428,378.11093,142.22369,1338.68726,289.92075,105.7048,1411.84814
293,2.92,-2.80255,1410.81836,1667.27063,NA,NA,NA,178.68228,1482.66858,1595.81677,NA,NA,NA,314.43417,1312.46655,1533.84814,-42.5072,1303.78223,1403.20825,80.03566,1202.14319,1584.19055,184.58505,1317.11951,1367.69995,442.39639,1013.79803,1570.30383,-86.39725,1047.30029,1280.6377,487.15298,861.97119,1717.58875,-188.19017,844.92505,1228.84998,195.02412,924.71686,1619.34167,3.42534,920.6214,1563.5564,192.39926,935.35358,1284.53235,333.13889,487.45267,1451.10681,-19.929,527.22418,1573.13623,377.31293,142.65048,1338.33447,NA,NA,NA
294,2.93,-7.53932,1410.72546,1674.80615,NA,NA,NA,174.32564,1481.69788,1604.81177,NA,NA,NA,311.70755,1311.4718,1544.01184,-44.05753,1302.40784,1407.69458,76.62043,1200.19165,1592.19006,183.08017,1315.87231,1376.20056,439.63467,1014.01874,1587.17456,-85.17242,1045.36523,1286.99548,479.70474,861.79803,1737.37109,-183.09087,843.54926,1230.68994,193.23625,923.14459,1627.79761,0.71088,917.84875,1571.8656,190.71477,934.20648,1293.73779,332.91855,485.89789,1456.30139,-20.36514,524.41815,1579.35193,377.68234,143.72209,1338.55823,350.98636,118.27347,1394.73792
295,2.94,-11.48451,1409.21033,1681.2113,NA,NA,NA,170.42383,1480.40234,1613.44824,NA,NA,NA,308.88699,1310.59192,1553.61548,-45.36172,1299.13257,1416.9502,73.77181,1198.36987,1600.46692,181.3243,1314.43567,1385.68896,436.31223,1014.21399,1603.96521,-84.30618,1043.48303,1293.36963,472.89127,862.96887,1753.82349,-179.31462,841.91138,1232.97949,190.96402,920.15253,1635.74719,-1.52985,916.22687,1580.36499,189.43103,932.61676,1302.92981,332.05142,485.20129,1461.99316,-21.9059,520.27887,1583.64819,377.69357,144.80559,1339.87097,350.98636,118.27347,1394.73792
296,2.95,-16.71742,1408.23645,1689.77673,NA,NA,NA,167.377,1479.39954,1621.24585,NA,NA,NA,305.67383,1309.77222,1563.82483,-47.4914,1297.36328,1424.11035,69.94457,1197.01746,1609.39355,179.59087,1313.05872,1394.01855,430.63107,1013.53094,1620.27588,-82.43692,1041.27942,1300.18262,464.77005,863.7832,1770.06384,-174.7122,840.23682,1236.02197,188.17987,918.38458,1646.14832,-4.3078,914.67566,1589.81995,188.15762,932.39459,1311.67786,331.2467,484.81198,1466.98328,-23.33232,516.33179,1589.90857,378.20963,145.71538,1341.05762,352.16882,116.13705,1394.4967
297,2.96,-21.28083,1407.19067,1695.89661,NA,NA,NA,163.07278,1477.68506,1629.61951,NA,NA,NA,302.06137,1308.86682,1572.72375,-50.41306,1295.35388,1430.68994,67.06361,1195.58496,1617.37549,177.11012,1311.31433,1404.05945,424.55408,1013.92584,1636.41626,-82.14062,1039.65393,1307.29321,456.93695,864.73492,1786.31201,-170.32133,838.7774,1239.14392,186.04659,916.06494,1653.26953,-7.64452,913.1676,1599.8501,186.07332,931.42401,1321.73804,330.33188,483.65884,1471.96497,-25.67418,512.65295,1595.83765,378.12274,146.79485,1342.47766,351.49796,118.54482,1395.92761
298,2.97,-26.46086,1405.88745,1701.88892,NA,NA,NA,158.89676,1476.18408,1637.71887,NA,NA,NA,298.24936,1308.04822,1582.13037,-53.3034,1294.34509,1436.73828,63.10938,1194.5415,1625.25293,174.74498,1309.15112,1413.39099,417.93646,1014.01782,1651.4552,-81.11024,1037.15283,1314.32849,448.68442,865.71704,1803.33875,-166.16402,836.73218,1243.26685,182.7067,915.64789,1664.40674,-10.38862,910.83008,1607.70374,184.01463,929.99768,1330.57068,329.6701,484.02786,1478.34363,-27.86399,508.45883,1601.32727,378.24261,147.41106,1342.55725,351.81317,117.67582,1395.53967
299,2.98,-31.1947,1404.74487,1707.51208,NA,NA,NA,153.93288,1474.90894,1645.28162,NA,NA,NA,294.53424,1306.6637,1591.58667,-55.99812,1290.45886,1447.41492,59.55082,1193.30078,1635.49255,171.57674,1307.87305,1420.84497,411.27274,1013.22736,1667.00769,-81.00119,1035.26514,1321.25354,440.91867,865.12683,1816.93213,-161.65271,834.24207,1247.73608,180.6613,914.17987,1672.4801,-13.08125,909.95941,1617.66577,181.29597,928.45013,1340.80652,328.74265,483.53427,1484.23621,-31.06988,504.69754,1607.69128,377.61761,149.10347,1344.47302,352.6369,117.06938,1395.90137
300,2.99,-36.41226,1404.9303,1715.76416,NA,NA,NA,150.09239,1473.97253,1653.50659,NA,NA,NA,290.29703,1305.82202,1600.58594,-59.1393,1289.56995,1453.41931,55.8916,1191.08997,1640.77588,168.36482,1305.93335,1429.59985,404.12625,1012.68274,1680.76147,-81.21605,1033.28638,1328.17273,431.92175,865.42462,1831.73206,-158.36682,832.2641,1252.15198,177.12363,914.4032,1683.9231,-15.21328,908.64069,1626.36902,177.34837,926.13538,1351.38977,327.13589,482.37808,1488.03748,-34.8246,501.94904,1615.45544,377.03174,150.61938,1345.61377,34.75618,180.12701,1852.39624
301,3,-41.94815,1404.29272,1722.98523,NA,NA,NA,145.22044,1471.53113,1658.98206,NA,NA,NA,286.03299,1304.95618,1609.82947,-63.42043,1287.13171,1461.01685,51.99318,1190.26807,1649.31482,164.431,1303.6134,1438.07825,396.56131,1011.75171,1693.479,-80.90313,1030.79822,1335.70056,422.75726,866.24469,1846.99695,-155.13261,829.77557,1257.0144,174.37766,914.78448,1693.44995,-17.0184,907.34882,1635.28625,173.91838,924.05206,1362.07373,326.90472,482.45911,1494.83655,-38.45946,500.09763,1624.66162,376.72018,151.93555,1345.32727,352.6369,117.06938,1395.90137
302,3.01,-47.5808,1403.91479,1728.49048,NA,NA,NA,140.07219,1471.36487,1667.85706,NA,NA,NA,281.43375,1304.00171,1618.41077,-67.7625,1285.86682,1466.94482,47.58395,1189.6925,1659.04858,160.25511,1301.37988,1446.82166,389.94049,1010.65045,1706.70081,-81.65909,1028.02075,1342.3606,414.8222,865.50543,1858.75623,-152.25238,826.50134,1263.71729,171.06628,913.6579,1703.17822,-19.5934,904.35657,1640.98718,170.83528,921.97821,1372.73914,324.69202,483.25558,1501.55518,-41.7434,498.9942,1636.10962,376.13455,154.99651,1346.59387,21.71603,178.07405,1873.4751
303,3.02,-53.00069,1403.5061,1735.8988,NA,NA,NA,135.60655,1469.94824,1674.51697,NA,NA,NA,276.61563,1302.95154,1626.573,-71.72752,1282.33521,1476.68469,43.3058,1188.82849,1667.95422,156.44371,1299.64941,1455.76282,383.9017,1009.05896,1717.99438,-83.00579,1025.99219,1350.03796,406.01712,865.08264,1870.92151,-149.31566,823.95605,1269.84375,167.78091,913.823,1713.72192,-22.65366,903.26074,1650.70447,167.0677,919.35651,1383.16028,324.38821,483.61224,1507.37341,-45.36484,498.50397,1646.3075,375.48746,157.09099,1347.72937,17.21,172.82727,1879.74585
304,3.03,-58.50074,1403.9823,1743.8717,NA,NA,NA,130.29253,1468.49524,1682.16443,NA,NA,NA,271.42068,1302.22034,1635.53003,-75.49632,1280.48315,1484.98181,38.26661,1188.04089,1676.70886,151.42604,1297.5719,1464.02319,377.40204,1009.33099,1729.21252,-83.56882,1022.95184,1357.86975,396.64554,864.08643,1882.34534,-147.33456,820.48517,1276.43652,164.49049,912.65314,1722.76538,-26.01132,902.04974,1660.91052,163.00508,917.11353,1392.57349,321.72504,483.44254,1514.86035,-49.67344,498.2688,1656.90161,374.81567,159.74944,1349.41309,12.8954,166.95755,1885.07275
305,3.04,-64.633,1403.17041,1749.66248,NA,NA,NA,125.11837,1467.41638,1689.11841,NA,NA,NA,266.63135,1301.11157,1644.58972,-81.44186,1278.86072,1491.09253,32.82733,1187.03894,1685.2865,146.88261,1295.73645,1471.83838,371.75864,1006.1933,1737.54187,-84.98564,1020.29797,1366.28369,387.84204,862.71985,1894.78052,-146.54842,817.54871,1284.44604,160.17613,913.16656,1733.87402,-29.18553,900.66119,1669.87244,160.53554,915.07806,1404.65771,320.02289,483.16464,1522.50024,-53.90777,497.91486,1668.74158,373.83969,163.21986,1351.22375,8.45791,161.12376,1889.25391
306,3.05,-70.36868,1403.6698,1757.12939,NA,NA,NA,119.35301,1467.23535,1697.14685,NA,NA,NA,260.99103,1300.31201,1652.99768,-86.43968,1277.54321,1497.83948,26.9719,1186.26868,1693.59802,141.75075,1294.32104,1481.20752,364.79025,1004.32007,1744.28198,-87.02879,1017.82166,1374.46265,378.54401,861.84821,1905.2157,-145.33694,813.77698,1293.37183,156.02176,912.84314,1744.51233,-33.50576,899.6969,1680.82361,156.39833,913.22925,1414.4364,319.47531,483.79095,1533.00281,-58.61872,496.55331,1680.77612,373.55978,165.84195,1354.51978,4.81716,155.0582,1892.22156
307,3.06,-76.27205,1403.91455,1764.86182,NA,NA,NA,113.73946,1466.14087,1704.90173,NA,NA,NA,254.92863,1299.71643,1661.57666,-91.75101,1276.1095,1505.13135,20.64342,1185.49463,1703.24292,136.7901,1292.73132,1489.34802,358.62112,1002.8515,1753.61841,-89.55537,1015.65723,1382.82825,369.71259,859.58142,1915.1615,-145.56133,810.53864,1301.44556,150.52969,913.15326,1755.49048,-37.85965,898.34406,1690.47205,151.90726,911.83899,1425.33472,317.38248,484.19971,1542.96863,-63.2194,495.48114,1694.75122,373.46747,169.95439,1357.20544,0.2669,148.27911,1894.73267
308,3.07,-82.79012,1404.76062,1771.07507,NA,NA,NA,108.22472,1466.29822,1714.00574,NA,NA,NA,248.8414,1299.05884,1670.96655,-97.04633,1274.69983,1512.74194,14.22213,1185.33313,1712.32153,131.24622,1291.33533,1498.10193,351.78348,1002.19757,1763.82605,-92.96822,1013.77234,1390.72046,359.54053,858.46259,1924.69324,-146.63992,807.76428,1310.63733,145.49272,912.27344,1765.38196,-43.30373,898.12732,1701.31531,147.28313,910.39447,1435.7627,314.53979,483.26672,1553.23267,-68.6016,492.94095,1707.58313,373.45285,173.60574,1361.3136,-4.2545,145.58467,1900.22876
309,3.08,-88.82515,1406.18518,1779.52319,NA,NA,NA,102.60657,1465.20288,1722.04761,NA,NA,NA,242.79927,1298.79236,1679.62769,-102.58584,1273.3335,1520.3219,7.07557,1184.44067,1720.35376,125.5974,1289.77368,1506.92725,346.01016,999.78894,1771.39575,-95.85461,1011.51013,1399.72302,350.51767,855.30847,1933.46619,-147.85477,804.41174,1320.85156,139.80107,912.19495,1777.03833,-48.46229,896.92181,1711.3822,142.46574,909.53937,1446.40063,312.43182,483.08173,1565.323,-73.59845,490.19901,1718.42163,373.82278,179.40384,1366.83203,-6.88606,141.15517,1904.84558
310,3.09,-95.37701,1406.80005,1785.85828,NA,NA,NA,96.79166,1465.26038,1729.33301,NA,NA,NA,236.51974,1298.5874,1688.93103,-108.04788,1270.72583,1529.91724,0.0453,1184.16162,1729.29932,120.07265,1289.08789,1515.05054,338.11752,999.94836,1779.40381,-99.95254,1009.65643,1408.10876,341.32019,853.62939,1943.45593,-150.17104,801.61182,1330.65161,134.2644,912.68396,1787.35217,-54.29291,896.45514,1722.19507,137.24759,907.95758,1458.24719,308.93991,483.90179,1578.2699,-78.12016,488.45999,1730.5968,374.06418,184.09727,1372.55261,-9.31625,136.44708,1910.19958
311,3.1,-101.81052,1408.22974,1793.72229,NA,NA,NA,90.35802,1464.99207,1736.47937,NA,NA,NA,230.09949,1298.48303,1697.91699,-113.28476,1269.78003,1538.63782,-6.9978,1184.72205,1738.08154,113.83407,1287.86365,1523.98694,330.60742,997.59979,1787.26135,-103.71576,1007.42047,1417.82739,331.56433,851.00049,1951.42627,-153.04271,798.72906,1341.11841,127.2689,913.32861,1799.85339,-60.08917,896.03046,1732.41199,131.41776,907.02954,1468.66663,305.64804,483.42764,1592.26501,-82.92384,487.29132,1741.34827,373.86249,190.53304,1379.86914,-10.18637,133.29529,1917.31921
312,3.11,-108.31812,1410.35596,1801.33032,NA,NA,NA,84.15025,1466.48047,1745.14856,NA,NA,NA,224.15317,1298.71252,1707.08704,-119.16965,1269.10364,1546.41357,-14.41556,1184.98022,1746.82336,108.11922,1287.80286,1532.22656,322.87329,996.76306,1793.49792,-107.4062,1006.37463,1427.91174,322.40198,847.73022,1959.6709,-156.63828,796.30475,1352.69739,121.01064,913.98761,1810.15417,-66.17073,895.71375,1742.47083,126.75298,906.5672,1479.80774,301.65875,482.59866,1607.43066,-87.85796,485.0506,1748.82495,374.80624,196.68848,1388.6123,-11.30277,129.74193,1921.4447
313,3.12,-114.97341,1411.21606,1807.50598,NA,NA,NA,78.53163,1466.62219,1753.10901,NA,NA,NA,217.70071,1299.03845,1716.55115,-125.91302,1268.67761,1552.81982,-20.65499,1185.38037,1755.29272,102.51439,1287.58765,1541.0636,315.82013,996.90314,1803.33777,-112.33731,1004.86475,1436.57495,312.97449,844.55609,1966.89063,-160.39069,793.21655,1363.86646,113.46861,915.2688,1821.73474,-72.6102,895.6369,1752.28308,121.22356,905.67273,1489.43066,299.9632,484.28275,1625.34216,-93.12299,484.56305,1758.05994,375.03455,203.01523,1399.4043,-13.26997,126.87984,1924.38379
314,3.13,-121.90152,1414.06299,1816.61316,NA,NA,NA,72.53911,1467.20337,1760.26904,NA,NA,NA,211.61427,1299.73877,1725.30896,-131.09979,1268.38013,1561.84192,-27.36203,1187.16321,1763.41443,96.51674,1287.22791,1550.23792,308.0733,996.64508,1813.88391,-117.98354,1004.16998,1447.18567,302.06772,842.78925,1974.53845,-165.02209,791.62762,1376.58264,105.61967,916.72467,1831.93823,-79.83529,896.78833,1762.50903,115.13635,905.0802,1499.93054,294.8725,482.6882,1643.5531,-98.66244,484.27292,1764.93823,374.5271,209.97174,1411.1344,NA,NA,NA
315,3.14,-128.20735,1415.40332,1821.95068,NA,NA,NA,66.3569,1468.11438,1766.97961,NA,NA,NA,205.7821,1300.60901,1734.04138,-137.14191,1269.98315,1567.1781,-34.49496,1188.85608,1772.30383,91.73325,1287.73914,1557.61755,298.27353,997.24493,1821.88123,-123.80032,1003.00354,1456.71326,291.49753,839.82098,1980.67664,-170.32306,789.92194,1388.8147,97.70332,919.12933,1842.88867,-87.08157,898.18256,1771.90662,110.61781,905.00708,1511.15576,288.98657,483.83679,1663.12292,-104.29831,483.98642,1771.73376,374.27567,216.27768,1426.91809,296.37686,119.96124,1458.60413
316,3.15,-134.38554,1417.93542,1829.37903,NA,NA,NA,59.66069,1469.66895,1776.06104,NA,NA,NA,199.3788,1302.12476,1742.94434,-142.41763,1270.64954,1575.91492,-40.70901,1191.2428,1780.94202,86.61927,1288.4115,1565.88013,288.62335,997.64899,1829.87573,-129.45049,1002.89063,1467.38611,281.48862,837.12616,1987.83838,-176.5173,788.3941,1402.27319,89.27837,921.5116,1853.78687,-94.65141,900.18146,1780.67627,105.4893,906.38483,1521.0603,284.48285,483.87332,1685.70679,-109.8937,485.99841,1779.46167,371.68082,221.92398,1441.94995,-15.37815,122.78094,1929.1637
317,3.16,-141.26459,1418.88757,1835.16174,NA,NA,NA,53.95427,1471.43396,1784.1084,NA,NA,NA,193.80608,1303.51172,1751.18958,-147.29808,1271.91284,1582.31604,-46.85875,1193.31311,1788.33411,82.26315,1289.27991,1574.73169,280.85965,995.47266,1838.94836,-136.24745,1002.37024,1478.49976,269.92557,835.68439,1993.64124,-183.04857,787.41058,1415.30859,80.85834,922.94714,1861.95313,-102.13834,902.50952,1789.04041,102.19559,906.68958,1531.30115,279.26248,483.38287,1707.02515,-115.74436,488.63849,1786.4624,369.08459,227.53215,1458.29602,-15.44305,122.03243,1930.32825
318,3.17,-146.86067,1420.70996,1842.19983,NA,NA,NA,47.99946,1472.88806,1790.84338,NA,NA,NA,188.44539,1304.70117,1760.28125,-151.53177,1272.54492,1590.46448,-53.14471,1195.34509,1796.02881,77.73593,1290.49353,1581.8092,270.09006,996.24072,1847.54968,-140.92381,1002.60309,1488.04834,258.96945,834.55151,2000.88916,-191.02986,786.84137,1429.22571,72.5049,925.8573,1872.6438,-109.88512,905.16064,1796.23816,98.07281,907.23907,1539.1095,274.60934,482.14667,1729.2345,-121.23016,492.09583,1793.1012,366.22211,233.71613,1476.29578,-15.62384,122.1558,1931.19067
319,3.18,-153.6447,1422.03101,1848.422,NA,NA,NA,42.25661,1474.37439,1797.57153,NA,NA,NA,182.84544,1306.43567,1770.36951,-155.71062,1274.21533,1597.8302,-58.47776,1197.41858,1802.62634,73.87355,1291.72595,1590.49951,259.46014,996.3587,1856.81055,-147.73381,1003.94177,1496.49316,247.45116,832.14087,2006.5741,-199.24838,786.25946,1443.22998,63.3081,927.50287,1881.10449,-117.59587,907.88904,1803.81079,94.75461,907.27594,1548.77563,269.36368,481.71542,1753.26392,-127.13938,493.80365,1797.4873,361.67242,240.1133,1495.12903,NA,NA,NA
320,3.19,-159.92746,1424.88721,1855.61499,NA,NA,NA,36.23452,1475.99878,1805.97827,NA,NA,NA,177.51401,1307.72437,1780.47278,-159.9397,1277.76758,1602.32117,-64.28375,1199.68726,1810.66675,70.10847,1292.93811,1598.79675,250.70021,997.30786,1869.37012,-153.51921,1004.73334,1506.41089,235.60657,831.67737,2013.18994,-207.72084,786.03259,1458.2085,55.15266,929.92291,1891.2063,-125.50082,910.70734,1810.65271,92.38629,907.9223,1557.77832,262.18372,482.74045,1776.4342,-133.50764,495.56198,1802.95459,357.22748,247.7623,1515.54175,NA,NA,NA
321,3.2,-166.18134,1426.00391,1861.00073,NA,NA,NA,30.24834,1479.03662,1814.29602,NA,NA,NA,172.6595,1308.94385,1789.22632,-163.54541,1280.21423,1608.94165,-69.63262,1201.86731,1816.91931,66.6105,1294.26758,1605.90356,240.66713,994.56293,1875.07813,-159.1115,1005.80029,1517.63538,222.77232,830.83838,2020.10791,-216.98521,786.90912,1472.44409,46.23452,931.59741,1899.22827,-133.43713,913.01184,1817.36499,89.78779,908.41858,1567.98523,255.03802,484.23187,1799.24243,-138.78087,495.8096,1807.46008,351.12344,253.97244,1537.7677,NA,NA,NA
322,3.21,-171.39314,1427.53076,1867.23914,NA,NA,NA,24.71122,1480.50183,1821.89746,NA,NA,NA,167.77026,1311.2113,1798.50146,-166.90547,1282.80493,1615.06689,-75.06587,1203.98279,1824.41553,63.53399,1296.26208,1614.8219,231.68832,995.56116,1884.87134,-165.41394,1006.57245,1527.54736,212.09695,830.20709,2027.05176,-225.8335,786.35193,1487.62268,38.46764,933.41638,1907.73999,-141.31458,915.18549,1823.67139,86.98695,909.56976,1577.42615,246.87592,486.57605,1821.26233,-143.28029,495.6156,1810.55139,343.76962,259.63004,1559.45032,NA,NA,NA
323,3.22,-177.37865,1429.11804,1871.0498,NA,NA,NA,19.56843,1482.38574,1827.82446,NA,NA,NA,162.72971,1312.23596,1807.07129,-170.25218,1285.47058,1621.25879,-80.20526,1206.31799,1831.69617,60.91079,1297.96155,1622.69958,223.409,996.49323,1897.12451,-171.38786,1008.50488,1535.5249,198.66066,829.8042,2034.38904,-235.9875,787.57727,1502.77295,29.84957,935.20239,1915.84839,-149.17206,917.88397,1829.94336,84.16257,910.32458,1585.73962,238.47929,489.84766,1844.1875,-147.97896,494.61426,1812.55859,335.94092,264.51422,1582.18481,NA,NA,NA
324,3.23,-182.47368,1430.77905,1877.86023,NA,NA,NA,13.70827,1485.08411,1835.70251,NA,NA,NA,157.95461,1313.71484,1815.98267,-173.01466,1288.19751,1626.90259,-85.38851,1208.72229,1838.67542,57.56686,1299.57336,1630.36743,216.43222,997.18823,1905.5542,-176.22321,1010.24377,1541.99243,186.72356,828.56348,2039.6897,-245.94858,788.25861,1517.82227,21.74603,936.45538,1923.97986,-157.60515,920.25574,1836.27222,80.34548,911.32562,1594.04529,230.79512,492.04001,1864.6449,-152.99269,492.79941,1813.12561,328.50201,269.19107,1603.44214,NA,NA,NA
325,3.24,-188.16606,1431.90857,1882.0199,NA,NA,NA,9.03547,1486.72754,1842.54309,NA,NA,NA,152.76205,1315.16064,1826.45569,-175.79367,1290.0481,1634.7041,-90.49892,1209.9375,1844.61682,NA,NA,NA,NA,NA,NA,-182.54173,1013.42218,1550.69897,175.12944,828.76263,2048.03662,-255.17679,789.38403,1532.28491,14.59192,937.8042,1930.85767,-165.56747,922.22443,1841.70703,76.80469,913.0481,1603.60645,221.00813,493.43539,1882.88989,-157.28122,490.81073,1812.66174,321.13419,273.23715,1625.98755,NA,NA,NA
326,3.25,-193.28589,1434.69873,1888.24463,NA,NA,NA,4.07098,1489.3988,1850.56702,NA,NA,NA,148.22034,1315.85925,1835.03247,-178.82417,1293.64966,1638.97559,-95.44406,1212.19922,1850.69446,NA,NA,NA,202.94777,997.27496,1920.34363,-187.94997,1016.08472,1557.58167,162.65831,829.29169,2056.22339,-265.19019,791.58679,1547.60754,5.85462,939.49731,1939.40625,-172.81082,924.04895,1845.49255,73.68965,915.24738,1613.34668,210.61789,498.63123,1908.57043,-160.89465,488.58951,1810.78552,313.34396,276.76895,1649.6792,-19.80517,121.46369,1928.17065
327,3.26,-198.74086,1436.75928,1892.65674,NA,NA,NA,-0.72055,1491.14429,1858.3114,NA,NA,NA,143.37247,1317.56055,1844.87207,-181.35947,1296.28247,1644.48914,-100.19843,1214.06921,1857.70483,NA,NA,NA,196.74728,998.39551,1930.72864,-193.16563,1018.11865,1565.07251,150.01352,828.35614,2061.02979,-274.93369,793.62042,1561.07361,-1.56675,942.08368,1947.53381,-179.97473,926.62775,1850.15442,71.72337,916.6958,1623.21521,200.86449,500.79742,1930.82874,-164.1041,485.75101,1806.67517,307.33575,277.68192,1672.83545,-19.80989,121.48213,1927.42798
328,3.27,-203.63072,1438.47009,1898.05627,NA,NA,NA,-4.92884,1492.89063,1864.76831,NA,NA,NA,138.98718,1318.00757,1853.56165,-183.9326,1298.18091,1651.23718,-105.13503,1215.77979,1863.36255,NA,NA,NA,189.91153,1002.72778,1942.23706,-197.92763,1020.22577,1571.42383,138.44073,827.5282,2068.55786,-285.20895,795.90765,1576.78564,-9.26014,942.55658,1953.72754,-186.45427,929.31958,1855.276,68.94109,918.50989,1633.25452,188.96634,502.74191,1950.15393,-166.23709,483.91434,1806.18933,299.44684,279.99106,1696.95862,-20.42535,122.08414,1927.68323
329,3.28,-208.54958,1440.58667,1902.68689,NA,NA,NA,-8.69761,1494.14001,1870.60681,NA,NA,NA,134.41391,1319.1001,1862.02393,-186.43095,1301.31763,1654.86694,-110.70596,1217.81738,1868.96973,NA,NA,NA,184.71509,998.93481,1944.60571,-201.94267,1023.03619,1577.30042,125.96688,829.14935,2077.61133,-295.52499,799.18506,1591.58789,-17.41439,945.36298,1963.66492,-192.5508,931.28748,1858.86328,67.16917,919.5993,1643.1189,176.56477,507.68185,1972.25647,-168.26505,483.57129,1803.05652,292.32523,279.94272,1723.50232,-21.0199,122.5154,1927.61609
330,3.29,-213.18721,1442.65613,1906.44678,NA,NA,NA,-13.81164,1495.72095,1878.77856,NA,NA,NA,129.96005,1319.24512,1870.21045,-188.99713,1303.70105,1659.71045,-115.61839,1219.57629,1875.03418,NA,NA,NA,178.58257,1001.94336,1956.08154,-206.6864,1025.23193,1583.56812,113.31706,829.62164,2084.19629,-307.2413,802.72064,1607.74316,-25.39596,946.06653,1969.71777,-198.31299,933.42108,1862.79956,64.79452,921.84235,1651.10889,163.85335,510.96518,1990.85938,-169.46671,482.75937,1801.91528,283.75674,279.67764,1748.2854,-21.69632,123.63849,1927.18359
331,3.3,-217.77956,1445.14771,1911.59778,NA,NA,NA,-18.32523,1497.96216,1886.3551,NA,NA,NA,125.12502,1320.32495,1878.66418,-191.06204,1305.85425,1663.84949,-121.28841,1221.78772,1880.73633,NA,NA,NA,173.20685,1002.09387,1964.14575,-210.43637,1026.82007,1589.5127,101.24892,830.66656,2093.07495,-317.09833,806.51337,1621.61877,-33.47203,948.06714,1978.67249,-203.4341,935.01575,1866.29858,61.08282,924.75,1658.90417,150.09293,516.77191,2013.02551,-169.87456,482.42743,1799.38403,275.49677,278.1994,1775.88989,-21.87903,123.31693,1926.44409
332,3.31,-223.2352,1447.59314,1915.86768,NA,NA,NA,-22.59788,1499.31226,1893.23633,NA,NA,NA,120.34705,1320.40674,1886.79358,-193.06987,1307.16248,1670.27417,-126.7014,1223.08679,1886.13477,NA,NA,NA,NA,NA,NA,-213.83656,1029.49524,1593.4613,89.39497,832.16278,2101.28809,-327.7988,811.44983,1635.00342,-41.17299,948.96399,1984.51074,-208.61209,936.62848,1869.12744,59.60141,924.98474,1669.32617,136.52315,519.00104,2027.07361,-170.3114,482.01593,1798.54358,265.46503,274.74103,1802.4762,-22.64959,123.4138,1925.86035
333,3.32,-227.10242,1449.74951,1920.40271,NA,NA,NA,-26.08632,1499.95898,1898.57556,NA,NA,NA,115.23787,1321.66296,1895.88135,-195.33505,1309.91064,1672.46826,-131.82773,1225.25513,1891.84497,NA,NA,NA,162.58292,1002.59253,1980.09595,-217.9388,1030.71936,1598.70825,76.55726,832.38519,2106.3877,-337.77847,815.65625,1646.23401,-50.25954,950.05212,1991.88867,-213.75534,938.96082,1872.71594,57.83924,927.62152,1679.85107,123.49097,525.37531,2047.04175,-170.82501,481.97162,1798.14844,255.26955,271.58102,1830.97998,-23.53169,124.42627,1926.20093
334,3.33,-232.42596,1452.2782,1925.00122,NA,NA,NA,-30.47269,1501.01965,1905.44849,NA,NA,NA,110.31824,1321.7887,1903.86841,-197.68755,1311.60852,1676.99292,-137.93279,1226.57996,1896.729,NA,NA,NA,156.66792,1002.79889,1987.4967,-221.04951,1032.61719,1604.46338,63.83075,834.93854,2114.42505,-347.54416,820.45673,1659.37561,-58.1059,952.25824,1999.44153,-218.8511,939.93231,1875.97754,56.65304,927.12439,1690.24353,110.07142,530.00427,2063.71802,-171.59239,482.02612,1797.66345,245.07549,265.94186,1858.09094,-24.36356,125.29406,1926.72253
335,3.34,-236.57234,1454.21924,1928.72314,NA,NA,NA,-35.08856,1501.73499,1912.89404,NA,NA,NA,104.83897,1322.94885,1912.71191,-199.33499,1313.02063,1680.69116,-143.29787,1228.05664,1902.21252,NA,NA,NA,151.14742,1002.94092,1994.45435,-222.56239,1034.96399,1605.62048,52.52988,834.92816,2120.87451,-356.83276,825.633,1670.50012,-66.63287,953.63867,2006.33154,-223.62941,941.60712,1879.12341,54.79892,928.64465,1695.93445,95.88667,533.67792,2077.79126,-173.45618,481.71796,1801.51526,232.65259,261.23422,1885.83899,-24.48113,125.0524,1926.26672
336,3.35,-241.01338,1455.90576,1932.99902,NA,NA,NA,-38.27836,1502.73682,1917.48059,NA,NA,NA,99.20333,1323.18774,1921.40491,-201.05385,1314.32019,1685.46045,-149.23553,1229.32043,1906.92822,NA,NA,NA,145.86946,1003.35406,2002.18457,-225.93999,1035.67505,1611.68726,38.75039,837.96527,2127.82739,-365.85574,831.1134,1682.77954,-75.08955,955.07489,2012.28796,-228.63463,943.54626,1882.55664,NA,NA,NA,83.18384,537.54388,2092.59155,-174.88745,481.43771,1801.03076,221.60924,254.675,1915.55078,-24.53691,124.94135,1926.04858
337,3.36,-246.27832,1457.90112,1937.80945,NA,NA,NA,-42.94353,1503.47058,1924.81909,NA,NA,NA,93.49936,1323.70386,1930.69153,-202.58015,1312.67688,1685.80957,-154.26411,1229.97229,1911.88623,NA,NA,NA,139.71851,1003.52362,2011.56201,-229.29819,1036.83447,1618.27173,27.51182,839.44183,2134.9436,-374.40158,836.55566,1693.03491,-84.31328,955.72308,2018.77454,-233.46393,943.78241,1884.11011,52.59763,928.96967,1714.86462,69.89954,540.84772,2105.58496,-177.33961,481.9787,1804.79321,209.24268,246.85635,1944.58545,-24.8307,124.73513,1926.20117
338,3.37,-250.43208,1459.18481,1942.63098,NA,NA,NA,-47.60336,1503.84924,1932.00085,NA,NA,NA,87.9896,1323.85498,1939.94263,-204.57899,1315.06787,1696.14087,-160.47508,1230.92126,1916.73694,NA,NA,NA,134.01704,1003.88293,2019.76135,-231.76558,1036.75415,1621.44678,15.81695,841.00238,2142.18457,-381.87061,843.05658,1701.59485,-93.37119,956.3222,2024.80737,-238.94984,945.51691,1888.39294,51.47371,929.93561,1725.41821,57.48948,541.93384,2117.08521,-179.03851,481.90839,1805.50256,195.31616,241.53133,1973.88477,-24.83813,124.65137,1926.20667
339,3.38,-255.15846,1460.33154,1945.82617,NA,NA,NA,-51.44443,1504.08887,1937.47095,NA,NA,NA,82.20039,1323.85034,1948.69922,-205.29797,1316.12805,1701.13037,-165.76379,1231.67371,1921.01233,NA,NA,NA,127.53651,1005.05011,2028.9458,-233.92868,1038.04968,1627.34583,4.31676,842.13312,2149.11865,-389.28751,847.58667,1713.27209,-102.49936,957.5755,2031.34961,-243.57423,945.0791,1889.80225,50.74681,930.05737,1736.06543,43.49475,545.66223,2130.42969,-181.133,481.93439,1809.85754,182.08771,233.98055,2004.65393,-24.84901,124.48739,1926.23572
340,3.39,-259.65701,1461.97473,1950.74609,NA,NA,NA,-55.82561,1505.03223,1944.30469,NA,NA,NA,76.31901,1324.45593,1957.94055,-207.56006,1316.49585,1704.63354,-171.43591,1231.271,1926.15613,NA,NA,NA,121.02961,1004.56177,2038.1394,NA,NA,NA,-7.37988,843.79486,2156.89209,-395.96628,853.36627,1720.06628,-111.90953,957.86859,2037.93652,-248.98366,945.7403,1891.81396,49.62576,929.71161,1745.27698,30.30913,545.86755,2140.68359,-182.57954,482.1257,1812.66479,167.19107,226.84697,2034.08362,-24.86128,124.31285,1926.26355
341,3.4,-264.70056,1462.88037,1955.49316,NA,NA,NA,-60.75639,1505.14026,1951.30188,NA,NA,NA,70.1646,1324.68323,1968.40564,-208.981,1317.74133,1707.00781,-177.28709,1231.61108,1930.67444,NA,NA,NA,113.69897,1004.40417,2047.32288,NA,NA,NA,-18.34774,845.04468,2163.74268,-401.89395,858.42474,1728.30396,-120.85835,957.54321,2043.22351,-253.60736,946.41577,1895.0896,48.7664,930.74603,1755.55908,16.04444,545.78943,2149.44971,-184.30385,480.96857,1816.32764,152.21069,221.05022,2064.74683,-27.61644,127.27813,1931.04968
342,3.41,-268.92474,1463.67517,1958.51501,NA,NA,NA,-65.50567,1505.8363,1959.15869,NA,NA,NA,62.79632,1321.79517,1974.14734,-210.33861,1317.18042,1712.88831,-182.41614,1231.66895,1935.37244,NA,NA,NA,105.94125,1004.85791,2058.37573,NA,NA,NA,-29.47979,846.03149,2171.41016,-407.34924,862.90295,1737.71814,-130.00549,957.99829,2048.95605,-258.37531,945.89502,1896.5498,NA,NA,NA,2.34989,547.16193,2161.1665,-185.72061,480.52628,1821.53296,136.4353,214.27005,2094.31152,81.83056,171.12578,2109.17285
343,3.42,-273.67911,1464.14722,1962.73352,NA,NA,NA,-69.43214,1505.34326,1965.0835,NA,NA,NA,58.33639,1323.88098,1987.29724,-212.11855,1316.53833,1716.84778,-188.33295,1231.18359,1939.28296,NA,NA,NA,98.62469,1004.06702,2067.79272,NA,NA,NA,-40.65593,846.93567,2179.41138,-412.41861,867.0224,1747.26624,-138.99304,957.8985,2054.99951,-263.69232,945.9361,1900.51501,47.17754,929.28052,1779.47424,-11.44416,547.90472,2172.28857,-186.69646,480.29208,1822.48315,119.03226,211.40422,2124.9187,55.08882,130.15985,2097.62964
344,3.43,-278.36856,1464.86719,1967.21936,NA,NA,NA,-74.17055,1505.2157,1971.78528,NA,NA,NA,50.01488,1321.56177,1994.59473,-212.66113,1317.323,1719.48413,-193.36617,1230.68433,1944.39954,NA,NA,NA,90.34977,1003.35492,2077.98999,NA,NA,NA,-51.46688,847.45221,2186.50732,-416.82825,870.63831,1753.3103,-147.4736,957.026,2060.69141,-267.67429,945.22644,1902.46863,46.15172,930.30286,1788.31641,-25.38502,548.65857,2182.48413,-187.77954,479.50092,1827.7666,101.62017,208.09897,2153.65942,43.85709,167.06795,2167.46362
345,3.44,-283.13086,1464.61267,1971.41699,NA,NA,NA,-78.77497,1504.48657,1978.66736,NA,NA,NA,43.91497,1320.91724,2003.73853,-213.70934,1316.59741,1724.47144,-199.39,1229.90747,1948.43457,NA,NA,NA,82.20015,1002.92737,2088.74487,NA,NA,NA,-62.43031,847.53516,2194.25098,-420.87048,874.1391,1758.9231,-155.5546,955.49091,2065.74072,-272.74377,944.86664,1905.65869,45.36279,928.74683,1799.60718,-39.59954,548.90076,2191.32764,-188.62694,478.66437,1832.42419,83.09311,206.16284,2181.28784,24.35991,167.64375,2197.37036
346,3.45,-287.69901,1464.92078,1974.89734,NA,NA,NA,-83.88673,1504.46411,1985.86792,NA,NA,NA,36.73342,1321.21765,2013.82434,-214.4519,1315.95483,1729.39673,-204.86879,1229.44995,1954.30005,NA,NA,NA,74.3473,1002.659,2100.10156,NA,NA,NA,-73.58403,847.95331,2202.3623,-423.89694,876.61005,1767.39417,-164.4993,955.19476,2072.00513,-277.13065,945.0946,1909.67603,43.84718,927.17316,1816.55908,-53.24359,549.76019,2201.1853,-188.53973,478.1445,1835.2074,63.17538,204.4409,2207.90527,2.38211,168.74033,2225.38281
347,3.46,-292.77972,1464.90796,1979.42944,NA,NA,NA,-89.06611,1504.31653,1992.79797,NA,NA,NA,30.54806,1319.70032,2022.31592,-215.37935,1315.12512,1733.86157,-210.49068,1228.35815,1958.26404,NA,NA,NA,65.76171,1002.07324,2110.46973,-243.27129,1034.18091,1672.14648,-84.01949,847.58942,2209.4458,-426.45233,880.21454,1771.25586,-171.84575,954.00427,2077.10864,-281.29449,943.32129,1912.2915,42.98942,927.8252,1823.23669,-66.889,550.23639,2210.15454,-188.94017,477.8447,1838.51611,41.83192,205.22356,2236.19653,-19.59544,171.50322,2253.57983
348,3.47,-297.93863,1464.60449,1984.01526,-0.626,1311.32507,1820.83948,-94.05444,1503.04675,2000.35535,NA,NA,NA,23.23829,1319.1051,2032.42822,-215.99078,1313.95923,1738.18372,-215.23659,1227.91833,1963.09741,NA,NA,NA,57.22598,1001.50055,2120.88745,-243.27998,1034.19531,1672.33228,-95.27979,847.88611,2217.81201,-428.39777,881.06268,1778.04211,-179.80266,953.49359,2083.85547,-286.41925,943.60486,1917.93298,40.08078,928.10516,1829.76819,-81.06477,551.36432,2218.92163,-189.46445,477.22824,1842.25818,19.11981,204.67934,2262.3457,-43.08952,173.84035,2279.60547
349,3.48,-302.48349,1464.69226,1987.20959,-3.02744,1310.49255,1831.11145,-98.80666,1502.66296,2007.29944,NA,NA,NA,16.59596,1318.65955,2041.96179,-216.3484,1312.87146,1743.00891,-220.65222,1226.4137,1967.16052,NA,NA,NA,48.93741,1001.06207,2132.16772,-242.94434,1034.30798,1671.00427,-105.4985,847.03461,2224.78613,-430.29669,881.83228,1784.78333,-186.92175,951.90051,2088.65479,-291.40591,943.41522,1923.36938,NA,NA,NA,-94.22454,551.79419,2228.30737,-190.12294,476.08105,1847.42151,-4.60129,207.73117,2291.22607,-67.39886,177.33908,2305.20605
350,3.49,-307.48318,1464.08875,1991.52502,-5.45751,1309.51184,1842.38135,-104.04778,1502.29138,2015.2655,NA,NA,NA,9.6055,1317.72314,2052.29883,-216.59837,1311.51709,1747.74109,-226.33916,1226.19336,1973.2522,NA,NA,NA,40.52652,1000.22638,2142.89795,NA,NA,NA,-116.43512,846.90796,2232.90552,-431.43149,882.25507,1790.63245,-195.50168,952.0105,2094.91602,38.22253,925.4425,1854.08716,NA,NA,NA,-107.85183,551.92633,2235.54126,-189.83513,475.3772,1851.82727,-29.28252,207.58572,2315.29492,-91.82397,180.79153,2329.0376
351,3.5,-312.59488,1463.74744,1995.71045,-7.99823,1308.77844,1852.07581,-109.46661,1501.65991,2021.93848,NA,NA,NA,2.71355,1317.00684,2062.78906,-216.74763,1310.01392,1752.29626,-231.5504,1225.14307,1977.3689,NA,NA,NA,31.35761,999.36389,2153.0083,NA,NA,NA,-126.87953,846.10236,2240.41357,-432.1069,882.711,1795.94373,-202.56262,950.8385,2099.41089,35.78029,924.71198,1865.58496,NA,NA,NA,-121.15228,553.52917,2245.24683,-189.7478,474.35413,1856.60742,-53.25993,210.68805,2340.17822,-116.96935,184.36781,2350.43604
352,3.51,-317.56085,1463.26721,1999.62329,-10.55482,1307.59106,1864.30676,-114.88591,1500.62964,2029.66431,NA,NA,NA,-4.41832,1316.74207,2072.99146,-216.63524,1308.50195,1757.53491,-236.05431,1223.60242,1980.9165,NA,NA,NA,22.33408,999.82355,2165.02441,NA,NA,NA,-137.53674,846.29559,2248.31592,-432.25522,882.85992,1796.11792,-210.60529,951.49152,2106.4209,32.71939,923.33704,1873.79297,NA,NA,NA,-134.68987,554.8396,2253.9751,-190.55995,474.11682,1860.82458,-77.27975,215.00247,2365.72583,NA,NA,NA
353,3.52,-322.66965,1463.15149,2003.39087,-13.25603,1306.7915,1874.16199,-120.45889,1500.12866,2036.71606,NA,NA,NA,-11.71208,1315.92249,2082.55615,-216.63287,1306.75354,1762.875,-241.71591,1222.99316,1986.17151,NA,NA,NA,13.17581,998.5224,2175.30591,-237.37445,1026.72034,1695.3512,-148.09804,845.33484,2256.28711,-431.98209,880.57184,1803.9801,-218.04869,950.09033,2112.11792,30.97327,922.50256,1889.9657,NA,NA,NA,-147.69998,555.26355,2261.82568,-190.77812,473.07507,1868.50769,-103.94678,218.57451,2385.34155,-169.48779,190.75598,2387.78857
354,3.53,-327.83533,1462.3512,2007.17444,-15.98895,1305.93628,1884.27197,-125.73612,1498.87512,2044.19885,NA,NA,NA,-19.45247,1315.05908,2092.53931,-216.25191,1305.21704,1768.53699,-246.97343,1222.80139,1992.55371,NA,NA,NA,3.85224,997.54596,2185.80615,NA,NA,NA,-159.20264,844.84326,2264.57739,-431.55365,880.14154,1803.4762,-226.65656,949.51196,2118.81421,27.70727,920.8092,1898.77893,NA,NA,NA,-159.67239,556.56549,2271.11499,-192.17064,473.33325,1872.8761,-129.22765,221.52563,2405.55176,-195.39503,192.4225,2402.34106
355,3.54,-332.9649,1461.66321,2010.92505,-18.98176,1304.84216,1895.51111,-132.12784,1497.66333,2052.70605,NA,NA,NA,-27.13965,1314.52771,2103.43701,-216.13663,1303.56165,1773.71094,-251.75409,1220.78308,1995.72351,NA,NA,NA,-5.82369,997.28809,2197.40137,NA,NA,NA,-169.85451,844.52686,2272.38232,-430.52225,877.45392,1807.43494,-234.64616,948.89526,2124.39624,25.74065,920.15118,1913.58911,NA,NA,NA,-171.94121,558.28143,2280.79272,-193.38773,473.00735,1874.46252,-154.79114,226.54817,2425.25171,-221.41739,195.64658,2416.29614
356,3.55,-338.14819,1460.81421,2014.62708,-21.6355,1303.48181,1906.73657,-138.08292,1497.07178,2060.41431,NA,NA,NA,-34.89398,1314.40881,2114.63574,NA,NA,NA,-256.41058,1220.32739,2000.94666,NA,NA,NA,-15.82249,997.03516,2208.15796,NA,NA,NA,-180.79091,843.66992,2280.64624,-428.7941,874.17242,1810.09619,-242.89864,948.22357,2130.052,21.96861,919.28168,1924.97144,NA,NA,NA,-183.8279,560.08057,2290.07959,-194.63226,471.78546,1880.66846,-180.22836,231.17439,2442.4187,-246.61185,198.71521,2429.06152
357,3.56,-343.22745,1460.52173,2017.77002,-24.09951,1302.2915,1919.2948,-143.85823,1495.66736,2067.78198,NA,NA,NA,-42.8634,1313.62354,2124.67651,NA,NA,NA,-262.1839,1219.22314,2005.90051,NA,NA,NA,-25.64235,995.25183,2218.85254,NA,NA,NA,-191.67767,842.95361,2288.92529,-426.72913,870.38159,1812.88318,-251.33383,947.20642,2135.85156,18.65845,918.27075,1937.73572,NA,NA,NA,-196.22481,560.87506,2299.30103,-195.25519,469.72739,1885.70618,-204.70753,234.19154,2457.65869,-270.30417,199.49045,2439.11133
358,3.57,-348.37503,1459.71667,2021.07507,-27.4768,1301.04846,1929.64624,-150.77599,1495.37756,2076.33325,NA,NA,NA,-50.89375,1312.54382,2134.69385,NA,NA,NA,-267.39291,1218.02966,2012.66846,NA,NA,NA,-36.11805,995.83557,2231.2749,NA,NA,NA,-202.73268,842.0022,2296.32373,-424.95642,866.13385,1816.0304,-259.79382,945.86371,2141.70776,14.12805,915.88104,1945.44385,NA,NA,NA,-208.61525,561.92267,2307.72388,-196.23238,469.9072,1889.55249,-229.09639,236.66603,2470.2229,-293.38397,200.57191,2448.54614
359,3.58,NA,NA,NA,-30.87687,1300.0592,1940.104,-157.03415,1493.65869,2083.771,NA,NA,NA,-58.87226,1312.05835,2145.46973,NA,NA,NA,-272.23483,1215.68762,2015.97729,NA,NA,NA,-46.4495,993.96411,2241.1001,NA,NA,NA,-213.77882,841.80536,2304.81104,-421.96381,862.42126,1817.19861,-268.33078,945.41504,2147.20459,10.5029,915.38287,1961.24194,NA,NA,NA,-220.61101,563.18768,2317.17773,-197.21736,468.93011,1894.64172,-252.33734,239.20242,2481.69336,-315.87613,202.05278,2457.08325
360,3.59,NA,NA,NA,-34.42884,1298.73474,1951.09973,-164.10968,1493.39539,2092.68237,NA,NA,NA,-67.54536,1311.63892,2156.57544,NA,NA,NA,-277.39902,1215.20483,2022.47034,NA,NA,NA,-56.70096,994.13611,2252.91455,NA,NA,NA,-225.10158,841.00635,2313.46509,-418.94452,857.01971,1819.04016,-276.98804,944.41418,2153.04004,6.7156,913.97723,1973.41272,NA,NA,NA,-232.30853,564.16431,2326.22559,-198.44072,468.52701,1899.43201,-273.43231,241.43713,2491.79565,-336.69925,200.63171,2464.22778
361,3.6,NA,NA,NA,-37.58663,1297.42737,1962.26147,-170.2076,1491.67749,2099.46924,NA,NA,NA,-76.32029,1310.27979,2166.77197,NA,NA,NA,-282.93118,1214.23694,2028.00305,NA,NA,NA,-67.43711,992.55615,2264.24609,NA,NA,NA,-236.48979,839.79047,2321.86865,-415.32333,850.60779,1821.0376,-285.7067,943.17914,2159.177,1.24943,912.13373,1983.33667,NA,NA,NA,-244.7753,565.04468,2335.53516,-199.345,468.55249,1900.6095,-294.64108,244.69855,2501.24268,-356.94376,199.65372,2470.60962
362,3.61,NA,NA,NA,-41.06837,1296.05127,1975.47253,-177.52393,1491.15527,2108.14648,NA,NA,NA,-84.61993,1309.80054,2178.52954,NA,NA,NA,-288.37717,1213.08679,2033.89685,NA,NA,NA,-78.56451,992.04218,2275.33594,NA,NA,NA,-248.15134,839.09882,2330.27979,-411.30652,844.76843,1823.64807,-293.78418,941.71759,2163.57324,-3.25769,909.96185,1995.40918,NA,NA,NA,-257.21152,564.68494,2343.14355,-200.29768,467.44531,1908.86963,-313.59277,245.63232,2508.58472,-374.0787,199.11136,2477.8125
363,3.62,NA,NA,NA,-44.81081,1294.82166,1986.59338,-184.91267,1490.01636,2116.1958,NA,NA,NA,-93.41664,1308.08276,2187.90381,-210.97804,1005.67841,1768.86462,-293.66956,1212.11914,2040.21118,NA,NA,NA,-89.25288,991.10632,2287.73755,NA,NA,NA,-259.79367,837.82916,2337.74683,-407.36374,839.58209,1825.78564,-302.70422,940.94971,2169.50879,-8.57329,909.41547,2007.67749,NA,NA,NA,-269.15839,564.43933,2351.65527,-201.49156,467.3848,1911.90735,-330.38129,247.0182,2515.77051,-210.83289,-81.96804,2170.63428
364,3.63,NA,NA,NA,-48.71733,1293.45081,1999.27661,-191.67581,1489.55701,2123.2854,NA,NA,NA,-102.85377,1307.96094,2200.35767,-208.80078,1006.72333,1762.1261,-298.62338,1209.85645,2044.32043,NA,NA,NA,-100.54234,990.85614,2299.46167,-347.33081,926.13806,1981.98096,-270.95331,837.10126,2346.39673,-402.78098,832.74731,1828.29834,-311.78812,939.87756,2175.71631,-12.53951,907.67108,2024.72278,NA,NA,NA,-281.00327,563.73505,2360.65967,-203.12015,467.6098,1915.14465,-345.47803,247.44432,2522.71436,NA,NA,NA
365,3.64,-86.98896,1527.64917,2015.46484,-52.93992,1292.07092,2011.08142,-199.34723,1488.36951,2131.48706,NA,NA,NA,-111.33749,1306.56006,2209.95166,NA,NA,NA,-303.37988,1209.18652,2050.93896,NA,NA,NA,-111.6737,989.36353,2309.61938,-350.71011,923.87115,1984.90833,-282.72125,836.03845,2354.3562,-397.86801,826.87482,1829.84277,-320.61789,938.74298,2180.87256,-17.34708,905.57587,2036.95422,NA,NA,NA,-293.69293,561.9931,2367.48364,-204.37427,467.77039,1916.77734,-359.94034,246.4561,2529.28369,NA,NA,NA
366,3.65,-90.90372,1525.48792,2025.04175,-57.28443,1290.81604,2024.19153,-207.19563,1488.01086,2139.91528,NA,NA,NA,-121.14883,1306.38867,2222.22046,NA,NA,NA,-309.54849,1208.51282,2057.25464,NA,NA,NA,-123.05311,988.52759,2320.88965,-354.55792,922.82953,1989.88379,-294.05627,834.62775,2361.77734,-392.11823,820.95831,1829.28357,-329.98212,938.62628,2186.86499,-23.10622,904.53961,2047.91064,NA,NA,NA,-305.15475,560.28033,2375.25732,-206.13971,468.12543,1920.19165,-372.75262,245.64961,2535.60229,NA,NA,NA
367,3.66,-95.01442,1524.1189,2036.16125,-61.72863,1289.76746,2037.40015,-215.35732,1487.07263,2147.62109,NA,NA,NA,-131.05562,1305.36755,2232.66846,NA,NA,NA,-314.62958,1207.47498,2063.71313,NA,NA,NA,-134.44705,987.37378,2331.91504,-358.09045,921.89099,1994.90967,-306.05017,833.53613,2370.27856,-386.06497,816.26941,1830.52112,-338.34879,936.70386,2191.8645,-26.92162,903.47485,2067.21313,NA,NA,NA,-318.35287,558.22192,2382.30615,-208.05429,467.51584,1928.48535,-385.63068,243.74431,2542.20288,NA,NA,NA
368,3.67,-100.09617,1522.52649,2046.15002,-66.10347,1288.38135,2050.76221,-222.98566,1486.32556,2154.9563,NA,NA,NA,-140.52266,1304.82996,2244.13477,NA,NA,NA,-319.84705,1206.29846,2070.39746,NA,NA,NA,-147.06567,987.83752,2343.99414,-361.71442,921.02069,1999.88794,-317.39703,832.72656,2378.72144,-379.72046,810.34686,1830.89331,-347.43698,935.69769,2197.82983,-32.53523,902.19324,2078.80591,NA,NA,NA,-329.86731,555.07208,2389.27686,-209.78711,467.49899,1934.6106,-396.67853,239.60593,2546.63721,NA,NA,NA
369,3.68,-104.59317,1520.92554,2057.48267,-70.78178,1287.39929,2063.28809,-231.52591,1485.61963,2163.04272,NA,NA,NA,-150.81851,1304.41675,2254.854,NA,NA,NA,-325.58679,1205.37781,2076.34985,NA,NA,NA,-159.22856,987.10254,2355.22778,-365.40747,920.05945,2005.52356,-329.77631,830.89813,2386.55884,-373.02634,804.88531,1835.42139,-356.44766,935.20197,2203.56274,-39.56496,901.09076,2093.36963,NA,NA,NA,-341.8848,550.83252,2395.09741,-212.54445,469.0358,1937.84619,-405.71854,234.15657,2550.38843,NA,NA,NA
370,3.69,-109.56201,1519.27747,2068.9624,-75.52364,1286.15955,2077.17603,-239.49811,1485.15613,2170.30615,NA,NA,NA,-161.10762,1304.05823,2265.90088,NA,NA,NA,-330.79187,1204.85986,2083.72314,NA,NA,NA,-171.48694,986.42712,2365.63403,-368.5177,919.17432,2011.00488,-340.58481,829.66461,2394.1543,-365.42441,799.45563,1836.83081,-365.39111,934.09076,2209.59253,-44.69136,900.75854,2111.36548,NA,NA,NA,-352.81702,547.1452,2401.94751,-215.0089,468.75531,1941.07385,-413.77518,229.57338,2555.02344,NA,NA,NA
371,3.7,-114.41042,1517.41919,2079.69775,-80.56879,1284.78918,2091.02612,-247.811,1484.01904,2177.91919,NA,NA,NA,-171.34523,1303.86133,2277.38184,NA,NA,NA,-336.0722,1203.90759,2090.61304,NA,NA,NA,-184.25885,986.13245,2376.73462,-372.01196,918.92529,2016.22498,-352.01828,827.31244,2400.41553,-358.36395,793.6593,1840.44067,-374.25058,933.3913,2215.66284,-52.71128,898.16919,2121.25854,NA,NA,NA,-364.35135,542.44977,2407.12939,-217.98843,469.01196,1947.58105,-419.19452,225.07446,2561.34448,NA,NA,NA
372,3.71,-119.32475,1516.42761,2091.27954,-85.97771,1283.38269,2103.95483,-255.98555,1483.30432,2184.56396,NA,NA,NA,-182.11653,1303.42029,2288.02759,NA,NA,NA,-341.69681,1203.2876,2096.99854,NA,NA,NA,-197.43311,985.95374,2388.31641,NA,NA,NA,-367.63867,824.33765,2405.31567,-351.1304,789.51459,1842.18628,-383.17883,932.77405,2221.95752,-58.50136,898.19354,2142.28271,NA,NA,NA,-375.55511,539.43695,2415.06348,-221.33176,469.34982,1954.76929,-422.98853,219.92406,2566.50146,NA,NA,NA
373,3.72,-124.67944,1515.40308,2101.99927,-91.47641,1281.84607,2118.83838,-264.19019,1483.24463,2191.39575,NA,NA,NA,-193.51108,1303.43152,2299.64624,NA,NA,NA,-301.46692,1163.89746,2018.41199,NA,NA,NA,-209.76828,985.22272,2398.8916,NA,NA,NA,-374.15448,823.16071,2414.51099,-343.38138,784.23132,1844.22473,-391.72141,931.00677,2228.17529,-65.30275,896.7818,2156.86963,NA,NA,NA,-386.55228,535.65375,2420.97314,-224.70799,469.88922,1961.47656,-423.43344,213.96432,2572.57471,NA,NA,NA
374,3.73,-130.65945,1514.26514,2113.24414,-97.16817,1280.88513,2132.27612,-272.51627,1482.2373,2198.24585,NA,NA,NA,-204.90923,1303.57288,2310.98657,-259.0838,235.28191,80.4353,NA,NA,NA,NA,NA,NA,-222.98167,985.02008,2410.26025,NA,NA,NA,-378.28305,822.17511,2415.74365,-336.08313,780.09943,1847.16919,-400.57886,930.69763,2234.87207,-73.0843,895.92871,2172.4939,-353.70584,1203.65942,2114.8999,-396.98108,531.89832,2426.74731,-228.46161,469.52588,1969.55957,-421.55963,211.52838,2583.04761,NA,NA,NA
375,3.74,-136.45102,1513.36438,2124.55298,-102.3763,1279.99841,2148.29932,-281.1745,1482.09045,2205.34204,NA,NA,NA,-386.85876,915.19147,2041.79089,-244.59386,242.97012,71.18593,NA,NA,NA,NA,NA,NA,-236.84151,985.43982,2421.06958,NA,NA,NA,NA,NA,NA,-328.42313,775.5993,1854.11597,-409.08078,929.62018,2241.5,-80.76351,893.25641,2186.38306,-322.05417,1169.62402,2052.38037,-406.64236,528.40985,2433.96875,-232.13878,469.89658,1974.76904,-418.36627,207.56487,2592.43604,NA,NA,NA
376,3.75,-141.72232,1512.71204,2135.10205,-108.0436,1278.81653,2161.73267,-288.87766,1481.54541,2211.4707,NA,NA,NA,-390.42493,914.32709,2048.55859,-259.0838,235.28191,80.4353,NA,NA,NA,NA,NA,NA,-250.28394,985.18713,2432.06934,NA,NA,NA,NA,NA,NA,-320.99664,772.63293,1857.12878,-418.55643,929.80341,2249.38208,-88.47172,893.45868,2202.98755,-332.95126,1173.31921,2070.38379,-415.98547,525.31677,2441.67432,-235.61191,469.89169,1980.45422,-416.01675,203.7708,2600.53296,NA,NA,NA
377,3.76,-147.65973,1512.24158,2146.41016,-113.95722,1278.36633,2177.30518,NA,NA,NA,NA,NA,NA,NA,NA,NA,-259.27396,234.80318,80.69703,NA,NA,NA,NA,NA,NA,-264.25409,986.12701,2443.99976,NA,NA,NA,NA,NA,NA,-313.57043,769.69519,1860.13696,NA,NA,NA,-96.53375,891.82324,2217.17114,-343.24313,1176.67847,2088.44629,-424.51682,520.61847,2449.60059,-239.9178,470.55936,1985.74915,-415.04666,200.53845,2607.95239,NA,NA,NA
378,3.77,-153.62524,1511.94702,2157.01953,-119.99198,1277.8103,2190.25635,NA,NA,NA,NA,NA,NA,NA,NA,NA,-259.0838,235.28191,80.4353,NA,NA,NA,NA,NA,NA,-278.59033,987.10065,2454.78662,NA,NA,NA,NA,NA,NA,-305.85022,766.28308,1866.99866,NA,NA,NA,-103.63144,891.92188,2233.34961,-353.53363,1180.64136,2106.58911,-432.59924,517.30151,2457.45703,-244.17867,470.86835,1991.72742,-414.64658,197.07211,2614.78857,NA,NA,NA
379,3.78,-159.96855,1512.14246,2167.52832,NA,NA,NA,NA,NA,NA,NA,NA,NA,NA,NA,NA,-259.65164,234.67694,80.91065,NA,NA,NA,NA,NA,NA,-293.31012,988.83734,2466.82031,NA,NA,NA,NA,NA,NA,-298.33862,764.02026,1874.54688,NA,NA,NA,NA,NA,NA,-363.3512,1184.81653,2122.9231,-440.45624,513.18951,2464.18359,-248.52167,471.03897,1997.81812,-415.55939,191.25505,2617.81958,NA,NA,NA
380,3.79,-166.15424,1512.72961,2177.50073,NA,NA,NA,NA,NA,NA,NA,NA,NA,NA,NA,NA,-259.96796,235.11652,80.88725,NA,NA,NA,NA,NA,NA,-307.94913,990.08679,2477.33521,NA,NA,NA,NA,NA,NA,-290.79001,761.69025,1877.38306,NA,NA,NA,NA,NA,NA,-373.59302,1188.64221,2140.354,-448.87088,510.69641,2469.48218,-253.30565,471.2757,2005.54944,-416.85312,183.9471,2619.22583,NA,NA,NA
381,3.8,-172.63,1513.48816,2187.7937,NA,NA,NA,NA,NA,NA,NA,NA,NA,NA,NA,NA,-259.0838,235.28191,80.4353,NA,NA,NA,NA,NA,NA,-322.90588,991.78546,2488.24536,NA,NA,NA,NA,NA,NA,-283.71323,759.534,1883.92615,NA,NA,NA,NA,NA,NA,NA,NA,NA,-456.73633,508.79233,2472.6814,-257.85971,471.18973,2014.13904,-418.28104,176.17453,2617.802,NA,NA,NA
382,3.81,-179.18608,1514.5448,2197.77075,NA,NA,NA,NA,NA,NA,NA,NA,NA,NA,NA,NA,-244.59386,242.97012,71.18593,NA,NA,NA,NA,NA,NA,NA,NA,NA,NA,NA,NA,NA,NA,NA,-276.0994,757.79938,1888.22034,NA,NA,NA,NA,NA,NA,NA,NA,NA,-464.37271,508.59991,2477.40454,-262.91031,471.2406,2022.81006,-417.96326,169.08846,2614.89624,NA,NA,NA
383,3.82,-185.70563,1515.54846,2206.94604,NA,NA,NA,NA,NA,NA,NA,NA,NA,NA,NA,NA,-244.59386,242.97012,71.18593,NA,NA,NA,NA,NA,NA,NA,NA,NA,NA,NA,NA,NA,NA,NA,-268.99179,755.76776,1898.94739,NA,NA,NA,NA,NA,NA,NA,NA,NA,-469.78659,507.1951,2480.70483,-267.62476,470.89044,2033.19641,-417.56131,165.05098,2613.47998,NA,NA,NA
384,3.83,-192.44722,1517.18616,2216.02686,NA,NA,NA,NA,NA,NA,NA,NA,NA,NA,NA,NA,NA,NA,NA,NA,NA,NA,NA,NA,NA,NA,NA,NA,NA,NA,NA,NA,NA,NA,-261.83508,755.27502,1904.28284,NA,NA,NA,NA,NA,NA,NA,NA,NA,NA,NA,NA,-272.70245,472.4577,2039.12048,-417.23737,163.51936,2613.61475,NA,NA,NA
385,3.84,-198.90826,1518.69275,2224.32275,NA,NA,NA,NA,NA,NA,NA,NA,NA,NA,NA,NA,NA,NA,NA,NA,NA,NA,NA,NA,NA,NA,NA,NA,NA,NA,NA,NA,NA,NA,-254.50935,754.4303,1916.8114,NA,NA,NA,NA,NA,NA,NA,NA,NA,NA,NA,NA,-277.58826,471.72916,2048.23291,-418.28607,164.5752,2615.83594,NA,NA,NA
386,3.85,-205.69008,1521.32947,2233.68579,NA,NA,NA,NA,NA,NA,NA,NA,NA,NA,NA,NA,NA,NA,NA,NA,NA,NA,NA,NA,NA,NA,NA,NA,NA,NA,NA,NA,NA,NA,-247.28496,754.16205,1926.3186,NA,NA,NA,NA,NA,NA,NA,NA,NA,NA,NA,NA,-282.67374,473.47409,2055.69531,-418.7749,164.97057,2616.07153,NA,NA,NA
387,3.86,-212.08464,1523.22119,2240.93896,NA,NA,NA,NA,NA,NA,NA,NA,NA,NA,NA,NA,NA,NA,NA,NA,NA,NA,NA,NA,NA,NA,NA,NA,NA,NA,NA,NA,NA,NA,-238.13387,754.9743,1936.04004,NA,NA,NA,NA,NA,NA,NA,NA,NA,NA,NA,NA,-287.82913,473.31729,2065.95435,-419.4707,164.56667,2617.33984,NA,NA,NA
388,3.87,-218.74095,1525.7572,2249.18359,NA,NA,NA,NA,NA,NA,NA,NA,NA,NA,NA,NA,NA,NA,NA,NA,NA,NA,NA,NA,NA,NA,NA,NA,NA,NA,NA,NA,NA,NA,-232.33604,756.88226,1945.698,NA,NA,NA,NA,NA,NA,NA,NA,NA,NA,NA,NA,-292.74594,473.6116,2074.73193,-419.54657,162.98653,2617.1189,NA,NA,NA
389,3.88,-225.08173,1528.89063,2257.23877,NA,NA,NA,NA,NA,NA,NA,NA,NA,NA,NA,NA,NA,NA,NA,NA,NA,NA,NA,NA,NA,NA,NA,NA,NA,NA,NA,NA,NA,NA,-226.75223,758.78497,1957.65649,NA,NA,NA,NA,NA,NA,NA,NA,NA,NA,NA,NA,-297.4295,472.47269,2085.91016,-419.56046,161.46802,2616.97876,NA,NA,NA
390,3.89,-231.55577,1531.8446,2264.35571,NA,NA,NA,NA,NA,NA,NA,NA,NA,NA,NA,NA,NA,NA,NA,NA,NA,NA,NA,NA,NA,NA,NA,NA,NA,NA,NA,NA,NA,NA,-221.01462,759.6358,1971.35071,NA,NA,NA,NA,NA,NA,NA,NA,NA,NA,NA,NA,-302.6517,474.19986,2093.57739,-420.06824,161.05382,2616.85962,NA,NA,NA
391,3.9,-237.56981,1534.64648,2271.2915,NA,NA,NA,NA,NA,NA,NA,NA,NA,NA,NA,NA,NA,NA,NA,NA,NA,NA,NA,NA,NA,NA,NA,NA,NA,NA,NA,NA,NA,NA,-216.3485,762.01495,1984.65088,NA,NA,NA,NA,NA,NA,NA,NA,NA,NA,NA,NA,-307.4769,476.18655,2100.71802,-420.78372,160.84811,2617.1084,NA,NA,NA
392,3.91,-243.56062,1537.65747,2278.3374,NA,NA,NA,NA,NA,NA,NA,NA,NA,NA,NA,NA,NA,NA,NA,NA,NA,NA,NA,NA,NA,NA,NA,NA,NA,NA,NA,NA,NA,NA,-212.67421,763.63293,1996.9812,NA,NA,NA,NA,NA,NA,NA,NA,NA,NA,NA,NA,-311.74429,475.29364,2116.40991,-421.51071,160.46733,2617.51514,NA,NA,NA
393,3.92,-249.78596,1540.24463,2285.15771,NA,NA,NA,NA,NA,NA,NA,NA,NA,NA,NA,NA,NA,NA,NA,NA,NA,NA,NA,NA,NA,NA,NA,NA,NA,NA,NA,NA,NA,NA,-209.02733,765.34448,2010.65186,NA,NA,NA,NA,NA,NA,NA,NA,NA,NA,NA,NA,-315.95245,477.72382,2122.74194,-421.8378,159.26283,2617.57202,NA,NA,NA
394,3.93,NA,NA,NA,NA,NA,NA,NA,NA,NA,NA,NA,NA,NA,NA,NA,NA,NA,NA,NA,NA,NA,NA,NA,NA,NA,NA,NA,NA,NA,NA,NA,NA,NA,-206.30647,766.99048,2021.74963,NA,NA,NA,NA,NA,NA,NA,NA,NA,NA,NA,NA,-319.03674,478.51273,2131.82446,-422.43335,158.78014,2617.40723,NA,NA,NA
395,3.94,NA,NA,NA,NA,NA,NA,NA,NA,NA,NA,NA,NA,NA,NA,NA,NA,NA,NA,NA,NA,NA,NA,NA,NA,NA,NA,NA,NA,NA,NA,NA,NA,NA,-203.34557,768.04797,2034.12817,NA,NA,NA,NA,NA,NA,NA,NA,NA,NA,NA,NA,-322.06812,479.29449,2142.04028,-423.04016,158.40422,2617.50439,NA,NA,NA
396,3.95,NA,NA,NA,NA,NA,NA,NA,NA,NA,NA,NA,NA,NA,NA,NA,NA,NA,NA,NA,NA,NA,NA,NA,NA,NA,NA,NA,NA,NA,NA,NA,NA,NA,-202.10712,770.35309,2043.41492,NA,NA,NA,NA,NA,NA,NA,NA,NA,NA,NA,NA,-324.59433,479.91891,2152.90918,-423.44675,157.85039,2617.36035,NA,NA,NA
397,3.96,NA,NA,NA,NA,NA,NA,NA,NA,NA,NA,NA,NA,NA,NA,NA,NA,NA,NA,NA,NA,NA,NA,NA,NA,NA,NA,NA,NA,NA,NA,NA,NA,NA,-199.87213,772.28345,2054.45679,NA,NA,NA,NA,NA,NA,NA,NA,NA,NA,NA,NA,-326.62256,482.88266,2157.7688,-424.04269,157.5649,2618.10083,NA,NA,NA
398,3.97,NA,NA,NA,NA,NA,NA,NA,NA,NA,NA,NA,NA,NA,NA,NA,NA,NA,NA,NA,NA,NA,NA,NA,NA,NA,NA,NA,NA,NA,NA,NA,NA,NA,-198.05815,774.00122,2064.30884,NA,NA,NA,NA,NA,NA,NA,NA,NA,NA,NA,NA,-327.79712,483.58273,2168.27979,-424.237,157.07628,2617.79419,NA,NA,NA
399,3.98,NA,NA,NA,NA,NA,NA,NA,NA,NA,NA,NA,NA,NA,NA,NA,NA,NA,NA,NA,NA,NA,NA,NA,NA,NA,NA,NA,NA,NA,NA,NA,NA,NA,-196.8125,775.89526,2073.18237,NA,NA,NA,NA,NA,NA,NA,NA,NA,NA,NA,NA,-328.38196,483.41223,2178.16724,-424.45102,156.50821,2617.47363,NA,NA,NA
400,3.99,NA,NA,NA,NA,NA,NA,NA,NA,NA,NA,NA,NA,NA,NA,NA,NA,NA,NA,NA,NA,NA,NA,NA,NA,NA,NA,NA,NA,NA,NA,NA,NA,NA,-195.43808,777.46881,2080.42334,NA,NA,NA,NA,NA,NA,NA,NA,NA,NA,NA,NA,-329.16473,485.70129,2182.82666,-424.64587,155.77864,2617.47778,NA,NA,NA
401,4,NA,NA,NA,NA,NA,NA,NA,NA,NA,NA,NA,NA,NA,NA,NA,NA,NA,NA,NA,NA,NA,NA,NA,NA,NA,NA,NA,NA,NA,NA,NA,NA,NA,-194.42624,780.08368,2086.98193,NA,NA,NA,NA,NA,NA,NA,NA,NA,NA,NA,NA,-329.78943,486.40012,2192.01367,-425.233,155.86189,2618.62427,NA,NA,NA
402,4.01,NA,NA,NA,NA,NA,NA,NA,NA,NA,NA,NA,NA,NA,NA,NA,NA,NA,NA,NA,NA,NA,NA,NA,NA,NA,NA,NA,NA,NA,NA,NA,NA,NA,-193.17563,782.09662,2093.62939,NA,NA,NA,NA,NA,NA,NA,NA,NA,NA,NA,NA,-330.28101,486.85486,2201.05444,-425.31946,155.12051,2618.84912,NA,NA,NA
403,4.02,NA,NA,NA,NA,NA,NA,NA,NA,NA,NA,NA,NA,NA,NA,NA,NA,NA,NA,NA,NA,NA,NA,NA,NA,NA,NA,NA,NA,NA,NA,NA,NA,NA,-192.01564,784.3689,2100.92969,NA,NA,NA,NA,NA,NA,NA,NA,NA,NA,NA,NA,-330.55032,487.1716,2213.10815,-425.40884,154.84021,2618.73975,NA,NA,NA
404,4.03,NA,NA,NA,NA,NA,NA,NA,NA,NA,NA,NA,NA,NA,NA,NA,NA,NA,NA,NA,NA,NA,NA,NA,NA,NA,NA,NA,NA,NA,NA,NA,NA,NA,-190.42125,787.03113,2108.61865,NA,NA,NA,NA,NA,NA,NA,NA,NA,NA,NA,NA,-330.13071,487.92728,2220.02808,-425.53085,154.49521,2618.56934,NA,NA,NA
405,4.04,NA,NA,NA,NA,NA,NA,NA,NA,NA,NA,NA,NA,NA,NA,NA,NA,NA,NA,NA,NA,NA,NA,NA,NA,NA,NA,NA,NA,NA,NA,NA,NA,NA,-188.82072,789.2619,2114.43408,NA,NA,NA,NA,NA,NA,NA,NA,NA,NA,NA,NA,-328.72327,488.7168,2227.42896,-425.85492,153.9838,2619.17822,NA,NA,NA
406,4.05,NA,NA,NA,NA,NA,NA,NA,NA,NA,NA,NA,NA,NA,NA,NA,NA,NA,NA,NA,NA,NA,NA,NA,NA,NA,NA,NA,NA,NA,NA,NA,NA,NA,-187.20732,790.97528,2121.52417,NA,NA,NA,NA,NA,NA,NA,NA,NA,NA,NA,NA,-326.96603,489.38879,2235.51294,-426.37781,154.18851,2619.8396,NA,NA,NA
407,4.06,NA,NA,NA,NA,NA,NA,NA,NA,NA,NA,NA,NA,NA,NA,NA,NA,NA,NA,NA,NA,NA,NA,NA,NA,NA,NA,NA,NA,NA,NA,NA,NA,NA,-185.80051,792.72229,2126.99536,NA,NA,NA,NA,NA,NA,NA,NA,NA,NA,NA,NA,-324.11765,490.29932,2243.93652,-427.26755,155.33795,2620.88623,NA,NA,NA
408,4.07,NA,NA,NA,NA,NA,NA,NA,NA,NA,NA,NA,NA,NA,NA,NA,NA,NA,NA,NA,NA,NA,NA,NA,NA,NA,NA,NA,NA,NA,NA,NA,NA,NA,-183.72694,794.05054,2135.06299,NA,NA,NA,NA,NA,NA,NA,NA,NA,NA,NA,NA,-320.96844,491.32245,2251.96826,-427.5502,155.3983,2621.17651,NA,NA,NA
409,4.08,NA,NA,NA,NA,NA,NA,NA,NA,NA,NA,NA,NA,NA,NA,NA,NA,NA,NA,NA,NA,NA,NA,NA,NA,NA,NA,NA,NA,NA,NA,NA,NA,NA,-182.08882,795.22449,2141.27222,NA,NA,NA,NA,NA,NA,NA,NA,NA,NA,NA,NA,-317.48315,490.61514,2264.40283,-427.54364,155.38084,2621.20605,NA,NA,NA
410,4.09,NA,NA,NA,NA,NA,NA,NA,NA,NA,NA,NA,NA,NA,NA,NA,NA,NA,NA,NA,NA,NA,NA,NA,NA,NA,NA,NA,NA,NA,NA,NA,NA,NA,-180.12549,797.44,2148.82104,NA,NA,NA,NA,NA,NA,NA,NA,NA,NA,NA,NA,-313.65884,491.97839,2271.54761,-427.47513,155.46909,2621.36108,NA,NA,NA
411,4.1,NA,NA,NA,NA,NA,NA,NA,NA,NA,NA,NA,NA,NA,NA,NA,NA,NA,NA,NA,NA,NA,NA,NA,NA,NA,NA,NA,NA,NA,NA,NA,NA,NA,-177.77194,798.25696,2154.9502,NA,NA,NA,NA,NA,NA,NA,NA,NA,NA,NA,NA,-309.56781,491.84286,2283.19897,-427.86551,155.84163,2622.27148,NA,NA,NA
412,4.11,NA,NA,NA,NA,NA,NA,NA,NA,NA,NA,NA,NA,NA,NA,NA,NA,NA,NA,NA,NA,NA,NA,NA,NA,NA,NA,NA,NA,NA,NA,NA,NA,NA,-176.04189,799.91876,2161.90332,NA,NA,NA,NA,NA,NA,NA,NA,NA,NA,NA,NA,-304.9989,492.76688,2295.30273,-428.09085,155.3513,2622.70776,NA,NA,NA
413,4.12,NA,NA,NA,NA,NA,NA,NA,NA,NA,NA,NA,NA,NA,NA,NA,NA,NA,NA,NA,NA,NA,NA,NA,NA,NA,NA,NA,NA,NA,NA,NA,NA,NA,-173.88821,799.53656,2167.31885,NA,NA,NA,NA,NA,NA,NA,NA,NA,NA,NA,NA,-298.63754,491.34583,2307.6875,-429.2637,155.47472,2623.46143,NA,NA,NA
414,4.13,NA,NA,NA,NA,NA,NA,NA,NA,NA,NA,NA,NA,NA,NA,NA,NA,NA,NA,NA,NA,NA,NA,NA,NA,NA,NA,NA,NA,NA,NA,NA,NA,NA,-171.96564,801.80829,2175.56104,NA,NA,NA,NA,NA,NA,NA,NA,NA,NA,NA,NA,-291.67572,490.1745,2317.50464,-431.25848,154.13467,2623.82129,NA,NA,NA
415,4.14,NA,NA,NA,NA,NA,NA,NA,NA,NA,NA,NA,NA,NA,NA,NA,NA,NA,NA,NA,NA,NA,NA,NA,NA,NA,NA,NA,NA,NA,NA,NA,NA,NA,-169.26459,802.06506,2180.21045,NA,NA,NA,NA,NA,NA,NA,NA,NA,NA,NA,NA,NA,NA,NA,-433.00092,153.27711,2623.94385,NA,NA,NA
416,4.15,NA,NA,NA,NA,NA,NA,NA,NA,NA,NA,NA,NA,NA,NA,NA,NA,NA,NA,NA,NA,NA,NA,NA,NA,NA,NA,NA,NA,NA,NA,NA,NA,NA,-166.96095,801.95245,2186.16772,NA,NA,NA,NA,NA,NA,NA,NA,NA,NA,NA,NA,NA,NA,NA,-434.58429,153.58882,2624.55786,NA,NA,NA
417,4.16,NA,NA,NA,NA,NA,NA,NA,NA,NA,NA,NA,NA,NA,NA,NA,NA,NA,NA,NA,NA,NA,NA,NA,NA,NA,NA,NA,NA,NA,NA,NA,NA,NA,-164.35667,803.51392,2193.02588,NA,NA,NA,NA,NA,NA,NA,NA,NA,NA,NA,NA,NA,NA,NA,-436.03961,151.75943,2624.37427,NA,NA,NA
418,4.17,NA,NA,NA,NA,NA,NA,NA,NA,NA,NA,NA,NA,NA,NA,NA,NA,NA,NA,NA,NA,NA,NA,NA,NA,NA,NA,NA,NA,NA,NA,NA,NA,NA,-161.49377,803.6358,2197.04224,NA,NA,NA,NA,NA,NA,NA,NA,NA,NA,NA,NA,NA,NA,NA,-437.58835,150.25224,2623.65894,NA,NA,NA
419,4.18,NA,NA,NA,NA,NA,NA,NA,NA,NA,NA,NA,NA,NA,NA,NA,NA,NA,NA,NA,NA,NA,NA,NA,NA,NA,NA,NA,NA,NA,NA,NA,NA,NA,-158.85271,803.93188,2201.63696,NA,NA,NA,NA,NA,NA,NA,NA,NA,NA,NA,NA,NA,NA,NA,-438.53278,149.49506,2623.91455,NA,NA,NA
420,4.19,NA,NA,NA,NA,NA,NA,NA,NA,NA,NA,NA,NA,NA,NA,NA,NA,NA,NA,NA,NA,NA,NA,NA,NA,NA,NA,NA,NA,NA,NA,NA,NA,NA,-155.69386,803.78369,2206.29614,NA,NA,NA,NA,NA,NA,NA,NA,NA,NA,NA,NA,NA,NA,NA,-439.52905,149.00661,2624.7417,NA,NA,NA
421,4.2,NA,NA,NA,NA,NA,NA,NA,NA,NA,NA,NA,NA,NA,NA,NA,NA,NA,NA,NA,NA,NA,NA,NA,NA,NA,NA,NA,NA,NA,NA,NA,NA,NA,-153.435,804.53839,2208.55054,NA,NA,NA,NA,NA,NA,NA,NA,NA,NA,NA,NA,NA,NA,NA,-440.7048,147.58437,2625.16528,NA,NA,NA
422,4.21,NA,NA,NA,NA,NA,NA,NA,NA,NA,NA,NA,NA,NA,NA,NA,NA,NA,NA,NA,NA,NA,NA,NA,NA,NA,NA,NA,NA,NA,NA,NA,NA,NA,-150.75955,805.35974,2213.03857,NA,NA,NA,NA,NA,NA,NA,NA,NA,NA,NA,NA,NA,NA,NA,-443.15475,147.74187,2625.01733,NA,NA,NA
423,4.22,NA,NA,NA,NA,NA,NA,NA,NA,NA,NA,NA,NA,NA,NA,NA,NA,NA,NA,NA,NA,NA,NA,NA,NA,NA,NA,NA,NA,NA,NA,NA,NA,NA,-147.44931,805.76379,2216.8855,NA,NA,NA,NA,NA,NA,NA,NA,NA,NA,NA,NA,NA,NA,NA,-444.04254,147.63818,2624.2373,NA,NA,NA
424,4.23,NA,NA,NA,NA,NA,NA,NA,NA,NA,NA,NA,NA,NA,NA,NA,NA,NA,NA,NA,NA,NA,NA,NA,NA,NA,NA,NA,NA,NA,NA,NA,NA,NA,-144.48933,806.23596,2221.80688,NA,NA,NA,NA,NA,NA,NA,NA,NA,NA,NA,NA,NA,NA,NA,-443.87076,147.78673,2623.54688,NA,NA,NA
425,4.24,NA,NA,NA,NA,NA,NA,NA,NA,NA,NA,NA,NA,NA,NA,NA,NA,NA,NA,NA,NA,NA,NA,NA,NA,NA,NA,NA,NA,NA,NA,NA,NA,NA,-140.6893,807.90076,2226.80322,NA,NA,NA,NA,NA,NA,NA,NA,NA,NA,NA,NA,NA,NA,NA,-444.04828,148.50316,2623.49585,NA,NA,NA
426,4.25,NA,NA,NA,NA,NA,NA,NA,NA,NA,NA,NA,NA,NA,NA,NA,NA,NA,NA,NA,NA,NA,NA,NA,NA,NA,NA,NA,NA,NA,NA,NA,NA,NA,-137.39896,808.33124,2230.85913,NA,NA,NA,NA,NA,NA,NA,NA,NA,NA,NA,NA,NA,NA,NA,-444.52762,149.55064,2622.95361,NA,NA,NA
427,4.26,NA,NA,NA,NA,NA,NA,NA,NA,NA,NA,NA,NA,NA,NA,NA,NA,NA,NA,NA,NA,NA,NA,NA,NA,NA,NA,NA,NA,NA,NA,NA,NA,NA,-134.0309,809.09332,2234.31738,NA,NA,NA,NA,NA,NA,NA,NA,NA,NA,NA,NA,NA,NA,NA,-445.84131,151.00739,2623.69189,NA,NA,NA
428,4.27,NA,NA,NA,NA,NA,NA,NA,NA,NA,NA,NA,NA,NA,NA,NA,NA,NA,NA,NA,NA,NA,NA,NA,NA,NA,NA,NA,NA,NA,NA,NA,NA,NA,-130.95732,811.31628,2238.2478,NA,NA,NA,NA,NA,NA,NA,NA,NA,NA,NA,NA,NA,NA,NA,-446.93433,151.20251,2622.23291,NA,NA,NA
429,4.28,NA,NA,NA,NA,NA,NA,NA,NA,NA,NA,NA,NA,NA,NA,NA,NA,NA,NA,NA,NA,NA,NA,NA,NA,NA,NA,NA,NA,NA,NA,NA,NA,NA,-126.87185,811.98053,2243.52393,NA,NA,NA,NA,NA,NA,NA,NA,NA,NA,NA,NA,NA,NA,NA,-448.24454,150.67021,2621.71167,NA,NA,NA
430,4.29,NA,NA,NA,NA,NA,NA,NA,NA,NA,NA,NA,NA,NA,NA,NA,NA,NA,NA,NA,NA,NA,NA,NA,NA,NA,NA,NA,NA,NA,NA,NA,NA,NA,-124.20745,813.12585,2244.17847,NA,NA,NA,NA,NA,NA,NA,NA,NA,NA,NA,NA,NA,NA,NA,-450.26233,152.11125,2622.84106,NA,NA,NA
431,4.3,NA,NA,NA,NA,NA,NA,NA,NA,NA,NA,NA,NA,NA,NA,NA,NA,NA,NA,NA,NA,NA,NA,NA,NA,NA,NA,NA,NA,NA,NA,NA,NA,NA,-120.92014,814.57434,2248.81323,NA,NA,NA,NA,NA,NA,NA,NA,NA,NA,NA,NA,NA,NA,NA,-451.36011,151.6617,2620.80396,NA,NA,NA
432,4.31,NA,NA,NA,NA,NA,NA,NA,NA,NA,NA,NA,NA,NA,NA,NA,NA,NA,NA,NA,NA,NA,NA,NA,NA,NA,NA,NA,NA,NA,NA,NA,NA,NA,-117.49693,816.07104,2252.39355,NA,NA,NA,NA,NA,NA,NA,NA,NA,NA,NA,NA,NA,NA,NA,-452.83755,151.81021,2620.25635,NA,NA,NA
433,4.32,NA,NA,NA,NA,NA,NA,NA,NA,NA,NA,NA,NA,NA,NA,NA,NA,NA,NA,NA,NA,NA,NA,NA,NA,NA,NA,NA,NA,NA,NA,NA,NA,NA,-114.1276,816.80927,2256.0144,NA,NA,NA,NA,NA,NA,NA,NA,NA,NA,NA,NA,NA,NA,NA,-453.90729,153.15172,2620.49854,NA,NA,NA
434,4.33,NA,NA,NA,NA,NA,NA,NA,NA,NA,NA,NA,NA,NA,NA,NA,NA,NA,NA,NA,NA,NA,NA,NA,NA,NA,NA,NA,NA,NA,NA,NA,NA,NA,-110.85915,819.48761,2261.5166,NA,NA,NA,NA,NA,NA,NA,NA,NA,NA,NA,NA,NA,NA,NA,-454.33759,153.34584,2619.7959,NA,NA,NA
435,4.34,NA,NA,NA,NA,NA,NA,NA,NA,NA,NA,NA,NA,NA,NA,NA,NA,NA,NA,NA,NA,NA,NA,NA,NA,NA,NA,NA,NA,NA,NA,NA,NA,NA,-107.55035,819.92169,2265.47876,NA,NA,NA,NA,NA,NA,NA,NA,NA,NA,NA,NA,NA,NA,NA,-455.85593,153.36707,2619.48022,NA,NA,NA
436,4.35,NA,NA,NA,NA,NA,NA,NA,NA,NA,NA,NA,NA,NA,NA,NA,NA,NA,NA,NA,NA,NA,NA,NA,NA,NA,NA,NA,NA,NA,NA,NA,NA,NA,-105.56447,821.13361,2266.35767,NA,NA,NA,NA,NA,NA,NA,NA,NA,NA,NA,NA,NA,NA,NA,-457.40427,154.12306,2618.92725,NA,NA,NA
437,4.36,NA,NA,NA,NA,NA,NA,NA,NA,NA,NA,NA,NA,NA,NA,NA,NA,NA,NA,NA,NA,NA,NA,NA,NA,NA,NA,NA,NA,NA,NA,NA,NA,NA,-102.65668,823.38055,2270.70337,NA,NA,NA,NA,NA,NA,NA,NA,NA,NA,NA,NA,NA,NA,NA,-458.091,154.73671,2618.82007,NA,NA,NA
438,4.37,NA,NA,NA,NA,NA,NA,NA,NA,NA,NA,NA,NA,NA,NA,NA,NA,NA,NA,NA,NA,NA,NA,NA,NA,NA,NA,NA,NA,NA,NA,NA,NA,NA,-99.32548,824.01703,2274.58472,NA,NA,NA,NA,NA,NA,NA,NA,NA,NA,NA,NA,NA,NA,NA,-458.24203,155.48651,2617.97681,NA,NA,NA
439,4.38,NA,NA,NA,NA,NA,NA,NA,NA,NA,NA,NA,NA,NA,NA,NA,NA,NA,NA,NA,NA,NA,NA,NA,NA,NA,NA,NA,NA,NA,NA,NA,NA,NA,-96.43109,824.39557,2279.09985,NA,NA,NA,NA,NA,NA,NA,NA,NA,NA,NA,NA,NA,NA,NA,-458.29562,155.75299,2617.55054,NA,NA,NA
440,4.39,NA,NA,NA,NA,NA,NA,NA,NA,NA,NA,NA,NA,NA,NA,NA,NA,NA,NA,NA,NA,NA,NA,NA,NA,NA,NA,NA,NA,NA,NA,NA,NA,NA,-93.80823,825.83081,2282.87183,NA,NA,NA,NA,NA,NA,NA,NA,NA,NA,NA,NA,NA,NA,NA,-458.48926,156.26187,2617.48242,NA,NA,NA
441,4.4,NA,NA,NA,NA,NA,NA,NA,NA,NA,NA,NA,NA,NA,NA,NA,NA,NA,NA,NA,NA,NA,NA,NA,NA,NA,NA,NA,NA,NA,NA,NA,NA,NA,-92.16644,827.11072,2285.38232,NA,NA,NA,NA,NA,NA,NA,NA,NA,NA,NA,NA,NA,NA,NA,-458.5351,156.36227,2617.29126,NA,NA,NA
442,4.41,NA,NA,NA,NA,NA,NA,NA,NA,NA,NA,NA,NA,NA,NA,NA,NA,NA,NA,NA,NA,NA,NA,NA,NA,NA,NA,NA,NA,NA,NA,NA,NA,NA,-88.78922,827.41785,2289.21167,NA,NA,NA,NA,NA,NA,NA,NA,NA,NA,NA,NA,NA,NA,NA,-458.60699,156.70119,2616.88696,NA,NA,NA
443,4.42,NA,NA,NA,NA,NA,NA,NA,NA,NA,NA,NA,NA,NA,NA,NA,NA,NA,NA,NA,NA,NA,NA,NA,NA,NA,NA,NA,NA,NA,NA,NA,NA,NA,-86.29685,828.16803,2292.83789,NA,NA,NA,NA,NA,NA,NA,NA,NA,NA,NA,NA,NA,NA,NA,-458.86365,157.44644,2616.15332,NA,NA,NA
444,4.43,NA,NA,NA,NA,NA,NA,NA,NA,NA,NA,NA,NA,NA,NA,NA,NA,NA,NA,NA,NA,NA,NA,NA,NA,NA,NA,NA,NA,NA,NA,NA,NA,NA,-83.95998,829.23151,2297.29785,NA,NA,NA,NA,NA,NA,NA,NA,NA,NA,NA,NA,NA,NA,NA,-458.93079,157.36424,2615.47485,NA,NA,NA
445,4.44,NA,NA,NA,NA,NA,NA,NA,NA,NA,NA,NA,NA,NA,NA,NA,NA,NA,NA,NA,NA,NA,NA,NA,NA,NA,NA,NA,NA,NA,NA,NA,NA,NA,-82.01287,830.1131,2299.80859,NA,NA,NA,NA,NA,NA,NA,NA,NA,NA,NA,NA,NA,NA,NA,-458.67651,157.34419,2614.25903,NA,NA,NA
446,4.45,NA,NA,NA,NA,NA,NA,NA,NA,NA,NA,NA,NA,NA,NA,NA,NA,NA,NA,NA,NA,NA,NA,NA,NA,NA,NA,NA,NA,NA,NA,NA,NA,NA,-79.1524,830.07135,2304.24219,NA,NA,NA,NA,NA,NA,NA,NA,NA,NA,NA,NA,NA,NA,NA,-458.51599,157.39438,2613.59448,NA,NA,NA
447,4.46,NA,NA,NA,NA,NA,NA,NA,NA,NA,NA,NA,NA,NA,NA,NA,NA,NA,NA,NA,NA,NA,NA,NA,NA,NA,NA,NA,NA,NA,NA,NA,NA,NA,-76.34476,830.35394,2308.12964,NA,NA,NA,NA,NA,NA,NA,NA,NA,NA,NA,NA,NA,NA,NA,-458.66983,158.40173,2613.24316,NA,NA,NA
448,4.47,NA,NA,NA,NA,NA,NA,NA,NA,NA,NA,NA,NA,NA,NA,NA,NA,NA,NA,NA,NA,NA,NA,NA,NA,NA,NA,NA,NA,NA,NA,NA,NA,NA,-74.39535,830.24835,2311.86963,NA,NA,NA,NA,NA,NA,NA,NA,NA,NA,NA,NA,NA,NA,NA,-458.85199,159.17101,2611.55347,NA,NA,NA
449,4.48,NA,NA,NA,NA,NA,NA,NA,NA,NA,NA,NA,NA,NA,NA,NA,NA,NA,NA,NA,NA,NA,NA,NA,NA,NA,NA,NA,NA,NA,NA,NA,NA,NA,-71.8659,831.46552,2315.94336,NA,NA,NA,NA,NA,NA,NA,NA,NA,NA,NA,NA,NA,NA,NA,-458.79285,159.18488,2610.49414,NA,NA,NA
450,4.49,NA,NA,NA,NA,NA,NA,NA,NA,NA,NA,NA,NA,NA,NA,NA,NA,NA,NA,NA,NA,NA,NA,NA,NA,NA,NA,NA,NA,NA,NA,NA,NA,NA,-69.59663,831.3418,2320.44678,NA,NA,NA,NA,NA,NA,NA,NA,NA,NA,NA,NA,NA,NA,NA,-458.90421,159.11685,2610.2063,NA,NA,NA
451,4.5,NA,NA,NA,NA,NA,NA,NA,NA,NA,NA,NA,NA,NA,NA,NA,NA,NA,NA,NA,NA,NA,NA,NA,NA,NA,NA,NA,NA,NA,NA,NA,NA,NA,-66.4771,831.20624,2324.69507,NA,NA,NA,NA,NA,NA,NA,NA,NA,NA,NA,NA,NA,NA,NA,-459.27521,159.27191,2609.90649,NA,NA,NA
452,4.51,NA,NA,NA,NA,NA,NA,NA,NA,NA,NA,NA,NA,NA,NA,NA,NA,NA,NA,NA,NA,NA,NA,NA,NA,NA,NA,NA,NA,NA,NA,NA,NA,NA,-63.55639,831.02515,2329.20142,NA,NA,NA,NA,NA,NA,NA,NA,NA,NA,NA,NA,NA,NA,NA,-461.16309,160.90623,2609.86499,NA,NA,NA
453,4.52,NA,NA,NA,NA,NA,NA,NA,NA,NA,NA,NA,NA,NA,NA,NA,NA,NA,NA,NA,NA,NA,NA,NA,NA,NA,NA,NA,NA,NA,NA,NA,NA,NA,-62.24785,831.03894,2331.18921,NA,NA,NA,NA,NA,NA,NA,NA,NA,NA,NA,NA,NA,NA,NA,-463.30219,160.88028,2608.21265,NA,NA,NA
454,4.53,NA,NA,NA,NA,NA,NA,NA,NA,NA,NA,NA,NA,NA,NA,NA,NA,NA,NA,NA,NA,NA,NA,NA,NA,NA,NA,NA,NA,NA,NA,NA,NA,NA,-59.45564,830.50787,2335.06348,NA,NA,NA,NA,NA,NA,NA,NA,NA,NA,NA,NA,NA,NA,NA,-466.18402,161.47351,2608.08398,NA,NA,NA
455,4.54,NA,NA,NA,NA,NA,NA,NA,NA,NA,NA,NA,NA,NA,NA,NA,NA,NA,NA,NA,NA,NA,NA,NA,NA,NA,NA,NA,NA,NA,NA,NA,NA,NA,-56.79207,831.51465,2341.94287,NA,NA,NA,NA,NA,NA,NA,NA,NA,NA,NA,NA,NA,NA,NA,-469.96271,161.59082,2607.86621,NA,NA,NA
456,4.55,NA,NA,NA,NA,NA,NA,NA,NA,NA,NA,NA,NA,NA,NA,NA,NA,NA,NA,NA,NA,NA,NA,NA,NA,NA,NA,NA,NA,NA,NA,NA,NA,NA,-53.91099,831.64301,2346.2041,NA,NA,NA,NA,NA,NA,NA,NA,NA,NA,NA,NA,NA,NA,NA,-474.32825,160.88045,2606.25122,NA,NA,NA
457,4.56,NA,NA,NA,NA,NA,NA,NA,NA,NA,NA,NA,NA,NA,NA,NA,NA,NA,NA,NA,NA,NA,NA,NA,NA,NA,NA,NA,NA,NA,NA,NA,NA,NA,-50.76694,829.89697,2349.35425,NA,NA,NA,NA,NA,NA,NA,NA,NA,NA,NA,NA,NA,NA,NA,-479.90378,160.06966,2603.34619,NA,NA,NA
458,4.57,NA,NA,NA,NA,NA,NA,NA,NA,NA,NA,NA,NA,NA,NA,NA,NA,NA,NA,NA,NA,NA,NA,NA,NA,NA,NA,NA,NA,NA,NA,NA,NA,NA,-49.35774,831.22839,2354.10254,NA,NA,NA,NA,NA,NA,NA,NA,NA,NA,NA,NA,NA,NA,NA,-485.44485,157.73123,2599.42749,NA,NA,NA
459,4.58,NA,NA,NA,NA,NA,NA,NA,NA,NA,NA,NA,NA,NA,NA,NA,NA,NA,NA,NA,NA,NA,NA,NA,NA,NA,NA,NA,NA,NA,NA,NA,NA,NA,-46.79866,831.6684,2357.42749,NA,NA,NA,NA,NA,NA,NA,NA,NA,NA,NA,NA,NA,NA,NA,-490.25491,156.87589,2596.16577,NA,NA,NA
460,4.59,NA,NA,NA,NA,NA,NA,NA,NA,NA,NA,NA,NA,NA,NA,NA,NA,NA,NA,NA,NA,NA,NA,NA,NA,NA,NA,NA,NA,NA,NA,NA,NA,NA,-44.27826,831.9798,2363.24878,NA,NA,NA,NA,NA,NA,NA,NA,NA,NA,NA,NA,NA,NA,NA,-494.96738,155.38852,2592.58691,NA,NA,NA
461,4.6,NA,NA,NA,NA,NA,NA,NA,NA,NA,NA,NA,NA,NA,NA,NA,NA,NA,NA,NA,NA,NA,NA,NA,NA,NA,NA,NA,NA,NA,NA,NA,NA,NA,-41.95889,833.21826,2367.81006,NA,NA,NA,NA,NA,NA,NA,NA,NA,NA,NA,NA,NA,NA,NA,-499.5296,155.21999,2588.07495,NA,NA,NA
462,4.61,NA,NA,NA,NA,NA,NA,NA,NA,NA,NA,NA,NA,NA,NA,NA,NA,NA,NA,NA,NA,NA,NA,NA,NA,NA,NA,NA,NA,NA,NA,NA,NA,NA,-40.0769,833.43494,2370.97119,NA,NA,NA,NA,NA,NA,NA,NA,NA,NA,NA,NA,NA,NA,NA,-503.08002,153.56084,2584.979,NA,NA,NA
463,4.62,NA,NA,NA,NA,NA,NA,NA,NA,NA,NA,NA,NA,NA,NA,NA,NA,NA,NA,NA,NA,NA,NA,NA,NA,NA,NA,NA,NA,NA,NA,NA,NA,NA,-37.98869,833.41785,2373.84106,NA,NA,NA,NA,NA,NA,NA,NA,NA,NA,NA,NA,NA,NA,NA,-506.75848,154.74371,2582.50415,NA,NA,NA
464,4.63,NA,NA,NA,NA,NA,NA,NA,NA,NA,NA,NA,NA,NA,NA,NA,NA,NA,NA,NA,NA,NA,NA,NA,NA,NA,NA,NA,NA,NA,NA,NA,NA,NA,-35.38424,835.08636,2378.86182,NA,NA,NA,NA,NA,NA,NA,NA,NA,NA,NA,NA,NA,NA,NA,-510.14175,155.41968,2583.23096,NA,NA,NA
465,4.64,NA,NA,NA,NA,NA,NA,NA,NA,NA,NA,NA,NA,NA,NA,NA,NA,NA,NA,NA,NA,NA,NA,NA,NA,NA,NA,NA,NA,NA,NA,NA,NA,NA,-34.26817,836.22125,2380.95801,NA,NA,NA,NA,NA,NA,NA,NA,NA,NA,NA,NA,NA,NA,NA,-511.72488,152.53453,2583.05786,NA,NA,NA
