"Frame","Time","Headset_Front_X","Headset_Front_Y","Headset_Front_Z","Headset_Back_X","Headset_Back_Y","Headset_Back_Z","Headset_Left_X","Headset_Left_Y","Headset_Left_Z","Headset_Right_X","Headset_Right_Y","Headset_Right_Z","Left_Shoulder_X","Left_Shoulder_Y","Left_Shoulder_Z","Right_Shoulder_X","Right_Shoulder_Y","Right_Shoulder_Z","Sternum_X","Sternum_Y","Sternum_Z","C7_X","C7_Y","C7_Z","Left.Elbow_X","Left.Elbow_Y","Left.Elbow_Z","Right.Elbow_X","Right.Elbow_Y","Right.Elbow_Z","Left.Wrist_X","Left.Wrist_Y","Left.Wrist_Z","Right.Wrist_X","Right.Wrist_Y","Right.Wrist_Z","Left.ASIS_X","Left.ASIS_Y","Left.ASIS_Z","Right.ASIS_X","Right.ASIS_Y","Right.ASIS_Z","S2_X","S2_Y","S2_Z","Left.Knee_X","Left.Knee_Y","Left.Knee_Z","Right.Knee_X","Right.Knee_Y","Right.Knee_Z","Left.Ankle_X","Left.Ankle_Y","Left.Ankle_Z","Right.Ankle_X","Right.Ankle_Y","Right.Ankle_Z"
1,0,NA,NA,NA,NA,NA,NA,NA,NA,NA,NA,NA,NA,NA,NA,NA,NA,NA,NA,NA,NA,NA,NA,NA,NA,NA,NA,NA,NA,NA,NA,NA,NA,NA,NA,NA,NA,NA,NA,NA,NA,NA,NA,NA,NA,NA,NA,NA,NA,-167.75464,499.74982,2222.97583,NA,NA,NA,NA,NA,NA
2,0.01,NA,NA,NA,NA,NA,NA,NA,NA,NA,NA,NA,NA,NA,NA,NA,NA,NA,NA,NA,NA,NA,NA,NA,NA,NA,NA,NA,NA,NA,NA,NA,NA,NA,NA,NA,NA,NA,NA,NA,NA,NA,NA,NA,NA,NA,NA,NA,NA,-167.72142,500.36603,2223.87451,NA,NA,NA,NA,NA,NA
3,0.02,NA,NA,NA,NA,NA,NA,NA,NA,NA,NA,NA,NA,NA,NA,NA,NA,NA,NA,NA,NA,NA,NA,NA,NA,NA,NA,NA,NA,NA,NA,NA,NA,NA,NA,NA,NA,NA,NA,NA,NA,NA,NA,NA,NA,NA,NA,NA,NA,-167.75484,500.41095,2223.94824,NA,NA,NA,NA,NA,NA
4,0.03,NA,NA,NA,NA,NA,NA,NA,NA,NA,NA,NA,NA,NA,NA,NA,NA,NA,NA,NA,NA,NA,NA,NA,NA,NA,NA,NA,NA,NA,NA,NA,NA,NA,NA,NA,NA,NA,NA,NA,NA,NA,NA,NA,NA,NA,NA,NA,NA,-168.00751,500.3353,2224.44287,NA,NA,NA,NA,NA,NA
5,0.04,NA,NA,NA,NA,NA,NA,NA,NA,NA,NA,NA,NA,NA,NA,NA,NA,NA,NA,NA,NA,NA,NA,NA,NA,NA,NA,NA,NA,NA,NA,NA,NA,NA,NA,NA,NA,NA,NA,NA,NA,NA,NA,NA,NA,NA,NA,NA,NA,-168.18674,500.23007,2224.82739,NA,NA,NA,NA,NA,NA
6,0.05,NA,NA,NA,NA,NA,NA,NA,NA,NA,NA,NA,NA,NA,NA,NA,NA,NA,NA,NA,NA,NA,NA,NA,NA,NA,NA,NA,NA,NA,NA,NA,NA,NA,NA,NA,NA,NA,NA,NA,NA,NA,NA,NA,NA,NA,NA,NA,NA,-168.52217,500.19696,2225.30835,NA,NA,NA,NA,NA,NA
7,0.06,NA,NA,NA,NA,NA,NA,NA,NA,NA,NA,NA,NA,NA,NA,NA,NA,NA,NA,NA,NA,NA,NA,NA,NA,NA,NA,NA,NA,NA,NA,NA,NA,NA,NA,NA,NA,NA,NA,NA,NA,NA,NA,NA,NA,NA,NA,NA,NA,-168.7215,500.02408,2225.57056,NA,NA,NA,NA,NA,NA
8,0.07,NA,NA,NA,NA,NA,NA,NA,NA,NA,NA,NA,NA,NA,NA,NA,NA,NA,NA,NA,NA,NA,NA,NA,NA,NA,NA,NA,NA,NA,NA,NA,NA,NA,NA,NA,NA,NA,NA,NA,NA,NA,NA,NA,NA,NA,NA,NA,NA,-168.91888,500.19867,2225.89282,NA,NA,NA,NA,NA,NA
9,0.08,NA,NA,NA,NA,NA,NA,NA,NA,NA,NA,NA,NA,NA,NA,NA,NA,NA,NA,NA,NA,NA,NA,NA,NA,NA,NA,NA,NA,NA,NA,NA,NA,NA,NA,NA,NA,NA,NA,NA,NA,NA,NA,NA,NA,NA,NA,NA,NA,-169.23575,500.80582,2226.28955,NA,NA,NA,NA,NA,NA
10,0.09,NA,NA,NA,NA,NA,NA,NA,NA,NA,NA,NA,NA,NA,NA,NA,NA,NA,NA,NA,NA,NA,NA,NA,NA,NA,NA,NA,NA,NA,NA,NA,NA,NA,NA,NA,NA,NA,NA,NA,NA,NA,NA,NA,NA,NA,NA,NA,NA,-169.59776,500.52792,2227.22217,NA,NA,NA,NA,NA,NA
11,0.1,NA,NA,NA,NA,NA,NA,NA,NA,NA,NA,NA,NA,NA,NA,NA,NA,NA,NA,NA,NA,NA,NA,NA,NA,NA,NA,NA,NA,NA,NA,NA,NA,NA,NA,NA,NA,NA,NA,NA,NA,NA,NA,NA,NA,NA,NA,NA,NA,-169.64201,500.48032,2227.64038,NA,NA,NA,NA,NA,NA
12,0.11,NA,NA,NA,NA,NA,NA,NA,NA,NA,NA,NA,NA,NA,NA,NA,NA,NA,NA,NA,NA,NA,NA,NA,NA,NA,NA,NA,NA,NA,NA,NA,NA,NA,NA,NA,NA,NA,NA,NA,NA,NA,NA,NA,NA,NA,NA,NA,NA,-169.73849,500.48398,2228.03687,NA,NA,NA,NA,NA,NA
13,0.12,NA,NA,NA,NA,NA,NA,NA,NA,NA,NA,NA,NA,NA,NA,NA,NA,NA,NA,NA,NA,NA,NA,NA,NA,NA,NA,NA,NA,NA,NA,NA,NA,NA,NA,NA,NA,NA,NA,NA,NA,NA,NA,NA,NA,NA,NA,NA,NA,-169.60811,500.9057,2228.83643,NA,NA,NA,NA,NA,NA
14,0.13,NA,NA,NA,NA,NA,NA,NA,NA,NA,NA,NA,NA,NA,NA,NA,NA,NA,NA,NA,NA,NA,NA,NA,NA,NA,NA,NA,NA,NA,NA,NA,NA,NA,NA,NA,NA,NA,NA,NA,NA,NA,NA,NA,NA,NA,NA,NA,NA,-169.24721,500.72195,2229.79541,NA,NA,NA,NA,NA,NA
15,0.14,NA,NA,NA,NA,NA,NA,NA,NA,NA,NA,NA,NA,NA,NA,NA,NA,NA,NA,NA,NA,NA,NA,NA,NA,NA,NA,NA,NA,NA,NA,NA,NA,NA,NA,NA,NA,NA,NA,NA,NA,NA,NA,NA,NA,NA,NA,NA,NA,-169.23508,500.81262,2229.76343,NA,NA,NA,NA,NA,NA
16,0.15,NA,NA,NA,NA,NA,NA,NA,NA,NA,NA,NA,NA,NA,NA,NA,NA,NA,NA,NA,NA,NA,NA,NA,NA,NA,NA,NA,NA,NA,NA,NA,NA,NA,NA,NA,NA,NA,NA,NA,NA,NA,NA,NA,NA,NA,NA,NA,NA,-169.1362,500.91745,2229.76367,NA,NA,NA,NA,NA,NA
17,0.16,NA,NA,NA,NA,NA,NA,NA,NA,NA,NA,NA,NA,NA,NA,NA,NA,NA,NA,NA,NA,NA,NA,NA,NA,NA,NA,NA,NA,NA,NA,NA,NA,NA,NA,NA,NA,NA,NA,NA,NA,NA,NA,NA,NA,NA,NA,NA,NA,-168.66916,501.3909,2230.54761,NA,NA,NA,NA,NA,NA
18,0.17,NA,NA,NA,NA,NA,NA,NA,NA,NA,NA,NA,NA,NA,NA,NA,NA,NA,NA,NA,NA,NA,NA,NA,NA,NA,NA,NA,NA,NA,NA,NA,NA,NA,NA,NA,NA,NA,NA,NA,NA,NA,NA,NA,NA,NA,NA,NA,NA,-168.07401,501.8002,2231.13257,NA,NA,NA,NA,NA,NA
19,0.18,NA,NA,NA,NA,NA,NA,NA,NA,NA,NA,NA,NA,NA,NA,NA,NA,NA,NA,NA,NA,NA,NA,NA,NA,NA,NA,NA,NA,NA,NA,NA,NA,NA,NA,NA,NA,NA,NA,NA,NA,NA,NA,NA,NA,NA,NA,NA,NA,-167.67725,501.91336,2231.30322,NA,NA,NA,NA,NA,NA
20,0.19,NA,NA,NA,NA,NA,NA,NA,NA,NA,NA,NA,NA,NA,NA,NA,NA,NA,NA,NA,NA,NA,NA,NA,NA,NA,NA,NA,NA,NA,NA,NA,NA,NA,NA,NA,NA,NA,NA,NA,NA,NA,NA,NA,NA,NA,NA,NA,NA,-167.39824,502.55286,2231.94556,NA,NA,NA,NA,NA,NA
21,0.2,NA,NA,NA,NA,NA,NA,NA,NA,NA,NA,NA,NA,NA,NA,NA,NA,NA,NA,NA,NA,NA,NA,NA,NA,NA,NA,NA,NA,NA,NA,NA,NA,NA,NA,NA,NA,NA,NA,NA,NA,NA,NA,NA,NA,NA,NA,NA,NA,-166.1964,502.79382,2233.36719,NA,NA,NA,NA,NA,NA
22,0.21,NA,NA,NA,NA,NA,NA,NA,NA,NA,NA,NA,NA,NA,NA,NA,NA,NA,NA,NA,NA,NA,NA,NA,NA,NA,NA,NA,NA,NA,NA,NA,NA,NA,NA,NA,NA,NA,NA,NA,NA,NA,NA,NA,NA,NA,NA,NA,NA,-165.94878,503.1069,2233.52954,NA,NA,NA,NA,NA,NA
23,0.22,NA,NA,NA,NA,NA,NA,NA,NA,NA,NA,NA,NA,NA,NA,NA,NA,NA,NA,NA,NA,NA,NA,NA,NA,NA,NA,NA,NA,NA,NA,NA,NA,NA,NA,NA,NA,NA,NA,NA,NA,NA,NA,NA,NA,NA,NA,NA,NA,-165.96422,503.26544,2233.53516,NA,NA,NA,NA,NA,NA
24,0.23,NA,NA,NA,NA,NA,NA,NA,NA,NA,NA,NA,NA,NA,NA,NA,NA,NA,NA,NA,NA,NA,NA,NA,NA,NA,NA,NA,NA,NA,NA,NA,NA,NA,NA,NA,NA,NA,NA,NA,NA,NA,NA,NA,NA,NA,NA,NA,NA,-165.91901,503.44037,2233.83594,NA,NA,NA,NA,NA,NA
25,0.24,NA,NA,NA,NA,NA,NA,NA,NA,NA,NA,NA,NA,NA,NA,NA,NA,NA,NA,NA,NA,NA,NA,NA,NA,NA,NA,NA,NA,NA,NA,NA,NA,NA,NA,NA,NA,NA,NA,NA,NA,NA,NA,NA,NA,NA,NA,NA,NA,-165.82584,503.67081,2233.9082,NA,NA,NA,NA,NA,NA
26,0.25,NA,NA,NA,NA,NA,NA,NA,NA,NA,NA,NA,NA,NA,NA,NA,NA,NA,NA,NA,NA,NA,NA,NA,NA,NA,NA,NA,NA,NA,NA,NA,NA,NA,NA,NA,NA,NA,NA,NA,NA,NA,NA,NA,NA,NA,NA,NA,NA,-165.30774,504.43448,2235.8689,NA,NA,NA,NA,NA,NA
27,0.26,NA,NA,NA,NA,NA,NA,NA,NA,NA,NA,NA,NA,NA,NA,NA,NA,NA,NA,NA,NA,NA,NA,NA,NA,NA,NA,NA,NA,NA,NA,NA,NA,NA,NA,NA,NA,NA,NA,NA,NA,NA,NA,NA,NA,NA,NA,NA,NA,-165.08174,504.84494,2236.7583,NA,NA,NA,NA,NA,NA
28,0.27,NA,NA,NA,NA,NA,NA,NA,NA,NA,NA,NA,NA,NA,NA,NA,NA,NA,NA,NA,NA,NA,NA,NA,NA,NA,NA,NA,NA,NA,NA,NA,NA,NA,NA,NA,NA,NA,NA,NA,NA,NA,NA,NA,NA,NA,NA,NA,NA,-165.06137,504.92294,2236.92529,NA,NA,NA,NA,NA,NA
29,0.28,NA,NA,NA,NA,NA,NA,NA,NA,NA,NA,NA,NA,NA,NA,NA,NA,NA,NA,NA,NA,NA,NA,NA,NA,NA,NA,NA,NA,NA,NA,NA,NA,NA,NA,NA,NA,NA,NA,NA,NA,NA,NA,NA,NA,NA,NA,NA,NA,-164.80853,505.37775,2237.91357,NA,NA,NA,NA,NA,NA
30,0.29,NA,NA,NA,NA,NA,NA,NA,NA,NA,NA,NA,NA,NA,NA,NA,NA,NA,NA,NA,NA,NA,NA,NA,NA,NA,NA,NA,NA,NA,NA,NA,NA,NA,NA,NA,NA,NA,NA,NA,NA,NA,NA,NA,NA,NA,NA,NA,NA,-164.78294,505.53973,2238.13428,NA,NA,NA,NA,NA,NA
31,0.3,NA,NA,NA,NA,NA,NA,NA,NA,NA,NA,NA,NA,NA,NA,NA,NA,NA,NA,NA,NA,NA,NA,NA,NA,NA,NA,NA,NA,NA,NA,NA,NA,NA,NA,NA,NA,NA,NA,NA,NA,NA,NA,NA,NA,NA,NA,NA,NA,-164.76515,505.70828,2238.33813,NA,NA,NA,NA,NA,NA
32,0.31,NA,NA,NA,NA,NA,NA,NA,NA,NA,NA,NA,NA,NA,NA,NA,NA,NA,NA,NA,NA,NA,NA,NA,NA,NA,NA,NA,NA,NA,NA,NA,NA,NA,NA,NA,NA,NA,NA,NA,NA,NA,NA,NA,NA,NA,NA,NA,NA,-164.81793,505.72876,2238.44312,NA,NA,NA,NA,NA,NA
33,0.32,NA,NA,NA,NA,NA,NA,NA,NA,NA,NA,NA,NA,NA,NA,NA,NA,NA,NA,NA,NA,NA,NA,NA,NA,NA,NA,NA,NA,NA,NA,NA,NA,NA,NA,NA,NA,NA,NA,NA,NA,NA,NA,NA,NA,NA,NA,NA,NA,-164.9425,505.74622,2238.6665,NA,NA,NA,NA,NA,NA
34,0.33,NA,NA,NA,NA,NA,NA,NA,NA,NA,NA,NA,NA,NA,NA,NA,NA,NA,NA,NA,NA,NA,NA,NA,NA,NA,NA,NA,NA,NA,NA,NA,NA,NA,NA,NA,NA,NA,NA,NA,NA,NA,NA,NA,NA,NA,NA,NA,NA,-165.27455,505.59512,2238.96729,NA,NA,NA,NA,NA,NA
35,0.34,NA,NA,NA,NA,NA,NA,NA,NA,NA,NA,NA,NA,NA,NA,NA,NA,NA,NA,NA,NA,NA,NA,NA,NA,NA,NA,NA,NA,NA,NA,NA,NA,NA,NA,NA,NA,NA,NA,NA,NA,NA,NA,NA,NA,NA,NA,NA,NA,-165.6559,505.5126,2239.21484,NA,NA,NA,NA,NA,NA
36,0.35,NA,NA,NA,NA,NA,NA,NA,NA,NA,NA,NA,NA,NA,NA,NA,NA,NA,NA,NA,NA,NA,NA,NA,NA,NA,NA,NA,NA,NA,NA,NA,NA,NA,NA,NA,NA,NA,NA,NA,NA,NA,NA,NA,NA,NA,NA,NA,NA,-165.74475,505.49057,2239.26831,NA,NA,NA,NA,NA,NA
37,0.36,NA,NA,NA,NA,NA,NA,NA,NA,NA,NA,NA,NA,NA,NA,NA,NA,NA,NA,NA,NA,NA,NA,NA,NA,NA,NA,NA,NA,NA,NA,NA,NA,NA,NA,NA,NA,NA,NA,NA,NA,NA,NA,NA,NA,NA,NA,NA,NA,-165.73839,505.40103,2239.21338,NA,NA,NA,NA,NA,NA
38,0.37,NA,NA,NA,NA,NA,NA,NA,NA,NA,NA,NA,NA,NA,NA,NA,NA,NA,NA,NA,NA,NA,NA,NA,NA,NA,NA,NA,NA,NA,NA,NA,NA,NA,NA,NA,NA,NA,NA,NA,NA,NA,NA,NA,NA,NA,NA,NA,NA,-165.64914,505.45853,2239.07324,NA,NA,NA,NA,NA,NA
39,0.38,NA,NA,NA,NA,NA,NA,NA,NA,NA,NA,NA,NA,NA,NA,NA,NA,NA,NA,NA,NA,NA,NA,NA,NA,NA,NA,NA,NA,NA,NA,NA,NA,NA,NA,NA,NA,NA,NA,NA,NA,NA,NA,NA,NA,NA,NA,NA,NA,-165.36194,505.40775,2238.9187,NA,NA,NA,NA,NA,NA
40,0.39,NA,NA,NA,NA,NA,NA,NA,NA,NA,NA,NA,NA,NA,NA,NA,NA,NA,NA,NA,NA,NA,NA,NA,NA,NA,NA,NA,NA,NA,NA,NA,NA,NA,NA,NA,NA,NA,NA,NA,NA,NA,NA,NA,NA,NA,NA,NA,NA,-165.36807,505.39203,2238.91235,NA,NA,NA,NA,NA,NA
41,0.4,NA,NA,NA,NA,NA,NA,NA,NA,NA,NA,NA,NA,NA,NA,NA,NA,NA,NA,NA,NA,NA,NA,NA,NA,NA,NA,NA,NA,NA,NA,NA,NA,NA,NA,NA,NA,NA,NA,NA,NA,NA,NA,NA,NA,NA,NA,NA,NA,-165.27144,505.4071,2238.86963,NA,NA,NA,NA,NA,NA
42,0.41,NA,NA,NA,NA,NA,NA,NA,NA,NA,NA,NA,NA,NA,NA,NA,NA,NA,NA,NA,NA,NA,NA,NA,NA,NA,NA,NA,NA,NA,NA,NA,NA,NA,NA,NA,NA,NA,NA,NA,NA,NA,NA,NA,NA,NA,NA,NA,NA,-165.33253,505.27704,2239.04712,NA,NA,NA,NA,NA,NA
43,0.42,NA,NA,NA,NA,NA,NA,NA,NA,NA,NA,NA,NA,NA,NA,NA,NA,NA,NA,NA,NA,NA,NA,NA,NA,NA,NA,NA,NA,NA,NA,NA,NA,NA,NA,NA,NA,NA,NA,NA,NA,NA,NA,NA,NA,NA,NA,NA,NA,-165.45042,505.29193,2239.25708,NA,NA,NA,NA,NA,NA
44,0.43,NA,NA,NA,NA,NA,NA,NA,NA,NA,NA,NA,NA,NA,NA,NA,NA,NA,NA,NA,NA,NA,NA,NA,NA,NA,NA,NA,NA,NA,NA,NA,NA,NA,NA,NA,NA,NA,NA,NA,NA,NA,NA,NA,NA,NA,NA,NA,NA,-165.71736,505.20328,2239.38184,NA,NA,NA,NA,NA,NA
45,0.44,NA,NA,NA,NA,NA,NA,NA,NA,NA,NA,NA,NA,NA,NA,NA,NA,NA,NA,NA,NA,NA,NA,NA,NA,NA,NA,NA,NA,NA,NA,NA,NA,NA,NA,NA,NA,NA,NA,NA,NA,NA,NA,NA,NA,NA,NA,NA,NA,-166.10352,505.15048,2240.07739,NA,NA,NA,NA,NA,NA
46,0.45,NA,NA,NA,NA,NA,NA,NA,NA,NA,NA,NA,NA,NA,NA,NA,NA,NA,NA,NA,NA,NA,NA,NA,NA,NA,NA,NA,NA,NA,NA,NA,NA,NA,NA,NA,NA,NA,NA,NA,NA,NA,NA,NA,NA,NA,NA,NA,NA,-166.28497,505.0686,2240.37231,NA,NA,NA,NA,NA,NA
47,0.46,NA,NA,NA,NA,NA,NA,NA,NA,NA,NA,NA,NA,NA,NA,NA,NA,NA,NA,NA,NA,NA,NA,NA,NA,NA,NA,NA,NA,NA,NA,NA,NA,NA,NA,NA,NA,NA,NA,NA,NA,NA,NA,NA,NA,NA,NA,NA,NA,-166.45261,505.13791,2240.60693,NA,NA,NA,NA,NA,NA
48,0.47,NA,NA,NA,NA,NA,NA,NA,NA,NA,NA,NA,NA,NA,NA,NA,NA,NA,NA,NA,NA,NA,NA,NA,NA,NA,NA,NA,NA,NA,NA,NA,NA,NA,NA,NA,NA,NA,NA,NA,NA,NA,NA,NA,NA,NA,NA,NA,NA,-166.52284,505.26419,2240.81885,NA,NA,NA,NA,NA,NA
49,0.48,NA,NA,NA,NA,NA,NA,NA,NA,NA,NA,NA,NA,NA,NA,NA,NA,NA,NA,NA,NA,NA,NA,NA,NA,NA,NA,NA,NA,NA,NA,NA,NA,NA,NA,NA,NA,NA,NA,NA,NA,NA,NA,NA,NA,NA,NA,NA,NA,-166.29533,505.31619,2241.80591,NA,NA,NA,NA,NA,NA
50,0.49,NA,NA,NA,NA,NA,NA,NA,NA,NA,NA,NA,NA,NA,NA,NA,NA,NA,NA,NA,NA,NA,NA,NA,NA,NA,NA,NA,NA,NA,NA,NA,NA,NA,NA,NA,NA,NA,NA,NA,NA,NA,NA,NA,NA,NA,NA,NA,NA,-166.28667,505.99469,2242.82666,NA,NA,NA,NA,NA,NA
51,0.5,NA,NA,NA,NA,NA,NA,NA,NA,NA,NA,NA,NA,NA,NA,NA,NA,NA,NA,NA,NA,NA,NA,NA,NA,NA,NA,NA,NA,NA,NA,NA,NA,NA,NA,NA,NA,NA,NA,NA,NA,NA,NA,NA,NA,NA,NA,NA,NA,-166.30765,506.17642,2242.75854,NA,NA,NA,NA,NA,NA
52,0.51,NA,NA,NA,NA,NA,NA,NA,NA,NA,NA,NA,NA,NA,NA,NA,NA,NA,NA,NA,NA,NA,NA,NA,NA,NA,NA,NA,NA,NA,NA,NA,NA,NA,NA,NA,NA,NA,NA,NA,NA,NA,NA,NA,NA,NA,NA,NA,NA,-166.38223,506.01978,2243.60742,NA,NA,NA,NA,NA,NA
53,0.52,NA,NA,NA,NA,NA,NA,NA,NA,NA,NA,NA,NA,NA,NA,NA,NA,NA,NA,NA,NA,NA,NA,NA,NA,NA,NA,NA,NA,NA,NA,NA,NA,NA,NA,NA,NA,NA,NA,NA,NA,NA,NA,NA,NA,NA,NA,NA,NA,-166.35709,506.14279,2243.71655,NA,NA,NA,NA,NA,NA
54,0.53,NA,NA,NA,NA,NA,NA,NA,NA,NA,NA,NA,NA,NA,NA,NA,NA,NA,NA,NA,NA,NA,NA,NA,NA,NA,NA,NA,NA,NA,NA,NA,NA,NA,NA,NA,NA,NA,NA,NA,NA,NA,NA,NA,NA,NA,NA,NA,NA,-166.72469,506.04285,2244.30786,NA,NA,NA,NA,NA,NA
55,0.54,NA,NA,NA,NA,NA,NA,NA,NA,NA,NA,NA,NA,NA,NA,NA,NA,NA,NA,NA,NA,NA,NA,NA,NA,NA,NA,NA,NA,NA,NA,NA,NA,NA,NA,NA,NA,NA,NA,NA,NA,NA,NA,NA,NA,NA,NA,NA,NA,-166.78226,506.11423,2244.41113,NA,NA,NA,NA,NA,NA
56,0.55,NA,NA,NA,NA,NA,NA,NA,NA,NA,NA,NA,NA,NA,NA,NA,NA,NA,NA,NA,NA,NA,NA,NA,NA,NA,NA,NA,NA,NA,NA,NA,NA,NA,NA,NA,NA,NA,NA,NA,NA,NA,NA,NA,NA,NA,NA,NA,NA,-166.79576,506.09586,2244.61426,NA,NA,NA,NA,NA,NA
57,0.56,NA,NA,NA,NA,NA,NA,NA,NA,NA,NA,NA,NA,NA,NA,NA,NA,NA,NA,NA,NA,NA,NA,NA,NA,NA,NA,NA,NA,NA,NA,NA,NA,NA,NA,NA,NA,NA,NA,NA,NA,NA,NA,NA,NA,NA,NA,NA,NA,-166.82376,506.10303,2244.65112,NA,NA,NA,NA,NA,NA
58,0.57,NA,NA,NA,NA,NA,NA,NA,NA,NA,NA,NA,NA,NA,NA,NA,NA,NA,NA,NA,NA,NA,NA,NA,NA,NA,NA,NA,NA,NA,NA,NA,NA,NA,NA,NA,NA,NA,NA,NA,NA,NA,NA,NA,NA,NA,NA,NA,NA,-166.84593,506.02936,2244.63232,NA,NA,NA,NA,NA,NA
59,0.58,NA,NA,NA,NA,NA,NA,NA,NA,NA,NA,NA,NA,NA,NA,NA,NA,NA,NA,NA,NA,NA,NA,NA,NA,NA,NA,NA,NA,NA,NA,NA,NA,NA,NA,NA,NA,NA,NA,NA,NA,NA,NA,NA,NA,NA,NA,NA,NA,-166.84453,506.03635,2244.65088,NA,NA,NA,NA,NA,NA
60,0.59,NA,NA,NA,NA,NA,NA,NA,NA,NA,NA,NA,NA,NA,NA,NA,NA,NA,NA,NA,NA,NA,NA,NA,NA,NA,NA,NA,NA,NA,NA,NA,NA,NA,NA,NA,NA,NA,NA,NA,NA,NA,NA,NA,NA,NA,NA,NA,NA,-166.8838,505.97308,2244.64404,NA,NA,NA,NA,NA,NA
61,0.6,NA,NA,NA,NA,NA,NA,NA,NA,NA,NA,NA,NA,NA,NA,NA,NA,NA,NA,NA,NA,NA,NA,NA,NA,NA,NA,NA,NA,NA,NA,NA,NA,NA,NA,NA,NA,NA,NA,NA,NA,NA,NA,NA,NA,NA,NA,NA,NA,-166.87077,505.90378,2244.61499,NA,NA,NA,NA,NA,NA
62,0.61,NA,NA,NA,NA,NA,NA,NA,NA,NA,NA,NA,NA,NA,NA,NA,NA,NA,NA,NA,NA,NA,NA,NA,NA,NA,NA,NA,NA,NA,NA,NA,NA,NA,NA,NA,NA,NA,NA,NA,NA,NA,NA,NA,NA,NA,NA,NA,NA,-166.81664,505.86578,2244.57568,NA,NA,NA,NA,NA,NA
63,0.62,NA,NA,NA,NA,NA,NA,NA,NA,NA,NA,NA,NA,NA,NA,NA,NA,NA,NA,NA,NA,NA,NA,NA,NA,NA,NA,NA,NA,NA,NA,NA,NA,NA,NA,NA,NA,NA,NA,NA,NA,NA,NA,NA,NA,NA,NA,NA,NA,-166.91814,505.6864,2244.927,NA,NA,NA,NA,NA,NA
64,0.63,NA,NA,NA,NA,NA,NA,NA,NA,NA,NA,NA,NA,NA,NA,NA,NA,NA,NA,NA,NA,NA,NA,NA,NA,NA,NA,NA,NA,NA,NA,NA,NA,NA,NA,NA,NA,NA,NA,NA,NA,NA,NA,NA,NA,NA,NA,NA,NA,-167.0114,505.40338,2245.18286,NA,NA,NA,NA,NA,NA
65,0.64,NA,NA,NA,NA,NA,NA,NA,NA,NA,NA,NA,NA,NA,NA,NA,NA,NA,NA,NA,NA,NA,NA,NA,NA,NA,NA,NA,NA,NA,NA,NA,NA,NA,NA,NA,NA,NA,NA,NA,NA,NA,NA,NA,NA,NA,NA,NA,NA,-167.21581,505.3082,2245.38989,NA,NA,NA,NA,NA,NA
66,0.65,NA,NA,NA,NA,NA,NA,NA,NA,NA,NA,NA,NA,NA,NA,NA,NA,NA,NA,NA,NA,NA,NA,NA,NA,NA,NA,NA,NA,NA,NA,NA,NA,NA,NA,NA,NA,NA,NA,NA,NA,NA,NA,NA,NA,NA,NA,NA,NA,-167.42805,505.21149,2245.85303,NA,NA,NA,NA,NA,NA
67,0.66,NA,NA,NA,NA,NA,NA,NA,NA,NA,NA,NA,NA,NA,NA,NA,NA,NA,NA,NA,NA,NA,NA,NA,NA,NA,NA,NA,NA,NA,NA,NA,NA,NA,NA,NA,NA,NA,NA,NA,NA,NA,NA,NA,NA,NA,NA,NA,NA,-167.83864,505.04034,2246.33838,NA,NA,NA,NA,NA,NA
68,0.67,NA,NA,NA,NA,NA,NA,NA,NA,NA,NA,NA,NA,NA,NA,NA,NA,NA,NA,NA,NA,NA,NA,NA,NA,NA,NA,NA,NA,NA,NA,NA,NA,NA,NA,NA,NA,NA,NA,NA,NA,NA,NA,NA,NA,NA,NA,NA,NA,-168.09645,504.88983,2246.96387,NA,NA,NA,NA,NA,NA
69,0.68,NA,NA,NA,NA,NA,NA,NA,NA,NA,NA,NA,NA,NA,NA,NA,NA,NA,NA,NA,NA,NA,NA,NA,NA,NA,NA,NA,NA,NA,NA,NA,NA,NA,NA,NA,NA,NA,NA,NA,NA,NA,NA,NA,NA,NA,NA,NA,NA,-168.25653,505.4278,2248.21216,NA,NA,NA,NA,NA,NA
70,0.69,NA,NA,NA,NA,NA,NA,NA,NA,NA,NA,NA,NA,NA,NA,NA,NA,NA,NA,NA,NA,NA,NA,NA,NA,NA,NA,NA,NA,NA,NA,NA,NA,NA,NA,NA,NA,NA,NA,NA,NA,NA,NA,NA,NA,NA,NA,NA,NA,-168.24586,505.31204,2250.07104,NA,NA,NA,NA,NA,NA
71,0.7,NA,NA,NA,NA,NA,NA,NA,NA,NA,NA,NA,NA,NA,NA,NA,NA,NA,NA,NA,NA,NA,NA,NA,NA,NA,NA,NA,NA,NA,NA,NA,NA,NA,NA,NA,NA,NA,NA,NA,NA,NA,NA,NA,NA,NA,NA,NA,NA,-168.34413,505.3024,2251.89697,NA,NA,NA,NA,NA,NA
72,0.71,NA,NA,NA,NA,NA,NA,NA,NA,NA,NA,NA,NA,NA,NA,NA,NA,NA,NA,NA,NA,NA,NA,NA,NA,NA,NA,NA,NA,NA,NA,NA,NA,NA,NA,NA,NA,NA,NA,NA,NA,NA,NA,NA,NA,NA,NA,NA,NA,-168.4314,505.36462,2252.37451,NA,NA,NA,NA,NA,NA
73,0.72,NA,NA,NA,NA,NA,NA,NA,NA,NA,NA,NA,NA,NA,NA,NA,NA,NA,NA,NA,NA,NA,NA,NA,NA,NA,NA,NA,NA,NA,NA,NA,NA,NA,NA,NA,NA,NA,NA,NA,NA,NA,NA,NA,NA,NA,NA,NA,NA,-168.53099,505.19522,2253.10962,NA,NA,NA,NA,NA,NA
74,0.73,NA,NA,NA,NA,NA,NA,NA,NA,NA,NA,NA,NA,NA,NA,NA,NA,NA,NA,NA,NA,NA,NA,NA,NA,NA,NA,NA,NA,NA,NA,NA,NA,NA,NA,NA,NA,NA,NA,NA,NA,NA,NA,NA,NA,NA,NA,NA,NA,-168.19853,505.38342,2255.51929,NA,NA,NA,NA,NA,NA
75,0.74,NA,NA,NA,NA,NA,NA,NA,NA,NA,NA,NA,NA,NA,NA,NA,NA,NA,NA,NA,NA,NA,NA,NA,NA,NA,NA,NA,NA,NA,NA,NA,NA,NA,NA,NA,NA,NA,NA,NA,NA,NA,NA,NA,NA,NA,NA,NA,NA,-168.23184,505.63257,2257.08667,NA,NA,NA,NA,NA,NA
76,0.75,NA,NA,NA,NA,NA,NA,NA,NA,NA,NA,NA,NA,NA,NA,NA,NA,NA,NA,NA,NA,NA,NA,NA,NA,NA,NA,NA,NA,NA,NA,NA,NA,NA,NA,NA,NA,NA,NA,NA,NA,NA,NA,NA,NA,NA,NA,NA,NA,-168.23431,504.8775,2257.23218,NA,NA,NA,NA,NA,NA
77,0.76,NA,NA,NA,NA,NA,NA,NA,NA,NA,NA,NA,NA,NA,NA,NA,NA,NA,NA,NA,NA,NA,NA,NA,NA,NA,NA,NA,NA,NA,NA,NA,NA,NA,NA,NA,NA,NA,NA,NA,NA,NA,NA,NA,NA,NA,NA,NA,NA,-168.57991,504.25629,2258.56836,NA,NA,NA,NA,NA,NA
78,0.77,NA,NA,NA,NA,NA,NA,NA,NA,NA,NA,NA,NA,NA,NA,NA,NA,NA,NA,NA,NA,NA,NA,NA,NA,NA,NA,NA,NA,NA,NA,NA,NA,NA,NA,NA,NA,NA,NA,NA,NA,NA,NA,NA,NA,NA,NA,NA,NA,-168.53183,504.1861,2258.95825,NA,NA,NA,NA,NA,NA
79,0.78,NA,NA,NA,NA,NA,NA,NA,NA,NA,NA,NA,NA,NA,NA,NA,NA,NA,NA,NA,NA,NA,NA,NA,NA,NA,NA,NA,NA,NA,NA,NA,NA,NA,NA,NA,NA,NA,NA,NA,NA,NA,NA,NA,NA,NA,NA,NA,NA,-168.72105,503.91568,2261.17798,NA,NA,NA,NA,NA,NA
80,0.79,NA,NA,NA,NA,NA,NA,NA,NA,NA,NA,NA,NA,NA,NA,NA,NA,NA,NA,NA,NA,NA,NA,NA,NA,NA,NA,NA,NA,NA,NA,NA,NA,NA,NA,NA,NA,NA,NA,NA,NA,NA,NA,NA,NA,NA,NA,NA,NA,-168.62689,503.74582,2262.81958,NA,NA,NA,NA,NA,NA
81,0.8,NA,NA,NA,NA,NA,NA,NA,NA,NA,NA,NA,NA,NA,NA,NA,NA,NA,NA,NA,NA,NA,NA,NA,NA,NA,NA,NA,NA,NA,NA,NA,NA,NA,NA,NA,NA,NA,NA,NA,NA,NA,NA,NA,NA,NA,NA,NA,NA,-168.61681,503.54282,2263.32495,NA,NA,NA,NA,NA,NA
82,0.81,NA,NA,NA,NA,NA,NA,NA,NA,NA,NA,NA,NA,NA,NA,NA,NA,NA,NA,NA,NA,NA,NA,NA,NA,NA,NA,NA,NA,NA,NA,NA,NA,NA,NA,NA,NA,NA,NA,NA,NA,NA,NA,NA,NA,NA,NA,NA,NA,-168.36055,502.72406,2266.53638,NA,NA,NA,NA,NA,NA
83,0.82,NA,NA,NA,NA,NA,NA,NA,NA,NA,NA,NA,NA,NA,NA,NA,NA,NA,NA,NA,NA,NA,NA,NA,NA,NA,NA,NA,NA,NA,NA,NA,NA,NA,NA,NA,NA,NA,NA,NA,NA,NA,NA,NA,NA,NA,NA,NA,NA,-168.47034,502.3197,2267.44849,NA,NA,NA,NA,NA,NA
84,0.83,NA,NA,NA,NA,NA,NA,NA,NA,NA,NA,NA,NA,NA,NA,NA,NA,NA,NA,NA,NA,NA,NA,NA,NA,NA,NA,NA,NA,NA,NA,NA,NA,NA,NA,NA,NA,NA,NA,NA,NA,NA,NA,NA,NA,NA,NA,NA,NA,-168.66257,501.82886,2268.40137,NA,NA,NA,NA,NA,NA
85,0.84,NA,NA,NA,NA,NA,NA,NA,NA,NA,NA,NA,NA,NA,NA,NA,NA,NA,NA,NA,NA,NA,NA,NA,NA,NA,NA,NA,NA,NA,NA,NA,NA,NA,NA,NA,NA,NA,NA,NA,NA,NA,NA,NA,NA,NA,NA,NA,NA,-168.23033,501.10016,2271.16406,NA,NA,NA,NA,NA,NA
86,0.85,NA,NA,NA,NA,NA,NA,NA,NA,NA,NA,NA,NA,NA,NA,NA,NA,NA,NA,NA,NA,NA,NA,NA,NA,NA,NA,NA,NA,NA,NA,NA,NA,NA,NA,NA,NA,NA,NA,NA,NA,NA,NA,NA,NA,NA,NA,NA,NA,-168.7291,500.54031,2272.41846,NA,NA,NA,NA,NA,NA
87,0.86,NA,NA,NA,NA,NA,NA,NA,NA,NA,NA,NA,NA,NA,NA,NA,NA,NA,NA,NA,NA,NA,NA,NA,NA,NA,NA,NA,NA,NA,NA,NA,NA,NA,NA,NA,NA,NA,NA,NA,NA,NA,NA,NA,NA,NA,NA,NA,NA,-168.35591,499.7399,2275.30933,NA,NA,NA,NA,NA,NA
88,0.87,NA,NA,NA,NA,NA,NA,NA,NA,NA,NA,NA,NA,NA,NA,NA,NA,NA,NA,NA,NA,NA,NA,NA,NA,NA,NA,NA,NA,NA,NA,NA,NA,NA,NA,NA,NA,NA,NA,NA,NA,NA,NA,NA,NA,NA,NA,NA,NA,-168.77748,499.32425,2276.68799,NA,NA,NA,NA,NA,NA
89,0.88,NA,NA,NA,NA,NA,NA,NA,NA,NA,NA,NA,NA,NA,NA,NA,NA,NA,NA,NA,NA,NA,NA,NA,NA,NA,NA,NA,NA,NA,NA,NA,NA,NA,NA,NA,NA,NA,NA,NA,NA,NA,NA,NA,NA,NA,NA,NA,NA,-169.17532,498.77054,2278.26831,NA,NA,NA,NA,NA,NA
90,0.89,NA,NA,NA,NA,NA,NA,NA,NA,NA,NA,NA,NA,NA,NA,NA,NA,NA,NA,NA,NA,NA,NA,NA,NA,NA,NA,NA,NA,NA,NA,NA,NA,NA,NA,NA,NA,NA,NA,NA,NA,NA,NA,NA,NA,NA,NA,NA,NA,-169.76465,498.15649,2279.97827,NA,NA,NA,NA,NA,NA
91,0.9,NA,NA,NA,NA,NA,NA,NA,NA,NA,NA,NA,NA,NA,NA,NA,NA,NA,NA,NA,NA,NA,NA,NA,NA,NA,NA,NA,NA,NA,NA,NA,NA,NA,NA,NA,NA,NA,NA,NA,NA,NA,NA,NA,NA,NA,NA,NA,NA,-170.71939,497.52286,2281.77588,NA,NA,NA,NA,NA,NA
92,0.91,NA,NA,NA,NA,NA,NA,NA,NA,NA,NA,NA,NA,NA,NA,NA,NA,NA,NA,NA,NA,NA,NA,NA,NA,NA,NA,NA,NA,NA,NA,NA,NA,NA,NA,NA,NA,NA,NA,NA,NA,NA,NA,NA,NA,NA,NA,NA,NA,-171.73392,496.34872,2284.61963,NA,NA,NA,NA,NA,NA
93,0.92,NA,NA,NA,NA,NA,NA,NA,NA,NA,NA,NA,NA,NA,NA,NA,NA,NA,NA,NA,NA,NA,NA,NA,NA,NA,NA,NA,NA,NA,NA,NA,NA,NA,NA,NA,NA,NA,NA,NA,NA,NA,NA,NA,NA,NA,NA,NA,NA,-172.30499,495.60782,2287.53564,NA,NA,NA,NA,NA,NA
94,0.93,NA,NA,NA,NA,NA,NA,NA,NA,NA,NA,NA,NA,NA,NA,NA,NA,NA,NA,NA,NA,NA,NA,NA,NA,NA,NA,NA,NA,NA,NA,NA,NA,NA,NA,NA,NA,NA,NA,NA,NA,NA,NA,NA,NA,NA,NA,NA,NA,-172.95811,494.96384,2290.38745,NA,NA,NA,NA,NA,NA
95,0.94,NA,NA,NA,NA,NA,NA,NA,NA,NA,NA,NA,NA,NA,NA,NA,NA,NA,NA,NA,NA,NA,NA,NA,NA,NA,NA,NA,NA,NA,NA,NA,NA,NA,NA,NA,NA,NA,NA,NA,NA,NA,NA,NA,NA,NA,NA,NA,NA,-173.42914,493.81061,2293.58887,NA,NA,NA,NA,NA,NA
96,0.95,NA,NA,NA,NA,NA,NA,NA,NA,NA,NA,NA,NA,NA,NA,NA,NA,NA,NA,NA,NA,NA,NA,NA,NA,NA,NA,NA,NA,NA,NA,NA,NA,NA,NA,NA,NA,NA,NA,NA,NA,NA,NA,NA,NA,NA,NA,NA,NA,-173.82495,493.29199,2295.28394,NA,NA,NA,NA,NA,NA
97,0.96,NA,NA,NA,NA,NA,NA,NA,NA,NA,NA,NA,NA,NA,NA,NA,NA,NA,NA,NA,NA,NA,NA,NA,NA,NA,NA,NA,NA,NA,NA,NA,NA,NA,NA,NA,NA,NA,NA,NA,NA,NA,NA,NA,NA,NA,NA,NA,NA,-174.09462,492.54568,2298.47095,NA,NA,NA,NA,NA,NA
98,0.97,NA,NA,NA,NA,NA,NA,NA,NA,NA,NA,NA,NA,NA,NA,NA,NA,NA,NA,NA,NA,NA,NA,NA,NA,NA,NA,NA,NA,NA,NA,NA,NA,NA,NA,NA,NA,NA,NA,NA,NA,NA,NA,NA,NA,NA,NA,NA,NA,-174.50209,491.72952,2300.35864,NA,NA,NA,NA,NA,NA
99,0.98,NA,NA,NA,NA,NA,NA,NA,NA,NA,NA,NA,NA,NA,NA,NA,NA,NA,NA,NA,NA,NA,NA,NA,NA,NA,NA,NA,NA,NA,NA,NA,NA,NA,NA,NA,NA,NA,NA,NA,NA,NA,NA,NA,NA,NA,-485.61594,501.63022,2133.75879,-173.41402,490.74796,2303.56665,NA,NA,NA,NA,NA,NA
100,0.99,NA,NA,NA,NA,NA,NA,NA,NA,NA,NA,NA,NA,NA,NA,NA,NA,NA,NA,NA,NA,NA,NA,NA,NA,NA,NA,NA,NA,NA,NA,NA,NA,NA,NA,NA,NA,NA,NA,NA,NA,NA,NA,NA,NA,NA,-484.77167,501.86191,2137.22485,-172.95236,490.11371,2306.35986,NA,NA,NA,NA,NA,NA
101,1,NA,NA,NA,NA,NA,NA,NA,NA,NA,NA,NA,NA,NA,NA,NA,NA,NA,NA,NA,NA,NA,NA,NA,NA,NA,NA,NA,NA,NA,NA,NA,NA,NA,NA,NA,NA,NA,NA,NA,NA,NA,NA,NA,NA,NA,-483.92639,502.31473,2139.86206,-172.34242,489.34253,2308.93652,NA,NA,NA,NA,NA,NA
102,1.01,NA,NA,NA,NA,NA,NA,NA,NA,NA,NA,NA,NA,NA,NA,NA,NA,NA,NA,NA,NA,NA,NA,NA,NA,NA,NA,NA,NA,NA,NA,NA,NA,NA,NA,NA,NA,NA,NA,NA,NA,NA,NA,NA,NA,NA,-483.24826,502.9249,2141.81836,-171.80444,488.13937,2311.74609,NA,NA,NA,NA,NA,NA
103,1.02,NA,NA,NA,NA,NA,NA,NA,NA,NA,NA,NA,NA,NA,NA,NA,-123.82079,1308.59119,2200.23242,NA,NA,NA,NA,NA,NA,NA,NA,NA,NA,NA,NA,NA,NA,NA,NA,NA,NA,NA,NA,NA,NA,NA,NA,NA,NA,NA,-482.67056,502.87207,2145.67456,-171.24948,487.68173,2315.62402,NA,NA,NA,NA,NA,NA
104,1.03,NA,NA,NA,NA,NA,NA,NA,NA,NA,NA,NA,NA,NA,NA,NA,-121.67897,1307.39075,2205.3064,NA,NA,NA,NA,NA,NA,NA,NA,NA,NA,NA,NA,NA,NA,NA,NA,NA,NA,NA,NA,NA,NA,NA,NA,NA,NA,NA,-482.12994,502.99152,2148.70801,-170.71751,487.00961,2318.68799,NA,NA,NA,NA,NA,NA
105,1.04,NA,NA,NA,NA,NA,NA,NA,NA,NA,NA,NA,NA,NA,NA,NA,-119.84769,1306.66406,2211.23315,NA,NA,NA,NA,NA,NA,NA,NA,NA,NA,NA,NA,NA,NA,NA,NA,NA,NA,NA,NA,NA,NA,NA,NA,NA,NA,NA,-480.95386,503.22537,2152.85278,-170.87187,486.26364,2320.97876,NA,NA,NA,NA,NA,NA
106,1.05,NA,NA,NA,NA,NA,NA,NA,NA,NA,NA,NA,NA,NA,NA,NA,-117.84585,1305.18408,2216.62866,NA,NA,NA,NA,NA,NA,NA,NA,NA,NA,NA,NA,NA,NA,NA,NA,NA,NA,NA,NA,NA,NA,NA,NA,NA,NA,NA,-480.00009,503.5256,2154.9502,-170.4426,485.78918,2325.375,NA,NA,NA,NA,NA,NA
107,1.06,NA,NA,NA,NA,NA,NA,NA,NA,NA,NA,NA,NA,NA,NA,NA,-116.16519,1304.74512,2222.37817,NA,NA,NA,NA,NA,NA,NA,NA,NA,NA,NA,NA,NA,NA,NA,NA,NA,NA,NA,NA,NA,NA,NA,NA,NA,NA,NA,-478.83676,503.84134,2158.58838,-170.21826,484.96268,2329.68848,NA,NA,NA,NA,NA,NA
108,1.07,NA,NA,NA,NA,NA,NA,NA,NA,NA,NA,NA,NA,NA,NA,NA,-114.13792,1303.59949,2227.54028,NA,NA,NA,NA,NA,NA,NA,NA,NA,NA,NA,NA,NA,NA,NA,NA,NA,NA,NA,NA,NA,NA,NA,NA,NA,NA,NA,-478.17426,503.66144,2162.73926,-170.70689,484.72763,2332.76855,NA,NA,NA,NA,NA,NA
109,1.08,NA,NA,NA,NA,NA,NA,NA,NA,NA,NA,NA,NA,NA,NA,NA,-112.44473,1302.71582,2233.17236,NA,NA,NA,NA,NA,NA,NA,NA,NA,NA,NA,NA,NA,NA,NA,NA,NA,NA,NA,NA,NA,NA,NA,NA,NA,NA,NA,-477.31448,503.71448,2166.67163,-170.87987,484.73444,2336.93091,NA,NA,NA,NA,NA,NA
110,1.09,NA,NA,NA,NA,NA,NA,NA,NA,NA,NA,NA,NA,NA,NA,NA,-110.83894,1301.98486,2238.80933,NA,NA,NA,NA,NA,NA,NA,NA,NA,NA,NA,NA,NA,NA,NA,NA,NA,NA,NA,NA,NA,NA,NA,NA,NA,NA,NA,-476.13763,504.12827,2169.72119,-170.46246,484.24478,2340.38086,NA,NA,NA,NA,NA,NA
111,1.1,NA,NA,NA,NA,NA,NA,NA,NA,NA,NA,NA,NA,NA,NA,NA,-110.80392,1297.65088,2240.64478,NA,NA,NA,NA,NA,NA,NA,NA,NA,NA,NA,NA,NA,NA,NA,NA,NA,NA,NA,NA,NA,NA,NA,NA,NA,NA,NA,-474.9671,503.86102,2173.36938,-171.21967,483.36624,2342.55054,NA,NA,NA,NA,NA,NA
112,1.11,NA,NA,NA,NA,NA,NA,NA,NA,NA,NA,NA,NA,NA,NA,NA,-110.24765,1297.38721,2246.39453,NA,NA,NA,NA,NA,NA,NA,NA,NA,NA,NA,NA,NA,NA,NA,NA,NA,NA,NA,NA,NA,NA,NA,NA,NA,NA,NA,-473.56372,503.62955,2178.021,-170.6497,482.67004,2347.36572,NA,NA,NA,NA,NA,NA
113,1.12,NA,NA,NA,NA,NA,NA,NA,NA,NA,NA,NA,NA,NA,NA,NA,-108.38453,1296.6969,2252.51807,NA,NA,NA,NA,NA,NA,NA,NA,NA,NA,NA,NA,NA,NA,NA,NA,NA,NA,NA,NA,NA,NA,NA,NA,NA,NA,NA,-472.36203,503.91187,2181.1228,-170.33342,481.88312,2349.83789,NA,NA,NA,NA,NA,NA
114,1.13,NA,NA,NA,NA,NA,NA,NA,NA,NA,NA,NA,NA,NA,NA,NA,-107.9384,1296.58215,2258.32446,NA,NA,NA,NA,NA,NA,NA,NA,NA,NA,NA,NA,NA,NA,NA,NA,NA,NA,NA,NA,NA,NA,NA,NA,NA,NA,NA,-471.43839,503.61865,2185.49707,-170.20612,482.06561,2354.36206,NA,NA,NA,NA,NA,NA
115,1.14,NA,NA,NA,NA,NA,NA,NA,NA,NA,NA,NA,NA,NA,NA,NA,-103.95789,1298.34253,2267.93433,NA,NA,NA,NA,NA,NA,NA,NA,NA,NA,NA,NA,NA,NA,NA,NA,NA,NA,NA,NA,NA,NA,NA,NA,NA,NA,NA,-469.9252,503.29068,2190.37915,-169.6245,481.49155,2358.03491,NA,NA,NA,NA,NA,NA
116,1.15,NA,NA,NA,NA,NA,NA,NA,NA,NA,NA,NA,NA,NA,NA,NA,-105.21407,1297.52527,2270.99976,NA,NA,NA,NA,NA,NA,NA,NA,NA,NA,NA,NA,NA,NA,NA,NA,NA,NA,NA,NA,NA,NA,NA,NA,NA,NA,NA,-468.27902,503.47995,2193.0481,-169.53542,481.16135,2360.89429,NA,NA,NA,NA,NA,NA
117,1.16,NA,NA,NA,NA,NA,NA,NA,NA,NA,NA,NA,NA,NA,NA,NA,-104.27173,1298.30908,2279.20166,NA,NA,NA,NA,NA,NA,NA,NA,NA,NA,NA,NA,NA,NA,NA,NA,NA,NA,NA,NA,NA,NA,NA,NA,NA,NA,NA,-467.05966,503.43146,2197.36035,-169.03906,480.97668,2363.81226,NA,NA,NA,NA,NA,NA
118,1.17,NA,NA,NA,NA,NA,NA,NA,NA,NA,NA,NA,NA,NA,NA,NA,-103.91664,1298.26587,2285.02124,NA,NA,NA,NA,NA,NA,NA,NA,NA,NA,NA,NA,NA,NA,NA,NA,NA,NA,NA,NA,NA,NA,NA,NA,NA,NA,NA,-466.24341,503.21527,2201.6123,-168.0379,481.02075,2368.44702,NA,NA,NA,NA,NA,NA
119,1.18,NA,NA,NA,NA,NA,NA,NA,NA,NA,NA,NA,NA,NA,NA,NA,-100.13248,1294.28809,2288.38452,NA,NA,NA,NA,NA,NA,NA,NA,NA,NA,NA,NA,NA,NA,NA,NA,NA,NA,NA,NA,NA,NA,NA,NA,NA,NA,NA,-465.38824,503.32831,2204.30347,-167.96324,479.03146,2371.85474,NA,NA,NA,NA,NA,NA
120,1.19,NA,NA,NA,NA,NA,NA,NA,NA,NA,NA,NA,NA,NA,NA,NA,-98.23943,1293.66858,2294.25317,NA,NA,NA,NA,NA,NA,NA,NA,NA,NA,NA,NA,NA,NA,NA,NA,NA,NA,NA,NA,NA,NA,NA,NA,NA,NA,NA,-464.55045,503.28638,2206.43335,-166.64772,478.41916,2375.14233,NA,NA,NA,NA,NA,NA
121,1.2,NA,NA,NA,NA,NA,NA,NA,NA,NA,NA,NA,NA,NA,NA,NA,-98.11427,1293.73206,2300.10303,NA,NA,NA,NA,NA,NA,NA,NA,NA,NA,NA,NA,NA,NA,NA,NA,NA,NA,NA,NA,NA,NA,NA,NA,NA,NA,NA,-463.99319,502.896,2210.82886,-166.31757,479.01105,2380.58203,NA,NA,NA,NA,NA,NA
122,1.21,NA,NA,NA,NA,NA,NA,NA,NA,NA,NA,NA,NA,NA,NA,NA,-96.76373,1296.17139,2309.00513,NA,NA,NA,NA,NA,NA,NA,NA,NA,NA,NA,NA,NA,NA,NA,NA,NA,NA,NA,NA,NA,NA,NA,NA,NA,NA,NA,-463.43958,502.84525,2213.02441,-164.95203,477.73343,2382.48804,NA,NA,NA,NA,NA,NA
123,1.22,NA,NA,NA,NA,NA,NA,NA,NA,NA,NA,NA,NA,NA,NA,NA,-95.81521,1296.51892,2314.39966,NA,NA,NA,NA,NA,NA,NA,NA,NA,NA,NA,NA,NA,NA,NA,NA,NA,NA,NA,NA,NA,NA,NA,NA,NA,NA,NA,-462.83487,503.2283,2215.17993,-163.07637,477.82629,2386.17993,NA,NA,NA,NA,NA,NA
124,1.23,NA,NA,NA,NA,NA,NA,NA,NA,NA,NA,NA,NA,NA,NA,NA,-95.07973,1296.43201,2319.97876,NA,NA,NA,NA,NA,NA,NA,NA,NA,NA,NA,NA,NA,NA,NA,NA,NA,NA,NA,NA,NA,NA,NA,NA,NA,NA,NA,-462.16745,503.42264,2218.90112,-161.98433,478.91229,2390.70972,NA,NA,NA,NA,NA,NA
125,1.24,NA,NA,NA,NA,NA,NA,NA,NA,NA,NA,NA,NA,NA,NA,NA,-93.97958,1296.16602,2324.8811,NA,NA,NA,NA,NA,NA,NA,NA,NA,NA,NA,NA,NA,NA,NA,NA,NA,NA,NA,NA,NA,NA,NA,NA,NA,NA,NA,-462.10114,503.70355,2221.79321,-158.78853,479.0603,2394.39478,NA,NA,NA,NA,NA,NA
126,1.25,NA,NA,NA,NA,NA,NA,NA,NA,NA,NA,NA,NA,NA,NA,NA,-93.25572,1296.1676,2329.87573,NA,NA,NA,NA,NA,NA,NA,NA,NA,NA,NA,NA,NA,NA,NA,NA,NA,NA,NA,NA,NA,NA,NA,NA,NA,NA,NA,-461.32669,503.16898,2225.9458,-158.56639,478.22147,2395.59521,NA,NA,NA,NA,NA,NA
127,1.26,NA,NA,NA,NA,NA,NA,NA,NA,NA,NA,NA,NA,NA,NA,NA,-92.4019,1296.17737,2334.88696,NA,NA,NA,NA,NA,NA,NA,NA,NA,NA,NA,NA,NA,NA,NA,NA,NA,NA,NA,NA,NA,NA,NA,NA,NA,NA,NA,-461.1571,503.56726,2226.58594,-156.32935,478.56125,2398.38037,NA,NA,NA,NA,NA,NA
128,1.27,NA,NA,NA,NA,NA,NA,NA,NA,NA,NA,NA,NA,NA,NA,NA,-91.89304,1296.6095,2339.79883,NA,NA,NA,NA,NA,NA,NA,NA,NA,NA,NA,NA,NA,NA,NA,NA,NA,NA,NA,NA,NA,NA,NA,NA,NA,NA,NA,-461.34973,505.30402,2229.9502,-154.4989,478.98648,2399.96509,NA,NA,NA,NA,NA,NA
129,1.28,NA,NA,NA,NA,NA,NA,NA,NA,NA,NA,NA,NA,NA,NA,NA,-91.45409,1297.27808,2344.9248,NA,NA,NA,NA,NA,NA,NA,NA,NA,NA,NA,NA,NA,NA,NA,NA,NA,NA,NA,NA,NA,NA,NA,NA,NA,NA,NA,-461.18988,506.246,2232.92212,-153.26741,479.42108,2401.28003,NA,NA,NA,NA,NA,NA
130,1.29,NA,NA,NA,NA,NA,NA,NA,NA,NA,NA,NA,NA,NA,NA,NA,-91.00887,1298.30774,2349.54419,NA,NA,NA,NA,NA,NA,NA,NA,NA,NA,NA,NA,NA,NA,NA,NA,NA,NA,NA,NA,NA,NA,NA,NA,NA,NA,NA,-460.80438,506.71298,2236.22607,-151.91208,480.07733,2404.43164,NA,NA,NA,NA,NA,NA
131,1.3,NA,NA,NA,NA,NA,NA,NA,NA,NA,NA,NA,NA,NA,NA,NA,-90.36771,1298.45569,2353.89111,NA,NA,NA,NA,NA,NA,NA,NA,NA,NA,NA,NA,NA,NA,NA,NA,NA,NA,NA,NA,NA,NA,NA,NA,NA,NA,NA,-459.59436,505.88297,2241.4834,-151.17387,481.1539,2406.43628,NA,NA,NA,NA,NA,NA
132,1.31,NA,NA,NA,NA,NA,NA,NA,NA,NA,NA,NA,NA,NA,NA,NA,-89.98496,1299.43262,2358.29712,NA,NA,NA,NA,NA,NA,NA,NA,NA,NA,NA,NA,NA,NA,NA,NA,NA,NA,NA,NA,NA,NA,NA,NA,NA,NA,NA,-460.52386,509.08133,2241.52344,-151.42406,482.40851,2406.10327,NA,NA,NA,NA,NA,NA
133,1.32,NA,NA,NA,NA,NA,NA,NA,NA,NA,NA,NA,NA,NA,NA,NA,-89.8023,1300.33679,2363.08203,NA,NA,NA,NA,NA,NA,NA,NA,NA,NA,NA,NA,NA,NA,NA,NA,NA,NA,NA,NA,NA,NA,NA,NA,NA,NA,NA,-459.86548,509.43378,2244.77173,-150.54407,482.62164,2408.24023,NA,NA,NA,NA,NA,NA
134,1.33,NA,NA,NA,NA,NA,NA,NA,NA,NA,NA,NA,NA,NA,NA,NA,-89.13993,1301.16455,2366.84229,NA,NA,NA,NA,NA,NA,NA,NA,NA,NA,NA,NA,NA,NA,NA,NA,NA,NA,NA,NA,NA,NA,NA,NA,NA,NA,NA,-459.79471,511.40302,2246.75024,-149.783,482.8364,2410.78735,NA,NA,NA,NA,NA,NA
135,1.34,NA,NA,NA,NA,NA,NA,NA,NA,NA,NA,NA,NA,NA,NA,NA,-88.57151,1302.17285,2370.0835,NA,NA,NA,NA,NA,NA,NA,NA,NA,NA,NA,NA,NA,NA,NA,NA,NA,NA,NA,NA,NA,NA,NA,NA,NA,NA,NA,-459.75552,512.92719,2248.73828,-149.70908,483.07715,2411.06348,NA,NA,NA,NA,NA,NA
136,1.35,NA,NA,NA,NA,NA,NA,NA,NA,NA,NA,NA,NA,NA,NA,NA,-88.14492,1302.84631,2374.02222,NA,NA,NA,NA,NA,NA,NA,NA,NA,NA,NA,NA,NA,NA,NA,NA,NA,NA,NA,NA,NA,NA,NA,NA,NA,NA,NA,-458.9433,513.16418,2252.71729,-150.27054,483.66959,2412.30933,NA,NA,NA,NA,NA,NA
137,1.36,NA,NA,NA,NA,NA,NA,NA,NA,NA,NA,NA,NA,NA,NA,NA,-88.25225,1304.38049,2378.29053,NA,NA,NA,NA,NA,NA,NA,NA,NA,NA,NA,NA,NA,NA,NA,NA,NA,NA,NA,NA,NA,NA,NA,NA,NA,NA,NA,-459.30548,515.32098,2252.97729,-150.55215,484.19852,2415.20166,NA,NA,NA,NA,NA,NA
138,1.37,NA,NA,NA,NA,NA,NA,NA,NA,NA,NA,NA,NA,NA,NA,NA,-87.78079,1305.41431,2381.53296,NA,NA,NA,NA,NA,NA,NA,NA,NA,NA,NA,NA,NA,NA,NA,NA,NA,NA,NA,NA,NA,NA,NA,NA,NA,NA,NA,-459.33658,516.72192,2255.24365,-150.72662,484.51492,2415.6875,NA,NA,NA,NA,NA,NA
139,1.38,NA,NA,NA,NA,NA,NA,NA,NA,NA,NA,NA,NA,NA,NA,NA,-87.07878,1305.97827,2384.91846,NA,NA,NA,NA,NA,NA,NA,NA,NA,NA,NA,NA,NA,NA,NA,NA,NA,NA,NA,NA,NA,NA,NA,NA,NA,NA,NA,-459.56891,517.68372,2256.82007,-151.08217,484.62851,2416.87427,NA,NA,NA,NA,NA,NA
140,1.39,NA,NA,NA,NA,NA,NA,NA,NA,NA,NA,NA,NA,NA,NA,NA,-86.62458,1306.50024,2388.16284,NA,NA,NA,NA,NA,NA,NA,NA,NA,NA,NA,NA,NA,NA,NA,NA,NA,NA,NA,NA,NA,NA,NA,NA,NA,NA,NA,-459.24902,516.7962,2259.89307,-151.85199,484.7587,2419.25269,NA,NA,NA,NA,NA,NA
141,1.4,NA,NA,NA,NA,NA,NA,NA,NA,NA,NA,NA,NA,NA,NA,NA,-86.29327,1307.36816,2391.4436,NA,NA,NA,NA,NA,NA,NA,NA,NA,NA,NA,NA,NA,NA,NA,NA,NA,NA,NA,NA,NA,NA,NA,NA,NA,NA,NA,-459.4762,517.19019,2262.78857,-152.04642,485.65152,2422.90405,NA,NA,NA,NA,NA,NA
142,1.41,NA,NA,NA,NA,NA,NA,NA,NA,NA,NA,NA,NA,NA,NA,NA,-85.79705,1308.16174,2394.38013,NA,NA,NA,NA,NA,NA,NA,NA,NA,NA,NA,NA,NA,NA,NA,NA,NA,NA,NA,NA,NA,NA,NA,NA,NA,NA,NA,-460.36887,518.56628,2264.79639,-153.21179,486.5192,2424.0752,NA,NA,NA,NA,NA,NA
143,1.42,NA,NA,NA,NA,NA,NA,NA,NA,NA,NA,NA,NA,NA,NA,NA,-85.75239,1308.81177,2397.90454,NA,NA,NA,NA,NA,NA,NA,NA,NA,NA,NA,NA,NA,NA,NA,NA,NA,NA,NA,NA,NA,NA,NA,NA,NA,NA,NA,-461.1933,520.0058,2266.6416,-154.1563,486.83533,2425.9104,NA,NA,NA,NA,NA,NA
144,1.43,NA,NA,NA,NA,NA,NA,NA,NA,NA,NA,NA,NA,NA,NA,NA,-85.17175,1309.10681,2400.42725,NA,NA,NA,NA,NA,NA,NA,NA,NA,NA,NA,NA,NA,NA,NA,NA,NA,NA,NA,NA,NA,NA,NA,NA,NA,NA,NA,-461.63263,520.14264,2267.17871,-155.34239,486.3533,2428.13062,NA,NA,NA,NA,NA,NA
145,1.44,NA,NA,NA,NA,NA,NA,NA,NA,NA,NA,NA,NA,NA,NA,NA,-84.82977,1309.73022,2402.62305,NA,NA,NA,NA,NA,NA,NA,NA,NA,NA,NA,NA,NA,NA,NA,NA,NA,NA,NA,NA,NA,NA,NA,NA,NA,NA,NA,-462.75418,520.37189,2268.40283,-155.44733,486.54688,2429.87427,NA,NA,NA,NA,NA,NA
146,1.45,NA,NA,NA,NA,NA,NA,NA,NA,NA,NA,NA,NA,NA,NA,NA,-84.37318,1310.27271,2405.19214,NA,NA,NA,NA,NA,NA,NA,NA,NA,NA,NA,NA,NA,NA,NA,NA,NA,NA,NA,NA,NA,NA,NA,NA,NA,NA,NA,-463.92319,520.46051,2269.62573,-155.61552,487.27655,2431.75903,NA,NA,NA,NA,NA,NA
147,1.46,NA,NA,NA,NA,NA,NA,NA,NA,NA,NA,NA,NA,NA,NA,NA,-84.18219,1310.11169,2407.78223,NA,NA,NA,NA,NA,NA,NA,NA,NA,NA,NA,NA,NA,NA,NA,NA,NA,NA,NA,NA,NA,NA,NA,NA,NA,NA,NA,-465.49756,521.86603,2270.53687,-155.99995,487.38339,2433.95068,NA,NA,NA,NA,NA,NA
148,1.47,NA,NA,NA,NA,NA,NA,NA,NA,NA,NA,NA,NA,NA,NA,NA,-83.52257,1310.26074,2409.00977,NA,NA,NA,NA,NA,NA,NA,NA,NA,NA,NA,NA,NA,NA,NA,NA,NA,NA,NA,NA,NA,NA,NA,NA,NA,NA,NA,-466.32278,521.84271,2271.55786,-156.54817,488.96359,2436.08569,NA,NA,NA,NA,NA,NA
149,1.48,NA,NA,NA,NA,NA,NA,NA,NA,NA,NA,NA,NA,NA,NA,NA,-83.3028,1310.73486,2411.57129,NA,NA,NA,NA,NA,NA,NA,NA,NA,NA,NA,NA,NA,NA,NA,NA,NA,NA,NA,NA,NA,NA,NA,NA,NA,NA,NA,-467.32608,522.61786,2272.94067,-155.8376,488.59177,2437.22192,NA,NA,NA,NA,NA,NA
150,1.49,NA,NA,NA,NA,NA,NA,NA,NA,NA,NA,NA,NA,NA,NA,NA,-82.94141,1311.09851,2413.64771,NA,NA,NA,NA,NA,NA,NA,NA,NA,NA,NA,NA,NA,NA,NA,NA,NA,NA,NA,NA,NA,NA,NA,NA,NA,NA,NA,-468.03552,522.37762,2274.03735,-155.37433,488.82294,2438.86768,NA,NA,NA,NA,NA,NA
151,1.5,NA,NA,NA,NA,NA,NA,NA,NA,NA,NA,NA,NA,NA,NA,NA,-83.2603,1311.10291,2416.01807,NA,NA,NA,NA,NA,NA,NA,NA,NA,NA,NA,NA,NA,NA,NA,NA,NA,NA,NA,NA,NA,NA,NA,NA,NA,NA,NA,-468.23975,522.46747,2276.80151,-155.89537,488.4234,2439.34766,NA,NA,NA,NA,NA,NA
152,1.51,NA,NA,NA,NA,NA,NA,NA,NA,NA,NA,NA,NA,NA,NA,NA,-82.80145,1311.27673,2417.38916,NA,NA,NA,NA,NA,NA,NA,NA,NA,NA,NA,NA,NA,NA,NA,NA,NA,NA,NA,NA,NA,NA,NA,NA,NA,NA,NA,-468.11572,521.83759,2280.05103,-154.20007,489.31732,2441.99829,NA,NA,NA,NA,NA,NA
153,1.52,NA,NA,NA,NA,NA,NA,NA,NA,NA,NA,NA,NA,NA,NA,NA,-82.95502,1311.74927,2419.84741,NA,NA,NA,NA,NA,NA,NA,NA,NA,NA,NA,NA,NA,NA,NA,NA,NA,NA,NA,NA,NA,NA,NA,NA,NA,NA,NA,-468.46454,521.76312,2280.80249,-154.23959,489.2012,2442.76611,NA,NA,NA,NA,NA,NA
154,1.53,NA,NA,NA,NA,NA,NA,NA,NA,NA,NA,NA,NA,NA,NA,NA,-82.64815,1311.38196,2421.28442,NA,NA,NA,NA,NA,NA,NA,NA,NA,NA,NA,NA,NA,NA,NA,NA,NA,NA,NA,NA,NA,NA,NA,NA,NA,NA,NA,-468.96161,521.24426,2282.39111,-154.20892,489.09955,2443.21021,NA,NA,NA,NA,NA,NA
155,1.54,NA,NA,NA,NA,NA,NA,NA,NA,NA,NA,NA,NA,NA,NA,NA,-82.47486,1310.98743,2422.66895,NA,NA,NA,NA,NA,NA,NA,NA,NA,NA,NA,NA,NA,NA,NA,NA,NA,NA,NA,NA,NA,NA,NA,NA,NA,NA,NA,-469.51996,520.83429,2283.76416,-154.27805,489.04187,2443.69092,NA,NA,NA,NA,NA,NA
156,1.55,NA,NA,NA,NA,NA,NA,NA,NA,NA,NA,NA,NA,NA,NA,NA,-82.44279,1311.17212,2423.98511,NA,NA,NA,NA,NA,NA,NA,NA,NA,NA,NA,NA,NA,NA,NA,NA,NA,NA,NA,NA,NA,NA,NA,NA,NA,NA,NA,-469.93463,520.70984,2286.05811,-154.28783,489.63928,2444.82056,NA,NA,NA,NA,NA,NA
157,1.56,NA,NA,NA,NA,NA,NA,NA,NA,NA,NA,NA,NA,NA,NA,NA,-82.20403,1311.45129,2425.23999,NA,NA,NA,NA,NA,NA,NA,NA,NA,NA,NA,NA,NA,NA,NA,NA,NA,NA,NA,NA,NA,NA,NA,NA,NA,NA,NA,-470.42606,519.43103,2289.41187,-154.16255,489.87671,2446.15063,NA,NA,NA,NA,NA,NA
158,1.57,NA,NA,NA,NA,NA,NA,NA,NA,NA,NA,NA,NA,NA,NA,NA,-81.92155,1311.13477,2426.94702,NA,NA,NA,NA,NA,NA,NA,NA,NA,NA,NA,NA,NA,NA,NA,NA,NA,NA,NA,NA,NA,NA,NA,NA,NA,NA,NA,-471.05579,518.93909,2292.74585,-153.97717,489.65601,2447.53589,NA,NA,NA,NA,NA,NA
159,1.58,NA,NA,NA,NA,NA,NA,NA,NA,NA,NA,NA,NA,NA,NA,NA,-81.90358,1310.84766,2428.34399,NA,NA,NA,NA,NA,NA,NA,NA,NA,NA,NA,NA,NA,NA,NA,NA,NA,NA,NA,NA,NA,NA,NA,NA,NA,NA,NA,-472.75012,520.74921,2293.7168,-153.95836,490.00476,2447.79517,NA,NA,NA,NA,NA,NA
160,1.59,NA,NA,NA,NA,NA,NA,NA,NA,NA,NA,NA,NA,NA,NA,NA,-81.68652,1310.73755,2428.88135,NA,NA,NA,NA,NA,NA,NA,NA,NA,NA,NA,NA,NA,NA,NA,NA,NA,NA,NA,NA,NA,NA,NA,NA,NA,NA,NA,-472.71738,518.96289,2298.90161,-153.96327,490.09387,2448.07495,NA,NA,NA,NA,NA,NA
161,1.6,NA,NA,NA,NA,NA,NA,NA,NA,NA,NA,NA,NA,NA,NA,NA,-81.70615,1310.64392,2429.69385,NA,NA,NA,NA,NA,NA,NA,NA,NA,NA,NA,NA,NA,NA,NA,NA,NA,NA,NA,NA,NA,NA,NA,NA,NA,NA,NA,-473.71405,518.53918,2300.27368,-153.96544,490.10385,2448.21069,NA,NA,NA,NA,NA,NA
162,1.61,NA,NA,NA,NA,NA,NA,NA,NA,NA,NA,NA,NA,NA,NA,NA,-81.67515,1310.51392,2430.42407,NA,NA,NA,NA,NA,NA,NA,NA,NA,NA,NA,NA,NA,NA,NA,NA,NA,NA,NA,NA,NA,NA,NA,NA,NA,NA,NA,-475.16006,517.72174,2302.6936,-153.90469,490.44836,2447.50781,NA,NA,NA,NA,NA,NA
163,1.62,NA,NA,NA,NA,NA,NA,NA,NA,NA,NA,NA,NA,NA,NA,NA,-81.83191,1310.55798,2431.46387,NA,NA,NA,NA,NA,NA,NA,NA,NA,NA,NA,NA,NA,NA,NA,NA,NA,NA,NA,NA,NA,NA,NA,NA,NA,NA,NA,-475.70947,516.74292,2305.64648,-153.92348,490.55045,2447.57251,NA,NA,NA,NA,NA,NA
164,1.63,NA,NA,NA,NA,NA,NA,NA,NA,NA,NA,NA,NA,NA,NA,NA,-81.77017,1310.10669,2432.20239,NA,NA,NA,NA,NA,NA,NA,NA,NA,NA,NA,NA,NA,NA,NA,NA,NA,NA,NA,NA,NA,NA,NA,NA,NA,NA,NA,-476.60327,516.13922,2310.63623,-153.75928,490.58987,2447.31445,NA,NA,NA,NA,NA,NA
165,1.64,NA,NA,NA,NA,NA,NA,NA,NA,NA,NA,NA,NA,NA,NA,NA,-82.28918,1310.35986,2433.43042,NA,NA,NA,NA,NA,NA,NA,NA,NA,NA,NA,NA,NA,NA,NA,NA,NA,NA,NA,NA,NA,NA,NA,NA,NA,NA,NA,-477.43604,515.46136,2312.2959,-153.63678,490.52689,2447.15405,NA,NA,NA,NA,NA,NA
166,1.65,NA,NA,NA,NA,NA,NA,NA,NA,NA,NA,NA,NA,NA,NA,NA,-82.26212,1310.06628,2433.53979,NA,NA,NA,NA,NA,NA,NA,NA,NA,NA,NA,NA,NA,NA,NA,NA,NA,NA,NA,NA,NA,NA,NA,NA,NA,NA,NA,-478.2598,515.20459,2314.73706,-153.71663,490.52682,2447.19897,NA,NA,NA,NA,NA,NA
167,1.66,NA,NA,NA,NA,NA,NA,NA,NA,NA,NA,NA,NA,NA,NA,NA,-82.42438,1310.12573,2433.73242,NA,NA,NA,NA,NA,NA,NA,NA,NA,NA,NA,NA,NA,NA,NA,NA,NA,NA,NA,NA,NA,NA,NA,NA,NA,NA,NA,-479.72226,514.27234,2317.26807,-153.7431,490.56522,2446.97412,NA,NA,NA,NA,NA,NA
168,1.67,NA,NA,NA,NA,NA,NA,NA,NA,NA,NA,NA,NA,NA,NA,NA,-82.71745,1310.11633,2434.07886,NA,NA,NA,NA,NA,NA,NA,NA,NA,NA,NA,NA,NA,NA,NA,NA,NA,NA,NA,NA,NA,NA,NA,NA,NA,NA,NA,-480.9895,513.79596,2318.76465,-153.74835,490.64056,2446.49243,NA,NA,NA,NA,NA,NA
169,1.68,NA,NA,NA,NA,NA,NA,NA,NA,NA,NA,NA,NA,NA,NA,NA,-82.93483,1310.04346,2434.12134,NA,NA,NA,NA,NA,NA,NA,NA,NA,NA,NA,NA,NA,NA,NA,NA,NA,NA,NA,NA,NA,NA,NA,NA,NA,NA,NA,-482.22723,513.05676,2320.8562,-153.85284,490.66449,2446.29956,NA,NA,NA,NA,NA,NA
170,1.69,NA,NA,NA,NA,NA,NA,NA,NA,NA,NA,NA,NA,NA,NA,NA,-83.15709,1310.06799,2433.97046,NA,NA,NA,NA,NA,NA,NA,NA,NA,NA,NA,NA,NA,NA,NA,NA,NA,NA,NA,NA,NA,NA,NA,NA,NA,NA,NA,-483.21259,512.51379,2322.51147,-154.01137,490.55447,2446.33032,NA,NA,NA,NA,NA,NA
171,1.7,NA,NA,NA,NA,NA,NA,NA,NA,NA,NA,NA,NA,NA,NA,NA,-83.28402,1309.88452,2433.62061,NA,NA,NA,NA,NA,NA,NA,NA,NA,NA,NA,NA,NA,NA,NA,NA,NA,NA,NA,NA,NA,NA,NA,NA,NA,NA,NA,-484.15802,512.78894,2324.73267,-154.77419,490.50653,2445.47974,NA,NA,NA,NA,NA,NA
172,1.71,NA,NA,NA,NA,NA,NA,NA,NA,NA,NA,NA,NA,NA,NA,NA,-83.44251,1309.69226,2433.16846,NA,NA,NA,NA,NA,NA,NA,NA,NA,NA,NA,NA,NA,NA,NA,NA,NA,NA,NA,NA,NA,NA,NA,NA,NA,NA,NA,-485.78949,512.68878,2327.22778,-154.9352,490.42288,2445.52588,NA,NA,NA,NA,NA,NA
173,1.72,NA,NA,NA,NA,NA,NA,NA,NA,NA,NA,NA,NA,NA,NA,NA,-83.58098,1309.51929,2432.77539,NA,NA,NA,NA,NA,NA,NA,NA,NA,NA,NA,NA,NA,NA,NA,NA,NA,NA,NA,NA,NA,NA,NA,NA,NA,NA,NA,-486.56668,511.69962,2330.26147,-155.41582,490.07916,2444.43115,NA,NA,NA,NA,NA,NA
174,1.73,NA,NA,NA,NA,NA,NA,NA,NA,NA,NA,NA,NA,NA,NA,NA,-83.75829,1309.3136,2432.26563,NA,NA,NA,NA,NA,NA,NA,NA,NA,NA,NA,NA,NA,NA,NA,NA,NA,NA,NA,NA,NA,NA,NA,NA,NA,NA,NA,-487.45313,511.24866,2333.54956,-155.61557,489.43484,2443.38037,NA,NA,NA,NA,NA,NA
175,1.74,NA,NA,NA,NA,NA,NA,NA,NA,NA,NA,NA,NA,NA,NA,NA,-83.80182,1309.19348,2431.62915,NA,NA,NA,NA,NA,NA,NA,NA,NA,NA,NA,NA,NA,NA,NA,NA,NA,NA,NA,NA,NA,NA,NA,NA,NA,NA,NA,-488.33398,510.8725,2335.12256,-155.78651,489.29117,2443.40015,NA,NA,NA,NA,NA,NA
176,1.75,NA,NA,NA,NA,NA,NA,NA,NA,NA,NA,NA,NA,NA,NA,NA,-84.07245,1308.90784,2430.83936,NA,NA,NA,NA,NA,NA,NA,NA,NA,NA,NA,NA,NA,NA,NA,NA,NA,NA,NA,NA,NA,NA,NA,NA,NA,NA,NA,-488.80966,510.52496,2336.10889,-156.56061,489.6073,2442.677,NA,NA,NA,NA,NA,NA
177,1.76,NA,NA,NA,NA,NA,NA,NA,NA,NA,NA,NA,NA,NA,NA,NA,-84.34521,1308.86511,2429.42993,NA,NA,NA,NA,NA,NA,NA,NA,NA,NA,NA,NA,NA,NA,NA,NA,NA,NA,NA,NA,NA,NA,NA,NA,NA,NA,NA,-489.14081,510.36389,2336.60352,-156.63936,489.5997,2442.51758,NA,NA,NA,NA,NA,NA
178,1.77,NA,NA,NA,NA,NA,NA,NA,NA,NA,NA,NA,NA,NA,NA,NA,-84.9131,1308.69238,2428.11572,NA,NA,NA,NA,NA,NA,NA,NA,NA,NA,NA,NA,NA,NA,NA,NA,NA,NA,NA,NA,NA,NA,NA,NA,NA,NA,NA,-490.25916,510.974,2335.98682,-156.76328,489.50229,2442.42773,NA,NA,NA,NA,NA,NA
179,1.78,NA,NA,NA,NA,NA,NA,NA,NA,NA,NA,NA,NA,NA,NA,NA,-85.15993,1308.49646,2426.5874,NA,NA,NA,NA,NA,NA,NA,NA,NA,NA,NA,NA,NA,NA,NA,NA,NA,NA,NA,NA,NA,NA,NA,NA,NA,NA,NA,-490.88904,510.98553,2336.58618,-157.71141,489.63748,2440.65894,NA,NA,NA,NA,NA,NA
180,1.79,NA,NA,NA,NA,NA,NA,NA,NA,NA,NA,NA,NA,NA,NA,NA,-85.53434,1308.29773,2425.29883,NA,NA,NA,NA,NA,NA,NA,NA,NA,NA,NA,NA,NA,NA,NA,NA,NA,NA,NA,NA,NA,NA,NA,NA,NA,NA,NA,-492.2821,512.33191,2334.24658,-157.74692,489.73917,2440.07764,NA,NA,NA,NA,NA,NA
181,1.8,NA,NA,NA,NA,NA,NA,NA,NA,NA,NA,NA,NA,NA,NA,NA,-86.04108,1308.12756,2423.95654,NA,NA,NA,NA,NA,NA,NA,NA,NA,NA,NA,NA,NA,NA,NA,NA,NA,NA,NA,NA,NA,NA,NA,NA,NA,NA,NA,-493.01627,512.51959,2333.99878,-158.40959,489.63501,2438.38794,NA,NA,NA,NA,NA,NA
182,1.81,NA,NA,NA,NA,NA,NA,NA,NA,NA,NA,NA,NA,NA,NA,NA,-86.44235,1307.35779,2421.64282,NA,NA,NA,NA,NA,NA,NA,NA,NA,NA,NA,NA,NA,NA,NA,NA,NA,NA,NA,NA,NA,NA,NA,NA,NA,NA,NA,-493.64093,512.78113,2333.76318,-158.70499,489.44131,2438.45093,NA,NA,NA,NA,NA,NA
183,1.82,NA,NA,NA,NA,NA,NA,NA,NA,NA,NA,NA,NA,NA,NA,NA,-86.70985,1306.72961,2419.73975,NA,NA,NA,NA,NA,NA,NA,NA,NA,NA,NA,NA,NA,NA,NA,NA,NA,NA,NA,NA,NA,NA,NA,NA,NA,NA,NA,-494.37344,512.8963,2333.63892,-159.16359,489.32272,2438.10596,NA,NA,NA,NA,NA,NA
184,1.83,NA,NA,NA,NA,NA,NA,NA,NA,NA,NA,NA,NA,NA,NA,NA,-87.22111,1306.48523,2417.25903,NA,NA,NA,NA,NA,NA,NA,NA,NA,NA,NA,NA,NA,NA,NA,NA,NA,NA,NA,NA,NA,NA,NA,NA,NA,NA,NA,-494.97394,513.01746,2333.26099,-159.42621,489.13861,2437.93408,NA,NA,NA,NA,NA,NA
185,1.84,NA,NA,NA,NA,NA,NA,NA,NA,NA,NA,NA,NA,NA,NA,NA,-87.54903,1305.92493,2414.34058,NA,NA,NA,NA,NA,NA,NA,NA,NA,NA,NA,NA,NA,NA,NA,NA,NA,NA,NA,NA,NA,NA,NA,NA,NA,NA,NA,-495.6803,513.5058,2332.51343,-160.9024,488.52277,2434.7085,NA,NA,NA,NA,NA,NA
186,1.85,NA,NA,NA,NA,NA,NA,NA,NA,NA,NA,NA,NA,NA,NA,NA,-88.19975,1305.39539,2412.22412,NA,NA,NA,NA,NA,NA,NA,NA,NA,NA,NA,NA,NA,NA,NA,NA,NA,NA,NA,NA,NA,NA,NA,NA,NA,NA,NA,-496.66013,513.98853,2330.7373,-161.70537,488.3143,2434.10132,NA,NA,NA,NA,NA,NA
187,1.86,NA,NA,NA,NA,NA,NA,NA,NA,NA,NA,NA,NA,NA,NA,NA,-88.38767,1304.40137,2408.74365,NA,NA,NA,NA,NA,NA,NA,NA,NA,NA,NA,NA,NA,NA,NA,NA,NA,NA,NA,NA,NA,NA,NA,NA,NA,NA,NA,-497.89679,514.41547,2329.2334,-162.26489,487.86856,2432.9165,NA,NA,NA,NA,NA,NA
188,1.87,NA,NA,NA,NA,NA,NA,NA,NA,NA,NA,NA,NA,NA,NA,NA,-89.10153,1304.34021,2405.854,NA,NA,NA,NA,NA,NA,NA,NA,NA,NA,NA,NA,NA,NA,NA,NA,NA,NA,NA,NA,NA,NA,NA,NA,NA,NA,NA,-499.31732,515.09674,2326.88989,-162.79073,487.38715,2431.76318,NA,NA,NA,NA,NA,NA
189,1.88,NA,NA,NA,NA,NA,NA,NA,NA,NA,NA,NA,NA,NA,NA,NA,-89.86469,1303.65747,2402.84131,NA,NA,NA,NA,NA,NA,NA,NA,NA,NA,NA,NA,NA,NA,NA,NA,NA,NA,NA,NA,NA,NA,NA,NA,NA,NA,NA,-500.54382,515.65552,2324.90942,-163.90999,487.08224,2430.28174,NA,NA,NA,NA,NA,NA
190,1.89,NA,NA,NA,NA,NA,NA,NA,NA,NA,NA,NA,NA,NA,NA,NA,-90.6323,1303.01624,2399.91577,NA,NA,NA,NA,NA,NA,NA,NA,NA,NA,NA,NA,NA,NA,NA,NA,NA,NA,NA,NA,NA,NA,NA,NA,NA,NA,NA,-501.436,515.97852,2323.31421,-165.37933,486.44894,2427.70044,NA,NA,NA,NA,NA,NA
191,1.9,NA,NA,NA,NA,NA,NA,NA,NA,NA,NA,NA,NA,NA,NA,NA,-91.60419,1302.56848,2396.79126,NA,NA,NA,NA,NA,NA,NA,NA,NA,NA,NA,NA,NA,NA,NA,NA,NA,NA,NA,NA,NA,NA,NA,NA,NA,NA,NA,-502.61871,516.82983,2320.43018,-166.22302,486.25876,2427.89209,NA,NA,NA,NA,NA,NA
192,1.91,NA,NA,NA,NA,NA,NA,NA,NA,NA,NA,NA,NA,NA,NA,NA,-92.11134,1301.91736,2392.95557,NA,NA,NA,NA,NA,NA,NA,NA,NA,NA,NA,NA,NA,NA,NA,NA,NA,NA,NA,NA,NA,NA,NA,NA,NA,NA,NA,-504.04184,517.67859,2317.43774,-167.17447,485.75339,2426.36768,NA,NA,NA,NA,NA,NA
193,1.92,NA,NA,NA,NA,NA,NA,NA,NA,NA,NA,NA,NA,NA,NA,NA,-93.34168,1301.33569,2390.33667,NA,NA,NA,NA,NA,NA,NA,NA,NA,NA,NA,NA,NA,NA,NA,NA,NA,NA,NA,NA,NA,NA,NA,NA,NA,NA,NA,-505.26437,518.05133,2315.70923,-168.73332,486.09879,2423.49072,NA,NA,NA,NA,NA,NA
194,1.93,NA,NA,NA,NA,NA,NA,NA,NA,NA,NA,NA,NA,NA,NA,NA,-94.27563,1301.2981,2386.4668,NA,NA,NA,NA,NA,NA,NA,NA,NA,NA,NA,NA,NA,NA,NA,NA,NA,NA,NA,NA,NA,NA,NA,NA,NA,NA,NA,-506.19443,519.27582,2312.16162,-169.09865,486.05472,2422.5769,NA,NA,NA,NA,NA,NA
195,1.94,NA,NA,NA,NA,NA,NA,NA,NA,NA,NA,NA,NA,NA,NA,NA,-95.10549,1300.25952,2382.40039,NA,NA,NA,NA,NA,NA,NA,NA,NA,NA,NA,NA,NA,NA,NA,NA,NA,NA,NA,NA,NA,NA,NA,NA,NA,NA,NA,-507.01517,519.87817,2309.95898,-170.17047,485.44919,2420.0083,NA,NA,NA,NA,NA,NA
196,1.95,NA,NA,NA,NA,NA,NA,NA,NA,NA,NA,NA,NA,NA,NA,NA,-96.27578,1300.06067,2378.59229,NA,NA,NA,NA,NA,NA,NA,NA,NA,NA,NA,NA,NA,NA,NA,NA,NA,NA,NA,NA,NA,NA,NA,NA,NA,NA,NA,-508.4696,520.81732,2307.34082,-170.70616,484.69733,2419.3811,NA,NA,NA,NA,NA,NA
197,1.96,NA,NA,NA,NA,NA,NA,NA,NA,NA,NA,NA,NA,NA,NA,NA,-97.12817,1299.58875,2374.70435,NA,NA,NA,NA,NA,NA,NA,NA,NA,NA,NA,NA,NA,NA,NA,NA,NA,NA,NA,NA,NA,NA,NA,NA,NA,NA,NA,-509.94461,522.14886,2304.01611,-172.48026,484.3898,2416.61914,NA,NA,NA,NA,NA,NA
198,1.97,NA,NA,NA,NA,NA,NA,NA,NA,NA,NA,NA,NA,NA,NA,NA,-98.44398,1299.13635,2370.50977,NA,NA,NA,NA,NA,NA,NA,NA,NA,NA,NA,NA,NA,NA,NA,NA,NA,NA,NA,NA,NA,NA,NA,NA,NA,NA,NA,-511.03247,522.81659,2302.50098,-172.8374,483.74634,2415.78833,NA,NA,NA,NA,NA,NA
199,1.98,NA,NA,NA,NA,NA,NA,NA,NA,NA,NA,NA,NA,NA,NA,NA,-99.3132,1298.66492,2366.56152,NA,NA,NA,NA,NA,NA,NA,NA,NA,NA,NA,NA,NA,NA,NA,NA,NA,NA,NA,NA,NA,NA,NA,NA,NA,NA,NA,-511.78989,524.15997,2298.56958,-174.06195,484.1463,2414.2229,NA,NA,NA,NA,NA,NA
200,1.99,NA,NA,NA,NA,NA,NA,NA,NA,NA,NA,NA,NA,NA,NA,NA,-100.65846,1298.9187,2362.44922,NA,NA,NA,NA,NA,NA,NA,NA,NA,NA,NA,NA,NA,NA,NA,NA,NA,NA,NA,NA,NA,NA,NA,NA,NA,NA,NA,-512.47675,525.04303,2296.84863,-175.39136,483.70325,2411.49658,NA,NA,NA,NA,NA,NA
201,2,NA,NA,NA,NA,NA,NA,NA,NA,NA,NA,NA,NA,NA,NA,NA,-101.86574,1298.37903,2357.96875,NA,NA,NA,NA,NA,NA,NA,NA,NA,NA,NA,NA,NA,NA,NA,NA,NA,NA,NA,NA,NA,NA,NA,NA,NA,NA,NA,-513.58734,525.64441,2294.38623,-176.29021,483.52844,2410.9436,NA,NA,NA,NA,NA,NA
202,2.01,NA,NA,NA,NA,NA,NA,NA,NA,NA,NA,NA,NA,NA,NA,NA,-103.15008,1298.10754,2353.24902,NA,NA,NA,NA,NA,NA,NA,NA,NA,NA,NA,NA,NA,NA,NA,NA,NA,NA,NA,NA,NA,NA,NA,NA,NA,NA,NA,-514.49719,526.66345,2291.146,-178.87811,483.63474,2407.302,NA,NA,NA,NA,NA,NA
203,2.02,NA,NA,NA,NA,NA,NA,NA,NA,NA,NA,NA,NA,NA,NA,NA,-104.51061,1297.60229,2349.16479,NA,NA,NA,NA,NA,NA,NA,NA,NA,NA,NA,NA,NA,NA,NA,NA,NA,NA,NA,NA,NA,NA,NA,NA,NA,NA,NA,-515.68799,527.14911,2289.05151,-179.67207,483.31805,2407.33423,NA,NA,NA,NA,NA,NA
204,2.03,NA,NA,NA,NA,NA,NA,NA,NA,NA,NA,NA,NA,NA,NA,NA,-105.38211,1297.92163,2344.26489,NA,NA,NA,NA,NA,NA,NA,NA,NA,NA,NA,NA,NA,NA,NA,NA,NA,NA,NA,NA,NA,NA,NA,NA,NA,NA,NA,-517.10358,527.55164,2286.40063,-180.90225,482.88348,2404.89819,NA,NA,NA,NA,NA,NA
205,2.04,NA,NA,NA,NA,NA,NA,NA,NA,NA,NA,NA,NA,NA,NA,NA,-106.99454,1298.16199,2340.13135,NA,NA,NA,NA,NA,NA,NA,NA,NA,NA,NA,NA,NA,NA,NA,NA,NA,NA,NA,NA,NA,NA,NA,NA,NA,NA,NA,-518.40039,528.15857,2282.90869,-183.0731,483.01254,2402.6814,NA,NA,NA,NA,NA,NA
206,2.05,NA,NA,NA,NA,NA,NA,NA,NA,NA,NA,NA,NA,NA,NA,NA,-108.81438,1297.62854,2335.34961,NA,NA,NA,NA,NA,NA,NA,NA,NA,NA,NA,NA,NA,NA,NA,NA,NA,NA,NA,NA,NA,NA,NA,NA,NA,NA,NA,-520.25256,528.59149,2280.12329,-185.07423,482.83588,2401.13623,NA,NA,NA,NA,NA,NA
207,2.06,NA,NA,NA,NA,NA,NA,NA,NA,NA,NA,NA,NA,NA,NA,NA,-110.73485,1298.17932,2330.8877,NA,NA,NA,NA,NA,NA,NA,NA,NA,NA,NA,NA,NA,NA,NA,NA,NA,NA,NA,NA,NA,NA,NA,NA,NA,NA,NA,-522.33093,528.46759,2277.29321,-186.73039,482.89655,2397.81641,NA,NA,NA,NA,NA,NA
208,2.07,NA,NA,NA,NA,NA,NA,NA,NA,NA,NA,NA,NA,NA,NA,NA,-112.22791,1298.44727,2325.95264,NA,NA,NA,NA,NA,NA,NA,NA,NA,NA,NA,NA,NA,NA,NA,NA,NA,NA,NA,NA,NA,NA,NA,NA,NA,NA,NA,-523.3197,528.67236,2274.88599,-188.3439,482.36685,2396.72632,NA,NA,NA,NA,NA,NA
209,2.08,NA,NA,NA,NA,NA,NA,NA,NA,NA,NA,NA,NA,NA,NA,NA,-113.6038,1298.12744,2321.94067,NA,NA,NA,NA,NA,NA,NA,NA,NA,NA,NA,NA,NA,NA,NA,NA,NA,NA,NA,NA,NA,NA,NA,NA,NA,NA,NA,-525.53168,529.15173,2271.66333,-190.68521,482.72177,2394.98169,NA,NA,NA,NA,NA,NA
210,2.09,NA,NA,NA,NA,NA,NA,NA,NA,NA,NA,NA,NA,NA,NA,NA,-115.15288,1298.40503,2317.16748,NA,NA,NA,NA,NA,NA,NA,NA,NA,NA,NA,NA,NA,NA,NA,NA,NA,NA,NA,NA,NA,NA,NA,NA,NA,NA,NA,-527.43427,529.30865,2268.29321,-191.68408,481.8522,2392.7959,NA,NA,NA,NA,NA,NA
211,2.1,NA,NA,NA,NA,NA,NA,NA,NA,NA,NA,NA,NA,NA,NA,NA,-116.47762,1298.21021,2312.04053,NA,NA,NA,NA,NA,NA,NA,NA,NA,NA,NA,NA,NA,NA,NA,NA,NA,NA,NA,NA,NA,NA,NA,NA,NA,NA,NA,-528.93005,528.89771,2265.60327,-193.36511,482.15109,2391.39893,NA,NA,NA,NA,NA,NA
212,2.11,NA,NA,NA,NA,NA,NA,NA,NA,NA,NA,NA,NA,NA,NA,NA,-118.56934,1298.29517,2307.03809,NA,NA,NA,NA,NA,NA,NA,NA,NA,NA,NA,NA,NA,NA,NA,NA,NA,NA,NA,NA,NA,NA,NA,NA,NA,NA,NA,-531.21631,528.23761,2262.70825,-195.362,482.00058,2388.47729,NA,NA,NA,NA,NA,NA
213,2.12,NA,NA,NA,NA,NA,NA,NA,NA,NA,NA,NA,NA,NA,NA,NA,-120.90868,1298.32568,2302.44214,NA,NA,NA,NA,NA,NA,NA,NA,NA,NA,NA,NA,NA,NA,NA,NA,NA,NA,NA,NA,NA,NA,NA,NA,NA,NA,NA,-533.23401,527.4057,2259.90063,-196.11986,481.81403,2386.45581,NA,NA,NA,NA,NA,NA
214,2.13,NA,NA,NA,NA,NA,NA,NA,NA,NA,NA,NA,NA,NA,NA,NA,-122.79946,1298.49976,2297.38013,NA,NA,NA,NA,NA,NA,NA,NA,NA,NA,NA,NA,NA,NA,NA,NA,NA,NA,NA,NA,NA,NA,NA,NA,NA,NA,NA,-534.70825,527.18103,2257.63452,-198.33572,482.3866,2383.37256,NA,NA,NA,NA,NA,NA
215,2.14,NA,NA,NA,NA,NA,NA,NA,NA,NA,NA,NA,NA,NA,NA,NA,-124.55791,1298.19348,2291.38818,NA,NA,NA,NA,NA,NA,NA,NA,NA,NA,NA,NA,NA,NA,NA,NA,NA,NA,NA,NA,NA,NA,NA,NA,NA,NA,NA,-537.0354,526.02478,2254.24609,-198.64816,482.35718,2382.63354,NA,NA,NA,NA,NA,NA
216,2.15,NA,NA,NA,NA,NA,NA,NA,NA,NA,NA,NA,NA,NA,NA,NA,-126.74514,1297.61365,2285.59351,NA,NA,NA,NA,NA,NA,NA,NA,NA,NA,NA,NA,NA,NA,NA,NA,NA,NA,NA,NA,NA,NA,NA,NA,NA,NA,NA,-538.55847,524.65607,2251.36792,-200.64059,482.12878,2377.85229,NA,NA,NA,NA,NA,NA
217,2.16,NA,NA,NA,NA,NA,NA,NA,NA,NA,NA,NA,NA,NA,NA,NA,-129.54732,1298.11792,2281.39795,NA,NA,NA,NA,NA,NA,NA,NA,NA,NA,NA,NA,NA,NA,NA,NA,NA,NA,NA,NA,NA,NA,NA,NA,NA,NA,NA,-539.87585,524.07788,2248.41919,-201.50441,481.69113,2376.72021,NA,NA,NA,NA,NA,NA
218,2.17,NA,NA,NA,NA,NA,NA,NA,NA,NA,NA,NA,NA,NA,NA,NA,-131.78128,1297.87573,2275.21826,NA,NA,NA,NA,NA,NA,NA,NA,NA,NA,NA,NA,NA,NA,NA,NA,NA,NA,NA,NA,NA,NA,NA,NA,NA,NA,NA,-541.85645,522.44727,2245.41235,-202.80956,481.8476,2374.41943,NA,NA,NA,NA,NA,NA
219,2.18,NA,NA,NA,NA,NA,NA,NA,NA,NA,NA,NA,NA,NA,NA,NA,-134.46321,1297.34204,2268.96655,NA,NA,NA,NA,NA,NA,NA,NA,NA,NA,NA,NA,NA,NA,NA,NA,NA,NA,NA,NA,NA,NA,NA,NA,NA,NA,NA,-543.3327,521.03918,2242.32739,-204.10291,481.66791,2371.82568,NA,NA,NA,NA,NA,NA
220,2.19,NA,NA,NA,NA,NA,NA,NA,NA,NA,NA,NA,NA,NA,NA,NA,-137.78192,1296.87317,2263.05884,NA,NA,NA,NA,NA,NA,NA,NA,NA,NA,NA,NA,NA,NA,NA,NA,NA,NA,NA,NA,NA,NA,NA,NA,NA,NA,NA,-544.8269,519.91797,2239.04883,-204.91879,481.12009,2370.0791,NA,NA,NA,NA,NA,NA
221,2.2,NA,NA,NA,NA,NA,NA,NA,NA,NA,NA,NA,NA,NA,NA,NA,-140.34273,1297.1145,2257.05957,NA,NA,NA,NA,NA,NA,NA,NA,NA,NA,NA,NA,NA,NA,NA,NA,NA,NA,NA,NA,NA,NA,NA,NA,NA,NA,NA,-546.4668,518.0379,2235.54395,-207.47258,481.34857,2365.89478,NA,NA,NA,NA,NA,NA
222,2.21,NA,NA,NA,NA,NA,NA,NA,NA,NA,NA,NA,NA,NA,NA,NA,-143.71947,1297.71204,2252.48828,NA,NA,NA,NA,NA,NA,NA,NA,NA,NA,NA,NA,NA,NA,NA,NA,NA,NA,NA,NA,NA,NA,NA,NA,NA,NA,NA,-548.54272,516.92206,2232.17798,-208.48923,481.30203,2365.20313,NA,NA,NA,NA,NA,NA
223,2.22,NA,NA,NA,NA,NA,NA,NA,NA,NA,NA,NA,NA,NA,NA,NA,-146.51768,1297.30945,2246.96118,NA,NA,NA,NA,NA,NA,NA,NA,NA,NA,NA,NA,NA,NA,NA,NA,NA,NA,NA,NA,NA,NA,NA,NA,NA,NA,NA,-550.36865,515.38812,2228.36328,-211.23564,481.68063,2360.99731,NA,NA,NA,NA,NA,NA
224,2.23,NA,NA,NA,NA,NA,NA,NA,NA,NA,NA,NA,NA,NA,NA,NA,-149.82014,1297.04114,2240.25098,NA,NA,NA,NA,NA,NA,NA,NA,NA,NA,NA,NA,NA,NA,NA,NA,NA,NA,NA,NA,NA,NA,NA,NA,NA,NA,NA,-552.21082,513.82642,2225.21289,-214.29918,482.02231,2356.94751,NA,NA,NA,NA,NA,NA
225,2.24,NA,NA,NA,NA,NA,NA,NA,NA,NA,NA,NA,NA,NA,NA,NA,-153.41817,1297.15222,2234.48022,NA,NA,NA,NA,NA,NA,NA,NA,NA,NA,NA,NA,NA,NA,NA,NA,NA,NA,NA,NA,NA,NA,NA,NA,NA,NA,NA,-554.21814,512.4126,2221.61914,-215.9785,481.22931,2354.37305,NA,NA,NA,NA,NA,NA
226,2.25,NA,NA,NA,NA,NA,NA,NA,NA,NA,NA,NA,NA,NA,NA,NA,-156.71045,1297.15796,2228.90869,NA,NA,NA,NA,NA,NA,NA,NA,NA,NA,NA,NA,NA,NA,NA,NA,NA,NA,NA,NA,NA,NA,NA,NA,NA,NA,NA,-555.96338,510.6976,2217.52075,-218.55251,481.61365,2350.86011,NA,NA,NA,NA,NA,NA
227,2.26,NA,NA,NA,NA,NA,NA,NA,NA,NA,NA,NA,NA,NA,NA,NA,-161.04393,1297.45471,2223.19043,NA,NA,NA,NA,NA,NA,NA,NA,NA,NA,NA,NA,NA,NA,NA,NA,NA,NA,NA,NA,NA,NA,NA,NA,NA,NA,NA,-558.09863,509.23416,2214.25586,-221.31813,481.42905,2346.29614,NA,NA,NA,NA,NA,NA
228,2.27,NA,NA,NA,NA,NA,NA,NA,NA,NA,NA,NA,NA,NA,NA,NA,-164.84071,1297.22461,2217.13086,NA,NA,NA,NA,NA,NA,NA,NA,NA,NA,NA,NA,NA,NA,NA,NA,NA,NA,NA,NA,NA,NA,NA,NA,NA,NA,NA,-559.73474,507.55975,2209.97559,-223.64163,481.97681,2342.56079,NA,NA,NA,NA,NA,NA
229,2.28,NA,NA,NA,NA,NA,NA,NA,NA,NA,NA,NA,NA,NA,NA,NA,-168.57095,1297.58179,2211.68042,NA,NA,NA,NA,NA,NA,NA,NA,NA,NA,NA,NA,NA,NA,NA,NA,NA,NA,NA,NA,NA,NA,NA,NA,NA,NA,NA,-561.79889,506.51013,2205.9502,-225.9864,481.927,2339.10889,NA,NA,NA,NA,NA,NA
230,2.29,NA,NA,NA,NA,NA,NA,NA,NA,NA,NA,NA,NA,NA,NA,NA,-173.06749,1297.23145,2205.09375,NA,NA,NA,NA,NA,NA,NA,NA,NA,NA,NA,NA,NA,NA,NA,-178.2822,929.29974,1928.60864,NA,NA,NA,NA,NA,NA,NA,NA,NA,-563.64954,504.76874,2201.86938,-228.46574,482.23251,2334.39136,NA,NA,NA,NA,NA,NA
231,2.3,NA,NA,NA,NA,NA,NA,NA,NA,NA,NA,NA,NA,NA,NA,NA,-176.85999,1297.77588,2200.16479,NA,NA,NA,NA,NA,NA,NA,NA,NA,NA,NA,NA,NA,NA,NA,-178.70793,931.7627,1921.46387,NA,NA,NA,NA,NA,NA,NA,NA,NA,-565.52539,503.59656,2198.27539,-230.94725,483.15781,2328.69849,NA,NA,NA,NA,NA,NA
232,2.31,NA,NA,NA,NA,NA,NA,NA,NA,NA,NA,NA,NA,NA,NA,NA,-181.55322,1297.65234,2193.7146,NA,NA,NA,NA,NA,NA,NA,NA,NA,NA,NA,NA,NA,NA,NA,-181.72662,933.31018,1915.42236,NA,NA,NA,NA,NA,NA,NA,NA,NA,-567.69501,502.24869,2193.59644,-232.9733,482.92169,2322.02759,NA,NA,NA,NA,NA,NA
233,2.32,NA,NA,NA,NA,NA,NA,NA,NA,NA,NA,NA,NA,NA,NA,NA,-185.59041,1298.10388,2187.58521,NA,NA,NA,NA,NA,NA,NA,NA,NA,NA,NA,NA,NA,NA,NA,-184.28374,935.29785,1908.38721,NA,NA,NA,NA,NA,NA,NA,NA,NA,-570.22552,501.6842,2189.51147,-234.17621,483.5845,2317.66016,NA,NA,NA,NA,NA,NA
234,2.33,NA,NA,NA,NA,NA,NA,NA,NA,NA,NA,NA,NA,NA,NA,NA,-190.24936,1298.54578,2181.66284,NA,NA,NA,NA,NA,NA,NA,NA,NA,NA,NA,NA,NA,NA,NA,-186.4489,936.69659,1902.21191,NA,NA,NA,NA,NA,NA,NA,NA,NA,-573.04291,501.3869,2185.72778,-235.12624,483.19766,2312.39722,NA,NA,NA,NA,NA,NA
235,2.34,NA,NA,NA,NA,NA,NA,NA,NA,NA,NA,NA,NA,NA,NA,NA,-194.95319,1299.14978,2176.01611,NA,NA,NA,NA,NA,NA,NA,NA,NA,NA,NA,NA,NA,NA,NA,-188.32497,937.76007,1896.59668,NA,NA,NA,NA,NA,NA,NA,NA,NA,-576.16223,500.8515,2181.49316,-236.98012,484.48666,2305.72437,NA,NA,NA,NA,NA,NA
236,2.35,NA,NA,NA,NA,NA,NA,NA,NA,NA,NA,NA,NA,NA,NA,NA,-199.47087,1299.77441,2169.51782,NA,NA,NA,NA,NA,NA,NA,NA,NA,NA,NA,NA,NA,NA,NA,-190.19675,938.75781,1892.61841,NA,NA,NA,NA,NA,NA,NA,NA,NA,-579.4101,501.32202,2175.43555,-238.99173,485.08405,2297.84521,NA,NA,NA,NA,NA,NA
237,2.36,NA,NA,NA,NA,NA,NA,NA,NA,NA,NA,NA,NA,NA,NA,NA,-204.15688,1300.77673,2163.31934,NA,NA,NA,NA,NA,NA,NA,NA,NA,NA,NA,NA,NA,NA,NA,-192.50887,940.39148,1885.78528,NA,NA,NA,NA,NA,NA,NA,NA,NA,-582.82007,501.53891,2170.5979,-240.61414,485.06348,2289.28638,NA,NA,NA,NA,NA,NA
238,2.37,NA,NA,NA,NA,NA,NA,NA,NA,NA,NA,NA,NA,NA,NA,NA,-209.01811,1301.93872,2156.46436,NA,NA,NA,NA,NA,NA,NA,NA,NA,NA,NA,NA,NA,NA,NA,-194.34459,940.61731,1881.53577,NA,NA,NA,NA,NA,NA,NA,NA,NA,-586.6618,502.39758,2164.83203,-242.3474,486.47815,2281.50879,NA,NA,NA,NA,NA,NA
239,2.38,NA,NA,NA,NA,NA,NA,NA,NA,NA,NA,NA,NA,NA,NA,NA,-213.69511,1303.46033,2150.80029,NA,NA,NA,NA,NA,NA,NA,NA,NA,NA,NA,NA,NA,NA,NA,-195.82437,940.71252,1877.16785,NA,NA,NA,NA,NA,NA,NA,NA,NA,-590.78931,502.89438,2159.66528,-244.1593,486.79535,2270.11133,NA,NA,NA,NA,NA,NA
240,2.39,NA,NA,NA,NA,NA,NA,NA,NA,NA,NA,NA,NA,NA,NA,NA,-218.74007,1304.41736,2143.93286,NA,NA,NA,NA,NA,NA,NA,NA,NA,NA,NA,NA,NA,NA,NA,-198.00778,940.96362,1872.93823,NA,NA,NA,NA,NA,NA,NA,NA,NA,-595.27832,504.12939,2152.84961,-245.09021,487.20096,2261.02441,NA,NA,NA,NA,NA,NA
241,2.4,NA,NA,NA,NA,NA,NA,NA,NA,NA,NA,NA,NA,NA,NA,NA,-223.35835,1305.96716,2139.16602,NA,NA,NA,NA,NA,NA,NA,NA,NA,NA,NA,NA,NA,NA,NA,-198.73726,941.29602,1868.9397,NA,NA,NA,NA,NA,NA,NA,NA,NA,-599.56927,504.5275,2146.70923,-246.23355,488.33124,2250.69141,NA,NA,NA,NA,NA,NA
242,2.41,NA,NA,NA,NA,NA,NA,NA,NA,NA,NA,NA,NA,NA,NA,NA,-228.16145,1306.89758,2131.76343,NA,NA,NA,NA,NA,NA,NA,NA,NA,NA,NA,NA,NA,NA,NA,-201.15118,941.82642,1864.33643,NA,NA,NA,NA,NA,NA,NA,NA,NA,-603.36523,505.14822,2140.32495,-247.15195,488.94656,2240.29785,NA,NA,NA,NA,NA,NA
243,2.42,NA,NA,NA,NA,NA,NA,NA,NA,NA,NA,NA,NA,NA,NA,NA,-232.51523,1308.59143,2126.83179,NA,NA,NA,NA,NA,NA,NA,NA,NA,NA,NA,NA,NA,NA,NA,-201.95094,942.20453,1860.35986,NA,NA,NA,NA,NA,NA,NA,NA,NA,-607.25293,505.06326,2135.40161,-247.19313,490.25131,2230.19238,NA,NA,NA,NA,NA,NA
244,2.43,NA,NA,NA,NA,NA,NA,NA,NA,NA,NA,NA,NA,NA,NA,NA,-237.38031,1309.36169,2119.83374,NA,NA,NA,NA,NA,NA,NA,NA,NA,NA,NA,NA,NA,NA,NA,-203.74289,942.15527,1857.73474,NA,NA,NA,NA,NA,NA,NA,NA,NA,-611.14099,505.30197,2129.51489,-248.05099,490.6666,2217.23584,NA,NA,NA,NA,NA,NA
245,2.44,NA,NA,NA,NA,NA,NA,NA,NA,NA,NA,NA,NA,NA,NA,NA,-241.57056,1310.60522,2114.85522,NA,NA,NA,NA,NA,NA,NA,NA,NA,NA,NA,NA,NA,NA,NA,-205.53355,942.31256,1852.45068,NA,NA,NA,NA,NA,NA,NA,NA,NA,-614.30646,504.98215,2124.34985,-248.43971,491.6796,2204.16431,NA,NA,NA,NA,NA,NA
246,2.45,NA,NA,NA,NA,NA,NA,NA,NA,NA,NA,NA,NA,NA,NA,NA,-245.93666,1311.4668,2108.78564,NA,NA,NA,NA,NA,NA,NA,NA,NA,-158.7739,1047.55701,2091.77441,NA,NA,NA,-206.31046,942.82733,1851.28857,NA,NA,NA,NA,NA,NA,NA,NA,NA,-617.59613,504.18823,2120.02246,-248.3829,492.13547,2192.04932,NA,NA,NA,NA,NA,NA
247,2.46,NA,NA,NA,NA,NA,NA,NA,NA,NA,NA,NA,NA,NA,NA,NA,-250.41194,1312.47913,2103.4209,NA,NA,NA,NA,NA,NA,NA,NA,NA,-161.4299,1049.19958,2089.11182,NA,NA,NA,-207.63803,943.39636,1847.08765,NA,NA,NA,NA,NA,NA,NA,NA,NA,-620.46625,503.03635,2116.14355,-249.08922,493.09018,2178.11279,NA,NA,NA,NA,NA,NA
248,2.47,NA,NA,NA,NA,NA,NA,NA,NA,NA,NA,NA,NA,NA,NA,NA,-253.92297,1313.20325,2098.76758,NA,NA,NA,NA,NA,NA,NA,NA,NA,-164.86717,1048.76062,2082.5061,NA,NA,NA,-208.55539,942.25281,1843.03955,NA,NA,NA,NA,NA,NA,NA,NA,NA,-623.00104,502.13654,2113.47363,-249.02362,494.02142,2165.0022,NA,NA,NA,NA,NA,NA
249,2.48,NA,NA,NA,NA,NA,NA,NA,NA,NA,NA,NA,NA,NA,NA,NA,-257.79758,1313.68994,2094.42871,NA,NA,NA,NA,NA,NA,NA,NA,NA,-167.89571,1048.57227,2077.62671,NA,NA,NA,-209.39793,941.9245,1838.70862,NA,NA,NA,NA,NA,NA,NA,NA,NA,-624.80609,500.88046,2110.43066,-248.18919,494.17099,2152.41797,NA,NA,NA,NA,NA,NA
250,2.49,NA,NA,NA,NA,NA,NA,NA,NA,NA,NA,NA,NA,NA,NA,NA,-261.44733,1313.98596,2089.3252,NA,NA,NA,NA,NA,NA,NA,NA,NA,-170.99989,1049.1145,2072.56616,NA,NA,NA,-210.74582,941.65302,1834.79053,NA,NA,NA,NA,NA,NA,NA,NA,NA,-626.65234,499.5322,2108.55103,-248.71416,495.3092,2137.91089,NA,NA,NA,-581.01392,126.8662,2128.27148
251,2.5,NA,NA,NA,NA,NA,NA,NA,NA,NA,NA,NA,NA,NA,NA,NA,-265.13007,1313.92944,2084.23486,NA,NA,NA,NA,NA,NA,NA,NA,NA,-174.15492,1048.25891,2067.07813,NA,NA,NA,-211.10284,942.67877,1831.53516,NA,NA,NA,NA,NA,NA,NA,NA,NA,-628.01318,498.67963,2106.47144,-248.62944,496.74054,2125.10498,NA,NA,NA,-580.94989,127.60624,2127.34473
252,2.51,NA,NA,NA,NA,NA,NA,NA,NA,NA,NA,NA,NA,NA,NA,NA,-268.69812,1314.17444,2079.71753,NA,NA,NA,NA,NA,NA,NA,NA,NA,-177.31177,1049.05737,2063.88306,NA,NA,NA,-212.26054,942.45569,1829.01062,NA,NA,NA,NA,NA,NA,NA,NA,NA,-629.12982,497.57053,2104.09473,-249.27264,498.12015,2113.17017,NA,NA,NA,-580.16608,125.81971,2126.38159
253,2.52,NA,NA,NA,NA,NA,NA,NA,NA,NA,NA,NA,NA,NA,NA,NA,-271.43167,1314.44189,2074.85181,NA,NA,NA,NA,NA,NA,NA,NA,NA,-179.38293,1048.98596,2059.2002,NA,NA,NA,-214.01657,941.85736,1824.09485,NA,NA,NA,NA,NA,NA,NA,NA,NA,-630.49915,496.69833,2103.35669,-250.37581,499.633,2099.08984,NA,NA,NA,-580.09662,125.8678,2126.56128
254,2.53,NA,NA,NA,NA,NA,NA,NA,NA,NA,NA,NA,NA,NA,NA,NA,-274.2793,1314.22839,2071.15894,NA,NA,NA,NA,NA,NA,NA,NA,NA,-182.72501,1049.40613,2056.81592,NA,NA,NA,-215.38866,941.13904,1820.57544,NA,NA,NA,NA,NA,NA,NA,NA,NA,-632.01184,496.21188,2100.84888,-252.28391,501.06256,2085.46069,NA,NA,NA,-579.99109,126.18054,2126.25708
255,2.54,NA,NA,NA,NA,NA,NA,NA,NA,NA,NA,NA,NA,NA,NA,NA,-276.9718,1314.60706,2066.52173,NA,NA,NA,NA,NA,NA,NA,NA,NA,-185.26604,1048.79883,2053.12769,NA,NA,NA,-216.35768,941.79413,1818.82568,NA,NA,NA,NA,NA,NA,NA,NA,NA,-633.31073,495.59732,2099.28564,-253.40242,502.87061,2073.52979,NA,NA,NA,-579.93164,126.22684,2126.40845
256,2.55,NA,NA,NA,NA,NA,NA,NA,NA,NA,NA,NA,NA,NA,NA,NA,-280.07111,1314.56799,2062.62671,NA,NA,NA,NA,NA,NA,NA,NA,NA,-188.40536,1048.7113,2050.00024,NA,NA,NA,-217.6615,941.50665,1814.2511,NA,NA,NA,NA,NA,NA,NA,NA,NA,-635.42969,495.0834,2096.14063,-256.23712,504.38632,2060.19775,NA,NA,NA,-579.73438,125.85389,2125.74902
257,2.56,NA,NA,NA,NA,NA,NA,NA,NA,NA,NA,NA,NA,NA,NA,NA,-282.19083,1314.8999,2057.99731,NA,NA,NA,NA,NA,NA,NA,NA,NA,-190.90642,1047.85083,2046.5741,NA,NA,NA,-219.12674,941.22363,1812.52124,NA,NA,NA,NA,NA,NA,NA,NA,NA,-637.09766,494.43271,2094.52173,-258.27948,506.16684,2047.56213,NA,NA,NA,-579.47754,124.77715,2125.0481
258,2.57,NA,NA,NA,NA,NA,NA,NA,NA,NA,NA,NA,NA,NA,NA,NA,-284.80237,1315.03357,2054.54712,NA,NA,NA,NA,NA,NA,NA,NA,NA,-193.67754,1048.01428,2043.76758,NA,NA,NA,-220.48122,941.14221,1810.41614,NA,NA,NA,NA,NA,NA,NA,NA,NA,-639.01575,494.18829,2092.06714,-260.07507,507.95419,2036.32935,NA,NA,NA,-579.56281,124.634,2124.87061
259,2.58,NA,NA,NA,NA,NA,NA,NA,NA,NA,NA,NA,NA,NA,NA,NA,-287.16354,1315.28149,2049.98926,NA,NA,NA,NA,NA,NA,NA,NA,NA,-196.48982,1048.68066,2040.84497,NA,NA,NA,-221.9283,940.0882,1808.47217,NA,NA,NA,NA,NA,NA,NA,NA,NA,-640.66437,493.76541,2090.46924,-263.43127,509.03964,2023.43372,NA,NA,NA,-579.62,124.57294,2124.73364
260,2.59,NA,NA,NA,NA,NA,NA,NA,NA,NA,NA,NA,NA,NA,NA,NA,-289.23749,1315.39209,2044.92126,NA,NA,NA,NA,NA,NA,NA,NA,NA,-198.97185,1048.12,2037.8396,NA,NA,NA,-222.99884,938.7951,1804.73267,NA,NA,NA,NA,NA,NA,NA,NA,NA,-642.297,493.8147,2088.68774,-266.57681,510.82465,2011.75195,NA,NA,NA,-579.38348,123.87166,2123.99121
261,2.6,NA,NA,NA,NA,NA,NA,NA,NA,NA,NA,NA,NA,NA,NA,NA,-291.95819,1315.8645,2040.9231,NA,NA,NA,NA,NA,NA,NA,NA,NA,-202.13272,1049.26099,2036.35962,NA,NA,NA,-224.35989,940.15955,1803.16797,NA,NA,NA,NA,NA,NA,NA,NA,NA,-643.38037,493.92859,2086.53857,-269.50278,513.09387,2002.26086,NA,NA,NA,-579.43335,123.81628,2123.8728
262,2.61,NA,NA,NA,NA,NA,NA,NA,NA,NA,NA,NA,NA,NA,NA,NA,-294.36206,1316.05249,2035.31677,NA,NA,NA,NA,NA,NA,NA,NA,NA,-204.60582,1048.97217,2032.75891,NA,NA,NA,-226.90509,939.74164,1799.71021,NA,NA,NA,NA,NA,NA,NA,NA,NA,-644.38757,493.80344,2085.0105,-273.4303,515.76434,1990.60156,NA,NA,NA,-579.75568,124.57199,2124.20068
263,2.62,NA,NA,NA,NA,NA,NA,NA,NA,NA,NA,NA,NA,NA,NA,NA,-296.3511,1316.38562,2029.99951,NA,NA,NA,NA,NA,NA,NA,NA,NA,-207.4626,1048.5968,2029.89319,NA,NA,NA,-227.76855,938.06268,1796.82654,NA,NA,NA,NA,NA,NA,NA,NA,NA,-645.11279,493.80466,2081.73608,-277.77866,518.55621,1978.87817,NA,NA,NA,-579.75146,124.61669,2124.18994
264,2.63,NA,NA,NA,NA,NA,NA,NA,NA,NA,NA,NA,NA,NA,NA,NA,-299.29642,1317.01721,2026.40259,NA,NA,NA,NA,NA,NA,NA,NA,NA,-209.55522,1049.04993,2026.64307,NA,NA,NA,-229.46471,938.3233,1794.3584,NA,NA,NA,NA,NA,NA,NA,NA,NA,-645.23779,493.8324,2079.60864,-281.32468,519.67352,1971.73901,NA,NA,NA,-579.43695,123.92137,2123.80762
265,2.64,NA,NA,NA,NA,NA,NA,NA,NA,NA,NA,NA,NA,NA,NA,NA,-301.00406,1317.276,2020.97144,NA,NA,NA,NA,NA,NA,NA,NA,NA,-211.72208,1049.33203,2024.57666,NA,NA,NA,-230.4001,936.74207,1789.05237,NA,NA,NA,NA,NA,NA,NA,NA,NA,-645.45929,493.5192,2078.48462,-285.75671,522.20148,1960.92163,NA,NA,NA,-579.35468,124.12189,2123.94629
266,2.65,NA,NA,NA,NA,NA,NA,NA,NA,NA,NA,NA,NA,NA,NA,NA,-303.24966,1317.5697,2015.83459,NA,NA,NA,NA,NA,NA,NA,NA,NA,-213.80112,1049.30981,2020.55359,NA,NA,NA,-230.37178,937.05029,1788.74231,NA,NA,NA,NA,NA,NA,NA,NA,NA,-645.71649,493.3129,2076.99316,-290.40607,524.15222,1952.17798,NA,NA,NA,-578.94312,123.92205,2122.98682
267,2.66,NA,NA,NA,NA,NA,NA,NA,NA,NA,NA,NA,NA,NA,NA,NA,-304.92633,1317.56873,2010.86121,NA,NA,NA,NA,NA,NA,NA,NA,NA,-216.24323,1049.93018,2018.29626,NA,NA,NA,-232.26762,937.20544,1785.43616,NA,NA,NA,NA,NA,NA,NA,NA,NA,-645.96002,493.07364,2075.41235,-294.23944,525.85712,1944.9884,NA,NA,NA,-578.84967,124.08212,2123.17969
268,2.67,NA,NA,NA,NA,NA,NA,NA,NA,NA,NA,NA,NA,NA,NA,NA,-307.00211,1318.10266,2006.1864,NA,NA,NA,NA,NA,NA,NA,NA,NA,-217.7798,1049.80432,2015.61841,NA,NA,NA,-232.23846,937.78229,1783.60999,NA,NA,NA,NA,NA,NA,NA,NA,NA,-646.12799,492.96158,2072.86182,-299.569,527.45667,1935.89807,NA,NA,NA,-578.78662,124.70833,2123.2041
269,2.68,NA,NA,NA,NA,NA,NA,NA,NA,NA,NA,NA,NA,NA,NA,NA,-309.20602,1318.01685,2001.26184,NA,NA,NA,NA,NA,NA,NA,NA,NA,-219.72408,1049.80945,2011.04395,NA,NA,NA,-232.65781,935.80585,1778.8252,NA,NA,NA,NA,NA,NA,NA,NA,NA,-646.41235,492.96704,2070.63208,-303.21811,528.61603,1930.18738,NA,NA,NA,-578.89429,125.41209,2123.42676
270,2.69,NA,NA,NA,NA,NA,NA,NA,NA,NA,NA,NA,NA,NA,NA,NA,-311.2648,1318.01489,1996.59839,NA,NA,NA,NA,NA,NA,NA,NA,NA,-220.55762,1049.45581,2006.65051,NA,NA,NA,-232.64481,935.36151,1775.94568,NA,NA,NA,NA,NA,NA,NA,NA,NA,-646.45715,492.55109,2068.87524,-308.21072,529.02527,1920.14783,NA,NA,NA,-578.83679,125.51865,2123.54126
271,2.7,NA,NA,NA,NA,NA,NA,NA,NA,NA,NA,NA,NA,NA,NA,NA,-313.40601,1318.17041,1990.91687,NA,NA,NA,NA,NA,NA,NA,NA,NA,-222.18483,1050.3667,2004.11279,NA,NA,NA,-232.06561,936.10895,1772.27625,NA,NA,NA,NA,NA,NA,NA,NA,NA,-646.5144,492.05933,2066.77832,-312.05051,529.7359,1915.36377,NA,NA,NA,-578.76245,125.68721,2123.6731
272,2.71,NA,NA,NA,NA,NA,NA,NA,NA,NA,NA,NA,NA,NA,NA,NA,-314.54211,1318.78015,1987.83081,NA,NA,NA,NA,NA,NA,NA,NA,NA,-223.5761,1049.50574,1999.0979,NA,NA,NA,-232.37051,935.96155,1769.05798,NA,NA,NA,NA,NA,NA,NA,NA,NA,-646.68427,491.43997,2064.51782,-316.43365,529.87769,1908.79736,NA,NA,NA,-578.685,125.83466,2123.82495
273,2.72,NA,NA,NA,NA,NA,NA,NA,NA,NA,NA,NA,NA,NA,NA,NA,-316.17078,1318.53064,1982.45068,NA,NA,NA,NA,NA,NA,NA,NA,NA,-224.81201,1049.70227,1996.15833,NA,NA,NA,-232.2877,935.10986,1764.05688,NA,NA,NA,NA,NA,NA,NA,NA,NA,-646.63983,491.06067,2062.27734,-320.40396,529.67706,1903.28845,NA,NA,NA,-578.42944,125.71065,2123.37549
274,2.73,NA,NA,NA,NA,NA,NA,NA,NA,NA,NA,NA,NA,NA,NA,NA,-318.02386,1317.9707,1977.37744,NA,NA,NA,NA,NA,NA,NA,NA,NA,-226.19365,1049.57227,1991.33447,NA,NA,NA,-231.41179,934.65375,1759.98706,NA,NA,NA,NA,NA,NA,NA,NA,NA,-646.67615,490.50504,2060.19946,-324.61304,529.21814,1896.07349,NA,NA,NA,-578.34393,125.91397,2123.52222
275,2.74,NA,NA,NA,NA,NA,NA,NA,NA,NA,NA,NA,NA,NA,NA,NA,-319.38181,1317.46338,1971.64172,NA,NA,NA,NA,NA,NA,NA,NA,NA,-226.71713,1049.02026,1986.45117,NA,NA,NA,-230.59363,935.57654,1756.82275,NA,NA,NA,NA,NA,NA,NA,NA,NA,-646.66681,489.88156,2057.53271,-328.16544,528.28485,1892.0686,NA,NA,NA,-578.25671,126.13458,2123.66504
276,2.75,NA,NA,NA,NA,NA,NA,NA,NA,NA,NA,NA,NA,NA,NA,NA,-320.82162,1317.04785,1966.89929,NA,NA,NA,NA,NA,NA,NA,NA,NA,-227.43806,1048.90808,1982.20532,NA,NA,NA,-230.59453,934.42059,1750.93188,NA,NA,NA,NA,NA,NA,NA,NA,NA,-646.85901,489.20151,2055.01733,-331.74832,527.29834,1887.46228,NA,NA,NA,-578.16705,126.32925,2123.29785
277,2.76,NA,NA,NA,NA,NA,NA,NA,NA,NA,NA,NA,NA,NA,NA,NA,-322.2847,1316.5791,1960.61963,NA,NA,NA,NA,NA,NA,NA,NA,NA,-228.34659,1047.84705,1976.42822,NA,NA,NA,-229.08664,934.50751,1746.86169,NA,NA,NA,NA,NA,NA,NA,NA,NA,-647.33514,488.97235,2051.51221,-334.74185,525.98901,1882.38684,NA,NA,NA,-578.18628,126.36814,2123.2207
278,2.77,NA,NA,NA,NA,NA,NA,NA,NA,NA,NA,NA,NA,NA,NA,NA,-323.80768,1315.61707,1955.20642,NA,NA,NA,NA,NA,NA,NA,NA,NA,-228.87498,1048.70178,1972.80908,NA,NA,NA,-228.07976,934.95764,1742.79712,NA,NA,NA,NA,NA,NA,NA,NA,NA,-648.11346,488.49796,2048.75195,-337.55743,524.39349,1877.35291,NA,NA,NA,-578.4386,126.82986,2123.14087
279,2.78,NA,NA,NA,NA,NA,NA,NA,NA,NA,NA,NA,NA,NA,NA,NA,-324.78827,1315.36389,1949.03333,NA,NA,NA,NA,NA,NA,NA,NA,NA,-229.78378,1047.63452,1967.22278,NA,NA,NA,-227.19653,935.01941,1737.56018,NA,NA,NA,NA,NA,NA,NA,NA,NA,-649.0799,487.45117,2045.73975,-339.33743,522.86334,1875.84436,NA,NA,NA,-578.52509,126.74721,2122.92798
280,2.79,-701.36182,1312.20581,1998.57031,NA,NA,NA,NA,NA,NA,NA,NA,NA,NA,NA,NA,-325.8847,1314.46179,1943.42029,NA,NA,NA,NA,NA,NA,NA,NA,NA,-230.25705,1047.50366,1962.27869,NA,NA,NA,-225.98097,933.4812,1731.18323,-614.08496,917.63654,1874.72607,NA,NA,NA,NA,NA,NA,-650.22961,486.67517,2042.44995,-341.58496,520.51892,1871.69702,NA,NA,NA,-578.59381,126.68072,2122.75952
281,2.8,-702.44989,1310.82922,1992.08167,NA,NA,NA,NA,NA,NA,NA,NA,NA,NA,NA,NA,-327.19324,1313.82275,1937.33459,NA,NA,NA,NA,NA,NA,NA,NA,NA,-230.80373,1047.14514,1957.7926,NA,NA,NA,-225.1958,934.18738,1727.05847,-615.21405,917.68628,1866.7063,NA,NA,NA,NA,NA,NA,-651.09814,485.8595,2040.02136,-343.10455,519.29907,1866.99121,NA,NA,NA,-578.6897,126.54704,2122.54565
282,2.81,-703.40259,1309.54395,1985.82251,NA,NA,NA,NA,NA,NA,NA,NA,NA,NA,NA,NA,-328.2229,1313.02844,1931.53064,NA,NA,NA,NA,NA,NA,NA,NA,NA,-231.23901,1046.06995,1951.35083,NA,NA,NA,-224.1424,933.82233,1720.88928,-616.487,915.61847,1867.08264,NA,NA,NA,NA,NA,NA,-652.01624,484.96545,2036.16724,-344.49252,517.87762,1862.94629,NA,NA,NA,-578.77222,126.44982,2122.35229
283,2.82,-704.09875,1308.42969,1979.95898,NA,NA,NA,NA,NA,NA,NA,NA,NA,NA,NA,NA,-329.03043,1312.17346,1925.48572,NA,NA,NA,NA,NA,NA,NA,NA,NA,-231.61351,1046.57422,1947.2915,NA,NA,NA,-222.93155,934.46912,1715.28809,-617.65759,914.59705,1861.4978,NA,NA,NA,NA,NA,NA,-652.99341,484.11826,2032.9043,-346.35919,516.14844,1857.4165,NA,NA,NA,-578.91302,126.28386,2122.02271
284,2.83,-704.88666,1307.13037,1972.86414,NA,NA,NA,NA,NA,NA,NA,NA,NA,NA,NA,NA,-329.58566,1311.11646,1918.11145,NA,NA,NA,NA,NA,NA,NA,NA,NA,-232.60773,1045.35632,1942.00476,NA,NA,NA,-221.8804,934.75916,1709.75293,-618.89252,914.85809,1853.6228,NA,NA,NA,NA,NA,NA,-654.15906,483.69803,2028.54102,-347.23401,514.89063,1851.54651,NA,NA,NA,-578.99866,126.65969,2121.14478
285,2.84,-705.74194,1306.34546,1966.46155,NA,NA,NA,NA,NA,NA,NA,NA,NA,NA,NA,NA,-330.37881,1310.21265,1911.83594,NA,NA,NA,NA,NA,NA,NA,NA,NA,-231.89319,1044.36157,1935.33118,NA,NA,NA,-220.17201,933.40887,1702.87988,-619.91351,913.10107,1850.24915,NA,NA,NA,NA,NA,NA,-654.77551,482.64874,2024.44617,-348.81155,513.73615,1846.52551,NA,NA,NA,-579.2019,126.92117,2120.63721
286,2.85,-706.20953,1304.86353,1960.64844,NA,NA,NA,NA,NA,NA,NA,NA,NA,NA,NA,NA,-330.78152,1308.89331,1905.65515,NA,NA,NA,NA,NA,NA,NA,NA,NA,-232.34117,1043.17126,1929.76013,NA,NA,NA,-218.87106,933.60895,1698.49084,-620.8139,912.59186,1842.65112,NA,NA,NA,NA,NA,NA,-655.67688,481.78027,2020.39734,-349.59106,512.04089,1840.66516,NA,NA,NA,-579.27405,126.86112,2120.45532
287,2.86,-706.60278,1304.02612,1954.10022,NA,NA,NA,NA,NA,NA,NA,NA,NA,NA,NA,NA,-331.21997,1307.90527,1900.24072,NA,NA,NA,NA,NA,NA,NA,NA,NA,-232.85307,1042.66943,1924.19739,NA,NA,NA,-217.71617,934.05481,1691.52588,-621.7522,911.3501,1838.55457,NA,NA,NA,NA,NA,NA,-656.32477,480.88492,2016.73169,-351.40234,510.90582,1834.04346,NA,NA,NA,-579.30383,127.11037,2119.75366
288,2.87,-706.62823,1302.79077,1947.41431,NA,NA,NA,NA,NA,NA,NA,NA,NA,NA,NA,NA,-331.30005,1306.43921,1892.86414,NA,NA,NA,NA,NA,NA,NA,NA,NA,-232.58138,1041.19751,1917.7627,NA,NA,NA,-215.66037,933.17401,1685.22852,-622.86578,909.97888,1831.85596,NA,NA,NA,NA,NA,NA,-657.17004,480.03464,2011.52637,-353.66495,509.37943,1825.83972,NA,NA,NA,-579.25305,127.2741,2119.25488
289,2.88,-706.67737,1302.08313,1940.69678,NA,NA,NA,NA,NA,NA,NA,NA,NA,NA,NA,NA,-331.57663,1305.4342,1887.14551,NA,NA,NA,NA,NA,NA,NA,NA,NA,-232.97603,1039.29846,1911.1012,NA,NA,NA,-214.22673,934.06763,1679.25806,-623.89563,908.4693,1826.47241,NA,NA,NA,NA,NA,NA,-657.90619,479.7814,2007.11548,-354.98483,508.54535,1818.76575,NA,NA,NA,-579.36597,127.66161,2118.50781
290,2.89,-706.79309,1301.06653,1934.41187,NA,NA,NA,NA,NA,NA,NA,NA,NA,NA,NA,NA,-331.39035,1303.92346,1880.2937,NA,NA,NA,NA,NA,NA,NA,NA,NA,-232.46091,1038.33911,1905.25427,NA,NA,NA,-213.74742,932.64063,1670.63831,-624.64172,908.48865,1816.71252,NA,NA,NA,NA,NA,NA,-658.71472,478.7681,2002.92419,-357.28308,508.26382,1810.30176,NA,NA,NA,-579.52533,127.55247,2118.09302
291,2.9,-706.48883,1300.17004,1927.66541,NA,NA,NA,NA,NA,NA,NA,NA,NA,NA,NA,NA,-331.41635,1302.93652,1873.37305,NA,NA,NA,NA,NA,NA,NA,NA,NA,-233.13664,1037.51563,1899.0083,NA,NA,NA,-211.63823,933.98651,1666.17834,-625.30219,907.79828,1808.90381,NA,NA,NA,NA,NA,NA,-658.97772,478.05618,1997.90125,-358.88266,507.85623,1801.21582,NA,NA,NA,-579.42297,128.40666,2117.52222
292,2.91,-706.3504,1299.80371,1920.43689,NA,NA,NA,NA,NA,NA,NA,NA,NA,NA,NA,NA,-330.93631,1301.16968,1867.17944,NA,NA,NA,NA,NA,NA,NA,NA,NA,-232.75334,1035.55225,1891.41565,NA,NA,NA,-210.89973,933.73743,1657.43372,-626.20624,905.6438,1803.7832,NA,NA,NA,NA,NA,NA,-659.26459,477.46365,1992.69275,-360.88333,507.5145,1792.18799,NA,NA,NA,-579.07654,129.21458,2116.51294
293,2.92,-706.10443,1298.92578,1914.02539,NA,NA,NA,NA,NA,NA,NA,NA,NA,NA,NA,NA,-330.61392,1299.9895,1860.27759,NA,NA,NA,NA,NA,NA,NA,NA,NA,-233.13562,1034.32263,1886.09949,NA,NA,NA,-209.58957,933.31256,1652.50378,-627.43164,904.43433,1798.0238,NA,NA,NA,NA,NA,NA,-659.71716,476.67548,1987.95703,-363.37128,507.30734,1782.41077,NA,NA,NA,-579.43433,130.60913,2116.99634
294,2.93,-705.69733,1298.25464,1907.57007,NA,NA,NA,NA,NA,NA,NA,NA,NA,NA,NA,NA,-330.33588,1298.45801,1854.755,NA,NA,NA,NA,NA,NA,NA,NA,NA,-232.90445,1032.02209,1878.05481,NA,NA,NA,-208.37964,933.95392,1645.4071,-628.36121,904.64917,1790.80786,NA,NA,NA,NA,NA,NA,-659.81085,476.12418,1983.69592,-365.62183,506.61816,1772.73376,NA,NA,NA,-579.82666,131.96613,2116.38159
295,2.94,-705.29285,1298.11621,1900.05127,NA,NA,NA,NA,NA,NA,NA,NA,NA,NA,NA,NA,-329.63434,1297.35461,1847.33154,NA,NA,NA,NA,NA,NA,NA,NA,NA,-233.27972,1030.88745,1872.6908,NA,NA,NA,-207.4348,933.3208,1637.13525,-629.14282,904.03033,1781.69543,NA,NA,NA,NA,NA,NA,-659.89545,476.01636,1977.72742,-367.90979,506.07095,1761.78625,NA,NA,NA,-579.50684,132.73596,2115.04883
296,2.95,-704.9176,1297.36438,1894.19128,NA,NA,NA,NA,NA,NA,NA,NA,NA,NA,NA,NA,-328.71622,1295.80298,1841.51453,NA,NA,NA,NA,NA,NA,NA,NA,NA,-232.74274,1029.43823,1865.24841,NA,NA,NA,-207.53769,933.78809,1629.80005,-630.03058,904.65472,1771.68188,NA,NA,NA,NA,NA,NA,-660.20367,475.19827,1973.65393,-369.52884,505.08749,1754.17371,NA,NA,NA,-579.5188,134.72758,2115.37354
297,2.96,-704.23163,1297.30029,1885.22998,NA,NA,NA,NA,NA,NA,NA,NA,NA,NA,NA,NA,-327.85913,1294.81189,1833.30469,NA,NA,NA,NA,NA,NA,NA,NA,NA,-233.64516,1027.59631,1858.3512,NA,NA,NA,-205.90509,932.67255,1621.35815,-631.36035,903.58533,1767.5238,NA,NA,NA,NA,NA,NA,-660.23682,475.42041,1968.2583,-371.63324,503.62476,1743.48962,NA,NA,NA,-579.14862,135.5038,2113.89307
298,2.97,-703.68884,1297.09204,1880.11865,NA,NA,NA,NA,NA,NA,NA,NA,NA,NA,NA,NA,-327.35043,1293.26184,1828.04309,NA,NA,NA,NA,NA,NA,NA,NA,NA,-232.81831,1026.27466,1851.30188,NA,NA,NA,-204.47311,933.0863,1615.56799,-632.07819,903.53625,1757.06287,NA,NA,NA,NA,NA,NA,-660.57861,475.20749,1963.75256,-373.50781,501.52475,1733.46045,NA,NA,NA,-579.61267,137.68213,2113.39868
299,2.98,-703.07361,1297.04675,1871.58093,NA,NA,NA,NA,NA,NA,NA,NA,NA,NA,NA,NA,-326.5459,1292.25793,1821.1709,NA,NA,NA,NA,NA,NA,NA,NA,NA,-233.64287,1024.29492,1845.20959,NA,NA,NA,-204.10199,932.69287,1607.58264,-632.78882,904.09442,1748.80591,NA,NA,NA,NA,NA,NA,-660.87476,474.79526,1958.41138,-375.01868,500.20929,1726.38232,NA,NA,NA,-579.41083,138.97318,2112.22217
300,2.99,-702.37775,1296.66968,1865.23633,NA,NA,NA,NA,NA,NA,NA,NA,NA,NA,NA,NA,-325.49823,1290.91248,1813.61475,NA,NA,NA,NA,NA,NA,NA,NA,NA,-233.39345,1022.17322,1836.38855,NA,NA,NA,-202.52098,932.73669,1599.83789,-633.49268,904.26819,1742.23572,NA,NA,NA,NA,NA,NA,-661.46228,475.04614,1952.67383,-376.42657,498.16101,1719.02356,NA,NA,NA,-579.60333,141.46658,2110.98145
301,3,-701.55408,1296.97412,1857.58472,NA,NA,NA,NA,NA,NA,NA,NA,NA,NA,NA,NA,-324.34244,1289.83447,1806.59021,NA,NA,NA,NA,NA,NA,NA,NA,NA,-233.26842,1021.58643,1831.44324,NA,NA,NA,-201.95572,931.68732,1592.22522,-633.90594,904.13373,1731.36072,NA,NA,NA,NA,NA,NA,-661.966,475.12598,1946.94287,-377.22556,496.07449,1712.04102,NA,NA,NA,-580.08228,143.25049,2108.74194
302,3.01,-700.79156,1296.91748,1850.53967,NA,NA,NA,NA,NA,NA,NA,NA,NA,NA,NA,NA,-323.45251,1288.55798,1800.07288,NA,NA,NA,NA,NA,NA,NA,NA,NA,-233.37067,1019.89655,1823.21838,NA,NA,NA,-201.16208,931.04547,1585.23645,-634.539,905.33295,1722.66394,NA,NA,NA,-488.03488,925.05469,2017.32056,-663.07629,474.97806,1940.52136,-377.51395,493.9097,1703.60522,NA,NA,NA,-581.30353,146.89532,2108.86255
303,3.02,-699.78448,1297.1731,1842.83984,NA,NA,NA,NA,NA,NA,NA,NA,NA,NA,NA,NA,-322.58771,1287.75952,1793.13416,NA,NA,NA,NA,NA,NA,NA,NA,NA,-233.67668,1018.8468,1815.32532,NA,NA,NA,-200.4361,931.11481,1577.12122,-635.03973,906.26678,1713.83679,NA,NA,NA,-487.46768,923.89069,2007.12402,-664.34235,475.63333,1932.42566,-377.49231,492.62146,1698.53589,NA,NA,NA,-581.66473,149.42407,2106.33252
304,3.03,-699.24402,1297.27686,1835.62317,NA,NA,NA,NA,NA,NA,NA,NA,NA,NA,NA,NA,-322.03967,1287.30347,1784.28955,NA,NA,NA,NA,NA,NA,NA,NA,NA,-232.85789,1017.76099,1808.59521,NA,NA,NA,-200.34097,930.49738,1568.82507,-635.10199,906.63977,1705.36804,NA,NA,NA,-486.46454,923.58929,1998.21521,-665.45026,475.68283,1925.23279,-376.33871,491.61359,1692.15845,NA,NA,NA,-583.01831,153.06725,2104.35278
305,3.04,-698.21851,1297.74915,1827.73267,NA,NA,NA,NA,NA,NA,NA,NA,NA,NA,NA,NA,-321.10727,1286.71362,1776.7854,NA,NA,NA,NA,NA,NA,NA,NA,NA,-233.5511,1017.38123,1801.21875,NA,NA,NA,-199.27567,930.35571,1561.68372,-634.8916,907.7851,1694.55249,NA,NA,NA,-485.87659,923.76044,1988.51453,-666.88818,475.52744,1916.63379,-376.08331,491.0336,1684.96533,NA,NA,NA,-583.3891,155.61761,2099.84741
306,3.05,-697.76862,1298.36853,1820.07251,NA,NA,NA,NA,NA,NA,NA,NA,NA,NA,NA,NA,-320.30347,1286.28882,1769.03662,NA,NA,NA,NA,NA,NA,NA,NA,NA,-232.9942,1015.72534,1791.58069,NA,NA,NA,-199.79564,928.44562,1553.85352,-634.68939,907.83197,1686.03638,NA,NA,NA,-485.22598,922.56287,1978.38977,-669.2085,475.93295,1907.06812,-374.67114,491.15323,1677.18713,NA,NA,NA,-585.02112,161.18135,2098.2478
307,3.06,-697.15594,1299.10596,1813.61316,NA,NA,NA,NA,NA,NA,NA,NA,NA,NA,NA,NA,-319.49451,1286.25208,1761.46472,NA,NA,NA,NA,NA,NA,NA,NA,NA,-232.81555,1016.46283,1785.73755,NA,NA,NA,-197.65965,928.16718,1546.05701,-634.14551,908.23468,1677.16882,NA,NA,NA,-484.45831,922.80731,1970.38354,-670.82568,475.90112,1895.85156,-374.15369,491.60321,1669.91272,NA,NA,NA,-586.05969,164.6214,2092.7688
308,3.07,-696.59668,1300.33765,1804.4845,NA,NA,NA,NA,NA,NA,NA,NA,NA,NA,NA,NA,-319.1904,1286.42676,1753.5061,NA,NA,NA,NA,NA,NA,NA,NA,NA,-232.60612,1015.90393,1776.46936,NA,NA,NA,-197.52849,927.94086,1538.31311,-633.68011,909.578,1667.88733,NA,NA,NA,-484.12152,924.27466,1962.30823,-673.66608,476.15482,1884.77222,-373.53702,492.28281,1662.51733,NA,NA,NA,-587.2572,168.55203,2087.10107
309,3.08,-696.14331,1301.39307,1797.87683,NA,NA,NA,NA,NA,NA,NA,NA,NA,NA,NA,NA,-318.71591,1286.797,1744.20886,NA,NA,NA,NA,NA,NA,NA,NA,NA,-233.38988,1016.64862,1769.27515,NA,NA,NA,-197.39482,926.52069,1530.5957,-632.93335,910.35675,1659.79138,NA,NA,NA,-483.34393,924.01221,1953.05066,-676.54022,475.59888,1871.67664,-373.86713,492.34891,1655.35254,NA,NA,NA,-589.83606,173.74153,2082.54126
310,3.09,-695.98438,1302.46777,1790.56738,-753.01892,922.25159,1530.09314,NA,NA,NA,NA,NA,NA,NA,NA,NA,-318.5253,1287.60779,1735.83984,NA,NA,NA,NA,NA,NA,NA,NA,NA,-232.40848,1017.66302,1760.62598,NA,NA,NA,-196.85359,926.1676,1522.70813,-632.09784,910.98383,1650.66882,NA,NA,NA,-482.34036,923.9223,1944.96399,-679.88226,474.99152,1858.06873,-372.79593,493.78693,1647.20813,NA,NA,NA,-590.97736,178.49338,2074.66382
311,3.1,-695.57495,1303.77051,1783.03186,-754.67181,922.53949,1525.26526,NA,NA,NA,NA,NA,NA,NA,NA,NA,-318.71161,1288.15662,1728.35376,NA,NA,NA,NA,NA,NA,NA,NA,NA,-232.6241,1018.54498,1752.86267,NA,NA,NA,-196.96254,925.50616,1514.51965,-631.16058,913.04327,1641.89087,NA,NA,NA,-481.77957,923.88928,1935.49939,-683.64709,474.36697,1843.56067,-371.67352,494.034,1641.50049,NA,NA,NA,-592.89276,182.84644,2065.49243
312,3.11,-695.34448,1305.21484,1773.98315,-756.62903,923.26007,1518.87219,NA,NA,NA,NA,NA,NA,NA,NA,NA,-318.71442,1288.83459,1719.13818,NA,NA,NA,NA,NA,NA,NA,NA,NA,-232.65898,1018.61932,1743.51807,NA,NA,NA,-196.95129,925.15704,1506.96069,-630.12628,914.04352,1632.60181,NA,NA,NA,-481.58691,925.49677,1928.92786,-687.92047,473.45398,1828.30798,-371.08377,494.47067,1635.28064,NA,NA,NA,-595.56885,189.34282,2057.58301
313,3.12,-695.12781,1306.18506,1767.91528,-758.60309,923.73407,1512.72668,NA,NA,NA,NA,NA,NA,-259.65164,234.67694,80.91065,-319.06812,1289.73218,1710.24536,NA,NA,NA,NA,NA,NA,NA,NA,NA,-232.43979,1020.63623,1736.0061,NA,NA,NA,-196.55421,925.14832,1500.13403,-629.52563,915.01324,1626.4541,NA,NA,NA,-480.80252,925.20721,1920.2002,-692.26697,472.5332,1812.4165,-368.98236,495.86737,1628.21045,NA,NA,NA,-598.19684,194.34428,2046.38696
314,3.13,-695.18262,1307.11743,1760.26221,-760.3042,924.23175,1506.82446,NA,NA,NA,NA,NA,NA,-259.0838,235.28191,80.4353,-319.9404,1288.96765,1700.70264,NA,NA,NA,NA,NA,NA,NA,NA,NA,-231.72343,1021.68079,1727.63586,NA,NA,NA,-197.92885,923.96942,1492.05322,-628.5946,916.1347,1616.73413,NA,NA,NA,-480.79709,925.29254,1912.80249,-696.94342,471.51038,1795.31189,-366.96362,496.26971,1621.95337,NA,NA,NA,-602.75549,201.6788,2037.15601
315,3.14,-694.80194,1308.10107,1752.96533,-762.53491,924.73041,1500.30078,NA,NA,NA,NA,NA,NA,-259.0838,235.28191,80.4353,-319.62265,1291.53308,1693.58069,NA,NA,NA,NA,NA,NA,NA,NA,NA,-232.0752,1022.05652,1718.68042,NA,NA,NA,-197.82428,924.30524,1484.48645,-627.82874,916.71741,1610.16467,NA,NA,NA,-480.16312,925.96014,1906.29175,-701.60272,471.44882,1777.82385,-364.08243,495.13293,1616.09595,NA,NA,NA,-605.93726,207.01085,2024.31384
316,3.15,-695.11322,1308.48572,1746.31091,-764.37897,925.39435,1494.09082,NA,NA,NA,NA,NA,NA,-259.0838,235.28191,80.4353,-320.25574,1292.27661,1685.26294,NA,NA,NA,NA,NA,NA,NA,NA,NA,-231.01285,1022.95294,1710.21887,NA,NA,NA,-198.09059,924.39087,1476.36023,-626.69604,917.07281,1602.07654,NA,NA,NA,-479.89536,925.19788,1897.84863,-706.19482,471.28842,1760.5979,-360.82538,494.42438,1609.96692,-561.56049,291.75848,2113.78882,-609.82007,213.47124,2012.80188
317,3.16,-695.14026,1309.07629,1739.4812,-766.92963,925.72577,1489.17981,NA,NA,NA,NA,NA,NA,-259.65164,234.67694,80.91065,-320.64722,1292.755,1676.2395,NA,NA,NA,NA,NA,NA,-364.01212,146.06157,-0.23177,-230.93866,1024.80103,1702.69885,NA,NA,NA,-198.38318,924.46497,1468.54614,-626.01819,917.53937,1596.08508,NA,NA,NA,-478.63562,925.16608,1890.77722,-711.08905,471.15512,1743.79504,-356.77084,492.8685,1605.78589,-537.1618,249.74072,2035.65234,-613.57428,221.01111,1998.85754
318,3.17,-695.75635,1309.02136,1733.47278,-768.67706,926.1731,1481.70923,NA,NA,NA,NA,NA,NA,-259.0838,235.28191,80.4353,-321.47769,1293.56738,1667.6095,NA,NA,NA,NA,NA,NA,NA,NA,NA,-230.75818,1025.06201,1693.15112,NA,NA,NA,-198.88867,924.45538,1460.80554,-625.50275,917.2804,1589.81897,NA,NA,NA,-478.89554,925.3302,1883.78491,-714.88885,472.06287,1726.43652,-353.4158,490.80167,1602.27124,-542.3114,258.83258,2018.61548,-618.08514,226.83041,1985.03247
319,3.18,-695.88452,1309.39612,1727.03857,-770.91711,926.51208,1478.22498,NA,NA,NA,NA,NA,NA,-259.0838,235.28191,80.4353,-321.98874,1294.01782,1660.37073,NA,NA,NA,NA,NA,NA,NA,NA,NA,-230.49904,1026.0885,1686.78735,-364.01212,146.06157,-0.23177,-199.51831,924.63354,1453.24829,-625.06647,917.3125,1581.86938,NA,NA,NA,-477.68948,924.57642,1876.64941,-718.24939,473.54132,1710.78516,-350.21841,488.21039,1597.72058,-546.42621,264.47012,2000.62927,-622.57751,232.46823,1968.23962
320,3.19,-696.53619,1309.22937,1720.65662,NA,NA,NA,NA,NA,NA,NA,NA,NA,NA,NA,NA,-322.47562,1294.49353,1652.39563,NA,NA,NA,NA,NA,NA,NA,NA,NA,-229.86287,1026.6947,1677.34497,-380.19879,137.00786,9.55641,-200.35255,925.29968,1445.6134,-625.04742,917.11261,1574.8125,NA,NA,NA,-477.20895,924.18433,1867.95203,-721.56519,475.58929,1695.73621,-347.68359,486.90952,1592.89624,-548.20331,268.69116,1985.11304,-627.12061,237.04657,1953.42883
321,3.2,-696.98041,1308.79932,1716.05493,NA,NA,NA,NA,NA,NA,NA,NA,NA,NA,NA,NA,-323.48608,1295.30701,1644.29492,NA,NA,NA,NA,NA,NA,NA,NA,NA,-230.11165,1028.02429,1668.75696,-380.52487,137.46706,9.53235,-201.4735,924.78046,1436.74158,-625.20618,915.66364,1568.91724,NA,NA,NA,-477.17819,924.88293,1862.29138,-724.97491,478.34976,1680.26978,-345.42252,486.14716,1589.98767,-549.80658,269.94943,1971.44604,-630.18713,240.21587,1937.67529
322,3.21,-697.34656,1308.87927,1708.89136,-427.50793,913.59381,1523.97839,NA,NA,NA,NA,NA,NA,NA,NA,NA,-324.30121,1295.9364,1636.66614,NA,NA,NA,NA,NA,NA,-288.88626,228.29492,-59.6627,-229.57269,1028.84033,1662.01331,-379.58163,137.65851,9.07764,-202.30888,925.90674,1429.22766,-625.76276,915.68427,1562.58923,NA,NA,NA,-476.81625,924.53235,1853.77258,-728.03693,481.14963,1665.74915,-344.70166,485.44446,1589.04883,-551.54639,269.85806,1958.44666,-632.74078,243.60812,1923.50476
323,3.22,-697.70874,1308.55383,1703.03735,-427.77695,914.18811,1513.65906,NA,NA,NA,NA,NA,NA,-244.59386,242.97012,71.18593,-324.92578,1296.72424,1629.28455,NA,NA,NA,NA,NA,NA,-291.2254,228.24306,-59.58373,-229.24966,1030.33093,1655.97156,-380.19879,137.00786,9.55641,-203.94124,926.01343,1421.20496,-626.36768,915.11328,1555.12415,NA,NA,NA,-477.09094,925.37506,1848.22888,-730.99225,484.22324,1651.96167,-344.73376,484.82846,1587.01794,-553.8847,269.30966,1944.01624,-635.81628,245.03314,1909.58337
324,3.23,-698.22296,1308.05249,1697.8457,-428.53717,914.64502,1508.07983,NA,NA,NA,NA,NA,NA,-244.59386,242.97012,71.18593,-325.41595,1297.61792,1622.22839,NA,NA,NA,NA,NA,NA,-292.95135,228.36157,-59.66097,-229.79051,1032.0708,1648.91016,-380.19879,137.00786,9.55641,-205.34113,926.83868,1413.8938,-626.97424,915.93475,1547.15442,NA,NA,NA,-476.8609,925.10352,1840.35132,-734.02527,487.22058,1637.92981,-345.38879,484.13687,1584.07043,-555.95184,266.02823,1928.3335,-639.23956,245.82483,1894.12317
325,3.24,-557.71515,1434.43665,1416.12866,-428.53058,916.81226,1498.60437,NA,NA,NA,NA,NA,NA,-259.96796,235.11652,80.88725,-326.35654,1298.47083,1613.96436,NA,NA,NA,NA,NA,NA,NA,NA,NA,-229.81145,1032.33984,1639.05188,NA,NA,NA,-206.88966,927.49078,1406.23706,-627.54767,915.70605,1539.04382,-781.25232,925.43213,1440.67493,-477.42285,926.41193,1833.96973,-736.22235,490.50549,1623.54761,-345.38788,483.59207,1581.2345,-559.44464,261.46066,1912.2677,-643.18188,244.062,1877.0979
326,3.25,-559.59503,1434.60059,1409.18347,-429.78781,917.24402,1492.60449,NA,NA,NA,NA,NA,NA,-259.0838,235.28191,80.4353,-326.91397,1299.18677,1606.9624,NA,NA,NA,NA,NA,NA,NA,NA,NA,-229.85048,1032.7467,1631.82043,NA,NA,NA,-209.93306,928.23352,1398.14978,-628.64734,916.11621,1532.20862,-783.79956,925.67743,1435.52832,-478.13785,927.11774,1828.89844,-738.56165,493.81491,1610.26038,-346.01935,483.01651,1578.25403,-561.99548,255.8425,1894.30444,-647.78662,241.85983,1861.23828
327,3.26,-700.50085,1307.21289,1679.58411,-430.63608,917.1438,1486.94946,NA,NA,NA,NA,NA,NA,-259.0838,235.28191,80.4353,-327.70532,1300.17358,1599.52747,NA,NA,NA,NA,NA,NA,NA,NA,NA,-230.74892,1034.28101,1625.1947,NA,NA,NA,-210.35117,928.83911,1390.69812,-629.74823,916.6817,1526.59631,-784.92145,924.79816,1430.62134,-478.84683,927.59393,1821.84009,-740.99121,497.28265,1597.73914,-347.05627,481.87802,1573.78967,-565.2699,248.46126,1878.13306,-651.93146,238.28827,1843.17285
328,3.27,-561.77582,1434.22241,1395.0592,-432.0069,917.36841,1481.07666,NA,NA,NA,NA,NA,NA,-244.3972,243.92336,70.69893,-328.44757,1301.13025,1592.61169,NA,NA,NA,NA,NA,NA,-379.58163,137.65851,9.07764,-231.67216,1035.68066,1618.93555,NA,NA,NA,-212.12703,929.96051,1384.21338,-630.67419,917.74121,1519.02209,-786.60443,924.13422,1425.82666,-479.49518,927.56207,1815.47729,-742.75037,501.14291,1584.96484,-347.92664,480.74277,1569.82092,-569.16785,243.7668,1861.27148,-656.03644,233.50235,1824.20349
329,3.28,-563.85504,1434.33704,1388.11353,NA,NA,NA,-701.65552,1306.99731,1666.32349,NA,NA,NA,-244.95691,246.95604,69.05545,-329.42178,1301.92212,1585.3634,NA,NA,NA,NA,NA,NA,-379.58163,137.65851,9.07764,-232.548,1036.51257,1610.41492,NA,NA,NA,-215.22728,930.06738,1376.896,-630.99518,918.0636,1511.74475,-788.05676,923.17487,1421.18872,-480.58731,928.41089,1809.95996,-744.56335,504.23776,1573.83618,-348.65616,480.41507,1565.97351,-572.84723,233.26526,1840.54932,-661.1579,228.3185,1805.13867
330,3.29,-566.19019,1434.797,1381.09424,NA,NA,NA,-702.54547,1306.58435,1660.84509,NA,NA,NA,NA,NA,NA,-330.48782,1302.54944,1577.3103,NA,NA,NA,NA,NA,NA,-379.58163,137.65851,9.07764,-233.37489,1036.29822,1604.1145,NA,NA,NA,-216.543,929.82208,1368.67786,-631.33923,917.90472,1506.52332,-789.50714,922.1651,1416.69189,-482.12866,928.32593,1803.11096,-746.36084,507.38779,1562.2688,-349.67056,479.04147,1561.83093,-577.9317,223.42551,1819.81836,-666.11664,221.59354,1785.29321
331,3.3,-567.60144,1434.62354,1374.0874,NA,NA,NA,-703.61511,1306.24878,1654.88391,NA,NA,NA,NA,NA,NA,-331.35175,1303.34595,1570.28467,NA,NA,NA,NA,NA,NA,-379.58163,137.65851,9.07764,-233.82004,1037.4679,1597.48035,NA,NA,NA,-218.18231,931.10919,1362.82861,-631.77582,919.28699,1499.50354,-791.3761,921.37811,1412.24341,-483.58392,928.60547,1797.23047,-747.36627,510.40591,1550.99072,-351.54813,478.6925,1557.8291,-583.13,214.19974,1801.80688,-671.63104,214.53712,1765.11829
332,3.31,NA,NA,NA,NA,NA,NA,-704.40509,1306.2334,1646.72546,NA,NA,NA,-244.59386,242.97012,71.18593,-332.4097,1303.83069,1563.89282,NA,NA,NA,NA,NA,NA,-379.58163,137.65851,9.07764,-234.64256,1038.5802,1590.72119,NA,NA,NA,-220.28577,931.20099,1356.03027,-631.9765,919.46301,1491.83069,NA,NA,NA,-485.32642,928.16205,1792.02197,-748.55194,512.61407,1541.03723,-353.03241,477.61105,1554.29736,NA,NA,NA,-679.32874,209.20595,1746.55774
333,3.32,NA,NA,NA,-510.56473,1332.29065,1738.46118,-705.10126,1305.73804,1640.6781,NA,NA,NA,-261.93658,262.0701,66.84122,-333.37399,1304.13916,1556.33899,NA,NA,NA,NA,NA,NA,-379.58163,137.65851,9.07764,-236.01616,1038.46326,1582.95007,NA,NA,NA,-222.79189,930.88708,1347.30261,-631.979,919.07147,1485.54968,NA,NA,NA,-487.45947,928.48596,1786.20544,-749.26416,514.67163,1531.5791,-354.84686,476.73038,1549.94702,NA,NA,NA,-685.52649,201.49905,1726.01331
334,3.33,-572.52972,1433.94177,1352.87122,-512.03668,1331.84216,1730.29968,-706.34875,1305.16785,1634.47168,NA,NA,NA,-262.55765,262.42264,66.5175,-334.59348,1303.95154,1549.05518,NA,NA,NA,NA,NA,NA,-379.58163,137.65851,9.07764,-236.1593,1038.59509,1575.9812,NA,NA,NA,-224.10094,931.87299,1340.62793,-632.70392,918.79877,1480.09509,-795.43048,916.60889,1399.21887,-489.22903,928.39081,1779.06506,-749.51508,516.63129,1522.21497,-356.33963,475.96283,1546.52441,-602.36896,180.3383,1737.0282,-692.35321,192.73196,1702.56055
335,3.34,-574.80664,1433.94873,1345.81287,-513.44342,1331.28589,1723.53259,-707.46356,1304.72278,1626.33386,NA,NA,NA,-263.24521,262.68582,66.28104,-335.76401,1303.97083,1542.15454,NA,NA,NA,NA,NA,NA,-380.19879,137.00786,9.55641,-236.32646,1039.32031,1568.15979,-244.59386,242.97012,71.18593,-225.56091,931.40979,1333.38037,-632.03864,918.14252,1472.00037,-797.4848,915.27557,1394.88586,-491.53741,928.17358,1773.52075,-750.81073,518.3233,1514.08838,-357.75958,474.42752,1542.31494,-609.1922,169.57829,1715.65503,-699.93591,184.08496,1679.43799
336,3.35,-263.39722,262.62656,66.30304,-514.81824,1331.08667,1716.03345,NA,NA,NA,NA,NA,NA,NA,NA,NA,-337.1478,1303.80188,1533.94507,NA,NA,NA,NA,NA,NA,-379.58163,137.65851,9.07764,-238.06825,1038.6958,1561.45349,NA,NA,NA,-226.97659,931.81598,1326.27319,-632.33704,918.00604,1465.96033,-798.53278,912.93848,1390.52637,-494.24942,928.18915,1767.38281,-751.21381,519.09167,1505.66089,-359.3732,473.82922,1538.48242,-616.51703,157.70296,1691.28699,-707.01654,176.17981,1657.00867
337,3.36,-709.5235,1303.30969,1612.58777,-516.51563,1330.1665,1709.3103,NA,NA,NA,NA,NA,NA,-265.28012,263.09775,65.93414,-338.36127,1303.48254,1525.72595,NA,NA,NA,NA,NA,NA,-379.58163,137.65851,9.07764,-239.41931,1038.13965,1553.94238,NA,NA,NA,-229.00926,930.63794,1319.21472,-632.68103,915.86902,1460.65125,-801.07092,911.50562,1386.08948,-496.5798,928.44305,1760.8783,-751.43219,519.72485,1498.48914,-360.47467,473.60861,1534.99084,-624.66339,146.19798,1666.08557,-714.73578,168.565,1632.72498
338,3.37,-711.08716,1302.5155,1605.52759,-518.34576,1329.58545,1701.40466,NA,NA,NA,NA,NA,NA,-244.59386,242.97012,71.18593,-339.77585,1302.72583,1518.36206,NA,NA,NA,NA,NA,NA,-381.18222,137.68408,9.72871,-239.97437,1037.67896,1546.46167,NA,NA,NA,-230.69145,930.94708,1310.55603,-633.00195,914.74841,1452.16223,-802.27582,909.20422,1381.45764,-498.8765,928.10339,1753.68567,-751.30847,519.42957,1491.09363,-362.12231,472.21448,1531.63403,-455.80414,84.92852,1692.42786,-721.89435,160.31232,1608.03589
339,3.38,-259.49326,234.45732,80.92233,-520.19061,1328.88123,1692.73242,NA,NA,NA,NA,NA,NA,-641.00281,123.13528,1615.00085,-340.63959,1302.09851,1511.87476,NA,NA,NA,NA,NA,NA,NA,NA,NA,-240.70488,1037.2738,1538.86072,NA,NA,NA,-231.93408,930.42389,1303.82288,-632.45349,912.13574,1445.86475,-804.73981,907.4939,1376.79053,-501.02402,928.19641,1747.20496,-749.74365,519.81989,1479.84338,-362.91718,471.40488,1527.97534,-456.20782,85.51094,1692.12769,-729.07013,153.41293,1583.52515
340,3.39,-362.69711,144.24078,-0.13488,-522.04431,1328.0564,1685.76587,NA,NA,NA,NA,NA,NA,-713.685,1301.08252,1590.32068,-342.74515,1301.40479,1504.22278,NA,NA,NA,NA,NA,NA,NA,NA,NA,-241.49297,1037.39368,1532.13855,NA,NA,NA,-233.54289,929.7132,1296.78723,-634.2356,912.1579,1438.76721,-806.81598,905.33838,1372.01489,-503.40286,928.15802,1739.94971,-749.77039,518.87903,1472.88806,-364.50415,470.57953,1525.67114,-456.32858,85.36511,1691.77563,-736.86517,146.77246,1559.01233
341,3.4,-364.01212,146.06157,-0.23177,-524.12756,1326.78113,1678.74719,NA,NA,NA,NA,NA,NA,-715.5694,1300.1272,1583.80151,-344.19977,1300.48462,1496.83777,NA,NA,NA,NA,NA,NA,NA,NA,NA,-243.03954,1036.5144,1524.80859,NA,NA,NA,-233.8989,928.82166,1289.49329,-636.53082,910.617,1432.96814,-808.64972,902.83057,1367.05872,-505.49341,927.29926,1733.35498,-750.35126,516.75409,1466.89783,-366.60513,469.13745,1521.776,-456.7525,86.36721,1692.03552,-744.49133,140.26743,1531.54858
342,3.41,-364.01212,146.06157,-0.23177,-525.97021,1326.05347,1670.8241,NA,NA,NA,NA,NA,NA,-717.04224,1299.10522,1576.54871,-346.01788,1299.67236,1489.01953,NA,NA,NA,NA,NA,NA,NA,NA,NA,-243.91556,1035.01807,1516.72522,-259.65164,234.67694,80.91065,-236.60616,928.51483,1281.97473,-637.11859,910.82159,1424.74646,-811.40637,900.98517,1362.04578,-508.27286,927.47595,1727.49536,-750.38361,515.54102,1461.47351,-367.87631,468.98035,1519.00989,-456.70575,86.69637,1692.03638,-752.60657,135.44476,1505.85559
343,3.42,-364.01212,146.06157,-0.23177,-528.05261,1324.79785,1662.73132,NA,NA,NA,NA,NA,NA,-718.92786,1298.15112,1568.63928,-347.67285,1298.66833,1482.09387,NA,NA,NA,NA,NA,NA,NA,NA,NA,-246.14154,1033.65503,1509.75391,-257.86191,232.85437,80.80144,-238.17508,927.07867,1273.75488,-639.8288,907.97931,1417.99475,NA,NA,NA,-510.77591,927.32654,1720.07056,-750.67969,513.0625,1454.91235,-368.82257,468.22467,1515.65686,-456.68927,87.39573,1691.60181,-759.79224,129.54633,1477.19897
344,3.43,-362.69711,144.24078,-0.13488,-530.4649,1323.63074,1656.0083,NA,NA,NA,NA,NA,NA,-720.66455,1297.31885,1560.61548,-349.46851,1297.68762,1474.97913,NA,NA,NA,NA,NA,NA,NA,NA,NA,-247.84698,1033.62109,1502.50037,-259.0838,235.28191,80.4353,-240.62103,925.53278,1267.40833,-641.89093,907.06158,1411.15625,-814.96667,895.47797,1351.59766,-513.78876,926.42194,1715.20923,-750.74426,510.56363,1449.07312,-370.25143,467.03061,1512.33789,-456.76266,87.51843,1691.28394,-766.39117,127.74465,1453.17542
345,3.44,-379.58163,137.65851,9.07764,-532.9024,1322.00769,1648.30835,NA,NA,NA,NA,NA,NA,-722.63879,1296.32166,1552.82471,-351.58621,1296.68127,1467.57227,NA,NA,NA,NA,NA,NA,NA,NA,NA,-250.0627,1032.49316,1495.82825,NA,NA,NA,-241.68222,925.164,1260.39075,-643.00439,906.28967,1403.97681,-817.92474,893.51135,1346.17249,-516.5661,926.19476,1708.31775,-750.66693,508.35727,1443.65527,-373.08966,466.11642,1509.89478,-456.81723,87.60071,1691.05249,-773.7948,125.81285,1427.29724
346,3.45,NA,NA,NA,-535.29834,1320.93176,1640.59399,-653.85132,1464.82385,1416.95935,NA,NA,NA,-724.78387,1294.98926,1545.33423,-353.50165,1295.25549,1460.72095,NA,NA,NA,NA,NA,NA,NA,NA,NA,-251.69214,1031.01257,1487.9502,-264.73389,221.66949,-68.32314,-243.69809,923.15112,1253.35059,-644.49792,904.26807,1397.06824,-820.12396,891.04938,1340.53516,-519.38153,925.54321,1701.29065,-750.91858,505.55539,1438.63562,-373.96735,465.39951,1506.12927,-457.41675,88.99863,1691.08154,-779.2536,126.44305,1404.35815
347,3.46,NA,NA,NA,-537.64563,1319.58167,1631.99231,-656.33551,1463.62,1409.55029,NA,NA,NA,-727.14038,1293.75684,1537.60461,-355.88474,1293.83215,1453.44421,NA,NA,NA,NA,NA,NA,NA,NA,NA,-253.44008,1029.44287,1481.2832,-280.79541,233.96053,-64.80429,-245.00348,922.18585,1246.86609,-647.09601,903.69891,1389.37341,-822.62115,888.75195,1334.71692,-522.797,923.96277,1695.15649,-751.27734,502.71078,1434.51477,-374.92926,463.46506,1503.26086,-457.51703,88.93147,1690.76343,-784.03418,128.45651,1382.73804
348,3.47,NA,NA,NA,-540.20886,1318.20093,1623.67261,-658.87585,1462.37195,1402.06128,NA,NA,NA,-729.51672,1292.52917,1529.88574,-358.08765,1292.87012,1446.28979,NA,NA,NA,NA,NA,NA,NA,NA,NA,-256.02432,1029.22241,1474.40088,-283.51929,233.61018,-64.4558,-247.96759,919.99609,1239.46436,-649.02496,901.74011,1381.69434,-825.43872,886.65924,1328.70886,-526.38013,923.75763,1688.77405,-752.33221,500.14438,1427.95544,-376.69373,462.24167,1499.59595,-457.54465,88.96781,1690.64893,-788.13,130.33548,1360.62048
349,3.48,NA,NA,NA,-542.79608,1316.84888,1615.34045,-661.37738,1461.18994,1394.5564,NA,NA,NA,-732.32104,1291.23071,1521.6759,-360.70966,1291.4342,1439.3446,NA,NA,NA,NA,NA,NA,NA,NA,NA,-258.76675,1027.40967,1466.97913,-286.83951,232.92839,-63.79965,-250.48463,918.2251,1233.35657,-651.14172,900.66711,1374.03833,NA,NA,NA,-529.48376,922.23236,1681.77686,-753.89484,497.63254,1420.88831,-378.37671,461.51688,1496.49475,-457.27106,88.78007,1689.77246,-791.32184,131.65852,1338.63916
350,3.49,NA,NA,NA,-545.49646,1314.98779,1606.41052,-663.97955,1459.90027,1386.90247,NA,NA,NA,-735.13184,1290.09009,1513.21899,-363.34531,1290.50427,1432.11877,NA,NA,NA,NA,NA,NA,-456.63257,899.60089,1352.93494,-261.22247,1026.4021,1460.6355,NA,NA,NA,-252.09396,917.53955,1226.61926,-653.7583,899.93304,1365.96179,-831.89661,883.0213,1315.86584,-533.44525,921.83142,1675.92847,-755.43365,495.2103,1412.34839,-380.28519,460.3905,1493.10791,-457.2442,89.15002,1689.33911,-793.32697,136.69392,1323.76514
351,3.5,NA,NA,NA,-548.21088,1313.4895,1598.02429,-666.79919,1458.80432,1379.28723,NA,NA,NA,-738.09167,1288.82751,1504.58813,-366.06088,1289.04944,1425.93896,NA,NA,NA,NA,NA,NA,-458.98901,898.62109,1345.70898,-263.90225,1024.92444,1453.54724,NA,NA,NA,-254.22205,916.38177,1219.40588,-655.65082,898.39325,1357.87305,-835.02301,881.23779,1309.11487,-537.48285,920.63141,1669.55176,-757.49457,493.41675,1404.21216,-381.7442,459.89249,1489.97168,-457.3718,90.42876,1689.02417,-796.49622,140.81471,1308.39502
352,3.51,-447.91147,1436.71082,1321.00586,-550.94147,1311.86218,1589.70642,-669.65112,1457.73499,1371.69702,NA,NA,NA,-741.41571,1287.69324,1496.39709,-369.06259,1288.24524,1419.80859,NA,NA,NA,NA,NA,NA,-461.14221,896.81635,1338.72107,-267.89584,1023.76105,1446.32166,-817.38733,971.27911,1521.86731,-255.29042,915.29456,1213.29834,-658.02441,897.44281,1350.28296,-838.2525,879.41467,1302.07654,-540.89325,918.9201,1661.66638,-758.74609,492.2359,1396.00989,-384.17657,458.84357,1485.17883,-457.66666,91.73368,1689.68506,-797.87299,143.19432,1294.9082
353,3.52,-450.52289,1434.97241,1314.9259,-553.62988,1310.08972,1581.33301,-672.60803,1456.64575,1363.93396,NA,NA,NA,-744.96906,1286.41833,1488.33508,-372.21823,1287.10071,1412.6543,NA,NA,NA,NA,NA,NA,-463.48685,896.40411,1330.83423,-270.94183,1023.05426,1441.09717,-820.95258,970.18475,1514.36975,-259.19986,914.89539,1207.29297,-660.08887,896.14771,1342.17065,NA,NA,NA,-545.26892,917.75769,1655.32446,-760.36768,491.03867,1387.55579,-385.48825,458.42264,1480.57617,-457.95313,93.25246,1689.90344,-798.49091,144.1693,1284.3075
354,3.53,-453.31927,1433.30444,1308.96326,-556.33551,1308.65479,1572.94287,-675.64484,1455.65833,1356.18823,NA,NA,NA,-748.53448,1284.93652,1480.89355,-375.34222,1286.01489,1406.0188,NA,NA,NA,NA,NA,NA,-465.9415,895.05823,1323.66382,-273.74088,1022.04651,1435.18506,-824.66016,969.10565,1506.60693,-262.08347,912.99982,1201.27502,-662.92926,895.21649,1333.35193,NA,NA,NA,-549.42432,916.77313,1648.20996,-762.54187,490.18271,1378.45715,-388.56775,457.79785,1476.1073,-458.04935,94.44926,1689.8175,-799.35168,144.067,1273.39819
355,3.54,-456.21344,1431.68152,1301.61926,-559.17627,1307.12854,1563.59656,-678.76074,1454.70313,1348.36731,NA,NA,NA,-752.34473,1283.81836,1473.77271,-378.85764,1284.9989,1399.71204,NA,NA,NA,NA,NA,NA,-468.27762,893.61554,1316.5741,-277.85361,1020.53687,1428.29541,-828.7287,968.19385,1498.72717,-262.91168,912.66742,1194.83118,-665.17358,894.38074,1325.43091,-849.29541,875.89185,1279.40967,-553.66589,915.26599,1640.60278,-764.40515,489.34491,1369.46313,-390.20682,458.17032,1472.07739,-458.28104,96.35082,1689.43701,-799.68311,141.77493,1266.59326
356,3.55,-459.06387,1430.73572,1294.59827,-562.00153,1305.84644,1554.05737,-681.77191,1453.7301,1340.51428,NA,NA,NA,-756.13818,1282.74304,1465.29846,-382.30368,1284.22961,1394.15393,NA,NA,NA,NA,NA,NA,NA,NA,NA,-281.56491,1019.92279,1422.37769,-470.79138,893.36902,1307.94202,-264.85745,912.13293,1188.62732,-668.02582,893.48248,1316.41602,NA,NA,NA,-558.32635,914.93689,1633.60791,-766.68634,488.3902,1360.15002,-393.05722,457.30029,1467.69556,-458.7583,98.88235,1688.70911,-799.82086,138.31955,1261.47607
357,3.56,-462.24222,1429.38953,1288.34375,-564.82318,1304.75354,1546.08484,-684.72217,1452.72961,1332.72351,NA,NA,NA,-760.43323,1281.6676,1460.1084,-385.98541,1283.31995,1387.95654,NA,NA,NA,NA,NA,NA,-473.6796,892.44458,1300.23743,-285.26428,1018.34979,1416.2699,-836.59631,965.84637,1482.32471,-267.70224,911.24164,1182.91431,-670.75995,892.23248,1307.79211,-856.47375,873.71747,1262.92603,-562.34552,913.0744,1624.37903,-768.26575,487.20535,1351.0907,-395.96643,456.87726,1462.81555,-459.07742,100.16104,1687.71777,-799.69775,135.03123,1256.25061
358,3.57,-465.43674,1428.59375,1281.06311,-567.81982,1303.48425,1537.56494,-687.92615,1451.78345,1324.84729,NA,NA,NA,-764.48828,1280.60803,1452.29553,-389.88953,1282.66907,1380.8363,NA,NA,NA,NA,NA,NA,-476.41019,891.5625,1292.78064,-289.72681,1018.00879,1411.03223,-840.8504,964.90588,1473.9137,-270.63556,910.25482,1176.83667,-673.94788,891.87299,1298.41809,NA,NA,NA,-567.02673,911.6095,1616.48108,-770.21869,486.14011,1341.08215,-398.52643,458.15585,1458.42371,-459.34354,101.79792,1686.17297,-799.742,131.07228,1252.75757
359,3.58,-468.36737,1427.08679,1275.79272,-570.83264,1302.66589,1528.29419,-690.91174,1450.78088,1317.01086,NA,NA,NA,-768.83649,1279.81812,1444.61938,-393.4136,1282.21582,1374.77002,NA,NA,NA,NA,NA,NA,-864.20703,872.62695,1245.64978,-293.37073,1017.59491,1405.93994,-479.53516,891.88385,1284.37122,-272.34982,909.72113,1171.95789,-677.09601,891.29083,1289.15686,-845.35779,964.104,1465.39771,-571.41583,910.06946,1607.45251,-772.17303,484.39133,1331.64246,-401.52112,458.01431,1453.3075,NA,NA,NA,-799.56445,125.96741,1251.13831
360,3.59,-471.70663,1426.34058,1269.98474,-573.8739,1301.68896,1520.67578,-693.92316,1449.87769,1309.08484,NA,NA,NA,-773.24243,1278.74939,1437.01001,-398.09564,1281.21045,1368.28516,NA,NA,NA,NA,NA,NA,NA,NA,NA,-297.53586,1016.76923,1399.03174,-259.0838,235.28191,80.4353,-274.41745,910.60114,1166.03601,-680.76184,891.23712,1280.5918,-867.81531,871.94244,1236.69446,-575.63611,908.7099,1597.66492,-774.67059,482.49026,1322.48779,-404.31796,458.62988,1447.87073,-459.87766,108.1955,1683.6748,-798.13483,121.69928,1246.75745
361,3.6,-475.2876,1425.51038,1263.06421,NA,NA,NA,-697.78009,1449.72742,1301.25085,NA,NA,NA,-777.98975,1278.10437,1429.28125,-402.67401,1280.86243,1361.72009,NA,NA,NA,NA,NA,NA,-853.88458,961.9187,1448.01575,-302.06345,1017.05121,1394.03271,NA,NA,NA,-277.37903,909.34082,1160.42627,-684.01123,890.16785,1271.05859,-486.37271,890.9505,1268.73315,-580.10498,907.112,1589.65027,-776.87274,480.58386,1312.21252,-407.36218,458.69113,1441.3125,NA,NA,NA,-797.77795,118.64043,1244.07751
362,3.61,-478.63782,1424.95984,1257.2063,NA,NA,NA,-702.29041,1450.08252,1293.30469,NA,NA,NA,-782.66003,1277.16345,1421.62378,-407.26797,1280.55396,1354.4491,NA,NA,NA,NA,NA,NA,-858.65027,961.31268,1439.18396,-305.65512,1017.21283,1388.43494,-876.56885,872.19507,1218.41992,-279.09885,909.25067,1154.91711,-687.73792,890.49768,1262.00354,-489.91742,891.67334,1258.65637,-585.13849,905.23578,1579.35571,-779.16321,478.35834,1304.13867,-410.55734,458.64285,1435.22693,-459.59421,113.63995,1681.48169,-796.96008,118.27054,1239.82068
363,3.62,-481.93585,1424.61865,1251.22522,-612.27185,1526.07214,1403.30225,-706.21844,1449.93738,1285.23328,NA,NA,NA,-787.64404,1276.68311,1413.89307,-411.0658,1280.49536,1348.46289,NA,NA,NA,NA,NA,NA,-862.90503,960.24823,1430.20801,-311.0108,1016.39197,1382.11475,NA,NA,NA,-282.03821,909.61542,1149.46167,-691.76721,890.06818,1252.37939,-493.82983,891.96118,1249.79675,-589.77435,904.55426,1572.19177,-781.73358,477.40195,1293.87476,-413.26309,459.63211,1428.79419,-459.58731,117.6086,1679.83447,-798.51239,116.07813,1233.79602
364,3.63,-485.73294,1424.41455,1244.96436,-617.43536,1526.37146,1395.93884,-710.2453,1450.28235,1276.96533,NA,NA,NA,-792.65326,1276.19458,1405.99878,-416.19296,1280.86108,1340.70935,NA,NA,NA,NA,NA,NA,-867.87988,959.745,1421.07385,-315.10431,1016.74738,1377.3551,NA,NA,NA,-283.78467,909.8963,1144.74023,-696.24097,890.97076,1243.51746,-498.16461,892.40802,1241.49011,-594.67181,903.46808,1562.79468,-784.47809,476.49683,1285.64966,-416.17697,459.30768,1422.4137,-459.74667,123.16592,1677.29675,-800.89124,116.57969,1231.80237
365,3.64,-489.30704,1424.1283,1238.8269,-622.26044,1526.46851,1388.45544,-713.60864,1450.65344,1268.59106,NA,NA,NA,-797.6485,1276.02295,1398.07373,-421.16489,1280.52173,1335.45618,NA,NA,NA,NA,NA,NA,NA,NA,NA,-320.00745,1017.15771,1371.52966,-243.95737,242.09744,71.23293,-286.60461,909.83563,1138.31458,-699.9668,890.40955,1234.2334,-502.82333,892.27319,1233.19629,-599.71112,903.05682,1554.49231,-787.64124,476.36215,1275.94824,-419.3765,459.90952,1414.48193,-459.90234,128.13644,1673.87976,-804.14459,114.30168,1226.70483
366,3.65,-492.7684,1424.03345,1232.88074,-626.28186,1526.31885,1380.92798,-716.94916,1450.79968,1260.14673,NA,NA,NA,-802.66113,1275.94836,1390.03577,-425.69464,1281.02881,1328.68652,NA,NA,NA,NA,NA,NA,NA,NA,NA,-324.56665,1017.83539,1365.37451,-259.0838,235.28191,80.4353,-289.37506,910.6958,1133.68176,-705.14166,891.6413,1224.34766,-508.00623,893.98303,1223.03955,-605.7821,902.96771,1545.20313,-790.96136,475.40582,1269.12439,-422.63763,459.99973,1406.11877,NA,NA,NA,-806.216,112.886,1222.89832
367,3.66,-496.24933,1424.26599,1226.14575,-631.70325,1527.17334,1373.27368,-720.50647,1451.47253,1251.61328,NA,NA,NA,-807.67767,1275.92224,1381.96924,-430.45114,1281.88574,1321.15076,NA,NA,NA,NA,NA,NA,-882.35828,959.3457,1393.14966,-329.69922,1018.73602,1359.03662,NA,NA,NA,-291.40515,910.70538,1128.31604,-709.37622,892.12836,1215.34265,-512.69446,894.34302,1214.81116,-610.69427,901.86664,1535.30066,-796.43182,476.49069,1259.80469,-425.69632,459.61835,1396.7157,-459.82755,138.73373,1666.9613,-808.91675,108.62707,1218.70471
368,3.67,-499.91403,1424.61414,1218.73694,-636.33606,1527.94836,1365.505,-722.77789,1451.95142,1242.84436,NA,NA,NA,-812.7691,1276.41284,1373.87378,-435.27756,1282.78784,1313.50024,NA,NA,NA,NA,NA,NA,-886.85803,959.29248,1383.83276,-334.05911,1020.14355,1353.70923,NA,NA,NA,-293.50943,910.61768,1122.59167,-713.85675,893.09705,1206.18042,-517.04724,895.08527,1206.19287,-615.75262,902.06927,1526.78699,-801.32312,476.91116,1252.12292,-428.00558,460.13483,1387.15479,NA,NA,NA,-813.18616,107.58045,1216.15857
369,3.68,-503.28302,1424.90479,1212.32129,-640.65894,1528.53455,1357.62109,-726.79633,1453.08398,1234.26477,NA,NA,NA,-817.76129,1277.11755,1365.70459,-440.58444,1283.53406,1306.61658,NA,NA,NA,NA,NA,NA,-891.61176,959.9801,1374.42456,-339.11731,1021.14069,1348.13037,NA,NA,NA,-295.58377,911.2135,1117.32117,-718.84839,894.07861,1196.38403,-521.90033,896.15753,1198.40491,-621.37726,903.00537,1518.39526,-806.04608,478.31638,1242.56433,-432.20056,460.66617,1376.12109,-460.61838,150.93848,1655.67651,-813.94006,105.18483,1214.15393
370,3.69,-507.22476,1425.59363,1205.81592,-645.88116,1530.01648,1349.59778,-730.53021,1454.22754,1225.59192,-593.0448,1375.95154,1086.8075,-822.66107,1277.99573,1357.51013,-444.93011,1284.80457,1299.88513,NA,NA,NA,NA,NA,NA,-896.51752,960.83905,1365.05725,-344.03479,1022.9267,1342.94666,NA,NA,NA,-297.89648,911.25824,1112.41431,-723.75977,895.30524,1187.31921,-526.52124,897.72437,1190.08948,-626.07141,903.992,1510.42456,-810.72864,479.07166,1235.26477,-435.31412,460.72678,1363.60645,NA,NA,NA,-814.2627,104.58576,1213.46436
371,3.7,-510.53845,1425.86694,1199.25208,-649.72369,1530.77185,1341.5177,-734.0683,1455.33325,1216.90991,NA,NA,NA,-827.32141,1278.92358,1349.23242,-450.28479,1285.76343,1291.28076,NA,NA,NA,NA,NA,NA,-901.02173,961.83673,1355.63123,-348.7012,1024.38123,1335.86743,-913.23999,878.68604,1132.50452,-301.55804,912.48663,1108.401,-728.59674,897.14471,1178.58228,-531.25342,899.25122,1181.94861,-631.57861,904.53253,1500.146,-814.91833,480.60309,1227.6106,-438.68066,460.64981,1351.47046,-463.99036,166.35423,1639.23621,-814.5766,103.243,1214.48389
372,3.71,-514.27289,1427.35364,1190.69678,-654.5791,1532.33313,1333.48633,-737.57739,1456.5072,1208.24634,NA,NA,NA,-831.96851,1280.05615,1340.86279,-453.91989,1287.09302,1286.25085,NA,NA,NA,NA,NA,NA,-905.81055,962.92761,1346.20532,-352.66907,1025.97839,1329.9978,-917.61884,880.51941,1123.00574,-303.68109,913.03577,1103.86853,-733.10321,898.46173,1169.43567,-536.26324,900.47809,1173.69971,-635.672,906.24139,1492.55554,-819.3786,481.19409,1221.44141,-441.81766,460.73193,1336.85803,-467.02594,175.43611,1631.60339,-815.04919,103.59647,1215.30066
373,3.72,-517.70184,1427.91882,1184.64917,-659.4162,1533.5199,1325.49902,-740.98724,1457.42944,1199.85327,-600.95624,1377.73181,1064.41321,-836.44379,1281.32239,1332.56384,-459.10147,1289.29004,1278.26831,NA,NA,NA,-644.13019,1299.0658,1419.67383,-910.75653,964.32385,1336.75806,-358.01682,1027.29895,1323.35095,NA,NA,NA,-305.47113,913.94043,1098.41492,-737.88184,899.88104,1160.91479,-541.02155,902.06726,1166.05249,-640.55023,907.80341,1483.81067,-823.72296,482.11551,1215.45251,-445.39798,460.53809,1322.8114,-468.9126,183.26642,1621.92163,-815.13995,103.4164,1215.11206
374,3.73,-520.2959,1428.84546,1178.81763,-663.27875,1534.35962,1317.56543,-744.62946,1458.57593,1191.42456,-603.68701,1378.18982,1057.12903,-840.72546,1282.60315,1324.1272,-463.50266,1289.99573,1270.88,NA,NA,NA,-648.54633,1299.8877,1411.92542,-915.20215,965.73639,1327.25977,-362.6373,1028.91077,1317.71765,-925.4483,884.09955,1103.91968,-308.5495,914.16632,1092.70764,-743.20947,902.40424,1152.26514,-545.73346,903.42676,1158.91528,-645.78943,909.25946,1474.52234,-828.50537,482.41919,1208.92737,-449.04062,460.94183,1306.46057,-472.3988,192.2126,1609.28735,-815.2254,103.27584,1214.92102
375,3.74,-524.44855,1428.63538,1171.82031,-667.19849,1535.28088,1309.68945,-748.11548,1459.125,1183.17432,NA,NA,NA,-844.8399,1283.80383,1315.66675,-468.11261,1290.86121,1264.13086,NA,NA,NA,-653.09485,1300.61719,1404.27087,-920.65326,967.55194,1317.91284,-367.00555,1030.56396,1312.29346,-928.96948,885.56512,1094.31201,-311.38284,915.5979,1088.39209,-747.76111,903.92523,1144.08948,-552.12134,905.79633,1147.73792,-650.16638,910.19434,1466.84546,-832.90955,481.98276,1204.30896,-452.18231,461.07742,1291.75867,-476.01233,202.5132,1598.00146,-815.1084,102.26297,1213.34351
376,3.75,-527.53357,1429.15076,1164.71362,-671.39471,1536.08496,1301.9115,-751.33783,1459.89355,1174.81274,-608.73523,1379.1947,1042.49634,-848.89294,1284.99512,1307.24048,-471.65344,1292.70508,1257.19275,NA,NA,NA,-657.81561,1301.49915,1396.64709,-925.11353,968.46027,1308.47278,-369.8515,1031.65771,1306.0166,NA,NA,NA,-314.03662,916.61877,1081.83875,-752.13593,905.04425,1136.00085,-555.51685,906.34967,1142.86804,-654.1767,910.45801,1458.73486,-837.22333,481.02786,1200.87891,-454.42493,460.93039,1275.36011,-481.16946,212.3894,1583.80835,-815.32416,101.88568,1212.87134
377,3.76,-530.54102,1430.0907,1156.68018,-675.58276,1537.19714,1294.09241,-754.66241,1460.52039,1166.7522,-611.28387,1379.95129,1035.10022,-852.80792,1286.03125,1298.71777,-475.68884,1293.65881,1249.97217,NA,NA,NA,-662.04449,1302.18811,1389.0979,-930.04614,970.02216,1298.98438,-374.39697,1032.80518,1299.69067,-936.55231,889.66534,1074.94885,-316.71671,916.63214,1076.82996,-756.01599,905.62616,1128.88904,-559.87238,907.20935,1135.99011,-659.36554,912.01062,1450.96851,-841.44452,480.09378,1196.93054,-456.09137,461.64798,1258.84058,-484.12659,222.2505,1569.35034,-815.32916,101.83345,1212.88074
378,3.77,-533.72534,1430.52014,1150.80505,-679.55444,1537.94653,1286.27209,-757.81989,1461.16577,1158.60889,-613.67029,1380.40881,1027.79993,-856.58972,1287.04224,1290.04944,-479.68253,1294.22742,1242.87976,NA,NA,NA,-666.1062,1302.85559,1381.65735,NA,NA,NA,-377.61841,1034.20776,1293.58545,-940.41248,891.70972,1065.16016,-319.09283,917.37085,1072.26892,-760.48157,907.50177,1121.70349,-562.96027,907.36481,1130.19702,-663.45752,912.50793,1443.59705,-845.40503,478.5448,1194.37878,-456.76379,463.27499,1241.547,-488.64856,232.27921,1553.15686,-815.31915,101.78197,1212.93494
379,3.78,-536.82349,1431.11096,1144.39258,-682.69354,1538.39526,1278.43164,-760.83447,1461.90723,1150.5459,NA,NA,NA,-860.20514,1287.81982,1281.36877,-481.95639,1294.3905,1239.53723,NA,NA,NA,-670.38794,1303.72961,1374.21082,-939.86084,972.31384,1279.76868,-381.69739,1034.87,1287.87012,-943.94043,893.38062,1055.19629,-320.72821,918.69312,1066.94226,-763.58801,908.04095,1114.90906,-566.91846,908.12439,1123.10522,-667.53296,912.78174,1435.65332,-848.44043,476.68823,1190.57983,-457.90683,464.78271,1226.08252,-494.78235,241.35989,1536.14844,-815.33289,101.73453,1212.91589
380,3.79,-539.45844,1431.76343,1136.10559,-686.33411,1539.3291,1270.66064,-763.70294,1462.08252,1142.5752,-618.37305,1381.10425,1013.13354,-863.71533,1288.66345,1272.64746,-485.71414,1295.2605,1230.71045,NA,NA,NA,-674.74561,1304.58887,1366.85376,-945.2677,974.03271,1269.99976,-384.36414,1035.47046,1282.22852,-946.74957,893.98438,1042.47034,-322.55316,919.55237,1061.6554,-766.75488,908.44122,1107.69727,-569.55664,908.39893,1117.6842,-672.16101,913.62341,1428.29639,-851.39856,474.68875,1189.07251,-460.58124,466.46887,1209.21826,NA,NA,NA,-814.82562,100.50527,1211.69312
381,3.8,-542.12323,1432.07837,1128.9856,-689.2724,1539.58264,1262.90662,-766.43085,1462.32043,1134.5907,-620.49414,1381.31567,1005.80316,-867.19849,1289.63196,1264.047,-488.86887,1295.86169,1226.42297,NA,NA,NA,-678.7395,1305.37561,1359.50525,-950.17725,975.36664,1260.16443,-387.30038,1035.45007,1277.11523,-949.58942,895.84546,1034.479,-324.76718,919.94403,1055.8584,-770.09467,909.48804,1100.56091,-572.30774,908.08173,1111.48328,-676.43658,914.00488,1421.57385,-853.76215,473.17902,1186.79822,-463.50974,469.18417,1194.07361,-506.02011,251.40508,1505.49402,-814.30237,98.8924,1210.25427
382,3.81,-545.01416,1432.30164,1121.96448,-692.88531,1540.46484,1255.11865,-769.14215,1462.80273,1126.69446,-622.7243,1381.59753,998.4267,-870.43341,1290.42542,1255.45337,-491.68201,1295.95349,1219.70471,NA,NA,NA,-682.39673,1305.90808,1352.23315,NA,NA,NA,-390.44012,1035.74878,1271.18213,-952.53223,897.62195,1024.39917,-325.88107,921.28064,1050.63708,-773.29749,909.36786,1094.37793,-575.05518,908.40686,1106.18542,-680.57928,914.54913,1415.01465,-855.84918,472.16,1184.39722,-468.73044,472.33597,1176.85974,-511.2431,252.32385,1491.42114,-814.29633,99.41801,1210.14209
383,3.82,-547.64392,1432.9425,1115.15259,-695.82489,1541.04102,1247.31555,-771.74316,1462.94653,1118.92065,-624.51996,1381.58972,991.1449,-873.55176,1291.28979,1246.84839,-495.31479,1295.54016,1213.24805,NA,NA,NA,-686.21283,1306.5625,1344.99182,-959.48096,977.71228,1240.46436,-393.73355,1036.09802,1265.33777,-956.40521,900.31561,1012.46259,-328.80313,920.68066,1045.6875,-775.43573,909.51099,1087.42029,-577.37268,908.73523,1099.32739,-685.28839,915.89978,1408.60168,-857.76874,471.85828,1182.89734,-472.70163,475.68158,1162.22388,-516.63184,252.69562,1477.07092,-813.99213,99.1897,1209.40576
384,3.83,-550.10248,1433.15808,1107.84998,-698.62616,1541.49268,1239.53186,-774.2157,1463.08191,1111.01978,-626.74335,1381.52087,984.13599,-876.56824,1291.96436,1238.31714,-497.54196,1296.08997,1208.31958,NA,NA,NA,-689.5946,1307.19006,1337.75537,-964.0155,979.20654,1230.56433,-396.65396,1036.64307,1260.39856,-959.49738,901.99878,1003.2149,-330.94058,921.50226,1040.12805,-777.09235,909.86304,1079.43384,-578.78113,907.85931,1094.18335,-689.07758,916.73322,1402.69604,-859.27899,471.3284,1181.88062,-475.76758,478.45517,1145.57068,NA,NA,NA,-813.91071,99.30511,1209.59692
385,3.84,-552.5072,1433.46814,1102.15613,-701.86658,1542.50342,1231.70483,-776.88593,1463.44299,1103.1842,-628.47333,1381.36084,977.12933,-879.4812,1292.76599,1229.83423,-500.1629,1295.82288,1203.23425,NA,NA,NA,-693.29333,1308.00586,1330.58472,-967.49377,979.7146,1220.62354,-400.52539,1036.90723,1255.82922,-961.17334,902.75012,994.58734,-332.5813,921.59784,1035.38318,-780.53076,908.97223,1075.56531,-580.45258,908.01501,1086.52185,-693.21094,918.08368,1396.99536,-860.53479,470.8764,1181.03699,-479.67432,481.43808,1131.61548,-528.72467,249.53406,1447.53247,-813.76514,99.5128,1209.21729
386,3.85,-554.9364,1433.51648,1094.14307,-704.21295,1543.02954,1223.80603,-778.96143,1463.70776,1095.36084,NA,NA,NA,-882.28424,1293.62793,1221.51123,-502.31665,1296.27454,1196.98706,NA,NA,NA,-696.76202,1308.79065,1323.3811,-971.13025,980.94269,1210.83765,-402.69037,1036.85376,1250.04272,-963.75299,904.73071,984.89465,-334.56445,921.84961,1030.72729,-782.38385,909.17493,1069.29285,-582.74951,908.70123,1080.06213,-696.98065,919.24017,1391.73535,-860.90796,470.6788,1180.42688,-483.96533,484.63782,1116.1853,NA,NA,NA,-813.66357,99.60289,1209.48132
387,3.86,-556.85089,1433.99658,1087.7832,-707.05786,1543.81274,1216.01147,-781.09247,1463.89978,1087.65796,NA,NA,NA,-885.01917,1294.54285,1213.23157,-505.07486,1297.06152,1190.82861,NA,NA,NA,-699.96716,1309.59009,1316.15869,-974.5199,982.0033,1201.04663,-405.86508,1036.9646,1245.39282,-967.73419,906.4754,971.42413,-336.71039,921.98895,1025.82983,-785.35425,909.24756,1063.84827,-583.74261,908.59125,1073.68335,-699.68787,920.00781,1385.55042,-861.05249,470.42648,1179.72559,-487.40189,488.07864,1102.46313,-540.91882,240.02469,1413.93262,-813.6748,99.52699,1210.20361
388,3.87,-558.98956,1434.35681,1080.25928,-709.91602,1544.82288,1208.22156,-783.01306,1464.23621,1079.63171,NA,NA,NA,-887.67456,1295.27234,1205.00525,-507.45871,1297.7699,1184.34473,NA,NA,NA,-703.37915,1310.41675,1308.98694,-977.31549,982.55328,1191.23083,-409.13638,1037.25757,1240.34412,-969.45313,907.60797,963.63373,-338.26883,922.01086,1021.37238,-787.12836,909.74518,1057.04346,-585.95123,908.70471,1068.33069,-702.42847,920.86841,1380.05823,-861.19177,470.27737,1176.62988,-491.61072,491.99994,1088.54456,-547.04358,235.29175,1396.021,-813.62219,99.59945,1210.32813
389,3.88,-560.71954,1434.54846,1073.83667,-712.24091,1545.19958,1200.4502,-785.04938,1464.42712,1071.86536,NA,NA,NA,-890.17102,1295.98462,1196.8761,-510.28354,1297.48108,1179.02686,NA,NA,NA,-706.28076,1311.01465,1301.76855,-980.10553,983.72119,1181.57239,-412.96375,1037.70996,1235.10645,-970.50079,909.15698,953.20526,-340.03741,921.94287,1016.79822,-788.57581,908.87482,1050.90234,-587.90466,909.45496,1061.10547,-705.12329,922.11127,1374.44812,-862.51862,470.00052,1174.19824,-495.92612,496.16269,1076.052,-553.01208,227.7968,1379.55115,-813.62292,99.61086,1210.32068
390,3.89,-562.79602,1434.59558,1066.61462,-714.30432,1545.75378,1192.71899,-786.83368,1464.67908,1064.01404,NA,NA,NA,-892.7475,1296.70129,1188.74573,-512.83618,1297.83167,1172.99512,NA,NA,NA,-709.6076,1311.7572,1294.52295,-982.70697,984.71564,1172.0498,-415.48596,1038.48462,1230.427,-970.8974,910.60132,943.03265,-342.3501,921.35327,1013.39215,-789.4422,908.9455,1046.83325,-589.50677,909.82172,1055.22888,-707.52454,923.25195,1368.21436,-864.18005,469.3815,1170.85156,-500.81055,499.1109,1065.3866,-558.44403,218.29575,1359.85193,-813.50757,99.79401,1209.86182
391,3.9,-564.38861,1434.58826,1060.55408,-716.4342,1546.11646,1185.0946,-788.33368,1465.08716,1056.22791,NA,NA,NA,-895.28027,1297.50183,1180.77698,-514.8382,1298.37073,1166.66614,NA,NA,NA,-712.50885,1312.19946,1287.25793,-985.16681,985.35046,1162.60779,-418.05856,1038.79602,1225.31006,-971.60156,911.41504,934.90607,-344.42679,920.72278,1008.58331,-792.01575,910.10785,1039.5332,-591.07867,910.08429,1049.34827,-708.3963,922.8504,1361.82068,-865.04144,469.31485,1167.16296,-505.61298,501.58917,1054.94019,-564.69067,209.57199,1341.32312,-813.74707,100.35687,1209.98315
392,3.91,-565.99731,1434.47607,1054.19824,-718.36871,1546.2572,1177.49072,-790.04724,1465.13354,1048.29944,NA,NA,NA,-897.60712,1298.00903,1172.76453,-517.6062,1297.86511,1160.57397,NA,NA,NA,-715.25891,1312.57312,1279.97412,-987.29541,986.16345,1153.28406,-421.29849,1039.4176,1221.27893,-971.66644,912.26276,925.04657,-346.34732,920.86914,1004.40442,-792.85974,910.07892,1034.89099,-593.10455,910.51636,1042.771,-710.89679,923.82208,1355.69519,-865.98969,468.9917,1163.55713,-510.69501,504.83023,1046.3562,-570.32263,199.23752,1321.62488,-813.86871,100.24386,1209.66943
393,3.92,-567.88062,1434.55261,1045.85144,-720.60498,1546.49048,1170.01208,-791.65472,1465.36047,1040.48132,NA,NA,NA,-900.01984,1298.31458,1164.60364,-520.49792,1297.98975,1152.68335,NA,NA,NA,-718.46136,1313.01843,1272.68311,-987.82971,985.47113,1143.85681,-423.95078,1039.16772,1216.08203,-971.22266,913.37195,915.45795,-348.03763,920.47571,1000.13501,-795.46063,909.75519,1028.37378,-595.78156,910.70618,1036.14502,-713.06189,924.64886,1350.12292,-866.80548,468.9007,1160.58142,-515.40558,506.53653,1036.55627,-575.63599,187.82289,1299.8385,-813.90424,100.22801,1209.5697
394,3.93,-568.90314,1434.28943,1038.81287,-722.789,1546.69629,1162.55347,-792.81329,1465.65222,1032.60205,NA,NA,NA,-902.35742,1298.59973,1156.53467,-521.9826,1297.67529,1149.03406,NA,NA,NA,-721.16876,1313.0658,1265.29932,-989.75354,986.09619,1134.65686,-426.87949,1039.43811,1211.21729,-970.91827,913.79858,905.98474,-350.2439,919.80585,995.19586,-797.35352,909.92914,1023.36139,-598.77905,910.54065,1031.44775,-713.97327,924.41211,1343.36523,-867.42493,468.49683,1158.26721,-520.15759,508.00253,1027.67175,-582.27692,176.96165,1277.83545,-813.88733,100.27987,1209.59631
395,3.94,-569.97754,1433.74536,1033.04468,-724.75623,1546.48523,1155.13062,-794.18213,1465.49072,1024.66736,NA,NA,NA,-904.63788,1298.75024,1148.43481,-524.8736,1298.54761,1140.81055,NA,NA,NA,-723.7583,1313.04285,1257.84521,-991.55121,986.09436,1125.41675,-429.02115,1039.79858,1205.8446,-969.54822,914.31982,898.5202,-351.64243,919.45782,991.70947,-799.80011,910.10419,1016.72247,-601.01971,911.09686,1024.64111,-714.9314,924.13068,1336.93201,-868.15198,468.35275,1156.33411,-522.8324,509.46936,1018.9928,-588.06348,164.22128,1255.47461,-813.86859,100.34008,1209.62439
396,3.95,-572.24683,1432.93115,1023.8877,-726.2887,1546.02356,1147.6532,-795.41626,1465.37073,1016.79401,NA,NA,NA,-906.8584,1298.56934,1140.22974,-527.20441,1298.24976,1133.73999,NA,NA,NA,-726.69849,1313.00073,1250.39868,-992.20416,985.6048,1116.0033,-431.30249,1040.10168,1201.08777,-968.76312,914.6109,889.10962,-353.50647,918.42926,987.01245,-801.59766,910.04865,1011.97858,-603.90027,911.31348,1016.71381,-715.99738,924.2749,1330.99719,-869.18359,467.88962,1152.33875,-527.23895,510.87155,1011.08777,-734.56445,71.22313,1255.05994,-813.84424,100.41376,1209.66321
397,3.96,-572.94659,1432.8916,1019.67938,-728.13867,1545.53735,1140.26746,-796.43549,1465.27747,1008.84271,NA,NA,NA,-909.55359,1298.65649,1131.89978,-529.21246,1297.46741,1128.50647,NA,NA,NA,-729.45221,1312.94653,1242.95947,-993.58051,984.89819,1106.62036,-434.48337,1038.77039,1195.72717,-967.59308,915.06067,879.55121,-354.04797,917.55298,982.85138,-803.60846,909.74103,1005.42224,-607.10547,910.67108,1011.01196,-716.49066,923.67682,1325.17041,-869.98114,467.73505,1149.68018,-532.00446,511.32828,1003.07275,-734.35791,71.65991,1255.50354,-813.89844,100.92013,1209.58179
398,3.97,-574.14478,1432.17078,1014.67584,-729.98749,1545.08374,1132.80835,-797.78949,1465.09314,1000.79205,NA,NA,NA,-911.07977,1297.76392,1123.69849,-530.82349,1297.23303,1122.47729,NA,NA,NA,-732.2113,1312.78015,1235.5127,-995.37085,984.87561,1097.22961,-437.03748,1039.12268,1191.77039,-967.33459,915.20557,868.9444,-355.89114,917.11481,978.81378,-805.59656,910.92084,998.09796,-608.51428,910.05988,1004.53418,-717.30255,923.80579,1318.58313,-870.58746,467.34076,1146.3208,-535.75977,511.29178,996.44543,-733.83875,71.44996,1254.56982,-813.81274,101.19662,1209.08545
399,3.98,-575.59058,1431.28931,1007.31696,-731.70135,1544.53821,1125.31995,-798.75037,1464.76843,992.85431,NA,NA,NA,-913.2196,1297.30164,1115.32996,-533.11572,1296.14502,1115.29175,NA,NA,NA,-734.80438,1312.41272,1227.97827,-995.38165,983.09869,1087.45483,-439.98041,1039.08313,1186.16431,-965.73859,915.36969,858.98877,-357.33313,915.71899,974.16437,-808.04254,910.16138,991.37122,-611.31848,910.03125,995.95032,-717.52997,923.53662,1311.58374,-871.82538,467.31265,1142.43347,-540.1012,511.05075,989.16711,-733.81512,72.79001,1254.50146,-813.80157,101.24801,1209.09497
400,3.99,-576.10559,1430.81287,999.93744,-733.48444,1543.99097,1117.86072,-799.75787,1464.25732,984.98242,-644.97583,1376.64453,875.57513,-915.10999,1296.49084,1106.85803,-535.29865,1295.65479,1107.53467,NA,NA,NA,-737.0553,1311.92932,1220.34229,-997.31726,982.82251,1077.90076,-442.18594,1038.38562,1180.23828,-964.10394,915.01563,849.35059,-357.88028,915.6543,970.6958,-811.39758,908.12506,984.85303,-613.79651,907.45361,989.86676,-717.82764,923.47015,1304.69446,-872.8327,466.24841,1139.63745,-543.8269,510.05566,983.9715,-733.67535,73.10091,1254.79431,-813.76239,101.34853,1209.16565
401,4,-577.3645,1429.6543,992.74188,-735.30457,1543.40454,1110.30737,-800.51001,1463.62952,976.89526,-645.35669,1375.42493,869.28351,-917.01501,1295.71375,1098.54431,-536.84967,1294.6499,1101.31433,-704.9234,1185.52014,979.23462,-739.40863,1311.34314,1212.75781,-997.80267,981.43988,1068.00305,-443.98709,1038.17676,1174.56433,-962.57043,914.88519,839.46332,-358.26367,913.86224,965.31415,-813.19073,906.3219,980.08868,-615.65161,907.4162,982.73492,-719.41962,923.90881,1299.10938,-873.30865,465.23456,1136.37756,-547.71429,508.99527,978.2619,-733.48706,73.67419,1255.1156,-813.72113,101.45701,1209.23889
402,4.01,-578.32861,1428.74475,986.68427,-736.7196,1542.5531,1102.72021,-801.49536,1463.12207,968.88574,-645.5625,1374.66516,861.93555,-919.02094,1294.66748,1090.151,-538.83545,1294.24109,1094.94019,-706.62982,1184.6167,972.08954,-741.60925,1310.66931,1205.16309,-998.70911,979.98303,1058.18762,-445.65472,1037.32031,1169.00159,-961.07941,913.90271,831.12885,-358.5282,913.11792,960.44342,-815.19775,905.42236,972.39569,-616.39252,906.0769,975.42462,-720.00836,924.23846,1292.19226,-872.83942,463.82697,1132.75,-551.48981,507.33664,972.97052,-733.40686,73.98235,1255.22253,-813.45343,101.33577,1208.45142
403,4.02,-579.56146,1427.823,979.89044,-737.78326,1541.5304,1095.08301,-802.24469,1462.53992,960.79523,-645.7608,1373.547,855.69904,-920.58112,1293.64526,1081.79395,-540.29517,1293.02808,1087.13245,-707.55371,1182.78674,964.60406,-743.57147,1309.93848,1197.42639,-999.77307,979.10217,1048.39819,-447.73401,1036.94983,1163.53967,-957.742,913.12946,821.94019,-360.08069,911.22668,954.92059,-817.04681,905.21887,966.24255,-617.89801,905.25592,967.34375,-721.16357,924.38312,1285.08728,-873.3269,462.97412,1128.40234,-554.6651,504.72754,967.841,-733.31073,74.33353,1255.3595,-813.44324,101.40195,1208.45105
404,4.03,-581.04645,1424.28137,967.44751,-739.32434,1540.61194,1087.50867,-802.74841,1461.62708,952.79578,-645.88153,1372.526,848.13446,-922.20593,1292.52991,1073.49878,-542.0014,1292.47131,1079.67688,-707.67975,1180.04932,956.78302,-745.70422,1309.17163,1189.70166,-1000.03613,977.60156,1038.5426,-449.72229,1036.68652,1158.4303,-956.22925,912.30505,812.92053,-359.42944,910.58948,949.99927,-818.7124,902.34552,960.53827,-619.61786,903.99884,959.48096,-720.86255,923.83105,1277.82068,-873.91144,462.29675,1123.66541,-557.61359,501.70013,963.43933,-732.99884,74.50652,1254.61487,-813.44928,101.49371,1208.38953
405,4.04,-580.67987,1425.24719,966.16486,-740.66174,1539.73096,1079.91736,-803.19635,1460.66797,944.74963,-645.89679,1371.54175,840.96655,-923.65149,1291.25769,1065.2804,-543.32251,1290.98779,1072.6377,-711.9679,1181.04688,949.8764,-747.43774,1308.34973,1182.07776,-1000.68512,976.08789,1028.92737,-451.44897,1035.42017,1152.01855,-954.17725,912.10626,802.80829,-359.72629,909.84167,946.18988,-820.43365,900.57532,951.05347,-620.80597,902.3783,952.09528,-721.49799,923.72662,1270.6405,-875.00677,460.28677,1120.43506,-560.77612,498.99557,959.03503,-732.62439,74.94007,1253.31543,-813.54974,101.96238,1208.05273
406,4.05,-581.62018,1423.95618,959.54321,-741.83942,1538.47595,1072.36072,-803.80792,1459.67407,936.67035,-645.95764,1370.41699,834.05713,-925.04327,1290.14014,1057.08826,-545.0318,1290.47876,1065.20239,-711.84161,1179.44836,941.95007,-749.09967,1307.20508,1174.30225,-1000.86743,974.86407,1019.23071,-452.79364,1035.32568,1146.64819,-951.88977,910.52252,794.17163,-360.35172,908.28503,940.68597,-820.97418,899.23376,944.19757,-622.49823,901.24542,943.95166,-721.33728,923.06793,1263.79626,-876.51221,459.43326,1117.38574,-563.66302,495.16223,956.17493,-732.74304,75.75333,1253.53821,-813.59595,102.01859,1207.88684
407,4.06,-581.95105,1422.82129,951.78754,-742.52753,1537.15295,1064.77112,-804.20258,1458.7301,928.8432,-645.94342,1369.47375,826.41614,-926.26556,1288.93213,1048.98694,-546.28149,1288.98926,1057.8363,-713.0058,1177.47839,934.18335,-750.26715,1305.91479,1166.52637,-1001.29669,973.67194,1009.76215,-453.82114,1034.30176,1139.89771,-949.79962,910.1449,785.46533,-360.1156,907.33112,935.09369,-823.57068,897.68915,938.63745,-622.94159,899.47577,935.89648,-721.6626,922.68048,1256.4469,-878.01862,457.94931,1112.90967,-565.69983,492.65613,952.46039,-732.95654,76.78268,1254.51477,-813.45172,101.96203,1206.20471
408,4.07,-582.69226,1421.27087,945.7475,-744.09045,1536.1344,1057.31506,-804.65637,1457.67505,920.75897,-645.81769,1368.10974,820.0448,-927.26215,1287.45422,1041.06897,-547.26105,1288.30286,1050.02991,-713.97717,1176.90161,926.43628,-751.31781,1304.51208,1158.88538,-1001.47656,972.11639,1000.42725,-454.87701,1034.04602,1133.85693,-947.41504,908.90851,776.2735,-359.63379,906.53394,929.58179,-823.27612,896.64343,930.78198,-624.7486,898.46576,928.33563,-721.5592,921.81067,1248.95435,-879.21887,457.28693,1108.00195,-568.46887,490.34976,946.16254,-732.91815,76.92256,1254.56921,-813.62323,101.88982,1205.72095
409,4.08,-582.9679,1419.78381,939.47198,-744.47485,1534.72644,1049.71423,-804.63995,1456.66248,912.90759,-645.6864,1367.08691,811.95343,-928.23511,1286.13416,1033.24414,-548.55011,1286.87195,1041.93127,-714.94135,1176.06201,918.5976,-752.40094,1303.34277,1151.15991,-1000.26917,970.00397,991.0285,-456.41187,1032.677,1127.04639,-945.12604,907.92444,767.37781,-359.84723,905.45923,923.98187,-825.08398,894.08984,924.33093,-625.85089,896.85394,920.37854,-721.75067,920.96973,1241.35596,-880.34467,456.439,1103.77551,-570.58075,487.06354,939.98389,-732.76123,77.63212,1254.72778,-814.00488,102.4821,1205.40039
410,4.09,-583.10785,1418.15869,933.12158,-745.57288,1533.64917,1042.23669,-804.95825,1455.54932,904.96649,-645.67181,1365.47693,805.31268,-929.00128,1284.80823,1025.64978,-548.67603,1285.8125,1035.35864,NA,NA,NA,-753.05115,1301.90784,1143.42932,-1001.25836,969.50043,982.17682,-457.4465,1032.05347,1120.36121,-943.16443,906.81653,758.91595,-359.20078,903.93188,918.02911,-827.22931,893.17676,918.38123,-626.76569,894.93512,912.37219,-721.81439,919.78894,1233.47205,-881.40936,455.80911,1098.82141,-572.37445,485.21478,933.34784,-732.98486,80.26824,1254.25073,-814.3783,103.0807,1205.10181
411,4.1,NA,NA,NA,-745.91309,1532.32312,1034.60962,-805.01788,1454.38159,897.16095,-645.30304,1364.47253,797.9881,-929.54163,1283.37854,1018.02264,-549.26813,1284.36316,1026.05798,-715.39618,1171.74829,902.23999,-753.46527,1300.54956,1135.71277,-1000.62097,967.52338,973.08765,-457.96439,1030.87744,1113.87842,-940.54358,905.74176,749.81104,-360.06616,901.89191,912.49652,-828.00433,891.69617,909.26068,-628.79919,894.38904,902.63464,-722.22241,919.25757,1225.41553,-882.59009,454.845,1095.11072,-573.32428,484.08609,925.49225,-732.83691,80.16505,1253.30933,-814.56946,102.97242,1204.57654
412,4.11,-583.23096,1416.20947,918.01056,-746.45294,1531.08521,1027.09729,-805.14703,1453.37573,889.39606,-645.13104,1363.56848,790.48724,-930.06366,1282.26587,1010.48505,-549.59119,1282.40625,1018.67688,-718.26941,1172.5321,894.5625,-753.86548,1299.29675,1128.12524,-999.17932,965.35815,964.12402,-458.50961,1029.08191,1105.58862,-938.63159,904.7002,741.48352,-359.18756,900.85565,905.35455,-829.65741,890.9281,900.33002,-629.53217,892.77118,894.54053,-721.91473,917.24695,1217.33887,-883.25232,454.62146,1089.74438,-574.73303,481.8631,918.44019,-733.26221,80.78049,1252.98108,-814.539,103.18082,1202.61194
413,4.12,-583.88269,1414.97205,911.474,-746.65826,1529.87,1019.61115,-805.19598,1452.09363,881.72034,-644.75543,1362.59119,783.20605,-930.3526,1281.18701,1003.00964,-549.83539,1280.96936,1011.07202,-719.32336,1171.86926,886.65106,-753.8974,1297.91724,1120.43555,-998.32593,964.01379,955.18567,-458.29248,1029.06702,1099.26428,-936.51343,903.5899,732.97089,-358.73477,899.2467,898.10321,-830.06433,889.76831,894.26691,-630.1214,891.95111,883.35364,-722.46692,916.05164,1208.55396,-883.54193,454.27292,1085.28979,-576.20172,481.1553,910.66046,NA,NA,NA,-814.71893,103.51934,1201.43921
414,4.13,-583.35297,1414.38806,903.17535,-746.80084,1528.7998,1012.12543,-805.07025,1451.10095,874.17603,-644.52155,1361.73694,775.79926,-930.35803,1280.1687,995.54095,-549.53845,1279.68298,1003.45154,-719.466,1169.95276,878.47626,-754.11298,1296.84155,1112.78857,-997.97198,963.08478,946.80841,-460.18481,1026.70898,1091.41333,-934.70825,902.71094,724.85315,-357.5795,898.38281,892.40308,-830.68707,889.70953,883.15533,-632.12695,889.8233,878.71667,-722.21033,914.14056,1199.58228,-884.3269,454.33911,1080.14233,-577.7547,480.15396,901.33057,-733.72382,83.71571,1251.69421,-814.89734,103.4436,1200.93616
415,4.14,-583.39337,1413.47778,896.0376,-746.84247,1527.79187,1004.57977,-804.93256,1450.0625,866.60376,-644.21362,1361.06482,768.04596,-930.27576,1279.27539,988.19202,-548.94806,1278.43555,996.94995,-720.7168,1170.30249,870.63586,-753.03705,1295.06726,1104.93115,-997.01752,961.63403,938.63599,-459.79233,1025.57739,1082.8302,-933.17163,902.54852,716.11823,-356.77893,896.98993,885.94165,-829.30994,889.97101,872.22174,-633.36279,889.12006,869.54004,-722.31329,912.68066,1190.8313,-885.08844,454.03616,1073.54321,-580.06067,479.50195,890.48035,-734.24268,84.42365,1251.05688,-815.0376,105.13047,1200.45288
416,4.15,-582.92578,1413.02869,887.38361,-746.72253,1526.90076,997.02673,-804.854,1449.23401,858.99878,-643.83142,1360.5592,759.64429,-930.14252,1278.42603,980.66296,-549.76526,1277.29041,985.80164,-719.75739,1168.8512,862.24329,-753.05701,1294.08618,1097.18872,-995.82477,960.59784,930.59552,-460.13165,1024.31372,1075.41919,-931.52112,902.04053,707.57019,-356.60098,894.77539,878.25677,-832.68579,889.05511,864.10541,-634.38263,888.37292,859.62671,-723.02832,911.85553,1181.2439,-884.96027,452.93411,1070.15613,-582.03278,478.48123,880.75061,NA,NA,NA,-814.57068,106.63445,1199.19617
417,4.16,-582.5882,1412.22742,880.71796,-746.4928,1526.06519,989.45331,-804.30463,1448.35925,851.43201,-643.55237,1359.94629,752.40503,-929.68518,1277.83533,973.0484,-548.88263,1276.2373,978.41736,-720.40399,1169.26941,854.25256,-752.49475,1292.97998,1089.37341,-995.43573,960.33844,923.13123,-459.4675,1023.17719,1067.46497,-930.44135,900.72394,700.57959,-356.04718,893.34857,871.03357,-834.96899,887.54523,858.09033,-635.07935,886.98639,850.52997,-723.16394,910.43469,1171.97644,-885.36383,452.85544,1063.97559,-584.60339,478.8096,870.17609,NA,NA,NA,-814.73047,109.1359,1200.17749
418,4.17,-581.99927,1411.74487,872.53271,-745.7525,1525.11963,981.89496,-803.92877,1447.53943,843.8797,-643.14429,1359.21667,745.05328,-929.17419,1277.35486,965.30206,-547.96655,1275.26074,971.58209,-719.98059,1168.16638,845.9502,-751.84076,1292.00305,1081.48975,-994.45343,959.65198,915.75958,-459.8338,1022.00281,1059.81982,-928.89764,899.97058,693.93378,-355.28821,892.36005,863.4502,-835.48083,887.43927,846.98492,-636.28693,886.45715,841.23004,-723.36993,908.86566,1163.0321,-885.84753,452.80078,1057.86902,-586.44263,478.93863,858.66388,NA,NA,NA,-815.06757,110.41862,1199.88062
419,4.18,NA,NA,NA,-744.93854,1524.35657,974.36871,-803.52722,1446.88721,836.51221,-642.79871,1359.29102,736.78833,-928.61322,1277.07642,957.55621,-547.42999,1274.11926,963.59766,-720.23059,1168.53381,837.87201,-751.29303,1290.9458,1073.68994,-993.68732,959.10046,908.01685,-459.51422,1020.65369,1051.74158,-927.78101,899.98657,685.60889,-355.87866,889.84167,855.92419,-838.08569,887.5462,840.16406,-637.17505,886.87286,831.38788,-724.04419,908.07245,1153.77966,-886.18835,453.05515,1052.36145,-588.29578,477.82791,846.86871,NA,NA,NA,-815.08722,113.71704,1199.54358
420,4.19,-581.05255,1411.26965,857.04095,-744.63739,1523.80933,967.01978,-803.00653,1446.20508,829.02759,-642.32111,1358.8949,728.40637,-927.93445,1276.875,949.70465,-546.76245,1273.39026,955.28046,-717.87152,1167.18774,828.95917,-750.70587,1290.01514,1065.77161,-992.53857,958.51971,900.73914,-459.16794,1018.65021,1043.92249,-927.04706,899.13873,678.34619,-354.34921,888.75079,847.93604,-840.6922,884.81592,833.55035,-637.54541,885.91833,822.4632,-723.96765,906.65576,1143.52246,-886.03217,452.82559,1046.85413,-590.67072,476.56079,835.66248,NA,NA,NA,-815.3335,115.88029,1199.50183
421,4.2,NA,NA,NA,-743.58765,1523.13843,959.51709,-802.30804,1445.71851,821.68811,-638.8924,1364.09375,691.53485,-927.08624,1276.95593,941.7774,-546.22986,1272.24451,946.34515,-718.20453,1167.6322,820.6593,-749.29089,1288.66052,1057.66553,-991.86005,958.8316,893.93457,-459.04883,1017.27155,1035.26343,-926.37061,898.461,672.11206,-354.21762,887.43927,840.59656,-842.85156,887.02319,825.50165,-639.07422,886.69653,811.80536,-724.72638,905.21698,1134.32068,-886.42218,453.39804,1039.99744,-592.14557,475.49915,825.49512,NA,NA,NA,-815.24725,119.01392,1198.83118
422,4.21,-579.35278,1410.76514,839.40839,-742.7572,1522.79285,952.08313,-801.62561,1445.49414,814.14502,-641.46771,1358.45618,712.367,-926.0921,1276.8916,933.91418,-545.36078,1271.29578,939.5932,-718.19049,1168.78113,812.0434,-748.39166,1287.8374,1049.59485,-990.77332,958.1712,886.67255,-459.64847,1015.98071,1028.0155,-925.73883,898.07715,664.90894,-353.20221,885.93463,832.13367,-842.79724,887.52728,816.46045,-639.59216,886.21875,802.47296,-724.2345,903.896,1124.61316,-887.03241,452.84833,1031.98999,-593.51941,473.50977,815.13312,NA,NA,NA,-816.01013,121.99711,1197.39111
423,4.22,-578.5672,1410.88623,832.24219,-740.96832,1522.14612,944.4079,-800.89215,1445.3291,806.62811,-640.73749,1359.19946,703.43597,-925.27753,1277.29285,925.9295,-544.38904,1270.0293,931.38519,-716.68872,1167.96887,803.36548,-747.54761,1287.10327,1041.55176,-990.30542,958.07361,879.9483,-459.5452,1014.70624,1018.8891,-925.45673,898.23352,656.51257,-353.1626,884.46155,824.00958,-842.4342,888.77832,804.36652,-640.44775,885.94904,792.79712,-724.19824,902.86749,1114.06641,-887.60382,452.81097,1024.79419,-594.94794,471.92026,805.12531,NA,NA,NA,-817.54077,123.66433,1193.06213
424,4.23,-577.65698,1410.60486,824.91644,-740.22418,1522.06238,936.93854,-800.23956,1445.72229,799.14319,NA,NA,NA,-924.49225,1277.89246,918.19073,-543.0528,1268.48401,922.94641,-714.73419,1167.3186,794.29803,-746.58466,1286.47754,1033.49573,-990.35223,958.64569,872.97888,-459.582,1013.26044,1011.0368,-925.40289,897.78278,649.32312,-353.45102,882.89697,815.24634,-842.71753,889.52057,796.43433,-640.45715,886.29834,782.96454,-723.96674,901.78119,1104.2926,-889.07739,452.86948,1015.09814,-595.74548,470.22073,796.72949,NA,NA,NA,-818.32635,128.23451,1191.77002
425,4.24,-576.59821,1411.08521,814.92798,-739.20563,1522.06372,929.46893,-799.03967,1445.91687,791.39001,-639.45404,1359.84717,687.90729,-922.96198,1278.09558,910.48108,-541.84119,1267.77661,915.45947,-714.35712,1167.8656,785.49792,-745.18597,1285.86865,1025.18542,-989.68243,959.27441,865.93622,-459.56564,1012.20575,1002.66156,-925.60864,897.75531,642.02979,-353.04129,881.94623,807.73865,-842.89661,889.87946,785.42316,-641.36627,886.28784,772.66504,-723.14612,901.02954,1094.37183,-890.42261,452.5123,1004.86938,-596.09576,468.68729,788.51776,NA,NA,NA,-819.47754,131.22713,1186.86206
426,4.25,-577.27325,1409.26392,801.39777,-738.20605,1522.14429,921.97943,-797.96619,1446.41406,783.58441,-638.78705,1360.50793,680.04993,-922.68335,1278.70654,902.56409,-540.96527,1266.91516,907.42938,-715.66327,1169.84729,777.14252,-743.72351,1285.47131,1016.87006,-989.17224,959.28253,858.69995,-460.15387,1010.25665,994.36401,-926.08087,896.90131,636.53998,-352.42612,881.14655,799.33362,-842.8775,891.2879,776.94775,-641.28339,887.24445,761.784,-722.32196,900.87469,1084.32446,-892.57697,452.58313,992.37549,-596.10736,468.34109,779.19684,NA,NA,NA,-821.04932,136.24513,1183.14575
427,4.26,-574.72296,1411.24548,800.12726,-736.4826,1521.88867,914.31018,-796.68298,1447.06409,775.74182,-637.97583,1361.53845,670.74457,-921.86096,1279.53271,894.70868,-540.21185,1266.45337,898.9928,-714.72449,1170.31311,768.14978,-743.02655,1285.43213,1008.59045,-990.17694,960.55267,852.08099,-458.77228,1010.98389,986.4657,-926.79193,896.97412,629.4483,-351.73672,879.64148,791.08026,-843.38318,891.64032,766.24506,-642.1236,887.26147,751.74542,-721.22296,900.68097,1074.2666,-894.80621,451.64304,980.0733,-594.14807,468.06357,772.13763,NA,NA,NA,-823.0813,140.68784,1177.70361
428,4.27,-573.33618,1411.98108,790.53448,-734.80804,1521.94482,906.68835,-795.64832,1448.00037,767.87598,-637.1001,1362.64673,662.35529,-921.19659,1280.32434,886.83063,-539.48615,1265.76831,890.03778,-714.37891,1171.09729,759.37421,-742.34698,1285.87561,1000.31879,-990.25793,961.36169,844.50818,-460.59372,1009.46875,977.13495,-928.02899,897.36493,621.83453,-352.55136,879.00055,782.63269,-844.23218,892.38623,759.10876,-642.39819,888.28058,740.94238,-720.04095,900.84534,1065.15332,-897.96448,450.98322,966.17352,-592.30109,469.2049,763.52893,NA,NA,NA,-824.72699,146.45895,1173.18225
429,4.28,-572.40387,1411.97424,782.16107,-733.15033,1522.05237,899.02576,-794.77844,1449.11963,759.9967,-636.34784,1363.65088,654.08502,-920.60431,1281.41602,878.80719,-538.95697,1265.78101,880.35217,-714.94141,1172.46814,750.90131,-740.86731,1285.64661,991.99347,-990.86383,962.08105,837.57416,-460.41241,1009.07135,968.47253,-929.08362,897.45892,615.15558,-352.60846,878.30646,773.71332,-843.63397,893.27686,748.14343,-642.44916,889.26166,730.21057,-718.24261,900.73816,1055.31299,-901.61713,450.74173,950.61847,-591.69934,469.15442,755.09302,NA,NA,NA,-826.88,151.13701,1165.54272
430,4.29,-571.50916,1412.06909,774.40887,-731.79755,1522.15186,891.35913,-793.6438,1450.17163,752.00378,-635.42096,1364.85571,645.44067,-920.53076,1282.46716,870.85565,-538.87469,1266.87573,871.16394,-714.93896,1173.80518,741.88141,-740.22443,1286.35339,983.71838,-992.06409,963.94287,830.37427,-460.32925,1009.63971,960.06592,-930.89294,898.0473,607.53711,-352.54285,877.29395,764.88519,-839.52863,893.7851,736.65723,-641.12177,889.94751,721.70624,-716.63336,900.68085,1046.0509,-906.43378,449.77966,934.02155,-590.89337,469.61639,747.30341,NA,NA,NA,-829.71936,158.16232,1157.55322
431,4.3,-570.45874,1412.64368,766.09406,-731.15149,1522.68616,883.86792,-792.49658,1451.09082,744.00024,-634.68298,1365.50769,637.99847,-919.42853,1283.43945,863.19128,-538.17603,1266.94873,863.73322,-714.80566,1173.73328,733.79633,-739.90631,1286.92712,975.51917,-992.41077,965.14233,823.18024,-459.87497,1009.72607,950.93597,-932.2793,898.30438,600.55469,-352.40332,877.05267,756.98682,-838.88007,896.41241,729.02625,-641.07062,891.05042,712.11591,-715.82251,900.79919,1037.49719,-910.75067,448.23547,917.6532,-589.77991,470.40005,740.47284,NA,NA,NA,-832.81775,164.11923,1147.84985
432,4.31,-569.77002,1412.18018,757.97137,-730.26978,1522.89063,876.30609,-791.56195,1452.05261,735.96027,-633.97852,1366.11462,629.63556,-919.24469,1284.31116,855.51306,-538.33252,1266.89661,854.82025,-715.87457,1176.01172,725.67383,-739.02075,1287.38818,967.28674,-993.22968,966.26929,815.58948,-460.31564,1010.099,941.11566,-934.37939,898.85406,593.41693,-353.41415,876.71259,747.94208,-838.51764,897.10431,719.60437,-640.32269,892.63245,703.14233,-714.99176,901.21008,1029.302,-916.22278,446.58908,897.104,-588.21515,471.01202,734.01868,NA,NA,NA,-836.17084,169.97595,1134.14453
433,4.32,-569.35724,1411.96228,750.99158,-728.74902,1522.65686,868.52875,-790.65063,1452.95837,727.96307,-633.25354,1366.74731,621.39948,-919.06952,1285.34607,847.86072,-538.0968,1267.24658,846.10498,-716.66779,1176.26367,717.0589,-737.92755,1287.53552,959.16571,-994.02515,967.14453,808.3999,-459.79776,1010.7146,932.53284,-936.56873,899.80206,585.37195,-353.45105,876.7395,739.54352,-837.93958,898.60321,710.2608,-639.1087,894.22504,693.95325,-713.20618,900.98987,1020.81256,-920.26654,446.52765,879.67035,-587.31281,471.80688,727.02094,-766.14319,192.33133,1167.31555,-841.15576,177.65436,1121.9165
434,4.33,-568.30664,1411.41101,743.07922,-727.49219,1522.96167,860.63672,-789.49951,1453.87341,719.53564,-632.66089,1367.58911,612.65485,-918.867,1285.91858,840.52277,-537.58716,1267.20093,835.74524,-715.5271,1175.32727,708.96912,-738.26349,1288.54688,951.3573,-995.3949,968.69727,801.39307,-460.36801,1011.10187,922.60767,-938.65344,900.18347,578.87268,-354.61765,876.40936,730.1358,-834.16132,899.62939,699.67651,-638.93164,894.95398,685.52496,-711.94263,900.7345,1012.08899,-925.12238,446.08823,859.37958,-585.6059,472.93478,721.4248,-771.5755,204.03551,1152.49194,-844.11047,188.26947,1113.84875
435,4.34,-567.96606,1411.05457,735.60791,-726.6427,1523.42712,852.69366,-788.72546,1454.80444,711.27008,-632.284,1367.34949,605.25787,-919.27405,1286.80212,833.17255,-538.33313,1268.6311,828.22205,-717.61743,1177.11243,701.68756,NA,NA,NA,-996.04431,969.57025,794.2251,-458.58313,1012.01593,913.67761,-940.91791,900.77502,571.44019,-354.44043,876.46265,721.35559,-834.61133,899.65747,693.52606,-638.60797,895.98206,676.68134,-711.57465,900.98901,1004.81055,-931.08124,446.69833,838.99841,-582.69598,473.09271,714.17035,-776.68329,214.88425,1133.94897,-849.99268,196.73177,1098.87646
436,4.35,-567.61475,1410.73291,726.94757,-726.33966,1524.07776,844.80048,-788.24139,1455.78308,703.24689,-631.90576,1367.36328,596.40314,-919.5307,1287.27209,826.0423,-539.16626,1269.41028,818.42151,-718.14301,1176.77283,693.80078,-737.38855,1289.58484,935.53796,-997.4494,970.216,787.2403,-458.21964,1013.10535,905.74213,-943.08417,901.4751,563.93616,-355.07117,876.45056,711.79572,-834.55524,899.5025,687.70355,-637.5824,896.59967,668.88318,-710.42743,900.32068,997.08252,-936.86572,447.83496,819.229,-580.34674,473.785,708.34253,-783.39227,226.33749,1117.41699,-854.33203,204.04243,1082.44165
437,4.36,-567.39099,1410.15027,720.74585,-725.73499,1524.84326,836.76556,-787.63879,1456.63623,695.03076,-631.65625,1367.1488,589.05994,-921.34143,1288.4491,819.38007,-538.98938,1269.8208,811.48492,-719.08716,1177.12708,686.31006,-738.36255,1290.91541,928.01801,-998.80981,970.94647,780.46753,-457.7254,1013.599,896.32349,-945.69263,902.34717,556.99536,-355.12674,876.88922,702.771,-834.66241,899.40649,680.94073,-636.3927,896.54791,660.88586,-709.39935,899.95288,989.61365,-941.38025,449.40714,802.1449,-577.01593,474.53207,703.13879,-788.66675,236.23578,1097.15515,-858.95428,207.05521,1060.53784
438,4.37,-567.21918,1409.15576,713.35767,-724.44122,1524.96228,828.36487,-787.29742,1457.41223,687.02039,-631.33728,1367.02966,582.12158,-920.36719,1288.172,811.77771,-539.8678,1270.23743,801.58997,-719.28119,1177.50745,677.88239,-737.41394,1290.92041,920.14874,-999.12903,971.20398,773.31116,-456.63681,1014.8208,886.15979,-948.09149,903.01007,549.76648,-354.81543,877.71863,693.32513,-834.77252,899.29474,673.31311,-636.20044,896.86536,653.70605,-709.12964,900.07458,981.5191,-945.2688,452.43997,783.72198,-573.07697,473.9057,699.42407,-793.29913,241.64149,1077.83069,-864.62659,212.31227,1042.07813
439,4.38,-567.46295,1409.01587,704.74457,-725.08356,1526.23975,820.41736,-786.78546,1458.1438,678.57684,-631.33801,1366.18286,575.04633,-920.81769,1288.3446,804.89166,-540.34631,1271.50537,792.91949,-719.46179,1175.82764,670.82269,-737.53461,1291.1781,912.55737,-1000.96423,971.72467,766.69763,-456.02017,1015.26306,877.7948,-950.50049,903.7608,542.70898,-356.00275,878.46417,684.35028,-833.62537,899.29205,666.35486,-635.31433,896.92188,646.32568,-709.54755,900.35577,975.10608,-948.14056,456.03091,765.9679,-570.17981,472.71841,696.84143,-795.69312,244.63036,1062.45239,-869.45062,215.9258,1021.04108
440,4.39,-567.07678,1408.11926,697.01563,-724.35553,1526.71252,811.98608,-786.6424,1458.74768,670.29675,-631.48901,1365.0011,567.45575,-921.55231,1288.67078,797.97186,-541.03717,1272.02905,785.55103,-721.00189,1176.7478,663.65717,-736.83917,1291.47571,904.61389,-1001.24988,971.69263,760.04987,-455.14899,1017.21936,869.10236,-952.89899,904.48645,535.78198,-355.62378,879.56812,674.73657,-833.78754,898.06732,660.42651,-633.9328,897.58838,639.21454,-709.64801,901.17621,968.56274,-950.96838,459.28754,748.90527,-568.58661,470.54248,695.35938,-798.58862,243.53604,1045.30249,-872.99817,219.13429,1004.81647
441,4.4,-567.70459,1407.54797,689.91504,-724.26624,1527.47498,803.68408,-786.42981,1459.44019,661.9834,-631.45142,1364.87146,559.48621,-922.20886,1288.98596,790.98633,-542.12366,1272.18774,774.35492,-723.23096,1178.45276,656.54169,-737.78894,1292.80249,897.14423,-1002.85107,972.73126,753.7334,-455.23679,1017.34192,858.80316,-955.19208,905.36285,528.24213,-356.41812,880.32349,665.01593,-833.052,898.11926,651.68304,-632.83636,897.16125,632.46814,-710.55048,901.81818,961.77625,-953.92444,462.02014,732.37354,-567.98621,468.74857,697.38092,-802.04285,243.4071,1030.42883,-878.24017,220.36148,986.41559
442,4.41,-568.03925,1407.15112,683.0415,-722.21741,1527.08398,794.39954,-786.53741,1459.9137,653.75128,-631.60199,1364.23401,551.3764,-922.73071,1289.06909,784.13306,-543.07916,1273.28796,768.763,-722.0813,1176.96606,648.88776,-738.32159,1293.2262,889.81409,-1003.70709,972.73566,747.33313,-454.51425,1019.08984,850.79047,-957.56464,905.81537,521.33936,-356.4306,881.71027,656.59979,-833.63763,897.76147,645.69324,-631.82825,897.87579,625.91412,-711.75702,903.59576,955.68353,-955.22565,465.81149,714.89484,-566.69012,467.98331,697.10687,-805.49829,241.50525,1015.36987,-881.61688,221.58548,971.29553
443,4.42,-568.55737,1406.53259,676.11212,-723.10333,1528.12561,786.38556,-786.79126,1460.08484,645.56604,-631.75073,1363.48804,546.03436,-923.77081,1289.39868,777.24316,-543.3562,1274.44617,761.49597,-725.16003,1178.7345,641.6239,-738.09381,1293.75012,881.94397,-1004.30164,972.88165,741.15051,-454.19855,1019.30273,842.30115,-959.65839,905.95178,516.01306,-357.41147,882.56201,647.31128,-832.3291,897.46619,637.45605,-632.00189,897.78571,618.31909,-712.40833,904.03864,947.77856,-956.4649,469.4328,698.92944,-566.03375,467.66013,696.89178,-808.71893,235.73499,995.2981,-886.79517,220.36182,951.90094
444,4.43,-570.8739,1404.92981,663.49365,-723.23987,1528.8468,777.75427,-786.7218,1460.59937,637.04779,-631.99329,1362.53369,538.43335,-924.14587,1289.60974,770.25531,-544.07153,1275.22778,753.93707,-724.42731,1178.18726,634.47253,-739.62531,1295.00732,874.65424,-1005.52887,973.62958,734.71277,-454.40057,1020.67072,832.77661,-961.55029,906.02161,509.45517,-359.12946,883.69476,637.52209,-832.38623,898.0141,629.13049,-631.27606,898.99713,611.36115,-713.54779,905.40735,941.80737,-956.3222,473.80646,683.71259,-565.48834,467.00449,695.64215,-812.85455,231.82573,978.70789,-890.38232,218.15878,933.18915
445,4.44,-569.46362,1406.60693,660.06342,-724.07257,1529.08081,769.67297,-787.12012,1460.8689,628.91132,-632.14813,1362.21252,530.40411,-924.98975,1289.77368,763.30023,-545.07068,1276.52502,746.09601,-726.19476,1179.51404,627.34021,-739.89551,1295.56787,867.06805,-1006.72131,974.12054,729.07092,-453.98615,1020.8894,824.41931,-963.84851,906.17462,503.7244,-358.73584,884.91284,629.48322,-832.40472,897.81738,621.72504,-630.2207,897.81842,606.81445,-714.22339,905.44373,935.25098,-957.01123,477.1683,669.60767,-565.05859,466.26663,695.22375,-816.10803,224.01128,958.92468,-895.73669,213.14684,910.40863
446,4.45,-570.00769,1406.77954,653.09613,-725.41711,1529.823,761.46765,-787.39471,1460.85168,620.21606,-632.23438,1362.21912,522.56317,-925.82227,1289.90857,756.19214,-545.90179,1276.66772,737.09467,-726.91718,1179.2583,619.61322,-740.34033,1295.66003,859.40247,-1007.93176,974.72778,723.25043,-454.66916,1021.66602,816.58673,-965.7193,905.89923,497.41223,-360.17084,885.85352,620.30774,-832.21582,897.72955,613.87573,-629.85553,898.60938,601.1554,-715.30835,906.34845,928.31158,-956.47717,482.03583,654.35547,-564.29626,465.25375,693.23877,-819.59503,214.92349,936.49969,-901.47601,208.77458,889.79272
447,4.46,-570.69501,1406.21423,647.22253,-725.79999,1530.08118,752.88416,-788.3111,1461.05908,612.28009,-632.44208,1361.68103,514.81409,-926.27435,1289.80701,748.63361,-546.76947,1278.00098,730.67938,-728.02216,1180.06409,612.27722,-741.25092,1296.37146,851.98199,-1009.29572,975.31262,717.32874,-456.10153,1022.55774,808.20752,-967.84644,906.27747,490.08749,-361.2612,887.26636,611.61987,-832.57599,897.45593,607.25745,-630.97614,899.32587,595.58649,-717.29413,906.85699,921.92578,-956.16797,486.02368,640.70813,-563.86285,464.92419,691.58185,-824.81354,207.74704,919.15338,-905.70111,203.16437,866.98187
448,4.47,-571.46326,1406.75098,638.60913,-727.07343,1530.37598,744.65033,-788.72449,1460.98694,603.91528,-632.48828,1361.68909,507.37793,-927.17285,1290.07605,741.49237,-547.53876,1278.50769,723.03717,-728.83722,1180.1925,605.40002,-742.40692,1297.3446,844.41101,-1009.6604,974.95807,711.50671,-455.49896,1023.09497,799.71588,-969.69781,905.33801,485.55771,-362.31866,887.70856,603.08167,-831.7951,897.59332,599.60675,-630.38275,898.93823,590.05536,-718.87622,906.98419,915.08539,-955.4256,489.04248,628.42969,-562.76154,464.97729,688.36206,-828.93933,196.39929,894.53198,-911.40118,197.16229,844.84033
449,4.48,-571.83752,1407.047,631.22369,-728.58301,1530.82825,736.40216,-789.36255,1460.71545,595.49115,-632.61212,1361.38086,500.26859,-927.58203,1289.97461,733.80981,-547.76965,1278.96191,715.47302,-728.5946,1180.10205,597.21906,-742.38916,1297.0542,836.64099,-1011.24579,975.47778,705.85339,-455.62558,1024.29211,793.0813,-971.7121,904.70874,479.75424,-363.8634,889.11414,594.77203,-831.46777,897.59753,591.68268,-630.5033,899.37079,585.07532,-720.83813,907.68384,908.61145,-954.2334,492.23434,615.65973,-562.27228,464.56589,686.6731,-834.90582,184.73779,870.18066,-917.09351,189.05679,818.883
450,4.49,-575.00446,1405.70837,617.91937,-729.03809,1530.40308,727.83478,-790.25623,1460.23206,587.29456,-632.96887,1360.74353,493.30646,-928.64697,1290.03564,726.01764,-548.99432,1279.61902,707.81281,-729.77203,1180.45825,590.46863,-743.55817,1297.64526,828.9613,-1012.03546,975.25098,699.77509,-456.60745,1024.66174,784.77893,-973.29596,903.99243,473.48856,-364.65649,890.05304,586.76471,-830.96729,897.91772,583.10858,-631.51221,899.2265,579.83173,-723.02484,907.67462,901.80664,-954.21582,495.38751,604.58362,-562.40686,464.2417,683.34198,-841.10962,173.90593,849.43042,-923.69141,181.62411,794.84796
451,4.5,-573.49121,1406.66895,618.38342,-731.17426,1531.0282,719.78522,-790.80908,1459.92029,578.65491,-633.00446,1361.02441,484.83322,-929.297,1289.87427,718.24634,-549.83038,1279.64209,700.51288,-730.22394,1179.82678,582.77783,-744.83923,1298.47913,821.40228,-1010.74292,973.26917,694.72711,-457.52896,1025.00391,776.68341,-975.38177,903.00531,467.79739,-364.659,891.28741,577.63708,-830.88861,897.52838,575.34802,-631.44318,899.13068,574.17572,-725.38672,907.49719,895.06512,-952.45569,497.53979,593.7912,-561.99969,464.7016,680.19562,-847.12823,161.2328,823.72803,-928.79224,172.7504,767.39374
452,4.51,-574.43762,1407.2002,609.01233,-732.46722,1530.30994,711.62317,-791.54608,1459.36707,570.48358,-633.3642,1360.45776,476.92783,-930.0545,1289.23547,709.96564,-550.92749,1279.8363,692.88245,-729.33429,1178.30725,575.40814,-744.96442,1297.83093,813.29834,-1011.8219,972.8559,688.65894,-457.20755,1025.25537,768.73944,-977.29047,902.54755,460.74081,-365.92349,891.36951,569.19116,-830.16992,897.59595,567.45142,-630.99756,898.85028,570.56207,-728.23737,908.08105,888.7149,-949.47406,499.62128,582.75958,-562.90588,463.56137,676.49298,-854.13586,150.15955,799.59436,-935.3028,164.9079,742.78174
453,4.52,-576.67102,1405.38135,597.31805,-733.35498,1530.22449,702.89404,-792.40179,1458.65564,561.96173,-633.6507,1359.72424,469.73495,-930.87439,1289.0166,701.98077,-551.53967,1280.17651,684.78839,-731.37262,1179.50146,568.26685,-746.39905,1298.13953,805.62927,-1013.17731,972.7439,682.46179,-457.56061,1025.55811,761.24884,-978.96869,900.5556,455.69321,-366.60056,892.50775,562.03253,-829.36377,897.19019,559.14185,-630.39166,898.20947,565.51556,-730.58002,907.97443,881.07709,-948.46313,500.89285,572.69562,-564.03113,463.19678,673.29797,-861.59192,137.17201,772.90918,-941.3335,156.69742,716.22943
454,4.53,-575.94678,1407.14368,592.6347,-735.1236,1529.69543,694.70087,-793.72925,1457.85083,553.60938,-633.87836,1359.64697,461.29489,-932.09412,1288.6582,693.88446,-552.58771,1279.94604,677.84827,-731.35907,1178.50281,560.5495,-748.25085,1298.72571,798.10358,-1013.74792,971.9278,675.72668,-458.41708,1025.28601,754.18134,-980.80145,899.89844,447.63528,-367.59976,892.66119,553.86053,-827.53247,897.65167,551.45575,-630.03748,898.14758,560.47058,-733.59247,907.90771,874.008,-946.23999,500.62973,563.42017,-564.80896,462.97476,669.53723,-379.58163,137.65851,9.07764,-948.06567,147.92487,689.61804
455,4.54,-579.0708,1404.93689,583.37518,-735.99176,1529.08032,686.36835,-793.98438,1457.11731,545.23682,-634.40277,1359.12207,453.93237,-933.12366,1287.88879,685.39038,-553.49561,1280.09375,670.35095,-731.7218,1177.93689,552.90192,-749.83044,1298.42944,790.28345,-1015.58948,971.90552,669.33447,-458.7204,1025.38306,746.72632,-982.36316,897.41333,443.31082,-367.63971,893.46094,545.70972,-827.64447,897.02246,544.64233,-629.52399,897.50024,553.68835,-736.13574,908.49066,866.85846,-944.01526,501.10678,554.26068,-565.58746,462.81369,665.27264,-876.84259,109.84338,715.68451,-954.2774,140.84322,663.36072
456,4.55,-577.79327,1406.48999,578.7796,-737.79083,1529.11353,677.94348,-794.58295,1456.62793,536.74805,-635.04224,1358.02258,446.13275,-934.04016,1287.06226,676.54065,-554.64673,1279.72192,663.50092,-731.88354,1176.84607,545.07623,-750.888,1298.34338,782.28864,-1017.10016,970.88086,662.44714,-459.21002,1025.11243,738.87756,-983.73883,895.71912,436.73257,-368.23532,893.60413,537.49469,-827.37445,895.50385,537.37073,-628.66504,897.11261,548.98743,-739.19452,908.50336,860.15948,-942.13208,500.00201,546.00299,-567.03485,461.89679,661.31934,-885.05127,100.1507,687.92499,-959.76404,132.72926,632.78467
457,4.56,-580.03394,1404.08374,567.23138,-739.13654,1528.19397,669.86395,-795.46631,1455.69824,528.45319,-634.6554,1356.8938,439.48825,-935.23676,1286.25977,667.89026,-555.78107,1278.89001,656.65405,-732.68512,1176.25354,537.31543,-752.21423,1297.78394,774.18512,-1019.06586,970.68481,655.59412,-459.61612,1025.10986,732.17285,-985.32611,893.70453,430.40521,-368.33029,893.77374,530.95062,-827.14148,894.19171,530.24384,-628.05164,895.73175,541.8299,-742.47327,908.7793,853.45197,-940.59167,498.95346,538.07751,-567.92133,461.06226,658.44006,-892.84399,88.48425,658.25079,-965.44727,126.57336,604.69208
458,4.57,-579.32324,1405.18774,563.82495,-740.51532,1527.82861,661.46478,-796.18951,1454.70471,519.99597,-634.99402,1356.43164,431.67105,-936.5907,1285.5127,658.9071,-556.7088,1278.38757,649.06238,-733.12915,1175.12366,529.71906,-754.41211,1297.69983,766.23834,-1019.68115,969.58582,648.17279,-460.44516,1024.45813,724.40607,-986.48889,891.4101,423.39716,-368.54504,893.99109,524.56512,-826.96503,892.66577,523.34534,-628.04474,895.01117,535.35199,-745.21021,909.01141,845.78619,-938.77533,497.40067,531.39063,-569.19519,460.16125,654.74902,-900.10773,79.60091,627.94702,-970.99408,121.90953,578.24347
459,4.58,-582.02264,1403.80078,552.8465,-741.70776,1526.93188,652.8916,-797.01782,1453.82544,511.65775,-635.42548,1355.56702,423.82068,-937.68341,1284.74878,649.98145,-558.15228,1277.65796,641.70618,-733.17401,1174.17688,521.24091,-755.9588,1297.0033,758.28723,-1021.41089,968.70831,640.87994,-462.13184,1024.05481,717.71802,-987.64099,889.44342,416.70926,-369.53345,893.7619,516.88239,-826.97882,891.41663,515.68463,-628.54755,894.97357,528.6842,-747.96527,908.03241,838.44543,-937.15656,495.05258,525.00751,-569.67877,459.9881,651.65216,-907.5282,72.2635,599.08862,-975.23993,117.07587,548.43866
460,4.59,-581.09198,1404.01929,549.30408,-743.36511,1525.91382,644.99207,-797.95477,1452.82837,503.38245,-635.77002,1354.06909,416.45547,-939.19025,1283.68799,640.70044,-559.21204,1277.31787,635.34821,-733.63544,1172.87561,513.44196,-758.57611,1296.58179,750.45233,-1023.21021,967.92377,633.44031,-462.7739,1023.57617,710.59546,-988.61584,886.97333,409.48642,-369.22809,893.50006,509.79358,-827.51434,890.45905,506.8653,-627.77899,893.43396,522.34778,-750.94,908.30847,831.41968,-935.72186,492.38608,518.6955,-570.38123,459.55606,647.88092,-913.20605,66.55249,567.87939,-979.70679,115.84683,521.91565
461,4.6,-581.75128,1402.82263,542.46777,-745.18311,1525.51831,636.70544,-798.76672,1451.55554,495.06818,-636.12653,1353.21448,408.68445,-940.30591,1282.44958,631.26764,-560.41956,1276.41785,629.80005,-734.22754,1172.05493,505.84079,-760.93402,1295.88464,742.26776,-1024.02014,966.79443,625.58514,-464.07755,1022.49963,703.99249,-989.12543,884.54193,402.53745,-370.57153,893.19476,502.95612,-827.336,888.36523,499.29218,-628.75946,892.35919,514.16101,-753.36273,907.15063,823.77045,-934.85815,489.41733,512.59857,-570.96735,458.30069,644.99066,-688.79535,65.05125,783.98749,-982.81604,115.16938,493.24957
462,4.61,-585.42438,1399.45569,529.08679,-746.211,1524.0022,628.36871,-799.3465,1450.4502,486.37579,-636.02014,1352.19324,400.92996,-941.75867,1281.427,621.65155,-562.08081,1275.23853,622.31128,-734.71698,1170.60828,497.16162,-763.33649,1294.78015,734.48486,-1025.78003,965.51038,617.72284,-465.31036,1021.84521,697.76099,-990.56146,882.23364,395.4537,-371.09213,892.74554,496.80829,-827.61053,886.89752,491.46317,-628.63574,890.16168,508.11609,-756.11194,906.94067,816.06812,-934.68164,487.02142,507.38776,-571.65613,457.00339,641.23108,-688.67157,65.11583,782.19714,-984.08221,115.52132,467.07352
463,4.62,-583.52197,1400.8291,527.75439,-748.01556,1522.91492,620.31982,-799.84894,1448.44055,477.48743,-636.62787,1351.14722,393.65594,-943.27014,1280.4115,612.15356,-563.58893,1274.15991,615.5625,-735.46808,1169.77124,490.23398,-765.3399,1294.08044,726.11572,-1027.19543,964.56458,609.52393,-467.56125,1020.88257,691.8208,-991.03406,879.93378,387.79843,-371.70816,892.2334,490.4729,-828.38928,886.1955,482.21924,-629.84454,888.92883,501.04501,-758.77393,905.7019,808.54669,-935.64294,484.60394,501.26852,-573.07855,455.61996,637.72882,-688.75781,65.26028,781.8316,-984.62262,117.93182,441.39462
464,4.63,-584.80768,1399.5144,521.04242,-749.75604,1521.71057,612.04742,-800.7428,1447.65808,469.38675,-636.10767,1349.45959,386.63129,-944.89838,1278.94604,602.36792,-564.98352,1273.07581,609.62482,-735.77222,1168.51221,481.84143,-768.17358,1293.04822,718.06049,-1028.65759,963.21564,601.23956,-469.22855,1019.44727,685.15088,-991.97083,877.53259,380.16522,-372.74792,891.09125,484.54626,-828.61707,885.2771,473.70291,-629.73828,887.79266,495.26563,-761.68964,904.70593,799.99384,-936.81512,483.08044,494.25122,-573.81738,455.10205,634.69904,-688.87708,65.2784,781.40723,-984.41058,120.75277,419.06723
465,4.64,-588.12744,1396.52173,509.55838,-751.08112,1520.56543,603.71667,-801.37701,1446.39905,461.21545,-636.07465,1348.2074,379.54276,-946.82922,1277.95129,592.63568,-567.27271,1272.27881,602.61615,-736.25873,1167.27759,473.56924,-771.41785,1292.00916,710.07776,-1030.70349,961.90735,592.69568,-471.25839,1018.18011,679.57892,-992.48029,875.66425,370.49719,-373.12238,890.63593,478.73944,-829.2536,883.85986,464.33932,-630.34357,886.55432,487.84164,-764.48627,903.12665,792.02972,-938.66931,481.75458,486.35876,-575.38525,453.98831,629.4585,-688.94452,65.30557,781.16016,-982.47247,123.85666,398.09448
466,4.65,-586.58063,1396.703,506.4473,-752.95728,1519.27832,595.71832,-802.10144,1445.23975,452.78204,-636.49469,1346.68738,372.03323,-948.42804,1276.37109,582.67615,-568.81476,1270.54553,596.56152,-737.14935,1166.30237,465.52271,-773.99451,1290.9823,701.73956,-1031.92957,960.59869,583.64111,-473.62582,1016.88593,673.27679,-992.98041,872.88995,363.53717,-374.39587,889.94989,473.01398,-829.45972,882.46948,455.77466,-630.99298,884.49396,480.00732,-768.21698,901.77576,784.3775,-940.3053,478.3895,477.77179,-576.31885,453.38831,624.35199,-689.50085,66.29759,782.62415,-979.37762,126.99123,378.18744
467,4.66,-587.69922,1395.18164,501.26913,-754.78821,1518.07056,587.67969,-802.23334,1443.78333,443.90796,-636.76752,1345.39075,364.39505,-950.32678,1274.97913,572.82306,-571.03967,1269.96497,590.18164,-737.61731,1165.35669,457.37579,-776.62164,1289.33154,693.56604,-1034.41321,959.38153,574.45038,-475.92767,1015.75592,667.60254,-993.43158,870.33203,354.62491,-375.44751,888.43958,468.03452,-829.98962,881.27576,445.8812,-631.94562,883.93195,472.21915,-771.83447,900.60498,776.07574,-941.75488,476.34021,468.88412,-578.0033,451.36887,617.9931,-689.9635,67.78696,782.81598,-977.25287,128.79007,363.35077
468,4.67,-588.67682,1393.62219,493.99356,-756.54846,1516.90527,579.71381,-802.89978,1442.33118,435.44342,-636.85223,1343.66931,357.79016,-952.27759,1273.53381,562.88965,-572.7926,1268.32422,585.78961,-737.96515,1164.50806,449.776,-779.94421,1288.16663,685.70123,-1036.35156,958.21381,564.84314,-478.63211,1014.3559,661.07697,-993.75897,868.24005,345.69733,-377.36539,887.3385,462.69418,-830.05011,879.8595,437.62424,-632.09735,883.06787,466.17172,-775.41241,898.95734,767.24536,-942.46704,474.25049,458.64395,-579.15326,450.87973,612.53931,-690.1416,67.55993,782.29572,-975.61987,129.27504,350.81079
469,4.68,-590.03583,1392.18018,487.97293,-758.41937,1515.7876,571.30035,-803.94556,1441.0647,427.33566,-636.77692,1341.93408,351.27542,-954.02924,1271.8385,552.71967,-575.11835,1267.06323,578.76044,-738.33929,1162.69165,442.54303,-783.10004,1286.91895,677.55792,-1038.06531,956.43353,554.72296,-481.75275,1013.19568,656.008,-993.63843,865.29425,337.01077,-378.18411,886.7691,457.82965,-831.00879,879.27094,427.81042,-633.10962,882.20844,457.2695,-779.23334,897.80304,759.01678,-942.70978,472.70544,448.3299,-581.12396,449.78717,606.1001,-689.83862,69.4193,781.2002,-974.34601,128.61206,340.50797
470,4.69,-593.8111,1388.85291,475.25839,-760.54999,1514.52637,563.3103,-804.32587,1439.5802,418.98788,-636.70166,1339.80847,344.88843,-956.13812,1270.76367,542.96655,-577.70374,1265.95752,572.56616,-739.58368,1162.16675,433.75168,-786.4187,1285.50024,669.53784,-1040.4176,954.46344,545.18866,-483.74048,1011.86975,651.43616,-994.11218,863.41016,326.95325,-379.83032,885.29388,452.59567,-831.32269,877.73724,418.64215,-634.03223,881.25214,449.63077,-782.90759,896.32434,750.56433,-943.112,471.55521,437.3201,-583.04553,448.23444,599.84906,-689.81433,71.61324,782.30255,-973.39954,126.75133,332.42264
471,4.7,-592.36542,1389.03723,475.3262,-761.86633,1512.94031,555.11084,-805.03662,1438.07959,410.39825,-636.79559,1337.83203,338.6402,-958.42725,1269.5105,533.00684,-579.53656,1264.57361,567.08093,-740.5813,1161.06665,427.06659,-790.18011,1284.34033,661.61084,-1042.05664,952.83911,534.35809,-487.71817,1009.80084,645.51294,-994.11542,861.64447,316.76355,-381.08191,884.02478,447.91754,-832.54718,877.04669,409.19281,-635.16663,879.80847,442.06747,-786.95428,894.6734,741.68835,-943.66327,470.93216,427.26733,-585.28113,446.54941,592.44629,-689.8396,72.46124,781.44031,-972.26782,122.65649,327.38031
472,4.71,-593.83826,1387.83435,468.09613,-764.16296,1511.76709,547.13409,-805.6601,1436.4823,402.17392,-637.26025,1336.19434,331.84671,-960.37817,1268.08459,523.08179,-582.24951,1262.9552,561.39569,-740.96844,1159.60144,419.0477,-794.0415,1282.76147,653.82965,-1044.01392,951.36688,523.88843,-491.32727,1009.02716,640.76959,-993.89508,859.91779,306.85193,-382.92365,882.80933,443.30273,-832.71844,875.67084,399.99789,-635.94995,878.01843,434.75119,-791.11255,893.2558,732.54413,-943.32086,469.46423,417.56384,-587.8772,445.27692,586.8241,-971.3689,118.28378,323.29623,NA,NA,NA
473,4.72,-598.0368,1384.1554,457.2771,-765.94904,1510.38501,539.4314,-806.65894,1435.26221,394.18274,-637.78894,1334.27905,324.88504,-962.48236,1266.87012,513.18182,-585.51825,1261.8136,555.47015,-741.9176,1158.20007,411.95615,-797.38635,1281.34021,645.56512,-1045.69189,949.80219,512.88477,-494.50461,1007.2937,635.47302,-993.74585,858.39557,296.50327,-385.39291,881.91785,438.09714,-834.52454,875.19299,390.50388,-637.57959,877.4043,425.8284,-794.82306,891.12744,723.24542,-943.19958,467.54141,408.11185,-590.57507,443.82962,580.88855,-690.41571,75.54313,777.63525,-970.37408,112.92292,323.26328
474,4.73,-596.79559,1384.2876,456.60715,-768.2077,1509.0968,531.7406,-807.60614,1433.93677,386.30841,-637.67865,1332.31628,318.37296,-964.71033,1265.70752,503.15744,-587.39508,1259.86987,550.08856,-743.29773,1157.83752,403.65479,-801.56799,1280.02539,637.78528,-1047.81775,948.52533,501.60684,-498.4386,1005.45862,631.17365,-993.46362,856.86243,286.30945,-386.65277,880.16968,433.34528,-835.84857,874.70105,380.30493,-638.72015,876.3446,418.48099,-799.01801,889.99829,714.01886,-943.77814,465.03741,398.73886,-593.24237,441.68524,573.75098,-690.56177,76.19287,776.58197,-378.61948,137.88286,9.50383
475,4.74,-601.31726,1380.51953,445.70404,-770.35071,1507.88708,523.39508,-808.35626,1432.59778,377.98636,-637.93121,1330.61877,312.39322,-967.42188,1264.33276,493.70303,-590.40314,1258.67847,543.97736,-744.21234,1156.88184,395.78812,-804.81744,1278.14661,629.3869,-1049.40295,946.82629,490.15204,-502.19193,1004.42175,625.79645,-993.07043,855.46771,275.84772,-389.121,879.54126,429.49127,-836.68365,873.823,371.03308,-640.77222,875.56769,409.68155,-802.8183,887.95941,703.99762,-944.08685,462.95724,389.36185,-595.80475,441.26181,565.89795,-921.94348,45.26621,366.50882,-379.33908,138.08722,9.73026
476,4.75,-599.72723,1380.81946,444.92413,-772.41394,1506.86157,515.77985,-809.02936,1431.23926,369.43289,-638.36481,1329.31274,305.32764,-969.65839,1263.06848,483.74835,-593.64447,1257.47693,538.76282,-745.92383,1156.12207,388.03439,-808.82751,1276.8313,621.33789,-1051.09729,945.151,478.60788,-506.59415,1002.42987,621.10181,-992.20007,854.9201,264.25635,-391.26007,877.78662,426.36786,-837.61829,872.7912,361.54633,-641.64966,874.02899,402.18173,-807.50073,886.58929,694.80298,-943.77948,460.02335,380.36725,-598.58252,440.03915,560.40869,-692.22192,84.77557,777.27258,-379.58163,137.65851,9.07764
477,4.76,-601.32635,1379.21143,439.40912,-774.75446,1505.82568,507.86899,-809.69067,1430.16541,361.22531,-638.30396,1327.81885,300.03122,-972.20978,1262.0874,473.79959,-596.73297,1255.84949,532.92859,-746.78882,1155.25269,379.4924,-812.94275,1275.52588,613.22302,-1055.56274,946.53723,466.43576,-510.05231,1000.96564,616.9245,-992.39148,853.96149,252.50394,-393.11014,876.87598,421.69119,-839.29065,872.56494,350.879,-644.04877,873.3446,393.47757,-811.47278,884.47552,684.19031,-944.04388,458.14709,370.97653,-601.72137,438.23312,552.98651,-692.68286,86.9941,775.58209,-379.58163,137.65851,9.07764
478,4.77,-602.90527,1378.09583,434.0321,-776.90851,1505.07788,499.72333,-810.60968,1429.73633,352.81689,-638.6615,1326.42224,293.6214,-975.0293,1261.27661,463.81241,-599.84125,1254.4198,527.20428,-748.70306,1155.24951,371.59546,-816.98328,1274.57739,604.86011,-1057.2832,945.48236,454.56766,-514.77704,999.15344,611.27441,-991.47485,852.80658,241.73645,-395.51282,875.52618,418.61581,-841.2132,871.63922,341.55399,-644.92212,871.83191,386.45294,-816.28937,882.86145,675.03076,-944.74384,455.99069,360.83701,-603.95105,437.85651,546.66107,NA,NA,NA,-693.3111,89.3811,770.35663
479,4.78,-604.28882,1377.16809,428.28949,-779.08545,1504.59131,491.40488,-811.14301,1429.06848,344.70758,-639.01483,1325.31787,287.04556,-977.50677,1260.79248,453.80203,-601.98602,1253.70447,523.81775,-750.1106,1154.37134,364.98416,-820.65015,1273.28467,596.21027,-1059.05286,944.22461,442.26474,-519.89758,997.57574,607.3139,-989.39484,853.00751,230.42529,-397.54587,873.85828,414.63293,-841.77026,870.53424,331.81485,-647.27753,871.70636,377.34378,-820.60046,881.48901,664.77008,-946.38464,455.23163,351.3479,-605.87634,437.6611,538.68329,-974.04889,94.58073,303.25635,-379.58163,137.65851,9.07764
480,4.79,-606.49054,1375.98401,422.20563,-781.12189,1503.93054,483.37952,-811.38702,1428.6438,335.5239,-638.93073,1324.10449,280.7175,-979.70526,1260.39417,443.50522,-605.81976,1252.7052,518.22229,-752.05042,1154.40845,357.23425,-824.79352,1272.89404,587.75629,-1061.01123,943.91614,430.41931,-523.81348,996.70392,603.60864,-988.17322,852.74341,219.21552,-399.82996,872.94806,411.293,-843.62848,870.3891,322.01535,-649.08466,871.211,369.96729,-825.3457,879.81183,655.42603,-949.35834,454.48914,341.80069,-607.76276,436.51257,529.96362,-975.65033,92.54681,297.03253,-379.58163,137.65851,9.07764
481,4.8,-610.68097,1373.51294,414.50177,-783.49335,1504.13953,474.67749,-811.76221,1428.36218,326.69925,-638.58026,1323.07361,275.42667,-982.13812,1260.41418,433.17078,-609.11407,1252.49634,512.32562,-753.099,1153.93042,349.37915,-829.08026,1272.83447,579.39563,-1062.39771,943.58783,417.95993,-529.2785,995.58728,598.237,-986.73596,852.80573,208.06645,-402.42526,871.93396,408.40561,-845.06647,871.08978,311.14642,-651.42981,871.28308,362.14893,-830.0108,878.8623,645.1217,-952.39728,453.33853,332.34848,-610.20105,435.45108,521.24951,-976.9624,89.72591,292.63553,-694.74719,108.01044,766.18817
482,4.81,-613.84918,1372.26233,404.16669,-784.92896,1504.33215,465.94513,-811.71478,1428.32764,318.42007,-638.63757,1322.21216,268.59122,-984.68811,1260.85706,422.92899,-611.88049,1251.83044,506.31631,-755.01959,1154.62317,339.71567,-833.05908,1273.1665,570.80511,-1063.83997,943.5816,405.62784,-533.99524,994.5705,593.13275,-985.11115,853.39178,195.89941,-404.60699,870.31592,404.54245,-846.8938,871.51251,301.39362,-653.11377,871.18457,353.82071,-835.10437,878.28827,636.01447,-955.63849,452.72894,322.97073,-611.75165,434.97961,510.43091,-977.72247,87.39351,289.32059,-695.64008,114.15974,759.78149
483,4.82,-613.98059,1373.07764,401.95108,-787.0946,1504.70715,457.48886,-812.48169,1429.06104,309.03577,-638.30853,1322.18335,261.66241,-986.42981,1261.10681,412.43018,-614.56976,1251.81665,499.68674,-755.94293,1155.05359,333.12997,-836.52362,1273.39075,561.98334,-1065.08252,943.84601,393.35785,-540.79633,993.23383,586.83929,-983.4433,853.95453,185.47925,-407.76178,869.50775,402.17502,-848.04138,871.92773,291.96735,-655.625,871.08746,347.05563,-839.94177,878.47687,626.50201,-959.21301,452.62686,314.56998,-613.14447,433.78833,500.34518,-978.40344,85.70406,287.59119,NA,NA,NA
484,4.83,-615.83112,1373.1366,395.31094,-789.19336,1505.42761,448.46194,-811.92542,1428.84631,300.29437,-638.37482,1321.46045,255.01767,-988.44733,1262.05396,402.08939,-617.62823,1252.04956,494.11029,-757.70404,1155.88953,324.55844,-840.6167,1274.83325,553.47302,-1066.71716,944.62616,381.12186,-545.47186,993.97717,583.33063,-981.58722,854.66504,174.18147,-411.40854,868.11475,399.82422,-849.79547,872.58087,283.07999,-657.7923,872.14233,338.99167,-844.72687,879.0575,617.52979,-962.0838,453.32501,306.48523,-614.69812,432.28317,487.48315,-978.33984,84.63611,286.72549,-695.64624,128.3756,745.60913
485,4.84,-617.61932,1372.7229,387.77914,-790.43188,1506.16724,439.6055,-812.03058,1429.21643,291.43805,-638.12329,1321.53076,249.14262,-990.19519,1263.13562,391.74658,-620.23041,1252.57007,487.22037,-758.77557,1156.41357,316.40155,-843.46045,1275.3562,544.52991,-1067.96289,945.84644,368.85052,-550.67963,994.39038,578.26392,-979.67389,855.65576,163.14658,-414.42535,867.09821,396.8157,-851.36646,873.60907,274.26389,-660.3092,873.53748,332.0882,-848.98822,880.05688,608.18848,-964.77325,454.68057,298.68204,-618.04041,431.17633,475.08545,-978.31873,84.30069,286.19952,-695.79541,136.09416,737.14813
486,4.85,-618.35724,1372.92554,382.78754,-792.50317,1507.08313,430.87778,-812.39026,1429.4729,282.71155,-637.92194,1321.1543,242.3907,-991.39624,1264.32715,381.02701,-622.02185,1253.24695,480.93951,-759.81525,1156.89673,309.64597,-846.59662,1276.35645,535.82983,-1072.70483,950.0163,352.33002,-555.65979,995.43817,573.01837,-977.64868,857.10651,152.57759,-418.93561,865.7868,393.60175,-852.9826,874.71954,264.81015,-662.58893,874.31384,326.00754,-852.71521,881.13733,599.96045,-967.37415,456.37305,291.32758,-619.565,430.62238,461.46158,-978.33673,84.67313,285.97794,-697.44574,145.59846,728.39648
487,4.86,-619.80066,1373.60107,377.04547,-794.10278,1507.3009,422.0976,-812.49438,1429.71143,274.01184,-638.53442,1320.89478,234.9236,-992.6535,1265.3894,370.52203,-624.14587,1253.89355,473.69922,-760.81183,1158.42407,301.60144,-850.07391,1277.7605,527.2691,-1072.39844,950.38812,341.36743,-560.49457,996.05414,567.82269,-975.52386,858.90186,141.01599,-422.40112,865.08307,391.24817,-854.68646,876.78351,255.3856,-665.21436,875.50397,319.65237,-857.03125,883.50665,592.49396,-969.44733,457.84341,284.39529,-621.55756,430.48383,445.90991,-978.16498,85.05482,285.76462,-698.86072,156.74393,718.66467
488,4.87,-621.30365,1373.96338,370.36102,-795.48456,1508.27173,413.07544,-812.70142,1429.96582,264.52609,-637.47095,1320.86145,228.78575,-993.12378,1266.64001,359.73917,-628.573,1255.1814,468.99255,-761.19586,1158.17664,295.21387,-854.20667,1279.99341,520.22235,-1073.31726,951.9873,329.33594,-565.47369,997.34698,563.15723,-974.89526,862.33875,127.89137,-425.95239,864.43793,388.08487,-855.37256,878.04913,247.30206,-666.98053,875.40936,313.91943,-859.94965,884.31628,584.57837,-971.95093,459.35376,277.40909,-623.15704,431.10101,430.60599,-977.9881,85.20426,285.34567,-700.1955,166.24319,708.34155
489,4.88,-622.36487,1373.80933,362.95401,-796.91785,1508.625,404.56644,-812.65521,1429.88684,256.64474,-637.48212,1320.58411,222.05249,-994.14398,1267.96167,349.25247,-629.92145,1255.995,462.55298,-761.68561,1158.77625,287.59827,-856.79297,1280.81055,511.56299,-1074.00232,953.66565,317.14761,-569.58612,997.40991,558.0376,-971.9187,862.34631,119.25846,-429.14798,863.1546,385.28629,-855.82227,880.4447,238.15958,-668.48975,875.98132,309.37927,-863.77893,885.68622,577.58521,-973.742,458.90112,272.23141,-620.16296,433.36371,414.82898,-978.04132,84.86634,284.86588,NA,NA,NA
490,4.89,-623.04205,1373.84558,357.03876,-798.27576,1508.95313,396.35492,-812.66797,1430.01331,248.41075,-637.58136,1320.93945,215.40756,-994.43689,1268.7854,338.58435,-632.73608,1256.71045,456.44775,-762.42639,1158.5459,280.92639,-858.37262,1281.05493,502.79761,-1074.82288,954.84369,305.41776,-572.57831,998.27216,553.2431,-968.98425,863.3252,109.15022,-432.52362,862.4007,382.16083,-857.02515,880.00311,230.56604,-670.89856,876.59265,303.73288,-867.68787,886.72821,570.4967,-975.51843,458.57361,266.93344,-617.17603,435.10019,400.78525,-977.90399,84.16206,284.29211,NA,NA,NA
491,4.9,-624.55255,1375.19849,349.47012,-800.04034,1511.09753,387.67734,-812.65637,1429.37146,239.16858,-636.49493,1320.68164,209.1494,-994.66956,1269.91101,328.6626,-634.69269,1257.35791,450.72238,-762.66284,1159.16418,273.97256,-860.26117,1281.33557,493.4762,-1075.36206,956.14441,293.2077,-576.05823,999.03339,549.27155,-966.20825,866.02576,98.27996,-435.3587,861.31567,379.84311,-855.08624,881.88361,220.41486,-671.8988,876.58527,299.7764,-871.33167,887.71594,562.86755,-976.72107,456.90207,261.89404,-613.59845,437.21893,386.51205,-977.79315,83.23093,283.56006,-706.29395,195.53891,667.2218
492,4.91,-624.37762,1375.08362,343.57318,-800.3847,1509.96313,378.71994,-812.35986,1429.15186,232.06871,-636.22803,1320.07361,202.34186,-994.80682,1270.93982,318.45694,-636.12701,1256.99438,445.1532,-762.15076,1158.8927,267.10962,-863.35925,1283.17603,485.93365,-1075.9657,957.27185,280.50751,-578.86908,999.33838,544.80316,-964.04291,868.42712,86.8454,-440.12253,859.87823,375.2142,-860.94995,879.44574,218.16891,-673.461,876.79382,294.43179,-875.76819,888.41547,555.97675,-977.75867,454.75818,258.59781,-611.03827,439.92883,371.6994,-977.69012,82.68925,282.71909,NA,NA,NA
493,4.92,-625.05096,1375.20959,337.01282,-801.59186,1511.92371,370.75409,-812.02026,1428.70911,223.42361,-635.85999,1319.1676,197.44904,-994.56696,1271.70752,308.66766,-637.40106,1257.27307,439.58768,-761.82825,1158.69324,260.54807,-865.00354,1283.44019,478.20645,-1076.35535,958.56207,268.95236,-581.02667,999.64752,540.75739,-961.04169,870.26556,75.49046,-439.4671,859.55902,374.93564,-859.59918,879.4903,209.69716,-673.63562,876.52887,290.73413,-880.3382,889.14056,548.93732,-978.75989,453.56229,255.50175,-608.1012,444.85083,358.92294,-977.38422,82.54395,282.37735,NA,NA,NA
494,4.93,-625.27856,1375.69092,331.75836,-801.63538,1512.38953,362.1701,-811.24353,1428.88904,214.74396,NA,NA,NA,-994.854,1272.0387,296.70251,-641.22687,1257.37646,435.04935,-760.99579,1158.33398,255.09367,-866.85803,1284.86975,470.00729,-1076.50708,959.94238,256.29391,-583.5741,999.98749,536.47552,-957.83026,871.54187,65.71648,-441.86176,858.10815,371.56409,-858.67389,879.39355,204.14825,-674.07025,876.08905,286.01108,-884.53235,890.4129,541.53516,-979.10126,451.60422,252.90654,-607.55872,449.99588,344.94568,-977.13922,82.62029,282.54193,NA,NA,NA
495,4.94,-625.78082,1375.20117,324.54095,-801.88953,1511.65796,353.46573,-810.74847,1428.00415,207.25252,-632.19208,1317.12708,184.41273,-994.74219,1273.00366,287.86911,-642.29041,1257.33752,429.52835,-760.27905,1157.69421,248.22682,-868.41669,1285.32983,461.65552,-1076.59094,961.13892,243.93428,-586.72644,1000.82922,531.8006,-955.21649,874.2674,54.57396,-443.95288,858.09705,369.43115,-857.48993,879.89862,197.50525,-673.84711,876.05103,281.51434,-889.16699,891.40277,535.0885,-979.0755,450.84238,250.3772,-606.90118,454.81714,333.45059,-977.00885,82.80721,282.56586,-724.02008,214.4787,617.96631
496,4.95,-625.90179,1375.58179,318.2872,-802.26093,1513.3739,345.60669,-809.31537,1426.98132,199.71927,NA,NA,NA,-993.73071,1273.53198,278.96692,-642.07452,1256.98096,423.91214,-759.3421,1158.07544,242.33728,-870.16254,1285.83716,454.00989,-1076.92676,961.96667,232.61664,-589.10724,1001.19171,527.16931,-952.0697,875.76184,44.68044,-447.33252,857.04034,364.37122,-861.76361,878.88324,195.12228,-673.91699,875.07721,277.77957,-892.67603,892.08209,528.00757,-979.401,450.24289,246.3273,-606.63367,458.93936,323.00317,-976.98029,82.85585,282.68143,-729.42981,210.6158,598.97833
497,4.96,-626.01984,1376.06287,312.71613,-801.91193,1513.78223,337.30609,-808.54187,1426.92493,190.96706,NA,NA,NA,-993.33691,1273.95911,270.21695,-642.5957,1257.30127,418.57928,NA,NA,NA,-871.83514,1286.70288,445.93005,-1076.22021,963.59784,220.5074,-591.15643,1000.88281,522.90698,-948.43604,877.9231,34.80508,-448.77652,856.8089,362.60837,-859.93024,878.98004,188.4281,-674.94604,874.61377,274.21069,-895.8855,893.09961,521.12805,-980.37915,449.59637,241.60468,-604.82019,463.78265,312.6438,-976.79437,82.65918,282.31287,NA,NA,NA
498,4.97,-625.63916,1375.65857,306.04749,-801.25024,1514.38708,329.06757,-807.41125,1426.58948,184.44139,-629.15015,1314.72803,166.18835,-992.48022,1274.48523,261.04953,-643.19366,1256.67236,412.94214,-757.73279,1157.45813,231.2278,-873.07513,1287.89758,438.58264,-1075.82166,964.67719,208.9182,-593.88983,1001.42731,519.57813,-945.21002,879.6488,24.64883,-447.70392,857.42236,361.73276,-857.2373,878.92303,181.93378,-674.84875,874.08246,270.92014,-899.60516,894.54358,516.08972,-979.86389,449.51633,239.27316,-605.1496,467.42676,303.4935,-976.57654,82.48026,282.01373,NA,NA,NA
499,4.98,-625.21649,1375.47021,300.82849,-800.88788,1514.58044,321.66342,-805.63739,1426.22046,176.80612,-630.68579,1314.26135,162.32437,-991.99658,1275.14014,253.14215,-646.02875,1259.00049,409.15619,-756.66632,1156.64551,227.33453,-874.91156,1288.74658,430.64938,-1074.97339,965.95966,197.39221,-596.6156,1001.87598,515.73993,-942.21582,880.96405,15.80149,-447.92111,856.62897,360.72098,-855.32556,878.88843,174.75647,-674.08539,873.91595,266.81558,-901.82117,894.94098,509.60114,-978.99762,449.1813,237.66386,-605.48267,471.15433,294.47067,-976.4718,82.5145,281.89987,-743.64441,199.39291,554.2851
500,4.99,-624.25897,1374.90442,294.61682,-800.2912,1515.18433,313.77444,-803.86438,1425.97449,169.73805,-629.34418,1313.67139,157.61987,-991.30261,1275.51379,243.89673,-646.62445,1258.85828,404.33896,-755.7818,1157.41504,219.47311,-875.1192,1288.99866,422.67068,-1073.70471,966.90192,185.80672,-598.9541,1002.4126,511.71811,-937.896,882.12915,6.99827,-449.74469,856.26581,358.27795,-853.57074,878.55634,170.05373,-673.95691,874.41284,261.42645,-904.20941,896.50958,503.88449,-977.85333,449.33405,235.04079,-606.22882,474.27307,287.27267,-976.35321,82.64742,281.89154,-748.04102,192.37946,536.53235
501,5,-624.25922,1374.67749,288.9884,-799.47223,1515.23938,306.47247,-802.18378,1425.83667,162.9883,-626.41132,1313.26538,149.81758,-990.5332,1276.87549,234.14578,-647.96582,1259.28674,399.08514,-755.20166,1156.88757,214.77284,-876.83472,1290.23975,415.04077,-1072.13879,967.90851,175.58095,-601.65204,1003.21643,508.4072,-933.76038,883.47766,-1.94521,-450.28354,856.77319,356.84521,-850.30957,878.77539,163.61766,-674.09772,874.56891,257.71893,-906.33893,897.34882,497.50592,-976.80383,449.16357,230.66473,-606.59174,476.91116,279.59326,-976.23755,81.45602,284.03299,-752.18445,186.63004,524.67957
502,5.01,-623.62091,1373.96277,285.13394,-798.41046,1515.3822,299.24261,-800.23596,1425.58325,155.90935,-625.07837,1312.23865,143.6412,-989.23627,1276.83496,226.40695,-649.50806,1259.5658,394.20932,NA,NA,NA,-877.21198,1290.70068,407.33575,-1070.17822,968.24554,165.42978,-603.71289,1003.84259,504.88077,-929.73822,884.54126,-10.816,-454.63544,855.57678,352.63507,-846.90247,879.67358,155.70712,-674.12561,874.50702,254.07298,-908.47473,898.37402,491.18796,-975.80121,448.95834,227.2836,-607.51404,479.56332,272.11572,-975.98529,81.59002,283.62503,-753.98492,175.90268,504.60843
503,5.02,-622.52051,1373.30347,278.14856,-797.14832,1515.48816,292.02222,-798.43896,1425.68579,147.86584,-622.56824,1312.51721,138.86243,-988.4118,1277.46631,217.86853,-649.9873,1259.38147,389.52444,-753.19531,1156.61182,203.74376,-878.19208,1291.13794,399.76956,-1068.05505,968.87695,155.33278,-606.07782,1004.23395,500.7229,-925.22314,885.30469,-19.49426,-455.77151,855.26953,351.11954,-847.21399,877.07782,152.9261,-674.04852,875.02411,249.66827,-910.20837,898.85809,484.72354,-975.53033,448.14987,223.40297,-608.46167,481.18207,267.52634,-975.94989,81.62254,283.53189,NA,NA,NA
504,5.03,-622.05634,1373.28699,273.82758,-795.83453,1515.52258,285.09729,-795.76764,1424.87695,141.69464,-622.39691,1310.23389,137.31131,-986.78345,1277.24036,208.48203,-650.86414,1260.11438,384.75772,-751.82898,1156.50427,198.65193,-879.52063,1292.17725,392.37692,-1065.81946,968.80261,146.54878,-608.77802,1004.72766,497.01013,-920.93439,885.81415,-26.54613,-456.45313,854.73425,348.92242,-847.41382,876.78363,148.1936,-674.37433,875.00568,246.02104,-911.87805,898.93884,478.91559,-974.73938,447.86099,217.99698,-609.38824,482.40906,262.97501,-975.89954,81.65077,283.43747,NA,NA,NA
505,5.04,-621.00677,1372.97681,268.91946,-794.76721,1515.47473,278.12732,-793.43677,1425.24512,135.06447,-620.16718,1309.56201,131.10143,-985.30756,1277.82947,200.3847,-652.01154,1259.87109,379.67053,-750.69104,1156.45203,191.57951,-879.10992,1291.98193,384.37897,-1063.38281,969.01886,137.19267,-611.026,1005.0733,493.08435,-915.9364,885.27625,-33.73105,-457.01389,856.21832,348.68762,-845.40686,876.52264,141.84924,-674.17133,875.01367,241.75877,-912.99438,899.8822,472.36584,-973.85358,446.78622,214.39384,-610.49164,483.35175,257.75226,-975.8844,81.62565,283.26138,-761.22375,146.49957,448.97351
506,5.05,-619.74072,1372.26782,264.84363,-793.68127,1515.41028,271.49106,-790.96527,1425.04053,127.68835,-618.09961,1308.78833,127.83669,-983.78625,1277.90869,191.32336,-651.53278,1259.81116,374.72913,NA,NA,NA,-880.20349,1292.5415,376.76279,-1060.66699,968.30328,128.17867,-613.4447,1004.9928,489.49252,-911.37079,885.65009,-41.85573,-457.39102,856.24207,348.34827,-845.48267,877.74182,137.03479,-674.461,875.00665,237.15802,-915.19745,900.72485,465.88062,-973.41748,445.82568,211.0495,-611.50061,484.67148,253.34268,-975.64502,81.87171,282.04361,-763.46271,133.82239,427.65701
507,5.06,-618.37506,1370.80249,258.10498,-792.21704,1515.00354,264.82318,-788.57367,1424.40735,121.27299,-615.65887,1308.36426,122.06781,-982.25549,1277.41431,182.29234,-652.47137,1260.53235,369.98279,-747.98608,1155.73987,181.8345,-880.53772,1292.45667,369.4151,-1058.03406,967.97034,120.62479,-615.46436,1005.44556,485.58514,-907.1369,885.61298,-48.6069,-457.24524,856.15515,347.50455,-843.22778,876.9826,129.81258,-674.48169,874.77814,232.97826,-916.2735,900.98785,459.84601,-972.08234,445.73688,207.263,-612.36322,485.49786,249.79816,-975.64313,81.83602,281.7868,NA,NA,NA
508,5.07,-617.97009,1371.05054,253.81854,-790.53619,1514.65784,257.93326,-785.62518,1423.80957,115.31699,-613.18573,1307.02869,117.78773,-980.16797,1277.72058,173.75352,-652.93201,1259.89905,365.56693,-745.99866,1155.77759,174.88277,-880.92963,1292.74133,361.73715,-1054.76758,967.32965,111.99435,-618.01581,1005.48767,482.03979,-901.53448,885.57257,-55.94987,-457.8985,854.76843,344.70032,-841.5614,877.47913,126.17983,-674.12921,874.66962,228.12328,-916.91199,901.21979,452.56799,-971.49518,445.43338,203.1268,-613.57855,485.51367,247.40816,-975.66992,81.81751,281.59738,NA,NA,NA
509,5.08,-615.92975,1369.46997,250.05185,-789.1889,1514.71802,251.19656,-782.8208,1423.09827,108.81262,-610.68854,1306.62976,113.24601,-977.84253,1277.16418,165.12344,-652.82062,1259.30933,360.88916,-744.74451,1155.19897,168.45695,-881.21143,1292.87744,354.16229,-1051.61658,966.48657,103.23815,-619.77386,1005.93298,479.30676,-896.05481,884.89105,-62.44919,-458.16403,854.82092,344.65341,-842.08929,875.99664,120.5359,-673.91132,874.70465,224.6732,-917.88184,901.91827,445.93741,-970.63306,444.54996,199.49825,-615.22589,485.5174,243.33444,-975.51721,80.28458,277.53604,NA,NA,NA
510,5.09,-615.15106,1369.03613,244.43637,-787.75311,1514.19995,244.72903,-779.99493,1422.87158,103.00949,-608.16107,1305.67114,109.34715,-976.46222,1277.0741,156.40735,-653.55634,1259.27136,356.33359,-742.20197,1154.14551,164.00534,-881.37933,1292.82092,346.8302,-1048.74365,965.94781,94.57946,-621.34955,1005.48389,476.1275,-890.8244,883.87982,-68.82841,-460.94849,853.01971,339.2645,-840.14441,875.93134,114.74252,-673.30023,873.53601,220.12718,-918.37,901.87189,439.51282,-968.94812,444.16766,195.46765,-616.93805,484.41479,241.09094,-975.74658,81.58858,277.45847,NA,NA,NA
511,5.1,-613.42786,1368.80774,241.04001,-785.77423,1513.57654,238.43135,-777.07825,1422.4646,96.18341,-605.52338,1304.75464,104.45418,-974.00739,1276.53223,147.96237,-654.05792,1259.12012,351.5585,-740.28912,1154.07446,157.09332,-881.12146,1292.3761,339.78302,-1045.60876,965.15753,85.81776,-623.90198,1005.62939,472.89401,-885.76257,883.00085,-74.91063,-459.16199,854.64221,341.77887,-837.83295,874.64197,110.1197,-672.69421,873.14203,217.31532,-918.44147,902.08307,432.49457,-967.3559,443.61713,192.07025,-619.36688,482.85434,238.99582,-975.80121,81.63776,277.26309,NA,NA,NA
512,5.11,-612.17694,1367.23926,236.28401,-784.07404,1513.19348,232.21112,-774.12384,1421.85608,89.8997,-602.77094,1303.81689,99.48183,-971.47229,1275.52869,139.55307,-653.41626,1258.7428,347.50967,-738.63373,1152.67273,152.44571,-881.16022,1292.77917,332.20093,-1042.09509,963.51489,77.80573,-625.62628,1005.48865,469.49091,-880.22437,882.41302,-81.66803,-461.85364,852.59766,336.55576,-832.09528,874.76837,100.26096,-671.87006,872.37048,212.38245,-918.37207,902.3996,425.7825,-966.0683,443.28125,187.75294,-621.97461,481.35837,237.27191,-975.82349,81.69689,277.16705,NA,NA,NA
513,5.12,-610.69824,1366.60022,231.90604,-782.0957,1512.22156,226.61809,-771.21729,1421.34827,83.4576,-600.1134,1302.94482,95.51601,-968.94611,1275.10596,131.38141,-652.88245,1258.19629,343.1344,-735.93866,1151.47253,148.15678,-880.49731,1292.15198,325.04752,-1038.31567,962.77698,69.89214,-627.60449,1005.79877,465.73596,-875.39142,881.60022,-90.10007,-462.16885,852.11841,335.74173,-829.70831,873.07861,94.36579,-669.56677,872.80505,206.85129,-918.89996,903.03333,419.12241,-964.90881,442.15244,184.41682,-623.64539,479.26358,234.79327,-975.38287,82.62073,277.40146,-706.46558,92.9729,177.00481
514,5.13,-609.54901,1365.95386,227.48851,-780.17816,1511.82629,220.19946,-767.94336,1420.72119,78.04347,-597.28839,1301.83594,91.63327,-965.5473,1273.81567,123.67806,-653.70667,1258.32349,339.13004,-732.73505,1151.39087,142.36751,-880.20825,1291.69019,318.28922,-1035.4198,961.95605,60.67997,-628.73938,1005.40741,462.88269,-869.32379,879.86908,-95.0816,-461.8504,851.27008,334.03036,NA,NA,NA,-667.68463,871.44659,202.87816,-918.20581,902.96234,412.4296,-964.00385,441.30334,179.23241,-626.31372,476.94193,232.77734,-975.3418,82.52134,277.05338,NA,NA,NA
515,5.14,-607.92981,1364.93433,223.07277,-778.14795,1510.91553,213.63771,-764.78394,1419.48425,71.96863,-594.42267,1301.27185,87.35712,-962.58698,1272.79419,115.90145,-653.09534,1258.09937,334.41525,-730.0921,1150.42822,137.98094,-878.86615,1290.92322,310.97696,-1031.44141,960.26929,53.264,-629.74109,1005.24377,459.53436,-864.6803,879.17126,-101.45791,-462.06522,851.13708,333.8689,NA,NA,NA,-664.41644,870.55646,198.07022,-917.72821,902.76428,405.67078,-963.55273,440.56525,175.28363,-629.18225,473.59332,230.59558,-975.07257,82.94032,275.69348,-694.28992,91.27672,140.22862
516,5.15,-605.5235,1363.95105,219.75739,-776.45184,1510.35022,207.21362,-761.33185,1417.87354,66.30046,-591.33075,1299.66687,84.13303,-959.69208,1271.86963,108.33419,-651.66364,1257.21826,330.21494,-727.39093,1149.4895,132.99242,-878.41785,1290.29199,304.89731,-1027.40137,959.04504,45.35265,-631.11279,1005.47522,456.22211,-857.8399,877.19635,-107.06071,-461.90463,849.38037,331.36661,NA,NA,NA,-661.60022,870.39026,192.83888,-917.28717,902.6463,399.6687,-962.36798,440.43787,170.83752,-630.66284,471.6123,228.43362,-975.06281,82.97651,275.56543,NA,NA,NA
517,5.16,-603.17908,1363.38086,215.81027,-774.28351,1509.13403,201.23405,-758.04022,1417.2959,61.26751,-588.18164,1298.43872,79.9083,-956.72778,1270.5874,100.4306,-651.23145,1256.86963,326.17816,-724.53442,1148.06018,130.32541,-877.30505,1289.9718,297.99899,-1023.38824,957.7406,37.62887,-632.00269,1005.44696,453.04236,-852.03326,875.15692,-111.75702,-461.65234,849.47382,331.3909,NA,NA,NA,-657.88348,869.43903,187.74117,-916.46216,902.44836,392.92865,-961.05896,439.07941,166.21388,-631.87762,469.38501,224.55846,-975.15771,83.06757,275.40482,NA,NA,NA
518,5.17,-601.5246,1362.65881,209.62843,-772.61829,1508.49146,195.09349,-754.68835,1416.18359,55.07723,-582.98938,1298.66028,73.20599,-953.52313,1269.19189,93.67575,-649.15381,1255.89746,321.41986,-721.60461,1147.24756,124.53122,-876.7569,1289.22009,289.87115,-1019.48932,957.1272,30.03736,-632.2149,1005.49921,449.44864,-846.06561,873.25775,-116.37492,-461.36783,848.10364,330.16382,NA,NA,NA,-654.97308,867.9054,183.82098,-915.77777,902.28949,386.45154,-960.27258,438.54196,161.9942,-632.58862,466.54767,221.27759,-975.21747,83.14542,275.23624,NA,NA,NA
519,5.18,-598.64136,1361.87341,206.7018,-770.1955,1507.6145,189.17065,-751.57141,1414.89099,49.24496,-579.70795,1296.74219,70.26868,-950.67267,1268.37732,87.24389,-648.13361,1255.49548,317.12619,-718.54504,1146.58594,118.75491,-875.07581,1288.36633,284.12192,-1014.85437,955.43591,23.65834,-632.03137,1004.33911,445.84238,-839.9325,871.26532,-121.72434,-460.24542,846.86548,327.82828,NA,NA,NA,-652.35834,867.64703,179.0667,-914.66339,901.80981,380.29175,-959.7959,438.22195,158.26642,-632.95502,464.66559,217.07391,-975.31091,83.38312,275.26413,-922.0611,53.0522,344.86588
520,5.19,-595.91278,1364.25867,205.55328,-768.32715,1506.63782,183.30327,-748.15173,1413.77344,43.96194,-575.99658,1297.19617,65.4374,-947.01001,1267.23462,80.55383,-646.49115,1254.91345,313.16125,-715.83496,1145.73511,113.49891,-873.68549,1287.46472,277.7048,-1010.38947,953.9953,16.47645,-632.38092,1004.27112,442.19693,-834.22156,869.49432,-126.28032,-458.84509,846.28931,327.44052,NA,NA,NA,-648.74878,866.52185,174.32692,-913.20154,900.52234,373.93881,-959.39355,437.86807,152.7719,-632.16754,463.31967,212.10045,-975.22382,83.86188,274.68127,-922.14758,54.62163,345.60489
521,5.2,-593.25452,1362.2373,199.74397,-765.83734,1505.73462,177.75351,-744.52716,1412.67456,38.34888,-573.3028,1296.32751,61.95,-944.31781,1266.10657,74.08456,-644.7464,1253.97742,308.07239,-712.41675,1145.08167,108.25718,-871.5318,1287.00647,271.98236,-1005.38757,951.73151,10.60581,-632.54071,1003.87372,437.65582,-828.05322,867.59131,-130.78027,-457.96109,845.1651,326.37518,NA,NA,NA,-645.5769,866.04163,167.90486,-911.94318,900.07574,367.32242,-957.58087,435.711,149.73558,-631.34741,462.37787,207.43042,-975.37738,84.89386,273.64713,-922.03882,55.02055,343.58813
522,5.21,-590.55902,1361.80188,194.44,-763.41125,1504.63452,172.52628,-741.34949,1411.29053,33.42065,-570.21887,1294.97266,59.09073,-940.98859,1265.09961,67.97822,-642.94116,1253.32031,304.16739,-708.89551,1144.16626,104.24963,-869.10858,1285.63879,266.1524,-1001.15894,950.76764,3.55579,-631.99988,1003.45795,434.35074,-822.38177,866.00098,-135.03572,-456.64856,843.38177,324.11923,NA,NA,NA,-641.71753,865.18127,163.32108,-910.64636,899.3736,361.51193,-956.45087,435.76367,143.72302,-629.77838,462.3559,200.44421,-975.37396,85.54495,272.98926,-922.42157,55.85983,343.16565
523,5.22,-587.61072,1360.52795,190.21886,-760.91962,1503.54553,167.51207,-737.79242,1410.1781,28.00107,-566.6037,1294.62317,54.35854,-937.21552,1263.17236,62.81544,-640.46478,1252.08362,299.14835,-705.82013,1142.9541,100.14368,-866.50116,1284.52881,261.0267,-996.22552,949.46118,-2.46653,-630.04163,1002.8584,432.12259,-815.62769,863.34692,-138.72203,-454.61142,842.18384,322.66803,NA,NA,NA,-638.26764,864.58118,159.05344,-908.42322,897.57239,354.35699,-955.58862,435.64053,137.67603,-628.64978,461.77936,195.47833,-975.69171,86.52366,272.64328,NA,NA,NA
524,5.23,-584.92151,1360.47815,186.3304,-757.98712,1502.46875,161.63544,-734.27069,1409.12085,22.66341,-562.77856,1293.55139,51.23954,-933.62177,1262.349,57.17614,-637.65613,1251.3927,295.32266,-702.03375,1142.17493,94.96416,-863.9765,1283.55664,255.408,-991.93689,948.31573,-8.49385,-629.60327,1002.01123,427.74689,-810.90167,863.84637,-143.85587,-453.71698,841.20453,320.75595,NA,NA,NA,-635.38226,863.03503,154.49406,-906.72601,896.9342,348.69943,-953.38135,434.29727,131.54897,-626.25458,461.26266,189.74614,-975.78973,88.60545,270.85706,NA,NA,NA
525,5.24,-582.15485,1359.38879,181.43068,-755.11664,1501.48901,156.43593,-730.76556,1407.73169,19.03342,-558.61841,1293.05896,45.7612,-929.81628,1261.57837,50.9484,-634.3053,1250.15845,290.40463,-698.5545,1141.14844,90.72884,-861.2644,1283.72595,250.58783,-986.67029,946.57776,-14.08516,-628.38593,1000.94385,423.84259,-804.7619,861.77728,-147.54185,-451.88419,839.61066,319.42569,NA,NA,NA,-632.14575,861.82367,150.08493,-905.0896,895.85175,342.02933,-950.85101,434.35712,124.41259,-624.76447,460.20868,184.29823,-976.04907,90.11321,270.90878,-923.36511,60.7879,340.68857
526,5.25,-579.26935,1358.97327,177.36922,-752.37811,1500.46765,151.39673,-727.2323,1406.78345,13.48869,-554.68365,1292.24854,42.23278,-926.3338,1260.79968,45.5443,-632.04578,1249.66553,286.15115,-696.02625,1141.17517,84.64462,-858.48444,1282.31262,244.48145,-982.53424,945.87024,-19.50345,-626.44238,1000.4704,420.19733,-799.50378,861.01917,-151.63831,-450.21649,837.59595,315.76013,NA,NA,NA,-629.12756,861.34161,145.41705,-903.37244,894.98425,336.07111,-949.00256,434.73102,115.51772,-622.44464,459.0571,179.29665,-977.07562,92.60566,269.34814,NA,NA,NA
527,5.26,-575.30939,1358.0271,173.0811,-748.97668,1499.51233,146.30327,-723.37915,1405.3053,8.6009,-551.44116,1290.81067,38.82114,-922.5224,1259.93176,40.08564,-629.34192,1248.52148,282.28848,-692.10712,1139.45349,80.91599,-855.84894,1281.73718,240.11082,-977.61188,944.86426,-25.02128,-624.76392,999.94781,416.30106,-793.55573,859.48053,-155.56425,-447.86627,836.1189,314.85272,NA,NA,NA,-626.62988,859.76727,140.93076,-901.24939,894.11932,329.77426,-945.6521,432.74939,108.37005,-619.46051,457.54584,175.9908,-976.52863,94.39502,267.66675,NA,NA,NA
528,5.27,-572.33368,1357.71204,168.89102,-745.62323,1498.47021,141.08847,-719.84485,1404.22339,3.65036,-547.94141,1289.87842,34.79649,-918.76575,1259.40894,34.84518,-626.6521,1247.74304,278.32928,-687.9751,1137.94531,77.23038,-852.56152,1280.96545,235.57373,-972.22375,943.51422,-30.16549,-622.09283,998.7179,412.25983,-788.10638,858.19763,-158.75441,-445.91922,834.96271,312.0108,NA,NA,NA,-622.90393,858.62238,135.74548,-899.6153,892.90308,324.09808,-942.09119,432.02374,99.98547,-616.5542,455.19739,172.72704,-976.80408,97.95083,264.15793,-925.30432,72.56513,336.92099
529,5.28,-569.59229,1356.98438,164.69705,-742.68646,1498.16467,136.04185,-716.18134,1403.17346,-1.60075,-544.33002,1288.87256,30.69323,-914.92834,1258.74402,29.97274,-624.25684,1246.36218,274.93237,-684.41364,1138.24475,73.72729,-849.96564,1280.94031,230.5273,-968.2254,943.32117,-35.39605,-619.95422,998.10834,408.32764,-782.58594,857.24146,-162.58582,-443.38181,832.20386,308.37488,NA,NA,NA,-620.16669,857.95923,132.02753,-897.23248,891.29401,318.16245,-937.9129,431.17542,90.30401,-613.74805,453.39301,169.46992,-976.75806,101.57742,259.90616,-925.49371,76.77682,332.48053
530,5.29,-565.6684,1356.0293,160.43851,-738.72589,1497.47144,130.92889,-712.40741,1401.95398,-5.96241,-540.74323,1287.69958,27.47051,-911.53015,1258.68384,24.94757,-621.97021,1245.64636,270.56693,-681.11633,1137.78345,69.43905,-846.83838,1280.17053,225.66501,-963.42786,942.4314,-40.25366,-617.78802,996.96808,403.85828,-777.18127,855.92987,-165.57816,-441.06152,831.40259,306.33218,NA,NA,NA,-617.41138,858.03644,126.839,-894.98248,890.60168,312.33887,-934.56055,431.67017,76.89585,-610.14673,451.7442,167.31065,-976.56067,105.54613,256.22198,NA,NA,NA
531,5.3,-562.98737,1355.3623,156.70329,-735.06024,1496.95654,126.42657,-708.24622,1400.57507,-10.33527,-537.63086,1286.19006,23.64413,-908.01642,1258.65332,19.77419,-618.91547,1244.68958,266.63226,-678.05353,1137.2334,65.51451,-845.26331,1280.28833,220.89001,-958.67224,941.92188,-44.51951,-615.66888,995.81616,400.27982,-771.71619,855.41718,-169.51883,-439.90997,829.03003,301.55157,NA,NA,NA,-614.98657,856.81573,123.31713,-892.30676,889.21771,306.50385,-929.47321,430.80048,64.84362,-606.66425,450.07257,164.64893,-975.68567,109.95075,251.23744,NA,NA,NA
532,5.31,-559.90442,1354.64478,152.25851,-731.70227,1496.78992,120.90754,-704.75159,1400.29016,-14.63498,-534.39056,1285.39929,20.4469,-904.37366,1258.87109,15.26254,-616.0083,1244.08337,262.18185,-674.60242,1136.81799,61.43166,-841.90295,1280.09045,216.32562,-954.04865,941.28223,-48.57172,-613.48474,995.6778,395.84674,-765.94232,854.78412,-172.36053,-436.56665,828.61774,299.8688,NA,NA,NA,-612.05121,856.91797,119.87938,-889.88837,888.77618,300.94217,-923.05267,430.63806,51.89569,-602.58636,449.47037,162.63354,-974.72894,115.31461,244.52206,NA,NA,NA
533,5.32,-556.99384,1353.95374,148.81439,-727.9046,1496.32935,116.02267,-701.11218,1399.23059,-18.59677,-531.26282,1283.74463,16.76217,-901.22992,1258.99902,9.66754,-613.84552,1243.67932,258.77512,-671.37585,1136.90283,56.38406,-838.61554,1279.63928,211.9339,-949.99213,940.69312,-53.37855,-611.40979,995.1394,391.32529,-761.71167,854.62195,-177.87547,-433.85315,828.06134,297.22845,NA,NA,NA,-609.59772,856.81372,114.44572,-887.15265,887.13104,296.05679,-918.51056,430.52222,36.93956,-598.9704,449.29395,161.10707,-973.99194,122.32109,236.09512,-924.05701,107.01006,311.65363
534,5.33,-553.92908,1352.50061,145.4088,-724.77905,1496.00342,112.16223,-697.03912,1398.40576,-23.47193,-528.15186,1282.45361,13.16594,-897.83429,1258.67651,5.6037,-610.87958,1243.41028,254.58331,-668.64569,1136.14624,52.02132,-835.75189,1279.14417,206.69983,-946.21973,940.66241,-58.21195,-608.76703,994.38647,386.89481,-757.05035,854.01556,-180.8947,-431.79526,826.43494,293.43887,NA,NA,NA,-606.34717,856.67365,111.06362,-884.49243,886.51331,291.05823,-914.578,431.97308,20.43876,-594.38623,449.56989,160.02121,-973.35266,128.15419,227.79317,NA,NA,NA
535,5.34,-551.50616,1351.84375,142.32361,-721.5816,1495.49243,107.06201,-693.78406,1397.67407,-27.71185,-524.93707,1281.36206,9.84755,-894.72845,1258.23376,0.1292,-608.31024,1242.77112,250.22408,-665.41711,1136.50293,47.65294,-834.44507,1278.9408,202.58774,-941.59955,939.85132,-61.96392,-606.17084,993.93842,382.64874,-751.51978,853.21539,-183.72395,-429.22311,826.41614,290.11328,NA,NA,NA,-603.30322,856.17737,107.33908,-881.21564,885.74182,285.89645,-910.12518,433.96365,2.77522,-590.62445,450.18222,158.20029,-971.80164,134.97649,217.21095,-923.45496,128.08232,294.3559
536,5.35,-548.52808,1350.48901,138.18396,-718.00018,1494.54663,102.76054,-690.04047,1396.80713,-31.97661,-522.01544,1280.00952,6.76897,-891.75073,1257.94409,-4.79222,-606.75177,1242.66882,246.60602,-662.41571,1135.70227,44.40705,-831.703,1278.48328,197.50313,-937.47626,939.51062,-66.04877,-604.40753,993.84839,378.66147,-746.78125,852.83972,-187.07639,-428.14441,824.85931,286.15591,NA,NA,NA,-600.19904,856.92584,102.99196,-878.34656,884.51727,280.60361,-906.55786,435.35223,-14.82187,-586.55243,449.57864,156.33206,-971.0072,142.16281,205.80894,NA,NA,NA
537,5.36,-546.23682,1349.65417,134.70076,-715.20721,1494.16992,97.97682,-686.39001,1396.13025,-35.69276,-518.89075,1279.0675,3.05992,-888.79785,1257.57251,-9.48596,-603.92853,1242.17151,241.58351,-659.62927,1135.04797,40.27224,-828.63654,1278.18018,193.39658,-933.89813,939.18951,-70.96332,-601.75708,993.15082,374.28442,-742.15009,852.49268,-189.28802,-425.72623,823.97711,281.94144,-740.94757,859.93103,-33.53521,-597.82935,856.28107,100.10278,-876.35626,883.69879,275.88849,-902.5069,438.72144,-34.67535,-583.6106,449.29791,154.72406,-970.7981,149.10536,193.87172,-923.49011,151.19101,273.01724
538,5.37,-543.28625,1348.76819,131.28386,-712.07727,1493.72302,93.8847,-683.11768,1395.26416,-40.60508,-515.93353,1278.29541,-0.11577,-885.60071,1257.21509,-14.42019,-602.04626,1241.7843,238.019,-657.08612,1134.37573,36.30167,-827.12958,1278.59534,188.43042,-930.164,938.39691,-76.34031,-599.27155,992.56702,370.35916,-736.9071,851.66296,-193.08467,-423.65057,823.33551,278.48865,-738.8421,859.25946,-37.74428,-594.80048,856.28876,96.78788,-874.61053,882.79547,271.20453,-896.05377,439.53854,-50.59365,-580.98444,448.28375,153.15968,-969.54395,155.3152,181.8017,-923.8584,161.21002,259.50949
539,5.38,-541.18903,1348.02197,128.38374,-708.70233,1493.4895,89.65684,-679.81,1394.78381,-44.55647,-512.73474,1276.55261,-3.52987,-882.75885,1256.73047,-19.07358,-599.45697,1241.44092,234.28952,-654.78931,1133.90906,31.3684,-824.71112,1277.69446,183.74835,-926.86865,938.03857,-81.34272,-596.94055,992.39832,366.13354,-731.79327,851.09247,-196.04855,-421.5163,822.70428,273.80881,-735.62585,856.96625,-41.86244,-591.72839,855.53491,93.40942,-872.48242,882.23792,266.13647,-889.37061,440.74011,-65.49103,-578.35114,447.54034,152.17128,-968.93805,161.77293,168.78593,-923.73602,170.52263,242.78828
540,5.39,-539.04266,1347.302,124.63406,-705.69824,1493.15674,84.86694,-675.9718,1393.75146,-48.4767,-510.45605,1275.98083,-6.21756,-880.12354,1256.19153,-23.95667,-597.45465,1241.40393,230.16687,-652.27197,1133.2312,28.74085,-822.18439,1277.53296,180.13005,-922.97357,936.97705,-87.12552,-593.36487,992.40344,362.51352,-727.29144,851.14313,-199.75113,-418.55069,822.53778,269.29068,NA,NA,NA,-589.18048,855.15662,91.31072,-871.94287,881.84467,260.74957,-882.59393,443.35306,-78.91134,-577.93903,446.11874,150.49977,-966.92334,163.45116,148.98666,-924.61218,177.80273,232.8343
541,5.4,-537.61847,1345.83362,120.40758,-702.52972,1492.99878,80.24253,-672.35199,1393.50549,-52.17001,-507.40436,1275.06445,-9.75274,-877.34387,1255.79114,-28.70744,-595.87,1241.17151,226.38339,-650.13104,1132.47668,25.5333,-821.25214,1277.93604,174.53938,-919.00897,935.85938,-91.76141,-591.19653,991.51697,357.16953,-722.49585,851.10828,-203.16055,-417.48981,821.88513,265.33701,NA,NA,NA,-586.24353,854.13965,88.1545,-870.4834,880.84186,257.17084,-875.50793,446.42459,-90.37687,-577.38849,445.34738,149.60898,-964.68213,170.65436,139.92525,-926.7879,179.55476,218.85464
542,5.41,-534.90619,1345.46155,117.20664,-699.79712,1492.87317,76.42474,-668.98633,1393.03699,-56.68721,-504.63727,1273.65027,-13.17547,-874.40271,1255.55273,-33.61205,-593.8764,1240.86694,222.34421,-647.64606,1132.59241,20.96412,-818.62817,1277.73389,170.30553,-915.51685,935.79333,-97.91817,-589.11029,991.41711,353.17755,-717.92285,850.16107,-206.90523,-414.64655,821.58545,260.39462,-727.83386,853.87878,-54.60761,-582.96893,853.85419,85.59254,-870.60822,880.49774,252.26419,-868.47363,449.47186,-101.19561,-578.09528,444.08829,146.74568,-962.56372,173.48923,125.22273,-927.40582,179.42671,205.23474
543,5.42,-533.14337,1344.7157,115.11099,-695.96448,1492.35876,72.18021,-665.78705,1392.33044,-60.1024,-502.82623,1272.07581,-15.43648,-871.90247,1255.16211,-38.6046,-592.94702,1241.15283,218.99614,-645.43518,1131.75537,18.28108,-816.54419,1278.04565,165.55527,-912.2901,935.66077,-103.19408,-587.4458,991.33228,349.1723,-713.67047,850.3642,-211.12425,-412.35983,820.98346,260.00317,NA,NA,NA,-581.00122,852.54163,83.29728,-870.45544,880.65424,246.73872,-861.83423,452.87308,-111.33044,-576.65247,444.06287,146.53989,-959.974,174.55861,110.76709,NA,NA,NA
544,5.43,-530.56152,1343.63037,110.71005,-693.27563,1492.66895,66.98973,-662.75836,1392.5542,-65.43098,-499.99323,1271.76733,-18.21798,-869.17877,1255.13794,-43.71672,-591.15411,1241.33081,215.37784,-643.01965,1131.96985,13.71576,-815.53375,1278.76978,160.38152,-908.81,935.60675,-108.7626,-585.27362,990.76556,344.94006,-708.87115,849.58069,-214.36562,-410.26401,820.95203,255.00363,NA,NA,NA,-579.24451,852.65887,80.27299,-869.66345,880.60083,243.19145,-854.14758,456.62836,-120.74869,-575.7569,443.11514,145.46021,-957.52179,174.77969,95.84431,-927.71173,175.42136,174.77278
545,5.44,-529.00549,1344.20679,107.22346,-690.28345,1492.67859,63.00314,-659.13763,1391.73914,-69.7561,-497.03848,1271.19128,-21.16396,-866.36957,1255.12207,-48.39086,-589.76843,1241.18201,211.19867,-640.354,1131.91565,8.96531,-813.30048,1278.4176,155.37524,-905.5542,935.76532,-114.66661,-583.94934,991.49121,342.21783,-705.01526,849.70831,-218.8251,-408.82117,821.72711,250.99457,-717.28827,853.24042,-68.83902,-576.36615,852.80182,75.53709,-869.99786,881.15216,238.35011,-847.62744,459.21622,-129.48499,-575.9527,441.85443,143.33504,-954.12616,174.03809,79.99916,NA,NA,NA
546,5.45,-527.04364,1343.2196,105.15842,-687.45819,1492.68152,58.42753,-655.66156,1391.8783,-73.78061,-494.95251,1270.50049,-24.28315,-863.60144,1255.00806,-53.6399,-588.31238,1241.4259,207.59036,-638.09351,1132.05212,5.86219,-812.25488,1279.84534,150.71404,-902.25159,936.00208,-119.96054,-582.84375,991.16418,336.98221,-700.84186,849.70605,-221.98254,-407.00095,821.42444,246.52452,-714.51288,852.94897,-72.11546,-574.40308,852.68323,73.97463,-870.06183,880.81738,233.44801,-839.75244,461.62192,-136.55893,-575.42578,441.88187,141.85724,-950.2478,171.73946,63.96432,-924.5155,169.44855,147.25085
547,5.46,-524.35461,1343.44348,100.57634,-684.55981,1493.12109,52.70037,-652.81036,1391.9458,-78.54344,-492.19034,1270.13611,-27.76077,-860.67694,1255.16809,-59.16266,-586.70294,1241.93213,203.32294,-635.70563,1132.19568,2.15203,-809.78601,1280.02051,145.90881,-898.33276,935.74884,-123.9117,-580.4834,991.04053,333.63724,-696.78815,849.58325,-226.30885,-405.84003,821.63837,242.41327,NA,NA,NA,-572.34155,852.86279,71.77885,-870.59796,881.55505,226.82919,-833.57147,464.00244,-144.14658,-575.11987,441.70166,141.47711,-945.16046,170.2258,42.63721,NA,NA,NA
548,5.47,-522.87854,1343.44873,96.67062,-681.60999,1493.11157,49.02545,-648.92712,1391.27222,-82.65514,-489.23288,1269.73877,-30.43411,-857.80096,1255.70984,-64.39307,-585.0174,1242.67029,200.14728,-633.42999,1132.40698,-1.62921,-808.24994,1280.67334,140.8632,-894.14111,935.82501,-129.04039,-580.2337,991.87128,329.73016,-692.52563,848.78497,-228.58954,-404.01849,822.04272,238.114,-707.42743,852.4422,-80.13302,-570.21686,853.02863,69.10786,-869.88318,882.14771,221.66151,-826.76031,466.84436,-149.99306,-575.06537,441.40161,140.26076,-940.8222,165.79669,24.53223,-920.99066,154.37257,107.19504
549,5.48,-519.9455,1342.38403,94.24659,-679.05939,1493.74719,43.59128,-645.94769,1391.81567,-87.60578,-486.89413,1268.53015,-32.88811,-855.2132,1256.14465,-69.94167,-583.83734,1242.60632,196.08293,-630.96826,1132.93555,-6.01707,-806.44086,1281.41919,135.44594,-890.46271,936.052,-133.52213,-579.31885,991.80426,323.83069,-688.43073,848.90692,-232.49533,-403.41818,822.27484,234.23442,-703.33069,853.66895,-83.56961,-568.73474,853.18951,67.11495,-870.22382,882.99219,217.47154,-821.55621,469.15952,-156.36122,-575.01044,441.27292,139.08107,-936.38434,160.75456,5.68409,-917.9707,145.6526,86.10639
550,5.49,-518.29199,1343.09741,90.2949,-676.19812,1493.89722,38.55926,-642.599,1391.12524,-90.85947,-484.2103,1268.75977,-36.60147,-852.05652,1256.5376,-75.01585,-583.44867,1243.39099,192.63103,-628.71637,1133.36023,-11.01667,-804.78961,1282.01135,130.88696,-887.22546,936.52747,-138.94629,-577.91406,991.89209,320.90723,-684.64996,848.68481,-235.82248,-402.39603,822.62134,230.2028,-701.37677,853.10193,-87.18309,-567.98853,853.59387,64.23493,-870.92725,883.78778,211.76454,-815.14282,471.07486,-161.51822,-574.37213,441.70642,137.81592,-931.15454,156.07259,-15.4315,-914.97821,137.68839,70.3203
551,5.5,-516.84851,1342.81702,86.94797,-672.98621,1493.97815,34.19846,-639.32635,1390.96387,-95.68917,-481.60187,1267.49207,-39.77591,-848.90851,1257.37134,-80.21282,-582.11713,1243.80225,188.89763,-625.34802,1132.71692,-14.42298,-803.29755,1282.578,125.50655,-884.15692,936.97644,-143.70226,-577.3327,992.00104,315.92334,-680.89087,848.30804,-238.6252,-401.142,823.0202,225.8913,-698.02173,853.05109,-90.69662,-566.41547,854.44897,62.41117,-871.27411,885.04871,203.36963,-810.2417,472.33902,-165.84114,-574.17267,442.0311,137.45016,-926.08429,149.75391,-35.02815,NA,NA,NA
552,5.51,-513.56665,1342.27881,84.12527,-670.56622,1494.98511,29.48459,-636.28955,1390.28296,-99.58546,-479.73706,1266.9375,-42.40751,-846.03809,1258.26208,-85.89909,-581.20325,1244.24561,185.16487,NA,NA,NA,-801.8335,1283.44153,120.80241,-880.8045,937.66919,-149.10443,-576.63898,992.29364,312.17877,-676.55902,847.9455,-241.99699,-400.55963,822.83801,221.9426,-694.76251,854.61084,-94.43435,-565.49518,855.05652,61.19646,-871.05951,885.47894,197.76413,-805.39056,473.04437,-169.85155,-574.22784,442.18036,136.78233,-920.17395,142.87914,-57.41057,NA,NA,NA
553,5.52,-512.82465,1342.67432,80.19225,-667.44354,1495.11768,24.74916,-632.93707,1390.03186,-103.60528,-477.76248,1266.0033,-44.85946,-842.55048,1258.84631,-91.74538,-580.1748,1244.67529,181.5042,NA,NA,NA,-800.36975,1284.29504,114.82082,-877.75964,937.98419,-154.00713,-576.40277,992.23395,308.47305,-673.22577,848.07367,-245.52452,-399.85623,823.79163,217.98061,-691.54547,854.64258,-97.84805,-564.50049,855.2403,59.0437,-871.00085,886.59583,191.06065,-800.88824,473.53482,-173.25949,-574.48346,442.263,136.5472,-914.04041,137.00386,-78.49953,NA,NA,NA
554,5.53,-510.77612,1342.99414,76.78539,-664.94916,1495.56262,18.72212,-630.12335,1390.10266,-108.68362,-475.67575,1265.10559,-48.49667,-839.44159,1259.27124,-97.23252,-579.49469,1245.01208,178.1338,NA,NA,NA,-799.0658,1285.18518,110.20599,-874.46393,938.62964,-159.19315,-575.79285,992.5932,304.33295,-668.72461,847.18158,-248.10884,-399.00504,823.69122,213.97726,-688.79498,854.07172,-100.59203,-563.77319,856.08789,56.85951,-871.86774,888.10925,185.12349,-797.00305,473.02301,-176.29066,-574.74017,442.92853,135.83943,-906.14398,130.45233,-99.41817,NA,NA,NA
555,5.54,-508.66382,1341.36694,73.57553,-661.82489,1495.96973,14.53625,-626.64648,1389.90942,-112.91161,-473.04141,1264.51575,-51.6712,-836.09979,1259.57397,-103.17458,-579.22845,1245.34167,174.75372,NA,NA,NA,-797.48608,1285.3468,104.62447,-871.16827,939.11444,-164.79773,-574.92975,992.73846,300.24701,-664.78088,847.32617,-251.45879,-398.41714,823.8772,210.33429,-684.73169,855.69751,-104.58189,-563.31805,856.45123,54.98496,-873.30133,889.49701,177.5491,-792.96533,472.37827,-178.89307,-575.29047,443.14462,135.46175,-898.41791,124.20462,-119.025,NA,NA,NA
556,5.55,-507.49026,1342.20288,70.13544,-658.92535,1496.37195,9.31124,-624.02325,1389.34912,-116.92193,-471.51193,1263.24817,-54.19394,-832.75653,1260.26636,-109.39921,-578.71112,1245.74902,171.57347,NA,NA,NA,-797.1286,1286.1842,98.1606,-867.76495,939.63947,-170.64793,-574.60706,992.38916,296.12146,-661.26007,847.08923,-254.66565,-397.5159,823.71478,206.05952,NA,NA,NA,-562.86212,856.93317,53.75645,-873.12518,890.21631,170.82793,-789.1911,471.72424,-181.94313,-576.57837,443.12839,135.34651,-889.01971,117.71511,-140.13716,NA,NA,NA
557,5.56,-505.03082,1341.15576,66.63931,-656.125,1496.30896,4.37937,-620.97974,1389.02673,-121.69625,-469.25992,1262.57666,-56.5485,-829.44,1260.74255,-115.34744,-578.47083,1245.81201,168.36093,NA,NA,NA,-795.47974,1286.62073,93.59567,-864.49878,939.86212,-176.25043,-574.4234,992.80072,291.89725,-656.66418,846.99365,-258.07669,-397.58517,824.30304,202.77629,-678.04761,855.72064,-111.3632,-561.65601,856.21851,52.02595,-873.61047,891.27148,164.10954,-785.95227,469.93582,-183.90805,-578.09882,443.51605,135.05879,-878.65619,113.11544,-161.69492,NA,NA,NA
558,5.57,-503.83533,1341.50586,63.49122,-653.55225,1496.48193,0.61255,-617.89703,1388.54504,-125.60534,-467.37241,1261.71045,-59.73935,-825.87262,1260.90881,-121.34834,-577.95502,1245.93677,164.51489,NA,NA,NA,-794.91125,1287.30493,87.62753,-860.87036,940.30499,-182.44301,-574.2251,992.38458,287.59692,-652.04779,846.96582,-261.60303,-397.06491,824.59332,199.87395,NA,NA,NA,-560.95905,856.93835,47.87144,-874.42773,892.77747,157.05475,-783.22113,468.93329,-187.15813,-579.83392,443.31067,134.87894,-868.25708,108.19949,-179.50087,NA,NA,NA
559,5.58,-502.08243,1340.99084,59.51172,-650.59741,1496.08215,-4.1737,-615.15845,1388.16553,-130.10626,-465.08377,1260.87451,-62.86712,-822.43182,1261.19043,-127.7115,-578.54645,1246.09082,161.33014,NA,NA,NA,-794.57898,1287.94189,80.92405,-857.1817,940.8219,-188.95183,-574.2879,992.41315,283.56821,-647.40137,847.09589,-264.51196,-396.79654,825.06085,196.72414,-669.85767,857.21582,-120.26844,-560.27466,856.81519,46.51634,-875.1543,893.70508,150.16873,-780.58618,467.79059,-189.69716,-581.04626,443.78653,134.70607,-856.94287,103.28163,-196.17554,NA,NA,NA
560,5.59,-499.97046,1339.70813,56.16827,-648.40204,1496.02161,-9.23619,-611.97858,1387.61133,-134.00143,-463.22183,1259.98438,-66.33939,-819.02258,1261.41833,-134.15109,-579.40796,1246.19214,158.55287,NA,NA,NA,-793.51166,1288.17114,76.29483,-853.66589,940.67749,-195.17894,-574.24664,991.53723,279.61996,-643.11469,846.552,-268.29858,-396.47687,825.54425,193.33627,-665.24445,856.94031,-123.80675,-558.98059,856.80823,44.24355,-875.90552,894.26788,143.70212,-778.04504,465.84021,-192.54417,-582.3266,444.20065,132.94882,-845.55939,99.57452,-211.57462,NA,NA,NA
561,5.6,-500.23724,1339.32971,49.37783,-646.21729,1495.99683,-13.61046,-608.93451,1386.36047,-137.27495,-461.00604,1259.07336,-68.85263,-816.03827,1261.448,-140.77612,-579.23907,1245.6532,154.52332,NA,NA,NA,-792.63147,1288.84985,69.81584,-849.492,939.98444,-201.88882,-575.46027,991.43298,275.85684,-637.59619,846.10944,-272.00366,-395.78394,825.02246,189.48055,NA,NA,NA,-558.10187,856.1958,40.65135,-876.45917,893.86163,136.09505,-775.84698,464.13593,-195.44406,-583.05292,444.29288,132.48801,-832.17102,102.88223,-236.78621,NA,NA,NA
562,5.61,-497.9231,1338.53259,50.53706,-643.58386,1495.7124,-17.70871,-606.76001,1386.7179,-142.15489,-459.85431,1257.75891,-72.26928,-811.9964,1261.52954,-146.97333,-579.5451,1245.55383,151.60075,NA,NA,NA,-792.55237,1288.70996,62.91188,-845.25818,939.61255,-208.33403,-576.6911,990.94647,272.05304,-632.99756,845.8681,-275.24036,-396.02008,825.13916,186.83339,NA,NA,NA,-557.07141,856.17188,38.21302,-876.23859,894.79303,129.37434,-774.69873,463.85718,-199.52985,-584.02716,444.46402,131.16451,-820.87604,99.56249,-249.55966,-666.23572,141.5127,-75.52296
563,5.62,-496.66754,1338.06091,47.73036,-642.32544,1495.00464,-23.16415,-604.05151,1385.37256,-145.67633,-458.11084,1257.19006,-74.53069,-808.22565,1261.245,-153.66142,-580.61829,1245.26526,148.38899,NA,NA,NA,-791.55475,1288.36682,57.15108,-841.1214,939.83398,-215.36087,-577.06024,989.75958,267.54608,-627.47345,845.34814,-278.81912,-395.82761,824.59131,183.9362,NA,NA,NA,-555.90759,855.44147,36.62739,-876.81598,894.94385,122.29769,-773.27173,461.95953,-202.66425,-585.93329,444.40909,129.86386,-809.26196,99.31978,-262.50845,-259.0838,235.28191,80.4353
564,5.63,-495.34088,1337.36694,42.95675,-640.06384,1495.23743,-27.81912,-602.047,1385.36792,-150.4111,-456.3815,1255.98083,-77.58039,-804.84412,1260.90125,-160.30075,-582.17651,1245.05542,144.79996,NA,NA,NA,-791.65039,1288.8949,50.91887,-836.63678,939.3653,-222.3134,-578.40485,988.88519,263.25571,-622.12091,844.98706,-282.50211,-396.00278,824.75018,180.20735,NA,NA,NA,-555.06757,855.26312,33.5389,-877.72736,894.7832,114.89476,-771.74286,460.5116,-207.3593,-586.4585,444.7049,128.48114,-798.24042,98.42503,-272.45526,NA,NA,NA
565,5.64,-494.7576,1336.63245,41.32503,-638.38904,1494.50391,-31.86549,-599.72668,1384.34448,-153.73067,-455.11584,1255.1261,-80.38725,-801.34564,1260.61133,-167.27618,-582.9126,1244.06128,141.0049,NA,NA,NA,-792.11066,1288.38159,44.22843,-831.90637,939.27954,-229.26508,-579.77844,987.96082,258.87717,-617.21442,844.93451,-286.80191,-396.81842,824.67999,177.65866,-657.63885,850.71899,-150.89272,-554.62732,855.00629,31.33824,-879.49963,895.30774,107.06293,-769.88049,458.85538,-211.77136,-586.36078,445.33521,127.82026,-788.2691,97.81068,-280.51913,-259.0838,235.28191,80.4353
566,5.65,-493.18784,1336.41223,36.77012,-636.59503,1493.95337,-35.90155,-598.00397,1384.22815,-158.43283,-453.93127,1254.0459,-83.66168,-797.32098,1260.11975,-173.62161,-585.04425,1244.25171,138.13284,NA,NA,NA,-791.3291,1289.22168,37.40768,-827.26227,939.48505,-237.11247,-580.87335,986.95245,254.56033,-611.52557,844.08093,-289.96829,-396.4859,824.04877,174.24992,-650.88031,850.67993,-153.99226,-553.88525,853.8681,29.62764,-879.40662,894.3385,100.05848,-766.87537,457.44199,-216.5609,-587.17505,446.23486,124.63416,-780.15692,98.05123,-287.46411,-259.49326,234.45732,80.92233
567,5.66,-492.7775,1335.15662,34.13211,-634.927,1493.52014,-39.82683,-596.17352,1382.98181,-161.59387,-453.00269,1253.21655,-86.96651,-794.03973,1259.7666,-180.91469,-586.66974,1244.56653,134.0386,NA,NA,NA,-791.82593,1288.30957,31.65646,-822.11145,938.2049,-244.5432,-582.30981,985.51843,249.73326,-605.69128,843.47949,-293.80444,-396.87396,823.50537,171.22368,-649.28387,849.80475,-158.49168,-554.75885,853.23187,25.79379,-880.68414,894.50806,92.3509,-763.97119,456.2048,-221.73712,-588.26929,446.20248,124.10882,-773.89001,96.35297,-290.78934,NA,NA,NA
568,5.67,-492.66074,1334.44678,29.54073,-633.88062,1492.77112,-43.6211,-594.61542,1383.00269,-166.29585,-451.87695,1252.09741,-90.39717,-790.06427,1259.12817,-187.28432,-589.12109,1244.14954,131.81148,-592.38531,1131.07849,-69.74275,-792.26544,1288.00769,24.6323,-816.59802,937.29834,-251.49356,-584.59607,984.70227,245.9028,-600.20959,842.14661,-297.24036,-398.11084,823.69562,168.73314,-644.13849,851.1499,-162.60071,-553.98895,853.37714,23.12092,-882.47296,894.60339,84.80577,-760.32184,454.8963,-225.45802,-589.48834,445.76111,121.79103,-768.88226,94.89088,-293.91641,-244.59386,242.97012,71.18593
569,5.68,-492.08188,1333.85742,24.17068,-632.78876,1492.0332,-47.87756,-593.13855,1382.06592,-169.82944,-450.73047,1251.87964,-94.73406,-786.08301,1258.64343,-194.76028,-591.59808,1244.36462,127.7178,-591.1272,1130.8717,-73.02436,-793.00317,1287.97949,16.7278,-811.49939,936.74023,-259.68961,-586.97516,984.26843,241.37218,-593.86884,841.00653,-300.07791,-398.73148,822.94946,164.86375,-642.16968,848.61066,-165.08295,-553.7843,852.80103,21.13643,-884.01752,894.13074,76.60616,-756.96942,454.59421,-230.79131,-589.75836,446.52054,119.33877,-765.63623,92.67063,-294.88895,NA,NA,NA
570,5.69,-490.89874,1332.10889,21.43674,-631.84711,1491.34351,-52.0395,-591.62439,1381.71741,-174.0795,-449.69763,1250.40247,-97.92352,-781.88904,1258.09253,-201.67729,-593.66241,1243.58264,124.6293,-589.71387,1129.50317,-73.55306,-792.64301,1287.23157,10.85572,-806.45123,936.68866,-267.55814,-588.73401,983.73468,236.43118,-588.04675,839.76813,-303.48553,-400.10358,822.91754,162.054,-634.65314,850.32068,-168.91876,-554.02209,852.52704,18.09615,-885.20386,893.55792,66.99213,-753.39215,453.37158,-234.5864,-590.77704,446.46338,117.32011,-764.5199,90.49239,-294.49295,NA,NA,NA
571,5.7,-491.37552,1332.09729,17.81223,-631.00269,1491.18079,-55.51926,-590.56372,1381.5575,-178.36598,-449.5647,1250.06702,-101.64761,-778.28809,1257.56995,-208.88542,-596.95123,1243.39502,120.88419,-588.36353,1128.06616,-74.30505,-793.59631,1286.61707,3.78873,-801.01941,936.23438,-277.20517,-590.65784,982.79517,231.42177,-582.32941,838.8269,-306.63986,-401.28033,822.82196,158.76088,-631.06927,849.29028,-171.40388,-554.4895,851.96674,16.10389,-886.6488,893.58667,58.57753,-750.26703,451.3428,-238.3685,-591.71375,445.55011,114.98689,-764.74359,86.94677,-292.88116,NA,NA,NA
572,5.71,-491.01053,1330.35596,13.66918,-630.37823,1490.53577,-60.24359,-588.41272,1381.39575,-182.08768,-448.46982,1249.23279,-105.30717,-774.53107,1257.19019,-215.87051,-599.5722,1243.3783,117.79411,-588.21863,1128.08093,-82.7449,-794.79327,1286.92786,-4.43065,-795.18793,934.91858,-284.52505,-593.78357,982.17535,227.85432,-576.58276,837.80261,-311.22464,-403.31311,822.99176,155.64803,NA,NA,NA,-554.69525,852.40808,12.65415,-887.54633,892.60205,49.69057,-747.04285,449.96204,-242.03822,-592.03143,445.99817,112.55187,-766.76166,84.83195,-292.29965,NA,NA,NA
573,5.72,-491.15466,1330.54358,10.95097,-629.18127,1490.62793,-64.02499,-587.05286,1381.34619,-186.69751,-448.241,1249.1615,-108.51454,-771.02826,1256.60449,-223.13754,-602.81128,1242.74231,113.99696,-587.46259,1127.92493,-83.67111,-795.16644,1286.39929,-11.36354,-789.19293,934.27362,-292.13947,-596.86578,981.18561,222.79128,-570.35828,836.40045,-314.28189,-404.93481,822.70996,152.52466,NA,NA,NA,-553.83899,851.83258,11.00476,-888.72382,892.59393,41.33974,-744.6084,448.70935,-244.95444,-592.71588,446.35342,109.91754,-769.57245,83.23966,-292.21939,NA,NA,NA
574,5.73,-491.1062,1330.22314,7.21671,-628.51062,1490.56824,-69.39024,-585.27753,1381.8197,-191.26784,-447.01773,1248.37109,-111.60523,-767.66534,1256.17676,-229.55893,-605.48315,1242.88416,110.27908,-585.87189,1127.35815,-83.703,-795.30273,1287.03186,-19.31055,-782.86407,934.18982,-299.01434,-600.01715,980.87634,217.62296,-563.88129,834.3266,-317.0285,-407.38632,822.56061,148.8714,NA,NA,NA,-556.43341,850.55469,7.66263,-890.7381,892.42096,31.51162,-741.88458,447.2175,-248.37918,-593.72168,445.7757,107.28492,-770.89984,84.31875,-292.73926,NA,NA,NA
575,5.74,-491.50848,1328.92139,4.26493,-627.48907,1490.57056,-73.89098,-583.10236,1381.79517,-194.83913,-446.81064,1248.21033,-114.58859,-763.89667,1255.75427,-236.1405,-608.58356,1243.69556,106.96446,-585.49036,1129.03528,-95.90341,-797.13068,1288.79797,-26.05994,-776.43951,932.91486,-306.52142,-603.18982,980.24622,212.35277,-558.45203,832.06305,-319.98929,-409.95874,822.82025,145.77171,-624.30548,850.49884,-187.21074,-556.09637,851.57849,5.17749,-891.24921,892.52478,23.02829,-739.79126,446.49866,-252.50482,-594.32648,446.18494,104.73326,-769.48517,82.46399,-290.07919,NA,NA,NA
576,5.75,-492.25333,1329.32678,1.0906,-627.08691,1490.72888,-78.36011,-581.47467,1382.11816,-199.52914,-445.87494,1248.45007,-118.00914,-760.25488,1255.33789,-243.43124,-610.93964,1244.33313,103.9382,-585.0423,1127.92615,-92.03182,-797.24048,1288.65015,-33.72593,-769.82574,932.20947,-313.91089,-607.06274,979.88165,206.67746,-553.0824,830.81934,-324.18597,-412.49515,822.92126,141.65955,-621.39984,848.59271,-189.60097,-556.17328,851.94244,3.50422,-891.93079,892.00598,13.80004,-739.25708,445.9404,-255.83945,-593.97375,446.46167,101.86201,-768.83545,81.82182,-292.20499,NA,NA,NA
577,5.76,-492.52252,1329.19775,-2.15289,-626.26367,1490.75671,-83.06357,-580.10065,1382.65747,-204.347,-445.33157,1248.48621,-121.90462,-756.72113,1254.62207,-249.65378,-613.28442,1244.30664,98.70248,-584.35431,1127.8385,-94.71924,-796.98572,1288.7511,-40.96511,-763.01306,931.72314,-320.1998,-611.72205,980.41803,201.68671,-547.10992,829.35846,-327.78967,-416.51883,823.80621,139.44214,-617.52905,848.20654,-193.20334,-557.40167,852.74695,1.12731,-893.19635,892.75964,5.81078,-738.83215,445.31876,-260.16559,-593.54865,446.71359,100.53577,-768.13232,81.64251,-293.24158,-711.19397,-35.22698,-108.34691
578,5.77,-492.71634,1329.46338,-5.62132,-625.97601,1491.0647,-88.02368,-577.86853,1382.27466,-208.51532,-444.08655,1248.85278,-124.27067,-752.98987,1254.48181,-256.04135,-615.41101,1245.15881,94.94975,-582.76129,1126.64172,-95.5563,-796.40558,1287.64124,-48.26628,-757.25647,931.92908,-327.51321,-615.53406,979.66577,196.97568,-541.36145,828.14752,-330.67914,-420.03543,823.91199,135.83649,NA,NA,NA,-558.68628,852.96729,-1.11471,-894.26611,893.72894,-2.5075,-738.66138,445.50992,-263.46445,-594.66888,447.46848,97.85574,-767.64075,81.65137,-293.71671,NA,NA,NA
579,5.78,-493.37631,1329.23853,-9.75004,-625.67426,1491.32166,-93.335,-576.63269,1382.68359,-213.01126,-443.3316,1248.71997,-128.0793,-749.77979,1254.24268,-262.51544,-617.17059,1245.32104,89.7923,-582.20233,1127.47656,-100.91294,-796.93719,1289.11121,-55.02029,-750.73883,932.26532,-334.02438,-620.31281,980.3916,191.85509,-536.6911,826.71185,-333.45255,-423.21426,824.25696,132.34454,-613.1402,848.13898,-201.16275,-561.48926,852.65717,-3.75998,-895.31189,893.25012,-9.33245,-738.10901,445.69485,-268.22183,-594.79749,447.70316,93.29613,-767.78485,81.14235,-294.62402,-711.20087,-34.12469,-112.06622
580,5.79,-493.2818,1330.47766,-13.00714,-625.63873,1491.19177,-97.93381,-575.87451,1382.92712,-218.05334,-442.84332,1249.22717,-130.67094,-746.06384,1254.10559,-268.4805,-618.59833,1246.23584,86.7636,-581.95337,1127.68506,-104.742,-796.50568,1289.0376,-61.26561,-745.19623,932.27197,-339.79385,-624.59552,980.7702,187.08202,-531.23535,825.94379,-337.21307,-426.83057,824.38409,128.44893,-610.97156,848.17841,-204.67966,-561.98871,853.53583,-6.2049,-895.95856,894.28625,-17.01138,-737.5014,446.48175,-272.31662,-594.87341,447.8685,90.22039,-767.479,80.05543,-294.63422,NA,NA,NA
581,5.8,-493.40976,1330.32874,-16.14711,-624.90015,1490.77991,-102.49892,-573.92371,1382.13159,-221.61406,-441.95761,1249.03589,-133.83144,-742.51154,1254.31104,-274.63495,-620.91772,1247.32385,81.5599,-581.47565,1127.64624,-107.7188,-796.47937,1289.26953,-67.94968,-739.39246,931.89862,-345.57458,-628.94751,981.03522,181.64279,-526.28687,825.25928,-340.43243,-430.09302,824.69562,125.12048,-609.38562,848.19037,-208.83882,-563.59167,853.24225,-8.25397,-896.46826,893.93976,-23.70444,-737.51569,446.73297,-275.88986,-596.16132,448.76862,87.45713,-767.7298,79.50879,-294.88184,NA,NA,NA
582,5.81,-493.65231,1330.76013,-20.81831,-624.56927,1490.95276,-107.28161,-573.13263,1382.54309,-225.6391,-440.92807,1249.28381,-136.37939,-738.98718,1253.92407,-280.09503,-622.36621,1247.50439,77.89677,-580.48773,1127.13379,-109.77573,-796.54645,1289.31311,-73.68438,-733.85925,931.62042,-350.94131,-633.49426,981.05231,177.81734,-521.95221,824.80707,-342.76129,-434.07712,824.48511,122.50835,-608.04669,848.14349,-212.62531,-564.39337,854.14063,-10.90624,-898.27325,895.14404,-31.05075,-736.20148,447.49097,-280.272,-595.6004,450.40787,83.53949,-767.52637,79.57007,-295.09274,NA,NA,NA
583,5.82,-492.94849,1331.81885,-23.17309,-623.9895,1491.31055,-111.74063,-571.89197,1382.0127,-230.00826,-440.31219,1249.73767,-139.08638,-735.89838,1254.26221,-285.48917,-624.54346,1247.82678,73.48109,-579.76794,1128.07214,-114.75726,-795.77722,1290.13159,-80.03485,-728.63074,931.68359,-356.9935,-637.00031,982.09973,173.11644,-517.61908,824.45215,-345.68283,-436.71121,824.46259,118.62083,-605.89447,848.29559,-215.96956,-568.60364,852.39453,-13.93051,-898.44836,895.84918,-36.97516,-735.20856,447.45605,-284.65454,-595.87573,452.18576,81.70354,-767.53522,78.66508,-295.24176,NA,NA,NA
584,5.83,-493.06747,1331.76685,-26.92119,-623.47113,1491.58362,-115.91943,-570.16113,1381.66943,-233.30817,-439.435,1249.74268,-140.85307,-732.75055,1254.72974,-290.38864,-626.33301,1248.46948,70.41257,-579.48785,1127.47095,-115.93167,-795.65106,1290.03406,-85.98287,-723.73181,932.03638,-361.66449,-640.2406,982.09924,168.58496,-512.99707,824.65967,-348.0061,-440.31348,824.51117,116.02518,-603.86176,848.22229,-218.14198,-571.28888,852.38489,-16.10548,-900.32959,896.97247,-44.06041,-734.27673,447.13715,-287.85571,-596.37024,453.03992,77.89944,-767.25525,78.69331,-296.24521,NA,NA,NA
585,5.84,-493.40994,1332.49158,-30.0225,-622.84741,1491.9906,-121.18777,-569.03113,1381.6178,-237.28862,-438.91727,1249.24976,-143.31548,-729.44672,1254.65894,-294.86017,-627.84454,1249.03345,66.68863,-578.8985,1128.59045,-120.62017,-795.48669,1290.35791,-91.62798,-719.44458,932.04846,-366.38593,-643.6142,982.56537,165.61885,-508.46277,824.45276,-350.58893,-442.97955,824.36353,113.24905,-603.51953,847.82019,-220.9642,-571.28876,853.31171,-18.06034,-901.25525,897.13336,-50.36145,-733.08258,446.55527,-290.88708,-596.09521,455.38342,75.89671,-767.21289,78.10793,-296.25854,-656.89172,-38.99615,185.56981
586,5.85,-493.28101,1333.80884,-32.50516,-622.35895,1492.29358,-125.60032,-567.34088,1381.00952,-240.1754,-438.13712,1249.65979,-145.96147,-726.8833,1255.03174,-299.3093,-631.01715,1249.29407,65.4105,-578.60284,1128.20129,-121.27006,-794.81311,1290.82593,-96.8937,-714.98969,932.30048,-371.26651,-645.7583,983.42029,161.82352,-504.5499,824.86755,-352.81543,-445.31705,824.58606,110.30672,NA,NA,NA,-574.91779,853.1178,-19.77563,-904.0426,898.69232,-58.44813,-732.1673,445.44495,-293.67065,-596.80988,456.99985,71.89401,-766.7558,77.52845,-297.01028,-654.44971,-37.1734,183.99959
587,5.86,-493.28067,1333.71704,-36.3172,-621.85217,1492.61255,-129.98453,-566.521,1381.25537,-244.48004,-437.81635,1249.71191,-147.46362,-723.69537,1255.20117,-304.20248,-631.46375,1249.25781,60.29385,-577.56201,1128.745,-125.75066,-794.25189,1291.03772,-102.35059,-710.21198,933.13147,-375.965,-648.78589,982.51196,156.81668,-500.3768,825.69788,-355.17148,-447.76901,824.4798,108.325,-598.33569,849.05524,-225.34476,-575.37952,853.77808,-22.74288,-904.99854,899.73346,-65.69867,-731.15106,444.62637,-295.36667,-597.15656,458.75674,68.27637,-766.41382,77.09888,-296.97733,-653.57666,-37.49093,181.86406
588,5.87,-494.93155,1333.92175,-39.83843,-620.7876,1492.27722,-133.17651,-564.55798,1380.48413,-247.78116,-436.96997,1250.01624,-149.50281,-720.97028,1255.28577,-308.13977,-633.1889,1250.00037,58.63533,-577.14331,1128.87952,-127.97752,-794.31458,1291.41028,-107.76893,-706.14758,933.59003,-379.69312,-650.61182,982.61365,152.88486,-495.95966,825.49512,-356.08569,-449.43127,824.4975,106.01873,-597.33978,849.51819,-228.18118,-577.72534,854.302,-23.91567,-905.33093,899.38202,-71.05607,-731.03748,444.31189,-297.79187,-597.64575,461.05594,65.83262,-765.74493,76.34753,-297.33359,-651.69708,-37.63105,178.13055
589,5.88,-493.09937,1334.9292,-40.92656,-619.98114,1492.7384,-137.87317,-563.68475,1380.84387,-250.85147,-436.22931,1250.31958,-151.78011,-718.1864,1255.61584,-312.32898,-634.34412,1250.88135,55.50248,-576.9494,1128.47656,-128.76367,-793.84283,1292.0459,-112.38622,-701.92706,934.10364,-384.17075,-650.98358,984.03436,148.76289,-491.93262,826.91791,-357.92041,-450.21884,824.04974,103.59302,-597.10175,849.82025,-228.95741,-578.07446,855.05609,-26.61277,-906.35046,900.87946,-77.96354,-730.95685,442.55786,-299.03555,-597.16467,462.48511,61.9961,-765.81891,76.02705,-297.76324,-637.32727,-56.92306,182.05542
590,5.89,-492.83932,1334.5282,-41.61554,-619.9624,1493.104,-141.78687,-561.99878,1380.43909,-253.43918,-435.41272,1249.91895,-153.67336,-715.23096,1255.59326,-315.41794,-635.72797,1251.20435,52.05372,-576.58685,1128.02051,-129.51331,-792.68713,1291.84143,-117.37444,-698.43341,934.31683,-387.78165,-651.37732,985.06342,147.42378,-488.08914,827.49518,-359.36145,-451.2543,823.91156,102.14355,-594.57471,850.54889,-229.30032,-580.5105,854.68768,-28.7421,-906.97437,900.8056,-82.9976,-730.89539,442.52139,-301.29947,-598.08875,463.98816,58.86029,-765.69269,75.71107,-297.74219,-709.96875,-22.59097,-133.25238
591,5.9,-492.9299,1335.93103,-45.19223,-618.64136,1492.88794,-144.71698,-560.06567,1379.69727,-255.96423,-434.50156,1250.13159,-154.83438,-712.79883,1255.57568,-319.43863,-636.90186,1251.64111,48.87266,-576.03564,1128.19312,-131.52164,-793.19257,1292.5033,-122.24379,-694.36481,934.39307,-391.59921,-652.72253,984.52985,143.23114,-483.88687,828.09662,-360.72516,-452.34143,823.87268,100.84098,-595.98212,849.90936,-232.66953,-583.90131,854.50415,-30.53223,-907.53528,902.06909,-88.85906,-731.18237,442.03708,-302.11053,-598.63373,465.31097,56.15442,-765.75311,75.49305,-297.93909,-710.09845,-20.9559,-135.76385
592,5.91,-492.55206,1335.6217,-46.43328,-617.69409,1493.01294,-148.14545,-559.05371,1379.90112,-259.04288,-433.27139,1250.07288,-156.86179,-709.93109,1255.68396,-322.80637,-637.7262,1252.16663,46.75004,NA,NA,NA,-791.86639,1293.03308,-125.58856,-690.24249,934.70111,-394.2558,-652.96344,985.05975,141.59189,-479.58838,828.78143,-361.96719,-452.8584,824.10022,99.46185,-596.75275,849.66217,-234.40506,-585.46625,854.79041,-32.00377,-908.39746,902.08496,-93.9143,-730.51819,442.09894,-305.02316,-600.19775,466.04324,52.13069,-765.24707,75.10989,-298.35861,-710.651,-19.52052,-137.60258
593,5.92,-491.81699,1336.37769,-48.28461,-616.81567,1493.01221,-150.87541,-557.52234,1379.15088,-261.14822,-432.51001,1250.04456,-157.93533,-707.56378,1255.76392,-326.2576,-639.22498,1251.90759,43.70795,NA,NA,NA,-791.66748,1294.45178,-130.32504,-686.49158,934.65668,-397.27106,-653.21393,985.17963,139.57426,-475.87344,829.4328,-362.59076,-452.8494,824.25537,97.68979,-596.00647,849.59448,-236.36049,-587.24756,856.02338,-32.83709,-909.40265,903.55212,-98.96526,-729.64441,441.44745,-305.95618,-602.02539,467.6142,48.92278,-764.99475,75.16574,-298.60687,-710.9765,-18.85928,-138.71617
594,5.93,-491.60251,1336.09766,-50.90182,-615.9314,1493.02393,-153.60509,-556.12292,1378.68896,-263.37311,-431.85257,1249.90063,-160.11264,-705.32715,1256.15039,-329.08347,-639.5329,1252.36609,41.76588,NA,NA,NA,-790.53931,1294.62073,-133.84375,-683.06714,934.78125,-399.66968,-652.80231,986.68909,137.16936,-471.72879,830.15295,-363.77951,-453.20197,824.96167,96.79675,-595.79688,849.24933,-237.06111,-591.32452,854.57391,-33.94401,-910.28632,903.99945,-103.15997,-728.96411,441.86975,-308.37808,-604.64233,468.21078,45.87578,-764.94855,74.8926,-298.68283,-710.35406,-16.79088,-142.01393
595,5.94,-492.8074,1336.51929,-54.98256,-614.69293,1492.9104,-156.37274,-555.06262,1378.92517,-265.89404,-431.22174,1249.69189,-161.4471,-702.85272,1255.75964,-331.78561,-640.25867,1253.16516,38.64925,-573.58478,1128.84766,-146.29001,-789.86426,1294.92444,-136.98265,-678.91986,934.9519,-402.46658,-651.94641,987.34241,135.16391,-467.97754,830.91461,-364.39444,-453.18509,825.2016,95.97112,-594.30017,849.41595,-238.35437,-593.15509,854.16925,-35.424,-911.02155,904.77563,-107.87807,-728.32208,441.5155,-309.26697,-606.60632,468.37778,44.1545,-764.88837,74.77831,-298.8688,-710.50269,-16.05796,-142.93298
596,5.95,-490.81995,1336.83057,-53.55586,-613.86639,1493.09302,-159.61487,-553.66162,1378.75549,-267.3324,-430.3537,1249.37561,-162.26123,-700.26917,1255.58459,-334.30347,-640.61816,1253.08667,36.33269,NA,NA,NA,-789.22693,1294.88477,-139.30411,-675.58673,935.01874,-404.27884,-652.23541,987.26068,133.54051,-464.14581,831.28284,-364.65707,-452.86963,825.31189,94.21932,-593.36444,849.12891,-240.04271,-594.65619,855.11938,-36.84122,-912.04608,905.46735,-112.72748,-727.43188,440.78616,-310.50378,-607.98621,468.18469,44.2197,-764.40015,74.41861,-298.90613,-709.81409,-14.05,-146.46591
597,5.96,-492.59979,1335.05042,-60.11486,-612.5802,1492.78906,-161.28062,-552.32727,1378.80469,-269.43011,-429.6626,1249.12402,-164.07152,-698.06799,1255.53992,-336.58228,-641.37372,1253.6604,34.67702,NA,NA,NA,-787.64032,1294.24939,-141.29843,-672.31653,935.23035,-406.29309,-652.47058,988.43579,130.20457,-460.58682,831.63843,-366.14944,-452.74969,825.73969,93.08739,-592.82666,848.82813,-240.74643,-596.16791,855.90198,-37.81046,-912.55151,905.61859,-115.56278,-726.74249,440.44659,-311.55499,-613.13037,466.99759,41.41028,-764.30206,74.3647,-299.37192,-709.19733,-13.16346,-148.30621
598,5.97,-492.12881,1336.41272,-60.2468,-611.75787,1492.93701,-162.73332,-551.19025,1378.03357,-270.61578,-429.23782,1248.80493,-164.60521,-695.79346,1255.66687,-338.87372,-641.034,1254.09937,32.44563,NA,NA,NA,-786.61218,1294.61633,-143.57932,-668.30176,935.11377,-408.13785,-652.49835,988.89276,128.21855,-456.9642,831.37848,-366.06302,-452.79221,826.1712,92.5898,-592.56549,847.789,-241.35333,-596.16681,855.84454,-38.31527,-912.64111,906.65186,-119.93227,-726.08173,440.27307,-312.99033,-614.39246,467.15735,42.59922,-764.2171,74.28635,-299.40466,-708.401,-12.81593,-149.36975
599,5.98,-490.0751,1336.39404,-58.20017,-610.36688,1492.71643,-164.61871,-549.8587,1377.90149,-272.5231,-428.2673,1248.16968,-164.82864,-693.90521,1255.27527,-340.54968,-641.33643,1254.28149,31.35114,NA,NA,NA,-785.70459,1294.92444,-145.80807,-664.98724,935.22632,-409.96826,-652.39355,989.12756,126.24388,-453.67896,831.88654,-366.29861,-451.96222,825.54816,90.84013,-590.20776,848.80603,-242.90105,-597.75165,855.44501,-38.7298,-912.47845,906.91968,-123.75932,-725.72626,440.08685,-313.70767,-619.2536,467.01035,42.14899,-763.8017,74.58513,-299.78644,-647.57159,69.7361,13.68908
600,5.99,-488.60324,1336.4425,-59.22316,-609.52026,1492.73035,-166.19171,-548.72595,1377.51904,-274.06058,-427.87231,1247.23657,-165.59348,-692.21729,1255.28223,-342.28891,-642.27881,1255.0603,27.99687,NA,NA,NA,-784.99243,1294.95605,-147.03378,-661.60529,934.84949,-411.3429,-652.66266,989.39478,125.16331,-450.53558,831.81964,-366.49048,-452.06955,826.41632,89.62172,-589.52771,848.58453,-243.36707,-597.46667,856.17285,-40.46391,-912.25879,906.86243,-126.03294,-725.32416,439.88013,-314.43579,-623.01056,465.7366,42.77111,-763.87207,74.09966,-299.62531,-646.52844,67.84738,10.19689
601,6,-488.43723,1336.24963,-60.21202,-608.68372,1492.83679,-168.66061,-547.41125,1377.62903,-275.5726,-427.37003,1246.92029,-165.99422,-690.27612,1255.35596,-344.48761,-640.42023,1255.17163,28.22592,NA,NA,NA,-783.93097,1294.16687,-148.86853,-657.94641,934.5011,-411.76758,-652.8208,988.85919,121.13489,-447.41885,830.74707,-366.08704,-451.77908,827.01929,88.89899,-589.06012,848.32501,-244.0583,-597.38098,856.41559,-41.3311,-911.8584,906.74286,-128.14227,-724.90802,440.11121,-315.97559,-627.79492,464.19232,41.41876,-763.18701,73.44839,-299.49832,NA,NA,NA
602,6.01,-488.3616,1336.14636,-61.29437,-607.14838,1492.58191,-170.20477,-546.33661,1377.01123,-276.46014,-426.31299,1246.42004,-167.29051,-688.72552,1254.96423,-345.6449,-640.37811,1255.04456,27.44891,-570.29303,1129.08215,-158.92992,-782.69452,1294.22009,-150.58356,-654.57581,934.72931,-413.05478,-652.03455,989.48969,121.2965,-444.62347,830.58368,-367.02963,-451.34616,827.26038,87.94666,-587.7298,846.77826,-244.40273,-598.07996,856.3526,-42.02615,-911.19666,907.35217,-130.78244,-724.15283,439.52771,-316.30325,-632.79187,461.81555,40.33262,-763.13068,73.41262,-299.51596,-650.76355,-36.07946,179.56297
603,6.02,-490.33133,1335.08191,-64.8043,-606.36121,1492.31311,-171.29051,-545.34888,1376.41809,-277.39291,-425.87781,1246.15906,-167.69267,-687.22418,1254.57422,-346.66794,-640.11792,1254.74707,25.67991,-569.74524,1128.32825,-157.31511,-782.21838,1294.34521,-151.85873,-651.10504,934.69672,-413.88733,-651.64191,990.29724,119.03373,-441.97263,830.32635,-366.67346,-450.8046,827.39532,86.26045,-585.98584,847.39264,-245.6548,-597.84399,856.77905,-42.32665,-910.78015,908.02643,-133.59198,-723.98218,439.34991,-317.31128,-636.61157,462.25348,41.57783,-763.04529,73.37132,-299.53952,-650.9978,-37.79901,179.37306
604,6.03,-489.51443,1334.73645,-65.35824,-605.49402,1492.21448,-172.49617,-544.19617,1376.36621,-278.69632,-425.64688,1246.07361,-168.38246,-685.66675,1254.17175,-347.60547,-639.93805,1255.70691,24.37749,-568.87927,1129.23254,-161.39432,-780.80859,1294.13696,-153.00235,-648.32245,934.22351,-414.48825,-650.86731,990.60901,118.00909,-439.14691,829.92914,-366.87924,-450.50665,827.86249,85.47551,-584.67218,847.25183,-246.10391,-597.69751,856.89185,-42.34265,-910.3136,908.24371,-135.64249,-723.19366,439.34702,-318.56186,-641.17029,460.35147,40.75123,-762.8075,73.55425,-299.63828,-652.30212,-39.84043,179.99599
605,6.04,-486.80176,1334.91113,-63.39109,-604.50104,1492.19995,-173.6353,-543.17151,1375.95581,-278.91254,-425.1087,1245.91382,-168.68083,-684.23889,1253.66895,-348.85413,-639.44086,1255.67017,24.03588,-568.22418,1129.21594,-161.17462,-780.13538,1293.86145,-154.41142,-645.33838,934.54858,-415.12006,-650.18945,989.83521,117.03629,-436.30692,829.0816,-366.91653,-449.5014,828.21313,84.66247,-583.36053,847.48297,-245.87134,-595.97931,857.47296,-43.82936,-909.38251,908.32697,-136.81677,-722.65698,439.30646,-319.15811,-643.83392,459.11151,40.52628,-762.75928,73.52142,-299.65396,-653.93152,-41.88549,180.88683
606,6.05,-486.30792,1334.79578,-64.08537,-603.72156,1492.03577,-174.8627,NA,NA,NA,-423.86591,1245.06836,-169.45001,-683.11261,1253.15369,-349.44427,-639.05975,1255.78955,23.70422,-567.80957,1129.19849,-159.62776,-779.12775,1293.31543,-155.43007,-642.85614,934.12396,-415.14279,-649.37677,990.64136,116.25455,-434.00348,827.92859,-366.53049,-448.47684,828.36261,82.86282,-582.21838,847.00458,-245.44055,-595.80011,857.54004,-43.81586,-908.56409,908.50958,-138.8054,-722.53265,439.2594,-319.19125,-648.53339,457.26993,38.33089,-762.71045,73.53426,-299.65836,-654.88226,-42.93861,181.43799
607,6.06,-486.5441,1334.96558,-64.69414,-602.61218,1491.44104,-175.01598,-541.37781,1375.00195,-280.75748,-423.50153,1244.32043,-169.29564,-682.30249,1252.84729,-349.90497,-638.16718,1255.92969,22.78252,-566.84119,1129.18909,-160.70653,-777.80139,1293.09595,-155.3297,-640.00214,933.64111,-415.15149,-648.75043,990.02917,115.21895,-431.69128,827.37415,-367.24963,-447.83075,828.4696,82.48273,-580.23022,847.40979,-245.88524,-594.17139,857.13824,-44.28499,-907.80981,908.62555,-139.34711,-722.34247,439.28467,-319.43613,-650.54596,456.9234,39.95513,-762.42621,73.58819,-300.24338,-655.22003,-43.38693,181.61696
608,6.07,-485.53015,1334.26428,-65.1907,-601.95459,1491.30969,-176.13068,-540.14838,1374.13232,-280.95868,-422.9003,1244.20654,-169.93903,-680.87842,1251.95898,-350.29187,-637.6524,1256.04932,22.19781,-566.31873,1129.07593,-160.58823,-780.71265,1294.92297,-162.78044,-637.5816,933.3642,-415.66333,-648.72095,990.07977,114.34842,-429.35257,826.966,-367.39297,-447.21667,828.99542,81.92415,-579.61182,846.96027,-246.57172,-593.69513,856.52771,-44.38797,-907.29974,908.60675,-139.62303,-722.24756,439.25983,-319.45844,-654.49542,455.08426,38.8992,-762.43585,73.70218,-299.94382,-655.23248,-43.28379,181.65071
609,6.08,-486.85559,1333.33386,-67.80115,-601.21582,1491.07239,-176.78929,-538.96405,1373.87061,-281.23361,-422.22992,1243.97412,-170.56935,-679.96088,1251.2489,-349.84274,-636.69897,1256.13843,21.82111,-565.25128,1128.06677,-160.12849,-779.94336,1294.71436,-163.22665,-635.58313,932.7099,-414.6308,-648.37012,990.30463,114.25816,-427.34802,825.86993,-367.59744,-446.33337,829.47754,81.23894,-578.59625,846.33386,-245.93143,-592.4364,856.12439,-44.88738,-906.78973,908.6745,-140.12923,-721.83771,439.03568,-319.54886,-657.60059,454.1055,38.81357,-762.38489,73.70317,-299.95151,-655.27338,-43.23498,181.69577
610,6.09,-486.16461,1333.28516,-68.83096,-600.07446,1491.02002,-177.53165,-538.021,1373.31494,-281.37299,-421.22607,1243.5238,-170.70868,-678.93298,1250.48987,-350.12326,-636.03528,1256.1084,21.87434,-564.80737,1127.98743,-160.01857,-779.14063,1294.78406,-163.1675,-633.40002,932.14893,-413.81381,-646.68243,990.75317,115.20018,-425.38727,825.14166,-367.66931,-445.04941,829.31183,80.55071,-578.78955,846.93695,-246.39449,-591.0246,856.09412,-45.37189,-906.35443,909.08862,-140.55365,-721.78992,439.60565,-319.99011,-660.672,453.0563,39.23082,-762.11273,73.75072,-300.53613,-655.28735,-43.2223,181.71025
611,6.1,-482.36047,1333.91833,-65.89491,-598.92822,1490.84814,-178.09476,-536.84955,1372.38831,-281.54944,-420.31482,1243.23901,-170.93784,-678.26007,1250.16919,-350.44391,-634.60754,1256.24719,22.18708,-563.66577,1126.92371,-159.56387,-777.935,1294.66187,-163.00673,-631.5871,931.74493,-413.79523,-645.36292,990.85358,115.76533,-423.52304,824.89221,-368.33334,-443.91293,829.49969,79.94981,-579.49823,845.86542,-247.48401,-589.97107,855.04681,-45.21107,-905.83197,909.74902,-141.32011,-721.8316,439.58157,-320.4079,-664.91541,451.64746,38.19608,-762.05554,73.72838,-300.5506,-655.36633,-43.28965,181.76062
612,6.11,-481.84192,1334.13452,-65.90528,-597.18896,1490.78503,-178.79927,-535.98242,1372.09058,-282.64594,-419.6106,1243.08069,-170.93057,-677.45129,1249.86951,-350.16071,-633.91162,1256.53284,22.17857,-563.15985,1126.8324,-159.43922,-776.69513,1294.89746,-162.83057,-630.2738,931.3241,-412.80099,-644.28412,990.5072,115.22653,-421.71307,824.36682,-368.87042,-442.64291,829.52576,79.58337,-580.82037,844.77747,-248.31793,-588.24963,854.42145,-46.71756,-905.10999,910.01648,-141.16135,-722.14026,439.97177,-321.13022,-667.20221,450.95129,38.52564,-761.99927,73.70769,-300.56454,-655.64929,-43.53326,181.94048
613,6.12,-479.91382,1333.39661,-66.86133,-596.09607,1490.79004,-179.1825,-534.39636,1371.03687,-282.67468,-418.58881,1242.61426,-170.61145,-676.25464,1249.43164,-350.26318,-632.90833,1256.09875,21.60518,-562.27264,1126.78369,-159.15753,-775.54614,1294.90576,-162.85461,-629.07764,931.20447,-411.77066,-643.69659,990.72406,115.70944,-420.38907,824.06476,-369.61621,-441.99185,829.74908,79.79568,-583.94672,841.98114,-251.74275,-587.93158,853.5752,-46.85578,-904.65942,910.36011,-141.06357,-722.46503,440.36472,-321.54688,-669.42303,450.24994,37.89447,-761.96265,73.70203,-300.57166,-655.89136,-43.70716,182.10214
614,6.13,-480.33701,1333.53296,-68.8728,-595.03119,1490.67041,-179.56268,-533.82025,1371.79736,-283.46332,-417.1268,1242.64917,-170.77472,-675.56372,1249.39685,-350.42563,-631.336,1256.21069,21.59274,-561.74976,1126.82007,-158.95471,-774.44476,1295.35962,-163.10083,-627.91302,931.20001,-410.99216,-642.28845,991.06244,116.18598,-419.4231,823.85181,-369.46176,-441.28058,829.74884,80.04094,-583.48132,841.86664,-251.40891,-587.35657,852.98834,-46.7748,-904.37262,910.90771,-140.75581,-722.92499,440.27753,-322.11618,-670.75024,450.4975,39.02605,-761.8913,73.67701,-300.80164,-655.84149,-43.58318,182.08881
615,6.14,-479.64914,1333.2063,-69.05209,-593.84674,1490.36719,-180.02744,-532.90265,1371.76172,-283.63974,-415.53082,1242.02222,-170.58138,-674.57025,1249.5979,-350.79449,-629.96613,1256.23755,21.02962,-561.12256,1126.66357,-158.8252,-773.27899,1295.81519,-163.42598,-627.02289,930.81512,-410.25159,-641.07312,991.32166,116.97472,-418.19452,823.82837,-369.87021,-440.543,829.8797,80.21868,-584.04755,842.1073,-250.97977,-587.21472,853.04407,-46.76507,-904.26746,911.79303,-141.02226,-723.2226,440.67984,-322.92874,-670.74377,451.25153,38.82137,-761.83728,73.67175,-300.8114,-656.01605,-43.71317,182.20438
616,6.15,-477.67334,1333.15198,-68.14431,-592.28815,1490.19946,-180.33496,-531.95599,1371.33411,-283.44559,-414.53961,1241.7644,-170.64804,-673.10498,1249.09631,-350.23889,-628.38177,1256.22363,20.9689,-559.49469,1124.77332,-158.00926,-771.77899,1295.72083,-163.35951,-626.15826,930.99408,-409.20331,-640.02789,992.03467,117.71056,-417.03989,823.53638,-369.6441,-439.43466,830.24817,80.12935,-583.84473,842.43701,-251.08505,-589.40808,851.21173,-44.17164,-904.29102,912.32343,-141.14865,-723.76288,441.0217,-323.40378,-671.29572,452.58353,39.00555,-761.79395,73.66041,-300.82098,-656.18146,-43.82679,182.31604
617,6.16,-476.74033,1332.96643,-68.6942,-590.42853,1489.69055,-179.7364,-530.71381,1371.35901,-283.68375,-413.75491,1241.51904,-170.23734,-671.78949,1249.14917,-350.35001,-627.43555,1256.35693,20.5975,-558.7627,1124.729,-157.77957,-770.61005,1295.94543,-163.46727,-625.81238,931.03839,-408.55545,-638.76044,992.30072,117.83382,-416.52509,822.8476,-369.63495,-438.39233,829.91119,80.06923,-584.5683,842.7691,-251.31709,-589.31873,851.21356,-44.19467,-904.758,913.00818,-141.64577,-724.19427,440.89825,-322.95633,-670.26923,453.94485,41.09891,-761.7677,73.65759,-300.82578,-656.08362,-43.69225,182.26524
618,6.17,-475.02332,1332.69214,-69.46857,-589.52747,1489.58984,-179.65265,-528.61505,1370.15662,-283.44202,-411.91177,1241.39648,-171.42694,-670.78107,1249.15076,-350.18033,-626.37866,1256.46277,20.66635,-558.19989,1124.67065,-157.61687,-769.32098,1296.0918,-163.21152,-625.11414,931.08801,-407.71878,-638.15668,992.19275,117.98864,-415.93408,822.49274,-370.05511,-438.07312,830.07336,80.38181,-584.49884,843.73682,-250.43309,-589.48499,851.14276,-44.10111,-905.08789,914.05798,-142.21092,-724.81104,440.95831,-322.52078,-670.46405,454.39566,41.19013,-761.74249,73.66192,-300.82864,-656.06317,-43.66477,182.25452
619,6.18,-471.69955,1332.87476,-67.00276,-587.71527,1488.72876,-180.00401,-527.70233,1369.50928,-283.33865,-410.69266,1240.81604,-171.12524,-669.27472,1249.44421,-349.91727,-624.86163,1256.31519,20.913,-557.50275,1124.71777,-157.34756,-768.26471,1296.12512,-163.00653,-624.98279,931.2373,-407.25854,-636.30792,992.8761,118.93098,-415.44913,822.32709,-370.27634,-437.3204,829.76575,80.37045,-583.38757,843.68585,-249.39166,NA,NA,NA,-905.01697,915.12817,-143.75919,-725.60651,440.95319,-321.34451,-670.27197,454.82428,41.97879,-761.75885,73.69749,-300.60461,-656.08698,-43.68251,182.27025
620,6.19,-470.57504,1332.69873,-66.57977,-586.83997,1488.65503,-180.24173,-526.63116,1368.97998,-283.41446,-409.26099,1240.09302,-170.24994,-668.14185,1249.57166,-349.56,-624.00824,1256.10327,20.28354,NA,NA,NA,-767.4425,1296.33569,-162.8649,-624.42389,931.20355,-406.21317,-635.26227,993.24152,119.63965,-414.82864,821.88696,-370.4202,-436.87762,829.73834,80.40861,-583.25092,843.51593,-249.87082,NA,NA,NA,-905.10309,915.37195,-144.92923,-725.99304,440.91455,-321.05551,-671.06927,456.17871,43.422,-761.75403,73.70838,-300.60266,-655.99847,-43.55936,182.22462
621,6.2,-470.17505,1332.02039,-66.98683,-585.39069,1488.15283,-180.5295,-525.91449,1368.56689,-283.6853,-408.87137,1238.64319,-170.46518,-666.79614,1249.49829,-349.0766,-622.63934,1256.2312,20.78947,NA,NA,NA,-766.56451,1296.51111,-162.92618,-624.02393,931.07068,-406.10745,-634.35834,994.00043,120.07818,-414.50183,821.50757,-370.34662,-436.26501,829.44879,80.368,-582.35156,843.85022,-248.50896,-592.41711,852.55426,-41.79488,-905.12061,915.5719,-145.04581,-726.55255,441.16867,-320.06961,-671.87329,455.36774,44.03881,-761.81122,73.82484,-300.29517,-655.89258,-43.41538,182.1693
622,6.21,-467.79288,1330.09448,-67.26392,-583.61707,1487.40527,-179.83275,-524.9776,1368.05347,-283.4263,-408.22272,1237.55212,-170.25261,-665.9173,1249.63806,-349.37079,-621.00922,1256.18555,22.05736,-555.87006,1124.50452,-156.9014,-766.76129,1296.48718,-163.45673,-623.42566,930.86029,-405.86459,-633.45728,992.72296,119.7367,-413.98813,821.28381,-370.24982,-435.51895,828.80499,80.3909,-582.21515,843.68036,-248.98814,-592.91589,852.86572,-41.14507,-905.04193,915.72162,-145.20628,-727.0097,441.0379,-319.47556,-672.76178,455.40338,44.28851,-761.83478,73.83089,-300.28998,-656.21082,-43.65978,182.37827
623,6.22,-467.35764,1329.91077,-66.60412,-582.30048,1486.99133,-179.69881,-523.36316,1366.85779,-282.52002,-407.45416,1237.04968,-170.44922,-664.83344,1249.69897,-349.43701,-622.37671,1256.34619,20.1554,-554.4455,1122.50525,-156.21783,-764.45135,1296.35522,-162.2261,-622.99701,930.96716,-405.85294,-633.03937,992.76715,119.92104,-413.22925,820.90747,-370.03973,-434.92557,828.69861,80.76778,-582.18744,843.25055,-248.25325,-592.81726,852.43256,-41.60609,-905.04645,916.14532,-145.92339,-727.33337,441.00064,-318.54425,-674.22687,453.85645,42.91008,-761.89099,73.91278,-299.99158,-655.87299,-43.37387,182.1624
624,6.23,-467.17953,1329.3186,-66.43525,-580.72571,1486.9552,-180.16791,-522.62964,1366.43555,-282.63715,-407.08408,1236.26868,-170.73228,-663.94537,1249.9314,-348.75137,-621.91998,1256.10974,20.59686,-554.01813,1122.38452,-156.13812,-763.47168,1296.32776,-161.97482,-622.44543,930.93768,-405.72855,-632.77826,992.0177,119.55696,-412.72208,820.90833,-370.09991,-434.18042,828.31006,80.98007,-580.92944,844.21777,-245.63649,-592.88416,851.85663,-42.44838,-904.97339,916.15936,-145.87416,-728.29132,440.89706,-318.37286,-674.47858,453.00766,43.83175,-761.90015,73.91669,-299.98917,-656.0025,-43.60028,182.21872
625,6.24,-465.94781,1327.92163,-66.3344,-579.00842,1486.64148,-179.98177,-521.19269,1365.78552,-282.82806,-406.1676,1234.62451,-170.05122,-662.84442,1249.71448,-348.07245,-620.21893,1255.52051,20.70202,-555.08282,1121.59106,-155.81299,-762.74066,1296.58472,-161.93549,-620.6991,931.43939,-406.28403,-631.92596,991.62384,120.43822,-412.03943,820.87811,-370.03757,-433.77377,827.86359,81.08399,-580.68237,843.50488,-245.59462,-593.38757,851.66113,-42.17917,-904.84869,916.16467,-145.7874,-728.68927,440.92157,-318.48608,-674.78076,452.7966,42.81948,-761.89661,73.93287,-299.98569,-655.96301,-43.54119,182.19931
626,6.25,-467.27887,1326.46802,-69.22508,-577.39978,1485.79285,-179.37187,-520.46649,1365.41956,-283.15305,-406.05646,1233.40186,-169.24527,-662.26373,1249.82959,-348.11688,-619.68481,1255.30615,20.81796,-553.36621,1122.0697,-156.09113,-761.82092,1296.59998,-161.42462,-620.20386,931.4668,-406.56039,-631.46783,991.67883,120.84322,-411.27658,820.91577,-369.73523,-433.38855,826.97809,81.45806,-578.48822,843.13696,-244.96272,-593.57281,850.95227,-42.2396,-904.4809,916.03729,-145.25673,-729.22992,440.5354,-318.08914,-674.51953,452.30728,42.52565,-761.914,73.93342,-299.98282,-656.1095,-43.69233,182.28676
627,6.26,-465.60022,1326.23828,-68.52535,-576.27069,1485.3623,-178.63826,-519.54614,1364.9657,-282.88611,-405.79773,1232.7605,-169.33319,-661.36731,1249.6322,-347.59082,-619.48065,1255.21399,20.69268,-553.12085,1121.79529,-156.16237,-761.22858,1296.78015,-161.11139,-619.38397,931.78076,-407.16824,-630.8924,990.85211,121.17973,-410.39368,820.6109,-369.41687,-433.14355,826.46008,81.94789,-578.26556,842.74622,-245.26144,-593.09741,849.6579,-42.10891,-904.34021,916.1275,-144.70418,-729.62042,440.29492,-317.9566,-674.45392,452.03564,42.51018,-762.06238,73.76256,-299.71777,-656.01648,-43.61699,182.22655
628,6.27,-462.93472,1325.58862,-65.33612,-574.93256,1485.24011,-179.08876,-518.18585,1364.03516,-281.77737,-405.21323,1231.79663,-168.8898,-660.94891,1249.64563,-347.58386,-618.64282,1254.61304,21.18897,-552.76086,1121.69214,-156.09634,-760.51031,1296.8927,-161.27324,-618.42291,931.87518,-407.87668,-629.89343,990.32312,121.22902,-409.59857,820.7915,-369.58633,-432.54025,825.33423,81.89141,-578.3075,840.19543,-247.31331,-591.05231,851.11945,-44.30544,-903.99689,916.16205,-144.07799,-729.93213,440.58347,-318.13724,-674.25336,451.78598,42.29196,-762.06744,73.77495,-299.7139,-656.11371,-43.73871,182.27974
629,6.28,-462.42203,1325.05884,-65.4075,-573.37189,1485.08618,-179.01126,-517.47125,1363.86035,-282.07678,-404.55157,1231.01355,-168.78638,-660.20477,1249.604,-347.17963,-618.242,1254.29443,21.65393,-551.87903,1120.57324,-155.76335,-759.66138,1296.99109,-161.06815,-617.08636,932.30505,-407.9614,-629.63672,990.17157,121.38474,-409.04199,820.73627,-369.56,-432.65182,825.09906,82.02125,-577.81512,839.70715,-247.1956,-590.9278,851.08765,-44.25924,-903.68115,916.52435,-143.12935,-730.10559,440.61566,-318.10022,-674.45459,452.33536,42.16788,-762.0788,73.77811,-299.71133,-656.24402,-43.8851,182.35481
630,6.29,-461.65091,1324.67542,-65.15791,-571.81122,1484.34644,-177.89981,-516.54492,1363.14697,-281.95874,-404.1153,1230.1322,-168.43787,-659.66864,1249.72229,-346.86426,-617.03827,1254.03027,22.08678,NA,NA,NA,-758.67322,1297.24512,-160.97198,-616.12231,932.53906,-408.42813,-629.66016,989.80096,121.46811,-408.11023,820.85486,-368.98138,-432.87021,824.66077,82.18951,-577.81512,839.70715,-247.1956,-590.76453,851.09161,-44.21999,-903.14063,916.87335,-141.93785,-730.42572,440.57117,-317.82391,-674.52777,452.02161,42.48273,-762.07092,73.79139,-299.70926,-656.44897,-44.02493,182.49341
631,6.3,-460.8848,1324.30273,-65.21938,-571.2478,1484.12683,-177.7885,-515.93079,1363.02026,-281.98083,-403.21848,1229.13977,-167.56549,-658.80505,1249.2085,-346.07736,-616.32104,1253.70764,22.47084,-550.6875,1119.45471,-155.32262,-757.83105,1297.06213,-160.39224,-615.45605,932.23474,-407.94293,-629.22388,989.8443,121.61641,-407.48682,820.97821,-368.45557,-432.97003,824.16595,82.33679,-577.33179,839.30536,-246.87578,-589.58936,851.23303,-45.04016,-902.95392,917.06262,-141.40378,-730.88184,440.43103,-317.37433,-674.78693,452.23267,41.12811,-762.08173,73.82083,-299.70023,-656.45398,-44.01145,182.50061
632,6.31,-459.34946,1323.9071,-64.72095,-570.21704,1483.98328,-177.65887,-514.34741,1361.69446,-280.67471,-402.70813,1228.47803,-167.61115,-658.33807,1249.37036,-345.98926,-615.56268,1253.54468,22.88175,-550.27747,1119.43396,-155.19246,-756.96643,1297.04077,-159.83046,-614.28735,932.6507,-407.95758,-629.09601,989.63562,121.96413,-406.79483,820.94922,-368.10669,-433.10501,823.63062,82.33136,-580.10089,838.33972,-249.20645,-588.8172,850.12891,-45.1595,-902.64374,917.50488,-139.90605,-731.55676,440.93625,-317.31348,-674.58594,452.27136,42.51308,-762.09186,73.82391,-299.69788,-656.58746,-44.17869,182.57358
633,6.32,-460.58752,1322.55334,-66.91078,-569.11591,1483.89758,-177.46126,-513.47864,1361.71521,-280.56091,-401.87357,1228.03003,-167.76738,-658.091,1249.29395,-345.83331,-614.0387,1252.94275,23.14353,-549.77759,1119.41162,-155.03203,-756.25342,1296.89746,-159.39676,-613.41956,932.58545,-408.21021,-629.08649,989.32025,121.44149,-405.67633,820.69708,-367.4028,-432.88324,822.39014,81.9278,-578.85974,840.53943,-247.78775,-587.71039,849.66034,-44.66033,-902.36426,917.78809,-139.10399,-732.05725,440.84738,-316.52182,-674.14502,451.8064,42.33233,-762.10406,73.85989,-299.68698,-656.64746,-44.18523,182.62195
634,6.33,-459.85669,1322.6283,-66.49526,-567.71216,1483.43713,-176.97032,-512.70313,1361.35156,-280.35944,-401.52924,1227.8999,-167.71193,-657.44647,1249.43396,-345.49307,-613.59125,1252.70374,23.38663,-549.23718,1119.43738,-154.83023,-755.66992,1297.02075,-159.15648,-612.9762,932.73907,-408.39728,-628.9649,989.09515,121.84809,-405.0549,820.66583,-367.17358,-433.01175,821.13824,81.76138,-580.74316,838.66345,-248.99622,-587.75073,848.98047,-43.62487,-902.04095,918.11267,-138.57562,-732.80615,441.24023,-315.36844,-673.61041,452.22864,42.97353,-762.28534,73.70406,-299.41302,-656.81909,-44.36987,182.72267
635,6.34,-459.42426,1321.73438,-66.58202,-566.64984,1483.25586,-176.64153,-512.0766,1361.30054,-280.07947,-400.67221,1227.62073,-167.58665,-656.74524,1248.9884,-345.0087,-612.58447,1252.90942,23.49114,-550.1524,1118.18774,-153.8058,-754.84821,1297.09375,-158.65854,-611.9209,932.84186,-407.18564,-628.92749,989.0741,121.88739,-404.3454,821.10016,-367.02533,-433.33633,820.35266,81.84782,-581.05731,838.9541,-249.31056,-587.60376,848.72986,-43.81796,-901.76471,918.41522,-136.76184,-733.20892,441.2973,-316.06693,-673.78815,452.05481,43.55417,-762.12585,73.87814,-299.67905,-657.11481,-44.59341,182.91771
636,6.35,-459.05307,1321.36975,-66.53635,-566.11304,1483.04114,-176.78094,-511.62503,1361.20618,-280.0961,-400.19098,1227.13379,-166.93915,-656.35583,1249.19336,-344.84534,-611.84174,1252.7301,24.09872,-549.72571,1118.08813,-154.90593,-754.138,1297.32483,-158.01404,-611.27716,932.87848,-407.03851,-628.88055,989.06219,121.93318,-403.49191,821.1546,-366.39615,-433.6528,819.75342,81.85178,-581.5293,838.95972,-249.03351,-586.85333,848.11212,-43.87735,-901.62354,918.51691,-136.05705,-733.46289,441.45007,-315.43994,-673.72223,452.06696,43.57887,-762.28888,73.71574,-299.40958,-656.85309,-44.39924,182.74429
637,6.36,-457.93311,1321.20422,-66.02573,-565.11432,1482.90002,-176.2841,-510.63687,1360.62769,-279.3772,-399.70248,1226.79529,-166.22339,-656.04901,1249.17688,-344.84457,-611.21399,1252.81433,24.2136,-547.44952,1118.48059,-154.09117,-753.63416,1297.37866,-157.48447,-610.9436,932.99896,-406.56992,-628.84094,988.80542,122.00451,-402.19934,820.87891,-365.57501,-434.00607,819.31616,81.72929,-583.01971,839.36475,-249.48633,-585.92853,847.70538,-44.23618,-901.29858,918.85345,-135.23997,-733.63049,441.80579,-314.82813,-674.17651,452.05551,43.87459,-762.30237,73.73205,-299.40338,-656.97675,-44.48018,182.82869
638,6.37,-457.24435,1320.6875,-65.80416,-564.19519,1482.59204,-175.99982,-509.67783,1360.11597,-278.64835,-399.20642,1226.21313,-166.21843,-655.61133,1249.1864,-344.46356,-610.3689,1251.91187,23.47545,-547.44745,1119.44385,-154.20738,-752.88165,1297.32898,-156.65337,-610.28119,932.79785,-405.76611,-628.46112,988.51849,122.1721,-401.57233,820.84174,-365.30054,-434.47876,818.61066,81.75481,-583.65472,839.28772,-248.58255,-584.95605,847.6283,-43.67156,-901.00793,919.14709,-134.54016,-733.59308,441.70181,-314.85751,-674.1925,451.65991,44.10582,-761.98285,73.56466,-299.1868,-657.09259,-44.6078,182.89597
639,6.38,-456.91501,1320.58533,-65.19673,-563.52539,1482.37927,-176.18857,-509.10172,1360.10303,-278.91742,-397.96976,1226.08264,-166.17963,-654.89508,1248.79333,-343.6987,-609.021,1251.99792,24.22957,-546.60358,1118.48523,-153.7959,-752.11426,1297.46228,-156.76067,-609.86249,932.42786,-404.62177,-628.02521,988.60248,122.33159,-400.95157,820.7558,-364.73312,-435.26978,818.34943,82.50786,-584.33984,839.92194,-248.85623,-584.84998,847.62549,-43.64338,-900.7276,919.41119,-133.4059,-733.61346,441.83127,-314.71368,-674.5296,451.42859,44.1755,-762.14703,73.41372,-298.91418,-657.0965,-44.58488,182.90442
640,6.39,-453.82492,1320.65479,-62.16414,-562.72363,1481.92383,-175.4621,-508.69568,1360.01392,-278.93314,-397.323,1225.42029,-166.28038,-654.59039,1248.88757,-343.45825,-607.2666,1251.6936,25.59184,-546.14771,1118.68848,-154.74088,-751.31781,1297.40771,-156.20108,-609.2196,932.26904,-403.62885,-628.02771,987.88702,122.03014,-400.27692,820.9046,-364.20917,-435.29382,817.30359,82.52521,-584.03204,840.70416,-247.5724,-584.9173,847.28284,-43.33981,-900.54724,919.50879,-132.82167,-734.23804,441.75336,-313.34268,-674.85254,451.23456,44.67063,-762.12555,73.93585,-299.6647,-657.0426,-44.54091,182.86963
641,6.4,-452.98886,1320.65649,-62.35177,-561.68176,1481.91174,-175.26726,-508.31281,1359.91748,-278.94983,-396.9035,1225.02905,-166.11111,-654.23926,1248.78564,-342.93329,-607.98969,1250.63281,23.62688,-545.76996,1118.45105,-153.52731,-750.59436,1297.3656,-155.49539,-608.39777,932.21533,-403.04037,-628.16779,987.78784,122.48346,-399.54599,821.2688,-363.72385,-435.65659,816.27197,83.09578,-585.21918,839.8559,-246.88338,-585.02045,846.91162,-43.03186,-900.31958,919.57294,-132.60661,-734.1485,441.70688,-312.66101,-675.43518,451.24774,44.56786,-762.12982,73.41373,-298.91687,-657.21606,-44.70089,182.97743
642,6.41,-452.42871,1319.98401,-62.29088,-561.10059,1481.74243,-175.17859,-507.59415,1359.63782,-278.44519,-396.33243,1224.5509,-165.64946,-653.82434,1248.60144,-342.65881,-607.19177,1250.77771,23.85314,-545.25726,1118.46826,-153.3403,-750.12476,1297.33972,-155.1698,-607.4339,932.2572,-402.54614,-627.84772,987.56897,123.16125,-398.58398,820.81476,-362.741,-435.71854,815.67377,83.14939,-585.51489,839.74908,-245.82771,-584.95105,846.87671,-42.99787,-900.12982,919.64825,-132.43445,-734.33356,441.63562,-312.414,-675.21503,450.99213,44.83311,-762.133,73.43545,-298.91095,-657.31677,-44.7655,183.04649
643,6.42,-451.45645,1319.79187,-61.86528,-560.40417,1481.453,-175.05083,-507.19507,1359.52905,-278.4639,-395.68707,1224.302,-165.23355,-653.47675,1248.39136,-342.13449,-606.59955,1250.79785,24.06674,-545.00177,1118.42603,-153.27617,-749.42853,1297.33459,-154.60948,-606.62201,932.29626,-401.72928,-627.42468,987.04846,124.70135,-398.00723,820.84161,-362.1441,-435.91159,815.08173,83.42553,-585.21857,839.50018,-245.6974,-584.27692,846.20697,-42.4856,-899.86359,919.9173,-131.65918,-734.3783,441.67786,-312.39523,-675.18689,451.03537,44.74157,-762.13672,73.46052,-298.90414,-657.13123,-44.63228,182.92253
644,6.43,-451.3512,1319.79187,-61.82249,-559.73737,1481.2345,-175.23584,-506.57663,1359.41223,-278.31824,-395.20944,1224.22473,-165.12148,-653.20074,1248.38049,-342.13327,-605.88409,1250.64758,24.45105,-544.15558,1118.0437,-154.38144,-748.9679,1297.23425,-154.28717,-606.25946,932.52045,-400.98553,-626.71246,986.12738,124.83823,-397.48669,820.89417,-361.60074,-435.92645,814.68951,83.56441,-584.55359,839.31061,-245.15575,-584.14612,845.86322,-42.44282,-899.6358,920.12274,-131.18044,-734.37244,441.70654,-312.05865,-675.18195,451.01523,44.75439,-762.14197,73.46619,-298.90192,-657.29321,-44.77189,183.02545
645,6.44,-450.43982,1319.4917,-61.59456,-558.78308,1481.28052,-175.42279,-505.61667,1358.36255,-278.48788,-394.65332,1224.03943,-164.82294,-652.66187,1248.22168,-341.97464,-605.00891,1250.51001,25.33689,-544.86157,1116.6178,-152.18909,-748.35095,1297.21704,-154.10501,-605.79932,932.74268,-400.56415,-626.36316,986.24695,125.12817,-396.50507,821.19727,-360.81924,-436.27655,814.28156,83.86815,-584.2431,839.01788,-244.6022,-583.38,845.94238,-41.828,-899.26501,920.11096,-130.17999,-734.28815,441.85397,-311.98605,-674.88269,450.66327,44.70982,-762.14508,73.48056,-298.89783,-657.30133,-44.71814,183.0444
646,6.45,-451.66348,1319.24744,-63.81108,-558.41003,1481.15295,-175.52438,-504.53937,1357.79077,-277.3215,-394.27924,1223.94385,-164.75987,-652.23322,1248.3927,-341.82217,-604.17834,1250.422,25.38467,-544.66766,1116.50269,-152.20282,-747.91669,1297.3678,-153.81004,-604.62415,932.83472,-400.25385,-625.96747,986.7124,126.01035,-395.56329,821.03992,-360.09778,-436.2356,813.94385,84.26681,-582.75952,838.80988,-243.92657,-583.47723,845.24158,-40.96072,-899.1153,920.19812,-129.74963,-734.33313,441.58737,-311.33466,-674.53992,450.41724,44.88141,-762.12775,73.52718,-298.88895,-657.31207,-44.76625,183.04242
647,6.46,-451.00488,1319.27344,-63.42268,-557.64313,1481.20654,-174.65361,-504.1239,1357.69885,-277.33786,-393.66425,1223.59277,-165.00703,-651.57037,1248.24536,-341.19864,-603.10742,1249.78101,25.3113,-544.44788,1116.46289,-152.14177,-747.36676,1297.36963,-153.66406,-603.96857,932.93738,-400.06006,-625.55737,986.83093,126.35614,-394.73117,821.17676,-359.53445,-436.00729,813.61743,84.49569,-582.21741,838.8222,-243.95441,-582.88049,845.27222,-39.77812,-898.95313,920.23676,-129.5909,-734.34387,441.65063,-311.31564,-674.29547,451.07547,46.30936,-762.01813,73.64633,-298.79611,-657.28119,-44.74144,183.02238
648,6.47,-450.35562,1318.81726,-62.48873,-556.36963,1480.42358,-174.36269,-503.75113,1357.59424,-277.35587,-393.06445,1223.05457,-164.90802,-651.29938,1248.30664,-341.09305,-602.71301,1249.05457,25.46009,-544.30286,1116.34412,-152.17987,-746.67944,1297.3916,-153.63885,-602.83105,933.04999,-399.39038,-625.17975,986.92767,126.67766,-393.77924,821.85144,-359.32172,-436.02499,813.07495,85.30277,-581.67749,838.64697,-244.14224,-582.7774,845.27936,-39.75532,-898.67664,920.39142,-129.34619,-734.48389,441.64532,-311.08386,-673.96942,450.9679,46.11891,-762.15723,73.57356,-298.66,-657.23688,-44.7114,182.99237
649,6.48,-449.64661,1317.771,-63.47281,-555.88257,1480.21814,-174.31615,-503.10956,1357.18469,-277.1658,-392.45236,1222.7865,-164.53893,-650.93848,1248.47388,-340.97775,-600.32898,1250.00757,27.46615,-543.87939,1115.84558,-151.8013,-745.92126,1297.48145,-153.03362,-601.99689,933.14746,-399.22409,-624.84552,987.01843,126.96108,-392.69037,821.74249,-358.55063,-435.75589,811.91876,85.83047,-581.396,838.67206,-244.09326,-582.70508,845.26947,-39.73234,-898.34772,920.61737,-128.7858,-734.50427,441.73746,-310.92566,-672.55353,451.05661,47.16367,-762.03662,73.69968,-298.56711,-657.28821,-44.74809,183.0267
650,6.49,-449.41476,1317.45361,-63.59914,-555.07782,1480.19763,-174.42134,-502.61163,1357.10388,-277.41486,-391.98245,1222.64197,-164.75507,-650.63013,1248.58191,-340.73511,-600.08575,1250.05933,27.38484,-542.45135,1116.95264,-152.57024,-745.0769,1297.31897,-152.78741,-601.00061,933.26331,-399.06845,-624.05206,986.9433,126.76941,-391.62231,822.14935,-358.01895,-436.0824,811.74622,86.85287,-581.11591,838.46008,-244.23123,-582.63147,845.27338,-39.71552,-898.02136,920.76703,-128.06335,-734.68823,441.73495,-310.47092,-672.62842,451.25101,47.4271,-762.039,73.71735,-298.56232,-657.29645,-44.78309,183.02559
651,6.5,-448.80051,1317.20923,-63.28826,-554.56305,1479.96118,-174.50807,-502.46478,1356.46118,-277.97748,-391.34216,1221.55298,-164.45222,-650.19745,1248.48376,-340.38174,-599.79016,1250.13879,27.05553,-542.15887,1116.82458,-152.54276,-744.55664,1297.32495,-152.59863,-599.96252,933.55554,-398.84308,-623.50842,987.47345,127.53818,-390.3537,822.35931,-357.47232,-435.98264,811.13312,86.91333,-580.49152,838.38141,-244.11549,-582.54742,845.26947,-39.69234,-897.71918,920.9411,-127.45647,-734.83063,441.74982,-310.01923,-672.29803,451.08505,47.61496,-762.03833,73.73246,-298.55865,-657.22327,-44.71948,182.9792
652,6.51,-448.15546,1317.27588,-62.92633,-553.73633,1479.73438,-174.81076,-501.45581,1356.60547,-277.62601,-390.7598,1221.02869,-163.86354,-649.83337,1248.30762,-339.79144,-598.5636,1249.9906,27.47206,-541.37958,1115.8689,-152.15144,-743.95233,1297.13818,-152.08607,-598.81256,933.65338,-398.67911,-623.30511,986.94171,127.10453,-389.17413,822.98907,-357.6702,-435.92184,810.7995,87.084,-580.04968,837.92401,-244.21872,-582.73224,844.92383,-39.37846,-897.53552,920.90637,-126.20623,-734.94391,442.06598,-309.79276,-671.87396,451.42621,48.3865,-762.039,73.74432,-298.5556,-657.27991,-44.77362,183.01401
653,6.52,-445.88599,1317.11414,-60.97235,-552.85358,1479.37659,-174.56491,-501.12732,1356.49915,-277.64413,-390.31479,1220.95984,-164.06442,-649.58063,1248.30396,-339.78943,-598.01654,1249.84705,27.63401,-540.9682,1115.82031,-152.03748,-743.55957,1297.08105,-151.83014,-597.65161,933.72119,-398.80551,-622.2962,987.20172,128.2601,-387.68033,823.77362,-357.82767,-436.0582,810.3985,87.44506,-579.90216,837.66272,-243.67972,-583.18939,844.68066,-38.87464,-897.21967,920.9762,-125.79173,-734.94348,442.11374,-309.77982,-671.75708,451.05792,48.89946,-762.04016,73.75714,-298.55225,-657.30066,-44.7765,183.03061
654,6.53,-444.84518,1317.07922,-60.57918,-552.29254,1479.31519,-174.64975,-500.66348,1356.50623,-277.90195,-390.13348,1220.49158,-164.31912,-649.12946,1248.05359,-339.57648,-598.83325,1248.55457,25.01898,-540.69666,1115.79077,-151.96085,-743.0968,1297.20996,-151.4922,-596.70825,934.15491,-398.57217,-621.82056,986.745,128.15262,-386.54166,823.87341,-357.14648,-435.90924,809.96289,87.7329,-580.01379,837.28235,-243.1468,-582.88177,844.37146,-38.90072,-896.90149,921.09613,-125.36494,-734.88885,442.29187,-309.41049,-671.53821,450.93182,48.63643,-762.08734,73.79214,-298.18143,-657.29706,-44.78551,183.02556
655,6.54,-443.70712,1316.00415,-60.77229,-551.26416,1478.64734,-173.84636,-499.77368,1356.02625,-277.03635,-389.66544,1219.96802,-164.61139,-648.84851,1248.05798,-339.57294,-597.9411,1248.87988,25.53398,-539.86554,1114.8468,-151.54492,-742.66736,1297.21802,-150.95306,-595.44196,934.18219,-397.84583,-621.80151,986.7301,128.17366,-385.2106,824.13092,-357.08322,-435.85526,809.53705,88.00937,-580.11084,837.4682,-243.03319,-582.71783,844.40546,-38.87507,-896.55365,921.05609,-124.90354,-734.88715,442.35669,-309.39307,-671.4906,450.92645,48.66167,-762.27673,74.05173,-298.25537,-657.45636,-44.89494,183.1331
656,6.55,-443.04013,1316.18225,-60.82203,-550.52844,1478.40649,-173.63693,-499.27841,1355.50183,-276.82974,-389.27588,1219.76343,-164.55815,-648.03638,1247.9939,-338.90637,-597.15814,1248.92834,26.582,-539.43665,1114.87817,-151.37926,-742.11639,1297.01001,-150.60593,-594.3277,934.42889,-398.01645,-621.40991,986.34875,128.26335,-383.62985,824.61719,-356.88507,-436.02411,809.5968,88.51778,-580.14435,837.45685,-243.04765,-582.1062,844.50153,-38.46015,-896.28857,921.31274,-124.06782,-734.87598,442.40988,-309.38037,-671.3512,450.73871,48.43351,-762.21411,74.14215,-298.14282,-657.30597,-44.81588,183.02606
657,6.56,-442.7366,1316.02771,-61.01463,-549.93652,1478.16565,-173.28273,-498.86401,1355.13843,-276.88205,-388.95215,1219.32385,-164.48758,-647.5282,1247.88574,-338.35178,-595.95081,1248.87512,26.6978,-539.07788,1114.87036,-151.26016,-741.75867,1297.12549,-150.196,-593.46362,934.31439,-397.83569,-621.35272,986.33661,128.31863,-382.8476,825.16833,-356.85477,-435.89755,809.37012,88.95221,-580.01428,837.11792,-243.00098,-581.86365,844.55225,-38.42237,-896.0415,921.43958,-123.21417,-734.80359,442.42538,-308.76279,-671.33215,450.70535,48.45987,-762.21881,74.16463,-298.13647,-657.28839,-44.78726,183.01796
658,6.57,-444.1297,1315.30627,-63.98332,-549.41382,1477.97192,-173.20439,-498.26443,1354.47839,-276.78769,-388.36914,1219.20557,-164.56583,-647.23999,1247.96899,-338.30066,-595.55487,1248.54126,26.72415,-539.69269,1113.99573,-150.47061,-741.12616,1297.46411,-150.02594,-592.58051,934.50403,-397.47125,-620.91949,986.46765,128.48868,-381.77161,825.62219,-357.13297,-435.72482,809.18103,89.21868,-580.03406,837.13104,-242.98912,-581.34418,844.40118,-38.24337,-895.77338,921.6687,-122.85559,-734.62842,442.3754,-308.2189,-671.24377,450.73682,48.48517,-762.19434,74.18028,-298.13641,-657.30573,-44.80785,183.02768
659,6.58,-443.70227,1314.81506,-63.414,-548.56195,1478.09021,-173.82971,-497.95807,1354.38916,-276.80319,-388.1832,1218.82776,-164.55249,-646.9657,1248.0614,-338.21884,-594.2735,1249.53406,28.99889,-539.41425,1114.02649,-150.32484,-740.49225,1297.4679,-149.76367,-592.17023,934.55353,-397.26266,-620.58246,986.24713,128.73962,-381.14166,825.78925,-356.96576,-435.6376,808.90448,89.83352,-579.9696,836.97925,-242.90962,-581.18182,844.40411,-38.20344,-895.50269,921.79956,-122.80232,-734.72308,442.35202,-307.29163,-671.37158,450.73834,48.8186,-762.19244,74.20897,-298.12958,-657.26215,-44.79425,182.9946
660,6.59,-442.60968,1314.64648,-62.92516,-548.01184,1477.90942,-173.86653,-497.39615,1353.99487,-276.61099,-387.94373,1218.60034,-164.70908,-646.16919,1247.50891,-337.3869,-593.28015,1249.33923,28.8436,-539.22565,1114.021,-150.24855,-740.16565,1297.42346,-149.53171,-591.53607,934.74493,-396.46628,-620.23291,986.35535,129.03281,-380.65329,825.94012,-356.92807,-435.23126,808.23676,90.30679,-580.02728,837.15588,-242.96301,-580.32733,843.82758,-38.01745,-895.12042,921.62115,-122.40392,-734.52185,442.63354,-306.62628,-671.30939,450.58731,48.8999,-762.18848,74.20724,-298.13062,-657.34528,-44.89991,183.03967
661,6.6,-442.12976,1313.88562,-63.18138,-547.02985,1477.92432,-173.65015,-496.93054,1354.07495,-276.776,-387.2261,1218.3501,-164.31474,-645.94965,1247.53345,-337.22064,-592.67828,1249.53186,28.94602,-538.91254,1114.00378,-150.12868,-739.40454,1297.21082,-149.06804,-590.97601,934.38116,-395.60593,-619.86475,986.48413,129.33807,-379.87967,826.08917,-357.30493,-434.88104,808.12598,90.52139,-579.71521,837.09338,-242.66248,-578.95813,843.66138,-37.24121,-894.76282,921.82538,-121.97303,-734.4267,442.81479,-306.54715,-671.25513,450.58481,48.92682,-762.18073,74.21842,-298.12903,-657.17078,-44.78778,182.92009
662,6.61,-441.979,1313.96936,-63.48529,-546.3269,1477.80896,-173.33501,-496.2981,1353.81982,-276.36215,-386.25687,1217.875,-164.03975,-645.57141,1247.66284,-337.34341,-592.08875,1249.18909,29.4323,-538.46954,1113.83569,-149.81067,-738.63226,1297.18896,-148.72192,-590.73224,934.49066,-395.2417,-619.4931,986.61566,129.64586,-379.40768,826.01093,-356.61081,-434.53104,807.98798,90.80939,-579.73907,836.8045,-242.20349,-578.88177,843.66785,-37.22482,-894.15997,921.71814,-121.0966,-734.31635,442.81555,-306.18765,-671.03857,450.5217,48.96946,-762.17169,74.23282,-298.12686,-657.38489,-44.97263,183.05608
663,6.62,-439.11905,1314.66687,-60.28719,-545.10028,1477.3811,-172.43651,-495.46347,1353.32678,-275.61743,-385.56427,1217.61328,-163.69624,-645.21442,1247.79773,-337.38199,-592.05237,1249.02893,29.28558,-538.31067,1113.81677,-149.75861,-738.07062,1297.21008,-148.3448,-590.495,934.20728,-394.85718,-618.79181,986.48914,130.0602,-379.17703,825.81775,-356.40985,-434.108,807.80078,91.28413,-579.54919,836.48724,-241.96613,-578.87494,843.6684,-37.22335,-893.7962,921.90009,-120.57949,-734.26422,442.90295,-305.8779,-670.21387,450.37341,49.20575,-762.14789,74.26225,-298.12326,-657.41125,-44.97276,183.07797
664,6.63,-438.2471,1314.31128,-60.42147,-544.72522,1477.18982,-172.37947,-495.04184,1353.27881,-275.85526,-385.09695,1216.92004,-163.4933,-644.93616,1247.73877,-336.77362,-591.54034,1249.26648,29.81851,-536.771,1114.91797,-150.43895,-737.61987,1297.14795,-148.03033,-590.3288,934.10602,-394.52866,-618.07568,986.34271,131.47913,-378.89963,825.45715,-356.15659,-433.88126,808.11469,91.54583,-579.46344,836.49274,-241.95341,-578.89838,843.23944,-37.43232,-893.49017,921.95367,-120.107,-734.31348,443.19647,-305.81808,-669.9342,450.33939,48.91172,-762.09021,74.34557,-298.01178,-657.37683,-44.98318,183.047
665,6.64,-438.02725,1314.54346,-60.67366,-544.43237,1477.16772,-172.3588,-494.57333,1353.2467,-275.49463,-384.5481,1217.02576,-163.75859,-644.48407,1247.51599,-336.43878,-590.54877,1249.13281,30.20836,-536.41315,1114.91809,-150.3158,-737.13275,1297.30798,-147.7317,-590.31134,934.10132,-394.53329,-617.61871,985.55505,131.34863,-378.99054,825.33923,-355.96442,-433.26468,808.04382,91.85502,-579.11066,836.48773,-241.67848,-578.88477,843.2406,-37.4294,-892.87018,921.92438,-119.50697,-734.06793,443.13474,-305.33133,-669.08966,450.10632,49.91175,-762.08777,74.35732,-298.00922,-657.18488,-44.75482,182.93933
666,6.65,-439.59729,1313.68042,-63.10135,-544.03564,1477.18481,-172.24887,-493.88879,1353.05103,-275.44257,-384.37698,1216.90112,-163.54688,-644.04541,1247.23755,-336.24722,-589.93323,1249.03552,30.45036,-535.55548,1113.9823,-149.88606,-736.7356,1297.33679,-147.31398,-590.32568,933.86237,-394.05923,-617.35907,985.95294,132.70792,-379.15601,825.05688,-355.52634,-432.94263,807.93762,92.30556,-578.23285,836.21008,-241.272,-578.849,842.40454,-36.94265,-892.58929,921.88763,-119.26872,-734.01416,443.15366,-305.33487,-668.3385,450.08884,50.32425,-762.1347,74.61239,-298.04477,-657.27454,-44.86385,182.98909
667,6.66,-439.1528,1313.59973,-62.82245,-543.36249,1477.25586,-172.65892,-493.37402,1353.28442,-275.4462,-384.01959,1216.69324,-163.3353,-643.85004,1247.23901,-336.24509,-589.38348,1249.03516,30.68333,-535.70349,1115.03381,-150.00539,-736.34698,1297.36072,-147.31931,-590.46375,933.79846,-393.84778,-617.31384,985.84277,132.16676,-379.05057,825.03076,-354.88449,-432.68579,807.99689,92.61211,-578.11493,836.22235,-241.24969,-578.04071,842.3429,-37.46296,-892.25677,921.87048,-119.00478,-733.93103,443.19794,-305.33621,-668.23285,449.59927,50.78555,-762.07782,74.38695,-298.00342,-657.21259,-44.81749,182.9481
668,6.67,-438.634,1313.85901,-62.57395,-543.01709,1477.33191,-172.73854,-492.89212,1353.29443,-275.15802,-383.54919,1216.86829,-163.40962,-643.57819,1247.32068,-336.00726,-589.04865,1249.09314,30.64371,-535.33868,1115.02173,-149.88696,-735.81012,1297.19055,-146.96539,-590.64038,933.68335,-393.63837,-617.27765,985.84473,132.1994,-379.22626,824.75507,-354.7822,-432.01129,807.98761,92.88475,-577.94855,836.24109,-241.21674,-577.38397,842.35345,-37.07635,-891.55194,921.62268,-118.10275,-733.58313,443.11441,-305.25073,-668.20087,449.58865,50.80617,-762.05957,74.40775,-298.00107,-657.08081,-44.7168,182.86145
669,6.68,-438.11346,1313.51111,-62.77759,-542.2887,1477.20667,-172.94055,-492.39529,1353.37085,-275.36884,-383.44888,1216.72998,-163.10889,-643.2251,1247.19299,-335.67072,-588.27985,1248.65552,30.53198,NA,NA,NA,-735.46521,1297.25476,-146.88596,-590.73169,933.65283,-393.63165,-616.46259,986.16516,133.01054,-379.46994,824.60883,-354.55734,-431.67648,807.93994,93.47036,-577.60327,836.36151,-240.99286,-577.18262,842.41907,-37.05592,-891.22412,921.55676,-117.84628,-733.52399,443.104,-305.26312,-667.69415,449.68161,51.49062,-762.12878,74.66474,-298.03265,-657.3017,-45.01292,182.9778
670,6.69,-437.32294,1313.41174,-61.83158,-541.36346,1476.88855,-172.97681,-491.63574,1352.86987,-275.215,-382.63074,1216.3833,-162.30627,-642.97888,1247.31055,-335.31116,-588.2843,1247.03113,28.05033,-533.6499,1113.11145,-149.05896,-735.11273,1297.28113,-146.86011,-591.02887,933.44562,-393.36737,-615.72546,986.22131,133.21724,-379.70648,824.52917,-354.60278,-431.40005,808.04547,93.87658,-577.17499,836.1554,-240.71582,-577.01495,842.12903,-37.17583,-890.7182,921.78094,-117.76961,-733.40381,443.17331,-305.15829,-667.61835,449.69931,51.51716,-762.05469,74.42026,-297.99872,-657.2077,-44.8557,182.93536
671,6.7,-436.67789,1313.16968,-62.32798,-540.55048,1476.70959,-172.36957,-491.12674,1353.22571,-275.42862,-382.21762,1216.19678,-161.96335,-642.58313,1247.09583,-335.04214,-588.19647,1246.86108,28.18057,-534.51526,1112.45117,-148.45729,-734.27667,1297.52698,-146.88573,-591.61975,933.01776,-392.82776,-615.65527,986.21503,133.28296,-379.97568,823.92151,-354.83463,-430.80081,807.89111,94.18008,-576.92023,836.07935,-241.02785,-576.22668,842.45288,-36.64037,-890.46552,921.79016,-117.58263,-733.16284,443.18198,-305.05206,-667.06049,449.65903,51.2268,-762.04718,74.4444,-297.9939,-657.06299,-44.80327,182.82701
672,6.71,-436.4928,1313.30737,-62.66445,-539.7735,1476.58191,-171.72783,-490.20776,1352.83459,-274.55222,-381.20276,1216.22632,-161.75249,-642.37781,1247.05371,-335.04688,-587.95013,1246.94214,28.3891,-534.35199,1111.93579,-142.01564,-733.81201,1297.67004,-146.56613,-592.13434,932.76385,-392.66833,-615.52808,986.07428,133.30055,-380.37585,823.84741,-355.03998,-430.22263,807.73853,94.38174,-576.33099,835.77692,-240.52327,-575.60828,842.44879,-36.38997,-890.23114,921.97662,-117.63284,-732.79407,443.17291,-305.04022,-666.99103,449.6828,51.24718,-762.11206,74.71019,-298.02396,-657.14722,-44.79914,182.89796
673,6.72,-436.24173,1313.28345,-61.92843,-539.47668,1476.56299,-171.7063,-489.47916,1352.53467,-274.50018,-380.81314,1216.15857,-161.62169,-641.99414,1246.76221,-334.84134,-587.05011,1246.74048,28.50318,-533.71558,1112.64807,-148.37569,-732.74805,1297.27197,-146.4247,-592.5625,932.48425,-392.75153,-615.3631,986.24414,134.0968,-380.64883,823.6778,-355.05847,-429.99719,807.82349,94.7452,-576.22192,835.76654,-240.52498,-574.91931,842.65491,-35.97321,-889.93579,922.04474,-117.14721,-732.53448,443.10156,-304.9357,-666.65692,449.72806,51.24136,-762.11072,74.70853,-298.02457,-650.66028,57.72377,-6.71446
674,6.73,-435.89587,1312.86646,-61.46329,-539.18964,1476.52161,-171.69212,-489.05469,1352.4696,-274.51361,-380.26141,1215.85742,-161.75786,-641.68719,1246.82922,-334.95407,-586.57556,1246.72302,28.7231,-533.28711,1112.3446,-148.17886,-732.37512,1297.2356,-146.17355,-592.9787,931.85767,-392.40881,-614.84247,986.29346,133.75771,-381.05649,823.32104,-355.06775,-429.65149,807.81641,95.36601,-576.09619,835.75342,-240.52817,-574.13165,842.21912,-36.29271,-889.50397,922.28326,-116.54216,-732.43494,443.12973,-304.94406,-666.5484,449.7597,51.27613,-762.10742,74.71754,-298.02286,-650.61322,57.73674,-6.67295
675,6.74,-432.80682,1313.91101,-58.08006,-538.64795,1476.6051,-171.68536,-488.53687,1352.14148,-274.56241,-380.04654,1215.81165,-161.09444,-641.28223,1246.53601,-334.74878,-586.25549,1246.44275,28.95028,-532.88434,1111.73682,-142.22954,-731.7652,1297.59497,-145.9799,-593.29846,931.75671,-392.42673,-614.09937,986.10663,133.66159,-381.48779,823.44019,-355.52954,-429.41104,807.83411,96.4522,-575.99585,835.74823,-240.52534,-573.53503,842.11554,-36.52414,-889.22693,922.29248,-116.34849,-732.33942,443.17206,-304.94794,-666.18445,449.88596,51.25018,-762.09326,74.73946,-298.01962,-650.55737,57.80493,-6.5337
676,6.75,-431.85712,1313.78931,-57.71572,-538.02863,1476.66064,-171.98502,-487.89886,1351.78955,-274.39697,-379.20676,1215.67334,-161.12427,-641.01959,1246.5896,-334.72372,-585.10052,1246.38477,29.81659,-532.74048,1112.32275,-147.96381,-731.23438,1297.36243,-145.47333,-594.30511,931.30597,-391.97299,-613.07947,985.78363,134.09317,-382.5925,823.33594,-355.8909,-428.82141,807.40881,96.70088,-575.74188,835.90442,-240.7469,-573.37939,842.16113,-36.50579,-888.57794,922.29498,-116.25652,-732.19971,442.9184,-303.96939,-665.93945,450.0509,51.00832,-762.09515,74.74165,-298.01877,-650.51349,57.80674,-6.51255
677,6.76,-431.56506,1313.6936,-57.65358,-537.22766,1476.54626,-171.9399,-487.52621,1351.71387,-274.41153,-378.79318,1215.63464,-160.54126,-640.57495,1246.4137,-334.65961,-584.3855,1246.54822,30.2036,-531.01367,1112.98157,-148.22842,-730.8078,1297.27625,-145.179,-594.95892,931.19019,-392.1123,-612.55817,985.75189,134.42744,-383.02258,823.2583,-355.95724,-428.64597,807.38684,97.35272,-575.422,835.99664,-240.94576,-573.29553,841.82043,-36.30707,-888.15118,922.09003,-115.61489,-731.88275,442.74667,-303.44803,-665.7572,449.74094,51.39064,-762.08337,74.74913,-298.01874,-650.62244,57.7439,-6.66457
678,6.77,-430.95551,1313.44421,-57.79256,-536.20013,1476.13672,-171.6198,-487.05264,1351.6001,-274.43274,-378.17023,1215.4552,-159.65288,-640.37207,1246.35876,-334.66641,-583.60602,1246.26794,30.22671,NA,NA,NA,-730.37958,1297.22571,-144.88435,-595.66351,930.70172,-392.05679,-612.1272,985.56366,134.58267,-383.85645,822.80096,-356.07175,-428.1622,807.19812,97.45989,-574.84479,835.47839,-241.16776,-573.2995,841.5119,-36.04816,-887.83069,922.07782,-115.38971,-731.6394,442.89172,-303.60724,-664.75299,449.76599,51.72907,-762.06989,74.77097,-298.01541,-650.73468,57.58529,-6.9812
679,6.78,-430.98358,1312.95508,-57.25846,-535.43933,1476.18469,-171.78879,-485.96741,1351.38843,-273.79858,-377.3851,1215.29419,-159.66162,-640.0033,1246.38525,-334.82892,-582.82599,1246.65344,30.5136,NA,NA,NA,-729.87946,1297.26721,-144.69041,-596.80402,930.54889,-392.88757,-611.79089,985.7041,134.85609,-384.62756,822.49573,-356.58984,-427.88736,807.25012,98.09244,-574.57013,835.26453,-240.46802,-572.19354,841.77673,-36.04279,-887.22693,922.2077,-115.21249,-731.57227,443.09329,-303.42926,-664.28931,449.87961,52.19664,-762.06714,74.77002,-298.01608,-650.62115,57.71163,-6.71904
680,6.79,-429.75662,1312.8595,-57.34275,-534.55591,1476.07104,-171.76909,-485.00687,1350.58289,-273.35278,-376.87317,1215.08228,-159.2542,-639.22943,1246.02063,-334.30884,-582.47504,1246.13928,29.88301,-528.98065,1111,-147.32304,-729.15814,1297.4259,-144.589,-597.84235,929.76099,-392.26111,-611.52008,985.82892,135.07344,-385.3764,822.3446,-356.88486,-426.88461,806.56696,98.05004,-574.21112,835.0434,-240.80455,-571.79004,841.30231,-36.08144,-886.61566,922.20123,-115.03481,-731.36487,443.23105,-303.50937,-663.54218,449.85535,52.81463,-762.06549,74.77468,-298.01517,-650.6145,57.61293,-6.8846
681,6.8,-429.05121,1313.2511,-57.2093,-533.78308,1475.89038,-171.76457,-484.11844,1350.34814,-273.73196,-376.37122,1214.91968,-159.37975,-638.77753,1245.74561,-334.55109,-582.02118,1246.14087,30.10932,NA,NA,NA,-728.28577,1297.57214,-144.54665,-599.22418,929.23883,-392.51346,-611.02362,985.95807,135.2812,-386.24933,822.12329,-357.63956,-426.39673,806.32538,98.59278,-573.70276,834.72137,-240.327,-571.78693,841.30505,-36.08192,-885.98895,922.44403,-114.7504,-731.28625,443.24332,-303.51874,-663.16034,449.47498,52.6027,-762.06073,74.77885,-298.01489,-650.71735,57.60083,-6.94756
682,6.81,-428.72412,1313.20093,-56.53051,-532.96765,1475.63757,-171.24263,-483.41629,1349.98132,-273.53409,-376.14682,1214.59863,-159.33578,-638.47998,1245.72119,-334.55222,-581.03906,1246.354,30.53112,-529.28009,1109.98157,-141.10759,-727.83752,1297.59802,-144.4416,-600.42181,928.62933,-392.30161,-610.78705,985.76746,135.52031,-387.74399,821.68835,-358.4201,-426.13205,806.3537,98.96151,-572.98651,834.71851,-240.01294,-571.77838,841.29407,-36.07457,-885.61938,922.46393,-114.48055,-731.21246,443.23737,-303.53226,-663.11688,449.38873,52.22665,-762.04834,74.78305,-298.01578,-650.62183,57.65291,-6.81945
683,6.82,-429.88736,1312.28857,-58.90282,-532.26178,1475.63269,-171.3692,-482.91006,1349.90857,-273.54977,-375.44424,1214.23389,-158.81348,-637.82465,1245.60901,-334.28101,-579.63379,1247.15771,32.83908,-527.65985,1109.78601,-144.71275,-726.83752,1297.56079,-144.08406,-601.78699,928.26697,-392.03543,-609.5506,985.59277,135.73553,-389.14362,821.17291,-359.04327,-425.92682,806.26135,99.33131,-572.87482,834.46149,-240.24739,-571.44598,841.09802,-35.9224,-884.99622,922.18542,-113.86287,-730.96198,443.28702,-303.44797,-663.02197,449.14899,52.3814,-762.06006,74.79103,-298.01196,-650.65533,57.56703,-6.97966
684,6.83,-428.93933,1312.26404,-59.02536,-530.9928,1475.06934,-171.1572,-482.08884,1350.1676,-273.48779,-374.59842,1213.17114,-158.52599,-637.341,1245.67273,-334.33618,-578.57135,1246.94165,33.08028,-528.29205,1108.96985,-142.1107,-726.06049,1297.62292,-144.05234,-603.82166,928.26691,-392.68085,-609.47778,985.39703,135.80176,-390.90387,820.77051,-359.60953,-425.68335,805.95233,99.88655,-572.83203,833.93304,-239.69629,-570.83777,840.72003,-36.21548,-884.63391,922.13721,-113.59628,-730.74213,442.99759,-303.17093,-662.25,449.40424,51.9477,-762.04535,74.80548,-298.01068,-650.64233,57.60804,-6.90439
685,6.84,-426.08472,1312.29871,-56.30309,-530.18048,1474.93726,-171.72893,-481.61108,1350.06445,-273.50781,-373.97668,1212.96973,-158.14165,-636.62939,1245.35022,-333.7012,-578.23535,1247.02368,33.19033,-528.07538,1108.96704,-142.20195,-725.51678,1297.54541,-143.69781,-605.30438,927.28876,-392.33173,-609.34283,985.20245,136.61844,-392.51871,820.30499,-360.91449,-424.88968,805.33539,99.97477,-572.81305,833.71558,-239.91908,-569.90668,840.87964,-35.54726,-884.05377,922.40436,-113.85908,-730.6828,442.99069,-303.18237,-661.82129,449.67133,51.52934,-761.89478,74.98661,-298.05841,-650.6933,57.492,-7.12322
686,6.85,-425.79605,1312.75208,-55.88356,-529.27435,1475.09009,-172.18489,-480.55847,1349.51978,-272.79095,-373.54587,1212.59387,-157.95511,-636.23077,1245.44812,-333.81656,-578.41162,1245.33667,31.00773,-527.21252,1109.51538,-143.13432,-724.82367,1297.55457,-143.36337,-607.49945,926.96277,-393.16852,-609.16589,984.87445,136.22803,-394.54379,819.37897,-361.5332,-424.72153,805.54321,100.87116,-572.81238,833.45563,-240.18732,-569.7453,840.89722,-35.5142,-883.77863,922.57471,-113.90051,-730.60278,443.00278,-303.19202,-661.77161,449.45062,52.00509,-761.88489,74.98529,-298.06027,-650.59637,57.51509,-7.04393
687,6.86,-426.72397,1311.45081,-58.77517,-528.29895,1474.91138,-171.64532,-479.33554,1349.09729,-272.23016,-372.94409,1212.55603,-158.06248,-635.82037,1245.42078,-333.49759,-578.0517,1245.12549,30.77201,-525.82001,1109.19153,-143.62418,-724.11969,1297.40222,-142.7646,-609.69617,926.33923,-392.48123,-608.4729,984.71362,136.01213,-396.60031,818.47186,-363.15741,-423.79041,805.32849,100.97118,-572.84351,833.16174,-240.49341,-568.59723,841.05713,-35.47837,-883.49927,922.93176,-113.46808,-730.08002,442.82916,-302.94037,-661.5722,449.6749,51.52278,-761.71661,75.15885,-298.19504,-650.72046,57.41269,-7.26964
688,6.87,-426.00507,1310.79932,-58.89727,-527.24756,1474.67065,-170.85788,-478.73462,1349.03442,-272.2457,-371.79803,1212.28748,-158.12469,-635.23419,1245.26453,-333.22607,-576.84344,1244.5874,31.40884,-525.20435,1109.3949,-144.00189,-723.45544,1297.71716,-142.25264,-611.71808,926.67267,-393.50635,-607.29437,985.20752,137.12546,-399.03513,817.448,-363.40247,-423.50958,805.34937,101.34335,-572.85114,832.45825,-240.89211,-568.11285,840.92584,-35.57714,-883.02356,923.1507,-113.44547,-729.87909,442.61542,-302.21942,-661.29962,449.73294,51.4786,-761.88129,75.00771,-298.05527,-650.67456,57.50063,-7.10082
689,6.88,-425.28107,1311.05261,-58.46384,-526.35504,1474.10327,-170.48373,-478.17087,1348.93945,-272.26566,-371.35394,1212.12476,-157.3477,-634.97742,1245.27209,-333.22263,-576.17822,1244.65283,31.83276,-524.53009,1109.448,-144.44933,-722.35144,1297.92126,-142.53474,-614.45428,926.25067,-393.8877,-606.6933,984.9541,137.86415,-401.48181,816.9408,-364.7261,-422.52472,804.52838,101.98958,-573.05121,832.01538,-241.46056,-567.80817,840.99536,-35.53175,-882.388,923.53882,-113.70396,-729.55719,442.82675,-302.92783,-661.2619,449.46109,51.62193,-761.86823,75.01149,-298.05637,-650.65588,57.46058,-7.16139
690,6.89,-424.20721,1310.58203,-57.69156,-525.23596,1474.41211,-170.63068,-477.04211,1348.91943,-272.07614,-370.24551,1211.57593,-156.56082,-634.49847,1245.15161,-332.67337,-575.01733,1244.66309,32.57943,NA,NA,NA,-721.44751,1297.91882,-142.32198,-616.92188,926.39386,-394.43716,-606.24658,984.71167,138.60924,-404.49936,816.13293,-365.3266,-422.02896,804.33734,102.48552,-573.36578,831.68384,-242.05891,-567.5556,840.77551,-35.41847,-882.00183,923.55029,-113.46687,-729.38525,442.95572,-303.0545,-660.9787,449.49368,51.59895,-761.70813,75.16879,-298.19388,-650.63831,57.42302,-7.2182
691,6.9,-423.27768,1310.79285,-57.11717,-524.54333,1474.41516,-170.82906,-476.13638,1348.95349,-271.97937,-369.19473,1211.23047,-156.26468,-634.22101,1245.17383,-332.66751,-574.26813,1244.38757,32.00683,-524.07471,1108.13416,-138.74008,-720.61542,1297.93555,-142.06989,-619.47461,926.02563,-394.3793,-605.59528,984.82788,138.96785,-407.42032,815.16693,-366.81375,-421.65842,804.4093,102.9949,-571.96729,832.26959,-240.85764,-567.3382,840.83679,-35.39154,-881.28387,923.68079,-113.50105,-729.21771,443.07074,-303.03885,-660.92896,449.51569,51.61101,-761.63251,75.35491,-298.13651,-650.67841,57.38342,-7.30222
692,6.91,-420.7981,1310.72742,-54.35301,-523.47644,1474.39197,-171.03343,-474.76074,1348.26257,-270.81854,-368.56116,1211.24121,-156.32912,-633.8681,1245.31299,-332.76086,-573.67297,1244.02649,32.44562,-523.74109,1108.00171,-138.76608,-719.74426,1297.8772,-141.61751,-621.71777,925.54602,-395.19507,-603.97235,985.23254,140.41997,-410.40042,814.24677,-367.57645,-421.254,804.18103,103.55351,-570.31738,833.13794,-238.32558,-566.86975,840.60095,-35.29991,-880.4679,923.68304,-113.08206,-728.98859,443.17856,-303.31448,-660.87494,449.52844,51.62994,-761.50562,75.48045,-298.37491,-650.66278,57.35112,-7.35087
693,6.92,-420.36243,1310.90625,-54.35278,-522.22876,1473.7627,-169.59937,-473.86145,1347.62244,-270.69562,-367.99594,1211.24841,-156.23709,-633.62048,1245.33569,-332.75519,-572.51794,1243.64661,32.89297,-522.82111,1107.40125,-137.52689,-718.85345,1297.90906,-141.02902,-624.64545,925.89917,-395.6676,-602.92834,984.76465,140.50064,-413.55435,812.74866,-368.8873,-420.47537,803.62628,103.95219,-570.05823,832.19586,-238.73203,-565.80383,839.94818,-35.19013,-879.82117,923.67487,-113.41908,-728.81134,443.23853,-303.25659,-661.12054,448.57315,50.38698,-761.62006,75.3674,-298.13531,-650.6073,57.36989,-7.29602
694,6.93,-421.09573,1310.29102,-56.26506,-521.22919,1473.43823,-169.84851,-473.05807,1347.23547,-270.53876,-366.80676,1211.04028,-155.60088,-633.08966,1245.34436,-332.18454,-571.237,1243.26782,32.44981,-522.16919,1107.7655,-138.9722,-719.03052,1298.04236,-140.77649,-627.8681,925.8092,-396.37778,-602.04395,984.20013,140.7805,-416.87134,811.54291,-369.93781,-419.99307,803.37433,104.47302,-567.26776,833.58203,-237.95239,-565.00348,839.69678,-35.62859,-879.06891,923.72601,-112.75018,-728.62555,443.29706,-303.50171,-660.7464,448.30408,50.57942,-761.49786,75.47996,-298.37625,-650.56903,57.38706,-7.25102
695,6.94,-419.43475,1309.88074,-56.65718,-520.28278,1473.54578,-169.95761,-472.13812,1346.90942,-270.85864,-365.84152,1210.95544,-154.73521,-632.5614,1245.72424,-332.37643,-570.42053,1242.95178,33.25072,NA,NA,NA,-717.29498,1298.07581,-139.33125,-630.79724,926.52277,-396.9017,-601.48126,984.07855,140.92764,-420.65744,810.78564,-371.13388,-418.85175,803.07019,104.85043,-566.73535,832.50354,-239.02824,-564.79932,839.0694,-35.90464,-878.65222,923.8407,-112.47446,-728.52789,443.31085,-303.51373,-660.53564,447.94931,50.15102,-761.60425,75.38685,-298.13297,-650.7157,57.18117,-7.66245
696,6.95,-418.40677,1309.72595,-55.22686,-519.2724,1473.57861,-169.55556,-471.01465,1346.37158,-270.14355,-364.92572,1210.14514,-154.18611,-632.15881,1245.75635,-331.98669,-567.85925,1243.70117,36.36176,-519.81207,1107.61731,-144.88577,-715.81458,1298.12402,-138.40169,-634.0863,925.90082,-396.74698,-600.72174,983.64453,141.41792,-424.23441,810.05121,-371.9115,-418.2207,802.82251,105.48084,-566.53467,832.09637,-239.19914,-564.39856,838.4859,-35.5691,-878.23315,923.91217,-112.37694,-728.45367,443.30646,-303.83798,-660.1366,447.99411,50.34686,-761.38599,75.29408,-297.99356,-650.52979,57.28604,-7.40713
697,6.96,-415.66043,1309.81128,-52.80925,-518.37952,1473.40393,-169.44449,-469.91544,1346.12146,-269.35443,-364.30563,1209.87122,-154.20464,-631.72961,1245.95654,-331.68018,-567.48541,1243.44446,36.48612,-519.13159,1106.80408,-143.87474,-714.9212,1298.25049,-138.35957,-637.04761,926.96783,-397.79782,-600.05408,983.6535,141.85693,-428.27875,809.11639,-373.38382,-417.26898,801.83643,105.75089,-566.59955,831.84424,-239.01202,-563.67682,838.38843,-36.09217,-877.45062,923.98438,-112.5576,-728.03021,443.46344,-303.52667,-659.23584,448.53177,51.4711,-761.32861,75.15816,-297.51883,-650.5896,57.22878,-7.52939
698,6.97,-414.97736,1310.24414,-51.9549,-516.82037,1473.30164,-168.36217,-468.77896,1345.96606,-268.99512,-363.14417,1209.80029,-153.77522,-631.31635,1245.79419,-331.27887,-567.33105,1241.5177,33.8596,-519.48315,1106.45447,-143.4057,-713.77234,1298.13965,-137.40544,-640.46918,927.23114,-398.41031,-597.88361,983.03503,141.76735,-432.16241,807.72845,-373.59149,-416.15134,801.10016,106.19145,-566.38654,831.68146,-238.89325,-563.61395,838.36505,-36.06491,-876.84259,924.2605,-112.58437,-727.93707,443.46643,-303.54089,-659.13812,448.56589,51.49961,-761.25537,75.41288,-298.23428,-650.58252,57.25885,-7.47517
699,6.98,-413.91705,1309.6416,-51.16293,-515.49176,1472.63037,-168.62979,-467.96683,1345.97253,-269.19638,-361.95844,1209.15332,-153.09892,-631.31824,1246.25989,-331.04483,-566.51788,1241.12402,33.34471,-518.54395,1106.24609,-139.65921,-712.9032,1297.9657,-136.82454,-644.14343,927.28656,-398.24753,-596.68823,982.65582,142.20636,-436.69458,806.7132,-374.99438,-414.8172,800.65289,106.51473,-566.07446,831.87421,-239.33627,-563.14557,838.18939,-35.83723,-876.46814,924.33911,-112.61977,-727.86273,443.48285,-303.54846,-658.99152,448.61026,51.54597,-761.44482,75.52599,-298.37308,-650.53705,57.2022,-7.55307
700,6.99,-413.30994,1309.29834,-51.17207,-514.67432,1472.25647,-168.59642,-466.67944,1345.57483,-268.46259,-360.66827,1209.00745,-152.39125,-630.55872,1246.33569,-330.37552,-564.50952,1240.91614,34.63558,-518.04706,1106.04468,-139.71336,-711.90753,1298.26343,-136.37265,-647.51251,927.96802,-398.69272,-595.47815,982.33026,142.2354,-440.74252,805.62909,-375.64804,-413.27762,799.7467,106.8848,-566.01581,830.98669,-239.66585,-561.68481,838.29041,-36.14631,-876.15363,924.33258,-112.1328,-727.28143,443.39297,-303.46579,-658.69495,448.39847,51.5446,-761.43848,75.55173,-298.36765,-650.58466,57.11061,-7.72884
701,7,-411.80673,1308.87585,-50.57871,-513.38684,1472.12305,-168.49663,-465.71588,1345.29456,-268.0455,-359.98343,1208.58069,-152.25818,-630.22125,1246.66724,-330.29852,-563.20966,1239.91479,34.28058,-517.6745,1105.81726,-139.94647,-711.05591,1298.4071,-135.85495,-650.78369,928.41486,-398.65652,-594.29974,982.1593,142.78661,-444.57086,803.82617,-376.04666,-412.17615,799.15961,106.92302,-564.51141,831.32922,-239.82219,-560.6557,838.21045,-36.85373,-875.61493,924.60657,-111.91178,-727.20264,443.40546,-303.47513,-657.58459,448.40433,50.70484,-761.16095,75.29473,-297.76099,-650.66888,56.9225,-8.08427
702,7.01,-410.77466,1308.03479,-50.98268,-512.48486,1471.96826,-167.75735,-464.62921,1344.96472,-268.05695,-359.02542,1208.1991,-151.3837,-630.19312,1246.71582,-329.80643,-561.68738,1239.31091,35.13186,-517.34424,1105.63501,-140.10498,-710.26721,1298.16895,-134.77852,-653.8186,928.77679,-398.965,-591.92621,981.41022,142.806,-449.1315,802.79138,-376.96722,-410.87482,798.34735,107.5898,-563.04272,831.30548,-240.21521,-560.87012,837.87762,-36.45177,-874.74011,924.61102,-111.7514,-727.02173,443.55707,-303.52145,-657.4162,448.42001,50.62087,-761.03973,75.39472,-297.98401,NA,NA,NA
703,7.02,-409.85852,1308.16272,-49.99537,-510.83261,1471.20105,-166.58138,-463.50418,1344.78235,-267.56885,-358.14182,1207.82947,-151.18089,-629.62079,1246.67346,-328.93945,-561.17847,1238.20667,34.45727,NA,NA,NA,-708.83734,1298.36536,-134.49179,-657.14117,929.37677,-398.9281,-589.81769,981.06927,142.96567,-453.00339,801.07605,-377.38223,-408.64267,797.58691,108.03757,-562.11823,831.43445,-240.53279,-560.03595,838.22882,-37.16031,-874.05151,924.45685,-111.28531,-726.94934,443.58069,-303.5267,-656.28131,448.32361,51.0496,-761.09845,75.5375,-298.45663,NA,NA,NA
704,7.03,-408.76062,1308.4895,-49.37011,-509.82327,1471.11072,-166.77618,-461.86368,1344.09912,-266.04547,-357.02454,1207.50989,-150.6373,-629.28265,1247.06738,-328.45016,-559.84802,1237.9314,33.98196,NA,NA,NA,-707.58038,1298.15698,-133.11348,-659.9118,930.15088,-399.05658,-587.36188,980.41602,142.60689,-457.33124,800.01318,-377.94031,-407.26285,796.91895,108.38469,-561.12598,830.52515,-240.75842,-559.97742,837.47131,-37.55584,-873.55072,924.49091,-111.11009,-726.87598,443.60583,-303.53174,-656.0094,448.24747,51.31713,-761.30322,75.65421,-298.5921,NA,NA,NA
705,7.04,-407.78018,1308.17212,-48.94236,-508.96048,1471.09021,-166.76141,-460.56711,1343.69653,-266.26587,-356.10144,1206.94214,-150.07236,-629.06,1247.27454,-328.43079,-557.87598,1237.16589,34.22792,NA,NA,NA,-706.46686,1298.25964,-132.50403,-662.63776,930.83289,-398.64908,-584.96619,979.90436,143.01761,-461.1373,798.71844,-378.35434,-405.02515,795.43573,108.43211,-561.34772,829.98047,-241.73038,-560.09137,836.10345,-37.59862,-872.92938,924.75128,-111.022,-726.67084,443.76437,-303.72598,-654.74146,448.23047,51.48121,-760.68591,75.59345,-298.086,NA,NA,NA
706,7.05,-407.00302,1308.00586,-48.42761,-506.83301,1470.53564,-165.93791,-459.68188,1343.29639,-266.11368,-355.108,1206.42029,-149.22911,-628.86658,1247.51331,-328.22131,-556.30865,1236.69324,35.74873,NA,NA,NA,-705.62341,1298.20288,-131.65677,-665.57037,931.26788,-398.69055,-582.78851,979.14832,143.46066,-465.22839,797.95471,-378.84412,-402.60077,794.59125,108.33669,-561.51245,829.86725,-241.89043,-557.97858,836.26331,-38.01935,-872.47192,924.79065,-110.57967,-726.50201,443.84341,-303.94321,-654.06335,448.12469,51.09781,-760.82977,75.56593,-298.1973,NA,NA,NA
707,7.06,-405.24298,1307.33594,-47.6643,-506.02225,1470.39771,-165.5867,-458.647,1342.68188,-265.70453,-354.24789,1206.01965,-148.78461,-628.55896,1247.67114,-327.92102,-555.28229,1235.98315,35.43135,NA,NA,NA,-704.53271,1298.19238,-130.46657,-668.01819,931.53284,-399.15009,-580.39935,978.60431,143.72583,-469.02054,796.75232,-379.17004,-400.90381,793.82721,109.22762,-560.77838,830.58032,-242.87646,-557.32813,836.0849,-37.59841,-871.92938,924.96783,-110.34411,-726.46844,443.85782,-303.9447,-653.90717,448.03876,51.12894,-760.87799,75.71959,-298.66876,NA,NA,NA
708,7.07,-405.96448,1306.43091,-49.63128,-504.99905,1470.3418,-165.35919,-457.31427,1342.25073,-264.47754,-353.47519,1205.42371,-148.39603,-628.06604,1248.12,-326.93384,-553.77069,1235.5824,35.65486,NA,NA,NA,-703.81061,1298.20642,-129.79877,-670.80316,932.25061,-398.14349,-576.82349,977.63562,143.32025,-472.60236,795.48407,-379.41434,-397.63028,793.01013,109.0102,-563.78992,828.68787,-242.32135,-557.76556,835.62366,-38.60832,-871.52563,925.08276,-110.08257,-726.05365,444.21448,-304.28882,-653.271,448.12268,50.55019,-760.71326,75.74783,-298.56064,NA,NA,NA
709,7.08,-405.48083,1305.84741,-49.40683,-503.73654,1469.62134,-164.51826,-456.37479,1341.92615,-263.98962,-352.27231,1204.98071,-147.83528,-627.78314,1248.48779,-326.62463,-551.58942,1235.06921,35.8032,NA,NA,NA,-702.58459,1297.94922,-128.98615,-673.23352,933.12598,-397.74268,-574.82349,977.73724,143.20341,-476.49182,794.6944,-379.74225,-395.41272,792.04279,109.03611,-563.3183,828.83759,-242.60405,-556.99817,835.45569,-39.39193,-870.82013,925.21167,-110.18851,-726.06049,444.23471,-304.26477,-652.76794,448.49167,50.4278,-760.85468,75.72908,-298.67004,NA,NA,NA
710,7.09,-404.61121,1305.68982,-49.3666,-502.57147,1469.29236,-163.82016,-455.7139,1341.81152,-264.01523,-351.19757,1204.16602,-147.11826,-627.40497,1248.67334,-326.11584,-550.47253,1234.11084,35.62352,NA,NA,NA,-701.23907,1298.07483,-128.3244,-675.50177,933.0448,-397.1846,-571.14117,976.41235,142.85889,-479.66797,793.7793,-379.86905,-392.89209,791.14874,109.548,-563.565,828.34827,-242.8476,-556.38531,835.17084,-39.34994,-870.39728,925.43134,-110.05432,-725.9328,444.34772,-304.20938,-652.43073,447.97006,49.35146,-760.62775,75.6045,-298.09232,NA,NA,NA
711,7.1,-402.53113,1304.94434,-48.51441,-501.41074,1468.66797,-163.18336,-454.2608,1341.06372,-262.86871,-350.37534,1203.89343,-147.27733,-627.03302,1248.62781,-325.40112,-549.05267,1234.12598,35.67974,NA,NA,NA,-700.51666,1297.58191,-127.33653,-677.69147,934.10809,-396.71765,-568.64319,976.28625,143.12704,-482.93964,792.72174,-379.22797,-390.46896,790.45959,109.76857,-563.37897,827.90906,-242.82962,-556.54883,834.53662,-40.13846,-869.87683,925.42963,-109.11751,-725.90033,444.38101,-304.20554,-651.74524,448.01749,48.81272,-760.67566,75.74108,-298.56818,NA,NA,NA
712,7.11,-400.23032,1304.69324,-46.45656,-500.51614,1468.63696,-162.70683,-453.43701,1340.66406,-262.60202,-349.45566,1203.65234,-146.81602,-626.6756,1249.11914,-325.01086,-547.59436,1232.80176,34.8964,NA,NA,NA,-699.22809,1297.86621,-125.79967,-680.11652,934.95074,-396.42459,-565.78943,975.52686,143.19717,-485.79907,791.87177,-378.77374,-387.60156,789.33594,109.80914,-562.42346,828.57806,-243.40749,-555.89233,833.87512,-40.39116,-869.5271,925.57416,-108.75505,-725.81427,444.52612,-304.20865,-651.01147,448.36267,48.43105,-760.64978,75.75433,-298.56894,NA,NA,NA
713,7.12,-399.00018,1304.69922,-45.14901,-499.30746,1468.29858,-162.15872,-452.71921,1340.67908,-262.1131,-348.56393,1203.31641,-146.79289,-626.08899,1249.46826,-324.36395,-546.43427,1232.30005,34.81661,NA,NA,NA,-698.41132,1297.81372,-125.23856,-681.63513,934.78632,-395.13461,-562.46283,975.3186,142.69214,-488.91818,791.18048,-379.39249,-385.05569,788.10309,109.81336,-562.42346,828.57806,-243.40749,-555.48932,833.81476,-40.79081,-869.16821,925.72034,-108.06466,-725.79718,444.71613,-304.1907,-650.40985,448.50977,48.39603,-760.7962,75.74949,-298.6741,NA,NA,NA
714,7.13,-397.8009,1304.23413,-44.34449,-497.91809,1467.74536,-161.69812,-451.89835,1340.32764,-261.91769,-347.65109,1202.79333,-145.71844,-625.86725,1249.69617,-324.15579,-545.07306,1232.01013,34.33244,-509.1687,1101.23132,-142.66365,-698.12952,1297.79126,-125.22744,-683.73529,935.64899,-394.38953,-559.7934,974.6582,142.13065,-491.30771,790.29132,-378.67462,-383.05566,787.90338,109.63197,-562.73035,827.823,-244.54021,-555.45441,833.07043,-41.72421,-868.83575,925.78949,-107.58191,-725.79675,444.74457,-304.18301,-649.36292,447.3638,47.67345,-760.62927,75.75097,-298.57297,NA,NA,NA
715,7.14,-397.23611,1304.14075,-44.30784,-496.96439,1467.45972,-161.55069,-450.90488,1340.10107,-261.12708,-346.72168,1202.50732,-145.38072,-625.56543,1249.93103,-324.13159,-542.5166,1231.58875,35.50667,-509.1138,1100.73621,-146.82494,-696.59509,1297.74683,-123.68847,-684.90234,936.27942,-394.49646,-556.12842,973.82391,141.86566,-493.90982,789.69537,-378.89301,-379.98508,786.27124,109.31263,-562.78076,826.89606,-245.18935,-555.07751,832.90033,-42.06646,-868.47491,925.77856,-107.0151,-725.68494,444.91644,-304.26971,-649.14026,447.1929,47.74684,-760.5434,75.62188,-298.10117,NA,NA,NA
716,7.15,-396.75613,1303.65454,-44.0551,-495.83624,1467.48169,-160.96996,-449.72034,1339.28723,-260.45255,-345.8158,1202.1521,-144.84628,-625.19891,1250.31824,-323.60593,-541.11633,1230.9469,35.82399,-508.76718,1100.62585,-147.03537,-695.47363,1297.63794,-123.21782,-686.81311,936.46912,-393.36758,-553.7594,973.78455,141.48346,-495.87491,789.49695,-379.07141,-377.66455,785.94073,109.83206,-561.67126,827.67322,-245.85963,-555.03387,832.88171,-42.04463,-867.70496,925.73938,-106.59726,-725.69196,445.03564,-304.13098,-648.18622,447.29773,47.02271,-760.75128,75.75687,-298.67929,NA,NA,NA
717,7.16,-395.51221,1303.12537,-43.60691,-495.03409,1467.073,-160.73271,-449.16016,1339.22021,-260.47028,-345.1553,1201.85327,-145.07391,-624.76178,1250.37097,-322.39157,-540.20068,1230.17517,35.38596,-508.34637,1100.19922,-147.02632,-694.54761,1297.57764,-122.74078,-688.33716,937.2171,-392.57483,-550.74738,972.89539,140.83751,-498.20135,788.77173,-378.55862,-376.00552,785.18195,109.69595,-561.71802,827.30389,-245.75427,-554.09277,832.83746,-41.87886,-867.08673,925.98999,-106.10411,-725.91937,445.15332,-304.35535,-647.65106,446.83212,46.73537,-760.57526,75.79118,-298.57138,NA,NA,NA
718,7.17,-396.32968,1302.20239,-45.7658,-493.67346,1466.54944,-159.95114,-448.1994,1338.59045,-260.13156,-344.23615,1201.3175,-143.78065,-624.73822,1250.46216,-322.06387,-539.20074,1229.82153,35.00124,-506.64502,1100.33948,-144.17508,-693.34363,1297.72607,-121.39014,-689.18195,937.4743,-392.58029,-547.63251,972.51587,140.18126,-500.08478,788.68964,-378.2843,-373.1503,784.41986,109.69019,-561.32098,827.49231,-245.9736,-553.62567,832.05426,-41.9236,-866.18018,925.92279,-105.91338,-725.99463,445.44965,-304.29074,-647.11078,447.04642,46.1908,-760.39917,75.80319,-298.12732,NA,NA,NA
719,7.18,-395.56607,1301.78857,-45.33402,-492.8952,1466.44861,-159.86139,-447.61523,1338.64355,-259.91605,-343.51431,1201.00427,-143.80099,-624.50165,1250.43274,-321.46387,-537.14893,1229.56848,35.77021,-506.43927,1100.11731,-144.5528,-692.63904,1297.7085,-120.74138,-690.60529,938.07336,-391.46988,-545.30969,972.07391,139.66188,-501.87131,788.02368,-377.94696,-371.40231,784.88257,109.95164,-560.82623,827.59216,-246.21597,-552.6828,831.80981,-43.15869,-865.71149,926.02014,-105.52419,-726.01807,445.4664,-304.28238,-646.26215,447.22235,45.8069,-760.58929,75.79921,-298.5672,NA,NA,NA
720,7.19,-394.91824,1301.20752,-45.92419,-492.24554,1466.51721,-160.04924,-446.52603,1338.13611,-258.99048,-342.36136,1200.55396,-143.19119,-624.25043,1250.89026,-321.21432,-535.33185,1229.16321,36.62926,-505.33286,1099.36157,-143.74715,-691.84253,1297.56226,-119.47382,-691.67236,939.02405,-391.17783,-542.63147,971.78912,138.78207,-503.19925,787.92993,-378.13196,-368.69308,783.85254,110.00204,-560.82623,827.59216,-246.21597,-552.63861,831.58502,-43.35565,-865.21649,926.21429,-104.42084,-726.05542,445.47464,-304.27408,-645.36829,447.06464,44.89879,-760.39044,75.81404,-298.12598,NA,NA,NA
721,7.2,-391.37051,1301.92725,-42.67572,-491.05899,1466.0033,-158.97879,-445.47882,1338.1062,-258.4556,-341.86688,1200.34875,-143.52258,-624.09308,1251.22083,-320.17789,-534.28442,1228.84326,36.62066,-504.7612,1099.81689,-145.32516,-691.08789,1297.44373,-119.1781,-692.52588,938.88678,-390.02283,-540.67828,971.43927,138.78952,-504.77454,787.8728,-377.88821,-366.39447,783.76965,110.47868,-560.82623,827.59216,-246.21597,-552.38281,831.31854,-43.3703,-864.78693,926.31842,-103.66887,-726.24866,445.82745,-304.38489,-645.20453,447.14389,44.93551,-760.53143,75.82096,-298.22922,NA,NA,NA
722,7.21,-392.97049,1301.42188,-44.69684,-489.96078,1465.92957,-158.25546,-444.90387,1338.21912,-258.41547,-341.46021,1200.12085,-143.56303,-623.90466,1251.46338,-320.2092,-533.29321,1228.68201,36.17171,-504.35861,1099.69202,-145.28369,-690.39331,1297.62207,-118.53105,-693.29785,938.79291,-389.29825,-538.12726,970.31976,137.90382,-505.67786,787.86523,-378.01355,-364.52429,783.72186,110.79233,-561.37701,826.85492,-246.53217,-551.75873,830.8761,-44.1783,-864.36157,926.52216,-103.04308,-726.34784,445.99033,-304.44006,-643.82935,447.01236,44.52315,-760.4447,75.99265,-298.59036,NA,NA,NA
723,7.22,-392.18552,1300.90698,-44.52555,-489.34689,1465.86914,-157.89937,-444.08209,1338.12817,-258.30383,-340.47064,1199.9812,-143.22577,-623.76593,1251.73401,-319.79016,-532.38873,1227.25183,34.56758,-504.01086,1099.52783,-145.39067,-689.76105,1297.65564,-117.89426,-694.02795,939.00049,-388.07703,-536.63654,970.13751,137.55019,-506.52805,787.88873,-377.68262,-361.97238,783.29358,110.70991,-561.72522,826.78113,-246.86368,-551.30255,830.87042,-44.50417,-863.72888,926.44934,-102.82645,-726.3916,446.02914,-304.42239,-643.31287,447.01752,44.39956,-760.37433,75.85123,-298.11923,NA,NA,NA
724,7.23,-391.54343,1300.50317,-44.39243,-488.8465,1465.92432,-157.97166,-443.58731,1338.2583,-258.35513,-339.62805,1199.68164,-143.06746,-623.72772,1252.07263,-319.34827,-531.45923,1227.35571,33.9894,-503.62531,1099.49011,-145.14459,-688.77496,1297.64111,-117.44423,-694.39661,939.04462,-387.85486,-535.15942,970.47437,137.28217,-507.26172,787.83942,-377.5546,-360.50867,783.1449,111.0638,-562.0957,826.2807,-247.36455,-550.74451,830.6571,-45.40336,-862.9859,926.53442,-102.0854,-726.56384,446.3298,-304.60184,-642.76001,446.8175,44.03476,-760.44495,76.02035,-298.58344,NA,NA,NA
725,7.24,-390.60986,1300.47107,-43.92106,-488.14838,1465.80688,-157.96323,-443.17145,1338.28857,-258.35699,-338.94876,1199.54907,-143.03619,-623.52045,1252.42688,-319.30737,-530.1535,1227.36316,34.56196,-503.3338,1099.35327,-145.23303,-688.10077,1297.60852,-116.87666,-694.88708,939.73773,-387.22739,-533.01196,969.80939,136.85709,-508.03473,787.75818,-377.37448,-358.86658,783.02594,111.19443,-561.8949,826.55609,-247.51665,-550.56842,830.71887,-45.40342,-862.51166,926.51233,-101.7013,-726.60767,446.36917,-304.58398,-641.75543,446.3064,43.31887,-760.43604,76.04639,-298.57834,-648.81714,56.7582,-9.5235
726,7.25,-387.91644,1300.5437,-41.69489,-487.44626,1465.6167,-157.61977,-442.04269,1338.16528,-258.03522,-338.39175,1199.70117,-142.73692,-623.43866,1252.54163,-319.28882,-528.53857,1226.92737,35.40282,-502.40256,1098.81726,-144.31187,-687.12421,1297.57678,-116.18493,-695.31366,940.51892,-387.09396,-531.68964,969.26886,136.56082,-508.53027,788.06018,-377.3475,-357.00232,783.18549,111.0601,-561.54425,826.37531,-247.63054,-550.10004,830.83496,-45.76127,-861.87811,926.6781,-101.44896,-726.64648,446.40765,-304.5672,-641.02368,446.12402,43.29647,-760.44373,76.04865,-298.57657,-648.75867,56.71014,-9.58155
727,7.26,-387.55499,1300.41797,-41.19028,-486.63489,1465.55981,-156.78986,-441.54739,1338.75806,-257.87985,-337.87628,1199.46973,-142.54893,-623.00385,1251.88403,-318.84714,-526.78064,1226.7616,36.095,-501.85641,1099.15332,-145.92532,-686.47406,1297.755,-115.42287,-695.82208,940.44586,-386.28519,-530.43884,969.11353,136.26451,-508.66162,788.20978,-377.32394,-355.6001,782.51056,110.44883,-561.11957,827.07581,-248.70082,-548.46326,830.44733,-45.81951,-861.17609,926.82123,-99.8673,-726.66241,446.42987,-304.55856,-640.23376,446.28796,43.0323,-760.39044,75.92427,-298.09851,NA,NA,NA
728,7.27,-386.81543,1300.28003,-40.90034,-485.7692,1465.52002,-156.32596,-440.56085,1337.67969,-257.64554,-337.34109,1199.57458,-142.79958,-623.25806,1251.98206,-318.51474,-526.18579,1226.07202,35.70866,-501.22989,1099.56934,-147.26712,-685.83539,1297.59387,-114.79027,-695.91614,940.5946,-385.992,-529.45056,969.04156,136.39702,-509.05484,788.41797,-377.4563,-354.5715,782.19904,110.14597,-560.57062,827.35107,-249.007,-548.03412,830.78058,-46.30581,-860.53326,926.84613,-99.59669,-726.68994,446.46268,-304.54517,-638.56677,446.6311,42.51276,-760.23865,76.1216,-298.2345,NA,NA,NA
729,7.28,-386.40851,1300.38318,-40.90952,-485.32462,1465.60339,-156.23979,-440.43939,1338.21973,-257.56876,-336.65359,1199.32129,-142.60571,-623.32733,1252.09546,-318.33536,-525.80981,1226.01172,35.86757,-500.21335,1099.01331,-146.31567,-685.21259,1297.50195,-114.59869,-696.07147,940.85669,-386.04895,-527.86932,968.85321,135.79842,-509.33078,788.849,-377.54288,-353.89529,782.13971,110.43781,-559.7724,827.53754,-249.40321,-547.01801,830.42242,-46.26759,-859.5509,926.87823,-98.93971,-726.59845,446.60712,-304.4758,-637.97083,446.37061,42.52945,-760.23547,76.16013,-298.2254,-648.73267,56.6529,-9.66857
730,7.29,-385.79572,1300.85205,-40.51484,-484.75562,1465.62622,-155.95163,-439.77563,1338.01721,-257.12811,-335.87051,1199.28699,-142.60883,-622.63873,1253.14307,-317.41245,-525.38202,1225.89685,36.11548,-499.89108,1098.97778,-146.12138,-684.76746,1297.62537,-113.93124,-696.05969,941.09247,-386.05539,-526.80811,968.51971,135.80272,-509.34299,788.90717,-377.52292,-352.47366,782.17932,110.50914,-558.89917,828.20129,-249.94208,-546.90955,830.46216,-46.26856,-858.83868,926.88202,-98.29063,-726.67737,446.59,-304.20856,-636.99237,446.49652,42.96415,-760.21271,76.18346,-298.22314,NA,NA,NA
731,7.3,-385.19189,1300.60876,-40.62083,-484.46182,1465.65442,-156.10426,-439.49362,1338.44971,-256.9935,-335.54739,1199.51111,-142.66379,-622.50446,1253.22131,-317.39923,-524.78436,1225.91711,36.43388,-499.59726,1098.92871,-145.98677,-684.37457,1297.59351,-113.66582,-695.97235,941.33301,-385.72263,-526.26807,968.44708,136.09537,-509.21558,789.09094,-377.55606,-351.39294,782.00299,110.54118,-558.89917,828.20129,-249.94208,-545.58582,830.41589,-46.07244,-858.23047,926.95715,-97.9637,-726.70459,446.63821,-304.00882,-636.05023,446.44934,42.6848,-760.14349,76.06748,-297.74579,NA,NA,NA
732,7.31,-384.32303,1300.61475,-39.56844,-484.17572,1465.82813,-155.95288,-438.86938,1338.92114,-257.10754,-334.93869,1199.52307,-142.70583,-622.40863,1253.28735,-317.38824,-523.84985,1225.94983,36.49748,-499.2645,1098.93262,-145.68375,-683.76025,1297.83435,-113.72211,-695.9577,941.50439,-385.42178,-525.4519,968.45142,136.13899,-509.02399,789.26471,-377.66086,-350.35114,781.97302,110.53584,-558.91766,828.57666,-250.01985,-544.70703,831.24231,-46.63482,-857.703,926.8382,-97.40183,-726.53827,446.8074,-304.14911,-634.88745,445.81073,42.14595,-760.17029,76.31806,-298.07593,-648.39648,57.0424,-10.8178
733,7.32,-383.83548,1300.50464,-39.69004,-483.77396,1465.82507,-156.00998,-438.4404,1339.13086,-257.25854,-334.46698,1199.55237,-142.5726,-622.03033,1253.36975,-317.06787,-522.48358,1225.7677,36.32823,-498.87503,1098.91138,-145.39474,-683.24707,1297.97766,-113.53635,-695.55396,941.88123,-385.54376,-525.20801,968.54803,136.37389,-508.70212,789.58484,-377.49448,-349.83191,782.10376,110.94968,-558.89917,828.20129,-249.94208,-544.474,830.01202,-47.26774,-857.09149,926.71613,-96.92641,-726.71527,447.04608,-303.60272,-634.09973,445.31665,41.41145,-760.09375,76.21975,-297.59525,-648.28986,57.01809,-10.81559
734,7.33,-383.02652,1300.63574,-39.99581,-483.43112,1465.92542,-156.08167,-437.94162,1338.87769,-257.08136,-333.98648,1199.76074,-142.80232,-621.81549,1253.59326,-317.02914,-521.26581,1225.71619,36.61792,-498.73727,1098.92297,-145.2442,-682.45819,1297.91016,-113.0881,-694.86536,941.87012,-385.00931,-524.53186,968.23022,136.50546,-508.18033,789.88019,-377.64621,-349.06778,782.13623,110.79194,-558.89917,828.20129,-249.94208,-545.00024,829.06824,-47.74242,-856.6236,926.69495,-96.13428,-726.67548,447.05981,-303.60541,-633.54895,445.46048,41.88456,-760.08252,76.23856,-297.59232,-648.23822,56.98253,-10.85514
735,7.34,-382.89227,1300.47144,-39.95033,-482.71884,1466.26196,-156.21402,-437.56775,1339.08301,-257.14539,-333.49402,1199.79211,-142.82182,-621.94757,1254.10583,-316.84811,-520.89142,1225.51733,36.0257,-498.42352,1098.93384,-144.94115,-682.02466,1297.90491,-112.61051,-694.62744,942.02277,-385.08981,-524.14325,968.39783,136.61647,-507.93793,790.0592,-377.62305,-347.67883,781.9848,110.60763,-558.89917,828.20129,-249.94208,-544.3111,829.02362,-47.51826,-855.99213,926.90363,-95.41314,-726.62079,447.10965,-303.60065,-632.81598,445.25388,41.59245,-760.0072,76.50934,-297.45566,-648.22235,56.93762,-10.92531
736,7.35,-382.63492,1300.43518,-40.16142,-482.29147,1466.28479,-155.96599,-437.18356,1339.21533,-257.40396,-332.76932,1199.79541,-142.41129,-621.43579,1253.64514,-316.45529,-518.07269,1226.19678,38.97275,-498.06049,1098.88672,-144.74168,-681.64026,1297.84558,-112.31593,-694.3053,942.08746,-385.01495,-523.41077,968.03387,136.92351,-507.53049,790.27649,-378.00543,-346.43628,782.36713,110.41142,-558.58527,828.04034,-250.04413,-543.70306,828.90503,-47.28048,-855.4726,926.69263,-94.69816,-726.47101,447.35141,-303.37787,-632.23798,444.96545,41.35386,-760.00348,76.54162,-297.44818,NA,NA,NA
737,7.36,-382.53601,1300.47241,-40.13432,-481.55753,1465.83362,-155.26544,-436.58212,1339.72766,-256.86801,-332.04135,1200.07324,-142.55203,-621.29163,1254.1488,-316.51379,-517.58374,1225.96692,38.66451,-497.14462,1099.39453,-146.0872,-681.05597,1297.94604,-112.26478,-693.92102,942.03448,-384.8472,-522.66119,968.2171,136.88391,-506.78613,790.58215,-378.14114,-345.897,782.50714,110.70242,-558.58527,828.04034,-250.04413,-542.72968,828.8465,-47.67321,-854.83179,926.62018,-93.70924,-726.40179,447.39026,-303.37848,-631.01208,444.83661,41.25187,-759.98718,76.58366,-297.44028,NA,NA,NA
738,7.37,-381.93793,1300.55945,-39.45556,-481.15778,1465.8634,-155.00027,-435.92258,1339.39319,-256.32437,-331.6763,1199.99841,-142.17937,-621.00403,1254.2887,-316.13214,-517.52289,1226.27844,38.46471,-496.8291,1099.43176,-145.71587,-680.51697,1298.01111,-112.21574,-693.61713,941.90015,-384.36581,-522.13818,967.9704,137.11288,-506.28763,790.80988,-378.21109,-345.25674,782.87006,110.60683,-558.89917,828.20129,-249.94208,-541.99731,828.96936,-47.25476,-854.39368,926.6496,-92.94048,-726.16559,447.59113,-303.43582,-629.78699,445.18652,42.13413,-760.07031,76.81647,-297.49042,NA,NA,NA
739,7.38,-381.30911,1300.64587,-39.53142,-481.01196,1465.88611,-154.9827,-435.43631,1339.22839,-255.9472,-331.2998,1200.29688,-142.5416,-620.8996,1254.32092,-316.12634,-516.7251,1226.3606,38.63519,-496.32278,1099.75586,-146.69363,-680.28259,1297.99133,-112.04533,-692.99103,941.90076,-384.55838,-521.7113,968.10193,137.57899,-505.73477,790.96783,-377.95551,-344.83234,783.46411,110.95995,-558.58527,828.04034,-250.04413,-541.48425,829.06805,-47.49214,-853.07861,925.36249,-91.46227,-726.07355,447.6272,-303.44089,-628.45074,444.92133,42.12725,-759.9809,76.62184,-297.43173,NA,NA,NA
740,7.39,-381.07175,1300.48938,-39.65549,-480.86826,1465.90479,-154.96643,-435.24121,1339.25476,-255.9465,-331.17474,1200.34021,-142.53659,-620.77136,1254.34033,-316.12234,-515.61389,1226.151,39.31659,-495.75406,1099.37952,-145.88564,-680.05145,1297.99023,-111.87887,-692.76831,941.92133,-384.55151,-521.11896,967.94128,137.75462,-504.91959,791.53137,-378.29047,-343.83389,783.74823,110.70053,-557.88495,828.17065,-249.66327,-540.74579,829.22058,-47.89647,-853.5647,926.52594,-92.37891,-725.68317,447.61301,-303.33176,-628.33777,444.95529,42.1638,-759.96649,76.63754,-297.43008,NA,NA,NA
741,7.4,-380.71954,1300.65295,-39.71047,-480.37296,1466.09741,-154.84601,-434.97583,1339.41418,-255.87866,-330.92825,1200.4845,-142.61858,-620.51703,1254.64136,-315.70251,-515.5813,1226.15295,39.32888,-495.6181,1099.41309,-145.68092,-679.84308,1297.98352,-111.714,-692.4165,942.04993,-384.51657,-520.75214,968.13208,138.0809,-504.46207,791.79211,-378.39612,-343.04648,783.81104,110.78236,-557.88495,828.17065,-249.66327,-540.25476,829.07196,-47.22791,-852.52942,926.29523,-91.66977,-725.24518,447.76846,-303.13016,-628.25702,444.9592,42.20064,-760.19928,77.19936,-297.44296,NA,NA,NA
742,7.41,-380.48248,1300.79468,-39.99397,-480.13953,1466.35986,-154.69836,-434.78635,1339.57581,-255.76828,-330.51031,1200.7019,-142.53258,-620.50616,1254.69519,-315.37381,-515.24268,1226.21423,39.28926,-495.35947,1099.47522,-145.29662,-679.30524,1297.69519,-111.09134,-691.91205,941.80469,-384.06253,-520.61377,968.50934,138.62791,-503.65201,792.03119,-378.31152,-342.67584,784.66296,111.1325,-557.88495,828.17065,-249.66327,-539.2926,829.63593,-48.02075,-851.4353,925.07654,-90.35052,-724.77771,447.50198,-302.89484,-627.82721,444.43161,42.15786,-760.19177,77.23357,-297.43561,NA,NA,NA
743,7.42,-380.20163,1301.14771,-39.56335,-479.75558,1466.57813,-154.74149,-434.47791,1339.74255,-255.94165,-330.51743,1200.76794,-142.29279,-620.40125,1254.70911,-315.37082,-514.45825,1226.07361,39.3021,-494.69748,1099.55981,-145.67667,-678.98248,1297.92004,-111.181,-691.52911,941.91309,-384.11554,-520.11774,968.85779,138.73022,-503.07544,792.10089,-378.36923,-341.62497,784.57129,111.08804,-557.88495,828.17065,-249.66327,-538.75098,829.55511,-48.2734,-850.95892,925.12384,-90.3568,-724.60516,447.53296,-302.91428,-627.08026,444.51331,42.40064,-760.17468,77.2425,-297.43607,NA,NA,NA
744,7.43,-380.11691,1301.17993,-39.54022,-479.55908,1466.81152,-154.58154,-434.21164,1340.3302,-256.11002,-330.01688,1200.78003,-142.37077,-620.27954,1254.73157,-315.36642,-514.09644,1226.46399,39.75683,-494.40482,1099.60876,-145.29579,-678.71045,1298.06299,-111.02621,-691.16156,942.00378,-383.69125,-519.61304,969.1817,139.18224,-502.25305,792.32623,-378.64029,-341.12488,785.40564,111.13212,-557.22186,828.49493,-249.25266,-537.37891,829.44171,-47.52008,-850.20276,925.01001,-90.46777,-724.11102,447.33856,-302.33649,-626.42957,444.65881,42.08182,-760.15167,77.26015,-297.43527,NA,NA,NA
745,7.44,-379.91229,1301.3219,-39.78737,-479.38315,1466.87646,-154.71721,-434.07294,1340.34167,-256.1106,-329.80487,1200.74536,-142.26311,-620.30676,1254.70142,-315.18756,-513.93616,1226.52856,39.79435,-494.15594,1099.69263,-144.86455,-678.50775,1298.06042,-110.89488,-690.64282,941.68286,-383.45877,-519.06738,969.14404,139.22809,-501.32269,792.6571,-378.27997,-340.73416,785.7489,111.49236,-557.22186,828.49493,-249.25266,-537.20569,829.48547,-47.49501,-849.64661,925.08527,-89.75335,-723.56934,447.09134,-302.26266,-625.99658,444.56299,42.1401,-760.0199,77.41503,-297.63699,NA,NA,NA
746,7.45,-379.80914,1301.25342,-39.79074,-479.09546,1467.06836,-154.92711,-433.85437,1340.11487,-256.14322,-329.71249,1200.90759,-142.08054,-620.01074,1254.50281,-314.88129,-513.4317,1226.6825,39.50827,-494.00177,1099.77026,-144.53242,-678.31274,1298.14856,-110.65482,-690.26776,941.83783,-383.32465,-518.93231,969.53003,139.93137,-500.68686,792.81757,-378.3822,-339.87256,786.03296,111.46162,-555.98029,829.11841,-248.47977,-536.63232,829.38,-46.8591,-849.11975,925.14911,-89.2972,-723.05609,447.1503,-302.41843,-625.0816,444.57236,42.90216,-759.82092,77.49438,-297.50803,NA,NA,NA
747,7.46,-379.08167,1301.51477,-39.79201,-478.79044,1467.06531,-154.94673,-433.70084,1340.14746,-256.14096,-329.62933,1200.9519,-142.06599,-619.92896,1254.51685,-314.87848,-512.82245,1227.17432,39.90247,-493.71484,1099.77954,-144.25774,-678.01941,1298.21484,-110.68923,-689.35791,941.83423,-382.69632,-518.58313,969.71753,139.94896,-500.14374,793.09583,-378.10947,-339.54657,786.62054,111.7998,-554.83856,829.19824,-249.00429,-535.94299,829.76031,-47.3055,-848.63837,925.0769,-88.47157,-722.54352,447.38065,-302.4866,-624.34039,444.90726,43.29982,-759.80731,77.51386,-297.50531,NA,NA,NA
748,7.47,-380.69849,1300.69128,-43.10591,-478.67371,1467.09399,-154.92972,-433.72018,1340.4292,-256.10361,-329.26608,1201.17871,-142.10864,-619.85559,1254.52515,-314.87665,-512.82013,1227.30505,40.19579,-493.48758,1099.79529,-144.01869,-677.84564,1298.2627,-110.28816,-688.88818,941.49054,-382.16251,-518.31006,969.90509,140.20647,-499.43668,793.14008,-378.09952,-339.11691,786.98944,112.10216,-554.83856,829.19824,-249.00429,-535.16461,829.90753,-46.88667,-848.04767,924.35931,-88.46494,-721.97308,447.37958,-302.25742,-623.22601,445.06091,43.42757,-759.77637,77.53342,-297.50525,NA,NA,NA
749,7.48,-380.15851,1300.84778,-42.89157,-478.35626,1467.36438,-155.16652,-433.47189,1340.63293,-256.16608,-329.17419,1201.22583,-142.09387,-619.79016,1254.55627,-314.87131,-512.50421,1227.31152,39.97332,-493.29214,1099.88928,-143.60899,-677.64813,1298.25977,-110.14789,-688.55072,941.59589,-382.15302,-518.03943,970.21063,140.71638,-498.68823,793.48419,-378.29739,-338.72961,787.54681,112.28694,-554.83856,829.19824,-249.00429,-534.94312,829.63342,-46.68159,-847.83472,924.38733,-88.55408,-721.65332,447.20432,-301.85522,-623.2641,444.77945,43.91488,-759.77533,77.5536,-297.5004,NA,NA,NA
750,7.49,-380.01633,1301.04163,-42.11682,-478.17676,1467.42505,-155.3166,-433.36838,1340.66675,-256.16287,-329.02216,1201.15466,-142.00838,-619.69299,1254.56543,-314.86917,-512.2135,1227.30359,39.98466,-492.97452,1099.97937,-143.10233,-677.48895,1298.26294,-110.03658,-688.30609,941.58667,-382.15121,-517.96417,970.61786,141.03009,-498.10184,793.63788,-378.16476,-338.31512,787.90656,112.55983,-554.83856,829.19824,-249.00429,-534.22144,829.87036,-47.1215,-847.69952,925.04065,-88.27117,-721.20844,447.57532,-301.97418,-623.18835,444.80731,43.93679,-759.75226,77.5795,-297.49753,NA,NA,NA
751,7.5,-379.9061,1300.98755,-42.67041,-478.06921,1467.56506,-155.17061,-433.27078,1340.68384,-256.16199,-328.80591,1201.19116,-142.03925,-619.3927,1254.43811,-314.47275,-512.10596,1227.35583,40.00619,-492.77991,1100.93848,-145.21022,-677.33301,1298.28528,-109.90894,-687.80847,941.31793,-381.70178,-517.8147,970.89087,141.23946,-497.2518,793.98212,-377.71454,-337.76678,788.30017,112.70826,-553.70087,829.43011,-248.38022,-534.21704,829.73444,-46.02114,-847.09857,924.76581,-87.68159,-721.0213,447.61676,-301.99319,-622.87866,444.936,43.90514,-759.73334,77.59248,-297.49725,NA,NA,NA
752,7.51,-379.81238,1301.03516,-42.58752,-477.86487,1467.61084,-154.87944,-432.90509,1340.86731,-256.11426,-328.71146,1201.26746,-142.27107,-619.34589,1254.48169,-314.27023,-512.06433,1227.38904,40.00911,-492.59818,1100.97461,-144.9592,-677.19385,1298.29224,-109.82139,-687.46155,941.40472,-381.62787,-517.56366,971.17462,141.45752,-496.87341,794.16498,-377.89832,-337.42221,788.64734,112.92424,-553.70087,829.43011,-248.38022,-533.54944,830.05969,-46.439,-846.57269,924.51447,-86.98756,-720.86505,447.68588,-301.68542,-622.98389,444.96048,44.26581,-759.71484,77.61044,-297.49567,NA,NA,NA
753,7.52,-379.79694,1301.26135,-42.8938,-477.76349,1467.62988,-154.86639,-432.81744,1340.89294,-256.11197,-328.66125,1201.25671,-142.02231,-619.26886,1254.56421,-314.17172,-512.00195,1227.40796,40.02637,-492.48825,1101.04468,-144.68465,-676.88995,1298.56421,-109.80125,-687.22174,941.37622,-381.62964,-517.68665,971.44739,142.19006,-496.15198,794.23944,-377.75607,-337.05505,789.23553,113.26884,-553.57141,829.42743,-247.7655,-533.19641,830.40204,-45.84164,-846.27673,924.44794,-86.66927,-719.98853,447.39478,-301.43143,-622.68475,445.1337,44.2104,-759.70612,77.62938,-297.49231,NA,NA,NA
754,7.53,-379.1123,1301.85535,-42.63377,-477.68582,1467.67029,-154.84895,-432.56982,1341.01294,-256.37,-328.09076,1201.48083,-141.87085,-618.94659,1254.39441,-313.78601,-511.79007,1227.56152,39.96556,-492.3779,1101.14343,-144.33684,-676.75751,1298.59253,-109.37894,-686.92914,941.48181,-381.55322,-517.73291,971.78534,142.43097,-495.93076,794.32574,-377.77042,-336.83401,789.43866,113.4214,-552.38623,829.68384,-247.66286,-532.70538,830.32288,-46.04171,-845.74866,924.16058,-86.21334,-719.81177,447.43051,-301.45032,-622.62195,445.14737,44.23352,-759.67523,77.65704,-297.49026,NA,NA,NA
755,7.54,-378.95798,1301.72095,-42.17838,-477.62747,1467.69067,-154.83876,-432.4729,1341.07397,-256.36273,-327.76614,1201.63,-142.26295,-618.87415,1254.39343,-313.78561,-511.31485,1228.14929,40.35265,-492.15918,1101.30078,-143.7449,-676.63287,1298.64124,-109.0375,-686.60931,941.49756,-381.23798,-517.59802,971.86926,142.61488,-495.30655,794.65814,-377.65787,-336.64191,789.65417,113.55027,-552.16595,829.5036,-247.04721,-532.79376,830.05286,-44.57096,-845.38446,924.24255,-86.16064,-719.37872,447.57016,-301.3858,-622.56683,445.16196,44.25248,-759.65808,77.68356,-297.48633,NA,NA,NA
756,7.55,-379.03857,1302.24695,-42.51582,-477.44107,1467.8606,-154.80287,-432.40469,1341.09619,-256.36063,-327.76013,1201.75427,-141.98264,-618.61578,1254.401,-313.33173,-511.45197,1228.22668,40.61207,-491.92737,1101.30566,-143.53023,-676.31512,1298.61951,-108.99224,-686.17401,941.17755,-381.00665,-517.88007,972.26526,143.21301,-494.60104,794.34393,-376.84814,-336.50192,790.03101,113.62405,-551.60156,829.91443,-246.664,-531.93762,830.16998,-44.81609,-845.16077,924.32288,-86.13223,-718.88776,447.65088,-301.31619,-622.49017,445.19278,44.27329,-759.36755,77.97668,-297.26471,NA,NA,NA
757,7.56,-378.90109,1301.96289,-42.44707,-477.28333,1468.06165,-154.84381,-432.30164,1341.12683,-256.35791,-327.69647,1201.84497,-141.8062,-618.4798,1254.48242,-313.32788,-511.51788,1228.35999,40.59701,-491.71527,1101.40356,-143.09557,-676.22028,1298.62048,-108.91563,-685.48755,940.64581,-380.21426,-517.72083,972.19366,143.38548,-494.00583,794.56055,-376.75363,-336.21454,790.5127,113.76238,-551.60156,829.91443,-246.664,-531.85272,830.19403,-44.80499,-844.84204,924.29956,-86.23059,-718.54199,447.36667,-300.54196,-621.45734,444.56766,44.69317,-759.34363,77.98765,-297.26569,NA,NA,NA
758,7.57,-378.91895,1302.32422,-42.41285,-477.15292,1468.4425,-154.59183,-432.13031,1341.41699,-256.17966,-327.56171,1202.07166,-142.10445,-618.38818,1254.48157,-313.32736,-511.33368,1228.30322,40.34797,-491.56046,1101.48706,-142.74789,-675.90137,1298.62939,-108.70715,-685.28314,940.62006,-380.21603,-517.81329,972.4024,143.78397,-493.32993,794.77917,-376.42313,-335.99149,791.03418,113.93236,-551.60156,829.91443,-246.664,-531.35718,830.33881,-43.58073,-844.22479,924.07269,-85.80404,-718.1048,447.65161,-300.91885,-621.54089,444.5658,45.02239,-759.44977,77.93508,-297.3566,NA,NA,NA
759,7.58,-378.82098,1302.38318,-42.32781,-477.10596,1468.48657,-154.57565,-432.07214,1341.44995,-256.17584,-327.24487,1201.94824,-141.24339,-618.19635,1254.50232,-313.03455,-510.94388,1228.43994,41.27021,-491.25925,1101.55017,-142.32408,-675.77753,1298.63892,-108.60239,-685.06226,940.60162,-380.21634,-517.73523,972.44611,143.93593,-492.83643,794.63837,-376.04269,-335.73569,791.27545,114.18668,-551.25702,829.72845,-246.53908,-530.85651,830.60358,-44.01029,-843.87769,923.83667,-85.45914,-717.83521,447.76395,-301.16153,-620.52576,444.75302,45.72411,-759.19324,78.188,-297.22711,NA,NA,NA
760,7.59,-378.68097,1302.11316,-42.259,-477.08578,1468.5072,-154.56821,-431.6525,1341.25684,-255.58652,-327.17194,1202.29932,-141.01898,-617.88989,1254.20837,-312.79987,-510.99463,1228.99194,41.59112,-490.58643,1101.77124,-143.52454,-675.64423,1298.7179,-108.58041,-684.72711,940.48828,-379.82928,-517.62048,972.513,144.11137,-492.56674,794.56067,-375.83597,-335.52774,791.45996,114.37293,-551.25702,829.72845,-246.53908,-530.99628,830.07288,-43.53978,-843.33862,923.67297,-85.09268,-717.44379,447.8959,-300.9949,-620.47809,444.75266,45.74732,-759.17499,78.19836,-297.22739,NA,NA,NA
761,7.6,-378.68365,1302.46411,-42.20826,-477.05838,1468.57922,-154.46945,-431.60941,1341.27637,-255.58441,-326.96274,1202.44312,-141.07365,-617.78345,1254.19299,-312.80145,-510.57242,1229.01123,41.9673,-490.15442,1101.52368,-142.88429,-675.59674,1298.72693,-108.53033,-684.25946,940.21033,-379.38217,-517.50415,972.57434,144.29393,-492.40958,794.45276,-375.3407,-335.08807,791.61127,114.5023,-550.40289,829.52179,-245.68909,-530.86621,830.08539,-43.5112,-843.22314,923.71375,-84.68915,-716.79901,448.19101,-301.03668,-620.27808,444.46829,45.7302,-758.97858,78.38352,-297.39212,NA,NA,NA
762,7.61,-378.58676,1302.76184,-42.13342,-476.76181,1468.38892,-153.69623,-431.57816,1341.31982,-255.57861,-326.92938,1202.48035,-141.05371,-617.66956,1254.16772,-312.80453,-510.67105,1229.2262,42.05706,-490.06143,1101.55786,-142.71582,-675.52136,1298.74658,-108.46297,-684.02783,940.1922,-379.38232,-517.55853,972.87262,144.66928,-492.24542,794.64099,-374.97272,-334.85779,791.81842,114.72686,-549.70721,829.25299,-245.27357,-530.2348,830.18945,-43.09523,-843.15417,923.69281,-84.38934,-716.65063,448.21106,-301.05524,-620.22357,444.4751,45.75296,-758.96844,78.39848,-297.38998,NA,NA,NA
763,7.62,-378.53189,1302.79456,-42.08572,-476.64026,1468.38708,-153.39445,-431.56839,1341.354,-255.57382,-326.78705,1202.92383,-140.97739,-617.58606,1254.15881,-312.8053,-510.53918,1229.02869,41.97342,-489.86993,1101.65881,-142.29153,-675.43994,1298.87268,-108.02792,-683.74359,940.27283,-379.37811,-517.51123,972.88177,145.18286,-491.73477,794.19696,-374.41449,-334.64972,792.00177,114.902,-548.25232,830.27594,-244.29497,-529.69049,830.53973,-42.69037,-842.80255,923.78412,-84.23795,-716.36401,447.94614,-300.78116,-620.16058,444.47607,45.78289,-758.95825,78.4191,-297.38644,NA,NA,NA
764,7.63,-378.47635,1302.83191,-42.03818,-476.76987,1468.33936,-153.11259,-431.72687,1341.28552,-255.30893,-326.6619,1202.75757,-140.63693,-617.28546,1253.86926,-312.00357,-510.63525,1229.24597,42.06322,-489.68646,1101.13782,-140.29539,-675.40033,1298.86353,-107.98945,-683.51477,940.33154,-379.25656,-517.79266,973.48926,145.40102,-491.26492,793.8692,-373.86093,-334.80893,792.60541,115.21624,-548.25232,830.27594,-244.29497,-530.0257,830.51807,-42.24219,-842.64374,923.78711,-83.90618,-716.10846,448.09848,-300.96341,-619.44098,443.98849,45.74596,-759.12891,78.8506,-297.6651,-652.03082,-63.06737,193.17072
765,7.64,-378.37515,1302.71179,-41.64816,-476.80814,1468.36584,-153.10783,-431.89105,1341.18701,-255.05904,-326.63812,1202.96802,-140.17761,-617.20764,1253.86548,-312.00357,-510.77435,1229.2406,42.32222,-489.45224,1101.22107,-139.87903,-675.39069,1298.86011,-107.97549,-683.08844,939.96613,-379.0372,-517.66113,973.24719,146.08342,-490.92819,793.94202,-373.73572,-334.42734,792.67993,115.4536,-547.90808,830.08997,-244.1703,-529.8479,830.55157,-42.21091,-842.29639,923.58337,-83.50396,-716.00043,448.11411,-300.97668,-619.10645,444.02039,45.75051,-758.92114,78.42981,-297.38956,NA,NA,NA
766,7.65,-378.3967,1302.88977,-41.97073,-476.84241,1468.39075,-153.10327,-431.9278,1341.21387,-255.05453,-326.4126,1203.06787,-139.97855,-617.16895,1253.88306,-312.00058,-510.89697,1229.59729,42.82465,-489.44312,1101.26855,-139.75037,-675.4353,1298.75146,-107.92942,-682.92029,939.99835,-378.86237,-517.89612,973.63324,146.72133,-490.5144,793.99689,-373.35168,-334.46625,793.04358,115.78386,-547.90808,830.08997,-244.1703,-529.3725,831.1568,-41.67308,-842.23077,923.56207,-83.44901,-715.87378,448.14206,-300.98965,-618.7677,444.18002,46.12178,-758.91656,78.46841,-297.38065,NA,NA,NA
767,7.66,-378.43961,1303.50781,-41.26112,-476.83121,1468.50598,-153.10225,-432.02985,1341.30457,-254.83122,-326.44791,1203.36829,-140.18045,-616.94434,1253.74182,-311.6069,-511.16904,1229.67993,43.26032,-489.34198,1101.31104,-139.55382,-675.48712,1298.62292,-107.52986,-682.2887,939.38544,-377.83578,-518.17627,973.96375,147.50925,-490.05814,793.91541,-372.90399,-334.14563,793.27466,115.9586,-547.94647,830.45001,-244.2363,-528.68005,830.88251,-41.56732,-841.89203,923.44055,-83.06734,-715.78278,448.17233,-300.99619,-618.05109,443.87787,45.92773,-759.08374,78.89344,-297.6615,-647.40869,56.23333,-10.72151
768,7.67,-378.30817,1303.36304,-40.24301,-477.09732,1468.34009,-152.99678,-432.17184,1341.31018,-254.58812,-326.51733,1203.41467,-139.61224,-617.08295,1253.66003,-311.47211,-511.28458,1229.59705,43.56754,-489.22006,1101.40698,-139.20313,-675.56171,1298.56543,-107.60371,-682.14148,939.3797,-377.83487,-518.19855,973.96631,147.82286,-489.95041,793.93347,-372.9183,-333.73642,793.35242,116.14438,-548.13361,829.63495,-243.96474,-527.30841,831.93256,-41.09468,-841.84204,923.42224,-83.00912,-715.30573,447.83884,-300.49115,-617.96289,443.91556,45.95055,-758.87573,78.48954,-297.38177,-647.42017,56.24571,-10.70504
769,7.68,-376.61002,1304.59985,-37.72571,-477.37546,1468.27087,-152.47975,-432.23978,1341.34045,-254.58261,-326.4437,1203.67053,-139.66754,-617.13867,1253.67737,-311.46985,-511.12881,1229.69409,43.27062,-489.12546,1101.4762,-138.94452,-675.7619,1298.54517,-107.28228,-681.85297,939.25806,-377.50546,-517.81482,973.53864,148.04266,-489.46539,793.94397,-372.76434,-333.52423,793.51385,116.40701,-547.90808,830.08997,-244.1703,-527.79242,831.32239,-41.34287,-841.95923,923.31183,-82.34605,-715.12036,447.99905,-300.51962,-617.84406,443.72946,46.14709,-759.05707,78.93423,-297.65549,-647.32111,56.2663,-10.62935
770,7.69,-376.42493,1304.37866,-37.19083,-477.68738,1468.43176,-152.48296,-432.43176,1341.35938,-254.33684,-326.49921,1203.51184,-139.54543,-617.49469,1253.57788,-310.83426,-510.97702,1229.66724,43.9205,-489.168,1101.20386,-140.62708,-676.00519,1298.57141,-107.07819,-681.72937,939.26355,-377.3327,-518.14355,974.24646,148.69778,-489.47198,793.91742,-372.573,-333.36563,793.71509,116.8401,-549.12897,829.56561,-243.50571,-527.71478,831.54901,-40.90037,-841.68567,923.32635,-81.58901,-714.65387,447.83768,-300.20856,-617.74841,443.76941,46.17234,-758.98907,79.30602,-297.772,-647.37061,56.23997,-10.69459
771,7.7,-376.5188,1304.27673,-36.98376,-477.77325,1468.47546,-152.4769,-432.58905,1341.44824,-254.11295,-326.55399,1203.85803,-139.69682,-617.5885,1253.24109,-310.19186,-510.97052,1229.65942,43.92637,-488.99796,1101.60815,-138.49713,-676.03778,1298.58838,-107.06133,-681.31006,938.99548,-376.24063,-517.44257,973.48444,148.62633,-489.21753,794.03961,-372.32758,-333.18884,793.81104,117.0511,-549.11133,830.69464,-242.89139,-526.59753,831.52301,-40.91582,-841.78729,923.22534,-81.14621,-714.59204,448.03113,-300.21896,-617.53345,443.77011,45.9263,-758.59406,78.47243,-297.21521,-647.37964,56.22327,-10.72679
772,7.71,-376.40591,1304.40686,-37.19402,-477.99643,1468.68628,-152.24759,-432.47928,1341.31262,-253.66574,-326.56207,1203.93127,-139.35294,-617.78387,1253.23254,-310.0141,-510.93997,1229.6626,43.93737,-489.07053,1101.36719,-140.57353,-676.0603,1298.64209,-106.4995,-681.24103,938.99493,-376.23981,-517.63159,974.04614,149.23187,-489.20795,794.16162,-372.00143,-333.06296,793.88147,117.23519,-548.75098,831.15759,-242.59683,-526.56024,831.5296,-40.91132,-841.89575,923.16425,-80.49282,-714.17548,448.12747,-300.31009,-616.70044,443.35153,45.88119,-758.61951,79.08685,-297.68256,-651.86169,-62.9472,193.05661
773,7.72,-376.46732,1304.31824,-36.9784,-478.33044,1468.74878,-152.2029,-432.64148,1341.35815,-253.65651,-326.83255,1204.19983,-139.42972,-618.20056,1253.45386,-310.11703,-511.14191,1229.63867,44.6396,-488.94797,1101.75952,-138.06819,-676.26715,1298.50391,-105.87797,-681.45343,938.8075,-375.87787,-517.47449,973.81439,149.51874,-488.91473,793.98114,-371.13007,-332.91882,793.78564,117.50834,-548.75098,831.15759,-242.59683,-526.38257,831.72021,-40.56313,-841.78595,923.02582,-80.34626,-714.15253,448.15747,-300.30563,-615.65692,443.54083,45.25272,-758.78094,78.90289,-297.49173,-652.02991,-63.10502,193.1618
774,7.73,-376.935,1304.72473,-36.40512,-478.48071,1468.81519,-152.08189,-433.24658,1341.51331,-253.82146,-326.83255,1204.19983,-139.42972,-618.46777,1253.62769,-309.60562,-511.11346,1229.64905,44.64672,-489.05963,1101.47827,-140.51331,-676.30145,1298.5509,-105.32162,-681.336,938.44629,-375.50708,-517.20258,973.68549,149.93387,-488.90152,794.08484,-370.82257,-332.94608,793.92163,117.9533,-548.75098,831.15759,-242.59683,-526.34369,831.73315,-40.56236,-841.7627,922.91528,-79.92245,-714.32428,448.16797,-300.40436,-615.58319,443.56461,45.27594,-758.64978,79.6435,-298.22952,-651.92041,-62.97648,193.09892
775,7.74,-376.8772,1304.79468,-36.49693,-478.76929,1468.96692,-151.95277,-433.36493,1341.29688,-253.12,-326.61151,1204.42969,-139.30957,-618.67377,1253.57129,-308.92734,-510.73996,1229.69824,45.08185,-488.87939,1101.85352,-137.769,-676.47717,1298.06482,-104.3102,-681.43286,938.86249,-375.30872,-517.01886,973.81439,150.44009,-488.88773,794.44983,-370.54886,-332.71353,793.94409,118.27683,-548.02026,831.55188,-242.13553,-526.48328,831.56104,-40.25444,-841.95984,922.7348,-79.35021,-714.27783,448.56772,-300.36572,-615.51068,443.20691,45.04015,-758.58838,79.11477,-297.68045,-651.84845,-62.92778,193.04984
776,7.75,-376.94711,1304.98877,-36.45505,-479.39224,1469.30481,-152.1813,-433.76834,1341.89355,-253.21675,-326.65991,1204.78101,-139.10831,-619.06433,1253.49048,-308.39532,-512.76831,1229.95508,42.89275,-488.95544,1101.59424,-140.49042,-676.5274,1298.09705,-104.28783,-681.24103,938.56628,-374.43207,-516.86694,973.81171,151.04536,-489.1088,794.72565,-370.02081,-332.49225,794.04181,118.25185,-549.08636,831.25787,-242.0815,-526.28204,831.75134,-40.55963,-841.97736,922.75836,-79.03005,-714.47205,448.8407,-300.12036,-615.11389,442.6394,45.28902,-758.64764,79.68111,-298.22046,-651.84973,-62.99289,193.0368
777,7.76,-377.01843,1304.823,-36.25172,-479.97534,1469.30896,-151.72961,-434.32941,1342.39124,-253.48636,-326.61093,1205.04675,-139.3577,-619.43518,1253.59143,-308.04642,-510.62997,1230.29224,46.26951,-488.85464,1101.97839,-137.42918,-676.57928,1297.99146,-103.27272,-681.33673,938.77039,-374.18466,-516.5448,973.71985,151.40396,-489.0845,795.11597,-369.62213,-332.40869,794.05121,118.66926,-549.76093,831.1554,-241.75723,-526.25055,831.76721,-40.56255,-842.06836,922.32849,-77.47604,-714.52655,448.88895,-300.09836,-614.47986,442.58075,45.2039,-758.6532,79.6792,-298.22006,-651.95337,-63.08806,193.10204
778,7.77,-376.89743,1304.7804,-36.41133,-480.40146,1469.0531,-151.45442,-434.59784,1342.76904,-253.27016,-326.93304,1205.29346,-139.06947,-619.91339,1253.68579,-307.61047,-510.48135,1229.35925,46.55717,-488.84454,1102.04614,-137.24794,-676.67712,1297.99048,-102.72926,-681.56586,938.62238,-373.01227,-516.58276,973.81055,152.18071,-489.20746,795.36627,-369.81302,-332.07703,793.85742,118.77441,-550.41144,831.11176,-241.33835,-526.79614,830.49689,-40.29433,-842.28339,922.34369,-77.02495,-715.0675,449.13406,-299.84521,-613.3233,442.30563,45.25212,-758.90765,79.74953,-298.37729,-651.85266,-63.03156,193.03085
779,7.78,-376.92645,1305.17688,-36.50252,-480.8045,1469.20874,-150.85161,-435.00513,1342.82471,-252.98586,-326.85336,1205.27124,-139.20049,-620.49359,1253.72559,-307.16089,-510.42123,1229.51624,46.96042,-488.81351,1102.13123,-137.00406,-676.73505,1298.06604,-102.00314,-681.83807,938.63379,-372.78903,-516.10339,973.35553,152.39108,-489.01761,795.62628,-369.54495,-332.13428,794.1087,119.04266,-550.70105,831.48572,-240.87384,-526.04523,830.76434,-40.16375,-842.2851,922.13086,-75.90311,-715.26904,449.1539,-299.54678,-612.79272,442.62955,44.96565,-758.90332,79.74524,-298.37906,-651.87262,-63.06541,193.04004
780,7.79,-377.04361,1305.43225,-36.13655,-481.25253,1469.26135,-150.5681,-435.69113,1343.18506,-252.86481,-327.07062,1205.32922,-139.24258,-621.08887,1253.75317,-306.69208,-510.18063,1229.35535,46.82644,-489.11447,1101.7113,-140.35362,-676.72058,1297.70471,-101.28934,-681.89392,938.66125,-372.38199,-516.09943,973.49548,153.01813,-489.06567,795.78491,-369.39395,-331.62863,793.64648,118.94064,-550.70105,831.48572,-240.87384,-526.22601,830.245,-40.58334,-842.42517,922.2746,-75.78783,-715.55402,449.18896,-299.59375,-612.61841,442.25912,45.01572,-758.6864,79.6749,-298.21597,-651.79321,-62.99563,192.98936
781,7.8,-376.64151,1305.92322,-36.71285,-481.85654,1469.25452,-149.9346,-436.53217,1342.92322,-252.24269,-327.18597,1205.53772,-139.31184,-621.96826,1254.13306,-305.99942,-510.05139,1229.35071,46.88043,-489.43884,1101.52222,-139.95544,-676.8501,1297.60559,-100.38487,-682.84473,939.2489,-372.29886,-515.62524,973.29462,153.34579,-489.55963,796.07172,-369.09045,-331.74985,793.84631,119.29771,-551.04541,831.672,-240.99861,-525.94464,830.4801,-40.89639,-843.48633,923.39655,-75.75809,-716.05206,449.50983,-299.05197,-612.05164,442.24118,45.01363,-758.92944,79.7472,-298.37448,-651.96246,-63.11696,193.10332
782,7.81,-376.31058,1306.01257,-36.80093,-482.09033,1469.34973,-149.84918,-437.33267,1343.21387,-251.91408,-327.36282,1206.16992,-139.48039,-622.71478,1253.95667,-305.17566,-509.49744,1229.04626,46.87221,-489.62653,1102.0144,-135.58601,-676.96057,1297.47766,-100.16456,-683.34235,939.27814,-371.78375,-515.49823,973.08392,153.82524,-489.73581,796.26532,-368.64914,-330.94571,793.17645,119.06321,-551.67773,831.95862,-240.78317,-525.9024,830.47845,-40.88435,-843.09796,922.35962,-73.63264,-716.58899,450.02002,-298.88922,-611.41736,442.25165,45.00634,-758.94275,79.72325,-298.37836,-651.75012,-63.02325,192.94766
783,7.82,-376.13467,1305.91992,-36.98497,-482.41962,1469.32251,-149.56958,-437.76163,1343.31848,-251.89229,-327.85141,1206.49646,-140.29497,-623.25378,1254.11035,-304.84546,-509.21033,1228.78711,46.95651,-489.66254,1102.10388,-135.38968,-677.13251,1297.37195,-98.6201,-684.09198,939.38074,-371.18561,-515.10498,972.89386,154.16164,-489.88449,796.43549,-368.26572,-330.29041,792.61499,118.85326,-552.87726,832.10571,-241.1498,-525.87482,830.46796,-40.87201,-843.94342,923.64008,-74.41728,-717.22369,449.6257,-298.33063,-610.18335,441.52774,43.69381,-758.93793,79.74833,-298.37286,-651.80591,-63.11557,192.97389
784,7.83,-375.95096,1306.18201,-37.34987,-483.01971,1469.32642,-149.01962,-438.54471,1343.11755,-251.64647,-327.72263,1206.79358,-141.16106,-624.22211,1254.42944,-303.63321,-509.2673,1228.35291,47.50734,-489.99878,1101.55518,-139.66443,-677.34406,1297.20593,-97.45377,-684.52917,939.05518,-370.31567,-514.6123,972.6355,154.39432,-490.16122,796.76416,-368.34293,-330.20041,792.60364,118.76244,-552.87726,832.10571,-241.1498,-525.86017,830.46545,-40.86692,-843.35193,922.39636,-72.27469,-717.6568,449.96906,-298.38632,-611.32733,440.61667,41.21554,-758.95197,79.77545,-298.36392,-651.88422,-63.24533,193.01062
785,7.84,-375.75394,1306.31274,-37.64587,-483.63382,1469.30103,-148.405,-439.08881,1343.2356,-251.62114,-327.76132,1206.82678,-141.12872,-624.94574,1254.63684,-303.01556,-508.4895,1228.12305,48.14338,-490.10236,1101.61829,-139.58305,-677.47632,1297.39001,-96.62402,-685.38904,939.93732,-370.1051,-513.85382,972.05493,154.65245,-490.71875,797.36023,-368.50381,-330.24039,792.32489,119.05203,-554.68799,832.82819,-241.81335,-525.27216,829.91931,-41.11474,-843.85571,922.14252,-70.94646,-718.67291,450.43726,-298.65677,-611.08301,440.7728,41.41793,-758.95636,79.78086,-298.36188,-651.74548,-63.09246,192.92879
786,7.85,-377.46814,1305.96509,-39.94091,-483.69135,1469.50122,-147.358,-439.97034,1343.21631,-250.8694,-328.06555,1207.42004,-141.45914,-625.93628,1255.07251,-302.43701,-508.00424,1227.58691,48.20595,-490.26477,1101.62134,-139.51144,-677.73834,1297.43164,-95.56679,-686.01276,940.11877,-369.50467,-513.06171,971.71344,154.72253,-491.47501,798.31219,-368.64365,-330.14001,791.61273,119.19839,-556.7193,832.45709,-242.35321,-525.16864,830.30115,-42.14133,-843.96008,922.01013,-70.35849,-719.26416,450.49942,-298.17056,-610.14417,440.20901,40.71502,-758.95984,79.79872,-298.35687,-651.84369,-63.27021,192.97166
787,7.86,-377.40903,1306.01624,-39.89228,-484.57553,1469.54895,-146.73395,-440.84253,1343.6167,-250.81679,-327.97287,1208.08618,-142.25836,-626.91663,1255.53845,-301.62778,-507.69269,1227.20911,48.50942,-490.32672,1101.60413,-139.49481,-677.77631,1297.38855,-94.54163,-686.57013,940.20453,-368.28882,-512.44568,971.24823,154.88098,-492.18484,798.58887,-368.31918,-329.97302,791.12994,119.3136,-557.11932,832.62573,-242.50986,-525.03455,829.60376,-41.99831,-844.54999,922.38794,-69.60741,-720.53925,450.71884,-298.1395,-608.14301,440.55261,41.96972,-758.73218,79.7834,-298.18176,-651.84027,-63.28465,192.96568
788,7.87,-376.07236,1306.03455,-40.58672,-485.0896,1469.85254,-146.48994,-442.23557,1344.57117,-250.98422,-327.82687,1208.3739,-143.03381,-627.86884,1255.81213,-300.58615,-507.24777,1226.59204,49.37482,-490.29236,1102.25806,-135.54668,-677.65234,1297.61243,-93.68064,-687.02264,940.58398,-368.16754,-512.17987,971.2724,155.25548,-492.76334,798.96533,-368.13953,-329.06934,790.31287,118.67908,-558.01422,833.28705,-242.63583,-524.5177,829.83881,-42.47765,-844.74835,922.27728,-68.93712,-721.44672,450.55942,-297.24603,-608.04443,440.61063,41.9871,-759.06427,79.88306,-297.99893,-651.81305,-63.24923,192.95082
789,7.88,-375.92865,1306.27637,-40.68868,-485.71661,1469.80237,-146.26039,-443.48267,1345.26575,-251.69653,-327.57709,1209.23193,-144.25122,-628.84308,1256.25354,-299.48151,-506.41385,1226.18201,49.74144,-490.57239,1102.11633,-139.77068,-677.56171,1297.77649,-91.66766,-688.45251,941.31903,-367.77225,-511.62274,971.11383,155.58501,-493.49905,799.54333,-368.33762,-328.62494,789.55371,118.35619,-559.41803,833.92322,-242.99422,-524.67737,829.42554,-43.37181,-845.24274,922.3075,-67.93605,-723.59576,451.32492,-296.78903,-607.38452,440.06989,41.82627,-759.06677,80.46667,-297.79471,-651.9043,-63.49601,192.97287
790,7.89,-375.23511,1306.53833,-41.68426,-486.28897,1470.36035,-145.86099,-444.62265,1345.84534,-251.52657,-327.95468,1209.52185,-145.33472,-629.59473,1256.71094,-298.47675,-505.89514,1225.85376,49.58479,-490.8107,1103.23926,-137.63078,-677.60742,1297.55273,-90.82819,-689.39374,942.45038,-366.68732,-510.68402,969.9361,155.89685,-494.42569,800.10187,-368.44559,-328.00443,789.01605,118.20757,-560.32196,834.12842,-243.39195,-524.66827,829.42169,-43.36758,-845.69885,923.51892,-66.52557,-725.12964,451.72784,-297.03604,-607.22522,440.23242,41.55888,-759.51483,80.5275,-297.45276,-651.86444,-63.4161,192.95718
791,7.9,-374.42886,1306.56958,-43.81714,-486.79745,1470.37781,-144.9151,-445.59256,1345.95361,-251.23567,-327.84482,1210.47107,-147.33156,-631.30939,1256.70801,-297.32031,-504.49191,1225.38965,49.9594,-490.99637,1103.28601,-137.67427,-677.57495,1297.41577,-88.96142,-690.21185,942.7077,-366.27515,-510.08716,969.73615,156.23926,-495.37326,800.70905,-368.90051,-328.11682,788.52075,118.06279,-561.19983,834.92035,-243.21844,-523.72113,828.42493,-43.96364,-845.9895,923.63495,-65.45111,-727.03821,452.36121,-297.48074,-606.40814,440.39404,40.60018,-759.6015,80.62412,-297.41513,-651.97595,-63.60501,193.00861
792,7.91,-373.55188,1307.40271,-43.98861,-487.32336,1470.49597,-144.62308,-446.74121,1346.51575,-251.71291,-327.7905,1210.97864,-148.41742,-631.63782,1257.51257,-295.16473,-503.37015,1225.00635,50.13984,-491.11005,1103.34033,-137.63554,-677.39435,1297.44653,-87.1711,-691.2204,943.02936,-364.71597,-509.7587,969.3913,156.81493,-496.88745,802.20349,-369.32983,-327.91074,787.66193,118.05642,-561.71155,835.37488,-243.3316,-522.84265,828.69751,-45.56417,-846.67456,924.04767,-63.81312,-729.12311,452.40836,-297.19235,-605.83417,440.47473,39.83447,-759.91669,80.73779,-297.52573,-652.0296,-63.73931,193.02385
793,7.92,-373.15295,1307.98047,-46.07582,-487.82748,1470.96118,-143.75343,-448.49734,1347.75671,-252.70186,-328.23477,1211.55798,-150.10651,-632.59259,1258.11365,-294.10992,-501.78918,1224.89917,51.30108,-491.28098,1103.38416,-137.67377,-677.16681,1297.57397,-85.58624,-692.68671,944.09686,-363.64618,-508.77469,968.52936,156.68581,-498.28091,802.63593,-369.20734,-327.69928,786.9071,117.70168,-563.76807,836.89795,-244.21837,-522.22296,828.62518,-46.05046,-847.29376,924.80505,-63.40365,-731.75238,453.68564,-297.03751,-607.34369,439.2012,37.59474,-759.93451,81.02371,-297.43271,-652.27728,-64.03324,193.16534
794,7.93,-370.36212,1308.52356,-44.68604,-488.88763,1471.37183,-143.1734,-449.62238,1347.94263,-252.39104,-328.33725,1212.08594,-152.2612,-633.37842,1258.13037,-292.76584,-501.06601,1224.52625,51.66589,-491.48535,1103.43982,-137.71103,-677.07471,1297.67102,-83.9511,-694.57886,945.21478,-363.31223,-507.83618,967.90454,156.78403,-499.75507,803.66479,-369.2511,-327.16589,785.50922,117.29805,-566.97314,836.56586,-244.81178,-522.99146,828.28741,-46.81852,-846.02887,924.6106,-59.11344,-734.47919,454.34503,-296.68582,-606.31915,439.84088,37.95049,-760.14478,80.78291,-296.74619,-652.32178,-64.07115,193.19398
795,7.94,-369.96509,1308.31482,-45.54232,-489.30707,1471.77075,-143.00572,-451.30829,1348.57397,-252.33003,-329.16107,1212.89941,-154.02892,-635.06763,1259.88879,-291.19437,-499.7175,1224.13782,51.53882,-491.71698,1104.87329,-141.64035,-676.21649,1296.89282,-81.49828,-695.93805,946.18634,-362.50089,-506.77695,967.16962,156.89471,-501.20007,805.05688,-369.94348,-327.293,784.83344,117.25394,-568.41345,836.87506,-245.07251,-522.1214,828.32953,-47.52176,-846.04541,925.25531,-57.63385,-737.08423,454.68698,-296.82764,-606.2998,439.01419,36.73432,-760.67407,81.01344,-296.42422,-652.39856,-64.1722,193.2357
796,7.95,-368.76923,1308.50415,-47.99046,-489.79095,1471.94617,-142.74883,-453.70657,1349.63049,-252.57605,-328.89307,1213.52197,-157.16083,-636.67242,1260.96228,-289.85605,-497.90344,1223.72388,51.6509,-491.85706,1104.94055,-141.59184,-676.14642,1297.90015,-79.86858,-697.2301,947.23389,-361.78278,-506.46863,966.94421,157.43181,-502.72473,805.81378,-370.37439,-327.16916,783.74646,117.23412,-570.32709,837.81757,-246.13908,-521.63855,827.67108,-48.99082,-846.20178,925.97534,-55.88551,-740.53326,455.82965,-296.96344,-606.87097,438.54272,35.23869,-760.81525,81.00754,-296.00107,-652.3479,-64.22164,193.18289
797,7.96,-367.7713,1309.43567,-48.62237,-490.44617,1472.36816,-142.42317,-455.39926,1349.98193,-252.95641,-328.96207,1213.74475,-159.52402,-638.45959,1261.49316,-288.76361,-496.41019,1222.6698,51.28576,-491.94183,1104.95911,-141.61905,-675.91803,1298.15564,-77.96383,-699.23785,948.42542,-361.42044,-506.05417,966.91248,157.85837,-504.35767,807.13354,-370.78333,-327.33673,783.11249,117.05666,-571.42719,839.28687,-246.15016,-521.88116,825.74664,-51.38783,-844.39795,925.2865,-53.40248,-743.18994,456.42593,-295.70233,-606.60791,438.68057,34.48484,-761.87555,81.8942,-295.89624,-652.61383,-64.45664,193.35229
798,7.97,-367.06451,1309.50171,-51.03057,-490.91943,1472.74561,-142.22395,-457.05103,1350.32874,-252.96988,-329.8627,1214.82959,-162.6398,-640.11255,1262.97131,-287.25211,-494.73691,1222.53394,51.98286,-492.17706,1105.04431,-141.60883,-675.68042,1298.40479,-76.17194,-701.06647,949.72729,-359.95352,-504.55087,965.8847,157.79237,-506.29993,808.78033,-371.75204,-326.71158,781.6651,116.62766,-574.50732,839.85583,-247.09276,-521.02753,826.52759,-52.06491,-843.97845,925.59497,-52.11579,-746.74817,457.08408,-295.85928,-607.13818,438.9964,33.32386,-762.96863,82.40593,-296.05374,-652.49121,-64.40962,193.26086
799,7.98,-366.69586,1310.27673,-52.90956,-491.6088,1473.29761,-142.03316,-459.60464,1351.29504,-254.36115,-330.63382,1215.20581,-165.26854,-641.78363,1263.97388,-286.06967,-493.34283,1221.82214,51.46727,-492.22311,1105.11475,-141.46996,-675.52649,1298.65747,-74.57556,-703.05573,951.11609,-359.51907,-503.78882,965.78802,157.87207,-508.23401,809.4715,-371.58923,-326.96631,781.04938,116.5041,-577.08484,840.34698,-247.77295,-519.50641,826.89258,-54.09471,-843.77557,925.87244,-50.14476,-750.38788,458.20041,-294.75021,-607.41431,438.10501,30.68134,-763.57275,82.5197,-296.14975,-652.74927,-64.69759,193.41217
800,7.99,-366.74792,1309.92834,-56.9254,-492.13272,1473.90906,-141.83061,-461.62433,1352.02893,-254.41566,-331.37469,1215.77185,-168.15445,-643.71539,1264.54944,-284.20413,-491.74554,1221.65137,51.07505,-492.54108,1105.16931,-141.6105,-675.51868,1298.79285,-72.72636,-705.20831,951.35565,-358.37762,-502.81558,965.55359,158.07938,-510.14569,811.29858,-372.68884,-327.11081,780.03668,116.5528,-578.61316,841.30389,-249.01924,-518.73181,826.48248,-54.78555,-843.55957,925.94543,-48.84623,-753.56049,459.42276,-294.99088,-607.7196,437.61487,29.31255,-764.30481,82.69768,-295.89819,-652.79828,-64.79063,193.43257
801,8,-364.14719,1310.12683,-58.06332,-492.91364,1474.21472,-141.48531,-464.36371,1353.07507,-255.61366,-332.18481,1216.31555,-171.07393,-645.70337,1265.56885,-282.80063,-490.62433,1221.1781,50.75577,-493.2691,1105.20361,-141.53323,-675.3667,1299.03796,-71.08208,-707.53979,952.59845,-357.45456,-501.8989,965.29956,158.12065,-511.76196,812.19012,-373.2002,-327.20834,778.86707,116.44572,-579.96417,843.15131,-249.49493,-517.85651,827.0354,-57.91856,-843.00183,926.46191,-47.28276,-757.03296,460.73749,-294.32626,-607.453,437.59808,27.41585,-765.07397,83.32809,-296.29141,-652.8139,-64.77388,193.44916
802,8.01,-364.40063,1309.94299,-60.94129,-493.70117,1474.68079,-141.89108,-466.53909,1353.75769,-256.49472,-333.80463,1216.97009,-175.8055,-647.66296,1265.42969,-281.92648,-489.0162,1220.31799,49.86229,-493.90506,1105.73364,-142.85275,-675.31714,1299.26697,-69.92551,-710.07996,954.2384,-357.16531,-500.97702,964.94861,158.38438,-514.42108,814.04962,-374.43646,-327.55377,777.96747,116.67583,-582.70038,843.3941,-250.99896,-516.80835,826.36499,-59.46803,-842.56952,927.03638,-45.80692,-759.03076,461.07983,-293.23383,-607.59711,437.98434,25.76405,-766.79767,82.99236,-295.64771,-652.80273,-64.87891,193.41699
803,8.02,-363.45566,1309.8031,-63.71901,-494.64972,1475.30054,-141.86319,-469.19696,1354.54175,-257.09103,-334.99811,1217.57947,-178.22873,-650.13959,1267.18872,-280.90378,-487.26321,1220.14136,49.12416,-494.6698,1106.11877,-143.8111,-675.19348,1299.2207,-68.57846,-712.47064,954.48505,-355.99524,-500.25787,964.72229,158.07338,-516.21478,815.16089,-375.01114,-327.798,777.05042,116.48448,-583.75092,843.40466,-252.07037,-516.62842,826.2981,-61.08709,-842.3537,927.21936,-45.25401,-762.12732,463.05682,-293.29672,-606.41833,438.89606,24.154,-768.57733,83.7072,-296.07538,-652.7384,-64.82371,193.37564
804,8.03,-363.52866,1310.29529,-68.26724,-495.09375,1475.38818,-141.57123,-472.46359,1355.52649,-259.04929,-336.47092,1217.84827,-182.21107,-652.3819,1267.96509,-280.27902,-486.58801,1219.74207,48.25642,-495.17126,1106.11194,-144.27119,-675.28259,1299.16345,-67.06525,-715.51428,955.77545,-354.83807,-499.60709,964.4726,157.79073,-518.65137,816.90747,-376.63742,-328.06848,776.02386,116.37112,-586.1543,845.27863,-252.46362,-513.18488,826.89313,-63.08353,-842.13678,927.58258,-43.86982,-764.73419,464.2431,-293.01163,-605.70166,438.60547,22.79153,-771.07056,84.76346,-296.33173,-652.94568,-65.08369,193.49094
805,8.04,-362.7106,1310.44385,-69.83839,-496.08566,1475.59888,-141.42793,-475.02475,1356.04065,-258.89072,-337.52985,1218.45496,-186.76518,-654.57239,1268.79053,-279.35883,-486.47043,1219.20825,47.23835,-495.79617,1107.26392,-148.2213,-674.05078,1297.22827,-66.38486,-718.05585,956.36401,-355.2854,-498.60852,964.37494,157.44405,-521.10724,818.32495,-377.74057,-328.40225,774.90149,116.11031,-586.89374,846.49884,-253.74255,-513.13037,826.6189,-65.75818,-841.711,928.02496,-42.82026,-766.19128,464.58813,-292.96268,-605.91046,438.25571,20.66729,-773.18872,85.25157,-296.64697,-652.89459,-65.07188,193.45116
806,8.05,-362.64252,1310.18787,-73.27223,-497.13763,1475.93445,-141.76137,-478.35278,1357.19495,-260.23801,-340.14334,1218.49707,-190.13419,-656.81647,1269.3772,-278.84476,-485.08694,1219.15259,46.25801,-496.85379,1108.0907,-150.53233,-673.75348,1296.99158,-65.81136,-720.96643,957.33661,-354.57852,-498.06311,964.37421,157.11488,-524.01093,819.35748,-378.90659,-329.18317,774.05658,115.93153,-589.90173,845.87286,-255.13721,-512.75409,826.47852,-67.57996,-841.25861,927.81903,-42.21666,-768.21832,465.86615,-292.6398,-605.58765,437.58728,18.43537,-776.68103,86.31645,-297.89758,-652.84039,-65.05235,193.41042
807,8.06,-362.76654,1310.09375,-77.19766,-498.17877,1476.44788,-142.72815,-481.37262,1358.22754,-262.14243,-341.92114,1218.86755,-194.62158,-659.14343,1269.84863,-278.30719,-483.99225,1218.96582,45.29482,-497.67725,1108.07605,-151.29988,-673.98157,1296.91785,-64.59872,-723.51648,958.07306,-354.21112,-497.83719,964.59668,156.9433,-526.552,820.71808,-380.38821,-329.5806,772.93829,115.5759,-592.39478,846.20081,-256.2081,-513.21838,826.54236,-69.48975,-841.12299,927.74121,-42.10168,-769.87769,466.60138,-293.22717,-603.64899,438.06735,16.31627,-780.45636,86.9938,-299.6366,-652.88953,-65.24059,193.41013
808,8.07,-363.4371,1309.62549,-79.86966,-499.42145,1476.51563,-142.70493,-484.19427,1358.53711,-263.40936,-343.4183,1219.68787,-198.54704,-661.68616,1270.5083,-278.353,-483.41626,1218.21484,44.02042,-498.41644,1108.0321,-152.06831,-674.59521,1296.62415,-64.0685,-726.70374,958.8252,-353.7504,-497.30893,964.86816,155.91507,-528.90442,821.65601,-381.71875,-330.43756,771.84247,115.39842,-592.11517,847.97424,-258.40067,-513.91516,827.09906,-71.62429,-841.11798,927.51636,-41.24569,-772.37311,466.86288,-293.84189,-602.77496,437.45868,14.74255,-784.42352,86.45329,-299.66797,-652.64612,-65.04845,193.25005
809,8.08,-363.65219,1309.51465,-83.09726,-500.35028,1476.76807,-143.6539,-487.31427,1359.19727,-264.61008,-346.66934,1220.31812,-202.81786,-664.08478,1270.7832,-278.16135,-483.26801,1218.28906,43.27433,-499.71674,1109.29883,-156.65018,-675.47913,1296.84265,-64.29722,-729.6131,959.51453,-354.12805,-497.33359,964.92529,155.25366,-531.61383,822.7973,-383.49359,-331.35461,771.10889,114.77624,NA,NA,NA,-514.10742,826.50952,-74.19586,-841.06281,927.01245,-41.0415,-774.03265,467.67215,-295.07141,-602.00616,437.90955,12.4014,-789.44531,87.91949,-301.27664,-652.70038,-65.30187,193.23973
810,8.09,-364.39749,1309.50122,-86.9219,-501.79977,1477.10583,-144.89774,-490.44064,1359.82544,-266.11642,-348.94568,1219.86316,-207.49652,-666.47552,1270.85156,-278.35123,-483.04846,1218.0802,41.51785,-500.49884,1109.25757,-157.4527,-675.89764,1296.6123,-64.43211,-732.76947,959.66357,-353.86703,-497.50406,964.87146,154.55507,-534.62134,823.73663,-385.26868,-333.0097,770.55176,114.23473,-596.45642,848.65283,-262.12817,-514.8819,826.63751,-76.36893,-841.20868,926.92395,-40.56288,-775.75848,468.24365,-297.48828,-600.87305,437.86765,11.01836,-794.42798,88.36536,-303.32898,-652.62439,-65.32764,193.17099
811,8.1,-364.88757,1309.3905,-91.03971,-503.44229,1477.21887,-145.60367,-494.16046,1360.82764,-268.17023,-350.73044,1220.56226,-212.34383,-668.95734,1271.74573,-278.44867,-483.56686,1218.0155,39.50926,-501.36826,1109.56042,-160.42992,-676.79492,1296.43237,-64.21709,-735.3949,960.33569,-354.34299,-498.14709,965.06567,153.97673,-537.867,824.34644,-387.01248,-334.63376,770.04755,113.91902,-599.50031,848.42346,-263.64267,-515.49292,826.41772,-78.50931,-841.37244,926.49353,-39.99332,-778.34918,467.86746,-298.21701,-599.94519,437.94745,9.46213,-800.12622,88.90265,-306.08344,-652.33972,-64.55428,191.32542
812,8.11,-365.98807,1309.36145,-94.25472,-505.12585,1477.54053,-147.13678,-497.49518,1361.51685,-269.60529,-353.41922,1220.77673,-214.86247,-671.66437,1271.95996,-278.47952,-482.94193,1217.92944,38.31633,NA,NA,NA,-677.52759,1296.37524,-64.28452,-738.79871,961.02112,-354.84686,-498.80902,965.40558,153.12054,-540.69537,824.98187,-389.30954,-335.66855,769.48816,113.08479,-600.39874,848.67987,-265.06088,-515.73224,826.97198,-81.65069,-841.1748,925.97113,-39.87284,-780.78668,467.85938,-299.51346,-598.52795,437.2153,7.08335,-805.76617,89.29958,-306.88596,-652.40253,-65.29393,192.99419
813,8.12,-367.43359,1309.62366,-99.06154,-506.81198,1478.03479,-148.68881,-501.33435,1362.271,-271.87247,-356.05426,1221.29382,-220.03403,-674.87762,1272.66638,-279.77893,-483.37982,1217.41345,35.48132,NA,NA,NA,-678.24231,1295.78052,-65.30833,-742.1228,961.9353,-355.86237,-499.04492,965.01886,151.53011,-544.08698,825.38831,-391.81802,-337.19043,768.95514,112.18796,-603.83136,847.63989,-267.02963,-516.43762,827.33282,-83.49687,-841.56158,925.4834,-40.31504,-783.96649,468.06793,-302.58246,-597.79089,436.52206,5.22054,-812.82965,91.48633,-312.06061,-652.3125,-65.25251,192.92851
814,8.13,-367.91388,1310.38489,-102.82289,-508.52164,1477.90979,-149.8071,-504.70508,1362.79272,-274.02072,-359.71078,1221.8219,-224.02515,-677.70026,1272.92688,-280.42261,-483.89871,1217.38232,34.23837,NA,NA,NA,-679.53442,1295.69385,-65.70779,-745.19135,961.83813,-356.27551,-500.03006,965.44012,150.39032,-546.92352,825.9726,-393.20358,-338.759,768.36853,111.29816,-604.10925,849.05634,-269.73624,-516.81921,827.17432,-85.80252,-841.87262,925.04333,-40.64872,-786.7326,467.42429,-304.16711,-597.09528,436.13153,4.27188,-819.23151,91.91414,-315.20306,-652.37622,-65.35469,192.95903
815,8.14,-369.94348,1309.73169,-107.18578,-511.01794,1478.15552,-151.62427,-508.18991,1363.53186,-276.17621,-362.3049,1222.63953,-228.42087,-680.33557,1272.53687,-280.81247,-483.46036,1217.07983,31.88308,-507.33197,1108.93237,-167.09915,-680.76929,1295.36975,-66.72343,-748.37103,961.70276,-357.7355,-501.2428,965.44781,149.24811,-550.2417,826.21155,-395.98456,-340.81735,767.79468,110.2419,-604.16071,849.68457,-271.5296,-517.30676,827.5191,-88.05182,-842.3645,923.87384,-40.29937,-789.54553,467.698,-306.87161,-595.91748,436.56952,2.98607,-826.04059,90.57212,-312.5769,-652.32593,-65.4381,192.89903
816,8.15,-371.76517,1310.19629,-111.46936,-513.22571,1478.23669,-153.95244,-511.60144,1363.61108,-277.90842,-365.42633,1223.31226,-233.68111,-683.32928,1272.6167,-282.08444,-485.05194,1216.88354,29.75423,NA,NA,NA,-681.79773,1295.10486,-67.98744,-751.41461,961.66931,-358.15237,-502.28421,965.42676,147.7666,-553.52484,826.78448,-398.56677,-342.63803,767.39703,108.8341,-607.12506,849.69189,-273.591,-517.68341,827.27173,-91.63418,-842.66541,923.22198,-40.70853,-792.5343,467.3158,-308.76572,-595.14984,436.05505,1.07417,-832.66064,90.04762,-314.5181,-652.3548,-65.48838,192.91194
817,8.16,-372.53336,1310.58252,-115.83022,-516.25537,1478.41455,-156.47604,-515.69849,1364.23438,-280.77509,-367.88144,1224.41895,-237.98984,-686.29199,1272.21118,-283.37827,-485.52753,1217.09521,27.52432,NA,NA,NA,-683.50323,1294.98584,-69.05629,-755.00348,962.052,-360.10706,-503.5744,965.88281,145.94563,-557.07568,826.93622,-401.63037,-344.5874,766.93597,107.03111,-609.20514,848.55188,-275.82639,-518.22754,827.25024,-93.32219,-842.70325,922.12048,-40.4697,-795.05176,466.5481,-311.95212,-594.44635,435.71832,-0.26757,-838.97894,92.52924,-322.10342,-652.42511,-65.65321,192.93427
818,8.17,-375.43927,1311.55701,-120.02588,-519.27582,1478.42871,-159.08133,-519.37195,1364.82861,-283.83005,-370.89709,1224.93127,-242.48053,-689.35468,1271.62036,-284.36945,-486.46295,1217.02673,24.54771,NA,NA,NA,-685.49921,1294.23938,-70.7169,-758.47314,962.05457,-361.0329,-504.71417,966.3399,143.84073,-560.7381,827.10632,-404.93073,-347.24203,766.46802,105.6167,-611.69305,848.19348,-278.37704,-518.42596,827.48236,-97.3073,-843.21881,921.4422,-40.7304,-798.005,466.19119,-315.34683,-594.11536,434.60544,-1.28692,-845.69739,91.78105,-323.40652,-652.41675,-65.64898,192.92822
819,8.18,-377.1666,1311.24487,-124.58287,-522.34534,1478.85376,-161.57082,-522.93524,1365.25977,-286.18292,-373.89581,1226.21729,-247.6655,-692.95306,1270.54419,-286.23203,-486.67856,1217.11816,21.00201,NA,NA,NA,-686.50146,1293.59973,-72.56129,-761.77502,961.69812,-362.74686,-505.72223,966.1875,142.03912,-564.56104,827.01605,-408.08621,-348.9447,765.76019,103.5453,NA,NA,NA,-519.3725,827.16827,-98.82697,-843.36426,920.19904,-41.19485,-801.04565,465.50668,-317.59796,-593.19745,434.45807,-2.49426,-852.65778,89.98545,-322.90375,-652.4104,-65.65109,192.92245
820,8.19,-378.79422,1312.05457,-129.36676,-525.30322,1479.24207,-164.09833,-527.44702,1365.6355,-288.90085,-376.7197,1227.55054,-252.5701,-695.15814,1270.27832,-287.36679,-487.76962,1217.0177,19.0263,-516.21289,1109.08472,-181.3934,-688.13629,1293.28186,-74.2896,-764.59204,960.22723,-361.99655,-507.57898,966.64514,139.20929,-568.28259,827.0412,-411.43921,-351.75287,765.65869,101.77532,-614.36627,848.43811,-281.46182,-520.74652,826.26611,-102.16083,-843.92554,919.25958,-42.349,-803.52887,465.39603,-320.51904,-591.61072,434.0386,-3.83869,-858.5885,93.0155,-331.09183,-652.20917,-65.60368,192.76575
821,8.2,-381.24887,1312.71289,-133.05464,-528.67529,1479.33191,-166.82008,-531.09747,1366.31189,-292.0347,-379.90555,1228.1311,-257.5975,-698.04333,1269.37793,-288.79263,-488.58224,1216.95898,15.55584,-518.61536,1109.66809,-184.66739,-690.47278,1292.07471,-76.63724,-768.11774,959.36584,-363.04111,-509.59921,966.6944,137.40982,-572.02295,826.89642,-415.21317,-354.12527,765.24329,100.06615,-617.50153,847.0365,-283.18787,-521.27563,826.51727,-104.11549,-844.3645,918.31445,-42.50917,-806.54944,465.28943,-322.96194,-591.25104,434.16537,-3.8602,-864.93903,92.66,-333.40546,-652.284,-65.70154,192.8064
822,8.21,-384.34616,1313.32874,-137.7822,-531.73004,1479.18542,-168.90065,-535.13391,1366.52087,-294.50287,-383.21921,1229.19519,-261.99066,-702.54456,1269.2948,-291.88553,-490.48981,1217.34485,13.35449,-520.40295,1110.13635,-188.37671,-693.0885,1292.11401,-78.48422,-772.09845,959.21472,-365.34268,-510.98813,967.07318,134.80354,-575.89166,826.12677,-418.26877,-356.79538,764.6712,97.8477,-619.60431,846.64612,-285.05307,-520.64899,826.82422,-107.79594,-845.3382,917.16376,-43.79539,-808.85687,464.14423,-326.22931,-590.96899,432.64853,-5.6236,-870.95392,93.64189,-337.22733,-652.29669,-65.7548,192.80527
823,8.22,-386.4411,1314.73035,-142.20964,-535.19067,1479.28235,-171.95894,-539.85675,1367.33093,-298.59314,-386.69202,1230.24072,-267.42215,-705.7428,1269.38843,-294.29193,-491.98538,1216.69482,9.54968,NA,NA,NA,-694.62158,1291.18201,-80.97681,-775.63818,959.03461,-367.4588,-513.18079,967.67358,132.11371,-579.67627,825.97107,-421.85831,-358.95087,764.00812,94.7738,-622.31158,846.33289,-288.29572,-521.42932,826.23657,-110.49671,-845.46765,916.18201,-44.86364,-811.23499,464.12692,-330.11151,-590.59094,432.53787,-6.08341,-876.80243,93.52415,-340.15552,-652.11365,-65.65896,192.67426
824,8.23,-389.38571,1315.36658,-147.86406,-539.16248,1479.71155,-175.23438,-543.81232,1367.49243,-301.89661,-390.05792,1231.25281,-272.68106,-709.05322,1268.12817,-296.26181,-493.76523,1216.93762,6.2415,NA,NA,NA,-696.67395,1290.92615,-83.98878,-779.40332,958.02661,-368.98483,-514.43652,967.7973,128.62189,-584.02124,825.54175,-425.32904,-362.37671,764.45099,92.59187,-622.51654,847.10724,-289.80301,-522.09009,826.52545,-113.72676,-845.91235,914.58136,-46.18147,-814.08447,462.95901,-332.93027,-590.26849,432.8804,-7.12136,-882.10968,94.15846,-344.5257,-651.99414,-65.02355,190.93593
825,8.24,-392.09592,1316.28333,-152.49117,-542.88879,1480.04895,-178.72954,-548.14264,1368.35181,-305.12561,-393.56882,1232.69153,-277.43332,-712.89551,1267.3501,-299.16183,-495.50037,1217.80652,2.70426,NA,NA,NA,-698.95435,1290.06885,-86.211,-783.42743,957.35107,-371.0061,-516.87012,968.21936,125.94002,-588.94733,825.26031,-429.79449,-364.82709,763.43127,90.06227,NA,NA,NA,-523.21594,826.60693,-117.00388,-846.85126,913.45184,-47.74401,-817.25183,462.53406,-336.42557,-589.78723,432.81381,-7.82815,-887.13855,95.1666,-349.1329,-652.1637,-65.79609,192.68575
826,8.25,-394.78909,1316.97937,-157.5424,-546.66785,1480.57837,-182.37202,-552.70087,1368.56128,-308.2861,-397.61313,1233.26477,-282.09891,-716.54224,1266.77258,-301.54419,-498.091,1217.84668,-1.32162,NA,NA,NA,-702.08331,1289.89258,-89.48792,-787.37262,956.85553,-372.89908,-518.31708,968.43475,122.25123,-593.6571,824.13507,-433.47357,-368.45007,763.49146,87.01112,-628.55548,845.94934,-295.48175,-523.95496,826.5451,-120.75922,-847.17389,912.19482,-49.21406,-820.30121,461.51849,-340.20093,-589.78583,431.7594,-10.46327,-891.87537,96.21262,-354.44995,-651.9787,-65.65593,192.56279
827,8.26,-398.36572,1317.88525,-163.28407,-551.54034,1480.87415,-185.92851,-557.37115,1369.05701,-312.64975,-401.10297,1234.67615,-287.06592,-720.12268,1266.2738,-304.55804,-499.29645,1218.58948,-4.29976,NA,NA,NA,-704.03882,1289.38477,-92.22767,-791.82623,956.50037,-375.2395,-520.61072,969.4754,119.33776,-598.18488,823.74939,-437.1701,-370.69699,762.95306,83.77936,-630.25653,845.84515,-298.39777,-524.60199,826.84198,-124.49119,-847.67383,911.60669,-50.73354,-823.33606,460.86835,-344.67078,-589.49683,431.90463,-10.84278,-896.5423,96.26892,-357.80399,-652.04504,-65.70629,192.60687
828,8.27,-401.32114,1319.31482,-168.83223,-554.95367,1481.20044,-189.18343,-562.32117,1369.54919,-316.51544,-404.74722,1236.21899,-293.50507,-724.23785,1265.57947,-307.68518,-501.6615,1218.22327,-9.12718,NA,NA,NA,-707.12488,1289.43518,-95.07451,-796.42767,956.14227,-377.13623,-522.7984,969.59778,115.74442,-604.01373,823.57458,-442.2309,-374.93988,762.7218,80.70301,-632.0686,846.34473,-300.96384,-526.3017,827.30609,-128.11131,-848.84674,910.12909,-53.08757,-827.1015,459.58017,-348.30301,-589.5238,431.69064,-11.6178,-900.96973,95.50119,-359.44891,-652.10266,-65.25519,190.97517
829,8.28,-404.40894,1319.66638,-173.62592,-559.40454,1481.43188,-193.40494,-566.85413,1369.71228,-320.40964,-408.90637,1237.42322,-298.82809,-727.99554,1264.88635,-310.26663,-503.32263,1218.64258,-13.56923,NA,NA,NA,-710.30341,1288.72046,-98.85402,-801.0144,955.78479,-380.19547,-525.07959,970.25403,112.36789,-609.20044,823.18616,-446.37671,-377.71716,762.70929,77.00969,-633.62628,846.63007,-303.78445,-526.7124,827.60065,-131.37643,-849.69202,909.18433,-55.58706,-830.32599,457.9819,-351.56439,-590.43805,431.7674,-13.69419,-905.70508,94.60999,-360.71472,-652.02838,-65.17463,190.93118
830,8.29,-408.25107,1320.9646,-179.46251,-564.22473,1481.89197,-197.44658,-571.79077,1370.32617,-324.93414,-413.43784,1238.48914,-304.08044,-732.29071,1264.95984,-314.28571,-505.91815,1219.68103,-17.51176,NA,NA,NA,-712.52252,1288.16833,-102.36032,-806.51965,955.57153,-383.32336,-526.45001,971.34991,108.89629,-614.87842,822.16406,-450.59726,-381.19519,762.53931,73.65424,NA,NA,NA,-528.56769,827.68896,-136.00931,-850.3255,908.92218,-57.01887,-833.86639,457.13269,-355.15372,-590.77277,432.11526,-14.74438,-909.35608,94.38902,-364.02667,-652.10419,-65.74786,192.64687
831,8.3,-411.8197,1322.19763,-185.01088,-568.98438,1482.05273,-201.67807,-576.84869,1370.98792,-328.86926,-417.28784,1240.26233,-310.59061,-736.44604,1264.36169,-317.22885,-507.8429,1220.49817,-22.20151,NA,NA,NA,-716.48016,1288.12012,-106.45849,-811.88959,955.39783,-385.82086,-528.32605,971.71387,105.24695,-620.86505,821.94336,-455.43298,-384.1777,762.37756,69.09122,-640.6778,844.66254,-310.45126,-529.96429,828.23151,-140.81053,-852.14441,907.39966,-59.99117,-837.33307,456.14877,-359.10864,-591.45984,432.42117,-16.74035,-913.24219,94.46397,-367.37918,-652.12347,-65.85214,192.64001
832,8.31,-415.12302,1323.328,-189.97044,-573.15845,1482.17188,-205.60844,-582.09857,1371.67285,-333.58609,-421.45953,1241.68372,-316.73596,-740.58618,1263.98181,-321.0589,-510.96219,1220.91382,-27.29514,NA,NA,NA,-719.09241,1286.71692,-110.26667,-816.90302,955.11951,-388.46216,-532.37738,971.59027,99.48046,-627.34027,821.87671,-459.77097,-387.64896,761.88385,65.42368,-643.67682,844.8078,-313.81198,-531.30042,828.39569,-145.54021,-852.94379,906.55945,-63.15992,-840.09589,454.29236,-360.55508,-591.99011,432.67407,-17.83446,-916.3266,93.14499,-369.07932,-652.28857,-66.06712,192.72993
833,8.32,-419.27933,1324.24878,-196.79218,-578.31824,1482.95154,-210.04721,-587.59106,1372.44177,-338.44705,-426.16684,1243.12366,-323.36731,-745.26575,1263.57178,-324.57965,-513.65375,1221.28552,-32.12766,NA,NA,NA,-721.81946,1286.71887,-114.05978,-822.25641,954.61646,-390.57071,-532.67621,973.00488,95.9958,-633.73901,820.93616,-464.34259,-390.39145,761.49774,61.0043,-645.25372,845.84979,-317.50696,-533.7998,829.43829,-149.29733,-853.30334,905.99945,-66.0918,-843.34619,453.43488,-363.14594,-592.48352,432.62601,-20.90095,-920.14185,92.80779,-371.07144,-651.96924,-65.75901,192.53229
834,8.33,-423.54865,1324.94128,-202.62271,-582.96863,1483.30847,-214.56517,-592.84271,1373.09326,-342.89084,-430.78885,1243.85193,-329.04355,-749.24103,1262.96631,-328.207,-515.94446,1221.50269,-37.40166,NA,NA,NA,-725.65405,1286.19604,-118.59623,-829.23907,955.50354,-394.35214,-534.73578,973.43158,92.09382,-640.46808,820.97266,-469.67554,-393.81274,762.90863,58.03411,-649.35358,844.65509,-322.22852,-535.61145,829.29309,-153.82779,-854.9317,904.48309,-69.67873,-845.88135,452.87344,-366.44742,-592.71051,433.1781,-23.06677,-923.71069,92.0127,-372.1322,-652.08087,-65.87334,192.59991
835,8.34,-428.1568,1326.48865,-209.07062,-587.66449,1483.85071,-219.03375,-598.17523,1373.91345,-347.41696,-435.69614,1245.39404,-335.45419,-753.82654,1262.9502,-332.11844,-518.72186,1222.13147,-42.57465,NA,NA,NA,-729.0722,1285.59204,-121.99081,-835.43762,955.18066,-397.55933,-536.43903,973.64246,86.16277,-647.57227,820.58893,-474.56848,-396.51175,761.75409,53.18806,-650.9563,844.8999,-326.3121,-537.34454,829.92877,-159.12097,-856.15729,903.80835,-73.15732,-848.27264,451.61343,-369.63586,-593.46594,433.51898,-25.50309,-927.0415,90.98286,-371.00024,-651.98523,-65.94958,192.50368
836,8.35,-432.75568,1327.30701,-215.16356,-593.16516,1484.2002,-224.42015,-603.87036,1374.73486,-352.31528,-441.09149,1246.51953,-341.55804,-759.35046,1263.02014,-336.8519,-522.23297,1222.31165,-47.49291,-558.70581,1114.55383,-249.39571,-732.94629,1285.13647,-126.97849,-841.52246,955.33691,-400.70239,-541.10333,974.02692,77.82676,-654.64813,819.61981,-478.93253,-400.48108,761.59436,48.38874,-653.0022,844.71747,-331.63895,-539.44385,830.47321,-163.78751,-857.67926,903.58032,-77.05,-850.45935,450.31851,-372.03876,-595.15637,433.04889,-28.82056,-929.83533,89.24724,-371.52548,-651.87964,-65.84133,192.43973
837,8.36,-436.35086,1328.65955,-222.02878,-598.69922,1484.65588,-229.43909,-609.59485,1375.51074,-357.61182,-445.82239,1247.65308,-348.01157,-764.41418,1262.36145,-340.81683,-524.85016,1222.79968,-53.87934,NA,NA,NA,-736.09247,1284.86914,-130.95122,-847.4856,955.67877,-404.14081,-541.0459,974.53571,75.30608,-662.62543,819.80951,-485.04645,-403.27979,761.41742,43.49041,-656.53186,844.51172,-336.04358,-542.15967,831.35553,-169.6951,-859.43872,902.43298,-81.21582,-853.26892,448.60101,-375.435,-595.88397,433.65118,-31.13976,-931.79047,87.93174,-372.00696,-651.71124,-65.64287,192.34343
838,8.37,-441.28732,1329.93787,-228.0916,-603.99756,1484.67053,-233.59302,-615.58606,1375.92578,-362.94922,-450.92123,1249.17468,-354.89664,-770.05487,1262.38269,-345.04788,-527.48663,1223.7688,-59.65004,NA,NA,NA,-739.91046,1283.79236,-135.64587,-853.85785,955.72095,-407.33871,-543.76587,975.19965,70.40999,-670.59509,819.21661,-490.06384,-406.24103,761.013,38.67476,NA,NA,NA,-543.63098,831.31458,-174.8819,-861.31573,901.80658,-85.36306,-855.09119,447.88205,-379.13715,-596.67395,434.44504,-35.26726,-934.40491,86.19138,-370.85666,-651.83521,-65.72504,192.42838
839,8.38,-446.42377,1330.21582,-235.05453,-609.33765,1485.28796,-238.45619,-621.65698,1376.84583,-368.68652,-456.40915,1250.7605,-361.76547,-775.40698,1262.04993,-349.63022,-530.77393,1223.7533,-65.40362,-570.12207,1115.45093,-265.18591,-743.98523,1283.44666,-140.05588,-860.85791,955.60126,-411.01239,-546.46466,975.59552,64.69257,-678.42328,818.86493,-495.33505,-410.45114,761.26007,33.51283,-658.05609,848.13275,-346.14166,-546.10645,832.18988,-180.58023,-863.32202,901.58704,-90.54388,-856.88635,445.9147,-382.22629,-597.88623,434.57681,-38.73603,-937.1012,84.2254,-369.86932,-651.45569,-65.50078,192.16231
840,8.39,-451.41431,1331.19727,-241.87648,-614.77185,1485.39331,-243.6122,-627.86597,1377.87085,-374.15344,-461.72949,1252.3031,-369.56003,-781.06836,1261.8114,-353.90378,-534.65936,1224.37329,-72.99794,-574.40417,1116.90601,-272.02859,-747.77673,1282.6145,-144.90654,-868.05774,956.47168,-414.60587,-548.70599,976.1109,58.49877,-686.9762,817.9455,-500.15668,-412.58054,761.34076,28.7809,-662.3479,847.09045,-352.45825,-548.20734,833.34528,-188.4985,-864.75287,900.47552,-94.43689,-859.19415,444.77414,-385.51144,-598.77142,435.24637,-40.88929,-938.81061,83.53431,-368.5903,-651.26123,-65.42514,192.01733
841,8.4,-456.8699,1332.27393,-249.16666,-620.9234,1486.14917,-249.20348,-634.02222,1378.5105,-380.13135,-467.11517,1253.58203,-376.74936,-786.5722,1261.44043,-358.55731,-538.09229,1224.54639,-79.17377,NA,NA,NA,-752.0343,1282.15442,-149.17789,-875.98218,956.20538,-418.3812,-550.59753,976.0434,51.76905,-695.5697,817.52588,-506.10834,-416.84235,760.64954,22.38159,-665.94348,846.43182,-358.79083,-550.69952,833.40485,-195.10939,-867.19891,899.22589,-99.67239,-860.68042,443.00107,-389.28461,-600.45117,435.40585,-45.07369,-939.94965,82.88027,-369.89508,-650.99695,-65.27224,191.83131
842,8.41,-461.61472,1333.53711,-256.44983,-627.09747,1486.29773,-255.25208,-640.56073,1379.15405,-385.98727,-473.06909,1255.5885,-384.42523,-793.21655,1261.60754,-363.43851,-541.26648,1224.30298,-85.47092,NA,NA,NA,-755.80695,1281.64954,-155.60948,-883.38275,956.3725,-421.99039,-553.04181,976.22803,45.0205,-704.36902,817.38007,-511.32083,-420.01254,761.31549,16.71561,-670.06451,845.06,-364.974,-553.45862,834.14935,-201.15392,-868.54242,897.83014,-104.03357,-862.56055,441.73871,-393.05768,-602.32782,435.77576,-48.27811,-941.00299,81.71986,-370.30331,NA,NA,NA
843,8.42,-467.08829,1334.40283,-263.74435,-632.7428,1486.31006,-260.3923,-647.14911,1379.84937,-391.49588,-478.87305,1256.65967,-391.86795,-798.94983,1260.89685,-368.49872,-545.45099,1224.55212,-92.67387,-587.92493,1118.37402,-293.01102,-760.32379,1280.37439,-160.29376,-891.25049,956.43915,-425.7359,-555.39313,976.78058,37.81579,-713.73267,816.81311,-517.05353,-423.5668,760.22455,10.20647,-673.84766,843.58997,-371.4465,-556.15704,834.15973,-208.19844,-871.08832,896.57861,-110.30652,-863.69019,439.53543,-396.37991,-603.85895,435.91852,-52.25859,-941.93402,80.39999,-370.74365,NA,NA,NA
844,8.43,-472.27548,1335.16785,-271.47183,-639.23492,1486.61462,-265.91263,-653.08374,1379.96716,-397.16791,-484.86813,1258.40967,-399.67404,-805.13525,1260.45056,-373.22974,-549.1109,1225.2085,-99.76437,-592.49823,1117.77515,-300.37192,-764.52161,1279.7002,-165.34982,-898.88666,956.20355,-429.22873,-557.76587,977.00018,31.98548,-722.99957,816.26361,-521.90387,-427.4003,760.25403,3.82901,-677.05035,842.90411,-377.88724,-558.94403,834.94928,-215.34267,-872.42047,895.19983,-114.87981,-865.5481,438.66757,-399.59714,-604.427,436.55179,-56.82278,-943.24823,78.97723,-371.54996,NA,NA,NA
845,8.44,-477.9216,1336.7926,-279.12613,-645.30841,1486.22803,-270.75262,-659.52155,1380.50745,-403.26404,-490.94952,1259.41699,-407.0101,-811.90942,1260.453,-378.32855,-552.99115,1224.61536,-107.59328,NA,NA,NA,-769.60315,1279.10291,-171.83682,-906.63257,955.9516,-432.72937,-563.94086,977.27826,24.00016,-732.18683,815.38324,-527.91095,-429.77127,760.58728,-2.31466,-680.95483,843.43817,-385.6694,-561.88702,835.56519,-223.23593,-875.0708,893.93903,-120.91599,-867.31195,436.87747,-403.70166,-605.96368,437.06366,-60.82381,-945.01202,77.42538,-372.40195,NA,NA,NA
846,8.45,-483.64484,1337.2229,-286.20325,-651.24817,1486.66357,-276.81494,-666.28943,1381.05566,-409.02808,-496.94171,1260.79224,-415.10016,-818.4635,1259.80762,-383.38028,-556.41327,1224.42639,-115.80938,NA,NA,NA,-773.06915,1278.14124,-176.6123,-914.98309,955.72253,-436.02509,-565.7146,977.39258,18.66742,-742.14349,814.78802,-533.58795,-433.98468,759.27417,-10.36578,-684.91943,842.89874,-392.96112,-564.48224,836.14801,-231.92278,-876.81342,892.16931,-126.62119,-869.45886,436.32275,-408.98633,-607.3139,436.94684,-64.91832,-946.59271,75.43154,-373.37378,NA,NA,NA
847,8.46,-488.84045,1337.94006,-294.80145,-657.62152,1486.78113,-282.27505,-672.93982,1382.03699,-415.70236,-503.27264,1262.69629,-423.2334,-825.58496,1259.34558,-388.17026,-559.66608,1224.63562,-123.07201,NA,NA,NA,-778.08466,1277.29211,-183.04529,-923.31024,955.927,-440.06693,-567.21155,977.96838,10.5445,-752.35931,813.97803,-538.46362,-437.46057,760.62067,-17.03927,-688.46674,842.97382,-400.98148,-568.54883,835.68378,-239.48981,-879.32794,891.31085,-132.38385,-872.28156,435.42719,-413.1012,-608.2074,438.45813,-70.08569,-947.45575,74.23321,-375.00137,NA,NA,NA
848,8.47,-494.57681,1339.16772,-301.36176,-663.76788,1486.60327,-288.65726,-679.57233,1382.79187,-421.62442,-509.37836,1264.21973,-431.92667,-832.14246,1258.77295,-393.02322,-564.28937,1224.14246,-131.69354,NA,NA,NA,-781.9306,1276.25452,-188.16902,-931.02002,955.72119,-443.41742,-569.97174,977.10217,3.15602,-761.67859,812.52118,-544.77832,-441.10626,759.88757,-23.13128,-694.77344,843.61163,-408.52832,-571.82806,836.18365,-248.0394,-881.70959,890.66571,-138.22069,-875.49463,434.36615,-418.16745,-609.64771,438.01434,-74.75612,-948.10901,73.4318,-376.37195,-649.77246,-64.23183,191.04254
849,8.48,-500.36517,1339.41504,-309.04141,-670.18286,1487.57007,-293.91885,-686.68048,1383.94897,-428.85876,-515.13593,1265.46338,-439.34677,-839.13232,1258.56287,-398.59781,-567.93976,1224.06946,-139.24269,NA,NA,NA,-786.80273,1275.28821,-194.48302,-939.66656,955.09863,-446.57016,-572.73065,978.04565,-5.94267,-772.20117,811.90472,-550.69043,-444.35199,759.46002,-31.39192,-698.18921,843.79065,-415.95444,-575.42047,836.36707,-256.7514,-885.02307,889.37915,-144.88031,-878.39526,433.66132,-423.88635,-609.83368,438.89526,-80.30727,-948.62549,72.87106,-377.06726,-649.07849,-63.80893,190.55878
850,8.49,-505.54187,1340.91345,-318.10004,-676.28723,1487.32385,-300.35339,-692.92993,1384.42078,-434.77921,-521.47858,1266.70667,-448.10306,-846.31,1258.09229,-403.8717,-570.91644,1224.46436,-147.66626,NA,NA,NA,-789.85156,1274.85474,-199.39374,-947.79968,954.91327,-450.48672,-575.54791,977.84784,-13.31262,-782.72742,811.24017,-556.2879,-449.12411,758.49597,-40.91415,-704.67798,843.73285,-423.76047,-578.87384,836.21228,-266.2132,-888.0788,888.02417,-150.75114,-882.22748,434.35483,-429.53806,-611.04126,438.41351,-85.89893,-949.21527,72.46112,-377.23666,-648.38586,-63.32019,190.09065
851,8.5,-511.03653,1341.48462,-326.21704,-682.28693,1487.76294,-307.31116,-699.31525,1384.81519,-441.58203,-528.31323,1268.34656,-456.54984,-853.27222,1257.74963,-408.28809,-574.8186,1223.53174,-155.94666,NA,NA,NA,-794.92657,1273.88049,-206.42952,-956.28625,954.71704,-454.13947,-578.92987,977.5127,-22.20947,-793.51178,810.53015,-561.72192,-451.12198,759.25452,-47.57377,-709.94366,843.7865,-431.65305,-582.54144,836.35846,-274.40497,-890.93158,887.17468,-156.59299,-886.19287,434.45895,-434.91092,-610.70813,439.89996,-90.93076,-950.04462,71.95801,-377.66058,NA,NA,NA
852,8.51,-516.54938,1342.80627,-335.08737,-688.19861,1487.47644,-312.76276,-705.93127,1385.427,-447.90491,-534.45056,1269.71997,-464.81805,-859.83014,1256.84204,-413.64362,-577.73553,1224.74426,-164.49852,-635.95984,1120.04712,-367.3223,-798.84869,1273.11145,-211.87608,-964.591,954.94116,-457.4527,-582.56531,977.00439,-30.66548,-804.49609,810.64899,-568.36322,-454.49213,758.9931,-54.84872,-715.29358,843.88574,-439.4866,-586.53479,836.98199,-284.64902,-892.77789,886.09979,-162.23329,-890.03644,434.11145,-440.87573,-611.18134,440.16287,-96.71307,-950.95856,71.48375,-378.28851,NA,NA,NA
853,8.52,-523.12823,1343.61853,-343.6293,-693.94733,1487.72607,-319.30743,-713.36511,1386.92737,-455.30295,-541.07562,1271.47986,-473.28485,-866.8291,1257.09338,-419.02133,-581.45807,1223.99353,-173.53345,NA,NA,NA,-801.98267,1272.43274,-217.3452,-972.88959,954.84857,-460.62051,-584.88373,977.46979,-39.67382,-814.32703,807.9892,-571.5744,-458.65457,758.14063,-62.35187,-719.91107,844.86615,-450.13843,-590.88739,836.67114,-294.36603,-895.88104,885.80176,-169.17795,-894.35931,434.92566,-446.88354,-610.36035,441.34521,-101.40562,-951.72693,70.93983,-379.4216,NA,NA,NA
854,8.53,-527.42767,1344.61401,-351.70624,-699.89178,1487.49475,-324.93478,-719.82458,1387.8269,-461.89755,-547.43323,1272.77539,-482.14758,-872.9743,1256.55115,-423.0936,-584.34509,1224.38245,-182.08086,-647.15369,1121.16858,-384.77698,-805.95496,1271.66284,-223.24728,-981.42316,955.53693,-463.48401,-587.35455,978.26611,-48.37966,-825.45966,807.72223,-576.85449,-462.80533,758.08215,-71.13674,-725.37799,845.16534,-458.40894,-595.07465,836.7215,-302.94897,-897.59521,885.07788,-175.19267,-899.06836,435.00146,-452.04865,-610.89063,442.05402,-108.68229,-952.29901,70.49275,-380.48428,-101.89508,368.23166,-182.66675
855,8.54,-533.73907,1344.93994,-360.59918,-705.86401,1487.96423,-331.95068,-726.63074,1388.18713,-467.80972,-553.8299,1274.4657,-491.81277,-879.69354,1256.97375,-428.58301,-587.04724,1224.33813,-190.69077,-653.5589,1122.41211,-392.24088,-808.75372,1271.85242,-228.7478,-989.29358,955.74445,-466.18658,-590.43341,977.52032,-57.10933,-836.87006,807.14575,-582.79297,-466.10754,757.69995,-79.54006,-730.77588,846.70453,-467.37427,-599.2038,837.43524,-313.00409,-900.24268,884.1759,-180.43185,-903.44,434.77188,-457.99756,-610.59338,443.88654,-114.54723,-952.60089,69.69942,-381.13385,-635.42639,82.15841,5.26704
856,8.55,-538.97504,1345.8092,-368.71255,-710.71252,1487.94812,-337.60327,-733.32721,1388.83228,-474.49835,-559.92743,1276.26685,-501.5152,-886.48218,1257.14819,-433.90012,-589.76807,1224.56787,-200.22968,-659.41272,1122.05933,-399.12204,-812.72455,1271.18994,-234.48059,-997.2243,956.14789,-468.97018,-592.83417,978.00647,-66.02786,-847.90546,806.5202,-587.66418,-471.80957,756.14362,-88.75193,-736.95624,845.82947,-475.37582,-603.41425,837.33801,-322.16559,-901.82483,883.78284,-185.96887,-907.95032,433.99753,-462.00369,-610.23547,445.19257,-122.41376,-953.03302,68.75899,-381.21054,NA,NA,NA
857,8.56,-544.69733,1346.84619,-377.46375,-716.67065,1487.99829,-343.42197,-739.79932,1388.995,-480.6925,-566.31348,1277.97961,-510.0704,-892.5769,1257.06262,-438.41724,-592.09064,1225.29651,-209.04497,-664.94604,1122.45471,-407.71207,-816.04132,1271.26831,-239.78102,-1005.2395,956.92273,-471.0575,-595.29541,977.62231,-74.64204,-859.42603,806.2229,-592.94275,-473.72549,756.93152,-96.9767,-743.76538,845.93506,-483.29947,-607.61694,838.08643,-333.11368,-904.66577,883.56171,-192.66911,-913.19055,433.4859,-466.04913,-610.32245,446.05371,-129.39101,-953.45422,67.57324,-380.78046,NA,NA,NA
858,8.57,-549.92688,1347.28015,-386.64011,-722.06415,1488.50232,-349.57019,-747.07703,1390.43396,-487.78586,-573.36353,1278.07532,-518.06769,-899.70972,1258.11133,-441.1098,-594.12256,1225.24268,-217.91344,-671.60217,1123.41772,-417.57611,-818.57452,1270.60535,-245.67093,-1012.97778,957.88617,-473.41837,-597.81738,977.35486,-84.25046,-870.49866,805.80804,-597.50006,-477.58472,755.50928,-105.28049,-749.75769,846.69617,-491.92883,-611.78534,838.60724,-342.98636,-906.48792,883.65021,-198.29427,-917.85736,432.50668,-469.16272,-608.90155,447.13364,-135.52769,-954.10565,66.71217,-380.51501,NA,NA,NA
859,8.58,-554.44763,1348.57153,-394.64017,-726.53943,1488.41077,-355.92407,-753.23792,1390.43469,-492.90891,-580.46002,1279.06458,-526.18201,-905.61884,1258.35962,-444.98199,-596.81061,1224.82996,-226.91827,-676.30072,1123.0127,-423.99033,-821.19342,1269.90027,-250.64688,-1020.66302,958.72107,-475.84583,-599.86407,978.15021,-93.85345,-881.19446,805.11627,-601.61884,-480.59262,755.08197,-112.81081,-757.20386,847.10394,-498.22922,-616.11212,838.26172,-352.50317,-908.13007,882.74438,-203.31482,-922.6355,431.95114,-471.14426,-608.38556,448.26474,-144.2849,-954.67291,65.90408,-380.45953,-629.54681,92.29897,-7.72971
860,8.59,-559.81555,1349.26465,-404.40262,-731.77563,1489.16882,-362.15973,-759.80341,1391.30969,-498.8306,-587.36536,1280.99731,-534.60767,-911.21997,1258.57727,-448.3327,-599.45862,1225.16272,-235.60291,-681.97437,1123.60303,-432.04337,-823.37921,1269.47986,-255.92651,-1028.31226,959.08356,-477.33194,-601.35382,978.53711,-102.07545,-893.03247,805.07349,-606.68494,-484.20987,754.59473,-121.86443,-763.50476,847.60291,-506.33557,-620.33691,839.15869,-363.26178,-910.1355,882.57965,-209.64859,-927.1933,431.45059,-474.13416,-606.573,450.18335,-153.47783,-955.15491,65.29113,-380.65442,NA,NA,NA
861,8.6,-565.32043,1350.2085,-412.52899,-735.97351,1489.47949,-367.4588,-766.22266,1392.45471,-504.17831,-593.52051,1282.27136,-544.34747,-916.8222,1259.28064,-452.41614,-601.50647,1225.67249,-244.73615,-687.01184,1124.41797,-440.44077,-826.53741,1269.40723,-261.2478,-1035.23547,960.32782,-479.05295,-603.06995,979.08948,-111.48204,-903.92175,804.88068,-610.06317,-487.68799,754.17676,-130.85199,-770.22614,848.60175,-513.76038,-624.96576,839.2851,-372.97403,-911.15356,882.06201,-214.21507,-930.90588,429.89215,-474.90848,-606.21582,450.46249,-163.79681,NA,NA,NA,NA,NA,NA
862,8.61,-569.32635,1350.94373,-421.7363,-740.6051,1490.13696,-373.69873,-772.30109,1393.53564,-509.85245,-598.35358,1284.5448,-554.85168,-922.14697,1259.77075,-455.88345,-603.43207,1225.56323,-254.81439,-692.01184,1125.43909,-448.32343,-829.01978,1269.65771,-266.68027,-1042.39502,960.88239,-480.59293,-603.22491,978.83038,-119.78429,-914.90631,804.50909,-614.25244,-490.41586,753.25421,-139.46788,-776.64612,849.33533,-521.06378,-628.57574,839.94678,-383.03806,-914.263,882.33356,-220.43398,-934.80951,429.91235,-477.16177,-604.07062,450.74591,-173.52316,-955.86041,64.46871,-381.97351,NA,NA,NA
863,8.62,-574.44678,1351.96667,-429.84967,-744.58563,1490.5083,-379.1709,-778.4729,1394.14136,-515.43719,-607.21222,1284.81396,-561.08612,-927.63245,1260.29321,-459.6088,-605.36957,1226.15723,-263.56345,-697.08765,1125.70801,-455.09784,-831.03381,1269.38855,-271.8313,-1048.99768,961.91711,-481.98718,-604.2392,979.01978,-129.50667,-925.8515,804.24536,-617.43506,-492.99185,752.6424,-148.09743,-782.86969,850.18567,-528.43671,-632.88666,840.5683,-392.12207,-915.18555,881.8465,-224.48694,-937.76971,429.50113,-477.32874,-601.70135,451.04565,-185.52776,-956.05432,64.2738,-382.32538,NA,NA,NA
864,8.63,-578.50037,1352.72314,-439.73215,-748.67175,1491.63525,-385.64301,-784.09546,1395.56653,-520.86285,-613.05566,1286.56335,-570.12799,-932.87518,1261.35742,-463.60602,-607.32867,1226.75159,-271.52054,-702.10736,1126.89404,-463.06763,-832.80585,1269.20862,-277.01486,-1055.76733,962.09955,-481.82178,-604.44202,979.25195,-138.99725,-936.41699,804.32697,-620.87573,-495.42188,752.32263,-156.19862,-788.66162,851.04639,-535.29456,-636.91486,841.27893,-401.49481,-916.33154,881.80261,-228.69757,-940.73315,428.0788,-477.67828,-598.87598,451.24472,-197.99403,-956.29645,64.12155,-382.65735,NA,NA,NA
865,8.64,-583.492,1354.20862,-448.09055,-752.14398,1492.38391,-391.53418,-789.5144,1396.93213,-527.31793,-619.20081,1288.12659,-578.4577,-937.89594,1261.47119,-467.16302,-610.17609,1227.0603,-279.86215,-707.67627,1128.20837,-473.25616,-835.33325,1269.31934,-282.44321,-1061.78809,962.91321,-482.47806,-604.2663,979.41681,-146.8008,-947.12695,804.39636,-624.10504,-498.42209,751.83545,-164.00177,-794.40857,852.22321,-541.81409,-641.1593,841.31689,-409.10822,-918.08081,882.43579,-233.95352,-943.82275,428.14917,-478.90219,-597.08923,450.39349,-211.52528,-956.4436,63.96262,-382.98093,NA,NA,NA
866,8.65,-587.85223,1354.67432,-456.62616,-756.34436,1493.02136,-397.45297,-794.81409,1398.00671,-532.71851,-625.17029,1288.86462,-586.73218,-942.08307,1262.09143,-470.54703,-612.15533,1227.74792,-288.93597,-711.09851,1129.1001,-478.45322,-837.05811,1270.08728,-287.97415,-1067.68066,964.02228,-483.66943,-605.28198,979.58301,-155.34288,-957.5011,804.56189,-627.54437,-499.88626,751.77979,-172.23643,-800.09808,852.849,-547.97455,-644.8634,842.39032,-418.01096,-918.77838,882.47375,-237.85167,-946.3808,427.36234,-479.36264,-594.31403,450.61398,-225.59673,-956.60852,63.78254,-383.2243,NA,NA,NA
867,8.66,-592.10431,1355.62476,-464.81876,-759.48621,1493.74597,-403.15042,-799.9671,1399.24487,-538.55811,-631.33685,1291.37183,-595.78503,-947.2312,1262.64502,-474.88351,-613.62384,1228.92444,-297.67355,-715.5235,1129.94421,-485.81473,-839.5271,1270.62817,-293.51425,-1073.91016,965.82471,-485.28726,-604.91125,980.61292,-165.05061,-967.75641,804.93774,-630.68817,-502.24875,752.05182,-180.60159,-805.42438,853.79688,-553.75488,-648.48663,843.02246,-426.02167,-919.39673,882.72876,-241.87099,-949.60547,427.37085,-480.88745,-591.83051,449.59686,-241.57628,-956.86633,63.49283,-383.17441,NA,NA,NA
868,8.67,-596.32037,1357.02515,-472.63416,-763.10199,1493.41235,-409.31915,-804.85663,1400.43372,-543.83911,-636.53717,1293.07617,-605.95374,-951.15295,1263.0658,-478.29666,-615.51971,1229.90967,-305.11819,-720.14026,1131.05603,-495.164,-841.78101,1271.30542,-299.49814,-1079.16577,966.77197,-485.9502,-604.6192,981.23047,-174.62645,-977.79248,805.06488,-633.53418,-503.72537,753.06128,-189.96573,-810.62317,855.31482,-559.90643,-651.48578,844.73877,-434.6492,-920.19562,883.33429,-246.54881,-952.04071,427.11099,-482.05753,-588.65302,450.2645,-256.52673,-957.18188,63.15698,-383.12201,NA,NA,NA
869,8.68,-599.23798,1358.20996,-481.05118,-766.61017,1494.39404,-415.4957,-809.37378,1401.87073,-550.35925,-642.42603,1293.96643,-612.76239,-955.04706,1264.18433,-483.48767,-617.76874,1231.73291,-313.86832,-724.27441,1132.56079,-502.06937,-844.39349,1272.18115,-305.34085,-1083.19604,966.9342,-486.3363,-605.2525,982.38306,-183.38371,-987.3894,804.98322,-635.83356,-505.9711,753.69775,-198.55823,-815.46759,855.71082,-563.94006,-654.32861,846.0307,-441.96481,-920.10645,883.52002,-250.65857,-955.06903,426.66745,-483.01031,-587.7016,449.97443,-272.16055,-957.5202,62.85514,-383.11307,NA,NA,NA
870,8.69,-604.02063,1358.1134,-489.12424,-769.10706,1495.94238,-420.50284,-813.7771,1403.20081,-555.89465,-647.46283,1295.49426,-620.29401,-959.34515,1264.62939,-487.72882,-619.85254,1232.22937,-321.16962,-727.26636,1132.87097,-506.52304,-846.24207,1272.48047,-310.72449,-1088.29541,968.64624,-487.68799,-606.12091,983.55847,-191.05644,-996.66174,805.06256,-639.00708,-507.97028,754.18213,-206.94672,-819.73218,857.05457,-569.75311,-657.20557,846.63806,-449.53824,-920.19922,884.56891,-254.74377,-957.19989,426.1633,-483.21539,-587.10626,449.52234,-287.10202,-957.84601,62.48738,-383.01785,NA,NA,NA
871,8.7,-607.39587,1360.11462,-497.34525,-772.70111,1496.89526,-427.06027,-818.09094,1404.24683,-561.71173,-651.84595,1296.97607,-626.94446,-963.21295,1264.99451,-492.30545,-621.56567,1233.72522,-329.45795,-731.04187,1133.66565,-513.2666,-847.82605,1273.23853,-316.50421,-1092.68689,968.85944,-487.90585,-607.12494,984.87299,-199.40295,-1006.67212,805.51984,-641.36383,-509.38611,755.35651,-215.35437,-824.02136,857.34882,-573.73743,-659.85474,847.54865,-456.40945,-920.30463,885.28705,-259.15088,-960.10858,425.64926,-484.13925,-586.44165,448.94031,-302.68594,-958.1712,62.09124,-382.70724,NA,NA,NA
872,8.71,-611.12463,1360.47388,-503.59106,-775.29718,1496.27783,-432.52689,-822.21185,1405.55676,-568.30444,-656.39063,1298.55994,-635.17487,-966.44507,1265.1427,-497.12433,-624.28949,1235.15515,-337.52557,-734.65002,1134.42004,-520.06519,-850.18927,1273.73157,-322.62766,-1097.0719,970.07074,-489.57974,-606.84332,986.6535,-207.8595,-1014.7265,804.74933,-643.73743,-510.64862,757.64178,-222.68065,-827.85425,857.71704,-578.05322,-661.65155,849.3595,-464.36298,-919.40802,886.42657,-263.32172,-962.48767,424.96323,-483.99289,-586.06842,448.67911,-317.53033,-958.47821,61.78062,-382.51205,NA,NA,NA
873,8.72,-612.81079,1362.16443,-512.17871,-778.74445,1498.18335,-438.33807,-826.11249,1406.61804,-574.40564,-660.94928,1299.99329,-642.88934,-970.40826,1265.83911,-501.99142,-626.05377,1236.5896,-345.3215,-738.11707,1135.21692,-527.00079,-851.84656,1274.07617,-328.66208,-1100.73511,971.13983,-490.90958,-607.54333,987.91333,-215.73068,-1022.95325,804.35553,-645.24841,-511.55981,758.2713,-233.07095,-831.74988,858.39563,-581.79163,-664.57599,849.70001,-470.5361,-918.70612,887.22021,-266.42432,-965.02545,424.40317,-483.54794,-586.13129,448.55405,-332.57108,-958.72876,61.60596,-382.40784,NA,NA,NA
874,8.73,-617.80334,1362.46106,-518.6983,-781.58643,1498.84473,-444.74777,-830.01807,1407.6322,-580.1026,-664.81238,1300.47412,-650.1601,-973.57117,1266.03735,-507.1972,-628.74298,1237.91919,-353.55582,-741.34729,1135.93164,-533.80603,-854.74292,1275.16479,-334.8638,-1104.36255,970.91559,-491.77911,-608.72626,989.18213,-223.03188,-1030.79211,804.07434,-647.08081,-512.70166,760.17023,-240.84698,-836.23083,858.75452,-585.49792,-665.99866,851.52325,-478.84573,-916.99725,887.78662,-269.44363,-967.24457,423.51956,-483.08725,-586.43231,448.46777,-347.35583,-958.98346,61.4561,-382.16122,NA,NA,NA
875,8.74,-622.70837,1362.18457,-526.68213,-784.92908,1499.49084,-451.41266,-833.74719,1408.29321,-585.6579,-669.22125,1301.11182,-657.42725,-977.08215,1266.24329,-512.79138,-631.60175,1239.82166,-360.38254,-744.43945,1136.70911,-540.51257,-855.74438,1275.05273,-340.44952,-1107.177,971.37646,-492.88889,-609.62634,991.47931,-229.31389,-1037.99426,803.61584,-649.67072,-513.64008,761.24512,-248.33247,-839.88049,859.13239,-589.27869,-667.50458,853.35358,-486.65259,-915.14636,887.5271,-273.05557,-969.63165,424.03922,-483.48828,-586.90521,448.9718,-363.38705,-959.15723,61.34454,-382.03235,NA,NA,NA
876,8.75,-623.11877,1364.33228,-533.55981,-787.83246,1499.87866,-457.71149,-837.3017,1409.17505,-592.38477,-672.82642,1301.34851,-664.03015,-980.80151,1265.64587,-516.84717,-633.11823,1240.40308,-368.2583,-747.61975,1136.98889,-546.55164,-858.75635,1275.67822,-347.06158,-1110.59131,971.67139,-495.43372,-610.34619,992.38141,-237.55635,-1044.86035,802.91376,-651.70056,-514.04999,762.85443,-257.47571,-843.69104,859.45251,-593.18567,-669.33301,853.91608,-493.38977,-912.27893,889.34473,-276.9754,-971.38837,423.13766,-482.81607,-588.13837,448.27539,-377.68103,-959.3114,61.26626,-381.78836,NA,NA,NA
877,8.76,-626.09735,1364.47815,-540.9024,-791.35492,1499.12708,-465.74023,-840.77295,1409.84192,-598.73199,-676.5094,1303.48804,-671.94745,-983.95758,1265.52881,-522.05841,-633.11224,1242.77344,-375.41531,-750.45056,1137.47876,-553.33295,-860.72559,1276.08789,-353.4635,-1113.0863,971.29523,-496.89786,-610.87134,993.98395,-244.20633,-1051.43652,801.55255,-654.19592,-514.80621,764.20709,-266.151,-847.51367,859.30475,-596.73114,-671.2674,854.60138,-500.44803,-910.44507,890.08545,-280.19183,-973.40784,422.84579,-482.57919,-589.26599,448.32455,-392.83231,-959.52478,61.41612,-381.48709,NA,NA,NA
878,8.77,-631.89972,1364.54004,-548.3822,-793.80835,1500.81665,-470.88794,-844.12006,1410.29199,-605.02954,-680.54095,1303.60486,-678.70734,-986.59241,1264.82202,-527.03253,-635.32916,1244.22253,-383.67169,-754.02765,1138.55359,-561.99622,-862.94672,1276.44214,-359.47604,-1115.74133,970.81732,-498.76917,-610.99402,996.1424,-251.16916,-1057.47864,800.37787,-656.02826,-514.97485,766.23993,-274.66992,-851.15112,859.46417,-600.67456,-672.77728,855.4043,-507.85809,-908.04071,890.65485,-283.87152,-975.66089,422.87173,-483.32288,-591.07019,447.85934,-409.19815,-959.71283,61.8257,-381.37753,NA,NA,NA
879,8.78,-634.10968,1365.43188,-555.02667,-797.60211,1499.18298,-478.28091,-847.39398,1410.578,-611.64233,-683.41718,1304.62903,-685.55847,-989.39435,1263.91504,-532.5874,-637.28931,1245.12708,-391.54822,-755.96765,1138.01477,-566.58972,-864.99072,1276.57483,-365.69824,-1118.63135,971.04492,-501.3208,-612.09186,998.06427,-257.35611,-1063.47534,799.05658,-657.9845,-514.68268,767.16113,-282.44724,-854.99066,859.58417,-604.38867,-674.92468,856.46942,-514.26031,-905.24298,890.80676,-287.15543,-977.21045,422.70593,-483.14349,-593.41986,448.24921,-424.07419,-959.99756,62.21417,-381.01471,-379.88364,134.44731,10.31384
880,8.79,-636.7193,1365.26501,-561.65106,-799.98663,1500.9231,-483.57065,-850.52374,1410.8468,-618.31506,-686.6319,1305.72156,-693.77386,-992.26392,1263.49829,-538.0174,-639.66199,1246.15588,-398.65933,-758.23669,1138.17114,-573.26886,-865.92096,1276.62292,-372.13495,-1120.52393,969.95508,-503.55798,-611.9295,999.59546,-263.79361,-1068.92798,797.61572,-660.76648,-514.44745,769.45599,-291.27542,-858.49274,859.42572,-609.05792,-676.35101,856.45789,-521.97278,-901.70459,890.90143,-290.40857,-978.94781,422.31985,-483.20657,-596.28174,448.66031,-439.89758,-960.30255,62.41258,-380.40582,-378.33835,135.11302,9.44881
881,8.8,NA,NA,NA,-802.53162,1498.80627,-490.88306,-853.62268,1410.88147,-625.33038,-689.2511,1305.55603,-701.3382,-995.30243,1262.35229,-543.01501,-640.979,1246.95691,-406.07581,-760.62115,1138.35559,-580.40625,-868.12994,1276.43652,-378.39993,-1122.79272,969.36792,-506.75061,-612.26062,1001.74939,-270.27713,-1073.55212,796.21118,-663.01831,-514.27722,770.29639,-299.41812,-861.71838,859.36407,-613.08374,-678.1748,857.94666,-530.61212,-898.97113,890.97772,-293.35419,-980.79254,422.11731,-483.61682,-598.68097,449.20032,-455.67648,-960.98059,60.47609,-376.62308,NA,NA,NA
882,8.81,NA,NA,NA,-805.60785,1501.06702,-496.83426,-856.65259,1410.43567,-631.21521,-692.2641,1305.7229,-707.32361,-997.37042,1260.99304,-548.16437,-643.0097,1248.11353,-413.50024,-762.8725,1138.02332,-586.38281,-868.63336,1275.60022,-384.56543,-1124.73022,968.51086,-510.45612,-612.80573,1002.99847,-276.96484,-1078.34033,794.47089,-665.84326,-513.47845,772.70227,-308.78702,-864.90875,858.79333,-617.48785,-680.18439,858.32996,-538.6933,-896.49402,891.1756,-295.9812,-982.58917,422.11026,-484.57043,-602.46356,449.60004,-470.26663,-960.77081,61.37358,-377.76096,-259.96255,234.71849,81.03252
883,8.82,-642.57385,1367.13196,-579.45251,-808.4798,1500.63464,-503.05618,-859.47241,1410.14124,-637.22528,-694.91327,1304.92249,-712.50574,-999.69922,1259.8302,-553.82758,-644.26392,1248.88623,-421.47647,-765.07092,1137.48376,-593.01532,-869.47662,1275.47839,-390.87646,-1126.03699,967.05463,-513.9726,-612.18243,1004.79681,-283.77618,-1082.11255,792.2099,-667.25293,-512.99902,773.97778,-316.85495,-867.78351,858.52698,-621.94452,-682.15411,858.14362,-544.89148,-893.15088,891.10742,-298.04626,-983.62305,421.32254,-485.01074,-605.74298,451.91858,-485.8071,-960.79059,61.47688,-377.53214,-259.65164,234.67694,80.91065
884,8.83,-645.0882,1367.35144,-586.68188,-811.02814,1500.12,-509.42456,-862.22882,1409.54907,-644.31158,-697.64374,1306.40186,-722.15948,-1001.61829,1258.21423,-558.91479,-645.50909,1249.36072,-429.3584,-766.68872,1137.81799,-600.73071,-870.93884,1275.63257,-397.30994,-1127.21777,965.13574,-517.18518,-611.87616,1006.09503,-289.66763,-1086.22937,790.30975,-670.03607,-512.15131,774.97595,-323.98816,-870.66632,858.21307,-625.9881,-684.38196,858.09387,-551.24365,-890.77197,891.2287,-301.63571,-984.90466,420.47916,-485.72443,-608.90796,453.03406,-500.64474,-960.36731,61.54338,-377.66693,-908.67963,32.93177,-307.73364
885,8.84,NA,NA,NA,-814.07367,1499.67603,-516.95062,-864.78027,1408.87451,-650.87915,-700.62549,1306.40759,-729.20526,-1003.65393,1256.73071,-564.55176,-646.44995,1249.83276,-436.40524,-768.72784,1136.52197,-606.53687,-871.49091,1275.14319,-403.16208,-1128.4187,963.58942,-521.21271,-611.16528,1007.44836,-296.33081,-1089.22278,788.04602,-673.07288,-510.12268,776.6463,-332.8627,-872.80609,856.79791,-629.60071,-685.487,858.37634,-558.68744,-888.5,891.60931,-305.52759,-985.99414,420.15933,-487.31781,-613.91949,454.53625,-514.28723,-960.06628,61.17557,-377.22629,-908.62946,33.03819,-307.59454
886,8.85,-649.80182,1367.8429,-601.62543,-816.31891,1498.82031,-523.0412,-867.20068,1408.24402,-658.15265,-702.02594,1305.11267,-734.99182,-1005.3927,1255.14514,-569.88995,-647.20258,1250.14661,-444.23007,-770.37262,1136.02856,-613.74811,-872.45465,1274.53992,-409.71948,-1129.37622,961.54669,-524.78491,-610.40076,1008.93573,-302.65741,-1092.43689,785.41998,-675.30267,-507.86526,777.65198,-340.91519,-875.01001,856.0119,-634.62103,-686.90997,857.66473,-565.52216,-886.80768,892.39154,-309.44302,-986.7149,419.05496,-488.35199,-617.35352,456.3891,-528.02484,-960.15503,61.64754,-377.47986,-908.46631,33.27627,-307.10049
887,8.86,-651.73993,1366.95679,-606.68976,-818.5484,1498.41028,-530.75122,-869.55573,1407.34448,-664.50769,-704.37793,1304.94177,-741.42908,-1006.96179,1253.48352,-575.27594,-647.96954,1250.39929,-453.19098,-771.94678,1134.71094,-619.21802,-873.4187,1274.42651,-416.1001,-1129.73987,959.59808,-529.02429,-609.95734,1009.90704,-310.5314,-1094.93433,782.60822,-677.77264,-506.13354,778.9447,-349.66238,-876.78064,854.58911,-638.45941,-688.05865,856.97864,-571.80243,-884.52917,892.72119,-312.90955,-987.3111,418.13699,-489.13419,-621.76239,458.09637,-541.65192,-959.93579,61.71239,-377.29514,-908.23096,33.62592,-306.39005
888,8.87,NA,NA,NA,-820.60938,1497.71313,-537.74249,-871.896,1406.01672,-671.70801,-706.9649,1305.80823,-751.07788,-1008.69537,1252.17627,-580.93311,-648.43097,1250.42102,-461.22385,-773.33154,1134.23584,-627.49524,-873.22375,1273.76697,-423.20782,-1127.80664,956.26855,-532.73242,-608.72321,1010.95416,-316.73981,-1096.92444,780.10223,-680.51227,-503.88943,780.62164,-356.98267,-878.77838,853.42041,-642.89319,-689.65411,856.54779,-580.19531,-882.54712,892.59283,-316.65451,-987.68402,417.51361,-491.11002,-625.94183,460.04453,-554.5191,-959.68219,61.86363,-377.08292,-907.87671,34.15502,-305.32187
889,8.88,-655.43616,1368.15894,-625.604,-821.67896,1494.24219,-545.27826,-873.88696,1405.09583,-678.14636,-708.31897,1306.33582,-760.02686,-1010.31519,1250.49487,-585.88568,-648.90912,1250.87732,-468.37082,NA,NA,NA,-873.27338,1273.52002,-429.38678,-1128.04309,953.85553,-537.09039,-606.51935,1011.67273,-324.87582,-1098.90039,777.35309,-683.78375,-501.98859,781.77911,-364.75443,-880.19263,852.13959,-647.75568,-691.25635,856.12427,-586.43695,-880.21393,892.91327,-321.46268,-988.13275,417.14481,-492.97812,-629.29352,461.27026,-566.60425,-959.1076,62.2538,-377.62589,-907.56042,34.62335,-304.36667
890,8.89,-657.05029,1367.11169,-630.68164,-824.88647,1496.48035,-552.11407,-875.65747,1404.21277,-685.34326,-709.69067,1304.38428,-765.70404,-1011.2829,1249.07446,-591.33459,-649.22504,1250.83289,-477.629,-775.90454,1131.91479,-640.29443,-873.15973,1272.56494,-435.90897,-1128.0387,951.8595,-541.74359,-603.89624,1012.85327,-332.57156,-1101.37085,774.21844,-686.46448,-498.70685,782.34119,-372.5694,-881.57538,850.56885,-651.5882,-691.64368,855.23584,-593.51166,-877.73773,892.53223,-325.11676,-987.82513,415.89557,-493.93423,-633.05902,462.83481,-578.98737,-958.86389,62.34206,-377.46078,-907.29932,35.01034,-303.57822
891,8.9,NA,NA,NA,-826.57172,1495.51526,-559.12665,-877.37384,1403.19275,-692.85687,-711.88501,1303.36743,-771.97388,-1012.48547,1247.41736,-597.15625,-649.28827,1249.6947,-486.05164,-777.32251,1130.26331,-647.02808,-872.35846,1271.42969,-442.25854,-1126.46973,949.50903,-546.12646,-603.16754,1013.13171,-339.5174,-1102.26501,770.90192,-690.21741,-495.71594,784.14941,-381.60956,-883.45471,849.32434,-656.77252,-692.60052,854.06641,-599.58514,-875.9624,892.44415,-328.77505,-987.82367,415.26663,-495.92438,-636.69403,463.88565,-590.98468,-958.69122,62.41386,-377.40323,-906.68011,35.97563,-303.98032
892,8.91,NA,NA,NA,-828.05981,1492.15393,-567.13721,-879.07465,1401.69434,-699.24982,-712.70599,1303.42004,-781.13733,-1013.4574,1245.79602,-602.64618,-649.43298,1249.19385,-495.05289,-778.60571,1129.19666,-655.07855,-872.24054,1270.91504,-449.06177,-1125.64038,947.64191,-550.8476,-600.28088,1013.32654,-348.08987,-1102.71606,767.97083,-692.6828,-491.97046,784.74402,-389.28159,-884.68372,847.45685,-661.9538,-693.68787,852.57635,-606.13586,-873.47345,892.45184,-333.57593,-987.91302,414.87604,-497.91925,-639.90106,464.75208,-601.48175,-958.56238,62.45048,-377.34161,-906.11005,36.47421,-304.72256
893,8.92,NA,NA,NA,-828.88074,1491.28418,-574.53192,-880.39667,1400.4762,-706.72174,-714.12799,1301.70508,-785.86438,-1014.09143,1244.20203,-608.2016,-649.36798,1249.05969,-504.73511,-780.01978,1127.32251,-661.35876,-872.3103,1270.16919,-455.97638,-1123.77368,944.33539,-555.1709,-597.84229,1014.46179,-356.70816,-1103.08301,764.4881,-695.95709,-489.08713,785.48273,-396.98199,-885.75946,845.98785,-666.66449,-694.11285,852.09607,-613.59119,-871.72174,892.0094,-337.35229,-987.14331,413.46207,-499.57748,-642.7793,465.52707,-611.49384,-958.43329,62.51551,-377.38226,-906.08942,37.96331,-303.66531
894,8.93,NA,NA,NA,-830.11072,1492.37195,-580.93878,-881.79193,1398.98438,-713.43762,-715.39264,1301.56384,-794.34271,-1014.73798,1242.84058,-613.37219,-648.60883,1248.31543,-513.36627,-781.09406,1126.17993,-669.29779,-871.48633,1268.87061,-463.15247,-1122.89185,942.99664,-560.4212,-595.31879,1013.82166,-365.60678,-1103.15198,760.61456,-698.72888,-485.78754,786.34833,-404.43726,-887.14813,844.63824,-672.07251,-694.99408,850.79651,-619.91962,-868.2243,891.24756,-342.11816,-987.76086,413.30643,-501.13,-645.54437,465.36508,-621.59497,-958.33228,62.65975,-377.31171,-905.96716,38.31646,-303.36499
895,8.94,NA,NA,NA,-831.13983,1491.51575,-588.83374,-882.71924,1398.05774,-720.64496,-713.43604,1321.02173,-860.17578,-1015.6839,1241.20789,-619.17981,-648.95862,1247.43689,-522.05499,-782.25708,1124.74304,-676.7337,-871.21631,1268.50073,-470.08832,-1120.31433,939.0896,-564.74243,-592.7019,1014.29633,-373.53409,-1103.2688,758.11389,-702.77655,-479.9473,788.2179,-412.37064,-888.28839,842.9577,-676.37366,-694.90753,850.07739,-628.61176,-865.41681,891.57721,-346.87454,-988.27863,413.36398,-503.67941,-647.23041,465.1232,-630.54034,-958.27246,62.78802,-377.25937,-905.82013,38.72119,-302.99567
896,8.95,-714.22168,1320.32056,-867.95422,-831.75989,1490.16675,-596.35803,-883.6001,1396.8479,-728.07935,NA,NA,NA,-1016.19855,1239.76929,-624.69604,-648.37103,1246.75708,-531.54028,-783.3111,1123.37878,-684.71619,-870.34991,1267.83191,-477.36139,-1118.04932,936.88635,-570.11554,-589.1806,1015.02515,-382.76718,-1103.00305,755.00262,-705.49774,-475.90927,788.12115,-419.88565,-889.37732,841.68433,-682.29272,-695.11011,848.42212,-635.95276,-863.91449,890.97266,-352.16635,-987.54236,412.89133,-505.36987,-649.06897,464.80511,-639.82672,-958.20074,63.40184,-377.89853,-905.70673,39.19538,-302.77484
897,8.96,-718.28656,1299.03418,-818.73242,-832.35779,1489.17627,-603.71552,-884.29889,1395.60901,-735.42633,NA,NA,NA,-1016.21051,1238.10938,-631.13647,-647.82715,1245.92444,-541.33881,-784.40753,1122.02295,-692.8371,-868.93976,1267.00818,-484.75079,-1116.75366,934.55737,-574.80231,-585.5061,1015.34253,-393.47659,-1102.22754,751.91589,-709.2774,-472.67001,788.89612,-427.24057,-890.13983,840.21838,-687.48297,-695.77295,847.01831,-643.0575,-861.63678,891.0802,-358.49719,-987.68134,412.5155,-507.41339,-651.02417,464.76047,-648.68646,-958.12885,63.60048,-377.69376,-905.48889,39.80353,-302.22943
898,8.97,-718.29742,1298.93579,-827.32159,-832.25977,1488.05103,-611.36261,-884.82672,1394.63672,-742.92926,NA,NA,NA,-1016.30835,1237.05469,-637.20337,-647.0224,1244.58862,-550.78418,-785.34283,1120.29651,-700.3349,-867.92377,1265.94641,-492.15118,-1114.53442,932.60632,-580.97943,-583.31055,1014.50171,-403.00534,-1101.25452,749.08356,-712.06836,-467.98999,789.9621,-436.58234,-891.18481,838.72974,-693.41718,-696.44885,845.69257,-650.27448,-859.29352,891.05273,-365.01266,-987.41357,412.1821,-509.72842,-652.88147,463.30035,-655.54724,-958.10748,63.79519,-377.40002,NA,NA,NA
899,8.98,-719.29608,1298.17676,-835.33551,-832.83148,1486.86768,-618.54932,-884.97443,1393.63733,-750.42181,NA,NA,NA,-1016.71796,1236.1499,-643.82288,-646.28375,1244.00647,-561.14374,-786.08899,1119.08716,-708.82697,-866.81744,1264.94714,-499.57794,-1112.37561,930.35229,-586.2052,-579.66492,1014.62897,-411.85764,-1100.31067,746.16693,-715.64996,-464.31516,790.49707,-444.59341,-891.91199,836.93311,-699.01587,-697.44202,844.62817,-658.02332,-856.65326,889.43982,-371.26688,-987.2312,411.57547,-512.01312,-654.32922,461.97266,-662.60339,-904.54419,40.4878,-304.29785,NA,NA,NA
900,8.99,-664.63556,1361.44788,-711.5304,-832.6123,1485.65051,-625.76318,-885.09644,1392.37878,-757.81055,NA,NA,NA,-1015.80872,1234.90601,-650.20905,-645.76782,1242.72656,-570.45563,-786.66333,1117.66248,-716.85913,-865.11346,1263.51111,-507.18359,-1110.82092,928.90747,-591.36194,-576.66455,1014.09552,-421.76965,-1099.3938,743.88416,-719.16351,-459.89072,791.3501,-452.53345,-893.18146,836.09601,-705.61292,-696.78674,842.8952,-667.46124,-854.22058,888.77234,-377.40906,-986.79047,411.16919,-514.7486,-655.62653,460.13129,-670.12372,-956.63159,61.9161,-382.28384,-904.24976,40.96078,-304.52606
901,9,-664.18671,1360.47156,-719.99487,-831.797,1484.1095,-633.47791,-885.17438,1391.22498,-765.08307,NA,NA,NA,-1015.4917,1233.49622,-656.43762,-645.09851,1241.63281,-579.03625,-787.15997,1116.03491,-724.86633,-863.51202,1262.80994,-514.60461,-1107.17114,926.39508,-596.66608,-573.7937,1014.75775,-430.94626,-1098.00012,741.06995,-723.09717,-456.39169,791.41095,-460.61868,-893.41132,834.36267,-712.05817,-696.56805,841.63074,-676.35535,-850.97125,888.72144,-384.89978,-986.52045,410.47095,-517.3371,-656.63239,458.65021,-677.18573,-957.85468,66.29848,-377.9472,-903.84662,40.92764,-305.39798
902,9.01,-719.64423,1296.61047,-861.01581,-831.19537,1482.94348,-640.18561,-884.85541,1390.31055,-772.93835,-663.64783,1359.77075,-729.35504,-1015.18481,1232.47217,-663.2074,-643.48077,1240.66589,-589.44989,-787.59119,1114.53699,-732.81232,-863.05389,1261.88794,-522.35278,-1105.80701,926.00751,-602.35071,-571.17401,1013.82104,-440.7236,-1095.85242,738.66144,-726.92426,-452.17889,791.19434,-468.87292,-894.34399,833.04144,-718.60846,-696.89197,840.17059,-685.52362,-847.82324,887.2287,-393.08975,-985.93402,410.34128,-520.24323,-657.99896,456.4325,-683.91089,NA,NA,NA,-957.73352,66.70159,-377.32547
903,9.02,-719.41602,1294.95313,-867.59308,-831.4248,1482.42883,-648.48743,-884.40869,1389.32153,-780.05591,-663.88336,1358.07495,-734.39642,-1014.2334,1231.07568,-669.92303,-642.72516,1239.20959,-598.76398,-787.74896,1112.94922,-741.69263,-860.2298,1259.71436,-530.10205,-1103.57983,923.87091,-608.16339,-567.65338,1013.00299,-450.50037,-1093.90149,736.79645,-729.76361,-447.18573,791.96527,-478.23837,-894.19086,830.71893,-725.96997,-697.4657,837.72888,-692.91022,-845.27112,886.86786,-400.37,-985.66168,409.72513,-522.75891,-658.6073,453.81741,-691.45831,-956.44904,66.71471,-377.28589,NA,NA,NA
904,9.03,-663.11804,1357.34131,-743.57233,-829.98151,1480.16711,-655.22382,-883.93488,1387.95251,-787.44867,NA,NA,NA,-1013.28931,1229.646,-676.10974,-641.5448,1238.05835,-609.19354,-787.79907,1111.58264,-750.41101,-858.76019,1258.49646,-537.67499,-1101.3125,922.52173,-613.59729,-564.01672,1012.4068,-459.88638,-1092.55652,734.43866,-733.26294,-442.38513,792.34778,-486.7095,-894.8819,829.85474,-733.52191,-697.54248,835.8642,-702.21857,-843.60498,885.71417,-408.64896,-985.42126,409.38171,-525.76288,-658.86633,451.7034,-699.89905,-956.33655,67.39266,-376.64734,-902.91992,45.11086,-307.53909
905,9.04,-718.50128,1293.7135,-883.67065,-828.79694,1478.72192,-662.24109,-883.09827,1387.10657,-794.95935,NA,NA,NA,-1011.94318,1228.92004,-683.2663,-639.71167,1236.31519,-618.15161,-787.4223,1110.34094,-759.32709,-857.03735,1257.3335,-545.51117,-1099.27332,921.39343,-618.76111,-561.10999,1012.45428,-469.21756,-1092.02368,732.83954,-738.32568,-438.79199,792.25299,-494.25946,-894.69012,827.38678,-740.23016,-697.44928,835.04346,-712.79083,-840.95709,884.03192,-417.66309,-985.15894,408.96323,-529.06018,-659.38458,448.4494,-705.85919,-956.01581,69.32263,-378.08469,-902.85352,46.57056,-306.45013
906,9.05,-717.80475,1293.10706,-892.06067,-827.26953,1474.78735,-670.46729,-882.1911,1385.98193,-801.64832,NA,NA,NA,-1010.50232,1228.14539,-690.52863,-638.4873,1235.31812,-627.10291,-786.92029,1108.578,-766.51007,-854.64075,1255.74622,-553.29388,-1097.67371,920.698,-624.24207,-559.99072,1009.63483,-480.27814,-1090.91309,730.61407,-742.19635,-433.97437,792.49084,-503.61874,-894.97699,826.08459,-748.86194,-696.80212,833.16833,-722.78357,-838.31964,882.55573,-426.306,-985.27118,408.48468,-532.19446,-660.31488,445.46817,-713.58881,-955.62701,70.32808,-378.15689,NA,NA,NA
907,9.06,-716.99261,1292.31665,-899.63654,-825.53992,1475.98804,-676.72504,-880.95172,1385.31482,-809.46143,NA,NA,NA,-1009.16699,1226.85901,-697.19531,-636.10278,1232.92761,-635.92987,-786.34003,1107.55042,-776.00092,-852.23633,1254.38098,-560.84937,-1095.59558,919.98962,-630.59241,-555.159,1008.89465,-488.61905,-1089.55554,729.03461,-746.64911,-429.63516,791.07385,-512.46075,-894.7478,824.41132,-757.28699,-695.98785,831.1059,-732.67975,-836.02588,881.38196,-436.14099,-984.53662,408.77652,-537.68909,-660.22961,442.66614,-721.75482,-956.61383,73.18122,-379.14005,NA,NA,NA
908,9.07,-657.93939,1352.93103,-775.61182,-823.81696,1474.41956,-683.69025,-879.81812,1384.1322,-816.60114,NA,NA,NA,-1007.34821,1225.90637,-703.93115,-633.91754,1231.82483,-646.78552,-785.30957,1106.15503,-783.69781,-848.81494,1252.44556,-568.56738,-1093.71277,919.10339,-635.65448,-551.87012,1008.2962,-499.03464,-1089.01367,727.39575,-751.10315,-426.21118,790.50739,-520.94952,-894.44171,822.84271,-765.84149,-695.55927,829.41144,-741.86023,-833.06647,878.7887,-443.94574,-983.21582,407.84283,-541.52966,-660.05548,440.117,-730.86194,-955.11395,73.79137,-379.60312,NA,NA,NA
909,9.08,-708.91095,1311.44543,-974.34094,-822.01447,1473.60449,-690.82233,-878.17371,1383.72205,-823.82123,NA,NA,NA,-1005.84442,1225.28735,-710.74255,-631.89038,1229.94739,-655.37781,-784.17596,1105.18054,-793.67865,-846.48285,1251.13171,-576.67261,-1090.97144,917.88513,-641.15002,-549.26031,1005.91418,-508.24051,-1088.00537,726.40259,-755.78174,-422.39685,790.04761,-530.34015,-894.03387,821.7016,-774.46918,-695.35773,827.62183,-752.3078,-830.49048,877.35913,-453.81851,-983.06177,407.92584,-547.18762,-659.94458,438.29871,-740.10559,-955.42419,75.05899,-379.35831,NA,NA,NA
910,9.09,-654.75818,1352.78577,-795.41113,-819.79712,1472.29724,-698.02405,-876.63977,1382.92908,-830.95197,NA,NA,NA,-1003.39008,1225.03369,-718.55121,-629.0387,1228.38855,-664.37921,-782.70856,1104.24609,-801.76813,-843.12823,1249.34314,-584.71954,-1088.93164,916.78516,-646.77893,-546.5249,1004.21448,-517.89587,-1087.58801,724.89972,-760.57977,-417.8215,788.88184,-539.90045,-893.52307,820.23138,-783.35187,-694.46063,825.67236,-762.65521,-827.67175,875.42633,-462.91699,-981.9057,407.57547,-553.16547,-659.56018,435.61212,-750.08838,-955.11316,77.30846,-379.89154,NA,NA,NA
911,9.1,-705.80737,1310.52271,-989.04791,NA,NA,NA,-874.76111,1382.39905,-838.18188,NA,NA,NA,-1001.02734,1224.75464,-725.81244,-626.60693,1226.76917,-674.15247,-781.18506,1103.21777,-810.82721,-839.77185,1248.0365,-592.74335,-1087.39575,917.74408,-653.37122,-544.25385,1002.39392,-527.81946,-1087.58337,723.51709,-764.99359,-414.38303,787.58447,-550.08691,-893.2301,819.5647,-793.45703,-693.53516,825.06335,-774.68494,-825.13379,873.29529,-473.12994,-981.2395,408.2579,-559.4361,-659.80768,434.3121,-760.71802,-953.79651,77.09144,-387.6073,NA,NA,NA
912,9.11,-815.33563,1467.45374,-712.82172,-710.52625,1291.69824,-941.68213,-872.92755,1381.56934,-845.54803,-650.35199,1351.30005,-811.21094,-997.85095,1223.53259,-732.46692,-623.57898,1225.02832,-683.71063,-779.12061,1102.85791,-820.83295,-836.60883,1246.52075,-600.54089,-1084.94385,917.69177,-659.67297,-539.83246,1000.60352,-537.93707,-1085.87354,722.29395,-769.92865,-410.77863,786.48718,-558.87067,-892.68665,818.45026,-802.67279,-692.78601,822.73535,-784.492,-823.07855,871.59375,-483.09402,-980.6795,407.83347,-565.69928,-659.9071,432.31,-770.92383,-953.91809,77.89307,-388.90469,NA,NA,NA
913,9.12,-812.388,1466.38379,-719.90454,-708.7887,1292.07092,-949.81995,-870.88361,1381.09924,-852.63556,-648.47272,1351.47864,-820.15625,-995.12952,1223.63086,-739.71722,-620.62805,1223.38403,-692.05194,-777.13776,1102.02649,-828.92377,-832.45959,1243.72339,-608.69629,-1082.82117,918.34491,-666.51825,-536.59326,998.06689,-547.34131,-1085.60034,722.90381,-774.39661,-406.27042,784.75928,-568.83063,-891.79053,818.12347,-813.02277,-692.13733,822.3009,-796.81842,-820.34406,869.70715,-493.33289,-980.64587,407.95062,-573.021,-660.2038,429.72595,-781.39722,-953.91864,81.7933,-389.522,NA,NA,NA
914,9.13,-810.40509,1468.19226,-726.62018,NA,NA,NA,-868.74304,1380.83521,-859.91235,NA,NA,NA,-992.37482,1223.69055,-747.43762,-617.2384,1222.10327,-701.0191,-774.78986,1101.48804,-839.03583,-828.52258,1243.59985,-617.1875,-1079.82214,917.71655,-672.77692,-533.63062,996.55231,-557.23309,-1085.23853,722.87506,-779.435,-403.60532,783.1463,-579.11749,-891.18036,818.39459,-823.6994,-691.74695,820.3186,-806.12305,-818.10352,867.80115,-503.42709,-980.53033,407.32498,-580.64423,-660.45972,427.43103,-792.55475,-954.06274,83.89827,-391.88232,NA,NA,NA
915,9.14,-807.06134,1467.10815,-733.52399,-704.94897,1293.40625,-967.28076,-866.32916,1380.71277,-867.32263,NA,NA,NA,-989.24341,1223.91724,-755.07324,-613.69946,1220.22693,-710.95984,-772.29669,1101.20703,-848.48822,-825.20428,1241.4928,-625.38007,-1076.36707,918.28876,-678.57379,-530.04272,993.78735,-566.61176,-1087.03979,722.64667,-784.89679,-400.55933,781.03729,-589.1601,-889.93671,817.66626,-833.86157,-690.73676,819.2561,-816.76117,-814.53442,865.99011,-515.75806,-980.90833,408.07687,-589.79547,-659.8335,426.02963,-805.03314,-955.30786,84.60092,-397.93958,NA,NA,NA
916,9.15,-804.40485,1467.31238,-740.88611,-702.81964,1294.2179,-976.06647,-863.88068,1381.18896,-874.74902,-640.62469,1352.33411,-848.77899,-986.1449,1223.7323,-762.52191,-610.00378,1219.28516,-720.61322,-769.52338,1101.58398,-857.93542,-821.06891,1240.18726,-633.85968,-1073.83276,918.95099,-685.61768,-528.22009,991.62036,-578.87616,-1086.1532,723.05969,-790.23065,-397.61703,778.79742,-599.18585,-888.62738,818.08234,-844.14514,-689.16504,819.8241,-830.56451,-812.26538,864.13501,-526.5354,-981.90839,407.66037,-599.47607,-659.38623,424.07324,-816.3269,-956.34357,87.40056,-404.00888,NA,NA,NA
917,9.16,-801.3017,1467.35608,-748.46179,-700.422,1295.82446,-984.6167,-861.25812,1381.74963,-882.60468,-639.85889,1352.8656,-859.32898,-982.78235,1223.93237,-770.14832,-606.27783,1218.06628,-730.14142,-766.79895,1101.73792,-867.20251,-817.39624,1240.37024,-642.46631,-1072.55713,920.3736,-692.0578,-524.58868,989.06079,-588.95691,-1087.48474,723.23462,-795.03455,-394.62497,776.73053,-609.8374,-886.94849,818.75909,-855.18335,-687.38141,819.78998,-842.83234,-809.57544,862.08643,-538.35083,-982.56079,407.34451,-609.85785,-657.7879,424.43698,-827.48187,-956.98956,91.67787,-404.52768,NA,NA,NA
918,9.17,-798.117,1467.86951,-756.42297,-697.95984,1297.56592,-993.6203,-858.72626,1382.47351,-890.5437,-639.38208,1351.88806,-871.65271,-979.4563,1225.2157,-778.11133,-603.11597,1216.87939,-737.47534,-764.19281,1102.60291,-876.58282,-813.07135,1239.29407,-651.02313,-1068.16968,920.83063,-698.48547,-522.00671,987.31952,-599.58856,-1086.39233,723.64899,-799.93463,-391.7366,775.26398,-620.56213,-884.89264,819.76343,-865.59644,-686.68042,817.86383,-849.58234,-806.38037,861.90973,-545.81348,-984.16437,407.59189,-622.07928,-655.53857,425.55945,-838.9162,-959.35767,96.88319,-409.03854,NA,NA,NA
919,9.18,-795.41504,1467.96387,-763.74707,NA,NA,NA,-855.97101,1383.56213,-898.28735,-632.67676,1355.47632,-873.95117,-976.47186,1226.11841,-785.78302,-599.54797,1216.82471,-748.34576,-761.51331,1103.55798,-886.04785,-810.10809,1240.1698,-660.24554,-1064.65283,921.81219,-705.63812,-519.13037,986.04132,-610.39117,-1087.82092,725.17676,-805.42609,-390.02829,773.3858,-630.09625,-882.75171,820.99219,-875.40399,-683.25299,821.11993,-866.61389,-803.2337,862.87213,-556.45959,-985.80878,407.62741,-635.20197,-653.03174,425.54633,-849.83826,-960.88184,100.84132,-417.34003,NA,NA,NA
920,9.19,-792.49347,1468.29443,-771.00299,-693.03406,1300.79968,-1011.50952,-853.01642,1384.99756,-906.36212,-631.36194,1354.63525,-885.16187,-973.84424,1227.63342,-793.99933,-596.39813,1217.06506,-760.03143,-759.10718,1104.78516,-895.27051,-805.74695,1239.87024,-668.07166,-1061.13171,923.62988,-713.31915,-514.68512,986.26062,-620.9483,-1086.36023,725.48297,-809.76953,-388.55246,771.75238,-641.75171,-880.2569,822.48004,-885.69714,-681.06635,820.54218,-877.26495,-800.4613,861.72125,-566.25256,-987.72736,407.11539,-649.74139,-651.33685,426.37326,-859.78809,-962.34753,106.01238,-424.12836,NA,NA,NA
921,9.2,-789.58167,1469.01685,-778.88812,-690.38354,1302.73779,-1020.3855,-850.30829,1386.177,-914.45154,-626.80695,1356.76538,-891.0213,-970.88983,1228.86829,-801.75226,-593.77502,1217.17847,-768.6192,-756.69611,1106.28772,-904.20923,-802.82043,1240.80945,-677.16357,-1059.63708,925.46716,-720.86194,-513.00397,984.82043,-632.19,-1086.95679,727.5993,-815.71527,-387.8064,770.67841,-651.13501,-877.80908,824.24243,-895.08173,-680.29163,821.86761,-886.40247,-797.1687,862.15601,-575.39136,-989.39587,407.11331,-665.82581,-648.3866,427.33069,-869.40479,-964.31195,110.56902,-433.51425,NA,NA,NA
922,9.21,-786.09863,1466.84717,-787.42334,-687.62866,1304.68091,-1028.70654,-847.41254,1387.83142,-922.56091,-627.37109,1357.35083,-902.27399,-968.29706,1231.13782,-810.52374,-591.2937,1217.94751,-777.94061,-754.44336,1108.26062,-914.63684,-800.37396,1242.27441,-686.04639,-1056.31934,927.36566,-728.95496,-511.06696,984.53967,-643.36591,-1089.14807,729.11249,-820.65045,-386.02286,770.09192,-664.64685,-875.05017,826.95215,-905.20209,-677.7821,823.35468,-897.18018,-794.78204,864.2005,-584.82941,-991.58563,405.50055,-683.03375,-646.42035,429.11829,-877.97437,-965.89941,116.01887,-445.52762,NA,NA,NA
923,9.22,-783.78534,1470.47876,-794.02423,-684.79443,1306.78699,-1037.22876,-844.67267,1389.16638,-930.79266,-621.20581,1359.89905,-908.85443,-966.18842,1232.38916,-818.22333,-588.97723,1219.2063,-788.54462,-752.70831,1109.57886,-923.07159,-797.0271,1242.99292,-694.70526,-1052.86133,928.79456,-736.94708,-508.30991,985.38031,-656.41846,-1088.73645,730.62427,-826.5108,-386.21777,769.94543,-675.24841,-872.40265,829.02893,-914.56134,-674.97406,824.30725,-905.63403,-791.42523,864.08301,-593.6795,-994.83099,406.8588,-701.51526,-643.85767,432.04355,-888.05164,-967.09656,123.31425,-454.58209,NA,NA,NA
924,9.23,-781.34418,1470.70923,-801.10181,-681.96552,1308.7428,-1045.50598,-841.96497,1390.80359,-938.5741,-621.18024,1358.92896,-919.38544,-963.60516,1233.75244,-826.2959,-586.54669,1220.70728,-798.10217,-750.89038,1111.64294,-932.39056,-794.42578,1243.70911,-701.65771,-1050.43274,931.18579,-744.32648,-506.5582,984.4715,-666.90289,-1088.69128,732.80457,-832.64886,-385.39996,769.16449,-686.66266,-869.53809,831.22064,-923.44147,-671.91394,825.9165,-915.40149,-788.65186,864.70508,-602.25885,-996.5675,405.4689,-721.0647,-640.79901,433.55341,-895.12378,-969.76367,129.34041,-471.15994,NA,NA,NA
925,9.24,-779.39819,1471.93433,-809.17938,-679.36371,1310.27686,-1053.4989,-839.28137,1392.49585,-947.12378,-616.60089,1361.38745,-923.83533,-961.79028,1235.79016,-834.83972,-584.93976,1221.80139,-807.50702,-749.55225,1112.84595,-940.45172,-791.97675,1244.49109,-710.3501,-1048.72461,932.67932,-752.34735,-505.25681,985.30066,-677.87793,-1088.09668,733.8291,-838.32172,-385.26212,768.69885,-698.62799,-866.9054,833.2959,-932.46625,-668.60809,828.09235,-926.32068,-786.0694,865.35822,-611.05347,-998.91486,405.79123,-739.7218,-638.1958,434.58755,-902.54431,-972.00183,135.26689,-486.18405,NA,NA,NA
926,9.25,-776.56323,1472.59619,-816.64893,-676.76428,1311.15735,-1061.31384,-836.73175,1394.13062,-955.15363,-613.9021,1361.94006,-930.34705,-959.92535,1237.26843,-842.50507,-582.72003,1223.03296,-815.84937,-748.40881,1114.00427,-948.49243,-789.88263,1245.91016,-718.46893,-1046.10779,933.91644,-760.18738,-502.47092,986.31848,-690.09235,-1088.71252,736.02148,-844.59009,-385.0455,769.05664,-711.9068,-863.88318,834.91846,-941.29675,-664.99823,831.01074,-938.50513,-783.49268,865.05194,-618.84204,-1001.0365,406.37204,-760.13141,-635.03021,434.98077,-908.45111,-972.89288,143.53575,-497.34015,-923.20441,168.50122,-438.81595
927,9.26,-774.84778,1473.79333,-824.133,NA,NA,NA,-834.54706,1395.36523,-962.74438,-614.9303,1361.7699,-943.01703,-957.91467,1238.26599,-850.17126,-581.23468,1225.45056,-826.26996,-747.25665,1115.31042,-956.65936,-788.58142,1247.77026,-726.92548,-1045.97229,936.0097,-768.38605,-500.97476,986.50165,-700.46088,-1089.80627,737.46912,-851.41803,-385.80084,768.60876,-723.32562,-861.17029,836.37598,-949.36316,-660.20331,833.4447,-948.73236,-780.95459,866.65021,-628.79218,-1002.84882,407.43707,-780.60071,-632.21729,434.36856,-915.18878,-974.80353,149.55865,-514.07526,-923.86432,179.59769,-456.3833
928,9.27,-772.75385,1475.02637,-831.54663,NA,NA,NA,-832.14478,1397.02063,-970.65222,-609.52246,1363.32581,-945.54333,-956.79962,1239.31799,-857.42328,-579.44391,1226.48535,-835.06232,-746.50873,1115.99329,-963.20233,-786.43347,1248.00452,-734.57849,-1044.0769,936.88239,-776.71301,-499.24225,986.59418,-710.37006,-1089.73608,739.76563,-857.84015,-385.5939,768.26056,-736.44659,-858.62433,838.20776,-958.11682,-657.51495,834.46527,-956.20428,-777.76044,866.19019,-636.27734,-1003.2005,407.39825,-799.5639,-629.29236,433.16592,-921.63184,-965.38953,133.15054,-602.75378,NA,NA,NA
929,9.28,-771.13086,1476.04199,-838.90698,-669.37366,1314.93091,-1083.68213,-829.96906,1398.77502,-978.61285,-610.05084,1362.09875,-954.06085,-955.12592,1240.2113,-864.7998,-578.54187,1228.32336,-843.40198,-745.45569,1117.88049,-972.58099,-784.67902,1249.06067,-741.72711,-1043.76733,937.81757,-784.45813,-497.03497,988.18829,-720.12531,-1091.92749,742.17749,-866.12213,-385.6597,768.10162,-749.72009,-855.85547,838.86804,-966.03571,-653.88257,835.87726,-964.612,-774.91528,866.4588,-644.77832,-1003.87189,410.27625,-820.50684,-626.58826,432.11453,-925.65698,-921.9209,202.73808,-492.20203,-977.9353,164.83617,-550.71735
930,9.29,-769.62201,1477.39978,-846.30426,NA,NA,NA,-827.96808,1400.01489,-986.25897,-605.7514,1364.00696,-957.03003,-954.20099,1241.30579,-871.77667,-576.72131,1229.55371,-850.95764,-744.50873,1119.31335,-980.59521,-783.16559,1249.52307,-748.36969,-1043.4646,939.35486,-793.05273,-495.3197,988.78058,-729.75122,-1091.42041,741.81097,-872.71851,-387.19592,767.20532,-762.98688,-853.26886,839.6778,-973.61145,-650.72058,836.96735,-972.41113,-771.93695,866.00549,-652.39502,-1003.02527,412.07413,-840.23761,-624.04059,430.6059,-928.52948,NA,NA,NA,-977.2052,169.87415,-569.55438
931,9.3,-768.10974,1478.76318,-853.83936,NA,NA,NA,-825.94769,1401.59351,-994.14636,-605.78528,1362.89575,-966.38104,-952.88123,1241.79053,-878.29834,-575.84229,1230.22705,-858.51953,-743.67749,1120.17627,-986.70465,-781.19403,1250.97632,-756.7984,-1043.20398,939.22675,-800.44324,-492.93427,989.59973,-738.9715,-1093.11011,744.48615,-880.64905,-387.63428,767.01245,-776.23608,-851.19434,840.07239,-981.22473,-647.84406,838.15283,-979.75745,-769.58215,866.61646,-660.9978,-1001.70941,415.18747,-860.34833,-620.69855,428.74493,-931.16913,NA,NA,NA,-978.79309,175.24731,-588.13422
932,9.31,-766.90698,1479.75671,-861.26501,NA,NA,NA,-824.43542,1402.45728,-1001.33038,-602.28052,1365.75195,-969.73468,-951.96698,1242.41431,-884.50232,-574.17749,1232.33276,-867.93945,-743.05585,1120.72827,-994.10004,-779.55023,1250.75989,-763.3858,-1042.57117,940.00421,-808.2193,-490.98547,990.68884,-747.63116,-1092.82458,745.64423,-888.01563,-389.3988,766.43506,-789.80841,-848.93201,840.38391,-988.91528,-645.4447,839.40326,-987.32495,-766.97882,867.91132,-669.50409,-1000.26239,418.34723,-879.76807,-617.54572,426.36942,-931.50452,-917.48035,210.78545,-545.42877,-976.80334,180.32437,-604.26532
933,9.32,-764.41333,1477.96838,-868.92688,NA,NA,NA,-822.49792,1403.97351,-1008.8772,-604.47382,1365.703,-981.85406,-950.79047,1243.06287,-891.34283,-573.19019,1233.479,-875.43115,-741.90454,1122.6366,-1002.76563,-777.98071,1251.96802,-770.52106,-1041.09509,939.26434,-815.57013,-490.27747,990.25842,-754.94885,-1093.83997,746.50861,-896.18158,-389.8844,766.03857,-804.9469,-846.99152,841.09973,-997.37988,-643.33008,840.60046,-994.44745,-764.46808,868.46021,-677.40106,-998.62921,421.61386,-899.75934,-613.62994,424.92477,-933.61884,-916.37146,211.91031,-565.43365,-978.2204,181.66254,-627.75623
934,9.33,-763.91858,1482.22229,-875.21295,NA,NA,NA,-821.00159,1404.89307,-1015.86987,-599.87689,1367.85242,-984.48517,-949.73743,1243.19202,-897.09613,-572.21619,1234.52039,-881.56793,-740.86829,1123.57312,-1009.32678,-776.82281,1252.24548,-777.00092,-1041.17737,940.50861,-823.54468,-488.15189,991.45563,-763.60907,-1092.81262,747.55725,-904.12262,-392.03241,764.76208,-816.61133,-844.68195,841.23163,-1005.02069,-641.48138,841.54126,-1000.28882,-762.19629,868.81738,-684.29041,-996.81866,425.74561,-919.37213,-611.04736,423.31696,-934.00238,-914.5509,209.57001,-585.18427,-976.16626,184.21797,-646.48395
935,9.34,-762.79181,1483.02356,-881.99164,-657.00653,1320.95618,-1124.07678,-819.52686,1405.78552,-1022.51202,-599.49298,1368.67847,-990.53491,-948.86432,1243.85156,-903.57684,-570.52649,1235.81189,-888.73212,-739.75269,1124.52771,-1016.14929,-775.44226,1253.68127,-784.07739,-1039.59509,940.42468,-830.18915,-487.2211,991.92224,-772.41406,-1094.40417,748.31781,-911.90747,-393.33713,764.94586,-831.80798,-842.6402,841.98975,-1013.26508,-639.68933,843.64575,-1008.70776,-760.54419,870.34784,-692.60938,-995.10187,429.7211,-937.94934,-607.95264,422.65109,-936.9176,NA,NA,NA,-977.74969,183.50386,-669.45941
936,9.35,-761.98944,1484.21802,-888.97437,NA,NA,NA,-817.88635,1407.02625,-1030.10217,-597.71808,1369.43286,-996.35968,-947.04236,1243.74304,-909.71002,-569.60846,1236.94043,-895.32489,NA,NA,NA,-773.61835,1253.60693,-790.87445,-1038.25964,939.82593,-836.57697,-486.02954,992.99493,-779.70844,-1093.66956,749.05292,-919.74384,-394.65479,765.07587,-845.4115,-840.71564,842.57544,-1021.42657,-637.98822,844.35858,-1013.5614,-758.57196,870.07355,-700.28308,-993.39484,433.88556,-956.06812,-605.36652,422.17407,-937.8598,NA,NA,NA,-975.75873,182.01564,-692.31787
937,9.36,-761.47314,1484.73816,-895.34845,NA,NA,NA,-816.42255,1407.91724,-1037.42993,-597.86298,1368.77173,-1006.57056,-946.22247,1244.52563,-916.35925,-567.62421,1238.13,-901.19086,NA,NA,NA,-772.17621,1253.96106,-796.95789,-1037.84363,941.16913,-844.24255,-485.28864,992.69812,-785.58234,-1093.42371,749.63916,-927.28302,-396.79272,764.95184,-858.79071,-839.09283,843.43518,-1029.50769,-636.43292,845.88678,-1020.76752,-757.48114,871.48804,-707.85303,-990.86713,438.59674,-972.46625,-603.02203,422.3844,-939.75806,NA,NA,NA,-977.02216,179.87672,-716.72668
938,9.37,-760.44006,1485.19446,-901.91272,-734.99811,1128.41882,-1037.54797,-815.06622,1408.57568,-1043.54028,-593.60144,1372.10059,-1006.89001,-944.44666,1244.73535,-922.87549,-566.62988,1239.37939,-908.31207,NA,NA,NA,-771.39941,1255.03125,-804.11328,-1035.56201,941.33112,-850.5451,-485.01489,994.29108,-790.99365,-1093.62146,751.07214,-934.62054,-398.71347,765.53265,-872.27863,-837.04797,844.78784,-1037.4917,-634.82544,847.50848,-1028.37146,-755.86316,871.2981,-715.43658,-987.97595,443.12619,-989.03809,-601.362,421.52811,-940.93237,NA,NA,NA,-977.25818,175.54875,-741.00104
939,9.38,-759.54755,1485.99023,-908.55707,-732.97437,1129.7583,-1044.1084,-813.7298,1409.27271,-1050.56152,-591.96765,1373.65991,-1015.64252,-943.68835,1245.05762,-929.21393,-565.4859,1240.17749,-914.2785,NA,NA,NA,-770.43201,1255.14941,-811.06708,-1034.89941,942.28632,-857.61304,-484.24609,994.09216,-798.96967,-1092.60046,752.16888,-942.77148,-400.68484,765.90253,-886.90076,-835.03088,846.37482,-1045.89246,-633.13922,848.76294,-1034.35547,-755.38708,871.49432,-722.21039,-983.68536,448.26645,-1005.00995,-599.2373,421.88449,-944.05127,NA,NA,NA,-976.94971,172.0204,-764.46942
940,9.39,-759.22345,1486.80957,-915.21826,-731.01013,1130.45032,-1050.37378,-812.35345,1409.81494,-1057.52625,-594.54944,1373.43542,-1026.15125,-941.70996,1245.4519,-936.70306,-563.85913,1241.05481,-919.59302,NA,NA,NA,-768.66864,1254.98621,-818.005,-1032.19446,941.0755,-863.9458,-482.73016,994.88458,-805.22589,-1091.27039,752.03333,-950.10846,-403.04709,766.39117,-901.22198,-833.11511,847.60059,-1053.68994,-631.48462,849.4339,-1039.86731,-755.50977,871.49744,-728.67377,-979.79041,452.1087,-1019.8587,-597.55115,420.58798,-945.96021,-908.56,169.21399,-729.70587,-976.5578,166.95731,-783.45856
941,9.4,-757.50848,1484.01758,-921.93848,-728.76721,1132.09412,-1059.04663,-810.95056,1410.36047,-1063.64514,-591.51489,1375.099,-1029.27625,-940.83661,1246.0957,-943.56122,-562.69409,1241.49963,-924.18561,NA,NA,NA,-768.09021,1255.12463,-824.21979,-1029.9801,942.57635,-871.10748,-481.78613,994.78534,-811.81409,-1090.34265,752.81403,-958.05841,-405.078,767.60583,-914.06183,-830.68323,848.57623,-1061.98438,-629.59338,850.69073,-1046.36389,-754.67255,871.52887,-736.05688,-975.63495,455.7388,-1034.37146,-596.0813,420.44394,-948.51355,NA,NA,NA,-976.38275,156.6073,-819.05914
942,9.41,-757.54565,1487.39307,-928.00519,-726.60181,1132.82336,-1064.87585,-809.5072,1411.02515,-1070.46741,-589.66113,1376.64929,-1033.9668,-938.66876,1246.26501,-951.01276,-560.89203,1242.81763,-931.33221,NA,NA,NA,-767.13348,1255.60547,-830.25946,-1029.06787,942.7403,-878.20215,-481.67755,994.72076,-819.19434,-1089.61182,753.36694,-965.91058,-406.77365,768.08197,-926.39313,-828.20203,849.55542,-1068.01038,-627.54822,851.99377,-1053.02173,-755.46204,871.73444,-743.22565,-971.09503,458.94458,-1048.49536,-595.22418,419.86795,-951.10065,-907.39258,148.32065,-778.62976,-976.96136,150.51843,-845.44568
943,9.42,-756.00983,1485.33142,-934.61255,-724.13806,1133.31909,-1070.57007,-807.90765,1411.69971,-1077.18018,-589.83313,1376.44202,-1040.46606,-937.58209,1246.40942,-957.93341,-559.85138,1242.89014,-936.55103,NA,NA,NA,-766.2854,1255.72656,-837.72095,-1026.93201,942.47748,-885.52667,-479.61499,995.35614,-824.08704,-1088.43567,753.4278,-973.40771,-408.03397,769.3656,-939.97571,-825.49786,850.0498,-1074.84766,-625.4256,852.00592,-1056.37561,-756.36902,871.53394,-751.21027,-966.5752,460.58722,-1060.11108,-593.58984,419.53964,-954.995,NA,NA,NA,-975.74493,141.65997,-872.52808
944,9.43,-756.40924,1487.68274,-940.00244,-722.0647,1133.48743,-1077.14905,-806.29144,1412.04773,-1083.75488,-587.37476,1378.18982,-1047.0094,-935.68579,1246.41003,-965.62854,-558.69916,1242.93164,-941.41779,NA,NA,NA,-765.58636,1256.33911,-844.95483,-1026.10681,943.5097,-891.89624,-479.32956,994.37177,-831.04034,-1087.55286,753.44818,-981.32806,-409.97125,770.34998,-951.16565,NA,NA,NA,-623.32391,852.99957,-1063.47144,-757.08026,871.1814,-757.17444,-961.78094,461.75754,-1071.88171,-592.61926,419.16501,-958.44073,-908.14258,122.39636,-832.68573,-975.25543,131.18051,-902.79608
945,9.44,-755.4649,1488.30615,-946.46082,-719.66217,1134.31946,-1084.90967,-804.74756,1412.31982,-1090.35474,-583.71655,1380.28418,-1050.51477,-934.52032,1246.64343,-973.45288,-556.78833,1243.11133,-948.27588,NA,NA,NA,-764.62488,1256.12109,-852.73413,-1024.06482,943.92828,-899.64081,-477.88498,993.7489,-837.53857,-1085.94543,754.62653,-988.97565,-411.3721,771.53357,-963.04401,NA,NA,NA,-620.85138,853.8584,-1068.79944,-758.2746,870.54504,-764.10229,-956.07837,463.30148,-1085.67371,-592.54224,418.37259,-961.02728,-907.43976,113.33244,-855.43719,-974.47974,124.37737,-928.14038
946,9.45,-753.79285,1484.81946,-953.15363,-717.34222,1133.94226,-1090.05286,-803.07745,1412.6073,-1096.78467,-584.13538,1378.78735,-1058.03027,-932.68439,1246.7041,-981.43933,-555.78564,1243.48474,-954.5495,NA,NA,NA,-763.92517,1255.60388,-859.03546,-1022.3349,943.2312,-907.3877,-476.54224,993.3728,-845.33551,-1083.50012,753.92163,-996.47772,-413.20126,772.02283,-976.08307,NA,NA,NA,-618.50714,854.29633,-1074.42358,-759.58044,870.38861,-772.09729,-950.33508,465.07306,-1099.49268,-592.12445,417.13541,-963.85822,NA,NA,NA,-974.12695,116.5627,-957.02972
947,9.46,-754.99658,1489.49622,-959.23944,-715.1142,1133.8009,-1096.52429,-801.2066,1413.05078,-1103.47949,-580.05524,1381.36108,-1060.56274,-931.49811,1246.13806,-988.93726,-554.24982,1243.28271,-960.58173,NA,NA,NA,-764.08691,1255.19165,-865.18054,-1021.19958,942.90027,-915.57343,-475.64673,992.78577,-853.25519,-1082.80884,753.35864,-1004.9176,-414.23926,773.39276,-987.47314,NA,NA,NA,-616.25842,854.0451,-1079.4303,-761.31952,870.35504,-779.04041,-944.76129,463.64999,-1108.56726,-591.26172,416.01971,-967.24371,-908.14697,84.47661,-916.97626,-972.63696,106.84235,-988.22461
948,9.47,-754.28033,1489.2887,-965.30359,-712.80157,1133.82104,-1104.01855,-799.45612,1413.26184,-1110.55969,NA,NA,NA,-929.66211,1245.75085,-997.63837,-553.18359,1243.2002,-966.10394,-625.64661,1346.34753,-1236.60034,-763.09406,1255.18591,-872.82123,-1019.87061,943.14508,-924.6333,-474.61063,992.56628,-859.16498,-1081.48071,753.8855,-1013.26294,-414.97925,773.65247,-999.7381,NA,NA,NA,-613.80096,853.66119,-1083.89929,-762.00818,869.33636,-786.82062,-938.80933,464.23871,-1121.2699,-591.22882,414.61383,-968.85449,NA,NA,NA,-972.30914,99.73055,-1016.69855
949,9.48,-752.61279,1487.50879,-971.01355,-710.31073,1133.48352,-1110.32324,-797.53668,1413.08252,-1116.85303,-576.71167,1382.43945,-1071.37158,-928.28247,1245.47742,-1005.76996,-552.06348,1242.71045,-970.73224,NA,NA,NA,-762.27167,1254.75146,-879.73315,-1018.60333,942.13239,-932.55981,-473.52759,991.24957,-866.7442,-1079.95667,753.52509,-1021.51923,-413.91409,776.76343,-1009.6825,NA,NA,NA,-611.50073,852.94104,-1088.39185,-763.46362,868.83673,-794.53046,-259.0838,235.28191,80.4353,-590.74664,414.22153,-972.65314,NA,NA,NA,-970.15051,91.75983,-1045.45776
950,9.49,-751.40527,1486.58594,-976.76672,-707.90405,1133.26172,-1117.85779,-795.5022,1413.38,-1123.57483,NA,NA,NA,-926.79523,1244.3894,-1014.0957,-550.78253,1241.67749,-975.47565,-620.93964,1347.18958,-1245.57227,-761.38849,1253.68054,-887.12622,-1016.64148,941.33875,-942.42188,-471.87378,989.83722,-872.87457,-1078.62524,753.52118,-1030.8269,-415.83771,776.33105,-1019.35077,NA,NA,NA,-609.17877,852.74756,-1094.53223,-765.73969,869.28998,-802.76819,-243.95737,242.09744,71.23293,-590.88214,412.97287,-974.3136,NA,NA,NA,-968.22467,85.68235,-1077.8114
951,9.5,-750.73022,1485.97839,-982.98633,-705.45282,1132.91406,-1125.51807,-793.2597,1413.60876,-1130.70398,NA,NA,NA,-924.84283,1243.87036,-1022.62146,-549.75366,1241.2821,-982.67401,-617.75708,1348.26001,-1253.08643,-760.11597,1252.88574,-894.91913,-1016.71082,941.16589,-950.57953,-471.55334,989.13269,-878.42853,-1077.18481,751.94141,-1039.29492,-415.43042,777.5683,-1028.66138,NA,NA,NA,-606.59808,851.93481,-1099.31665,-767.95837,868.5694,-810.37421,-259.0838,235.28191,80.4353,-590.81915,412.53073,-977.51001,NA,NA,NA,-965.60846,79.94762,-1107.69531
952,9.51,-750.94867,1486.72156,-990.03967,-703.24847,1131.11536,-1130.36548,-791.22852,1413.27014,-1137.66284,NA,NA,NA,-923.79626,1243.47888,-1031.7627,-548.49713,1240.21753,-987.73663,-616.04907,1347.38831,-1253.67188,-760.09576,1252.36768,-902.12592,-1014.43365,939.63586,-960.47968,-470.76218,988.47479,-885.38849,-1075.66577,751.62378,-1048.69751,-416.2829,778.40704,-1040.59839,NA,NA,NA,-603.95642,851.46655,-1106.67761,-769.80347,868.04559,-818.1499,-259.0838,235.28191,80.4353,-590.43329,411.18201,-980.18561,NA,NA,NA,-962.10455,75.52921,-1134.35229
953,9.52,-750.05878,1486.05457,-996.16101,NA,NA,NA,-788.9007,1412.97681,-1144.6698,NA,NA,NA,-922.15631,1242.27783,-1040.31238,-547.37311,1239.3269,-994.22998,-612.54303,1347.72485,-1259.98816,-761.0116,1251.86182,-909.58264,-1014.6604,939.93652,-969.87708,-469.85928,986.78461,-891.58917,-1074.40784,749.09888,-1063.62683,-416.82654,778.13,-1048.80811,NA,NA,NA,-601.11426,849.80621,-1110.80676,-771.19391,867.97546,-827.85828,-244.59386,242.97012,71.18593,-590.13904,409.89996,-982.56128,-380.19879,137.00786,9.55641,-957.62811,72.61845,-1163.87183
954,9.53,-749.19678,1484.72302,-1002.6665,NA,NA,NA,-786.70386,1412.29614,-1151.53064,NA,NA,NA,-920.11578,1241.3092,-1049.56213,-546.66473,1237.9978,-998.84625,-610.13214,1347.31995,-1263.47095,-760.50696,1250.14954,-917.16376,-1012.48523,938.05927,-979.96216,-469.83765,985.10992,-897.62665,-1073.87952,749.71588,-1067.73938,-416.01221,779.28687,-1058.09729,NA,NA,NA,-598.30316,849.02008,-1116.81506,-773.53961,866.98749,-834.62402,NA,NA,NA,-590.13269,409.3595,-986.50427,-379.58163,137.65851,9.07764,-952.37537,71.21063,-1197.12134
955,9.54,-748.29468,1483.05237,-1009.11395,NA,NA,NA,-784.29169,1411.87292,-1158.38782,NA,NA,NA,-919.11182,1240.53467,-1058.65271,-545.50385,1236.93005,-1004.58496,-607.05408,1346.18237,-1266.31946,-760.09552,1248.94617,-924.44421,-1012.93445,937.35828,-989.72119,-469.46106,983.54553,-904.49786,-1071.42419,747.70197,-1080.27063,-415.99918,779.19458,-1064.32422,NA,NA,NA,-595.92969,847.37097,-1122.16565,-774.70245,865.51428,-843.9624,NA,NA,NA,-590.20575,408.32571,-989.75378,-379.58163,137.65851,9.07764,NA,NA,NA
956,9.55,-747.29498,1481.4436,-1015.11963,NA,NA,NA,-781.7511,1411.17468,-1165.60022,NA,NA,NA,-917.28912,1239.19482,-1068.44958,-544.59399,1235.50317,-1009.96399,-604.58459,1345.61328,-1270.30798,-759.74414,1247.67432,-932.54132,-1011.50024,936.71594,-999.82996,-470.32867,981.70154,-908.60449,-1070.13159,745.23181,-1093.05078,-415.53448,779.85181,-1073.06885,NA,NA,NA,-593.57495,846.33856,-1128.22388,-776.53577,865.45349,-852.94763,NA,NA,NA,-590.31299,407.09341,-993.09747,-379.58163,137.65851,9.07764,NA,NA,NA
957,9.56,-746.01703,1480.40991,-1021.81494,NA,NA,NA,-779.27759,1410.38989,-1173.44189,NA,NA,NA,-915.74646,1237.85168,-1078.08984,-544.26807,1234.69055,-1013.41187,-601.12415,1344.29749,-1274.18286,-759.88,1246.90735,-940.68573,-1011.53235,935.49524,-1009.91974,-469.91769,980.31781,-914.63416,-1068.32654,745.72638,-1102.42834,-413.27591,780.0813,-1079.84094,NA,NA,NA,-591.31915,845.04419,-1134.13269,-777.80023,863.6897,-861.74335,NA,NA,NA,-590.24316,405.97717,-997.16626,-379.58163,137.65851,9.07764,NA,NA,NA
958,9.57,-745.05701,1478.62659,-1028.57922,NA,NA,NA,-776.70618,1409.49341,-1180.69592,NA,NA,NA,-914.86212,1236.97131,-1088.33032,-543.42328,1232.55859,-1018.38336,-598.7406,1342.9303,-1276.79822,-761.11194,1244.91431,-948.59735,-1011.43542,935.83051,-1021.07855,-469.97302,978.68677,-919.80731,-1066.71326,745.16589,-1108.80481,-412.58441,780.11267,-1086.51233,NA,NA,NA,-589.29474,843.48145,-1140.17932,-781.37396,862.74359,-869.47375,NA,NA,NA,-589.92816,405.61566,-1002.61816,-380.52487,137.46706,9.53235,NA,NA,NA
959,9.58,-744.06848,1477.15259,-1035.4209,NA,NA,NA,-773.9397,1408.73962,-1188.38037,NA,NA,NA,-912.91479,1235.95166,-1098.8114,-543.01508,1230.91833,-1024.94812,-595.11298,1342.27344,-1282.88501,-762.29517,1244.04041,-956.32953,-1010.96368,934.15778,-1031.41394,-470.59659,976.95374,-923.56879,-1065.95032,743.38751,-1119.52271,-412.99023,779.20282,-1093.03271,NA,NA,NA,-587.24158,841.89758,-1145.53345,-782.70032,859.99054,-877.5282,NA,NA,NA,-589.99683,403.99817,-1006.55322,-379.58163,137.65851,9.07764,NA,NA,NA
960,9.59,-743.1087,1475.33655,-1042.31458,NA,NA,NA,-771.19257,1407.7002,-1195.81946,NA,NA,NA,-911.74701,1234.46326,-1109.21716,-542.84302,1228.59509,-1029.20776,-592.513,1340.84277,-1285.63269,-762.04645,1241.90735,-964.34009,-1009.99316,932.74298,-1042.68665,-471.55063,974.76953,-927.11237,-1064.26575,740.48212,-1135.00574,-411.93005,778.40326,-1098.20862,NA,NA,NA,-585.12646,840.6839,-1151.75012,-784.87128,858.37567,-886.36652,-244.59386,242.97012,71.18593,-590.33905,402.94626,-1011.2431,-380.19879,137.00786,9.55641,-757.57501,27.65729,-855.37262
961,9.6,-742.18567,1473.9707,-1049.56494,NA,NA,NA,NA,NA,NA,NA,NA,NA,-910.62555,1233.3136,-1119.78613,-543.13745,1227.82227,-1036.19324,-588.85376,1339.37122,-1289.67859,-762.99176,1239.61487,-971.69318,-1010.79053,931.87531,-1054.23682,-472.57968,973.26367,-931.86481,-1061.88782,741.15857,-1145.08984,-410.73868,777.29688,-1104.02856,NA,NA,NA,-583.11487,838.78802,-1156.56042,-786.36096,855.90356,-895.28748,NA,NA,NA,-590.33075,401.73935,-1016.05609,-380.03549,136.77846,9.56842,-757.92566,27.57427,-856.81628
962,9.61,-741.31097,1472.55176,-1056.64148,NA,NA,NA,NA,NA,NA,NA,NA,NA,-908.84418,1232.17114,-1130.70166,-543.086,1226.13599,-1039.23987,-586.08044,1337.06738,-1290.4209,-764.46423,1238.30774,-980.45447,-1010.40009,930.76831,-1065.50757,-473.66769,970.72168,-936.95819,-1060.78394,740.13452,-1157.28076,-410.15323,776.15302,-1106.9386,NA,NA,NA,-581.1106,837.29248,-1162.98425,-789.10614,854.6759,-904.86139,NA,NA,NA,-590.34564,400.04871,-1020.21777,NA,NA,NA,-758.53406,29.14025,-856.49341
963,9.62,-740.64014,1471.07532,-1064.28625,-259.0838,235.28191,80.4353,NA,NA,NA,NA,NA,NA,-908.15002,1231.06396,-1141.49304,-542.98883,1224.2832,-1043.59204,-582.23132,1335.57617,-1294.45508,-766.04279,1237.63818,-989.13452,-1011.59393,930.68311,-1078.12512,-474.59686,969.26318,-939.88538,-1059.20532,737.67334,-1168.28882,-409.61972,775.1012,-1111.67114,NA,NA,NA,-578.96881,835.92065,-1168.4292,-790.91443,852.93518,-914.05005,NA,NA,NA,-590.26251,398.4252,-1024.0614,NA,NA,NA,NA,NA,NA
964,9.63,-740.09113,1469.65759,-1071.3905,-259.0838,235.28191,80.4353,NA,NA,NA,NA,NA,NA,-906.74365,1229.59631,-1150.99451,-542.82367,1222.70129,-1049.91406,NA,NA,NA,-766.04352,1236.21082,-998.24615,-1011.95978,927.02112,-1093.48364,-476.63818,968.00342,-942.81714,-1056.99316,736.60699,-1182.21667,-408.65112,774.40948,-1114.79041,NA,NA,NA,-577.02234,834.11011,-1174.45044,-792.81958,850.87671,-923.55438,NA,NA,NA,-589.16681,397.24506,-1029.32568,NA,NA,NA,NA,NA,NA
965,9.64,-739.58417,1468.54907,-1079.07642,-259.58771,237.84889,79.70854,NA,NA,NA,NA,NA,NA,-904.96973,1228.91443,-1163.51831,-543.42139,1221.39355,-1054.91418,NA,NA,NA,-768.76086,1235.00598,-1006.65668,-1013.31628,926.75439,-1106.60986,-479.93192,966.22058,-946.87427,-1056.02405,733.47241,-1200.7179,-407.20575,773.35138,-1117.05554,NA,NA,NA,-575.07751,832.82806,-1181.22632,-794.78046,849.66321,-932.35522,-379.55481,133.99004,10.33808,-588.14465,395.61267,-1033.74902,NA,NA,NA,NA,NA,NA
966,9.65,NA,NA,NA,-259.0838,235.28191,80.4353,NA,NA,NA,NA,NA,NA,-904.04156,1227.42261,-1172.77051,-543.94318,1219.90332,-1058.81128,NA,NA,NA,-769.90784,1232.92615,-1014.48199,-1013.6214,925.58838,-1119.57007,-481.13846,965.77179,-948.789,-1052.18481,734.29333,-1210.1167,-406.31363,771.53668,-1120.3053,NA,NA,NA,-572.97723,832.08362,-1188.26563,-796.61542,848.49731,-942.78601,NA,NA,NA,-585.68256,393.99796,-1040.17505,NA,NA,NA,NA,NA,NA
967,9.66,NA,NA,NA,-259.65164,234.67694,80.91065,NA,NA,NA,NA,NA,NA,-902.59082,1226.65063,-1184.47144,-544.68481,1218.08972,-1062.86975,NA,NA,NA,-771.47583,1232.00391,-1023.63855,-1013.31287,925.92834,-1131.95581,-484.27829,964.9715,-952.47003,-1050.02942,733.00989,-1223.52844,-406.01889,771.02582,-1120.54675,NA,NA,NA,-571.07306,830.48425,-1194.25745,-797.53192,847.26776,-952.57239,NA,NA,NA,-585.59662,392.75424,-1044.6698,NA,NA,NA,NA,NA,NA
968,9.67,-641.37994,1269.00232,-1598.21216,-259.49326,234.45732,80.92233,NA,NA,NA,NA,NA,NA,-900.96167,1226.68176,-1197.95007,-545.63599,1217.276,-1068.71179,-739.29095,1464.7345,-1102.08179,-773.10388,1230.88147,-1032.74622,-1015.57202,926.03418,-1143.48132,-487.60428,964.15021,-955.08203,-1046.92163,732.16522,-1238.62317,-405.60275,770.10486,-1121.93091,NA,NA,NA,-569.08368,829.41302,-1200.32874,-798.81464,846.24371,-961.58984,-364.01212,146.06157,-0.23177,-585.25336,391.93222,-1047.83752,NA,NA,NA,NA,NA,NA
969,9.68,-639.75769,1268.40112,-1603.8053,-259.0838,235.28191,80.4353,NA,NA,NA,NA,NA,NA,-900.08856,1225.11353,-1207.22778,-546.76807,1215.72278,-1071.96277,-739.35895,1463.90015,-1110.08984,-775.46545,1229.85266,-1041.67285,-1013.78699,923.42596,-1162.8678,-490.14908,964.11493,-958.08325,-1044.23328,729.67596,-1250.99609,-405.18893,768.99872,-1122.5282,NA,NA,NA,-567.03516,829.40393,-1208.33435,-801.47009,845.4671,-972.65717,-362.69711,144.24078,-0.13488,-584.05286,391.17722,-1056.21606,NA,NA,NA,NA,NA,NA
970,9.69,-638.21283,1266.60815,-1606.37561,NA,NA,NA,NA,NA,NA,NA,NA,NA,-898.6319,1224.8772,-1219.98035,-550.2486,1216.08545,-1077.69763,-739.53619,1463.71155,-1118.2666,-777.24054,1229.39941,-1051.21899,-1014.3313,925.10498,-1171.59656,-493.60684,963.72516,-960.93555,-1040.84802,729.90833,-1267.98145,-404.85849,767.67877,-1122.86597,NA,NA,NA,-565.21497,828.50366,-1213.95276,-801.81641,843.90552,-982.06506,-379.58163,137.65851,9.07764,-582.62488,390.39621,-1061.03882,NA,NA,NA,NA,NA,NA
971,9.7,NA,NA,NA,NA,NA,NA,NA,NA,NA,NA,NA,NA,-897.46057,1223.85278,-1230.7533,-551.84839,1216.43164,-1082.40149,NA,NA,NA,-779.07782,1228.82068,-1061.28088,-1012.21326,921.69128,-1190.93054,-497.32806,963.63824,-963.58844,-1038.75781,728.49158,-1281.29541,-404.63293,767.18414,-1122.28442,NA,NA,NA,-561.39563,830.45734,-1224.2605,-804.43445,841.52716,-991.97534,-364.01212,146.06157,-0.23177,-582.88342,390.10358,-1067.07971,NA,NA,NA,NA,NA,NA
972,9.71,-259.0838,235.28191,80.4353,-754.99414,60.05846,-865.81836,NA,NA,NA,NA,NA,NA,-894.98193,1224.70874,-1246.26025,-552.854,1217.21375,-1087.40198,NA,NA,NA,-781.98828,1229.08789,-1070.19458,-1011.11108,923.73535,-1201.46753,-501.78543,963.80383,-967.14069,-1034.40515,726.63593,-1295.81311,-404.66821,766.11041,-1121.51013,NA,NA,NA,-560.92896,829.1181,-1227.24109,-805.97443,841.56635,-1001.96442,-379.58163,137.65851,9.07764,-582.21973,389.59479,-1073.65796,NA,NA,NA,NA,NA,NA
973,9.72,-244.59386,242.97012,71.18593,-754.8147,68.98418,-860.01514,NA,NA,NA,NA,NA,NA,-893.93658,1224.49341,-1256.96619,-554.92816,1217.76672,-1091.36743,NA,NA,NA,-782.7981,1229.60022,-1079.28088,-1010.27081,923.26416,-1215.25525,-505.38812,965.8222,-969.03735,-1030.70398,726.88513,-1312.47253,-405.3577,765.3584,-1120.73438,NA,NA,NA,-559.11328,829.8053,-1232.34387,-809.29437,842.25061,-1012.20093,-379.58163,137.65851,9.07764,-580.97992,388.31357,-1080.23303,NA,NA,NA,NA,NA,NA
974,9.73,-260.54712,234.05464,80.40705,-755.27448,70.25622,-876.61182,NA,NA,NA,NA,NA,NA,-891.71808,1224.46582,-1268.48279,-557.72681,1218.57422,-1098.12036,-740.9726,1465.24438,-1152.70251,-785.48438,1230.72241,-1089.37585,-1007.75055,923.54175,-1231.85657,-509.65524,966.21448,-973.16803,-1025.09827,726.87305,-1329.8916,-405.95889,764.92554,-1119.07227,NA,NA,NA,-558.20422,830.41437,-1236.38806,-811.10028,842.29236,-1022.28583,NA,NA,NA,-578.93195,389.54599,-1088.78394,NA,NA,NA,NA,NA,NA
975,9.74,-880.81079,-189.93912,503.65411,-753.39832,84.83045,-869.66241,NA,NA,NA,NA,NA,NA,-889.36548,1225.72754,-1281.06763,-558.14404,1220.20605,-1102.79846,-741.31921,1465.89856,-1160.99109,-786.03516,1231.79272,-1098.79614,-1004.89935,923.0528,-1246.21741,-516.84949,965.34161,-980.03436,-1020.36548,727.2652,-1345.97241,-407.13651,764.34918,-1115.72852,NA,NA,NA,-556.46783,832.03357,-1242.51404,-812.42426,843.70593,-1033.30139,-362.69711,144.24078,-0.13488,-576.22198,388.89557,-1097.14502,NA,NA,NA,NA,NA,NA
976,9.75,NA,NA,NA,NA,NA,NA,NA,NA,NA,NA,NA,NA,-886.55078,1226.35718,-1292.39404,-559.1947,1222.12158,-1106.11047,-741.7431,1466.34058,-1169.64453,-787.77155,1232.86389,-1109.53198,-1001.9646,922.22711,-1259.54041,-520.81439,968.71466,-983.92322,NA,NA,NA,-409.08331,763.64594,-1111.93103,NA,NA,NA,-555.44257,832.70844,-1245.60828,-814.91431,845.42938,-1042.1814,-364.01212,146.06157,-0.23177,-573.06897,389.70285,-1107.63159,NA,NA,NA,NA,NA,NA
977,9.76,-1010.23871,728.26538,-1376.97583,-750.06256,99.46621,-881.91577,NA,NA,NA,NA,NA,NA,-883.43549,1227.9585,-1304.61975,-560.41724,1223.94092,-1111.88391,-741.97418,1467.17224,-1178.37256,-788.72992,1234.01172,-1118.48779,-998.72937,922.88489,-1274.17249,-525.61426,970.55353,-986.6684,NA,NA,NA,-411.25629,762.7887,-1109.92273,NA,NA,NA,-552.68134,834.77203,-1252.83752,-817.09448,847.36987,-1051.19714,-259.0838,235.28191,80.4353,-570.53876,390.81781,-1118.13574,NA,NA,NA,NA,NA,NA
978,9.77,-1004.01373,729.85474,-1393.44019,-746.6651,105.6896,-890.99707,NA,NA,NA,NA,NA,NA,-880.83087,1228.81763,-1314.56165,-561.59497,1225.1676,-1115.92566,-742.05713,1467.81995,-1186.65881,-788.93433,1235.31653,-1127.46301,-993.2713,925.99487,-1294.96387,-529.7326,972.9455,-991.02484,-635.76801,1118.05408,-1308.70825,-413.37323,763.50836,-1105.96497,NA,NA,NA,-551.74927,837.38287,-1256.64478,-818.29895,849.13947,-1060.30432,NA,NA,NA,-566.32166,392.215,-1128.70459,NA,NA,NA,NA,NA,NA
979,9.78,-861.02374,-212.34109,510.63376,-745.93781,115.77721,-900.44202,NA,NA,NA,NA,NA,NA,-876.89215,1230.89734,-1328.07458,-562.08557,1228.078,-1120.45691,-742.31897,1468.26611,-1194.80701,-789.94159,1236.64539,-1137.14124,-989.49408,926.32605,-1309.19165,-533.32599,975.31305,-993.8963,NA,NA,NA,-415.01407,764.6402,-1102.51953,NA,NA,NA,-548.98566,839.80841,-1263.35559,-821.14697,851.95776,-1069.14209,-364.01212,146.06157,-0.23177,-561.1731,394.0491,-1142.26892,NA,NA,NA,NA,NA,NA
980,9.79,-503.03625,1341.44226,-1351.08643,-743.51898,126.44411,-909.94934,NA,NA,NA,NA,NA,NA,-873.1297,1232.09741,-1339.28894,-562.79926,1229.84729,-1124.56091,-742.52582,1468.87671,-1202.72998,-789.85913,1237.77637,-1146.48071,-985.07599,927.1897,-1324.0332,-537.40576,976.84607,-997.25574,-991.69629,733.62756,-1426.81714,-416.29446,765.89935,-1099.82397,NA,NA,NA,-548.65356,841.33698,-1264.96301,-823.85968,853.21497,-1080.75256,-364.01212,146.06157,-0.23177,-555.8855,394.93597,-1153.13635,-259.95255,234.01123,81.2908,NA,NA,NA
981,9.8,NA,NA,NA,NA,NA,NA,NA,NA,NA,NA,NA,NA,-869.4519,1231.71436,-1347.0658,-564.78107,1230.73914,-1129.67188,-742.74438,1469.32751,-1211.07324,-790.67322,1239.59583,-1156.1842,-980.26984,928.35748,-1339.50391,-539.85077,980.57867,-1000.6095,NA,NA,NA,-423.2291,762.60083,-1101.0946,NA,NA,NA,-547.66852,842.38208,-1267.43372,-826.61218,853.33228,-1092.37805,-379.58163,137.65851,9.07764,-550.42963,397.34836,-1163.73755,NA,NA,NA,NA,NA,NA
982,9.81,NA,NA,NA,NA,NA,NA,NA,NA,NA,NA,NA,NA,-863.03363,1233.97278,-1363.45227,-564.81818,1232.72778,-1133.55127,NA,NA,NA,-793.91132,1239.76489,-1170.95459,NA,NA,NA,-544.08191,982.49933,-1002.87451,NA,NA,NA,-425.43335,762.39313,-1097.86548,NA,NA,NA,-545.45477,843.50305,-1271.31677,-827.90826,854.69556,-1098.39673,-379.58163,137.65851,9.07764,-543.77747,400.40259,-1175.83704,NA,NA,NA,NA,NA,NA
983,9.82,NA,NA,NA,NA,NA,NA,NA,NA,NA,NA,NA,NA,-858.03351,1234.7384,-1374.4375,-566.08826,1234.1604,-1137.99426,NA,NA,NA,-793.328,1240.05005,-1176.87036,NA,NA,NA,-544.87231,983.97913,-1003.83179,NA,NA,NA,-428.30957,762.55676,-1092.31079,NA,NA,NA,-542.92902,844.83606,-1275.1344,-829.95313,856.23779,-1107.68628,-364.01212,146.06157,-0.23177,-535.45386,403.59845,-1185.35217,NA,NA,NA,NA,NA,NA
984,9.83,NA,NA,NA,NA,NA,NA,NA,NA,NA,NA,NA,NA,-852.67963,1235.17651,-1384.81836,-567.32196,1235.22412,-1140.08215,NA,NA,NA,-792.21667,1240.44312,-1187.15625,NA,NA,NA,-548.85089,985.23981,-1007.98206,NA,NA,NA,-429.85019,762.06989,-1089.35388,NA,NA,NA,-541.68542,845.9411,-1276.81592,-832.22693,858.20227,-1117.50256,-380.03549,136.77846,9.56842,-525.58722,408.62601,-1194.72437,NA,NA,NA,NA,NA,NA
985,9.84,NA,NA,NA,NA,NA,NA,NA,NA,NA,NA,NA,NA,-847.30176,1236.12463,-1396.23669,-567.51141,1235.94238,-1140.80859,NA,NA,NA,-792.57288,1241.44702,-1195.0946,NA,NA,NA,-550.39929,987.36328,-1007.2345,NA,NA,NA,-432.2937,763.97498,-1084.27563,NA,NA,NA,-539.72076,846.19733,-1278.84595,-834.3902,858.75488,-1126.16418,-379.58163,137.65851,9.07764,-518.0791,413.78802,-1202.58582,NA,NA,NA,NA,NA,NA
986,9.85,NA,NA,NA,NA,NA,NA,NA,NA,NA,NA,NA,NA,-841.90845,1236.13208,-1405.56909,-569.10059,1237.67114,-1144.60449,NA,NA,NA,-793.65411,1241.62024,-1204.9928,NA,NA,NA,-554.0509,987.98877,-1009.5705,NA,NA,NA,-435.16882,762.87701,-1081.76978,NA,NA,NA,-538.39972,846.1424,-1279.53357,-836.85114,859.59479,-1136.69031,-380.19879,137.00786,9.55641,-511.34094,419.41852,-1209.42737,NA,NA,NA,NA,NA,NA
987,9.86,NA,NA,NA,NA,NA,NA,NA,NA,NA,NA,NA,NA,-835.98102,1237.04468,-1416.70984,-569.9566,1237.96545,-1146.88025,NA,NA,NA,-792.69543,1242.51013,-1215.52148,NA,NA,NA,-558.51752,987.8114,-1015.02008,NA,NA,NA,-438.47659,761.75958,-1080.9364,NA,NA,NA,-536.99017,845.92853,-1279.01099,-839.30829,861.79645,-1143.23621,-379.58163,137.65851,9.07764,-505.81641,424.20697,-1214.86328,NA,NA,NA,NA,NA,NA
988,9.87,NA,NA,NA,NA,NA,NA,NA,NA,NA,NA,NA,NA,NA,NA,NA,-570.2417,1238.44702,-1150.01367,NA,NA,NA,-792.68738,1244.57166,-1222.37561,NA,NA,NA,-563.7627,988.39813,-1018.90869,NA,NA,NA,-440.55035,763.69543,-1075.50806,NA,NA,NA,-534.60822,846.59235,-1281.24158,-840.98053,861.68988,-1153.40088,-379.58163,137.65851,9.07764,-501.07495,428.55515,-1222.09631,NA,NA,NA,NA,NA,NA
989,9.88,NA,NA,NA,NA,NA,NA,NA,NA,NA,NA,NA,NA,NA,NA,NA,-570.92731,1239.15991,-1152.09363,NA,NA,NA,-792.47546,1245.63293,-1226.97485,NA,NA,NA,-565.98053,990.16547,-1016.71503,NA,NA,NA,-443.34692,763.77612,-1072.06506,NA,NA,NA,-532.15552,845.52588,-1281.849,-841.20984,861.71686,-1163.53833,-380.19879,137.00786,9.55641,-497.00742,431.84512,-1226.35571,NA,NA,NA,NA,NA,NA
990,9.89,NA,NA,NA,NA,NA,NA,NA,NA,NA,NA,NA,NA,NA,NA,NA,-572.5365,1239.72009,-1155.01721,NA,NA,NA,-789.66736,1246.5968,-1236.48914,NA,NA,NA,-570.97797,990.24896,-1019.18622,NA,NA,NA,-444.91034,764.79419,-1066.64978,NA,NA,NA,-529.61914,846.22858,-1282.82764,NA,NA,NA,-379.58163,137.65851,9.07764,-492.65918,435.79874,-1232.74719,NA,NA,NA,NA,NA,NA
991,9.9,NA,NA,NA,NA,NA,NA,NA,NA,NA,NA,NA,NA,NA,NA,NA,-573.43457,1240.21838,-1157.41431,NA,NA,NA,-789.78949,1246.66821,-1246.42773,NA,NA,NA,-576.89996,990.95947,-1022.46674,NA,NA,NA,-448.98669,764.91504,-1061.93005,NA,NA,NA,-526.3161,846.9964,-1284.49622,NA,NA,NA,-380.52487,137.46706,9.53235,-490.45328,439.5264,-1236.11377,NA,NA,NA,NA,NA,NA
992,9.91,NA,NA,NA,NA,NA,NA,NA,NA,NA,NA,NA,NA,NA,NA,NA,-574.02411,1240.83142,-1159.76685,NA,NA,NA,-787.32141,1248.85095,-1249.08813,NA,NA,NA,-580.48645,991.58533,-1024.18555,NA,NA,NA,-453.66092,765.47571,-1058.33752,NA,NA,NA,-524.55713,847.11658,-1284.80127,NA,NA,NA,-364.01212,146.06157,-0.23177,-487.01895,442.67148,-1239.45825,NA,NA,NA,NA,NA,NA
993,9.92,NA,NA,NA,NA,NA,NA,NA,NA,NA,NA,NA,NA,NA,NA,NA,-576.20459,1241.68359,-1161.87549,NA,NA,NA,-786.789,1249.60181,-1260.47778,NA,NA,NA,-585.61688,992.32031,-1027.32227,NA,NA,NA,-455.83044,765.96008,-1053.58826,NA,NA,NA,-522.92828,847.08325,-1284.06494,NA,NA,NA,-380.03549,136.77846,9.56842,-485.96442,444.46863,-1241.59631,NA,NA,NA,NA,NA,NA
994,9.93,NA,NA,NA,NA,NA,NA,NA,NA,NA,NA,NA,NA,NA,NA,NA,-577.29797,1241.68884,-1168.40942,NA,NA,NA,-784.53558,1248.29504,-1266.68127,NA,NA,NA,-591.2005,992.76965,-1029.72668,NA,NA,NA,-459.16446,768.01239,-1046.29907,NA,NA,NA,-519.50043,847.86932,-1287.22046,NA,NA,NA,-379.58163,137.65851,9.07764,-483.74997,447.50458,-1244.06335,NA,NA,NA,NA,NA,NA
995,9.94,NA,NA,NA,NA,NA,NA,NA,NA,NA,NA,NA,NA,NA,NA,NA,-578.78387,1242.1698,-1171.12573,NA,NA,NA,-783.27185,1249.29773,-1277.47791,NA,NA,NA,-595.98956,994.73993,-1032.81409,NA,NA,NA,-465.4223,768.92316,-1045.13953,NA,NA,NA,-517.11841,848.05457,-1288.30908,NA,NA,NA,-364.01212,146.06157,-0.23177,-481.7424,448.84494,-1245.76123,NA,NA,NA,NA,NA,NA
996,9.95,NA,NA,NA,NA,NA,NA,NA,NA,NA,NA,NA,NA,NA,NA,NA,-580.11816,1241.80359,-1172.70007,NA,NA,NA,-780.9129,1249.8562,-1289.74768,NA,NA,NA,-600.03308,995.75769,-1035.53857,NA,NA,NA,-468.97656,770.45898,-1038.86914,NA,NA,NA,-514.94263,848.17102,-1287.67566,NA,NA,NA,-379.58163,137.65851,9.07764,-481.12012,451.68512,-1247.0448,NA,NA,NA,NA,NA,NA
997,9.96,NA,NA,NA,NA,NA,NA,NA,NA,NA,NA,NA,NA,NA,NA,NA,-579.97345,1243.19739,-1174.71558,NA,NA,NA,-780.29181,1250.51221,-1291.01392,NA,NA,NA,-603.93365,996.60474,-1037.73242,NA,NA,NA,-475.63934,769.71405,-1037.26294,NA,NA,NA,-512.73846,849.15485,-1288.56665,NA,NA,NA,NA,NA,NA,-479.33981,452.41586,-1249.69019,NA,NA,NA,NA,NA,NA
998,9.97,NA,NA,NA,NA,NA,NA,NA,NA,NA,NA,NA,NA,NA,NA,NA,-580.37012,1243.50134,-1176.2467,NA,NA,NA,-777.54956,1248.47302,-1302.44885,NA,NA,NA,-607.64362,997.11987,-1041.20642,NA,NA,NA,-480.72192,771.72797,-1030.89771,NA,NA,NA,-511.39136,850.22748,-1290.75928,NA,NA,NA,NA,NA,NA,-478.97958,453.98529,-1250.6084,NA,NA,NA,NA,NA,NA
999,9.98,NA,NA,NA,NA,NA,NA,NA,NA,NA,NA,NA,NA,NA,NA,NA,-580.31049,1244.59827,-1177.9646,NA,NA,NA,NA,NA,NA,NA,NA,NA,-611.50116,998.07794,-1043.4137,NA,NA,NA,-487.01718,771.14069,-1027.03857,NA,NA,NA,-508.65866,850.67114,-1289.43811,NA,NA,NA,NA,NA,NA,-478.36713,454.88492,-1253.21045,NA,NA,NA,NA,NA,NA
1000,9.99,NA,NA,NA,NA,NA,NA,NA,NA,NA,NA,NA,NA,NA,NA,NA,-580.48859,1244.38391,-1179.90088,NA,NA,NA,NA,NA,NA,NA,NA,NA,-614.61481,998.05841,-1045.76111,NA,NA,NA,-491.72049,772.4884,-1023.51202,NA,NA,NA,-506.83749,850.5816,-1290.10095,NA,NA,NA,NA,NA,NA,-478.34384,455.1391,-1254.85352,NA,NA,NA,NA,NA,NA
1001,10,NA,NA,NA,NA,NA,NA,NA,NA,NA,NA,NA,NA,NA,NA,NA,-581.47003,1243.29724,-1184.19434,NA,NA,NA,NA,NA,NA,NA,NA,NA,-618.56464,1000.01147,-1047.96985,NA,NA,NA,-498.94998,771.7301,-1020.68689,NA,NA,NA,-506.12756,851.55157,-1292.01392,NA,NA,NA,NA,NA,NA,-478.59363,455.05194,-1255.12549,NA,NA,NA,NA,NA,NA
1002,10.01,NA,NA,NA,NA,NA,NA,NA,NA,NA,NA,NA,NA,NA,NA,NA,-580.50171,1244.57068,-1184.08252,NA,NA,NA,NA,NA,NA,NA,NA,NA,-621.41547,999.89832,-1050.60352,NA,NA,NA,-504.45941,772.27795,-1016.28705,NA,NA,NA,-502.54941,850.9646,-1293.71985,NA,NA,NA,NA,NA,NA,-479.67615,454.37735,-1256.427,NA,NA,NA,NA,NA,NA
1003,10.02,NA,NA,NA,NA,NA,NA,NA,NA,NA,NA,NA,NA,NA,NA,NA,-580.8902,1244.12866,-1187.47913,NA,NA,NA,NA,NA,NA,NA,NA,NA,-624.47748,1000.41119,-1053.01465,NA,NA,NA,-510.18793,772.65424,-1013.90417,NA,NA,NA,-500.72324,851.42181,-1295.89954,NA,NA,NA,NA,NA,NA,-481.03207,452.8465,-1257.8053,NA,NA,NA,NA,NA,NA
1004,10.03,NA,NA,NA,NA,NA,NA,NA,NA,NA,NA,NA,NA,NA,NA,NA,-582.13116,1243.21448,-1192.57715,NA,NA,NA,NA,NA,NA,NA,NA,NA,-627.78027,1000.37677,-1056.02087,NA,NA,NA,-517.94415,772.55902,-1011.69867,NA,NA,NA,-495.16592,852.07837,-1296.49072,NA,NA,NA,NA,NA,NA,-481.68192,451.08481,-1259.00464,NA,NA,NA,NA,NA,NA
1005,10.04,NA,NA,NA,NA,NA,NA,NA,NA,NA,NA,NA,NA,NA,NA,NA,-581.18347,1244.04517,-1195.06775,NA,NA,NA,NA,NA,NA,NA,NA,NA,-630.69025,1000.62494,-1057.80249,NA,NA,NA,-523.35455,773.37714,-1006.36938,NA,NA,NA,-493.83661,851.00287,-1296.68982,NA,NA,NA,NA,NA,NA,-483.02646,448.54489,-1259.60059,NA,NA,NA,NA,NA,NA
1006,10.05,NA,NA,NA,NA,NA,NA,NA,NA,NA,NA,NA,NA,NA,NA,NA,-579.1687,1244.61523,-1194.2135,NA,NA,NA,NA,NA,NA,NA,NA,NA,-633.84412,1000.94318,-1060.3877,NA,NA,NA,-530.29279,773.77203,-1003.86859,NA,NA,NA,-489.34412,851.46594,-1299.27698,NA,NA,NA,NA,NA,NA,-484.98077,445.9006,-1260.2041,NA,NA,NA,NA,NA,NA
1007,10.06,NA,NA,NA,NA,NA,NA,NA,NA,NA,NA,NA,NA,NA,NA,NA,-579.88867,1243.48206,-1197.6178,NA,NA,NA,NA,NA,NA,NA,NA,NA,-635.76025,1000.50586,-1062.62512,NA,NA,NA,-535.96393,773.6767,-1001.50153,NA,NA,NA,-484.7179,850.85309,-1300.69397,NA,NA,NA,NA,NA,NA,-485.84549,443.02942,-1260.69641,NA,NA,NA,NA,NA,NA
1008,10.07,NA,NA,NA,NA,NA,NA,NA,NA,NA,NA,NA,NA,NA,NA,NA,-578.64148,1242.32446,-1200.44067,NA,NA,NA,NA,NA,NA,NA,NA,NA,-637.60004,1000.68628,-1065.59912,NA,NA,NA,-540.64709,775.966,-995.995,NA,NA,NA,-480.76788,850.95581,-1300.84998,NA,NA,NA,NA,NA,NA,-485.02411,439.99817,-1263.00427,NA,NA,NA,NA,NA,NA
1009,10.08,NA,NA,NA,NA,NA,NA,NA,NA,NA,NA,NA,NA,NA,NA,NA,-576.12415,1242.29187,-1200.04041,NA,NA,NA,NA,NA,NA,NA,NA,NA,-639.6485,1000.57953,-1068.27112,NA,NA,NA,-546.67896,776.51447,-995.2204,NA,NA,NA,-476.51508,850.58917,-1301.03418,NA,NA,NA,NA,NA,NA,-484.62741,438.5029,-1264.38013,NA,NA,NA,NA,NA,NA
1010,10.09,NA,NA,NA,NA,NA,NA,NA,NA,NA,NA,NA,NA,NA,NA,NA,-574.64355,1242.18652,-1201.25977,NA,NA,NA,NA,NA,NA,NA,NA,NA,-641.37207,1000.04755,-1071.5658,NA,NA,NA,-551.41913,774.99457,-992.37323,NA,NA,NA,-470.33749,851.05884,-1301.40454,NA,NA,NA,NA,NA,NA,-482.95999,435.45435,-1265.67468,NA,NA,NA,NA,NA,NA
1011,10.1,NA,NA,NA,NA,NA,NA,NA,NA,NA,NA,NA,NA,NA,NA,NA,-575.60938,1240.82434,-1205.72742,NA,NA,NA,NA,NA,NA,NA,NA,NA,-642.15118,999.45508,-1073.49194,NA,NA,NA,-557.1947,775.57062,-991.00122,NA,NA,NA,-467.33701,848.79236,-1302.04187,NA,NA,NA,NA,NA,NA,-480.00464,432.93372,-1269.01135,NA,NA,NA,NA,NA,NA
1012,10.11,NA,NA,NA,NA,NA,NA,NA,NA,NA,NA,NA,NA,NA,NA,NA,-572.55005,1239.51941,-1203.91931,NA,NA,NA,NA,NA,NA,NA,NA,NA,-642.79358,999.12769,-1076.08606,NA,NA,NA,-562.87579,775.8075,-990.41956,NA,NA,NA,-463.70395,848.73938,-1300.64124,NA,NA,NA,NA,NA,NA,-476.08234,431.80679,-1270.64014,NA,NA,NA,NA,NA,NA
1013,10.12,NA,NA,NA,NA,NA,NA,NA,NA,NA,NA,NA,NA,NA,NA,NA,NA,NA,NA,NA,NA,NA,NA,NA,NA,NA,NA,NA,-643.30664,997.81781,-1078.22205,NA,NA,NA,-567.20996,775.5965,-988.06909,NA,NA,NA,-458.66675,847.85449,-1301.66443,NA,NA,NA,NA,NA,NA,-474.02954,428.98108,-1273.59802,NA,NA,NA,NA,NA,NA
1014,10.13,NA,NA,NA,NA,NA,NA,NA,NA,NA,NA,NA,NA,NA,NA,NA,NA,NA,NA,NA,NA,NA,NA,NA,NA,NA,NA,NA,-643.26807,996.12012,-1079.84656,NA,NA,NA,-572.19073,774.4364,-986.96527,NA,NA,NA,-453.31839,846.75983,-1303.2561,NA,NA,NA,NA,NA,NA,-470.95917,427.17651,-1274.59888,NA,NA,NA,NA,NA,NA
1015,10.14,NA,NA,NA,NA,NA,NA,NA,NA,NA,NA,NA,NA,NA,NA,NA,NA,NA,NA,NA,NA,NA,NA,NA,NA,NA,NA,NA,-642.94727,995.07385,-1081.79834,NA,NA,NA,-576.60193,773.47394,-985.52405,NA,NA,NA,-450.11334,845.79791,-1301.93799,NA,NA,NA,NA,NA,NA,-471.54233,422.96683,-1280.12207,NA,NA,NA,NA,NA,NA
1016,10.15,NA,NA,NA,NA,NA,NA,NA,NA,NA,NA,NA,NA,NA,NA,NA,NA,NA,NA,NA,NA,NA,NA,NA,NA,NA,NA,NA,-642.58185,994.31689,-1083.40283,NA,NA,NA,-580.28223,772.99371,-985.70734,NA,NA,NA,-445.6134,845.0708,-1302.25232,NA,NA,NA,NA,NA,NA,-467.70374,419.68079,-1281.93323,NA,NA,NA,NA,NA,NA
1017,10.16,NA,NA,NA,NA,NA,NA,NA,NA,NA,NA,NA,NA,NA,NA,NA,NA,NA,NA,NA,NA,NA,NA,NA,NA,NA,NA,NA,-641.87158,991.99335,-1085.00183,NA,NA,NA,-583.94025,771.68463,-985.10956,NA,NA,NA,-440.00058,844.24054,-1303.79797,NA,NA,NA,NA,NA,NA,-464.00348,417.01947,-1282.1001,NA,NA,NA,NA,NA,NA
1018,10.17,NA,NA,NA,NA,NA,NA,NA,NA,NA,NA,NA,NA,NA,NA,NA,NA,NA,NA,NA,NA,NA,NA,NA,NA,NA,NA,NA,-640.71356,990.28442,-1086.34521,NA,NA,NA,-586.81616,770.60889,-984.59515,NA,NA,NA,-434.41214,843.37817,-1304.73047,NA,NA,NA,NA,NA,NA,-459.28918,414.35159,-1281.93665,NA,NA,NA,NA,NA,NA
1019,10.18,NA,NA,NA,NA,NA,NA,NA,NA,NA,NA,NA,NA,NA,NA,NA,NA,NA,NA,NA,NA,NA,NA,NA,NA,NA,NA,NA,-639.43854,987.96484,-1087.36035,NA,NA,NA,-590.15717,769.67236,-984.74231,NA,NA,NA,-430.7811,842.73193,-1303.22925,NA,NA,NA,NA,NA,NA,-455.3172,411.67459,-1279.46692,NA,NA,NA,NA,NA,NA
1020,10.19,NA,NA,NA,NA,NA,NA,NA,NA,NA,NA,NA,NA,NA,NA,NA,NA,NA,NA,NA,NA,NA,NA,NA,NA,NA,NA,NA,-638.40161,987.48102,-1090.0166,NA,NA,NA,-592.11884,769.09351,-984.59436,NA,NA,NA,-425.65558,842.20526,-1304.01038,NA,NA,NA,NA,NA,NA,-452.11749,409.89883,-1282.45349,NA,NA,NA,NA,NA,NA
1021,10.2,NA,NA,NA,NA,NA,NA,NA,NA,NA,NA,NA,NA,NA,NA,NA,NA,NA,NA,NA,NA,NA,NA,NA,NA,NA,NA,NA,-636.27594,985.81006,-1091.13403,NA,NA,NA,-593.56042,768.77325,-985.64935,NA,NA,NA,-421.3334,842.59283,-1304.11218,NA,NA,NA,NA,NA,NA,-447.73544,410.09763,-1278.8175,NA,NA,NA,NA,NA,NA
1022,10.21,NA,NA,NA,NA,NA,NA,NA,NA,NA,NA,NA,NA,NA,NA,NA,NA,NA,NA,NA,NA,NA,NA,NA,NA,NA,NA,NA,-634.63477,985.23309,-1092.84119,NA,NA,NA,-594.8457,768.68756,-986.46906,NA,NA,NA,-415.70337,843.39667,-1306.25793,NA,NA,NA,NA,NA,NA,-444.95593,409.44037,-1279.27222,NA,NA,NA,NA,NA,NA
1023,10.22,NA,NA,NA,NA,NA,NA,NA,NA,NA,NA,NA,NA,NA,NA,NA,NA,NA,NA,NA,NA,NA,NA,NA,NA,NA,NA,NA,-632.18042,984.62396,-1095.03479,NA,NA,NA,-595.57489,768.73474,-987.42493,NA,NA,NA,-411.69101,844.42615,-1305.39917,NA,NA,NA,NA,NA,NA,-439.15125,410.4653,-1278.09912,NA,NA,NA,NA,NA,NA
1024,10.23,NA,NA,NA,NA,NA,NA,NA,NA,NA,NA,NA,NA,NA,NA,NA,NA,NA,NA,NA,NA,NA,NA,NA,NA,NA,NA,NA,-629.98932,983.0896,-1097.3595,NA,NA,NA,-595.57288,769.13141,-988.23773,NA,NA,NA,-407.68008,845.64679,-1304.65869,NA,NA,NA,NA,NA,NA,-438.22656,410.54355,-1278.43848,NA,NA,NA,NA,NA,NA
1025,10.24,NA,NA,NA,NA,NA,NA,NA,NA,NA,NA,NA,NA,NA,NA,NA,NA,NA,NA,NA,NA,NA,NA,NA,NA,NA,NA,NA,-628.66522,983.01166,-1098.97864,NA,NA,NA,-594.80133,769.01935,-989.86945,NA,NA,NA,-402.93185,846.76501,-1304.82898,NA,NA,NA,NA,NA,NA,-433.95615,411.62448,-1276.07996,NA,NA,NA,NA,NA,NA
1026,10.25,NA,NA,NA,NA,NA,NA,NA,NA,NA,NA,NA,NA,NA,NA,NA,NA,NA,NA,NA,NA,NA,NA,NA,NA,NA,NA,NA,-628.50995,980.78497,-1107.07312,NA,NA,NA,-593.12555,768.29962,-991.4682,NA,NA,NA,-400.76157,847.15796,-1302.05298,NA,NA,NA,NA,NA,NA,-431.68054,411.0618,-1274.87537,NA,NA,NA,NA,NA,NA
1027,10.26,NA,NA,NA,NA,NA,NA,NA,NA,NA,NA,NA,NA,NA,NA,NA,NA,NA,NA,NA,NA,NA,NA,NA,NA,NA,NA,NA,-625.46881,979.51483,-1107.25208,NA,NA,NA,-591.51416,767.31842,-992.79657,NA,NA,NA,-396.14828,847.96021,-1303.49768,NA,NA,NA,NA,NA,NA,-432.02747,409.4646,-1273.46741,NA,NA,NA,NA,NA,NA
1028,10.27,NA,NA,NA,NA,NA,NA,NA,NA,NA,NA,NA,NA,NA,NA,NA,NA,NA,NA,NA,NA,NA,NA,NA,NA,NA,NA,NA,-622.66779,979.87933,-1108.49524,NA,NA,NA,-589.44971,767.45123,-995.08356,NA,NA,NA,-393.5144,848.66095,-1301.8938,NA,NA,NA,NA,NA,NA,-432.34427,408.53027,-1272.7677,NA,NA,NA,NA,NA,NA
1029,10.28,NA,NA,NA,NA,NA,NA,NA,NA,NA,NA,NA,NA,NA,NA,NA,NA,NA,NA,NA,NA,NA,NA,NA,NA,NA,NA,NA,-621.05292,978.6579,-1109.11609,NA,NA,NA,-586.77765,766.53821,-997.50397,NA,NA,NA,-389.45901,848.16968,-1301.49719,NA,NA,NA,NA,NA,NA,-433.35501,405.92621,-1272.74463,NA,NA,NA,NA,NA,NA
1030,10.29,NA,NA,NA,NA,NA,NA,NA,NA,NA,NA,NA,NA,NA,NA,NA,NA,NA,NA,NA,NA,NA,NA,NA,NA,NA,NA,NA,-619.95416,977.32758,-1111.01758,NA,NA,NA,-583.16083,765.27502,-998.79163,NA,NA,NA,-387.2269,847.94031,-1298.91675,NA,NA,NA,NA,NA,NA,-434.47946,406.03946,-1271.4563,NA,NA,NA,NA,NA,NA
1031,10.3,NA,NA,NA,NA,NA,NA,NA,NA,NA,NA,NA,NA,NA,NA,NA,NA,NA,NA,NA,NA,NA,NA,NA,NA,NA,NA,NA,-618.16644,977.02887,-1112.14453,NA,NA,NA,-580.00659,764.42712,-1001.20233,NA,NA,NA,-383.34467,848.17804,-1299.69958,NA,NA,NA,NA,NA,NA,-435.80093,405.54587,-1271.27954,NA,NA,NA,NA,NA,NA
1032,10.31,NA,NA,NA,NA,NA,NA,NA,NA,NA,NA,NA,NA,NA,NA,NA,NA,NA,NA,NA,NA,NA,NA,NA,NA,NA,NA,NA,-615.98016,975.47955,-1113.50977,NA,NA,NA,-575.47644,763.48981,-1004.19775,NA,NA,NA,-380.86655,848.05115,-1297.34595,NA,NA,NA,NA,NA,NA,-436.06946,404.98456,-1271.93701,NA,NA,NA,NA,NA,NA
1033,10.32,NA,NA,NA,NA,NA,NA,NA,NA,NA,NA,NA,NA,NA,NA,NA,NA,NA,NA,NA,NA,NA,NA,NA,NA,NA,NA,NA,-613.53625,975.94983,-1115.29138,NA,NA,NA,-571.21863,762.85657,-1006.6626,NA,NA,NA,-377.55307,848.64856,-1297.75403,NA,NA,NA,NA,NA,NA,-437.92453,405.11301,-1272.75989,NA,NA,NA,NA,NA,NA
1034,10.33,NA,NA,NA,NA,NA,NA,NA,NA,NA,NA,NA,NA,NA,NA,NA,NA,NA,NA,NA,NA,NA,NA,NA,NA,NA,NA,NA,-611.76379,975.57452,-1116.21411,NA,NA,NA,-565.74017,761.36823,-1008.57648,NA,NA,NA,-375.9928,848.97247,-1295.74377,NA,NA,NA,NA,NA,NA,-437.7652,405.26852,-1272.56213,NA,NA,NA,NA,NA,NA
1035,10.34,NA,NA,NA,NA,NA,NA,NA,NA,NA,NA,NA,NA,NA,NA,NA,NA,NA,NA,NA,NA,NA,NA,NA,NA,NA,NA,NA,-610.93304,975.15491,-1118.26038,NA,NA,NA,-560.5177,759.89734,-1010.83746,NA,NA,NA,-373.14124,850.25159,-1295.42883,NA,NA,NA,NA,NA,NA,-437.29825,406.13644,-1270.83215,NA,NA,NA,NA,NA,NA
1036,10.35,NA,NA,NA,NA,NA,NA,NA,NA,NA,NA,NA,NA,NA,NA,NA,NA,NA,NA,NA,NA,NA,NA,NA,NA,NA,NA,NA,-609.62067,974.55829,-1122.14832,NA,NA,NA,-555.42609,759.56476,-1014.22034,NA,NA,NA,-372.61407,851.65137,-1291.06421,NA,NA,NA,NA,NA,NA,-437.52087,406.19788,-1269.69458,NA,NA,NA,NA,NA,NA
1037,10.36,NA,NA,NA,NA,NA,NA,NA,NA,NA,NA,NA,NA,NA,NA,NA,NA,NA,NA,NA,NA,NA,NA,NA,NA,NA,NA,NA,-608.32123,974.13074,-1123.20984,NA,NA,NA,-549.78046,758.73669,-1017.78558,NA,NA,NA,-369.73517,852.01825,-1291.98901,NA,NA,NA,NA,NA,NA,-437.23187,406.02774,-1268.89209,NA,NA,NA,NA,NA,NA
1038,10.37,NA,NA,NA,NA,NA,NA,NA,NA,NA,NA,NA,NA,NA,NA,NA,NA,NA,NA,NA,NA,NA,NA,NA,NA,NA,NA,NA,-607.1286,975.8432,-1126.57336,NA,NA,NA,-543.89789,759.45953,-1021.7854,NA,NA,NA,-367.84882,853.52161,-1290.85034,NA,NA,NA,NA,NA,NA,-437.509,407.64743,-1267.23743,NA,NA,NA,NA,NA,NA
1039,10.38,NA,NA,NA,NA,NA,NA,NA,NA,NA,NA,NA,NA,NA,NA,NA,NA,NA,NA,NA,NA,NA,NA,NA,NA,NA,NA,NA,-606.67969,975.08685,-1132.29321,NA,NA,NA,-537.79303,759.05914,-1026.05139,NA,NA,NA,-367.13132,854.03467,-1288.49902,NA,NA,NA,NA,NA,NA,-437.94525,407.94632,-1267.99524,NA,NA,NA,NA,NA,NA
1040,10.39,NA,NA,NA,NA,NA,NA,NA,NA,NA,NA,NA,NA,NA,NA,NA,NA,NA,NA,NA,NA,NA,NA,NA,NA,NA,NA,NA,-605.15857,974.73798,-1134.68799,NA,NA,NA,-531.2428,759.17145,-1029.48303,NA,NA,NA,-366.29996,855.33234,-1287.13647,NA,NA,NA,NA,NA,NA,-438.44489,407.64169,-1268.6283,NA,NA,NA,NA,NA,NA
1041,10.4,NA,NA,NA,NA,NA,NA,NA,NA,NA,NA,NA,NA,NA,NA,NA,NA,NA,NA,NA,NA,NA,NA,NA,NA,NA,NA,NA,-604.065,974.75385,-1137.27966,NA,NA,NA,-524.62543,758.03564,-1033.12378,NA,NA,NA,-366.16513,856.59338,-1284.84729,NA,NA,NA,NA,NA,NA,-440.37711,407.82797,-1267.83032,NA,NA,NA,NA,NA,NA
1042,10.41,NA,NA,NA,NA,NA,NA,NA,NA,NA,NA,NA,NA,NA,NA,NA,NA,NA,NA,NA,NA,NA,NA,NA,NA,NA,NA,NA,-602.54181,976.08459,-1140.54346,NA,NA,NA,-519.06793,759.07104,-1037.17944,NA,NA,NA,-366.07315,857.2691,-1283.90869,NA,NA,NA,NA,NA,NA,-440.75143,407.59546,-1268.30396,NA,NA,NA,NA,NA,NA
1043,10.42,NA,NA,NA,NA,NA,NA,NA,NA,NA,NA,NA,NA,NA,NA,NA,NA,NA,NA,NA,NA,NA,NA,NA,NA,NA,NA,NA,-600.57672,975.97821,-1140.97241,NA,NA,NA,-511.69492,759.42804,-1041.89075,NA,NA,NA,-365.80109,858.77057,-1281.07581,NA,NA,NA,NA,NA,NA,-442.26443,407.20071,-1269.25757,NA,NA,NA,NA,NA,NA
1044,10.43,NA,NA,NA,NA,NA,NA,NA,NA,NA,NA,NA,NA,NA,NA,NA,NA,NA,NA,NA,NA,NA,NA,NA,NA,NA,NA,NA,-599.4848,975.25909,-1141.41089,NA,NA,NA,-505.03088,759.1756,-1045.33594,NA,NA,NA,-365.94623,859.44122,-1278.94836,NA,NA,NA,NA,NA,NA,-443.26019,407.70889,-1269.2699,NA,NA,NA,NA,NA,NA
1045,10.44,NA,NA,NA,NA,NA,NA,NA,NA,NA,NA,NA,NA,NA,NA,NA,NA,NA,NA,NA,NA,NA,NA,NA,NA,NA,NA,NA,-597.68414,975.75659,-1143.90869,NA,NA,NA,-498.84604,759.22668,-1049.78735,NA,NA,NA,-365.67847,860.28497,-1276.65796,NA,NA,NA,NA,NA,NA,-443.83383,408.4678,-1266.59583,NA,NA,NA,NA,NA,NA
1046,10.45,NA,NA,NA,NA,NA,NA,NA,NA,NA,NA,NA,NA,NA,NA,NA,NA,NA,NA,NA,NA,NA,NA,NA,NA,NA,NA,NA,-596.78174,974.81226,-1145.38525,NA,NA,NA,-492.67264,758.90851,-1058.16772,NA,NA,NA,-365.50549,860.85931,-1275.1012,NA,NA,NA,NA,NA,NA,-445.5943,408.69412,-1268.13416,NA,NA,NA,NA,NA,NA
1047,10.46,NA,NA,NA,NA,NA,NA,NA,NA,NA,NA,NA,NA,NA,NA,NA,NA,NA,NA,NA,NA,NA,NA,NA,NA,NA,NA,NA,-595.32135,974.75903,-1149.07007,NA,NA,NA,-487.26553,759.15405,-1060.6897,NA,NA,NA,-365.15503,861.08405,-1273.86084,NA,NA,NA,NA,NA,NA,-447.01016,409.24579,-1270.68445,NA,NA,NA,NA,NA,NA
1048,10.47,NA,NA,NA,NA,NA,NA,NA,NA,NA,NA,NA,NA,NA,NA,NA,NA,NA,NA,NA,NA,NA,NA,NA,NA,NA,NA,NA,-594.89081,974.84583,-1151.18616,NA,NA,NA,-480.57986,758.98883,-1064.44067,NA,NA,NA,-364.70898,861.47705,-1271.64697,NA,NA,NA,NA,NA,NA,-448.29999,408.92194,-1272.9801,NA,NA,NA,NA,NA,NA
1049,10.48,NA,NA,NA,NA,NA,NA,NA,NA,NA,NA,NA,NA,NA,NA,NA,NA,NA,NA,NA,NA,NA,NA,NA,NA,NA,NA,NA,-593.95032,974.23242,-1155.35193,NA,NA,NA,-474.58527,760.53815,-1067.8324,NA,NA,NA,-364.504,861.86957,-1270.07483,NA,NA,NA,NA,NA,NA,-448.89816,408.98898,-1272.07043,NA,NA,NA,NA,NA,NA
1050,10.49,NA,NA,NA,NA,NA,NA,NA,NA,NA,NA,NA,NA,NA,NA,NA,NA,NA,NA,NA,NA,NA,NA,NA,NA,NA,NA,NA,-593.33398,973.41388,-1158.47278,NA,NA,NA,-468.96774,761.71045,-1071.82312,NA,NA,NA,-364.26074,862.28644,-1268.22705,NA,NA,NA,NA,NA,NA,-449.43872,409.2775,-1272.41431,NA,NA,NA,NA,NA,NA
1051,10.5,NA,NA,NA,NA,NA,NA,NA,NA,NA,NA,NA,NA,NA,NA,NA,NA,NA,NA,NA,NA,NA,NA,NA,NA,NA,NA,NA,-591.79828,973.39624,-1160.11133,NA,NA,NA,-463.06152,761.47467,-1079.07947,NA,NA,NA,-364.04178,861.23798,-1265.59949,NA,NA,NA,NA,NA,NA,-449.67163,409.35599,-1273.901,NA,NA,NA,NA,NA,NA
1052,10.51,NA,NA,NA,NA,NA,NA,NA,NA,NA,NA,NA,NA,NA,NA,NA,NA,NA,NA,NA,NA,NA,NA,NA,NA,NA,NA,NA,-591.41919,973.15576,-1161.92151,NA,NA,NA,-457.87546,762.35645,-1082.84863,NA,NA,NA,-364.81442,861.69354,-1262.91284,NA,NA,NA,NA,NA,NA,-449.9964,410.08713,-1274.4563,NA,NA,NA,NA,NA,NA
1053,10.52,NA,NA,NA,NA,NA,NA,NA,NA,NA,NA,NA,NA,NA,NA,NA,NA,NA,NA,NA,NA,NA,NA,NA,NA,NA,NA,NA,-590.80103,972.73621,-1165.17578,NA,NA,NA,-451.85046,763.28259,-1085.60693,NA,NA,NA,-366.82785,858.44641,-1272.77942,NA,NA,NA,NA,NA,NA,-450.42099,410.23138,-1274.71338,NA,NA,NA,NA,NA,NA
1054,10.53,NA,NA,NA,NA,NA,NA,NA,NA,NA,NA,NA,NA,NA,NA,NA,NA,NA,NA,NA,NA,NA,NA,NA,NA,NA,NA,NA,-589.50385,973.05963,-1165.41785,NA,NA,NA,-447.4126,764.98053,-1087.93872,NA,NA,NA,-366.8334,858.10785,-1272.73987,NA,NA,NA,NA,NA,NA,-450.23752,411.22079,-1275.09229,NA,NA,NA,NA,NA,NA
1055,10.54,NA,NA,NA,NA,NA,NA,NA,NA,NA,NA,NA,NA,NA,NA,NA,NA,NA,NA,NA,NA,NA,NA,NA,NA,NA,NA,NA,-588.76569,972.10815,-1171.26025,NA,NA,NA,-442.74026,766.047,-1092.96155,NA,NA,NA,-366.36411,857.03308,-1274.03345,NA,NA,NA,NA,NA,NA,-450.73904,412.86801,-1274.49146,NA,NA,NA,NA,NA,NA
1056,10.55,NA,NA,NA,NA,NA,NA,NA,NA,NA,NA,NA,NA,NA,NA,NA,NA,NA,NA,NA,NA,NA,NA,NA,NA,NA,NA,NA,-588.42285,971.20251,-1177.29272,NA,NA,NA,-438.07202,768.13116,-1095.09595,NA,NA,NA,-365.76932,855.9129,-1275.86975,NA,NA,NA,NA,NA,NA,-451.05005,412.72845,-1275.78528,NA,NA,NA,NA,NA,NA
1057,10.56,NA,NA,NA,NA,NA,NA,NA,NA,NA,NA,NA,NA,NA,NA,NA,NA,NA,NA,NA,NA,NA,NA,NA,NA,NA,NA,NA,-588.13715,971.38531,-1179.21802,NA,NA,NA,-435.55209,767.98114,-1102.953,NA,NA,NA,-365.79224,855.76691,-1275.9635,NA,NA,NA,NA,NA,NA,-451.31537,412.58539,-1277.14453,NA,NA,NA,NA,NA,NA
1058,10.57,NA,NA,NA,NA,NA,NA,NA,NA,NA,NA,NA,NA,NA,NA,NA,NA,NA,NA,NA,NA,NA,NA,NA,NA,NA,NA,NA,-587.25848,970.96991,-1183.03748,NA,NA,NA,-431.62097,770.5578,-1106.32727,NA,NA,NA,-366.01144,855.36218,-1274.81616,NA,NA,NA,NA,NA,NA,-451.93185,412.98666,-1280.92798,NA,NA,NA,NA,NA,NA
1059,10.58,NA,NA,NA,NA,NA,NA,NA,NA,NA,NA,NA,NA,NA,NA,NA,NA,NA,NA,NA,NA,NA,NA,NA,NA,NA,NA,NA,-587.34174,970.72705,-1187.37146,NA,NA,NA,-429.71887,771.59637,-1109.08752,NA,NA,NA,-365.9165,855.44592,-1274.32141,NA,NA,NA,NA,NA,NA,-452.44397,414.0123,-1281.4762,NA,NA,NA,NA,NA,NA
1060,10.59,NA,NA,NA,NA,NA,NA,NA,NA,NA,NA,NA,NA,NA,NA,NA,NA,NA,NA,NA,NA,NA,NA,NA,NA,NA,NA,NA,-587.24426,970.03229,-1190.67285,NA,NA,NA,-426.69626,773.34149,-1111.40442,NA,NA,NA,-365.73935,855.66748,-1273.41125,NA,NA,NA,NA,NA,NA,-452.92493,413.69299,-1283.73633,NA,NA,NA,NA,NA,NA
1061,10.6,NA,NA,NA,NA,NA,NA,NA,NA,NA,NA,NA,NA,NA,NA,NA,NA,NA,NA,NA,NA,NA,NA,NA,NA,NA,NA,NA,-588.05457,969.79895,-1194.74463,NA,NA,NA,-425.48083,774.19019,-1116.16541,NA,NA,NA,-365.48187,856.03644,-1272.09802,NA,NA,NA,NA,NA,NA,-451.83676,413.98569,-1284.09351,NA,NA,NA,NA,NA,NA
1062,10.61,NA,NA,NA,NA,NA,NA,NA,NA,NA,NA,NA,NA,NA,NA,NA,NA,NA,NA,NA,NA,NA,NA,NA,NA,NA,NA,NA,-588.94965,968.98743,-1199.46838,NA,NA,NA,-424.1355,774.77216,-1118.39771,NA,NA,NA,-364.9754,856.83008,-1271.77368,NA,NA,NA,NA,NA,NA,-451.98819,414.2243,-1287.33447,NA,NA,NA,NA,NA,NA
1063,10.62,NA,NA,NA,NA,NA,NA,NA,NA,NA,NA,NA,NA,NA,NA,NA,NA,NA,NA,NA,NA,NA,NA,NA,NA,NA,NA,NA,-589.35681,969.48499,-1205.08533,NA,NA,NA,-423.09647,776.31171,-1121.15405,NA,NA,NA,-364.15463,857.05566,-1272.4873,NA,NA,NA,NA,NA,NA,-450.45657,415.14151,-1286.10852,NA,NA,NA,NA,NA,NA
1064,10.63,NA,NA,NA,NA,NA,NA,NA,NA,NA,NA,NA,NA,NA,NA,NA,NA,NA,NA,NA,NA,NA,NA,NA,NA,NA,NA,NA,-589.21857,968.12146,-1210.93359,NA,NA,NA,-423.71341,776.0141,-1127.69141,NA,NA,NA,-363.28842,857.08087,-1273.76331,NA,NA,NA,NA,NA,NA,-448.89545,416.18393,-1287.92456,NA,NA,NA,NA,NA,NA
1065,10.64,NA,NA,NA,NA,NA,NA,NA,NA,NA,NA,NA,NA,NA,NA,NA,NA,NA,NA,NA,NA,NA,NA,NA,NA,NA,NA,NA,-589.49475,968.08765,-1216.37329,NA,NA,NA,-425.51578,775.58032,-1131.4574,NA,NA,NA,-362.26773,856.7641,-1274.9823,NA,NA,NA,NA,NA,NA,-447.49747,417.41763,-1289.82788,NA,NA,NA,NA,NA,NA
1066,10.65,NA,NA,NA,NA,NA,NA,NA,NA,NA,NA,NA,NA,NA,NA,NA,NA,NA,NA,NA,NA,NA,NA,NA,NA,NA,NA,NA,-590.47296,968.96185,-1223.64465,NA,NA,NA,-426.4216,775.63934,-1134.2262,NA,NA,NA,-361.97931,857.42566,-1273.55762,NA,NA,NA,NA,NA,NA,-447.10315,417.65833,-1290.84583,NA,NA,NA,NA,NA,NA
1067,10.66,NA,NA,NA,NA,NA,NA,NA,NA,NA,NA,NA,NA,NA,NA,NA,NA,NA,NA,NA,NA,NA,NA,NA,NA,NA,NA,NA,-591.34863,967.90265,-1230.68665,NA,NA,NA,-426.70389,775.58124,-1137.82166,NA,NA,NA,-361.7186,858.11731,-1272.28796,NA,NA,NA,NA,NA,NA,-446.29486,417.82346,-1294.29761,NA,NA,NA,NA,NA,NA
1068,10.67,NA,NA,NA,NA,NA,NA,NA,NA,NA,NA,NA,NA,NA,NA,NA,NA,NA,NA,NA,NA,NA,NA,NA,NA,NA,NA,NA,-590.96057,968.02368,-1234.11499,NA,NA,NA,-428.7294,777.43054,-1142.12,NA,NA,NA,-361.64441,858.52466,-1271.96826,NA,NA,NA,NA,NA,NA,-445.33792,418.29968,-1295.41321,NA,NA,NA,NA,NA,NA
1069,10.68,NA,NA,NA,NA,NA,NA,NA,NA,NA,NA,NA,NA,NA,NA,NA,NA,NA,NA,NA,NA,NA,NA,NA,NA,NA,NA,NA,-591.88428,967.00476,-1240.62048,NA,NA,NA,-430.99512,776.74469,-1144.36731,NA,NA,NA,-361.47574,859.62256,-1272.14282,NA,NA,NA,NA,NA,NA,-443.60483,418.50107,-1296.62085,NA,NA,NA,NA,NA,NA
1070,10.69,NA,NA,NA,NA,NA,NA,NA,NA,NA,NA,NA,NA,NA,NA,NA,NA,NA,NA,NA,NA,NA,NA,NA,NA,NA,NA,NA,-595.19269,966.03455,-1251.0105,NA,NA,NA,-434.53714,776.44287,-1148.29919,NA,NA,NA,-361.07361,860.04962,-1273.85278,NA,NA,NA,NA,NA,NA,-441.97159,419.94501,-1296.81482,NA,NA,NA,NA,NA,NA
1071,10.7,NA,NA,NA,NA,NA,NA,NA,NA,NA,NA,NA,NA,NA,NA,NA,NA,NA,NA,NA,NA,NA,NA,NA,NA,NA,NA,NA,-594.38977,966.78491,-1256.04907,NA,NA,NA,-437.89188,774.92798,-1154.94617,NA,NA,NA,-359.55917,858.8623,-1279.93701,NA,NA,NA,NA,NA,NA,-441.01099,419.87274,-1298.80396,NA,NA,NA,NA,NA,NA
1072,10.71,NA,NA,NA,NA,NA,NA,NA,NA,NA,NA,NA,NA,NA,NA,NA,NA,NA,NA,NA,NA,NA,NA,NA,NA,NA,NA,NA,-596.32281,965.71271,-1264.2793,NA,NA,NA,-442.49216,775.55505,-1157.20862,NA,NA,NA,-359.59375,858.92334,-1280.13635,NA,NA,NA,NA,NA,NA,-439.30035,420.51022,-1301.91272,NA,NA,NA,NA,NA,NA
1073,10.72,NA,NA,NA,NA,NA,NA,NA,NA,NA,NA,NA,NA,NA,NA,NA,NA,NA,NA,NA,NA,NA,NA,NA,NA,NA,NA,NA,-596.5351,963.45477,-1272.72034,NA,NA,NA,-445.98044,774.51715,-1160.40369,NA,NA,NA,-359.63406,858.95618,-1280.36096,NA,NA,NA,NA,NA,NA,-436.25189,419.98672,-1302.57068,NA,NA,NA,NA,NA,NA
1074,10.73,NA,NA,NA,NA,NA,NA,NA,NA,NA,NA,NA,NA,NA,NA,NA,NA,NA,NA,NA,NA,NA,NA,NA,NA,NA,NA,NA,-597.35956,963.40186,-1281.7373,NA,NA,NA,-451.86517,772.30664,-1165.60339,NA,NA,NA,-359.71661,858.90338,-1280.79736,NA,NA,NA,NA,NA,NA,-434.03699,421.20068,-1304.95728,NA,NA,NA,NA,NA,NA
1075,10.74,NA,NA,NA,NA,NA,NA,NA,NA,NA,NA,NA,NA,NA,NA,NA,NA,NA,NA,NA,NA,NA,NA,NA,NA,NA,NA,NA,-597.05463,959.78717,-1296.52478,NA,NA,NA,-456.05392,771.24829,-1169.00232,NA,NA,NA,-358.41745,857.63452,-1287.50232,NA,NA,NA,NA,NA,NA,-432.00461,420.92355,-1304.91064,NA,NA,NA,NA,NA,NA
1076,10.75,NA,NA,NA,NA,NA,NA,NA,NA,NA,NA,NA,NA,NA,NA,NA,NA,NA,NA,NA,NA,NA,NA,NA,NA,NA,NA,NA,-596.73328,957.35577,-1308.14001,NA,NA,NA,-461.83493,770.5296,-1170.61438,NA,NA,NA,-358.11938,857.49207,-1290.23767,NA,NA,NA,NA,NA,NA,-430.13089,419.48462,-1309.73596,NA,NA,NA,NA,NA,NA
1077,10.76,NA,NA,NA,NA,NA,NA,NA,NA,NA,NA,NA,NA,NA,NA,NA,NA,NA,NA,NA,NA,NA,NA,NA,NA,NA,NA,NA,-596.92358,956.39929,-1317.4762,NA,NA,NA,-468.21503,768.47797,-1174.57275,NA,NA,NA,-358.33972,857.79407,-1292.3678,NA,NA,NA,NA,NA,NA,-428.34131,420.57425,-1308.22388,NA,NA,NA,NA,NA,NA
1078,10.77,NA,NA,NA,NA,NA,NA,NA,NA,NA,NA,NA,NA,NA,NA,NA,NA,NA,NA,NA,NA,NA,NA,NA,NA,NA,NA,NA,-595.64935,956.11096,-1329.61523,NA,NA,NA,-474.94537,766.19409,-1178.7699,NA,NA,NA,-358.99918,857.00537,-1295.79333,NA,NA,NA,NA,NA,NA,-426.06842,421.49271,-1307.1554,NA,NA,NA,NA,NA,NA
1079,10.78,NA,NA,NA,NA,NA,NA,NA,NA,NA,NA,NA,NA,NA,NA,NA,NA,NA,NA,NA,NA,NA,NA,NA,NA,NA,NA,NA,-593.58594,958.56012,-1328.13928,NA,NA,NA,-482.80136,764.82617,-1183.70374,NA,NA,NA,-358.94101,857.28625,-1294.5791,NA,NA,NA,NA,NA,NA,-423.68762,420.6871,-1307.19678,NA,NA,NA,NA,NA,NA
1080,10.79,NA,NA,NA,NA,NA,NA,NA,NA,NA,NA,NA,NA,NA,NA,NA,NA,NA,NA,NA,NA,NA,NA,NA,NA,NA,NA,NA,-591.61328,957.89154,-1335.77832,NA,NA,NA,-489.57816,763.086,-1188.35632,NA,NA,NA,-353.57172,859.74762,-1277.0636,NA,NA,NA,NA,NA,NA,-422.59079,421.56909,-1309.60632,NA,NA,NA,NA,NA,NA
1081,10.8,NA,NA,NA,NA,NA,NA,NA,NA,NA,NA,NA,NA,NA,NA,NA,NA,NA,NA,NA,NA,NA,NA,NA,NA,NA,NA,NA,-589.24011,958.39063,-1344.61316,NA,NA,NA,-496.75595,762.66785,-1189.52319,NA,NA,NA,-360.22595,856.40741,-1303.21313,NA,NA,NA,NA,NA,NA,-422.52747,423.9472,-1308.26575,NA,NA,NA,NA,NA,NA
1082,10.81,NA,NA,NA,NA,NA,NA,NA,NA,NA,NA,NA,NA,NA,NA,NA,NA,NA,NA,NA,NA,NA,NA,NA,NA,NA,NA,NA,-586.09894,959.01434,-1353.46863,NA,NA,NA,-504.76315,760.66241,-1195.63879,NA,NA,NA,-359.67032,856.38995,-1308.36743,NA,NA,NA,NA,NA,NA,-421.80954,426.14661,-1308.09253,NA,NA,NA,NA,NA,NA
1083,10.82,NA,NA,NA,NA,NA,NA,NA,NA,NA,NA,NA,NA,NA,NA,NA,NA,NA,NA,NA,NA,NA,NA,NA,NA,NA,NA,NA,-583.76874,958.86615,-1359.59155,NA,NA,NA,-513.10657,758.97211,-1201.11707,NA,NA,NA,-360.41266,856.82532,-1310.16736,NA,NA,NA,NA,NA,NA,-421.9126,427.73581,-1310.80493,NA,NA,NA,NA,NA,NA
1084,10.83,NA,NA,NA,NA,NA,NA,NA,NA,NA,NA,NA,NA,NA,NA,NA,NA,NA,NA,NA,NA,NA,NA,NA,NA,NA,NA,NA,-580.55133,958.93152,-1366.62866,NA,NA,NA,-521.40692,758.20392,-1206.82251,NA,NA,NA,-361.74652,857.20148,-1315.13354,NA,NA,NA,NA,NA,NA,-420.9205,429.80573,-1311.02893,NA,NA,NA,NA,NA,NA
1085,10.84,NA,NA,NA,NA,NA,NA,NA,NA,NA,NA,NA,NA,NA,NA,NA,NA,NA,NA,NA,NA,NA,NA,NA,NA,NA,NA,NA,-577.74298,960.15869,-1375.27551,NA,NA,NA,-529.07776,757.88934,-1210.52637,NA,NA,NA,-363.10895,855.60382,-1322.22375,NA,NA,NA,NA,NA,NA,-419.46454,432.37863,-1313.875,NA,NA,NA,NA,NA,NA
1086,10.85,NA,NA,NA,NA,NA,NA,NA,NA,NA,NA,NA,NA,NA,NA,NA,NA,NA,NA,NA,NA,NA,NA,NA,NA,NA,NA,NA,-575.67645,959.41541,-1379.40662,NA,NA,NA,-538.25775,757.67438,-1216.43054,NA,NA,NA,-363.69504,855.0141,-1325.29285,NA,NA,NA,NA,NA,NA,-418.30185,435.1424,-1315.91736,NA,NA,NA,NA,NA,NA
1087,10.86,NA,NA,NA,NA,NA,NA,NA,NA,NA,NA,NA,NA,NA,NA,NA,NA,NA,NA,NA,NA,NA,NA,NA,NA,NA,NA,NA,-573.2865,958.91986,-1384.12622,NA,NA,NA,-546.16394,755.20288,-1229.90796,NA,NA,NA,-364.32278,854.41846,-1328.58606,NA,NA,NA,NA,NA,NA,-416.85443,436.03052,-1321.0907,NA,NA,NA,NA,NA,NA
1088,10.87,NA,NA,NA,NA,NA,NA,NA,NA,NA,NA,NA,NA,NA,NA,NA,NA,NA,NA,NA,NA,NA,NA,NA,NA,NA,NA,NA,-571.14325,960.14471,-1391.09106,NA,NA,NA,-555.91248,756.50507,-1233.5188,NA,NA,NA,-366.82657,854.5658,-1331.22974,NA,NA,NA,NA,NA,NA,-415.23056,438.74545,-1323.43005,NA,NA,NA,NA,NA,NA
1089,10.88,NA,NA,NA,NA,NA,NA,NA,NA,NA,NA,NA,NA,NA,NA,NA,NA,NA,NA,NA,NA,NA,NA,NA,NA,NA,NA,NA,-569.76801,960.59003,-1395.70361,NA,NA,NA,-563.71185,757.09692,-1240.50159,NA,NA,NA,-368.92514,853.0976,-1336.09863,NA,NA,NA,NA,NA,NA,-414.29898,443.26434,-1322.85291,NA,NA,NA,NA,NA,NA
1090,10.89,NA,NA,NA,NA,NA,NA,NA,NA,NA,NA,NA,NA,NA,NA,NA,NA,NA,NA,NA,NA,NA,NA,NA,NA,NA,NA,NA,-568.67688,960.73279,-1398.75525,NA,NA,NA,-571.26422,754.49792,-1253.49329,NA,NA,NA,-370.70688,855.50055,-1334.32922,NA,NA,NA,NA,NA,NA,-413.25186,444.11865,-1327.2384,NA,NA,NA,NA,NA,NA
1091,10.9,NA,NA,NA,NA,NA,NA,NA,NA,NA,NA,NA,NA,NA,NA,NA,NA,NA,NA,NA,NA,NA,NA,NA,NA,NA,NA,NA,-568.19043,963.60284,-1406.24731,NA,NA,NA,-578.56128,754.90613,-1265.97546,NA,NA,NA,-371.85379,855.64673,-1337.48047,NA,NA,NA,NA,NA,NA,-412.26843,446.34531,-1328.83728,NA,NA,NA,NA,NA,NA
1092,10.91,NA,NA,NA,NA,NA,NA,NA,NA,NA,NA,NA,NA,NA,NA,NA,NA,NA,NA,NA,NA,NA,NA,NA,NA,NA,NA,NA,-567.80804,963.45532,-1408.16443,NA,NA,NA,-586.96747,755.62427,-1273.54785,NA,NA,NA,-373.45828,853.7616,-1345.78503,NA,NA,NA,NA,NA,NA,-411.73688,447.38593,-1330.68201,NA,NA,NA,NA,NA,NA
1093,10.92,NA,NA,NA,NA,NA,NA,NA,NA,NA,NA,NA,NA,NA,NA,NA,NA,NA,NA,NA,NA,NA,NA,NA,NA,NA,NA,NA,-567.33032,964.81195,-1412.67908,NA,NA,NA,-594.27643,755.71191,-1281.98169,NA,NA,NA,-374.75766,853.63177,-1349.69958,NA,NA,NA,NA,NA,NA,-412.35159,448.68765,-1331.13208,NA,NA,NA,NA,NA,NA
1094,10.93,NA,NA,NA,NA,NA,NA,NA,NA,NA,NA,NA,NA,NA,NA,NA,NA,NA,NA,NA,NA,NA,NA,NA,NA,NA,NA,NA,-567.74969,965.80896,-1416.06201,NA,NA,NA,-599.48431,760.30908,-1280.15027,NA,NA,NA,-375.3093,853.81061,-1353.15491,NA,NA,NA,NA,NA,NA,-412.27463,447.46872,-1336.51404,NA,NA,NA,NA,NA,NA
1095,10.94,NA,NA,NA,NA,NA,NA,NA,NA,NA,NA,NA,NA,NA,NA,NA,NA,NA,NA,NA,NA,NA,NA,NA,NA,NA,NA,NA,-568.86041,967.6853,-1421.08789,NA,NA,NA,-606.50983,761.56274,-1288.62927,NA,NA,NA,-377.33151,855.2594,-1352.03162,NA,NA,NA,NA,NA,NA,-413.93216,446.59335,-1339.66943,NA,NA,NA,NA,NA,NA
1096,10.95,NA,NA,NA,NA,NA,NA,NA,NA,NA,NA,NA,NA,NA,NA,NA,NA,NA,NA,NA,NA,NA,NA,NA,NA,NA,NA,NA,-571.27063,967.00342,-1435.34216,NA,NA,NA,-612.47864,763.29932,-1298.56372,NA,NA,NA,-378.17596,854.29846,-1356.39868,NA,NA,NA,NA,NA,NA,-416.28448,443.99011,-1346.84229,NA,NA,NA,NA,NA,NA
1097,10.96,NA,NA,NA,NA,NA,NA,NA,NA,NA,NA,NA,NA,NA,NA,NA,NA,NA,NA,NA,NA,NA,NA,NA,NA,NA,NA,NA,-571.29987,970.42999,-1430.39685,NA,NA,NA,-618.9707,763.1687,-1304.86633,NA,NA,NA,-379.8425,856.57941,-1357.73254,NA,NA,NA,NA,NA,NA,-417.06085,442.64487,-1351.3905,NA,NA,NA,NA,NA,NA
1098,10.97,NA,NA,NA,NA,NA,NA,NA,NA,NA,NA,NA,NA,NA,NA,NA,NA,NA,NA,NA,NA,NA,NA,NA,NA,NA,NA,NA,-574.00378,970.2027,-1434.75928,NA,NA,NA,-624.14087,764.59851,-1314.06567,NA,NA,NA,-380.59363,857.34113,-1359.61426,NA,NA,NA,NA,NA,NA,-417.63229,442.78357,-1356.07629,NA,NA,NA,NA,NA,NA
1099,10.98,NA,NA,NA,NA,NA,NA,NA,NA,NA,NA,NA,NA,NA,NA,NA,NA,NA,NA,NA,NA,NA,NA,NA,NA,NA,NA,NA,-573.73688,974.02649,-1442.58752,NA,NA,NA,-629.76978,765.36633,-1321.68372,NA,NA,NA,-380.86252,857.91541,-1362.56763,NA,NA,NA,NA,NA,NA,-420.37393,440.6279,-1364.24963,NA,NA,NA,NA,NA,NA
1100,10.99,NA,NA,NA,NA,NA,NA,NA,NA,NA,NA,NA,NA,NA,NA,NA,NA,NA,NA,NA,NA,NA,NA,NA,NA,NA,NA,NA,-575.15082,974.38623,-1447.21375,NA,NA,NA,-634.89874,763.96265,-1339.41602,NA,NA,NA,-380.91135,858.38708,-1362.92529,NA,NA,NA,NA,NA,NA,-421.53552,439.03937,-1369.14575,NA,NA,NA,NA,NA,NA
1101,11,NA,NA,NA,NA,NA,NA,NA,NA,NA,NA,NA,NA,NA,NA,NA,NA,NA,NA,NA,NA,NA,NA,NA,NA,NA,NA,NA,-575.79126,974.82196,-1452.62292,NA,NA,NA,-639.69843,767.49548,-1339.54993,NA,NA,NA,-381.36716,859.65729,-1361.89172,NA,NA,NA,NA,NA,NA,-423.04254,436.76709,-1376.90247,NA,NA,NA,NA,NA,NA
1102,11.01,NA,NA,NA,NA,NA,NA,NA,NA,NA,NA,NA,NA,NA,NA,NA,NA,NA,NA,NA,NA,NA,NA,NA,NA,NA,NA,NA,-576.16895,977.05017,-1461.89026,NA,NA,NA,-643.7345,768.18329,-1348.5376,NA,NA,NA,-380.99304,859.56409,-1364.69519,NA,NA,NA,NA,NA,NA,-425.89404,434.19812,-1385.60913,NA,NA,NA,NA,NA,NA
1103,11.02,NA,NA,NA,NA,NA,NA,NA,NA,NA,NA,NA,NA,NA,NA,NA,NA,NA,NA,NA,NA,NA,NA,NA,NA,NA,NA,NA,-577.41785,978.85577,-1470.67542,NA,NA,NA,-648.27954,769.14063,-1356.80493,NA,NA,NA,-381.06522,859.68256,-1365.10718,NA,NA,NA,NA,NA,NA,-427.28592,431.87396,-1395.09827,NA,NA,NA,NA,NA,NA
1104,11.03,NA,NA,NA,NA,NA,NA,NA,NA,NA,NA,NA,NA,NA,NA,NA,NA,NA,NA,NA,NA,NA,NA,NA,NA,NA,NA,NA,-578.31793,979.06995,-1476.54944,NA,NA,NA,-651.91632,770.24127,-1366.90649,NA,NA,NA,-380.63248,860.77972,-1367.21387,NA,NA,NA,NA,NA,NA,-429.9776,424.57129,-1415.62366,NA,NA,NA,NA,NA,NA
1105,11.04,NA,NA,NA,NA,NA,NA,NA,NA,NA,NA,NA,NA,NA,NA,NA,NA,NA,NA,NA,NA,NA,NA,NA,NA,NA,NA,NA,-579.08844,978.69659,-1481.32141,NA,NA,NA,-655.62634,769.12604,-1373.43201,NA,NA,NA,-379.50241,859.59546,-1371.2002,NA,NA,NA,NA,NA,NA,-430.41379,423.78937,-1417.77686,NA,NA,NA,NA,NA,NA
1106,11.05,NA,NA,NA,NA,NA,NA,NA,NA,NA,NA,NA,NA,NA,NA,NA,NA,NA,NA,NA,NA,NA,NA,NA,NA,NA,NA,NA,-579.98474,979.09564,-1487.87134,NA,NA,NA,-658.94031,769.67743,-1382.30396,NA,NA,NA,-378.97537,858.90924,-1372.71436,NA,NA,NA,NA,NA,NA,-433.33453,418.93002,-1432.2854,NA,NA,NA,NA,NA,NA
1107,11.06,NA,NA,NA,NA,NA,NA,NA,NA,NA,NA,NA,NA,NA,NA,NA,NA,NA,NA,NA,NA,NA,NA,NA,NA,NA,NA,NA,-580.77429,980.36035,-1496.28296,NA,NA,NA,-662.12103,769.16266,-1390.79785,NA,NA,NA,-378.92441,858.96216,-1372.44946,NA,NA,NA,NA,NA,NA,-432.88965,416.5097,-1442.32056,NA,NA,NA,NA,NA,NA
1108,11.07,NA,NA,NA,NA,NA,NA,NA,NA,NA,NA,NA,NA,NA,NA,NA,NA,NA,NA,NA,NA,NA,NA,NA,NA,NA,NA,NA,-581.18079,980.96545,-1503.19727,NA,NA,NA,-664.57898,768.43341,-1398.31702,NA,NA,NA,-378.83466,859.02911,-1371.97742,NA,NA,NA,NA,NA,NA,-432.98419,414.6665,-1448.00781,NA,NA,NA,NA,NA,NA
1109,11.08,NA,NA,NA,NA,NA,NA,NA,NA,NA,NA,NA,NA,NA,NA,NA,NA,NA,NA,NA,NA,NA,NA,NA,NA,NA,NA,NA,-581.47229,980.72119,-1508.3916,NA,NA,NA,-666.67432,768.46655,-1408.40479,NA,NA,NA,-378.62894,858.19226,-1372.21228,NA,NA,NA,NA,NA,NA,-433.45935,409.85464,-1463.58972,NA,NA,NA,NA,NA,NA
1110,11.09,NA,NA,NA,NA,NA,NA,NA,NA,NA,NA,NA,NA,NA,NA,NA,NA,NA,NA,NA,NA,NA,NA,NA,NA,NA,NA,NA,-581.65076,980.20782,-1513.08569,NA,NA,NA,-668.71167,768.11926,-1417.28284,NA,NA,NA,-378.63733,858.05566,-1372.23071,NA,NA,NA,NA,NA,NA,-434.31586,406.90311,-1471.10632,NA,NA,NA,NA,NA,NA
1111,11.1,NA,NA,NA,NA,NA,NA,NA,NA,NA,NA,NA,NA,NA,NA,NA,NA,NA,NA,NA,NA,NA,NA,NA,NA,NA,NA,NA,-581.81323,979.63275,-1517.75452,NA,NA,NA,-670.95251,767.09149,-1424.86731,NA,NA,NA,-378.92059,857.41486,-1371.65356,NA,NA,NA,NA,NA,NA,-432.09875,406.22946,-1479.04053,NA,NA,NA,NA,NA,NA
1112,11.11,NA,NA,NA,NA,NA,NA,NA,NA,NA,NA,NA,NA,NA,NA,NA,NA,NA,NA,NA,NA,NA,NA,NA,NA,NA,NA,NA,-581.78247,979.24054,-1522.49158,NA,NA,NA,-672.36499,766.16437,-1433.60071,NA,NA,NA,-381.01294,859.64862,-1364.81909,NA,NA,NA,NA,NA,NA,-430.25955,407.51199,-1473.32373,NA,NA,NA,NA,NA,NA
1113,11.12,NA,NA,NA,NA,NA,NA,NA,NA,NA,NA,NA,NA,NA,NA,NA,NA,NA,NA,NA,NA,NA,NA,NA,NA,NA,NA,NA,-581.3999,979.09192,-1527.21985,NA,NA,NA,-672.49463,765.14728,-1442.14905,NA,NA,NA,-381.33472,860.05658,-1367.07263,NA,NA,NA,NA,NA,NA,-428.26056,406.98697,-1476.36011,NA,NA,NA,NA,NA,NA
1114,11.13,NA,NA,NA,NA,NA,NA,NA,NA,NA,NA,NA,NA,NA,NA,NA,NA,NA,NA,NA,NA,NA,NA,NA,NA,NA,NA,NA,-580.72455,979.57526,-1532.55542,NA,NA,NA,-672.30872,764.15662,-1450.42334,NA,NA,NA,-382.64285,860.57715,-1366.59412,NA,NA,NA,NA,NA,NA,-430.65942,408.21014,-1476.75317,NA,NA,NA,NA,NA,NA
1115,11.14,NA,NA,NA,NA,NA,NA,NA,NA,NA,NA,NA,NA,NA,NA,NA,NA,NA,NA,NA,NA,NA,NA,NA,NA,NA,NA,NA,-579.66223,980.48468,-1537.70276,NA,NA,NA,-672.93872,763.75049,-1458.8855,NA,NA,NA,-383.31894,859.96637,-1370.11267,NA,NA,NA,NA,NA,NA,-431.88412,409.48895,-1480.85583,NA,NA,NA,NA,NA,NA
1116,11.15,NA,NA,NA,NA,NA,NA,NA,NA,NA,NA,NA,NA,NA,NA,NA,NA,NA,NA,NA,NA,NA,NA,NA,NA,NA,NA,NA,-578.44891,981.51636,-1542.65564,NA,NA,NA,-672.97974,763.54865,-1467.30603,NA,NA,NA,-384.55902,861.82837,-1371.48083,NA,NA,NA,NA,NA,NA,-432.38977,412.21622,-1481.41333,NA,NA,NA,NA,NA,NA
1117,11.16,NA,NA,NA,NA,NA,NA,NA,NA,NA,NA,NA,NA,NA,NA,NA,NA,NA,NA,NA,NA,NA,NA,NA,NA,NA,NA,NA,-577.32507,981.76538,-1545.55957,NA,NA,NA,-670.98053,764.61481,-1478.67041,NA,NA,NA,-387.20914,864.06622,-1368.03552,NA,NA,NA,NA,NA,NA,-433.87881,414.98312,-1477.25598,NA,NA,NA,NA,NA,NA
1118,11.17,NA,NA,NA,NA,NA,NA,NA,NA,NA,NA,NA,NA,NA,NA,NA,NA,NA,NA,NA,NA,NA,NA,NA,NA,NA,NA,NA,NA,NA,NA,NA,NA,NA,-669.92358,764.21527,-1486.20947,NA,NA,NA,-388.08176,864.91669,-1369.15759,NA,NA,NA,NA,NA,NA,-435.55591,417.29053,-1478.33777,NA,NA,NA,NA,NA,NA
1119,11.18,NA,NA,NA,NA,NA,NA,NA,NA,NA,NA,NA,NA,NA,NA,NA,NA,NA,NA,NA,NA,NA,NA,NA,NA,NA,NA,NA,NA,NA,NA,NA,NA,NA,-668.80292,763.11981,-1492.45459,NA,NA,NA,-388.80627,866.2981,-1370.974,NA,NA,NA,NA,NA,NA,-437.21844,414.84232,-1486.7157,NA,NA,NA,NA,NA,NA
1120,11.19,NA,NA,NA,NA,NA,NA,NA,NA,NA,NA,NA,NA,NA,NA,NA,NA,NA,NA,NA,NA,NA,NA,NA,NA,NA,NA,NA,NA,NA,NA,NA,NA,NA,-667.35571,762.10406,-1498.66577,NA,NA,NA,-389.30225,866.15845,-1373.60583,NA,NA,NA,NA,NA,NA,-438.5228,414.27521,-1491.16565,NA,NA,NA,NA,NA,NA
1121,11.2,NA,NA,NA,NA,NA,NA,NA,NA,NA,NA,NA,NA,NA,NA,NA,NA,NA,NA,NA,NA,NA,NA,NA,NA,NA,NA,NA,NA,NA,NA,NA,NA,NA,-665.76062,761.32037,-1505.00317,NA,NA,NA,-389.92938,867.53412,-1379.13538,NA,NA,NA,NA,NA,NA,-439.12033,415.56128,-1492.18164,NA,NA,NA,NA,NA,NA
1122,11.21,NA,NA,NA,NA,NA,NA,NA,NA,NA,NA,NA,NA,NA,NA,NA,NA,NA,NA,NA,NA,NA,NA,NA,NA,NA,NA,NA,NA,NA,NA,NA,NA,NA,-663.87091,760.64081,-1511.27771,NA,NA,NA,-392.50473,869.25958,-1374.81799,NA,NA,NA,NA,NA,NA,-439.28418,415.34775,-1493.01379,NA,NA,NA,NA,NA,NA
1123,11.22,NA,NA,NA,NA,NA,NA,NA,NA,NA,NA,NA,NA,NA,NA,NA,NA,NA,NA,NA,NA,NA,NA,NA,NA,NA,NA,NA,NA,NA,NA,NA,NA,NA,-661.96301,759.41534,-1516.69739,NA,NA,NA,-392.82065,868.73566,-1376.40356,NA,NA,NA,NA,NA,NA,-439.42401,415.11429,-1493.71143,NA,NA,NA,NA,NA,NA
1124,11.23,NA,NA,NA,NA,NA,NA,NA,NA,NA,NA,NA,NA,NA,NA,NA,NA,NA,NA,NA,NA,NA,NA,NA,NA,NA,NA,NA,NA,NA,NA,NA,NA,NA,-659.89417,757.72363,-1521.44275,NA,NA,NA,-393.08148,868.27325,-1377.70654,NA,NA,NA,NA,NA,NA,-439.07635,413.89789,-1495.46912,NA,NA,NA,NA,NA,NA
1125,11.24,NA,NA,NA,NA,NA,NA,NA,NA,NA,NA,NA,NA,NA,NA,NA,NA,NA,NA,NA,NA,NA,NA,NA,NA,NA,NA,NA,NA,NA,NA,NA,NA,NA,-657.70068,755.7063,-1525.82422,NA,NA,NA,NA,NA,NA,NA,NA,NA,NA,NA,NA,-439.07001,413.93265,-1495.44336,NA,NA,NA,NA,NA,NA
1126,11.25,NA,NA,NA,NA,NA,NA,NA,NA,NA,NA,NA,NA,NA,NA,NA,NA,NA,NA,NA,NA,NA,NA,NA,NA,NA,NA,NA,NA,NA,NA,NA,NA,NA,-655.27069,754.27643,-1530.59082,NA,NA,NA,NA,NA,NA,NA,NA,NA,NA,NA,NA,-436.85068,411.1727,-1504.47119,NA,NA,NA,NA,NA,NA
1127,11.26,NA,NA,NA,NA,NA,NA,NA,NA,NA,NA,NA,NA,NA,NA,NA,NA,NA,NA,NA,NA,NA,NA,NA,NA,NA,NA,NA,NA,NA,NA,NA,NA,NA,-652.61841,752.42615,-1534.4425,NA,NA,NA,NA,NA,NA,NA,NA,NA,NA,NA,NA,-435.64401,410.03577,-1507.94238,NA,NA,NA,NA,NA,NA
1128,11.27,NA,NA,NA,NA,NA,NA,NA,NA,NA,NA,NA,NA,NA,NA,NA,NA,NA,NA,NA,NA,NA,NA,NA,NA,NA,NA,NA,NA,NA,NA,NA,NA,NA,-649.79858,750.14825,-1537.29553,NA,NA,NA,NA,NA,NA,NA,NA,NA,NA,NA,NA,-435.34311,411.3049,-1507.49841,NA,NA,NA,NA,NA,NA
1129,11.28,NA,NA,NA,NA,NA,NA,NA,NA,NA,NA,NA,NA,NA,NA,NA,NA,NA,NA,NA,NA,NA,NA,NA,NA,NA,NA,NA,NA,NA,NA,NA,NA,NA,NA,NA,NA,NA,NA,NA,NA,NA,NA,NA,NA,NA,NA,NA,NA,-435.12561,411.94559,-1506.47424,NA,NA,NA,NA,NA,NA
1130,11.29,NA,NA,NA,NA,NA,NA,NA,NA,NA,NA,NA,NA,NA,NA,NA,NA,NA,NA,NA,NA,NA,NA,NA,NA,NA,NA,NA,NA,NA,NA,NA,NA,NA,NA,NA,NA,NA,NA,NA,NA,NA,NA,NA,NA,NA,NA,NA,NA,-433.61853,411.11075,-1512.328,NA,NA,NA,NA,NA,NA
1131,11.3,NA,NA,NA,NA,NA,NA,NA,NA,NA,NA,NA,NA,NA,NA,NA,NA,NA,NA,NA,NA,NA,NA,NA,NA,NA,NA,NA,NA,NA,NA,NA,NA,NA,NA,NA,NA,NA,NA,NA,NA,NA,NA,NA,NA,NA,NA,NA,NA,-433.09933,410.78564,-1514.55457,NA,NA,NA,NA,NA,NA
1132,11.31,NA,NA,NA,NA,NA,NA,NA,NA,NA,NA,NA,NA,NA,NA,NA,NA,NA,NA,NA,NA,NA,NA,NA,NA,NA,NA,NA,NA,NA,NA,NA,NA,NA,NA,NA,NA,NA,NA,NA,NA,NA,NA,NA,NA,NA,NA,NA,NA,-433.21417,410.81659,-1515.1853,NA,NA,NA,NA,NA,NA
1133,11.32,NA,NA,NA,NA,NA,NA,NA,NA,NA,NA,NA,NA,NA,NA,NA,NA,NA,NA,NA,NA,NA,NA,NA,NA,NA,NA,NA,NA,NA,NA,NA,NA,NA,NA,NA,NA,NA,NA,NA,NA,NA,NA,NA,NA,NA,NA,NA,NA,-433.3989,410.69565,-1516.15869,NA,NA,NA,NA,NA,NA
1134,11.33,NA,NA,NA,NA,NA,NA,NA,NA,NA,NA,NA,NA,NA,NA,NA,NA,NA,NA,NA,NA,NA,NA,NA,NA,NA,NA,NA,NA,NA,NA,NA,NA,NA,NA,NA,NA,NA,NA,NA,NA,NA,NA,NA,NA,NA,NA,NA,NA,-434.11142,411.06586,-1514.99011,NA,NA,NA,NA,NA,NA
1135,11.34,NA,NA,NA,NA,NA,NA,NA,NA,NA,NA,NA,NA,NA,NA,NA,NA,NA,NA,NA,NA,NA,NA,NA,NA,NA,NA,NA,NA,NA,NA,NA,NA,NA,NA,NA,NA,NA,NA,NA,NA,NA,NA,NA,NA,NA,NA,NA,NA,-434.81064,411.85599,-1513.27209,NA,NA,NA,NA,NA,NA
1136,11.35,NA,NA,NA,NA,NA,NA,NA,NA,NA,NA,NA,NA,NA,NA,NA,NA,NA,NA,NA,NA,NA,NA,NA,NA,NA,NA,NA,NA,NA,NA,NA,NA,NA,NA,NA,NA,NA,NA,NA,NA,NA,NA,NA,NA,NA,NA,NA,NA,-435.0744,411.34424,-1514.57983,NA,NA,NA,NA,NA,NA
1137,11.36,NA,NA,NA,NA,NA,NA,NA,NA,NA,NA,NA,NA,NA,NA,NA,NA,NA,NA,NA,NA,NA,NA,NA,NA,NA,NA,NA,NA,NA,NA,NA,NA,NA,NA,NA,NA,NA,NA,NA,NA,NA,NA,NA,NA,NA,NA,NA,NA,-435.19672,411.02878,-1515.16785,NA,NA,NA,NA,NA,NA
1138,11.37,NA,NA,NA,NA,NA,NA,NA,NA,NA,NA,NA,NA,NA,NA,NA,NA,NA,NA,NA,NA,NA,NA,NA,NA,NA,NA,NA,NA,NA,NA,NA,NA,NA,NA,NA,NA,NA,NA,NA,NA,NA,NA,NA,NA,NA,NA,NA,NA,-435.11246,411.1601,-1514.74255,NA,NA,NA,NA,NA,NA
1139,11.38,NA,NA,NA,NA,NA,NA,NA,NA,NA,NA,NA,NA,NA,NA,NA,NA,NA,NA,NA,NA,NA,NA,NA,NA,NA,NA,NA,NA,NA,NA,NA,NA,NA,NA,NA,NA,NA,NA,NA,NA,NA,NA,NA,NA,NA,NA,NA,NA,-435.08139,411.16049,-1514.57422,NA,NA,NA,NA,NA,NA
1140,11.39,NA,NA,NA,NA,NA,NA,NA,NA,NA,NA,NA,NA,NA,NA,NA,NA,NA,NA,NA,NA,NA,NA,NA,NA,NA,NA,NA,NA,NA,NA,NA,NA,NA,NA,NA,NA,NA,NA,NA,NA,NA,NA,NA,NA,NA,NA,NA,NA,-435.37888,411.51111,-1511.73669,NA,NA,NA,NA,NA,NA
1141,11.4,NA,NA,NA,NA,NA,NA,NA,NA,NA,NA,NA,NA,NA,NA,NA,NA,NA,NA,NA,NA,NA,NA,NA,NA,NA,NA,NA,NA,NA,NA,NA,NA,NA,NA,NA,NA,NA,NA,NA,NA,NA,NA,NA,NA,NA,NA,NA,NA,-435.33255,411.48239,-1511.47913,NA,NA,NA,NA,NA,NA
1142,11.41,NA,NA,NA,NA,NA,NA,NA,NA,NA,NA,NA,NA,NA,NA,NA,NA,NA,NA,NA,NA,NA,NA,NA,NA,NA,NA,NA,NA,NA,NA,NA,NA,NA,NA,NA,NA,NA,NA,NA,NA,NA,NA,NA,NA,NA,NA,NA,NA,-435.30774,411.44202,-1511.33508,NA,NA,NA,NA,NA,NA
1143,11.42,NA,NA,NA,NA,NA,NA,NA,NA,NA,NA,NA,NA,NA,NA,NA,NA,NA,NA,NA,NA,NA,NA,NA,NA,NA,NA,NA,NA,NA,NA,NA,NA,NA,NA,NA,NA,NA,NA,NA,NA,NA,NA,NA,NA,NA,NA,NA,NA,-435.29413,411.36597,-1511.24329,NA,NA,NA,NA,NA,NA
1144,11.43,NA,NA,NA,NA,NA,NA,NA,NA,NA,NA,NA,NA,NA,NA,NA,NA,NA,NA,NA,NA,NA,NA,NA,NA,NA,NA,NA,NA,NA,NA,NA,NA,NA,NA,NA,NA,NA,NA,NA,NA,NA,NA,NA,NA,NA,NA,NA,NA,-435.73743,411.0687,-1509.57739,NA,NA,NA,NA,NA,NA
1145,11.44,NA,NA,NA,NA,NA,NA,NA,NA,NA,NA,NA,NA,NA,NA,NA,NA,NA,NA,NA,NA,NA,NA,NA,NA,NA,NA,NA,NA,NA,NA,NA,NA,NA,NA,NA,NA,NA,NA,NA,NA,NA,NA,NA,NA,NA,NA,NA,NA,-435.73514,410.89752,-1509.52429,NA,NA,NA,NA,NA,NA
1146,11.45,NA,NA,NA,NA,NA,NA,NA,NA,NA,NA,NA,NA,NA,NA,NA,NA,NA,NA,NA,NA,NA,NA,NA,NA,NA,NA,NA,NA,NA,NA,NA,NA,NA,NA,NA,NA,NA,NA,NA,NA,NA,NA,NA,NA,NA,NA,NA,NA,-435.83099,410.53009,-1509.95532,NA,NA,NA,NA,NA,NA
1147,11.46,NA,NA,NA,NA,NA,NA,NA,NA,NA,NA,NA,NA,NA,NA,NA,NA,NA,NA,NA,NA,NA,NA,NA,NA,NA,NA,NA,NA,NA,NA,NA,NA,NA,NA,NA,NA,NA,NA,NA,NA,NA,NA,NA,NA,NA,NA,NA,NA,-435.86084,410.31754,-1510.06543,NA,NA,NA,NA,NA,NA
1148,11.47,NA,NA,NA,NA,NA,NA,NA,NA,NA,NA,NA,NA,NA,NA,NA,NA,NA,NA,NA,NA,NA,NA,NA,NA,NA,NA,NA,NA,NA,NA,NA,NA,NA,NA,NA,NA,NA,NA,NA,NA,NA,NA,NA,NA,NA,NA,NA,NA,-435.89917,410.14594,-1510.23132,NA,NA,NA,NA,NA,NA
1149,11.48,NA,NA,NA,NA,NA,NA,NA,NA,NA,NA,NA,NA,NA,NA,NA,NA,NA,NA,NA,NA,NA,NA,NA,NA,NA,NA,NA,NA,NA,NA,NA,NA,NA,NA,NA,NA,NA,NA,NA,NA,NA,NA,NA,NA,NA,NA,NA,NA,-435.93414,410.00275,-1510.38599,NA,NA,NA,NA,NA,NA
1150,11.49,NA,NA,NA,NA,NA,NA,NA,NA,NA,NA,NA,NA,NA,NA,NA,NA,NA,NA,NA,NA,NA,NA,NA,NA,NA,NA,NA,NA,NA,NA,NA,NA,NA,NA,NA,NA,NA,NA,NA,NA,NA,NA,NA,NA,NA,NA,NA,NA,-436.0567,409.18628,-1509.97351,NA,NA,NA,NA,NA,NA
1151,11.5,NA,NA,NA,NA,NA,NA,NA,NA,NA,NA,NA,NA,NA,NA,NA,NA,NA,NA,NA,NA,NA,NA,NA,NA,NA,NA,NA,NA,NA,NA,NA,NA,NA,NA,NA,NA,NA,NA,NA,NA,NA,NA,NA,NA,NA,NA,NA,NA,-436.039,409.19989,-1509.88086,NA,NA,NA,NA,NA,NA
1152,11.51,NA,NA,NA,NA,NA,NA,NA,NA,NA,NA,NA,NA,NA,NA,NA,NA,NA,NA,NA,NA,NA,NA,NA,NA,NA,NA,NA,NA,NA,NA,NA,NA,NA,NA,NA,NA,NA,NA,NA,NA,NA,NA,NA,NA,NA,NA,NA,NA,-436.03311,409.20444,-1509.8501,NA,NA,NA,NA,NA,NA
1153,11.52,NA,NA,NA,NA,NA,NA,NA,NA,NA,NA,NA,NA,NA,NA,NA,NA,NA,NA,NA,NA,NA,NA,NA,NA,NA,NA,NA,NA,NA,NA,NA,NA,NA,NA,NA,NA,NA,NA,NA,NA,NA,NA,NA,NA,NA,NA,NA,NA,-436.02634,409.20963,-1509.81458,NA,NA,NA,NA,NA,NA
