Frame#,Time,Headset_Front,Headset_Front_X,Headset_Front_X_X,Headset_Back,Headset_Back_X,Headset_Back_X_X,Headset_Left,Headset_Left_X,Headset_Left_X_X,Headset_Right,Headset_Right_X,Headset_Right_X_X,Left_Shoulder,Left_Shoulder_X,Left_Shoulder_X_X,Right_Shoulder,Right_Shoulder_X,Right_Shoulder_X_X,Sternum,Sternum_X,Sternum_X_X,C7,C7_X,C7_X_X,Left Elbow,Left Elbow_X,Left Elbow_X_X,Right Elbow,Right Elbow_X,Right Elbow_X_X,Left Wrist,Left Wrist_X,Left Wrist_X_X,Right Wrist,Right Wrist_X,Right Wrist_X_X,Left ASIS,Left ASIS_X,Left ASIS_X_X,Right ASIS,Right ASIS_X,Right ASIS_X_X,S2,S2_X,S2_X_X,Left Knee,Left Knee_X,Left Knee_X_X,Right Knee,Right Knee_X,Right Knee_X_X,Left Ankle,Left Ankle_X,Left Ankle_X_X,Right Ankle,Right Ankle_X,Right Ankle_X_X,Right Ankle_X_X_X,Participant,TrialNum
NA,NA,X1,Y1,Z1,X2,Y2,Z2,X3,Y3,Z3,X4,Y4,Z4,X5,Y5,Z5,X6,Y6,Z6,X7,Y7,Z7,X8,Y8,Z8,X9,Y9,Z9,X10,Y10,Z10,X11,Y11,Z11,X12,Y12,Z12,X13,Y13,Z13,X14,Y14,Z14,X15,Y15,Z15,X16,Y16,Z16,X17,Y17,Z17,X18,Y18,Z18,X19,Y19,Z19,NA,P4,9
1,0,,,,,,,,,,,,,,,,,,,,,,,,,-99.08614,1129.97351,-1186.69116,,,,-182.18021,859.67426,-1046.77234,-688.22180,844.28735,-1316.72510,-257.80164,962.98828,-1188.59473,-572.61871,1008.37646,-1285.02124,,,,-217.77348,487.18579,-1176.42419,-614.61865,530.32721,-1247.74487,,,,,,,NA,P4,9
2,0.01,,,,,,,,,,,,,,,,,,,,,,,,,-104.79974,1132.08325,-1181.74438,,,,-187.47861,861.70789,-1041.28589,-694.85693,847.07074,-1305.76025,-262.49228,966.81927,-1175.17615,-577.10730,1008.66553,-1279.82263,,,,-227.97966,488.34952,-1159.64612,-615.84479,530.22119,-1246.28320,,,,,,,NA,P4,9
3,0.02,,,,-393.83826,1763.31238,-1261.07202,,,,,,,,,,,,,,,,,,,-110.35075,1132.92285,-1173.55786,,,,-193.19037,863.34430,-1034.81555,-701.05798,849.41235,-1295.58496,-269.46317,968.95776,-1174.22815,-582.60559,1009.44092,-1274.61621,,,,-240.42691,490.84564,-1141.46179,-617.01245,530.16156,-1244.09558,,,,,,,NA,P4,9
4,0.03,,,,-399.76129,1765.26501,-1254.14551,,,,,,,,,,,,,,,,,,,-115.54149,1134.18677,-1167.21741,,,,-198.52905,864.83191,-1028.93115,-707.47064,851.66736,-1282.42493,-274.93893,972.81512,-1160.37646,-586.88824,1010.38068,-1269.60986,,,,-251.14917,494.91138,-1123.07349,-617.08844,529.02271,-1241.53308,,,,,,,NA,P4,9
5,0.04,,,,-405.65189,1766.87500,-1246.33679,,,,,,,,,,,,,,,,,,,-121.22443,1136.02026,-1161.51611,,,,-203.65955,866.20740,-1023.63171,-713.39636,854.93829,-1271.72437,-280.31665,976.60077,-1149.86682,-592.90063,1011.25287,-1264.50879,,,,-264.32291,498.51309,-1104.97095,-618.89191,529.74475,-1239.32556,,,,,,,NA,P4,9
6,0.05,,,,-411.50647,1768.31714,-1239.09058,,,,,,,,,,,,,,,,,,,-126.30068,1138.05579,-1155.92322,,,,-208.21758,867.59637,-1017.72723,-719.24005,857.82288,-1259.99902,-285.76010,978.14520,-1149.47815,-597.00970,1011.30566,-1258.37146,,,,-275.95694,502.54965,-1088.48779,-619.89954,529.24493,-1237.56152,,,,,,,NA,P4,9
7,0.06,,,,-417.17694,1769.55408,-1230.74585,,,,,,,,,,,,,,,,,,,-131.56061,1140.22314,-1150.74048,,,,-212.70673,868.82227,-1011.50012,-724.43195,861.58490,-1247.69177,-290.05417,981.47052,-1138.99060,-602.54309,1012.77881,-1252.27942,,,,-289.66852,505.97940,-1070.38049,-620.93823,528.67456,-1235.75952,,,,,,,NA,P4,9
8,0.07,,,,-422.68057,1770.91016,-1223.55249,,,,,,,,,,-558.66815,1489.79553,-1297.36707,,,,,,,-136.01631,1140.58813,-1141.38965,,,,-217.32629,870.58392,-1006.21649,-731.33258,865.43256,-1235.66028,-293.66260,983.52057,-1131.43201,-607.86456,1013.23395,-1247.41992,,,,-301.86594,510.01874,-1054.48572,-621.95184,528.11945,-1233.45642,,,,,,,NA,P4,9
9,0.08,-406.74850,1535.22021,-1277.92554,-427.99716,1772.08716,-1216.02771,,,,,,,-545.58167,1604.85278,-999.25714,-563.83618,1491.34509,-1290.02795,,,,,,,-141.15375,1143.14185,-1137.48962,-696.80292,1145.14624,-1351.74084,-221.19022,872.03650,-1001.07800,-736.47632,869.45966,-1223.52905,-299.09753,985.77753,-1124.45886,-610.25940,1012.78729,-1242.00012,,,,-312.96695,515.38098,-1037.03198,-623.24689,527.42535,-1231.06274,-185.53378,202.02165,-1406.11316,,,,NA,P4,9
10,0.09,-411.88885,1536.64697,-1271.20691,-433.19992,1773.16919,-1208.34875,,,,,,,-546.37549,1626.38989,-1065.19373,-568.90253,1492.72510,-1282.93298,,,,,,,-146.08899,1145.04761,-1132.44202,-703.19434,1146.82849,-1343.74524,-224.97151,873.33789,-995.95422,-741.45129,872.37219,-1210.30334,-303.14780,988.17438,-1115.71411,-615.78186,1013.11304,-1236.80725,,,,-323.12323,521.36432,-1022.17084,-625.21722,527.72748,-1229.71436,-201.97745,196.75232,-1387.37939,,,,NA,P4,9
11,0.1,-416.99069,1537.68018,-1263.91357,-438.24658,1774.05469,-1200.58679,,,,,,,-551.02881,1627.35779,-1057.54053,-573.96033,1493.83594,-1274.83569,,,,,,,-150.68359,1146.49719,-1126.38977,-710.33533,1149.00439,-1335.61523,-229.19666,874.10077,-989.89929,-746.15668,875.52118,-1197.94873,-307.26013,990.58221,-1109.15869,-619.69897,1013.40686,-1230.38135,,,,-335.37091,526.85620,-1007.13495,-626.66693,526.89972,-1227.55408,-219.69954,189.44385,-1367.52380,,,,NA,P4,9
12,0.11,-421.96429,1538.67065,-1257.00623,-443.22141,1774.84387,-1193.64514,,,,,,,-555.57330,1628.33582,-1049.33997,-578.96631,1494.87109,-1267.13025,,,,,,,-154.50468,1147.82996,-1120.44934,-715.31787,1150.05359,-1327.33752,-233.29733,874.48010,-984.92181,-751.14825,879.13428,-1186.06079,-312.38663,992.86597,-1102.19470,-623.87457,1013.49585,-1224.82556,,,,-345.95551,530.79620,-993.86139,-628.51587,526.36304,-1224.68494,-236.77087,182.26265,-1346.07751,,,,NA,P4,9
13,0.12,-426.81018,1539.59631,-1249.57373,-447.94693,1775.34521,-1185.93848,,,,,,,-559.93439,1629.09387,-1041.49463,-583.75970,1495.81714,-1259.34753,,,,,,,-158.77547,1148.42969,-1113.82178,-722.11194,1151.55908,-1319.16101,-236.69028,875.10840,-979.06152,-756.09540,882.75671,-1173.38513,-317.31281,994.58325,-1094.86792,-628.52051,1013.84027,-1219.07690,,,,-353.62875,536.77893,-980.37408,-630.36646,525.61255,-1222.25452,-254.79637,173.86710,-1325.30713,,,,NA,P4,9
14,0.13,-431.61591,1540.15466,-1241.90588,-452.56830,1775.84021,-1178.78174,,,,,,,-564.26660,1629.66895,-1033.91309,-588.50128,1496.51941,-1251.82617,,,,,,,-162.89886,1149.18762,-1108.06677,-727.13660,1151.93079,-1310.15735,-240.31712,875.46082,-973.61481,-761.17767,886.76282,-1159.43787,-320.89886,996.25055,-1088.16675,-633.58844,1013.93781,-1212.57410,,,,-362.22092,540.89093,-967.64166,-632.56299,525.27301,-1219.73425,-274.49454,164.94188,-1301.91882,,,,NA,P4,9
15,0.14,-436.21939,1540.75586,-1234.38806,-456.97696,1776.13733,-1171.11316,,,,,,,-568.40289,1630.30652,-1026.19238,-593.17078,1497.34082,-1244.45215,-474.98309,1424.68604,-1090.56567,,,,-166.55637,1149.72693,-1101.68604,-733.33563,1152.90234,-1301.14807,-243.35710,875.09326,-968.54803,-766.10632,889.66772,-1146.31824,-325.90994,998.06122,-1079.90991,-636.93585,1013.76068,-1205.97290,,,,-370.69623,545.24780,-956.00360,-633.59784,524.31354,-1217.25867,-292.35806,155.63744,-1279.11914,,,,NA,P4,9
16,0.15,-440.77158,1540.79724,-1226.16541,-461.30267,1776.33606,-1163.80908,,,,,,,-572.49951,1630.67078,-1018.05310,-597.67456,1497.75488,-1235.90723,-479.51862,1424.77795,-1083.38611,,,,-170.08060,1150.19604,-1095.93811,-738.16144,1153.46472,-1293.04199,-246.54111,875.40942,-963.45911,-770.22742,892.37769,-1132.53381,-331.46286,998.30878,-1074.60474,-640.91852,1013.33484,-1197.10217,,,,-378.15915,549.65503,-944.30090,-635.07166,523.91266,-1215.03015,-310.85867,144.38307,-1255.33496,,,,NA,P4,9
17,0.16,-445.22321,1541.04504,-1219.10803,-465.54163,1776.25159,-1156.30664,,,,,,,-576.35571,1631.23975,-1009.86737,-602.22046,1497.88123,-1228.00562,-483.21689,1424.54480,-1074.68713,,,,-173.88780,1150.13782,-1089.12012,-743.62872,1154.15527,-1283.84705,-249.98790,874.68219,-957.53589,-775.60059,896.23657,-1120.83667,-335.48010,999.64355,-1066.62830,-645.44281,1013.55145,-1189.68872,,,,-385.36935,552.14520,-934.07397,-637.59229,523.58142,-1212.35144,-330.10196,135.30817,-1232.24341,,,,NA,P4,9
18,0.17,-449.59598,1540.96082,-1211.18567,-469.53101,1776.30225,-1148.96997,,,,,,,-580.15527,1631.46387,-1002.40192,-606.61243,1497.90295,-1219.96826,-486.96466,1423.93701,-1066.01135,,,,-177.57755,1149.80823,-1082.62292,-749.46259,1154.68896,-1274.69055,-252.78055,873.91998,-952.16956,-779.15704,898.47687,-1106.29456,-339.66324,998.54285,-1059.77087,-648.94537,1010.54468,-1188.54321,,,,-392.52344,555.14197,-922.72089,-638.40106,523.69177,-1210.24976,-346.27521,125.91136,-1206.15845,,,,NA,P4,9
19,0.18,-453.77850,1540.81311,-1203.27161,-473.51843,1776.10559,-1141.90820,,,,,,,-583.81842,1631.41077,-993.73639,-610.89374,1497.94153,-1211.85913,-490.78934,1423.70581,-1058.97229,,,,-181.16968,1149.65735,-1076.60437,-753.66528,1154.10632,-1265.19751,-255.97864,873.18323,-946.36255,-783.62976,900.85571,-1093.47766,-343.90662,1000.49152,-1049.47461,-652.39154,1012.29199,-1177.79138,,,,-398.87131,557.90009,-913.20184,-639.87671,523.01270,-1207.33997,-365.93939,115.15728,-1180.30945,,,,NA,P4,9
20,0.19,-457.82571,1540.76611,-1195.45496,-477.35480,1775.60278,-1133.97998,,,,,,,-587.25946,1631.65088,-985.99731,-615.06958,1497.78748,-1203.73975,-496.66199,1424.62927,-1051.71887,,,,-184.69604,1148.96729,-1069.37048,-758.70941,1154.43994,-1255.33081,-258.48505,871.96222,-940.73676,-786.83014,903.72772,-1081.30408,-348.68240,1000.15631,-1044.27905,-657.77258,1010.50842,-1173.41980,,,,-405.37265,559.61664,-903.89978,-641.67157,521.91656,-1204.39832,-381.75916,105.04559,-1151.74866,,,,NA,P4,9
21,0.2,-461.94971,1540.20532,-1187.59778,-480.96542,1775.32764,-1126.33228,,,,,,,-590.69385,1631.47595,-978.00012,-619.08795,1497.59680,-1195.35681,-499.37048,1423.88892,-1043.80884,,,,-187.87250,1148.99854,-1064.37585,-763.79913,1154.43604,-1246.03186,-260.66998,871.00580,-934.32269,-791.82819,906.13428,-1067.48914,-350.91336,1001.40326,-1033.37817,-661.88507,1010.39136,-1163.29065,,,,-410.53555,560.84918,-894.94928,-643.04382,521.44635,-1201.21985,-398.15784,95.90860,-1125.07178,,,,NA,P4,9
22,0.21,-465.80035,1539.71057,-1179.61694,-484.48514,1774.88782,-1118.52075,,,,,,,-593.95044,1631.32813,-969.50867,-623.20990,1497.04736,-1187.20398,-503.23569,1423.57324,-1035.75342,,,,-191.35719,1147.38904,-1055.30212,-767.73181,1153.44397,-1235.74353,-263.31000,869.61584,-929.04755,-795.48889,907.77448,-1055.15503,-354.59174,1000.61731,-1026.80896,-665.01117,1009.02124,-1158.04529,,,,-415.41318,562.10748,-886.54193,-644.39276,521.35168,-1198.76379,-415.98810,86.75985,-1095.63953,,,,NA,P4,9
23,0.22,-469.56787,1539.49011,-1171.72559,-487.97012,1774.19019,-1110.87451,,,,,,,-597.12506,1631.07300,-960.92889,-626.94348,1496.83496,-1178.55237,-505.67896,1421.90747,-1026.46619,,,,-194.59589,1147.21887,-1049.72461,-771.91241,1153.33630,-1226.01587,-265.56540,869.20703,-924.14703,-798.16827,909.92883,-1042.70105,-358.72293,999.29614,-1019.34509,-669.12421,1008.57269,-1146.86865,,,,-420.73541,562.09814,-878.56641,-646.14160,520.31091,-1196.05078,-432.83020,76.85311,-1066.62537,,,,NA,P4,9
24,0.23,-473.31076,1538.62109,-1163.52332,-491.31396,1773.30042,-1102.92114,,,,,,,-600.17090,1630.84424,-952.73297,-630.76776,1496.05347,-1169.79773,-509.64398,1421.80969,-1018.40704,,,,-197.97197,1146.08972,-1042.72253,-776.26929,1152.82361,-1216.22766,-267.97891,866.92395,-917.05579,-802.39661,911.75995,-1029.53406,-362.89545,998.92975,-1011.39679,-673.04474,1007.00641,-1142.60364,,,,-425.86667,561.03687,-870.30139,-647.46338,519.30890,-1192.79028,-446.63361,69.13929,-1036.00745,,,,NA,P4,9
25,0.24,-476.83862,1537.45044,-1154.80029,-494.43832,1772.70667,-1094.62146,,,,,,,-603.15704,1630.16809,-943.77765,-634.37219,1495.24915,-1161.40710,-514.38464,1421.68738,-1011.14319,,,,-201.31590,1145.84290,-1037.61084,-780.39130,1152.34424,-1206.03137,-269.95358,865.15289,-909.63574,-805.48297,913.55884,-1016.18030,-366.37512,998.10693,-1002.63544,-678.02844,1005.77380,-1133.67029,,,,-429.79028,560.85791,-862.99585,-648.77234,518.72870,-1189.66589,-462.87735,60.64603,-1005.96008,,,,NA,P4,9
26,0.25,-480.19476,1537.18054,-1147.15222,-497.51093,1771.74634,-1086.88513,,,,,,,-605.89618,1629.62134,-935.43768,-637.85364,1494.68738,-1152.47986,-517.40015,1420.86353,-1002.51099,,,,-204.31633,1144.04004,-1029.59521,-784.44324,1151.52197,-1195.38843,-272.15295,863.60663,-904.21667,-808.09387,914.87445,-1002.78571,-370.45331,997.14508,-995.90076,-682.17810,1004.87146,-1120.23608,,,,-434.09592,559.52972,-856.40808,-650.62994,517.83496,-1186.03284,-476.79074,53.44753,-973.10333,,,,NA,P4,9
27,0.26,-483.65903,1535.74121,-1138.21521,-500.41422,1770.73926,-1078.99451,,,,,,,-608.60852,1628.94397,-927.04175,-641.32678,1493.78479,-1143.37866,-518.66022,1419.08740,-993.56116,,,,-207.07640,1143.24829,-1023.55157,-788.29156,1150.78601,-1185.42346,-274.07870,862.10522,-898.92419,-810.86328,916.36896,-989.36060,-374.45560,995.57281,-988.23523,-685.59399,1004.12299,-1112.28149,,,,-438.54977,557.61133,-850.20776,-652.46838,517.30060,-1182.26855,-491.65808,46.68180,-943.14026,,,,NA,P4,9
28,0.27,-486.79184,1534.77332,-1129.97705,-503.30197,1769.52161,-1070.46765,,,,,,,-611.06165,1628.46423,-918.14148,-644.67371,1492.55579,-1134.32947,-522.59680,1418.87012,-984.97168,,,,-210.45042,1141.44434,-1015.30066,-791.25171,1149.45728,-1174.13989,-275.56900,860.82770,-892.26947,-813.81708,916.81952,-976.92969,-378.02924,994.57880,-978.80841,-688.60815,1001.92023,-1102.07532,,,,-441.23267,555.28253,-842.76941,-654.05475,516.45599,-1178.51672,-503.56030,41.45648,-911.08362,,,,NA,P4,9
29,0.28,-489.93030,1533.35620,-1121.27075,-505.97971,1768.31042,-1062.66528,,,,,,,-613.59387,1627.60925,-909.41785,-647.78046,1491.77795,-1125.56262,-525.17059,1416.85437,-976.07709,,,,-213.19653,1140.12610,-1008.68506,-794.71222,1148.18079,-1163.09570,-277.49829,858.09564,-885.36249,-816.40393,917.83484,-963.62177,-382.65900,993.24493,-969.59851,-692.49847,999.66919,-1096.61621,,,,-445.05939,552.32074,-836.33563,-655.82483,515.21277,-1173.57178,-514.75909,37.63345,-878.96606,,,,NA,P4,9
30,0.29,-492.87900,1531.88635,-1112.53967,-508.54276,1766.80615,-1053.73999,,,,,,,-615.90808,1626.59180,-900.61237,-650.90619,1490.56665,-1115.99988,-527.42474,1415.89832,-966.28717,,,,-215.45070,1138.35339,-1001.52338,-798.19519,1147.02856,-1152.63611,-279.50562,856.75177,-878.92755,-818.98700,918.80560,-951.52216,-384.94171,991.65436,-960.54248,-697.61731,997.26801,-1088.70544,,,,-449.22195,548.96149,-830.95294,-657.43005,514.56573,-1169.70227,-524.36212,34.65055,-847.22620,,,,NA,P4,9
31,0.3,-495.82693,1530.23779,-1103.74036,-510.95389,1765.43091,-1046.25586,,,,,,,-618.13867,1625.50232,-891.59460,-654.04761,1489.21570,-1106.94470,-530.90240,1415.18799,-958.60742,,,,-218.28560,1136.72253,-995.06226,-801.30280,1146.16443,-1141.91467,-281.30658,854.16003,-871.84503,-820.75769,918.64368,-938.63177,-388.77457,989.92737,-951.63489,-700.97748,996.51379,-1078.40540,,,,-452.33151,544.45905,-825.67902,-658.88574,513.88300,-1165.08716,-534.45538,32.33258,-816.22449,,,,NA,P4,9
32,0.31,-498.53311,1528.74487,-1095.08618,-513.38049,1763.37097,-1037.82898,,,,,,,-620.26404,1624.40149,-882.92432,-656.88373,1487.88159,-1097.12988,-533.66772,1413.28528,-948.51074,,,,-220.82286,1135.25317,-987.74963,-804.41766,1144.44910,-1130.95947,-283.14993,851.85492,-866.29706,-822.92645,919.50665,-926.02460,-392.99127,988.07794,-941.14093,-704.47955,993.95776,-1069.68201,,,,-457.03345,540.02740,-820.71600,-660.31006,512.64648,-1159.46021,-541.49072,31.56243,-785.97137,,,,NA,P4,9
33,0.32,-501.37140,1526.08484,-1085.00818,-515.58630,1761.49622,-1029.76941,,,,,,,-622.19568,1623.23694,-873.72791,-659.75317,1486.22058,-1087.85522,-535.43018,1411.31860,-939.23920,,,,-223.21657,1132.52747,-980.70825,-807.28717,1143.17493,-1120.02747,-285.01138,850.04010,-858.78979,-824.21320,918.25433,-912.12543,-396.72958,985.46619,-932.34082,-708.04291,992.56476,-1056.70178,,,,-461.19061,535.24872,-815.67059,-661.81073,511.71512,-1153.62390,-550.14636,32.52349,-757.69824,,,,NA,P4,9
34,0.33,-503.84094,1524.26892,-1076.25830,-517.70306,1759.39087,-1021.29980,,,,,,,-624.05505,1621.87903,-864.43854,-662.39758,1484.62561,-1077.82495,-537.93842,1410.14685,-930.20172,,,,-225.48114,1130.45532,-973.31329,-810.29926,1141.00305,-1108.68140,-285.97354,846.82587,-851.76434,-826.60925,918.95203,-900.20905,-401.13229,983.60858,-921.81757,-711.03052,991.99060,-1044.33057,,,,-463.91162,531.26935,-809.55493,-663.43933,511.02466,-1148.48254,-558.55109,33.72201,-730.37708,,,,NA,P4,9
35,0.34,-506.15274,1522.36328,-1067.48975,-519.71051,1757.17969,-1013.15271,,,,,,,-625.86267,1620.43506,-855.42773,-664.96912,1483.01550,-1068.04858,-541.02222,1407.73071,-920.47394,,,,-227.56947,1127.69849,-964.15540,-812.92664,1139.58765,-1098.02844,-287.17972,844.32275,-843.28094,-828.05145,918.15173,-887.50220,-404.94803,980.21826,-911.79309,-715.27258,988.82635,-1036.33093,,,,-466.87085,526.67725,-802.80365,-665.10272,509.69968,-1142.26160,-565.68530,35.65902,-705.29401,,,,NA,P4,9
36,0.35,-508.50977,1519.88196,-1058.39331,-521.62848,1755.03125,-1004.52557,,,,,,,-627.58734,1618.83850,-845.95618,-667.49609,1480.99597,-1058.07007,-542.27875,1405.76746,-910.54700,,,,-230.17261,1125.49487,-956.37640,-815.65729,1137.48413,-1087.30359,-288.75354,841.83893,-836.09631,-829.92053,918.06927,-875.12256,-408.26904,977.34125,-901.36407,-719.31860,986.96759,-1027.52783,,,,-470.13159,523.66199,-794.06390,-667.06445,509.12646,-1136.37280,-571.30933,37.97812,-682.17993,,,,NA,P4,9
37,0.36,-510.65631,1517.42908,-1048.55579,-523.37036,1752.41931,-996.10266,,,,,,,-629.05438,1617.55945,-836.81494,-669.81573,1478.91675,-1047.77124,-546.25977,1404.45435,-901.87463,,,,-232.59465,1122.52686,-948.73322,-819.26135,1135.95422,-1076.12341,-289.51764,838.36462,-827.91016,-831.87988,916.28760,-862.46283,-412.10590,975.51794,-891.42383,-723.24146,983.79047,-1021.41638,,,,-472.84454,520.69379,-785.40820,-669.05127,508.74924,-1130.42712,-578.52063,37.19818,-661.79175,,,,NA,P4,9
38,0.37,-512.66315,1515.13428,-1039.40735,-525.00012,1750.41711,-987.51923,,,,,,,-630.49969,1616.24817,-827.41327,-672.10339,1476.81665,-1037.84705,-545.81256,1402.36926,-891.44592,,,,-234.39987,1119.89526,-941.11719,-820.69946,1133.21814,-1064.14001,-290.98270,834.82227,-820.80475,-832.67767,915.81812,-850.43982,-415.68713,972.60260,-880.02716,-726.48547,982.35321,-1009.33508,,,,-475.99393,518.46613,-773.90125,-671.48291,507.20743,-1122.61353,-584.20642,37.10496,-644.01416,,,,NA,P4,9
39,0.38,-514.76886,1512.52222,-1029.49365,-526.43585,1748.47363,-979.13800,,,,,,,,,,-674.17456,1475.00403,-1027.98853,-549.39209,1400.41650,-881.44031,,,,-236.47145,1117.54321,-931.85577,-823.01428,1131.29358,-1052.78992,-292.69293,832.87701,-812.77209,-834.21381,915.35266,-838.47833,-418.26141,970.30347,-870.08496,-730.20673,979.47797,-1001.56415,,,,-478.69574,517.16382,-761.86273,-674.31744,506.80035,-1116.28125,-588.00214,35.46502,-629.59692,,,,NA,P4,9
40,0.39,-516.58673,1510.67432,-1020.04449,-527.81641,1746.30640,-970.55444,,,,,,,-632.90912,1614.21118,-808.94794,-676.26251,1473.23218,-1018.07611,-549.77307,1397.92603,-870.73041,,,,-238.59627,1114.28503,-923.25690,-825.17798,1129.46594,-1041.55493,-293.68729,829.77570,-805.35510,-835.06104,912.86792,-825.73627,-422.30920,968.39978,-860.53229,-732.92957,978.68860,-986.53571,,,,-482.69357,517.54572,-748.39600,-677.11987,505.55475,-1107.42383,-592.01367,33.65371,-618.99298,,,,NA,P4,9
41,0.4,-518.29773,1509.03748,-1010.34747,-529.12665,1744.74048,-961.97406,,,,,,,-633.98364,1613.39185,-798.76831,-678.30725,1471.40466,-1007.27191,-551.87610,1397.26184,-860.21771,,,,-240.34531,1111.47290,-914.08771,-827.31445,1127.28735,-1029.46204,-294.59332,826.73584,-796.16370,-836.98883,912.57056,-814.12585,-424.13641,965.85315,-849.71704,-736.73340,979.66547,-969.81091,,,,-485.81284,516.67932,-736.63239,-680.50244,505.20935,-1098.55945,-594.65472,32.07955,-610.84656,,,,NA,P4,9
42,0.41,-520.12012,1507.19592,-1000.04169,-530.26105,1742.99561,-952.65985,,,,,,,-634.92676,1612.64856,-788.51074,-680.16431,1469.98047,-996.85840,-553.30786,1395.72571,-850.60272,,,,-242.38063,1110.29480,-906.61365,-829.28033,1125.95679,-1018.01117,-295.81049,823.91583,-789.07452,-837.87146,910.03101,-801.85419,-426.35294,964.17120,-838.62347,-738.42993,977.35968,-962.32587,,,,-489.60687,516.56567,-722.66180,-684.05939,504.50427,-1088.24731,-594.35980,31.56136,-604.50812,,,,NA,P4,9
43,0.42,-521.68964,1506.16956,-989.95160,-531.32257,1741.57202,-943.43909,,,,,,,-635.61713,1612.45618,-778.25879,-682.06006,1468.61804,-986.19476,-554.35522,1394.27344,-840.47955,,,,-245.36383,1107.98450,-897.77753,-830.99634,1123.89417,-1005.91888,-296.95169,821.78729,-780.82007,-838.84955,908.89618,-790.89233,-428.23013,963.20319,-828.16187,-741.62683,975.97876,-953.10211,,,,-493.31689,517.58893,-709.01697,-687.90387,504.41293,-1078.74719,-595.70679,28.69660,-600.66455,,,,NA,P4,9
44,0.43,-523.22125,1505.05579,-979.84119,-636.22113,1612.26563,-768.00427,,,,,,,,,,-683.58948,1467.81165,-974.88049,-555.52820,1393.87878,-830.02386,,,,-246.48154,1106.30847,-888.99268,-832.59076,1123.34070,-994.13043,-298.24539,819.69269,-772.21362,-839.91229,906.59644,-779.44421,-430.39673,963.27350,-816.01459,-743.41461,975.33197,-938.13586,,,,-496.11087,517.34778,-695.72156,-692.33081,505.22562,-1067.99109,-596.93036,27.43592,-597.55603,,,,NA,P4,9
45,0.44,-524.48285,1504.54272,-970.23608,-533.34631,1739.79468,-924.80054,,,,,,,-636.63818,1612.20618,-757.37268,-684.88458,1467.20813,-963.92181,-556.57123,1393.63159,-819.22015,,,,-249.00504,1104.61145,-878.97241,-833.64105,1122.33423,-981.65613,-299.61649,817.86243,-763.14099,-840.63098,905.70050,-768.15222,-432.94913,962.46619,-803.34399,-746.91602,977.25549,-918.82056,,,,-497.19672,517.54205,-682.43988,-696.98639,505.34854,-1056.32556,-597.36188,28.77783,-596.32501,,,,NA,P4,9
46,0.45,-525.49158,1504.01501,-959.70746,-534.12518,1739.39368,-915.01959,,,,,,,,,,-685.76367,1466.34900,-952.58295,-555.69336,1394.30249,-808.25873,,,,-250.42589,1103.97351,-870.12726,-834.79419,1121.99585,-969.60858,-300.67200,816.65558,-755.71796,-842.27606,902.87366,-757.19867,-434.97949,962.84204,-790.31378,-749.01532,977.35535,-907.10693,,,,-499.79413,516.15350,-670.31250,-701.68018,506.69717,-1044.95996,-598.78308,30.63794,-594.09644,,,,NA,P4,9
47,0.46,-526.36340,1503.61621,-950.17749,-637.13177,1612.31921,-737.15442,,,,,,,,,,-687.02057,1466.90967,-941.80157,-556.43756,1393.70020,-797.03510,,,,-252.59053,1103.60718,-860.25116,-835.50928,1122.64539,-958.06146,-301.60709,816.34363,-746.43079,-843.01660,902.11743,-746.53741,-437.69772,963.62427,-778.08392,-752.11377,978.62738,-891.13214,,,,-500.33932,515.98517,-659.06488,-706.71283,507.22241,-1031.84070,-604.02374,31.91905,-591.88245,,,,NA,P4,9
48,0.47,-526.92590,1503.91321,-939.81653,-637.20435,1613.02942,-727.16846,,,,,,,,,,-687.49365,1467.60742,-931.30139,-556.40656,1395.18042,-786.56653,,,,-253.77428,1103.50610,-850.33038,-836.11401,1122.71216,-944.85504,-302.99210,815.32477,-737.46362,-843.69055,899.86823,-735.71564,-439.25494,963.82233,-764.52899,-754.81207,979.29388,-874.87012,,,,-502.76718,513.58636,-648.05048,-712.94330,509.06363,-1019.27924,-602.38306,34.49835,-588.64368,,,,NA,P4,9
49,0.48,-527.44794,1504.80127,-929.47266,-637.15222,1614.50061,-716.60889,,,,,,,,,,-688.10004,1468.05652,-919.84167,-556.69104,1397.22583,-774.93689,,,,-255.79779,1103.79700,-841.01147,-836.71759,1123.41663,-932.82080,-304.31168,815.16992,-728.21002,-844.30914,899.45276,-725.46277,-440.16312,965.80396,-751.19507,-756.76306,981.32605,-862.02252,,,,-503.60669,513.14545,-638.51910,-719.69958,511.49045,-1005.89203,-603.38611,34.44874,-586.20300,,,,NA,P4,9
50,0.49,-527.81281,1506.13220,-919.08331,-637.09546,1616.32935,-706.49054,,,,,,,,,,-688.63824,1469.75439,-909.38879,-557.27484,1400.65613,-764.42804,,,,-257.02200,1104.27478,-830.97003,-836.99609,1124.93079,-921.17590,-305.50955,816.11267,-719.73969,-845.65576,898.86780,-716.21802,-442.62012,967.33911,-738.66412,-758.04608,980.03131,-850.84058,,,,-504.80890,511.46985,-628.57147,-726.83276,512.97522,-990.02435,-602.67407,35.64555,-583.74982,,,,NA,P4,9
51,0.5,-528.22430,1507.57935,-908.37903,-636.73102,1618.75952,-696.08276,,,,,,,,,,-688.99133,1472.01123,-898.08533,-556.18915,1402.80566,-753.11804,,,,-258.67001,1105.52258,-821.30707,-837.28015,1126.71106,-908.09625,-306.78036,817.19867,-710.73401,-846.25360,896.85303,-706.52832,-443.59830,970.24835,-725.89075,-760.39941,985.16815,-833.54236,,,,-504.30103,512.69250,-617.39850,-735.06244,516.20361,-973.76416,-604.82703,36.10564,-582.09607,,,,NA,P4,9
52,0.51,-528.59418,1509.24133,-897.94086,-636.42017,1621.23059,-685.99371,,,,,,,,,,-689.01056,1474.14270,-887.43555,-555.80170,1405.90515,-741.74683,,,,-259.91367,1107.25793,-811.41302,-837.17566,1129.27246,-896.33661,-308.48462,818.85181,-700.77618,-847.18573,896.62891,-696.90924,-443.62064,973.94049,-712.82739,-759.97516,985.36450,-818.64984,,,,-505.42459,514.21216,-606.79694,-742.51752,517.38293,-955.21271,-604.92310,36.32213,-580.94049,,,,NA,P4,9
53,0.52,-528.90594,1511.40283,-888.02759,-636.05530,1623.79089,-675.60907,,,,,,,,,,-689.59399,1476.73779,-875.97406,-555.20239,1408.98926,-730.14722,,,,-261.42245,1109.36194,-801.51874,-837.27246,1131.40662,-883.62250,-309.33151,820.27063,-690.44159,-848.38239,896.78229,-688.09491,-443.05429,975.68597,-701.92596,-762.54736,988.45654,-801.99689,,,,-505.54782,515.97003,-596.08447,-750.65851,518.17804,-934.89990,-604.14069,37.35750,-580.13800,,,,NA,P4,9
54,0.53,-529.25702,1513.43140,-876.91248,-635.32104,1627.22986,-665.35150,,,,,,,,,,-690.08307,1479.35669,-864.17877,-556.20264,1411.92395,-719.37817,,,,-262.28717,1110.78870,-791.19751,-837.20325,1134.14587,-872.22272,-310.76688,822.64386,-679.61383,-848.71301,896.06958,-679.15784,-442.71616,979.36700,-691.27374,-761.65430,987.62970,-792.35242,,,,-504.67020,517.85840,-587.70386,-759.10516,518.50311,-913.70313,-603.30090,37.38108,-578.90863,,,,NA,P4,9
55,0.54,-529.84778,1515.48523,-866.44910,-634.74976,1630.83545,-654.96991,,,,,,,,,,-690.32764,1482.12720,-852.67957,-555.44934,1415.14075,-707.23218,,,,-263.35532,1113.78162,-781.06720,-837.06299,1136.88916,-859.92773,-311.45694,823.81134,-671.14929,-849.18182,895.78497,-669.57617,-442.97696,981.75043,-680.44525,-761.25604,991.96356,-772.05029,,,,-504.35141,519.83319,-578.87360,-768.12598,518.36420,-891.27258,-605.65088,37.09045,-577.74390,,,,NA,P4,9
56,0.55,-530.45239,1517.38196,-855.17242,-633.97772,1634.57703,-644.47870,,,,,,,,,,-691.04956,1484.84827,-840.58215,-554.37164,1417.31189,-696.62939,,,,-264.30847,1116.00415,-770.64215,-837.12799,1139.50757,-848.45789,-313.57596,828.27979,-659.80933,-850.50232,895.99884,-661.32916,-440.74902,983.84412,-669.24780,-763.21643,993.11993,-758.41211,,,,-502.64810,521.50409,-569.82135,-777.60693,519.37384,-868.31744,-606.22968,37.61453,-576.96851,,,,NA,P4,9
57,0.56,-531.20935,1519.23083,-845.18103,-633.38800,1637.92566,-634.10455,,,,,,,,,,-691.78918,1487.39331,-827.83539,-555.01398,1420.51770,-685.31628,,,,-264.41632,1117.95288,-761.00024,-837.58765,1142.06555,-837.40637,-314.31265,830.76099,-648.64764,-851.39557,896.57629,-653.14691,-438.99866,987.20465,-656.70099,-762.65179,995.85181,-745.62634,,,,-503.28903,521.11609,-561.92847,-785.84558,519.96313,-844.87793,-607.75452,37.40023,-576.83917,,,,NA,P4,9
58,0.57,-532.23779,1520.75977,-834.56488,-632.52582,1641.22559,-623.54651,,,,,,,,,,-692.73712,1489.72754,-815.27765,-553.84576,1422.78235,-674.53766,,,,-265.17401,1120.03918,-750.07837,-838.14886,1144.46924,-825.70923,-316.30945,833.35999,-636.72791,-852.88165,896.54736,-644.46136,-436.78613,989.51801,-647.06665,-760.40070,994.45953,-736.64355,,,,-501.96289,521.95294,-553.83514,-793.68561,520.26099,-820.20532,-607.75452,37.40023,-576.83917,,,,NA,P4,9
59,0.58,-533.41583,1522.65491,-824.14886,-631.76306,1644.22729,-613.30670,,,,,,,,,,-694.02686,1492.40601,-803.13141,-554.31152,1424.47217,-663.30524,,,,-265.13315,1122.16125,-739.34204,-838.91382,1146.92249,-814.73822,-317.60220,836.36810,-626.07373,-854.38428,896.69458,-635.08575,-435.48911,990.82410,-637.81024,-762.33539,999.33472,-716.66364,,,,-501.30066,521.98138,-546.81183,-800.30017,521.00757,-796.40894,-608.01031,37.28093,-576.35950,,,,NA,P4,9
60,0.59,-534.75446,1524.47986,-813.45697,-630.94263,1647.74854,-602.66296,,,,,,,,,,-694.87964,1494.09216,-791.22931,-554.14581,1426.41528,-652.63544,,,,-265.50775,1124.04016,-729.22137,-840.03699,1148.72168,-803.43060,-318.40826,839.09222,-613.81061,-854.53418,896.12439,-626.47900,-433.48642,992.60199,-627.67102,-759.71222,1000.53979,-707.21356,,,,-500.72330,521.38531,-541.86908,-806.06000,521.17786,-771.45984,-607.95056,37.78145,-576.18011,,,,NA,P4,9
61,0.6,-536.05463,1526.62952,-803.48816,-630.18298,1651.20081,-591.74432,,,,,,,,,,-696.01678,1496.27063,-779.22882,-555.22559,1428.40234,-642.05023,,,,-266.35611,1126.29382,-718.25623,-841.34174,1150.45667,-791.35461,-319.66147,841.70538,-601.16199,-856.21796,896.11212,-617.21832,-433.21188,993.06763,-618.37531,-761.26245,1004.52930,-691.36810,,,,-501.01004,521.10754,-537.81775,-810.20990,522.68079,-747.51501,-608.82782,37.48200,-576.04987,,,,NA,P4,9
62,0.61,-537.37909,1528.71118,-792.85730,-629.39789,1654.41565,-580.82086,,,,,,,,,,-697.51337,1498.32324,-766.73462,-554.51685,1429.68384,-631.21991,,,,-266.27725,1128.66077,-707.88116,-842.72327,1152.24731,-779.28448,-320.93747,845.18500,-590.22339,-856.42810,896.07166,-608.19806,-431.93677,994.40753,-608.97754,-760.71729,1006.85284,-677.84210,,,,-501.61926,520.08221,-535.08539,-814.33002,524.93408,-722.90698,-607.95056,37.78145,-576.18011,,,,NA,P4,9
63,0.62,-538.69733,1531.01538,-783.14838,,,,,,,,,,,,,-698.46057,1499.98706,-755.83203,-555.16296,1431.90271,-621.35986,,,,-266.71146,1130.72266,-697.50177,-844.20667,1154.13159,-767.55609,-321.41486,847.68176,-577.22919,-858.40765,896.62219,-599.51251,-430.67075,995.91248,-600.50330,-759.93866,1009.55817,-666.75269,,,,-501.03104,520.24945,-531.99011,-816.87909,527.39532,-697.35822,-608.40094,37.25989,-575.99707,,,,NA,P4,9
64,0.63,-539.91913,1533.34900,-773.17114,-395.31952,1489.36255,-692.88153,,,,,,,-628.09851,1658.88354,-559.43237,-699.56781,1501.61145,-744.06787,-555.55365,1433.77649,-610.65314,,,,-267.25409,1133.08789,-686.25342,-845.57239,1156.18726,-754.89166,-322.78967,850.43408,-564.29053,-858.93597,896.22723,-589.95380,-428.16058,997.09491,-591.06573,-759.08124,1012.62579,-654.44977,,,,-499.56567,520.53650,-529.14215,-819.25458,530.56653,-672.63501,-607.28772,38.32774,-575.93286,,,,NA,P4,9
65,0.64,-541.09766,1535.28149,-763.00836,,,,,,,,,,-627.43335,1660.95239,-549.44177,-700.42450,1503.05627,-733.02087,-554.54596,1435.88513,-601.03125,,,,-267.72971,1135.26587,-675.41583,-846.89825,1158.04639,-742.33752,-323.60718,854.31085,-551.91583,-860.39343,896.09271,-581.19171,-427.34079,997.90790,-583.65302,-756.17816,1013.22333,-647.57916,,,,-498.78052,519.85883,-526.13733,-819.73987,534.51581,-648.22015,-606.18372,38.61983,-576.01428,,,,NA,P4,9
66,0.65,-542.35175,1537.04272,-752.98981,-396.33957,1493.06848,-673.53363,,,,,,,-626.86523,1662.87036,-538.48566,-701.20459,1504.92407,-722.76221,-554.17725,1438.12549,-591.30798,,,,-268.52414,1137.65076,-664.82330,-848.14429,1160.03882,-730.52008,-324.10867,857.52777,-538.10175,-861.03192,895.28564,-572.07007,-426.29056,999.16327,-574.92560,-754.33722,1016.41467,-634.14606,,,,-495.06891,520.43011,-521.49750,-820.34900,538.68353,-623.87439,-606.32544,38.33202,-575.82318,,,,NA,P4,9
67,0.66,-543.58881,1538.85156,-743.88782,-396.90588,1495.41235,-665.01233,,,,,,,-626.24237,1665.30176,-528.30420,-702.53503,1506.72156,-712.30878,-554.77362,1440.36560,-581.64038,,,,-268.88049,1140.20605,-654.06256,-849.64795,1161.83289,-718.19800,-324.40524,861.35187,-525.89270,-861.55725,896.69073,-562.84180,-423.77661,1000.20496,-566.32416,-754.40381,1019.24408,-620.15820,,,,-493.07935,520.35406,-518.54346,-820.08832,542.92017,-599.28381,-605.87225,38.82607,-575.75848,,,,NA,P4,9
68,0.67,-544.80414,1540.73999,-734.21765,-625.93335,1667.20557,-517.62537,,,,,,,,,,-703.01874,1507.90649,-701.43579,-553.74713,1442.40137,-571.36182,,,,-269.28726,1142.48364,-643.83295,-850.94464,1163.86084,-707.77496,-325.09921,864.60138,-511.71616,-861.80426,896.61945,-553.32678,-421.57474,1000.50397,-559.74207,-752.08209,1022.15393,-607.93256,,,,-493.15695,519.35797,-515.55908,-819.57098,547.65332,-574.69733,-606.32544,38.33202,-575.82318,,,,NA,P4,9
69,0.68,-545.90399,1542.28394,-724.33527,-418.76389,1683.77856,-607.71960,,,,,,,-625.53375,1669.15808,-508.08252,-703.54761,1509.09875,-690.79248,-554.34045,1443.80212,-562.55292,,,,-270.28143,1144.50281,-633.62415,-852.08179,1165.51526,-696.37390,-325.48550,868.43243,-499.06485,-862.32745,897.50336,-543.22003,-419.64435,1002.01465,-551.76355,-750.74158,1024.40283,-597.43854,,,,-491.79871,519.62982,-512.17029,-818.91565,552.61932,-551.05554,-606.18372,38.61983,-576.01428,,,,NA,P4,9
70,0.69,-546.89172,1543.98596,-715.15735,-418.61392,1684.92737,-599.60992,,,,,,,-477.28482,1616.10754,-432.55777,-704.21375,1510.57275,-680.43292,-551.27301,1445.51892,-551.16302,,,,-270.94019,1147.33154,-623.19977,-852.95117,1166.76807,-685.02417,-326.07092,872.01801,-484.95367,-863.07788,897.91418,-535.73010,-417.80792,1002.37488,-545.57764,-748.98462,1027.51257,-584.21844,,,,-489.76709,520.39197,-508.38226,-817.05225,556.89783,-527.17505,-606.58002,38.57687,-575.84570,,,,NA,P4,9
71,0.7,-547.76288,1545.50928,-705.58691,-476.88162,1616.04456,-422.75165,,,,,,,-418.46402,1685.78638,-590.25916,-704.60431,1511.90076,-669.42621,-551.98706,1447.40979,-541.66125,,,,-270.97571,1149.26160,-613.07361,-854.62317,1168.60706,-673.54657,-326.73355,875.90485,-471.35126,-862.87878,898.22870,-526.63049,-415.67459,1002.99878,-539.03815,-747.65564,1032.38330,-563.61432,,,,-489.63693,519.86279,-506.56210,-814.66266,561.12860,-503.53806,-606.43420,38.74089,-576.09497,,,,NA,P4,9
72,0.71,-548.75720,1546.33228,-696.10211,-418.31161,1686.73901,-581.01910,,,,,,,-398.51563,1504.76038,-625.47388,-704.92267,1512.52893,-658.15417,-551.10370,1448.64978,-532.66650,,,,-270.83676,1151.45435,-603.23712,-854.60406,1169.02283,-662.57434,-326.98492,880.00372,-457.67422,-863.41339,898.43335,-516.71667,-413.44135,1004.12390,-532.19147,-745.04114,1034.48132,-551.02277,,,,-489.41479,519.71741,-502.92181,-811.63647,565.92352,-481.09143,-606.57593,38.45310,-575.90381,,,,NA,P4,9
73,0.72,-549.49139,1547.53467,-686.61945,-418.14038,1687.91187,-572.30243,,,,,,,-398.84229,1507.55273,-618.65479,-705.27924,1513.38806,-647.60687,-549.63440,1449.64307,-522.74353,,,,-271.35263,1152.62341,-593.31012,-855.72058,1170.53076,-651.87030,-327.48080,883.73120,-444.83521,-863.37946,899.56055,-506.64053,-410.97409,1003.15833,-525.74774,-742.84552,1036.32849,-539.54596,,,,-489.00128,518.84540,-500.38678,-808.14758,570.12494,-458.88416,-606.83057,38.69790,-575.92639,,,,NA,P4,9
74,0.73,-550.12842,1548.50256,-677.37585,-475.39157,1618.15063,-392.62317,,,,,,,-417.84604,1688.73523,-564.11475,-705.27893,1514.41541,-636.71100,-549.39252,1450.65247,-513.89758,,,,-271.67648,1154.29407,-583.20325,-856.47864,1171.98853,-642.17328,-328.22333,887.47729,-430.46530,-864.46259,899.56451,-496.57428,-409.33386,1002.65063,-521.35529,-741.01587,1038.22595,-528.34845,,,,-488.46869,518.81512,-497.78235,-804.60785,575.17999,-438.35828,-607.38885,38.29216,-575.94531,-750.02411,234.61282,-798.61066,NA,P4,9
75,0.74,-550.69690,1549.04041,-667.57196,-417.42456,1689.20996,-555.53705,,,,,,,-398.34402,1509.67542,-601.59894,-705.74213,1515.19495,-626.01990,-547.71716,1451.38818,-504.89606,,,,-271.49194,1155.68213,-573.33136,-856.99176,1172.49939,-630.84326,-328.52737,890.57129,-416.75253,-863.90851,900.16620,-486.67896,-407.08188,1002.40692,-514.06287,-739.14532,1039.42932,-516.22620,,,,-487.87738,518.68481,-495.76230,-800.49133,579.12805,-417.17224,-607.47095,38.04101,-575.79407,-757.63232,227.83803,-770.59296,NA,P4,9
76,0.75,-551.01721,1550.07849,-658.23059,-475.59528,1618.87634,-373.60046,,,,,,,-398.65405,1510.04382,-592.39453,-705.45605,1515.40002,-614.26715,-546.59314,1451.66187,-495.16315,,,,-270.54123,1157.16016,-563.74921,-858.27405,1174.07788,-621.08313,-329.15961,894.41327,-402.43982,-864.46527,900.26715,-477.56027,-406.33728,1002.16870,-507.83292,-737.83759,1041.07312,-504.36816,,,,-487.16800,518.20758,-492.76541,-796.05542,583.34753,-397.88068,-607.38885,38.29216,-575.94531,-764.99451,220.88048,-741.12286,NA,P4,9
77,0.76,-551.44037,1550.23718,-648.41510,-416.54333,1690.64893,-538.34436,,,,,,,-398.00116,1511.97253,-585.30170,-705.52686,1515.94702,-603.86383,-545.53070,1451.74109,-485.59872,,,,-270.50641,1157.87927,-554.39429,-857.88867,1173.54346,-609.82013,-329.82214,897.92572,-389.53650,-864.37939,900.71930,-466.59512,-402.27567,1002.57916,-500.28369,-735.76459,1041.98364,-492.49350,,,,-486.43390,518.11145,-490.72998,-791.67554,586.57739,-378.20581,-607.38885,38.29216,-575.94531,-773.24945,210.71840,-708.71265,NA,P4,9
78,0.77,-551.51428,1551.03723,-639.30615,-416.00287,1691.32617,-529.79059,,,,,,,-397.78699,1512.81311,-578.66852,-705.33575,1515.96948,-592.30542,-544.97327,1452.22668,-476.61496,,,,-270.36279,1157.97791,-544.56165,-859.32843,1175.27612,-599.89160,-330.76505,901.25690,-375.44748,-865.55304,901.47449,-457.12363,-401.58267,1002.35297,-495.55072,-733.06592,1042.31897,-480.05844,,,,-485.90170,517.83923,-486.53497,-786.28174,589.83069,-359.39954,-607.47095,38.04101,-575.79407,-778.57343,202.56215,-680.32068,NA,P4,9
79,0.78,-551.69849,1550.96753,-629.38763,-474.92667,1621.35144,-343.40662,,,,,,,-396.89325,1511.77881,-566.91943,-704.89984,1516.22559,-582.04419,-543.71338,1451.87964,-466.74133,,,,-269.55453,1158.58838,-534.27222,-859.05328,1175.46558,-588.92987,-331.11060,904.71521,-363.11362,-865.14728,900.69843,-446.15640,-399.83041,1000.27814,-490.43155,-730.67596,1043.39746,-468.46133,,,,-485.90173,516.98889,-484.70450,-781.04620,593.88318,-342.34583,-607.03003,38.60197,-575.58984,-784.10834,192.92007,-648.14539,NA,P4,9
80,0.79,-551.61383,1551.53748,-619.60657,-414.46524,1691.65833,-512.13312,,,,,,,-396.29099,1512.42810,-560.72839,-704.30090,1516.04419,-570.42468,-542.45264,1451.91406,-457.61603,,,,-268.51608,1159.25415,-524.87024,-859.53430,1176.07288,-577.92529,-331.52271,907.54285,-350.37082,-865.09418,901.74054,-435.94250,-399.32956,1001.27246,-482.31470,-729.49823,1044.42090,-456.76358,,,,-484.74344,517.05139,-480.79233,-775.62695,596.36261,-325.60522,-607.25305,38.74826,-575.64063,-789.15771,183.51805,-616.54022,NA,P4,9
81,0.8,-551.63147,1551.49390,-610.18756,-413.69003,1692.02490,-503.90338,,,,,,,-396.10968,1512.43457,-553.31030,-703.93933,1515.97632,-559.45819,-541.16803,1452.33521,-447.79224,,,,-267.94772,1159.44714,-515.37823,-859.72467,1175.85291,-567.06903,-332.03543,910.82666,-336.51337,-865.47424,901.26178,-426.12457,-396.02588,1000.54846,-476.74176,-726.45313,1044.33215,-444.75253,,,,-484.00104,516.69934,-477.53320,-767.83038,598.06091,-308.53510,-607.47894,38.75528,-575.40271,-793.04059,173.74278,-582.74646,NA,P4,9
82,0.81,-551.51599,1551.41431,-600.23669,-471.94315,1620.49011,-312.79013,,,,,,,-396.12433,1511.40088,-547.23639,-703.31549,1515.91028,-548.18195,-538.87952,1451.68164,-437.75525,,,,-267.60748,1159.89624,-506.19604,-858.51276,1175.69141,-555.66809,-333.15097,914.07880,-323.67447,-864.56757,901.59961,-414.68744,-395.33301,1000.75439,-470.32843,-724.48553,1044.78772,-432.97385,,,,-484.05484,516.59412,-474.21109,-761.35413,600.19965,-293.15500,-606.92371,40.06083,-575.43268,-796.27136,163.23918,-548.45135,NA,P4,9
83,0.82,-551.21722,1551.40796,-590.68671,-538.23792,1451.99182,-428.58862,,,,,,,-395.11996,1512.29053,-535.26636,-703.00623,1516.11694,-537.50208,,,,,,,-266.71509,1159.91321,-496.18515,-859.01050,1176.46643,-544.70477,-333.31168,917.03149,-311.68948,-865.00989,901.93085,-404.18185,-393.57211,1000.16223,-463.65076,-721.76447,1044.71765,-420.55179,,,,-484.20978,516.22882,-470.21429,-756.04248,601.02130,-279.20319,-607.29675,40.08964,-575.30725,-798.66760,152.80103,-512.69122,NA,P4,9
84,0.83,-550.93756,1551.12207,-580.44049,-535.06598,1450.92969,-417.82147,,,,,,,-394.61017,1512.04419,-529.31531,-701.82288,1515.72375,-526.30005,,,,,,,-266.02115,1159.35754,-486.80069,-858.31689,1176.77112,-534.66937,-333.88519,919.66718,-298.40225,-865.25586,902.10535,-394.99841,-391.92957,999.48199,-456.53937,-720.44171,1046.30969,-409.18338,,,,-484.21942,515.46753,-466.40005,-748.81067,601.79688,-265.30978,-606.98145,40.38124,-575.02264,-800.15369,142.75662,-477.32983,NA,P4,9
85,0.84,-550.45251,1551.26453,-570.88080,-411.36273,1570.55688,120.68172,,,,,,,-393.87262,1510.60583,-520.26740,-701.18457,1516.00586,-515.50842,,,,,,,-265.50211,1159.42932,-478.01672,-858.35559,1176.67371,-522.75818,-334.18707,922.37036,-285.38721,-863.45569,901.54205,-383.24292,-391.14093,998.85193,-449.97864,-717.84406,1045.58325,-396.66440,,,,-483.47061,515.17352,-462.98404,-743.60138,603.07074,-252.29070,-606.98145,40.38124,-575.02264,-800.30756,133.96742,-443.13443,NA,P4,9
86,0.85,-549.98395,1550.41357,-561.26996,-409.46976,1569.90479,130.23033,,,,,,,-392.63995,1510.27649,-513.66486,-700.71973,1515.91968,-504.38699,,,,,,,-264.34061,1159.57080,-469.04605,-857.68219,1176.98792,-512.11255,-334.34735,925.02875,-274.98181,-863.87402,901.65753,-372.09805,-389.39389,997.23383,-443.44330,-715.45850,1045.79102,-385.70020,,,,-483.22110,514.88214,-458.74490,-737.82867,602.84717,-239.51894,-607.17834,40.83792,-575.09650,-799.05597,124.42403,-406.52789,NA,P4,9
87,0.86,-549.49896,1550.09802,-550.93463,-530.96320,1449.92261,-390.18182,,,,,,,-390.48804,1510.32947,-502.31433,-699.15149,1515.11621,-491.99164,,,,,,,-264.03708,1159.22644,-459.49539,-856.45111,1176.25757,-499.79285,-334.63385,927.41107,-262.61310,-862.26129,900.86804,-360.57932,-387.52109,996.17261,-436.48398,-714.06732,1046.26978,-373.58511,,,,-483.40747,514.27765,-454.49231,-733.23035,602.53192,-228.11200,-606.96002,40.62815,-575.07721,-797.21155,115.55700,-370.22296,NA,P4,9
88,0.87,-548.44556,1549.33301,-541.36298,-528.47559,1447.71106,-382.22424,,,,,,,-389.80298,1509.40906,-493.81171,-698.51257,1515.72424,-482.27151,,,,,,,-263.20364,1157.83521,-450.67462,-856.50220,1176.51306,-488.35416,-334.78979,929.79926,-251.77646,-861.07916,901.08911,-350.38889,-386.38309,995.21008,-428.24652,-711.90558,1045.44983,-360.29330,,,,-482.83023,513.28992,-450.04547,-727.85559,601.58710,-216.60454,-607.40143,40.98425,-575.14740,-793.22205,107.81554,-334.03564,NA,P4,9
89,0.88,-548.67322,1549.91064,-532.44788,-527.15784,1448.82202,-370.52246,,,,,,,-389.31976,1508.01025,-490.45969,-696.14502,1514.38586,-469.53549,,,,,,,-262.12448,1158.14832,-442.38324,-855.55487,1176.48889,-476.93286,-334.60739,931.75696,-239.30414,-859.81427,900.72308,-339.64685,-385.32367,994.60516,-420.32559,-709.45447,1045.15710,-347.83035,,,,-482.18240,512.89233,-445.61819,-723.95313,600.29797,-206.37645,-606.66327,41.52198,-574.76813,-788.04382,100.75529,-297.99387,NA,P4,9
90,0.89,-548.07745,1549.18738,-522.73859,-523.83160,1446.71716,-362.91132,,,,,,,-387.59897,1507.31592,-478.37711,-695.04858,1513.57532,-458.35574,,,,,,,-261.34436,1156.83911,-433.30875,-854.00513,1175.47119,-464.77017,-334.42377,933.54413,-229.47179,-858.90100,899.91925,-327.05319,-383.53915,993.98303,-412.58948,-707.50348,1045.14795,-336.31546,,,,-481.38297,512.20667,-441.87604,-719.14148,598.62634,-196.39209,-607.09766,41.35326,-574.81769,-781.50000,95.25857,-263.62711,NA,P4,9
91,0.9,-546.06110,1547.24060,-511.40826,-521.76758,1447.05310,-351.01956,,,,,,,-386.31250,1505.69995,-469.07019,-693.75800,1513.08606,-446.79739,,,,,,,-260.09421,1156.01990,-425.00519,-853.59503,1175.48315,-453.77039,-334.20337,935.02838,-217.72577,-857.05060,898.82495,-315.73795,-382.40771,992.47858,-403.58539,-705.11426,1043.36438,-325.32990,,,,-480.65179,511.08536,-436.70010,-714.67230,596.29938,-186.46700,-607.09766,41.35326,-574.81769,-773.71643,89.44276,-227.86276,NA,P4,9
92,0.91,-545.47028,1546.82031,-501.94119,-518.43896,1444.18665,-343.98215,,,,,,,-384.72797,1505.61597,-459.99152,-692.14966,1512.10278,-435.67065,,,,,,,-258.79224,1154.96057,-416.58582,-852.41766,1174.95349,-441.94489,-334.39844,935.96436,-207.12959,-856.22968,898.61053,-305.21329,-380.65869,991.59485,-396.09195,-702.33185,1041.99658,-313.03970,,,,-479.84824,510.60275,-432.55774,-711.38397,593.66833,-176.07097,-606.91412,41.64285,-574.84888,-764.31812,84.85275,-194.14119,NA,P4,9
93,0.92,-543.62805,1545.40784,-491.11789,-515.87384,1443.54602,-333.82874,,,,,,,-383.03387,1503.91260,-451.85223,-690.43890,1511.10962,-424.52740,,,,,,,-258.16043,1153.30957,-407.81302,-850.85205,1174.00903,-429.77148,-332.75476,937.36084,-195.33543,-853.84088,897.60419,-292.61322,-379.76718,990.20673,-387.55988,-700.19031,1040.50684,-300.83182,,,,-479.55603,509.74768,-427.57141,-707.97766,591.66016,-167.12047,-607.40082,41.68090,-574.95844,-754.47919,80.95597,-160.38069,NA,P4,9
94,0.93,-542.43146,1544.45691,-481.18781,-393.19788,1563.20093,201.22147,,,,,,,-381.57712,1503.58057,-441.17902,-688.44574,1510.16846,-413.67242,,,,,,,-257.12137,1152.41431,-398.74268,-849.42963,1172.83228,-417.82571,-332.58450,937.03357,-186.12779,-852.10187,896.87354,-280.79953,-378.10202,988.70178,-378.84430,-697.79578,1039.10596,-288.40576,,,,-478.99670,508.95450,-422.52997,-705.47089,588.46429,-158.18941,-607.40082,41.68090,-574.95844,-743.15814,77.74950,-128.29254,NA,P4,9
95,0.94,-540.79529,1542.97705,-470.83261,-391.04428,1562.58630,207.87061,,,,,,,-380.07358,1500.83337,-432.81131,-686.31018,1508.46704,-402.55975,,,,,,,-255.24068,1150.79321,-390.27304,-848.31024,1172.32788,-405.95306,-331.90793,937.94757,-175.42000,-850.78296,895.57452,-269.19208,-376.94296,987.49670,-369.63101,-695.38080,1036.76941,-275.63382,,,,-478.30396,508.05017,-417.23834,-703.24005,585.52490,-149.14861,-607.43445,41.97867,-574.34204,-729.71210,76.40376,-100.15853,NA,P4,9
96,0.95,-539.04913,1541.47461,-460.98471,-389.02991,1561.44495,217.39224,,,,,,,-378.67285,1499.67834,-425.68124,-684.46710,1507.34570,-391.33356,,,,,,,-253.34428,1148.76208,-380.67847,-847.10120,1171.29883,-393.88370,-330.73300,936.77325,-164.37875,-848.46448,894.92896,-257.56506,-375.38028,985.26520,-359.01852,-692.99060,1036.09326,-263.85229,,,,-477.85620,506.62625,-411.84622,-701.64569,582.89575,-139.55684,-607.63483,42.62466,-574.31189,-716.70947,74.38691,-70.47976,NA,P4,9
97,0.96,-537.11237,1539.44666,-449.92822,-386.46307,1559.85339,227.15033,,,,,,,-375.94998,1497.55896,-414.23834,-682.58557,1506.12646,-380.31140,,,,,,,-252.24825,1146.87952,-371.55090,-845.06671,1169.89026,-381.73700,-329.14056,936.92688,-154.37946,-847.19983,893.68915,-244.34528,-374.06622,983.77527,-350.37000,-690.85712,1033.62354,-252.21207,,,,-477.39255,505.70602,-407.12170,-699.17352,578.45740,-130.87526,-607.23065,43.21947,-574.11121,-703.94794,73.22463,-44.11009,NA,P4,9
98,0.97,-535.78601,1538.61743,-440.25912,-384.22009,1558.49097,237.05371,,,,,,,-374.01807,1495.88184,-404.81772,-680.46912,1504.22559,-368.87549,,,,,,,-250.44711,1144.97717,-362.64676,-843.31659,1168.76465,-369.90573,-328.42783,935.61609,-144.97437,-845.54987,892.57843,-231.81290,-372.46115,981.80579,-340.51425,-690.29230,1030.46167,-242.90781,,,,-476.51999,504.96997,-402.10928,-696.22003,574.90302,-122.13390,-607.79761,43.72692,-573.70056,-691.49481,73.67169,-18.90662,NA,P4,9
99,0.98,-533.85266,1536.91687,-429.70486,-381.31964,1556.95422,246.34816,,,,,,,-372.15622,1494.39160,-395.58289,-678.10077,1502.99036,-358.26117,,,,,,,-248.89285,1142.72668,-353.97110,-841.34570,1167.05493,-357.25165,-326.57474,934.24298,-134.59979,-842.93384,891.40222,-219.84267,-371.29822,980.42706,-330.25256,-687.85358,1028.75171,-231.40550,,,,-475.65344,503.77020,-396.77039,-693.42279,572.91364,-111.71334,-607.55554,44.76981,-572.72290,-677.57959,72.62386,4.67212,NA,P4,9
100,0.99,-531.80389,1535.14197,-419.44211,-378.41620,1555.34253,255.91655,,,,,,,-370.63324,1492.10950,-385.50204,-676.00018,1501.25159,-347.30133,,,,,,,-247.36082,1140.32300,-343.83527,-839.13831,1165.99939,-345.91440,-324.31400,933.37286,-122.95882,-841.60114,890.69745,-207.76817,-370.06616,978.09882,-320.04709,-686.37469,1026.53467,-220.54945,,,,-474.25110,503.39453,-392.12637,-690.16132,569.90204,-103.64585,-607.32391,45.40170,-572.12421,-664.21344,73.52827,25.29741,NA,P4,9
101,1,-529.25165,1532.91064,-408.99884,-376.01025,1553.84399,266.57468,,,,,,,-367.35599,1490.29236,-376.24722,-673.42065,1499.79834,-336.73822,,,,,,,-245.14427,1138.25232,-334.42728,-836.83350,1164.43372,-333.76706,-322.07651,931.45380,-113.14568,-839.74921,888.83026,-195.22995,-368.10394,977.09113,-310.09814,-684.72083,1025.07544,-208.15092,,,,-473.16418,502.94916,-386.19119,-685.58203,567.31580,-92.75040,-606.70813,46.86103,-571.09790,-651.32013,73.78037,45.10162,NA,P4,9
102,1.01,-526.94452,1531.05017,-398.32025,-373.40866,1552.75452,275.79059,,,,,,,-364.94836,1487.89966,-365.92737,-671.04352,1498.41174,-326.03278,,,,,,,-243.32286,1135.91614,-324.44281,-835.30029,1163.16089,-321.81705,-319.92267,929.06110,-104.49360,-837.68115,887.58130,-181.21587,-367.03033,975.88660,-300.62991,-682.51715,1023.33856,-196.35651,,,,-471.41797,501.67807,-380.11783,-682.72717,566.15027,-81.18014,-606.96423,48.79906,-571.03278,-637.79297,72.07600,61.45515,NA,P4,9
103,1.02,-524.40985,1529.21790,-388.16092,-370.87631,1551.51660,286.44284,,,,,,,-362.82114,1485.96216,-355.66809,-668.74933,1496.77295,-314.42776,,,,,,,-241.02908,1133.54810,-315.37378,-832.77533,1161.48657,-309.63998,-317.11987,927.00574,-93.25003,-835.22174,886.56128,-169.04834,-365.15308,974.43359,-289.59192,-680.60315,1021.66095,-186.42441,-562.27319,1019.83978,-422.42419,-469.33853,501.69022,-374.06598,-676.82581,564.65765,-68.67060,-606.35413,51.05740,-570.71893,-627.25739,70.88238,75.59238,NA,P4,9
104,1.03,-522.50153,1528.69397,-377.89465,-368.15775,1550.36194,296.38104,,,,,,,-360.01453,1484.39368,-344.14810,-666.43311,1495.07556,-303.44855,,,,,,,-238.84090,1131.11572,-305.23935,-830.08386,1160.22717,-297.31778,-313.87674,924.29608,-83.22897,-833.01886,885.25208,-155.83524,-363.68216,973.45099,-279.50946,-678.79272,1019.91290,-174.63942,,,,-467.14264,501.33215,-367.73172,-672.71674,564.68976,-54.67213,-605.72839,52.33550,-569.24530,-616.17023,68.45501,86.59703,NA,P4,9
105,1.04,-519.55292,1526.58887,-366.11594,-365.17856,1548.64014,309.31696,,,,,,,-357.74515,1482.68933,-333.63586,-663.89087,1493.84387,-292.66232,,,,,,,-237.01334,1128.74634,-294.46777,-827.60889,1158.43823,-284.98831,-310.22849,921.90643,-73.32046,-831.15552,884.67114,-142.97240,-362.24728,972.51740,-268.04675,-676.70648,1017.62402,-163.92863,-560.09503,1017.67432,-400.00632,-464.46307,500.96222,-360.67435,-666.48096,563.76935,-41.33149,-604.12317,54.70275,-567.83496,-608.32770,67.72279,96.54021,NA,P4,9
106,1.05,-517.12189,1525.35034,-355.27493,-362.16223,1548.11340,316.43170,,,,,,,-355.15588,1481.09839,-324.26309,-661.25873,1492.60510,-281.71976,,,,,,,-235.25450,1126.47571,-283.78778,-825.24341,1157.61865,-272.76337,-306.82364,918.95123,-63.39743,-829.02386,884.17169,-130.37996,-360.27835,971.81012,-257.73398,-673.98969,1017.65283,-149.68219,-558.94244,1015.59064,-386.98273,-461.27423,501.55460,-353.41827,-661.93549,564.35663,-26.87981,-603.58258,56.87224,-566.81372,-600.25165,64.84635,103.74625,NA,P4,9
107,1.06,-515.37756,1524.83386,-345.69122,-359.05460,1546.62622,327.96667,,,,,,,-352.84100,1479.62085,-312.58148,-658.95190,1491.12598,-270.67203,-415.89587,1590.64551,-36.66908,,,,-232.89142,1125.56995,-274.17712,-822.43542,1156.14258,-260.49380,-303.58942,915.85748,-53.25864,-826.95911,883.03436,-117.02771,-358.20078,970.68506,-245.62773,-671.51978,1016.64911,-139.63097,-557.19342,1014.99805,-376.55377,-458.09937,501.24728,-346.57404,-656.40985,564.18091,-11.36852,-603.20563,59.34496,-565.13983,-593.97583,63.42045,110.21113,NA,P4,9
108,1.07,-512.37793,1522.79846,-333.73810,-356.32120,1545.41272,339.54129,,,,,,,-350.29709,1477.54553,-302.14682,-656.25739,1490.45752,-259.20892,-412.27280,1588.95129,-24.70010,,,,-230.00681,1123.74695,-263.43384,-819.43671,1155.12537,-248.27307,-299.47510,912.81146,-42.99639,-823.93188,882.28339,-104.06502,-355.92685,969.83154,-234.81657,-669.12842,1016.13080,-126.38292,-555.71533,1012.82349,-362.50775,-454.50146,501.56372,-338.81705,-650.84332,564.14178,1.31634,-602.62555,62.25591,-564.90753,-587.64197,60.41032,115.05212,NA,P4,9
109,1.08,-509.70349,1521.58850,-322.79114,,,,,,,-544.69574,1642.44128,-94.40458,-348.27689,1476.77307,-291.41068,-655.08350,1490.60449,-249.62396,,,,,,,-228.01405,1122.00037,-252.37897,-816.83246,1154.07227,-235.99754,-295.41422,909.72894,-33.38361,-820.85474,881.47272,-91.49970,-353.31638,969.09796,-222.98824,-665.73126,1015.78320,-113.25078,-553.72980,1012.38538,-350.81543,-451.30756,502.05969,-330.91431,-644.78900,564.07367,16.30538,-601.25525,66.11158,-562.61584,-582.06036,56.66099,118.92321,NA,P4,9
110,1.09,-507.71664,1520.93127,-311.96625,,,,,,,-540.60767,1640.98987,-82.69003,-345.61331,1475.77844,-278.83136,-651.59766,1489.13708,-237.26100,-475.29849,1420.91870,-152.87866,,,,-226.32513,1121.28564,-241.47496,-814.00018,1153.05359,-223.90425,-291.61096,906.93384,-23.86241,-817.93658,880.93414,-78.26219,-350.63632,968.17303,-211.06770,-662.45087,1015.65869,-100.26221,-551.55365,1012.04468,-338.95908,-447.64059,502.60013,-322.14868,-638.74579,564.15167,28.78515,-600.03583,69.04356,-559.39868,-578.14807,53.88401,122.59434,NA,P4,9
111,1.1,-505.67673,1519.66028,-300.67975,,,,,,,-537.88940,1639.67627,-71.67347,-343.96054,1474.65393,-269.35281,-649.41852,1488.47705,-225.53575,-471.75964,1420.30737,-142.77454,,,,-224.01894,1119.65417,-231.09586,-811.24597,1151.95007,-211.24930,-286.92188,904.01453,-14.19733,-814.66205,881.15186,-64.61516,-348.14536,968.21021,-198.74962,-658.03259,1015.60992,-86.00882,-549.62341,1011.24707,-324.98557,-444.56754,503.44913,-312.75528,-632.19611,562.69208,44.25279,-600.91650,73.86123,-557.64063,-575.32214,52.48574,126.02061,NA,P4,9
112,1.11,-503.34253,1518.87146,-289.30014,,,,,,,-535.43317,1639.80591,-60.49849,-341.79895,1473.44702,-259.44189,-647.71442,1487.93787,-214.64455,-469.15921,1420.22156,-130.52621,,,,-221.80653,1119.38013,-220.16148,-808.69470,1151.02856,-199.02808,-283.22485,901.21094,-4.64917,-811.13416,880.31848,-51.43601,-344.64539,967.55414,-186.55956,-653.63031,1015.39551,-74.25822,-547.79218,1010.42017,-310.59689,-439.92200,504.78577,-304.39212,-626.46204,562.20734,57.24984,-599.38422,76.96832,-553.78912,-572.39008,50.96816,129.16188,NA,P4,9
113,1.12,-501.09006,1517.47046,-278.51141,,,,,,,-531.97693,1638.29822,-49.13809,-339.43069,1472.85352,-247.61946,-644.91821,1487.65112,-203.15382,-466.29178,1419.54150,-119.52840,,,,-219.66859,1118.61072,-209.10220,-805.70154,1150.19507,-186.10002,-278.68491,898.42615,4.70740,-807.14978,879.14264,-39.45649,-341.46167,967.64594,-174.86896,-649.18512,1015.33362,-59.53402,-546.15137,1009.97021,-295.74420,-435.56369,505.04276,-293.36169,-620.84485,561.06238,69.37616,-595.21313,83.33647,-551.21460,-569.98938,51.49992,133.63759,NA,P4,9
114,1.13,-499.14401,1517.63123,-267.68939,,,,,,,-528.83423,1637.78186,-38.12008,-337.54816,1472.78149,-238.76529,-642.41614,1485.71191,-190.88242,-463.77716,1420.32617,-108.22964,,,,-217.06706,1118.00183,-198.62492,-802.98950,1149.11243,-174.08443,-273.79443,896.04028,13.49632,-803.65363,879.62073,-24.97754,-338.16345,967.26923,-162.74092,-644.15942,1016.35217,-43.47283,-544.04376,1010.35931,-282.07211,-430.51694,506.12085,-282.13406,-613.76544,558.23242,82.44644,-593.92065,87.72150,-547.47247,-567.31555,51.83668,137.02682,NA,P4,9
115,1.14,-497.21616,1517.51379,-255.72650,,,,,,,-525.84192,1637.56409,-26.92722,-335.43109,1472.09778,-227.37030,-640.01947,1485.52087,-179.23956,-461.14511,1420.15906,-96.91479,,,,-214.69012,1117.67236,-188.44873,-800.11414,1148.80078,-161.13409,-269.56970,893.50513,23.34713,-800.04187,878.15173,-12.39486,-334.31155,967.40710,-151.21196,-639.12610,1017.09680,-27.32371,-541.58954,1011.61121,-268.61758,-425.36685,506.16043,-269.90097,-608.07031,557.26300,93.49023,-591.09930,93.83566,-542.76544,-565.92377,52.22852,139.66589,NA,P4,9
116,1.15,-395.06796,1571.72961,35.00358,,,,,,,-521.27307,1638.66260,-14.51764,-332.49597,1472.64929,-217.82355,-637.78210,1486.07410,-167.06187,-457.58368,1421.46069,-85.68110,,,,-212.49707,1117.42126,-178.16795,-796.94922,1148.07703,-147.78430,-265.09222,891.67792,31.86407,-795.95331,878.18506,1.93635,-330.60629,967.72516,-139.25963,-633.90112,1019.00653,-13.34185,-539.10132,1012.33252,-254.65520,-418.88474,505.92761,-255.98756,-601.00287,558.09320,103.19550,-587.32294,100.32500,-537.71606,-565.51837,52.29458,141.51271,NA,P4,9
117,1.16,-392.14517,1572.04980,46.57353,,,,,,,-517.65265,1639.62219,-2.48720,-329.88123,1473.39380,-205.83653,-635.55682,1486.13269,-155.08513,-454.14890,1423.05261,-74.72636,,,,-210.05176,1118.16101,-167.53706,-794.00458,1148.35083,-134.41180,-260.12885,890.39398,40.33033,-791.48010,877.83557,14.73700,-327.23236,968.70752,-128.28143,-629.14948,1020.30688,0.26696,,,,-412.59415,505.22098,-242.09868,-593.90100,560.82819,112.76290,-583.84619,106.89883,-531.53864,-565.33380,52.44901,142.98871,NA,P4,9
118,1.17,-387.99985,1572.63196,57.61866,,,,,,,-514.79871,1641.13428,9.13736,-327.88666,1475.40222,-196.42862,-632.91364,1486.90637,-142.69342,-450.71356,1425.63318,-63.03395,,,,-206.90344,1119.12085,-157.79100,-790.48920,1148.78259,-119.92010,-255.47316,889.29736,48.49304,-787.12689,878.39099,28.47903,-323.33740,968.82666,-116.83810,-624.23492,1022.13507,14.16849,-532.64966,1015.51923,-228.21237,-405.71988,504.39059,-224.48228,-587.78833,563.51276,124.80589,-579.73676,115.25843,-525.65912,-565.32147,52.77867,144.28607,NA,P4,9
119,1.18,-384.96677,1573.98206,69.39852,,,,,,,-510.89926,1641.98181,21.65816,-324.56345,1476.36218,-184.68477,-630.24677,1488.29712,-130.82182,-448.55017,1426.27502,-54.81035,,,,-203.86725,1120.46765,-148.10809,-786.30554,1149.55469,-106.01933,-250.63414,888.66528,57.23210,-782.09375,878.65753,42.05714,-319.58511,969.28320,-106.58798,-619.54504,1023.81482,26.62078,-529.30658,1016.75256,-215.60411,-398.87704,502.02957,-206.81944,-584.34100,566.64600,139.39627,-576.05255,124.27369,-517.49213,-565.20306,52.62902,145.38138,NA,P4,9
120,1.19,-380.30969,1575.18823,80.29984,,,,,,,-507.28381,1643.17456,32.78345,-322.42908,1478.18799,-174.18663,-627.18787,1489.35828,-118.19099,-444.83612,1428.51599,-38.82953,,,,-200.91028,1122.65942,-138.42879,-782.36157,1150.91345,-91.57082,-245.63228,888.75525,64.39984,-777.49097,879.01056,54.24420,-316.05023,970.37738,-96.38620,-614.87207,1026.34192,39.63608,-525.97876,1017.84601,-203.98070,-391.99493,499.64670,-186.77435,-582.03961,568.86145,153.87845,-571.84558,135.07118,-509.01572,-564.99933,52.73111,145.97069,NA,P4,9
121,1.2,-376.67984,1576.30481,91.89199,,,,,,,-502.73282,1644.00146,44.74325,-319.74329,1480.15747,-164.00714,-623.93219,1490.80176,-105.33473,-440.83087,1430.10376,-28.02834,,,,-197.23044,1124.79456,-129.80321,-777.97357,1152.07312,-76.93089,-240.04247,888.67426,72.26020,-772.28949,879.55579,66.91228,-313.34860,971.71552,-83.27041,-610.91681,1028.07520,52.42906,-522.59778,1018.72388,-192.33371,-385.32407,497.59436,-166.87115,-581.12189,569.96307,167.75659,-569.29663,146.81438,-498.60397,-564.52679,53.19333,146.23438,NA,P4,9
122,1.21,-372.20343,1577.27295,102.91537,,,,,,,-498.75455,1645.85950,57.10853,-316.50397,1481.94080,-151.41193,-620.77179,1492.63135,-92.46678,-436.74362,1431.95276,-16.58298,,,,-194.04433,1126.98254,-120.52820,-773.66156,1153.94189,-62.77590,-234.33644,889.39325,80.23446,-766.86139,880.52136,80.22581,-309.35587,972.99945,-73.36024,-607.16162,1029.58289,65.64726,-519.29871,1019.67334,-180.62291,-377.12170,496.46509,-145.32968,-580.54272,569.58844,180.56822,-563.46759,161.38036,-486.51160,-564.10870,53.59063,146.34377,NA,P4,9
123,1.22,-368.51688,1579.25037,114.38013,,,,,,,-496.01938,1648.12207,67.84091,-314.10364,1484.22754,-141.97563,-617.46136,1494.92822,-81.01215,-432.76907,1433.67200,-5.38885,,,,-190.86343,1129.59290,-112.42168,-769.34052,1155.15356,-48.35183,-228.68626,890.72601,87.37162,-762.23309,882.33954,94.57526,-306.00031,974.43451,-63.12316,-603.99524,1031.38281,77.58124,-516.23706,1020.64984,-169.61388,-367.86380,495.34244,-123.89977,-580.11322,570.21191,190.38696,-559.91656,174.87393,-473.35208,-563.06311,53.73341,146.36099,NA,P4,9
124,1.23,-363.83627,1580.30615,125.34859,,,,,,,-491.19360,1650.00037,80.56722,-311.63672,1486.35706,-131.99835,-613.79755,1497.36279,-67.52857,-429.38675,1435.77734,6.03494,,,,-186.90837,1131.92200,-104.05651,-765.14539,1156.89502,-34.04383,-222.54176,891.95789,94.75327,-755.45648,883.10168,108.47671,-303.03568,976.36938,-53.17340,-600.54303,1033.12781,88.60716,-513.23901,1022.05286,-159.26842,-358.51187,495.02802,-103.04356,-576.75830,570.11682,197.92300,-556.48334,188.81187,-457.05701,-562.37494,53.91435,146.33725,NA,P4,9
125,1.24,-360.73306,1582.24365,137.00339,,,,,,,-486.30008,1651.42566,92.26702,-308.61972,1488.39966,-122.57778,-610.19183,1499.53308,-54.81078,-424.42395,1437.26221,15.76265,,,,-183.04872,1134.19531,-95.88805,-760.61157,1159.10132,-19.97281,-216.81941,894.08789,102.17306,-749.49707,883.67310,120.23402,-299.38330,978.50500,-42.91752,-596.95142,1034.61621,101.90271,-510.06577,1023.92102,-148.24754,-348.35037,495.88620,-81.69646,-571.34222,568.66724,203.08890,-550.65625,203.82495,-439.25861,-561.36591,54.46290,146.32782,NA,P4,9
126,1.25,-356.03690,1583.75769,147.83357,,,,,,,-482.35822,1652.97632,103.80779,-305.40042,1490.65735,-111.34534,-606.16809,1501.50977,-41.22919,-420.39001,1438.70166,26.64818,,,,-179.11038,1137.30627,-88.88324,-756.27045,1161.24255,-5.61232,-209.97853,895.78925,109.19336,-743.32336,885.70062,135.08334,-295.92001,980.86578,-33.48496,-591.98578,1037.40088,114.09003,-507.26544,1025.26294,-136.76450,-338.37189,498.16498,-61.30214,-565.39075,566.64801,206.76183,-546.45123,217.15640,-419.75073,-560.57153,54.71021,146.18381,NA,P4,9
127,1.26,-351.79691,1585.02625,158.75002,,,,,,,-478.23929,1654.54431,115.17245,-303.09326,1494.08044,-103.20972,-602.27594,1504.30359,-28.30743,-416.52075,1441.61169,38.64659,,,,-174.95621,1140.11560,-81.35784,-751.86261,1163.36963,10.26857,-203.30826,897.61664,116.07219,-736.77637,887.42560,147.84184,-293.23074,983.00079,-21.65768,-587.47491,1038.63428,125.34272,-504.17944,1028.32349,-128.11775,-327.52148,500.82361,-41.66549,-559.80670,565.38367,209.57004,-541.61224,229.91138,-400.35422,-560.33252,55.18005,146.37323,NA,P4,9
128,1.27,-346.59448,1585.89392,169.25948,,,,,,,-473.70245,1656.44250,126.25992,-300.28680,1495.96729,-94.77650,-598.22900,1506.61597,-16.03984,-410.49280,1443.47266,48.47149,,,,-171.38573,1142.90723,-74.16670,-747.20435,1165.54285,24.85065,-196.89139,900.06689,122.89676,-729.09650,888.85437,160.57309,-289.10022,986.69568,-13.08159,-582.82544,1039.88110,136.63817,-501.20099,1030.32263,-116.05265,-317.18527,503.60425,-21.50704,-554.94464,564.33972,212.30420,-536.01129,240.98648,-379.25583,-560.08685,55.79909,146.77609,NA,P4,9
129,1.28,-342.13254,1587.41223,179.85078,,,,,,,-468.84177,1658.36768,137.58533,-296.99533,1498.33667,-84.54095,-594.34772,1509.16077,-3.33181,-406.59766,1445.95129,58.83931,,,,-167.23155,1145.51758,-67.48005,-742.68829,1168.35791,39.79013,-190.06938,902.47498,129.21138,-722.09082,891.15247,173.81181,-285.04861,990.05591,-5.76259,-577.67163,1041.42639,147.96216,-498.16852,1032.82458,-105.90141,-306.03970,506.80276,-3.00123,-551.06567,564.67285,217.11919,-531.92389,250.37338,-357.87964,-559.93616,55.94200,146.83910,NA,P4,9
130,1.29,-338.20020,1589.27991,190.78487,,,,,,,-463.97977,1660.25452,148.81383,-293.47922,1500.80212,-76.13984,-590.62561,1511.73169,8.79362,-401.69644,1448.39282,68.35023,,,,-163.66876,1148.56458,-60.94059,-737.90845,1171.36890,54.78784,-182.34146,904.92554,135.48383,-714.42474,893.31799,186.63788,-280.74225,994.38690,2.06543,-573.22797,1042.95361,159.57625,-495.14078,1035.36487,-95.28052,-294.44696,510.86594,15.47200,-547.40741,564.76367,223.61087,-527.01318,256.81259,-337.13019,-559.50409,56.46351,147.07098,NA,P4,9
131,1.3,-332.51541,1590.28003,200.91849,,,,,,,-458.90646,1662.06238,159.60660,-290.38757,1502.80896,-66.86229,-586.51141,1514.39099,21.57680,-396.94867,1450.45801,78.22492,,,,-159.29463,1151.36011,-55.30239,-732.36743,1174.02234,69.97213,-175.19650,907.39978,142.22816,-706.93542,895.86993,200.33775,-276.52313,997.92200,9.95063,-567.81165,1044.50647,169.93936,,,,-282.90488,515.30212,33.16558,-545.17352,565.04108,230.57919,-521.81073,261.21518,-317.45837,-559.38855,56.74020,147.05225,NA,P4,9
132,1.31,-327.85153,1591.70984,211.33377,,,,,,,-453.72107,1664.04224,170.29193,-288.20309,1505.45703,-60.02268,-581.97290,1517.48486,33.80110,-391.78601,1453.24084,88.25353,,,,-155.80501,1153.87598,-49.41152,-727.84143,1176.52112,85.83891,-168.26076,910.57397,148.16797,-699.07153,898.07520,213.46655,-273.07303,1001.44635,17.42157,-562.11035,1045.18726,180.46190,-488.90411,1040.73633,-76.09162,-271.91711,520.14923,50.77862,-543.20679,564.74078,236.75075,-516.37799,264.15854,-295.64035,-559.31879,57.80673,146.98451,NA,P4,9
133,1.32,-323.20792,1593.46545,221.76486,,,,,,,-449.07153,1666.12305,181.09637,-285.56958,1507.49341,-51.62096,-577.35754,1520.19031,45.25557,-387.03754,1455.39661,97.02318,,,,-152.20160,1155.72742,-44.12206,-722.52325,1179.55029,99.72782,-161.23410,913.19470,154.19583,-691.21094,900.93207,227.00726,-269.13898,1004.95258,24.67693,-556.55780,1046.32263,191.71423,-485.70776,1042.97461,-65.84492,-259.39557,525.85590,67.80911,-541.47467,564.48358,242.28793,-509.69812,265.32709,-273.96069,-559.14972,57.95520,147.04961,NA,P4,9
134,1.33,-317.97043,1594.93311,231.82600,,,,,,,-443.84927,1667.89844,191.93076,-282.13284,1510.17969,-42.92252,-572.94275,1523.00586,57.64382,-381.77362,1457.62305,106.92960,,,,-147.95598,1158.38110,-39.28172,-717.07031,1182.57141,114.03622,-154.07167,916.11328,160.09399,-682.35352,903.43048,239.85529,-265.31772,1008.01031,32.33107,-551.67352,1047.36926,202.90767,-482.62900,1045.46216,-55.95267,-248.61954,531.18695,83.60314,-539.14111,563.59985,245.76115,-503.15176,264.66937,-250.25137,-558.33392,57.76440,146.93745,NA,P4,9
135,1.34,-313.50974,1596.30652,242.18712,,,,,,,-439.04825,1670.04236,202.44818,-278.79611,1512.36011,-35.00610,-568.70752,1525.62122,69.58507,-376.18597,1459.60510,115.98860,,,,-144.37227,1160.56177,-34.48529,-712.25159,1185.48901,128.77698,-146.52467,919.28046,165.71054,-674.22772,906.49945,253.36507,-261.58673,1011.31812,39.46455,-546.06738,1048.22864,213.08020,-479.47482,1047.08411,-45.77391,-236.55994,536.95154,100.20926,-536.43042,562.24091,249.16312,-495.23865,263.34064,-226.62633,-558.09052,58.13913,147.12196,NA,P4,9
136,1.35,-307.78888,1597.57715,251.92920,,,,,,,-433.65152,1671.48926,212.67424,-276.14835,1513.58740,-27.61552,-563.48651,1528.33093,81.75496,-371.67776,1461.53235,125.58533,,,,-140.99164,1162.62878,-30.38558,-707.44379,1188.26367,143.10939,-138.84760,921.83002,171.29060,-666.07715,909.48322,267.39572,-257.07675,1015.22662,48.16094,-540.59827,1048.92896,223.37996,-476.06339,1049.10828,-36.99539,-224.08488,543.37006,115.92002,-533.73859,561.68811,251.51540,-487.59546,260.97931,-202.38341,-557.59308,58.75839,147.35408,NA,P4,9
137,1.36,-302.78131,1598.47644,261.84454,,,,,,,-428.80991,1673.03638,222.95267,-272.77429,1515.75464,-17.89214,-558.55115,1530.62622,93.47489,-366.49094,1463.37842,134.85379,,,,-137.47336,1164.24365,-26.21908,-702.48474,1190.93774,157.35112,-132.00436,924.59357,176.73558,-657.55774,912.50598,280.98898,-253.21307,1018.24567,55.89753,-535.50708,1048.98047,233.63460,-472.77444,1050.41345,-27.51302,-212.48109,549.13068,131.32913,-531.07452,560.74048,254.28833,-479.17090,257.43570,-177.64978,-557.34296,59.03997,147.31126,NA,P4,9
138,1.37,-298.37457,1599.87512,271.92255,,,,,,,-424.01340,1674.49084,233.22360,-269.03101,1517.66589,-10.34704,-553.75391,1532.81812,105.59048,-361.74860,1465.28552,144.30426,,,,-134.68060,1165.42041,-22.34467,-697.03564,1193.41931,170.85515,-124.59770,927.41071,181.61829,-648.69037,915.74896,295.31354,-249.11943,1020.99548,63.46240,-530.75964,1049.30554,244.14011,,,,-200.74640,554.74878,146.56880,-528.73639,559.73419,257.31610,-470.19351,251.85469,-151.76532,-556.67273,59.32012,147.19363,NA,P4,9
139,1.38,-292.30261,1600.17773,281.32932,,,,,,,-418.68201,1675.28210,243.19705,-266.24301,1518.58594,-3.07675,-547.93176,1534.87988,117.15579,-355.78339,1466.28430,153.28638,,,,-130.86902,1166.75720,-18.47463,-691.79932,1195.86743,184.95462,-116.46751,929.69336,186.85780,-639.62695,918.17303,308.70578,-245.29427,1023.60785,71.77158,-526.00800,1049.72754,253.82832,-465.68057,1052.13965,-9.19750,-188.65237,560.66425,161.45128,-526.98547,559.83228,260.82562,-460.41168,247.40472,-127.01670,-556.88495,58.22449,146.03410,NA,P4,9
140,1.39,-287.46063,1600.90686,291.12814,,,,,,,-412.99548,1675.79517,252.89262,-262.57138,1519.15552,4.77282,-543.08026,1536.81628,129.11223,-349.63046,1467.42041,162.46043,,,,-128.21097,1167.86646,-14.31513,-686.56262,1198.12048,199.12242,-108.97148,932.12158,191.66690,-630.43683,922.07477,322.95074,-240.98904,1025.85022,80.05632,-520.72736,1049.48523,263.35806,-461.98941,1052.48267,0.08915,-177.08606,566.65503,174.52016,-524.21161,558.95886,263.87415,-448.97702,240.28891,-101.50175,-556.12769,59.37830,147.23639,NA,P4,9
141,1.4,-282.64694,1601.58545,300.94653,,,,,,,-408.12848,1676.51917,262.92776,-258.75562,1520.80713,12.89985,-537.44525,1537.98157,140.48117,-345.43616,1468.41187,171.60396,,,,-124.39065,1168.70044,-10.17646,-681.12317,1199.89343,213.16811,-101.00769,933.42078,196.57686,-621.81934,925.37085,336.78580,-237.11911,1027.99609,88.09534,-515.62738,1049.14343,272.90616,-458.28119,1052.81140,9.41639,-165.46558,572.47424,188.48291,-522.30450,558.10760,267.87231,-436.58603,232.98096,-76.37586,-555.96564,59.78081,147.54599,NA,P4,9
142,1.41,-276.71976,1601.64734,310.28793,,,,,,,-403.03439,1677.08984,272.75128,-254.95947,1521.95264,21.05005,-532.15509,1539.43396,151.91199,-339.94427,1469.44238,181.18486,,,,-121.62627,1169.19495,-6.28491,-675.73413,1201.74744,226.92786,-93.67793,935.25507,201.34189,-613.01190,927.22235,351.33478,-232.72438,1029.99255,95.68259,-511.22784,1049.40137,283.50186,,,,-154.66902,578.17694,201.31296,-520.65234,557.62561,270.81543,-424.25253,224.11147,-48.08453,-555.84985,59.92761,147.62563,NA,P4,9
143,1.42,-271.39478,1601.95361,319.87482,,,,,,,-398.01053,1677.73169,282.54230,-250.85004,1521.02441,29.39522,-526.23267,1540.25415,162.98097,-333.46936,1469.57458,189.80298,,,,-118.80637,1168.31775,-2.83066,-670.20728,1203.31616,240.58992,-85.94543,936.03827,205.70810,-604.21136,929.92853,365.31470,-228.49524,1031.41589,103.10188,-505.59747,1048.91455,292.95465,-450.42340,1053.26367,28.43950,-143.91965,583.67889,213.78024,-519.04541,557.49316,274.90106,-409.19897,214.85890,-21.44930,-555.74091,60.11710,147.64465,NA,P4,9
144,1.43,-266.74353,1602.19250,329.75223,,,,,,,-392.53540,1677.93494,292.06674,-246.41068,1521.07227,38.65360,-520.69781,1541.14624,174.36090,-328.03043,1469.66016,198.84422,,,,-115.33418,1168.51917,2.23552,-664.54260,1204.69177,254.82632,-78.88492,937.18994,210.51082,-595.44446,932.70343,379.80469,-224.22644,1033.04346,110.71737,-500.41769,1048.52673,302.23401,-446.41843,1053.28723,38.03731,-134.15433,588.89185,226.15524,-516.82098,556.23328,278.46878,-393.51294,205.35896,5.73173,-555.45679,60.29467,147.64957,NA,P4,9
145,1.44,-261.40173,1602.34094,339.29153,,,,,,,-386.41873,1677.88306,301.37936,-242.78433,1521.45642,45.12350,-514.87946,1541.34387,185.58270,-322.94037,1469.61755,207.98299,,,,-112.18851,1168.24207,6.50151,-659.28564,1205.72058,268.37836,-70.43671,937.40692,215.17937,-586.63666,934.63953,393.89340,-219.59268,1034.31726,119.60007,-495.46048,1047.70593,311.97339,-442.37872,1053.33240,46.14307,-123.42490,594.22681,237.92845,-515.30817,555.58051,281.30389,-376.86359,195.61740,32.08017,-555.10059,60.65416,147.69739,NA,P4,9
146,1.45,-255.54903,1602.24744,348.70380,,,,,,,-380.76785,1677.67859,310.77954,-238.10483,1520.89978,53.69259,-508.98227,1541.45032,196.50583,-317.13806,1469.73462,216.82135,,,,-109.00964,1168.14490,11.06799,-653.48108,1206.62598,281.94620,-64.58798,936.79913,217.62608,-577.85333,936.85699,408.07455,-215.28355,1035.23657,127.55974,-489.48599,1046.66577,321.38828,-438.19095,1054.05566,53.66890,-114.20287,598.59943,249.13458,-513.20850,555.00281,285.12109,-357.34424,185.31160,58.40506,-554.80414,61.06716,147.65996,NA,P4,9
147,1.46,-249.90143,1601.51355,358.17682,,,,,,,-375.17398,1677.35022,320.19943,-234.47186,1519.60767,60.88552,-502.93835,1541.18030,207.27444,-310.48407,1468.44006,225.29501,,,,-105.93147,1167.74084,16.12489,-647.74017,1207.21191,295.49570,-57.38502,937.12329,222.24423,-568.77472,938.32599,422.59189,-210.60898,1035.57043,137.24193,-484.39108,1045.47742,331.31137,-433.75436,1053.77319,63.62223,-104.94429,603.06470,259.92416,-510.78809,554.05780,288.42548,-338.06711,174.25049,85.21301,-554.62598,61.37550,147.89798,NA,P4,9
148,1.47,-243.74599,1600.99011,367.29233,,,,,,,-369.42133,1676.82056,329.45706,-228.99634,1519.72437,69.69109,-497.32590,1541.07935,217.96397,-304.61371,1468.13513,234.24619,,,,-102.36322,1166.49207,21.11701,-641.78900,1207.55249,308.91800,-49.98572,936.18634,226.11060,-559.49127,940.43158,436.43414,-205.90813,1036.21960,143.98271,-479.39709,1044.74695,341.00284,-429.26620,1053.36682,72.07484,-96.54079,606.22510,270.82254,-508.74524,553.52136,292.12399,-318.01309,164.06320,112.22948,-553.94653,61.71500,147.77835,NA,P4,9
149,1.48,-237.96722,1600.01855,376.51810,,,,,,,-363.96338,1676.14014,338.73596,-224.73100,1518.18518,77.19163,-491.32056,1540.57874,228.94682,-299.11700,1466.97327,243.30235,,,,-99.31284,1165.52307,25.30471,-635.45721,1207.71948,321.99829,-42.70980,935.40228,229.89571,-551.06671,942.23773,451.20361,-201.31282,1036.70996,151.97778,-474.24463,1043.77625,350.39984,-424.96082,1052.63464,82.45077,-88.64811,609.27271,280.93784,-505.71335,552.41321,294.48300,-295.76105,153.19945,139.53616,-553.60620,62.02351,147.75006,NA,P4,9
150,1.49,-232.87617,1599.53589,386.04865,,,,,,,-358.32547,1675.42908,347.89240,-220.34880,1517.22644,84.57359,-484.71341,1539.86914,239.07457,-292.50082,1465.76123,251.84804,,,,-97.04745,1164.45264,30.72586,-629.56488,1208.19312,335.36548,-35.72540,934.00726,233.06435,-542.89941,943.92230,465.57803,-195.61432,1037.57605,162.78967,-467.36914,1041.60303,359.04834,-420.06165,1051.88977,91.96106,-80.69967,611.14417,290.64575,-502.82050,551.80457,298.92798,-272.69363,141.62039,166.73347,-553.37286,62.62404,147.89726,NA,P4,9
151,1.5,-227.83350,1598.74915,395.50940,,,,,,,-352.94992,1674.73975,357.16351,-215.46043,1516.28613,93.12436,-478.40768,1538.84009,249.47710,-285.96667,1464.47937,260.41318,,,,-91.95441,1163.09192,36.05902,-623.04779,1207.80139,348.50269,-29.40614,932.31622,237.03815,-532.38959,943.81812,478.76346,-190.88658,1036.10730,170.50053,-461.18585,1040.33557,370.32135,-415.08127,1051.72205,99.02760,-73.98830,612.85748,299.41071,-499.14771,551.00513,301.72186,-248.07947,131.64796,193.39897,-552.94165,63.39368,147.78130,NA,P4,9
152,1.51,-221.79179,1597.68823,404.60367,,,,,,,-346.95523,1673.51892,366.34052,-210.02464,1514.85010,102.22256,-472.39938,1538.07190,259.87698,-280.20673,1463.45593,269.31100,,,,-88.42171,1161.87634,41.56861,-617.07129,1208.35510,361.52222,-22.96069,929.82788,240.73042,-524.15576,945.91589,493.51950,-185.41187,1035.63257,178.20638,-456.51611,1038.36609,377.63611,-410.22595,1050.24280,110.57403,-67.81958,613.02747,308.28452,-495.91666,550.02045,305.91428,-223.27277,120.50911,220.80850,-552.45514,64.04900,148.00127,NA,P4,9
153,1.52,-215.77737,1596.59485,413.73389,,,,,,,-340.99454,1672.33521,375.39011,-204.63664,1513.42578,109.84666,-465.90778,1537.03333,269.55588,-273.55923,1461.67346,278.00595,,,,-86.15932,1159.82654,47.21959,-609.76428,1207.55798,374.38361,-15.61930,927.85168,244.05435,-514.56653,946.76495,507.78256,-180.35976,1034.55518,186.93163,-450.91141,1036.90771,387.04324,-404.59808,1049.69958,118.49427,-62.45399,613.01288,316.60699,-492.14462,549.29242,309.81158,-196.61520,110.45787,247.27722,-551.92511,64.87756,148.45680,NA,P4,9
154,1.53,-209.75533,1595.54004,422.97705,,,,,,,-335.00732,1671.24292,384.35620,-199.00748,1512.18213,119.39983,-459.45410,1535.89783,279.74280,-267.26477,1460.38416,286.65268,,,,-82.56636,1158.65942,52.96919,-602.74945,1206.89832,386.54565,-9.61389,925.17249,246.39928,-505.72852,947.23553,520.92334,-174.65981,1033.58545,195.61797,-444.54730,1034.90686,395.96490,-399.13269,1049.27234,126.59838,-57.61153,611.68231,324.87140,-488.78259,548.34790,314.01013,-169.36073,101.19854,273.89575,-551.32092,65.50275,148.64771,NA,P4,9
155,1.54,-204.31894,1594.36169,432.43027,,,,,,,-329.24316,1669.72375,393.48993,-193.34389,1510.83997,126.97220,-453.02823,1534.77197,289.60724,-261.32382,1459.02258,295.70163,,,,-78.60472,1157.07593,58.57509,-595.97626,1206.73010,399.31961,-3.26277,921.20367,250.25134,-496.60638,947.88611,534.31396,-168.37117,1032.46619,203.95227,-438.68878,1032.90112,404.71976,-392.93088,1048.29053,136.79999,-53.46859,609.18213,332.64261,-484.81046,547.56573,317.67114,-141.38129,92.55524,300.52396,-550.74469,66.18588,148.66170,NA,P4,9
156,1.55,-197.84164,1592.83508,441.53442,,,,,,,-323.10382,1668.75085,402.34970,-187.85580,1509.28467,135.75887,-446.48090,1533.10706,299.12769,-254.70502,1457.27356,304.39227,,,,-74.13300,1155.19910,65.01371,-587.36047,1205.06580,411.26913,3.27577,918.95007,253.42728,-488.07925,948.42261,547.95306,-162.38295,1030.96143,213.10713,-430.96021,1030.30481,413.34518,-386.84296,1047.95264,144.19609,-50.28946,605.34875,339.63464,-482.01709,546.73871,321.86066,-112.63092,84.59310,327.27985,-550.23175,67.43478,149.03336,NA,P4,9
157,1.56,-192.06114,1591.84302,450.98761,,,,,,,-316.88647,1667.18848,411.25989,-181.97588,1508.31970,144.20947,-439.83380,1532.09106,308.97211,-247.63087,1455.64111,312.99054,,,,-69.80499,1153.87708,70.34633,-579.94495,1204.37781,422.94662,10.90745,915.51953,255.55830,-478.79532,949.32617,561.37079,-155.65816,1028.99658,222.57663,-425.02213,1028.97217,423.46906,-380.51178,1046.64954,154.10817,-47.16852,601.23877,345.94510,-478.58163,546.41333,326.61111,-84.03575,79.02798,352.47476,-549.72858,68.50975,149.13535,NA,P4,9
158,1.57,-185.71532,1590.50171,460.17096,,,,,,,-310.44077,1665.54614,420.09509,-175.98666,1506.34082,152.59850,-433.14651,1530.27795,318.65997,-240.99770,1454.08289,321.81122,,,,-65.10044,1152.03394,76.89656,-573.33936,1203.97571,435.09048,15.80959,911.72095,259.37933,-469.97342,949.65680,574.37372,-148.89340,1027.29248,231.73187,-418.66086,1027.04797,431.98352,-373.30728,1045.52979,163.08040,-44.63250,595.96265,352.38297,-475.30179,545.64551,330.28967,-55.34475,75.36313,376.88950,-549.34137,69.99682,149.33432,NA,P4,9
159,1.58,-179.80228,1589.41797,469.45435,,,,,,,-305.26700,1664.50012,429.21216,-169.56578,1504.37561,161.29620,-426.26755,1528.70227,328.01880,-234.63301,1452.37683,330.91782,,,,-60.70722,1150.43970,83.17843,-565.35138,1203.06274,446.33868,22.26546,907.44257,262.77664,-461.17990,949.71869,587.43842,-141.34077,1025.66431,240.85789,-411.89563,1025.48584,440.81583,-366.13879,1043.49023,173.99640,-42.05754,589.93713,358.54913,-471.79718,544.77441,335.48343,-28.76478,73.16766,401.60815,-548.37781,71.51117,149.73544,NA,P4,9
160,1.59,-172.84296,1587.95325,478.56064,,,,,,,-298.30368,1662.64246,437.74524,-163.01326,1503.39172,170.72894,-419.30930,1527.24426,337.11029,-227.69997,1450.52734,339.70682,,,,-55.19476,1148.82312,89.62293,-557.84003,1201.98291,457.31586,28.90405,903.88275,265.84290,-452.00137,950.07782,600.84399,-133.76335,1023.98541,250.22690,-405.40329,1023.89063,450.06711,-358.79138,1042.28333,182.30498,-38.97839,584.29675,363.65738,-467.77341,544.91559,340.55856,-3.06148,72.38377,424.41412,-547.76587,72.75150,150.34779,NA,P4,9
161,1.6,-166.83315,1586.20410,487.97888,,,,,,,-292.48672,1661.29089,446.56094,-156.48328,1501.19897,179.49187,-412.48425,1525.31116,346.87042,-220.62511,1448.73938,348.53677,,,,-50.13820,1146.89819,96.28799,-550.20746,1199.65918,469.29745,35.57162,899.58563,268.66110,-442.86438,949.91925,613.11206,-125.95292,1021.41229,260.33206,-398.21783,1022.27283,459.00281,,,,-35.54678,579.36456,369.15552,-464.15939,544.43109,345.93008,20.62023,73.48740,445.69876,-546.99933,74.70470,151.01419,NA,P4,9
162,1.61,-160.50079,1584.96289,497.01447,,,,,,,-286.44531,1659.58459,455.30490,-150.08293,1499.22961,187.13696,-404.97705,1523.58154,355.78589,-214.10181,1447.12585,357.52341,,,,-45.23927,1144.86755,102.84052,-542.80890,1198.98694,478.82489,41.83546,895.74463,271.85538,-434.68945,950.49237,625.61823,-117.80175,1019.33856,271.02478,-391.13379,1019.88129,468.71625,,,,-30.35532,575.31018,374.00449,-460.03448,543.99982,351.82574,41.33062,75.68828,465.62170,-546.20929,76.91383,151.26506,NA,P4,9
163,1.62,-153.45213,1583.20276,505.92062,,,,,,,-280.18140,1657.82385,463.88968,-143.34377,1497.04797,194.58189,-398.11951,1521.38745,365.16016,-206.37679,1445.11340,366.27921,,,,-39.59723,1143.02759,109.94620,-534.47498,1196.77808,489.71967,47.83508,891.27991,275.50620,-426.04971,950.15417,637.84930,-110.20525,1017.40002,281.50653,-384.24957,1018.48785,477.87186,-335.23355,1035.67542,212.07771,-23.51093,571.88501,379.41037,-456.22745,543.91223,358.60461,57.99033,77.11274,483.28052,-545.28540,79.44364,151.83670,NA,P4,9
164,1.63,-148.07687,1582.12305,515.24603,,,,,,,-273.97491,1656.19763,472.44263,-135.71381,1495.61914,205.47313,-390.77255,1519.47961,373.81577,-199.00273,1443.29919,375.11182,,,,-33.55517,1140.94434,116.73564,-526.93134,1195.30566,500.10809,54.31838,887.15289,278.82721,-416.55658,949.85431,649.70599,-102.20336,1015.57062,291.38419,-376.56693,1017.00189,487.72400,-326.89926,1033.44897,221.29382,-15.67186,569.48969,385.62469,-450.89407,543.28522,365.18027,72.64825,76.43718,499.72870,-544.58099,81.95575,153.35283,NA,P4,9
165,1.64,-141.46721,1580.85974,524.13525,,,,,,,-267.62872,1654.44617,480.87952,-128.51205,1493.55066,214.61443,-383.58252,1517.58801,382.68048,-190.67290,1440.90210,383.05353,,,,-27.41054,1139.17114,123.87643,-517.91193,1192.71777,509.81680,60.45905,882.81696,281.70102,-408.34274,949.54553,661.53778,-94.33735,1013.80463,301.59607,-370.07611,1014.98645,497.01166,-318.83026,1032.04810,229.45700,-6.38513,566.72772,392.83200,-445.28506,542.14532,372.71295,83.83363,74.12645,514.04218,-543.78094,84.95791,154.49730,NA,P4,9
166,1.65,-135.47484,1579.21338,533.50031,,,,,,,-260.66006,1652.94128,488.95987,-121.26639,1491.36841,223.15242,-376.45929,1515.63342,390.99594,-183.10081,1439.45276,392.06058,,,,-20.57302,1137.23206,130.47363,-510.72430,1191.84253,519.84088,67.64297,878.20795,284.91608,-399.01187,949.16559,673.00964,-86.81026,1011.63550,311.56754,-362.65198,1012.87909,507.12842,-310.39056,1030.45850,238.64490,4.24479,564.80347,401.12158,-438.90939,541.53876,380.72992,93.45402,70.39576,525.42377,-543.00934,87.84098,155.42250,NA,P4,9
167,1.66,-129.75380,1579.32947,542.57965,,,,,,,-253.82651,1651.27600,497.19443,-113.31612,1490.66602,231.37962,-369.38016,1513.68848,399.34830,-175.57509,1438.15454,400.77963,,,,-14.15517,1135.13489,138.10078,-503.51218,1189.63977,529.95654,73.01164,873.89447,288.48315,-390.68716,948.82324,684.16376,-79.31243,1009.88202,321.09180,-354.29987,1011.36127,515.92401,-301.55096,1028.54346,248.12035,14.52942,563.65344,409.82803,-433.13916,541.36084,389.32129,100.27453,66.94785,532.87964,-541.97809,91.45860,157.22188,NA,P4,9
168,1.67,-123.16133,1578.07471,551.94794,,,,,,,-248.25644,1650.49097,505.82901,-105.97309,1488.74451,239.78056,-362.51324,1512.37292,407.62656,-167.86584,1436.85437,409.78439,,,,-7.25450,1133.35303,146.66786,-495.22650,1188.48865,538.00403,79.05968,869.73920,291.69553,-382.13321,948.24243,694.57416,-70.20090,1009.53711,330.68668,-345.95575,1009.76221,525.55646,-293.29160,1026.99792,258.00040,25.32898,562.69434,420.39651,-425.99838,540.62048,397.81058,105.08264,64.36837,536.27539,-541.27515,95.11412,159.21371,NA,P4,9
169,1.68,-117.48190,1578.12964,561.26471,,,,,,,-241.17087,1648.87256,514.03418,-97.14915,1487.02747,249.90131,-354.99673,1510.83899,415.80667,-160.53091,1435.70032,419.05151,,,,-0.65248,1131.93518,154.35403,-486.25854,1186.18384,546.68793,85.41187,865.71637,295.75247,-373.16666,947.68018,704.84406,-61.55954,1008.73688,340.34497,-336.39450,1007.68103,536.62476,-284.84933,1026.10303,267.28876,35.66296,563.09509,431.53531,-419.19266,539.79321,407.07156,108.50309,61.51033,538.03094,-539.77014,99.33226,161.06306,NA,P4,9
170,1.69,-109.89554,1577.42773,570.17615,,,,,,,-235.28510,1648.89917,522.42267,-89.85809,1485.87134,257.59088,-347.61694,1509.72205,424.41403,-152.66087,1435.04517,428.19495,,,,6.59033,1130.93823,162.85924,-478.49774,1185.18262,555.66168,91.81033,861.95831,298.98065,-365.35556,947.39252,715.29736,-51.51957,1009.31604,349.64310,-326.39752,1006.31586,546.42261,,,,45.73385,563.55444,443.98093,-411.22549,539.78613,415.93311,109.76865,60.49251,539.21539,-538.36438,103.60622,163.42815,NA,P4,9
171,1.7,-103.94186,1577.36682,579.54535,,,,,,,-228.65900,1647.42322,530.54285,-81.62666,1485.35986,265.57178,-339.82550,1508.12903,432.94223,-144.73206,1434.29724,436.91690,,,,14.47504,1129.75146,171.84953,-470.33575,1183.63794,563.94299,97.55965,857.89038,303.55899,-356.68839,946.97705,724.56262,-42.29491,1009.13147,360.45441,-316.37976,1004.94305,557.83405,,,,55.29824,563.92212,456.22696,-402.77393,538.95520,424.52997,111.27486,59.66204,541.36169,-536.38184,108.84235,166.19209,NA,P4,9
172,1.71,-97.59145,1577.27539,588.54126,,,,,,,-223.39435,1647.33301,538.72766,-73.93484,1483.86438,275.14075,-331.95218,1506.96570,441.20926,-136.27858,1433.98669,445.55280,,,,21.58870,1128.53369,180.50221,-461.86328,1181.36621,571.31573,102.94512,854.68866,308.34039,-349.03812,947.26440,734.17352,-32.41196,1008.97772,370.60172,-305.47394,1004.26837,568.53583,,,,64.86395,564.20020,468.11682,-394.93097,539.37128,434.78198,112.32019,61.21798,544.23083,-533.94214,113.74580,169.51361,NA,P4,9
173,1.72,-92.07187,1577.51074,597.80609,,,,,,,-216.47572,1646.82507,546.43518,-65.12708,1482.99316,285.05704,-323.87286,1506.13013,449.46796,-128.80978,1433.69067,454.76889,,,,29.31194,1127.50952,189.23412,-453.76367,1180.55664,579.15765,109.21671,851.23431,312.95120,-340.73331,946.86450,742.61829,-23.96695,1009.69910,380.78857,-295.30182,1003.43036,579.70618,,,,74.41122,564.43396,478.50150,-387.43161,539.93799,445.73547,113.40984,61.52285,547.81720,-531.33417,119.87007,173.14081,NA,P4,9
174,1.73,-85.04310,1577.72803,606.58667,,,,,,,-210.42047,1646.53369,554.46881,-56.52921,1482.48792,293.76382,-316.18262,1505.57690,457.88800,-119.53396,1433.77600,463.52878,,,,36.82116,1127.00366,198.14677,-445.86548,1179.64514,585.51160,114.37517,847.43341,317.53671,-333.30438,946.43127,751.85718,-13.18759,1011.43616,390.87695,-284.44678,1002.89526,592.13300,-237.42059,1023.20618,320.65344,84.68855,564.77472,487.98898,-378.36301,539.59271,456.54602,115.87093,62.37732,549.98584,-527.64532,126.38063,177.30850,NA,P4,9
175,1.74,-79.10280,1578.92590,615.71771,,,,,,,-204.32938,1647.55249,562.47217,-48.74488,1483.45923,301.59103,-308.27036,1505.40515,466.12729,-111.68340,1435.28076,472.75455,,,,44.90939,1126.41321,207.55721,-436.63800,1177.58093,592.80078,120.29498,845.38098,323.37915,-325.51282,945.99115,760.56506,-3.60869,1012.16437,401.80814,-274.48422,1002.93390,602.06116,,,,94.87823,565.03851,496.96274,-369.80188,540.67297,469.49942,117.52522,63.21515,551.39545,-522.81604,133.32529,181.88721,NA,P4,9
176,1.75,-73.03642,1580.15027,624.77747,,,,,,,-197.63379,1648.58606,570.47632,-40.40123,1484.05420,309.76086,-300.32596,1505.41858,474.12482,-102.87401,1436.26465,481.35764,,,,52.62115,1126.65491,217.38791,-428.44437,1177.01160,599.83893,125.57709,843.18549,329.38596,-317.91742,946.28931,768.01465,6.88538,1013.66113,411.59607,-265.22568,1002.19397,611.19983,,,,105.13175,566.31024,506.71017,-359.46494,541.75439,483.15955,118.97014,63.29428,551.99414,-517.66650,141.06361,187.72757,NA,P4,9
177,1.76,-66.97089,1581.83850,633.84235,,,,,,,-190.56110,1649.52283,578.06708,-32.34632,1484.70679,317.32629,-292.28876,1506.21191,482.58649,-94.60727,1438.19080,490.04962,,,,61.01888,1127.43481,226.96678,-419.87683,1177.08948,606.81232,131.00488,841.37146,334.12677,-310.93115,946.44958,775.06158,16.20485,1015.60553,422.35373,-255.01158,1003.64221,621.71649,,,,115.16309,566.66382,516.49408,-348.43597,542.24243,498.37970,121.02414,63.38464,553.73444,-511.48303,150.05501,193.69724,NA,P4,9
178,1.77,-60.90673,1583.99353,642.88751,,,,,,,-183.93869,1650.66821,585.67578,-24.17186,1486.18384,325.05148,-284.07080,1507.34912,490.72681,-85.57319,1440.03320,498.84558,,,,68.69173,1128.72241,236.80531,-411.30182,1177.85095,613.27838,136.94267,840.38245,340.60529,-304.86920,947.44458,782.32587,25.38374,1017.46307,431.93411,-245.41347,1004.04126,632.11334,-198.68871,1026.79089,361.73758,124.72318,567.90625,525.13300,-336.53876,541.65814,514.68835,122.14465,64.00157,555.33344,-503.61975,159.80229,200.39320,NA,P4,9
179,1.78,-55.13527,1586.44434,652.30701,,,,,,,-177.77469,1652.32800,593.47174,-15.84564,1487.48914,333.83801,-276.06616,1508.94910,498.97028,-77.70955,1442.25574,508.23083,,,,76.46313,1130.05005,246.32574,-402.93256,1178.72473,619.55927,142.25798,840.04083,347.33279,-297.39590,947.88788,789.46307,35.04375,1019.85535,441.28827,-235.91902,1004.60608,641.80573,,,,133.96451,568.29462,533.28735,-323.22006,538.97577,532.39606,123.11496,64.79734,555.35474,-494.70081,171.13525,208.11667,NA,P4,9
180,1.79,-49.62095,1589.65588,661.71924,,,,,,,-171.65463,1654.67932,601.49731,-7.34172,1489.64771,343.70761,-267.72601,1510.59546,507.49457,-68.88277,1444.43530,517.42822,,,,84.99640,1131.87036,256.20596,-394.36166,1179.99646,625.96515,149.18964,840.58453,355.23950,-290.21048,948.27942,796.08582,44.19247,1022.22058,450.84363,-227.19405,1004.76215,651.01013,-181.06596,1028.95093,382.00653,143.19086,569.82806,541.14056,-308.98935,536.04883,550.73993,123.40388,64.93527,555.82617,-484.09714,183.12607,216.30606,NA,P4,9
181,1.8,-42.71820,1592.63904,670.96423,,,,,,,-165.29561,1657.06042,609.56329,1.21202,1491.47107,353.84634,-259.45657,1512.38208,515.84985,-61.02514,1446.32373,526.79944,,,,92.77531,1133.86035,265.71054,-386.11658,1181.09863,632.36212,155.14374,841.51294,363.55933,-283.34171,948.98621,802.20892,53.00793,1024.91956,460.08545,-218.19403,1005.95099,659.95905,,,,152.33691,571.14728,548.20697,-295.06821,533.74390,569.89478,123.39346,65.05253,556.15680,-472.23389,195.42657,226.16306,NA,P4,9
182,1.81,-36.65532,1595.68933,680.60889,,,,,,,-158.93167,1659.24475,617.61908,10.38073,1494.01428,363.64032,-251.59236,1514.64563,524.69501,-51.99721,1448.37622,535.49762,,,,101.16806,1135.95142,275.69965,-378.04263,1182.65540,638.51385,161.44104,842.36475,371.75101,-276.70905,949.29138,807.38464,60.39304,1026.99756,469.40369,-211.42511,1006.31555,668.48450,-164.81412,1031.10278,400.17804,160.35596,572.59302,555.06000,-280.51019,531.06934,589.04620,123.49850,65.44232,556.48645,-458.65018,208.67979,237.13322,NA,P4,9
183,1.82,-30.80011,1599.31116,690.24823,,,,,,,-153.34242,1661.79211,625.88104,18.71911,1496.12378,373.05307,-243.30502,1516.93604,533.01086,-44.38182,1450.59216,545.27106,,,,109.99935,1138.40991,284.93594,-370.39325,1184.18323,644.83594,167.26295,843.98016,381.28098,-270.10184,949.86096,813.49219,69.12013,1030.27844,478.57025,-203.19696,1007.37732,677.60291,,,,167.24510,573.08191,561.34851,-266.27759,529.02600,608.99182,123.69076,65.70899,556.60040,-444.66196,222.21513,249.91068,NA,P4,9
184,1.83,-25.68570,1603.05127,700.03302,,,,,,,-147.27477,1664.20105,633.96667,27.84748,1498.10938,382.58066,-235.64830,1519.16223,541.71832,-37.12246,1452.65332,555.16962,,,,118.14314,1140.50476,294.26642,-363.28326,1185.73145,651.41779,174.20520,846.00732,390.92877,-263.40015,950.16235,819.34637,76.29241,1032.44836,487.82816,-196.43771,1007.85889,685.18060,-150.24913,1034.16736,417.26331,173.71114,573.23346,567.04840,-251.80486,527.59845,628.75916,123.73719,65.86173,556.86957,-428.35617,235.51164,263.41406,NA,P4,9
185,1.84,-19.90103,1606.22632,709.79816,,,,,,,-140.76077,1666.27161,642.23334,36.77636,1500.40979,394.68384,-228.19487,1521.45471,550.59106,-29.69911,1454.75000,565.15588,,,,127.32902,1143.23669,303.58536,-355.62234,1187.49182,657.49561,180.71797,848.21899,400.63531,-257.25925,951.21710,824.10461,83.48412,1035.32727,496.44885,-189.46019,1009.38153,693.98566,,,,178.07187,572.60968,570.31708,-236.71677,526.29401,647.51874,123.43975,65.93962,557.65466,-411.84933,248.95940,277.62161,NA,P4,9
186,1.85,-14.13714,1609.98914,719.37939,,,,,,,-135.72032,1669.36768,650.90924,46.51985,1502.33337,406.74768,-220.73602,1523.58557,558.66663,-22.77411,1456.47437,575.08734,,,,136.36420,1145.78479,313.96204,-348.77402,1189.28601,664.04236,187.39352,850.87579,410.91983,-250.46716,951.82727,829.81049,90.51193,1037.71912,504.86270,-183.43640,1010.82935,702.47418,-136.37248,1036.75842,434.58157,181.88211,572.94031,574.29022,-223.68408,527.36755,666.72186,123.45002,66.47249,557.82111,-393.41214,260.47495,292.77313,NA,P4,9
187,1.86,-8.82050,1613.13672,729.15717,,,,,,,-129.91101,1672.01428,659.41364,53.94967,1504.96558,416.11050,-213.63329,1525.75354,567.10522,-16.19606,1458.32300,584.35504,,,,145.31996,1147.96143,323.87982,-342.40729,1191.03394,670.49982,193.83940,853.82520,422.39240,-244.79962,952.43463,834.25781,97.01309,1040.21313,513.76520,-176.32063,1013.61963,710.56567,,,,184.64749,572.33368,577.79486,-209.69630,528.31573,684.96179,123.45048,66.70102,558.02979,-374.57404,269.62018,308.56573,NA,P4,9
188,1.87,-3.14675,1616.11462,738.81494,,,,,,,-124.44028,1674.91809,668.18573,62.48342,1508.51416,424.62152,-206.95129,1528.07483,574.92230,-9.73811,1460.08228,594.13873,,,,154.34549,1150.92090,334.58652,-335.75861,1192.70862,676.67963,201.39557,856.43311,433.57550,-238.74011,953.57843,839.18121,103.89458,1042.39648,522.47906,-171.85046,1015.56836,717.59979,-122.69540,1040.56592,451.20181,186.86450,571.64349,581.34790,-196.37479,530.70099,703.32477,123.35806,67.08441,558.34460,-357.19467,276.45874,323.38138,NA,P4,9
189,1.88,2.21699,1619.28149,748.39398,,,,,,,-118.62610,1677.05334,676.72974,70.49445,1510.85876,436.69318,-200.54413,1530.18982,583.25952,-3.87575,1461.87561,604.39459,,,,163.82903,1153.90918,344.69739,-330.01529,1194.47449,683.22003,207.86308,860.31989,446.02899,-232.47296,954.30182,843.87781,109.83701,1043.88904,531.28009,-165.24022,1019.45422,726.69647,,,,188.89517,570.61859,584.34503,-182.84717,533.98804,721.60181,123.31534,67.74441,558.55066,-340.13574,282.60559,337.66479,NA,P4,9
190,1.89,6.58091,1622.47839,758.16345,,,,,,,-112.84053,1679.12903,685.34808,78.60878,1513.28113,448.93381,-194.28979,1532.24585,590.95050,1.80985,1464.11560,613.87152,,,,172.74843,1156.93604,355.89786,-324.08313,1196.45044,689.10913,215.18510,863.59076,457.96948,-227.07388,955.15161,848.27173,116.10967,1045.45044,539.66748,-158.96765,1023.33496,734.91473,-109.76072,1045.45325,468.34009,190.11533,569.55603,588.41168,-170.76344,538.78192,739.15076,123.25936,68.13306,559.25452,-323.16275,286.48856,353.06189,NA,P4,9
191,1.9,11.31591,1625.10522,767.74805,,,,,,,-107.85783,1681.77100,694.01270,86.39014,1515.93896,459.31775,-188.41733,1534.65930,598.64484,7.43556,1466.32495,623.31671,,,,182.36385,1159.99817,366.73737,-318.86951,1198.57556,695.15887,223.21387,866.79736,470.68271,-221.40758,956.28967,853.30084,122.05509,1046.90906,547.34424,-154.43073,1025.48230,741.64612,,,,190.90497,569.19299,592.35211,-158.05962,543.14899,756.37006,122.89439,68.37148,559.70801,-306.62192,289.43790,369.37033,NA,P4,9
192,1.91,16.08660,1627.52014,777.25897,,,,,,,-103.17892,1684.26685,702.89429,92.92556,1518.70313,469.33047,-182.76965,1536.93457,606.41766,13.28136,1468.72314,632.54010,,,,191.31383,1163.19788,378.37247,-313.78668,1200.57434,700.27240,230.60214,870.37775,483.52341,-216.23303,957.88739,857.52484,129.29712,1048.37268,555.63556,-148.57330,1029.72034,750.26276,-98.06550,1051.82092,482.10840,192.10381,568.93799,596.54474,-146.76242,547.87213,774.19958,122.84884,68.86308,560.37952,-289.86075,290.92657,386.70343,NA,P4,9
193,1.92,21.08610,1629.52844,786.66571,,,,,,,-97.94987,1686.64038,711.51056,99.88632,1521.76672,479.14273,-177.20341,1539.23804,613.81763,18.33490,1470.90051,642.18115,,,,200.62119,1166.20166,390.16840,-309.17035,1202.43298,705.55304,238.01596,874.46875,496.22018,-211.33054,959.25262,861.52063,134.14565,1049.84143,563.55273,-142.82872,1033.06091,758.36676,,,,193.21049,569.37671,601.24054,-135.63586,552.33704,791.08484,122.46590,69.42092,561.21405,-273.34512,291.02530,404.24130,NA,P4,9
194,1.93,24.81468,1631.85645,796.19104,,,,,,,-92.69260,1688.30859,720.20911,106.40230,1524.39185,490.70697,-171.85794,1541.73779,620.78265,23.95318,1473.06689,651.46173,,,,209.71379,1169.42957,401.60336,-304.25153,1204.23889,710.52869,244.69164,877.42682,509.40671,-206.58511,960.95197,866.57031,139.31683,1050.72046,571.53986,-137.64117,1035.76196,765.44989,-87.22227,1056.76843,498.55313,194.59442,569.13403,605.63556,-124.61724,557.06293,807.88831,122.13752,70.03011,561.51685,-256.11862,289.41309,422.58270,NA,P4,9
195,1.94,29.42242,1633.57275,805.50787,,,,,,,-89.71053,1690.65015,729.19891,113.75610,1527.03394,500.51245,-166.05383,1543.69983,628.98755,28.95354,1475.26489,660.77936,,,,218.15065,1172.57874,413.66959,-299.61652,1206.03687,715.28394,253.20422,881.16791,523.71600,-202.20497,962.27960,870.75586,144.49457,1051.70056,579.23901,-131.66522,1039.82385,774.00842,-82.11737,1058.18518,509.01456,195.87225,569.35126,609.73492,-114.45113,562.62256,825.15002,122.10563,70.61402,562.02704,-239.36058,287.12598,441.50851,NA,P4,9
196,1.95,33.06306,1635.43347,814.87567,,,,,,,-84.57082,1692.02698,737.65558,119.78770,1529.92419,510.46490,-160.35648,1545.67944,636.84631,34.22706,1477.27307,669.64954,,,,226.98978,1175.47876,425.43555,-295.55627,1207.81262,720.12616,261.15939,884.72552,537.65698,-198.63943,964.18481,875.25043,149.30580,1052.97571,588.00018,-127.13557,1042.61621,780.73523,-77.18822,1061.00452,516.44946,197.06126,569.40814,613.70020,-104.71353,568.00525,842.13330,121.79958,71.13889,562.53094,-222.25920,283.03775,460.90988,NA,P4,9
197,1.96,36.71131,1637.32324,824.32672,,,,,,,-80.01005,1693.24231,746.35272,126.06108,1532.34351,518.82397,-154.91965,1547.47998,644.56586,39.12758,1479.31848,679.06219,,,,235.56844,1178.48438,437.74466,-291.17114,1209.93835,724.84558,269.57788,888.14850,551.41699,-195.37334,966.14630,880.87982,154.38947,1054.28284,596.10846,-121.71243,1044.67615,786.88281,-72.86842,1063.07703,523.59283,197.56715,569.70880,617.38434,-95.57981,573.72217,858.35095,121.93997,71.43999,562.77740,-203.66211,277.26837,480.72589,NA,P4,9
198,1.97,40.66873,1638.82031,833.67908,,,,,,,-76.65500,1694.84558,755.13947,132.36565,1534.53943,529.20056,-149.62277,1549.48621,652.13025,44.15663,1481.24402,688.32349,,,,244.46951,1180.97278,449.51709,-286.84262,1211.32568,729.54388,277.01102,891.61066,566.36780,-191.96199,967.12115,885.54462,158.30325,1055.03271,603.35760,-117.24059,1047.27979,793.95978,-68.15699,1064.17725,533.10742,198.27608,569.39264,620.89276,-87.17381,579.21130,873.98065,121.86626,71.85330,563.74585,-186.12251,270.85532,500.49252,NA,P4,9
199,1.98,43.97114,1640.59485,843.23340,,,,,,,-72.02682,1695.70605,763.63910,138.49460,1536.02295,537.39734,-144.15979,1551.04541,659.88776,49.64765,1482.97375,697.44891,,,,252.71266,1183.40820,461.27972,-282.86938,1212.84253,733.95514,284.27094,895.64429,581.46222,-189.09970,968.42780,890.50262,162.73875,1055.47058,611.34235,-112.96236,1049.27734,801.50952,-63.63349,1065.68420,541.23706,198.50555,569.36389,624.05267,-79.54004,585.12085,889.90436,121.60524,72.20500,563.35547,-168.27550,263.93616,521.42230,NA,P4,9
200,1.99,47.66695,1641.78564,852.74561,,,,,,,-68.52654,1696.63269,772.37231,144.86560,1537.94067,549.33557,-139.39763,1552.11316,667.81122,54.22449,1484.25989,706.63934,,,,261.22623,1185.39941,473.78140,-278.82642,1214.04382,738.46246,292.36307,897.75647,597.35052,-186.63895,969.88464,896.28058,167.47318,1056.39014,619.05963,-108.95707,1051.55908,808.86084,-59.18314,1067.20374,549.33344,198.73994,569.62622,626.59210,-71.82354,589.98108,904.65814,121.52065,72.41035,563.25604,-150.73369,255.92044,542.68500,NA,P4,9
201,2,50.99922,1643.13330,862.22205,,,,,,,-64.36816,1697.08118,780.88074,150.86588,1540.31860,559.78418,-134.21352,1553.18481,675.87115,58.72157,1485.13257,715.85583,,,,270.43066,1187.48242,485.63034,-274.68820,1214.83569,743.41174,300.23553,901.44586,612.81470,-183.53490,970.65234,902.77576,171.87796,1057.07568,627.36816,-104.98121,1053.44592,816.55164,-54.74580,1068.69177,556.49420,198.78381,569.37476,629.70355,-65.37816,595.16626,919.09375,121.29649,72.72626,563.43164,-132.56578,247.25389,564.07874,NA,P4,9
202,2.01,54.04911,1644.19421,871.85840,,,,,,,-61.74912,1697.96289,789.66840,156.45743,1541.57361,571.26324,-129.22032,1554.10938,683.74115,62.73357,1486.04956,725.76465,,,,278.65131,1188.95923,498.11365,-271.05789,1215.38477,748.11340,306.28244,904.17786,627.32593,-181.99884,969.77594,906.10785,175.87773,1057.36169,635.51526,-100.72761,1055.16431,823.66968,-50.19542,1069.94250,563.75073,199.18103,569.10022,632.99005,-59.19553,600.03729,933.23322,120.99536,72.85258,563.97949,-114.91892,237.99484,587.04388,NA,P4,9
203,2.02,57.57138,1645.12134,881.25623,,,,,,,-57.69356,1698.52771,798.17273,161.73032,1542.28442,582.34857,-124.17780,1554.82776,691.32330,67.47126,1486.80359,734.89374,,,,286.94009,1190.62402,510.76050,-267.40015,1215.86597,753.37909,314.74969,907.51056,642.71295,-180.03595,971.54663,912.60767,180.29625,1057.26465,644.35297,-96.72713,1056.46606,830.92743,-45.56954,1070.31421,572.59247,199.45169,568.81384,636.07501,-53.07312,604.29956,946.18372,120.57540,72.99845,564.28711,-97.90310,228.98459,609.28387,NA,P4,9
204,2.03,60.39366,1645.91589,890.88556,,,,,,,-54.31100,1698.84082,806.84705,167.32060,1542.83606,591.32501,-120.05542,1555.55994,699.72058,71.53479,1486.64038,744.37256,,,,295.16144,1191.42273,523.40332,-263.32861,1216.21423,758.09583,322.35309,909.87793,659.07031,-178.53810,972.00903,918.54504,185.03461,1057.78625,653.41003,-92.74657,1057.40796,838.89313,-41.08346,1071.02637,580.52478,199.86563,568.79303,639.08203,-48.98450,608.87628,959.04071,120.45314,73.20568,564.96722,-79.88638,218.77576,634.40131,NA,P4,9
205,2.04,62.84525,1646.53943,900.53729,,,,,,,-50.66843,1698.82031,815.45898,172.47630,1543.41528,601.42731,-115.50962,1555.52917,708.15424,75.44125,1486.68188,754.24194,,,,302.68051,1192.30029,535.52167,-260.14893,1216.13086,763.73322,329.85379,912.14166,675.25366,-176.81316,969.80292,923.67694,188.92717,1057.38257,660.89496,-88.92271,1058.09021,846.11469,-36.55465,1071.58850,587.90674,200.12393,568.29205,642.19556,-43.83389,611.80615,970.53131,120.27700,73.35966,565.00244,-63.62570,208.80278,659.65631,NA,P4,9
206,2.05,66.04855,1646.97571,909.93298,,,,,,,-47.96288,1698.99487,824.23322,177.91290,1543.03162,614.49792,-111.02629,1555.57190,716.26105,79.90473,1485.96619,763.64917,,,,311.04553,1193.37769,548.56293,-255.93089,1215.96008,768.90979,338.64923,914.78345,691.20160,-174.87263,968.62189,929.58337,193.10014,1056.98108,669.49982,-84.91624,1058.29260,852.98419,-31.90484,1072.56836,595.30225,200.87115,568.30927,644.93750,-39.08421,614.86768,981.59711,120.45157,73.72027,565.07239,-46.24940,197.95366,685.45142,NA,P4,9
207,2.06,68.42109,1647.25854,919.62103,,,,,,,-45.67858,1698.93579,833.22516,182.79965,1542.86401,624.49512,-107.38180,1555.21057,724.67584,83.00249,1485.92065,773.82526,,,,318.84171,1193.53552,561.62671,-252.55670,1215.35376,774.95605,345.67679,916.56335,706.11633,-173.60751,968.00519,934.96454,197.53160,1057.11694,678.59265,-82.29030,1058.60278,860.50555,-27.44617,1072.23499,602.57800,201.43747,567.78534,648.95544,-35.39810,617.20856,992.18054,120.10369,73.85191,565.39819,-29.83225,186.33675,712.87720,NA,P4,9
208,2.07,70.35208,1647.28406,929.37463,,,,,,,-41.67448,1698.49524,841.79016,188.00974,1542.79041,633.48407,-104.02068,1555.15674,733.10809,86.47035,1485.44592,783.50305,,,,325.94580,1193.91553,575.01105,-249.01163,1214.56543,781.09583,353.49774,918.72339,722.27557,-172.32144,966.41895,941.17993,201.60460,1056.45618,687.45837,-78.51950,1057.92627,867.66376,-22.68873,1072.36450,611.64362,202.55460,567.87610,652.29889,-31.49911,618.27081,1002.17578,120.22653,74.24844,565.43451,-15.29038,175.34798,741.19147,NA,P4,9
209,2.08,73.25575,1647.19104,939.02570,,,,,,,-39.54758,1697.98267,850.87964,193.02119,1542.81628,646.43750,-99.26122,1554.00818,741.46100,89.71619,1484.45935,793.37524,,,,332.68359,1194.00659,588.45813,-245.41336,1213.91772,786.92981,361.63107,921.10437,739.91864,-170.86987,964.62109,947.40253,206.17332,1055.65332,696.55316,-75.34988,1057.21606,875.12964,-18.61795,1072.10596,617.86456,203.40555,567.38611,655.91272,-28.50542,619.95758,1011.64813,120.14068,74.30106,565.58594,0.26624,164.38080,769.98413,NA,P4,9
210,2.09,75.26306,1647.25916,948.62390,,,,,,,-36.89777,1697.62036,859.69519,196.48270,1541.94775,656.17468,-96.15144,1553.52600,750.09552,93.05943,1483.54907,803.10889,,,,340.42834,1194.66077,602.05731,-242.03650,1212.92126,793.43158,370.31830,923.33234,755.53778,-170.29248,962.85492,953.32379,210.21692,1054.80481,706.68335,-72.34039,1056.13989,882.57416,-13.54506,1071.52979,626.32214,204.48500,567.04883,659.69061,-24.19769,620.34491,1020.47290,120.14696,74.36190,565.63867,13.68890,153.75955,799.78461,NA,P4,9
211,2.1,76.91985,1646.84473,958.51141,,,,,,,-33.34120,1696.49341,868.53802,200.46455,1541.41846,667.28503,-91.79492,1552.13977,758.42780,95.90298,1482.46387,813.64056,,,,347.35141,1194.59790,614.86975,-238.69807,1211.49280,800.19031,378.20648,925.37421,771.51636,-168.91287,960.65613,959.50305,214.13702,1054.02820,716.19531,-69.93629,1055.46411,889.88196,-8.39204,1071.65564,634.96405,205.53053,567.08411,663.21637,-22.59064,621.25916,1029.81213,119.91198,74.61562,565.87195,26.86217,143.53220,830.04614,NA,P4,9
212,2.11,79.63258,1646.36963,968.14490,,,,,,,-31.28149,1695.42419,877.69257,204.94989,1541.11743,678.48407,-89.46427,1551.20081,767.25903,99.16387,1481.56860,822.89459,,,,354.19827,1194.51782,629.35126,-235.46390,1210.20068,806.92365,386.02597,926.54364,787.51917,-167.61015,958.09625,965.64630,217.50333,1052.15942,724.21277,-66.90789,1054.21863,897.28937,-3.28558,1070.06628,643.20898,206.44592,566.41119,667.97992,-18.14391,619.51160,1036.92371,119.95422,74.77619,566.16364,38.40075,134.04974,861.40326,NA,P4,9
213,2.12,81.70271,1645.23901,978.05865,,,,,,,-30.02402,1694.94910,886.93018,208.97481,1539.99878,689.74933,-86.16893,1550.30798,775.57910,101.88090,1480.15491,833.20209,,,,359.62659,1194.76709,642.87976,-232.06564,1208.31482,814.01654,390.77744,927.44165,804.30334,-166.42671,955.08936,971.86212,222.50824,1051.12427,736.09082,-64.83587,1052.87036,905.25214,1.95428,1069.20667,651.36841,207.58000,565.97278,672.10852,-15.69811,618.53699,1043.90967,119.91689,75.13176,566.36169,49.02993,124.71703,892.52020,NA,P4,9
214,2.13,83.95170,1644.44067,987.81079,,,,,,,-26.73740,1693.60034,895.86340,212.18623,1538.64783,700.81372,-84.12378,1548.94531,784.46381,104.15098,1478.88660,843.29230,,,,366.20840,1194.30054,657.14587,-229.12537,1206.67090,820.65936,398.44366,928.79993,819.36353,-165.57930,952.38403,978.21545,226.70116,1050.18933,747.16217,-62.32320,1051.56140,913.24542,6.67113,1069.05298,660.66150,208.85240,565.64429,676.44684,-12.45267,616.05603,1050.34558,119.92599,75.41687,566.75269,59.75280,116.60708,924.11639,NA,P4,9
215,2.14,85.05698,1643.59851,997.70752,,,,,,,-24.70705,1692.36194,905.13446,216.41377,1537.75244,712.34698,-80.67332,1546.98669,793.05768,106.53063,1477.39648,853.50745,,,,372.41498,1194.18872,671.04211,-225.72987,1204.56689,827.73212,404.79666,929.68781,836.54834,-165.55374,949.42328,984.60034,230.57645,1048.78625,758.03290,-60.00221,1049.84229,921.09235,11.50893,1067.35632,669.14484,210.06038,565.20563,681.15771,-9.45421,613.85449,1056.60706,119.94968,75.53821,566.85724,68.65526,109.14899,955.61401,NA,P4,9
216,2.15,86.21789,1642.43945,1007.69019,,,,,,,-23.45055,1690.89807,914.53271,218.53970,1536.20947,722.67395,-78.32355,1545.18103,801.77490,108.56695,1476.08594,863.68274,,,,377.60287,1193.84436,685.78284,-223.18454,1202.40771,834.86310,411.77032,930.77203,851.95081,-164.39690,946.24780,991.29266,234.46959,1047.03674,768.91187,-57.61215,1047.74829,928.79529,16.56794,1066.03003,676.88715,211.28360,565.04443,685.92139,-7.13953,610.82428,1062.56921,119.32773,76.27348,567.16302,76.71660,103.16662,988.52600,NA,P4,9
217,2.16,87.27567,1641.48267,1017.55145,,,,,,,-21.67934,1689.74695,923.86993,222.40808,1535.66467,735.56116,-76.50212,1543.48315,810.79370,110.34833,1474.31226,873.96167,,,,382.73016,1193.29065,699.91718,-220.25006,1200.19641,842.09412,417.55371,931.64478,868.70471,-164.20836,942.91730,997.85004,238.20679,1045.53308,780.08936,-55.50350,1045.89893,937.55914,21.32956,1064.75208,685.90472,212.62196,564.67346,691.22968,-3.65999,606.77545,1068.41980,119.25834,76.60249,567.44110,85.00214,97.07276,1019.74811,NA,P4,9
218,2.17,88.99445,1640.09436,1027.35095,,,,,,,-20.03213,1688.37219,933.20850,224.60448,1534.08044,746.21722,-74.25360,1541.24292,819.58417,112.41971,1473.62830,884.65601,,,,388.34131,1192.92749,713.91498,-217.66560,1197.53687,849.53967,423.19955,931.91650,884.80786,-163.41965,939.33203,1004.88940,241.44974,1043.50232,790.68384,-53.23920,1043.85120,946.65155,26.28753,1062.50488,695.51172,214.22551,563.81909,697.19482,0.27662,602.76605,1073.24255,118.80872,77.80984,568.29498,91.59916,93.30931,1050.55127,NA,P4,9
219,2.18,90.03023,1638.61182,1037.28174,,,,,,,-18.78973,1686.83154,942.81012,227.50888,1532.95447,756.95404,-72.10620,1539.25537,828.40466,114.05013,1471.56738,894.55383,,,,393.03473,1192.97913,728.40289,-215.49464,1195.26941,857.08411,428.52277,933.00159,900.72516,-162.86703,935.71814,1011.49164,245.23454,1042.10876,802.33972,-51.16385,1041.56628,955.35828,30.62887,1061.92603,704.88635,215.94362,563.46167,703.55750,3.07407,597.87701,1078.03674,118.60124,78.51730,568.92261,97.36008,89.37999,1080.00378,NA,P4,9
220,2.19,91.07187,1637.14856,1047.24548,,,,,,,-17.81870,1685.59143,952.29803,230.08110,1531.92151,768.54382,-69.77924,1536.58533,837.19482,115.53480,1470.03052,905.74640,,,,397.25986,1192.16602,742.15216,-213.07126,1192.49829,864.83820,433.95215,933.59290,916.20129,-162.64417,932.15857,1018.52466,248.85344,1040.42920,813.21118,-48.82248,1039.29272,965.28925,34.88007,1060.35510,715.13080,217.55898,562.74585,710.41052,5.46507,593.41333,1083.31238,118.61735,79.04168,569.35181,102.20816,88.01725,1109.48755,NA,P4,9
221,2.2,91.74374,1635.63635,1057.14148,,,,,,,-17.00810,1684.10535,961.93268,231.74747,1530.83118,779.26453,-68.57747,1534.66882,846.24652,116.85599,1468.41589,915.81970,,,,401.08102,1192.17542,757.68671,-210.78493,1189.71558,872.55286,439.39825,934.64423,932.69397,-162.06679,928.52100,1025.41260,252.17436,1038.89648,825.08344,-46.23336,1036.93896,974.58002,39.74136,1059.16455,726.03802,219.74794,562.69171,717.27271,8.52451,588.15155,1087.82605,118.55358,80.42905,570.43433,106.59676,88.28122,1138.20801,NA,P4,9
222,2.21,92.43921,1634.33118,1067.12292,,,,,,,-16.01467,1682.63525,971.48181,233.80562,1529.39343,791.16888,-67.65304,1532.57373,855.32227,117.32127,1466.52515,926.22864,,,,405.15005,1191.77649,771.58868,-208.67465,1187.16785,880.26978,443.80417,935.46906,948.14917,-161.89000,924.88239,1032.29956,255.46829,1037.07617,836.52185,-43.92814,1034.52905,984.48486,43.04345,1057.78882,735.62390,222.04961,561.99896,724.69891,11.19252,583.46478,1092.87012,118.06229,82.35359,571.42938,111.42735,88.99182,1163.21033,NA,P4,9
223,2.22,92.95695,1633.02222,1077.10034,,,,,,,-14.86078,1680.89514,980.99780,235.82857,1527.92163,802.94666,-66.40179,1530.14172,864.44220,118.44325,1465.03809,936.67419,,,,408.63483,1191.72656,787.03455,-206.71545,1184.34033,888.34082,448.16187,936.29120,964.24976,-161.43571,921.28369,1039.33533,258.99615,1035.50989,848.18280,-40.84907,1032.00537,994.81995,46.76851,1055.72595,748.08826,224.33414,561.75769,731.92273,13.00757,578.58771,1097.74817,117.84791,83.72791,572.24738,114.90479,88.39404,1188.48657,NA,P4,9
224,2.23,92.97090,1632.03809,1087.12146,,,,,,,-14.01900,1679.21228,990.63153,237.32668,1526.85767,814.74738,-65.33831,1528.03296,873.69543,119.37778,1463.75085,947.51227,,,,411.88101,1191.10852,800.44086,-204.54549,1181.69263,896.07239,452.13345,936.24579,979.91077,-161.15642,917.64526,1046.33484,262.11926,1034.56262,859.99023,-38.49375,1029.82617,1005.28918,49.98923,1055.06091,758.20667,227.29716,561.60883,740.21912,16.57201,573.05414,1103.24963,118.55320,86.58575,573.20355,118.30534,89.59222,1209.43970,NA,P4,9
225,2.24,92.87444,1630.96619,1097.29919,,,,,,,-13.21962,1677.83362,1000.26544,238.56409,1525.78650,825.44720,-63.98261,1525.66199,883.12396,120.42745,1462.20081,958.39728,,,,414.59641,1191.30835,815.04083,-202.66541,1178.88757,904.23419,456.02838,937.15588,994.45190,-160.56493,914.04889,1053.34802,265.06259,1032.89709,871.67236,-35.75219,1028.22253,1015.70789,53.02552,1053.78040,769.75983,230.33958,561.91290,748.06372,18.20246,570.02356,1111.21802,119.07873,89.00095,574.03479,122.10955,90.75181,1226.42371,NA,P4,9
226,2.25,93.33762,1629.93933,1107.30078,,,,,,,-13.75259,1676.91455,1010.00580,239.90903,1524.72583,837.47266,-63.03256,1523.59888,892.67413,121.17348,1461.20325,969.39917,,,,417.45798,1190.78503,829.07996,-200.86362,1176.65857,912.20819,459.45966,938.27374,1009.98590,-160.79073,910.66608,1061.00537,268.10376,1032.09253,884.48602,-33.25956,1026.28784,1026.25659,56.29772,1052.62964,780.63477,234.28905,561.78796,757.12109,19.87290,568.37756,1121.59875,120.11784,91.69873,575.07758,123.37315,89.01602,1242.90259,NA,P4,9
227,2.26,93.51144,1629.05762,1117.56360,,,,,,,-13.39378,1675.54773,1019.98395,241.13983,1524.09460,849.35071,-61.84493,1521.28772,901.75201,121.62325,1460.39148,980.51599,,,,419.68271,1190.22595,841.24829,-199.23586,1174.05127,920.70410,462.58755,938.69391,1025.14404,-160.47742,907.18713,1068.56726,270.47690,1031.59436,896.48743,-31.64439,1025.02002,1036.91260,58.82391,1051.04590,792.01794,237.86949,562.52411,766.02551,21.34917,567.26544,1132.81555,120.64062,94.76258,575.95953,125.18584,88.82011,1253.24927,NA,P4,9
228,2.27,93.32809,1628.44165,1127.86938,,,,,,,-13.26615,1674.69519,1029.72168,242.04712,1523.61377,861.26666,-60.98940,1519.46497,911.39349,121.71967,1459.47961,991.82684,,,,421.76187,1190.80518,855.43475,-197.43076,1171.75684,929.38306,465.04663,939.95245,1040.07947,-160.51642,904.04834,1075.65723,273.35645,1030.98987,910.08862,-30.34578,1024.46814,1047.82520,61.24086,1050.68665,803.00409,242.11568,563.20746,776.42462,23.38772,566.58020,1144.72473,121.86304,98.12276,577.06152,127.72531,86.90035,1261.15369,NA,P4,9
229,2.28,92.68490,1628.04541,1138.32214,,,,,,,-13.69856,1674.14600,1039.70422,243.57735,1522.32983,873.34943,-60.57163,1518.06189,920.91589,121.90857,1458.51025,1003.03436,,,,423.27667,1190.03796,868.66882,-195.83768,1169.94592,938.10962,467.56503,940.05487,1054.79016,-160.88922,900.94604,1083.26709,275.34604,1029.82947,923.28894,-28.82404,1023.45801,1059.09473,64.46146,1048.81006,816.04425,246.69891,563.84015,786.99030,25.17960,567.36029,1157.44739,123.02477,101.85346,578.37573,125.97593,84.91129,1267.47217,NA,P4,9
230,2.29,92.18362,1628.54163,1148.60339,,,,,,,-13.65471,1673.60107,1049.55554,243.76884,1522.58044,884.98865,-60.28147,1516.62756,930.13763,121.76369,1458.29785,1014.38513,,,,425.28979,1189.91003,880.98969,-193.92384,1167.82666,946.76141,469.62341,941.69336,1069.52393,-160.94888,898.21991,1090.90234,277.41992,1029.11316,936.91547,-27.85962,1023.04706,1070.84814,66.99744,1048.20264,827.58588,250.72369,564.69989,797.44495,25.96822,568.29224,1170.95154,124.53832,106.47565,579.75006,125.87840,84.16820,1268.90906,NA,P4,9
231,2.3,91.43190,1628.48364,1159.24170,,,,,,,-13.59060,1673.20813,1059.46094,245.09647,1521.86780,898.17841,-59.56832,1515.11768,939.58203,121.53503,1457.47034,1025.60803,,,,426.04697,1189.55518,893.46539,-192.14154,1166.02661,955.63116,471.64728,942.76385,1083.58582,-161.05251,895.61377,1098.58496,279.52856,1028.86108,951.29364,-26.93789,1022.72272,1083.25989,70.75474,1047.70703,840.16022,255.56924,565.62891,809.19366,26.07380,568.31036,1184.20496,125.67759,111.14278,581.91132,129.35936,85.05680,1268.83801,NA,P4,9
232,2.31,91.49246,1628.17163,1169.66833,,,,,,,-14.46138,1672.98865,1069.51794,245.55179,1522.09009,910.13098,-60.06804,1514.25208,948.90009,121.13434,1457.38342,1036.62695,,,,426.93616,1189.35071,906.16742,-190.73575,1164.83838,964.76453,472.75693,944.48584,1100.59851,-160.77246,893.15900,1106.33752,281.45648,1028.04272,965.70386,-26.41922,1022.84106,1096.16272,73.06945,1046.92908,853.14935,259.72159,566.54358,821.08459,25.12549,569.64459,1198.40955,127.82583,116.31844,585.05249,128.93660,85.77847,1273.49683,NA,P4,9
233,2.32,90.38249,1628.47192,1180.18970,,,,,,,-14.41467,1672.93994,1079.37231,246.52470,1521.92468,923.37317,-59.81898,1513.44128,958.22266,120.24114,1457.79602,1048.27661,,,,427.92365,1188.49658,918.98157,-189.52312,1163.23047,973.58392,474.35434,945.53711,1114.94067,-160.66377,890.80420,1114.24365,283.56665,1028.23364,980.93427,-25.62274,1023.86591,1106.31946,76.21362,1046.94006,864.86316,264.52063,567.47266,835.02368,23.70144,569.48608,1211.85181,128.99153,122.55545,588.77954,127.31908,86.37583,1279.20178,NA,P4,9
234,2.33,88.98484,1629.66797,1190.54126,,,,,,,-15.70004,1673.67041,1089.40076,246.43628,1522.46411,935.39917,-59.98875,1513.17029,967.67889,119.91772,1458.42615,1059.49622,,,,428.56390,1189.15320,931.07245,-188.53770,1162.21582,982.62415,475.52698,946.39447,1125.76440,-160.48882,889.11200,1122.34912,285.21674,1028.35706,996.19226,-25.25481,1024.62085,1118.60083,78.48340,1046.90674,879.36053,269.65045,568.70734,849.01093,21.21078,568.82086,1224.47925,130.93587,129.48004,593.39142,127.72332,87.67794,1282.12915,NA,P4,9
235,2.34,88.37500,1630.38159,1201.06995,,,,,,,-16.02130,1674.56689,1099.60632,247.18419,1522.65698,947.44965,-60.30288,1513.21069,976.84644,118.54198,1459.98633,1071.02148,,,,428.90845,1189.28625,943.26709,-187.50888,1161.42493,991.82483,475.97971,947.56000,1138.65259,-160.61928,887.34747,1129.89160,286.91058,1028.68823,1011.69250,-24.44047,1025.84753,1130.41138,81.87474,1047.35767,893.60266,274.88290,569.49493,865.19958,19.05854,568.52478,1235.35339,132.29681,137.23926,599.11572,128.41336,87.82339,1284.56519,NA,P4,9
236,2.35,87.10192,1631.93958,1211.44617,,,,,,,-16.48384,1676.24866,1109.80981,247.36598,1523.91345,958.41119,-59.75505,1512.96497,985.58545,118.25818,1461.71277,1082.32556,,,,428.28534,1190.70471,954.90833,-186.09212,1161.11133,1000.88300,476.51968,949.21576,1151.95728,-160.47058,886.44342,1137.78845,288.02533,1029.35461,1027.23364,-24.99466,1028.33716,1141.96912,84.45489,1048.74866,905.37799,280.00366,570.46387,883.06396,17.91766,569.24341,1245.20789,134.27196,145.69481,605.81647,128.33734,88.52397,1286.63257,NA,P4,9
237,2.36,86.09703,1632.73950,1221.86267,,,,,,,-18.18485,1678.33240,1119.99316,247.55133,1526.03711,971.10724,-59.88860,1513.52612,995.18427,117.31704,1463.79834,1093.50476,,,,427.86807,1191.77966,967.54871,-184.80415,1161.69263,1010.76141,476.60794,951.31177,1164.83582,-159.82715,885.60626,1146.28430,289.10321,1030.45325,1042.94299,-25.33002,1030.27002,1153.44873,86.36037,1050.84155,918.53094,285.49698,570.18610,902.56598,17.97625,570.50220,1254.87207,136.89795,155.70186,614.52185,127.93183,88.37322,1288.46692,NA,P4,9
238,2.37,84.76530,1634.36462,1232.07153,,,,,,,-17.54299,1679.23547,1129.71399,247.60251,1527.53784,982.80725,-59.58315,1515.04456,1004.54376,116.93195,1466.10645,1104.60352,,,,428.02991,1193.36035,979.33887,-183.36104,1162.19775,1019.64746,476.61719,952.78772,1177.20776,-160.21365,885.84644,1154.41211,289.98065,1031.12598,1057.80347,-26.60228,1032.75391,1164.33838,89.51282,1052.14587,931.39001,290.41586,569.34723,923.11163,19.11266,572.12561,1263.90637,138.56546,166.26276,623.78461,127.60432,88.34010,1288.86108,NA,P4,9
239,2.38,83.88005,1635.93213,1242.34241,,,,,,,-18.65807,1680.68384,1139.52844,248.31688,1529.26453,993.75073,-59.96692,1516.11157,1013.64319,116.21405,1468.41614,1115.55359,,,,426.46930,1194.61353,991.89740,-182.17616,1163.57043,1029.19006,475.97565,955.10510,1190.02075,-160.19022,886.20178,1162.76770,290.02560,1032.45642,1073.68140,-27.42375,1034.90088,1175.05481,91.02142,1052.99963,943.90259,295.87146,568.23877,944.64880,17.69014,574.14319,1272.97937,141.12158,178.32892,634.65833,127.27514,88.65144,1289.48352,NA,P4,9
240,2.39,82.55062,1637.60327,1252.63123,,,,,,,-19.82730,1682.40564,1149.25574,248.68002,1532.24207,1006.11304,-59.34533,1517.93005,1023.05920,116.08961,1470.78052,1127.02307,,,,426.19449,1196.75598,1003.47852,-181.03381,1164.86011,1039.39233,475.54486,956.61035,1201.73254,-160.37523,887.23254,1171.75183,289.97864,1033.09802,1087.94800,-29.83498,1037.30542,1185.40015,93.34840,1054.41235,955.13037,301.84271,567.27405,967.61407,16.57931,575.90741,1282.27698,143.72684,190.85515,646.39728,127.18387,89.08144,1290.41321,NA,P4,9
241,2.4,81.73545,1639.34631,1262.75598,,,,,,,-20.04541,1683.90332,1158.97437,248.58177,1534.56348,1018.03369,-59.12282,1519.57349,1032.54871,114.97098,1473.01404,1138.11316,,,,424.52158,1198.11377,1015.76007,-179.79921,1166.22778,1048.32874,474.44141,958.58771,1214.10339,-160.32214,888.22437,1180.97717,289.59909,1034.17126,1103.01196,-31.80247,1039.53870,1195.34265,94.71778,1055.76648,966.02283,308.71640,565.11469,991.81659,15.68923,576.51691,1290.97217,146.88432,204.14175,660.17773,127.01071,89.33809,1292.31787,NA,P4,9
242,2.41,80.12555,1641.24207,1273.00330,,,,,,,-20.48143,1685.77368,1168.36548,249.17920,1536.78894,1030.00952,-58.43039,1521.42676,1041.88135,114.87629,1474.68005,1148.91956,,,,424.28372,1199.86121,1027.21826,-178.98276,1167.80383,1058.14648,473.39801,960.13409,1225.65076,-160.89990,890.05640,1191.30493,289.37634,1035.03247,1116.78064,-33.66061,1041.24341,1204.94250,96.59866,1056.55762,977.61981,315.30637,563.85071,1016.35150,14.15653,576.97638,1298.65601,150.07440,218.09474,676.03821,126.98267,89.44187,1292.42993,NA,P4,9
243,2.42,79.48801,1642.92285,1283.25354,,,,,,,-21.94879,1687.60010,1177.70667,249.90790,1538.80237,1042.36560,-57.81146,1522.99927,1051.32556,114.24707,1476.61987,1159.47595,,,,423.04044,1201.11023,1038.95520,-178.51669,1169.62476,1067.32593,472.21100,961.76660,1237.87817,-159.39970,890.60022,1198.25452,288.92352,1036.25403,1131.10083,-36.33979,1043.64294,1214.59656,99.53778,1057.43872,988.20929,321.49023,562.58911,1041.31055,13.15234,576.76288,1305.01953,153.74046,232.38951,693.55469,126.96553,89.49007,1292.49377,NA,P4,9
244,2.43,77.36528,1645.55139,1293.30457,,,,,,,-22.19434,1688.51892,1187.02417,250.21742,1540.12256,1053.37183,-56.93163,1524.44385,1060.68616,114.04461,1478.11938,1170.33569,,,,422.85464,1202.26245,1049.76611,-177.97566,1171.07324,1076.55078,470.49197,962.63690,1249.36572,-159.49152,892.31122,1207.79541,288.67499,1037.62952,1144.49072,-38.37141,1045.22375,1223.61511,100.92309,1058.87598,998.10681,326.77042,562.14453,1066.61523,10.31831,577.36664,1311.32568,158.16504,246.12166,713.01483,126.83590,89.61018,1293.58032,NA,P4,9
245,2.44,76.52416,1647.52539,1303.50366,,,,,,,-23.25138,1689.87158,1196.29163,251.06557,1541.75293,1065.34644,-56.70020,1526.27734,1070.29688,113.63793,1479.66809,1180.78101,,,,422.90979,1204.23181,1062.15405,-177.43329,1172.74670,1085.27856,468.87225,963.56268,1261.08264,-159.52586,894.59839,1217.45142,286.73056,1038.54834,1158.94739,-39.85258,1046.48901,1232.61719,101.65594,1059.29248,1009.48608,331.93112,561.71429,1091.82996,10.13032,577.66278,1315.27576,162.66051,259.20572,733.12689,126.75093,89.59252,1293.65662,NA,P4,9
246,2.45,75.23247,1649.42480,1313.61694,,,,,,,-23.63358,1691.67920,1205.41321,251.58144,1543.30396,1077.31775,-56.37136,1528.01917,1079.83923,114.11816,1481.01721,1191.38013,,,,422.43402,1204.34253,1072.82410,-177.68805,1174.38159,1094.69861,466.96207,964.37573,1272.50110,-158.38318,895.86041,1227.41736,285.73340,1040.44336,1171.13892,-41.92356,1048.16821,1241.21460,103.41472,1059.92468,1019.48438,336.31732,561.39417,1117.23669,11.09368,576.72888,1319.76306,168.35985,269.56036,753.30933,126.96228,89.60143,1293.42456,NA,P4,9
247,2.46,74.61476,1651.40552,1323.57935,,,,,,,-24.50064,1693.74561,1214.69226,251.81218,1544.72546,1088.15674,-55.03857,1529.23035,1089.13696,113.43035,1482.63562,1201.88928,,,,422.65439,1204.77100,1084.88232,-177.36682,1176.07898,1104.06104,465.12759,964.86304,1284.13733,-158.92917,898.57703,1237.69727,285.09378,1042.35083,1183.64246,-43.71631,1049.49817,1249.69629,104.71040,1060.96301,1029.90186,340.08356,562.43671,1142.70251,10.32670,577.02936,1323.75793,175.47514,278.53116,772.32849,126.89503,89.46452,1293.99170,NA,P4,9
248,2.47,100.46583,1816.81384,1063.33997,,,,,,,-24.55431,1695.49341,1223.88464,252.10571,1545.73792,1100.27258,-55.05274,1531.07544,1098.48071,113.43662,1484.19299,1211.86536,,,,422.98627,1205.96252,1096.45166,-177.59337,1177.87134,1113.48315,462.82578,965.05652,1295.19312,-158.38512,900.77856,1247.89685,284.72858,1044.30750,1196.29858,-45.30576,1051.19421,1258.18726,105.59229,1062.67944,1039.18079,343.09082,563.62610,1167.45605,8.96535,577.41522,1327.56201,182.87788,286.31918,791.11823,126.93516,89.34399,1293.00940,NA,P4,9
249,2.48,101.11493,1818.43994,1072.98486,,,,,,,-24.86477,1697.30334,1233.04370,253.56108,1546.47437,1109.54956,-54.50352,1533.09692,1107.50928,113.03428,1485.60730,1222.43127,,,,423.55801,1207.55261,1107.82227,-177.73508,1179.82043,1122.90198,460.07416,965.12689,1306.55042,-159.04776,903.64880,1258.50928,283.52844,1046.14514,1208.59778,-46.62457,1052.31714,1266.36597,107.52833,1063.92383,1050.20300,345.36874,565.59509,1192.56482,6.49039,577.21991,1330.70752,191.94287,292.63254,810.13184,126.43942,89.44096,1293.36157,NA,P4,9
250,2.49,102.05981,1819.82825,1082.81812,,,,,,,-25.01601,1698.46899,1242.17383,254.11005,1548.32178,1122.49573,-54.05291,1534.81738,1116.51245,112.77912,1487.02283,1232.13403,,,,423.99673,1208.51489,1119.64526,-177.22188,1181.63306,1132.27869,457.45367,965.16852,1317.03760,-158.51454,906.39258,1268.97705,282.74091,1048.73157,1219.91895,-47.77365,1053.77332,1274.34521,108.50604,1066.25208,1059.19702,346.72400,568.45874,1217.12878,4.61338,576.94916,1333.72473,200.85608,297.02725,830.50323,126.44086,89.20073,1292.90076,NA,P4,9
251,2.5,102.37730,1821.63928,1092.64685,,,,,,,-25.61944,1700.23499,1251.20068,254.68710,1548.93457,1131.72681,-52.78787,1536.25342,1125.41650,113.19708,1488.41565,1241.95801,,,,424.17139,1209.26868,1132.02869,-177.84239,1183.93005,1141.85962,454.89862,965.38696,1328.43115,-159.11266,909.54266,1280.01379,282.32663,1051.20581,1232.20276,-49.54560,1055.22534,1282.17944,109.17557,1068.21313,1067.75024,347.47821,571.31238,1242.22119,2.48165,576.64661,1336.96399,210.49028,300.53455,851.08667,126.25546,89.02203,1293.00439,NA,P4,9
252,2.51,103.40456,1823.30688,1102.37964,,,,,,,-25.33975,1701.79309,1260.23425,255.34113,1550.68726,1141.93835,-52.65466,1538.31348,1134.35828,112.90944,1490.13257,1251.50220,,,,424.10443,1210.48425,1143.02478,-178.07173,1186.28894,1151.08325,451.72647,965.84009,1338.68933,-159.07159,912.41400,1290.83862,281.26563,1053.65051,1243.69421,-51.20452,1056.60559,1289.92444,111.12531,1069.84827,1079.44141,347.18594,574.89008,1267.50330,0.84950,576.44989,1339.23865,219.68788,302.09012,873.40247,126.16975,88.93246,1293.05835,NA,P4,9
253,2.52,104.11452,1824.86133,1112.17737,,,,,,,-25.74655,1703.50122,1269.29749,255.82480,1552.34729,1151.90759,-52.04487,1540.65112,1142.94629,112.96434,1492.24841,1261.06970,,,,424.26077,1212.00354,1155.46729,-178.08223,1188.71326,1160.18091,449.35983,966.23535,1349.67822,-159.00076,915.46686,1301.94629,279.89594,1055.89966,1255.93921,-52.81380,1058.02759,1297.43530,112.16101,1070.92749,1087.58264,347.09946,578.63800,1292.76245,0.13705,576.60034,1340.95740,228.60829,302.69522,896.48743,126.00330,88.81388,1293.16174,NA,P4,9
254,2.53,105.06181,1826.35620,1121.88306,,,,,,,-25.72296,1704.91614,1278.17505,256.03275,1553.76074,1162.09729,-51.72987,1542.73169,1151.42737,112.88208,1493.85266,1270.40344,,,,423.81131,1213.45728,1167.13794,-177.98872,1190.83142,1169.44629,446.53775,966.41943,1359.38904,-159.16377,918.77081,1313.04260,279.06628,1058.21008,1266.98547,-54.25188,1059.05847,1304.58765,113.91776,1072.75500,1097.19702,345.63080,583.15033,1317.16235,-0.50927,575.95435,1342.47827,237.59573,301.96582,920.74109,125.95544,88.75191,1293.17944,NA,P4,9
255,2.54,105.48941,1828.40247,1131.45740,,,,,,,-25.98724,1706.56055,1286.86646,256.78708,1554.92151,1171.95776,-50.91961,1544.65552,1159.79663,112.74511,1495.47571,1279.58203,,,,423.89185,1214.07764,1176.76965,-178.28912,1193.06445,1178.49744,443.86945,966.87762,1369.26062,-159.38776,922.13605,1324.20593,277.62137,1060.46533,1278.43689,-55.77836,1060.12268,1311.66431,115.14669,1073.92554,1107.21387,344.03195,587.12213,1340.91101,-1.07838,575.83466,1344.07800,245.44241,299.66541,944.43689,125.90207,88.70380,1293.22278,NA,P4,9
256,2.55,106.08340,1829.93726,1140.99463,,,,,,,-25.85627,1707.72656,1295.61414,257.34113,1556.74817,1180.81372,-50.50114,1546.72827,1168.32019,112.65775,1497.34631,1288.58105,,,,422.46756,1215.52026,1188.28687,-178.36198,1195.09448,1187.60522,440.93753,967.29095,1380.20276,-160.18098,925.79083,1335.50085,276.90515,1063.61572,1290.25208,-57.33273,1060.96716,1318.48096,116.79594,1074.90979,1115.62000,341.65704,591.15558,1364.41333,-1.69002,575.93433,1345.69153,252.61880,296.78287,970.41223,125.15244,89.46799,1292.27332,NA,P4,9
257,2.56,106.64529,1831.73157,1150.49500,,,,,,,-25.87626,1709.00647,1304.38318,257.45621,1557.79077,1190.67224,-49.86400,1548.17871,1176.81750,112.75636,1498.76550,1297.75256,,,,422.14581,1216.46655,1197.92810,-178.51482,1196.98096,1196.83142,438.34753,967.88556,1389.70068,-160.30447,929.07007,1346.91711,276.26245,1065.63501,1302.58716,-59.10544,1061.71826,1325.00183,119.36212,1076.72620,1125.39001,339.82065,596.03583,1387.55554,-1.89774,575.81537,1346.88123,259.49118,292.38651,995.39063,126.19911,88.81554,1293.32178,NA,P4,9
258,2.57,,,,,,,,,,-26.26874,1710.61377,1313.15015,258.11615,1559.64136,1200.79639,-49.32184,1549.78918,1185.11182,112.37143,1500.30298,1306.76453,,,,422.07739,1217.78711,1209.32446,-178.69249,1198.90698,1205.72253,436.18607,968.47614,1400.17053,-160.09279,932.22687,1358.22900,274.08047,1067.24048,1313.62720,-60.74914,1062.29468,1331.63110,121.49001,1078.10583,1134.60498,336.69455,600.46753,1408.97693,-1.84962,575.39233,1348.32874,266.45502,287.16275,1021.74371,125.02625,89.39664,1292.32214,NA,P4,9
259,2.58,109.48341,1834.11145,1168.89783,,,,,,,-25.87829,1712.15930,1321.84119,257.83249,1560.62061,1211.02087,-49.66369,1551.54126,1193.49524,112.18478,1501.42358,1315.90479,,,,421.15576,1217.43408,1217.70972,-178.96864,1200.65588,1214.78931,433.83865,969.15637,1409.70349,-161.08246,935.36597,1369.94312,272.30960,1069.84241,1325.09167,-62.19527,1063.00159,1337.92908,123.91334,1078.56970,1143.07678,333.18237,605.47174,1430.56018,-1.87611,575.36530,1349.52759,272.29327,280.72034,1048.64697,124.99338,89.33953,1292.32239,NA,P4,9
260,2.59,110.07580,1835.06970,1177.99573,65.72820,1669.28601,1443.33008,,,,,,,257.76776,1561.49536,1220.64478,-49.04070,1552.60266,1201.90063,111.38148,1502.98804,1325.16248,,,,420.53250,1218.97327,1228.53662,-178.49083,1201.88757,1223.68274,431.47174,969.77045,1420.21436,-160.85651,938.16394,1381.41089,271.43625,1072.13525,1336.97607,-64.17336,1063.49133,1344.21069,125.71317,1079.82556,1151.65210,327.68085,609.32111,1450.59839,-1.82885,575.53394,1350.81519,277.79959,273.63895,1076.11414,124.78075,89.92345,1292.94836,NA,P4,9
261,2.6,109.93127,1836.09619,1186.93213,65.42427,1670.67700,1451.50061,,,,,,,258.66406,1562.13904,1229.31226,-48.41637,1553.43262,1210.31189,111.75359,1503.69177,1334.04150,,,,420.14044,1218.93933,1237.81189,-179.45241,1203.55457,1232.75525,429.25226,970.06171,1429.41174,-161.02345,941.16174,1392.95178,270.47916,1073.97595,1349.23877,-65.30855,1063.53491,1350.42151,127.34749,1080.45508,1160.79956,324.39069,614.77856,1470.93616,-1.93644,575.64679,1352.57532,283.63016,265.71063,1104.48486,124.84766,89.98181,1292.98047,NA,P4,9
262,2.61,110.35205,1836.95459,1195.69495,65.54575,1671.93689,1460.57251,,,,,,,258.30402,1563.69910,1240.52844,-48.72002,1554.75891,1218.62976,111.20256,1504.72009,1343.48694,,,,419.82916,1219.50708,1246.95923,-179.27625,1204.40686,1241.91907,427.80716,970.69965,1439.84448,-161.92119,943.88544,1404.79541,269.01959,1075.05823,1360.37817,-66.22903,1063.69946,1356.48303,130.30034,1082.06689,1170.08350,319.32916,618.33337,1489.15454,-1.65100,575.44629,1354.53857,288.76523,256.10129,1133.39624,124.89736,89.96545,1293.04590,NA,P4,9
263,2.62,110.95793,1837.45325,1204.29382,65.15295,1673.48401,1470.07483,,,,,,,258.72702,1563.52197,1249.59998,-48.27652,1555.09717,1227.03821,110.91364,1505.43750,1351.68726,,,,419.44849,1219.71814,1257.86987,-180.08153,1205.52124,1251.11926,426.10330,971.13367,1449.53113,-162.12094,946.49908,1416.43323,268.09070,1076.68945,1372.11169,-67.82980,1063.86719,1362.69958,132.11581,1081.35120,1180.59473,315.63574,622.12982,1506.56226,-1.30064,575.26996,1356.85925,294.08258,247.00458,1162.61304,124.87577,90.03976,1293.12537,NA,P4,9
264,2.63,111.54885,1837.90259,1212.87683,64.75270,1674.56055,1478.80737,,,,,,,259.09714,1564.08765,1260.89563,-47.71386,1555.94788,1235.32776,110.07294,1505.56494,1360.32068,,,,419.07968,1219.20349,1266.75781,-180.63731,1206.24939,1260.28284,424.68405,971.47980,1459.73657,-162.82500,948.99323,1428.10559,266.57010,1077.76147,1383.62292,-68.48389,1063.58643,1368.76123,134.29753,1083.58691,1189.10596,310.71454,626.29578,1523.74707,-0.96215,575.38953,1359.30640,298.61954,236.99318,1192.50049,124.91907,90.13879,1293.22961,NA,P4,9
265,2.64,113.25519,1837.97314,1221.26331,64.15975,1675.52832,1487.91321,,,,,,,259.11411,1564.09875,1270.03809,-47.64598,1556.25476,1243.67029,109.78165,1505.97681,1370.23694,,,,418.83578,1219.74939,1277.26721,-180.74011,1206.76917,1269.78406,422.80060,971.28857,1470.08936,-163.14442,951.19202,1440.62451,265.37469,1078.92566,1394.71057,-70.17764,1063.76318,1375.20166,136.07919,1083.98804,1198.77979,306.11276,629.11688,1539.46790,-0.47336,575.25891,1362.09460,302.56735,226.06163,1224.14185,126.06141,88.45567,1293.08228,NA,P4,9
266,2.65,113.79393,1837.72815,1229.77783,63.74501,1677.19617,1496.67969,,,,,,,259.09671,1564.73181,1281.12549,-47.60323,1556.77722,1251.80688,109.07306,1506.52002,1378.83289,,,,419.01999,1219.37134,1287.31445,-180.31261,1206.93274,1278.88098,421.60834,971.20160,1479.19946,-163.85309,954.06567,1452.00378,264.15308,1080.46631,1406.64124,-70.92266,1063.26331,1381.53406,137.64880,1085.53149,1207.01489,301.45187,631.52698,1554.01831,-0.25834,575.04547,1365.16943,306.74466,214.78554,1256.07568,126.22716,88.69022,1293.01990,NA,P4,9
267,2.66,112.74963,1838.19849,1238.19519,63.17804,1677.98181,1506.02576,,,,,,,259.26273,1564.67773,1290.91309,-47.13448,1556.52856,1260.07507,108.41705,1506.71338,1389.68799,,,,418.28488,1219.11292,1295.96240,-181.02039,1207.80029,1288.16833,419.61765,971.00391,1489.46167,-163.64653,955.68341,1464.17334,262.75919,1080.50061,1417.45715,-72.09462,1063.37207,1388.62537,139.36032,1084.53491,1216.76147,296.72894,634.25610,1568.52795,0.02608,574.97345,1368.55334,309.45563,203.96220,1288.56750,126.18917,89.05256,1293.06421,NA,P4,9
268,2.67,114.31941,1837.56934,1246.63782,62.43745,1679.80151,1515.97339,,,,,,,259.31891,1564.52307,1301.60962,-46.34384,1556.77295,1268.35193,107.73654,1506.59912,1398.16516,,,,417.83676,1219.35730,1307.18384,-181.24954,1207.86414,1297.56323,418.43277,970.27722,1498.60437,-164.54190,957.66724,1475.23694,261.33090,1080.57947,1427.83179,-72.78052,1063.76111,1396.84534,141.12550,1086.03040,1225.10217,291.99185,635.18103,1581.30884,0.42652,574.62585,1372.35693,312.66751,192.15286,1321.04944,126.29478,89.16972,1293.02002,NA,P4,9
269,2.68,113.99953,1837.44653,1255.13696,62.46326,1680.18372,1523.60645,,,,,,,259.78998,1564.86011,1312.83606,-46.68604,1556.93213,1276.68823,106.93706,1506.20947,1407.42139,,,,417.71255,1219.19031,1318.10107,-181.13806,1208.32031,1306.91455,417.19409,969.47943,1508.46936,-165.42805,959.25250,1487.03247,260.26514,1081.87561,1439.31287,-73.94721,1064.03589,1405.62915,142.02576,1086.11877,1236.55273,288.23621,636.71155,1593.73035,0.56128,574.62457,1375.98486,315.14398,181.32072,1355.25134,126.29069,89.44485,1293.48206,NA,P4,9
270,2.69,115.62353,1836.70691,1263.58508,61.60538,1681.52429,1532.60559,,,,,,,260.03912,1564.46558,1322.29895,-46.50371,1556.73059,1284.95251,106.80355,1505.88318,1416.91528,,,,417.62256,1219.30090,1328.28210,-180.80244,1207.92871,1316.26160,415.82455,968.52936,1518.00879,-165.59441,960.65289,1497.15906,257.97888,1082.23096,1450.01599,-74.58522,1060.96191,1406.74158,142.92770,1085.74268,1245.96460,283.59528,636.89075,1604.78992,1.22591,574.25092,1380.05066,316.21161,171.29152,1388.40942,126.54527,89.46860,1293.75146,NA,P4,9
271,2.7,116.24412,1836.29175,1272.00854,61.28894,1681.98132,1541.67310,,,,,,,259.81464,1564.82898,1334.62500,-45.75159,1556.63928,1293.18640,105.90965,1505.65088,1425.86755,,,,417.19312,1218.69568,1338.63879,-181.02020,1208.17810,1325.58545,414.24332,967.34662,1527.41846,-166.03139,962.26813,1509.16760,256.11530,1081.98438,1459.79382,-75.48796,1060.58691,1414.54565,143.87685,1086.37341,1254.12561,279.36679,636.80353,1614.90991,1.47472,573.94598,1384.02295,318.05222,161.22238,1423.18677,126.58157,89.42426,1294.25708,NA,P4,9
272,2.71,117.11769,1835.41882,1280.67529,60.51820,1682.77393,1551.30176,,,,,,,260.19324,1564.04541,1343.74695,-45.79433,1556.59326,1301.64063,105.00002,1505.46143,1436.18164,,,,417.29974,1218.55420,1350.55652,-180.72914,1207.99927,1334.74976,412.71289,966.31714,1537.30286,-167.00816,963.42029,1520.73035,255.50175,1081.83765,1470.93616,-76.06898,1060.02075,1422.15112,144.71837,1086.72766,1265.22180,276.65497,636.28528,1624.69202,1.68778,573.93549,1388.03650,318.40927,152.01155,1458.44104,126.60693,89.70219,1294.54797,NA,P4,9
273,2.72,118.67926,1834.48938,1289.18518,59.84954,1683.38965,1561.33130,,,,,,,259.90302,1563.81567,1355.52832,-45.56432,1556.08545,1310.13318,104.40554,1504.93201,1445.05432,,,,416.80527,1217.67859,1360.30212,-180.32297,1207.94580,1343.72046,411.67801,964.86774,1546.75891,-167.07693,964.57617,1531.28284,254.54214,1081.22607,1480.36816,-76.78596,1059.73877,1430.69421,145.24193,1085.66528,1274.48877,272.62805,634.96692,1633.61743,1.83791,573.78546,1392.55005,318.45480,142.87787,1494.05872,126.64086,89.77766,1294.53601,NA,P4,9
274,2.73,118.49059,1833.72363,1297.84766,59.40783,1683.98706,1569.42822,,,,,,,259.56659,1563.25598,1366.19214,-45.31759,1555.60254,1318.69666,103.68967,1504.32861,1454.38257,,,,416.61060,1217.23706,1372.04297,-180.28207,1207.37634,1353.14282,409.78787,962.81964,1556.05347,-167.65242,965.59467,1541.97095,254.01947,1081.05640,1492.09412,-77.05116,1059.24927,1439.10364,145.49760,1086.75818,1283.30579,270.34253,633.80444,1642.55322,1.85476,573.57208,1396.92712,317.48212,134.81053,1529.10925,126.71723,89.83772,1294.48145,NA,P4,9
275,2.74,,,,58.49134,1684.54431,1578.59119,,,,,,,259.69455,1562.76245,1377.80042,-44.70289,1555.03992,1327.25085,102.58086,1503.47388,1464.80713,,,,415.86768,1216.75488,1383.02393,-179.88863,1206.89734,1361.93152,408.75778,961.24377,1565.45935,-168.09406,966.17438,1552.49512,252.48582,1080.20093,1501.80261,-77.10325,1058.25378,1446.66650,145.53792,1085.25647,1294.93896,267.58200,630.53265,1649.51807,1.76717,573.00067,1401.58765,314.91602,127.20328,1563.71777,126.73292,89.93301,1294.49536,NA,P4,9
276,2.75,,,,58.11355,1684.13855,1587.69653,,,,,,,259.38315,1561.82031,1387.79272,-44.99076,1554.67529,1336.17065,102.05756,1502.67334,1473.82190,,,,415.71381,1215.91345,1394.00195,-179.60399,1206.37256,1370.51575,406.61288,958.90375,1574.53821,-168.78850,966.89862,1562.73462,251.76807,1079.20667,1512.80042,-78.27461,1058.08167,1456.83191,145.54491,1084.80725,1304.75464,265.78601,627.65930,1657.25964,1.49078,572.75244,1406.26599,312.55402,121.48991,1599.16370,126.68018,90.25016,1294.70300,NA,P4,9
277,2.76,,,,57.46411,1685.06934,1598.11304,,,,,,,259.02884,1560.78162,1399.17896,-44.43877,1553.84705,1344.93652,101.24089,1501.49316,1483.63794,,,,415.56622,1214.84497,1405.79431,-179.73492,1205.55188,1379.58105,405.54599,957.14600,1584.36719,-169.03981,967.48450,1574.02930,251.45837,1077.56824,1523.12976,-78.30029,1056.75159,1465.67053,144.96985,1083.71228,1313.94336,263.81351,624.49323,1663.55029,1.14126,572.27051,1411.41943,308.68008,115.77309,1632.19214,126.74821,90.80399,1295.28198,NA,P4,9
278,2.77,,,,57.84644,1684.67761,1606.26880,,,,,,,259.03513,1559.39075,1408.57141,-44.41181,1552.18445,1352.11450,101.16956,1500.60413,1492.65637,,,,415.10648,1213.92200,1417.25305,-179.26485,1204.56543,1388.20361,404.34030,954.50470,1593.58081,-169.53430,967.75964,1583.50366,250.01500,1076.23157,1533.82703,-79.48456,1056.52014,1476.08398,,,,262.07950,621.57056,1671.28467,0.55621,571.89453,1416.91296,303.72006,113.17096,1664.27686,126.83032,90.96584,1295.25586,NA,P4,9
279,2.78,145.69447,1081.09509,1335.16772,56.69701,1684.76941,1616.06445,,,,,,,258.76111,1558.52600,1419.94324,-44.35831,1551.07178,1360.60962,100.39667,1499.54211,1502.90210,,,,414.83337,1212.72021,1428.81213,-178.96376,1203.36438,1396.72717,402.72559,952.08978,1603.78552,-170.55173,968.07898,1593.61694,249.81467,1074.93652,1545.30823,-79.47794,1055.09399,1484.71497,,,,261.38205,618.23236,1677.55225,0.22985,571.23041,1422.33020,298.12631,110.65169,1695.69080,127.05424,90.95107,1295.82043,NA,P4,9
280,2.79,,,,56.79047,1684.23926,1624.08704,,,,,,,259.44385,1557.38159,1430.34656,-44.29789,1550.21558,1370.78894,99.99429,1498.38867,1512.82483,,,,414.79419,1210.94080,1440.36841,-179.30547,1202.08936,1405.45300,401.44812,949.51178,1612.88354,-170.97302,967.23700,1602.82764,249.40392,1073.00085,1555.14880,-80.84953,1054.33301,1496.27661,,,,260.77933,614.86316,1684.41907,-0.33411,570.72607,1428.05566,291.38068,109.25774,1725.39563,127.35550,91.36441,1296.76379,NA,P4,9
281,2.8,,,,55.77701,1683.76318,1633.64563,,,,,,,258.59680,1555.44800,1441.27661,-43.57377,1548.41882,1379.58972,99.63307,1497.01208,1523.10693,,,,413.92618,1209.45764,1451.33838,-178.80948,1200.77185,1414.09631,400.06207,946.57782,1622.68665,-172.07323,966.86102,1613.07544,248.34154,1071.69763,1566.48364,-80.80373,1052.89111,1505.38416,,,,261.15753,612.01691,1692.15320,-0.61618,570.14600,1434.21655,282.96335,108.76824,1749.73840,127.25633,92.46419,1296.58899,NA,P4,9
282,2.81,145.00343,1076.58789,1366.98950,55.91739,1683.03699,1642.40051,,,,,,,258.47293,1554.00623,1451.17664,-43.69923,1547.23962,1389.05713,99.27227,1495.63855,1532.17712,,,,414.01984,1207.78662,1462.81909,-178.51469,1199.01050,1423.17725,399.74780,943.83252,1632.87573,-172.41634,966.49683,1622.20776,248.08199,1070.01636,1577.18457,-80.92172,1051.06494,1514.83276,,,,261.27023,608.37854,1699.95532,-0.81345,569.28766,1440.74011,274.12735,108.69344,1775.69336,127.65872,93.26191,1297.74670,NA,P4,9
283,2.82,,,,55.29250,1682.84937,1652.23438,,,,,,,258.46838,1552.20520,1461.17468,-44.19373,1546.31055,1398.91406,98.78510,1494.13611,1541.93469,,,,413.84448,1205.84412,1474.31677,-178.38503,1197.63049,1430.62866,398.37054,940.83185,1642.30176,-172.93980,965.87268,1632.06177,247.64928,1068.66492,1587.75940,-81.44748,1050.18933,1525.08875,,,,261.28247,605.52472,1708.09534,-0.89679,568.28760,1447.57544,266.35681,108.24421,1797.72461,128.15721,94.26809,1297.19458,NA,P4,9
284,2.83,,,,55.52523,1682.28589,1661.57373,,,,,,,258.78674,1550.57971,1472.20337,-43.95456,1544.44897,1407.20862,98.20140,1492.98877,1552.42676,,,,413.56039,1203.88245,1485.91711,-178.44815,1195.67883,1440.36157,397.63550,937.43414,1651.18311,-174.01065,965.17194,1641.81299,247.41734,1067.12183,1598.25610,-81.45412,1048.27637,1535.10498,,,,260.16196,603.38873,1717.90234,-1.25071,567.68549,1454.57800,255.54070,105.73143,1817.47192,128.92256,94.89593,1297.21643,NA,P4,9
285,2.84,144.59412,1072.05432,1397.42651,54.86761,1681.69397,1671.54333,,,,,,,258.83481,1548.57910,1482.63538,-43.58528,1542.56165,1416.76245,98.03762,1491.44092,1561.65601,,,,413.02713,1202.01501,1497.38147,-178.06027,1194.28772,1447.86450,396.51010,934.80438,1661.74988,-174.50862,963.58942,1649.86816,247.15639,1065.61938,1608.23022,-81.86507,1047.68213,1545.33289,,,,258.71326,600.64380,1726.24634,-1.28639,567.07037,1461.99829,246.32463,103.73205,1834.59875,128.98755,96.58778,1298.64185,NA,P4,9
286,2.85,,,,55.14980,1681.23877,1680.50708,,,,,,,259.13760,1546.67590,1491.92334,-43.76417,1541.52148,1426.23047,97.64816,1490.00586,1571.08838,,,,412.76358,1200.03125,1509.21851,-178.20807,1192.73340,1457.37573,396.22009,931.97961,1671.13696,-175.34256,962.42609,1659.66040,247.13647,1063.76953,1619.72290,-81.64256,1045.64612,1555.46765,,,,258.08548,597.51160,1735.19312,-1.25545,566.18158,1469.63501,237.27150,101.58249,1849.38257,129.40587,97.74181,1299.42139,NA,P4,9
287,2.86,,,,54.91801,1680.16492,1689.54395,,,,,,,258.37555,1545.26196,1501.87073,-43.33516,1539.70654,1435.78076,97.21215,1488.79956,1581.51611,,,,412.02972,1198.25122,1520.57910,-178.16441,1191.19128,1467.19446,395.58893,929.54919,1681.73206,-176.16498,961.06628,1667.88562,247.26863,1062.93616,1629.31970,-81.86543,1045.34045,1566.39795,,,,255.11061,597.09979,1746.45215,-1.88031,565.70605,1477.61060,230.01122,98.42525,1859.54395,129.45462,99.36969,1300.58325,NA,P4,9
288,2.87,,,,54.46088,1680.22485,1699.13879,,,,,,,258.52707,1543.28931,1512.53125,-42.97399,1538.04163,1445.16309,97.36041,1487.57874,1592.03503,,,,411.89700,1196.25574,1532.13293,-178.05798,1190.20630,1475.22388,395.17822,926.55377,1692.06824,-176.88246,959.61273,1676.43140,246.73055,1061.43982,1640.08606,-82.26258,1044.11755,1577.84326,,,,252.82637,595.75458,1758.03357,-2.26542,565.28546,1486.08264,221.89746,95.47522,1867.51599,129.39175,102.18917,1301.17542,NA,P4,9
289,2.88,,,,54.61538,1679.83252,1707.76428,,,,,,,258.93945,1542.09155,1521.66296,-42.85596,1537.72754,1455.46838,97.16915,1486.64526,1601.64990,,,,410.89224,1194.66992,1543.14673,-178.05785,1188.76294,1484.97742,394.29227,924.38043,1703.14709,-177.78554,958.44098,1685.45276,246.81409,1060.23145,1650.15076,-81.85842,1043.35876,1587.19397,,,,249.45015,594.94720,1770.57385,-2.95642,565.18640,1494.87268,216.35257,94.40257,1875.48828,129.76820,104.19750,1303.17456,NA,P4,9
290,2.89,,,,54.33459,1679.92627,1717.24268,,,,,,,259.57916,1540.41125,1532.18665,-43.11160,1536.81958,1465.40259,97.52364,1485.59680,1611.17358,,,,410.57181,1193.00415,1554.41992,-177.82083,1187.91833,1492.42249,393.29468,922.65302,1714.30127,-178.76511,956.30328,1693.04639,246.87244,1058.95703,1660.66516,-82.39036,1043.84167,1599.11450,,,,245.92007,593.76239,1782.47583,-4.38336,565.16028,1504.19031,209.07594,92.21123,1878.98804,129.01981,107.46967,1302.77698,NA,P4,9
291,2.9,,,,54.27875,1679.63220,1726.32483,,,,,,,259.91986,1539.65442,1542.65906,-42.23425,1535.32629,1474.14087,97.49689,1484.94531,1621.47681,,,,410.17203,1191.67126,1566.20300,-177.76025,1186.77905,1501.64966,393.09116,920.86523,1724.37842,-179.58160,954.98248,1701.57349,246.81451,1057.88879,1672.65002,-81.72855,1042.53760,1609.10425,,,,242.69633,593.51202,1795.98425,-4.51590,565.45789,1512.68359,205.65282,90.08475,1882.89990,128.54996,110.25424,1305.37390,NA,P4,9
292,2.91,,,,54.02617,1679.16040,1736.02075,,,,,,,260.26599,1538.54382,1551.88977,-42.08945,1534.32166,1484.81946,97.81655,1484.19238,1631.54150,,,,409.40466,1190.52869,1576.69104,-177.75635,1185.99243,1510.31897,393.21774,919.09882,1733.93652,-180.81407,952.82831,1708.92786,246.47803,1057.33606,1684.54468,-82.16142,1042.90674,1620.12488,,,,239.01418,592.86987,1807.48950,-6.36531,565.43500,1522.24744,202.23564,91.76138,1885.50220,127.87355,113.61490,1307.27820,NA,P4,9
293,2.92,-23.76141,1713.93054,1622.37988,54.06640,1679.28052,1744.82922,,,,,,,261.22766,1537.48853,1561.44067,-41.65784,1533.41101,1494.73486,98.69291,1483.51123,1641.08997,,,,409.08856,1188.95532,1587.52380,-177.11407,1185.22437,1519.79431,392.11487,918.14990,1745.39832,-181.77757,950.99792,1717.05286,246.18910,1056.49365,1696.31299,-81.97029,1042.16650,1631.04956,,,,235.81036,591.56610,1819.00061,-8.59007,565.75665,1532.54993,200.75368,92.24348,1887.36548,127.17649,117.21678,1309.26245,NA,P4,9
294,2.93,-22.75222,1713.00684,1630.33557,53.89020,1678.48315,1754.36853,,,,,,,261.83069,1537.00281,1572.30737,-40.53302,1532.82434,1503.78687,98.30368,1483.25171,1650.81714,,,,408.65509,1188.31299,1598.85828,-176.89442,1184.77405,1528.22717,391.25385,916.91052,1757.17590,-182.87440,948.47699,1723.58032,245.74242,1056.09375,1709.39575,-82.64994,1042.74158,1643.58728,,,,232.99083,590.19696,1830.95996,-11.19144,565.92792,1544.51709,198.31194,93.25763,1890.47083,125.94922,120.83086,1312.07422,NA,P4,9
295,2.94,-22.71651,1712.43774,1640.18372,54.18923,1678.76660,1763.03418,,,,,,,262.78476,1536.45911,1582.18445,-39.57181,1531.92749,1512.87756,99.27878,1483.13855,1660.39038,,,,408.58176,1186.82288,1609.87585,-176.61003,1184.37915,1536.79907,390.73853,915.82922,1768.08606,-183.66499,947.09729,1731.40063,244.99216,1056.09216,1722.20300,-83.14213,1043.34705,1654.38025,,,,230.18053,588.95190,1843.39746,-14.75714,565.99866,1556.40942,198.37230,94.56173,1894.77136,125.01789,125.82207,1313.26257,NA,P4,9
296,2.95,-22.92652,1712.80554,1649.99670,54.04696,1679.19458,1772.19043,,,,,,,263.72571,1536.17175,1591.85352,-39.14552,1532.22266,1523.33984,100.36280,1483.86560,1670.12280,,,,408.51572,1186.21399,1621.09082,-176.23503,1184.05896,1545.68420,389.46902,915.44635,1779.46741,-184.94569,945.13434,1737.58167,244.27919,1055.60266,1734.17188,-83.73289,1043.47986,1665.94141,,,,227.80556,586.43420,1852.59607,-18.75010,566.03473,1569.55713,197.31026,93.50608,1896.44153,123.35227,131.45509,1316.93420,NA,P4,9
297,2.96,-22.41991,1712.76929,1658.45715,53.79764,1679.80029,1781.80286,,,,,,,264.69040,1536.15332,1602.06311,-37.86201,1531.33276,1531.94543,100.92178,1485.00195,1680.30640,,,,408.21747,1185.67334,1631.32458,-176.21188,1184.44006,1555.25171,388.90778,914.36554,1789.82300,-186.22641,943.80322,1745.92285,243.33870,1056.53357,1746.98645,-84.19254,1043.69751,1676.82532,,,,225.23741,586.63129,1863.25085,-24.34072,565.87280,1585.79297,197.40886,94.27444,1899.40283,121.80595,136.85782,1320.70410,NA,P4,9
298,2.97,-22.54223,1713.62646,1667.51636,53.38282,1681.06433,1791.62061,,,,,,,265.88852,1536.46167,1611.75061,-37.01120,1532.25598,1541.34692,101.10233,1485.80090,1690.66602,,,,407.97861,1185.17688,1642.86780,-175.30815,1184.69092,1564.47717,387.56332,914.55090,1801.10889,-187.33662,941.87732,1750.99731,242.25014,1057.31006,1759.15808,-84.91673,1044.71594,1687.72766,,,,224.49641,587.91522,1873.93994,-29.23624,565.94611,1601.96460,197.34393,94.57559,1901.02954,120.33507,145.12437,1326.25171,NA,P4,9
299,2.98,-21.87496,1714.54382,1675.19800,53.61334,1682.54004,1800.35974,,,,,,,266.32498,1536.94531,1623.40540,-35.45555,1532.63770,1550.16272,101.61433,1487.12744,1700.74670,,,,407.95520,1185.59387,1653.49792,-174.47963,1185.59705,1572.69824,386.32529,915.09222,1812.63354,-188.42674,940.41168,1757.16077,241.14294,1058.71387,1771.25220,-85.29897,1045.17712,1697.58118,,,,223.12418,588.37567,1884.56995,-34.07616,566.19781,1618.21265,198.04718,96.26742,1904.61707,116.64946,151.46544,1333.73706,NA,P4,9
300,2.99,-21.83527,1715.00281,1683.85522,52.86283,1684.44482,1810.51306,,,,,,,267.06586,1537.24487,1632.32593,-34.83139,1533.41174,1560.52209,102.39680,1488.37512,1709.90625,,,,407.94611,1185.94751,1665.70911,-173.51448,1186.62732,1582.83801,385.05408,915.52454,1824.02063,-189.52817,940.09729,1764.04590,240.43658,1060.57788,1782.08118,-86.10817,1046.57227,1708.14209,,,,223.89877,589.07739,1896.04492,-37.64375,565.62579,1633.99951,198.05147,95.71334,1905.24878,114.70118,159.28339,1340.43762,NA,P4,9
301,3,-21.88423,1715.17676,1692.37170,52.90160,1686.31421,1819.47412,,,,,,,267.22614,1539.14612,1644.71460,-33.86257,1534.71875,1569.88074,102.40852,1489.57117,1720.79871,,,,407.34152,1186.71631,1676.57471,-172.97882,1187.98584,1590.69556,383.58401,916.38416,1835.52087,-191.23727,938.78607,1769.23474,239.50868,1062.12793,1793.64172,-86.03623,1046.37744,1717.39001,,,,224.37332,589.75110,1906.02417,-43.17479,564.15253,1653.04492,198.96030,95.33517,1906.01086,111.70724,169.17299,1349.39465,NA,P4,9
302,3.01,-21.62626,1715.59412,1701.06958,52.61214,1688.62427,1828.61365,,,,,,,268.04599,1539.71558,1654.73169,-32.37239,1535.48669,1578.37231,102.72980,1491.00940,1731.31152,,,,406.97876,1187.56897,1689.01074,-171.90895,1189.41479,1599.40198,382.51929,917.50873,1846.63049,-192.58275,938.95923,1775.69946,238.88806,1064.00110,1804.38440,-87.16254,1047.05420,1728.78296,,,,225.44328,591.15240,1916.10718,-49.87734,562.14099,1673.11279,199.49393,94.41732,1906.38306,108.90774,178.98494,1359.14514,NA,P4,9
303,3.02,-21.74740,1717.13940,1710.29041,51.89629,1690.74097,1838.50281,,,,,,,269.12454,1539.73157,1665.04248,-31.14507,1536.87878,1587.41394,102.00953,1492.65027,1742.28442,,,,407.46326,1188.61462,1701.10474,-170.49736,1190.79077,1606.55237,380.99893,917.85089,1858.45129,-193.82417,938.47687,1781.30347,238.32014,1066.00781,1814.42151,-86.75005,1046.83984,1738.04492,,,,227.40701,592.82611,1926.17737,-57.62625,559.95789,1693.99902,199.37863,95.67810,1907.01990,106.38538,190.70807,1369.76343,NA,P4,9
304,3.03,-21.09308,1718.62207,1718.22021,51.66814,1692.88513,1847.45032,,,,,,,269.14960,1540.56873,1676.31616,-30.34965,1537.97644,1597.19604,102.31684,1493.16821,1751.28381,,,,407.08762,1189.17712,1712.42346,-169.62720,1192.05835,1614.53918,378.99365,919.50378,1870.48096,-195.74753,938.60516,1787.25330,237.52170,1067.87439,1825.03687,-86.79389,1047.16394,1747.78552,,,,228.34033,594.99231,1935.20972,-65.21906,558.54968,1714.88501,199.56996,95.81377,1906.96130,103.59964,203.65555,1382.30151,NA,P4,9
305,3.04,-21.08141,1720.44788,1727.24512,50.98026,1695.45593,1856.71924,,,,,,,268.98206,1541.52258,1688.90027,-29.81684,1539.50659,1606.53345,101.36984,1494.22522,1762.49011,,,,406.49841,1189.84192,1723.62854,-167.87370,1192.64087,1622.59705,377.47083,919.93463,1882.52930,-198.04500,938.21051,1793.21985,237.62195,1069.74634,1834.03503,-86.81139,1046.56580,1756.20264,,,,230.75710,594.55792,1940.31104,-72.46272,557.74609,1734.85669,200.51950,97.08797,1906.70361,100.50433,217.40163,1395.66162,NA,P4,9
306,3.05,-20.67727,1721.63452,1735.83484,50.40823,1697.74292,1865.58630,,,,,,,269.27469,1542.54126,1700.88977,-29.49800,1540.86206,1615.91064,100.18645,1494.93054,1772.60388,,,,406.64917,1190.83667,1736.51074,-167.20058,1193.66919,1628.87207,375.77069,920.80981,1893.64648,-198.56537,938.71307,1798.51917,236.80806,1071.82556,1843.85413,-87.02949,1046.40759,1763.89893,,,,231.73262,596.56720,1947.24744,-79.32446,557.27997,1755.00415,200.23376,96.21008,1906.09009,96.84938,231.08958,1411.51892,NA,P4,9
307,3.06,-21.17397,1723.77393,1745.70166,49.62042,1700.35156,1874.43555,,,,,,,268.20068,1543.86060,1713.26147,-29.30783,1542.70398,1624.86060,99.38883,1495.76392,1781.42468,,,,406.66263,1191.65906,1748.98645,-166.97224,1195.36536,1636.24829,373.46616,921.53827,1905.78955,-200.34120,939.56458,1804.83081,236.55524,1073.49243,1852.90625,-87.49406,1046.47107,1771.95996,,,,233.41893,596.52234,1951.64880,-85.92664,558.15527,1774.51514,200.23376,96.21008,1906.09009,94.38670,245.40215,1428.12183,NA,P4,9
308,3.07,-21.42017,1726.01221,1754.19067,48.96740,1702.20276,1882.99060,,,,,,,267.78674,1544.45056,1724.48206,-29.19980,1543.86609,1633.34851,98.16270,1497.03674,1791.38574,,,,405.99805,1192.47021,1761.07019,-166.89832,1196.38586,1643.41565,371.27582,922.81055,1917.20056,-202.45914,939.62909,1810.50464,235.85040,1074.43994,1862.25366,-87.18299,1047.88672,1780.17249,,,,234.30606,595.65314,1956.24915,-92.37153,559.95300,1793.24500,200.05562,95.98676,1906.42419,91.73901,259.21466,1444.66064,NA,P4,9
309,3.08,-21.87537,1727.93066,1762.80554,47.86876,1704.84253,1892.22900,,,,,,,266.92877,1546.28333,1735.79980,-29.37052,1546.04993,1641.88062,96.59508,1498.39600,1801.44763,,,,405.69733,1193.94958,1774.76855,-167.01251,1198.29565,1651.06897,368.54877,923.47003,1928.74683,-203.77216,941.01984,1815.36255,235.51515,1075.81030,1871.34888,-87.55075,1049.30371,1788.13916,,,,233.83301,594.43671,1959.27405,-98.82526,562.81622,1811.30957,200.10139,96.06503,1906.31445,88.91464,271.37595,1462.96631,NA,P4,9
310,3.09,-22.54962,1729.84094,1771.66724,47.11926,1707.31213,1901.07678,,,,,,,265.38821,1547.37817,1747.47083,-29.31508,1548.04590,1650.16833,94.52067,1498.86536,1810.43689,,,,404.08600,1195.64648,1788.72888,-167.40373,1200.56628,1657.97351,365.84549,924.78473,1940.15808,-204.77061,942.40900,1821.57825,235.45367,1076.16479,1879.67700,-87.88497,1050.87744,1793.65344,,,,233.21054,593.77582,1962.24585,-104.55663,567.01422,1829.61353,198.78368,96.01453,1906.69727,88.15314,280.91721,1481.05627,NA,P4,9
311,3.1,-23.01034,1732.32263,1779.92920,46.09123,1710.51587,1910.74390,,,,,,,264.37738,1549.00073,1758.43066,-29.95307,1550.36084,1658.82764,92.83464,1500.23291,1819.27087,,,,403.64050,1198.03772,1802.53394,-167.75768,1202.25549,1664.67383,363.06583,926.21832,1951.55469,-206.55322,944.39679,1827.30798,234.61998,1077.49780,1888.79065,-88.40104,1053.70459,1802.20935,,,,232.54343,593.06573,1965.16638,-109.53730,572.00781,1846.84985,198.46005,96.13767,1906.69910,87.51138,289.27884,1498.75195,NA,P4,9
312,3.11,-23.81151,1735.09338,1789.11108,45.17819,1713.51831,1920.20105,,,,,,,263.19858,1551.34070,1768.87183,-30.08778,1551.94019,1666.13342,91.02902,1502.41553,1828.72852,,,,401.14618,1200.29443,1815.81897,-168.09102,1204.51648,1670.67810,360.41589,926.99060,1963.00964,-208.32515,945.80481,1832.02246,233.52521,1078.47510,1897.51221,-88.76806,1055.71936,1808.69849,,,,230.75035,593.54388,1969.63647,-113.83058,577.87732,1863.97925,198.46005,96.13767,1906.69910,84.94271,296.30081,1515.12268,NA,P4,9
313,3.12,-23.99224,1738.58313,1797.78882,44.09504,1716.10120,1928.58142,,,,,,,261.71320,1553.24414,1779.94556,-30.47538,1553.96533,1673.79626,89.09679,1503.15723,1836.71106,,,,399.68176,1202.95557,1829.17493,-168.37222,1206.78516,1677.03174,357.06326,929.65997,1975.59253,-209.73723,948.59406,1839.08032,232.65109,1079.10901,1905.36914,-89.84464,1059.33655,1815.97949,,,,230.33478,593.61493,1972.06372,-117.86860,584.14966,1880.19568,198.60269,96.39764,1906.33887,83.48975,299.62256,1533.27539,NA,P4,9
314,3.13,-24.82778,1741.46387,1806.41858,42.67821,1717.96997,1936.60303,,,,,,,260.29852,1556.22046,1790.04626,-31.16913,1556.68835,1681.71887,87.27359,1505.72974,1845.33276,,,,397.76740,1205.79224,1842.40942,-168.75323,1208.98767,1681.76709,353.96490,931.55688,1987.95813,-210.21059,950.46271,1843.71533,231.71977,1080.89648,1913.69214,-89.69392,1062.67139,1823.13672,,,,229.93719,592.93427,1973.50684,-121.79796,590.36896,1895.81519,198.60269,96.39764,1906.33887,81.29809,301.43448,1552.08264,NA,P4,9
315,3.14,-25.97579,1743.34875,1813.91846,41.25641,1720.11694,1944.97534,,,,,,,258.64316,1559.39624,1800.06079,-31.37700,1558.55835,1688.82483,85.17237,1507.55676,1854.38220,,,,395.07370,1208.61963,1856.01062,-169.07349,1210.99011,1687.38879,350.19733,933.91699,1999.82483,-212.15186,953.06049,1848.47827,231.39380,1081.86877,1921.66174,-91.02011,1065.87366,1829.56323,,,,229.64052,593.82098,1978.11353,-126.01674,596.82849,1910.38379,197.55241,95.36784,1905.25513,78.79207,302.13550,1570.80908,NA,P4,9
316,3.15,-27.01352,1745.60840,1822.47717,39.85036,1722.67969,1954.85376,,,,,,,256.84897,1561.27954,1810.22253,-32.55829,1561.13074,1697.16541,83.47157,1509.10779,1861.34790,,,,392.95474,1211.80664,1869.70874,-169.34654,1213.27795,1691.83398,346.85669,935.88654,2009.89575,-213.48239,955.98291,1854.29797,229.94765,1083.12915,1930.07642,-91.04468,1068.99243,1836.80322,,,,229.17169,594.71167,1983.22119,-130.23055,602.64075,1924.87488,196.97136,96.89584,1907.16870,74.99985,300.35782,1591.38513,NA,P4,9
317,3.16,-28.25508,1748.10156,1831.64685,38.61592,1724.16443,1962.78235,,,,,,,255.16319,1564.17737,1819.28247,-32.32689,1562.53369,1703.58386,81.87022,1511.86548,1870.86243,,,,390.70367,1214.90625,1882.67908,-169.57570,1214.93555,1696.25891,342.93515,938.24078,2021.85278,-214.88759,959.14081,1860.89160,229.35631,1083.80969,1936.91956,-91.78115,1072.00305,1844.02600,,,,228.65414,594.48474,1984.20618,-134.19621,608.17297,1939.48792,196.83887,96.98001,1907.31555,70.61390,296.51132,1613.03784,NA,P4,9
318,3.17,-29.97405,1750.38770,1839.33191,36.44234,1725.38977,1970.41211,,,,,,,253.82213,1566.27942,1827.82178,-33.11899,1564.27332,1711.15112,80.02720,1513.05090,1877.37317,,,,388.27954,1218.04163,1895.39233,-169.80003,1216.88635,1701.85742,338.74088,941.69891,2035.03149,-216.97083,961.76093,1866.34924,228.52391,1085.17676,1945.40845,-92.51500,1074.25916,1850.24329,,,,227.86504,593.97900,1985.59631,-138.26125,613.84351,1951.74463,196.88718,97.19341,1907.05139,66.23168,291.45016,1633.88440,NA,P4,9
319,3.18,-31.28763,1751.68481,1847.38428,35.49734,1727.23352,1978.53931,,,,,,,252.19586,1568.56519,1837.65466,-33.86839,1566.05811,1718.68616,78.31561,1515.74133,1886.12219,,,,385.56909,1220.98157,1906.26099,-170.13881,1218.26477,1705.12097,334.41754,944.69812,2047.20935,-219.23155,963.72223,1871.22144,228.02867,1085.44409,1952.15503,-93.06339,1077.91931,1858.69788,,,,227.51033,594.14136,1987.43286,-142.13445,618.72522,1964.92041,196.78410,97.22194,1907.14355,61.76119,286.32977,1653.76880,NA,P4,9
320,3.19,-32.35942,1753.43604,1855.47009,33.29404,1728.08105,1986.91052,,,,,,,251.13760,1570.84204,1846.45825,-34.19556,1567.20813,1726.05005,76.74017,1516.78540,1894.16443,,,,383.55942,1223.55713,1918.97803,-170.23952,1219.70276,1710.98657,330.22198,946.81580,2057.88867,-221.02245,965.87720,1876.27026,226.63618,1086.42249,1959.25342,-94.01762,1079.82556,1864.16101,,,,227.00551,594.31000,1989.79285,-145.79713,623.14648,1977.79895,196.72351,97.32790,1907.25098,56.05341,279.77719,1674.84595,NA,P4,9
321,3.2,-34.65367,1753.85327,1862.64124,31.40361,1729.61609,1994.12463,,,,,,,249.24939,1573.13013,1855.40259,-35.19738,1568.43005,1732.94727,74.65794,1518.25098,1901.78601,,,,381.45602,1225.72314,1930.03943,-170.37575,1220.47925,1714.62842,325.95163,950.09399,2070.22510,-223.08984,968.23688,1882.35193,226.58347,1086.46777,1965.84827,-94.64890,1081.72144,1872.40820,,,,226.65945,594.38635,1991.56909,-149.24878,627.69037,1988.34497,196.54865,97.35971,1907.39734,50.15240,272.70023,1695.95740,NA,P4,9
322,3.21,-35.94209,1755.13794,1871.16443,29.66069,1730.84668,2002.32275,,,,,,,247.60548,1573.97742,1863.58545,-35.24690,1569.36560,1740.08508,73.10703,1519.29358,1910.34485,,,,379.35544,1227.48083,1941.43542,-170.60988,1221.01196,1719.46924,321.41730,953.29779,2083.67773,-225.48622,970.09265,1888.85974,225.96263,1086.70911,1971.95984,-95.41602,1083.52539,1879.15283,,,,225.83766,594.71698,1993.23840,-152.25995,631.59436,2000.44812,196.13225,98.02094,1907.33618,44.22678,263.05750,1720.33606,NA,P4,9
323,3.22,-37.89495,1754.97485,1877.48340,27.27739,1731.83386,2009.24341,,,,,,,245.83023,1575.17163,1873.15771,-36.54430,1569.68982,1747.51746,71.00332,1519.78394,1916.65540,,,,378.00101,1229.20984,1953.27673,-170.73499,1221.90076,1724.27429,316.88461,956.26880,2096.28442,-227.39024,971.59351,1893.64526,224.69072,1086.53333,1979.02112,-96.43799,1084.26074,1885.82324,,,,225.03816,593.97864,1994.78040,-155.57310,635.51770,2010.06189,195.75093,99.07045,1908.02600,37.69503,253.52042,1742.34790,NA,P4,9
324,3.23,-39.51041,1756.73181,1885.36133,25.10426,1733.12610,2018.05847,,,,,,,244.60812,1576.67261,1882.17859,-37.43228,1569.61621,1754.54089,69.36304,1520.63000,1925.89111,,,,375.40604,1231.05957,1966.86145,-171.02745,1222.13977,1728.11597,311.50204,959.11401,2108.88281,-230.17676,973.25201,1899.55823,224.07022,1086.35144,1985.11096,-97.40006,1085.34351,1893.80469,,,,224.32538,593.39545,1996.05371,-158.21535,638.94012,2019.94250,195.59172,98.54920,1907.36243,30.71371,242.08670,1766.79688,NA,P4,9
325,3.24,-41.60583,1756.41077,1892.20728,22.67710,1733.54858,2024.28577,,,,,,,242.20340,1577.82532,1891.68188,-37.86185,1570.38147,1761.27283,67.11353,1520.51379,1932.60828,,,,374.43219,1232.72644,1978.46448,-171.12617,1222.05017,1733.88916,307.05063,961.38702,2120.97656,-232.42613,973.64789,1903.95935,222.50253,1086.19324,1991.41748,-98.74493,1085.74048,1899.70605,,,,223.87817,592.82648,1997.21216,-162.55592,641.63086,2029.62781,195.48892,99.08891,1908.31311,23.83352,231.90103,1789.01575,NA,P4,9
326,3.25,-43.80074,1757.34180,1900.79358,20.74564,1734.60718,2031.98486,,,,,,,240.06104,1577.69727,1899.80969,-39.53616,1570.49280,1768.70190,65.35643,1521.58582,1941.22021,,,,371.98718,1232.94934,1987.68262,-171.71255,1222.06274,1738.32898,302.24020,965.23633,2134.80566,-235.43057,974.57281,1909.97021,221.65536,1086.07593,1998.13794,-99.73797,1086.52502,1907.96558,,,,222.99197,593.13470,2000.81079,-164.71300,643.53625,2038.42725,195.43198,99.14787,1908.38989,16.98986,220.84924,1812.84546,NA,P4,9
327,3.26,-45.62734,1757.44727,1906.64343,18.12393,1735.32129,2039.06799,,,,,,,238.31586,1578.36450,1909.71936,-40.31183,1570.21948,1775.90625,62.81315,1521.14099,1947.96582,,,,370.76044,1234.98376,2000.43811,-171.98332,1221.95947,1743.29004,296.76193,969.54047,2150.96509,-237.71327,975.23975,1914.80615,219.80722,1085.71216,2004.39063,-101.24790,1086.24170,1913.63257,,,,222.71695,592.83234,2001.62915,-167.20450,644.68237,2046.63794,195.37955,99.12645,1908.41528,8.11822,208.72366,1837.42151,NA,P4,9
328,3.27,-47.80573,1758.20007,1913.66370,14.98358,1736.66931,2046.93384,,,,,,,236.12326,1578.52979,1918.74719,-41.45335,1569.86340,1781.95337,60.93592,1521.25085,1956.85791,,,,368.85898,1234.74341,2011.79272,,,,291.76266,972.16730,2162.45044,-240.03241,974.87097,1919.48999,218.49403,1085.81165,2011.23413,-102.38292,1086.29663,1921.13550,,,,222.22885,592.03925,2004.08948,-168.40599,645.50580,2052.82324,195.36208,99.14024,1908.43628,-0.33375,197.45853,1861.03479,NA,P4,9
329,3.28,-49.78473,1758.22876,1921.59082,12.90299,1736.88904,2054.38501,,,,,,,233.98598,1578.06445,1926.58301,-42.87072,1570.16162,1790.26660,58.35381,1520.20972,1963.50781,,,,366.20322,1235.87891,2023.07642,-173.11026,1221.31152,1754.39587,286.73044,974.70972,2175.54443,-242.18854,975.49878,1925.27319,217.09700,1085.05591,2017.14856,-104.02093,1085.98120,1927.58813,,,,221.32219,592.04688,2006.13794,-169.96048,645.34308,2059.24097,195.08833,99.00748,1908.82324,-7.49749,185.39357,1886.83655,NA,P4,9
330,3.29,-52.11513,1757.60718,1927.03735,10.10491,1737.10266,2060.55688,,,,,,,231.95265,1578.57202,1936.33887,-44.51790,1570.02039,1796.58472,56.43118,1520.13367,1972.15540,,,,364.30380,1236.48608,2032.52307,-173.50877,1221.00281,1760.74353,281.84293,977.40112,2188.31885,-244.83221,975.17334,1931.27649,215.10608,1084.92065,2024.08435,-105.63322,1085.36890,1933.71619,,,,220.47969,592.38043,2008.17493,-171.06395,645.00043,2063.94458,195.07999,99.16406,1908.69641,-16.46315,174.48877,1912.17993,NA,P4,9
331,3.3,-54.05886,1758.10266,1934.29626,6.85911,1738.24854,2068.77222,,,,,,,229.65990,1577.80908,1943.89355,-45.89956,1570.38293,1804.35120,53.81821,1519.24524,1978.59180,,,,361.96896,1236.87854,2044.05750,-174.21492,1220.59998,1765.54797,276.86804,979.02478,2199.36011,-246.48892,974.91571,1936.19287,212.71249,1084.78308,2031.55518,-107.21500,1085.45557,1940.84583,,,,220.26192,591.76208,2011.40100,-171.90126,643.81177,2069.46899,195.00642,99.18735,1908.76392,-25.09871,162.72621,1939.52734,NA,P4,9
332,3.31,-56.01610,1758.06763,1940.78894,4.56185,1738.32178,2075.20435,,,,,,,227.41356,1577.92261,1952.19336,-47.34656,1569.32397,1810.44458,51.90641,1519.43103,1986.80920,,,,359.15543,1236.59546,2053.15869,-174.70493,1220.40564,1772.21924,271.49234,980.63580,2210.56079,-248.54587,973.90375,1941.00659,210.40091,1083.86780,2037.88660,-109.50915,1084.88977,1946.68274,,,,218.92349,591.59381,2014.08850,-172.13329,641.84735,2073.71191,194.88107,99.16293,1908.81616,-34.03958,152.30783,1961.79529,NA,P4,9
333,3.32,-58.51278,1757.43384,1946.52222,1.51637,1738.36243,2081.21411,,,,,,,225.13783,1577.56250,1960.34619,-48.96208,1569.34021,1817.67786,49.40724,1518.53894,1993.29846,,,,356.50388,1236.91504,2063.26221,-175.76025,1220.03369,1777.80200,266.38171,984.31219,2223.48169,-250.45067,973.32410,1945.79431,208.12639,1083.86072,2046.00342,-111.54543,1083.35889,1952.35730,,,,218.15732,591.23474,2016.68579,-172.01196,639.30011,2077.15283,194.83633,99.16439,1908.84961,-43.19057,141.11336,1993.60425,NA,P4,9
334,3.33,-60.80457,1756.95239,1953.59412,-1.57513,1738.39941,2088.50464,,,,,,,222.76251,1577.44055,1967.71533,-50.92186,1569.10498,1824.75342,46.57729,1518.69031,2000.82910,,,,353.67755,1237.19727,2072.02954,-176.68286,1219.87585,1784.26624,261.31079,986.12701,2235.17920,-253.00867,972.25140,1950.72192,205.35173,1082.71509,2052.61694,-113.74467,1083.50952,1959.73364,,,,216.49492,590.83820,2020.18567,-171.37280,636.29718,2079.91943,194.83881,99.22203,1908.88220,-52.45160,133.91910,2015.31726,NA,P4,9
335,3.34,-63.76097,1757.01355,1961.51917,-4.35170,1738.75110,2095.29761,,,,,,,220.45351,1576.94617,1975.52368,-53.13433,1568.96362,1830.91284,44.29667,1518.31421,2008.56226,,,,350.39774,1237.57690,2082.80688,-177.99255,1219.55615,1790.84644,255.67743,988.20508,2246.09595,-255.47604,971.06061,1955.92371,202.73962,1082.79846,2061.58521,-116.09137,1082.57483,1965.95972,,,,215.21918,590.71594,2021.95447,-170.81682,633.09924,2082.33154,194.76871,99.36294,1908.90308,-62.01505,127.32841,2038.49353,NA,P4,9
336,3.35,-66.54883,1756.70374,1967.30457,-7.16825,1738.28772,2101.21606,,,,,,,218.08365,1576.84692,1982.75586,-54.99249,1568.97351,1838.44568,41.54279,1517.82043,2014.61963,,,,346.93527,1237.48779,2092.43311,-179.18921,1219.04199,1796.21716,250.09468,991.75488,2259.16992,-256.42038,969.46106,1959.65503,199.86041,1081.48706,2068.24316,-118.61031,1081.31885,1971.00085,,,,214.42555,590.90833,2026.03857,-169.81541,628.98242,2084.29663,194.60637,99.33195,1908.98010,-70.48843,120.79183,2060.82813,NA,P4,9
337,3.36,-69.06270,1756.58020,1972.80688,-10.93645,1738.39307,2107.97632,,,,,,,215.56754,1575.93140,1989.24365,-57.28150,1568.30017,1845.01880,38.89736,1517.21570,2021.75989,,,,343.52100,1237.32703,2100.53589,-180.93188,1218.53967,1803.68689,244.50723,993.24554,2269.54297,-258.30679,968.49091,1965.76477,196.73055,1080.65930,2075.83008,-121.27099,1080.23840,1976.23108,,,,212.89763,590.13776,2028.12817,-168.34189,624.82971,2086.42114,194.54242,99.37695,1909.05359,-78.71136,114.93917,2085.46240,NA,P4,9
338,3.37,-71.39027,1755.95154,1979.01013,-13.75627,1737.70898,2113.73633,,,,,,,213.34953,1576.14368,1997.16516,-59.87745,1567.98547,1851.19299,36.35512,1517.32556,2029.31348,,,,340.46222,1237.22498,2110.55151,,,,239.33510,995.25488,2280.78979,-259.90793,966.95721,1971.48462,193.43033,1080.44714,2085.00073,-124.09539,1079.15674,1982.55701,,,,211.17084,590.83142,2031.71313,-166.52470,620.47406,2087.56787,194.53726,99.43690,1909.09314,-86.90611,112.01292,2103.75146,NA,P4,9
339,3.38,-73.54288,1755.34778,1985.03040,-17.05482,1738.09778,2120.39771,,,,,,,210.24229,1574.71863,2002.90759,-62.30326,1567.13293,1857.82373,33.66766,1516.12390,2034.76306,,,,337.02951,1236.94165,2118.57617,-184.84766,1217.34485,1815.79175,233.59351,996.88806,2290.92847,-261.34940,965.16473,1975.67871,190.04997,1079.45532,2091.74536,-127.20772,1077.87158,1989.52527,,,,210.13182,590.61719,2035.43518,-164.64819,615.78943,2089.60181,194.37875,99.44318,1909.28149,-94.65201,109.94323,2126.76392,NA,P4,9
340,3.39,-76.49236,1754.95239,1991.32104,-20.01196,1737.22583,2126.48560,,,,,,,207.12965,1574.67310,2010.53284,-64.73844,1567.14954,1864.97070,30.31930,1515.82251,2041.35278,,,,333.25336,1236.49292,2127.46387,-187.05350,1216.58044,1822.85986,228.24130,998.68347,2300.99634,-263.52606,962.76794,1980.59778,186.55312,1078.73511,2100.11157,-129.57089,1076.26611,1995.20667,,,,209.07500,590.64087,2039.34680,-162.96014,611.55524,2090.66113,194.28291,99.54443,1909.39197,-101.56615,107.36840,2146.58008,NA,P4,9
341,3.4,-79.34089,1754.58142,1996.52185,-23.43571,1736.79517,2132.42285,,,,,,,204.47726,1574.06750,2017.59814,-67.37233,1565.75793,1871.01099,27.62934,1515.59265,2047.85168,,,,329.17270,1236.26563,2137.10913,-189.27829,1215.45410,1829.41821,222.73129,1000.29028,2311.74292,-264.57101,960.04871,1984.83569,183.21555,1077.87451,2108.49878,-132.95569,1075.08545,2002.76611,,,,207.16824,589.52557,2042.51001,-160.93256,607.37793,2092.29688,194.22012,99.56499,1909.44995,-107.92842,105.25112,2165.68506,NA,P4,9
342,3.41,-82.43004,1753.51721,2002.21326,-26.73443,1736.22034,2138.46069,,,,,,,201.06813,1572.96387,2024.46204,-70.13757,1565.00562,1876.75867,24.20810,1515.54321,2055.55640,,,,325.29987,1235.96411,2145.25122,-191.98650,1214.44409,1836.19470,216.85005,1001.52362,2320.77515,-266.50052,958.51184,1990.83508,179.41841,1076.62476,2115.54785,-135.67479,1073.53113,2008.73657,,,,205.79172,589.70496,2048.95142,-159.75998,603.88031,2093.99902,194.10492,99.85743,1909.30688,-113.80016,106.47637,2183.02490,NA,P4,9
343,3.42,-85.32912,1752.91260,2008.10742,-30.25223,1735.62878,2143.89478,,,,,,,198.32112,1571.79053,2030.21484,-73.30108,1564.13940,1882.71411,21.58235,1514.32922,2060.75952,,,,321.24423,1235.22754,2154.19287,,,,210.97839,1002.73779,2330.87476,-268.44714,956.07172,1997.02991,175.14662,1076.18323,2124.52539,-139.03313,1072.12500,2015.12512,,,,203.82877,589.11212,2052.82202,-159.21068,600.54181,2096.97046,194.12210,100.11092,1909.15417,-119.18986,106.64351,2197.71143,NA,P4,9
344,3.43,-88.00193,1752.30347,2013.03284,-33.90194,1735.05017,2150.12158,,,,,,,195.21823,1570.67004,2037.67749,-76.43079,1562.87012,1888.85034,17.71743,1513.74402,2067.86182,,,,317.00488,1234.23071,2160.83984,-197.32739,1212.09656,1848.13660,205.48199,1003.68933,2340.11646,-269.53909,953.15375,2000.26721,172.14346,1075.20752,2132.69263,-141.78206,1069.94983,2020.21533,,,,201.11247,589.60327,2059.69971,-158.48047,597.72156,2101.59741,194.05746,100.16003,1909.23059,-123.85062,105.94430,2211.22363,NA,P4,9
345,3.44,-91.16402,1751.44385,2018.85657,-37.04130,1734.62646,2155.20068,,,,,,,191.77983,1570.66260,2044.98083,-79.06984,1561.87036,1894.80615,14.02775,1513.25061,2073.50391,,,,312.68396,1233.18591,2168.40625,-200.50128,1210.55945,1854.77283,200.21178,1003.83606,2348.91089,-271.82822,950.70441,2005.28027,168.14970,1074.31274,2140.10474,-144.49646,1068.09839,2025.20520,,,,199.51686,588.62219,2064.31274,-158.72690,595.25232,2107.04907,194.02716,100.25615,1909.30994,-128.11874,106.84406,2221.15796,NA,P4,9
346,3.45,-93.70785,1751.08081,2023.47021,-40.88937,1734.46570,2161.11255,,,,,,,187.89063,1569.26074,2051.24927,-82.11855,1559.72339,1900.77417,10.10974,1511.95313,2080.03979,,,,308.68558,1232.55005,2177.43701,-202.97577,1208.98267,1861.24280,194.46864,1004.55615,2357.08154,-274.30310,948.34686,2010.65149,164.00378,1073.54578,2147.68213,-147.80652,1066.83228,2031.15735,,,,197.96092,587.99078,2069.66602,-157.26634,594.47455,2109.60889,193.93735,100.32300,1909.41528,,,,NA,P4,9
347,3.46,-97.55817,1751.34143,2029.67395,-44.06423,1733.97498,2166.06055,,,,,,,184.35539,1568.10522,2057.37427,-85.64059,1559.08704,1907.72131,6.00919,1511.59741,2086.70630,,,,304.48227,1231.97217,2185.83667,-205.85919,1207.86279,1867.89600,188.85239,1004.42450,2365.24365,-276.03659,945.97980,2014.89417,160.81311,1072.40186,2154.88916,-150.84038,1065.69580,2036.51770,,,,194.39444,588.70770,2077.01245,-158.64148,594.22156,2115.55835,193.95610,100.77777,1909.10217,,,,NA,P4,9
348,3.47,-101.01968,1749.81104,2035.58850,-48.11533,1734.15283,2172.23120,,,,,,,180.18033,1567.64001,2065.31592,-88.60114,1557.35107,1912.93823,2.22857,1510.66162,2092.52979,,,,299.08459,1230.79553,2191.73340,-208.42479,1206.14966,1873.66638,183.25262,1004.58142,2373.14575,-278.17844,943.58734,2020.43530,156.42844,1071.99463,2163.69336,-153.68736,1064.40857,2041.88452,,,,191.15230,588.62659,2082.94019,-162.07855,593.88708,2123.68945,193.89224,100.86726,1909.20203,,,,NA,P4,9
349,3.48,-103.86260,1749.64551,2039.75305,-51.53053,1734.03406,2176.94116,,,,,,,176.79279,1566.40247,2072.14819,-92.32188,1556.39832,1919.72729,-1.62270,1509.32495,2097.83472,,,,295.00137,1230.15332,2199.67993,-211.27211,1204.75830,1879.96790,177.64052,1004.24078,2381.23682,-280.76022,941.97882,2025.63342,152.58942,1070.62878,2170.63525,-157.42793,1063.20654,2048.48096,,,,188.78468,588.15753,2089.28491,-166.33304,593.65991,2131.78101,193.33682,102.19186,1909.10486,,,,NA,P4,9
350,3.49,-108.15482,1749.58411,2045.97510,-55.37313,1733.90747,2182.47070,,,,,,,172.13597,1566.71094,2080.64453,-96.15553,1555.72949,1926.09790,-6.29924,1508.84229,2104.91699,,,,290.33389,1229.11487,2207.08936,-214.21472,1203.23450,1885.72339,171.86876,1004.03528,2388.97559,-283.32089,939.84412,2030.73206,147.90550,1069.85852,2178.10938,-161.02228,1062.38379,2053.93896,,,,186.20988,586.89478,2094.67212,-171.50957,594.19110,2139.88379,193.34641,102.55997,1909.31775,,,,NA,P4,9
351,3.5,-111.13973,1748.78662,2050.37061,-59.49723,1734.06189,2188.02295,,,,,,,167.84183,1565.29578,2087.11182,-99.79220,1554.40710,1931.45483,-10.78371,1507.33655,2111.13892,,,,285.41983,1228.04712,2214.20630,,,,166.49368,1003.32886,2395.96826,-286.47034,937.78357,2035.92285,144.11879,1068.82898,2185.28662,-165.22421,1062.47803,2060.92432,,,,183.86266,586.90564,2102.19360,-177.32663,593.95074,2147.11377,193.49034,104.03931,1911.24170,,,,NA,P4,9
352,3.51,-115.56499,1748.99536,2056.10669,-63.13193,1733.64246,2192.92065,,,,,,,163.38269,1564.48389,2094.39624,-103.60496,1553.32068,1937.67969,-15.08937,1506.49805,2117.50415,,,,280.97318,1226.89990,2222.15845,-219.76825,1200.25000,1896.27686,161.20093,1002.17151,2402.86572,-289.80051,935.66437,2040.74072,139.52538,1068.44141,2193.80273,-168.77055,1061.44531,2067.42749,,,,180.74036,586.87067,2108.01904,-183.38443,593.89728,2155.11133,193.50543,104.99840,1911.17151,,,,NA,P4,9
353,3.52,-118.44823,1747.55029,2060.57056,-67.60913,1734.05530,2198.65088,,,,,,,158.80501,1563.44836,2101.23315,-107.46645,1552.18530,1943.14075,-19.93096,1505.85803,2123.69971,,,,276.08157,1226.18701,2229.35278,-222.34091,1198.77234,1901.36060,156.12796,1001.17236,2408.97217,-293.11383,933.91125,2045.30994,135.11499,1067.62842,2201.85571,-173.60570,1061.65283,2074.93896,,,,177.67848,586.68530,2113.90771,-190.46602,592.78632,2165.49780,193.42241,105.84230,1911.01184,,,,NA,P4,9
354,3.53,-123.09642,1747.69214,2066.86475,-71.55133,1733.84241,2203.12891,,,,,,,153.55444,1563.09570,2108.20142,-111.55135,1550.50720,1948.56067,-24.63143,1504.84045,2129.26611,,,,271.05392,1225.82715,2236.88257,,,,151.08815,999.75366,2415.47266,-296.45517,932.65332,2049.98608,131.07130,1066.50659,2208.91577,-177.83533,1062.44641,2082.14893,,,,175.63174,587.13800,2120.74023,-196.51588,592.24750,2170.69849,193.06255,108.90638,1912.59338,,,,NA,P4,9
355,3.54,-126.05612,1747.80566,2070.57080,-75.44917,1734.02673,2207.60132,,,,,,,149.40750,1562.59875,2114.67529,-115.52134,1550.36230,1953.93335,-29.16454,1504.24988,2134.20947,,,,265.81998,1225.39673,2244.39941,-227.99446,1195.71069,1910.69019,145.61281,998.86627,2422.12109,-299.82095,931.79565,2055.40381,126.33353,1065.92944,2216.74292,-181.62332,1062.10791,2088.96045,,,,173.20924,587.08374,2128.52100,-202.10033,591.98737,2178.21289,193.04507,110.44160,1912.82764,,,,NA,P4,9
356,3.55,-130.51389,1748.21692,2075.93555,-80.02267,1734.15845,2212.91870,,,,,,,144.62434,1562.18738,2120.98267,,,,-33.58872,1503.82739,2138.94775,,,,260.40961,1224.94482,2251.29565,-230.70868,1194.44006,1915.56628,140.35977,998.08472,2427.83691,-303.21436,930.88647,2060.38550,121.85703,1065.17932,2223.83032,-186.47003,1063.31812,2096.66968,,,,169.19659,588.67090,2136.37720,-207.07620,592.20288,2184.18604,192.27299,113.94318,1914.24792,,,,NA,P4,9
357,3.56,,,,-84.29501,1734.65271,2217.81201,,,,,,,140.62332,1562.58118,2127.02173,,,,-38.71375,1504.25757,2145.24805,,,,255.05598,1224.70935,2257.43506,,,,135.42169,996.27075,2433.11963,-306.91882,930.02606,2066.26196,117.26128,1065.48889,2231.68896,-191.06979,1064.53235,2104.64941,,,,166.09744,587.03729,2141.00171,-209.72693,592.20135,2186.14185,192.21727,116.31478,1915.28992,,,,NA,P4,9
358,3.57,92.28389,1755.89709,2115.83594,-89.04182,1735.35632,2223.01099,,,,,,,135.48953,1562.82446,2134.02148,-138.32521,1748.73999,2084.84546,-43.25348,1505.11011,2151.32422,,,,249.30005,1225.49243,2264.72095,-236.20126,1192.51440,1924.39185,131.07936,994.32666,2437.47632,-310.19806,929.25659,2070.06152,112.42308,1065.52673,2239.62695,-195.51682,1065.03564,2111.70190,,,,163.07835,588.82336,2150.19434,-213.12953,592.69653,2191.60205,191.94957,119.76778,1917.71399,,,,NA,P4,9
359,3.58,88.14772,1756.42676,2120.48218,-93.00930,1735.66675,2227.06226,,,,,,,131.10510,1563.72192,2139.57397,,,,-47.86335,1505.98010,2156.40820,,,,243.67796,1226.04321,2270.51563,-239.46188,1192.27515,1928.95264,126.05504,993.46130,2442.25024,-314.36832,928.59955,2074.02295,107.35394,1066.08899,2247.37280,-199.99977,1066.60522,2118.76733,,,,159.75511,589.34863,2157.62012,-216.51958,593.84204,2196.45801,191.66397,123.75907,1919.65967,,,,NA,P4,9
360,3.59,84.17265,1756.79358,2125.49976,-97.33381,1736.27905,2231.35864,,,,,,,127.33694,1564.64343,2144.99072,,,,-52.18931,1506.89136,2161.36475,,,,238.27472,1226.53552,2276.91772,-242.08005,1191.83081,1933.81299,121.28060,992.05084,2446.87134,-318.12326,928.56091,2078.56396,102.50549,1066.51025,2254.63745,-204.60628,1067.46960,2125.19189,,,,155.25993,590.09784,2167.66772,-221.26497,594.68890,2202.60352,191.22459,127.74964,1922.20227,,,,NA,P4,9
361,3.6,80.05756,1758.11560,2130.52881,-101.88253,1736.88440,2236.40845,,,,,,,122.81341,1565.98486,2151.29248,-150.27682,1750.55811,2098.26416,-56.81290,1508.51001,2166.07446,,,,233.01854,1228.96301,2284.71997,-245.04939,1191.81128,1938.72058,117.10884,990.56854,2450.87280,-321.68109,928.77795,2083.72876,97.35711,1067.04907,2261.90137,-209.30823,1069.18799,2132.17456,,,,151.46562,590.95416,2175.71631,-226.08122,596.06128,2207.71191,190.98640,132.31703,1925.46777,,,,NA,P4,9
362,3.61,8.67494,1672.13745,1850.01624,-106.65186,1738.33521,2241.06006,,,,,,,118.24961,1567.68579,2157.33276,,,,-61.39525,1509.47693,2171.36548,,,,227.58623,1228.34143,2288.99121,-247.50447,1192.00574,1942.53113,111.94946,990.16809,2455.19946,-325.25485,930.04797,2088.70801,92.04720,1067.68384,2268.80762,-214.50505,1071.19434,2139.90430,,,,147.02678,591.70599,2186.72388,-230.31459,596.16425,2213.56372,190.37999,137.27318,1927.39844,-141.68549,106.79459,2261.64233,NA,P4,9
363,3.62,4.31995,1673.18884,1854.68091,-110.94653,1739.01831,2245.14331,,,,,,,114.26510,1568.18787,2162.72559,,,,-65.86645,1510.91504,2176.82886,,,,221.79132,1229.74707,2295.21729,-250.44551,1192.12549,1947.77637,108.32893,988.40015,2458.21948,-329.45343,929.65350,2092.99341,86.53999,1068.47913,2275.82007,-219.29901,1071.82214,2145.89404,,,,142.18480,592.71478,2198.68506,-234.64780,596.98181,2218.27856,189.34203,142.37460,1929.85083,-141.77165,106.89801,2261.75708,NA,P4,9
364,3.63,67.64575,1760.25146,2146.20703,-115.53571,1740.34570,2249.92603,,,,,,,109.92104,1569.40161,2168.17773,,,,-70.44427,1512.73584,2182.33423,,,,216.46170,1230.48315,2300.80981,-253.41788,1192.62012,1952.11963,103.32386,988.33160,2462.74585,-333.31900,930.17316,2097.09058,81.19350,1068.95056,2282.34692,-224.45189,1073.67993,2151.23608,,,,136.72127,591.84930,2209.41602,-239.56535,597.40375,2222.98950,188.39221,148.27307,1933.15222,-141.91339,106.86775,2261.95532,NA,P4,9
365,3.64,63.33614,1761.36487,2150.75146,-120.10232,1741.58557,2254.08936,,,,,,,105.15519,1570.86340,2174.13989,,,,-75.10727,1513.26050,2187.37622,,,,211.31421,1231.15955,2306.36694,-255.88345,1193.09265,1956.30750,99.80582,986.89044,2465.50610,-337.40237,930.91742,2102.32227,75.70348,1069.89758,2289.03418,-230.06807,1075.52051,2157.28979,,,,131.42574,590.72784,2222.78491,-245.16486,597.71014,2230.30615,187.41164,154.17151,1937.36267,-142.07417,106.79971,2262.18140,NA,P4,9
366,3.65,59.11895,1761.77527,2155.14380,-124.48466,1742.60657,2258.18408,,,,,,,100.81972,1572.21228,2179.81763,,,,-79.79687,1514.40942,2192.69482,,,,206.29730,1232.00476,2311.72290,-259.64850,1193.23181,1961.56372,95.45257,986.33807,2469.66309,-340.68576,931.62598,2107.23218,70.23826,1070.28723,2295.95020,-235.04883,1076.41382,2163.92090,,,,125.88908,590.35278,2235.28394,-247.02101,598.44714,2230.58838,184.95370,161.99768,1942.27612,-142.03777,106.87926,2262.12720,NA,P4,9
367,3.66,54.89183,1762.41675,2159.47388,-128.97969,1744.08374,2262.40576,,,,,,,96.02679,1572.74719,2186.32007,,,,-84.37947,1515.34338,2197.30029,,,,201.27850,1232.49219,2317.21948,-262.62073,1193.86194,1965.51099,91.53915,985.56592,2473.07056,-343.91748,932.13129,2112.42358,64.73557,1070.85657,2302.49658,-239.90863,1078.19556,2168.35498,,,,120.16655,590.04053,2249.86938,-248.83772,599.09869,2233.80054,182.47517,169.95155,1946.65771,-142.13254,106.98959,2262.25342,NA,P4,9
368,3.67,50.58740,1762.81653,2164.79150,-133.31584,1745.00830,2266.34448,,,,,,,91.22320,1573.22412,2192.43457,,,,-89.24197,1515.92517,2203.09717,,,,196.72017,1232.69714,2321.56519,-265.75180,1194.37622,1969.48010,87.64294,984.84564,2477.01001,-347.88239,932.79010,2117.46338,59.49719,1071.32959,2308.85645,-244.75378,1077.77112,2172.85059,,,,114.29507,589.41180,2265.00122,-250.69124,598.74847,2236.94312,179.64769,178.16956,1951.67029,-142.26831,107.00069,2262.44116,NA,P4,9
369,3.68,46.50141,1763.36230,2169.36548,-138.04085,1746.60498,2270.24048,,,,,,,86.81483,1573.89734,2198.02295,,,,-93.78321,1516.27307,2208.23218,,,,192.28566,1233.22253,2327.17993,-270.04242,1194.25708,1974.94482,83.47655,984.50092,2481.20654,-351.49197,932.96973,2121.70532,54.22611,1071.88525,2315.27368,-249.72139,1079.02661,2178.46289,,,,109.94540,588.65118,2280.00684,-252.89799,598.23303,2240.04297,176.54303,187.61528,1957.82849,-142.33559,107.06007,2262.53174,NA,P4,9
370,3.69,42.33915,1763.88171,2174.85962,-142.87766,1747.97180,2274.97876,,,,,,,82.15992,1574.46069,2204.12500,,,,-98.15709,1517.26001,2213.48975,,,,188.24950,1233.77112,2332.90332,-273.80081,1194.82202,1979.68701,80.29033,983.23254,2484.60938,-355.35986,932.97052,2126.58765,49.23462,1072.13635,2321.14087,-253.95808,1079.35620,2182.17310,,,,103.96802,588.82959,2296.30322,-254.16585,597.94745,2241.49048,172.35048,197.39914,1963.30261,-142.23906,107.11175,2262.39526,NA,P4,9
371,3.7,38.62833,1764.59680,2179.44434,-147.32996,1749.16223,2279.18701,,,,,,,77.92231,1574.20251,2209.63672,,,,-103.18871,1517.05945,2219.16528,,,,184.00169,1233.44946,2338.00073,-277.21512,1194.95715,1984.73779,76.30145,982.61786,2488.93506,-359.12067,933.53137,2131.74829,44.80340,1071.76111,2326.02881,-258.25479,1079.47498,2186.35913,,,,97.70852,587.66705,2310.92090,-257.10678,597.62207,2244.73145,167.81953,207.19270,1969.55994,-142.23813,107.11581,2262.39380,NA,P4,9
372,3.71,33.95518,1764.95422,2185.07471,-152.24754,1750.58875,2283.13257,,,,,,,73.20591,1574.80896,2216.21802,,,,-107.11445,1517.32495,2223.95410,,,,179.76933,1232.88745,2343.24121,-281.19022,1195.38855,1989.54663,72.67162,981.80988,2493.13574,-362.39575,933.63519,2137.36938,40.14945,1071.81482,2331.72583,-262.28024,1080.23706,2190.77783,,,,91.76895,588.19025,2326.88892,-259.27295,597.38440,2245.86694,163.39471,218.30861,1978.53589,-142.41402,107.00189,2262.64331,NA,P4,9
373,3.72,30.01383,1765.19446,2189.97119,-156.45387,1751.63257,2287.18384,,,,,,,68.75034,1574.56799,2222.37305,,,,-111.80213,1517.00830,2229.35986,,,,175.41083,1232.95850,2348.63647,-285.80652,1195.77161,1994.92700,69.22451,980.79303,2497.01001,-366.01428,934.39630,2142.81055,35.47464,1072.46399,2337.08423,-266.54099,1080.65820,2195.16895,,,,84.25427,589.62994,2344.17139,-261.77731,597.61749,2246.89038,158.02480,229.39038,1986.06750,-142.35149,107.04915,2262.55420,NA,P4,9
374,3.73,26.11619,1765.80872,2194.56055,-161.40517,1752.97314,2292.13721,,,,,,,64.34602,1574.94910,2228.74072,,,,,,,,,,171.48793,1233.03784,2354.53320,-290.26169,1195.82861,2000.51123,65.23346,980.29230,2501.40381,-369.44708,934.92181,2147.98071,30.54856,1072.76440,2342.99097,-270.24695,1080.93689,2198.27979,,,,76.97650,588.56195,2358.28296,-263.76566,597.46661,2248.55884,153.20038,239.97737,1996.16077,-142.36250,106.85100,2262.57910,NA,P4,9
375,3.74,21.74514,1765.95911,2200.06592,-166.02989,1754.17407,2295.74731,,,,,,,60.33072,1575.36841,2234.53271,-119.99546,1517.29114,2240.42676,,,,,,,167.49672,1233.32385,2359.79053,-293.96027,1196.52234,2005.22449,61.75473,979.45062,2505.18457,-372.62466,935.35468,2153.49023,26.87695,1072.64734,2347.43262,-274.12634,1082.29138,2202.15649,,,,69.54144,589.15649,2373.69312,-264.96317,597.44513,2250.72437,147.39052,250.91904,2006.71460,-142.27803,107.10710,2262.44946,NA,P4,9
376,3.75,17.73562,1766.42236,2205.17041,-170.37802,1755.18311,2299.95752,,,,,,,56.22243,1575.68823,2240.27563,-124.00565,1517.34973,2244.96143,,,,,,,163.85115,1233.34290,2364.69336,-298.02130,1196.86121,2010.89832,58.17190,978.35706,2509.05029,-376.30389,935.38745,2158.71558,22.20802,1073.20935,2353.09985,-277.30402,1082.71960,2205.87891,,,,62.56065,589.22955,2388.80347,-266.60632,597.46942,2252.42017,141.71941,261.70740,2017.24487,-142.21129,107.14597,2262.35522,NA,P4,9
377,3.76,14.07858,1766.95752,2209.94409,-175.08424,1756.54114,2304.66357,,,,,,,52.22424,1576.55920,2246.24316,-127.78180,1517.63757,2250.21753,,,,,,,159.80225,1233.19458,2369.68384,-301.86295,1197.79907,2016.13000,54.33385,977.88873,2513.03687,-379.88077,936.12720,2163.77295,17.51254,1074.11877,2358.33081,-281.01550,1083.38696,2208.72046,,,,53.87237,589.28351,2402.84985,-268.25748,597.29938,2253.38403,136.06317,271.35394,2028.03796,-142.28769,107.03926,2262.46631,NA,P4,9
378,3.77,9.85480,1767.47498,2215.78418,-179.42336,1757.32434,2307.95483,,,,,,,48.12889,1576.94055,2252.63428,-131.67874,1517.39954,2255.08301,,,,,,,156.00800,1233.53186,2374.32056,-306.10388,1198.25781,2021.08337,50.33115,977.51947,2517.28784,-383.81439,936.88739,2168.92188,13.72541,1074.35767,2362.67993,-284.09418,1083.87695,2211.00586,,,,44.24277,593.38190,2419.56006,-269.48737,597.59967,2254.57593,131.63982,278.13208,2039.56445,-142.19974,107.18434,2262.33716,NA,P4,9
379,3.78,5.91608,1768.24438,2221.14868,-183.93457,1758.60168,2312.45166,,,,,,,44.58480,1577.13806,2257.93066,-135.06909,1517.51099,2259.84521,,,,,,,152.20189,1234.10730,2379.80054,-309.98111,1199.16797,2026.48132,46.79493,976.97675,2520.94604,-387.43738,937.48328,2173.90063,9.24137,1075.32104,2367.18896,-286.99066,1083.91333,2213.36328,,,,34.90161,594.88367,2432.37573,-270.26312,597.68878,2255.89551,127.28833,284.03574,2051.74707,-142.25214,107.13432,2262.41235,NA,P4,9
380,3.79,1.99639,1769.31604,2226.61499,-188.17064,1759.29211,2316.63770,,,,,,,40.80000,1577.92859,2263.34009,-138.61147,1518.15759,2264.37183,,,,,,,148.75290,1234.10925,2384.51318,,,,42.67070,977.26575,2525.27124,-391.07065,938.12921,2179.12427,4.62665,1076.53906,2372.55176,-290.33994,1085.31982,2215.78906,,,,24.24664,596.65912,2444.73413,-271.01309,597.49835,2257.23169,123.44966,288.87997,2064.98560,-142.17444,107.19838,2262.30151,NA,P4,9
381,3.8,-1.54100,1770.47974,2231.82104,-192.67104,1760.43848,2320.88452,,,,,,,37.32384,1578.84961,2269.07593,-142.44572,1518.37695,2269.48413,,,,,,,145.14783,1234.75159,2389.02515,-316.98340,1201.18237,2036.50867,39.52472,976.62238,2528.32739,-394.67215,939.54132,2184.34839,0.33856,1077.09595,2377.07300,,,,,,,14.18703,599.89215,2457.56470,-271.82422,597.32477,2258.58472,118.93709,292.38776,2077.05615,-142.14615,107.24035,2262.26025,NA,P4,9
382,3.81,-5.28147,1771.02722,2237.62109,-197.01813,1760.91199,2324.70044,,,,,,,33.47007,1579.55627,2274.76758,-145.69937,1518.73267,2274.29395,,,,,,,141.56847,1235.30432,2393.88818,-320.82507,1202.28992,2041.79590,35.14277,976.97205,2532.92041,-398.03638,940.86523,2189.57642,-3.67012,1078.32776,2381.30518,,,,,,,3.57677,603.04340,2469.76636,-272.61737,597.07379,2259.35791,115.61180,294.83743,2091.41821,-142.15256,107.26157,2262.26807,NA,P4,9
383,3.82,-8.66431,1772.29517,2242.59424,-201.48027,1762.18542,2329.68286,,,,,,,29.87030,1580.46545,2280.16113,-149.11160,1519.77966,2278.56543,,,,,,,139.19542,1236.62317,2399.84839,-323.91983,1203.61121,2046.33704,31.68713,976.47736,2536.40015,-401.64075,942.50836,2194.84106,-8.31220,1079.46252,2386.35767,,,,,,,-7.21161,606.58832,2481.74707,-273.51810,597.21338,2260.22534,112.00985,295.94830,2106.26709,-142.07480,107.35094,2262.15601,NA,P4,9
384,3.83,-12.55137,1773.69995,2248.32178,-205.81190,1763.13879,2333.41235,,,,,,,26.30121,1581.23157,2286.04956,-152.19580,1519.98157,2282.63672,,,,,,,134.54279,1236.66736,2403.97046,,,,27.74994,977.08282,2540.14844,-405.20270,944.34094,2200.24292,-12.99895,1081.18103,2391.62329,,,,,,,-17.70788,610.19489,2492.90137,-274.31021,597.26678,2260.58350,108.11830,296.12695,2121.57813,-142.17111,107.30221,2262.29175,NA,P4,9
385,3.84,-16.61817,1774.64380,2254.75073,-210.07635,1763.54102,2337.14087,,,,,,,23.02555,1582.58252,2291.55054,-155.55084,1520.90784,2286.75830,,,,,,,131.10916,1237.37048,2408.97852,-330.99792,1206.31189,2056.37207,24.00270,977.35065,2543.90063,-408.60196,946.00549,2205.13208,-16.77899,1081.97620,2395.58398,,,,,,,-29.08148,614.42981,2504.55200,-274.68271,597.03210,2259.63232,104.57571,295.27759,2139.04932,-142.13927,107.27147,2262.24927,NA,P4,9
386,3.85,-19.91417,1775.93713,2259.95557,-214.17929,1764.52344,2341.70337,,,,,,,19.60374,1583.62964,2297.48169,-158.71008,1521.06677,2290.86572,,,,,,,128.29749,1239.38513,2415.69312,-333.38098,1207.60071,2060.14136,20.32880,977.59143,2548.03198,-411.82864,947.09772,2209.44482,-21.27213,1083.96765,2400.35596,,,,,,,-40.26559,616.39124,2512.23438,-274.81766,596.98608,2259.72290,99.97540,292.48999,2154.82568,-142.19853,107.24248,2262.33276,NA,P4,9
387,3.86,-23.41563,1776.38147,2265.50757,-218.32889,1764.63464,2345.82031,,,,,,,16.21408,1584.11829,2303.07080,,,,,,,,,,124.53233,1238.64783,2418.42432,-336.99561,1209.19653,2065.09155,16.51432,977.97217,2552.43066,-415.62711,949.41602,2214.76025,-25.76908,1085.25867,2405.31323,,,,,,,-50.78679,621.64398,2524.49634,-275.10327,596.88367,2260.04321,95.60577,289.32782,2172.08203,-142.10567,107.31882,2262.20020,NA,P4,9
388,3.87,-27.07087,1777.85107,2271.21069,-222.73192,1764.78259,2349.63379,,,,,,,12.73029,1585.14026,2308.43018,-165.46078,1522.83167,2299.48364,,,,,,,121.20786,1239.56311,2424.73584,-339.33817,1210.53735,2068.74121,12.98360,978.06494,2555.87939,-418.91623,951.18481,2219.87378,-29.64976,1086.26941,2409.68750,,,,,,,-61.78482,623.89270,2531.62061,-275.32431,596.85602,2260.38159,90.71247,285.85410,2190.43799,-142.06288,107.28006,2262.14282,NA,P4,9
389,3.88,-30.11130,1778.07617,2276.47583,-226.62918,1764.91638,2353.37183,,,,,,,9.04525,1585.71692,2314.43335,-168.93547,1523.31140,2303.40845,,,,,,,118.41961,1240.72400,2430.62183,-342.43167,1211.85352,2072.95874,8.74819,978.51300,2560.04004,-421.92245,953.41705,2224.54907,-33.85921,1087.30164,2414.21655,,,,,,,-72.59685,626.27783,2538.39502,-275.68280,596.64484,2260.85376,84.60786,280.09439,2207.21973,-142.13229,107.35284,2262.23560,NA,P4,9
390,3.89,-34.06346,1778.58289,2282.79858,,,,,,,,,,5.65343,1586.10437,2319.65063,-172.37260,1523.38574,2307.38403,,,,,,,114.34286,1239.20520,2433.93384,-344.68497,1212.96399,2076.26611,5.35956,978.05353,2563.37305,-424.92273,955.50739,2229.20215,-38.27779,1088.40955,2419.08911,,,,,,,-84.57848,629.20203,2544.59131,-275.97205,596.44470,2261.29248,78.33454,273.43683,2224.42725,-142.15587,107.34444,2262.26855,NA,P4,9
391,3.9,-37.48891,1779.33545,2288.52466,,,,,,,,,,1.89949,1586.12610,2324.83350,-175.54645,1524.28259,2311.40723,,,,,,,,,,-347.46408,1213.75964,2079.62378,1.02089,978.18665,2568.11865,-428.05402,957.66632,2234.46436,-42.67082,1089.73804,2423.72241,,,,,,,-94.50418,631.94067,2550.89551,-276.88474,596.05634,2262.43970,71.89158,266.63425,2242.38770,-142.16524,107.34982,2262.28149,NA,P4,9
392,3.91,-40.84148,1779.65308,2294.16675,,,,,,,,,,-1.91345,1586.64697,2330.90771,-179.17720,1524.14600,2315.38257,,,,,,,,,,-349.49408,1214.95435,2082.71143,-2.81835,978.15662,2572.15845,-431.03598,959.90143,2239.53540,-46.69654,1090.06018,2427.94971,,,,,,,-104.78033,635.03125,2556.79614,-277.58765,595.85638,2263.41968,64.60837,260.02682,2261.68555,-142.06422,107.37075,2262.14038,NA,P4,9
393,3.92,-44.85308,1779.80725,2301.01489,,,,,,,,,,-5.70176,1586.77563,2336.37817,-182.57426,1523.74475,2319.22363,,,,,,,,,,-352.68436,1215.76172,2086.46948,-6.85864,978.01532,2576.65820,-433.77411,962.09052,2244.47119,-51.10194,1090.90173,2432.79565,,,,,,,-114.15997,636.66132,2561.78979,-278.36221,595.66602,2264.42773,57.60617,251.39952,2281.71777,-141.97446,107.48680,2262.01025,NA,P4,9
394,3.93,-47.90926,1779.66357,2306.27148,,,,,,,,,,-9.77381,1587.03674,2342.07275,-186.21378,1523.98389,2323.00513,,,,,,,,,,-353.88022,1216.31934,2088.07178,-10.74990,977.86914,2581.07104,-436.56378,964.36115,2249.46729,-56.08954,1092.15088,2437.94043,,,,,,,-123.61355,639.21582,2567.24976,-278.54828,595.49335,2266.94409,49.23128,242.08742,2300.41309,-142.10114,107.32952,2262.19360,NA,P4,9
395,3.94,-51.47490,1779.67200,2312.33960,,,,,,,,,,-13.84411,1587.19104,2348.33911,-190.07248,1524.11511,2327.00293,,,,,,,,,,-356.64096,1217.03577,2091.19385,-14.96069,977.37561,2585.51709,-439.20285,966.66431,2254.15210,-60.50942,1092.53516,2442.28857,,,,,,,-132.47133,641.24988,2571.23364,-279.03040,595.37653,2267.56714,42.00001,233.56993,2322.51123,-142.01126,107.41579,2262.06470,NA,P4,9
396,3.95,-55.18938,1779.59326,2318.79028,93.51251,1241.63513,2468.32544,,,,,,,-17.86188,1586.96130,2354.21606,-193.71281,1523.66052,2331.23047,,,,,,,-311.37930,1084.25476,2223.20801,-358.22366,1217.65637,2093.43555,-19.00605,976.78351,2589.42651,-441.82480,969.01459,2258.95386,-64.82379,1093.08752,2446.50708,,,,,,,-140.38841,641.97791,2574.96460,-279.83008,596.46051,2267.72534,32.28055,224.45634,2342.24609,-141.95715,107.48443,2261.98633,NA,P4,9
397,3.96,-58.49130,1779.47998,2324.81738,89.50193,1241.66870,2474.32349,,,,,,,-22.26294,1587.37158,2360.54102,-197.37175,1523.32898,2334.75928,,,,,,,-313.16086,1083.83679,2224.18213,-359.73111,1218.38159,2095.95361,-22.93818,976.01447,2593.32935,-444.37018,971.54846,2263.56519,-69.79742,1093.75427,2451.68359,,,,,,,-148.48210,643.57361,2578.32715,-279.85364,596.89136,2270.72852,22.99883,214.86160,2363.99023,-142.05656,107.44470,2262.12598,NA,P4,9
398,3.97,-62.08263,1779.23230,2331.21167,85.59444,1242.01062,2480.09644,,,,,,,-26.33366,1587.21460,2366.19604,-201.30956,1522.72791,2338.14478,,,,,,,-314.23999,1083.68530,2224.92334,,,,-27.59567,975.37207,2598.44238,-446.59964,973.79749,2267.84814,-74.13099,1094.24231,2456.05298,,,,,,,-156.53006,644.46948,2582.30737,-280.14722,596.82697,2271.33618,13.72637,205.71819,2385.97852,-142.04587,107.44535,2262.11133,NA,P4,9
399,3.98,-65.73827,1778.69556,2337.90747,81.81104,1241.56128,2485.89502,,,,,,,-30.92386,1587.47791,2372.51416,-205.27052,1523.25500,2341.99829,,,,,,,-315.61838,1083.37781,2225.67847,,,,-31.37690,974.52911,2602.60742,-448.69745,975.88025,2272.19043,-79.10971,1094.72656,2460.55444,,,,,,,-163.25648,644.92401,2584.21802,-280.33829,596.86725,2271.97412,3.80398,196.78743,2407.96094,-141.94423,107.46308,2261.96948,NA,P4,9
400,3.99,-68.94519,1778.24451,2343.41382,77.28096,1242.40039,2492.27002,,,,,,,-35.52854,1587.55139,2378.78223,-209.16853,1522.29333,2345.49878,,,,,,,-316.66675,1083.18616,2226.46045,,,,-35.69964,974.03809,2607.46387,,,,-82.98312,1094.45166,2463.90259,,,,,,,-169.80103,644.54718,2586.06592,-280.64014,596.67181,2272.68408,-6.16563,186.69200,2432.54688,-142.02220,107.48874,2262.07642,NA,P4,9
401,4,-72.73324,1777.34460,2350.00049,72.49582,1242.72095,2498.97632,,,,,,,-40.52629,1587.79871,2385.34180,,,,,,,,,,-317.55710,1083.02136,2227.23047,,,,-39.84891,973.32300,2611.45508,,,,-87.76880,1094.57007,2469.01685,,,,,,,-176.42860,644.64954,2587.86523,-280.66132,595.90717,2273.84033,-16.45240,179.17818,2456.51001,-142.00471,107.52213,2262.05054,NA,P4,9
402,4.01,-76.37042,1777.27747,2356.44336,67.79295,1242.35852,2505.39453,,,,,,,-45.47456,1587.98120,2391.81665,-217.40739,1521.77747,2353.28589,,,,,,,-318.47791,1082.77515,2227.97827,-159.81413,1528.00183,2020.65588,-44.36949,972.45123,2615.49512,-366.38702,1219.81055,2107.36060,-92.46679,1095.02527,2473.75098,,,,,,,-182.16269,643.77954,2589.48511,-281.19894,596.20764,2273.88135,-27.92257,170.97878,2479.57666,-141.91519,107.55954,2261.92456,NA,P4,9
403,4.02,-79.71072,1776.48743,2362.51709,63.19453,1242.86926,2511.72095,,,,,,,-50.26521,1588.25183,2398.18237,-221.19124,1521.57654,2356.80469,,,,,,,-319.37167,1082.82446,2229.10229,-162.43086,1528.87354,2027.23230,-49.27010,971.85406,2620.28174,-367.16458,1220.07605,2108.89160,-97.16813,1094.75305,2477.80762,,,,,,,-188.16573,643.12146,2591.43188,-281.62244,596.13098,2274.40381,-40.41029,162.99202,2502.93018,-142.03745,107.38504,2262.10254,NA,P4,9
404,4.03,-83.68832,1776.13782,2369.18311,58.01446,1243.02588,2518.20850,,,,,,,-55.12844,1588.13110,2404.37134,-225.54257,1521.38464,2360.66113,,,,,,,-320.08139,1082.71570,2230.11450,-164.85999,1529.35437,2032.66626,-53.36791,970.97980,2624.71704,-367.83505,1220.56714,2110.64502,-101.61776,1094.46277,2481.77832,,,,,,,-193.38243,642.39886,2592.82104,-282.05179,596.04663,2274.84351,-52.63437,157.29628,2527.41748,-142.04492,107.43420,2262.11035,NA,P4,9
405,4.04,-87.71576,1776.19104,2376.00610,53.20196,1243.28735,2524.11133,,,,,,,-60.33564,1588.87439,2411.50171,-229.62694,1520.35938,2363.80957,,,,,,,-320.77606,1082.74109,2231.22412,-167.53520,1530.05518,2038.63208,-58.03175,970.23260,2629.12573,-368.19409,1220.94958,2112.41577,-106.36283,1094.74438,2487.09155,,,,,,,-198.39879,641.14124,2594.10303,-282.64108,596.00281,2275.42651,-64.01627,152.92924,2553.11963,-142.03902,107.51157,2262.09863,NA,P4,9
406,4.05,-91.60979,1775.02795,2382.37280,47.99356,1243.73694,2531.11133,,,,,,,-65.51505,1588.57776,2418.10425,-233.40038,1520.18982,2367.59082,,,,,,,-321.38037,1082.66077,2232.22388,-170.20668,1530.69177,2044.82776,-62.87918,969.06067,2632.98779,-368.23416,1221.28162,2114.43164,-110.79629,1094.16199,2491.07788,,,,,,,-203.46150,640.55371,2595.22974,-283.11008,595.86426,2275.89307,-76.90470,147.63687,2574.65430,-141.97189,107.48405,2262.00684,NA,P4,9
407,4.06,-95.78385,1774.66626,2388.77344,42.38292,1243.59570,2538.18945,,,,,,,-70.10267,1588.76172,2424.33496,-237.47095,1520.03198,2371.15015,,,,,,,-321.83466,1082.53967,2233.36328,-172.22908,1530.93494,2051.09155,-68.00751,968.66101,2637.68066,-368.18192,1221.38647,2116.07788,-115.86805,1094.17944,2495.35620,,,,,,,-208.26349,639.44934,2596.97852,-283.77716,595.69604,2276.63647,-89.76724,143.93623,2596.77100,-142.03368,107.47108,2262.09302,NA,P4,9
408,4.07,-100.11146,1774.25940,2395.40063,36.87322,1243.77771,2544.98560,,,,,,,-75.51907,1588.86926,2431.07104,-241.36888,1519.94958,2374.36646,,,,,,,-322.48984,1082.46289,2234.57324,-174.80966,1532.18347,2058.14673,-72.82664,967.85394,2642.15942,,,,-120.63703,1093.99536,2500.15283,,,,,,,-212.95079,639.26184,2598.82715,-284.53134,595.45038,2277.49854,-104.85107,143.29962,2617.02832,-142.14381,107.44226,2262.24731,NA,P4,9
409,4.08,-104.39537,1774.14270,2401.58130,31.58521,1243.69812,2551.75171,,,,,,,-80.85602,1588.97278,2437.80664,-245.09926,1519.40466,2377.74878,,,,,,,-323.17044,1082.51147,2235.80249,-177.33994,1532.54431,2064.04688,-77.86573,966.34729,2645.57495,,,,-125.66323,1093.88171,2504.82666,,,,,,,-216.84489,638.52478,2601.11987,-285.14447,595.24664,2278.34888,-117.94785,141.15388,2635.74829,-142.15802,107.48156,2262.26489,NA,P4,9
410,4.09,-108.71004,1773.86401,2407.94287,26.30377,1243.64783,2558.55029,,,,,,,-85.70742,1588.71960,2443.71143,-249.13734,1519.10132,2381.62549,,,,,,,-323.84985,1082.56226,2236.97852,-179.66470,1533.01599,2070.78467,-83.04207,965.64282,2650.56445,-366.40436,1221.63721,2120.28760,-131.04967,1093.75122,2509.11255,,,,,,,-220.21515,637.55621,2604.02856,-285.58621,595.02869,2279.10522,-131.45149,138.20926,2650.53394,-142.04114,107.52618,2262.10083,NA,P4,9
411,4.1,-113.02379,1773.99927,2414.09277,20.19453,1244.15051,2566.04517,,,,,,,-90.85605,1588.76990,2449.82178,-252.91783,1519.43848,2385.04004,,,,,,,-324.49542,1082.56189,2238.23486,-181.71089,1533.63159,2077.68237,-88.32165,964.58038,2654.55103,-365.25162,1221.90784,2121.85791,-136.16409,1093.91748,2514.10962,,,,,,,-223.16965,637.44305,2607.58154,-286.13379,594.96356,2279.91187,-143.99733,137.46243,2665.62939,-142.10088,107.46618,2262.18652,NA,P4,9
412,4.11,-117.62731,1773.93420,2420.65088,14.81873,1243.45886,2573.10547,,,,,,,-95.93735,1588.39502,2456.08472,-256.78210,1518.80225,2388.77002,,,,,,,-324.95541,1082.63623,2239.56787,-183.78262,1534.15747,2083.99146,-94.06626,964.00012,2658.94507,,,,-141.70380,1093.96912,2518.67236,,,,,,,-225.49486,636.90503,2610.85327,-286.81772,594.69757,2280.74731,-156.63751,135.60210,2678.06079,-142.07104,107.62920,2262.13721,NA,P4,9
413,4.12,-122.23931,1773.88489,2426.94995,8.62537,1244.01086,2580.87012,,,,,,,-100.72548,1588.34851,2462.19165,,,,,,,,,,-325.27261,1082.61951,2240.59888,-186.18346,1535.63770,2090.96362,-99.88246,963.34851,2664.58984,,,,-147.42906,1094.23169,2523.19116,,,,,,,-228.08121,636.86707,2614.77881,-287.57159,594.40967,2281.47363,-170.15794,135.32600,2688.80322,-142.14311,107.54819,2262.24097,NA,P4,9
414,4.13,-126.54760,1773.78516,2433.03442,3.01215,1243.68958,2588.11597,,,,,,,-105.67547,1588.06702,2468.42383,,,,,,,,,,-325.66138,1082.37036,2241.76318,-188.25848,1536.37817,2098.56616,-105.96117,962.09045,2668.39038,,,,-153.07260,1094.78784,2527.88330,,,,,,,-230.30029,636.16504,2618.54834,-288.85803,594.15942,2282.75488,,,,-142.21414,107.54295,2262.33984,NA,P4,9
415,4.14,-131.13652,1773.57397,2439.35840,-3.24540,1243.94019,2595.74976,,,,,,,-110.87716,1588.02625,2475.28784,-267.97586,1518.40088,2398.78320,,,,,,,-325.81110,1082.26465,2243.05493,-190.64790,1536.74939,2105.03564,-111.62933,961.84149,2673.84229,-360.71005,1222.45630,2128.33472,-158.83549,1094.87622,2532.17480,,,,,,,-232.65936,635.39209,2621.96729,-291.02280,595.57361,2283.82642,-193.31427,132.57494,2706.75781,-142.26570,106.71407,2265.83887,NA,P4,9
416,4.15,-135.93784,1774.04053,2445.67578,-8.92316,1243.57336,2602.38403,,,,,,,-115.66762,1588.29272,2481.55273,-271.31738,1518.32324,2402.29907,,,,,,,-326.03775,1082.14941,2244.84448,-192.44141,1537.16748,2112.09326,-117.59473,959.98950,2677.61865,-359.00119,1222.95386,2130.25171,-164.20679,1095.03003,2537.26343,,,,,,,-235.23677,634.70258,2625.56445,-291.89444,595.22174,2285.26196,-203.38887,132.92499,2714.90991,-142.28314,107.57636,2262.43384,NA,P4,9
417,4.16,-140.95195,1774.16223,2452.32349,-15.63272,1243.29468,2610.22632,,,,,,,-120.87695,1587.90173,2488.06958,,,,,,,,,,-326.28821,1081.94519,2246.67627,-194.41693,1537.71460,2118.98901,-124.11217,960.29883,2683.97852,-357.97116,1222.86658,2132.22876,-169.90984,1094.75854,2541.06274,,,,,,,-238.01640,633.81995,2629.14575,-292.38724,594.59406,2289.17212,,,,-142.47089,107.50900,2262.69751,NA,P4,9
418,4.17,-145.87970,1774.52747,2458.98486,-21.45658,1242.93274,2616.41479,,,,,,,-125.39046,1587.83191,2493.64893,,,,,,,,,,-326.29242,1081.66223,2247.95581,-196.37491,1538.19934,2125.66162,-130.53969,959.17981,2688.19116,-355.15482,1222.90686,2133.28662,-175.11018,1095.15857,2546.19116,,,,,,,-240.98181,632.50397,2632.29224,-294.43008,594.62189,2290.62817,,,,-142.49541,106.78989,2266.15381,NA,P4,9
419,4.18,-150.57332,1773.97778,2464.86279,-28.24439,1242.54480,2624.27881,,,,,,,-130.06726,1587.53149,2499.67578,,,,,,,,,,-326.20337,1081.35388,2249.50537,-198.21136,1538.87244,2133.04688,-136.67267,958.68457,2693.68994,-353.30014,1222.87744,2134.75342,-181.20638,1094.91980,2550.58032,,,,,,,-244.32024,631.07562,2635.68286,-296.01041,593.42322,2294.42212,,,,-142.52380,106.83697,2266.19092,NA,P4,9
420,4.19,-155.16885,1773.90417,2470.34424,-34.61180,1242.84961,2631.34717,,,,,,,-134.81723,1587.06299,2505.38477,,,,,,,,,,-326.09555,1081.10632,2251.49365,,,,-143.83253,957.80414,2698.79712,-351.00842,1222.54626,2136.03589,-186.68385,1095.09802,2555.74438,,,,,,,-247.73836,629.92786,2638.43335,-296.72617,593.51947,2293.93896,,,,-142.67815,106.80885,2266.40649,NA,P4,9
421,4.2,-160.92906,1773.87366,2477.06934,-40.55455,1242.14343,2638.41431,,,,,,,-139.84282,1586.65723,2511.69653,,,,,,,,,,-325.79483,1080.78564,2253.51733,,,,-150.55754,957.94202,2704.78711,-348.26132,1222.43787,2137.46875,-192.08438,1094.88623,2560.98877,,,,,,,-251.41110,628.41620,2641.81152,-297.54245,593.18988,2295.11938,,,,-142.58565,107.01622,2266.26782,NA,P4,9
422,4.21,-165.72496,1773.41724,2482.67529,-47.12479,1241.82019,2646.07080,,,,,,,-144.16978,1586.12280,2517.21533,,,,,,,,,,-325.15320,1080.46948,2255.16113,,,,-158.23318,957.07050,2710.41406,-346.07187,1222.07813,2139.07397,-197.45070,1093.73376,2565.03931,,,,,,,-255.52197,627.13171,2644.71802,-299.05225,592.54968,2297.23364,,,,-142.63759,107.02451,2266.33960,NA,P4,9
423,4.22,-170.85672,1772.84937,2488.69116,-53.68106,1241.93359,2653.11377,,,,,,,-148.95587,1585.77307,2523.31348,,,,,,,,,,-324.81271,1079.65308,2256.78711,,,,-165.08894,956.92487,2715.72632,-343.07965,1221.82874,2140.09644,-202.74712,1093.45154,2571.03882,,,,,,,-259.64005,625.50482,2647.69214,-300.25082,592.25970,2298.47290,,,,-142.62555,107.12208,2266.31812,NA,P4,9
424,4.23,-176.08968,1772.97754,2495.32568,-59.68917,1240.89136,2659.92383,,,,,,,-153.98866,1585.80200,2529.84595,,,,,,,,,,-325.05057,1078.92017,2259.69604,,,,-172.88724,956.19928,2722.15186,-340.07486,1221.09167,2141.34058,-208.02049,1092.67188,2575.87842,,,,,,,-263.77081,623.60144,2649.99292,-301.61542,591.35114,2300.61035,,,,-142.76317,107.15876,2266.50708,NA,P4,9
425,4.24,-181.14809,1772.58667,2501.58667,-66.42871,1240.27881,2667.73047,,,,,,,-158.59245,1585.05042,2535.72046,,,,,,,,,,,,,,,,-180.97208,956.15411,2727.50854,-337.37854,1220.98486,2143.52588,-213.23790,1091.55945,2580.51978,,,,,,,-268.14529,621.78558,2652.19287,-302.28177,591.23511,2301.54688,,,,-142.69208,107.38106,2266.39746,NA,P4,9
426,4.25,,,,-73.02557,1240.09973,2675.20825,,,,,,,-163.42342,1584.78601,2542.15869,,,,,,,,,,,,,,,,-188.70166,955.96283,2733.97974,-334.06427,1220.38794,2143.84619,-218.23424,1091.26965,2586.19238,,,,,,,-273.01025,620.50049,2654.73340,-303.10049,590.88251,2302.94702,,,,-142.77795,107.43963,2266.51367,NA,P4,9
427,4.26,,,,-79.27322,1239.74390,2682.05249,,,,,,,-167.85257,1583.91406,2547.72900,,,,,,,,,,,,,,,,-196.74440,955.85858,2739.97559,-331.74750,1219.93311,2145.78809,-222.99040,1090.39844,2591.17554,,,,,,,-277.39392,619.00507,2657.11182,-304.11575,590.76373,2305.61768,,,,-143.06500,108.57652,2266.29102,NA,P4,9
428,4.27,,,,-85.54424,1238.98486,2689.06665,,,,,,,-172.67409,1583.59167,2553.79370,,,,,,,,,,,,,,,,-205.22034,955.84534,2745.11230,-327.86365,1219.68567,2147.20752,-228.06767,1089.54761,2595.41357,,,,,,,-282.00696,618.32776,2659.89453,-305.90781,591.67267,2308.95044,,,,-142.87679,108.95505,2266.01123,NA,P4,9
429,4.28,,,,-92.76292,1238.76160,2697.13086,,,,,,,-177.70663,1583.21423,2559.92480,,,,,,,,,,,,,,,,-213.60146,955.62109,2751.28101,-325.65698,1219.25012,2149.66284,-232.72498,1088.91040,2600.53271,,,,,,,-286.95471,618.54993,2662.45581,-307.31476,591.45837,2310.69116,,,,-142.98848,109.09473,2266.15942,NA,P4,9
430,4.29,,,,-99.43812,1238.85217,2704.19287,,,,,,,-182.17654,1582.72363,2565.49341,,,,,,,,,,,,,,,,-222.10350,956.41339,2757.61841,-322.32364,1219.04358,2151.38159,-237.14401,1088.89307,2605.82056,,,,,,,-291.77640,617.81671,2665.77441,-307.43805,591.14380,2315.43750,,,,-143.10159,109.14623,2266.31372,NA,P4,9
431,4.3,,,,-106.45338,1238.77051,2711.81201,,,,,,,-187.50464,1582.63904,2571.99756,,,,,,,,,,,,,,,,-230.48633,957.05426,2763.50171,-319.58380,1218.69556,2153.66040,-241.70471,1088.46350,2610.74854,,,,,,,-296.96051,617.41718,2668.71802,-308.31351,592.18787,2313.57446,,,,-143.14206,109.83127,2267.40259,NA,P4,9
432,4.31,,,,-113.33318,1238.12769,2719.13013,,,,,,,-192.09450,1582.55127,2577.84546,,,,,,,,,,,,,,,,-239.41805,957.16425,2769.83252,,,,-246.24245,1087.82349,2614.91357,,,,,,,-302.18723,617.37445,2672.67383,-309.61371,591.45026,2315.34985,,,,-143.21030,109.86590,2267.49561,NA,P4,9
433,4.32,,,,-120.38518,1238.50464,2726.37109,,,,,,,-197.03299,1582.19116,2584.36694,,,,,,,,,,,,,,,,-248.03741,957.33844,2774.79102,,,,-250.73155,1087.67688,2619.58228,,,,,,,-307.12201,617.03558,2676.23804,-311.06143,590.89819,2317.30835,,,,-143.14018,110.24648,2267.37988,NA,P4,9
434,4.33,,,,-127.47436,1238.55896,2734.03394,,,,,,,-201.75044,1582.42529,2590.32764,,,,,,,,,,,,,,,,-257.35925,958.22961,2780.68823,,,,-255.87596,1088.88574,2626.11108,,,,,,,-311.86417,616.67834,2680.29785,-311.87540,589.33893,2321.45142,,,,-143.02882,110.53858,2267.21094,NA,P4,9
435,4.34,,,,-134.77299,1238.11438,2741.44214,,,,,,,,,,,,,,,,,,,,,,,,,-265.97989,958.34900,2786.10840,,,,-261.23135,1090.39966,2632.24707,,,,,,,-316.20975,616.24304,2684.60156,-312.43149,589.18103,2322.20020,,,,-143.07925,110.71640,2267.27222,NA,P4,9
436,4.35,,,,-141.99339,1238.46704,2748.48218,,,,,,,,,,,,,,,,,,,,,,,,,-275.30112,959.43671,2792.20752,,,,-267.02902,1091.20923,2637.99927,,,,,,,-319.79895,615.14539,2688.21143,-312.71634,588.50433,2325.92725,,,,-143.22717,110.64475,2269.23853,NA,P4,9
437,4.36,,,,-148.95166,1238.43970,2755.91772,,,,,,,,,,,,,,,,,,,,,,,,,-284.33688,959.87775,2797.95898,,,,-294.12585,1118.83179,2680.21387,,,,,,,-323.47662,614.61804,2691.97461,-312.84930,588.55554,2326.10034,,,,-143.06163,110.95710,2268.99316,NA,P4,9
438,4.37,,,,-156.92221,1238.34973,2763.46387,,,,,,,,,,,,,,,,,,,,,,,,,-293.64551,960.66846,2803.84033,,,,,,,,,,,,,-326.70090,613.90472,2695.51807,-312.95297,588.62213,2326.23315,,,,-143.23131,111.02730,2269.22510,NA,P4,9
439,4.38,,,,-164.38426,1238.63318,2770.48804,,,,,,,,,,,,,,,,,,,,,,,,,-302.88202,961.63428,2809.27856,,,,,,,,,,,,,-329.75919,613.32208,2699.69629,,,,,,,-143.13266,111.42247,2269.06860,NA,P4,9
440,4.39,,,,-171.96547,1238.57617,2777.80347,,,,,,,,,,,,,,,,,,,,,,,,,,,,,,,,,,,,,,,,-332.46017,612.45685,2703.31396,,,,,,,-143.08604,111.71303,2268.98926,NA,P4,9
441,4.4,,,,-180.10449,1239.04114,2784.58008,,,,,,,,,,,,,,,,,,,,,,,,,,,,,,,,,,,,,,,,-334.59561,611.74475,2706.80664,,,,,,,-142.90797,112.41503,2268.70679,NA,P4,9
442,4.41,,,,-188.17030,1239.44189,2791.83252,,,,,,,,,,,,,,,,,,,,,,,,,,,,,,,,,,,,,,,,-336.21527,611.33386,2709.69043,,,,,,,-142.22681,113.88720,2270.51489,NA,P4,9
443,4.42,,,,-196.22119,1240.22925,2798.23389,,,,,,,,,,,,,,,,,,,,,,,,,,,,,,,,,,,,,,,,-337.28418,610.69348,2711.86279,,,,,,,-141.04031,115.85140,2271.59595,NA,P4,9
444,4.43,,,,-204.99496,1241.65820,2804.26660,,,,,,,,,,,,,,,,,,,,,,,,,,,,,,,,,,,,,,,,-338.16068,610.10443,2714.74902,,,,,,,-139.63365,116.97197,2272.97778,NA,P4,9
445,4.44,,,,-213.10626,1242.36255,2810.41235,,,,,,,,,,,,,,,,,,,,,,,,,,,,,,,,,,,,,,,,-338.89096,610.31335,2716.74561,,,,,,,-137.71391,115.57545,2280.18848,NA,P4,9
446,4.45,,,,-221.69519,1243.72620,2816.72803,,,,,,,,,,,,,,,,,,,,,,,,,,,,,,,,,,,,,,,,-339.70200,610.00690,2718.94653,,,,,,,-134.88718,118.14896,2280.46387,NA,P4,9
447,4.46,,,,,,,,,,,,,,,,,,,,,,,,,,,,,,,,,,,,,,,,,,,,,,-340.37042,609.63721,2719.86792,,,,,,,-132.85905,119.37880,2285.32373,NA,P4,9
448,4.47,,,,,,,,,,,,,,,,,,,,,,,,,,,,,,,,,,,,,,,,,,,,,,-341.39423,609.81604,2720.74121,,,,,,,-129.00929,119.64078,2289.77222,NA,P4,9
449,4.48,,,,,,,,,,,,,,,,,,,,,,,,,,,,,,,,,,,,,,,,,,,,,,-342.41418,609.87738,2721.42944,,,,,,,-126.93872,120.90414,2294.58154,NA,P4,9
450,4.49,,,,,,,,,,,,,,,,,,,,,,,,,,,,,,,,,,,,,,,,,,,,,,-343.11862,609.16351,2722.48926,,,,,,,-123.24063,122.73778,2300.50244,NA,P4,9
451,4.5,,,,,,,,,,,,,,,,,,,,,,,,,,,,,,,,,,,,,,,,,,,,,,-343.99179,609.21948,2723.18188,,,,,,,-120.57285,122.05692,2306.67773,NA,P4,9
452,4.51,,,,,,,,,,,,,,,,,,,,,,,,,,,,,,,,,,,,,,,,,,,,,,-344.61185,608.93109,2723.65186,,,,,,,-116.79887,124.15360,2313.44922,NA,P4,9
453,4.52,,,,,,,,,,,,,,,,,,,,,,,,,,,,,,,,,,,,,,,,,,,,,,-345.29785,608.74084,2724.55347,,,,,,,-114.19585,123.42132,2319.74097,NA,P4,9
454,4.53,,,,,,,,,,,,,,,,,,,,,,,,,,,,,,,,,,,,,,,,,,,,,,-346.22650,608.88251,2726.17871,,,,,,,-110.65010,125.94119,2324.07495,NA,P4,9
455,4.54,,,,,,,,,,,,,,,,,,,,,,,,,,,,,,,,,,,,,,,,,,,,,,-346.78220,608.68713,2727.21167,,,,,,,-108.68979,124.96673,2332.54224,NA,P4,9
456,4.55,,,,,,,,,,,,,,,,,,,,,,,,,,,,,,,,,,,,,,,,,,,,,,-347.31122,608.15771,2728.17920,,,,,,,-104.76748,125.35918,2336.92773,NA,P4,9
457,4.56,,,,,,,,,,,,,,,,,,,,,,,,,,,,,,,,,,,,,,,,,,,,,,-347.95856,608.08167,2728.81714,,,,,,,-102.88309,125.65635,2345.77441,NA,P4,9
458,4.57,,,,,,,,,,,,,,,,,,,,,,,,,,,,,,,,,,,,,,,,,,,,,,-348.79282,607.85999,2730.02832,,,,,,,-100.55419,125.50018,2351.71631,NA,P4,9
459,4.58,,,,,,,,,,,,,,,,,,,,,,,,,,,,,,,,,,,,,,,,,,,,,,-349.44879,607.84174,2730.84863,,,,,,,-97.03699,124.97538,2357.55640,NA,P4,9
460,4.59,,,,,,,,,,,,,,,,,,,,,,,,,,,,,,,,,,,,,,,,,,,,,,-349.86505,607.44531,2731.07593,,,,,,,-95.09737,124.43476,2366.57056,NA,P4,9
461,4.6,,,,,,,,,,,,,,,,,,,,,,,,,,,,,,,,,,,,,,,,,,,,,,-350.80093,607.66302,2731.90796,,,,,,,-94.21952,124.27394,2373.64990,NA,P4,9
462,4.61,,,,,,,,,,,,,,,,,,,,,,,,,,,,,,,,,,,,,,,,,,,,,,-351.67987,607.32007,2732.76465,,,,,,,-92.57566,123.14644,2381.29468,NA,P4,9
463,4.62,,,,,,,,,,,,,,,,,,,,,,,,,,,,,,,,,,,,,,,,,,,,,,-352.76636,606.89862,2733.15552,,,,,,,-91.56537,123.01097,2388.76245,NA,P4,9
464,4.63,,,,,,,,,,,,,,,,,,,,,,,,,,,,,,,,,,,,,,,,,,,,,,-354.02402,606.83441,2733.99219,,,,,,,-90.94965,122.87752,2397.61426,NA,P4,9
465,4.64,,,,,,,,,,,,,,,,,,,,,,,,,,,,,,,,,,,,,,,,,,,,,,-355.53433,606.81171,2734.12769,,,,,,,-90.43263,121.60040,2404.29565,NA,P4,9
466,4.65,,,,,,,,,,,,,,,,,,,,,,,,,,,,,,,,,,,,,,,,,,,,,,-356.62668,606.68988,2733.99976,,,,,,,-90.73951,121.87822,2412.11816,NA,P4,9
467,4.66,,,,,,,,,,,,,,,,,,,,,,,,,,,,,,,,,,,,,,,,,,,,,,-357.61252,606.51141,2734.22900,,,,,,,-91.55564,120.71358,2418.50146,NA,P4,9
468,4.67,,,,,,,,,,,,,,,,,,,,,,,,,,,,,,,,,,,,,,,,,,,,,,-359.12775,606.74396,2734.48901,,,,,,,-92.10221,120.94616,2427.00757,NA,P4,9
469,4.68,,,,,,,,,,,,,,,,,,,,,,,,,,,,,,,,,,,,,,,,,,,,,,-360.72180,606.63464,2734.05688,,,,,,,-92.28616,119.91182,2436.66895,NA,P4,9
470,4.69,,,,,,,,,,,,,,,,,,,,,,,,,,,,,,,,,,,,,,,,,,,,,,-361.45926,605.61938,2732.94995,,,,,,,-94.27155,118.59501,2441.67334,NA,P4,9
471,4.7,,,,,,,,,,,,,,,,,,,,,,,,,,,,,,,,,,,,,,,,,,,,,,-362.80289,605.77185,2732.48511,,,,,,,-95.65927,119.11986,2450.66284,NA,P4,9
472,4.71,,,,,,,,,,,,,,,,,,,,,,,,,,,,,,,,,,,,,,,,,,,,,,-364.10916,605.28125,2731.42456,,,,,,,-97.47505,117.99163,2456.76245,NA,P4,9
473,4.72,,,,,,,,,,,,,,,,,,,,,,,,,,,,,,,,,,,,,,,,,,,,,,-365.42865,605.51379,2730.15845,,,,,,,-100.39329,117.86467,2462.62329,NA,P4,9
474,4.73,,,,,,,,,,,,,,,,,,,,,,,,,,,,,,,,,,,,,,,,,,,,,,-366.72787,605.41162,2728.86206,,,,,,,-102.08719,118.43267,2469.54858,NA,P4,9
475,4.74,,,,,,,,,,,,,,,,,,,,,,,,,,,,,,,,,,,,,,,,,,,,,,-367.96051,604.80566,2727.26782,,,,,,,-104.60159,119.07718,2473.08960,NA,P4,9
476,4.75,,,,,,,,,,,,,,,,,,,,,,,,,,,,,,,,,,,,,,,,,,,,,,-369.06650,604.81647,2726.15088,,,,,,,-105.75600,120.04221,2477.84473,NA,P4,9
477,4.76,,,,,,,,,,,,,,,,,,,,,,,,,,,,,,,,,,,,,,,,,,,,,,-370.76956,604.69580,2724.71338,,,,,,,-105.84179,119.93306,2481.34497,NA,P4,9
478,4.77,,,,,,,,,,,,,,,,,,,,,,,,,,,,,,,,,,,,,,,,,,,,,,-371.78165,604.49103,2723.13696,,,,,,,-106.21043,120.92774,2484.63550,NA,P4,9
479,4.78,,,,,,,,,,,,,,,,,,,,,,,,,,,,,,,,,,,,,,,,,,,,,,-373.05038,603.72266,2721.05542,,,,,,,-105.80077,121.86280,2487.29199,NA,P4,9
480,4.79,,,,,,,,,,,,,,,,,,,,,,,,,,,,,,,,,,,,,,,,,,,,,,-374.50024,603.61523,2719.46094,,,,,,,-104.89457,122.27473,2491.50439,NA,P4,9
481,4.8,,,,,,,,,,,,,,,,,,,,,,,,,,,,,,,,,,,,,,,,,,,,,,-376.31946,603.70032,2717.60815,,,,,,,-103.40058,121.50794,2496.96704,NA,P4,9
482,4.81,,,,,,,,,,,,,,,,,,,,,,,,,,,,,,,,,,,,,,,,,,,,,,-377.62946,603.28326,2715.59570,,,,,,,-104.49607,122.69565,2498.39746,NA,P4,9
483,4.82,,,,,,,,,,,,,,,,,,,,,,,,,,,,,,,,,,,,,,,,,,,,,,-379.36166,602.72455,2713.48950,,,,,,,-104.70802,123.51178,2503.74097,NA,P4,9
484,4.83,,,,,,,,,,,,,,,,,,,,,,,,,,,,,,,,,,,,,,,,,,,,,,-380.70361,603.17072,2711.43726,,,,,,,-104.02884,122.67972,2509.75928,NA,P4,9
485,4.84,,,,,,,,,,,,,,,,,,,,,,,,,,,,,,,,,,,,,,,,,,,,,,-382.46228,602.47046,2709.30811,,,,,,,-106.77874,122.96240,2513.64600,NA,P4,9
486,4.85,,,,,,,,,,,,,,,,,,,,,,,,,,,,,,,,,,,,,,,,,,,,,,-384.09058,602.87848,2707.38599,,,,,,,-108.12276,123.26517,2518.44263,NA,P4,9
487,4.86,,,,,,,,,,,,,,,,,,,,,,,,,,,,,,,,,,,,,,,,,,,,,,-385.81604,602.46759,2705.03809,,,,,,,-110.02092,124.27234,2523.83374,NA,P4,9
488,4.87,,,,,,,,,,,,,,,,,,,,,,,,,,,,,,,,,,,,,,,,,,,,,,-387.51828,602.42560,2702.74634,,,,,,,-112.58522,125.12704,2526.38428,NA,P4,9
489,4.88,,,,,,,,,,,,,,,,,,,,,,,,,,,,,,,,,,,,,,,,,,,,,,-389.04376,602.27014,2700.44165,,,,,,,-113.93519,126.23490,2531.60596,NA,P4,9
490,4.89,,,,,,,,,,,,,,,,,,,,,,,,,,,,,,,,,,,,,,,,,,,,,,-390.73117,601.77563,2696.81030,,,,,,,-115.96384,127.61614,2534.10864,NA,P4,9
491,4.9,,,,,,,,,,,,,,,,,,,,,,,,,,,,,,,,,,,,,,,,,,,,,,-391.67404,601.68616,2694.31763,,,,,,,-118.24866,127.03297,2535.74731,NA,P4,9
492,4.91,,,,,,,,,,,,,,,,,,,,,,,,,,,,,,,,,,,,,,,,,,,,,,-392.61612,601.39838,2690.83813,,,,,,,-121.47839,129.74738,2542.24390,NA,P4,9
493,4.92,,,,,,,,,,,,,,,,,,,,,,,,,,,,,,,,,,,,,,,,,,,,,,-393.56763,601.01904,2687.70532,,,,,,,-123.13518,129.07915,2543.98218,NA,P4,9
494,4.93,,,,,,,,,,,,,,,,,,,,,,,,,,,,,,,,,,,,,,,,,,,,,,-394.54572,601.03088,2684.27246,,,,,,,-125.61470,127.86723,2546.84155,NA,P4,9
495,4.94,,,,,,,,,,,,,,,,,,,,,,,,,,,,,,,,,,,,,,,,,,,,,,-395.42599,600.69690,2680.77441,,,,,,,-127.39094,127.42744,2548.37207,NA,P4,9
496,4.95,,,,,,,,,,,,,,,,,,,,,,,,,,,,,,,,,,,,,,,,,,,,,,-396.26199,600.89032,2677.91138,,,,,,,,,,NA,P4,9
497,4.96,,,,,,,,,,,,,,,,,,,,,,,,,,,,,,,,,,,,,,,,,,,,,,-397.53583,600.27240,2673.70361,,,,,,,,,,NA,P4,9
498,4.97,,,,,,,,,,,,,,,,,,,,,,,,,,,,,,,,,,,,,,,,,,,,,,-398.70337,600.46490,2670.26392,,,,,,,,,,NA,P4,9
499,4.98,,,,,,,,,,,,,,,,,,,,,,,,,,,,,,,,,,,,,,,,,,,,,,-400.06033,600.91016,2667.42871,,,,,,,,,,NA,P4,9
500,4.99,,,,,,,,,,,,,,,,,,,,,,,,,,,,,,,,,,,,,,,,,,,,,,-401.43188,599.99689,2662.97241,,,,,,,,,,NA,P4,9
501,5,,,,,,,,,,,,,,,,,,,,,,,,,,,,,,,,,,,,,,,,,,,,,,-403.30829,600.71564,2659.74829,,,,,,,,,,NA,P4,9
502,5.01,,,,,,,,,,,,,,,,,,,,,,,,,,,,,,,,,,,,,,,,,,,,,,-404.60611,600.98657,2655.77466,,,,,,,,,,NA,P4,9
503,5.02,,,,,,,,,,,,,,,,,,,,,,,,,,,,,,,,,,,,,,,,,,,,,,-405.47766,600.51544,2652.05737,,,,,,,,,,NA,P4,9
504,5.03,,,,,,,,,,,,,,,,,,,,,,,,,,,,,,,,,,,,,,,,,,,,,,-405.43204,599.27502,2647.34521,,,,,,,,,,NA,P4,9
505,5.04,,,,,,,,,,,,,,,,,,,,,,,,,,,,,,,,,,,,,,,,,,,,,,-406.06522,599.38251,2643.60913,,,,,,,,,,NA,P4,9
506,5.05,,,,,,,,,,,,,,,,,,,,,,,,,,,,,,,,,,,,,,,,,,,,,,-407.68454,600.23267,2640.74829,,,,,,,,,,NA,P4,9
507,5.06,,,,,,,,,,,,,,,,,,,,,,,,,,,,,,,,,,,,,,,,,,,,,,-408.40994,600.13647,2636.34351,,,,,,,,,,NA,P4,9
508,5.07,,,,,,,,,,,,,,,,,,,,,,,,,,,,,,,,,,,,,,,,,,,,,,-409.62592,599.19348,2631.04468,,,,,,,,,,NA,P4,9
509,5.08,,,,,,,,,,,,,,,,,,,,,,,,,,,,,,,,,,,,,,,,,,,,,,-410.70859,599.21533,2626.81128,,,,,,,,,,NA,P4,9
510,5.09,,,,,,,,,,,,,,,,,,,,,,,,,,,,,,,,,,,,,,,,,,,,,,-412.00494,599.59125,2621.61182,,,,,,,,,,NA,P4,9
511,5.1,,,,,,,,,,,,,,,,,,,,,,,,,,,,,,,,,,,,,,,,,,,,,,-413.45065,599.16327,2615.86084,,,,,,,,,,NA,P4,9
512,5.11,,,,,,,,,,,,,,,,,,,,,,,,,,,,,,,,,,,,,,,,,,,,,,-414.90088,598.38873,2609.12500,,,,,,,,,,NA,P4,9
513,5.12,,,,,,,,,,,,,,,,,,,,,,,,,,,,,,,,,,,,,,,,,,,,,,-416.54453,598.49316,2603.25122,,,,,,,,,,NA,P4,9
514,5.13,,,,,,,,,,,,,,,,,,,,,,,,,,,,,,,,,,,,,,,,,,,,,,-418.35068,597.95941,2596.61011,,,,,,,,,,NA,P4,9
515,5.14,,,,,,,,,,,,,,,,,,,,,,,,,,,,,,,,,,,,,,,,,,,,,,-420.01404,596.86560,2589.83154,,,,,,,,,,NA,P4,9
516,5.15,,,,,,,,,,,,,,,,,,,,,,,,,,,,,,,,,,,,,,,,,,,,,,-421.98364,596.34686,2582.88086,,,,,,,,,,NA,P4,9
517,5.16,,,,,,,,,,,,,,,,,,,,,,,,,,,,,,,,,,,,,,,,,,,,,,-423.87479,595.01312,2574.56006,,,,,,,,,,NA,P4,9
518,5.17,,,,,,,,,,,,,,,,,,,,,,,,,,,,,,,,,,,,,,,,,,,,,,-426.38956,595.30237,2568.04810,,,,,,,,,,NA,P4,9
519,5.18,,,,,,,,,,,,,,,,,,,,,,,,,,,,,,,,,,,,,,,,,,,,,,-428.38702,593.62091,2560.14380,,,,,,,,,,NA,P4,9
520,5.19,,,,,,,,,,,,,,,,,,,,,,,,,,,,,,,,,,,,,,,,,,,,,,-431.54550,594.24023,2553.22046,,,,,,,,,,NA,P4,9
521,5.2,,,,,,,,,,,,,,,,,,,,,,,,,,,,,,,,,,,,,,,,,,,,,,-434.80545,594.46033,2545.70605,,,,,,,,,,NA,P4,9
522,5.21,,,,,,,,,,,,,,,,,,,,,,,,,,,,,,,,,,,,,,,,,,,,,,-437.62677,593.33777,2536.78857,,,,,,,,,,NA,P4,9
523,5.22,,,,,,,,,,,,,,,,,,,,,,,,,,,,,,,,,,,,,,,,,,,,,,-440.60498,593.74500,2529.60889,,,,,,,,,,NA,P4,9
524,5.23,,,,,,,,,,,,,,,,,,,,,,,,,,,,,,,,,,,,,,,,,,,,,,-443.58093,594.25031,2521.55298,,,,,,,,,,NA,P4,9
525,5.24,,,,,,,,,,,,,,,,,,,,,,,,,,,,,,,,,,,,,,,,,,,,,,-446.64200,594.85602,2514.11670,,,,,,,,,,NA,P4,9
526,5.25,,,,,,,,,,,,,,,,,,,,,,,,,,,,,,,,,,,,,,,,,,,,,,-449.11530,595.31635,2507.01855,,,,,,,,,,NA,P4,9
527,5.26,,,,,,,,,,,,,,,,,,,,,,,,,,,,,,,,,,,,,,,,,,,,,,-451.04034,596.49561,2498.83447,,,,,,,,,,NA,P4,9
528,5.27,,,,,,,,,,,,,,,,,,,,,,,,,,,,,,,,,,,,,,,,,,,,,,-453.17371,597.26239,2491.88843,,,,,,,,,,NA,P4,9
529,5.28,,,,,,,,,,,,,,,,,,,,,,,,,,,,,,,,,,,,,,,,,,,,,,-454.61633,598.42950,2484.78394,,,,,,,,,,NA,P4,9
530,5.29,,,,,,,,,,,,,,,,,,,,,,,,,,,,,,,,,,,,,,,,,,,,,,-455.63715,599.63336,2476.81128,,,,,,,,,,NA,P4,9
531,5.3,,,,,,,,,,,,,,,,,,,,,,,,,,,,,,,,,,,,,,,,,,,,,,-456.38171,600.62714,2468.68530,,,,,,,,,,NA,P4,9
532,5.31,,,,,,,,,,,,,,,,,,,,,,,,,,,,,,,,,,,,,,,,,,,,,,-457.28989,602.00201,2460.51025,,,,,,,,,,NA,P4,9
533,5.32,,,,,,,,,,,,,,,,,,,,,,,,,,,,,,,,,,,,,,,,,,,,,,-457.31107,603.52667,2452.97729,,,,,,,,,,NA,P4,9
