PathFileType	4	(X/Y/Z)	C:\Users\WrightLab\Desktop\Jo\P1_boxCal7.trc
DataRate	CameraRate	NumFrames	NumMarkers	Units	OrigDataRate	OrigDataStartFrame	OrigNumFrames
100.00	100.00	       609	19	mm	100.00	1	       609
Frame#	Time	Headset_Front			Headset_Back			Headset_Left			Headset_Right			Left_Shoulder			Right_Shoulder			Sternum			C7			Left Elbow			Right Elbow			Left Wrist			Right Wrist			Left ASIS			Right ASIS			S2			Left Knee			Right Knee			Left Ankle			Right Ankle			
		X1	Y1	Z1	X2	Y2	Z2	X3	Y3	Z3	X4	Y4	Z4	X5	Y5	Z5	X6	Y6	Z6	X7	Y7	Z7	X8	Y8	Z8	X9	Y9	Z9	X10	Y10	Z10	X11	Y11	Z11	X12	Y12	Z12	X13	Y13	Z13	X14	Y14	Z14	X15	Y15	Z15	X16	Y16	Z16	X17	Y17	Z17	X18	Y18	Z18	X19	Y19	Z19	

1	0.000																-404.53595	1235.57507	-1615.77869													112.23112	723.67560	-1605.61475													-75.96629	407.31442	-1658.81384	-409.32764	441.61996	-1531.88538				-425.28564	68.88293	-1604.01428	
2	0.010																-405.12753	1235.54614	-1614.13147													110.97282	723.46539	-1602.69080													-76.60475	407.04398	-1656.77490	-410.18369	441.87564	-1532.28662				-427.42896	69.80071	-1595.78711	
3	0.020																-405.50546	1235.77954	-1613.49097													109.36626	723.66974	-1598.99023													-77.23148	407.21106	-1654.75183	-411.80487	441.01315	-1534.33521				-430.83850	69.32255	-1584.17798	
4	0.030																-406.36496	1234.79651	-1609.64319													108.78694	723.87433	-1596.39209													-78.67353	405.90741	-1651.10938	-413.46347	440.22873	-1535.66565				-433.71994	67.63141	-1573.50720	
5	0.040																-407.55551	1235.14795	-1608.71252													107.63268	723.69751	-1592.92859													-78.71548	405.53345	-1649.28845	-416.40311	440.35941	-1532.44775				-436.69800	65.83351	-1563.30042	
6	0.050													-30.01964	1232.58118	-1603.54797	-408.07809	1234.06128	-1605.32336													106.85687	722.75140	-1588.17395													-80.15867	405.30759	-1646.46802	-417.04977	439.26321	-1533.26599				-438.80118	65.37256	-1558.13013	
7	0.060													-31.51299	1232.79724	-1600.47986	-409.84482	1233.58203	-1602.42822													105.05302	723.24176	-1583.64148													-80.12937	405.59842	-1644.75793	-418.30582	439.43857	-1531.78101				-442.61923	65.28803	-1543.23828	
8	0.070													-32.42376	1233.26501	-1597.98889	-410.63028	1233.88403	-1601.83582													104.66716	723.77521	-1580.86072													-80.81018	404.78711	-1641.89587	-421.42801	442.77914	-1521.66357				-446.30078	64.92825	-1532.01392	
9	0.080													-34.37380	1233.22400	-1594.17419	-411.90717	1234.25989	-1601.02612													103.49025	723.74847	-1576.74023													-81.26994	404.80515	-1639.85571	-422.25458	441.17819	-1525.80859				-448.38065	63.48698	-1526.85242	
10	0.090													-36.15486	1233.37952	-1590.92944	-413.49481	1233.03198	-1596.79138													103.16135	724.90662	-1575.06592													-82.34644	404.59070	-1637.04028	-424.88998	438.80106	-1530.24023				-452.72586	63.29866	-1514.78870	
11	0.100													-37.45987	1232.51550	-1585.56958	-414.95444	1232.82275	-1594.68835													101.17634	724.39410	-1568.69006													-83.54619	404.43643	-1634.08081	-428.13724	439.29868	-1526.62000				-456.81284	63.76202	-1506.60046	
12	0.110													-38.89742	1232.16309	-1581.19470	-416.64304	1232.52612	-1592.20715													99.12004	724.08624	-1561.92065													-83.92876	404.08932	-1631.92920	-429.53464	440.89890	-1523.55273				-461.95984	64.12627	-1496.40662	
13	0.120													-41.59848	1232.60193	-1578.53137	-418.25485	1231.96777	-1589.36084													98.51358	724.55133	-1558.39783													-84.61031	404.19583	-1628.91797	-431.94287	441.03342	-1516.46521				-464.40732	62.08186	-1490.24890	
14	0.130													-42.90865	1233.05981	-1576.05005	-420.89645	1232.01306	-1587.17627													97.83894	725.09918	-1554.78650													-85.55538	402.91867	-1626.10278	-434.98477	439.41232	-1517.90637				-467.99802	64.62605	-1478.78235	
15	0.140													-45.74069	1233.49805	-1573.34631	-422.27277	1230.95129	-1583.36230													95.82374	725.53973	-1549.47668													-85.69320	403.31308	-1624.21533	-437.48468	436.78000	-1521.49207				-471.49130	65.86567	-1468.25073	
16	0.150													-47.48153	1233.15247	-1568.89929	-424.37692	1230.71167	-1580.86853													94.38924	725.34271	-1544.23267													-86.66825	402.80994	-1622.19434	-441.14566	438.85577	-1514.14893				-475.92218	68.79567	-1455.23425	
17	0.160													-49.63181	1232.29773	-1563.30859	-426.79803	1229.90833	-1577.09607													93.10485	725.30768	-1539.33667													-88.01412	403.11917	-1619.20264	-442.34256	439.22632	-1512.42371				-478.31110	67.33615	-1454.30127	
18	0.170													-52.57170	1231.93433	-1558.72241	-428.99976	1230.05713	-1575.33374													91.58443	725.96790	-1535.45715													-88.88803	402.45618	-1617.43787	-445.73831	440.17276	-1500.09741				-482.60992	67.44821	-1446.42151	
19	0.180													-54.72580	1232.54688	-1556.40881	-431.88354	1229.27271	-1571.26501													89.55406	726.33325	-1531.07544													-89.84272	402.70294	-1614.97375	-447.46417	438.14044	-1504.25476				-486.81567	69.66575	-1437.59998	
20	0.190													-57.77313	1232.04456	-1551.37866	-434.20581	1228.29211	-1567.17261													88.11094	726.35114	-1526.17297													-90.64317	401.69818	-1611.48767	-451.29037	438.97736	-1501.54150				-488.58359	69.26646	-1433.70593	
21	0.200													-59.75829	1231.23792	-1545.74573	-437.22226	1227.79272	-1563.65759													86.35149	725.15210	-1519.29688				-176.83781	829.55640	-1440.44092							-91.06236	402.16394	-1609.50000	-453.45837	438.00763	-1499.85388				-492.02234	71.65134	-1422.06653	
22	0.210													-63.46705	1230.86218	-1540.95264	-439.36850	1227.39905	-1561.31213													83.98949	725.78876	-1515.42627				-179.54564	829.10114	-1435.70801							-93.32737	401.49332	-1605.07397	-456.43066	436.99780	-1491.75085				-494.61932	72.86921	-1418.42212	
23	0.220													-65.96484	1231.50073	-1538.52441	-442.63327	1226.58594	-1557.05298													82.94603	726.53467	-1511.12817				-182.19275	828.37482	-1430.57190							-94.40742	401.01889	-1602.44617	-458.09229	438.26157	-1485.88782				-498.51370	71.72152	-1415.63245	
24	0.230													-69.34634	1231.03796	-1533.26892	-445.33997	1225.55078	-1552.88916													79.55733	726.02753	-1504.62427				-184.04100	828.10126	-1426.01440							-96.03092	400.33664	-1598.65015	-460.39270	439.07858	-1479.43213				-502.82764	72.08867	-1409.63025	
25	0.240													-72.49733	1230.63660	-1528.12488	-448.74463	1224.86304	-1549.11731													78.52573	726.33038	-1499.65100				-186.82813	827.81152	-1418.74365							-96.82217	400.42346	-1596.29321	-463.26727	436.12857	-1477.93970				-504.55142	69.70892	-1407.41797	
26	0.250													-75.62831	1229.95007	-1522.41187	-451.79184	1223.31055	-1543.60229													76.35911	726.78430	-1494.98853				-189.60095	826.36462	-1415.38098							-99.85394	400.16266	-1591.40088	-466.00549	434.14346	-1478.28406				-507.49146	72.06709	-1398.67004	
27	0.260													-79.39542	1230.46289	-1519.18066	-454.97098	1222.62000	-1540.10437													73.39597	726.88538	-1489.71082				-193.23383	826.08990	-1412.17480							-100.97698	399.71719	-1587.27283	-469.82928	432.43265	-1472.44592				-509.14276	68.75595	-1397.29211	
28	0.270													-83.39431	1229.86340	-1513.45154	-458.85724	1222.41443	-1537.27710													71.32936	726.53436	-1484.09802				-196.27695	824.92749	-1409.57922							-102.73154	398.75479	-1582.79724	-471.74078	433.87381	-1466.46631				-513.24487	69.62316	-1388.98303	
29	0.280													-86.53128	1228.59033	-1506.23242	-462.62808	1220.92297	-1531.74292													68.29282	726.61151	-1478.23621				-199.64340	825.44562	-1400.29089							-105.91540	398.29306	-1577.97632	-474.24844	432.00208	-1460.32751				-515.53790	66.95739	-1391.92749	
30	0.290													-90.58820	1229.12878	-1502.88147	-466.02341	1220.28687	-1528.26135													65.76754	726.94739	-1473.32056				-201.92197	824.70142	-1394.75085							-107.70554	398.21570	-1575.19177	-476.44797	432.19107	-1451.85144				-517.15729	63.32041	-1393.60352	
31	0.300													-94.80526	1228.59766	-1496.84375	-469.93497	1219.65820	-1524.53784													62.64127	726.56677	-1466.44714				-205.53230	824.09216	-1389.66211							-110.17554	397.65582	-1570.98621	-479.14651	431.17239	-1446.97363				-519.75464	62.92980	-1387.50171	
32	0.310													-98.21430	1227.37720	-1489.46057	-474.26382	1218.73511	-1519.90869													60.09134	725.87659	-1459.45605				-209.98294	822.44464	-1386.90662							-112.74721	397.32681	-1566.15247	-481.96567	427.61978	-1445.21948				-521.45685	62.82097	-1381.85010	
33	0.320													-103.40142	1228.61243	-1487.44006	-477.90891	1217.30042	-1514.62109													56.89224	726.82495	-1456.18005				-214.68506	823.20203	-1378.26099							-115.19641	396.89050	-1560.56433	-485.84509	425.79379	-1438.22437				-522.02197	60.25074	-1383.20667	
34	0.330													-107.72939	1227.58777	-1480.28442	-482.85013	1217.34436	-1511.30615													53.92600	727.27448	-1449.64465				-218.82568	824.42236	-1367.40698							-118.79305	396.30374	-1554.66052	-487.47266	423.81049	-1437.30798				-523.05060	59.14345	-1380.07312	
35	0.340													-112.37428	1227.12634	-1474.08069	-486.77750	1216.88440	-1507.74402													50.13813	726.82996	-1442.63281	-421.02286	825.53766	-1401.71851	-222.83687	822.83716	-1362.07898							-120.83235	396.07733	-1550.26672	-491.39514	422.69547	-1427.87000				-522.78754	55.77878	-1383.42139	
36	0.350													-116.78658	1227.27588	-1469.32349	-491.44638	1216.12842	-1502.85803													46.08987	727.97980	-1437.89758	-425.11774	825.98077	-1395.58289	-227.55093	821.22937	-1362.66492							-123.87701	395.17123	-1544.65271	-492.41263	422.71432	-1424.31812				-524.10352	56.53186	-1377.67017	
37	0.360													-121.89005	1227.16321	-1463.44763	-496.83096	1214.55249	-1495.20276													42.96745	728.48755	-1432.18933	-430.63861	824.78564	-1387.43054	-231.46483	822.45496	-1353.32397							-127.15753	394.71436	-1538.52551	-495.50565	423.76816	-1414.91235				-525.40405	56.45038	-1372.15601	
38	0.370													-126.53438	1227.50952	-1458.40869	-500.82910	1214.26904	-1491.15088													38.65419	728.52008	-1425.58875	-435.18610	825.64331	-1381.51343	-236.78726	822.04486	-1344.28052				-276.83453	847.82874	-1670.20190	-130.57852	395.00723	-1532.55725	-498.61304	423.34030	-1405.83545	-110.62663	75.82865	-1705.41199	-525.96759	54.58707	-1371.69971	
39	0.380													-131.38448	1227.45154	-1452.14551	-505.99420	1214.58569	-1487.06885													34.24349	729.12531	-1419.53381	-440.67047	825.63342	-1374.58911	-242.91966	821.41034	-1342.10217				-281.59912	847.21423	-1663.50745	-133.51163	394.50113	-1526.21472	-502.73318	423.08408	-1405.65051	-111.17774	77.98819	-1703.15479	-527.19647	54.53445	-1366.48889	
40	0.390													-136.80872	1228.92554	-1449.02747	-511.16385	1214.97888	-1482.71191													29.26319	730.38263	-1414.95154	-446.28177	825.33667	-1368.30994	-247.51646	823.81396	-1331.30664				-286.52188	846.85205	-1657.09363	-136.53741	395.36917	-1519.08362	-507.61810	423.82700	-1399.49805	-111.57359	79.82697	-1699.59021	-527.50543	53.16460	-1366.86902	
41	0.400													-141.66035	1228.98999	-1442.23792	-515.83783	1215.00305	-1477.37976													24.58861	731.38458	-1409.53601	-451.11197	826.25946	-1363.99365	-252.87550	823.48792	-1326.91943				-291.46735	846.50616	-1650.49121	-140.02815	394.94537	-1510.56189	-511.36356	425.83578	-1387.94458	-109.73825	87.26026	-1698.32959	-528.14154	52.95705	-1365.72510	
42	0.410													-146.70221	1229.84021	-1436.83521	-520.90485	1214.30151	-1469.56848													20.47432	732.05615	-1403.97656	-456.40955	827.20691	-1357.20691	-258.65829	824.66754	-1318.92102				-296.47614	846.61420	-1643.97107	-141.93246	395.90561	-1503.02747	-516.02478	425.27438	-1385.18372	-109.84566	89.31747	-1693.96021	-528.42249	52.44265	-1367.01331	
43	0.420										-476.15424	1360.72913	-1329.97827	-151.66650	1231.23364	-1432.29675	-526.04565	1215.82751	-1466.01672													14.98484	732.91864	-1398.46082	-462.16278	827.01355	-1347.50684	-263.59396	826.03235	-1310.21094				-301.41312	846.87128	-1637.23291	-145.07048	396.45181	-1493.03345	-520.87830	423.18750	-1384.74622	-110.46218	93.52865	-1689.11121	-528.71643	51.81477	-1368.33472	
44	0.430										-481.34207	1362.22791	-1326.45349	-156.74557	1231.53406	-1424.61658	-530.48462	1216.55066	-1460.77917													9.38914	733.04858	-1390.82324	-467.60413	828.92371	-1343.07898	-269.66495	824.43091	-1309.89307				-306.35617	847.28845	-1630.62402	-146.74757	397.38385	-1484.38123	-524.50446	425.46173	-1372.49121	-110.55188	98.64159	-1684.72473	-528.91589	50.46270	-1367.62122	
45	0.440										-486.67413	1363.00635	-1320.46326	-161.70894	1233.58423	-1421.02124	-535.46802	1217.02197	-1453.61353													4.18174	735.24945	-1386.54187	-472.61343	829.62390	-1339.76416	-274.24771	827.10461	-1300.42725				-311.33517	848.07849	-1624.38843	-149.62653	399.23996	-1474.30786	-530.99860	424.20090	-1374.58313	-110.85684	104.19792	-1679.22693	-529.17163	49.27764	-1367.68896	
46	0.450										-491.84543	1364.59766	-1316.57642	-166.44092	1234.97571	-1415.26074	-540.47961	1218.80676	-1449.04224							-66.12471	923.07465	-1461.24609				-1.28322	736.07007	-1380.15942	-477.79507	831.72119	-1334.12988	-280.52643	828.13232	-1296.48877				-316.17761	848.62653	-1617.32446	-151.71686	400.28241	-1463.44983	-535.65295	423.36224	-1365.96179	-111.03424	108.88664	-1671.96875	-529.62805	47.98401	-1368.21643	
47	0.460										-496.65948	1365.01025	-1309.69727	-171.60870	1236.82056	-1410.48047	-545.42218	1220.67969	-1444.09167							-72.07176	924.61414	-1456.09705				-6.88040	737.83545	-1375.25903	-483.40207	832.86816	-1329.18213	-285.65720	829.94678	-1289.24683				-321.13284	849.72449	-1611.50391	-153.88991	402.58804	-1451.24854	-541.93469	422.67331	-1367.73169	-112.67200	113.65274	-1665.20227	-529.80908	47.44123	-1368.98718	
48	0.470										-501.70328	1366.65234	-1305.49609	-176.76529	1238.70288	-1405.52869	-549.67572	1222.59705	-1439.34692							-77.96379	926.22247	-1450.87207				-12.93095	739.95178	-1370.38330	-489.13528	834.77283	-1322.14307	-291.75967	832.92932	-1281.59302				-325.98773	850.90985	-1604.91687	-156.51030	404.08139	-1437.84839	-545.49817	424.72675	-1360.31396	-113.58210	121.66795	-1657.74841	-529.97339	47.12568	-1369.73584	
49	0.480	-424.96790	1327.32703	-1183.01709							-506.41028	1367.15100	-1298.23242	-181.49506	1240.07629	-1399.31921	-554.28674	1225.13953	-1435.35901							-83.70117	927.56653	-1444.91443				-18.50315	741.13348	-1363.93274	-494.97989	836.70770	-1315.72424	-297.29526	834.70581	-1277.70764				-330.84714	852.04395	-1598.49927	-157.56358	405.09213	-1425.35291	-549.84808	422.07330	-1362.12512	-114.50642	125.97044	-1648.09668	-530.72699	48.14204	-1368.89087	
50	0.490	-430.05197	1328.86829	-1177.63184							-511.45126	1368.07898	-1291.40967	-186.61639	1241.98535	-1394.24194	-559.02936	1227.13574	-1429.78809							-89.36354	929.32227	-1439.54480				-24.44641	743.05420	-1358.33350	-500.12027	840.27032	-1304.57654	-302.66779	837.40265	-1267.24426				-335.80392	853.27740	-1592.16882	-160.59645	406.55652	-1410.18872	-554.53949	419.95273	-1360.47266	-117.87527	130.41678	-1637.41101	-531.80347	48.84815	-1367.27100	
51	0.500	-434.78699	1331.14685	-1171.77161							-516.33844	1369.77515	-1286.84485	-191.22739	1243.81677	-1389.02148	-563.29565	1228.00232	-1421.90051													-30.48225	743.98096	-1350.42395	-505.52423	840.96588	-1305.77197	-308.75183	838.32471	-1266.38379				-340.79181	854.71106	-1586.59009	-162.35126	408.19409	-1396.69031	-558.02026	420.38788	-1357.38513	-119.86040	136.52278	-1628.11426	-532.06372	48.12104	-1368.38965	
52	0.510	-439.08902	1332.23169	-1166.55566							-521.16071	1371.45251	-1282.26782	-196.47311	1246.55481	-1385.96252	-567.67834	1230.53613	-1417.71362							-100.41068	932.82599	-1428.52844				-36.11399	746.01892	-1344.89099	-510.88583	842.50793	-1299.91565	-313.29712	841.77740	-1254.99353				-345.68649	855.56287	-1580.40259	-165.35069	408.98221	-1380.02014	-563.15356	418.74557	-1361.82397	-124.47871	141.43663	-1616.54272	-532.28754	47.48797	-1369.34900	
53	0.520	-442.93915	1334.38257	-1160.78809							-525.82452	1373.12769	-1277.50684	-201.45232	1248.46912	-1380.80884	-571.59943	1232.47791	-1412.62415							-105.84480	934.49170	-1422.93005				-41.81781	748.28583	-1339.46777	-516.02863	845.78040	-1291.59973	-319.61639	842.33466	-1255.42871				-350.57993	856.78168	-1574.48120	-168.26334	410.59442	-1364.13721	-565.52899	420.37839	-1354.90869	-128.63187	149.31888	-1605.16394	-532.46307	47.02529	-1370.11096	
54	0.530	-447.66849	1336.57104	-1154.54553							-529.44012	1374.78943	-1273.75012	-206.40642	1250.37280	-1375.68213	-576.07532	1234.39905	-1407.03748							-111.20095	936.38379	-1417.72485				-47.39370	750.44415	-1333.90417	-520.69653	846.03528	-1289.84937	-323.35394	845.37640	-1246.54785				-355.20065	857.57434	-1568.38831	-170.72234	411.73618	-1348.72168	-568.43860	418.55521	-1357.70459	-132.79140	156.57140	-1592.76221	-533.36932	47.99728	-1367.69849	
55	0.540	-452.44766	1338.70459	-1148.62927							-533.56519	1375.84558	-1267.37305	-211.08391	1253.44189	-1373.48962	-580.04468	1235.45044	-1400.02979							-116.52818	938.42950	-1412.88831				-52.88777	752.62939	-1328.36438	-525.72949	847.90863	-1283.82629	-328.01056	846.87714	-1243.73767				-359.53619	858.76013	-1562.67236	-173.15971	413.88840	-1333.88281	-571.90088	416.24625	-1359.31458	-138.66965	162.61774	-1580.32458	-533.54932	47.64497	-1368.51404	
56	0.550	-456.00772	1340.06213	-1142.74170							-537.48315	1377.41650	-1262.37561	-215.22487	1255.15002	-1368.55115	-584.21558	1236.03259	-1392.14575							-121.55410	940.10120	-1407.49280				-57.43900	754.27673	-1324.26465	-529.89319	849.47333	-1276.94458	-332.78723	847.14569	-1240.71594				-363.70325	859.92749	-1557.75427	-177.19531	416.40088	-1319.33643	-574.26666	416.62845	-1355.76782	-144.64084	167.89815	-1567.78076	-533.69867	47.32515	-1369.18298	
57	0.560	-461.05237	1341.86035	-1137.78931							-541.84698	1379.12952	-1257.13953	-219.96165	1256.98315	-1363.63440	-588.13373	1237.81812	-1387.22766							-126.34454	941.61609	-1401.76038				-63.58850	756.01404	-1316.00696	-535.28607	850.98749	-1270.87927	-335.62579	849.92993	-1232.70190				-367.58618	860.86365	-1552.50562	-181.52870	418.46490	-1303.93787	-575.63434	415.76065	-1353.92700	-150.75491	173.22855	-1555.80701	-533.82904	47.05006	-1369.76770	
58	0.570	-464.63644	1343.77478	-1131.97729							-545.81287	1379.61157	-1249.20801	-224.66841	1258.81287	-1358.70557	-592.46600	1238.74426	-1380.26001							-131.15088	943.57330	-1397.53967				-68.55749	757.03003	-1308.72217	-537.31335	848.12036	-1271.25366	-339.77954	851.33533	-1225.79114				-371.08157	862.05292	-1547.69971	-186.12444	422.47510	-1290.17444	-576.16425	414.92157	-1356.26489	-157.67717	174.93268	-1540.48340	-533.95581	46.75299	-1370.32813	
59	0.580	-468.62238	1344.92261	-1125.63892							-549.71198	1380.09009	-1241.22778	-228.65543	1260.46143	-1353.98071	-595.65991	1239.16418	-1373.55713							-135.62247	944.85803	-1392.18030				-73.50739	758.53345	-1302.42090	-541.14240	851.14215	-1258.44434	-343.99496	851.54321	-1223.01794				-374.24643	862.91199	-1542.37439	-190.65422	424.66925	-1275.50879	-579.38269	414.83539	-1356.72266	-163.71996	178.95262	-1526.54907	-534.00647	46.71037	-1370.57422	
60	0.590	-471.79944	1345.60974	-1119.47229							-553.29230	1381.56006	-1236.20471	-232.67143	1262.76929	-1351.02612	-599.91895	1240.84509	-1368.54358							-139.90735	946.58295	-1387.60022				-77.83103	760.78192	-1296.92688	-544.61011	851.28839	-1260.02478	-347.05014	853.48126	-1213.19885				-377.17969	864.59802	-1537.93726	-196.13840	427.82178	-1260.78735	-582.45331	412.81113	-1357.04553	-170.01358	181.30139	-1513.20203	-533.99579	46.80744	-1370.54810	
61	0.600	-475.46439	1346.46692	-1114.19226							-556.36133	1382.49329	-1230.40308	-236.87022	1263.74341	-1344.87598	-603.51245	1240.41785	-1359.79004							-143.91020	947.40765	-1381.51550				-82.64247	761.67389	-1291.03113	-547.16504	849.55585	-1255.42981	-349.73062	853.87238	-1209.10608				-379.85825	865.51178	-1532.86292	-201.99551	430.35300	-1248.09692	-582.95508	411.92792	-1357.58679	-176.22893	183.36522	-1499.08801	-533.25677	45.64585	-1373.76282	
62	0.610	-477.48309	1346.71692	-1107.96252							-559.83813	1384.02222	-1225.73816	-240.67926	1265.28650	-1340.54211	-607.28436	1241.99353	-1355.44287							-147.82809	948.89368	-1376.98499				-86.79536	763.24042	-1285.33508	-550.80438	852.30414	-1245.08411	-352.14133	854.00305	-1203.77905				-382.43054	867.29474	-1528.87341	-208.34856	434.14090	-1233.29285	-584.10364	411.47375	-1355.38745	-184.08022	183.59618	-1482.78137	-533.31525	45.68057	-1374.07129	
63	0.620	-480.80856	1347.21643	-1102.38147							-563.76093	1385.56055	-1220.54480	-244.50714	1266.01172	-1334.30408	-611.43964	1242.75342	-1348.86157							-151.69560	949.77521	-1371.80933				-90.16054	764.15106	-1279.46436	-552.14331	850.06555	-1247.87183	-354.06894	854.18701	-1198.19226				-384.80743	868.30627	-1523.54028	-213.40640	437.30420	-1220.42041	-585.20959	410.70306	-1356.47253	-190.43105	183.77361	-1467.65454	-533.38861	45.76737	-1374.47070	
64	0.630	-483.70908	1347.82446	-1096.51868							-566.57483	1385.94275	-1213.89380	-248.03856	1266.18298	-1327.51331	-614.51483	1243.04053	-1342.59631							-155.03159	950.69122	-1366.43750				-93.98161	765.06055	-1273.42322	-554.91864	851.39587	-1236.22876	-355.79916	855.57666	-1193.26135				-387.12436	869.97882	-1519.79736	-218.78265	439.81845	-1208.41589	-587.40637	409.93866	-1356.79504				-533.43262	45.86670	-1374.72314	
65	0.640	-485.85727	1347.48706	-1090.13696							-569.52942	1385.44373	-1204.80005	-251.95908	1267.62964	-1323.69043	-618.21979	1243.00439	-1334.67773							-158.36913	951.23138	-1360.71863				-97.48568	765.01233	-1265.89136	-556.89581	849.28021	-1237.68591	-358.64490	855.27502	-1187.20239				-389.09528	870.97345	-1514.14929	-226.75269	443.73840	-1195.10352	-589.19098	409.17944	-1357.56909	-204.26271	181.05055	-1434.11206	-533.50256	45.84768	-1375.07397	
66	0.650	-489.74023	1348.06372	-1083.84485							-573.06390	1386.11279	-1198.08081	-255.54503	1268.14331	-1318.19580	-621.51147	1244.04163	-1329.69873							-161.43724	951.97485	-1355.25159				-100.13051	766.36932	-1261.48511	-560.44989	852.24261	-1223.57751	-361.70416	856.04718	-1181.19653				-391.09186	871.97870	-1509.38391	-232.86996	447.58444	-1182.93494	-590.98529	408.56168	-1358.71399	-211.49059	177.99295	-1417.55640	-533.55737	45.77981	-1375.33362	
67	0.660	-493.69614	1348.01038	-1077.87549							-576.78333	1387.52454	-1193.05518	-258.97009	1268.25378	-1311.63892	-625.03375	1243.47864	-1321.02258													-102.99789	767.59595	-1256.23926	-563.10468	853.72455	-1221.28357	-364.86096	856.96381	-1178.83911				-392.81506	873.00214	-1504.40088	-239.25490	451.21292	-1172.16724	-593.01556	408.69205	-1355.63892	-219.19798	172.75302	-1398.36633	-533.60052	45.69041	-1375.52808	
68	0.670	-495.88187	1348.39966	-1071.07751							-579.68115	1387.89648	-1189.47632	-262.63232	1268.32788	-1305.37842	-628.35193	1244.87537	-1317.21826							-167.29588	953.05396	-1344.11499				-104.77860	767.86432	-1250.60828	-565.84827	852.28839	-1221.37134	-367.14267	855.57275	-1174.43042				-394.48569	873.43616	-1499.19385	-246.50864	453.42029	-1162.55200	-593.27893	407.62811	-1355.85803	-227.32271	168.09071	-1379.81958	-533.65576	45.61932	-1375.78918	
69	0.680	-498.03131	1348.18359	-1065.88940							-582.41925	1387.72424	-1182.75964	-265.80292	1269.50793	-1302.23511	-631.66327	1244.24219	-1309.02722							-169.93484	953.95361	-1338.59094				-107.68739	768.40668	-1244.10645	-569.60034	852.03009	-1211.86304	-369.82233	856.74500	-1166.46680				-395.94849	873.81519	-1493.55115	-252.67125	456.04816	-1152.56030	-594.18268	409.25067	-1351.61963	-234.84113	161.25777	-1361.55603	-533.69708	45.58734	-1375.99060	
70	0.690	-500.73294	1347.59448	-1059.07825							-585.78918	1388.09692	-1175.99292	-268.84485	1269.85693	-1297.16931	-635.07166	1244.75061	-1303.37000							-172.63748	953.69519	-1331.84253				-109.41277	768.70190	-1237.92468	-570.94879	849.86273	-1213.13477	-372.96457	857.34711	-1161.20227				-397.39124	874.22333	-1488.44019	-259.74277	459.00598	-1142.59875	-596.09607	412.15027	-1342.55847	-242.63106	153.51837	-1341.55493	-533.30548	45.55353	-1378.21143	
71	0.700	-502.82339	1347.80090	-1052.64197							-587.97681	1388.23901	-1169.67688	-272.20743	1269.11182	-1288.86951	-638.06689	1244.36267	-1296.30359							-175.12914	954.41211	-1326.27881				-111.15284	769.74652	-1233.14343	-574.66504	851.92365	-1204.75940	-375.85730	857.62036	-1156.61267				-398.50955	874.26825	-1482.34583	-266.43323	460.69754	-1134.28613	-596.79584	411.24561	-1340.32300	-251.18109	145.81836	-1319.27332	-533.34216	45.48664	-1378.37964	
72	0.710	-506.83792	1348.56030	-1046.87292							-590.76453	1388.18921	-1163.06091	-275.52313	1269.08154	-1282.89661	-641.27869	1243.69067	-1288.49622							-177.67555	954.93665	-1321.02979				-112.82767	770.48456	-1228.14075	-577.84949	851.94489	-1200.66797	-379.53326	857.00067	-1148.67419				-399.65753	874.45300	-1476.50024	-273.32538	462.47116	-1125.03027	-598.04462	409.87280	-1339.42566	-259.30426	137.73932	-1295.93433	-533.39288	45.38715	-1378.60962	
73	0.720	-508.55838	1347.29395	-1039.45398							-594.26270	1387.77209	-1155.97974	-278.40472	1269.42432	-1277.82605	-644.38916	1243.75049	-1282.72131							-180.02936	954.68555	-1314.34399				-113.76257	770.63080	-1222.62244	-581.01489	849.85687	-1197.61682	-383.55450	856.51160	-1144.06299				-400.79599	874.24896	-1470.67639	-280.20340	463.88525	-1115.10010	-599.75806	409.88986	-1336.53174	-266.08044	131.83411	-1277.23450	-533.37933	45.39790	-1378.54382	
74	0.730	-509.88800	1347.26782	-1033.26868							-596.33130	1387.88281	-1149.69849	-281.39047	1268.76855	-1270.22290	-647.45258	1243.09497	-1275.27283							-182.32356	955.14874	-1308.79004				-115.97507	770.76263	-1216.72083	-583.72705	851.72638	-1186.46277	-386.57770	855.97565	-1138.24207				-401.74567	874.61548	-1464.54968	-287.92856	464.13934	-1107.06250	-600.19336	408.60721	-1338.25256	-273.48862	122.77370	-1253.17078	-533.42664	45.26265	-1378.74634	
75	0.740	-512.94672	1346.78320	-1026.46472							-598.73431	1387.18970	-1142.56628	-284.88675	1269.28650	-1265.20740	-650.07227	1242.51941	-1268.57593							-184.61778	955.45129	-1303.26257				-116.86875	771.10852	-1212.26770	-586.75714	851.09888	-1184.94604	-389.28839	856.60706	-1131.62805				-402.90842	874.72638	-1458.59949	-293.78314	465.50610	-1101.43396	-601.95392	409.66977	-1330.22656	-280.11963	116.52698	-1230.96057	-533.36340	45.35295	-1378.44946	
76	0.750	-515.17401	1347.13831	-1019.95612							-601.75385	1387.37244	-1135.24646	-287.62772	1268.98889	-1258.43604	-652.72314	1242.06958	-1262.21533							-186.83258	955.44342	-1297.12585				-118.23008	771.69489	-1207.96838	-590.42322	850.11401	-1179.37634	-393.54620	854.96936	-1126.86572				-403.96146	874.98724	-1452.36902	-301.12149	465.03891	-1094.42847	-602.00696	408.49634	-1329.35779	-288.70651	108.49147	-1205.50134	-533.81580	45.25884	-1376.50220	
77	0.760	-517.20251	1346.95483	-1012.62335	-492.77670	1130.36487	-1132.82214				-604.18719	1387.27844	-1128.43640	-290.15808	1268.12817	-1250.33789	-655.94800	1241.66553	-1255.36084							-189.12758	955.44690	-1291.42749	-747.98932	986.29102	-1331.88306	-119.62162	771.19244	-1201.98755	-593.58368	847.68274	-1177.04321	-398.06158	855.26422	-1119.09583				-405.24826	874.95300	-1445.39587	-307.96265	465.77747	-1085.17224	-603.25739	409.66330	-1322.03687	-296.96393	101.60958	-1181.51868	-533.75720	45.32582	-1376.22290	
78	0.770	-519.16840	1346.65942	-1006.04413	-497.40732	1130.41858	-1125.31689				-606.58167	1386.31494	-1121.09351	-293.03265	1267.33960	-1242.09790	-657.89984	1241.29749	-1249.81409							-191.32776	955.41315	-1285.41748	-751.96088	984.70068	-1321.68372	-121.31988	771.10370	-1196.91736	-595.99030	846.54730	-1171.60889	-400.66849	854.30292	-1112.60291				-406.52475	875.55963	-1439.87341	-314.66809	464.18329	-1079.05872	-603.60919	409.34711	-1319.76501	-304.62326	96.31388	-1159.05457	-534.12799	47.68396	-1374.44434	
79	0.780	-521.95660	1346.52173	-998.62897							-608.51587	1386.09631	-1113.93066	-296.22937	1267.81140	-1236.65015	-660.88550	1240.40845	-1242.28735							-193.35939	955.24463	-1278.66748	-754.72455	985.28998	-1315.91797	-122.49116	771.10303	-1192.36365				-403.70224	853.36462	-1106.58423				-407.78091	875.45831	-1433.05457	-320.79843	463.77975	-1073.11072	-603.99432	407.09717	-1319.10962	-313.56039	89.68751	-1134.87952	-534.03076	47.89448	-1374.00940	
80	0.790	-522.74719	1345.31140	-991.92737	-501.54102	1128.36230	-1111.51111				-611.21576	1386.50439	-1106.84583	-298.68002	1267.76367	-1230.44238	-663.61975	1239.81555	-1235.15808							-195.67621	954.99011	-1272.82068	-757.70734	984.24792	-1307.10535	-123.19310	771.98193	-1189.39917				-406.73965	852.64185	-1100.88184	-601.31360	844.91296	-1160.13428	-409.05585	875.37610	-1426.26099	-326.97290	463.08722	-1067.13635	-604.72406	406.67737	-1316.65588	-321.84781	85.48972	-1111.04468	-533.91925	48.08111	-1373.49451	
81	0.800	-524.31482	1344.98376	-985.18213	-506.56290	1127.87305	-1104.73218				-613.67053	1385.30127	-1099.48621	-301.00870	1266.89844	-1222.34839	-665.93488	1239.23206	-1229.03674							-197.74904	954.92041	-1266.63037				-125.22145	770.76141	-1182.05579				-408.90451	853.31488	-1089.24268	-604.71027	844.73865	-1152.11548	-410.41684	876.02789	-1420.39355	-332.42712	461.18848	-1061.17065	-604.66852	407.82547	-1317.65540	-330.26401	81.83469	-1087.19360				
82	0.810	-526.78174	1344.50940	-977.55707	-506.94525	1126.80896	-1097.10010				-615.51581	1385.58118	-1092.05835	-303.25540	1266.03577	-1214.22705	-668.20813	1238.11060	-1220.99902							-199.88864	954.68488	-1260.30334				-126.11892	770.95746	-1178.28455				-413.20862	851.33759	-1084.57898	-607.28931	843.17688	-1148.82483	-411.75641	875.62720	-1413.23706	-337.44659	459.48166	-1055.42249				-338.69562	79.41953	-1064.26929				
83	0.820	-529.88141	1345.77136	-970.38000	-510.15143	1126.48621	-1089.76099				-617.96680	1384.22131	-1083.89929	-305.46863	1265.18555	-1206.06909	-670.40991	1237.71765	-1215.05334							-201.96196	953.99982	-1253.20081				-127.08225	770.57898	-1173.54114				-416.40817	849.67145	-1076.89832	-610.55969	842.57562	-1143.44312	-412.94949	874.75958	-1404.34082	-342.09464	457.35815	-1050.54028	-606.27600	407.68329	-1309.51318	-347.28943	78.18910	-1041.55835				
84	0.830	-530.41235	1344.72595	-962.72302							-619.70813	1383.90491	-1076.92578	-307.63498	1264.32922	-1197.93884	-672.99542	1237.71045	-1208.95068							-204.04091	953.51794	-1246.21313				-128.50804	769.70758	-1167.13586				-419.76361	848.84998	-1069.77209	-612.41278	840.01459	-1139.34229	-414.24066	874.70966	-1397.05493	-346.63223	455.15109	-1044.78955	-605.97473	407.19601	-1305.79163	-357.21536	77.57745	-1018.76361				
85	0.840	-533.09253	1344.07556	-955.33606							-621.66711	1382.94360	-1069.27490	-310.16403	1263.49194	-1189.83069	-675.21783	1236.40479	-1200.73499	-514.74951	1123.70801	-1075.63770				-206.38879	953.41113	-1240.84607				-129.65584	769.33777	-1162.19287				-423.29254	848.30756	-1065.51880	-615.10468	840.57086	-1131.70837	-415.55463	874.58899	-1389.67078	-351.55618	452.79587	-1041.75476	-607.11438	406.46286	-1300.46582	-367.58200	77.73758	-996.96075				
86	0.850	-533.93597	1344.00732	-947.71606							-624.05396	1382.56531	-1061.58923	-311.89908	1262.47144	-1182.28979	-677.27380	1235.74976	-1194.40344	-517.72083	1123.53516	-1066.05261				-208.56134	952.29529	-1233.27234				-130.43219	769.09491	-1157.44421				-426.65045	847.55731	-1054.01709	-618.38086	839.67566	-1120.96057	-416.89041	873.99786	-1381.84656	-355.65912	451.49588	-1036.59534	-607.82111	404.11432	-1294.09790	-379.13721	78.36723	-976.98090	-627.03064	214.72527	-950.12695	
87	0.860	-535.04724	1343.89819	-940.29718							-625.42456	1382.40686	-1054.07361	-314.42749	1261.52576	-1174.64502	-679.45117	1235.13269	-1186.93970	-518.75800	1121.55164	-1058.70471				-210.63910	951.71216	-1226.22839				-131.29295	767.90051	-1151.23071				-428.39920	847.49219	-1044.39172	-620.11688	838.18463	-1118.48315	-418.15573	873.21246	-1373.26440	-358.84494	448.04245	-1030.17786	-609.17371	403.79086	-1290.23218	-389.49548	80.42285	-959.04218				
88	0.870	-536.26471	1343.50415	-932.21454							-627.34680	1381.43140	-1045.71765	-316.22632	1260.00256	-1166.20374	-681.02734	1233.79785	-1179.24097	-523.18890	1121.89368	-1052.46350				-212.85547	950.67206	-1219.16113				-131.94464	767.51294	-1146.91162				-431.78809	845.34772	-1036.62488	-623.49292	838.64923	-1106.58887	-419.49405	872.54431	-1364.72266	-363.06464	446.34946	-1022.77557	-609.32721	402.42722	-1285.69592	-399.73077	83.74107	-940.10114				
89	0.880	-538.19647	1343.74329	-924.05798				-406.19342	1413.22778	-1067.18738	-628.80853	1381.61987	-1038.63806	-318.41266	1258.10986	-1156.75085	-683.31049	1232.79553	-1171.05713	-526.11603	1120.93567	-1042.46826				-215.02074	949.05713	-1210.97876				-133.52530	765.91675	-1139.16589				-434.55090	844.02374	-1029.78186	-625.58740	837.23267	-1099.94275	-420.85989	871.80060	-1356.15027	-365.52023	444.97986	-1016.66711	-609.11127	400.78214	-1279.69373	-408.45694	88.48594	-924.79480	-528.12482	51.22743	-1369.83936	
90	0.890	-538.84497	1343.99731	-916.50446				-407.82251	1413.21729	-1062.88049	-630.34656	1380.32410	-1030.10681	-320.41406	1256.32910	-1148.11719	-684.70343	1232.31189	-1164.98462	-527.54401	1119.95361	-1034.78674				-217.09265	947.88318	-1203.39490				-133.83965	764.82721	-1133.49792				-437.14706	843.85846	-1016.99194	-627.93146	836.07623	-1094.49207	-422.44650	870.27368	-1346.73425	-369.55518	443.41400	-1009.37158				-418.98364	90.46577	-909.57867				
91	0.900	-539.29773	1343.80078	-908.46466				-409.25235	1411.72949	-1053.48962	-631.75653	1380.04919	-1021.81177	-321.62466	1253.89026	-1138.64478	-686.76935	1230.99072	-1155.92773	-531.25708	1118.03186	-1027.05005				-219.18695	946.27844	-1195.39624				-134.56271	763.71906	-1127.49036				-440.00018	842.67834	-1010.82111	-630.48035	834.61145	-1088.17639	-424.17569	868.88855	-1337.89709	-373.09180	441.31885	-1003.04865	-610.77979	399.39264	-1268.57983	-427.29504	93.53470	-896.80774	-528.64001	52.58927	-1366.46289	
92	0.910	-540.04694	1346.10010	-900.29608				-410.90469	1411.91748	-1049.10950	-632.66693	1378.68555	-1012.98157	-323.43173	1251.92786	-1129.90649	-688.43738	1229.20776	-1146.92480	-530.77448	1115.69653	-1017.58557				-221.14810	944.26776	-1186.50952				-134.96486	762.71857	-1121.24158				-443.71960	840.05878	-1003.48853	-632.83807	832.63574	-1080.15173	-425.95221	867.26672	-1328.28748	-375.87354	440.29398	-994.78906	-611.30042	397.78931	-1262.82800	-433.64819	95.59565	-883.94800	-527.76508	52.30864	-1366.07434	
93	0.920	-540.52911	1346.21228	-891.23480				-412.24271	1410.65100	-1039.37866	-634.13885	1378.88757	-1005.01935	-325.29483	1250.72266	-1123.17834	-690.31128	1229.05762	-1138.67041	-534.18060	1114.98523	-1009.12726				-223.23787	942.82318	-1179.29980	-778.56592	969.22192	-1209.07385	-135.76978	760.37097	-1112.72778				-446.27939	838.75024	-995.23950	-636.53137	832.57990	-1069.77051	-427.95319	865.82361	-1319.18176	-379.29578	439.01569	-985.45453				-440.92313	96.29984	-869.49878	-527.55475	52.61941	-1365.20166	
94	0.930	-540.84698	1347.77100	-884.11823				-413.34650	1410.49670	-1033.57922	-634.73816	1378.23047	-995.74707	-326.55191	1248.51270	-1114.06311	-691.86853	1227.33765	-1129.70911							-225.15071	940.46875	-1170.45166				-136.88985	759.82318	-1106.70886				-449.15268	837.25391	-983.55463	-638.69867	829.69434	-1062.20447	-429.98602	864.48474	-1310.12183	-382.68646	437.99225	-976.39587	-611.81104	396.53430	-1250.87231	-446.06305	98.15683	-857.83173	-528.19116	53.50137	-1363.77051	
95	0.940	-540.07501	1348.83948	-875.35394				-414.18973	1410.90979	-1029.48560	-635.14294	1377.77783	-987.33142	-327.44019	1246.26904	-1105.06921	-693.42389	1226.10425	-1120.86401	-538.53235	1112.12231	-990.88623				-226.83453	938.28912	-1161.00769				-137.48875	757.82611	-1098.81323				-451.53885	835.87933	-975.09137	-641.24988	828.06769	-1053.43762	-432.14578	863.24207	-1301.21692	-385.94354	436.69403	-966.46820	-611.55029	395.41763	-1245.03162	-452.26074	97.91025	-847.19788	-528.73340	54.71725	-1361.44592	
96	0.950	-539.58936	1350.57642	-866.22797				-415.62555	1410.14917	-1019.73236	-636.06610	1377.81226	-978.78247	-329.30789	1244.52661	-1095.91956	-694.92200	1225.09656	-1112.14453	-541.33972	1112.14197	-981.17401				-228.93497	936.47479	-1153.45715	-780.39124	965.77142	-1188.66467	-137.64809	756.92548	-1094.87598				-453.56665	833.78265	-965.73566	-645.25104	830.73865	-1033.97327	-434.34790	861.50000	-1291.20837	-389.90250	436.06308	-955.38281	-611.68451	394.59723	-1238.33618	-455.44925	97.72787	-838.96222	-528.14288	55.25694	-1360.45532	
97	0.960	-538.48633	1352.26831	-857.85547				-416.11203	1410.47766	-1018.33575	-636.24725	1377.59924	-970.04498	-330.21396	1242.20227	-1085.54651	-695.94788	1224.00037	-1102.60974	-540.99738	1109.59790	-971.32782				-230.67381	933.87866	-1143.21106	-781.34442	962.44623	-1176.36609	-139.32988	755.33368	-1086.25415				-456.40189	832.33600	-957.41724	-645.74835	827.74048	-1023.82166	-436.52939	860.01361	-1281.09729	-393.50134	435.02328	-945.02966	-610.40491	393.51144	-1231.86499	-459.34756	95.87460	-830.85413	-527.95319	56.76093	-1358.55493	
98	0.970	-539.91901	1354.26782	-850.08240				-416.61475	1410.35327	-1008.63562	-636.76917	1378.25244	-961.46722	-331.29254	1240.69434	-1076.46948	-697.30548	1223.11279	-1092.99219	-544.14838	1108.31238	-962.24164				-232.59026	932.28790	-1134.75464				-140.75743	753.66150	-1078.31055				-459.22906	830.18353	-946.75433	-647.67627	825.97882	-1014.56024	-438.83694	858.22510	-1270.51941	-397.03229	435.14398	-934.19696	-610.95300	394.77127	-1225.59045	-462.33749	94.15636	-823.74054	-527.64630	58.97281	-1358.37134	
99	0.980	-539.47797	1355.59399	-841.04547	-519.01636	1462.06335	-1128.93909	-417.82785	1410.45630	-1002.26068	-637.61273	1378.80591	-952.93134	-332.05896	1239.57520	-1068.07520	-698.13672	1222.44641	-1083.62451	-544.74152	1108.31006	-951.80084				-234.52592	930.02643	-1125.02124				-142.03244	752.09637	-1070.00439				-460.83694	829.34985	-933.80402	-650.75037	825.08673	-1004.99152	-441.15421	857.44055	-1261.40869	-401.09708	434.41748	-922.95398	-528.22607	61.56224	-1356.37390	-464.39783	91.49557	-818.70990				
100	0.990	-539.43219	1356.77917	-832.79132	-519.81488	1460.89282	-1121.36292	-417.76334	1410.26172	-995.44733	-637.52039	1379.56592	-944.40839	-332.84286	1238.51587	-1058.81262	-698.76465	1221.96436	-1073.85229	-547.44928	1107.61279	-942.93677				-236.57814	928.27490	-1115.64954				-143.89471	750.71497	-1062.02991				-464.01202	827.34460	-925.28748	-653.16772	824.02661	-994.51672	-443.38605	856.64142	-1251.70410	-405.31888	434.02164	-911.60107	-612.77173	392.73117	-1208.14392	-465.95758	87.76755	-811.90619				
101	1.000	-540.48315	1358.80164	-824.51471	-520.40631	1459.81702	-1113.92224	-418.16275	1410.10876	-986.22339	-638.67059	1379.82910	-935.77869	-333.06845	1236.80823	-1047.61414	-699.56323	1222.24939	-1064.19727	-545.86322	1106.73425	-931.10669				-238.66586	927.12872	-1106.80505	-783.25696	959.28345	-1141.28918	-145.65498	749.08264	-1054.58044				-466.64957	827.09857	-914.83459	-655.02112	823.98828	-984.93793	-445.59000	855.35938	-1240.12952	-409.22668	433.17297	-900.08771	-613.33508	393.40009	-1201.68372	-466.28943	84.35090	-807.28046				
102	1.010	-539.92035	1360.66858	-815.13068	-520.71295	1459.18896	-1106.27698	-419.05408	1410.72729	-979.97998	-638.84454	1381.18591	-927.57410	-333.62750	1236.17676	-1038.28406	-700.15912	1222.54089	-1054.63867	-549.68701	1107.52991	-921.79419	-499.29004	1237.05896	-1155.42297	-240.70015	925.48596	-1097.25952	-783.79327	959.54504	-1131.66565	-147.80615	747.66492	-1045.37976				-470.06619	827.05719	-903.68817	-658.01971	825.40094	-973.85687	-447.77426	854.92206	-1229.63245	-413.11014	432.71976	-888.30115	-615.31714	393.87332	-1193.64417	-465.59152	80.36913	-804.13367				
103	1.020	-541.22937	1362.75562	-807.28290	-520.84534	1458.75391	-1098.06226	-419.07816	1410.41675	-969.11511	-638.72803	1381.60083	-918.90894	-333.79550	1235.82288	-1030.33008	-701.02490	1223.28723	-1045.08264				-499.42438	1236.56238	-1145.97974	-243.29120	922.80164	-1085.04724	-784.27905	960.54877	-1123.65869	-150.34288	745.89362	-1036.49707				-472.05688	828.08490	-889.24261	-661.00037	825.66010	-963.38605	-449.67612	853.84882	-1216.87000	-416.02924	432.29254	-877.33826	-619.35675	393.42883	-1181.87720	-465.11911	77.59029	-800.29590				
104	1.030	-541.51233	1364.11487	-798.29449	-520.84595	1458.74255	-1089.80688	-419.35675	1411.28784	-960.29688	-639.67847	1382.90088	-910.39642	-334.00580	1235.02490	-1019.86896	-700.85175	1224.19922	-1034.96313	-550.89819	1108.73352	-899.63434	-499.22906	1236.27551	-1135.54773	-245.38254	922.63495	-1076.14319	-784.79846	961.18939	-1113.24426	-152.47299	745.13397	-1027.54541				-476.09396	827.24512	-880.23462	-663.22565	826.69604	-952.52832	-451.84213	853.35291	-1205.71912	-419.53439	431.35089	-865.21130				-466.04074	74.54670	-795.25250				
105	1.040	-542.90558	1365.95068	-788.64471	-520.76202	1459.02527	-1081.27710	-419.86133	1412.71667	-951.69482	-640.02557	1383.94238	-901.65472	-334.05133	1234.93579	-1009.17609	-700.89886	1225.67639	-1025.32568	-549.20569	1110.32886	-887.44556	-498.99777	1236.06982	-1125.60156	-247.56038	921.57727	-1066.48645	-784.98981	963.50256	-1105.96216	-155.06160	743.33868	-1017.97278				-479.38516	827.84039	-868.79108	-666.13885	828.67816	-942.06580	-453.62262	853.86615	-1194.69446	-422.22659	431.43930	-854.85767				-466.56281	74.61417	-788.69861				
106	1.050	-543.09668	1367.77759	-778.88403	-520.57135	1459.72925	-1072.25330	-419.65656	1413.19775	-941.34509	-641.05206	1386.17261	-893.13580	-334.00928	1233.93408	-997.62067	-701.39270	1227.39270	-1015.37561	-552.82935	1113.65442	-877.82483	-498.73196	1235.96228	-1114.87769	-249.71220	921.30310	-1056.75232	-785.18805	966.00867	-1097.15576	-157.60017	742.14789	-1008.66302	-852.97583	728.76709	-1041.41211	-482.45416	829.51208	-854.88666	-668.21362	831.09570	-930.38739	-455.69870	853.56580	-1182.76685	-425.75262	430.75916	-842.87347	-630.59680	395.85648	-1151.87585	-467.12762	72.12299	-782.68701				
107	1.060	-545.29688	1370.32263	-770.72638	-520.27124	1460.83032	-1063.64612	-419.65533	1415.27332	-932.84735	-640.94470	1387.79626	-884.63794	-334.11929	1234.65686	-987.02533	-701.44415	1229.01782	-1005.87134	-553.20514	1114.53320	-866.81055	-498.44385	1236.40674	-1104.41211	-251.82063	920.26813	-1044.99377	-786.10828	967.55908	-1087.82178	-160.16588	741.00891	-998.10938	-855.28979	731.18164	-1034.99988	-486.08624	830.38727	-845.24182	-671.40601	833.87292	-919.44244	-457.45148	854.02460	-1170.29980	-426.92648	430.72128	-832.79407	-637.40033	396.44702	-1139.13440	-466.79654	71.75185	-776.74286				
108	1.070	-544.73999	1372.63770	-760.81219	-520.01410	1461.77002	-1054.36621	-420.79245	1416.57605	-922.42383	-641.89502	1389.56909	-874.94757	-334.28793	1234.97217	-976.51385	-702.24011	1231.52478	-996.01202	-553.13953	1115.91956	-854.59027	-498.10791	1237.03027	-1093.46643	-253.68149	919.92993	-1034.73914	-785.91412	969.78436	-1078.76453	-162.88499	740.52887	-988.66571	-857.13763	733.71478	-1028.11389	-488.93100	832.38879	-833.02716	-674.03375	836.89294	-908.16968	-459.32504	855.35364	-1159.90833	-428.86804	431.23495	-822.06073				-465.54910	69.90431	-770.08685				
109	1.080	-546.82288	1374.98523	-751.42419	-519.85327	1462.82922	-1044.80701	-420.57690	1418.25610	-912.60455	-642.05762	1391.72449	-865.94995	-335.15823	1236.08093	-968.01929	-702.14526	1233.83264	-986.27228	-556.52588	1119.44885	-844.08807	-498.20590	1237.90015	-1083.43469	-256.08572	920.83350	-1024.00684	-787.16589	973.20905	-1071.12195	-165.94682	740.19318	-977.48914	-859.82703	737.22803	-1021.65112	-491.12491	834.21271	-820.74835	-675.88171	839.26190	-896.54413	-461.35950	855.69324	-1147.66150	-429.68848	432.30939	-812.78473	-649.28076	398.57944	-1113.49829	-463.97937	68.43223	-764.15906				
110	1.090	-547.10748	1377.46936	-741.93518	-519.63495	1464.30298	-1035.58374	-421.43967	1419.63428	-902.44299	-643.23090	1393.64966	-856.74933	-335.18936	1236.50439	-954.51849	-703.10968	1236.60913	-976.36536	-554.97839	1120.90869	-833.38000	-498.22266	1239.33740	-1073.25269	-257.86972	920.61688	-1013.22107	-787.57312	976.23206	-1062.85132	-168.53088	740.16193	-966.44006	-862.31952	740.42334	-1015.29608	-492.74957	836.99341	-805.92493	-678.36011	842.44159	-884.66412	-463.18707	856.78180	-1136.09399	-431.51813	434.52725	-802.70557				-463.28604	66.52728	-759.00134				
111	1.100	-548.75751	1380.26050	-731.18964	-519.72443	1465.67261	-1026.18115	-422.15265	1422.22119	-892.44324	-643.44470	1395.84717	-847.80463	-336.26099	1237.85132	-944.23175	-703.34192	1239.29541	-966.76154	-558.17737	1124.64111	-822.81433	-498.37390	1240.80188	-1062.84973	-260.15265	921.01520	-1000.96472	-788.12476	979.26404	-1054.60754	-171.54564	740.17419	-954.50623	-865.35309	744.17334	-1009.02667	-494.03311	839.93854	-795.81152	-679.96796	845.28412	-873.47491	-464.93848	857.99176	-1124.58435	-432.86588	435.72388	-792.11389	-662.68958	400.00809	-1082.84119	-463.15271	64.11345	-754.69769				
112	1.110	-550.49231	1382.19446	-722.39868	-519.78857	1467.11646	-1016.24701	-422.80023	1423.87830	-884.35089	-644.55164	1398.24792	-838.28418	-336.85233	1238.47412	-934.10028	-704.69250	1242.06055	-957.28070	-560.23572	1127.64832	-812.15240	-498.82617	1242.22546	-1052.25110	-262.28949	922.05969	-989.51923	-788.91357	982.73920	-1046.49280	-174.35437	741.03522	-942.92676	-868.20343	747.83051	-1002.34637	-497.04233	842.43890	-783.49255	-681.85736	847.98059	-862.10651	-466.86389	859.68909	-1114.72900	-433.58252	437.17517	-783.16138	-671.00299	400.22809	-1067.82532	-464.02328	61.11804	-753.57745				
113	1.120	-550.79303	1384.27954	-712.04517	-519.91925	1468.76074	-1006.85382	-423.39240	1425.36780	-874.16107	-645.05341	1400.37488	-829.24457	-338.22711	1239.84375	-922.60278	-705.46088	1244.51172	-947.86859	-560.61285	1129.42761	-802.12347	-499.57974	1243.79517	-1042.78101	-264.07346	923.94934	-979.46167	-790.56348	986.06689	-1038.60413	-177.45842	741.54773	-929.44562	-871.00824	752.01068	-996.23846	-498.17413	844.47522	-772.07965	-682.19061	850.20355	-850.58545	-468.91885	861.50427	-1105.44958	-433.63846	439.08838	-774.30090	-678.24359	400.65463	-1050.84045	-465.68585	58.50129	-751.46783				
114	1.130	-552.60034	1386.05518	-703.07507	-520.29004	1469.85132	-997.53552	-423.26553	1426.00720	-863.25256	-646.15778	1402.57483	-819.65076	-339.50958	1241.76038	-912.01794	-706.91504	1246.98816	-938.47968	-563.32489	1133.18005	-793.02600	-500.44257	1245.18188	-1032.58240	-265.65210	924.21686	-967.24829	-792.59210	989.72321	-1031.07239	-180.38138	742.59808	-917.30493	-874.38947	755.17316	-989.31049	-499.49722	847.69983	-760.21667	-683.57269	853.07007	-839.02917	-470.98868	861.96338	-1094.04346	-433.63132	440.94440	-765.97046	-685.81696	402.03525	-1032.48804	-467.18008	56.54306	-750.21423				
115	1.140	-553.84454	1387.60254	-693.43213	-520.71997	1471.36816	-987.99725	-425.08163	1427.39868	-854.66693	-646.80493	1403.91968	-810.60016	-340.73676	1242.90466	-902.16785	-708.36639	1249.13171	-929.55994	-564.83972	1133.78833	-782.99646	-501.37582	1246.67493	-1023.55841	-267.57190	925.68054	-955.55359	-794.51855	992.81293	-1023.43640	-182.90622	743.32080	-903.57471	-877.58014	758.48254	-982.38678	-499.73300	850.68805	-750.29053	-684.16962	855.42120	-828.26324	-473.06390	863.18549	-1084.32837	-432.72269	441.21793	-758.26141	-694.20050	402.48782	-1013.68158	-467.43362	56.39042	-749.28296				
116	1.150	-554.58081	1387.92542	-684.56903	-521.27222	1473.12561	-978.45038	-425.62866	1427.97937	-843.90942	-648.19354	1405.42847	-800.92279	-342.12219	1244.81311	-892.94672	-709.59052	1251.62561	-921.42035	-567.49603	1135.86511	-774.99988	-502.39178	1248.37756	-1014.08887	-269.33551	927.01025	-942.80066	-796.11243	995.40430	-1015.05865	-185.60236	744.93634	-891.26849	-881.56250	762.29492	-976.69800	-499.95630	853.47540	-739.45044	-685.04755	857.94971	-818.28345	-475.33200	864.05896	-1075.27466	-431.98907	440.88977	-748.79175	-702.69684	404.30841	-997.11279	-466.86371	56.83782	-748.76965				
117	1.160	-556.78845	1389.61328	-674.96729	-522.13055	1474.77905	-969.14478	-426.98087	1429.21045	-835.09442	-649.15948	1407.59131	-792.26611	-344.26602	1246.12683	-882.22534	-711.54144	1253.50476	-912.95667	-568.78943	1136.71094	-765.95404	-503.88416	1249.36401	-1005.06519	-270.66702	929.35303	-933.12158	-797.97375	997.95093	-1007.92358	-188.31746	746.18719	-876.62830	-885.18420	765.20697	-969.75531	-501.56729	854.53241	-728.88568	-686.09296	860.37115	-808.51965	-476.74271	864.58398	-1065.06714	-431.20364	440.45236	-742.08722	-712.48792	405.08691	-975.94659	-466.85928	56.83572	-748.76703				
118	1.170	-557.29553	1390.14880	-666.02509	-523.01129	1476.82227	-959.81897	-427.61414	1430.12402	-826.24878	-650.34784	1409.42444	-783.48389	-346.46207	1247.65527	-872.05353	-712.96979	1254.75598	-904.67853	-572.35321	1139.92847	-757.12323	-505.18726	1250.63623	-996.59540	-272.23373	929.28162	-918.68658	-800.88013	1000.17633	-1000.62653	-190.98610	747.03046	-862.26263	-889.28113	767.90527	-962.85815	-502.20377	856.21301	-717.71765	-687.49573	862.01959	-798.72565	-478.72891	865.06104	-1055.43152	-430.33231	439.70813	-733.82770	-720.95502	406.99197	-957.85632	-467.49930	55.94106	-748.07153				
119	1.180	-559.20276	1389.90295	-656.94464	-524.05109	1478.43445	-950.13495	-429.40421	1430.34912	-817.42572	-651.97485	1410.90833	-773.70135	-348.36771	1249.67505	-863.10071	-715.05792	1256.45776	-897.23297	-575.69696	1141.32959	-749.39331	-506.59940	1252.05591	-988.04108	-273.49921	929.99536	-906.45270	-803.42291	1002.39490	-993.74554	-193.78242	749.03473	-848.59302	-892.74390	770.05939	-956.24249	-502.12354	858.24506	-708.53369	-687.20844	863.07507	-788.66626	-480.20468	865.42200	-1045.78882	-428.34140	439.28824	-727.45447	-729.78174	410.82837	-940.30292	-468.47641	56.16814	-747.14673				
120	1.190	-559.86475	1390.12268	-648.25269	-525.25134	1480.24805	-940.92938	-430.53287	1430.63660	-807.36853	-652.82007	1412.57385	-765.25751	-350.33682	1250.31616	-854.17761	-717.42944	1257.99890	-889.73468	-577.48431	1142.52832	-740.89307	-507.97290	1252.85181	-978.61969	-274.64688	931.94000	-895.22589	-805.28204	1003.83295	-986.65009	-196.29268	750.17279	-833.66406	-896.82251	772.73431	-949.55945	-502.63602	860.62122	-699.22473	-688.58728	863.85321	-779.04816	-481.65167	866.34656	-1036.24426	-427.97800	437.38565	-722.83411	-737.90668	413.81143	-923.79254	-468.49155	56.15202	-747.14172				
121	1.200	-562.44196	1391.37573	-639.73004	-526.72083	1481.97925	-931.94073	-432.28891	1432.16125	-800.24402	-654.93201	1413.96423	-756.64459	-352.78607	1252.44971	-844.38342	-718.95746	1259.34619	-882.84332	-578.40350	1142.65063	-731.58826	-509.54800	1254.32776	-970.84662	-275.53888	933.57007	-884.06189	-806.82709	1005.09888	-979.20282	-199.21213	751.71777	-819.00574	-900.28528	774.68048	-942.99036	-503.94797	861.25684	-689.26300	-689.58502	864.74432	-769.91644	-482.53134	866.69281	-1025.89087	-427.27756	436.03104	-719.19342	-746.80762	418.31018	-904.98035	-468.60458	56.42860	-746.90411				
122	1.210	-565.25226	1391.23413	-631.41864	-528.19604	1483.75757	-922.58215	-434.67612	1432.97009	-791.66620	-656.57611	1414.53833	-747.66644	-354.62128	1253.69446	-835.53162	-721.47968	1260.66736	-875.77722	-582.67743	1145.01245	-724.79724	-511.09229	1255.35840	-962.66565	-276.47372	934.19128	-870.98187	-808.90741	1006.38550	-972.58154	-201.85532	753.29279	-804.28333	-904.20679	776.74518	-936.65131	-504.90656	863.41107	-679.72748	-690.69214	865.46381	-761.37445	-484.47516	867.84229	-1017.05670	-425.40643	434.41284	-715.27039	-753.92120	422.18250	-885.29535	-468.83945	56.64677	-746.94287				
123	1.220	-565.61621	1391.97729	-622.70551	-530.03442	1485.56592	-914.06067	-435.40851	1433.30896	-781.71490	-658.36005	1415.55933	-738.91211	-357.05917	1255.57007	-826.23438	-723.44458	1261.62952	-868.72876	-586.98273	1147.31274	-717.85010	-512.85114	1256.69727	-954.83728	-278.15228	935.34814	-859.02008	-810.80005	1007.18042	-966.14142	-204.58765	754.58313	-789.18335	-907.73694	778.56189	-930.58228	-504.51871	865.53192	-670.24548	-692.54547	867.46753	-752.07898	-485.56470	869.00946	-1007.82355	-424.19656	433.21524	-712.10480	-760.16754	424.62375	-864.79846	-469.11188	57.14785	-747.26770				
124	1.230	-568.26746	1393.15894	-614.71863	-531.88110	1487.43005	-904.80542	-437.39667	1434.02466	-772.67615	-660.34460	1416.75793	-730.35632	-359.45251	1257.24060	-817.94482	-725.53516	1262.26550	-861.18982	-587.99347	1147.37573	-710.14410	-514.72620	1257.47803	-947.00873	-279.21970	937.02820	-847.55579	-812.47260	1008.39874	-959.13354	-207.12431	756.77582	-775.45160	-910.66595	779.86316	-923.98309	-505.08548	867.57233	-660.83716	-694.21753	867.75891	-742.86536	-487.35599	870.22821	-998.46106	-423.14981	432.20209	-709.22156	-767.92316	428.87283	-847.58722	-469.33810	57.90127	-747.76428				
125	1.240	-569.03485	1392.21106	-605.67773	-533.93585	1489.17944	-896.44501	-439.43677	1435.70093	-764.60388	-662.61725	1418.13672	-722.07910	-361.45969	1259.65247	-811.30603	-727.59540	1263.18787	-854.31598	-588.96204	1147.44836	-701.73364	-516.60571	1258.91760	-939.41034	-280.54688	938.29626	-836.25098	-814.27362	1009.33301	-952.85059	-210.36551	758.39459	-760.67963	-913.58698	781.17603	-918.13239	-507.65411	867.70605	-657.53430	-696.05469	868.70453	-733.09973	-489.07541	871.39417	-989.33960	-422.54745	431.35199	-706.83630	-773.54767	431.86380	-827.07904	-469.97940	58.82032	-749.63763				
126	1.250	-571.08301	1392.82715	-597.50800	-536.15833	1491.13672	-887.52570	-441.27664	1436.70435	-755.69983	-665.12598	1418.78198	-714.03925	-363.41513	1260.28186	-801.80084	-729.82788	1264.03076	-846.69208	-593.32330	1151.26331	-694.41895	-518.70459	1259.89197	-931.56836	-282.24298	939.97748	-825.23499	-815.28046	1009.64606	-945.49805	-212.94519	760.41156	-746.52435	-915.88147	782.19293	-911.81464	-509.63220	867.89685	-650.85150	-697.45990	869.92450	-723.90326	-490.72964	872.88000	-980.71576	-423.57889	429.74506	-703.94733	-779.14142	436.47809	-809.31500	-469.51459	60.53316	-751.60529				
127	1.260	-573.87366	1392.63269	-589.06909	-538.37646	1493.05518	-878.76715	-443.91446	1437.08899	-744.46667	-666.22424	1419.61523	-705.15356	-365.39548	1262.30493	-794.47778	-731.81683	1264.81299	-839.35474	-594.69836	1152.02905	-685.87421	-520.79205	1260.81165	-923.55591	-283.84262	940.91229	-813.79883	-817.16168	1010.67285	-939.02423	-215.78482	762.30774	-732.71149	-918.02991	784.07495	-906.09222	-510.09503	869.43903	-641.53467	-699.52747	871.39838	-714.50458	-492.69290	874.26501	-972.18494	-423.71954	429.58795	-701.98334	-785.20355	439.96890	-790.15704	-468.95221	60.87510	-751.95313				
128	1.270	-574.54279	1392.71973	-580.67731	-540.66669	1494.87268	-869.99579	-445.70490	1437.92627	-735.75879	-668.57080	1420.26733	-696.60327	-367.88385	1264.08459	-786.25446	-734.02448	1265.31055	-831.33838	-595.92664	1153.77087	-678.32196	-522.92438	1262.14514	-916.03058	-285.53891	942.46558	-804.23425	-818.38885	1011.37976	-932.36145	-219.33977	764.32147	-719.14380	-920.33008	784.33282	-900.25037	-509.77090	871.16364	-634.53705	-700.78467	873.02893	-704.59198	-495.50665	875.76514	-963.91339	-421.93222	429.96951	-699.26074	-789.48706	444.83984	-773.32642	-468.51785	62.13828	-753.98322				
129	1.280	-576.89679	1392.89209	-572.93323	-543.06335	1496.75354	-861.37732	-447.94818	1439.27539	-728.70447	-670.26166	1420.55444	-688.43329	-369.89542	1265.59021	-780.39392	-736.38525	1266.36047	-823.61438	-597.76880	1154.95996	-669.02368	-525.24274	1263.04700	-908.04480	-287.80630	944.48706	-793.75610	-819.51563	1011.58966	-924.37878	-221.80931	766.55353	-705.20642	-922.15826	786.22241	-894.64117	-511.81854	872.33081	-627.58398	-701.29987	874.18073	-695.74585	-498.22458	876.83734	-955.79034	-423.06042	430.13965	-697.49335	-793.45264	449.64371	-756.43860	-468.76169	62.15067	-754.36786				
130	1.290	-579.70117	1392.86499	-564.41675	-545.61694	1498.37000	-852.68457	-450.59427	1440.49512	-720.79401	-672.63013	1421.30579	-680.42487	-371.66989	1267.45154	-773.31268	-738.15442	1267.19312	-816.24091	-598.57874	1155.70044	-661.79364	-527.49756	1263.86121	-899.95660	-289.69968	945.49677	-782.91571	-820.86682	1012.43121	-917.27448	-224.72528	768.84045	-692.38861	-923.97302	786.36609	-887.92682	-511.89072	873.89630	-620.26459	-702.51379	875.79425	-686.77362	-500.48990	878.19507	-947.94562	-424.72736	428.77710	-695.47272	-796.22974	453.74789	-741.55408	-468.43420	62.68549	-755.36694				
131	1.300	-581.46362	1392.70300	-556.09082	-547.99298	1500.00464	-843.78412	-452.68958	1439.92700	-707.54596	-675.61578	1422.08752	-672.03174	-374.12051	1268.98694	-764.66687	-740.83215	1267.52014	-808.15930	-600.81348	1157.58618	-654.31561	-529.68707	1265.09265	-892.29468	-291.17749	946.93170	-772.85187	-822.05560	1013.09576	-910.00537	-227.86111	770.81934	-678.60547	-925.42560	787.86755	-882.76709	-514.58691	874.94629	-614.21899	-703.49219	877.34668	-678.19812	-503.49362	879.23224	-940.38971	-425.85226	427.75293	-692.94794	-798.54474	458.51413	-726.89471	-468.53082	63.29037	-755.66138	-586.96362	170.66827	-965.10144	
132	1.310	-583.23560	1392.07324	-547.68372	-550.48206	1501.29614	-835.41626	-454.72440	1441.96399	-704.02887	-677.71112	1422.82227	-663.54041	-376.36386	1270.01563	-756.66193	-743.33710	1268.31396	-800.58795	-601.10547	1158.56799	-645.87225	-532.16614	1265.92017	-884.64862	-292.64722	948.42535	-763.57941	-823.82153	1013.98444	-902.19000	-230.15952	772.78186	-666.19781	-926.87408	788.07611	-876.67969	-515.67804	874.88605	-613.19861	-704.98206	878.72723	-668.99219	-506.16760	879.80237	-932.52570	-425.70084	428.74020	-690.78998	-800.15289	462.73312	-712.67798	-468.53082	63.29037	-755.66138	-707.77966	156.20908	-909.53119	
133	1.320	-585.96631	1392.83557	-539.65588	-553.05249	1502.46655	-827.11920	-457.23563	1442.77112	-696.09589	-679.59424	1422.90161	-654.82587	-378.38062	1271.22729	-748.88300	-744.82025	1268.75903	-792.59253	-603.69037	1160.97229	-638.98816	-534.70978	1266.58826	-877.34723	-294.37805	950.25964	-754.10248	-825.64447	1014.48169	-894.19318	-232.32350	775.36279	-653.67065	-928.01532	788.54340	-871.06500	-516.91919	877.93414	-600.63232	-706.23401	879.52704	-660.84650	-509.37924	880.62952	-924.95667	-426.47830	428.42868	-688.79419	-801.60272	466.80447	-699.27985	-469.32938	64.28926	-755.77057	-718.59778	150.21533	-884.19263	
134	1.330	-587.73438	1392.21960	-531.43134	-555.68512	1503.40601	-818.60577	-460.22385	1443.69275	-688.07867	-682.19739	1423.33765	-646.52136	-380.66525	1272.09705	-742.48163	-747.50616	1268.93018	-784.09705	-605.71625	1161.61182	-630.09637	-537.07550	1267.23303	-869.44476	-295.65634	950.71405	-743.63580	-826.92743	1014.52557	-886.06580	-235.10127	777.04510	-640.74731	-929.99426	789.59235	-865.23627	-517.75043	879.31067	-594.77014	-708.11151	881.17285	-653.18018	-512.71436	880.89789	-917.49860	-427.83670	428.45456	-687.35834	-802.51788	469.30472	-685.73364	-469.32938	64.28926	-755.77057	-618.91614	140.17874	-893.57074	
135	1.340	-590.26062	1392.36707	-523.57239	-558.46167	1503.93640	-810.27606	-462.30441	1443.06128	-676.60632	-684.66943	1423.17688	-638.29675	-381.96732	1273.01208	-734.45038	-750.06720	1269.53833	-776.04974	-606.46771	1161.99548	-621.85181	-539.47961	1267.66382	-861.16144	-298.24960	951.83270	-733.48389	-828.63971	1014.60651	-877.60376	-237.28848	778.23859	-629.18591	-931.46802	789.80975	-858.83881	-520.11810	881.16821	-587.00256	-709.23993	882.17987	-644.13037	-515.81287	881.44086	-909.98853	-428.94223	429.40201	-684.27881	-803.91174	472.69238	-672.60840	-470.39972	64.55909	-755.46582	-628.54028	129.06430	-870.24567	
136	1.350	-593.08960	1393.17419	-515.51459	-561.20197	1504.42896	-801.61859	-464.58273	1444.46570	-672.61188	-687.34662	1423.07788	-629.99152	-384.50510	1274.09180	-726.03436	-752.15082	1269.88757	-768.18744	-609.55774	1163.53210	-614.04126	-542.07458	1267.86658	-853.12762	-299.28238	953.11273	-724.79755	-830.62848	1014.98151	-870.27698	-239.42677	780.36304	-618.04614	-932.47778	789.83826	-852.75964	-520.62225	881.08698	-578.87207	-710.60474	883.52917	-636.48773	-519.14349	881.59412	-902.95374	-430.88892	429.84363	-682.87842	-805.14990	475.56320	-660.58417	-470.74057	64.49977	-755.57117	-639.64215	119.32905	-845.39575	
137	1.360	-595.26495	1392.36499	-506.96326	-564.03503	1504.74951	-793.20313	-467.52798	1444.27136	-662.46735	-689.23975	1422.84985	-621.47534	-387.35300	1273.84375	-717.51819	-754.26483	1269.37439	-759.53998	-611.72455	1164.00476	-605.81506	-544.63293	1268.09546	-845.04950	-301.16309	953.92468	-715.12775	-832.20300	1014.62274	-861.45221	-241.17502	781.37292	-606.13507	-934.47290	789.95374	-845.59052	-522.69489	882.41711	-573.42969	-712.67053	883.26917	-628.28931	-522.67493	881.56500	-895.28674	-433.37115	429.53961	-680.49207	-805.68817	477.29999	-648.40985	-470.63583	64.75584	-755.50305	-687.82574	73.63263	-762.96228	
138	1.370	-596.27313	1392.08496	-498.76474	-566.96967	1504.92383	-785.31195	-469.61469	1444.01514	-653.72845	-691.84113	1422.73438	-612.88855	-389.49893	1274.50208	-710.46533	-756.88013	1269.32666	-751.44598	-611.64246	1163.29712	-596.64642	-547.16138	1268.20056	-837.02295	-302.66486	953.98633	-704.36414	-834.12286	1014.40021	-853.12103	-243.01241	782.76678	-594.95123	-935.66833	789.28101	-839.03741	-523.32056	883.32904	-565.34045	-714.22540	883.61865	-619.85059	-526.10010	881.59717	-888.68243	-436.20505	429.36880	-678.69403	-806.49475	479.35388	-636.95978	-471.13818	65.34013	-755.36298	-769.35754	117.04255	-755.12537	
139	1.380	-598.53058	1391.61133	-489.56662	-569.91882	1504.74622	-776.60986	-472.17316	1444.81665	-649.04645	-694.31781	1421.90503	-603.99072	-391.37888	1274.67896	-703.29706	-759.57123	1268.75146	-742.66467	-614.77136	1162.85986	-588.91315	-549.68207	1268.15320	-828.93469	-304.67551	954.26337	-694.68597	-835.85083	1013.62695	-844.68835	-244.93793	783.74719	-584.18488	-937.02692	789.21393	-832.95563	-525.45239	882.40826	-556.92395	-716.44611	883.75604	-611.46021	-529.65326	881.30988	-880.63745	-439.95395	428.70160	-676.01105	-806.90784	480.18402	-624.89063	-471.12729	65.57894	-755.30536	-708.30255	57.80182	-715.38904	
140	1.390	-601.70160	1390.68640	-482.48520	-572.89526	1504.44067	-768.48999	-475.03525	1443.65527	-637.08545	-696.70142	1421.38220	-595.58612	-394.38797	1274.06287	-694.53534	-761.49646	1268.25415	-734.94110	-620.12274	1163.12158	-582.18427	-552.27283	1267.90503	-820.50690	-305.87646	954.81006	-686.82959	-837.35297	1012.91492	-836.44934	-245.93423	785.14453	-574.68610	-938.84515	788.65320	-825.48578	-527.54840	882.17572	-548.41388	-718.79138	883.63452	-602.90698	-533.17920	880.76825	-873.57007	-442.24991	428.88943	-672.42151	-807.20374	480.75052	-614.34991	-471.93008	65.98965	-754.34460	-727.48492	38.80436	-678.13019	
141	1.400	-602.73767	1389.70789	-473.20285	-575.85742	1503.97961	-759.54504	-477.61652	1443.23865	-631.62561	-698.95148	1420.98730	-587.11975	-396.89868	1274.33093	-686.53546	-764.09149	1267.02759	-725.50146	-620.12946	1161.38599	-573.08069	-554.97858	1267.67798	-812.25775	-307.30728	954.88458	-678.00195	-839.47968	1012.18781	-828.31433	-247.74466	785.30853	-563.81750	-939.84283	787.45050	-818.43170	-529.18549	881.09088	-540.83569	-720.55756	882.31921	-594.59827	-536.93225	880.53656	-866.00525	-444.40500	428.14423	-669.06122	-807.70703	481.14420	-603.62976	-472.02081	66.77535	-754.19012	-799.32056	100.01133	-674.16998	
142	1.410	-604.89581	1388.85181	-464.47067	-578.78998	1503.60510	-751.18127	-480.35251	1442.07556	-623.92194	-701.69348	1419.62012	-578.54523	-399.65451	1272.79663	-678.44763	-766.91559	1266.16321	-717.01294	-623.17334	1161.72449	-565.59924	-557.83759	1267.13916	-804.16986	-309.34277	953.97290	-667.11755	-841.28131	1010.90106	-819.61340	-249.17886	785.37372	-553.22485	-941.84827	786.86163	-811.06482	-530.80902	880.43665	-532.69891	-723.07227	881.54523	-586.38177	-540.58136	880.17114	-859.19830	-446.38855	427.20554	-664.58655	-807.49591	480.30048	-593.44788	-472.33002	66.49939	-753.77167	-808.07190	95.76170	-646.70337	
143	1.420	-608.10968	1389.41309	-456.48117	-581.80463	1502.87708	-742.46362	-482.54605	1442.14380	-615.85352	-704.35638	1419.15161	-569.67749	-402.36890	1272.24304	-669.73944	-769.91211	1265.49023	-708.80383	-626.00140	1160.53992	-555.91626	-560.71552	1266.45850	-795.44598	-310.67526	953.30750	-658.84796	-843.01990	1009.36108	-811.43604	-249.90009	785.76355	-544.37250	-943.51129	786.03748	-804.18549	-533.04340	878.80438	-524.68225	-725.83142	880.29938	-577.94244	-544.06415	879.76544	-851.48126	-447.13647	425.97345	-660.97540	-807.22266	479.01440	-583.75391	-472.92651	66.36667	-753.14404	-817.86090	93.55343	-617.09991	
144	1.430	-608.36975	1386.84802	-446.97076	-584.85449	1502.00134	-733.90887	-485.56732	1440.79358	-605.82153	-706.59802	1417.64819	-560.31616	-404.86118	1271.86963	-661.88116	-772.30408	1263.95459	-699.32727	-627.85858	1158.68152	-547.56927				-312.41168	953.35956	-650.40765	-844.89307	1008.05029	-802.93243	-251.11026	786.01349	-536.21710	-944.61749	784.37787	-796.34717	-535.21454	878.06195	-516.26624	-727.98895	878.83368	-568.98346	-547.39764	878.79724	-843.68719	-448.58981	425.75507	-655.56079	-807.06805	477.73233	-575.25482	-472.42825	66.92762	-753.13171	-826.21466	91.70461	-588.99579	
145	1.440	-610.58313	1385.90796	-438.38602	-587.80573	1501.28040	-725.88977	-488.51257	1440.23865	-599.47607	-708.68817	1416.70911	-551.79620	-407.61966	1270.90063	-653.87640	-775.19800	1262.50244	-690.11646	-630.45227	1157.15039	-540.15613	-566.62024	1264.79492	-778.18457	-313.94940	952.83142	-642.35138	-847.22906	1007.09161	-794.58557	-252.07156	785.41998	-526.95197	-945.61969	782.44385	-787.94879	-536.42310	874.76813	-509.18759	-729.89990	876.90729	-559.43451	-551.10034	878.42804	-836.57898	-449.44821	425.01144	-650.93579	-807.41370	475.42905	-566.84607	-472.62930	66.96754	-752.78687	-834.19012	91.44685	-559.79877	
146	1.450	-615.93512	1385.83032	-430.65964	-590.91919	1499.72803	-716.92780	-490.44693	1438.84741	-589.99731	-711.60736	1415.42578	-542.29480	-410.55054	1269.37207	-644.41553	-778.51044	1261.78235	-681.53265	-633.82178	1156.43799	-531.06073	-569.72992	1264.35205	-770.14233	-316.13785	951.87207	-634.03815	-849.10083	1005.71381	-786.03394	-253.55331	785.10022	-517.86041	-946.89709	781.02875	-780.13208	-539.40015	874.29510	-502.09244	-732.76074	875.67798	-550.04742	-555.00409	877.34369	-828.42078	-449.57837	424.21219	-648.11554	-807.78015	472.98276	-558.93970	-472.62930	66.96754	-752.78687	-840.53387	92.05297	-529.88708	
147	1.460	-617.64020	1384.62976	-421.92599	-594.05823	1498.06348	-708.15131	-493.63150	1437.36572	-582.26233	-714.23083	1414.10107	-533.48047	-413.73697	1268.18848	-637.33026	-781.41846	1260.44263	-672.21149	-634.80048	1153.60608	-521.92505	-573.05542	1262.92883	-760.98419	-318.00854	950.73499	-625.17981	-851.39124	1003.97961	-777.22540	-254.64030	784.96753	-510.64859	-948.64807	779.73303	-773.03302	-540.91083	871.59302	-494.95435	-734.91168	874.03619	-540.73444	-558.72308	876.53674	-821.01904	-449.95212	423.36920	-642.86334	-808.47272	470.43423	-551.57269	-472.30597	68.70515	-752.44958	-846.61633	93.40952	-502.59784	
148	1.470	-619.19855	1382.69922	-412.40714	-597.12891	1496.65747	-699.52985	-496.53052	1435.67786	-573.65747	-716.82062	1412.88989	-524.82141	-417.06403	1266.68091	-627.73932	-784.85107	1258.65344	-662.33008	-636.13708	1151.30603	-512.99634	-576.44086	1261.93958	-752.59192	-320.25775	949.98059	-617.64661	-854.04828	1002.69836	-768.97528	-255.78421	783.72516	-502.70914	-950.24609	778.05029	-764.72314	-543.51465	869.96240	-485.96509	-737.31500	872.08594	-531.12744	-562.97772	875.41199	-813.36914	-450.76715	422.78043	-639.07257	-810.28247	468.11960	-543.71906	-472.69928	69.16036	-752.46667	-852.28912	94.76189	-474.07504	
149	1.480	-622.10266	1382.41467	-404.28955	-600.27673	1495.07556	-691.02655	-499.17682	1434.63403	-564.94946	-719.11487	1411.60193	-515.76331	-420.12619	1265.30981	-620.37653	-787.92371	1257.06970	-652.21875	-640.68958	1149.49634	-504.31882	-580.01422	1260.76843	-744.17932	-321.97018	948.78748	-610.83698	-856.72803	1001.24640	-760.17975	-256.42892	783.45032	-496.43646	-951.84021	775.50146	-755.73590	-544.92401	868.87793	-477.27908	-740.34436	871.30560	-522.37329	-567.03754	874.13080	-805.56598	-452.18375	422.22107	-633.61658	-812.25958	466.35712	-535.75842	-472.18155	69.88266	-752.07782	-856.82611	98.46219	-451.06573	
150	1.490	-624.94006	1379.43225	-400.45459	-603.49896	1493.43628	-682.59009	-501.51248	1432.62781	-557.60706	-721.97150	1409.94531	-506.18167	-423.18643	1263.81897	-611.89459	-791.06653	1255.48755	-643.10272	-641.74323	1148.29089	-495.37152	-583.82953	1259.14148	-735.53632	-324.47879	948.00000	-603.71808	-859.95721	1000.04639	-751.70923	-257.62021	782.16663	-488.95679	-953.35254	773.78412	-746.98737	-547.40833	866.92725	-470.63019	-742.16095	868.72717	-512.71503	-570.47430	872.54871	-797.29816	-453.67249	421.13281	-628.69775	-815.45679	464.36523	-526.84296	-472.58221	70.84792	-751.61395	-861.37677	101.51717	-428.46646	
151	1.500	-626.65186	1376.38928	-394.53244	-606.84973	1491.65161	-673.88953	-504.85995	1430.08350	-547.74792	-724.83331	1409.06567	-497.28964	-426.75360	1262.65186	-604.60901	-794.55206	1254.08472	-633.65881	-645.60535	1147.00623	-486.28778	-587.82922	1257.58801	-726.91809	-327.52158	945.99414	-595.49219	-863.06250	998.24109	-742.35193	-259.00946	781.17352	-482.15939	-956.32806	771.58832	-738.41693	-549.34399	865.24780	-461.78549	-744.30048	867.02441	-502.90442	-574.83948	871.27094	-789.01129	-455.52054	420.35095	-624.02838	-819.35840	462.87720	-517.73828	-472.44519	70.73611	-750.81439	-864.60870	105.05695	-409.24860	
152	1.510	-628.99426	1374.97058	-384.38647	-610.28711	1489.83447	-665.53442	-507.78073	1428.85095	-541.50470	-727.86066	1407.67273	-487.87320	-429.94235	1260.75769	-598.21771	-798.48682	1252.44690	-624.16083	-647.16931	1145.46826	-477.55597	-592.00964	1256.01160	-718.69232	-330.12671	944.68054	-588.51617	-866.46912	996.68579	-733.43988	-259.90289	779.91669	-475.55936	-959.19513	769.84625	-730.15814	-551.08496	863.82391	-451.92303	-747.36060	866.21332	-492.78217	-578.69568	869.13678	-781.24640	-457.01956	419.90787	-619.01038	-823.50439	461.24805	-508.87390	-471.99478	72.02029	-750.75031	-867.60437	104.35607	-397.52832	
153	1.520	-631.48547	1376.68103	-368.41565	-613.83301	1488.02649	-657.20544	-510.64038	1426.53760	-532.73956	-730.29761	1406.59290	-478.43649	-433.21396	1259.14417	-589.35706	-801.91510	1250.59021	-613.70844	-651.37939	1143.83862	-468.87469	-596.35382	1254.49463	-710.76080	-333.03369	943.10681	-581.53729	-870.13068	995.05420	-724.06555	-260.90509	779.00854	-470.58847	-961.75189	767.78821	-720.57104	-553.79645	861.52936	-443.37689	-748.82874	863.30280	-482.92490	-582.94470	867.05542	-772.66144	-458.96875	419.12921	-613.77527	-827.44171	459.65912	-498.50287	-472.39499	72.64088	-750.26630	-870.26147	108.90551	-375.00201	
154	1.530	-633.40784	1373.45056	-365.96527	-617.56647	1486.18726	-648.44086	-513.30023	1425.22437	-525.58508	-733.04858	1404.98315	-468.80725	-437.13098	1257.11902	-582.89972	-805.71606	1248.70886	-604.32050	-653.99536	1142.60925	-459.98932	-601.03064	1252.71448	-701.97412	-335.74313	942.32294	-575.23108	-874.10596	993.53357	-714.57422	-262.19052	777.99005	-464.77261	-965.73724	766.00055	-711.93427	-553.92578	861.24695	-434.16547	-750.66467	861.91644	-472.70526	-587.50897	865.63306	-764.11938	-460.83456	418.60742	-608.79028	-830.90204	458.07800	-488.69168	-472.37915	74.08131	-750.15381	-872.91003	109.64736	-361.28687	
155	1.540	-634.99036	1371.47388	-358.95160				-516.81085	1422.55554	-516.84869	-735.16473	1403.88757	-459.34961	-440.91367	1255.25647	-576.21228	-809.70685	1246.97009	-593.98560	-656.61334	1141.64587	-450.07452	-605.82336	1251.00720	-693.55731	-338.67584	940.73071	-568.97168	-878.02271	992.02618	-704.75562	-263.75406	776.52234	-459.45984	-969.46179	764.64905	-701.82019	-556.93304	858.91577	-425.41776	-753.01740	860.02991	-462.62634	-591.78180	863.73779	-755.15924	-462.79654	418.26437	-603.93390	-833.17120	456.44006	-477.06772	-472.86664	75.28387	-748.81866	-875.03754	109.45052	-350.70364	
156	1.550	-636.98102	1373.42920	-340.86252	-625.21930	1482.76123	-631.00244	-520.19019	1421.41919	-509.23715	-738.18427	1403.28345	-449.60132	-444.47336	1254.33350	-569.93439	-814.19714	1245.57947	-584.51227	-658.99695	1140.37463	-441.33859	-610.65302	1249.44702	-685.06110	-342.02234	939.40515	-562.49402	-882.37115	990.28217	-694.87689	-264.73047	775.43115	-454.78625	-973.33496	762.54858	-692.50018	-557.67712	858.68854	-414.25742	-756.06616	859.39001	-452.21561	-595.88086	861.31409	-745.70605	-464.87036	417.71411	-598.49750	-836.39807	456.32507	-465.43863	-473.27426	75.97485	-748.34808	-877.04956	103.92451	-346.23306	
157	1.560	-639.26801	1372.67017	-332.21732	-629.12177	1481.59937	-622.16687	-523.27338	1419.51941	-500.49414	-741.51263	1403.14111	-440.60458	-448.19360	1252.87671	-562.45886	-818.29041	1243.62695	-574.08612	-661.91504	1139.39026	-431.51355	-615.53729	1247.83862	-676.29840	-345.62064	937.13788	-556.67950	-886.47333	988.24921	-684.74524	-266.48923	774.16711	-450.17032	-977.52966	760.93640	-681.63318	-559.63202	856.72913	-405.44040	-758.24579	858.00372	-440.74930	-600.49982	859.24744	-736.85522	-467.06015	416.67270	-591.01776	-838.36322	455.65387	-452.81506	-472.94403	78.42624	-747.22070	-878.45801	103.88223	-334.18686	
158	1.570	-640.25812	1371.11145	-322.49612	-633.08459	1480.25024	-613.34595	-526.30902	1417.87402	-492.92593	-744.62750	1402.27734	-430.72998	-451.90771	1250.94385	-555.14044	-822.45166	1242.47266	-564.41681	-665.42529	1137.81433	-423.19449	-620.50269	1246.34460	-667.57367	-349.35635	935.86060	-551.07800	-891.30475	986.60004	-674.09290	-267.95178	773.10608	-446.31647	-981.73657	759.08331	-671.93756	-562.64471	855.38800	-397.77466	-760.27997	856.20593	-430.55988	-605.38312	857.65192	-727.21637	-469.34265	416.90952	-585.57135	-840.32220	455.13846	-440.29886	-474.47827	80.47186	-745.84283	-879.72473	99.54574	-328.88284	
159	1.580	-643.55798	1368.96326	-321.92612	-637.16235	1479.16565	-604.45123	-529.23029	1416.56287	-485.63571	-747.39972	1402.02319	-421.05954	-455.56677	1249.84033	-547.46265	-826.74347	1240.88647	-553.99341	-666.28418	1136.32971	-412.35315	-625.43506	1245.07556	-658.54694	-352.74979	935.15344	-545.52820	-895.75128	985.26764	-663.51343	-269.96524	771.92480	-442.30118	-986.43176	757.85785	-661.44781	-565.46417	854.63617	-389.87360	-763.00342	854.98779	-419.42923	-610.16730	855.94757	-717.54150	-471.56873	416.03748	-578.08984	-842.07904	453.48819	-428.17722	-474.47958	82.08043	-744.50067	-880.70374	94.59949	-326.26645	
160	1.590	-645.99811	1367.80127	-312.58929	-641.13397	1478.28491	-596.03149	-532.61682	1415.63660	-476.84665	-750.04773	1401.00598	-411.14816	-459.68188	1248.38428	-540.45648	-830.87915	1239.47363	-543.82025	-670.19354	1135.67749	-403.38477	-630.46356	1243.77502	-649.54309	-356.23923	933.93945	-540.99115	-900.30817	984.07520	-652.90369	-272.26224	770.91516	-439.63535	-990.48706	756.43848	-650.08423	-566.83337	854.66205	-378.26627	-765.95203	854.66119	-410.09158	-615.32648	854.46692	-708.12970	-473.92413	415.77603	-570.70728	-844.45959	452.23071	-415.65836	-475.39600	85.35083	-742.68811	-881.98315	89.99361	-323.03625	
161	1.600	-647.56689	1369.68579	-295.97556	-645.23688	1477.45215	-587.00623	-536.29620	1414.44434	-469.30829	-753.33154	1401.32849	-401.80978	-463.43652	1248.12488	-533.04114	-835.40436	1238.50598	-533.35083	-672.86090	1135.20203	-393.21149	-635.48041	1242.90320	-640.35474	-361.02072	932.50049	-534.72852	-904.89313	982.57745	-641.89728	-274.48889	769.54071	-436.56702	-994.97308	754.82080	-638.91254	-569.84943	854.47809	-368.48895	-769.44446	854.71997	-398.05801	-619.81311	853.35931	-698.20862	-476.38068	415.66422	-562.09119	-845.95673	449.97729	-404.32687	-475.71078	89.26289	-741.27612	-882.93774	87.44859	-318.12259	
162	1.610	-649.46057	1369.96741	-287.32028	-649.40271	1477.14087	-578.03656	-539.62274	1413.62561	-459.91663	-756.22864	1400.88025	-391.98285	-467.50308	1247.27356	-524.84924	-839.51172	1237.57642	-522.57452	-676.51770	1135.55615	-384.02667	-640.53125	1242.27649	-631.71936	-365.03116	932.62183	-530.74756	-909.32928	981.51904	-630.69397	-276.79535	768.47870	-434.23978	-999.89801	754.45789	-628.23553	-573.30634	853.55078	-359.31656	-772.66583	853.91748	-386.39130	-625.26892	852.40320	-688.09607	-479.42822	414.84879	-551.86511	-848.39386	447.96124	-392.19083	-476.28802	92.51302	-737.53754	-884.07849	86.88457	-313.83115	
163	1.620	-652.43030	1366.42480	-286.40350	-653.42639	1477.52917	-568.76953	-543.33160	1413.65796	-452.12225	-759.36609	1401.37646	-382.41632	-471.26547	1247.18152	-517.68323	-843.88245	1237.37585	-511.60800	-679.41046	1135.69189	-374.87424	-645.43097	1242.17261	-621.93164	-370.06027	932.07794	-525.83704	-914.40723	980.70038	-619.63220	-279.44016	767.70410	-432.14902	-1004.06537	753.25348	-616.53448	-576.69543	852.99097	-349.57043	-775.43567	853.62421	-375.17694	-630.37708	851.78851	-677.42767	-482.85989	414.59659	-542.12933	-851.45502	446.52322	-381.51047	-476.29974	97.46638	-734.61237	-886.54266	85.71902	-308.53522	
164	1.630	-653.84729	1370.21606	-267.47394	-657.45105	1478.19238	-559.18036	-546.72278	1414.47546	-444.50653	-762.50476	1402.18542	-372.07654	-475.80450	1247.40710	-508.94327	-848.24835	1237.09473	-500.93512	-681.22076	1135.13733	-363.96185	-650.46155	1242.51294	-613.30603	-374.63501	931.77277	-521.56854	-918.61218	979.66321	-606.98059	-282.65533	767.01202	-429.79248	-1008.22687	752.51758	-603.66504	-579.26978	854.14801	-338.78961	-778.62402	853.72040	-364.85947	-635.78491	851.66840	-667.53455	-485.73221	413.31824	-530.93597	-854.87726	445.38751	-371.44046	-476.53387	102.65434	-731.39490	-888.91943	83.49020	-303.48245	
165	1.640	-656.35370	1371.10779	-258.29132	-661.49890	1479.09119	-549.69080	-550.36993	1414.31848	-434.13931	-765.43341	1403.68762	-362.03073	-479.04340	1248.21741	-501.74408	-852.63007	1237.29126	-489.82254	-685.04541	1136.80029	-354.97882	-655.44501	1242.89038	-603.22101	-378.79367	932.16913	-517.51288	-923.77661	979.62396	-596.18774	-285.89673	766.54944	-428.42770	-1012.28503	752.34845	-591.15118	-582.88391	854.43134	-330.21506	-782.09644	855.16705	-353.69839	-640.32550	851.92706	-657.78961	-488.28354	413.86932	-519.88055	-856.75476	446.29865	-364.22244	-478.50177	108.00761	-726.36151	-891.55408	82.46056	-300.78534	
166	1.650	-658.30475	1372.28418	-249.77785	-665.51825	1480.08618	-540.01312	-553.43182	1415.39246	-426.28391	-768.54010	1404.68372	-351.89859	-483.08344	1248.91125	-493.74857	-856.63202	1237.79517	-478.92639	-687.02203	1137.88062	-344.20682	-660.10199	1244.10779	-593.96484	-385.01038	932.53748	-512.11615	-927.84894	979.70074	-583.59863	-289.61252	766.97083	-427.42731	-1016.89801	752.85919	-578.52850	-585.55872	855.10852	-321.34537	-784.15399	854.60406	-341.80588	-645.46393	852.50574	-647.29810	-491.75861	413.03668	-506.16974	-860.33807	446.06683	-355.98560	-479.93222	113.62408	-720.63531	-893.77002	79.93738	-296.06317	
167	1.660	-660.20984	1373.43677	-239.60835	-669.43787	1481.36731	-530.71661	-556.74988	1416.57434	-417.80020	-771.62012	1405.83374	-341.91898	-487.01129	1250.30859	-484.72321	-860.00439	1238.65308	-468.18613	-690.18079	1138.73511	-335.59335	-664.43866	1244.87061	-584.35431	-389.94177	933.88434	-507.89450	-932.15430	980.24683	-571.19885	-293.47156	767.37909	-426.47000	-1020.17206	753.34271	-565.11218	-589.67633	856.31476	-311.14120	-788.08374	857.04761	-331.10016	-650.22064	853.71112	-638.26965	-494.73758	412.84201	-492.75232	-863.92981	446.84927	-347.58145	-481.53757	119.11971	-714.40155	-895.33521	78.93588	-294.47571	
168	1.670	-662.63477	1373.89673	-229.76323	-673.30896	1482.65405	-521.22797	-560.06073	1417.17383	-407.58667	-774.44159	1407.21460	-332.67758	-490.42010	1252.00757	-477.27185	-863.55762	1240.10840	-456.62115	-694.26331	1142.01282	-326.40723	-668.95355	1246.31274	-574.78387	-395.26340	935.81427	-502.45911	-936.17920	981.58881	-558.28223	-297.46677	767.75684	-425.04385	-1024.30762	754.67334	-551.74304	-592.29938	858.07172	-301.64172	-791.70270	859.00055	-320.67126	-655.11786	855.21100	-628.23608	-498.18103	411.99988	-476.55533	-867.27130	448.40115	-339.83078	-485.93558	124.23440	-703.66974	-896.40619	76.71585	-291.09320	
169	1.680	-664.67828	1375.43542	-221.27916	-676.99225	1484.22205	-511.95370	-563.07098	1418.87842	-400.32651	-777.36481	1407.77588	-322.41010	-493.94504	1253.73291	-469.62201	-866.64490	1241.86267	-446.06055	-696.20862	1143.10034	-316.32828	-673.05945	1247.71655	-565.43677	-400.88406	937.15088	-497.67963	-940.18488	982.34821	-545.07050	-301.41467	768.63739	-424.79037	-1028.64758	756.18182	-538.39172	-593.44318	860.74023	-290.11182	-794.41431	861.29663	-311.19092	-659.36426	856.90387	-619.12024	-501.19751	411.60803	-460.52130	-870.47089	449.60211	-331.28940	-488.09824	132.26352	-696.05255	-897.06091	76.35262	-290.26361	
170	1.690	-666.75543	1376.95801	-210.84782	-680.33197	1485.45471	-502.07108	-566.09351	1421.01587	-391.07095	-779.68280	1408.82007	-311.95163	-497.48727	1255.61572	-460.76517	-870.08289	1243.12793	-434.63940	-698.34338	1144.65747	-307.65729	-677.41479	1249.54858	-556.38135	-405.94446	939.52777	-493.66522	-944.84961	983.97009	-532.92212	-306.13916	769.87744	-423.66586	-1031.95093	757.67078	-524.30109	-597.00800	862.14624	-283.20407	-797.23828	862.88635	-300.87436	-663.20557	858.35278	-609.71539	-504.35400	410.51456	-442.31122	-872.96222	450.94592	-324.19864	-491.69833	137.69322	-683.47437	-897.37195	75.89928	-289.11035	
171	1.700	-669.07428	1378.16931	-201.77548	-683.94415	1486.78589	-492.39236	-568.87421	1422.11340	-382.10898	-782.89563	1410.88147	-302.62256	-500.18271	1257.07971	-453.88522	-872.94922	1245.33301	-423.87625	-700.47504	1146.48328	-298.42734	-681.71722	1251.11719	-546.87158	-410.98438	941.02075	-488.70566	-949.19629	985.73553	-520.38843	-310.18713	770.61798	-423.22037	-1036.15479	759.73114	-509.07886	-600.29675	864.17181	-274.11713	-800.75250	865.64746	-290.84409	-667.29602	860.53168	-600.98523	-507.11752	410.26724	-423.74927	-876.70483	450.98596	-319.26993	-494.83133	145.96028	-672.70135	-898.02759	75.68426	-287.93225	
172	1.710	-670.93237	1379.38147	-192.02097	-687.21033	1488.36511	-482.78473	-571.40869	1423.43018	-373.38123	-785.46240	1411.83679	-292.32440	-503.16891	1259.14148	-445.81339	-875.76794	1246.92871	-412.70746	-701.28851	1148.29382	-287.93051	-685.00714	1252.35645	-537.47675	-415.86310	942.83972	-483.47424	-953.52380	987.70612	-507.51639	-314.82272	771.69904	-421.55743	-1040.25708	761.08325	-494.51419	-603.34760	866.03009	-265.59781	-802.84607	867.52704	-281.30096	-670.63324	862.03925	-591.65002	-509.65253	410.12781	-404.29028	-878.53442	452.70840	-312.41394	-499.01492	153.48740	-659.30865	-898.14178	75.64571	-287.65500	
173	1.720	-672.52008	1380.09082	-183.33192	-690.49933	1489.76831	-473.62881	-574.20905	1425.28955	-363.49313	-787.77148	1412.85901	-282.75970	-506.02975	1260.54565	-438.60922	-878.07336	1248.58154	-402.00433	-702.72681	1149.65503	-279.59976	-688.83087	1254.04858	-528.58441	-420.48389	944.60742	-478.59897	-957.36469	988.93811	-493.78067	-318.91736	772.16907	-420.53607	-1044.26624	762.18323	-479.50693	-605.50983	867.89960	-256.15549	-806.05438	869.03009	-271.56039	-673.77899	863.01648	-582.54779	-511.53513	410.53091	-385.15192	-880.04529	450.99695	-310.83713	-503.43903	163.26506	-645.57806	-898.26044	75.72311	-287.31180	
174	1.730	-673.01038	1381.27673	-174.33316	-693.60266	1491.45667	-464.23090	-576.39453	1427.18091	-355.52429	-789.89301	1413.23792	-273.12741	-508.58142	1261.92908	-431.08597	-880.04431	1250.47925	-390.89117	-703.78290	1151.15112	-269.53641	-692.48669	1255.99988	-519.88898	-425.56842	945.97491	-473.04471	-961.50836	990.47021	-480.73199	-322.29645	773.29944	-418.84393	-1047.97498	763.77441	-463.09363	-607.36322	869.39172	-248.83728	-808.23682	871.01062	-263.17511	-677.53888	864.59265	-573.92474	-511.86084	412.19553	-366.39423	-882.65240	450.80307	-306.32523	-507.49429	171.41318	-630.09564	-898.54590	75.51199	-286.15717	
175	1.740	-675.28638	1381.94250	-165.55106	-696.36420	1492.97144	-454.06592	-578.47253	1428.49756	-346.02380	-791.92511	1414.21021	-263.46530	-511.11636	1263.49414	-423.54953	-881.86005	1251.69128	-379.39780	-704.13702	1152.75757	-260.84082	-695.65515	1256.99353	-510.30484	-429.70883	947.29150	-468.90002	-965.96198	992.97125	-468.09787	-326.12112	774.21338	-416.86966	-1052.32190	765.36505	-447.19824	-609.20752	871.34467	-240.86861	-810.48376	873.43494	-254.98306	-680.71613	865.97900	-564.80841	-513.46301	414.53094	-347.66440	-885.16003	452.40051	-296.33887	-513.77771	180.70540	-613.52863	-899.10529	75.21433	-283.98465	
176	1.750	-677.32422	1379.18811	-165.07001	-698.87988	1494.60254	-444.55496	-581.16522	1430.53784	-338.52957	-793.62311	1415.52576	-254.25528	-513.56683	1264.04932	-416.14935	-884.10168	1253.14819	-368.78616	-705.51001	1154.15051	-252.13078	-698.69409	1258.62268	-501.89755	-432.85825	948.40393	-464.29337	-969.99927	993.75519	-454.46393	-328.63324	774.69452	-416.05948	-1056.80212	767.59485	-431.00171	-610.92407	872.74213	-233.39813	-812.05365	874.27063	-245.64986	-683.97864	866.97064	-555.70825	-513.68835	416.77341	-329.81949	-889.09058	452.75293	-289.54303	-519.50476	189.07297	-598.70221	-899.84900	76.74816	-285.03085	
177	1.760	-678.51794	1379.93030	-154.88420	-701.59271	1496.40320	-435.08063	-582.35736	1431.77441	-327.90433	-795.15704	1416.16870	-243.91785	-514.82935	1265.66980	-409.21045	-885.51819	1254.90588	-358.33768	-706.04224	1154.90662	-242.48901	-701.78845	1260.45251	-492.34195	-436.39307	949.52844	-459.60944	-973.79761	995.81268	-441.26865	-332.18280	775.43646	-412.84314	-1061.72656	769.24365	-413.86456	-611.84210	873.24469	-226.53006	-812.69202	875.33490	-237.42183	-687.79663	868.14807	-546.72565	-513.98511	419.92896	-313.56403	-892.02209	451.59341	-285.75739	-526.40198	195.02831	-582.45105	-900.13037	76.59242	-284.39371	
178	1.770	-678.98358	1380.96069	-146.67996	-704.03558	1498.18213	-425.75964	-584.39789	1433.46375	-321.06137	-796.49957	1417.20166	-234.98329	-516.93188	1266.97168	-402.34756	-886.90637	1255.86353	-346.82556	-705.57166	1156.38098	-234.01938	-704.12518	1261.97668	-483.81250	-439.50952	951.06305	-454.30258	-977.90002	997.35406	-427.97223	-334.87308	775.85345	-410.40329	-1065.53784	770.50629	-396.90643	-611.67664	874.03436	-219.68285	-813.86163	876.96796	-228.46037	-691.74481	869.51813	-538.68103	-514.17883	423.43942	-296.86349	-894.24561	450.99768	-281.99216	-532.58954	199.21837	-566.24475	-899.83392	74.85237	-282.06726	
179	1.780	-679.18323	1381.48975	-136.77510	-706.03595	1499.61121	-416.14941	-585.92157	1434.81018	-310.98669	-795.06177	1416.55579	-223.97702	-518.30701	1268.25708	-395.48102	-887.68604	1257.33972	-336.66104	-704.86951	1157.43091	-225.08672	-707.03149	1263.62500	-475.06403	-442.72113	951.72485	-449.26648	-981.40247	998.47351	-414.42374	-338.13910	776.73029	-407.29654	-1069.14832	772.64844	-379.53140	-611.29108	875.21234	-212.67146	-813.04651	877.26080	-219.96867	-695.74298	871.52533	-529.78467	-516.29492	427.30417	-280.84570	-896.67920	449.50403	-277.78830	-538.32062	202.95132	-549.74524	-899.64435	74.82075	-281.79861	
180	1.790	-679.51239	1381.87561	-127.32786	-707.65802	1501.09546	-406.58752	-586.88477	1436.60828	-303.29324	-796.13147	1417.47864	-214.37064	-520.10931	1269.11926	-388.09207	-888.47766	1258.55286	-325.45706	-704.73846	1157.68616	-216.53960	-709.31213	1265.25171	-465.99634	-445.31543	952.98700	-444.75302	-984.42126	999.82117	-400.66455	-340.85605	777.72986	-404.09311	-1072.75806	774.70239	-362.43060	-610.33246	876.21252	-205.74126	-813.67114	878.63672	-211.93948	-699.55920	872.92480	-521.43915	-517.40887	431.09161	-263.72668	-899.17261	449.17789	-273.90396	-544.15314	205.22467	-531.64258	-899.35059	74.76102	-281.53632	
181	1.800	-679.58313	1383.03113	-117.83338	-709.32593	1503.00549	-397.49908	-587.63446	1437.80212	-294.64890	-796.80072	1417.93909	-205.77048	-521.72577	1270.27283	-381.32343	-889.56494	1259.91760	-315.06213	-703.95862	1160.01233	-207.16824	-711.58240	1267.16370	-457.80914	-448.02966	954.14197	-440.14438	-987.89075	1001.18073	-387.79688	-343.70914	778.95569	-401.06680	-1075.85059	776.68304	-345.21368	-610.60986	876.48309	-199.36671	-813.78900	878.85852	-202.19542	-703.00067	875.34436	-513.60303	-518.70978	435.20251	-249.82051	-902.29535	449.09726	-269.58328	-549.32727	204.98514	-512.83185	-898.66382	74.63512	-281.26993	
182	1.810	-679.46478	1382.41309	-111.02031	-710.70886	1504.70789	-388.07291	-588.29999	1438.72241	-285.36938	-796.95093	1418.65430	-195.78532	-522.88733	1272.03503	-375.42032	-890.01385	1261.38293	-305.25717	-705.06805	1157.96594	-204.04199	-713.61652	1268.48682	-448.92288	-450.30252	955.10217	-434.62476	-990.28162	1002.52325	-374.15829	-345.70792	779.99109	-397.11624	-1078.52026	778.52698	-328.39612	-610.14441	877.01416	-192.84964	-812.96710	879.75140	-192.82686	-706.26367	878.02728	-506.41281	-519.84326	439.29562	-234.10603	-903.64703	448.43173	-266.26102	-555.08527	203.83365	-492.91666	-898.21399	74.75118	-280.93765	
183	1.820	-679.26880	1383.77563	-100.17459	-711.46613	1506.21045	-378.68961	-589.18005	1440.00598	-277.42410	-796.66199	1419.81604	-185.39786	-524.15723	1272.90210	-367.79614	-890.60101	1262.42737	-294.38580	-704.17108	1158.43665	-195.51775	-715.92889	1270.44897	-440.38156	-452.86905	957.02057	-430.34613	-992.67303	1003.72638	-360.62753	-347.87573	781.16827	-394.31650	-1081.24146	780.60950	-311.51797	-609.15552	877.56964	-184.81458	-812.08063	879.20386	-187.40608	-708.28387	879.01294	-497.65060	-520.43109	443.69287	-219.44098	-904.08826	447.03592	-262.41342	-559.94708	201.94398	-472.94388	-897.55255	75.17178	-281.34259	
184	1.830	-678.52087	1383.70044	-92.31348	-712.13086	1507.22913	-369.06815	-589.34613	1440.92407	-269.26715	-796.86432	1421.62073	-176.34451	-525.46124	1274.61621	-361.27313	-891.07147	1263.61536	-283.56744				-717.69604	1271.79419	-431.21024	-454.78421	958.93695	-425.46829	-994.99835	1004.52991	-346.64523	-350.45148	782.33105	-392.18338	-1083.43237	783.00757	-294.40286	-608.16711	877.83972	-179.23050	-812.46570	878.92676	-181.43001	-710.91772	881.34033	-491.41769	-521.44470	448.73721	-205.73665	-903.92572	445.12555	-259.11066	-564.80511	196.99536	-452.03259	-897.12567	75.46638	-280.78387	
185	1.840	-677.53528	1384.34546	-83.41755	-712.83710	1508.28723	-360.00778	-589.42944	1441.57715	-260.31088	-795.91364	1421.73657	-166.89996	-527.01947	1275.18665	-353.55911	-891.31036	1264.95776	-273.87161	-703.97504	1159.34119	-180.31116	-719.72467	1273.26001	-422.90073	-456.81635	960.31140	-420.96249	-997.64563	1006.48523	-333.91202	-352.08972	783.18640	-388.01996	-1085.16760	784.31049	-277.01001	-606.96716	879.18506	-170.62459	-810.41058	879.63867	-171.94676	-711.98212	883.08154	-483.69461	-522.66949	452.98810	-193.59201	-902.90302	442.83539	-256.44110	-568.39508	192.29465	-431.83127	-896.66333	75.80004	-280.20758	
186	1.850	-676.47852	1385.38696	-74.93830	-713.08228	1509.44727	-350.64148	-589.18549	1441.98511	-252.96085	-796.39935	1422.56641	-157.71696	-527.70520	1276.42761	-346.94894	-891.78772	1265.88281	-263.74344	-702.65833	1161.03369	-168.70360	-720.90173	1274.14392	-413.76440	-459.39716	961.02924	-414.39456	-999.53503	1007.72083	-320.51315	-353.58603	784.15991	-384.39420	-1086.96411	786.76709	-260.12732	-605.89673	879.76593	-164.24495	-809.18018	879.85608	-163.11063	-713.99548	884.45001	-476.85776	-524.21808	457.70544	-182.71216	-901.72919	442.07260	-252.90549	-572.30573	186.40344	-408.39719	-896.24469	76.10905	-279.73358	
187	1.860	-675.84186	1385.62988	-64.98537	-713.26227	1510.56165	-342.37985	-589.24475	1441.94946	-243.16597	-794.73944	1423.77283	-148.27971	-528.73694	1277.03369	-339.53586	-891.82605	1266.65259	-253.64270				-722.96246	1275.51514	-406.03195	-461.04013	962.34845	-409.33585	-1001.44965	1008.36169	-306.64139	-355.37878	785.15735	-379.66528	-1088.43713	789.05688	-243.06297	-605.41223	881.05835	-157.28938	-807.71094	880.67761	-154.17210	-714.65637	884.94293	-468.97629	-525.23248	461.54910	-171.45578	-899.93213	441.35733	-248.60623	-575.71985	179.10228	-385.95682	-896.05804	76.76269	-279.69110	
188	1.870	-673.60168	1385.11377	-57.06502	-713.37573	1510.99280	-332.97137	-588.82904	1442.33484	-237.04128	-793.14490	1423.54053	-138.36949	-529.58258	1277.93518	-332.78564	-891.89423	1267.64014	-243.51685	-701.11078	1161.72009	-155.24236	-724.27838	1276.30835	-396.83173	-462.98352	963.52081	-403.61984	-1003.18628	1009.25366	-293.16565	-356.38824	786.11249	-376.60461	-1089.88135	790.40088	-225.59532	-604.60168	882.31232	-149.36879	-807.53705	880.32831	-146.26343	-715.99750	886.11542	-462.41791	-526.07764	465.43469	-161.51250	-898.28949	441.68771	-244.49605	-579.24396	172.69943	-362.52371	-895.80334	76.98277	-279.13849	
189	1.880	-671.98926	1385.36218	-49.18115	-713.39111	1511.51929	-323.10669	-588.22443	1442.10400	-228.07901	-791.85132	1424.16858	-129.11723	-530.61304	1278.59033	-326.13055	-891.71704	1268.34302	-233.58911	-699.58557	1162.74426	-146.02011	-725.26361	1276.87402	-387.58502	-464.39032	963.90741	-397.65829	-1004.66656	1010.02240	-278.40152	-357.05814	786.60907	-372.68518	-1090.75098	792.19781	-208.16959	-603.77649	883.03741	-143.02495	-807.62335	881.77277	-138.42540	-717.65723	887.64587	-455.14392	-526.59900	468.59607	-151.45364	-896.61694	441.27466	-239.75815	-580.71967	164.20621	-341.43814	-895.49225	76.84903	-278.03705	
190	1.890	-670.16162	1385.87769	-40.28820	-713.43799	1512.32239	-314.82614	-586.84979	1442.09583	-220.64781	-791.47461	1426.08362	-119.97588	-531.05585	1279.11719	-318.87918	-891.67029	1269.28650	-223.52275	-700.17737	1163.15100	-136.27078	-726.64355	1277.52393	-379.04333	-464.86972	965.26648	-393.78778	-1006.15778	1011.35431	-265.32324	-358.30136	787.44092	-368.47263	-1091.75647	794.12091	-191.49431	-603.72479	883.54388	-135.69411	-806.64276	881.92261	-130.43777	-718.28418	887.62866	-447.66907	-527.11322	471.33188	-141.79411	-894.73981	441.23990	-235.82172	-583.30719	156.09303	-315.80655	-895.35474	77.09980	-277.40936	
191	1.900	-667.67181	1385.86560	-31.69231	-713.03345	1512.38977	-306.01797	-586.51642	1441.52759	-212.10359	-789.41223	1426.31104	-109.94554	-531.89648	1279.10376	-311.81668	-891.37842	1269.34448	-212.56241	-699.03308	1163.35596	-130.87459	-727.70813	1277.73633	-370.52097	-466.56815	965.46063	-387.59656	-1007.05334	1012.23291	-251.72342	-358.61716	788.25641	-364.08817	-1092.44604	795.53271	-173.81105	-603.23822	884.82867	-128.43517	-805.41980	882.71576	-121.74174	-719.50696	887.82220	-439.95569	-527.30273	473.96188	-132.43199	-893.16284	441.03110	-230.70311	-584.51074	147.77328	-290.23962	-895.24902	77.38329	-276.72687	
192	1.910	-665.00958	1386.58301	-17.60518	-712.74121	1512.55273	-297.25922	-586.25323	1441.64941	-205.49965	-787.13306	1426.85510	-100.26731	-532.52905	1279.12585	-304.10361	-890.92548	1270.39478	-203.43549	-697.26227	1164.35645	-120.00507	-729.00464	1278.51196	-362.23438	-467.66614	965.53845	-380.97171	-1008.07849	1012.86633	-238.24162	-359.23196	788.56104	-359.58316	-1092.74792	797.83258	-158.03590	-602.09918	884.58014	-121.56190	-807.05383	881.57050	-115.57094	-719.76746	888.26062	-433.29507	-527.48755	476.26895	-124.75867	-891.25317	441.15582	-226.43648	-584.56873	139.43982	-266.11023	-895.11658	77.71103	-275.95773	
193	1.920	-660.85132	1384.64307	-9.74616	-712.79816	1512.51733	-288.50638	-584.95184	1440.97290	-198.39978	-785.48285	1426.82837	-91.04726	-532.93024	1279.28015	-297.10040	-889.97693	1270.14355	-192.66992	-697.19006	1162.80725	-113.85452	-729.69458	1278.25867	-353.31250	-468.40326	966.40405	-375.41376	-1008.59167	1013.91864	-225.31381	-359.78864	788.91077	-355.48114	-1092.61755	798.85345	-140.64485	-601.73419	884.12555	-115.11009	-805.31348	882.76782	-104.31563	-720.13782	888.04382	-425.19229	-527.82721	477.87823	-116.14934	-889.39484	440.23361	-220.66441	-584.59973	132.23174	-241.86592	-894.96533	77.98639	-275.19757	
194	1.930	-660.22687	1385.06421	-6.88308	-712.40808	1512.17297	-279.51151	-584.24969	1439.70618	-189.99570	-783.40002	1426.44348	-80.96819	-532.96594	1278.81555	-290.22107	-889.28040	1270.28418	-183.04707	-695.33344	1163.19910	-102.84741	-730.35010	1277.99890	-344.17410	-469.61105	965.56677	-367.71503	-1009.08032	1014.29059	-211.87013	-360.33594	789.32965	-351.04706	-1091.84961	800.59613	-124.47992	-601.85260	883.54016	-107.69609	-804.31152	882.18060	-98.73592	-720.60944	888.13965	-418.58704	-528.36780	478.87808	-107.73170	-888.36304	440.51984	-215.47076	-583.30847	124.10939	-215.12364	-894.74579	78.32928	-274.24487	
195	1.940	-656.35626	1385.03870	6.56590	-711.62445	1511.74841	-270.68411	-582.78088	1439.72119	-183.36613	-780.80280	1427.02722	-71.77374	-533.11334	1278.35364	-282.31500	-888.46735	1270.09473	-172.03558	-695.59448	1162.19580	-95.53276	-730.97083	1278.06299	-335.40637	-469.77878	965.48456	-361.85632	-1009.31195	1014.49103	-199.65935	-360.24841	789.20398	-346.50992	-1091.07617	801.31512	-108.43304	-601.16968	882.66870	-101.53289	-803.91693	879.59003	-96.43619	-720.28760	888.88293	-412.13339	-528.46594	479.10107	-100.30184	-886.91888	439.74268	-209.80223	-581.87866	116.85056	-189.50133	-894.42303	78.64722	-273.35635	
196	1.950	-652.21478	1384.11255	14.64597	-711.25421	1511.36963	-261.12408	-581.61340	1438.64954	-174.94397	-778.16650	1426.33264	-61.75254	-532.62592	1278.09534	-275.01144	-886.95026	1270.12537	-162.75772	-693.14221	1162.09680	-85.60849	-730.97607	1278.12024	-326.23727	-470.00885	965.63318	-356.09497	-1009.09583	1014.93243	-187.42548	-360.40939	789.10797	-341.44418	-1090.77014	802.19897	-93.15503	-599.98724	882.18738	-94.59710	-802.91260	880.95923	-82.76888	-720.28809	889.07263	-404.27722	-528.86426	479.06567	-93.35062	-885.63995	439.82025	-204.84456	-578.68103	109.68179	-162.94070	-894.01422	78.93725	-272.53491	
197	1.960	-649.62042	1384.13513	22.81002	-710.46802	1511.18201	-252.11259	-580.11237	1438.93469	-168.46280	-775.56775	1426.57410	-52.50361	-532.12000	1277.50488	-267.55423	-885.86780	1269.46277	-152.00276	-692.38019	1160.52649	-81.30038	-730.85193	1277.99548	-318.15448	-470.39368	965.22839	-350.53098	-1009.00708	1014.52179	-174.50459	-360.82910	788.90533	-336.27386	-1089.54736	803.01624	-76.88634	-599.66235	880.63287	-87.43891	-803.18085	879.51837	-74.97436	-720.04755	889.32550	-396.73151	-528.98676	479.13800	-87.20487	-884.80402	438.87503	-200.24319	-575.04175	103.24813	-136.74657	-893.38202	78.74815	-271.35162	
198	1.970	-645.70801	1383.34241	31.20349	-710.11389	1510.95886	-243.92299	-578.56097	1437.04077	-159.97604	-772.58502	1425.83765	-42.44871	-531.55298	1277.29199	-259.54144	-884.59393	1269.25830	-141.86917	-689.60516	1159.33911	-68.80070	-730.43903	1277.38416	-308.70859	-471.06589	964.64026	-342.91202	-1008.36383	1014.74329	-162.31923	-360.47784	788.75897	-331.05902	-1087.72961	803.68530	-62.31209	-598.66229	879.74585	-81.34889	-800.90454	878.69507	-66.83549	-719.46692	889.58978	-389.65372	-529.07318	478.93280	-81.24500	-884.10529	438.18237	-194.09384	-570.36017	97.68944	-109.61066	-892.92529	79.04205	-270.63391	
199	1.980	-641.46417	1381.61401	38.13848	-708.96039	1510.53687	-234.96959	-576.90912	1437.28723	-153.56059	-769.92200	1425.16052	-33.01659	-530.61945	1275.84375	-251.70410	-883.06378	1268.29480	-131.69148	-687.89160	1159.59448	-55.73186	-729.91742	1277.25696	-299.67038	-470.47745	964.37427	-336.98795	-1007.68005	1014.20947	-149.87218	-360.29114	788.12598	-325.41922	-1085.60974	803.68433	-46.77855	-598.86456	878.22681	-73.21122	-799.23248	876.82556	-59.67018	-718.49524	889.82855	-381.99774	-529.59863	477.13934	-75.36904	-883.03137	437.16525	-189.32813	-565.17212	92.78853	-82.30804	-892.43970	79.42110	-269.78357	
200	1.990	-639.17291	1381.38269	46.55938	-708.21899	1509.69788	-225.90628	-575.10974	1435.99658	-145.17332	-766.97070	1424.19641	-24.62969	-529.46692	1275.34253	-243.90187	-880.79297	1267.50452	-121.75816	-687.90649	1157.67871	-55.00292	-729.67090	1276.93689	-290.87842	-470.14243	964.46033	-330.62122	-1006.56940	1013.94080	-139.13074	-360.09250	787.55377	-320.40186	-1083.71484	803.97925	-32.80484	-596.47510	877.18134	-65.11835	-797.87189	875.26178	-52.45292	-717.44727	889.74512	-373.78128	-529.86554	475.21167	-69.09107	-882.01477	436.42334	-184.21846	-561.54120	91.42942	-58.51764	-892.02594	79.76263	-269.01630	
201	2.000	-634.88654	1380.13574	54.83740	-706.94946	1509.49280	-217.05293	-573.20184	1435.03625	-137.79109	-764.46899	1423.27588	-16.47882	-528.20929	1274.53687	-235.63693	-879.40027	1266.77954	-112.90234	-683.88062	1156.26453	-42.98199	-728.38434	1276.22607	-281.55661	-470.17441	963.36365	-322.62100	-1005.17249	1013.60986	-126.80357	-359.35892	787.02502	-314.36240	-1081.21912	804.22150	-19.32680	-595.84125	875.50165	-56.83288	-796.51373	874.39899	-42.34013	-716.57550	890.04175	-365.78625	-529.85028	473.17688	-65.00377	-880.46118	435.39371	-179.00133	-554.67310	91.03217	-32.51570	-891.64355	80.27109	-268.16235	
202	2.010	-630.16809	1378.58423	62.36289	-705.31781	1508.51160	-207.45319	-571.20966	1434.94849	-130.46373	-760.99957	1422.45190	-7.46189	-527.02350	1273.32788	-227.48611	-876.56207	1266.02795	-102.57506	-682.56317	1154.98108	-36.78035	-727.41376	1275.96643	-273.48389	-469.15793	962.62427	-316.26843	-1003.63855	1012.82904	-115.91119	-358.73911	786.96124	-308.95392	-1077.96118	803.33600	-5.98434	-593.21198	874.44220	-49.14559	-794.34521	873.51599	-33.10127	-715.68811	889.83112	-357.61133	-529.71008	470.70557	-58.82275	-879.01044	434.62271	-174.11357	-548.55042	91.60371	-9.61339	-891.22363	80.80253	-267.23535	
203	2.020	-626.03625	1377.70715	70.46198	-704.52008	1508.18054	-198.82254	-568.39941	1433.34949	-123.00840	-757.48059	1420.15198	1.89044	-525.33441	1272.54785	-219.72539	-874.55518	1265.12634	-92.69510	-678.61444	1153.72351	-26.83405	-725.70520	1274.85181	-263.58960	-468.14676	962.00867	-309.82523	-1001.56989	1011.99353	-104.97966	-357.86664	785.57452	-302.88934	-1074.85303	803.49573	6.60822	-591.20135	873.23926	-40.81860	-792.00476	872.28088	-23.26545	-714.17896	889.16406	-348.73294	-528.27325	468.59357	-53.70834	-877.41699	433.26788	-169.33302	-543.51263	94.03159	12.23397	-892.33551	79.99537	-269.29745	
204	2.030	-622.27374	1376.81250	78.03706	-702.32019	1507.22205	-189.83766	-566.17474	1432.94434	-116.78152	-753.12292	1419.30176	9.17374	-523.68781	1271.87024	-212.01566	-871.94940	1264.20142	-83.87162	-676.13110	1152.77161	-19.84995	-724.37115	1274.21472	-255.63805	-467.40955	960.69647	-301.71878	-999.27112	1011.19025	-94.13696	-356.81876	784.94824	-296.27533	-1070.97534	802.37891	19.57833	-589.09180	872.18805	-31.39306	-789.63843	871.47131	-15.93482	-712.69696	888.66840	-340.12875	-526.21716	465.75833	-48.17485	-875.91962	432.76755	-163.93091	-537.78357	96.93695	32.39104	-890.48322	82.04804	-265.14594	
205	2.040	-617.53436	1374.57764	86.07794	-700.26355	1506.09973	-180.13214	-563.15240	1432.15393	-108.83852	-749.30957	1418.90039	22.74895	-520.98486	1270.68933	-203.86905	-869.06818	1263.21399	-73.16039	-674.37164	1151.52991	-11.60958	-722.38141	1273.03552	-245.91298	-465.97034	959.40741	-294.44055	-996.62628	1010.48822	-83.45085	-355.58911	783.73761	-289.86966	-1067.45996	802.12860	30.25653	-587.22400	870.52313	-22.92034	-787.99280	869.68677	-7.30422	-711.41113	887.73346	-330.99139	-524.66223	463.32254	-41.88379	-874.33301	431.64798	-158.27141	-532.47424	100.69547	49.81046	-890.23926	83.12485	-264.62018	
206	2.050	-613.23303	1373.07239	93.91875	-698.55554	1505.29260	-171.85712	-561.13232	1431.10791	-100.66055	-745.66150	1417.66235	31.83287	-519.02924	1268.94641	-195.13516	-866.40631	1262.53430	-64.87734				-720.43707	1272.22705	-238.25705	-464.20300	958.83344	-287.27209	-993.55096	1009.58630	-72.57530	-354.01407	782.33594	-282.70334	-1062.98706	800.47058	42.40999	-583.76465	870.00903	-14.35179	-785.82452	868.68060	3.65423	-709.62323	886.76868	-321.86285	-522.09113	460.77753	-34.69078	-872.53870	431.52957	-153.19350	-527.80786	104.59857	66.06091	-889.97107	84.83532	-264.75580	
207	2.060	-609.18048	1372.16797	101.19541	-696.06006	1504.46252	-163.36807	-558.43359	1429.91064	-92.76199	-741.08496	1415.84167	40.96164	-516.57965	1268.23022	-188.19432	-863.47052	1261.76624	-56.14976	-667.50830	1150.59387	8.25370	-717.56659	1270.81274	-229.14531	-462.61493	957.81439	-279.25439	-990.40698	1008.40497	-62.35707	-352.89319	781.64575	-276.65222	-1058.73230	799.50177	52.55781	-581.84796	868.83173	-5.26784	-782.59906	869.58313	13.48411	-707.64136	885.43323	-312.08655	-519.67163	459.27274	-27.52976	-870.38263	430.43890	-147.15497	-523.63806	107.26154	80.12534	-889.38660	85.97507	-264.06335	
208	2.070	-604.44604	1370.35278	107.93861	-693.98962	1503.72961	-154.39008	-554.75616	1429.09778	-85.78663	-737.39685	1414.62439	49.37122	-513.48120	1266.74133	-179.70264	-860.32739	1260.78979	-46.55287	-664.35181	1148.88855	15.84064	-715.10095	1269.44849	-220.68195	-460.16248	956.17969	-271.82486	-986.87445	1007.11829	-52.69892	-351.61057	779.45728	-269.24246	-1053.83508	798.09119	63.41975	-579.46875	867.90021	4.21355	-780.51617	867.85120	22.62055	-705.52643	883.35083	-302.88605	-517.24353	456.96262	-19.72715	-868.65009	430.76880	-142.13959	-519.92200	108.79427	92.67318	-888.98511	87.00456	-262.87781	
209	2.080	-600.05994	1369.83203	116.62510	-690.86658	1503.35913	-146.16606	-551.07813	1428.30420	-77.80814	-733.70831	1413.52783	58.39024	-510.47076	1265.41418	-172.36581	-856.89819	1259.71021	-37.72795	-660.99469	1148.31848	23.71083	-712.45026	1268.48645	-212.51332	-458.05154	954.65808	-263.70694	-982.89941	1006.07642	-43.52485	-348.22131	778.11804	-261.97382	-1049.17700	797.24847	73.34972	-577.22760	866.86877	13.45357	-778.63843	867.78345	31.05267	-703.36438	882.01794	-292.20096	-514.72675	455.93622	-11.32569	-866.07312	430.35336	-136.41345	-515.82104	109.52379	103.52794	-888.80975	87.69180	-262.44186	
210	2.090	-595.47699	1367.91101	125.48785	-687.16315	1501.98303	-137.31586	-548.19629	1427.67273	-69.84314	-729.07861	1412.21863	66.86732	-506.87158	1264.17590	-164.81389	-853.58813	1259.14807	-29.04009	-657.75018	1147.79663	32.03410	-709.01233	1267.09705	-204.07607	-456.39886	952.84058	-255.92671	-978.86310	1004.98346	-33.63034	-346.45172	776.30023	-254.19586	-1044.43115	795.94287	82.74234	-573.90198	866.00897	22.87648	-774.50653	867.06226	40.59395	-701.03314	880.60510	-282.98242	-512.95880	455.06412	-2.95871	-863.95905	429.92429	-130.35930	-511.83688	109.80754	111.86246	-888.27112	89.73781	-263.22018	
211	2.100	-590.80072	1366.87939	132.82942	-683.82062	1501.67310	-128.67542	-544.27460	1426.82373	-61.59527	-725.18402	1410.80713	75.54823	-503.82474	1263.16138	-156.89992	-849.79175	1258.25623	-20.26222	-654.10193	1147.69653	41.33498	-705.70880	1265.45825	-195.28592	-453.36823	950.94989	-246.94125	-974.29211	1003.69659	-24.19512	-344.11884	774.55414	-246.96669	-1039.09351	794.59363	91.58238	-570.03021	865.53760	32.56783	-770.76520	867.32532	51.81285	-698.30780	879.39606	-272.55841	-510.13400	454.53821	6.25022	-861.33099	429.76529	-124.16594	-507.90073	108.38487	120.60236	-888.71539	93.27641	-262.19769	
212	2.110	-586.64703	1365.71887	137.75424	-680.48486	1501.22583	-120.45937	-540.47485	1425.40100	-54.21124	-720.30640	1409.92896	84.05647	-500.15643	1261.58484	-149.67993	-845.83795	1257.66260	-11.41715	-649.45160	1146.70483	50.57148	-701.91998	1264.19458	-186.54340	-450.55829	949.24377	-238.71132	-969.84235	1002.23224	-15.37211	-341.14038	772.54724	-238.62268	-1034.01062	792.73114	100.45742	-566.77448	865.28735	42.28289	-766.88904	866.42786	63.03902	-695.86731	877.52972	-262.91971	-507.28226	454.04492	15.58768	-858.36890	430.16809	-117.93329	-504.85657	105.72595	127.59032	-888.00909	95.36826	-260.66238	
213	2.120	-581.54614	1365.48193	148.64059	-676.48108	1500.76807	-111.42152	-536.13586	1425.72888	-45.78304	-716.11829	1409.28625	92.68286	-496.09781	1259.90894	-142.47635	-841.56262	1256.88464	-2.80659				-698.59381	1263.40649	-178.29590	-447.71844	947.25610	-231.50691	-964.82550	1001.27246	-6.56315	-338.88766	771.57166	-230.90053	-1028.69519	791.20288	108.94842	-562.85345	864.59192	51.58521	-763.89764	865.02148	70.56573	-692.67993	876.05518	-251.59694	-503.83563	453.56851	25.43869	-855.95996	430.82883	-110.61446	-502.02225	102.82615	131.03522	-888.00262	98.83495	-258.92148	
214	2.130	-576.37421	1364.49597	156.09975	-672.29156	1500.17065	-103.19344	-531.58643	1424.91516	-38.49961	-711.09686	1408.59204	101.03126	-492.03189	1259.48096	-134.61937	-836.91718	1256.17297	6.41799	-639.67987	1145.68188	66.58391	-694.90192	1262.44336	-170.11438	-444.81598	945.88989	-223.09544	-959.83795	1000.02203	2.67350	-336.27798	769.54437	-222.40390	-1023.12213	789.59998	116.83855	-557.80688	864.34570	61.10475	-759.03967	866.30359	80.59072	-690.19586	874.73840	-241.69290	-500.20358	451.99017	35.18294	-853.57410	430.83612	-102.34355	-500.35434	99.47377	133.89519	-887.79041	103.38837	-258.72818	
215	2.140	-572.14233	1364.95984	164.41353	-668.23798	1500.18140	-95.30637	-527.06586	1424.77051	-30.21438	-706.71533	1408.54517	109.30460	-487.76697	1258.06189	-127.31018	-832.54987	1255.67249	15.69675	-633.75452	1147.10071	77.18806	-690.72046	1261.48096	-161.18831	-442.00293	944.58069	-213.71974	-954.48376	999.19171	11.02218	-334.23749	767.45190	-213.35117	-1017.56488	788.56958	124.66113	-553.17932	864.50946	71.31960	-753.40210	866.56061	93.00687	-687.19055	873.99023	-230.53287	-496.71524	451.34088	45.66180	-851.50580	431.41290	-93.34772	-499.67477	95.19214	135.73235	-888.82434	107.44175	-255.15886	
216	2.150	-566.60785	1364.09570	172.50493	-663.52454	1500.40417	-86.32011	-522.79980	1425.01331	-22.36272	-701.95667	1408.53247	117.72737	-483.57498	1257.48621	-120.65647	-827.21710	1255.48254	24.96478	-628.96710	1146.38220	85.00022	-686.72034	1261.21204	-152.93861	-438.29022	943.17145	-206.17278	-948.81622	998.71533	19.09922	-331.61456	766.03027	-204.11182	-1012.09998	786.74506	132.60310	-547.98242	864.21271	78.97691	-748.18762	867.08899	103.58335	-683.89026	873.72321	-220.98573	-492.84042	449.99359	55.22244	-848.75690	431.71054	-83.60400	-499.10281	91.40748	139.64775	-888.14978	111.86694	-250.73857	
217	2.160	-561.37640	1363.81909	180.34764	-658.75037	1500.66260	-77.35044	-518.18414	1425.41101	-13.62063	-697.16400	1408.25781	125.66329	-479.05951	1257.03076	-113.39449	-822.41486	1255.31970	35.01691	-622.65137	1147.35083	94.68984	-682.28827	1260.77234	-144.44255	-435.04410	942.26288	-198.59540	-943.25256	997.72296	27.84937	-329.40604	764.49640	-195.42123	-1006.38757	785.87872	139.91344	-542.00604	864.53021	88.90533	-742.55896	867.98804	114.34651	-681.02753	872.54248	-210.98170	-489.17551	449.11310	63.91492	-846.34979	431.45557	-72.13531	-498.29831	88.75921	142.80206	-888.88800	119.26530	-249.42062	
218	2.170	-556.67133	1364.31799	188.99850	-654.25098	1502.40967	-69.26343	-512.94031	1426.51660	-4.80532	-691.50952	1408.24011	134.75650	-474.22949	1256.94604	-106.32404	-816.92621	1255.94958	43.56105	-615.50153	1148.39587	101.39403	-677.79614	1261.22705	-136.22447	-431.67062	941.38989	-189.44983	-937.29382	997.63538	36.22621	-326.16864	763.51678	-186.45274	-1000.10376	785.35352	146.88165	-537.09900	865.18048	98.49164	-735.62683	867.80249	123.47261	-677.46088	871.83203	-199.87970	-484.18298	448.23557	72.94380	-843.93872	432.49573	-58.88028	-497.45114	87.95428	147.09743	-890.67523	123.70583	-240.99631	
219	2.180	-551.32379	1364.93152	197.05722	-649.14886	1503.98511	-59.93472	-508.14948	1427.65039	3.59734	-686.97906	1409.29077	142.47646	-469.47122	1257.39221	-98.67266	-811.88867	1256.86731	52.40443	-610.20270	1149.85876	113.80153	-673.11084	1261.76501	-127.18412	-428.06873	941.36926	-182.02809	-931.10626	997.83337	44.46811	-323.19055	762.40448	-177.50883	-994.66046	785.42188	152.19606	-530.06323	865.86627	107.38418	-729.58459	869.53894	134.79993	-674.12433	871.98401	-189.82303	-479.77499	448.77222	81.66138	-841.22986	433.22375	-44.85470	-495.88535	87.66212	147.85666	-890.39545	130.04601	-236.34927	
220	2.190	-546.37640	1365.79712	205.67993	-644.00574	1505.24304	-50.77905	-502.82642	1429.45142	10.96961	-681.55426	1410.69543	151.79324	-464.77380	1257.49927	-91.72260	-806.29553	1257.89661	61.58417	-604.23889	1151.16992	120.70767	-668.75476	1263.01013	-119.10596	-424.10147	940.78583	-173.60721	-924.35748	998.51862	52.94123	-320.54715	761.88940	-168.32373	-988.05847	785.27716	159.05370	-523.91754	866.92114	116.11724	-722.79059	870.35443	143.82953	-670.06586	873.51349	-181.23340	-474.43442	450.72461	88.98437	-837.43878	432.94647	-29.25808	-496.19193	85.78543	150.11766	-891.43561	137.32590	-228.43727	
221	2.200	-540.40228	1366.39648	214.45250	-638.82330	1506.99731	-41.91120	-497.70020	1430.84216	21.36167	-676.20947	1411.79736	160.41618	-459.91568	1258.53223	-84.20607	-800.76123	1259.09583	71.27343	-597.36005	1153.47485	129.11754	-663.66504	1264.26611	-110.29179	-420.27985	941.81372	-165.25085	-917.59265	999.24945	60.96049	-317.28278	761.62073	-158.42398	-982.19043	785.36560	165.33893	-516.93719	868.25610	124.28664	-715.02148	871.80060	155.30963	-666.29260	874.58533	-171.16164	-468.98904	451.81372	94.93694	-835.44690	434.40173	-12.76660	-494.89276	83.32303	151.47873	-892.44739	143.14043	-215.94595	
222	2.210	-536.02673	1368.01697	223.16930	-633.17542	1508.36914	-33.23779	-492.45261	1432.61121	29.30016	-671.00421	1412.34424	168.94557	-454.93008	1259.90967	-76.79736	-794.98792	1260.94958	80.90079	-589.73749	1156.02039	138.78616	-659.06030	1265.38281	-101.38502	-416.11383	941.99384	-157.60226	-910.96777	1000.32397	68.48432	-313.97098	762.50696	-149.45280	-975.35095	786.50836	170.66335	-510.29861	870.27063	132.33411	-706.97961	874.11224	165.07077	-661.54883	875.47412	-160.65697	-463.67725	453.34879	103.12965	-832.43268	435.12750	5.45496	-494.33188	81.44428	151.88441	-891.41992	150.99141	-206.90758	
223	2.220	-530.28131	1368.95154	231.81256	-628.60522	1509.79163	-24.09857	-487.11362	1433.79614	38.21884	-666.37366	1413.89148	176.98994	-450.48041	1261.34216	-69.13214	-789.44476	1262.37427	89.90626	-583.46741	1157.51038	147.02364	-654.56018	1267.05383	-93.11282	-412.36118	943.38269	-147.81749	-904.52557	1001.79077	76.77865	-309.95584	762.71075	-139.90268	-969.19592	786.90881	176.51674	-503.16620	872.10785	140.55817	-699.87976	875.27112	172.26614	-657.65552	877.73096	-152.31000	-458.59097	455.15698	110.19840	-828.76953	434.87601	24.30447	-493.55847	80.30102	152.90445	-890.57990	156.87460	-193.84859	
224	2.230	-526.04480	1370.12744	240.34969	-623.28070	1511.28589	-16.31194	-481.78012	1435.47437	46.17695	-660.78290	1414.46838	185.67310	-445.40097	1263.26074	-61.72049	-783.77264	1264.38245	98.66911	-578.06116	1159.79126	155.27548	-650.26202	1268.87695	-84.90440	-408.59372	944.52252	-139.02162	-898.00061	1003.56329	84.68871	-305.82690	763.90417	-129.94638	-962.12903	787.41364	182.22975	-495.41165	874.84082	149.21404	-693.22723	878.10638	182.84560	-653.61615	879.62256	-143.25104	-453.05865	456.27466	114.91399	-826.75513	437.31931	45.06212	-492.81308	80.09518	154.22549	-890.02362	162.56390	-178.82596	
225	2.240	-520.66052	1370.07373	248.44632	-618.16492	1513.12646	-7.63560	-476.89847	1436.46875	56.27345	-655.04810	1414.83069	195.53239	-440.87079	1264.66687	-53.97811	-778.28363	1266.16565	108.08389	-572.66766	1162.28479	163.92487	-645.97046	1270.64111	-76.89680	-404.03894	945.82971	-131.93513	-891.72339	1004.92419	92.34174	-301.43921	765.06842	-120.63065	-955.94904	787.99603	187.94194	-489.05289	877.25140	157.52933	-685.16913	880.40289	193.06184	-649.08575	881.26593	-134.93413	-448.40811	456.79056	120.44205	-823.03577	437.20850	65.08865	-492.55490	80.08569	154.16669	-887.66937	169.16089	-166.00430	
226	2.250	-516.08026	1371.32568	256.57037	-613.21112	1514.13000	0.81105	-472.14758	1438.15442	63.68591	-650.56989	1415.89355	203.58846	-436.46091	1266.42798	-46.09341	-772.95422	1267.83008	117.47745	-566.20325	1164.21533	170.36528	-641.42920	1271.57739	-67.55653	-399.03061	947.34100	-123.54704	-885.59778	1006.20306	99.98698	-297.41202	766.09961	-110.77139	-949.04968	788.55151	194.05345	-482.03931	879.38593	165.34521	-678.93585	883.25238	201.66774	-645.19086	882.47974	-125.78936	-444.53677	456.57010	124.52737	-821.21851	439.87112	86.17923	-492.10513	80.22215	153.82166	-884.94232	175.00716	-151.00838	
227	2.260	-512.35919	1372.29382	264.54593	-608.07629	1515.64624	9.23167	-467.10437	1438.44922	73.62612	-646.00964	1416.68066	211.57028	-432.39853	1267.85010	-38.62965	-768.11798	1269.65564	125.99791	-561.10754	1165.41504	178.79587	-636.94421	1272.98804	-59.55259	-394.02689	949.04358	-115.32833	-879.81641	1007.57233	107.93497	-292.12671	767.66516	-101.21112	-943.12238	788.70428	200.06131	-475.04495	881.16876	173.83440	-670.33276	885.02191	213.73820	-641.27637	883.90472	-116.95919	-440.39932	455.13098	127.97594	-817.92755	441.59384	106.43501	-492.00409	80.02357	154.15457	-881.42786	180.93901	-133.42496	
228	2.270	-507.89349	1372.70483	273.33734	-602.96393	1517.51294	17.52430	-462.46866	1439.54846	81.18781	-641.06000	1417.30261	219.61418	-427.65869	1269.08423	-30.84332	-763.04742	1270.87634	134.89749	-556.52429	1167.37036	186.84023	-632.99854	1274.37366	-52.16028	-388.93149	949.73224	-106.58090	-874.57013	1008.73505	116.29712	-286.39227	768.92371	-91.98038	-936.87634	789.00299	206.42517	-468.79193	882.86145	180.98126	-663.46021	886.66382	221.81155	-637.78577	885.25500	-109.02953	-436.87274	453.35440	130.56381	-814.15411	443.94333	127.97003	-491.63193	79.63615	154.36880	-877.81702	187.30736	-115.11228	
229	2.280	-503.94775	1372.81104	280.64825	-598.01398	1519.17126	25.99422	-457.80475	1440.63440	89.44203	-637.14136	1418.89380	227.80023	-423.63464	1270.09973	-23.18182	-758.42139	1272.04211	143.23131	-550.99445	1168.88330	193.51944	-628.75928	1275.32458	-43.72732	-383.72711	951.61163	-98.62618	-869.52655	1009.65326	124.72231	-280.86545	770.43738	-82.77172	-931.35596	789.75623	212.70447	-461.74762	884.76984	189.21484	-657.05719	888.05908	229.78668	-634.17181	885.57910	-99.54073	-433.84329	451.62164	132.15862	-810.05493	446.55630	148.46428	-491.36334	79.26731	154.41069	-873.01544	193.91089	-96.76140	
230	2.290	-499.39987	1373.10193	288.94879	-593.06903	1520.90149	34.57307	-453.44250	1441.83350	97.39931	-632.45483	1419.95227	236.04910	-419.75146	1271.58289	-16.10796	-754.08411	1273.32068	151.10774	-546.82343	1169.68945	201.44803	-625.00439	1276.98083	-36.47808	-378.35876	952.61322	-90.25964	-865.07355	1010.66919	132.89322	-274.89093	772.01117	-72.68383	-925.85370	789.93469	219.79143	-455.10889	886.21265	195.98856	-651.27228	889.18591	237.48225	-630.53027	886.67944	-91.54027	-430.89682	450.72681	133.00714	-804.90497	450.20746	168.81348	-491.38812	78.94315	154.66487	-868.24323	199.16534	-77.65423	
231	2.300	-495.30878	1374.03503	296.78198	-588.22345	1522.85669	42.80475	-448.81714	1442.91443	105.22689	-627.67371	1420.62842	243.51741	-415.73428	1272.66321	-8.82471	-750.42200	1274.54126	159.46587	-542.10333	1171.02307	208.93073	-621.01044	1277.95093	-28.55898	-372.30121	953.75116	-82.38304	-860.84485	1011.38837	141.25888	-267.92328	773.37909	-63.28370	-919.84644	789.88092	227.69966	-448.95355	887.55096	203.80884	-645.78644	890.02740	245.48213	-626.83734	887.96088	-83.56293	-427.97223	449.18365	133.86241	-798.63452	454.23929	189.57191	-491.37115	79.07640	154.28989	-862.24487	203.54169	-59.43514	
232	2.310	-490.51889	1373.56848	304.49402	-583.62988	1524.29993	51.34970	-444.10840	1443.61829	113.63494	-623.26892	1421.93323	251.56747	-411.80109	1274.31299	-1.17394	-746.37378	1275.32861	167.48808	-537.77606	1171.39319	216.14037	-617.24738	1279.64917	-21.10151	-367.05151	955.28174	-73.11396	-858.00323	1012.03381	148.26869	-262.47278	774.60339	-52.93100	-914.93286	790.62097	235.24127	-442.61417	888.88135	211.02711	-640.83759	891.08044	253.84845	-623.46472	888.84290	-75.30456	-424.67188	448.10397	134.40126	-787.77515	457.27087	212.02396	-491.24503	78.75795	154.30797	-856.31073	207.21872	-40.85239	
233	2.320	-485.33749	1373.31335	311.91309	-578.90594	1526.29675	59.88150	-439.80118	1444.39746	121.50003	-619.41913	1422.90637	259.71548	-407.70859	1275.30579	6.91837	-742.68488	1276.67578	175.30716	-534.53613	1172.68994	224.58701	-613.44495	1280.42517	-12.21726	-361.82367	956.80243	-64.73638	-852.37341	1012.86523	156.48767	-256.07196	777.46979	-44.35907	-910.29877	791.16052	241.54251	-436.87640	890.71545	219.87743	-636.09973	891.79681	261.70218	-619.56671	889.72552	-67.45173	-422.56079	446.79172	134.50406	-779.90869	462.00705	232.21574	-491.16608	78.42551	154.30005	-851.00903	210.80875	-21.59747	
234	2.330	-482.15030	1374.18835	319.79596	-574.37872	1528.00903	67.90044	-435.17221	1445.96057	128.99538	-614.76788	1423.62146	267.23395	-404.36420	1276.78638	13.91300	-738.83374	1277.39673	182.33328	-530.43512	1173.66357	231.66658	-609.83606	1282.06848	-5.88936	-356.99542	957.94403	-57.31693	-848.04272	1013.69568	164.43826	-249.02177	779.20007	-34.78128	-905.91907	791.74561	250.00015	-432.86859	891.95844	224.47906	-631.01172	892.79950	269.95151	-616.58032	891.56274	-60.25824	-418.48291	446.84814	135.34163	-771.73193	466.16632	251.78918	-491.26624	78.28062	154.10867	-845.85730	213.39633	-0.59282	
235	2.340	-476.94769	1373.84644	327.18750	-570.00134	1529.67883	76.44909	-431.08740	1447.18811	137.31296	-610.45782	1424.63757	275.37857	-400.73138	1278.68652	21.35831	-735.39496	1278.55347	189.86609	-526.35297	1174.68750	238.40570	-606.06360	1283.58936	2.07083	-351.49356	959.50787	-49.93027	-843.76019	1014.36212	171.69914	-243.00407	781.20966	-26.08612	-901.85712	792.73663	258.09955	-427.37430	893.05859	231.05972	-626.07312	893.13635	278.10181	-613.99365	893.92444	-52.31338	-416.28732	446.51675	136.51492	-763.06537	469.69000	270.68570	-491.12360	78.50919	152.87624	-840.08264	215.90228	20.41348	
236	2.350	-473.35400	1374.83752	334.83368	-565.69330	1531.26538	85.25576	-427.10431	1447.96887	145.10162	-606.21466	1425.47693	283.35364	-397.04947	1280.07190	28.22086	-731.24719	1279.58813	198.17757	-523.80725	1175.85608	247.26988	-602.30597	1284.58044	10.13762	-346.79242	960.26648	-40.07003	-840.31091	1014.96802	177.67572	-237.41388	783.77258	-17.22591	-897.14124	793.12598	266.04050	-422.86282	894.06464	236.92607	-621.04688	894.15588	286.15848	-611.27325	895.61090	-44.60474	-413.36893	446.87820	136.67180	-752.46204	473.81219	289.83539	-492.44824	78.80916	151.05594	-832.94342	216.27728	41.92502	
237	2.360	-467.81976	1374.81311	341.95087	-561.44049	1532.97241	93.20469	-422.47308	1449.37866	152.73932	-601.58252	1426.17700	290.96521	-393.32669	1281.32739	35.28410	-727.39880	1280.78467	206.08539	-518.24628	1176.20361	253.86774	-598.76251	1286.51575	17.96704	-341.69241	962.90533	-34.26511	-835.10773	1016.19806	185.40123	-231.25198	785.99969	-8.27034	-892.88141	793.56860	273.98761	-419.17914	894.49969	241.85524	-616.84906	895.69360	295.44183	-609.02490	897.56976	-36.89581	-412.18115	446.54544	137.14183	-742.37555	478.68250	307.18365	-492.60263	79.46499	148.94084	-825.73792	215.97810	64.67001	
238	2.370	-465.08810	1376.54114	350.25708	-557.37982	1534.43542	101.83445	-418.61066	1450.57849	160.18924	-597.96277	1427.04553	299.38596	-389.88086	1283.41394	41.83312	-723.39386	1281.98901	214.10921	-515.54016	1178.49121	261.58578	-595.43475	1287.65051	25.51864	-336.88571	964.62024	-26.92509	-830.96991	1017.19708	191.84389	-225.99307	788.03540	0.74965	-888.95160	794.77002	281.55194	-415.26227	895.50616	246.34309	-611.11627	896.60413	303.43973	-606.94574	899.75995	-29.08446	-411.71579	446.13885	137.08842	-731.32886	482.85953	323.89233	-493.97318	80.58781	146.35326	-817.54053	213.74669	86.97559	
239	2.380	-459.45639	1375.44019	357.30005	-553.43799	1535.72424	109.66750	-414.36789	1451.78259	167.46138	-593.71069	1428.14355	307.57141	-386.45044	1285.16089	48.52730	-719.25482	1282.94446	222.67029	-510.23206	1179.09192	268.17517	-591.88245	1289.29382	32.78966	-332.35632	966.48218	-20.66513	-827.00146	1018.38049	199.18785	-220.74182	789.85236	9.34907	-884.97351	796.08984	288.24847	-412.35028	896.97595	251.67648	-606.15491	897.90063	311.92722	-605.07941	900.90814	-20.04008	-410.74759	445.93250	137.16010	-721.24805	488.22858	339.16187	-495.18109	80.86893	145.19199	-809.76923	211.08533	110.97662	
240	2.390	-455.88846	1376.76343	365.58115	-549.49750	1536.97705	117.77505	-410.72891	1452.05237	175.79918	-589.12274	1428.35815	314.89294	-382.96942	1286.56628	55.18112	-714.96790	1284.04333	230.53416	-506.63809	1180.75818	275.63300	-588.36884	1290.07300	40.89492	-327.25235	968.02728	-13.18854	-822.96954	1019.39612	206.65553	-216.24373	792.27893	17.48592	-880.53442	796.29730	295.61652	-408.39404	897.51593	256.86298	-600.44434	898.79987	319.14429	-603.46906	903.59406	-13.30405	-409.84216	445.32813	137.43607	-711.06903	493.07840	353.18073	-495.06741	82.11744	142.84492	-801.03546	208.17119	134.57082	
241	2.400	-451.36481	1377.27795	372.00998	-545.59106	1538.17346	125.39162	-406.71390	1453.67102	183.32242	-585.38867	1429.14331	323.24094	-379.39157	1287.79138	62.46281	-710.87109	1285.25305	238.74690	-501.58176	1181.87012	282.29196	-585.04816	1291.40918	48.07954	-323.89392	968.48004	-4.07491	-820.38116	1020.83783	212.86908	-211.13591	794.13007	26.14226	-876.71252	797.52112	301.95874	-404.55945	898.92474	260.10938	-594.74170	900.00970	326.73221	-601.99530	904.60767	-5.55285	-408.95123	445.68814	138.02870	-700.03784	496.96704	366.10516	-496.64453	82.58315	141.33591	-791.45776	203.97437	158.42084	
242	2.410	-448.40393	1378.05493	380.76318	-540.85144	1538.13574	134.63181	-402.83203	1454.27722	190.55124	-580.62897	1429.57886	330.60989	-376.09558	1289.16650	69.16185	-706.85162	1286.24133	247.07872	-497.37363	1183.21497	289.36597	-581.59161	1292.57007	56.15651	-318.73035	970.43787	0.36327	-815.03265	1021.78717	221.43178	-204.36192	795.77173	34.64623	-872.87994	798.79883	309.34079	-401.46368	899.44672	264.85431	-589.15723	901.23114	334.44644	-601.27441	906.02008	2.51667	-408.19519	446.68716	138.11357	-689.27576	500.62543	378.12292	-497.46341	82.75862	140.31007	-781.58490	198.58185	182.61899	
243	2.420	-442.99655	1377.19238	387.40369	-537.65063	1539.59473	142.97758	-398.92636	1454.60120	198.31050	-576.92224	1430.05664	338.92844	-372.76511	1289.70483	76.19306	-702.38397	1287.11877	254.87775	-492.26941	1184.17175	296.11340	-578.26056	1292.93005	64.12785	-313.80469	971.99701	7.81287	-811.07074	1023.10352	229.57240	-199.52646	797.60693	42.91338	-869.18201	799.86017	315.95709	-397.86154	900.79962	270.50134	-583.51184	902.55249	341.85599	-600.33832	906.22272	11.56309	-407.60312	447.00620	138.89032	-679.60175	504.59079	390.40216	-498.12271	83.66830	139.52768	-770.93085	192.73596	206.69122	
244	2.430	-439.42844	1377.66467	395.75415	-533.76367	1540.24170	150.98590	-394.82693	1455.13635	207.11702	-572.50580	1430.17676	346.54202	-369.20612	1290.84338	82.72057	-698.20728	1287.89697	263.26114	-488.41754	1184.59253	303.73087	-574.81281	1293.90991	71.16344	-309.06927	972.71484	13.24631	-807.23914	1024.21216	236.30679	-194.43431	798.53497	52.18389	-866.23438	800.69165	323.05792	-394.51971	901.22382	275.10211	-577.63025	903.91827	349.70172	-599.17291	907.23083	19.69285	-406.97809	447.73148	140.95546	-667.70447	506.93158	400.09161	-498.43411	83.77805	139.58163	-759.74530	186.34041	231.70638	
245	2.440	-435.33380	1377.46106	403.08899	-529.89099	1540.83264	159.00758	-390.81360	1456.13123	213.43083	-568.72852	1430.45728	354.54074	-365.61679	1291.52588	89.70152	-693.78534	1288.26282	271.45804	-484.05917	1185.75439	311.20236	-571.14862	1294.55652	79.12392	-304.48291	973.55090	19.54161	-803.23749	1024.65173	245.86520	-189.10864	800.25018	60.22851	-863.02289	801.12982	330.68399	-389.67004	902.71252	279.32739	-571.81433	905.20996	357.26184	-598.34747	907.20807	27.98536	-406.36957	448.51205	142.89914	-657.76563	509.34781	410.60184	-498.34189	83.99263	139.77721	-747.66626	180.43217	254.91798	
246	2.450	-432.11975	1378.50427	411.64151	-526.12109	1541.11816	167.20760	-387.02655	1456.06018	221.56912	-564.44501	1430.21436	362.05371	-361.56586	1291.68494	96.60971	-689.37286	1288.66052	279.94974	-477.99106	1185.22107	316.94772	-567.71643	1294.61780	86.96759	-299.11383	974.08948	27.57315	-799.60767	1025.12061	254.17062	-183.62576	801.86652	68.36535	-859.70001	801.63208	337.80792	-384.93964	902.93481	284.92297	-565.38147	905.63959	364.83127	-597.30811	906.79834	37.78051	-406.11362	448.77002	145.23924	-647.29651	510.92868	420.69427	-498.41531	84.88383	138.82605	-735.73529	173.90169	279.51575	
247	2.460	-427.12314	1377.49292	418.63843	-522.79352	1542.45679	174.84659	-383.20679	1456.51733	229.75946	-560.77496	1429.99805	370.37595	-358.51114	1291.83325	103.14885	-684.97748	1289.00061	288.11322	-474.17389	1185.61218	324.45670	-564.17133	1294.72571	94.62767	-294.75540	974.13654	36.33691	-795.68732	1025.67212	262.32782	-176.54515	801.92670	77.71838	-857.38593	802.70288	345.20834	-379.82883	903.34662	290.51892	-559.47052	906.39551	372.63620	-596.91333	907.42645	44.85836	-405.65921	448.49927	147.61464	-637.14917	512.50836	430.00818	-498.55042	85.22009	139.03983	-722.86713	167.60692	303.81137	
248	2.470	-423.36530	1377.12903	427.59985	-518.31885	1541.18311	183.52570	-379.19153	1455.89319	238.35992	-556.48871	1429.21265	378.04437	-354.91931	1291.82349	110.11452	-680.42670	1288.78528	296.69479	-469.36380	1186.01184	331.24344	-560.54077	1295.03979	102.65515	-289.77133	974.44800	43.52259	-791.94299	1025.95898	270.34747	-171.01816	802.82794	85.67474	-854.64722	803.03699	353.06314	-374.62585	903.26190	294.75232	-553.41437	906.67316	379.77374	-595.92865	907.38574	53.76141	-405.05444	449.20798	150.39767	-626.51984	512.91443	438.93283	-500.85764	85.83808	139.18742	-709.43384	161.34673	328.19843	
249	2.480	-419.35721	1376.77686	434.73111	-514.39539	1541.21606	191.61954	-374.76120	1456.86804	248.28426	-552.35693	1428.64490	385.79874	-351.39606	1291.51672	116.85538	-675.81647	1288.91455	304.95889	-465.38162	1185.16431	339.20749	-556.96503	1294.93774	110.47929	-283.98856	974.47095	50.61776	-788.42035	1026.45850	278.58945	-164.99963	803.75177	94.36929	-851.54968	803.60669	360.50549	-369.01288	902.83014	299.97427	-547.06451	906.20972	387.28534	-594.35938	906.70544	62.25170	-404.34769	449.27075	153.02626	-616.34174	513.65503	447.28384	-499.35251	85.93157	138.99889	-694.79468	154.21974	353.05823	
250	2.490	-414.61841	1374.96143	442.44736	-510.14673	1540.93860	199.62866	-370.68793	1456.26709	257.96271	-548.97723	1427.94849	393.80795	-346.94507	1291.12170	124.78389	-671.09851	1288.52759	313.63870	-459.89221	1183.84875	345.94873	-552.95306	1294.90332	118.37334	-278.78214	974.11865	56.47255	-785.33350	1026.66394	286.72983	-160.62177	803.28339	102.96980	-848.66058	804.22516	367.74158	-364.00089	901.63489	305.52081	-541.79315	906.24152	395.84146	-593.85571	906.66742	70.04871	-402.84167	448.79446	156.17706	-605.50586	512.93787	455.67023	-499.47968	85.97289	139.34972	-680.04938	147.47919	378.51413	
251	2.500	-412.58826	1375.19519	449.90567	-506.12006	1540.61145	208.14970	-366.73004	1456.46521	264.94733	-545.01208	1426.91150	401.68481	-343.40472	1290.56946	130.92787	-666.61377	1288.19250	322.10440	-455.39316	1183.43506	353.64798	-548.98920	1294.49573	125.97069	-274.54584	973.96948	65.88053	-781.21686	1026.83557	294.92612	-155.20134	804.10791	111.28662	-846.39148	804.62048	375.62613	-358.82434	900.93835	311.51437	-535.45490	905.29492	403.60223	-593.19507	906.76630	78.16634	-402.10593	448.83038	156.81378	-595.96173	512.67218	463.38104	-499.48788	86.06845	139.41273	-661.91888	141.40059	404.50418	
252	2.510	-407.27594	1373.87122	458.95316	-502.69437	1541.13208	215.83099	-362.31384	1455.42029	276.06772	-541.69940	1426.22034	409.75714	-339.25647	1290.31836	138.14470	-661.60931	1287.40991	330.64157	-450.52838	1182.15894	360.78201	-544.88776	1293.98108	134.86983	-269.43762	973.45239	74.11577	-777.42316	1026.61072	303.11841	-149.79396	803.53876	120.72368	-844.06592	805.04669	383.26685	-353.95471	900.24329	317.97137	-530.01343	904.92334	411.65213	-592.04871	907.00403	84.76228	-400.11981	448.25635	160.77652	-586.72247	511.76172	470.52576	-501.35651	86.37350	139.63425	-645.36792	135.90012	429.42038	
253	2.520	-406.25064	1373.97278	466.95538	-497.83752	1540.83142	223.97350	-358.63266	1455.64148	281.11777	-538.06104	1425.01428	417.59567	-335.40643	1289.44885	145.27637	-657.05621	1286.99060	339.34091	-445.48108	1180.53711	368.30930	-541.11786	1293.52185	143.12608	-264.12503	972.89545	81.73582	-773.79626	1026.60754	311.76779	-145.88458	803.98065	128.27118	-841.68982	805.24146	390.95554	-349.27505	899.29266	323.92413	-524.29340	903.61646	419.48764	-590.89899	905.74164	94.42101	-399.45660	448.12714	162.55310	-577.24249	510.31696	477.31747	-501.60422	85.97662	138.49080	-627.65564	131.36351	454.76910	
254	2.530	-401.81146	1372.61169	474.88458	-494.00348	1539.79163	232.29581	-354.07794	1454.27271	293.10794	-533.75238	1423.65527	424.98514	-331.55121	1288.41760	152.29544	-652.09583	1286.09827	347.98978	-440.78238	1180.36609	375.70874	-536.79761	1292.44836	151.04387	-259.49008	971.70569	89.48112	-769.73877	1026.30945	319.79761	-139.85364	803.50031	136.87053	-839.36353	805.49829	398.54651	-345.52991	897.18304	328.90823	-519.07782	902.61572	427.71545	-589.14270	905.52551	102.36219	-397.62207	448.35806	165.58600	-568.82690	508.62857	483.73828	-501.32547	86.52881	138.51413	-609.11664	127.60062	478.75729	
255	2.540	-397.17334	1371.20398	484.31412	-489.30847	1539.12402	240.51967	-350.15271	1454.16211	299.14951	-530.96088	1423.27698	433.56741	-327.67615	1287.30627	160.66072	-647.38226	1285.07092	357.18045	-435.52704	1178.24280	383.51974	-533.36029	1292.10254	159.64688	-255.15791	970.90710	96.84251	-766.00781	1025.74280	328.28214	-134.95773	802.41614	145.77209	-836.72229	805.07379	406.30444	-340.63596	895.98804	335.57050	-513.70654	901.68085	435.83121	-587.74884	905.79822	109.71039	-396.45184	447.59460	168.96124	-561.02655	506.37460	489.79462	-501.46133	86.80836	139.46936	-591.44977	124.96767	503.60547	
256	2.550	-395.20895	1370.95496	492.21622	-485.50385	1537.58472	248.77257	-345.93280	1452.76428	308.97037	-526.85699	1421.78809	441.59933	-323.53760	1286.16626	168.04361	-642.58893	1284.15625	366.11447	-431.39279	1176.92126	392.83865	-529.51343	1290.96118	168.27544	-249.99338	969.86731	105.61874	-762.28119	1025.43970	336.89441	-130.90007	801.32361	154.76614	-834.15063	804.76367	413.98727	-336.28482	894.57855	341.49551	-507.75842	900.22449	444.80743	-585.68658	905.29871	118.69135	-396.13965	447.78317	171.21306	-553.52661	503.77448	495.24393	-501.41293	87.13360	139.53900	-572.12207	124.36359	524.01215	
257	2.560	-391.48389	1369.69482	500.81354	-480.53860	1535.57935	257.52344	-342.09286	1452.17712	316.24908	-523.17700	1420.57800	449.56516	-320.27783	1285.03088	175.57797	-637.80066	1282.85217	375.12341	-425.73318	1175.54382	399.27310	-525.37244	1289.95776	176.81996	-245.63235	968.33643	114.04913	-758.34711	1025.10034	345.11810	-126.35576	800.91797	162.15390	-831.80865	804.72418	421.96161	-331.59460	893.18311	348.03268	-502.26358	898.65527	453.65247	-583.98120	904.61029	127.55547	-395.51950	446.80515	174.87939	-546.76550	500.89011	501.61685	-502.04456	87.68291	140.13611	-551.89819	123.52151	547.33734	
258	2.570	-388.19931	1368.98962	509.62625	-476.12845	1534.39343	265.69055	-337.90289	1450.96753	325.88669	-519.99164	1419.90503	458.13855	-315.75204	1284.16711	182.86307	-633.07343	1281.53003	384.52649	-421.13477	1175.01929	408.05200	-521.48883	1288.57898	185.55653	-241.28799	967.32031	121.42364	-754.42261	1024.10754	353.75665	-121.89954	799.44244	171.19156	-829.22064	803.94196	429.88467	-326.77908	891.74298	354.67999	-496.25781	896.95801	461.95935	-581.97723	904.25616	136.90788	-394.04666	446.38931	178.89297	-540.26031	498.20023	507.31894	-502.15485	88.03326	140.25482	-532.12457	122.77659	567.00470	
259	2.580	-383.99896	1367.66833	518.19519	-472.07217	1532.82666	274.11981	-333.74628	1449.83252	335.66370	-516.05750	1418.29871	466.16241	-312.22754	1282.79968	191.25600	-628.25439	1280.25806	393.74762	-416.25525	1173.39819	416.06058	-517.62213	1287.16943	194.43527	-236.55351	966.14618	127.83748	-750.85535	1023.36981	362.63235	-117.40390	798.31201	179.31622	-825.87726	803.61267	437.64856	-322.24149	890.68036	361.36542	-491.18491	895.64209	470.91022	-579.46948	903.43488	146.26459	-392.93198	446.42911	182.31700	-534.60406	495.86963	513.87421	-502.81277	89.15580	139.69260	-510.35043	124.40479	585.28204	
260	2.590	-380.97595	1366.60095	527.38452	-467.97101	1531.31946	282.54086	-329.74319	1448.95483	343.28384	-512.54749	1417.17957	474.34338	-308.20474	1281.08826	199.47562	-623.43768	1278.81226	402.77530	-409.99329	1171.17712	423.82269	-513.65143	1285.71680	203.34546	-233.21007	965.17029	137.27649	-746.74683	1022.47162	371.25006	-113.55308	797.07281	188.06885	-823.60846	802.91199	446.25055	-318.18378	888.67572	368.42749	-485.51111	893.61444	480.23724	-577.00336	902.76825	155.28973	-391.51324	445.43121	186.86415	-528.89758	493.70023	520.26428	-502.71381	89.93844	139.63101	-490.54651	127.35288	601.00598	
261	2.600	-377.43906	1365.86633	536.40265	-463.72852	1529.56799	290.82425	-325.73459	1447.36414	352.81213	-509.29727	1415.60083	482.77139	-304.29999	1279.84863	207.32219	-618.77692	1277.31494	412.50613	-405.53030	1170.12256	433.51633	-509.73264	1284.23047	212.16272	-229.69693	963.51520	145.98062	-742.50720	1021.31464	379.89951	-109.90159	795.58813	196.10373	-821.16455	802.42371	454.46725	-313.16516	887.29602	375.78806	-479.37631	891.41724	488.10846	-574.16138	901.65009	165.02330	-390.05814	445.04163	191.49170	-523.19476	491.19971	527.01624	-502.75244	90.43189	140.76740	-471.25858	129.89276	615.27563	
262	2.610	-373.91348	1364.67871	545.50641	-460.61725	1528.84277	299.15262	-321.63586	1445.80664	362.49237	-505.21497	1413.98926	491.27271	-300.17303	1278.45618	215.43149	-613.72070	1275.42419	421.80545	-398.94348	1167.94507	440.33298	-506.07617	1282.55432	221.28537	-226.16881	961.98438	154.34915	-738.62537	1020.27161	389.04117	-106.05358	794.33618	204.19423	-818.22510	801.30212	462.62854	-306.95398	885.96057	382.93790	-473.34390	888.99103	496.83002	-571.44714	900.42712	174.50586	-388.39236	444.08286	196.12849	-517.19177	488.55289	534.47412	-502.17636	91.43229	141.14323	-454.96100	133.69814	628.00610	
263	2.620	-370.55096	1363.63318	554.74054	-455.74359	1526.11487	307.75217	-317.97202	1444.44434	371.72998	-501.69238	1413.11450	499.94373	-296.55719	1277.07837	223.35370	-609.08167	1273.60522	431.70871	-395.09131	1167.49451	450.06464	-502.23459	1280.82178	230.52327	-221.95480	960.62976	162.58420	-734.15094	1018.18158	397.88358	-102.42711	792.98633	212.14174	-815.17950	800.25171	471.56738	-300.96881	885.31683	391.47067	-467.38940	887.23389	505.48672	-568.06323	899.19763	184.09579	-387.13080	444.33923	200.96004	-511.05951	485.98148	542.14392	-502.79059	91.86851	141.38467	-441.09241	136.63614	639.40375	
264	2.630	-367.04797	1362.99939	563.91974	-451.85898	1524.43457	316.29700	-314.00372	1443.35266	379.90164	-498.71072	1411.79724	508.95831	-292.75983	1276.05237	232.77461	-604.55988	1271.48169	441.67651	-389.38583	1165.19727	458.54272	-498.64578	1278.98828	239.73882	-217.76111	958.85974	169.33876	-730.51349	1017.32324	407.26917	-100.12303	791.65149	220.82697	-812.10266	799.16498	480.35382	-295.84857	882.90295	399.05588	-460.89197	885.26483	513.61499	-564.92255	897.84515	194.03836	-385.46198	443.74411	206.82304	-504.20911	484.24426	550.06635	-503.13855	93.30049	141.40158	-429.28860	140.31451	650.20844	
265	2.640	-363.68823	1362.21179	573.33435	-447.93326	1522.97351	324.96661	-310.20169	1441.84192	391.24387	-494.13907	1410.39294	517.66547	-289.31555	1274.41492	241.12772	-600.02411	1269.85461	451.34793	-384.21976	1163.91602	467.28329	-494.37357	1277.08948	248.84370	-214.64560	957.68909	179.85660	-726.37451	1015.29919	417.20483	-94.58450	789.70831	228.84641	-808.76794	798.29266	488.69669	-290.90302	881.77258	407.64682	-455.14301	883.62341	523.08875	-560.29901	895.56641	204.04234	-383.50806	443.45670	211.42740	-498.20578	482.01962	558.09125	-502.97659	94.02214	141.89334	-416.59665	140.67554	658.82813	
266	2.650	-359.76324	1361.42139	582.67126	-444.21112	1521.24768	333.68503	-305.82980	1440.41626	400.55093	-490.93472	1409.80530	526.81250	-284.96381	1273.55530	250.51344	-595.68402	1268.01001	461.57498	-381.97595	1163.54578	478.09363	-490.79053	1275.84082	258.79434	-211.91608	956.39691	188.55852	-722.03192	1013.56378	426.45572	-92.89191	788.85522	236.77490	-805.51819	797.01184	498.31036	-285.41327	879.61066	416.72861	-449.22241	882.14844	532.73621	-556.72241	894.47131	213.56328	-381.24377	443.66360	217.10219	-490.92484	480.82513	566.32410	-502.60837	96.32240	142.36539	-406.82104	140.23668	666.57178	
267	2.660	-356.49976	1361.45605	592.23804	-440.64423	1519.90588	342.50140	-302.80896	1440.27283	407.58020	-487.75897	1408.99316	535.99133	-281.47528	1272.87598	259.03882	-591.39703	1266.44946	470.90219	-375.78748	1162.33203	486.92270	-487.53699	1274.19104	268.41037	-208.13210	954.94928	195.34514	-717.24719	1011.93231	436.84494	-88.76430	787.40485	244.63902	-802.49945	796.08417	507.75317	-280.60837	878.56000	425.32224	-443.92175	881.54395	541.98358	-552.91138	892.97229	223.59238	-378.15326	443.50027	224.17134	-483.98639	480.10947	574.67828	-503.44067	97.96574	142.81804	-395.54965	137.93604	671.86383	
268	2.670	-352.21744	1360.94702	601.67462	-437.24777	1518.56860	351.61414	-298.51294	1438.88208	418.61465	-483.17657	1408.10254	545.41406	-278.14453	1271.82751	268.25769	-587.22925	1264.72083	481.09711	-368.98849	1159.43750	494.98428	-483.47794	1272.88306	278.28912	-205.35332	954.19891	204.01659	-712.65851	1010.20398	447.24954	-86.98921	786.45874	251.76796	-798.30310	794.51007	516.76086	-274.30316	877.63226	433.82492	-437.78439	880.04449	551.05542	-547.70483	891.56781	233.69080	-375.49365	443.65363	230.93309	-476.08987	479.09149	583.29077	-502.60730	100.17677	143.71217	-387.89874	133.10443	675.48157	
269	2.680	-348.71927	1361.03455	611.52063	-433.80869	1517.22119	360.38614	-295.35275	1438.93152	426.60095	-480.20755	1407.59631	554.81488	-273.98819	1271.28308	278.28979	-583.29572	1263.45154	491.41043	-365.67258	1159.29492	505.53284	-479.58704	1271.87207	288.37256	-203.19896	953.30554	213.98489	-708.29565	1008.72931	457.26669	-83.03130	785.36505	259.93854	-794.64301	793.66925	526.43573	-268.92978	876.89520	442.95645	-432.13623	879.24457	561.44141	-542.34521	889.87811	243.97699	-372.05664	443.37042	238.01045	-467.62463	477.46964	592.14703	-502.03098	103.02126	143.92865	-380.66696	129.89433	678.74438	
270	2.690	-345.02097	1361.78870	621.33691	-430.68411	1516.21753	369.78543	-291.97919	1438.39612	436.72372	-476.73611	1407.09753	564.56964	-270.36484	1271.20215	287.75064	-579.17120	1262.14331	501.42154	-361.37704	1158.95435	516.00214	-476.25891	1270.72034	298.25436	-200.51512	952.95215	223.30391	-703.68103	1006.95313	467.13605	-81.44836	784.66589	267.62686	-790.08905	792.33496	536.17566	-264.22980	876.50397	452.57587	-425.75137	878.29193	571.42798	-537.61627	888.71722	254.18568	-367.73825	443.96783	246.06514	-459.26758	476.59628	601.37891	-501.05035	106.03738	145.39417	-374.09161	123.16526	679.51294	
271	2.700	-340.52182	1361.63672	631.09973	-427.72113	1515.44177	379.27618	-288.44128	1438.29761	445.71539	-472.60162	1406.95557	574.23102	-266.53271	1270.54907	297.41080	-574.92810	1260.92468	511.47699	-357.23523	1158.19128	526.01196	-472.20874	1269.51831	308.65790	-197.57523	953.15686	231.98555	-699.22351	1005.70630	477.20679	-79.31785	783.48547	274.40134	-785.63452	791.21161	545.27136	-259.29456	875.65491	462.19733	-420.08691	877.14441	581.58990	-531.74585	887.58160	265.30212	-362.69565	443.62680	254.64478	-450.80988	475.41797	611.10217	-499.22311	109.05657	146.56738	-369.27115	117.53651	680.23419	
272	2.710	-336.72787	1362.43140	641.01422	-424.67233	1514.66089	388.58267	-285.08490	1437.93115	456.06216	-469.17975	1407.42896	584.11194	-263.18225	1270.74231	307.88379	-571.24506	1260.01721	522.45007	-352.04544	1157.56250	535.97894	-468.71860	1268.93103	318.76318	-195.13150	953.30243	240.85350	-694.64661	1004.06836	487.21875	-75.52304	783.85992	281.57135	-780.90802	789.76984	555.06421	-253.30438	875.49786	471.70724	-414.66418	877.40594	592.24597	-526.76526	886.78705	276.05154	-356.55780	443.88098	264.18384	-442.02701	473.62112	620.79559	-496.80399	112.98228	148.62933	-364.95706	112.04548	680.31903	
273	2.720	-332.75735	1363.14160	650.90924	-421.58145	1513.88977	397.82361	-281.66098	1437.78345	466.70322	-465.49725	1407.13806	594.32843	-259.86813	1270.60437	318.48523	-567.65546	1259.15479	533.05066	-348.57407	1157.47302	547.77539	-465.08502	1268.11511	329.50311	-192.79321	952.91998	250.07298	-690.46112	1002.94775	496.88150	-73.08544	783.17651	289.20969	-775.61206	788.34344	564.49402	-247.89755	876.72479	481.46591	-408.52164	876.64709	603.31421	-520.79431	885.21680	286.98035	-350.38153	443.57712	273.53680	-433.85242	471.76227	630.82501	-494.47287	116.65509	150.47868	-360.36502	108.92870	682.32440	
274	2.730	-328.68210	1363.85413	660.94550	-418.73416	1513.29749	407.23779	-278.01614	1438.31702	473.95316	-461.48706	1407.57031	604.36493	-256.23395	1271.05066	328.70605	-563.65533	1258.00562	543.89905	-344.56412	1158.26514	558.48462	-461.94397	1267.48730	339.90411	-190.75917	953.14954	257.03729	-684.73285	1001.69824	507.52005	-72.12582	783.56909	295.62772	-770.05676	786.86450	574.56372	-241.72910	877.46375	492.06281	-402.17068	876.66364	614.39990	-515.01086	884.23126	298.45837	-342.76099	443.37100	282.99625	-425.21732	470.33438	640.72229	-490.59183	120.19391	153.17703	-356.29657	107.81664	687.79578	
275	2.740	-324.62790	1365.79871	671.10120	-415.89761	1513.33923	417.03000	-275.15961	1439.17761	482.94818	-456.91534	1407.79797	614.92938	-253.31476	1271.61365	338.33942	-560.12952	1257.37463	555.02698	-339.60110	1158.59021	568.92474	-458.83447	1267.39014	350.91663	-188.50739	953.93799	266.52411	-679.57513	1000.06720	518.07050	-70.10943	783.46521	303.22333	-764.30237	784.60657	584.24500	-235.58112	878.11267	502.28870	-395.82477	876.71832	625.22412	-509.19366	883.63239	310.25781	-334.12003	443.54300	293.21173	-417.00546	469.34827	650.56226	-485.80597	125.79923	155.71869	-351.91043	107.19870	696.96289	
276	2.750	-319.87131	1367.36316	681.24377	-413.40491	1513.74500	427.45221	-271.84808	1439.82544	494.56467	-453.33325	1409.47546	625.53058	-249.75661	1272.18176	349.11475	-556.47034	1256.86340	566.22552	-335.68573	1159.68188	580.22058	-455.92062	1267.19312	362.16794	-186.64754	954.67621	274.91776	-675.28540	999.19489	528.26044	-67.69576	783.95270	309.66580	-758.54144	783.29010	594.02203	-230.35890	879.01520	511.00684	-388.80692	876.57556	635.83942	-504.17578	882.81061	322.64819	-324.55862	443.96106	303.02328	-408.93533	468.17346	660.11469	-480.19556	131.56876	159.09424	-350.00714	107.43198	705.49048	
277	2.760	-315.53665	1369.25745	691.60944	-410.98877	1514.36768	437.93240	-268.51260	1441.27185	504.22711	-449.29327	1410.63342	636.55841	-247.34764	1273.31921	358.95172	-552.59546	1256.64783	577.50446	-330.73819	1161.09375	590.24298	-452.26260	1267.43005	373.16534	-185.37061	955.72687	283.80038	-669.81677	998.79059	538.68542	-65.72533	784.88055	316.52512	-752.11346	781.69135	603.94843	-223.31143	880.45697	522.51196	-381.83319	876.48926	646.76202	-498.48694	883.04279	334.30600	-313.54544	443.89487	313.36008	-401.83612	468.21021	670.50757	-473.55264	136.65877	164.36688	-347.21140	105.78256	712.10199	
278	2.770	-310.58560	1370.93811	701.67877	-408.16586	1515.11804	447.81815	-265.57059	1443.17224	512.54700	-445.16391	1412.05115	647.46069	-243.77881	1274.76636	368.48114	-548.31714	1256.48975	589.10553	-327.46631	1163.21985	601.64862	-449.25986	1268.30115	384.29941	-183.24702	957.18695	292.69821	-663.87006	996.87469	549.98218	-63.76835	786.55878	322.77069	-746.33325	780.73663	614.07343	-217.73964	882.72217	533.44318	-374.89023	877.07794	657.70178	-493.71207	883.38300	345.89786	-301.45541	444.17502	324.23804	-395.57874	469.86551	681.13458	-465.03552	142.93593	169.78627	-344.90424	104.72267	719.56329	
279	2.780	-306.11951	1373.04785	712.09521	-405.45511	1515.68713	457.82593	-261.92548	1444.53967	521.91650	-440.73447	1413.43518	658.40515	-240.72839	1276.70313	378.02011	-543.40637	1256.65515	600.28699	-320.93341	1163.55945	610.90662	-445.44836	1269.14026	395.05923	-181.02849	958.66510	302.66177	-658.44946	996.88312	560.61267	-61.31791	788.02362	329.62305	-739.33331	779.41315	624.26703	-212.43335	884.29803	543.82593	-369.21677	878.72473	669.15247	-488.48297	883.62103	357.47665	-288.27707	443.61029	336.50839	-389.15411	472.20096	691.26764	-455.41174	149.44905	175.91672	-341.83340	102.96152	726.34851	
280	2.790	-301.58618	1375.15002	722.38708	-403.11319	1516.17029	468.28271	-258.74603	1445.88464	533.24988	-436.66019	1413.88098	669.39441	-237.06624	1278.19604	387.96912	-538.97729	1257.14197	611.34827	-317.69031	1165.92847	622.40070	-442.28397	1270.16150	406.21133	-178.49892	960.65338	312.22797	-652.62555	996.91132	572.31769	-59.24904	789.64209	336.15109	-732.64435	778.85889	634.98035	-206.53856	886.98907	553.72510	-362.92123	880.02167	679.71210	-483.88760	884.74115	367.46912	-273.84174	442.96500	349.58987	-383.20636	474.72476	700.75464	-444.65430	156.42636	182.96289	-339.26901	101.44943	730.61517	
281	2.800	-296.97964	1376.62073	732.40747	-400.76047	1516.47290	478.75854	-255.60172	1447.58655	543.03479	-432.88605	1414.30481	679.51135	-233.63652	1279.86963	397.67667	-534.05151	1257.67224	622.47382	-312.57916	1166.95837	632.22412	-438.93082	1271.72949	416.59152	-176.17490	962.47644	321.49799	-646.87158	997.28516	583.53278	-57.04941	791.96631	342.81186	-725.34796	778.70282	645.68286	-201.85117	889.30249	563.68237	-357.10297	882.02478	689.98456	-478.62082	885.69629	378.62823	-258.84570	442.39688	363.73294	-378.23001	476.76755	704.66650	-433.99872	163.03786	191.36482	-336.03683	99.93504	734.27222	
282	2.810	-292.73483	1378.21985	742.62000	-400.25311	1518.34802	488.57217	-252.22388	1449.20190	553.15735	-428.87048	1414.48535	690.14526	-229.83725	1281.45532	406.66501	-528.89880	1258.59058	633.51337	-306.87955	1168.52832	640.80750	-434.53333	1272.39221	426.78421	-174.58791	964.25476	329.27838	-640.74219	997.95068	594.72565	-54.31721	793.51923	349.32153	-717.74115	778.64172	657.12396	-197.25684	891.67249	573.68292	-352.31479	884.34827	700.50494	-474.67838	886.65948	388.60150	-243.30974	442.00763	378.67807	-373.22357	479.38565	712.51752	-423.47958	170.60243	202.00395	-331.66348	98.61356	736.70868	
283	2.820	-288.29276	1379.54114	752.83875	-397.17038	1519.01221	498.79654	-248.53247	1451.27466	560.94696	-425.01709	1415.11292	700.22882	-225.95645	1283.19446	415.39032	-523.47540	1259.31909	644.12360	-302.15533	1169.50085	650.33508	-431.42398	1274.09741	436.59302	-171.37250	966.18665	339.14572	-634.60785	998.28583	606.50043	-51.66590	795.84467	355.26379	-710.37573	779.02844	669.01837	-193.05783	894.01764	583.74353	-347.49121	886.54761	709.89929	-470.38187	888.05725	397.85773	-226.74565	442.13196	393.24658	-368.72531	481.28598	721.28479	-412.62076	178.32976	213.36086	-330.46835	98.34115	737.60602	
284	2.830	-283.92419	1379.68005	759.67108	-393.58231	1520.29724	506.24747	-244.98450	1453.07214	571.73004	-421.31549	1415.02405	710.60498	-221.90268	1284.88086	424.71140	-518.37189	1260.86108	654.47211	-297.61514	1170.81567	659.92725	-427.26733	1275.42407	446.29529	-167.81377	967.81879	346.84671	-628.87457	998.63104	618.36334	-47.90886	797.25592	362.18958	-703.00342	779.53442	681.38580	-188.42886	895.83496	593.40051	-342.86136	888.49042	719.49304	-465.93225	888.70160	407.22055	-210.02739	442.14377	409.27582	-365.65021	482.40707	730.63275	-399.82135	186.13895	225.78036	-329.85272	97.62531	738.02783	
285	2.840	-279.59708	1381.23926	772.61975	-390.30646	1521.36462	516.19073	-241.46790	1455.18042	582.96857	-416.67621	1414.73389	720.44250	-217.59927	1286.19019	433.01022	-512.30627	1261.37610	664.30963	-291.90430	1172.06494	667.60529	-422.74753	1277.00403	455.57761	-164.37779	968.86060	355.10040	-622.69128	999.50653	630.25531	-43.88605	799.32159	369.12930	-695.52899	780.00922	693.98035	-184.04878	897.41467	602.56921	-338.56244	889.63898	729.23260	-461.67624	888.65631	416.10013	-192.81285	443.65341	423.84476	-363.36469	481.42075	738.85400	-386.07019	194.38052	239.89565	-330.04834	95.68462	737.99469	
286	2.850	-275.65524	1382.02502	782.11792	-386.79996	1522.81775	527.23724	-237.30402	1457.17065	593.08527	-412.86685	1414.92859	730.16510	-213.52350	1287.52600	440.80679	-507.77170	1263.54858	673.79956	-286.79807	1173.10327	676.32941	-418.73154	1278.55859	464.22974	-160.93274	970.06036	363.03735	-617.17688	1000.55243	642.69360	-40.02857	800.85077	375.60455	-688.13715	780.88129	707.37750	-180.61548	898.43250	612.03931	-334.91888	891.20276	738.18317	-457.01999	888.10620	426.22461	-174.71512	445.47269	438.85580	-362.08597	481.01569	747.17816	-371.90295	202.84164	254.22691	-330.84964	96.89016	738.11133	
287	2.860	-270.72614	1381.43872	790.95569	-383.27866	1523.98669	537.80341	-233.15390	1459.07764	602.95630	-408.91068	1413.93530	739.12476	-209.37830	1288.90332	448.99713	-502.47720	1265.02112	683.20496	-281.26089	1174.22095	683.24469	-414.71274	1280.07007	473.36374	-156.88243	971.53900	371.10098	-611.46002	1001.67566	654.86310	-35.42734	802.51111	381.30106	-679.84595	781.68524	720.91125	-176.93523	899.29919	621.64972	-330.76981	892.01654	747.03845	-453.16525	888.16138	435.95731	-157.00117	448.82178	452.19214	-361.51529	479.26901	755.21356	-359.05585	211.04362	269.83768	-330.70773	97.22662	739.07440	
288	2.870	-267.24203	1382.07715	800.70032	-378.84003	1525.14001	550.12811	-229.63029	1460.96289	613.54614	-405.08719	1413.85449	748.19598	-204.59003	1289.49805	457.19214	-497.56766	1267.06006	692.19135	-276.82907	1175.75964	692.62994	-409.58334	1281.11145	481.67386	-151.85007	972.70947	377.98590	-606.92657	1003.36493	666.60907	-30.51797	803.89044	388.09268	-672.24866	782.75806	734.47662	-173.26929	899.51978	630.28632	-327.51913	892.98590	756.45721	-448.94376	888.17114	444.49783	-140.98174	452.17941	467.57712	-360.63629	479.35464	764.15277	-347.95053	218.21645	283.95996	-331.07010	97.41432	738.90094	
289	2.880	-263.36118	1382.17419	809.66516	-373.82104	1525.86230	560.25610	-225.25427	1462.60718	623.10785	-401.56458	1413.34070	756.80231	-200.52214	1290.35706	465.16797	-492.30255	1268.70898	700.58264	-271.68094	1176.59351	700.91565	-405.05457	1282.29858	490.29016	-147.14728	973.71094	387.06485	-601.91290	1004.64691	678.11444	-25.95714	805.58966	395.13116	-664.51398	784.22687	748.47668	-169.84729	899.90686	639.39636	-324.42535	894.13562	765.59369	-444.41779	888.77631	453.94272	-125.83410	457.12128	482.98923	-364.34348	476.40186	768.43701	-336.71597	223.86710	300.51917	-331.42038	96.25697	737.48615	
290	2.890	-258.87033	1381.79846	817.31964	-370.32425	1528.34875	569.24023	-221.36116	1464.59583	631.85205	-397.70236	1413.64600	765.15546	-195.36174	1291.15955	473.20898	-487.52731	1270.37280	708.99774	-265.54102	1177.38696	707.50854	-400.54892	1284.13562	498.08844	-141.89293	974.71753	394.08118	-596.75024	1006.43359	689.44928	-21.41377	806.75140	401.53766	-656.56921	785.67816	762.39825	-166.24524	900.19012	648.68976	-320.81924	895.20972	773.91296	-439.83566	890.10956	462.74008	-111.48428	461.23605	498.91110	-367.42825	473.85904	774.22882	-323.57254	228.98807	316.95999	-331.70096	95.74948	736.63293	
291	2.900	-255.42065	1382.10730	826.25665	-366.27173	1530.59314	578.54047	-217.02177	1466.60376	640.28119	-393.97421	1414.41431	774.12402	-190.99268	1292.02600	481.59778	-482.78864	1272.60645	716.71973	-262.03674	1179.12939	716.46277	-396.08521	1285.85767	506.18643	-136.72086	976.00946	400.93558	-591.85120	1007.90924	700.39728	-16.46119	808.54706	407.86218	-648.04645	787.11334	776.87177	-162.77243	900.47992	658.27911	-317.69714	896.26440	782.24670	-435.58737	892.63794	471.35635	-97.78821	466.31534	515.20569	-373.22528	472.34717	778.17841	-308.09708	230.31520	335.39600	-333.50598	95.88123	735.22906	
292	2.910	-252.02637	1382.54736	835.41034	-361.10526	1532.44971	587.83887	-212.50580	1467.84827	651.78430	-390.16553	1415.43542	782.01093	-186.11630	1293.56006	489.23074	-478.25494	1274.85754	724.77753	-257.11652	1180.44238	724.16229	-391.01218	1287.44360	514.33752	-132.53978	976.65259	407.43506	-586.98779	1009.61243	710.34180	-11.74497	810.66107	413.72739	-639.82507	788.64331	791.09650	-158.41060	901.52777	667.52637	-315.29535	897.70575	791.44623	-430.82959	894.92188	479.33368	-84.54853	471.76788	531.57813	-375.31613	469.86005	781.85645	-292.04205	232.64287	351.34567	-334.69843	95.89793	734.36090	
293	2.920	-249.17212	1383.44714	844.17310	-356.36075	1534.61353	596.89868	-208.18965	1469.80127	660.00189	-386.80508	1416.52124	790.31836	-181.52728	1294.26929	497.23828	-474.02457	1277.36938	732.21252	-252.99133	1181.92273	732.50818	-386.11243	1289.11694	521.97473	-126.84338	978.74561	415.79413	-582.42401	1011.48590	720.37396	-7.23566	812.61316	420.63611	-631.76910	790.00348	804.59460	-154.61484	902.17352	677.02106	-312.64746	899.25232	800.01074	-425.77374	896.77728	487.16351	-72.56757	477.90475	548.51843	-377.47061	467.27280	783.42664	-274.23447	233.07835	368.95532	-335.81754	96.88143	732.28644	
294	2.930	-245.29959	1384.13708	852.57013	-351.35599	1536.48242	605.44006	-203.68327	1471.26257	668.80554	-382.80615	1417.54675	798.47522	-176.66386	1295.65979	505.32840	-470.01251	1279.40369	739.48688	-249.33243	1184.23767	740.38196	-381.13922	1290.68518	529.78894	-121.79110	980.25842	423.22635	-578.13098	1013.60193	730.36780	-1.92646	813.53528	427.20389	-623.69135	791.66266	818.48523	-150.28052	903.55518	686.23053	-310.16733	901.04114	808.63025	-421.35086	899.18384	494.93472	-61.57666	483.35913	564.36823	-378.81366	465.73660	784.95947	-257.60648	233.14000	386.72668	-336.33691	96.89990	731.97241	
295	2.940	-242.04228	1385.15906	861.18640	-346.06619	1538.23059	613.76630	-198.90549	1472.02380	680.87170	-378.64700	1418.72314	805.99542	-172.29353	1296.93372	514.11017	-465.97531	1281.66406	747.12244	-244.79588	1186.14917	748.13458	-377.03445	1292.82288	537.70026	-117.37342	980.58392	432.94904	-573.68353	1015.55353	739.62097	2.45592	815.54791	434.03510	-615.21350	792.84241	831.95325	-146.05412	904.86169	696.26752	-307.77426	903.11145	817.12054	-416.53857	901.16705	502.44687	-52.26574	488.43973	580.87939	-380.92899	464.87704	786.11182	-240.85657	231.89050	405.62045	-336.55270	96.35221	731.18781	
296	2.950	-238.96979	1386.34436	869.79034	-341.31503	1540.97803	621.35883	-194.16879	1473.46960	687.56226	-375.28024	1420.57727	814.21619	-166.91612	1298.35144	522.85052	-462.31482	1284.01599	754.52490	-241.27849	1187.77087	757.17999	-371.99426	1294.15234	545.48492	-113.38512	983.26666	438.46631	-569.20300	1017.46313	748.36731	7.17072	817.73505	441.32474	-606.72693	794.06775	845.68988	-141.18504	906.44989	705.59027	-304.75470	904.92261	825.37585	-411.62860	903.02222	509.96973	-42.94920	493.99509	595.98413	-382.00290	464.31177	788.29163	-223.70874	228.92447	425.59201	-337.25452	96.53251	730.93414	
297	2.960	-235.87677	1386.41406	876.01910	-334.73926	1540.76880	630.26611	-189.64726	1474.41760	696.67389	-371.03119	1422.28589	821.58575	-162.60126	1299.81165	531.08575	-458.74774	1286.09570	762.15540	-237.83813	1189.56934	765.81256	-367.14694	1295.34033	554.11969	-110.01833	985.15112	446.60901	-565.13831	1019.52094	757.30652	11.88435	819.61938	448.06952	-599.61414	796.08551	858.74353	-137.88354	908.52386	715.21436	-301.97073	906.80597	833.13379	-406.98694	905.16925	516.79388	-35.62082	499.45297	611.48608	-381.94431	464.20648	790.20013	-205.83475	224.68890	445.21951	-337.69321	96.96639	730.68604	
298	2.970	-231.66261	1388.35388	886.13269	-330.39490	1542.95264	637.86407	-184.72250	1474.72693	707.85974	-367.45917	1423.61169	829.30078	-157.80229	1300.95923	539.74438	-455.08661	1287.64404	769.36829	-233.99677	1191.09729	773.90576	-362.31482	1296.29260	561.82751	-105.01627	986.17456	454.57590	-561.18359	1021.28040	765.63818	16.71774	821.23431	454.32159	-591.84894	798.03888	871.62036	-134.03920	910.50287	724.93500	-299.26370	908.48944	840.89423	-402.35727	906.81958	524.32904	-29.49972	504.35721	625.33496	-382.75238	465.02661	791.37140	-187.52315	220.01207	465.87128	-337.72830	97.01818	730.69287	
299	2.980	-228.84753	1389.35657	894.95569	-325.03952	1544.30225	645.65820	-180.02338	1475.75867	714.49316	-363.30353	1425.87158	837.33514	-153.46341	1302.56726	548.76801	-451.20447	1289.42615	776.54150	-231.45712	1193.24390	783.54797	-358.11426	1297.57178	569.44495	-100.04488	987.91547	462.66110	-556.94513	1022.59161	773.84912	21.51310	822.79437	460.69156	-584.24585	799.94812	884.18793	-130.02475	912.79895	734.32880	-297.03345	910.80719	848.06915	-396.74188	907.71545	531.00964	-24.38244	508.88199	640.63611	-381.69968	465.03851	792.92792	-169.33710	214.23201	487.08594	-337.80792	97.39219	731.10358	
300	2.990	-225.05054	1390.28357	903.25836	-319.85672	1545.59204	653.50189	-175.63651	1476.43335	722.96973	-359.86600	1427.50696	844.93915	-149.06679	1303.08740	557.94025	-447.32703	1290.25598	783.75488	-227.57100	1194.74817	790.91321	-353.42368	1298.52393	577.39612	-96.25002	989.69891	471.09171	-553.01978	1024.00574	782.19043	26.14740	824.78241	467.15005	-577.27124	801.36023	896.64368	-126.82269	914.66003	742.97516	-294.14050	912.14795	855.18335	-390.66711	908.86090	538.15906	-18.85365	512.75647	655.18036	-380.25397	465.41418	794.81824	-151.60207	208.22102	508.18011	-337.95120	97.51596	731.25000	
301	3.000	-222.61009	1390.97119	910.26740	-314.40628	1546.34534	661.00391	-171.16727	1476.90405	731.26532	-355.70645	1428.76257	852.59229	-144.01341	1303.90747	566.30219	-444.01608	1291.72278	790.98053	-224.36258	1195.88904	800.01868	-349.06345	1299.16602	585.65674	-90.95106	991.09229	479.15366	-549.38654	1025.15430	790.36487	30.79200	826.30719	474.42343	-569.74255	803.07568	909.19788	-123.55406	916.24084	753.52423	-291.59552	913.41003	863.07593	-384.51666	908.83051	544.82556	-13.81066	516.06250	669.57690	-378.82718	465.76199	797.19843	-133.23958	200.62758	530.33099	-337.87970	97.58074	731.35876	
302	3.010	-219.17918	1392.25134	920.52832	-309.21808	1547.17261	668.90558	-166.22668	1476.90662	740.41589	-352.68024	1430.47827	860.95929	-139.31995	1304.91736	576.29529	-440.56583	1292.55261	798.41327	-221.41875	1197.10400	808.96307	-344.56143	1300.27148	592.90216	-86.55332	992.45349	487.38693	-545.37030	1025.72754	798.84418	35.53357	827.36615	481.57657	-563.55658	805.51215	921.22601	-120.12267	918.19348	763.09814	-289.21951	914.73383	870.59760	-378.91254	909.72925	551.79449	-8.96093	518.51569	684.49530	-376.93747	465.44693	799.81287	-114.66665	194.16183	552.97015	-337.97809	97.85844	731.45135	
303	3.020	-215.86388	1392.85498	929.16095	-303.86588	1547.84985	676.62524	-161.46452	1477.09497	748.60492	-348.90472	1431.59631	868.36462	-135.00148	1305.17737	585.34406	-437.11182	1293.13062	805.45844	-218.38747	1197.85498	817.94879	-339.86612	1300.52026	601.31476	-82.21505	992.92212	497.08951	-541.51172	1026.23462	807.43781	40.24376	828.49896	489.24170	-556.94897	806.66254	933.50635	-116.91539	919.39447	772.05798	-286.70059	915.25122	877.65613	-372.79559	910.19427	558.32953	-5.35217	520.97052	699.06952	-375.51382	465.95224	803.64508	-97.90094	187.41479	576.38074	-337.63297	97.89969	731.39197	
304	3.030	-212.52431	1393.33862	937.51941	-298.07382	1547.17078	685.02582	-157.00838	1476.76331	757.95673	-344.95987	1432.48584	876.08502	-129.83305	1305.64307	594.29834	-433.48477	1293.46460	812.69946	-214.74698	1198.42114	825.57214	-334.53510	1301.15747	608.93719	-77.38282	994.21106	503.81964	-537.64587	1026.55579	816.31671	45.01091	829.72791	496.35101	-550.72626	808.02783	945.07318	-113.52600	920.90332	781.87653	-284.77432	915.85364	884.64056	-365.20560	909.87592	565.21442	-1.33834	522.05243	713.06720	-372.95798	464.91150	806.61633	-79.87433	180.11366	600.74597	-337.79510	98.49276	731.74963	
305	3.040	-209.87984	1394.18457	945.99298	-292.94992	1547.49609	692.83350	-152.56841	1476.65857	767.22949	-341.62601	1433.11682	883.75519	-124.98442	1306.12500	603.76959	-429.85846	1293.57947	819.93726	-211.85091	1198.31189	836.08667	-329.27295	1300.43555	617.26910	-72.21863	994.19000	513.60345	-533.76245	1026.52539	824.80884	49.66790	830.35046	503.37335	-544.60632	809.28571	957.00067	-110.41962	920.87976	791.90454	-282.76837	916.12128	892.48230	-358.80609	911.09381	571.39301	2.19107	523.15137	727.68018	-371.46091	463.89700	810.37164	-61.72005	173.51942	625.23578	-337.65582	98.62902	731.77972	
306	3.050	-206.63991	1394.28906	954.82465	-287.93729	1547.40637	700.70172	-148.42253	1476.52930	775.98779	-338.42065	1434.29626	892.04840	-119.29418	1306.32458	612.85492	-426.54169	1293.46008	827.27307	-208.11981	1198.39954	843.86060	-324.99292	1300.66772	625.62238	-67.27142	995.23688	521.78412	-530.04572	1026.32764	833.36859	54.40695	831.02008	511.04764	-538.47717	810.63397	967.93042	-107.00558	920.82050	801.41260	-280.36914	915.76501	900.02838	-351.66724	911.36694	577.22504	4.95880	523.87860	742.09454	-369.60425	462.31967	813.40454	-43.59162	167.62906	649.74707	-337.31171	98.75239	731.65851	
307	3.060	-203.39563	1394.30713	963.65491	-283.74387	1547.78516	707.98651	-144.26537	1476.33472	784.54260	-334.93802	1434.27026	899.66187	-114.14730	1305.83630	623.13885	-422.06311	1292.68591	834.02521	-204.76369	1197.84229	852.94025	-319.26929	1300.98730	633.29700	-61.65850	995.28564	530.31854	-525.71539	1025.89099	841.35431	59.30858	830.94635	519.31140	-532.91968	811.75610	978.67719	-104.06183	920.55469	811.87280	-278.68533	915.33600	907.78149	-343.36130	911.32477	583.42224	7.78625	523.66071	755.42700	-368.14432	461.26715	816.44244	-25.45928	162.05730	674.79395	-337.03253	98.85707	731.57831	
308	3.070	-200.40382	1394.34619	972.26520	-278.09271	1546.74097	716.60809	-139.92096	1476.12085	794.10980	-331.45407	1434.23718	907.30194	-108.51878	1305.59583	632.81213	-418.83185	1292.68958	841.33582	-200.54926	1196.81628	861.50763	-313.77505	1300.52039	641.48077	-56.63601	995.84930	539.28619	-521.85553	1025.36316	849.73535	63.89861	831.05615	527.50079	-527.56696	812.61444	989.34052	-101.25617	919.67731	821.27911	-277.31497	914.33093	915.42334	-336.13074	911.96350	590.18085	10.01765	523.16681	769.50879	-366.26364	460.01752	818.63232	-8.60370	155.79514	701.14838	-336.01837	98.52526	730.89313	
309	3.080	-197.84015	1394.44543	981.25598	-273.02155	1546.18445	724.38354	-135.71097	1475.48535	803.05713	-327.98236	1433.94897	914.90094	-103.65189	1305.32910	642.74249	-415.14651	1292.15149	848.54382	-196.77628	1195.27625	870.19476	-308.50546	1299.87354	649.69269	-51.37847	995.36768	548.69562	-517.66870	1024.58960	857.60547	69.11040	830.98126	536.16290	-522.44568	812.75134	999.29431	-98.35198	918.45782	832.19629	-275.28699	913.17670	923.07117	-328.57071	911.95148	595.88684	11.26859	521.24176	782.10754	-363.43512	458.28635	821.41980	7.87554	151.17606	727.64532	-334.80670	99.05161	730.83960	
310	3.090	-195.68321	1394.03491	990.45642	-268.35120	1545.15308	732.58716	-131.23070	1474.50391	812.59436	-324.48981	1433.42188	922.65540	-97.54655	1304.27393	653.17230	-411.34756	1291.10059	855.75763	-194.65564	1195.25415	880.48633	-302.92200	1299.50293	657.66583	-46.38433	995.24500	557.26074	-513.64294	1023.67242	865.55237	74.46362	830.94958	543.80139	-517.87897	812.95703	1009.05609	-93.60353	918.00513	842.25073	-272.83728	911.36456	930.36554	-320.32205	911.31677	602.66779	12.43771	519.37146	794.96606	-361.84418	458.00388	824.08093	24.87322	148.12959	753.64539	-334.02524	99.52036	731.29211	
311	3.100	-192.60352	1393.73535	998.75079	-263.34973	1544.12830	740.45905	-127.29622	1474.08643	820.22418	-321.29248	1432.52356	930.38757	-91.51911	1303.90515	663.46893	-407.31412	1290.07800	862.59058	-190.47495	1193.44250	888.86566	-297.23706	1298.88574	665.33807	-40.51100	995.10785	566.84113	-509.77570	1023.08179	873.49908	79.19013	829.87256	551.87158	-513.22937	812.30798	1018.34052	-90.83719	915.43884	852.55652	-270.83679	909.50476	938.21472	-312.63150	910.73840	609.53418	13.14962	517.04407	806.53326	-357.87711	456.68686	826.55890	39.84127	145.09926	782.04285	-333.77750	99.80743	731.35315	
312	3.110	-190.29419	1393.09814	1008.28033	-258.51657	1543.11804	748.73138	-122.88173	1472.79211	832.27045	-318.16779	1431.86292	938.21875	-85.88935	1302.20142	673.00006	-403.42993	1289.03833	869.85388	-186.84967	1191.59851	897.67145	-290.88437	1297.21179	674.04187	-35.00594	994.23242	575.39447	-505.24606	1021.55591	881.10248	84.30001	829.09680	561.19086	-509.01450	811.78510	1027.16882	-86.15624	914.31317	863.72345	-268.18143	907.40570	945.24969	-304.46860	910.39398	616.23077	13.22764	514.18188	817.53406	-355.65543	456.18170	830.61237	54.52880	143.58742	810.46094	-333.32751	99.76832	731.48853	
313	3.120	-187.66638	1392.15625	1017.15289	-254.26038	1542.86377	756.28284	-118.61642	1472.12170	841.15863	-314.92963	1431.10046	946.17596	-80.14672	1301.90808	684.21063	-399.42688	1287.79761	877.11548	-183.63786	1190.43591	907.54681	-285.77350	1297.01086	681.58942	-29.52560	992.99329	587.03503	-501.12161	1020.56293	888.27991	89.42937	828.12128	570.18469	-504.76428	811.32184	1035.69226	-81.93601	912.40649	874.33728	-266.20224	905.66461	952.75494	-296.84021	909.57806	623.47559	14.77400	511.48093	827.75378	-352.13913	454.80490	833.69812	67.70016	142.92218	838.63910	-333.00290	99.89986	731.71179	
314	3.130	-185.06363	1391.17505	1026.36975	-248.74500	1540.80933	765.43585	-114.44692	1471.34497	849.93823	-311.69559	1430.02966	953.86279	-73.90446	1300.63379	694.59802	-395.34296	1286.63098	883.72882	-180.11784	1188.73413	916.69958	-279.56808	1295.87415	690.08276	-23.85943	992.26733	595.09259	-496.87137	1019.10474	895.74481	95.11816	826.80896	578.82013	-501.03641	810.47986	1043.44482	-78.54485	910.11835	884.86420	-263.50449	903.67926	960.93298	-288.95728	908.03827	631.92096	16.76005	509.23724	838.54620	-347.26498	453.60034	837.56769	79.74699	144.01515	866.19537	-332.43619	100.15649	731.97266	
315	3.140	-182.71614	1390.06555	1034.98499	-243.72426	1539.76440	773.77295	-110.46524	1470.17444	859.58148	-308.63208	1428.47839	961.56812	-68.00600	1299.26672	705.35876	-391.17426	1285.29785	890.34656	-176.43047	1187.42627	926.06177	-273.13287	1294.60400	698.50592	-17.21671	991.48523	606.31866	-492.47601	1017.87439	902.96051	100.32507	826.12573	588.13428	-497.80740	809.77271	1050.87439	-73.74829	908.49835	896.42493	-260.98068	901.94629	968.73267	-282.50919	907.81873	638.96423	19.27325	506.08139	848.75732	-343.91129	452.64584	841.94061	89.53269	145.54062	893.35132	-331.07498	100.67702	732.79089	
316	3.150	-180.38329	1389.45642	1044.55225	-239.22325	1539.25305	781.56415	-106.21119	1469.18201	869.71198	-305.16220	1427.31213	969.59705	-61.72331	1298.32385	715.14850	-387.06696	1284.00317	897.68689	-173.20541	1186.05457	935.85004	-266.85107	1293.75659	706.56891	-11.33698	990.61420	615.37146	-488.48563	1016.23523	909.48901	105.80811	824.57928	597.45105	-494.23798	808.68658	1057.83301	-70.21945	906.02264	907.23175	-257.85049	899.87750	976.61823	-274.90674	906.69617	647.21741	22.38228	504.06003	858.78369	-340.13074	451.84280	846.75183	97.26875	147.88786	918.88489	-330.16183	101.05025	733.38641	
317	3.160	-177.88420	1388.19568	1053.64185	-233.52838	1537.46375	790.73352	-102.03664	1468.57068	879.66595	-302.44092	1426.50330	977.38409	-54.99637	1297.23279	725.94543	-382.53137	1282.73743	904.42371	-169.07530	1184.46509	944.92645	-260.46109	1292.12720	714.09424	-5.88618	989.04657	625.12854	-484.03528	1014.91602	915.75848	111.21126	823.26202	607.64331	-491.13425	807.50092	1064.38098	-66.04522	904.93793	918.66833	-255.28033	898.85901	984.69830	-267.33130	904.86188	654.69440	26.64737	503.04861	868.81763	-335.33981	450.71158	851.70697	103.29383	149.78722	941.94537	-329.48239	101.57114	734.31506	
318	3.170	-175.17453	1387.06616	1062.61548	-228.34341	1536.24365	799.34351	-97.45621	1467.41882	890.84106	-299.60504	1424.76978	984.95166	-48.90274	1295.48120	736.28589	-378.50620	1281.48523	911.31549	-165.75891	1183.42969	954.38239	-254.00056	1291.09192	722.63519	0.42363	988.48242	636.15485	-480.04169	1014.28644	922.05182	116.25184	822.81006	616.90741	-488.31415	806.36987	1069.73193	-61.85934	903.76892	929.10175	-252.21594	897.79022	993.20172	-260.86090	904.33032	662.08673	32.08841	501.06253	880.04718	-332.55716	450.29749	856.27228	108.07963	151.52870	963.91272	-328.93845	102.64908	735.26825	
319	3.180	-173.70982	1386.29395	1071.91882	-223.28447	1534.98633	807.97247	-93.30963	1466.68872	900.35742	-296.68484	1423.55859	992.58087	-42.82353	1294.27563	747.07013	-373.95383	1280.41516	917.84576	-161.41223	1182.23584	963.86383	-247.12959	1289.93701	730.76880	6.79832	986.55914	646.90955	-475.69730	1012.77417	927.71149	121.99823	820.63531	628.09442	-486.06537	804.97815	1075.25757	-57.78375	902.60809	940.36774	-249.31357	896.61798	1001.52289	-253.69983	902.57556	670.48083	36.23333	499.48471	891.65216	-328.61148	448.78577	861.43665	110.09435	153.07655	982.62573	-328.22235	103.31022	735.45142	
320	3.190	-171.36746	1384.80286	1080.82178	-217.45898	1533.83765	816.40460	-88.92467	1465.53748	910.86053	-293.34781	1422.18152	999.90753	-36.36525	1293.80225	757.81818	-369.57614	1279.28333	924.49292	-158.98590	1182.21167	974.29852	-241.15073	1288.80310	738.86279	12.53132	985.37640	657.13843	-471.49576	1012.03217	933.48517	127.30834	819.55554	638.76935	-483.13483	803.05133	1079.53918	-55.70583	901.58594	951.66974	-245.70950	895.60925	1010.38611	-246.23163	901.33289	678.76123	41.16802	497.77161	902.95325	-323.95816	447.47168	866.45197	113.01327	154.47269	999.62280	-327.80969	104.73466	736.33624	
321	3.200	-169.80550	1383.82458	1089.95007	-213.85056	1534.25977	824.50262	-84.80785	1464.84265	921.31757	-289.85736	1420.65613	1006.97949	-30.30068	1291.92920	768.81903	-365.36914	1278.63928	931.08038	-153.63304	1180.73108	982.40918	-234.36082	1288.15881	747.46289	18.64594	984.16144	668.39740	-466.60840	1011.12152	937.82367	133.03290	817.90460	649.88129	-481.17093	801.77020	1084.14465	-51.95891	900.80920	962.21924	-243.21123	895.08807	1019.70355	-239.75337	900.13696	687.68829	44.37560	497.24149	915.36908	-321.24103	447.46204	871.98218	113.74746	153.57921	1013.54498	-327.00009	105.99055	736.91235	
322	3.210	-168.11957	1382.68579	1099.05212	-206.14874	1532.10571	833.83081	-80.50471	1464.31604	931.70752	-287.06824	1419.37842	1014.33386	-23.01228	1291.15698	778.63690	-360.80936	1277.51563	937.85175	-150.87793	1180.74268	992.44037	-227.74463	1286.61389	755.83606	24.91146	982.90729	679.37610	-462.54004	1009.82922	943.10059	138.02660	816.06940	660.43781	-479.29602	800.31775	1087.40796	-49.09074	900.46320	973.62427	-240.34674	894.86151	1029.21912	-232.49428	899.40564	695.95459	48.18536	496.81528	927.99414	-316.99924	446.82309	877.52252	114.76467	151.56854	1025.70923	-326.69601	107.93919	738.02246	
323	3.220	-166.38226	1381.52734	1108.36060	-199.15767	1531.27783	842.52100	-76.12096	1463.71399	941.08594	-283.65790	1418.01965	1021.54999	-16.79326	1290.11255	789.42773	-356.33926	1276.91479	944.23236	-147.42786	1180.95251	1001.97516	-220.28105	1286.06628	763.72247	31.13625	981.98248	689.66760	-457.38058	1009.02466	947.73199	144.04395	814.64496	672.80792	-477.22516	798.92029	1089.91736	-44.85126	899.75757	984.54120	-236.68779	894.32562	1038.74536	-225.57283	898.16559	705.19580	51.75618	496.43683	940.73724	-312.53851	446.22314	883.20404	115.78122	148.54533	1034.46741	-325.83591	109.87355	738.87866	
324	3.230	-165.33401	1380.72290	1117.38428	-192.79381	1530.86780	851.28162	-71.75745	1462.82202	952.75800	-280.90311	1417.38403	1029.00745	-10.25564	1289.52063	799.41278	-352.21109	1276.17957	950.93152	-142.94710	1180.09229	1010.99127	-213.69281	1285.14539	771.67554	37.74539	980.84521	701.74194	-452.83167	1008.25769	951.63208	149.96364	812.91132	684.94800	-475.50357	796.87457	1092.47314	-41.21048	900.20868	995.69128	-233.16376	894.04956	1048.17920	-218.93501	897.02295	714.24963	54.45807	495.28741	953.69147	-309.48172	446.71927	889.43127	115.32426	144.68091	1042.05347	-326.40317	112.31345	739.64423	
325	3.240	-164.01776	1379.62524	1126.32007	-188.85149	1531.78003	859.61859	-67.51073	1462.41394	963.22412	-278.24130	1416.93396	1035.67896	-3.41558	1288.23975	810.76953	-347.82635	1275.42249	957.37097	-138.44267	1179.35400	1021.43878	-206.48244	1284.20618	780.43591	44.19428	979.56860	712.54401	-448.06912	1007.35956	955.70709	155.32098	812.00836	696.78131	-474.24527	795.44873	1094.58057	-36.33155	899.89612	1006.45502	-229.56584	894.14374	1058.31555	-211.83723	896.31110	723.68036	58.02101	494.03036	965.91180	-304.99622	446.38184	895.73938	115.07702	139.62018	1046.55676	-325.40854	114.70406	740.97302	
326	3.250	-163.35304	1379.01501	1135.83069	-179.95901	1529.92529	869.31323	-63.24760	1461.75549	973.86096	-276.68701	1417.46619	1042.67639	2.89221	1288.14600	822.00616	-342.87167	1275.17725	963.33112	-135.31592	1180.15723	1030.07849	-199.84213	1283.93787	788.74347	50.39410	978.80237	724.78595	-444.16150	1007.26172	959.67523	161.38962	810.25952	709.49365	-472.46826	793.80328	1096.31958	-32.47422	900.04688	1018.48010	-225.60042	893.90173	1067.62122	-204.19374	895.06689	734.12646	61.19440	493.07803	978.56897	-300.79199	447.09155	903.08154	114.84972	134.51543	1050.75391	-325.15759	118.14292	743.01245	
327	3.260	-163.23434	1378.44019	1145.00391	-172.54156	1530.04895	878.36835	-58.94730	1460.87427	984.41046	-273.62830	1417.49878	1049.37488	9.78887	1288.23218	832.55811	-338.16736	1275.06775	969.51495	-131.16505	1180.86511	1039.76270	-191.88661	1283.25098	797.25494	57.00290	978.01935	736.90051	-439.56750	1007.00519	963.89368	167.43922	809.08008	722.36884	-471.92947	793.09906	1097.30273	-27.66416	900.65631	1030.32397	-221.66702	894.38019	1076.92578	-197.17979	894.43903	743.99316	64.52804	490.21487	990.52484	-297.33685	447.30377	911.54388	114.87992	130.59047	1054.94543	-324.43457	121.43493	744.83307	
328	3.270	-162.70210	1378.27002	1153.93420	-167.26112	1532.50134	887.21576	-54.63539	1461.12402	994.98926	-270.60025	1417.39099	1056.24622	16.68739	1287.99377	843.98029	-334.00226	1274.93994	975.62323	-126.85424	1180.45935	1049.45154	-184.84621	1283.45288	805.43732	63.39070	978.03571	748.04517	-434.57483	1006.72235	967.38336	173.00185	808.29156	735.66187	-471.64005	792.40503	1098.06433	-23.92620	901.07190	1041.20154	-217.92676	895.05414	1087.42651	-190.03835	894.02576	753.82220	68.20728	489.17529	1002.64825	-293.35315	447.43875	920.35913	115.44543	130.08797	1060.50012	-323.64142	125.09472	747.72162	
329	3.280	-162.68503	1376.54395	1162.47546	-160.23259	1534.04773	897.46954	-50.44621	1461.03613	1009.14642	-267.96921	1418.26990	1063.41260	23.71388	1288.73389	855.38733	-329.37943	1275.62183	981.52026	-123.25268	1182.25879	1058.68689	-177.55704	1284.05432	814.16425	70.42971	977.96338	759.92706	-429.81668	1006.68976	970.82568	179.28893	807.59741	749.21429	-471.26462	791.86353	1098.20190	-18.85840	901.80829	1054.17334	-214.09406	895.96521	1096.92261	-182.78087	893.70398	764.80133	71.84762	488.47079	1013.93164	-290.06320	448.18790	930.18298	119.20115	131.20404	1064.40149	-322.67743	130.07346	751.03296	
330	3.290	-162.30402	1378.01086	1172.23499	-152.39635	1534.77234	907.25055	-46.50904	1461.60938	1020.28430	-265.08026	1418.90918	1069.76611	29.70924	1289.41296	867.21875	-325.22299	1276.48523	987.68341	-118.84526	1182.53296	1067.79504	-170.40706	1284.77759	822.89374	77.34786	978.32629	772.39948	-424.78922	1007.01270	973.96173	185.35019	807.47095	762.71039	-470.91068	791.88293	1097.97681	-14.65578	902.18896	1065.34497	-210.66139	897.32837	1106.94373	-175.75586	893.83728	775.09882	75.79309	488.72153	1024.92456	-286.93433	448.39304	941.36127	122.03068	130.48654	1069.67725	-321.37851	135.05441	756.11102	
331	3.300	-162.61270	1378.43835	1181.13037	-145.79033	1536.88965	917.46545	-42.53756	1462.10974	1033.81409	-261.99826	1420.13525	1076.53882	36.48068	1290.69531	879.08893	-320.86261	1277.82483	993.55212	-116.54272	1185.81506	1078.67346	-162.93443	1285.53467	831.79230	83.97041	978.86597	784.96674	-419.46289	1007.17627	977.58588	191.87927	807.39240	777.45630	-470.28674	792.21069	1097.06213	-10.12285	904.77570	1078.23694	-206.55579	898.66675	1116.34949	-169.09656	894.76666	784.35071	81.03078	489.87482	1035.39819	-282.97180	448.56393	953.53345	125.17342	129.46983	1072.49146	-320.07080	140.75584	762.92151	
332	3.310	-162.83121	1378.93457	1190.42529	-139.64722	1538.17712	927.98633	-38.89696	1462.65076	1045.69446	-259.32376	1421.65417	1083.61230	43.07306	1292.57483	890.92169	-316.62961	1279.55505	1000.15247	-111.80890	1186.51892	1088.33862	-155.55676	1286.90442	841.09192	91.45012	980.18750	797.33075	-414.50806	1009.39801	980.45490	197.46477	807.69958	791.89508	-469.82507	792.90015	1096.09119	-6.35427	906.30035	1089.08459	-202.70131	900.50836	1125.34082	-162.19989	896.56903	794.11835	85.55766	492.05200	1044.85828	-279.46826	448.84250	966.49194	127.78533	128.46786	1075.67969	-318.67914	146.70699	770.47095	
333	3.320	-162.34610	1379.43359	1199.87549	-132.46606	1539.68896	938.09143	-35.35233	1463.63892	1057.70422	-257.24106	1423.16919	1091.40820	49.24643	1294.20752	903.16998	-312.59210	1281.35767	1006.69409	-109.20142	1189.14111	1098.28418	-148.55989	1289.07483	850.30426	98.61388	982.38928	810.25269	-409.44360	1011.50165	983.96503	204.00438	809.04724	806.80975	-468.37546	794.06720	1093.69165	-2.68691	907.80652	1100.52356	-199.49612	902.73035	1134.57800	-155.40160	898.47021	803.98816	90.11957	493.76804	1054.07104	-276.17084	449.20251	981.60596	130.56126	128.10298	1076.61938	-315.76965	152.69519	778.97125	
334	3.330	-162.56627	1380.63782	1208.79041	-127.63206	1541.79858	948.73621	-32.12994	1464.68152	1069.79639	-254.87424	1424.64087	1098.54895	54.21564	1296.23853	914.94025	-308.09900	1283.54980	1012.97614	-105.56374	1190.77856	1106.87366	-142.50084	1291.68787	859.33032	104.78162	983.98810	826.05487	-403.83072	1012.94879	986.98083	210.96236	810.21997	822.73370	-467.52411	795.36249	1092.07898	1.37611	910.46814	1111.73157	-196.51720	905.28839	1142.74438	-149.07722	900.73694	812.90997	94.90472	496.03531	1063.46033	-272.68027	449.61606	997.46667	132.41454	126.96243	1078.29944	-312.55215	158.64792	788.30853	
335	3.340	-162.15796	1381.51965	1218.18835	-121.44597	1543.17065	958.40906	-29.36193	1465.29736	1080.53430	-252.11206	1426.06885	1105.91382	59.88931	1297.95569	928.44910	-304.43286	1285.68640	1020.14172	-104.17548	1193.62402	1117.80115	-135.66153	1293.12549	868.66803	111.77313	985.65485	838.08051	-398.48474	1015.09003	990.51337	217.59915	811.93304	837.38684	-465.71756	797.29114	1090.39014	5.77477	912.58508	1122.86914	-193.43463	907.70209	1151.14514	-143.07471	902.67487	821.97583	98.61390	497.73401	1071.93872	-268.74353	449.81226	1014.90936	133.84467	127.01965	1080.18701	-309.42001	165.11374	797.98645	
336	3.350	-161.74414	1382.72278	1227.20886	-116.28274	1543.81580	968.77142	-26.33078	1466.36694	1092.67493	-249.98727	1428.02283	1114.33752	64.72856	1298.90002	940.88831	-300.43976	1287.34229	1026.69324	-101.60815	1195.45251	1127.33997	-129.38190	1294.49390	878.44806	118.59021	986.99591	851.31244	-394.45895	1017.50879	994.11017	224.23651	813.60388	853.82153	-465.20676	799.53406	1087.88403	8.32616	915.90857	1134.62976	-190.77937	910.25659	1159.35352	-136.84937	904.93427	831.13391	102.26825	499.48459	1080.59924	-264.60660	450.33908	1032.90247	134.58194	126.37779	1081.09973	-305.25443	171.09258	809.40021	
337	3.360	-161.27435	1383.92041	1236.30627	-111.62306	1544.97424	978.15900	-23.44038	1467.29358	1103.97974	-247.77391	1429.82483	1122.09692	69.38696	1300.73523	953.78937	-296.97000	1289.11267	1033.27161	-98.69855	1196.24976	1135.74731	-122.49113	1295.59912	887.88641	124.70251	989.97040	865.73224	-390.43741	1019.97430	998.23413	231.64580	815.91577	869.82831	-463.34155	800.97406	1086.51172	11.58836	918.31299	1145.14636	-188.07465	912.44092	1166.67969	-131.08582	906.98444	840.56512	105.73709	500.44510	1089.26746	-260.73563	450.84622	1051.30042	133.89221	125.92043	1082.70569	-300.97949	178.13893	821.76056	
338	3.370	-160.78319	1385.50500	1245.46899	-106.80692	1546.53918	988.00830	-20.90034	1467.96277	1114.93506	-245.75374	1431.44055	1130.02820	74.33955	1302.48364	967.03735	-293.39890	1290.37036	1039.86072	-97.63583	1198.07666	1145.77844	-116.94080	1297.27686	897.04724	131.76682	991.95575	880.54810	-387.05902	1022.07349	1002.09845	240.41821	817.00665	885.88409	-462.13882	802.39178	1084.97742	13.98403	920.84180	1155.22498	-185.97981	914.61700	1174.54468	-125.84943	908.44971	848.79907	108.77306	500.44315	1096.29150	-257.01901	451.39752	1069.42664	133.66737	125.64181	1084.12305	-296.53137	185.55130	834.92450	
339	3.380	-160.22229	1386.71606	1254.37341	-102.83492	1547.70923	997.92694	-18.70543	1469.37341	1125.44409	-243.60947	1432.95239	1138.21777	78.25212	1304.25842	980.13965	-290.36401	1291.87720	1046.07202	-96.84777	1199.77161	1155.84937	-111.95557	1299.47583	905.96240	138.68634	993.35095	894.45917	-383.84613	1023.22559	1006.52911	247.05524	819.05682	903.73291	-461.61520	803.39911	1083.61816	15.11376	921.61462	1164.94849	-184.76855	916.33270	1182.34045	-120.66972	909.60809	857.08752	112.63930	499.69617	1104.11243	-254.60083	453.48660	1088.10681	133.70062	125.00049	1084.90027	-291.97800	193.49985	848.74426	
340	3.390	-159.81042	1388.30237	1263.36475	-99.24432	1549.04260	1008.03778	-16.62313	1470.51843	1135.80737	-241.76230	1434.55627	1146.28015	81.94295	1305.74023	993.15625	-287.71109	1293.24023	1052.23816	-94.80987	1200.00696	1165.37463	-106.33393	1300.70349	915.76233	145.54623	995.33325	908.75720	-381.09198	1024.89880	1010.76239	255.36620	821.55939	920.51892	-461.02432	804.75903	1082.78479	16.79893	923.10413	1175.45056	-183.37059	917.89551	1190.33289	-114.74229	910.34656	865.40460	114.85635	498.68909	1109.62732	-253.30838	456.27960	1106.14722	133.09871	124.61972	1084.98254	-286.40634	201.05988	863.57953	
341	3.400	-159.38950	1389.43225	1272.35156	-95.90291	1550.37476	1017.26019	-14.83799	1471.77820	1146.28943	-240.09435	1436.28784	1154.29297	86.45380	1306.95447	1005.60022	-285.51917	1294.16211	1058.36633	-95.69720	1201.93298	1174.99341	-101.31833	1302.25903	924.97076	152.36853	997.23688	923.34857	-378.11533	1025.50183	1015.11462	262.33505	823.81824	938.28381	-460.39444	806.55481	1081.98975	18.53005	924.33655	1184.98901	-181.86641	918.01855	1197.47766	-107.85383	911.02936	873.22040	117.93853	496.38248	1115.59094	-251.87894	461.15546	1124.52722	132.60617	123.14786	1085.87207	-280.85150	208.76097	877.40106	
342	3.410	-158.90561	1390.52380	1280.90613	-93.47481	1552.03198	1027.24634	-12.59216	1472.93726	1156.87048	-238.45103	1437.66809	1162.32507	89.15083	1308.87634	1018.22894	-283.07230	1295.14063	1064.39392	-95.32253	1202.36328	1183.78223	-97.36050	1304.74121	934.31189	159.92300	998.94580	938.51752	-375.90573	1027.18884	1018.57697	269.71622	826.18323	955.02356	-460.25577	808.03033	1081.35242	19.80041	925.27936	1194.89417	-181.68645	918.65216	1202.92456	-102.17630	912.67926	881.06128	120.67188	494.04813	1120.50964	-249.69873	468.47818	1142.62756	132.12798	123.23879	1085.70203	-273.57031	214.75693	891.02606	
343	3.420	-158.95345	1391.84009	1289.62988	-90.79609	1553.29041	1036.95520	-11.44865	1474.51355	1167.57471	-237.08977	1438.72083	1170.54224	92.50858	1310.52307	1032.08252	-280.93625	1296.04346	1070.45313	-96.68618	1203.99121	1193.70764	-93.08322	1306.86365	941.61810	166.61009	1000.38708	952.99103	-372.64081	1028.71741	1022.35181	276.84872	828.88043	973.30481	-459.78821	809.73169	1080.25439	20.56125	926.22070	1204.89136	-181.42155	916.86920	1209.34241	-96.13447	914.25989	888.76538	121.41990	491.80634	1123.84460	-247.74312	474.93378	1160.73401	131.22581	123.68131	1085.31116	-265.59122	220.28635	904.50903	
344	3.430	-158.78352	1392.86987	1298.98291	-87.76157	1554.44714	1046.28162	-10.51468	1476.38208	1179.43762	-236.22858	1440.18347	1178.43884	95.14453	1311.95349	1044.41687	-279.07462	1297.31384	1076.75281	-95.45393	1203.01221	1202.54224	-89.19937	1308.57800	950.85938	172.79877	1002.05322	968.78552	-370.35825	1029.53552	1025.36694	283.32648	831.31860	990.62341	-459.38501	810.99677	1079.45349	20.26776	926.82788	1213.86194	-182.44489	918.90674	1217.01904	-88.74744	915.84204	897.65784	121.31628	490.69003	1126.71973	-246.16306	479.56049	1177.31775	130.99341	123.79321	1085.18616	-258.35077	223.91605	920.47229	
345	3.440	-159.14624	1394.17700	1307.65881	-85.66084	1556.31042	1056.09863	-9.82243	1476.10938	1185.40295	-235.27176	1441.15271	1186.73694	97.82246	1313.69189	1057.05823	-277.45749	1298.31714	1082.73853	-97.11823	1204.56274	1211.70776	-84.52482	1309.75598	961.91107	179.30161	1004.60156	983.61700	-367.30576	1030.92444	1027.43237	290.46103	834.65973	1009.08771	-458.43533	812.70074	1079.41663	19.80804	927.46143	1223.63745	-183.34875	919.39972	1223.84497	-82.78920	918.37836	905.53668	120.30878	490.14734	1129.08105	-245.65190	484.07294	1194.12781	130.48436	124.22414	1084.68018	-250.12807	226.42487	938.18268	
346	3.450	-158.93808	1395.29309	1316.19153	-85.22341	1558.84106	1065.00549	-8.72753	1476.24854	1195.02148	-234.37051	1442.24841	1194.94922	99.93170	1315.08911	1069.25806	-275.48737	1299.24475	1088.91406	-96.22733	1204.16296	1218.87012	-81.30299	1312.36377	969.82904	184.74345	1005.69910	998.96924	-365.55490	1032.86523	1030.23474	296.08243	837.51910	1027.57922	-456.51245	813.95581	1079.60645	19.14928	927.64459	1232.53015	-183.98262	919.58820	1230.76599	-77.34538	920.98859	913.90491	118.87188	489.70749	1133.17419	-244.98010	489.40179	1209.85254	130.45998	124.98538	1084.47437	-242.18170	227.72266	957.20471	
347	3.460	-159.34280	1396.12598	1325.12268	-83.66077	1560.19238	1074.64368	-9.20761	1478.68909	1206.61475	-233.65639	1443.73193	1202.96814	102.00583	1316.67444	1081.25964	-274.13416	1300.73938	1095.53223	-98.48293	1205.97351	1228.83459	-77.40094	1314.41882	979.40118	190.75027	1008.02014	1013.59656	-361.61829	1034.02368	1033.12317	302.30148	840.09576	1045.70044	-455.42487	816.00793	1079.09351	17.34393	927.76758	1241.74634	-185.19127	920.50720	1237.23096	-72.51504	924.10040	921.86389	117.08704	489.74307	1135.99866	-244.72838	494.85092	1224.31445	130.49911	125.93657	1084.08276	-235.08076	227.67154	977.15149	
348	3.470	-160.18745	1397.30627	1333.66882	-80.88035	1560.62512	1084.27930	-8.50092	1479.17249	1216.10205	-233.20938	1444.66663	1211.03235	103.52203	1318.22876	1093.50989	-272.26358	1301.93176	1102.34644	-97.64751	1205.70667	1235.98340	-73.77437	1315.78381	988.69812	195.66771	1010.32343	1028.71948	-359.27396	1035.66980	1036.38257	307.65808	843.06506	1064.06860	-453.85794	817.45300	1079.05701	16.40219	928.36340	1251.52344	-185.85516	921.34375	1243.83276	-68.14939	927.09747	929.71655	116.05132	489.28391	1140.01770	-244.03247	499.55774	1237.59827	130.52571	126.92123	1084.12683	-227.51476	225.86070	997.91681	
349	3.480	-160.82361	1398.06360	1342.84436	-80.01181	1562.23901	1094.11194	-8.34762	1481.35168	1226.06677	-232.81567	1445.41370	1219.04260	105.22775	1320.15405	1105.75098	-270.69760	1303.21216	1108.92419	-98.36483	1206.95044	1244.70288	-71.39659	1317.32129	998.20892	200.49541	1012.18988	1043.92114	-355.89008	1037.03442	1039.78235	313.00064	846.21228	1082.51233	-452.64490	818.98639	1078.77319	14.83266	927.96289	1260.28503	-186.41982	922.12201	1250.53906	-64.67862	929.19684	938.30762	116.34211	490.23010	1143.89819	-243.40909	504.95346	1249.25586	130.03078	128.03056	1084.40637	-221.19698	222.31590	1020.29688	
350	3.490	-161.63524	1399.40234	1351.29431	-79.53496	1563.26404	1103.49463	-8.22561	1482.10815	1235.34546	-232.59482	1445.94165	1226.98242	106.55624	1320.96423	1118.08911	-269.24210	1304.01672	1115.72241	-98.55544	1207.73132	1253.23816	-68.27470	1318.62231	1007.96802	205.68037	1014.23816	1058.72449	-353.60925	1038.72070	1043.57727	318.15985	849.17297	1100.93286	-449.57333	819.66876	1080.31250	12.79333	927.83862	1269.11194	-187.30379	923.36292	1257.12732	-61.81904	931.10449	946.92822	116.28509	490.00919	1148.43433	-242.58577	509.81836	1260.06482	129.08595	128.32526	1084.34033	-214.52821	217.50043	1042.28015	
351	3.500	-162.47281	1399.96521	1359.67639	-78.15383	1564.03821	1112.70288	-8.23620	1484.03101	1246.37927	-232.66795	1446.68652	1234.83667	108.21615	1322.69531	1129.59546	-268.10495	1305.10193	1122.30188	-99.36484	1208.65381	1262.09753	-65.35278	1319.81055	1017.41736	210.26831	1016.21136	1073.01978	-351.07687	1040.29138	1047.55127	322.16504	851.45593	1119.11682	-447.54132	821.02350	1080.36511	11.78704	927.85004	1277.75830	-187.76868	924.67151	1263.89307	-59.11283	932.38263	954.71521	116.55706	490.20355	1152.25073	-241.67688	513.94373	1270.14551	128.85014	129.02832	1084.58826	-209.52492	211.17390	1065.32446	
352	3.510	-163.59224	1400.71960	1368.54602	-76.51343	1564.46973	1121.71973	-8.52404	1484.13489	1255.68250	-232.60069	1447.09314	1242.71021	108.76288	1324.65637	1140.83289	-266.90582	1305.64258	1129.67041	-99.33388	1209.84705	1270.94604	-62.88032	1321.09875	1025.84412	212.95166	1017.38660	1087.78088	-348.23630	1041.53186	1051.20752	326.44971	854.71252	1138.16553	-446.21356	822.07367	1080.52136	9.67484	928.59033	1286.85254	-188.46613	925.95203	1270.69275	-57.15699	933.46777	963.49603	117.34547	489.25137	1157.71057	-241.00713	518.01813	1280.03552	129.36215	129.53860	1085.69214	-204.47057	203.92357	1089.90979	
353	3.520	-164.78448	1401.75183	1377.10352	-77.75935	1566.79578	1130.75806	-9.39293	1485.61194	1265.49194	-232.96928	1447.66345	1250.48242	109.46171	1325.42578	1153.28137	-265.62631	1306.05688	1136.95044	-99.48920	1210.38391	1279.51331	-60.36008	1321.56360	1036.78003	217.76715	1019.77014	1102.33032	-346.55127	1043.32300	1055.13574	330.21979	856.85126	1155.51709	-442.39264	822.33197	1082.29688	9.34941	928.88135	1296.46350	-189.33711	927.03900	1277.72424	-54.59063	933.79181	971.43518	117.03573	489.85599	1162.56909	-240.09212	521.12628	1289.05505	129.52431	130.03540	1086.28235	-200.73927	196.95073	1114.32520	
354	3.530	-166.19574	1402.06262	1385.67883	-75.98235	1565.86304	1140.03381	-9.21946	1486.13879	1273.98206	-232.99432	1447.67285	1258.29114	110.71367	1325.79663	1165.15234	-264.24921	1306.55908	1143.85400	-100.24612	1210.71228	1288.16614	-57.98330	1322.11426	1046.06287	221.22379	1021.41083	1117.55591	-343.39948	1044.18176	1059.60913	333.46964	859.13831	1174.43909	-440.68909	822.34497	1082.98181	7.93639	929.29956	1305.52954	-189.27603	927.80872	1284.62988	-51.91865	933.93408	979.93762	117.03448	489.18243	1167.65918	-238.56844	524.11322	1297.96619	129.94928	131.14717	1087.71741	-197.42111	189.53496	1139.86230	
355	3.540	-167.68445	1402.54065	1394.20618	-75.17310	1565.67200	1148.94580	-10.44013	1486.71875	1286.42175	-233.62416	1447.62866	1266.23718	110.81517	1326.04504	1175.97168	-263.49744	1306.19836	1150.72144	-100.48024	1211.23193	1297.27405	-55.92339	1322.60657	1054.93604	224.41344	1022.26855	1131.98987	-341.32373	1044.73438	1063.86084	336.74518	860.99274	1192.03699	-438.10141	823.20258	1084.62585	7.45262	929.51923	1314.45654	-190.16209	928.90955	1291.56641	-50.46550	933.71729	988.19641	116.47066	489.26382	1173.43958	-237.89554	526.95325	1306.41785	130.86948	132.01404	1088.77917	-194.52402	181.00412	1165.53223	
356	3.550	-169.62257	1401.24890	1399.20593	-74.32326	1565.42395	1157.80872	-11.04921	1486.60681	1294.10632	-233.69188	1447.31909	1273.76746	111.42889	1327.18909	1186.76819	-262.29086	1306.76868	1156.97998	-101.57104	1211.31506	1306.01233	-53.47633	1322.41345	1065.12927	227.56781	1023.00616	1146.78235	-339.24930	1045.12573	1068.30823	338.99988	862.92639	1209.84302	-435.22513	822.40955	1086.44006	6.58964	929.69702	1323.02710	-189.87144	929.16901	1298.65417	-48.30307	932.90674	996.46240	115.82872	488.80652	1178.51819	-237.41397	528.80035	1314.64172	131.86252	132.87146	1090.05518	-193.13028	173.96498	1192.67432	
357	3.560	-171.30020	1401.06299	1406.88672	-74.82494	1565.02795	1166.76489	-11.74720	1486.59973	1304.21692	-234.70775	1446.86157	1281.57288	111.72105	1326.62073	1199.28406	-261.53049	1306.64587	1164.15381	-102.32884	1210.77600	1314.76660	-52.11370	1322.19153	1074.05542	229.60837	1023.50769	1161.44958	-337.26581	1045.00745	1073.42615	341.63464	864.52588	1227.65747	-434.04343	822.57025	1087.93970	6.04711	929.54132	1331.93286	-190.49425	929.07239	1305.89111	-46.87971	932.34558	1004.34546	114.44278	488.90097	1183.82068	-236.33348	529.92914	1322.89807	131.92749	133.44734	1090.87878	-191.75502	165.48529	1220.39282	
358	3.570	-172.81923	1401.02209	1416.33459	-73.76896	1563.97241	1175.59009	-12.83454	1486.34058	1313.77466	-235.06097	1445.90649	1289.26294	111.90629	1327.07751	1210.47876	-261.54187	1305.65674	1171.93787	-103.40636	1209.94104	1323.20752	-50.40895	1321.97034	1084.01208	232.01665	1023.36212	1175.64355	-333.79044	1043.79968	1078.97729	343.80499	865.05188	1245.39478	-431.29889	822.45270	1090.76807	5.18040	929.42804	1340.70837	-191.38600	928.91705	1313.51270	-45.20553	932.13147	1013.17480	113.32590	488.19800	1190.02295	-235.30132	530.98145	1330.54175	132.50441	134.43381	1092.01440	-192.05450	159.15320	1247.46289	
359	3.580	-175.09569	1400.44849	1424.38501	-73.83139	1563.14722	1184.45044	-13.97930	1485.79443	1322.06299	-236.18738	1445.16760	1297.06006	111.87575	1326.45557	1221.72009	-260.23135	1305.14868	1178.98291	-104.19875	1209.30945	1332.03308	-49.14459	1321.66284	1093.52393	234.02568	1023.49249	1190.93347	-332.30521	1043.53845	1084.35986	345.31833	866.42883	1263.07312	-428.94644	821.89606	1092.85889	4.38204	928.58191	1349.29810	-191.71271	927.99927	1321.00891	-44.02182	931.50989	1021.00488	111.94537	487.94116	1196.42480	-234.18423	530.59839	1337.72998	132.67535	135.25993	1092.69421	-192.46288	152.29948	1275.05273	
360	3.590	-177.20953	1399.96558	1432.98193	-74.31044	1562.20007	1193.39648	-15.18341	1485.71521	1333.59363	-236.92416	1444.20923	1304.73083	111.46745	1325.64929	1233.43384	-260.04810	1304.20178	1186.40503	-105.96824	1208.20813	1341.04358	-46.86356	1320.65686	1103.56140	236.03072	1023.74518	1204.61011	-329.97980	1042.94714	1089.82068	346.67361	867.02979	1280.75366	-427.93842	821.97467	1095.03784	3.71978	928.35583	1358.80798	-192.63190	926.81958	1328.88391	-43.31281	931.38995	1029.44421	111.28577	487.28714	1202.34985	-233.86430	529.60309	1345.19116	132.34981	135.79143	1092.80066	-193.30724	146.46844	1303.50061	
361	3.600	-179.17606	1399.47180	1442.09290	-73.57939	1560.79248	1202.22607	-16.31582	1484.89978	1341.01819	-237.59627	1442.74646	1312.37720	111.63846	1324.25830	1245.04639	-260.58548	1303.92981	1193.99036	-106.96805	1206.46521	1349.83447	-46.30570	1319.94702	1113.05542	237.38124	1023.40118	1219.20862	-328.61212	1042.47278	1094.82593	347.39795	867.68958	1297.33960	-425.09555	820.21912	1098.94006	2.75286	927.06293	1367.65820	-193.71455	925.88562	1336.86707	-42.17415	930.72070	1037.51843	111.12948	485.99530	1208.65222	-232.89540	527.88525	1351.73230	132.00844	136.41501	1093.23853	-193.97504	141.38118	1331.75903	
362	3.610	-181.58542	1398.58191	1449.73511	-74.77579	1560.02393	1211.18652	-17.86115	1483.96497	1351.74622	-239.01649	1441.49792	1320.09595	110.92272	1323.33411	1256.73523	-260.58069	1302.56177	1201.52637	-108.54449	1205.13062	1358.81934	-45.99396	1319.17102	1122.73926	238.93851	1023.12067	1233.24500	-326.49863	1041.56934	1101.05530	347.32843	868.79486	1313.84546	-422.23309	818.92932	1102.51514	1.75294	925.32513	1376.56042	-195.12895	924.40479	1345.15039	-41.52608	929.67493	1046.98303	110.17176	484.79285	1214.75293	-231.79904	525.64368	1358.35229	131.51166	136.76717	1094.86633	-194.89174	136.73918	1360.16675	
363	3.620	-183.94489	1397.13123	1457.28882	-74.50539	1558.47131	1220.09644	-19.75867	1482.59973	1361.63452	-240.06013	1440.17249	1327.61987	110.35155	1323.07703	1265.75000	-260.54770	1300.85632	1209.27356	-110.21825	1203.88708	1367.64612	-44.97059	1318.41565	1131.61011	238.64659	1022.24597	1248.10339	-324.81842	1040.55176	1106.58289	347.06931	868.99854	1331.13708	-420.61731	817.39209	1105.27344	0.01587	923.84778	1386.88159	-198.27551	924.34698	1355.39709	-41.52188	929.98444	1054.35352	108.29616	483.61127	1221.15198	-230.67653	522.47217	1363.31494	131.06206	137.57602	1095.34412	-196.30460	133.97169	1388.34033	
364	3.630	-186.13492	1395.96570	1466.43298	-74.80722	1557.04346	1228.89099	-20.83245	1481.49426	1371.11121	-241.46321	1438.72620	1335.29602	109.50300	1321.89099	1277.83008	-261.47906	1299.73853	1216.89221	-112.20851	1202.01343	1376.44812	-44.70015	1316.93860	1141.61987	239.23970	1021.51086	1261.79968	-323.27234	1039.36279	1112.28027	346.51617	868.85150	1346.79443	-418.00674	816.32202	1109.34924	-1.42239	921.16693	1395.10168	-198.54723	921.25439	1362.74084	-41.63414	928.79608	1064.67664	108.16169	482.54361	1227.52393	-228.90834	518.58459	1368.36328	130.87325	138.38985	1096.09509	-197.64885	132.75403	1416.04590	
365	3.640	-187.94156	1394.26123	1473.42798	-75.16482	1555.49561	1237.66650	-22.64695	1479.99597	1379.43896	-242.82706	1437.34644	1342.81177	107.85769	1320.33325	1289.00598	-261.98703	1298.50281	1224.65405	-114.36309	1199.95496	1385.49365	-44.71466	1315.42676	1151.16248	239.06281	1020.26624	1275.64075	-322.68149	1037.45667	1118.84094	345.40445	868.23376	1362.70117	-416.72626	815.24902	1113.05322	-2.87351	919.33337	1406.32690	-199.25710	919.25079	1371.80249	-41.82268	928.29858	1072.94470	108.84682	482.34750	1234.55518	-227.52271	514.34937	1373.15820	130.05856	139.39455	1096.34082	-198.83145	132.78981	1441.85303	
366	3.650	-191.08237	1392.97620	1481.66809	-76.56817	1554.04150	1246.39258	-23.98065	1478.36658	1389.08484	-243.96451	1436.13489	1350.18958	106.30114	1319.37036	1300.03516	-262.56686	1297.30273	1232.59546	-115.75132	1198.61914	1394.99902	-45.19088	1314.03894	1160.01282	238.02187	1019.05920	1289.01575	-320.69522	1036.29565	1125.50964	344.07751	868.14075	1378.12915	-414.51822	813.85077	1117.65979	-5.03846	917.03290	1414.82520	-201.12653	917.71222	1380.65979	-42.79692	927.43420	1081.87744	108.22057	480.28189	1239.14063	-226.74884	510.00723	1378.22241	130.05354	140.72823	1097.02515	-199.77249	135.49815	1465.55823	
367	3.660	-193.65881	1391.55774	1488.72302	-76.45718	1552.08435	1254.82825	-26.48338	1476.40027	1397.58960	-245.80254	1434.89392	1357.82263	104.74477	1318.06506	1310.61011	-263.73236	1295.22021	1240.56287	-118.34888	1196.97876	1404.35913	-45.19114	1311.93066	1170.45178	236.76224	1017.53479	1301.84277	-320.32916	1035.14990	1131.92908	340.80814	866.85199	1393.05896	-412.11606	811.40039	1122.49377	-6.50091	914.69653	1424.40613	-203.32785	915.35297	1390.37817	-43.68710	926.10919	1091.84705	107.14021	479.00418	1245.53320	-226.96394	506.12335	1383.95129	129.77374	141.22321	1098.43359	-200.35262	139.08221	1487.06763	
368	3.670	-196.34866	1391.20813	1497.18286	-77.12914	1549.85864	1263.34558	-28.41503	1475.47998	1408.39648	-247.73238	1433.61206	1365.45752	102.59472	1316.81201	1321.30908	-264.90213	1293.45190	1248.67078	-120.34040	1195.03955	1413.41528	-45.47219	1309.63818	1180.20557	231.33893	1013.86371	1315.85437	-319.78653	1033.75073	1138.78723	337.47339	865.51483	1408.12842	-411.21051	809.57098	1127.17786	-8.66239	912.65369	1435.14099	-205.28053	913.79596	1400.15930	-44.83970	924.37189	1103.71301	106.44276	478.26205	1251.54492	-228.18117	502.00061	1390.85034	129.20685	142.36803	1099.63049	-200.77150	143.18419	1505.12817	
369	3.680	-199.36874	1390.32605	1506.41846	-78.09292	1547.92163	1271.79480	-30.88596	1473.63916	1415.98425	-249.69167	1432.19153	1373.36682	100.53527	1315.61304	1331.36340	-266.70020	1292.33582	1256.84583	-122.35923	1194.07043	1423.08435	-46.90302	1308.03552	1188.88220	230.36293	1013.90973	1327.46741	-319.23953	1031.34473	1146.64478	334.75125	864.35889	1421.99597	-410.28528	807.95441	1132.72949	-10.61932	911.21771	1445.34534	-206.73177	911.01294	1409.39917	-47.09327	922.67938	1113.25269	105.80075	478.21558	1257.98022	-229.83095	498.00046	1397.85461	128.72707	144.26959	1101.19360	-200.13617	147.64990	1521.17822	
370	3.690	-202.68797	1390.52319	1515.91064	-78.85403	1545.80945	1280.11951	-32.79914	1472.49011	1426.64978	-251.93817	1431.37964	1381.27820	98.07914	1314.55127	1341.32813	-268.45682	1290.77185	1265.07410	-126.27420	1190.30493	1427.90979	-48.76488	1306.18286	1198.50098	228.39726	1012.58624	1340.81116	-318.17233	1029.60718	1153.71887	330.25717	863.06226	1434.63086	-408.82956	805.68115	1138.16089	-12.50951	910.13043	1456.47827	-208.22969	908.89917	1419.69397	-48.83533	920.88391	1123.53638	104.90852	478.15558	1262.89722	-231.66808	494.98163	1405.98755	128.84369	145.67636	1102.33240	-200.54420	151.06212	1535.82520	
371	3.700	-205.55685	1389.48315	1523.02612	-80.01141	1544.12073	1288.39075	-34.94608	1470.52625	1435.13782	-256.61459	1431.89612	1389.20825	95.33337	1313.48157	1351.50146	-270.48196	1288.18896	1273.47119	-129.13838	1190.13403	1439.18750	-50.58549	1303.99194	1207.39685	224.21512	1010.48334	1352.15259	-319.07651	1027.91602	1161.56189	326.00748	861.81018	1448.47278	-408.08368	803.26440	1144.55066	-15.03785	909.03784	1466.93958	-210.34824	907.19635	1429.65771	-50.26339	918.83893	1134.42908	104.60152	477.88571	1269.22656	-233.56013	491.63248	1414.72925	128.34383	147.73181	1104.39673	-200.13919	150.52669	1549.58386	
372	3.710	-209.00424	1389.43091	1530.87610	-81.66716	1542.53687	1296.61072	-37.56985	1468.98047	1442.47253	-258.84177	1431.30725	1397.09277	92.31899	1312.35681	1360.35205	-272.83490	1286.91370	1281.70264	-131.63860	1189.53735	1447.90674	-52.80532	1302.26392	1216.77271	219.64575	1009.14307	1364.31714	-319.23080	1025.08130	1169.51624	321.35458	860.23718	1460.69873	-407.99619	801.33826	1150.55762	-17.64741	908.37427	1478.09656	-212.47998	905.56653	1440.21509	-51.51873	917.18079	1145.28699	103.19575	478.15445	1276.36279	-234.24565	489.77554	1424.38586	127.75208	149.53902	1105.51746	-202.60703	150.83112	1561.10864	
373	3.720	-213.09846	1389.51782	1539.85999	-83.06170	1541.02783	1304.85571	-39.89625	1467.20251	1452.37158	-261.21457	1433.15625	1407.57935	89.19434	1311.67627	1370.36011	-276.23581	1285.31543	1289.82385	-135.06592	1188.13806	1457.37939	-55.34539	1300.70764	1225.87708	215.48228	1007.44452	1374.70459	-320.39310	1022.91309	1177.60791	315.01529	858.04938	1472.03735	-407.49554	799.37463	1157.22241	-20.27277	907.90063	1489.20801	-215.57724	904.91901	1450.86768	-53.32014	914.68329	1155.76477	102.35056	478.70105	1283.88513	-235.25926	489.27661	1434.78015	128.02892	153.71553	1108.37036	-204.08403	148.17230	1571.07141	
374	3.730	-216.06427	1389.38159	1546.42261	-84.79852	1539.74329	1313.04346	-42.46040	1466.74475	1461.25854				85.96926	1311.08875	1379.37097	-279.32739	1284.07910	1297.94556	-139.40372	1187.83875	1466.44568	-58.45537	1298.47302	1235.00806	213.91013	1008.21747	1385.31873	-321.75180	1021.08655	1185.91638	310.23962	857.83496	1483.71851	-407.38135	797.21014	1164.78015	-22.98419	906.90411	1499.99646	-218.45329	904.45392	1461.40833	-54.66712	913.36584	1167.75818	101.82189	479.93787	1291.40002	-235.97231	488.75031	1445.99109	127.52922	155.96220	1111.07874	-204.39473	144.86465	1577.11633	
375	3.740	-219.90279	1389.63794	1555.00488	-86.78610	1538.42468	1321.28186	-45.57133	1464.84460	1468.24438				82.27155	1310.24036	1388.63208	-282.17758	1282.01099	1306.28613	-142.85489	1187.36853	1474.68848	-61.68556	1296.52380	1244.08826	205.08037	1004.20667	1396.31445	-322.90353	1018.97510	1194.40393	304.27161	856.07227	1495.42139	-407.90302	795.07465	1172.12317	-26.30477	907.95862	1512.38330	-221.46355	903.95361	1471.95789	-57.32547	911.51038	1179.49695	100.90690	479.82205	1300.57690	-237.26282	488.04205	1457.45642	128.10646	160.24890	1113.63721	-204.70955	139.70218	1581.14417	
376	3.750	-223.52368	1390.31628	1563.49438	-89.61638	1537.98047	1329.39551	-49.01801	1464.36560	1476.27380	-270.42343	1432.86206	1432.72571	78.57098	1309.85962	1398.08008	-286.00452	1281.18750	1314.48853	-147.79474	1187.86853	1485.42041	-66.01992	1295.29907	1252.23291	200.13774	1003.79559	1405.62012	-324.59387	1016.78656	1203.74487	297.49344	854.51593	1505.64319	-407.88852	792.91064	1180.12683	-29.17472	908.53387	1523.21033	-224.27490	903.05402	1482.76904	-60.06023	909.71936	1191.13599	99.83054	480.45157	1311.15601	-239.06171	488.65442	1471.79150	128.31699	163.87376	1117.75769	-204.89676	134.43355	1584.05505	
377	3.760	-227.41054	1390.88623	1572.09998	-92.02170	1537.12158	1337.40479	-51.65368	1463.80872	1484.71277				74.77774	1309.50256	1406.00867	-289.87823	1280.20691	1322.84741	-152.02464	1187.70520	1494.03662	-69.06273	1294.23254	1261.22900	193.79669	1001.80475	1416.08472	-326.69797	1015.29974	1212.66443	290.60410	852.79431	1516.62170	-409.31686	791.89471	1188.01379	-32.37614	908.89868	1534.12305	-227.83267	902.86316	1491.52222	-62.61189	908.51550	1203.56665	99.39738	480.15347	1321.85376	-240.58200	487.59656	1485.02380	128.62364	168.54419	1122.46008	-204.38658	129.55800	1585.21350	
378	3.770	-230.33980	1391.46655	1579.38220	-94.74808	1536.53577	1345.30933	-55.38374	1464.53796	1494.95764	-277.43213	1434.13538	1450.25439	70.63271	1309.14026	1415.27942	-294.48218	1279.73352	1331.27380	-157.05916	1188.23889	1504.16394	-72.99646	1292.88977	1270.71411	188.83160	1001.54309	1425.45911	-328.82907	1013.93646	1221.54211	283.80634	851.79431	1526.09949	-410.26978	790.17950	1197.26245	-36.03862	909.85492	1545.82092	-231.07979	901.83228	1500.02759	-65.03050	907.44025	1215.69080	98.75246	480.67557	1334.91577	-242.92903	485.69977	1498.38098	129.69579	173.12564	1127.83118	-205.89027	125.98338	1587.92542	
379	3.780	-234.77873	1393.44824	1588.84351	-98.23936	1536.18225	1353.24011	-58.25190	1463.68958	1501.87415				65.34768	1309.16211	1425.68970	-298.17349	1279.14648	1339.98584	-162.02574	1188.39709	1513.73389	-77.24015	1292.05334	1280.47864	182.52133	1000.12433	1435.43970	-331.18689	1012.86743	1231.28625	277.05338	850.05347	1536.38782	-410.82144	787.77142	1206.37268	-39.46241	910.99463	1556.85962	-234.46941	902.28876	1510.81433	-67.94836	906.35797	1228.49036	97.48325	480.82584	1347.96143	-244.73648	484.17334	1510.85864	131.31868	179.15196	1134.76111	-207.68022	125.51763	1593.23926	
380	3.790	-238.75638	1394.02185	1597.76892	-101.03120	1535.69263	1361.11377	-62.14455	1464.42712	1511.00562	-284.88528	1436.24817	1465.80847	60.93624	1308.96692	1434.55249	-303.54416	1278.54333	1348.78333	-166.88937	1189.21973	1523.31067	-81.85067	1291.18225	1289.63135	175.93138	999.10376	1444.51282	-333.85611	1011.91064	1240.39087	270.13956	848.80066	1546.32910	-413.17813	787.34302	1215.67542	-43.46518	912.42950	1569.69995	-238.91216	902.90222	1522.28674	-71.10699	905.35547	1240.21057	96.77598	480.32205	1364.33215	-247.03561	482.31494	1522.87134	132.50012	185.60909	1143.15576	-210.75024	124.09089	1600.09912	
381	3.800				-104.98589	1535.89136	1368.97229	-66.13172	1464.62720	1518.79004				56.51684	1309.61841	1443.73474	-308.12256	1278.26135	1358.06262	-172.04295	1190.73560	1533.24158	-87.65220	1290.19971	1298.15967	170.17882	998.12714	1453.69775	-338.00494	1011.48254	1250.49133	262.68414	847.16437	1554.90002	-414.92691	785.42645	1225.36145	-46.81664	913.68793	1580.46777	-242.08601	902.67548	1533.48657	-74.63690	905.33002	1251.71375	95.99187	479.25391	1381.18054	-250.83281	480.78052	1533.10828	133.64134	190.69537	1154.55701	-214.52637	122.16343	1608.17163	
382	3.810	-292.97583	1438.47424	1482.94958				-70.14378	1465.19531	1526.55347				52.60657	1309.62744	1452.66309	-312.76071	1278.41296	1367.21277	-177.02431	1191.79944	1543.30017	-91.96341	1290.11536	1307.06665	163.17873	998.09802	1462.67297	-341.11728	1010.36102	1259.78125	254.90678	845.99323	1564.23438	-417.19324	784.79089	1235.80432	-51.33928	915.54004	1592.30713	-246.44881	903.72015	1545.66895	-78.61121	904.51117	1263.40381	95.20332	478.52823	1399.35278	-254.33199	479.79269	1544.85620	134.59644	196.11224	1164.73169	-218.51556	120.20929	1614.71118	
383	3.820	-297.58539	1440.65698	1492.10913				-74.01233	1465.91870	1534.57837				47.79660	1310.55640	1461.64209	-317.05203	1277.23816	1377.29077	-181.26376	1192.35425	1552.35327	-96.78740	1290.77612	1316.75452	159.50656	999.59717	1470.26160	-344.67715	1010.33990	1269.78284	247.19688	844.48633	1572.35498	-419.29611	783.15192	1246.52307	-56.24115	916.33490	1602.72351	-250.10931	904.47040	1556.01318	-83.05821	903.84790	1273.60852	95.25737	477.45245	1420.39246	-258.86139	479.32898	1554.57117	134.78273	202.59103	1178.47070	-222.20288	117.38177	1621.06445	
384	3.830	-300.91016	1440.90186	1498.43835				-78.31355	1466.00818	1542.71362				43.61742	1311.05359	1471.24500	-321.40622	1277.30554	1386.72363	-185.63882	1193.49133	1561.56653	-101.23344	1290.63770	1325.47156	150.83214	997.63995	1479.59216	-348.14716	1009.59088	1280.29626	239.50282	842.79657	1581.76416	-422.85721	782.72711	1256.98254	-60.40359	916.99146	1611.70654	-254.62659	905.25421	1566.30334	-86.59901	903.54242	1284.44360	94.97166	476.61081	1441.14832	-263.45923	479.46277	1563.50488	135.55011	208.54652	1191.44641	-225.76907	114.48209	1624.95483	
385	3.840	-305.53882	1442.62830	1506.94714	-259.71533	1402.54712	1640.09937	-82.72227	1467.60986	1551.37622				39.52829	1311.61938	1480.11304	-325.41812	1277.10925	1395.93164	-190.42256	1194.61877	1572.26611	-104.35940	1290.08606	1335.56335	146.95093	998.83612	1487.49902	-351.50146	1009.07306	1290.71863	231.79129	840.61279	1590.35938	-426.73645	782.42175	1268.41248	-65.44501	919.01520	1623.33118	-259.24417	906.88391	1577.77393	-89.98834	903.48889	1294.40283	94.99433	476.12485	1463.56970	-268.91846	479.38663	1569.17139	135.36095	214.51668	1207.44312	-229.59598	112.67814	1629.63770	
386	3.850	-310.15121	1442.56580	1515.66931	-264.09235	1404.18945	1648.28259	-86.67814	1467.71228	1559.17346				35.82732	1312.20667	1490.35571	-329.53607	1277.42993	1405.30701	-194.06897	1195.22485	1580.87524	-108.23975	1290.27490	1344.79675	140.00301	998.42456	1497.03064	-356.24280	1009.07690	1301.47595	223.94934	838.73004	1597.65759	-430.88446	782.29114	1279.84021	-70.53234	920.52539	1634.43994	-263.90887	908.04144	1587.72717	-93.18835	902.47522	1305.33484	95.84988	476.19681	1486.41895	-274.31647	481.48117	1579.27209	135.83704	220.44359	1225.33459	-230.95390	111.26069	1633.18140	
387	3.860				-268.83176	1406.04224	1656.70300	-91.11588	1468.65845	1567.58264				32.07860	1312.86035	1499.03894	-332.83969	1277.56433	1414.47803	-198.03023	1196.59314	1591.35608	-111.80708	1291.01062	1353.47791	134.66876	998.52802	1505.02661	-359.88260	1008.98145	1312.02576	216.45502	837.28723	1605.92188	-435.73001	781.42065	1290.98938	-75.71988	922.19202	1645.72949	-268.72424	908.58502	1597.16711	-96.70101	902.36780	1314.60474	95.39587	476.19180	1511.01379	-279.56503	483.16476	1587.39465	135.66719	228.04684	1244.07361	-230.55336	108.48109	1635.63806	
388	3.870				-273.35434	1407.09326	1665.25586	-95.55543	1470.48999	1576.52051				28.75902	1313.17847	1508.61572	-336.29907	1277.97241	1423.64563	-200.54608	1196.68750	1599.12268	-114.42381	1292.05688	1363.73901	129.16046	998.40106	1514.33936	-364.09891	1008.65015	1321.90955	209.66797	835.80756	1614.49939	-440.39944	781.54236	1302.95325	-81.04131	923.28101	1655.80273	-273.18295	909.94983	1606.91455	-99.37689	901.49933	1324.59851	93.95601	476.86853	1533.95081	-285.03165	484.15555	1594.73010	134.89561	235.41034	1264.72400	-229.72200	107.96095	1636.18298	
389	3.880				-278.15704	1408.76477	1674.78845	-100.13947	1471.91248	1585.70740				25.91914	1314.08252	1519.49609	-339.55740	1278.42236	1432.36047	-204.99606	1198.26465	1610.59412	-116.94758	1292.55762	1372.97302	124.12659	998.29742	1523.17712	-368.83060	1008.67914	1332.94312	202.54712	834.00995	1621.93567	-445.41495	781.47125	1315.92212	-86.24275	924.25861	1665.64270	-278.08673	910.53442	1615.31824	-102.10979	900.73834	1334.21997	91.91656	476.57013	1555.99622	-289.02069	486.83841	1600.88550	133.79469	242.94714	1286.72681	-229.63258	107.98550	1636.29004	
390	3.890				-282.19394	1409.44348	1682.64136	-104.61331	1473.39502	1594.25476				22.80557	1314.88782	1528.23889	-342.28162	1279.41492	1440.98950	-207.41298	1197.94202	1617.41858	-119.68855	1294.01697	1381.61792	119.41109	998.24750	1533.04724	-373.39737	1009.11475	1343.74988	195.68568	833.48053	1631.18066	-450.47122	782.27124	1328.85400	-91.43048	925.49652	1675.50977	-283.08472	911.46100	1624.46448	-104.51012	900.31940	1343.90723	88.29005	479.50186	1577.50964	-294.42465	486.19318	1605.30310	130.75175	249.34505	1309.30603	-230.06961	108.58511	1636.14526	
391	3.900				-286.51236	1410.01392	1690.61279	-108.80260	1474.77319	1602.52771				20.04705	1315.73950	1538.36694	-344.69873	1280.47485	1449.75769	-210.22791	1198.68945	1625.45947	-121.81267	1295.06702	1390.06201	118.07901	999.72888	1540.36841	-377.32205	1009.63165	1354.57361	189.83540	832.29077	1640.42395	-455.69315	783.10718	1342.12646	-95.84283	924.49817	1683.18237	-287.76846	912.42035	1632.16553	-106.96228	900.44452	1354.42822	85.85052	483.67416	1600.38025	-299.01761	486.43216	1611.63501	127.14362	254.81558	1331.98975	-230.91087	109.15289	1635.60291	
392	3.910				-290.77234	1410.86926	1699.38660	-112.93726	1476.31738	1611.68591				17.23579	1316.75867	1547.09705	-347.13672	1281.52869	1459.41492	-213.31966	1200.83972	1635.37122	-124.20687	1296.08374	1399.00916	113.05913	999.31714	1551.01831	-381.85852	1010.77173	1364.37976	183.43694	832.43420	1649.28467	-460.68771	784.39807	1355.51746	-101.34347	924.98798	1692.71423	-292.53018	913.74316	1639.58081	-109.13245	900.81006	1363.44861	82.16357	485.84299	1622.36243	-303.64691	485.15408	1615.52197	122.70415	258.16333	1352.42383	-231.39992	109.38748	1635.49902	
393	3.920				-295.27454	1410.87085	1707.72192	-116.78713	1477.91907	1620.56714				14.68299	1317.66956	1556.34131	-350.16971	1282.95984	1468.02246	-215.94403	1202.14526	1643.40466	-126.57835	1297.31946	1406.98303	109.56238	999.77112	1559.83191	-386.48108	1012.76843	1374.33435	179.04485	832.48553	1659.28796	-466.30646	785.61609	1368.74670	-106.45909	925.90967	1702.18066	-297.55634	915.17242	1647.14905	-111.15912	901.49603	1374.08655	78.46687	488.76669	1643.98962	-307.64651	483.92142	1617.93188	118.39027	261.72638	1373.60144	-231.35054	108.98392	1635.80286	
394	3.930				-299.00803	1411.38770	1714.86316	-120.79037	1479.58154	1630.20569				12.06859	1318.77515	1566.37341	-352.08112	1284.70740	1476.32410	-218.79620	1203.05518	1651.64978	-128.38383	1298.72546	1416.18420	103.10339	998.49896	1569.93506	-390.12344	1014.20721	1384.12036	174.06705	831.44849	1669.42163	-471.72144	787.77771	1382.54443	-111.89887	926.67987	1711.22424	-302.26099	916.59552	1654.62659	-112.55712	903.18970	1383.05786	73.04959	491.68277	1666.80542	-311.29910	481.90582	1619.69031	113.71066	264.40237	1395.28406	-231.26242	108.77556	1635.70459	
395	3.940				-303.08548	1411.20654	1722.39612	-124.46297	1480.96851	1639.63489				9.18602	1319.55798	1574.89331	-354.43698	1286.61340	1486.37927	-222.19614	1204.92566	1660.41968	-130.26627	1300.59180	1425.20996	102.91303	1001.32745	1578.28418	-393.54312	1015.72363	1393.29395	168.77730	832.09717	1677.99475	-477.18439	789.25104	1395.84399	-117.04659	927.78162	1720.52612	-307.25031	919.01740	1661.74231	-114.39616	905.01056	1393.65479	66.00334	496.75320	1689.93005	-314.54123	479.23206	1619.26599	110.09638	265.99539	1419.79639	-231.32944	109.28791	1634.95325	
396	3.950				-306.95969	1411.61218	1729.73450	-128.18716	1482.74817	1648.83997				6.82820	1320.99683	1584.00061	-356.54117	1290.58044	1486.77942	-224.77498	1206.45081	1667.65051	-132.19157	1302.37000	1433.95178	98.84729	1002.07715	1586.47852	-397.40244	1018.29529	1402.15063	164.66602	831.98309	1686.21716	-481.87799	790.79022	1409.52246	-121.59880	929.35864	1729.76392	-311.62802	919.72937	1668.04614	-116.36653	907.94745	1401.99133	58.99900	499.67401	1710.51648	-317.06097	478.73181	1618.71497	107.11039	266.70956	1444.00623	-231.18523	110.97836	1633.44788	
397	3.960				-310.97479	1411.49121	1736.98633	-132.15210	1484.37646	1657.94604				4.44604	1321.98743	1594.18445	-358.20062	1292.79468	1494.75598	-228.42992	1208.36499	1677.08789	-134.10559	1304.04309	1442.22131	96.41724	1002.25745	1594.73877	-401.00681	1020.04926	1410.55884	160.54526	832.52448	1696.22266	-486.83020	793.31445	1422.38708	-126.17656	930.39526	1738.37988	-316.25781	922.79980	1674.93396	-119.10091	909.63757	1410.64197	51.32741	504.54407	1731.67004	-319.25742	477.21075	1617.87024	104.41212	266.38913	1470.65332	-230.42780	111.42532	1630.60486	
398	3.970				-314.93121	1412.52502	1744.72974	-136.11243	1485.82458	1666.57788				1.54888	1323.11926	1602.15881	-360.71054	1295.90308	1499.98694	-231.41632	1210.79944	1684.24097	-136.21733	1305.46558	1450.78674	91.56235	1003.38568	1603.52246	-404.74203	1022.72699	1419.12878	156.66234	832.46210	1704.56750	-491.63177	795.51038	1435.45984	-130.90160	932.87616	1748.34900	-320.24799	924.30945	1681.19653	-121.14142	911.74237	1419.38538	43.44538	508.71512	1751.70361	-319.76459	476.79498	1618.23462	99.96245	263.90747	1497.30896	-229.45566	111.18822	1629.57251	
399	3.980				-318.82889	1412.66907	1751.71094	-139.74666	1486.76807	1675.52429				-1.33719	1324.10913	1611.79199	-362.82520	1298.20728	1506.45874	-235.28117	1212.50500	1692.84875	-138.01195	1307.05969	1458.91211	89.94928	1005.36023	1612.98279	-408.20145	1024.86206	1427.09631	152.82375	833.21893	1711.94312	-496.65454	797.45880	1447.69788	-135.82397	935.08173	1758.54712	-324.93951	927.36584	1688.28613	-122.89111	913.82532	1428.93213	33.93455	513.95801	1772.33740	-321.23294	476.32584	1618.05518	96.13997	261.30878	1523.32141	-228.24814	112.01270	1627.24829	
400	3.990				-322.67206	1413.04224	1759.40405	-142.81940	1488.28870	1684.89966				-4.19103	1325.19592	1620.80481	-365.20139	1300.46790	1513.54248	-238.44533	1214.65576	1699.35388	-140.21790	1308.42896	1467.84436	86.74185	1006.61761	1620.90588	-411.77612	1027.45276	1435.04553	149.84395	834.33209	1722.19727	-502.29562	799.40253	1459.95886	-140.81430	937.41266	1767.60828	-328.18295	928.28064	1693.07202	-124.68733	916.25427	1437.50879	24.72172	517.96893	1788.49365	-321.51242	475.13812	1618.02209	90.75797	257.47861	1550.89905	-227.67924	111.78108	1624.96106	
401	4.000				-326.77026	1414.28162	1767.22070	-146.00795	1489.48926	1693.86450				-7.19874	1326.38538	1629.53369	-367.36758	1302.04700	1521.80273	-242.64229	1216.50806	1708.10010	-142.30708	1309.92114	1476.61536	83.73692	1006.80341	1628.23035	-414.30029	1028.65759	1443.19067	146.94469	835.50116	1730.50244	-506.58304	801.99335	1471.96399	-145.94406	940.26465	1777.47437	-333.02655	930.85242	1700.86975	-126.27306	918.25372	1446.30444	15.87090	524.21295	1808.14697	-321.73169	476.02975	1616.62451	85.51970	252.53180	1579.25659	-227.28163	112.11488	1623.11316	
402	4.010				-330.54990	1415.03833	1774.18689	-149.74727	1489.83459	1702.54578				-10.45156	1327.14050	1638.91821	-369.71066	1304.42603	1527.70300	-246.16211	1218.23669	1714.60974	-144.61156	1311.22607	1484.37073	79.31404	1007.91656	1636.85376	-418.15753	1031.63086	1451.15784	144.08846	837.02954	1739.32373	-511.74884	804.00299	1483.37341	-151.37753	941.92950	1785.54492	-336.40991	932.86810	1706.53723	-127.93606	919.94092	1453.61829	6.84220	528.88782	1824.28455	-322.30606	475.73672	1616.48315	79.67575	247.24141	1607.86926	-227.04234	112.67040	1622.62378	
403	4.020				-334.48053	1416.41052	1782.64746	-153.26440	1490.75073	1711.17761				-13.60310	1328.09778	1648.38721	-371.90921	1306.16602	1534.31201	-250.63385	1219.73193	1723.31250	-146.91612	1311.88196	1493.23022	76.53947	1009.70551	1646.24060	-422.04416	1033.38611	1458.35364	142.02008	838.56659	1750.09631	-517.23230	806.36719	1494.34045	-157.04515	944.41858	1794.81165	-341.06799	934.28906	1713.43750	-128.83147	920.87024	1463.24866	-2.06676	532.42346	1838.73682	-323.16473	475.39130	1617.66724	72.28477	240.69521	1636.99780	-226.73669	113.27029	1622.22510	
404	4.030				-338.84021	1417.74365	1790.53979	-156.27815	1491.57886	1720.19006				-16.82101	1328.91370	1656.90662	-374.46140	1307.74365	1541.15588	-254.94733	1221.53345	1731.08887	-148.81917	1312.99072	1501.51270	73.50105	1010.32288	1653.67041	-425.41525	1034.30774	1465.77783	139.78433	839.99310	1758.21057	-523.07373	808.64990	1504.37573	-162.35689	945.17786	1801.89087	-345.05093	934.99921	1719.33582	-129.37177	922.37177	1472.50110	-12.01636	533.35321	1846.58398	-323.71378	475.65952	1618.32922	66.26340	233.17470	1668.35229	-226.71165	113.39941	1622.14331	
405	4.040				-342.55420	1418.17065	1797.68872	-159.87021	1492.52747	1730.67395				-20.34623	1329.43726	1666.95679	-376.94913	1308.64478	1548.33032	-258.42157	1222.18091	1736.98730	-151.70253	1313.57251	1510.69043	69.83405	1010.86176	1663.10962	-428.99008	1035.39697	1473.58618	137.99171	841.69958	1767.94165	-528.28168	810.65417	1514.72693	-167.69084	947.23865	1810.99719	-349.39569	936.97388	1725.17639	-130.72684	922.75323	1481.83362	-20.72276	537.94214	1862.09583	-324.63208	476.09140	1621.78711	58.04068	226.82782	1698.17798	-226.75409	113.64583	1622.07336	
406	4.050				-346.47174	1419.30518	1806.13550	-162.95190	1492.80090	1738.54700				-23.70044	1329.98767	1676.52087	-379.41156	1309.38818	1556.54016	-263.16531	1223.38684	1745.99658	-153.74286	1314.35522	1519.23169	67.12119	1012.28143	1675.16504	-433.18634	1035.87085	1482.92676	136.03546	843.89624	1777.30737	-534.08160	812.71454	1524.11682	-173.10884	948.16656	1819.92078	-353.76465	937.38416	1732.12537	-130.97603	924.21399	1490.55566	-29.94486	542.08136	1876.19727	-325.45575	475.54703	1623.20618	49.27233	219.66624	1727.18958	-226.65092	114.18215	1622.35303	
407	4.060				-350.48206	1420.11768	1813.47913	-166.99086	1492.74402	1747.34460				-27.49515	1330.46167	1686.20959	-382.33594	1309.43579	1563.50061	-267.46454	1223.12305	1753.88733	-156.53383	1314.79907	1528.37952	64.83057	1011.92847	1683.51660	-437.00226	1037.36499	1490.40527	134.06010	844.67072	1785.37744	-539.14709	813.69409	1533.70813	-178.51280	949.17194	1828.55212	-357.81033	937.48669	1738.78796	-131.35323	924.23810	1500.68250	-39.92945	542.91260	1885.61511	-326.63760	474.70612	1627.69214	40.97432	210.92192	1757.08301	-226.58995	114.37341	1622.41345	
408	4.070				-354.45505	1420.61426	1821.65906	-169.71092	1492.98743	1755.65430				-31.22448	1330.53149	1695.66748	-385.21933	1310.54858	1569.74060	-271.26541	1223.09338	1760.68823	-158.83089	1315.36743	1536.76978	61.78577	1012.80255	1694.57068	-440.57471	1037.55176	1499.82642	132.63339	845.87854	1795.32190	-544.47876	815.85986	1540.35144	-184.05789	948.77917	1836.06592	-362.02530	937.44104	1744.08118	-132.10083	924.16516	1508.95215	-48.90690	543.78119	1896.82239	-327.35104	474.19632	1631.46558	32.86685	204.28421	1788.34265	-226.61340	114.88638	1623.79065	
409	4.080				-358.43750	1421.60120	1829.50769	-173.37260	1493.21594	1765.54224				-35.02711	1330.94116	1706.59802	-388.68976	1310.41870	1576.66504	-275.67322	1223.33813	1769.21179	-161.19489	1315.70300	1545.89807	59.16722	1013.39868	1705.60547	-444.39404	1038.46948	1506.77649	130.56845	847.17139	1804.57581	-549.25745	816.43982	1550.03198	-189.87714	948.54382	1843.98340	-366.14725	937.62250	1749.93896	-131.97609	924.57556	1518.07178	-57.86378	545.34839	1909.02527	-327.62939	473.71289	1634.82617	21.74934	196.71603	1820.69531	-226.66537	115.15156	1623.80066	
410	4.090				-362.47037	1422.28992	1837.42175	-176.98042	1492.91614	1774.84644				-39.02598	1330.52954	1716.95569	-391.05392	1310.47583	1584.70703	-280.42737	1222.67834	1777.73914	-164.02750	1315.81836	1555.04089	55.80340	1014.83319	1715.66101	-447.92926	1038.24512	1513.20264	129.22246	848.38629	1814.24255	-553.95026	817.90668	1555.75146	-195.16322	947.45734	1852.63391	-370.21164	936.62085	1755.21497	-132.12721	924.91058	1528.02100	-67.36782	543.84241	1916.36487	-328.18585	473.55612	1637.07886	11.08176	190.09073	1852.27222	-226.55960	115.37911	1623.95190	
411	4.100				-366.67551	1422.48743	1845.77075	-180.28526	1492.61572	1782.93433				-42.88473	1330.67078	1726.86804	-393.45386	1310.46411	1592.45032	-284.55121	1221.47644	1785.17786	-166.03621	1315.75378	1563.65930	53.11279	1015.51965	1726.34680	-451.17590	1038.43701	1520.21838	126.81814	849.11981	1823.79993	-558.55792	818.25671	1564.49841	-199.83669	946.32220	1860.25977	-373.68304	935.14697	1760.93896	-132.60268	925.15857	1537.68115	-75.65564	543.90356	1928.01941	-329.54614	471.78284	1642.63086	0.12631	183.97972	1883.73511	-226.66734	115.64375	1624.89465	
412	4.110				-370.76727	1422.33069	1852.95435	-184.02771	1491.82385	1791.08423				-46.91234	1330.53247	1737.33264	-395.73465	1310.25916	1601.09924	-288.99432	1220.97791	1793.75378	-168.69391	1315.30725	1573.76904	50.67933	1016.16333	1737.47949	-454.21707	1038.49243	1526.99060	126.03687	850.54254	1834.59937	-562.33746	818.34113	1569.56506	-205.06427	945.19421	1869.01013	-377.92676	934.56171	1767.58008	-132.48238	924.68756	1546.74341	-83.66399	544.00519	1939.03723	-330.25482	471.91150	1646.54578	-11.72660	178.28064	1913.36951	-226.82607	115.67710	1625.88440	
413	4.120				-374.91776	1422.50317	1860.23486	-187.63878	1491.61255	1800.01953				-50.81558	1329.73340	1748.50769	-398.63257	1309.52454	1607.88550	-293.58881	1219.33789	1802.78601	-171.00633	1315.35583	1582.34937	48.49703	1015.45435	1748.67725	-457.39539	1038.01880	1535.44763	124.11419	851.74603	1844.43372	-565.75580	818.93152	1576.71423	-210.47702	944.01605	1877.27466	-381.57028	933.05042	1773.35315	-133.12216	924.95099	1556.74060	-92.39283	540.88367	1945.56934	-331.17880	470.87476	1650.48108	-23.67166	174.36803	1944.07190	-226.73373	116.20325	1626.29712	
414	4.130				-379.48621	1422.50012	1867.66553	-191.81416	1491.12695	1809.74219				-54.74155	1329.75208	1758.46899	-401.28851	1308.56128	1615.85547	-297.82037	1218.33447	1810.14111	-173.40062	1315.10754	1591.00928	46.30962	1016.72510	1760.78259	-459.77292	1037.50012	1542.08618	122.70760	852.02368	1855.88550	-569.51880	818.77142	1582.30542	-215.96719	942.57373	1885.97534	-385.16287	931.23383	1778.33643	-133.05367	923.45422	1566.45911	-100.64737	539.34430	1954.33472	-332.28552	470.01395	1654.95715	-38.26402	172.84227	1973.26819	-226.71735	116.43093	1626.34973	
415	4.140				-384.44791	1422.72473	1875.63464	-195.52431	1490.33630	1818.48816				-58.95942	1328.79553	1769.61987	-403.96436	1307.55920	1622.91504	-302.60144	1217.14795	1818.65625	-175.87988	1313.80054	1601.42737	42.59678	1015.66309	1769.30688				121.47552	852.99310	1866.95129	-573.04865	818.45465	1586.33618	-221.36006	941.39899	1894.68750	-389.58990	929.53070	1785.39661	-134.06808	923.49780	1575.95935	-108.05674	537.42413	1963.65417	-333.47501	470.01123	1658.56763	-53.79139	173.51866	2003.06323	-226.61073	116.88853	1626.79175	
416	4.150				-388.77963	1422.22156	1883.34070	-199.39111	1489.59412	1827.41089				-63.29174	1328.21875	1780.73242	-406.41357	1306.57202	1629.34607	-306.97189	1215.27734	1826.44470	-177.81760	1313.46631	1610.79126	39.81658	1016.20758	1780.67627				119.72221	853.78442	1877.98645	-575.66718	817.55347	1590.81653	-226.62277	939.96130	1903.59546	-393.58017	927.98248	1792.43677	-134.17061	922.83356	1586.67480	-114.36154	534.14960	1971.11133	-335.42764	468.50989	1664.33606	-68.70669	171.43523	2029.07019	-226.53461	117.13245	1626.96143	
417	4.160				-393.51041	1421.82764	1891.84961	-203.69679	1489.08777	1836.97974				-67.50594	1327.56824	1791.46313	-408.92111	1304.32239	1638.17542	-311.98853	1214.00330	1835.78967	-180.25420	1312.52576	1620.30078	37.10615	1016.12073	1792.38892				117.91743	854.58502	1888.99329	-578.54236	816.81049	1596.59229	-231.41591	937.75507	1911.59192	-396.95078	926.25513	1798.02698	-135.89066	922.20428	1595.68091	-121.37762	531.84509	1978.80994	-336.68018	468.50772	1668.63135	-84.05263	174.07391	2058.00098	-226.59952	117.44061	1627.93713	
418	4.170				-397.88919	1421.64087	1899.31494	-207.67320	1487.78027	1845.65942				-71.44493	1326.59375	1802.77625	-411.02750	1303.33167	1645.54688	-315.82770	1212.32410	1842.42383				35.10338	1016.18152	1804.57874				116.11542	855.41071	1900.68884	-580.08948	815.43329	1600.70691	-236.47902	936.22638	1920.43164	-401.71213	925.09668	1806.85632	-135.64655	920.87482	1605.30371	-127.64391	530.31122	1987.58545	-339.10596	467.44131	1674.16284	-100.82913	176.56627	2084.80786	-226.79034	118.35635	1630.37854	
419	4.180							-212.11945	1486.93909	1854.63562				-75.77124	1326.02686	1813.93555	-413.09058	1301.91467	1652.90356	-320.47321	1210.49182	1851.02881				32.43224	1014.75195	1815.36572				113.87838	856.08374	1912.31665	-583.03430	813.87219	1603.92139	-241.96092	934.56830	1930.66211	-405.41916	923.25879	1812.72644	-136.82191	920.36749	1618.84375	-134.08781	528.89166	1995.41760	-340.75458	467.13254	1678.91382	-116.83765	178.04395	2106.36475	-227.01193	118.96043	1630.22473	
420	4.190							-216.55301	1486.06982	1864.35144				-80.11460	1325.02246	1824.99634	-415.01614	1300.51807	1658.90027	-325.32217	1209.60596	1859.77258										111.73654	856.84491	1925.07263	-584.52173	813.17969	1606.96619	-247.06476	933.24451	1939.93909	-409.24438	921.44733	1819.21033	-137.67395	920.17987	1625.43677	-139.22772	527.99829	2007.20288	-343.08932	466.53940	1683.54321	-134.75165	179.00056	2124.17017	-225.99083	118.98840	1629.81104	
421	4.200							-220.75468	1485.32715	1873.21265				-84.42872	1324.29272	1837.50952	-417.11331	1298.87256	1665.36377	-330.32126	1208.39368	1868.90100										109.27104	855.72748	1936.15625	-586.15393	811.57935	1610.94995	-252.52158	931.65173	1948.75623	-413.38245	920.24811	1826.77783	-138.22852	917.73157	1639.63818	-145.85535	525.02734	2017.51086	-345.05441	466.13358	1689.53735	-150.57144	182.58936	2144.16626	-226.70914	122.00892	1630.10144	
422	4.210							-225.26822	1484.36694	1881.85620				-88.64954	1323.56787	1849.13464	-417.81763	1296.63745	1675.06067	-334.96634	1207.95532	1876.77356										106.33194	856.26483	1948.23401	-587.25684	810.37195	1613.80627	-258.60251	930.96967	1957.69385	-417.20874	919.06689	1833.50867	-138.69856	916.76868	1646.99316	-150.42879	523.03925	2029.24548	-347.00919	464.94254	1694.86462	-166.02505	183.37543	2158.87329	-227.26503	122.68905	1632.68823	
423	4.220							-229.38148	1483.02173	1890.55042				-92.93613	1323.00391	1859.87427	-420.60107	1295.72900	1679.21643	-339.75183	1206.42725	1885.14233										104.17374	856.81610	1961.86975	-587.83173	809.74945	1614.42322	-264.63077	929.14642	1966.34473	-421.44266	918.66589	1841.34009	-139.66403	916.00214	1660.99902	-155.90669	520.89722	2039.93140	-348.67285	464.94717	1699.98669	-178.60217	186.48625	2174.61646	-226.97809	122.85704	1633.29468	
424	4.230							-234.45450	1482.54370	1901.19080				-97.19788	1322.01587	1872.06421	-422.15332	1294.29663	1685.82751	-344.61383	1205.26111	1892.71008										101.26534	857.09863	1975.18530	-587.77747	807.51459	1617.99622	-270.51685	928.33960	1975.29358	-425.04807	917.31024	1847.91040				-160.64795	519.73743	2052.23438	-350.50516	463.64697	1706.52283	-191.17166	185.84613	2184.38477	-227.02116	123.84966	1634.71167	
425	4.240							-238.79369	1481.89014	1910.24036				-101.52010	1321.30212	1884.23474	-423.49237	1292.82581	1692.23560	-349.45660	1204.61414	1899.89771										97.27234	857.76440	1986.85815	-587.12671	805.65607	1620.97974	-276.72672	928.60754	1986.10632	-429.39349	917.22339	1856.17334				-168.15536	519.42078	2064.21631	-351.44870	463.05432	1712.44226	-200.21274	185.65097	2196.24048	-227.84798	126.01961	1636.66309	
426	4.250							-243.64000	1481.41260	1919.64771				-106.01473	1321.11731	1895.65503	-424.85837	1291.52026	1699.12964	-354.20877	1203.22290	1908.68958										93.51294	858.00604	2000.63672	-585.97516	804.57880	1623.59814	-282.75558	927.99561	1995.24011	-433.74344	916.91644	1864.10339				-175.37424	519.68951	2075.21265	-352.34665	461.99246	1718.42456	-209.29797	181.71484	2203.77759	-227.62614	128.16064	1636.09229	
427	4.260							-248.50409	1481.24524	1929.18213				-110.31202	1320.40796	1907.98584	-425.97699	1290.31982	1705.95435	-359.22388	1203.71655	1918.04578										89.87689	858.46362	2015.58752	-584.58051	803.61389	1625.95276	-288.76596	926.78632	2003.76697	-438.31583	915.78693	1872.17444	-144.25195	910.48108	1702.62671	-183.89784	517.12390	2083.27612	-353.63135	461.63589	1726.22473	-216.20851	177.28673	2209.56860	-228.32188	130.94997	1637.07031	
428	4.270							-252.92529	1480.50049	1937.76904				-114.95449	1320.37512	1920.53223	-427.13202	1289.06213	1712.66113	-363.72400	1202.91626	1926.49304										85.76191	858.46411	2029.45276	-582.60107	801.70386	1628.69031	-294.65598	926.07574	2012.90283	-442.55292	914.53137	1879.33765	-144.95615	909.64032	1714.88489	-189.75246	516.46185	2095.16943	-354.51797	462.30853	1731.62451	-222.26859	173.17937	2214.73804	-229.05501	133.32208	1638.93542	
429	4.280							-258.10947	1480.49109	1947.83557				-119.42075	1320.14124	1932.92566	-427.93179	1288.01465	1719.64758	-368.54376	1202.52502	1935.01880										80.95967	858.79596	2042.75842	-579.89539	801.22174	1628.17200	-300.79456	925.27521	2023.45667	-447.38467	914.57562	1887.26636				-198.53348	513.77911	2103.62695	-355.73706	462.37387	1739.39685	-225.23741	170.34998	2221.88257	-230.16212	135.20982	1641.35571	
430	4.290							-262.81082	1480.31006	1956.54907				-123.81709	1320.58850	1944.46057	-428.53119	1287.20203	1726.55176	-372.90750	1201.83264	1942.81787										75.81932	858.80707	2056.23145	-576.83313	799.80042	1632.59766	-307.21127	925.70349	2034.81934	-452.29443	914.61206	1896.48059	-149.20334	907.47809	1740.27893	-206.23009	511.02429	2112.61841	-355.52887	460.69632	1748.90063	-228.93425	163.50253	2221.82104	-229.95940	138.30914	1641.76428	
431	4.300							-267.85748	1480.35999	1966.09448				-128.55942	1320.54248	1957.08997	-429.33780	1286.23108	1733.56165	-377.93689	1202.37598	1951.70166										70.43320	859.40619	2072.41382	-573.42371	798.56787	1632.32947	-313.41745	925.78876	2045.19446	-456.36746	914.12976	1903.96521	-152.61917	908.71185	1751.04016	-214.06181	509.56409	2123.17700	-358.12900	462.81180	1752.63501	-230.40425	160.79037	2227.95166	-231.41957	141.97141	1643.70166	
432	4.310							-272.92944	1480.82397	1975.47375				-133.29723	1320.88281	1970.40930	-429.65591	1285.60156	1740.52844	-382.87851	1202.80493	1960.07361										64.10993	858.89819	2084.96851	-569.69604	797.90192	1636.20166	-320.03220	926.10089	2055.58960	-460.72134	914.41309	1912.39563				-221.73607	506.01050	2131.24683	-360.05759	461.38483	1762.10229	-234.78819	154.85808	2226.98486	-231.14857	144.22429	1649.67725	
433	4.320							-277.87622	1481.31494	1983.91223				-138.01289	1321.13135	1982.05554	-430.24420	1284.94910	1747.39575	-387.71375	1203.30872	1968.43835										58.34958	858.99634	2101.16113	-565.31146	796.71912	1639.00073	-326.96320	926.44775	2065.62500	-465.25195	915.02869	1921.68823	-157.99927	905.54230	1777.84192	-229.27859	504.71481	2141.08032	-364.00253	462.21198	1768.90845	-240.05115	155.83081	2233.34912	-231.79930	148.27232	1651.71155	
434	4.330							-283.19003	1482.79333	1993.08936				-142.52394	1321.93420	1995.41907	-430.45917	1284.60010	1754.65320	-392.45740	1204.26721	1976.81897										51.11275	858.01617	2114.38330	-560.72577	797.37024	1637.84229	-333.79736	927.50891	2076.49463	-469.51132	916.07825	1930.20703				-237.02800	503.37070	2150.57788	-368.36478	461.95227	1778.97839	-243.17448	154.32156	2236.95874	-233.69144	152.36801	1655.30762	
435	4.340							-289.18805	1484.58142	2003.33728				-147.53761	1322.44434	2007.26453	-430.51489	1283.91138	1763.59155	-397.17096	1205.90540	1985.75244										44.66072	858.95984	2131.83862	-555.85272	797.09473	1640.27417	-339.73837	928.52563	2086.19165	-473.44382	916.99390	1938.58643				-242.90074	502.10580	2159.42725	-373.06174	462.15082	1785.05835	-246.84457	151.89287	2240.89624	-236.10991	156.53021	1659.73291	
436	4.350							-294.96298	1486.50024	2012.21509				-153.50797	1321.36536	2017.13562	-431.07047	1284.41980	1770.33398	-402.09995	1207.21277	1995.05798										36.61338	859.69855	2146.98291	-550.47601	796.03937	1646.06616	-346.33167	929.33716	2097.27661	-477.83661	918.11285	1947.66467	-599.89276	672.16522	2380.65356	-248.28458	502.31650	2168.28271	-378.33795	461.66437	1796.26404	-250.06761	153.61566	2249.00635	-237.89270	162.07823	1663.19324	
437	4.360							-300.82745	1488.77393	2020.89148				-158.51880	1322.83423	2030.36572	-431.87964	1284.88000	1777.24036	-407.48837	1209.16772	2005.06274										28.37770	860.08844	2162.34766	-544.38251	796.39233	1646.97021	-353.01556	930.80548	2106.58862	-482.14487	920.27710	1956.99939	-169.71040	905.31976	1837.90710	-253.68707	502.79413	2178.32422	-384.30713	462.77399	1804.27222	-252.92514	151.42783	2253.26367	-241.21889	168.03384	1666.69348	
438	4.370							-307.52863	1491.19226	2031.58423				-164.60158	1324.05835	2043.41431	-432.16800	1286.98718	1783.50732	-412.65402	1212.03882	2013.37317										19.62306	860.89429	2177.76587	-537.93683	797.89960	1647.82483	-360.01544	932.90887	2116.61206	-486.01587	921.45294	1965.18701				-259.10782	505.06201	2188.37305	-390.35101	461.88104	1816.44006	-254.58186	148.53511	2257.49731	-244.19728	172.73473	1674.30884	
439	4.380							-313.36301	1493.43835	2039.63708				-170.98421	1325.59595	2056.08594	-432.78705	1288.38403	1790.32141	-417.79129	1212.85925	2020.02356										10.90717	862.29169	2195.36719	-530.78711	798.77661	1652.67053	-366.06729	934.26331	2125.85962	-490.27499	924.83807	1973.87622				-264.19250	507.47568	2198.73218	-397.39801	462.21292	1827.13391	-256.18405	148.41339	2263.23730	-247.32256	179.13887	1680.36719	
440	4.390							-320.14883	1495.84888	2049.14282				-177.20561	1327.00354	2068.61060	-433.70694	1290.48962	1797.90247													1.20421	863.73608	2210.68286	-523.76013	800.22229	1657.44604	-372.90079	936.63739	2135.66943	-493.69119	925.96741	1981.36560				-269.08780	509.68964	2207.75952	-404.93402	462.37347	1839.08984	-255.92574	146.44089	2266.79907	-250.61884	185.16957	1687.96936	
441	4.400	-218.73949	1304.78540	1878.45520				-326.38245	1497.89331	2057.43530				-184.03999	1329.13586	2081.58643	-434.96384	1292.80579	1805.15942										-192.76460	998.13391	1555.98828	-9.03643	865.18774	2227.33008	-516.09613	802.33014	1659.62854	-379.92557	938.67871	2144.87476	-497.93613	929.10260	1989.97485	-424.70767	1022.65765	1705.97729	-273.38931	512.56409	2215.76563	-413.49579	463.21286	1851.36853	-256.75986	146.47131	2270.14526	-254.98291	190.58798	1698.01929	
442	4.410	-221.76457	1307.00684	1892.18518				-333.20334	1500.70398	2066.85229				-190.83263	1329.91919	2093.77515	-436.20132	1295.09888	1812.45569										-195.63060	1001.35199	1562.19067	-19.43430	866.52954	2244.27759	-508.51767	803.28571	1664.59680	-386.34106	940.87164	2153.75708							-277.91388	514.86517	2223.75635	-421.95432	463.82813	1862.44458	-257.84363	145.95302	2272.53296	-259.05301	197.77014	1705.85718	
443	4.420	-225.19426	1309.16687	1902.24182										-198.44223	1331.81470	2105.78516	-437.37720	1297.47583	1819.42798										-198.80652	1004.61505	1568.94263	-30.15837	868.40143	2260.74023	-500.83813	805.79419	1666.52600	-393.30219	943.07184	2162.04761							-281.80634	517.29803	2231.55249	-431.27911	464.19870	1874.58032	-258.52859	144.96774	2272.99365	-263.21353	202.87328	1718.40649	
444	4.430	-228.01227	1311.03284	1915.93835										-206.08980	1333.01416	2117.84521	-438.74130	1300.04297	1826.36194													-41.21862	869.70502	2277.11182	-493.65320	807.24316	1672.16528	-399.41129	944.45520	2169.48975							-284.86310	519.06219	2238.63232	-440.94687	465.18668	1888.23462	-259.10709	144.83307	2273.77686	-268.54810	210.10808	1729.68359	
445	4.440	-231.12816	1313.21729	1928.83020										-213.60602	1334.45569	2129.20605	-440.25958	1302.26868	1833.35596													-53.70129	872.23059	2294.14941	-486.33066	809.11652	1677.14246	-405.91333	946.27747	2177.26416							-287.06146	519.27521	2244.93726	-452.17279	467.06332	1902.37634	-259.18326	144.42818	2273.85474	-274.46567	217.57185	1741.44006	
446	4.450	-235.30603	1315.90613	1938.77197	-325.79065	126.54495	2281.45923							-222.07951	1335.43835	2141.40918	-441.69370	1304.20349	1839.44666										-189.49823	928.76550	1931.05750	-65.61504	874.19623	2310.67065	-479.85812	810.44519	1682.49744	-412.35605	947.89758	2184.74878	-510.55643	936.03632	2010.33179				-289.39508	518.72949	2250.97754	-463.24329	469.06976	1909.29187	-259.22818	144.31789	2273.74902	-279.50552	223.55440	1756.75867	
447	4.460	-238.37906	1318.01611	1950.48547	-325.80530	126.43680	2281.46631							-230.25644	1336.54602	2151.56738	-442.70554	1306.43555	1845.32227	-284.29840	1558.05920	1966.81323							-191.36407	931.31805	1941.41968	-78.50634	875.80243	2326.92188	-473.42642	812.96039	1684.13184	-418.46722	948.63763	2190.85181	-513.23309	937.75250	2015.04773				-291.63812	517.31647	2255.84595	-473.86935	470.94583	1922.80103	-259.32611	144.10756	2273.50220	-282.69617	230.21800	1769.23914	
448	4.470	-241.63786	1320.25037	1961.82104	-326.31598	126.57780	2282.89917							-239.21687	1337.95386	2164.27417	-443.71423	1308.14197	1850.60669	-286.92480	1559.40576	1976.97205							-193.07622	932.57001	1950.02698	-92.66412	875.22009	2340.26025	-467.61072	814.34143	1691.27222	-424.51376	949.20325	2197.05371	-517.39679	938.20441	2019.12976				-293.14572	515.43597	2259.77002	-483.79260	476.23898	1927.96667	-259.63934	143.46323	2272.69751	-285.62683	233.15730	1784.15198	
449	4.480	-245.27066	1322.33350	1972.11365	-326.34854	126.43114	2282.86450							-247.71185	1339.07532	2173.63892	-444.85504	1309.82422	1856.47449	-290.30222	1560.75684	1986.43311							-195.10007	934.28931	1959.53442	-105.78082	879.62415	2359.36719	-462.43777	817.42059	1693.84338				-520.58118	938.48340	2020.92322				-295.12256	513.40594	2264.81299	-493.21466	480.12610	1939.29126	-260.62592	143.39656	2271.65039	-289.69922	235.87369	1800.47888	
450	4.490	-147.38484	1039.68945	2251.91919	-326.42465	126.18199	2282.73389							-256.75894	1341.03784	2184.54565	-445.93155	1311.39368	1861.45142	-292.26312	1561.31653	1995.88318							-196.54504	938.50653	1970.60364	-120.61452	879.52441	2372.97656	-457.64032	819.22369	1696.56384				-523.99280	938.79871	2023.08289				-297.01208	513.41357	2269.28662	-501.90057	484.41260	1949.72363	-261.12366	142.41312	2270.35132	-295.40695	237.47125	1816.81238	
451	4.500	-158.38055	1040.59961	2265.40210	-327.44211	127.54550	2284.05884							-265.21094	1341.47229	2193.68799	-446.93243	1312.95093	1866.51880	-295.73434	1562.15540	2005.56006							-198.98477	940.79449	1979.42297	-135.40623	881.70221	2388.70874	-453.33740	820.30652	1702.51563				-528.17480	938.94446	2025.15527				-298.30228	511.97195	2271.79565	-509.79327	489.85855	1955.28613	-261.59106	142.83257	2269.63574	-302.15445	237.78232	1834.45605	
452	4.510	-168.74617	1041.05127	2278.17383	-327.70682	127.28699	2284.29785							-274.02393	1342.70288	2202.69287	-447.57599	1314.29102	1871.43750	-298.83203	1563.16199	2015.68896							-200.98216	943.73035	1989.15051	-150.02365	884.28137	2403.54468	-449.34561	822.74408	1704.58826				-531.60406	938.91522	2028.53174				-300.67950	511.53885	2274.76465	-517.60669	495.21170	1961.54651	-262.06137	143.42979	2270.19141	-309.75616	236.24443	1852.00989	
453	4.520	-180.14764	1042.80115	2291.69434										-282.84927	1344.22766	2212.13770	-448.23883	1315.96411	1876.47986	-302.24716	1563.91321	2024.05103							-203.83955	945.86066	1996.76880	-165.57834	886.05640	2418.90332	-445.00244	823.83545	1708.62927				-534.81207	939.52435	2029.86682				-303.51880	511.43991	2278.67139	-523.51141	498.50705	1970.44238	-262.62772	144.70284	2271.28076	-319.48181	232.57419	1870.50903	
454	4.530	-191.49655	1043.72070	2304.28247										-291.57135	1345.68774	2220.71289	-448.90884	1317.38245	1879.88916	-305.72388	1564.25012	2032.33167							-205.42897	948.47430	2005.44751	-181.29227	888.57880	2432.83228	-441.00806	826.67047	1710.64905				-538.55908	939.73932	2031.89734				-306.08725	511.60712	2281.18921	-529.40247	503.53436	1980.54126	-262.75095	145.28270	2271.60693	-328.34744	227.91289	1888.94727	
455	4.540	-202.76337	1044.69983	2315.32104										-300.49164	1347.07117	2229.06128	-449.63321	1318.92603	1884.01306	-309.37506	1565.24622	2040.51465							-208.28917	950.55920	2013.65210	-197.37883	890.48016	2446.01318	-436.77322	828.25867	1714.00562				-540.93622	940.14319	2031.90759				-309.79501	511.63690	2284.37964	-533.63171	507.62051	1986.49011	-261.99112	148.05344	2274.46997	-339.09708	223.24423	1905.65625	
456	4.550	-214.32526	1046.18518	2327.40332										-308.97726	1347.82507	2236.32300	-450.21970	1320.21313	1887.38403	-313.10040	1565.78015	2049.12695							-210.01086	953.08972	2022.47559	-213.71703	893.26691	2460.04248	-432.53726	829.10614	1720.03601				-543.90662	940.40887	2033.58496				-312.93817	512.39178	2286.17725	-537.98499	511.09082	1992.59070	-262.91443	145.60890	2271.23950	-350.33325	216.31764	1924.61365	
457	4.560	-225.86404	1047.63354	2338.59448													-451.05539	1321.92029	1891.13989	-317.00970	1566.82483	2057.20166							-212.75195	954.69629	2029.07214	-230.31870	895.76337	2472.70093	-428.75381	831.99164	1720.03760				-546.51910	941.47455	2035.62488				-316.68832	513.74652	2290.34106	-541.91156	514.64545	1998.17566	-263.96695	146.94955	2272.98608	-361.06241	209.53372	1941.33191	
458	4.570	-237.42905	1048.40002	2349.43140													-451.83435	1323.07605	1894.70837										-214.80046	955.67096	2036.61475	-247.12933	897.54901	2484.29224	-424.79749	833.34058	1723.67371				-549.53406	942.79138	2037.20959				-320.58038	513.93982	2292.84790	-545.10101	516.36743	2010.35193	-264.13568	147.25157	2272.89185	-372.93005	202.41463	1957.37415	
459	4.580	-249.60123	1050.30017	2360.63257													-452.67416	1324.18567	1898.72949										-218.08865	957.22479	2044.72607	-264.25452	899.71265	2496.33496	-420.73300	834.26544	1730.59546				-551.76312	943.41571	2039.32959				-324.05817	513.91565	2294.94727	-548.19708	519.70233	2014.93933	-265.33554	148.80835	2274.66162				
460	4.590	-260.85464	1050.93225	2369.53369																									-220.39165	957.69025	2051.06982	-280.79919	901.60968	2507.37573	-416.97794	836.10223	1732.65515				-554.81256	943.97614	2040.11816				-327.81897	514.01080	2298.09033	-550.47192	522.43170	2018.25391	-265.36957	148.72231	2274.58350				
461	4.600	-273.05328	1052.11670	2379.85376																									-223.75241	959.21863	2058.34912	-297.80185	903.61145	2517.46606	-413.60574	837.71808	1735.67322				-557.57996	945.09015	2042.37305				-332.47098	514.30408	2300.62646	-552.42761	524.12158	2020.90442	-265.40918	148.64655	2274.47974				
462	4.610	-285.04367	1053.13672	2388.81226																									-227.33931	959.52094	2064.24438	-315.10938	905.92871	2527.74536	-410.43430	838.90796	1740.41626				-560.42773	945.62946	2042.94543				-336.84439	514.96448	2304.36401	-553.70441	525.42578	2025.95776	-266.62292	150.22546	2276.18091				
463	4.620	-296.78531	1053.71643	2398.10352																									-230.42787	960.67139	2070.60791	-331.82645	907.42969	2536.87866	-407.00635	840.76556	1741.36792				-563.36157	945.95813	2044.33398				-341.05927	513.97913	2305.86230	-554.23590	525.08105	2032.78455	-267.88867	151.68158	2277.75269				
464	4.630	-308.88898	1054.99036	2407.44849																									-233.97002	961.22266	2076.32104				-404.56400	841.25464	1746.00195				-566.32007	946.66089	2046.07788				-345.76794	514.64874	2310.29395	-553.96362	524.93042	2035.40564	-268.08151	151.26665	2277.27368				
465	4.640	-321.03030	1055.20703	2415.36743																									-237.97528	961.40204	2081.32935				-401.87875	842.35419	1751.32813				-570.39478	946.56610	2048.87231				-349.94598	513.76843	2311.75439	-553.51086	523.73773	2042.53137	-269.35065	152.31715	2278.05884				
466	4.650	-332.87527	1056.28503	2423.43286																									-241.50729	961.59845	2087.52661				-399.72900	842.62012	1754.84790				-573.64862	946.51422	2049.63062				-353.77328	513.53638	2314.63721	-552.09186	523.56488	2041.51904	-269.98105	151.96681	2277.62378				
467	4.660																												-245.37865	961.99487	2093.18140				-396.84958	844.90717	1753.67334				-576.83484	946.64038	2049.96704				-358.77267	513.70062	2317.78833	-549.90234	521.60809	2045.25476	-271.63779	155.49428	2281.07446				
468	4.670																												-249.61075	961.84039	2097.10229				-395.56567	845.20245	1759.42590				-581.03400	946.03809	2052.57715				-362.34766	512.90479	2321.20264	-547.33282	518.30389	2052.36646	-271.66873	155.50449	2281.01831				
469	4.680																												-254.26799	960.90558	2101.85278				-394.40936	845.96423	1761.32117				-584.56207	945.72498	2053.83569				-367.01657	512.37659	2323.31030	-543.78455	515.97424	2055.79639	-272.15723	155.75119	2281.09790				
470	4.690																												-259.05545	960.65924	2105.47437				-393.19647	845.99664	1765.01880				-587.35138	945.51654	2054.53564				-371.59808	513.08545	2328.48950	-542.07019	514.08990	2055.62964	-272.68161	155.81134	2281.41748				
471	4.700																												-263.54190	959.79590	2111.85034				-393.02750	845.71985	1766.94763				-591.59515	945.20905	2056.07593				-377.07983	512.28766	2331.45117	-542.97363	510.00046	2064.06372	-273.60892	155.94498	2281.73828				
472	4.710																												-268.24164	958.83954	2115.96069				-392.33673	845.75409	1770.16797				-594.36676	944.71002	2057.90063				-381.92801	513.25671	2335.86255	-545.08136	508.10477	2066.66772	-274.08710	159.47571	2285.28784				
473	4.720																												-273.12527	957.71356	2121.28027				-392.74258	844.89551	1773.61609				-597.62805	944.48248	2058.18164				-388.11429	513.35571	2339.81665	-547.77576	506.04984	2069.99316	-275.03186	159.39824	2286.27515				
474	4.730																												-277.89911	956.25128	2125.57397				-393.17981	844.54150	1774.33752				-601.84222	943.95105	2059.97510				-394.76779	512.87927	2343.97656	-550.62115	504.11703	2073.50317	-275.54675	160.15321	2288.60132				
475	4.740																												-282.54929	954.31769	2130.55298				-394.17261	843.38995	1776.51636				-604.21765	942.90485	2061.13306				-401.66684	513.26770	2349.00684	-553.98663	501.89163	2072.74707	-277.01575	162.50998	2292.81543				
476	4.750																												-286.91098	952.65625	2134.98877				-394.97659	841.94598	1778.81226				-608.04816	942.43958	2061.81934				-408.87637	513.62427	2355.11890	-557.76959	500.30444	2071.85596	-278.54379	164.03395	2296.20410				
477	4.760																												-291.69806	951.02606	2139.09814				-396.12683	840.85571	1781.80139				-612.24084	940.61255	2062.25586				-417.21863	513.89691	2361.35132	-561.94379	497.42685	2076.28101	-281.00403	166.25531	2300.13184				
478	4.770																												-296.38956	948.74432	2142.97339				-397.77158	838.90125	1784.96045				-615.98041	939.51837	2061.64453				-426.21008	513.21820	2366.56274	-566.31537	496.09616	2074.03662	-283.73322	167.30452	2304.34644				
479	4.780																												-300.54758	946.51331	2145.55176				-399.81299	837.22717	1786.24268				-619.45331	938.48242	2060.83447				-436.63766	512.44635	2373.20703	-570.90540	493.11713	2076.89771	-286.98068	168.76903	2306.49951				
480	4.790																												-304.50113	944.05090	2148.59961				-402.03238	835.93829	1788.59119				-624.06592	937.68665	2061.23804				-447.29565	512.30664	2379.61353	-575.02051	491.90140	2073.08398	-291.30682	172.00500	2311.00244				
481	4.800																												-308.23416	942.24255	2152.91479				-404.70145	834.28986	1790.68494				-628.51849	937.65314	2061.22021				-460.43112	511.09103	2385.82080	-578.14929	490.39777	2074.67285	-294.68500	175.46527	2316.24341				
482	4.810																												-311.95657	940.37067	2156.29004				-407.63318	833.21155	1792.42017				-632.27563	937.89233	2060.76685				-474.38885	509.99609	2391.90527	-580.57928	488.52222	2072.74414	-298.56808	179.56715	2321.26343				
483	4.820																												-315.96323	937.84222	2158.01392				-410.87552	832.75238	1795.16699				-634.93018	938.12823	2059.95703				-489.40146	509.77481	2397.92993	-582.89807	489.59540	2066.62036	-305.07468	182.39720	2323.62036				
484	4.830																												-319.72943	936.08893	2160.89380				-414.73178	831.68738	1799.31763				-638.81262	938.57263	2058.98462							-585.47406	488.98981	2065.28882	-311.75864	189.51471	2331.17065				
485	4.840																												-322.62598	934.45923	2163.52637				-419.13531	831.15851	1799.88208				-640.40106	939.19366	2058.60156							-587.31982	488.75949	2061.43848	-318.77231	195.80495	2336.51953				
486	4.850																												-327.14459	933.14087	2166.34790				-423.58145	830.74908	1802.89685				-643.48993	939.66888	2058.55957							-588.31384	488.33539	2057.16138	-326.35635	203.10495	2344.14648				
487	4.860																												-331.30005	932.12939	2170.00024				-427.78137	829.68689	1806.79480				-644.89105	940.22864	2057.97461							-586.80737	486.18454	2060.26074	-334.82150	210.21898	2351.02783				
488	4.870																												-334.61304	931.41815	2172.61328				-433.26691	828.95282	1806.62646				-646.76434	940.81537	2057.88647							-584.76904	486.12360	2059.13135	-344.97278	216.00211	2356.81909				
489	4.880																												-337.58899	931.03656	2176.53394				-438.30667	828.29858	1811.26807				-648.35175	941.50934	2057.52344							-583.06982	486.91714	2058.69165	-353.82486	222.33806	2364.60840				
490	4.890																												-340.86172	931.34821	2181.88184				-443.88937	827.78522	1811.88086				-649.71661	942.35791	2057.13623							-581.48932	485.89240	2062.72461	-365.71664	229.62434	2372.49292				
491	4.900																												-343.45938	932.43164	2188.28833				-449.31537	827.40198	1816.71521				-650.45251	943.30249	2055.93457							-579.75354	486.28177	2061.95850	-377.49670	232.84082	2377.84204				
492	4.910																												-347.24582	932.46271	2192.93408				-453.98666	827.61987	1821.11426				-650.72021	944.06519	2054.72119							-578.10522	487.44647	2061.57739	-388.40613	235.43840	2383.35229				
493	4.920																												-349.74371	933.32367	2198.63232				-459.97998	827.38202	1823.25159				-651.28790	944.57220	2053.20459							-576.32428	488.87842	2059.40356	-401.00568	237.64578	2389.88916				
494	4.930																												-353.06757	934.09772	2205.44214				-465.40881	827.18158	1828.18823				-651.79980	945.31879	2052.62769							-575.08374	488.90768	2063.38306	-413.67010	240.17110	2397.70459				
495	4.940																												-356.67023	934.46454	2210.97949				-470.95633	827.60944	1830.57324				-652.05298	946.56372	2051.72192							-573.18085	490.34500	2061.05786	-427.19925	241.17152	2405.28955				
496	4.950																												-359.18417	935.59686	2216.76245				-476.10049	826.59259	1833.87012													-571.04114	490.80084	2060.67969	-441.50903	240.79364	2412.21875				
497	4.960																												-362.67307	935.87299	2222.98413				-480.52814	827.92975	1839.29175													-568.76733	491.42026	2060.13574	-456.20392	238.56667	2418.62451				
498	4.970																												-365.65411	936.93646	2228.94800				-485.34103	828.24591	1839.59839													-565.90833	491.50793	2061.11084	-471.96118	237.64691	2425.53296				
499	4.980																												-369.21121	937.76947	2234.87549				-491.84137	826.75891	1845.57703													-562.67065	492.50946	2059.38428	-488.10281	233.06082	2429.88574				
500	4.990																												-372.21243	937.87939	2239.74951				-497.10696	827.60907	1852.68445													-559.66541	492.48285	2060.17676	-504.80069	230.91324	2435.90063				
501	5.000																												-376.75519	939.35950	2247.78223				-501.80817	826.45575	1858.25452													-556.63477	492.84943	2061.99658	-522.45581	226.53984	2440.13647				
502	5.010																												-380.57303	938.79797	2253.81421				-506.35049	827.96185	1859.91028													-553.42816	491.35184	2064.89160	-540.84174	221.78073	2444.53955				
503	5.020																																																	-550.28192	492.07690	2066.56665	-559.13538	215.70633	2447.73584				
504	5.030																																																	-547.55768	492.96115	2068.75708							
505	5.040																																																	-545.09375	493.00369	2074.04761							
506	5.050																																																	-542.51819	494.77731	2070.86499							
507	5.060																																																	-540.21802	493.60278	2077.00903							
508	5.070																																																	-537.99829	495.49854	2075.89404							
509	5.080																																																										
510	5.090																																																										
511	5.100																																																										
512	5.110																																																										
513	5.120																																																										
514	5.130																																																										
515	5.140																																																										
516	5.150																																																										
517	5.160																																																										
518	5.170																																																										
519	5.180																																																										
520	5.190																																																										
521	5.200																																																										
522	5.210																																																										
523	5.220																																																										
524	5.230																																																										
525	5.240																																																										
526	5.250																																																										
527	5.260																																																										
528	5.270																																																										
529	5.280																																																										
530	5.290																																																										
531	5.300																																																										
532	5.310																																																										
533	5.320																																																										
534	5.330																																																										
535	5.340																																																										
536	5.350																																																										
537	5.360																																																										
538	5.370																																																										
539	5.380																																																										
540	5.390																																																										
541	5.400																																																										
542	5.410																																																										
543	5.420																																																										
544	5.430																																																										
545	5.440																																																										
546	5.450																																																										
547	5.460																																																										
548	5.470																																																										
549	5.480																																																										
550	5.490																																																										
551	5.500																																																										
552	5.510																																																										
553	5.520																																																										
554	5.530																																																										
555	5.540																																																										
556	5.550																																																										
557	5.560																																																										
558	5.570																																																										
559	5.580																																																										
560	5.590																																																										
561	5.600																																																										
562	5.610																																																										
563	5.620																																																										
564	5.630																																																										
565	5.640																																																										
566	5.650																																																										
567	5.660																																																										
568	5.670																																																										
569	5.680																																																										
570	5.690																																																										
571	5.700																																																										
572	5.710																																																										
573	5.720																																																										
574	5.730																																																										
575	5.740																																																										
576	5.750																																																										
577	5.760																																																										
578	5.770																																																										
579	5.780																																																										
580	5.790																																																										
581	5.800																																																										
582	5.810																																																										
583	5.820																																																										
584	5.830																																																										
585	5.840																																																										
586	5.850																																																										
587	5.860																																																										
588	5.870																																																										
589	5.880																																																										
590	5.890																																																										
591	5.900																																																										
592	5.910																																																										
593	5.920																																																										
594	5.930																																																										
595	5.940																																																										
596	5.950																																																										
597	5.960																																																										
598	5.970																																																										
599	5.980																																																										
600	5.990																																																										
601	6.000																																																										
602	6.010																																																										
603	6.020																																																										
604	6.030																																																										
605	6.040																																																										
606	6.050																																																										
607	6.060																																																										
608	6.070																																																										
609	6.080																																																										
