PathFileType	4	(X/Y/Z)	C:\Users\WrightLab\Desktop\Jo\P5V11.trc
DataRate	CameraRate	NumFrames	NumMarkers	Units	OrigDataRate	OrigDataStartFrame	OrigNumFrames
100.00	100.00	       804	19	mm	100.00	1	       804
Frame#	Time	Headset_Front			Headset_Back			Headset_Left			Headset_Right			Left_Shoulder			Right_Shoulder			Sternum			C7			Left Elbow			Right Elbow			Left Wrist			Right Wrist			Left ASIS			Right ASIS			S2			Left Knee			Right Knee			Left Ankle			Right Ankle			
		X1	Y1	Z1	X2	Y2	Z2	X3	Y3	Z3	X4	Y4	Z4	X5	Y5	Z5	X6	Y6	Z6	X7	Y7	Z7	X8	Y8	Z8	X9	Y9	Z9	X10	Y10	Z10	X11	Y11	Z11	X12	Y12	Z12	X13	Y13	Z13	X14	Y14	Z14	X15	Y15	Z15	X16	Y16	Z16	X17	Y17	Z17	X18	Y18	Z18	X19	Y19	Z19	

1	0.000				-20.37865	901.22540	-1458.10474																									111.39034	930.09161	-1455.32324							-298.54517	922.79718	-1456.74011				4.42027	465.56696	-1489.70789	-362.19821	460.65842	-1524.14075							
2	0.010				-19.72209	900.56897	-1458.22729																									112.00224	929.51495	-1455.09045							-298.50995	922.83643	-1456.56604				5.84576	463.91437	-1494.42151	-362.04492	460.96045	-1523.42603							
3	0.020				-18.80458	899.80054	-1460.80127																									112.19060	929.86914	-1453.75659							-298.40619	922.94232	-1456.05225				6.20242	464.17941	-1495.70837	-361.83743	461.33038	-1522.45129							
4	0.030				-18.71808	899.96057	-1460.26489																									112.88593	929.39417	-1453.92285							-298.28790	923.07495	-1455.46826				6.37440	464.73355	-1496.46033	-361.44968	461.91342	-1520.60974							
5	0.040				-18.61473	900.16663	-1459.62476																									113.02901	929.60724	-1452.90918							-298.10419	923.29437	-1454.56299				6.40564	464.80771	-1496.26123	-360.96805	462.66910	-1518.32813							
6	0.050				-17.89879	899.29077	-1461.22876																									114.08054	928.94489	-1454.65662							-297.60858	922.53815	-1455.20776				6.95912	464.21686	-1498.61560	-360.49457	463.43427	-1516.08936							
7	0.060				-17.09175	899.04474	-1463.28943																									115.03168	928.90582	-1455.91382							-296.80365	922.22247	-1455.24536				6.94853	464.19250	-1498.68335	-359.81268	464.46518	-1512.85168							
8	0.070				-16.99435	899.20966	-1462.68323																									115.88168	928.22864	-1456.75684							-296.14203	921.99304	-1453.41296				6.96885	464.28174	-1498.55774	-358.87662	464.32065	-1511.47925							
9	0.080				-16.29600	899.19336	-1464.23389																									116.03877	928.44043	-1455.64001							-295.54727	922.67523	-1450.47522				6.94908	464.23892	-1498.68445	-357.66119	463.87906	-1513.30762							
10	0.090				-16.18080	899.34357	-1463.51367																									117.08587	927.82465	-1457.60596							-294.32422	922.60144	-1450.25818				6.96393	464.24390	-1498.58655	-356.83966	463.59476	-1514.41870							
11	0.100				-16.03303	899.62128	-1462.59485																									117.23537	928.06409	-1456.54138							-293.91141	923.03912	-1448.21191				6.97769	464.24237	-1498.49524	-356.66229	463.93411	-1513.58765							
12	0.110				-15.08810	898.95685	-1464.60352																									117.89925	927.36511	-1456.61462							-293.69873	923.31177	-1447.16455				6.98031	464.25986	-1498.47961	-354.70978	461.59787	-1520.04199							
13	0.120				-14.91604	899.21832	-1463.52869																									118.05170	927.62195	-1455.52820							-292.83041	922.74664	-1448.52954				7.02859	464.36588	-1498.17078	-354.48718	461.91119	-1518.97571							
14	0.130				-14.71164	899.50702	-1462.25061																									118.21045	927.89734	-1454.39685							-292.64633	922.98444	-1447.62231				7.11688	464.49823	-1497.59949	-354.32700	462.16849	-1518.21411							
15	0.140				-14.50562	899.81232	-1460.96326																									118.39018	928.21851	-1453.11584							-291.90421	922.85931	-1449.07629				7.21370	464.64697	-1496.97327	-353.84570	462.86740	-1515.91235							
16	0.150				-14.25676	900.17175	-1459.40759																									119.06046	928.28015	-1454.74121							-291.55081	923.23120	-1449.58923				7.74776	463.83191	-1497.76416	-353.15192	463.97986	-1512.61353							
17	0.160				-12.78330	898.58765	-1462.75049																									119.19935	928.54297	-1453.75012							-290.99597	923.27722	-1451.04626				7.86882	464.08517	-1496.98779	-352.41104	465.15619	-1509.08862							
18	0.170				-12.51394	898.95563	-1461.06238																									120.28827	927.96362	-1455.24243							-290.41238	921.81659	-1452.24329				7.99184	464.29114	-1496.19348	-351.45486	465.04953	-1507.61230							
19	0.180				-12.31228	899.23145	-1459.79858																									120.43843	928.23523	-1454.16943							-290.24149	922.02783	-1451.39758				8.10953	464.51135	-1495.43591	-350.05298	464.91861	-1508.55603							
20	0.190				-11.42419	898.56628	-1460.33118																									122.03340	927.10504	-1457.75732							-289.56250	921.32813	-1452.50513				8.43502	463.43256	-1494.64124	-349.70395	465.42538	-1506.88391							
21	0.200				-10.46809	898.48303	-1461.46252																									122.16855	927.31622	-1456.78979							-289.31604	921.63110	-1451.28455				8.65398	463.87958	-1493.23560	-348.87531	465.15436	-1507.96033							
22	0.210				-10.27463	898.74707	-1460.24756																									122.35879	927.59906	-1455.42786							-288.98987	922.02997	-1449.66907				8.82179	464.23425	-1492.15955	-348.75500	465.32495	-1507.38281							
23	0.220				-10.12054	899.03583	-1459.28430																									123.41984	927.01031	-1457.30493							-287.78802	921.97687	-1449.55994				9.19741	463.45654	-1491.45776	-348.37082	464.48682	-1507.75378							
24	0.230				-9.11909	898.32977	-1461.19482																									124.03761	926.22980	-1457.71082							-287.16956	922.70886	-1446.49011				9.45142	463.94611	-1489.82422	-347.70947	463.55530	-1509.44250							
25	0.240				-8.38294	898.49963	-1462.26355																									124.21409	926.48181	-1456.44495							-286.66681	923.24841	-1443.98657				9.65866	464.34436	-1488.49146	-347.56998	463.58640	-1508.74194							
26	0.250				-8.18687	898.76025	-1461.02881																									124.35284	926.65411	-1455.44983							-285.68640	922.05609	-1444.49463				9.95591	464.91281	-1486.57935	-347.71088	463.46869	-1506.50391							
27	0.260				-7.74285	897.29291	-1460.73218																									124.50726	926.86725	-1454.34216							-285.47772	922.29395	-1443.45679				9.85581	464.62558	-1485.07227	-347.48987	463.59769	-1505.40857							
28	0.270				-7.52386	897.54132	-1459.35107																									124.67092	927.13971	-1453.16772							-285.32483	922.46356	-1442.69556				9.96648	464.81625	-1484.35889	-347.04141	464.14676	-1503.23792							
29	0.280				-7.36855	897.68982	-1458.37000																									124.81371	927.35468	-1452.14319							-285.23294	922.55219	-1442.23621				10.08044	465.02353	-1483.62524	-346.30316	465.17807	-1499.68787							
30	0.290				-7.15796	897.91339	-1457.04065																									125.45381	926.66852	-1452.38562							-285.07443	922.73346	-1441.44788				10.22550	465.27209	-1482.68994	-344.41568	464.85416	-1499.32288							
31	0.300				-6.74267	897.08081	-1456.99963																									125.59148	926.86285	-1451.39734							-285.03772	922.74854	-1441.26147				10.31137	465.38947	-1482.13367	-343.09171	466.03345	-1495.40430							
32	0.310				-6.57127	897.30652	-1455.91980																									126.60515	926.22595	-1453.61462							-284.45432	921.76532	-1443.11560				10.41772	465.57657	-1481.44836	-341.51602	465.54367	-1496.82214							
33	0.320				-6.85169	897.28577	-1453.18237																									126.75321	926.51202	-1452.54956							-284.40808	921.83026	-1442.88721				10.83166	464.72623	-1482.22021	-340.85208	466.65030	-1493.65271							
34	0.330				-6.77234	897.31689	-1452.67920																									126.98236	926.86133	-1450.90198							-284.55927	921.40393	-1441.91040				10.89050	464.81094	-1481.83923	-337.16708	468.40466	-1487.45178							
35	0.340				-6.60576	897.50348	-1451.62878																									127.90379	926.23096	-1451.23535							-284.16711	920.46930	-1443.25769				10.93148	464.84982	-1481.57214	-334.35684	466.90652	-1486.99011							
36	0.350				-6.54690	897.55371	-1451.25684																									128.11214	926.49414	-1449.73633							-284.15457	920.46942	-1443.19336				10.95277	464.81915	-1481.42896	-331.74896	466.41394	-1485.37488							
37	0.360				-6.51985	896.81171	-1450.43237																									128.25145	926.58826	-1448.73438							-284.01657	919.83521	-1443.29395				10.92572	464.68262	-1481.59534	-328.00110	467.38766	-1478.57605							
38	0.370				-6.48276	896.80646	-1450.19629																									128.51196	925.95502	-1447.85999							-284.02155	919.79303	-1443.31396				10.46723	464.79410	-1479.74744	-326.02188	467.76529	-1478.60474							
39	0.380				-7.01462	896.90302	-1447.84998																									129.69269	924.52307	-1449.99890							-283.97659	919.85822	-1443.09192				9.89544	464.83279	-1478.02954	-321.68640	468.03027	-1475.77344							
40	0.390				-7.05253	896.78717	-1448.08508																									129.85938	924.65173	-1448.79858							-283.98022	919.81171	-1443.10461				9.35471	465.36685	-1477.27185	-321.55942	471.78464	-1467.92578							
41	0.400				-7.07597	896.68719	-1448.22925																									130.25566	923.70520	-1448.89355							-283.95447	919.84235	-1442.97656				9.27229	464.98535	-1477.77991	-321.08725	472.76758	-1465.68140							
42	0.410				-7.13578	896.52429	-1448.60120																									130.38467	923.83472	-1447.96399							-283.95230	919.80505	-1442.96045				8.94039	464.07959	-1477.75171	-320.75549	473.22391	-1464.06311							
43	0.420				-7.19959	896.33539	-1448.99707																									130.44516	923.88867	-1447.52820							-283.95035	919.79370	-1442.94910				7.89873	463.76352	-1475.24524	-320.51801	472.20041	-1461.38037							
44	0.430				-7.25938	896.15973	-1449.36816																									130.49492	923.86493	-1447.17029							-283.95407	919.76630	-1442.96448				7.13922	464.38849	-1473.19666	-320.79465	473.21176	-1453.85559							
45	0.440				-7.36535	895.89948	-1450.02832																									130.46179	923.68884	-1447.41016							-283.96051	919.73578	-1442.99353				6.34621	464.84683	-1471.35437	-319.50436	473.12482	-1448.87622							
46	0.450				-8.15711	896.73962	-1447.06213																									129.40570	923.85107	-1443.52820							-283.95984	919.71484	-1442.98730				5.18550	464.26514	-1467.50012	-319.28088	473.55643	-1440.89111							
47	0.460				-8.17564	896.61145	-1447.17285																									129.42851	923.74738	-1443.36548							-284.73889	921.38977	-1439.72607				4.99101	463.64059	-1468.71826	-319.03873	474.00708	-1437.44299							
48	0.470				-8.82970	896.67615	-1445.35168																									129.48201	923.75806	-1442.98096							-285.31970	921.94318	-1437.42249				4.81025	463.03757	-1469.84778	-319.20154	474.62454	-1434.03308							
49	0.480				-9.58724	896.90582	-1442.98511																									129.57336	923.79425	-1442.32385							-285.68533	921.82886	-1435.70068				4.67554	462.55688	-1470.68604	-319.03110	474.85309	-1433.20300							
50	0.490				-9.59941	896.78735	-1443.05579																									129.64061	923.83453	-1441.83997							-285.68582	921.83588	-1435.70398				3.44303	462.54565	-1467.67749	-318.88113	475.07767	-1432.47705							
51	0.500				-10.23601	897.79608	-1440.96350																									128.93918	924.13403	-1438.64563							-285.68292	921.82416	-1435.68774				2.90476	463.01773	-1467.69727	-319.08643	475.62952	-1429.27771							
52	0.510				-10.27021	897.66333	-1441.17273																									129.00009	924.19769	-1438.20764							-285.65591	921.83453	-1435.55078				2.69042	462.55072	-1469.05725	-318.86404	475.92776	-1428.19543							
53	0.520				-11.28549	897.76215	-1437.47437																						-422.05051	1144.41357	-1548.38538	128.31126	924.51184	-1434.93042							-286.18192	922.38556	-1433.10828				0.64395	464.30859	-1463.78076	-319.19748	476.66635	-1425.31677							
54	0.530				-11.31436	897.71527	-1437.65454																						-422.04816	1144.59924	-1547.68738	128.38503	924.56757	-1434.40076							-286.53378	922.36517	-1431.19580				-0.17490	464.49286	-1463.78540	-320.56839	478.70728	-1417.63843							
55	0.540				-11.37162	897.59253	-1438.00989																						-422.04599	1144.81189	-1546.88843	128.46581	924.58508	-1433.82056							-287.32712	924.03400	-1428.03137				-0.35737	464.09491	-1464.93884	-320.46927	479.96051	-1415.73010							
56	0.550				-11.34528	897.63666	-1437.84570																						-422.38446	1144.69702	-1545.14478	127.61365	925.41095	-1430.47144							-287.25345	924.09546	-1427.66321				-1.54270	464.04956	-1462.43030	-320.30634	480.18750	-1414.94116							
57	0.560				-12.23036	898.58051	-1434.61719																						-422.85297	1145.34509	-1545.13306	127.66608	925.44739	-1430.09509							-287.25433	924.08972	-1427.66687				-1.73520	463.64178	-1463.64648	-320.19437	480.32944	-1414.39648							
58	0.570				-12.26818	898.46753	-1434.84973																						-422.91049	1145.53491	-1544.45386	127.54713	924.74866	-1428.99158							-287.24985	924.06073	-1427.63989				-2.33922	464.24545	-1463.32239	-321.06610	481.48361	-1410.53198							
59	0.580				-12.29909	898.37817	-1435.04004																						-422.97870	1145.72913	-1543.76489	127.60250	924.71027	-1428.59460							-287.19962	924.04755	-1427.38123				-2.67760	463.44122	-1463.34692	-321.32224	481.09952	-1409.93396							
60	0.590				-13.91124	899.49438	-1428.85254																						-423.51947	1145.96924	-1542.68201	127.08244	924.58478	-1426.26660							-287.67197	924.02209	-1425.51831				-3.64746	463.54590	-1460.45679	-321.91537	480.46628	-1408.55615							
61	0.600				-13.84232	899.53253	-1428.42017																						-423.50049	1145.24121	-1540.10156	126.57740	924.50128	-1423.83228							-287.61368	924.02521	-1425.22083				-5.07590	465.23370	-1455.89038	-322.94925	480.42780	-1407.38989							
62	0.610				-13.83492	899.47559	-1428.37012																						-423.63364	1145.42468	-1539.49109	126.60559	924.52716	-1423.63062							-288.41739	924.04456	-1421.82532				-6.04980	465.26700	-1453.03564	-324.57123	481.57376	-1403.78760							
63	0.620				-13.85014	899.35419	-1428.45898																						-423.80383	1145.64856	-1538.75061	125.79286	925.19293	-1420.77209							-288.37595	923.97076	-1421.60376				-6.12558	465.06329	-1453.50769	-325.64386	481.27362	-1401.61426							
64	0.630				-14.07797	899.03448	-1427.31274																						-424.11966	1145.15283	-1536.48755	125.58711	924.68530	-1419.54456							-288.96667	924.72333	-1418.87268				-6.38378	464.44489	-1453.02747	-326.24423	481.03357	-1400.31702							
65	0.640				-14.66949	899.45331	-1424.56665																						-424.33447	1145.37878	-1535.76709	124.14627	925.98859	-1414.94250							-288.93073	924.65472	-1418.67944				-6.84594	465.28189	-1451.81885	-326.86343	481.25162	-1400.16260							
66	0.650				-15.41916	899.55829	-1421.37634																						-424.66684	1144.88684	-1533.50220	124.14872	925.93250	-1414.92542							-289.70917	924.71167	-1415.27673				-6.87742	465.20209	-1452.01514	-328.01706	481.09485	-1397.71387							
67	0.660				-15.93320	899.65332	-1418.96716																						-425.58759	1145.40125	-1534.35864	122.65326	926.86401	-1410.02405							-289.68607	924.57135	-1415.13904				-6.93129	464.97958	-1452.34314	-329.23874	482.31302	-1393.97339							
68	0.670				-15.88222	899.66388	-1418.64771																						-426.14813	1145.54285	-1532.94177	122.61316	926.69983	-1410.30994							-289.70114	924.43140	-1415.19604				-7.48228	465.09705	-1450.54663	-330.46613	482.43201	-1392.27771							
69	0.680				-15.84438	899.59515	-1418.40625																						-426.75626	1145.50500	-1531.35400	122.61314	926.65692	-1410.31030							-290.34897	924.62238	-1412.80664				-7.96363	465.06076	-1448.88611	-331.57272	481.48187	-1393.47925							
70	0.690				-15.75911	899.62958	-1417.87231																						-428.93988	1143.58655	-1536.47375	122.58017	926.54901	-1410.54504							-291.10931	924.31219	-1409.54724				-8.04758	464.73846	-1449.39868	-332.59814	481.36987	-1395.24329							
71	0.700				-15.72843	899.62579	-1417.67932																						-428.10202	1145.77588	-1528.88367	121.70814	927.31744	-1407.85791							-291.51086	925.03674	-1408.24707				-8.65164	465.16788	-1448.04919	-334.03079	480.76355	-1394.84900							
72	0.710				-16.42173	900.56787	-1414.17163																						-428.71280	1145.70984	-1527.35461	121.04773	927.33643	-1405.92773							-292.04828	925.78540	-1406.46350				-10.60254	466.83881	-1442.26709	-336.00516	481.54733	-1392.99719							
73	0.720				-16.33866	900.60486	-1413.65198																						-429.11670	1145.94824	-1526.67737	119.56915	928.59814	-1401.65234							-292.74078	926.26367	-1404.07727				-10.74753	466.26547	-1443.14429	-337.41919	483.07336	-1390.39148							
74	0.730				-16.78782	900.92285	-1410.60718																						-429.55487	1146.13794	-1525.87659	119.50358	928.36633	-1402.11670							-293.19144	925.82629	-1402.65674				-11.41692	465.53732	-1442.63770	-337.72205	482.57584	-1391.81897							
75	0.740				-16.71440	900.97601	-1410.14941																						-429.94281	1146.35571	-1525.15674	118.54426	929.03070	-1399.61206							-294.23929	926.86957	-1398.53149				-12.19638	464.90857	-1442.25269	-339.08475	483.48993	-1387.99365							
76	0.750				-17.29014	901.51447	-1406.72339																						-430.95596	1146.34436	-1523.25427	118.35380	928.25305	-1399.03174							-294.72986	926.81726	-1396.78955				-13.18888	464.32849	-1442.25330	-340.52744	485.09708	-1383.65234							
77	0.760				-17.18573	901.60785	-1406.07422																						-431.98804	1146.63538	-1521.99707	117.34036	928.99426	-1396.39478							-294.80328	926.60278	-1397.13013				-14.50129	463.61832	-1441.54529	-342.02487	485.62878	-1380.13428							
78	0.770				-17.34875	901.36420	-1404.39099																						-432.41000	1146.83984	-1521.17932	117.29266	928.87323	-1396.73157							-295.30991	926.54651	-1395.47058				-17.55655	463.83130	-1436.24060	-343.16412	484.87854	-1379.23999							
79	0.780				-18.70926	902.89374	-1399.64233																						-433.22806	1146.99963	-1520.14050	115.51970	929.76050	-1391.08105							-295.87860	926.72449	-1393.81323				-17.85983	463.13043	-1438.11304	-345.13977	485.51410	-1378.59302							
80	0.790				-18.44895	901.83594	-1400.53442																						-433.74796	1146.56812	-1518.19763	115.49737	929.55975	-1391.23840							-296.85284	927.17609	-1390.18335				-19.17984	462.91589	-1435.75049	-347.55359	485.39594	-1377.36670							
81	0.800				-18.87198	901.61401	-1398.75745																						-434.40976	1146.21423	-1516.28259	115.45282	929.38403	-1391.55188							-297.56873	927.73828	-1387.95386				-19.35891	462.43854	-1436.84802	-348.61737	484.67273	-1378.31250							
82	0.810				-19.35114	901.54950	-1396.65247																						-435.01993	1145.87573	-1514.33984	113.67419	930.15906	-1385.96960							-297.83014	926.94562	-1387.80200				-21.42361	464.25296	-1430.65344	-349.32706	485.10574	-1378.65820							
83	0.820				-19.45622	901.26056	-1397.29248																						-436.92892	1143.57239	-1521.12097	113.08269	929.92126	-1384.42859							-299.01282	927.96210	-1384.28027				-22.74882	463.03354	-1427.53235	-350.87247	486.41245	-1373.67200							
84	0.830				-20.39071	901.16077	-1394.17847																						-436.92664	1145.43176	-1510.76575	112.93492	928.89325	-1384.21301	-435.22256	899.85541	-1413.13977				-300.36267	928.37750	-1380.16956				-23.67636	462.42459	-1426.54285	-351.56384	490.08853	-1362.40002							
85	0.840				-20.94706	901.74518	-1393.06702																						-438.03296	1145.04675	-1508.60229	112.89829	928.68365	-1384.46997	-435.96579	898.92291	-1413.07080				-301.06412	927.64807	-1379.91187				-24.08361	461.09439	-1426.80444	-352.58667	490.42068	-1360.96997							
86	0.850				-22.56159	901.71008	-1388.86841																						-438.58356	1144.94031	-1507.73254	111.46677	930.14923	-1380.64465	-439.44565	900.58148	-1404.67249				-302.88016	928.13043	-1378.33875				-25.73339	461.61768	-1422.21033	-353.00256	490.64572	-1359.07922							
87	0.860				-24.04575	902.83679	-1385.75366																						-439.13629	1144.88647	-1506.79785	109.87962	930.52240	-1375.85266	-437.70932	899.49487	-1408.49915				-304.38748	927.63483	-1377.14575				-27.83565	463.12717	-1417.52991	-353.66684	490.96292	-1356.56970							
88	0.870				-24.24504	901.54401	-1385.82642																						-439.91623	1144.52112	-1505.27295	109.81421	930.27716	-1376.30847	-441.11002	899.99133	-1399.44873				-305.05707	926.45288	-1380.33276				-29.44054	462.14063	-1417.70276	-355.16223	491.26743	-1355.51648							
89	0.880				-26.42783	902.36871	-1378.33252																						-441.21762	1143.56323	-1502.03357	108.42926	931.81177	-1372.18884	-442.41745	900.22345	-1398.51831				-306.64926	925.76569	-1379.53442				-31.08932	460.52954	-1421.75781	-355.40488	491.36490	-1352.48157							
90	0.890				-26.67426	901.67603	-1379.81396																						-441.80627	1143.59045	-1501.54382	108.39087	931.60736	-1372.45410	-440.51593	900.09668	-1398.81323				-308.68921	925.93579	-1375.37573				-33.93700	461.28427	-1417.35815	-356.00937	490.51389	-1351.71924							
91	0.900				-29.11021	901.51807	-1372.78149																						-443.14816	1143.35229	-1499.60352	107.66402	930.50146	-1370.63794	-441.85300	899.23834	-1394.00415				-309.66824	925.08105	-1373.21643				-35.45563	460.01028	-1415.88928	-356.06665	489.55450	-1349.92847							
92	0.910				-29.46453	900.65472	-1374.91467																						-444.06985	1142.60400	-1497.47034	105.89208	931.24701	-1365.11780	-445.08392	899.58905	-1392.04468				-310.98215	925.35242	-1369.52673				-37.31642	459.95438	-1413.61719	-356.94241	488.51956	-1349.56592							
93	0.920				-31.88725	901.23737	-1369.48950																						-444.78857	1142.76575	-1497.13708	105.78609	930.80499	-1365.85010	-443.95422	899.01080	-1390.99426				-312.38373	926.44977	-1366.31995				-40.75238	460.30164	-1412.11865	-357.21249	488.27707	-1348.96875							
94	0.930				-33.62503	902.40045	-1366.20300																						-445.98392	1142.88464	-1496.33423	103.39417	930.81836	-1357.81873	-447.42529	899.03027	-1387.72791				-314.59229	926.94092	-1360.32336				-43.48697	458.42783	-1415.12280	-357.69061	488.16406	-1347.71143							
95	0.940				-35.00689	901.82281	-1364.45557																						-449.17957	1140.74194	-1500.95154	103.29985	930.37244	-1358.46838	-446.07251	897.10437	-1386.87097				-315.59741	925.57159	-1365.11707				-46.35041	459.60629	-1411.86304	-358.00043	487.78174	-1347.19995							
96	0.950				-37.11357	901.69696	-1361.54260																						-448.82721	1141.96729	-1492.19788	103.26717	929.95276	-1358.68970	-448.31052	897.73181	-1388.23071				-318.57751	925.18561	-1362.82947				-48.36823	459.54816	-1409.61084	-358.94867	486.95023	-1347.27954							
97	0.960				-40.21867	899.99750	-1358.61646																						-449.78162	1141.37134	-1490.04993	101.72147	930.35632	-1354.38306	-449.45706	897.04376	-1382.34949				-320.14603	924.11804	-1363.31140				-51.12560	457.83035	-1411.71570	-358.63150	484.68021	-1346.99097							
98	0.970				-41.41137	899.89630	-1358.24597																						-451.07898	1140.75537	-1487.35657	100.64685	928.88452	-1352.27197	-452.48657	898.62073	-1380.81519				-322.57166	925.32538	-1355.30701				-54.50372	457.51431	-1410.57227	-358.16232	483.76636	-1346.88599							
99	0.980				-43.75129	900.50165	-1354.16016																						-452.36060	1140.49414	-1485.73962	98.73343	929.20502	-1347.81360	-452.28320	896.92041	-1377.43896				-324.49585	925.41461	-1350.65820				-55.63329	456.96091	-1411.42871	-357.74548	482.43100	-1346.30017							
100	0.990				-45.55788	900.60803	-1352.00073																						-454.21011	1140.11438	-1483.14026	97.88036	927.78149	-1346.89954	-452.90530	896.64191	-1377.71753				-325.66263	925.03131	-1347.84070				-59.13316	459.79959	-1400.99365	-357.13397	481.64075	-1344.74426							
101	1.000				-48.13690	900.66644	-1347.10498																						-455.20697	1140.25684	-1482.36682	97.75130	927.29742	-1347.78125	-453.90393	896.33606	-1373.88110				-326.95563	924.64600	-1345.65088				-60.09114	459.49088	-1403.53662	-357.52603	481.22430	-1344.56348							
102	1.010				-50.71509	900.80267	-1342.23425																						-457.00809	1140.38403	-1480.97998	96.20577	927.99866	-1343.52734	-455.00040	896.69897	-1372.40906				-329.17441	924.99091	-1342.52405				-62.09597	457.88004	-1405.34241	-357.97180	480.61099	-1343.43018							
103	1.020				-52.30129	899.70996	-1343.13806																						-458.66290	1140.78992	-1479.66516	95.04984	927.53180	-1340.90222	-455.88751	896.89172	-1370.83801				-331.40405	924.36816	-1342.72241				-64.92751	459.36035	-1402.00146	-358.45547	479.63007	-1341.99475							
104	1.030				-55.40409	900.78394	-1339.31995																						-460.10303	1140.55005	-1477.12024	93.44540	928.53802	-1337.50745	-457.32724	896.29779	-1367.24890				-334.11804	924.55084	-1339.69202				-66.46089	458.85159	-1401.83252	-358.59637	478.95172	-1341.05139							
105	1.040				-56.67769	900.45490	-1339.43604																						-461.95981	1140.33643	-1474.01831	92.15578	927.75116	-1334.89246	-458.95047	896.79309	-1366.09082				-335.88992	925.00610	-1335.74854				-67.29170	457.97641	-1401.75281	-360.12042	479.14496	-1340.65161							
106	1.050				-59.08619	900.97754	-1334.14832																						-463.37799	1140.72498	-1472.05090	90.96756	927.48376	-1334.81165	-460.58591	896.22559	-1362.67993				-336.91946	925.62891	-1333.73010				-68.19135	457.26501	-1401.16919	-361.58005	478.36774	-1340.52563							
107	1.060				-60.96974	901.45068	-1330.23572																						-464.97482	1139.96875	-1467.57495	89.05149	927.55310	-1331.25964	-462.81424	895.66846	-1363.71240				-338.36499	926.68665	-1328.59106				-70.86283	458.43088	-1392.61682	-362.51639	478.50656	-1340.76160							
108	1.070				-63.73353	902.79443	-1323.21826																						-466.50742	1140.75757	-1466.08252	87.44623	928.12225	-1327.48584	-463.34323	896.30212	-1357.99243				-340.13162	928.58905	-1322.07959				-71.71034	458.01407	-1390.51904	-363.72913	478.89609	-1340.35852							
109	1.080				-64.06316	902.13330	-1325.12988																						-467.76617	1140.81860	-1463.59546	87.26929	927.66901	-1328.68030	-465.72073	895.62225	-1358.98230				-340.25574	928.33765	-1322.64355				-72.94469	457.89859	-1387.80383	-364.38922	478.74234	-1339.76990							
110	1.090				-66.17397	902.21661	-1322.40588																						-469.80112	1141.22119	-1461.25305	86.31977	928.18274	-1326.72986	-466.54752	895.56348	-1355.15234				-341.80475	929.22308	-1317.18262				-74.64124	459.78152	-1383.89795	-365.20419	478.62173	-1338.88904							
111	1.100				-68.19951	903.17163	-1319.11377																						-470.90295	1141.55444	-1459.94104	84.19054	929.35602	-1320.95166	-467.14474	896.52985	-1351.48853				-342.94583	929.28546	-1313.62878				-76.19421	460.34900	-1382.24463	-366.06146	478.35321	-1338.26489							
112	1.110				-69.14635	903.48236	-1319.36365																						-472.89343	1141.41321	-1456.67993	82.71554	930.79883	-1317.67346	-469.14764	895.89783	-1351.16870				-344.07904	930.54755	-1309.98950				-77.68493	459.59348	-1381.75391	-367.85214	478.00070	-1337.65735							
113	1.120				-70.85406	903.28571	-1314.85730																						-474.66351	1141.38904	-1454.02722	82.65077	930.61078	-1318.10657	-470.07339	896.18127	-1348.55029				-345.45755	930.54071	-1304.27173				-78.87022	458.96918	-1380.31116	-368.53937	478.25278	-1336.46118							
114	1.130				-71.76323	903.83636	-1312.90747																						-476.12405	1141.32703	-1451.00830	80.42422	931.86127	-1311.12854	-472.74792	895.82098	-1346.69922				-347.05069	930.80908	-1301.14050				-81.57012	459.52881	-1372.97180	-369.65155	478.35361	-1335.43176							
115	1.140				-72.62777	904.43268	-1310.70190																						-477.66159	1141.71655	-1449.13989	79.67789	932.60162	-1309.76013	-473.70090	896.49463	-1342.26782				-347.93845	931.04675	-1298.13586				-82.51344	458.88635	-1373.10767	-370.03464	477.49503	-1334.87549							
116	1.150				-72.66300	904.26385	-1310.89539																						-479.58746	1140.76697	-1444.19556	78.13007	933.33319	-1305.82312	-476.01202	895.47357	-1342.22034				-349.30353	931.46124	-1295.26563				-82.83722	457.93362	-1374.93896	-371.72382	476.82004	-1333.98486							
117	1.160				-74.48888	905.76862	-1304.08679																						-480.52811	1141.18848	-1442.88123	75.72279	933.86188	-1299.53467	-477.21045	895.51807	-1339.79089				-351.17715	931.89270	-1292.35303				-84.47506	458.41187	-1371.52881	-374.61038	477.50940	-1332.78223							
118	1.170				-75.64354	907.53693	-1299.37817																						-482.37061	1141.74792	-1440.74060	75.48022	933.27838	-1301.14404	-479.83545	895.26569	-1337.77136				-353.56485	932.82007	-1289.29846				-85.26186	458.39670	-1371.35449	-375.94348	477.30475	-1332.45447							
119	1.180				-75.68747	906.78271	-1298.56848																						-484.29855	1142.30737	-1438.71069	73.61610	933.85571	-1296.61157	-480.62131	895.92255	-1333.11121				-354.48590	932.71082	-1286.38892				-87.17716	460.03897	-1365.92041	-377.31403	477.20212	-1331.90112							
120	1.190				-76.61213	906.40356	-1295.15430																						-485.25476	1142.75610	-1437.56897	72.51546	934.28558	-1294.82239	-482.66513	895.32867	-1329.69031				-356.03464	933.01404	-1283.14319				-88.27937	459.95718	-1363.20544	-380.40134	477.41922	-1329.82458							
121	1.200				-77.77906	907.41821	-1291.14294																						-487.12152	1141.78198	-1432.39136	71.27076	933.92291	-1292.68896	-482.70035	896.03259	-1327.82764				-357.85870	933.99335	-1280.39246				-88.85009	460.54309	-1362.75488	-381.48959	477.85419	-1329.71033							
122	1.210				-78.03651	905.95807	-1291.02612																						-488.54413	1142.06873	-1430.21631	69.02587	934.87946	-1287.87732	-484.52383	895.73682	-1324.40601				-359.37430	933.86810	-1277.15942				-90.85963	460.55411	-1358.10950	-384.16196	477.20627	-1328.01038							
123	1.220				-80.23939	906.80334	-1284.80908																						-489.67496	1141.53198	-1426.18250	67.96793	935.24304	-1286.73291	-486.35361	896.26849	-1323.34351				-361.04822	934.04962	-1274.38342				-92.96996	460.47083	-1355.96252	-387.08411	478.07999	-1327.25073							
124	1.230				-80.35324	906.12811	-1285.41418																						-491.07474	1141.49988	-1423.17188	67.84511	934.94562	-1287.53931	-488.49518	895.71472	-1320.14612				-362.16138	933.90503	-1271.19812				-94.70647	458.79025	-1360.28308	-389.06729	477.95886	-1325.20605							
125	1.240				-82.48124	907.20392	-1270.70837																						-492.63309	1141.56165	-1419.81946	65.54649	935.82147	-1281.24353	-489.93951	897.97388	-1314.98254				-363.19064	933.57574	-1268.70789				-97.39696	459.68939	-1356.61621	-391.03949	478.18549	-1323.51196							
126	1.250				-82.86042	907.45380	-1265.42029																						-493.83420	1141.89612	-1417.84937	65.19472	934.19189	-1281.79675	-490.91251	896.43011	-1312.54541				-365.60422	934.05249	-1265.55005				-98.94501	459.94427	-1354.60864	-392.63071	476.98077	-1321.08240							
127	1.260				-85.07220	906.88867	-1261.77246																						-494.60297	1142.29224	-1416.05249	62.80974	934.50098	-1275.51514	-491.80801	896.26929	-1310.34009				-367.51639	934.17078	-1262.50110				-100.62716	460.17950	-1351.51196	-394.45157	477.22208	-1318.24231							
128	1.270				-86.06276	906.86938	-1261.44067																						-496.35522	1141.43579	-1410.91895	62.65299	933.78009	-1276.52588	-493.86856	896.10291	-1307.66760				-368.33051	934.01300	-1259.72937				-103.13768	461.68716	-1346.51941	-398.01834	477.74249	-1315.48474							
129	1.280				-88.15777	907.13452	-1256.96240																						-497.70352	1141.96631	-1408.88623	61.61166	933.13678	-1274.11450	-494.83316	895.78888	-1303.59570				-369.68643	933.45471	-1256.62207				-105.27303	460.34354	-1343.59766	-399.71960	478.14960	-1312.79980							
130	1.290				-89.75569	907.50488	-1252.27930																						-499.22610	1142.06201	-1406.15955	59.58087	934.14746	-1267.99646	-496.73288	896.44757	-1300.68787				-371.95432	933.76160	-1253.48657				-107.30179	459.13702	-1344.47620	-401.23972	477.70850	-1310.41138							
131	1.300				-92.05037	906.39594	-1252.34131																						-500.66748	1142.06885	-1403.32251	58.49920	933.85883	-1264.86023	-496.96017	896.25366	-1298.00464				-372.69913	933.52783	-1251.21362				-110.93493	459.21381	-1341.54553	-404.01663	478.56323	-1307.93726							
132	1.310				-92.58298	906.78241	-1247.28040																						-502.37317	1142.29065	-1400.40540	57.89058	933.38483	-1263.41248	-498.85522	897.47961	-1293.69849				-374.68353	934.43866	-1248.14111				-112.44447	458.56003	-1340.51929	-405.23618	476.61136	-1305.48291							
133	1.320				-95.39856	906.35925	-1244.26355																						-503.69418	1142.74524	-1398.40845	56.45164	933.39124	-1259.63647	-500.10864	896.62439	-1291.47534				-376.42825	934.74023	-1245.17859				-114.66402	461.29654	-1334.07495	-408.91409	477.83606	-1302.52490							
134	1.330				-98.06158	905.82941	-1240.97400																						-505.08533	1142.83911	-1395.31458	55.49132	933.39758	-1257.32117	-501.29211	897.77051	-1288.08984				-377.90631	935.13721	-1242.51746				-116.66781	460.95065	-1329.96106	-410.94757	477.38315	-1299.23413							
135	1.340				-100.40972	905.82758	-1238.43933																						-506.54507	1143.53149	-1393.14661	54.13327	933.59094	-1253.04614	-503.12210	898.30768	-1284.72717				-380.12955	933.81335	-1239.31140				-119.26451	459.55695	-1324.79810	-414.30066	477.47919	-1296.47144							
136	1.350				-102.79511	905.69958	-1235.98389																						-507.93765	1142.34644	-1387.46753	53.10165	933.04028	-1250.62585	-504.28391	897.33472	-1281.91357				-382.10785	933.70300	-1236.88586				-121.54254	459.49786	-1323.94238	-415.77533	476.68893	-1293.94849							
137	1.360				-104.43551	905.88733	-1232.33887																						-509.28448	1142.20935	-1383.67029	51.98611	932.03064	-1248.17883	-506.99707	898.54553	-1278.89758				-383.67453	933.70691	-1233.92419				-123.45502	457.66031	-1325.11279	-420.17700	476.69620	-1291.11145							
138	1.370				-105.52554	906.05579	-1227.47534																						-510.95309	1142.12415	-1380.12939	50.58743	932.42462	-1245.32385	-508.32660	898.59949	-1275.50842				-385.95633	933.67029	-1230.88708				-126.39272	457.87125	-1319.90210	-422.88593	476.79980	-1289.96985							
139	1.380				-107.93388	904.64880	-1224.24890																						-512.52924	1142.33435	-1377.07617	48.90564	931.21075	-1241.46692	-509.66602	898.51123	-1271.58716				-388.06967	933.90393	-1227.78906				-128.05788	457.99814	-1315.86780	-425.64963	475.46149	-1288.01465							
140	1.390				-109.78797	904.35364	-1223.42297																						-513.90179	1143.00671	-1375.17651	47.85964	931.30426	-1240.30640	-510.19168	898.51282	-1268.13806				-389.15179	933.09216	-1224.91345				-129.00458	458.09079	-1312.42358	-429.81256	475.81583	-1285.27820							
141	1.400				-111.92271	903.57971	-1219.48755																						-515.90027	1143.42493	-1372.39917	47.69499	930.89709	-1241.35510	-511.24142	898.45319	-1265.33020				-391.50858	932.85822	-1222.08594				-131.38524	459.72449	-1305.34692	-433.11172	474.42276	-1283.39587							
142	1.410				-113.64754	903.87982	-1216.32141																						-517.48297	1143.84180	-1369.62695	45.10714	930.47687	-1235.48840	-513.04395	898.89050	-1261.60657				-393.46835	933.11646	-1219.28333				-132.66534	457.59137	-1302.17078	-434.97217	473.75125	-1280.51367							
143	1.420				-115.12065	903.69403	-1214.30298																						-519.29980	1143.67139	-1365.21179	44.82506	929.75684	-1237.27893	-513.82990	899.29681	-1259.60852				-396.27621	933.06421	-1216.24915				-134.85106	458.07724	-1294.46680	-438.36960	473.37967	-1278.04688							
144	1.430				-116.32912	902.44879	-1210.56982																						-521.15717	1143.41357	-1360.67224	43.09247	929.11139	-1234.09375	-514.81299	898.73724	-1255.21143				-397.87851	933.15955	-1212.88708				-135.89706	459.30542	-1289.87219	-441.56210	472.98465	-1276.50049							
145	1.440				-118.53771	902.58740	-1208.97375																						-521.97937	1143.18457	-1357.44299	41.99388	928.18970	-1232.95166	-516.27344	899.18378	-1251.04028				-399.20514	931.85645	-1210.25378				-135.99190	460.02408	-1280.37524	-445.12869	472.55597	-1274.35474							
146	1.450				-118.93885	901.84802	-1206.34863																						-523.76202	1142.81213	-1352.87585	40.92447	927.90735	-1231.93652	-517.54150	899.15314	-1247.56250				-401.11148	931.63507	-1207.59363				-134.15302	460.00012	-1272.25134	-447.81253	471.49606	-1271.19897							
147	1.460				-120.96830	901.74719	-1202.82471																						-525.37616	1142.59106	-1349.16455	39.58377	926.99860	-1228.49463	-518.31226	898.94556	-1244.32117				-402.29990	931.43475	-1204.75439				-133.93341	459.99838	-1261.07507	-451.21948	472.13025	-1268.81079							
148	1.470				-121.15247	900.89380	-1201.92542																						-526.94385	1142.47644	-1345.86121	39.29816	926.33661	-1227.76013	-519.26025	897.82477	-1239.67456				-403.18951	930.95197	-1202.39307				-133.45183	459.51352	-1252.59131	-454.77109	472.05972	-1268.47412							
149	1.480				-123.29174	900.31024	-1198.24341																						-528.50549	1142.08459	-1342.22754	37.52981	927.24481	-1222.34583	-520.82257	898.14978	-1235.83325				-404.32227	930.43793	-1199.49463				-133.06546	457.89771	-1244.94751	-457.77090	472.83859	-1266.38220							
150	1.490				-123.30108	900.02173	-1196.74341																						-530.45465	1142.04907	-1338.87659	37.02113	926.80811	-1221.12659	-521.71741	896.90002	-1232.63904				-405.82269	929.10004	-1196.89038				-131.75850	456.10526	-1234.10242	-461.01318	472.44821	-1264.35266							
151	1.500				-122.25055	898.63416	-1195.33459																						-532.10938	1142.25977	-1336.53845	36.82574	925.74445	-1221.23083	-523.29462	897.22815	-1229.57617				-405.97476	927.90149	-1194.55334				-133.11693	455.23343	-1224.70605	-464.96448	472.26019	-1262.83044							
152	1.510				-122.82607	897.66663	-1191.23633																						-533.37067	1141.44189	-1332.05212	35.91782	926.15637	-1219.23486	-524.23260	897.28748	-1226.51245				-406.23193	927.46814	-1192.20215				-134.45309	453.74799	-1213.50732	-468.17365	472.38040	-1260.82776							
153	1.520				-123.29977	897.33319	-1191.38708																						-535.07391	1140.83289	-1327.20715	34.57771	926.38763	-1215.00269	-525.32764	896.27899	-1222.08130				-405.92526	926.44147	-1189.15710				-133.66737	454.05173	-1202.86475	-472.32141	472.35553	-1257.34937							
154	1.530				-123.24918	896.65741	-1191.28955																						-536.14075	1140.50793	-1323.11853	34.11371	926.63647	-1203.89832	-526.56824	896.51300	-1218.33875				-406.15295	925.55664	-1187.50525				-134.21658	454.27539	-1192.95886	-475.31583	471.86652	-1255.76196							
155	1.540				-123.01631	896.86566	-1187.33569																						-537.56415	1140.61108	-1319.30542	33.62660	926.57562	-1204.11682	-527.34137	895.67316	-1214.97705				-406.06845	925.72809	-1185.21741				-136.20929	454.58157	-1182.29956	-479.05109	472.69052	-1253.82690							
156	1.550				-122.36922	897.29730	-1185.33411																						-538.46747	1140.60583	-1315.21387	32.90985	926.43982	-1200.88940	-528.61450	896.11572	-1210.86841				-406.21051	925.58289	-1182.69397				-133.24251	457.06161	-1169.98181	-481.41287	473.70486	-1253.31726							
157	1.560				-121.58829	897.32086	-1184.77454																						-539.25970	1140.33606	-1310.58313	32.21671	925.34680	-1207.27112	-528.64148	895.66113	-1207.15393				-405.10205	925.07385	-1180.54065				-133.00235	458.78510	-1161.63293	-484.30734	473.96783	-1250.83923							
158	1.570				-120.94229	898.11139	-1179.01025																						-539.98267	1140.44263	-1306.29590	32.28838	925.33191	-1206.81384	-529.40436	895.33295	-1203.52441				-402.65762	923.92578	-1179.11633				-132.10721	460.08618	-1152.23303	-487.10260	474.45343	-1249.23779							
159	1.580				-119.77747	897.79816	-1178.38269																						-541.01941	1140.92688	-1301.88000	31.60926	926.06848	-1204.01416	-530.69208	895.72705	-1199.36523				-401.48288	924.31885	-1176.86572				-130.72702	462.62296	-1143.04651	-488.98035	474.18744	-1246.54285							
160	1.590				-119.10705	898.10083	-1176.49634																						-541.41931	1141.55725	-1298.09119	31.30632	927.11029	-1202.04968	-531.38831	895.60229	-1194.69006				-401.41739	923.73615	-1173.95032				-129.68645	464.99774	-1135.73450	-490.57739	474.77847	-1244.01428							
161	1.600				-118.75725	898.43945	-1172.49414																						-541.52979	1141.03809	-1291.51135	31.40596	927.25812	-1201.42407	-530.96869	895.52155	-1191.47229				-400.39316	923.91754	-1171.54773				-127.74792	467.11453	-1128.71021	-490.55582	475.24826	-1241.88831							
162	1.610				-117.31527	899.38617	-1171.34045																						-542.36237	1141.24402	-1287.00732	31.43713	929.40173	-1189.76184	-530.91968	895.52911	-1187.29517				-399.48541	923.77118	-1169.40015				-125.94415	469.18323	-1122.03943	-490.41800	475.45599	-1240.71790							
163	1.620				-116.32024	900.24622	-1168.64209																						-542.26862	1141.65906	-1282.40356	31.78613	929.67596	-1187.77246	-532.16431	896.34991	-1182.85376				-398.26483	923.90112	-1166.77551				-124.30961	471.13669	-1116.64746	-490.08246	475.46994	-1238.78918							
164	1.630				-115.71462	899.10632	-1165.25525																						-542.41882	1141.97766	-1278.06067	32.24966	930.97565	-1184.17529	-532.24921	896.21826	-1178.32275				-397.19006	923.27844	-1163.80737				-122.21377	472.83133	-1110.94824	-489.23679	474.86325	-1238.44373							
165	1.640				-115.22803	900.20105	-1163.35181																						-542.87744	1141.83691	-1272.95544	32.84912	931.07117	-1183.72302	-532.29144	896.86017	-1175.43201				-396.32828	923.69336	-1160.87842				-120.06937	475.73245	-1106.93762	-488.07843	474.78040	-1237.39832							
166	1.650				-115.06583	899.86981	-1159.55127																						-542.81915	1142.16455	-1268.35962	33.09200	930.49127	-1182.51416	-532.87939	896.77625	-1170.51709				-395.91135	923.18011	-1157.92078				-118.87852	478.27087	-1101.76257	-486.50787	474.19427	-1237.16748							
167	1.660				-114.71256	900.49768	-1157.70374																						-543.23419	1143.07825	-1264.53638	33.80924	931.24939	-1177.92334	-532.69537	897.37860	-1165.92273				-395.71179	922.97205	-1155.33191				-116.30537	481.69467	-1095.99097	-485.04785	473.18750	-1237.04138							
168	1.670				-113.57797	899.63031	-1153.40955																						-544.08508	1143.34351	-1259.81116	34.00492	931.25055	-1177.77637	-532.18213	897.15485	-1162.76453				-395.28513	922.56903	-1151.58228				-115.88351	483.96606	-1090.52026	-484.12045	473.27231	-1236.45105							
169	1.680				-111.72184	899.75592	-1152.46826																						-543.43353	1143.17493	-1254.77832	34.29059	930.99750	-1176.60669	-531.78912	897.80048	-1157.80969				-393.49188	921.89832	-1148.45911				-117.82533	485.10837	-1085.47498	-482.56906	472.07648	-1235.90710							
170	1.690				-110.88654	900.23822	-1149.27637																						-543.68347	1143.86926	-1250.30640	35.51436	931.54224	-1175.16724	-531.06616	897.63568	-1152.66516				-393.00433	921.48907	-1144.30139				-117.49860	487.63718	-1080.35413	-481.17166	471.70630	-1234.97534							
171	1.700				-111.09096	899.78442	-1146.56299																						-543.58673	1143.66614	-1245.28784	36.37636	931.74091	-1170.15173	-530.92151	897.35852	-1149.26868				-392.07758	921.25159	-1140.81177				-116.02547	490.59778	-1075.48303	-478.30966	470.65280	-1233.69873							
172	1.710				-110.14172	899.53827	-1146.03931																						-543.60217	1143.87793	-1240.31470	37.24754	931.86591	-1169.49890	-530.32037	897.20831	-1144.07190				-391.43109	920.21436	-1137.21277				-114.18100	492.92419	-1069.75732	-476.47415	469.89447	-1232.86267							
173	1.720				-109.50558	898.46936	-1142.85986																						-542.42810	1144.15564	-1235.79114	37.58657	931.16254	-1169.15320	-530.13678	897.03259	-1139.37500				-390.45358	919.85565	-1133.86267				-113.04365	494.34595	-1065.99487	-474.79712	469.00601	-1231.90808							
174	1.730				-109.52229	898.04547	-1141.21545																						-541.98651	1143.79041	-1230.17639	39.74880	931.99316	-1163.98706	-528.54974	897.41516	-1134.84180				-388.40643	919.23444	-1129.78198				-111.52288	495.99686	-1060.88635	-472.32932	468.52051	-1229.62488							
175	1.740				-108.14356	897.26825	-1139.61194																						-541.80469	1143.82727	-1225.04785	40.41414	931.72809	-1162.54358	-527.30170	897.53607	-1129.98535				-386.60376	919.40948	-1126.70276				-108.66484	497.64310	-1055.89087	-469.27994	468.48776	-1227.91589							
176	1.750				-105.94427	896.14264	-1137.77148																						-541.14337	1143.61780	-1219.41931	42.18521	931.57056	-1160.43042	-526.08624	897.25323	-1125.57727				-385.01224	918.36713	-1122.16614				-106.57577	498.14594	-1052.69958	-467.54745	468.36807	-1225.83801							
177	1.760				-104.82662	896.39246	-1133.53491																						-540.24353	1143.76135	-1213.96082	44.19286	931.83563	-1157.72791	-526.67981	897.43652	-1120.20532				-383.01331	917.86346	-1117.86621				-103.20319	498.64386	-1048.36755	-464.65250	468.40515	-1222.88708	-139.24432	109.43340	-1192.40747				
178	1.770				-103.63775	896.65643	-1131.41187																						-539.42529	1143.61536	-1208.04907	45.46061	931.76514	-1155.92334	-525.38861	896.99304	-1114.43384				-380.89969	916.48474	-1113.38867				-100.65276	499.17746	-1044.68860	-462.45715	467.04260	-1219.72351	-138.09776	106.01005	-1173.94128				
179	1.780				-100.63259	895.49213	-1129.55200																						-538.42163	1144.02515	-1202.70679	46.70308	932.12262	-1153.73694	-524.09839	897.15613	-1110.17285				-379.18994	916.00104	-1109.16211				-97.03448	499.61182	-1041.99829	-460.19476	465.95334	-1217.56897	-139.99709	102.98520	-1158.27307				
180	1.790				-99.61905	895.75159	-1127.74243																						-537.72498	1144.37805	-1197.25122	49.72853	931.94061	-1151.04932	-522.77362	897.14642	-1105.71033				-377.28949	915.81403	-1104.41980				-93.73029	499.45636	-1039.93140	-457.01028	466.60107	-1214.58789	-142.54988	97.24169	-1143.42688				
181	1.800				-97.43180	896.23553	-1124.41089																						-536.76184	1144.28723	-1190.89941	51.28482	931.45770	-1148.25464	-521.91693	897.30994	-1099.96118				-374.92545	915.44403	-1099.95984				-90.81228	498.54901	-1037.15845	-453.93134	464.68964	-1211.53796	-142.49994	96.39680	-1129.30774				
182	1.810				-95.19489	895.66437	-1121.37195																						-535.18646	1144.35535	-1185.13855	51.67369	930.59955	-1146.06238	-520.43634	897.12268	-1093.65747				-372.11292	915.18658	-1095.49609				-85.58144	499.20538	-1034.78906	-451.73431	464.91162	-1207.83081	-142.82303	93.14735	-1114.21460				
183	1.820				-93.28596	895.37915	-1119.58069																						-533.70789	1144.19995	-1179.00269	54.56500	929.98633	-1143.52771	-518.66058	897.21228	-1087.73633				-369.65619	914.49908	-1090.10156				-83.45692	498.28513	-1033.40503	-449.04739	464.11221	-1203.33447	-142.74904	90.93898	-1101.49841				
184	1.830				-90.51559	895.21747	-1117.08228																						-531.69696	1144.76025	-1174.22705	56.01754	930.10144	-1142.44910	-518.26550	897.05939	-1083.28613				-367.27097	914.57214	-1084.83972				-80.98869	497.07501	-1032.90222	-447.12225	463.60809	-1200.06750	-145.12021	86.88184	-1090.00793				
185	1.840				-87.74790	894.76624	-1113.45129																						-530.05109	1145.15015	-1168.23975	58.15846	930.25146	-1136.39172	-516.05536	897.00684	-1078.28967				-363.80176	913.58252	-1079.33618				-79.25362	495.84033	-1032.39624	-444.79913	464.21582	-1195.63721	-145.09628	85.29668	-1078.35950				
186	1.850				-85.31890	894.20386	-1110.95898																						-528.25867	1144.75415	-1161.25476	60.48188	930.59412	-1134.99158	-513.72272	896.36847	-1072.22070				-362.15280	913.87579	-1074.33936				-77.35458	495.06921	-1031.83801	-441.82907	463.03226	-1190.08557	-146.22403	83.48502	-1067.82397				
187	1.860				-82.81747	894.95471	-1106.71191																						-526.32513	1144.76685	-1154.77832	63.04352	930.75800	-1133.45178	-512.37115	896.76306	-1066.58887				-358.47507	913.95209	-1068.86755				-75.66312	493.30524	-1030.71570	-439.59882	463.44769	-1185.93652	-147.42464	82.44964	-1058.69897				
188	1.870				-79.24017	894.80469	-1103.83496																						-524.16687	1145.05811	-1148.71338	64.46623	930.35413	-1129.09399	-510.65649	897.12482	-1060.35547				-355.75751	913.73883	-1062.63501				-74.67919	491.84183	-1030.33923	-437.13321	462.30124	-1181.66101	-147.30894	80.80704	-1049.18152				
189	1.880				-77.02324	894.52136	-1100.94409																						-522.45184	1145.63513	-1142.45154	67.35018	929.73932	-1125.98486	-509.01422	896.71875	-1054.64941				-352.18527	914.11554	-1057.26636				-74.22922	490.08295	-1029.99438	-434.94211	462.42645	-1176.97668	-147.57744	79.73968	-1042.68665				
190	1.890				-73.05919	894.23810	-1095.29236																						-519.74713	1145.74426	-1135.89001	70.67241	930.00122	-1123.60742	-507.21747	897.49603	-1048.98254				-349.63922	914.17816	-1051.83679				-73.77448	488.82065	-1028.76233	-432.40088	462.46719	-1171.94946	-148.89493	79.30676	-1037.27014				
191	1.900				-71.08479	893.10339	-1092.38831																-265.74533	1501.73499	-1237.55762				-517.95978	1145.44397	-1129.30701	72.64191	928.98895	-1120.40002	-504.20148	896.75281	-1042.51599				-345.19321	914.15210	-1045.96948				-73.48867	487.23865	-1026.69165	-430.05801	461.63776	-1167.13806	-149.87038	78.77326	-1031.09656				
192	1.910				-67.38821	893.41290	-1087.75549																-263.30469	1501.25977	-1232.24780				-515.69800	1146.05847	-1122.97742	75.78464	928.61340	-1116.04932	-502.79361	897.70374	-1036.53528				-342.03543	913.45441	-1039.82178				-73.08270	485.57202	-1025.50391	-427.57455	461.21274	-1161.26465	-151.52538	76.14075	-1028.18115				
193	1.920				-64.73191	892.53442	-1083.67749																-260.78183	1500.94092	-1227.48804				-513.01868	1146.29236	-1117.63599	77.51028	929.04285	-1113.19885	-500.01688	898.20038	-1030.66016				-337.68903	912.89978	-1032.70703				-72.74636	483.99014	-1024.81836	-425.00961	460.51712	-1156.37561	-153.72990	75.13374	-1026.23914				
194	1.930				-61.08060	893.07135	-1076.03662																-257.95148	1500.68750	-1221.92908				-512.35004	1145.67615	-1115.49927	80.37588	928.76178	-1108.59460	-497.84952	897.43274	-1024.61682				-334.28592	912.86420	-1026.44617				-73.04960	482.63013	-1023.24799	-422.22723	459.76291	-1150.10144	-153.77075	74.07020	-1026.38293				
195	1.940				-57.74205	892.89331	-1070.39392																-255.17821	1500.18518	-1216.89673				-508.68094	1145.23853	-1107.34265	83.60962	928.22504	-1105.81213	-495.86310	898.08875	-1018.03516				-330.68643	913.13440	-1020.16791				-72.02113	481.01462	-1021.63611	-418.66141	460.05585	-1144.21704	-154.33167	72.54749	-1027.26904				
196	1.950	88.25098	1207.95483	-993.57776	-53.52056	892.14380	-1064.26672																-252.15498	1499.78760	-1211.58533				-507.10065	1145.83472	-1101.95386	85.68770	926.90601	-1101.32080	-491.77884	897.92169	-1011.03442				-327.18320	913.14227	-1012.61859				-71.60376	479.15546	-1019.88110	-416.74484	459.77722	-1137.30579	-153.50504	71.61182	-1027.76282				
197	1.960	90.21014	1208.68188	-987.36865	-50.61533	892.08472	-1062.51685																-249.16116	1499.52698	-1207.16858				-503.01266	1147.35254	-1093.83777	89.45086	926.67413	-1098.03015	-489.95633	898.27612	-1005.73834				-323.18524	912.75403	-1005.17078				-72.27364	477.23889	-1019.66895	-414.07941	460.11734	-1130.60144	-152.82936	70.80854	-1028.04004				
198	1.970	96.59111	1208.72424	-980.74725	-47.08932	891.87640	-1057.87024																-245.94014	1499.08032	-1201.46045				-499.79379	1147.00708	-1085.96753	92.76317	926.81378	-1094.30823	-486.83731	897.95349	-999.43323				-318.99255	913.17651	-998.85815				-70.57970	475.32581	-1017.92004	-411.85413	459.37708	-1123.07788	-153.22665	69.25819	-1027.89294				
199	1.980	98.89057	1210.08057	-973.44879	-42.87624	891.75458	-1052.18823																-242.54912	1498.91028	-1195.68823				-496.26352	1147.38159	-1079.11609	95.85435	926.33514	-1090.54480	-484.52121	898.23505	-992.89124				-315.34348	913.71381	-991.79102				-69.86667	474.55493	-1016.82849	-407.92258	458.72247	-1115.78870	-150.44293	70.83212	-1026.68579				
200	1.990	103.48886	1210.65442	-966.31885	-40.22538	891.77020	-1046.47668																-239.19080	1499.47168	-1191.06506				-492.75076	1147.86829	-1072.29248	99.12592	925.81268	-1085.91638	-480.40860	899.10406	-985.97241				-310.55939	914.36346	-983.58636				-68.23498	474.21582	-1015.05646	-406.51163	459.01096	-1108.70435	-150.86945	70.87447	-1026.58167				
201	2.000	105.83511	1211.44971	-959.75403	-36.89520	892.18817	-1042.45581																-235.89853	1499.92224	-1186.38586				-489.79413	1149.30383	-1066.44470	102.37788	925.91553	-1082.61536	-478.11871	899.99829	-980.05920				-306.27988	915.43475	-976.35040	-234.17784	948.24017	-1287.06152	-66.48334	473.64554	-1013.56494	-402.90723	458.94257	-1099.46851	-149.67386	69.86125	-1026.06665				
202	2.010	108.39069	1212.57861	-951.66327	-32.87369	892.63287	-1037.64917																-232.55801	1500.29065	-1180.79272				-485.53430	1149.40112	-1058.77698	105.13769	925.59906	-1078.25830	-474.94025	901.15961	-973.47766				-301.51358	916.24609	-969.78064	-231.26462	948.47803	-1281.17871	-64.60365	474.13470	-1011.47168	-399.56726	459.28763	-1091.42065	-149.67386	69.86125	-1026.06665	-365.73840	105.70618	-1341.75439	
203	2.020	113.36684	1213.99341	-945.17322	-28.72094	893.59436	-1032.75854																-229.29137	1501.01733	-1175.86304				-481.86841	1150.74719	-1053.19165	108.70377	926.64313	-1074.77893	-470.38998	902.10046	-966.23633				-296.82623	917.82898	-961.37732	-228.23553	948.71887	-1275.00806	-61.69756	474.38751	-1009.35236	-395.68057	460.44208	-1082.23511	-149.30692	69.86794	-1025.79761	-365.82529	109.89794	-1338.09143	
204	2.030	115.83527	1215.75146	-938.05157	-25.41266	894.46106	-1028.66711							-64.83982	1546.36621	-849.51355							-226.10384	1501.65723	-1170.79089				-477.57339	1151.71912	-1046.11304	111.30005	925.95197	-1070.38904	-467.42087	902.59393	-960.41986				-291.63165	918.50793	-953.40265	-225.02386	949.35718	-1268.70996	-59.45129	474.87918	-1007.61371	-392.59576	461.96146	-1072.82983	-148.84828	70.13808	-1024.74414	-365.91013	115.88127	-1334.07068	
205	2.040	121.48122	1217.17603	-930.71216	-21.18381	895.22290	-1024.05396																-222.98004	1502.33813	-1166.07898				-473.67938	1153.12830	-1039.71631	115.27799	926.71118	-1066.57849	-464.28537	904.06635	-953.79010				-285.87003	920.62732	-946.38361	-222.07318	950.22644	-1263.96533	-56.68194	475.74429	-1006.31879	-387.51767	461.51260	-1063.81042	-147.45381	70.40794	-1024.53345	-364.88940	121.25811	-1327.17273	
206	2.050	123.93889	1218.93457	-923.55200	-17.14238	896.79254	-1020.44952							-55.93453	1548.50500	-840.52985							-219.80486	1502.93896	-1161.03735				-469.24091	1153.29773	-1033.76978	118.41048	926.94598	-1061.95227	-459.37830	904.86823	-947.19781				-280.78064	922.03766	-939.06427	-218.79213	950.80902	-1257.95593	-53.42986	475.10373	-1004.96790	-383.30496	463.17249	-1053.25403	-146.83617	70.39494	-1024.29089	-364.63846	128.14757	-1321.25977	
207	2.060	125.89301	1221.17480	-917.35999	-12.77465	897.68414	-1017.10651																-216.68661	1503.64856	-1156.49951				-465.35062	1154.13159	-1026.42834	122.75159	928.07416	-1058.69397	-455.64499	905.89142	-940.56970				-274.92734	922.90875	-929.99963	-215.64362	950.84894	-1251.55884	-52.21880	474.40497	-1003.72632	-379.27243	464.56943	-1042.83337	-142.97269	73.14675	-1020.97406	-363.75455	133.73697	-1313.46558	
208	2.070	130.75587	1222.39539	-910.05963	-8.24453	899.66125	-1012.31519																-213.41783	1504.49524	-1151.44800				-461.54831	1155.30664	-1020.14825	126.16805	929.35968	-1055.01367	-452.01511	906.75409	-933.73724				-270.30829	926.13434	-923.29926	-212.53612	951.09381	-1245.23975	-47.65550	474.65671	-1002.95886	-373.51077	465.84625	-1031.29956	-147.02258	69.04877	-1024.41028	-365.05011	141.13542	-1303.22229	
209	2.080	133.77534	1223.98145	-902.68719	-4.12299	900.78387	-1009.94806							-43.60067	1551.22571	-826.39844							-210.16472	1505.29297	-1146.36096				-458.17868	1156.22876	-1013.57471	128.60463	929.53992	-1050.64404	-447.90588	908.56207	-926.99994				-265.60657	927.11945	-916.96588	-209.73801	951.91492	-1239.92651	-45.54513	473.59348	-1003.39679	-367.48343	467.62009	-1020.20325	-148.33653	67.20550	-1024.97668	-365.32913	150.30960	-1293.89685	
210	2.090	138.81918	1225.66919	-896.50037	0.71150	901.99963	-1007.31592																-207.07376	1505.64685	-1141.67004				-454.20367	1156.97656	-1006.76715	132.76912	931.14655	-1046.32678	-444.26520	909.84601	-920.18243				-258.90775	928.38416	-910.19623	-206.98479	952.24561	-1234.10791	-40.62206	473.50229	-1003.66473	-360.96207	467.69504	-1009.06689	-147.40155	67.55849	-1024.66772	-365.39413	158.52718	-1282.32507	
211	2.100	141.90794	1227.45947	-889.78278	5.39572	903.45868	-1003.28857																-203.97131	1506.36047	-1137.23730				-450.26505	1157.97693	-1000.68042	136.05536	932.13501	-1042.92529	-439.14423	910.53363	-913.04547				-253.83322	929.39026	-904.23572	-204.05247	952.57190	-1227.60217	-38.82904	472.39893	-1004.33411	-353.82162	469.04987	-994.85077	-148.21246	66.77020	-1024.46594	-364.31528	166.87247	-1271.19934	
212	2.110	146.65608	1228.54370	-882.90302	9.07098	904.16632	-1000.52753							-30.81920	1553.73828	-813.33624							-200.79401	1507.06897	-1132.49097				-446.23395	1159.02417	-994.35345	140.30942	933.17596	-1038.35168	-435.07297	911.64502	-906.15240				-248.48250	931.23749	-896.35901	-201.38780	952.98102	-1221.36353	-34.88889	472.43729	-1005.76813	-345.63336	470.39029	-980.86597	-146.93152	67.60261	-1024.46118	-364.64728	174.31497	-1258.80933	
213	2.120	148.66882	1231.68567	-877.19318	13.52445	905.02466	-997.38910																-197.58330	1507.97937	-1127.72351				-441.73535	1160.02100	-986.92316	143.43356	933.58447	-1035.05090	-430.21362	912.14185	-899.03033				-242.87547	932.54425	-890.85126	-198.71284	953.49310	-1215.31934	-31.34196	471.75186	-1007.17810	-336.42035	472.21729	-964.42792	-146.93152	67.60261	-1024.46118	-362.95963	183.13010	-1246.03015	
214	2.130	152.47069	1232.93237	-870.68903	17.89005	906.02313	-994.03162							-22.16263	1556.50732	-804.29669							-194.59932	1508.39001	-1123.26648				-437.36642	1160.02112	-979.55304	148.00339	934.84515	-1031.12610	-426.19357	913.83875	-892.05811				-238.52501	933.70654	-884.70496	-196.20047	954.02521	-1209.80896	-26.72628	472.78262	-1007.96954	-326.16431	473.33054	-948.49347	-146.93152	67.60261	-1024.46118	-361.87531	190.76366	-1231.32727	
215	2.140	156.24234	1234.12830	-864.12927	21.95235	906.73206	-991.00476							-17.57531	1557.29541	-799.86182							-191.47510	1509.03906	-1118.55701				-432.93640	1160.83472	-973.69312	150.72708	935.40527	-1027.70398	-420.27365	914.58722	-884.15240				-233.44591	934.99017	-879.10297	-193.87575	954.39044	-1203.90955	-22.34926	472.36053	-1011.04169	-316.49014	474.28186	-931.38062	-146.99312	66.56224	-1024.18030	-361.03912	199.17227	-1217.11023	
216	2.150				25.69687	907.59821	-986.89673																-188.38286	1509.70435	-1113.73767				-429.02777	1162.23022	-965.43011	154.55698	936.79675	-1023.00995	-415.84848	916.24567	-877.15253				-228.53386	935.84790	-872.79956	-191.33669	955.06848	-1197.24426	-18.48741	471.99405	-1013.37518	-305.52109	474.94107	-913.36652	-146.19511	67.14214	-1024.32605	-359.36646	207.92879	-1203.17676	
217	2.160				29.92772	908.17938	-984.32227																-185.29698	1510.75159	-1109.00342				-424.01263	1162.97449	-958.99768	158.98569	937.69598	-1019.00519	-410.92380	917.29742	-869.47144				-224.22198	936.39282	-867.58539	-189.07027	955.69653	-1190.67236	-15.08247	472.31262	-1016.84460	-294.28998	477.70593	-894.90991	-146.93152	67.60261	-1024.46118	-358.09537	213.75700	-1188.69580	
218	2.170	-5.43769	1559.88098	-786.77966	34.47019	909.00000	-980.10236																-182.34706	1511.25415	-1104.46167				-419.69888	1163.88220	-953.05212	161.53368	938.70758	-1015.11456	-406.65561	918.29980	-863.14136				-218.48599	937.59961	-861.73743	-187.22888	956.44257	-1184.48999	-11.25861	471.92343	-1019.44513	-283.12033	480.12485	-876.57349	-146.80914	67.09422	-1024.32202	-354.99197	221.30171	-1173.63049	
219	2.180	-0.61462	1560.40369	-782.20917	37.28975	910.13959	-976.75555																-179.39137	1511.68835	-1099.37549				-415.55176	1164.83154	-946.12811	166.66969	940.14862	-1011.45593	-400.92264	919.46509	-855.27240				-213.62415	938.33929	-855.32440	-185.37909	956.78638	-1177.20081	-6.42152	471.98758	-1021.97174	-271.69690	482.52197	-858.67932	-145.58058	67.19052	-1024.33008	-353.87195	227.60896	-1159.21887	
220	2.190	2.43734	1561.57373	-777.72046	42.35203	911.16565	-973.05457													-78.16684	1304.62842	-909.90234	-176.37363	1512.65649	-1094.54944				-411.31558	1165.62354	-938.72339	169.56996	940.88849	-1007.67798	-394.95007	920.73767	-848.27789				-209.46712	939.63794	-850.83063	-183.64191	957.86365	-1170.33044	-1.99796	471.82883	-1024.09155	-259.14084	485.83801	-840.27295	-146.93152	67.60261	-1024.46118	-351.10657	232.39075	-1143.61682	
221	2.200	7.58076	1562.20544	-773.19360	45.88311	911.82678	-970.11108													-73.10866	1305.49829	-906.25391	-173.33672	1513.80811	-1089.77039				-406.80524	1166.40784	-931.41278	173.67012	942.56342	-1003.02057	-389.79956	922.08582	-840.79059				-203.64789	939.70105	-844.88977	-182.28833	959.25909	-1164.21912	0.82255	470.50595	-1026.52222	-247.29048	491.65201	-822.80011	-146.62068	67.44552	-1025.99158	-347.32462	237.24823	-1126.16833	
222	2.210	12.09408	1563.27832	-768.31396	48.27392	911.49182	-968.77936													-68.33264	1306.59802	-903.16089	-170.46495	1514.15808	-1084.56689				-402.73709	1167.31848	-924.64178	177.74713	943.93152	-999.68018	-384.05685	923.18542	-833.23138				-198.95515	940.73108	-839.68799	-181.03198	960.37817	-1157.58032	4.90341	470.50217	-1029.15002	-234.33948	496.62329	-803.54999	-146.71237	67.63810	-1026.07227	-344.65347	240.35094	-1110.44434	
223	2.220	17.97865	1562.96130	-763.84991	52.25191	913.44080	-965.77429													-63.98407	1306.94287	-899.57660	-167.63216	1514.92200	-1080.07495	143.41696	1174.31274	-1089.92554	-398.46365	1168.07788	-917.62201	181.73285	945.53668	-996.56598	-379.05762	924.45807	-825.91479				-193.83505	942.30817	-834.12085	-179.98019	961.41168	-1151.39404	10.17770	471.35364	-1031.19019	-220.42181	502.10544	-787.02716	-145.05214	68.20038	-1024.77551	-341.26758	243.92702	-1092.50354	
224	2.230	21.68913	1563.64600	-759.07239	56.51012	913.75763	-963.82080													-58.54306	1307.97986	-895.89941	-164.41833	1515.68799	-1074.03552	145.49794	1175.25049	-1087.72461	-393.78046	1168.75037	-909.89178	185.14505	947.28979	-992.11023	-373.72940	925.38782	-818.50018				-188.56174	942.80469	-828.55823	-179.13051	963.26764	-1146.37854	15.38576	472.37164	-1032.44458	-205.39804	507.80807	-771.12140	-145.05214	68.20038	-1024.77551	-336.53738	245.10602	-1073.92188	
225	2.240	25.36257	1564.27893	-754.93817	60.87839	915.20398	-961.14783													-53.54382	1307.89355	-892.46118	-161.59833	1516.59949	-1069.55115	149.39044	1176.34851	-1085.00195	-390.02579	1170.08875	-901.96411	189.50432	949.17200	-989.60486	-368.17087	926.63690	-810.72107				-182.80331	943.41101	-823.52393	-178.18449	964.54944	-1139.84839	18.44385	473.19104	-1032.77576	-188.28186	513.27612	-756.93610	-146.58635	68.08113	-1024.76514	-331.82367	245.30077	-1056.13000	
226	2.250	30.22665	1564.54297	-750.50061	65.34682	914.26105	-958.35980													-48.61968	1308.19714	-888.84296	-158.62561	1516.98035	-1064.19446	151.88879	1176.37390	-1082.54065	-385.20532	1170.61755	-895.65338	193.15591	950.48071	-985.82495	-362.47009	927.73383	-802.91858				-178.21521	944.21075	-818.59607	-177.45860	965.57080	-1133.99158	23.72655	474.34418	-1031.37231	-172.22639	519.84503	-743.78198	-145.05214	68.20038	-1024.77551	-326.31274	245.54774	-1037.89246	
227	2.260	69.25117	915.63641	-955.87250																-44.33616	1308.74695	-885.06976	-155.60907	1517.44543	-1058.83704	155.79631	1177.02380	-1080.88416	-379.78851	1170.20386	-888.63892	196.69073	951.47913	-981.98749	-356.61584	928.49396	-795.88568				-172.21481	945.00336	-812.56158	-176.64856	966.62073	-1127.90942	28.06582	474.17392	-1028.66101	-156.39938	526.35620	-731.38458	-147.05637	68.03703	-1024.97180	-318.78577	243.14604	-1020.20557	
228	2.270	74.16267	914.44678	-956.69379																-38.84368	1309.99841	-881.57025	-152.64568	1518.46936	-1054.35901	158.16107	1177.41724	-1078.45166	-375.20737	1171.52856	-880.60687	201.48949	953.20093	-978.78986	-350.12589	929.40100	-787.84100				-166.70421	946.10242	-806.08649	-175.94724	967.77399	-1122.41785	32.88281	474.86908	-1025.52039	-139.67612	532.43170	-720.64246	-146.27896	68.26996	-1025.02393	-312.19794	241.76576	-1001.90356	
229	2.280	-239.95966	1441.52063	-845.43835	78.64636	916.06158	-948.68994													-33.20128	1309.91602	-877.47528	-149.53305	1518.70667	-1048.48914	161.42882	1178.70752	-1075.93335	-370.76242	1172.14819	-872.82709	204.37451	954.66901	-974.64508	-344.26569	930.19977	-780.42877				-160.97287	946.87598	-800.92975	-175.31848	968.47137	-1116.67798	37.23066	474.50693	-1022.20197	-123.69570	538.44415	-711.49115	-147.05637	68.03703	-1024.97180	-304.08456	239.01447	-982.55920	
230	2.290	-234.17329	1440.80554	-838.79163	83.03346	915.82605	-951.65625													-27.97064	1310.09485	-874.19763	-146.45421	1518.82959	-1043.33484	164.49947	1178.48413	-1073.59607	-366.17868	1173.08179	-865.98615	209.19398	956.18768	-971.22980	-337.65851	930.98907	-773.16925				-154.91125	947.94879	-794.27936	-174.66917	969.24066	-1111.02148	41.71528	475.24234	-1017.96838	-107.95953	543.81665	-702.86859	-146.79582	68.82134	-1025.11804	-297.84082	236.12329	-964.06537	
231	2.300	-230.94585	1441.71277	-832.88123	77.06381	1653.49475	-892.59003													-22.67076	1310.18054	-870.67810	-143.29492	1519.54382	-1038.46228	167.96501	1179.65100	-1072.33801	-361.86948	1173.31421	-858.46899	213.32687	957.46332	-968.13409	-331.75555	932.16809	-765.57489				-148.83658	948.63214	-788.04376	-174.13306	970.01050	-1105.58228	44.37954	474.84973	-1013.94562	-91.84409	549.13403	-694.20190	-146.53886	69.04691	-1025.96753	-287.97137	232.31644	-946.18335	
232	2.310	-224.58301	1441.37231	-826.27820	81.66336	1653.70959	-888.79938													-18.06668	1310.59546	-865.94708	-140.15335	1519.56738	-1032.80872	171.66797	1180.49780	-1070.05176	-357.14966	1173.70203	-849.89349	217.06184	958.96887	-964.46918	-325.63492	932.35303	-757.72131				-142.91331	949.92841	-781.71826	-173.56032	970.78564	-1099.86951	47.86868	474.84229	-1009.86115	-77.85322	553.66919	-688.83087	-146.88727	69.70890	-1025.80042	-278.02209	226.77997	-927.74872	
233	2.320	-218.49605	1441.80518	-820.09344	86.42643	1653.80981	-885.15924													-12.40347	1311.28125	-862.72351	-136.95674	1519.83618	-1028.00879	174.25227	1180.67285	-1067.50952	-350.34131	1173.19250	-842.03925	221.12492	960.39478	-961.13049	-318.35477	933.02618	-749.25763				-137.07710	949.28937	-778.21613	-172.86256	971.74615	-1093.76294	50.81927	474.22089	-1005.15979	-62.13245	557.73004	-683.25372	-147.27472	70.08473	-1025.54602	-268.16748	222.58165	-908.37445	
234	2.330	-212.02945	1441.61401	-813.16534	90.92545	1654.37292	-881.89081													-6.43856	1311.59546	-860.15533	-133.58504	1520.11292	-1022.36841	177.90094	1181.62366	-1065.17017	-346.60092	1173.79077	-833.68982	225.24570	961.48071	-957.84814	-312.27884	933.32977	-741.70819				-130.80492	950.57239	-772.52814	-172.14117	972.45917	-1087.30603	52.59407	473.79977	-1001.03217	-47.82054	561.08191	-679.14337	-147.25940	70.08924	-1025.28149	-258.10315	216.07454	-890.10858	
235	2.340	-207.52205	1442.23132	-807.39099	95.66810	1654.61731	-877.85767													-0.81337	1311.56519	-855.89838	-130.14774	1520.12219	-1016.30109	180.97084	1181.61792	-1062.69421	-340.10446	1173.61694	-825.91656	229.77631	962.73151	-954.27808	-305.56720	933.72937	-733.99725	105.97660	917.84674	-946.46515	-124.07700	949.84711	-766.31970	-171.54251	973.26343	-1081.21362	55.68472	474.46848	-997.39386	-34.41446	563.57751	-676.02167	-147.58241	70.06406	-1024.98462	-245.21480	210.15292	-871.03949	
236	2.350	-201.70076	1442.37329	-799.99615	100.56039	1654.62537	-874.01849													3.78121	1311.61072	-851.22784	-126.80603	1520.79395	-1011.61237	184.32632	1182.54187	-1060.06665	-336.23618	1174.37524	-817.54449	232.99268	963.64215	-950.51294	-299.46939	934.01001	-726.03357	110.08355	918.10272	-945.81012	-117.45186	949.90521	-761.28589	-171.06125	974.59637	-1075.86316	58.56905	475.63870	-994.25507	-21.15314	565.04700	-673.46484	-147.28493	70.54174	-1024.70654	-232.50647	203.51393	-852.07458	
237	2.360	-195.10854	1442.66797	-793.35956	105.32495	1655.15076	-870.15991													9.88454	1311.86047	-848.22681	-123.32485	1521.08521	-1005.91571	187.28915	1182.86365	-1057.18945	-329.28931	1173.97839	-810.13269	237.55428	964.65948	-948.03650	-292.77676	934.52075	-717.54187	114.27605	918.41803	-943.80597	-109.88795	950.16943	-756.11938	-170.46957	976.06067	-1070.00769	61.75726	476.90561	-992.71899	-9.38979	566.23938	-671.34387	-147.35612	71.10001	-1024.25391	-218.43071	196.30177	-833.54767	
238	2.370	-190.24348	1443.15063	-788.02277	110.22747	1655.32324	-866.54730													14.59047	1311.71350	-844.00964	-119.72038	1521.07336	-999.39557	190.67383	1183.78821	-1054.68762	-323.17340	1174.35022	-802.26355	242.00334	965.78827	-944.42389	-286.26959	935.06854	-709.83392	119.94521	919.95276	-939.81622	-102.69522	951.35486	-749.85095	-169.88219	977.30951	-1063.67505	65.54067	477.67599	-991.89697	2.70297	566.18140	-669.73810	-148.01761	70.90258	-1024.33118	-203.76599	187.71991	-815.01764	
239	2.380	-182.50278	1442.71680	-780.33063	115.06757	1655.28564	-862.94629													19.94092	1312.52454	-840.69055	-116.26177	1521.80457	-995.03387	193.30893	1183.74890	-1051.72681	-317.47910	1174.56091	-795.15735	245.28465	967.05414	-940.00085	-279.83957	935.38269	-702.40967				-95.89369	951.74994	-743.71948	-169.32951	978.49792	-1057.37927	69.66159	477.70535	-990.98962	12.48331	565.96692	-668.16345	-148.19994	72.86578	-1023.57941	-188.28319	180.82454	-797.02466	
240	2.390	-178.47296	1443.34814	-774.22174	119.91007	1655.74426	-858.92834							132.78070	1495.61157	-1037.74524				26.50432	1312.29651	-836.87933	-112.49174	1521.80774	-988.71539	197.24506	1184.63831	-1048.89746	-312.59613	1174.77820	-786.84113	250.29298	968.32440	-937.01538	-272.68536	934.68958	-695.06952				-88.32730	952.25415	-738.16888	-168.76208	979.60309	-1050.70691	69.60765	477.10367	-991.02649	22.91401	565.19226	-667.98779	-148.86220	72.89765	-1022.78601	-171.41052	173.68489	-779.92407	
241	2.400				124.96282	1655.87805	-854.84332							135.85120	1496.04700	-1035.51306				32.76125	1312.96082	-832.52295	-108.61937	1522.01501	-982.65265	200.13368	1184.74695	-1044.93799	-306.92517	1175.60486	-779.69501	254.36409	969.29425	-934.39001	-265.73010	935.46643	-687.27704				-81.01786	953.19269	-732.25714	-168.25070	981.30768	-1044.97168	70.49911	476.64328	-990.78040	30.68152	563.47552	-667.04382	-149.15848	74.07856	-1022.08783	-153.20901	165.11414	-763.08514	
242	2.410	-163.97202	1443.29565	-761.40399	129.89508	1656.01086	-850.65973							139.87209	1496.20105	-1030.35254				37.75223	1312.67920	-827.77515	-104.54689	1522.31091	-976.30652	203.98100	1185.59473	-1043.16309	-300.28680	1175.08643	-771.43317	258.28827	970.52533	-930.02045	-258.84195	935.92236	-679.32361				-73.26039	952.30524	-726.91882	-167.67148	982.77911	-1039.17456	70.57671	476.05139	-989.95172	39.28176	562.01752	-666.71576	-150.28606	74.84267	-1021.30145	-134.27441	157.57878	-745.29523	
243	2.420	-157.05429	1442.38904	-754.27637	134.97206	1656.38525	-846.03668							143.14508	1496.58728	-1028.08997				43.93970	1312.81421	-824.54535	-100.57302	1522.81702	-971.39203	207.43861	1185.50928	-1039.87903	-294.97418	1175.38281	-763.87299	263.00891	971.23254	-926.32532	-251.04507	935.90869	-671.37366				-65.68424	952.56390	-721.80182	-166.83060	983.83179	-1032.56067	71.52134	475.29422	-988.23663	46.11272	560.11627	-666.34247	-151.25290	75.11450	-1020.56757	-114.62606	149.82050	-730.45758	
244	2.430	-151.25186	1443.26526	-747.84497	140.00171	1656.60022	-841.80396							147.04652	1497.43262	-1024.24341				50.52740	1312.64514	-820.44794	-96.40323	1522.51074	-965.34564	211.15253	1186.78174	-1035.79211	-288.70511	1175.23120	-755.34009	267.00214	971.96667	-922.79297	-244.59778	935.94812	-664.66351	151.79449	921.21106	-927.04968	-58.34775	953.60004	-716.05078	-165.77531	985.38599	-1026.43884	68.99630	474.52274	-986.01282	53.41693	557.92352	-666.61084	-151.00592	76.02552	-1019.94220	-94.38976	142.80476	-715.78912	
245	2.440	-144.37425	1442.26709	-741.58191	144.90529	1657.18152	-838.20636													55.79166	1313.22192	-815.83521	-91.92436	1522.94629	-958.89984	214.98386	1186.97559	-1033.25964	-282.40756	1175.49463	-748.54376	271.34421	972.81885	-918.89777	-238.01596	935.99329	-657.14136	155.51355	921.61707	-926.44177	-50.93587	953.42957	-711.27277	-164.50052	986.61774	-1020.33014	68.66151	474.44806	-983.46619	59.93088	555.04004	-665.96338	-150.98978	76.03078	-1019.62585	-72.59702	136.69084	-700.85242	
246	2.450	-138.77402	1442.96521	-735.26910	149.93320	1657.72327	-834.24829							154.65912	1498.39221	-1016.89447				61.81207	1313.22192	-810.63977	-87.65556	1523.13965	-953.14276	218.52467	1187.58240	-1029.29614	-276.50061	1175.00659	-741.00647	276.78299	973.58496	-915.76404	-230.99695	936.23407	-649.71674				-42.10857	954.31470	-704.99384	-162.86771	987.75537	-1013.96375	68.81258	474.38480	-980.54285	64.90056	551.88690	-666.36115	-151.00304	77.80901	-1018.07239	-50.29309	130.16359	-687.80237	
247	2.460				155.00929	1658.17468	-829.08240							158.85150	1498.87866	-1012.32458				68.09502	1313.30847	-807.06219	-83.38955	1523.00122	-947.86115	222.24904	1188.23486	-1026.65588	-269.56436	1174.49377	-733.17450	281.37762	974.73541	-912.45593	-223.89777	935.82617	-642.05585				-35.22162	953.06934	-702.57770	-161.13196	988.90350	-1008.36945	68.90192	474.43100	-976.61304	69.80123	549.29211	-666.01007	-151.56303	78.94279	-1017.26263	-28.43987	124.88157	-676.00067	
248	2.470				160.36438	1658.14050	-823.86060							162.49771	1498.96326	-1009.30847				74.58841	1313.03149	-802.50385	-78.59124	1523.11121	-941.37396	226.57561	1188.35620	-1022.03186	-263.20419	1174.63062	-726.55829	284.88876	975.00391	-907.71600	-216.43533	935.54559	-634.42633	170.05235	922.46686	-919.57379	-27.14108	954.08484	-697.61761	-158.98906	989.77209	-1002.26733	69.02110	474.53885	-971.97937	74.39157	546.94073	-665.14117	-151.44257	80.38929	-1016.19421	-5.68068	119.82497	-664.94305	
249	2.480	-119.18122	1441.92468	-715.79565	165.39758	1658.52637	-819.11646							166.77998	1499.45020	-1004.70728				80.88735	1313.54187	-798.03961	-74.09762	1522.67395	-935.21228	231.09650	1188.60254	-1018.06317	-256.30862	1173.73877	-718.42413	290.62622	976.01166	-904.46710	-209.14497	936.18793	-627.38147	173.31845	923.46423	-918.44464	-18.43301	954.62738	-690.67297	-156.24266	990.79877	-995.66644	69.24339	474.75708	-967.28589	77.76294	544.78278	-663.85571	-151.17349	81.14654	-1015.60028	16.61747	116.06176	-655.58997	
250	2.490				170.33318	1659.06665	-814.93030							171.43146	1499.54333	-1000.46869				87.38491	1313.76086	-793.38562	-69.52637	1522.54236	-929.54016	235.27979	1189.04211	-1014.30652	-249.49213	1173.76563	-711.10028	296.09918	975.76117	-900.76031	-202.34451	935.36218	-619.49078	178.26239	923.24689	-914.55194	-10.25809	954.09863	-685.58350	-153.43216	992.15375	-990.86945	70.00177	475.17059	-962.82666	82.95240	543.25018	-660.20923	-150.47290	82.96016	-1014.38690	38.48773	112.68162	-647.97955	
251	2.500	35.73009	1767.21704	-834.60748	175.37901	1659.50366	-810.03705							175.79057	1498.90393	-995.97479				93.98294	1314.01233	-788.28925	-64.76867	1522.60339	-923.59143	239.25667	1188.93408	-1009.56909	-242.09766	1173.08423	-703.84076	300.88293	976.19214	-896.27893	-195.11426	934.72565	-612.54614	182.74857	923.49487	-911.94360	-1.59512	953.59985	-680.35553	-150.00577	992.44403	-984.37024	70.22358	474.74857	-957.24237	86.93584	541.13525	-657.13239	-151.22438	84.19882	-1013.62183	58.93649	109.52049	-641.80383	
252	2.510	40.40595	1766.87427	-828.98505	180.33701	1659.48315	-805.42267							179.90685	1499.68701	-991.45514				100.48437	1313.85364	-784.27075	-60.10517	1521.74353	-917.20056	243.76544	1189.54932	-1006.24152	-235.59033	1172.96606	-696.64990	305.54388	976.75739	-893.04510	-187.38657	934.94312	-605.55682	187.45186	924.01007	-910.27234	5.48038	952.78729	-675.14063	-146.22568	992.37708	-978.07959	70.79624	474.70981	-952.77649	91.20187	538.39661	-654.64673	-151.02121	85.56137	-1013.28180	77.38014	107.16833	-638.55078	
253	2.520	45.00101	1766.31580	-823.58466	185.18021	1659.70984	-800.81415							184.07727	1499.21899	-986.66333	-93.18966	1440.01001	-689.31995	106.32575	1313.33435	-780.03766	-55.27697	1521.62512	-910.61285	247.88394	1189.71899	-1002.51331	-229.02303	1171.84229	-690.30365	311.54996	977.02606	-889.11902	-180.65823	934.31647	-598.07568	191.28349	924.52295	-908.20709	13.19375	952.21722	-669.87231	-142.27896	992.71631	-973.09644	72.05986	474.47083	-948.22076	95.54210	535.18536	-650.96204	-150.10239	87.37550	-1012.75745	95.12225	105.37994	-635.00610	
254	2.530	49.40855	1766.12134	-818.20905	190.25027	1659.60034	-795.13629							188.44788	1499.97498	-981.96875				112.75258	1313.78833	-775.07813	-50.71419	1520.87915	-904.75171	253.40480	1189.57312	-997.15924	-222.25304	1170.64209	-682.69531	316.28110	977.76239	-885.01483	-172.38728	933.23730	-591.31934	196.27646	924.01117	-903.91083	20.81625	950.99835	-664.63184	-137.78035	992.23419	-966.71710	72.63493	474.00082	-943.27930	100.07790	531.96106	-649.45654	-151.25826	87.83801	-1011.49841	111.01398	103.28719	-633.45203	
255	2.540	53.84309	1765.63037	-813.32855	195.24849	1659.08289	-789.71698							192.60228	1499.35535	-977.42969				118.26321	1312.80493	-769.46399	-46.09459	1520.33313	-898.80969	257.57260	1189.86536	-993.47571	-215.86882	1169.72217	-675.13916	321.63284	978.18298	-880.93420	-164.91685	932.47479	-583.60870	201.91019	922.42694	-904.13245	28.61921	949.74835	-659.26727	-132.96848	992.15448	-961.30225	74.19469	474.44504	-939.28186	103.04868	528.81824	-644.39215	-150.70634	89.27686	-1011.37354	124.84642	101.84755	-633.40332	
256	2.550	58.45397	1765.10034	-806.82733	199.89406	1659.27588	-784.67316							196.64438	1499.68115	-972.60577				124.73411	1313.30981	-764.19611	-41.48807	1519.36621	-892.25140	262.57245	1189.53162	-988.93036	-208.68306	1168.29944	-668.93988	327.41409	978.12256	-876.92627	-156.90991	931.56732	-577.02466	206.13136	923.27130	-901.56866	35.58485	948.20313	-654.10980	-127.69231	991.45966	-954.89172	75.71136	474.71301	-935.33392	106.94149	525.16327	-641.57526	-149.37431	92.08105	-1010.97632	136.29578	100.47433	-633.59729	
257	2.560	62.92564	1764.40503	-800.85083	204.54146	1658.97913	-780.15582							200.83379	1499.62988	-967.69556				131.27377	1311.76672	-758.40454	-37.02492	1518.34485	-885.71503	267.52826	1189.91956	-984.31610	-202.41896	1167.64929	-661.31152	334.74155	979.73663	-872.66260	-149.40601	930.25647	-570.01215	211.01419	922.94843	-897.08081	42.64850	947.12280	-647.87360	-122.42395	990.19775	-949.09497	77.90968	474.13409	-931.87347	112.30594	522.18848	-638.48553	-149.64247	92.52471	-1009.37506	146.51772	98.38602	-634.69556	
258	2.570	67.29800	1763.75427	-795.62634	209.53529	1658.54382	-773.67560							204.88847	1499.63452	-962.76123	-60.81811	1434.89014	-656.43896	137.92072	1311.69434	-753.55389	-32.27471	1517.32935	-879.08704	272.15714	1190.18201	-979.89423	-195.63632	1165.27100	-654.96191	340.44891	980.11884	-868.69177	-142.74626	929.27039	-562.93842	215.95905	922.54181	-892.10492	51.08914	945.43512	-641.37787	-116.51997	988.79236	-942.46881	79.87115	474.17624	-927.65326	117.93198	520.03918	-636.14185	-148.52518	94.11481	-1007.95502	153.81290	96.61337	-637.39508	
259	2.580	71.52223	1763.04968	-790.53235	214.14081	1658.35449	-768.12781							208.91202	1499.51379	-958.09167	-55.15254	1434.32861	-650.69940	144.51277	1312.06982	-748.00671	-27.05413	1515.33752	-873.32312	276.86761	1190.46936	-975.65637	-188.77962	1164.06665	-648.43152	346.23657	980.08801	-863.89606	-135.17177	927.99030	-556.39697	221.58934	922.65845	-887.97711	59.76361	943.89069	-636.05603	-110.38348	987.36859	-936.48163	80.51915	474.91666	-922.99744	124.79220	518.90259	-633.34888	-147.20415	95.41696	-1007.11719	160.21173	95.00989	-639.42511	
260	2.590	75.80734	1762.04321	-784.32581	218.67766	1657.94128	-762.97650							213.30548	1499.67224	-953.20209	-51.80259	1430.83252	-647.73468	150.64984	1311.78687	-742.06543	-22.83463	1513.82373	-867.18909	282.27548	1190.62109	-971.78223	-182.17233	1162.32861	-640.48157	352.38397	980.23901	-860.30157	-127.16988	926.30963	-548.93622	226.83217	922.92084	-883.75488	67.65468	942.88330	-630.16602	-103.91557	985.87866	-931.12927	83.59232	474.90891	-919.05194	133.04941	517.36646	-631.11078	-146.20113	97.29093	-1006.90057	165.07327	93.42418	-642.14630	
261	2.600	80.03297	1761.19531	-778.04126	223.37460	1657.45227	-756.89783							217.30319	1499.03528	-947.61615	-44.62000	1431.70215	-638.27625	157.29483	1311.90454	-736.76837	-17.95717	1511.98743	-860.51196	287.26154	1190.39307	-966.96283	-175.27170	1160.58154	-634.59418	358.77927	980.13129	-855.96014	-119.42254	924.79895	-541.95740	232.85756	924.22455	-873.94714	75.37362	941.45325	-624.10730	-96.86048	983.40265	-924.16565	86.78640	474.79510	-914.98334	142.96547	516.67426	-628.73785	-144.33014	99.06586	-1006.77130	168.72142	91.47971	-645.30634	
262	2.610	83.99715	1760.07813	-773.25922	227.86035	1657.19788	-751.05573							221.55974	1498.98572	-943.31299	-40.68050	1429.06091	-634.96796	163.35793	1310.34937	-730.57861	-13.50325	1510.39587	-854.26514	293.06873	1189.79370	-961.40649	-168.52184	1158.83521	-627.68695	365.01224	980.36035	-851.48901	-111.28365	923.09332	-535.33600	237.67622	924.93671	-870.30908	84.79079	939.41425	-617.58459	-89.44443	981.15662	-917.70862	92.59173	475.43716	-911.62482	151.43459	514.50385	-626.05817	-141.07492	100.68005	-1006.74298	171.88130	90.49333	-647.74579	
263	2.620	87.99387	1758.99390	-768.13794	232.39432	1656.63025	-745.27869							226.26770	1497.97131	-936.39880	-35.24263	1426.86389	-629.70935	169.18365	1309.90735	-724.53528	-8.17440	1508.65637	-847.97302	298.20712	1189.49756	-957.90588	-161.59782	1156.72876	-621.65503	371.58136	980.62201	-847.42096	-104.76846	920.90674	-528.79980	244.66820	923.47839	-861.65607	93.18111	937.45776	-612.21906	-81.88139	978.69501	-911.93445	97.01784	475.83282	-907.04187	161.19037	512.42651	-623.57367	-138.75345	102.52289	-1006.71796	175.29950	89.99998	-650.23810	
264	2.630	92.26361	1757.79236	-761.41571	237.00723	1656.50732	-738.66327							230.53854	1497.46838	-931.83905	-27.51001	1427.63647	-618.72125	176.04919	1310.00085	-718.41406	-3.70759	1507.43604	-842.18896	303.44717	1189.41455	-953.96588	-155.19751	1154.85242	-614.81091	377.87640	981.17572	-843.67395	-97.73032	919.10889	-522.81818	250.94499	923.27930	-855.62183	101.72956	936.25873	-605.47589	-73.95600	975.89398	-906.03137	101.97280	475.81326	-902.70642	168.95212	509.77264	-621.25299	-136.26414	104.76678	-1006.67413	178.09201	89.56891	-650.11200	
265	2.640	96.55042	1757.09595	-755.22723	241.48767	1656.61633	-733.00574							234.96033	1497.35535	-925.68188	-23.94214	1424.25024	-615.35107	182.24060	1309.66870	-712.21576	1.17847	1505.66772	-835.19629	308.83865	1189.16321	-950.45380	-148.62405	1153.15515	-608.91864	384.49930	980.99512	-839.89130	-89.60361	917.89581	-516.34686				109.66901	934.90857	-599.52393	-65.65836	973.46167	-900.38165	109.17120	475.48087	-897.98932	179.58018	507.52328	-619.95404	-132.10736	107.34226	-1006.31171	179.90166	89.54269	-649.96594	
266	2.650	100.77238	1756.99927	-749.51459	246.37761	1656.72473	-725.91205							239.77814	1496.85999	-920.60541	-17.74789	1424.20203	-608.31787	187.27579	1309.42773	-706.57678	5.71485	1504.69971	-829.31274	314.84683	1189.35632	-946.05493	-141.94090	1151.33545	-602.79181	391.13522	981.33258	-835.55035	-82.38588	916.37543	-509.89478				118.53278	934.02991	-592.66949	-57.12657	970.67810	-894.27271	116.14921	475.58432	-892.38794	190.31523	506.09665	-617.54004	-126.93686	109.75878	-1005.92267	179.93115	89.52562	-649.94568	
267	2.660	105.34903	1756.76929	-742.40308	251.06679	1657.39404	-719.15216							244.70198	1497.12280	-914.70599	-12.54058	1424.27148	-601.03949	192.80183	1309.34155	-699.54181	10.66421	1504.87537	-823.69171	320.31076	1189.41614	-941.10461	-134.87242	1150.15698	-595.21027	397.60855	981.55396	-831.69843	-75.01051	915.08807	-503.49042				126.81287	933.74377	-586.05591	-48.04561	968.48615	-888.29938	123.95728	475.43259	-886.82196	200.46898	506.99884	-613.91431	-120.98402	113.81086	-1005.19629	181.23277	90.10722	-648.40167	
268	2.670	109.73227	1756.81433	-736.54779	255.63243	1658.21716	-712.84351							249.75168	1497.48743	-909.27466	-8.93164	1421.86511	-598.46112	197.87450	1309.42114	-693.76428	16.04625	1504.67346	-817.02008	326.01529	1190.15271	-936.91107	-128.27399	1149.23450	-589.04077	403.89197	981.81171	-827.06677	-67.09312	914.12012	-497.44144				134.76389	933.51172	-580.17010	-38.78560	966.39594	-882.78729	133.69302	475.31238	-881.13678	211.72971	509.09906	-610.05975	-114.85360	116.93615	-1005.28644	181.59528	90.29627	-647.22015	
269	2.680	114.12175	1757.09583	-730.76947	260.42981	1658.26099	-705.57440							254.60603	1498.17712	-903.90137	-3.59852	1421.18567	-593.97009	204.17990	1310.41821	-687.67035	20.78776	1504.29651	-811.81842	331.53284	1191.46838	-932.25061	-121.66553	1148.91443	-583.16339	409.96280	982.56268	-823.78729	-60.15971	913.40552	-491.76898				142.07742	934.25262	-574.16351	-29.29405	965.10461	-877.91199	147.02339	475.92972	-874.78925	220.82962	510.68112	-606.14178	-107.99644	119.77559	-1003.14246	182.46527	89.85998	-646.88855	
270	2.690	118.56369	1757.28870	-724.38654	264.81277	1658.76978	-699.73450							259.77069	1499.47607	-897.42371	2.52652	1421.55627	-586.57239	208.99365	1311.57825	-681.78583	26.05312	1504.18445	-806.03400	337.41058	1192.56812	-926.90369	-114.66140	1147.67688	-577.70898	416.14691	983.14398	-820.10730	-53.11533	913.08685	-486.22992	292.68677	928.25562	-811.16156	148.71590	935.17993	-568.31464	-19.53818	964.44122	-873.17548	160.87589	476.93680	-869.40692	229.12679	512.91504	-601.44757	-98.76519	124.01616	-1001.79987	184.22052	90.75114	-645.17627	
271	2.700	123.00099	1757.38928	-718.92273	269.41992	1658.97229	-692.86328							264.85446	1500.56238	-892.02002	6.85713	1421.68433	-581.48340	214.96236	1311.96753	-675.44427	30.82539	1504.72058	-801.39825	343.11194	1193.91980	-921.46954	-107.57150	1147.01123	-572.55548	422.01764	983.77747	-816.48883	-46.36829	912.64154	-480.28357				155.63020	936.18005	-562.05792	-9.77248	963.44971	-868.71558	176.25032	477.05466	-863.63495	236.73445	514.83051	-597.27344	-89.38978	127.00012	-999.61749	185.19614	89.91116	-645.82697	
272	2.710	127.40789	1757.71570	-713.22363	273.81393	1659.55005	-686.59363							270.82919	1501.40869	-884.92572	10.91924	1422.52173	-577.57001	221.04683	1313.33521	-669.26733	36.13629	1504.37817	-796.34705	348.70355	1195.33972	-916.76123	-100.44619	1146.44250	-566.93457	428.41745	984.51483	-812.71991	-39.84069	912.33130	-474.98486				162.41977	937.73419	-555.76263	0.34374	963.13696	-864.73956	191.31674	476.88699	-858.59686	243.35503	515.89600	-592.47302	-78.31344	130.91164	-997.59302	185.01854	90.18877	-646.42615	
273	2.720	131.90726	1758.06458	-707.05902	278.23911	1659.95483	-680.35443							276.12918	1502.86621	-879.72186	17.86962	1423.87939	-569.01251	226.94220	1314.58276	-663.45404	41.89362	1504.37610	-790.47821	354.66901	1196.41846	-911.22870	-94.23318	1146.15479	-562.91571	434.93854	985.15771	-809.30115	-32.42972	912.20184	-469.80164				169.18956	938.81720	-549.45654	10.58338	962.97607	-860.81610	206.62321	475.71896	-853.20233	249.38315	516.93359	-587.21924	-65.93512	135.61729	-994.99609	185.88005	90.42038	-646.31183	
274	2.730	136.13300	1758.65137	-701.53406	282.70566	1660.79346	-673.92810							281.40280	1504.21765	-873.31799	22.11765	1422.78967	-566.04419	232.60406	1316.08521	-656.95129	46.87284	1504.22559	-785.24084	360.32306	1198.24475	-905.87701	-87.95396	1145.87024	-558.34595	441.27194	985.86536	-805.96405	-25.80513	912.58136	-464.30487				175.62332	940.05591	-544.14355	20.67278	962.69934	-857.30304	223.25243	473.89307	-848.25537	254.78250	516.96313	-582.35504	-54.38940	139.55209	-992.85632	186.48808	90.66090	-646.07959	
275	2.740	140.58826	1758.81348	-696.08569	287.17813	1661.75830	-667.81744							286.84201	1505.59912	-867.85046	27.73416	1424.79041	-558.62860	238.01709	1316.68994	-651.57318	51.85274	1504.59045	-780.42120	365.97025	1199.90576	-901.07538	-82.10504	1145.76563	-553.60583	447.28433	986.46820	-802.67200	-18.82376	912.22021	-458.24036				181.96793	940.58386	-538.22430	30.86930	961.83319	-852.44666	240.30388	472.58621	-843.29901	259.05966	517.11353	-577.38049	-42.07534	144.37175	-989.96674	186.85922	90.77716	-645.73749	
276	2.750	144.90765	1759.03992	-690.73407	291.72516	1662.85925	-661.10211							292.56519	1506.77881	-861.37152	33.08658	1424.63660	-553.11981	243.32973	1317.45984	-646.18610	57.12719	1505.57532	-775.59320	371.99066	1200.81812	-895.86377	-76.78926	1145.75720	-549.80402	453.42026	986.85895	-799.01184	-12.43401	913.01184	-453.07861				188.24370	941.49805	-531.97198	40.67524	961.78510	-848.56818	257.00229	471.64603	-838.80951	262.74738	517.17712	-571.90387	-28.27530	149.72473	-987.19525	187.68547	90.61361	-645.26642	
277	2.760	149.31682	1759.46472	-685.52386	296.18091	1663.95764	-655.27435							297.68127	1508.35364	-856.74878	36.56408	1423.67798	-551.03534	248.79843	1318.88196	-640.44080	62.24767	1505.76758	-770.80536	378.04419	1201.76733	-890.40704	-71.56857	1145.17566	-544.82458	459.26071	987.24414	-795.51453	-6.20138	913.54858	-447.77280				193.57190	942.40582	-526.51306	50.54689	961.96509	-843.73450	274.60687	471.69531	-832.51031	266.94525	517.43201	-565.63361	-15.09299	155.00352	-983.59991	187.71828	90.53838	-644.53931	
278	2.770	153.75954	1759.85742	-680.71002	300.90674	1664.91235	-648.00275							303.12201	1509.43750	-850.12366	42.91701	1425.19092	-543.85614	253.49586	1317.97595	-634.93640	67.02103	1506.24414	-765.44977	384.00238	1202.90527	-884.93787	-66.15155	1144.54065	-541.74860	465.54608	987.53058	-792.03967	0.21742	914.11829	-443.01880				199.23389	942.85229	-521.61053	60.17522	961.85059	-838.16516	292.69815	472.87106	-827.27283	269.18277	517.19574	-559.44666	0.97704	160.79027	-980.59644	187.63048	90.75141	-644.14172	
279	2.780	158.21584	1760.38904	-675.71191	305.44370	1665.83069	-641.91083							309.10489	1510.33191	-845.15582	44.65496	1423.12354	-544.14551	259.17337	1319.07349	-630.52795	72.73029	1506.56226	-760.56256	389.49603	1204.07507	-880.06537	-61.42878	1144.46008	-537.55902	471.61038	987.95111	-788.78619	7.33384	914.90118	-437.65076	362.45410	938.91864	-739.26959	203.83028	943.35266	-516.27209	69.37115	962.25299	-833.01379	308.39694	474.24493	-821.83301	271.58133	516.97437	-553.05530	14.76972	165.47749	-976.91541	188.37837	91.22684	-643.63831	
280	2.790	162.77695	1760.79480	-670.79840	309.97202	1666.63867	-635.20337							314.65457	1511.51624	-839.11713	51.36141	1424.73230	-535.29803	263.32669	1319.36804	-625.83087	77.76409	1507.40332	-756.04199	395.72687	1204.99744	-873.67615	-56.28275	1144.87146	-533.39661	477.74838	988.19910	-785.37811	13.08785	915.86237	-432.67700	368.43457	939.67828	-735.14789	208.93529	943.91260	-510.68503	78.37959	962.44391	-827.18506	324.90067	475.54733	-816.08429	270.91895	515.50885	-547.79669	30.65658	171.74318	-972.46350	187.88425	92.01597	-643.43811	
281	2.800	167.30595	1761.44043	-665.57758	314.16968	1667.38574	-629.57220							320.53387	1512.23535	-832.54364	54.02315	1423.22510	-534.87897	267.09119	1319.48584	-620.06525	83.34113	1508.27039	-751.64520	401.89706	1205.82544	-868.05530	-51.04773	1144.69373	-531.12335	483.61691	988.27692	-782.05121	18.92389	916.30975	-427.82477	374.37317	940.17200	-730.80652	211.64168	944.03546	-505.88736	87.18142	963.03467	-821.39642	340.61160	478.00388	-809.77203	272.35773	515.73688	-540.78546	43.76163	177.49248	-968.43384	188.02716	92.50187	-643.18481	
282	2.810	172.12257	1761.27124	-660.04797	318.90314	1667.57495	-622.06000							326.38217	1512.34583	-826.01190	58.27838	1425.40247	-526.65167	271.93683	1319.98425	-615.60760	88.70247	1509.00562	-747.17468	408.00549	1206.66077	-862.49188	-48.72785	1145.65417	-527.37231	489.08237	987.96057	-778.67834	24.29096	917.51855	-423.73969	380.11450	940.90985	-725.46893	214.66057	944.76306	-500.29318	95.15644	963.35529	-815.84509	356.52820	480.20801	-801.08557	272.36670	514.54785	-534.49103	58.92966	184.29935	-963.95532	188.36749	92.97782	-642.56445	
283	2.820	176.69402	1761.83948	-654.18060	322.97995	1667.99475	-616.40991							332.24210	1512.99939	-820.31372	63.38291	1425.76221	-521.95697	277.10666	1320.65710	-610.29877	93.94094	1509.27393	-742.48206	414.20709	1207.42334	-857.14093	-41.34977	1145.29980	-524.53369	494.73895	987.84222	-775.03094	30.06057	917.96362	-419.57730	385.95206	941.22595	-721.72406	217.18167	945.33954	-495.30823	103.30226	964.31714	-809.20599	371.05630	483.06860	-792.19965	271.89130	513.69672	-528.67145	73.87708	190.00623	-957.85504	188.96303	93.45602	-641.06738	
284	2.830	181.14552	1761.70923	-649.39197	327.19452	1668.48926	-609.70557							338.33081	1513.43799	-813.63190	63.05540	1423.85132	-522.96954	279.89816	1320.60120	-604.63226	99.43216	1510.23645	-738.05292	420.40250	1208.13794	-851.64502	-39.06651	1145.91614	-520.90930	500.01581	987.52441	-770.98969	35.38145	918.88129	-415.19299	392.08923	941.38855	-717.28455	219.35808	945.54340	-491.14484	110.49546	965.44763	-804.16840	385.13315	485.63644	-780.86066	271.80191	512.41418	-520.51709	88.13438	195.43018	-951.57709	188.80408	93.73834	-640.70337	
285	2.840	185.44678	1762.28796	-644.14380	331.31754	1668.91919	-603.32159							344.25739	1513.76208	-807.64087	68.96774	1425.50964	-516.42090	285.02045	1321.10059	-599.10284	104.81609	1510.79797	-733.81586	426.39404	1208.76001	-847.09729	-34.58219	1145.93262	-519.28967	505.81113	986.91321	-766.81781	39.57536	920.30450	-411.35361	398.23535	941.50104	-713.07227	221.48705	945.30078	-486.23688	117.17199	966.43176	-799.31122	398.15723	488.29822	-768.29443	270.34799	510.86139	-512.91357	105.37144	199.74155	-945.57251	188.69067	94.26688	-639.84741	
286	2.850	189.76587	1762.22351	-639.39783	335.38950	1669.18250	-597.01349							350.38873	1513.82141	-801.01379	72.19947	1426.88208	-510.51685	287.27209	1321.52478	-593.18628	110.26177	1511.68140	-729.65961	432.58557	1209.16663	-841.97638	-30.01104	1146.41138	-514.79218	511.27020	986.98022	-763.83087	43.87276	921.28955	-407.56647	404.11395	941.08826	-708.23956	222.53763	945.49139	-481.28989	123.60703	967.49567	-794.54474	411.39664	490.83426	-756.21429	268.93317	509.14133	-506.10388	121.18415	203.95532	-937.05292	189.59421	95.04221	-638.86212	
287	2.860	194.03096	1762.47510	-634.24866	339.33545	1669.57898	-590.11053							356.35571	1514.16687	-794.18463	76.93716	1427.03394	-506.09149	291.35013	1320.64905	-587.59375	115.58748	1511.92456	-725.53424	438.25568	1209.77783	-836.34900	-26.06326	1146.52356	-512.41724	514.64807	985.05365	-761.15375	48.24525	922.23846	-403.11176	410.74173	941.18213	-703.52734	223.89731	945.40015	-476.38406	129.63235	967.88318	-790.56537	423.89545	494.02661	-744.12726	268.08331	507.71747	-499.42303	137.52158	206.54066	-928.07471	189.51733	95.43150	-638.88556	
288	2.870	198.03767	1762.80872	-629.86884	342.96600	1670.47412	-584.33496							362.42465	1513.77307	-787.70618	76.56206	1426.06824	-508.11298	296.38690	1320.90259	-581.78210	120.50921	1512.20972	-721.30255	444.23047	1210.28308	-831.49695	-20.62511	1146.15271	-509.79480	519.73651	984.47552	-756.68066	52.44802	923.56586	-399.21335	416.87354	941.53021	-698.59552	225.01851	945.18744	-472.13226	135.42363	969.06976	-788.66516	436.02747	497.44034	-733.29999	265.67276	505.86441	-491.22845	155.16060	209.09514	-919.73450	189.77945	95.20869	-638.44427	
289	2.880	202.13512	1763.37927	-624.50580	346.96201	1670.70654	-576.71356							367.94733	1514.55957	-781.71045	83.76337	1428.52429	-499.04089	299.05191	1321.75647	-575.52258	125.81911	1512.90771	-716.94098	450.34082	1210.53528	-826.19531	-18.15063	1147.17615	-506.98062	526.00153	984.59375	-752.92987	56.71558	924.64429	-395.72339	423.72992	941.84723	-693.67883	226.83183	945.59369	-466.75745	141.89767	968.61786	-784.80115	447.35104	500.67685	-722.13159	262.71884	502.88510	-484.15985	172.43184	210.43442	-910.20099	189.81329	95.21861	-638.25128	
290	2.890	206.26509	1763.50684	-619.29297	350.33765	1671.56921	-570.28339							373.66873	1514.43030	-775.78094	85.28374	1428.14587	-495.84531	303.25879	1322.11365	-570.64026	130.89059	1513.16272	-713.20477	456.27991	1211.12256	-821.22473	-14.79740	1147.56165	-502.99054	531.09918	983.59161	-748.83398	60.66024	926.40540	-392.66428	429.58719	941.73242	-687.21539	227.56357	944.96539	-462.28732	148.34090	968.85968	-782.65057	458.47183	504.84641	-712.26312	261.03293	501.34390	-476.51703	190.01370	210.46469	-899.93286	189.89729	95.41632	-638.26154	
291	2.900	210.19717	1764.10107	-614.49347	353.75671	1672.09387	-563.81219							379.47580	1514.50415	-768.97943	89.54253	1429.02185	-491.46664	306.03995	1322.42212	-564.15161	135.72975	1513.79370	-709.32977	462.34924	1211.28735	-816.36621	-11.31829	1147.94983	-500.88425	536.25208	983.35455	-744.97107	64.43623	926.89490	-388.89755	435.24457	942.10632	-680.63934	229.09218	944.88531	-457.55472	154.99438	968.64410	-780.60974	469.50330	508.40460	-701.53003	258.12442	499.23099	-469.50198	209.19191	209.62808	-889.74219	189.89032	95.64961	-638.32581	
292	2.910	213.94479	1764.42920	-609.61322	357.20285	1672.60925	-556.63947							385.15317	1514.87415	-762.12878	89.92663	1428.42456	-491.29865	310.80298	1323.25330	-559.06366	141.03572	1514.00806	-704.94568	468.48941	1211.85608	-810.48688	-8.61025	1148.45593	-498.84473	541.86133	983.31531	-740.96082	67.95667	928.09790	-385.53369	440.75360	942.68683	-673.31061	230.14493	944.27545	-452.93643	162.00392	968.55035	-778.33026	480.29147	512.18878	-691.31232	255.12434	497.10196	-461.55258	229.37154	208.10240	-878.87518	189.98660	95.69861	-638.36621	
293	2.920	217.68073	1764.91650	-605.20984	360.40631	1672.97327	-550.24731							390.73798	1514.79236	-755.92963	94.19781	1429.64758	-484.54648	312.58206	1322.80701	-552.51611	146.05693	1514.23218	-700.99969	473.98395	1212.05188	-805.21588	-5.39874	1149.13342	-496.31097	546.83380	982.89502	-736.21899	71.10519	929.17065	-382.30334	445.83847	943.75830	-665.90839	230.70171	943.95190	-448.71652	168.90347	967.90057	-776.72748	489.73630	515.72296	-682.08783	251.62338	495.75131	-454.24390	249.23390	205.21364	-867.75568	190.34418	95.91298	-637.93842	
294	2.930	221.27698	1765.20972	-600.58441	363.26889	1674.07495	-544.29053							396.36572	1515.07849	-748.96277	97.06353	1430.53040	-481.14520	316.78015	1322.99316	-546.65936	151.12871	1514.66479	-696.65259	479.72519	1212.14771	-799.03168	-2.92425	1149.37720	-493.49158	552.03522	982.69702	-732.03741	74.17999	929.81207	-379.27676	450.28101	944.62012	-657.51880	230.81822	943.67224	-444.52426	176.46266	967.56396	-773.40564	498.95770	519.37921	-672.93378	248.81738	495.31378	-444.47559	268.58472	200.25249	-856.66797	190.78247	96.48445	-637.84650	
295	2.940	224.72589	1765.75549	-596.14447	366.44284	1674.60950	-536.92908							401.90033	1515.34387	-742.60803	98.79642	1430.98438	-478.39853	318.76385	1323.57275	-539.68994	156.26999	1515.12170	-692.29108	485.24374	1212.42358	-792.90704	0.20762	1150.03870	-490.83185	556.92432	982.03473	-726.69373	77.36954	931.17035	-376.09830	455.40720	945.06982	-648.51648	232.37935	943.83746	-440.17542	183.93254	967.18738	-770.11530	507.07037	522.48224	-664.76526	244.94133	493.50803	-439.37344	290.63837	196.78574	-845.14142	191.14005	97.41642	-637.52563	
296	2.950	228.11176	1766.28809	-591.46783	369.26788	1675.53394	-530.48438							407.51196	1515.27380	-735.30542	101.21260	1431.09094	-475.42197	322.54355	1323.60229	-534.68481	161.38229	1515.71643	-688.21313	491.35413	1212.80457	-785.80957	2.44573	1150.50830	-488.15366	562.18646	981.37091	-722.62433	79.24458	931.73566	-373.50449	459.71017	945.36621	-639.47913	233.37183	943.40033	-436.14777	190.90643	966.74084	-767.05261	514.21155	524.52423	-656.79181	243.68024	493.78845	-434.33307	311.45239	191.01872	-832.35504	190.72528	97.75657	-637.56305	
297	2.960	231.58984	1766.20361	-586.42267	372.14899	1676.31396	-523.69116							412.82803	1515.69104	-728.87372	103.62007	1432.01367	-472.38846	325.19113	1323.61450	-527.97461	166.17822	1516.00012	-684.22443	496.73090	1213.19043	-780.52338	5.21454	1151.07385	-485.56287	567.56708	981.27924	-717.40759	81.82969	932.69098	-370.55045	464.56757	945.26227	-630.48865	233.48387	943.50928	-432.59995	197.01343	966.50262	-763.15509	520.94055	526.35718	-648.93402	242.91241	493.42453	-432.66953	334.74054	186.51176	-819.86945	191.14157	97.95378	-637.66522	
298	2.970	234.87434	1766.59265	-581.58478	374.77863	1677.27161	-517.25262							418.38794	1515.70557	-721.65204	106.71353	1432.54700	-467.60608	326.94034	1324.11768	-522.01648	171.11705	1516.57031	-679.67566	502.38614	1213.34912	-772.56958	7.57451	1151.78857	-482.89102	572.93707	980.48169	-712.38666	85.00807	933.46295	-367.40976	466.22137	944.72656	-621.12909	234.18993	942.74121	-429.06815	202.83517	967.28607	-760.59760	526.63776	527.99231	-641.12732	242.47476	492.77249	-429.21802	357.73227	179.36180	-807.62189	191.23087	98.21723	-637.72424	
299	2.980	238.16063	1766.99097	-576.94495	377.42477	1678.08105	-510.52979							423.96002	1515.76001	-713.76575	108.72436	1432.59973	-463.43347	330.33975	1323.52295	-517.50189	176.06184	1517.30957	-676.02380	508.24515	1214.13245	-765.55353	10.72940	1151.89856	-480.78012	578.27423	979.91284	-707.53107	86.49686	934.24921	-364.98102	469.32819	943.92163	-611.77509	234.77469	942.99579	-425.01999	209.04286	967.66174	-756.91046	531.56567	528.82288	-633.52643	242.74773	492.47549	-428.86606	379.40689	173.64696	-792.92194	191.57018	98.70708	-637.35834	
300	2.990	241.33807	1767.45068	-572.32001	380.02505	1679.16101	-503.54541							429.19876	1516.26477	-706.46313	110.83720	1433.05420	-461.33908	332.11349	1324.51172	-510.36920	181.03799	1517.25879	-671.17584	514.13788	1214.80652	-758.33942	12.12955	1152.73376	-477.64481	583.70081	979.91620	-701.07880	88.72098	935.23047	-362.31128	471.32126	943.81128	-602.65790	235.29950	943.19122	-421.23874	215.16817	967.92932	-752.95679	536.27167	528.68311	-625.20685	242.96866	492.50317	-427.74243	401.42410	166.72939	-777.39648	191.80975	98.71053	-637.47058	
301	3.000	244.71698	1767.45227	-567.22717	382.65335	1679.71863	-496.39752							434.48685	1516.53296	-698.85156	112.96113	1433.44971	-457.57632	334.30875	1324.22595	-503.68210	186.06216	1517.88660	-666.20306	519.66913	1214.65137	-750.49146	13.90385	1153.48242	-475.34494	588.73102	979.72601	-695.88824	91.15555	935.76208	-359.52145	475.08224	943.04004	-592.99036	234.99371	943.17938	-417.60562	221.22491	968.54913	-749.55444	540.26288	528.92670	-617.58569	242.99561	492.07199	-426.88293	423.23383	160.24918	-761.27197	192.02431	98.36313	-638.88470	
302	3.010	314.85263	1571.95557	-323.56802	385.34631	1680.21558	-488.93359							440.08707	1516.33069	-689.90326	116.14503	1433.91785	-453.31976	338.20648	1324.97595	-498.16278	190.82616	1517.97205	-661.67175	525.38849	1214.21899	-742.40704	16.02061	1153.78455	-472.96866	593.29132	979.01489	-689.96161	93.08443	936.52136	-357.05649	476.26062	942.72925	-583.96570	234.64505	943.44501	-414.01227	227.64673	969.20056	-745.85205	544.12982	528.08405	-608.91650	242.02321	491.25339	-426.73895	445.35367	154.05560	-744.12903	191.96799	98.57910	-638.92639	
303	3.020	315.33209	1572.80249	-317.16592	387.72189	1680.94458	-482.49445							445.28983	1516.57043	-681.73352	117.70345	1433.99756	-449.74631	339.41092	1324.39294	-490.73792	195.63687	1518.52222	-656.66180	530.51239	1215.08093	-734.44958	18.27622	1154.52246	-470.41284	597.34796	978.16541	-684.00513	94.88439	936.92853	-354.26889	478.11520	941.99194	-574.42853	234.35738	943.87469	-410.13739	234.16187	969.45648	-742.27356	547.16687	527.39520	-599.97266	241.34525	490.71802	-425.73630	467.97797	147.64948	-724.65479	192.54254	98.92439	-638.37988	
304	3.030	316.63663	1573.61377	-311.32581	389.99365	1681.70959	-475.94821							450.65399	1516.51965	-673.15417	119.37581	1434.46716	-445.81351	342.08005	1323.69568	-483.89636	200.81824	1518.66687	-651.79761	536.40167	1215.58813	-726.58069	20.09952	1154.77478	-467.77322	603.34973	978.17816	-677.91754	96.30479	937.41815	-351.91757	481.49466	942.29816	-566.62231	233.91386	944.09583	-406.20129	240.69907	969.77332	-738.18213	549.56262	526.26105	-590.40344	238.77661	489.32196	-425.14932	489.35739	142.45407	-703.88849	193.53868	99.99937	-637.38312	
305	3.040	316.73999	1574.49084	-304.60727	392.65051	1681.87500	-468.27368							455.53207	1516.74866	-665.32458	123.27404	1434.71472	-441.48984	345.01581	1324.16626	-477.10568	205.70644	1519.31177	-646.87701	541.91461	1215.90820	-718.61566	23.22448	1154.80103	-464.99033	608.04871	977.34076	-671.84100	97.61024	937.75476	-349.14417	483.67621	941.03149	-557.52832	234.76140	943.87164	-402.10797	247.27634	970.31775	-734.40912	551.87408	524.95160	-580.70264	237.70834	488.51913	-424.40842	509.48129	136.36383	-682.74567	193.61198	100.46030	-637.49353	
306	3.050	317.22861	1575.03162	-298.15500	395.14069	1682.29639	-460.39142							460.53970	1516.94348	-656.68494	124.39081	1434.18811	-437.47766	347.38596	1324.49658	-469.75974	210.33638	1519.05920	-641.52570	546.97656	1215.85461	-710.30298	24.72108	1155.68909	-462.40723	613.13220	977.01453	-664.34375	98.77002	938.20929	-346.64169	485.45172	940.91876	-549.31824	234.64894	944.07019	-398.26804	254.05930	970.81201	-729.73151	553.36194	523.55615	-571.08856	236.97873	488.28055	-422.98062	529.06647	131.01070	-660.63470	194.02394	100.61739	-637.03601	
307	3.060	318.01001	1575.29675	-291.59750	397.39444	1682.54443	-453.76147							465.73618	1516.46472	-647.54657	125.91602	1434.05530	-434.23996	348.87875	1323.79846	-463.39468	214.66315	1519.51294	-636.07495	552.63232	1216.04407	-701.45557	26.71998	1155.68787	-460.23941	618.18561	976.95917	-657.69879	100.20805	937.74414	-343.42145	488.36139	940.14966	-541.25684	234.28589	943.79315	-394.32401	260.81763	970.92834	-724.84888	554.44135	522.07062	-561.96027	234.77675	487.23398	-422.54810	547.97620	126.33847	-637.46735	193.60802	101.77479	-637.03510	
308	3.070	318.39471	1575.68018	-284.83807	399.51031	1683.04407	-447.09341							470.56989	1516.64880	-639.08716	128.98271	1433.67712	-428.59451	352.28629	1323.52112	-455.30246	219.58430	1519.56653	-630.85535	557.68353	1216.48999	-693.07385	28.07140	1156.04358	-457.12439	622.78027	976.34326	-650.55225	100.88680	937.97003	-340.93671	490.77322	939.81696	-532.67664	234.55391	943.63684	-389.94766	267.31375	971.37042	-719.75317	555.61023	521.03796	-552.57477	233.10191	486.10916	-421.95795	565.48804	122.82855	-612.64636	193.95276	102.22923	-636.77222	
309	3.080	319.34238	1575.79626	-278.26886	402.06299	1682.88354	-438.91083							475.09656	1516.80591	-630.85114	131.24612	1433.57629	-424.48257	355.02621	1323.89795	-448.20419	224.61804	1519.17822	-624.43378	563.09357	1216.40039	-683.73267	29.75457	1155.89478	-454.17792	626.91748	975.29218	-643.29791	101.53053	937.90979	-338.36899	492.33728	939.08545	-524.87494	234.57819	942.69183	-386.52594	273.98602	971.19824	-714.23419	556.15356	519.71429	-543.20551	230.80054	485.05197	-420.84140	582.01270	119.70891	-587.54773	194.21159	103.10150	-636.58154	
310	3.090	319.76810	1576.26111	-271.53391	404.24442	1682.95886	-431.25882							479.92957	1516.45654	-621.60681	132.40291	1432.94104	-420.42786	356.56619	1323.07263	-440.98166	228.89375	1519.30750	-619.02820	568.46625	1215.93738	-674.81805	31.20132	1155.51001	-450.82166	631.66241	975.10754	-635.62231	102.73823	937.49506	-335.36353	495.30826	939.42487	-516.61414	235.08643	942.68256	-381.58862	280.18124	971.31329	-708.88318	556.23987	518.05420	-534.49365	230.02750	484.95782	-420.13535	597.01898	117.45383	-562.54999	194.63495	104.77891	-635.28821	
311	3.100	320.72208	1576.31274	-265.25351	406.39825	1683.06677	-424.15604							484.67737	1516.31592	-612.09961	135.18124	1432.49695	-415.41821	359.04507	1322.81970	-433.21524	233.44841	1519.25452	-613.61090	573.54608	1216.43091	-665.33612	32.41501	1155.49976	-448.45178	636.87781	974.63477	-628.24579	103.30080	936.88513	-332.63791	497.85126	938.50031	-507.77911	235.74409	941.74506	-377.20862	286.42731	971.69867	-703.75922	557.62915	517.34119	-526.45795	228.28625	483.89505	-420.24277	610.20697	115.89800	-536.95959	195.25635	105.30139	-634.58875	
312	3.110	320.76212	1576.59814	-257.99640	408.63327	1682.90308	-416.20343							489.17700	1516.05273	-603.07764	137.60747	1431.84546	-410.84430	361.45154	1321.53992	-426.11948	238.02589	1519.26526	-606.89728	578.31122	1215.75183	-655.50342	33.90620	1155.13953	-445.49454	642.04065	974.30463	-620.31812	104.77110	936.30634	-329.76175	500.10391	938.34918	-499.33484	236.24301	941.37909	-372.55392	292.57190	971.30298	-697.52814	559.52637	516.96069	-518.24121	227.13374	483.91629	-418.65790	622.75861	115.92968	-511.20923	195.22354	105.44883	-634.23743	
313	3.120	321.26120	1576.25879	-250.92935	410.86603	1682.74084	-407.86218							493.70343	1515.59912	-593.59015	138.98126	1431.14844	-407.05209	363.98792	1322.22327	-417.89993	242.62408	1518.73743	-600.74731	583.50415	1216.26196	-646.26617	35.73157	1154.62354	-442.69861	646.01965	973.54321	-611.62903	105.40948	935.79767	-326.83627	503.23239	937.20020	-490.19977	237.04333	940.62128	-367.99857	298.33899	970.75275	-691.90076	562.15497	517.14563	-510.38004	227.02905	483.77264	-417.35785	633.45142	115.30131	-485.74109	195.63106	106.53245	-633.84888	
314	3.130	320.94739	1576.29187	-243.73593	412.79642	1682.62817	-400.57339							498.29083	1515.04797	-583.81458	140.95531	1430.29761	-402.33087	366.04916	1321.76086	-409.49872	247.00612	1518.46729	-595.27740	588.75842	1215.60291	-636.84467	37.60933	1154.10742	-439.36594	650.69568	972.89685	-603.03003	105.44425	934.67480	-324.04562	505.18835	936.35327	-481.25345	238.16251	939.88879	-362.45963	304.35489	971.12195	-686.31659	564.26416	516.26257	-502.59445	225.56844	482.64822	-416.76849	640.79840	115.78172	-461.35617	196.61110	107.14402	-632.59143	
315	3.140	322.24356	1575.98291	-237.26076	414.84897	1682.11792	-392.88162							502.41000	1514.74841	-574.96039	143.25664	1429.22180	-398.18149	368.17679	1320.85645	-402.16193	251.45142	1518.09436	-589.25775	593.41394	1215.05408	-627.34790	39.59448	1153.29565	-435.69748	655.16644	971.83240	-594.27673	106.15971	933.55548	-321.27472	508.48782	936.01984	-471.50583	238.67180	939.20587	-358.39581	310.81326	970.82788	-681.19159	566.85492	515.11139	-494.22690	225.06163	482.76294	-415.33591	646.98657	115.61573	-438.31171	197.05850	107.94417	-632.19250	
316	3.150	322.49075	1575.70483	-230.16193	416.91052	1681.80908	-384.73462							506.99884	1513.94836	-564.65948	144.41382	1428.68896	-393.91476	370.36353	1320.35132	-394.01846	256.09991	1517.11853	-582.66608	599.04590	1215.28943	-618.13257	41.72534	1152.23962	-433.48093	660.38684	971.45520	-585.38385	106.89974	932.02606	-318.68076	510.74377	935.00885	-462.44772	240.47659	938.77155	-353.08234	316.96609	970.41803	-675.14594	569.34534	513.47400	-486.15900	225.00145	482.29468	-414.42377	650.76837	115.98469	-415.49591	197.44460	109.04644	-631.01587	
317	3.160	323.00458	1575.32568	-223.04271	418.68839	1681.49426	-377.28659							511.22034	1513.44080	-554.88153	146.41774	1427.82825	-389.07867	370.17145	1317.08325	-388.29440	260.55466	1516.94165	-575.90704	603.80243	1214.83594	-607.27466	44.02266	1151.69812	-429.32281	665.27283	970.79712	-576.13257	107.25556	930.41760	-315.10712	512.79651	934.28766	-453.24887	242.62718	937.78717	-346.75201	322.58939	969.32587	-669.36188	572.78033	512.40802	-476.54407	225.19019	481.45267	-413.43970	652.60083	115.32852	-394.73767	198.02461	110.18098	-630.28345	
318	3.170	323.28214	1574.74683	-215.82454	420.82706	1680.57690	-368.67160							515.53259	1512.49719	-545.20557	148.31300	1426.58618	-384.40741	371.80685	1316.75000	-380.85086	265.06812	1516.14258	-569.79852	608.77612	1214.05762	-598.50714	46.62000	1150.54712	-426.92142	670.30768	969.89099	-566.43396	107.46092	928.84100	-311.83524	515.98584	933.24213	-443.34909	243.59457	936.16925	-342.17560	328.40189	968.55969	-662.30457	575.09332	511.81299	-467.91412	224.94942	480.44580	-413.04703	653.05109	114.75677	-375.01541	199.12375	111.51896	-629.13721	
319	3.180	323.41068	1574.41040	-208.54909	422.66245	1680.02856	-361.02188							519.75543	1511.66089	-535.01465	151.23546	1425.51331	-378.41104	373.55731	1315.36084	-374.54068	269.58801	1515.40979	-562.99908	613.71503	1213.36377	-588.33997	48.71073	1150.23486	-422.57159	674.73431	968.89154	-556.71277	107.49337	927.68121	-309.35239	518.83374	932.63947	-433.18652	245.65775	935.64154	-336.14563	334.31314	968.56909	-656.24249	578.99854	510.58786	-456.82849	225.33803	480.34180	-411.57510	652.92102	114.62647	-357.50146	199.30600	111.81165	-629.21021	
320	3.190	323.59061	1573.43481	-201.26306	424.47949	1679.55347	-353.07394							524.07788	1510.73242	-524.51678	152.80531	1424.58337	-373.91425	376.47433	1314.30505	-365.60046	274.02261	1515.01892	-556.56732	619.10071	1212.76978	-577.50122	51.38580	1149.27734	-419.56195	678.88116	967.83459	-546.42615	107.74287	925.63342	-306.11905	522.31311	931.86401	-423.28445	245.90472	934.23932	-333.46716	339.43359	967.24164	-649.47687	582.29358	509.32663	-446.13943	226.33728	480.57693	-408.47089	652.38348	113.11982	-340.66501	200.44717	113.81992	-628.36395	
321	3.200	324.18665	1572.86670	-194.38271	426.56708	1678.38318	-344.27164							528.21295	1509.94482	-514.21014	154.55524	1423.37280	-369.83508	377.19772	1313.86011	-357.07462	278.67908	1513.63269	-550.27692	623.94037	1211.54602	-565.59753	53.41216	1148.57361	-416.20819	683.77972	966.92352	-535.32013	108.25105	924.00281	-302.79346	524.55298	930.72119	-412.57138	247.43927	932.85461	-327.38928	345.44067	966.49438	-643.47711	585.82977	508.27133	-435.00504	226.33148	477.44284	-411.23740	651.96411	112.29697	-326.08026	201.03369	115.06768	-628.29968	
322	3.210	324.25656	1572.22620	-187.40628	428.27719	1677.68799	-336.79770							532.25909	1508.87024	-504.24088	156.39233	1422.98096	-365.94278	378.43900	1312.69324	-348.75098	283.28937	1512.70483	-543.82166	627.94098	1206.84143	-568.26294	56.50720	1147.64185	-412.76462	688.81873	966.33380	-525.02618	107.93930	922.46008	-299.54538	527.71936	930.30811	-402.26511	248.73120	931.12762	-322.70044	350.38885	965.92084	-637.05847	589.27881	506.81390	-423.03577	227.94330	477.13013	-410.73862	650.04462	110.13417	-312.42630	201.40126	118.24420	-627.41663	
323	3.220	324.04187	1570.91809	-179.64317	430.32501	1676.59851	-327.88840							536.22986	1508.13354	-493.84854	159.04256	1421.34790	-361.08484	380.84265	1311.69373	-340.80603	287.82690	1512.01819	-537.15710	634.43896	1210.45667	-543.54370	58.10644	1146.83252	-409.40399	693.59723	965.21222	-513.79218	108.22533	921.31372	-296.20490	530.08887	929.84601	-391.40347	251.93109	930.85834	-313.66681	356.26151	964.63446	-629.81696	592.58020	505.41714	-411.35162	230.46584	477.46899	-408.93930	648.38538	108.73963	-301.22647	202.85902	118.69421	-627.32880	
324	3.230	324.54703	1569.86804	-172.75911	432.16962	1675.44165	-319.83087							540.41870	1506.95947	-482.99026	160.13872	1420.80713	-356.80222	381.39645	1310.86084	-331.99417	292.48883	1510.80774	-530.98486	637.85785	1208.72961	-532.20038	61.27625	1145.65857	-406.83871	698.93152	964.49103	-501.95276	108.04254	919.17761	-292.69263	532.88989	928.90735	-379.78668	253.37575	929.63403	-307.25577	361.39374	963.59967	-622.92529	596.11798	504.88721	-398.65265	232.06772	476.43018	-408.00107	646.50250	107.05480	-291.28769	205.21878	120.77213	-625.12140	
325	3.240	324.80807	1568.92993	-166.25432	433.74622	1674.55139	-312.37766							544.23114	1506.20483	-472.67554	162.18311	1419.89978	-352.21786	383.31506	1310.46448	-324.05200	297.57141	1509.14160	-523.28583	643.50946	1208.46790	-521.26440	63.75458	1144.80798	-403.81360	702.35938	963.37268	-489.80679	107.98081	917.47479	-290.30804	535.30542	928.00421	-367.99033	254.96291	929.03711	-299.13849	367.10443	962.17590	-615.78107	598.39691	503.54657	-386.93362	234.11540	475.94650	-406.79172	644.50238	104.37411	-283.64838	206.23001	121.16989	-626.96613	
326	3.250	325.12643	1567.50623	-159.54247	435.60800	1672.92065	-304.63715							548.40833	1504.96790	-461.32172	164.21776	1418.81421	-347.67178	384.97525	1309.09363	-314.98303	302.43613	1507.47766	-517.20007	649.77460	1207.67371	-508.35004	66.43967	1143.37976	-400.62814	707.21167	961.92212	-477.19504	108.20309	916.19678	-286.90140	538.25757	927.66681	-355.77670	256.84842	927.51306	-293.31784	372.13669	961.02936	-608.30652	601.29169	502.97137	-375.00882	237.28314	475.10651	-404.89041	643.33508	102.28925	-277.52371	206.79051	125.04896	-622.10596	
327	3.260	324.99258	1566.00378	-152.31454	437.63104	1671.41797	-295.68301							552.13538	1503.79370	-451.24628	165.86530	1417.68823	-343.72784	385.77808	1307.89111	-306.13458	307.30048	1506.08508	-510.84232	654.26495	1206.88074	-496.67017	69.41193	1142.14929	-398.21710	711.98181	960.99780	-464.85730	108.05483	914.84747	-283.49377	541.45044	927.02692	-343.43573	258.87848	925.91101	-286.52045	378.31168	959.30609	-601.32886	602.98071	501.70078	-363.03613	240.51530	473.67587	-402.92990	642.07886	100.51517	-274.57355	208.50479	127.87985	-620.25934	
328	3.270	324.52829	1564.94348	-145.10869	439.15012	1670.31824	-288.34030							556.04675	1499.75964	-434.36227	167.53020	1416.54895	-339.80377	387.05341	1307.07446	-297.63931	312.44614	1504.48560	-503.92398	659.88373	1205.68982	-483.97134	72.26185	1141.44421	-395.39905	716.72998	959.58124	-451.69632	108.73681	913.37311	-278.44888	542.95819	925.85022	-330.97784	260.13983	924.24634	-280.15436	384.25842	957.28394	-593.81158	606.16846	501.37936	-350.96286	243.76768	473.14075	-400.02856	640.39771	98.90624	-275.02744	210.65883	130.91907	-616.40472	
329	3.280	325.64468	1563.74084	-138.80653	441.05978	1669.39221	-280.38849							559.22498	1499.15771	-426.04550	170.55917	1415.01208	-334.99753	387.98825	1306.04724	-289.19394	317.12341	1503.75354	-498.46692	664.75214	1205.17200	-471.28653	75.25107	1139.74622	-392.51117	720.66272	958.64911	-437.83350	107.50389	912.60773	-277.49554	545.66345	925.46643	-318.09512	262.35220	922.09198	-273.61563	389.65857	956.14868	-586.54358	608.51996	499.92188	-339.01501	249.02005	473.05588	-397.64032	639.56891	98.82362	-275.54086	213.16701	134.00774	-611.81628	
330	3.290	325.18719	1563.27991	-131.68068	442.84271	1668.94775	-271.40524							562.22192	1498.96240	-418.00781	171.94806	1414.78333	-331.81870	389.34576	1305.74048	-281.00232	322.22964	1503.16382	-491.08032	668.21100	1202.97937	-458.99753	77.21864	1139.19934	-390.04782	724.89722	957.87329	-423.72537	106.90837	911.24182	-274.75104	548.28979	924.74957	-305.04163	263.86346	921.24567	-266.49905	396.03546	954.27539	-579.26160	609.26404	498.98010	-326.40436	254.80518	472.58090	-393.53488	639.92920	98.83410	-273.39270	216.48106	138.20865	-605.97290	
331	3.300	325.32706	1562.74756	-124.67184	221.72925	1607.53174	-226.46544							567.26782	1501.09253	-406.26514	173.81805	1414.53625	-328.11743	390.32376	1306.20264	-272.71133	327.17178	1503.06628	-484.16769	672.50507	1203.00122	-445.16037	80.14014	1138.87097	-386.98813	728.94049	957.97894	-408.83231	106.76405	910.51886	-271.50803	550.34668	924.44513	-291.52518	266.49307	919.81189	-260.31772	401.98737	954.16449	-572.11969	612.02319	500.06714	-315.60678	261.40475	471.06821	-392.96027	640.22339	98.72404	-271.60318	219.61642	142.66415	-598.06323	
332	3.310	324.34149	1562.59424	-116.91524	445.51563	1669.93750	-254.43861							570.61621	1501.26233	-394.19455	174.95688	1414.94568	-324.45575	390.54611	1307.20483	-264.42105	331.86765	1503.37915	-477.50085	676.95251	1204.26086	-430.24417	82.24535	1139.28442	-385.23132	732.28308	958.07458	-394.03033	106.24104	910.11182	-268.59616	552.60986	924.43451	-278.97406	267.53516	919.65894	-253.84392	408.12360	954.15186	-564.91052	614.64075	501.80817	-304.44321	270.60049	471.14380	-387.23795	640.70496	98.79512	-271.08627	223.87692	147.04820	-588.07391	
333	3.320	325.07260	1562.43945	-110.73525	223.61771	1608.95166	-214.28087							447.29620	1670.09290	-245.88007	176.41411	1416.24133	-320.99106	390.97183	1307.75940	-255.92854	336.37256	1503.55774	-470.82608	680.34802	1205.04968	-417.27600	86.23758	1139.11694	-382.20126	735.63300	959.09998	-378.41275	106.16879	910.47406	-265.89713	552.09344	924.45496	-268.79965	268.85492	920.07288	-247.64655	414.34464	954.37799	-556.94501	614.68329	503.51749	-293.83356	280.13144	472.23914	-375.81750	641.07629	98.81691	-269.71387	228.16586	150.62462	-574.62073	
334	3.330	324.58374	1562.58081	-104.19603	224.40837	1609.64661	-208.48090							448.91586	1669.83911	-237.70224	175.80649	1416.70386	-317.72986	391.17413	1308.66931	-247.37575	340.76898	1503.48572	-463.94244	683.45697	1206.47827	-403.13687	89.34906	1140.11584	-380.22861	737.55182	960.94427	-363.00363	105.93501	910.24774	-263.04755	552.78333	925.32538	-256.92929	269.63153	921.20776	-241.62846	420.72388	955.09546	-549.60779	617.10443	504.75537	-283.62460	291.05185	473.90909	-358.95001	641.20233	98.39497	-269.20847	232.54655	155.24315	-561.78094	
335	3.340	324.35648	1563.40308	-97.63963	449.85449	1670.03149	-229.74370							577.98840	1504.86206	-359.60068	177.52916	1418.26123	-313.95023	390.77667	1309.57678	-238.70367	344.80524	1504.19824	-457.32324	687.37347	1207.73145	-389.11685	93.53592	1140.88916	-377.76172	739.80402	962.75049	-346.83548	106.50360	911.13971	-261.18628	554.01013	926.94153	-246.21036	270.63260	922.18756	-236.16367	427.31412	955.24249	-541.46729	619.35547	506.49725	-273.61118	302.06900	471.54828	-345.34866	641.42645	98.30956	-268.20096	236.79477	159.61971	-547.62683	
336	3.350	324.01672	1563.84583	-90.62135	225.80452	1611.25696	-196.69824							450.05640	1669.76770	-222.09744	177.23515	1419.36914	-310.73358	390.48206	1310.97852	-230.90074	348.91861	1504.83643	-449.78964	688.52777	1209.45056	-373.13730	96.78354	1141.32971	-375.03378	742.01074	964.87048	-330.94885	104.99394	912.46631	-258.11563	553.85840	928.20813	-235.92723	271.37024	923.48572	-231.10674	433.68741	955.95404	-533.23126	622.05908	507.84311	-263.56851	314.65533	471.97354	-330.42496	641.10303	98.50923	-267.89554	240.54518	165.11078	-534.05408	
337	3.360	322.72189	1565.24243	-83.65614	226.09111	1612.95020	-190.74655							581.48413	1508.47034	-336.93109	179.43694	1420.64990	-306.20084	390.21127	1312.56372	-223.58923	352.69760	1506.21533	-443.43124	692.71063	1211.53784	-360.24710	100.17776	1142.35535	-372.97491	744.11462	966.84094	-313.67859	104.86838	913.45703	-256.12143	553.54712	929.59711	-225.27022	272.27725	925.13776	-226.46899	440.12582	957.08923	-524.87018	624.15253	508.18265	-254.02069	322.84122	472.81711	-314.02548	640.95508	98.55609	-267.51260	244.24596	171.80229	-521.38916	
338	3.370	322.30984	1566.93420	-77.11130	226.22749	1615.07019	-184.60223							451.82834	1672.90063	-207.68970	180.80229	1421.27979	-302.78693	389.54773	1314.34326	-214.77675	356.05331	1507.68848	-436.94070	696.01935	1213.37927	-345.29495	102.11926	1143.78430	-372.46167	743.75452	968.53577	-298.15921	106.25500	914.17096	-253.88515	553.45544	931.12091	-214.87921	271.51407	926.96411	-221.39742	445.94479	958.38776	-515.35950	626.75623	508.62936	-244.44420	324.41455	476.81931	-297.25034	640.83899	98.91274	-267.23080	248.02702	179.42316	-508.92795	
339	3.380	322.40717	1568.89868	-71.23222	226.16754	1617.40857	-178.68053							452.74606	1674.98730	-198.74142	182.37587	1423.41833	-299.29620	389.10010	1315.86658	-207.87248	359.72104	1509.13037	-429.64618	698.00519	1215.76501	-331.20963	104.56568	1145.04895	-371.10913	744.97601	971.12207	-281.96664	105.52320	915.70905	-250.91472	552.81439	933.07507	-204.97629	269.65802	929.65833	-216.10693	451.69583	960.65106	-506.00964	628.94690	509.17722	-235.73053	324.83389	481.13986	-280.09216	640.84570	99.32459	-266.72531	251.22198	186.43802	-496.43347	
340	3.390	321.00815	1570.60742	-64.58804	226.03024	1619.32239	-172.89371							584.90448	1514.46045	-302.18442	183.49480	1424.88269	-295.69861	388.29807	1316.81775	-200.55824	363.00809	1510.94910	-422.44119	700.60406	1219.33252	-317.42462	107.22263	1146.09961	-369.08987	745.42010	974.34973	-265.15970	105.37290	917.06189	-249.26990	550.86212	934.74103	-194.09338	267.82599	931.50275	-211.94283	457.32578	962.58746	-496.59018	631.49951	510.80927	-227.41423	326.93384	485.28729	-262.14276	640.61792	99.91190	-265.98856	255.54774	193.07797	-484.37097	
341	3.400	318.62173	1572.88855	-57.73257	225.57948	1620.83252	-167.40338							452.81610	1678.85156	-182.83247	184.23012	1426.44470	-291.43185	386.90845	1318.79944	-193.49037	366.10178	1512.60229	-416.03400	703.21838	1221.66040	-304.18375	109.56461	1147.78491	-367.66116	745.60242	977.28723	-248.15015	105.36281	918.76031	-246.86897	548.17303	937.18713	-183.89960	265.04718	933.55457	-208.00026	462.69034	964.59290	-486.65656	634.70300	512.74817	-219.15631	328.34421	488.82370	-240.85303	640.65851	100.40144	-265.47885	260.17969	200.70105	-473.16141	
342	3.410	317.19696	1574.56677	-51.42086	224.95985	1622.05176	-162.41866							452.85428	1681.20032	-174.71144	184.20435	1428.24670	-287.94485	385.13647	1320.23022	-186.58009	368.76529	1515.16333	-409.29309	704.73468	1223.01514	-289.56778	112.55960	1149.33618	-365.11792	745.60602	980.95117	-230.32933	105.61205	920.33826	-244.23268	545.98297	939.24408	-173.24225	262.25558	936.22736	-204.00652	467.57751	966.40881	-476.41684	637.76556	514.02545	-211.18602	330.67209	491.11951	-219.15770	640.62451	101.04311	-265.20999	265.73599	207.53378	-462.80066	
343	3.420	315.40039	1576.57373	-45.54859	224.09885	1623.43225	-157.36934							585.55267	1520.67188	-267.05853	184.08189	1430.49609	-283.53558	383.40543	1321.96326	-179.64691	371.67459	1517.19922	-402.24606	705.83490	1225.90271	-275.10266	115.31496	1151.66040	-363.20520	743.98523	984.05518	-213.50575	105.90174	922.74811	-242.63512	542.86749	941.35437	-162.64914	258.90759	938.55817	-199.75702	472.52762	968.31860	-465.85770	640.61420	516.23505	-203.09445	329.69577	493.59509	-197.84991	640.67261	101.55836	-264.71552	271.43344	214.19481	-451.22949	
344	3.430	314.01758	1578.33008	-39.86675	223.13600	1625.08740	-152.37759							450.66425	1685.89722	-160.79005	184.18005	1432.11475	-280.12863	380.99936	1323.74158	-172.64043	374.32864	1518.87207	-395.64926	706.80145	1228.67639	-261.08826	117.84322	1153.33875	-360.31805	743.49536	987.25043	-196.07951	105.90613	924.74829	-239.95464	540.06323	943.57117	-152.28918	256.88364	940.75378	-196.47917	477.12552	970.16034	-455.45456	642.47620	518.39374	-194.40689	326.56033	495.54065	-177.70288	640.33160	102.83048	-264.15497	276.90448	219.00500	-439.10025	
345	3.440	311.49072	1579.90613	-33.63571	221.90997	1626.87659	-147.27577							449.85132	1687.95886	-152.03958	183.82797	1435.90894	-278.06699	379.26559	1325.67969	-166.23085	378.21408	1521.63940	-391.73874	707.16888	1230.94604	-245.84291	120.29325	1154.83899	-357.02863	742.71246	990.24066	-179.39758	106.86018	926.53247	-236.47560	536.09003	945.75641	-142.57126	254.58842	943.28180	-192.75482	481.09808	971.65656	-445.30457	643.76251	521.07483	-185.95520	322.29706	497.81528	-157.62105	640.44476	103.06236	-262.97623	283.63779	223.06863	-426.06061	
346	3.450	308.76147	1581.67822	-27.83384	220.62740	1628.44739	-142.44350							584.98907	1524.74841	-234.34459	183.32582	1437.14258	-275.57977	377.06546	1326.96277	-160.35286	380.54211	1523.38794	-385.05966	708.31049	1233.63147	-231.14052	122.33556	1156.65088	-354.35953	740.22369	992.71277	-163.67212	107.11591	928.50140	-234.42773	531.64600	947.31134	-132.68079	251.84044	944.92126	-189.22949	485.37552	973.39124	-434.66464	645.24915	523.38849	-175.87044	318.35037	499.71054	-138.06606	640.31171	103.90813	-262.38071	289.33441	226.09756	-413.84073	
347	3.460	305.80685	1583.12268	-21.86668	219.04988	1629.65454	-137.77274							583.30286	1526.43958	-223.12029	184.48660	1439.16846	-271.79694	374.69904	1328.94922	-153.41844	383.19772	1524.81970	-377.83377	708.36975	1235.99878	-217.03966	124.55372	1158.48718	-352.25650	739.22101	995.53363	-146.50571	107.16125	930.32465	-231.31938	528.84833	949.03699	-122.44003	249.10271	947.38727	-184.64594	488.89624	974.93646	-425.01135	644.30609	525.72882	-165.90573	314.50262	503.85068	-121.22960	639.63666	104.50092	-261.90277	295.37204	228.51802	-400.15570	
348	3.470	303.14661	1584.88342	-16.50485	217.45370	1630.38269	-133.26988							583.08508	1528.85974	-212.46114	183.77463	1440.67236	-269.43729	372.50748	1330.30774	-146.80142	385.11069	1525.63696	-370.74045	707.86401	1238.23047	-202.08418	126.30556	1159.66467	-350.10974	736.95428	998.61053	-129.54156	107.40881	931.81335	-229.22983	525.28503	950.33649	-113.91199	247.49335	949.07391	-180.96187	492.01917	976.08765	-413.77576	642.79968	527.39563	-155.23436	312.05569	510.16791	-106.50234	638.98267	105.30035	-261.65854	301.21124	230.09003	-388.04688	
349	3.480	299.96088	1586.39355	-10.62956	215.69330	1630.92395	-128.75916							581.92841	1530.45398	-201.70639	184.37962	1441.58887	-265.93393	370.31290	1331.03674	-140.08635	387.46323	1525.98560	-362.56036	709.01074	1241.23718	-188.30157	127.74062	1160.91309	-347.72290	734.61908	1001.33856	-112.88865	107.45398	933.43713	-226.12889	521.22620	951.51990	-105.49038	245.36266	950.76733	-176.84995	495.04755	977.18170	-404.19604	639.75598	528.99426	-145.67720	307.54791	517.50897	-92.31445	638.58209	105.92767	-260.90005	306.98080	228.62880	-371.25824	
350	3.490	297.18881	1587.60376	-5.21185	213.86397	1631.43127	-124.35504							580.71155	1530.97534	-191.16231	184.98010	1442.47827	-262.23203	368.60339	1331.49915	-134.15514	388.79468	1527.07837	-355.93536	706.80243	1241.29797	-173.09875	129.70322	1161.74402	-345.88635	732.02130	1003.80804	-95.84744	107.35149	935.09625	-223.46205	517.47528	951.84619	-97.07110	243.79701	951.62360	-173.27927	497.53543	978.03198	-395.13181	636.03876	529.87543	-133.97775	303.67484	524.43134	-80.18979	638.35822	106.64093	-260.03036	313.10904	227.47673	-355.41550	
351	3.500	293.59708	1588.47205	0.67685	211.76509	1632.11743	-119.86914							579.66058	1531.80225	-180.51755	185.58850	1442.91113	-258.31439	366.33554	1332.37317	-127.80280	390.62897	1527.50562	-348.25174	706.84180	1243.70959	-159.19441	131.03535	1162.56909	-343.05499	729.29144	1006.03198	-78.47858	107.34450	936.45398	-220.49210	514.35815	952.28815	-88.91388	243.24257	952.75964	-169.60030	499.03934	979.02045	-386.87100	631.34222	530.58264	-122.66452	299.48431	529.74335	-68.29546	637.95251	107.39898	-259.41916	317.85910	225.32318	-340.14764	
352	3.510	289.75687	1589.30872	6.59185	209.56497	1632.81433	-115.31618							578.05798	1532.44531	-170.46674	185.48615	1443.26501	-254.87778	363.71002	1332.65894	-121.17094	392.43683	1528.21204	-341.79388	705.87427	1245.11780	-145.28635	132.18060	1163.01819	-340.76993	726.68774	1008.07983	-62.03127	106.97986	937.43207	-217.97188	511.63895	952.36176	-81.88103	241.76961	953.35931	-165.83191	500.40863	978.54608	-377.01205	625.95538	531.01392	-111.97907	294.19186	534.51642	-56.98579	637.53967	107.84030	-258.85297	322.51822	222.75642	-324.16379	
353	3.520	286.23502	1590.11816	11.94957	207.32173	1633.38892	-110.70925							576.29919	1532.41309	-159.65469	185.52655	1443.44702	-251.46613	361.05493	1333.02551	-114.64685	393.64301	1528.44946	-333.54172	703.65906	1245.81335	-130.92148	133.86249	1163.24927	-338.67960	723.84454	1010.38812	-45.65379	106.96369	938.07489	-215.00085	508.52805	952.31128	-74.43693	240.70183	953.68372	-161.90303	501.23856	978.64862	-368.92276	620.18481	530.30676	-102.41652	287.69144	538.01788	-46.90015	637.02563	108.50680	-258.14853	326.42203	219.08505	-306.62634	
354	3.530	281.63968	1590.77625	17.84024	204.89723	1633.58179	-106.23649							574.88770	1532.47217	-149.71103	185.64099	1443.47314	-247.96600	359.43488	1332.73718	-108.82250	394.69724	1528.56799	-325.66431	702.77838	1247.00220	-117.84941	134.58650	1163.40759	-337.10855	720.19604	1011.79901	-28.85299	106.81193	939.18805	-212.12622	505.04703	951.01721	-69.40240	239.99051	952.76624	-158.20277	502.31824	979.04596	-361.29214	614.92682	529.55310	-94.97320	280.70084	542.04901	-37.48978	636.89313	109.43986	-257.71442	329.39706	215.02884	-289.18759	
355	3.540	277.50803	1591.17834	23.33386	202.57455	1633.47681	-101.77229							572.86761	1531.32935	-139.76183	185.95352	1442.89600	-244.92325	357.40323	1332.56360	-102.84184	395.35529	1528.42017	-318.88223	700.07104	1247.27576	-103.35806	135.36139	1163.54138	-334.73395	716.64142	1013.33667	-12.71917	106.07171	939.93982	-208.53857	504.27124	951.18854	-60.88688	239.16751	952.56232	-155.09814	503.30148	978.92731	-353.67593	609.73413	529.06183	-88.09650	274.85327	546.31219	-28.87182	636.75342	109.78105	-257.44504	332.06656	210.31026	-271.03699	
356	3.550	272.88550	1591.41724	28.87890	200.01099	1633.27100	-97.42176							569.97577	1532.21619	-129.62509	186.02885	1442.36768	-241.40173	354.45349	1332.76831	-96.48310	396.38782	1528.74231	-311.53253	698.89819	1248.62256	-90.41460	136.09863	1163.40186	-332.09326	712.24237	1015.04236	3.75359	105.53293	940.44580	-205.66307	502.32840	950.25195	-53.16542	237.27164	952.36700	-151.29440	503.84390	978.80298	-346.16855	603.98199	528.29089	-82.39440	268.27573	550.15546	-21.26003	636.23138	110.76098	-257.09097	334.62973	206.20483	-252.78748	
357	3.560	269.76450	1591.21643	33.50332	197.25249	1633.06958	-93.06161							567.75171	1531.68188	-119.41866	182.97455	1443.51172	-236.63049	352.32056	1331.86963	-90.87086	396.62183	1528.65906	-304.12357	696.43597	1249.19397	-76.57306	136.66920	1163.19836	-329.10278	708.57202	1015.96613	18.50886	104.59487	940.90857	-202.17844	497.95215	948.96381	-49.59270	235.94687	951.13763	-147.31473	505.32047	979.31091	-339.71625	597.04535	526.99658	-75.61002	262.52158	553.70819	-13.48804	635.78491	110.95696	-256.20844	336.45319	200.82475	-234.14780	
358	3.570	264.05576	1591.51465	39.23634	194.45062	1632.94324	-88.73879							565.13000	1531.58533	-109.62261	182.78882	1443.42261	-233.29282	349.83035	1331.37537	-84.85606	397.34610	1528.95898	-296.78653	692.70459	1248.61414	-63.76085	137.32393	1163.16089	-326.57935	704.22784	1017.59979	35.02625	104.16519	940.93591	-199.39360	495.78729	948.20770	-42.77450	234.66492	951.06323	-143.93784	506.11713	979.36365	-333.14447	591.28870	525.25940	-68.32294	256.07401	557.17694	-6.04599	635.84448	111.66303	-255.46269	337.59525	195.67198	-215.53523	
359	3.580	259.69507	1590.86877	44.38065	191.52312	1632.69629	-84.44440							562.82013	1531.09741	-100.19138	182.15503	1443.15723	-229.72763	347.23639	1331.32227	-78.92857	397.46490	1528.64587	-289.13239	689.28778	1248.67773	-49.70078	138.13155	1162.79883	-323.24631	699.49902	1018.68079	49.66545	103.63419	941.30243	-196.65413	494.61829	947.76917	-35.98362	232.58853	950.34656	-140.55170	506.95795	979.25690	-326.11514	584.77484	523.54443	-61.75370	249.72821	559.85010	0.40310	635.61493	112.37525	-255.18520	337.54501	190.13135	-195.53038	
360	3.590	255.27380	1590.36023	49.35442	188.52962	1632.41174	-80.21011							559.73541	1531.07654	-90.95367	181.56442	1442.93079	-225.66731	344.89236	1331.10754	-73.54332	397.12830	1528.57471	-283.02936	685.38892	1249.75647	-37.15478	138.64220	1163.04626	-319.26147	695.05701	1019.54504	64.46050	103.00917	941.39435	-193.36963	493.04575	947.37134	-28.51904	230.71341	949.33673	-136.93893	507.70255	979.69543	-320.80283	577.40509	521.87726	-54.85952	243.44841	561.90173	6.56178	634.98834	113.10538	-254.49193	337.58865	184.90128	-176.06496	
361	3.600	250.29184	1590.09351	54.31744	185.40521	1631.93115	-76.05914							556.74530	1531.15405	-81.62930	180.40048	1442.65784	-221.75450	341.37915	1330.76453	-67.25567	397.33655	1528.52576	-275.16586	681.14960	1250.64490	-25.63573	138.90178	1163.13391	-316.83417	689.99640	1020.79144	79.46664	101.99272	941.05890	-190.10489	490.88110	946.92493	-22.14037	227.08110	949.66345	-132.65784	508.27356	979.76318	-313.72003	570.37311	520.36877	-48.66215	237.06186	563.43658	12.54539	634.21027	113.84962	-253.89450	335.94745	179.63763	-156.33105	
362	3.610	245.56860	1589.16089	59.21438	182.16348	1631.31567	-71.88268							553.85944	1530.85754	-72.47506	179.37807	1442.30066	-217.80023	337.77017	1330.30066	-60.78387	396.53662	1528.76892	-269.09143	676.41766	1249.98999	-13.16334	139.29558	1163.31104	-313.07159	684.60217	1022.09662	93.78808	100.70615	941.08533	-186.77362	487.93643	946.68512	-14.79369	224.02335	949.37457	-128.37491	508.82513	979.39056	-307.22772	563.37158	519.19513	-42.23541	231.14424	565.03351	17.56242	634.14496	114.67489	-253.46159	334.46689	174.53174	-136.59601	
363	3.620	239.97757	1588.90222	64.26798	178.83925	1630.70776	-67.77714							550.33014	1530.44958	-63.30823	178.07144	1442.25708	-213.64392	334.43536	1330.15222	-54.78632	395.87424	1528.17822	-261.32263	671.87439	1250.51599	-1.51836	139.23938	1162.85132	-309.15030	678.62433	1023.21777	108.62467	99.43330	940.87402	-183.66501	485.66196	946.28760	-7.95553	222.23587	948.78668	-124.73753	509.07718	980.21161	-300.67596	556.37750	517.81042	-38.67627	225.12450	566.62329	22.37380	634.02576	115.10637	-253.25705	332.52997	168.59193	-116.63171	
364	3.630	234.42105	1588.21106	69.40062	175.41046	1630.22498	-63.59512							546.49408	1529.03101	-55.26981	176.43932	1442.17737	-208.98709	331.29626	1329.83850	-49.10011	394.56326	1527.97119	-253.93326	667.18024	1251.11255	10.67208	139.08588	1162.79968	-305.60709	672.80426	1024.37158	122.18282	98.26841	940.74078	-180.50548	482.49075	946.24316	-0.24205	217.90659	949.24329	-120.13743	508.75006	980.37054	-293.69556	549.37567	517.23798	-37.34985	218.76299	567.87439	27.02054	633.72070	116.01543	-252.65952	329.23596	163.41554	-96.88393	
365	3.640	229.42993	1587.62939	74.12212	171.83057	1629.89783	-59.24344							543.43793	1530.51404	-45.66959	175.05269	1442.00830	-204.56566	327.84830	1329.53357	-42.94796	393.55368	1528.27991	-247.06511	661.07593	1250.93787	22.65089	138.72568	1162.52808	-301.98022	666.74792	1025.38354	136.80347	96.86687	940.44659	-177.39810	478.36560	946.01550	7.37930	214.65112	949.39966	-115.59090	508.80255	980.78815	-286.68982	543.48621	517.16431	-35.75018	213.02914	567.62122	30.59641	633.31329	117.13146	-251.33224	325.78226	157.75555	-77.76953	
366	3.650	224.30986	1587.03894	78.87106	168.07648	1629.67456	-54.83746							539.73315	1530.37781	-37.48742	172.89919	1441.82813	-199.47841	323.95261	1329.41162	-36.45990	392.06192	1528.18396	-240.44467	655.93573	1250.05396	34.84069	136.99284	1162.80920	-300.29175	660.64777	1025.57947	148.94682	94.96572	940.05029	-173.72453	474.34891	946.25726	15.00288	212.42271	949.29803	-111.84866	508.54529	980.88599	-279.77502	535.96851	515.55402	-38.40543	207.45403	568.06537	34.00445	633.03796	118.16381	-250.85561	320.16852	153.49562	-59.18153	
367	3.660	218.07452	1586.42896	84.50777	164.19469	1629.37561	-50.39579							536.06464	1530.77612	-28.43837	171.26572	1441.55737	-195.08487	320.50327	1329.39404	-30.48799	390.09818	1528.53540	-233.07892	651.29285	1250.41650	45.02168	137.36006	1162.45789	-293.95135	654.01727	1026.72949	162.22836	93.46158	939.53491	-170.51836	469.88217	946.20575	22.62709	208.68736	950.22327	-107.40150	507.84171	980.57593	-272.40826	529.03998	514.12927	-39.06685	202.28093	567.62549	36.99183	632.81659	119.38916	-250.25609	314.77835	148.22723	-39.18084	
368	3.670	212.92915	1585.68774	89.38120	160.28294	1629.00757	-45.85506							532.06366	1530.58228	-20.30553	168.24409	1441.38025	-189.58237	316.94363	1329.31348	-24.18556	388.05389	1527.84387	-225.99207	645.37469	1250.17578	55.56327	135.73703	1162.07275	-291.66251	647.12701	1027.70276	174.66241	91.36417	939.27551	-167.14821	464.29562	946.38922	30.29370	205.54359	950.27460	-103.03371	506.80447	981.03687	-264.97858	522.99500	513.63062	-40.29520	197.34764	566.86115	39.91040	633.26624	120.64095	-248.75345	309.54321	142.56366	-20.38340	
369	3.680	206.31143	1585.21411	94.37132	156.21277	1628.62744	-41.21530							527.28210	1528.80469	-12.14889	165.63353	1441.31384	-184.37151	312.64301	1329.45508	-17.43235	385.53210	1528.07410	-219.56282	640.37665	1250.19849	65.80819	135.19855	1162.01221	-287.67383	640.32977	1028.83716	187.48273	89.58916	938.75787	-163.94371	459.56964	945.98480	37.56925	203.09985	949.85315	-98.46546	505.59641	981.57184	-257.81201	518.30164	513.40576	-40.57285	192.83791	566.60242	42.35988	633.30090	121.91156	-247.04590	302.08475	138.22086	-2.37785	
370	3.690	200.56551	1585.11194	99.69294	152.02481	1628.33337	-36.49483							523.20856	1530.84009	-3.63906	163.07925	1440.86194	-179.42288	308.42035	1328.71912	-11.03779	382.89404	1527.95093	-212.20250	633.74353	1250.13086	76.05632	133.96449	1161.95483	-282.83502	632.99408	1029.61121	199.33655	87.14468	938.65491	-160.26393	454.74762	946.12421	44.30799	199.65727	950.04639	-93.22904	503.95877	981.83453	-250.18700	511.67081	513.14783	-42.11726	188.75464	565.26837	44.81325	633.08545	123.73743	-246.51712	294.15485	133.97899	14.46086	
371	3.700	195.36246	1584.53809	104.99158	147.68605	1628.23438	-31.60671							518.89355	1530.88416	4.12013	159.74660	1440.76160	-173.69595	304.57932	1328.91064	-4.98952	379.90048	1528.29272	-205.02977	627.88367	1249.94385	84.42103	132.57161	1161.79639	-279.37985	625.29327	1030.23047	211.12900	85.04772	938.34833	-157.11760	448.04904	946.57123	52.30079	196.37207	949.67090	-87.38149	502.44385	981.68640	-242.47061	506.99481	515.25696	-39.50583	185.09592	563.89691	47.96341	633.67029	125.09048	-244.57318	285.75504	130.80971	29.30474	
372	3.710	189.86760	1584.11877	109.76910	143.15242	1628.32874	-26.39336							513.93707	1530.74316	12.25826	157.17896	1439.94067	-168.43941	300.11151	1328.90808	1.68339	376.76089	1527.55249	-198.57904	621.09644	1249.65356	93.93550	131.63104	1161.93030	-273.48163	617.79901	1031.08899	222.64305	82.73607	937.87750	-153.74860	443.47272	946.08221	58.53102	191.88591	950.17157	-81.26341	500.58206	982.25195	-234.37543	504.92816	516.53528	-35.56474	182.32664	562.40472	50.46363	633.31274	126.87105	-243.36336	277.64926	127.40364	44.35202	
373	3.720	184.35223	1583.94312	115.22527	138.59721	1628.32593	-21.20497							509.04449	1531.32861	19.64686	152.52788	1439.83435	-162.30650	295.03757	1329.23755	7.07783	373.28381	1527.74536	-191.22461	614.14978	1249.28052	102.53773	129.59665	1161.87744	-270.93750	609.51758	1032.11401	233.91328	80.41380	937.43811	-149.74651	438.35394	946.50842	65.12495	188.74850	949.25555	-75.68019	498.30380	982.64270	-226.88351	503.47659	516.74280	-31.07557	179.35503	560.10797	53.11220	633.47302	129.01891	-241.65295	269.37323	124.74499	58.84141	
374	3.730	178.12802	1584.01221	121.59212	133.78064	1628.35156	-15.87504							504.07138	1531.32544	27.67601	148.66142	1439.75159	-156.52222	291.58331	1328.26917	14.57068	369.31461	1528.04614	-185.03609	607.56018	1249.06506	111.52917	127.26742	1161.90942	-266.49850	600.85211	1032.35120	244.26782	77.99954	937.16296	-146.32227	434.08636	946.30066	71.52811	184.96284	949.23901	-69.01949	494.98819	982.47308	-219.07849	502.39462	515.59381	-26.27415	177.25688	557.19012	55.49926	633.66199	130.74013	-240.36794	262.16656	122.00400	71.01300	
375	3.740	172.47734	1583.52234	127.32941	129.10820	1628.14648	-10.30114							498.74075	1531.27209	35.72076	145.15205	1439.17224	-150.89107	286.91675	1328.38501	20.94787	365.44424	1527.78174	-177.86272	600.91785	1248.39856	119.83390	124.99018	1160.80078	-261.49112	593.04852	1033.57361	254.87045	75.55788	936.47400	-142.34233	429.01862	946.41730	77.72795	181.41043	948.93317	-63.22821	492.93320	982.68323	-210.44333	501.09616	513.90509	-21.30853	174.90016	554.30493	58.06764	633.14630	132.89130	-237.84087	255.02780	119.99854	81.84208	
376	3.750	167.46841	1583.11328	132.72176	124.15565	1628.02380	-4.69891							493.88657	1530.79700	44.94767	141.05179	1438.03381	-145.68422	282.02890	1328.30273	27.59317	361.23444	1527.36609	-170.28090	593.95593	1247.66699	127.63508	122.44642	1160.63782	-257.38623	583.50385	1033.27405	263.79373	72.88036	935.88049	-139.09805	424.87515	946.42456	84.01115	176.80342	948.37299	-56.54845	489.93906	982.72144	-202.33015	499.43741	512.75781	-16.11365	173.06656	551.40082	60.67916	633.06604	135.14363	-236.35979	249.06326	118.21889	91.78607	
377	3.760	161.88126	1583.14001	138.48946	119.14002	1627.70947	1.18756							488.04138	1531.07422	52.24946	136.70154	1437.94141	-139.55835	276.83801	1327.75806	34.15401	356.84677	1527.38989	-164.18771	586.19946	1247.16858	136.21506	120.15667	1160.51331	-253.19400	574.84711	1033.48657	273.25620	70.37256	934.90814	-135.37291	419.78558	946.96008	90.59612	172.94580	947.85132	-49.37138	486.83856	982.77441	-194.39320	497.47287	511.73132	-10.16713	171.85512	548.37805	62.98407	632.69635	137.30699	-234.28180	242.94804	116.89993	98.91103	
378	3.770	155.24191	1582.54187	145.12804	114.01537	1627.47693	7.03106							482.52914	1530.86682	59.52233	131.93167	1437.09692	-133.91068	271.60217	1327.91248	40.97309	352.55817	1527.28296	-157.51024	578.51727	1246.48022	144.05630	117.16079	1159.59473	-248.07394	566.80212	1033.94678	282.12277	67.29659	934.02203	-131.58492	416.21423	946.46014	96.97682	167.92686	947.93726	-41.91804	483.95758	983.00085	-186.56850	493.48679	510.35828	-3.36907	170.06558	545.79346	65.80419	632.38086	139.32417	-231.95654	238.57278	114.42967	107.10893	
379	3.780	150.08574	1581.96008	150.92331	108.76428	1627.14307	13.03140							476.74292	1530.71643	66.51820	127.66944	1436.58301	-127.97493	266.19226	1327.55103	47.54963	347.93542	1526.35352	-150.74484	571.52411	1245.57703	151.18182	114.25101	1159.17175	-243.03114	558.10980	1033.96887	290.85800	64.29345	933.20520	-127.46455	411.62729	946.94818	103.36371	164.25909	947.07800	-34.98425	479.81186	982.01556	-177.70917	492.57703	510.19150	4.58759	167.92122	543.61981	69.60323	631.34631	142.17506	-229.86740	234.62540	112.52508	111.54220	
380	3.790	145.26518	1581.02844	156.82950	103.50405	1626.70752	19.25723							471.34647	1530.39319	73.58257	122.46928	1435.61865	-122.52208	260.75290	1327.07483	54.27337	343.04816	1525.82104	-144.37769	563.57996	1244.66479	158.91235	111.05674	1158.53882	-238.25148	549.90942	1034.63318	299.75626	61.30878	931.87122	-123.42989	407.53351	946.79004	109.89567	160.20245	946.35669	-27.50158	476.43137	981.87537	-169.31743	488.61542	509.64908	11.38108	165.36057	541.91541	73.67946	630.59778	144.66302	-227.71173	231.58374	110.81734	115.63443	
381	3.800	139.33890	1580.36316	163.27026	98.03213	1626.14050	25.33923							465.33578	1529.24512	80.37945	118.09138	1434.20679	-116.49263	254.94533	1326.80713	60.68541	338.18985	1524.69836	-137.58882	557.11023	1244.05225	166.26660	107.78162	1157.65259	-233.38426	542.07269	1034.26733	307.21426	57.92600	930.69086	-119.62955	402.13248	947.15918	116.72838	155.32152	945.67511	-20.23891	472.43173	980.98077	-161.00700	484.43887	508.48300	18.56651	162.16805	540.56799	78.16521	629.77673	147.44759	-225.08778	228.58401	109.24162	117.88676	
382	3.810	133.76927	1579.69226	169.20805	92.59026	1625.45325	31.43310							459.75516	1529.50708	87.34937	113.17677	1433.26892	-111.19032	248.57443	1326.54370	67.52117	333.27829	1524.21643	-130.51466	549.68353	1243.17236	173.49550	104.24676	1156.37439	-228.24570	533.64093	1034.47083	315.44974	54.24886	929.33722	-114.95409	397.37256	946.67493	123.99001	151.18150	945.39014	-12.49479	467.83322	980.51086	-152.58687	479.82397	507.45734	26.51692	158.82399	538.72571	83.10320	628.89410	150.73973	-222.44740	226.51781	106.97952	118.56654	
383	3.820	128.33089	1578.73254	175.42825	87.09558	1624.59668	37.48558							453.88794	1528.76587	94.44434	107.12349	1432.24573	-105.46722	242.37045	1325.72815	74.68407	327.96945	1522.64978	-124.00740	542.02063	1241.73706	180.07913	100.30584	1155.27234	-222.73499	525.38007	1033.74634	322.76160	50.35143	927.84198	-110.48557	391.86560	947.08392	131.59784	145.82318	944.71033	-4.81963	463.00537	979.17755	-144.31822	475.15710	506.18521	34.49026	155.41521	536.52948	88.04432	627.61920	154.04901	-219.08344	226.38080	104.64753	119.28617	
384	3.830	123.07231	1578.31519	181.48328	81.41700	1623.79895	43.74784							447.62119	1527.37476	101.21753	101.78645	1431.01111	-99.63564	236.51582	1325.35437	81.26510	322.83032	1521.53381	-117.55543	536.04169	1240.09741	185.78537	96.25789	1153.75525	-216.99878	516.34741	1033.40942	330.04791	46.79747	926.18774	-105.69003	384.50919	946.83319	139.81137	140.13400	944.25824	3.64555	458.07370	978.35120	-136.27255	469.53003	505.15549	44.04595	151.36755	534.21222	93.59209	626.11438	157.56308	-215.54678	225.38089	104.05275	122.08395	
385	3.840	116.87720	1577.66296	188.00319	75.70106	1623.06946	50.01427							441.75543	1528.01318	107.37436	96.46905	1429.71387	-94.19774	230.07741	1324.50842	88.15885	317.40475	1520.79333	-111.54845	528.81067	1238.52905	192.50481	91.98854	1152.42273	-211.98900	507.84677	1032.62988	337.10092	42.59743	924.72882	-100.97990	378.53497	946.46967	148.25604	134.69626	943.40338	11.11935	453.18185	976.81110	-127.50573	463.76282	504.09775	54.72861	147.44705	532.10217	99.16385	624.42419	161.24463	-211.70987	224.82602	104.21812	125.62868	
386	3.850	111.52809	1577.36328	194.15176	69.82205	1622.44995	56.39338							435.79037	1526.90857	114.68147	90.74137	1428.44763	-88.13998	223.66954	1324.75220	94.74689	311.87079	1519.24915	-105.08067	522.44086	1237.75073	199.21680	87.81082	1151.30212	-206.35713	498.81583	1031.66748	343.36786	38.64596	922.81793	-96.59146	370.73004	945.98047	157.39149	129.12999	942.92432	19.01771	447.43005	975.58167	-119.03589	458.43451	502.51743	65.69910	144.04080	529.23346	104.18607	621.84790	165.98943	-206.52310	225.55379	104.21301	127.40270	
387	3.860	105.25186	1576.88672	200.26720	63.84628	1622.17236	62.97384							429.95273	1526.18787	121.72009	85.33069	1427.44336	-82.81124	217.07993	1324.18225	101.71569	306.29819	1519.19836	-98.89993	515.73279	1236.67944	205.75491	83.22598	1150.06592	-200.89297	489.88882	1031.17554	349.86325	33.98151	921.07001	-91.45950	362.69226	945.72729	166.00674	122.74491	942.75409	26.39191	442.27032	974.65259	-110.55332	451.45456	501.16086	78.43272	140.41666	526.55902	109.72453	619.26324	171.22583	-200.44217	226.01389	103.94769	127.86165	
388	3.870	99.03465	1576.67249	208.10233	57.79917	1622.18848	69.64982							423.93155	1526.21924	128.04202	80.40875	1426.59167	-77.40767	210.27861	1324.92102	108.21879	300.70154	1519.01257	-92.69357	508.32941	1234.82019	211.45341	78.21357	1149.29504	-195.12387	480.39587	1030.47778	355.87799	29.78306	920.08295	-87.23709	354.97812	945.70117	175.16875	117.67525	942.62323	33.35320	436.12405	973.91541	-102.60329	446.22296	500.11710	93.35338	136.76357	525.03882	114.34087	616.00195	176.33659	-193.13309	225.43468	103.99838	128.77820	
389	3.880	93.74727	1576.07275	214.34261	51.83336	1622.31519	76.26399							417.94604	1526.25818	134.88330	75.07155	1425.96460	-71.71605	204.14682	1325.01733	114.69505	294.80011	1518.79016	-85.17346	501.47385	1234.79907	218.39110	74.22919	1148.70215	-189.12311	471.04742	1029.91284	361.33347	24.97857	918.78241	-81.77130	347.54370	945.59241	184.28134	111.70177	942.58557	40.55039	430.31699	973.46936	-94.29304	437.04849	498.60043	109.04742	133.36879	524.55273	119.19402	611.93030	182.74472	-183.85730	224.84550	104.46822	129.55699	
390	3.890	87.22975	1576.36694	221.22659	45.91125	1622.35815	82.68170							411.84021	1526.40918	141.73697	69.41066	1426.53357	-66.21343	196.91777	1325.65552	121.22771	289.62527	1518.76843	-79.70303	493.89133	1234.73462	224.58871	69.21010	1148.38562	-183.09793	462.18488	1028.95459	366.45682	20.34826	917.51038	-76.60028	339.35138	945.68164	193.83992	105.76822	943.61877	47.21530	424.49796	973.46680	-86.68395	427.70435	497.46390	127.18040	129.30498	525.25427	123.60970	607.59180	189.08621	-172.48932	225.45172	103.84720	130.34679	
391	3.900	82.11552	1576.00183	227.37090	40.13596	1622.46228	89.25011							405.66104	1526.70862	148.30092	63.80712	1427.08716	-61.02883	190.85316	1326.28772	127.22839	284.21558	1519.09290	-73.46716	486.33920	1233.92639	230.72298	64.40519	1148.54077	-175.80524	453.68832	1028.88086	371.92587	15.64080	916.90515	-71.52621	331.29611	946.16364	202.72034	99.46860	944.40454	53.77429	418.45917	973.62866	-79.12241	418.17389	495.68509	145.70636	125.11855	525.63147	126.97424	602.19409	195.94191	-159.18564	224.69614	104.28609	130.76880	
392	3.910	76.50576	1576.01111	233.70729	34.50798	1622.42896	95.59579							399.35248	1527.28320	153.98933	57.76647	1427.71204	-55.24451	183.68744	1327.10339	133.79817	278.78830	1518.57080	-66.32571	478.39651	1233.84265	237.10263	59.45327	1148.60059	-169.30298	444.86935	1028.67456	377.09152	10.65234	916.08044	-66.31138	322.84848	947.43097	212.39082	94.14226	945.17114	59.49585	412.19815	973.80737	-70.58513	407.49966	493.86493	164.58771	120.34595	526.41296	130.96263	596.53070	203.36075	-144.70264	224.74614	103.94599	130.79565	
393	3.920	71.34886	1576.05945	239.87540	29.11736	1622.43079	101.87544							392.98199	1527.22986	162.02927	51.93450	1428.15149	-49.38977	177.48148	1327.12842	139.83691	273.11346	1518.89099	-59.52225	471.74118	1232.88538	242.28314	54.69689	1148.63953	-162.23842	435.72379	1028.49719	382.35623	5.69740	916.08307	-61.65786	314.58267	947.75916	221.38927	87.04460	946.64227	65.60250	406.80344	973.98669	-63.15923	398.26373	492.14374	184.25069	115.12439	526.49164	134.64432	590.97424	211.61191	-129.87399	224.15594	103.42513	130.61504	
394	3.930	66.53996	1576.16858	245.88792	23.74276	1622.77771	108.15686							386.69150	1527.42188	168.66083	46.09895	1428.73682	-43.65858	170.69200	1327.82288	146.28131	267.61111	1518.99768	-54.13026	464.44681	1232.41711	248.78467	49.88391	1148.91589	-156.15121	426.84033	1028.36243	387.04895	0.45899	915.37970	-55.80858	306.94785	948.34772	230.83931	81.37811	947.50348	71.26595	401.04944	974.23059	-55.27430	388.52356	491.35294	204.16006	110.14684	525.91205	137.50414	585.11053	219.84848	-113.60315	224.02425	103.51611	131.04811	
395	3.940	61.82597	1576.50024	252.03416	18.30112	1623.26917	114.57237							380.61700	1527.51892	175.16090	40.16798	1429.34314	-37.64381	164.54036	1328.08521	152.05144	262.28061	1519.20825	-47.66653	457.97260	1232.29309	254.22510	44.29347	1149.28149	-149.82956	419.25665	1027.31006	392.58221	-4.89001	915.58691	-50.34866	299.42404	948.53717	239.29700	75.65830	948.09314	75.30804	393.91895	974.08850	-45.54377	378.00113	491.68369	222.91374	104.65523	525.90936	139.66193	578.49860	228.41115	-97.16515	223.40480	103.29675	131.44731	
396	3.950	55.81475	1577.41138	258.95404	12.83879	1624.24963	121.08860							374.30844	1527.70398	182.10687	34.69527	1429.50916	-32.10712	158.07669	1328.70203	159.04184	256.32123	1519.56165	-41.09323	451.45114	1232.01782	260.15207	39.26531	1149.47827	-143.61911	411.30508	1026.80457	397.67206	-10.55654	915.59979	-44.81993	291.46631	949.47382	248.66412	68.65021	949.37036	80.21579	388.39539	974.51666	-37.85772	366.60175	492.33246	240.64465	99.67159	524.63800	141.66389	570.99823	236.78700	-79.27708	223.23059	103.33877	131.73251	
397	3.960	51.00287	1578.20129	265.20636	7.39724	1625.25879	127.77568							368.43311	1527.98315	188.74057	29.25013	1430.17896	-25.85637	152.32497	1329.51953	165.40421	250.99591	1520.39038	-35.82317	445.32462	1231.11792	265.83658	34.01831	1149.54236	-138.40305	402.97961	1026.24072	402.60190	-16.17123	915.93024	-39.36118	283.69687	949.57434	257.10489	62.38533	950.17719	85.09231	383.50375	974.71240	-30.52363	355.64511	494.16562	258.10400	95.08994	523.64557	143.42282	563.92114	244.41235	-61.99075	223.06862	103.33762	132.03714	
398	3.970	46.38625	1578.74402	271.34039	2.06311	1626.24988	134.32439							362.67029	1528.07068	195.23456	24.21464	1430.38538	-20.14087	146.25195	1329.85535	170.95702	245.42813	1520.91284	-29.15262	438.30194	1231.03284	271.99030	28.73653	1149.72852	-132.75108	394.07645	1025.51306	407.17224	-21.58204	915.87469	-33.65257	276.00165	950.07288	265.39874	56.81673	950.20416	88.52741	379.69644	975.24432	-24.19770	343.60559	497.19980	276.26001	90.22699	522.55145	143.71581	556.06952	251.97606	-44.20217	223.27425	103.57851	132.43544	
399	3.980	40.28479	1580.26172	278.21674	-3.34785	1627.32739	140.88553							356.93527	1528.40930	202.02982	19.06178	1430.93494	-14.17798	140.39189	1330.60999	177.13055	240.30760	1521.71045	-22.87990	431.96866	1231.13477	278.28058	23.07880	1150.18506	-127.09718	386.35962	1025.00452	412.30164	-26.93673	915.99091	-28.11917	268.39893	950.96881	273.73187	50.17882	951.74249	92.84020	374.46970	975.80383	-18.03921	331.53458	500.00003	292.95490	85.13292	521.10004	143.84694	547.85352	258.62866	-25.52991	223.43607	103.59187	132.75285	
400	3.990	35.71316	1580.66333	284.54510	-8.72822	1628.23547	147.39964							351.12921	1528.09021	208.06709	14.21935	1431.87170	-8.78981	134.72487	1331.41895	183.41316	235.21585	1522.31543	-16.66965	425.62167	1230.62427	283.64618	17.97286	1150.90662	-120.40459	378.46182	1024.64832	417.17719	-33.12232	916.79364	-22.38618	261.55685	951.45203	281.74301	44.78129	952.32471	96.65136	368.56790	976.73822	-11.38197	320.62527	504.00391	308.55161	80.32114	519.72394	143.41895	539.35022	265.09158	-7.78189	223.54410	104.23149	133.38109	
401	4.000	31.95375	1581.60828	290.27704	-13.96626	1629.17676	153.81163							345.27158	1530.25049	213.50110	9.13535	1432.78687	-3.30116	128.42531	1332.51050	189.25311	230.35786	1523.90125	-11.28553	418.82932	1231.01331	290.01410	12.11292	1151.79761	-113.46593	370.33752	1024.02710	421.18088	-38.79681	917.23914	-16.00225	253.63713	952.66193	289.60272	39.28484	952.97906	100.08865	362.70633	977.28766	-4.79878	308.98874	508.18964	324.05392	75.67425	517.99933	142.66800	530.50903	270.57251	10.60015	223.33720	104.25047	133.26025	
402	4.010	26.18725	1582.29370	296.87573	-19.25571	1630.17297	160.36182							340.08829	1530.43713	222.38075	4.10007	1434.15820	1.65530	122.73006	1333.19055	194.70015	225.23769	1524.65417	-4.98224	411.48572	1231.04749	295.92471	6.72049	1152.72168	-106.96272	362.87131	1023.65851	426.30661	-44.33235	917.86877	-10.55342	246.27356	953.55927	297.37198	34.18193	954.01764	104.00737	356.34067	978.42908	1.91351	297.80447	512.38409	338.23175	71.29149	516.15350	141.14111	521.49908	275.85260	27.76737	223.93785	104.23323	134.53542	
403	4.020	20.61953	1583.07239	303.37628	-24.60680	1631.22864	166.77856							334.17871	1531.33313	228.96030	-0.60836	1434.95581	6.60956	116.32685	1334.01685	199.87532	220.00262	1525.36279	1.72310	404.84012	1231.13879	302.25681	0.86369	1153.56934	-100.22615	355.09003	1023.12433	430.93591	-50.59258	918.76019	-4.45733	239.27373	954.56671	304.12390	28.80058	955.43799	108.08026	350.40491	979.45020	8.13884	286.73019	516.54517	351.63779	67.01651	513.92401	139.69844	511.31277	280.80371	45.38026	224.01718	104.83331	134.84872	
404	4.030	16.65113	1583.77466	309.15012	-30.06508	1632.35522	173.22113							328.48618	1532.02026	235.48021	-5.70777	1436.47253	11.68622	110.45025	1335.20886	205.32353	215.01498	1526.48987	7.55707	398.06271	1231.18201	308.51874	-4.12172	1154.82922	-93.77014	347.58130	1022.88531	435.58286	-56.41637	919.96606	1.91234	231.91005	955.43420	311.84235	23.36351	956.58997	112.22255	344.63266	979.95721	14.93282	274.52316	520.24817	364.50620	62.97023	510.94144	137.61824	500.83005	283.74805	63.71645	224.12622	105.01121	135.10503	
405	4.040	11.49270	1584.49170	315.35596	-35.42868	1633.34705	179.61107							322.36191	1533.72607	241.66736	-11.04155	1437.68799	16.61858	104.73306	1335.81030	210.53397	210.05743	1527.68237	13.65148	390.94882	1232.20166	314.62103	-9.73185	1155.74084	-87.69492	340.60504	1022.28595	440.35312	-62.19887	921.07715	7.58779	224.12343	956.78027	319.59219	18.67553	957.41876	116.06594	336.62216	980.33606	23.41965	263.13428	523.62305	376.48517	58.71595	507.47733	135.32959	489.90930	286.79575	82.06747	223.62050	105.64078	135.62535	
406	4.050	6.09014	1585.08215	321.47678	-40.90441	1634.20972	185.88445							316.15497	1533.70081	248.68454	-16.24869	1439.02649	21.34660	98.07984	1336.67834	215.33733	205.07596	1528.65247	19.75006	384.32101	1232.25439	320.68982	-15.57561	1157.10620	-82.52948	333.39291	1022.23688	444.85977	-68.32267	922.65350	13.70130	216.71931	958.34296	326.92316	14.13303	958.10681	120.53133	330.66614	981.49982	29.95474	250.84531	527.54669	387.12579	54.75557	504.60248	133.42892	478.44141	287.98871	100.55732	223.42468	105.67557	135.76399	
407	4.060	1.30098	1585.74255	327.36917	-46.45795	1635.06250	192.11110							309.70999	1533.93384	255.67056	-20.75094	1439.95972	25.74165	92.77493	1336.76672	220.50873	200.02251	1529.64941	26.55429	378.01624	1232.64160	326.87640	-20.63787	1158.05664	-76.82217	326.78891	1022.03436	450.24490	-74.11897	923.48560	19.98011	209.21973	959.14545	333.95093	9.05070	959.13080	124.94716	325.17651	982.61218	36.54917	238.23837	530.79236	398.14313	50.14928	502.01715	130.98276	466.37701	288.03900	120.46503	223.29112	106.02094	136.01802	
408	4.070	-4.93866	1586.59583	333.87933	-52.02196	1635.68176	198.23555							302.96994	1534.62451	263.02570	-26.10203	1441.25928	30.71670	85.91851	1337.51599	225.73416	194.95244	1531.02881	32.09316	372.07596	1232.62048	332.53143	-25.78582	1159.12500	-71.67880	320.23920	1021.81885	454.90872	-80.00360	925.38910	25.98203	201.13750	960.27875	339.86255	6.10675	959.36591	128.80798	319.45435	983.62952	42.82378	226.30424	533.86121	408.21658	46.10752	499.92773	128.56577	454.39456	287.58005	138.89307	222.98969	106.35355	136.71288	
409	4.080	-10.31898	1586.57605	339.96054	-57.57946	1636.32214	204.40987							296.25220	1533.68591	268.72256	-31.22137	1442.25732	35.52432	78.96517	1338.09753	230.72450	190.05956	1531.82458	38.75088	365.53403	1233.03601	338.79672	-30.93131	1159.94470	-66.61910	313.89453	1020.80273	459.46985	-86.18308	927.23444	31.70470	192.89655	961.51947	347.69284	2.08789	959.41132	131.98564	313.76007	984.61163	48.83771	212.93436	536.93018	417.64844	41.90401	498.63647	126.35360	441.50803	285.95547	158.86894	222.73610	106.74842	136.91261	
410	4.090	-15.73400	1587.16821	345.86295	-63.21905	1636.74768	210.40187							289.69867	1534.96790	276.19733	-36.52194	1443.48633	40.31630	73.12840	1338.00208	235.43816	184.67473	1532.94739	44.33694	359.20239	1232.55090	345.14737	-36.11976	1160.79907	-61.35766	306.87814	1019.74091	464.39380	-92.02390	928.61157	37.50853	184.11452	962.63037	354.95648	-2.51338	959.72424	135.25694	308.36450	985.24438	54.90596	201.32506	540.10498	426.27103	37.08967	498.42712	125.41380	428.86450	283.12802	178.23450	222.78307	107.07501	137.52045	
411	4.100	-21.28044	1587.40613	351.68298	-68.95714	1637.31201	216.40662							282.31723	1533.66064	282.79639	-41.59410	1444.10791	44.82607	65.33878	1338.37695	240.63683	179.02455	1533.40747	50.92199	353.00354	1232.22009	351.08694	-40.95066	1161.56897	-56.85418	301.24133	1019.92212	469.85294	-98.02829	930.14240	43.41882	175.55061	963.14508	360.99762	-7.94764	960.20599	138.80038	303.29953	986.25024	60.90913	190.10664	542.68195	435.03534	32.41759	498.60489	124.08360	415.16049	279.20572	197.84988	222.16734	107.61903	137.23627	
412	4.110	-26.05347	1587.33203	357.03961	-74.65667	1637.54285	222.28230							274.82678	1533.81604	289.57635	-46.61596	1444.84692	49.15953	58.25119	1338.93677	245.59750	174.33614	1534.29333	57.16217	346.35297	1232.87170	357.39609	-46.18171	1162.37415	-52.23968	295.04123	1018.98914	474.85492	-104.12365	931.61664	49.62735	166.85100	963.76111	366.89685	-13.03446	960.20184	142.28763	297.91718	986.94092	66.55186	178.26659	546.10413	442.93298	28.66124	498.28217	123.30930	401.07956	275.11768	217.91722	222.42227	107.65167	138.52725	
413	4.120	-33.15853	1587.70569	363.33423	-80.55783	1637.79663	228.15126							268.33710	1533.50696	296.21478	-51.73045	1445.58594	53.92420	51.42314	1338.91101	250.41206	169.34831	1534.63892	63.26110	340.34296	1232.14307	363.95871	-51.30778	1163.28320	-47.35355	288.76233	1017.29150	479.34647	-110.04971	933.24548	55.22017	156.38437	965.20142	374.15674	-18.63433	960.26685	145.33847	294.48227	987.11853	71.38635	167.85217	548.48169	449.47421	23.92219	497.88437	123.07147	386.99408	269.76147	236.90172	221.98607	108.53755	138.65904	
414	4.130	-37.97738	1587.30017	368.68716	-86.56907	1638.07556	233.98860							261.22440	1533.28687	303.37573	-56.97644	1445.81189	58.21727	45.71519	1338.22937	254.47417	163.80135	1534.80566	70.15273	333.91650	1231.62036	370.69824	-56.38821	1163.88770	-42.96352	282.70419	1016.47595	485.65546	-116.20804	934.95209	60.97444	147.80583	964.55005	379.63489	-23.60903	959.97333	148.14142	289.65033	987.96777	76.67451	156.09865	550.14520	456.14746	20.00243	497.77353	123.62527	371.72552	263.96246	257.17960	222.03502	109.15760	138.40886	
415	4.140	-45.19011	1587.81018	374.85220	-92.60683	1638.11035	239.82881							253.77708	1532.92554	310.43915	-62.60132	1446.61719	62.77080	38.87892	1337.91797	259.21524	158.56401	1534.82886	75.98534	327.08008	1231.58801	377.04535	-61.49362	1164.20178	-38.43518	276.97903	1015.47791	490.96671	-122.16990	936.06757	66.53339	139.98744	963.42535	383.17346	-29.62629	959.96484	151.40189	283.50381	987.29852	83.65810	144.51080	552.17365	462.35663	15.68252	497.53165	125.29945	355.59204	257.58405	276.48489	221.94817	109.47047	138.60509	
416	4.150	-49.95623	1587.09497	380.06433	-98.68066	1638.28540	245.59244							246.42819	1532.16931	317.46500	-67.89124	1446.96387	67.18217	32.24006	1337.45764	263.85010	153.09827	1535.15198	81.84045	320.35577	1231.36804	384.39008	-66.40115	1164.43921	-33.87944	270.62582	1014.50391	495.76639	-128.57347	937.73065	71.87072	130.67615	963.42017	388.68774	-34.04149	959.69080	154.05000	277.85852	987.38397	89.56615	132.34871	553.99347	468.99973	11.75384	496.97128	127.02482	339.07330	249.98868	296.18399	221.78958	109.79253	138.76401	
417	4.160	-57.17987	1587.53564	386.15836	-104.87589	1638.36914	251.43474							239.60240	1531.79797	324.23108	-73.12303	1447.33850	71.44337	25.19473	1337.95886	268.71756	147.89861	1534.99670	88.02155	313.93045	1231.17139	390.76181	-71.76549	1165.05701	-28.88995	264.52380	1012.31659	500.56918	-134.66443	938.79132	77.71120	122.25414	962.42786	393.84946	-39.14526	958.96851	156.62285	272.27219	987.47168	95.14541	120.16145	554.89526	474.83948	7.84039	495.77673	128.70787	322.24200	242.45494	315.54181	221.59015	109.96650	139.07697	
418	4.170	-63.26828	1587.28760	391.76813										232.26535	1531.60010	330.63290	-78.78119	1447.67273	75.70196	18.83039	1337.06934	273.06744	141.91158	1535.28101	95.06417	306.89273	1230.18140	396.76923	-77.06495	1165.30237	-24.26731	258.22153	1010.92993	505.77475	-140.64200	940.03607	83.18892	113.80166	961.70831	398.57980	-44.15303	958.63354	159.86484	266.33923	987.63184	101.09887	107.28089	555.62769	480.13284	4.06278	494.68250	130.48375	304.44666	234.63501	335.08417	221.48764	110.42454	139.53372	
419	4.180	-70.55618	1587.46960	397.76785										224.88506	1531.11694	337.67392	-84.32167	1447.81152	80.36381	11.82072	1336.83728	278.14072	136.24571	1535.49573	100.88067	300.20215	1230.02429	403.76053	-82.52020	1165.54602	-19.93156	253.32271	1009.96863	512.37573	-146.97379	940.76617	89.10573	106.31319	960.62018	402.82639	-48.87446	958.22638	162.85411	259.90421	987.36578	107.53777	94.86810	556.82361	484.90607	-0.01207	493.68454	132.74443	286.28659	225.86755	354.34882	220.58855	111.12066	140.29715	
420	4.190	-78.22593	1587.26294	403.88181										217.19490	1530.64148	344.40726	-90.03356	1447.93323	84.54333	5.28985	1336.69617	282.96335	130.71013	1535.97424	106.43618	293.13834	1229.92590	410.45486	-88.05305	1165.72485	-14.89832	247.11241	1008.72430	516.78888	-152.69601	941.72430	94.23352	98.65170	959.63934	407.89957	-54.28608	957.83252	166.98621	253.83318	987.46204	114.18629	82.14835	556.73535	488.25299	-4.04718	492.92102	135.08195	267.40451	216.51634	374.33548	220.07526	111.99657	140.61539	
421	4.200	-83.76260	1586.19031	409.20157										210.73337	1530.04773	351.04944	-95.55726	1447.86792	89.25396	-2.27619	1336.09167	288.01105	124.46270	1535.47546	112.97476	286.05240	1229.62781	416.42682	-93.30402	1166.05237	-10.39066	241.19205	1007.21674	522.52155	-159.04994	942.74640	99.72479	91.31923	958.76990	412.64035	-59.75381	958.03424	171.40401	247.47430	987.48615	120.44065	70.23875	557.18561	493.01382	-6.57657	492.28632	137.62720	247.99100	208.28687	393.92554	220.24007	112.55397	140.89954	
422	4.210	-90.44212	1586.25879	414.67044										202.86769	1529.71423	358.14279	-101.73967	1448.11353	94.23572	-9.11425	1335.80847	292.95160	118.39963	1535.33008	119.39268	278.49283	1228.88184	423.28204	-98.83849	1166.06116	-5.55315	235.58623	1005.77942	528.37836	-165.15901	943.04010	105.21366	84.67843	957.85840	416.90878	-64.09633	957.26782	175.40610	240.83672	987.34967	126.72955	58.80944	557.60590	496.96695	-9.60837	490.95526	139.26999	227.05293	199.12755	412.80508	220.35942	112.95795	140.88249	
423	4.220	-97.95603	1585.62585	420.61505										195.47278	1529.41345	364.17636	-107.42174	1447.94092	98.92130	-15.63175	1335.54199	298.28275	112.24757	1535.88745	124.66844	271.80402	1228.97546	430.05835	-104.40019	1166.04114	-0.95218	229.49751	1004.65686	533.90912	-171.58502	944.12427	110.62825	77.98438	957.17584	421.43256	-69.19770	957.17731	180.11551	234.00542	987.59607	134.18475	49.01429	557.96198	500.55219	-13.19386	490.21393	141.09160	205.45377	189.50279	430.63129	219.87656	113.92400	141.67467	
424	4.230	-104.70802	1585.24890	426.04553										188.34808	1528.88171	370.53516	-113.53004	1447.87964	103.77116	-22.98137	1335.03394	303.31815	105.99332	1535.49609	131.05710	264.94177	1228.13660	436.38712	-110.12709	1166.38123	3.92568	224.81776	1003.26587	539.04712	-177.57527	944.35474	116.00225	71.04321	956.72589	426.10815	-73.72315	956.11572	185.03662	226.89359	988.00616	142.16313	38.81812	557.87909	504.29828	-15.94385	489.67273	142.98679	183.51604	180.87521	450.06467	220.26590	114.48523	142.19940	
425	4.240	-110.80024	1584.20789	431.34940										180.41673	1528.36475	377.46268	-119.86193	1447.55591	108.98595	-30.29355	1334.16284	308.63141	99.67269	1535.41895	137.55440	256.77133	1228.32483	443.34827	-115.73585	1166.15283	8.85663	218.29182	1002.18927	544.59686	-183.39438	945.08801	121.17878	64.01089	956.19781	430.83920	-78.74912	955.70807	189.71210	219.46436	988.61780	150.04622	30.12414	557.52295	506.92343	-21.95420	490.00610	145.01543	161.00313	172.41374	466.92841	218.92122	115.99533	142.55397	
426	4.250	-118.96233	1583.60229	437.35953										173.27609	1528.05859	383.65338	-126.25864	1447.40979	114.35121	-36.78494	1334.38428	313.91074	93.07626	1535.51599	142.39215	249.49512	1227.12036	449.49854	-121.42225	1165.95569	13.46793	211.93454	1000.61273	550.52655	-190.10384	945.58002	125.97052	56.86521	955.58295	435.22455	-85.44498	957.21259	194.48106	212.21733	988.95758	158.14758	21.14353	556.50409	510.57220	-24.70496	489.67801	145.93874	137.91811	164.75575	483.60266	218.26559	116.63940	143.03024	
427	4.260	-126.16595	1583.25403	442.95676										165.77849	1527.42957	389.97525	-132.36137	1447.14722	119.27125	-44.43745	1333.67004	319.34256	86.62924	1535.08325	149.54706	242.47992	1227.09705	455.99054	-127.44547	1166.06250	18.52678	206.61914	999.62012	555.55701	-195.95207	945.73529	131.35851	50.62910	953.96075	438.01181	-90.33269	957.42346	200.26694	204.69597	989.59570	164.64468	13.71312	555.23975	513.22766	-27.31711	489.08017	146.64581	113.38453	157.47757	499.17258	217.87193	117.52959	143.67036	
428	4.270	-133.29532	1582.36340	448.63583										157.93907	1527.20789	396.82941	-139.15347	1446.81201	124.97472	-51.80870	1332.81152	324.28397	80.13544	1534.65405	156.27859	234.53102	1226.81335	462.95569	-133.12312	1165.85083	23.41702	200.62296	998.11523	561.47504	-202.60500	946.00519	136.12375	43.02142	952.98267	442.61331	-92.67049	954.30627	203.12462	197.65950	990.65851	172.44527	6.93107	553.24426	516.14819	-29.72356	488.42844	147.36610	88.37862	150.86700	513.74573	217.29268	118.54782	144.23921	
429	4.280	-140.97694	1581.57104	454.43872										149.66414	1526.25562	403.59271	-145.13335	1446.31323	130.00250	-59.17165	1332.27478	329.36664	73.05850	1534.93823	161.37367	227.04973	1226.28845	469.03635	-138.86642	1165.60413	28.16265	194.08676	997.30164	567.54913	-208.79727	946.25433	141.22377	34.24526	953.07214	447.89243	-98.06889	953.40295	207.77061	191.92395	991.36841	179.54317	0.20169	551.13507	518.90778	-32.01292	487.78088	148.31470	63.78269	144.92082	526.77997	216.56102	119.53804	144.55165	
430	4.290	-148.04659	1580.90442	460.06995										142.37167	1525.75439	409.78085	-152.27383	1446.12219	135.36800	-66.69905	1331.35754	334.50793	66.19931	1534.77185	167.51509	219.29738	1225.81580	475.76923	-144.73199	1165.49854	32.88737	188.62515	995.59442	572.91388	-215.06807	946.35040	145.83842	24.57046	954.03082	454.56461	-103.63716	953.33807	211.94221	186.55028	991.59271	186.25732	-5.87863	549.17120	521.55725	-34.32001	487.21741	149.77200	37.65134	139.55406	539.19067	215.70712	121.05998	145.33199	
431	4.300	-155.80045	1580.18799	466.01852										133.85403	1525.11780	416.32883	-158.75894	1445.28003	140.39243	-74.32956	1331.23755	339.93301	59.26857	1534.37646	174.89592	211.83116	1225.48865	481.70026	-150.70168	1165.20105	37.68327	182.02225	994.91968	578.52118	-221.77489	946.30792	150.77861	18.12921	951.95819	458.29443	-108.76839	953.07184	215.78386	180.61200	991.77319	193.56607	-11.24953	547.11511	524.39264	-36.48795	486.98895	150.91162	13.41324	135.97749	550.04010	215.13696	122.55367	146.17603	
432	4.310	-162.87816	1579.09717	471.49167										125.76730	1524.36365	422.76093	-165.93193	1445.06226	145.92050	-81.80987	1330.62549	345.39899	52.46738	1533.58594	181.02492	204.35815	1224.29883	488.13049	-156.62878	1164.72449	42.68585	175.65810	993.67908	584.45508	-227.90553	946.48578	155.60118	10.09597	951.56598	463.42075	-115.45367	952.55908	220.74336	175.14621	992.00555	200.40628	-16.50174	544.06982	527.62646	-39.46218	487.07178	153.23401	-12.16225	132.15514	560.19751	214.19202	123.97017	147.08469	
433	4.320	-170.77057	1578.17944	477.63660										117.69709	1523.77075	429.34729	-173.07700	1444.67322	151.23390	-89.68765	1329.82837	350.81284	44.86981	1533.74817	185.36653	197.38100	1223.73730	494.87469	-162.86073	1164.46790	47.64947	169.61195	992.36877	590.32892	-234.61739	946.24744	160.27623	-0.13215	952.27258	470.98944	-122.31566	952.94177	225.27736	169.41734	991.87524	206.99181	-22.63224	541.97852	530.82031	-42.22782	486.92648	155.10037	-35.92850	128.66869	567.14789	213.27925	125.53173	147.33823	
434	4.330	-177.69139	1577.14441	483.37906										110.12771	1523.09985	435.61002	-179.89944	1444.06836	156.50066	-97.64355	1329.20337	356.26074	38.08890	1532.62598	192.84917	189.48212	1223.06226	500.52618	-168.89877	1163.97083	52.27216	163.24826	990.97217	596.05182	-241.00856	945.99969	164.89165	-8.70065	951.55511	475.92178	-129.09015	952.72412	229.65233	165.00882	991.99908	214.24478	-28.95958	539.63196	533.76508	-45.06681	487.23193	157.63271	-59.34120	126.97467	574.72968	212.05418	127.34957	148.14488	
435	4.340	-184.02016	1576.12085	489.26166										102.33311	1522.06030	441.88770	-187.07813	1443.54895	161.81488	-105.91550	1328.50122	361.79340	32.08958	1532.83667	199.10149	181.25468	1222.19714	507.85046	-175.39977	1163.76184	57.32042	156.57895	989.82935	601.61853	-247.73302	945.57599	169.82260	-17.02120	950.61029	481.41251	-135.73376	951.65497	234.39749	158.88022	991.53851	220.70721	-35.23086	537.75037	536.97113	-48.18769	487.36978	160.44693	-81.59390	125.17382	580.33252	210.62146	128.81963	148.84023	
436	4.350	-191.78993	1575.22742	495.65988										94.85913	1521.19019	448.60059	-194.76393	1442.86511	167.16354	-114.06800	1327.71802	367.44583	24.46047	1531.69946	205.72977	174.41823	1221.62341	513.91290	-181.80464	1163.47327	62.13930	149.57298	988.85895	607.72491	-254.35359	945.46252	174.56435	-25.93055	950.28998	487.26813	-143.68036	951.40704	239.18073	152.29007	991.26807	228.15817	-41.25225	535.07758	540.51733	-51.80924	486.90927	163.62685	-102.70708	123.79343	584.50720	209.36903	130.90833	149.92168	
437	4.360	-199.40077	1574.65637	501.76688										86.59856	1519.86218	455.14832	-201.88884	1442.48706	172.55064	-122.05120	1327.17761	373.18549	16.52793	1531.23438	211.74428	166.10838	1220.76746	520.42621	-188.33833	1162.88879	66.86445	142.82613	987.38361	614.07928	-260.97806	944.80560	179.20837	-34.53693	949.02045	493.17242	-151.31351	950.90991	244.13544	146.06932	990.58313	234.90004	-47.62011	532.84656	543.73706	-55.46360	486.87701	167.20457	-121.56351	122.29693	588.38062	207.77887	132.92583	150.24133	
438	4.370	-207.37573	1574.37305	508.41257										78.75732	1518.91895	461.36682	-209.39883	1441.63342	177.90488	-130.15767	1326.66492	379.11118	9.97595	1530.03809	218.54364	158.59862	1219.79517	526.75677	-194.67070	1162.07813	71.77160	135.97173	986.42096	619.92773	-267.89185	944.52899	183.48059	-43.55125	948.35547	498.87808	-159.31712	950.36310	249.36308	138.64301	990.21210	241.88065	-54.51873	530.40198	547.23737	-59.26255	486.61057	170.68985	-139.51114	121.25221	590.17731	206.25539	134.52364	151.56096	
439	4.380	-215.21260	1573.52295	514.66400										70.76347	1517.70313	467.91089	-216.66454	1440.81543	183.61662	-138.33968	1325.94238	384.93231	2.25002	1528.94141	225.09866	150.37843	1218.53967	532.45667	-201.62865	1161.52405	77.06924	128.28183	985.50647	626.79584	-274.86884	943.63666	188.83240	-52.48647	947.08331	505.41534	-167.56856	949.90826	254.65631	131.36070	989.56323	249.08852	-60.92957	527.32123	550.16351	-63.56875	486.22662	174.91792	-155.46527	119.61355	591.31427	204.10095	136.51605	152.54280	
440	4.390	-222.04713	1572.51306	521.19147										62.71535	1516.75867	474.95322	-224.25385	1440.32849	189.25638	-146.35330	1324.84924	390.86990	-5.38587	1528.14587	231.48225	142.66396	1216.86963	539.52496	-208.58914	1161.23206	82.21111	121.02117	984.09338	632.83685	-281.88696	942.97986	193.38452	-61.88530	946.47668	511.24387	-176.01498	948.98651	260.32300	123.68069	988.45441	255.62674	-68.85332	525.03815	553.04272	-67.91145	485.70969	179.40019	-169.91121	117.46014	590.84967	202.00075	138.89742	153.55434	
441	4.400	-229.24365	1572.02271	527.51123										54.90089	1515.15247	481.38858	-231.89238	1440.09778	194.96245	-154.63280	1324.25647	396.51361	-12.72494	1527.21997	238.22984	135.03612	1216.04077	545.78613	-215.46812	1160.48438	87.40213	113.35665	982.48218	639.31848	-288.96228	942.04181	198.10414	-71.09808	945.20282	517.56409	-184.94992	948.62994	266.17932	115.68993	987.52252	262.16479	-77.39062	522.61346	555.56836	-72.39436	485.17804	184.07834	-182.80652	116.11913	590.10095	200.10878	141.46506	154.81326	
442	4.410	-236.57881	1571.56628	534.62982										46.80766	1513.49097	487.90112	-239.04318	1439.17383	200.70488	-163.41708	1323.60156	402.77869	-20.46879	1526.23828	244.37708	127.06960	1214.78394	551.99835	-222.75647	1160.22864	92.77787	105.23565	980.60358	645.88861	-295.92795	941.04425	202.76395	-79.79506	943.25232	522.99030	-193.85402	947.81927	272.15012	107.09263	986.11322	269.15231	-86.72099	520.15192	558.58557	-78.11579	484.56058	189.31299	-193.63812	113.99412	588.72156	197.81288	143.66772	155.58875	
443	4.420	-243.43767	1570.47961	541.12592										38.44827	1511.95044	494.88828	-246.22987	1438.96777	206.55063	-171.95996	1322.70752	408.80038	-27.94042	1525.21606	251.02527	118.63838	1213.25549	559.41174	-230.18234	1159.65674	98.45453	97.32851	979.11096	652.26703	-303.63297	940.36853	207.85977	-90.57874	943.13794	530.41443	-203.16875	947.37897	278.33289	99.26969	984.81464	276.14737	-97.01885	518.54852	560.98767	-81.99591	483.34259	195.25116	-202.95604	111.32939	586.39081	194.93254	146.20218	157.15736	
444	4.430	-251.04034	1569.64417	547.78271	-295.75668	1623.54016	413.30176							30.26047	1510.43994	501.37210	-254.41010	1438.47717	212.56831	-180.53923	1321.53821	414.58826	-34.90447	1523.78430	257.65182	111.20583	1211.48560	565.67896	-237.46933	1159.23596	104.21534	90.60754	977.54987	657.84308	-310.62875	939.59241	212.59726	-100.47774	941.96771	536.49146	-212.98935	946.48865	284.73389	90.37562	983.15240	282.66190	-107.27081	516.82764	563.62433	-87.37881	482.71210	201.52742	-211.32080	108.64918	583.06549	192.07405	148.95512	158.54428	
445	4.440	-258.37106	1568.80347	554.43848	-302.81232	1622.90918	419.91721							22.66436	1508.41333	508.08810	-261.88293	1438.09070	218.58641	-189.82280	1321.44653	420.88516	-42.37975	1522.24414	264.44824	102.98454	1209.77368	571.78540	-244.94868	1158.87366	110.09749	82.50607	975.91223	663.99060	-318.28464	938.46930	217.58659	-110.84005	940.61804	542.64117	-222.79408	945.53894	291.10217	80.86626	981.21149	289.49484	-117.96569	514.08429	566.80243	-93.49823	481.58664	208.59618	-216.67674	106.02312	579.73816	188.34875	151.92906	160.08932	
446	4.450	-265.70349	1567.92480	561.06305	-309.81662	1622.03613	426.47992							15.11009	1506.62939	515.16180	-269.20154	1437.29663	224.87535	-198.71288	1320.59827	427.40833	-49.48645	1520.74939	270.27679	94.75124	1207.52124	578.43298	-252.41496	1158.32654	116.04603	74.53384	973.49890	671.02026	-326.21890	937.66187	222.41394	-121.33675	939.11499	549.43250	-233.29141	944.96204	297.48361	71.46693	979.31342	296.78543	-129.02457	512.36444	568.98297	-99.42369	481.40277	215.81573	-221.52484	103.67837	576.16663	184.78583	155.01007	161.84338	
447	4.460	-272.55966	1566.86401	567.59753	-316.61557	1620.51892	432.98105							7.89190	1504.73218	521.25177	-276.71625	1436.81421	231.31290	-207.79152	1319.82642	433.49234	-56.71440	1518.89380	277.19455	87.19997	1205.32727	585.14978	-259.89038	1157.82556	121.82276	66.30440	971.70941	678.03180	-333.65454	936.85895	227.34637	-132.33263	938.09344	555.57239	-244.30556	944.82373	304.16754	61.65041	976.94482	303.92477	-140.21880	510.13123	572.17572	-105.67426	480.27347	222.73929	-225.36105	102.74026	572.61163	180.29135	158.54480	164.07779	
448	4.470	-279.41309	1565.73035	574.44257	-323.59714	1619.35803	439.65753							0.91276	1502.43152	528.65631	-284.18155	1436.75000	237.31065	-216.16301	1318.96606	439.66406	-63.36211	1516.88818	284.22018	79.37863	1203.70129	591.81970	-267.05270	1157.24817	127.58948	57.63902	969.91058	684.49390	-341.71494	935.79614	232.24373	-143.89757	936.67963	562.04944	-254.88947	943.82288	310.82584	51.92188	974.43518	310.21609	-151.93686	507.51865	575.35864	-112.41999	479.49020	230.32085	-229.41536	102.32871	570.59283	174.63503	162.46120	165.85503	
449	4.480	-286.77798	1565.03333	581.42548	-330.81412	1618.81335	446.55682							-6.73550	1500.32532	535.38538	-290.52271	1436.53503	243.62883	-224.82735	1318.51160	445.87698	-70.49873	1515.78052	290.33456	70.96815	1201.74902	598.84100	-275.02383	1157.15967	133.53355	49.08301	967.96448	691.70654	-350.03131	935.27240	236.99110	-155.13673	935.77881	569.36426	-266.44907	943.28461	318.22293	39.73013	972.69598	317.51593	-164.09990	505.03113	579.17871	-119.65294	478.66296	238.06163	-231.52533	102.05793	569.74152	168.55592	166.00719	167.91435	
450	4.490	-293.78101	1564.73169	587.99786	-338.13580	1618.09900	453.71164							-15.82503	1499.13794	542.92322	-297.27567	1436.64734	249.55809	-233.72226	1318.87561	452.43884	-77.07403	1515.37732	297.72113	63.42765	1200.86792	604.93713	-283.03925	1157.08093	139.55263	39.94022	966.63928	698.94983	-358.49136	934.81561	242.39525	-166.52229	934.84894	575.69104	-277.24277	942.52588	325.14130	28.66679	970.16199	324.74310	-175.77863	503.48279	583.16364	-127.42991	478.40875	246.36925	-233.43604	102.32482	569.79938	160.42412	171.10670	170.33510	
451	4.500	-301.08151	1564.43359	595.16901	-345.08917	1619.08411	461.23676							-23.78854	1498.13318	550.10913	-303.80640	1437.44226	255.31822	-241.64001	1319.01868	458.66959	-83.81246	1515.17578	304.00458	55.34166	1200.08252	610.76770	-291.27176	1157.35083	145.02252	31.40216	965.94092	704.99384	-366.07431	934.60712	246.66316	-178.36053	934.63477	582.48425	-288.60831	942.66052	332.20380	17.65487	968.89154	331.28647	-186.34337	502.22934	587.18323	-135.65863	478.29791	254.48824	-234.29532	102.59574	569.80847	149.84586	175.63472	172.57794	
452	4.510	-307.77591	1564.10815	602.34741	-352.26193	1619.85242	468.87363							-31.28619	1495.92310	551.06451	-311.05161	1438.79431	260.88245	-250.33852	1320.78528	465.15417	-90.96500	1515.29773	310.50262	47.75803	1199.83350	616.53906	-298.95013	1158.39258	151.18024	22.40369	965.80481	712.02637	-374.33655	934.58881	251.57961	-189.33974	935.09100	589.32910	-300.44836	943.59473	340.28561	6.53337	968.02625	337.92023	-196.77455	502.81409	591.83685	-144.45189	478.99164	262.78574	-235.15955	103.14850	570.80835	136.90508	180.26826	173.86914	
453	4.520	-313.88199	1564.38464	609.40668	-360.13351	1621.51868	477.03650							-37.38807	1497.44165	562.90924	-317.79852	1440.46814	266.22742	-259.05963	1322.06494	471.08951	-98.26317	1515.72485	316.27667	40.71666	1199.88135	622.13483	-306.91324	1159.95276	157.72197	13.54284	966.83063	718.60004	-382.49207	935.11334	256.24939	-199.73343	936.19440	595.84369	-311.21579	944.28387	347.87064	-5.47542	967.72443	344.05222	-206.53357	504.47876	596.37604	-154.52005	479.66891	271.58224	-236.44745	103.42340	572.19818	121.86742	184.77679	178.33267	
454	4.530	-319.67490	1563.91431	616.52789	-366.90045	1622.40320	484.69818							-44.91315	1496.68469	562.98285	-325.14450	1442.13208	271.13895	-267.22302	1323.52808	477.40445	-105.04157	1516.22388	322.79953	33.51065	1200.68542	628.92432	-314.66141	1161.61169	164.64604	4.71984	968.49811	725.05707	-390.95309	936.02319	261.05710	-210.07661	937.70349	601.73981	-322.84152	945.89575	355.81778	-16.75344	967.15210	350.38309	-215.68233	506.81949	601.09485	-165.34805	480.72562	279.77924	-236.83266	103.16676	573.21631	105.71992	189.89995	181.23221	
455	4.540	-326.15353	1563.86511	623.78821	-373.69205	1622.40247	492.19873							-51.64207	1499.02722	575.87189	-332.76300	1444.19421	276.36322	-275.54218	1324.91956	483.53592	-111.87570	1516.06824	329.22879	27.20147	1201.51636	633.83795	-322.37555	1162.79456	171.19360	-3.67101	970.10443	731.48322	-399.21347	937.19269	265.51431	-220.17044	939.42517	607.95380	-333.69397	947.49866	363.20074	-28.70052	967.09265	356.20465	-224.20296	508.45303	607.23541	-178.34694	482.66092	285.90457	-237.66895	102.72928	572.95129	89.75851	195.68765	185.36595	
456	4.550	-331.13904	1563.82275	630.76251	-379.42255	1622.27356	499.37262							-58.35419	1499.94080	582.09692	-340.38773	1446.10095	281.89035	-283.42429	1325.59790	489.79236	-119.05164	1516.53735	335.19122	19.57679	1202.70959	639.37622	-330.13174	1164.57886	177.23732	-12.50242	972.26648	737.97852	-407.74698	938.48395	270.02728	-229.21896	940.31110	614.47491	-344.25546	948.79730	370.47980	-40.44254	966.64099	362.62366	-232.90445	509.62808	612.59430	-193.26518	485.60678	290.90674	-238.61713	102.58951	572.51141	71.87937	200.88138	191.74741	
457	4.560	-337.03067	1564.31543	638.15393	-385.83786	1622.45105	506.96768							-66.03663	1499.25208	580.81287	-347.60080	1447.69788	287.05988	-291.17081	1326.50623	495.06900	-126.45652	1517.91333	337.70871	14.67677	1203.32166	643.46259	-337.43478	1166.38672	182.38528	-21.12647	974.71143	744.40497	-416.28143	940.11609	274.40665	-238.07011	941.39026	619.52441	-354.45789	950.19385	377.23404	-52.34418	967.11407	367.79913	-241.53908	510.39685	616.65619	-210.80446	489.15250	296.07425	-238.64818	103.01553	572.59833	53.56554	207.87689	198.73024	
458	4.570	-341.54007	1565.11694	644.97076	-392.57733	1623.93542	515.06134							-72.76429	1499.40222	584.59564	-354.77667	1449.46960	292.85861	-299.13019	1328.10974	501.02097	-133.46576	1518.47473	345.47397	8.10752	1204.03381	648.79688	-345.16357	1168.02551	187.03496	-28.68625	976.81750	750.88885	-424.89435	942.00891	278.49826	-246.79181	942.88373	624.74591	-365.49088	952.42871	384.10129	-63.73055	967.80334	372.88068	-249.79445	510.52899	623.53088	-229.45605	491.65567	302.54895	-239.09088	102.90237	572.99542	35.26105	215.14577	205.35472	
459	4.580	-346.36285	1565.59680	652.05072	-399.24326	1625.67590	523.32275							-79.74833	1500.61072	590.10242	-361.67117	1450.63367	298.15775	-306.81891	1329.77527	506.06366	-140.54645	1519.84021	351.37692	2.73334	1205.63721	653.75165	-352.74527	1169.91406	190.42433	-37.35513	979.67181	757.82959	-433.61896	943.99744	282.60785	-255.27910	943.77466	630.72400	-375.98380	954.38043	389.95682	-74.60878	968.32062	377.78427	-257.49020	510.44626	629.59009	-251.33269	492.84348	311.34717	-239.97736	102.80251	572.47467	17.42633	224.11612	212.20891	
460	4.590	-351.65338	1566.55005	659.58142	-404.96027	1627.33386	531.15070							-86.61994	1501.40356	596.32050	-368.83588	1452.22400	303.64078	-314.16794	1330.93726	511.18698	-147.57246	1520.91333	357.58817	-2.37281	1207.03040	658.87518	-360.10934	1171.66235	193.51193	-45.05195	982.45227	763.91638	-442.38739	946.24469	286.74362	-262.81036	944.22418	635.81500	-385.66519	955.69196	394.99057	-85.26048	968.58453	383.21875	-264.65613	509.78955	634.83716	-274.35739	492.30576	319.97095	-240.35890	103.30067	572.49261	-0.47847	232.48215	220.23697	
461	4.600	-355.92084	1567.62610	666.01178	-410.92490	1628.84119	538.87817							-93.62749	1503.09570	602.80786	-376.28906	1454.12439	309.41388	-321.52246	1332.26941	515.83472	-154.86342	1522.13428	361.95206	-7.98570	1208.85913	663.77289	-367.91605	1173.69812	197.27206	-52.71428	985.01111	769.39160	-450.98135	948.55688	290.59442	-271.05960	945.65771	640.77917	-395.54312	957.33118	400.18103	-95.25658	969.09845	388.47443	-271.42593	510.16940	640.51471	-298.78781	490.30823	328.68039	-240.53137	103.49849	572.73566	-17.62262	240.06233	228.74913	
462	4.610	-361.05832	1568.37939	673.78894	-417.64435	1629.43762	546.56488							-101.38017	1503.03870	607.00146	-383.08752	1455.76196	314.24536	-329.17950	1334.16321	521.05005	-162.53322	1523.20569	368.56732	-13.52817	1210.84717	668.62292	-375.78125	1175.87061	201.38409	-60.75349	988.14569	775.64453	-459.78595	951.15240	294.80560	-278.12045	946.36627	645.45551	-405.51050	959.44769	405.29428	-104.13294	969.76013	393.43433	-277.77905	511.16550	646.53662	-322.34650	487.03311	340.17889	-240.63834	103.64211	572.68671	-34.13543	247.29709	236.76308	
463	4.620	-366.84039	1570.73511	681.46259	-423.34976	1630.12012	553.87756							-108.50896	1504.20093	611.59564	-390.11774	1457.86877	319.35336	-336.35144	1335.71484	526.00037	-169.80545	1524.85522	372.76810	-18.79573	1212.07397	673.44043	-383.21091	1178.11084	205.67827	-68.83614	990.97693	781.51691	-468.46338	953.69543	298.70044	-286.25244	947.93481	650.72412	-414.19043	961.12134	409.40851	-112.62166	971.01379	400.03119	-283.59674	512.27069	651.34485	-346.91806	484.11502	352.75845	-240.84979	103.77766	572.83679	-50.51130	256.56699	245.24219	
464	4.630	-370.06796	1570.24072	686.43896	-429.73013	1631.60645	561.48120							-113.89237	1504.83533	615.39862	-397.24408	1459.94763	324.26233	-343.31650	1336.72144	530.70569	-176.01735	1526.85022	379.13834	-24.97736	1213.55176	678.65454	-391.72186	1180.84033	210.77145	-76.42622	994.00122	787.30847	-477.10162	956.41791	302.78009	-293.36786	948.84845	656.14716	-423.93344	963.19891	414.30505	-120.69292	972.38721	404.99326	-289.04626	513.14893	658.28204	-372.16711	483.19287	366.39130	-241.43175	104.23868	573.32483	-68.27830	263.10092	256.56152	
465	4.640	-377.08948	1571.98547	694.39868	-435.53879	1633.19348	568.83240							-121.21459	1507.34229	621.67657	-404.82925	1462.04736	329.41071	-350.47296	1338.36414	535.91968	-183.41113	1528.34863	383.86041	-31.68853	1216.08850	684.26575	-399.98956	1183.26184	215.51656	-84.16835	997.06305	793.28876	-485.80920	959.15570	306.92944	-300.84210	950.48279	661.72327	-432.51520	964.92480	418.55753	-128.48061	974.10437	409.68701	-293.66428	514.30511	664.83020	-396.74951	484.27322	380.85904	-241.92819	104.70766	574.03345	-87.54081	268.95044	266.03546	
466	4.650	-382.26575	1574.23767	701.90771	-441.58316	1635.01074	576.37994							-128.27177	1507.20813	626.66266	-412.46002	1464.44019	334.64847	-357.66846	1339.99097	540.90027	-190.98218	1530.61060	385.18420	-37.51524	1217.25293	689.27625	-408.41257	1185.68860	220.86415	-91.57545	999.64471	798.47980	-494.58765	961.71387	311.02246	-307.63498	952.09888	666.59656	-441.80136	967.13959	423.37494	-136.46449	975.91168	413.37082	-298.67615	515.48187	670.96942	-421.25388	488.11496	393.97995	-242.33263	104.91352	574.34619	-107.57182	272.72403	276.88034	
467	4.660	-386.52023	1573.55981	707.80719	-447.56219	1636.48157	583.79053							-135.23788	1509.21960	632.01526	-420.02029	1466.83215	339.69073	-365.46970	1341.76538	546.14709	-197.31418	1531.21863	394.84705	-43.74833	1218.13403	694.14893	-416.19397	1188.19995	225.13797	-99.04845	1001.92175	804.08679	-503.37830	964.60168	315.38712	-314.84552	953.43506	671.76526	-450.12332	968.95728	427.62192	-144.35706	976.97998	418.23831	-302.77228	516.39130	677.70764	-445.73645	494.03131	405.63715	-242.70522	105.19945	574.54297	-128.33763	275.78998	288.23825	
468	4.670	-389.28345	1574.31812	712.70447	-452.86096	1637.52454	590.67413							-141.11981	1509.80505	635.53333	-427.42834	1469.19312	344.65427	-372.38770	1343.03979	551.23376	-204.53151	1532.74963	399.15433	-49.73369	1219.83508	699.06848	-424.84647	1190.98413	229.97929	-106.73314	1004.34222	809.76593	-511.85382	967.33789	319.33023	-320.32767	953.11896	675.63593	-459.14349	970.72949	432.36755	-152.33046	978.43890	421.82590	-307.51581	517.50073	684.31573	-469.24005	502.44455	417.37579	-243.03519	105.34296	574.66724	-148.78011	277.70679	299.97421	
469	4.680	-395.11856	1575.58984	719.04022	-458.75082	1637.84558	597.52228							-148.15488	1511.13867	642.00146	-435.14694	1471.52795	350.24939	-379.00659	1344.52600	555.96545	-212.04720	1534.40771	404.73517	-57.26899	1221.41028	704.61713	-433.29398	1193.32227	233.95522	-113.95454	1006.45831	815.00037	-520.63403	969.88483	323.81677	-326.53116	954.22211	680.55670	-467.53986	972.21741	436.87051	-160.40048	979.48260	425.28497	-310.65027	517.97736	690.36139	-492.28024	510.97583	428.23352	-243.27736	105.76979	574.64087	-169.96078	279.10843	310.05371	
470	4.690	-399.66916	1575.92908	725.40387	-464.61011	1638.58569	604.40930							-155.33226	1511.28992	645.45435	-442.63782	1473.47742	355.46384	-386.14444	1345.66016	561.32800	-218.92441	1535.43054	409.43570	-63.41647	1222.22278	709.24768	-441.76831	1195.53503	238.95999	-120.73665	1008.43555	820.21637	-529.20459	972.40277	327.97003	-332.60004	955.15234	685.44342	-476.20239	973.42853	441.64743	-168.46118	981.10217	428.56235	-314.66565	518.54059	695.26874	-513.84375	520.60797	440.61316	-243.61758	106.47791	575.04730	-190.18494	278.65448	321.49258	
471	4.700	-404.01483	1576.61597	731.46387	-470.67029	1639.63953	611.47748							-161.60909	1511.31567	649.28748	-450.23767	1475.44470	361.31683	-393.25125	1346.82251	566.15930	-226.50084	1536.39331	414.15784	-69.87891	1223.16150	714.78198	-450.15378	1198.07690	242.55426	-127.82097	1009.67670	825.85016	-538.03009	974.71472	332.53564	-339.26706	955.85052	690.46259	-484.76819	974.68024	446.46954	-177.05688	982.00702	431.94852	-317.65143	518.43555	703.67529	-534.53955	530.49365	451.37354	-243.98409	106.46291	574.81268	-211.78157	277.71481	331.91718	
472	4.710	-409.44800	1576.76563	737.96271	-476.45132	1639.91931	618.49786							-167.65125	1512.14063	655.78113	-457.69485	1476.88037	366.94055	-399.72339	1347.29126	570.56201	-233.04813	1537.58142	419.02728	-75.98790	1223.66089	718.52747	-458.75897	1200.25110	247.11737	-134.94171	1010.94171	831.25885	-546.52856	977.16064	336.78217	-344.95120	955.71912	695.19000	-493.70047	975.98767	451.65366	-185.64380	982.49274	434.18494	-320.69843	518.62048	709.02228	-554.42181	541.41461	463.64508	-244.28857	107.01843	574.97186	-233.36850	275.63916	343.26199	
473	4.720	-413.43796	1577.14063	743.80927	-481.31778	1640.76990	625.20618							-174.10008	1512.94458	659.32977	-465.60294	1478.10315	373.37573	-406.69257	1347.96875	576.08020	-240.74234	1538.46167	423.78384	-82.47094	1224.24316	723.06110	-466.74414	1201.98804	251.30486	-141.64494	1012.34723	836.46576	-555.41370	979.20422	341.66644	-351.02118	956.28705	700.05573	-502.63150	977.61584	457.23972	-194.29610	983.17328	437.65005	-323.86929	518.24017	715.88379	-572.31573	551.48096	476.01675	-244.91454	107.17314	575.36298	-255.12210	272.28864	354.10214	
474	4.730	-418.47076	1577.41821	750.02161	-487.50775	1641.46912	632.18243							-179.86394	1513.22424	661.44495	-473.20999	1479.56128	379.30832	-412.89658	1348.80859	581.09857	-248.05397	1539.03113	428.89417	-88.71613	1224.00354	727.33704	-475.84473	1204.08350	255.87888	-148.21553	1013.03259	841.44409	-563.92230	980.96490	346.15884	-356.76016	955.98889	704.48590	-510.51422	978.06152	462.39111	-202.60992	983.57269	439.66095	-326.50540	518.17072	722.19501	-588.93921	560.73077	487.40677	-245.17688	107.35787	575.20001	-277.32169	268.99146	364.46500	
475	4.740	-423.23785	1578.00134	756.25214	-493.84836	1641.64368	639.08643							-186.09357	1513.34277	669.24255	-481.79373	1480.66528	385.40894	-419.38681	1348.93738	586.23529	-255.04033	1539.74634	433.78894	-95.64986	1224.65881	732.04987	-484.29993	1205.68164	261.06485	-155.11685	1013.61462	845.71411	-572.76483	982.54016	351.18073	-362.36551	955.88721	709.09497	-519.21472	979.15509	467.95255	-211.38548	984.28101	441.92313	-330.40732	517.61584	727.63159	-604.82117	570.02875	497.93918	-245.19324	107.36643	575.22821	-299.25418	263.75854	375.62097	
476	4.750	-428.46262	1577.96387	762.53589	-499.11404	1641.81665	645.58716							-191.33246	1512.98206	671.25598	-488.89111	1481.65759	391.56512	-425.93774	1349.75659	591.88812	-262.26392	1540.07043	438.30005	-101.56554	1224.21289	736.74475	-493.24179	1207.24707	265.46506	-162.10358	1013.88403	850.87579	-581.61237	984.01422	356.27167	-368.08264	955.86169	713.47565	-527.31512	980.62256	473.46411	-220.05421	985.43414	443.92978	-334.14081	517.44763	732.99609	-619.24744	578.56805	507.48309	-245.75917	108.14335	575.38562	-321.65414	257.65784	386.41357	
477	4.760	-433.18933	1578.57166	768.80853	-505.10944	1642.12305	652.33966							-197.49126	1513.09424	673.97272	-496.61179	1482.27710	397.50024	-432.30365	1349.76416	597.42627	-269.89874	1540.50378	442.55054	-108.61646	1224.77856	739.90930	-502.05234	1208.65369	270.90747	-168.62784	1014.00989	855.36157	-590.28235	985.28156	360.84106	-373.26184	955.16528	717.64746	-534.69055	981.29779	478.98364	-229.07722	985.58459	445.65140	-338.00790	518.46246	738.69238	-632.28381	586.61993	516.32208	-246.04680	108.54461	575.57477	-344.08524	250.66565	397.05463	
478	4.770	-438.55695	1579.16235	775.14038	-511.43826	1643.07471	659.36664							-202.95737	1513.02197	680.27881	-504.36572	1483.05920	403.60181	-438.45795	1350.30640	602.83295	-277.48041	1541.29163	447.32687	-114.47504	1224.00098	743.61163	-511.75070	1209.85583	276.26620	-174.88812	1013.83478	859.45007	-599.05865	986.47388	365.94373	-378.00986	955.11810	721.63586	-542.94910	981.93140	485.18781	-237.08118	986.18951	448.14117	-343.67105	518.29663	740.84863	-644.71039	593.38232	525.79547	-246.42189	109.43711	575.95215	-367.61786	242.54047	408.94464	
479	4.780	-443.35593	1579.48682	781.40045	-516.73175	1643.83496	666.15417							-208.47678	1513.26453	683.25366	-512.63025	1483.82458	410.61890	-444.30960	1350.01062	608.44727	-285.19131	1542.06738	451.79364	-121.85390	1223.75073	747.46460	-520.46124	1210.54907	281.19342	-181.71815	1014.17053	863.73187	-608.15997	987.22021	371.80121	-382.88446	954.65350	725.61407	-550.37634	982.83588	491.32791	-246.06958	986.41803	450.86465	-349.47418	518.58124	743.23492	-655.50769	598.89111	534.33057	-246.91292	110.07061	576.18805	-390.90515	234.37845	419.08612	
480	4.790	-448.60022	1579.70776	787.57172	-527.86505	1645.83923	675.00958							-214.11380	1512.54309	686.35840	-520.52869	1484.40955	416.93677	-450.55573	1350.40076	613.74194	-291.97208	1541.56360	456.64139	-129.12158	1223.29834	750.17004	-530.40021	1211.86060	286.66724	-187.69592	1013.41620	867.62628	-617.11835	987.90442	377.12057	-387.40698	954.19574	729.91650	-557.39282	982.90759	497.71243	-254.47842	986.40900	453.53238	-355.46671	518.18317	745.54773	-665.49200	603.04901	542.91479	-246.93004	110.74677	576.51764	-415.93234	223.67241	431.37799	
481	4.800	-453.30316	1579.85986	793.84247										-218.68121	1512.79956	690.69299	-528.65210	1485.08008	423.53342	-456.73395	1350.36987	619.94366	-298.98102	1542.28052	460.57138	-135.11893	1222.95166	753.24915	-539.34552	1212.56836	292.93814	-193.90588	1013.18921	871.59814	-626.88727	988.70459	382.35254	-392.02695	953.82373	733.88586	-563.98779	982.93524	504.49203	-263.13342	986.74567	456.72714	-361.86328	517.90698	747.55518	-674.68774	605.77478	551.48431	-247.64445	111.14300	576.29590	-440.20819	214.89604	442.60522	
482	4.810	-458.65363	1579.89807	799.97827							-538.13251	1645.94568	687.88116	-224.80794	1512.14343	694.54565	-536.50140	1485.22144	429.96378	-462.96402	1350.35071	625.32983	-307.44794	1542.56689	465.99258	-142.04494	1221.60474	756.56567	-548.93707	1213.29810	298.70221	-199.52327	1012.45258	875.20142	-635.36011	988.94855	387.82410	-395.85938	953.12347	737.79785	-570.38873	983.18005	511.15356	-271.89560	986.43732	458.86160	-367.71539	517.55090	748.36597	-683.85321	608.00317	559.65735	-247.83331	111.62519	576.02777	-465.31396	204.85715	453.96042	
483	4.820	-463.54968	1580.19495	806.02808							-544.49292	1645.76868	694.82294	-230.39638	1512.92456	699.12024	-544.58398	1485.57629	436.49521	-469.15457	1349.91504	630.47998	-315.43222	1542.54224	470.02676	-147.04048	1220.95667	758.95648	-558.74017	1214.41223	305.09061	-205.62558	1011.54175	878.79022	-644.18713	989.24017	393.74411	-400.31461	952.80194	741.92590	-577.01611	982.94226	517.61987	-280.12601	986.74579	462.74310	-372.51184	517.09143	748.85016	-690.39404	608.11017	569.08588	-248.58105	112.41985	576.34869	-491.22665	193.32608	466.11746	
484	4.830	-468.79208	1579.89978	812.12231	-394.39932	1788.48145	585.60645							-235.38235	1511.30920	703.28094	-552.46161	1486.31726	443.29364	-475.64661	1350.31396	636.74280	-323.18518	1542.63110	474.31992	-153.76915	1220.36157	762.06897	-568.19965	1215.11658	311.55463	-210.91946	1010.79626	881.64313	-652.71973	989.21967	399.64285	-403.99283	952.17883	745.45538	-583.41284	983.36047	524.46478	-288.88931	986.62708	465.56262	-375.94534	516.61530	748.83740	-697.00836	607.91125	576.46265	-249.22859	113.12818	576.60431	-517.94006	182.59258	478.55145	
485	4.840	-473.43951	1579.78271	818.04236	-555.80243	1646.31750	708.21283							-242.07300	1511.39441	706.68311	-560.35840	1486.16943	450.01389	-481.93250	1350.10535	642.46344	-330.74326	1543.07703	480.18176	-160.06856	1219.81482	765.17487	-578.35840	1215.53235	318.44769	-216.26370	1009.60852	884.44983	-661.71497	989.72931	405.53937	-407.60846	951.23169	749.24323	-588.83350	982.80542	530.58002	-297.72092	986.83533	467.83887	-377.88745	516.37390	747.73444	-702.82916	606.61469	583.27393	-250.15819	113.95107	576.75238	-544.94214	172.86375	490.16367	
486	4.850	-477.99466	1579.04822	823.85699	-408.15741	1788.60132	597.39972							-247.04454	1510.59241	710.33691	-568.82117	1486.43652	457.31516	-488.99289	1349.98584	648.77454	-339.08170	1543.04456	483.79593	-165.46825	1218.24634	767.66064	-587.65582	1216.08887	324.72665	-222.05351	1008.94287	887.00916	-670.61005	989.56555	411.96164	-411.93863	951.02472	752.82593	-595.81677	983.09973	537.01300	-305.95587	986.91376	469.49371	-379.22955	515.68878	746.73700	-707.60303	604.59790	589.43500	-250.63150	114.55973	576.49359	-572.32062	162.70863	502.17133	
487	4.860	-483.14578	1578.61035	830.12262	-414.25067	1788.63623	602.92255							-252.58408	1510.10791	715.21777	-576.97986	1486.63062	464.15881	-494.99380	1349.66907	654.36707	-346.88840	1543.31030	488.64496	-170.85229	1217.81189	770.04010	-597.45831	1216.63074	330.91962	-226.42746	1007.74261	889.79791	-679.98383	989.74933	418.44788	-416.12714	950.38202	756.68799	-600.59222	982.07501	542.93048	-313.92429	987.15808	472.08493	-379.25165	514.09613	746.24817	-711.65326	601.98883	595.41357	-251.30707	114.87260	576.64294	-600.55157	153.47813	515.09967	
488	4.870	-487.63873	1578.67517	835.75531	-572.48840	1646.21399	728.57617							-258.80304	1508.39246	717.02502	-585.08185	1486.70691	471.18219	-501.33340	1349.03760	660.63025	-354.70071	1542.77075	493.92572	-177.22588	1216.99780	771.91943	-607.77264	1217.02380	337.37949	-232.01080	1006.72241	892.10040	-688.86432	989.67053	424.87302	-420.48187	949.70563	760.12708	-607.66272	982.71277	549.41351	-323.02368	986.60492	474.25613	-379.72574	513.08295	745.77283	-715.04193	598.72650	600.78888	-252.09575	116.51141	576.99731	-627.86243	146.11554	527.56274	
489	4.880	-493.04361	1578.17407	842.11938	-427.88315	1788.12708	614.28644							-264.57141	1508.93530	720.87720	-593.38428	1486.56470	477.95486	-507.63361	1348.80664	666.33551	-363.00211	1543.43018	498.34583	-182.38324	1215.69958	773.68658	-617.53528	1217.67834	343.83572	-237.07352	1005.66516	894.21930	-698.45538	989.94598	431.88419	-425.27576	949.27588	763.84509	-614.29468	981.94745	555.42316	-331.20038	986.20239	477.07483	-381.55209	510.44885	742.06512	-717.58270	594.45233	606.24121	-252.69183	117.31558	577.32013	-655.20734	139.56201	541.41956	
490	4.890	-496.86923	1577.39636	847.81256	-433.71835	1787.30151	619.56329							-270.17761	1507.67017	726.60480	-601.62195	1486.58826	484.75473	-514.47443	1348.49512	672.57306	-370.94360	1542.57996	503.55255	-187.48688	1214.70520	775.99530	-627.67523	1217.89392	350.71893	-241.49290	1004.31342	896.33893	-707.46906	989.45343	438.69019	-430.78531	948.78125	767.63422	-621.30646	982.52747	562.02771	-340.28769	986.12610	480.07458	-381.64285	508.58444	742.59393	-719.59778	589.39612	611.31665	-252.63489	118.85748	576.13104	-680.94397	134.14325	554.72015	
491	4.900	-501.13004	1576.89307	853.49628	-589.58618	1645.32458	749.35529							-276.66431	1506.42383	729.16394	-610.38049	1486.65808	492.04858	-520.48230	1347.56567	678.10773	-379.19479	1542.25928	508.74414	-192.80794	1213.62183	777.72174	-637.54382	1218.04529	357.33530	-246.30396	1003.11908	898.15430	-716.73822	989.47803	445.52344	-435.16196	947.57562	771.14178	-626.95313	980.88745	567.78241	-349.23883	985.11108	483.42841	-384.48010	507.28308	739.72174	-721.39246	583.88190	616.23157	-253.26471	120.12563	576.64392	-706.56970	131.38437	568.73035	
492	4.910	-506.32306	1576.18018	859.86475	-447.00555	1785.86731	630.30927							-282.98068	1506.21216	731.21149	-618.76398	1486.40637	498.63483	-527.65991	1347.11511	684.48352	-387.59140	1541.95740	512.56390	-199.08061	1212.33936	779.62903	-647.59839	1218.01978	364.54349	-250.93933	1001.87115	899.56909	-725.94525	989.68445	452.89368	-441.01672	946.86206	774.99042	-634.68921	980.92993	574.43652	-358.26025	984.23639	486.31778	-386.39493	506.89532	740.50958	-722.13019	577.49188	620.61194	-254.89893	120.86731	576.66785	-729.30847	129.49442	583.03107	
493	4.920	-510.41483	1574.96423	865.56537	-454.71881	1785.60840	636.07074							-288.42807	1504.45386	735.74280	-627.14264	1486.06421	505.45538	-533.70795	1345.86865	689.79102	-395.56985	1540.93127	517.30402	-204.17801	1211.69946	781.79077	-657.53949	1217.63403	371.17566	-255.07625	1000.10376	900.89777	-735.49365	989.44672	460.39795	-446.34360	945.82410	778.85980	-642.50446	980.27588	581.53412	-367.48364	983.45099	489.19357	-388.94769	507.93262	740.20850	-723.05164	570.37427	624.64874	-255.66447	122.13804	577.38593	-749.89209	128.95842	597.15833	
494	4.930	-515.01874	1574.37354	871.55591	-605.56921	1643.12976	770.07867							-293.90836	1504.29260	739.03461	-635.92236	1485.72559	512.62921	-540.15424	1344.76440	695.64197	-404.04697	1539.54431	523.04333	-209.14819	1209.99963	783.01526	-667.51111	1217.51013	378.61588	-260.24631	999.34338	902.65875	-744.75378	989.12909	467.66458	-451.61121	944.96631	783.07245	-650.55908	980.17505	588.92560	-376.70874	982.46863	493.66794	-392.65366	507.62762	739.50214	-724.10498	562.95728	628.45465	-255.40971	123.37095	577.05688	-767.46228	129.17622	610.80298	
495	4.940	-519.44037	1573.33521	877.25293	-467.89560	1783.52490	646.69672							-299.73331	1501.97888	740.28162	-644.40973	1485.06531	519.79431	-547.11163	1344.22900	701.33960	-412.34305	1538.48303	528.34143	-214.56657	1209.14612	785.24097	-677.75488	1217.09827	385.26685	-263.72443	997.58527	903.36713	-753.83612	988.73706	475.70499	-457.57550	944.08698	787.41791	-655.95972	977.98871	596.30414	-385.14011	981.74158	496.96524	-396.70673	507.29959	738.56293	-725.50134	554.52722	631.78363	-257.64783	124.63884	579.03906	-782.15179	129.44012	623.38159	
496	4.950	-523.94189	1572.29724	883.05609	-474.88959	1782.78564	652.09155							-306.51810	1501.20447	745.61487	-652.84302	1484.58606	526.45007	-553.00830	1343.42676	706.90448	-420.84192	1537.87988	531.36005	-219.63994	1207.70898	786.08759	-688.11908	1216.65637	391.74707	-268.66385	996.15698	904.74078	-763.36163	988.57184	483.39813	-463.68744	943.27173	792.09436	-664.03644	977.47241	604.11682	-394.28589	980.32654	501.13953	-400.70279	506.50092	739.34106	-729.39941	548.02167	634.53864	-258.42621	126.04426	578.69293	-793.93378	128.77370	634.58795	
497	4.960	-527.75055	1570.80115	888.50684	-621.66223	1640.05725	789.92456							-311.57993	1501.22742	747.99255	-661.38361	1483.38196	533.37329	-559.86273	1342.57092	713.57507	-429.36404	1536.70691	535.93835	-225.19720	1206.55103	788.23138	-698.03326	1215.99463	398.93298	-272.56610	994.77753	905.72290	-773.11322	987.79822	491.68680	-469.04999	941.74811	796.69464	-673.37506	977.71320	611.95056	-403.91968	979.51855	505.47867	-406.24948	507.04108	739.02496	-736.68884	545.42542	637.65149	-259.43665	127.52580	579.19147	-803.17944	128.17825	646.35980	
498	4.970	-532.57397	1569.98315	894.18042	-488.80438	1780.41174	662.75128							-317.38541	1499.05188	752.32599	-669.08765	1481.94800	540.59723	-567.02075	1341.66321	719.82758	-437.73871	1535.60828	541.49200	-229.89859	1205.54614	789.69397	-708.40619	1215.39612	406.22177	-276.82156	993.05432	907.41754	-782.57031	987.13434	500.30841	-476.66803	942.17731	802.79169	-681.20984	976.84711	620.27344	-413.00363	979.07672	508.24033	-411.86627	506.90445	738.98572	-744.82916	544.38123	643.86658	-260.74756	129.53119	579.79590	-809.60144	125.82249	655.73822	
499	4.980	-536.65948	1568.72827	899.70648	-495.71527	1779.43628	667.93091							-323.47821	1497.91248	753.95209	-677.40863	1480.74329	547.66351	-573.39191	1340.92273	725.75378	-446.04886	1534.90820	544.99524	-235.34830	1203.88721	789.99847	-718.90564	1214.51343	413.45230	-280.30869	991.14484	908.41772	-791.81067	986.86603	508.39621	-482.00458	939.65607	807.29852	-689.81720	975.77887	627.91211	-421.49777	977.15271	512.60468	-419.12662	505.35059	738.68921	-752.59827	543.96143	651.21234	-261.52426	131.94608	580.67218	-814.02960	123.29939	663.36212	
500	4.990	-541.13031	1567.52905	905.15265	-638.45215	1636.48975	810.34979							-329.58112	1495.84937	754.55261	-685.50604	1479.99255	554.69403	-579.46381	1339.54309	731.60150	-454.47964	1533.46387	550.16895	-240.60471	1202.72107	791.00470	-729.43823	1213.94202	420.56818	-284.21573	989.25122	908.78992	-801.47076	985.97772	516.99847	-487.90430	937.98389	811.59650	-698.44330	974.65350	635.58325	-431.01654	975.90997	516.98700	-425.83148	504.60852	739.81720	-759.38995	542.68903	659.56781	-263.59607	134.09180	582.53284	-818.78278	121.02619	670.20032	
501	5.000	-544.42084	1565.58411	910.35614	-509.88495	1777.06958	678.03741							-335.49905	1495.15906	760.34155	-695.63397	1479.93909	562.12726	-586.54187	1338.68188	737.72791	-463.07480	1531.57776	555.03503	-245.69220	1201.39587	792.41064	-739.78265	1212.65649	428.65152	-288.40945	987.96167	910.05896	-810.96759	985.25214	526.25256	-494.78033	936.78259	816.96155	-707.02667	973.60510	642.96704	-440.11905	974.74976	520.76880	-432.23141	505.24020	744.14972	-766.31183	541.27527	668.55499	-264.43848	136.44582	582.63800	-822.41931	119.44942	674.44446	
502	5.010	-549.23621	1564.51135	915.87280	-515.80334	1775.03259	682.64465							-340.95306	1492.98572	764.18219	-703.95380	1478.41333	568.98846	-593.34442	1337.29846	743.86755	-471.56644	1529.80444	559.50159	-250.65785	1198.49255	792.13208	-749.95807	1211.39697	436.66983	-291.74530	985.81073	910.19269	-819.96680	984.31836	535.14240	-501.60135	935.36047	822.68854	-715.54926	972.50171	650.25580	-448.91135	973.34491	525.52869	-440.19293	503.99948	746.59991	-772.55066	539.25098	677.81744	-267.10379	138.47635	583.53156	-822.98334	116.46375	678.40973	
503	5.020	-553.77362	1563.22925	921.33282	-653.25391	1631.61609	829.39008							-346.95615	1491.36731	764.16986	-713.35815	1477.60242	577.71106	-599.43109	1335.78467	749.74500	-480.04831	1528.43384	562.65936	-256.51779	1197.28906	792.91718	-760.38593	1210.38062	444.92175	-296.04074	983.98755	911.24396	-829.70508	983.47217	544.76575	-508.71625	933.60077	828.41467	-724.18945	971.37628	657.44324	-458.23038	971.32031	530.06396	-448.44214	503.26074	749.80621	-778.68811	536.86084	686.36682	-269.87311	142.18684	585.71948	-822.43451	113.92441	682.40753	
504	5.030	-557.45154	1561.68909	926.54480	-529.79950	1772.26489	692.38470							-354.02710	1490.02698	768.58173	-721.88007	1476.33057	584.82025	-606.13910	1334.43652	755.86768	-488.47614	1526.60925	568.06683	-261.00781	1196.61682	793.99298	-770.60541	1208.93433	453.08298	-299.44611	982.38202	911.46552	-838.74353	982.70593	553.72156	-516.28674	932.18152	833.92505	-733.16406	970.15979	665.13660	-467.59012	969.39606	534.04669	-457.31592	501.94388	753.13037	-784.80334	534.66278	695.37976	-272.68533	144.85919	586.99011	-819.46869	112.34506	684.36609	
505	5.040	-561.46899	1560.84302	931.83960	-536.95306	1771.74866	697.88763							-359.15955	1486.87427	769.08728	-730.01489	1475.10974	591.88623	-613.15601	1333.48572	762.01721	-497.00211	1525.35962	571.53412	-265.95682	1194.93762	794.73987	-781.29596	1207.70044	461.03409	-303.21933	980.30109	912.22406	-847.88733	981.68646	563.32928	-523.42194	930.85089	839.83118	-742.50818	969.51868	673.60358	-475.55695	968.12567	538.51984	-467.10132	499.79187	755.80908	-791.15997	532.01965	704.03711	-275.34296	149.25134	588.18793	-817.57764	112.60299	685.41016	
506	5.050	-564.45758	1559.47205	937.27368	-668.83911	1629.32910	849.79871							-364.77054	1486.81665	773.25238	-738.21539	1474.72778	599.08215	-619.67639	1333.18762	767.76208	-505.47083	1524.77307	576.96893	-270.72668	1193.59705	794.98059	-792.09784	1206.36511	468.91193	-306.27393	978.19806	912.40466	-856.82983	980.45959	573.40088	-530.82593	929.73608	845.62939	-751.26349	968.89056	681.29803	-484.43362	967.29517	542.53131	-474.79709	500.16406	765.51099	-796.80603	530.42981	712.17963	-279.60251	153.55481	591.18317	-817.34479	113.15604	686.98389	
507	5.060	-568.35443	1559.10815	942.79242	-549.92596	1772.20935	710.21826							-370.59402	1486.04663	778.00836	-745.91296	1474.04150	605.95239	-625.02380	1333.18079	773.28076	-514.21423	1525.14746	581.13312	-277.09723	1193.21729	795.16919	-802.79626	1205.66907	476.30457	-308.89130	976.71228	913.28076	-866.09509	979.58032	583.76349	-537.45538	929.26239	850.53186	-759.84918	968.67084	689.26819	-493.23389	967.16547	547.99506	-483.89136	498.67276	771.69006	-803.18976	529.53662	719.92316	-285.18750	158.90964	593.94324	-818.12488	114.05767	689.33478	
508	5.070	-571.85950	1558.53076	947.96997	-555.46869	1772.13074	716.29846							-373.56696	1490.58093	779.30756	-754.32306	1474.59924	613.27368	-631.21851	1333.85852	779.18652	-522.64673	1526.06726	585.17206	-281.83844	1193.79785	796.31244	-813.15015	1205.64600	487.02515	-313.49966	976.92603	912.43011	-874.50446	978.94104	593.68158	-544.37762	929.27710	855.87396	-768.18475	969.15265	697.33954	-501.31210	967.86584	551.13391	-493.43796	497.10693	779.47980	-809.26801	529.80597	727.35205	-291.42026	163.78998	597.00635	-818.28314	113.77415	690.96185	
509	5.080	-575.46423	1558.01526	953.07849	-562.15228	1773.38403	722.34808							-379.16147	1491.88806	786.91949	-762.92609	1475.67590	620.81128	-636.80487	1334.53137	784.75159	-531.10059	1526.51685	590.63580	-287.93854	1194.05151	796.95990	-823.03638	1205.73401	496.51053	-316.48474	975.02344	912.38654	-882.90448	978.89435	603.89575	-550.47046	930.32385	860.20471	-776.30316	970.45856	705.36707	-509.69455	968.64429	555.45319	-503.75739	496.79501	788.80194	-815.54248	531.68335	734.08496	-298.20959	170.41818	601.65527	-818.87427	113.64496	691.34949	
510	5.090	-578.88940	1557.63147	958.11896	-568.80096	1773.81250	728.35632							-381.83356	1492.42163	793.90149	-771.11493	1476.62378	628.71796	-642.48840	1335.51538	790.83252	-539.41626	1527.06238	595.16742	-294.05865	1194.43591	797.12482	-833.04706	1206.21436	507.54865	-320.04111	974.97571	911.32233	-891.55396	979.19775	614.72791	-555.86719	931.40765	865.32001	-784.21265	972.03619	713.35089	-518.25763	969.20294	558.56219	-514.58582	496.93298	800.78485	-822.17035	534.80719	740.15704	-306.75211	176.44144	607.87689	-819.73602	113.76812	691.22076	
511	5.100	-582.98090	1557.51477	963.31012	-574.43695	1774.31628	733.96118							-386.93698	1492.57361	800.51398	-779.15051	1477.91663	637.01068	-648.77423	1336.75525	797.44867	-547.86334	1527.87170	599.12769	-300.37955	1194.61499	797.72949	-841.88696	1206.99744	519.27698	-323.97913	975.94965	911.05298	-899.60718	979.48285	625.60968	-560.26770	931.83618	869.54858	-792.17426	973.28894	721.94263	-526.42322	969.80945	562.05719	-524.12311	496.58624	813.08624	-827.31140	535.07990	744.44366	-315.77014	181.73424	615.25739	-820.46002	113.40035	691.71271	
512	5.110	-585.95465	1557.96460	968.37274	-579.67206	1775.04602	739.25378							-391.43912	1492.72351	807.03906	-787.44025	1479.56189	645.88947	-653.57245	1337.30286	803.51587	-556.33960	1528.28772	604.32965	-306.13742	1195.57239	797.91760	-850.52155	1207.88989	530.61237	-326.27084	975.92462	910.19788	-907.34039	980.03912	636.45258	-563.88110	933.09839	873.98212	-799.19696	974.67511	729.83820	-535.23505	970.94629	565.86932	-535.01508	494.90921	826.46112	-831.33917	534.72485	748.45435	-324.87814	188.19382	622.70660	-821.27252	112.99701	692.57349	
513	5.120	-588.63660	1557.91895	973.83673	-585.31616	1775.42456	744.99768							-401.43176	1492.94824	794.07654	-795.00848	1480.38953	654.83392	-658.65582	1338.10339	810.23682	-564.85309	1529.12256	609.87128	-311.66992	1196.32373	798.16107	-859.37469	1208.69421	541.55469	-329.52795	976.32520	909.78632	-914.88629	980.84302	647.48450	-567.74304	934.03009	878.06128	-805.63708	975.64172	737.92035	-542.78412	971.70172	568.23224	-544.48572	494.30176	839.49377	-836.92120	535.21411	752.37097	-333.38181	194.77222	630.49023	-821.73865	112.83440	692.76459	
514	5.130	-591.59430	1558.78857	979.43280	-590.44763	1775.94458	750.21027							-406.43103	1493.96191	796.82129	-801.83704	1480.61792	663.85797	-662.98993	1338.51343	816.42163	-574.55322	1531.53442	611.04236	-315.35413	1198.92834	797.37396	-868.19080	1209.37915	551.42096	-331.86679	975.90240	909.05621	-922.38171	981.50012	658.70355	-570.85919	935.07202	882.78882	-811.68774	976.32324	746.00244	-552.00922	972.76105	571.58997	-553.78979	494.45593	854.70477	-842.14594	534.68671	756.41833	-341.83871	201.39780	638.71796	-822.63690	113.00579	693.14478	
515	5.140	-594.57111	1559.97217	985.14240	-597.07404	1777.25610	756.09094							-411.46143	1494.65393	797.37805	-809.19946	1481.32996	673.38000	-667.46747	1338.65869	823.01947	-582.88788	1532.19519	616.21655	-319.74423	1198.87610	796.27753	-877.50391	1210.26501	560.99139	-335.08881	977.02374	908.65015	-929.68719	982.50085	669.87500	-573.69739	935.55707	886.43073	-818.07611	976.77740	754.46313	-561.04816	974.14728	574.83972	-564.27020	493.68463	867.68988	-847.81250	535.24982	760.47662	-351.58322	208.09846	647.60767	-822.80182	113.19830	693.37842	
516	5.150	-597.53949	1560.61328	991.04572	-601.45465	1776.95276	761.29242							-416.61172	1495.84521	800.39581	-816.42657	1481.45105	683.27191	-671.11157	1338.86023	829.22290	-591.12555	1533.48352	621.79761	-324.71521	1199.47046	794.95953	-886.81824	1210.85193	570.34442	-337.42221	978.18719	908.63715	-936.41559	983.38422	681.24084	-576.36560	935.81561	889.35040	-823.13025	976.65967	762.63184	-569.96582	975.26898	578.59839	-572.99335	495.48572	881.71130	-852.30811	532.94354	763.25299	-360.23856	215.74597	655.92102	-823.04810	113.31791	693.68707	
517	5.160	-599.27240	1561.11133	996.62653	-606.66095	1777.81470	766.92578							-421.64148	1496.94836	802.03625	-823.86896	1482.18726	693.51025	-674.95459	1339.27551	835.18591	-599.48041	1534.52942	627.89758	-328.72482	1200.96704	794.56610	-896.21094	1211.76306	579.77722	-340.34033	978.52948	907.90955	-943.18158	984.21307	692.73798	-578.25818	936.68213	893.28943	-829.05225	977.27142	771.04889	-578.76660	976.56830	581.27295	-581.85907	496.99161	894.15863	-856.75940	531.72699	766.15436	-368.84171	223.07701	664.36273	-823.45685	113.66913	694.27106	
518	5.170	-602.00031	1562.26709	1002.46539	-611.04059	1778.13171	772.50775							-425.79745	1497.79602	803.60223	-828.39496	1481.14209	702.77423	-677.60645	1339.11182	840.78333	-606.57446	1536.03381	632.51208	-332.74237	1201.30774	793.64539	-905.25378	1212.20117	589.72418	-343.02353	979.07562	906.42590	-949.81195	985.48669	704.36011	-580.55182	937.48846	895.96936	-834.56018	977.59949	779.83582	-587.21674	978.07886	583.96301	-589.56458	500.52475	906.44519	-861.29156	530.26160	769.00201	-377.00830	230.48160	672.56641	-823.21509	113.53494	695.10492	
519	5.180	-604.80963	1562.82971	1008.37201	-616.87805	1779.09900	778.83612							-430.36038	1498.77588	804.19836	-835.63818	1482.11987	713.14197	-680.75970	1339.35083	846.67407	-614.48669	1537.44153	638.37830	-337.14490	1202.42346	793.67285	-913.92090	1213.21716	600.09326	-346.42822	979.80481	905.96130	-955.80292	986.42987	716.13135	-581.82703	937.60077	899.52277	-837.58569	977.00641	787.93195	-596.05945	979.59143	587.37347	-594.96466	503.67139	919.72449	-865.29358	528.76031	771.33380	-385.49149	236.63708	680.87756	-823.29944	113.62818	695.10803	
520	5.190	-606.65656	1563.10767	1013.82849	-622.40063	1780.47266	785.06110							-434.67728	1499.70142	808.01624	-839.96326	1481.34827	722.36230	-683.09900	1339.36084	851.96539	-622.09558	1538.87878	644.22400	-341.56528	1204.63660	793.43109	-922.07330	1213.76855	611.10999	-348.73346	981.07190	905.75116	-961.99841	987.76593	728.02435	-582.96680	938.57220	903.16602	-843.32037	978.61414	797.26678	-602.72382	980.96985	590.88928	-600.62042	507.62280	931.22980	-869.40942	527.23352	773.50562	-394.61340	242.70917	686.97418	-823.57617	114.48262	695.15918	
521	5.200	-609.45392	1564.11633	1019.50189	-626.72443	1781.22522	790.89600							-439.25049	1501.09009	810.47986	-846.38660	1482.34790	732.30505	-686.34308	1339.86914	857.66431	-629.54706	1540.26477	650.02936	-346.46460	1206.29944	793.76453	-929.82098	1214.78662	622.30566	-351.61041	982.80994	905.24561	-967.63318	988.92853	739.91638	-584.43671	938.48535	905.19556	-847.17578	978.81738	805.51404	-610.09149	982.36420	594.61542	-605.04242	511.93069	942.84113	-872.93542	525.73846	775.51843	-401.47491	250.07242	694.21173	-824.18628	114.88489	694.97491	
522	5.210	-611.80029	1564.10681	1025.28003	-631.22729	1781.50000	796.87054							-443.76373	1502.18896	812.26074	-851.01508	1482.28552	741.42694	-689.54736	1340.66870	863.30457	-636.74213	1541.61230	655.85400	-351.33325	1206.86975	793.01001	-937.42401	1215.60547	633.77875	-354.91559	983.30499	904.41125	-973.04346	990.13916	751.94128	-585.41943	939.55139	908.15240	-851.09698	979.77124	813.92908	-616.84448	984.20026	598.53540	-607.88824	516.59296	953.56775	-876.69897	524.61499	777.35815	-411.79767	254.11934	701.53223	-824.33160	115.03699	694.96313	
523	5.220	-614.10620	1564.97839	1030.73877	-636.06012	1782.49841	802.77954							-447.78870	1503.67932	814.42841	-856.57214	1483.14380	750.76318	-691.96362	1340.59314	868.88763	-643.71631	1542.92468	661.63904	-355.81125	1208.31812	793.33643	-944.72504	1216.70776	645.03149	-357.40610	984.30377	903.65399	-977.33667	992.73547	764.40057	-585.92999	939.79517	910.53595	-853.67694	979.91272	822.01105	-624.07440	985.18329	603.49133	-611.30035	519.73450	964.06329	-880.09937	523.48187	779.35419	-421.93097	257.71075	709.56012	-824.64868	115.04179	695.32770	
524	5.230	-616.45715	1565.93726	1036.41748	-640.05933	1783.29309	808.52850							-452.41077	1505.17175	816.42944	-861.43658	1484.05652	759.74341	-694.92578	1341.49817	874.59723	-650.37152	1544.12085	667.31018	-359.82083	1209.55774	793.03589	-951.61865	1217.51050	656.19519	-360.38785	986.10602	903.56335	-980.68842	992.97913	775.96692	-587.11279	940.99286	914.64252	-856.57349	980.78302	830.19928	-630.35852	986.50354	607.95020	-614.21777	524.90692	973.23669	-883.92181	523.31329	777.96545	-432.85611	259.17676	717.75037	-824.78339	115.28548	695.58325	
525	5.240	-620.08563	1567.23657	1042.60193	-736.95148	1641.04932	981.01459							-456.20782	1505.98499	818.17493	-866.48590	1484.79614	768.60950	-697.28882	1341.77161	880.06427				-363.92453	1210.96521	793.55664	-958.15662	1218.44434	667.14612	-361.90152	986.71948	902.70227	-985.50928	995.09814	788.15692	-587.84448	941.60364	917.23822	-858.39990	980.76770	837.96802	-635.73138	988.14258	612.94995	-617.14227	527.41431	984.27045	-887.14313	522.30847	780.83441	-443.08530	260.25784	726.90039	-824.82452	115.42606	695.56598	
526	5.250	-621.76306	1567.82031	1048.17725	-663.12354	1546.31091	678.68188							-460.53027	1507.18677	819.50281	-870.73035	1485.37256	777.07813	-700.52966	1342.52869	886.02087	-739.67126	1641.81042	987.85913	-368.06064	1211.96570	793.40411	-964.84760	1219.35669	677.96350	-364.98935	987.96979	902.20245	-989.70764	996.47107	800.06897	-591.62115	940.97968	919.30682				-641.03131	988.76672	617.27942	-619.02582	531.18506	992.88574	-890.66577	521.41614	784.56396	-454.12799	259.83331	736.80676	-824.71680	115.89654	696.00500	
527	5.260	-623.45636	1568.25281	1053.72766	-862.31506	981.11475	852.82123							-464.29758	1508.37354	822.34882	-876.49469	1486.95667	786.02496	-703.34241	1343.32532	891.73865	-741.91852	1642.67822	994.75049	-371.50430	1212.99463	794.32312	-971.07935	1220.24573	688.61749	-366.01389	988.88666	902.08148	-993.26941	997.93298	811.91962	-590.87970	943.76624	924.55328				-646.40198	990.41797	621.48969	-621.03650	534.20892	1001.09662	-893.89624	520.83575	786.39050	-465.34479	258.25290	747.19098	-824.91949	116.68752	696.08234	
528	5.270	-625.06012	1568.76306	1059.37756	-675.21240	1548.03235	690.15997							-468.64377	1509.10083	825.21313	-880.05798	1486.96985	794.05884	-705.56543	1343.51880	897.35565	-743.95374	1643.45532	1001.49432	-375.35052	1214.47925	794.27509	-976.69476	1220.92932	699.24615	-368.25754	989.36719	901.73480	-996.09521	998.66663	823.38184	-592.67365	944.52533	928.48932	-863.82587	980.82367	859.83624	-651.38660	991.34808	626.96838	-622.68939	537.35706	1008.76538	-897.54181	520.48755	788.37518	-475.48962	256.46921	758.86505	-825.18964	116.71665	696.44775	
529	5.280	-626.92560	1569.24133	1064.89380	-681.05798	1548.73584	695.84869							-472.54507	1509.96167	827.47266	-885.57538	1487.98230	802.86682	-708.46826	1344.40051	903.15143	-746.01691	1643.82727	1008.07495	-379.21616	1215.67932	795.31311	-982.51019	1221.60547	709.72882	-370.95105	990.99939	902.04401	-999.42706	1000.16254	835.11456	-595.23700	945.45367	932.38525	-865.89301	981.29083	866.78961	-655.84467	992.72803	631.83191	-624.31622	540.52570	1015.85461	-900.83527	519.97253	790.55090	-486.02658	253.47192	770.19122	-825.29987	116.83669	696.44543	
530	5.290	-628.45355	1569.63062	1070.41565	-686.67883	1549.41943	701.67920							-476.47781	1510.58313	830.04224	-889.09082	1488.26965	811.01758	-710.67438	1344.18091	908.70905	-748.46704	1644.01538	1014.58282	-382.80984	1217.41089	796.42181	-987.56824	1222.07495	719.97754	-373.61163	991.82660	901.42236	-1002.04950	1001.03394	846.55219	-596.65741	946.07129	936.53406	-867.03015	980.66290	873.31360	-660.56244	993.54492	636.15930	-624.75763	543.13611	1023.39258	-905.39935	520.52899	793.13013	-495.84393	249.65031	782.54413	-825.81989	117.31187	696.47119	
531	5.300				-692.41345	1550.05945	707.65344							-480.38049	1511.14563	834.11646	-893.81860	1488.80298	819.71497	-714.74768	1345.31995	914.93304	-750.31964	1643.77368	1020.92010	-386.45410	1217.39722	795.66736	-993.04327	1222.58423	730.06671	-375.42929	992.33380	901.02698	-1005.21210	1002.57996	858.15698	-598.73834	946.53748	939.09186	-868.89612	980.87677	879.82599	-664.94360	994.60614	640.99982	-624.84729	545.13776	1029.20117	-908.37335	520.19855	795.41553	-505.88681	245.39641	795.28833	-825.87030	117.70097	696.63367	
532	5.310	-630.65283	1569.72205	1081.11572										-484.29901	1511.87744	836.37543	-897.81366	1489.03833	828.11908	-717.77533	1345.64307	920.70807	-751.79877	1643.55017	1027.25342	-390.24945	1218.17725	797.39691	-997.97504	1222.96741	739.84198	-377.52087	993.46625	902.19849	-1007.65802	1003.51410	869.56073	-600.21942	948.07605	943.61261	-870.13214	980.29987	885.94250	-669.63501	995.72247	645.60657	-625.24731	549.04694	1036.33447	-911.78961	520.34894	797.94745	-515.37152	240.94455	808.04297	-826.38068	118.12284	697.41449	
533	5.320	-632.09613	1569.85315	1086.57080										-487.80026	1512.16870	840.56213	-901.07660	1489.15210	836.44958	-719.93170	1345.60181	926.25061	-753.51569	1643.72803	1033.77441	-394.39328	1217.68225	795.02075	-1003.14703	1223.02148	749.51624	-378.57272	993.41858	903.19470	-1010.26501	1004.59833	880.93988	-601.72241	947.71265	946.88550	-871.70612	980.04248	892.13269	-674.16675	996.62042	649.94568	-626.95770	550.83258	1043.04065	-914.40778	519.90417	800.13959	-524.22412	235.51921	822.22681	-826.61053	118.66886	697.53485	
534	5.330	-508.64850	1453.24036	655.77991										-491.56183	1512.73376	841.30890	-904.67303	1489.00281	844.78485	-722.09973	1345.44348	931.85547	-755.53870	1644.11841	1040.47583	-397.39011	1219.51013	800.94757	-1007.83691	1223.18872	759.06482	-381.47891	994.18829	902.14825	-1012.38672	1005.39056	892.20856	-603.51959	948.48486	951.43298	-872.93646	979.66492	898.23541	-678.85004	997.15607	654.57458	-626.21442	553.69983	1049.84741	-917.67883	519.84015	803.35785	-533.96869	230.61069	835.73029	-826.67926	118.86894	697.51740	
535	5.340	-510.07089	1451.82935	660.89374										-495.00998	1512.75806	847.30743	-908.71899	1489.56226	853.30048	-723.82513	1345.18762	937.38776	-756.80530	1644.03430	1046.87195	-401.54062	1220.29712	800.50745	-1012.55975	1223.07617	768.80585	-383.23453	994.08148	902.06757	-1014.40631	1006.05676	903.38666	-604.11652	948.98120	954.89496	-874.33337	979.28516	904.45551	-683.19690	998.32245	659.61169	-626.16101	555.31653	1056.39294	-920.72144	519.97266	806.44061	-542.18127	224.47998	850.09155	-826.80115	119.21735	697.73553	
536	5.350	-511.79037	1450.67175	666.24799										-498.21085	1513.27637	849.87860	-911.39679	1489.26318	861.46423	-726.19574	1345.29004	943.14478	-758.12512	1643.50684	1053.23206	-404.39719	1220.87744	802.57428	-1016.75378	1223.09985	778.57281	-384.91995	994.04962	902.81543	-1016.24792	1006.93439	914.54211	-605.91998	949.35870	959.31940	-875.75092	979.25043	910.79724	-688.05066	998.54871	664.34845	-626.78638	556.66980	1062.45557	-923.78735	519.98120	809.80334	-550.74109	218.63412	864.55359	-826.76947	119.46801	698.20837	
537	5.360	-513.21143	1449.23181	671.70538										-501.69089	1513.42920	852.73846	-913.68085	1488.83984	869.46326	-728.48468	1345.40234	948.95746	-760.23419	1643.03955	1059.62244	-408.28448	1222.22046	804.14374	-1020.50500	1222.82764	788.56470	-386.40869	994.49084	903.78259	-1017.90973	1007.20129	925.57831	-605.43567	949.70801	964.43561	-876.87726	978.69611	917.13855	-692.06628	998.83936	669.75641	-627.24396	558.19690	1068.35571	-926.58246	520.07562	813.40216	-559.14984	212.50714	879.47644	-827.11371	120.30177	698.57770	
538	5.370													-504.83044	1513.86267	855.66107	-916.96960	1489.05444	877.77209	-730.25702	1345.27319	954.74829	-761.41174	1642.18298	1065.87439	-411.51083	1222.61694	808.13135	-1024.19971	1222.68188	798.81232	-388.41034	994.57349	905.56244	-1019.76428	1008.18915	936.71753	-606.36530	949.18066	967.59558	-878.36401	978.51935	923.72754	-695.05200	998.90759	674.77679	-626.74451	560.61755	1074.75635	-929.15167	519.92303	817.27271	-567.12891	206.37549	895.36993	-827.53961	120.44016	699.23431	
539	5.380													-507.67151	1513.83057	859.93170	-919.77240	1488.78857	886.05792	-732.20367	1345.16077	960.72650	-762.91162	1641.74792	1072.30676	-415.48663	1222.16528	808.51422	-1027.50806	1222.57922	809.10608	-389.90286	994.16400	906.21191	-1021.12994	1008.52856	947.61481	-606.95581	949.26617	973.53918	-879.32092	977.98187	930.26868	-698.85352	998.81360	679.80872	-627.09314	562.82373	1081.37537	-931.70911	519.74811	821.42889	-575.92639	200.32953	911.60510	-827.69366	120.68895	699.20789	
540	5.390													-510.57977	1514.58118	863.24469	-923.06769	1489.04626	894.50214	-733.92206	1345.07690	966.80469	-764.17920	1641.24060	1078.88672	-418.31958	1223.54028	812.06262	-1030.46460	1222.16101	819.60645	-391.63766	993.97150	907.46002	-1021.79486	1008.49561	958.34320	-607.77563	948.50232	976.28473	-880.21472	977.30872	936.91821	-703.37744	999.42627	685.43030	-626.67688	563.99072	1086.86377	-932.87012	519.52032	826.33502	-582.90161	194.82242	927.79968	-828.11511	121.88831	699.03644	
541	5.400													-513.57703	1514.67798	868.45209	-925.54639	1488.65210	902.90100	-735.63300	1344.98450	973.01495	-765.42957	1640.85840	1085.56433	-420.97855	1224.33679	814.29242	-1033.04956	1221.70581	829.88440	-393.64139	993.81720	908.50128	-1022.29919	1008.35382	968.94696	-608.23590	949.01172	982.14807	-881.18225	976.73395	943.66199	-707.24884	999.46991	692.03339	-626.69800	565.48419	1092.95935	-934.10449	518.23010	830.67664	-591.36292	188.29910	944.83514	-828.82690	122.25005	699.73462	
542	5.410													-516.28882	1514.65051	874.15894	-928.42249	1488.70276	911.55341	-736.98157	1344.62671	979.19720	-766.63971	1640.40930	1092.22583	-425.07767	1222.89075	817.24451	-1035.53528	1221.14709	840.00073	-394.58585	993.49573	909.30151	-1022.84082	1007.64655	980.12433	-608.89697	949.78052	986.69519	-881.84253	975.82269	950.40552	-710.11456	998.76208	697.47534	-625.41730	565.25159	1096.21606	-936.04169	518.35944	835.57288	-598.51300	182.29585	961.06940	-829.18799	122.58524	700.25049	
543	5.420													-518.71820	1514.76270	878.49500	-930.35291	1488.18054	920.12946	-738.54266	1344.50464	985.50464	-767.52484	1639.55603	1098.81299	-428.69870	1221.15833	815.14386	-1037.83899	1220.27502	850.10840	-396.06506	992.60248	910.86395	-1022.03131	1006.52661	989.13776	-610.59045	949.02924	991.12329	-883.06494	975.44635	957.32764	-713.34772	999.94525	703.34863	-624.63934	565.42078	1100.83826	-937.66699	518.02271	840.61353	-605.07367	176.47894	977.20056	-829.20508	123.36687	700.86108	
544	5.430													-521.32544	1515.21008	881.92865	-932.41962	1487.82751	928.92377	-739.23706	1343.83948	991.77655	-769.15442	1639.09351	1105.66504	-431.66165	1224.65283	824.36609	-1040.02930	1219.53357	860.06128	-398.24374	991.80365	913.83331	-1021.77466	1005.89252	998.80011	-610.13770	949.33319	995.69836	-884.19397	975.11108	964.37164	-715.60907	999.64429	709.21753	-623.80304	565.35901	1105.21509	-940.10187	519.06812	846.44586	-611.14728	171.50403	995.23938	-829.39551	124.20335	701.49347	
545	5.440													-523.99933	1514.99622	886.72919	-934.00366	1487.14185	937.59308	-740.80664	1343.55981	998.22333	-769.94769	1638.29932	1112.47791	-434.59955	1224.24939	827.77966	-1041.95569	1218.49792	869.98407	-399.40891	991.65857	914.94781	-1022.48914	1005.56647	1009.49670	-610.15472	948.86786	1001.25079	-884.84467	974.29785	971.22925	-719.01440	999.73010	715.80957	-622.12823	564.98492	1109.18103	-940.95557	518.90912	851.77240	-618.25507	166.69205	1010.56183	-829.67853	124.46865	701.88745	
546	5.450													-526.55902	1515.14136	892.30615	-936.01532	1486.66101	946.49139				-771.04895	1637.86499	1119.41760	-437.13095	1224.16785	833.52155	-1043.66931	1217.25867	880.04053	-401.65799	990.70062	917.40381	-1023.10815	1005.41785	1020.39032	-610.23608	948.85101	1006.99298	-885.65570	973.69586	978.24365	-721.06842	998.97437	721.52496	-621.03479	563.25269	1112.68359	-941.30597	518.20673	857.21014	-624.09662	162.60287	1028.24780	-829.99536	124.87553	702.42053	
547	5.460	-644.86078	1560.73865	1160.81201	-742.97272	1342.63562	1011.09143							-528.61371	1514.93811	897.27545	-936.90869	1485.58167	955.01215				-771.90521	1637.38330	1126.42676	-440.31726	1223.17969	836.81482	-1044.96643	1216.26245	890.28107	-403.08487	989.75116	918.83893	-1022.43909	1004.15765	1030.56653	-609.42657	949.24609	1012.14093	-886.24011	972.93176	985.26807	-723.99005	999.26239	728.14081	-618.83813	563.21521	1115.86499	-941.49066	517.88611	862.90601	-631.11700	157.49551	1044.59375	-830.62268	126.03845	702.42834	
548	5.470				-743.51495	1341.89429	1017.50031							-530.53284	1515.23096	901.15796	-938.00122	1484.64734	963.63385				-772.71179	1636.62842	1133.49280	-443.26782	1224.24695	841.95905	-1045.92664	1215.08826	900.58868	-404.53574	989.57648	921.95050	-1022.90350	1003.61798	1041.23962	-609.74872	949.33173	1016.91986	-886.60547	971.98010	992.24353	-725.93488	999.45050	734.09113	-618.64740	561.25806	1119.20398	-941.65155	517.61523	868.82098	-636.81244	152.89261	1060.70007	-830.86499	126.92610	702.99500	
549	5.480	-646.50226	1559.57104	1174.59229	-744.16687	1341.27295	1023.96600							-532.58417	1515.40369	905.94470	-938.68829	1483.59070	972.19971				-773.78430	1636.02063	1140.57458	-445.22293	1224.30225	845.97186	-1046.50208	1213.93408	911.12097	-405.32230	988.26361	924.12018	-1022.28717	1002.39301	1051.70398	-610.71661	947.77985	1021.69104	-887.15686	971.02087	999.33026	-727.87152	999.73126	739.36700	-618.43860	559.55792	1122.32617	-941.87854	517.49017	875.06158	-642.86688	149.91309	1078.41321	-830.94470	127.28835	703.04712	
550	5.490				-744.71954	1340.61621	1030.59534							-534.49646	1515.23877	912.33795	-939.34552	1482.83826	980.73322				-774.18390	1635.00012	1147.57275	-448.03732	1223.51050	851.05530	-1047.14856	1212.89856	921.70129	-406.00934	987.73566	926.18634	-1022.55908	1002.06873	1062.08142	-610.19440	947.24579	1027.19800	-888.12811	970.61169	1006.57123	-730.40967	998.69153	746.32416	-618.15948	556.85352	1124.52930	-941.53021	516.95624	881.26343	-648.23370	146.02133	1094.76636	-831.37555	128.16112	704.05640	
551	5.500				-745.17834	1340.01208	1037.20105							-535.90765	1515.08618	917.21082	-940.41846	1482.27258	989.34680				-775.03265	1634.21387	1154.65564	-449.81998	1223.42297	854.95081	-1047.51233	1211.82410	932.08313	-407.48154	986.39856	929.72131	-1022.22369	1001.09589	1072.67761	-610.38501	946.57495	1033.24597	-889.01080	970.14050	1013.80377	-732.40601	998.45245	753.07770	-617.63696	554.58398	1127.73145	-940.64819	515.95404	887.42523	-653.62250	143.34171	1112.26160	-830.86322	129.37160	704.65167	
552	5.510				-746.24194	1339.84570	1044.17969										-941.43463	1481.84583	997.91553				-775.77191	1633.52893	1161.77930	-452.22827	1222.61951	861.13971	-1047.61414	1210.81433	942.37927	-407.87122	985.53363	931.81628	-1021.20776	999.49261	1082.85815	-610.61609	945.66266	1039.12146	-889.41327	969.28070	1020.99915	-733.72644	998.72180	759.12811	-617.42767	552.71820	1130.87512	-940.37909	515.61749	893.78235	-658.65155	140.58441	1128.08826	-831.62573	130.61832	704.29919	
553	5.520				-746.51404	1339.31055	1051.07019										-941.44537	1481.03137	1006.27350				-776.20490	1632.70972	1168.97705	-453.56766	1222.17688	864.87091	-1047.99414	1209.92542	952.69708	-408.69241	984.66351	935.85144	-1020.75348	998.94904	1093.07617	-609.82452	946.32489	1044.97107	-889.81128	968.57983	1028.35327	-735.08881	997.58929	765.62683	-617.59143	550.19135	1132.77759	-939.79572	514.97583	900.19971	-663.75092	138.16844	1143.33984	-831.75690	131.66714	706.13531	
554	5.530				-746.58081	1338.62988	1058.09253										-941.44897	1480.24683	1014.53223				-776.74121	1632.18518	1176.21350	-455.20029	1221.92212	871.69916	-1047.79053	1208.90918	962.86041	-410.01303	983.45215	939.00970	-1020.03491	998.01123	1103.78503	-610.05347	945.52533	1051.31140	-891.01624	968.39447	1036.03784	-737.14636	997.66644	772.30457	-617.78290	547.09857	1135.76343	-939.03394	514.39972	906.60583	-668.20477	136.13622	1159.98499	-832.05817	132.40834	707.34662	
555	5.540	-648.91937	1555.78271	1215.17993	-747.24414	1338.47351	1065.38086										-942.35242	1479.98718	1023.05737				-776.96985	1631.53174	1183.46704	-456.07458	1221.57996	875.52753	-1047.54614	1207.97314	972.78101	-410.84464	982.16943	942.40558	-1018.79565	997.01099	1113.94141	-610.36273	944.58759	1057.82617	-891.94098	968.08197	1043.86084	-738.25256	997.97278	778.15765	-618.54730	544.91602	1138.03833	-938.42316	513.66547	912.95123	-672.90112	135.01790	1174.66577	-832.41278	134.31143	707.91882	
556	5.550				-747.51837	1338.05017	1072.73730										-942.96844	1479.60986	1031.51892				-777.03711	1630.73853	1190.79065	-457.78979	1220.90161	882.68402	-1047.49890	1207.20593	982.88953	-410.95355	981.14063	946.31055	-1018.41534	996.86896	1124.36218	-609.02789	944.40155	1065.15845	-892.16119	967.41321	1051.77710	-739.17694	998.72363	784.23328	-618.62891	542.27899	1140.79419	-937.59125	513.00702	919.26953	-677.32721	132.82079	1188.23865	-833.04651	135.85086	708.62372	
557	5.560	-649.34052	1554.46680	1228.67529	-747.24829	1337.34106	1080.20020										-942.96741	1478.92859	1039.83948				-777.04852	1630.15784	1198.18079	-458.79144	1220.11523	888.64203	-1047.07166	1206.31982	992.81775	-411.69537	980.12164	950.70416	-1017.11823	996.26440	1134.05078	-610.07886	942.88312	1071.22668	-892.35687	966.83429	1060.15222	-740.49194	997.31152	792.45612	-620.10895	540.15442	1144.16492	-936.43298	511.85236	925.58691	-681.18860	131.93500	1200.85986	-833.69574	137.06049	708.96997	
558	5.570				-747.14752	1336.83142	1087.87878										-942.69867	1478.09851	1048.13538				-776.86218	1629.42395	1205.60718	-459.56339	1218.67468	893.34167	-1046.83069	1205.51331	1002.67126	-412.30389	978.45038	954.85229	-1015.29797	995.17358	1144.24792	-609.50928	942.65594	1078.23096	-892.68005	966.82031	1069.23438	-741.88007	996.97357	800.43805	-620.82581	538.00854	1148.24597	-936.01459	511.45102	932.12079	-685.59253	130.64278	1214.11255	-834.01044	138.14301	711.70978	
559	5.580	-648.48761	1552.88391	1241.65649	-747.00427	1336.35242	1095.69421										-943.08136	1477.83020	1056.59985				-777.00256	1629.08362	1213.13721	-460.58466	1218.26135	898.87140	-1046.03162	1204.56689	1012.28107	-412.60794	977.53192	958.80939	-1014.19171	994.92456	1154.73999	-609.09747	941.23181	1084.72192	-892.75909	966.85986	1078.65308	-742.82959	996.12067	807.25085	-622.95197	535.10120	1151.74841	-935.31665	510.69919	938.61804	-689.27881	128.40468	1224.29028	-834.39337	140.16423	712.37030	
560	5.590																-942.79095	1477.13818	1065.00891				-776.30670	1628.39771	1220.66907	-461.51553	1217.69824	904.16687	-1045.72107	1203.91016	1021.82684	-412.36758	976.84393	963.57867	-1012.41931	994.46826	1164.05408	-609.35114	941.00275	1091.63281	-892.39050	966.70697	1088.11768	-743.91260	995.42889	815.36194	-624.45734	532.51599	1155.65881	-934.73761	510.07834	945.42065	-692.74384	127.26099	1235.47595	-835.51654	142.02426	713.38519	
561	5.600	-746.39014	1335.33203	1111.49670													-942.79315	1476.72852	1073.50574				-775.89056	1627.93555	1228.37744	-462.18555	1216.49426	911.00537	-1045.17798	1203.09424	1031.19836	-412.74588	975.09198	969.43866	-1010.68384	994.13910	1173.86694	-608.66351	940.21979	1099.92639	-892.50037	966.88556	1097.91052	-745.36047	994.52545	823.41113	-626.58984	530.30109	1160.07544	-934.28564	509.51080	952.32178	-696.95636	126.06701	1242.96277	-836.38226	143.43338	715.23846	
562	5.610	-745.78455	1334.75305	1119.57104													-942.22107	1475.96338	1081.94226				-775.02869	1627.50171	1235.99023	-462.58469	1215.55090	918.34290	-1044.65112	1202.18762	1040.40186	-413.68936	974.18561	974.24426	-1008.92609	993.96570	1183.32813	-608.67584	938.75690	1107.51660	-892.31647	966.54767	1107.91248	-746.28839	993.25665	832.48755	-627.39581	529.18701	1165.52441	-933.57513	508.71823	959.55359	-700.46399	124.05315	1250.65967	-837.07806	145.89558	716.96106	
563	5.620	-744.97888	1334.02295	1127.82983													-941.48425	1475.25818	1090.44775				-774.13977	1626.90088	1243.74622	-462.89703	1214.13855	923.08862	-1044.14429	1201.37915	1049.53235	-413.29590	972.33563	978.82349	-1007.51898	994.03772	1193.45557	-608.02277	937.91174	1115.62048	-892.24939	966.44879	1118.14978	-747.22943	992.34894	839.39270	-629.32581	526.35065	1169.54968	-933.20911	508.21490	966.85474	-704.17188	122.16449	1255.80603	-838.53198	147.85745	718.15234	
564	5.630	-744.05621	1333.35815	1136.08582	-541.24225	1505.88293	1001.66193										-940.66278	1474.45007	1098.99243				-772.92224	1626.25525	1251.45056	-462.87985	1212.90283	931.88226	-1043.40881	1200.68201	1058.66113	-413.71365	970.98273	984.61517	-1005.77612	994.00116	1203.15369	-607.06769	937.25543	1124.39954	-891.82129	966.30487	1128.37866	-748.20465	991.09418	848.54120	-630.68713	524.33362	1176.17749	-932.64551	507.25839	974.53790	-707.74768	119.87930	1259.86426	-839.32654	149.77795	720.23260	
565	5.640	-742.81757	1332.52808	1144.59314													-939.78363	1473.77515	1107.57227				-772.29016	1625.80017	1259.21082	-462.61996	1211.59937	937.92065	-1042.74756	1199.91296	1067.63782	-412.58014	969.45844	990.65088	-1004.23419	994.11609	1212.98657	-606.48297	936.54926	1133.79858	-891.04944	965.59338	1138.66260	-749.17963	989.37329	857.20471	-632.42694	522.47693	1182.56116	-932.05499	506.40399	982.45184	-710.96289	117.71243	1263.29468	-840.67566	151.65692	722.02277	
566	5.650	-741.60272	1331.89417	1153.12939	-539.27026	1505.86475	1018.34698										-938.73877	1473.04590	1116.14331				-770.86249	1624.86389	1266.80066	-462.90472	1209.66504	945.13745	-1041.77405	1199.09961	1076.55774	-413.09418	967.32721	996.39600	-1001.54022	993.26288	1221.76624	-605.91461	935.12842	1140.73083	-890.40100	965.12427	1149.11865	-750.14081	988.39557	866.63281	-634.64398	520.76978	1188.61194	-931.76001	505.72055	990.66217	-714.03809	115.50951	1266.46729	-842.13733	153.98256	724.58801	
567	5.660	-740.09888	1331.15576	1161.88550	-538.38049	1502.77515	1024.32031										-937.46759	1472.25269	1124.75110				-769.94006	1624.38623	1274.38733	-462.60666	1208.12891	951.64319	-1040.92358	1198.58289	1085.54138	-413.20450	965.45221	1003.07703	-999.66498	993.25757	1231.15515	-605.30133	934.73291	1150.01611	-890.02948	964.77875	1159.80884	-750.86505	986.39069	876.66241	-635.65051	517.71423	1194.30371	-931.05121	504.52502	999.04852	-716.14313	112.80003	1268.44226	-843.83789	156.97691	726.90894	
568	5.670	-738.95172	1330.72363	1170.87903													-935.88184	1471.36694	1133.27563				-768.72717	1623.59644	1281.92725	-462.38751	1206.55029	959.54639	-1039.83118	1197.82397	1094.44250	-412.31696	963.73645	1009.84943	-997.44598	992.82922	1240.50452	-605.34375	932.89874	1159.04614	-889.35828	964.21503	1170.54773	-751.62878	984.45764	885.51306	-637.17432	514.98846	1200.89990	-930.87103	503.82965	1007.83936	-718.09216	111.12430	1270.01636	-844.60797	158.66782	730.76801	
569	5.680	-737.22546	1329.97998	1179.88098													-933.99219	1470.41931	1141.72766				-767.14722	1622.80188	1289.31799	-461.83456	1204.18738	967.06421	-1038.73987	1197.11487	1103.27771	-412.20483	961.62769	1016.57056	-995.84839	992.94708	1250.56396	-605.69751	932.01868	1169.19849	-888.47351	963.41315	1181.33984	-751.69720	982.65942	895.90149	-639.08929	513.08704	1208.17188	-930.86084	503.11218	1016.88861	-720.20007	110.21723	1272.53528	-846.51105	162.09789	733.02136	
570	5.690	-735.18732	1329.35669	1188.93921	-533.00079	1498.42480	1046.51038										-931.97583	1469.73206	1150.04224				-766.26752	1622.44482	1296.85962	-461.28159	1202.60034	974.97375	-1037.43542	1196.57947	1112.21680	-411.22699	959.29706	1023.58307	-994.25903	993.07837	1259.58228	-604.46295	931.11731	1178.17419	-887.76050	962.96167	1192.28662	-752.36438	980.18756	905.64044	-639.40796	510.01758	1215.48389	-930.61279	502.10922	1026.25610	-722.27533	109.55621	1279.96912	-847.82202	165.26598	736.33820	
571	5.700	-733.15643	1329.12524	1197.96594													-929.84216	1469.24316	1158.04907				-764.67169	1621.99768	1304.61389	-460.14859	1200.73853	981.68945	-1036.16370	1195.94836	1121.10315	-411.47714	956.67566	1030.51880	-991.59442	992.18262	1268.20642	-602.99969	930.92462	1190.86584	-886.85052	962.43793	1203.38550	-752.38385	978.41486	916.52802	-640.59808	506.42343	1222.42017	-930.24725	500.82983	1036.00562	-723.29553	110.26717	1283.01746	-849.83020	169.26280	740.92841	
572	5.710	-731.44464	1329.25061	1206.91553													-927.93958	1469.13916	1165.99695				-762.50446	1622.09753	1312.56714	-459.61069	1198.81421	990.96527	-1034.79126	1195.63391	1130.08679	-410.83691	955.30231	1038.35010	-990.32446	992.69897	1277.10864	-602.79346	930.90875	1200.41760	-885.74115	962.07037	1214.49182	-752.33118	976.45001	928.00378	-641.70197	502.81140	1228.43457	-929.88153	499.45230	1046.01660	-724.28320	109.98849	1284.09338	-852.27496	174.46805	746.68201	
573	5.720	-529.66290	1495.30713	1069.27051													-926.05316	1469.52893	1173.91626				-760.75024	1623.03564	1320.79309	-458.98148	1198.31738	999.52960	-1033.31519	1195.88354	1139.05273	-410.74988	953.54034	1045.44641	-987.82550	992.23309	1286.12952	-602.93201	930.25049	1210.01721	-884.58612	962.39893	1225.55176	-752.55811	975.87866	937.56738	-643.08044	501.05569	1235.48547	-929.99908	499.01334	1056.61951	-724.33575	110.06251	1284.15942	-854.29926	178.58838	753.20496	
574	5.730	-727.95679	1330.98218	1224.68176													-924.79572	1470.46838	1182.01306				-758.92017	1624.34741	1329.03198	-458.01291	1197.75464	1008.61499	-1031.46826	1196.11255	1147.99011	-410.34192	952.31982	1053.11194	-986.45782	992.86963	1295.03796	-601.80640	931.27753	1220.89087	-882.82294	962.78961	1236.44800	-752.38916	974.88232	948.77380	-642.81848	502.54556	1242.83142	-929.47418	498.21228	1067.60327	-724.12140	110.43030	1284.29016	-857.10760	184.70432	761.20990	
575	5.740	-725.94189	1332.13220	1233.36609													-923.33136	1471.58838	1190.17651				-757.15936	1625.68872	1337.11853	-458.00952	1197.70300	1017.88330	-1029.47156	1196.87390	1157.06201	-410.80536	951.68988	1062.29175	-984.35486	993.07605	1303.56494	-601.02856	932.52032	1230.08728	-881.28625	964.21851	1247.57056	-752.69403	974.29749	959.27551	-641.74701	505.75909	1249.64368	-929.61115	498.46234	1079.31995	-724.00513	110.35974	1284.62964	-859.76929	190.34392	771.66260	
576	5.750	-724.19897	1333.58630	1242.02234													-921.92853	1472.87439	1198.50891				-755.02539	1626.44519	1344.77881	-457.35913	1197.26880	1027.72473	-1027.35608	1198.20740	1166.29529	-411.36441	951.22278	1070.43726	-981.91608	992.90259	1312.24475	-600.00067	932.95636	1239.26831	-879.11279	965.72626	1258.85266	-752.01208	974.85541	969.21118	-640.92957	509.82568	1256.50659	-929.36414	498.84940	1091.56482	-723.85522	111.02359	1285.48120	-862.83954	196.34451	783.50476	
577	5.760	-722.14490	1334.98975	1250.65234													-920.73236	1474.61890	1206.99731				-752.95459	1626.81360	1352.24365	-457.23370	1197.87756	1038.04736	-1024.70471	1199.44800	1175.43799	-409.62216	951.43927	1078.35425	-980.38531	994.11139	1320.75134	-599.04327	934.91290	1248.15039	-877.17249	967.72247	1270.18396	-752.45557	974.65808	981.16022	-639.81805	512.04559	1264.14099	-929.49164	499.82568	1104.66064	-723.91406	110.76971	1285.80457	-867.15680	203.03557	795.62701	
578	5.770	-720.09485	1336.50610	1259.17981													-919.27710	1476.22375	1215.57068				-751.69604	1627.52893	1359.47205	-456.76251	1198.50061	1043.47461	-1022.61078	1200.75879	1184.51990	-409.95877	951.68750	1086.67798	-978.45435	994.81445	1329.20410	-597.55060	936.06506	1256.43640	-875.14856	969.75482	1281.30884	-752.80164	975.91614	989.92169	-638.33350	514.40381	1272.24829	-929.62024	500.97510	1118.45313	-723.80713	110.64773	1285.89026	-871.67743	210.82092	810.94690	
579	5.780	-718.19073	1337.89563	1267.54761	-520.91760	1498.75098	1112.46204										-917.47253	1477.67554	1224.10437				-749.83667	1628.34607	1366.76599	-456.52478	1198.54602	1053.54724	-1020.47461	1202.30835	1193.49744	-409.97366	952.17493	1095.84033	-976.75769	995.78168	1337.61853	-596.59888	937.49347	1263.39063	-872.45056	970.81042	1292.05432	-752.93744	976.53741	999.90729	-637.42377	516.21417	1279.37488	-931.05463	503.21262	1133.17896	-723.74866	110.85057	1286.70227	-875.87079	219.20738	825.11731	
580	5.790	-716.48083	1339.31897	1275.78479													-915.78064	1479.09363	1232.62024				-747.59973	1629.52502	1374.22900	-455.72635	1199.85754	1061.05432	-1018.78632	1203.60291	1202.11011	-409.43326	953.00519	1104.07422	-974.38690	996.40308	1345.39014	-593.51001	939.53094	1272.20154	-870.12158	972.28796	1302.80054	-754.01263	976.76984	1009.24115	-635.27185	516.67731	1286.23279	-932.33862	505.08548	1148.52295	-723.68250	110.49018	1288.02966	-879.83618	228.16129	839.67841	
581	5.800	-714.63513	1340.54443	1283.69360													-913.88611	1480.47571	1241.00818				-745.74677	1631.19019	1381.81042	-455.28522	1199.14453	1069.90833	-1017.20264	1204.64844	1210.34558	-408.89374	953.72394	1113.47632	-971.95416	996.64069	1354.22339	-591.47095	940.13196	1279.43188	-868.04718	973.87396	1313.32410	-755.10101	977.07220	1018.94165	-633.37311	516.65717	1293.03870	-933.56976	507.11188	1164.72339	-723.98877	110.59004	1288.28076	-883.53992	236.91431	856.10175	
582	5.810	-712.58051	1341.59741	1291.37683													-912.10071	1481.83545	1249.29407				-743.88904	1632.85461	1389.35229	-454.75433	1201.25598	1077.14270	-1016.18500	1205.60071	1218.44373	-408.57156	954.48706	1122.69348	-971.02594	998.47137	1362.63306	-590.19171	941.32855	1286.84485	-865.68915	975.17017	1323.61133	-755.31189	978.70612	1025.88904	-631.42456	517.17035	1298.70947	-935.02313	509.64822	1182.31165	-724.55719	110.77617	1287.73315	-887.90723	246.31976	873.01306	
583	5.820	-710.77618	1342.79419	1298.67529													-910.43646	1483.13611	1257.52014				-741.94989	1634.29968	1396.80017	-453.28708	1201.69946	1086.41846	-1014.91351	1206.70020	1226.50574	-408.49258	955.98688	1132.52393	-968.47217	998.97760	1369.90881	-588.35614	942.60010	1293.78467	-863.97034	977.07043	1333.63281	-756.22479	980.02081	1035.50110	-628.85535	518.05029	1304.65979	-935.85809	511.79129	1201.02380	-724.86627	110.74518	1287.90894	-891.85547	255.24437	891.42755	
584	5.830	-709.42413	1344.20349	1305.88928													-908.12799	1484.22986	1265.56201				-739.56396	1635.32153	1404.12195	-452.58105	1202.61072	1092.40918	-1013.79510	1207.72144	1234.66174	-407.07428	957.11163	1140.99707	-967.07257	1000.74451	1378.18396	-586.50677	943.81171	1300.28162	-862.34210	978.86530	1343.32666	-756.18115	981.91296	1041.99756	-626.59833	517.87952	1310.29822	-936.18005	513.94843	1221.27356	-724.89594	110.85673	1287.98779	-895.66492	263.11679	909.34888	
585	5.840	-707.73334	1345.54199	1312.99121													-906.78143	1485.68726	1273.69946				-737.57361	1636.49341	1411.39404	-451.34998	1203.46606	1100.52747	-1012.25073	1209.11072	1243.14014	-406.67944	958.00342	1150.92712	-964.87366	1001.60217	1386.48071	-584.06274	945.19025	1306.47620	-860.17865	979.95306	1352.65308	-754.91681	983.03461	1048.74097	-623.46332	518.42291	1314.78442	-935.81049	515.81140	1243.32837	-724.93457	110.93738	1288.05176	-899.05615	270.57788	926.69763	
586	5.850	-706.24585	1346.96570	1320.04126													-905.64429	1487.37585	1281.89832				-735.95349	1637.87256	1418.84375	-450.39215	1205.06311	1108.44812	-1011.07190	1210.95422	1251.98267	-406.33252	959.35016	1160.70349	-962.83051	1002.59875	1395.09607	-582.57520	946.96399	1312.94202	-858.04230	981.10962	1361.67432	-755.15247	983.93286	1058.72571	-620.77124	519.88806	1319.67151				-724.94177	110.94494	1288.05933	-901.88324	277.97049	946.19153	
587	5.860	-704.72272	1348.49976	1327.02686													-903.66278	1488.54211	1290.01672							-448.94556	1206.12329	1115.66589	-1008.61902	1212.04419	1260.82776	-405.23547	961.22455	1169.30859	-960.39716	1003.74225	1402.91138	-580.33990	948.73962	1318.68530	-856.76025	982.97235	1370.36694	-753.93121	986.48621	1064.56921	-617.55969	520.64001	1323.79260				-724.90698	110.95987	1288.05383	-904.58331	284.40918	966.78497	
588	5.870	-702.52081	1349.81787	1333.94092													-902.45892	1490.12012	1298.24060							-448.86084	1207.81860	1122.63379	-1006.83923	1213.75781	1270.00708	-404.93536	963.41516	1179.33887	-957.93231	1004.68561	1410.77332	-576.03534	949.54004	1325.17053	-855.17688	984.56183	1378.98865	-750.37378	986.29144	1070.83081	-613.58386	521.50977	1327.95862				-724.88574	111.03085	1288.08740	-906.45984	289.49869	984.57245	
589	5.880	-700.51910	1351.32837	1340.83398	-755.96075	1549.27905	1132.55054										-900.93793	1491.53772	1306.48120							-447.42709	1208.95728	1130.89026	-1005.18860	1215.32227	1279.03772	-403.48206	965.89728	1190.03601	-955.91998	1005.93213	1419.26160	-574.20428	950.03351	1331.25720	-852.89307	985.65479	1387.31348	-753.27893	988.04053	1079.81726	-609.80579	522.99249	1331.68335				-724.79260	111.17126	1288.13257	-908.63971	295.45282	1004.92682	
590	5.890	-698.58319	1352.81165	1347.74951	-758.29565	1551.88599	1140.03357										-899.09125	1492.66748	1314.74194							-447.08185	1210.63391	1137.06506	-1003.67413	1216.68909	1287.68713	-402.55981	968.63806	1199.83740	-954.22229	1007.54504	1427.44470	-571.02539	951.36346	1336.13000	-850.95197	987.09937	1395.60413	-753.00610	988.76971	1088.10852	-604.80774	522.99731	1334.50354				-724.59406	111.48552	1287.80078	-910.76013	299.08292	1027.54590	
591	5.900	-696.17133	1354.12329	1354.59631													-897.83185	1493.99902	1323.09814							-445.42065	1211.56482	1144.66980	-1001.73016	1217.96228	1296.14148	-401.04694	971.30566	1208.62488	-952.09235	1008.99036	1435.30542	-568.47375	952.94684	1341.38281	-849.74219	989.11835	1404.11841	-752.60071	990.68024	1094.45447	-600.62396	523.40167	1337.99268				-724.44849	111.56503	1287.78796	-912.65649	302.22299	1046.80750	
592	5.910	-693.38452	1355.19189	1361.32776													-896.12512	1495.00378	1331.51404							-443.83719	1213.53223	1151.31519	-1001.57141	1218.71533	1304.30200	-400.43423	973.55176	1218.49695	-949.52332	1009.71381	1443.02100	-565.62677	954.36078	1347.21570	-847.83832	990.58655	1412.78076	-751.61505	991.67249	1101.41675	-596.14069	523.16986	1340.21045				-723.88599	111.66327	1288.38293	-913.94116	303.96375	1068.76343	
593	5.920	-690.66193	1356.17688	1368.00696	-753.82617	1554.18201	1161.39172										-893.72241	1495.75854	1339.83081							-442.90958	1215.09534	1158.13892	-1000.11334	1219.83008	1312.61658	-399.21469	976.53174	1228.62720	-947.57104	1010.78577	1451.65833	-561.85297	955.78400	1352.44507	-845.13647	991.34424	1421.63953	-751.87640	993.55792	1107.15186	-591.16589	523.06824	1343.60791				-723.87115	113.08778	1288.85254	-914.71161	305.13284	1092.40063	
594	5.930	-688.09979	1357.12952	1374.62830	-897.46857	553.13525	1460.36145										-892.00348	1496.73828	1348.30200							-442.64722	1216.26697	1163.38538	-999.03180	1221.01672	1320.87402	-398.02121	979.06152	1237.61023	-945.64685	1011.90302	1459.56470	-558.14752	956.47479	1358.20337	-842.54700	992.56714	1430.65698	-752.40485	994.03949	1115.44275	-585.88477	523.09698	1345.82129				-723.87030	113.21354	1288.92725	-915.37842	305.97733	1114.36255	
595	5.940	-685.55048	1357.94849	1381.02747	-756.08838	1558.36426	1176.60156										-889.90381	1497.35547	1356.73975							-441.33548	1217.83105	1168.39575	-998.09894	1221.69421	1329.04419	-396.65979	981.35229	1247.49048	-943.04089	1012.48706	1467.05798	-555.26550	957.67230	1361.57776	-839.67749	993.62427	1439.69226	-752.64117	995.64197	1121.85022	-581.90942	522.58234	1348.29395	-889.56940	561.34637	1481.17639	-723.86145	113.39780	1289.03357	-915.48993	305.23407	1135.78345	
596	5.950	-682.87463	1358.54919	1387.39844													-887.51086	1497.66565	1365.14343							-439.63248	1219.45483	1175.90112	-996.39130	1222.69849	1337.60059	-395.18091	984.03046	1256.86108	-940.29651	1012.59570	1474.80847	-550.52808	958.57349	1367.18677	-836.25970	994.11304	1448.75769	-753.51422	996.60712	1128.54187	-577.35461	521.81580	1350.99194	-880.56757	569.91620	1501.07898	-724.12140	113.39292	1289.53357	-915.32404	304.33972	1160.01538	
597	5.960	-680.13141	1359.00098	1393.67993													-885.20752	1498.09253	1373.47644							-437.70386	1220.19482	1181.58313	-994.62476	1223.24207	1346.05542	-393.48322	987.11664	1265.39673	-939.04633	1014.21033	1482.63257	-546.54486	959.18567	1372.02820	-833.19012	995.40021	1457.59778	-754.00592	997.77289	1136.19470	-571.97052	521.48444	1352.35645	-869.83936	578.20538	1520.04272	-724.20911	113.87425	1289.36816	-914.80865	301.70868	1182.34973	
598	5.970	-677.24731	1359.40527	1399.92224	-749.28711	1559.70544	1198.46594										-882.50891	1498.28076	1381.75574							-437.29520	1220.77100	1186.39136	-993.31744	1223.69958	1354.50977	-392.66815	990.01239	1275.64661	-936.55701	1014.31525	1491.12329	-544.70575	959.80688	1374.02014	-829.60150	996.08856	1466.30933	-754.95538	999.35602	1142.10303	-566.75012	521.08594	1355.20349	-859.44958	586.95215	1537.70544	-724.54260	115.33464	1289.84583	-913.22522	298.77063	1204.10083	
599	5.980	-674.19409	1359.89746	1406.10889													-879.63751	1498.08130	1390.02405							-435.78043	1222.44031	1192.32239	-991.10614	1224.27380	1363.38098	-391.23706	992.75171	1284.97070	-934.81812	1015.01489	1499.57300	-541.28448	959.85944	1379.04968	-825.41516	996.43121	1474.76758	-755.26483	1000.35004	1148.71790	-561.77368	521.79846	1358.52734	-847.42603	593.13324	1555.01025	-724.85712	115.54628	1290.18701	-911.90070	295.15921	1226.29102	
600	5.990	-671.36566	1360.40283	1412.35156													-876.65161	1497.97583	1398.29675							-433.82886	1222.48376	1197.60388	-989.38214	1224.88867	1372.19031	-389.90991	995.12970	1293.13403	-931.76129	1014.54358	1507.09155	-537.91156	960.02856	1383.19287	-821.23566	997.09229	1482.96045	-756.47736	1001.25531	1155.59155	-556.75208	522.10760	1361.82825	-835.75781	599.85760	1569.39526	-725.25952	115.66140	1290.72913	-909.49146	289.13907	1252.45105	
601	6.000	-744.67700	1560.12744	1219.32288													-874.22253	1498.23926	1406.57593							-432.53842	1223.38928	1200.63184	-987.82214	1225.58301	1381.12317	-388.39981	997.83240	1302.21606	-928.81207	1013.98773	1514.60876	-535.25854	960.41736	1386.62952	-816.66553	997.38721	1490.83508	-757.25989	1002.72290	1161.94727	-552.42853	522.25433	1365.69958	-825.18488	607.63751	1583.41138	-725.76825	116.85529	1292.07654	-906.88898	283.15228	1273.76062	
602	6.010	-665.49872	1361.03760	1425.02429													-871.32367	1498.04846	1414.81628							-432.02036	1225.00964	1207.89478	-985.49750	1225.54187	1390.09998	-386.88483	1000.00543	1310.92993	-926.78674	1014.47955	1522.96973	-532.38013	960.65521	1390.48035	-812.41199	997.62177	1498.49341	-757.56787	1003.56000	1169.70471	-547.93695	522.42535	1370.16687	-813.47290	613.47467	1595.92603	-726.61749	117.16536	1290.91504	-904.44257	277.48007	1300.77710	
603	6.020																-868.69806	1498.21826	1423.10449							-429.24896	1226.27417	1216.58765	-983.24213	1226.15918	1399.09143	-385.29095	1002.91180	1318.37354	-924.36066	1014.29846	1531.19263	-529.59039	961.19952	1393.11902	-808.63751	998.43433	1505.93445	-758.04608	1004.80872	1176.04138	-543.84839	523.38800	1375.46960	-800.96326	618.34509	1607.20386	-726.92755	117.38305	1291.29919	-900.78876	269.80826	1321.53430	
604	6.030																-865.94037	1498.40796	1431.37976							-427.03870	1227.13867	1222.15906	-980.60205	1226.16321	1408.12280	-383.36819	1005.70624	1327.70349	-921.47595	1013.81036	1538.34595	-527.15210	961.31287	1396.36328	-804.51129	999.07562	1513.14539	-758.63208	1006.36194	1181.92871	-540.90863	523.18396	1380.41260	-787.94519	622.34979	1617.24805	-726.68427	117.63087	1292.87036	-896.83105	262.78110	1347.66748	
605	6.040																-862.69238	1498.16296	1439.57349							-427.00916	1228.37891	1226.90320	-978.06006	1226.52686	1417.12183	-381.90869	1008.18097	1334.91272	-918.78473	1013.24817	1546.01990	-524.47736	961.34534	1399.72009	-799.42816	998.75812	1520.20386	-758.80652	1007.80865	1188.22180	-540.23322	522.62439	1384.32056				-727.02405	118.94961	1293.61536	-892.10895	255.32829	1369.18518	
606	6.050																-859.66296	1498.13940	1447.67847							-423.87378	1228.46179	1231.99878	-975.53918	1226.91357	1426.03369	-380.33026	1010.62506	1343.74438	-916.44958	1013.30963	1554.35046	-521.80402	961.52747	1403.15759	-794.70880	998.91010	1527.10779	-759.03510	1009.30029	1194.56824	-538.99176	523.27618	1386.76489				-727.04364	119.58973	1293.70313	-886.45673	247.11751	1393.54980	
607	6.060	-734.87878	1564.20142	1263.51489	-489.44138	1531.44128	1270.78491										-856.51123	1498.27930	1455.75989							-422.03552	1229.29639	1237.64734	-972.94800	1227.02271	1434.89246	-378.10522	1012.05603	1351.54041	-913.70630	1011.37018	1561.32251	-519.97754	961.46204	1405.01147	-790.66461	999.48981	1536.20264	-758.93854	1011.03455	1199.06177	-536.38892	523.89142	1388.95398				-727.00641	120.13433	1294.01208	-879.60596	238.91373	1419.13049	
608	6.070				-487.68814	1532.81970	1277.23694																			-420.13382	1230.28430	1244.10938	-970.78253	1227.76306	1443.63867	-376.59610	1013.62500	1359.42859	-911.21918	1011.75317	1569.22559	-518.19592	961.32727	1407.40942	-785.93176	999.26190	1541.34363	-758.72205	1012.45251	1204.58997	-535.85504	524.33911	1389.30029				-727.24213	121.37257	1294.96814	-871.72900	230.28242	1444.50305	
609	6.080				-486.03354	1533.61255	1283.62927																			-418.14142	1231.45972	1249.99890	-967.88678	1227.59375	1452.33557	-375.29214	1016.13043	1366.00330	-908.32428	1010.96631	1575.63416	-516.16302	961.74969	1410.51978	-782.31244	998.80341	1551.08081	-759.72028	1013.23077	1215.33069	-534.29669	524.84302	1389.76978				-727.53516	122.07340	1294.92078	-862.79187	221.73286	1469.48328	
610	6.090																									-416.29471	1232.12195	1255.42896	-965.28406	1227.97864	1460.92517	-374.15436	1017.13739	1373.12158	-905.30115	1010.82434	1582.94153	-514.56256	961.94061	1412.78918	-776.31091	997.39014	1555.05994	-759.84747	1015.48016	1220.46118	-534.14984	525.35205	1391.09326				-727.92645	123.31102	1296.10913	-852.41235	213.47108	1494.22729	
611	6.100																									-414.25830	1231.85693	1259.05054	-962.43048	1228.21997	1469.48608	-371.98914	1019.63586	1381.65662	-902.46466	1010.46198	1590.90173	-512.54663	961.78546	1415.61755	-772.10815	998.90515	1563.39478	-759.74304	1016.13690	1227.90967	-533.68195	525.04974	1392.33801				-728.14581	123.96890	1296.39075	-840.82886	205.44412	1518.17981	
612	6.110																									-413.65381	1234.57629	1267.56348	-959.21460	1228.10010	1478.02014	-370.01617	1020.65564	1386.90186				-510.55600	962.55103	1418.82825	-768.07404	998.93695	1569.31494	-759.86023	1018.10486	1234.52539	-532.25372	525.75665	1393.20764				-728.40985	125.88976	1297.01001	-828.27417	197.96100	1542.26208	
613	6.120																									-409.92136	1233.50281	1272.96216	-956.29144	1228.61877	1486.45837	-367.99588	1022.46613	1394.23877				-509.20334	962.17889	1421.71143	-762.72211	996.80115	1575.33911	-759.48059	1019.02692	1240.23413	-531.52338	525.79578	1395.48108				-728.27386	126.54797	1296.95776	-814.18054	190.73761	1565.52527	
614	6.130																									-407.44046	1234.40894	1277.87671	-952.85101	1228.43872	1494.84692	-365.69043	1023.63458	1401.82336				-506.93005	962.66327	1424.76855	-757.81873	996.68152	1579.52527	-759.17047	1019.89948	1246.01563	-530.27826	525.92065	1397.21777				-728.18793	127.01698	1297.20142	-799.44635	184.69771	1588.40747	
615	6.140																									-404.95779	1235.14783	1284.46899	-949.73999	1228.68176	1503.16821	-363.07126	1024.29285	1408.03040				-505.43713	962.47400	1426.68408	-753.39392	998.03253	1587.94519	-758.77167	1021.43036	1252.65442	-529.60388	525.46143	1399.47400				-728.20013	127.69868	1297.31104				
616	6.150																									-402.42319	1235.59509	1289.54614	-946.66632	1228.92090	1511.46179	-361.22415	1025.46582	1414.48877				-503.81644	962.51141	1430.03149				-758.22723	1022.61261	1257.68689	-528.48669	525.89233	1402.43994				-728.08313	128.49330	1297.43433				
617	6.160																									-400.52533	1236.74609	1294.45703				-358.41119	1027.07214	1420.41785				-500.63040	963.41138	1434.01550				-757.39746	1022.41571	1265.49219	-528.07855	525.16254	1405.64697				-727.45294	129.89917	1300.36194				
618	6.170																									-397.79514	1237.28442	1300.96375				-356.00790	1027.82153	1427.81787				-499.38528	963.16656	1436.04846				-756.21533	1023.80603	1270.88391	-527.70331	525.20331	1408.20483				-726.97107	130.76419	1300.69739				
619	6.180																									-395.40350	1237.21692	1305.62683				-353.81555	1028.27161	1433.22681				-497.36612	962.52942	1440.18152				-755.01361	1025.18628	1276.26062	-525.81000	525.34052	1411.43005				-726.63623	131.46271	1301.67090				
620	6.190																									-392.88232	1237.62793	1311.34143				-350.10883	1028.08813	1437.12048				-495.12143	963.73657	1442.69983				-754.16772	1024.93420	1284.07959	-524.99725	525.25464	1413.79614				-726.30237	132.91325	1301.57507				
621	6.200																									-389.73895	1237.21729	1316.76086				-347.04224	1029.73132	1444.73718				-491.99872	963.06592	1444.27722				-752.97583	1023.87268	1291.58435	-522.85144	526.07208	1417.07129				-725.76282	133.82498	1302.00293				
622	6.210																									-387.00381	1236.87061	1320.67627				-344.10416	1029.42249	1451.79712				-489.23560	964.18835	1448.99292				-751.51917	1024.55334	1296.24792	-521.53668	525.82758	1418.82178				-725.80328	135.18280	1300.95349				
623	6.220																									-384.21426	1237.72583	1328.24463				-342.31641	1030.49646	1458.81323				-485.21497	962.93469	1452.71765				-750.50635	1024.68872	1302.86169	-520.20557	525.76727	1421.11047				-725.48999	135.66167	1301.65710				
624	6.230																									-381.16028	1238.94299	1335.17346				-338.14935	1030.83191	1464.79883				-482.86951	962.53143	1457.47314				-749.27606	1023.32727	1310.34253	-518.67389	525.69623	1423.51086				-725.08466	136.21611	1302.48962				
625	6.240																									-378.16812	1238.08411	1339.19092				-334.14676	1030.50989	1469.56384				-479.50153	961.87433	1459.56641				-747.33746	1022.28076	1315.59644	-516.99005	525.02222	1425.29651				-724.64868	136.87039	1303.45422				
626	6.250																									-374.04288	1237.49561	1345.08154				-329.67963	1029.98950	1474.70715				-475.93585	961.55011	1463.43750				-746.04932	1020.64417	1324.56274	-515.61072	523.94598	1427.55310				-724.52234	137.81033	1303.95508				
627	6.260																									-371.05841	1237.31458	1350.41394				-325.38260	1030.19470	1479.90845				-472.48755	961.93048	1468.91650				-744.06494	1020.30023	1329.24304	-513.50555	523.51776	1429.42358				-723.75183	138.70909	1304.25598				
628	6.270																									-367.90799	1236.76172	1354.37610				-321.46854	1030.10278	1485.24719				-467.39905	960.48383	1472.46362				-742.03864	1018.72729	1336.96912	-511.61713	522.58820	1431.33765				-722.93604	139.96721	1303.44287				
629	6.280																									-363.66245	1235.80627	1360.84106				-317.81467	1029.51282	1491.02649				-463.02383	960.26672	1478.21350				-739.64935	1017.72400	1341.79541	-509.81683	521.84149	1433.02246										
630	6.290																									-359.91473	1236.37195	1365.45142				-312.72018	1029.60352	1496.14868				-459.93710	959.10602	1482.81934				-737.22180	1017.12939	1349.06787	-507.75793	521.19165	1435.88098										
631	6.300																									-356.90973	1234.44263	1367.43018				-308.65915	1028.73743	1500.79761				-455.41724	957.88782	1489.20996				-733.89087	1015.41736	1356.11316	-505.11877	520.20764	1438.68640										
632	6.310																									-352.81439	1236.70898	1376.86914				-303.63800	1029.41809	1505.55017				-450.49292	956.66187	1495.97852				-730.65814	1013.72327	1363.14124	-502.61664	519.13129	1442.17920										
633	6.320																									-348.91605	1235.15771	1380.52234				-298.76819	1029.07458	1510.58545				-444.52518	956.18854	1500.11951				-727.76758	1012.30835	1369.78992	-500.33463	517.55798	1444.89307										
634	6.330																									-345.50784	1234.60352	1384.04395				-293.93890	1029.48511	1514.06055				-439.42719	955.16968	1504.97510				-724.34106	1010.50543	1376.48315	-497.36584	516.39050	1449.63708										
635	6.340																									-342.08704	1234.04675	1386.92883				-289.32458	1028.95349	1519.44800				-433.72192	954.99487	1512.60010				-720.23151	1008.81897	1383.91370	-494.11502	515.33118	1454.60364										
636	6.350																									-337.25064	1234.88184	1395.90894				-283.66522	1029.17834	1523.06726				-428.85214	954.20148	1519.11365				-716.65625	1007.59515	1391.01501	-490.47708	514.27960	1460.07104										
637	6.360																									-333.75452	1235.53918	1399.39404				-278.51050	1029.58105	1526.45862				-422.97150	954.82440	1525.78613				-712.53809	1006.48193	1398.65771	-487.20279	513.21484	1466.10632										
638	6.370																									-330.55655	1235.72083	1402.25391				-274.13928	1029.52136	1530.19983				-418.74625	954.83411	1536.13904				-708.83929	1005.82251	1405.50342	-483.18198	512.14471	1472.72144										
639	6.380																									-326.90808	1237.00854	1406.98230				-268.76913	1031.43359	1535.33191				-412.99426	956.32959	1543.80701				-704.06030	1005.97955	1413.91187	-479.04739	511.60818	1481.43262										
640	6.390																									-323.96283	1237.75244	1411.14783				-264.93594	1031.75049	1538.34033				-408.08221	957.29431	1549.97131				-699.82794	1006.60870	1421.42493	-476.12704	511.02682	1490.43091										
641	6.400																									-320.81250	1240.35718	1418.52527				-260.30103	1032.44922	1542.34326				-402.66251	958.82495	1558.84583				-695.47394	1007.47418	1429.00269	-471.97012	511.37366	1500.59851										
642	6.410																									-317.34592	1241.67908	1422.48975				-255.37749	1033.55469	1544.79224				-398.23212	961.17651	1564.19287				-690.10638	1007.99725	1437.28918	-467.80688	511.94537	1511.73877										
643	6.420																									-314.20035	1243.71497	1426.89819				-251.22435	1035.43042	1547.96240				-392.68414	962.82465	1570.29895				-685.20508	1009.11987	1444.63672	-463.41702	510.47089	1524.04187										
644	6.430																									-310.31589	1244.43298	1430.36902				-246.08237	1036.14014	1550.77759				-388.00125	963.92401	1577.27625				-679.58429	1010.14844	1452.21130	-459.12262	510.05103	1536.43738										
645	6.440																									-307.03949	1246.60046	1434.79004				-240.93808	1037.34070	1553.03809				-382.71805	965.51550	1583.31653				-673.85901	1011.06720	1459.69641	-453.78659	509.38367	1548.96326										
646	6.450																									-303.21820	1247.83545	1438.10938				-236.37682	1039.25513	1556.30981				-377.49780	968.02838	1588.41663				-668.61053	1012.28479	1466.72681	-448.68005	509.82150	1562.14490										
647	6.460																									-299.77872	1249.98218	1442.47827				-231.46829	1040.44153	1559.18835				-371.33817	969.61169	1593.98779				-662.69196	1012.95593	1473.64490	-440.82928	511.69519	1573.85645										
648	6.470																									-296.43997	1251.57007	1445.47754				-226.71063	1041.10144	1562.91614				-366.45697	971.27930	1598.29663				-656.23285	1014.39679	1481.06116	-429.24292	515.05402	1581.97510										
649	6.480																									-292.75000	1254.19788	1450.76624				-221.86554	1042.51428	1565.26343				-361.14551	972.98083	1603.02271				-649.96667	1015.24371	1487.40381	-417.01163	517.50977	1589.89758										
650	6.490																									-289.19345	1255.68738	1455.11279				-216.93147	1043.80884	1567.51990				-355.60452	975.03265	1608.45496				-643.64679	1016.38708	1493.49146	-405.16803	520.44226	1598.88354										
651	6.500																									-285.06888	1256.72217	1459.31567				-212.72008	1045.54675	1570.41980				-350.30365	976.27576	1611.27759				-637.07941	1017.42877	1499.45190	-393.24661	523.29095	1608.56421										
652	6.510																									-281.29324	1257.71924	1461.23962				-208.53035	1046.39575	1572.49780				-344.60074	977.98969	1616.19812				-630.79089	1018.49768	1505.17468	-381.55997	524.32410	1616.12927										
653	6.520																									-276.85342	1258.85132	1466.85913				-204.22279	1047.58374	1574.52539				-338.39215	979.04822	1621.27441				-624.31671	1019.35199	1510.83777	-368.91495	525.46509	1625.69202										
654	6.530																									-273.14514	1260.72107	1469.74976				-198.62886	1048.66858	1578.63623				-333.31210	979.91974	1623.33191				-617.62872	1020.33612	1516.47742	-355.89380	526.71997	1633.67371										
655	6.540																									-268.92197	1261.56702	1473.21838				-193.92439	1049.18823	1581.26086				-328.08667	981.63000	1627.62683							-343.76740	529.14917	1641.66431										
656	6.550																									-264.98175	1262.66577	1476.46973				-189.51120	1050.56458	1584.18640				-322.08749	981.82715	1632.18774							-331.47632	532.23755	1647.62561										
657	6.560																									-259.97638	1262.72852	1479.56860				-184.28955	1050.80225	1586.28040				-316.65479	982.51624	1635.91345							-319.07440	533.83490	1655.22473										
658	6.570																									-256.01355	1264.15137	1483.93396				-179.46866	1052.04272	1589.48901				-311.55588	984.22906	1638.67664							-307.66324	537.02435	1661.04932										
659	6.580																									-251.64134	1265.12146	1486.69568				-175.17149	1051.94214	1592.37048				-304.88306	983.82013	1645.62122							-296.40216	539.67847	1667.61792										
660	6.590																									-247.65338	1265.28198	1490.36133				-170.75978	1052.17041	1595.19092				-299.57916	984.28870	1648.31824							-284.85303	542.22559	1673.05420										
661	6.600																									-242.79263	1265.86768	1493.40271				-165.70630	1052.60583	1597.26831				-292.87698	985.89655	1657.17725							-273.90305	544.84552	1679.31531										
662	6.610																									-238.01257	1266.42285	1498.26904				-161.47740	1052.48865	1600.43347				-286.84689	986.20099	1662.29724							-263.24475	548.53094	1686.63892										
663	6.620																									-233.22205	1266.35168	1502.13440				-156.75859	1052.45410	1603.55835				-280.65045	986.80634	1668.23950							-252.01990	551.44025	1693.00635										
664	6.630																									-229.75735	1266.58374	1503.54761				-151.53606	1052.22534	1606.88428				-274.40924	987.16437	1674.44104							-241.08623	555.13745	1701.00757										
665	6.640																									-224.42708	1265.98926	1509.44446				-147.12471	1051.90198	1609.57703				-268.89880	986.94977	1680.04736							-230.50937	558.22607	1710.77002										
666	6.650																									-220.61697	1267.03162	1512.51794				-142.23248	1051.03040	1612.42578													-222.60063	561.48090	1720.76904										
667	6.660																									-215.59576	1265.75696	1517.70642				-137.77869	1050.79260	1616.71753													-212.57367	563.20227	1729.87476										
668	6.670																									-210.27632	1265.51282	1521.69604				-131.96379	1050.02429	1619.52844													-203.38647	566.29504	1736.53137										
669	6.680																									-204.78894	1265.05627	1527.60742				-127.19070	1049.44165	1622.99951													-194.39206	569.06476	1745.55981										
670	6.690																									-200.27916	1264.37756	1530.64282				-121.83743	1048.74609	1626.77148													-185.79214	571.11523	1752.64063										
671	6.700																															-117.56152	1047.64038	1630.60437													-177.51357	573.53375	1760.70386										
672	6.710																															-111.38586	1046.06519	1633.69019													-169.84544	575.69745	1769.38293										
673	6.720																															-107.02300	1045.31458	1637.59229													-162.15909	579.21600	1777.17102										
674	6.730																															-101.51428	1044.76123	1641.32471													-154.54213	579.60425	1785.54785										
675	6.740																															-95.86759	1043.15247	1646.46240													-146.67093	582.87091	1789.41553										
676	6.750																															-90.78078	1042.47949	1650.00513													-139.93486	584.86481	1796.03662										
677	6.760																															-85.52213	1041.71753	1656.14233													-133.48984	585.37805	1802.17114										
678	6.770																															-80.01566	1039.80420	1658.42139													-125.75419	587.02191	1807.94470										
679	6.780																															-74.99512	1040.32214	1665.08972													-120.11430	587.16626	1813.59216										
680	6.790																															-68.37513	1038.53638	1670.45081													-114.58983	587.76355	1818.29968										
681	6.800																															-63.07187	1037.03894	1674.26880													-109.37321	586.91956	1822.42505										
682	6.810																															-57.06701	1036.34998	1678.88245													-104.16149	586.67059	1827.41003										
683	6.820																															-51.04197	1035.36670	1684.89648													-99.54038	585.20844	1830.14758										
684	6.830																															-44.94774	1033.80579	1688.66040													-94.72155	582.42786	1834.66321										
685	6.840																															-38.73004	1033.44470	1695.71777													-90.32263	580.57367	1837.80054										
686	6.850																															-33.15919	1032.55872	1700.59827													-86.09368	577.34552	1839.24182										
687	6.860																															-26.59629	1031.68726	1706.31580													-81.92602	574.49268	1841.70264										
688	6.870																															-20.30185	1030.71204	1712.27441													-77.76124	570.95062	1842.87012										
689	6.880																															-13.72052	1028.81848	1717.54956													-72.65972	567.11700	1844.21533										
690	6.890																															-7.80194	1029.00427	1724.48230													-67.78877	564.03174	1845.70459										
691	6.900																															-0.66252	1028.05408	1731.05066													-62.34740	560.60583	1845.55212										
692	6.910																															6.23071	1026.26099	1737.12903													-56.88416	558.38727	1847.61462										
693	6.920																															12.69588	1026.05261	1744.62146													-50.79900	556.32275	1850.15820										
694	6.930																															20.16121	1023.84814	1751.35303													-43.97145	555.51788	1855.22339										
695	6.940																															27.04564	1022.07031	1757.56604													-36.79821	554.89490	1859.91846										
696	6.950																															34.32740	1021.30823	1765.54944													-29.22029	554.22327	1865.63147										
697	6.960																															41.07812	1020.83209	1773.19727													-22.21801	553.41077	1872.77356										
698	6.970																															48.49868	1018.68097	1780.20276													-14.51065	551.98029	1880.05212										
699	6.980																															56.07924	1017.23907	1787.11035													-7.02375	550.50720	1888.05481										
700	6.990																															63.19013	1016.61603	1795.33435													0.08336	548.77856	1895.80676										
701	7.000																															71.55779	1012.98639	1802.15710													6.97356	546.79834	1902.95850										
702	7.010																															78.53244	1013.00043	1810.97534													13.78611	545.14893	1910.91553										
703	7.020																															85.21533	1011.62982	1818.83899													20.14758	543.19843	1918.23669										
704	7.030																															92.77571	1011.28839	1828.29724													26.21312	541.10382	1926.55823										
705	7.040																															98.76005	1009.20697	1832.61157													31.77879	539.44019	1934.21252										
706	7.050																															105.99554	1009.50580	1842.39063													37.00203	538.29150	1941.06836										
707	7.060																															112.64564	1008.75977	1849.68298													41.42223	538.28589	1948.06702										
708	7.070																															118.59058	1009.86670	1857.17615													46.06172	537.75519	1952.29858										
709	7.080																															124.75266	1010.35034	1864.45007													49.92862	539.22473	1957.08459										
710	7.090																															130.57620	1011.57037	1872.06104													54.05935	541.22241	1961.10339										
711	7.100																															137.12120	1012.39496	1878.94177													58.11432	543.20624	1965.19226										
712	7.110																															142.97580	1013.58063	1886.71375													63.14036	544.41876	1967.75818										
713	7.120																															148.51590	1014.99536	1893.53979													67.35271	545.70483	1970.34265										
714	7.130																															153.87125	1016.89044	1902.04590													71.97089	546.08923	1972.17468										
715	7.140																															159.34196	1018.28247	1908.89282													75.71915	545.92932	1973.09155										
716	7.150																															164.33362	1020.06158	1916.09619													79.25512	546.36993	1975.37402										
717	7.160																															169.58487	1021.81952	1923.49841													81.84949	546.28473	1976.67859										
718	7.170																															174.17815	1023.22211	1930.25183													84.32265	547.03583	1978.41321										
719	7.180																															179.39651	1024.48120	1936.54944													86.25014	549.10345	1981.19165										
720	7.190																															183.63243	1026.36206	1944.27209													87.52355	549.53668	1984.13049										
721	7.200																															187.66629	1028.16272	1950.15381													88.24130	549.78693	1987.76074										
722	7.210																															191.70619	1029.71753	1958.18164													88.51357	549.22522	1991.03394										
723	7.220																															195.85365	1030.82861	1963.72717													88.51093	549.15491	1995.65320										
724	7.230																															200.03395	1031.21204	1968.86047													87.65241	548.42419	1997.54211										
725	7.240																															203.23921	1033.31238	1975.90747													87.60580	549.45587	2002.46631										
726	7.250																															206.71291	1034.33630	1982.62830													86.69743	549.49109	2006.23584										
727	7.260																															210.69075	1035.19250	1987.66907													86.29688	549.63318	2009.25049										
728	7.270																															213.40167	1035.98926	1994.07507													85.17026	550.82129	2012.25793										
729	7.280																															216.62085	1036.56104	1998.51404													84.83228	550.56812	2013.11682										
730	7.290																															218.92928	1036.99695	2004.33936													85.82894	550.59131	2014.96155										
731	7.300																															221.88925	1036.76782	2009.01282													85.04942	552.01172	2017.34277										
732	7.310																															223.88043	1037.72180	2014.38074													84.80397	552.01617	2017.70166										
733	7.320																															225.93500	1037.72009	2019.06323													85.14596	552.03259	2017.43213										
734	7.330																															227.92384	1038.01184	2022.66211													85.57462	552.23181	2016.84033										
735	7.340																															229.79868	1037.67480	2027.38513													87.00003	551.06470	2016.48682										
736	7.350																															231.92094	1038.07788	2031.79175													86.35703	550.36444	2015.08313										
737	7.360																															232.92795	1038.07324	2035.46790													88.00187	548.58765	2013.69336										
738	7.370																															234.30009	1038.32715	2039.55127													88.66558	548.80048	2012.74792										
739	7.380																															235.91087	1038.13733	2042.87244													87.65485	546.81232	2008.86133										
740	7.390																															236.81241	1037.30615	2045.79138													88.16770	547.34412	2007.72180										
741	7.400																															238.03514	1037.78821	2049.16968													88.85529	547.73505	2006.62256										
742	7.410																															239.28497	1037.09912	2051.32861													89.67017	546.95367	2005.43677										
743	7.420																															239.37204	1037.05432	2054.65576													90.17446	547.27661	2004.69202										
744	7.430																															240.29291	1036.53528	2057.72144													90.55805	547.40887	2004.32727										
745	7.440																															240.44038	1036.12317	2059.41602													90.34841	548.64734	2004.77698										
746	7.450																															240.87950	1035.85974	2061.46216													92.11948	549.12146	2005.50671										
747	7.460																															241.14330	1035.78345	2064.54224													92.89005	550.09998	2007.84448										
748	7.470																															241.31541	1035.01770	2066.20459													94.46848	549.05536	2006.56702										
749	7.480																															240.90935	1034.16113	2068.35083													95.93117	549.36090	2008.08740										
750	7.490																															240.37410	1034.35352	2069.97729													95.59050	550.44647	2008.38806										
751	7.500																															240.51620	1033.70544	2071.65698													96.16938	550.66107	2009.43494										
752	7.510																															240.23027	1033.55249	2073.59839													97.66451	551.14667	2010.58813										
753	7.520																															240.41122	1033.22083	2074.67480													99.21976	551.84467	2012.34106										
754	7.530																															239.68002	1033.44055	2076.71777													100.09321	551.92249	2013.02722										
755	7.540																															239.65596	1033.14661	2077.35449													101.68250	552.29193	2014.91638										
756	7.550																															239.02794	1033.11829	2078.86182													103.68143	552.11548	2016.11084										
757	7.560																															238.50377	1033.11560	2080.27490													104.57476	552.24255	2017.32922										
758	7.570																															238.29465	1033.22302	2080.48047													106.73065	553.04193	2020.17480										
759	7.580																															237.67891	1033.69519	2081.28833													108.66861	552.27136	2019.55127										
760	7.590																															237.25026	1033.67358	2082.17041													110.60651	553.19794	2022.00244										
761	7.600																															236.84372	1033.85718	2082.79468													112.56129	552.39142	2022.61206										
762	7.610																															236.44511	1034.12878	2083.30981													114.13715	552.36957	2025.33447										
763	7.620																															235.97520	1034.12341	2084.29004													116.31290	552.15912	2026.46301										
764	7.630																															235.53709	1033.89722	2085.08765													117.84527	552.20215	2028.53284										
765	7.640																															234.82993	1033.81421	2086.23242													120.69433	551.35535	2029.56799										
766	7.650																															234.60011	1033.73950	2086.20825													122.36562	551.83356	2031.91760										
767	7.660																															234.19795	1033.39380	2086.46802													124.81506	551.42786	2033.40857										
768	7.670																															233.52229	1033.19421	2086.93823													127.22743	553.81293	2040.08618										
769	7.680																															232.96826	1033.04663	2086.99683													129.52954	553.69690	2041.36926										
770	7.690																															232.48787	1032.81409	2087.10913													132.27623	552.98053	2041.74512										
771	7.700																															231.66837	1032.97278	2087.90405													134.06187	553.18170	2044.54712										
772	7.710																															231.35455	1032.60352	2087.92456													137.08086	553.13055	2048.09473										
773	7.720																															231.17477	1032.04102	2088.08594													138.23473	552.87195	2047.85901										
774	7.730																															230.54063	1032.00195	2088.96313													140.63379	553.82635	2052.12573										
775	7.740																															230.52615	1031.93164	2088.92285													141.12549	553.62073	2052.41211										
776	7.750																															230.26994	1031.97925	2089.63379													143.74260	554.13367	2056.01611										
777	7.760																															230.27840	1031.95972	2089.67798													144.48907	556.28345	2059.57593										
778	7.770																															230.16019	1031.98267	2090.06763													145.63078	555.60992	2060.75513										
779	7.780																															229.93669	1032.04272	2090.29663													145.92131	555.41345	2061.22168										
780	7.790																															229.92883	1031.99561	2090.27783													146.01630	555.09985	2061.72900										
781	7.800																															229.93895	1031.99121	2090.32422													149.47476	555.42749	2063.77612										
782	7.810																															229.93628	1031.96375	2090.32178													150.14334	555.57690	2063.23486										
783	7.820																															229.94589	1031.95422	2090.36743													150.33827	555.54840	2063.30225										
784	7.830																															229.97679	1032.00134	2090.48828													150.90692	555.65002	2062.83789										
785	7.840																															230.02480	1032.09009	2090.67065													151.85178	555.67163	2062.06738										
786	7.850																															230.50313	1031.90405	2090.39160													152.23119	555.79163	2061.62231										
787	7.860																															230.60175	1032.10059	2090.76172													152.82159	554.46460	2059.47363										
788	7.870																															230.91463	1032.10693	2090.82520													153.86871	553.19019	2056.76221										
789	7.880																															231.60532	1031.83887	2090.37427													153.90579	553.16595	2056.54541										
790	7.890																															231.73537	1032.11121	2090.85864													152.47827	553.00244	2055.09521										
791	7.900																															232.14857	1032.30469	2090.71924													152.30611	552.98517	2054.87085										
792	7.910																															232.42834	1032.27820	2090.66870													152.10178	553.13013	2054.66675										
793	7.920																															232.78568	1031.97717	2090.63574													151.46449	552.55554	2053.80225										
794	7.930																															233.03409	1031.94666	2090.44946													149.61365	552.72284	2054.10278										
795	7.940																															233.25609	1031.82971	2090.30835													147.50713	552.66626	2052.92065										
796	7.950																															233.64824	1031.81213	2089.89014													147.22906	552.75751	2052.78174										
797	7.960																															233.68272	1031.89429	2090.01563													146.67825	552.63617	2053.17554										
798	7.970																															234.20996	1031.71497	2089.29053													144.33344	552.40710	2052.50073										
799	7.980																															234.47749	1031.64038	2089.14380													143.23438	551.90076	2050.78687										
800	7.990																															234.70288	1031.67041	2088.99072													142.36748	551.33893	2049.76416										
801	8.000																															234.91209	1031.52185	2088.99927													141.19147	550.79517	2049.22803										
802	8.010																															234.96428	1031.61890	2089.19873													140.17287	550.60394	2048.81030										
803	8.020																															235.26164	1031.53723	2089.20215													139.41730	552.22101	2050.33691										
804	8.030																															235.92267	1030.86035	2088.84253													138.94098	552.33557	2050.26025										
