"Frame#","Time","Headset_Front_X","Headset_Front_Y","Headset_Front_Z","Headset_Back_X","Headset_Back_Y","Headset_Back_Z","Headset_Left_X","Headset_Left_Y","Headset_Left_Z","Headset_Right_X","Headset_Right_Y","Headset_Right_Z","Left_Shoulder_X","Left_Shoulder_Y","Left_Shoulder_Z","Right_Shoulder_X","Right_Shoulder_Y","Right_Shoulder_Z","Sternum_X","Sternum_Y","Sternum_Z","C7_X","C7_Y","C7_Z","Left Elbow_X","Left Elbow_Y","Left Elbow_Z","Right Elbow_X","Right Elbow_Y","Right Elbow_Z","Left Wrist_X","Left Wrist_Y","Left Wrist_Z","Right Wrist_X","Right Wrist_Y","Right Wrist_Z","Left ASIS_X","Left ASIS_Y","Left ASIS_Z","Right ASIS_X","Right ASIS_Y","Right ASIS_Z","S2_X","S2_Y","S2_Z","Left Knee_X","Left Knee_Y","Left Knee_Z","Right Knee_X","Right Knee_Y","Right Knee_Z","Left Ankle_X","Left Ankle_Y","Left Ankle_Z","Right Ankle_X","Right Ankle_Y","Right Ankle_Z","NA_C60","Participant","TrialNum","VisibleMarkers"
1,0,"","","","-628.21344","83.41666","-1493.57349","","","","","","","","","","","","","","","","","","","-157.16118","952.55103","-1598.97583","","","","-208.63512","757.75189","-1535.23083","-678.27460","752.79834","-1596.52759","-322.16684","790.42981","-1553.72974","","","","","","","","","","-604.67511","423.21320","-1514.67761","","","","","","",NA,"P3",20,6
2,0.01,"","","","-632.46417","84.59351","-1482.64319","","","","","","","","","","","","","","","","","","","-159.92479","952.68640","-1595.03296","","","","-211.19804","756.60040","-1528.34937","-680.08380","752.04254","-1591.53821","-324.67340","789.67725","-1548.95996","","","","","","","","","","-606.25781","420.99313","-1514.33179","","","","","","",NA,"P3",20,6
3,0.02,"","","","-635.50244","84.75185","-1471.87573","","","","","","","","","","","","","","","","","","","-161.09886","949.65106","-1585.03186","","","","-213.60948","756.33026","-1521.74316","-682.90332","749.62134","-1588.18481","-326.57950","788.19983","-1544.74609","","","","","","","","","","-608.00391","420.08774","-1509.17297","","","","","","",NA,"P3",20,6
4,0.03,"","","","-638.23700","85.23437","-1464.73462","","","","","","","","","","-592.75732","1278.09839","-1658.63293","","","","","","","-165.08763","950.22083","-1582.39966","","","","-215.35913","755.46729","-1516.83215","-685.96277","749.38318","-1584.68201","-329.24725","787.24078","-1537.08118","","","","","","","","","","-609.98523","419.25958","-1504.01074","","","","","","",NA,"P3",20,7
5,0.04,"","","","-640.03009","85.14733","-1457.69104","","","","","","","","","","-596.07874","1276.73303","-1651.72766","","","","","","","-167.35204","950.18884","-1578.62451","","","","-217.44855","755.25201","-1510.99719","-689.05957","746.82782","-1583.04297","-331.22208","787.32959","-1529.50220","","","","","","","","","","-611.56586","419.10083","-1497.36255","","","","","","",NA,"P3",20,7
6,0.05,"","","","-642.36084","83.32129","-1452.11902","","","","","","","","","","-599.30164","1276.26416","-1646.99573","","","","","","","-171.05843","949.07489","-1572.36487","","","","-219.43135","755.59076","-1505.40173","-692.14349","747.11670","-1574.86865","-333.42981","785.18683","-1525.13574","","","","","","","","","","-614.30969","417.04883","-1492.94421","","","","","","",NA,"P3",20,7
7,0.06,"","","","-644.05890","83.61256","-1447.80310","","","","","","","","","","-602.47992","1275.54211","-1641.59253","","","","","","","-173.81572","949.23090","-1568.46790","","","","-222.61006","755.24896","-1497.89282","-694.19055","745.25220","-1570.71301","-336.40256","784.30768","-1516.99817","","","","","","","","","","-616.10675","416.78363","-1484.63843","","","","","","",NA,"P3",20,7
8,0.07,"","","","-643.93188","80.90557","-1448.66772","","","","","","","","","","-606.17725","1274.03320","-1633.99890","","","","","","","-177.18520","948.68567","-1563.10205","","","","-225.60184","754.85522","-1491.64856","-697.16248","745.18787","-1563.34351","-339.52243","783.05396","-1514.94507","","","","","","","","","","-619.26074","414.82297","-1480.75842","","","","","","",NA,"P3",20,7
9,0.08,"","","","-644.06396","78.13194","-1446.64587","","","","","","","","","","-609.38458","1273.64893","-1629.75073","","","","","","","-179.25034","946.22076","-1553.61621","","","","-228.27516","753.75641","-1489.48157","-701.37952","744.64734","-1561.67700","-343.37643","781.32922","-1509.96509","","","","","","","","","","-622.84412","413.40753","-1478.63586","","","","","","",NA,"P3",20,7
10,0.09,"","","","-644.73834","77.12918","-1445.41797","","","","","","","","","","-612.98016","1273.80725","-1626.30457","","","","","","","-182.84334","947.48358","-1551.92224","","","","-231.38544","753.39703","-1483.54675","-704.60809","741.32513","-1558.81091","-346.61398","780.12573","-1504.77295","","","","","","","","","","-624.78180","415.79089","-1463.64490","","","","","","",NA,"P3",20,7
11,0.1,"","","","-645.48401","76.50703","-1441.45752","","","","","","","","","","-616.58734","1271.75684","-1618.31262","","","","","","","-187.11543","946.57935","-1545.85596","","","","-233.56488","751.85950","-1480.84204","-708.22607","743.44409","-1549.04736","-349.67499","780.53271","-1493.52661","","","","","","","","","","-627.39758","414.42099","-1459.05054","","","","","","",NA,"P3",20,7
12,0.11,"","","","-646.10919","77.00325","-1437.45935","","","","","","","","","","-620.27661","1271.92871","-1614.94373","","","","","","","-189.85278","946.21368","-1541.47327","","","","-236.63144","751.10669","-1471.08386","-712.02679","741.95258","-1544.72180","-353.13315","779.23773","-1485.13831","","","","","","","","","","-629.74072","409.81711","-1460.84363","","","","","","",NA,"P3",20,7
13,0.12,"","","","-646.13092","75.51703","-1436.03296","","","","","","","","","","-624.32300","1269.97351","-1606.46851","","","","","","","-193.59959","945.92505","-1536.17920","","","","-239.34213","752.85040","-1463.39172","-716.92053","739.15643","-1542.99231","-357.18265","778.05487","-1480.00171","","","","","","","","","","-632.47272","413.00381","-1450.00989","","","","","","",NA,"P3",20,7
14,0.13,"","","","-646.20422","73.72974","-1434.75891","","","","","","","","","","-628.01837","1269.45483","-1601.46667","","","","","","","-195.92918","942.79834","-1524.63171","","","","-241.82646","752.10187","-1456.49414","-720.34094","740.25024","-1534.71802","-360.90347","774.52423","-1482.10437","","","","","","","","","","-634.43176","413.62308","-1443.01013","","","","","","",NA,"P3",20,7
15,0.14,"","","","-647.73370","73.82446","-1429.35889","","","","","","","","","","-632.42926","1268.26086","-1594.15295","","","","","","","-200.18716","944.08655","-1522.42151","","","","-245.92148","752.75586","-1445.37952","-725.13831","739.48468","-1527.20386","-364.56143","773.35223","-1473.33093","","","","","","","","","","-636.87646","415.15710","-1428.92029","","","","","","",NA,"P3",20,7
16,0.15,"","","","-648.74304","72.01792","-1427.72278","","","","","","","","","","-635.74298","1267.07043","-1587.76379","","","","","","","-204.43161","943.93848","-1516.94409","","","","-247.86787","751.01331","-1446.67004","-730.50275","738.39319","-1523.23828","-368.88025","775.20721","-1459.05115","","","","","","","","","","-638.22241","413.54578","-1427.87024","","","","","","",NA,"P3",20,7
17,0.16,"","","","-649.29059","71.90891","-1426.17664","","","","","","","-284.08063","1274.80566","-1502.08179","-639.48712","1267.41260","-1583.92566","","","","","","","-208.07146","943.16986","-1510.65527","","","","-252.11400","749.99786","-1441.25867","-734.22498","739.20099","-1512.71521","-373.13574","774.48236","-1449.59009","","","","","","","","","","-640.14154","412.96344","-1419.31055","","","","","","",NA,"P3",20,8
18,0.17,"","","","-649.92749","72.19473","-1422.10010","","","","","","","-287.98972","1274.77319","-1496.36658","-643.51288","1267.09937","-1577.92993","","","","","","","-211.68600","943.59210","-1505.71497","","","","-255.42339","750.53955","-1434.48767","-738.49432","737.80530","-1510.13550","-376.95197","774.02600","-1442.10205","","","","","","","","","","-641.94635","413.67789","-1407.69763","","","","","","",NA,"P3",20,8
19,0.18,"","","","-650.58728","71.41331","-1417.83191","","","","","","","-292.51517","1275.17651","-1491.27087","-647.60852","1266.84106","-1571.83960","","","","","","","-215.08891","942.74011","-1497.24756","","","","-258.42929","750.80493","-1425.96631","-743.05499","735.93237","-1508.08691","-380.92300","773.25037","-1436.45313","","","","","","","","","","-643.19672","411.57336","-1401.63818","","","","","","",NA,"P3",20,8
20,0.19,"","","","-650.73480","70.56310","-1418.26575","","","","","","","-296.09824","1274.32874","-1482.88147","-651.28412","1267.43567","-1567.09399","","","","","","","-219.52776","942.15527","-1489.68518","","","","-261.81711","750.79785","-1415.92480","-747.48041","736.18262","-1500.54944","-384.58517","773.18933","-1431.72974","","","","","","","","","","-645.90509","412.41260","-1395.70923","","","","","","",NA,"P3",20,8
21,0.2,"","","","-650.99548","68.80371","-1417.86621","","","","","","","-299.75790","1275.69153","-1479.09851","-655.01038","1268.17651","-1561.93091","","","","","","","-224.11618","943.98828","-1486.70667","","","","-265.43210","752.68768","-1407.96912","-752.92957","738.74585","-1490.23999","-386.52844","774.53864","-1421.32874","","","","","","","","","","-646.60376","410.75833","-1389.45483","","","","","","",NA,"P3",20,8
22,0.21,"","","","-651.22150","68.17336","-1418.72461","","","","","","","-303.45886","1275.95947","-1472.07715","-659.00458","1268.39148","-1554.17346","-499.43414","1151.94788","-1395.78577","","","","-226.99548","944.80139","-1480.07361","","","","-269.36517","752.45642","-1407.96570","-757.49274","738.06549","-1484.14185","-391.62823","774.79535","-1417.64502","","","","","","","","","","-649.15649","410.04053","-1384.64001","","","","","","",NA,"P3",20,9
23,0.22,"","","","-651.42871","67.70866","-1419.54431","","","","","","","-307.71802","1278.34546","-1468.87280","-663.36957","1269.28748","-1546.60352","-502.68066","1153.17395","-1390.82556","","","","-231.20705","945.08942","-1472.11438","","","","-273.77655","754.96277","-1399.68774","-762.57831","739.82642","-1474.96313","-395.35400","774.87537","-1418.06262","","","","","","","","","","-651.08081","409.53525","-1381.25427","","","","","","",NA,"P3",20,9
24,0.23,"","","","-652.47906","68.30489","-1416.12769","","","","","","","-311.87024","1280.62280","-1465.06079","-667.30005","1270.72192","-1539.74524","-507.66785","1155.32190","-1384.69116","","","","-236.51096","946.49902","-1465.93225","","","","-276.88623","756.38116","-1390.68213","-767.77313","741.31921","-1471.88928","-397.84836","779.26288","-1403.33899","","","","","","","","","","-652.89899","409.89355","-1378.14331","","","","","","",NA,"P3",20,9
25,0.24,"","","","-652.77557","67.80412","-1417.34741","","","","","","","-315.20621","1282.37537","-1459.53101","-671.58374","1272.81226","-1533.10815","-511.85526","1158.19006","-1374.98352","","","","-240.96281","948.56921","-1460.59241","","","","-280.33334","760.48291","-1376.58313","-771.21814","743.69189","-1461.63965","-401.30875","780.54456","-1402.37878","","","","","","","","","","-654.86359","409.23950","-1375.80505","","","","","","",NA,"P3",20,9
26,0.25,"","","","-653.11328","67.28382","-1418.75085","","","","","","","-318.60910","1283.00256","-1450.89636","-675.35205","1275.12402","-1527.02319","-514.22510","1159.52856","-1371.43372","","","","-243.79770","949.24164","-1451.24976","","","","-284.76855","762.00085","-1368.87292","-776.20490","741.91437","-1463.33435","-405.01282","782.94635","-1392.60181","","","","","","","","","","-656.74493","408.64899","-1373.21606","","","","","","",NA,"P3",20,9
27,0.26,"","","","-654.22278","68.89920","-1417.11316","","","","","","","-322.68573","1285.68018","-1446.35535","-679.57648","1277.36670","-1519.81042","-517.41534","1161.34753","-1365.88196","","","","-248.55925","952.64807","-1448.13916","","","","-289.20596","765.63458","-1360.50830","-780.33704","745.27820","-1453.69324","-409.47961","784.62415","-1392.99609","","","","","","","-363.80524","367.17041","-1502.82483","-660.42896","409.80621","-1371.92407","","","","","","",NA,"P3",20,10
28,0.27,"","","","-655.11353","68.41669","-1417.04639","","","","","","","-326.53027","1288.18066","-1441.43237","-682.74524","1279.31128","-1512.94385","-521.64893","1162.87463","-1362.20459","","","","-253.05276","955.04889","-1443.31213","","","","-292.82919","766.84534","-1355.20593","-783.66565","748.22662","-1444.29517","-412.72916","788.76733","-1379.22766","","","","","","","-368.17590","367.26379","-1485.95789","-663.12915","409.48212","-1370.09314","","","","","","",NA,"P3",20,10
29,0.28,"","","","-655.54193","67.72524","-1418.81494","","","","","","","-329.75046","1290.01331","-1435.56018","-686.58826","1282.26074","-1507.28052","-525.66064","1166.13269","-1351.95874","","","","-256.65616","956.38501","-1434.88721","","","","-295.92154","770.30554","-1345.94312","-788.17828","751.24274","-1435.15137","-415.15738","792.12823","-1373.50720","","","","","","","-372.95914","366.30862","-1471.27258","-665.27216","407.59323","-1368.96631","","","","","","",NA,"P3",20,10
30,0.29,"","","","-656.32025","67.86472","-1418.04224","","","","","","","-333.54297","1292.45618","-1430.84033","-690.27899","1283.94348","-1499.39404","-527.10278","1167.54150","-1349.52795","","","","-260.75919","959.07501","-1430.66467","","","","-301.01318","773.41644","-1342.03052","-792.81042","751.26849","-1433.40930","-418.66846","794.63116","-1365.06604","","","","","","","-377.92975","366.95917","-1454.17603","-668.66608","405.37753","-1372.71777","","","","","","",NA,"P3",20,10
31,0.3,"","","","-656.87866","66.55718","-1417.45715","","","","","","","-337.09769","1294.25269","-1425.27173","-694.24640","1286.05652","-1492.30774","-529.97931","1168.97644","-1343.13306","","","","-264.46091","960.98883","-1425.76636","","","","-305.26755","775.68512","-1334.32288","-796.20587","753.89392","-1423.78247","-422.54852","797.45355","-1359.26660","","","","","","","-381.81601","368.29718","-1436.87048","-670.17725","405.48972","-1372.64075","","","","","","",NA,"P3",20,10
32,0.31,"","","","-657.65613","67.57986","-1415.08521","","","","","","","-340.61365","1295.50269","-1418.50049","-697.71649","1288.21875","-1486.40808","-534.41895","1171.61584","-1334.89319","","","","-268.18069","963.20612","-1421.86011","","","","-308.52481","778.75647","-1329.16223","-801.67627","755.89166","-1419.50647","-425.47482","798.55914","-1355.57166","","","","","","","-387.45685","369.18488","-1419.26404","-672.82355","403.80478","-1376.83862","","","","","","",NA,"P3",20,10
33,0.32,"","","","-657.81177","67.31660","-1415.72290","","","","","","","-343.45508","1297.57275","-1414.92700","-700.63403","1289.85693","-1480.34729","-537.81238","1172.56152","-1330.85376","","","","-271.15588","963.46667","-1413.42224","","","","-311.91861","780.68079","-1319.77673","-804.85126","761.01038","-1400.49646","-428.32690","799.91028","-1356.47498","","","","","","","-392.13242","373.86282","-1397.16394","-675.70679","404.58707","-1373.40698","","","","","","",NA,"P3",20,10
34,0.33,"","","","-657.93225","67.08378","-1416.20825","","","","","","","-346.86194","1299.12671","-1410.26697","-704.26312","1291.15564","-1473.31982","-539.41412","1173.66736","-1329.14722","","","","-274.22321","965.04712","-1409.09583","","","","-316.10880","782.95203","-1314.23376","-809.39874","762.71130","-1393.38574","-430.43109","803.97473","-1340.67493","","","","","","","-396.58102","373.48587","-1381.64343","-676.66034","403.69272","-1373.64050","","","","","","",NA,"P3",20,10
35,0.34,"","","","-658.09814","66.80236","-1416.88745","","","","","","","-350.31763","1300.13062","-1404.45972","-707.52527","1292.86902","-1468.15967","-542.43909","1176.17188","-1317.68799","","","","-277.43082","967.09113","-1406.30322","","","","-320.39291","785.00012","-1306.68774","-814.64935","763.64642","-1388.40735","-432.71695","804.77448","-1335.45300","","","","","","","-400.94788","377.50366","-1364.82666","-677.67896","403.05286","-1372.93921","","","","","","",NA,"P3",20,10
36,0.35,"","","","-658.21741","66.53922","-1417.35840","","","","","","","-352.80859","1300.89661","-1399.30835","-710.90436","1294.47400","-1463.11255","-545.02222","1176.49890","-1310.14099","","","","-281.71674","968.59290","-1402.47974","","","","-324.52505","787.72717","-1300.91077","-819.15198","764.26996","-1381.95984","-435.06512","805.05750","-1330.30737","","","","","","","-404.65405","381.23120","-1345.67505","-679.33026","401.97098","-1368.57837","","","","","","",NA,"P3",20,10
37,0.36,"","","","-658.33502","66.29669","-1417.82800","","","","","","","-356.14636","1302.25940","-1395.37292","-713.62628","1293.97034","-1454.39404","-547.42639","1177.67957","-1303.14539","","","","-284.86063","969.20087","-1397.82727","","","","-327.02759","789.63281","-1294.26184","-821.21844","767.55621","-1365.35718","-436.65866","808.28766","-1324.41223","","","","","","","-408.22330","383.49252","-1331.79492","-680.77496","402.89465","-1363.27783","","","","","","",NA,"P3",20,10
38,0.37,"","","","-658.35846","66.25861","-1417.92432","","","","","","","-357.93738","1302.71558","-1390.33716","-717.36786","1294.57532","-1447.08911","-550.06207","1178.04089","-1298.45605","","","","-287.17587","968.08289","-1388.63416","","","","-330.69281","791.54327","-1281.21301","-826.44312","769.61261","-1355.18530","-440.00443","808.69086","-1319.79211","","","","","","","-412.90646","387.46054","-1314.42346","-681.55164","401.78705","-1366.39673","","","","","","",NA,"P3",20,10
39,0.38,"","","","-658.40747","66.16989","-1418.12329","","","","","","","-361.30176","1302.32654","-1381.89697","-719.96600","1294.85327","-1440.53198","-551.73413","1179.07983","-1289.57349","","","","-290.80988","968.13910","-1382.42651","","","","-335.17899","793.28949","-1275.10193","-830.61438","770.67218","-1347.91589","-441.84723","809.18311","-1314.59167","","","","","","","-416.20224","390.76944","-1301.02637","-683.59918","401.89157","-1365.38184","","","","","","",NA,"P3",20,10
40,0.39,"","","","-658.45593","66.09589","-1418.32410","","","","","","","-364.11194","1302.43335","-1375.13513","-722.85052","1295.58423","-1434.63147","-554.69037","1179.75684","-1283.97205","","","","-293.83655","969.46625","-1379.03198","","","","-338.25955","793.56299","-1273.41211","-833.26440","771.56451","-1338.83167","-445.04691","811.79865","-1307.09338","","","","","","","-420.08908","394.65988","-1284.89612","-685.08038","401.24918","-1367.99207","","","","","","",NA,"P3",20,10
41,0.4,"-672.08649","1494.39783","-1268.25256","-658.45074","66.12874","-1418.30981","","","","","","","-366.38297","1304.79517","-1374.46216","-726.03143","1294.73975","-1424.81836","-556.28851","1179.27283","-1277.94275","","","","-296.81265","970.82941","-1375.50183","-693.77228","831.17334","-1333.91650","-340.93033","794.36621","-1267.75635","-837.02881","773.22968","-1330.30347","-446.01248","814.21045","-1298.66321","","","","","","","-423.52289","399.65335","-1267.81580","-686.94495","401.40979","-1366.96167","-388.01907","188.66835","-1534.35742","","","",NA,"P3",20,13
42,0.41,"-674.28583","1495.01746","-1261.66528","-658.50061","66.04658","-1418.51489","","","","","","","-369.10828","1304.95496","-1367.43311","-728.40924","1294.96301","-1418.22229","-558.42035","1179.60596","-1271.61377","","","","-300.21686","971.37494","-1370.93970","","","","-343.90796","795.65503","-1259.86340","-840.25928","774.08240","-1320.78088","-448.90863","814.83234","-1293.72986","","","","","","","-428.19034","401.42932","-1252.79407","-687.92493","402.00107","-1364.41553","-393.97015","190.79327","-1511.08618","","","",NA,"P3",20,12
43,0.42,"-676.46344","1495.09180","-1254.69165","-658.49402","66.04420","-1418.48401","","","","","","","-371.26517","1305.68079","-1362.31079","-730.97504","1296.82642","-1414.97668","-559.80939","1179.91321","-1265.46814","","","","-302.45581","970.72217","-1362.86877","-697.31720","830.16492","-1323.46057","-347.40240","797.57416","-1254.19006","-842.65826","775.31171","-1312.75037","-450.17520","815.38416","-1288.18213","","","","","","","-431.88718","407.37375","-1236.60669","-688.47742","401.97934","-1363.12354","-400.24365","191.38150","-1492.15222","","","",NA,"P3",20,13
44,0.43,"-678.49860","1495.39258","-1248.02295","-658.46271","66.08661","-1418.35254","","","","","","","-374.13538","1307.03064","-1358.08301","-733.72803","1297.16187","-1407.90320","-562.22632","1180.97607","-1259.31348","","","","-305.96280","970.83167","-1356.44031","","","","-349.62115","798.00330","-1249.46997","-847.32880","777.09192","-1303.73450","-452.34644","817.40002","-1283.96130","","","","","","","-435.65872","407.75412","-1228.40564","-688.50452","401.89224","-1363.21863","-407.78354","188.67769","-1475.37903","","","",NA,"P3",20,12
45,0.44,"-680.53595","1495.64819","-1241.42432","-658.41925","66.15813","-1418.17383","","","","","","","-375.54233","1307.54248","-1352.71436","-735.10828","1297.85388","-1403.41895","-564.12781","1180.95215","-1253.40454","","","","-308.31085","971.65198","-1351.95532","-702.01117","832.85193","-1311.19470","-353.40622","799.14392","-1240.57129","-849.23853","777.72198","-1295.48499","-454.01675","818.84955","-1278.12219","","","","","","","-439.88791","412.45221","-1208.02686","-688.53229","401.75101","-1363.30164","-414.17383","185.02930","-1453.37158","","","",NA,"P3",20,13
46,0.45,"","","","-658.34229","66.25921","-1417.85022","","","","","","","-378.52783","1307.19983","-1343.80908","-738.22803","1297.46680","-1393.82556","-565.28815","1181.71143","-1247.04626","","","","-311.06204","972.98053","-1348.21033","","","","-356.66696","800.90027","-1236.07275","-851.89697","778.81409","-1286.69666","-456.19504","819.10706","-1272.89429","","","","","","","-445.08975","418.18402","-1192.75525","-688.83490","400.04709","-1361.52576","-421.09113","181.14813","-1434.51514","","","",NA,"P3",20,11
47,0.46,"-684.33679","1495.76074","-1227.36755","-658.31232","66.27277","-1417.71692","","","","","","","-379.85168","1307.68518","-1338.53088","-739.80157","1297.63354","-1387.66077","-566.95740","1181.54858","-1240.87732","","","","-313.67551","972.79236","-1341.41675","","","","-358.15366","801.93707","-1230.43372","-853.99707","779.40454","-1277.80615","-456.56924","819.57782","-1267.01062","","","","","","","-449.59756","419.39612","-1182.66943","-689.72333","401.00842","-1357.43262","-427.73743","179.03142","-1409.57385","","","",NA,"P3",20,12
48,0.47,"-686.16150","1495.82446","-1220.44690","-658.29596","65.71439","-1416.75342","","","","","","","-382.11172","1308.41321","-1333.28967","-742.17987","1297.75696","-1380.24622","-569.30646","1182.37317","-1234.78003","","","","-315.88055","972.03229","-1333.54932","-705.40039","831.85101","-1294.14685","-361.09564","802.00244","-1224.69385","-856.61835","780.48645","-1268.33691","-458.18265","820.83649","-1261.97192","","","","","","","-453.07745","425.34161","-1165.37341","-689.98938","399.42548","-1356.38879","-433.09207","174.27783","-1388.27808","","","",NA,"P3",20,13
49,0.48,"-687.77356","1495.65637","-1213.15222","-658.17242","65.90251","-1416.24109","","","","","","","-383.58691","1308.37903","-1326.76074","-744.29175","1296.99951","-1370.99976","-570.41107","1181.65173","-1228.80090","","","","-318.27747","973.39111","-1329.88660","","","","-362.66245","802.95850","-1216.44189","-857.61548","780.93945","-1260.03589","-459.81845","821.36774","-1255.44043","","","","","","","-456.37949","428.49338","-1153.46167","-690.55054","399.39819","-1354.22546","-438.56351","169.66724","-1366.96741","","","",NA,"P3",20,12
50,0.49,"-689.40466","1495.54126","-1206.61414","-658.07483","66.06266","-1415.84009","","","","","","","-386.04001","1308.36768","-1319.40710","-746.17303","1297.94629","-1366.00110","-571.63654","1181.30164","-1221.61560","","","","-320.72040","974.20703","-1325.76343","-708.91376","830.79175","-1282.00659","-365.14148","802.57953","-1209.83850","-859.23566","780.93250","-1251.18628","-460.61728","821.73889","-1250.27087","","","","","","","-458.40414","432.49652","-1140.91382","-691.14661","399.57550","-1352.27283","-446.44321","164.33717","-1344.15723","","","",NA,"P3",20,13
51,0.5,"-690.89478","1495.21899","-1199.27759","-657.95013","66.26356","-1415.32629","","","","","","","-387.37198","1308.94519","-1314.92834","-747.21393","1298.65674","-1361.67346","-574.06689","1182.15112","-1215.97766","","","","-322.73456","973.88763","-1319.19983","-708.68121","830.95605","-1276.33325","-365.98422","802.05457","-1204.56995","-860.77368","782.16962","-1242.55322","-462.53894","822.63849","-1242.79126","","","","","","","-462.32281","432.20856","-1136.78772","-692.29059","399.94342","-1347.38379","-452.98682","155.24619","-1325.33752","","","",NA,"P3",20,13
52,0.51,"-692.32202","1494.94788","-1192.09631","-657.89453","66.30363","-1415.08325","","","","","","","-388.78577","1308.77551","-1308.93762","-749.38708","1298.69409","-1354.30005","-575.35638","1181.47009","-1208.62195","","","","-324.80508","973.64117","-1312.02100","","","","-367.40778","802.27112","-1199.10864","-863.64471","782.86481","-1233.54089","-463.64767","823.33014","-1237.46118","","","","","","","-465.82114","436.27747","-1122.74121","-692.67993","398.32645","-1346.02002","-457.94464","150.98305","-1298.86951","","","",NA,"P3",20,12
53,0.52,"-693.72131","1494.45361","-1184.89880","-657.79932","66.45448","-1414.69031","","","","","","","-391.00876","1308.69495","-1302.55994","-751.07288","1296.99316","-1343.82642","-576.73022","1180.78101","-1202.67334","","","","-325.89594","973.25256","-1305.69678","-712.12927","829.93335","-1262.84082","-370.10709","800.38995","-1193.76233","-863.26880","782.54742","-1225.84009","-464.26779","823.32367","-1231.29724","","","","","","","-469.05264","439.26703","-1111.25439","-692.53357","398.36130","-1345.39136","-462.69919","145.33012","-1273.38892","","","",NA,"P3",20,13
54,0.53,"-694.93890","1494.00061","-1177.55664","-657.68744","66.63079","-1414.22827","","","","","","","-391.77155","1307.20251","-1293.80054","-752.42908","1297.60583","-1339.00586","-577.02112","1180.09375","-1195.96472","","","","-327.81595","972.80859","-1298.75146","","","","-371.06897","799.89258","-1187.61829","-864.31525","782.50098","-1216.19934","-466.38821","823.45996","-1224.02478","","","","","","","-470.66833","442.00320","-1099.43298","-692.88251","397.52896","-1342.21265","-469.62302","137.81841","-1252.32886","","","",NA,"P3",20,12
55,0.54,"-696.28271","1493.34973","-1170.50464","-657.55096","66.81969","-1413.65723","","","","","","","-393.82343","1307.68494","-1289.39917","-753.95667","1296.53284","-1330.33704","-578.98364","1179.41101","-1188.83142","","","","-329.27615","972.95978","-1293.53040","","","","-373.91565","799.11530","-1181.87598","-864.50336","782.22974","-1208.33276","-467.57239","823.77179","-1218.13110","","","","","","","-473.50250","443.49768","-1091.97375","-692.84534","396.75851","-1341.83887","-473.71991","131.97911","-1226.51892","","","",NA,"P3",20,12
56,0.55,"-697.39581","1492.74573","-1163.18555","-657.67334","67.12001","-1410.87988","","","","","","","-394.93463","1306.53918","-1281.61621","-755.83350","1296.23462","-1322.93555","-580.17651","1178.61096","-1182.43176","","","","-330.27148","971.11603","-1284.48767","-837.81116","952.66260","-1347.31006","-374.05899","798.87451","-1174.33057","-864.58112","782.34320","-1199.04126","-469.28748","822.92706","-1211.45605","","","","","","","-476.27042","442.53998","-1083.50952","-693.66669","395.81720","-1337.53723","-479.18591","125.92677","-1200.84680","","","",NA,"P3",20,13
57,0.56,"-698.44800","1491.87854","-1155.70410","-657.11182","67.93727","-1408.54297","","","","","","","-396.46240","1305.39624","-1273.81445","-756.95160","1297.21118","-1319.84619","-581.92596","1177.17224","-1175.70068","","","","-331.21609","970.04150","-1276.52295","-839.13440","951.84888","-1339.44958","-375.08701","797.14496","-1168.43970","-864.06238","782.00592","-1190.08044","-470.34848","821.86169","-1205.95825","","","","","","","-477.11716","442.31567","-1080.71631","-694.90015","396.45349","-1329.62231","-482.30991","120.79339","-1175.00342","","","",NA,"P3",20,13
58,0.57,"","","","-656.54761","68.70880","-1406.18091","","","","","","","-398.07681","1305.12854","-1268.09814","-758.81488","1295.36877","-1308.92456","-583.09772","1175.97388","-1168.22217","","","","-332.62769","969.54572","-1270.10608","-840.20337","950.95093","-1331.28418","-377.09906","795.48395","-1163.25635","-863.88257","781.04095","-1181.04993","-471.77567","821.92773","-1197.59338","","","","","","","-479.61035","445.61481","-1064.70959","-693.84576","396.27054","-1327.34521","-486.63138","116.11857","-1148.21716","","","",NA,"P3",20,12
59,0.58,"-700.33807","1490.30054","-1140.63745","-655.63422","69.89446","-1402.33789","","","","","","","-398.72186","1303.51001","-1259.89587","-759.77661","1295.10278","-1303.46826","-583.73468","1175.00159","-1161.94531","","","","-333.02393","968.01892","-1261.67102","-841.20795","949.88208","-1323.52905","-377.38663","794.44586","-1156.04614","-863.79413","779.98499","-1171.57312","-473.93228","821.30322","-1190.15552","","","","","","","-480.97894","443.93939","-1059.18665","-692.85632","396.57278","-1321.36438","-491.52121","108.83051","-1129.49829","","","",NA,"P3",20,13
60,0.59,"","","","-654.58936","68.36471","-1401.77026","","","","","","","-400.63358","1303.83826","-1256.00061","-760.91925","1292.81433","-1294.00452","-584.54572","1173.95715","-1154.28223","","","","-334.42764","967.19965","-1255.52625","-842.03644","948.54456","-1315.28992","-378.20547","792.15674","-1149.69421","-862.90570","779.82184","-1163.98291","-474.79849","820.55542","-1183.78442","","","","","","","-482.51495","442.46664","-1054.33008","-692.94000","395.63379","-1313.70508","-493.98447","106.95315","-1098.92078","","","",NA,"P3",20,12
61,0.6,"-701.88092","1488.32056","-1125.73022","-655.03400","69.19044","-1396.47266","","","","","","","-401.09039","1301.07751","-1244.92224","-761.67773","1292.19360","-1286.87756","-586.74542","1172.51831","-1146.90833","","","","-335.60233","966.28625","-1249.02283","-842.84943","947.19958","-1308.05066","-378.35660","790.80432","-1143.68860","-862.22742","780.04108","-1155.59705","-477.36755","818.95941","-1176.92212","","","","","","","-484.42688","441.00784","-1049.65662","-692.64960","394.02802","-1311.21313","-497.91379","104.10350","-1073.92065","","","",NA,"P3",20,13
62,0.61,"","","","","","","","","","","","","-401.77756","1300.10535","-1238.81006","-762.36163","1290.44141","-1279.31262","-587.11908","1171.59021","-1140.25464","","","","-335.91495","964.39374","-1240.78162","-843.38641","945.77362","-1300.25146","-378.25784","788.46051","-1137.18359","-861.93256","777.62518","-1146.12354","-477.46988","818.01697","-1167.31079","","","","","","","-485.31668","436.89932","-1048.06067","-692.77179","392.81519","-1307.29883","-497.56882","104.38324","-1046.12244","","","",NA,"P3",20,11
63,0.62,"","","","","","","","","","","","","-402.93161","1298.04285","-1229.07410","-764.13129","1289.78162","-1271.78589","-588.76849","1169.99683","-1131.72522","","","","-336.93161","963.14099","-1233.66199","-843.68524","944.34601","-1292.49036","-379.03973","786.34436","-1131.26331","-861.68359","777.54749","-1138.40356","-478.85199","817.42236","-1159.72876","","","","","","","-486.41351","437.72473","-1037.23584","-693.36969","392.52026","-1304.68982","-499.61307","103.25880","-1022.10425","","","",NA,"P3",20,11
64,0.63,"","","","","","","","","","","","","-404.33151","1297.62024","-1223.86560","-764.84161","1287.82214","-1264.29980","-589.52094","1168.78918","-1124.78967","","","","-338.37851","962.33405","-1228.41284","-843.90082","942.85223","-1284.72205","-379.40775","784.58344","-1126.24158","-861.06934","776.54254","-1129.69617","-480.68692","816.01910","-1150.42822","","","","","","","-487.90594","434.05811","-1031.19714","-693.58936","390.64502","-1304.34460","-500.79453","102.35812","-1000.75171","","","",NA,"P3",20,11
65,0.64,"","","","","","","","","","","","","-404.65463","1295.95251","-1215.79333","-765.25989","1287.07410","-1257.36255","-589.82727","1167.46484","-1117.44128","","","","-338.66550","961.64478","-1222.41943","-844.04321","941.11682","-1276.89661","-379.69901","781.10461","-1120.08240","-859.14056","773.63409","-1120.92590","-480.99585","815.04626","-1142.28040","","","","","","","-489.35754","432.63617","-1025.90649","-695.02899","390.16141","-1298.12158","-502.73636","103.73197","-977.88287","","","",NA,"P3",20,11
66,0.65,"","","","","","","","","","-588.37653","1347.31165","-1283.22913","-404.54330","1294.90991","-1209.87329","-766.34698","1285.19336","-1249.52197","-590.94043","1166.12134","-1109.70764","","","","-338.14368","958.30957","-1210.88538","-844.07086","939.41718","-1268.73718","-379.10248","780.06238","-1113.48755","-858.40778","772.90851","-1113.42554","-482.95471","813.42444","-1132.73254","","","","","","","-489.41919","429.87637","-1019.77686","-696.42554","390.11935","-1291.85315","-503.73285","104.26184","-959.03491","","","",NA,"P3",20,12
67,0.66,"","","","","","","","","","-588.80402","1346.14673","-1275.43384","-405.89862","1292.92395","-1199.73547","-766.62549","1283.78650","-1242.47791","-591.82574","1165.06702","-1101.85547","","","","-339.23746","957.26575","-1203.91589","-844.12000","937.68311","-1260.87244","-378.60696","777.78638","-1106.31909","-858.22937","772.22473","-1105.26111","-484.54993","811.28741","-1124.44299","","","","","","","-491.12921","428.47754","-1015.12512","-696.82172","390.22076","-1289.90942","-503.50070","106.31235","-940.00610","","","",NA,"P3",20,12
68,0.67,"-611.23309","1557.38501","-1256.31238","","","","","","","-589.16736","1344.46899","-1267.18127","-406.35828","1290.84656","-1190.08398","-767.04944","1281.95117","-1234.91138","-592.94995","1163.68408","-1093.10608","","","","-339.44080","955.68250","-1195.98706","-844.05450","935.89746","-1252.88977","-378.08566","774.19409","-1099.99524","-857.67072","770.55725","-1096.42285","-487.14282","809.09509","-1115.16516","","","","","","","-492.53012","425.37347","-1011.35516","-697.14728","390.39029","-1287.68091","-505.45154","107.59217","-923.48547","","","",NA,"P3",20,13
69,0.68,"-611.73077","1556.58362","-1248.63049","-705.53375","1479.54236","-1063.92126","","","","-589.41760","1343.32959","-1259.34094","-406.58438","1289.96692","-1183.43457","-768.07910","1281.16797","-1227.70227","-594.00903","1162.68445","-1084.66101","","","","-339.96561","953.87537","-1187.27490","-843.82324","934.44849","-1245.03247","-378.25436","772.52417","-1096.43079","-855.92493","768.94543","-1088.03601","-487.69427","808.64099","-1105.69751","","","","","","","-492.97412","425.93506","-999.38745","-698.09106","387.73392","-1281.59668","-505.75742","109.15940","-908.81720","","","",NA,"P3",20,14
70,0.69,"-612.20941","1555.71558","-1241.28674","-591.21259","1447.10583","-957.04974","","","","-589.57654","1342.16675","-1251.16296","-406.95886","1287.39697","-1171.60437","-768.28790","1279.94287","-1220.39355","-594.16736","1161.84583","-1077.43579","","","","-340.43588","954.51886","-1184.05994","-843.42889","933.23248","-1237.06812","-377.84726","770.56036","-1089.49500","-856.03699","767.80078","-1080.68372","-490.35663","807.11188","-1097.69629","","","","","","","-493.37885","424.79077","-991.75317","-699.18634","387.63239","-1277.27173","-505.70694","110.28661","-897.48236","","","",NA,"P3",20,14
71,0.7,"-612.72113","1554.83716","-1233.20239","-589.78491","1340.53027","-1242.23340","-705.82123","1477.58228","-1047.92078","","","","-407.79758","1287.75708","-1167.24060","-768.38159","1279.43274","-1213.28809","-595.18866","1161.93591","-1069.38428","","","","-339.91312","952.41913","-1173.81250","-842.92554","932.07440","-1228.81665","-376.63083","768.67999","-1081.35974","-855.07501","766.45038","-1071.45654","-491.28372","805.75714","-1087.88025","","","","","","","-495.53326","423.46252","-984.01990","-700.01886","386.04083","-1274.24365","-507.35437","109.94595","-886.42200","","","",NA,"P3",20,14
72,0.71,"-612.92548","1554.10217","-1225.09924","","","","","","","","","","-407.76569","1286.32202","-1158.25879","-768.70618","1277.66443","-1204.73035","-595.31665","1160.23584","-1059.96692","","","","-340.49869","951.29218","-1167.34778","-842.55652","930.92847","-1221.09216","-376.93085","766.56763","-1075.23267","-854.11176","765.45313","-1063.68994","-492.27960","805.74866","-1078.66003","-563.00201","889.85046","-1315.21655","","","","-494.23334","422.83759","-975.07843","-699.93237","385.61404","-1270.53821","-509.02283","108.41255","-878.40784","","","",NA,"P3",20,13
73,0.72,"-613.27289","1553.38928","-1217.52588","-705.90979","1475.94446","-1032.09888","-591.01147","1444.79651","-933.16650","","","","-407.82333","1285.59265","-1151.01746","-768.65265","1277.48669","-1197.45703","-595.48810","1159.37659","-1051.42896","","","","-340.13934","950.01367","-1157.08887","-842.11670","929.84827","-1213.10120","-376.80011","764.34113","-1069.15686","-852.92621","764.12231","-1056.76123","-493.45016","803.90112","-1070.54077","-563.28058","888.66162","-1305.20325","","","","-495.07947","419.00403","-971.82587","-699.90045","386.19873","-1263.24414","-509.07104","106.01665","-872.65100","","","",NA,"P3",20,15
74,0.73,"-613.41901","1552.99780","-1209.81445","","","","-589.66895","1444.11816","-925.32208","","","","-407.74182","1283.59033","-1139.86328","-768.55829","1276.38208","-1189.09888","-596.03210","1159.23181","-1042.78955","","","","-341.34424","950.80225","-1152.39648","-841.39746","929.33875","-1205.07092","-375.89243","763.58276","-1061.85181","-851.51324","763.01154","-1048.25134","-492.66241","804.67310","-1060.20276","-564.10834","886.96063","-1295.15710","","","","-494.97006","421.46048","-955.75049","-700.17236","385.74564","-1256.83008","-510.44702","103.34388","-867.89148","","","",NA,"P3",20,14
75,0.74,"-613.53644","1552.40894","-1201.41577","","","","-590.51367","1444.22253","-917.45221","","","","-408.60968","1283.75354","-1133.33887","-768.47113","1276.28149","-1181.48438","-597.07239","1159.92065","-1034.81274","-590.24640","1337.05676","-1210.19397","-340.42560","948.52020","-1140.76038","-840.87622","928.51202","-1197.03369","-374.81134","762.75665","-1054.34827","-850.56549","761.74780","-1040.08484","-493.08115","804.13867","-1050.68835","","","","","","","-496.21207","421.12323","-946.23627","-700.65637","387.22583","-1244.88110","-510.79413","99.44852","-865.08099","","","",NA,"P3",20,14
76,0.75,"-613.64276","1552.33691","-1193.73779","","","","-589.13263","1443.95508","-909.19305","","","","-408.44849","1283.33496","-1125.69812","-769.24475","1275.90576","-1172.46790","-596.60773","1160.10535","-1025.18433","-590.51099","1335.91846","-1201.63306","-340.12399","948.71613","-1135.89990","-840.16418","928.09412","-1188.92273","-375.32755","760.39917","-1048.97839","-850.61023","761.66504","-1032.65747","-495.17233","803.79816","-1041.53345","-565.46198","886.24243","-1276.68030","","","","-495.80630","420.52271","-936.54456","-700.80243","387.96942","-1238.96570","-512.12573","98.30894","-862.61029","","","",NA,"P3",20,15
77,0.76,"-613.78931","1551.91406","-1185.00391","-705.40533","1474.76099","-998.76691","-590.28674","1444.35229","-901.03027","","","","-407.90384","1282.46863","-1116.73242","-768.99976","1275.58630","-1164.19421","-597.09918","1159.69165","-1015.91101","","","","-340.14462","948.05115","-1126.69495","-839.57446","927.49188","-1180.81958","-375.50281","760.10510","-1042.12292","-849.99585","760.84674","-1025.06567","-494.22363","802.98975","-1031.54700","","","","","","","-496.37469","418.88159","-928.22540","-701.59119","385.33618","-1232.98071","-514.82922","94.87889","-859.49854","","","",NA,"P3",20,14
78,0.77,"-613.79504","1552.24658","-1176.88782","","","","-589.28296","1444.06714","-893.20746","","","","-407.73773","1283.13196","-1111.02417","-768.76532","1275.75549","-1155.64465","-596.46948","1159.98657","-1006.85071","","","","-340.06137","947.19312","-1118.87646","-839.05267","927.40637","-1173.21960","-375.49036","758.65955","-1033.62463","-850.05365","760.97668","-1016.44177","-492.82904","803.90167","-1019.14575","-567.48145","884.01819","-1255.15295","","","","-498.47241","418.25705","-918.75580","-702.86499","385.82257","-1224.38562","-517.83093","94.72266","-853.60620","","","",NA,"P3",20,14
79,0.78,"-613.76453","1553.06311","-1168.90222","","","","-588.48315","1444.37842","-884.74060","","","","-407.90219","1281.57544","-1097.96118","-768.98236","1275.19299","-1146.05017","-597.05859","1161.16418","-997.26147","-590.26776","1334.95740","-1175.61499","-339.50388","947.61322","-1109.44751","-838.21722","927.69080","-1165.00867","-373.63260","759.00311","-1024.29797","-849.13751","760.64716","-1010.25043","-494.55408","803.99841","-1009.77112","-567.99127","884.77118","-1245.78064","","","","-499.38580","417.58817","-909.35400","-703.48346","385.10834","-1219.28735","-518.21082","94.60258","-847.75629","","","",NA,"P3",20,15
80,0.79,"-613.81415","1553.79260","-1160.18323","-704.72736","1476.33289","-973.87805","-588.21136","1445.21887","-876.57458","","","","-407.98718","1282.54871","-1091.25671","-768.94598","1275.80823","-1137.41943","-597.22913","1162.53149","-988.51740","","","","-339.44778","946.84796","-1100.20496","-837.74585","927.83099","-1157.01086","-374.21713","758.88025","-1017.13049","-848.43817","760.85919","-1003.61945","-493.83786","804.36682","-999.34161","","","","","","","-499.56754","417.47461","-901.84967","-703.11609","384.91806","-1213.35364","-520.98181","92.54572","-843.47131","","","",NA,"P3",20,14
81,0.8,"-613.69086","1555.02686","-1151.76331","-704.47711","1477.21973","-965.55011","-588.00775","1445.83203","-867.81750","","","","-407.12711","1283.46387","-1084.62207","-768.41882","1276.75342","-1128.52148","-595.21802","1163.43457","-979.07452","","","","-338.95389","948.64758","-1092.90820","-837.25269","928.28162","-1148.27026","-374.33603","758.80133","-1009.69482","-848.95905","761.03192","-994.72504","-492.11441","805.03833","-987.17712","","","","","","","-501.22086","418.23398","-891.78204","-703.27051","384.57446","-1201.80139","-521.95532","91.80885","-840.27722","","","",NA,"P3",20,14
82,0.81,"-613.52039","1556.19165","-1143.21790","-587.44147","1446.33240","-859.54431","","","","","","","-406.54297","1283.56482","-1074.88733","-768.04803","1277.46289","-1119.09668","-595.11627","1164.92249","-969.28516","","","","-339.09756","948.99329","-1085.32813","-836.77081","929.25574","-1139.95618","-373.82990","759.82611","-1001.00378","-848.08600","760.83673","-987.78290","-491.35263","806.24615","-975.84344","-570.01318","884.99451","-1211.83948","","","","-501.74271","419.21658","-881.98273","-703.71344","388.49792","-1185.78149","-521.82098","92.05856","-836.17645","","","",NA,"P3",20,14
83,0.82,"-613.43634","1557.05969","-1134.40186","-586.60999","1447.18860","-850.62726","","","","","","","-406.36325","1284.47693","-1066.24048","-767.85522","1278.30652","-1109.70874","-594.77545","1166.24963","-958.88068","","","","-338.67529","950.04205","-1077.11646","-836.25928","930.54938","-1131.73706","-373.49658","760.70111","-992.96454","-846.78607","760.57733","-980.31342","-492.25238","807.17578","-965.00684","-570.78070","886.08069","-1201.30200","","","","-501.84949","418.90533","-873.44580","-703.64038","387.31625","-1179.75769","-521.48499","90.58553","-832.56592","","","",NA,"P3",20,14
84,0.83,"-613.29456","1558.14026","-1126.02710","-703.55139","1479.87036","-939.58112","-590.33545","1337.96594","-1137.41919","","","","-406.25916","1285.52783","-1057.28381","-767.34039","1279.23901","-1099.88660","-592.97321","1167.91443","-948.91479","","","","-338.41794","950.60193","-1068.77808","-835.60028","931.82153","-1123.10779","-374.10266","761.44299","-985.08875","-846.91321","760.66602","-972.10785","-490.63498","808.78473","-953.58356","-571.67487","886.82874","-1189.87854","-738.47021","807.83630","-998.81549","-503.59537","419.71176","-862.78076","-706.07581","388.97681","-1168.53271","-521.84589","90.02866","-830.73199","","","",NA,"P3",20,16
85,0.84,"-613.13342","1559.52637","-1117.59680","-703.20935","1481.31226","-931.46417","-590.18549","1339.41052","-1129.29395","","","","-405.96188","1287.38013","-1050.26672","-767.46436","1280.90796","-1089.95996","-592.68805","1169.82080","-939.75464","","","","-338.51434","952.45697","-1059.41443","-834.97931","933.50806","-1114.72510","-372.51355","763.38660","-975.31781","-846.00592","760.23871","-965.14978","-489.64966","811.28589","-940.82349","","","","","","","-502.86768","420.21808","-855.35223","-707.36829","386.64328","-1161.39795","-521.96600","89.15212","-828.23615","","","",NA,"P3",20,14
86,0.85,"-613.09711","1560.59314","-1108.55200","-604.01813","1435.69397","-902.57147","-590.19312","1339.64929","-1118.49426","","","","-405.36697","1288.74561","-1041.76123","-766.91003","1282.35205","-1080.95422","-592.32458","1172.30737","-930.47046","","","","-337.56854","954.38275","-1051.09045","-834.31140","935.04181","-1106.29871","-371.60156","764.58478","-966.29608","-846.10016","761.20203","-958.89020","-489.35760","813.61292","-929.64001","-738.17316","810.89789","-973.97931","","","","-504.28851","421.36157","-847.25568","-709.34772","388.17758","-1146.08228","-520.75647","90.11304","-825.40765","","","",NA,"P3",20,15
87,0.86,"-612.95947","1562.23889","-1100.09387","-584.99011","1454.28918","-816.27155","","","","","","","-404.52481","1290.61438","-1034.36694","-766.94635","1284.36560","-1071.33557","-590.76605","1175.21814","-921.27875","","","","-337.64322","955.83569","-1042.18213","-833.57190","936.92352","-1097.22070","-371.38885","767.11322","-957.83093","-845.01886","762.46863","-951.70959","-489.85364","816.40527","-919.68201","-735.93756","810.91559","-962.52777","","","","-503.16354","421.64484","-839.59479","-711.87158","387.02948","-1135.85767","-521.41217","89.77702","-823.44019","","","",NA,"P3",20,14
88,0.87,"-612.93060","1563.66370","-1090.98340","-584.62817","1456.07324","-806.77124","-702.28278","1486.65332","-904.59082","","","","-404.60574","1292.54797","-1027.01514","-767.11377","1285.88611","-1061.21167","-591.22955","1177.59729","-912.11737","","","","-336.94559","957.63013","-1034.09546","-832.80646","938.89459","-1087.93970","-371.08932","768.92517","-948.23322","-844.81427","763.40320","-944.54742","-488.28522","818.86432","-908.20190","","","","-575.33282","892.15912","-1143.27795","-502.84030","422.69748","-833.84509","-712.82776","387.60901","-1122.01660","-521.11993","89.86502","-822.07727","","","",NA,"P3",20,15
89,0.88,"-612.92664","1565.43750","-1082.38916","-602.62817","1441.49719","-874.39642","-589.53735","1344.94458","-1092.71045","","","","-403.97266","1294.30127","-1019.63971","-766.39655","1287.65222","-1052.30737","-589.43555","1179.28284","-902.21295","","","","-336.06735","959.29907","-1023.81781","-832.17175","941.23810","-1079.07764","-370.54019","770.39972","-938.77509","-844.52148","764.20398","-935.49982","-487.64127","821.82489","-897.32471","-735.35706","813.83966","-939.01862","-576.45782","893.31183","-1131.84473","-502.56458","423.69962","-828.88226","-714.77972","391.68127","-1093.73901","-520.92181","89.92827","-820.14734","","","",NA,"P3",20,16
90,0.89,"-612.93872","1567.47339","-1073.62268","-584.02863","1460.46753","-788.98047","","","","","","","-404.08585","1297.05542","-1011.54553","-766.01166","1289.87036","-1042.81958","-588.31549","1182.60571","-892.26221","","","","-336.09280","961.94293","-1016.37378","-831.63391","943.78802","-1070.64771","-370.15665","773.22272","-929.59863","-844.15582","764.89429","-928.69006","-488.98856","824.57013","-887.83337","","","","-577.50256","894.37909","-1120.43665","-503.39856","422.83768","-821.36230","-717.86847","390.14874","-1075.81934","-520.03436","90.24787","-818.08630","","","",NA,"P3",20,14
91,0.9,"-613.16162","1569.05518","-1064.34766","-583.84747","1462.10669","-780.34607","","","","-589.08685","1347.32068","-1071.24634","-403.24603","1299.13025","-1004.02173","-766.31622","1291.87732","-1033.31445","-588.30048","1184.71484","-882.95917","","","","-335.59506","963.90332","-1006.56342","-831.32257","946.05164","-1061.17029","-368.56030","776.32800","-918.37714","-844.00006","767.00574","-919.91284","-487.10321","826.84839","-876.10944","","","","-578.00171","896.82300","-1111.21594","-502.77240","422.32712","-816.30841","-720.14362","388.48895","-1057.61377","-521.25195","89.68198","-817.44391","","","",NA,"P3",20,15
92,0.91,"-613.20667","1571.25818","-1055.45813","-582.40918","1463.35303","-771.76398","","","","-588.94556","1348.71765","-1062.21960","-403.24036","1300.67798","-994.55817","-765.58118","1293.56543","-1024.15393","-587.65002","1187.77759","-874.99084","","","","-334.73975","965.80078","-996.78821","-830.97675","948.45935","-1051.25891","-368.13171","778.65820","-907.41296","-842.95026","767.45984","-912.13922","-487.08646","828.55029","-867.28632","-733.35010","818.80017","-906.91003","-578.52319","898.19714","-1100.47241","-502.24020","422.54446","-811.67651","-722.93256","388.33597","-1038.99170","-520.63647","89.97177","-816.44617","","","",NA,"P3",20,16
93,0.92,"-613.47198","1572.89941","-1046.76355","-588.73859","1350.39978","-1053.69495","-701.51837","1494.86438","-859.72961","","","","-403.68146","1303.13330","-986.73224","-765.72626","1295.71216","-1015.34338","-585.89398","1189.91467","-865.73383","","","","-334.98239","968.30365","-988.97369","-830.79425","950.70892","-1042.04614","-366.49564","781.37286","-896.78418","-843.32306","768.80688","-905.57813","-488.27805","830.55469","-859.49933","-732.20227","820.55548","-896.85730","-578.81085","900.10895","-1091.23462","-502.29642","422.23834","-807.24664","-725.19104","388.25723","-1018.79456","-519.86383","90.02843","-816.01331","","","",NA,"P3",20,16
94,0.93,"-613.60413","1574.65820","-1038.09070","-587.81567","1351.51501","-1045.06311","","","","","","","-402.88974","1304.78003","-979.52478","-765.59851","1297.99756","-1006.03900","-586.85010","1192.50842","-855.68835","","","","-334.24106","970.61951","-980.38763","-830.74994","952.61200","-1032.14758","-365.12262","784.54462","-885.66382","-843.06549","770.23181","-897.00708","-487.45212","832.10278","-849.55328","-731.27936","822.06128","-887.15784","-579.00702","901.21301","-1081.05420","-501.26138","421.81177","-804.54913","-726.80859","387.26205","-998.23413","-519.29480","89.64560","-815.43427","","","",NA,"P3",20,15
95,0.94,"-613.70709","1576.43005","-1029.42236","-588.65485","1354.07971","-1039.05530","-601.35156","1451.60620","-819.59003","","","","-402.97067","1306.39038","-969.19983","-764.77008","1299.76941","-997.26709","-587.49969","1194.93408","-847.16760","","","","-333.61285","972.46606","-969.20099","-830.72882","954.79987","-1023.09601","-364.87613","786.46185","-874.90570","-843.58716","771.94977","-887.75458","-486.51965","834.01703","-839.61212","-734.94879","825.66461","-878.08325","-579.07251","902.53864","-1072.04211","-500.53604","422.16977","-800.97974","-729.03540","387.00043","-977.68231","-519.23956","90.26933","-815.62183","","","",NA,"P3",20,16
96,0.95,"-613.92059","1577.70154","-1019.80243","-588.57513","1355.72998","-1030.63696","-701.43994","1498.51514","-833.14478","","","","-403.11057","1308.16785","-960.78687","-765.14874","1301.40515","-988.07745","-586.90924","1195.89307","-837.89679","","","","-333.09296","973.26727","-959.72571","-830.86792","956.50385","-1013.95868","-364.70142","787.36884","-864.70190","-843.34912","773.33527","-878.72571","-487.66296","834.20337","-831.56018","-731.33215","824.20459","-869.03430","-579.07465","903.88879","-1063.40515","-500.56168","421.95334","-799.08447","-731.12262","386.97327","-956.79248","-519.19092","89.69965","-815.41083","","","",NA,"P3",20,16
97,0.96,"-613.96802","1579.24634","-1011.15491","-588.29681","1356.60547","-1018.12653","-701.32880","1500.07544","-824.24420","","","","-403.31711","1309.18665","-949.28040","-765.13519","1303.11877","-979.69910","-587.05182","1197.68640","-829.32123","","","","-332.48282","975.73999","-949.73248","-830.93188","957.92535","-1004.24780","-363.44388","791.65961","-852.13068","-842.42743","773.90063","-870.34186","-487.29709","834.84589","-823.03503","","","","-579.24310","904.44275","-1054.63892","-499.41306","421.86359","-795.18500","-731.53418","385.92340","-935.20856","-518.79578","89.69346","-815.21222","","","",NA,"P3",20,15
98,0.97,"-614.08014","1580.54871","-1002.85175","-588.05133","1357.71729","-1009.85638","","","","","","","-403.44424","1310.61987","-942.44989","-765.15277","1304.69446","-971.28955","-587.13184","1198.66382","-820.37610","","","","-332.16800","976.35834","-940.70477","-831.15509","959.45422","-995.76135","-363.04834","793.44855","-841.32684","-842.99182","775.46936","-861.01038","-486.07324","835.93518","-815.21490","-732.78229","828.12225","-852.04468","-579.28888","905.84607","-1047.27393","-498.63925","421.32297","-792.93420","-733.66827","387.95087","-914.42755","-518.38226","89.51310","-815.21033","","","",NA,"P3",20,15
99,0.98,"-614.21252","1581.38025","-993.48450","-587.71600","1358.25366","-1001.26788","","","","","","","-404.24469","1311.96033","-933.78632","-766.02802","1305.28003","-962.01843","-588.15900","1198.93481","-812.25177","","","","-331.58301","978.14740","-931.62805","-831.56830","960.27075","-986.41425","-362.00058","795.20905","-829.40021","-842.93860","775.94812","-853.95764","-486.01178","836.20038","-806.87207","-732.07312","828.11975","-842.98505","-579.28149","906.78290","-1039.00793","-497.46555","421.06699","-790.74805","-736.68207","390.34189","-893.28900","-518.32794","89.51177","-815.18750","","","",NA,"P3",20,15
100,0.99,"-614.25238","1582.59485","-985.18182","-588.33679","1360.45508","-995.73505","-600.11737","1457.92041","-772.08167","","","","-404.11426","1312.91455","-924.45251","-765.75531","1305.88953","-953.64960","-589.38165","1201.07825","-803.99646","","","","-330.65845","979.92175","-921.42590","-832.03943","961.24585","-977.40430","-361.22073","796.99530","-819.01086","-843.06104","777.49231","-843.34393","-486.26947","836.97656","-799.70117","-735.35992","829.92847","-835.10266","-579.07642","906.17578","-1030.58777","-497.07092","421.06696","-788.15198","-737.48962","391.92685","-872.34418","-518.38647","89.12912","-814.93884","","","",NA,"P3",20,16
101,1,"-614.45178","1583.34167","-976.06299","","","","-580.99664","1474.75696","-691.64105","","","","-404.61542","1313.41846","-913.98206","-766.46979","1307.21326","-945.61047","-589.26398","1199.98376","-795.05182","","","","-330.16159","980.18671","-909.93658","-832.55157","961.95593","-968.61212","-360.71979","799.14154","-807.60413","-842.62927","778.53192","-833.06036","-487.50693","837.72595","-792.53857","-734.22754","831.22784","-828.08856","-579.33063","906.86646","-1022.68188","-497.22684","420.92032","-787.06708","-738.77258","394.41080","-852.23663","-518.65210","88.75108","-814.69287","","","",NA,"P3",20,15
102,1.01,"-614.54962","1584.46924","-967.15924","-579.85114","1476.05835","-682.98431","-698.92749","1504.51196","-779.25378","","","","-405.70410","1314.96216","-904.81024","-767.10168","1308.30188","-936.92218","-590.03198","1200.57324","-787.10321","-589.53571","1362.62085","-974.78949","-330.41486","981.60089","-899.99481","-833.04675","962.98547","-960.57800","-360.61652","799.72443","-796.44269","-843.03040","779.80115","-824.49652","-484.50366","838.83063","-782.81036","-737.37799","834.14899","-820.68658","-579.87421","907.41345","-1015.92041","-496.10193","421.67313","-783.58868","-739.45288","396.51041","-831.48303","-517.63446","89.75817","-813.69202","","","",NA,"P3",20,17
103,1.02,"-614.70502","1585.43311","-957.90131","-600.20428","1460.51147","-744.53687","","","","","","","-406.12167","1315.25671","-894.25391","-768.06476","1309.05298","-928.72052","-590.06140","1201.17151","-779.46515","-590.13684","1364.03931","-968.96863","-329.62497","983.25031","-888.37439","-833.66089","963.43713","-951.72034","-358.98193","802.50830","-784.80774","-843.10181","780.49988","-814.63031","-487.73279","837.90314","-778.80255","-735.58502","832.28223","-811.13129","-580.57013","908.00665","-1008.31940","-496.56949","420.92273","-781.90393","-740.72375","399.99319","-812.23865","-517.98608","89.70794","-813.10168","","","",NA,"P3",20,16
104,1.03,"-614.94940","1586.47986","-949.66840","-701.88947","1507.54797","-762.29791","","","","","","","-406.91971","1316.58301","-889.18732","-768.69861","1309.77234","-920.39606","-591.41595","1201.09839","-771.06201","-590.56342","1364.45239","-957.79657","-329.45871","984.69275","-878.33331","-834.37231","963.72955","-942.69452","-359.22250","803.98682","-773.09070","-844.14929","782.16223","-806.47797","-487.46527","839.67267","-770.91980","-734.32428","833.73242","-803.18713","-581.88806","909.79846","-1001.78973","-495.16629","420.42648","-779.36401","-741.54083","403.09573","-791.97754","-517.87683","89.71162","-813.05804","","","",NA,"P3",20,16
105,1.04,"-615.21295","1587.38965","-940.63782","-702.11298","1508.20166","-753.11890","","","","","","","-407.36865","1317.87415","-880.44171","-768.88855","1310.34668","-912.27905","-592.34497","1201.18481","-763.52332","-590.31750","1365.25330","-946.26068","-329.51892","985.91571","-867.50018","-834.89044","964.39984","-934.30206","-359.00177","805.58746","-762.16254","-844.29352","783.38080","-796.24481","-487.29041","840.09546","-764.57080","-736.57471","836.61200","-796.13190","-582.93488","910.21350","-994.25067","-494.67310","420.12549","-776.74512","-742.13092","407.06488","-772.65405","-517.53070","89.50798","-812.33380","","","",NA,"P3",20,16
106,1.05,"-615.48334","1588.24268","-931.54034","-701.81244","1508.13708","-743.75983","","","","","","","-408.02539","1317.58447","-869.02264","-769.61292","1311.23694","-903.51202","-592.72522","1201.06946","-755.06470","-590.65826","1365.27966","-941.43762","-329.27750","986.58734","-855.81775","-835.60345","964.76306","-926.05371","-357.75305","807.20502","-750.49841","-844.71429","784.61456","-786.25006","-486.74820","840.07300","-757.93353","-735.18646","838.19489","-788.17023","-583.89777","910.81116","-987.60413","-494.16931","420.74707","-773.58740","-743.76355","411.88312","-754.09644","-517.18274","89.60162","-811.48077","","","",NA,"P3",20,16
107,1.06,"-615.90106","1588.89514","-922.57538","-701.85443","1508.51489","-735.14813","","","","","","","-409.17145","1318.54187","-861.50513","-769.87219","1311.34656","-895.34900","-594.06268","1201.22461","-748.01141","-592.38696","1367.42297","-934.48120","-329.25693","987.67883","-845.14246","-836.10132","965.60114","-918.10815","-358.59476","808.91644","-740.32715","-844.61151","786.07202","-777.02332","-485.96420","841.16010","-749.63019","-734.31537","838.34985","-779.01941","-585.38678","912.14227","-980.11377","-495.10379","420.05521","-770.98651","-744.45288","415.74792","-735.91498","-517.40515","89.66988","-810.93250","","","",NA,"P3",20,16
108,1.07,"-616.33783","1589.78076","-913.44189","-699.98480","1507.33679","-725.84668","","","","","","","-409.43387","1319.35388","-853.13171","-770.99078","1312.12866","-887.14203","-594.09296","1201.56348","-740.12848","-592.50836","1366.47815","-924.91760","-329.72192","988.90039","-834.97931","-836.97253","965.58093","-910.03711","-358.26581","810.23730","-727.80762","-846.07886","788.43311","-766.90900","-485.42776","841.70526","-743.06641","-736.37292","841.03101","-772.03375","-586.51245","912.25006","-972.34308","-495.23523","419.39008","-767.97083","-744.90967","419.21848","-717.75299","-517.05701","89.86084","-810.57037","","","",NA,"P3",20,16
109,1.08,"-616.84796","1590.48743","-904.81677","-702.65710","1509.08911","-717.77515","","","","","","","-410.78040","1320.39880","-846.01501","-771.31805","1312.92847","-879.59290","-594.76105","1202.44519","-732.81964","-593.32611","1368.97546","-918.85608","-329.60449","989.74158","-824.84100","-837.30322","966.50952","-901.93994","-358.42676","812.48102","-716.89050","-847.10828","790.50226","-758.78625","-486.07294","840.95612","-737.14441","-735.83832","842.07654","-763.88287","-587.34045","913.31842","-966.49585","-495.16205","418.63245","-765.25067","-745.47742","423.88281","-700.43188","-518.20013","89.86737","-809.66400","","","",NA,"P3",20,16
110,1.09,"-617.34857","1591.09985","-895.59058","-699.74475","1507.88208","-708.11273","-581.70068","1476.09448","-613.93048","","","","-411.46527","1321.12964","-839.26294","-772.13464","1313.23059","-871.37061","-594.87018","1201.81250","-723.29364","-593.83026","1367.74011","-908.82892","-330.00668","990.53430","-815.08179","-838.10889","966.53381","-893.84283","-358.14169","814.09875","-706.01379","-848.52039","791.91632","-748.25092","-485.62589","840.79169","-728.69269","-734.07721","844.05194","-756.33228","-588.77936","913.51270","-958.29706","-496.07330","418.96469","-762.05060","-743.29254","427.77582","-683.06372","-519.58844","89.64222","-808.86890","","","",NA,"P3",20,17
111,1.1,"-617.87286","1591.79614","-886.86670","-702.13019","1508.56653","-700.19666","-580.94519","1475.26660","-604.47095","","","","-412.22766","1321.21069","-829.76501","-773.01379","1313.50806","-863.17987","-594.91339","1202.33105","-716.46497","-594.70374","1369.27991","-901.43835","-330.57343","991.26489","-805.62939","-838.61407","967.13098","-885.75140","-358.48355","815.64502","-695.05511","-848.77448","792.25000","-738.77960","-485.07913","840.26978","-722.84619","-735.03375","845.28528","-748.41357","-589.19470","912.13574","-950.19617","-495.74698","418.35873","-759.16626","-746.01245","432.42572","-667.15497","-520.14856","89.72252","-808.35071","","","",NA,"P3",20,17
112,1.11,"-618.51904","1592.16187","-878.06494","-703.37787","1509.04871","-691.28564","-581.97839","1474.80005","-596.48431","","","","-412.77444","1321.51343","-820.73785","-773.63123","1313.99182","-855.08350","-596.16559","1202.94128","-708.20117","-596.03424","1369.30054","-891.81976","-330.97858","991.88367","-796.61932","-839.47546","967.00055","-877.51239","-358.36847","817.53992","-683.85614","-849.77362","793.06250","-729.97491","-484.51471","840.50439","-716.66693","-735.30145","845.17944","-739.89752","-590.51923","913.26404","-943.22437","-496.94913","417.83804","-756.87646","-746.19751","435.57703","-650.99329","-520.14923","90.15033","-807.72083","","","",NA,"P3",20,17
113,1.12,"-619.28625","1592.30676","-869.32050","","","","-597.08575","1459.97864","-650.59155","","","","-413.93796","1322.76099","-814.92560","-774.17963","1313.94470","-846.95825","-596.59869","1202.67896","-700.86542","-596.59546","1368.49390","-882.98187","-330.95010","992.91827","-787.72321","-840.29803","967.00970","-869.14252","-360.14194","818.66418","-675.11871","-850.68695","793.99792","-720.73047","-484.08527","840.42310","-709.24927","-734.02844","846.64575","-731.53680","-591.20239","912.18268","-934.86261","-497.43036","417.02057","-753.36188","-746.26056","439.74417","-635.77856","-520.99542","89.91714","-807.60443","-716.40265","179.47188","-854.90985",NA,"P3",20,17
114,1.13,"-619.85474","1592.94019","-860.60846","-685.04150","1520.27551","-613.55908","-599.00793","1460.54272","-641.98993","","","","-414.33099","1322.28064","-806.05847","-774.44324","1313.49670","-838.72363","-596.68140","1203.02051","-692.58752","-596.78546","1369.03223","-875.93756","-330.96487","993.33435","-778.62848","-841.04169","967.08643","-861.17163","-358.95343","820.38129","-663.33868","-851.55322","794.73529","-711.66241","-485.37299","838.82666","-702.19336","-735.43268","847.44232","-724.45959","-592.39905","912.82745","-928.57275","-498.42563","416.79037","-750.78204","-746.93689","443.27362","-621.57483","-521.07727","89.69418","-806.40399","-720.01349","172.16722","-833.95300",NA,"P3",20,18
115,1.14,"-620.65143","1592.77649","-851.83984","-597.94806","1459.81580","-632.00586","","","","","","","-414.95453","1322.66382","-799.36212","-775.52454","1313.70728","-830.57617","-597.44928","1202.75684","-684.41388","-598.11078","1369.35278","-867.14099","-332.37204","993.80371","-770.45392","-841.75995","967.16547","-853.02045","-359.89673","822.51453","-652.62787","-852.30188","795.88983","-701.99023","-486.46780","838.28131","-694.98596","-735.55109","847.42334","-716.19031","-593.24255","911.93414","-919.89056","-499.68918","415.71954","-747.82520","-746.94720","446.28003","-607.28265","-521.71942","89.34176","-806.16577","-721.74823","167.17416","-806.22858",NA,"P3",20,17
116,1.15,"-621.43933","1592.64343","-843.28143","-705.87286","1508.88916","-656.90765","-580.56238","1474.41479","-563.30151","","","","-415.94952","1322.63086","-791.84094","-775.82141","1313.30530","-821.66913","-597.66357","1202.40320","-676.18744","-598.80591","1369.47803","-859.86365","-333.31836","993.43384","-760.76965","-842.75562","966.62103","-844.44135","-360.30325","823.30859","-642.48779","-852.40747","794.51947","-692.66394","-485.72684","838.72784","-686.39502","-734.67285","848.47241","-708.06964","-594.54602","912.53180","-913.38580","-500.28113","415.47891","-745.17847","-747.38794","449.51343","-593.47668","-522.29803","89.04646","-805.63232","-725.91138","159.12904","-780.63336",NA,"P3",20,18
117,1.16,"-622.28278","1592.52258","-834.49310","-581.86200","1473.80969","-555.05975","-705.80396","1508.39001","-648.33820","","","","-416.61423","1322.45715","-783.83807","-777.20465","1313.20068","-813.14697","-598.25342","1201.94751","-668.17609","-599.75214","1369.54565","-852.08453","-333.12283","994.04492","-752.96289","-843.58582","966.16895","-835.34161","-361.11499","824.10193","-633.07068","-853.59827","795.05573","-683.47845","-484.80417","837.91962","-677.92621","-736.29779","848.52515","-699.19189","-595.35297","912.50531","-906.52551","-500.01089","415.92719","-742.50293","-746.16553","451.67102","-581.09943","-522.32861","89.02657","-805.63770","-729.02850","153.23810","-749.91052",NA,"P3",20,18
118,1.17,"-623.19421","1592.45435","-826.39343","-706.53802","1508.68518","-639.62708","-582.16333","1473.44202","-546.77039","","","","-416.73383","1322.31934","-774.98010","-777.72137","1312.22839","-804.65863","-598.54370","1202.14075","-660.30750","-601.21704","1369.45728","-842.20636","-333.31943","993.73248","-744.46729","-844.42920","965.91119","-826.80823","-361.03741","825.47369","-622.20410","-854.33356","794.87225","-673.86841","-486.86642","836.48816","-673.53333","-736.43793","849.00885","-690.89331","-596.55707","912.50568","-898.20966","-501.00546","415.63245","-739.68787","-746.40143","453.60944","-569.18970","-522.50043","89.48406","-805.23737","-732.28662","144.70227","-726.91144",NA,"P3",20,18
119,1.18,"-624.07489","1592.36365","-817.91327","-703.96301","1506.20166","-630.86200","-582.00366","1472.16272","-537.98297","","","","-417.75055","1322.07654","-767.52332","-778.76965","1312.00476","-795.65381","-598.54492","1201.46497","-651.83002","-600.81555","1368.55054","-834.12024","-334.37723","993.76642","-736.48767","-845.41376","965.52551","-818.70679","-361.60873","825.75977","-612.94202","-856.43140","795.81348","-666.28448","-488.23166","835.39569","-668.03833","-737.78839","848.77057","-682.99512","-597.29816","911.89301","-889.94427","-501.29987","415.37839","-736.01074","-747.14075","455.55493","-558.91357","-522.43817","89.74131","-803.99915","-735.19080","136.65903","-702.23932",NA,"P3",20,18
120,1.19,"-624.93890","1592.23547","-809.23438","-583.82001","1472.21912","-529.38074","-707.47430","1507.93726","-622.47198","","","","-419.34152","1321.17908","-761.27997","-779.51691","1311.71204","-787.11694","-598.78528","1201.16479","-643.86542","-601.97839","1368.19604","-825.62482","-335.57260","993.09796","-727.89606","-846.40973","965.00269","-809.84991","-362.00391","827.73041","-603.45099","-856.25848","795.58356","-655.14307","-489.80151","834.88812","-659.03174","-738.91150","848.78815","-674.00684","-598.48657","911.64081","-882.07379","-502.11411","415.23105","-733.56689","-747.79504","456.58817","-548.50153","-521.87244","90.44351","-802.55090","-739.59021","133.62727","-667.10883",NA,"P3",20,18
121,1.2,"-625.97791","1591.68103","-800.86865","-707.98706","1507.66748","-613.92828","-583.86096","1471.68445","-520.93201","","","","-419.22122","1321.93042","-753.33636","-780.30396","1311.22559","-777.79285","-599.44897","1200.60095","-635.70648","-603.57141","1368.93420","-818.34766","-335.89505","992.78027","-720.21985","-847.45984","964.30847","-800.30640","-363.01135","827.84351","-593.73212","-857.22913","794.56348","-644.96600","-491.18411","834.13019","-652.40338","-739.63690","848.01746","-663.98456","-599.58740","911.11603","-874.76331","-502.43457","413.84451","-730.06018","-748.53540","456.24893","-539.09033","-522.44818","90.28256","-802.33984","-744.36066","125.15974","-643.57745",NA,"P3",20,18
122,1.21,"-626.94080","1591.37012","-792.39380","-708.40491","1507.22595","-604.94495","","","","","","","-420.14481","1320.81641","-743.66467","-780.99280","1310.53357","-768.57129","-599.31879","1199.20032","-627.04645","-604.15881","1368.31384","-809.58551","-336.50671","992.46094","-712.50195","-848.56934","963.83234","-791.23541","-363.22000","828.23706","-584.54120","-857.81482","794.07806","-637.05548","-491.03110","833.69543","-644.78522","-740.91248","849.06030","-656.78174","-601.27582","911.02899","-865.52808","-502.66415","413.56650","-726.49646","-749.59027","456.50903","-530.96655","-522.48511","90.56463","-801.57019","-746.92297","121.95972","-610.90631",NA,"P3",20,17
123,1.22,"-627.93060","1590.81494","-784.16235","-583.34521","1472.30981","-504.10413","-707.13068","1504.29565","-596.23785","","","","-420.74881","1320.16711","-736.66919","-781.84558","1310.24341","-759.39294","-599.50775","1198.52490","-619.40527","-606.22131","1367.71350","-799.63129","-337.59753","991.43048","-704.79443","-849.65717","963.56689","-782.48370","-364.07724","827.78796","-575.78851","-858.55621","794.44916","-627.34723","-492.20035","832.58813","-638.47144","-740.63934","847.23328","-645.94244","-602.89355","911.31128","-858.84973","-502.92520","413.48325","-722.98389","-750.82355","456.37360","-522.18042","-522.19604","91.23895","-800.93420","-750.58136","119.54955","-577.19843",NA,"P3",20,18
124,1.23,"","","","-628.96698","1590.04895","-775.80139","-599.59564","1455.60742","-550.37390","","","","-421.59100","1319.76746","-728.82886","-782.81818","1309.67505","-750.40985","-600.01514","1199.11121","-610.82013","-606.88959","1367.19434","-792.33728","-338.27847","991.19836","-696.91364","-850.75964","963.14215","-773.09052","-364.90527","829.03888","-567.29596","-859.31134","794.16071","-619.21234","-492.33450","832.86151","-630.43817","-743.36768","846.79688","-637.38879","-604.75647","911.16852","-849.87958","-502.96841","413.05267","-719.78168","-751.59790","454.66678","-515.33032","-522.55402","91.19628","-800.25073","-754.54608","116.88158","-550.24371",NA,"P3",20,17
125,1.24,"","","","-630.15497","1588.97229","-767.56042","-601.27295","1456.00842","-542.65802","","","","-422.19611","1318.67126","-721.28015","-783.87823","1309.06519","-740.96039","-599.49115","1197.27051","-601.32629","-607.47607","1366.04065","-783.75836","-339.66428","990.38251","-688.74872","-851.90472","962.70313","-763.93658","-365.22714","828.59625","-558.20612","-860.99420","794.59833","-608.28247","-493.01944","832.81934","-622.62384","-741.73846","845.92712","-627.48199","-606.04749","910.04614","-841.19427","-503.33899","412.78082","-715.31165","-753.48474","453.65353","-509.06506","-522.54077","91.19842","-800.24609","-758.10291","114.24950","-522.06354",NA,"P3",20,17
126,1.25,"","","","-631.22980","1588.17786","-758.83887","-600.28345","1454.26306","-532.73206","","","","-423.38046","1318.30701","-714.53894","-784.93182","1308.48792","-731.17505","-600.63348","1197.27161","-592.79120","-609.69171","1365.88721","-774.37592","-340.58502","989.46545","-681.92084","-853.26965","961.89221","-754.18286","-366.34921","828.85223","-549.70868","-860.87689","792.52118","-599.37219","-493.70175","831.96735","-615.56586","-744.38049","845.34711","-618.57550","-607.39502","908.87054","-832.75311","-503.69562","412.94604","-710.94452","-755.31628","452.02737","-502.08716","-523.72314","91.00730","-798.31451","-762.31494","113.80502","-496.32843",NA,"P3",20,17
127,1.26,"","","","-632.32178","1587.20667","-750.78424","-599.99109","1454.22644","-523.67169","","","","-424.42181","1317.25745","-705.31049","-786.07269","1308.29688","-721.95587","-600.79974","1196.13757","-584.64526","-610.58582","1365.66101","-766.76593","-342.10953","988.50012","-674.17291","-854.37677","961.81317","-745.58362","-367.31119","828.45349","-541.80426","-862.63550","792.81738","-590.41449","-494.44254","830.07727","-607.95898","-744.71222","844.50647","-608.51111","-609.58270","908.13110","-823.62689","-503.57101","411.92612","-707.44012","-755.53540","449.02576","-494.06131","-523.45245","91.48504","-797.28735","-765.34979","113.21471","-470.43430",NA,"P3",20,17
128,1.27,"","","","-633.31958","1586.49902","-742.61377","-601.34155","1453.46130","-515.04230","","","","-425.37372","1316.29187","-697.43005","-786.79529","1307.17480","-712.28241","-600.99011","1195.53577","-576.36725","-611.77441","1363.88098","-757.04352","-342.80518","987.60669","-666.80768","-855.82874","961.01886","-735.36707","-368.31689","828.47699","-533.39148","-862.62390","792.05280","-581.38708","-494.11374","829.50250","-601.04681","-745.85577","843.71271","-598.81989","-611.72638","908.15790","-816.14960","-503.71576","411.63763","-702.46667","-757.27747","447.06494","-488.18787","-523.42798","92.61057","-796.69440","-768.65454","114.06309","-445.64218",NA,"P3",20,17
129,1.28,"","","","-634.38000","1585.58911","-733.57397","-601.56720","1453.02283","-505.58774","","","","-426.53510","1315.38928","-690.27527","-788.45471","1306.80066","-703.09344","-602.08838","1195.48633","-567.41315","-612.97778","1362.93494","-749.07043","-344.33371","986.30054","-659.64874","-857.38141","960.49066","-726.04987","-369.49097","827.22443","-526.30048","-864.05774","790.71533","-570.81982","-493.42599","829.25903","-593.07166","-744.92303","842.56689","-588.26111","-613.30518","905.89380","-806.14801","-504.41397","410.80936","-698.15967","-757.44012","445.48605","-480.21774","-523.69653","92.80570","-795.52136","-772.27435","116.06702","-423.10480",NA,"P3",20,17
130,1.29,"-507.00607","1494.71191","-486.43048","-635.47797","1584.84888","-725.56836","-601.15869","1452.02124","-496.42923","","","","-427.47385","1313.75342","-682.68585","-789.37848","1305.96338","-693.30157","-601.55859","1194.12366","-557.25513","-614.73773","1361.98120","-740.81818","-346.00525","984.85992","-651.77026","-858.88269","959.86481","-716.31879","-369.87720","826.72260","-518.34912","-864.09784","789.76709","-561.63153","-493.93158","827.84955","-585.63062","-743.36957","839.58069","-577.71808","-616.18372","905.61444","-798.47253","-505.71173","410.30176","-693.05420","-758.91376","444.22018","-473.24329","-523.45099","93.70579","-794.72894","-774.47833","118.30473","-402.52322",NA,"P3",20,18
131,1.3,"","","","-636.49280","1584.06616","-717.33923","-601.29401","1451.70300","-486.97119","","","","-428.29233","1313.03137","-676.05518","-790.69604","1304.96558","-683.33490","-602.75531","1193.44507","-548.86328","-615.74597","1360.37756","-731.82245","-347.01654","983.75378","-645.19934","-860.40662","959.02539","-706.00488","-371.43454","825.41931","-510.24139","-865.45563","789.29358","-552.06854","-494.48141","827.64526","-576.55054","-746.03558","839.01044","-566.64386","-619.01642","905.25513","-789.03986","-505.35550","410.04288","-688.34302","-759.99969","443.33145","-465.37451","-523.72375","93.92223","-794.16901","-776.32635","120.09411","-383.36047",NA,"P3",20,17
132,1.31,"-508.74438","1492.57813","-469.16556","-637.69678","1583.01453","-709.27222","-601.17352","1450.26147","-477.80527","","","","-430.25998","1311.92981","-669.35699","-791.91986","1304.08887","-673.62976","-603.09564","1192.55884","-539.50940","-618.29504","1359.99866","-722.71930","-348.45245","982.26099","-637.47510","-862.06085","958.13269","-695.95062","-372.31506","824.20380","-502.76953","-866.36658","787.86646","-542.08936","-494.42572","826.51886","-566.75458","-746.35168","838.03131","-557.42975","-621.67749","903.84460","-778.79242","-506.26282","409.05466","-682.61951","-761.12085","442.14645","-457.61581","-524.24591","94.02731","-792.02710","-777.37158","120.97591","-365.32690",NA,"P3",20,18
133,1.32,"","","","-638.87500","1581.91113","-700.66901","-600.24646","1449.64160","-468.22806","","","","-430.99982","1310.83228","-661.78925","-792.99249","1302.72388","-663.80573","-603.04846","1192.35645","-531.26672","-619.91827","1358.89197","-713.96759","-349.99014","981.38519","-630.93628","-863.89514","957.21674","-685.69281","-372.84830","822.58417","-496.01993","-868.27716","787.49774","-531.61316","-493.67609","825.22827","-561.11353","-745.12360","836.60321","-545.76013","-624.00854","902.33801","-770.33490","-506.99203","408.23468","-676.77979","-762.71265","441.09146","-448.58521","-524.71478","94.79765","-791.15979","-779.42493","121.92857","-351.13052",NA,"P3",20,17
134,1.33,"","","","-639.98456","1580.88220","-691.86212","-602.07855","1449.01257","-459.23868","","","","-432.49866","1309.45496","-653.38727","-794.69421","1301.88452","-653.35779","-603.00372","1190.94324","-520.09540","-620.98883","1357.13013","-705.52277","-352.17935","979.38269","-623.27386","-865.65820","956.48798","-676.01636","-374.69824","821.13086","-489.17520","-868.41327","785.48810","-521.37018","-494.90466","823.44232","-553.11279","","","","-627.17651","902.17889","-762.20740","-507.35651","407.80539","-670.42175","-764.25934","440.43900","-438.81531","-524.41516","95.93737","-790.21002","-780.41467","122.93019","-340.34967",NA,"P3",20,16
135,1.34,"","","","-641.01886","1580.25452","-684.16022","-601.77325","1448.98193","-450.06296","","","","-433.88287","1308.20813","-645.15045","-796.15430","1301.17603","-643.56537","-603.07196","1191.02246","-510.64990","-623.43341","1356.27808","-696.24902","-353.59616","978.17603","-615.96863","-867.30365","955.60883","-665.39191","-375.15100","819.32153","-482.07233","-870.14551","784.63629","-512.38025","-495.91089","821.81451","-544.75812","-745.49628","834.43542","-524.59741","-629.18372","899.51959","-751.49731","-508.37833","407.86896","-664.49017","-764.77081","439.62341","-429.71191","-523.69873","97.50460","-789.07751","-781.76410","121.75696","-330.68707",NA,"P3",20,17
136,1.35,"-600.95435","1447.96631","-440.41241","-642.22272","1579.05493","-675.12567","-512.17413","1488.90063","-436.55884","","","","-435.08984","1306.89856","-637.62488","-797.36719","1300.03870","-633.48071","-604.09882","1189.73547","-502.22327","-625.10742","1355.19360","-686.98383","-356.09274","976.33234","-609.31708","-869.18951","954.73120","-654.65082","-375.96420","817.84155","-475.60864","-870.41736","783.76160","-501.28204","-495.79333","821.36578","-535.94568","-748.50720","832.33130","-517.79700","-632.15399","899.37952","-742.04553","-508.68134","405.25186","-658.39856","-765.21246","439.06244","-419.68286","-525.16895","96.89884","-786.56116","-781.22589","119.22077","-323.23599",NA,"P3",20,18
137,1.36,"-513.03101","1487.42444","-427.17880","-643.45099","1577.72192","-667.12354","","","","-711.79724","1496.07898","-473.06369","-436.91608","1305.51453","-630.58820","-798.82172","1299.64355","-623.48755","-604.97278","1189.83069","-493.57755","-626.74866","1354.24512","-678.20978","-357.79788","974.97937","-602.76624","-871.15332","953.70374","-643.74280","-377.12061","815.94122","-468.65417","-872.43799","782.47113","-491.08218","-497.18793","820.06647","-526.78821","","","","-635.42401","898.97302","-732.26508","-509.62323","405.64780","-650.97144","-765.52539","438.52515","-407.75262","-525.61755","98.47788","-785.03699","-784.04437","116.83640","-318.09134",NA,"P3",20,17
138,1.37,"-514.03125","1486.66077","-418.21136","-644.65173","1576.42249","-658.29224","","","","-712.92468","1495.45435","-464.96350","-438.12592","1304.26477","-622.87439","-800.22980","1298.41638","-612.65753","-603.97235","1188.22559","-483.94574","-628.58038","1353.00464","-669.30786","-359.61343","973.70612","-595.90314","-872.94025","952.82361","-632.91858","-377.44260","813.87213","-462.35620","-873.56653","781.84229","-480.07065","-497.81573","819.08624","-517.37494","","","","-637.79425","898.00024","-721.08533","-511.02429","404.96033","-643.37000","-765.65717","437.92456","-396.36136","-525.38617","100.13719","-783.56781","-785.54999","112.72507","-313.07001",NA,"P3",20,17
139,1.38,"-586.23102","1459.17017","-373.56946","-645.74274","1575.67493","-650.59003","-516.11969","1525.92053","-561.43903","-713.35614","1495.05371","-456.02725","-439.51273","1303.36682","-615.55115","-801.65204","1297.70251","-602.98816","-605.58679","1187.76831","-474.38406","-630.30707","1351.95752","-660.28748","-361.39911","972.46246","-589.53693","-874.72040","952.41711","-622.25623","-378.19321","811.44702","-457.00992","-873.61835","779.90381","-469.02325","-499.38165","818.21381","-508.56406","","","","-639.74786","896.41827","-711.48682","-513.18164","403.75928","-635.19617","-765.46387","437.27127","-385.82849","-524.71527","101.46238","-782.09149","-785.18341","110.45066","-310.67609",NA,"P3",20,18
140,1.39,"-586.77222","1458.60254","-364.34763","-647.02435","1574.20508","-641.98364","-517.13684","1524.71753","-554.64380","-713.63855","1494.41724","-446.64371","-440.72327","1302.51587","-607.55511","-802.85303","1297.19373","-592.53949","-606.46588","1186.42139","-465.75079","-632.06177","1351.14404","-651.19507","-363.87167","970.96686","-582.43707","-876.67511","951.49475","-610.36230","-379.02945","809.97894","-450.89456","-875.37378","779.86786","-458.82043","-501.04813","816.97766","-499.02237","-754.63159","829.35828","-482.63730","-641.87372","895.30261","-700.42749","-514.93097","402.19693","-627.33319","-765.17133","436.52057","-374.51730","-526.78882","102.72122","-779.30530","-786.98785","107.73071","-307.37354",NA,"P3",20,19
141,1.4,"-586.45679","1459.45044","-356.03223","-648.35461","1573.22302","-633.46417","-517.75122","1524.21057","-545.83710","-713.88544","1494.36682","-437.94922","-442.60461","1300.96521","-599.21759","-804.57404","1296.49353","-582.14532","-607.27527","1186.15186","-456.93787","-633.88135","1350.41113","-642.10620","-365.58990","969.76746","-576.86322","-878.62939","950.88293","-598.92090","-380.64935","807.47021","-445.48343","-876.25879","779.32343","-448.35803","-503.44821","815.52734","-490.26489","-755.31421","829.87347","-468.84814","-644.47729","894.15643","-690.32745","-515.78461","401.90732","-617.58026","-765.04602","434.63239","-363.70700","-525.77246","105.70549","-777.87402","-786.18237","106.06354","-300.96100",NA,"P3",20,19
142,1.41,"-586.07422","1460.01587","-347.27249","-649.56384","1572.76990","-624.34467","-518.70575","1523.86133","-537.13623","-713.42249","1494.00854","-428.35498","-444.26108","1300.13818","-591.99219","-805.97766","1296.03796","-571.82031","-608.06244","1185.65051","-448.23575","-635.87677","1349.77747","-633.24176","-368.07690","968.25281","-570.19312","-882.09631","951.63342","-589.00568","-381.50424","805.07422","-440.03610","-877.22418","778.18970","-436.00781","-504.75159","814.63208","-480.75922","-757.39392","832.83948","-454.81204","-646.89313","893.61115","-680.84369","-518.02814","400.38211","-607.94073","-765.06549","434.37656","-353.29376","-526.75494","108.65573","-774.33307","-785.00244","105.05041","-295.35242",NA,"P3",20,19
143,1.42,"-586.80103","1458.53308","-337.68536","-650.86206","1572.46350","-615.75586","-518.90399","1523.42175","-529.40912","-713.91144","1494.51794","-418.86813","-445.83578","1299.48083","-583.87054","-807.71442","1296.06506","-561.74982","-608.86975","1186.10071","-437.64481","-637.67023","1349.75684","-624.39105","-369.48383","967.41296","-564.07080","-883.70697","950.79114","-576.96405","-382.34821","803.04163","-434.96088","-878.18439","778.44012","-425.30997","-505.42676","816.10565","-465.76715","-757.55609","832.31384","-442.74829","-649.33862","892.78461","-670.38470","-519.73132","399.71915","-597.50238","-765.61157","434.89633","-343.82733","-527.94843","110.72878","-771.18225","-784.20447","103.63283","-291.96817",NA,"P3",20,19
144,1.43,"-585.83014","1458.44788","-330.19638","-651.87640","1573.10388","-606.53235","-520.38452","1523.35596","-521.31860","-714.20746","1495.25610","-409.26364","-446.90237","1299.10278","-576.26416","-809.17328","1296.23413","-551.15698","-609.37280","1185.24036","-428.77609","-639.45276","1349.64319","-615.24933","-372.14862","966.06323","-557.82910","-885.42932","951.11218","-565.39746","-383.26907","801.30206","-429.85284","-878.22778","777.14905","-414.24438","-508.16174","814.79578","-456.60419","-759.89514","832.99878","-432.50909","-651.50500","892.24213","-659.98206","-521.10706","398.89142","-585.81622","-764.75586","436.02689","-334.68762","-529.23260","114.51900","-767.31177","-782.83661","102.60334","-288.37225",NA,"P3",20,19
145,1.44,"-587.16675","1461.79114","-321.45023","-653.14026","1573.39612","-597.75751","-520.95624","1523.73792","-513.27148","-713.98322","1495.03638","-399.72064","-448.59097","1298.73694","-568.09161","-810.42322","1296.42566","-540.96729","-611.83850","1186.47778","-421.28424","-641.25134","1349.72266","-606.07922","-374.17035","965.38483","-551.12207","-887.48602","951.11127","-552.86285","-384.23224","800.21045","-425.13751","-879.96509","777.41187","-403.12128","-509.76074","814.90039","-446.59473","","","","-653.11737","892.76697","-649.89441","-522.44678","397.94226","-573.79840","-763.43915","437.24335","-325.89078","-530.96521","118.42354","-763.15948","-782.03442","102.72221","-285.05652",NA,"P3",20,18
146,1.45,"-586.47650","1460.22864","-312.64847","-654.16345","1574.07141","-588.50586","-521.66589","1524.25647","-503.85306","-714.60071","1496.61389","-390.36179","-450.11346","1298.74292","-559.69519","-811.96942","1297.51599","-531.09125","-611.33374","1186.73572","-411.69788","-642.79358","1350.45923","-597.31470","-376.41660","965.49646","-544.11835","-889.36017","952.16058","-541.41498","-384.73679","798.85992","-420.55774","-879.20917","778.22614","-391.85953","-511.73566","815.89557","-437.08255","","","","-654.96466","892.90509","-639.11237","-522.90710","396.93991","-560.47748","-762.03839","437.81760","-316.28076","-532.36719","122.40281","-757.99292","-781.93347","101.83981","-279.46661",NA,"P3",20,18
147,1.46,"-585.27252","1461.24988","-303.50690","-655.10284","1575.24182","-579.09241","-522.36243","1525.07764","-496.64380","-714.53436","1497.71179","-381.18796","-451.26700","1299.52429","-552.32098","-813.28143","1298.88562","-521.16956","-612.17212","1187.89148","-401.16818","-644.31506","1351.38586","-588.70532","-378.24399","965.92480","-538.85876","-890.37048","952.69562","-528.17090","-386.39270","797.15668","-416.42154","-879.58350","779.09686","-380.71027","-514.51611","816.37079","-427.26636","","","","-656.54254","893.59399","-628.86328","-523.70087","396.66153","-547.39325","-762.30518","438.10992","-307.95831","-535.44769","126.66486","-751.85992","-781.72656","101.53522","-278.76083",NA,"P3",20,18
148,1.47,"-584.57037","1462.25415","-295.90768","-656.01215","1576.97314","-569.76416","-523.24072","1526.00439","-487.59900","-713.96130","1497.90649","-371.43292","-452.34946","1300.02246","-544.10553","-814.53015","1300.12671","-510.88043","-612.74182","1189.65125","-393.14087","-645.84161","1352.21545","-579.51166","-381.10532","966.52441","-532.83258","-892.02551","954.18896","-516.22192","-387.65726","796.28180","-412.21515","-880.40106","780.98785","-369.81177","-516.01782","816.80719","-417.39862","-767.88568","839.34399","-392.99350","-658.43506","895.19861","-619.64008","-523.99170","396.59790","-532.94397","-763.45575","437.86862","-300.72629","-535.34735","132.51758","-745.19897","-781.84302","101.24177","-276.99951",NA,"P3",20,19
149,1.48,"-585.36285","1462.95703","-286.30255","-656.83221","1578.66260","-560.49194","-523.36182","1527.26123","-479.47086","-714.21521","1499.60437","-361.88904","-453.43036","1301.07373","-536.76617","-815.42413","1301.76697","-501.18549","-613.56964","1191.13892","-384.03082","-647.16516","1353.92700","-571.25604","-383.18182","967.30396","-526.88287","-894.41681","957.13824","-505.70084","-388.54993","796.01190","-407.99191","-880.49115","781.64557","-357.95615","-518.15088","818.08990","-408.14395","-768.94501","840.87494","-384.11185","-659.55023","896.53601","-609.67059","-523.59869","395.59909","-517.61920","-765.14838","437.69824","-294.69904","-537.65149","138.78812","-736.88824","-782.47528","100.71313","-273.21338",NA,"P3",20,19
150,1.49,"-583.81299","1464.35522","-278.97504","-657.53528","1580.57397","-551.17780","-523.58875","1528.48315","-470.23999","-713.29865","1501.22437","-351.95886","-455.01660","1302.94861","-529.64655","-816.47247","1303.99487","-491.69113","-614.05365","1193.62024","-376.17044","-648.43127","1355.48499","-562.07007","-385.22546","968.49219","-521.99548","-895.57996","959.05029","-492.99182","-390.16913","795.39893","-404.51837","-881.05212","784.15082","-347.12201","-518.87469","820.06586","-398.32706","-769.97656","843.29956","-373.90637","-660.32318","897.65845","-599.72699","-521.44635","396.71414","-501.20096","-767.89325","438.44504","-290.87231","-540.59033","144.42299","-728.00531","-782.95300","100.94314","-274.84210",NA,"P3",20,19
151,1.5,"-584.48694","1464.47253","-270.25970","-658.18799","1582.64783","-541.77722","-523.88599","1530.00366","-462.97260","-714.51007","1503.02527","-343.50476","-456.29538","1304.28333","-521.45483","-817.32739","1305.85535","-481.31155","-615.26831","1195.44360","-367.17685","-649.67157","1356.44666","-552.89832","-387.41412","969.90674","-515.84320","-896.49982","961.03705","-481.28766","-391.73785","795.58124","-400.06235","-879.89667","785.65265","-334.80518","-521.06555","821.57245","-390.22394","","","","-662.00696","900.40894","-591.19171","-520.58057","396.63171","-484.23727","-770.83356","438.99112","-285.72250","-539.92029","151.81978","-717.97552","-784.69910","100.59669","-273.09433",NA,"P3",20,18
152,1.51,"-583.30115","1465.66858","-261.07935","-658.55603","1584.95386","-532.50824","-523.72247","1532.06042","-454.35287","-713.39301","1504.68030","-334.16321","-458.10446","1306.37549","-514.26697","-818.33093","1308.07141","-471.67725","-615.67090","1197.18823","-356.94339","-651.22937","1358.51611","-544.25452","-390.06848","971.37744","-510.87329","-897.64856","963.20313","-469.94055","-392.34488","796.02258","-396.63797","-881.78528","787.55347","-325.40680","-521.77319","823.28394","-380.95047","","","","-662.54584","901.97894","-581.93756","-520.04108","396.12793","-465.70496","-773.79974","438.01627","-282.07498","-541.56567","158.98914","-706.24609","-786.18481","100.50275","-272.52075",NA,"P3",20,18
153,1.52,"-582.05426","1467.66113","-253.31912","-658.98602","1586.91638","-523.03589","-524.23853","1533.46838","-446.06119","-713.60773","1506.49500","-325.23767","-458.95197","1307.92261","-506.59601","-819.05768","1310.24475","-462.17410","-615.79041","1199.67883","-348.17099","-652.66290","1360.50073","-535.75800","-392.26102","973.05658","-505.76019","-898.83667","965.44678","-458.67670","-394.18219","796.70300","-393.17331","-880.21405","790.96954","-310.72949","-522.36859","825.14783","-372.38422","-771.24207","850.66980","-343.85544","-663.93005","904.77112","-573.50421","-520.35413","396.88190","-447.99054","-777.19788","438.60843","-277.86853","-543.54358","166.63512","-693.37836","-786.75262","96.19992","-280.00833",NA,"P3",20,19
154,1.53,"-581.47180","1468.49451","-246.54929","-659.35760","1588.86267","-514.35193","-524.33606","1535.00427","-438.93396","-712.57788","1508.23804","-315.56531","-460.16214","1309.91345","-499.22836","-819.83051","1312.18262","-451.75760","-615.77313","1201.36401","-340.11334","-653.51172","1361.54895","-525.86176","-393.96890","974.58850","-500.82230","-899.99487","967.75940","-447.38885","-395.48520","797.38324","-389.64615","-880.87524","792.90692","-299.67413","-520.20386","827.74951","-363.60596","","","","-664.13007","906.49896","-564.93231","-519.24829","398.18372","-429.34744","-779.02338","438.31351","-274.31345","-545.07104","174.59576","-680.88983","-787.73688","94.31544","-279.76050",NA,"P3",20,18
155,1.54,"-581.84845","1468.95728","-236.37625","-659.67340","1590.20007","-505.17953","-524.07135","1535.70947","-429.19354","-711.54205","1509.43152","-306.45309","-460.60181","1311.90930","-492.77512","-819.96118","1314.10767","-441.63797","-616.09729","1203.48535","-332.50439","-654.73932","1363.29541","-517.41052","-396.14487","976.56281","-495.16003","-900.90985","970.20294","-436.48807","-395.63956","798.29047","-385.63080","-880.76782","796.12897","-288.56775","-521.32635","829.40179","-355.94958","-773.03516","852.60406","-332.78116","-665.14301","908.57434","-557.10260","-518.12982","399.17252","-410.78775","-780.62335","437.79340","-269.68515","-548.42023","182.98209","-667.05402","-788.48901","93.72123","-279.54776",NA,"P3",20,19
156,1.55,"-580.10846","1470.48486","-227.49672","-659.82098","1591.94214","-496.88739","-524.34961","1536.65369","-420.46756","-710.96490","1511.38879","-297.01651","-462.20044","1313.78345","-485.59445","-820.55524","1316.41089","-431.78131","-615.43054","1205.10999","-323.61682","-655.52985","1364.85754","-508.48584","-397.80051","977.87701","-490.70047","-901.83850","972.28632","-425.53058","-396.69913","798.89697","-381.56979","-880.53278","798.27789","-276.59650","-521.86646","830.44598","-349.90854","-771.62872","853.48541","-323.94205","-665.54913","909.86755","-548.11212","-517.57776","401.02286","-393.98694","-780.75134","437.65060","-265.48685","-551.22601","190.44643","-652.37836","-788.91486","99.30143","-268.67752",NA,"P3",20,19
157,1.56,"-577.93835","1472.02209","-220.03690","-659.87665","1593.30176","-487.84583","-523.83832","1537.86230","-413.53625","-709.08740","1512.82935","-286.94690","-462.61880","1315.21863","-477.78015","-820.77557","1317.20422","-420.95990","-614.64685","1206.43933","-314.77200","-656.48145","1366.59680","-499.22235","-399.08966","979.91608","-485.31445","-902.94043","974.13440","-414.29675","-398.24261","800.09808","-378.05789","-880.60291","800.95392","-265.08792","-521.74689","831.30975","-343.30521","-770.86145","855.54517","-310.61050","-666.43164","911.58380","-540.66644","-518.11591","402.39166","-374.98187","-781.75378","438.12265","-262.24524","-554.32642","197.95839","-637.89709","-788.91235","99.46625","-268.30356",NA,"P3",20,19
158,1.57,"-577.67981","1473.77380","-212.14677","-659.35199","1594.11304","-478.70377","-523.60651","1538.97485","-406.19089","-707.99493","1514.51489","-278.15421","-463.74789","1316.65186","-470.74875","-820.79474","1318.77563","-410.39615","-614.61304","1207.46692","-306.74619","-657.49078","1368.01575","-490.41614","-400.63742","981.10339","-480.61026","-903.87073","975.55109","-402.78217","-398.86252","800.71448","-373.62265","-879.95178","803.09705","-253.44270","-522.20068","832.87946","-336.54837","","","","-667.41895","913.18225","-533.80878","-516.54169","405.27100","-357.43625","-782.10443","438.14301","-258.73068","-558.22369","205.40723","-622.68390","-788.68268","99.60646","-267.85080",NA,"P3",20,18
159,1.58,"-575.20331","1475.65234","-204.02347","-659.36621","1595.05322","-469.89999","-523.24573","1539.66760","-397.05884","-709.09619","1516.45227","-270.15295","-463.88522","1317.82214","-463.24387","-821.05200","1320.52637","-400.66699","-613.67694","1208.50598","-298.41364","-658.17993","1369.32739","-481.70047","-401.57977","982.54510","-476.13889","-904.97583","977.06659","-391.63733","-399.08795","801.76965","-369.53674","-880.03577","805.07739","-242.25154","-521.08929","834.39581","-329.08020","","","","-667.90704","914.35767","-525.67511","-514.88879","408.81522","-339.08328","-781.90686","438.05673","-254.44890","-560.43463","212.29803","-606.57233","-788.39111","99.40620","-266.81723",NA,"P3",20,18
160,1.59,"-574.98871","1475.16284","-195.51500","-659.64166","1596.53748","-461.65836","-522.73578","1540.27393","-388.56583","-706.99603","1517.82849","-260.75723","-464.37936","1319.21606","-457.00668","-820.93219","1322.02380","-390.29126","-612.40228","1209.09729","-291.13266","-658.58319","1370.41907","-472.63507","-402.77768","983.43359","-470.97992","-906.07361","978.61646","-380.45245","-401.38470","802.36041","-365.45172","-878.96112","807.07355","-230.01640","-520.78955","835.57581","-323.11356","-770.05377","858.52612","-286.28668","-668.68420","915.00085","-517.83557","-514.51727","411.61829","-322.40555","-780.78943","438.42731","-250.77562","-564.43829","217.88506","-589.69885","-787.47717","99.35825","-266.39590",NA,"P3",20,19
161,1.6,"-573.60913","1476.30505","-186.29240","-658.98859","1597.73340","-452.65240","-522.31329","1541.26440","-382.59546","-705.32208","1518.93115","-251.83415","-464.59045","1320.44238","-449.69617","-820.82898","1322.99231","-379.16403","-610.48602","1209.88599","-283.50888","-659.25012","1372.65710","-463.88278","-403.89462","984.49609","-465.86502","-906.60736","979.94379","-368.77960","-401.22043","803.02075","-360.76938","-878.51129","809.44800","-218.14064","-518.99341","836.97382","-316.50516","","","","-669.60156","916.58185","-511.26199","-512.68073","416.12225","-304.61688","-779.73413","437.97662","-246.35577","-567.79962","223.16096","-572.47192","-786.96338","99.40288","-265.90442",NA,"P3",20,18
162,1.61,"-572.53210","1477.42664","-178.76448","-658.68567","1598.33081","-443.83228","-521.52539","1542.15942","-374.29214","-703.79089","1519.30432","-242.48299","-465.21298","1321.40576","-442.97394","-820.22717","1324.12341","-369.60980","-610.02051","1209.24170","-275.78152","-659.42999","1373.79395","-455.49359","-404.47089","985.31744","-460.98477","-907.24432","980.89655","-356.86972","-401.09586","804.15472","-355.94110","-876.62689","810.80963","-205.75954","-518.31482","838.21991","-310.74380","-769.13361","856.67590","-275.92709","-670.33319","917.87109","-503.48148","-510.56168","419.93738","-287.80719","-778.89478","437.30118","-243.31056","-570.03760","225.11397","-553.75122","-786.32440","98.87817","-264.47672",NA,"P3",20,19
163,1.62,"","","","-658.28992","1599.50806","-435.42813","-520.48724","1543.05530","-366.12851","-701.89465","1519.85071","-233.65286","-465.31659","1322.30823","-436.10449","-819.76062","1325.19604","-358.95389","-608.97217","1210.32690","-267.96243","-660.04608","1374.59839","-446.90878","-405.18753","986.23779","-455.94443","-907.86957","982.02417","-345.24081","-401.16235","804.02374","-352.33322","-875.75964","812.93146","-195.32823","-517.51526","839.45605","-305.18619","-767.63416","858.56042","-264.90115","-671.01166","918.92334","-496.27527","-508.85675","423.17001","-272.09042","-777.73541","436.67947","-239.64568","-572.69690","227.09740","-533.95142","-785.83002","98.93921","-263.88431",NA,"P3",20,18
164,1.63,"-568.79388","1479.06873","-162.27820","-657.35785","1600.66113","-426.60617","-519.58203","1543.83411","-357.23816","-701.70978","1521.76379","-224.67360","-465.20102","1322.66626","-429.57248","-819.18781","1326.04736","-349.17770","-607.79816","1209.76538","-260.47363","-660.05597","1376.02002","-438.45517","-405.90948","987.03815","-451.47598","-908.38092","983.44354","-334.24033","-400.87125","805.60974","-347.13956","-874.46790","814.38080","-183.10928","-516.61493","841.23450","-298.88879","","","","-671.64056","920.28265","-489.24860","-507.55539","427.29538","-255.21692","-777.24469","436.20160","-236.64439","-575.02661","227.52576","-514.37048","-785.36450","99.08336","-263.26706",NA,"P3",20,18
165,1.64,"","","","-656.66479","1601.67029","-417.20724","-518.55585","1544.36743","-349.87894","-700.07788","1522.67615","-216.10857","-465.57254","1323.64441","-423.17859","-818.56702","1327.09131","-340.08997","-606.85052","1209.98755","-254.00107","-660.04224","1377.13501","-430.00510","-406.36972","988.20502","-446.52420","-908.00671","984.44324","-322.20728","-402.08640","806.25415","-342.37051","-873.18457","816.61261","-172.06300","-516.51343","843.25031","-293.42667","-765.19336","860.10333","-249.53731","-672.20776","921.43286","-482.48590","-507.52106","431.04968","-239.31839","-776.25061","436.39081","-233.80092","-576.89233","228.11406","-494.81619","-784.10822","96.34170","-267.83655",NA,"P3",20,18
166,1.65,"-564.06934","1478.33813","-146.86850","-655.76624","1602.43054","-408.45718","-517.72382","1544.24976","-342.23444","-697.90485","1522.11292","-207.18256","-465.41299","1324.02136","-417.04996","-817.89081","1327.96570","-329.38040","-604.30017","1210.86304","-247.83228","-660.13794","1377.78845","-421.25272","-406.97977","988.06195","-441.53659","-907.92310","985.65179","-311.29517","-402.26776","806.63171","-337.67310","-871.02740","816.55450","-160.19923","-515.20575","845.53699","-287.28775","","","","-672.06665","922.36420","-474.96219","-503.76309","435.51871","-223.46957","-775.88367","436.74399","-229.96249","-578.35254","226.78249","-474.52725","-783.73352","96.87849","-266.64966",NA,"P3",20,18
167,1.66,"-562.74719","1477.42664","-138.77252","-654.66235","1603.39490","-399.69040","-516.18378","1544.95447","-334.95560","-695.12793","1522.76257","-197.65952","-465.60785","1324.81946","-410.99359","-816.75769","1328.46289","-319.87778","-602.52954","1210.89819","-240.54404","-660.21527","1378.82642","-413.24902","-407.71915","988.84570","-436.83591","-907.75739","986.68890","-299.55112","-401.45618","807.25385","-332.14038","-869.93042","818.46906","-148.99329","-514.40967","846.68652","-282.22070","-762.85315","859.80945","-234.76445","-672.29028","924.04547","-468.89041","-502.74899","439.19293","-208.67752","-775.16595","436.37952","-226.33705","-579.63983","224.86327","-452.96695","-783.73328","96.87436","-266.64716",NA,"P3",20,19
168,1.67,"-559.89435","1477.54126","-130.81447","-653.69257","1604.20837","-390.47815","-514.67737","1545.22498","-326.29590","-693.89008","1522.50732","-189.46877","-465.18463","1325.60876","-405.19617","-815.60571","1329.05640","-310.27753","-601.63190","1210.90259","-232.66151","-659.73395","1379.30054","-404.89862","-407.99051","989.68829","-431.55350","-906.86353","987.40546","-288.12225","-401.25476","807.65381","-327.36581","-867.65680","819.15363","-139.15993","-513.99860","847.99811","-276.89682","-760.16486","862.22571","-226.11954","-672.45667","924.76605","-461.80643","-499.90378","444.25095","-194.00404","-773.58374","436.00845","-222.87004","-581.18878","222.59396","-431.53860","-784.01044","99.92510","-260.93161",NA,"P3",20,19
169,1.68,"-557.15906","1478.34753","-124.10925","-652.76868","1604.65405","-381.60666","-513.59137","1545.19958","-318.32080","-691.05707","1522.28174","-180.32552","-465.46799","1325.89771","-398.76855","-814.32880","1329.72083","-301.20538","-599.47150","1210.72485","-226.32098","-659.31958","1379.73792","-397.28464","-408.26459","989.84595","-426.48380","-906.42883","988.35132","-277.63446","-401.03174","807.74884","-322.27097","-864.88947","819.92761","-127.60809","-513.17120","848.51013","-271.75903","","","","-672.90570","926.06671","-455.50931","-497.48520","448.14847","-180.07675","-773.15479","435.76224","-220.25444","-580.75464","218.73259","-409.91843","-783.49042","99.81204","-259.92441",NA,"P3",20,18
170,1.69,"-555.66083","1476.36096","-114.75851","-651.29651","1605.15833","-373.27258","-512.02411","1544.89490","-309.95731","-689.83447","1522.05640","-172.39479","-464.94583","1326.05518","-392.92792","-813.28516","1330.33447","-291.52515","-598.14929","1210.59204","-218.99004","-659.19995","1380.19434","-389.00317","-408.31390","989.99121","-421.11960","-905.32782","988.89355","-265.75165","-399.61374","808.65875","-317.01544","-862.69202","821.16412","-115.07396","-511.27127","849.47571","-266.22925","-756.30646","862.29126","-210.42477","-672.53851","926.08911","-448.20184","-496.15387","451.43219","-166.89377","-771.58630","434.83667","-217.03813","-581.68250","214.79495","-387.97485","-782.85944","99.44418","-258.47235",NA,"P3",20,19
171,1.7,"-552.27057","1476.95056","-108.25399","-649.94006","1605.72986","-364.64722","-510.71838","1545.85742","-303.52100","-687.08344","1522.80054","-163.50174","-464.28305","1326.20020","-386.93454","-811.68500","1330.77100","-282.18414","-596.02124","1210.29871","-211.86089","-658.75751","1380.76477","-381.38910","-408.46664","990.54047","-416.46359","-904.17529","989.54510","-255.18405","-399.28836","808.15887","-312.33783","-860.43652","822.36060","-105.22404","-509.41125","849.23816","-260.97116","-755.08801","861.60693","-205.38478","-672.75433","926.48792","-441.52731","-491.89285","455.91132","-153.24144","-770.67828","434.77502","-213.94894","-581.10162","209.90681","-364.14850","-782.23004","99.19393","-257.32834",NA,"P3",20,19
172,1.71,"-549.40894","1475.65393","-100.72359","-648.71069","1606.21301","-355.82336","-509.20963","1545.69604","-295.99762","-684.95062","1521.90381","-155.57501","-463.62976","1326.49268","-381.64206","-809.96301","1330.59656","-272.56683","-592.90808","1211.29065","-205.43655","-657.74591","1381.31189","-373.17896","-408.73575","990.76355","-411.01654","-902.78760","990.06744","-244.48627","-398.56754","808.93896","-307.26944","-858.94177","821.25818","-95.57219","-507.86160","849.85535","-255.63707","-752.30170","862.05676","-196.11795","-672.71814","926.70294","-433.82391","-488.46680","459.00604","-141.43343","-769.81354","434.07602","-209.62704","-579.71228","204.28754","-339.05618","-781.56805","99.12007","-256.67825",NA,"P3",20,19
173,1.72,"","","","-647.17572","1606.96484","-347.18491","-507.21408","1545.39844","-287.44617","-682.32678","1522.02637","-146.57315","-463.24338","1326.30920","-375.37170","-808.40240","1331.05957","-263.33112","-590.54791","1211.15967","-197.88663","-657.01160","1381.10132","-364.74188","-408.73532","990.72797","-406.31448","-901.39301","990.56757","-232.99896","-397.19009","808.51990","-302.10547","-856.37158","822.54541","-84.65817","-506.80640","850.01465","-250.29926","-749.50983","862.68457","-187.91957","-673.04437","927.52478","-426.71384","-484.85144","463.06064","-130.53372","-769.23315","434.11737","-205.88493","-577.77087","198.61264","-315.86722","-781.16046","99.24290","-255.94250",NA,"P3",20,18
174,1.73,"-545.95929","1473.59314","-85.58203","-645.44684","1607.18726","-338.48456","-505.45041","1545.67798","-279.76620","-680.16632","1521.16858","-138.60976","-462.77789","1326.67419","-369.78467","-806.09857","1331.31140","-254.02496","-588.79095","1210.61047","-191.54926","-655.45740","1381.25037","-357.06122","-408.57397","990.48749","-400.48987","-899.50323","990.94489","-222.84688","-395.99521","808.82562","-296.97742","-852.61804","823.13800","-74.99185","-505.72736","850.06683","-244.43054","-747.23236","862.27435","-179.74684","-673.54413","927.68774","-419.60037","-481.09772","466.28751","-119.03607","-769.35876","435.05972","-202.98328","-574.86102","192.05063","-291.63593","-779.98218","95.61835","-262.12399",NA,"P3",20,19
175,1.74,"-541.68713","1473.01611","-77.39900","-643.69873","1607.28723","-329.97058","-503.33020","1544.97034","-272.26883","-676.88574","1521.40613","-129.69977","-461.22757","1326.67822","-363.65585","-803.98376","1331.10376","-244.75945","-586.62927","1210.93884","-184.13293","-654.90521","1381.44348","-349.15503","-408.10748","990.31152","-395.37802","-897.78381","991.15533","-212.50574","-395.53180","808.46912","-291.81201","-850.22687","823.29425","-64.51216","-503.50775","850.25598","-238.55455","-745.49640","862.76062","-172.29138","-673.71063","928.41376","-412.66006","-476.77417","468.80740","-109.24358","-767.28333","433.64362","-201.34395","-571.56793","186.43587","-268.80511","-779.59497","96.11279","-260.87296",NA,"P3",20,19
176,1.75,"-538.93933","1472.97119","-70.34003","-641.76941","1607.42419","-321.93530","-501.33496","1545.21570","-264.85672","-675.81702","1520.61682","-122.27453","-460.45020","1326.40161","-357.63260","-801.91791","1331.63000","-236.09236","-583.99854","1209.94019","-177.27272","-653.31030","1381.70471","-341.51221","-407.53476","989.75513","-390.94897","-895.64020","991.23511","-202.01805","-394.19055","808.63855","-287.05389","-846.94830","823.89532","-54.57995","-501.59064","849.91748","-232.91759","-742.26361","861.78290","-163.29158","-673.35944","927.89349","-405.12869","-472.91306","470.82382","-100.87509","-766.44348","432.70413","-197.33507","-567.01227","180.00508","-245.13365","-779.18079","96.71564","-259.56183",NA,"P3",20,19
177,1.76,"-536.43195","1471.01086","-63.47105","-639.89636","1607.74707","-313.68649","-498.61075","1544.66528","-257.34171","-672.93536","1519.81738","-113.73115","-459.22678","1326.15491","-352.09540","-799.40002","1331.04578","-226.30647","-580.53247","1209.61670","-169.82449","-652.05157","1381.30957","-333.05518","-407.21790","989.47046","-384.86813","-893.54510","991.26813","-191.58765","-392.48734","808.02710","-281.91193","-844.61523","823.60913","-43.93111","-500.20993","848.79572","-226.99913","-740.66022","861.92938","-156.97917","-673.17279","927.66418","-397.77441","-468.65076","472.23569","-91.88213","-765.72913","432.15961","-194.12839","-561.30829","173.41621","-220.95740","-779.06268","99.84021","-254.07938",NA,"P3",20,19
178,1.77,"-533.56854","1470.77905","-54.82042","-637.66193","1607.10815","-305.14365","-496.41672","1544.77673","-249.60182","-669.03351","1519.33948","-105.45255","-457.65649","1325.86548","-345.27893","-797.06030","1331.29578","-217.05858","-577.72290","1209.44763","-162.80121","-650.28430","1381.24304","-325.86029","-406.16425","989.07269","-380.51660","-891.04706","991.18781","-181.06313","-391.00226","808.41602","-275.55331","-839.73053","824.74316","-31.78532","-498.15097","849.25330","-220.20204","-738.53448","861.42749","-148.38884","-672.89563","927.65302","-390.32852","-465.32632","473.24417","-85.40969","-764.46704","432.13837","-190.76959","-554.75195","167.23442","-197.64023","-778.71027","99.63563","-252.91991",NA,"P3",20,19
179,1.78,"-531.01031","1469.42261","-48.32860","-635.55804","1607.26025","-297.49866","-493.96310","1543.98193","-241.98421","-665.81012","1517.90466","-96.95951","-456.29947","1325.12329","-339.33640","-794.07269","1330.75085","-207.96735","-574.72266","1208.68494","-156.71243","-648.42114","1380.69592","-317.76886","-405.42258","988.94885","-375.30313","-888.42059","991.06232","-170.90382","-389.65863","807.78845","-270.40720","-836.76825","824.32111","-22.86807","-496.88068","848.56775","-214.60568","-736.34186","860.33734","-139.52579","-672.39594","927.25201","-382.30606","-461.25513","474.44504","-78.85410","-763.09583","431.67163","-187.44647","-546.71008","161.60193","-174.98439","-778.14490","99.60004","-252.25993",NA,"P3",20,19
180,1.79,"-526.70642","1470.11121","-41.28887","-633.10242","1606.80237","-289.86343","-491.37167","1544.27319","-235.80377","-662.72278","1518.10767","-89.07445","-454.56503","1324.80334","-333.09042","-791.48505","1330.36096","-199.15053","-571.88818","1207.84814","-149.87631","-646.74664","1380.66223","-310.28638","-404.43185","988.20361","-369.27817","-885.66089","990.88666","-161.21109","-387.72870","806.80121","-266.15704","-833.08051","824.42352","-13.41222","-494.95523","847.79913","-207.94568","-734.29272","860.20593","-132.32179","-671.39539","927.37091","-375.19775","-457.32172","474.59885","-71.53514","-761.62140","431.02664","-184.41066","-537.65973","156.27238","-152.55702","-777.74390","99.72066","-251.72153",NA,"P3",20,19
181,1.8,"-523.94110","1468.64832","-34.20370","-630.17578","1606.05603","-281.43173","-488.92679","1542.95056","-228.22163","-659.91205","1516.91077","-81.33955","-452.53479","1324.17615","-327.20474","-788.45679","1329.79688","-190.30547","-568.52637","1206.91968","-142.30713","-644.37109","1380.08704","-302.10236","-403.06042","987.71674","-364.21637","-882.69507","990.18848","-151.36375","-385.85178","806.20636","-260.05746","-829.55853","824.10046","-4.29095","-492.87173","847.45184","-202.24059","-732.10010","860.52588","-127.11358","-670.00580","926.82977","-367.75507","-455.09866","474.09616","-65.97623","-760.00342","431.03583","-180.69682","-528.04230","149.95622","-127.97768","-777.18372","99.56532","-250.61241",NA,"P3",20,19
182,1.81,"-519.78070","1467.73096","-26.61052","-627.70087","1605.52124","-273.50400","-485.83627","1542.83508","-220.78079","-657.08411","1516.84924","-73.79588","-450.32333","1323.34570","-320.43561","-785.34222","1329.35632","-181.36380","-566.16602","1205.42310","-135.35777","-642.06750","1379.92419","-294.52969","-401.98489","986.73450","-357.75394","-880.24371","990.40442","-142.33443","-383.65067","805.93646","-254.61177","-825.14435","823.60583","5.82782","-490.49216","847.04962","-194.85286","-728.80890","859.50696","-116.25820","-668.98224","926.41333","-360.46356","-451.04520","473.14166","-60.63456","-758.44971","429.63846","-176.98041","-517.64636","146.13043","-108.09431","-776.68024","99.41492","-249.36771",NA,"P3",20,19
183,1.82,"-516.53778","1467.45483","-19.34433","-625.24536","1605.33521","-266.24835","-482.82361","1542.16724","-213.45125","-651.72968","1515.47974","-65.29553","-448.27002","1322.15234","-313.09006","-782.60699","1328.71448","-172.55536","-562.78479","1204.30371","-128.40886","-639.35541","1378.98706","-285.58755","-400.75604","985.87207","-351.60956","-877.33112","989.58655","-131.99902","-382.45511","804.27252","-249.39513","-821.60712","822.93530","14.53708","-487.89328","846.39777","-187.94089","-727.55328","856.23645","-112.08121","-667.92810","926.80157","-353.17914","-448.29498","472.02710","-55.35608","-756.67120","429.15274","-174.36647","-505.70572","141.57979","-86.80989","-776.25903","99.65015","-248.55722",NA,"P3",20,19
184,1.83,"-513.31573","1466.92688","-10.89913","-622.30365","1604.30273","-258.46497","-479.66467","1541.96826","-206.15298","-649.36725","1514.61914","-58.80316","-445.44370","1321.18103","-306.35440","-779.35419","1328.29126","-164.10020","-559.06006","1204.49060","-120.84332","-636.89581","1378.59314","-278.57700","-398.88327","984.73877","-346.11322","-872.64154","988.41119","-123.36393","-379.65411","803.14172","-243.78905","-815.77191","822.28131","22.47182","-485.76669","845.64618","-181.74316","-722.87079","857.53656","-100.09582","-665.53113","925.56268","-344.77576","-445.93854","469.94254","-50.31525","-755.05432","429.04205","-170.58162","-494.85989","138.06206","-65.05941","-775.40582","95.91447","-255.09886",NA,"P3",20,19
185,1.84,"-509.45105","1467.00757","-4.84286","-619.15356","1603.79016","-251.32428","-476.14597","1540.84058","-199.26880","-646.53503","1514.39197","-50.85078","-443.09381","1320.47986","-299.97366","-775.76923","1327.58765","-155.36720","-555.49988","1202.81677","-114.16245","-633.85962","1377.89905","-270.75650","-397.32538","984.00726","-340.38147","-868.93231","987.84515","-114.23270","-377.99356","801.93469","-238.73076","-811.30225","821.68604","30.94862","-482.70520","844.89465","-174.06131","-720.59003","857.08722","-91.47983","-664.53674","925.54578","-337.73370","-442.96307","468.49451","-45.22425","-754.01117","428.26913","-167.19498","-482.87415","135.21063","-45.30245","-775.45380","100.38084","-246.79297",NA,"P3",20,19
186,1.85,"-505.21811","1466.08191","3.54549","-615.97443","1602.76392","-243.53987","-472.71912","1539.98730","-192.18044","-641.90527","1513.03052","-43.17961","-439.82233","1319.20593","-293.27856","-772.37860","1326.89941","-147.34827","-552.39459","1202.22144","-106.45251","-631.18243","1377.27490","-262.83273","-395.52008","982.87976","-334.24530","-865.74829","987.32739","-105.14143","-376.25433","801.00702","-232.61305","-806.75348","820.91895","40.20874","-479.83344","844.47491","-167.11101","-717.97040","856.71429","-83.58739","-662.80579","924.37146","-329.20016","-440.42108","466.57657","-41.63419","-752.52130","427.68158","-163.81042","-472.24203","133.46518","-26.51913","-775.01685","100.69532","-245.91646",NA,"P3",20,19
187,1.86,"-501.15158","1465.21130","10.39333","-612.62299","1601.78711","-236.16188","-469.75537","1538.80493","-184.10985","-638.73120","1512.57813","-35.37393","-437.08136","1318.29517","-286.20950","-768.63824","1326.15723","-138.82773","-548.38184","1200.95923","-100.01207","-627.78186","1376.01392","-255.45476","-393.32751","982.10468","-327.86566","-861.90790","986.60364","-96.58510","-373.25323","799.36584","-227.15675","-801.02917","820.20337","49.35427","-476.63876","843.38379","-159.02896","-714.32452","856.76105","-75.72023","-660.67731","923.83069","-320.94382","-437.65359","464.26514","-37.54209","-751.01160","427.79938","-160.53639","-461.41995","133.05499","-8.24757","-774.64154","101.04391","-245.13181",NA,"P3",20,19
188,1.87,"-496.99130","1463.91748","17.66787","-609.12738","1600.71777","-228.18437","-465.84311","1538.65857","-178.09135","-634.24866","1511.10779","-27.37860","-434.18045","1317.17798","-279.96768","-764.79889","1325.51660","-130.60890","-545.25616","1200.20508","-92.06386","-624.71088","1375.36230","-247.49951","-391.33337","980.86963","-322.02014","-857.26111","985.44220","-87.39671","-371.09995","797.91113","-221.44612","-796.75128","819.56512","58.34726","-473.46375","842.88306","-151.62013","-710.74719","854.74841","-66.69641","-658.35541","922.54315","-312.83029","-435.08130","462.17987","-33.26888","-749.81653","425.10721","-160.77893","-449.32751","133.66811","9.76839","-774.29407","101.46400","-244.35881",NA,"P3",20,19
189,1.88,"-493.40036","1462.76453","23.53694","-605.48553","1599.91577","-221.09727","-462.31540","1536.82361","-170.29819","-630.50482","1509.97888","-20.69199","-431.15115","1316.08984","-273.87515","-760.94525","1324.46777","-122.75501","-540.56281","1199.18457","-84.80676","-621.14020","1374.22461","-239.94890","-388.29590","979.27759","-315.30621","-853.22241","985.11249","-79.06882","-368.07834","796.61188","-215.67424","-791.39478","818.46057","67.04467","-470.65082","841.40106","-144.63127","-707.83521","855.07813","-58.74578","-656.70642","922.12292","-304.81931","-431.13547","460.46115","-28.53923","-748.48053","424.01367","-156.59964","-440.67313","131.19072","21.95078","-773.34485","99.11715","-248.63898",NA,"P3",20,19
190,1.89,"-488.85529","1461.78455","32.18188","-601.78418","1598.75684","-213.71350","-457.90375","1535.70813","-163.25586","-626.51508","1508.71069","-13.89071","-427.94171","1314.08252","-266.20987","-757.08203","1323.59399","-114.40882","-537.61316","1197.61621","-77.58160","-617.68915","1372.90271","-233.09683","-386.23624","978.23279","-308.87167","-849.19147","983.93170","-70.00986","-365.90710","794.65356","-209.95396","-786.39948","818.42395","74.53336","-467.41409","841.42395","-136.33392","-703.93951","854.11774","-49.12049","-654.14331","920.19031","-296.24548","-428.45523","458.76819","-23.81746","-746.37952","426.36411","-148.17357","-429.85635","133.15033","39.15180","-772.71088","99.66434","-248.72485",NA,"P3",20,19
191,1.9,"-484.47668","1460.05078","39.63668","-597.87286","1598.06921","-206.75992","-454.08206","1535.36902","-155.41747","-621.64197","1507.68970","-5.57475","-424.72446","1313.09875","-260.13919","-752.95959","1322.85168","-105.95911","-532.89404","1197.05542","-70.41010","-613.64655","1371.57385","-225.23654","-383.35440","975.98492","-302.46512","-844.38910","982.64465","-61.50122","-363.32413","793.12006","-204.49437","-781.83624","817.60004","82.47366","-464.19556","839.36469","-129.13651","-701.56793","853.51764","-41.15629","-651.44049","919.57965","-287.71259","-424.67291","456.82355","-19.32903","-744.42963","425.62650","-143.32678","-420.54446","132.75136","49.96655","-773.09045","103.32108","-242.26131",NA,"P3",20,19
192,1.91,"-481.05154","1459.34570","45.52167","-593.84973","1597.27747","-198.70239","-450.16351","1534.25134","-148.48674","-617.75134","1506.25684","1.71660","-420.83691","1311.54456","-253.02394","-749.13562","1322.00220","-98.46804","-528.60760","1195.81213","-63.02446","-610.34180","1371.07849","-217.93806","-380.50201","974.67023","-296.07733","-840.27020","982.12598","-52.86885","-360.00763","790.78918","-198.28093","-776.26691","816.38141","92.09418","-461.68857","837.75562","-120.78496","-698.20831","853.55865","-32.94833","-648.51971","918.43402","-279.67407","-421.09164","455.80609","-13.54315","-743.00745","425.14465","-137.63029","-411.36703","134.65689","63.79018","-772.18304","100.69743","-247.14764",NA,"P3",20,19
193,1.92,"","","","-589.73999","1596.37048","-191.41232","-445.83084","1533.21777","-141.75389","-612.89960","1505.66504","9.61579","-417.21851","1310.06873","-246.13072","-744.87848","1321.39331","-90.34370","-524.47113","1195.39612","-55.86744","-606.33276","1369.66211","-210.77882","-377.62497","972.94586","-289.05371","-835.08936","981.06152","-44.37611","-357.08066","789.12573","-191.47536","-770.71448","814.81873","99.36618","-457.68539","836.39850","-112.60141","-693.94873","851.93311","-23.27182","-645.16711","916.50684","-271.19650","-417.49884","454.57608","-8.31136","-740.58826","423.73065","-131.90669","-405.26804","133.37476","71.45757","-772.51642","104.85117","-239.74969",NA,"P3",20,18
194,1.93,"-471.60678","1455.90100","60.85653","-585.45532","1595.91089","-183.93568","-441.90210","1531.85791","-134.21777","-608.85455","1504.13599","16.60324","-412.98358","1308.59155","-239.58389","-740.19824","1320.36572","-83.03312","-520.55756","1194.23535","-47.01328","-601.99866","1368.70276","-203.46979","-374.42935","971.94598","-282.61423","-830.75201","980.58240","-36.93631","-354.45398","787.29498","-186.31718","-764.98962","814.83496","107.80462","-454.58255","835.24792","-105.04094","-690.17181","850.98700","-14.83291","-642.25275","915.65417","-262.54312","-413.47278","452.76620","-2.52954","-738.42163","423.59756","-126.65105","-396.93777","133.99599","81.48341","-772.06781","106.27464","-239.48892",NA,"P3",20,19
195,1.94,"-465.98047","1454.70398","67.22672","-581.19275","1595.15283","-176.92117","-437.26575","1531.45349","-127.34798","-604.20135","1503.49683","23.31995","-409.15738","1307.20068","-232.81012","-735.82690","1319.54333","-75.05759","-515.56079","1193.46606","-40.26298","-597.66455","1367.36597","-196.07292","-371.27692","970.37714","-276.12189","-825.41278","979.23633","-28.34815","-350.94809","785.69159","-179.99545","-759.87817","813.85815","115.82593","-449.51004","834.07373","-97.20039","-686.22180","847.17267","-12.37993","-638.34491","914.01801","-254.00249","-409.64026","451.75043","3.60534","-735.97284","422.57922","-120.68486","-390.97900","132.61217","87.58912","-771.68793","107.11325","-237.90076",NA,"P3",20,19
196,1.95,"-462.07300","1453.40308","74.20535","-576.68329","1594.45386","-169.41306","-432.71164","1530.66968","-119.99037","-599.44928","1502.24146","31.25666","-404.67267","1305.76111","-225.94302","-731.19708","1318.72217","-66.92772","-510.90805","1192.36926","-32.55494","-593.53320","1366.30920","-188.71066","-367.78558","968.51105","-268.76633","-820.63708","978.76514","-20.51890","-347.18744","783.66718","-173.33772","-754.47662","813.56281","123.34083","-446.24695","832.85022","-89.34048","-682.28632","847.52734","0.21123","-635.32031","913.56317","-245.26749","-405.36203","450.31842","10.05043","-733.66522","422.66422","-114.01039","-385.81949","130.84259","93.37260","-771.39606","108.36802","-236.13940",NA,"P3",20,19
197,1.96,"-458.33844","1453.76550","81.79290","-572.16638","1593.56299","-161.51772","-428.23581","1529.53577","-113.02100","-595.01782","1501.61426","37.85113","-400.74615","1304.14551","-218.75963","-726.33521","1318.17188","-58.98043","-505.53625","1191.71252","-25.06925","-589.03168","1365.76465","-181.48312","-364.34277","967.44708","-261.83356","-815.46289","977.93121","-12.16844","-344.13263","782.54175","-166.80212","-748.16681","812.68884","130.97716","-441.22702","831.83923","-80.98238","-676.86774","847.03741","11.53998","-631.52136","912.89209","-237.11270","-400.79486","449.20276","16.16228","-729.93542","421.63327","-107.33335","-382.63010","128.84204","98.36673","-771.16504","104.32437","-243.69986",NA,"P3",20,19
198,1.97,"-452.87683","1453.47510","88.34964","-567.50995","1592.64160","-154.92728","-423.18369","1529.42908","-104.91195","-589.51373","1500.55957","45.13855","-396.68820","1303.47729","-212.59517","-721.48553","1317.39087","-50.60141","-499.52261","1191.94019","-17.55814","-584.57574","1364.28394","-173.09471","-360.61447","966.12982","-255.24106","-810.55414","977.30878","-4.41438","-340.44406","781.15369","-161.22214","-743.09900","812.14166","139.16156","-438.09723","830.56415","-73.20175","-672.15167","845.85229","21.39384","-627.36627","911.13226","-227.75008","-395.76163","447.86597","22.46744","-727.33423","420.90970","-101.74393","-379.21860","126.17855","101.79836","-770.45258","111.01155","-232.29109",NA,"P3",20,19
199,1.98,"-447.70575","1452.55701","95.25233","-562.75043","1592.12061","-147.53960","-419.08755","1528.46594","-98.37307","-585.53326","1499.99597","52.50440","-392.33441","1302.29028","-204.65190","-715.88818","1317.14893","-42.92624","-494.72198","1190.76111","-9.77026","-579.95941","1363.91846","-165.97652","-356.70889","965.32587","-247.89453","-805.35284","977.02643","3.47800","-336.53934","779.75421","-154.43578","-737.59711","812.06537","146.68501","-432.78223","830.71960","-64.94701","-666.28046","844.64215","31.21356","-623.26587","910.04449","-218.77756","-391.40112","447.09302","29.56009","-724.28381","419.74634","-94.50847","-376.86844","123.56438","105.37224","-769.83612","108.60358","-239.34019",NA,"P3",20,19
200,1.99,"-442.97003","1452.48999","103.19575","-558.07941","1591.45569","-141.19044","-413.92789","1527.69739","-90.87765","-580.54309","1500.05090","59.28309","-387.84598","1300.99426","-197.95212","-710.39380","1316.63110","-35.08084","-489.26981","1190.56360","-2.81975","-575.23407","1362.76050","-158.87332","-353.06439","964.21838","-241.62827","-800.22229","976.57013","11.05213","-332.31485","778.61133","-147.88480","-731.89008","811.18353","154.60669","-427.07761","829.48987","-56.29987","-660.92377","845.43262","41.31673","-618.75598","909.33154","-209.49907","-387.23645","445.33081","37.58101","-720.39740","420.09293","-87.77452","-374.64322","120.33284","106.65669","-769.06567","115.06245","-228.90799",NA,"P3",20,19
201,2,"-437.54547","1451.78235","109.94111","-553.18726","1590.94861","-133.37700","-409.13571","1527.94714","-84.45338","-574.78101","1499.80457","66.67172","-383.04504","1300.46033","-191.56369","-705.07458","1316.39441","-26.32955","-483.25656","1190.29041","5.17096","-570.51587","1362.11292","-151.08199","-349.24738","963.78052","-235.05043","-795.05811","976.18097","19.06792","-327.85840","777.93353","-141.37807","-725.77722","811.35156","162.36983","-422.26926","829.06244","-47.94654","-654.58960","843.47760","49.86859","-614.60132","909.47314","-199.52959","-382.77292","443.72269","44.56440","-717.03088","419.25031","-80.14297","-374.14963","118.67223","109.18685","-768.51770","117.19202","-226.49635",NA,"P3",20,19
202,2.01,"-432.99393","1452.17578","117.02381","-548.32196","1590.73010","-126.48403","-404.12778","1527.52307","-77.43909","-570.44800","1499.05261","74.10878","-378.49280","1300.31909","-185.19858","-699.38721","1316.11438","-18.13332","-478.20743","1190.26367","12.96617","-565.63361","1361.56604","-143.43689","-345.88992","962.53656","-227.99118","-789.46942","975.94012","26.36314","-323.48672","777.01331","-134.57643","-720.62866","810.63666","169.22263","-416.40573","828.72797","-40.16335","-648.06561","842.70905","59.39603","-609.80280","909.38123","-190.44159","-378.71994","442.95294","50.90157","-712.82764","419.45132","-72.41572","-372.49786","116.80780","113.02412","-768.22595","119.76752","-223.80664",NA,"P3",20,19
203,2.02,"-427.39175","1452.02734","124.52896","-543.24500","1590.45190","-118.72775","-398.91266","1528.24023","-70.08007","-565.30780","1499.26465","81.46884","-373.48257","1299.62341","-179.61153","-693.48529","1315.73279","-9.39448","-471.58258","1190.26306","20.00440","-560.21967","1361.23254","-135.55772","-341.11777","962.39252","-221.46964","-784.17139","975.79565","34.12736","-318.88678","776.53363","-127.63683","-715.35474","810.54724","176.60641","-409.31989","828.20679","-31.48911","-641.41113","842.57880","69.97298","-604.78259","908.01361","-180.93929","-374.23624","441.55167","56.07425","-708.13019","419.12521","-64.23827","-371.14578","116.25294","117.96167","-767.69250","122.33099","-220.49963",NA,"P3",20,19
204,2.03,"-421.51782","1452.17310","131.15379","-538.20062","1591.03699","-111.58429","-393.53619","1527.85095","-61.97680","-560.01831","1499.93591","88.28835","-368.60016","1299.53455","-172.73598","-687.64117","1315.95459","-1.62716","-465.57669","1191.27881","27.95549","-555.19348","1361.27905","-128.38002","-336.39841","961.96173","-214.31122","-778.87054","976.27039","41.41871","-314.24252","775.54242","-121.47558","-710.57092","810.36932","184.26526","-403.29883","828.22192","-23.35976","-634.47687","841.19745","80.71989","-600.31891","908.67438","-171.49554","-370.27264","440.57751","62.35924","-704.23346","418.35049","-55.03866","-369.13165","114.05181","121.83242","-767.23395","119.86666","-226.66397",NA,"P3",20,19
205,2.04,"-416.35025","1452.84656","139.40109","-532.88373","1591.65967","-104.26942","-388.46573","1528.97937","-55.27328","-555.15656","1499.56274","95.82159","-363.89398","1299.64111","-166.29054","-681.58051","1316.05029","7.04127","-458.67169","1191.87207","35.65093","-549.99231","1361.30432","-121.35982","-332.34430","961.58392","-207.84723","-773.30334","976.65710","49.34677","-308.72986","776.26807","-114.86447","-704.56757","810.18774","192.25803","-396.68155","828.69226","-15.82382","-627.53674","838.61737","84.65617","-594.81488","908.18311","-161.73537","-365.53870","440.60550","67.81012","-699.50293","419.32953","-46.69334","-367.37726","113.64609","125.86817","-765.93591","128.46852","-212.93642",NA,"P3",20,19
206,2.05,"-411.37570","1453.76990","146.70493","-527.76215","1592.12524","-96.96997","-383.35925","1529.94397","-48.05186","-548.91345","1500.38733","103.37766","-358.84595","1299.65344","-159.83810","-675.34064","1316.85413","15.28758","-452.16858","1193.55615","43.41071","-544.29352","1361.55542","-113.21034","-327.65424","961.52979","-200.97249","-767.57123","976.95270","56.93846","-304.12335","776.17816","-108.05408","-699.13861","810.73138","198.96158","-389.74936","829.83429","-8.11376","-619.08276","841.42163","100.42740","-590.01593","909.03979","-152.12065","-361.28595","439.99011","74.47932","-694.30145","418.69348","-38.06096","-366.05957","112.61150","128.42973","-764.81055","132.29607","-208.61942",NA,"P3",20,19
207,2.06,"-405.88745","1454.77954","153.92690","-522.35626","1593.10876","-89.62048","-377.80222","1531.43201","-41.27647","-543.96326","1500.71912","110.99478","-353.36349","1300.07324","-152.89983","-669.55121","1317.23230","23.86129","-445.58667","1194.07422","49.81240","-538.76099","1361.91638","-105.68522","-324.37366","961.86090","-194.42792","-761.85895","978.06982","64.47739","-298.94235","776.87726","-100.75288","-694.12073","811.16583","206.48975","-382.33191","830.85291","0.36445","-611.31305","838.63757","105.80922","-585.19299","909.90802","-142.58138","-356.53177","439.88995","80.11986","-687.69141","418.66992","-26.74245","-364.17581","112.42956","131.40968","-763.25647","136.27509","-203.81572",NA,"P3",20,19
208,2.07,"-400.35345","1456.16443","160.83130","-517.05865","1593.86499","-82.47840","-372.20197","1532.29822","-32.10699","-539.16827","1501.63940","117.21623","-348.24481","1300.73853","-146.90445","-663.09161","1318.36865","32.12836","-439.04990","1195.06372","57.92462","-533.90448","1363.44092","-98.62698","-318.94406","962.23804","-187.84753","-756.10205","978.95636","72.24962","-294.09164","777.00751","-93.87538","-688.82275","811.66400","213.14798","-374.61417","832.85779","7.94878","-602.12921","841.85419","122.54791","-580.11621","910.28290","-132.14386","-351.85089","440.91492","86.90895","-682.21289","417.99942","-15.06731","-362.18884","111.95069","132.09839","-761.46692","140.73349","-198.74557",NA,"P3",20,19
209,2.08,"-395.09201","1457.93359","169.08498","-511.63412","1594.96130","-75.10239","-366.69009","1534.18982","-25.35363","-534.21619","1502.58044","124.48317","-343.21011","1301.88135","-140.51799","-657.11127","1319.74048","40.20030","-432.17041","1196.86096","65.75199","-528.04498","1364.04907","-90.67285","-312.71222","963.79382","-180.43987","-750.25342","980.93536","78.84747","-287.47705","778.44031","-87.22295","-683.56409","812.58923","219.99167","-367.90646","834.82745","14.89234","-593.93988","841.75684","131.03850","-575.66742","911.88232","-122.36850","-346.61823","441.32269","93.28478","-675.84961","418.39835","-2.56761","-361.91061","112.60928","133.41457","-759.19397","145.56740","-192.19125",NA,"P3",20,19
210,2.09,"-389.53302","1459.62695","176.72346","-506.13828","1596.13953","-67.28323","-361.15872","1536.03284","-18.74141","-527.15277","1503.83411","133.06342","-337.93237","1303.23083","-133.49590","-650.49792","1321.36975","48.90726","-425.71768","1198.85742","72.55775","-522.48938","1365.06738","-82.81999","-308.85309","964.75397","-172.75879","-744.67145","982.72180","86.51585","-282.29230","779.88562","-80.20218","-677.95081","813.38525","227.08694","-360.78745","836.98749","21.66812","-585.99890","843.74371","141.81316","-571.18103","914.00696","-112.53348","-341.86237","442.63501","98.10194","-668.72095","417.22018","10.88804","-359.57925","113.01173","135.26312","-756.35040","150.52968","-184.41449",NA,"P3",20,19
211,2.1,"-384.16965","1461.42139","184.37483","-500.67053","1597.81189","-60.48097","-355.35614","1537.81824","-9.88127","-522.01648","1505.97803","140.43732","-332.60458","1304.80481","-127.13758","-644.07550","1323.27783","57.22927","-418.86682","1200.57141","79.94924","-516.70386","1366.55066","-75.72921","-303.44699","966.57440","-166.82533","-738.38953","984.65637","94.76772","-273.54340","782.53003","-73.19218","-672.78931","814.34473","232.87610","-353.78195","839.41809","28.45846","-576.75677","843.49835","150.17625","-567.15948","914.92987","-103.01871","-336.95502","442.91019","103.93517","-660.77203","417.47110","26.24441","-358.96368","112.91730","136.52034","-752.68933","155.83791","-175.27420",NA,"P3",20,19
212,2.11,"-377.98270","1463.04602","191.22134","-495.16510","1599.22876","-52.72942","-350.00839","1539.89087","-2.03693","-516.03650","1507.56042","147.67282","-327.69522","1306.65051","-121.07106","-637.76221","1325.19067","66.22145","-412.32407","1202.57458","86.95451","-511.69766","1368.49829","-68.17136","-298.11298","968.21008","-158.86133","-732.42432","986.98859","101.97580","-267.69006","784.15118","-65.49288","-667.67291","815.66388","240.55441","-346.77133","841.27106","34.82278","-567.92560","844.93878","159.17456","-561.99023","916.30219","-92.96937","-332.64133","443.29361","107.73421","-653.14996","417.34628","42.83509","-357.75220","113.13903","137.24319","-748.45428","160.96040","-166.00584",NA,"P3",20,19
213,2.12,"-373.08517","1465.73132","198.63693","-489.55688","1600.81763","-45.10661","-344.43774","1541.35315","6.27944","-511.51288","1509.70850","155.40207","-322.51581","1308.59766","-114.42870","-631.78284","1327.18591","74.30477","-405.27289","1204.34277","93.84756","-506.17047","1369.94702","-60.25895","-292.57959","970.51685","-152.49921","-726.51422","989.30865","109.75767","-261.71161","786.59827","-57.80726","-662.62061","817.06415","246.72528","-339.98196","843.91058","41.26670","-558.60822","846.31091","167.45369","-557.60895","917.63605","-84.63056","-328.67374","444.17932","111.49266","-644.53790","417.25534","59.97528","-356.14407","111.90164","138.33630","-743.81787","167.15666","-154.88263",NA,"P3",20,19
214,2.13,"-366.77164","1466.73218","206.19922","-484.17691","1602.24316","-38.33566","-339.11621","1543.25940","12.17118","-505.33481","1510.91284","162.49760","-318.02625","1310.92395","-108.02887","-625.37366","1329.31409","82.90560","-398.95078","1206.60596","101.43893","-501.07932","1371.76428","-52.33242","-287.18082","972.78326","-144.84102","-720.20929","991.18463","117.07704","-255.33510","788.87891","-50.61657","-657.51434","818.59192","253.89783","-333.49686","846.06396","47.48557","-549.88812","848.29236","175.97850","-552.60760","919.25281","-75.85966","-324.95938","444.34808","115.80318","-635.18188","415.96512","78.79821","-355.14871","111.98138","139.11127","-738.41644","173.12057","-143.00081",NA,"P3",20,19
215,2.14,"-362.28214","1468.94556","213.50345","-478.75943","1604.09180","-31.41219","-333.50577","1544.78992","18.29326","-499.40820","1512.77234","169.88461","-312.86703","1312.64673","-100.47734","-618.83014","1330.87610","91.69062","-392.47516","1208.24646","108.37302","-495.71054","1373.36243","-45.03629","-281.45993","974.61951","-138.05492","-714.42999","993.54028","124.60004","-248.61899","791.54431","-44.09973","-652.56177","819.44244","260.72275","-326.94061","848.04071","54.21795","-542.03156","850.33392","183.99144","-547.90466","920.63849","-65.74250","-321.45386","444.15927","119.48888","-625.43713","415.74020","95.53128","-354.81934","111.62978","139.81956","-733.04974","180.20273","-129.98264",NA,"P3",20,19
216,2.15,"-356.65445","1470.27612","220.70746","-473.41718","1605.31030","-23.86501","-328.52719","1546.06604","26.26603","-494.18112","1514.49280","177.03859","-307.97833","1314.47144","-93.63210","-612.88177","1332.93945","100.09573","-386.09372","1210.53833","115.40978","-490.59952","1374.64099","-37.02145","-275.52695","976.41479","-130.82516","-708.62518","996.00653","132.61932","-243.70207","793.38776","-35.83736","-646.56989","821.05414","267.61697","-320.90164","849.77356","59.68032","-534.48260","852.17328","192.16966","-542.70551","922.13910","-57.67701","-318.09903","443.92151","122.16456","-613.64020","414.43912","115.67892","-354.13074","111.51938","141.47195","-727.14771","187.02917","-116.27273",NA,"P3",20,19
217,2.16,"-351.14661","1471.48816","228.19081","-468.08853","1606.61145","-16.33987","-322.73456","1547.19739","32.91911","-488.69302","1515.48901","184.67960","-303.13028","1316.42908","-86.66821","-606.88513","1334.41321","108.41759","-379.99164","1212.48096","122.92735","-485.05463","1375.52161","-29.06628","-269.58813","978.69226","-123.62368","-702.61865","997.70093","139.98711","-234.44864","796.35840","-28.42713","-641.72906","821.38782","274.29089","-314.54108","850.86487","66.27605","-526.76782","853.57050","199.21439","-537.55457","923.55145","-50.30211","-315.34583","442.79208","125.85099","-601.80072","414.03220","133.69806","-353.22565","111.70581","142.15857","-720.43982","193.96571","-102.61694",NA,"P3",20,19
218,2.17,"-346.15881","1473.22986","235.74255","-462.80084","1607.73608","-8.97268","-317.78320","1548.34387","40.45480","-483.79999","1517.22351","192.18681","-298.05396","1318.16052","-79.57915","-600.97516","1335.78711","116.58075","-374.09805","1213.75867","130.23581","-479.85178","1376.90417","-21.27118","-263.52087","980.46368","-116.75500","-697.27155","999.51495","147.95296","-227.73842","798.91833","-20.71476","-636.64972","822.57782","281.62363","-308.95297","851.54962","71.92973","-519.45398","854.45410","206.44327","-532.35626","924.35950","-43.51278","-313.77591","442.66293","129.58696","-589.98279","413.84616","151.50279","-353.29852","111.53033","142.21475","-713.17694","200.50610","-87.28345",NA,"P3",20,19
219,2.18,"-339.64401","1474.37854","242.67082","-457.65387","1608.72632","-1.52404","-312.51144","1549.44873","48.33396","-478.55289","1518.26208","199.72125","-293.02289","1319.72156","-72.10245","-595.76404","1336.77136","124.21870","-368.64911","1214.71326","137.51204","-475.01663","1378.13782","-13.52209","-257.40744","982.11951","-109.76396","-691.83075","1000.94476","155.79301","-220.45758","800.68414","-12.93476","-631.30676","823.37292","288.47040","-303.98221","851.95020","77.76259","-512.93823","855.35480","213.82401","-527.31104","924.89722","-35.24627","-310.51443","442.10181","131.72578","-577.75922","413.70764","170.72369","-353.23862","111.35381","142.46675","-705.02832","208.07922","-71.06327",NA,"P3",20,19
220,2.19,"-334.33575","1475.68616","250.34946","-452.32300","1609.90588","5.71984","-307.02573","1550.75439","55.11871","-472.68329","1519.43372","207.19464","-288.06143","1321.07935","-65.33273","-590.07825","1337.83667","132.12428","-362.86172","1215.52112","144.35275","-470.58289","1379.55261","-6.60920","-251.00607","983.51459","-102.33400","-686.28607","1001.42200","164.42834","-213.42578","802.71881","-5.64256","-626.16028","823.95502","296.82028","-298.15417","852.40686","83.59671","-506.43192","856.38995","220.72835","-521.74683","925.30542","-28.82264","-308.86893","441.36917","134.15703","-564.76929","414.90173","187.29926","-353.26929","110.89691","142.79080","-696.08136","214.66141","-55.09255",NA,"P3",20,19
221,2.2,"-329.51517","1477.15503","258.23785","-447.22723","1610.80017","13.28745","-301.82208","1551.69385","63.84990","-467.40390","1521.29004","214.64496","-282.95499","1322.34412","-58.10360","-584.33746","1338.46387","140.82957","-357.30548","1216.22046","151.33119","-465.41937","1380.55505","1.31290","-244.39731","985.71082","-95.40365","-681.06122","1002.41992","172.30452","-205.82506","804.54150","2.05697","-620.37756","824.02869","303.42471","-292.70160","852.21912","89.13094","-500.42813","857.65387","226.78090","-516.85577","926.99902","-22.70027","-306.59219","440.92230","136.45665","-552.63153","416.92532","205.62888","-353.07446","110.75692","142.76645","-686.79382","220.60606","-38.13465",NA,"P3",20,19
222,2.21,"-323.95639","1478.50012","265.75223","-441.97247","1611.86694","20.74436","-296.61844","1552.77539","71.81903","-462.27322","1522.48071","222.49585","-277.35114","1323.52673","-50.32007","-579.20251","1339.30078","148.15143","-352.02637","1217.19409","158.51967","-460.07584","1381.69702","8.66977","-237.70740","986.54077","-88.30901","-675.70935","1002.71869","180.28804","-198.10904","806.27655","9.50817","-615.05219","824.63116","311.19754","-287.32629","852.44904","95.18266","-496.17816","858.87524","235.57648","-511.26831","926.85797","-14.99022","-304.50089","440.63849","138.06140","-538.99847","418.88318","222.98611","-352.82227","110.32421","142.85181","-676.77490","226.19147","-20.78311",NA,"P3",20,19
223,2.22,"-318.87036","1479.55823","273.45782","-436.76669","1612.84607","28.25909","-291.32846","1553.91492","79.35897","-457.07739","1523.37183","230.09499","-272.09500","1325.04016","-43.16715","-573.55365","1339.99280","156.50401","-346.97626","1217.64465","165.38817","-455.30328","1383.14526","15.86312","-230.92499","988.19629","-80.75365","-670.82520","1002.97144","189.42891","-190.34343","808.48706","17.36316","-609.18445","825.27283","319.25912","-282.94507","852.75470","101.24694","-489.90759","858.06781","240.77342","-506.56339","926.92487","-7.56004","-302.52164","440.66891","139.28134","-525.09161","421.40836","240.59114","-351.92538","110.48252","143.46016","-666.77637","231.93109","-4.75429",NA,"P3",20,19
224,2.23,"-314.07782","1480.22681","281.26300","-431.63211","1613.95313","36.07529","-286.14832","1554.89661","87.73412","-451.90552","1524.05017","237.54562","-267.26031","1325.90308","-34.82588","-568.34778","1340.50232","163.71771","-341.72693","1218.26465","172.01611","-450.05206","1384.22864","23.51464","-224.59419","989.85260","-73.20546","-665.50269","1003.95258","197.26978","-184.86801","809.58240","25.07345","-603.61273","825.71637","326.11124","-276.81158","853.57159","106.54221","-484.81039","859.71521","249.09253","-501.75565","928.49963","-1.86204","-300.89005","440.72174","141.32422","-512.09039","425.01566","257.18179","-351.88184","110.29227","143.55679","-656.28021","236.19771","13.26501",NA,"P3",20,19
225,2.24,"-308.56906","1480.91528","288.79184","-426.43588","1614.98438","44.01516","-280.91705","1556.05798","94.91408","-446.85886","1524.49866","245.27315","-261.94772","1327.08301","-28.12796","-563.51385","1341.12524","171.08524","-337.51221","1218.56897","179.51050","-444.86813","1385.27441","30.94478","-217.51622","990.60828","-65.03946","-660.24182","1004.35712","204.75592","-177.42093","811.13977","33.02732","-598.31537","826.98499","333.83215","-271.99802","854.37372","112.28575","-480.62411","861.15277","255.03891","-496.97760","929.59387","3.95521","-299.08261","440.54065","143.33505","-497.87283","427.34280","273.64804","-351.86191","110.46670","144.08383","-645.68750","239.56984","31.44931",NA,"P3",20,19
226,2.25,"-302.85382","1481.27173","296.17731","-421.26636","1616.12268","51.51676","-275.92960","1557.15613","102.94115","-442.28809","1524.73853","252.78525","-257.13852","1328.59912","-20.14670","-558.23090","1341.68420","178.36981","-332.28812","1218.61194","186.36504","-440.02582","1386.53979","38.31346","-210.57915","992.08533","-57.20042","-655.43042","1004.86798","212.54105","-169.73209","812.73456","41.32194","-592.53674","827.50183","342.21384","-267.78851","855.31763","118.38042","-475.71228","862.66705","263.05417","-492.89813","931.20410","9.85015","-297.08438","440.59390","145.19058","-484.28317","430.60614","288.72934","-351.38831","110.58553","144.44891","-633.80054","241.04822","50.41418",NA,"P3",20,19
227,2.26,"-298.58572","1481.94690","304.17941","-416.08206","1617.14587","59.93824","-270.77493","1558.07922","111.08408","-436.45480","1525.17041","260.31223","-252.23035","1329.58044","-13.27028","-553.47784","1342.45386","185.62425","-327.63586","1218.84485","192.96010","-434.76755","1387.71680","45.74787","-203.55524","993.76569","-49.13007","-650.06616","1005.58423","219.77394","-162.28868","814.62994","49.10236","-587.26953","828.29523","349.07077","-262.63211","856.19995","124.49641","-470.38901","863.52155","270.33347","-488.38663","932.60217","16.36623","-295.19608","440.77191","147.05257","-469.91327","434.51468","304.03668","-350.47748","110.74976","145.91898","-621.76105","242.37602","69.56236",NA,"P3",20,19
228,2.27,"-293.45697","1481.79895","311.82394","-411.03583","1618.16101","67.20480","-265.36890","1558.90894","117.95194","-431.69284","1525.63123","268.33411","-246.89536","1330.64075","-5.39101","-548.39630","1343.08398","192.90388","-323.01749","1219.40564","199.97501","-429.90549","1389.24280","53.15704","-196.39418","995.06274","-40.99705","-645.15533","1006.42499","227.03961","-154.33925","816.70593","57.38056","-581.40881","829.66541","356.56039","-260.20880","856.92102","129.99007","-465.68079","865.75800","276.57220","-483.62308","933.55267","22.14956","-293.84509","440.45111","148.77982","-455.92139","438.96808","318.83783","-350.59625","110.91483","146.30374","-609.45105","242.04073","89.02283",NA,"P3",20,19
229,2.28,"-288.07660","1481.48926","319.29398","-405.61072","1619.05933","76.50826","-260.28882","1559.26563","128.29745","-426.65216","1526.26184","276.16663","-242.41071","1331.76050","1.38536","-543.62085","1343.90723","200.33946","-318.39212","1219.96448","206.50270","-425.02353","1390.28564","59.81144","-189.68755","996.54285","-33.45366","-639.92072","1006.68829","233.78839","-144.21806","819.47742","65.34395","-575.89819","830.59680","364.19269","-255.28500","857.73230","135.32468","-459.67285","867.15411","282.52948","-479.40182","935.19165","29.34759","-291.99875","440.24957","149.67085","-441.94785","443.75296","333.28693","-350.27533","111.10419","146.25858","-596.01392","240.70866","109.91657",NA,"P3",20,19
230,2.29,"-284.07626","1481.77673","326.95822","-400.51120","1620.00903","84.68551","-255.00102","1559.88489","136.02269","-421.76785","1525.62207","283.61472","-237.25528","1332.64844","8.58071","-538.73773","1344.59167","207.06937","-313.74634","1220.46594","212.69585","-420.38287","1391.21570","66.10189","-183.10486","997.92957","-24.87978","-634.85516","1007.01654","240.49014","-136.81741","820.94159","73.67161","-570.39551","831.82898","371.49274","-248.61864","859.82892","141.11942","-452.79300","867.61127","286.99719","-474.78235","935.58405","36.13097","-290.42529","439.79443","152.06363","-428.03424","448.28125","346.24069","-350.27533","111.10419","146.25858","-582.91296","238.61810","129.84215",NA,"P3",20,19
231,2.3,"-279.54196","1481.62708","334.69351","-395.01559","1620.95947","92.39652","-250.41624","1560.98950","141.55794","-416.96558","1525.71326","291.31256","-232.10875","1333.85693","15.09195","-533.65991","1345.39246","213.60074","-309.40543","1221.09802","219.47638","-415.66687","1392.20996","73.52237","-176.38249","999.55371","-17.75156","-630.07892","1008.00665","247.05139","-129.36070","822.71722","82.28593","-564.72638","833.11115","378.58990","-243.70451","860.30048","145.83929","-447.99573","870.15106","294.46619","-470.34470","936.51215","42.28951","-289.64578","439.88745","152.40956","-414.19565","452.82861","359.33557","-349.78458","111.54297","146.21562","-569.14551","235.70769","149.32803",NA,"P3",20,19
232,2.31,"-274.43997","1481.20557","342.02142","-390.06802","1621.75745","100.92538","-245.26117","1561.16492","151.00946","-412.16803","1525.92224","299.03375","-227.88454","1334.56580","22.38562","-529.20563","1346.23511","220.24724","-304.74548","1221.65088","226.24455","-410.56668","1392.82190","80.32752","-169.62054","1000.52417","-9.38785","-624.74860","1008.66156","253.68668","-121.62762","824.42841","90.67114","-559.37170","834.18201","386.31049","-240.44493","860.78528","152.09613","-441.71509","871.76312","299.47110","-465.61395","937.40411","48.90184","-288.02982","439.55774","154.39146","-401.19666","457.23666","371.43726","-349.70416","111.95101","145.73071","-554.77496","232.21254","168.98383",NA,"P3",20,19
233,2.32,"-269.22308","1480.39978","349.28391","-384.70920","1622.61499","108.69561","-240.27690","1561.50977","159.72411","-406.88913","1525.57239","306.56375","-223.01393","1335.93945","28.75335","-524.35675","1346.85071","226.84868","-300.39746","1222.68091","232.53996","-405.62738","1393.77234","87.10268","-162.80769","1002.26154","-1.75680","-620.09711","1009.25983","260.66095","-114.69917","826.37109","99.04116","-554.26904","835.67444","393.80948","-234.32964","861.55383","157.49913","-436.64911","874.00604","306.80688","-461.14609","937.89526","55.15991","-286.77789","439.63547","154.88805","-388.69501","461.69455","383.27689","-349.51761","112.57391","145.43713","-540.27008","227.44853","189.24164",NA,"P3",20,19
234,2.33,"-265.45355","1479.88745","357.25647","-379.62744","1623.37195","117.01743","-235.02390","1562.16821","165.89961","-402.43423","1525.95215","314.03815","-218.03461","1336.65723","36.23516","-519.84442","1347.61658","233.36119","-295.22797","1222.87158","239.45380","-400.75467","1394.08386","93.94546","-156.43259","1002.87897","6.13205","-615.00140","1009.47266","267.21323","-107.06490","827.58173","107.46384","-548.46008","836.57312","400.47110","-229.00783","862.03003","162.32175","-430.18222","875.28796","311.64804","-456.92456","939.22662","61.89848","-285.56079","439.46298","155.75392","-376.32806","465.83670","393.82565","-349.56760","113.02480","145.34288","-524.87384","222.49863","209.65846",NA,"P3",20,19
235,2.34,"-260.62134","1478.57593","361.13672","-374.22971","1624.35828","124.91273","-229.76897","1562.12317","174.71048","-397.36703","1525.33203","321.39108","-213.49265","1337.24182","42.96384","-514.97119","1347.81506","240.11501","-291.03629","1223.53137","246.79068","-395.89294","1394.78821","101.03219","-149.65259","1004.26886","13.51833","-610.12579","1009.94403","273.58939","-99.82117","829.56195","116.03872","-543.35101","837.33936","407.93396","-224.17877","862.51367","168.77965","-424.28183","876.58636","319.53574","-451.77432","938.83923","68.81625","-284.04367","439.60538","156.69223","-364.07898","469.79218","404.16690","-349.42862","113.51536","145.65909","-508.95151","216.65541","230.09990",NA,"P3",20,19
236,2.35,"-255.20210","1478.20398","371.55966","-369.08643","1625.12329","133.10352","-224.64706","1562.49304","181.98346","-392.78046","1525.12231","328.70288","-208.65573","1337.92456","49.84049","-510.38083","1348.22974","246.75194","-285.86578","1223.81445","253.03737","-390.79236","1395.33179","108.43126","-142.72194","1005.07996","21.71547","-605.50940","1010.29535","280.18839","-92.64471","831.10455","124.57409","-538.01416","838.57532","415.52823","-219.31870","862.03790","174.62450","-418.44977","877.29468","326.48761","-447.26312","939.37622","75.64664","-282.98999","439.50525","157.35909","-352.47067","473.35907","413.32285","-349.35416","113.85237","145.84334","-492.28070","210.70622","250.51375",NA,"P3",20,19
237,2.36,"-251.29184","1477.79224","379.34592","-363.46677","1625.72583","140.43158","-219.53670","1562.19836","191.96324","-388.52448","1524.91284","336.31653","-203.25034","1338.45947","56.81417","-505.87241","1348.67188","253.08589","-281.66412","1224.54211","259.62030","-386.31659","1394.91199","114.70065","-136.91624","1006.11566","28.82328","-600.34741","1010.27399","286.69989","-85.12852","832.35840","132.50224","-532.54205","839.34430","422.36237","-215.07742","861.47839","179.77376","-413.00436","878.09534","331.24844","-442.67014","939.53827","82.14616","-281.77490","439.18860","158.36639","-341.00555","476.95587","423.14731","-349.46448","114.50040","145.73303","-473.57108","202.18568","271.13000",NA,"P3",20,19
238,2.37,"-246.45157","1476.73193","386.59174","-358.21515","1626.19360","148.18794","-214.37852","1562.67249","197.44844","-383.14618","1524.57190","343.30777","-198.38115","1338.55627","64.13280","-500.98615","1348.76917","259.32379","-275.76648","1224.56604","266.19254","-380.79218","1395.58911","121.66685","-129.28777","1006.62677","36.36461","-595.67493","1010.41620","293.32230","-78.41718","833.43549","140.68246","-527.43781","840.06360","429.78677","-210.40257","861.26758","185.25365","-407.62241","878.81549","337.17422","-438.03259","939.99805","88.69778","-280.01318","439.02441","159.75177","-330.34842","479.60959","432.30136","-349.08084","114.79035","145.65691","-455.52063","195.72490","291.62708",NA,"P3",20,19
239,2.38,"-241.52441","1476.09277","393.69437","-353.01843","1626.33704","155.89699","-209.41992","1562.60815","205.36978","-378.63782","1524.15747","350.18268","-193.51160","1339.02307","71.40263","-496.03604","1348.34204","265.69965","-271.07141","1224.34314","273.11859","-375.29834","1395.69348","128.85944","-123.28382","1007.08850","45.03078","-590.72644","1010.32581","299.54453","-71.17757","835.02490","149.49052","-521.98419","840.03436","436.86346","-205.85091","860.52686","190.06349","-402.73065","879.77972","345.75400","-433.55060","939.97626","95.32853","-279.18546","438.65836","161.43192","-319.83713","481.76904","440.22791","-349.08084","114.79035","145.65691","-437.14908","188.27423","311.69113",NA,"P3",20,19
240,2.39,"-237.93369","1475.86877","401.59338","-347.68903","1626.38843","163.25713","-204.39545","1562.34546","214.44066","-373.88116","1523.94006","357.84174","-188.10098","1339.00830","78.47781","-491.24280","1348.35889","272.51370","-266.16656","1224.33984","280.21246","-370.22842","1395.70093","135.56268","-117.97315","1007.69025","51.99849","-585.48651","1009.78027","305.84076","-64.18573","835.88080","157.92670","-516.85077","840.68909","443.71896","-200.97350","860.45941","196.21989","-397.00272","879.94702","352.22296","-429.25043","940.32996","102.08883","-278.01907","438.77951","162.69888","-310.58109","484.06870","448.62839","-349.08084","114.79035","145.65691","-417.75156","181.09137","332.40952",NA,"P3",20,19
241,2.4,"-232.91061","1475.19727","408.80011","-342.44504","1626.27588","170.56021","-199.30112","1562.05298","222.20015","-368.93427","1522.97473","364.48993","-182.33885","1339.14038","85.66785","-485.96356","1348.05334","279.12427","-261.40094","1224.17163","286.91528","-365.37964","1395.70959","142.60359","-110.35019","1007.96326","59.39428","-580.72986","1009.64087","312.16776","-57.77407","836.86346","165.99452","-510.52084","840.44122","451.13684","-198.26787","859.05072","200.91470","-390.48807","878.83484","358.40900","-424.47391","940.27051","108.99053","-276.19839","439.06183","164.18573","-301.62000","484.85104","455.35968","-348.81161","115.22439","145.60966","-398.67807","174.86128","352.23914",NA,"P3",20,19
242,2.41,"-228.04468","1474.35999","416.04199","-337.29810","1625.97156","178.05150","-194.17743","1561.94067","228.32256","-365.20905","1522.94116","371.89316","-177.46927","1338.75049","93.15507","-480.79608","1347.14246","285.73346","-256.17102","1223.36182","294.18338","-359.97031","1395.40735","149.30096","-103.74114","1008.23889","67.36729","-575.55457","1008.86456","318.76013","-50.79342","837.36426","175.54919","-505.52344","840.34467","457.29343","-191.72052","858.81952","206.93317","-385.86987","878.72351","365.83224","-420.20609","940.37775","116.19810","-273.42108","438.79694","166.16080","-292.72974","486.30795","462.89102","-348.46146","115.94032","146.51157","-379.06583","168.11011","371.05670",NA,"P3",20,19
243,2.42,"-224.91435","1474.21924","424.21634","-332.14771","1625.22876","185.36681","-188.77618","1561.27905","236.82030","-360.04282","1521.85266","378.69470","-171.63962","1338.53943","99.98380","-475.72141","1346.64783","292.72751","-251.04659","1222.47815","300.87262","-354.45651","1395.24255","156.68120","-97.63658","1008.08728","74.66116","-570.52863","1008.16870","324.77164","-44.00509","837.91669","183.31596","-500.17825","840.35132","464.49637","-186.94968","857.75183","212.84274","-380.45120","878.26544","372.19064","-415.80670","940.12665","122.88312","-273.54294","438.96964","167.46716","-285.73508","486.45554","469.01660","-350.70673","115.12024","146.65240","-359.57825","162.81386","390.39044",NA,"P3",20,19
244,2.43,"-219.35387","1473.50574","431.08310","-326.99725","1624.85767","192.68018","-184.35036","1561.11926","244.22495","-355.03171","1521.02539","385.66644","-166.73141","1338.19067","106.97928","-470.46829","1345.79321","299.50974","-245.69781","1221.88110","307.21222","-349.38437","1394.57153","163.67729","-91.54360","1007.71075","82.30943","-565.53595","1007.15033","331.67404","-37.41871","838.41040","191.79599","-494.60144","839.79370","471.45844","-182.49333","856.67108","218.64061","-374.25226","877.12634","378.88107","-411.14764","939.85498","130.02248","-271.43478","438.77661","169.95834","-278.52322","486.47980","475.05167","-350.82785","115.16180","146.99673","-338.83658","156.71368","409.07510",NA,"P3",20,19
245,2.44,"-214.24541","1472.17664","438.17841","-321.76694","1623.81335","199.65385","-178.87665","1560.29810","252.25572","-350.69952","1520.52380","392.97299","-160.98189","1337.43311","114.42036","-464.99432","1344.94421","306.41760","-240.68797","1220.92126","314.21490","-344.06802","1393.91968","170.55386","-85.36516","1007.50208","90.36162","-560.60522","1006.82855","338.00232","-30.73376","838.60791","200.76366","-488.40417","838.68542","477.91425","-177.67752","856.36011","225.31357","-369.48730","876.75037","386.27014","-406.93903","939.74719","137.39659","-269.72516","438.27051","171.49660","-271.60388","486.05734","480.98575","-351.20663","115.15722","147.07613","-319.00052","152.08432","427.72009",NA,"P3",20,19
246,2.45,"-210.77147","1471.84155","446.06760","-316.61115","1623.36499","206.96371","-173.72072","1559.40417","260.42706","-345.62943","1519.21399","399.75891","-155.62340","1336.60938","121.87330","-459.97794","1343.91101","313.53015","-235.42244","1219.76941","321.63541","-338.37100","1392.37073","178.33110","-79.36711","1006.43030","98.33608","-555.24091","1005.73071","344.85709","-24.94465","838.35754","209.10722","-483.65070","838.63177","484.54956","-172.90646","855.41711","231.35425","-363.50327","875.10919","393.14890","-401.85394","939.18829","144.58015","-267.65146","438.60544","174.08401","-265.48148","484.29984","485.79965","-349.99844","115.92986","147.04929","-297.88889","147.62083","445.93585",NA,"P3",20,19
247,2.46,"-205.76251","1470.46155","453.44144","-311.23428","1622.45581","213.80389","-168.47675","1558.59375","268.31177","-340.14795","1517.67883","406.75192","-150.09470","1335.81006","128.99945","-454.76041","1343.12537","320.43896","-230.15598","1219.31482","329.04904","-332.87204","1391.92651","184.67101","-72.94270","1005.60229","106.37819","-549.89844","1004.35779","351.09399","-18.02727","838.40936","217.85789","-478.60474","837.31024","491.16977","-167.74957","854.34772","237.67651","-357.77301","873.64960","400.36935","-397.13428","939.02545","151.64815","-265.28638","438.15067","176.02399","-260.16821","482.22620","490.94687","-350.57904","115.63847","147.29156","-278.10474","143.98686","463.69693",NA,"P3",20,19
248,2.47,"-200.87068","1469.64709","460.66159","-306.41061","1621.68274","221.64594","-164.01239","1558.10315","275.36346","-336.61691","1517.34644","414.09885","-144.23926","1334.94666","136.27705","-449.34714","1342.07227","327.37616","-224.71475","1218.19043","336.43576","-327.69571","1391.33276","191.92900","-66.65261","1004.75238","114.46357","-544.99927","1003.26978","357.64243","-15.54807","837.16595","227.08922","-473.74817","835.77045","498.40576","-162.80122","853.85449","243.87802","-351.49847","872.02509","407.37473","-392.32697","938.12946","158.60561","-262.42468","438.20969","178.57469","-255.01773","479.97971","495.45514","-349.11075","116.45564","147.10558","-257.55212","141.07330","479.86984",NA,"P3",20,19
249,2.48,"-196.18959","1467.26208","464.56482","-301.26263","1620.84204","228.98785","-159.08792","1557.48901","281.75732","-331.77875","1515.98962","421.26950","-138.59543","1333.67896","144.00943","-444.04678","1340.71863","334.33865","-219.28194","1217.07886","343.15601","-322.06613","1390.31543","198.26479","-60.30355","1003.76025","122.24329","-539.72388","1002.06250","364.52405","-6.72543","836.98993","234.89290","-468.63226","835.28882","505.14044","-157.51688","852.76068","250.31737","-345.20984","870.29260","414.53134","-387.61295","937.24500","166.67751","-260.38300","438.42191","180.81033","-250.18269","477.47311","500.14844","-349.45364","116.55491","147.98013","-237.86549","139.27309","496.28888",NA,"P3",20,19
250,2.49,"-191.26207","1466.88672","475.51385","-296.14789","1619.85669","236.31892","-153.67546","1556.47913","289.60645","-327.07797","1514.72949","428.48291","-132.83441","1332.86292","150.51768","-438.61957","1338.91455","341.34656","-213.82060","1215.95215","350.24011","-316.87527","1388.82153","205.69296","-54.25229","1002.83649","130.85544","-534.30762","1001.01080","371.10916","-2.89329","836.17926","244.20654","-462.99042","833.84991","511.33554","-152.14772","852.23535","257.57605","-339.80069","869.06097","423.00113","-382.59821","936.61798","173.93506","-257.52936","438.03009","184.19510","-245.35460","474.85123","504.39877","-346.73398","119.26591","148.68468","-217.71309","137.42558","511.41119",NA,"P3",20,19
251,2.5,"-186.59277","1466.30347","482.83524","-291.10364","1618.62061","243.48148","-148.63176","1555.65930","295.93484","-321.54889","1512.94910","435.55753","-127.28439","1331.49585","158.67596","-433.40613","1337.71252","348.04568","-208.80826","1214.80310","357.46051","-310.97501","1387.61670","212.98364","-48.33548","1001.85779","138.76764","-528.79108","999.37091","377.95563","2.73441","834.73383","252.91016","-457.90775","831.84393","517.80432","-146.68608","851.12598","265.11874","-333.36691","866.85352","429.62466","-376.92691","935.54480","181.88477","-254.78743","438.01178","187.34645","-240.91515","471.23441","508.00711","-346.71655","119.86272","148.82236","-199.62936","136.95509","525.89764",NA,"P3",20,19
252,2.51,"-180.86055","1463.91223","489.97299","-286.14517","1617.47656","250.96065","-143.49529","1554.04675","306.15524","-317.18314","1511.61304","442.71390","-121.96989","1330.69788","166.05537","-428.24594","1336.41882","354.80554","-203.36357","1213.76831","364.97012","-305.53040","1386.15210","219.92622","-42.07622","1000.62585","147.10773","-522.81122","998.03119","384.21747","7.66878","833.70660","261.45297","-453.39520","830.00482","525.19983","-141.05116","850.31396","271.70410","-328.11136","865.92322","436.47659","-371.52753","934.47821","189.65088","-251.75786","438.00400","190.78769","-235.95035","467.83557","511.64212","-345.76193","120.06442","149.48207","-182.19142","137.65419","538.30109",NA,"P3",20,19
253,2.52,"-177.28745","1463.23096","497.75070","-280.91406","1616.24597","258.02414","-138.89870","1553.14539","313.37131","-312.54724","1510.52405","449.94952","-116.36115","1329.14001","173.62367","-423.01477","1335.26001","361.52808","-197.63261","1212.46680","372.29669","-300.49393","1384.81750","226.93779","-36.23743","999.47827","155.16116","-517.63696","996.48846","391.12833","14.01134","832.62823","270.34399","-447.71353","828.77673","531.45892","-135.36099","848.91113","279.15955","-321.15311","863.01025","445.16867","-365.93314","933.31403","198.11075","-248.60248","437.78915","194.48260","-230.80882","464.55313","515.05463","-344.59784","121.10226","149.98026","-165.70688","138.23293","550.47668",NA,"P3",20,19
254,2.53,"-173.33888","1462.24927","505.48923","-276.18542","1615.03235","265.66205","-133.99875","1552.33960","318.81232","-307.90491","1508.69958","456.85553","-110.79411","1328.06506","180.88083","-417.58893","1333.41321","368.54114","-192.25369","1211.71912","380.25085","-294.89679","1383.43420","234.54442","-30.55877","998.41034","163.59808","-512.26044","994.93536","398.05585","19.99605","831.84985","278.54984","-442.53162","827.21460","538.51178","-129.44020","848.73083","287.99487","-314.82440","861.37000","453.78708","-360.74142","932.07043","205.46565","-245.34917","436.89230","198.34981","-225.47559","462.26248","519.02222","-344.67700","121.54030","150.55432","-151.13147","139.50784","561.53998",NA,"P3",20,19
255,2.54,"-167.66241","1460.04553","512.39899","-271.27725","1613.79016","273.12439","-128.70239","1550.96399","327.11581","-304.13040","1507.80737","463.84821","-105.19157","1326.71228","188.83757","-412.55005","1331.53687","375.82407","-186.43828","1210.26453","387.76260","-289.41330","1381.62598","241.55447","-24.35933","997.04156","171.78874","-506.83301","993.43463","405.07544","25.62753","830.07074","286.41992","-437.01941","825.23962","544.83887","-123.17954","847.00354","295.00266","-309.10397","859.23883","461.03998","-355.13168","930.94965","214.20930","-241.46437","437.17313","202.36290","-220.39912","459.61075","522.37689","-343.95779","123.10464","150.98930","-137.40578","139.20049","570.11401",NA,"P3",20,19
256,2.55,"-162.80521","1459.29712","519.70245","-266.32361","1612.44421","280.43298","-123.93154","1549.56348","335.76202","-299.30914","1506.20410","471.19812","-99.49129","1325.38843","196.59793","-407.21555","1329.77844","382.88565","-181.03636","1209.14893","395.04694","-284.10101","1380.07739","248.93510","-18.75135","995.60327","180.08693","-501.12698","991.30963","411.79712","30.81782","828.40356","295.23700","-432.74863","823.63879","551.73004","-117.68940","845.21307","299.14453","-301.66385","857.86493","468.99146","-349.57428","929.71649","223.04784","-237.53304","436.83127","206.20065","-213.17766","457.60300","525.05560","-343.67157","124.00013","152.52892","-125.16890","139.34277","577.56848",NA,"P3",20,19
257,2.56,"-159.09778","1458.54773","527.56134","-261.11304","1610.93005","287.34702","-119.26672","1548.84741","341.21295","-293.90295","1504.47131","478.22958","-93.96033","1324.12207","204.23859","-402.34229","1328.42078","390.47372","-175.44849","1207.98450","402.91360","-278.98572","1378.91284","256.24207","-13.03495","994.58502","188.40056","-495.48401","989.55743","418.40692","36.08003","827.16656","303.96371","-427.03073","821.16913","558.34326","-111.63977","843.81927","306.90207","-295.48282","856.19678","477.23297","-344.33249","928.44727","230.68298","-233.06984","436.83463","211.82735","-208.79724","455.08524","530.18060","-342.24213","124.38854","154.09375","-115.25821","138.97159","583.42969",NA,"P3",20,19
258,2.57,"-153.95213","1457.16321","534.99951","-256.02933","1609.53711","294.50067","-113.89301","1546.97791","352.50967","-289.44583","1503.63708","485.62415","-88.19378","1322.57715","211.87680","-397.03033","1326.38599","397.56360","-170.02980","1207.48938","411.80243","-273.48065","1377.09888","264.07690","-7.17093","992.79272","197.13826","-489.81497","987.51501","425.68292","40.80135","825.46948","312.15143","-422.12570","818.79657","565.72821","-105.55183","842.72754","314.79333","-289.08820","853.90961","486.31143","-337.94113","926.81403","239.06445","-228.52377","435.78113","217.42705","-203.58012","452.42075","534.32751","-340.65112","125.60373","154.71060","-106.92910","136.88863","587.08649",NA,"P3",20,19
259,2.58,"-148.98030","1456.01270","542.62555","-251.13803","1608.63147","302.02563","-109.24522","1546.64832","356.92255","-284.87643","1502.47888","493.16034","-82.77340","1321.28357","220.41795","-392.11920","1324.98682","404.48535","-164.80464","1206.24536","419.70398","-267.99561","1375.26404","271.56381","-1.26152","991.54254","206.16695","-483.96097","985.47961","432.81592","45.86514","823.82739","320.31152","-416.58884","816.49817","572.16071","-98.90890","841.93909","322.69775","-282.11176","852.26514","493.41373","-332.40424","925.76550","247.61359","-223.05281","435.42746","222.89856","-197.36958","450.29550","540.43115","-339.65036","126.88612","155.18091","-100.95428","134.81743","589.89532",NA,"P3",20,19
260,2.59,"-144.96231","1455.80420","550.67810","-245.86815","1607.47095","309.01364","-103.61039","1544.90027","368.83884","-279.89481","1501.83801","500.12589","-77.51063","1320.37512","228.62109","-386.91525","1323.23267","411.75354","-159.14058","1205.56335","428.33853","-262.84921","1374.18762","279.00183","3.71219","990.09509","213.95602","-478.34122","983.88013","439.73355","50.95811","822.45685","328.53195","-411.37234","814.28943","579.04950","-92.59912","840.67316","331.66730","-275.75201","850.84009","502.46652","-325.83017","924.42633","256.59637","-217.27014","435.10446","228.56064","-190.23833","448.63107","546.80646","-337.05453","129.05629","157.17067","-95.08057","130.68512","590.88477",NA,"P3",20,19
261,2.6,"-140.13596","1455.34668","558.48688","-240.77901","1606.26660","316.24637","-99.01707","1544.84338","372.96478","-274.97864","1501.03296","507.68875","-71.96534","1319.21375","236.67830","-382.03226","1321.77625","419.87704","-153.57074","1204.51550","436.25632","-257.44370","1372.81934","287.12640","9.59793","989.30963","222.38142","-472.87650","982.41223","446.67691","55.98401","820.92535","336.67178","-406.01666","812.35760","585.54877","-85.60332","839.37585","339.23337","-269.01266","848.82196","509.55981","-319.49173","922.96790","264.85657","-211.43822","434.06805","234.87636","-183.29556","446.59439","552.04858","-334.83325","130.41039","158.11136","-91.77679","127.09993","590.68414",NA,"P3",20,19
262,2.61,"-135.18228","1454.69165","566.19543","-235.99648","1605.70837","324.20969","-93.95290","1543.97949","381.13565","-270.98468","1500.83093","515.60632","-66.60300","1318.05273","244.92924","-377.12506","1320.84460","427.09369","-147.97887","1204.22290","445.20108","-252.38448","1371.71960","295.41580","14.69336","987.99286","231.06598","-467.19696","980.65973","454.11288","60.60841","819.33948","344.92355","-400.12445","810.48065","592.10901","-78.77396","838.12482","347.00821","-262.35083","848.76251","519.33875","-312.68518","921.85785","273.71405","-204.95146","432.98944","240.69513","-175.58044","445.07336","558.65680","-332.18396","132.70442","159.10280","-88.33481","122.81947","590.79077",NA,"P3",20,19
263,2.62,"-130.56094","1454.39246","574.16980","-230.98120","1604.97437","331.70410","-89.01420","1543.04822","391.19785","-265.83752","1500.27893","522.85248","-61.37211","1317.67590","253.41357","-372.10620","1319.41455","435.19135","-142.48146","1203.54883","454.04074","-247.63435","1371.17822","302.91901","19.58846","987.21729","239.46800","-461.45294","979.02344","461.39291","65.30749","818.13257","352.86655","-394.17972","808.22186","598.23163","-71.60264","837.59045","356.45166","-254.54524","847.12982","528.53223","-305.20050","920.36847","282.66953","-198.11990","431.84750","248.17241","-168.42435","443.21753","564.53009","-331.82211","135.02834","160.73103","-83.23268","120.57092","593.66193",NA,"P3",20,19
264,2.63,"-125.55496","1454.29333","581.85370","-225.91431","1604.59290","339.32480","-84.21597","1543.26770","396.03235","-260.84323","1500.13574","530.77533","-56.12524","1317.02136","261.77701","-367.29745","1318.47009","443.27411","-137.22583","1203.63672","463.02652","-242.42413","1370.01697","311.45569","24.78894","987.02997","247.83365","-455.79221","978.05133","468.75284","70.27988","816.92236","360.68033","-389.42737","806.92316","605.87793","-64.13976","836.67841","366.31702","-248.78099","847.40125","538.01111","-297.80942","919.64740","291.95355","-191.06610","430.78088","256.05185","-161.09332","442.01917","570.79700","-328.01773","136.77463","162.38161","-77.64379","120.30893","597.88110",NA,"P3",20,19
265,2.64,"-120.79881","1454.84485","589.91931","-220.78865","1604.53735","347.05624","-78.74419","1542.79102","407.64490","-256.69684","1500.74084","538.74023","-50.63260","1317.22131","271.11310","-362.36905","1318.14954","451.13708","-131.86200","1203.85864","471.57010","-237.63708","1369.85229","319.64374","29.65211","986.26514","256.20218","-449.95108","977.18988","475.93835","75.00601","816.31445","367.90659","-384.39420","805.16772","611.88794","-56.88963","836.15875","374.55899","-240.84843","846.59210","546.08459","-290.52884","918.79028","299.86093","-183.16530","430.65298","264.01468","-154.69370","441.13696","577.69617","-324.48770","140.28978","165.09799","-72.86886","119.64775","602.24579",NA,"P3",20,19
266,2.65,"-115.97964","1455.87012","598.46075","-215.67590","1604.95142","354.99518","-74.06504","1543.52026","413.64484","-251.56073","1501.87756","546.87537","-45.07020","1317.11511","279.29297","-357.72906","1317.62170","459.67886","-126.21428","1204.71338","480.51233","-232.59229","1369.90601","327.93649","34.62305","986.61212","264.09900","-443.84225","976.55579","483.00604","78.65921","816.18268","376.12500","-378.95483","804.45605","618.67871","-48.77482","836.55200","387.36389","-233.65187","847.08545","555.17242","-282.53796","918.16089","308.58405","-174.79729","429.90454","272.36142","-146.90895","442.49133","584.24878","-321.54492","142.85246","167.13902","-70.70704","118.78636","605.27747",NA,"P3",20,19
267,2.66,"-112.07050","1456.43884","606.39093","-210.57079","1605.41895","362.99112","-69.18344","1544.29724","422.81390","-246.40120","1502.79333","555.10822","-39.78270","1317.95593","288.41916","-352.65057","1317.40894","467.83087","-121.36171","1205.53503","489.96228","-227.09315","1370.84741","336.52560","39.18716","987.24847","272.34204","-438.18326","976.16382","489.85547","83.05247","815.34241","383.37823","-373.65475","803.58289","624.62695","-41.46779","836.74640","396.46420","-226.63190","847.60425","564.01923","-275.12085","918.80048","316.63235","-164.88008","429.06879","280.96698","-140.44957","444.38745","592.04968","-317.36215","146.83478","170.45396","-67.96220","117.93701","608.94183",NA,"P3",20,19
268,2.67,"-106.93896","1458.39099","615.88715","-205.41829","1606.48438","371.17963","-63.98086","1545.22522","430.37820","-241.85103","1503.93066","563.63208","-34.39673","1319.42969","296.41812","-347.67902","1318.34924","475.70480","-116.02190","1206.83386","498.89624","-221.98718","1371.50342","344.87723","43.79360","987.79144","280.58020","-433.02417","976.86554","496.97604","87.48061","815.79620","391.10010","-368.23163","802.92603","631.31512","-34.20940","837.04541","406.39404","-220.93050","850.65100","573.73621","-266.62192","919.37604","324.40332","-153.89487","429.42041","290.14346","-132.40300","445.91003","600.53241","-310.98456","152.15068","173.52170","-66.02271","117.09103","612.58801",NA,"P3",20,19
269,2.68,"-101.58549","1459.87268","624.02234","-200.22415","1607.81177","379.49976","-59.25820","1547.29370","436.29575","-236.79453","1505.09412","571.51740","-28.99879","1321.00024","305.77103","-343.01880","1319.05176","483.92566","-110.74814","1208.69910","507.49573","-216.84906","1372.66296","353.54132","47.92253","989.05719","288.90433","-427.14273","977.09882","504.41516","91.58894","816.45294","397.78064","-363.38809","803.00464","637.13440","-27.54117","837.81812","415.51755","-214.68457","851.96753","584.24530","-258.02499","920.42731","332.91687","-142.22610","427.89532","301.12976","-124.84346","448.44199","608.20215","-305.97202","156.22429","177.66481","-63.95732","117.09214","615.19354",NA,"P3",20,19
270,2.69,"-97.48595","1461.83130","632.53259","-195.08777","1609.46533","387.92929","-54.42430","1548.83752","446.27213","-232.48695","1507.16797","579.87109","-23.41361","1323.01697","314.34268","-337.97064","1320.20239","491.48251","-105.17947","1210.59802","516.32568","-211.86913","1374.35962","361.71191","52.40130","990.68475","296.88794","-421.16257","978.16943","511.59311","95.11129","817.37299","404.99374","-357.57053","802.84076","643.77692","-20.24228","838.99506","424.83240","-207.94910","854.66748","590.84180","-250.34125","922.07837","340.38065","-129.10080","428.12506","310.90231","-118.15354","450.28513","615.45892","-296.99014","161.81833","182.87137","-62.40709","117.51167","617.46210",NA,"P3",20,19
271,2.7,"-92.47546","1463.25806","641.58868","-189.87393","1611.36157","396.38409","-49.08517","1550.41699","456.44907","-227.71161","1508.68970","588.61108","-18.11370","1325.12573","323.50198","-332.98007","1321.63513","499.29861","-100.10968","1213.06409","525.22186","-206.44530","1376.37683","370.11356","56.10120","992.84412","304.42102","-415.04010","979.47241","518.59180","98.57365","818.63831","411.92032","-352.76639","804.21490","649.98511","-13.92855","840.89923","435.34772","-202.15326","857.73779","598.72095","-241.85181","923.65338","348.63132","-114.35637","427.77066","322.10529","-112.59914","451.49985","622.36871","-288.48499","168.06966","189.96901","-61.31789","118.17871","619.79047",NA,"P3",20,19
272,2.71,"-87.95966","1464.87646","650.22998","","","","-44.29773","1552.69983","463.18268","-223.13065","1510.79956","596.58862","-12.20106","1327.86548","331.36676","-327.95654","1323.68469","507.36292","-95.26704","1215.71765","533.80432","-201.15958","1378.24426","378.24402","60.59546","995.09924","312.83365","-409.22086","981.56030","525.78247","102.55771","820.75323","419.65625","-347.25803","804.89996","655.94293","-7.52606","843.49829","445.37601","-196.84756","861.04291","608.09888","-233.62312","925.96948","356.54361","-98.17271","426.93088","333.50098","-107.94384","452.44177","628.32269","-278.55560","173.10785","195.25751","-60.01498","118.44151","621.13184",NA,"P3",20,18
273,2.72,"-83.65359","1466.68372","658.45508","","","","-39.29720","1554.32410","472.35080","-218.11703","1512.34290","604.79028","-6.69412","1330.51062","340.38843","-322.63602","1325.35889","514.82605","-90.61039","1218.47546","542.81927","-195.44147","1380.18030","386.22250","64.46056","997.80774","320.30078","-403.55283","983.62061","532.61957","106.30800","822.43805","426.63504","-341.79926","806.25378","662.84595","-1.59867","845.62677","455.67050","-192.05911","864.24933","617.10614","-226.12273","928.16602","364.40356","-82.95712","427.36813","345.82788","-105.08696","453.62378","633.31995","-267.16284","178.34459","202.43529","-58.87662","118.49284","622.39612",NA,"P3",20,18
274,2.73,"-79.60651","1468.11975","666.78351","","","","-34.29293","1555.84485","481.45212","-213.42786","1513.66431","612.67810","-1.18667","1333.38098","348.62079","-317.62009","1327.46887","522.50244","-84.91245","1220.82629","551.04413","-190.10608","1382.12439","394.43466","68.80489","1000.50702","328.15091","-397.80676","985.73846","539.51953","110.73557","824.67914","433.68024","-336.55139","807.89111","669.24603","2.71240","848.13947","466.16150","-188.47723","867.95300","626.52173","-218.59189","930.75940","372.50082","-66.13753","427.20401","359.23734","-102.35574","454.21439","638.22156","-254.15836","184.11812","210.52370","-58.05384","118.57981","623.24469",NA,"P3",20,18
275,2.74,"-75.53397","1469.33496","674.82251","","","","-29.66505","1557.83667","488.90939","-209.87924","1515.31421","620.74554","4.07469","1336.11438","357.45169","-312.51932","1329.51514","529.54712","-79.94843","1223.38123","559.34723","-184.55510","1383.60864","402.46573","73.39493","1002.70483","335.56787","-391.96408","987.84967","546.68121","114.42241","826.53821","440.07953","-331.44995","809.49567","676.40125","9.67022","851.09351","476.20114","-183.29184","870.19244","633.24872","-211.61234","932.79138","380.34378","-50.70433","426.72919","373.95267","-100.86938","454.51172","642.76868","-241.37869","190.34499","218.25098","-57.03126","118.00885","623.84808",NA,"P3",20,18
276,2.75,"-71.16695","1470.66833","683.25006","","","","-24.66777","1559.50647","497.32156","-204.58754","1516.31165","627.89868","9.43954","1338.13196","365.92807","-307.24304","1331.22693","536.79767","-75.16940","1225.79919","567.92456","-179.44194","1385.01953","410.04034","77.56960","1004.78210","342.73294","-386.15817","989.80536","553.32715","119.16392","828.42090","447.48328","-325.94925","811.36951","683.87616","15.93721","853.92206","485.60980","-178.72179","871.27795","641.69873","-204.73293","934.52911","388.14282","-34.27055","426.46756","388.85831","-99.66679","453.73709","645.25140","-227.73500","196.90199","227.46721","-56.54737","117.71877","624.24817",NA,"P3",20,18
277,2.76,"-66.87958","1471.91895","691.12701","","","","-19.58881","1560.91699","506.78107","-201.15271","1518.16089","635.58154","15.18661","1340.25183","374.35583","-302.06635","1332.64722","544.63531","-70.15628","1227.76611","576.10126","-174.09647","1386.54871","417.58972","81.98046","1006.84235","349.89825","-381.09430","991.71637","559.98865","123.60034","829.60883","454.40582","-321.58142","812.45782","689.85846","21.25384","856.28735","495.53766","-174.09810","873.18610","649.68518","-198.70033","935.78967","395.62146","-18.12708","427.22729","404.02734","-98.41256","453.06683","649.46552","-212.07951","203.57956","237.71310","-56.06986","117.46127","624.35272",NA,"P3",20,18
278,2.77,"-62.65617","1473.37903","699.23712","","","","-14.73093","1562.28809","515.81250","-196.25990","1519.29333","642.82831","20.46463","1342.15088","382.10309","-296.85025","1334.06201","551.90570","-65.23999","1229.75964","584.47253","-168.40659","1388.01111","425.92993","87.41634","1008.27686","357.56149","-375.84457","992.78925","566.72363","127.90708","830.97778","461.87903","-316.49707","814.12378","696.90472","27.33986","858.31702","503.65356","-170.76907","874.83759","657.57343","-193.12346","936.89252","403.64407","-1.19996","427.79083","419.15778","-96.46964","451.63672","652.59760","-196.63005","209.63789","249.07776","-56.12143","117.53367","624.87451",NA,"P3",20,18
279,2.78,"-58.17111","1474.95459","707.00995","","","","-10.17386","1564.01440","523.01404","-191.98714","1520.13513","650.22559","26.13384","1343.63477","390.42371","-292.11349","1335.72546","559.48523","-59.77091","1231.07007","592.10547","-163.29178","1389.32703","433.42889","92.36518","1009.89581","365.05399","-370.60822","994.14374","573.69806","132.61639","832.32147","469.61917","-311.45886","815.16766","703.78546","30.80873","859.26019","512.12823","-165.54366","874.35535","665.71558","-187.71402","937.98608","411.65326","14.17107","428.47659","436.36844","-94.73484","450.07834","656.02588","-180.79596","216.42462","260.64777","-56.72177","118.25379","625.68927",NA,"P3",20,18
280,2.79,"-54.20512","1476.43445","715.56537","","","","-4.95514","1565.18176","532.48505","-187.87958","1521.70227","657.67883","31.43453","1344.91040","398.42181","-286.73843","1336.66284","566.88312","-54.75222","1232.39368","599.94519","-157.97397","1390.59827","440.62549","97.89732","1010.90826","372.76691","-365.78085","995.36157","580.79370","138.11172","833.20294","476.75592","-305.88278","816.44025","711.04016","38.85228","862.25201","519.85327","-161.38251","875.05127","672.54706","-182.19780","938.19489","419.13083","29.93495","431.17056","452.08157","-94.09747","449.35907","659.08337","-164.39635","222.94350","272.28116","-56.20407","117.62503","626.18213",NA,"P3",20,18
281,2.8,"-50.11824","1477.49097","723.55750","","","","-0.17515","1566.16455","541.74896","-183.60681","1522.78491","665.07855","36.93122","1345.89990","406.14551","-281.83029","1338.29272","572.76379","-49.61045","1233.12122","607.12238","-152.91212","1391.82153","447.95862","103.32957","1011.91699","380.51151","-361.02438","996.46179","588.22144","142.74899","834.42767","484.77341","-300.99524","817.73285","718.47711","44.82286","863.44421","528.66705","-156.21660","873.89355","679.02942","-177.80592","939.13190","426.88266","45.08686","433.72031","469.85782","-93.58028","448.89960","662.61731","-148.57649","228.24879","284.72467","-55.68285","117.29480","626.64380",NA,"P3",20,18
282,2.81,"-46.04657","1478.92676","731.14923","","","","4.71428","1567.35913","550.41943","-179.31483","1524.20459","672.66101","42.51880","1346.71057","413.88818","-276.97278","1339.48828","580.18420","-44.82118","1233.86353","614.71283","-147.50722","1392.95508","455.16251","109.37864","1012.76727","388.74750","-355.99399","997.12097","595.89148","148.38779","835.36920","492.29376","-295.98071","818.87909","725.83203","50.35537","864.90002","536.88489","-151.60983","872.91333","686.10278","-172.78894","939.49023","434.48999","60.01254","435.57990","487.96024","-92.76636","449.50696","665.81177","-132.87273","233.34085","298.42133","-55.94409","117.93774","627.78271",NA,"P3",20,18
283,2.82,"-42.29248","1480.02502","739.20465","","","","9.28773","1568.60059","557.90985","-174.00278","1524.32520","679.41547","47.65363","1347.34363","421.17447","-272.18338","1339.96558","587.05530","-39.96983","1234.38281","622.04761","-142.65804","1394.29895","462.77036","115.27902","1013.70264","396.50815","-351.75348","998.16827","603.63568","152.74400","836.27856","500.62360","-290.90088","819.86932","733.27460","55.57954","865.65515","544.53827","-148.52989","874.11761","693.16870","-168.15726","940.19458","441.45059","74.03787","439.38184","504.64569","-91.89557","450.15524","667.92548","-116.80083","238.85081","311.68900","-55.14637","117.90992","628.28796",NA,"P3",20,18
284,2.83,"-38.39921","1480.98840","746.88940","","","","13.83656","1569.71765","566.02106","-170.89345","1525.62939","687.16455","52.90387","1348.40332","428.29327","-268.38824","1341.13428","592.82343","-35.10313","1235.36121","629.15485","-137.13567","1394.87451","470.06223","120.91708","1014.47601","403.96545","-346.67514","998.77606","610.80884","158.04622","836.89178","508.41101","-286.50842","821.16547","741.46344","61.19982","866.88318","552.27820","-143.76105","873.76886","699.59247","-163.73799","941.36224","448.70807","87.34888","442.18198","523.42810","-91.11442","450.58597","670.75409","-101.09918","243.79556","325.91483","-54.27307","117.80355","628.68683",NA,"P3",20,18
285,2.84,"-34.34664","1481.81921","754.71466","","","","18.39418","1570.87183","573.69684","-166.16010","1526.72302","694.59631","58.18221","1348.81519","436.65640","-263.67648","1342.32471","599.85742","-30.24136","1235.73364","636.43408","-132.44763","1396.53259","476.70578","126.37392","1015.13647","411.88940","-341.58221","999.38190","618.39178","163.09863","837.90204","516.56512","-281.22083","821.98083","749.24347","67.42590","867.89655","561.80249","-141.16963","875.48071","707.20001","-158.91486","941.97021","455.19012","100.41590","445.76889","540.64832","-89.33738","450.52722","673.17432","-84.19072","246.24416","341.17291","-53.56398","117.74684","628.91577",NA,"P3",20,18
286,2.85,"-31.21502","1481.81372","760.83044","","","","23.21608","1571.74902","581.53644","-162.15216","1526.94775","701.62360","63.26048","1349.39063","443.82520","-258.84079","1343.03418","606.58203","-25.64353","1236.25854","643.34119","-127.03871","1397.13623","484.09882","132.11282","1015.42554","419.96124","-337.12088","1000.33649","625.48834","169.00102","838.92407","524.88934","-276.68143","823.61060","757.05914","72.51631","869.13831","570.51129","-137.81906","876.97235","712.75244","-153.91342","943.24292","461.91464","112.50471","449.65854","558.39423","-87.27281","449.91537","675.95435","-67.56547","247.64822","357.41104","-53.35270","118.09336","629.28638",NA,"P3",20,18
287,2.86,"-26.67760","1482.77673","769.97803","","","","27.93236","1572.82959","588.47937","-158.44948","1527.90710","708.97821","68.68651","1350.15417","452.04346","-254.14206","1344.11816","613.48798","-20.83521","1236.51416","650.86072","-121.19167","1397.84888","490.04688","137.34785","1016.31390","427.71997","-332.21469","1000.99432","632.47424","173.72678","839.36554","532.89490","-271.29633","824.62115","764.64557","75.64764","870.47894","579.43372","-134.39328","877.14734","719.46832","-148.30067","944.25446","467.88586","124.11061","453.71906","575.81812","-85.99947","449.77341","678.24469","-50.31514","248.87381","373.77194","-53.21441","118.14944","629.44592",NA,"P3",20,18
288,2.87,"-22.57565","1483.38098","777.24188","","","","32.57319","1573.18384","599.12714","-153.99590","1528.01526","715.90546","74.07388","1350.85754","459.15826","-248.61082","1344.70154","620.36597","-16.87544","1237.31250","657.73010","-117.12576","1399.05383","497.72189","142.72823","1016.75092","434.58331","-327.14035","1001.51575","639.75317","178.86479","840.47797","541.18506","-266.95560","826.66815","772.72137","77.12895","871.22424","587.53882","-131.69670","878.15857","727.29102","-142.60715","945.59253","474.45737","134.48695","457.97702","592.67401","-84.45804","449.73227","680.98529","-33.13118","248.81670","390.19995","-52.83057","118.36217","629.63959",NA,"P3",20,18
289,2.88,"-19.05573","1483.58679","785.42096","","","","37.14404","1574.17078","605.21399","-149.99443","1528.29858","722.78943","79.01501","1351.11853","466.75455","-244.17845","1345.66309","627.15997","-12.15969","1238.02478","664.63849","-111.76265","1399.88147","503.84558","148.02795","1017.49347","442.59598","-322.83075","1002.52356","646.68781","183.80296","840.97247","549.11047","-262.32123","827.72314","780.98364","81.35150","873.07501","595.98920","-128.83704","879.10596","732.31012","-137.05461","946.49396","480.62369","144.52617","462.08890","610.39148","-82.57502","449.00363","683.13434","-16.81791","247.25040","407.65070","-52.75428","118.41091","629.72339",NA,"P3",20,18
290,2.89,"-15.37412","1483.57654","792.90204","","","","41.91938","1574.47253","615.37549","-145.73712","1528.38403","729.42194","83.71435","1351.94751","473.66089","-239.65646","1346.32422","633.38928","-7.79505","1238.42847","672.06628","-107.03540","1400.86169","511.52719","153.50685","1018.39331","449.90506","-317.95102","1003.27405","653.42480","189.94145","841.95752","556.94232","-257.11087","828.96210","787.98303","85.47390","875.19275","605.45746","-125.33280","879.54138","738.79272","-130.40291","947.03113","485.19489","153.29884","466.37418","627.62207","-81.81432","448.97446","685.66907","-0.89564","245.46248","425.52161","-52.78717","118.60319","629.94891",NA,"P3",20,18
291,2.9,"-11.69250","1483.78723","800.23297","","","","46.30199","1575.28564","621.86700","-142.00006","1528.90784","736.71967","88.77203","1352.50195","481.89148","-235.38991","1347.02112","639.64545","-3.99329","1239.15210","678.66156","-101.43974","1401.41931","517.48260","158.92937","1018.98328","457.83163","-313.24966","1004.18542","659.97266","194.96005","843.04547","564.79724","-252.71577","830.35614","795.77448","89.39375","876.53882","614.52472","-122.05338","879.43994","744.88580","-124.75172","947.16333","491.66113","161.93344","470.51688","643.93402","-80.61993","448.90848","687.45911","15.76776","243.27177","442.76483","-52.65110","118.90666","630.27905",NA,"P3",20,18
292,2.91,"-7.86834","1483.81543","807.98828","","","","50.44163","1575.89160","629.59528","-137.94997","1528.79358","743.61774","93.84531","1353.29968","489.19980","-231.14893","1347.96423","645.87903","-0.51772","1239.91235","686.51941","-96.67245","1401.65356","524.85541","164.30457","1019.71558","466.02597","-308.96533","1005.03949","667.01575","200.55359","844.13635","572.95728","-248.74051","831.97998","803.76178","92.92303","878.65186","623.41882","-120.43433","881.00946","751.43616","-118.53573","948.31824","497.18967","169.93283","474.30890","660.74506","-79.81673","448.88867","689.97345","32.17478","240.00249","461.91360","-52.49322","118.96991","630.42804",NA,"P3",20,18
293,2.92,"-3.98833","1483.72351","815.18787","","","","","","","-134.08028","1529.51514","750.86719","98.93790","1353.78003","497.35968","-226.72253","1348.72290","651.74133","3.63699","1240.34851","693.48151","-91.38770","1402.37268","530.94055","169.82355","1020.90131","473.78809","-304.33658","1005.57471","673.71063","205.40352","844.59729","580.67041","-244.12418","833.27722","811.89789","96.98232","880.67603","632.19861","-117.91463","880.91028","757.84882","-112.88273","948.13574","502.93521","177.09119","478.20712","676.86926","-78.99632","449.03320","692.23096","48.58855","235.69257","480.98102","-52.37520","119.24695","630.73370",NA,"P3",20,17
294,2.93,"-0.74995","1483.91528","822.92883","","","","","","","-130.18719","1529.29456","757.79059","103.53967","1354.59045","504.88022","-222.67804","1349.28125","658.01428","7.63283","1240.88782","700.85065","-86.44000","1402.85583","538.03247","174.92404","1021.30139","481.62067","-299.98578","1005.96552","680.35706","211.29337","845.51959","589.33832","-239.44539","834.25671","819.46564","101.14560","882.09674","640.66565","-115.06451","881.40619","763.62415","-106.92204","948.06531","509.11008","183.17204","482.00491","692.56873","-78.97105","448.07672","695.75232","64.75957","231.95488","500.96545","-52.16273","119.34157","630.93768",NA,"P3",20,17
295,2.94,"3.58704","1483.06189","830.28064","","","","","","","-125.92181","1529.54114","764.90240","108.33263","1355.51892","512.01172","-218.53296","1349.51294","664.22168","11.72575","1241.34973","707.93622","-81.20285","1402.89172","545.11188","180.47397","1022.26294","489.43353","-295.88681","1005.97070","687.14917","216.94499","845.85187","597.24927","-235.08200","835.63068","827.45013","105.22937","883.47668","649.44055","-112.91932","880.87408","769.74860","-101.07396","947.96149","514.76294","188.92926","485.36063","708.06366","-77.92551","448.20142","699.45392","81.06909","226.33278","521.22552","-51.82888","119.69228","631.50000",NA,"P3",20,17
296,2.95,"6.82053","1483.14355","837.70929","","","","","","","-122.51026","1529.76038","772.26044","113.29478","1355.46448","520.49817","-214.06310","1349.72290","670.05811","15.48335","1241.98853","715.59027","-77.12202","1403.74963","552.50092","185.73645","1022.47198","497.31131","-291.70657","1006.39642","694.01379","222.36832","846.79468","604.66583","-230.70729","836.54736","835.25946","109.84554","884.64752","657.72650","-111.10346","881.54279","775.51697","-95.27339","948.03149","520.59625","194.34828","488.23410","722.30737","-76.89369","448.38733","701.18164","97.78696","220.48015","542.19763","-51.39837","119.63174","631.75464",NA,"P3",20,17
297,2.96,"10.85771","1482.79297","845.30920","","","","","","","-118.03796","1529.18958","779.50519","118.51093","1356.13147","528.67401","-210.05974","1349.74109","676.18079","19.25496","1241.60950","722.71240","-72.26691","1404.26782","559.05579","191.26642","1023.32935","505.72870","-287.47641","1006.69617","700.79224","227.49867","847.28040","612.18213","-226.45374","837.55029","843.15308","113.44934","884.88922","666.34009","-107.32079","880.81628","780.48645","-89.67033","947.66052","526.56799","199.11511","491.52133","736.72589","-75.14405","448.08997","703.58270","113.15376","214.34198","564.75000","-51.12127","119.98829","632.47260",NA,"P3",20,17
298,2.97,"14.21097","1482.64819","853.20868","","","","","","","-114.49864","1529.65540","787.23206","123.34874","1355.86157","537.27277","-206.07045","1349.77014","682.68951","22.70862","1241.96069","730.72681","-67.67971","1404.36304","566.67468","197.01566","1023.78113","513.65436","-283.45236","1006.25708","707.75769","233.10831","847.69525","620.48633","-221.80241","838.13428","850.66077","117.84074","885.07581","674.90570","-104.93920","880.77173","787.12158","-84.57652","947.60406","532.66382","203.45963","493.70117","750.00153","-73.00560","447.77487","706.18884","128.84857","208.24153","587.29138","-50.31773","119.95973","633.15979",NA,"P3",20,17
299,2.98,"17.91126","1482.40479","860.43140","","","","","","","-110.26492","1529.28186","794.31860","128.62230","1356.66968","545.26776","-201.99193","1349.64478","688.90375","26.62585","1241.73169","737.76978","-62.45545","1404.45374","573.52008","202.18358","1024.02161","521.58044","-279.01660","1006.06158","714.15399","237.93864","848.16187","629.06378","-217.87862","838.77417","858.77502","122.10638","885.34021","683.06659","-104.15852","880.13708","790.56628","-78.41540","947.25861","538.37976","206.95148","496.10229","762.58679","-71.41865","448.51712","710.08862","142.42720","201.63651","610.09332","-49.48208","120.49594","633.51788",NA,"P3",20,17
300,2.99,"21.89384","1481.90845","868.52594","","","","","","","-105.78345","1529.18262","801.55457","133.67241","1356.39685","554.06073","-198.00827","1349.64563","695.12109","30.03131","1241.84143","745.44464","-57.83280","1404.15649","580.96002","207.92459","1024.53137","529.86517","-274.95630","1005.68018","721.22272","242.93982","848.54358","637.32806","-213.28267","838.87372","866.42633","125.83856","885.31891","691.91937","-99.20134","879.73206","797.87225","-73.22073","948.02899","544.38519","209.93347","497.52127","774.10303","-68.73000","447.50894","712.71100","156.12527","194.87393","634.41663","-49.69763","121.22707","633.84979",NA,"P3",20,17
301,3,"24.98214","1482.13867","876.27167","","","","","","","-102.46068","1529.28259","809.38141","138.51825","1356.30188","562.83539","-193.96179","1349.30933","701.27893","34.31657","1240.63452","753.03625","-52.96022","1404.42175","588.63336","213.03867","1024.56580","538.64709","-271.15637","1005.27039","728.09784","248.36700","848.25006","645.56610","-209.06146","839.48376","873.67310","129.95923","885.39404","699.27936","-96.65366","879.41608","803.64148","-67.32877","947.70740","550.81708","212.62198","498.46994","785.14819","-65.97182","446.60376","715.89081","169.44841","188.80205","658.60834","-49.30534","121.35716","634.24805",NA,"P3",20,17
302,3.01,"29.16882","1481.33679","884.17267","","","","","","","-98.24371","1528.33374","816.81616","143.64314","1355.96777","571.85126","-189.81570","1348.70447","707.45538","37.63995","1239.99072","760.81195","-48.33199","1404.25879","596.00116","218.56271","1024.55408","546.96240","-266.55200","1004.74042","734.39014","253.65813","848.42389","653.67853","-204.90063","840.11481","881.46185","133.60205","885.00952","707.47229","-94.56370","879.50690","809.52167","-61.62372","947.78192","556.72174","214.83472","499.02124","795.88043","-63.95625","447.35095","720.33801","182.25403","182.54872","683.91614","-48.54394","121.61625","634.80908",NA,"P3",20,17
303,3.02,"33.00070","1480.95789","891.87634","","","","","","","-94.59721","1528.07776","824.21472","148.75912","1355.95020","581.00586","-185.95511","1348.33508","714.23901","41.88538","1239.16748","768.80536","-43.43311","1404.13770","603.56714","223.90109","1024.13464","554.48035","-262.64258","1003.70001","741.33978","258.72116","848.07794","662.25336","-200.08762","840.05341","889.18115","137.09363","883.94617","716.07257","-91.85412","879.02740","813.88580","-55.96000","947.35107","563.44037","216.70030","498.85727","805.41302","-61.40022","445.99228","723.28986","193.32790","176.99677","709.50366","-48.91673","123.50006","636.88837",NA,"P3",20,17
304,3.03,"36.64300","1480.45544","900.33307","","","","","","","-90.11390","1527.60938","831.61273","153.63797","1355.55432","589.76892","-182.17325","1347.81897","720.85840","44.68576","1238.65796","776.62329","-38.65498","1403.46741","610.59943","229.40327","1023.72882","563.10095","-258.63757","1003.74786","748.06195","263.23672","847.51746","670.83795","-196.00523","840.35321","896.85150","141.12796","883.45221","724.64124","-88.83167","878.37848","819.70050","-50.18165","947.26245","569.39020","218.14578","498.40659","814.90753","-59.79258","446.94760","728.37720","204.29997","171.34926","734.94043","-47.13578","122.23499","635.96460",NA,"P3",20,17
305,3.04,"40.05264","1480.13147","908.10095","","","","","","","-86.56293","1527.55042","839.26324","158.62024","1355.02771","599.44354","-178.45837","1347.32092","727.52100","48.08052","1237.79053","785.22186","-33.61346","1403.13684","618.36859","234.78458","1023.40234","571.47485","-254.61346","1002.61823","754.44153","268.53732","847.19354","679.02521","-191.53682","839.86102","903.81335","144.35815","883.24646","732.50720","-85.76958","878.75470","825.72540","-44.72243","947.37006","575.69287","220.04555","497.17755","824.48566","-57.70687","446.18347","732.58325","215.54068","166.67390","760.89386","-46.90747","123.10496","637.42560",NA,"P3",20,17
306,3.05,"43.52786","1479.13147","916.01758","","","","","","","-82.71566","1526.49365","846.80212","163.69766","1354.40845","608.31262","-174.18054","1346.60181","733.92725","51.37545","1236.62671","793.22565","-29.13549","1402.64160","626.32397","239.80661","1023.13403","580.61267","-250.14549","1001.44757","760.64905","273.31180","846.23541","687.35455","-186.95079","839.90057","910.99475","148.32317","883.04773","741.51740","-84.11374","878.70825","832.90558","-39.39580","946.56372","582.64819","221.74901","496.12061","833.29620","-55.62949","446.54974","737.11871","225.55565","163.25255","786.48499","-45.98893","122.86069","638.72559",NA,"P3",20,17
307,3.06,"47.45052","1479.10596","924.20398","","","","","","","-78.82692","1526.05273","854.30682","168.74706","1353.39917","617.87213","-170.03603","1345.51758","739.90546","53.24800","1234.71277","800.08624","-24.30524","1402.11462","634.24890","244.55424","1022.18213","589.44897","-246.10510","1000.80945","767.00671","277.97726","845.60901","696.38434","-183.86972","840.08282","918.73077","152.14722","882.21826","751.00293","-82.91783","876.42072","835.75629","-33.55562","946.16260","589.16589","223.63972","494.32947","841.34613","-54.00499","445.99850","741.76556","235.10184","161.19347","811.98206","-45.51358","122.92678","639.35791",NA,"P3",20,17
308,3.07,"50.27730","1478.34766","932.37634","","","","","","","-75.37022","1525.42700","862.31519","173.93578","1352.79639","627.43976","-166.20398","1344.64771","746.78296","56.53070","1233.57031","808.24164","-19.38026","1401.54407","642.13538","250.36313","1021.98340","598.25720","-242.54994","999.46698","773.61243","282.74478","844.85797","704.95752","-179.56342","839.42114","925.91113","155.47604","881.36414","759.52533","-79.93081","876.45496","842.48022","-27.78712","945.64050","595.76776","225.31993","493.17682","849.87988","-51.00906","444.19147","745.47394","244.42690","159.40924","837.04932","-44.03024","122.03748","640.29791",NA,"P3",20,17
309,3.08,"54.27596","1477.48486","940.70276","","","","","","","-71.50928","1524.33398","869.63464","178.84506","1351.85535","636.64960","-162.11476","1343.47375","753.51190","60.01926","1232.28333","816.81738","-14.54231","1400.28845","649.98560","255.93578","1021.31085","607.72180","-238.15276","998.77911","779.62915","287.32364","843.18762","713.22601","-175.48489","838.70459","932.93854","159.81329","880.52643","769.17126","-77.61005","875.47815","848.33771","-22.57028","944.86102","602.47894","227.18950","491.51563","857.89124","-48.48441","444.23648","750.47754","252.19214","158.45122","861.81842","-43.84906","122.39793","641.72919",NA,"P3",20,17
310,3.09,"57.60221","1476.56482","948.72729","","","","","","","-68.14545","1523.72656","877.33588","183.78957","1350.52588","646.49994","-158.12839","1342.61206","760.21832","63.65990","1231.33923","824.75739","-9.84464","1399.41333","658.16962","260.93167","1020.24548","617.19696","-233.96507","997.22736","785.74432","291.86786","842.16742","721.95245","-171.87057","838.65875","939.77625","163.17325","879.82343","778.42114","-75.71180","874.74677","853.83380","-17.08853","943.98322","609.71411","229.64981","489.72821","865.78076","-47.32623","443.85684","755.07764","259.44656","158.47812","885.29272","-43.40545","123.03893","642.57446",NA,"P3",20,17
311,3.1,"60.94601","1475.79956","957.29474","","","","","","","-64.22807","1522.57202","884.90381","188.71854","1349.85022","655.88843","-154.31075","1341.84534","766.80365","67.03495","1229.72754","832.78540","-4.14281","1398.20068","666.62238","266.25937","1019.56494","626.17535","-230.29160","996.11768","792.21497","296.01941","840.88306","731.51434","-167.88452","837.87836","946.61829","167.02779","878.66724","788.36017","-73.03450","874.14594","862.21204","-11.80757","942.68933","617.46118","231.89485","488.14658","873.66248","-44.55208","442.41931","759.53735","265.11917","158.79254","907.98090","-42.37080","123.44363","643.57172",NA,"P3",20,17
312,3.11,"63.65942","1474.73987","965.57251","","","","","","","-60.40508","1521.24084","892.58234","193.64832","1348.70190","665.78503","-149.75670","1340.31946","773.22131","70.56888","1228.86609","841.93530","0.66662","1397.20288","674.23969","271.55865","1018.22601","635.73590","-225.83295","995.24829","797.95038","300.73468","839.15594","739.73328","-164.29938","836.69208","953.43542","170.73065","877.30597","797.12524","-70.93066","873.43604","867.29474","-5.83053","941.56464","624.48401","234.58363","486.76303","881.43860","-42.90779","441.74258","764.09528","270.29865","160.44690","929.04712","-42.30476","123.92011","644.80573",NA,"P3",20,17
313,3.12,"67.71655","1473.56909","973.67316","","","","","","","-56.31753","1520.23425","900.01776","198.83270","1347.40710","675.49915","-145.65318","1339.09131","779.90979","73.96061","1227.73462","850.84222","4.65029","1396.31628","681.83185","276.55389","1016.81317","645.56372","-220.93561","993.32141","804.32025","305.39151","837.84283","748.92566","-160.75212","835.68610","960.09357","174.13016","876.05841","807.10730","-68.46835","872.05182","874.90247","-0.50518","940.32709","631.78009","236.67271","485.21548","889.44519","-41.14589","440.91238","768.66614","275.35397","161.98895","949.13861","-41.44005","123.89860","645.86584",NA,"P3",20,17
314,3.13,"70.62807","1472.60742","981.73822","","","","","","","-54.07326","1519.52832","907.88141","203.76447","1346.21936","684.62817","-141.74969","1338.08240","786.89935","77.96621","1226.39453","858.82208","10.85700","1394.64355","691.34387","281.65765","1016.10950","655.42419","-216.91931","992.01648","810.46863","309.26532","836.24133","757.99109","-157.49620","834.74371","966.66205","177.96996","874.40649","816.41010","-65.20633","871.75488","882.83783","5.25634","939.34985","639.27789","239.16292","484.45905","898.49255","-39.38528","440.84418","773.56842","279.92889","163.54869","967.96588","-41.94888","125.30399","646.68756",NA,"P3",20,17
315,3.14,"74.76150","1471.49011","990.01624","","","","","","","-50.67941","1518.57227","915.33728","208.93896","1344.91260","695.25677","-137.35252","1337.02161","794.10974","81.24673","1225.37317","868.25214","16.03214","1393.98523","699.35205","286.73770","1014.48914","664.56580","-212.66812","991.03186","816.50616","313.16858","834.57214","767.75861","-153.20836","833.31793","972.58173","181.64949","873.53259","826.25305","-63.32689","870.58600","889.64227","10.77832","938.60803","646.82281","239.28702","481.92007","907.94330","-37.21066","439.90326","777.88635","283.65891","165.66023","984.52899","-42.07709","126.01849","647.87134",NA,"P3",20,17
316,3.15,"77.36984","1471.03027","998.15222","","","","","","","-47.01894","1517.91907","923.27075","214.04195","1343.66797","704.95538","-132.94077","1335.63733","800.57379","85.29670","1224.23389","876.89014","21.11919","1392.67883","707.77533","291.61588","1013.26971","674.27942","-209.17981","989.13989","821.83026","317.48959","832.52032","776.31702","-150.27350","832.40411","979.49365","184.46997","871.49005","835.21942","-60.71432","869.92401","899.05798","16.18532","937.19397","655.05365","241.09096","481.65414","917.86670","-35.76669","438.85034","782.12549","286.08524","166.76306","1000.27887","-43.04124","128.81853","647.50763",NA,"P3",20,17
317,3.16,"80.67276","1470.08765","1006.55182","","","","","","","-43.12305","1517.25073","931.00452","219.17639","1342.47949","714.42200","-128.98640","1334.49646","807.71381","88.48065","1222.86182","885.73157","25.94561","1391.65186","716.08826","296.82721","1012.38452","684.57111","-205.32466","988.02240","828.52454","321.09753","831.33344","785.66626","-146.52766","830.71912","985.74530","188.07063","870.86505","845.98779","-56.74334","870.19812","907.25488","21.51256","936.88733","662.92810","243.46916","480.83087","928.17694","-34.60224","438.88940","787.13568","287.86432","167.18279","1013.97711","-42.45991","129.23036","648.55719",NA,"P3",20,17
318,3.17,"83.84750","1469.86890","1015.25525","160.08058","1561.49341","841.06250","","","","-39.74199","1516.68494","939.23981","223.91611","1341.34851","725.00977","-124.57497","1333.24109","815.09564","92.26680","1221.99243","895.10107","30.87505","1391.03235","724.91132","301.31552","1011.14575","693.96802","-200.72548","987.67737","832.52148","324.90857","830.33282","796.10455","-143.32248","829.56409","991.58478","191.32594","869.29541","854.75037","-54.90329","867.58344","910.77765","26.69644","935.88416","671.46356","245.34930","479.75150","939.77533","-32.39463","438.30457","792.67609","288.86551","166.13326","1026.03247","-42.00086","129.70541","649.40686",NA,"P3",20,18
319,3.18,"87.25870","1470.05823","1024.07458","163.98932","1560.96912","850.22821","","","","-36.14174","1516.35217","946.99207","228.91512","1340.64136","734.66797","-120.17725","1332.56641","822.70721","96.03798","1221.13928","903.72736","35.63508","1390.18384","733.30396","306.29218","1010.17865","704.05524","-196.82062","986.12262","840.13910","329.17041","827.98663","804.63312","-140.37051","828.50769","997.41840","195.16454","867.89880","864.58765","-51.13146","866.95453","921.96875","31.67680","935.30145","679.67755","246.97189","479.81122","951.23810","-30.21408","437.09818","797.11523","288.92014","164.45691","1035.08594","-41.37108","130.74309","650.26642",NA,"P3",20,18
320,3.19,"90.37029","1470.45398","1032.31641","168.47255","1560.63477","859.16418","","","","-32.57668","1515.95544","954.76080","234.10550","1339.41125","744.85010","-116.27985","1331.97729","830.71014","100.36184","1219.88013","913.80688","40.13490","1389.19336","741.91150","310.80365","1009.29950","714.37341","-192.08278","985.12872","846.47260","332.62012","827.00916","814.69366","-136.84453","826.95306","1003.52594","198.90361","866.87805","874.63434","-48.10442","864.83258","928.38074","36.54908","934.69299","688.97894","248.85800","479.37231","963.45374","-27.91688","436.02603","802.43213","288.68936","162.08897","1042.35461","-41.24712","132.26555","651.81110",NA,"P3",20,18
321,3.2,"94.43072","1470.67590","1041.03638","172.45076","1559.50427","867.55756","","","","-28.50322","1515.37720","962.74463","239.20708","1338.28650","754.56573","-111.70452","1330.80347","838.48846","104.25161","1219.42078","922.78412","45.09872","1388.21289","750.70599","315.40591","1007.89484","724.14563","-188.86504","985.11780","852.16675","336.21280","825.71826","824.84192","-133.96278","825.84778","1009.31372","202.92020","865.99683","884.21216","-43.85277","863.65479","936.65259","41.94919","933.95135","697.71069","250.07791","478.95853","975.75934","-25.16400","435.94028","808.99194","287.88953","159.56848","1047.83667","-40.93141","133.26088","653.14044",NA,"P3",20,18
322,3.21,"97.01923","1471.18469","1050.15454","175.71599","1559.11780","875.78815","","","","-24.89648","1515.10376","970.52380","243.45816","1337.34448","765.14508","-107.46442","1330.41541","846.69470","107.70264","1218.70142","932.59937","50.02999","1387.52197","759.16998","319.99701","1007.21698","734.29742","-184.47749","983.69855","858.53125","340.06982","824.77368","833.37494","-130.76468","824.42529","1015.52777","206.76006","865.90961","894.74060","-41.18536","861.85754","943.84943","46.81427","933.73511","706.84290","252.46211","478.30078","987.46838","-22.37977","434.72147","814.48663","287.31842","156.89516","1052.68213","-40.10756","134.48283","654.78931",NA,"P3",20,18
323,3.22,"99.63013","1472.00842","1059.06677","180.07874","1559.39539","885.92004","","","","-21.62127","1514.90491","978.31036","248.43129","1336.87561","774.91315","-103.32089","1330.09705","854.59259","111.86558","1217.69165","941.89648","54.47089","1386.93286","768.27234","324.35550","1005.99786","744.39728","-179.62633","983.17584","864.22742","343.21915","823.11597","843.83997","-128.33224","823.39124","1020.85828","211.14398","864.88922","904.72485","-35.97163","862.16083","955.99402","51.21854","932.92157","716.11761","254.11424","477.78656","999.14838","-20.20278","434.66107","821.42432","287.80981","154.82739","1058.00012","-38.77272","136.10199","656.16864",NA,"P3",20,18
324,3.23,"103.24220","1472.59729","1067.67542","183.19064","1558.54761","893.73346","","","","-17.80360","1515.01270","986.21576","253.40825","1336.41968","785.28223","-98.75568","1329.29382","862.66003","115.87360","1217.67334","950.97455","59.28653","1386.08337","776.88757","328.82074","1005.56525","754.46600","-176.23840","983.07031","870.01135","347.19595","822.57922","853.54871","-125.36103","821.73651","1026.81189","215.76984","865.16425","915.74634","-32.78273","861.69092","964.55621","55.97113","932.70984","725.89233","255.91052","477.45306","1009.43121","-16.53365","433.47556","828.44543","288.21884","153.90500","1064.14148","-39.07066","139.61702","659.73828",NA,"P3",20,18
325,3.24,"105.53516","1473.72864","1077.02930","187.57922","1559.52588","903.63855","","","","-15.32102","1515.75745","994.85242","258.25714","1335.67297","795.62335","-94.64884","1329.54456","871.70532","118.82555","1217.00012","959.66174","64.45896","1386.08728","785.76715","333.11252","1004.69257","764.67230","-171.66795","982.77264","877.04523","350.75989","821.65375","863.31384","-122.61430","820.47241","1032.10571","219.78625","865.12476","926.51660","-28.46672","860.76111","973.28784","61.26726","932.67072","735.43976","259.34045","477.42538","1018.60242","-13.40208","432.53351","836.21436","289.51074","152.79208","1069.35913","-37.21669","140.60655","660.95502",NA,"P3",20,18
326,3.25,"108.13915","1474.87134","1086.15527","191.85867","1559.80188","912.46436","","","","-12.18546","1516.43176","1003.08972","263.21024","1335.85840","805.39099","-90.69723","1329.40015","879.80200","123.63153","1217.90637","970.27002","68.98878","1386.61719","794.89948","337.88492","1004.85181","774.94971","-166.99875","982.70251","883.04877","354.13544","821.11078","873.54919","-120.30785","819.94806","1037.55200","224.05963","865.74750","938.09479","-25.42631","860.60626","983.59851","64.96432","932.77582","745.04205","262.40253","477.85077","1028.31921","-10.14050","431.85168","844.72601","291.03989","151.87012","1073.45825","-36.04845","143.09946","664.16211",NA,"P3",20,18
327,3.26,"111.40618","1475.80615","1095.14429","195.14673","1560.94604","922.28912","","","","-8.58430","1517.08716","1011.19873","267.89728","1335.72937","815.58185","-86.26276","1330.15015","887.63867","126.07996","1217.73730","978.41998","73.75826","1387.23682","803.57697","342.00253","1004.26538","785.15344","-163.60336","983.22522","889.26849","357.57263","820.45850","884.34454","-117.25262","818.65009","1043.36768","228.15747","866.96906","949.08087","-21.80827","859.98834","992.53680","70.07429","932.66626","754.46454","265.59509","478.90268","1036.53357","-6.25125","431.82959","853.68713","292.23346","151.29945","1076.35120","-36.56781","146.78885","667.29279",NA,"P3",20,18
328,3.27,"113.34074","1477.57141","1104.54358","198.82112","1562.10840","932.44794","","","","-5.55155","1518.31580","1019.47662","272.71402","1335.91736","825.47784","-82.39018","1331.29993","895.78235","129.83438","1218.71655","987.74792","78.65987","1388.14819","812.09814","346.01038","1004.91565","795.79767","-159.38628","984.28223","896.33746","360.71085","820.71442","894.38184","-115.08706","818.52039","1048.21301","231.63277","867.93152","959.57538","-18.66242","860.54846","1002.64288","74.91323","933.41180","765.45636","268.29382","479.82281","1046.17871","-3.23975","431.91986","864.29498","293.16641","150.69633","1078.32471","-34.43181","149.80510","671.54474",NA,"P3",20,18
329,3.28,"115.75879","1479.07825","1113.66931","202.53148","1563.77515","941.61151","","","","-2.59698","1519.43823","1027.69653","276.87668","1337.00366","834.98358","-78.38039","1332.86279","903.73419","133.00711","1220.29602","997.43597","82.76431","1389.81165","821.16028","350.31235","1005.13470","806.89471","-155.37450","985.77753","903.50562","363.81717","821.06830","904.38373","-112.00360","817.91486","1053.27942","234.83809","869.50354","969.14380","-14.51088","860.27252","1012.59473","78.21899","934.84607","774.68658","271.67804","481.60632","1056.01685","-1.09329","432.08273","875.52100","294.30469","150.83362","1081.23608","-33.35473","154.18358","676.94739",NA,"P3",20,18
330,3.29,"117.90381","1480.48303","1122.84387","206.77171","1565.25562","952.26147","","","","0.78950","1520.41943","1035.92358","281.37384","1338.21936","845.75031","-74.33092","1334.73792","911.44507","137.36230","1221.61096","1006.25513","87.74823","1391.32214","830.02692","354.50620","1006.48273","817.46832","-151.74022","988.05139","909.66833","366.81161","822.06866","914.82947","-110.00053","818.67358","1058.45068","238.27477","872.40234","980.26636","-11.93405","862.08459","1022.40308","81.89367","935.99438","784.83246","273.89285","482.88803","1063.60242","2.08084","431.82452","888.14471","294.92047","151.69339","1083.59058","-31.59510","158.42793","683.33154",NA,"P3",20,18
331,3.3,"119.98906","1482.10986","1132.09082","209.46161","1566.70740","961.82446","","","","3.36902","1522.22217","1044.09509","285.81699","1339.83679","855.44952","-70.61662","1336.63379","919.27618","139.87903","1223.70947","1015.50989","92.04816","1393.05200","838.67889","358.14059","1007.60791","828.46820","-147.60060","989.38629","917.07397","370.26059","823.53296","925.65771","-107.73062","819.06256","1062.91406","241.49614","875.69519","990.82031","-8.46296","863.34869","1031.81458","84.85361","937.65771","795.14880","276.69354","484.23984","1070.92236","5.24529","431.82608","902.09491","295.89273","151.46028","1085.81372","-29.92045","163.47195","690.87366",NA,"P3",20,18
332,3.31,"121.90830","1483.66980","1140.99866","212.62254","1568.02832","971.81360","","","","5.73824","1523.81519","1052.41846","289.81186","1341.55005","865.07721","-66.78914","1339.08081","927.06512","142.95721","1225.88245","1024.98938","96.46183","1395.05493","847.32233","361.79593","1009.54999","839.47528","-144.39540","992.89374","923.56104","372.61465","824.94373","936.67316","-105.51787","820.02777","1068.06335","244.34616","878.12415","1001.46008","-4.73223","865.49219","1040.54529","88.45734","939.45416","805.12469","278.80652","484.91760","1077.36096","7.48411","432.16748","917.37659","296.55865","151.20586","1087.33826","-28.17434","169.05469","700.30640",NA,"P3",20,18
333,3.32,"123.61973","1485.03979","1150.34583","215.81677","1570.10083","981.66699","","","","8.42957","1525.40674","1060.60376","293.87527","1343.95874","874.73999","-63.07505","1341.92310","935.04767","145.93828","1228.15015","1033.72937","100.35008","1396.87598","855.78436","365.82959","1011.42920","850.16663","-139.88164","995.54327","930.28540","375.38049","826.56378","947.46118","-102.79128","821.07831","1072.83325","247.13300","881.33545","1010.98065","-1.56020","867.15131","1049.62524","91.36760","941.10516","814.56396","280.81845","485.14316","1082.03809","9.63120","432.49768","933.78839","296.87225","150.83118","1089.37976","-25.80093","174.00633","709.91473",NA,"P3",20,18
334,3.33,"125.35438","1486.61304","1159.23010","219.36507","1572.07849","991.12799","","","","10.68476","1526.99072","1068.77063","297.52563","1346.27271","885.30792","-59.65700","1344.64075","942.82690","148.12733","1231.08875","1042.95996","104.05726","1399.12354","863.87762","369.12912","1013.66870","860.95856","-136.52895","998.96570","936.23706","378.08151","828.64093","958.40607","-100.93126","822.69000","1077.97595","249.69647","884.72998","1021.81915","1.82433","869.42529","1058.23401","94.60926","943.34082","824.36469","282.74606","484.62955","1087.52844","12.57542","432.60785","951.18530","297.71347","150.78482","1091.19275","-23.46170","179.93332","721.15039",NA,"P3",20,18
335,3.34,"127.42419","1487.85205","1167.63025","223.01552","1574.53796","1001.69702","","","","13.15174","1528.50244","1076.74597","301.69507","1348.25684","895.46179","-56.49353","1347.17334","950.24615","150.53188","1233.71118","1051.88867","109.05556","1400.81714","873.18164","372.75769","1016.33472","871.95209","-132.24985","1001.32428","942.78760","380.66232","831.12927","969.09412","-99.37257","824.43896","1083.25952","252.73120","887.50922","1032.24585","4.30410","871.67316","1066.54382","98.07439","945.24078","832.86261","284.44519","484.62653","1093.40784","15.11343","432.78925","968.93591","298.01160","150.66707","1092.09717","-20.82637","186.01727","732.48468",NA,"P3",20,18
336,3.35,"128.60634","1489.00464","1176.63403","225.17075","1575.81165","1011.22180","","","","15.68232","1529.76013","1084.61060","304.77658","1350.55469","905.28809","-52.84830","1349.70996","957.40326","153.32108","1236.17664","1060.72278","112.46201","1402.76428","881.66406","376.30667","1018.44391","882.86206","-129.05397","1004.49805","948.30560","384.49689","834.17578","980.98932","-97.68468","826.11639","1088.70276","255.15991","890.13477","1041.69849","6.80051","873.97736","1074.24280","101.55467","947.29785","842.35553","286.20535","483.64871","1097.42566","18.44830","432.86343","987.32965","297.86572","150.04967","1093.21436","-18.58086","192.41310","746.15906",NA,"P3",20,18
337,3.36,"130.02917","1490.13013","1185.27405","227.54108","1576.90015","1020.93713","","","","17.34617","1531.55530","1092.47205","307.53571","1352.63025","914.27222","-49.75233","1352.04993","964.53613","155.45554","1238.29150","1070.21448","116.19370","1404.80615","890.21094","380.49982","1020.23401","893.08234","-125.54805","1007.30713","955.17096","387.11761","835.83710","992.86969","-96.12721","827.94666","1093.78137","258.45633","892.56958","1051.71960","9.03594","875.80231","1082.59656","105.61350","949.02802","850.38031","287.21182","482.84290","1101.48242","21.40059","433.11307","1005.54047","298.39102","149.76666","1093.73047","-15.61015","198.80313","759.14581",NA,"P3",20,18
338,3.37,"131.15367","1491.69226","1193.64990","229.75838","1578.51111","1030.24280","","","","18.76492","1533.13965","1100.36389","311.46381","1354.52307","924.42627","-46.69436","1354.12756","971.48633","157.55286","1240.65857","1079.21851","120.37152","1406.29724","898.74719","383.76114","1022.22400","904.27600","-122.70567","1009.49738","961.15973","389.83780","838.36053","1004.80524","-94.47134","829.32385","1099.33362","260.48621","893.29321","1061.34595","11.28448","876.70905","1089.95422","109.42269","951.05975","858.81488","287.81345","482.46918","1105.49146","24.97981","434.30173","1023.64478","299.09402","149.52849","1094.33435","-12.12889","204.65631","774.34875",NA,"P3",20,18
339,3.38,"132.39453","1492.80627","1202.65295","233.38571","1580.93713","1040.65979","","","","20.69760","1534.52673","1108.15295","314.67676","1355.87646","935.62695","-43.89041","1355.74963","978.59961","159.43091","1242.63477","1087.96411","123.12041","1407.95544","907.32813","387.32556","1023.76202","914.45898","-120.15303","1011.52496","966.93329","392.83008","840.29559","1016.23047","-93.00591","830.98047","1105.17041","262.48642","894.76129","1070.75439","12.91822","878.33118","1097.49341","113.39053","952.34741","867.79370","290.02322","482.60150","1108.98718","27.76273","435.74219","1042.67053","299.59314","149.60327","1094.80664","-8.16294","211.01376","790.63159",NA,"P3",20,18
340,3.39,"133.29297","1494.41125","1211.64441","","","","","","","22.59832","1535.93213","1115.87732","317.12024","1357.60730","946.18109","-41.41269","1357.71667","985.72852","160.92723","1244.16211","1096.79102","127.35483","1409.10437","919.42383","391.01321","1025.34338","926.51953","-117.75382","1013.37152","973.72186","395.96420","842.14246","1028.05969","-91.89893","832.49286","1111.61987","265.83728","895.59125","1081.14905","14.26625","880.27203","1104.44934","117.45298","953.53210","875.20258","291.44482","482.41208","1112.66602","30.81832","437.45193","1061.30359","299.79599","149.67931","1095.19812","-4.22984","216.19441","807.22601",NA,"P3",20,17
341,3.4,"133.93411","1495.85596","1219.79138","","","","","","","24.23248","1537.20459","1123.75415","320.22812","1358.98535","956.39752","-38.70658","1359.42212","992.67554","162.53862","1245.57288","1105.65540","130.68045","1410.30823","928.05255","395.14645","1026.92126","936.26331","-115.54114","1015.02734","980.11603","398.47598","844.38092","1040.01733","-88.79839","833.25903","1118.03137","267.51865","897.02551","1090.57910","15.54116","881.58124","1111.42297","120.69904","955.15399","883.01563","291.20624","482.26059","1116.01184","33.63726","440.24005","1080.10754","299.93668","149.75467","1095.19214","-0.32307","221.53098","824.41150",NA,"P3",20,17
342,3.41,"134.40422","1496.95923","1228.64795","","","","","","","25.69913","1538.79089","1131.39087","323.38364","1359.99939","966.35565","-36.69744","1360.55005","999.27454","163.78844","1246.72900","1114.16772","133.99854","1411.59485","936.31921","398.60406","1028.82031","948.00043","-113.43360","1016.28735","986.19238","401.84470","846.03162","1051.76135","-89.17583","835.53491","1124.13721","266.73071","894.99213","1097.73059","15.94275","883.37067","1118.50452","124.47916","955.92993","891.10291","292.73065","482.34863","1119.12341","35.95671","443.08261","1098.42542","300.17783","149.85954","1095.41064","4.04339","226.48631","841.14288",NA,"P3",20,17
343,3.42,"134.64777","1498.63000","1237.69775","","","","","","","26.70160","1539.92578","1139.17151","325.80435","1361.40210","977.28973","-34.11479","1361.90283","1006.33307","164.69456","1248.00647","1122.92944","136.54723","1413.29492","944.66986","401.74826","1029.97363","959.92657","-111.66403","1017.35797","992.17450","404.98477","848.06171","1064.17871","-88.19248","837.07367","1130.76233","267.64908","894.82678","1105.72388","16.66402","884.83185","1125.43176","127.80296","957.72778","898.14160","293.93677","482.25781","1122.10681","39.12960","446.14514","1116.80212","300.37515","149.68637","1096.03931","8.43543","231.72275","856.65314",NA,"P3",20,17
344,3.43,"135.09941","1499.66919","1246.44666","","","","","","","28.00282","1541.07825","1146.76062","328.11578","1362.08057","987.19312","-31.73778","1362.60718","1013.06219","165.44873","1248.79126","1131.58655","139.09909","1414.38940","952.70697","405.76947","1030.68665","971.56683","-109.16753","1018.28680","998.34070","408.02475","849.63245","1076.07764","-87.44966","838.60303","1137.80566","268.79492","895.80353","1114.75208","16.91810","886.27551","1132.37097","130.87244","958.38416","906.33563","295.21194","482.42560","1125.31360","41.24378","448.96304","1134.40515","300.74155","149.52034","1096.81970","13.79556","236.58984","871.78955",NA,"P3",20,17
345,3.44,"135.22473","1500.56750","1254.95703","","","","","","","29.20876","1541.83911","1154.44934","330.81946","1363.36743","998.04388","-30.03131","1363.99829","1020.14691","166.39902","1249.32776","1139.87683","142.23717","1415.66711","961.03143","408.63229","1032.36035","983.15289","-107.69735","1019.12665","1004.51794","410.92490","851.05182","1089.40918","-86.29057","840.15240","1144.32898","269.84924","896.18390","1122.72144","17.28535","887.47815","1138.99854","133.95987","959.41199","913.52563","296.56744","482.51761","1128.35681","42.94471","452.12744","1152.11951","300.80203","149.55835","1096.84106","19.27136","240.30070","888.00323",NA,"P3",20,17
346,3.45,"135.67505","1501.11975","1263.46802","246.14661","1590.32544","1113.16174","","","","29.58308","1543.18030","1162.15991","332.75952","1363.98596","1007.75214","-28.10149","1364.71667","1026.96790","167.01068","1250.13733","1148.32227","144.70418","1417.05811","969.28625","411.78271","1033.25085","994.70221","-106.23434","1020.46625","1010.25018","413.60852","853.06152","1101.49426","-85.39018","841.53265","1151.29309","270.87546","896.90216","1132.42749","18.04582","888.88727","1145.48718","136.57359","960.51398","920.57593","296.81732","481.86224","1131.29150","45.26197","455.13763","1168.53650","300.81320","149.53670","1097.55823","24.71462","243.20958","905.03851",NA,"P3",20,18
347,3.46,"135.58701","1501.66956","1271.86157","248.07184","1591.12732","1121.82043","","","","30.91827","1543.50171","1169.75940","334.77811","1365.05249","1018.12964","-26.27554","1365.69250","1033.56567","167.79135","1250.40942","1156.70508","146.89673","1417.63074","977.77295","414.97385","1034.90991","1007.94080","-104.06872","1020.99982","1016.32465","416.89581","854.77667","1114.25098","-84.66322","842.96344","1158.10852","271.10568","897.68896","1140.61963","18.85574","889.91785","1151.91980","139.41626","961.50269","928.70648","298.12494","480.54706","1134.79272","46.51137","459.05466","1185.34668","300.75488","149.45480","1098.50659","30.78260","245.32158","923.36371",NA,"P3",20,18
348,3.47,"135.54982","1501.96814","1280.55347","249.18565","1591.85632","1131.60876","","","","31.89728","1543.85046","1177.33057","336.43320","1365.45386","1027.66345","-24.40236","1366.39526","1040.45276","168.15288","1250.79578","1164.99878","149.37241","1418.89075","986.25751","418.17807","1035.30676","1019.85620","-102.32150","1021.42352","1021.12488","419.83389","856.15582","1126.92896","-84.38843","844.43347","1164.73474","272.09085","898.14020","1149.14661","20.11896","891.58575","1158.44531","141.49063","962.33521","936.01587","298.21786","480.83350","1137.72668","47.93000","463.26224","1201.92114","300.61444","149.81444","1099.52954","36.31110","246.22992","941.62097",NA,"P3",20,18
349,3.48,"135.47064","1502.35144","1288.94666","250.59251","1592.42920","1140.00208","","","","32.46353","1544.49072","1184.94812","338.48099","1366.59668","1037.40125","-22.68936","1367.66333","1047.18750","168.90231","1251.07166","1173.04724","151.64893","1419.61218","994.32819","420.73288","1036.48059","1031.63892","-100.04172","1022.72211","1027.74524","422.05032","857.71967","1139.62988","-84.39581","845.74561","1171.84778","273.54855","898.84521","1156.53027","20.78506","893.43738","1164.81641","143.15514","963.50055","943.45886","298.83084","480.61252","1141.62024","48.83426","466.94577","1217.80627","300.99481","149.93187","1100.99512","41.47377","246.07448","961.40009",NA,"P3",20,18
350,3.49,"134.49782","1502.83472","1297.35413","","","","","","","33.39935","1545.08240","1192.58630","340.28488","1366.63928","1047.78479","-20.73221","1368.16492","1053.68152","169.73485","1251.69128","1180.93835","153.85756","1420.69263","1003.16815","423.29715","1037.08447","1043.23999","-98.69109","1023.34424","1033.16479","425.03784","859.03857","1152.51660","-84.12981","847.45502","1178.85181","274.11145","899.30865","1165.66541","22.17531","895.08569","1171.04028","145.04280","964.33313","950.99390","298.88126","480.19501","1145.48572","49.13034","472.40274","1234.12598","300.67804","149.84369","1101.69360","46.75262","245.45454","981.38708",NA,"P3",20,17
351,3.5,"134.39131","1502.63049","1305.72546","252.59842","1593.07263","1159.21863","","","","33.50735","1545.71289","1200.13916","341.43460","1367.26160","1057.87415","-19.26096","1368.68506","1060.88306","170.15259","1251.61609","1189.44385","155.84438","1421.14307","1011.69128","426.15979","1038.57117","1055.75537","-97.04282","1023.57971","1038.98425","426.22864","860.45605","1164.98364","-83.70415","848.46283","1185.53430","275.02005","899.39093","1172.93176","23.71438","896.20605","1177.91382","147.37946","965.17499","958.28979","298.78589","479.30402","1149.23694","49.58913","476.08798","1249.64294","300.68246","149.97514","1103.07556","52.18356","243.19456","1002.05042",NA,"P3",20,18
352,3.51,"133.79189","1503.12158","1314.28625","253.37054","1593.54065","1169.83289","","","","33.83665","1546.09155","1207.81152","342.42966","1367.25354","1067.77039","-17.51578","1369.70996","1067.59485","170.05070","1252.17603","1197.43933","157.91284","1421.90674","1020.27991","428.57144","1039.15234","1067.74292","-95.41374","1025.06335","1045.09924","429.24246","861.88641","1178.20276","-84.09335","849.84021","1192.25183","276.07721","900.02222","1181.39929","24.12078","897.58069","1184.09485","149.55818","965.49683","966.55219","298.93799","479.50537","1152.88342","49.64144","480.00812","1264.26013","299.88007","149.97353","1104.20728","56.80542","240.83734","1023.52502",NA,"P3",20,18
353,3.52,"133.41188","1503.19397","1322.53198","","","","","","","34.45678","1546.27905","1215.47571","344.59662","1368.46252","1077.91406","-16.23148","1370.21460","1074.73364","170.87419","1252.77380","1205.48438","159.54083","1422.55505","1028.65027","430.99246","1039.98657","1079.52295","-93.86639","1025.69080","1051.08789","430.71976","863.26483","1190.95679","-84.30683","850.87158","1199.48096","277.76620","900.56085","1190.35400","25.37522","898.63605","1190.88916","150.84599","966.27728","973.68823","299.78351","479.34293","1155.88269","49.48523","484.23355","1278.96082","299.05664","150.27028","1105.78540","61.42003","237.31776","1044.92151",NA,"P3",20,17
354,3.53,"132.32317","1503.37512","1331.13062","254.86060","1590.90503","1183.22937","","","","34.33298","1546.87524","1223.10583","345.64828","1368.38489","1087.64197","-14.70253","1370.60754","1081.53833","170.76173","1253.08142","1214.45276","161.02963","1422.63867","1037.17200","433.33109","1040.78955","1091.87512","-92.81337","1026.52478","1057.48474","432.96841","864.71729","1203.15430","-84.61686","851.89587","1206.71021","279.61548","900.68848","1198.79199","26.41115","899.43628","1197.55286","152.24808","966.75549","980.88135","299.38464","478.42215","1158.50085","49.32705","487.56314","1292.57727","298.83014","150.02798","1106.67407","65.19297","233.51921","1066.98083",NA,"P3",20,18
355,3.54,"131.63710","1503.29602","1339.63696","256.22714","1593.28503","1198.66431","","","","34.75111","1547.13281","1230.66760","346.76544","1369.20728","1097.43506","-13.20320","1371.35254","1088.42639","171.20308","1252.97278","1222.52429","163.50031","1422.95862","1045.96826","435.48294","1041.34045","1103.60535","-91.31628","1026.80139","1063.83228","434.91196","865.12115","1216.22266","-85.05069","852.53601","1212.99805","279.70413","899.55225","1206.09753","26.98713","900.12561","1204.17261","154.10294","966.76611","988.44189","299.48956","478.53918","1162.29956","48.06319","491.62198","1306.37183","298.37469","149.48259","1107.58899","68.83253","228.46869","1089.36072",NA,"P3",20,18
356,3.55,"130.71780","1503.77014","1348.30969","255.84207","1593.74243","1207.81104","","","","34.89721","1546.90552","1238.35486","347.71292","1368.68115","1107.14343","-12.07569","1371.32727","1095.94275","171.57935","1253.19580","1230.70691","164.32228","1423.75256","1053.33679","436.50070","1041.64136","1114.88977","-90.61443","1026.92212","1070.19299","436.63730","866.71588","1228.78442","-85.63261","853.47314","1219.95630","279.09079","898.29144","1213.17517","27.61629","901.30878","1211.11365","155.67851","966.83215","996.38947","298.90796","477.41321","1165.39221","47.98470","494.34827","1318.49353","297.32648","149.64029","1108.96167","71.50558","223.60835","1113.44617",NA,"P3",20,18
357,3.56,"130.06602","1503.46277","1357.03210","255.81883","1593.14087","1216.07214","","","","34.63118","1547.04749","1246.01331","348.36978","1368.75940","1116.95581","-10.88724","1371.54248","1102.87195","171.29713","1253.34338","1239.11133","166.07880","1423.56812","1062.44580","438.93124","1042.31604","1126.77356","-89.00114","1027.20630","1077.34387","436.41644","867.05701","1242.42078","-86.46674","853.97168","1227.35486","280.14813","897.94434","1221.99548","27.98950","901.55811","1217.78406","157.62675","966.83948","1003.29657","298.60980","476.93399","1168.48083","46.86256","496.95392","1330.31213","297.25964","150.02275","1109.92432","74.34618","217.43449","1136.64917",NA,"P3",20,18
358,3.57,"128.12083","1502.61414","1364.30493","256.27094","1593.45422","1225.76892","","","","34.82846","1546.72717","1253.75610","349.91119","1369.70178","1126.83069","-9.64620","1371.23889","1110.13916","171.82364","1252.92480","1247.63831","166.74377","1423.24353","1071.19360","440.43515","1043.05847","1138.60083","-88.01405","1027.50049","1084.01318","437.96387","868.43939","1254.15332","-87.12487","854.35486","1234.72424","281.05176","898.19922","1230.51721","28.36879","901.22528","1224.86035","159.46017","966.52130","1011.07690","298.16544","476.43176","1171.92432","45.61544","499.86917","1341.66052","296.99347","150.10764","1110.08545","76.60509","210.96539","1161.40796",NA,"P3",20,18
359,3.58,"127.22591","1502.42944","1372.06921","256.97552","1592.83740","1235.41284","","","","34.45775","1546.70422","1261.47302","350.87439","1369.81421","1137.59521","-9.06995","1371.40198","1118.02600","171.87613","1252.47998","1256.10791","168.20825","1423.42175","1079.64087","442.26108","1043.75671","1149.55151","-87.06657","1026.84595","1090.95984","440.06345","869.55774","1266.41516","-87.58820","854.15173","1240.96790","282.40112","897.25085","1238.97437","28.18252","901.92914","1231.71155","161.03951","967.22729","1018.81635","298.44806","476.05560","1174.84412","43.36847","502.60184","1352.62500","296.55362","150.06003","1110.49451","77.63850","205.03256","1187.54602",NA,"P3",20,18
360,3.59,"125.87696","1502.39551","1381.04187","256.59958","1592.90356","1246.17969","","","","34.54593","1546.30896","1269.27771","351.19785","1369.56030","1146.90259","-8.07900","1371.36353","1125.35999","172.17543","1251.87866","1264.82520","169.39534","1423.21277","1088.59424","443.79913","1044.01514","1161.57056","-86.79666","1027.11963","1097.60925","440.98941","870.43549","1278.49512","-88.46480","854.19220","1247.75610","281.82095","896.22406","1247.46423","28.93627","901.48151","1238.93091","161.50980","966.17505","1026.54309","297.57681","475.39944","1178.33618","41.63815","504.27573","1362.43616","296.13763","149.96614","1111.66077","78.74261","198.42699","1213.40674",NA,"P3",20,18
361,3.6,"125.46066","1501.85889","1388.69446","256.21072","1592.42822","1253.64783","","","","34.04123","1546.16711","1277.12622","351.93402","1369.56555","1157.57922","-7.17400","1370.72302","1133.09558","171.68869","1251.31152","1272.81226","170.41724","1423.23474","1097.31299","444.89832","1043.79065","1173.11011","-85.90526","1026.78809","1104.95520","441.56418","871.51538","1290.73755","-89.03819","853.92651","1255.15942","281.96115","894.97101","1254.93909","28.30664","901.55072","1246.36267","163.11972","965.90503","1034.52026","297.49707","475.36465","1181.54041","42.20001","505.25912","1371.93311","295.82767","150.09659","1112.65796","79.54460","192.04916","1239.98340",NA,"P3",20,18
362,3.61,"124.50314","1501.90686","1398.16626","256.45215","1591.73730","1261.90552","","","","33.59501","1545.64929","1285.20874","352.49661","1369.11487","1167.63342","-6.90787","1370.19934","1141.27063","171.86732","1250.68677","1281.63708","171.24687","1423.00024","1106.26904","445.39151","1044.08533","1183.76306","-85.72258","1026.63147","1111.91724","442.78806","871.57800","1302.63550","-89.99403","853.78241","1262.37402","281.63541","893.95660","1263.10364","28.18728","901.04987","1253.51904","164.58049","966.09766","1041.23669","296.91782","474.10809","1184.48157","40.70408","506.78830","1380.38586","295.31229","150.22006","1113.40918","79.49017","186.00735","1266.74866",NA,"P3",20,18
363,3.62,"123.11450","1501.23022","1406.53406","256.20557","1591.75732","1273.48511","","","","33.59113","1545.12390","1293.20264","352.79492","1369.35583","1176.88440","-6.19368","1369.77258","1149.30347","171.65141","1250.13928","1290.49402","171.56648","1422.23413","1114.59619","446.56750","1044.15405","1196.34497","-85.01612","1025.94983","1117.74744","443.17212","872.75623","1314.90369","-90.90992","853.04114","1269.21460","280.66647","892.75159","1271.30566","28.24547","900.58728","1260.83044","165.92844","965.65155","1048.93848","297.71198","474.33243","1187.99670","39.21381","507.15216","1389.23645","295.13605","150.22478","1113.62488","78.46223","180.42618","1294.10962",NA,"P3",20,18
364,3.63,"122.13030","1500.47742","1414.89148","255.73419","1591.05188","1282.47546","","","","32.81122","1544.97705","1301.12170","352.66730","1368.99231","1187.02869","-5.94070","1369.18311","1157.43604","171.13669","1249.52490","1298.70044","172.52672","1421.85034","1123.61487","446.84109","1044.17444","1206.81592","-84.86176","1025.35205","1126.68445","443.26648","872.90759","1326.88416","-90.94328","852.12952","1275.83923","280.83304","892.44598","1279.42236","27.63008","900.15729","1268.74487","167.51135","965.60370","1057.13843","297.76810","474.30591","1191.77637","38.61946","507.32959","1397.01550","295.01157","150.65376","1114.42432","77.02927","175.28859","1322.24561",NA,"P3",20,18
365,3.64,"121.22288","1500.28906","1424.32825","255.41557","1589.55005","1289.50415","","","","32.30199","1544.30554","1309.33813","352.86282","1368.41711","1196.64734","-5.87848","1368.68091","1165.39148","171.37775","1248.44250","1307.48071","172.97488","1421.37646","1132.43237","447.83301","1044.28967","1218.60461","-84.70172","1024.62549","1133.73059","443.13052","873.99835","1338.98779","-92.58307","851.57928","1283.28870","280.35007","891.99023","1288.39282","27.34607","899.69055","1276.54041","167.44379","964.91705","1065.28601","296.99213","473.69296","1194.69897","39.70324","506.24393","1404.18848","294.89670","151.02118","1115.91589","76.21621","170.76625","1348.90845",NA,"P3",20,18
366,3.65,"119.93245","1499.13623","1432.58704","254.84583","1589.81763","1299.51257","","","","31.72190","1543.58398","1317.61047","352.78986","1368.16528","1206.85767","-5.54387","1367.71875","1173.53577","171.15343","1247.74207","1316.32019","172.71840","1420.94019","1141.13550","447.71698","1043.96765","1228.54407","-83.87955","1023.68030","1141.64294","443.44104","873.87781","1350.56824","-92.98552","850.47131","1290.25830","279.11710","891.38306","1297.99780","26.51379","899.11548","1284.27795","168.11694","964.57410","1073.35046","297.03802","473.04495","1198.60095","38.34770","505.54901","1411.20764","294.93549","151.31468","1116.49133","73.12551","167.73557","1375.99121",NA,"P3",20,18
367,3.66,"119.20113","1499.26807","1441.10706","254.56982","1588.78931","1309.44885","","","","31.11455","1542.97083","1325.82080","352.81921","1367.57129","1216.63330","-5.53420","1366.82312","1181.80554","170.60217","1246.51038","1324.71509","172.95033","1419.70496","1149.67798","448.32269","1043.46558","1240.68323","-84.14766","1022.99231","1149.35083","442.65625","874.62561","1362.16943","-93.72633","849.11530","1297.00269","279.49908","890.32184","1306.00146","25.87353","898.54169","1293.02356","168.34219","963.16364","1083.69202","296.95987","472.46353","1202.30859","38.34493","504.28030","1418.20178","294.73541","151.48293","1117.91064","70.16859","165.36903","1402.14331",NA,"P3",20,18
368,3.67,"117.78089","1498.26196","1450.40857","253.82588","1587.57910","1317.26770","","","","30.65104","1541.84863","1334.36096","352.54074","1367.08008","1225.69507","-5.84047","1365.76477","1190.13733","170.12662","1245.94678","1333.91284","172.74327","1418.97949","1159.21423","447.91226","1043.09900","1250.73230","-84.25750","1022.29468","1156.37219","442.78543","874.18689","1374.11426","-95.00148","848.30817","1304.20068","278.69543","889.42645","1314.94019","25.33864","897.71814","1301.36169","169.31303","962.59241","1092.45947","296.94998","472.41760","1206.95117","38.35201","502.61816","1424.88892","294.67355","151.70656","1118.43506","67.44711","163.91183","1427.66748",NA,"P3",20,18
369,3.68,"117.09850","1497.23804","1458.68445","253.31709","1586.08533","1326.54529","","","","29.32421","1541.48450","1342.80774","352.03302","1366.44385","1235.41211","-5.90393","1364.62073","1198.51855","169.38062","1245.00598","1342.46619","172.21869","1418.13086","1167.76050","448.47507","1042.63916","1262.23181","-83.80774","1020.85132","1165.24146","442.26486","874.47278","1385.43823","-95.97505","846.88379","1312.13318","279.31769","888.68402","1323.78943","24.56719","897.28101","1310.53857","168.99622","961.34393","1101.24768","295.92493","471.56451","1210.98584","37.75187","501.08557","1431.50708","294.64648","151.83835","1119.76428","63.48149","163.30705","1452.26697",NA,"P3",20,18
370,3.69,"115.89406","1496.72546","1467.60669","252.31219","1585.49573","1336.05591","","","","28.73856","1540.26379","1351.30017","351.35718","1365.36670","1244.94043","-6.22594","1363.35022","1206.83801","168.64857","1243.91687","1351.38293","172.26643","1416.85645","1176.82434","447.86176","1042.02368","1272.70007","-83.93452","1020.09381","1172.80139","441.25208","874.61646","1396.60022","-96.97858","845.45636","1319.69702","278.41525","888.43488","1333.04114","24.37190","896.46442","1319.47668","169.69044","960.58185","1109.35901","296.14566","471.11002","1215.87891","38.82264","499.37256","1437.92542","294.84018","152.96046","1121.15552","59.87595","163.44075","1475.45691",NA,"P3",20,18
371,3.7,"114.59157","1495.28687","1476.05566","251.48618","1583.48669","1344.04602","","","","27.80576","1539.06665","1359.89685","350.48831","1364.35815","1254.60168","-6.77816","1361.99219","1215.26746","168.07887","1242.75623","1360.38318","171.45056","1415.42822","1185.40295","446.92615","1041.30615","1283.05273","-84.44469","1018.91278","1180.69312","440.03497","874.19055","1408.11316","-98.07465","843.75043","1328.07263","278.49420","886.90436","1342.55164","23.99943","894.74664","1328.97876","170.03503","959.63135","1118.30103","295.84802","470.83472","1220.56140","38.17032","497.56900","1444.19067","294.22394","153.63853","1121.45898","56.33837","164.18588","1497.40454",NA,"P3",20,18
372,3.71,"113.77827","1494.26172","1484.43774","250.90744","1582.33289","1352.93921","","","","26.98579","1537.89026","1368.94128","349.99057","1363.06860","1263.58228","-7.25311","1360.67419","1223.55017","167.28481","1241.23584","1369.21423","171.10457","1414.24817","1194.65320","446.35797","1039.96631","1293.14929","-84.45992","1016.96368","1188.71069","439.25504","873.56329","1419.24622","-99.58781","842.30988","1333.50146","278.31223","885.72729","1350.83154","23.59037","893.58569","1338.63135","168.84724","957.71741","1129.10388","296.17737","469.52957","1226.65955","37.87838","495.23978","1450.16431","293.81241","153.84583","1122.39075","52.97527","165.21288","1517.41321",NA,"P3",20,18
373,3.72,"112.23942","1493.62195","1494.46082","249.87567","1581.21423","1361.98975","","","","26.00882","1536.46204","1377.64087","349.72867","1362.26709","1273.13745","-8.11827","1359.30603","1231.92322","166.19063","1240.28162","1378.33252","170.16975","1412.82739","1203.06335","445.17477","1038.81409","1303.50317","-84.98199","1015.30054","1196.57288","437.60046","873.24506","1429.90210","-101.25218","840.87366","1340.90759","278.21213","884.58264","1359.88647","23.88362","892.03558","1348.16040","168.71898","956.11523","1137.87354","296.44211","469.47375","1232.50598","36.25785","493.11444","1456.30200","294.21274","154.65926","1123.75244","50.20216","166.44684","1535.85779",NA,"P3",20,18
374,3.73,"110.90973","1492.48608","1502.47083","248.97168","1579.82520","1370.35889","","","","24.60858","1535.62134","1386.88281","348.48984","1361.26392","1281.61792","-8.88312","1357.45764","1240.48157","165.17694","1239.30396","1387.57544","169.11377","1411.22937","1211.81287","444.68585","1037.83386","1313.81165","-85.68055","1013.98285","1204.39307","437.08362","872.33966","1440.72034","-102.59174","839.04993","1348.37732","278.18610","883.30975","1369.05347","24.47107","889.95941","1357.94324","167.91057","954.75037","1147.47717","296.15750","468.96500","1238.81250","34.89924","491.05078","1462.91870","294.07767","155.15813","1124.67236","47.55941","167.32549","1552.04749",NA,"P3",20,18
375,3.74,"109.96454","1491.14734","1511.44727","248.20615","1578.97400","1379.38342","","","","24.03056","1534.39014","1394.62280","347.33032","1359.26855","1291.57068","-9.97917","1355.98779","1249.06372","164.10829","1238.17749","1396.86035","168.32623","1409.38013","1220.76489","443.66525","1036.75403","1324.08533","-86.37955","1012.57092","1213.12109","436.69931","872.59338","1451.42236","-103.59986","836.89368","1355.96021","277.79752","881.75665","1378.36243","23.81087","888.19629","1368.05481","167.16830","953.12262","1157.05847","295.67062","467.44672","1244.79675","33.16395","489.11279","1470.44092","294.20969","156.58545","1126.55933","44.66499","168.05443","1566.67700",NA,"P3",20,18
376,3.75,"108.82139","1490.30249","1520.76843","246.53973","1577.55225","1388.40869","","","","22.78492","1533.42432","1403.49573","346.44357","1358.42163","1300.06628","-10.89198","1354.24292","1257.78613","162.62573","1236.97815","1405.98560","167.25227","1407.91724","1229.72412","442.39206","1034.95325","1334.64856","-87.20829","1010.73871","1221.47546","435.04367","871.00232","1462.58765","-104.97836","834.87372","1363.69421","277.82193","880.35272","1388.29688","24.10604","886.28278","1378.12402","166.00873","951.91193","1166.58606","295.58661","466.79800","1250.83813","31.85942","487.60666","1478.38049","294.64154","157.25900","1127.70447","42.18383","168.14374","1579.36560",NA,"P3",20,18
377,3.76,"107.23565","1488.94312","1529.43640","245.56810","1576.35876","1397.16443","","","","21.37613","1532.49487","1412.56836","344.92447","1356.60864","1309.42725","-11.98155","1352.69873","1266.53760","160.96881","1235.66614","1415.38293","166.31621","1406.25989","1238.50159","440.85190","1034.17017","1343.96533","-87.97620","1008.88312","1229.54749","432.68094","869.91797","1471.68005","-106.44741","832.86707","1371.64001","277.72681","878.56256","1398.47729","23.89136","883.98932","1388.22815","164.54819","950.26874","1176.60852","295.00793","465.96198","1257.83533","29.84701","486.48395","1487.25879","294.83170","158.22714","1129.79956","39.88198","167.77754","1589.95862",NA,"P3",20,18
378,3.77,"105.88308","1487.99512","1538.13232","244.35217","1574.84375","1405.86023","","","","20.61596","1530.23828","1420.76331","344.05365","1355.24951","1318.53760","-13.45538","1351.31604","1275.41223","159.93144","1234.64221","1424.43030","164.91560","1405.33630","1247.61963","438.74597","1031.90845","1353.82983","-88.99859","1007.45605","1238.58496","431.01941","869.17419","1482.23779","-107.81211","831.03522","1379.48340","277.72208","876.60065","1408.47021","23.10596","882.75781","1398.38770","163.30371","948.49799","1186.74304","294.92645","464.90887","1264.33374","29.20891","485.11456","1496.61951","294.88998","159.57089","1130.88489","38.06826","166.00330","1598.53003",NA,"P3",20,18
379,3.78,"105.20817","1487.21277","1546.97778","243.03777","1573.72498","1414.99780","","","","19.24985","1529.91150","1429.12097","342.88885","1353.72888","1327.33923","-14.80458","1349.63574","1284.40942","158.49608","1233.18774","1434.18896","163.46785","1404.11450","1256.54272","437.11969","1030.74365","1362.86060","-90.07321","1006.42456","1247.33655","429.08435","868.22400","1492.38806","-109.00555","829.07813","1387.38074","276.52322","876.33978","1419.96277","22.57887","881.17755","1408.73145","161.36139","947.43707","1195.64893","295.37302","465.32156","1272.10950","27.60713","484.38260","1506.89197","294.95950","160.68239","1132.82629","36.00034","163.83664","1604.65442",NA,"P3",20,18
380,3.79,"103.32887","1486.33191","1555.37842","241.90489","1572.53784","1424.09778","","","","17.65348","1529.77673","1438.95740","340.88019","1352.33069","1336.64124","-16.14957","1348.13684","1293.53455","156.84509","1232.69727","1443.68127","161.13594","1402.61377","1265.28491","434.97760","1029.17529","1372.69324","-91.25849","1004.43280","1255.77527","427.18954","866.35797","1502.14063","-110.24043","826.96759","1395.63684","276.26431","874.23230","1429.35681","21.65730","880.58966","1419.01318","160.41008","946.26099","1205.87231","294.87076","464.40622","1278.67920","26.19957","483.97284","1517.63611","295.61423","162.49796","1135.02258","34.81959","160.57062","1609.39160",NA,"P3",20,18
381,3.8,"101.75007","1485.76563","1564.78723","240.96080","1571.32666","1431.26831","","","","15.97173","1528.51538","1447.84436","339.35632","1351.27332","1347.31421","-17.79123","1346.76648","1302.66956","155.68660","1231.86975","1454.45496","160.04561","1401.87073","1275.80261","432.93118","1027.55505","1382.06299","-91.99644","1002.95642","1265.54187","424.36636","865.22882","1511.54126","-111.82626","825.18213","1403.76111","274.79932","873.22833","1441.24719","20.16446","879.81372","1430.00439","158.52710","945.37738","1215.62231","293.04651","463.40396","1286.86072","25.78951","482.57816","1528.64685","295.78275","164.77254","1137.42761","34.61729","157.48590","1612.06433",NA,"P3",20,18
382,3.81,"100.54678","1484.77771","1573.48315","239.41255","1570.44373","1441.26697","","","","14.56742","1527.89001","1457.63269","338.52777","1350.39063","1355.22095","-19.55132","1345.63245","1311.65869","154.16212","1230.73376","1463.20862","158.45909","1399.91821","1284.53845","430.54227","1026.72986","1390.79602","-93.35821","1002.03363","1274.45557","422.15070","864.35956","1520.84204","-113.25507","823.55731","1412.32825","273.19550","871.38031","1450.43054","17.84425","880.17249","1440.93933","158.26524","944.13446","1226.07886","293.00177","463.37579","1294.76892","24.41559","481.79486","1539.35168","295.91318","166.79282","1140.02515","34.46627","154.17703","1616.19788",NA,"P3",20,18
383,3.82,"99.38711","1484.35010","1582.06970","237.53870","1569.63184","1450.24536","","","","13.46048","1526.77917","1465.08142","336.96201","1349.48584","1365.05994","-21.12083","1344.69104","1320.67285","152.08102","1230.69788","1473.62109","156.11031","1398.98718","1293.01306","428.39935","1024.61572","1400.64331","-94.94890","1000.79926","1283.21118","419.49744","863.64124","1530.30481","-114.67592","821.76978","1420.77344","271.40930","871.13495","1461.87207","15.95411","880.13708","1452.01477","156.78487","943.41156","1238.00879","292.47574","463.71991","1303.35315","24.12082","478.95380","1545.83679","295.73544","168.57939","1141.44495","34.82126","152.72685","1622.00012",NA,"P3",20,18
384,3.83,"97.96107","1484.04211","1592.37305","236.34077","1569.59949","1458.81116","","","","12.35271","1527.02161","1474.13953","334.84119","1348.26221","1375.38086","-22.74551","1343.85217","1329.61975","150.12852","1230.17297","1482.55347","155.07196","1398.30774","1302.69922","426.16696","1023.77563","1409.02649","-96.05510","999.91547","1293.55664","416.45728","861.85370","1539.21155","-116.15873","820.53333","1429.28296","267.90930","869.82770","1471.98047","13.91525","880.09442","1462.81702","155.46674","941.97699","1248.90808","290.17014","462.09039","1312.92432","22.95843","477.69812","1556.34326","295.95703","171.30122","1145.31726","35.34593","151.87764","1627.74280",NA,"P3",20,18
385,3.84,"96.16145","1484.30676","1600.59436","235.00830","1568.99084","1467.60254","","","","10.34921","1526.72888","1483.39954","333.31351","1347.53967","1384.00513","-24.30280","1343.17847","1338.52979","148.22659","1230.14954","1492.72705","154.65379","1397.90271","1312.35986","422.98059","1022.65448","1417.96301","-97.56413","998.57751","1302.21191","414.02365","861.26483","1548.10205","-117.30972","819.28314","1437.78650","267.36188","869.42047","1483.62561","11.05767","881.14282","1474.33350","154.72884","941.24054","1259.72522","290.30496","462.10065","1322.76904","21.94420","476.31516","1563.46411","295.60007","174.37309","1149.30298","35.85858","150.33716","1632.89648",NA,"P3",20,18
386,3.85,"94.58984","1484.45654","1610.59558","233.58783","1569.31567","1476.66760","","","","8.93636","1527.58862","1493.43481","331.88675","1347.71863","1394.15906","-26.00199","1342.95691","1347.19946","145.89970","1230.96326","1503.31189","153.06615","1397.64575","1321.68835","420.39627","1021.67120","1427.27002","-98.90658","998.81628","1312.24854","410.65628","859.76855","1556.85059","-118.81084","818.33691","1446.48816","264.11029","868.50732","1494.77002","8.74458","879.88098","1480.58435","152.02039","940.52216","1271.14526","287.97211","461.63397","1334.93323","21.12311","477.02087","1572.90930","295.49780","178.13855","1153.52283","35.92799","148.90457","1636.73804",NA,"P3",20,18
387,3.86,"92.82394","1484.96521","1619.29858","231.49016","1570.07935","1486.73523","","","","7.23170","1527.46484","1502.12024","330.15317","1347.95898","1403.50732","-27.84117","1343.03601","1356.20520","143.60101","1231.92908","1512.39905","151.28111","1398.05591","1331.00879","417.75812","1021.41302","1435.79504","-100.62350","998.27496","1321.53748","407.77594","859.64734","1564.44812","-119.67140","817.79968","1455.16687","261.48792","869.12610","1506.67493","6.49700","880.84015","1490.01196","150.91997","940.83008","1282.65967","286.53745","462.01093","1346.46130","19.90098","478.71741","1582.77319","295.25922","181.86955","1158.34680","35.82672","147.88063","1640.76440",NA,"P3",20,18
388,3.87,"91.32358","1485.92896","1628.30310","229.95055","1570.64026","1495.16296","","","","5.56454","1529.51611","1511.71545","329.32742","1348.08105","1411.61047","-29.58985","1343.44556","1365.11572","141.68985","1232.95996","1521.88879","149.66544","1398.72034","1339.91711","414.68216","1021.43567","1444.50427","-101.31742","998.49127","1331.15967","404.80807","858.08575","1572.28198","-121.01121","817.72699","1463.87427","258.44675","870.50732","1519.49011","3.19370","883.25641","1502.98718","150.68536","941.32800","1293.79700","285.63242","461.05145","1360.53540","19.85949","479.68457","1592.27795","294.75403","186.01538","1164.54858","35.07679","148.06915","1643.42505",NA,"P3",20,18
389,3.88,"89.90378","1486.75098","1637.96448","228.76576","1571.84448","1504.84216","","","","3.54869","1530.09412","1520.47278","326.59576","1348.69678","1422.09387","-31.52168","1344.62207","1373.79065","139.21223","1234.88086","1531.84595","147.93529","1399.76196","1349.47668","411.53152","1021.63281","1453.36316","-102.90694","999.59595","1341.16357","401.36539","857.57971","1580.19641","-122.67556","818.15778","1472.87427","255.79788","870.14838","1531.11145","-0.53780","885.32947","1513.98267","149.92642","942.32196","1305.08704","284.37982","460.51974","1375.51123","18.32190","481.69919","1603.78845","293.82077","190.40117","1171.11609","34.54703","147.60776","1646.00928",NA,"P3",20,18
390,3.89,"87.91630","1488.16284","1646.49951","","","","","","","2.52154","1532.28796","1530.07129","325.07556","1350.03833","1431.52112","-33.08303","1345.80310","1382.68457","137.36948","1237.02197","1541.98145","146.50279","1400.92517","1358.33081","408.44131","1022.08832","1461.74817","-104.37289","1000.27283","1350.77588","398.27182","857.14368","1587.13525","-123.98909","819.00385","1481.85730","250.36369","871.37097","1541.71802","-2.41042","886.83856","1524.62988","148.49487","943.49933","1316.19165","284.41751","460.08005","1391.14783","16.57876","481.22125","1611.46204","292.68430","196.12531","1178.87378","34.46135","147.54692","1648.43213",NA,"P3",20,17
391,3.9,"86.53680","1489.82715","1656.38342","225.51866","1575.07507","1522.88611","","","","0.41334","1533.41833","1539.01807","323.22638","1351.74817","1440.61096","-34.84184","1347.63440","1391.36182","135.22810","1239.40417","1551.86182","144.80795","1402.58459","1367.76501","405.00858","1023.12323","1470.02380","-105.69267","1002.42432","1360.44556","394.81885","857.85999","1595.38586","-124.60468","819.97394","1490.86658","247.33034","872.37195","1551.98547","-5.01402","888.16608","1533.38171","146.86008","945.54028","1326.85059","283.51242","458.76129","1408.55786","14.95860","481.99100","1619.71582","291.61224","201.04936","1188.46570","33.91098","147.69405","1650.61230",NA,"P3",20,18
392,3.91,"84.35220","1491.09509","1662.77026","223.81720","1576.55237","1532.15271","","","","-0.92153","1535.77368","1548.00781","321.59406","1353.50305","1449.77209","-36.57412","1349.43604","1400.28442","132.89116","1241.77576","1560.64880","143.12276","1404.20068","1376.83569","401.87091","1024.62744","1478.38818","-106.90829","1004.69354","1370.30579","390.71600","857.98920","1602.03040","-126.10537","820.60675","1497.24805","244.62650","873.79083","1562.53210","-6.69305","891.56329","1542.47876","145.41016","947.09698","1337.60449","283.87714","458.41998","1426.58130","13.27797","482.30353","1625.86902","290.72021","207.37099","1198.43079","33.46349","147.95325","1651.66113",NA,"P3",20,18
393,3.92,"83.15128","1492.65381","1671.84485","222.09743","1578.39526","1540.98682","","","","-2.88962","1537.04578","1557.62708","320.07419","1355.90735","1459.78186","-38.30758","1351.98901","1407.80762","131.20361","1244.08276","1569.99036","141.68852","1406.90576","1382.69824","398.29178","1026.07703","1486.67920","-107.99236","1006.61548","1379.23596","387.49664","858.24103","1608.98743","-127.37907","822.73187","1506.82043","244.05055","876.59680","1575.19409","-8.58187","892.77771","1551.15771","144.24858","948.86401","1347.07617","283.43915","457.73978","1445.99170","11.00725","484.06458","1631.77905","289.91565","213.25670","1210.66162","32.60228","147.59514","1654.29224",NA,"P3",20,18
394,3.93,"81.22787","1494.04883","1681.27173","220.66116","1579.80164","1550.22205","","","","-4.09529","1539.26538","1565.99048","317.98166","1357.87048","1468.31921","-39.96618","1353.93030","1417.17859","128.49588","1246.60815","1579.69775","140.15471","1408.58911","1392.41199","394.43729","1028.00916","1494.92822","-109.25211","1009.30231","1389.45190","383.38452","859.41840","1616.05017","-128.87056","825.29169","1516.40540","239.12225","878.10675","1584.22266","-11.17884","895.66241","1561.14856","143.72282","951.59912","1356.39063","283.85126","457.79520","1466.06274","8.82899","484.91324","1636.93750","288.52585","220.02428","1223.19458","32.16498","147.48494","1655.16516",NA,"P3",20,18
395,3.94,"79.78704","1495.56396","1689.17175","218.81560","1581.58411","1559.55481","","","","-5.80039","1541.00989","1575.22034","316.36206","1360.28796","1477.42029","-41.55261","1356.04224","1426.58398","126.64558","1249.79883","1588.24158","138.43211","1410.36438","1400.79871","391.84381","1029.67773","1502.73267","-111.24321","1011.68494","1397.99170","379.96155","860.15033","1622.44800","-130.46918","827.27435","1527.13171","236.47916","879.95996","1594.60181","-12.52610","898.21857","1569.81189","142.16911","952.99103","1366.43298","281.99033","457.19223","1486.32178","7.02699","484.53400","1640.73889","287.37421","226.78665","1237.00159","31.92299","147.70341","1655.83276",NA,"P3",20,18
396,3.95,"78.43137","1497.02893","1699.17651","217.22072","1582.64587","1568.94458","","","","-7.22493","1542.33545","1583.93604","314.40115","1362.07410","1486.18420","-43.03161","1358.14856","1435.34973","124.25378","1252.00708","1597.67603","136.68973","1411.87000","1409.62500","388.65317","1031.38208","1510.30432","-112.28625","1014.07983","1408.27820","375.92966","861.45062","1630.40210","-132.37497","829.58759","1537.08240","234.21986","881.77307","1603.87231","-14.81276","899.47723","1577.89282","141.22729","954.52155","1376.95044","279.95560","456.88336","1506.63867","5.82404","484.40750","1645.87769","287.10239","234.13268","1252.07922","31.41236","147.55692","1657.19055",NA,"P3",20,18
397,3.96,"76.83041","1498.89551","1706.46545","","","","","","","-8.70428","1544.81738","1593.30737","312.98260","1363.91418","1494.95215","-44.60143","1359.93555","1444.55249","122.66996","1254.24023","1606.24402","135.10028","1413.21729","1419.20886","385.59259","1032.77649","1518.40112","-114.13459","1015.82202","1417.11658","372.72614","861.42255","1636.53821","-134.01697","831.69318","1546.42249","232.28998","883.60834","1613.71167","-16.96412","902.02716","1588.33386","139.68349","955.95709","1385.89539","278.48175","456.88242","1528.77271","4.88363","483.82724","1651.58191","285.16888","240.35721","1267.59912","31.56772","147.16937","1658.47900",NA,"P3",20,17
398,3.97,"75.55368","1500.38098","1716.64905","215.01183","1585.17419","1585.44470","","","","-10.33026","1545.64185","1601.64722","311.51447","1365.55273","1504.36584","-46.14831","1361.78210","1454.16504","121.34716","1255.44885","1615.84729","133.65726","1414.63940","1427.71619","383.43561","1033.89465","1526.51660","-115.75106","1017.41821","1426.57239","370.37894","862.45868","1643.67932","-136.21532","833.67792","1557.13782","230.85771","885.63483","1623.07910","-18.76938","903.24048","1595.44128","138.71211","957.16016","1395.04785","276.28244","457.45654","1549.57104","4.70503","482.98999","1656.21362","283.79507","247.50385","1284.43457","31.98095","146.48402","1660.04724",NA,"P3",20,18
399,3.98,"74.38712","1501.77649","1724.33911","213.83244","1586.82190","1594.31665","","","","-11.29917","1547.65881","1610.92957","309.86478","1367.09058","1513.14734","-47.59853","1363.09399","1462.34277","120.21369","1257.28821","1625.62195","132.05257","1415.87415","1436.69995","380.24908","1034.43530","1533.09778","-117.65300","1019.43073","1436.44983","365.99210","862.60272","1652.35876","-138.12271","835.71088","1566.97192","228.81961","886.91327","1631.80334","-20.23258","904.18176","1604.15552","137.37944","958.91553","1403.73865","273.59897","457.79678","1570.85071","4.35127","482.43921","1660.48450","281.75320","253.64015","1302.37402","32.19265","146.40916","1660.44885",NA,"P3",20,18
400,3.99,"72.68866","1502.53625","1733.28455","212.16527","1587.65796","1603.46667","","","","-13.35254","1548.51404","1619.55188","308.79303","1368.14441","1522.64172","-48.94543","1364.37817","1472.25122","118.79125","1258.28699","1633.96606","130.89589","1417.05237","1445.80994","377.60849","1035.31445","1541.38098","-120.43112","1020.54144","1445.47241","362.89722","862.48010","1659.27563","-140.40825","837.77148","1577.89294","227.47769","888.56012","1640.17542","-22.32934","905.06885","1613.27979","136.12793","959.65222","1413.21777","271.85919","459.29913","1592.08899","4.33576","482.78549","1665.90552","279.29065","260.34799","1321.09875","32.47396","146.38470","1660.86438",NA,"P3",20,18
401,4,"71.45844","1504.14624","1743.60291","210.45479","1589.67615","1612.99609","","","","-14.08151","1550.06946","1628.58069","307.37872","1369.08484","1531.64624","-50.46786","1365.70276","1480.88000","117.03709","1259.41650","1643.03015","129.35529","1418.63855","1454.32715","375.67249","1036.05591","1549.73572","-122.61980","1021.73560","1455.53101","359.05423","864.11139","1668.25073","-142.53932","839.43713","1588.37402","226.04102","889.14941","1648.38818","-22.61967","903.79620","1619.10352","134.89980","960.89691","1421.08313","269.70435","461.28952","1613.46838","4.22852","481.54489","1668.89722","276.82458","266.15079","1339.08154","32.83145","146.31032","1661.60413",NA,"P3",20,18
402,4.01,"70.06429","1505.71460","1751.16602","209.54320","1590.40283","1622.33032","","","","-16.12906","1551.52136","1638.14282","306.31061","1370.06348","1539.61816","-51.83984","1366.74011","1490.15942","115.75143","1260.61499","1652.22803","128.00272","1419.79724","1463.32727","373.26324","1036.22046","1558.24390","-124.99511","1023.25513","1465.59790","356.44019","863.50018","1674.80127","-144.36739","841.20734","1599.04565","225.52153","890.22198","1657.06104","-24.02698","904.68231","1627.69568","133.20255","961.33490","1429.83704","266.75061","464.12054","1634.39612","3.93875","480.51163","1671.75806","274.90729","272.39236","1358.62170","33.31606","146.13496","1663.03711",NA,"P3",20,18
403,4.02,"68.77334","1506.42334","1760.41028","","","","","","","-16.94346","1552.71606","1646.39880","305.28787","1370.89600","1548.68835","-53.19716","1368.09265","1498.76672","115.19553","1260.37170","1659.77222","127.04047","1420.70801","1472.15710","371.24417","1036.71948","1566.06763","-127.26516","1023.63727","1476.03149","353.90237","863.80737","1683.60706","-146.63078","842.97168","1609.63916","224.43636","891.08746","1665.87695","-25.97145","904.85547","1636.24353","131.93175","962.17200","1437.83813","264.20737","467.09561","1655.66504","3.74902","481.08823","1675.72766","272.02063","277.24744","1377.29150","33.69150","145.95456","1664.42017",NA,"P3",20,17
404,4.03,"67.90431","1506.99451","1769.82397","207.43201","1591.99841","1639.01978","","","","-18.11585","1553.53979","1656.28540","304.14270","1371.33948","1556.84460","-54.30714","1369.12256","1507.83496","113.83224","1261.21216","1668.01599","125.69447","1421.86340","1480.35034","369.77759","1037.47668","1573.96667","-130.06461","1025.67566","1483.98804","350.72937","864.76459","1691.81091","-148.35368","844.83990","1620.24365","223.26637","892.28149","1673.80310","-25.74069","904.03479","1642.34790","131.09749","963.13959","1444.78369","262.19788","469.89938","1676.18103","3.02632","482.07108","1680.64282","269.50375","282.10916","1397.71411","34.23565","145.76953","1665.61011",NA,"P3",20,18
405,4.04,"66.42279","1507.77283","1777.84802","205.98140","1592.99878","1648.87024","","","","-19.25573","1553.78040","1663.41577","303.34293","1372.18994","1565.56482","-55.47639","1369.99353","1516.91565","113.21296","1262.30737","1677.38086","","","","368.02707","1037.54773","1582.79248","-132.15147","1026.86353","1494.63696","347.56879","864.72424","1697.79700","-150.48473","846.82275","1631.24390","223.22641","894.07050","1681.57043","-27.63783","904.73163","1650.49548","129.96828","964.77142","1452.75488","259.79257","473.66785","1694.99817","2.99616","480.94736","1683.22388","266.85736","284.26697","1418.82068","34.33596","145.88722","1666.44446",NA,"P3",20,17
406,4.05,"64.96738","1508.65479","1787.29431","204.65193","1594.29578","1657.61890","","","","-19.98272","1554.45300","1673.25891","302.42023","1372.60425","1574.01440","-56.36285","1370.99902","1526.05261","112.90239","1261.80310","1683.62524","","","","366.35809","1038.01953","1590.45911","-134.13553","1027.94580","1504.04272","344.31381","864.61639","1704.00586","-152.28975","848.74670","1642.25073","221.92644","894.75348","1689.43860","-28.98883","905.73077","1659.62622","128.58075","965.27393","1460.54980","256.90295","477.32574","1714.90088","2.42688","481.20569","1686.87817","264.42102","285.68988","1440.65466","34.74979","146.06339","1666.84106",NA,"P3",20,17
407,4.06,"64.59971","1508.86426","1796.11096","204.09247","1594.24316","1666.02283","","","","-21.16108","1555.41614","1681.90552","301.47034","1373.28174","1582.19946","-57.54437","1372.23962","1533.02332","111.48342","1262.69971","1693.07275","","","","365.01199","1038.83020","1598.29321","-136.18462","1028.49414","1514.11597","342.29471","866.07452","1714.70093","-154.04788","851.07874","1653.78186","220.89061","896.36151","1697.63794","-29.27992","904.88702","1664.63037","128.23508","966.99585","1467.86841","254.60196","481.36288","1733.75171","3.15657","480.81445","1690.77100","261.62823","286.32819","1462.12927","35.07634","146.27554","1667.76062",NA,"P3",20,17
408,4.07,"63.15308","1509.13257","1804.19360","202.95996","1595.03687","1675.18237","","","","-22.29541","1555.50354","1689.87744","300.54865","1373.61499","1590.50354","-58.57174","1373.33777","1543.00549","111.16957","1262.95398","1700.93481","","","","363.09549","1038.89880","1605.59167","-137.96408","1029.36536","1522.71375","338.15985","864.42249","1715.27771","-155.86240","852.64191","1664.09119","219.43074","897.92920","1705.16516","-30.89690","906.35938","1673.35425","127.68526","968.69495","1475.27124","251.77144","486.44095","1753.45557","2.96853","480.26501","1694.83960","260.09427","285.34482","1484.55798","35.47947","146.35304","1668.91382",NA,"P3",20,17
409,4.08,"61.98563","1508.78247","1813.04736","201.56444","1595.92358","1684.74451","","","","-23.44012","1556.22461","1700.70154","299.63220","1374.69312","1598.97388","-59.55174","1374.31787","1550.95581","110.27811","1262.66980","1707.62390","","","","362.13074","1039.54321","1613.93616","-140.16176","1030.73865","1532.52344","335.52026","865.45947","1724.12964","-157.30338","854.88214","1675.42139","217.90352","899.28870","1712.67798","-32.35876","907.32080","1680.27087","127.53434","970.25342","1483.44409","250.41806","489.76181","1771.50415","3.08600","479.39557","1697.46484","257.55551","284.08237","1507.51514","35.85902","146.45389","1669.57800",NA,"P3",20,17
410,4.09,"61.80832","1508.72656","1821.97729","201.14940","1596.22717","1692.71509","","","","-24.42474","1556.36218","1708.15637","298.93436","1375.36108","1606.95386","-60.44946","1375.42004","1559.80676","109.26750","1263.79443","1717.66235","","","","360.95938","1039.93567","1620.38892","-141.34073","1032.04553","1540.55566","333.14389","866.76843","1731.96521","-158.80009","856.61365","1685.45581","215.90906","900.83862","1719.90564","-32.82038","907.63947","1685.91504","127.54940","971.28296","1491.16736","247.10643","493.70630","1787.54749","2.20005","480.96292","1703.82056","254.86879","280.39371","1530.12463","36.01667","146.76085","1670.20276",NA,"P3",20,17
411,4.1,"60.52984","1508.16565","1829.49023","200.04385","1596.50317","1701.90491","","","","-25.12703","1555.92029","1716.33545","298.19019","1375.71887","1615.01953","-61.03044","1376.30945","1567.52588","109.14524","1263.87012","1723.50842","","","","360.05249","1040.34680","1629.45947","-143.97076","1034.16968","1548.73767","331.66339","867.58185","1740.16943","-160.46947","858.30115","1695.57593","214.55161","902.54321","1728.50244","-34.57390","908.71655","1694.38574","126.50861","971.87891","1497.61829","244.63921","498.82016","1805.30725","2.35892","480.43063","1706.92041","252.87648","276.89987","1553.26501","36.16013","146.94191","1670.69336",NA,"P3",20,17
412,4.11,"59.41932","1508.41772","1838.25110","198.87849","1597.10583","1711.55664","","","","-26.03114","1556.85193","1726.28955","297.39478","1376.57263","1622.62341","-62.03125","1377.40210","1575.95337","107.30450","1264.91577","1732.69373","","","","359.12479","1040.78979","1636.98120","-144.82515","1032.66614","1561.40161","330.34442","867.62213","1747.27148","-161.47360","860.96533","1706.71899","212.93117","903.12317","1733.89978","-35.79990","909.36005","1700.15955","126.07223","972.84406","1505.67297","240.98973","502.76221","1821.27625","2.47348","479.33636","1709.06372","250.46689","272.18344","1577.07349","36.22908","146.62469","1672.44153",NA,"P3",20,17
413,4.12,"58.84842","1507.63745","1847.39709","","","","","","","-27.11488","1556.17651","1733.41211","296.69318","1377.00464","1630.16150","-62.52222","1378.00330","1584.76733","107.26440","1265.64282","1740.60876","","","","358.34979","1041.64600","1644.31201","-146.39117","1034.46606","1569.37744","329.16119","868.94147","1755.64697","-163.27625","862.77350","1716.47644","211.66551","904.57715","1742.87891","-37.21489","909.92218","1708.01978","126.38125","973.30811","1512.77148","239.21347","505.87009","1836.16882","2.21335","479.40683","1712.50073","247.81349","267.28265","1600.68274","36.22021","146.91747","1672.97021",NA,"P3",20,16
414,4.13,"57.53669","1507.52661","1855.47375","197.75473","1597.61194","1727.57617","","","","-27.88888","1556.63965","1742.53088","296.13818","1377.62573","1638.35815","-63.40015","1379.04016","1592.43286","106.53160","1265.51245","1747.06226","","","","357.49323","1042.42456","1652.74597","-147.79909","1035.53479","1577.41467","327.92282","869.31244","1763.50549","-164.52145","864.86511","1727.02820","210.05956","905.60840","1749.36975","-38.21336","910.49475","1713.99402","125.63226","973.90009","1520.21948","237.08064","509.81223","1851.12354","1.83029","479.20081","1717.07336","246.31758","261.09479","1625.75671","36.10714","147.00760","1673.95947",NA,"P3",20,17
415,4.14,"56.50450","1506.94763","1863.41931","196.49112","1598.19324","1737.65564","","","","-28.56146","1556.57068","1752.03296","295.51694","1378.08887","1646.52856","-63.80347","1379.77295","1600.13782","105.78678","1266.02405","1756.05212","","","","357.25003","1042.63074","1661.42627","-148.90215","1036.97729","1585.23071","327.28854","870.05188","1771.51697","-165.78079","866.71393","1737.54895","209.36623","906.40527","1757.83618","-39.59347","910.89160","1721.23413","125.45622","974.37250","1528.48938","234.52596","513.59442","1865.98108","1.18256","479.88278","1721.63269","243.30443","253.58940","1651.74219","36.02751","147.32828","1674.48474",NA,"P3",20,17
416,4.15,"56.46108","1506.67590","1871.93848","195.53320","1598.17664","1746.61682","","","","-29.47477","1555.85217","1758.94714","294.89673","1378.67859","1653.89063","-64.30878","1380.27600","1608.82300","105.66787","1266.57129","1763.29272","","","","356.21158","1043.53467","1668.80310","-150.52184","1037.38513","1596.78210","326.40439","870.32129","1779.51953","-167.22014","868.03857","1746.16016","207.82277","907.23383","1764.41101","-39.66888","910.25507","1726.89063","124.35537","974.24890","1535.93774","232.84904","516.69183","1878.88000","0.64923","479.51495","1724.38782","241.90968","247.20811","1677.86890","35.97511","147.36134","1675.13208",NA,"P3",20,17
417,4.16,"55.34948","1505.93848","1879.73291","195.04408","1597.99512","1754.63208","","","","-30.11322","1556.11011","1767.61279","294.29047","1379.01831","1662.69861","-64.77876","1380.76440","1615.97607","103.91869","1266.85962","1771.38098","","","","356.36819","1043.72278","1678.02258","-151.88449","1037.97095","1604.09375","325.71408","870.76672","1787.17017","-168.42303","870.44128","1757.05774","207.36334","908.32098","1772.44128","-41.31624","910.60248","1734.42981","123.74020","974.45233","1542.62000","230.23973","519.61542","1891.50769","0.34077","478.38794","1727.67725","240.10103","239.58282","1704.46643","35.96214","147.61554","1675.58032",NA,"P3",20,17
418,4.17,"54.06215","1505.14429","1887.63281","","","","","","","-31.02800","1555.70129","1776.47888","293.65308","1379.07349","1670.25500","-65.08443","1381.07690","1624.14172","104.27070","1267.13318","1779.04199","","","","356.02383","1043.69788","1684.84241","-152.79472","1038.33484","1613.52576","325.35657","870.70239","1795.37061","-169.42296","871.69678","1766.27319","206.16251","907.93646","1779.21692","-42.04750","911.13300","1741.26807","122.99357","974.31970","1549.60303","229.09410","522.34125","1903.56458","0.76790","478.01535","1730.77783","239.04198","231.72136","1730.53894","36.02458","147.89783","1676.00513",NA,"P3",20,16
419,4.18,"53.56030","1504.67480","1896.88159","193.66138","1597.59875","1772.09998","","","","-31.61530","1555.02539","1783.10120","293.28967","1379.18518","1678.15356","-65.56686","1381.39026","1632.22009","103.03608","1267.08582","1787.99219","","","","355.62573","1044.24414","1693.67676","-154.28392","1039.29871","1621.90308","325.14737","871.65332","1803.47437","-170.85367","873.31274","1775.98584","205.40646","908.15454","1787.01367","-42.93147","910.60870","1747.79065","122.50730","974.24249","1556.73279","228.29768","524.22418","1913.69751","0.12086","478.04062","1735.45569","237.44804","224.09390","1756.49414","35.98266","148.19568","1676.45154",NA,"P3",20,17
420,4.19,"52.41818","1504.11401","1904.66992","","","","","","","-32.27232","1554.95215","1792.21509","292.89661","1379.28125","1687.59351","-65.99176","1381.57971","1639.76294","102.70146","1266.54907","1794.50745","","","","355.73050","1043.84497","1700.92151","-155.41202","1038.40723","1630.40662","324.62924","871.56934","1811.34204","-171.85179","874.81323","1786.69690","204.47517","907.67151","1795.13818","-43.54103","910.67157","1754.33984","121.54002","974.49854","1564.24536","227.01555","524.13647","1923.06287","-0.54870","477.47003","1738.58984","236.46730","215.48534","1784.77771","35.95733","148.51918","1676.93494",NA,"P3",20,16
421,4.2,"51.47865","1503.59436","1912.37134","191.55792","1597.60632","1790.18994","","","","-33.11853","1555.33594","1800.91199","292.44254","1378.79895","1695.58850","-66.23143","1381.62524","1647.92529","102.00177","1266.22229","1803.78003","","","","355.63885","1044.11646","1709.77478","-156.02112","1039.07153","1638.21973","324.39041","871.17609","1819.31323","-173.19214","876.01215","1795.75879","203.23308","906.97504","1802.48816","-44.42911","910.52356","1760.59656","121.74619","973.95038","1571.22156","225.71039","525.18927","1932.03796","-0.93952","477.36441","1742.56311","235.89722","208.71959","1813.30188","35.85554","148.73463","1677.59387",NA,"P3",20,17
422,4.21,"51.00798","1502.87842","1920.86707","","","","","","","-33.93354","1554.48108","1807.36145","291.84827","1378.28491","1703.63477","-66.46246","1381.37476","1655.30908","101.48173","1265.00208","1811.72375","","","","355.70288","1043.12292","1717.79480","-156.36798","1039.52954","1646.06775","324.96674","870.01501","1827.18018","-174.26341","876.81110","1804.79102","202.58858","907.43182","1811.45593","-45.04716","909.78864","1767.27246","121.41618","974.47528","1579.01660","225.73038","525.68213","1940.33032","-0.63629","476.77615","1747.08325","235.17493","201.56725","1842.07544","35.63406","148.89276","1678.02783",NA,"P3",20,16
423,4.22,"49.54568","1502.99658","1928.82300","190.71182","1596.47876","1807.02356","","","","-34.10215","1553.81335","1816.37781","291.56235","1377.95190","1712.65491","-66.75180","1381.41211","1663.11572","100.67987","1264.44702","1818.35730","","","","355.71817","1042.88367","1726.37683","-157.98425","1038.58484","1654.33960","324.68637","870.09998","1835.90723","-174.71553","877.93982","1814.79639","201.22307","906.20715","1818.16760","-45.86869","909.76227","1773.70984","121.48613","973.73956","1587.31738","224.25558","523.68286","1946.29468","-1.08668","475.72623","1750.75562","235.02313","195.24092","1869.17920","35.57630","149.09007","1678.90881",NA,"P3",20,17
424,4.23,"48.43836","1501.85059","1936.63074","","","","","","","-35.18760","1553.32031","1824.31287","291.43918","1377.34033","1721.73083","-66.84818","1380.75671","1671.30127","100.36260","1263.80823","1826.99512","","","","355.55777","1042.91614","1733.96350","-158.23949","1039.17041","1661.74854","324.89755","869.97058","1843.45593","-175.66727","878.24847","1822.67859","200.27293","904.80865","1827.34265","-46.94828","908.87885","1780.12720","121.68995","974.11926","1593.97974","224.03401","521.37823","1952.39856","-1.81123","475.52185","1755.65186","234.56227","190.17497","1896.50806","35.57205","149.22533","1679.36584",NA,"P3",20,16
425,4.24,"47.81652","1501.51611","1945.79468","189.77159","1594.84265","1823.41223","","","","-35.81967","1553.24280","1831.12024","290.90823","1376.59302","1730.85596","-67.26624","1380.41296","1678.10645","99.76199","1262.96631","1834.57263","","","","355.60098","1042.11584","1742.05383","-158.69360","1037.67297","1670.15295","325.01730","868.71436","1851.64746","-176.08061","878.30463","1831.23718","198.96968","904.00165","1835.05347","-47.74697","908.75122","1786.21094","121.83063","973.27698","1600.70374","223.20181","519.50409","1957.67883","-1.94439","475.00656","1761.37048","234.60612","186.01070","1924.03381","35.69246","149.42476","1680.36755",NA,"P3",20,17
426,4.25,"46.57384","1500.51379","1953.10693","","","","","","","-36.04973","1551.93396","1839.98987","290.81671","1375.66260","1739.49622","-67.11635","1379.69226","1686.02966","98.48768","1261.86731","1842.57886","","","","356.03723","1040.90393","1750.98267","-158.88972","1037.15027","1677.35156","325.30969","867.52991","1859.81006","-176.82312","879.73792","1841.16785","197.40569","902.94543","1843.93286","-48.84419","908.03851","1793.10181","122.32367","972.61621","1609.29956","223.31258","517.96222","1964.67603","-2.36028","474.22739","1765.53882","235.31619","182.84248","1950.61694","35.52302","149.58904","1681.28894",NA,"P3",20,16
427,4.26,"45.42826","1499.09326","1961.11426","188.88338","1593.56970","1840.67334","","","","-36.93627","1551.01086","1847.44263","290.43109","1374.46936","1748.65112","-67.78204","1378.69800","1693.57617","97.56778","1260.92114","1852.29077","","","","356.26157","1040.50842","1759.60938","","","","325.52887","867.18494","1868.25098","-177.34323","878.60913","1847.67053","196.17607","902.25800","1853.44275","-49.52734","907.26385","1798.93567","122.74136","971.47058","1617.49219","221.71120","515.52368","1970.40430","-2.54064","472.06970","1768.84009","234.10020","181.60135","1975.15442","35.41090","149.51332","1682.72693",NA,"P3",20,16
428,4.27,"44.63583","1498.89246","1970.11609","188.23500","1592.25891","1848.80017","","","","-36.95705","1549.76514","1854.10022","290.17432","1373.37744","1757.81946","-67.58704","1376.79688","1699.34033","96.83312","1259.88452","1859.24194","","","","355.93982","1038.88049","1768.06079","-159.76451","1036.75537","1689.68640","326.31207","865.44501","1876.56775","-178.01215","879.37451","1857.16675","194.91058","899.83386","1860.24316","-51.03233","907.18121","1806.64563","123.17075","971.03583","1624.58142","221.26700","512.21741","1975.87683","-3.73466","473.07440","1775.35718","234.51442","181.60486","2000.00452","35.35375","149.63680","1683.11060",NA,"P3",20,17
429,4.28,"43.49289","1497.38611","1976.99231","","","","","","","-37.64378","1548.86987","1863.43604","290.11737","1371.98779","1766.89368","-67.25330","1375.67505","1707.54858","96.03677","1258.74341","1867.22534","","","","356.71649","1037.94031","1777.10144","-159.87259","1035.72986","1696.61792","326.60019","863.76538","1884.65112","-178.13243","879.11359","1865.43555","193.70630","898.76801","1870.29797","-51.76693","905.68127","1812.49451","124.05450","969.50854","1633.74744","220.45036","510.20538","1981.28552","-4.04231","471.43057","1779.35339","234.54924","182.80817","2021.35876","35.25177","149.67882","1683.87573",NA,"P3",20,16
430,4.29,"42.67292","1495.67810","1985.00635","187.23466","1589.57397","1866.28101","","","","-38.37141","1547.66321","1870.48486","290.07611","1370.89673","1775.73743","-67.07359","1374.92456","1715.15540","95.66890","1257.41174","1876.14490","","","","356.81229","1036.80750","1786.89685","-159.42923","1034.51086","1703.99097","327.18661","861.65472","1892.46802","-178.55246","877.58496","1871.22363","192.25076","897.05292","1879.00708","-52.64723","904.83087","1819.06995","124.58352","968.43085","1641.39624","219.84583","508.20813","1987.35828","-4.68546","470.05756","1782.30603","234.59402","183.49532","2044.22974","35.12312","149.56824","1685.28589",NA,"P3",20,17
431,4.3,"41.91429","1495.04150","1993.62134","187.17278","1588.71875","1875.11707","","","","-38.83219","1546.35083","1878.06311","290.00635","1369.44055","1786.24963","-67.20248","1373.22656","1721.93176","94.21790","1256.32556","1883.56506","","","","357.05099","1035.36462","1794.99036","-159.38245","1033.05786","1710.87817","327.54410","859.61377","1900.38989","-179.24994","878.22589","1881.15027","190.88423","895.14282","1887.49060","-53.69729","904.33844","1825.50623","125.25499","967.94104","1649.26245","218.56462","506.15784","1993.11096","-5.67499","468.78055","1786.21399","233.06554","184.06346","2060.55859","35.07698","149.81009","1685.75342",NA,"P3",20,17
432,4.31,"40.37523","1493.80005","2001.11633","186.57449","1587.98499","1883.83252","","","","-38.78358","1545.65662","1886.19983","290.24231","1368.08728","1795.49695","-66.96527","1372.31519","1730.08130","93.67809","1255.03149","1891.67578","","","","356.83139","1034.18213","1803.65515","","","","327.83502","857.83270","1907.93896","-179.37341","877.04932","1887.24707","189.68410","893.75751","1898.03564","-54.73205","903.32355","1832.45410","126.58928","966.20477","1658.88428","217.83098","506.48260","2002.78564","-6.19177","468.40274","1791.75696","231.69003","186.43520","2079.44287","35.03356","149.96123","1686.08740",NA,"P3",20,16
433,4.32,"39.88644","1492.15063","2008.86877","185.92671","1586.81299","1892.51086","","","","-40.15111","1545.18567","1894.47937","290.28925","1366.76074","1805.06970","-65.96432","1370.48730","1736.90417","92.78224","1254.72620","1901.42712","","","","357.61270","1032.19409","1814.31934","-158.46498","1030.68884","1725.38977","327.67157","856.54590","1917.16248","-179.80759","875.76398","1894.95789","188.05934","892.02820","1906.17798","-55.82263","902.85156","1839.27051","128.04831","964.48553","1668.36560","217.81488","504.54990","2010.34692","-6.58874","467.38583","1796.05823","230.70433","185.91173","2092.74341","34.77436","150.33951","1686.90881",NA,"P3",20,17
434,4.33,"38.90903","1491.48730","2017.93372","185.14217","1585.74548","1900.68335","","","","-39.83329","1542.48047","1900.55298","290.35074","1365.64526","1814.53381","-66.03085","1369.74963","1743.87610","91.58640","1253.46777","1909.08362","","","","357.93579","1031.04211","1824.08618","-158.03108","1029.45593","1732.19580","328.11313","854.25537","1925.82971","-179.78951","874.64777","1901.79993","186.94307","889.90302","1914.48572","-56.23290","900.94458","1845.57520","129.20529","963.81433","1676.40381","215.96190","503.67178","2017.69092","-6.84471","465.30960","1798.95483","229.33029","186.70857","2105.85840","34.77043","150.57437","1687.76538",NA,"P3",20,17
435,4.34,"37.83664","1490.26331","2024.84192","185.13968","1584.67419","1909.17407","","","","-40.32205","1542.32312","1910.03381","290.54153","1364.27100","1825.30688","-65.71173","1367.97815","1751.47009","91.03298","1251.94739","1916.85632","","","","357.66968","1029.94971","1832.37109","-157.26483","1028.32849","1738.81140","328.12601","852.69629","1933.80969","-179.98212","873.32025","1907.84814","185.60442","888.93445","1924.84204","-57.87045","900.51947","1854.05835","130.15601","962.93134","1684.76404","214.57526","503.13660","2026.73145","-7.21362","464.75677","1803.68884","225.99736","186.82738","2114.82080","34.88224","151.02516","1688.43896",NA,"P3",20,17
436,4.35,"36.89227","1489.09399","2033.27673","","","","","","","-40.90417","1541.33459","1917.36987","290.56104","1363.29297","1834.56592","-65.32011","1367.42554","1759.97009","90.54531","1251.79919","1926.37744","","","","357.90164","1028.74036","1842.36389","-156.12094","1027.52454","1745.91650","327.89487","850.67346","1941.39844","-180.02673","873.00195","1915.76624","184.82491","887.33319","1932.28845","-58.20935","899.40729","1860.52417","131.47771","961.46338","1694.50378","214.09654","501.49097","2034.75879","-7.67489","465.03781","1809.25989","224.95955","185.08762","2122.03467","34.95783","151.46783","1689.14136",NA,"P3",20,16
437,4.36,"36.41396","1488.39197","2041.76257","184.56262","1583.93555","1927.99268","","","","-41.40246","1540.00757","1924.24573","290.40469","1362.61694","1844.10022","-63.86119","1365.63721","1766.88123","90.10582","1250.76392","1934.41223","","","","357.68359","1027.99939","1852.57678","-155.11041","1026.52722","1752.76917","327.56427","848.62286","1949.16199","-180.51407","871.05695","1920.62598","183.48555","886.46979","1941.28113","-58.77181","898.71899","1867.82397","132.50883","960.67822","1702.42249","211.07710","501.43930","2043.84045","-7.72551","463.37317","1812.02747","224.20540","183.13097","2129.38037","34.93598","152.12091","1689.99243",NA,"P3",20,17
438,4.37,"35.15371","1487.82556","2049.12891","183.96436","1582.52087","1936.91882","","","","-41.85225","1540.22302","1933.06201","290.70401","1361.75439","1854.62817","-63.86345","1365.17334","1775.32092","89.09569","1249.33752","1942.73169","","","","357.97183","1027.42920","1861.63562","-153.94627","1026.26147","1757.69287","327.24731","847.71246","1957.97253","-179.78026","870.72614","1927.23218","182.99753","885.91644","1951.16125","-58.53986","896.89148","1875.10864","133.21552","960.90497","1711.43481","210.30592","499.84625","2051.90527","-7.22447","462.95010","1817.78418","222.90437","180.39017","2133.32568","34.82439","152.88916","1690.85779",NA,"P3",20,17
439,4.38,"33.85172","1487.21240","2057.60278","183.42830","1582.24011","1945.56238","","","","-41.66819","1539.40710","1940.67151","291.26639","1358.67468","1861.24207","-62.85307","1363.62671","1781.61780","88.72529","1249.36414","1950.90417","","","","358.03912","1025.91772","1870.85913","-152.65146","1025.07153","1764.67029","327.11328","846.39435","1967.24866","-180.02344","869.02271","1931.75171","182.55124","885.70313","1960.43872","-59.09398","896.61682","1883.57043","133.91301","959.58319","1721.53345","207.18013","500.05444","2060.92480","-7.31708","462.04456","1821.99426","220.64056","178.62762","2136.97559","34.59422","153.56354","1692.19275",NA,"P3",20,17
440,4.39,"32.99768","1487.28088","2066.76685","183.29387","1581.51050","1953.95068","","","","-42.56066","1538.80322","1948.34521","291.52045","1358.08923","1871.49231","-62.82282","1362.98022","1790.52332","88.36053","1248.78821","1959.96716","","","","358.01202","1026.50867","1880.99414","-151.30615","1024.44360","1770.44519","326.47476","845.69708","1975.96375","-179.78618","868.48761","1938.35962","182.00676","884.76624","1969.50134","-59.33503","895.60815","1891.69702","134.64391","959.59167","1729.26990","207.18799","497.54050","2069.14966","-6.92647","461.06793","1827.52380","220.50412","176.14133","2140.87671","34.25859","155.04341","1692.69873",NA,"P3",20,17
441,4.4,"","","","182.82849","1580.74573","1962.14197","","","","-42.41280","1537.18445","1955.12146","291.63083","1357.36401","1881.22595","-54.67630","1366.64880","1781.54895","88.23693","1248.30127","1969.19360","","","","358.27618","1025.52881","1891.45764","-149.61679","1023.87238","1776.50159","325.57300","844.93652","1984.70386","-179.73181","866.77527","1942.48730","181.68640","884.95630","1978.64624","-58.86481","894.66937","1900.16882","135.66966","958.65643","1738.93848","205.87553","495.36627","2075.65771","-6.74531","460.20145","1833.06982","218.06654","174.46313","2144.30444","35.18732","156.40215","1692.39844",NA,"P3",20,16
442,4.41,"","","","182.16501","1581.08606","1971.85205","","","","-43.00733","1537.76721","1964.55444","292.17215","1357.16992","1891.51428","-55.31168","1367.30713","1792.35254","87.95686","1247.96423","1977.74841","","","","358.49930","1025.38770","1900.94385","-148.04953","1023.71600","1781.79236","325.51950","843.21899","1992.36450","-179.13246","865.64111","1948.06995","181.85622","884.99396","1987.54236","-58.74244","894.55096","1908.25134","135.77029","959.58594","1745.41211","202.99600","495.72275","2084.89966","-6.19883","459.58844","1839.34900","213.65025","173.58087","2147.86353","35.19047","157.81206","1693.95557",NA,"P3",20,16
443,4.42,"","","","181.46283","1581.49951","1981.30054","","","","-43.01903","1537.39111","1972.09546","292.19800","1357.51013","1901.87170","-55.85546","1368.12024","1802.90979","87.64190","1247.45190","1985.36194","","","","358.71460","1024.76758","1909.90186","","","","325.43845","842.50226","2001.27441","-179.13115","864.57489","1951.86853","181.37926","884.65033","1997.58789","-58.24286","893.08112","1916.96033","137.11137","958.71265","1756.48743","201.15411","494.34610","2090.76465","-6.19653","459.22794","1845.32593","213.31308","173.83989","2154.31177","35.48219","159.46419","1695.57275",NA,"P3",20,15
444,4.43,"","","","","","","","","","-43.97537","1537.48145","1979.70459","292.28900","1357.43384","1912.71094","-56.71647","1369.50647","1814.09192","87.05276","1248.37427","1994.52478","","","","359.28760","1024.40344","1921.52515","-144.93633","1023.31842","1794.01367","324.48105","842.99670","2011.88525","-178.18347","863.32898","1957.17346","182.02744","885.41858","2006.39185","-58.41982","892.91382","1926.27856","137.48235","959.21594","1765.99048","199.43539","496.00079","2099.42944","-5.63873","458.99393","1852.84460","211.49342","172.84637","2158.59766","35.50534","161.56760","1697.26624",NA,"P3",20,15
445,4.44,"","","","","","","","","","-44.33610","1538.85437","1986.92212","293.00354","1357.80579","1921.86877","-57.41122","1370.95117","1824.73315","87.33885","1248.22534","2002.26233","","","","359.51660","1025.18530","1932.76233","-143.02930","1023.74469","1799.32520","324.13171","843.51483","2021.42322","-177.80591","862.06738","1960.20740","182.64420","886.12964","2015.84412","-57.77269","893.21826","1934.97742","138.36801","959.20062","1774.35999","198.05528","496.10794","2107.27954","-4.85409","458.70737","1860.17505","209.79892","170.43764","2158.50098","35.60897","163.96898","1698.93555",NA,"P3",20,15
446,4.45,"180.10847","1583.83362","2009.81250","","","","","","","-44.53062","1539.38062","1995.73669","294.00748","1357.95471","1930.98132","-58.02277","1372.39404","1834.90784","86.92229","1249.71448","2012.13306","","","","359.58887","1025.66248","1942.32947","-141.29010","1024.82629","1805.37769","323.75320","843.32550","2030.42297","-176.63557","861.36780","1964.66162","182.44438","887.76398","2026.36426","-56.83346","892.34100","1943.39978","138.45972","960.51758","1783.59607","197.66122","500.08948","2120.23242","-5.34963","459.25433","1869.59338","209.63641","170.16324","2160.47632","35.39040","166.66652","1701.84412",NA,"P3",20,16
447,4.46,"179.55380","1584.79041","2019.07092","","","","","","","-44.78010","1540.30542","2002.95532","294.31039","1359.31433","1941.36975","-58.93331","1374.30933","1845.76404","87.29552","1250.45251","2020.29456","","","","359.90213","1027.66260","1954.23291","-139.68176","1025.66577","1810.61462","323.07086","844.46289","2039.98206","-176.19298","860.89105","1967.14209","183.33411","888.75018","2034.91895","-57.07645","892.88318","1953.43860","138.71605","961.73645","1793.47729","195.60666","499.24588","2124.06543","-5.73547","459.76428","1878.47327","208.86430","170.46883","2163.95532","35.54707","169.57939","1705.37915",NA,"P3",20,16
448,4.47,"179.17473","1586.46484","2028.05627","","","","","","","-45.78979","1541.10095","2010.81787","294.28363","1361.15906","1951.37781","-59.61664","1376.47632","1856.27209","87.21501","1251.81409","2029.42786","","","","359.71323","1029.03210","1964.07861","","","","322.43335","845.05298","2049.17822","-174.92081","861.17249","1972.16199","184.11685","891.15729","2043.66626","-56.07924","893.58136","1961.88843","137.77388","964.15015","1800.41077","195.78880","500.95535","2133.80493","-6.00744","459.53915","1888.91260","209.93625","173.17955","2169.43530","35.32148","173.09502","1709.44128",NA,"P3",20,15
449,4.48,"178.08617","1588.26831","2037.78918","","","","","","","-46.54863","1541.47583","2019.27173","294.83047","1362.73230","1960.76221","-60.59656","1378.75476","1867.54895","87.82146","1253.34839","2037.44788","","","","359.72488","1030.42065","1973.76331","","","","321.77353","846.74438","2058.32471","-174.29828","860.21619","1974.06946","184.26489","893.36639","2052.81396","-55.73833","893.69519","1971.06189","137.31329","964.43115","1809.98145","194.26880","501.59018","2138.66162","-6.73371","460.54639","1900.10266","209.62482","172.88947","2170.22168","35.22381","177.11208","1713.31335",NA,"P3",20,15
450,4.49,"177.21161","1589.13733","2046.84106","123.45386","115.23981","2272.77856","","","","","","","294.85977","1364.12476","1970.23914","-61.46735","1380.96423","1878.53174","87.56820","1255.61670","2046.71838","","","","359.14395","1031.45435","1983.37744","","","","320.94833","848.17303","2068.12158","-173.05383","860.91583","1978.20801","185.05199","894.92371","2061.16235","-55.00012","895.51929","1979.66296","136.68518","966.54486","1817.83728","194.59087","502.41422","2143.76953","-6.10259","459.07874","1910.09900","209.42419","171.99821","2171.62256","35.14115","181.49152","1718.70166",NA,"P3",20,15
451,4.5,"176.32335","1590.63696","2055.28809","-47.20530","1544.10815","2033.88086","","","","","","","295.40460","1365.90149","1978.89929","-61.89625","1383.22949","1888.94983","87.64603","1256.68213","2054.78833","","","","359.26154","1033.72705","1993.10059","-131.29158","1032.94458","1832.11353","319.98962","850.11029","2078.48389","-172.08014","860.55170","1980.42725","185.55940","897.21661","2069.37402","-54.45473","895.89990","1988.38354","135.74901","968.88385","1826.10608","196.82080","505.81873","2152.56982","-8.56276","459.99661","1924.59570","209.53270","172.26756","2173.22021","34.76143","186.44771","1724.84180",NA,"P3",20,16
452,4.51,"175.40482","1591.88965","2064.11792","-47.57145","1545.03381","2040.91296","","","","","","","295.25781","1368.34229","1988.81116","-62.46120","1385.65112","1899.57849","87.42665","1258.27661","2062.26245","","","","359.73575","1035.77869","2003.67542","-129.20622","1034.96228","1837.70874","319.26157","851.69971","2088.13452","-170.79152","861.59644","1983.77161","185.26353","900.58398","2077.96338","-54.24252","898.05798","1996.91846","134.86580","970.20917","1835.67773","196.89929","504.71506","2154.67236","-10.46177","460.61713","1939.29138","209.39116","172.05585","2173.73779","34.24269","191.54350","1732.84131",NA,"P3",20,16
453,4.52,"174.90047","1593.72766","2072.21436","","","","","","","","","","295.43323","1370.03784","1998.18774","-63.36199","1388.33728","1910.31030","86.98859","1260.21143","2069.85010","","","","359.69922","1037.71729","2013.15149","-127.30482","1037.36023","1843.38599","318.35367","854.10583","2098.69995","-169.41338","861.12097","1985.96021","185.31255","902.39923","2085.91553","-53.16409","899.20093","2004.31494","134.25204","972.07483","1842.58154","198.00060","503.28262","2156.37354","-13.12237","461.16577","1954.06311","209.35667","171.49167","2174.65112","33.46075","197.60307","1741.08118",NA,"P3",20,15
454,4.53,"174.46281","1595.42957","2080.58374","125.40222","113.79291","2275.90674","","","","","","","295.42435","1372.09399","2006.95691","-63.96012","1390.54346","1919.86694","87.02515","1262.01550","2077.76709","","","","359.67252","1039.66821","2022.69739","-125.01215","1039.48669","1847.69446","317.36929","856.10638","2108.94922","-167.94577","861.36261","1988.37695","184.65952","904.68762","2094.57568","-53.01547","900.58923","2011.47815","134.59718","972.95465","1849.54297","198.73984","504.23996","2160.85327","-16.19091","462.10574","1969.25513","209.08928","170.79457","2175.83936","32.25031","203.90224","1749.98206",NA,"P3",20,16
455,4.54,"173.48647","1597.17017","2088.99927","125.48879","113.83109","2276.33472","","","","","","","295.33450","1373.69788","2015.74219","-65.25673","1393.35339","1929.48303","86.45377","1264.44238","2086.27319","","","","359.64548","1041.75415","2032.70715","-123.40720","1041.79517","1852.57568","316.70764","858.12335","2119.16919","-166.88663","861.86285","1991.19043","185.20520","906.67065","2102.21509","-52.68593","902.34198","2018.58301","134.81313","975.44043","1857.38062","199.80704","503.30328","2164.28101","-19.75033","462.84882","1984.95886","210.90547","170.99803","2177.51392","31.07528","210.25635","1758.87219",NA,"P3",20,16
456,4.55,"172.24429","1598.81750","2097.39941","125.55392","113.83845","2276.66846","","","","","","","294.63889","1375.26868","2025.00427","-65.99847","1395.47510","1938.61853","85.95052","1266.18835","2095.02588","","","","360.16470","1043.68750","2043.48511","-122.04685","1043.75745","1858.38916","315.54037","860.69568","2129.90063","-166.18578","861.55518","1993.34924","184.66904","908.99603","2110.71021","-52.49944","904.34692","2026.21130","135.53407","976.10730","1865.39771","200.61966","505.10886","2170.20117","-23.37695","464.97803","2001.26611","211.29065","170.94945","2177.41260","29.13729","218.01196","1769.98450",NA,"P3",20,16
457,4.56,"171.45880","1600.29724","2104.94800","125.88198","112.70008","2276.46460","","","","","","","294.48990","1376.83911","2034.06421","-66.84472","1397.97876","1948.12744","84.42290","1267.60547","2102.27417","","","","360.06799","1045.35376","2053.33716","-120.66902","1045.44556","1863.25671","314.85413","862.63947","2140.61401","-164.95967","862.33447","1997.18567","183.87180","910.16632","2118.21533","-52.19790","906.03552","2032.23450","136.50972","977.87280","1873.34192","201.57970","502.14963","2169.57007","-26.56065","466.81354","2017.78906","212.06476","170.10046","2177.61084","28.64091","224.24088","1781.35034",NA,"P3",20,16
458,4.57,"170.35780","1601.34705","2112.86011","126.05026","111.53130","2276.57983","","","","","","","293.72357","1378.49243","2043.39441","-68.03199","1400.73059","1957.54468","84.04689","1268.79773","2108.85181","","","","359.87408","1046.51721","2063.64795","-119.26350","1047.43933","1868.34900","313.76416","864.84534","2151.65430","-164.56203","862.31134","1998.97070","183.44078","910.63184","2125.00854","-52.47923","906.70074","2038.19727","137.29077","979.25067","1880.04480","201.86130","501.33484","2173.04541","-30.12437","468.72839","2033.00781","211.91464","169.93420","2177.99756","26.27464","233.16960","1792.08728",NA,"P3",20,16
459,4.58,"169.87648","1602.47095","2119.92505","125.95454","111.06345","2276.32642","","","","","","","293.18661","1379.16199","2051.77856","-69.37003","1403.00708","1966.05774","82.85143","1270.58484","2117.50659","","","","359.56726","1048.23584","2074.26978","-117.85243","1048.43628","1872.91370","313.22028","866.51697","2162.78857","-163.69514","862.79706","2002.90234","182.40942","912.34875","2134.28418","-52.90452","907.84637","2045.29602","138.63878","979.93201","1888.79248","202.60913","501.14557","2174.74976","-33.35906","470.53226","2047.29761","212.00026","169.80241","2178.12231","25.05531","240.10236","1804.52673",NA,"P3",20,16
460,4.59,"","","","125.87994","110.64296","2276.15820","","","","","","","292.31171","1380.10095","2060.83057","-71.12837","1405.57935","1975.53198","81.10572","1270.65515","2123.41455","","","","359.60727","1049.59351","2083.81177","-116.77681","1049.62817","1878.01746","312.53647","867.93854","2173.74829","-163.05931","863.27759","2005.69568","181.74548","911.39819","2140.18530","-53.72953","908.91901","2050.95605","139.53720","980.68054","1896.77576","202.77553","500.96466","2177.43506","-36.97046","472.76999","2062.73975","211.65343","169.41982","2178.85083","24.24145","246.66324","1818.15820",NA,"P3",20,15
461,4.6,"167.77373","1604.98132","2134.83569","125.80585","110.31668","2275.94385","","","","","","","291.05008","1380.98059","2069.97290","-72.00150","1407.45325","1984.17358","79.90371","1271.86023","2131.07886","","","","359.74850","1050.28613","2093.84351","-115.67717","1050.44543","1882.06116","311.47589","870.41656","2185.04199","-162.63086","862.95874","2007.94714","180.59273","911.92242","2147.27734","-54.22715","909.75946","2056.64307","140.47870","981.70758","1903.61169","203.20094","500.99634","2179.28638","-40.86832","476.11511","2077.36938","211.49699","169.13068","2179.31885","23.21680","253.25064","1830.39783",NA,"P3",20,16
462,4.61,"166.55232","1606.39600","2141.33545","125.45908","109.96391","2276.77368","","","","","","","290.00766","1382.04993","2079.19409","-73.80949","1409.53455","1992.00464","78.02277","1272.25830","2137.02246","","","","358.88272","1051.55347","2105.39746","-114.77177","1050.93030","1886.09363","310.66422","871.48444","2195.76782","-161.99228","863.66742","2012.51111","180.29985","911.33649","2153.15186","-55.49232","909.99207","2062.10889","141.23802","981.78015","1911.23157","203.45551","501.11490","2182.31714","-45.19770","478.98526","2091.07666","211.62065","169.05746","2179.33667","22.41478","259.70047","1842.41003",NA,"P3",20,16
463,4.62,"165.29823","1607.20007","2149.28442","125.41417","109.75446","2276.64966","","","","","","","289.12076","1382.62756","2088.22656","-75.34942","1411.70947","2000.88293","76.30949","1272.74121","2144.83911","","","","358.32626","1052.71484","2115.90430","-113.41061","1052.17712","1890.67444","309.86322","873.11017","2206.68774","-161.50096","863.04810","2014.04736","178.34587","911.45166","2160.05762","-56.38300","910.50806","2066.77246","141.76112","983.60626","1917.05823","203.54909","501.03525","2184.91138","-48.55521","482.59875","2106.05347","211.48616","168.93217","2179.61328","22.38936","264.77560","1854.48792",NA,"P3",20,16
464,4.63,"163.86063","1608.44836","2156.07788","","","","","","","","","","287.64838","1383.29663","2096.95508","-76.53354","1413.31128","2008.54309","74.66116","1273.12219","2150.55957","","","","358.19769","1053.59058","2126.54810","-112.70477","1052.80554","1893.87842","308.26431","874.71179","2217.88965","-161.18680","863.60950","2017.63867","177.79454","911.62213","2165.97070","-57.53361","911.61328","2073.04175","141.58992","984.51563","1922.16577","203.11252","501.35519","2187.80176","-52.36823","486.05240","2119.60303","211.49260","168.90741","2179.68091","21.91493","269.90012","1869.12463",NA,"P3",20,15
465,4.64,"","","","","","","","","","","","","285.83118","1384.06970","2105.55518","-78.42510","1415.30774","2016.67163","72.86170","1273.00330","2156.12915","","","","356.73160","1054.97192","2137.97241","-111.59059","1053.71387","1897.36145","307.04224","875.73499","2228.59912","-161.10345","864.91980","2022.30090","176.71399","911.70685","2171.96606","-58.88699","912.07611","2078.10327","142.04456","984.98962","1929.17310","203.76878","500.43488","2189.32788","-56.30436","489.43005","2132.49902","211.17081","168.86000","2180.00049","21.16531","274.76559","1880.92554",NA,"P3",20,14
466,4.65,"161.21417","1610.34155","2170.37671","","","","","","","","","","284.59729","1384.60681","2113.53809","-80.15650","1417.04675","2025.47046","71.67043","1273.13123","2162.50439","","","","355.90555","1055.74512","2147.94531","","","","305.35419","877.56659","2239.89526","-161.39758","865.38831","2024.70410","175.26952","912.59137","2177.74927","-59.55295","913.18835","2082.83301","141.68414","985.76276","1936.24829","203.04152","501.03415","2192.93921","-60.04903","493.35187","2145.30176","211.16417","168.81558","2180.09033","20.78127","277.63177","1898.13965",NA,"P3",20,14
467,4.66,"159.33459","1611.27563","2176.51538","124.88683","109.58785","2277.21924","","","","","","","283.13882","1385.53845","2122.30469","-82.21368","1418.52979","2033.31128","70.21169","1273.13184","2166.99829","","","","354.41629","1056.88013","2158.55518","-110.29257","1055.33496","1905.95410","303.74829","878.72241","2250.10718","-161.32585","865.83374","2028.61218","173.80579","913.97937","2185.10522","-60.40577","914.91010","2088.72632","141.42662","986.51666","1941.20850","202.65771","500.83636","2195.16724","-64.02457","497.03735","2158.23096","211.03381","169.32248","2181.50879","19.37490","279.54849","1911.88562",NA,"P3",20,16
468,4.67,"158.00989","1612.16333","2183.95264","124.85241","109.41916","2277.12866","","","","","","","281.83243","1386.18774","2129.45557","-83.34037","1420.09753","2040.93433","68.67107","1273.15637","2172.98145","","","","353.34518","1058.86792","2169.82227","","","","301.48685","880.25958","2261.21411","-160.76808","866.47754","2031.58948","173.04555","913.86285","2189.23730","-60.97906","915.77484","2092.63306","140.52675","987.32019","1946.52502","205.02385","502.03677","2200.49487","-67.61152","500.10181","2170.25049","210.82620","169.26331","2181.73926","18.17857","280.06143","1927.44458",NA,"P3",20,15
469,4.68,"-109.23537","1056.89624","1913.84387","124.86550","109.42361","2277.19434","","","","","","","280.22516","1387.18567","2137.13477","-85.06066","1421.91492","2048.06519","67.07643","1274.07385","2179.45923","","","","351.74918","1059.91541","2179.00269","","","","299.92392","881.62231","2271.03174","-161.66051","867.52063","2034.89478","171.31580","915.77905","2196.85645","-61.76015","917.44073","2098.12085","139.59660","989.27759","1951.35925","203.94196","501.24551","2202.44263","-70.98761","504.32819","2181.76416","210.62495","169.00252","2182.20386","16.66500","279.46140","1943.74023",NA,"P3",20,15
470,4.69,"154.29515","1613.95776","2197.46582","124.83569","109.29549","2277.10645","","","","","","","278.74106","1387.91553","2145.12744","-86.51899","1422.95532","2055.76294","64.53257","1274.92810","2185.00513","","","","350.06970","1061.04993","2189.36963","-108.57318","1058.20825","1916.55676","297.47528","883.06891","2281.69629","-162.03047","867.81354","2038.00415","169.73654","917.02466","2202.07202","-62.64375","919.57245","2103.48364","139.27859","989.13037","1958.16077","201.53879","500.44879","2201.11572","-74.74490","508.14804","2193.38501","209.20615","171.91304","2184.61719","14.73160","278.33994","1959.41260",NA,"P3",20,16
471,4.7,"152.46376","1614.01135","2203.00220","124.77932","109.10681","2276.91235","","","","","","","276.92496","1388.27185","2151.61670","-88.68127","1424.83179","2063.37109","62.98211","1275.34424","2190.39185","","","","348.50800","1062.73132","2199.76294","-108.20969","1058.88599","1920.35156","294.64362","884.82562","2292.48340","-162.05328","869.15045","2041.62781","168.87801","917.46649","2208.67480","-63.09341","920.17249","2107.38086","138.41946","990.78717","1962.93835","201.98732","503.62015","2208.16821","-78.42598","511.84140","2203.68555","209.02890","171.87083","2184.80591","12.50009","275.64642","1974.92053",NA,"P3",20,16
472,4.71,"150.82974","1614.54248","2209.47705","124.79256","109.10052","2276.98438","","","","","","","275.12140","1389.88977","2159.67725","-90.98094","1426.39124","2071.59961","61.26247","1276.33374","2196.67236","","","","346.47888","1063.60815","2209.01563","-107.93036","1060.35730","1923.51025","292.56323","887.24182","2303.28540","-162.95964","870.75977","2046.30200","167.54813","918.13763","2213.51831","-64.04888","922.13440","2113.06104","","","","201.26274","502.93842","2209.78882","-82.10595","514.87280","2213.37427","209.02414","171.85609","2184.83154","9.93801","272.93851","1993.05713",NA,"P3",20,15
473,4.72,"","","","124.73843","108.91135","2276.80225","","","","","","","273.32104","1390.53650","2166.50903","-92.97794","1427.85413","2079.95654","59.49417","1276.84631","2201.44775","","","","344.95706","1064.83398","2218.26172","-107.13509","1061.14124","1927.65247","290.42297","888.18341","2313.76782","-163.63899","870.85095","2048.87915","165.59811","919.23584","2219.89478","-64.70667","923.24585","2117.57446","","","","200.98969","502.61038","2210.56982","-85.26568","517.74249","2222.83350","209.03094","171.86163","2184.83057","7.23425","268.94312","2009.49487",NA,"P3",20,14
474,4.73,"146.64548","1615.10486","2221.08276","124.92397","108.09448","2277.20117","","","","","","","271.73199","1391.26489","2173.87500","-94.99612","1428.79761","2086.36865","57.12564","1277.54211","2206.78076","","","","342.85165","1065.83813","2227.72461","","","","288.14719","889.89197","2322.78882","-165.21964","872.04236","2052.52466","164.12334","919.98865","2225.97119","-65.98198","924.24030","2121.53760","","","","200.70020","502.18912","2211.51929","-89.07521","520.49219","2232.20972","209.03979","171.85661","2184.85742","4.40111","264.51337","2026.37061",NA,"P3",20,14
475,4.74,"144.51601","1615.85022","2228.36523","124.72861","108.83258","2276.79248","","","","","","","269.60587","1391.58301","2180.68286","-96.62376","1430.36426","2093.83789","55.45326","1278.17249","2212.78638","","","","341.13861","1066.87878","2236.87451","","","","284.79175","891.92737","2333.03491","-166.60170","873.03308","2056.06836","162.59412","919.73267","2230.52832","-67.33656","925.06445","2127.13354","","","","199.98152","501.76871","2212.78613","-93.04536","523.15253","2239.71655","209.03738","171.83231","2184.90869","0.93544","259.49487","2044.03809",NA,"P3",20,14
476,4.75,"","","","124.86700","107.86579","2277.02490","","","","","","","267.73547","1392.20789","2188.03955","-99.72972","1432.16174","2102.33154","53.82882","1278.95300","2217.95703","","","","338.92523","1067.34851","2245.25293","","","","282.10425","893.28198","2343.55908","-167.51561","873.02429","2059.81348","160.89108","919.45789","2235.99609","-68.30770","925.86261","2131.45776","","","","199.48386","501.19141","2213.97534","-96.86700","524.90723","2246.87329","209.01451","171.79214","2184.96094","-3.00356","253.87688","2062.37573",NA,"P3",20,13
477,4.76,"139.46506","1616.62866","2239.76001","124.85263","107.78357","2276.99292","","","","","","","265.58423","1392.33813","2194.32837","-101.61304","1432.77661","2108.70630","51.09299","1279.11816","2223.05542","","","","336.94110","1068.80481","2254.51074","","","","279.77557","895.30902","2353.01465","-168.81508","874.64941","2064.07788","159.14084","919.91541","2242.45654","-69.84245","926.54382","2135.81763","","","","199.09515","499.65628","2214.32739","-100.15694","526.50464","2253.88770","208.94504","171.63821","2185.18628","-6.93843","247.39552","2078.83154",NA,"P3",20,14
478,4.77,"137.45282","1617.19824","2245.84082","124.78927","107.56775","2276.77686","","","","","","","263.28156","1393.16797","2202.17676","-103.57619","1434.46399","2116.03784","48.96358","1279.31177","2228.27759","","","","334.58023","1068.89136","2262.18579","","","","276.49084","896.29321","2361.49976","-170.05107","875.02478","2068.45166","157.12172","919.17529","2247.04810","-71.82550","926.20612","2140.31494","","","","198.05292","499.42517","2217.15723","-104.17852","527.90485","2260.33203","208.66887","171.35509","2185.69775","-11.53419","241.62439","2097.60449",NA,"P3",20,14
479,4.78,"135.05907","1617.44385","2252.22412","124.73571","107.34274","2276.61621","","","","","","","261.01535","1393.23767","2207.64917","-106.81704","1435.86597","2123.59961","46.76317","1279.24194","2233.29272","","","","332.13452","1070.48132","2272.08423","","","","273.68677","898.18250","2371.88159","-171.48619","875.27594","2071.58057","154.75427","918.94751","2252.85425","-73.45813","926.83154","2145.10742","","","","197.88249","498.98563","2218.27026","-107.67482","528.65863","2265.80908","208.43681","171.22523","2185.95239","-15.54588","233.96211","2118.44165",NA,"P3",20,14
480,4.79,"132.57483","1617.58667","2257.10400","124.57033","106.75297","2276.06567","","","","","","","258.98767","1393.62634","2215.03540","-108.94363","1437.03101","2129.41772","44.22148","1279.49341","2239.18799","","","","329.80362","1070.07813","2278.93555","","","","270.30222","899.99017","2380.63135","-173.57224","875.68005","2075.93823","153.29030","918.37878","2258.28174","-74.58871","926.07800","2149.12012","","","","196.79933","498.75821","2221.11279","-110.64783","529.26007","2269.55249","208.08569","170.95471","2186.44336","-20.72216","226.71147","2137.57446",NA,"P3",20,14
481,4.8,"130.24405","1617.28271","2261.55664","","","","","","","","","","256.42218","1393.66370","2221.62451","-111.25945","1437.70496","2136.65405","42.02996","1279.77197","2244.65381","","","","327.69064","1070.72498","2286.99829","","","","267.48602","900.88696","2388.68262","-175.10167","876.16400","2079.36255","151.15976","917.91589","2264.33325","-76.35516","926.16888","2154.35181","","","","195.47092","498.81409","2223.70361","-114.19556","529.13153","2274.57080","207.51331","170.71219","2186.99829","-26.77210","219.61490","2155.77319",NA,"P3",20,13
482,4.81,"127.45111","1617.53259","2267.27148","","","","","","","","","","253.72997","1393.52649","2227.48682","-114.51735","1438.91553","2144.01880","39.59408","1278.80591","2249.20142","","","","326.30295","1071.98572","2295.77759","","","","264.33646","902.32031","2397.64185","-177.07085","875.35913","2083.07813","148.96123","916.88824","2269.26587","-78.24699","925.29279","2159.52856","","","","193.95920","498.50983","2226.41577","-116.84184","528.68359","2278.29468","206.86252","170.57762","2187.46289","-32.65550","213.69389","2174.92700",NA,"P3",20,13
483,4.82,"124.93280","1617.40735","2272.98413","","","","","","","","","","251.35188","1393.77356","2234.79907","-116.86437","1439.72900","2149.33472","36.56055","1278.94592","2255.04028","","","","322.68600","1070.57568","2302.98193","","","","260.69659","903.03314","2406.53882","-179.21718","875.46613","2087.23267","146.65070","915.99774","2274.59692","-80.43295","925.10205","2164.43994","","","","192.49055","498.00482","2228.72778","-119.79639","527.87756","2281.33301","206.27953","170.25613","2188.19165","-39.15677","206.01469","2194.05322",NA,"P3",20,13
484,4.83,"122.46735","1617.39758","2277.99146","","","","","","","","","","248.63631","1393.28259","2241.15698","-120.41468","1440.77039","2156.97900","33.67351","1278.44519","2260.27832","","","","319.68240","1072.06128","2311.97729","","","","257.43771","903.85925","2413.80298","-181.25389","875.38843","2091.19653","144.10277","915.76074","2280.30371","-82.60268","924.15375","2168.69653","","","","190.64035","497.77191","2231.88281","-122.04579","526.75739","2283.75342","206.23732","170.20155","2188.24316","-46.60995","200.89923","2211.37671",NA,"P3",20,13
485,4.84,"119.70550","1617.61987","2282.99146","","","","","","","","","","245.79651","1392.68286","2246.70532","-122.86911","1441.81104","2162.45996","31.04883","1277.78357","2264.75732","","","","317.13940","1070.87451","2317.36011","","","","253.93166","905.58093","2422.35596","-183.69197","875.28174","2095.05615","141.73428","915.64240","2286.24536","-84.58788","923.35461","2172.97046","","","","189.28780","497.37442","2234.23706","-124.28694","525.09149","2285.70361","206.19743","170.15076","2188.29004","-54.89093","194.71904","2230.96704",NA,"P3",20,13
486,4.85,"116.63843","1617.50464","2288.09277","122.10905","104.72642","2276.68408","","","","","","","243.07275","1392.56250","2253.56494","-126.05983","1442.42273","2169.87134","27.91822","1277.53601","2270.86353","","","","314.80997","1070.60083","2324.26953","","","","250.02229","905.54749","2429.80884","-185.80568","875.03662","2099.27368","138.78816","915.25330","2292.09521","-86.97567","922.85199","2178.42407","","","","187.48685","497.01706","2237.13477","-126.02165","522.94147","2287.72705","205.62247","169.85126","2189.03149","-63.61998","190.34775","2247.46411",NA,"P3",20,14
487,4.86,"113.77832","1617.20984","2292.85767","122.10617","104.64701","2276.71021","","","","","","","240.10500","1392.80823","2260.63745","-128.72321","1443.00781","2175.44507","25.38916","1276.44226","2274.98608","","","","311.23932","1070.47437","2331.73560","","","","246.49353","905.50696","2436.26416","-188.48573","874.26746","2102.84570","136.04851","914.79626","2297.56641","-89.61533","921.99396","2183.09448","","","","185.78590","496.75131","2240.25977","-127.52377","520.36206","2288.99414","205.40411","169.72127","2189.31030","-71.50624","185.14227","2265.48633",NA,"P3",20,14
488,4.87,"110.85985","1617.07593","2297.27588","122.08145","104.56519","2276.62500","","","","","","","236.98244","1391.87390","2266.25171","-132.22632","1444.44470","2182.07739","21.84353","1276.97180","2280.99414","","","","308.21960","1070.05469","2338.15918","","","","242.17145","907.14252","2444.51978","-190.89110","874.24127","2106.62549","132.45561","914.77740","2303.71582","-92.34003","921.94092","2188.50220","","","","184.30995","496.85892","2242.93921","-129.05887","517.93408","2289.31250","204.79895","170.20892","2189.49390","-80.70070","181.83043","2282.46387",NA,"P3",20,14
489,4.88,"107.51235","1616.86694","2302.37866","122.08662","104.52698","2276.67163","","","","","","","234.29007","1391.13354","2271.21997","-135.16994","1444.49438","2187.22925","18.54463","1276.37988","2285.62769","","","","305.15594","1069.53003","2344.97461","","","","237.88536","907.00824","2452.30981","-193.67136","873.01788","2109.85596","129.55956","914.00378","2308.71143","-95.51401","921.15643","2193.83057","","","","182.77824","496.25620","2245.62500","-129.99443","515.49463","2289.30933","204.53586","170.00520","2189.91211","-90.17829","178.82045","2299.01733",NA,"P3",20,14
490,4.89,"104.33761","1617.01855","2306.85938","122.06427","104.38917","2276.62744","","","","","","","230.27336","1390.92773","2278.10181","-138.74252","1445.82275","2193.71899","15.07224","1276.39111","2291.20215","","","","","","","","","","234.15154","906.94452","2458.53882","-196.63443","872.34283","2113.36401","126.01011","914.17938","2314.88135","-98.38941","920.34277","2198.45166","","","","180.91843","496.37280","2249.43066","-130.28920","512.82965","2289.60791","203.71455","169.72014","2190.84985","-99.51424","176.88257","2316.33179",NA,"P3",20,13
491,4.9,"101.45089","1616.44409","2310.91626","122.04695","104.31974","2276.57397","","","","","","","227.39748","1390.32837","2283.69678","-142.33405","1446.27576","2199.68994","11.48424","1275.87354","2295.82471","","","","298.05728","1068.64624","2357.45068","","","","229.41043","907.83466","2465.39673","-199.36823","871.23010","2117.09985","122.54208","913.75970","2321.27686","-101.56591","920.15674","2203.47241","","","","179.05710","496.12094","2252.76636","-130.75125","510.68347","2290.29492","203.68605","169.66557","2190.92480","-108.73367","177.84666","2328.60620",NA,"P3",20,14
492,4.91,"97.55025","1616.11218","2316.55200","122.06264","104.30908","2276.66064","","","","","","","223.85562","1389.86377","2290.29126","-145.83679","1446.70068","2205.90283","7.69875","1275.82019","2301.38306","","","","294.55341","1067.44128","2362.61426","","","","224.75780","907.42749","2471.69531","-202.23283","870.75372","2120.13940","118.49945","913.95520","2327.47339","-104.91618","919.11664","2208.66040","","","","177.84741","494.98853","2255.03247","-131.04251","508.16724","2292.14429","203.08083","170.76567","2191.92041","-117.70571","178.08360","2341.04932",NA,"P3",20,14
493,4.92,"94.36909","1615.52417","2320.72314","122.03640","104.15416","2276.60547","","","","","","","220.38654","1389.21716","2296.50806","-149.65619","1447.81030","2211.69922","3.92768","1275.65039","2306.58032","","","","","","","","","","220.86200","906.55463","2477.13696","-205.19351","870.45709","2124.64233","114.69320","913.77039","2333.58643","-108.77936","918.56195","2214.53052","","","","176.02191","495.49722","2258.24707","-131.17668","506.34189","2293.99805","202.93933","171.60411","2193.06836","-126.19670","178.22507","2352.68579",NA,"P3",20,13
494,4.93,"90.71767","1615.10657","2325.32495","122.01841","104.03817","2276.57275","","","","","","","216.73868","1388.96191","2302.00537","-87.35638","1526.00427","2391.43433","-0.07759","1275.73901","2312.30957","","","","286.51358","1066.15576","2374.75000","","","","216.20708","906.40704","2483.13867","-208.52271","869.44452","2128.70776","110.99741","913.27472","2339.55420","-111.98112","917.90118","2219.75049","","","","174.06476","494.49402","2261.45581","-131.48727","504.84650","2296.33545","202.42850","172.57596","2194.77710","-133.37657","178.67564","2363.47632",NA,"P3",20,14
495,4.94,"87.27992","1614.36047","2329.30127","121.59493","104.17307","2277.52515","","","","","","","212.93367","1388.15234","2308.02930","-91.84792","1525.81848","2395.40381","-3.68035","1274.63550","2316.22827","","","","281.84729","1065.97913","2381.07495","","","","211.42130","905.50891","2488.61792","-211.93134","868.25684","2131.50952","106.65929","912.64246","2346.35181","-115.29739","916.49573","2224.85986","","","","172.11885","494.45428","2264.92798","-130.55205","503.92902","2295.09399","202.42538","172.55063","2194.82959","-139.98163","178.67665","2372.24146",NA,"P3",20,14
496,4.95,"83.23199","1614.00171","2333.51196","121.55795","104.02850","2277.40918","","","","","","","208.91832","1387.75781","2313.98535","-96.02065","1526.11279","2398.64746","-8.44032","1274.95691","2321.66138","","","","277.22089","1064.92188","2387.11523","","","","206.26787","904.66473","2494.05151","-215.35085","866.99438","2135.10449","102.35892","912.16504","2352.67212","-119.34876","915.83533","2231.15796","","","","169.76799","494.16547","2268.85913","-132.21007","503.26791","2297.47388","202.22281","172.45265","2195.08643","-146.16295","179.32391","2381.14038",NA,"P3",20,14
497,4.96,"79.82567","1613.35388","2337.28491","","","","","","","","","","205.02472","1387.04565","2319.27368","-100.00270","1525.70398","2401.92139","-13.05167","1274.55652","2326.85767","","","","","","","","","","201.47005","903.39911","2499.14258","-218.62273","865.77460","2139.67114","98.41836","910.92908","2358.62402","-122.81548","914.20331","2235.94775","","","","167.98625","493.12976","2271.72583","-133.99866","501.96640","2300.83228","202.06395","172.45518","2195.19019","-151.42944","180.33647","2386.27588",NA,"P3",20,12
498,4.97,"75.45043","1613.11475","2342.38037","121.18152","103.55413","2278.15137","","","","","","","200.95821","1385.78406","2325.44556","-104.69730","1525.32605","2405.29541","-16.74850","1273.50977","2330.84741","","","","","","","","","","196.70772","901.88269","2504.56567","-222.34904","864.79205","2143.28442","93.82688","910.41895","2365.24146","-126.23535","912.23865","2240.24048","","","","166.04439","492.87378","2275.15747","-136.60089","500.43317","2303.65015","201.51379","172.31140","2195.78174","-154.36435","178.93428","2393.09131",NA,"P3",20,13
499,4.98,"71.82831","1612.59497","2346.37622","121.11083","103.28378","2277.92700","","","","","","","196.75461","1385.31653","2331.05835","-109.04279","1525.82788","2408.60620","-21.57219","1273.58704","2336.49438","","","","263.52979","1062.62805","2404.87451","","","","191.43857","900.88373","2509.70996","-226.01605","862.84711","2146.10303","89.42075","909.04553","2371.83838","-129.97311","910.99731","2244.94751","","","","163.25296","492.55017","2279.12329","-139.67935","499.41794","2306.95386","201.02200","172.17464","2196.31665","-158.40254","176.89192","2395.67017",NA,"P3",20,14
500,4.99,"67.74951","1611.51587","2350.37988","121.07678","103.06599","2277.86426","","","","","","","192.35199","1384.13684","2336.59473","-114.07272","1525.60156","2411.81055","-26.70161","1272.98120","2341.26196","","","","258.27371","1061.40112","2410.63965","","","","186.27176","898.64160","2514.06665","-229.91574","861.72345","2150.83057","85.21007","907.85101","2377.91431","-134.02563","909.89838","2250.21875","","","","160.74496","492.21924","2283.44385","-143.85320","498.02359","2311.91479","199.74164","175.03154","2198.70483","-161.32951","175.17569","2395.70215",NA,"P3",20,14
501,5,"63.41886","1611.21387","2354.43237","121.05153","102.92308","2277.80811","","","","","","","187.63588","1382.75073","2342.84741","-118.54990","1525.56787","2414.68604","-31.35633","1272.29358","2345.97388","","","","253.07330","1059.57959","2415.60864","","","","181.16940","896.79565","2518.75488","-233.71379","860.69287","2154.69043","79.96185","907.40552","2385.29761","-137.21465","908.06000","2254.71655","","","","158.25339","491.56522","2287.32642","-148.47696","496.79123","2317.20361","199.62651","175.05551","2198.76245","-163.79285","172.43987","2396.54321",NA,"P3",20,14
502,5.01,"59.41530","1610.40906","2358.19043","121.01635","102.75652","2277.71313","","","","","","","182.71878","1382.00720","2348.74097","-123.45855","1525.89063","2417.54028","-36.35117","1271.87952","2351.38428","","","","248.16249","1057.58887","2420.16675","","","","175.72957","894.71899","2523.18872","-237.80722","858.71332","2157.86572","75.46415","905.90155","2391.71729","-141.08612","906.69141","2260.35547","","","","155.45882","490.29776","2291.58032","-153.39209","495.52026","2322.56860","199.41498","175.39566","2200.40820","-164.34267","168.78009","2398.19873",NA,"P3",20,14
503,5.02,"54.96890","1610.01819","2362.57617","120.99004","102.61956","2277.64868","","","","","","","178.01085","1381.39417","2354.27368","-128.66708","1526.01233","2420.32397","-41.09280","1270.38293","2355.37744","","","","242.56236","1056.72778","2426.96143","","","","170.71756","892.34137","2526.79761","-241.23721","857.37677","2161.56787","70.53807","904.62079","2398.33887","-145.83524","905.87952","2266.26904","","","","152.58168","489.99530","2296.27173","-158.27385","494.03882","2327.76489","198.82545","175.37151","2200.89697","-165.68274","166.21712","2398.26660",NA,"P3",20,14
504,5.03,"50.45544","1609.32092","2366.31226","120.94160","102.42950","2277.49756","","","","","","","173.12262","1379.89990","2360.80884","-133.77026","1526.72876","2423.48853","-46.13874","1269.89136","2360.34277","","","","237.23454","1054.84314","2431.91699","","","","164.73781","890.21313","2531.83496","-245.54126","856.16040","2165.90161","65.60212","903.19696","2404.54346","-150.00763","904.12177","2269.78833","","","","149.71295","488.94809","2300.50195","-162.78302","492.56158","2332.79883","198.41861","175.42783","2201.17041","-167.90993","165.02995","2403.04492",NA,"P3",20,14
505,5.04,"46.10577","1608.83984","2370.34741","120.92580","102.32961","2277.46802","","","","","","","167.89221","1379.11975","2367.33423","-139.19795","1526.98779","2426.42725","-51.52531","1269.35583","2364.87378","","","","231.01852","1053.49255","2437.08228","","","","159.14157","887.97083","2535.39502","-249.93498","854.92242","2169.54224","59.91817","901.94250","2411.00732","-154.56360","903.83362","2275.38452","","","","145.85059","487.80161","2306.01440","-167.16565","491.11487","2337.66479","198.18172","175.32672","2201.47681","-170.55148","163.68924","2406.84570",NA,"P3",20,14
506,5.05,"41.68439","1608.26013","2374.20654","","","","","","","","","","162.90517","1378.43335","2374.12769","-144.47385","1527.37732","2428.11475","-56.96271","1268.47058","2369.60229","","","","225.65085","1052.58130","2443.30200","","","","153.04636","885.74805","2539.59204","-253.30112","853.89856","2173.80371","54.09701","900.59949","2417.40796","-159.33858","903.38568","2280.56177","","","","142.16870","486.64734","2310.56714","-171.62686","490.65067","2341.94336","196.59444","178.02615","2204.27710","-173.08690","162.54453","2410.40356",NA,"P3",20,13
507,5.06,"37.10715","1607.84473","2378.11865","120.14820","102.06125","2279.23999","","","","","","","157.79213","1377.79443","2380.81982","-150.13852","1528.34863","2431.03662","-62.24973","1268.15076","2373.99536","","","","219.24435","1051.45850","2449.06128","","","","147.19470","883.34253","2543.33252","-257.65372","852.57196","2177.00366","47.97102","899.59058","2424.22192","-164.75124","902.53888","2284.59277","","","","138.13303","485.71494","2315.95337","-176.18439","491.13052","2346.73193","196.28731","178.65981","2205.64893","-174.81131","161.26788","2412.73633",NA,"P3",20,14
508,5.07,"32.30801","1607.75549","2382.38281","","","","","","","","","","152.27287","1377.30420","2387.06152","-155.65076","1529.00964","2433.97681","-67.65429","1267.82458","2378.40039","","","","213.13660","1050.01501","2453.70288","","","","141.14749","881.39801","2546.30737","-261.65384","851.85657","2181.00146","41.91005","897.96625","2430.34937","-169.75861","903.58179","2290.57446","","","","133.41493","485.18484","2321.98584","-181.02243","492.21436","2352.96753","195.63478","178.64182","2206.17090","-177.42839","162.22096","2413.69263",NA,"P3",20,13
509,5.08,"27.15875","1607.49390","2386.91089","","","","","","","","","","146.90311","1375.86218","2393.08862","-161.38692","1529.96069","2436.51489","-73.05471","1267.47656","2382.58789","","","","207.35977","1049.39697","2459.88208","","","","134.82819","878.96216","2550.11816","-265.28287","851.38690","2184.77783","35.62354","897.05408","2436.24414","-175.44420","903.32220","2293.99536","","","","128.80525","483.84451","2327.76440","-186.00703","493.75259","2358.79468","194.53709","179.30179","2206.59424","-179.80545","161.97870","2416.18701",NA,"P3",20,13
510,5.09,"22.39789","1607.92004","2391.23755","","","","","","","","","","141.10173","1376.26404","2399.29102","-167.30124","1530.74426","2438.60547","-78.62613","1267.41357","2386.97192","","","","200.53255","1048.34229","2464.60596","","","","128.61528","876.93286","2553.13940","-269.48816","850.57458","2187.91479","28.97527","896.34039","2442.60181","-180.44978","905.15619","2299.23218","","","","123.94102","482.67050","2333.97388","-191.33691","494.57001","2365.28296","193.64815","182.46252","2210.00562","-181.56639","162.26718","2417.36890",NA,"P3",20,13
511,5.1,"17.44747","1608.26880","2395.41821","118.59234","102.92982","2282.42065","","","","","","","135.49174","1376.45361","2406.32300","-173.05090","1531.75110","2440.42041","-84.36470","1267.89685","2391.43091","","","","194.16396","1047.56604","2470.63354","","","","121.41267","875.88824","2557.07495","-273.04733","850.46777","2191.81079","22.43363","895.79138","2448.30835","-186.06435","905.26563","2302.49268","","","","118.78590","482.41653","2340.65723","-197.07346","494.87119","2371.74707","192.34688","183.34859","2210.44702","-183.18759","162.15479","2419.24341",NA,"P3",20,14
512,5.11,"12.55799","1608.30212","2399.81030","118.27503","103.40043","2283.99243","","","","","","","130.31137","1376.58179","2412.95386","-179.16470","1532.44788","2442.87964","-89.75241","1268.28296","2395.34863","","","","187.77422","1046.76550","2475.01563","","","","114.38034","874.61688","2560.06519","-276.75284","850.73718","2195.85962","15.32538","895.44519","2454.59106","-191.32619","906.77808","2307.53662","","","","113.50461","482.22812","2348.43384","-202.53230","495.03769","2377.28613","191.46683","186.50026","2214.03076","-183.96468","160.73837","2423.33325",NA,"P3",20,14
513,5.12,"7.30817","1609.29346","2404.57715","","","","","","","","","","124.76568","1377.28455","2419.32056","-184.82368","1533.64343","2444.56934","-95.29907","1269.44812","2399.38110","","","","180.79834","1047.38684","2481.67578","","","","108.06009","872.84778","2561.94971","-280.41351","850.66412","2198.02246","8.10737","895.85931","2461.23560","-196.81877","908.24438","2310.59961","","","","108.49403","481.89703","2356.12451","-207.52269","495.64713","2381.46338","189.56290","189.80583","2216.65845","-186.70975","162.42905","2421.97144",NA,"P3",20,13
514,5.13,"2.17218","1610.24084","2409.18848","118.43252","103.86761","2287.69775","","","","","","","119.02817","1377.77234","2425.72363","-190.36151","1535.00903","2446.85815","-100.79951","1270.33459","2403.80420","","","","174.11922","1047.18286","2486.33862","","","","100.29755","872.43103","2566.35938","-284.12607","851.95044","2202.28320","0.78828","896.13373","2467.54736","-201.78242","909.17474","2314.12939","","","","103.32825","481.84283","2364.11035","-211.86314","496.68256","2385.72070","188.36475","192.75504","2219.72803","-186.61931","161.59656","2424.50195",NA,"P3",20,14
515,5.14,"-2.87365","1611.50781","2414.10205","118.95486","103.45540","2289.24487","","","","","","","113.84338","1378.21069","2430.90259","-54.35231","1316.70959","2023.69336","-106.32208","1271.64001","2407.64209","","","","167.30823","1047.46216","2491.78345","","","","93.46623","871.54346","2568.83154","-287.11850","852.67004","2206.22876","-5.61633","896.65576","2472.32837","-206.63840","910.41559","2317.51221","","","","97.67850","481.88501","2373.32397","-215.38757","497.44742","2387.76196","187.61032","195.43501","2222.66113","-187.44505","161.40250","2423.10132",NA,"P3",20,14
516,5.15,"-8.03280","1612.48828","2418.95703","-57.83698","1317.33118","2028.11401","","","","","","","108.03164","1379.32361","2437.45166","","","","-111.57795","1272.89746","2411.41699","","","","160.70830","1048.17810","2497.27026","","","","85.66611","871.73761","2572.42480","-290.63785","853.32129","2208.38354","-13.43664","898.41626","2479.21875","-212.25505","911.91016","2321.37524","","","","91.83717","481.97675","2383.01978","-218.98927","497.92255","2390.74170","185.54723","199.28528","2226.62646","-188.06444","161.18851","2423.65991",NA,"P3",20,13
517,5.16,"-12.80093","1613.57825","2423.02759","-61.74020","1318.74316","2033.39124","","","","","","","102.88351","1380.27173","2443.91650","","","","-116.82497","1274.32520","2415.15967","","","","154.12846","1048.49207","2501.89966","","","","78.35371","871.62256","2575.24414","-293.89792","854.62665","2211.83789","-20.69305","899.74335","2484.32300","-217.36972","914.13983","2325.73389","","","","85.57918","482.16238","2394.47192","-222.73846","497.69641","2392.95801","182.72581","205.48853","2233.25049","-189.82365","162.41798","2423.27563",NA,"P3",20,13
518,5.17,"-17.41464","1614.73206","2428.06616","-65.18719","1320.10339","2039.00171","","","","","","","97.75558","1381.72156","2449.82275","","","","-122.05796","1275.99097","2418.65796","","","","148.01123","1049.41797","2507.11523","","","","70.61847","872.06189","2578.72070","-297.05728","856.32861","2215.43359","-27.54945","900.86896","2489.79810","-223.05780","914.98468","2328.46655","","","","80.09548","482.10870","2405.23706","-225.28439","497.50241","2394.48779","182.22769","209.71698","2239.37329","-190.44272","162.31549","2423.60400",NA,"P3",20,13
519,5.18,"-21.86746","1616.25464","2432.04883","-68.40226","1321.53113","2044.22180","","","","","","","93.04626","1382.62769","2454.98022","","","","-127.52278","1277.63000","2422.87427","","","","140.88263","1049.94934","2512.31543","","","","62.82437","872.63477","2582.39038","-300.00867","858.21375","2218.40527","-34.81198","902.66046","2494.94873","-227.92468","915.80164","2331.70435","","","","72.66103","483.33936","2418.70435","-228.67249","496.88196","2396.93213","179.99348","214.67303","2246.09985","-191.03604","162.21133","2423.93530",NA,"P3",20,13
520,5.19,"-26.42598","1617.17554","2436.28125","-72.18290","1323.29553","2050.49658","","","","","","","87.85172","1382.82239","2459.95874","","","","-132.79935","1279.51868","2426.28516","","","","135.06810","1050.54468","2517.33838","","","","54.96870","872.68573","2586.48438","-303.19202","859.06183","2220.83252","-42.47163","904.47247","2500.11987","-233.13275","917.55084","2335.27051","","","","65.94652","483.23773","2430.22656","-230.47104","496.62027","2397.78857","177.33966","217.98859","2251.69727","-191.37585","162.18088","2424.36230",NA,"P3",20,13
521,5.2,"-30.76968","1618.39746","2441.21167","-75.66082","1324.64490","2056.09204","","","","","","","82.56750","1383.90112","2465.92871","","","","-138.16992","1281.09253","2429.93457","","","","128.53471","1050.77209","2521.89868","","","","47.51336","873.23065","2589.49170","-306.03305","860.31744","2223.22607","-49.13978","905.93390","2504.90332","-238.79016","917.63293","2338.25879","","","","58.34790","482.82028","2442.62500","-232.61447","496.44360","2398.71533","174.22112","224.57394","2261.06592","-191.67696","162.11441","2424.71777",NA,"P3",20,13
522,5.21,"-34.49700","1619.31079","2445.29297","-79.40670","1326.23621","2061.79419","","","","","","","77.48592","1384.38037","2471.97461","","","","-143.35287","1282.75586","2433.55811","","","","122.11755","1051.23608","2527.88574","","","","39.42617","873.70013","2593.52393","-309.21198","862.23749","2227.52124","-56.35067","907.47107","2510.03687","-243.56773","918.44281","2341.18579","","","","49.88454","483.88071","2455.98950","-234.33066","495.89539","2399.48853","169.51816","231.26790","2270.62891","-191.89984","162.07066","2425.00415",NA,"P3",20,13
523,5.22,"-38.29589","1619.80505","2448.97852","-82.67384","1326.89722","2066.33618","","","","","","","72.17757","1385.29785","2477.79688","","","","-148.25475","1283.47668","2436.41211","","","","115.96522","1051.16638","2531.80127","","","","31.16018","874.30585","2598.50342","-312.67203","863.41583","2229.98486","-62.85160","908.18250","2513.58203","-248.70857","919.84259","2343.99219","","","","41.10857","483.49545","2469.43677","-235.53241","495.69022","2400.56323","166.01506","234.39500","2277.23486","-191.81763","161.72719","2425.07300",NA,"P3",20,13
524,5.23,"-42.67139","1620.70313","2453.39600","-86.69054","1327.92761","2071.85059","","","","","","","67.11481","1385.21179","2482.72217","","","","-153.61295","1284.78857","2440.23657","","","","","","","","","","23.19634","874.74310","2602.73804","-316.00970","864.61896","2232.50391","-69.43670","909.33081","2518.29443","-253.34299","918.89410","2346.53906","","","","31.92568","483.62311","2482.69971","-236.63501","495.27908","2401.04224","161.84863","238.33612","2283.86914","-191.95816","161.53381","2425.29590",NA,"P3",20,12
525,5.24,"-46.69056","1621.37659","2457.87329","-90.00352","1328.21680","2076.02393","","","","","","","62.10778","1385.38928","2487.92603","103.05382","1050.93738","2542.45679","-158.72560","1285.68909","2443.52441","","","","","","","","","","15.11740","874.87500","2607.09058","-319.03296","865.53827","2235.84326","-75.69154","910.24469","2522.76611","-257.31293","918.48761","2349.74438","","","","22.81499","484.07156","2495.87915","-238.55788","494.98499","2401.77734","156.86670","244.21736","2294.65332","-190.91597","159.70914","2427.17236",NA,"P3",20,13
526,5.25,"-50.06651","1621.91248","2462.00366","-93.77993","1329.51221","2081.71606","","","","","","","57.31145","1385.11133","2493.17383","96.70215","1050.77039","2548.37695","-163.52975","1286.17761","2446.36768","","","","","","","","","","6.78703","875.39160","2611.96704","-321.99768","866.19373","2237.67773","-82.13712","910.45178","2526.64795","","","","","","","12.70511","484.15381","2508.12793","-239.90092","494.74399","2402.28711","152.22125","251.17209","2305.94409","-192.20930","161.18301","2425.79004",NA,"P3",20,12
527,5.26,"-53.63200","1622.35144","2466.02661","-97.09647","1330.47827","2087.09692","","","","","","","52.51032","1385.17419","2498.76123","90.11250","1050.35278","2553.90063","-168.26132","1286.43506","2449.41357","","","","","","","","","","-1.50126","875.52826","2616.77271","-325.64587","867.12750","2240.25122","-88.28195","911.64008","2531.77661","","","","","","","2.16929","484.00589","2520.72021","-241.03500","494.45108","2402.80176","146.40376","255.61226","2315.89404","-192.39604","161.12526","2426.00952",NA,"P3",20,12
528,5.27,"-57.84792","1622.53491","2471.06274","-100.27422","1331.08301","2092.27002","","","","","","","47.21889","1384.54480","2503.95239","83.24574","1050.00098","2559.81836","-173.03166","1286.71301","2452.71387","","","","","","","","","","-10.02682","875.70374","2621.64380","-328.75998","868.15997","2244.10327","-94.04186","911.40039","2535.42627","","","","","","","-7.68383","484.58261","2533.58765","-241.98109","494.32523","2403.34692","140.61894","260.66199","2326.93433","-192.50085","161.10146","2426.02393",NA,"P3",20,12
529,5.28,"-61.71890","1623.05798","2474.92871","","","","","","","","","","42.48581","1383.87024","2508.43457","76.67196","1049.45166","2565.44287","-177.27032","1286.51599","2455.67822","","","","","","","","","","-18.61357","875.81226","2626.78369","-332.70795","868.77899","2246.54639","-99.76231","911.33740","2539.66797","","","","","","","-18.41152","484.47525","2544.49268","-243.17607","494.01212","2403.65137","135.07016","266.13135","2338.19897","-192.66666","161.10368","2426.05127",NA,"P3",20,11
530,5.29,"-65.27791","1623.27100","2478.45264","","","","","","","","","","37.83345","1383.94543","2513.89673","","","","-181.69421","1286.44250","2458.46436","","","","","","","","","","-26.99703","875.82892","2631.41211","-335.68896","869.33154","2248.54028","-105.38006","911.87335","2543.97925","","","","","","","-29.03898","485.55630","2556.74731","-244.50865","494.04578","2404.21216","128.74384","271.26166","2349.64722","-192.76823","161.02916","2425.97144",NA,"P3",20,10
531,5.3,"-69.26915","1623.30457","2483.35474","","","","","","","","","","33.15427","1383.77356","2519.31934","","","","-185.91548","1286.26318","2461.66040","","","","","","","","","","-35.58614","875.90302","2636.48242","-338.86551","870.19525","2251.84351","-111.00132","911.52771","2547.18677","","","","","","","-40.31823","486.49081","2567.65283","-245.41809","493.87527","2404.34448","122.55041","275.39337","2361.50610","-192.92072","161.12569","2426.09741",NA,"P3",20,10
532,5.31,"-73.16624","1624.18689","2488.08179","","","","","","","","","","28.46339","1383.62488","2524.24731","","","","-190.19405","1286.18420","2464.94775","","","","","","","","","","-44.16428","876.43396","2641.65527","-342.48462","870.21600","2253.39648","-116.08812","912.15924","2551.26758","","","","","","","-52.67773","488.03033","2579.07690","-246.11116","493.77634","2404.38940","115.29684","279.71262","2374.01538","-192.98796","161.00121","2425.97021",NA,"P3",20,10
533,5.32,"-77.52032","1624.85156","2492.68530","","","","","","","","","","23.55652","1383.23767","2529.25635","","","","-194.01486","1286.15759","2467.28174","","","","","","","","","","-52.53147","876.88898","2646.33325","-345.41748","871.38446","2256.16870","-122.01717","912.07922","2554.61621","","","","","","","-64.30209","490.04816","2589.21265","-246.55542","493.65866","2404.28906","108.56960","281.29279","2385.23999","-192.94057","161.02376","2425.93433",NA,"P3",20,10
534,5.33,"-81.60787","1624.99243","2496.68457","","","","","","","","","","18.70320","1383.14771","2534.48706","","","","-198.01178","1286.16968","2470.15137","","","","","","","","","","-61.31290","877.67554","2651.44360","-348.76541","872.56183","2258.68433","-127.31261","912.84387","2557.94580","","","","","","","-76.05104","491.25464","2598.67603","-246.87833","493.54944","2404.23999","100.44692","283.48505","2398.42334","-193.02406","161.05121","2425.86963",NA,"P3",20,10
535,5.34,"-85.35553","1625.33472","2500.16016","","","","","","","","","","13.92488","1383.66479","2540.29712","","","","-201.89149","1285.89380","2472.58203","","","","","","","","","","-69.97623","878.42792","2656.45898","-352.20120","873.75696","2261.07690","-132.87114","913.73395","2561.47485","","","","","","","-87.80012","493.11194","2607.97778","-247.20496","493.41534","2404.18555","92.47778","284.63461","2411.44141","-192.80095","160.94174","2425.69971",NA,"P3",20,10
536,5.35,"-89.53548","1626.33801","2505.54126","","","","","","","","","","9.22785","1383.86768","2546.00098","","","","-205.58583","1286.65112","2475.80542","","","","","","","","","","-78.32565","879.36798","2661.28882","-355.01971","875.12213","2263.82129","-138.60223","914.41333","2563.90479","","","","","","","-99.59763","495.47623","2616.28564","-247.42267","493.32904","2404.16870","83.62517","284.69043","2425.35474","-192.82190","160.99249","2425.62451",NA,"P3",20,10
537,5.36,"-93.79495","1627.02417","2510.14819","","","","","","","","","","4.24533","1384.23877","2551.19897","","","","-209.40025","1286.61316","2477.98853","","","","","","","","","","-86.40676","880.32410","2665.77026","-357.88486","876.47491","2265.69873","-143.92436","915.98425","2567.23120","","","","","","","-111.38712","497.84711","2624.10718","-247.45805","493.25183","2403.94434","74.83474","284.26154","2438.93677","-192.69386","160.99486","2425.57178",NA,"P3",20,10
538,5.37,"-98.21906","1627.61035","2514.39160","","","","","","","","","","-0.59947","1384.70532","2556.18188","","","","-213.18266","1286.97437","2481.01807","","","","","","","","","","-94.85052","881.72235","2670.94531","-360.83423","877.90619","2267.21387","-149.00687","916.81360","2569.98438","","","","","","","-123.31788","501.06842","2632.32251","-247.57573","493.21872","2403.77368","65.36586","283.55377","2453.54712","-192.59129","161.14906","2425.49536",NA,"P3",20,10
539,5.38,"-102.63498","1627.87854","2518.83618","","","","","","","","","","-5.89049","1385.71094","2562.09106","","","","-216.64731","1287.44531","2482.68237","","","","","","","","","","-102.92292","883.01990","2675.33545","-363.38300","879.92102","2269.62866","-154.62764","917.80389","2572.05884","","","","","","","-135.42874","503.17365","2638.87280","-247.46846","493.25153","2403.47827","55.70289","282.71866","2468.32739","-192.49025","161.17902","2425.33154",NA,"P3",20,10
540,5.39,"-106.80706","1629.32397","2524.08716","","","","","","","","","","-10.82834","1386.38806","2567.66919","","","","-220.29105","1287.91089","2484.96240","","","","","","","","","","-110.59773","884.49060","2679.97266","-365.80554","881.87091","2271.00024","-159.64772","919.43451","2575.47559","","","","","","","-146.93338","504.78513","2644.31885","-247.25597","493.45944","2403.14722","46.54735","280.30103","2482.38062","-192.43388","161.28218","2425.07642",NA,"P3",20,10
541,5.4,"-110.93239","1629.87671","2528.78979","","","","","","","","","","-15.87333","1386.78943","2572.74341","","","","-224.00000","1288.34131","2487.42627","","","","","","","","","","-118.78056","885.81927","2684.95581","-368.56180","883.36377","2272.68652","-164.47868","920.26044","2577.85474","","","","","","","-158.22688","506.93118","2650.12329","-247.13284","493.52591","2402.87988","36.79731","276.98734","2496.91675","-192.40819","161.32832","2424.84302",NA,"P3",20,10
542,5.41,"-115.23234","1629.86694","2533.24536","","","","","","","","","","-21.32261","1388.17029","2578.20020","","","","-227.73087","1288.93335","2489.04175","","","","","","","","","","-126.21152","886.98480","2688.97217","-370.73920","885.14117","2274.36963","-169.83676","921.34125","2579.91870","","","","","","","-169.15471","508.02347","2652.94287","-246.83482","493.56561","2402.66919","25.77397","274.08160","2512.47900","-192.30975","161.65643","2424.82104",NA,"P3",20,10
543,5.42,"-119.70866","1630.71704","2537.29004","","","","","","","","","","-26.82064","1388.84424","2583.75366","","","","-231.28055","1289.35083","2491.33447","","","","","","","","","","-133.98166","888.04803","2693.54761","-372.57385","887.04517","2275.03149","-174.30263","922.32794","2583.07935","","","","","","","-180.15340","511.49466","2658.94629","-246.51538","493.60495","2402.46313","14.58006","269.50803","2526.12305","-192.22110","161.72612","2424.64819",NA,"P3",20,10
544,5.43,"-123.69797","1631.61206","2542.22119","","","","","","","","","","-31.62472","1389.01941","2588.50562","","","","-235.13028","1289.72986","2493.00562","","","","","","","","","","-141.33022","889.59961","2698.29321","-374.71143","888.50317","2276.14282","-179.44446","923.21796","2585.20972","","","","","","","-191.32147","512.90857","2661.86841","-246.33948","493.58655","2402.44946","3.28671","265.37112","2541.89624","-192.07310","161.92462","2424.55005",NA,"P3",20,10
545,5.44,"-127.89133","1631.75574","2547.32397","","","","","","","","","","-37.67014","1389.60168","2594.53882","","","","-238.54097","1290.04053","2494.91406","","","","","","","","","","-148.58183","890.61829","2702.83374","-376.64438","890.30084","2276.78906","-184.30292","923.82849","2587.97876","","","","","","","-201.12064","515.20239","2665.14087","-246.05507","493.68146","2402.50195","-8.97465","260.05588","2556.00293","-191.91119","161.91901","2424.26367",NA,"P3",20,10
546,5.45,"-131.98978","1632.26721","2551.50659","","","","","","","","","","-43.06164","1390.01245","2599.73779","","","","","","","","","","","","","","","","-155.92099","891.82611","2707.24585","-378.25153","892.09430","2278.37109","-188.94090","924.66211","2590.90210","","","","","","","-211.11861","516.52753","2666.66772","-245.52159","493.64532","2402.64990","-21.62360","255.18347","2571.94629","-191.76349","162.06633","2424.21826",NA,"P3",20,9
547,5.46,"","","","","","","","","","","","","-48.43072","1390.12756","2604.77783","","","","","","","","","","","","","","","","-163.04668","892.93658","2711.38354","-379.29367","893.53381","2279.02368","-194.11116","924.85162","2592.82642","","","","","","","-220.31487","518.56989","2669.29395","-245.03505","493.63107","2402.88867","-35.61802","249.21516","2586.94360","-191.51093","162.06198","2424.04028",NA,"P3",20,8
548,5.47,"","","","","","","","","","","","","-54.54705","1390.70642","2610.80005","","","","","","","","","","","","","","","","-170.57753","893.33807","2715.81055","-380.73175","895.60730","2280.39941","-198.49643","925.54614","2595.55371","","","","","","","-229.62407","519.14624","2670.35522","-244.57167","493.63248","2403.02612","-49.58952","242.81459","2601.62573","-191.22276","162.03658","2423.76855",NA,"P3",20,8
549,5.48,"","","","","","","","","","","","","-59.73705","1390.43384","2615.28271","","","","","","","","","","","","","","","","-177.56331","893.96680","2720.11108","-381.97705","897.78998","2281.64575","-203.27881","925.58630","2597.78467","","","","","","","-237.96658","521.23682","2672.50488","-243.96608","493.62955","2403.06958","-63.73989","237.35548","2616.54077","-190.81680","162.24242","2423.71948",NA,"P3",20,8
550,5.49,"","","","","","","","","","","","","-65.61225","1390.54407","2620.85815","","","","","","","","","","","","","","","","-184.30504","894.74811","2724.39844","-383.50208","900.07019","2284.07251","-208.09860","925.72461","2599.51196","","","","","","","-246.56960","521.34314","2673.41406","-243.23734","493.58429","2403.04639","-78.79553","232.35303","2631.48560","-190.46223","162.34918","2423.70264",NA,"P3",20,8
551,5.5,"","","","","","","","","","","","","-71.48242","1390.91565","2626.02930","","","","","","","","","","","","","","","","-190.82368","894.92157","2728.31689","-384.96811","902.28876","2286.87744","-212.61125","926.11096","2602.27588","","","","","","","-254.23412","522.50696","2674.84082","-242.45943","493.85632","2403.19946","-93.95901","226.99303","2645.77100","-190.21881","162.43077","2423.66870",NA,"P3",20,8
552,5.51,"","","","","","","","","","","","","-76.99755","1390.53564","2630.95435","","","","","","","","","","","","","","","","-197.82451","895.03229","2732.29907","-386.52612","904.44196","2290.85913","-217.68138","926.35388","2604.24292","","","","","","","-260.79782","522.82867","2675.40479","-241.97064","494.24802","2403.72241","-109.71159","223.01305","2660.69360","-189.92804","162.46533","2423.54736",NA,"P3",20,8
553,5.52,"","","","","","","","","","","","","-82.88506","1390.70984","2636.44287","","","","","","","","","","","","","","","","-204.62668","895.06012","2736.02808","-382.87360","903.88062","2283.58179","-222.68616","925.81415","2605.63965","","","","","","","-267.66965","523.06598","2676.34253","-241.60802","494.42548","2404.06348","-126.29045","218.38618","2674.41797","-189.49059","162.54939","2423.35400",NA,"P3",20,8
554,5.53,"","","","","","","","","","","","","-88.98496","1390.14783","2641.85400","","","","","","","","","","","","","","","","-211.36505","895.10071","2739.55371","-381.69916","905.58063","2284.65674","-227.40645","926.11835","2608.49854","","","","","","","-273.59167","523.84711","2676.75928","-241.11462","494.69449","2404.35767","-143.31677","215.09976","2688.57837","-189.16342","162.61203","2423.23901",NA,"P3",20,8
555,5.54,"","","","","","","","","","","","","-94.66008","1390.31702","2647.21265","","","","","","","","","","","","","","","","-217.49298","894.10339","2742.85376","-381.66980","906.41772","2285.56152","-232.55513","925.99585","2610.30078","","","","","","","-279.82672","523.22961","2676.79272","-240.68201","494.86462","2404.64453","-160.72939","211.32957","2700.07202","-188.90874","162.70805","2423.16260",NA,"P3",20,8
556,5.55,"","","","","","","","","","","","","-101.12160","1390.16431","2652.28418","","","","","","","","","","","","","","","","-223.52522","893.68060","2746.48315","-381.46503","906.77856","2286.02783","-237.81740","925.71033","2611.96924","","","","","","","-285.41620","522.55951","2676.15430","-239.65097","494.57977","2406.33765","-178.51974","209.43307","2712.72632","-188.47658","162.83228","2423.10083",NA,"P3",20,8
557,5.56,"","","","","","","","","","","","","-107.05376","1389.96753","2657.77271","","","","","","","","","","","","","","","","-230.03735","893.81378","2750.32080","","","","-243.26207","926.17859","2613.58203","","","","","","","-291.89505","523.31970","2676.83643","-239.16644","494.85654","2406.08057","","","","-188.20049","162.90248","2423.02246",NA,"P3",20,6
558,5.57,"","","","","","","","","","","","","-113.50966","1390.00110","2662.81567","","","","","","","","","","","","","","","","-236.29254","893.02228","2753.52002","","","","-248.79196","926.13605","2615.97241","","","","","","","-297.92215","522.92395","2676.97070","-238.43875","495.23416","2405.54053","","","","-187.90840","163.01808","2423.01807",NA,"P3",20,6
559,5.58,"","","","","","","","","","","","","-119.58015","1389.83484","2668.44897","","","","","","","","","","","","","","","","-242.41891","891.83667","2756.14233","","","","-253.89076","926.29718","2618.07617","","","","","","","-303.45517","523.32031","2677.16040","-237.73647","495.54642","2405.04370","","","","-187.73582","163.04185","2423.10059",NA,"P3",20,6
560,5.59,"","","","","","","","","","","","","-126.24537","1389.41663","2673.76489","","","","","","","","","","","","","","","","-248.47519","890.80402","2758.77344","","","","-259.90875","926.80267","2621.25562","","","","","","","-309.03464","523.22382","2676.93042","-236.48555","495.39139","2406.98364","","","","-187.43929","163.02596","2423.08472",NA,"P3",20,6
561,5.6,"","","","","","","","","","","","","-132.52492","1389.12524","2678.80322","","","","","","","","","","","","","","","","-254.22227","889.76135","2761.98877","","","","-265.27618","927.13367","2623.08325","","","","","","","-314.58820","522.95856","2677.59326","-235.83580","495.60941","2406.57593","","","","-187.16727","163.08398","2423.04077",NA,"P3",20,6
562,5.61,"","","","","","","","","","","","","-139.41330","1389.64722","2684.86792","","","","","","","","","","","","","","","","-259.91727","889.02728","2764.71362","","","","-270.84787","926.61945","2624.30029","","","","","","","-318.90302","522.99316","2677.18555","-234.69125","495.31509","2408.79980","","","","-187.01035","163.23413","2423.10718",NA,"P3",20,6
563,5.62,"","","","","","","","","","","","","-146.17027","1388.73999","2689.24805","","","","","","","","","","","","","","","","-265.68655","888.27313","2767.12988","","","","-276.34875","926.46063","2627.04639","","","","","","","-323.44885","523.44696","2677.72437","-234.30144","495.48083","2408.81860","","","","-186.78316","163.34669","2422.96216",NA,"P3",20,6
564,5.63,"","","","","","","","","","","","","","","","","","","","","","","","","","","","","","","","","","","","","-281.92709","926.97302","2629.61572","","","","","","","-327.28229","522.96417","2678.90649","-233.76126","495.74899","2408.53271","","","","-186.51720","163.70302","2423.07471",NA,"P3",20,4
565,5.64,"","","","","","","","","","","","","","","","","","","","","","","","","","","","","","","","","","","","","-287.63065","927.61578","2633.12207","","","","","","","-330.82733","522.02954","2679.69263","-233.13890","496.01953","2410.27856","","","","-186.13217","164.18958","2422.92969",NA,"P3",20,4
566,5.65,"","","","","","","","","","","","","","","","","","","","","","","","","","","","","","","","","","","","","-293.19440","927.12811","2634.96558","","","","","","","-333.69119","521.09814","2681.38013","-232.97430","496.37451","2410.41406","","","","-185.61002","164.40717","2422.49316",NA,"P3",20,4
567,5.66,"","","","","","","","","","","","","","","","","","","","","","","","","","","","","","","","","","","","","","","","","","","","","","-336.23624","520.00311","2682.87012","-233.29855","497.68457","2411.71924","","","","","","",NA,"P3",20,2
568,5.67,"","","","","","","","","","","","","","","","","","","","","","","","","","","","","","","","","","","","","","","","","","","","","","-339.33096","517.84766","2684.65015","-232.85635","497.84912","2414.37378","","","","","","",NA,"P3",20,2
569,5.68,"","","","","","","","","","","","","","","","","","","","","","","","","","","","","","","","","","","","","","","","","","","","","","-341.97186","517.21332","2686.94946","-232.93016","498.27286","2414.74585","","","","","","",NA,"P3",20,2
570,5.69,"","","","","","","","","","","","","","","","","","","","","","","","","","","","","","","","","","","","","","","","","","","","","","-343.87750","515.55420","2688.23511","-232.85663","498.29364","2418.51294","","","","","","",NA,"P3",20,2
571,5.7,"","","","","","","","","","","","","","","","","","","","","","","","","","","","","","","","","","","","","","","","","","","","","","-344.72522","513.22107","2690.25366","-233.16525","498.10867","2422.50171","","","","","","",NA,"P3",20,2
572,5.71,"","","","","","","","","","","","","","","","","","","","","","","","","","","","","","","","","","","","","","","","","","","","","","-344.74048","511.66251","2692.49487","-233.63145","498.52933","2423.14136","","","","","","",NA,"P3",20,2
573,5.72,"","","","","","","","","","","","","","","","","","","","","","","","","","","","","","","","","","","","","","","","","","","","","","-343.57394","508.83139","2692.17676","","","","","","","","","",NA,"P3",20,1
574,5.73,"","","","","","","","","","","","","","","","","","","","","","","","","","","","","","","","","","","","","","","","","","","","","","-343.21008","508.55692","2694.37305","","","","","","","","","",NA,"P3",20,1
575,5.74,"","","","","","","","","","","","","","","","","","","","","","","","","","","","","","","","","","","","","","","","","","","","","","-342.46872","507.86447","2695.06787","","","","","","","","","",NA,"P3",20,1
576,5.75,"","","","","","","","","","","","","","","","","","","","","","","","","","","","","","","","","","","","","","","","","","","","","","-342.46906","507.73123","2695.13599","","","","","","","","","",NA,"P3",20,1
577,5.76,"","","","","","","","","","","","","","","","","","","","","","","","","","","","","","","","","","","","","","","","","","","","","","-343.21872","506.96042","2695.67725","","","","","","","","","",NA,"P3",20,1
578,5.77,"","","","","","","","","","","","","","","","","","","","","","","","","","","","","","","","","","","","","","","","","","","","","","-344.77362","506.94226","2697.14893","","","","","","","","","",NA,"P3",20,1
579,5.78,"","","","","","","","","","","","","","","","","","","","","","","","","","","","","","","","","","","","","","","","","","","","","","-345.50903","506.15195","2697.65430","","","","","","","","","",NA,"P3",20,1
580,5.79,"","","","","","","","","","","","","","","","","","","","","","","","","","","","","","","","","","","","","","","","","","","","","","-346.42355","506.98901","2698.87402","","","","","","","","","",NA,"P3",20,1
581,5.8,"","","","","","","","","","","","","","","","","","","","","","","","","","","","","","","","","","","","","","","","","","","","","","-347.45386","507.78653","2700.78833","","","","","","","","","",NA,"P3",20,1
582,5.81,"","","","","","","","","","","","","","","","","","","","","","","","","","","","","","","","","","","","","","","","","","","","","","-348.16037","507.65799","2702.04272","","","","","","","","","",NA,"P3",20,1
583,5.82,"","","","","","","","","","","","","","","","","","","","","","","","","","","","","","","","","","","","","","","","","","","","","","-349.22980","507.84372","2703.34937","","","","","","","","","",NA,"P3",20,1
584,5.83,"","","","","","","","","","","","","","","","","","","","","","","","","","","","","","","","","","","","","","","","","","","","","","-350.19189","507.41547","2704.87402","","","","","","","","","",NA,"P3",20,1
585,5.84,"","","","","","","","","","","","","","","","","","","","","","","","","","","","","","","","","","","","","","","","","","","","","","-350.27103","506.51215","2705.79590","","","","","","","","","",NA,"P3",20,1
586,5.85,"","","","","","","","","","","","","","","","","","","","","","","","","","","","","","","","","","","","","","","","","","","","","","-351.04010","506.75854","2707.63892","","","","","","","","","",NA,"P3",20,1
587,5.86,"","","","","","","","","","","","","","","","","","","","","","","","","","","","","","","","","","","","","","","","","","","","","","-351.30890","506.11810","2708.72925","","","","","","","","","",NA,"P3",20,1
588,5.87,"","","","","","","","","","","","","","","","","","","","","","","","","","","","","","","","","","","","","","","","","","","","","","-351.80365","505.90308","2710.52173","","","","","","","","","",NA,"P3",20,1
589,5.88,"","","","","","","","","","","","","","","","","","","","","","","","","","","","","","","","","","","","","","","","","","","","","","-352.01022","505.98486","2711.78564","","","","","","","","","",NA,"P3",20,1
590,5.89,"","","","","","","","","","","","","","","","","","","","","","","","","","","","","","","","","","","","","","","","","","","","","","-352.33121","506.59689","2713.13013","","","","","","","","","",NA,"P3",20,1
591,5.9,"","","","","","","","","","","","","","","","","","","","","","","","","","","","","","","","","","","","","","","","","","","","","","-352.50018","506.74493","2714.07935","","","","","","","","","",NA,"P3",20,1
592,5.91,"","","","","","","","","","","","","","","","","","","","","","","","","","","","","","","","","","","","","","","","","","","","","","-352.54395","506.45679","2714.76978","","","","","","","","","",NA,"P3",20,1
593,5.92,"","","","","","","","","","","","","","","","","","","","","","","","","","","","","","","","","","","","","","","","","","","","","","-352.87720","506.41464","2715.78394","","","","","","","","","",NA,"P3",20,1
594,5.93,"","","","","","","","","","","","","","","","","","","","","","","","","","","","","","","","","","","","","","","","","","","","","","-352.76135","506.06970","2716.00830","","","","","","","","","",NA,"P3",20,1
595,5.94,"","","","","","","","","","","","","","","","","","","","","","","","","","","","","","","","","","","","","","","","","","","","","","-353.11118","506.07144","2717.05933","","","","","","","","","",NA,"P3",20,1
596,5.95,"","","","","","","","","","","","","","","","","","","","","","","","","","","","","","","","","","","","","","","","","","","","","","-353.10538","505.92108","2717.41943","","","","","","","","","",NA,"P3",20,1
597,5.96,"","","","","","","","","","","","","","","","","","","","","","","","","","","","","","","","","","","","","","","","","","","","","","-354.03403","505.42368","2717.50366","","","","","","","","","",NA,"P3",20,1
598,5.97,"","","","","","","","","","","","","","","","","","","","","","","","","","","","","","","","","","","","","","","","","","","","","","-353.66550","505.41351","2718.97754","","","","","","","","","",NA,"P3",20,1
599,5.98,"","","","","","","","","","","","","","","","","","","","","","","","","","","","","","","","","","","","","","","","","","","","","","-353.29654","505.07779","2718.97998","","","","","","","","","",NA,"P3",20,1
600,5.99,"","","","","","","","","","","","","","","","","","","","","","","","","","","","","","","","","","","","","","","","","","","","","","-352.96179","505.21103","2719.68848","","","","","","","","","",NA,"P3",20,1
601,6,"","","","","","","","","","","","","","","","","","","","","","","","","","","","","","","","","","","","","","","","","","","","","","-352.91705","504.49484","2720.77344","","","","","","","","","",NA,"P3",20,1
602,6.01,"","","","","","","","","","","","","","","","","","","","","","","","","","","","","","","","","","","","","","","","","","","","","","-352.84085","504.72546","2721.14185","","","","","","","","","",NA,"P3",20,1
603,6.02,"","","","","","","","","","","","","","","","","","","","","","","","","","","","","","","","","","","","","","","","","","","","","","-351.91132","504.88345","2722.04004","","","","","","","","","",NA,"P3",20,1
604,6.03,"","","","","","","","","","","","","","","","","","","","","","","","","","","","","","","","","","","","","","","","","","","","","","-352.02231","505.09128","2722.32178","","","","","","","","","",NA,"P3",20,1
605,6.04,"","","","","","","","","","","","","","","","","","","","","","","","","","","","","","","","","","","","","","","","","","","","","","-352.15756","505.13660","2723.04297","","","","","","","","","",NA,"P3",20,1
606,6.05,"","","","","","","","","","","","","","","","","","","","","","","","","","","","","","","","","","","","","","","","","","","","","","-352.13998","504.85574","2722.87451","","","","","","","","","",NA,"P3",20,1
607,6.06,"","","","","","","","","","","","","","","","","","","","","","","","","","","","","","","","","","","","","","","","","","","","","","-352.42505","504.82416","2722.50098","","","","","","","","","",NA,"P3",20,1
608,6.07,"","","","","","","","","","","","","","","","","","","","","","","","","","","","","","","","","","","","","","","","","","","","","","-352.40390","504.43945","2722.74097","","","","","","","","","",NA,"P3",20,1
609,6.08,"","","","","","","","","","","","","","","","","","","","","","","","","","","","","","","","","","","","","","","","","","","","","","-352.15872","504.91959","2723.17065","","","","","","","","","",NA,"P3",20,1
610,6.09,"","","","","","","","","","","","","","","","","","","","","","","","","","","","","","","","","","","","","","","","","","","","","","-352.33508","504.20627","2722.89404","","","","","","","","","",NA,"P3",20,1
611,6.1,"","","","","","","","","","","","","","","","","","","","","","","","","","","","","","","","","","","","","","","","","","","","","","-352.38461","504.30319","2722.88574","","","","","","","","","",NA,"P3",20,1
612,6.11,"","","","","","","","","","","","","","","","","","","","","","","","","","","","","","","","","","","","","","","","","","","","","","-352.41537","503.82629","2722.78809","","","","","","","","","",NA,"P3",20,1
613,6.12,"","","","","","","","","","","","","","","","","","","","","","","","","","","","","","","","","","","","","","","","","","","","","","-352.17368","503.96680","2722.37476","","","","","","","","","",NA,"P3",20,1
614,6.13,"","","","","","","","","","","","","","","","","","","","","","","","","","","","","","","","","","","","","","","","","","","","","","-353.37979","505.69012","2723.40283","","","","","","","","","",NA,"P3",20,1
615,6.14,"","","","","","","","","","","","","","","","","","","","","","","","","","","","","","","","","","","","","","","","","","","","","","-351.75525","503.93866","2721.17188","","","","","","","","","",NA,"P3",20,1
616,6.15,"","","","","","","","","","","","","","","","","","","","","","","","","","","","","","","","","","","","","","","","","","","","","","-353.39456","506.18939","2723.23730","","","","","","","","","",NA,"P3",20,1
617,6.16,"","","","","","","","","","","","","","","","","","","","","","","","","","","","","","","","","","","","","","","","","","","","","","-349.86475","504.17770","2717.63672","","","","","","","","","",NA,"P3",20,1
618,6.17,"","","","","","","","","","","","","","","","","","","","","","","","","","","","","","","","","","","","","","","","","","","","","","","","","","","","","","","","","",NA,"P3",20,0
619,6.18,"","","","","","","","","","","","","","","","","","","","","","","","","","","","","","","","","","","","","","","","","","","","","","","","","","","","","","","","","",NA,"P3",20,0
620,6.19,"","","","","","","","","","","","","","","","","","","","","","","","","","","","","","","","","","","","","","","","","","","","","","","","","","","","","","","","","",NA,"P3",20,0
621,6.2,"","","","","","","","","","","","","","","","","","","","","","","","","","","","","","","","","","","","","","","","","","","","","","","","","","","","","","","","","",NA,"P3",20,0
622,6.21,"","","","","","","","","","","","","","","","","","","","","","","","","","","","","","","","","","","","","","","","","","","","","","","","","","","","","","","","","",NA,"P3",20,0
623,6.22,"","","","","","","","","","","","","","","","","","","","","","","","","","","","","","","","","","","","","","","","","","","","","","","","","","","","","","","","","",NA,"P3",20,0
624,6.23,"","","","","","","","","","","","","","","","","","","","","","","","","","","","","","","","","","","","","","","","","","","","","","","","","","","","","","","","","",NA,"P3",20,0
625,6.24,"","","","","","","","","","","","","","","","","","","","","","","","","","","","","","","","","","","","","","","","","","","","","","","","","","","","","","","","","",NA,"P3",20,0
626,6.25,"","","","","","","","","","","","","","","","","","","","","","","","","","","","","","","","","","","","","","","","","","","","","","","","","","","","","","","","","",NA,"P3",20,0
627,6.26,"","","","","","","","","","","","","","","","","","","","","","","","","","","","","","","","","","","","","","","","","","","","","","","","","","","","","","","","","",NA,"P3",20,0
628,6.27,"","","","","","","","","","","","","","","","","","","","","","","","","","","","","","","","","","","","","","","","","","","","","","","","","","","","","","","","","",NA,"P3",20,0
629,6.28,"","","","","","","","","","","","","","","","","","","","","","","","","","","","","","","","","","","","","","","","","","","","","","","","","","","","","","","","","",NA,"P3",20,0
630,6.29,"","","","","","","","","","","","","","","","","","","","","","","","","","","","","","","","","","","","","","","","","","","","","","","","","","","","","","","","","",NA,"P3",20,0
631,6.3,"","","","","","","","","","","","","","","","","","","","","","","","","","","","","","","","","","","","","","","","","","","","","","","","","","","","","","","","","",NA,"P3",20,0
632,6.31,"","","","","","","","","","","","","","","","","","","","","","","","","","","","","","","","","","","","","","","","","","","","","","","","","","","","","","","","","",NA,"P3",20,0
633,6.32,"","","","","","","","","","","","","","","","","","","","","","","","","","","","","","","","","","","","","","","","","","","","","","","","","","","","","","","","","",NA,"P3",20,0
634,6.33,"","","","","","","","","","","","","","","","","","","","","","","","","","","","","","","","","","","","","","","","","","","","","","","","","","","","","","","","","",NA,"P3",20,0
635,6.34,"","","","","","","","","","","","","","","","","","","","","","","","","","","","","","","","","","","","","","","","","","","","","","","","","","","","","","","","","",NA,"P3",20,0
636,6.35,"","","","","","","","","","","","","","","","","","","","","","","","","","","","","","","","","","","","","","","","","","","","","","","","","","","","","","","","","",NA,"P3",20,0
637,6.36,"","","","","","","","","","","","","","","","","","","","","","","","","","","","","","","","","","","","","","","","","","","","","","","","","","","","","","","","","",NA,"P3",20,0
638,6.37,"","","","","","","","","","","","","","","","","","","","","","","","","","","","","","","","","","","","","","","","","","","","","","","","","","","","","","","","","",NA,"P3",20,0
639,6.38,"","","","","","","","","","","","","","","","","","","","","","","","","","","","","","","","","","","","","","","","","","","","","","","","","","","","","","","","","",NA,"P3",20,0
640,6.39,"","","","","","","","","","","","","","","","","","","","","","","","","","","","","","","","","","","","","","","","","","","","","","","","","","","","","","","","","",NA,"P3",20,0
641,6.4,"","","","","","","","","","","","","","","","","","","","","","","","","","","","","","","","","","","","","","","","","","","","","","","","","","","","","","","","","",NA,"P3",20,0
642,6.41,"","","","","","","","","","","","","","","","","","","","","","","","","","","","","","","","","","","","","","","","","","","","","","","","","","","","","","","","","",NA,"P3",20,0
643,6.42,"","","","","","","","","","","","","","","","","","","","","","","","","","","","","","","","","","","","","","","","","","","","","","","","","","","","","","","","","",NA,"P3",20,0
644,6.43,"","","","","","","","","","","","","","","","","","","","","","","","","","","","","","","","","","","","","","","","","","","","","","","","","","","","","","","","","",NA,"P3",20,0
645,6.44,"","","","","","","","","","","","","","","","","","","","","","","","","","","","","","","","","","","","","","","","","","","","","","","","","","","","","","","","","",NA,"P3",20,0
646,6.45,"","","","","","","","","","","","","","","","","","","","","","","","","","","","","","","","","","","","","","","","","","","","","","","","","","","","","","","","","",NA,"P3",20,0
647,6.46,"","","","","","","","","","","","","","","","","","","","","","","","","","","","","","","","","","","","","","","","","","","","","","","","","","","","","","","","","",NA,"P3",20,0
648,6.47,"","","","","","","","","","","","","","","","","","","","","","","","","","","","","","","","","","","","","","","","","","","","","","","","","","","","","","","","","",NA,"P3",20,0
649,6.48,"","","","","","","","","","","","","","","","","","","","","","","","","","","","","","","","","","","","","","","","","","","","","","","","","","","","","","","","","",NA,"P3",20,0
650,6.49,"","","","","","","","","","","","","","","","","","","","","","","","","","","","","","","","","","","","","","","","","","","","","","","","","","","","","","","","","",NA,"P3",20,0
651,6.5,"","","","","","","","","","","","","","","","","","","","","","","","","","","","","","","","","","","","","","","","","","","","","","","","","","","","","","","","","",NA,"P3",20,0
652,6.51,"","","","","","","","","","","","","","","","","","","","","","","","","","","","","","","","","","","","","","","","","","","","","","","","","","","","","","","","","",NA,"P3",20,0
653,6.52,"","","","","","","","","","","","","","","","","","","","","","","","","","","","","","","","","","","","","","","","","","","","","","","","","","","","","","","","","",NA,"P3",20,0
654,6.53,"","","","","","","","","","","","","","","","","","","","","","","","","","","","","","","","","","","","","","","","","","","","","","","","","","","","","","","","","",NA,"P3",20,0
655,6.54,"","","","","","","","","","","","","","","","","","","","","","","","","","","","","","","","","","","","","","","","","","","","","","","","","","","","","","","","","",NA,"P3",20,0
656,6.55,"","","","","","","","","","","","","","","","","","","","","","","","","","","","","","","","","","","","","","","","","","","","","","","","","","","","","","","","","",NA,"P3",20,0
657,6.56,"","","","","","","","","","","","","","","","","","","","","","","","","","","","","","","","","","","","","","","","","","","","","","","","","","","","","","","","","",NA,"P3",20,0
658,6.57,"","","","","","","","","","","","","","","","","","","","","","","","","","","","","","","","","","","","","","","","","","","","","","","","","","","","","","","","","",NA,"P3",20,0
659,6.58,"","","","","","","","","","","","","","","","","","","","","","","","","","","","","","","","","","","","","","","","","","","","","","","","","","","","","","","","","",NA,"P3",20,0
660,6.59,"","","","","","","","","","","","","","","","","","","","","","","","","","","","","","","","","","","","","","","","","","","","","","","","","","","","","","","","","",NA,"P3",20,0
661,6.6,"","","","","","","","","","","","","","","","","","","","","","","","","","","","","","","","","","","","","","","","","","","","","","","","","","","","","","","","","",NA,"P3",20,0
662,6.61,"","","","","","","","","","","","","","","","","","","","","","","","","","","","","","","","","","","","","","","","","","","","","","","","","","","","","","","","","",NA,"P3",20,0
663,6.62,"","","","","","","","","","","","","","","","","","","","","","","","","","","","","","","","","","","","","","","","","","","","","","","","","","","","","","","","","",NA,"P3",20,0
664,6.63,"","","","","","","","","","","","","","","","","","","","","","","","","","","","","","","","","","","","","","","","","","","","","","","","","","","","","","","","","",NA,"P3",20,0
665,6.64,"","","","","","","","","","","","","","","","","","","","","","","","","","","","","","","","","","","","","","","","","","","","","","","","","","","","","","","","","",NA,"P3",20,0
666,6.65,"","","","","","","","","","","","","","","","","","","","","","","","","","","","","","","","","","","","","","","","","","","","","","","","","","","","","","","","","",NA,"P3",20,0
667,6.66,"","","","","","","","","","","","","","","","","","","","","","","","","","","","","","","","","","","","","","","","","","","","","","","","","","","","","","","","","",NA,"P3",20,0
668,6.67,"","","","","","","","","","","","","","","","","","","","","","","","","","","","","","","","","","","","","","","","","","","","","","","","","","","","","","","","","",NA,"P3",20,0
669,6.68,"","","","","","","","","","","","","","","","","","","","","","","","","","","","","","","","","","","","","","","","","","","","","","","","","","","","","","","","","",NA,"P3",20,0
670,6.69,"","","","","","","","","","","","","","","","","","","","","","","","","","","","","","","","","","","","","","","","","","","","","","","","","","","","","","","","","",NA,"P3",20,0
671,6.7,"","","","","","","","","","","","","","","","","","","","","","","","","","","","","","","","","","","","","","","","","","","","","","","","","","","","","","","","","",NA,"P3",20,0
672,6.71,"","","","","","","","","","","","","","","","","","","","","","","","","","","","","","","","","","","","","","","","","","","","","","","","","","","","","","","","","",NA,"P3",20,0
673,6.72,"","","","","","","","","","","","","","","","","","","","","","","","","","","","","","","","","","","","","","","","","","","","","","","","","","","","","","","","","",NA,"P3",20,0
674,6.73,"","","","","","","","","","","","","","","","","","","","","","","","","","","","","","","","","","","","","","","","","","","","","","","","","","","","","","","","","",NA,"P3",20,0
675,6.74,"","","","","","","","","","","","","","","","","","","","","","","","","","","","","","","","","","","","","","","","","","","","","","","","","","","","","","","","","",NA,"P3",20,0
676,6.75,"","","","","","","","","","","","","","","","","","","","","","","","","","","","","","","","","","","","","","","","","","","","","","","","","","","","","","","","","",NA,"P3",20,0
677,6.76,"","","","","","","","","","","","","","","","","","","","","","","","","","","","","","","","","","","","","","","","","","","","","","","","","","","","","","","","","",NA,"P3",20,0
678,6.77,"","","","","","","","","","","","","","","","","","","","","","","","","","","","","","","","","","","","","","","","","","","","","","","","","","","","","","","","","",NA,"P3",20,0
679,6.78,"","","","","","","","","","","","","","","","","","","","","","","","","","","","","","","","","","","","","","","","","","","","","","","","","","","","","","","","","",NA,"P3",20,0
680,6.79,"","","","","","","","","","","","","","","","","","","","","","","","","","","","","","","","","","","","","","","","","","","","","","","","","","","","","","","","","",NA,"P3",20,0
681,6.8,"","","","","","","","","","","","","","","","","","","","","","","","","","","","","","","","","","","","","","","","","","","","","","","","","","","","","","","","","",NA,"P3",20,0
682,6.81,"","","","","","","","","","","","","","","","","","","","","","","","","","","","","","","","","","","","","","","","","","","","","","","","","","","","","","","","","",NA,"P3",20,0
683,6.82,"","","","","","","","","","","","","","","","","","","","","","","","","","","","","","","","","","","","","","","","","","","","","","","","","","","","","","","","","",NA,"P3",20,0
684,6.83,"","","","","","","","","","","","","","","","","","","","","","","","","","","","","","","","","","","","","","","","","","","","","","","","","","","","","","","","","",NA,"P3",20,0
685,6.84,"","","","","","","","","","","","","","","","","","","","","","","","","","","","","","","","","","","","","","","","","","","","","","","","","","","","","","","","","",NA,"P3",20,0
686,6.85,"","","","","","","","","","","","","","","","","","","","","","","","","","","","","","","","","","","","","","","","","","","","","","","","","","","","","","","","","",NA,"P3",20,0
687,6.86,"","","","","","","","","","","","","","","","","","","","","","","","","","","","","","","","","","","","","","","","","","","","","","","","","","","","","","","","","",NA,"P3",20,0
688,6.87,"","","","","","","","","","","","","","","","","","","","","","","","","","","","","","","","","","","","","","","","","","","","","","","","","","","","","","","","","",NA,"P3",20,0
689,6.88,"","","","","","","","","","","","","","","","","","","","","","","","","","","","","","","","","","","","","","","","","","","","","","","","","","","","","","","","","",NA,"P3",20,0
690,6.89,"","","","","","","","","","","","","","","","","","","","","","","","","","","","","","","","","","","","","","","","","","","","","","","","","","","","","","","","","",NA,"P3",20,0
691,6.9,"","","","","","","","","","","","","","","","","","","","","","","","","","","","","","","","","","","","","","","","","","","","","","","","","","","","","","","","","",NA,"P3",20,0
692,6.91,"","","","","","","","","","","","","","","","","","","","","","","","","","","","","","","","","","","","","","","","","","","","","","","","","","","","","","","","","",NA,"P3",20,0
693,6.92,"","","","","","","","","","","","","","","","","","","","","","","","","","","","","","","","","","","","","","","","","","","","","","","","","","","","","","","","","",NA,"P3",20,0
694,6.93,"","","","","","","","","","","","","","","","","","","","","","","","","","","","","","","","","","","","","","","","","","","","","","","","","","","","","","","","","",NA,"P3",20,0
695,6.94,"","","","","","","","","","","","","","","","","","","","","","","","","","","","","","","","","","","","","","","","","","","","","","","","","","","","","","","","","",NA,"P3",20,0
696,6.95,"","","","","","","","","","","","","","","","","","","","","","","","","","","","","","","","","","","","","","","","","","","","","","","","","","","","","","","","","",NA,"P3",20,0
697,6.96,"","","","","","","","","","","","","","","","","","","","","","","","","","","","","","","","","","","","","","","","","","","","","","","","","","","","","","","","","",NA,"P3",20,0
698,6.97,"","","","","","","","","","","","","","","","","","","","","","","","","","","","","","","","","","","","","","","","","","","","","","","","","","","","","","","","","",NA,"P3",20,0
699,6.98,"","","","","","","","","","","","","","","","","","","","","","","","","","","","","","","","","","","","","","","","","","","","","","","","","","","","","","","","","",NA,"P3",20,0
700,6.99,"","","","","","","","","","","","","","","","","","","","","","","","","","","","","","","","","","","","","","","","","","","","","","","","","","","","","","","","","",NA,"P3",20,0
701,7,"","","","","","","","","","","","","","","","","","","","","","","","","","","","","","","","","","","","","","","","","","","","","","","","","","","","","","","","","",NA,"P3",20,0
702,7.01,"","","","","","","","","","","","","","","","","","","","","","","","","","","","","","","","","","","","","","","","","","","","","","","","","","","","","","","","","",NA,"P3",20,0
703,7.02,"","","","","","","","","","","","","","","","","","","","","","","","","","","","","","","","","","","","","","","","","","","","","","","","","","","","","","","","","",NA,"P3",20,0
704,7.03,"","","","","","","","","","","","","","","","","","","","","","","","","","","","","","","","","","","","","","","","","","","","","","","","","","","","","","","","","",NA,"P3",20,0
705,7.04,"","","","","","","","","","","","","","","","","","","","","","","","","","","","","","","","","","","","","","","","","","","","","","","","","","","","","","","","","",NA,"P3",20,0
706,7.05,"","","","","","","","","","","","","","","","","","","","","","","","","","","","","","","","","","","","","","","","","","","","","","","","","","","","","","","","","",NA,"P3",20,0
707,7.06,"","","","","","","","","","","","","","","","","","","","","","","","","","","","","","","","","","","","","","","","","","","","","","","","","","","","","","","","","",NA,"P3",20,0
708,7.07,"","","","","","","","","","","","","","","","","","","","","","","","","","","","","","","","","","","","","","","","","","","","","","","","","","","","","","","","","",NA,"P3",20,0
709,7.08,"","","","","","","","","","","","","","","","","","","","","","","","","","","","","","","","","","","","","","","","","","","","","","","","","","","","","","","","","",NA,"P3",20,0
710,7.09,"","","","","","","","","","","","","","","","","","","","","","","","","","","","","","","","","","","","","","","","","","","","","","","","","","","","","","","","","",NA,"P3",20,0
711,7.1,"","","","","","","","","","","","","","","","","","","","","","","","","","","","","","","","","","","","","","","","","","","","","","","","","","","","","","","","","",NA,"P3",20,0
712,7.11,"","","","","","","","","","","","","","","","","","","","","","","","","","","","","","","","","","","","","","","","","","","","","","","","","","","","","","","","","",NA,"P3",20,0
713,7.12,"","","","","","","","","","","","","","","","","","","","","","","","","","","","","","","","","","","","","","","","","","","","","","","","","","","","","","","","","",NA,"P3",20,0
714,7.13,"","","","","","","","","","","","","","","","","","","","","","","","","","","","","","","","","","","","","","","","","","","","","","","","","","","","","","","","","",NA,"P3",20,0
715,7.14,"","","","","","","","","","","","","","","","","","","","","","","","","","","","","","","","","","","","","","","","","","","","","","","","","","","","","","","","","",NA,"P3",20,0
716,7.15,"","","","","","","","","","","","","","","","","","","","","","","","","","","","","","","","","","","","","","","","","","","","","","","","","","","","","","","","","",NA,"P3",20,0
717,7.16,"","","","","","","","","","","","","","","","","","","","","","","","","","","","","","","","","","","","","","","","","","","","","","","","","","","","","","","","","",NA,"P3",20,0
718,7.17,"","","","","","","","","","","","","","","","","","","","","","","","","","","","","","","","","","","","","","","","","","","","","","","","","","","","","","","","","",NA,"P3",20,0
719,7.18,"","","","","","","","","","","","","","","","","","","","","","","","","","","","","","","","","","","","","","","","","","","","","","","","","","","","","","","","","",NA,"P3",20,0
720,7.19,"","","","","","","","","","","","","","","","","","","","","","","","","","","","","","","","","","","","","","","","","","","","","","","","","","","","","","","","","",NA,"P3",20,0
721,7.2,"","","","","","","","","","","","","","","","","","","","","","","","","","","","","","","","","","","","","","","","","","","","","","","","","","","","","","","","","",NA,"P3",20,0
722,7.21,"","","","","","","","","","","","","","","","","","","","","","","","","","","","","","","","","","","","","","","","","","","","","","","","","","","","","","","","","",NA,"P3",20,0
723,7.22,"","","","","","","","","","","","","","","","","","","","","","","","","","","","","","","","","","","","","","","","","","","","","","","","","","","","","","","","","",NA,"P3",20,0
724,7.23,"","","","","","","","","","","","","","","","","","","","","","","","","","","","","","","","","","","","","","","","","","","","","","","","","","","","","","","","","",NA,"P3",20,0
725,7.24,"","","","","","","","","","","","","","","","","","","","","","","","","","","","","","","","","","","","","","","","","","","","","","","","","","","","","","","","","",NA,"P3",20,0
726,7.25,"","","","","","","","","","","","","","","","","","","","","","","","","","","","","","","","","","","","","","","","","","","","","","","","","","","","","","","","","",NA,"P3",20,0
727,7.26,"","","","","","","","","","","","","","","","","","","","","","","","","","","","","","","","","","","","","","","","","","","","","","","","","","","","","","","","","",NA,"P3",20,0
728,7.27,"","","","","","","","","","","","","","","","","","","","","","","","","","","","","","","","","","","","","","","","","","","","","","","","","","","","","","","","","",NA,"P3",20,0
729,7.28,"","","","","","","","","","","","","","","","","","","","","","","","","","","","","","","","","","","","","","","","","","","","","","","","","","","","","","","","","",NA,"P3",20,0
730,7.29,"","","","","","","","","","","","","","","","","","","","","","","","","","","","","","","","","","","","","","","","","","","","","","","","","","","","","","","","","",NA,"P3",20,0
731,7.3,"","","","","","","","","","","","","","","","","","","","","","","","","","","","","","","","","","","","","","","","","","","","","","","","","","","","","","","","","",NA,"P3",20,0
732,7.31,"","","","","","","","","","","","","","","","","","","","","","","","","","","","","","","","","","","","","","","","","","","","","","","","","","","","","","","","","",NA,"P3",20,0
733,7.32,"","","","","","","","","","","","","","","","","","","","","","","","","","","","","","","","","","","","","","","","","","","","","","","","","","","","","","","","","",NA,"P3",20,0
734,7.33,"","","","","","","","","","","","","","","","","","","","","","","","","","","","","","","","","","","","","","","","","","","","","","","","","","","","","","","","","",NA,"P3",20,0
735,7.34,"","","","","","","","","","","","","","","","","","","","","","","","","","","","","","","","","","","","","","","","","","","","","","","","","","","","","","","","","",NA,"P3",20,0
736,7.35,"","","","","","","","","","","","","","","","","","","","","","","","","","","","","","","","","","","","","","","","","","","","","","","","","","","","","","","","","",NA,"P3",20,0
737,7.36,"","","","","","","","","","","","","","","","","","","","","","","","","","","","","","","","","","","","","","","","","","","","","","","","","","","","","","","","","",NA,"P3",20,0
738,7.37,"","","","","","","","","","","","","","","","","","","","","","","","","","","","","","","","","","","","","","","","","","","","","","","","","","","","","","","","","",NA,"P3",20,0
739,7.38,"","","","","","","","","","","","","","","","","","","","","","","","","","","","","","","","","","","","","","","","","","","","","","","","","","","","","","","","","",NA,"P3",20,0
740,7.39,"","","","","","","","","","","","","","","","","","","","","","","","","","","","","","","","","","","","","","","","","","","","","","","","","","","","","","","","","",NA,"P3",20,0
741,7.4,"","","","","","","","","","","","","","","","","","","","","","","","","","","","","","","","","","","","","","","","","","","","","","","","","","","","","","","","","",NA,"P3",20,0
742,7.41,"","","","","","","","","","","","","","","","","","","","","","","","","","","","","","","","","","","","","","","","","","","","","","","","","","","","","","","","","",NA,"P3",20,0
743,7.42,"","","","","","","","","","","","","","","","","","","","","","","","","","","","","","","","","","","","","","","","","","","","","","","","","","","","","","","","","",NA,"P3",20,0
744,7.43,"","","","","","","","","","","","","","","","","","","","","","","","","","","","","","","","","","","","","","","","","","","","","","","","","","","","","","","","","",NA,"P3",20,0
745,7.44,"","","","","","","","","","","","","","","","","","","","","","","","","","","","","","","","","","","","","","","","","","","","","","","","","","","","","","","","","",NA,"P3",20,0
746,7.45,"","","","","","","","","","","","","","","","","","","","","","","","","","","","","","","","","","","","","","","","","","","","","","","","","","","","","","","","","",NA,"P3",20,0
747,7.46,"","","","","","","","","","","","","","","","","","","","","","","","","","","","","","","","","","","","","","","","","","","","","","","","","","","","","","","","","",NA,"P3",20,0
748,7.47,"","","","","","","","","","","","","","","","","","","","","","","","","","","","","","","","","","","","","","","","","","","","","","","","","","","","","","","","","",NA,"P3",20,0
749,7.48,"","","","","","","","","","","","","","","","","","","","","","","","","","","","","","","","","","","","","","","","","","","","","","","","","","","","","","","","","",NA,"P3",20,0
750,7.49,"","","","","","","","","","","","","","","","","","","","","","","","","","","","","","","","","","","","","","","","","","","","","","","","","","","","","","","","","",NA,"P3",20,0
751,7.5,"","","","","","","","","","","","","","","","","","","","","","","","","","","","","","","","","","","","","","","","","","","","","","","","","","","","","","","","","",NA,"P3",20,0
752,7.51,"","","","","","","","","","","","","","","","","","","","","","","","","","","","","","","","","","","","","","","","","","","","","","","","","","","","","","","","","",NA,"P3",20,0
753,7.52,"","","","","","","","","","","","","","","","","","","","","","","","","","","","","","","","","","","","","","","","","","","","","","","","","","","","","","","","","",NA,"P3",20,0
754,7.53,"","","","","","","","","","","","","","","","","","","","","","","","","","","","","","","","","","","","","","","","","","","","","","","","","","","","","","","","","",NA,"P3",20,0
755,7.54,"","","","","","","","","","","","","","","","","","","","","","","","","","","","","","","","","","","","","","","","","","","","","","","","","","","","","","","","","",NA,"P3",20,0
756,7.55,"","","","","","","","","","","","","","","","","","","","","","","","","","","","","","","","","","","","","","","","","","","","","","","","","","","","","","","","","",NA,"P3",20,0
757,7.56,"","","","","","","","","","","","","","","","","","","","","","","","","","","","","","","","","","","","","","","","","","","","","","","","","","","","","","","","","",NA,"P3",20,0
758,7.57,"","","","","","","","","","","","","","","","","","","","","","","","","","","","","","","","","","","","","","","","","","","","","","","","","","","","","","","","","",NA,"P3",20,0
759,7.58,"","","","","","","","","","","","","","","","","","","","","","","","","","","","","","","","","","","","","","","","","","","","","","","","","","","","","","","","","",NA,"P3",20,0
760,7.59,"","","","","","","","","","","","","","","","","","","","","","","","","","","","","","","","","","","","","","","","","","","","","","","","","","","","","","","","","",NA,"P3",20,0
761,7.6,"","","","","","","","","","","","","","","","","","","","","","","","","","","","","","","","","","","","","","","","","","","","","","","","","","","","","","","","","",NA,"P3",20,0
762,7.61,"","","","","","","","","","","","","","","","","","","","","","","","","","","","","","","","","","","","","","","","","","","","","","","","","","","","","","","","","",NA,"P3",20,0
763,7.62,"","","","","","","","","","","","","","","","","","","","","","","","","","","","","","","","","","","","","","","","","","","","","","","","","","","","","","","","","",NA,"P3",20,0
764,7.63,"","","","","","","","","","","","","","","","","","","","","","","","","","","","","","","","","","","","","","","","","","","","","","","","","","","","","","","","","",NA,"P3",20,0
765,7.64,"","","","","","","","","","","","","","","","","","","","","","","","","","","","","","","","","","","","","","","","","","","","","","","","","","","","","","","","","",NA,"P3",20,0
766,7.65,"","","","","","","","","","","","","","","","","","","","","","","","","","","","","","","","","","","","","","","","","","","","","","","","","","","","","","","","","",NA,"P3",20,0
767,7.66,"","","","","","","","","","","","","","","","","","","","","","","","","","","","","","","","","","","","","","","","","","","","","","","","","","","","","","","","","",NA,"P3",20,0
768,7.67,"","","","","","","","","","","","","","","","","","","","","","","","","","","","","","","","","","","","","","","","","","","","","","","","","","","","","","","","","",NA,"P3",20,0
769,7.68,"","","","","","","","","","","","","","","","","","","","","","","","","","","","","","","","","","","","","","","","","","","","","","","","","","","","","","","","","",NA,"P3",20,0
770,7.69,"","","","","","","","","","","","","","","","","","","","","","","","","","","","","","","","","","","","","","","","","","","","","","","","","","","","","","","","","",NA,"P3",20,0
771,7.7,"","","","","","","","","","","","","","","","","","","","","","","","","","","","","","","","","","","","","","","","","","","","","","","","","","","","","","","","","",NA,"P3",20,0
772,7.71,"","","","","","","","","","","","","","","","","","","","","","","","","","","","","","","","","","","","","","","","","","","","","","","","","","","","","","","","","",NA,"P3",20,0
773,7.72,"","","","","","","","","","","","","","","","","","","","","","","","","","","","","","","","","","","","","","","","","","","","","","","","","","","","","","","","","",NA,"P3",20,0
774,7.73,"","","","","","","","","","","","","","","","","","","","","","","","","","","","","","","","","","","","","","","","","","","","","","","","","","","","","","","","","",NA,"P3",20,0
775,7.74,"","","","","","","","","","","","","","","","","","","","","","","","","","","","","","","","","","","","","","","","","","","","","","","","","","","","","","","","","",NA,"P3",20,0
776,7.75,"","","","","","","","","","","","","","","","","","","","","","","","","","","","","","","","","","","","","","","","","","","","","","","","","","","","","","","","","",NA,"P3",20,0
777,7.76,"","","","","","","","","","","","","","","","","","","","","","","","","","","","","","","","","","","","","","","","","","","","","","","","","","","","","","","","","",NA,"P3",20,0
778,7.77,"","","","","","","","","","","","","","","","","","","","","","","","","","","","","","","","","","","","","","","","","","","","","","","","","","","","","","","","","",NA,"P3",20,0
779,7.78,"","","","","","","","","","","","","","","","","","","","","","","","","","","","","","","","","","","","","","","","","","","","","","","","","","","","","","","","","",NA,"P3",20,0
780,7.79,"","","","","","","","","","","","","","","","","","","","","","","","","","","","","","","","","","","","","","","","","","","","","","","","","","","","","","","","","",NA,"P3",20,0
781,7.8,"","","","","","","","","","","","","","","","","","","","","","","","","","","","","","","","","","","","","","","","","","","","","","","","","","","","","","","","","",NA,"P3",20,0
782,7.81,"","","","","","","","","","","","","","","","","","","","","","","","","","","","","","","","","","","","","","","","","","","","","","","","","","","","","","","","","",NA,"P3",20,0
783,7.82,"","","","","","","","","","","","","","","","","","","","","","","","","","","","","","","","","","","","","","","","","","","","","","","","","","","","","","","","","",NA,"P3",20,0
784,7.83,"","","","","","","","","","","","","","","","","","","","","","","","","","","","","","","","","","","","","","","","","","","","","","","","","","","","","","","","","",NA,"P3",20,0
785,7.84,"","","","","","","","","","","","","","","","","","","","","","","","","","","","","","","","","","","","","","","","","","","","","","","","","","","","","","","","","",NA,"P3",20,0
786,7.85,"","","","","","","","","","","","","","","","","","","","","","","","","","","","","","","","","","","","","","","","","","","","","","","","","","","","","","","","","",NA,"P3",20,0
787,7.86,"","","","","","","","","","","","","","","","","","","","","","","","","","","","","","","","","","","","","","","","","","","","","","","","","","","","","","","","","",NA,"P3",20,0
788,7.87,"","","","","","","","","","","","","","","","","","","","","","","","","","","","","","","","","","","","","","","","","","","","","","","","","","","","","","","","","",NA,"P3",20,0
789,7.88,"","","","","","","","","","","","","","","","","","","","","","","","","","","","","","","","","","","","","","","","","","","","","","","","","","","","","","","","","",NA,"P3",20,0
790,7.89,"","","","","","","","","","","","","","","","","","","","","","","","","","","","","","","","","","","","","","","","","","","","","","","","","","","","","","","","","",NA,"P3",20,0
791,7.9,"","","","","","","","","","","","","","","","","","","","","","","","","","","","","","","","","","","","","","","","","","","","","","","","","","","","","","","","","",NA,"P3",20,0
792,7.91,"","","","","","","","","","","","","","","","","","","","","","","","","","","","","","","","","","","","","","","","","","","","","","","","","","","","","","","","","",NA,"P3",20,0
793,7.92,"","","","","","","","","","","","","","","","","","","","","","","","","","","","","","","","","","","","","","","","","","","","","","","","","","","","","","","","","",NA,"P3",20,0
794,7.93,"","","","","","","","","","","","","","","","","","","","","","","","","","","","","","","","","","","","","","","","","","","","","","","","","","","","","","","","","",NA,"P3",20,0
795,7.94,"","","","","","","","","","","","","","","","","","","","","","","","","","","","","","","","","","","","","","","","","","","","","","","","","","","","","","","","","",NA,"P3",20,0
