"Frame#","Time","Headset_Front_X","Headset_Front_Y","Headset_Front_Z","Headset_Back_X","Headset_Back_Y","Headset_Back_Z","Headset_Left_X","Headset_Left_Y","Headset_Left_Z","Headset_Right_X","Headset_Right_Y","Headset_Right_Z","Left_Shoulder_X","Left_Shoulder_Y","Left_Shoulder_Z","Right_Shoulder_X","Right_Shoulder_Y","Right_Shoulder_Z","Sternum_X","Sternum_Y","Sternum_Z","C7_X","C7_Y","C7_Z","Left Elbow_X","Left Elbow_Y","Left Elbow_Z","Right Elbow_X","Right Elbow_Y","Right Elbow_Z","Left Wrist_X","Left Wrist_Y","Left Wrist_Z","Right Wrist_X","Right Wrist_Y","Right Wrist_Z","Left ASIS_X","Left ASIS_Y","Left ASIS_Z","Right ASIS_X","Right ASIS_Y","Right ASIS_Z","S2_X","S2_Y","S2_Z","Left Knee_X","Left Knee_Y","Left Knee_Z","Right Knee_X","Right Knee_Y","Right Knee_Z","Left Ankle_X","Left Ankle_Y","Left Ankle_Z","Right Ankle_X","Right Ankle_Y","Right Ankle_Z","NA_C60","Participant","TrialNum","VisibleMarkers"
1,0,"","","","","","","","","","","","","","","","","","","","","","","","","-231.25966","958.05347","-1729.32813","","","","","","","-722.15265","777.08795","-1649.98352","","","","","","","","","","","","","-624.79297","390.27396","-1721.07971","","","","","","",NA,"P3",29,3
2,0.01,"","","","","","","","","","","","","","","","","","","","","","","","","-230.29007","957.16541","-1726.64673","","","","","","","-721.88538","777.30780","-1648.86926","","","","","","","","","","","","","-624.28552","390.12436","-1716.77454","","","","","","",NA,"P3",29,3
3,0.02,"","","","","","","","","","","","","","","","","","","","","","","","","-229.61330","957.41150","-1725.64001","","","","","","","-721.60706","777.56635","-1647.71619","","","","","","","","","","","","","-622.95251","388.42337","-1718.26160","","","","","","",NA,"P3",29,3
4,0.03,"","","","","","","","","","","","","","","","","","","","","","","","","-228.98128","957.64679","-1724.67993","","","","","","","-721.34961","777.76025","-1646.63879","","","","","","","","","","","","","-623.05896","388.20056","-1712.59973","","","","","","",NA,"P3",29,3
5,0.04,"","","","","","","","","","","","","","","","","","","","","","","","","-228.35341","957.88708","-1723.70190","","","","","","","-721.10516","777.92474","-1645.61108","","","","","","","","","","","","","-621.89844","389.36432","-1707.37195","","","","","","",NA,"P3",29,3
6,0.05,"","","","","","","","","","","","","","","","","","","","","","","","","-228.29344","957.96393","-1723.26819","","","","","","","-720.89050","778.04871","-1644.70361","","","","","","","","","","","","","-620.00757","387.76141","-1700.11658","","","","","","",NA,"P3",29,3
7,0.06,"","","","","","","","","","","","","","","","","","","","","","","","","-226.22113","956.55438","-1719.47021","","","","","","","-720.66888","778.19586","-1643.77100","","","","","","","","","","","","","-619.14703","387.19104","-1694.03418","","","","","","",NA,"P3",29,3
8,0.07,"","","","","","","","","","","","","","","","","","","","","","","","","-224.07138","956.00201","-1717.17908","","","","","","","-720.46228","778.32300","-1642.89905","","","","","","","","","","","","","-619.12201","387.61008","-1689.78125","","","","","","",NA,"P3",29,3
9,0.08,"","","","","","","","","","","","","","","","","","","","","","","","","-223.11768","955.42737","-1714.94287","","","","","","","-720.31433","778.36420","-1642.26270","","","","","","","","","","","","","-617.82520","385.81818","-1685.29944","","","","","","",NA,"P3",29,3
10,0.09,"","","","","","","","","","","","","","","","","","","","","","","","","-222.50201","955.59674","-1714.24658","","","","-366.44955","806.64771","-1648.33325","-720.12469","778.47900","-1641.46179","","","","","","","","","","","","","-616.62183","386.85550","-1673.76025","","","","","","",NA,"P3",29,4
11,0.1,"","","","","","","","","","","","","","","","","","","","","","","","","-221.43907","955.08929","-1712.50000","","","","-278.50549","771.61566","-1628.03809","-719.88904","776.63446","-1642.08301","","","","","","","","","","","","","-615.53424","387.04462","-1668.64075","","","","","","",NA,"P3",29,4
12,0.11,"","","","","","","","","","","","","","","","","","","","","","","","","-221.12285","955.16589","-1712.51575","","","","-277.48260","770.44348","-1629.57715","-720.29364","776.42462","-1639.90967","","","","","","","","","","","","","-614.99323","383.90222","-1667.41907","","","","","","",NA,"P3",29,4
13,0.12,"","","","","","","","","","","","","","","","","","","","","","","","","-220.09920","954.67865","-1710.49780","","","","-276.02005","767.38202","-1629.59644","-720.08331","776.45331","-1638.99902","","","","","","","","","","","","","-615.10333","383.58044","-1661.79907","","","","","","",NA,"P3",29,4
14,0.13,"","","","","","","","","","","","","","","","","","","","","","","","","-219.19087","953.17908","-1706.52771","","","","-275.21707","768.24042","-1625.05164","-719.97632","775.21411","-1637.15588","","","","","","","","","","","","","-614.19269","385.38248","-1653.70776","","","","","","",NA,"P3",29,4
15,0.14,"","","","","","","","","","","","","","","","","","","","","","","","","-217.08102","950.66656","-1701.57666","","","","-273.80176","768.54498","-1621.85645","-719.73297","774.34943","-1635.16846","","","","","","","","","","","","","-613.47858","386.50055","-1643.08179","","","","","","",NA,"P3",29,4
16,0.15,"","","","","","","","","","","","","","","","","","","","","","","","","-216.08672","950.73029","-1700.70032","","","","-272.97479","766.49927","-1620.71899","-719.32129","774.36914","-1633.37805","","","","","","","","","","","","","-613.31519","387.58350","-1635.30176","","","","","","",NA,"P3",29,4
17,0.16,"","","","","","","","","","","","","","","","","","","","","","","","","-215.10493","950.28210","-1698.64648","","","","-272.66498","765.87115","-1618.60168","-718.97308","774.44708","-1631.87671","","","","","","","","","","","","","-613.16010","387.71405","-1631.01355","","","","","","",NA,"P3",29,4
18,0.17,"","","","","","","","","","","","","","","","","","","","","","","","","-214.62164","950.55670","-1697.55994","","","","-271.79321","764.77405","-1620.24182","-718.90900","774.33466","-1631.56970","","","","","","","","","","","","","-614.11725","389.98810","-1622.34155","","","","","","",NA,"P3",29,4
19,0.18,"","","","","","","","","","","","","","","","","","","","","","","","","-214.58180","950.61383","-1696.73743","","","","-271.44614","762.36163","-1619.14795","-718.85895","774.34082","-1631.35229","","","","","","","","","","","","","-612.84766","391.64374","-1616.74988","","","","","","",NA,"P3",29,4
20,0.19,"","","","","","","","","","","","","","","","","","","","","","","","","-213.77441","949.88898","-1693.09192","","","","-271.65720","762.00067","-1616.01221","-718.75317","774.37225","-1630.89783","","","","","","","","","","","","","-611.59723","394.13464","-1607.28870","","","","","","",NA,"P3",29,4
21,0.2,"","","","","","","","","","","","","","","","","","","","","","","","","-213.00243","949.28540","-1689.47437","","","","-270.50296","761.26965","-1616.05737","-718.31464","773.35956","-1631.98901","","","","","","","","","","","","","-611.69366","397.49948","-1595.49438","","","","","","",NA,"P3",29,4
22,0.21,"","","","","","","","","","","","","","","","","","","","","","","","","-212.27663","949.22815","-1686.71204","","","","-269.87909","761.18372","-1612.18481","-718.39392","772.61804","-1630.99890","","","","","","","","","","","","","-611.78412","399.43008","-1590.49622","","","","","","",NA,"P3",29,4
23,0.22,"","","","","","","","","","","","","","","","","","","","","","","","","-211.67125","948.35004","-1682.56055","","","","-269.29584","761.92731","-1608.89160","-718.36719","772.56818","-1630.87024","-364.39359","802.73346","-1622.92798","","","","","","","","","","-612.49493","403.93735","-1581.86707","","","","","","",NA,"P3",29,5
24,0.23,"","","","","","","","","","","","","","","","","","","","","","","","","-211.26018","948.81256","-1680.75732","","","","-268.97253","761.93884","-1605.39587","-718.35687","772.53931","-1630.81836","-365.02142","802.95844","-1620.60681","","","","","","","","","","-611.84521","405.16049","-1579.11450","","","","","","",NA,"P3",29,5
25,0.24,"","","","","","","","","","","","","","","","","","","","","","","","","-211.61084","950.10968","-1680.87488","","","","-267.58936","759.61005","-1607.57495","-718.77234","772.37421","-1628.70935","-365.59958","801.54175","-1618.12976","","","","","","","","","","-612.90552","410.32077","-1564.95068","","","","","","",NA,"P3",29,5
26,0.25,"","","","","","","","","","","","","","","","","","","","","","","","","-210.94493","949.98132","-1677.97998","","","","-267.32486","759.92499","-1606.07715","-719.27185","772.12488","-1626.94788","-366.71866","801.94299","-1613.65051","","","","","","","","","","-612.90527","413.63919","-1558.47095","","","","","","",NA,"P3",29,5
27,0.26,"","","","","","","","","","","","","","","","","","","","","","","","","-209.81070","949.69232","-1673.67749","","","","-267.11758","760.10132","-1604.89319","-719.34021","771.97345","-1627.21021","-366.80515","801.72192","-1614.08301","","","","","","","","","","-613.78680","416.27005","-1549.76392","","","","","","",NA,"P3",29,5
28,0.27,"","","","","","","","","","","","","","","","","","","","","","","","","-209.47638","950.24548","-1671.52930","","","","-267.52313","760.27362","-1602.27930","-719.47034","771.77899","-1627.73145","-367.56628","801.36243","-1610.37537","","","","","","","","","","-615.69318","420.14597","-1541.48657","","","","","","",NA,"P3",29,5
29,0.28,"","","","","","","","","","","","","","","","","","","","","","","","","-209.78423","950.66431","-1669.30518","","","","-268.25955","760.52417","-1597.82373","-720.13489","772.44220","-1625.09326","-368.34296","800.71564","-1606.70984","","","","","","","","","","-616.44037","420.07416","-1540.87756","","","","","","",NA,"P3",29,5
30,0.29,"","","","","","","","","","","","","","","","","","","","","","","","","-209.33917","950.93683","-1666.20764","","","","-268.17130","760.41132","-1597.29346","-720.38055","771.71649","-1624.32922","-368.26138","799.27844","-1607.01782","","","","","","","","","","-618.87799","423.81842","-1533.95020","","","","","","",NA,"P3",29,5
31,0.3,"","","","","","","","","","","","","","","","","","","","","","","","","-208.56871","949.39819","-1659.66833","","","","-268.01129","759.53815","-1596.01160","-721.03955","771.85858","-1621.92249","-369.16049","799.34296","-1602.20105","","","","","","","","","","-620.06720","424.56796","-1531.50293","","","","","","",NA,"P3",29,5
32,0.31,"","","","","","","","","","","","","","","","","","","","","","","","","-208.38475","950.06207","-1657.10632","","","","-267.96268","758.81818","-1594.01282","-722.04523","773.04871","-1617.75452","-370.03601","799.70099","-1597.47180","","","","","","","","","","-622.01257","426.89944","-1525.45105","","","","","","",NA,"P3",29,5
33,0.32,"","","","","","","","","","","","","","","","","","","","","","","","","-208.44183","950.05682","-1653.27075","","","","-268.36227","759.65869","-1589.42529","-722.71252","773.82617","-1614.96362","-370.05725","798.80670","-1596.51135","","","","","","","","","","-623.39209","429.20364","-1520.83337","","","","","","",NA,"P3",29,5
34,0.33,"","","","","","","","","","","","","","","","","","","","","","","","","-208.94971","950.86206","-1651.93298","","","","-268.10052","758.63849","-1586.24500","-723.11713","773.15802","-1616.56213","-369.92416","798.79504","-1595.78979","","","","","","","","","","-623.90234","429.28604","-1519.18127","","","","","","",NA,"P3",29,5
35,0.34,"","","","","","","","","","","","","","","","","","","","","","","","","-209.10905","951.01892","-1648.44507","","","","-268.76447","759.47119","-1579.86646","-723.65448","772.09021","-1618.64063","-370.30566","797.94263","-1592.79419","","","","","","","","","","-625.48047","432.05386","-1511.59326","","","","","","",NA,"P3",29,5
36,0.35,"","","","","","","","","","","","","","","","","","","","","","","","","-208.99658","951.34326","-1645.31616","","","","-268.12988","759.08264","-1577.95691","-724.54327","770.36176","-1617.63245","-371.17578","798.62787","-1587.08362","","","","","","","","","","-626.37958","432.74380","-1507.52173","","","","","","",NA,"P3",29,5
37,0.36,"","","","","","","","","","","","","","","","","","","","","","","","","-208.64508","951.10651","-1641.36609","","","","-268.51083","759.41882","-1571.94165","-725.53101","769.12146","-1614.76843","-370.58255","796.39978","-1588.69922","","","","","","","","","","-627.07379","434.03885","-1503.11096","","","","","","",NA,"P3",29,5
38,0.37,"","","","","","","","","","","","","","","","","","","","","","","","","-209.43819","949.35382","-1634.30225","","","","-268.99808","758.73297","-1567.44446","-725.93109","768.06946","-1614.60034","-371.18698","795.76630","-1584.14600","","","","","","","","","","-627.41071","434.16998","-1499.74133","","","","","","",NA,"P3",29,5
39,0.38,"","","","","","","","","","","","","","","","","","","","","","","","","-209.37196","949.64130","-1631.08081","","","","-268.72522","758.65369","-1565.85193","-727.17523","768.31830","-1609.49060","-370.86966","795.42731","-1582.37683","","","","","","","","","","-627.58783","434.70343","-1494.04456","","","","","","",NA,"P3",29,5
40,0.39,"","","","","","","","","","","","","","","","","","","","","","","","","-210.13040","949.61450","-1627.06018","","","","-269.66934","758.48578","-1560.99487","-727.91687","768.95551","-1606.70898","-371.17413","794.47278","-1577.14526","","","","","","","","","","-627.80811","434.64679","-1488.23792","","","","","","",NA,"P3",29,5
41,0.4,"","","","","","","","","","","","","","","","","","","","","","","","","-210.44737","949.34564","-1622.88623","","","","-269.91382","756.80066","-1558.60693","-728.50977","767.27301","-1607.72461","-371.19568","794.99268","-1572.73999","","","","","","","","","","-628.34052","435.10165","-1482.46411","","","","","","",NA,"P3",29,5
42,0.41,"","","","","","","","","","","","","","","","","","","","","","","","","-210.09312","947.89056","-1616.28772","","","","-271.12494","756.51501","-1552.77417","-729.79791","766.08185","-1605.32813","-371.47357","794.99500","-1565.95398","","","","","","","","","","-628.53320","434.09198","-1479.59546","","","","","","",NA,"P3",29,5
43,0.42,"","","","","","","","","","","","","","","","","","","","","","","","","-210.24158","947.20825","-1611.54944","","","","-271.86887","755.95459","-1549.48669","-729.81531","763.30426","-1606.79932","-371.97696","795.43494","-1560.76990","","","","","","","","","","-628.30780","433.00241","-1474.97119","","","","","","",NA,"P3",29,5
44,0.43,"","","","","","","","","","","","","","","","","","","","","","","","","-211.56931","947.96698","-1610.01172","","","","-272.44028","754.65063","-1546.20764","-730.83423","763.91669","-1601.22021","-372.81018","795.14001","-1555.40466","","","","","","","","","","-628.61456","433.84540","-1468.63916","","","","","","",NA,"P3",29,5
45,0.44,"","","","","","","","","","","","","","","","","","","","","","","","","-212.13161","945.80212","-1602.53369","","","","-273.02817","753.04010","-1542.20288","-731.96234","763.17609","-1595.53894","-373.42270","795.46027","-1549.57556","","","","","","","","","","-628.68054","433.47983","-1466.77478","","","","","","",NA,"P3",29,5
46,0.45,"","","","","","","","","","","","","","","","","","","","","","","","","-213.30409","945.65350","-1598.50940","","","","-273.45856","752.17694","-1539.64612","-733.63794","762.24530","-1590.34973","-373.57257","793.11224","-1547.70471","","","","","","","","","","-629.39447","431.42441","-1463.27673","","","","","","",NA,"P3",29,5
47,0.46,"","","","","","","","","","","","","","","","","","","","","","","","","-214.05153","945.59943","-1594.85657","","","","-274.87433","752.48938","-1531.52307","-733.84204","761.36066","-1591.01538","-373.63132","791.27228","-1545.43225","","","","","","","","","","-629.92010","430.51346","-1458.69958","","","","","","",NA,"P3",29,5
48,0.47,"","","","","","","","","","","","","","","","","","","","","","","","","-214.67992","944.15100","-1588.60156","","","","-276.22952","753.09540","-1523.13135","-734.94507","759.27527","-1587.68579","-375.47873","792.32440","-1536.63538","","","","","","","","","","-629.77527","429.49539","-1456.67395","","","","","","",NA,"P3",29,5
49,0.48,"","","","","","","","","","","","","","","","","","","-470.08417","1160.42712","-1489.68835","","","","-215.32043","943.82635","-1584.25696","","","","-276.13010","753.59143","-1517.76624","-736.69794","759.24805","-1580.31396","-376.39700","791.27350","-1533.46643","","","","","","","","","","-630.19312","430.54462","-1446.92627","","","","","","",NA,"P3",29,6
50,0.49,"","","","","","","","","","","","","","","","-634.20648","1289.95532","-1632.80457","-471.66040","1158.91357","-1482.55493","","","","-215.86726","943.44458","-1578.85205","","","","-277.27777","752.32306","-1510.53308","-737.89288","759.65039","-1575.50586","-377.83121","789.41937","-1528.07532","","","","","","","","","","-630.43860","429.21732","-1445.34180","","","","","","",NA,"P3",29,7
51,0.5,"","","","","","","","","","","","","","","","-635.44690","1290.04163","-1629.18945","-471.95129","1158.71680","-1479.50061","","","","-217.87387","942.02081","-1572.90613","","","","-276.92252","750.30115","-1508.41919","-738.77234","758.01929","-1571.35156","-378.52466","788.93042","-1524.75842","","","","","","","","","","-630.04919","427.11765","-1438.12927","","","","","","",NA,"P3",29,7
52,0.51,"","","","","","","","","","","","","","","","-636.10468","1289.00317","-1623.80713","-472.27127","1158.32495","-1476.55750","","","","-218.44809","941.31122","-1567.76147","","","","-278.26468","751.07312","-1497.83069","-740.38660","755.99762","-1567.37000","-379.03461","788.16321","-1520.13379","","","","","","","","","","-631.43970","425.15021","-1439.11572","","","","","","",NA,"P3",29,7
53,0.52,"","","","","","","","","","","","","","","","-637.13165","1287.47461","-1616.80017","-473.83038","1157.32324","-1468.71826","","","","-219.28499","941.13525","-1563.39697","","","","-278.92706","750.11078","-1493.75989","-742.50330","756.98077","-1562.26160","-379.66467","787.29150","-1515.59375","","","","","","","","","","-631.82605","424.66241","-1434.24854","","","","","","",NA,"P3",29,7
54,0.53,"","","","","","","","","","","","","","","","-638.63745","1288.15710","-1614.25061","-475.63132","1156.92749","-1461.72729","","","","-220.50629","938.85199","-1554.85181","","","","-279.59061","748.98694","-1489.99683","-743.46625","754.30682","-1560.20813","-380.76334","784.89124","-1511.83398","","","","","","","","","","-632.21899","421.89597","-1428.36682","","","","-633.67853","92.00677","-1360.30676",NA,"P3",29,8
55,0.54,"","","","","","","","","","","","","","","","-639.77032","1287.60889","-1609.21655","-476.28320","1156.23633","-1460.36633","","","","-221.95737","938.93652","-1550.47229","","","","-281.51187","749.23535","-1481.08044","-745.67126","754.25574","-1552.11536","-381.77515","784.22705","-1504.47510","","","","","","","","","","-632.51508","421.14508","-1425.21716","","","","-634.29950","91.94590","-1352.03784",NA,"P3",29,8
56,0.55,"","","","","","","","","","","","","","","","-641.42462","1285.27380","-1599.60730","-478.28024","1155.17944","-1449.91321","","","","-222.99791","938.78723","-1545.57507","","","","-283.19714","748.55884","-1473.60364","-747.64447","753.17084","-1550.39478","-381.63034","784.80298","-1499.31494","","","","","","","","","","-633.82178","419.03149","-1424.03406","","","","-635.70032","90.75262","-1345.24841",NA,"P3",29,8
57,0.56,"","","","","","","","","","","","","","","","-642.88293","1285.52014","-1595.72827","-479.30630","1155.52283","-1444.15222","","","","-224.72736","937.14020","-1537.71094","","","","-284.21158","748.38745","-1469.76038","-749.58911","750.85486","-1546.18457","-381.89560","784.52380","-1492.59766","","","","","","","","","","-635.16083","417.08890","-1419.54492","","","","-636.40308","89.03040","-1337.80627",NA,"P3",29,8
58,0.57,"","","","","","","","","","","","","","","","-643.92786","1284.71729","-1590.08813","-479.94775","1153.63635","-1442.13489","","","","-226.35756","937.21039","-1532.76636","","","","-285.32870","745.96887","-1465.56812","-752.07874","752.71649","-1537.81470","-383.19113","784.68018","-1482.15637","","","","","","","","","","-635.62854","414.98087","-1413.56506","","","","-637.24390","88.48162","-1333.56689",NA,"P3",29,8
59,0.58,"","","","","","","","","","","","","","","","-646.21753","1283.41248","-1581.94629","-482.13895","1153.00891","-1433.19495","","","","-227.60333","936.54010","-1526.71777","","","","-287.62308","745.96796","-1455.78699","-754.26013","750.67236","-1534.33020","-383.52893","785.40918","-1475.12390","","","","","","","","","","-635.36560","415.01465","-1405.13867","","","","-638.25403","88.09608","-1324.15710",NA,"P3",29,8
60,0.59,"","","","","","","","","","","","","-287.93552","1270.70276","-1521.31860","-647.69336","1283.08508","-1576.63379","-483.37653","1153.27930","-1428.48572","","","","-229.48965","935.70367","-1519.59265","","","","-288.28268","744.73669","-1453.28296","-756.65839","750.59589","-1524.83862","-384.67902","784.57245","-1467.15759","","","","","","","","","","-636.56030","414.60129","-1395.32068","","","","-638.38135","87.63326","-1316.81299",NA,"P3",29,9
61,0.6,"","","","","","","","","","","","","-290.08829","1268.62195","-1511.44690","-649.83844","1281.82666","-1568.38989","-485.14267","1152.92578","-1419.54688","","","","-231.51651","935.46747","-1513.46680","","","","-290.46570","744.74237","-1445.04224","-756.94763","751.40887","-1514.97705","-385.36005","784.09479","-1463.05054","","","","","","","","","","-637.27142","413.94452","-1389.57874","","","","-639.13086","85.42495","-1311.36450",NA,"P3",29,9
62,0.61,"","","","","","","","","","","","","-291.73181","1268.25854","-1505.85095","-651.60754","1281.92297","-1563.52734","-487.12357","1152.00842","-1411.57593","","","","-233.24950","934.25879","-1505.84546","","","","-292.50000","744.75012","-1437.35217","-760.35034","749.97760","-1508.59497","-386.17133","784.31854","-1450.01086","","","","","","","","","","-638.57471","412.27771","-1381.55103","","","","-639.22833","84.64858","-1306.87610",NA,"P3",29,9
63,0.62,"","","","","","","","","","","","","-293.99445","1269.23340","-1502.98352","-653.66132","1280.79443","-1555.58325","-488.41452","1151.93066","-1407.11462","","","","-235.47641","934.28772","-1499.97852","","","","-294.00739","743.50330","-1431.91211","-761.13232","748.64136","-1507.60400","-388.14969","783.36121","-1443.27576","","","","","","","","","","-638.89301","411.19431","-1374.98206","","","","-638.92645","81.27332","-1305.65662",NA,"P3",29,9
64,0.63,"","","","","","","","","","","","","-295.36075","1267.09070","-1492.82446","-656.08380","1280.25806","-1548.47009","-490.99661","1152.33069","-1397.67346","","","","-236.90054","933.80701","-1493.56702","","","","-296.39444","744.27026","-1422.97400","-764.54041","748.74640","-1495.07715","-389.92661","783.51703","-1437.59192","","","","","","","","","","-640.70807","410.42352","-1367.68994","","","","-639.54846","80.62306","-1300.42822",NA,"P3",29,9
65,0.64,"","","","","","","","","","","","","-298.05713","1267.03784","-1486.68933","-658.48474","1280.84265","-1543.62537","-492.39233","1151.70813","-1392.55823","","","","-239.79524","932.82422","-1485.34412","","","","-298.39020","743.57996","-1415.80127","-765.98419","748.40472","-1490.65674","-391.32449","783.11932","-1430.60999","","","","","","","","","","-640.98431","408.75137","-1361.89294","","","","-639.06561","75.89253","-1301.16394",NA,"P3",29,9
66,0.65,"","","","","","","","","","","","","-299.84882","1266.84937","-1480.50049","-660.23462","1279.88635","-1535.82703","-494.33618","1152.37122","-1384.59033","","","","-241.64346","933.46191","-1480.52490","","","","-300.58698","745.96259","-1400.72998","-767.97821","749.22308","-1478.16467","-393.72781","783.68463","-1423.26147","","","","","","","","","","-641.49622","407.25232","-1354.12012","","","","-639.43378","76.77775","-1295.23096",NA,"P3",29,9
67,0.66,"","","","","","","","","","","","","-302.75488","1266.82446","-1473.59985","-662.90955","1279.04431","-1526.75000","-496.83185","1152.38123","-1376.10217","","","","-243.75984","931.46722","-1469.35193","","","","-301.99329","742.95685","-1402.79163","-769.85321","747.77094","-1473.40869","-395.92395","783.78156","-1414.71606","","","","","","","","","","-643.44659","407.67191","-1347.46301","","","","-639.36511","76.22789","-1294.75586",NA,"P3",29,9
68,0.67,"","","","","","","","","","","","","-304.64890","1266.86047","-1466.87268","-665.34967","1280.39624","-1522.42139","-499.34473","1151.08081","-1370.76758","","","","-246.14020","932.99335","-1466.01917","","","","-304.95535","743.77985","-1390.91809","-772.64905","748.27802","-1468.35681","-397.52402","782.91986","-1407.86328","","","","","","","","","","-644.90552","408.37839","-1340.70728","","","","-639.80371","72.12368","-1292.82764",NA,"P3",29,9
69,0.68,"","","","","","","","","","","","","-307.29633","1267.74451","-1461.21094","-668.09601","1280.64063","-1514.82556","-502.18823","1152.22083","-1363.97510","","","","-249.30901","933.84351","-1459.50024","","","","-305.99823","746.46991","-1378.33325","-774.84985","747.59827","-1461.48535","-399.24771","783.92664","-1400.18311","","","","","","","","","","-644.93707","408.84534","-1332.75183","","","","-639.60046","71.28199","-1290.83423",NA,"P3",29,9
70,0.69,"","","","","","","","","","","","","-309.15433","1267.93054","-1453.58618","-671.05701","1279.89661","-1504.15027","-504.47803","1152.86108","-1361.11609","","","","-251.31674","933.56805","-1451.28052","","","","-308.42206","746.29938","-1371.14771","-776.40234","749.70374","-1448.13574","-402.01901","784.43811","-1391.93958","","","","","","","","","","-646.14166","410.05704","-1324.49023","","","","-639.31360","71.48319","-1289.58325",NA,"P3",29,9
71,0.7,"","","","","","","","","","","","","-312.37900","1267.91296","-1443.75012","-672.94824","1281.31506","-1499.37170","-507.43027","1154.57166","-1351.72900","","","","-254.60751","934.27704","-1443.44104","","","","-311.27322","746.58691","-1365.36780","-780.31110","749.63745","-1444.56116","-404.09311","785.24323","-1381.42456","","","","","","","","","","-645.28613","410.09427","-1317.33191","","","","-639.83856","72.18645","-1285.28162",NA,"P3",29,9
72,0.71,"","","","","","","","","","","","","-314.60425","1268.37842","-1435.24243","-675.76837","1282.02014","-1491.04663","-509.85529","1155.84827","-1344.54077","","","","-257.42148","935.74109","-1436.54272","","","","-314.33618","746.86829","-1357.59155","-781.13239","750.45667","-1430.95703","-407.40018","787.20532","-1374.86230","","","","","","","-386.70630","379.36288","-1550.94421","-646.46497","411.81265","-1308.73938","","","","-640.40997","72.09514","-1280.96924",NA,"P3",29,10
73,0.72,"","","","","","","","","","","","","-317.25790","1271.40002","-1431.94861","-678.32501","1284.28625","-1486.48291","-512.94647","1157.27100","-1333.11755","","","","-259.87021","937.46771","-1430.06909","","","","-317.13251","747.97528","-1349.73840","-784.27557","752.97516","-1426.31812","-409.28711","788.52631","-1364.28699","","","","","","","-388.03033","379.75665","-1539.61816","-648.02118","412.53986","-1299.90515","","","","-640.76843","71.80017","-1279.17078",NA,"P3",29,10
74,0.73,"","","","","","","","","","","","","-319.90598","1272.15796","-1422.48877","-680.59564","1284.93091","-1478.14954","-515.38770","1159.14319","-1324.78357","","","","-262.47626","938.99609","-1422.01135","","","","-319.48026","751.00934","-1342.15820","-785.62494","753.83777","-1414.41467","-411.58688","788.24597","-1357.92212","","","","","","","-387.85373","378.05505","-1535.74561","-648.76367","412.90619","-1292.88855","","","","-641.32269","72.12333","-1276.76721",NA,"P3",29,10
75,0.74,"","","","","","","","","","","","","-322.48618","1274.10608","-1415.84192","-683.88446","1286.80237","-1471.04504","-517.89142","1161.03674","-1316.78870","","","","-264.54730","938.58136","-1410.88647","","","","-322.89194","752.20508","-1334.78931","-787.84784","754.33282","-1409.85754","-415.27655","789.65283","-1348.32019","","","","","","","-390.25549","379.28879","-1518.62915","-650.16888","413.76022","-1287.38538","","","","-641.96704","72.21227","-1275.74841",NA,"P3",29,10
76,0.75,"","","","-522.66876","1458.41235","-1205.15576","","","","","","","-325.30420","1276.17480","-1408.81458","-686.10126","1287.81079","-1463.12170","-519.87970","1163.16602","-1311.22498","","","","-268.22159","941.64923","-1406.00232","","","","-326.43930","752.84924","-1327.26318","-790.23419","756.86658","-1397.64417","-417.94943","791.35382","-1338.32178","","","","","","","-390.55215","379.29260","-1509.72583","-651.54895","413.68546","-1281.27954","","","","-642.61432","71.68491","-1274.62598",NA,"P3",29,11
77,0.76,"","","","-525.69983","1460.55127","-1198.03381","","","","","","","-328.09598","1278.27783","-1401.62817","-688.30023","1289.72302","-1457.10059","-523.04266","1165.62207","-1302.99146","","","","-270.85419","943.20734","-1397.85278","","","","-328.21500","756.45013","-1319.44849","-791.34552","760.30908","-1385.52258","-420.58224","793.96783","-1331.66406","","","","","","","-390.76221","380.31894","-1494.22510","-652.71954","413.61902","-1277.40234","","","","-643.16479","71.36135","-1273.12402",NA,"P3",29,11
78,0.77,"","","","-528.72040","1462.61182","-1190.57129","","","","","","","-330.53992","1280.34753","-1394.41931","-691.20319","1290.31055","-1447.04565","-526.28357","1169.06433","-1291.01282","","","","-273.10880","944.79346","-1388.87573","","","","-331.09207","758.44659","-1309.70850","-793.25348","763.15045","-1378.41150","-424.10495","795.13110","-1321.93457","","","","","","","-391.54581","380.54962","-1476.28296","-655.25128","414.10699","-1272.95557","","","","-643.29602","70.91511","-1273.58728",NA,"P3",29,11
79,0.78,"","","","-531.64838","1464.74512","-1182.96753","","","","","","","-332.93390","1281.87744","-1386.04468","-693.93591","1292.34033","-1440.69324","-528.44299","1171.30139","-1283.73059","","","","-275.85330","946.70020","-1380.95300","","","","-332.82477","761.24951","-1302.75037","-795.73364","765.83502","-1364.44727","-426.80283","796.71497","-1311.94446","","","","","","","-390.76288","379.79980","-1465.06458","-656.68860","413.73465","-1269.12817","","","","-643.50372","69.80790","-1272.53760",NA,"P3",29,11
80,0.79,"","","","-534.69440","1466.64331","-1175.91516","","","","","","","-336.07327","1284.50049","-1380.22522","-695.86938","1294.61987","-1435.63000","-530.72687","1173.62341","-1276.29663","","","","-279.22665","949.56842","-1375.49280","","","","-335.20667","763.21436","-1292.84424","-797.13660","766.83813","-1355.86853","-428.50708","799.16644","-1304.88281","","","","","","","-390.30838","379.35757","-1449.76782","-658.60956","411.95181","-1265.43018","","","","-644.33545","69.68445","-1269.80896",NA,"P3",29,11
81,0.8,"","","","-537.60217","1468.16028","-1168.91479","","","","","","","-338.26541","1286.92700","-1374.83081","-698.64301","1296.01855","-1427.61475","-534.37799","1176.35181","-1268.44080","","","","-281.32004","952.07959","-1369.17419","","","","-337.49780","766.98999","-1283.23621","-799.56567","770.21631","-1346.90918","-431.87265","800.73431","-1295.18237","","","","","","","-390.89139","380.69067","-1431.25085","-660.50537","411.73334","-1262.53552","","","","-644.41174","69.51168","-1270.10449",NA,"P3",29,11
82,0.81,"-640.66913","1493.62036","-1263.24365","-540.42072","1469.68396","-1161.37573","","","","","","","-340.66016","1288.32385","-1367.01575","-700.64355","1297.16272","-1420.41638","-536.21527","1178.08167","-1260.61780","","","","-284.53961","954.25659","-1361.64063","-680.96405","832.47943","-1306.84583","-339.14975","768.29462","-1277.03430","-801.76599","770.42847","-1335.75085","-434.28748","803.11182","-1287.33435","","","","","","","-390.92523","378.21036","-1418.76477","-661.53503","410.90457","-1258.50134","","","","-644.33875","68.37299","-1270.97021",NA,"P3",29,13
83,0.82,"","","","-542.99646","1471.18579","-1154.45898","","","","","","","-343.10571","1290.08887","-1361.06824","-703.17023","1298.92822","-1414.19995","-537.76752","1180.08936","-1253.50940","","","","-286.77228","955.62219","-1353.67249","","","","-341.89279","769.71619","-1266.25378","-804.50006","773.68689","-1326.34802","-435.99783","805.45233","-1279.24463","","","","","","","-392.92078","378.74252","-1398.02661","-663.09241","411.42523","-1256.59229","","","","-644.38385","68.24388","-1271.13721",NA,"P3",29,11
84,0.83,"-644.90271","1495.82776","-1248.87512","-545.58411","1472.52319","-1147.56689","","","","","","","-345.47202","1291.32227","-1353.91003","-705.23328","1300.61194","-1408.80994","-540.23523","1181.44751","-1246.04688","","","","-288.97913","956.58997","-1345.33508","-685.86334","832.87628","-1292.01868","-343.44934","772.89075","-1258.42383","-806.72137","774.36218","-1316.09351","-438.78143","805.37512","-1269.93909","","","","","","","-393.81445","377.61798","-1380.84631","-665.67633","410.76077","-1253.46765","","","","-644.74658","68.33961","-1269.44641",NA,"P3",29,13
85,0.84,"-646.94214","1497.10889","-1241.53015","-548.08179","1473.65881","-1140.38953","","","","","","","-348.06750","1293.45483","-1349.83191","-707.26868","1301.13989","-1400.79053","-543.19513","1183.46289","-1238.18884","","","","-291.15308","958.30518","-1338.89392","-689.18152","834.14844","-1283.30066","-345.40137","774.13501","-1247.38623","-809.08075","776.21783","-1305.67029","-440.11295","806.34174","-1262.66101","","","","","","","-395.84360","377.62372","-1360.98572","-665.85339","409.96808","-1250.82324","","","","-645.28571","68.98414","-1267.29016",NA,"P3",29,13
86,0.85,"-648.96069","1498.10156","-1233.90796","-550.44458","1474.65186","-1133.23389","","","","","","","-350.07635","1293.81958","-1341.79443","-710.02759","1300.52820","-1389.79053","-544.51227","1184.34961","-1230.65198","","","","-293.25952","958.57214","-1330.14075","","","","-348.05331","776.46393","-1238.33875","-811.58801","778.35925","-1296.40308","-442.38062","806.64752","-1257.21838","","","","","","","-397.70758","380.09979","-1336.47217","-667.47479","410.95828","-1247.92480","","","","-645.35962","68.73595","-1267.55237",NA,"P3",29,12
87,0.86,"-650.73126","1499.21423","-1226.66833","-552.67108","1475.81177","-1126.23914","","","","","","","-352.60822","1293.16101","-1331.09448","-712.48077","1301.44299","-1382.82361","-545.82361","1184.68127","-1223.71643","","","","-295.64026","959.81787","-1323.35144","-692.38934","833.43634","-1268.92078","-349.37296","778.97632","-1228.78418","-813.03094","778.42200","-1285.96204","-443.22729","807.64404","-1246.82300","","","","","","","-399.51001","378.49545","-1325.18250","-667.82397","409.92267","-1244.99316","","","","-645.17920","67.51283","-1268.64563",NA,"P3",29,13
88,0.87,"-652.58704","1500.03162","-1219.14819","-554.80646","1476.81653","-1118.95154","","","","","","","-354.34448","1294.34851","-1326.17139","-714.87274","1302.37646","-1375.72961","-548.18744","1185.61475","-1215.98462","","","","-297.45236","960.60291","-1315.99731","-692.63000","832.71606","-1261.47754","-351.91275","779.36432","-1219.73486","-815.98944","780.28998","-1275.24426","-445.91788","807.52838","-1241.38123","","","","","","","-401.41434","378.62665","-1307.23621","-670.02362","409.70847","-1240.52161","","","","-645.14789","67.46091","-1268.48853",NA,"P3",29,13
89,0.88,"-654.22974","1500.92151","-1211.64417","-556.88013","1477.76953","-1111.66077","","","","","","","-356.57718","1295.26477","-1320.22961","-717.12390","1302.16785","-1366.46838","-549.58221","1185.56934","-1208.93726","","","","-299.46283","960.47333","-1307.04871","","","","-352.72406","781.25372","-1211.09644","-817.66016","781.14471","-1265.32434","-447.20990","807.50732","-1234.92334","","","","","","","-403.81262","382.99817","-1283.01221","-669.91455","408.18210","-1236.72156","","","","-645.11707","67.40115","-1268.33142",NA,"P3",29,12
90,0.89,"-655.94458","1501.70654","-1204.13708","-559.00122","1478.18872","-1104.04346","","","","","","","-358.04153","1295.40771","-1312.98889","-718.74316","1302.59790","-1359.54614","-551.23438","1185.34875","-1201.70435","","","","-301.05179","961.48462","-1300.35596","-695.30731","832.92780","-1247.77039","-355.42850","782.61523","-1202.11914","-818.76904","781.50830","-1255.30994","-447.91476","809.27179","-1227.22827","","","","","","","-406.76230","382.08163","-1268.27722","-671.02411","409.15231","-1233.78198","","","","-645.06183","67.33868","-1268.06238",NA,"P3",29,13
91,0.9,"-657.37549","1502.46948","-1196.77783","-560.85638","1479.12878","-1097.15784","","","","","","","-361.00601","1296.03735","-1305.96387","-721.16534","1303.13721","-1351.51685","-551.16901","1184.75598","-1194.64453","","","","-303.32135","962.30328","-1293.38293","","","","-355.58694","785.24866","-1190.53210","-821.53278","783.03107","-1245.21545","-449.35416","810.16180","-1219.57690","","","","","","","-409.59738","385.26080","-1247.11047","-671.37469","408.29071","-1230.46448","-408.89413","192.87827","-1520.55432","-645.03363","67.11259","-1267.86743",NA,"P3",29,13
92,0.91,"-658.86713","1503.22937","-1188.98169","-562.79956","1479.90271","-1090.11182","","","","","","","-361.83670","1296.38049","-1299.68079","-722.51807","1304.47180","-1346.65759","-553.02631","1184.79370","-1188.13037","","","","-305.13892","962.14258","-1284.74426","-699.09180","834.07349","-1234.51025","-357.99283","785.40094","-1181.85425","-823.78094","784.44824","-1234.78845","-449.88684","811.20270","-1213.71887","","","","","","","-412.60736","386.69809","-1230.03687","-671.96051","408.05917","-1227.92188","-412.03293","196.29657","-1501.62109","-645.05750","66.97471","-1267.93469",NA,"P3",29,14
93,0.92,"-660.23779","1503.46313","-1181.42114","-564.79712","1480.48853","-1082.47559","","","","","","","-363.51584","1296.62781","-1292.00488","-724.96600","1303.81421","-1335.58594","-554.49207","1184.70288","-1180.56482","","","","-307.00415","962.26300","-1276.17969","","","","-358.85880","787.11127","-1173.49524","-825.05048","785.58295","-1225.69604","-451.20959","812.11884","-1206.96777","","","","","","","-414.45355","387.37869","-1217.00403","-672.93671","407.60638","-1225.00562","-414.31210","201.51443","-1480.23999","-645.42273","66.81726","-1266.21826",NA,"P3",29,13
94,0.93,"-702.57593","835.57037","-1221.53650","-566.50592","1481.61975","-1075.40674","","","","","","","-365.05020","1297.47559","-1286.13098","-727.02295","1304.20715","-1327.01917","-555.24689","1184.26245","-1174.13025","","","","-308.41708","963.76099","-1270.49011","","","","-361.65610","789.64185","-1164.38391","-826.76971","786.18439","-1214.76392","-452.47116","813.52563","-1198.81543","","","","","","","-418.99832","392.32541","-1193.07397","-673.16693","407.34357","-1222.86804","","","","-645.42999","66.75408","-1266.23254",NA,"P3",29,12
95,0.94,"-662.73242","1504.66333","-1165.80066","-568.38885","1482.49878","-1067.77954","","","","","","","-366.35791","1298.68884","-1280.89868","-728.22040","1304.65735","-1319.60071","-556.67767","1183.71521","-1166.91687","","","","-310.05322","963.80536","-1261.51025","-702.55640","835.17535","-1214.58264","-362.42276","790.75214","-1154.59338","-827.70923","787.12024","-1205.00928","-452.59302","814.68567","-1190.42871","","","","","","","-422.12799","395.91690","-1173.24878","-674.38983","407.37646","-1219.87219","-420.15613","201.99608","-1445.13782","-645.53564","66.49249","-1266.63440",NA,"P3",29,14
96,0.95,"-663.90558","1505.03345","-1157.88464","-570.23627","1483.08313","-1060.18994","","","","","","","-368.39725","1297.99805","-1270.12146","-730.34381","1304.01855","-1308.13940","-557.94824","1184.61438","-1159.75354","","","","-311.58838","963.80554","-1252.44238","-810.11200","961.01575","-1339.54041","-365.14987","791.31415","-1148.17139","-829.44672","788.55969","-1195.50842","-454.63333","816.57874","-1184.90771","","","","","","","-424.41513","399.83078","-1153.90503","-675.41071","406.96170","-1217.01282","-423.99686","200.93477","-1427.15808","-645.50891","66.54935","-1266.53003",NA,"P3",29,14
97,0.96,"-704.53705","836.19678","-1201.59448","-571.91565","1484.14392","-1052.80432","","","","","","","-369.14471","1298.73486","-1263.56946","-731.33832","1305.36621","-1302.84058","-558.18750","1184.46521","-1152.53076","","","","-312.13287","964.67401","-1244.76355","-812.05627","961.43640","-1330.57605","-365.52332","792.96143","-1137.64209","-830.35480","789.41821","-1185.45496","-455.24020","818.30286","-1179.46082","","","","","","","-429.29843","403.77274","-1139.81018","-675.76440","406.79233","-1215.03125","-424.35092","202.58521","-1403.70593","-645.55133","66.47369","-1266.69995",NA,"P3",29,14
98,0.97,"-666.08191","1505.78674","-1142.39294","-573.50568","1485.11670","-1045.05005","","","","","","","-370.82443","1299.74060","-1256.95032","-732.88104","1306.43066","-1295.69324","-559.96149","1185.06177","-1146.89795","","","","-314.28522","966.51221","-1239.11121","-813.66711","962.12817","-1321.30969","-367.08551","794.90601","-1130.11780","-831.61359","790.59161","-1176.81458","-457.58774","819.58185","-1171.81152","","","","","","","-432.30991","406.45166","-1123.96106","-676.25085","406.27997","-1212.47693","-426.80917","200.34262","-1380.61267","-645.59052","66.37544","-1266.84875",NA,"P3",29,14
99,0.98,"-666.98297","1506.14539","-1134.45764","-575.10645","1486.00134","-1037.08533","","","","","","","-371.88940","1301.12524","-1251.96948","-733.37048","1307.51587","-1289.66638","-560.12659","1186.04700","-1139.89246","","","","-315.31876","966.80121","-1230.61523","-815.27124","962.73730","-1312.75525","-368.17880","796.02747","-1121.23926","-833.00427","791.79919","-1165.52026","-457.07343","821.17346","-1165.17542","","","","","","","-435.85464","412.08484","-1103.01282","-678.02557","406.48874","-1210.96179","-430.89011","196.49916","-1359.67249","-646.13690","67.51520","-1264.09827",NA,"P3",29,14
100,0.99,"-706.59570","836.68817","-1181.74219","-576.62732","1486.90771","-1029.93774","","","","","","","-372.87631","1302.52856","-1246.86267","-734.51715","1308.67554","-1282.54858","-561.04010","1186.75513","-1133.39075","","","","-316.21347","967.34753","-1222.43860","-816.70831","963.02747","-1303.22705","-368.60886","798.21167","-1112.61475","-832.97223","792.42633","-1156.90771","-458.11014","823.05145","-1157.61877","","","","","","","-439.58142","416.01892","-1087.87854","-678.52368","406.35782","-1208.86707","-434.35678","192.63625","-1336.75146","-646.15149","67.51702","-1264.16516",NA,"P3",29,14
101,1,"-668.78436","1506.52893","-1118.32861","-578.19775","1487.55920","-1022.28333","","","","","","","-374.55328","1302.90186","-1238.48755","-736.43213","1308.57849","-1273.41968","-561.82532","1187.13879","-1125.22827","","","","-317.55322","967.86023","-1214.24194","-817.80688","964.11041","-1294.98083","-369.26053","799.87964","-1103.21606","-833.87158","793.84113","-1147.81848","-460.02545","823.75061","-1153.18176","","","","","","","-443.29868","418.30945","-1076.13257","-679.12653","406.19263","-1206.93213","-436.29169","189.07840","-1313.71033","-646.13831","67.51810","-1264.10559",NA,"P3",29,14
102,1.01,"-669.52014","1506.79370","-1110.47815","-579.49829","1488.55334","-1014.61169","","","","","","","-374.80856","1303.30542","-1231.77319","-736.32623","1309.25500","-1266.84167","-562.03741","1187.74927","-1117.53857","","","","-318.25589","969.59216","-1208.68237","-818.98871","964.70612","-1286.46167","-369.86023","801.08691","-1095.26965","-833.54431","794.30524","-1139.03064","-460.39734","825.53375","-1144.79565","-709.90350","837.79718","-1168.88477","","","","-446.14441","424.38870","-1056.18542","-679.73975","405.94418","-1205.92542","-440.89603","182.34715","-1293.37268","-646.10889","67.56339","-1263.98547",NA,"P3",29,15
103,1.02,"-710.67560","837.84375","-1161.82690","-580.76477","1489.26172","-1006.60870","","","","","","","-375.78052","1302.73315","-1221.52637","-737.84393","1309.96619","-1258.92578","-563.19849","1188.91418","-1111.38672","","","","-319.14996","969.79681","-1200.39099","-820.02179","965.31451","-1278.33411","-371.03183","802.11359","-1087.93384","-835.91870","796.91071","-1129.95654","-461.40216","825.74414","-1137.57996","","","","","","","-449.67352","427.94485","-1043.91858","-680.18591","406.05359","-1203.64380","-442.96603","177.51854","-1268.10974","-645.95886","67.82225","-1263.38196",NA,"P3",29,14
104,1.03,"-561.14014","1358.27429","-1277.73657","-581.98352","1489.68494","-998.95526","","","","","","","-376.98196","1304.52869","-1218.06763","-738.13910","1310.43152","-1251.59229","-563.93481","1189.42615","-1103.85413","","","","-320.68878","970.64563","-1194.10083","-820.98273","965.55591","-1269.43616","-371.01068","803.62476","-1079.64490","-835.47949","797.02441","-1120.82898","-462.88208","826.59729","-1131.02502","","","","","","","-453.29440","431.39679","-1029.04211","-680.29700","405.42273","-1201.76379","-445.96213","172.01483","-1244.78052","-645.74707","68.09312","-1262.50122",NA,"P3",29,14
105,1.04,"-562.17902","1358.48560","-1270.37537","-582.96313","1490.32141","-991.53723","","","","","","","-377.68204","1304.77734","-1211.07056","-739.80042","1310.51843","-1243.44531","-563.88837","1188.81543","-1097.21851","","","","-321.12885","971.16858","-1187.06299","-821.78693","965.89258","-1260.66711","-371.67078","803.69452","-1072.52686","-834.82367","797.58698","-1111.32385","-464.01895","827.07825","-1125.28784","","","","","","","-456.57498","434.57968","-1015.87946","-680.53723","404.96988","-1200.10486","-449.95795","164.87599","-1221.39722","-645.50165","68.50249","-1261.50928",NA,"P3",29,14
106,1.05,"-563.26471","1358.70789","-1263.63000","-583.99445","1490.83105","-984.25232","","","","","","","-379.01669","1306.11816","-1206.44385","-740.34979","1311.32568","-1235.57629","-565.30725","1188.80237","-1088.57678","","","","-321.67416","971.87720","-1180.46448","-822.46173","966.30011","-1252.55737","-371.84470","804.64380","-1063.56104","-835.53577","798.96057","-1102.52905","-464.90485","828.12634","-1117.56689","","","","","","","-459.40656","438.09995","-1002.68500","-680.56061","404.16608","-1197.30188","-452.91138","157.58023","-1195.13013","-645.17163","68.97434","-1260.15198",NA,"P3",29,14
107,1.06,"-564.13019","1358.76819","-1255.90881","-584.78699","1491.35327","-976.46924","","","","","","","-379.31607","1304.26392","-1194.61536","-740.78821","1311.62061","-1228.20630","-565.36688","1189.73364","-1081.47852","","","","-321.91809","971.72455","-1172.63342","-823.38837","966.03839","-1244.39038","-371.74411","805.09729","-1054.81555","-835.32874","798.09656","-1093.44653","-466.02881","828.06268","-1108.36353","","","","","","","-460.89587","440.55368","-991.77399","-681.42358","404.58307","-1194.79309","-455.21777","152.24760","-1168.46912","-644.11810","68.55253","-1260.80920",NA,"P3",29,14
108,1.07,"-564.73877","1359.27100","-1248.21521","-585.48767","1491.43848","-968.53076","","","","","","","-379.75500","1304.84326","-1189.47949","-742.25403","1311.24500","-1219.13684","-565.23944","1188.78003","-1074.42383","","","","-322.17493","970.52686","-1163.55737","-823.91943","966.05200","-1236.06787","-372.16248","805.80188","-1047.97693","-834.81445","798.10742","-1084.88757","-466.00568","828.83203","-1100.99658","","","","-554.90649","910.52777","-1325.24744","-463.61710","443.57071","-980.64441","-681.23865","404.54156","-1191.72778","-457.39102","145.35735","-1141.75574","-643.88617","67.72780","-1258.11108",NA,"P3",29,15
109,1.08,"-565.62335","1358.84741","-1240.24316","-586.21008","1491.05859","-960.68011","","","","","","","-381.11386","1305.94006","-1185.53479","-742.43414","1311.09985","-1211.36414","-566.65460","1188.48218","-1066.70911","","","","-323.29041","971.06750","-1157.88770","-824.52612","965.77307","-1228.16992","-372.53915","805.83350","-1039.83887","-834.38165","798.31860","-1076.83667","-467.32892","829.46326","-1093.26001","","","","-555.27997","910.81982","-1318.50195","-465.77664","444.90344","-970.53546","-681.15692","403.11356","-1188.48120","-461.27536","137.11650","-1116.57239","-643.38245","68.45171","-1256.03979",NA,"P3",29,15
110,1.09,"-566.44769","1358.36316","-1232.27869","-586.64612","1491.07520","-953.16583","","","","","","","-381.60132","1303.62256","-1172.73047","-743.87866","1311.37366","-1203.35950","-567.32782","1187.68445","-1058.47766","","","","-323.24872","970.94019","-1151.80298","-824.93494","965.50061","-1219.86816","-372.32733","806.02673","-1032.92871","-834.83875","798.55688","-1067.33533","-467.26984","828.82928","-1085.55725","","","","-555.48846","910.60126","-1310.79419","-468.33405","446.37592","-960.11676","-681.08264","402.75815","-1184.95618","-464.30988","131.10825","-1087.87109","-642.95636","68.99539","-1254.26733",NA,"P3",29,15
111,1.1,"-673.95721","1506.43042","-1038.40918","-587.07990","1490.70166","-945.37653","","","","","","","-382.29056","1303.61694","-1166.79089","-744.28271","1310.11072","-1194.62122","-567.71509","1187.36572","-1051.44788","","","","-324.18082","970.66730","-1145.98730","-825.34534","965.14722","-1212.33606","-372.33350","805.33484","-1024.80420","-834.53595","798.74017","-1059.12451","-467.84390","829.18994","-1079.55664","","","","-555.77344","910.16138","-1303.50012","-467.99963","447.60861","-950.00452","-680.93542","402.74942","-1181.90442","-466.46323","126.09499","-1058.45313","-642.58441","69.48656","-1252.72473",NA,"P3",29,15
112,1.11,"","","","-587.47559","1490.10229","-937.15460","","","","-567.64160","1357.48694","-1215.87988","-382.05814","1301.59058","-1156.09985","-744.60162","1309.88049","-1186.58008","-567.95453","1186.40833","-1043.22644","","","","-324.15820","969.02069","-1136.34851","-825.70081","964.26434","-1203.71118","-372.60196","804.81122","-1017.62952","-834.31030","797.52209","-1050.32129","-470.20996","827.74609","-1071.58020","","","","-555.76184","909.81885","-1295.79504","-468.97522","448.17569","-942.10309","-681.59894","402.71613","-1178.34204","-468.83893","120.81508","-1030.92273","-642.37360","69.73245","-1251.84070",NA,"P3",29,15
113,1.12,"","","","-587.79138","1489.30737","-928.87079","","","","-568.17285","1356.88306","-1207.52209","-383.72855","1301.66516","-1149.80237","-745.94354","1309.21484","-1178.41406","-569.31067","1184.77783","-1034.89697","","","","-323.82257","968.01038","-1129.52112","-826.04633","963.11304","-1195.03699","-371.68597","803.19958","-1010.16443","-833.05554","795.69824","-1041.21960","-470.90115","827.33173","-1063.76563","","","","-555.84607","909.03943","-1287.95264","-471.63544","445.95062","-933.19330","-680.91559","401.03745","-1174.07544","-471.39127","114.91500","-1004.42694","-642.12531","70.02142","-1250.79907",NA,"P3",29,15
114,1.13,"-674.50787","1504.92407","-1014.01434","-587.92615","1488.84875","-921.13464","","","","-568.68658","1356.04492","-1198.89929","-383.86026","1300.24524","-1140.85095","-746.09161","1308.40137","-1170.59631","-569.33405","1183.10681","-1027.54822","","","","-324.84909","967.66492","-1122.67358","-826.29706","962.13861","-1186.81848","-371.20410","802.95990","-1002.74316","-832.35364","796.11682","-1033.65515","-472.54605","827.08252","-1056.11035","","","","-555.75220","908.79584","-1280.77307","-471.73898","445.41788","-925.92493","-681.29486","401.06973","-1169.02026","-473.93347","110.75621","-977.85870","-642.31635","70.17164","-1248.39282",NA,"P3",29,16
115,1.14,"","","","-588.21442","1487.67688","-912.78796","","","","-569.04517","1355.35022","-1190.42334","-384.06427","1299.50171","-1133.73828","-746.07513","1306.72620","-1161.44592","-570.08789","1182.37207","-1019.16425","","","","-324.62985","964.91400","-1115.44531","-826.48792","961.06372","-1178.68860","-370.70648","801.47412","-995.06030","-831.83014","794.50049","-1025.72119","-473.44144","826.09180","-1047.34180","","","","-555.82690","907.76764","-1273.05664","-472.05261","444.36307","-920.71844","-680.76849","400.59167","-1165.46240","-476.00229","108.03318","-950.02686","-642.24823","70.15312","-1248.07825",NA,"P3",29,15
116,1.15,"-674.55243","1503.16711","-997.28882","-588.13684","1487.18091","-905.38562","","","","-569.52167","1354.28076","-1182.69824","-384.51318","1297.00171","-1121.88501","-747.15143","1305.83313","-1153.49060","-570.39331","1180.60205","-1010.66211","","","","-325.17480","964.52557","-1110.15698","-826.69531","959.61407","-1170.57898","-370.14163","799.98364","-987.89764","-831.95624","793.25677","-1016.78955","-473.76456","824.88257","-1039.05933","","","","-555.65326","906.65479","-1264.56799","-473.72717","441.37463","-914.50000","-681.05133","399.94012","-1160.03198","-478.42432","105.85149","-925.53033","-642.24127","70.43957","-1247.62720",NA,"P3",29,16
117,1.16,"","","","-588.10571","1486.17627","-896.65466","","","","","","","-385.39932","1297.36548","-1117.58875","-747.35925","1304.21948","-1145.10010","-571.75537","1179.89075","-1002.32080","","","","-325.24768","964.14026","-1103.69666","-826.76807","958.08051","-1162.33154","-370.75543","797.71765","-982.78900","-830.76093","791.58594","-1007.73724","-473.59637","824.17719","-1029.88147","","","","-555.55194","905.14893","-1255.90942","-472.92343","440.80170","-908.60864","-681.43597","399.39926","-1155.10876","-481.31259","104.00716","-898.16217","","","",NA,"P3",29,13
118,1.17,"-569.99017","1351.76990","-1165.50562","-588.11127","1484.87512","-888.47998","","","","","","","-385.22952","1294.78906","-1106.06921","-747.56854","1303.34375","-1137.07935","-571.60760","1178.00671","-994.77124","","","","-324.89069","961.54248","-1094.10315","-826.71008","956.50873","-1154.40308","-369.74484","795.98517","-975.77356","-830.09998","790.01471","-999.55365","-474.78458","822.44824","-1021.08649","","","","-555.23456","904.24731","-1247.69116","-472.91702","438.03555","-903.31958","-681.16699","397.88049","-1149.95142","-482.73322","104.55095","-874.30151","","","",NA,"P3",29,14
119,1.18,"-674.05988","1499.48950","-972.58472","-588.00818","1483.56287","-880.86578","","","","","","","-385.03723","1293.58569","-1098.57910","-748.37677","1301.41016","-1128.78113","-572.81281","1176.01514","-985.35840","","","","-325.37723","959.46423","-1085.84290","-826.59613","955.07465","-1146.39636","-369.02191","793.23706","-967.98126","-830.14063","788.85425","-991.97614","-475.90607","820.64337","-1012.66016","","","","-555.08881","903.02795","-1239.70361","-473.85641","435.98477","-897.10400","-681.04572","397.13116","-1143.92859","-485.77597","105.01638","-851.72369","","","",NA,"P3",29,14
120,1.19,"-570.32495","1348.53369","-1148.23132","-587.75311","1482.30664","-872.51971","","","","","","","-385.84372","1292.46130","-1090.70679","-748.26331","1299.62048","-1120.63721","-573.51868","1174.60706","-976.89075","","","","-325.58218","958.67377","-1078.20056","-826.40558","953.06769","-1138.01733","-368.56900","791.98651","-961.29962","-829.08832","787.87701","-984.37720","-476.05319","818.49335","-1003.78674","","","","-555.01563","901.23090","-1230.98181","-473.40317","434.13361","-889.01276","-681.77936","396.97742","-1138.18103","-486.99005","106.93037","-831.88855","","","",NA,"P3",29,14
121,1.2,"-673.35724","1496.40076","-956.11218","-587.63190","1480.66199","-864.83533","","","","","","","-386.10632","1289.88684","-1079.22046","-748.20782","1298.16467","-1112.62048","-573.62585","1173.51294","-968.48083","","","","-325.30380","956.81720","-1073.27881","-826.15930","951.08868","-1129.78931","-367.82983","788.40369","-955.30780","-827.83807","784.96912","-975.07654","-477.50067","817.33954","-995.15015","-725.70337","822.49683","-1041.73047","-554.83112","899.76941","-1222.38953","-473.53842","432.52264","-882.70465","-680.61237","395.00055","-1132.11951","-488.72830","108.08396","-811.58081","","","",NA,"P3",29,15
122,1.21,"-582.33392","1560.67712","-1138.05127","","","","-570.25330","1345.53345","-1131.00513","","","","-385.99249","1288.14490","-1070.72595","-748.72430","1295.67737","-1103.34473","-574.06604","1171.40662","-959.91168","","","","-325.90201","955.32928","-1064.57874","-825.85767","949.16553","-1121.04089","-366.32098","785.84552","-947.34558","-827.70880","783.24640","-965.83307","-477.38458","814.90076","-986.14319","","","","-554.74011","897.77362","-1213.05103","-474.60645","430.71463","-875.19342","-680.30573","393.75592","-1126.26379","-490.19525","110.14524","-792.61395","","","",NA,"P3",29,14
123,1.22,"-581.91492","1559.66846","-1130.03088","-574.40698","1447.48853","-920.86115","-570.10303","1344.15002","-1122.74133","","","","-385.82861","1286.40808","-1062.21130","-748.63104","1294.93787","-1095.52808","-574.73395","1169.85864","-950.78955","","","","-325.77090","952.19214","-1054.60425","-825.48651","947.37946","-1113.01160","-366.66901","783.14526","-941.75928","-826.12408","781.53241","-957.80688","-476.91663","813.87732","-975.96271","","","","-554.62787","895.95636","-1203.87866","-476.15128","430.63867","-865.65643","-680.29425","392.34970","-1120.94189","-491.51276","111.69746","-775.92456","","","",NA,"P3",29,15
124,1.23,"-581.38477","1558.80322","-1121.27429","-573.50043","1446.78223","-911.53717","-569.76422","1342.69092","-1113.53967","","","","-385.66833","1284.16406","-1052.22131","-748.58435","1293.14551","-1087.12598","-574.46643","1168.36108","-942.61328","","","","-325.17941","950.10632","-1047.53040","-825.01373","945.65680","-1104.46777","-365.07941","780.54236","-934.70410","-825.90277","779.80194","-948.42444","-478.41080","811.36682","-965.42407","","","","-554.52429","894.43262","-1194.75903","-477.79675","429.72470","-857.77295","-680.83606","390.89706","-1115.24023","-491.78360","112.53957","-761.86914","","","",NA,"P3",29,15
125,1.24,"-580.88690","1557.97949","-1112.93994","-571.86328","1444.47546","-902.71674","-569.55670","1341.22070","-1104.25708","","","","","","","-748.14899","1291.71301","-1078.09290","-575.22675","1167.60437","-933.32202","","","","-325.60718","948.03925","-1038.57849","-824.81598","944.10468","-1096.40356","-364.06799","777.19574","-927.20001","-825.65350","778.60706","-940.88892","-478.81601","810.12537","-956.64807","","","","-554.65192","893.04980","-1186.05554","-479.08240","428.34845","-847.25299","-681.36969","390.52722","-1109.48840","-493.68756","113.03830","-749.61646","","","",NA,"P3",29,14
126,1.25,"-580.31219","1556.99109","-1103.47864","-571.75372","1443.72327","-893.50970","-569.12659","1340.39709","-1095.79382","","","","-385.69519","1280.92627","-1034.59058","-748.37921","1290.48816","-1069.41064","-574.13379","1165.48865","-924.33917","","","","-325.30682","947.26776","-1032.07703","-824.27118","942.74658","-1087.90198","-364.09735","773.67743","-920.27655","-824.25629","776.56934","-932.76575","-477.44171","809.17688","-947.03192","","","","-554.89337","891.76453","-1177.06970","-480.65192","428.98947","-836.16241","-682.07452","390.34644","-1103.61829","-495.00952","112.84504","-739.11743","","","",NA,"P3",29,15
127,1.26,"-579.76300","1556.05200","-1094.85669","-571.11444","1443.15967","-884.09283","-568.90857","1339.07166","-1087.19250","","","","-385.14166","1278.40356","-1023.05695","-748.21820","1289.37000","-1060.23132","-574.42444","1164.83386","-915.02679","","","","-325.52097","944.83319","-1023.37207","-823.83496","941.66772","-1079.51294","-363.16711","772.13806","-914.92413","-823.34302","776.05377","-924.62311","-477.50760","807.28558","-937.43060","","","","-555.09900","890.07306","-1166.50403","-482.48297","428.68652","-825.37659","-680.91626","388.75256","-1097.23462","-497.20184","111.12365","-730.57147","","","",NA,"P3",29,15
128,1.27,"-579.27991","1555.14209","-1086.33105","-569.20746","1440.95398","-874.50635","-568.53662","1337.87244","-1077.82227","","","","-384.52747","1277.46521","-1017.83301","-747.39581","1288.47314","-1051.71753","-574.36823","1163.26489","-904.69775","","","","-325.31387","943.40613","-1013.88068","-823.33917","940.66675","-1071.18579","-361.54843","769.56085","-906.29413","-823.55438","774.92188","-915.98315","-477.91776","806.90399","-927.39233","","","","-555.55353","888.84442","-1157.09570","-483.45163","428.48685","-813.75568","-680.20856","388.09198","-1090.60901","-497.12646","108.68018","-724.45575","","","",NA,"P3",29,15
129,1.28,"-578.74133","1554.14636","-1077.14087","-569.65424","1440.78857","-865.49048","-568.12933","1336.98389","-1069.00366","","","","-384.06009","1276.45508","-1008.64740","-746.58429","1287.37109","-1041.71814","-573.42285","1162.77136","-896.33759","","","","-325.26501","942.17206","-1004.74988","-822.84955","939.68445","-1062.24121","-360.84814","766.64679","-899.10114","-822.03265","773.18048","-907.53351","-476.91824","806.90900","-917.23529","","","","-555.89142","887.48846","-1146.64197","-484.66272","427.19559","-802.87079","-680.01813","387.02106","-1084.04541","-498.78033","104.92896","-721.26727","","","",NA,"P3",29,15
130,1.29,"-578.25128","1552.93201","-1068.03931","-566.63104","1439.27625","-855.84381","-567.59454","1336.29822","-1060.12476","","","","-383.76135","1275.52612","-998.59045","-747.40326","1287.00830","-1032.17529","-572.95599","1162.01855","-885.61487","","","","-325.40530","940.98132","-997.39655","-822.01050","939.31622","-1053.37097","-360.46793","764.82739","-892.85052","-821.65326","772.44458","-899.87555","-477.05228","806.21173","-907.23425","","","","-556.37384","886.97528","-1137.32898","-485.14511","426.52072","-791.95026","-679.64996","386.45544","-1076.77429","-500.57733","101.95181","-717.49243","","","",NA,"P3",29,15
131,1.3,"-577.48932","1552.73193","-1059.21753","-566.25922","1438.91980","-846.06488","-567.05371","1335.34094","-1050.18445","","","","-383.33771","1274.58704","-989.84741","-746.62109","1286.80786","-1023.33887","-572.98035","1161.93250","-876.47595","","","","-325.09787","940.08301","-988.86047","-821.41193","938.81274","-1044.74170","-359.54565","762.71094","-885.19287","-820.83881","771.18567","-892.38727","-475.62750","806.45941","-896.03979","","","","-556.56067","885.58124","-1125.74268","-486.37463","425.37418","-781.18256","-681.09204","386.32806","-1068.74866","-501.31201","100.17506","-713.99628","","","",NA,"P3",29,15
132,1.31,"-576.81409","1552.36792","-1050.26782","-564.83948","1439.37366","-836.49524","-566.52155","1334.66101","-1041.31360","","","","-382.97556","1274.66052","-984.77869","-745.87000","1286.57397","-1013.31537","-571.73151","1161.95435","-867.31378","","","","-325.17023","939.55682","-981.35162","-820.79370","938.90234","-1036.26709","-359.52310","761.54504","-876.80066","-820.61127","771.06281","-884.05164","-475.93906","806.04340","-885.23816","","","","-556.61847","885.25897","-1115.87756","-486.54962","424.65036","-772.88678","-681.21271","386.15720","-1061.90247","-502.57059","98.66928","-708.72723","","","",NA,"P3",29,15
133,1.32,"-576.19263","1552.11169","-1041.14673","-564.31708","1439.30652","-826.99677","","","","","","","-382.12271","1273.61987","-975.63135","-744.99731","1286.25696","-1003.37170","-570.87567","1161.97400","-856.89343","","","","-324.49664","937.97760","-970.97119","-820.18164","938.81927","-1027.39209","-360.34213","759.50958","-870.42297","-820.34058","769.47424","-875.16064","-477.02872","805.98346","-873.35754","","","","-556.36853","884.79736","-1104.87488","-486.64767","423.75381","-762.29126","-680.25122","385.18738","-1053.47302","-502.60623","97.72153","-702.41095","","","",NA,"P3",29,14
134,1.33,"-575.46301","1552.57751","-1031.74451","-563.56604","1439.80713","-817.14844","-565.17310","1334.20154","-1022.19482","","","","-380.42206","1273.76270","-965.42761","-744.55542","1286.01965","-993.28363","-569.61353","1162.37891","-846.53326","","","","-324.92154","938.24445","-964.73334","-819.66431","939.18176","-1018.82336","-359.83112","758.81873","-863.28802","-818.88898","769.33539","-866.10608","-475.82486","805.99866","-862.70575","","","","-556.01575","884.82935","-1093.62036","-486.80368","422.66092","-754.60986","-679.26233","384.81445","-1044.97925","-504.55435","96.56120","-697.03021","","","",NA,"P3",29,15
135,1.34,"-574.66687","1553.38245","-1022.55817","-562.66858","1441.31934","-807.30328","-564.29932","1334.61292","-1012.45410","","","","-379.25397","1272.95264","-955.07477","-743.67566","1287.07544","-983.75604","-568.73456","1163.82886","-837.36621","","","","-324.21460","938.03906","-955.03070","-819.23102","939.30151","-1008.52185","-358.79694","758.43469","-854.91364","-818.90747","768.63214","-858.72150","-475.90582","805.31329","-852.16589","","","","-555.68896","885.47211","-1083.41492","-487.26630","422.36942","-745.88855","-681.48645","385.66763","-1036.39722","-504.27219","95.38801","-692.13025","","","",NA,"P3",29,15
136,1.35,"-573.84692","1554.03369","-1013.05322","-561.93225","1442.42993","-797.45593","-563.52924","1334.97876","-1002.52185","","","","-378.27676","1273.76379","-946.78259","-743.10150","1287.93762","-973.84399","-568.08893","1165.25024","-827.34027","","","","-324.17935","938.28522","-946.60919","-818.64050","940.62512","-999.88666","-358.84235","757.18079","-848.08337","-819.09448","768.64026","-850.99719","-477.23471","806.40308","-841.50024","","","","-555.52032","885.85150","-1071.62793","-486.88663","422.48795","-736.78247","-681.41193","386.00275","-1026.10413","-504.99832","94.28250","-688.87915","","","",NA,"P3",29,15
137,1.36,"-573.16193","1554.55933","-1003.94946","-560.52728","1443.45264","-787.50970","-562.62073","1335.99207","-993.01361","","","","-376.86057","1274.87402","-936.77490","-741.75171","1288.81946","-963.27173","-566.38367","1166.08484","-816.83105","","","","-323.53018","938.70197","-939.23956","-818.00598","942.08386","-990.10559","-358.83527","757.35889","-839.67932","-818.47852","769.98859","-842.88281","-473.92950","808.42737","-827.00348","","","","-555.47437","886.58136","-1060.06189","-485.98291","423.70789","-727.53796","-682.22894","386.36264","-1015.19000","-504.69431","94.57763","-684.51959","","","",NA,"P3",29,15
138,1.37,"-572.43945","1555.58582","-994.65271","-559.19452","1444.84448","-777.51025","","","","","","","-375.35254","1275.45959","-926.30005","-741.51031","1290.35864","-952.75745","-565.92200","1167.71118","-806.54767","","","","-323.38144","939.28186","-930.82727","-817.43665","943.59326","-979.90668","-358.15732","758.21649","-832.97083","-817.24146","769.74603","-834.31293","-473.91812","810.78021","-817.40894","","","","-555.62372","887.48999","-1048.38818","-486.47318","423.51395","-717.36224","-683.31482","386.50687","-1003.58118","-504.50436","94.16000","-681.08264","","","",NA,"P3",29,14
139,1.38,"-571.55646","1556.88977","-985.53564","-557.97369","1445.99878","-767.83856","","","","-560.82135","1338.30261","-973.41663","-375.06494","1276.57959","-917.10236","-740.83765","1292.20752","-941.94824","-564.15454","1169.39905","-796.14709","","","","-322.83215","940.56476","-921.74615","-816.75928","945.74481","-970.68036","-358.76654","758.37506","-824.40472","-817.47137","771.20325","-825.43817","-474.35657","812.82806","-805.91101","","","","-555.91425","888.80646","-1037.17322","-485.65387","423.87085","-707.97894","-684.49640","385.98318","-991.31531","-505.00311","92.84947","-678.45966","","","",NA,"P3",29,15
140,1.39,"-570.72839","1558.47412","-976.01239","-556.84607","1447.86719","-757.71460","","","","-559.98535","1339.79468","-963.80884","-374.77908","1277.34021","-907.88293","-739.03687","1294.16187","-933.01727","-562.89380","1171.60339","-786.07294","","","","-322.11087","941.60535","-912.18146","-815.99066","947.68396","-960.53839","-357.99991","759.53992","-816.82465","-817.09082","772.39795","-817.25867","-472.68732","815.00153","-793.86829","-720.57599","811.52551","-833.15527","-556.30688","890.26978","-1025.75879","-486.28424","424.57800","-701.05853","-685.31293","386.74277","-978.27472","-505.07248","93.75329","-675.54089","","","",NA,"P3",29,16
141,1.4,"-569.90088","1560.31555","-966.72217","-555.94446","1450.36707","-747.65149","","","","-559.02240","1341.16028","-953.97412","-373.95267","1278.81555","-898.89404","-738.47925","1296.35327","-922.79639","-562.97504","1174.31604","-776.37695","","","","-322.06830","943.30426","-906.44867","-815.11993","950.37207","-951.59027","-356.58398","761.26813","-808.20972","-816.54138","772.86566","-809.15900","-471.65640","817.61688","-783.32098","","","","-556.82623","892.26990","-1014.63818","-485.62640","425.54156","-694.53833","-688.20337","386.56674","-963.84760","-505.24734","93.86036","-673.33234","","","",NA,"P3",29,15
142,1.41,"-569.05127","1562.38416","-957.03131","-555.46832","1452.35742","-738.48456","-635.87665","1511.28333","-696.20551","-558.32538","1342.60168","-944.94580","-372.96609","1281.43494","-890.71881","-737.92163","1298.83105","-913.07416","-561.42340","1177.20313","-766.40533","","","","-320.88077","944.93298","-897.00201","-814.30450","952.43408","-941.08630","-355.56708","763.42010","-800.93054","-815.91278","774.41425","-800.80255","-470.67953","819.92145","-772.14215","-719.30286","816.05884","-809.43298","-557.58521","894.14368","-1003.28339","-485.08447","426.18753","-687.12170","-693.19952","388.11212","-948.94598","-504.95486","92.87949","-672.34106","","","",NA,"P3",29,17
143,1.42,"-568.30969","1564.42126","-947.83582","-554.19324","1454.45972","-728.49371","-557.31775","1344.75781","-934.93768","","","","-371.59961","1283.37720","-881.17120","-736.04889","1300.93140","-903.34503","-560.07159","1179.35291","-756.78473","","","","-320.60840","947.93146","-888.04193","-813.22180","955.72266","-932.06628","-354.60663","765.35266","-791.70343","-816.08551","777.21600","-791.88831","-468.59344","823.10321","-761.05798","-718.87891","816.80804","-798.37286","-558.35999","896.09167","-991.72192","-483.53812","426.86810","-681.26263","-696.28271","388.31323","-932.12982","-505.37793","92.47142","-670.79333","","","",NA,"P3",29,16
144,1.43,"-567.63489","1566.48608","-938.16443","","","","-552.52673","1456.10681","-717.85376","","","","-370.89703","1285.93506","-873.34924","-735.90790","1303.32874","-893.24799","-558.50574","1182.07849","-746.04718","","","","-319.51929","949.62646","-880.40308","-812.40546","958.22833","-922.23566","-353.39886","767.50854","-783.76959","-815.74896","779.16626","-783.74884","-466.85559","825.82306","-750.67529","","","","-559.07434","898.00562","-980.50043","-483.89609","425.49570","-675.83594","-699.66730","388.02609","-914.07782","-505.25232","91.53510","-669.37823","","","",NA,"P3",29,14
145,1.44,"-566.91681","1568.43616","-928.44843","-532.85938","1473.28406","-638.56329","-653.62646","1503.35535","-735.94037","","","","-370.25000","1288.35547","-865.93304","-734.95300","1305.29834","-883.27063","-557.93243","1184.22461","-736.07605","","","","-318.49521","951.14575","-870.35059","-811.67975","960.90778","-912.39557","-351.93069","769.54565","-774.42816","-815.49298","780.53979","-774.31201","-465.84341","828.30743","-740.21246","-713.13159","820.77490","-774.52386","-559.70520","899.78943","-970.18842","-485.21002","425.25183","-670.26453","-701.45819","387.57355","-894.82245","-505.60019","92.25959","-667.65796","","","",NA,"P3",29,16
146,1.45,"-566.17590","1570.71191","-919.27338","-532.37006","1475.68274","-629.76489","-650.69672","1504.57581","-726.56207","","","","-369.55484","1290.17395","-854.11389","-733.49463","1307.88867","-873.96051","-556.91498","1187.38989","-726.93896","","","","-317.38843","954.50250","-861.65643","-811.02203","963.43549","-902.71429","-351.97189","771.63928","-765.60449","-815.15002","782.41364","-764.73914","-464.13080","830.49469","-730.55951","-712.46979","823.75134","-765.10083","-559.89142","901.64972","-958.97614","-484.94064","425.62949","-664.93182","-704.25647","387.23047","-875.92828","-505.42798","92.02834","-666.82928","","","",NA,"P3",29,16
147,1.46,"-565.54388","1572.58167","-909.88739","-554.27924","1351.14063","-896.46722","-550.61688","1461.79932","-688.92078","","","","-368.82431","1292.49316","-846.82593","-732.67963","1309.38257","-863.93933","-555.32837","1189.97168","-717.46332","","","","-316.91971","956.16516","-853.17749","-810.47070","965.85101","-892.62476","-349.73355","774.46582","-755.83453","-814.85596","784.01971","-755.54449","-462.86310","831.95593","-721.15741","-710.86322","825.50824","-751.81293","-560.02850","903.78827","-949.48096","-484.32224","425.67224","-659.79865","-708.20648","388.49142","-856.42847","-505.76218","92.05449","-665.82806","","","",NA,"P3",29,16
148,1.47,"-565.00696","1574.09741","-901.02393","-553.63477","1352.75842","-887.38177","-651.39240","1508.33447","-707.99225","","","","-367.78717","1294.52710","-836.69476","-732.09424","1311.67322","-854.82495","-554.98749","1191.96472","-707.49615","","","","-315.47223","958.96368","-843.64001","-810.06567","967.82056","-882.99274","-348.04883","776.74701","-746.67725","-814.65027","785.30243","-746.25684","-460.93948","832.89325","-711.46680","-709.13733","827.53674","-742.26959","-560.18799","905.10687","-939.55518","-484.51678","425.15277","-655.21100","-709.49066","388.03888","-835.90033","-505.31476","92.33767","-665.52509","","","",NA,"P3",29,16
149,1.48,"-564.43311","1575.29688","-891.96149","","","","-649.36755","1509.55273","-698.88074","","","","-367.02121","1296.41138","-827.92487","-731.33875","1313.01245","-844.63007","-553.45447","1193.77148","-697.69104","","","","-314.50842","961.04370","-835.04407","-809.80316","969.56628","-873.26483","-347.35025","778.59845","-736.92395","-814.84760","786.74280","-736.46710","-460.72055","834.06396","-702.66003","-707.79095","828.49390","-732.36462","-560.05322","906.41302","-929.70233","-484.19833","424.67746","-650.58612","-712.84729","388.11658","-815.55597","-505.58743","92.37658","-664.80981","","","",NA,"P3",29,15
150,1.49,"-563.93085","1576.30603","-882.94208","","","","-648.00195","1510.29309","-689.34912","","","","-366.95575","1298.38440","-821.08221","-731.12079","1314.78015","-834.80188","-552.61865","1195.17676","-688.26874","","","","-313.25977","961.86548","-825.63318","-809.54871","971.34064","-864.06360","-345.36700","780.63019","-726.33661","-814.74872","788.35986","-727.50616","-459.99600","834.84564","-693.33728","-705.15771","829.27283","-722.47339","-559.81628","907.88409","-920.90430","-483.38809","424.52689","-646.01758","-714.93298","388.90192","-794.46411","-504.79712","92.56641","-664.35168","","","",NA,"P3",29,15
151,1.5,"-563.46698","1577.30981","-873.61896","-530.14630","1483.44849","-583.46686","-649.15540","1512.85693","-680.38995","-551.91168","1356.94055","-859.20233","-366.32333","1299.43164","-808.29889","-730.13525","1315.84473","-826.22876","-551.66638","1196.88501","-679.50720","","","","-311.96078","964.01245","-816.65851","-809.46112","972.47052","-853.79541","-344.01913","782.36829","-716.22961","-814.15204","789.78333","-717.50616","-459.18979","835.41443","-683.98743","-707.36664","832.20850","-712.97162","-559.34979","908.63184","-911.47064","-482.54745","424.27094","-642.08813","-716.83704","391.07187","-774.36108","-504.18665","92.29996","-663.46979","","","",NA,"P3",29,17
152,1.51,"-563.00537","1578.47803","-864.61511","-528.25079","1485.54529","-574.53540","-647.67377","1513.24585","-670.70630","","","","-365.46277","1299.88159","-801.48657","-729.50537","1316.95471","-816.76990","-549.68921","1197.86047","-669.69220","","","","-311.02881","964.78168","-807.64758","-809.38281","973.79517","-844.33136","-342.28241","784.00476","-706.15924","-814.48517","790.64325","-707.13617","-459.00491","835.17725","-675.95447","-708.27759","834.37677","-703.60803","-558.95831","909.08710","-902.21490","-482.11893","424.10596","-637.89044","-719.32117","392.34030","-752.91241","-504.03650","92.36224","-663.42108","","","",NA,"P3",29,16
153,1.52,"-562.55957","1579.40112","-855.44043","-527.45831","1488.24829","-564.84344","-646.30750","1515.05139","-661.57391","-550.62292","1360.09778","-840.67371","-364.67755","1301.73950","-791.22241","-729.00952","1318.07336","-807.47577","-550.09369","1198.93323","-660.62512","","","","-309.61209","966.24530","-798.05231","-809.49658","974.65576","-834.31451","-340.57602","786.82874","-695.37122","-815.26501","793.48975","-697.37909","-458.98392","835.14136","-667.51019","-707.35895","833.67426","-693.85010","-558.38812","909.65100","-893.13446","-480.59705","424.37579","-633.52966","-719.62476","394.13943","-732.17169","-503.19595","92.71355","-663.34503","","","",NA,"P3",29,17
154,1.53,"-562.16083","1580.12451","-846.73236","-525.38489","1488.35071","-555.93292","-644.71838","1515.62964","-651.78687","-550.57806","1360.27759","-832.07025","-364.36462","1303.03540","-782.35339","-728.74719","1319.26294","-799.03870","-549.11890","1199.15210","-651.65912","","","","-308.09787","966.97729","-787.99030","-809.56067","975.80872","-824.91418","-339.38104","788.34216","-684.72272","-813.87476","794.03949","-686.20868","-458.07449","836.02075","-659.58191","-706.95367","835.39795","-684.50793","-557.85590","910.53693","-884.68414","-480.34366","424.28131","-630.75684","-722.64191","397.48859","-711.30927","-503.13138","92.74271","-663.32501","","","",NA,"P3",29,17
155,1.54,"-561.75690","1580.81970","-837.58563","-526.24426","1489.79956","-546.58484","-646.34161","1517.34106","-643.42657","-550.19324","1361.04419","-823.49969","-364.05731","1303.88928","-773.98151","-728.49707","1319.98230","-789.65253","-548.45807","1200.10828","-642.57819","","","","-306.71924","968.56696","-778.09998","-809.62335","976.48425","-814.81451","-337.96243","789.19720","-674.49908","-813.99725","795.31970","-676.51038","-458.07251","836.36426","-651.55225","-706.39331","836.52295","-676.35974","-557.59381","911.21606","-876.48615","-480.27899","423.29700","-628.33423","-723.13696","399.83646","-690.39331","-502.85135","93.27560","-662.38214","","","",NA,"P3",29,17
156,1.55,"-561.32922","1581.79150","-828.37354","-524.91779","1490.83289","-537.92297","-645.19055","1517.78235","-634.15936","","","","-363.76685","1305.05151","-765.49835","-727.50513","1321.16882","-781.23102","-548.51678","1200.48718","-634.06946","","","","-305.49796","969.64825","-767.53027","-809.45923","977.78845","-805.93378","-335.40421","791.35870","-663.18811","-814.42688","797.82751","-666.29907","-457.44437","837.91296","-641.85229","-707.75159","837.58032","-668.73083","-557.37878","912.07697","-868.46063","-479.25165","422.65424","-625.46484","-723.98376","403.17935","-670.84729","-502.86584","93.06430","-662.12878","","","",NA,"P3",29,16
157,1.56,"-560.93677","1582.94202","-819.42175","-524.32281","1491.22046","-529.02222","-644.77118","1519.29895","-624.91840","","","","-363.00601","1304.96106","-755.17297","-727.45294","1322.06177","-772.45142","-548.41821","1200.71948","-625.77795","","","","-304.01239","970.71820","-757.36633","-809.49548","978.58875","-796.88452","-334.33768","792.01202","-653.06781","-813.50739","799.43274","-655.77002","-458.31631","838.48193","-636.03973","-707.07111","837.93976","-659.54639","-557.33252","912.78937","-860.10571","-478.71701","422.89056","-622.21069","-722.67633","405.18970","-650.17719","-502.82977","93.02209","-661.45306","","","",NA,"P3",29,16
158,1.57,"-560.77252","1583.46924","-810.30719","-521.92603","1491.39685","-519.44373","-644.02679","1519.24915","-615.74213","","","","-362.83142","1306.02905","-745.54236","-727.13892","1323.22473","-763.84973","-547.92145","1201.58521","-617.69141","","","","-303.00739","971.78577","-747.52679","-809.44745","979.11627","-786.74432","-332.74884","793.10303","-642.51245","-812.87512","800.45551","-645.15247","-455.91995","840.47528","-625.27576","-708.72546","841.29321","-651.59662","-556.41693","911.76672","-851.70239","-477.19955","422.92810","-619.15057","-724.88983","409.60483","-630.65875","-502.22949","93.55399","-661.45178","","","",NA,"P3",29,16
159,1.58,"-560.31592","1584.58789","-800.69965","-522.84113","1492.98853","-511.09180","-643.02588","1519.81946","-606.23920","","","","-362.30563","1306.86938","-737.10699","-726.75861","1323.62427","-754.98511","-547.39850","1201.89124","-609.38196","","","","-302.19452","973.12378","-736.73248","-809.30426","979.93195","-777.70697","-331.45700","794.89185","-631.13562","-812.85095","802.53546","-634.98505","-457.46609","840.83301","-619.04413","-708.86578","843.39233","-642.33838","-557.18896","914.64038","-845.14081","-476.84085","422.27765","-616.94879","-725.12372","413.38400","-611.30859","-501.94388","93.54113","-661.28271","","","",NA,"P3",29,16
160,1.59,"-559.98523","1585.60278","-791.75555","-522.13794","1492.79517","-501.95129","-643.61841","1521.15942","-597.37421","","","","-362.16724","1308.19653","-729.02081","-726.29083","1324.75366","-746.50415","-547.71747","1202.15076","-601.09155","","","","-300.37183","973.91840","-727.15082","-808.99731","980.89905","-768.75238","-329.90927","796.09192","-620.29260","-811.75195","804.14746","-624.79120","-455.99438","842.28485","-611.97906","-707.19379","844.66510","-632.77441","-557.33942","915.53101","-837.34161","-476.08829","421.78122","-614.47003","-724.50165","417.52118","-592.98218","-502.23929","93.11403","-660.58447","","","",NA,"P3",29,16
161,1.6,"-559.76996","1586.11938","-782.72003","-520.94415","1493.31592","-492.98782","-642.60065","1521.29956","-588.65100","-547.70685","1370.80945","-783.65393","-361.76059","1308.12500","-720.03900","-726.16193","1325.54639","-738.14624","-547.33990","1202.47571","-592.63275","","","","-299.32748","974.82605","-716.08307","-808.80670","981.39783","-759.11377","-327.84930","798.15637","-608.88861","-812.32178","805.29938","-615.58374","-456.00473","843.50214","-602.78723","-706.35541","846.79431","-623.69183","-557.91101","916.51117","-828.78632","-475.47534","421.63580","-612.07147","-722.38763","420.79388","-574.17999","-502.20355","93.14349","-660.57861","","","",NA,"P3",29,17
162,1.61,"-559.39459","1587.12622","-773.49225","-519.30634","1493.20325","-483.04773","-641.96484","1521.06482","-579.68604","","","","-362.03265","1309.16772","-713.02466","-725.85693","1326.32166","-729.89191","-546.24487","1202.88086","-584.92993","","","","-298.56921","975.92816","-705.76337","-808.51904","982.15735","-749.92297","-327.09976","798.96466","-598.32068","-811.49933","806.27838","-605.03149","-456.03241","843.58929","-596.09534","-704.49719","848.42883","-614.48303","-558.00446","916.77521","-819.31744","-474.85837","421.19601","-610.08240","-724.10571","425.85175","-556.80884","-502.19189","93.14706","-660.57428","","","",NA,"P3",29,16
163,1.62,"-558.96466","1588.27991","-764.44580","-518.02197","1492.61633","-474.10403","-640.35345","1520.56970","-570.22766","-547.30377","1372.25256","-767.80304","-362.08496","1309.69702","-704.84302","-725.41760","1326.79626","-721.16229","-545.99890","1203.74841","-577.23132","","","","-297.38193","976.84436","-695.48975","-808.40277","982.67261","-740.82703","-325.18536","800.31177","-587.00171","-811.37744","808.42157","-595.12445","-454.42828","844.78009","-587.25592","-706.44043","851.53760","-605.73120","-558.63959","918.00769","-812.56976","-472.91095","421.64160","-607.64557","-722.88727","429.60590","-539.24060","-502.02246","93.08337","-660.53162","","","",NA,"P3",29,17
164,1.63,"-558.81757","1588.61658","-755.22803","-518.47870","1491.33691","-466.28119","-641.10260","1521.93066","-561.72601","-547.16632","1372.68469","-759.40149","-361.90518","1310.25854","-696.14813","-725.30933","1327.36511","-712.71338","-546.34583","1204.66980","-568.71631","","","","-296.21878","977.62128","-685.80005","-808.19617","983.27661","-732.15753","-324.73615","801.20020","-576.36755","-811.12445","809.82153","-584.58972","-453.56921","845.28491","-580.69385","-703.36847","852.88135","-596.14557","-559.13507","918.08783","-803.59198","-472.91846","421.99304","-605.53973","-722.33618","433.58911","-521.85852","-502.00806","93.42759","-659.62885","","","",NA,"P3",29,17
165,1.64,"-558.46082","1589.53186","-746.19360","-517.47614","1494.48096","-458.13568","-639.31256","1521.56628","-552.20477","-547.03149","1373.14941","-750.93237","-361.65689","1310.47131","-689.25635","-725.24695","1328.16943","-704.89276","-545.71362","1205.18994","-561.20001","","","","-295.56088","978.44568","-675.92291","-808.10840","983.92126","-723.51990","-323.20496","802.77899","-565.02966","-809.90546","810.76080","-573.82593","-452.72995","845.66498","-573.10382","-702.04138","853.17291","-586.88617","-559.65570","918.40216","-796.06866","-472.69470","421.55585","-602.27051","-721.37207","437.24115","-505.12289","-501.68414","94.00443","-659.04822","","","",NA,"P3",29,17
166,1.65,"-558.11920","1590.39111","-737.70404","-516.65680","1493.83630","-449.18030","-638.50562","1522.21423","-542.78687","-546.98566","1373.30969","-742.08472","-361.49396","1311.18591","-682.45520","-724.92529","1328.43079","-696.83118","-544.55823","1205.62097","-552.38934","","","","-295.14871","978.89783","-666.15582","-807.96863","984.17108","-713.80048","-322.50482","803.93964","-554.99915","-810.97943","812.03247","-563.76263","-452.00867","845.92651","-566.77771","","","","-560.25592","918.34869","-787.49396","-472.00000","420.98752","-600.29602","-720.10974","441.41962","-489.41638","-501.83929","94.06519","-659.08282","-698.26550","190.00049","-714.42242",NA,"P3",29,17
167,1.66,"-557.88831","1590.59741","-728.68427","-515.41718","1492.36816","-439.73621","-639.45355","1522.30310","-534.93250","","","","-361.33279","1311.34766","-674.36768","-724.94177","1328.69019","-687.54364","-544.55853","1205.98975","-544.15253","","","","-294.44415","979.59821","-656.78375","-808.03766","984.45367","-704.77679","-321.08014","805.89490","-543.73523","-810.77661","812.88440","-555.02594","-450.53885","845.68805","-559.18042","","","","-561.23425","918.54260","-779.93103","-471.64291","420.16806","-597.03192","-716.64276","444.29510","-472.49725","-501.70538","94.36361","-657.97211","-698.91608","184.29987","-688.77966",NA,"P3",29,16
168,1.67,"-557.52979","1591.35364","-719.63586","-530.46075","1477.08606","-487.02808","-433.59604","1544.77844","-620.99762","-546.89673","1373.64819","-724.31244","-361.35767","1311.21436","-665.79791","-724.69385","1328.96228","-679.61383","-543.92108","1207.10547","-536.59155","","","","-293.99994","980.26782","-647.65186","-807.95947","984.73499","-695.64111","-320.99701","806.61224","-533.42670","-810.61609","814.05933","-544.63715","-449.92444","844.58148","-551.72504","","","","-561.80353","918.34167","-771.47211","-471.46436","420.80154","-594.27002","-717.07172","448.28488","-458.67096","-501.67068","94.95563","-657.56934","-699.98950","178.31395","-662.51068",NA,"P3",29,17
169,1.68,"-557.39581","1591.21228","-710.24072","-546.94476","1373.75330","-715.65497","-433.19952","1544.92102","-613.00415","-636.55579","1521.61169","-516.87769","-361.39548","1311.47131","-658.01300","-724.49731","1329.10010","-670.74109","-543.83179","1206.83838","-528.62915","","","","-293.03168","980.81775","-637.79797","-808.01282","984.73602","-686.43317","-319.96948","808.35529","-522.24725","-810.87622","815.61542","-534.65302","-449.34732","844.50946","-542.92499","-701.09454","853.89539","-562.84027","-562.39404","917.97473","-764.25665","-472.74966","419.88284","-591.94385","-713.33087","450.97141","-443.51599","-502.64862","94.53941","-656.88666","-700.71979","172.36411","-636.40222",NA,"P3",29,18
170,1.69,"-557.18628","1591.42273","-701.76038","-514.61951","1488.01880","-414.88232","-432.85684","1544.55859","-603.95251","-638.06213","1522.64526","-508.17758","-361.97763","1311.85913","-650.79437","-724.93488","1329.04114","-661.98010","-542.79926","1206.39929","-519.30023","","","","-292.02847","981.45142","-628.65515","-808.15527","984.73077","-677.87604","-319.37375","809.53064","-511.70923","-810.48102","816.07098","-524.12683","-449.58151","843.99396","-536.12451","","","","-563.38995","917.98981","-755.42883","-472.50482","419.30624","-587.65607","-712.17938","454.02850","-429.93515","-503.53333","93.96063","-655.64813","-702.06073","165.89307","-609.27930",NA,"P3",29,17
171,1.7,"-556.94824","1591.57739","-692.88989","","","","-432.36816","1543.85791","-595.97406","-635.60254","1521.62183","-498.47006","-361.30814","1311.87585","-643.15088","-724.67609","1329.02344","-653.07800","-542.14551","1206.55737","-511.21338","-546.53320","1372.95142","-697.09344","-291.65341","981.42169","-618.83325","-808.21515","984.38062","-667.66827","-318.54282","810.60339","-501.32349","-809.04047","815.59790","-513.71338","-448.35593","843.06604","-528.77142","","","","-564.23425","918.37592","-749.10712","-473.11053","418.87604","-585.92548","-710.52783","456.49075","-416.14227","-504.13132","94.09479","-654.40948","-703.07813","158.85762","-580.94269",NA,"P3",29,17
172,1.71,"-556.91711","1591.22949","-684.74512","","","","-432.08798","1543.27600","-587.13159","-636.88971","1522.32471","-490.29245","-361.67487","1311.64941","-634.55371","-724.42401","1328.49463","-643.63757","-542.81464","1206.08972","-502.09128","-547.51477","1373.21167","-690.19843","-291.80435","981.46527","-609.41364","-808.26849","984.24249","-658.67017","-318.68445","811.05078","-490.30319","-809.35522","816.52368","-503.96201","-447.83826","842.55688","-520.86969","","","","-564.11285","916.70404","-739.72437","-473.02249","419.22162","-580.83557","-709.54742","458.91672","-404.28638","-504.79022","93.41196","-654.15692","-703.57056","152.80229","-553.22791",NA,"P3",29,17
173,1.72,"-556.86499","1590.58435","-675.27380","-511.12820","1486.56067","-389.18427","-431.81290","1542.95398","-578.63397","-633.51270","1520.00964","-480.11902","-360.82462","1311.71472","-628.59119","-724.67584","1327.98926","-634.49463","-541.51440","1206.04675","-494.84372","-547.72546","1372.96082","-681.73346","-291.47894","981.55829","-601.33972","-808.43457","983.57806","-649.45605","-317.60165","812.04645","-480.43631","-809.64020","816.35687","-494.07782","-448.53247","841.11786","-515.71698","-697.74646","854.95178","-522.99170","-565.41650","916.98065","-732.64429","-474.31378","417.34943","-576.68982","-706.35681","460.20016","-391.45874","-504.82825","94.07849","-652.67920","-704.28784","146.71091","-524.44812",NA,"P3",29,19
174,1.73,"-556.79321","1589.87415","-666.31226","","","","-431.54327","1542.04822","-570.53467","-636.04608","1521.00952","-472.18613","-361.91156","1310.76111","-620.51270","-724.68011","1327.50293","-624.83344","-540.68872","1204.70935","-486.01337","-548.01050","1372.14856","-672.51447","-290.65906","981.56836","-592.20325","-808.40875","983.03485","-640.37036","-316.51831","812.75714","-470.16296","-809.36749","816.59735","-483.93069","-448.42279","840.51251","-506.50714","","","","-565.94482","916.16302","-723.55438","-474.78699","416.79047","-572.46509","-704.87195","461.52133","-380.62656","-505.62805","94.14582","-652.10583","-705.07532","140.94989","-495.64331",NA,"P3",29,17
175,1.74,"-556.85876","1589.12659","-657.76587","-511.44290","1486.01782","-372.46649","-431.30405","1541.53406","-562.25684","-635.62122","1520.53308","-463.34921","-361.81244","1310.46936","-611.83374","-724.41595","1326.48181","-615.24622","-540.42896","1203.29150","-477.18677","-548.33929","1371.35583","-663.39856","-290.65277","981.02869","-584.23499","-808.58093","982.04364","-630.36151","-315.96225","813.68683","-459.87250","-807.58118","815.76001","-473.01596","-447.40930","839.42261","-499.33807","-700.21356","855.29852","-507.73813","-566.55536","916.31055","-716.79956","-476.54910","416.03326","-568.36633","-703.24200","462.14630","-369.92505","-505.50601","94.13773","-649.99078","-705.39392","135.41266","-466.94577",NA,"P3",29,19
176,1.75,"","","","","","","-431.10098","1540.41638","-553.04181","-634.98297","1520.08484","-454.39175","-362.00031","1309.57996","-603.84082","-724.73108","1325.56433","-604.98431","-539.10437","1202.13135","-468.77301","-548.59631","1370.85461","-654.60339","-290.15756","980.04816","-575.10632","-808.86298","981.14124","-621.36243","-314.79117","814.09875","-449.66345","-808.37860","815.62451","-463.66800","-447.61945","838.73767","-491.63458","-698.22827","852.47180","-496.88199","-566.99725","914.85596","-707.64832","-475.96600","415.54114","-564.57422","-701.45300","462.32458","-360.31805","-506.32059","93.69772","-649.29285","-706.19073","130.36572","-437.66772",NA,"P3",29,17
177,1.76,"","","","-557.06348","1586.98767","-640.61682","-430.94333","1539.77246","-545.82941","-634.59363","1518.95154","-445.01031","-361.88431","1309.20935","-595.90656","-724.95703","1324.53198","-595.17316","-539.27649","1200.96875","-460.50900","-549.04193","1369.99695","-645.54980","-290.58032","978.87604","-565.88574","-809.01361","980.13232","-612.11987","-315.14569","814.44922","-440.48596","-807.97693","815.08374","-453.32751","-446.82724","838.30762","-482.69983","","","","-567.60236","914.22571","-699.07635","-476.08658","414.30173","-559.74420","-699.85828","461.12082","-350.43668","-506.16119","94.42260","-648.19897","-706.35059","126.26064","-409.10092",NA,"P3",29,17
178,1.77,"-507.52756","1483.36914","-345.47571","-557.22833","1585.69153","-631.72821","-430.84451","1539.02734","-537.74445","-634.54730","1518.08582","-436.10416","-362.18744","1308.10999","-586.74603","-724.86505","1323.54395","-585.23828","-537.71167","1198.83215","-451.67355","-549.30988","1369.31555","-636.84198","-290.20087","978.80695","-557.61261","-809.25488","978.94391","-601.94208","-314.77316","814.05585","-430.37097","-806.70007","813.53265","-443.85400","-446.39780","837.96765","-475.03696","","","","-568.24347","913.68903","-691.06390","-476.27859","413.41318","-555.52820","-698.54877","460.89914","-341.61609","-506.20569","94.23310","-647.61414","-706.60614","122.95076","-380.12167",NA,"P3",29,18
179,1.78,"","","","-557.34167","1584.34888","-621.99573","-430.55310","1537.17651","-528.42621","-634.31226","1516.97729","-427.17844","-361.96924","1306.65430","-577.68927","-725.10651","1322.16064","-575.16522","-536.97345","1197.97046","-443.74362","","","","-290.07220","977.43799","-549.58899","-809.51135","977.85455","-592.31299","-314.76617","814.13507","-421.03183","-806.90491","813.10931","-434.17450","-445.41559","837.46057","-465.11450","","","","-569.36456","912.56299","-682.18079","-475.47256","413.67670","-551.61102","-697.30811","460.20917","-332.58929","-506.17560","94.23537","-647.60046","-706.38721","120.86014","-351.95142",NA,"P3",29,16
180,1.79,"-506.67548","1481.54358","-327.85275","-557.56427","1582.92749","-613.42029","-430.55737","1536.59668","-518.93030","-633.59015","1515.88208","-417.57068","-362.64703","1305.54468","-569.94843","-725.08417","1320.76245","-565.36865","-536.86877","1196.28442","-434.92126","-549.96936","1367.18164","-618.17047","-290.19971","976.17969","-540.80890","-809.80249","976.76105","-582.76721","-314.68414","813.68243","-411.35248","-806.33679","811.91113","-423.43857","-446.69937","834.19031","-461.89249","","","","-569.59454","911.25421","-673.89264","-475.49463","412.58951","-545.97418","-696.54407","457.91318","-324.39285","-506.41965","94.39172","-646.63098","-705.31879","119.00184","-323.48181",NA,"P3",29,18
181,1.8,"-506.99631","1481.66125","-318.89590","-557.79517","1581.56750","-604.55481","-430.36343","1535.19287","-510.90363","-633.11816","1515.32275","-408.29401","-362.37723","1303.93896","-562.81665","-725.33990","1319.52844","-554.69867","-537.18951","1194.43237","-425.82761","-549.03290","1365.35608","-607.87952","-290.31818","975.30927","-533.13239","-810.91278","976.24438","-573.12238","-314.59000","813.28864","-402.20505","-806.19019","810.78143","-414.03418","-446.77286","833.42871","-454.63220","","","","-570.78027","910.40320","-664.78387","-474.40579","411.96875","-542.15753","-693.97491","455.50574","-316.31509","-505.60321","95.39055","-645.06238","-704.53778","118.89082","-296.53186",NA,"P3",29,18
182,1.81,"","","","-557.98920","1580.36011","-596.20355","-430.31580","1534.36865","-502.48120","-629.44092","1512.92407","-397.64206","-362.29330","1303.39612","-555.42615","-725.33594","1318.51550","-545.61145","-535.13403","1193.95483","-417.10666","-549.66821","1364.32703","-598.44397","-290.91278","973.58990","-524.45398","-810.39209","974.11646","-562.06866","-314.97598","812.96613","-393.11826","-805.24005","809.12451","-403.78802","-445.08170","832.10699","-445.62946","-697.06152","847.56592","-436.02798","-571.80554","908.73975","-655.07202","-474.63562","411.02893","-537.67792","-692.69025","452.78149","-308.46375","-506.20972","95.76556","-644.49188","-703.61902","119.59973","-270.36111",NA,"P3",29,18
183,1.82,"-505.20773","1480.32349","-301.72021","-558.06439","1579.16943","-587.18756","-430.06577","1532.31384","-493.14896","-628.70984","1512.17786","-388.17590","-362.71304","1302.08948","-546.98608","-725.25262","1316.70300","-534.65460","-534.64874","1192.27124","-408.54654","-550.32275","1363.51843","-589.29144","-290.96057","972.06213","-516.70709","-810.67133","972.70874","-551.93884","-315.32349","812.14056","-384.50131","-805.34747","807.72400","-394.13632","-445.45752","830.92993","-439.49237","","","","-573.14221","907.37524","-645.84662","-474.47635","411.15378","-533.47467","-691.13702","450.87622","-300.92017","-505.93118","95.80251","-643.25427","-701.29102","115.71663","-254.05113",NA,"P3",29,18
184,1.83,"-503.80423","1476.91321","-292.69586","-558.28528","1577.70447","-577.08636","-430.11499","1531.48132","-484.18954","-627.89105","1510.40259","-378.54132","-362.93500","1300.54456","-537.97723","-725.51563","1316.03528","-525.65045","-533.86255","1190.58740","-398.21109","-550.56140","1361.87024","-579.75208","-291.06787","971.27985","-508.20233","-812.11469","972.48297","-543.02606","-314.47443","811.47681","-375.59570","-805.20770","805.64539","-384.88422","-443.67841","830.94342","-428.64307","-695.03888","842.55695","-423.24463","-574.45630","906.44391","-637.28363","-474.03046","410.14688","-529.34479","-690.26086","448.85312","-292.67020","-505.38019","96.32716","-642.14838","-699.43005","121.97739","-221.65297",NA,"P3",29,19
185,1.84,"-503.94901","1477.72217","-283.92496","-558.46356","1576.87317","-568.48108","-430.43622","1530.41565","-475.20691","-628.82495","1509.69275","-369.97537","-362.74365","1299.20679","-529.30109","-725.66296","1314.69434","-514.89355","-533.30695","1189.70947","-389.79425","-550.89551","1360.96558","-570.70959","-292.63864","969.24921","-500.05359","-811.53424","971.19452","-532.35400","-315.06235","810.53235","-367.36011","-803.67529","805.56726","-373.37210","-442.31296","829.87366","-420.73785","","","","-575.50494","904.77216","-628.25262","-474.11530","409.16376","-524.98871","-688.89557","447.12601","-284.17960","-505.42700","97.27357","-641.65710","-695.34271","123.48982","-198.73779",NA,"P3",29,18
186,1.85,"-502.97327","1474.50928","-274.69058","-558.66876","1575.56750","-559.28833","-430.08246","1529.25244","-467.10864","-628.13434","1508.28503","-360.50131","-362.58499","1297.99805","-521.56311","-725.40234","1313.28174","-504.87228","-533.51886","1188.99780","-380.97784","-551.34058","1359.46399","-561.65894","-293.24069","968.06958","-491.92075","-810.90643","969.49438","-522.04584","-315.82568","809.34521","-358.81247","-803.65491","803.72729","-363.93265","-441.55911","827.95502","-412.67639","-693.31079","839.18506","-400.04019","-576.94037","904.32294","-618.57404","-473.29843","409.04675","-519.85901","-687.80658","446.21143","-275.10495","-505.15717","98.10177","-640.52966","-692.44849","126.30811","-180.54181",NA,"P3",29,19
187,1.86,"-501.78275","1475.59290","-266.60541","-558.97949","1574.38391","-550.31573","-429.59018","1528.41296","-458.24432","-627.18579","1506.72693","-351.05521","-362.74493","1296.86194","-513.18359","-725.68488","1312.00000","-494.87250","-532.26001","1187.27014","-371.48691","-551.82141","1358.05884","-551.95209","-293.15057","966.38068","-484.25565","-812.69360","968.62006","-511.85461","-315.63300","808.04364","-350.54993","-802.78613","801.86029","-354.18576","-440.40811","826.54657","-404.98468","","","","-578.14539","902.50317","-608.58875","-472.89960","408.12012","-514.84497","-687.46631","444.89261","-267.20993","-504.12582","99.30447","-638.47668","-689.40631","128.26921","-162.43697",NA,"P3",29,18
188,1.87,"-500.78610","1472.39148","-257.34824","-559.11401","1572.92944","-540.48993","-429.69711","1527.00684","-449.97311","-626.45355","1506.02527","-341.75635","-363.33850","1295.53613","-505.08292","-725.21796","1310.45642","-482.79633","-531.64642","1186.36621","-361.51227","-552.25806","1357.09387","-542.68060","-294.11060","965.07117","-477.37018","-812.01727","967.08447","-501.69055","-315.10590","806.83569","-343.14883","-802.37225","800.57526","-343.61584","-439.95914","824.93628","-397.74979","-691.46265","837.63623","-375.62360","-579.60925","901.76459","-598.48212","-472.35037","408.14923","-511.14014","-686.19086","444.25677","-257.85455","-503.88159","99.99184","-636.45172","-687.09644","129.38298","-148.15436",NA,"P3",29,19
189,1.88,"-500.89606","1473.23328","-248.52580","-559.08209","1571.81519","-531.43890","-429.96481","1525.34668","-440.24713","-626.62659","1505.17334","-331.96030","-363.27039","1294.21375","-496.29297","-725.87695","1309.40942","-474.22296","-531.06586","1185.65515","-351.28589","-553.14362","1355.40125","-532.89154","-295.30939","963.07568","-468.68204","-811.16168","965.25787","-490.26913","-316.30884","804.61652","-334.92017","-801.96368","799.32501","-334.44861","-438.65942","823.83319","-386.87085","","","","-580.13037","900.65985","-589.03088","-471.68298","406.49890","-505.56006","-685.25305","443.31235","-248.61441","-504.64017","100.13804","-635.68298","-683.97290","129.42822","-136.41176",NA,"P3",29,18
190,1.89,"-499.73462","1470.69373","-239.49420","-559.52087","1571.06433","-522.42853","-429.80148","1524.78027","-432.29303","-625.34320","1503.69763","-321.48703","-363.41174","1293.17615","-487.42404","-725.77911","1307.43823","-462.77786","-530.79681","1184.72229","-341.40793","-553.39459","1354.29236","-523.45789","-296.28711","961.70203","-460.49463","-811.24951","964.29108","-479.97821","-316.61926","803.49786","-326.78497","-801.25641","797.16730","-322.73883","-438.12350","822.73486","-378.11429","-690.04419","835.94482","-353.75146","-580.74481","899.68439","-578.65662","-470.40781","405.95999","-499.51584","-683.36298","441.69720","-237.97806","-504.24716","102.14523","-634.37921","-681.19751","127.98526","-124.54458",NA,"P3",29,19
191,1.9,"-499.47659","1470.38403","-229.51561","-559.90668","1570.15564","-512.97394","-429.24963","1523.51367","-422.81116","-624.28815","1503.13501","-312.10199","-363.63409","1292.09155","-479.40231","-726.64258","1307.40466","-453.02481","-529.76782","1184.40662","-331.82376","-554.17419","1353.67749","-513.98505","-297.14731","960.36340","-453.79242","-812.47583","963.63123","-469.74765","-317.27216","801.22070","-320.12485","-800.54492","795.99329","-312.73364","-436.93802","821.54852","-368.17477","","","","-581.65472","899.62524","-568.72742","-470.57440","405.39801","-492.99048","-681.47626","440.65820","-227.58836","-504.30450","102.61581","-633.28625","-678.60382","125.15227","-117.00858",NA,"P3",29,18
192,1.91,"-497.76608","1470.98840","-220.49229","-559.62836","1569.30334","-503.44376","-429.43539","1523.25330","-414.97198","-625.18079","1502.73206","-303.26010","-363.88651","1291.35181","-470.45062","-726.04193","1305.93860","-440.81967","-529.40204","1183.89917","-322.17752","-554.58936","1352.26697","-504.15506","-298.16666","958.79547","-446.22485","-812.31183","962.56226","-458.26801","-316.93558","799.77905","-312.77252","-800.07727","794.71307","-302.92816","-436.94965","819.21631","-362.13089","-687.77246","833.57605","-333.47305","-582.49762","897.74945","-557.95978","-470.49191","404.09570","-486.38730","-678.61719","439.89182","-216.15759","-503.74695","104.40559","-631.47382","-678.08917","122.84187","-111.45795",NA,"P3",29,19
193,1.92,"-496.57404","1468.60437","-212.44514","-559.89282","1568.98169","-494.37610","-429.39597","1522.26892","-405.46432","-624.27081","1502.29736","-294.05154","-364.17340","1290.06799","-462.07822","-727.11823","1305.31702","-432.35333","-529.54028","1183.47705","-311.81943","-555.21722","1351.10376","-494.97861","-298.78839","957.67102","-438.09195","-811.32855","961.18396","-446.88638","-317.70145","797.68445","-306.25784","-799.73883","792.94189","-292.82089","-436.01740","818.41217","-351.34027","-686.51349","835.19836","-316.81912","-583.13220","897.75818","-547.63428","-470.24603","403.69373","-479.54202","-676.10529","439.68600","-204.93663","-505.36194","105.17846","-630.23145","-677.40027","118.41326","-106.15205",NA,"P3",29,19
194,1.93,"-495.50940","1469.83179","-203.24443","-560.17572","1568.33545","-485.73114","-429.19690","1520.90417","-397.76788","-622.74127","1501.35803","-283.55179","-364.40567","1289.29724","-452.64578","-727.29132","1304.50452","-421.65149","-529.11578","1183.52991","-301.66571","-555.80511","1350.49011","-485.15909","-300.53964","956.83514","-430.14667","-812.65686","960.86261","-435.98047","-317.60925","796.11584","-298.76904","-799.19501","792.16431","-281.03485","-435.38901","817.60657","-342.28922","-686.57117","833.67047","-308.82538","-583.91650","898.14032","-537.49615","-469.74725","403.22565","-471.90106","-673.81927","438.98779","-193.38081","-504.81595","107.30016","-628.04608","-676.56805","115.27250","-100.88663",NA,"P3",29,19
195,1.94,"-495.91727","1468.70129","-194.13406","-560.18158","1567.50378","-476.27182","-428.75482","1521.37939","-390.14084","-622.34839","1501.70166","-275.06543","-365.05676","1289.25916","-443.96234","-726.65088","1303.47656","-410.33701","-528.35059","1183.66943","-291.89639","-556.63806","1350.00647","-475.51013","-301.53677","955.91028","-422.97333","-812.18579","959.90704","-424.37338","-318.13049","793.94031","-291.29327","-798.43188","789.61859","-271.24518","-433.67108","818.26587","-329.30087","-684.51141","833.62524","-294.28900","-585.40393","896.94214","-524.70111","-470.15796","401.73120","-465.66376","-670.70447","438.03812","-181.39198","-504.94067","108.96014","-625.94055","-674.67194","112.84185","-95.47092",NA,"P3",29,19
196,1.95,"-493.66061","1468.33740","-185.62990","-560.73199","1567.73987","-466.78400","-429.01422","1521.45251","-381.13220","-622.25720","1501.24182","-265.34729","-365.53021","1288.80847","-435.60077","-727.89099","1303.44043","-400.22452","-527.65314","1184.04248","-281.13525","-557.07629","1348.96057","-466.07468","-302.35120","955.15912","-415.61655","-812.73438","959.93634","-413.33377","-318.53525","792.26068","-286.20306","-796.69965","788.71021","-259.78522","-432.37125","817.45276","-318.49881","-684.82501","833.24646","-283.14127","-585.87317","895.94910","-512.95306","-470.80576","401.24689","-456.65869","-667.90289","436.61221","-169.90245","-504.03030","112.34628","-623.22852","-671.35858","112.30370","-89.16007",NA,"P3",29,19
197,1.96,"-492.91153","1468.74695","-175.97910","-560.86969","1568.05798","-457.70337","-428.56390","1521.58606","-373.23764","-620.80634","1501.95239","-255.92935","-365.66660","1288.06152","-426.93271","-727.79883","1303.12354","-389.60770","-528.05078","1184.25903","-270.85846","-557.75714","1348.95483","-456.13101","-303.71753","954.98212","-407.72806","-812.17407","959.14227","-401.08765","-318.61563","790.78430","-279.60162","-796.84357","788.09601","-250.10915","-432.88974","815.51141","-309.94647","","","","-586.35852","896.50989","-502.96362","-470.89059","400.89661","-447.37616","-665.86200","436.72260","-159.66467","-504.66754","114.72991","-619.58679","-669.11353","111.43361","-83.73632",NA,"P3",29,18
198,1.97,"-491.44266","1470.24500","-167.97870","-561.16388","1568.18738","-449.17715","-428.16696","1521.35535","-364.02344","-619.66730","1503.15015","-245.95885","-366.14520","1288.82788","-418.07339","-728.42975","1303.53064","-379.56015","-526.85229","1185.52393","-260.65814","-558.32983","1349.02026","-446.43549","-304.67700","954.31897","-400.26990","-811.18445","958.28174","-388.69714","-318.31680","789.62189","-273.26111","-795.68414","787.17859","-238.08817","-431.88959","814.87109","-299.44797","-681.70349","834.64069","-258.56641","-587.49475","895.90698","-490.41794","-470.21561","400.89606","-438.16464","-664.22925","437.21027","-149.50563","-505.08643","117.56471","-616.11798","-667.05463","109.81043","-79.34949",NA,"P3",29,19
199,1.98,"-490.56693","1472.18823","-158.76544","-561.18774","1568.48755","-439.84625","-428.35959","1521.77478","-354.91354","-619.26312","1504.98059","-236.70119","-366.34772","1289.10291","-409.39682","-728.48090","1303.62402","-368.49808","-527.42389","1185.65735","-250.89513","-558.93854","1349.75684","-437.46146","-305.70081","954.55493","-392.74808","-812.08130","959.27728","-377.82565","-318.48825","788.36462","-267.44476","-795.34375","786.11682","-228.08794","-431.71164","814.25653","-289.79370","","","","-588.65369","896.30206","-478.64218","-471.23373","400.09094","-427.30499","-661.90332","439.19049","-138.09911","-505.76236","121.44331","-611.48175","-665.37976","108.66508","-75.42815",NA,"P3",29,18
200,1.99,"-489.33560","1473.75684","-149.65158","-561.24207","1569.31299","-430.80133","-427.62436","1522.61536","-346.66129","-617.99664","1506.03113","-226.80312","-366.20230","1289.72192","-400.45029","-728.65161","1304.46948","-357.86328","-526.55737","1187.18665","-240.29915","-559.28632","1350.72339","-427.06384","-306.85916","954.79840","-384.85211","-811.62280","959.55377","-365.03500","-318.93549","787.59601","-261.26559","-793.13068","786.32690","-216.13809","-431.68991","814.58813","-279.07474","","","","-588.78070","897.03094","-468.28259","-471.89993","399.71063","-416.10971","-658.66815","441.08096","-128.53716","-507.25726","125.23732","-606.38525","-664.55847","108.43998","-71.72769",NA,"P3",29,18
201,2,"-487.42450","1475.45056","-140.91182","-561.32983","1570.31030","-420.91348","-427.05420","1523.47046","-338.50748","-615.74902","1507.45020","-216.16954","-366.44925","1290.74890","-391.25113","-728.81573","1305.91675","-347.51968","-525.62769","1188.99939","-230.22536","-559.71918","1351.81323","-417.36682","-307.96060","955.54590","-377.81873","-811.51520","961.04352","-353.21039","-320.23676","786.83984","-255.79858","-792.15845","786.17358","-206.61801","-431.04041","814.42950","-268.56183","","","","-588.24146","897.97046","-456.90427","-470.54562","399.45868","-402.26776","-654.87280","443.22620","-118.02802","-508.89386","130.04160","-600.58362","-664.05554","108.07955","-68.82171",NA,"P3",29,18
202,2.01,"-485.68707","1476.98975","-132.02341","-561.38947","1571.36633","-411.96466","-426.79947","1525.01807","-330.51306","-616.67737","1509.57507","-207.37103","-366.17203","1292.26172","-381.96756","-728.34943","1306.96228","-335.22562","-524.79022","1191.47998","-219.57466","-559.73090","1353.07019","-407.79282","-308.59143","957.06848","-371.11032","-811.21112","962.09760","-340.41949","-320.32486","786.52002","-250.32095","-791.60791","785.80103","-196.61662","-431.00223","815.33514","-257.30164","","","","-588.41437","899.74438","-446.26724","-468.29135","399.39859","-387.41946","-652.84039","443.75668","-107.64970","-510.58630","134.76933","-593.34369","-664.07849","107.65919","-65.19966",NA,"P3",29,18
203,2.02,"-484.38898","1478.54370","-122.05663","-561.09851","1572.59534","-402.72916","-426.87573","1526.62341","-321.71848","-614.79437","1511.73853","-197.76866","-366.02075","1293.75818","-373.27286","-728.05493","1308.52954","-325.39716","-523.92841","1193.50598","-209.81981","-559.91534","1353.97095","-397.60107","-309.26489","958.24432","-363.35587","-810.86182","963.89319","-327.78885","-320.94067","786.88538","-244.98291","-789.69025","787.34985","-185.63245","-430.86163","815.97449","-247.11961","","","","-588.31189","900.71899","-432.91959","-466.79611","398.98529","-372.66827","-652.35571","444.83972","-98.54092","-510.99564","140.30310","-585.64862","-663.39478","107.94402","-63.66862",NA,"P3",29,18
204,2.03,"-482.56454","1480.47852","-114.11745","-560.72565","1574.21472","-393.50522","-426.00146","1528.32483","-312.55374","-613.85486","1513.53577","-188.20776","-366.37329","1296.03760","-364.92297","-728.08679","1310.35486","-314.93820","-522.57288","1195.84058","-200.96184","-559.80316","1355.47644","-388.27661","-310.15958","960.15411","-355.80862","-809.95245","965.72229","-315.26706","-321.17343","787.73907","-239.63016","-788.40826","788.79230","-172.95906","-429.72430","818.54626","-236.58713","-675.31122","849.11664","-186.38820","-587.11481","902.97363","-423.16266","-467.03024","397.71509","-356.11600","-651.85840","444.58331","-91.45231","-512.55011","146.06921","-575.66010","-663.38202","108.21354","-61.24299",NA,"P3",29,19
205,2.04,"-481.53818","1483.59338","-105.22014","-560.54260","1576.13037","-384.34805","-424.96146","1529.70532","-303.64285","-612.71948","1515.71631","-178.73479","-365.77380","1297.85193","-356.63992","-727.26239","1312.41382","-304.82022","-522.68658","1198.08606","-191.07178","-559.75348","1357.53174","-379.21515","-310.47852","962.81775","-349.93884","-809.82172","968.23944","-303.41409","-320.72983","788.46387","-233.90776","-787.67932","790.64331","-162.76762","-429.86487","819.48297","-226.17776","","","","-586.38397","904.80634","-413.34668","-464.31317","397.31824","-338.45688","-651.92999","445.52902","-84.62385","-513.33167","151.87544","-564.85071","-662.88422","107.42085","-59.05282",NA,"P3",29,18
206,2.05,"-479.06143","1484.66626","-95.53723","-560.28101","1577.80273","-375.62091","-424.73990","1531.50757","-294.82343","-611.69470","1517.73608","-169.22025","-365.57413","1300.16235","-347.90701","-726.85504","1314.89954","-293.69785","-521.00287","1200.34900","-180.86891","-560.09772","1359.29602","-369.49319","-311.26013","964.02319","-342.45282","-808.57361","970.35541","-290.21854","-320.06567","789.79297","-228.27524","-785.74420","792.57886","-150.02577","-430.03467","820.82233","-216.26291","-673.25110","853.05664","-164.59326","-585.42206","906.69464","-403.06821","-461.23804","397.13281","-318.99933","-653.01831","445.85587","-78.93694","-514.89752","158.12759","-552.42523","-663.19751","107.02911","-57.31604",NA,"P3",29,19
207,2.06,"-477.67456","1487.39282","-87.70690","-559.71246","1579.89856","-366.34921","-423.93726","1533.27356","-288.05014","-609.87250","1519.42651","-159.84705","-365.87045","1302.18530","-340.25040","-725.99896","1316.74463","-282.87906","-519.30261","1202.59998","-171.96783","-559.96436","1361.06775","-360.54587","-311.12979","966.42896","-335.86212","-808.51422","972.90741","-278.92264","-320.09991","790.44489","-223.05025","-784.14514","794.48199","-138.52846","-428.49591","823.40747","-207.33505","","","","-585.25757","909.06281","-391.28625","-460.51886","394.78845","-301.23962","-653.76697","446.17639","-73.43158","-516.02411","165.03937","-539.76575","-663.08862","106.11116","-54.91726",NA,"P3",29,18
208,2.07,"-477.11462","1488.93872","-78.42377","-559.18329","1581.23975","-357.50391","-422.62042","1534.87830","-279.53198","-607.48859","1520.98596","-150.10028","-365.73962","1304.06775","-332.07574","-725.44995","1318.67773","-272.07797","-518.40802","1205.03235","-163.03708","-559.53516","1362.31262","-350.92154","-311.04840","968.02106","-329.69275","-807.61499","974.93793","-266.32706","-319.00500","791.23163","-216.92145","-781.99805","796.19012","-128.29333","-427.62131","824.83582","-198.11145","-670.46472","857.66229","-145.09315","-584.12476","910.25256","-381.43307","-456.32895","396.31821","-279.57581","-654.36005","445.66214","-67.19217","-517.01624","172.60541","-526.21167","-663.17908","105.81544","-54.79290",NA,"P3",29,19
209,2.08,"-475.94604","1490.46094","-70.00916","-558.61414","1582.54724","-348.50275","-421.77374","1536.31116","-270.21829","-607.26196","1523.21960","-141.43121","-365.19772","1305.78992","-325.44446","-724.14056","1320.33203","-261.87949","-515.88104","1207.37646","-152.83931","-559.23889","1363.79102","-341.53195","-311.59079","970.00153","-322.76535","-807.21698","977.03906","-254.44543","-317.97958","793.15753","-210.83127","-780.21753","798.08301","-117.36275","-427.63644","826.22681","-189.32259","","","","-583.70355","912.29749","-371.72812","-455.36859","395.79938","-260.35251","-655.09296","444.73001","-61.97541","-517.60602","179.91679","-511.02994","-664.40381","105.66475","-53.98544",NA,"P3",29,18
210,2.09,"-473.51141","1492.15576","-61.43390","-557.81458","1584.01904","-339.66071","-420.34518","1537.90955","-262.51312","-604.99048","1524.07129","-132.09177","-364.98795","1307.93079","-318.02972","-722.72089","1321.90125","-250.94246","-513.84515","1209.30151","-143.67694","-559.60712","1365.61768","-332.41510","-310.96271","972.06238","-316.94434","-806.66461","979.14484","-242.66600","-317.69443","794.24731","-204.85249","-778.24487","799.96472","-103.37070","-426.61166","827.63257","-180.62207","-667.59015","860.96991","-123.96574","-583.13525","913.71521","-362.43057","-451.07892","397.39178","-240.22777","-655.00140","443.59900","-55.73677","-517.77808","188.47110","-496.21283","-664.31152","104.85847","-52.67445",NA,"P3",29,19
211,2.1,"-471.13596","1493.56323","-52.72493","-557.04083","1585.49451","-330.73883","-419.02951","1539.45520","-253.78893","-603.81458","1526.05786","-123.12169","-364.78168","1309.44202","-309.75388","-721.78308","1324.04102","-238.61736","-512.13086","1210.80164","-135.24339","-559.41449","1366.97607","-322.91534","-310.39139","973.75775","-310.18381","-805.77386","980.74377","-230.09927","-316.37140","795.15479","-198.70192","-776.86096","802.06012","-91.04004","-422.70923","829.87421","-171.17839","-666.96899","861.55322","-112.38555","-582.75934","915.14355","-354.18256","-448.49365","399.09894","-220.42642","-654.96399","443.43573","-51.75578","-519.58160","195.66043","-479.60080","-664.40027","104.04607","-51.36309",NA,"P3",29,19
212,2.11,"-469.13107","1494.46838","-44.49923","-555.88354","1586.84839","-321.62592","-418.22662","1540.35303","-244.89752","-602.19104","1527.86877","-114.01224","-363.96982","1310.84082","-303.68814","-720.40454","1325.58594","-227.54300","-508.73068","1212.37305","-126.55162","-559.10883","1368.51709","-314.17630","-309.64841","974.66467","-303.87711","-805.74866","982.73926","-218.09335","-315.21063","796.55396","-192.75813","-775.15302","803.31775","-79.89357","-421.21292","831.73389","-163.47464","-663.86157","862.89423","-104.46439","-582.35986","916.47736","-344.90778","-444.64429","400.84647","-201.04808","-655.55750","443.63123","-48.57281","-520.58966","204.02068","-462.55307","-664.25391","104.23283","-51.06709",NA,"P3",29,19
213,2.12,"-466.45782","1495.94507","-35.95199","-554.88678","1588.44507","-312.44794","-416.67493","1541.51111","-236.17250","-599.74219","1529.28638","-105.02036","-363.91455","1311.73267","-296.25937","-719.01074","1326.91101","-216.12531","-506.22473","1213.82886","-118.56625","-558.44312","1369.77197","-304.60803","-309.25772","975.84436","-297.40170","-804.84100","983.93091","-205.05170","-313.36215","797.79333","-186.21127","-772.58447","805.31006","-67.38878","-419.09521","831.89520","-156.37480","-663.17554","862.92596","-94.66242","-581.50574","917.23242","-335.53308","-441.44342","403.32837","-182.15602","-655.41187","443.55728","-44.87876","-521.89288","211.83629","-445.49207","-664.56055","104.55803","-50.89865",NA,"P3",29,19
214,2.13,"-463.78552","1497.01367","-28.12366","-553.56256","1590.06946","-303.27994","-415.18903","1542.82605","-229.47578","-597.06769","1531.16882","-94.94598","-363.12616","1313.38855","-289.76004","-718.19128","1328.64075","-205.35899","-504.40067","1214.58325","-110.10871","-558.64453","1372.16455","-296.04950","-308.04459","977.13110","-291.41409","-804.42017","985.88110","-192.59404","-312.70520","799.06171","-180.08521","-770.77911","807.18488","-52.85777","-418.02014","833.48785","-149.18443","-659.94049","864.66351","-85.60608","-581.56683","918.82623","-327.11465","-437.91858","406.86365","-163.15956","-655.23181","444.42276","-41.22401","-522.20856","219.16899","-427.64954","-664.72705","104.29033","-50.77406",NA,"P3",29,19
215,2.14,"-461.26294","1499.17725","-18.83289","-552.22089","1591.46851","-294.74091","-413.77274","1543.60510","-221.31944","-594.64850","1532.86462","-85.78789","-362.15622","1314.28174","-283.77567","-716.07953","1329.55615","-194.27992","-501.16211","1215.30969","-101.79109","-557.95117","1373.80859","-286.52155","-306.86734","978.57513","-285.83133","-803.51465","987.01917","-179.57335","-310.76047","801.02319","-173.38799","-769.34650","808.72870","-40.41689","-415.93304","834.55524","-141.56075","-657.95898","865.67627","-75.32365","-581.31274","920.38959","-318.24884","-433.69049","410.50546","-144.71568","-654.72406","444.65649","-38.10938","-523.20361","225.58438","-408.92142","-664.91333","104.93723","-49.97437",NA,"P3",29,19
216,2.15,"","","","-550.82794","1592.91125","-285.82791","-411.92267","1544.89441","-212.95490","-593.09332","1534.30884","-77.22247","-361.81918","1315.69983","-277.47995","-714.30554","1330.76990","-183.01564","-498.20358","1216.27100","-94.74966","-557.39105","1374.91492","-277.61151","-306.05154","980.05292","-279.53592","-802.87689","988.69653","-167.10699","-308.63898","802.48022","-167.00952","-767.26056","811.20129","-29.16026","-413.24258","836.81555","-134.83389","-655.58234","865.64148","-67.86024","-580.70276","921.75519","-310.00839","-429.65207","414.15118","-126.88558","-654.45135","444.32181","-34.50133","-524.08685","231.88887","-390.27972","-664.51416","105.44428","-49.25063",NA,"P3",29,18
217,2.16,"-454.91229","1500.59900","-3.63248","-549.45819","1594.09827","-276.67688","-409.96051","1546.24548","-204.88257","-589.70294","1534.75623","-67.65891","-361.39777","1317.18738","-271.96603","-712.58624","1332.51648","-172.95444","-494.60483","1216.62695","-87.31599","-556.21124","1375.81873","-269.07031","-305.15659","981.24585","-273.99600","-801.43848","990.13702","-154.14716","-307.17569","804.65674","-160.59192","-763.39880","813.55487","-15.48169","-410.67081","839.02350","-128.01817","-652.41547","867.21051","-59.77636","-580.67548","923.38293","-301.85251","-425.22845","418.12280","-108.77911","-653.75110","443.43546","-29.84715","-524.45099","235.92833","-370.91266","-664.64301","105.39231","-49.08799",NA,"P3",29,19
218,2.17,"-452.97055","1500.84094","4.86321","-548.14258","1595.77124","-267.87534","-408.14008","1547.19690","-195.94157","-587.13409","1536.35107","-58.74933","-360.13327","1318.27087","-264.70193","-710.66327","1333.30835","-161.90147","-491.80615","1217.64648","-79.03999","-555.59192","1377.68469","-260.54767","-304.36127","982.06580","-268.32843","-800.14471","991.78790","-141.78218","-304.95111","806.64502","-153.52773","-760.04376","815.09973","-5.09287","-409.32773","841.00104","-121.33731","-649.57056","868.61804","-51.71247","-579.78894","925.14484","-293.21439","-421.05164","421.93622","-91.49922","-652.70044","444.33829","-26.16265","-524.83765","239.24182","-350.62180","-664.61932","105.37238","-48.75737",NA,"P3",29,19
219,2.18,"-449.77557","1501.82715","13.91026","-546.34412","1597.08215","-259.23392","-406.21463","1548.37146","-188.59605","-584.56445","1537.45996","-49.47479","-359.47720","1319.27014","-258.03009","-708.68689","1334.85901","-151.51192","-489.24445","1217.75073","-72.48242","-554.61469","1378.84998","-251.91125","-303.47498","983.66083","-262.23639","-798.68329","993.15912","-128.77155","-302.86115","808.13409","-147.59029","-756.21545","816.95966","8.25172","-407.26578","842.93475","-114.88889","-647.47076","867.75610","-44.01556","-579.57257","926.38519","-285.75632","-416.48810","426.13867","-75.05305","-651.91754","444.24850","-23.23161","-522.25977","239.74722","-329.93893","-665.83948","105.55654","-48.79974",NA,"P3",29,19
220,2.19,"-446.64639","1502.45129","22.20488","-544.58881","1598.54089","-249.99634","-404.29416","1549.21741","-179.84595","-581.91760","1538.41077","-40.68891","-358.96637","1320.98889","-252.03333","-706.47314","1336.22632","-141.00940","-485.87741","1219.16443","-64.80991","-553.95282","1380.16492","-243.67801","-302.50693","984.73871","-256.81506","-796.87390","994.68127","-116.67099","-300.74725","810.23645","-141.18539","-752.98273","818.75067","20.27163","-404.60440","845.49133","-108.73264","-643.69781","869.99939","-35.26033","-578.44666","928.00500","-277.68466","-411.39236","430.87595","-58.18311","-651.28876","443.05829","-20.19486","-520.16345","240.29056","-309.63184","-665.95630","105.59235","-48.70460",NA,"P3",29,19
221,2.2,"","","","-542.69788","1599.61292","-241.11159","-401.98871","1550.17188","-171.92575","-578.44055","1539.08215","-31.64723","-357.62598","1321.98730","-245.99622","-704.22223","1337.34741","-130.75168","-482.50873","1219.93408","-58.01204","-552.75452","1381.17920","-234.58028","-301.49506","986.67389","-252.17090","-795.19348","995.79150","-104.10991","-298.18192","811.89893","-134.91490","-749.69220","820.90466","32.91982","-402.55563","847.40411","-102.69409","-640.61761","869.64215","-28.49218","-577.46967","929.56671","-270.07037","-405.89606","435.64322","-41.28710","-650.00964","442.59534","-16.73635","-518.73407","240.44391","-288.96481","-665.55060","105.46505","-47.56011",NA,"P3",29,18
222,2.21,"-440.60080","1502.85376","38.00606","-540.98108","1601.33691","-232.32973","-399.93167","1550.54749","-164.00389","-576.87347","1540.30371","-23.50540","-356.85788","1323.35095","-240.01321","-701.86615","1338.37573","-120.80435","-479.82111","1220.92273","-50.16974","-551.29236","1382.23669","-225.80142","-300.10907","987.98230","-245.99532","-793.09747","996.96521","-92.29141","-295.68661","813.72870","-128.72980","-746.04767","822.23450","45.07790","-400.85617","849.70856","-96.26213","-639.15204","871.51245","-16.99693","-576.67676","930.84021","-262.04312","-400.36130","439.54788","-25.19921","-649.38818","442.86771","-13.75453","-515.00433","238.05984","-267.43945","-665.29510","105.60358","-47.34930",NA,"P3",29,19
223,2.22,"-437.63388","1502.70764","45.09731","","","","-397.69424","1550.43909","-156.39165","-575.03186","1540.85876","-15.21200","-355.93655","1324.65100","-234.16005","-699.75854","1339.60510","-111.44038","-477.40125","1221.14551","-43.08282","-550.35602","1383.78394","-218.07915","-298.88629","988.75043","-241.34042","-790.73450","998.47113","-79.79375","-292.78925","814.85864","-122.33888","-742.17480","824.96552","56.81649","-399.14081","851.51184","-89.14632","-635.93542","872.38904","-9.80292","-575.47327","932.03162","-253.73267","-393.74542","444.38876","-10.76693","-648.75397","443.04813","-11.82821","-510.92685","236.29430","-245.61035","-664.78351","106.01050","-46.62232",NA,"P3",29,18
224,2.23,"-434.13892","1504.04871","53.33395","","","","-395.89069","1551.55505","-147.73633","-569.71478","1540.25085","-4.87795","-354.48169","1325.58301","-227.43372","-697.38550","1340.69531","-101.92605","-474.20724","1222.55005","-35.95448","-548.93262","1384.53857","-209.49677","-297.71750","990.15894","-235.71620","-788.39392","999.63312","-68.33547","-290.37048","816.59058","-116.20225","-738.90204","826.53522","69.18236","-397.04315","852.81860","-83.61530","-632.76831","872.53876","-0.26973","-574.36243","933.29675","-246.73453","-387.52090","449.16293","4.16907","-648.25580","442.59793","-8.40433","-505.99411","232.48459","-223.90884","-663.46356","105.93320","-46.02422",NA,"P3",29,18
225,2.24,"-431.73636","1503.00073","61.50970","","","","-393.28430","1552.18042","-138.91740","-567.89423","1541.36877","3.12760","-353.83481","1326.42944","-221.09590","-694.94678","1341.19385","-91.54699","-471.38608","1223.25757","-29.36534","-547.40936","1385.07861","-201.05928","-296.47299","991.06519","-229.79927","-785.82550","1000.69159","-57.21115","-287.43298","817.94226","-110.78967","-734.91614","828.54645","82.05938","-395.52740","854.13300","-76.90829","-630.25983","873.25543","5.74320","-572.83319","934.14319","-238.55301","-381.26837","453.47012","17.84292","-647.63300","442.89871","-5.62987","-500.70337","228.59251","-201.77400","-663.04968","106.11916","-45.74422",NA,"P3",29,18
226,2.25,"-428.07553","1503.47327","69.17307","","","","-390.66034","1552.32727","-130.25467","-563.01996","1541.71729","12.59057","-352.43912","1327.36853","-215.44798","-692.31934","1342.05225","-82.22306","-467.71976","1224.36035","-21.49627","-545.75806","1385.55969","-192.06316","-295.33414","991.43347","-225.37183","-783.15637","1001.58484","-45.56818","-284.54431","819.25513","-104.38871","-730.99121","830.31818","93.27640","-392.62192","855.47125","-70.43582","-626.66705","871.35071","13.21015","-571.82819","935.31714","-231.85886","-374.27600","457.97983","31.66266","-646.57245","442.97717","-3.42195","-493.92047","224.42357","-179.85326","-662.17548","106.15744","-44.48535",NA,"P3",29,18
227,2.26,"-423.38358","1503.69910","76.10911","","","","-388.47922","1552.93359","-122.27141","-560.77063","1542.28918","20.69607","-351.15866","1327.44470","-208.07669","-689.44806","1342.75891","-72.67703","-465.55811","1223.36902","-13.83667","-543.85065","1386.13940","-184.29832","-293.80264","992.21082","-218.71590","-780.46008","1002.04047","-33.90153","-281.85776","820.23175","-98.42858","-725.90643","831.98822","104.92242","-389.64468","856.23749","-64.84721","-623.35822","873.77606","24.83386","-570.12250","935.78284","-223.97641","-367.15320","462.43909","43.55210","-644.54840","441.80197","-0.10945","-486.86932","219.82034","-157.57108","-662.37109","106.15097","-43.49022",NA,"P3",29,18
228,2.27,"-421.94531","1504.44873","84.24107","","","","-386.31345","1553.72571","-113.91489","-557.35834","1541.92053","29.16195","-349.63730","1328.46106","-201.86586","-686.55383","1343.10706","-63.50983","-462.30508","1224.42358","-5.73297","-541.88586","1386.80579","-176.09537","-292.84042","992.56525","-214.35152","-777.37079","1003.14545","-23.12339","-278.86655","820.81024","-92.58228","-722.35297","833.74121","117.70817","-387.30588","857.02545","-58.37785","-621.04761","872.18756","29.38800","-569.05304","936.10907","-216.53716","-359.97510","466.40570","55.39601","-642.38678","440.84915","2.85651","-478.64130","214.09900","-135.28081","-660.81573","106.46590","-42.95367",NA,"P3",29,18
229,2.28,"-417.31607","1503.84924","91.57025","","","","-383.17535","1553.15381","-105.28043","-554.01605","1542.87061","37.59203","-347.47513","1328.59265","-195.17377","-683.81079","1343.46423","-54.02032","-458.70334","1224.85876","1.56835","-539.86072","1387.43591","-167.50829","-290.93478","993.59851","-206.68660","-775.55548","1004.26105","-11.67764","-275.90436","821.73596","-86.38038","-717.78802","834.45502","129.40767","-385.69168","857.21063","-52.51273","-618.47382","873.26697","40.80901","-567.41638","936.33252","-208.76585","-352.45386","470.50684","66.37314","-641.11255","440.66122","5.50151","-469.84610","208.68336","-112.92417","-658.95404","105.59653","-42.91913",NA,"P3",29,18
230,2.29,"-413.78647","1503.42139","99.47757","","","","-380.52853","1553.41394","-96.84158","-549.97168","1542.32092","46.10035","-344.93106","1328.79004","-188.83354","-680.53162","1343.53076","-44.71848","-455.52176","1224.98572","8.52136","-537.39709","1387.36560","-159.15990","-289.50500","992.84393","-202.19429","-772.44537","1003.98804","0.50478","-272.58133","821.59540","-81.35135","-713.42047","835.66980","140.74243","-382.42157","857.64832","-45.49409","-613.28400","872.68591","48.75999","-565.75897","936.43390","-201.19370","-345.30649","474.13101","76.75128","-639.40350","439.81912","8.87607","-459.64816","202.15668","-90.35450","-658.08765","106.42046","-41.90047",NA,"P3",29,18
231,2.3,"-409.33447","1503.04590","106.97611","","","","-377.70169","1552.82288","-88.67924","-546.76379","1542.19360","54.68262","-343.31644","1328.50586","-181.71570","-677.56152","1343.86047","-35.89270","-452.11459","1224.27002","15.99718","-535.11420","1387.04639","-150.57819","-287.76093","992.93079","-196.29124","-769.01025","1005.01038","9.67962","-269.08325","822.73608","-75.11217","-708.53827","836.90381","152.64659","-379.66937","858.17975","-39.78406","-610.56238","871.53766","56.86703","-564.34027","936.16486","-193.67329","-338.03812","477.01422","86.43058","-637.81201","440.42047","12.80484","-448.39563","196.61729","-67.50936","-658.58911","106.50063","-41.13583",NA,"P3",29,18
232,2.31,"-405.85400","1502.87646","114.95013","","","","-374.97495","1552.72949","-80.38647","-543.62946","1542.05908","62.99691","-341.16757","1328.12219","-174.33913","-674.64630","1343.55847","-26.09249","-448.01675","1223.91907","23.31026","-532.68994","1387.56079","-142.27325","-285.73257","993.02216","-189.67082","-765.73761","1004.41144","21.75407","-266.86346","822.31024","-69.20913","-704.65613","838.16772","163.31639","-376.67136","857.77661","-32.73752","-608.02893","871.72992","65.52637","-562.07220","936.15240","-185.92789","-331.02988","479.41147","95.87273","-634.75977","438.52225","14.58638","-437.39038","189.69315","-44.78275","-655.22070","106.25082","-40.56794",NA,"P3",29,18
233,2.32,"-402.36536","1502.70190","123.02003","","","","-371.83569","1551.64392","-71.58736","-538.96704","1541.60986","71.47933","-339.06824","1327.64075","-166.87256","-670.84454","1343.50073","-17.02088","-445.64392","1221.81824","31.21613","-529.83716","1386.81653","-133.86809","-283.98761","992.13318","-184.26945","-762.08832","1004.30914","32.77974","-263.70953","821.42773","-63.71567","-699.39551","838.55200","174.73903","-374.21155","857.69196","-26.42835","-603.31256","869.32355","72.12411","-560.26862","935.17548","-178.14757","-324.43823","481.58322","103.78598","-633.15588","438.08960","16.65185","-424.87280","182.95189","-21.77953","-654.24396","105.44772","-39.96005",NA,"P3",29,18
234,2.33,"-398.67148","1502.28638","131.01260","","","","-368.56693","1551.25012","-64.00891","-535.34497","1540.98987","80.02132","-336.57382","1326.88440","-159.55106","-667.72510","1343.35400","-8.23331","-441.76819","1222.15430","38.56845","-527.25208","1386.83618","-125.83217","-282.29337","991.26648","-178.18787","-758.10852","1003.77350","42.65718","-260.41708","821.42792","-56.88374","-693.58240","839.47742","186.40395","-370.78937","857.63873","-19.59020","-600.45056","869.44543","80.42883","-557.91003","934.96533","-170.97292","-318.31473","482.95059","112.72755","-631.28278","437.90512","20.66582","-412.30319","176.28731","1.38485","-654.19055","105.77371","-40.37880",NA,"P3",29,18
235,2.34,"-394.50037","1501.21191","138.93846","","","","-364.99127","1550.40405","-55.74827","-532.22296","1540.28015","87.71943","-333.25681","1325.94836","-152.16777","-664.12231","1342.67957","1.40733","-438.63205","1220.24805","46.75820","-523.95654","1386.13281","-117.25024","-280.01843","990.71771","-172.06555","-754.23523","1003.44031","53.43667","-257.84015","819.97021","-51.56887","-688.84741","839.83142","197.24010","-367.61505","857.14642","-13.16627","-597.14124","868.72589","87.16127","-555.45410","934.55115","-163.62975","-312.36557","483.49747","119.04878","-628.32513","436.48215","23.71471","-398.45422","169.47859","24.87670","-653.14301","106.17824","-39.29100",NA,"P3",29,18
236,2.35,"-390.85233","1500.74182","147.03236","-503.75439","1603.58887","-114.07967","-359.82608","1549.89539","-55.75708","-528.97858","1539.56262","95.29852","-330.59821","1325.09485","-145.30876","-660.41901","1341.66443","10.61784","-434.62808","1219.51782","53.83521","-520.78186","1385.34680","-108.84326","-278.11078","989.05267","-165.19766","-750.50928","1003.06879","63.11271","-254.14650","819.04779","-45.88201","-683.26050","839.90918","207.92168","-363.01819","857.12756","-6.06406","-593.22400","866.11975","95.71265","-553.33716","934.09808","-156.04414","-306.17593","484.08185","126.70201","-626.32843","436.28653","27.08082","-383.83252","163.43695","47.02323","-652.75885","106.27271","-39.33354",NA,"P3",29,19
237,2.36,"-386.21423","1499.46912","154.72021","-500.16840","1602.15540","-105.74888","-355.78262","1549.41870","-48.06568","-525.14276","1538.96509","103.10167","-327.64655","1323.78186","-137.61620","-656.67017","1340.91052","19.25884","-431.30090","1217.62891","62.03706","-517.72125","1384.57495","-100.62695","-275.79507","988.41064","-159.79614","-746.49042","1001.94611","73.44563","-251.57809","817.43445","-40.57026","-678.18170","840.21075","218.87497","-360.19720","856.24158","0.54388","-590.81921","866.17682","102.78819","-550.46173","933.36151","-148.48650","-300.77243","483.96378","132.26007","-624.44781","435.53601","31.34976","-369.06406","157.36685","69.51171","-652.19421","106.12246","-38.86595",NA,"P3",29,19
238,2.37,"-382.41318","1499.10962","162.84560","-496.42715","1601.07190","-98.25584","-352.01740","1547.92798","-38.99049","-520.59277","1538.07385","111.89948","-324.08810","1322.38232","-129.49313","-653.16626","1340.17224","28.21362","-427.26144","1216.67273","69.86182","-514.18646","1383.65381","-92.52340","-273.06323","986.79132","-152.36850","-741.89856","1000.35236","84.05776","-247.27460","816.06366","-35.19143","-672.46240","840.08612","229.37518","-356.38620","855.01691","8.09174","-587.06714","865.23871","108.67350","-547.69879","932.22046","-141.02927","-295.94705","482.78345","137.80222","-622.61151","434.68945","34.43523","-353.59131","152.40306","92.42237","-651.69592","106.89576","-37.62222",NA,"P3",29,19
239,2.38,"-377.94751","1497.63940","170.80203","-492.49820","1599.99817","-90.19798","-348.14734","1546.58228","-32.33049","-516.14227","1537.12720","120.31973","-320.75043","1320.43774","-121.68185","-649.45435","1339.12781","36.76060","-423.41476","1214.79895","77.34750","-510.48102","1382.58826","-83.58423","-270.44928","985.57574","-146.63345","-737.67798","999.49152","93.56818","-244.94078","813.91418","-28.46926","-666.74493","839.91510","239.07872","-352.62509","854.14996","14.96270","-581.71521","864.68103","118.25697","-543.73682","931.49365","-133.28929","-290.89957","481.54782","143.58069","-620.22717","433.94925","37.96280","-337.87646","147.87619","112.72250","-651.34784","106.73237","-36.92154",NA,"P3",29,19
240,2.39,"-374.18961","1497.22632","178.90337","-488.51221","1598.63708","-82.44689","-344.09711","1545.36584","-24.71273","-511.25879","1535.67261","129.00237","-317.05121","1319.66345","-114.85641","-645.12982","1337.99658","45.49852","-419.29645","1213.35889","85.24976","-506.95056","1382.02222","-75.90053","-268.05966","983.98706","-138.67957","-733.09430","998.23798","102.70578","-241.59166","812.12274","-23.08572","-660.97522","839.95361","249.25266","-348.66986","853.43292","23.37395","-578.96484","862.65942","122.33107","-540.68726","930.62781","-125.75786","-286.25537","480.07263","148.12036","-618.44775","433.31964","42.64573","-321.79248","144.24922","133.55292","-651.20343","106.80025","-36.39551",NA,"P3",29,19
241,2.4,"-369.30307","1495.53540","186.59447","-484.26291","1597.70410","-74.58140","-339.57852","1544.66650","-15.65476","-506.88058","1534.66772","137.12480","-313.37628","1318.21545","-107.10257","-641.08923","1336.69836","53.98590","-415.49808","1211.99194","93.17338","-503.12506","1380.78247","-67.43443","-265.14053","982.30341","-132.33742","-728.42352","997.32422","112.04743","-238.18755","810.21704","-17.42571","-655.07825","839.51239","258.89911","-344.07196","852.10583","30.49959","-574.57227","862.07806","134.41092","-537.37347","929.41205","-117.90104","-281.96194","476.90231","152.76105","-616.84442","433.16690","46.71572","-306.25970","141.17645","155.03143","-651.07153","106.87531","-35.87752",NA,"P3",29,19
242,2.41,"-364.54385","1493.89453","194.44843","-480.09433","1596.09546","-66.13638","-335.46835","1543.36792","-7.32458","-502.56769","1533.35620","145.13501","-309.45215","1316.80212","-99.60889","-637.02673","1335.46838","62.61216","-410.97003","1210.12219","100.40829","-498.68094","1379.34436","-58.87000","-262.24408","980.89490","-125.25314","-723.52448","995.76172","121.88238","-234.52782","808.08643","-11.77813","-648.65594","837.93799","267.86356","-340.56964","851.31921","38.22199","-570.52228","862.28925","142.21140","-532.90295","928.26404","-109.99681","-277.89340","474.42722","156.46170","-614.77173","432.33560","51.09090","-290.16397","139.42230","173.46783","-652.33228","108.55943","-34.51099",NA,"P3",29,19
243,2.42,"-360.49060","1492.84338","202.59677","-475.76028","1594.90247","-58.63661","-330.92825","1541.79651","1.29204","-497.97382","1531.68628","153.32483","-305.40533","1315.45264","-91.57355","-632.36041","1334.26953","71.06249","-406.78482","1208.64417","108.16368","-494.38379","1378.11292","-50.84442","-259.05560","979.45239","-118.76295","-718.57446","994.86157","130.88838","-231.60216","805.55402","-6.38176","-642.66235","837.65961","276.96637","-336.29373","850.04132","46.08703","-566.51361","861.82465","150.23241","-529.07709","926.76318","-102.48281","-273.70294","471.60480","161.52440","-612.25238","431.29437","55.91039","-275.15869","138.46352","192.39929","-651.44617","108.85342","-33.92429",NA,"P3",29,19
244,2.43,"-356.46063","1491.74182","210.78183","-471.11957","1593.73352","-49.68248","-326.37753","1540.23450","10.30487","-493.20645","1529.88416","161.19833","-300.60245","1313.51099","-83.61703","-627.54724","1333.32300","79.20261","-402.53217","1207.71191","116.64813","-489.55051","1376.77234","-43.07788","-255.55133","977.62610","-111.39260","-713.48358","993.37183","139.50565","-227.24568","803.34045","-0.81027","-636.73395","836.95813","285.66675","-331.92688","848.70966","54.50408","-561.99872","860.27362","158.45331","-525.81720","925.67621","-94.16062","-269.45724","469.06403","164.53293","-610.04724","430.58231","59.98640","-260.66116","138.15138","210.24004","-650.53186","108.86835","-33.01752",NA,"P3",29,19
245,2.44,"-351.74069","1490.10754","218.59517","-466.49048","1592.44250","-41.96699","-321.53317","1538.48889","20.25931","-488.37830","1528.64929","169.03722","-296.15640","1311.95752","-75.26962","-623.10632","1331.76733","87.53980","-397.94788","1206.27612","124.69214","-485.26328","1375.63196","-35.23507","-252.94872","976.11603","-104.92560","-707.96252","991.44586","148.55327","-223.52788","801.33551","4.79149","-630.23511","835.33655","294.89374","-328.34116","847.64545","63.43280","-559.47791","859.05548","165.79030","-521.28284","923.69342","-85.73587","-264.41962","466.50684","169.07935","-607.70648","429.66769","64.99322","-246.34328","139.20319","226.36595","-649.58008","109.21879","-32.11651",NA,"P3",29,19
246,2.45,"-346.91406","1488.39819","226.33138","-461.90100","1590.92419","-33.87432","-317.21896","1538.24939","24.20757","-484.16263","1527.14148","176.91153","-291.22247","1310.81506","-68.28498","-618.28632","1330.70459","95.30418","-393.09326","1204.78589","132.95393","-480.23749","1374.29407","-27.75410","-249.19925","974.47888","-98.20475","-702.71844","990.56134","157.20746","-219.14597","798.78247","10.05952","-623.76331","834.83972","303.61996","-323.32043","846.15112","71.93382","-554.55573","858.43726","174.13669","-516.57147","921.77844","-77.38463","-260.54813","464.11472","173.61018","-604.36597","428.40085","70.66035","-233.59192","140.18201","241.41087","-647.46594","108.47949","-30.41138",NA,"P3",29,19
247,2.46,"-342.19418","1486.83228","234.13712","-457.18521","1589.47949","-25.64473","-312.22391","1536.80823","32.93961","-479.16577","1525.54443","184.41492","-286.15677","1309.51343","-60.34986","-612.94067","1329.31311","102.57074","-387.77505","1203.54919","140.44638","-475.41751","1372.36621","-19.55100","-246.02831","972.50958","-91.34896","-697.15363","988.98309","165.32471","-214.96266","795.69135","15.10018","-617.92700","834.20746","312.46014","-319.00778","844.68036","80.93900","-550.62463","857.81830","182.56487","-512.00769","920.45667","-69.51931","-255.66760","461.98972","178.40311","-601.61145","427.30252","75.55497","-221.26134","141.11777","254.42926","-647.19623","108.99418","-29.22432",NA,"P3",29,19
248,2.47,"-336.97067","1485.20105","241.80753","-452.14633","1588.81470","-17.56311","-307.32999","1535.77832","41.11410","-475.02838","1524.06628","192.68539","-280.75089","1307.42126","-53.03143","-608.14032","1327.95569","111.16025","-383.25745","1202.11377","148.37656","-469.88489","1371.48218","-12.36779","-243.94160","970.77667","-84.12313","-691.67670","987.32208","173.61325","-210.47572","793.69434","20.92297","-611.99469","832.90875","319.84680","-314.08215","843.80597","89.74167","-546.08856","855.77295","191.11502","-507.49429","919.17316","-60.84991","-251.19270","460.16760","183.33900","-599.29852","425.98868","82.99017","-209.74471","142.25002","266.24716","-648.54724","110.98180","-28.53062",NA,"P3",29,19
249,2.48,"-332.38876","1484.00439","249.80255","-447.25302","1587.46460","-10.43651","-302.61807","1535.00708","48.25921","-469.69052","1522.57434","200.30360","-275.54721","1305.49512","-44.13904","-602.84192","1326.87878","118.47756","-377.79321","1201.34045","156.59860","-464.35422","1369.32251","-3.63239","-239.85143","968.85065","-77.44375","-685.56360","985.90271","181.40848","-205.74500","791.56787","26.66336","-605.15417","832.09888","327.75146","-309.21417","842.27795","98.95560","-542.31403","854.64557","200.45042","-501.97806","917.50531","-52.34550","-246.72162","458.73312","188.69890","-596.80737","426.20752","86.88654","-199.97853","143.59348","276.55652","-647.83148","111.87290","-28.17264",NA,"P3",29,19
250,2.49,"-326.92419","1482.97180","257.35422","-442.29379","1586.10413","-2.92700","-297.21707","1533.88916","57.40833","-464.47491","1520.96021","207.70282","-269.77646","1304.03259","-36.49757","-597.63647","1325.81604","126.03649","-372.32205","1199.77185","164.86418","-459.17050","1368.77991","3.73490","-236.46161","967.25867","-70.60918","-680.24615","984.81079","189.28796","-201.17282","788.61743","31.99046","-599.16083","831.08472","335.69003","-305.30240","840.62134","108.24715","-536.98059","853.36707","209.44591","-496.73972","915.85278","-43.28043","-241.71637","458.45999","195.51521","-593.87439","425.49500","91.98801","-191.92174","143.92145","284.25208","-646.83411","112.80905","-26.54899",NA,"P3",29,19
251,2.5,"-322.78400","1482.42151","265.64874","-437.04422","1585.43726","5.03073","","","","-459.89236","1519.83606","215.39395","-264.12863","1302.51941","-28.08220","-592.21802","1324.22925","134.41731","-366.99118","1198.84167","173.25609","-453.61920","1367.22864","11.23173","-231.90575","965.56769","-63.25789","-674.27826","983.41272","196.87981","-196.40649","786.33203","37.41649","-593.15881","829.66095","343.14752","-299.42587","839.74084","117.51479","-532.44086","852.10455","217.81673","-491.43900","914.97565","-35.15044","-236.39673","457.75430","203.32478","-590.88757","424.50931","98.09016","-185.72655","143.39903","290.84644","-646.20746","113.63082","-25.16251",NA,"P3",29,18
252,2.51,"-317.44986","1481.74548","273.21713","-431.88013","1584.21521","12.57540","-286.64746","1532.49121","74.13094","-455.23267","1518.92163","223.16995","-258.02792","1300.78247","-19.81246","-586.41071","1323.46851","142.16997","-361.42523","1198.31482","181.70364","-447.42606","1366.04565","19.42299","-227.35330","963.66602","-56.09576","-668.24927","981.91260","204.21362","-190.94374","784.27393","43.33139","-586.73853","828.49042","350.26111","-294.11478","838.41821","126.05418","-527.86719","849.55896","226.53658","-485.48090","913.78052","-26.34671","-230.48094","457.33728","212.95262","-586.21857","423.40030","103.59133","-180.83304","141.44308","295.36960","-645.27051","115.11526","-23.96918",NA,"P3",29,19
253,2.52,"-312.03662","1481.03809","280.98526","-426.48035","1583.46313","20.67589","-281.40488","1532.54541","80.12056","-449.67712","1518.09143","230.81520","-252.00050","1299.44922","-12.07137","-580.05060","1322.58081","150.19106","-355.17111","1197.17810","189.58762","-441.48975","1364.89453","27.39931","-222.15996","962.23688","-48.36930","-662.28345","981.02606","211.63065","-185.98581","782.23175","49.38319","-580.38733","827.39545","356.82745","-289.10684","837.90747","134.86696","-521.31079","847.82263","237.03406","-480.08453","912.94696","-17.63163","-224.82899","456.67047","221.60719","-581.32562","422.06055","107.98704","-177.88100","138.14680","297.85025","-644.41162","116.48785","-22.25494",NA,"P3",29,19
254,2.53,"-305.89789","1480.45361","288.53357","-421.16849","1582.69910","27.06552","-275.73465","1532.02356","88.29794","-444.28741","1517.04675","238.24246","-245.97311","1298.26257","-4.38153","-574.10376","1322.01392","158.44907","-349.03955","1196.73193","198.19894","-435.93137","1364.40173","35.17759","-217.25711","961.24335","-40.88255","-655.99292","979.92529","218.44971","-180.59669","780.75854","55.32675","-573.69666","826.53845","364.05185","-283.39258","837.60431","143.96362","-515.22510","846.18512","245.95798","-474.18216","912.43152","-8.08934","-218.27928","455.78699","231.94629","-576.59766","421.31219","115.19734","-175.81139","133.91490","299.71817","-643.42877","117.96950","-19.79704",NA,"P3",29,19
255,2.54,"-301.40164","1480.90613","296.70596","-415.78159","1581.49011","35.12966","-270.05426","1531.32019","98.15836","-438.61108","1516.58386","245.56828","-240.04494","1297.43201","2.57860","-568.18805","1321.55200","166.76500","-343.04343","1196.23364","207.02954","-429.16068","1363.45972","43.49251","-211.55840","960.12189","-33.91890","-650.36884","979.57941","225.39253","-175.65872","779.38660","62.37012","-567.57471","825.04901","370.59274","-277.40088","836.86133","152.78246","-510.13574","845.35187","253.19456","-468.48734","911.39667","1.83441","-212.02826","455.60992","239.82878","-571.80066","420.66815","122.00517","-174.07874","130.52219","299.78189","-640.69897","118.23122","-18.69231",NA,"P3",29,19
256,2.55,"-295.72348","1481.18787","304.37158","-410.32181","1580.94629","42.80954","-264.82169","1531.94043","103.47889","-433.02560","1515.86621","253.08478","-233.79988","1296.07520","11.42280","-561.79480","1321.00903","174.98763","-336.66772","1195.69702","215.01779","-423.30533","1362.50537","50.81533","-206.65161","959.39514","-25.78908","-644.08521","978.56372","232.13414","-170.44525","777.73492","68.49597","-560.78802","823.62317","376.13705","-270.30649","836.66357","161.66353","-502.30411","843.71881","265.15726","-462.54874","911.24329","11.10513","-206.13640","453.77640","248.36015","-567.16028","420.34540","129.10788","-171.07243","129.08484","303.07068","-641.10950","122.24519","-15.71037",NA,"P3",29,19
257,2.56,"-290.13062","1481.21069","312.22379","-404.80359","1580.21716","49.71209","-259.30353","1532.35571","111.22173","-428.05023","1515.55811","260.83911","-227.72189","1295.93530","19.10081","-555.15894","1320.68420","182.98822","-329.45993","1195.62781","223.32564","-416.60330","1361.42029","60.66916","-200.61967","958.72839","-17.89458","-637.81226","978.27496","238.48984","-164.98346","776.23486","75.61301","-554.92096","822.77094","382.74408","-263.54501","836.81567","171.14769","-495.13824","841.89801","273.66330","-456.28329","910.96063","20.97443","-200.12894","452.54181","254.66728","-561.25739","419.23465","136.56760","-167.73453","128.03893","308.10300","-639.79602","124.41347","-12.76042",NA,"P3",29,19
258,2.57,"-283.78735","1481.87012","319.87601","-399.10922","1580.13879","57.66809","-253.37987","1532.48315","121.18727","-422.24332","1515.54321","268.42023","-221.27014","1295.56982","27.02530","-548.50500","1320.72058","191.19211","-323.69455","1195.96204","231.32927","-410.43063","1361.56128","67.53372","-194.69025","957.97858","-10.54820","-631.52991","978.05823","244.77391","-158.41435","775.94977","83.11020","-549.46649","821.99933","388.72766","-255.16388","837.14417","179.95821","-487.31021","841.64807","285.64914","-450.11713","911.31433","30.57209","-194.85789","451.23624","258.69183","-555.70276","419.00885","144.10139","-163.83922","126.38813","312.86920","-638.31927","127.62070","-10.02378",NA,"P3",29,19
259,2.58,"-278.71121","1483.40698","327.98438","-393.18359","1580.12488","65.77707","-247.46681","1533.50415","127.69176","-416.73349","1516.03467","276.17224","-214.83591","1295.28564","34.88308","-542.01508","1320.95898","199.80608","-316.21860","1196.51514","239.15703","-403.81223","1361.46204","76.39465","-189.19041","957.95117","-2.73484","-625.09631","977.86243","251.31917","-152.63449","775.34912","90.09850","-543.55157","820.37909","394.52042","-248.03979","837.76215","188.52629","-478.66260","840.65485","294.83417","-444.10077","911.07611","40.51053","-189.24350","450.59955","263.42841","-549.71417","419.21594","153.54179","-161.39204","123.81710","315.25046","-636.04712","130.99979","-6.04621",NA,"P3",29,19
260,2.59,"-273.57416","1484.80933","336.06927","-387.33792","1580.02600","72.99879","-241.38052","1534.60608","134.65230","-411.07651","1516.74268","283.68542","-208.71918","1295.58337","41.99008","-535.50104","1321.65259","207.93790","-308.92908","1197.22693","247.22624","-397.77307","1362.03418","83.57025","-182.94069","958.52191","5.37945","-618.62335","978.53973","257.79840","-145.45317","775.35059","97.23764","-538.41968","820.59692","400.56384","-240.55397","838.12250","197.92896","-471.34991","838.87885","300.30151","-437.18170","911.38153","51.08152","-183.83556","450.07593","268.67114","-542.94452","418.52902","162.51505","-158.97441","122.15664","318.37888","-632.35217","133.05476","-2.57990",NA,"P3",29,19
261,2.6,"-267.59882","1485.91101","343.88022","-381.33466","1580.15442","80.19160","-235.46175","1535.20154","145.65022","-405.63916","1517.21313","291.04291","-202.05096","1296.27917","49.82862","-528.98682","1322.26917","216.12244","-302.59311","1198.00159","255.58456","-390.98395","1362.17102","92.39588","-176.50992","958.63788","12.62008","-612.06006","978.96838","264.18909","-139.94469","775.49799","105.16969","-532.64941","820.02734","405.93665","-231.90401","839.39148","207.09091","-462.80362","841.53223","316.14185","-431.58328","912.36725","61.51458","-177.91597","448.93024","274.34750","-536.08789","418.72058","173.06007","-157.29311","120.95520","321.35678","-630.94763","138.48418","2.28922",NA,"P3",29,19
262,2.61,"-260.98102","1487.17944","351.48062","-375.38098","1580.93274","87.77359","-229.80409","1536.98328","152.72340","-399.57803","1517.62476","298.22299","-195.08972","1296.72009","58.14434","-522.26093","1323.23572","224.13208","-296.24368","1199.20813","263.99771","-384.23920","1363.16150","100.06198","-169.97440","959.71875","20.27382","-605.71741","979.92041","270.56299","-133.29120","776.24219","112.96305","-527.07019","819.14789","411.00781","-224.45158","840.31165","215.69025","-455.53622","839.78204","322.13956","-425.22983","912.81458","71.24314","-171.91850","448.93234","279.81180","-529.28772","418.95361","184.68146","-154.96811","120.93755","323.22412","-626.15570","141.67267","6.72540",NA,"P3",29,19
263,2.62,"-255.42516","1489.46289","359.42575","-369.24359","1581.79761","95.04170","-223.98111","1538.97107","159.45082","-394.04324","1518.87585","305.72089","-188.91750","1297.69043","65.64510","-515.77490","1324.39783","231.97861","-289.62381","1200.78491","272.31332","-378.01974","1364.83984","105.48996","-163.61377","960.45819","29.17031","-599.38312","981.20819","277.33926","-126.01161","776.94806","120.41417","-521.38000","818.85303","416.31036","-216.92227","842.29205","224.05379","-445.10037","841.67480","336.72858","-419.29147","913.38123","81.58080","-165.60677","449.57520","286.11191","-520.49304","418.27097","195.48241","-152.59601","120.30705","324.17957","-622.53766","146.05344","12.42368",NA,"P3",29,19
264,2.63,"-250.82297","1491.70117","367.80270","-363.23462","1583.11951","102.75558","-217.44832","1540.65808","168.81779","-388.42862","1520.68323","313.29706","-182.56419","1299.04980","73.92396","-509.56232","1326.01868","239.99017","-282.78702","1202.54224","280.16818","-371.66763","1365.55859","115.71388","-156.32780","961.88220","36.46094","-592.87506","982.81445","283.69788","-119.16172","778.49304","128.92004","-515.67169","818.77313","422.13004","-208.59058","844.26105","231.97119","-435.81082","841.93689","344.97400","-412.91452","914.45953","92.03607","-159.73543","449.91147","290.76926","-511.26376","417.31387","209.34566","-151.10941","120.52515","325.98608","-619.24860","152.80167","19.33988",NA,"P3",29,19
265,2.64,"-244.27271","1493.67383","375.55682","-356.85950","1584.87830","110.10896","-211.08426","1542.23975","179.08501","-382.94479","1522.51746","320.96170","-176.26933","1300.66199","82.17863","-502.95584","1327.90356","247.97881","-276.05609","1204.53235","288.00327","-365.10812","1367.62781","123.62147","-149.43967","963.77087","44.40678","-586.21375","984.38306","290.20349","-112.15229","780.76526","137.40675","-510.04974","818.92529","426.52933","-200.63573","846.86401","239.83199","-427.98166","843.90216","355.11066","-407.35406","916.16406","101.44038","-154.59268","450.50592","294.55438","-502.25522","417.64145","222.49405","-149.64949","121.08521","327.07288","-612.19434","156.80426","27.00636",NA,"P3",29,19
266,2.65,"-239.59444","1496.69446","383.80173","-350.93521","1586.54993","118.03948","-205.36667","1545.17810","183.78981","-377.22842","1524.43628","328.37311","-169.75601","1302.74805","90.45953","-496.38715","1330.01208","255.79492","-269.23328","1207.02942","295.94739","-358.95273","1369.04297","130.93799","-141.57361","965.44110","53.15970","-579.72229","986.51575","296.96298","-104.62722","782.61523","146.03355","-505.15695","818.86743","430.99451","-192.96719","849.63800","247.69328","-418.19058","844.66858","364.39984","-402.01364","917.75812","111.46314","-149.59723","451.26382","299.41754","-492.93506","417.19937","237.31587","-148.06189","120.48817","328.01007","-607.82855","163.54680","35.82996",NA,"P3",29,19
267,2.66,"-233.98279","1498.78186","391.65561","-344.56644","1588.47729","125.32442","-199.10626","1547.35852","191.78014","-371.85464","1526.79785","335.77829","-163.92770","1304.87036","97.57328","-490.68192","1332.48560","263.20798","-262.86041","1209.35498","303.97983","-352.35010","1370.90271","138.63139","-134.55731","967.99695","61.68013","-573.39429","989.06995","303.47006","-96.63914","784.70245","154.10605","-499.57248","819.25684","435.59937","-185.70653","852.33618","254.85741","-408.68414","845.67120","373.27771","-396.43735","919.48444","120.97304","-145.50252","452.42450","302.01379","-483.05893","416.96045","253.99472","-147.25963","120.29741","329.05237","-600.13770","168.20593","45.84712",NA,"P3",29,19
268,2.67,"-229.49506","1501.42468","399.83353","-338.29657","1590.74536","132.60760","-193.30630","1549.69336","199.88060","-365.96075","1528.72156","343.29004","-157.58568","1307.13293","106.06973","-484.20291","1334.99890","270.87640","-257.04260","1212.19458","312.75378","-346.49850","1372.70044","146.53761","-126.69486","970.12219","69.78720","-566.85199","991.57629","310.22202","-89.30009","787.40009","163.38922","-494.38000","819.88300","440.26675","-178.41747","855.23254","262.17578","-401.12634","847.92279","382.74954","-391.05267","921.06152","130.49474","-142.31088","453.53571","305.08163","-471.83328","415.87396","270.17868","-146.50752","120.51432","328.99042","-593.88855","175.71381","56.06789",NA,"P3",29,19
269,2.68,"-222.90462","1502.98230","407.24628","-332.16199","1592.68799","139.91261","-187.71394","1552.01074","208.04503","-360.32608","1530.31702","350.41852","-151.54353","1309.34436","113.57192","-478.10397","1337.27209","278.73706","-250.91475","1214.80713","320.81912","-339.94540","1374.57214","154.29359","-119.60712","972.44348","78.96191","-560.91644","994.09723","316.65512","-81.46178","790.86517","172.36819","-488.81287","820.50311","445.69226","-171.13655","857.92328","269.31116","-392.65887","850.03839","390.93695","-386.04938","922.98334","139.67326","-138.34496","453.56274","308.36084","-461.15546","415.52280","287.88498","-145.45586","120.26250","330.05099","-586.24854","182.07668","67.67905",NA,"P3",29,19
270,2.69,"-217.46019","1505.29846","414.95813","-326.33408","1594.67163","147.57903","-181.49716","1553.54114","218.07025","-355.28897","1532.76880","357.86581","-145.73834","1311.74268","121.86191","-471.98804","1339.30981","287.00717","-244.87146","1217.53711","328.98734","-334.27548","1376.54712","162.08707","-112.34654","975.35974","87.31441","-555.24683","996.58624","323.50919","-73.68143","793.78290","181.19461","-483.53387","821.63257","451.05338","-164.19864","860.72473","275.45099","-384.29059","851.21069","399.14856","-381.23529","924.59827","148.78534","-134.44060","453.36594","311.32187","-449.00146","414.64490","304.48517","-144.86295","120.53008","330.42975","-577.95392","189.05261","80.34972",NA,"P3",29,19
271,2.7,"-212.99983","1507.48218","423.04742","-320.68146","1596.54932","155.26613","-175.64792","1555.47449","225.92378","-349.94318","1535.02332","365.53751","-139.78958","1313.70337","129.96809","-466.09354","1341.84961","294.50549","-238.33469","1220.33337","337.44125","-328.43295","1378.13513","170.15042","-104.33836","978.01788","95.45717","-548.89380","998.85492","329.72293","-65.25076","796.49377","190.54358","-479.00284","822.54840","456.18140","-157.95522","862.92932","281.83444","-376.96875","853.21088","406.87048","-375.55240","926.40118","157.12512","-131.62494","453.08667","314.93158","-437.24652","414.44476","322.17157","-144.40648","120.32885","330.94214","-569.83264","196.52061","93.40002",NA,"P3",29,19
272,2.71,"-207.13725","1509.22729","430.62411","-314.82813","1598.23474","162.48640","-170.12749","1557.49963","232.23267","-344.45218","1536.95850","372.84528","-134.22096","1315.86938","138.12587","-460.36429","1343.63843","302.29010","-232.53409","1222.64941","345.30640","-322.84988","1380.14404","177.91641","-97.07655","980.72571","103.85310","-543.06549","1001.20087","336.37283","-56.85151","799.25702","199.95656","-473.94867","823.33734","460.94095","-151.92590","864.47955","288.82114","-370.08490","855.38141","413.61316","-370.49258","928.06830","165.14127","-129.04161","453.34613","317.99451","-424.95206","414.04257","339.09158","-143.73914","120.57426","331.12238","-560.69324","204.54578","106.27734",NA,"P3",29,19
273,2.72,"-202.05847","1511.65845","438.32669","-309.23770","1599.68884","169.92647","-164.76357","1559.48328","239.38054","-339.10861","1538.67383","380.61203","-128.79623","1318.46936","145.68440","-454.41351","1345.32043","309.98700","-227.04019","1224.73633","353.42731","-316.98895","1381.61548","185.64993","-89.31323","983.06268","112.37483","-537.38184","1003.09686","343.22281","-48.48994","802.43304","209.67493","-469.08115","824.32257","467.30545","-146.76093","865.51654","295.90372","-363.50354","856.83197","421.70828","-365.28265","930.03644","172.83456","-126.19267","453.56436","320.93600","-412.49298","414.00928","357.74915","-143.45026","120.67650","331.13452","-551.14984","211.79982","120.03728",NA,"P3",29,19
274,2.73,"-197.82793","1514.08276","446.51306","-303.89056","1600.99438","177.53456","-159.65327","1561.26453","247.04947","-334.83334","1540.49463","387.99527","-122.83605","1320.04871","153.53548","-449.14984","1347.31738","318.47031","-221.54501","1226.24756","361.42593","-311.39499","1383.20789","193.71991","-82.02072","984.89856","120.78208","-532.02832","1004.73883","350.21881","-39.51903","805.41284","218.84225","-463.84949","824.78693","472.78671","-141.11519","866.24554","302.64203","-357.77863","858.50262","429.72369","-360.11258","931.63342","180.88486","-124.15097","452.84164","323.49783","-400.57361","415.03693","375.33719","-143.20917","120.94556","331.35959","-540.72589","218.93724","134.96292",NA,"P3",29,19
275,2.74,"-192.46443","1516.27222","454.39462","-298.56512","1602.17334","185.12590","-154.21674","1562.82471","254.63037","-328.86093","1541.74231","395.62317","-117.25535","1321.78784","162.46356","-443.70380","1348.63477","326.32248","-216.19411","1227.73389","369.71539","-305.75531","1384.69775","201.84425","-74.48019","986.84351","129.92508","-527.04749","1006.38837","357.78946","-31.08344","808.11743","228.43073","-459.74628","825.70074","479.28128","-136.12851","866.64539","310.10251","-352.10071","860.02563","437.12119","-354.33179","932.51105","188.24704","-121.81334","452.81998","326.84750","-388.72177","416.87695","392.57370","-143.05777","120.89030","331.44836","-529.27454","224.50795","149.65012",NA,"P3",29,19
276,2.75,"-186.75220","1517.68616","462.24728","-293.07245","1603.24548","192.48232","-149.01172","1564.38513","262.55600","-324.37411","1543.93933","403.20026","-111.72803","1323.33948","171.41368","-437.81360","1349.81506","334.02414","-210.16768","1228.67310","377.40112","-300.23572","1386.33264","209.61540","-67.05180","988.98285","138.28090","-522.12909","1007.82452","365.12646","-22.79799","810.91882","238.69278","-454.12057","825.95422","484.94058","-130.91548","867.27344","317.74741","-346.72128","860.28680","443.15115","-348.94507","933.76642","195.37009","-119.91168","452.63635","329.47513","-376.37756","418.89658","410.59824","-142.91757","120.89682","331.96014","-518.75806","231.16515","165.32265",NA,"P3",29,19
277,2.76,"-183.70273","1520.34973","470.98312","-287.86743","1604.19812","200.19362","-144.04521","1565.81409","270.97690","-319.65402","1545.28052","411.34244","-105.83788","1324.86292","179.78001","-433.00790","1350.90808","342.37793","-205.87215","1229.90063","385.51404","-294.67169","1387.70044","217.65802","-59.50371","990.38049","147.61613","-517.08966","1008.82208","372.77509","-14.35410","813.80664","248.48875","-449.36157","826.80365","491.79327","-126.93797","866.92303","324.83017","-342.29596","861.99719","450.93683","-343.84891","934.99652","202.25592","-118.37244","452.82043","332.41928","-364.26538","421.29211","427.55817","-142.88048","121.07328","332.34943","-507.21661","235.91220","181.17613",NA,"P3",29,19
278,2.77,"-177.40988","1521.43042","478.47845","-282.81375","1605.19214","208.05804","-138.89229","1567.38391","277.82358","-314.11963","1546.31604","418.78281","-100.64857","1326.50769","188.67993","-427.61661","1351.80579","349.85483","-200.15463","1230.43591","393.00705","-289.79788","1389.21887","225.85587","-51.66167","992.19684","156.78357","-512.20197","1009.64325","380.31186","-5.84154","816.30164","258.41232","-445.16382","826.84753","498.07639","-121.95972","867.70984","331.84845","-337.65619","863.33673","459.17642","-338.22125","935.82544","208.90706","-116.18288","452.51654","334.73926","-352.22562","424.57394","445.01022","-142.35178","121.26781","333.11560","-495.07367","240.28389","196.62010",NA,"P3",29,19
279,2.78,"-173.14348","1522.72876","486.78430","-277.66940","1606.02051","215.87994","-133.74532","1568.66626","285.16095","-310.10190","1547.77209","426.70416","-95.18130","1327.71655","196.40793","-422.63773","1352.72937","357.74625","-195.41406","1231.08984","401.20697","-284.03226","1390.30908","233.79346","-44.18628","993.51129","165.87985","-507.73581","1010.75531","387.49008","2.92505","818.85382","268.56375","-439.91046","828.01648","505.11127","-118.05946","867.47424","339.08038","-334.76797","864.07239","464.05945","-332.72403","936.77563","215.52573","-114.78914","452.49365","337.64291","-340.44125","426.57504","461.26450","-142.18492","120.96239","333.75961","-482.58670","243.31807","213.51306",NA,"P3",29,19
280,2.79,"-169.03621","1524.60767","495.12720","-272.66553","1607.09106","224.01007","-128.52670","1569.17029","297.10233","-304.82022","1548.68237","434.43115","-89.62320","1329.07678","204.90880","-417.83609","1353.61414","365.44330","-191.42175","1231.62207","409.10693","-278.81073","1391.47083","241.21088","-36.24709","995.53491","175.32651","-502.91980","1011.55811","395.17969","12.31898","821.21863","278.54471","-435.37088","828.76593","511.84851","-114.00209","868.53375","346.54309","-330.57562","866.00098","474.12662","-327.90656","938.16620","222.03653","-112.83997","452.90903","340.78488","-328.72238","429.76016","477.24487","-141.50929","121.40086","334.83365","-468.99808","244.95981","230.23734",NA,"P3",29,19
281,2.8,"-163.83498","1524.88123","503.24243","-267.58429","1608.06458","231.82559","-123.75098","1570.27344","306.31757","-301.09271","1549.42651","442.56000","-84.21149","1330.11841","213.39114","-412.68408","1354.30188","372.91196","-186.78346","1232.21277","416.88669","-273.75845","1392.90234","249.80307","-28.44313","996.88593","184.77368","-498.70358","1012.32544","402.63623","19.57770","823.33838","288.90619","-430.47195","828.93188","518.78534","-109.40001","868.78717","353.84833","-326.26053","866.94415","480.57169","-322.94968","939.25702","228.30716","-111.27762","452.31503","343.47531","-317.45444","433.44305","493.50540","-141.57393","121.14471","335.60568","-455.89008","245.85306","248.19109",NA,"P3",29,19
282,2.81,"-160.04414","1525.67517","511.84189","-262.62122","1608.72266","239.95340","-118.55115","1571.31482","314.51544","-295.73633","1549.58789","450.52271","-78.84962","1331.04211","222.45291","-407.97278","1355.10413","380.88754","-181.35362","1231.88123","424.35873","-268.35980","1393.57935","257.34857","-21.21643","998.25519","194.21445","-493.59149","1012.84900","409.59744","28.68949","825.83643","299.60437","-425.44333","829.87891","526.27167","-104.73204","869.09869","361.51492","-323.35959","868.56104","489.60437","-318.11923","940.15704","234.73936","-109.06422","452.48297","346.56860","-305.23486","437.03983","509.10812","-141.48517","121.41463","336.03925","-442.34201","245.06258","266.01291",NA,"P3",29,19
283,2.82,"-154.56863","1525.94788","519.73267","-257.66846","1609.66577","248.09952","-114.16534","1572.39221","322.15051","-291.97104","1550.70374","458.66165","-73.89465","1332.05103","230.82251","-403.02209","1355.66296","388.42938","-177.13536","1232.35486","431.91190","-263.27490","1394.70410","265.48260","-12.34833","999.72845","203.73985","-489.54071","1013.73260","416.51807","36.53667","828.12274","309.99924","-421.54691","830.94305","533.83759","-99.60680","870.72211","369.30692","-319.50650","869.84351","494.27179","-313.61133","941.51892","241.68892","-107.43086","452.31863","349.82458","-294.09753","440.68964","523.68982","-140.86751","121.26500","337.54385","-429.03879","243.45810","284.66672",NA,"P3",29,19
284,2.83,"-151.57486","1526.85107","528.48572","-252.77939","1610.21997","256.31656","-109.62720","1573.52710","329.77405","-287.40552","1550.76819","466.47766","-68.31615","1333.04321","240.04079","-398.02438","1356.04736","395.75745","-172.53658","1232.45325","439.42609","-258.31894","1395.53479","272.88809","-5.22608","1001.31897","212.95129","-484.78842","1014.14777","423.65979","44.34694","830.38312","320.61432","-416.40497","830.98749","540.49750","-96.79389","869.89758","375.06860","-314.93469","871.16583","498.95258","-308.83603","942.13318","248.03873","-105.94524","452.34268","353.30151","-283.37274","444.08185","539.05334","-140.53500","121.57481","337.83160","-413.71216","239.92419","302.66684",NA,"P3",29,19
285,2.84,"-147.52635","1526.87891","537.04230","-248.07550","1610.96912","264.78174","-105.09232","1574.60913","336.08798","-283.18076","1550.81104","474.56885","-63.48490","1333.90051","247.53296","-393.52811","1356.75952","402.98874","-168.08513","1232.55396","447.02100","-253.04140","1396.27258","281.18420","1.96383","1002.90204","222.91170","-480.52539","1014.48041","430.61938","52.58220","832.99420","330.81854","-412.60464","832.21893","548.84650","-92.48811","871.27936","381.54102","-311.19376","872.48474","507.03433","-304.41437","943.29413","254.88986","-103.83688","452.37827","356.31384","-273.24100","448.48950","553.73212","-140.51888","121.78682","338.23999","-400.98859","237.66144","322.16791",NA,"P3",29,19
286,2.85,"-144.60069","1527.56982","545.96069","-243.47699","1611.85522","273.56726","-100.77716","1575.27112","345.54230","-279.02896","1550.65405","482.91345","-58.55445","1334.73291","256.96301","-388.83038","1357.36768","410.29050","-164.66994","1232.97156","455.10077","-248.11810","1397.09302","289.01840","9.51190","1003.85962","232.28133","-476.16986","1014.83020","437.28693","59.81642","834.94458","341.36993","-408.02701","833.40308","556.40234","-88.64311","870.62512","388.21103","-306.54044","873.42627","513.21631","-299.83600","943.76294","261.06241","-102.85197","452.26871","359.38556","-263.22632","452.11053","568.51270","-140.18527","121.89956","339.29950","-386.27286","233.55421","341.10971",NA,"P3",29,19
287,2.86,"-139.22340","1527.22742","554.07275","-238.69859","1612.29663","281.98184","-95.77100","1575.13977","358.15265","-275.34595","1551.02209","491.06195","-53.43377","1335.53845","264.55042","-384.44415","1357.46057","417.64117","-159.73080","1232.82385","462.33380","-243.34875","1397.45093","296.81238","15.95578","1005.07202","242.33049","-471.78775","1015.05353","444.29050","67.13271","836.86157","352.09512","-403.33371","833.73920","563.76752","-84.33430","871.57544","395.48575","-302.75925","874.80469","519.67072","-295.40369","944.49908","268.09839","-100.60781","451.96606","362.02640","-253.92787","456.89917","583.11237","-140.12772","122.25586","339.93655","-372.04395","229.29584","361.01001",NA,"P3",29,19
288,2.87,"-136.35884","1527.21472","563.06445","-234.04042","1612.96558","290.49228","-91.49734","1575.84729","366.09888","-270.60654","1550.66394","499.13733","-48.83306","1335.84656","273.56961","-380.25717","1357.94128","425.02191","-155.54199","1233.30957","470.30280","-238.26450","1397.79822","304.31992","22.87263","1006.01599","251.74226","-467.63602","1015.54724","450.93442","74.65308","838.74640","362.84286","-399.50775","835.14331","571.93085","-79.65771","871.46967","401.84686","-297.31116","874.63605","525.67157","-291.27579","945.08759","274.46960","-99.35767","451.61569","364.79739","-244.30058","460.63071","596.65442","-140.00099","122.41280","339.98340","-357.20090","223.64482","381.67340",NA,"P3",29,19
289,2.88,"-132.41748","1527.14453","571.56940","-229.27165","1613.55920","299.09915","-86.93820","1576.51123","374.78955","-267.54724","1550.82263","507.34448","-43.73350","1336.61890","281.41537","-375.89417","1358.13635","432.43658","-151.48447","1233.09778","477.96228","-233.81833","1398.50220","312.61716","29.54727","1007.10535","261.18723","-463.25525","1015.74701","457.47784","81.55129","840.66791","373.45337","-395.89368","836.13293","580.06909","-75.55139","872.22668","408.79791","-293.19547","875.75769","531.73322","-287.01389","945.37781","281.27985","-97.88425","451.42657","367.29047","-236.66913","464.71466","610.54449","-139.66019","123.05852","341.08240","-341.95346","217.56741","402.23657",NA,"P3",29,19
290,2.89,"-128.92093","1526.49182","580.60834","-224.68703","1614.13782","307.77188","-82.71470","1576.93164","383.59805","-263.53308","1550.87354","515.56000","-39.31721","1337.43286","290.21817","-371.65833","1358.41260","439.26480","-147.63362","1233.62024","485.89255","-229.02487","1399.67529","319.78647","36.98194","1008.43628","270.51050","-459.04227","1015.57758","464.44016","89.30174","842.33154","383.63885","-391.04376","835.94373","587.52393","-71.24113","871.54572","415.55692","-289.69159","877.29425","538.06989","-282.73529","945.85480","287.67197","-95.97857","451.61603","370.36139","-228.89091","468.88953","623.41815","-139.52751","122.91576","341.79337","-327.12314","211.42624","423.81216",NA,"P3",29,19
291,2.9,"-125.67440","1526.45227","589.48376","-220.00719","1614.60767","316.48477","-78.54852","1577.43298","392.63065","-260.30734","1550.16333","524.04639","-34.16439","1337.77222","298.69501","-367.46533","1358.26855","446.26843","-143.73920","1233.20203","493.56104","-224.39146","1399.42822","328.82608","42.81142","1008.89532","280.61295","-455.22604","1015.64233","471.52008","95.65760","843.62067","394.38565","-387.54517","836.88525","595.69000","-67.11691","871.69305","422.09366","-285.92770","877.84821","545.28656","-278.26141","946.03955","294.83929","-94.01044","451.22900","374.34711","-221.76328","473.09445","636.59796","-139.33195","122.98988","342.29025","-311.86972","205.07515","445.93842",NA,"P3",29,19
292,2.91,"-121.30276","1525.47693","598.05347","-215.41351","1615.11890","325.31772","-74.59312","1577.91260","400.45279","-256.42099","1550.08020","532.46387","-29.32150","1338.50732","308.01587","-363.48697","1358.65564","453.58527","-139.45522","1233.43286","501.24234","-219.69189","1399.43909","336.74405","49.16962","1010.25018","290.07031","-451.04440","1015.30859","478.49637","102.07713","845.28375","404.91788","-383.32932","837.61139","603.37445","-63.72102","870.77454","428.77417","-281.84229","878.21844","551.35730","-274.01709","946.06726","301.37567","-92.54105","451.23029","377.08292","-214.83632","476.22113","648.03607","-139.13541","123.16822","343.38055","-296.93497","198.44241","468.41196",NA,"P3",29,19
293,2.92,"-119.33804","1525.30090","607.31836","-210.81096","1615.51306","334.05002","-70.00768","1577.27588","414.32593","-252.87598","1549.71375","541.12891","-24.51542","1338.80176","316.90744","-359.38058","1358.24048","460.37787","-135.41846","1233.26147","509.60867","-214.89441","1399.84680","344.27359","55.25188","1010.85962","299.96545","-446.86020","1015.57629","485.12488","108.84556","847.31885","415.36325","-379.37698","838.33435","611.82178","-59.09261","870.73553","436.94382","-278.06680","878.87024","557.78796","-270.18866","946.75806","306.39996","-91.31474","451.03073","380.65271","-209.59038","479.90665","660.01221","-138.34325","123.26385","343.28351","-281.50491","191.67082","491.14914",NA,"P3",29,19
294,2.93,"-116.26881","1524.84399","616.26904","-206.31584","1615.85706","342.94873","-66.06277","1577.79895","421.27444","-249.82690","1549.35876","549.22974","-19.60477","1339.27429","326.22473","-355.35699","1357.94995","467.80786","-131.61145","1232.76794","517.17072","-210.36893","1399.83069","352.50537","61.53307","1011.76410","309.51447","-442.82895","1015.17517","491.75836","115.27927","848.57373","426.20511","-375.56299","838.87372","620.12500","-52.40334","871.12274","445.68860","-275.10263","879.62268","564.79974","-265.74582","946.29913","314.83676","-89.66024","449.96613","384.61478","-204.17619","482.89914","670.89514","-138.03773","123.22680","343.91638","-266.18158","185.01161","514.41193",NA,"P3",29,19
295,2.94,"-112.38729","1523.44849","625.11188","-201.81599","1616.06775","351.77493","-62.16363","1578.13989","429.13080","-245.42509","1548.23291","557.67914","-14.90168","1339.82410","334.62900","-351.24026","1357.84009","475.12491","-128.35347","1232.76086","525.50891","-206.02977","1400.13403","360.64383","67.66331","1012.52441","318.93051","-438.71353","1014.85175","498.86118","120.58885","849.67145","436.43356","-371.68887","839.29962","628.52386","-52.21838","868.73401","450.15509","-270.69284","879.45074","571.90863","-261.18506","946.66925","320.60361","-88.05582","450.33115","388.05667","-199.11699","484.84680","681.05725","-138.57330","123.89948","346.79532","-250.71118","177.73070","538.06958",NA,"P3",29,19
296,2.95,"-110.55364","1523.26526","634.33557","-197.42497","1616.18994","360.73727","-57.81226","1577.51611","442.13498","-242.36249","1547.82483","565.59705","-10.44012","1340.13757","343.29529","-348.12085","1357.67590","482.05170","-123.91159","1232.15161","533.44006","-201.47400","1400.16040","368.38165","73.41273","1012.97406","328.91116","-434.73141","1014.39014","505.70950","126.36491","850.87878","446.94312","-367.87646","839.83832","636.61713","-48.44864","867.92731","455.94281","-266.87479","879.24426","578.09326","-256.88956","946.30627","327.59753","-86.04032","450.16367","392.46069","-194.55254","486.81714","690.62213","-138.48204","124.31214","346.89066","-236.62941","171.57303","562.56390",NA,"P3",29,19
297,2.96,"-108.16687","1522.61060","643.56860","-193.02931","1616.07764","369.62646","-54.07927","1577.71802","449.33563","-239.80069","1546.92603","574.28979","-5.74798","1340.09583","353.07413","-343.81671","1357.04248","488.99011","-120.61004","1231.86853","541.59338","-196.66048","1400.08984","376.78088","79.29970","1013.54736","338.25226","-430.55460","1013.94299","512.34698","132.21542","852.44348","457.25278","-363.55426","839.91748","644.37933","-44.35580","866.92694","464.23950","-263.18127","879.14349","586.01685","-252.84711","946.80011","334.42191","-84.57079","450.01001","396.76208","-189.91179","487.44638","698.64917","-138.16211","124.84990","347.70041","-221.85901","165.74094","587.21692",NA,"P3",29,19
298,2.97,"-104.99429","1521.01013","652.48608","","","","-49.98682","1577.03198","461.84790","-235.72270","1545.59302","582.57214","-1.43284","1340.22925","362.27078","-339.62457","1356.31750","497.06097","-116.10027","1230.85901","549.33240","-192.48572","1399.89319","385.00607","84.77708","1013.87384","347.88861","-426.71896","1013.13641","519.52759","137.01857","852.75568","467.73679","-360.50272","840.05719","652.11963","-40.23495","866.22357","471.83401","-259.34708","878.79889","593.46893","-248.29091","946.55035","341.63571","-83.09707","449.40790","399.91379","-186.88504","488.15482","707.20874","-137.08936","125.51341","347.61206","-207.37967","159.93442","611.75323",NA,"P3",29,18
299,2.98,"-102.00742","1520.09229","661.52179","","","","-46.43744","1577.09436","468.38583","-233.15497","1545.39380","590.86694","2.86846","1340.48950","371.34097","-335.37857","1355.84912","504.76974","-113.13642","1230.06006","558.07733","-187.93738","1399.49634","392.95200","90.10429","1014.02802","357.28500","-422.47650","1012.21851","526.06665","142.23343","853.46503","478.20691","-356.43243","839.56580","660.07520","-36.77790","866.42780","480.44437","-256.08984","878.88477","601.09607","-243.62170","945.70209","348.96384","-81.50002","449.65494","403.21085","-183.86287","487.89130","714.46600","-136.83250","125.75000","347.86612","-192.15808","154.29021","636.87708",NA,"P3",29,18
300,2.99,"-99.92625","1519.42517","670.89685","","","","-42.57969","1576.06042","480.35809","-230.38394","1544.03406","599.32776","7.50416","1340.02686","380.66016","-331.66370","1354.98877","512.33020","-109.23384","1229.22827","566.44391","-183.89386","1398.58301","401.70740","94.95605","1014.37134","367.27032","-418.74619","1011.49866","533.34192","147.59743","854.05652","488.10928","-352.48895","839.43140","667.85175","-32.59020","865.64209","487.67697","-253.08556","878.60492","609.63788","-239.44888","945.82489","356.45023","-80.20599","449.08212","407.19998","-180.73141","486.56912","720.96155","-136.88170","125.75006","349.21906","-178.53699","150.09729","661.84381",NA,"P3",29,18
301,3,"-97.46549","1518.21802","680.10101","","","","-39.11838","1575.72717","489.18045","-226.34366","1542.37280","607.84424","11.85661","1339.64905","389.67392","-327.82959","1353.95129","520.21362","-105.76849","1228.44092","574.52600","-179.31543","1398.02014","409.74216","99.94122","1014.18945","376.99268","-414.67224","1010.46204","540.00012","152.40514","853.87640","498.04767","-348.71280","839.54584","676.54926","-29.13085","864.41132","495.92307","-247.89000","876.91901","615.10858","-234.82353","945.04755","364.18484","-78.73748","448.84753","410.32730","-177.89343","484.99518","727.46576","-136.73027","126.11591","350.39117","-165.39513","147.06656","687.11786",NA,"P3",29,18
302,3.01,"-94.80864","1516.68176","689.07239","","","","-35.47780","1575.01465","497.33490","-224.15410","1541.68542","616.19489","16.14027","1339.31543","398.98621","-323.81741","1353.14172","528.21143","-101.78653","1227.63208","583.10077","-175.60898","1397.46057","418.50391","105.04662","1013.42511","386.45367","-410.97525","1009.32782","547.10510","156.87419","853.81091","509.26044","-344.91891","838.94940","684.14417","-25.02554","864.47534","505.12985","-244.81638","875.98462","624.57550","-230.70120","944.39111","372.44571","-77.41369","448.46808","414.03683","-175.03566","482.92767","733.22217","-136.75108","127.29585","351.04620","-151.96933","143.42616","711.47614",NA,"P3",29,18
303,3.02,"-92.27933","1514.98291","698.31714","","","","-32.11138","1573.87573","507.89633","-221.73723","1540.34998","624.63965","20.06476","1338.46545","408.29916","-319.63519","1351.87012","536.16205","-98.58755","1226.33838","591.86029","-171.51317","1396.28943","426.75903","110.29729","1013.35443","396.14896","-407.21701","1007.96204","554.32550","161.44592","853.90338","518.68475","-340.49295","837.42938","691.91693","-21.25358","864.02869","514.47028","-241.19315","874.69775","633.09082","-226.18820","943.66840","380.39499","-76.35268","448.84613","417.17102","-172.74072","480.39038","739.04431","-137.08838","128.01601","351.49387","-138.98305","142.11853","735.25690",NA,"P3",29,18
304,3.03,"-89.96217","1513.58704","707.45197","","","","-28.56508","1572.59143","517.81177","-218.35022","1538.61084","633.33130","24.27102","1337.62695","417.24420","-316.59158","1350.37524","543.67108","-95.04646","1224.72571","600.25433","-166.89207","1394.77832","434.69833","114.19147","1012.34167","405.40741","-403.47989","1006.68256","561.36829","166.14336","852.91479","528.74548","-337.60400","837.26544","699.36884","-18.80581","861.25854","520.25916","-237.47476","874.27271","640.21393","-221.90538","942.55029","388.81396","-74.60786","448.56714","420.79141","-169.77159","477.45996","744.28442","-136.55127","129.19267","351.85831","-127.64014","141.27779","758.94647",NA,"P3",29,18
305,3.04,"-87.75234","1511.83545","716.69983","","","","-25.42290","1571.59204","525.86084","-215.60568","1536.90222","641.65454","28.11493","1336.67114","427.00897","-313.06696","1348.99622","551.65668","-91.36367","1223.90417","608.98834","-163.62016","1394.04749","443.55945","118.80244","1011.63519","415.30115","-399.87488","1005.69464","568.47076","170.99591","852.85388","538.19824","-333.68246","835.79657","707.84869","-14.52210","860.90656","528.30103","-233.72144","872.32324","649.72095","-217.52939","941.18732","396.91528","-72.36935","448.17117","425.52826","-166.61337","474.14044","749.26227","-136.68129","129.51799","353.05042","-117.44782","141.98706","781.38556",NA,"P3",29,18
306,3.05,"-84.83903","1510.18518","725.61017","","","","-21.35640","1570.09351","536.13544","-213.61537","1535.59302","649.78040","32.00258","1334.97473","436.13385","-309.62524","1347.24780","559.76563","-87.75569","1222.82532","617.60645","-159.66739","1392.54102","451.78268","123.23942","1010.73877","424.66385","-396.25665","1003.39410","576.29803","174.95335","850.98706","548.14178","-330.34308","834.48871","716.09729","-10.55940","859.61938","537.03540","-228.82964","869.91876","656.55682","-213.09598","940.03979","405.33353","-70.32735","447.93338","429.24979","-163.55188","471.36359","754.31995","-136.30667","130.10977","353.55396","-107.85545","143.68295","803.13446",NA,"P3",29,18
307,3.06,"-82.62005","1508.59375","734.75195","","","","-18.14137","1568.78455","546.90454","-210.82988","1533.88965","657.95721","35.89693","1334.05713","444.68573","-306.53183","1345.82959","567.53418","-85.21568","1221.84814","626.84607","-156.31075","1391.04712","460.87457","127.41861","1009.18475","434.35666","-392.70480","1002.02454","583.68433","179.33015","850.22229","557.73151","-326.84097","832.68402","723.66699","-6.23898","858.40289","545.57715","-226.08325","868.09393","667.35675","-208.90520","938.40527","414.37927","-67.87439","447.32471","433.76077","-160.59755","468.71576","759.54993","-134.70956","131.29228","354.18842","-99.09444","145.19012","823.50879",NA,"P3",29,18
308,3.07,"-80.42979","1507.17944","743.88049","","","","-14.84116","1567.47729","556.45020","-208.30551","1532.66638","666.77222","39.25858","1332.36328","454.85614","-303.06192","1343.66724","576.59271","-81.81739","1220.34412","636.34900","-152.24223","1389.38989","469.56421","130.92487","1007.71954","443.98151","-388.91751","999.75568","591.29633","183.64223","848.54968","566.37213","-323.20370","830.83020","731.26044","-1.03765","858.17102","555.87476","-221.08759","865.50140","675.89685","-204.61160","936.93323","423.04321","-65.52847","446.93027","438.80411","-157.17583","466.11307","765.19904","-134.90097","132.48161","354.73010","-90.81083","147.47325","840.14252",NA,"P3",29,18
309,3.08,"-78.20761","1505.71021","752.97223","","","","-11.83134","1566.75208","564.06537","-205.42944","1530.77600","674.90552","42.94198","1330.79883","463.43896","-299.94043","1341.86804","584.74774","-77.84469","1218.75781","645.57593","-148.76089","1387.47375","478.76501","133.84016","1006.20392","453.62506","-385.39011","997.95966","598.62726","188.28601","847.22546","575.65424","-319.87894","829.37573","739.53772","3.37995","856.31805","563.95050","-216.81569","862.87164","684.99341","-200.79434","935.63708","432.78778","-63.03340","446.63870","443.31482","-154.06871","464.29703","771.17651","-134.15129","132.66188","356.21542","-83.58440","148.88405","856.96222",NA,"P3",29,18
310,3.09,"-76.39606","1504.68884","762.25836","","","","-8.57482","1565.13403","575.85358","-204.75725","1530.49414","683.52771","46.81243","1329.12830","473.32977","-296.62399","1339.99890","593.65240","-74.63648","1216.95959","655.09753","-145.08592","1386.15149","487.72208","138.15195","1004.17487","463.30194","-381.89093","995.88599","606.93573","192.30765","845.35211","585.09137","-315.85486","827.63098","748.50861","7.84131","854.46613","572.61768","-212.79758","860.98199","694.08344","-197.20653","934.13007","441.43729","-59.95585","445.69916","448.45941","-150.22905","462.76151","777.53864","-133.77998","133.62428","357.31577","-77.33616","150.92786","869.62573",NA,"P3",29,18
311,3.1,"-75.09107","1503.62170","771.79950","","","","-4.98126","1563.67114","586.01379","-202.06772","1529.06458","691.64417","50.19839","1327.69739","483.13580","-293.84830","1338.58618","601.90015","-71.59026","1215.61523","664.88849","-141.90872","1384.35156","496.75452","140.42950","1002.47717","472.62250","-378.06940","993.97852","614.41956","195.59062","844.20746","593.92950","-313.58304","825.78229","754.97839","12.43591","853.55719","583.89954","-208.48613","858.15845","705.21777","-193.37320","932.77832","451.27072","-56.61692","445.46344","454.18640","-146.45197","460.99826","784.35815","-132.40161","134.66928","359.13959","-72.49699","151.12242","880.20721",NA,"P3",29,18
312,3.11,"-73.37917","1503.19263","781.17621","","","","-2.28527","1562.94531","593.91064","-199.17508","1527.63928","699.65961","53.67812","1326.09021","493.01410","-290.87430","1336.66748","610.61975","-68.35143","1214.74768","674.41766","-138.64502","1382.75891","506.34988","143.67772","1000.59998","481.76859","-374.68918","992.06940","622.61255","200.02037","841.89331","602.36365","-310.45667","823.62207","763.03192","17.02430","851.43378","592.72363","-205.24301","856.46710","711.48907","-189.33333","931.26080","460.55801","-52.66227","444.98093","459.92755","-143.20432","458.86844","792.58356","-131.39050","135.79330","359.79492","-67.60741","149.62460","886.80499",NA,"P3",29,18
313,3.12,"-70.93909","1502.43408","790.31073","","","","0.70930","1561.98157","602.91028","-196.66078","1526.57043","708.34283","56.95335","1324.48547","503.01096","-288.40811","1334.91809","619.07477","-65.23441","1212.41077","684.07715","-134.96771","1380.93445","515.59351","146.21353","998.96362","491.48920","-370.24988","989.79688","630.80261","203.05585","839.90558","611.34833","-307.55322","820.93781","771.15741","20.09777","849.25281","601.35913","-200.02003","853.70453","720.09460","-185.04204","929.54626","470.18567","-49.18976","443.80316","467.62241","-139.04018","458.13522","800.80493","-129.64832","137.32407","360.77673","-64.24332","147.59659","893.46545",NA,"P3",29,18
314,3.13,"-69.27446","1501.87036","799.88159","","","","4.01511","1560.65527","614.69312","-194.29007","1525.57239","717.17670","60.79840","1322.79077","512.74396","-285.76117","1333.07922","627.24341","-62.49350","1211.88208","694.45935","-132.09004","1379.99170","525.57861","148.96788","997.30804","500.49429","-366.24081","987.75635","638.54309","205.75182","838.09821","619.86487","-304.45816","818.60205","778.13501","24.16893","847.51019","610.13745","-197.03145","852.18909","730.72302","-181.52605","928.82843","479.94180","-44.90076","442.14951","475.64813","-135.04855","456.71945","809.81909","-127.73642","138.39209","363.01968","-59.68489","142.69043","895.88501",NA,"P3",29,18
315,3.14,"-67.36286","1501.92700","809.31110","","","","6.72272","1559.88977","624.64685","-191.51746","1524.78333","724.93250","63.83654","1321.60278","523.08105","-282.22794","1331.38635","636.82416","-60.37754","1209.63110","703.44116","-129.17587","1378.55750","536.31628","150.14253","995.36401","509.31485","-362.76569","985.44604","645.68884","210.33174","836.70776","627.29962","-302.01022","816.47491","785.67212","26.93593","845.90442","620.16046","-194.57388","851.88922","739.94342","-176.66187","927.18280","489.40454","-40.23358","441.11255","483.80545","-130.42346","455.99503","819.28418","-126.35964","139.51869","365.02786","-58.38661","138.52208","897.83325",NA,"P3",29,18
316,3.15,"-65.45354","1501.93701","818.74701","","","","9.54864","1559.06616","633.50079","-189.71347","1524.29871","734.06165","67.55463","1320.18237","533.36316","-279.50455","1329.81653","646.23248","-57.28398","1209.57715","714.64563","-124.67028","1377.20032","544.77411","152.62540","993.52979","519.35022","-359.36447","983.97034","654.16425","212.88638","834.99182","636.24829","-299.00464","814.28802","793.48303","31.13564","844.38678","630.34595","-190.60495","850.88055","750.09113","-172.46742","926.22443","498.87286","-35.08111","439.68604","493.34811","-125.27586","454.76901","828.39496","-123.66888","141.90637","366.69150","-56.12312","133.31213","898.70056",NA,"P3",29,18
317,3.16,"-64.48460","1502.27112","828.52625","","","","12.40742","1558.20764","642.69720","-187.12924","1523.79663","741.79077","71.01296","1318.96545","544.29645","-276.79578","1328.02148","655.52820","-55.13268","1207.60059","724.36005","-121.87291","1376.28906","554.68048","153.45520","992.26239","528.01752","-355.89313","982.59174","662.76514","214.78601","832.77563","644.91138","-296.02982","812.25024","801.38794","35.66964","844.47333","642.66241","-187.60051","850.05750","760.73083","-167.95930","924.89734","508.90607","-30.42706","438.42874","502.88254","-120.44341","453.21143","837.74170","-122.20987","143.59286","369.56754","-52.95645","129.55515","900.94397",NA,"P3",29,18
318,3.17,"-62.48848","1502.85193","837.80444","","","","15.25048","1557.35352","653.90894","-185.06248","1523.71875","750.89252","74.19232","1318.55664","555.25696","-273.90106","1327.41504","665.14594","-51.92602","1206.98022","734.92584","-118.15733","1375.11145","564.61536","155.29433","990.90381","537.74670","-352.09198","980.93463","670.97723","216.62871","830.88495","653.30182","-293.58078","810.34131","809.54700","39.80263","843.27979","653.98511","-183.49590","849.00616","770.69867","-163.05374","923.94690","518.89642","-26.04670","437.98105","511.99594","-115.76617","450.92624","846.62445","-119.92981","146.77274","371.60159","-47.92620","129.62866","907.64923",NA,"P3",29,18
319,3.18,"-61.28087","1503.86694","847.65100","","","","17.73323","1557.51123","661.74414","-182.71298","1523.69702","759.57794","77.66529","1317.54724","566.06104","-271.08362","1326.09399","675.29565","-49.60053","1206.22766","745.05212","-115.25249","1374.68896","574.75159","156.95978","989.79199","546.70093","-348.92715","979.42505","679.19855","218.42007","829.65417","661.39606","-291.12045","808.94189","817.73511","44.09168","842.66370","664.49164","-181.49586","849.97217","782.55005","-158.54498","922.99750","529.05176","-20.29992","436.79422","522.99048","-111.50273","448.63425","854.51849","-117.19910","149.65688","374.81882","-42.85635","129.46603","915.17828",NA,"P3",29,18
320,3.19,"-59.75650","1505.18445","857.36475","","","","20.77303","1557.16589","672.68793","-180.43459","1524.11035","768.34155","80.98466","1317.55859","576.82111","-267.81891","1325.58057","683.49664","-46.86425","1206.83655","756.39203","-112.31014","1374.29248","584.91309","158.60008","988.95996","556.61157","-345.15250","978.08563","687.60065","219.47101","827.69501","669.56830","-288.71835","807.69189","825.79407","47.46175","841.78186","676.55249","-177.36324","849.64679","789.85968","-154.18407","922.62366","539.88190","-15.78784","436.39148","532.48102","-108.25425","448.98477","863.44263","-114.55666","153.10387","378.66412","-40.40749","127.76068","919.08838",NA,"P3",29,18
321,3.2,"-57.77000","1506.30237","867.06537","","","","23.22111","1557.53247","682.32391","-178.57898","1525.24426","777.75427","84.29586","1317.69971","587.70776","-265.62527","1325.33142","692.80640","-44.18511","1206.74219","766.23236","-109.26087","1374.62146","595.06525","160.17958","988.65900","565.73889","-342.27652","977.87421","696.64514","220.51614","826.26135","677.24561","-286.14313","806.21820","834.24957","52.45814","842.37952","689.27856","-174.53294","850.62378","803.12726","-149.10393","922.23132","550.33984","-10.25741","436.03549","543.82080","-103.96679","449.81113","871.90179","-111.23802","157.30014","383.03162","-39.12396","125.80429","923.01617",NA,"P3",29,18
322,3.21,"-56.03457","1507.84216","876.91388","","","","25.86169","1557.95496","693.00317","-176.12465","1526.04297","786.52966","87.60118","1318.14490","598.05731","-262.46454","1325.20789","702.39203","-41.18563","1207.20251","776.89050","-106.13815","1374.41138","605.28888","161.99341","988.52350","575.38593","-338.25858","977.32233","705.36084","221.50031","825.08972","685.66412","-284.16779","805.74182","842.26923","55.20175","842.08856","701.27631","-171.24675","851.54034","814.55518","-144.59227","922.33154","561.25543","-4.42970","436.18030","555.24451","-98.88808","452.61462","880.81580","-108.67228","161.01759","387.72064","-37.09136","125.60760","927.22864",NA,"P3",29,18
323,3.22,"-54.55294","1509.54517","886.79156","","","","28.39043","1559.07788","702.74744","-174.01118","1527.02087","795.68982","90.71336","1319.03625","608.24792","-260.02200","1325.71265","712.02435","-39.13958","1208.92468","787.44159","-103.15496","1375.26270","614.32373","163.25027","988.88483","585.47272","-335.45239","977.63049","714.24493","222.12383","824.32239","693.13879","-281.67853","805.13483","850.40942","58.89176","842.89197","714.93481","-167.13045","851.73175","823.49194","-139.46333","922.56482","572.34308","1.90463","435.40411","568.12970","-93.33620","454.68088","890.90027","-104.81791","166.52112","393.05377","-36.07325","125.52604","930.78143",NA,"P3",29,18
324,3.23,"-52.71059","1511.30261","896.58606","","","","","","","-172.02959","1528.70947","805.01361","93.98138","1320.20923","619.54547","-257.59872","1326.42883","721.65594","-36.09480","1210.03906","798.11041","-99.92935","1376.35486","624.28088","164.69368","989.55573","594.40387","-332.69656","978.83887","723.33356","222.94716","823.70660","701.10260","-279.56940","805.01038","858.89465","62.62803","843.59460","727.12341","-165.82051","855.66547","836.45923","-134.68425","923.71887","583.37134","9.59286","435.44620","580.98926","-88.66837","455.95514","900.46814","-100.38101","172.01189","399.68542","-35.61660","125.51501","934.57471",NA,"P3",29,17
325,3.24,"-50.63716","1513.12341","906.25012","","","","","","","-170.09831","1530.30957","814.62213","96.97533","1321.88098","629.68506","-255.03453","1327.65564","730.17944","-33.92867","1212.42529","808.17578","-97.39400","1378.02319","633.48340","166.21779","990.94147","604.46283","-329.32782","979.37207","732.48077","223.64316","823.11230","708.71240","-277.27570","805.63617","867.13916","65.69926","844.92645","740.19513","-162.70477","857.55981","845.93164","-129.57213","925.48499","594.25891","17.33281","436.26669","594.62262","-85.81104","456.41846","909.57501","-94.56221","176.40440","408.09750","-34.24785","124.87746","936.76392",NA,"P3",29,17
326,3.25,"-48.67342","1515.24658","915.86401","","","","","","","-167.86107","1532.30103","823.96075","100.16624","1324.05237","639.77545","-252.56726","1329.40295","739.07141","-31.61897","1215.25745","819.12616","-95.79257","1380.07056","645.10809","168.14006","992.36157","614.58075","-326.28812","981.70844","742.27924","223.92635","823.59436","716.17450","-275.21747","806.35425","875.72223","67.84467","847.26587","753.82581","-160.47224","860.20758","855.44214","-124.42696","927.62360","604.47192","25.89845","435.79929","610.17242","-83.52802","456.99399","917.01398","-89.90739","181.90031","417.36813","-34.09413","125.29411","938.62787",NA,"P3",29,17
327,3.26,"-47.29727","1517.09900","925.78070","","","","","","","-165.99489","1534.32788","833.09448","103.29375","1326.40796","650.25464","-250.15508","1331.47607","747.85364","-29.26537","1218.28027","829.73584","-91.18938","1380.87793","653.28088","169.52069","994.90240","623.42877","-322.41168","983.17896","751.16327","224.13611","823.92200","724.07568","-273.44409","807.91632","884.09747","70.14612","848.56165","765.97510","-158.45703","863.65802","865.67743","-119.28358","930.06439","614.94281","35.75326","436.38800","626.14319","-82.47573","458.59225","924.13739","-85.18858","188.25459","427.70709","-33.76614","125.09082","940.99561",NA,"P3",29,17
328,3.27,"-44.94604","1518.62000","935.12195","","","","","","","-163.82562","1536.72766","842.35364","106.11092","1328.88184","660.85126","-247.20459","1333.56824","756.01526","-26.83884","1221.47595","840.06018","-87.93626","1383.16138","662.99835","171.48741","996.83044","633.30188","-319.18137","985.50031","760.74799","224.02899","824.50183","732.59045","-271.11276","809.58643","893.16547","73.47710","850.88757","780.45361","-157.25774","866.24542","876.12744","-114.43359","932.40173","624.95050","45.44632","435.83157","644.04840","-82.00248","460.39645","929.32678","-78.17168","194.34010","439.82776","-33.43186","125.65834","942.48578",NA,"P3",29,17
329,3.28,"-42.70575","1520.24243","944.44135","","","","","","","-161.99745","1538.47961","851.79333","109.26886","1331.47046","671.66461","-244.61398","1335.91479","764.97858","-24.90995","1224.25110","850.27869","-85.57094","1385.46753","672.03625","173.04707","999.45227","642.68115","-316.34940","988.09918","769.47845","224.09297","825.78412","740.26086","-269.03751","812.08679","902.28076","74.90131","853.08850","791.70905","-156.12552","869.70673","885.34424","-109.09324","935.01080","634.98865","55.33840","435.67319","662.71014","-82.45142","461.62170","934.03113","-70.74832","201.43665","451.51260","-32.81827","125.34225","943.72833",NA,"P3",29,17
330,3.29,"-41.50179","1521.78247","954.09576","","","","","","","-160.06331","1540.11426","861.26868","112.45261","1334.36963","681.90778","-241.50642","1338.06628","772.66010","-22.23115","1227.59460","860.65094","-82.44538","1387.10498","682.00366","174.82678","1002.03522","652.52795","-313.79935","991.03491","778.12897","224.64912","826.64172","747.88513","-266.46393","813.87671","911.22754","77.13541","855.80688","804.10913","-154.31418","872.50079","895.12598","-105.14527","937.09949","644.60120","64.39586","435.44534","682.32092","-82.87981","462.07990","939.10413","-63.56406","208.71240","465.02991","-33.44181","125.66595","944.99805",NA,"P3",29,17
331,3.3,"-39.78096","1523.45361","963.40161","","","","","","","-157.22772","1541.73596","869.59131","114.98593","1336.64941","691.92810","-238.81425","1340.42151","781.85291","-20.23212","1230.42969","870.80176","-79.21243","1388.89771","691.28027","176.63211","1004.42676","661.54657","-310.91483","993.34119","787.62909","225.43629","827.67487","756.47186","-264.23477","816.59460","920.66107","79.11521","858.00995","815.69342","-153.01024","875.87793","903.88293","-100.18626","939.01837","654.14972","73.32510","435.40759","701.91400","-82.99722","461.65579","943.41077","-55.95550","215.14999","479.10748","-33.03378","124.78900","945.66418",NA,"P3",29,17
332,3.31,"-37.86386","1524.73914","972.82367","","","","","","","-155.21794","1542.88452","878.72571","118.46429","1338.98926","701.99542","-235.60872","1342.12842","789.81549","-17.82864","1232.74524","881.15515","-75.83884","1390.53772","700.87555","178.51508","1006.27625","670.94757","-308.12494","995.81793","796.17957","225.95163","829.26202","764.94971","-262.23425","818.87000","930.18713","81.06191","859.36633","826.41217","-151.26662","877.16095","913.39722","-96.22121","940.24878","663.84454","82.00340","435.54965","722.73529","-82.53724","460.38388","948.04199","-47.14629","221.97430","493.39148","-33.51618","125.49931","946.68164",NA,"P3",29,17
333,3.32,"-35.92834","1526.29773","982.29858","","","","","","","-153.54225","1544.48975","888.01099","121.53997","1341.19897","712.22064","-232.93507","1344.21753","799.25482","-15.34035","1234.51990","890.40576","-72.19979","1392.10559","709.39453","180.29884","1008.23938","679.92114","-305.53275","997.68488","805.23431","226.94574","830.04205","772.95593","-259.59375","820.72443","940.22632","83.50249","861.56128","836.48456","-149.90460","878.93237","921.88354","-92.87673","941.95612","672.63208","90.68366","435.52139","744.08203","-81.78751","459.33575","952.52075","-38.39685","229.17711","510.18634","-33.75012","125.26910","947.01788",NA,"P3",29,17
334,3.33,"-34.16311","1527.95239","991.75531","","","","","","","-150.46313","1545.54224","896.58618","124.81263","1342.41382","722.10284","-229.92632","1345.62183","807.63409","-13.16339","1236.86401","900.26758","-70.12640","1394.02661","719.79706","182.68512","1009.89966","688.93115","-303.23175","999.09406","814.53394","228.46700","831.02643","781.63623","-257.71628","822.91986","949.99799","86.63511","863.69397","847.10297","-148.49556","879.62549","929.91730","-89.21072","942.80560","681.56622","99.07581","436.52747","765.09595","-81.89922","458.62030","956.29486","-29.95275","234.76805","527.16650","-32.96731","124.34354","947.64038",NA,"P3",29,17
335,3.34,"-32.49693","1529.95496","1001.34882","","","","","","","-149.00336","1547.15076","906.02509","128.10825","1343.96765","732.36957","-226.78937","1347.35449","816.87946","-9.91420","1238.58899","910.77264","-65.69308","1394.60950","728.44092","184.90944","1011.11438","698.03290","-300.96838","1001.20227","823.58551","229.68704","831.93909","790.79419","-255.56284","825.11005","960.12305","88.52421","864.34332","857.10028","-146.00697","880.02875","939.12250","-86.49254","943.58636","690.94702","107.16691","438.20352","785.86444","-81.15615","457.45050","959.83636","-20.67649","240.55603","545.09088","-32.84615","124.23994","947.92529",NA,"P3",29,17
336,3.35,"-30.47803","1531.30713","1010.99127","","","","","","","-146.10602","1548.52747","914.52673","130.73509","1344.86292","741.82947","-224.15215","1348.94165","826.03375","-7.68195","1239.41516","919.27203","-63.90886","1396.81885","737.74402","187.48360","1011.71313","707.65863","-298.89444","1002.28656","832.73523","230.85451","832.44653","799.35773","-253.65804","827.24158","970.45941","91.29321","866.48511","866.36401","-144.31757","879.92053","947.48041","-83.69642","944.55756","699.29419","115.21315","440.58337","807.16370","-81.21211","456.87305","962.72949","-11.67888","245.26447","564.46448","-32.74437","124.14206","948.17578",NA,"P3",29,17
337,3.36,"-28.38840","1532.60339","1020.42932","","","","","","","-143.80560","1549.79358","923.80859","133.86455","1345.95361","752.12549","-221.42924","1350.09204","834.98889","-5.21372","1240.34668","928.50958","-60.85531","1398.01697","747.15900","189.91040","1012.79993","716.13794","-296.78906","1003.61078","842.88745","232.88260","833.63574","807.93994","-251.00562","829.03210","980.12671","93.65213","867.06958","875.65863","-142.90083","879.40497","955.85968","-80.98384","945.26709","708.53479","122.66767","443.31744","828.37842","-81.10622","456.93460","965.93518","-2.27908","250.16721","583.13794","-32.42237","124.46059","948.58179",NA,"P3",29,17
338,3.37,"-27.16990","1534.35046","1030.03894","","","","","","","-142.10690","1551.05042","932.99634","136.69398","1346.99023","760.70563","-218.95418","1351.41394","844.47150","-2.56362","1240.45496","937.91650","-57.61163","1399.62683","756.20813","191.92542","1013.46661","724.81769","-295.43497","1005.06543","852.31061","231.97339","832.38391","817.69202","-248.93585","830.99585","990.77527","96.69154","868.49139","884.51733","-141.28241","879.89386","964.11743","-78.87009","946.23224","716.62256","129.35933","446.27600","850.40936","-80.11426","457.06589","968.92761","6.76687","254.37509","602.09924","-31.84038","124.27093","949.08771",NA,"P3",29,17
339,3.38,"-24.53619","1535.09851","1039.42126","","","","","","","-139.54953","1552.32666","941.71295","139.72035","1347.23206","770.43707","-216.03780","1352.77502","853.15302","0.53277","1241.64270","946.72089","-54.81413","1400.40100","765.13483","194.41815","1014.08911","734.67664","-294.28360","1006.86182","862.26367","234.37361","832.81024","826.81049","-246.55783","832.71844","1000.90295","99.39048","869.91437","894.18268","-139.27179","879.68475","971.27661","-76.76517","946.87164","725.17975","135.83058","449.16241","871.17267","-79.87461","457.58499","972.86053","16.59248","257.79611","621.83337","-31.62909","124.70656","949.87402",NA,"P3",29,17
340,3.39,"-22.24056","1535.64600","1048.76172","","","","","","","-137.26065","1553.09424","951.01099","142.14328","1347.96423","778.69739","-213.60422","1354.26343","862.41931","2.63665","1241.49231","955.57294","-51.39498","1401.52722","773.70062","197.21150","1014.66644","743.03534","-292.44516","1007.78729","872.42780","236.58069","833.98425","836.20770","-244.02664","834.56256","1010.96948","102.36364","871.08917","902.52112","-137.22107","880.82410","979.65167","-74.39959","947.83472","732.99713","141.62877","452.35016","893.50531","-78.62363","457.84250","975.96185","26.04570","260.64926","642.48077","-31.28382","124.51837","950.41046",NA,"P3",29,17
341,3.4,"-19.51890","1535.98328","1057.85889","","","","","","","-134.25624","1553.81226","959.62885","145.11455","1348.08325","788.73352","-211.06195","1355.06824","870.57782","4.76939","1241.80945","964.33234","-48.44824","1402.62195","782.60455","199.47453","1015.04541","752.20813","-291.01489","1009.30029","882.09912","238.29114","834.33124","845.63623","-241.89175","836.98621","1021.38666","105.11248","872.60156","911.73358","-134.96588","881.15454","986.29114","-72.52208","948.91162","741.32117","146.50372","455.58420","914.79095","-78.21558","458.07266","979.52203","36.15303","262.95480","662.90857","-31.12374","124.73521","951.18994",NA,"P3",29,17
342,3.41,"-18.22941","1536.48596","1067.40308","","","","","","","-132.52928","1554.78162","969.46344","147.79010","1348.48169","797.29987","-208.66467","1356.64111","879.82581","7.17622","1242.15393","972.81696","-45.38869","1403.45642","791.54218","201.87094","1015.20667","761.32349","-289.01563","1010.59338","891.78101","240.01006","834.97247","855.80737","-239.21667","838.60693","1031.60620","107.52477","873.86743","920.68372","-133.73009","882.41663","994.05304","-69.56989","949.88525","749.23041","151.32249","459.46072","935.59540","-77.50225","458.00430","981.36743","45.19907","263.01703","685.17688","-30.90480","124.72180","951.52850",NA,"P3",29,17
343,3.42,"-15.60611","1536.39087","1076.58984","","","","","","","-130.03242","1555.66992","978.33563","150.40764","1349.03735","807.55640","-206.22551","1358.05176","888.67474","9.65848","1242.08691","981.10712","-43.24052","1404.97107","800.33099","203.79591","1015.34662","769.93774","-287.00748","1012.11279","901.47217","242.82359","836.09473","864.99652","-236.80127","840.58173","1041.96509","108.69541","874.88550","929.24530","-131.71291","882.62268","1001.00873","-66.95002","951.32562","756.82867","155.98177","463.75027","956.53613","-76.89845","458.01294","985.70227","54.97829","263.59860","707.11792","-33.08751","125.73171","951.87988",NA,"P3",29,17
344,3.43,"-13.92772","1536.64319","1085.98022","","","","","","","-127.40192","1556.33643","987.15289","153.05219","1349.38147","816.32635","-203.80064","1359.08093","897.22760","11.63403","1242.76636","988.99908","-40.59727","1406.09045","808.51538","206.70277","1015.89569","779.28918","-285.75400","1013.41901","911.07953","245.81053","836.73901","875.17389","-233.88170","842.04132","1051.01367","110.99117","876.79419","938.80347","-130.05826","883.90759","1008.16144","-63.54330","952.70764","764.40460","158.96106","468.33661","977.34656","-75.62304","456.86600","987.34290","64.69909","263.00620","729.88916","-32.83480","125.70636","952.13458",NA,"P3",29,17
345,3.44,"-11.81611","1536.43005","1095.29053","","","","","","","-125.50153","1556.78845","996.30573","155.40125","1349.42505","825.24274","-201.23747","1360.30908","905.18854","13.50952","1242.96167","998.20721","-37.58481","1406.44836","818.18317","209.17708","1016.06616","789.10797","-283.53195","1014.18878","920.91980","247.01547","836.97284","885.41193","-231.96837","844.62946","1062.26208","112.79237","878.67999","947.06213","-128.80812","885.03619","1015.03314","-60.01713","953.86444","772.06238","161.97661","472.59076","997.61230","-75.68554","458.19751","991.17694","75.56821","261.12198","753.61987","-32.79475","125.88599","952.66968",NA,"P3",29,17
346,3.45,"-10.15041","1536.35400","1104.64160","","","","","","","-122.95056","1557.42102","1005.16425","157.97258","1350.20264","834.21350","-199.24280","1361.49939","914.04974","15.20691","1243.67505","1006.12488","-34.35012","1407.43469","826.49396","211.42194","1016.48291","798.38434","-281.67386","1015.59973","929.59393","250.47688","838.19177","895.23328","-229.28351","846.53357","1071.92236","114.82153","880.15710","956.46997","-127.44566","885.57135","1022.34235","-56.58113","955.22150","779.11365","164.62383","477.19424","1017.89728","-74.67857","457.84390","993.39233","83.65616","258.39343","777.01917","-32.44553","125.76511","952.99170",NA,"P3",29,17
347,3.46,"-7.99073","1536.38464","1113.84448","","","","","","","-120.10764","1557.64136","1013.96436","160.27563","1350.54553","842.79309","-196.37358","1362.43176","921.70007","16.72533","1243.94458","1014.48273","-32.15552","1408.27136","835.54956","214.56581","1017.01892","807.06860","-279.98822","1017.31903","939.02759","252.44962","838.82642","904.55011","-226.97180","848.41736","1081.91162","116.05357","881.86560","966.40118","-126.25275","886.23102","1029.20288","-52.41077","956.19373","786.74408","166.77644","481.87393","1037.86523","-73.57835","457.03561","996.05939","92.77672","255.65472","800.78595","-32.33495","125.86411","953.18237",NA,"P3",29,17
348,3.47,"-5.66634","1535.90540","1123.04810","","","","","","","-118.72504","1558.35522","1023.17938","162.99669","1350.90479","851.91577","-194.14223","1363.73926","930.18616","17.82277","1244.20508","1022.02148","-29.37366","1408.75220","843.83643","216.93460","1017.47089","816.65314","-277.99771","1017.84802","948.32861","254.75874","839.41901","915.02527","-225.08353","850.68982","1092.38037","117.49375","883.32935","974.93042","-125.37601","886.94464","1036.30103","-48.64801","956.80402","794.20764","168.66629","486.47354","1056.79358","-73.44173","457.53931","999.26282","101.32278","251.95721","825.38129","-32.15351","125.83289","953.40271",NA,"P3",29,17
349,3.48,"-4.38471","1535.73889","1132.36633","","","","","","","-115.89728","1558.50378","1032.02405","165.45137","1351.42151","861.32422","-191.79900","1364.74878","938.19800","19.40323","1244.83350","1030.92639","-27.24023","1409.98193","852.65424","219.57898","1018.00299","826.64929","-276.44141","1019.87762","956.67041","257.95932","840.67657","925.27911","-222.73828","851.93536","1100.64221","119.07471","885.43390","984.47388","-124.41404","887.84467","1043.59680","-44.91050","957.81177","801.83881","169.53308","491.24826","1074.81909","-72.41235","456.85587","1001.85284","110.48911","247.63290","850.71777","-32.08030","126.41891","954.16095",NA,"P3",29,17
350,3.49,"-1.78165","1535.53101","1141.44714","","","","","","","-113.49741","1558.78296","1040.86707","167.46008","1351.87585","869.37921","-189.48232","1365.73352","945.98004","21.68764","1245.00818","1039.10889","-24.49511","1410.42224","860.99023","222.20271","1018.40070","835.59308","-273.59467","1020.15277","965.74969","260.53171","841.25092","935.00562","-220.39267","853.97614","1111.06067","120.39087","886.66370","993.62036","-123.41830","887.69562","1050.60901","-40.67602","958.18750","809.19073","171.23610","495.63187","1091.42212","-71.85381","456.43765","1005.26727","118.16007","242.33708","875.93231","-31.70615","126.72101","954.54041",NA,"P3",29,17
351,3.5,"0.37165","1535.13391","1150.48218","","","","","","","-110.68775","1558.62292","1049.67419","169.79088","1352.10046","878.50378","-187.05263","1366.72729","954.04016","23.02223","1245.60059","1047.64417","-21.76374","1411.15698","870.10150","224.98325","1019.03253","845.49591","-272.32034","1021.73315","973.71222","263.27756","842.06055","945.76099","-218.62225","856.12122","1121.25269","121.90049","887.71234","1002.79657","-123.28723","886.10742","1056.04553","-37.63337","958.70203","817.13977","171.94749","499.67603","1107.25159","-70.17112","456.24362","1008.08704","127.05951","237.30290","901.76935","-31.38120","126.84269","954.95044",NA,"P3",29,17
352,3.51,"2.41536","1534.69067","1159.66626","","","","","","","-107.88155","1558.44714","1058.55676","172.09586","1352.62048","887.14471","-185.05193","1367.56616","962.24738","24.99740","1245.75793","1056.15002","-19.24887","1411.67944","878.62561","227.74872","1019.23267","854.80481","-270.19788","1022.00226","983.09985","266.35928","843.30505","956.21277","-216.63304","858.18506","1130.29578","123.50761","889.70380","1012.87799","-122.27493","886.42847","1061.79944","-33.94338","959.15240","824.80438","172.77341","503.66751","1123.36768","-70.00908","456.54672","1011.76691","135.05801","230.73930","928.58002","-31.02520","126.82895","955.40491",NA,"P3",29,17
353,3.52,"4.66528","1534.10681","1168.81165","","","","","","","-106.22312","1558.92554","1067.67346","174.70903","1352.83398","897.13623","-182.31287","1368.20703","969.78656","26.50338","1245.73853","1064.16357","-16.45775","1412.22290","887.60223","230.55321","1019.72955","864.40454","-268.99081","1024.01196","990.91895","268.84128","843.86322","966.04852","-214.37825","859.64594","1139.50171","124.56927","890.37292","1021.37225","-121.98660","887.76373","1070.04834","-31.06510","959.40704","832.79034","172.75281","506.10364","1137.85303","-68.65238","455.64566","1014.66656","142.91896","224.53445","954.93561","-30.70880","127.20730","955.83197",NA,"P3",29,17
354,3.53,"6.48253","1533.95801","1177.81494","","","","","","","-103.93022","1558.92773","1076.59949","177.21581","1352.94507","905.40967","-180.50667","1368.61572","978.10419","28.26274","1246.07373","1072.78247","-13.52024","1412.18005","896.10608","233.19545","1019.34241","873.59583","-267.22131","1024.27661","1000.14508","271.13992","844.62915","977.06769","-212.75113","860.52155","1149.52295","126.85973","891.65643","1031.19641","-120.69534","885.74084","1074.15027","-28.32216","959.96936","840.18390","172.74550","509.47794","1151.85596","-67.94241","456.40207","1018.64990","150.47884","218.01875","982.42432","-30.36351","127.19071","956.28070",NA,"P3",29,17
355,3.54,"8.48845","1533.39392","1187.03931","","","","","","","-101.85026","1558.77014","1085.66003","179.39008","1352.91797","915.21851","-178.34842","1369.22339","986.26166","30.13542","1245.95020","1081.67334","-11.34481","1412.72034","904.99103","236.08580","1020.23016","883.45581","-264.80011","1024.42468","1008.22131","274.37314","845.12738","986.65295","-210.80064","861.94000","1158.88940","128.55362","893.13654","1040.44641","-119.54282","885.32129","1079.00793","-25.18675","960.27435","847.98303","172.36932","510.86981","1164.08215","-66.18354","455.40601","1022.11450","157.60892","210.95535","1010.61597","-30.29169","127.77853","957.50537",NA,"P3",29,17
356,3.55,"10.26401","1532.68579","1196.19312","","","","","","","-99.31657","1558.52991","1094.57263","182.05141","1352.82446","924.94659","-175.77640","1369.65002","994.24738","31.98887","1245.43677","1089.89490","-8.66044","1412.88464","913.40887","238.86110","1020.07867","892.91229","-263.29156","1024.80603","1016.48804","277.18549","845.46558","997.09167","-208.86070","863.10706","1167.78564","130.07903","893.57916","1050.62341","-118.80621","884.61774","1086.02991","-22.93324","960.55884","856.22235","174.16866","513.76434","1176.23389","-65.46707","455.52014","1026.46521","164.17209","204.46329","1038.82458","-30.02800","127.87537","957.83740",NA,"P3",29,17
357,3.56,"12.32028","1531.97607","1205.31750","","","","","","","-97.91750","1558.42871","1103.63477","184.58746","1352.54688","934.02557","-173.74121","1369.48572","1002.24927","33.46017","1244.96375","1098.38245","-6.12585","1412.95410","922.60168","241.92778","1019.87018","902.55829","-261.62677","1025.32935","1024.42590","279.18246","845.94794","1007.29370","-206.94298","863.74652","1176.73145","131.71233","894.11139","1061.08887","-117.69018","884.38232","1094.55737","-20.00907","960.96338","864.22766","173.20717","513.99506","1187.19604","-64.20004","455.19931","1030.14526","170.87459","198.53807","1067.36047","-29.75899","128.08046","958.20288",NA,"P3",29,17
358,3.57,"14.05878","1531.05237","1214.53406","","","","","","","-95.98771","1557.81860","1112.68823","186.65630","1352.47656","944.68384","-171.41869","1369.43323","1010.42535","34.75823","1244.50916","1107.53516","-3.89943","1412.75000","931.13049","244.76727","1020.11688","912.61591","-259.43588","1025.11548","1032.89026","282.33945","846.29901","1017.48694","-205.74916","864.78424","1186.02234","132.98378","894.09686","1070.19690","-116.27471","886.05396","1102.61694","-17.06413","960.72296","871.79266","173.84355","514.69891","1196.98523","-63.03179","454.42389","1033.71582","176.87288","192.60355","1096.61218","-29.38578","128.21284","958.62958",NA,"P3",29,17
359,3.58,"15.67224","1530.32629","1223.61829","","","","","","","-93.60562","1557.43152","1121.45789","189.54547","1351.82861","954.50867","-169.33157","1369.52112","1018.53534","36.08546","1243.81421","1115.89063","-1.16642","1412.50073","940.40436","247.62558","1019.62433","921.84723","-257.66614","1025.17590","1040.54883","284.85678","846.53265","1028.60913","-203.72624","865.14752","1194.44849","132.27692","891.78119","1076.82410","-115.24197","884.91852","1109.06567","-13.60742","960.89282","879.59821","175.17622","515.41632","1206.78198","-62.53349","454.07745","1038.29626","182.49261","186.75664","1124.56396","-29.18362","128.38898","959.45288",NA,"P3",29,17
360,3.59,"17.71897","1529.43274","1232.73315","","","","","","","-91.82901","1556.68762","1130.36218","191.87936","1351.39258","964.62054","-167.34383","1369.21924","1026.54163","37.61963","1242.68469","1124.89941","1.37880","1412.12219","949.23248","250.61496","1019.49396","932.14581","-255.31000","1024.27307","1048.56116","287.71310","846.21356","1038.08093","-201.92329","865.19812","1203.06201","133.20442","891.49951","1086.39868","-114.37094","882.90601","1112.46423","-10.46929","960.80304","887.64362","174.77760","514.13385","1215.37573","-61.19989","453.75381","1041.57202","187.26131","182.41580","1153.19238","-28.98974","128.64801","960.13690",NA,"P3",29,17
361,3.6,"19.08088","1528.54639","1241.83777","125.09074","1590.88367","1075.12048","","","","-88.93712","1555.45190","1139.21448","193.94057","1350.60840","975.39252","-165.32799","1368.61426","1034.55359","39.08509","1241.69153","1133.84265","4.26713","1411.56445","957.92456","253.86113","1018.95013","941.78802","-253.53374","1023.71600","1056.23462","290.09415","846.10333","1048.56238","-200.56999","865.67944","1211.95007","134.70200","890.59399","1095.06152","-114.02721","882.42950","1120.17896","-6.77237","960.32605","895.81750","175.96086","512.58209","1223.11292","-60.50853","452.93219","1046.31201","191.63121","178.36148","1181.17627","-28.81262","129.01073","960.78851",NA,"P3",29,18
362,3.61,"20.81833","1527.67224","1250.98706","128.53535","1589.18604","1082.63660","","","","-87.00267","1554.55237","1148.04395","196.28430","1349.78687","984.94580","-163.64514","1368.15979","1042.49707","40.22449","1240.77698","1142.50134","5.79532","1411.20581","967.59039","256.55432","1017.92523","951.78815","-251.28644","1022.68903","1064.07019","292.47272","845.42212","1059.43958","-198.69888","865.60168","1220.37061","135.88004","889.61536","1105.06885","-112.47348","882.70612","1129.54980","-3.94540","960.00562","904.20398","175.91063","510.21652","1230.34802","-60.41659","452.87637","1050.47070","195.34863","175.33163","1209.32471","-28.30416","129.66402","961.39337",NA,"P3",29,18
363,3.62,"22.51667","1526.45862","1260.08240","129.94489","1588.39880","1092.87317","","","","-85.08153","1553.77600","1156.79871","198.83098","1349.13257","994.72711","-161.42804","1367.25830","1050.55872","41.65633","1239.87097","1151.57458","9.01871","1409.97791","975.88739","259.84006","1018.17090","961.73645","-250.03136","1022.62640","1071.79419","294.98120","845.00867","1069.23975","-197.13641","864.81104","1228.86780","137.22977","889.06305","1115.59949","-111.67777","884.24506","1138.29822","-0.69128","959.05170","912.62408","176.27303","507.72015","1237.17932","-59.64426","452.40988","1054.97510","197.69273","173.45782","1236.79688","-27.89282","130.19087","962.00525",NA,"P3",29,18
364,3.63,"24.08257","1525.00293","1269.30750","131.86229","1587.07703","1102.69104","","","","-83.11472","1552.51733","1165.64697","200.95691","1348.30200","1005.28394","-159.34567","1366.09656","1058.59460","43.14478","1238.62561","1161.15649","11.73493","1408.87378","985.19513","262.31659","1016.82208","972.13910","-247.48282","1021.02380","1079.75134","297.37421","844.22485","1079.66675","-195.60075","864.21832","1236.76550","138.86171","888.06189","1124.63843","-110.74337","883.02325","1144.59790","2.08764","958.48767","920.91089","176.90125","505.35663","1244.87366","-59.01863","451.85959","1059.26416","199.71463","171.94640","1263.07605","-27.02297","129.79111","962.75824",NA,"P3",29,18
365,3.64,"25.69283","1523.57751","1278.41895","133.83069","1585.96240","1112.28833","","","","-81.43951","1551.40125","1174.48535","203.43938","1347.01257","1014.85400","-157.16673","1364.77747","1066.53931","44.65626","1237.37146","1169.71924","13.92687","1408.18921","994.43384","265.35419","1015.55060","982.46716","-245.82352","1019.96460","1086.90698","300.34286","843.27051","1090.31384","-193.83701","863.71539","1244.89063","140.38918","886.71735","1135.39795","-109.69933","881.38037","1151.97290","5.16461","957.26868","929.88538","178.98859","503.01846","1251.55579","-58.28787","451.28513","1063.97107","201.32338","172.51857","1288.62744","-27.71072","130.61598","963.40814",NA,"P3",29,18
366,3.65,"27.37113","1521.93579","1287.56140","135.93016","1584.07678","1121.36060","","","","-79.71162","1550.09412","1183.30981","205.43016","1345.73145","1025.03882","-155.12723","1363.42981","1074.65552","45.87215","1236.30896","1179.04980","16.35489","1406.59021","1003.14734","267.98926","1014.31305","992.52411","-243.29803","1018.51215","1095.20081","302.14822","842.26093","1100.41003","-192.02997","861.89923","1253.25720","141.87527","884.75745","1144.57581","-108.63083","880.01178","1159.19885","8.35124","955.74091","939.26349","179.77681","500.19067","1258.36914","-57.46191","450.14536","1068.70032","202.04977","173.48787","1311.98181","-27.49836","130.82561","963.91327",NA,"P3",29,18
367,3.66,"28.67146","1520.58386","1296.67639","138.62418","1582.38928","1130.34082","","","","-77.85158","1548.67737","1192.06006","207.53313","1344.39661","1035.45422","-153.15631","1362.17517","1082.66553","47.13578","1235.07019","1188.73828","18.66621","1405.10779","1012.34039","270.78860","1013.23926","1003.20831","-241.77917","1017.34924","1102.48425","304.57690","840.25928","1111.35925","-190.94249","860.77222","1261.07996","143.63100","883.27020","1154.62354","-107.68641","878.61987","1165.88513","11.23369","954.49335","947.89154","181.57689","498.60117","1266.54407","-57.15158","449.89877","1073.78674","201.96164","174.96227","1335.04895","-27.42567","131.09538","964.79279",NA,"P3",29,18
368,3.67,"30.19403","1519.07727","1305.88574","140.39259","1581.17480","1139.43372","","","","-75.88744","1547.22058","1200.89819","210.44241","1342.97351","1044.92456","-151.15276","1360.62402","1090.88184","48.94848","1233.54211","1197.67773","21.22638","1403.71387","1021.40869","273.67035","1012.38129","1012.86481","-239.22057","1015.45111","1110.43152","307.42615","839.60675","1121.51233","-189.51718","859.27997","1269.13330","145.54665","881.62531","1165.44348","-106.28593","878.13263","1174.26404","14.28988","953.16620","956.88269","182.11142","496.41281","1273.61182","-55.76588","448.83255","1078.19885","201.17680","176.98906","1355.93213","-27.39410","131.77156","966.24341",NA,"P3",29,18
369,3.68,"31.27993","1517.76221","1315.00525","142.02211","1580.39966","1150.81262","","","","-74.37131","1545.90601","1209.72925","212.13872","1341.57434","1055.62036","-149.24841","1359.19141","1099.13611","50.40947","1232.33972","1207.27515","22.96627","1402.75012","1030.87598","276.33820","1010.70477","1023.86218","-237.45691","1014.09943","1117.69189","309.50861","837.85376","1132.13635","-188.17354","857.62427","1277.17224","146.90143","879.41064","1175.45007","-104.79766","876.67426","1183.64966","17.19654","951.60870","966.28864","182.56070","494.50665","1280.77527","-54.66171","447.67603","1083.62183","200.12560","178.57391","1374.45093","-26.91891","132.16905","966.95648",NA,"P3",29,18
370,3.69,"32.76929","1516.48926","1324.25488","143.50079","1575.02258","1152.50513","","","","-72.60729","1544.57751","1218.56470","214.88065","1339.88403","1064.86731","-147.19269","1357.57129","1107.55615","52.05176","1230.84070","1216.69360","26.19031","1400.78735","1039.76501","278.75671","1009.31091","1034.25916","-234.49879","1011.87994","1125.62476","311.08881","836.06464","1143.00037","-186.78346","855.77832","1284.48975","148.08443","877.76904","1185.34546","-103.54054","875.59985","1191.88965","19.73106","949.90265","975.20398","182.41631","491.81110","1289.01526","-54.12219","446.55051","1089.17883","199.58208","180.30522","1391.74268","-25.83488","131.96030","967.61475",NA,"P3",29,18
371,3.7,"34.21987","1515.32910","1333.42627","145.98596","1574.35010","1163.30664","","","","-71.03462","1543.40051","1227.46472","216.97597","1338.49573","1075.35999","-145.35442","1356.23267","1115.98572","53.37690","1229.55530","1226.29932","28.77025","1399.49768","1048.98315","281.67944","1007.53827","1045.11707","-232.77325","1010.71820","1133.21436","313.77634","834.96643","1153.18005","-185.17934","854.14526","1291.21753","149.90262","875.71448","1195.66626","-102.33022","873.81952","1200.58179","22.95366","948.70825","984.33801","181.05904","490.82028","1298.75427","-53.44298","446.06305","1094.88403","197.80582","181.29419","1406.27747","-26.67373","133.69826","968.87024",NA,"P3",29,18
372,3.71,"35.66562","1514.20337","1342.63611","148.02570","1572.44092","1170.69287","","","","-68.86102","1542.43018","1236.22717","219.28206","1337.01990","1086.49243","-142.85193","1354.87341","1124.28052","54.56282","1228.46069","1236.17041","31.11407","1398.37061","1058.26416","283.87473","1006.46893","1055.54309","-229.74960","1008.60645","1141.18518","315.02719","832.95148","1163.70020","-184.07964","852.06067","1299.39429","151.53352","874.32178","1205.84619","-100.66429","871.72882","1208.06213","26.19739","947.52069","994.12659","180.46198","489.25977","1308.41895","-52.58200","445.08197","1099.69141","196.33302","181.37840","1420.37683","-26.54189","134.09546","970.01178",NA,"P3",29,18
373,3.72,"37.20150","1513.20178","1351.92175","150.37891","1571.52783","1180.86548","","","","-67.39007","1541.49268","1245.20715","221.85684","1335.48157","1096.12634","-140.72801","1353.51050","1132.93628","56.15450","1227.25183","1246.02515","33.40986","1396.98035","1067.55103","286.41281","1004.73108","1066.79333","-227.98889","1007.75745","1148.65491","317.53235","831.57202","1174.17883","-182.66766","849.93683","1306.93750","153.97932","873.20453","1216.59900","-99.24669","870.80450","1217.89893","28.93101","946.24237","1003.45276","179.18288","487.88794","1318.70459","-51.42618","444.53818","1105.03284","194.18871","179.92357","1430.97302","-26.48421","134.67532","970.95746",NA,"P3",29,18
374,3.73,"38.67520","1512.22388","1361.22412","151.78223","1568.98059","1191.12695","","","","-65.60860","1540.55945","1254.25818","223.75107","1334.45215","1106.63110","-138.66904","1352.49695","1141.56335","58.25072","1226.17480","1255.66663","35.64175","1396.08594","1077.29285","288.81497","1002.91199","1077.05078","-225.66220","1006.53278","1156.57825","319.32425","829.83575","1184.46838","-181.39052","848.03009","1314.02966","155.72432","871.79816","1226.94275","-97.75167","869.78595","1227.59583","31.87977","944.72046","1013.62598","178.97502","486.22672","1330.43982","-50.90136","443.82330","1111.29919","191.74155","177.24590","1439.19250","-26.39045","135.97047","972.27100",NA,"P3",29,18
375,3.74,"40.13194","1510.27771","1367.80200","153.72391","1569.47229","1201.17981","","","","-63.94395","1539.63562","1263.25183","226.58318","1333.42126","1116.47620","-136.52882","1351.47607","1150.40820","59.59290","1225.48206","1265.70728","38.11649","1394.80518","1086.37744","291.28333","1002.04395","1087.47974","-223.52521","1005.58588","1163.92822","320.37671","828.04816","1195.26245","-180.07864","846.19818","1320.69922","157.32314","870.02936","1236.99048","-95.80724","868.01862","1236.04431","34.62537","943.92902","1023.19977","178.96854","485.38919","1342.69958","-49.33304","442.60165","1117.16528","188.42633","173.48412","1445.23889","-25.89666","137.12091","973.31921",NA,"P3",29,18
376,3.75,"41.54542","1509.16870","1376.54456","154.26216","1567.62866","1210.94214","","","","-62.41096","1539.00513","1272.41113","228.44565","1332.20410","1126.47400","-134.41508","1350.59131","1159.34070","61.78579","1224.57507","1275.46509","40.59561","1393.78369","1096.01831","293.60016","1001.17480","1098.87512","-220.99596","1004.21130","1171.47998","321.99283","827.06555","1205.46753","-178.98885","844.61835","1327.92773","159.28003","868.66699","1247.65027","-94.05959","867.39313","1246.40356","37.11014","943.02954","1033.89758","177.12070","484.09839","1354.24536","-48.70925","442.68579","1124.02356","185.79553","168.62628","1449.53845","-25.73742","138.28006","975.11389",NA,"P3",29,18
377,3.76,"43.21697","1508.57520","1386.31995","157.39526","1567.17407","1220.53528","","","","-60.62183","1538.15405","1281.52905","231.02530","1331.52637","1138.09424","-132.09465","1349.59460","1168.39526","63.63739","1223.82190","1285.17920","42.96177","1392.35071","1105.82568","295.70068","1000.44983","1109.77417","-218.44800","1003.58618","1179.52478","323.86871","824.75238","1215.68799","-177.40359","842.21350","1334.67725","160.34741","867.79681","1257.96838","-91.76008","866.53308","1254.97864","39.19133","942.19867","1043.69690","177.03682","482.74640","1366.13513","-46.88624","441.87506","1130.00989","182.51558","163.64798","1452.86780","-25.69272","139.96227","977.13721",NA,"P3",29,18
378,3.77,"44.70804","1508.07593","1395.25769","","","","","","","-59.01802","1537.62097","1290.60925","233.35988","1330.60681","1148.26392","-129.71127","1348.89185","1177.52014","65.38224","1223.40869","1295.71143","45.35335","1391.38672","1115.33862","297.52481","999.67993","1120.77478","-216.15948","1002.86884","1187.01086","325.14276","824.22284","1226.09717","-176.31619","840.78748","1341.60901","162.19942","866.65936","1270.48682","-90.25446","865.08832","1265.49658","42.38126","941.10913","1054.68445","175.87935","480.70438","1376.53076","-46.68023","441.44003","1137.55823","180.07600","160.55664","1455.46777","-25.62725","142.12334","978.97113",NA,"P3",29,17
379,3.78,"46.06210","1507.74255","1405.01770","160.92345","1564.92395","1238.67761","","","","-57.01342","1536.91821","1299.66272","234.98363","1329.38818","1158.22839","-127.29683","1348.05432","1186.73816","67.47198","1223.17712","1306.04248","47.91750","1390.56885","1124.84167","299.71561","998.61804","1131.31104","-213.61504","1001.98303","1194.72327","326.77704","822.82410","1236.73022","-174.97871","838.80280","1348.12817","163.90842","865.45813","1281.59424","-89.09109","864.75256","1276.71716","44.72518","940.69391","1065.37646","174.73341","478.85446","1387.21497","-46.18097","441.42627","1145.24084","178.30869","158.57268","1461.47827","-25.48142","143.96414","981.04871",NA,"P3",29,18
380,3.79,"47.51247","1508.12720","1414.53638","163.18359","1565.40601","1248.20520","","","","-55.14785","1536.74438","1308.71082","239.28741","1329.45251","1168.54529","-124.70309","1347.37219","1195.77246","69.21832","1223.20874","1316.72900","50.02142","1389.81519","1134.72241","301.82089","997.73102","1142.15906","-211.29991","1001.28027","1202.17468","327.64615","821.68518","1247.57312","-174.00304","837.14185","1355.03101","165.90865","865.05804","1293.58533","-87.39310","864.33978","1286.75391","47.51062","939.41101","1076.45410","174.91057","477.49216","1395.22412","-44.39491","440.24417","1152.58398","177.39165","158.31979","1469.73193","-24.74714","146.05211","983.27313",NA,"P3",29,18
381,3.8,"48.55982","1508.31396","1424.01538","","","","","","","-53.82515","1536.72241","1317.98474","241.31305","1329.18860","1179.79407","-122.42032","1346.91553","1205.06104","71.55538","1223.21436","1326.62842","52.82639","1389.64392","1143.91394","304.45615","997.13702","1153.24658","-209.03940","1001.33795","1210.59045","329.04031","820.57507","1257.62439","-172.71036","835.38977","1361.93713","167.60390","865.10376","1306.36804","-85.89518","863.39685","1297.42700","50.56042","939.54840","1087.64929","176.33397","477.00137","1403.35181","-42.84483","439.63745","1161.11633","177.45435","156.87708","1476.52991","-24.79105","148.20009","986.05188",NA,"P3",29,17
382,3.81,"49.85461","1508.96509","1433.96667","166.89011","1570.49390","1273.75098","","","","-52.07328","1536.76440","1327.31982","243.98647","1328.70715","1189.06787","-120.31230","1346.91467","1214.11719","73.93046","1223.81531","1336.82190","55.28795","1389.73914","1154.13318","306.63742","996.67737","1163.79504","-206.93076","1001.02344","1217.86523","330.13428","819.70557","1269.08838","-171.40700","833.92645","1367.56897","168.87854","864.78693","1317.54724","-84.77143","862.45905","1308.56982","52.86251","939.34473","1098.49048","177.08846","476.98785","1412.27222","-41.98181","438.89792","1170.57825","177.55496","154.62904","1480.50793","-24.51058","151.13293","988.80267",NA,"P3",29,18
383,3.82,"51.13256","1510.27063","1443.32800","168.24522","1570.61133","1283.80383","","","","-50.77209","1537.45715","1336.53430","246.77277","1329.03284","1200.81995","-117.97658","1347.06042","1223.14307","75.87679","1224.33203","1347.57935","58.10817","1389.58875","1163.78894","308.30661","996.47430","1174.52576","-204.35469","1001.37823","1226.67053","331.49869","819.12988","1278.68054","-170.16844","832.96808","1374.73901","169.79672","865.16504","1330.44458","-83.15636","862.51465","1318.70044","55.05764","939.47357","1110.85522","177.47870","477.28210","1421.02063","-40.88594","438.45645","1180.31946","178.65189","153.26160","1484.09473","-23.85698","154.50458","992.60596",NA,"P3",29,18
384,3.83,"52.41959","1511.21948","1452.46387","169.75693","1572.78186","1293.13892","","","","-48.76842","1538.00476","1345.48425","249.08260","1328.96252","1211.68762","-115.65827","1347.79712","1232.08228","77.69033","1225.32983","1357.97546","60.64897","1390.71472","1173.63000","309.94995","996.26398","1185.95056","-202.12932","1001.29956","1233.60425","332.40915","818.69800","1288.72302","-168.36877","832.29462","1381.70203","170.94978","866.48279","1342.64368","-82.38134","862.62878","1330.66479","57.07769","940.28455","1121.02466","179.09320","477.52051","1432.49878","-39.58391","438.13193","1191.34290","179.58049","153.30486","1488.82727","-23.58377","157.85974","996.02795",NA,"P3",29,18
385,3.84,"53.00990","1513.01099","1462.55737","171.31001","1574.18567","1303.67432","","","","-48.43092","1539.39490","1354.70410","252.25005","1329.51001","1222.06409","-113.40291","1348.82129","1240.90198","79.03519","1227.19482","1368.53223","63.58433","1391.43237","1183.31091","312.18350","996.87170","1196.68921","-199.35513","1002.29401","1242.31104","333.15604","819.02179","1300.01416","-167.23750","831.79315","1388.08679","172.01994","867.65887","1354.18494","-81.11624","861.98743","1341.45544","58.74427","941.47406","1133.33240","180.65082","479.42014","1442.96094","-38.57341","437.07800","1203.55432","180.49205","152.99371","1491.61047","-23.03569","162.37791","1000.26202",NA,"P3",29,18
386,3.85,"53.19116","1515.10559","1473.25061","173.08640","1575.72131","1314.13513","","","","-47.14618","1540.33069","1363.93909","254.62769","1330.85303","1233.23682","-111.04710","1350.27209","1249.80750","80.70451","1228.72925","1378.59802","66.27386","1393.33911","1193.22314","313.82098","997.82782","1207.94324","-197.36964","1004.23541","1250.18213","334.51587","819.38678","1310.00183","-165.93723","831.87415","1394.43738","172.86249","870.55145","1366.32336","-79.98627","865.11694","1358.20056","60.16267","942.49951","1144.45532","181.71384","480.85205","1452.12000","-38.10813","437.42044","1217.57129","181.68938","152.48196","1494.87268","-22.76712","166.79959","1006.48956",NA,"P3",29,18
387,3.86,"54.23182","1516.63123","1482.15918","174.55748","1577.89648","1324.90076","","","","-45.41006","1541.23560","1371.50879","257.18085","1332.48169","1243.67896","-108.93755","1352.30627","1258.54297","81.86382","1230.81921","1388.33191","68.36034","1394.99390","1202.99622","316.48230","999.61530","1219.68164","-195.69864","1005.55493","1257.76221","334.78864","820.23828","1320.57410","-164.64313","832.69257","1400.80469","173.65825","872.72809","1377.18726","-78.72530","865.39777","1369.18408","60.09724","944.36066","1155.96790","183.58789","482.68582","1460.93896","-37.28141","436.09900","1232.35376","182.19058","153.15840","1497.79419","-22.77975","171.02852","1013.73627",NA,"P3",29,18
388,3.87,"54.70500","1519.28955","1491.61096","175.66075","1580.60791","1335.89832","","","","-44.42734","1543.14514","1381.00317","259.77011","1334.58398","1255.92090","-106.68955","1354.66467","1267.17200","83.49471","1233.00452","1398.59277","71.42120","1397.11853","1213.19067","318.32336","1001.17224","1230.31262","-191.81258","1008.07397","1265.79932","336.08792","821.79791","1331.69897","-162.92674","833.60980","1407.11426","174.25856","876.14111","1387.83264","-76.78407","866.37836","1379.83606","60.43457","946.33270","1166.49854","184.19421","484.28876","1469.22131","-36.87993","435.04358","1248.30664","182.79601","153.37430","1499.57642","-22.53084","176.05658","1023.33942",NA,"P3",29,18
389,3.88,"55.53598","1520.77832","1500.75586","177.08864","1582.64783","1346.10596","","","","-43.63197","1544.50549","1390.88354","262.06717","1336.67725","1266.74255","-104.40508","1357.15686","1275.77917","84.66308","1235.10181","1407.83215","73.66138","1398.53333","1222.43506","319.78833","1002.59406","1241.29468","-189.36815","1010.88318","1273.20703","337.20087","823.47839","1343.02295","-161.10683","835.12061","1413.69324","175.64578","878.81079","1397.49500","-75.27927","867.56708","1390.64905","60.78542","948.38226","1177.48840","185.55736","485.74408","1476.14990","-37.92609","434.69113","1266.14539","183.29575","153.84392","1502.25098","-22.51416","182.16051","1033.21436",NA,"P3",29,18
390,3.89,"55.59435","1522.87366","1511.33740","178.27003","1584.64319","1356.27014","","","","-42.32771","1546.23950","1399.18616","263.43698","1338.35767","1278.11584","-102.28049","1359.79175","1284.22778","85.16029","1237.27295","1417.33533","76.24606","1400.92651","1231.81067","321.92838","1004.97937","1253.29175","-186.66591","1013.48590","1280.70435","338.38864","825.11194","1353.20459","-159.88438","836.90326","1420.88147","176.91466","882.51837","1407.69788","-73.11034","868.89966","1401.32727","60.81491","950.03058","1188.12280","187.54062","487.06842","1483.35657","-38.26699","434.00000","1284.06372","183.50595","154.01262","1504.21204","-23.78716","189.01198","1042.51721",NA,"P3",29,18
391,3.9,"56.64675","1524.94507","1520.13013","179.60141","1586.85425","1365.45251","","","","-41.45554","1547.71118","1407.78955","265.85590","1340.72937","1289.57593","-100.13194","1362.48230","1292.55957","86.30089","1239.96094","1426.77771","79.06985","1403.02625","1241.75439","323.50583","1007.15570","1264.93762","-184.37045","1016.51007","1288.04004","338.60080","826.22339","1364.30566","-157.55859","840.11292","1430.50220","178.52071","886.24042","1417.91846","-71.09153","870.66119","1411.72705","60.47736","952.35944","1198.34131","187.90387","487.44852","1489.73706","-39.90446","434.41019","1303.39343","183.71332","154.18744","1505.77795","-23.31277","193.92464","1057.81897",NA,"P3",29,18
392,3.91,"57.18875","1526.71570","1529.44775","180.37515","1588.52380","1375.63965","","","","-40.65702","1549.06042","1416.30652","267.38071","1343.10547","1300.68384","-98.13232","1364.96228","1300.90063","87.00635","1242.21411","1436.38110","80.74151","1404.11011","1250.89941","325.69064","1009.62726","1276.22168","-182.34233","1019.59955","1295.65076","339.09201","828.60492","1375.30139","-156.81512","840.96844","1433.33154","180.08484","889.30151","1427.69019","-69.03480","872.34515","1421.93445","61.07987","953.66327","1208.60071","188.68779","488.03458","1495.14441","-41.77927","434.44873","1321.74756","183.70267","154.01601","1507.65002","-24.25872","202.28244","1068.03394",NA,"P3",29,18
393,3.92,"57.34663","1528.45447","1538.41663","181.67683","1590.41565","1384.61743","","","","-39.88623","1550.98999","1425.38672","268.49130","1344.39294","1312.45007","-96.33073","1367.28674","1309.07593","87.30319","1244.36670","1446.54578","83.59099","1406.19055","1260.52161","327.29343","1011.77509","1288.06616","-180.11235","1022.22443","1302.89160","340.10471","830.07635","1387.45837","-155.43951","842.67609","1440.35168","182.26498","891.34106","1437.28345","-66.47456","874.03027","1431.89172","61.81812","955.09784","1218.46533","189.12671","486.93890","1500.31543","-41.88633","434.55798","1341.45752","183.28479","153.81801","1509.01941","-25.47828","208.33310","1081.40771",NA,"P3",29,18
394,3.93,"57.93372","1529.43665","1546.71057","182.55412","1591.59607","1394.81970","","","","-38.63804","1552.37891","1434.30090","270.43030","1346.52234","1321.30981","-94.64587","1369.39172","1317.15479","87.39777","1246.48474","1455.29211","84.78382","1407.27539","1269.52734","329.08990","1013.57910","1299.71631","-178.09909","1024.54114","1310.27686","341.24326","832.03351","1399.96533","-154.12471","843.82404","1444.18103","183.85240","893.59698","1446.27954","-64.58774","876.10358","1441.46997","62.95381","956.18091","1228.01355","190.09296","487.07327","1505.29163","-42.50566","435.04568","1360.55286","183.23268","153.45280","1510.08301","-26.19233","214.84210","1096.90759",NA,"P3",29,18
395,3.94,"57.51321","1531.09155","1556.44275","183.69991","1593.29663","1404.15356","","","","-37.56754","1553.31140","1442.44055","270.96994","1347.41919","1333.81982","-93.15592","1371.28552","1325.08704","88.15501","1248.79163","1465.07129","86.15973","1408.43103","1277.99365","331.45270","1014.52905","1311.30249","-177.06946","1026.85217","1317.31042","341.27710","832.85065","1411.26318","-153.85776","846.70465","1454.58521","185.42653","894.95929","1455.65088","-62.81499","877.98059","1450.61121","64.41835","957.19611","1237.10693","191.77695","486.16742","1509.82605","-43.30518","436.05862","1379.68530","182.98878","152.97124","1510.85132","-27.30366","220.31085","1114.20581",NA,"P3",29,18
396,3.95,"58.03783","1532.46118","1564.41687","184.87700","1594.53101","1413.41895","","","","-37.04757","1555.21997","1450.80444","272.69641","1349.11023","1344.06287","-91.66777","1372.60095","1332.89380","87.82333","1250.01062","1474.57349","88.20113","1410.17249","1287.61426","333.13144","1015.92944","1322.90564","-176.19839","1028.85754","1324.55298","342.41254","834.89807","1423.93701","-153.13797","848.38147","1462.17468","187.30194","895.92609","1464.90369","-61.11609","879.59106","1459.68994","65.97462","958.16309","1245.88147","192.12723","485.20737","1514.88464","-43.11549","437.35324","1399.09753","182.83368","152.69586","1511.39990","-28.07822","225.87999","1130.26343",NA,"P3",29,18
397,3.96,"57.55135","1534.71240","1574.51270","185.78496","1596.26770","1422.28101","","","","-36.49393","1556.77209","1459.09180","273.68051","1349.89380","1354.93115","-90.64424","1374.11267","1340.84558","88.00947","1251.69849","1483.93250","89.52779","1411.47729","1297.00549","334.86914","1016.77850","1335.72058","-174.28929","1029.18848","1331.82458","342.42300","836.21954","1435.73486","-152.32881","849.56622","1469.77002","189.42632","896.52924","1473.74487","-60.56740","881.23309","1468.72656","67.75125","958.78082","1255.19800","193.51089","485.05246","1518.65430","-43.70538","438.94888","1418.56641","182.81256","152.54926","1511.52026","-28.54857","231.35129","1149.00671",NA,"P3",29,18
398,3.97,"58.27723","1536.24719","1582.66626","186.31754","1597.43823","1431.66211","","","","-36.14683","1558.83960","1467.46838","274.75473","1350.47363","1365.81689","-89.66491","1375.38770","1348.59229","87.89639","1252.79944","1493.01111","91.55912","1413.07800","1305.69641","337.25912","1018.03705","1347.02014","-173.60556","1030.30457","1339.22400","343.27203","836.57318","1448.70715","-152.11772","851.01013","1477.83069","190.41150","896.17065","1482.41089","-59.94270","883.50549","1476.74084","68.60250","959.91638","1263.03528","194.37761","484.27054","1522.27075","-44.09357","441.17209","1438.65320","182.81755","152.65453","1512.19141","-29.12555","236.25427","1167.40112",NA,"P3",29,18
399,3.98,"57.98432","1538.49963","1591.97925","186.98886","1598.31396","1440.72021","","","","-35.33426","1560.26025","1475.83057","275.89236","1351.48901","1376.01636","-88.68208","1376.25854","1356.38721","88.48088","1253.43335","1502.44458","93.15477","1414.22607","1315.45972","339.08536","1019.19653","1360.02197","-172.74115","1031.17676","1346.74377","344.61197","838.82092","1460.98718","-152.05469","852.65936","1485.77100","191.65002","895.04950","1491.01111","-58.58411","884.14130","1484.71460","70.95980","960.84656","1270.23303","194.69518","484.35385","1526.17773","-42.75212","443.49155","1458.50256","182.84004","152.78763","1512.50903","-29.51091","241.66066","1186.83533",NA,"P3",29,18
400,3.99,"57.56707","1540.32275","1600.68127","187.60843","1599.84619","1449.42505","","","","-35.08971","1562.39526","1484.57520","276.99780","1353.07129","1386.85413","-87.50416","1377.30945","1363.74841","87.78850","1254.71204","1511.07202","94.18659","1415.25195","1323.72571","340.09955","1020.44299","1370.88916","-172.10037","1031.79150","1354.12939","344.42538","840.06653","1474.17896","-151.81088","854.23596","1493.78564","192.46994","895.03387","1499.72803","-58.05681","883.82068","1487.27588","72.73676","961.66565","1279.04919","196.00563","484.46097","1529.66760","-43.26739","446.23157","1478.26807","182.73915","152.76482","1512.96655","-29.61268","244.82901","1207.90015",NA,"P3",29,18
401,4,"57.46731","1541.77124","1608.30786","188.10161","1600.52966","1458.40723","","","","-34.79173","1563.17737","1493.19189","277.54959","1353.61682","1397.02246","-86.56255","1378.08093","1371.34534","87.89806","1255.60864","1520.05774","95.39862","1416.25305","1332.44080","341.93701","1021.78180","1383.48340","-171.52086","1032.80457","1361.40430","345.17847","842.16431","1486.90845","-151.30750","854.92554","1500.16382","192.32565","895.05463","1507.30151","-58.96246","885.85645","1496.84888","73.79041","962.99829","1286.62769","196.26309","485.32617","1533.46313","-43.79212","449.39975","1497.84229","182.84074","152.52071","1513.70471","-29.23033","249.55727","1224.42566",NA,"P3",29,18
402,4.01,"56.90254","1543.67444","1618.84265","188.70102","1601.08276","1467.07739","","","","-34.62199","1564.63379","1500.60938","278.00211","1354.50317","1407.53760","-85.73472","1379.00610","1378.82239","87.45889","1255.76953","1527.92285","96.84087","1417.78625","1341.96497","343.03195","1022.65088","1395.97803","-170.52327","1033.23474","1368.59485","344.73264","843.92883","1500.04517","-151.00751","856.07257","1507.42334","193.14973","895.78552","1516.10413","-58.77687","886.27008","1503.15820","75.68594","963.40881","1294.84729","196.94098","484.82919","1536.69348","-42.52879","451.96289","1517.03027","182.81052","152.21570","1514.82715","-28.12123","252.75085","1241.97620",NA,"P3",29,18
403,4.02,"57.23964","1544.75562","1626.47253","188.71663","1602.56226","1476.88855","","","","-34.02383","1565.30945","1508.23035","278.63864","1355.91455","1417.46484","-84.96091","1379.91394","1386.33850","87.53046","1256.18665","1536.35437","98.84270","1419.15491","1351.22534","344.08383","1023.96027","1407.47131","-169.60387","1034.38806","1375.99426","345.11066","845.30328","1512.99219","-150.85664","857.98810","1515.81201","193.37843","897.07922","1524.34253","-58.78124","888.36896","1511.79175","77.32710","964.67480","1302.43750","196.56287","484.82217","1539.83691","-42.84518","455.21149","1535.71838","183.04034","152.31090","1515.76978","-26.43240","255.14182","1261.25085",NA,"P3",29,18
404,4.03,"56.36486","1545.37842","1634.53259","189.19466","1603.83496","1486.39490","","","","-33.98816","1566.81738","1517.77527","279.10580","1356.98157","1426.82959","-84.25259","1380.76953","1393.70874","87.63660","1257.14197","1545.88708","99.64841","1420.40845","1359.70825","345.04050","1025.10889","1420.29150","-168.69493","1034.57129","1382.34180","345.30841","846.82483","1526.19128","-150.98434","859.96124","1524.89941","194.56993","897.99017","1533.39001","-58.69728","888.52582","1517.71899","78.63765","966.01111","1310.06763","196.92546","484.81140","1544.45325","-43.25613","458.77963","1553.65295","183.04224","152.97348","1516.92261","-25.33843","256.68625","1282.62854",NA,"P3",29,18
405,4.04,"55.40501","1546.19543","1643.87695","189.69484","1604.65173","1495.08289","","","","-33.91115","1567.93762","1524.75146","279.53848","1357.93811","1436.43701","-83.57020","1381.42786","1400.50098","87.02077","1257.56482","1553.41675","100.52222","1421.39819","1368.78625","346.67087","1026.37646","1431.34131","-167.77298","1035.71350","1389.66016","345.95035","849.44214","1538.77991","-150.99590","861.67755","1532.98328","194.58684","900.63782","1543.04895","-58.33474","890.83630","1525.03638","80.23331","967.40338","1318.22021","196.27077","483.96866","1548.62073","-42.88331","462.01038","1568.77319","182.91206","153.02167","1517.78772","-23.59368","256.50668","1303.33972",NA,"P3",29,18
406,4.05,"55.69780","1547.36707","1652.05298","189.60991","1605.64636","1504.32495","","","","-34.44944","1568.83337","1533.46716","279.88773","1359.30518","1445.96716","-82.99083","1382.27771","1407.88464","87.52869","1258.25220","1560.69641","101.21562","1422.76587","1376.79297","346.79825","1027.73364","1443.47473","-166.79901","1036.90564","1396.47986","344.70724","851.48370","1552.23181","-151.48985","863.64789","1541.73425","195.37651","901.25598","1550.11670","-59.18354","892.16772","1532.99243","80.36790","967.93530","1326.75415","196.53784","483.85312","1552.71521","-43.27745","467.02213","1586.68250","182.78090","153.30086","1518.68274","-22.90591","255.69702","1325.44910",NA,"P3",29,18
407,4.06,"54.25232","1548.16675","1660.55652","189.32581","1606.55200","1513.85950","","","","-34.10546","1569.70715","1541.35449","280.19897","1360.77783","1455.94312","-82.63210","1383.44788","1415.03845","86.62490","1258.60120","1568.25989","102.07796","1424.24609","1384.22668","348.05020","1029.30701","1454.82813","-165.42107","1037.56409","1402.86353","345.64224","853.54156","1564.87866","-151.30534","865.35010","1549.78540","194.84612","902.03418","1558.21399","-58.61921","894.15869","1539.32642","81.88692","969.35870","1332.99207","196.13879","483.60062","1556.36914","-43.44590","470.35205","1602.53455","182.87048","153.16205","1519.10449","-21.15223","254.12669","1346.92603",NA,"P3",29,18
408,4.07,"53.41181","1548.08508","1668.78210","","","","","","","-34.75488","1570.51196","1549.80762","280.77271","1362.02307","1464.51025","-81.89011","1383.95068","1422.30542","87.03478","1259.34412","1576.30408","102.75288","1425.42737","1392.82751","348.23752","1030.05298","1466.79114","-164.77951","1037.77295","1409.68494","344.67303","855.87872","1578.54724","-151.26384","866.93292","1557.61047","194.72012","903.63519","1567.40295","-58.75066","896.20154","1547.28760","83.02009","969.92755","1341.03430","196.21994","484.40643","1559.76978","-44.13984","475.67303","1620.12463","182.67712","153.20906","1519.45142","-20.28274","252.07103","1369.15930",NA,"P3",29,17
409,4.08,"52.81945","1548.73499","1677.59070","189.20610","1607.59656","1531.36511","","","","-34.82041","1570.72009","1556.53015","280.87436","1363.46008","1473.64685","-81.23842","1385.03528","1429.61377","86.48802","1260.34155","1583.52942","103.32926","1426.14087","1400.00867","349.14346","1031.90759","1479.01587","-163.10188","1038.37354","1417.03003","344.20096","858.03021","1590.93616","-151.72809","868.42047","1566.43726","194.67073","904.06323","1575.23840","-58.42095","897.85889","1552.70752","84.44723","970.62836","1348.96460","195.67003","483.46335","1563.49426","-44.77971","480.54422","1636.71655","182.46680","153.12598","1520.10229","-18.75110","249.07278","1390.70630",NA,"P3",29,18
410,4.09,"51.76503","1548.57153","1684.44031","188.89435","1608.27856","1540.12573","","","","-35.41656","1571.86902","1566.27979","281.10477","1364.47583","1482.32861","-80.86006","1385.38416","1436.90564","86.79790","1260.93201","1591.55432","103.81433","1427.18835","1408.63477","349.28174","1033.02454","1489.92383","-162.91988","1040.16248","1424.59119","343.94766","860.11023","1603.88733","-151.53438","869.71252","1573.67126","194.42171","905.53796","1583.92969","-57.79972","899.18817","1559.95190","85.43349","971.12408","1356.47766","196.54613","483.36584","1566.02954","-45.37141","484.87921","1650.99609","182.47057","153.47176","1520.32178","-18.25504","246.05539","1413.66724",NA,"P3",29,18
411,4.1,"50.64978","1548.75366","1693.69714","188.75975","1608.63708","1549.11511","","","","-36.42498","1571.63684","1573.85034","281.41171","1365.58289","1490.68457","-80.33947","1385.70288","1444.30176","86.80880","1261.96753","1599.57886","104.44037","1427.65100","1418.01050","350.18079","1034.30994","1500.87573","-162.11179","1039.27979","1431.22424","343.98245","862.41199","1615.63342","-152.14110","870.96252","1581.48926","193.82248","906.13782","1591.10913","-58.75483","901.87787","1568.21069","86.27048","972.12579","1363.12915","195.06917","483.10483","1569.74451","-45.84661","488.48801","1665.31592","182.57249","153.87080","1521.43286","-17.54922","241.90710","1436.59253",NA,"P3",29,18
412,4.11,"49.39563","1548.92273","1701.66016","","","","","","","-36.26948","1571.78174","1580.99084","281.39667","1366.54980","1500.07874","-79.28915","1386.62415","1452.05554","86.03806","1262.51282","1607.22253","104.76555","1428.37073","1424.58276","350.33673","1035.57495","1512.03943","-162.15707","1040.59436","1438.30518","342.90103","864.75354","1629.00842","-152.76918","872.64783","1590.89136","194.97432","906.40387","1599.19495","-58.17433","903.08563","1574.43481","87.21940","971.73053","1372.09082","196.49298","482.87769","1573.52747","-47.00341","492.64844","1678.99084","182.68057","154.09343","1521.64331","-16.96324","236.51556","1460.34180",NA,"P3",29,17
413,4.12,"48.39000","1548.60522","1709.62415","188.14996","1610.18091","1565.95044","","","","-37.22267","1572.99536","1589.15552","281.58127","1367.83728","1508.37268","-79.45204","1386.64319","1457.53613","86.21204","1262.81836","1614.82898","105.11395","1429.18188","1432.22278","351.04779","1036.71423","1523.21167","-161.29057","1040.91479","1445.94019","343.02100","867.32733","1641.16248","-153.37080","873.29889","1598.05798","192.79115","906.55457","1606.78369","-58.21576","904.65533","1581.47888","87.74731","972.32239","1379.48279","195.41588","482.30289","1576.93396","-47.62155","495.91672","1691.65698","182.28941","154.20313","1522.22241","-16.70093","231.06699","1484.32178",NA,"P3",29,18
414,4.13,"47.45957","1548.63159","1717.22119","186.90665","1610.62573","1575.80457","","","","-37.98363","1572.14392","1596.91919","281.46490","1368.12378","1517.27087","-79.26511","1386.98914","1464.81848","85.19666","1263.90100","1623.28870","","","","351.10083","1037.89795","1534.19617","-161.44852","1041.49756","1453.26123","341.77374","869.04852","1654.35278","-154.29581","874.76727","1607.12317","193.02574","905.62360","1614.69836","-58.28146","905.90259","1587.89001","88.97862","972.08923","1387.33850","195.77789","482.47461","1580.65137","-48.62088","499.39816","1703.64905","182.41795","154.26730","1522.73096","-16.76545","224.29353","1509.66687",NA,"P3",29,17
415,4.14,"45.81308","1548.82300","1725.23218","","","","","","","-38.35732","1572.61145","1604.56189","281.62482","1368.99658","1526.35645","-78.74461","1387.14050","1472.38245","85.79784","1264.04749","1630.59656","","","","351.91501","1038.86609","1545.22888","-161.00647","1040.90076","1459.94250","341.95618","871.30231","1667.31177","-154.99008","875.28168","1614.20093","191.02390","904.58435","1620.74695","-58.18428","906.76965","1595.53394","90.20038","973.04291","1394.67151","195.01189","481.78729","1583.31641","-49.87722","501.88171","1714.65930","182.15329","154.12932","1523.28796","-16.85347","218.03447","1534.64941",NA,"P3",29,16
416,4.15,"44.50863","1548.97485","1734.13757","185.70163","1611.60010","1592.95483","","","","-39.56641","1572.21851","1611.88733","281.52133","1369.41492","1534.76624","-78.66064","1387.01038","1478.62195","84.86037","1264.33423","1637.98523","","","","351.79709","1039.47144","1556.41150","-160.59178","1041.12158","1466.80872","339.96136","873.33624","1679.69714","-155.85005","875.80573","1623.00500","193.10289","905.09631","1630.00562","-59.12350","907.54480","1602.73865","90.25130","972.62769","1401.86829","194.64488","480.86484","1586.94934","-50.99462","504.89514","1725.22473","181.98239","154.13794","1524.06274","-17.61942","212.06628","1559.90833",NA,"P3",29,17
417,4.16,"43.02044","1549.04907","1740.99023","184.89082","1611.62000","1601.68506","","","","-39.65940","1572.00378","1619.80823","281.39563","1370.00598","1543.25745","-78.44469","1386.70679","1486.62988","84.60190","1264.13879","1645.12402","","","","352.19531","1039.47986","1566.22375","-160.08994","1040.87146","1475.19653","338.98373","875.53473","1692.92285","-156.73593","876.28247","1630.64978","192.89061","903.57434","1639.32422","-58.30216","907.27155","1609.39343","90.31197","972.60034","1409.89514","194.85417","480.86658","1590.44055","-54.03547","509.06424","1738.80493","181.88116","154.72412","1524.86609","-18.25195","206.02548","1585.57080",NA,"P3",29,17
418,4.17,"41.80471","1548.92712","1750.17749","","","","","","","-40.99307","1572.03088","1626.19775","281.33432","1370.13843","1552.27319","-78.22821","1386.58020","1492.92529","83.87838","1264.78882","1654.68628","","","","352.06302","1040.06738","1576.28711","-159.45856","1040.88196","1481.12561","339.23587","876.69525","1703.82874","-156.90417","875.82532","1637.89856","190.39499","903.44324","1643.67639","-59.38712","907.93671","1617.91211","90.83548","972.93146","1416.63074","194.86420","480.97684","1593.28894","-53.60423","509.30240","1745.51184","181.90472","155.00529","1525.46191","-19.09694","200.26485","1610.88513",NA,"P3",29,16
419,4.18,"40.29958","1548.20850","1756.57361","183.26747","1611.20142","1618.80957","","","","-41.90258","1572.16846","1635.70313","280.94577","1370.05994","1561.00061","-78.35297","1386.05493","1501.08167","83.79388","1263.79663","1661.95215","","","","351.82513","1040.27075","1586.98621","-159.50378","1039.90710","1488.88281","338.53909","877.93182","1715.96375","-157.72980","876.16168","1645.31360","192.92332","903.12585","1656.14734","-59.16047","907.57446","1625.39954","89.99730","972.22540","1425.11426","194.91405","480.00656","1596.81482","-55.00929","510.82190","1754.90662","181.81760","155.24548","1526.20313","-19.76088","194.35905","1636.70569",NA,"P3",29,17
420,4.19,"38.95455","1548.50940","1766.17871","182.82162","1610.88257","1626.39722","","","","-43.11433","1571.30615","1642.19067","280.92670","1370.14807","1571.27783","-78.36556","1385.41541","1509.65186","82.88405","1263.48608","1669.38721","","","","351.48343","1040.62427","1596.95874","-159.19333","1039.12427","1495.56726","338.51431","878.81555","1726.22107","-158.51825","875.82385","1653.69531","190.14636","902.62677","1659.55432","-59.61692","907.90131","1633.36597","90.22602","972.44672","1432.46570","193.86351","479.51471","1600.27515","-56.47541","513.02386","1764.53882","181.60988","155.36906","1526.56335","-20.67799","188.54359","1663.27173",NA,"P3",29,17
421,4.2,"37.40313","1547.67847","1772.28198","","","","","","","-43.62070","1571.08252","1650.36597","280.35788","1369.88342","1579.08569","-78.57512","1384.75012","1515.81079","82.93540","1262.32983","1677.80408","","","","351.86542","1040.49060","1607.49048","-159.23863","1038.44580","1504.03662","336.88797","879.72174","1738.48572","-159.44563","875.23352","1661.10669","189.95639","901.57892","1666.21265","-59.88156","906.90460","1640.91589","89.91496","971.66656","1440.04041","194.55879","479.68958","1603.82849","-57.53257","512.65057","1772.72925","181.58388","155.77272","1527.10608","-21.82577","183.42366","1689.51868",NA,"P3",29,16
422,4.21,"36.29498","1547.87830","1781.72400","180.38515","1610.97034","1644.43823","","","","-44.64152","1569.75671","1657.08105","279.73648","1369.33765","1587.94482","-78.66128","1383.86084","1524.03198","82.54716","1261.66711","1685.36133","","","","351.31912","1040.75256","1617.11816","-158.72423","1038.18982","1510.24280","336.17526","880.77765","1749.53247","-160.20847","875.21997","1669.30237","189.44556","901.52527","1674.18677","-59.18160","905.74841","1647.63342","89.71585","971.53979","1448.09387","193.79004","478.97583","1607.59961","-58.12744","511.87296","1779.55750","181.36366","155.99696","1527.41882","-23.14627","178.47446","1715.88892",NA,"P3",29,17
423,4.22,"34.48123","1546.43652","1788.31836","180.03517","1609.38586","1651.02710","","","","-45.38532","1569.53284","1665.28455","279.54855","1369.09351","1597.34631","-78.75126","1382.86682","1531.59473","81.59029","1260.34949","1693.05078","","","","350.94003","1039.50256","1627.00012","-158.83266","1036.99463","1518.58691","335.57816","881.24628","1760.07275","-160.90292","873.57690","1675.44995","189.13950","901.46051","1682.96680","-60.44340","905.62598","1656.88696","89.65684","970.59521","1455.93250","193.92255","478.14096","1610.82739","-58.47565","510.72748","1786.41541","181.60828","156.63446","1528.04651","-24.42725","174.38777","1742.55981",NA,"P3",29,17
424,4.23,"33.36575","1546.68689","1797.50439","178.56799","1609.24988","1659.62000","","","","-46.78137","1568.54785","1672.69678","278.83453","1368.51904","1605.89026","-79.21838","1381.78015","1539.16528","80.88744","1259.55688","1702.90991","","","","350.45172","1039.53650","1636.82703","-158.96861","1035.04883","1526.54309","334.86853","881.27020","1771.12195","-161.98637","873.14825","1683.93225","189.09299","899.47894","1689.04346","-60.74028","904.09912","1664.85327","89.27750","970.41846","1463.33435","194.36021","478.03009","1614.43274","-58.71616","509.21225","1793.21326","181.29916","156.54185","1528.58630","-26.34193","171.32570","1769.52246",NA,"P3",29,17
425,4.24,"31.63286","1545.62268","1803.98108","178.31548","1608.11230","1668.38611","","","","-47.42854","1567.54370","1680.63257","278.31714","1367.38232","1614.73535","-79.25333","1380.48401","1547.40344","80.48113","1257.89038","1709.95154","","","","349.75565","1038.32507","1646.05969","-158.99373","1034.85034","1532.66345","333.61423","881.70721","1781.69104","-162.56172","871.25287","1690.34644","188.44965","899.27332","1697.99829","-61.30534","903.61798","1673.97339","89.13967","969.28802","1471.41028","194.60599","477.41397","1618.92822","-58.56752","506.76215","1799.53052","181.09261","156.69667","1529.37292","-28.15780","168.75380","1795.89771",NA,"P3",29,17
426,4.25,"30.43509","1545.75769","1813.36060","176.81366","1606.97266","1675.88794","","","","-48.65630","1566.64978","1687.70349","277.62762","1366.41174","1623.05505","-80.07790","1379.20239","1554.22424","78.69703","1258.00635","1719.58691","","","","348.92880","1037.65540","1656.97607","-158.94835","1032.70825","1540.77991","332.01685","882.05011","1792.78015","-163.61710","870.58813","1699.19263","188.24786","898.97021","1705.90833","-61.88341","901.77118","1681.91003","88.31341","967.73578","1480.47449","194.50853","476.67322","1622.62317","-58.62903","504.12512","1805.34912","180.80945","156.57103","1529.86182","-30.06331","167.23647","1821.47021",NA,"P3",29,17
427,4.26,"28.54321","1544.88074","1820.20178","175.57867","1605.69873","1685.20557","","","","-49.88930","1566.23877","1696.34021","276.99728","1365.31982","1631.71204","-80.45547","1377.98926","1562.27087","78.76231","1255.84497","1727.58203","","","","347.88660","1036.72729","1667.13025","-159.42540","1030.60779","1548.35693","331.65961","882.15637","1803.21973","-164.33154","867.58478","1704.16406","189.42836","898.25983","1715.98230","-62.64298","900.99280","1691.48889","87.65764","967.39197","1487.83313","194.59464","476.58737","1628.21167","-58.58414","501.04507","1811.26941","181.49187","156.82719","1531.65991","-32.21919","166.83948","1846.21997",NA,"P3",29,17
428,4.27,"27.56020","1544.19189","1828.92334","175.18306","1604.46143","1692.30554","","","","-50.83147","1564.69092","1703.20093","276.05099","1364.02795","1640.39258","-81.18310","1376.43872","1570.09253","77.87415","1254.45349","1734.40430","","","","347.14114","1035.64490","1677.28210","-159.51424","1030.74731","1555.49243","330.01355","881.10706","1813.50305","-165.28996","866.47394","1713.00208","187.29759","896.97144","1721.97656","-62.74498","898.74731","1700.00024","86.28040","965.91150","1496.51831","194.35747","474.89636","1634.05151","-58.02402","498.47076","1817.73596","181.41280","157.30043","1532.22900","-34.39984","167.58557","1869.35876",NA,"P3",29,17
429,4.28,"25.63330","1543.21655","1836.06958","173.67554","1603.22937","1699.91809","","","","-51.99406","1563.93896","1711.24622","275.04373","1362.75061","1648.92273","-82.01846","1374.87183","1578.24988","76.98346","1253.94324","1743.76355","","","","346.23062","1034.31433","1687.75305","-160.04825","1028.44690","1562.74622","327.72928","882.00885","1824.78796","-166.25427","864.43854","1719.11169","189.55133","895.95148","1732.70850","-63.73597","897.58905","1709.34290","85.07912","964.36060","1505.00610","193.77959","474.89639","1638.83362","-57.59045","496.13489","1823.30383","181.48004","157.71210","1533.39661","-36.59304","168.38435","1892.03015",NA,"P3",29,17
430,4.29,"24.08714","1542.78040","1845.19177","172.35699","1602.66748","1710.37671","","","","-53.01953","1563.08179","1718.19128","274.23944","1361.40686","1656.95435","-83.06093","1373.27820","1586.44238","75.95062","1252.17627","1752.52271","","","","345.14053","1033.02795","1695.88855","-160.47020","1026.31897","1571.38757","327.15137","879.54510","1833.73608","-167.47466","863.13324","1727.15344","189.54147","895.41901","1741.55176","-63.39911","894.73779","1717.73108","83.93528","963.66107","1512.75293","194.10591","473.86581","1643.65527","-56.60477","493.95844","1829.50464","181.15187","158.12480","1534.40259","-38.21132","170.45976","1912.05212",NA,"P3",29,17
431,4.3,"22.69391","1541.32751","1851.74377","171.76707","1600.64490","1715.59717","","","","-53.95127","1561.02722","1725.96509","272.72821","1359.92310","1665.89343","-84.06605","1371.53162","1595.12671","74.30476","1250.83289","1760.71594","","","","343.33420","1031.45459","1705.41138","-161.08423","1024.57800","1577.88965","325.68063","878.12769","1842.69287","-168.25334","860.42798","1733.62756","189.11143","892.92548","1750.32288","-64.17272","893.48358","1727.59729","82.94469","962.10950","1521.89063","193.74936","472.01025","1649.46729","-56.07392","492.15802","1835.50256","181.36200","158.03952","1535.06885","-39.91552","172.48492","1930.53357",NA,"P3",29,17
432,4.31,"21.23431","1540.50610","1860.61743","170.10146","1599.72058","1725.33362","","","","-55.48255","1559.92004","1733.79907","271.68338","1358.64661","1674.12781","-85.21886","1369.97668","1603.53674","73.53147","1249.34070","1770.52783","","","","342.38385","1030.33301","1715.06262","-161.89163","1023.28461","1586.40393","321.24142","877.15393","1849.69055","-169.48094","858.38806","1740.63330","186.20544","892.62354","1755.67993","-64.28172","891.45081","1736.22949","81.64998","959.93195","1531.67761","192.83316","471.75964","1654.50024","-55.76784","489.88464","1841.90686","181.26991","158.76372","1535.83594","-40.97822","174.11249","1948.67041",NA,"P3",29,17
433,4.32,"19.61919","1539.17700","1867.45264","168.60875","1598.09436","1733.50525","","","","","","","270.29620","1357.00183","1682.44983","-86.56194","1368.40845","1611.60486","72.00122","1248.23779","1778.55054","","","","340.86484","1029.05383","1725.45154","-162.25230","1021.06720","1593.21558","321.27206","876.84015","1862.91064","-170.50700","856.36597","1748.58691","186.03221","890.80988","1764.31494","-65.42971","889.63733","1746.76038","80.48695","958.78235","1540.03748","193.01656","470.82458","1660.03931","-56.08841","488.22549","1848.76880","180.99472","159.20271","1536.84106","-41.91962","175.88509","1963.44031",NA,"P3",29,16
434,4.33,"17.97849","1539.11060","1876.45007","167.66005","1596.46948","1740.61719","-58.41280","1557.68005","1749.27612","","","","268.71054","1355.49011","1691.19873","-87.90704","1366.81995","1620.54749","70.82545","1247.05200","1787.49377","","","","339.13837","1028.10974","1735.49292","-162.93903","1020.83435","1600.39661","320.57336","874.38031","1872.07104","-171.81877","853.66797","1754.90515","185.01906","889.44159","1772.60364","-65.27330","886.88928","1755.71228","78.64056","957.37317","1549.02307","192.65800","469.67337","1665.42090","-56.68186","487.10773","1856.42188","181.38916","160.08691","1538.90161","-42.65534","176.68524","1977.00293",NA,"P3",29,17
435,4.34,"16.10364","1538.00403","1883.58240","166.41762","1595.01758","1749.22717","-59.27755","1557.20300","1757.43579","","","","267.39365","1353.92163","1700.02673","-89.70319","1365.36780","1629.46741","69.82169","1245.45020","1796.55872","","","","337.89737","1026.80554","1745.06982","-164.19009","1018.40265","1608.69458","316.28986","872.15717","1876.83081","-173.02287","851.61719","1762.41431","186.11691","888.62512","1785.43787","-66.37566","885.88403","1765.39124","76.61282","955.35315","1557.74597","192.57735","468.38510","1670.92712","-57.01927","485.30215","1864.46985","181.07373","160.14388","1540.51086","-43.13517","176.70358","1988.56592",NA,"P3",29,17
436,4.35,"14.79986","1538.09619","1892.13757","","","","-61.36512","1556.08875","1764.58252","","","","265.71829","1352.90405","1707.82715","-91.25345","1363.92261","1638.47449","67.81683","1243.81580","1804.74219","","","","336.01108","1025.30457","1753.46387","-165.41965","1016.52466","1618.06226","316.18445","872.55115","1890.19360","-173.74573","848.85406","1769.02136","184.88159","887.58148","1795.13684","-67.08627","884.22742","1774.41980","74.94707","953.41138","1567.12573","192.14388","467.96100","1676.60034","-56.18148","483.73688","1873.26819","181.19014","161.16248","1541.56250","-43.34624","175.55661","1997.68762",NA,"P3",29,16
437,4.36,"12.87024","1536.94507","1898.69312","163.29999","1593.39880","1765.72693","-62.78442","1556.26770","1773.77258","","","","264.01563","1351.53174","1717.33301","-92.97551","1362.65051","1647.19714","66.51285","1242.96167","1815.09155","","","","334.47733","1024.37842","1763.29175","-166.16580","1015.63837","1624.10278","315.49872","869.93207","1899.57092","-175.61424","846.31909","1775.46985","184.66573","885.42749","1803.17334","-68.07731","882.72980","1784.67725","73.84941","952.82013","1576.87219","190.93564","467.22552","1683.33850","-56.35991","481.71631","1881.80212","181.53529","161.96297","1542.97290","-43.04056","173.65466","2004.81763",NA,"P3",29,17
438,4.37,"11.08828","1537.64990","1908.05481","161.91704","1591.19446","1771.64038","-64.93503","1555.19141","1780.58337","","","","262.19574","1350.15662","1725.77380","-94.82088","1361.43762","1656.30505","65.15385","1241.64746","1822.61377","","","","332.58548","1023.14807","1773.38379","-167.93433","1014.12073","1634.28870","312.74823","867.24884","1905.65991","-176.50049","844.44482","1783.17969","183.70563","884.33514","1813.72998","-69.39896","882.32422","1794.05188","72.67237","950.63696","1586.65332","190.94487","466.21951","1688.51550","-58.72453","482.90820","1895.23706","181.50038","163.17876","1544.87134","-42.83080","170.31853","2010.76245",NA,"P3",29,17
439,4.38,"8.89911","1536.68213","1914.37134","160.50890","1590.77271","1781.34351","-66.47813","1555.25879","1789.24121","","","","260.27914","1349.20313","1734.90063","-96.71970","1360.23169","1665.68188","62.96695","1241.01697","1832.88220","","","","331.59927","1022.27979","1782.69897","-169.27228","1013.88318","1641.19629","312.32513","864.90936","1914.49048","-177.87543","842.34290","1789.41125","182.76770","883.46765","1824.27905","-71.21728","881.61346","1804.73352","71.61494","949.70166","1595.27173","190.60452","464.93835","1694.73022","-58.68324","481.21402","1904.51770","181.17323","164.43031","1546.71521","-42.27425","167.03293","2015.15955",NA,"P3",29,17
440,4.39,"7.07432","1537.23877","1923.28101","158.42131","1589.07019","1787.95825","-68.48337","1554.37280","1796.44141","","","","258.53394","1348.01428","1744.43823","-98.58468","1359.02466","1674.25220","61.58349","1239.60681","1841.23462","","","","329.45328","1021.33459","1792.83606","-171.27333","1012.10413","1649.02539","308.01321","862.94543","1919.35925","-179.69754","840.79852","1796.80664","181.39696","881.25385","1831.24548","-72.01251","880.15417","1813.53430","70.48466","948.50165","1605.78638","189.60840","464.78159","1702.89038","-59.08028","479.76810","1916.20374","181.10638","165.71484","1548.10681","-41.72197","162.61395","2019.78894",NA,"P3",29,17
441,4.4,"4.37129","1536.57043","1930.96826","156.85741","1588.78442","1797.33545","-70.43187","1554.00916","1803.64526","","","","256.44812","1347.16943","1753.16064","-100.44731","1357.98376","1683.52063","59.05899","1238.60254","1850.82251","","","","327.54749","1020.03876","1800.99414","-172.79582","1011.54883","1656.23523","306.25662","861.33728","1928.55176","-180.92418","839.22125","1804.55457","179.23773","880.18433","1840.35352","-73.50306","879.42169","1823.61853","69.53920","946.83893","1615.60608","189.75999","463.83237","1710.17932","-59.62801","479.24869","1927.86462","181.43594","167.55159","1549.99512","-40.80272","158.93452","2022.96582",NA,"P3",29,17
442,4.41,"2.10061","1537.04260","1938.87671","154.91830","1587.61145","1803.75623","-72.00748","1553.55566","1812.19275","","","","254.55487","1346.35449","1762.35107","-102.44202","1357.04480","1691.43066","57.10338","1238.83191","1861.38879","","","","325.69131","1019.76141","1811.46204","-174.49557","1010.87573","1665.48535","304.47626","859.27484","1935.90076","-182.50604","837.14404","1811.18359","177.87807","879.14154","1851.58105","-75.45344","878.63837","1834.46814","68.36121","946.27844","1625.14417","189.11719","462.41669","1716.34912","-60.14043","478.50497","1939.84180","181.93005","168.99170","1552.53870","-40.03944","157.20207","2029.94189",NA,"P3",29,17
443,4.42,"0.07916","1536.97510","1947.44849","153.20830","1587.69470","1813.18738","-74.10584","1553.12756","1818.78113","","","","252.29102","1345.88257","1772.38855","-104.32147","1355.88220","1701.50391","54.75720","1238.02966","1869.29089","","","","323.57321","1019.60803","1819.48584","-176.18724","1010.35101","1672.18811","302.48337","857.96307","1944.43665","-184.68758","836.09460","1818.78711","176.62668","878.38245","1862.45581","-77.25305","878.39935","1845.76953","66.46646","944.95367","1637.56042","188.22687","462.01212","1725.38916","-59.84575","477.14090","1949.71985","181.55357","170.98042","1554.44690","-39.20269","157.18626","2038.39148",NA,"P3",29,17
444,4.43,"-2.67877","1537.55640","1954.55798","151.05472","1587.06189","1819.87964","-75.77853","1552.58533","1826.90698","","","","250.21565","1345.30237","1781.58276","-106.42764","1355.13354","1709.61047","52.65174","1237.61621","1880.30078","","","","322.22003","1018.60297","1830.59851","-178.19008","1008.57764","1681.05811","300.73550","855.72711","1951.64648","-186.14091","834.79565","1826.20862","175.50584","877.67505","1872.80505","-79.17132","878.64954","1856.61658","65.13026","944.62329","1646.99939","187.75746","461.37006","1732.45825","-61.13594","476.70441","1959.48706","181.60994","173.37823","1557.28320","-39.00645","156.43365","2044.18311",NA,"P3",29,17
445,4.44,"-4.49209","1539.09375","1962.58716","149.35405","1587.48010","1829.12610","-77.72095","1553.11206","1834.48438","","","","248.09311","1345.31677","1790.72888","-108.46827","1354.72485","1718.31445","50.18551","1238.05273","1888.46509","","","","319.71765","1018.32489","1839.43018","-180.24730","1008.54077","1688.91699","298.62994","855.14417","1960.30078","-188.33388","833.74762","1833.31311","174.05693","876.69086","1883.85620","-80.51926","878.43341","1866.79810","63.10169","943.91595","1658.41748","187.21471","460.79068","1741.40283","-61.68647","475.85339","1966.82275","181.71065","176.30087","1560.24878","-39.13226","155.02994","2048.74878",NA,"P3",29,17
446,4.45,"-7.76919","1540.32874","1970.97913","146.88828","1587.13916","1836.74097","-79.82214","1554.04346","1840.54431","","","","246.02817","1345.50696","1799.98596","-110.40871","1354.23889","1727.03894","47.97826","1238.80481","1899.23413","","","","317.56143","1017.96796","1846.93823","-181.82840","1008.12579","1695.57898","295.92444","853.87463","1967.79016","-190.36140","831.45996","1839.02795","171.68721","876.32251","1894.71960","-82.71494","879.73474","1879.19055","61.67871","943.84576","1670.28333","186.09343","460.80292","1749.94836","-62.47222","478.64157","1978.35205","181.85597","178.92574","1563.61316","-39.08980","153.60921","2053.31812",NA,"P3",29,17
447,4.46,"-10.24602","1541.33716","1977.86621","145.11218","1587.91016","1845.81384","-82.15589","1555.48523","1850.30225","","","","244.10275","1346.07092","1809.17224","-112.40953","1354.13269","1735.21326","45.24990","1239.68127","1908.25964","","","","315.34290","1018.34363","1856.28040","-184.15558","1008.32642","1704.62524","293.64667","853.59283","1975.73462","-192.71683","831.44995","1846.38257","168.51816","875.20447","1902.87268","-84.54531","880.48694","1890.20923","59.70241","944.55316","1679.73669","186.43066","459.40353","1759.90503","-62.99753","480.57758","1989.27112","181.80241","182.43999","1567.70886","-39.75939","153.41318","2057.46729",NA,"P3",29,17
448,4.47,"-12.69462","1543.68091","1986.95923","142.94933","1588.84363","1852.81409","-84.75311","1556.78357","1857.70728","","","","241.75494","1346.89868","1818.92407","-114.01939","1354.28394","1744.02637","43.19041","1240.94690","1917.78711","","","","312.92056","1018.81421","1866.05066","-185.95761","1008.49164","1712.41052","290.95578","852.91406","1983.29712","-194.70103","831.25043","1854.24561","168.00005","874.86676","1915.63000","-86.23923","881.29730","1900.17383","58.14911","944.73132","1691.83301","185.10262","460.13721","1771.49707","-64.22660","482.65628","2001.36169","181.93735","186.26509","1572.65710","-41.22467","153.01259","2061.88623",NA,"P3",29,17
449,4.48,"-15.54629","1545.22559","1994.13489","140.69302","1589.53430","1862.01929","-86.59048","1557.25244","1864.49207","","","","239.74275","1348.02429","1828.44910","-116.20822","1354.89600","1751.57678","40.65425","1242.48938","1927.68530","","","","310.45944","1019.89178","1874.02173","-188.02768","1009.40533","1721.20605","288.58676","852.81512","1989.78430","-196.99231","830.96167","1861.18701","165.08434","874.99091","1927.20190","-88.21935","883.06073","1910.92725","56.38894","945.79303","1703.31653","185.37888","460.41797","1782.87610","","","","182.52834","190.54939","1577.94568","-42.02150","152.93007","2064.54272",NA,"P3",29,16
450,4.49,"-18.31832","1547.50049","2002.34741","138.54539","1590.79114","1869.60266","-88.38319","1558.95508","1872.57666","","","","237.90442","1349.72168","1837.93860","-117.65446","1355.54199","1761.09460","38.41606","1243.53442","1936.56177","","","","308.58292","1020.69751","1883.07483","-189.68945","1009.97321","1729.25049","285.46722","853.61920","1998.97742","-199.36136","831.13159","1867.62769","162.86838","876.06885","1940.00537","-90.92051","885.85498","1920.90088","55.05897","946.35260","1713.87646","185.17302","460.99084","1796.56274","-68.01011","483.90012","2020.30225","182.23820","195.09485","1583.76086","-42.58488","152.98029","2067.88867",NA,"P3",29,17
451,4.5,"-20.89684","1549.74194","2010.35669","136.32625","1592.57568","1878.45801","-91.25431","1561.18335","1880.12146","","","","235.63396","1351.78076","1847.41272","-119.76139","1356.64673","1768.77429","35.78221","1245.51221","1946.85962","","","","305.75119","1022.94592","1890.66016","-191.53261","1011.12305","1735.07056","282.90781","854.26538","2005.94165","-201.60513","831.07977","1873.90063","158.01561","876.32324","1948.05078","-93.26121","888.33905","1930.91382","53.69148","947.74268","1724.87061","184.57523","461.04846","1809.21057","-70.30770","484.78970","2028.28613","182.67838","200.24582","1590.77930","-43.52406","153.01811","2069.67139",NA,"P3",29,17
452,4.51,"-23.58962","1551.51904","2017.75586","133.74379","1594.22021","1886.56555","-93.63051","1563.20398","1887.66833","","","","233.59914","1353.49658","1857.27368","-121.11668","1357.92590","1777.25208","33.55499","1247.86133","1954.99683","","","","303.55734","1024.58630","1899.52942","-192.88210","1012.18262","1747.08557","280.13788","854.84094","2012.12170","-203.49463","832.71307","1881.53625","155.27499","876.91266","1958.02185","-96.14696","891.36859","1940.74866","52.76925","949.35394","1735.27490","186.35504","461.43170","1823.88440","-71.18940","486.64130","2035.92883","182.95874","205.21138","1599.64246","-43.78013","152.47379","2072.04980",NA,"P3",29,17
453,4.52,"-26.31515","1554.31409","2025.84656","131.89226","1596.05981","1894.89636","-95.33305","1564.88513","1895.89148","","","","231.52013","1355.95178","1866.10901","-122.87249","1359.20923","1784.97437","31.20772","1250.48779","1965.53674","","","","301.47131","1026.46436","1907.99292","-195.05048","1015.66943","1749.57874","277.82190","856.62457","2020.22974","-205.35396","833.02472","1888.56592","151.65207","878.81116","1970.75708","-98.95666","894.39648","1950.59668","51.42702","950.76282","1746.29602","186.86847","461.63431","1838.51624","-72.89223","486.65042","2040.35291","183.22926","210.55759","1608.56934","-44.13876","152.71394","2073.92749",NA,"P3",29,17
454,4.53,"-29.05015","1556.12598","2034.05444","129.61726","1597.34961","1902.88464","-97.71870","1566.34534","1901.89465","","","","229.70264","1356.45532","1873.34790","-124.37383","1359.98975","1792.61609","28.49027","1251.76746","1973.66235","","","","298.45276","1028.84766","1916.47253","-196.71886","1017.44385","1757.48767","274.62866","857.78961","2027.50940","-208.05699","835.02356","1895.68018","147.91418","879.73212","1979.88196","-102.08059","896.65344","1959.36670","50.65340","952.79047","1756.52881","187.24998","461.99106","1854.15479","-74.79871","488.09866","2046.27539","184.27701","216.02240","1619.11133","-44.26277","152.99313","2075.69775",NA,"P3",29,17
455,4.54,"-32.02419","1557.79419","2040.95935","127.33210","1598.88257","1911.17480","-100.35334","1567.98999","1910.82019","","","","227.64272","1358.62610","1883.31519","-125.93568","1361.38745","1799.72278","26.69602","1254.60339","1983.13232","","","","296.45068","1030.99097","1924.31201","-198.04303","1019.51270","1764.26489","271.78241","859.15295","2034.35510","-210.25105","835.43878","1902.04163","144.39836","882.56158","1992.53149","-105.26683","899.39935","1968.01575","49.91049","954.65009","1765.55505","188.48462","461.02530","1869.81384","-76.06205","487.98837","2051.79517","184.41638","221.98705","1630.11841","-44.60690","152.53038","2078.33521",NA,"P3",29,17
456,4.55,"-34.39156","1559.54443","2049.01489","125.23306","1600.19922","1919.26221","-102.28751","1569.52478","1918.45618","","","","226.21201","1360.68530","1891.41650","-127.16988","1363.45276","1808.75085","23.83442","1256.88953","1991.59595","","","","293.86121","1032.45544","1931.60352","-199.52757","1021.31274","1772.91187","269.40613","860.75970","2043.00562","-212.10324","837.41376","1910.21411","140.21159","883.29388","2001.87378","-108.62234","902.08240","1977.18982","48.51933","956.05914","1775.25964","188.94073","460.83212","1887.09839","-76.97223","488.12918","2056.91699","184.91797","227.51938","1642.98535","-44.66708","152.44258","2079.46191",NA,"P3",29,17
457,4.56,"-37.12687","1561.24573","2057.14404","123.12220","1602.05042","1927.48218","-104.06164","1570.41809","1924.45349","","","","224.68491","1362.11621","1901.26636","-128.22250","1364.64148","1815.20703","21.81930","1259.11438","2001.79468","","","","291.73648","1033.76904","1940.29187","-201.39966","1022.91455","1780.61938","266.69727","861.38318","2049.63647","-213.97513","838.95959","1917.29321","137.27850","885.43933","2012.27966","-111.85435","903.76855","1985.68262","47.53862","957.25574","1785.91504","187.83836","462.06003","1907.59412","-78.73579","487.25522","2061.70483","185.15903","233.53795","1655.97534","-44.84733","152.22372","2079.85156",NA,"P3",29,17
458,4.57,"-39.80375","1562.15344","2063.82935","121.23244","1603.38611","1935.45471","-106.10078","1571.21863","1932.93677","","","","222.58870","1363.85742","1910.87732","-128.81207","1366.01221","1823.71375","19.31766","1260.44165","2008.73108","","","","289.76392","1035.47131","1948.45166","-202.76559","1024.51489","1787.92407","264.33331","862.27411","2057.11255","-216.70969","839.90222","1924.48938","133.35687","887.00378","2022.05310","-115.02801","905.06348","1993.55127","46.23362","958.97400","1795.20239","185.64450","462.60175","1925.44055","-78.95862","486.44391","2065.72144","185.81540","239.14372","1669.77515","-44.73745","151.95886","2080.72656",NA,"P3",29,17
459,4.58,"-42.45918","1564.49316","2072.21777","119.01352","1605.17883","1944.13892","-108.25517","1572.07410","1940.62732","","","","220.72758","1365.26099","1920.12952","-130.19279","1366.64050","1830.61865","17.27172","1262.81604","2018.46545","","","","287.22717","1036.10364","1955.79553","-204.66179","1026.38025","1796.06458","261.71738","863.34674","2065.72339","-218.83878","842.16888","1933.16772","130.47334","888.19812","2030.87170","-117.98882","905.85583","2001.37732","45.00827","958.37225","1804.73987","184.76144","460.86597","1943.16638","-79.50981","485.28375","2069.74023","185.23386","245.35744","1685.51550","-44.79022","151.41479","2081.71533",NA,"P3",29,17
460,4.59,"-44.94677","1565.49146","2079.45288","117.12634","1606.79858","1951.87256","-110.00054","1572.74329","1946.67126","","","","219.65378","1366.46814","1929.07898","-131.04170","1368.43738","1838.82422","14.88476","1263.87732","2026.23474","","","","285.74863","1037.06519","1965.46045","-206.46858","1027.27368","1803.33032","259.02872","862.84454","2072.54272","-221.28514","843.74957","1941.69250","127.93403","889.50208","2040.09717","-120.80109","906.16711","2009.21106","43.61662","959.64972","1811.26501","183.79271","460.72232","1962.02466","-80.74039","485.56824","2073.30420","185.09517","250.26237","1700.27271","-45.11850","151.15894","2082.30542",NA,"P3",29,17
461,4.6,"-47.86945","1567.73621","2086.66699","115.33885","1608.32776","1960.18518","-111.59544","1573.87134","1954.44055","","","","218.83978","1366.86084","1937.50134","-132.26591","1369.66211","1845.68042","12.96199","1265.22449","2035.63074","","","","283.32233","1037.13904","1973.22607","-208.27702","1028.59534","1811.32959","256.67358","864.40961","2082.15381","-223.88219","845.32550","1948.73657","124.59060","890.15021","2050.02686","-123.40120","906.88892","2017.70483","41.51659","960.51276","1821.18616","180.53014","462.80023","1982.30774","-81.56919","484.34271","2074.64136","183.94342","255.00450","1716.68762","-45.32106","150.92625","2083.03442",NA,"P3",29,17
462,4.61,"-49.94916","1568.90723","2094.61768","113.13670","1609.51636","1968.81299","-113.37399","1575.24231","1960.57520","","","","217.32640","1367.59094","1946.71326","-132.96881","1370.75623","1853.87878","10.94870","1266.03235","2042.69971","","","","281.68530","1038.04309","1982.41431","","","","253.34143","863.82721","2089.84473","-226.71364","846.41248","1956.62134","122.43457","891.39093","2059.15137","-125.84657","906.45581","2024.32288","40.17336","960.78229","1828.21387","178.61252","464.82813","2003.55103","-83.49777","484.67328","2077.61572","182.87230","260.75125","1734.93860","-45.73465","150.85536","2083.10327",NA,"P3",29,16
463,4.62,"-52.49899","1570.59509","2101.51050","111.33966","1610.59399","1976.99646","-115.36774","1577.01550","1969.09778","","","","216.22046","1367.89197","1955.24609","-134.41742","1371.88843","1861.05627","9.46196","1267.25403","2051.58789","","","","279.66931","1038.19592","1990.72180","-211.81921","1031.03833","1826.41284","250.97098","864.58484","2099.02100","-228.76991","848.51440","1964.94275","120.16917","892.26019","2068.02368","-128.19661","906.72516","2031.50903","38.32271","961.35339","1837.48987","176.11430","465.11978","2021.77124","-84.77747","484.90927","2079.63892","181.06944","265.66376","1751.91479","-45.91656","150.99953","2083.38354",NA,"P3",29,17
464,4.63,"-55.32796","1571.82727","2109.34033","109.71014","1612.05298","1985.22351","-117.78457","1577.97302","1977.53418","","","","214.73268","1368.53918","1964.73962","-135.14528","1373.07788","1868.55017","7.51083","1267.23096","2058.44165","","","","277.81165","1038.37256","2000.42944","-213.63843","1032.59912","1834.63501","247.87614","864.97058","2107.14771","-231.59389","850.87152","1973.77490","118.63165","892.78735","2075.25659","-129.82886","907.33844","2038.34192","36.97442","962.04028","1845.28247","172.75900","466.59280","2042.46558","-86.31776","485.76547","2082.35010","180.51254","271.05508","1769.04004","-46.28064","151.05186","2084.16040",NA,"P3",29,17
465,4.64,"-57.33333","1573.21826","2116.70801","108.13124","1612.98523","1993.10876","-118.98579","1579.09448","1982.98010","","","","213.18307","1369.19495","1973.64929","-136.18456","1374.61597","1876.11072","6.16126","1268.57507","2066.91333","","","","276.18500","1038.85583","2009.92517","","","","245.08890","865.21576","2116.14233","-234.21796","851.55475","1980.33691","117.16154","894.05511","2084.17383","-132.01974","908.38123","2045.28918","35.18735","963.55994","1851.18066","168.40015","469.53900","2061.65503","-87.70142","485.24588","2084.29102","178.59695","276.00290","1786.72571","-46.57509","151.09760","2085.10400",NA,"P3",29,16
466,4.65,"-60.17808","1574.42188","2123.94946","106.25124","1613.81519","2001.65051","-120.36385","1579.44336","1990.73022","","","","212.44551","1368.96887","1981.54102","-137.05081","1375.80493","1883.19653","4.22181","1268.60950","2073.97363","","","","274.19928","1039.57861","2018.84290","-216.79459","1035.03198","1849.66748","242.28658","864.98969","2124.38062","-236.44981","854.26874","1989.17859","115.05991","894.47961","2091.18213","-134.01584","909.23621","2051.70508","33.77064","964.55615","1859.64197","164.99126","469.92584","2079.89258","-89.43713","485.29926","2086.81299","176.71313","280.61514","1804.49719","-46.84188","151.46135","2085.34863",NA,"P3",29,17
467,4.66,"-62.30370","1574.61450","2131.29663","104.79532","1614.81262","2010.18030","-122.08953","1580.76050","1997.07544","","","","211.50133","1369.47375","1990.23462","-137.82750","1377.16528","1890.43408","2.75299","1269.68665","2082.04761","","","","272.16913","1039.59839","2027.67322","-218.24069","1036.50720","1856.92078","238.88509","864.99744","2133.52051","-238.86249","856.21960","1998.02502","113.38914","896.08508","2100.18408","-135.29909","910.39856","2057.89258","32.95176","965.98840","1865.47668","161.47400","473.07047","2100.08984","-90.24158","485.01422","2088.60132","175.29230","283.62418","1823.65430","-46.85598","151.65846","2086.04370",NA,"P3",29,17
468,4.67,"-64.32605","1575.21692","2138.15869","103.36108","1615.66638","2018.11938","","","","","","","210.50851","1369.56982","1999.04846","-138.69798","1378.14575","1897.15967","1.26044","1269.70618","2088.84424","","","","270.45941","1039.47900","2038.71912","","","","235.82063","866.50043","2143.04688","-241.83063","858.34338","2005.56396","110.78786","896.73181","2107.48071","-137.39671","911.55737","2064.07715","32.18699","966.35706","1873.17334","156.07617","475.47858","2117.95288","-91.01606","484.71384","2090.71362","172.42670","285.13876","1841.66785","-47.17466","151.80588","2086.16968",NA,"P3",29,15
469,4.68,"-66.94357","1575.80029","2145.05103","101.52910","1616.82251","2026.69043","","","","","","","208.86412","1370.15002","2008.24316","-139.07436","1379.49707","1904.23145","-0.14216","1270.60754","2096.24878","","","","267.91135","1039.69836","2045.36230","-220.67561","1038.94446","1871.67346","232.42955","865.88165","2150.69165","-244.02797","861.03021","2014.41003","108.53098","898.54419","2116.47900","-139.42561","912.42444","2069.39282","31.69781","967.77295","1882.20789","153.07085","478.87198","2137.67651","-92.08621","484.46918","2092.71094","169.99609","285.71262","1862.70813","-47.10999","151.75130","2086.77930",NA,"P3",29,16
470,4.69,"-69.45656","1576.45764","2152.47388","100.13392","1617.86499","2035.50854","","","","","","","207.88036","1370.34607","2016.20215","-139.86148","1380.89209","1910.68103","-1.82938","1270.79797","2102.96802","","","","265.59204","1039.81897","2053.15820","-222.07388","1040.10193","1877.64441","229.15898","866.95190","2160.77783","-246.03792","863.11194","2022.60400","106.04211","899.77594","2123.54614","-141.29088","912.93591","2074.02588","31.09909","968.32648","1888.27563","147.62163","481.46201","2154.02148","-92.84162","484.04053","2093.98730","168.32941","285.56741","1884.00537","-47.08754","151.72720","2087.38623",NA,"P3",29,16
471,4.7,"-71.45638","1576.71057","2158.99365","98.69526","1618.38489","2043.10010","","","","","","","207.06647","1370.65356","2024.70361","-139.94122","1382.50012","1917.13843","-3.60014","1271.52148","2110.79956","","","","263.93185","1040.41150","2063.68335","-223.12944","1041.64441","1885.28857","225.84732","866.80890","2168.44165","-248.66296","865.05908","2030.11182","103.05853","900.40814","2130.57227","-143.77631","913.83032","2079.78198","31.01612","970.51178","1893.82239","142.56371","484.69928","2170.50684","-93.61671","483.79108","2095.65649","166.73796","284.17349","1905.80969","-47.19124","151.75366","2087.81274",NA,"P3",29,16
472,4.71,"-74.02186","1576.98633","2165.62378","97.25064","1619.58447","2051.28418","","","","","","","206.31912","1371.01685","2033.03296","-140.39124","1383.51123","1922.41724","-5.42532","1272.28076","2116.92700","","","","261.98026","1040.44263","2072.15283","-224.12053","1042.58044","1891.93909","222.84142","867.47443","2177.12109","-250.18188","867.84900","2038.65295","100.07755","903.15918","2139.82983","-145.89468","914.77686","2084.77393","30.99923","971.12970","1901.12793","136.19542","487.75653","2187.01855","-94.83436","484.51550","2098.07056","163.76364","282.76099","1926.46619","-47.15970","151.74458","2087.87646",NA,"P3",29,16
473,4.72,"-76.43301","1577.12964","2172.94312","95.96782","1620.30286","2060.55811","","","","","","","204.82945","1371.91455","2042.61780","-140.54762","1384.66687","1929.57886","-6.87886","1272.97449","2124.31299","","","","259.88913","1041.05322","2082.56958","-225.31297","1044.23328","1898.41919","219.24414","868.23169","2186.47510","-252.64409","870.60162","2046.59082","97.06402","904.04779","2146.76978","-147.75262","915.17206","2088.86499","31.21149","971.96045","1908.10852","130.44749","491.73557","2203.48291","-95.19640","484.19150","2098.71924","161.82773","280.03955","1948.15173","-47.28404","151.89532","2088.14014",NA,"P3",29,16
474,4.73,"-78.82860","1577.76660","2179.76709","94.27393","1620.64111","2068.26929","","","","","","","203.34279","1372.41150","2051.00635","-140.96521","1385.63513","1934.51221","-8.88323","1273.74500","2130.26880","","","","257.93143","1041.70361","2090.32251","-226.31305","1045.21436","1904.79089","215.76091","868.24817","2194.45557","-254.89000","872.44257","2053.68018","94.32874","905.25610","2153.07837","-150.22922","914.98224","2093.79639","31.34827","972.60614","1914.60400","124.57496","494.04501","2218.34229","-96.11085","483.77737","2100.59058","159.39244","276.47202","1970.20203","-47.34347","151.81114","2088.57153",NA,"P3",29,16
475,4.74,"-81.02582","1577.85254","2185.86572","93.02599","1621.29565","2076.19067","","","","","","","202.29524","1372.68091","2058.90698","-141.16882","1387.16113","1941.37732","-10.77783","1274.66101","2137.12549","","","","255.19643","1041.29285","2099.15479","","","","212.41162","870.04065","2205.26440","-256.77313","876.01556","2063.13916","90.67197","907.16064","2161.59351","-152.49631","916.21436","2098.48413","31.57426","973.65222","1920.95093","118.88103","497.11551","2232.68384","-97.06207","483.54486","2102.72021","156.80865","271.96420","1991.50024","-47.47469","152.05026","2088.81396",NA,"P3",29,15
476,4.75,"-83.77997","1578.50208","2193.29517","91.72189","1622.30249","2085.42651","","","","","","","201.50960","1373.03772","2067.46753","-141.10794","1388.04626","1946.28662","-12.63420","1275.19983","2144.02173","","","","253.64645","1042.29822","2109.16284","-227.83745","1047.49792","1917.33643","208.81363","869.92810","2213.05029","-258.74960","878.42688","2069.63892","88.08591","908.20990","2168.67554","-154.63777","915.72870","2102.70728","31.81957","974.01910","1927.96606","112.13312","501.27362","2248.87427","-97.85782","483.97409","2104.51074","155.27286","266.36685","2014.44824","-47.65421","151.94930","2089.25659",NA,"P3",29,16
477,4.76,"-85.83910","1578.58679","2199.46069","90.19867","1622.45911","2092.98145","","","","","","","200.25488","1373.79077","2077.23730","","","","-14.82894","1275.70667","2150.06445","","","","251.49693","1042.24231","2117.11084","-228.43556","1048.89221","1923.15881","206.26785","870.18298","2221.34180","-260.14655","880.64868","2077.08496","85.16729","908.79047","2175.56616","-156.57980","915.80621","2106.08301","32.35499","974.36115","1936.46399","106.13187","503.84570","2261.44995","-98.06133","483.47607","2106.17798","153.08186","261.91135","2038.47925","-47.68081","152.09175","2089.53516",NA,"P3",29,15
478,4.77,"-88.46645","1579.10522","2206.24097","88.67684","1622.86609","2100.79517","","","","","","","199.13980","1373.88452","2085.09106","-141.29291","1390.50024","1957.63855","-16.87891","1276.14673","2156.64478","","","","249.37248","1042.78186","2127.52148","-229.15428","1049.38965","1928.44800","202.46758","871.24377","2230.65894","-262.19220","883.46893","2085.28687","81.53370","910.29871","2183.81396","-158.68886","915.74133","2110.91602","32.53742","975.54254","1941.02197","99.69360","507.63477","2276.08789","-98.77241","482.89371","2108.27002","150.18835","256.52139","2064.14990","-47.70364","152.16110","2089.81543",NA,"P3",29,16
479,4.78,"-90.84203","1579.05884","2212.61328","87.34367","1623.62341","2110.23877","","","","","","","197.53452","1374.06177","2093.75952","-141.60089","1391.35913","1963.25281","-19.22311","1276.67407","2163.58594","","","","247.63319","1042.93213","2135.22876","","","","198.83876","871.48737","2238.81079","-264.26364","885.62250","2091.76221","79.13824","911.46826","2191.47461","-160.30739","915.04883","2113.79932","33.62240","975.19958","1950.11963","93.47771","510.19052","2288.45020","-99.86208","482.99530","2111.81616","145.06647","251.02397","2088.71484","-47.54210","152.26096","2090.52124",NA,"P3",29,15
480,4.79,"-93.38892","1579.59961","2218.71411","86.01845","1623.67725","2117.38989","","","","","","","196.01735","1374.77234","2103.76587","-141.03299","1391.88220","1968.23145","-21.97201","1276.95532","2169.99854","","","","244.83151","1042.79578","2145.20557","-230.17683","1051.12585","1939.96973","195.15352","872.35370","2248.77490","-265.24954","888.21747","2099.62280","76.25513","911.64038","2198.21899","-162.24266","915.42474","2117.76343","34.30111","976.42004","1957.10510","88.69499","514.18298","2303.63354","-99.74011","483.34671","2115.07495","142.79878","241.56276","2111.79199","-47.53451","152.50850","2090.96899",NA,"P3",29,16
481,4.8,"-95.66299","1579.95544","2224.89111","84.51023","1623.64368","2125.17236","","","","","","","194.76753","1375.03638","2113.55322","-141.04500","1392.60278","1972.75696","-24.24248","1276.93530","2176.25317","","","","243.20630","1043.01611","2153.81567","-230.47536","1051.55188","1945.16467","191.41756","871.96893","2256.73438","-267.14359","890.45258","2106.15674","72.79387","911.45477","2205.71729","-164.08772","914.94305","2121.62012","34.77872","977.51099","1961.27979","81.50383","515.07611","2311.76563","-99.73351","483.62393","2118.41455","137.68047","235.89046","2136.83936","-47.53999","152.69008","2091.31519",NA,"P3",29,16
482,4.81,"-98.18081","1580.46191","2230.77734","83.10957","1623.91028","2134.13306","","","","","","","193.17152","1374.67615","2122.97070","-140.95847","1393.01953","1978.93860","-26.50417","1276.93188","2182.93652","","","","240.38574","1042.14685","2161.82446","","","","187.47397","872.18774","2265.47534","-268.39105","892.27271","2112.76099","70.20390","912.01184","2212.60938","-165.81789","914.95355","2124.56299","","","","75.30973","518.02722","2323.44824","-100.15997","482.79620","2120.49658","134.32056","230.60138","2162.82715","-47.46236","152.82214","2091.58765",NA,"P3",29,14
483,4.82,"-100.86400","1580.43384","2237.18994","81.52587","1623.77002","2141.54297","","","","","","","191.19939","1374.78479","2132.04077","-140.56610","1393.03308","1983.13501","-28.94441","1276.50671","2189.13599","","","","238.54515","1042.46985","2172.00513","-230.58981","1052.54346","1955.29553","183.37244","873.27216","2275.83618","-269.74805","894.43811","2119.60303","67.15357","912.41467","2220.01953","-167.31711","915.08252","2128.16895","","","","69.35680","520.04901","2333.86255","-101.49076","483.06863","2123.98950","130.35233","224.83781","2187.87476","-47.52369","152.94075","2092.60059",NA,"P3",29,15
484,4.83,"-103.33331","1580.69470","2242.77637","80.04236","1623.69421","2149.71973","","","","","","","189.10457","1374.66064","2141.89355","-140.59088","1393.91150","1989.40576","-31.53912","1275.78235","2194.66895","","","","236.65269","1042.56055","2181.40601","-230.41214","1052.53162","1959.89673","179.66713","872.15533","2283.30322","-271.45255","895.96356","2125.23706","61.90276","918.10950","2234.72510","-168.40332","914.32214","2130.29907","","","","63.78369","521.32220","2342.88037","-102.72034","484.01758","2127.37524","125.52425","217.36815","2211.29492","-47.58891","153.21519","2092.96460",NA,"P3",29,15
485,4.84,"-106.46239","1581.33142","2249.32935","78.78174","1623.77393","2158.20532","","","","","","","187.24928","1374.38757","2152.44995","-141.04637","1394.13074","1993.93506","-34.57596","1275.58459","2200.94946","","","","233.89056","1041.60974","2189.67676","-230.08749","1052.38635","1965.07690","175.29454","872.22583","2291.95020","-273.03204","897.50299","2131.47461","61.12538","918.52087","2242.13037","-170.09120","914.42273","2133.28198","","","","58.22237","522.47797","2352.00293","-105.02171","485.34171","2133.76318","122.08498","215.38599","2240.09497","-47.59616","153.28722","2093.53442",NA,"P3",29,15
486,4.85,"-109.04382","1581.32349","2254.77148","76.96432","1623.43274","2165.48291","","","","","","","185.09296","1374.17957","2163.18774","-140.25908","1394.03967","1999.01941","-37.43251","1275.07471","2207.20923","","","","231.71771","1041.45703","2199.52930","-229.50319","1052.13831","1969.73596","172.11539","871.96564","2300.44751","-274.69858","899.53357","2137.97314","62.53115","918.98627","2254.09131","-171.48488","914.53217","2136.42993","","","","52.87404","523.48187","2360.48682","","","","117.33365","210.34802","2264.76880","-47.63782","153.69249","2094.05322",NA,"P3",29,14
487,4.86,"-111.70672","1581.30554","2260.35059","75.55983","1623.11511","2173.65649","","","","","","","183.08899","1373.61731","2172.89868","-139.41901","1393.80139","2002.27075","-40.23380","1274.83228","2213.58032","","","","229.35774","1041.06567","2210.14282","-228.83292","1051.63599","1974.92432","167.95070","871.30957","2309.21045","-276.42572","900.28131","2143.13306","62.17157","919.31030","2262.75928","-172.74879","914.37549","2139.02051","","","","47.50053","523.88190","2368.96265","","","","113.32233","205.62856","2289.24268","-47.28715","154.49492","2092.89331",NA,"P3",29,14
488,4.87,"-114.91022","1581.46521","2266.58667","73.75928","1622.95715","2182.20044","","","","","","","180.58017","1372.95764","2182.75635","-138.89391","1393.83826","2007.64465","-42.86460","1274.46143","2219.65918","","","","226.40993","1040.40808","2218.78296","-227.52991","1051.36609","1978.83875","163.69104","870.69055","2317.63257","-278.05273","900.73657","2147.39648","50.47614","911.59564","2256.77368","-174.09091","914.01489","2141.55884","","","","42.45497","524.53052","2376.16162","","","","106.71791","200.05026","2311.18970","-47.21859","154.81085","2093.41284",NA,"P3",29,14
489,4.88,"-117.52386","1581.39087","2271.68384","71.67780","1622.19714","2189.86523","","","","","","","178.07004","1372.89221","2193.48145","-138.43842","1393.05200","2012.16223","-46.03289","1273.65796","2225.99243","","","","224.34364","1040.37720","2227.82495","-226.10773","1050.43774","1983.00330","159.96710","869.78137","2325.43677","-279.81656","901.14044","2152.12573","46.60146","911.77393","2264.08984","-175.49495","914.15057","2144.34912","","","","36.93493","524.73102","2384.72095","","","","101.32440","197.44034","2335.71875","-47.26919","155.01161","2093.87183",NA,"P3",29,14
490,4.89,"-121.21342","1581.80518","2277.73438","69.65129","1622.32495","2199.07715","","","","","","","175.71313","1372.56970","2204.71899","-137.89633","1392.96606","2016.97119","-48.79860","1273.26489","2231.86255","","","","221.92561","1040.02271","2238.95166","-224.51184","1049.51758","1987.10449","155.94778","869.36572","2334.46167","-281.04169","901.80170","2156.98486","43.00719","910.82202","2271.40674","-176.80582","914.20758","2146.93213","","","","32.74696","523.93842","2390.62036","","","","96.55453","198.33076","2363.65210","-47.21555","155.07422","2094.13232",NA,"P3",29,14
491,4.9,"-123.90899","1581.35046","2282.68872","67.50719","1621.74890","2206.87695","","","","","","","173.00923","1372.29712","2215.83691","-137.53351","1393.29480","2023.34973","-51.92822","1272.29858","2237.28857","","","","218.76567","1038.95483","2247.73096","-222.91956","1048.71619","1991.22937","151.72552","868.15973","2342.41895","-282.56671","903.08215","2162.74536","39.38841","910.75995","2278.81177","-178.01462","913.50873","2149.08325","","","","28.13807","524.18756","2396.84863","","","","89.89092","197.26891","2385.31299","-47.22528","155.20905","2094.47607",NA,"P3",29,14
492,4.91,"-127.64535","1581.60852","2288.67993","65.89330","1621.69983","2214.42798","","","","","","","170.23669","1371.91528","2225.54541","-137.18048","1391.95239","2028.28064","-55.24824","1271.96094","2243.17163","","","","216.26872","1038.95947","2259.28198","","","","147.62035","866.98083","2349.98169","-283.84427","903.25098","2166.77295","35.82553","910.01843","2286.19238","-179.25258","913.51758","2151.53638","","","","23.70205","523.89233","2403.47314","","","","82.89308","196.91597","2409.37280","-47.20933","155.41830","2094.73438",NA,"P3",29,13
493,4.92,"-130.62206","1581.15381","2293.39746","63.79730","1621.10083","2222.74072","","","","","","","166.81439","1371.75891","2236.71216","-136.26131","1390.73096","2034.49878","-58.62325","1271.61499","2249.25635","","","","213.25836","1038.72583","2269.12476","","","","143.09448","866.11688","2358.03516","-284.85574","902.80579","2170.00098","31.59562","909.91302","2294.32349","-180.68649","913.37030","2154.54932","","","","19.46847","523.76965","2410.14819","","","","75.16411","197.98734","2431.18359","-47.38961","155.45187","2094.85352",NA,"P3",29,13
494,4.93,"-133.75504","1581.24805","2298.29492","61.20127","1620.50745","2231.28125","","","","","","","164.36096","1371.79590","2247.60352","","","","-61.37414","1270.82141","2254.45874","","","","209.79532","1038.01038","2278.26831","","","","139.06961","864.78357","2365.52051","-285.91891","903.40448","2173.14844","27.92626","909.43018","2301.10303","-181.75116","912.95044","2156.55566","","","","15.97532","523.41101","2416.23901","","","","68.08469","196.02142","2449.52954","-47.26356","155.51083","2094.87158",NA,"P3",29,12
495,4.94,"-137.26437","1580.79163","2303.35645","58.93832","1620.24707","2239.74146","","","","","","","161.01735","1371.84827","2258.71582","-30.70713","1323.91858","1859.42932","-64.67786","1270.30530","2260.13599","","","","207.14246","1038.36438","2289.36401","","","","134.68237","863.80511","2373.71704","-286.13971","902.62634","2176.01685","23.31121","909.44556","2309.26465","-182.83049","912.86926","2159.02417","","","","12.55495","523.01245","2423.52222","","","","60.16508","196.00682","2467.38916","-47.38215","155.57819","2094.96143",NA,"P3",29,13
496,4.95,"-140.60568","1580.32947","2308.48633","57.13581","1619.84631","2246.56079","","","","","","","157.04514","1371.32593","2269.62622","-30.94819","1323.86597","1868.15454","-68.05624","1270.29956","2266.46338","","","","203.20821","1037.28967","2298.93726","","","","129.81627","863.36523","2382.59570","-286.58426","903.11865","2179.22168","18.93020","909.40637","2316.49146","-183.71431","912.95453","2161.53564","","","","9.43724","522.36334","2429.49414","","","","52.21666","197.97723","2485.62500","-47.41600","155.70778","2095.16016",NA,"P3",29,13
497,4.96,"-143.94225","1580.32788","2313.16406","54.32864","1619.90979","2255.57056","","","","","","","154.21324","1370.96484","2280.08496","-30.92851","1324.49817","1877.15747","-71.15163","1269.35925","2271.76416","","","","199.56912","1036.66357","2309.12451","","","","126.06940","861.96088","2389.93164","-287.20953","903.10797","2182.66357","15.03118","908.27759","2323.09668","-184.59045","912.87854","2164.15259","","","","5.92278","521.69031","2436.30713","","","","43.86684","198.50673","2500.14502","-47.37814","155.96617","2095.43506",NA,"P3",29,13
498,4.97,"-147.04137","1579.96399","2317.71777","52.17607","1619.28979","2262.94019","","","","","","","150.95509","1370.94812","2291.60889","-30.58862","1323.58728","1884.96326","-74.28900","1269.19836","2277.58716","","","","195.76630","1036.14380","2319.26611","","","","121.47601","860.60248","2397.85400","-287.24380","902.34436","2184.46313","10.32712","907.93677","2330.52490","-185.33264","912.50043","2167.08716","","","","2.46030","521.37158","2442.97485","-112.68567","482.23920","2161.39526","36.14584","199.25890","2513.04004","-47.36803","156.06549","2095.75586",NA,"P3",29,14
499,4.98,"-150.33037","1579.87512","2322.71777","49.86590","1618.92542","2271.08032","","","","","","","146.97636","1370.61011","2301.26465","-30.92977","1323.28857","1892.94971","-77.62968","1268.93542","2283.59790","","","","191.96149","1035.67859","2330.02173","","","","116.67872","859.30145","2405.77930","-287.27158","900.95026","2185.65356","5.55122","907.63635","2337.86987","-186.16220","912.85797","2170.68652","","","","-1.16399","520.80658","2448.26147","-113.52090","482.42322","2164.22021","29.85441","199.49013","2524.43774","-47.31918","156.49022","2096.37842",NA,"P3",29,14
500,4.99,"-153.75893","1580.28955","2327.70190","46.90784","1619.17297","2279.28735","","","","","","","143.47881","1370.61292","2312.74048","-30.53548","1323.00928","1900.24841","-80.56237","1268.37842","2289.00269","","","","187.79750","1035.11157","2340.07251","","","","112.09341","857.75946","2413.49316","-287.04181","900.50867","2187.45337","1.09747","907.00977","2344.91284","-186.29678","912.70331","2172.99170","","","","-5.83338","520.49664","2454.66895","-113.81641","482.17709","2167.03345","24.08986","198.76688","2533.12378","-47.28210","156.74371","2096.88599",NA,"P3",29,14
501,5,"-157.14209","1580.35107","2332.29590","44.87366","1618.69043","2286.38501","","","","","","","139.45102","1370.59119","2324.27881","-30.78464","1323.69019","1909.88098","-83.81693","1267.96228","2294.84985","","","","184.29379","1034.70813","2350.65747","","","","107.44595","856.18268","2421.32910","-286.57101","900.00366","2189.18335","-2.82407","905.92426","2351.54956","-187.39125","912.82092","2176.42432","","","","-10.97139","519.96271","2461.05640","-113.68038","481.90820","2169.99829","19.61366","198.17201","2539.69678","-47.15527","157.17564","2097.59302",NA,"P3",29,14
502,5.01,"-160.41911","1580.08240","2336.82153","41.50446","1619.13159","2295.29712","","","","","","","135.17572","1369.83325","2334.64795","-30.62029","1323.68481","1919.22620","-86.74873","1267.05139","2300.12524","","","","179.64941","1034.06213","2360.66040","","","","102.46075","855.16425","2429.59595","-285.95892","899.17059","2190.64551","-7.34475","905.96838","2358.68628","-188.61429","913.00861","2180.00562","","","","-16.66967","519.13837","2467.37524","-113.35288","481.48434","2172.69214","16.30275","197.64182","2544.76514","-47.09683","157.58382","2098.35059",NA,"P3",29,14
503,5.02,"-164.04382","1580.55310","2340.99194","39.00823","1618.98950","2302.71362","","","","","","","131.33339","1369.82556","2346.18823","-30.87830","1324.72729","1929.48743","-89.99459","1267.16614","2305.77271","","","","175.28561","1034.12952","2372.19312","","","","97.77229","854.35889","2437.01758","-285.48434","897.74255","2191.66675","-11.43281","905.27954","2365.30029","-188.32123","912.57617","2184.39551","","","","-22.38818","517.29004","2472.70215","-113.56140","480.81161","2176.21875","14.27309","195.91722","2548.04883","-47.07682","157.19437","2101.13599",NA,"P3",29,14
504,5.03,"-167.57909","1580.45093","2345.20728","36.03563","1618.74231","2310.72974","","","","","","","126.59324","1369.30591","2356.41187","-31.25761","1325.23328","1938.82666","-93.39668","1266.60205","2311.65674","","","","170.77505","1033.54590","2382.52905","","","","92.58495","853.38605","2445.32446","-284.46140","896.24121","2192.04224","-15.08000","903.89191","2371.56543","-188.90865","913.22516","2188.62500","","","","-26.78889","516.04163","2478.10522","-113.65758","480.78888","2179.31104","13.11953","193.34656","2549.98901","-47.37032","157.61719","2102.17578",NA,"P3",29,14
505,5.04,"-171.15294","1581.01306","2349.33447","33.47713","1618.30334","2318.44434","","","","","","","122.18295","1369.57678","2367.99878","","","","-96.38483","1265.99353","2316.82861","","","","166.23616","1033.34875","2393.10425","","","","87.58479","852.35162","2453.15723","-283.29333","895.19635","2192.41528","-19.33210","903.59735","2378.69189","-190.07021","913.07025","2192.71289","","","","-31.87540","514.74384","2484.77466","-113.53255","480.29770","2183.83105","12.58026","191.21391","2551.36401","-47.17670","158.13576","2102.85791",NA,"P3",29,13
506,5.05,"-174.38152","1581.25061","2353.51343","30.07614","1618.34753","2326.80835","","","","","","","117.06237","1369.48059","2378.28442","","","","-99.87383","1265.79114","2322.61768","","","","161.39601","1033.32825","2403.88623","","","","81.69454","852.05719","2462.16382","-282.10324","893.92792","2193.43994","-22.71082","902.26721","2385.42554","","","","","","","-35.78837","512.40930","2488.38989","-113.82247","480.15283","2187.94409","11.03475","189.06915","2552.82886","-46.99557","158.45734","2103.26245",NA,"P3",29,12
507,5.06,"-178.20522","1582.06372","2357.71899","27.44651","1618.36450","2334.21875","","","","","","","112.74252","1369.74780","2389.67920","","","","-102.91740","1264.84509","2327.88599","","","","156.95361","1033.17859","2414.59033","","","","75.98544","851.64960","2470.58252","-281.30585","892.82336","2194.14185","-26.76186","902.37103","2392.90967","","","","","","","-39.57079","509.74277","2492.37988","-113.94833","479.83438","2191.16162","8.75036","187.97621","2554.88892","-46.99717","158.62886","2104.28418",NA,"P3",29,12
508,5.07,"-181.72116","1582.06848","2360.89136","24.19232","1618.48584","2342.00854","","","","","","","107.51289","1369.04871","2399.60352","","","","-106.02894","1264.29602","2333.59131","","","","152.11713","1032.67834","2424.60571","","","","70.38602","851.08948","2478.77710","-279.75516","891.00970","2193.50439","-29.82774","901.28375","2399.75562","","","","","","","-42.79344","508.24136","2496.32764","-113.59762","479.01529","2195.77734","5.64022","186.37056","2557.59668","-46.05280","158.85974","2105.61816",NA,"P3",29,12
509,5.08,"-185.44038","1582.63965","2364.66919","20.91281","1618.44275","2350.13818","","","","","","","102.31117","1369.71863","2412.08374","","","","-109.46198","1264.33667","2339.05933","","","","147.64607","1032.91064","2436.26685","","","","64.73083","850.86786","2486.85571","-278.22693","889.33929","2193.35107","-33.53081","901.19568","2406.88550","","","","","","","-46.37167","507.65756","2501.02710","-113.38361","478.83279","2198.02222","2.98156","183.95247","2558.69482","-45.92834","159.83728","2106.37549",NA,"P3",29,12
510,5.09,"-189.29944","1583.74487","2369.53833","17.23746","1619.08252","2358.28369","","","","","","","97.00680","1369.70178","2421.80591","","","","-112.47752","1263.73596","2344.65625","","","","142.28954","1032.56384","2446.19287","","","","59.19220","850.45410","2494.77515","-276.15900","887.85455","2193.28540","-36.51355","900.56653","2414.20166","","","","","","","-50.74618","507.38269","2506.54663","-113.01550","478.83170","2200.60742","1.76451","183.16501","2559.23169","-45.40670","160.70476","2107.37476",NA,"P3",29,12
511,5.1,"-193.05386","1584.88025","2372.42993","13.59290","1619.62634","2365.95679","","","","","","","91.28097","1370.71631","2432.76440","","","","-115.34851","1263.38867","2349.64331","","","","137.53076","1033.57446","2458.45801","","","","52.92869","851.21289","2503.26831","-274.66617","886.05493","2192.57373","-38.89453","900.27625","2420.68042","","","","","","","-55.88753","506.20547","2509.70386","-112.38518","478.74341","2204.49854","0.27947","182.97849","2560.95874","-44.58022","161.43759","2109.28101",NA,"P3",29,12
512,5.11,"-197.07555","1585.89368","2375.81689","10.04623","1620.15613","2373.68848","","","","","","","85.38622","1371.82642","2444.33008","","","","-118.71379","1263.72363","2355.58423","","","","132.04117","1033.75220","2468.60522","","","","46.88291","851.62939","2511.48950","-272.34967","883.90399","2191.28638","-42.26086","901.02386","2428.51440","","","","","","","-61.14683","506.85391","2515.16333","-112.32686","479.15906","2207.16455","-1.27869","182.83192","2562.42188","-43.96261","162.27754","2110.10913",NA,"P3",29,12
513,5.12,"-173.57774","1140.00098","1604.49609","6.45342","1621.35486","2381.37598","","","","","","","79.45263","1372.77893","2454.74634","79.48805","982.72327","2222.52197","-121.38874","1263.42200","2360.59570","","","","126.95743","1035.77026","2481.02002","","","","40.31224","852.83148","2519.77832","-269.79269","882.89746","2191.68335","-44.76139","900.69751","2434.76978","","","","","","","-65.46972","507.09958","2519.40356","-112.16354","479.93295","2210.03076","-3.05046","183.54060","2564.09937","-42.22194","165.17517","2105.81421",NA,"P3",29,13
514,5.13,"","","","2.76670","1622.35901","2388.84521","","","","","","","73.10349","1374.24841","2464.42407","80.00842","984.52417","2231.02295","-124.69099","1264.05872","2366.15723","","","","121.02524","1037.10059","2491.95874","","","","34.22943","853.98358","2527.56299","-267.02740","881.56244","2190.42529","-47.00605","900.97375","2441.28271","","","","","","","-70.40923","507.68839","2523.35913","-112.20414","480.24469","2214.17090","-4.23576","183.19095","2564.88306","-41.38660","166.83958","2107.58887",NA,"P3",29,12
515,5.14,"","","","-1.38403","1622.97107","2396.45483","","","","","","","66.81905","1375.99207","2474.79541","80.30586","986.52374","2238.91797","-127.42829","1264.15759","2370.97803","","","","115.41464","1039.61072","2504.46704","","","","27.75321","855.59833","2535.68359","-263.27826","880.08459","2189.43335","-49.27177","901.84589","2447.57886","","","","","","","-73.04497","507.82874","2527.44165","-112.65514","480.51425","2217.74658","-5.62997","182.75102","2565.68335","-40.44743","167.32997","2108.77197",NA,"P3",29,12
516,5.15,"","","","-5.31775","1623.94641","2403.71094","","","","","","","60.47800","1378.16956","2484.34155","80.85944","987.83832","2247.33472","-130.58290","1264.77844","2376.41675","","","","","","","","","","21.03551","857.80597","2544.13940","-259.89270","878.74268","2188.08081","-51.99414","903.05402","2453.66284","","","","","","","-74.61153","507.45306","2531.22290","-113.51913","481.15091","2221.50854","-7.14674","182.13081","2566.98193","-39.79008","169.74641","2109.52979",NA,"P3",29,11
517,5.16,"-31.93010","99.83022","2207.94946","-9.44828","1624.78687","2411.44067","","","","","","","53.94233","1380.14929","2494.24243","81.22282","989.35571","2256.59253","-133.80455","1265.44727","2381.72974","103.61577","1043.33398","2527.28418","","","","","","","15.00675","859.56915","2552.03784","-256.22086","878.68646","2188.41162","-54.47194","903.96216","2460.00635","","","","","","","-75.39892","508.24881","2536.69556","-114.09711","481.57965","2224.80640","-7.88484","181.02322","2566.92798","-38.36150","171.95625","2110.70239",NA,"P3",29,13
518,5.17,"-32.32285","100.24133","2209.07617","-13.88111","1625.66431","2419.10962","","","","","","","47.48480","1382.14856","2503.29907","81.55634","990.94653","2265.13745","-136.34761","1265.14197","2386.26514","98.18627","1046.19238","2538.59448","","","","","","","8.33047","862.14703","2560.57983","-252.12062","877.94379","2186.66553","-56.36798","904.78790","2465.25293","","","","","","","-75.89298","506.57040","2539.70581","-114.82071","481.92923","2229.58594","-8.42511","180.14705","2567.63867","-35.65919","172.84111","2111.96631",NA,"P3",29,13
519,5.18,"","","","-17.91943","1627.07520","2426.10693","","","","","","","40.83850","1383.72156","2512.21851","82.05890","992.50519","2272.59937","-139.45276","1265.97705","2391.28760","92.11877","1048.43909","2549.48291","","","","","","","1.40796","864.78699","2569.08228","-247.95839","876.82806","2185.08252","-58.36768","905.25482","2470.58521","","","","","","","-75.39567","507.12732","2544.26270","-115.47498","482.45010","2232.91504","-8.85925","180.09789","2568.93457","-34.10353","175.76321","2113.69043",NA,"P3",29,12
520,5.19,"","","","-22.08786","1627.76794","2432.63232","","","","","","","34.23489","1385.55591","2520.42139","82.40562","993.67938","2281.05981","-142.36961","1266.09497","2395.94580","86.12430","1050.98499","2561.16113","","","","","","","-5.07737","866.80823","2577.58594","-242.82922","876.81781","2184.74561","-60.82943","905.59229","2475.59595","","","","","","","-75.38954","506.83456","2547.49487","-116.38396","482.94266","2235.95996","-9.23971","180.10486","2569.53369","-30.18240","178.04724","2114.84106",NA,"P3",29,12
521,5.2,"16.95348","1443.56494","2334.89990","-26.52305","1628.99646","2439.51367","","","","","","","27.10087","1387.38025","2529.27563","83.07576","995.39111","2289.65723","-145.30138","1266.57739","2400.44849","80.06760","1053.06580","2572.24292","","","","","","","-11.88465","868.86542","2586.08691","-238.42349","876.79706","2184.25903","-63.34101","905.92267","2480.54321","","","","","","","-74.70341","506.63531","2550.96118","-116.91149","483.20898","2239.88647","-9.50803","179.35844","2570.18457","-25.48011","179.74533","2117.10059",NA,"P3",29,13
522,5.21,"14.40735","1444.31238","2341.07129","-30.56776","1629.65479","2445.76001","","","","","","","20.21914","1389.04968","2537.34888","83.76008","996.81061","2297.22192","-148.38702","1267.27771","2404.75708","73.57085","1055.34766","2582.91895","","","","","","","-18.67822","870.85974","2594.64526","-234.22304","876.54675","2182.77734","-65.55528","906.04041","2485.06689","","","","","","","-74.24451","506.29877","2554.24854","-117.02689","483.58838","2243.66748","-10.08870","178.96657","2570.96753","-20.36460","182.54089","2121.99878",NA,"P3",29,13
523,5.22,"10.71332","1445.55518","2346.39209","-34.90982","1630.67773","2451.82544","","","","","","","13.33941","1390.21716","2544.54541","84.33829","998.68280","2306.38232","-151.32666","1267.23560","2408.76147","67.25829","1057.45337","2594.29956","","","","","","","-25.15733","872.78412","2603.06030","","","","-67.84650","906.58459","2489.70410","","","","","","","-74.41483","505.86481","2556.68823","-116.77332","484.40271","2246.28491","-10.59179","178.04204","2571.92871","-14.01127","184.92517","2124.24683",NA,"P3",29,12
524,5.23,"7.83830","1446.15173","2352.86060","-39.27678","1631.64673","2457.51440","","","","","","","6.43430","1391.41907","2551.55884","85.11868","1000.09833","2313.86450","-154.09894","1267.65942","2412.20020","60.83074","1059.35205","2605.27222","","","","","","","-31.60537","874.83826","2611.54639","","","","-70.37774","906.78644","2494.47632","","","","","","","-74.00090","506.38037","2560.35498","-115.74221","485.42297","2249.35840","-10.72990","177.45052","2572.12988","-7.68321","187.53497","2127.81152",NA,"P3",29,12
525,5.24,"4.81575","1446.82117","2358.47046","-43.60439","1632.33899","2463.31641","","","","","","","-0.45782","1392.32092","2558.28955","85.24895","1001.58899","2321.91870","-156.81532","1267.49353","2415.50977","53.68940","1061.25769","2615.79858","","","","","","","-38.23347","876.26538","2620.38232","","","","-72.93311","907.07233","2499.21704","","","","","","","-73.53264","505.88187","2561.90747","-114.58984","486.30615","2251.57642","-11.08078","177.66153","2572.96899","-0.24412","189.92123","2132.92725",NA,"P3",29,12
526,5.25,"2.11179","1448.04883","2364.44678","-48.36288","1633.22498","2469.31567","","","","","","","-7.18949","1393.01392","2564.70508","85.72310","1003.49500","2328.76416","-159.74779","1267.76733","2419.09863","46.58097","1062.54907","2626.15601","","","","","","","-45.36774","878.03687","2629.05933","","","","-75.22514","906.91681","2503.55737","","","","","","","-73.90202","505.18362","2563.58984","-113.29343","487.38730","2254.20166","-11.31259","177.64000","2573.28711","7.00542","192.59428","2133.90796",NA,"P3",29,12
527,5.26,"-0.57896","1448.97803","2370.52930","-53.03922","1634.25610","2474.94360","","","","","","","-14.17716","1394.04163","2571.29590","86.15066","1005.11316","2335.90845","-162.17349","1267.69287","2421.54932","38.97475","1064.40295","2636.72314","","","","-203.49707","874.56470","2175.63086","-52.11488","878.73260","2636.95581","","","","-77.49532","907.02881","2507.58960","","","","","","","-74.59184","505.23929","2565.48828","-111.43937","488.28693","2255.92017","-11.79502","177.54369","2573.50903","15.43503","195.82088","2140.84058",NA,"P3",29,13
528,5.27,"-3.64367","1449.37927","2376.24390","-57.58853","1634.81934","2480.10547","","","","","","","-20.78632","1394.76367","2577.16235","86.54872","1007.31915","2343.94507","-164.98436","1267.78491","2424.43384","31.25941","1066.13904","2646.69946","","","","","","","-59.12299","880.35992","2645.24585","","","","-81.09950","908.54767","2513.32422","","","","","","","-75.40360","505.48959","2567.54932","-109.04639","489.24908","2256.65234","-12.46860","176.78137","2574.02319","23.06761","197.84514","2145.19092",NA,"P3",29,12
529,5.28,"-5.93025","1450.15796","2380.98120","-62.07888","1635.87756","2485.68994","","","","","","","-26.78150","1395.20789","2582.10767","86.82234","1008.11652","2351.82715","-167.65926","1267.88977","2427.04321","23.40383","1067.67773","2656.70703","","","","","","","-65.78597","881.79053","2653.64429","","","","-85.50970","910.38458","2520.21313","","","","","","","-75.95548","505.35333","2568.70972","-105.66933","489.50784","2259.93384","-13.30643","176.53865","2574.34644","31.32738","200.54663","2150.38379",NA,"P3",29,12
530,5.29,"-8.83027","1451.52771","2387.14697","-66.52937","1636.56116","2490.42456","","","","","","","-33.12259","1395.62756","2587.58276","87.04966","1009.96112","2359.12305","-170.05029","1267.76343","2429.43506","15.43136","1069.32947","2665.83960","","","","","","","-73.04719","883.04645","2662.62891","","","","","","","","","","","","","-76.12646","504.78055","2568.37915","-102.32906","490.46185","2260.39990","-14.19701","176.33974","2575.11157","39.16041","201.30589","2157.30981",NA,"P3",29,11
531,5.3,"","","","-71.17478","1637.22778","2494.82739","","","","","","","-39.15259","1395.98401","2592.37036","87.00521","1011.44403","2364.72412","-172.50302","1268.48389","2431.42822","7.38979","1070.79907","2674.82544","","","","","","","-80.14720","884.12634","2670.04590","","","","","","","","","","","","","-77.54295","504.67496","2569.83228","-98.12301","490.93793","2264.33667","-14.83149","176.89719","2575.13696","","","",NA,"P3",29,9
532,5.31,"","","","-75.85144","1637.45947","2499.35669","","","","","","","-45.39676","1397.14380","2597.18945","87.32656","1012.94244","2372.16382","-174.92908","1268.45007","2433.57495","-0.48910","1072.80554","2683.58423","","","","","","","-87.03725","885.43762","2677.97656","","","","","","","","","","","","","-78.65146","504.96909","2570.94312","-94.60703","492.45013","2265.65063","-15.15541","176.68448","2575.25195","","","",NA,"P3",29,9
533,5.32,"","","","-80.13267","1638.61084","2503.65527","","","","","","","-51.09478","1397.30701","2601.17480","86.61574","1014.25195","2378.82275","-177.43384","1268.68408","2435.91528","-8.12238","1074.22998","2691.26685","","","","","","","-93.58028","886.74591","2685.72681","","","","","","","","","","","","","-79.43940","504.07761","2571.72949","-90.63115","493.22610","2267.10938","-15.97029","176.49280","2575.56372","","","",NA,"P3",29,9
534,5.33,"","","","-84.89404","1638.89124","2507.33276","","","","","","","-57.26154","1398.00610","2606.15527","","","","-179.68257","1269.13403","2437.48413","","","","","","","","","","-100.35198","887.78412","2691.97681","","","","","","","","","","","","","-80.64330","504.23441","2572.21533","-87.04348","494.98105","2268.13794","-16.69367","176.06100","2575.55151","","","",NA,"P3",29,7
535,5.34,"","","","-89.40707","1639.04211","2511.33960","","","","","","","-63.03215","1398.41064","2609.80176","","","","-182.14218","1269.97986","2439.42822","","","","","","","","","","-107.00932","888.84894","2699.21509","","","","","","","","","","","","","-82.07286","504.37061","2572.79688","-82.41675","495.26456","2270.42212","-17.58974","175.69618","2575.15039","","","",NA,"P3",29,7
536,5.35,"","","","-93.45209","1639.26331","2514.36304","","","","","","","-68.84995","1399.19983","2613.40747","","","","-184.05653","1270.16345","2440.59229","","","","","","","","","","-113.91232","889.84918","2705.78125","","","","","","","","","","","","","-83.43901","503.64877","2572.73682","-77.53856","495.82053","2271.73853","-18.13334","175.12080","2574.32642","","","",NA,"P3",29,7
537,5.36,"","","","-97.84466","1639.43823","2517.46143","","","","","","","-74.61835","1399.44263","2617.41089","","","","-186.27132","1270.79590","2442.36719","","","","","","","","","","-120.71810","890.92322","2711.90771","","","","","","","","","","","","","-85.16900","503.30859","2573.26880","-71.96499","495.53784","2275.72559","-19.06637","175.33769","2574.47998","","","",NA,"P3",29,7
538,5.37,"","","","-102.26215","1640.07410","2520.94946","","","","","","","-80.46844","1399.93518","2620.22070","","","","-188.74142","1271.13330","2444.35669","","","","","","","","","","-127.25575","892.12793","2717.65845","","","","","","","","","","","","","-86.03038","502.41324","2574.06323","-66.67858","495.88351","2277.78857","-19.57943","175.33672","2574.38354","","","",NA,"P3",29,7
539,5.38,"","","","-106.98746","1639.59338","2523.91309","","","","","","","-86.50324","1400.43066","2623.66479","","","","-190.49419","1271.18079","2445.13135","","","","","","","","","","-133.83179","892.86414","2723.43677","","","","","","","","","","","","","-87.26490","502.40039","2574.91797","-61.19388","496.51443","2277.71777","-20.08804","175.38768","2574.73779","","","",NA,"P3",29,7
540,5.39,"","","","-110.76998","1640.30139","2526.87329","","","","","","","-92.01451","1400.47668","2626.67407","","","","-193.69440","1271.88379","2448.63672","","","","","","","","","","-140.33115","893.33575","2728.17114","","","","","","","","","","","","","-88.68384","502.49844","2575.55786","-55.48412","496.71518","2280.97095","-20.45356","175.36890","2574.87378","","","",NA,"P3",29,7
541,5.4,"","","","-115.00420","1639.80872","2528.47656","","","","","","","-97.86298","1400.92676","2628.96997","","","","","","","","","","","","","","","","-146.66508","894.62927","2733.53833","","","","","","","","","","","","","-90.28025","501.42398","2575.98853","-49.74563","497.12173","2282.34448","-20.81773","175.31927","2575.03198","","","",NA,"P3",29,6
542,5.41,"","","","-119.13777","1640.10156","2531.42285","","","","","","","-103.90123","1400.63782","2631.37085","","","","","","","","","","","","","","","","-153.27946","894.85333","2738.03516","","","","","","","","","","","","","-91.78046","500.59082","2575.54639","-44.08850","497.54602","2283.83057","-21.33410","175.31529","2575.38428","","","",NA,"P3",29,6
543,5.42,"","","","-123.39462","1639.46887","2533.13818","","","","","","","-109.89805","1400.66260","2633.32983","","","","","","","","","","","","","","","","-158.04272","895.47052","2742.82788","","","","","","","","","","","","","-92.89628","500.07770","2576.55444","-38.23014","498.09534","2285.00024","-21.62562","175.22899","2575.61035","","","",NA,"P3",29,6
544,5.43,"","","","-127.05522","1639.77637","2535.11060","","","","","","","-115.93535","1400.56909","2635.00977","","","","","","","","","","","","","","","","-164.20424","895.94562","2746.78125","","","","","","","","","","","","","-94.36156","500.48401","2577.47119","-32.53634","498.67917","2286.40454","-22.02806","175.14536","2576.14453","","","",NA,"P3",29,6
545,5.44,"","","","-131.10182","1639.44092","2536.90796","","","","","","","-122.12571","1400.79285","2636.85767","","","","","","","","","","","","","","","","-170.31012","896.46893","2749.86987","","","","","","","","","","","","","-95.66730","500.04938","2577.30103","-26.98864","499.26141","2288.01953","-22.39738","174.99968","2575.97534","","","",NA,"P3",29,6
546,5.45,"","","","-135.14455","1639.04443","2538.47192","","","","","","","-128.10800","1400.55005","2638.65747","","","","","","","","","","","","","","","","-176.13261","896.61005","2753.57666","","","","","","","","","","","","","-97.50320","499.80850","2576.90234","-21.58839","499.86343","2289.84717","-23.08820","174.92439","2576.48535","","","",NA,"P3",29,6
547,5.46,"","","","","","","","","","","","","-133.70328","1400.13232","2639.25562","","","","","","","","","","","","","","","","-181.77809","896.93884","2755.83105","","","","","","","","","","","","","-98.84385","499.43506","2577.29761","-16.22937","499.52042","2294.90576","-23.95177","175.00702","2576.67236","","","",NA,"P3",29,5
548,5.47,"","","","","","","","","","","","","-139.38654","1400.10620","2640.02905","","","","","","","","","","","","","","","","-187.57869","897.15332","2757.96143","","","","","","","","","","","","","-99.56460","499.33548","2577.11646","-10.33509","497.67703","2303.09619","-24.30245","174.28419","2576.32935","","","",NA,"P3",29,5
549,5.48,"","","","","","","","","","","","","-145.18478","1400.18445","2641.30005","","","","","","","","","","","","","","","","-193.21553","897.36511","2758.91357","","","","","","","","","","","","","-101.74392","499.40289","2577.74731","-5.10645","499.13971","2304.40430","-25.20913","174.33905","2576.89697","","","",NA,"P3",29,5
550,5.49,"","","","","","","","","","","","","-150.64572","1399.83716","2641.62744","","","","","","","","","","","","","","","","-198.74973","897.39331","2760.12402","","","","","","","","","","","","","-103.25038","497.97440","2576.26367","0.81959","499.37152","2306.15698","-25.65269","174.03613","2576.48047","","","",NA,"P3",29,5
551,5.5,"","","","","","","","","","","","","-156.14456","1399.70410","2642.05688","","","","","","","","","","","","","","","","-204.25307","897.52979","2760.53906","","","","","","","","","","","","","-104.91140","498.51733","2577.15405","6.49543","499.95566","2311.23926","-25.82398","173.58113","2576.02832","","","",NA,"P3",29,5
552,5.51,"","","","","","","","","","","","","-161.45325","1399.79797","2642.39697","","","","","","","","","","","","","","","","-209.81744","897.50549","2760.51050","","","","","","","","","","","","","-106.68171","497.77219","2576.20313","12.47371","499.99655","2318.30005","-26.01283","173.09657","2575.92944","","","",NA,"P3",29,5
553,5.52,"","","","","","","","","","","","","","","","","","","","","","","","","","","","","","","-215.23126","897.59058","2760.14624","","","","","","","","","","","","","-109.48450","497.99231","2576.29395","17.90244","501.09433","2321.33472","-26.78066","173.51808","2576.66309","","","",NA,"P3",29,4
554,5.53,"","","","","","","","","","","","","","","","","","","","","","","","","","","","","","","-220.90796","897.53094","2759.64844","","","","","","","","","","","","","-111.20119","497.73264","2576.26489","24.16249","500.18860","2328.93945","-27.21265","173.61063","2577.13257","","","",NA,"P3",29,4
555,5.54,"","","","","","","","","","","","","","","","","","","","","","","","","","","","","","","-226.35214","897.34625","2757.57471","","","","","","","","","","","","","-113.75161","496.85355","2574.82813","29.61815","500.27301","2333.85132","-27.98504","174.10286","2577.97437","","","",NA,"P3",29,4
556,5.55,"","","","","","","","","","","","","","","","","","","","","","","","","","","","","","","-231.63567","896.51849","2755.95166","","","","","","","","","","","","","-115.87949","497.12723","2575.04297","34.75427","500.87064","2336.05981","-28.50492","174.78448","2577.89429","","","",NA,"P3",29,4
557,5.56,"","","","","","","","","","","","","","","","","","","","","","","","","","","","","","","-237.13319","896.01910","2754.05005","","","","","","","","","","","","","-118.50516","495.78552","2573.29370","39.51736","501.74377","2340.13770","-28.82313","174.83823","2577.82642","","","",NA,"P3",29,4
558,5.57,"","","","","","","","","","","","","","","","","","","","","","","","","","","","","","","-242.38986","895.10010","2751.23730","","","","","","","","","","","","","-120.54768","496.40082","2574.00269","44.03392","501.20160","2347.68896","-28.92698","174.55504","2577.55786","","","",NA,"P3",29,4
559,5.58,"","","","","","","","","","","","","","","","","","","","","","","","","","","","","","","-247.27208","894.63715","2747.92676","","","","","","","","","","","","","-122.47303","494.89810","2571.53613","47.91449","502.05618","2352.33276","-29.73920","174.87933","2578.16040","","","",NA,"P3",29,4
560,5.59,"","","","","","","","","","","","","","","","","","","","","","","","","","","","","","","-251.45943","893.86829","2745.13477","","","","","","","","","","","","","-124.35955","495.89838","2572.44727","51.91888","500.16626","2361.65991","-30.29818","174.66534","2578.27856","","","",NA,"P3",29,4
561,5.6,"","","","","","","","","","","","","","","","","","","","","","","","","","","","","","","-256.52866","893.01788","2741.85474","","","","","","","","","","","","","-125.40262","494.88846","2570.74170","55.60366","499.73581","2366.23413","-30.71307","174.64270","2578.14893","","","",NA,"P3",29,4
562,5.61,"","","","","","","","","","","","","","","","","","","","","","","","","","","","","","","-261.23618","891.49969","2737.57007","","","","","","","","","","","","","-127.13947","494.38370","2569.74512","58.66024","500.94080","2369.58228","-31.30103","174.65918","2578.45215","","","",NA,"P3",29,4
563,5.62,"","","","","","","","","","","","","","","","","","","","","","","","","","","","","","","-265.86325","891.04633","2733.55884","","","","","","","","","","","","","-128.20306","494.61102","2569.87573","61.76595","501.08240","2372.43872","-31.47518","174.25218","2577.96680","","","",NA,"P3",29,4
564,5.63,"","","","","","","","","","","","","","","","","","","","","","","","","","","","","","","-269.72696","890.03046","2728.96973","","","","","","","","","","","","","-129.41870","494.42715","2568.98096","65.38106","499.57242","2379.82593","-32.06676","174.78732","2577.67480","","","",NA,"P3",29,4
565,5.64,"","","","","","","","","","","","","","","","","","","","","","","","","","","","","","","-274.01877","888.37579","2723.65552","","","","","","","","","","","","","-130.88876","493.76157","2567.50342","68.46054","499.10458","2388.49097","-32.43696","174.75896","2577.44141","","","",NA,"P3",29,4
566,5.65,"","","","","","","","","","","","","","","","","","","","","","","","","","","","","","","-276.62231","888.43188","2713.19482","","","","","","","","","","","","","-131.60416","493.82886","2566.84497","71.78745","498.77658","2393.65454","-32.51472","174.56024","2577.23413","","","",NA,"P3",29,4
567,5.66,"","","","","","","","","","","","","","","","","","","","","","","","","","","","","","","-279.87625","886.97119","2706.50562","","","","","","","","","","","","","-132.34326","493.98779","2566.52026","74.51205","500.23087","2394.66577","-32.57530","174.41010","2577.07031","","","",NA,"P3",29,4
568,5.67,"","","","","","","","","","","","","","","","","","","","","","","","","","","","","","","-283.84726","885.81238","2701.16138","","","","","","","","","","","","","-133.27614","493.70850","2565.35449","78.02021","498.28925","2403.10254","-32.60947","174.33617","2576.97192","","","",NA,"P3",29,4
569,5.68,"","","","","","","","","","","","","","","","","","","","","","","","","","","","","","","-287.09100","884.84442","2693.89014","","","","","","","","","","","","","-134.22487","493.03397","2563.43896","80.84731","498.54504","2408.50708","-33.09130","174.60341","2577.56982","","","",NA,"P3",29,4
570,5.69,"","","","","","","","","","","","","","","","","","","","","","","","","","","","","","","-290.45157","883.58081","2686.67529","","","","","","","","","","","","","-135.40515","493.75290","2563.75781","83.80296","499.06638","2414.10767","-33.38489","174.79463","2577.65063","","","",NA,"P3",29,4
571,5.7,"","","","","","","","","","","","","","","","","","","","","","","","","","","","","","","-293.58072","882.44153","2679.96655","","","","","","","","","","","","","-136.59979","493.38095","2562.48657","86.58028","499.32117","2418.13843","-33.70087","174.95735","2577.81763","","","",NA,"P3",29,4
572,5.71,"","","","","","","","","","","","","","","","","","","","","","","","","","","","","","","-296.29773","881.09106","2671.68652","","","","","","","","","","","","","-138.34763","493.00717","2559.75269","88.76266","499.25287","2425.68042","-34.19156","175.56647","2577.96631","","","",NA,"P3",29,4
573,5.72,"","","","","","","","","","","","","","","","","","","","","","","","","","","","","","","-299.04013","880.08466","2664.39575","","","","","","","","","","","","","-140.01740","494.03275","2559.32495","90.91769","500.86188","2426.47900","-35.02284","176.41994","2578.65039","","","",NA,"P3",29,4
574,5.73,"","","","","","","","","","","","","","","","","","","","","","","","","","","","","","","-302.08521","878.69739","2655.80762","","","","","","","","","","","","","-142.32487","493.30603","2557.33179","93.20736","500.00101","2434.79346","-35.26714","176.63124","2578.35400","","","",NA,"P3",29,4
575,5.74,"","","","","","","","","","","","","","","","","","","","","","","","","","","","","","","-303.99936","878.14001","2648.10669","","","","","","","","","","","","","-143.66306","493.69336","2555.38965","94.99911","499.39389","2440.94434","-35.42673","176.82509","2577.79956","","","",NA,"P3",29,4
576,5.75,"","","","","","","","","","","","","","","","","","","","","","","","","","","","","","","-307.12521","876.98993","2638.94092","","","","","","","","","","","","","-145.33968","493.27829","2553.02222","95.95728","499.48260","2440.97534","-35.85513","176.68352","2577.39331","","","",NA,"P3",29,4
577,5.76,"","","","","","","","","","","","","","","","","","","","","","","","","","","","","","","-309.01517","876.39990","2631.06494","","","","","","","","","","","","","-146.77058","493.53192","2551.86670","99.65939","498.58633","2445.27295","-36.79654","177.06586","2577.45288","","","",NA,"P3",29,4
578,5.77,"","","","","","","","","","","","","","","","","","","","","","","","","","","","","","","-310.33252","875.06000","2620.60156","","","","","","","","","","","","","-147.72797","492.54123","2548.70435","99.96187","499.01895","2448.97144","-37.51526","177.56932","2577.23560","","","",NA,"P3",29,4
579,5.78,"","","","","","","","","","","","","","","","","","","","","","","","","","","","","","","-312.51761","874.61328","2611.11401","","","","","","","","","","","","","-148.72124","492.91455","2548.27734","101.41968","498.40622","2451.94995","-37.94497","177.52267","2576.96143","","","",NA,"P3",29,4
580,5.79,"","","","","","","","","","","","","","","","","","","","","","","","","","","","","","","-314.55295","873.84790","2601.05225","","","","","","","","","","","","","-150.02823","492.33563","2546.77417","101.77847","498.77487","2456.08887","-38.09248","177.22096","2576.53076","","","",NA,"P3",29,4
581,5.8,"","","","","","","","","","","","","","","","","","","","","","","","","","","","","","","-315.63919","874.27399","2592.13159","","","","","","","","","","","","","-151.49678","492.34888","2545.01172","103.85632","498.52872","2461.28882","-38.24256","176.89047","2576.10547","","","",NA,"P3",29,4
582,5.81,"","","","","","","","","","","","","","","","","","","","","","","","","","","","","","","-316.49365","873.64764","2581.27954","","","","","","","","","","","","","-152.18867","492.56223","2543.88623","104.42513","498.93768","2465.17920","-39.01154","177.54768","2576.69263","","","",NA,"P3",29,4
583,5.82,"","","","","","","","","","","","","","","","","","","","","","","","","","","","","","","-317.11548","873.95746","2571.01416","","","","","","","","","","","","","-153.91223","491.70117","2541.60767","105.81965","499.08417","2470.02075","-39.62408","178.15503","2576.93994","","","",NA,"P3",29,4
584,5.83,"","","","","","","","","","","","","","","","","","","","","","","","","","","","","","","-318.40384","874.47772","2560.80762","","","","","","","","","","","","","-154.76060","492.05621","2540.22437","106.78656","499.94644","2474.66260","-39.93121","178.31581","2576.96094","","","",NA,"P3",29,4
585,5.84,"","","","","","","","","","","","","","","","","","","","","","","","","","","","","","","-318.95264","874.78766","2550.43823","","","","","","","","","","","","","-156.22534","492.78409","2538.21655","107.67225","499.73141","2477.96948","-40.12875","178.74059","2576.58789","","","",NA,"P3",29,4
586,5.85,"","","","","","","","","","","","","","","","","","","","","","","","","","","","","","","-319.24658","875.41364","2539.89014","","","","","","","","","","","","","-157.19989","491.83810","2536.18091","108.32936","499.44669","2480.96948","-40.56400","179.70863","2576.43652","","","",NA,"P3",29,4
587,5.86,"","","","","","","","","","","","","","","","","","","","","","","","","","","","","","","-319.53754","876.48651","2529.67163","","","","","","","","","","","","","-157.82483","492.31476","2535.32300","109.76234","498.92419","2484.32935","-40.67417","179.55783","2576.07495","","","",NA,"P3",29,4
588,5.87,"","","","","","","","","","","","","","","","","","","","","","","","","","","","","","","-319.63721","877.78058","2519.25146","","","","","","","","","","","","","-158.62027","491.93082","2532.87109","109.82021","498.45139","2486.48950","-41.18922","180.61383","2575.90210","","","",NA,"P3",29,4
589,5.88,"","","","","","","","","","","","","","","","","","","","","","","","","","","","","","","-319.63937","878.44415","2509.31323","","","","","","","","","","","","","-159.26064","491.24603","2530.56885","111.27686","499.42499","2490.34961","-41.46609","180.77626","2576.05005","","","",NA,"P3",29,4
590,5.89,"","","","","","","","","","","","","","","","","","","","","","","","","","","","","","","-319.44495","879.61279","2499.59814","","","","","","","","","","","","","-160.01337","491.89108","2530.49658","111.74928","499.98544","2493.90161","-41.56812","180.62032","2575.72461","","","",NA,"P3",29,4
591,5.9,"","","","","","","","","","","","","","","","","","","","","","","","","","","","","","","-319.11588","881.12152","2489.16553","","","","","","","","","","","","","-160.86806","492.09689","2528.95703","113.41878","499.29230","2496.12402","-41.88218","180.59416","2575.70972","","","",NA,"P3",29,4
592,5.91,"","","","","","","","","","","","","","","","","","","","","","","","","","","","","","","-319.02075","883.01782","2479.46582","","","","","","","","","","","","","-162.65805","492.03574","2526.65503","115.28929","499.52243","2499.12183","-42.55425","181.22174","2575.47559","","","",NA,"P3",29,4
593,5.92,"","","","","","","","","","","","","","","","","","","","","","","","","","","","","","","-318.29984","884.39142","2469.89966","","","","","","","","","","","","","-163.31720","492.20093","2525.72632","116.53394","499.74835","2499.42114","-43.33705","181.82275","2575.52710","","","",NA,"P3",29,4
594,5.93,"","","","","","","","","","","","","","","","","","","","","","","","","","","","","","","-316.83170","886.20276","2460.31055","","","","","","","","","","","","","-165.21164","491.61002","2522.12891","119.18447","499.26306","2503.81909","-44.19756","182.27664","2576.02466","","","",NA,"P3",29,4
595,5.94,"","","","","","","","","","","","","","","","","","","","","","","","","","","","","","","-315.53989","888.30499","2451.54663","","","","","","","","","","","","","-166.93304","492.15430","2521.27148","121.75971","499.47192","2507.39526","-44.92812","183.45631","2575.66040","","","",NA,"P3",29,4
596,5.95,"","","","","","","","","","","","","","","","","","","","","","","","","","","","","","","-314.42035","890.10376","2441.55078","","","","","","","","","","","","","-168.87090","491.71033","2517.96558","123.23696","499.24802","2507.89844","-45.12706","183.69035","2574.92310","","","",NA,"P3",29,4
