PathFileType	4	(X/Y/Z)	C:\Users\WrightLab\Desktop\Jo\P5V26.trc
DataRate	CameraRate	NumFrames	NumMarkers	Units	OrigDataRate	OrigDataStartFrame	OrigNumFrames
100.00	100.00	       739	19	mm	100.00	1	       739
Frame#	Time	Headset_Front			Headset_Back			Headset_Left			Headset_Right			Left_Shoulder			Right_Shoulder			Sternum			C7			Left Elbow			Right Elbow			Left Wrist			Right Wrist			Left ASIS			Right ASIS			S2			Left Knee			Right Knee			Left Ankle			Right Ankle			
		X1	Y1	Z1	X2	Y2	Z2	X3	Y3	Z3	X4	Y4	Z4	X5	Y5	Z5	X6	Y6	Z6	X7	Y7	Z7	X8	Y8	Z8	X9	Y9	Z9	X10	Y10	Z10	X11	Y11	Z11	X12	Y12	Z12	X13	Y13	Z13	X14	Y14	Z14	X15	Y15	Z15	X16	Y16	Z16	X17	Y17	Z17	X18	Y18	Z18	X19	Y19	Z19	

1	0.000										-281.67422	1595.39941	-1202.88477																-478.53387	1185.05347	-1345.21863							-46.93335	907.22406	-1271.11987	-319.79971	942.35693	-1244.94031	-445.36966	1073.09045	-1135.26147	-31.45829	466.42371	-1300.46924	-399.01633	478.29065	-1309.27136							
2	0.010										-281.46521	1595.46826	-1202.05273																-478.56412	1185.00305	-1345.38550							-47.71735	908.00592	-1268.46167	-319.94272	942.36151	-1244.06592	-445.58255	1072.85315	-1135.33167	-32.00933	466.98520	-1298.50293	-399.10663	478.33731	-1309.28760							
3	0.020										-281.43057	1595.45947	-1202.05066																-478.60370	1184.96387	-1345.45862							-47.71815	907.96869	-1268.46350	-319.98087	942.39447	-1244.07605	-445.76245	1072.71497	-1135.37439	-32.69039	467.51511	-1296.61768	-399.16180	478.38409	-1309.29956							
4	0.030										-281.36353	1595.39954	-1201.73560																-478.66666	1184.95264	-1345.48792							-47.73255	907.89429	-1268.54395	-320.00729	942.41931	-1244.08313	-446.19656	1072.87390	-1135.49597	-32.72167	467.44629	-1296.80420	-399.21609	478.40982	-1309.30908							
5	0.040										-281.34735	1595.38586	-1201.73706																-478.72977	1184.92627	-1345.48425							-47.82241	907.68109	-1269.06592	-320.00000	942.54059	-1243.76392	-446.93942	1072.46851	-1135.74133	-32.78677	467.28256	-1297.19006	-399.23648	478.42239	-1309.31287							
6	0.050										-281.33636	1594.94910	-1201.17053																-479.01740	1185.28259	-1346.11682							-48.52248	907.96021	-1266.75342	-320.26932	942.64508	-1243.10742	-447.30164	1071.53833	-1135.78247	-32.85821	467.10849	-1297.61401	-399.28851	478.44220	-1309.32141							
7	0.060										-281.23227	1594.82324	-1200.38501																-479.10010	1185.28699	-1346.14465							-49.16176	907.98022	-1264.97729	-320.35864	942.54248	-1242.58826	-448.60242	1071.62195	-1135.75073	-32.87934	467.04633	-1297.73816	-399.30994	478.44550	-1309.32434							
8	0.070										-281.27271	1594.84119	-1200.38562																-479.18777	1185.31787	-1346.07849							-49.26426	907.75079	-1265.57275	-320.34866	942.51056	-1242.58350	-449.01074	1071.84460	-1135.98560	-32.91627	466.97067	-1297.95898	-399.32394	478.45737	-1309.32739							
9	0.080										-281.27048	1594.72412	-1200.10303																-479.28552	1185.30786	-1346.04846							-49.47377	906.53729	-1265.19812	-320.32083	942.45770	-1242.57349	-449.23828	1071.22046	-1135.82007	-32.93987	466.89194	-1298.09668	-399.50208	478.28397	-1309.32690							
10	0.090										-281.31503	1594.68921	-1200.11768																-479.38000	1185.25403	-1346.01917							-49.50850	906.33282	-1265.39050	-320.29193	942.41321	-1242.56409	-450.19666	1071.30078	-1135.55676	-32.95240	466.85010	-1298.16968	-399.49753	478.27621	-1309.32544							
11	0.100										-281.37503	1594.47607	-1200.06519																-479.47556	1185.24854	-1346.08093							-49.49894	906.30896	-1265.33167	-320.20880	942.48633	-1242.27515	-449.90784	1069.81604	-1135.19897	-33.42985	467.13400	-1296.15186	-399.63116	478.06754	-1309.54700							
12	0.110										-281.44537	1594.18860	-1199.60828																-479.59454	1185.26733	-1346.11914							-49.52383	906.21027	-1265.47290	-320.19647	942.43799	-1242.26843	-450.27277	1069.35242	-1134.79504	-33.42108	467.12146	-1296.09595	-399.65027	478.07684	-1309.55029							
13	0.120										-281.45349	1594.00305	-1199.05408																-479.68420	1185.25476	-1346.00757							-49.53227	906.14545	-1265.51843	-320.36163	942.18976	-1242.02417	-450.67242	1069.42456	-1134.52234	-33.37700	467.23041	-1295.83472	-399.80780	477.73669	-1309.20691							
14	0.130										-281.45374	1593.84424	-1198.39783																-479.82642	1185.19482	-1346.09192							-49.70336	907.98767	-1252.07788	-320.39957	942.17700	-1241.72290	-450.78229	1069.53345	-1134.40771	-33.38874	467.19455	-1295.90356	-400.79630	478.46487	-1308.42261							
15	0.140										-281.52628	1593.83618	-1198.40930																-480.26413	1184.37659	-1344.03821							-49.72105	907.71954	-1251.08533	-320.89575	942.27509	-1240.97803	-451.64737	1069.69336	-1134.39746	-33.35379	467.29184	-1295.69763	-400.99738	478.19623	-1308.45020							
16	0.150										-281.57553	1593.84326	-1197.93372																-480.41110	1184.33337	-1343.97607							-49.51349	906.11365	-1265.40369	-320.91159	942.29602	-1240.98291	-451.82880	1069.22937	-1133.71704	-33.38063	467.18225	-1295.85168	-401.02261	478.20657	-1308.45447							
17	0.160										-281.67847	1593.73157	-1197.60498																-480.54141	1184.32739	-1343.88257							-49.53066	906.08478	-1265.50415	-321.80099	942.34473	-1240.49597	-452.17639	1069.55176	-1133.73071	-33.39631	467.14410	-1295.94470	-401.05698	478.32532	-1307.94653							
18	0.170										-281.80481	1593.74451	-1197.61804																-480.64157	1184.30078	-1343.85266							-49.51510	906.08783	-1265.41125	-321.81573	942.37524	-1240.14417	-452.20490	1069.51624	-1133.74121	-33.38988	467.16064	-1295.90674	-401.08029	478.33264	-1307.95020							
19	0.180										-281.90402	1593.79297	-1197.40210																-481.03842	1184.14185	-1343.28760							-49.58628	905.94061	-1265.82568	-321.84833	942.38684	-1239.60339	-452.31534	1068.83069	-1133.64868	-33.43541	467.03668	-1296.17517	-401.09778	478.33014	-1307.95190							
20	0.190										-282.11865	1593.84949	-1197.41541																-481.18646	1184.14478	-1343.20264							-50.09558	906.64752	-1264.11609	-322.57843	942.41309	-1239.43665	-452.83459	1068.98242	-1133.73682	-33.89556	467.09604	-1294.51392	-401.12570	478.34036	-1307.95642							
21	0.200										-282.34326	1593.75146	-1197.26343																-481.58490	1184.21667	-1343.09412							-50.79689	907.06128	-1262.06287	-322.52185	942.55615	-1239.25781	-452.39288	1068.01257	-1133.25574	-33.92045	467.04083	-1294.66211	-401.12506	478.33978	-1307.95630							
22	0.210										-282.55518	1593.77844	-1197.28406																-481.75720	1184.17102	-1343.09692							-50.78468	907.03119	-1261.98743	-322.69675	942.18488	-1239.39319	-452.41397	1067.95569	-1132.95825	-33.92324	467.01239	-1294.67615	-401.83160	478.59894	-1307.50269							
23	0.220										-282.80035	1593.55750	-1196.77380																-481.94415	1184.07617	-1343.14185							-51.01898	907.54401	-1251.71570	-322.79889	942.01990	-1239.19434	-452.44363	1067.89795	-1132.73108	-33.93435	466.98566	-1294.74207	-402.51443	478.97144	-1306.99707							
24	0.230										-283.06662	1593.60706	-1196.79578																-482.14365	1184.00830	-1343.07654							-51.00829	907.52087	-1251.70789	-322.79630	941.96045	-1238.30811	-452.53229	1067.80115	-1132.73438	-33.96233	466.92291	-1294.90845	-402.47705	478.33032	-1306.79126							
25	0.240										-283.35217	1593.68005	-1196.81433																-482.27676	1183.54004	-1342.36523							-51.86475	906.88434	-1252.07776	-322.77924	941.88501	-1238.29785	-453.27072	1067.84192	-1132.24426	-33.94507	466.97647	-1294.80750	-402.50473	477.69531	-1306.97693							
26	0.250										-283.64291	1593.56873	-1196.69922																-482.58987	1183.05103	-1341.48340							-51.88793	907.21991	-1249.38098	-322.83102	941.79315	-1237.82458	-453.40451	1067.24622	-1132.21301	-33.91698	467.00217	-1294.63611	-402.70270	477.52213	-1306.55994							
27	0.260										-283.91751	1593.59827	-1196.72742																-483.04794	1182.75220	-1340.62219							-51.89198	907.56042	-1246.67358	-322.84140	941.26776	-1237.46069	-453.94003	1067.40552	-1131.63477	-33.92455	466.96683	-1294.67908	-402.75385	477.54993	-1306.18835							
28	0.270										-284.17084	1593.55933	-1196.46082																-483.42807	1182.40686	-1339.57666							-51.91647	907.48987	-1246.69287	-322.87268	941.14087	-1237.14441	-453.66840	1067.05200	-1131.43359	-33.92093	466.96869	-1294.65686	-403.35291	477.41699	-1306.31238							
29	0.280										-284.52667	1593.50610	-1196.59155																-483.59302	1182.28210	-1339.42676							-51.88541	907.46130	-1246.66968	-322.86115	941.04993	-1237.13379	-454.41730	1066.71130	-1131.33618	-33.91059	466.97476	-1294.59338	-403.32336	477.52533	-1305.93970							
30	0.290										-284.86401	1593.54272	-1196.62610																-483.77847	1182.19495	-1339.41687							-51.87121	907.43689	-1246.65906	-323.14301	940.57092	-1236.92065	-454.40976	1066.65308	-1130.80420	-33.87878	467.03101	-1294.40234	-403.65875	476.80942	-1306.13269							
31	0.300										-285.20041	1593.35010	-1196.22192																-483.98523	1182.05994	-1339.39258							-51.85607	907.40967	-1246.64795	-323.26575	940.46155	-1236.36182	-455.75290	1066.17822	-1130.14319	-33.86921	467.08282	-1294.34888	-403.66269	476.77274	-1306.12891							
32	0.310										-285.64093	1593.32800	-1196.46667																-484.56052	1182.00623	-1339.08496							-51.88288	907.36432	-1246.66858	-323.37115	940.18481	-1236.26392	-455.87540	1066.01660	-1130.15735	-33.85157	467.10318	-1294.24182	-403.88986	476.48697	-1305.89417				-388.25598	75.36707	-1430.16272	
33	0.320										-286.03235	1593.22424	-1196.26587																-484.81375	1181.95496	-1339.23157							-51.90982	907.31177	-1246.68945	-323.46695	940.03241	-1236.06458	-455.87534	1065.24780	-1129.80542	-33.81647	467.20129	-1294.03528	-403.92548	476.45499	-1305.33972				-388.94595	75.16493	-1426.63379	
34	0.330										-286.45880	1593.10803	-1196.28784																-485.03857	1181.91687	-1339.45667							-51.94017	907.27753	-1246.71277	-323.45837	940.00952	-1236.06091	-456.97351	1065.27356	-1129.61316	-33.80556	467.18774	-1293.96594	-403.85953	476.28568	-1305.31189				-388.93048	75.08447	-1426.53906	
35	0.340										-286.81403	1592.97400	-1196.08118																-485.32129	1181.89233	-1339.78052							-52.02606	906.88391	-1246.74866	-323.44730	939.98053	-1236.05603	-457.12064	1064.83386	-1128.98669	-33.31005	467.18155	-1295.41309	-403.94708	475.99146	-1305.27356				-388.95218	75.00912	-1426.63025	
36	0.350										-287.22934	1592.83569	-1196.11646																-485.53680	1181.85327	-1339.94373							-52.07698	906.86908	-1246.78735	-323.45932	939.97009	-1236.05737	-457.52695	1064.50378	-1128.69788	-33.26686	467.25903	-1295.15369	-403.87289	475.07990	-1305.21704				-389.00595	74.80508	-1426.85303	
37	0.360										-287.63672	1592.91150	-1196.15027																-485.75098	1181.31348	-1338.98267							-52.11173	906.87140	-1246.81360	-323.92947	939.69415	-1235.68335	-458.06345	1064.46899	-1128.31860	-33.23294	467.33191	-1294.95142	-403.96487	474.73511	-1305.48901				-389.04660	74.66621	-1427.02441	
38	0.370										-288.10223	1592.82825	-1195.98206																-485.97043	1181.30432	-1339.10876							-52.18354	906.84900	-1246.86816	-324.23938	939.31708	-1235.05518	-458.09265	1064.09998	-1127.82556	-33.15261	467.52859	-1294.47522	-403.98810	474.57626	-1305.21045				-389.06992	74.55576	-1427.11597	
39	0.380										-288.57776	1592.63525	-1195.65906																-486.41003	1180.94641	-1338.27820							-52.92300	906.81555	-1247.18994	-324.22177	939.29645	-1235.04993	-458.28510	1063.92676	-1127.87146	-33.09539	467.66312	-1294.13525	-403.76529	475.14407	-1303.41199				-389.05621	74.53703	-1427.04333	
40	0.390										-289.00208	1592.69531	-1195.69922																-486.80447	1180.48938	-1337.30212							-52.95903	906.80164	-1247.21741	-324.22583	939.29974	-1235.05103	-458.32675	1063.42505	-1128.02539	-32.56346	467.47177	-1295.82312	-403.72797	475.02527	-1303.39343				-389.06839	74.43289	-1427.08069	
41	0.400										-289.40402	1592.73254	-1195.74219																-487.58554	1180.55054	-1336.85632							-52.94222	906.81372	-1247.20459	-324.21097	939.28766	-1235.04712	-459.21317	1062.90979	-1127.03967	-32.50590	467.60077	-1295.48022	-403.69266	474.98538	-1303.38440				-389.05081	74.46775	-1427.00085	
42	0.410										-289.84091	1592.52283	-1195.39429																-487.80316	1180.55078	-1336.78430							-52.99208	906.53741	-1246.23853	-324.39862	939.22455	-1233.95361	-459.43997	1062.64221	-1127.04089	-32.46360	467.65240	-1295.22302	-403.70071	474.95505	-1303.38171				-389.07962	74.38173	-1427.12524	
43	0.420										-290.37170	1592.31042	-1195.41663																-488.01636	1180.55725	-1336.74084							-52.98551	906.80969	-1247.23730	-324.50314	939.04816	-1233.91504	-459.91730	1061.69312	-1125.97705	-32.44083	467.71002	-1295.08813	-403.67361	474.89462	-1303.37134				-389.12769	74.21938	-1427.32837	
44	0.430										-290.85654	1592.24841	-1195.20325																-488.23685	1180.58032	-1336.61682							-52.96746	906.81903	-1247.22363	-324.58850	938.89459	-1233.85046	-460.28491	1060.73499	-1125.06543	-32.38779	467.79160	-1294.76782	-403.87238	474.35461	-1304.05444				-389.02881	74.38554	-1426.87244	
45	0.440										-291.33417	1592.31775	-1195.24805																-488.41589	1180.64978	-1336.35901							-52.96494	906.54120	-1246.21790	-324.57657	938.87732	-1233.84656	-462.23761	1060.08826	-1124.90308	-32.34962	467.82758	-1294.53455	-403.90750	474.23062	-1304.43762				-389.07300	74.17746	-1427.04565	
46	0.450										-291.88132	1592.11316	-1195.25488																-488.69144	1180.33423	-1335.27429							-52.95684	907.18854	-1244.50720	-324.72510	938.60712	-1233.96411	-462.11768	1059.58765	-1124.64685	-32.32186	467.87274	-1294.36707	-404.01749	474.05856	-1304.30591				-389.05817	74.19987	-1426.97668	
47	0.460										-292.28915	1592.05347	-1195.01221																-489.13254	1180.17920	-1334.30896							-52.94400	907.19684	-1244.49744	-324.70090	938.59344	-1233.95825	-460.07541	1057.57532	-1122.54749	-32.26392	467.99240	-1294.02063	-403.98517	474.01837	-1304.29724				-388.98856	74.33443	-1426.65967	
48	0.470										-292.68887	1592.11328	-1194.75781																-489.45364	1179.38660	-1332.19226							-52.92113	907.22772	-1244.47998	-324.86731	938.26459	-1234.09790	-462.18921	1056.69727	-1123.38513	-31.07215	466.42819	-1297.32849	-403.47214	473.63333	-1304.36292				-389.08444	74.07869	-1427.08020	
49	0.480										-293.16592	1592.21765	-1194.79370																-489.91742	1179.38599	-1331.45190							-52.85821	907.24017	-1244.43225	-324.93311	938.15997	-1233.81543	-462.04510	1056.48535	-1123.54504	-30.42122	466.06644	-1298.69519	-403.28546	473.92090	-1303.64783				-389.12408	74.00726	-1427.26184	
50	0.490										-293.69257	1591.94702	-1194.21045																-490.02338	1179.34216	-1330.94788							-52.79838	907.23456	-1244.38721	-324.84723	938.32294	-1233.54211	-462.47491	1056.07129	-1123.67078	-29.98606	465.57510	-1298.56152	-403.38519	473.65610	-1303.98376				-389.13257	73.97806	-1427.29761	
51	0.500										-294.15479	1592.02307	-1194.25183																-490.10504	1179.29272	-1330.62000							-52.74630	907.89740	-1242.64502	-324.84995	938.32172	-1233.54248	-462.58633	1054.92981	-1122.75818	-29.07275	465.18231	-1299.69983	-403.15121	474.05475	-1303.30420				-389.14667	73.90139	-1427.35034	
52	0.510										-294.58057	1592.08655	-1194.29163																-490.18649	1179.20703	-1330.26453							-52.78388	907.91425	-1242.67322	-325.46796	937.83356	-1233.20166	-463.29370	1053.05249	-1121.86426	-28.87242	465.59805	-1298.49756	-403.32495	473.86896	-1302.86292				-389.12448	73.90537	-1427.24036	
53	0.520										-295.07462	1591.65344	-1193.76074																-490.29803	1179.10181	-1329.91138							-52.67632	907.96265	-1242.59167	-325.55093	937.66760	-1233.40857	-463.57166	1052.91394	-1121.96362	-28.64610	466.01654	-1297.13342	-402.95001	473.33289	-1302.82080				-389.12860	73.87119	-1427.25305	
54	0.530										-295.49615	1591.65894	-1193.50647																-490.40826	1178.97693	-1329.53076							-52.68267	907.94855	-1242.59656	-325.92282	937.24390	-1232.64819	-463.52493	1052.47778	-1121.81238	-28.39810	466.46579	-1295.63757	-402.92648	473.28976	-1302.81274				-389.20032	73.68374	-1427.56824	
55	0.540										-295.95770	1591.75537	-1193.54272																-490.56396	1178.76831	-1329.20215							-52.67901	907.95374	-1242.59375	-325.91577	937.23956	-1232.64636	-464.14835	1052.17249	-1121.46704	-28.16770	466.88141	-1294.24756	-402.88223	473.25903	-1302.80383				-389.15121	73.72057	-1427.33130	
56	0.550										-296.36798	1591.87463	-1193.31702																-490.74579	1178.08618	-1327.99658							-52.66922	907.95673	-1242.58643	-325.47229	936.85919	-1232.09949	-465.16855	1051.54163	-1120.50305	-27.91282	467.45181	-1292.72278	-402.84543	473.23474	-1302.79651				-389.07440	73.88125	-1426.98438	
57	0.560										-296.81030	1591.83191	-1193.20337																-491.14078	1177.59741	-1326.97888							-52.50530	908.01825	-1241.51013	-325.46045	936.84619	-1232.09607	-466.10660	1050.69495	-1120.58325	-27.71258	467.84216	-1291.51819	-401.54968	472.60385	-1303.05542				-389.07349	73.90320	-1426.98486	
58	0.570										-297.16791	1591.65466	-1192.72131																-491.48065	1177.04346	-1325.83728							-52.58045	907.68005	-1241.51819	-325.41306	936.81018	-1232.08386	-466.34494	1050.34216	-1120.74768	-27.13776	467.20184	-1291.90918	-401.49536	472.58704	-1303.04700				-389.15250	73.76376	-1427.34766	
59	0.580										-297.50146	1591.66638	-1192.19739																-492.13049	1177.01367	-1325.28052							-52.45828	907.97107	-1242.42700	-325.56781	936.54114	-1232.01611	-466.17563	1049.92749	-1120.94922	-26.92264	467.65988	-1290.61865	-401.42233	472.54919	-1303.03381				-389.03894	73.99587	-1426.83362	
60	0.590										-297.84189	1591.63538	-1191.93335																-492.22937	1176.94971	-1325.26697							-52.28506	908.02509	-1242.29590	-325.67014	935.63165	-1230.31934	-466.23587	1049.60657	-1120.62732	-26.75205	468.00073	-1289.59277	-401.19431	472.67197	-1302.65735				-389.07428	73.91924	-1426.99268	
61	0.600										-298.23907	1591.49121	-1191.52759																-492.31717	1176.92334	-1325.25208							-51.34192	908.47369	-1241.85107	-325.62604	935.59955	-1230.30811	-466.46707	1049.27112	-1120.64539	-26.17854	468.16663	-1290.57556	-401.03674	472.63382	-1302.63403				-389.07492	73.97661	-1427.00903	
62	0.610										-298.53922	1591.27271	-1190.72925																-492.36264	1176.90369	-1325.21289							-51.18230	908.54291	-1241.72998	-325.58035	935.40979	-1231.19348	-466.96893	1048.42712	-1120.40894	-26.07369	468.37173	-1289.94397	-400.66803	473.07327	-1302.01111				-389.03857	74.09675	-1426.85510	
63	0.620										-298.89401	1591.16699	-1190.51086																-492.41855	1176.87756	-1325.19861							-51.00705	908.59729	-1241.59729	-325.42874	935.61517	-1230.94031	-466.99594	1048.56970	-1120.59009	-25.48330	468.31827	-1291.28772	-399.72549	472.67795	-1301.94324				-389.01025	74.10785	-1426.71606	
64	0.630										-299.17181	1591.16675	-1190.54785																-492.45932	1176.84924	-1325.20325							-50.80948	908.62372	-1241.44800	-324.82565	935.18152	-1230.95190	-467.13589	1048.02344	-1119.97607	-25.44094	468.40771	-1291.03308	-399.32510	473.04425	-1301.54565				-389.03659	74.11949	-1426.85034	
65	0.640										-299.54291	1590.76367	-1190.27563																-492.52460	1176.79321	-1325.22815							-50.54060	909.45239	-1241.89539	-324.86298	935.10040	-1229.80115	-467.23819	1047.92114	-1120.01770	-25.38847	468.55258	-1290.72180	-399.19061	472.97849	-1301.52161				-388.99643	74.18205	-1426.66418	
66	0.650										-299.89822	1590.66223	-1190.23914																-492.59958	1176.75854	-1325.27588							-50.38636	908.76221	-1241.12744	-323.44742	935.93335	-1235.90222	-467.17831	1047.40149	-1119.68640	-25.37345	468.59402	-1290.63257	-399.05774	472.91809	-1301.49841				-388.93546	74.26675	-1426.37878	
67	0.660										-300.16425	1590.58606	-1190.00208																-492.68509	1176.71887	-1325.33289							-50.07774	908.82794	-1240.89392	-323.24826	936.06891	-1234.95605	-467.14233	1047.21875	-1119.49878	-25.33791	468.68762	-1290.42126	-398.90707	472.86157	-1301.47363				-388.98563	74.19328	-1426.61267	
68	0.670										-300.42401	1590.31482	-1189.30530																-492.77771	1176.65906	-1325.40759							-49.89198	908.84930	-1240.75354	-323.02264	936.29437	-1233.89539	-467.16043	1047.39197	-1119.67773	-25.32729	468.70807	-1290.35718	-398.58682	472.29205	-1301.37891				-388.95895	74.26780	-1426.49646	
69	0.680										-300.71301	1590.29248	-1189.01245																-492.87430	1176.60632	-1325.55029							-49.77724	908.86517	-1240.66675	-322.79346	935.72070	-1232.97644	-467.40295	1047.31335	-1119.39502	-25.31684	468.73016	-1290.29431	-398.50415	472.24124	-1301.36292				-388.88293	74.36726	-1426.13953	
70	0.690										-300.97983	1590.14673	-1188.60461																-492.85632	1176.19958	-1324.90283							-49.69630	908.87274	-1240.60559	-322.03799	935.48578	-1234.13977	-467.26419	1047.10352	-1119.43481	-25.30024	468.75809	-1290.19373	-398.37418	472.17569	-1301.33948				-388.88083	74.45576	-1426.14941	
71	0.700										-301.16910	1590.19470	-1188.17896																-492.94974	1175.73535	-1323.92603							-48.94269	908.60132	-1239.25073	-321.79703	935.69843	-1233.00146	-467.39777	1047.23291	-1119.05981	-25.27803	468.78516	-1290.05798	-398.30807	472.31207	-1300.53992				-388.86536	74.47012	-1426.07532	
72	0.710										-301.31497	1590.28894	-1187.73315																-492.98834	1175.69678	-1323.95288							-48.84074	908.60858	-1239.17383	-321.60034	935.89026	-1232.07532	-467.55035	1047.17480	-1118.86694	-24.74466	468.01239	-1291.65906	-398.02066	471.76324	-1299.77332				-388.81250	74.55143	-1425.82983	
73	0.720										-301.52487	1590.20898	-1187.50378																-493.00809	1175.66492	-1323.96729							-48.71714	908.61438	-1239.08044	-321.34692	936.11597	-1230.87842	-467.22678	1047.06824	-1119.18201	-24.13328	467.13577	-1293.66138	-397.75455	471.69861	-1299.03052				-388.85483	74.49947	-1426.02954	
74	0.730										-301.69031	1589.89490	-1186.80640																-493.03671	1175.63782	-1323.94995							-48.65131	908.61493	-1239.03076	-321.11316	936.25427	-1229.76294	-467.62302	1047.09949	-1118.87720	-23.57386	466.56009	-1295.58167	-397.62393	471.84229	-1298.66785				-388.77042	74.69118	-1425.65161	
75	0.740										-301.82803	1589.78809	-1186.23340																-493.06894	1175.60876	-1323.97632							-48.04383	908.83740	-1238.73071	-320.90305	936.44904	-1228.77173	-467.61011	1047.09351	-1118.87097	-23.54725	466.59616	-1295.41895	-397.04102	471.29428	-1298.66772				-388.73026	74.73158	-1425.46033	
76	0.750										-301.96725	1589.50610	-1185.52502																-493.58945	1175.13977	-1322.23389							-47.25220	908.67163	-1238.35657	-320.65601	936.70258	-1227.60999	-467.65872	1047.33020	-1118.39331	-23.51546	466.67685	-1295.22900	-396.62936	471.35364	-1298.79980				-388.67358	74.89099	-1425.21362	
77	0.760										-302.16364	1589.52026	-1185.54785																-493.58923	1175.13037	-1322.17212							-47.21214	908.68976	-1238.32617	-320.21484	935.86316	-1227.36829	-467.57297	1047.18579	-1117.31982	-22.86005	466.04932	-1297.27612	-396.59335	471.63333	-1297.43408				-388.69406	74.89655	-1425.31726	
78	0.770										-302.33139	1589.11365	-1184.87366																-493.55685	1175.16736	-1322.04602							-47.18588	908.69153	-1238.30640	-319.81421	935.15607	-1227.52454	-467.48517	1047.19604	-1117.15417	-22.48094	465.18167	-1298.13281	-396.43787	471.88458	-1296.72827				-388.62921	75.10001	-1425.03979	
79	0.780										-302.50385	1589.10791	-1184.89844																-493.53098	1175.21252	-1321.90039							-47.17085	908.70050	-1238.29492	-319.64932	935.30579	-1226.74585	-467.35776	1047.22119	-1116.79993	-22.43847	465.24738	-1297.87378	-396.54956	471.89377	-1296.06519				-388.56586	75.24615	-1424.75671	
80	0.790										-302.63065	1589.13770	-1184.69263																-493.23270	1174.90662	-1321.34949							-47.10484	908.72620	-1238.24500	-319.56589	935.37091	-1226.35010	-467.15967	1047.07690	-1116.39380	-22.40079	465.30353	-1297.64392	-396.60233	471.96613	-1295.50134				-388.55414	75.28691	-1424.70740	
81	0.800										-302.74252	1588.87158	-1184.09058																-493.19485	1174.93945	-1321.17273							-47.04332	909.53101	-1237.83984	-318.99298	934.84729	-1228.30579	-467.36212	1047.19470	-1116.33350	-22.38267	465.31186	-1297.53113	-396.41895	472.30801	-1295.04663				-388.52509	75.46075	-1424.60181	
82	0.810										-302.87320	1588.64478	-1183.56885																-493.13434	1174.95032	-1320.93677							-47.01631	908.76636	-1238.17786	-318.85968	935.04852	-1227.68835	-467.69617	1047.39880	-1115.41504	-22.33784	465.35532	-1297.25488	-395.72952	472.25336	-1294.55017				-387.80206	75.65313	-1427.95813	
83	0.820										-302.97656	1588.24683	-1182.71191																-493.09595	1174.99414	-1320.75964							-46.97171	908.79633	-1238.14392	-318.81091	935.05957	-1227.45251	-467.71570	1047.12012	-1114.79297	-22.29806	465.36038	-1297.00586	-395.56152	472.61737	-1293.60254				-387.80063	75.66795	-1427.95447	
84	0.830										-303.07938	1588.03699	-1182.23792																-493.01620	1175.00708	-1320.47827							-46.83979	908.82532	-1238.04419	-318.28641	934.46075	-1228.65894	-467.49442	1047.03040	-1114.29675	-22.24464	465.43210	-1296.67883	-395.61166	472.59323	-1292.89404				-387.77588	75.82420	-1427.86670	
85	0.840										-303.19656	1588.04309	-1182.25232																-492.95438	1175.04126	-1320.28015							-46.66616	910.23486	-1236.86682	-317.81900	934.49323	-1229.85449	-467.49097	1047.03357	-1113.94556	-22.31455	465.12399	-1295.10620	-395.40445	472.86609	-1292.26428				-387.73630	75.93806	-1427.69495	
86	0.850										-303.36163	1587.89246	-1182.20325																-492.58017	1174.80225	-1319.89893							-45.96331	910.13104	-1236.52161	-317.75922	934.51367	-1229.56604	-468.02832	1046.80945	-1113.18433	-22.20195	465.31906	-1294.42224	-395.28006	473.02267	-1291.90381				-387.70999	76.03566	-1427.58582	
87	0.860										-303.48398	1587.79126	-1181.95386																-492.49371	1174.81262	-1319.64355							-45.88114	910.15637	-1236.45935	-317.28494	933.74420	-1230.18408	-467.95081	1046.83960	-1113.02954	-22.07799	465.50723	-1293.66614	-395.20969	473.00220	-1291.89270				-387.67844	76.18299	-1427.46179	
88	0.870										-303.52853	1587.64612	-1181.44214																-492.42645	1174.83533	-1319.39355							-45.29224	910.15027	-1234.81226	-317.16290	933.85986	-1229.60706	-467.94635	1046.84119	-1113.02759	-21.90931	465.75116	-1292.63574	-395.09930	472.92368	-1291.86963				-387.59738	76.40397	-1427.10706	
89	0.880										-303.60718	1587.40686	-1180.93115																-492.34070	1174.85815	-1319.13062							-45.00143	910.50696	-1234.64185	-317.11304	933.82227	-1229.35767	-467.95877	1046.80481	-1112.88733	-21.68425	466.14667	-1291.26892	-394.96326	473.13904	-1290.87036				-387.58218	76.48569	-1427.04980	
90	0.890										-303.64197	1587.38245	-1180.61304																-492.29453	1174.46863	-1317.81787							-44.78719	910.55280	-1234.48010	-316.98920	933.94525	-1228.77283	-467.44211	1046.77307	-1112.09863	-21.05025	465.64847	-1291.16650	-394.25531	473.06860	-1289.84204				-387.58542	76.49175	-1427.06726	
91	0.900										-303.70218	1587.16309	-1180.21753																-492.17792	1174.50012	-1317.49121							-44.50293	910.56616	-1234.26587	-316.86105	934.13934	-1228.17871	-467.64880	1046.97583	-1111.85132	-20.85566	465.93927	-1289.97803	-394.28445	473.05261	-1289.16565				-387.51514	76.63371	-1426.74829	
92	0.910										-303.65860	1587.27393	-1179.81628																-492.04272	1174.52502	-1317.12451							-44.45845	909.71008	-1232.19263	-316.65570	934.39374	-1227.21716	-468.10236	1047.13025	-1110.35571	-20.58967	465.60593	-1288.90430	-394.60208	472.54730	-1288.74243				-387.51816	76.73127	-1426.78552	
93	0.920										-303.64713	1587.40173	-1179.69568																-491.75198	1174.14795	-1315.89832							-44.20375	909.72827	-1232.00073	-316.39380	934.70508	-1225.98889	-468.23041	1046.83472	-1110.34412	-20.43930	465.78537	-1287.98071	-394.22595	472.86011	-1288.25940				-387.45868	76.85554	-1426.51672	
94	0.930										-303.62900	1587.47583	-1179.45923																-491.55756	1174.17578	-1315.30566							-43.88404	909.74097	-1231.76001	-316.12323	934.97711	-1224.71191	-468.31198	1046.59570	-1109.57373	-20.49277	465.56079	-1286.27502	-393.96768	473.10526	-1287.63965				-387.45969	76.87183	-1426.52527	
95	0.940										-303.64185	1587.51990	-1179.44995																-491.31528	1174.18030	-1314.72021							-42.84471	909.80139	-1231.21545	-315.86389	935.27264	-1223.49341	-468.23297	1046.65479	-1108.49951	-20.22739	465.10504	-1285.09204	-393.86368	473.01419	-1287.30518				-387.49054	76.84347	-1426.67310	
96	0.950										-303.65253	1587.54419	-1179.44531																-491.07657	1174.17468	-1314.10291							-42.73058	909.53113	-1230.13599	-315.59189	935.58594	-1222.21606	-467.69409	1046.14685	-1107.83899	-20.10125	465.20667	-1284.31201	-393.78271	473.13403	-1286.17200				-387.38974	77.03120	-1426.21191	
97	0.960										-303.60681	1587.33105	-1178.91931																-490.81577	1174.17773	-1313.52087							-42.53820	910.31921	-1229.63440	-315.28616	935.91638	-1220.77661	-467.64133	1046.04565	-1107.62708	-19.98663	465.32962	-1283.60645	-393.36017	473.57364	-1285.40820				-387.37344	77.14900	-1426.15710	
98	0.970										-303.60330	1587.20349	-1178.72485																-490.56848	1174.17480	-1312.98181							-42.41516	910.32843	-1229.54175	-314.63937	935.40405	-1220.59058	-467.34363	1045.47522	-1106.48779	-20.26288	465.58496	-1280.80786	-393.19580	473.77493	-1284.78796				-387.33499	77.20979	-1425.97888	
99	0.980										-303.40280	1587.16028	-1177.68274																-490.31082	1174.11963	-1312.42322							-42.27650	910.30109	-1229.43762	-314.36810	935.63702	-1219.30334	-466.94421	1043.99475	-1106.57825	-20.20305	465.50421	-1280.42249	-393.30643	473.53302	-1284.48303				-387.33435	77.24136	-1425.98267	
100	0.990										-303.34888	1587.19629	-1177.66626																-490.04352	1174.07336	-1311.84985							-42.12983	910.27771	-1229.32739	-314.07968	935.91077	-1217.93860	-466.82971	1043.64038	-1106.26221	-20.64273	465.67850	-1278.15088	-393.19315	473.89682	-1282.68530				-387.27252	77.37364	-1425.70361	
101	1.000										-303.17517	1587.19690	-1176.90967																-489.77548	1174.01672	-1311.25586							-42.06248	910.27271	-1229.27686	-313.76184	936.21021	-1216.43420	-466.54834	1043.25159	-1106.17847	-20.60979	465.58295	-1277.93237	-392.95645	474.15640	-1282.05005				-387.23288	77.44734	-1425.52234	
102	1.010										-303.09256	1587.21716	-1176.89319																-489.33136	1173.81958	-1310.75269							-41.25122	910.28448	-1228.90466	-313.51736	936.32764	-1215.25806	-466.89645	1043.38635	-1106.01904	-20.18029	464.64685	-1278.45630	-392.43491	473.71811	-1281.63293				-387.17810	77.61781	-1425.28711	
103	1.020										-303.01495	1587.11633	-1176.57922																-489.06830	1173.32251	-1309.70911							-41.23745	909.48535	-1229.25110	-313.44684	936.32733	-1214.91296	-466.82596	1042.82532	-1104.68689	-20.11372	464.60675	-1278.03284	-393.05573	473.80795	-1279.47205				-387.12131	77.70722	-1425.02368	
104	1.030										-302.93240	1587.12646	-1176.56531																-488.91272	1173.19751	-1309.32373							-41.17372	909.45355	-1229.20337	-312.94434	935.52795	-1216.22156	-467.11850	1042.54187	-1104.35547	-20.02973	464.62018	-1277.50598	-392.79230	473.03683	-1278.27637				-387.07889	77.83218	-1424.83984	
105	1.040										-302.82681	1587.00647	-1176.28918																-488.76410	1173.05701	-1308.93921							-40.58722	909.24139	-1228.90405	-312.70798	934.67999	-1216.40466	-467.09808	1042.36401	-1104.21802	-19.97735	464.65683	-1277.18079	-392.65970	472.84119	-1277.82068				-387.03482	77.93019	-1424.64185	
106	1.050										-302.58838	1586.70020	-1175.13940																-488.39737	1172.60571	-1308.18982							-40.43111	909.21777	-1228.78674	-312.59802	934.69159	-1215.86841	-467.12408	1042.36340	-1103.86133	-19.90650	464.75189	-1276.74670	-392.45441	472.93890	-1275.60706				-386.97455	78.07464	-1424.37341	
107	1.060										-302.40512	1586.74194	-1174.92236																-488.23224	1172.04285	-1306.81543							-39.64558	909.06012	-1228.38062	-312.55560	934.67773	-1215.65845	-467.33151	1041.97290	-1102.77405	-19.45452	463.85556	-1277.87610	-391.95096	472.33740	-1274.36536				-386.89890	78.24882	-1424.03479	
108	1.070										-302.25070	1586.62537	-1174.61011																-487.66980	1171.93127	-1306.87292							-39.42504	909.49402	-1226.66858	-312.46179	934.73767	-1215.20923	-467.86133	1041.13599	-1102.51782	-19.60476	463.63892	-1276.68579	-391.67908	472.73184	-1272.38171				-386.82333	78.43233	-1423.69861	
109	1.080										-302.05011	1586.39282	-1173.74011																-487.45883	1171.86572	-1306.50513							-39.40531	909.18750	-1222.80713	-312.39963	934.74841	-1214.90649	-467.63824	1040.56995	-1102.02100	-19.50817	463.77954	-1276.09558	-390.67587	473.00302	-1271.08923				-386.72580	78.67538	-1423.26611	
110	1.090										-301.96106	1586.36804	-1173.73401																-487.26382	1171.81738	-1306.13928							-39.13969	908.74304	-1224.15063	-311.16394	932.55829	-1219.42590	-465.34921	1039.37537	-1100.51050	-19.29554	463.39618	-1275.35156	-390.56555	472.76718	-1269.77271				-386.50122	80.52622	-1424.58044	
111	1.100										-301.87085	1586.25134	-1173.45886																-487.10211	1171.82849	-1305.93335							-38.73908	909.25397	-1222.30688	-311.27554	932.04755	-1218.61206	-467.67392	1040.13721	-1100.98608	-19.14935	463.64145	-1274.46228	-390.13129	473.05179	-1268.03699				-386.44742	80.68923	-1424.34888	
112	1.110										-301.75217	1585.85364	-1172.40466																-486.95673	1171.85376	-1305.75305							-38.46033	909.28680	-1222.09753	-311.20508	932.11908	-1218.27869	-467.91885	1040.24878	-1100.66724	-19.00931	463.90201	-1273.61340	-389.03525	472.97430	-1266.37146				-386.28632	81.12979	-1423.64417	
113	1.120										-301.52109	1585.92737	-1171.47888																-486.81296	1171.88770	-1305.49536							-38.26967	909.29883	-1221.95447	-311.11554	932.20300	-1217.85388	-467.04660	1039.83081	-1100.85071	-18.72661	464.44382	-1271.90161	-388.83719	472.85925	-1264.75293				-386.64346	83.19598	-1420.99048	
114	1.130										-301.38635	1586.03455	-1170.95862																-486.65295	1171.97119	-1305.21790							-38.10767	909.30829	-1221.83276	-310.86899	932.52075	-1216.69849	-467.30151	1039.99792	-1099.90173	-18.45406	464.14661	-1270.79077	-387.72751	473.15463	-1262.95398				-386.45200	83.73928	-1420.15845	
115	1.140										-301.40884	1585.95056	-1170.87329																-486.47406	1172.07886	-1304.91138							-38.01829	909.33069	-1221.76563	-310.68286	932.75635	-1215.82520	-467.64520	1040.22131	-1099.93652	-18.50257	464.05136	-1268.97620	-386.90259	473.43649	-1261.01343				-386.29163	84.32544	-1419.49109	
116	1.150										-301.27509	1585.93311	-1169.79150																-486.29590	1172.18018	-1304.54639							-37.93632	909.34625	-1221.70398	-310.42603	933.06952	-1214.61853	-465.51410	1038.52405	-1098.10852	-18.46647	464.10861	-1268.75635	-386.64499	473.96683	-1259.28210				-386.36813	86.53769	-1418.93079	
117	1.160										-301.22311	1585.75940	-1168.90710																-486.13205	1172.31665	-1304.11609	150.87874	966.76215	-1271.93506				-37.89562	909.35260	-1221.67334	-310.15097	933.39746	-1213.32507	-466.78210	1039.37622	-1098.85474	-18.49686	463.99393	-1268.93384	-386.10861	474.89465	-1257.46594				-386.30527	88.82134	-1417.02209	
118	1.170										-301.11761	1585.97009	-1168.05481																-486.01556	1172.41931	-1303.72253	150.92068	966.80200	-1271.63403				-37.88869	909.34503	-1221.66821	-309.41196	932.84741	-1213.96582	-466.74637	1039.60046	-1099.14673	-18.95577	464.08963	-1267.27222	-386.20563	476.08594	-1254.02686				-386.14316	89.59252	-1416.38782	
119	1.180										-301.20990	1586.01855	-1167.74524																-485.87225	1172.48242	-1303.21338	150.96684	966.81873	-1271.30286				-37.90316	909.34198	-1221.67908	-309.12509	933.19476	-1212.61670	-466.60110	1039.34436	-1097.82275	-19.57385	464.09927	-1266.10913	-383.39429	475.87100	-1252.44373				-387.16135	93.87369	-1411.94629	
120	1.190										-301.10779	1586.28589	-1166.86975																-485.76593	1172.53748	-1302.85669	150.27931	967.30951	-1268.77161				-37.93433	909.32239	-1221.70251	-308.84476	933.50922	-1211.29431	-466.39542	1039.45459	-1097.62378	-19.72007	463.81970	-1266.99280	-382.00638	476.56671	-1249.90186				-387.07028	94.24426	-1411.57727	
121	1.200										-301.17520	1585.91675	-1165.49780																-485.70081	1172.55603	-1302.48914	150.30188	967.35596	-1268.60974				-37.97066	909.03729	-1220.74219	-308.52560	933.03748	-1210.68250	-466.57867	1039.77551	-1097.90698	-21.52279	465.78400	-1262.12219	-379.91083	477.57721	-1246.11230				-387.48236	96.79076	-1408.34985	
122	1.210										-301.32669	1586.13733	-1165.16040																-485.64603	1172.60876	-1302.06934	150.32689	967.34479	-1268.43054				-37.99789	909.01416	-1220.76270	-308.34348	933.20972	-1209.81824	-466.43048	1039.86865	-1096.84460	-22.30610	466.08081	-1260.87280	-376.17697	478.71060	-1241.88916				-387.59485	98.72482	-1406.82275	
123	1.220										-301.38248	1586.17773	-1164.04651																-485.61166	1172.63220	-1301.61804	150.33186	967.26587	-1268.39526				-38.06581	909.03711	-1218.98804	-308.17972	933.35455	-1209.03943	-465.95892	1039.60034	-1096.59827	-22.48762	465.73126	-1261.96582	-373.40689	479.17081	-1237.84595				-387.22168	100.12071	-1405.28418	
124	1.230										-301.47601	1585.97961	-1162.74182																-485.61270	1172.67224	-1301.29858	149.35292	967.03064	-1264.77563				-38.19289	909.41107	-1216.52197	-307.91534	933.60834	-1207.78540	-466.26389	1039.52759	-1095.68823	-22.66033	465.25723	-1262.98962	-370.46838	478.85864	-1231.82898				-387.22318	102.76680	-1403.36816	
125	1.240										-301.60263	1586.17615	-1162.19470																-485.63321	1172.66565	-1300.92603	149.36215	966.93823	-1264.71069				-38.72020	909.16339	-1216.73669	-307.52444	932.74365	-1208.78906	-466.47855	1040.11255	-1095.09351	-23.27548	465.19171	-1261.80652	-366.74466	479.30377	-1227.88538				-386.36908	104.28839	-1403.98706	
126	1.250										-301.73715	1585.91516	-1160.81116																-485.66034	1172.67847	-1300.49719	149.36621	966.87885	-1264.68213				-39.32380	908.93158	-1216.97876	-307.42831	932.79156	-1208.32581	-466.54849	1039.50806	-1094.55017	-24.27292	465.82043	-1259.54663	-365.71292	480.35419	-1223.45068				-385.96005	105.12885	-1402.14063	
127	1.260										-301.96964	1585.55103	-1159.61340																-485.67801	1172.18384	-1298.92651	149.22839	965.96100	-1264.42065				-39.46925	907.86902	-1215.46277	-307.35614	932.80823	-1207.97510	-466.81589	1039.35400	-1094.25208	-24.40896	465.40906	-1260.34656	-365.32684	482.31577	-1218.34424				-385.91037	105.53464	-1397.45984	
128	1.270										-302.12161	1585.76697	-1158.79675																-485.72943	1172.24170	-1298.53857	149.26021	965.91144	-1264.19397				-39.49002	907.83026	-1215.47852	-307.39624	932.72321	-1208.15808	-466.90414	1039.23096	-1094.13586	-24.64964	464.69489	-1261.76294	-365.91846	484.39240	-1213.37988				-385.94171	107.74409	-1390.24939	
129	1.280										-302.38257	1585.53638	-1157.40552																-485.81982	1172.33960	-1298.13306	149.25360	965.78058	-1264.24255				-39.49193	907.78455	-1215.47998	-307.48303	932.54938	-1208.55542	-467.21472	1039.40186	-1093.38025	-25.50128	465.07156	-1260.27551	-366.30103	485.18085	-1208.91113				-385.77026	108.61789	-1383.41284	
130	1.290										-302.78598	1585.45154	-1156.86694																-485.93015	1172.45093	-1297.68652	149.24426	965.64136	-1264.31042				-39.60184	907.91522	-1214.23291	-307.97696	932.52106	-1206.99463	-467.99072	1038.55701	-1092.32458	-27.56542	467.03845	-1254.35486	-366.39694	485.75079	-1204.81592				-385.30884	107.53046	-1379.73083	
131	1.300										-302.93979	1585.17151	-1154.38049																-486.68744	1171.97876	-1295.07446	149.22014	965.45044	-1264.48413				-40.35000	907.84534	-1214.55310	-308.00879	932.45166	-1207.13928	-468.32480	1038.76367	-1090.92847	-28.22005	466.81161	-1253.72742	-366.20953	484.50821	-1200.91162				-385.60880	106.38528	-1374.49036	
132	1.310										-303.42691	1585.27917	-1154.11426																-487.07901	1172.00500	-1294.19336	148.34177	966.07086	-1262.02576				-40.50789	908.56915	-1212.66260	-308.04239	932.38910	-1207.29382	-469.46948	1038.63623	-1090.57971	-29.09913	466.79385	-1254.47119	-366.13678	485.81711	-1196.98242				-386.25931	104.80272	-1369.85498	
133	1.320										-303.74091	1585.00537	-1152.16284																-487.23950	1172.15930	-1293.73218	148.29353	965.89459	-1262.37097				-40.68235	907.71881	-1211.49670	-308.04865	932.33563	-1207.31592	-469.42453	1038.41724	-1089.92395	-29.76049	465.41498	-1256.33154	-366.18991	486.59698	-1193.56628				-387.20648	102.20644	-1364.62817	
134	1.330										-304.18158	1585.20032	-1151.35596																-487.46933	1172.29529	-1293.20605	146.89024	966.23566	-1258.06445				-40.90295	908.19360	-1210.98218	-308.55865	932.63641	-1205.55762	-469.57321	1038.12183	-1089.41077	-30.70345	465.10583	-1258.26953	-366.34686	487.13385	-1190.97876				-387.90970	102.12324	-1353.83923	
135	1.340										-304.58008	1584.96277	-1149.12012																-487.71637	1172.47888	-1292.63940	146.71896	965.10358	-1257.42078				-41.87545	907.78754	-1211.46045	-309.47098	933.15979	-1201.97046	-470.56860	1038.21692	-1087.45752	-32.63672	464.57602	-1258.64966	-366.17297	487.69867	-1189.19275				-387.30066	100.12157	-1346.56934	
136	1.350										-305.18152	1585.04077	-1148.54150																-487.92496	1172.65125	-1291.95569	146.65170	964.91150	-1257.90149				-43.15127	907.33289	-1212.05603	-310.16376	933.70728	-1199.84851	-470.65134	1037.89771	-1086.70581	-35.33539	465.30548	-1253.03760	-367.42557	489.14566	-1186.41394				-387.12305	100.95328	-1336.02283	
137	1.360										-305.67111	1584.83948	-1146.67444																-488.72607	1172.94006	-1290.79138	146.62701	964.76965	-1258.07849				-43.39539	908.22034	-1208.90466	-310.37399	933.38550	-1200.82385	-470.77487	1037.91211	-1085.60950	-35.74403	464.99265	-1254.89343	-367.47101	489.31842	-1184.93518				-387.92676	96.45584	-1329.83984	
138	1.370										-306.22601	1584.98193	-1145.63220																-489.38235	1172.10034	-1287.04712	146.00220	965.28687	-1256.88147				-43.79797	907.87976	-1209.12756	-310.56543	933.06927	-1201.70825	-471.86899	1038.54175	-1085.17114	-36.20281	464.17334	-1255.65588	-367.20218	489.56906	-1183.93970				-388.40491	94.21001	-1323.66101	
139	1.380										-306.81622	1584.92517	-1143.93726																-489.70435	1172.54504	-1287.56165	145.25571	965.66907	-1254.80212				-43.97875	907.80536	-1209.26208	-311.79907	933.64923	-1199.22534	-473.08582	1038.01453	-1083.73438	-38.94110	465.97849	-1248.85522	-367.71921	490.44260	-1182.28027				-389.48868	93.87587	-1311.51575	
140	1.390										-307.50879	1584.92786	-1142.84875																-490.16010	1171.88684	-1284.44080	143.80853	966.19873	-1250.56128				-44.66362	907.55139	-1207.64233	-312.25623	932.85852	-1199.55212	-472.84955	1038.36755	-1082.27112	-41.08566	464.92993	-1251.48474	-367.43985	490.97473	-1180.33655				-387.97430	93.22151	-1301.28845	
141	1.400										-308.05399	1584.90881	-1140.66980																-490.88995	1172.03125	-1282.75537	143.71127	965.93274	-1251.25281				-45.39055	907.36285	-1207.97925	-312.58002	932.22369	-1201.02917	-473.28534	1038.36426	-1081.41711	-43.10225	463.63199	-1255.28467	-366.47198	490.58490	-1178.92212				-388.63037	90.71365	-1292.90540	
142	1.410										-308.79117	1584.79163	-1139.20813																-492.16809	1172.59753	-1281.76233	142.87239	966.48218	-1248.82495				-45.45993	907.98505	-1205.91992	-314.01154	932.36444	-1197.66931	-473.91904	1038.24402	-1080.13147	-44.06265	462.92868	-1256.16235	-365.96115	490.87448	-1177.70459				-389.99603	88.99314	-1282.72717	
143	1.420										-309.49292	1584.94165	-1137.66589																-492.86603	1172.43506	-1279.88977	142.16910	967.05426	-1247.52271				-46.41552	907.54797	-1205.12317	-314.29727	931.80566	-1198.97070	-473.99844	1037.30139	-1078.84900	-46.39959	465.83310	-1248.75745	-365.52750	491.09268	-1176.62573				-389.62802	87.75629	-1277.22388	
144	1.430										-310.24106	1584.83923	-1135.89111																-493.75116	1172.46045	-1278.37878	142.03169	966.71204	-1248.49670				-46.48677	907.45990	-1205.17590	-316.60962	932.70313	-1192.44141	-474.04727	1037.31152	-1076.77710	-47.07369	465.59686	-1247.94373	-365.81326	491.43674	-1175.66345				-387.60910	87.28143	-1266.76929	
145	1.440										-311.02945	1584.84338	-1134.55103																-494.19153	1172.12366	-1276.53125	140.93866	966.05200	-1246.70520				-47.29026	908.07178	-1205.19739	-316.89413	932.04968	-1193.71667	-474.87598	1036.78210	-1074.38818	-48.34451	465.65292	-1247.34058	-366.27670	492.18777	-1173.55200				-388.14468	84.70013	-1258.04199	
146	1.450										-311.76294	1584.87573	-1132.47668																-495.53387	1171.88074	-1274.55127	139.04358	966.46191	-1243.87378				-47.74932	907.96771	-1204.43481	-317.56049	931.49738	-1192.92664	-476.52069	1037.90881	-1073.22266	-50.03280	464.03052	-1249.41101	-366.11655	491.26700	-1173.15833				-388.98987	83.83764	-1250.88000	
147	1.460										-312.67493	1584.57520	-1130.56958																-496.10571	1171.63257	-1272.27869	138.73119	965.83923	-1246.07922				-48.40554	909.00171	-1200.43555	-317.67169	931.19348	-1193.41602	-476.91101	1037.52795	-1071.50317	-52.53912	464.99625	-1246.87134	-365.93863	491.10141	-1171.59180				-387.33569	82.79424	-1244.16016	
148	1.470										-313.52103	1584.53748	-1128.75537																-496.78787	1171.36292	-1270.76526	137.52048	965.76996	-1246.01782				-49.24630	908.42206	-1200.79297	-318.21609	931.05475	-1192.10303	-477.07632	1036.38562	-1069.32874	-54.16199	464.16296	-1246.69153	-366.60635	492.21884	-1170.09131				-386.26981	82.56199	-1232.63855	
149	1.480										-314.47461	1584.65259	-1127.64026																-498.33185	1170.93311	-1268.26306	137.23048	965.13245	-1248.06226				-49.98089	908.17322	-1201.12415	-318.78070	931.25238	-1190.61584	-478.75717	1036.45654	-1067.72449	-54.56948	463.07587	-1249.02722	-366.64166	491.46399	-1169.06714				-386.62973	82.01611	-1227.21521	
150	1.490										-315.29562	1584.53796	-1125.53271																-498.98029	1170.66052	-1266.11304	135.30884	966.86438	-1243.41968				-50.87314	908.78540	-1196.26038	-320.34076	932.38110	-1184.77283	-479.11230	1035.61255	-1064.77612	-55.09836	461.76074	-1250.13049	-367.14871	491.73575	-1167.78650				-386.11081	79.74182	-1222.77075	
151	1.500										-316.37332	1584.25366	-1123.96118																-500.27057	1170.64221	-1264.12891	134.41318	966.91180	-1242.14954				-51.06072	908.71216	-1196.39844	-320.49136	931.11053	-1183.87036	-480.43066	1035.39441	-1062.76074	-57.26624	462.78058	-1244.89075	-366.76691	490.01764	-1166.96179				-385.35266	81.00040	-1213.76501	
152	1.510										-317.29404	1584.25513	-1122.01306																-502.05484	1170.90381	-1261.97571	133.45621	967.39575	-1240.31299				-52.03161	908.36346	-1194.09082	-321.19791	931.24487	-1180.42700	-481.24411	1035.14087	-1060.48047	-58.12152	462.10724	-1243.90259	-367.51514	489.60837	-1165.18835				-384.88489	80.98037	-1200.87769	
153	1.520										-318.45700	1583.97119	-1120.71167																-503.51505	1170.68250	-1260.14734	133.33107	967.07159	-1241.18970				-53.40989	908.83209	-1192.22034	-321.68417	931.10016	-1178.84265	-481.37851	1035.18713	-1059.10315	-59.18247	463.37384	-1241.30249	-367.78406	489.37222	-1164.06848				-383.80853	80.11271	-1202.23364	
154	1.530										-319.61490	1583.52698	-1118.87561																-504.85522	1169.99561	-1258.29028	132.38765	967.58435	-1239.26062				-54.30572	908.00073	-1191.69482	-322.50262	931.45111	-1176.43616	-482.16428	1034.78687	-1055.86157	-59.39976	462.92117	-1242.55725	-368.39288	488.68399	-1163.03003				-383.61581	80.25569	-1201.32800	
155	1.540										-320.71930	1583.30859	-1116.88855																-506.08902	1169.77502	-1255.78174	131.05888	967.07880	-1235.49585				-55.96291	908.75360	-1188.17700	-324.13763	932.26489	-1171.16150	-483.16077	1034.58801	-1054.66309	-60.39322	462.14117	-1243.49512	-368.42523	488.02225	-1161.67517				-382.53021	77.88610	-1203.46960	
156	1.550										-321.94946	1583.14478	-1115.48755																-507.38028	1169.11682	-1253.18896	130.63689	966.36316	-1235.67969				-57.98216	908.80927	-1186.58044	-325.08386	932.09143	-1168.49841	-483.01236	1033.56604	-1050.82117	-61.90536	461.86218	-1244.42700	-368.81314	487.79889	-1160.30334				-381.65936	78.39091	-1203.93079	
157	1.560										-323.16309	1583.08203	-1113.86316																-508.70773	1168.66614	-1250.84497	128.88806	967.97699	-1232.37573				-58.98193	909.08289	-1184.52808	-325.87823	930.24951	-1165.34412	-484.36978	1034.58960	-1050.00281	-63.09667	461.32507	-1245.57947	-367.98654	487.27454	-1159.02832				-379.70306	77.57782	-1206.60620	
158	1.570										-324.30084	1582.90076	-1111.63770																-510.26508	1168.05420	-1247.84448	128.11890	967.31671	-1232.01086				-61.52835	907.58557	-1184.72095	-326.65826	930.27155	-1162.10559	-485.43292	1034.56555	-1046.38599	-65.13181	462.75006	-1242.26257	-368.04788	486.89169	-1156.61035				-379.21423	78.33631	-1204.39600	
159	1.580										-325.69495	1582.94580	-1110.60059																-511.25095	1167.70447	-1245.41931	126.39254	968.22784	-1228.35254				-62.58155	908.37878	-1180.96924	-328.86029	932.51282	-1153.99951	-485.92856	1034.31091	-1045.06812	-65.45033	462.09381	-1244.09277	-367.25931	485.50500	-1155.89905				-378.88745	78.82320	-1202.91333	
160	1.590										-327.00314	1582.46228	-1108.39722																-513.07971	1167.41736	-1242.85852	125.57790	968.39789	-1228.52344				-63.52633	908.70959	-1176.20313	-329.68845	931.97998	-1154.01453	-487.34973	1033.73730	-1041.68018	-66.50784	462.19171	-1241.28735	-367.25717	484.84784	-1154.23938				-378.90057	78.57096	-1202.91541	
161	1.600										-328.42844	1582.43994	-1106.82007																-514.47052	1167.19360	-1240.50012	125.26305	967.79590	-1230.70801				-65.32735	908.63232	-1176.99817	-331.06876	931.70111	-1152.53149	-488.73749	1034.44592	-1040.26453	-66.63644	461.90335	-1242.02209	-367.32446	483.99780	-1153.57666				-378.50305	77.30490	-1203.09863	
162	1.610										-329.89984	1582.32458	-1105.34668																-516.88788	1167.32690	-1238.47485	122.68820	968.16412	-1225.66284				-66.37983	908.80658	-1172.25195	-333.14417	932.06696	-1149.16626	-489.95044	1034.49243	-1037.00488	-66.83389	461.56134	-1241.15393	-366.84576	482.78387	-1152.83374				-378.70340	77.22103	-1199.72900	
163	1.620										-331.31372	1582.42188	-1103.55676																-518.34363	1167.54150	-1236.48462	121.61055	968.27020	-1225.35779				-68.54677	909.63605	-1170.83521	-334.85910	930.97083	-1145.98572	-492.00095	1034.59241	-1034.47290	-68.71690	463.49640	-1234.40222	-367.44910	482.04559	-1152.04651				-378.53540	77.42202	-1198.95544	
164	1.630										-332.81021	1582.32910	-1101.32336																-519.67511	1167.03748	-1233.63672	120.00645	969.00391	-1223.18494				-68.88858	910.03412	-1167.16821	-336.02670	931.19653	-1144.04285	-491.63309	1034.28125	-1031.47974	-70.51525	464.03015	-1227.34180	-369.00012	481.99069	-1151.75244				-378.44775	77.53460	-1198.55371	
165	1.640										-334.27335	1582.60498	-1099.86121																-521.12640	1166.71313	-1231.20300	118.36160	968.88104	-1220.75110				-71.00172	910.83325	-1164.81396	-338.36594	933.03534	-1136.63696	-490.52621	1033.83142	-1028.34839	-70.73455	463.68399	-1225.62854	-370.21332	482.27631	-1151.51233				-378.48975	77.38979	-1198.72400	
166	1.650										-335.93130	1582.58752	-1098.00488																-523.00220	1166.19031	-1228.59497	117.26836	969.14185	-1219.90967				-73.32834	910.44312	-1163.94202	-339.11536	932.42767	-1136.26990	-494.84158	1035.35229	-1026.51062	-71.54745	464.17792	-1222.28931	-371.38519	482.15121	-1150.96033				-378.54944	77.19102	-1198.96814	
167	1.660										-337.48132	1582.75220	-1095.86523																-524.31104	1166.19409	-1226.12305	116.18051	969.50555	-1219.03271				-73.62597	912.09924	-1160.54333	-339.82913	931.83191	-1135.73547	-496.47342	1035.71545	-1023.70087	-72.49953	463.70990	-1220.86914	-373.21161	482.39072	-1151.47876				-379.07501	76.58535	-1197.06641	
168	1.670										-339.14355	1583.06433	-1094.22937																-526.45758	1166.26184	-1223.20764	113.87082	970.45929	-1214.77087				-75.32298	911.37646	-1161.31165	-341.53876	933.99841	-1126.65979	-496.22552	1035.04956	-1020.71143	-74.92539	463.97446	-1218.20874	-375.46750	481.86240	-1151.49438				-379.23428	76.25829	-1197.76648	
169	1.680										-340.96228	1583.16846	-1092.81189																-527.94897	1166.59033	-1220.94458	112.16394	971.51776	-1213.26453				-76.34425	912.00677	-1156.62988	-342.82242	933.96021	-1122.65771	-498.68268	1036.20496	-1017.73560	-76.36584	463.80695	-1214.49109	-377.13681	482.43066	-1150.16003				-379.33237	75.99440	-1198.18274	
170	1.690										-342.57861	1583.31055	-1090.29724																-529.82666	1166.40796	-1218.19922	110.75275	971.24976	-1214.60425				-77.39272	912.01086	-1155.59778	-343.74088	935.75635	-1118.36023	-499.20920	1035.12134	-1015.01971	-77.67663	463.43594	-1212.83508	-377.96213	482.08795	-1149.15479				-379.50348	75.54532	-1198.91138	
171	1.700										-344.42551	1583.29968	-1088.69495																-531.24530	1166.11975	-1215.69373	108.84440	970.57043	-1213.99878				-79.16807	912.33575	-1152.66528	-345.08630	934.87299	-1117.91370	-499.86853	1035.05334	-1011.68896	-80.48190	463.04974	-1211.04492	-379.46179	481.86551	-1149.14868				-379.60172	75.25897	-1199.32288	
172	1.710										-346.25510	1583.36963	-1086.98694																-533.05798	1165.99036	-1212.67993	106.29989	971.53900	-1210.65613				-79.90834	913.06348	-1150.53064	-346.63663	934.37805	-1115.17566	-503.06415	1036.17676	-1008.97015	-80.47013	464.33664	-1206.61096	-382.15829	482.18958	-1147.74670				-379.62762	75.11844	-1199.41553	
173	1.720										-348.05026	1583.60083	-1084.94141																-534.63354	1166.31946	-1210.29614	105.33899	971.78778	-1209.79114				-80.73198	913.56012	-1147.79846	-347.37973	935.81012	-1110.79126	-503.93393	1035.83630	-1006.83710	-82.21809	463.83221	-1203.58667	-383.60828	482.62930	-1146.11389				-379.63116	75.04098	-1199.41406	
174	1.730										-349.85599	1583.67419	-1083.19275																-536.39435	1166.07971	-1206.73340	103.60331	971.20593	-1206.58459				-81.54129	914.26379	-1146.17810	-347.61343	935.70709	-1106.19629	-504.44656	1036.07275	-1003.30731	-83.91573	463.69702	-1200.03137	-384.61636	481.65393	-1143.52283				-379.71228	74.80315	-1199.75317	
175	1.740										-351.64713	1583.72705	-1081.07068																-537.71527	1166.13342	-1204.08447	102.08321	971.62567	-1204.55176				-82.73785	913.44775	-1143.42908	-350.29181	937.32776	-1104.88379	-507.31119	1036.64392	-1001.19611	-85.80206	463.41403	-1197.87720	-387.59964	481.93127	-1141.95520				-379.51492	73.30181	-1200.85681	
176	1.750										-353.52161	1583.89001	-1079.55347																-539.74213	1165.61804	-1201.22400	99.38267	971.58282	-1201.12988				-83.04739	914.04523	-1140.32788	-352.01187	936.70227	-1100.67249	-509.10449	1036.87659	-997.40399	-87.10197	462.70673	-1195.39612	-388.49014	481.26511	-1140.47424				-379.53165	73.21288	-1200.91724	
177	1.760										-355.38046	1583.78809	-1077.58411																-541.65173	1165.42700	-1198.71057	97.89547	970.62781	-1205.18555				-83.59777	914.40942	-1137.98474	-353.85187	936.50244	-1101.00024	-509.99011	1036.70300	-994.08398	-89.23026	462.89850	-1192.37170	-389.83176	481.61115	-1138.57190				-379.59503	72.99652	-1201.17517	
178	1.770										-357.17422	1583.53467	-1074.99585																-543.47034	1165.73438	-1195.72266	95.00362	970.60309	-1200.25854				-85.14523	914.16644	-1134.70276	-355.66177	936.96100	-1099.06360	-512.13147	1037.73779	-991.40112	-91.16403	463.48917	-1189.58276	-391.89490	482.11462	-1136.81213				-379.64484	72.84911	-1201.38318	
179	1.780										-359.00488	1583.26050	-1072.63477																-545.16895	1165.98596	-1193.26636	93.83240	970.63190	-1199.97412				-85.88924	914.28894	-1132.42908	-357.55692	936.48120	-1095.55493	-514.24170	1038.43884	-987.58716	-92.64403	462.78036	-1187.33118	-394.27032	482.40051	-1134.71753				-379.78806	72.50532	-1202.00085	
180	1.790										-360.81613	1583.22375	-1070.43738																-546.93970	1165.58643	-1189.86707	92.19987	970.43311	-1197.55688				-89.12873	913.19727	-1130.46387	-358.65521	936.68518	-1092.13843	-514.67786	1038.20496	-984.43683	-95.07729	463.07822	-1185.23987	-396.71799	482.28482	-1133.67090				-379.82840	72.32714	-1202.15491	
181	1.800										-362.66403	1583.47681	-1069.20996																-548.21820	1165.80884	-1186.91370	90.20998	970.72046	-1194.32739				-88.56609	914.31104	-1126.91138	-360.76822	935.83459	-1090.74194	-516.67798	1038.31641	-982.25665	-97.48099	462.81122	-1182.19128	-398.93149	481.61664	-1131.61511				-380.01251	71.95378	-1202.96545	
182	1.810										-364.34616	1583.43152	-1066.80713																-550.17358	1165.86755	-1184.48181	87.83636	971.16699	-1189.75281				-89.53464	914.32092	-1123.64465	-361.76691	935.87048	-1085.83960	-519.09686	1039.18835	-978.81274	-98.75396	462.98096	-1180.49841	-400.57983	480.89438	-1129.58948				-380.08209	71.77896	-1203.26355	
183	1.820										-366.12668	1583.37476	-1064.61670																-551.76373	1166.12463	-1181.66443	86.80038	970.84711	-1191.40027				-91.75516	913.93628	-1121.95947	-363.24594	936.55719	-1083.97131	-519.97400	1039.17664	-975.83264	-101.41707	463.51941	-1177.66370	-403.73920	480.95975	-1128.26001				-380.23389	71.49267	-1203.93713	
184	1.830										-367.94067	1583.16431	-1062.25159																-553.56427	1166.56860	-1179.82959	83.81108	969.65424	-1188.23572				-92.03178	915.08429	-1116.64978	-366.33142	936.49963	-1083.25513	-521.53308	1040.14270	-973.12683	-102.11476	463.79825	-1175.75293	-406.56732	480.02753	-1126.58386				-380.47562	71.03063	-1205.00830	
185	1.840										-369.65073	1582.97046	-1059.65454																-555.41553	1166.71924	-1176.66113	82.43594	968.95935	-1189.29932				-94.38480	914.71100	-1114.69788	-369.01459	936.80243	-1080.65869	-523.69250	1040.77197	-970.40021	-104.42947	464.23837	-1173.35815	-409.45956	480.95087	-1125.03870				-381.38489	71.98099	-1202.84607	
186	1.850										-371.32880	1583.06702	-1057.09961																-557.40015	1166.60254	-1173.67834	80.73923	968.28912	-1187.33472				-97.85964	915.22272	-1114.79053	-371.10620	935.79608	-1078.61816	-524.79297	1041.18799	-967.15680	-107.80804	463.41495	-1170.14221	-411.84558	480.71292	-1123.50122				-381.63892	71.51080	-1203.97424	
187	1.860										-373.10544	1583.04834	-1054.89026	-236.60092	1306.91541	-1118.50867													-559.09900	1166.32288	-1169.73828	78.54076	969.57526	-1181.87305				-99.96198	914.91510	-1110.00354	-372.23187	937.09418	-1073.66711	-526.62482	1041.08154	-963.75201	-110.36079	463.46890	-1168.00049	-414.55807	480.57007	-1120.63586				-381.78351	71.23463	-1204.61438	
188	1.870										-374.71445	1582.93042	-1051.93030	-238.83844	1306.67053	-1116.21655													-561.03186	1166.38330	-1166.40271	76.03931	969.62878	-1176.71338				-101.78772	915.07184	-1106.72449	-374.95609	937.19891	-1071.50806	-527.12250	1041.16577	-960.85419	-113.11701	463.53683	-1163.94678	-418.74918	480.20428	-1119.60657				-381.97330	70.89001	-1205.45886	
189	1.880										-376.39270	1582.81482	-1048.98547	-241.05486	1306.71423	-1113.24072													-562.75372	1167.03882	-1164.80615	75.51420	968.35834	-1180.12732				-103.96260	914.42010	-1103.67200	-377.25452	936.77698	-1069.20837	-529.22620	1041.12317	-957.75098	-114.87981	464.26074	-1161.79797	-421.74051	480.48431	-1117.74036				-383.64655	72.94309	-1199.08191	
190	1.890										-378.04764	1582.96057	-1046.42664	-241.79391	1306.33923	-1110.02991													-564.49780	1166.60205	-1161.66455	72.39859	968.39740	-1167.28503				-107.27600	914.79272	-1100.91333	-380.64917	936.76959	-1068.21106	-530.49292	1041.51489	-955.54425	-118.28696	463.76126	-1158.71484	-423.91370	479.68869	-1115.25024				-383.79672	72.64287	-1199.74182	
191	1.900										-379.75699	1583.00769	-1043.98926	-245.04890	1307.04590	-1107.66809													-566.83679	1166.63611	-1158.44043	70.82037	968.49811	-1165.71399				-110.52718	913.66089	-1099.30884	-382.82260	937.41150	-1065.23584	-532.62830	1042.08130	-952.08252	-119.70921	463.88153	-1154.87268	-427.65158	480.42371	-1112.86121				-383.90771	72.39387	-1200.22302	
192	1.910										-381.38800	1582.81201	-1040.56738	-246.06261	1306.25244	-1105.02881													-568.99628	1166.89221	-1154.59167	65.72395	967.65881	-1165.62036				-112.91827	914.53040	-1096.07520	-385.38370	936.38843	-1062.48279	-534.52661	1041.93311	-948.90814	-122.62787	463.20023	-1152.69324	-430.25803	478.40366	-1110.25476				-384.02792	72.16990	-1200.75525	
193	1.920										-383.02310	1582.72388	-1037.39172	-248.50116	1305.94397	-1102.50085													-571.09430	1167.38159	-1151.71729	65.77981	967.28418	-1162.27332				-115.84890	914.08429	-1092.53613	-386.72336	936.92505	-1056.70496	-535.99963	1041.97070	-946.79956	-124.97292	463.24432	-1149.57056	-433.20657	478.85410	-1107.40710				-384.11984	71.98192	-1201.15808	
194	1.930										-384.78552	1582.25781	-1034.07947	-250.47147	1306.06836	-1099.52271													-572.68774	1167.76697	-1148.91235	64.58604	966.92603	-1166.77588				-118.48714	913.80963	-1089.74365	-390.70990	937.40759	-1055.86536	-537.20782	1042.46094	-942.97546	-126.49796	464.03928	-1145.76318	-435.72137	478.28656	-1104.55176				-384.96884	73.17306	-1198.03918	
195	1.940										-386.34222	1582.52380	-1031.40344	-253.77196	1307.09778	-1096.69653													-574.64026	1167.82336	-1146.17053	61.74834	966.87469	-1157.66785				-122.68358	913.41650	-1086.60498	-393.23056	936.76599	-1054.94299	-539.48438	1042.39587	-939.61212	-129.30423	464.60608	-1141.48096	-440.12924	479.04391	-1103.12793				-385.06995	72.96300	-1198.48083	
196	1.950										-388.03870	1582.18774	-1027.81201	-256.10928	1306.09827	-1094.21521													-576.61200	1167.70166	-1142.78784	60.16161	967.17249	-1153.57922				-125.97940	913.24329	-1082.95984	-395.14914	936.48822	-1049.79175	-540.93060	1042.23767	-937.67737	-130.82622	464.50610	-1136.77417	-441.94382	477.78998	-1100.56995				-385.11014	72.88578	-1198.65808	
197	1.960										-389.68167	1582.35352	-1025.26709	-257.26114	1305.85291	-1091.14404													-578.36151	1167.52686	-1139.12573	57.98830	965.86823	-1152.99646				-128.54781	912.73401	-1081.78894	-397.52713	936.87592	-1044.87488	-541.85004	1041.87598	-934.04047	-131.52444	465.02823	-1131.52710	-444.68683	477.22183	-1097.32373				-385.55057	72.45717	-1196.38928	
198	1.970										-391.21890	1582.10449	-1021.36908	-258.36288	1304.72668	-1088.39563													-580.76678	1167.69897	-1135.67639	56.07496	963.60016	-1160.31006				-131.18156	912.12561	-1078.26416	-399.79813	936.04175	-1044.41870	-543.15765	1041.81323	-930.60077	-131.78116	466.34244	-1125.20276	-447.13562	476.78204	-1095.40869				-385.61536	72.31530	-1196.67041	
199	1.980										-392.91364	1581.84509	-1018.19946	-261.30243	1304.78687	-1085.77747													-582.74841	1167.70361	-1132.64868	53.20891	965.95306	-1148.69727				-134.67711	911.96661	-1075.97473	-403.03796	935.15393	-1042.62244	-544.84406	1042.41809	-927.70905	-130.88681	467.79547	-1118.09814	-451.52081	477.58780	-1092.82288				-385.68143	72.13572	-1196.94885	
200	1.990										-394.58701	1581.34937	-1014.88489	-264.04517	1305.18311	-1083.03613													-584.91315	1167.48828	-1129.60571	51.61625	963.80261	-1152.37061				-137.29848	911.17804	-1074.17944	-405.30374	935.89209	-1040.42188	-547.06519	1040.97302	-924.08423	-130.68718	467.47311	-1112.70471	-453.82443	476.52426	-1089.62915				-386.18661	71.56221	-1194.95935	
201	2.000										-396.13818	1580.77429	-1010.68530	-266.24670	1304.31592	-1079.94519													-586.74994	1167.50867	-1126.03821	49.78886	964.35638	-1148.61572				-139.64027	911.33478	-1071.74841	-407.79858	934.76746	-1039.45752	-548.61523	1040.85828	-920.59735	-129.38148	466.78079	-1105.41931	-456.38068	475.74637	-1088.20703	-122.27807	117.85816	-1393.26099	-385.98724	70.07481	-1196.04504	
202	2.010										-397.64087	1580.38965	-1006.99860	-267.57089	1302.87512	-1076.84619													-588.74182	1167.05200	-1121.66882	47.74531	963.11487	-1140.92419				-141.05058	910.04779	-1069.72583	-409.15735	934.85413	-1036.81421	-550.58319	1040.84412	-917.95441	-129.31015	466.05923	-1097.81177	-458.73090	474.37119	-1085.98779	-122.88364	123.38330	-1387.01526	-386.05487	69.84372	-1196.31934	
203	2.020										-399.17264	1579.68616	-1002.75433	-268.84747	1302.33582	-1074.32300													-591.44098	1167.19763	-1118.82349	45.23349	962.13806	-1142.43396				-143.98030	908.80847	-1068.32727	-412.50357	934.68970	-1033.85400	-551.70099	1040.28113	-914.24512	-128.85809	463.71313	-1088.98743	-463.10995	474.64499	-1083.65906	-122.16953	129.28918	-1379.99487	-386.15973	69.50541	-1196.74927	
204	2.030										-400.77127	1579.28723	-999.96033	-271.21616	1302.00122	-1071.03943													-592.91547	1166.08069	-1115.04907	43.59765	960.88629	-1144.02625				-146.25719	908.32996	-1066.79065	-414.38733	933.49518	-1032.83630	-553.41486	1039.49170	-910.41058	-128.66809	464.23941	-1078.42322	-466.10107	474.61124	-1081.67090	-122.33928	135.18315	-1371.35889	-386.26547	69.17924	-1197.18591	
205	2.040										-402.31784	1578.30396	-995.27155	-271.98776	1301.60840	-1068.27466													-594.91339	1166.36792	-1112.27844	40.61586	962.57556	-1132.76245				-147.54611	906.81494	-1064.55786	-416.35660	932.43146	-1029.01794	-554.62671	1039.06006	-908.53040	-128.73000	464.01901	-1067.00513	-468.56070	473.58911	-1080.09680	-123.72461	143.03181	-1364.39612	-386.34814	68.94922	-1197.53320	
206	2.050										-403.70105	1577.90771	-991.89441	-273.69351	1299.28406	-1064.89612													-596.51697	1165.85498	-1108.47559	39.47884	961.43610	-1138.46985				-148.68750	907.31409	-1061.70251	-418.84280	931.12128	-1027.92175	-555.78894	1039.23767	-904.53436	-128.20018	465.13544	-1055.77551	-472.82782	473.17441	-1077.80322	-124.68519	148.86568	-1356.74292	-386.38391	68.80541	-1197.67285	
207	2.060										-405.02686	1577.26245	-987.65228	-275.54401	1299.61169	-1062.05457													-598.28284	1165.74243	-1104.39807	36.95259	962.55212	-1126.31018				-149.67879	906.44635	-1060.26184	-419.28186	931.26648	-1026.17078	-557.08264	1039.34485	-900.15515	-128.75981	466.11472	-1045.21338	-475.48230	472.72336	-1076.32385	-124.35987	157.08890	-1348.28137	-386.44162	68.54563	-1197.89160	
208	2.070										-406.57224	1576.16321	-984.02399	-276.60779	1299.57813	-1059.14270													-599.70947	1165.09534	-1100.16272	36.17567	961.85107	-1124.95740				-150.43204	905.93420	-1058.75171	-419.66232	930.90021	-1023.04999	-560.34131	1039.48535	-897.26385	-128.58357	467.73929	-1033.54639	-479.69162	473.30237	-1075.21863	-126.07768	164.89015	-1338.99341	-386.45749	68.48755	-1197.95483	
209	2.080										-407.77509	1575.44470	-979.59851	-277.42096	1298.47913	-1055.69800													-601.26306	1165.24829	-1096.46240	34.38462	961.51672	-1120.76001				-151.29382	904.97961	-1058.10840	-422.54248	928.14319	-1020.79358	-559.88702	1036.83862	-892.46527	-128.59227	469.05685	-1022.43201	-482.49384	473.04233	-1074.16663	-126.61287	171.87897	-1333.16162	-386.45380	68.50488	-1197.94116	
210	2.090										-409.10135	1574.73401	-976.17944	-279.37238	1297.91858	-1052.97681													-602.27448	1164.85938	-1092.81238	32.51419	961.15295	-1118.25122				-151.40909	904.59375	-1055.55298	-423.89761	927.57922	-1018.43091	-562.50049	1037.21838	-889.37097	-129.00426	471.08844	-1012.13458	-486.00372	472.51608	-1071.79919	-127.74918	178.77335	-1323.32031	-386.47110	68.44246	-1198.01025	
211	2.100										-410.33188	1573.71753	-971.60590	-280.32523	1297.88647	-1050.07227													-603.87006	1165.01038	-1088.94666	28.64800	960.86615	-1114.97192				-152.02231	904.09033	-1053.17163	-424.30585	927.44189	-1015.98376	-564.01416	1037.02637	-885.26361	-128.88631	473.76129	-1002.67078	-488.55087	471.49609	-1069.84155	-127.10473	183.33510	-1313.81372	-386.40955	68.55474	-1197.73779	
212	2.110										-411.54422	1573.21899	-968.28778	-281.27341	1297.80164	-1046.77991													-605.05206	1164.04541	-1084.86023	28.77419	962.08374	-1111.97217				-151.89293	904.38092	-1050.58423	-425.18951	926.88861	-1014.84766	-565.16803	1036.70361	-882.06366	-128.84311	476.59900	-992.61670	-492.28790	472.03867	-1068.41931	-127.63076	188.67418	-1303.95947	-386.46451	68.45403	-1197.98108	
213	2.120										-412.55676	1572.35742	-963.18109	-283.09363	1297.37866	-1043.47864													-605.79926	1163.87659	-1081.41589	26.62228	961.73138	-1109.60510				-152.26781	904.49231	-1048.15881	-425.22073	926.69727	-1012.52179	-566.85510	1036.38013	-879.56805	-130.16766	479.33185	-982.82220	-494.32153	471.49777	-1066.46667	-129.34087	192.25197	-1295.13464	-386.46933	68.43454	-1197.99976	
214	2.130										-413.76340	1571.96509	-959.77673	-283.48740	1296.98315	-1039.82361													-607.15717	1164.56787	-1078.08716	24.92744	961.83447	-1107.18896				-153.64375	904.47375	-1046.03760	-425.24680	926.39154	-1010.94580	-570.07275	1037.07080	-875.59937	-130.57544	481.99377	-974.35077	-497.80038	472.10300	-1064.47546	-130.64516	196.45628	-1284.00598	-386.42542	68.60041	-1197.82593	
215	2.140										-414.75418	1571.17383	-955.20282	-284.65042	1296.69739	-1036.48914							-327.43076	1495.00903	-1241.37122				-608.14282	1164.66125	-1074.75342	23.73230	961.46417	-1103.57654				-153.53331	904.30713	-1043.35974	-426.34134	926.54199	-1008.60199	-569.99268	1036.45215	-872.16272	-132.50156	485.14899	-966.90765	-499.01892	472.07468	-1062.37317	-130.79695	198.82921	-1272.37659	-386.42706	68.65011	-1197.84583	
216	2.150										-415.83585	1570.32825	-950.53247	-286.29773	1297.27173	-1033.07568							-328.30420	1495.42358	-1236.79736				-608.89801	1164.83252	-1071.38623	21.97663	961.71417	-1099.44604				-154.14835	905.26117	-1039.64734	-427.52478	926.14374	-1007.35986	-570.27814	1035.92212	-867.96918	-131.66112	488.61926	-958.10431	-501.29337	471.64603	-1060.99512	-130.59692	199.82196	-1259.66248	-386.35974	68.84827	-1197.56567	
217	2.160	-314.72641	1489.91394	-863.98682							-416.80502	1570.01636	-947.05359	-286.67709	1296.91882	-1029.93909							-329.03137	1496.20544	-1233.11292	7.87213	1192.45947	-1191.37061	-610.01697	1165.18689	-1067.30103	21.04329	960.72400	-1098.92175				-154.55882	905.32642	-1036.15552	-427.67926	926.11853	-1004.60883	-571.31787	1035.01184	-864.41260	-135.05127	490.41687	-952.03308	-502.85602	471.27661	-1058.08008	-131.15712	199.59621	-1248.00110	-386.62836	70.12134	-1196.76257	
218	2.170	-315.69006	1489.52893	-860.08099							-417.71732	1569.20276	-941.91675	-287.31781	1296.68591	-1026.69946							-329.94556	1496.49280	-1229.10034	7.46594	1193.13525	-1188.24316	-610.63464	1164.57971	-1062.35120	19.17336	961.63251	-1095.73267				-155.06941	905.15613	-1031.24158	-427.94922	926.34088	-1002.87115	-572.11591	1035.41052	-860.63953	-136.88870	493.17560	-944.62091	-502.98648	471.78653	-1056.58716	-132.63028	198.56900	-1234.33777	-386.55899	70.32443	-1196.47412	
219	2.180	-315.84348	1488.39319	-854.43817							-418.65448	1568.87415	-937.36090	-288.76059	1295.93286	-1022.10339							-330.61282	1497.01746	-1224.63599				-611.73120	1164.85583	-1059.03491	17.07490	961.53125	-1091.64990				-156.65991	905.08405	-1029.24072	-428.45404	926.26257	-1000.14398	-573.10864	1035.00977	-857.19250	-139.67130	495.51147	-938.21338	-504.12781	471.70871	-1054.68176	-133.63646	197.56660	-1221.63953	-386.52463	70.49503	-1196.34802	
220	2.190	-317.66574	1487.98157	-851.19031							-419.49036	1568.44836	-933.33563										-331.27844	1497.41589	-1220.40759	5.18065	1193.74951	-1179.95544	-612.23663	1164.85571	-1055.74243	17.89894	962.34149	-1086.80957				-158.06583	905.96588	-1026.89795	-428.63123	926.06818	-997.45599	-573.69824	1034.94910	-852.89069	-140.43234	498.77063	-930.66205	-504.08774	471.22192	-1051.91736	-133.08046	194.82690	-1206.25195	-386.44119	70.71893	-1195.99597	
221	2.200	-317.67578	1486.57678	-846.80060							-420.43747	1567.77722	-928.57880										-331.94745	1497.75293	-1216.05518	4.77806	1193.88440	-1175.55066	-613.58008	1165.19666	-1052.07605	17.24123	961.56665	-1083.99890				-159.50853	905.47968	-1022.77264	-429.51834	925.43024	-994.51544	-574.25726	1034.60718	-848.50507	-142.56740	501.87039	-923.16327	-504.02939	470.47400	-1051.02100	-136.41495	189.13297	-1191.20471	-386.39484	70.83394	-1195.79822	
222	2.210										-421.21747	1567.41199	-923.46375	-290.53323	1295.34595	-1010.85211							-332.47433	1498.11133	-1211.47546	4.47134	1194.61084	-1172.24927	-614.18671	1164.90637	-1047.55237	16.51761	962.01868	-1080.63281				-159.87796	905.21533	-1020.55701	-431.43121	925.30920	-992.31445	-575.44220	1033.90015	-844.12543	-145.61678	505.07669	-916.92786	-504.68689	470.60699	-1049.21643	-135.14388	187.16798	-1177.97485	-386.33597	71.00549	-1195.55298	
223	2.220										-422.16632	1566.48633	-919.24847										-333.10300	1498.57361	-1207.71826				-614.99646	1164.65820	-1042.96594	14.77633	962.13031	-1077.12122	-284.86319	948.50537	-1296.39893	-161.05611	905.32239	-1016.83813	-432.09033	925.40967	-988.53552	-576.11096	1034.65515	-839.87268	-146.94737	508.65765	-909.50244	-504.86154	469.16675	-1047.87341	-135.29898	182.18405	-1161.09668	-386.23517	71.27308	-1195.12683	
224	2.230										-423.07382	1566.10486	-914.92737	-292.66071	1294.32434	-1002.80322							-333.58081	1498.41602	-1202.32422				-615.40973	1164.64795	-1039.01233	13.51048	961.85864	-1072.87659	-284.91580	948.99182	-1293.79675	-162.22301	905.87469	-1012.39795	-432.75638	925.31909	-986.00421	-577.44006	1034.67188	-836.12006	-148.74950	511.43973	-902.95056	-504.81610	469.24591	-1045.01379	-136.21138	177.07222	-1145.00037	-386.16205	71.44742	-1194.81299	
225	2.240										-423.83258	1565.58325	-910.13788	-292.90527	1294.02246	-998.45355							-334.05408	1498.66968	-1197.88110				-616.00842	1164.79736	-1034.77466	14.05598	962.31238	-1069.68274	-285.07849	948.87573	-1290.62610	-162.58495	905.57910	-1007.81732	-433.70837	924.35590	-982.67175	-577.95740	1034.98291	-831.48700	-150.86720	512.85791	-895.55634	-504.66364	468.66888	-1044.66467	-134.87334	171.82872	-1128.45154	-385.70270	71.91554	-1196.99902	
226	2.250										-424.59082	1565.05078	-905.00836										-334.48099	1498.99463	-1193.45068	2.90033	1194.67810	-1153.11780	-616.73175	1165.02271	-1030.30835	14.55055	961.93726	-1066.12415	-284.86984	949.53436	-1287.61060	-163.04840	906.09930	-1003.71790	-434.94089	923.65387	-979.43433	-579.07257	1035.17590	-827.32080	-151.83362	514.58044	-890.02814	-504.42050	468.77304	-1041.55115	-137.20775	165.19444	-1111.30920	-385.64493	72.02493	-1196.74414	
227	2.260										-425.41214	1564.59705	-900.07581	-295.53796	1292.85181	-990.83917							-334.93002	1499.08936	-1188.64014	2.51911	1194.80957	-1148.76208	-617.68549	1165.23730	-1026.31726	13.52001	962.16577	-1062.00977	-284.92929	950.27417	-1285.55859	-163.56793	906.47180	-999.23376	-435.18118	923.21436	-976.66095	-579.43256	1034.86340	-822.69501	-153.32643	515.90753	-883.42407	-504.46622	467.75024	-1040.68176	-135.64696	160.40121	-1093.67517	-385.56552	72.19337	-1196.39819	
228	2.270										-426.13715	1564.12073	-895.73364										-335.28418	1499.06384	-1183.89038				-618.22766	1164.66089	-1020.72211	13.45267	961.59229	-1057.44556	-284.84802	950.55798	-1282.26550	-162.49979	906.90906	-993.77588	-435.77881	922.38019	-973.47009	-580.87878	1035.16309	-817.80634	-154.06595	516.94769	-877.33539	-503.69510	466.85703	-1038.52808	-137.51485	153.83275	-1077.04224	-385.51859	72.30061	-1196.19568	
229	2.280										-426.95135	1563.48438	-890.72363										-335.64014	1499.29858	-1179.47156				-618.82013	1164.68616	-1015.56512	12.86526	961.33972	-1053.42078	-284.84128	950.28107	-1278.73779	-162.71201	906.90979	-989.39984	-436.03665	921.87079	-970.53992	-581.88861	1035.16382	-812.49084	-155.27957	517.81580	-872.69055	-502.88724	465.57697	-1038.22388	-137.30687	146.84308	-1057.22314	-385.47189	72.40898	-1195.99438	
230	2.290										-427.62762	1562.91882	-885.55743										-335.90524	1499.20996	-1173.94580				-619.25513	1164.33179	-1010.52332	11.78176	961.23871	-1050.49744	-284.61319	950.90289	-1275.72839	-162.91521	906.75806	-985.05914	-436.80838	921.24695	-966.68134	-582.18329	1035.39990	-807.14459	-156.99239	518.11768	-867.76660	-502.56427	465.40720	-1035.12024	-138.72136	141.46007	-1038.77417	-385.40277	72.55980	-1195.69421	
231	2.300										-428.34366	1561.93591	-880.06018										-336.21637	1499.15710	-1169.02820				-620.11096	1163.98608	-1005.12860	12.74850	960.81354	-1044.49963	-284.51517	951.10437	-1272.39771	-162.56186	907.14087	-981.02448	-438.18326	921.11871	-963.61542	-582.89758	1035.52258	-801.69800	-157.18938	518.71814	-862.81378	-501.79672	464.60635	-1033.93860	-137.87511	134.73920	-1020.39447	-385.32407	72.71036	-1195.34741	
232	2.310										-429.18835	1561.15344	-875.05585							-299.24094	1291.02075	-968.16431	-336.50726	1499.02747	-1163.89929				-620.80627	1164.16321	-999.99158	10.80243	959.56097	-1042.46716	-284.38623	951.43878	-1269.36475	-162.52928	906.65027	-975.56824	-438.79150	921.08514	-960.50806	-582.47089	1034.57898	-795.92230	-158.09528	519.09998	-857.48444	-500.97708	464.05963	-1032.27515	-140.19518	128.86388	-1001.83911	-385.22360	72.91594	-1194.90796	
233	2.320										-429.73987	1560.54492	-869.88269							-299.56873	1290.47620	-963.11938	-336.62338	1498.86279	-1158.06885				-621.57965	1163.95227	-994.41809	12.17398	959.89075	-1035.90100	-284.31744	951.45313	-1265.70496	-162.34926	906.07385	-971.08215	-438.45279	919.49475	-955.95709	-584.42847	1035.43921	-791.22430	-158.60751	519.42328	-852.76563	-500.71091	463.00992	-1028.58203	-140.45035	123.70154	-982.76294	-385.15076	73.06624	-1194.58948	
234	2.330										-430.31741	1560.12732	-865.03943							-299.43124	1289.23962	-958.08881	-336.90979	1499.15308	-1153.75537				-622.24902	1164.56506	-989.57385	12.42323	959.70044	-1031.34009	-284.18024	951.51135	-1261.58069	-160.88031	906.12091	-966.95428	-438.64389	918.78009	-951.94678	-585.73651	1034.57178	-784.70038	-160.28046	518.77502	-848.31787	-500.46454	462.89716	-1027.39392	-141.74164	118.68996	-963.83661	-385.12729	73.11900	-1194.48792	
235	2.340										-430.85260	1559.49634	-859.77142							-299.21481	1288.69214	-953.04822	-337.07742	1499.12402	-1148.41797				-622.74774	1164.39197	-983.79132	13.39378	958.89258	-1026.44275	-284.28442	952.32721	-1259.06055	-160.75256	906.48206	-962.15625	-438.81506	919.00848	-948.52649	-585.53046	1033.86694	-778.21094	-160.49304	518.68561	-843.56293	-500.01883	462.64194	-1024.66931	-141.81279	113.50454	-944.44360	-385.06427	73.25793	-1194.21472	
236	2.350	-331.89441	1474.42505	-774.17828							-431.41620	1558.83508	-854.22699							-300.79388	1288.76514	-948.25140	-337.29584	1498.92615	-1142.71021				-622.61719	1163.94604	-977.78656	13.59593	959.16223	-1020.74481	-284.26477	951.99365	-1254.44666	-160.85858	905.59711	-957.59045	-439.52548	918.01379	-944.03827	-587.13715	1034.58850	-772.18756	-159.90833	518.05780	-840.34698	-499.39969	462.50513	-1022.33447	-142.41653	110.06457	-924.63165	-384.97958	73.42312	-1193.84229	
237	2.360	-332.90955	1474.22253	-769.23035							-431.87976	1558.28394	-849.40656							-299.56451	1287.87244	-942.71637	-337.48889	1498.73303	-1137.19653				-622.83630	1163.35229	-971.58508	11.78567	958.68146	-1018.68597	-284.37830	952.06750	-1250.71326	-160.00006	904.71759	-952.87006	-440.33990	916.94513	-939.84760	-586.95984	1034.37964	-765.32104	-160.03897	516.89093	-836.91943	-498.76389	461.36829	-1019.74860	-143.83809	104.43375	-905.63202	-384.96344	73.46285	-1193.77319	
238	2.370	-331.26257	1472.28796	-762.25415							-432.23080	1557.56140	-843.11090							-299.73123	1286.93457	-938.64258	-337.59940	1498.61511	-1131.62292				-623.20679	1163.08972	-964.95074	13.16706	959.20868	-1011.15625	-284.45584	952.47876	-1247.08411	-160.99922	904.34698	-947.99146	-440.17410	916.51599	-935.88654	-587.59692	1034.73865	-758.77649	-159.57571	515.81598	-833.80493	-498.05603	461.17050	-1017.43286	-144.02693	102.50597	-887.89880	-384.84760	73.69910	-1193.26624	
239	2.380	-332.23355	1471.69031	-756.13354							-432.71503	1556.75183	-837.77893							-299.71869	1286.84937	-931.59497	-337.64139	1498.52405	-1125.90540				-623.68927	1163.19702	-958.53882	13.09946	958.64325	-1006.05780	-284.36792	952.97046	-1243.16760	-159.83437	904.30627	-943.01563	-439.56287	915.57159	-932.09766	-588.74286	1035.01294	-752.04529	-159.00644	514.15991	-831.17328	-497.20319	459.94739	-1013.90131	-146.10617	99.09755	-868.97607	-384.78030	73.84175	-1192.97302	
240	2.390	-333.46283	1471.28223	-751.13019							-433.17978	1555.64758	-831.42267	-508.22098	1426.02917	-964.91327				-300.04370	1286.29578	-926.00299	-337.59402	1498.51855	-1120.10083				-623.97583	1162.88965	-952.03741	13.98655	957.78680	-1000.14673	-284.44360	953.23254	-1239.71558	-159.87915	904.27673	-937.99268	-439.86176	914.87683	-927.37567	-588.55304	1035.95776	-745.49347	-158.67944	513.22736	-827.64600	-496.85211	460.12720	-1011.00159	-146.78119	96.67087	-850.54578	-384.68661	74.02818	-1192.56177	
241	2.400										-433.53232	1554.77991	-826.04742							-300.21118	1285.68103	-921.66016	-337.64862	1498.26282	-1114.48767				-624.21588	1163.55920	-945.67810	13.26108	957.78510	-995.21509	-284.11786	952.93146	-1234.88904	-160.07693	903.45361	-932.41681	-440.03329	914.90381	-922.68817	-589.53296	1036.53357	-738.17157	-157.41994	512.09930	-825.09192	-495.74255	458.78391	-1008.32336	-148.38190	94.76195	-833.52521	-384.56351	74.28955	-1192.02551	
242	2.410	-334.41803	1468.62305	-739.33582							-433.75504	1554.20471	-820.28766							-302.35806	1283.82605	-919.31421	-337.64844	1497.94678	-1108.76660				-624.81067	1162.77856	-938.57135	13.48417	957.27435	-988.66248	-283.89359	953.07556	-1230.86914	-159.74937	903.27435	-927.48199	-439.20041	912.80811	-917.72229	-589.72034	1036.33411	-730.42145	-158.08566	510.15582	-821.90094	-494.80185	457.67017	-1005.60193	-149.94347	92.39912	-817.16180	-384.47641	74.45467	-1191.64124	
243	2.420	-333.42267	1467.95984	-733.93713							-433.97147	1553.48560	-814.51544				-508.09390	1424.54382	-948.18567	-302.67273	1283.31055	-914.30908	-337.55038	1497.57666	-1102.82092	2.06737	1192.89026	-1060.72998	-624.97815	1162.70361	-931.63678	14.08036	957.66644	-983.23682	-283.35907	953.50049	-1226.52161	-159.36266	902.94611	-921.73480	-438.93546	912.64941	-913.01215	-590.57330	1037.62170	-722.21777	-157.60275	508.65329	-819.62811	-494.56598	458.28510	-1002.86273	-152.18108	92.20829	-803.21185	-384.34747	74.73790	-1191.08167	
244	2.430	-334.52048	1467.17212	-727.96729							-434.20120	1552.74255	-808.83679				-507.74060	1424.32166	-942.32660	-301.91223	1282.67749	-909.04321	-337.49994	1497.22632	-1096.71606	2.10573	1193.73511	-1057.12341	-624.85016	1162.92334	-924.36676	15.16513	956.66217	-977.29700	-282.78616	953.29266	-1221.84448	-159.07631	902.28137	-916.43164	-438.49496	911.38483	-907.99469	-591.20264	1038.03040	-714.99915	-157.91615	506.87750	-816.37280	-493.66257	457.63760	-1000.28418	-154.06805	90.37862	-787.28131	-384.14352	75.13244	-1190.18384	
245	2.440	-336.95621	1466.55298	-723.32910							-434.38437	1551.90710	-802.65363				-506.66940	1423.50183	-936.15613	-301.67102	1282.20349	-901.90698	-337.28076	1496.90637	-1090.49329	2.18978	1194.57019	-1053.57166	-624.66565	1163.01111	-917.57330	15.38116	957.10400	-972.15753	-282.19299	952.96698	-1217.05591	-158.34459	901.72473	-910.07635	-438.91193	911.38165	-903.02075	-591.20587	1039.00366	-706.37585	-157.62840	506.09201	-812.42395	-492.91589	455.97998	-996.49951	-156.34052	90.47337	-773.26361	-383.92358	75.56763	-1189.21790	
246	2.450	-337.43106	1464.57129	-716.69647							-434.50327	1551.30469	-797.08765				-507.99011	1423.18457	-930.08752	-301.14957	1281.86902	-896.11938	-337.09979	1496.23535	-1083.86426	3.02352	1192.31653	-1042.61304	-625.39362	1162.54749	-908.43152	14.99924	956.46948	-965.28741	-281.54630	952.60455	-1211.76294	-158.30656	901.26208	-904.59418	-438.24713	909.83075	-897.58374	-592.09375	1040.07581	-697.48297	-157.18834	504.78705	-809.48834	-490.95703	455.10303	-992.45807	-157.61359	90.82853	-760.80536	-383.84351	75.74308	-1188.87036	
247	2.460	-336.90698	1463.35754	-710.91913							-434.58612	1550.22375	-790.02948				-507.29926	1423.07495	-924.19269	-301.67136	1280.64551	-891.28741	-336.91260	1496.21545	-1078.04248	3.87300	1192.44360	-1037.26270	-624.57605	1162.55872	-901.33984	15.81490	956.12140	-958.68127	-280.67062	953.20673	-1207.47009	-157.30595	900.93732	-898.13470	-438.08630	909.83209	-892.15906	-591.37866	1040.19385	-690.08063	-156.88545	503.01483	-805.97760	-490.02740	455.16983	-988.62732	-161.05576	89.60183	-748.32831	-383.23889	76.46593	-1190.40601	
248	2.470										-434.55542	1549.55725	-783.94629				-506.51627	1422.41260	-917.75043	-301.80862	1280.72705	-884.83423	-336.57169	1495.86694	-1071.86829	3.92747	1192.79114	-1032.24280	-624.57104	1162.77063	-894.91028	16.25524	955.96851	-952.92584	-279.93298	952.40985	-1201.39673	-156.62627	899.55927	-891.32721	-437.76590	908.64258	-886.44617	-591.95276	1041.01001	-681.41504	-156.52303	501.55316	-802.08337	-489.21533	454.62088	-986.05035	-162.68639	89.58864	-738.32379	-383.12881	76.79710	-1189.94995	
249	2.480	-339.03156	1462.39966	-703.01312							-434.56934	1548.80469	-778.08368				-505.71582	1421.39905	-911.33594	-301.20364	1280.03052	-879.05743	-336.39944	1495.54028	-1066.10132	4.90605	1191.14453	-1022.39386	-624.12201	1162.81079	-885.89215	16.73499	956.24451	-945.17328	-279.41635	952.17084	-1196.51355	-155.57533	899.63483	-885.92474	-437.26749	909.59888	-882.33405	-591.83636	1042.12683	-672.21820	-156.25906	499.94913	-798.17896	-488.12268	453.44769	-981.42627	-165.05881	89.48653	-727.91083	-382.92487	77.37389	-1189.09570	
250	2.490	-339.30255	1461.68909	-696.50244							-434.55832	1547.80457	-771.84991				-505.47726	1421.12231	-904.60297	-301.08624	1279.21570	-871.65997	-336.05548	1494.81213	-1059.48010	5.03647	1192.00854	-1018.76282	-623.79218	1162.83960	-877.62488	16.68678	955.53265	-938.88654	-278.68246	952.25879	-1191.41394	-157.27579	897.51288	-881.49158	-437.64288	908.93896	-876.32233	-592.17078	1043.01599	-663.86127	-155.84532	498.53915	-795.40295	-487.17300	453.42908	-977.02429	-167.26724	88.67003	-720.52936	-383.00949	79.19996	-1187.53162	
251	2.500	-340.60172	1459.20007	-691.39301							-434.39365	1546.88855	-765.31671				-504.75046	1420.62036	-898.01355	-301.35233	1279.32166	-867.38202	-335.65561	1494.24695	-1052.47839	5.64808	1191.59351	-1012.16357	-623.86359	1162.38831	-869.24231	18.29840	955.00195	-932.51697	-277.90323	951.74762	-1185.26904	-154.85498	898.16962	-872.60742	-435.80527	907.25433	-869.62543	-592.80255	1044.19983	-655.00366	-156.40695	496.35840	-791.30505	-485.18610	452.31662	-973.03137	-171.43175	86.21488	-712.00073	-382.65265	81.45264	-1188.21960	
252	2.510	-338.20547	1458.68091	-679.09485							-434.20935	1545.96472	-758.41168				-504.98227	1419.89172	-891.54797	-299.80365	1278.36292	-857.82086	-335.25919	1493.40747	-1045.98755	6.88598	1189.95337	-1002.43982	-623.52698	1162.90344	-860.48248	18.37625	955.22668	-924.60303	-277.16736	950.77075	-1178.67896	-155.60492	895.81104	-866.71246	-435.10150	906.20660	-863.01440	-592.63818	1045.21204	-645.61945	-155.62802	494.60260	-787.36987	-484.74606	451.78931	-968.74384	-174.06274	84.25084	-706.16327	-382.41165	82.15568	-1187.21777	
253	2.520	-337.86636	1458.13953	-672.39307							-434.03854	1545.17725	-752.53760				-503.97833	1419.50671	-884.60577	-299.06598	1277.69702	-850.65485	-334.86197	1492.71545	-1039.67419	7.03725	1189.77100	-1000.77051	-623.23889	1162.57410	-852.46167	18.88923	955.00751	-918.46625	-276.59277	950.15472	-1173.28394	-155.08194	895.56360	-860.53137	-435.02237	905.99243	-857.07916	-592.85333	1045.85181	-636.26520	-155.58853	493.07062	-782.08057	-484.05457	451.24625	-963.76111	-175.81633	83.81859	-701.24603	-382.20523	82.81164	-1186.37244	
254	2.530	-336.77161	1457.32678	-665.30725							-433.73389	1544.41467	-746.07098				-503.05148	1418.64575	-877.91992	-298.07288	1277.39832	-843.23608	-334.28003	1491.91492	-1032.58423	7.26285	1190.44141	-996.11615	-622.62958	1162.84875	-843.45685	19.75511	954.48969	-912.27997	-275.85400	949.25354	-1166.55774	-154.56541	895.33215	-853.84735	-434.16110	904.79987	-850.58362	-592.64783	1046.47852	-626.75989	-154.90109	491.35516	-777.96460	-482.65851	450.37308	-959.23627	-179.35400	81.18370	-697.96283	-381.90549	83.71959	-1185.13281	
255	2.540	-338.20468	1456.04175	-663.19440							-433.31720	1543.71802	-739.04620				-502.17664	1417.86218	-870.13300	-297.76364	1276.08264	-837.92151	-333.74738	1490.96204	-1025.50867	7.01047	1188.89795	-987.81531	-622.30695	1162.39185	-834.95044	20.15681	953.43610	-903.96948	-275.10172	948.68726	-1160.24463	-153.38225	894.62769	-845.71185	-434.02655	904.47186	-844.29803	-592.78619	1047.70984	-617.40308	-155.82994	488.81049	-773.64349	-480.62775	448.76276	-954.09229	-181.16048	80.07038	-694.31958	-381.60620	84.57856	-1183.88220	
256	2.550	-336.53091	1455.74707	-651.81354							-432.95416	1542.83044	-732.46527				-500.85464	1417.82361	-863.60468	-296.11496	1275.83020	-830.17804	-333.22043	1490.23413	-1019.41852	8.72791	1188.96130	-982.08301	-621.92944	1162.27307	-825.89020	20.66562	952.57251	-896.96857	-274.28741	948.22260	-1154.33154	-152.65427	893.47205	-839.74103	-432.43536	904.27570	-837.44104	-592.86627	1048.98267	-608.17053	-156.18761	486.63928	-768.56256	-481.14499	448.80838	-948.84033	-182.22629	79.85995	-692.68182	-381.66943	83.84267	-1186.08606	
257	2.560	-337.40829	1454.96790	-645.24579							-432.51376	1542.30066	-726.15912				-500.21841	1416.54602	-855.99097	-299.04819	1274.26648	-826.31049	-332.54483	1489.33435	-1012.31055	8.71699	1187.81274	-974.06653	-621.31549	1162.09619	-816.95166	21.34322	952.52393	-889.02368	-273.57532	947.21429	-1147.69519	-153.31918	892.71600	-831.41180	-432.98178	902.99207	-830.45703	-593.38446	1050.25366	-598.25366	-156.67551	485.08359	-763.32660	-478.50397	447.37521	-943.09753	-183.78841	77.95147	-690.95270	-381.17874	84.62000	-1185.30640	
258	2.570	-204.89774	1585.61841	-740.05780							-432.01965	1541.28223	-718.33319				-499.14532	1416.33154	-849.26105	-296.75955	1274.18750	-816.19208	-331.87488	1488.62817	-1005.28693	10.34371	1187.27014	-967.49750	-620.89777	1162.64368	-808.64349	22.69876	952.02417	-882.22955	-272.94080	946.11731	-1140.90906	-152.24478	890.97968	-824.47107	-432.77884	902.58112	-823.14972	-593.90625	1051.16113	-588.83215	-156.44534	482.87366	-759.16357	-477.25040	446.57825	-937.62006	-185.01653	76.70330	-689.62683	-382.32242	86.90904	-1183.28662	
259	2.580	-204.31580	1584.77490	-732.89606							-431.50647	1540.89233	-712.13123				-499.22046	1415.69153	-842.02869	-296.89273	1272.10938	-810.98468	-331.14935	1487.50562	-997.83710	10.20144	1186.72302	-960.23413	-620.38281	1162.53967	-799.55621	22.56532	951.35687	-874.16516	-272.10730	945.31104	-1134.03162	-151.70752	890.61609	-815.58466	-431.76453	900.90558	-816.01379	-593.91595	1051.79956	-579.30493	-156.38986	481.52054	-754.36304	-475.56024	445.10895	-931.26935	-186.56685	75.86420	-688.56744	-382.62186	87.24710	-1183.30908	
260	2.590	-203.63565	1583.85071	-725.07147							-430.84616	1540.34387	-704.30182				-496.67776	1415.36646	-834.38214	-294.90546	1272.32007	-802.80499	-330.42499	1487.43799	-991.34082	10.98968	1185.59338	-952.55383	-619.77466	1161.96704	-789.51202	23.20350	950.64825	-866.11127	-271.16428	944.10828	-1126.12976	-150.89723	891.14832	-807.50275	-430.65884	901.62897	-808.61469	-593.32300	1053.05322	-569.99445	-156.08679	479.87170	-748.92297	-473.76489	444.82892	-926.22491	-188.83643	75.13004	-685.35333	-382.63809	89.06155	-1182.22314	
261	2.600	-203.14432	1583.38147	-717.95959							-430.37561	1539.92688	-697.34882				-496.14639	1414.62610	-826.85132	-294.59164	1272.06421	-795.90588	-329.57990	1486.88440	-983.39496	11.85179	1185.24622	-945.17114	-619.46570	1162.36584	-781.29950	24.98467	950.32599	-859.00671	-270.06345	944.01355	-1118.67407	-149.63802	890.67578	-800.18842	-430.86258	900.39343	-800.27826	-593.64978	1054.40308	-560.53876	-156.65781	478.42126	-743.79028	-471.66214	442.85602	-919.98340	-190.68492	75.56162	-684.18036	-383.21494	90.96555	-1180.22107	
262	2.610	-202.48900	1583.11792	-709.63019							-429.80646	1539.53442	-689.80573				-494.60806	1414.33130	-819.35260	-292.69965	1271.66919	-786.21069	-328.89105	1486.84558	-976.09863	12.70768	1185.15796	-937.54883	-619.30011	1163.20068	-772.29547	24.16783	949.70123	-850.92151	-269.33221	943.77094	-1111.64819	-148.35376	890.30847	-791.67432	-429.01401	899.58936	-792.61389	-593.84900	1055.92786	-550.91351	-157.40532	477.73035	-737.90204	-470.03552	442.24744	-913.57379	-191.62833	76.40594	-682.27136	-384.40115	92.90503	-1178.86548	
263	2.620	-201.94031	1583.08533	-702.21674							-429.28009	1539.39197	-682.58563				-493.59494	1415.19177	-812.09607	-290.93063	1272.90332	-778.94653	-328.05807	1487.18677	-968.67645	12.35646	1184.68542	-928.92822	-618.60345	1164.13574	-764.33276	25.12121	949.66248	-842.78351	-268.22800	944.07062	-1103.62964	-146.97310	890.61853	-783.67114	-427.88440	899.48645	-785.14966	-595.03741	1057.78503	-542.31635	-157.81828	478.52866	-733.01550	-467.65945	441.87643	-906.20435	-192.07228	76.24924	-682.58752	-385.47784	95.61440	-1177.17358	
264	2.630	-201.33047	1583.04126	-695.44934							-428.49725	1539.53308	-674.36438				-492.69458	1415.24426	-803.90680	-291.22430	1273.59705	-772.94012	-327.30676	1487.40796	-961.31073	13.45739	1185.84680	-921.69519	-617.34833	1164.76025	-755.24316	26.76093	950.49219	-835.88489	-267.47382	943.86090	-1095.70178	-145.95729	892.03278	-776.53198	-426.99207	900.13898	-776.80377	-593.21558	1058.90710	-532.53375	-158.69807	480.28580	-726.36456	-466.73245	441.95688	-899.49091	-191.62833	76.40594	-682.27136	-386.14426	98.81052	-1174.96021	
265	2.640	-200.54185	1582.58325	-687.08594							-427.95346	1539.66150	-667.64703				-491.12106	1415.77209	-796.80859	-291.74597	1274.13184	-766.96118	-326.48874	1487.97473	-953.41412	14.31696	1186.41528	-914.47247	-616.85388	1165.68738	-745.60443	26.98102	950.63361	-827.25494	-266.36594	945.26825	-1088.21680	-144.53215	893.00616	-767.57129	-424.79599	900.29187	-767.50275	-593.78162	1060.70801	-523.61444	-159.56935	482.76486	-720.00830	-463.67807	440.64578	-891.47607	-190.85388	76.85923	-681.62408	-386.77032	101.83874	-1171.95984	
266	2.650	-199.93294	1582.87915	-679.68140							-427.32614	1539.48633	-659.91125				-490.56827	1416.88574	-789.11584	-289.07709	1274.90955	-757.41980	-325.91013	1488.56445	-946.59167	13.99822	1186.24438	-905.67737	-615.92249	1167.13440	-737.55286	27.64360	951.14795	-819.95605	-265.44553	945.66876	-1079.57336	-143.62646	894.11719	-761.04987	-423.19635	900.32800	-759.08203	-594.05273	1062.16187	-514.55511	-159.31241	485.99356	-712.87891	-461.73553	441.88562	-883.12732	-189.78311	76.48682	-680.98779	-387.20090	103.85239	-1170.48401	
267	2.660	-199.29640	1583.24109	-671.58783							-426.79077	1539.76208	-652.64996				-489.28784	1417.55701	-781.03174	-289.18311	1274.35632	-749.95374	-325.08789	1489.57739	-938.79047	14.74988	1187.50720	-897.23022	-614.71185	1168.61243	-728.86554	28.05186	952.38318	-812.46887	-264.80264	946.39795	-1071.76978	-142.98477	895.38849	-753.99689	-422.12341	901.70416	-750.98737	-594.20715	1063.33301	-506.15344	-158.87157	488.49854	-706.23853	-458.42566	441.01932	-874.19482	-190.23456	76.43512	-679.99774	-387.60794	107.29440	-1167.33826	
268	2.670	-198.64691	1583.56079	-664.17950							-426.11667	1540.07959	-645.18970	-88.85099	1468.09326	-848.92383	-488.98483	1418.58215	-773.83270	-287.67197	1276.34216	-742.74377	-324.49466	1490.38904	-931.61884	14.90064	1189.22009	-891.67017	-614.18170	1169.91675	-720.49103	27.58130	952.65479	-804.47266	-264.02756	947.48798	-1063.20447	-140.75562	896.91913	-747.13965	-420.47021	902.83478	-743.35229	-594.30072	1065.46472	-496.92230	-159.28841	489.81833	-699.50671	-455.89703	442.04950	-866.03278	-189.98912	76.21167	-679.97601	-387.28595	109.61930	-1162.86804	
269	2.680	-197.94214	1583.65979	-656.05902							-425.63031	1540.27539	-637.97186	-88.26324	1469.82397	-841.69672	-487.71078	1419.62329	-766.14056	-285.58386	1278.18286	-735.04547	-323.76157	1491.60571	-924.35315	14.31179	1189.88647	-883.41174	-614.12201	1171.31824	-712.88666	27.21904	953.77338	-796.61877	-263.15628	948.25952	-1053.85034	-139.65910	897.74567	-739.82196	-418.20563	904.43518	-735.13782	-594.16858	1067.15894	-488.00809	-159.15019	491.41525	-692.66754	-452.37537	442.78058	-856.34711	-188.75314	76.61439	-679.57233	-389.18039	116.75220	-1159.41577	
270	2.690	-197.41005	1584.10107	-648.81824							-424.97668	1540.74817	-630.19708	-87.44020	1471.38977	-834.15997	-486.89880	1420.08777	-758.55353	-286.17072	1278.65759	-730.23236	-323.03217	1492.63928	-916.63684	15.41081	1190.83667	-874.01617	-613.20313	1172.47168	-704.51245	27.64837	955.05115	-789.12152	-262.92230	948.81964	-1045.49963	-138.16527	898.49280	-732.70264	-416.95563	904.57483	-726.30634	-595.27899	1068.63501	-479.62149	-157.59836	492.13406	-686.21130	-448.90244	442.91537	-845.91821	-189.18382	76.40794	-679.62323	-389.69635	120.85852	-1154.67371	
271	2.700	-196.85529	1584.62292	-641.20154							-424.48389	1541.11047	-623.32648	-86.53677	1472.84106	-826.49304	-486.00372	1420.78088	-751.47064	-283.28146	1280.45044	-720.04004	-322.30029	1493.76453	-909.19806	15.77421	1192.17676	-869.19373	-612.85077	1173.50903	-695.62036	27.87033	956.33936	-781.44556	-262.41815	950.18597	-1037.05652	-137.37315	899.33429	-725.15381	-415.71002	906.05859	-717.59338	-594.69641	1069.81067	-471.39099	-156.62195	491.87064	-679.53235	-446.54056	444.93805	-835.85797	-189.18382	76.40794	-679.62323	-390.87082	126.27204	-1150.09082	
272	2.710	-196.16928	1584.55396	-633.61871							-423.89792	1541.66846	-615.71234	-85.93143	1474.39026	-819.65759	-485.20126	1422.34277	-744.12683	-282.75494	1280.08765	-712.64410	-321.67889	1495.00354	-902.59204	16.05538	1191.79089	-859.70593	-612.65521	1174.86096	-688.54425	28.17521	958.36578	-773.44830	-261.66827	951.12622	-1027.01855	-136.53778	900.06348	-719.36102	-414.45709	907.51807	-709.91028	-596.18097	1072.06665	-463.69907	-156.13585	490.86627	-674.98975	-443.27359	445.15164	-825.26270	-189.53537	76.31700	-679.68237	-391.21658	131.83475	-1142.82068	
273	2.720	-195.68466	1585.01709	-625.88928							-423.42090	1541.72729	-608.66455	-85.20308	1476.04260	-812.39288	-483.85001	1423.02136	-736.62903	-281.54117	1282.20105	-705.36053	-320.81287	1496.05603	-895.14020	16.07902	1193.82996	-854.48474	-612.10986	1176.66711	-680.41199	28.37698	959.18927	-765.75720	-261.20551	951.40851	-1016.93097	-135.32019	900.21356	-713.07874	-413.49936	909.12280	-701.95898	-596.16180	1073.73108	-455.00592	-154.45087	490.72522	-669.90643	-440.40530	446.91342	-814.91888	-189.41333	76.02191	-678.90857	-391.51584	137.47031	-1134.65002	
274	2.730	-195.11823	1585.10242	-618.28082							-423.03168	1541.68860	-600.89441	-84.25552	1476.86621	-804.64600	-483.47028	1424.31470	-730.39728	-280.33704	1282.73645	-698.77039	-320.01337	1497.17908	-888.34424	17.04224	1194.28577	-846.87799	-611.03601	1178.22998	-672.91602	27.12849	960.63879	-757.71051	-260.61560	952.25940	-1007.70605	-134.05289	902.04236	-704.67419	-412.47723	910.44049	-695.23816	-596.52148	1075.77539	-447.35190	-152.37822	489.78348	-665.38483	-437.79526	447.67056	-803.68982	-188.98105	76.57089	-678.79797	-393.99789	144.17944	-1125.07251	
275	2.740	-194.77542	1585.38416	-611.06403							-422.67624	1542.11292	-594.68323	-83.62585	1478.07019	-798.05719	-483.12381	1425.32410	-723.72131	-279.86993	1283.43274	-692.99542	-319.19540	1498.25330	-881.50201	17.50136	1195.55737	-840.40491	-610.09967	1179.87878	-665.86731	26.97137	961.92090	-750.49561	-259.83066	952.88184	-997.76886	-134.51654	902.50745	-699.54816	-411.60596	911.37042	-688.12598	-596.13214	1077.19238	-439.12869	-150.31003	489.31793	-661.41083	-435.46014	449.20490	-792.33295	-189.03595	76.15475	-678.07910	-395.88257	151.15964	-1113.94702	
276	2.750	-194.38255	1585.43896	-604.34796							-422.20108	1542.20703	-587.35730	-82.93634	1479.09106	-791.07898	-481.47644	1426.51868	-716.48102	-278.34464	1284.62573	-686.00336	-318.38055	1499.07019	-874.59753	16.35692	1196.20276	-833.12384	-609.41327	1181.48853	-658.01477	27.92764	963.39362	-742.69855	-258.75391	953.83167	-988.05511	-132.43938	904.09259	-691.15265	-411.52347	912.78979	-680.97949	-596.94769	1079.21545	-431.47089	-147.09819	488.94458	-657.88586	-433.13470	450.61722	-780.40710	-189.40422	76.17393	-678.27216	-397.83130	157.09700	-1103.58582	
277	2.760	-193.93935	1584.99817	-596.38403							-421.97488	1541.93274	-580.62012	-82.39442	1480.19263	-784.62396	-480.64554	1427.24548	-710.12769	-277.74023	1285.80750	-679.17792	-317.56201	1499.88086	-867.54797	16.70386	1196.19604	-826.28424	-608.95270	1182.83374	-651.18585	27.44877	964.51447	-734.44342	-258.00345	954.06195	-979.18073	-132.18033	904.01514	-684.47125	-409.78619	913.69409	-673.69543	-598.20825	1080.66370	-424.23978	-144.78932	488.57056	-654.32104	-431.90451	452.73380	-769.79645	-188.82709	76.39749	-676.99738	-400.17276	164.48926	-1092.94861	
278	2.770	-290.00302	1716.99548	-659.93359							-421.70929	1541.73962	-574.05707	-81.63123	1480.94727	-777.11072	-480.16501	1427.90845	-703.77753	-276.98975	1286.81714	-671.54419	-316.88019	1500.73499	-861.40289	16.89360	1196.36853	-819.04932	-608.29620	1184.09021	-643.43872	26.65504	965.50812	-725.11462	-256.63501	954.79193	-970.01855	-131.87126	905.28827	-677.26642	-410.05795	915.01898	-667.07245	-598.96246	1082.37488	-416.44968	-141.55779	488.34253	-651.16602	-431.58435	454.28519	-758.69922	-188.82709	76.39749	-676.99738	-402.41129	172.34900	-1081.61609	
279	2.780	-289.54620	1717.12366	-652.36694							-421.60876	1541.30615	-567.85883	-81.07066	1481.42688	-770.71490	-479.96658	1429.04138	-698.45734	-276.67209	1286.71631	-664.54150	-316.20050	1501.68018	-855.27295	17.67562	1197.00452	-811.59961	-607.96161	1185.43127	-636.40887	26.68857	966.03522	-718.33002	-255.20584	955.41913	-960.95410	-131.27998	905.49512	-671.13788	-409.51086	915.47156	-660.99658	-598.96545	1084.04980	-409.11334	-138.61629	487.52206	-649.59430	-430.09109	454.73877	-747.92731	-188.82709	76.39749	-676.99738	-402.73508	179.26976	-1069.34131	
280	2.790	-289.13089	1717.48059	-644.60004							-421.42563	1540.96997	-560.74762	-80.48856	1482.05823	-763.88281	-479.50739	1429.58496	-691.77246	-276.70148	1286.35547	-658.65363	-315.56189	1502.46655	-848.67438	18.12965	1198.20020	-805.40192	-607.81653	1186.34814	-628.56891	27.22551	967.03625	-710.02185	-253.68060	955.38715	-951.22028	-130.12022	906.30066	-663.73602	-409.70151	914.24426	-654.04272	-599.72095	1085.63330	-401.53735	-134.70219	487.80435	-646.73065	-432.33542	456.47745	-735.98560	-188.75424	76.08419	-676.38776	-404.95627	188.92719	-1056.37146	
281	2.800	-288.53339	1717.13037	-635.92548							-421.30966	1540.73730	-554.49420	-79.95503	1482.30688	-756.86047	-478.65677	1429.89734	-685.15338	-276.72665	1287.06641	-652.80865	-314.93805	1503.24927	-841.92926	17.47634	1198.63123	-799.18579	-608.38953	1188.13074	-622.30621	26.89886	968.30792	-702.50323	-252.10054	955.60822	-941.76318	-131.11920	905.91693	-659.23071	-409.16626	915.46521	-648.13678	-600.42328	1087.04187	-394.10226	-131.33018	487.01331	-644.62140	-436.83273	459.18411	-725.66351	-189.56915	76.30471	-676.20630	-406.73364	197.17101	-1043.50720	
282	2.810	-288.08380	1717.39624	-628.08533							-421.24268	1541.03821	-548.47174	-79.59933	1482.96191	-750.54053	-478.04950	1430.27100	-679.15747	-276.16934	1288.13928	-647.17346	-314.43472	1504.09973	-835.55365	17.71504	1198.54675	-791.26099	-607.68622	1189.27002	-616.13599	25.91857	968.42621	-695.19348	-250.84683	956.87683	-934.57373	-129.93839	907.08441	-652.26190	-409.17117	916.21960	-642.72009	-600.68341	1088.33069	-386.66458	-127.65097	486.66653	-642.82166	-441.40079	459.97379	-712.76550	-189.55838	76.21696	-676.18909	-406.77670	203.96236	-1030.74158	
283	2.820	-287.66782	1717.36914	-621.52753							-421.23398	1540.72449	-542.26453	-79.38450	1483.66455	-744.54364	-476.81140	1431.01318	-672.92767	-276.70758	1288.36292	-642.30933	-313.99860	1505.15527	-829.60931	16.80861	1199.14856	-784.35138	-607.38849	1190.34070	-608.53644	24.82541	969.13702	-687.22742	-249.22977	957.45428	-924.97382	-128.64525	907.89111	-645.45868	-408.03159	915.93518	-636.54053	-601.98444	1089.48303	-380.34290	-123.59134	486.37643	-641.65564	-446.83862	462.73373	-700.11243	-189.33366	76.20603	-676.24188	-406.88605	210.56462	-1017.42828	
284	2.830	-287.31055	1717.68799	-613.69531							-421.33081	1540.65369	-536.00623	-79.08674	1483.91113	-737.55798	-478.10352	1432.69226	-667.04883	-276.53970	1289.06213	-637.14941	-313.55383	1506.09973	-822.88898	17.57121	1199.58826	-776.38806	-608.30133	1191.32007	-601.14795	24.72303	970.03748	-679.29742	-247.79314	958.19220	-917.33521	-128.35568	908.19910	-640.51868	-409.09918	916.49878	-630.18408	-602.43250	1090.93372	-373.43417	-120.06261	485.84976	-639.73346	-450.95004	465.41220	-684.89917	-190.31758	76.00576	-676.12982	-407.29306	216.52859	-1003.25195	
285	2.840	-287.01822	1717.73267	-607.03937							-421.40735	1540.71021	-530.11359	-79.07545	1484.91504	-731.38995	-477.88376	1433.55884	-660.82874	-276.71088	1289.02771	-630.57397	-313.34592	1507.08789	-817.60687	17.71462	1200.62415	-769.98688	-607.88269	1192.55249	-595.31683	24.60075	970.57794	-671.49255	-247.15277	958.29510	-908.54010	-128.59694	909.25079	-634.76941	-409.91287	916.83521	-623.64270	-603.94849	1092.02820	-366.82480	-115.90784	485.65903	-638.19379	-454.30249	467.50058	-668.42993	-190.63734	75.73011	-675.88190	-407.56787	222.10597	-988.08099	
286	2.850	-286.75922	1717.96484	-599.35669							-421.56210	1540.55811	-523.97516	-78.97523	1485.28784	-724.70215	-478.32901	1434.98535	-655.75189	-276.55396	1290.18152	-623.32343	-313.09332	1507.86084	-811.04700	18.00386	1200.45203	-762.25348	-608.04370	1194.37048	-589.15448	23.34511	971.77173	-664.38861	-245.60420	959.36053	-901.15131	-128.09001	909.72455	-628.99829	-411.00967	918.39227	-617.53827	-604.11682	1093.31372	-360.77591	-113.31036	484.95071	-637.35724	-456.94974	469.99075	-649.59827	-190.63734	75.73011	-675.88190	-407.90469	226.14043	-973.59491	
287	2.860	-286.53162	1717.97705	-592.43414							-421.72534	1540.70776	-518.12579	-78.84882	1486.56323	-718.97064	-477.72388	1435.22632	-649.15283	-276.13229	1291.55750	-618.00049	-313.05521	1508.86926	-805.80103	17.55101	1201.98376	-755.39948	-608.76251	1195.47510	-582.43793	21.97028	972.89392	-656.75104	-245.23987	960.09741	-892.46442	-127.08429	910.19183	-623.54614	-411.27710	918.10248	-610.64581	-605.00696	1095.54700	-354.37506	-109.33733	485.58170	-635.74341	-458.62256	472.03995	-631.03284	-190.30682	76.02696	-675.55145	-407.98511	230.01738	-957.51062	
288	2.870	-192.06711	1582.03687	-521.55634							-421.97253	1540.70032	-512.32758	-79.20707	1486.59644	-711.91443	-477.01544	1435.56238	-643.88074	-276.73062	1291.40112	-612.72150	-312.96906	1509.68628	-799.27032	16.79984	1202.96448	-748.76978	-608.66095	1196.97607	-576.41498	21.89610	973.37134	-649.50055	-245.34587	960.99762	-885.22034	-125.87856	910.87335	-618.38562	-411.96945	919.20660	-605.27838	-605.47687	1096.29492	-347.71078	-106.80612	486.24677	-633.97717	-458.85669	474.19888	-612.15063	-190.34561	76.35968	-675.36938	-406.75055	232.00549	-941.68927	
289	2.880	-286.60098	1719.03992	-580.82660							-422.29648	1540.81946	-506.70938	-79.30579	1487.72375	-706.25171	-477.50192	1436.45642	-637.35608	-276.08911	1291.89844	-607.90259	-313.07172	1510.72656	-794.05219	17.37671	1203.66052	-741.54370	-609.10968	1197.76001	-570.94098	20.85615	973.81958	-642.02625	-245.20363	961.71173	-878.60181	-125.72286	911.73999	-614.09247	-411.97845	920.01160	-598.95795	-606.66559	1097.07373	-340.82434	-104.09690	486.96863	-631.56110	-459.84909	478.25662	-594.52539	-190.34561	76.35968	-675.36938	-407.76898	234.82370	-924.96802	
290	2.890	-286.54230	1718.87622	-573.45978							-422.61252	1540.96448	-501.27832	-80.02741	1488.65686	-699.90100	-477.20789	1437.02515	-632.20428	-276.14386	1293.00439	-601.94684	-313.18906	1511.37585	-787.76593	17.29597	1204.57605	-734.62073	-609.54779	1199.02844	-565.01294	19.53962	975.41443	-634.96637	-245.57468	962.35217	-871.66425	-125.19353	912.37402	-609.76471	-412.69199	921.11096	-591.59814	-607.15149	1098.52844	-334.74353	-101.58131	488.48346	-628.89050	-458.05548	482.22202	-577.28967	-190.38380	76.69267	-675.18732	-407.27844	235.69292	-906.71564	
291	2.900	-192.65001	1581.95410	-503.79416							-422.87784	1541.07458	-495.17905	-80.04833	1489.62134	-693.86133	-476.67410	1437.32031	-626.15930	-276.62622	1293.12891	-596.44342	-313.34076	1512.46387	-782.47089	17.22859	1205.39685	-728.24976	-609.79126	1199.44666	-557.37781	19.51948	976.54407	-627.94025	-246.65526	963.05237	-865.14612	-125.66685	912.68927	-605.10535	-412.44019	920.94482	-584.60095	-608.05023	1099.53589	-328.62979	-99.48434	489.62827	-624.42377	-458.56177	487.72296	-562.43732	-190.38380	76.69267	-675.18732	-408.07977	234.50325	-889.93359	
292	2.910	-335.39285	1441.33447	-418.68121							-423.27634	1541.00037	-489.21625	-80.25682	1490.98193	-687.90369	-477.95047	1439.07275	-620.78876	-276.33066	1294.35754	-591.77911	-313.58414	1513.08777	-776.28772	16.83686	1206.33594	-721.38489	-610.90088	1201.04614	-552.18829	17.35131	977.68799	-621.24518	-247.23329	964.05182	-859.06689	-125.12943	912.87708	-601.25305	-413.13431	921.80255	-577.43036	-608.44708	1100.49170	-323.11038	-97.82635	491.11789	-621.11554	-458.20691	493.08450	-547.01166	-190.28786	76.99659	-674.97546	-406.58804	233.55525	-872.69098	
293	2.920	-287.34354	1719.26404	-554.94104							-423.70782	1540.79639	-483.37469	-80.40459	1492.01611	-682.98792	-478.30484	1439.16174	-615.31512	-276.13266	1294.69763	-586.81940	-313.92078	1514.15295	-771.24030	16.32270	1206.98840	-714.46844	-611.28857	1202.26074	-546.45197	17.42941	979.12415	-614.85883	-248.28578	964.92175	-853.29169	-124.65387	913.48578	-596.54126	-413.43436	922.30042	-570.90466	-609.32501	1101.90259	-316.71225	-96.52444	491.74164	-615.98187	-459.48557	498.28809	-533.42871	-190.64282	77.34794	-675.06537	-408.30963	231.56953	-855.09930	
294	2.930	-287.82297	1719.62244	-548.25055							-424.20639	1540.65503	-477.92566	-80.68272	1493.16431	-678.12238	-479.19321	1440.49573	-610.25220	-276.43469	1295.44702	-580.91602	-314.39954	1514.69519	-765.51666	16.53918	1207.96826	-708.20361	-611.73883	1203.02283	-540.55914	14.45745	979.30798	-608.04712	-250.11201	965.69122	-847.63232	-124.93636	913.97333	-592.14587	-413.51691	923.05432	-562.52026	-610.34015	1102.49182	-311.00851	-96.18255	492.46863	-610.69489	-460.41943	503.42670	-519.86664	-190.88274	77.73351	-674.51099	-407.90390	228.96336	-836.78571	
295	2.940	-336.26321	1440.78638	-405.94812							-424.74860	1540.49158	-472.43890	-81.49934	1493.90125	-672.83771	-478.78400	1440.21533	-604.63788	-277.07870	1295.98608	-575.74847	-314.82584	1515.61389	-760.41003	15.84609	1209.59326	-703.27295	-612.86285	1204.03503	-535.16663	14.32440	980.62085	-601.47321	-251.71100	966.26251	-841.79364	-124.32401	914.91986	-586.46942	-413.89136	923.52899	-555.86694	-610.78369	1103.22070	-305.52383	-95.93114	492.25256	-605.62317	-461.49390	508.55908	-505.75433	-190.86914	78.17331	-674.71637	-408.22479	224.65105	-819.15814	
296	2.950	-288.97461	1719.88123	-536.07123							-425.29364	1540.34363	-466.90247	-82.20720	1494.89600	-666.98480	-479.53506	1440.85645	-599.10748	-277.11084	1296.71204	-570.13293	-315.34674	1516.26526	-755.07446	15.00217	1210.14966	-697.44421	-613.35211	1205.34680	-529.52521	13.00449	981.53979	-594.51630	-253.77611	967.59741	-836.37201	-124.14937	915.61603	-580.93616	-414.67484	924.25519	-548.18854	-611.68292	1104.38184	-299.14264	-96.45416	491.66675	-600.08521	-461.95685	513.99432	-491.89850	-190.86914	78.17331	-674.71637	-408.32941	220.22430	-800.65674	
297	2.960	-289.47937	1719.55579	-529.18042							-426.61661	1539.48218	-461.37106	-82.02541	1494.94958	-660.93439	-480.14319	1440.52795	-593.45813	-277.08191	1296.94507	-565.00519	-315.88666	1516.88953	-749.22632	15.01034	1210.91528	-690.78589	-614.27820	1205.95215	-524.47034	11.05540	983.49951	-586.95789	-255.73967	968.34686	-831.07855	-123.55487	915.92365	-575.45184	-415.58414	925.06238	-541.56354	-612.94196	1104.69690	-293.51422	-96.48868	491.40558	-594.65698	-460.87546	519.01306	-479.69409	-191.19885	78.35738	-674.31635	-409.63361	215.32227	-781.92157	
298	2.970	-338.57730	1439.23010	-390.15460							-428.27383	1539.87549	-456.70657	-82.63258	1495.93628	-655.54138	-479.46780	1441.15796	-588.09674	-277.15228	1296.81641	-559.68060	-316.51385	1517.47473	-743.69159	14.82302	1210.97742	-683.80865	-615.18848	1206.36230	-518.08844	10.98686	984.23193	-582.46460	-257.79456	969.39276	-826.16803	-124.04025	914.90247	-574.47308	-416.76605	925.34882	-535.40442	-613.38696	1105.59766	-287.92453	-97.88239	490.86459	-589.65948	-461.99918	524.69867	-467.46677	-190.86819	78.65400	-673.98602	-410.18695	209.46082	-762.87897	
299	2.980	-196.60313	1580.91357	-457.68741							-428.49405	1539.96106	-451.50244	-83.45023	1496.45203	-649.57935	-481.37177	1441.69116	-582.72974	-278.85709	1297.12256	-555.15985	-317.17856	1517.98364	-738.23029	14.96909	1211.91626	-678.77899	-615.48352	1206.64624	-511.73013	8.79600	985.19904	-576.04956	-260.01761	970.11279	-821.12103	-124.45263	915.73657	-571.39648	-417.81903	926.25568	-528.60657	-614.90674	1105.84302	-282.73303	-98.75375	491.08081	-584.51526	-461.81189	528.75500	-456.63092	-190.86819	78.65400	-673.98602	-412.58099	203.35326	-742.52014	
300	2.990	-197.40288	1580.47595	-451.73837							-428.33197	1539.25696	-445.47397	-84.62384	1496.70166	-644.01477	-482.01083	1441.87634	-577.12592	-279.07251	1297.84119	-549.83325	-317.91840	1518.41199	-732.18945	14.61473	1212.86438	-674.05853	-616.93695	1207.33765	-506.60513	7.64501	986.46985	-569.50806	-262.13257	971.37640	-816.68481	-125.22028	915.97290	-567.30255	-418.25308	926.76404	-522.85809	-616.02271	1105.93530	-277.15912	-98.65202	491.92407	-579.15295	-460.88977	532.30811	-446.17099	-190.86819	78.65400	-673.98602	-412.92352	195.27692	-721.93982	
301	3.000	-340.66177	1438.33606	-373.24615							-430.46545	1539.12231	-439.91098	-84.79007	1496.98621	-638.63837	-482.43149	1442.33252	-571.19971	-279.42468	1298.04785	-543.59985	-318.61786	1518.91150	-726.87024	13.87723	1213.39160	-667.71436	-617.35950	1207.37708	-501.06665	6.97490	986.94550	-563.93433	-264.30765	972.02887	-811.88159	-126.72823	914.13007	-564.66510	-419.29877	926.85651	-517.93274	-617.02155	1106.58130	-271.34097	-100.44633	491.58414	-574.53699	-459.38037	535.37933	-437.27155	-191.31645	79.79120	-673.63953	-414.26852	187.74364	-700.72327	
302	3.010	-341.34558	1437.59827	-368.81589							-430.85934	1539.00488	-434.60504	-85.28654	1497.23352	-632.95483	-484.37332	1442.83118	-566.04730	-281.26898	1297.33228	-538.78870	-319.42053	1519.31909	-721.05804	12.43176	1214.03760	-662.39124	-618.54102	1207.57825	-495.35941	5.08163	987.61658	-557.92426	-265.52420	972.05414	-807.52844	-126.75201	914.32220	-559.12396	-420.08624	926.96851	-511.95374	-618.04376	1106.18921	-265.51904	-100.75367	492.05896	-570.41278	-457.74023	538.55225	-427.87048	-191.31645	79.79120	-673.63953	-415.27225	180.63423	-679.90759	
303	3.020	-199.93347	1579.45520	-434.28149							-432.11307	1538.59351	-428.80835	-86.77058	1498.03955	-627.39703	-484.58813	1442.67175	-560.61389	-281.53107	1297.82227	-532.83325	-320.28918	1519.71375	-715.35162	12.80475	1213.74084	-656.36005	-619.33533	1208.09180	-489.58014	4.37965	988.53424	-551.70911	-267.05261	972.26971	-802.19330	-127.55845	913.90192	-553.85950	-420.71289	926.55048	-505.74326	-619.00726	1106.24426	-259.83572	-101.76688	492.19577	-565.84094	-457.21109	540.63507	-420.54935	-191.73006	79.87469	-673.05042	-417.43100	172.55965	-658.09473	
304	3.030	-344.81006	1435.39697	-357.55014							-433.18234	1537.83228	-423.49863	-87.36951	1497.96594	-622.28845	-484.35681	1441.93115	-554.12360	-282.25650	1297.93530	-527.53326	-321.25012	1519.74756	-709.62274	12.96974	1214.66260	-652.05219	-619.98090	1208.59863	-484.59784	1.23685	987.49030	-548.71625	-268.67007	973.09863	-798.44739	-128.24174	914.41760	-549.25232	-421.36145	926.48761	-500.65002	-620.13055	1106.75342	-253.92551	-101.95702	491.76743	-562.01782	-455.41885	542.30731	-413.87842	-191.73006	79.87469	-673.05042	-418.77597	163.76985	-636.56519	
305	3.040	-345.50009	1434.30151	-353.42722							-434.41116	1537.56982	-417.74542	-88.65961	1497.55444	-615.95807	-485.93933	1442.29163	-548.49408	-283.10306	1297.71033	-524.29749	-322.38293	1519.95752	-704.21539	10.45216	1214.99500	-646.32788	-621.59473	1208.08765	-477.79169	0.73210	988.50043	-541.75610	-269.88077	973.53357	-793.30481	-129.28767	914.04785	-543.12689	-422.38263	926.71722	-495.48886	-621.32623	1106.36450	-248.72876	-103.09149	491.54758	-558.01636	-454.40634	543.52783	-408.80270	-191.84332	79.98079	-673.09998	-421.22067	155.60823	-614.26935	
306	3.050	-203.00090	1578.26038	-416.76880							-435.52475	1537.07581	-412.05795	-89.85082	1498.35815	-610.76172	-486.48038	1441.62183	-543.00970	-284.70358	1297.42847	-518.79980	-323.05798	1519.67261	-697.94470	10.45240	1215.35437	-641.57623	-622.57745	1208.23279	-473.17026	-0.41304	988.78564	-537.79645	-270.99591	973.81268	-789.45209	-128.49150	915.26331	-538.62335	-422.41531	926.68890	-490.65189	-622.19501	1106.49744	-243.43350	-103.18324	491.79593	-554.21863	-452.25983	543.69952	-402.80829	-191.99437	80.45180	-672.44531	-423.70618	147.62538	-591.47815	
307	3.060	-204.07454	1577.29089	-410.79053							-436.42752	1536.73914	-406.17856	-90.52365	1498.38354	-606.20148	-488.18021	1442.40942	-537.57764	-284.72687	1297.21558	-511.68707	-324.46890	1519.83411	-692.59436	9.65999	1215.55884	-636.35516	-623.43457	1208.17371	-467.19177	-1.41732	990.04663	-531.19153	-272.04059	974.07965	-784.19415	-130.25220	915.60541	-533.60547	-423.19672	926.45166	-486.01135	-623.46918	1105.21729	-237.66313	-103.83453	491.68781	-550.18951	-450.66144	543.44220	-398.30341	-191.99437	80.45180	-672.44531	-426.21844	139.04070	-568.57544	
308	3.070	-349.43176	1433.37390	-335.96088							-437.94778	1536.08020	-400.37552	-91.24955	1498.64600	-600.56964	-487.85440	1441.17542	-530.83508	-285.41324	1297.72351	-507.02844	-325.46774	1520.10095	-687.06592	8.65790	1216.11169	-630.28534	-624.43579	1207.41272	-461.21979	-3.10707	989.55725	-526.70392	-273.39511	974.12708	-779.51379	-131.95447	915.50421	-529.70239	-423.59949	926.41626	-481.54355	-624.86072	1105.25244	-232.33495	-104.83072	491.36063	-546.12396	-449.24222	542.58655	-393.82303	-192.15813	80.73286	-671.86755	-428.51239	131.40417	-544.38409	
309	3.080	-350.97144	1431.31299	-327.11386							-438.61923	1535.41748	-394.26865	-92.77864	1498.96350	-593.92639	-490.32141	1441.64783	-525.65094	-286.83597	1297.52930	-501.16901	-326.56494	1519.99414	-681.12653	7.49016	1215.08130	-624.57050	-625.87415	1208.19543	-456.84344	-2.98175	991.38269	-518.51233	-274.77899	974.29138	-774.40070	-132.91260	915.46606	-525.22980	-425.38394	926.34167	-476.60770	-625.64252	1105.46240	-226.24101	-105.22729	491.12985	-541.79962	-446.45874	540.71759	-390.73462	-191.81860	81.23142	-672.23248	-431.04913	123.87133	-520.88708	
310	3.090	-207.84198	1575.73267	-392.86401							-440.71509	1535.64832	-389.41458	-94.41489	1498.67212	-588.88214	-491.05072	1441.52600	-520.05334	-287.45038	1296.93542	-494.21432	-328.39960	1520.33911	-675.22229	6.71456	1215.92981	-620.37048	-627.35425	1207.51697	-450.82388	-4.31888	991.53674	-513.61456	-276.25250	974.35388	-769.38190	-133.80869	915.17157	-518.04462	-425.09717	925.02722	-471.43271	-628.29175	1104.93945	-221.46143	-105.77748	491.24805	-537.69708	-444.71552	538.96106	-388.34042	-191.95055	81.65817	-671.39581	-433.93512	117.52370	-496.41965	
311	3.100	-209.22636	1574.77954	-387.11243							-441.97229	1534.86670	-383.81525	-95.69453	1498.67236	-582.82092	-491.12537	1440.18103	-513.60950	-288.84262	1296.73669	-490.33621	-329.37387	1519.75171	-669.20569	5.21992	1215.91064	-615.21350	-628.27600	1206.86707	-445.30991	-6.33467	990.96246	-510.54010	-278.09973	975.25073	-765.37103	-135.49548	915.44275	-514.32135	-426.75363	925.19794	-466.95929	-629.67871	1104.65613	-215.84048	-105.89671	490.78470	-533.57153	-445.67023	537.55853	-387.05093	-192.32320	82.24473	-671.05707	-436.12140	111.66985	-473.20468	
312	3.110	-210.58145	1574.16235	-381.93686							-443.59290	1534.17297	-377.70877	-96.92852	1498.63538	-576.96680	-493.97757	1440.63318	-508.80930	-289.39685	1296.48462	-484.62949	-331.09943	1519.60120	-663.66272	3.57392	1216.15698	-610.37970	-629.82996	1206.62952	-440.09091	-7.46547	990.72089	-506.61954	-279.50641	975.45569	-759.32764	-136.13165	915.77936	-508.93991	-427.10693	923.93414	-461.79724	-630.33374	1103.49829	-209.86240	-107.13232	489.99960	-530.59894	-444.60620	534.46606	-385.56570	-192.76863	82.40775	-670.97729	-438.96561	107.54397	-449.48151	
313	3.120	-212.19412	1573.70984	-376.44043							-444.82062	1534.03479	-372.58759	-98.40543	1498.72949	-571.58624	-494.61353	1440.06458	-502.77432	-291.05331	1296.11401	-479.68091	-332.65604	1519.59351	-658.10114	2.65078	1216.30261	-605.52161	-630.77563	1205.56982	-433.70239	-7.84062	992.36578	-499.46533	-281.38382	975.59204	-753.78613	-137.23444	914.85968	-504.36133	-427.50397	923.31116	-456.65863	-631.42163	1103.19763	-204.72301	-107.83443	490.31754	-526.45630	-443.77679	531.29169	-383.85544	-193.36710	82.26733	-671.07953	-440.96167	103.87942	-426.95862	
314	3.130										-446.55396	1533.22656	-366.86615	-99.82915	1498.91797	-567.01062	-497.56415	1439.45801	-497.28983	-292.82248	1295.05994	-472.82516	-334.27576	1519.09692	-652.37030	0.58458	1216.54480	-600.43671	-632.55109	1204.81116	-427.75546	-9.99736	991.17877	-496.21106	-282.63159	975.87683	-748.80981	-139.30522	915.30347	-499.64035	-428.23038	922.63385	-451.83823	-633.57593	1102.20313	-199.27095	-108.31888	489.87097	-523.41083	-441.47705	528.56024	-382.75278	-193.36710	82.26733	-671.07953	-443.37570	101.59151	-404.98853	
315	3.140	-215.49902	1571.93018	-364.47879							-447.83051	1532.47595	-360.57779	-101.82027	1498.14319	-560.81409	-498.01874	1438.89185	-491.71448	-293.54492	1294.86401	-468.00266	-336.32095	1519.33850	-647.14203	-1.42474	1216.54590	-596.05963	-634.07825	1204.53687	-422.69107	-11.52908	990.94995	-491.25592	-284.00601	975.31860	-743.35028	-139.31909	915.15717	-494.78497	-428.96582	921.65405	-446.61536	-634.82361	1101.01343	-193.35873	-109.03752	489.62088	-520.07996	-439.11728	524.58954	-381.66162	-193.79459	82.06265	-671.12872	-444.79477	100.61247	-385.84332	
316	3.150	-217.23312	1571.29773	-359.13913							-449.80075	1531.48743	-355.32544	-103.88153	1498.00720	-555.43073	-500.47488	1437.84778	-485.47000	-295.43680	1294.35974	-462.10721	-338.06860	1518.30920	-641.74341	-2.85704	1216.21045	-591.50433	-636.21851	1203.84705	-417.63901	-12.37508	991.66345	-484.89679	-285.49252	975.29095	-737.66205	-140.23396	915.17334	-490.67709	-429.50476	921.23633	-441.10837	-636.66687	1100.48938	-187.30258	-109.84924	489.45267	-516.82300	-439.65762	521.81964	-380.55685	-194.07278	82.94590	-670.88745	-445.44827	99.26719	-367.31201	
317	3.160	-219.07509	1570.35718	-353.77789							-451.24716	1530.61743	-349.75385	-105.97514	1497.87976	-549.94226	-501.07352	1437.05029	-479.80203	-296.19223	1294.09595	-457.60663	-340.56674	1518.05774	-636.15930	-4.72380	1216.20947	-586.28638	-637.27124	1202.29309	-411.76276	-12.35870	991.38129	-479.85324	-286.55573	974.29547	-731.94183	-142.41148	913.86511	-485.74457	-430.21826	920.76703	-435.47540	-638.33453	1099.88403	-182.31972	-110.83871	489.12057	-513.25299	-439.29279	519.32056	-377.96356	-194.20554	83.35005	-671.05664	-446.62256	99.41904	-352.66672	
318	3.170	-221.06413	1569.92944	-348.86942							-453.56653	1529.78918	-343.82834	-108.08565	1497.37720	-545.55957	-503.73389	1435.64441	-473.30420	-298.02136	1293.13477	-452.61420	-342.72379	1517.31604	-630.51044	-5.75321	1215.38477	-580.82874	-639.68652	1201.93103	-405.61569	-14.94608	990.05231	-477.30222	-288.47296	974.19983	-726.29968	-144.00670	913.31921	-479.51904	-430.93320	920.30151	-429.84387	-640.37842	1098.56836	-176.51660	-111.77152	488.77887	-509.97330	-440.98447	517.67596	-377.10907	-193.83369	84.98441	-669.93463	-446.75168	99.69321	-338.33237	
319	3.180	-222.99606	1568.67810	-342.70947							-455.15302	1528.78467	-338.51160	-110.13567	1497.54907	-540.44537	-504.37585	1434.78882	-467.65753	-299.97656	1292.30591	-447.07852	-345.29602	1516.48706	-625.25934	-7.54085	1215.22290	-574.92120	-641.49640	1200.08948	-399.33585	-16.70648	989.53113	-473.20123	-290.05188	973.44830	-720.21716	-144.62054	913.26971	-475.55597	-431.65356	919.24463	-423.85028	-643.00586	1097.97180	-170.36678	-113.36973	488.27768	-506.16022	-442.44281	515.25720	-372.98996	-194.40446	85.08758	-669.38672	-447.67108	98.84287	-326.61093	
320	3.190										-457.48007	1528.17029	-333.38690	-112.45456	1497.10657	-536.40399	-507.05661	1433.41052	-461.55554	-301.54495	1291.34155	-440.80527	-347.62680	1515.43274	-619.58496	-9.54950	1215.61157	-571.44562	-643.70520	1199.45300	-393.71844	-18.30354	989.60718	-469.47266	-291.01447	972.19269	-713.90875	-146.22078	912.28979	-470.09088	-431.83911	917.92194	-418.17020	-644.69281	1096.46069	-164.98962	-115.06464	487.68973	-503.00409	-443.49838	513.02942	-369.71368	-195.02391	85.11514	-668.79199	-446.94467	98.12283	-317.33130	
321	3.200	-227.14348	1566.84460	-331.81729							-458.69589	1526.89587	-326.59363	-115.18829	1496.41394	-530.43933	-508.45905	1432.42639	-455.93512	-303.16003	1290.96753	-434.61938	-349.96518	1514.81982	-614.22180	-11.09545	1215.50012	-567.20020	-645.99438	1197.92261	-388.86578	-20.24042	989.00073	-463.45865	-292.37683	971.65424	-708.83844	-146.84767	912.15155	-466.01785	-433.29419	917.38104	-412.32449	-646.94958	1095.37781	-158.79109	-116.69594	486.87485	-498.88950	-442.59827	511.30838	-365.49414	-194.72456	85.24332	-668.47974	-447.69943	97.54643	-309.94720	
322	3.210	-229.19896	1565.81482	-326.29761							-461.32513	1526.61377	-321.87027	-117.40903	1495.81409	-526.13275	-510.64359	1430.87781	-450.34647	-305.16531	1289.68848	-429.73737	-352.87354	1513.73584	-608.51862	-12.86025	1214.89807	-562.29401	-648.08636	1197.50818	-383.19632	-21.11824	988.95691	-459.01175	-293.79236	970.44128	-703.15955	-147.33257	911.69971	-461.21695	-434.19577	916.51813	-407.08624	-648.93268	1094.27283	-153.22484	-117.94541	486.86069	-494.75275	-444.00711	508.84927	-360.79126	-195.01817	85.37533	-668.34296	-447.86227	96.17071	-304.75018	
323	3.220										-463.47128	1525.44165	-316.35840	-118.81165	1496.11475	-518.52911	-513.97742	1430.26453	-444.84778	-306.52554	1289.78931	-424.11099	-355.76996	1512.61890	-603.27435	-15.53732	1214.51221	-558.06909	-650.38782	1195.89880	-376.71552	-22.65938	988.54065	-454.29419	-295.97278	969.48834	-697.42755	-149.08690	911.44873	-455.73871	-435.02039	915.13892	-400.65454	-650.71033	1092.73816	-147.11452	-119.57553	486.51120	-491.34430	-444.92004	506.92786	-355.33557	-195.18256	86.21516	-667.87329	-448.73889	94.09550	-302.05936	
324	3.230										-465.13019	1524.40503	-310.37320	-122.47262	1494.84424	-517.22455	-515.53052	1428.57056	-437.51968	-309.08673	1288.34778	-420.90829	-358.73282	1511.73389	-598.50623	-17.51142	1214.85413	-554.25818	-652.57330	1194.83240	-370.88910	-24.57771	988.17499	-451.21896	-297.30005	968.46051	-691.76276	-150.34550	910.58868	-449.49048	-435.38544	914.18524	-394.49088	-653.64905	1091.43542	-141.57048	-120.48817	485.76169	-486.77835	-444.31729	504.27036	-348.93179	-195.18256	86.21516	-667.87329	-448.38495	91.92847	-299.70966	
325	3.240	-236.15471	1563.68103	-312.26547							-467.79749	1523.11292	-304.74124	-125.02971	1494.19287	-512.01819	-519.08990	1428.54016	-432.68060	-310.31946	1288.66968	-414.10873	-361.54163	1510.80249	-592.31836	-19.57428	1213.81506	-548.41455	-655.05591	1192.86218	-364.44894	-26.05947	987.77875	-446.82431	-299.35977	967.25696	-685.47156	-152.21118	908.93518	-445.96567	-435.59537	913.18146	-387.86218	-656.11255	1089.66101	-135.63461	-122.26105	485.36279	-483.63599	-444.21762	502.48880	-343.40839	-194.71985	87.01574	-667.20618	-446.97757	90.63949	-298.94434	
326	3.250	-238.53201	1563.21399	-307.02414							-469.31256	1522.60291	-299.11713	-127.75063	1493.85352	-508.03622	-521.87701	1427.10779	-426.97690	-312.94620	1287.28137	-408.02417	-364.88721	1509.95142	-587.68793	-22.47598	1213.64648	-545.55688	-657.24298	1191.58569	-358.44977	-27.23764	987.77832	-442.55582	-301.46109	965.84375	-679.65485	-153.35413	909.71912	-440.30939	-436.85696	912.56873	-382.12717	-658.02289	1088.63464	-129.92865	-122.93817	485.02280	-479.04221	-441.89401	499.79532	-337.36948	-194.51530	87.76732	-667.03583	-444.79538	90.91718	-297.09244	
327	3.260	-240.78699	1562.61511	-300.61530							-471.46774	1521.19702	-292.50082	-130.32469	1492.86658	-503.34225	-523.36865	1426.13684	-420.63962	-314.71576	1287.54309	-402.21191	-367.88382	1509.60425	-582.17285	-24.41053	1214.04333	-541.41364	-659.99524	1191.13062	-353.82120	-28.94028	987.35040	-438.03888	-303.54651	965.03619	-673.49487	-153.33812	908.93433	-434.42429	-437.62372	911.77069	-375.43497	-660.50342	1087.88989	-124.21955	-124.31213	484.12244	-474.95853	-441.70941	497.49707	-332.03897	-194.28876	88.32724	-666.82593	-442.74353	90.91376	-294.18344	
328	3.270	-243.26051	1562.97461	-297.05075							-473.34650	1520.91736	-287.17361	-132.64513	1493.31982	-498.65112	-525.93884	1424.96680	-414.49707	-317.46436	1287.49707	-396.73596	-370.61667	1509.59473	-576.52008	-26.81599	1213.45203	-537.23126	-662.45648	1190.00073	-347.78323	-29.68752	987.27386	-433.77573	-305.88492	964.95905	-667.87292	-155.34645	908.75189	-429.15155	-438.53870	911.67731	-369.42084	-662.34711	1086.07764	-118.47435	-125.35841	483.87448	-470.84418	-440.87311	494.89883	-325.73404	-194.32768	88.81517	-666.64978	-442.09003	90.40575	-293.83710	
329	3.280	-245.40573	1562.96411	-291.86325							-475.14008	1520.86169	-281.16745	-136.30489	1492.56555	-495.02509	-530.24591	1425.64319	-409.80219	-319.42056	1287.92395	-392.09741	-373.57681	1509.66711	-571.19989	-29.32609	1214.08972	-533.14148	-665.00195	1190.06848	-342.43546	-30.39111	989.05713	-427.73273	-307.94766	964.75836	-662.02637	-156.73929	908.56934	-424.57263	-439.29645	911.20618	-363.52567	-664.27130	1085.29175	-113.77214	-126.68210	483.00626	-466.50870	-440.60205	492.56012	-321.62967	-194.55417	90.46659	-665.78870	-441.72278	90.20915	-293.76022	
330	3.290	-247.37914	1562.70825	-285.86285							-477.25980	1520.97205	-275.09259	-138.09113	1493.69641	-490.68552	-531.18280	1424.55823	-403.25601	-321.96133	1287.89026	-387.52805	-376.63358	1509.98438	-564.95898	-31.02949	1214.09900	-528.59869	-666.98267	1189.33289	-336.55847	-32.00605	988.99994	-423.84998	-310.36505	964.50745	-656.35144	-157.68977	908.95374	-419.66171	-441.01483	911.13849	-357.65924	-665.82141	1083.76587	-108.89874	-128.59042	483.09390	-461.38623	-442.06204	492.59561	-318.02643	-195.15807	91.27431	-665.25348	-441.63358	89.95309	-293.32977	
331	3.300	-249.16087	1562.57959	-279.96228							-478.77719	1521.07458	-269.60028	-141.13258	1494.02148	-486.33157	-533.57159	1424.56128	-396.77634	-324.81067	1288.82654	-380.57568	-379.52655	1510.36780	-560.01520	-34.65424	1214.42639	-524.60956	-668.75690	1188.82568	-330.52161	-33.67099	989.98914	-420.08469	-313.26993	965.35663	-651.80908	-160.59695	909.46729	-414.29883	-442.20801	911.50812	-352.21017	-668.20898	1083.17810	-103.34276	-129.67218	481.50464	-457.18414	-443.95895	495.19736	-314.59946	-195.90733	92.16033	-663.96002	-441.80228	89.96616	-293.35431	
332	3.310	-251.07619	1563.09277	-276.11108							-480.37149	1521.04651	-263.95795	-143.10478	1495.14270	-481.88455	-537.00171	1425.86414	-391.62341	-326.62833	1289.62500	-375.73672	-382.36539	1510.76709	-554.65906	-36.44761	1215.25818	-522.45532	-670.06134	1188.92542	-325.30981	-36.26601	989.33350	-418.82184	-316.00980	966.51782	-646.70477	-162.58543	909.56085	-408.98651	-443.58496	912.55261	-346.61557	-669.49261	1082.44080	-98.61656	-131.19997	481.14063	-451.45850	-445.77878	496.03201	-311.66113	-196.35120	94.52216	-663.37042	-442.24561	89.64802	-292.96365	
333	3.320	-252.92271	1563.83679	-271.61896							-482.12869	1521.07971	-258.53897	-145.84084	1495.88208	-477.81110	-538.86450	1425.84607	-385.68481	-328.83447	1290.01917	-368.27307	-385.32141	1511.55664	-549.54968	-41.33825	1215.51221	-518.18860	-672.15521	1188.89941	-320.89853	-37.46616	990.47693	-415.23993	-318.16901	967.35114	-641.66663	-164.95512	910.88062	-404.63263	-444.93213	912.70557	-341.49298	-671.03882	1080.96082	-93.60789	-133.86552	480.97769	-445.35452	-447.92465	497.58676	-309.58801	-196.40649	95.69229	-662.82294	-442.65973	88.87185	-292.45313	
334	3.330										-483.67859	1521.24231	-252.76360	-148.03717	1496.97400	-472.21869	-540.51917	1425.56897	-379.83423	-329.70358	1290.87219	-363.85663	-387.73193	1512.21423	-544.16742	-43.92327	1216.70813	-514.17853	-673.50983	1188.50720	-315.49442	-38.41439	991.83337	-411.61270	-321.15616	968.56256	-637.02045	-165.86707	912.38672	-399.43994	-445.52594	913.50562	-335.90814	-672.78864	1080.73596	-88.43080	-137.25937	480.34439	-438.39407	-450.99075	498.05524	-307.71207	-196.58386	97.93176	-661.73566	-443.50729	88.66444	-292.55991	
335	3.340	-256.06107	1564.60168	-261.34390							-484.81088	1521.26660	-246.98398	-150.97824	1497.80933	-469.31406	-543.39362	1426.38489	-374.66931	-331.80496	1291.30493	-359.51379	-390.45807	1512.82715	-539.99615	-44.81985	1219.08105	-511.04498	-675.71271	1188.88354	-310.83041	-41.15491	992.39880	-408.98605	-324.05936	969.38336	-632.31812	-168.18742	913.51520	-394.98648	-447.07379	914.07904	-331.13394	-674.42810	1080.39917	-83.69314	-141.60771	480.44025	-430.39548	-453.43616	498.28912	-306.25751	-195.43730	100.75256	-660.08246	-444.92383	88.37237	-292.33475	
336	3.350										-485.90851	1521.88586	-242.23550	-153.04617	1498.30933	-464.43130	-544.27679	1426.50330	-369.13327	-333.35263	1292.47021	-355.24722	-392.85178	1513.64014	-534.89270	-46.65567	1220.49292	-508.19415	-677.63586	1188.09583	-304.63788	-41.72483	994.30188	-406.12708	-326.70932	970.92346	-628.11285	-168.62619	914.55225	-390.45157	-447.59659	914.40637	-327.50101	-675.42969	1079.71094	-79.27985	-145.27040	479.88971	-422.83234	-456.56427	498.09119	-305.11484	-195.36259	102.76425	-658.76855	-445.55142	88.12899	-292.39050	
337	3.360							-258.73489	1565.66504	-253.42851	-487.20453	1522.51831	-237.08360	-155.60533	1499.89648	-461.49286	-547.04333	1426.94397	-363.73773	-334.47513	1293.09106	-351.51059	-395.44907	1514.58191	-529.93298	-48.84824	1221.55786	-504.75656	-679.88367	1189.18835	-301.08777	-43.92390	994.86108	-402.61847	-329.60086	971.79724	-622.63818	-171.33130	915.93610	-388.25998	-448.86984	915.16400	-321.27783	-676.98273	1078.90356	-74.47746	-148.83099	479.88913	-415.20670	-459.28543	497.91553	-304.98059	-195.32088	104.96314	-657.39288	-446.24234	88.31122	-292.00201	
338	3.370							-259.81943	1565.92725	-248.56705	-487.68887	1522.65100	-231.30745	-157.20529	1501.64856	-457.69174	-547.40106	1426.77344	-357.94608	-335.14499	1294.50623	-346.43839	-398.29968	1515.61511	-525.57349	-51.00686	1223.45447	-501.23190	-681.00885	1189.04651	-295.48920	-45.50058	996.34814	-399.50223	-332.16776	973.33826	-619.20923	-172.02994	917.74121	-383.00488	-449.59622	915.83362	-316.47284	-678.19525	1079.07349	-69.68114	-152.43893	480.18402	-407.17270	-463.25674	497.42709	-304.78323	-194.93474	107.23831	-655.33136	-446.74344	88.03974	-291.53479	
339	3.380							-260.93478	1566.83740	-245.81235	-489.10870	1523.13855	-226.76581	-159.06839	1503.11670	-454.96701	-549.79730	1427.79614	-353.70779	-336.15237	1295.32629	-341.82596	-399.98599	1516.36072	-520.66473	-52.95034	1224.46460	-497.94333	-682.18652	1188.80652	-290.89523	-46.82700	998.04370	-396.06122	-335.03461	974.32904	-614.13110	-172.94641	919.43079	-379.88568	-450.64502	916.52271	-311.30307	-679.41119	1078.59155	-65.36021	-155.68224	481.28143	-399.81204	-466.96097	496.71429	-305.50818	-192.59196	111.15653	-652.24725	-447.34521	87.60769	-291.70813	
340	3.390							-261.81714	1567.20496	-241.37344	-489.82706	1523.29614	-222.18282	-161.47160	1504.80469	-452.19122	-550.54785	1428.12402	-348.40875	-336.70554	1296.38965	-337.03171	-402.53256	1517.12085	-516.19598	-55.31832	1225.98132	-496.06921	-683.44128	1189.32617	-286.42535	-48.60275	999.39838	-393.47208	-337.82349	975.61597	-610.92865	-174.93781	919.98553	-376.94354	-451.83270	917.08301	-304.86456	-680.42871	1078.53735	-61.85438	-158.74181	482.34924	-392.89319	-470.08835	495.64450	-305.87149	-193.58205	114.03465	-650.50415	-447.67908	87.35043	-291.69250	
341	3.400							-262.86127	1568.30530	-239.30428	-490.31778	1523.49243	-216.92572	-163.03979	1505.23547	-448.46359	-553.25592	1429.13928	-343.32056	-337.00766	1298.00854	-332.05765	-404.51349	1518.15466	-512.36646	-56.27231	1227.71826	-495.32623	-684.45679	1189.91504	-281.82800	-49.96462	1000.94971	-390.02136	-340.90540	977.16864	-606.69116	-175.34401	922.04761	-372.06824	-452.52536	918.08228	-301.09833	-681.17249	1078.09729	-57.49330	-160.64372	484.93576	-386.34210	-473.70261	494.85074	-307.07776	-191.80110	116.93066	-647.65771	-447.97476	87.02236	-293.01892	
342	3.410							-263.47583	1568.69275	-235.04407	-491.17566	1524.18311	-212.53479	-164.88316	1507.64758	-445.20306	-553.87695	1429.08252	-338.71216	-338.15637	1298.05908	-329.05936	-406.65219	1518.59644	-507.74319	-58.98336	1228.77100	-490.57916	-685.51172	1190.20313	-277.45895	-50.45757	1003.25189	-385.00363	-343.10904	977.09576	-602.43884	-176.34247	923.07953	-370.48398	-453.06241	919.23645	-296.08878	-681.82062	1077.57739	-53.31474	-162.36633	486.93607	-381.23376	-476.83582	492.88062	-307.88345	-191.03922	119.94768	-645.91870	-448.03427	86.87807	-293.16074	
343	3.420							-264.12869	1569.04102	-230.75874	-491.39780	1524.26013	-208.35262	-166.97841	1507.67236	-442.71558	-555.47485	1429.04004	-333.95294	-338.90857	1298.33313	-325.14792	-408.83389	1519.55176	-503.77139	-60.71781	1229.56555	-488.02356	-686.74066	1189.96582	-272.23849	-52.09264	1005.13000	-382.40924	-346.38779	978.79224	-599.19952	-178.25044	923.34314	-367.49933	-453.62460	919.49774	-291.23019	-682.76807	1077.28662	-48.18427	-163.45769	489.22049	-375.82968	-480.23309	492.10928	-310.61023	-190.44113	122.89838	-642.31622	-448.25500	86.54411	-293.74048	
344	3.430							-264.64267	1569.23462	-228.18947	-491.45462	1524.26245	-203.22327	-167.84283	1508.81812	-439.90894	-555.64246	1428.83093	-328.41614	-339.66968	1298.23022	-322.80679	-410.54208	1519.89795	-498.96216	-61.55386	1230.53210	-485.23621	-687.50238	1189.26282	-267.42996	-54.83858	1004.95758	-381.86905	-349.82443	979.41852	-595.41656	-178.88220	924.96924	-365.73181	-453.36469	919.48749	-286.52100	-683.05334	1076.82300	-44.67733	-164.44420	491.47858	-370.55078	-483.92984	490.55826	-311.65640	-190.11194	125.57882	-640.36981	-448.30063	86.40920	-293.86072	
345	3.440							-265.13879	1569.89709	-223.57008	-491.50375	1524.03625	-198.41852	-169.56848	1509.38428	-437.28659	-556.26605	1429.37610	-323.60559	-339.56934	1299.37671	-319.50854	-411.96619	1519.97546	-494.78613	-63.40612	1231.28076	-484.07623	-689.21179	1189.88135	-264.13589	-56.91399	1006.55530	-379.56061	-353.06281	980.79993	-592.82764	-179.31218	925.53113	-362.53183	-453.43402	920.03778	-281.50537	-684.05896	1076.64819	-40.92109	-163.99751	493.13046	-366.11383	-488.27664	488.85907	-313.44614	-188.97186	129.39085	-637.37683	-448.45227	86.15395	-293.73273	
346	3.450							-265.36331	1569.69128	-219.76775	-492.18188	1524.18091	-193.45407	-171.30667	1509.48901	-434.38931	-556.84106	1429.23376	-318.09723	-340.22275	1299.28052	-315.91455	-414.42648	1520.90088	-491.41879	-65.13425	1232.18384	-482.38593	-690.60980	1189.94177	-259.86017	-58.11761	1007.44342	-377.57999	-356.55701	981.08978	-589.09821	-180.81746	924.12445	-362.69586	-453.49548	919.91571	-277.30807	-684.81927	1076.22156	-37.24715	-164.58150	494.72073	-362.87967	-491.71310	487.03082	-314.84747	-189.27983	131.10538	-634.48944	-448.53986	86.07764	-293.81110	
347	3.460							-265.68854	1570.35449	-216.38046	-491.93005	1524.47192	-189.55347	-172.73370	1509.82715	-431.85184	-557.48828	1428.82068	-313.42136	-340.90854	1299.01111	-313.87637	-415.85876	1520.88550	-486.52518	-65.95655	1232.88135	-480.66400	-691.33911	1189.46570	-255.79794	-60.05925	1008.84216	-374.39047	-359.50726	981.47797	-585.99274	-181.78221	924.95239	-360.39459	-453.53143	919.40973	-273.68347	-685.10590	1074.96948	-32.90478	-164.21980	495.62888	-359.34680	-495.46887	485.09082	-316.09845	-188.44946	133.28926	-632.50806	-448.61014	86.00839	-293.83990	
348	3.470							-265.71872	1570.11182	-213.48260	-491.98215	1524.08228	-185.04213	-173.83388	1510.32275	-429.26376	-558.00867	1428.70239	-308.30588	-341.30350	1299.63342	-310.02921	-417.81586	1521.45898	-482.78622	-67.43727	1233.40588	-478.34872	-692.43011	1189.04285	-251.33327	-60.45126	1009.96936	-371.42422	-363.36835	981.99530	-582.78302	-182.25554	925.74835	-358.46225	-453.53439	919.21155	-269.81180	-685.17432	1074.91833	-28.96909	-163.71747	496.89377	-356.72769	-498.70477	484.70496	-317.49481	-188.91768	136.32362	-629.20227	-448.69354	86.00626	-293.84540	
349	3.480							-265.88196	1569.68140	-210.15730	-491.39560	1523.60950	-180.02055	-175.21684	1510.05908	-428.08789	-558.29596	1428.12915	-304.05972	-341.23132	1299.10144	-307.07526	-419.70068	1521.75476	-478.72287	-68.26044	1233.56592	-477.52338	-693.47864	1189.33508	-247.48367	-62.53003	1010.95374	-370.25266	-366.37015	982.90814	-580.68689	-183.23853	926.01239	-357.76126	-453.42599	919.00690	-266.31485	-685.44867	1074.29883	-24.56577	-162.79630	496.98746	-353.70984	-502.12885	484.41016	-318.51190	-188.70409	137.27188	-625.53662	-448.68613	85.99241	-293.80286	
350	3.490							-265.55795	1569.73132	-207.79854	-491.15268	1523.39111	-176.51358	-176.46899	1510.57581	-426.45596	-558.33759	1427.42273	-298.95709	-341.43628	1298.57312	-305.39468	-421.20905	1522.26038	-475.20218	-69.35857	1234.12793	-475.67511	-694.15149	1189.40454	-244.08502	-63.93340	1011.87823	-366.84064	-369.47830	983.69635	-578.79553	-183.62129	926.26044	-354.76749	-453.64340	918.86609	-263.13211	-685.71924	1074.04553	-21.84867	-161.78485	498.05875	-352.31845	-505.60547	484.12015	-318.65552	-189.68633	139.38853	-622.10138	-448.62598	85.99586	-293.73538	
351	3.500							-265.19193	1569.88794	-205.22365	-490.79532	1523.23669	-173.17619	-177.76015	1510.59155	-423.28024	-558.57147	1427.31274	-294.61670	-341.03299	1299.18665	-301.53546	-422.66504	1522.38928	-471.68015	-71.12402	1235.31274	-475.09015	-695.18781	1188.75134	-239.23947	-65.24223	1012.35608	-366.93018	-372.13339	984.37927	-577.15051	-184.14941	926.62787	-353.44092	-454.09854	918.45349	-260.08035	-686.54626	1073.80945	-17.80752	-160.15041	498.78299	-351.00076	-507.49246	485.16156	-317.32434	-189.72244	139.96793	-617.57697	-448.52792	86.03305	-293.63974	
352	3.510							-265.08841	1569.58606	-201.67834	-490.10065	1523.06860	-168.83174	-179.07179	1510.66431	-421.73166	-558.02649	1427.39819	-290.60492	-341.11853	1298.49939	-306.03909	-424.02719	1522.86267	-467.48325	-72.18494	1235.22302	-474.18375	-695.84283	1188.87549	-235.63666	-65.73529	1013.61951	-363.68146	-374.56168	984.42102	-575.26556	-184.88274	926.66711	-353.22919	-454.59253	918.32855	-257.14185	-686.47974	1072.62976	-13.73427	-158.68921	498.69473	-350.42853	-508.01221	486.10010	-315.94424	-189.27426	140.47543	-612.76904	-448.38702	86.05695	-293.21469	
353	3.520							-264.90771	1569.26367	-199.63362	-489.39795	1522.59229	-164.86705	-180.46872	1510.68335	-420.50980	-558.91339	1427.00452	-286.21844	-341.38846	1298.88782	-295.71616	-425.25192	1522.94556	-464.31851	-73.71243	1235.72595	-472.31516	-696.21509	1188.36890	-230.74213	-66.52959	1014.76849	-360.84399	-376.27930	984.90698	-573.65350	-185.61028	926.51086	-353.01904	-454.43845	918.04700	-254.11984	-686.46460	1071.80542	-10.80553	-156.87965	498.46381	-349.93033	-506.14044	486.83655	-313.26688	-188.58148	140.37315	-607.98846	-448.08398	85.70954	-292.90125	
354	3.530							-264.50912	1568.74219	-196.85240	-488.97189	1522.10754	-160.94856	-181.34306	1511.12878	-419.08978	-559.59772	1426.92224	-282.11307	-341.98184	1298.98132	-293.65479	-426.60092	1523.62280	-460.60999	-74.23747	1236.48291	-470.30365	-697.25317	1189.25659	-227.76624	-67.55836	1015.55902	-360.32526	-378.27234	985.85059	-572.29138	-186.25081	926.56738	-352.23175	-454.45477	917.92975	-251.07210	-686.67737	1071.30969	-7.49574	-154.67603	498.56015	-349.61478	-503.98718	486.83780	-311.12924	-188.00220	139.60547	-602.61115	-447.96088	85.73182	-292.83969	
355	3.540							-263.78384	1568.13245	-194.42444	-488.54266	1522.06213	-157.61850	-182.14580	1511.92151	-416.90771	-558.26135	1426.77563	-277.90005	-341.67343	1299.07642	-291.40506	-428.10449	1523.85388	-458.25809	-75.39981	1236.79944	-469.83783	-697.44653	1188.92517	-223.97539	-68.48416	1016.85419	-357.45526	-379.51312	985.93616	-570.79510	-187.03693	926.59772	-351.63013	-454.66116	918.72003	-248.43999	-686.55182	1069.88538	-3.82688	-152.97112	498.38132	-350.13214	-502.20297	487.25830	-308.36081	-187.42242	139.09158	-597.37317	-447.88544	85.71833	-292.82477	
356	3.550							-263.17776	1567.99170	-192.28969	-487.90775	1521.85693	-154.51089	-183.20802	1512.18579	-415.23279	-558.57220	1426.54639	-273.87534	-341.33615	1299.62012	-289.13605	-429.05447	1523.92102	-454.34354	-76.79865	1237.20752	-468.86859	-697.38812	1188.76147	-219.43042	-68.77011	1017.36523	-356.84918	-380.79834	986.27039	-569.55017	-187.87680	926.61487	-351.35617	-454.14133	918.53265	-246.39146	-687.37817	1069.69324	-0.17258	-149.11212	499.54034	-350.20154	-499.64594	486.54971	-306.39056	-185.62672	137.52113	-591.37549	-447.82272	85.70604	-292.81686	
357	3.560							-262.33566	1567.66541	-190.67940	-486.69452	1521.42822	-151.54158	-183.95065	1512.41284	-414.57153	-558.11249	1426.70825	-271.03708	-341.43381	1299.58472	-287.61349	-430.12473	1524.25732	-451.48776	-78.32374	1237.96631	-467.66190	-697.20068	1188.67285	-216.04561	-69.98994	1017.85590	-356.19510	-382.17352	986.99792	-568.34662	-188.62642	927.23450	-351.06042	-453.28922	918.28204	-243.86093	-686.77515	1069.01917	3.70975	-147.36983	500.01529	-349.26288	-497.38324	486.34155	-303.05411	-184.55135	135.99321	-584.99719	-447.80453	85.69726	-293.14047	
358	3.570							-261.74591	1567.59436	-189.06827	-485.58853	1521.18970	-148.10869	-184.80176	1512.74414	-412.67001	-556.98657	1426.00403	-266.53613	-341.26465	1300.00623	-285.63699	-430.94412	1524.65417	-448.55820	-78.96569	1238.43933	-467.46408	-697.17316	1189.25623	-213.15471	-71.17683	1018.95947	-354.47864	-382.90656	987.34003	-566.73376	-188.62642	927.23450	-351.06042	-452.85855	918.29327	-241.41548	-686.65668	1068.55164	6.02273	-144.15681	500.65683	-349.16635	-494.81476	486.00021	-301.07202	-182.84792	133.95850	-578.27673	-447.75653	85.70620	-292.77548	
359	3.580							-261.02328	1567.43457	-185.82263	-484.82092	1521.22156	-145.47026	-185.77179	1513.23792	-411.20917	-556.50519	1425.76123	-263.05957	-340.10370	1300.13257	-283.64893	-432.56491	1525.45789	-446.28104	-80.27118	1238.72095	-467.22272	-696.93140	1188.98779	-209.05075	-72.46578	1019.33374	-354.21765	-384.33664	987.82587	-566.01715	-189.48189	928.21704	-350.55118	-452.59186	918.63788	-239.62297	-686.60156	1067.16943	9.36178	-141.19756	501.42020	-349.04584	-493.31311	486.24124	-297.86996	-182.09492	132.28587	-571.37384	-447.70615	85.69370	-292.76410	
360	3.590							-260.41440	1567.55554	-185.62082	-484.03238	1520.89185	-141.77762	-186.33287	1513.79578	-411.25742	-556.26917	1425.90686	-260.03018	-339.09387	1300.48230	-281.16046	-432.95392	1525.38232	-443.08505	-80.95159	1239.16309	-466.66196	-696.77820	1188.79297	-206.15942	-72.32239	1020.70776	-353.73447	-385.21188	988.33881	-564.52582	-189.59492	928.40918	-350.59586	-451.07526	918.91266	-236.33920	-686.09021	1066.52734	12.81595	-138.18158	501.61407	-349.85150	-490.94983	486.43634	-295.65054	-180.31023	130.08971	-565.05664	-447.41611	85.88123	-292.58698	
361	3.600							-259.45016	1567.34644	-183.52275	-482.93350	1521.06995	-139.66211	-187.00497	1514.37878	-410.13217	-556.39722	1426.35669	-257.20319	-338.62292	1300.49731	-280.10388	-433.89230	1525.65112	-441.16415	-82.35971	1239.72522	-466.89633	-696.53784	1188.27429	-201.94229	-72.85812	1021.04468	-353.54163	-386.64697	988.73260	-563.11041	-189.83757	928.90356	-350.48047	-450.63123	919.39850	-234.37912	-685.60333	1066.04333	14.45731	-134.03314	503.11093	-349.99551	-489.42670	486.69315	-294.46884	-179.15962	127.43227	-558.23370	-447.24210	85.87657	-292.48508	
362	3.610							-258.52173	1567.05396	-182.06740	-481.88727	1520.91248	-137.19391	-187.74129	1514.46155	-409.21066	-556.51630	1426.65527	-254.41696	-339.28870	1301.01526	-278.86212	-434.34949	1525.72229	-438.08203	-83.33503	1240.18896	-466.52249	-696.17267	1188.60657	-199.43507	-73.20166	1021.31787	-353.69131	-387.72275	988.57135	-560.96082	-189.94331	929.08099	-350.51419	-449.35013	919.00134	-233.26785	-685.28662	1065.26025	17.16821	-131.47623	503.80402	-351.19547	-487.94803	487.02649	-293.90799	-177.94781	126.00307	-551.99261	-446.99457	85.84380	-292.33865	
363	3.620							-258.00278	1567.62378	-181.20735	-481.42368	1520.94934	-135.05103	-188.07524	1514.92407	-408.27997	-555.73511	1426.09937	-251.07417	-338.96042	1300.55786	-278.15463	-434.84604	1525.84021	-436.19574	-84.00510	1240.46643	-467.09454	-695.85272	1188.59814	-197.42368	-73.43439	1021.94885	-354.09921	-388.77060	989.13239	-559.29913	-190.10088	929.25366	-350.40289	-448.15421	919.58661	-230.06302	-684.25964	1065.48071	19.45652	-126.96357	504.63251	-352.51599	-487.29340	487.12408	-292.30942	-175.75459	123.49321	-545.17865	-446.11966	86.65974	-292.15070	
364	3.630							-257.10129	1567.52979	-179.36043	-479.98288	1521.80969	-132.89661	-188.00897	1514.91125	-407.17322	-555.70020	1426.36560	-248.46291	-338.66562	1299.85156	-276.75342	-435.68442	1525.86877	-434.30756	-84.42159	1240.72314	-466.35153	-695.32611	1188.20911	-194.30913	-73.87890	1022.24731	-354.27368	-390.42883	989.40448	-557.53644	-190.21213	929.53473	-350.35806	-447.06674	919.52173	-228.41582	-683.75391	1063.71985	21.94061	-124.37563	505.21021	-354.53946	-486.79376	487.56522	-291.15826	-173.24458	121.53343	-538.18988	-445.74164	86.62183	-291.95572	
365	3.640							-256.46423	1567.92212	-178.55969	-478.61249	1521.80872	-129.71719	-188.03156	1515.10461	-406.39999	-555.85266	1425.84180	-245.49057	-338.31290	1300.09229	-274.74936	-435.51199	1525.76331	-431.94629	-84.66566	1240.70239	-466.26031	-694.85132	1188.20691	-192.18596	-74.00761	1022.87238	-354.29996	-392.19556	989.51740	-555.55267	-190.12848	929.54181	-349.78833	-446.02426	919.39709	-226.40759	-682.77338	1063.59021	23.81369	-121.65057	505.50772	-356.02686	-486.09741	487.57230	-290.22879	-172.15866	119.33626	-532.13550	-445.15375	86.93318	-291.96323	
366	3.650							-255.46754	1568.36963	-179.01468	-477.08148	1522.31274	-127.45229	-188.39803	1514.72607	-405.37112	-555.28583	1426.22986	-243.17944	-337.91937	1300.19104	-273.30200	-436.29611	1525.87244	-430.08563	-84.99987	1240.91907	-466.51431	-694.23853	1187.76587	-189.64719	-73.03056	1024.01501	-352.80966	-394.16327	989.95679	-553.67365	-190.13686	929.51361	-349.78064	-444.75131	919.07727	-226.34462	-680.91571	1063.52112	26.65990	-118.65629	505.46310	-358.58646	-485.89420	487.76016	-289.35248	-169.83177	117.22644	-525.64044	-444.79572	86.91606	-291.41641	
367	3.660							-253.83128	1568.68604	-177.49370	-475.73419	1522.88318	-125.78844	-188.39061	1514.55762	-404.93866	-554.60413	1426.70630	-240.46286	-337.69183	1300.17114	-272.48569	-436.59937	1525.68896	-428.08853	-85.44487	1240.83630	-468.75504	-693.97894	1187.59290	-187.65027	-72.74656	1024.29846	-352.94354	-395.71490	990.24408	-551.87079	-190.32243	929.33032	-348.98587	-443.08832	918.67230	-224.03635	-679.90137	1063.14343	28.46091	-116.09438	505.85251	-361.08350	-485.82245	487.18140	-288.77097	-168.05971	115.52207	-520.49872	-443.76462	86.51293	-291.21625	
368	3.670							-252.46841	1569.31360	-176.98335	-474.12134	1523.34778	-123.47224	-188.65927	1514.11853	-404.24060	-553.98383	1427.08472	-237.63525	-337.14331	1299.92212	-270.50665	-436.36401	1525.60913	-426.31836	-85.61298	1240.70203	-468.77039	-693.63867	1187.69055	-185.75024	-72.80331	1024.10205	-353.09082	-397.28220	989.57855	-550.06653	-190.45766	928.80914	-348.39551	-442.12537	918.51105	-220.95047	-678.21826	1062.98474	30.79200	-113.35233	506.23343	-364.03738	-486.32089	486.55219	-288.00897	-164.19498	113.64001	-514.44910	-442.92786	86.13828	-290.93466	
369	3.680							-251.52673	1569.98926	-177.21693	-472.42007	1523.92444	-121.26842	-188.79126	1514.09631	-404.04105	-553.45428	1427.41797	-235.28612	-336.42929	1300.29858	-267.71133	-436.65799	1525.68958	-425.25262	-85.99100	1240.33899	-468.82010	-692.94659	1187.46008	-183.30623	-73.84914	1022.93414	-354.67026	-398.61176	989.25140	-547.26202	-190.80913	928.71582	-346.96463	-440.56982	917.97827	-221.50021	-675.83423	1062.86780	32.70844	-111.18504	507.10974	-365.41876	-487.02771	486.30130	-287.20032	-161.56616	111.59421	-508.96976	-442.36047	86.32008	-290.68115	
370	3.690							-250.20990	1570.59753	-176.68365	-471.17511	1524.55017	-119.79327	-188.80124	1513.87109	-403.87637	-553.16730	1427.60864	-234.07729	-335.84924	1300.27039	-266.80481	-436.55569	1525.53882	-423.51657	-85.73862	1239.92590	-469.65143	-691.77240	1186.95142	-181.08623	-72.44330	1024.17859	-354.34796	-400.47916	989.93317	-545.44727	-189.98265	928.39862	-347.15625	-439.30753	917.90363	-220.75529	-673.54907	1061.72803	35.01798	-109.30202	507.61996	-366.67383	-487.40396	485.23416	-284.69467	-158.59816	109.61396	-503.41592	-441.54590	86.23655	-289.77899	
371	3.700							-248.75465	1570.93127	-175.98418	-468.67328	1524.82458	-117.22170	-188.61266	1513.73230	-403.55933	-551.94360	1427.60059	-231.62000	-335.52356	1300.34973	-266.49512	-436.63916	1525.21704	-422.11844	-85.76463	1239.74060	-469.76834	-690.61121	1187.28564	-178.53183	-73.60897	1023.08386	-357.59296	-401.62247	989.93707	-543.57214	-189.69498	928.23914	-346.43579	-438.25528	917.80750	-219.54720	-670.62000	1061.30164	37.77976	-107.36938	508.34091	-368.05237	-487.69745	485.18420	-283.88092	-154.69678	108.22131	-499.73788	-440.97278	86.46761	-289.53589	
372	3.710							-247.00902	1571.54895	-176.49767	-466.53165	1525.17639	-115.30387	-188.12178	1513.17017	-403.30908	-551.70184	1427.76147	-230.60208	-335.13391	1300.30652	-265.77374	-436.13080	1525.12219	-421.09464	-85.74112	1239.29797	-470.50870	-688.66663	1186.84204	-176.55501	-72.74709	1021.87561	-358.46692	-402.55133	989.65179	-541.58093	-189.67221	928.24371	-346.42661	-437.08923	918.05933	-214.28123	-667.83936	1061.39551	38.92878	-106.68504	508.56018	-369.12604	-488.26889	485.46619	-282.75095	-151.57317	106.45905	-494.63242	-440.71039	86.43859	-289.43396	
373	3.720							-245.60213	1572.18103	-176.73651	-464.28976	1525.17004	-113.89786	-187.79207	1512.80139	-403.63229	-551.08313	1428.33545	-229.04732	-334.31482	1299.98682	-264.59482	-436.16476	1525.19495	-420.33084	-86.08017	1239.40967	-472.04401	-686.16553	1186.07886	-173.34579	-72.51486	1021.64905	-358.59848	-403.24368	989.43561	-539.02332	-189.18814	927.80829	-346.78931	-436.04459	918.17969	-215.97932	-664.43835	1060.88196	41.44792	-106.09830	508.54926	-369.71378	-488.74878	485.27332	-280.78799	-148.07457	105.67016	-490.97284	-440.37158	86.62582	-289.62775	
374	3.730							-244.22354	1573.39783	-177.05231	-461.48129	1525.75989	-112.46892	-187.70627	1512.74890	-403.66983	-550.70844	1428.59375	-227.52728	-333.68777	1300.12061	-264.27982	-435.82523	1525.11096	-419.27441	-86.08796	1239.27710	-472.13007	-684.11395	1186.12109	-171.53830	-71.52547	1022.26178	-358.07471	-404.42502	989.45013	-537.37140	-189.12547	927.81421	-346.76123	-435.12689	917.99011	-214.90965	-660.56665	1061.09192	43.67921	-105.62400	508.52841	-369.64407	-489.68430	486.41516	-280.02063	-144.41299	104.29500	-486.25885	-440.13699	86.84785	-289.40042	
375	3.740							-242.43944	1573.91553	-178.09586	-459.63263	1525.81177	-111.48427	-187.74728	1512.81177	-404.26401	-547.90753	1428.53650	-225.26494	-332.89218	1301.00317	-262.78638	-435.53760	1524.93542	-418.08646	-86.15093	1239.10205	-472.24255	-682.20483	1186.11365	-169.50491	-71.11207	1021.89435	-360.29327	-405.08322	989.38647	-536.06427	-188.47710	927.50348	-347.25565	-433.50748	918.37415	-213.44637	-656.08179	1061.09778	46.40889	-104.45670	508.59601	-369.26315	-489.00293	486.76166	-276.67142	-140.27238	102.84314	-482.23438	-440.01797	86.82561	-289.34283	
376	3.750							-240.65266	1574.54321	-178.88713	-457.26221	1526.59045	-110.74512	-187.60472	1512.38818	-404.76508	-546.56281	1428.98206	-223.47951	-332.11078	1301.10461	-261.99323	-435.36453	1525.29089	-417.32437	-86.48750	1239.24146	-473.73477	-680.12549	1186.11841	-167.56691	-71.90252	1020.37109	-361.87921	-405.13678	988.75317	-533.88916	-188.22574	927.76276	-347.79080	-432.85541	919.02002	-211.25075	-651.51801	1060.63879	48.30603	-104.48602	508.33173	-369.06186	-488.10913	486.11398	-274.52481	-137.59970	101.15657	-478.27014	-439.87714	86.86181	-289.27051	
377	3.760							-238.90181	1575.18140	-179.44447	-456.15323	1527.38977	-109.98238	-186.98943	1512.87671	-406.23904	-545.89520	1429.71228	-222.50684	-330.51819	1301.56750	-260.88574	-435.33264	1525.71362	-417.06769	-86.56387	1239.15649	-473.77505	-677.82391	1185.72656	-165.33408	-71.76418	1019.81702	-363.68393	-405.30130	989.05023	-532.71759	-187.72173	927.57422	-348.17731	-431.20108	919.45703	-209.07108	-646.51477	1061.59326	50.53381	-104.10828	508.57501	-368.52240	-487.95111	486.33331	-272.80692	-132.91226	100.38234	-474.12854	-439.77808	86.88968	-289.21109	
378	3.770							-236.32385	1575.92004	-180.67522	-452.65759	1528.45544	-109.29424	-186.55161	1513.05554	-406.50412	-543.95349	1429.93311	-220.94484	-329.17947	1301.59521	-261.74234	-434.70114	1525.83643	-415.42648	-86.61582	1239.07727	-473.93475	-675.50055	1185.66992	-163.24423	-69.90352	1020.37567	-363.04660	-405.86856	989.21057	-531.25140	-187.60530	927.40991	-349.05438	-430.23392	919.35773	-208.34601	-642.14032	1061.58264	52.45283	-104.08509	508.59152	-368.24731	-487.51343	486.17474	-269.38470	-128.71503	99.93553	-471.11859	-439.67529	86.93168	-289.14517	
379	3.780							-234.12517	1576.44678	-181.17931	-449.45276	1527.89746	-107.93610	-186.07339	1513.28430	-406.85379	-542.60486	1430.25061	-219.48204	-327.94366	1302.13342	-261.08875	-434.24170	1526.05896	-414.95880	-86.74108	1238.95337	-474.69608	-673.20258	1185.76855	-161.15471	-70.42918	1018.96136	-365.68069	-405.41669	989.28217	-530.09766	-187.75667	927.42761	-349.46194	-429.08276	920.24500	-206.98637	-636.11761	1062.46252	53.90522	-103.82587	508.93042	-368.11993	-486.96988	486.63159	-267.44577	-125.05557	98.42776	-466.30795	-439.55829	87.06179	-289.48578	
380	3.790							-232.00952	1577.13818	-182.61139	-445.74124	1528.36743	-106.84673	-185.52402	1513.56250	-408.89417	-541.17499	1430.77649	-217.46652	-326.68335	1302.76099	-266.67349	-433.66135	1525.90662	-414.26199	-86.89873	1238.71094	-476.19138	-670.93805	1185.73877	-159.81235	-70.51826	1018.65997	-368.61499	-405.14621	989.20447	-528.72601	-186.77779	927.57886	-349.26779	-427.71649	920.79089	-206.16676	-630.29016	1062.51807	56.61412	-103.61677	509.11841	-368.08826	-486.56958	486.47690	-264.04346	-120.80718	97.84069	-461.83539	-439.48956	87.09075	-289.43808	
381	3.800							-229.50868	1577.09216	-182.51366	-443.05228	1528.94666	-106.25140	-184.84004	1513.67566	-409.50946	-538.27631	1430.71472	-216.23010	-324.96515	1302.95288	-260.98193	-433.28311	1526.30713	-413.52704	-87.11597	1238.80225	-478.71545	-668.18243	1185.67310	-158.33430	-69.32077	1018.50781	-370.11349	-404.96619	989.38531	-528.41779	-186.28093	927.77826	-349.87943	-426.84909	920.92981	-205.50638	-623.89313	1063.28870	57.61813	-103.75755	509.11148	-368.14594	-485.86801	486.70850	-262.04114	-118.34291	97.37873	-457.88354	-439.29755	87.28696	-289.62500	
382	3.810							-227.24811	1577.77661	-184.05420	-439.24338	1529.07056	-104.97399	-184.63562	1514.12036	-411.00815	-537.29034	1431.40076	-215.45503	-322.29831	1303.69446	-261.20905	-432.88968	1526.58362	-413.43909	-87.03290	1239.22461	-479.58270	-663.09277	1185.96277	-153.38507	-68.86047	1017.94104	-372.14859	-404.61136	989.11115	-527.42981	-186.03978	928.60034	-349.40469	-424.89136	921.66461	-204.00264	-616.92053	1064.11951	59.70673	-103.80168	509.18680	-368.41824	-485.88715	486.38010	-259.68097	-114.76566	96.69292	-454.59705	-439.21213	87.35762	-289.56274	
383	3.820							-224.90768	1578.46191	-185.65295	-437.85464	1529.82861	-105.88394	-183.46960	1514.29858	-412.38940	-535.98895	1431.70361	-214.66908	-319.02567	1304.58569	-258.76987	-432.39542	1526.84338	-413.21313	-86.69043	1239.27954	-480.99802	-659.56439	1186.53345	-151.09691	-68.20907	1018.41644	-373.47931	-404.25699	989.22784	-526.87756	-185.20996	929.62006	-349.35330	-423.72296	922.14227	-202.55376	-610.25708	1064.42090	61.57144	-104.08582	509.36786	-368.71793	-485.77649	486.56799	-256.74033	-113.66474	97.19359	-452.93106	-439.10486	87.40614	-289.51205	
384	3.830							-222.52368	1579.09290	-187.29248	-432.50803	1529.87000	-104.38152	-183.04958	1514.24658	-413.39563	-533.94861	1432.82800	-213.80350	-317.09695	1305.36841	-258.70697	-431.69354	1526.86194	-413.00632	-86.77517	1239.18811	-482.20401	-655.75769	1185.96729	-149.05389	-66.88637	1018.69513	-375.05170	-402.95029	988.52954	-525.54456	-184.97256	929.46100	-349.89160	-422.03729	922.50311	-200.66562	-603.16418	1065.14392	63.57510	-104.47044	509.16907	-369.14230	-485.31390	486.73370	-253.24622	-114.63222	96.64057	-452.21729	-439.03561	87.41187	-289.48367	
385	3.840							-220.04843	1579.55383	-189.22432	-431.08942	1531.28503	-104.36252	-181.99829	1514.14465	-414.57022	-531.32379	1433.03442	-212.69235	-315.57352	1305.24512	-259.54150	-430.91479	1527.04419	-412.71744	-87.26837	1239.09680	-483.51642	-651.49994	1186.16724	-146.49489	-66.38750	1018.78107	-376.55676	-402.49442	988.53790	-525.57770	-184.25914	929.79120	-349.47208	-420.18530	923.48840	-198.34360	-594.26135	1065.90662	64.92444	-104.96048	508.73621	-369.26593	-484.90289	487.11407	-250.33583	-114.86990	96.62660	-451.95795	-438.95782	87.45998	-289.42026	
386	3.850							-217.66544	1580.16687	-190.86594	-426.47394	1531.22400	-102.86329	-181.32927	1514.54260	-416.57147	-530.80200	1434.01184	-212.23952	-314.38116	1304.98669	-259.81906	-429.74777	1527.22351	-412.28009	-87.00238	1239.04639	-485.50150	-648.61554	1186.09729	-144.05217	-65.75905	1018.86884	-378.43201	-401.81952	988.68500	-525.56995	-183.29318	930.30780	-348.88464	-418.85324	924.15570	-197.39160	-587.06537	1067.53296	66.93427	-105.84788	508.24969	-370.05508	-484.85098	486.96991	-247.83302	-115.73992	96.70313	-452.20517	-438.71765	87.71952	-289.28586	
387	3.860							-215.10699	1580.51135	-192.57697	-423.03354	1531.68701	-102.73878	-180.76897	1514.42346	-417.25137	-527.57190	1433.73218	-211.03337	-312.77597	1305.32507	-260.49985	-429.16516	1527.39050	-412.16284	-86.66029	1238.57715	-488.07861	-643.69299	1186.20544	-140.90402	-65.06874	1018.53076	-379.96796	-400.56335	988.65991	-524.83850	-181.32875	930.67487	-348.66504	-415.53452	924.35266	-193.22261	-577.83069	1068.51611	68.70895	-106.30199	508.15726	-370.46335	-485.07437	487.19760	-245.15973	-118.10157	95.82897	-452.02734	-438.63217	87.76544	-289.24759	
388	3.870							-212.47577	1580.74548	-194.53317	-419.51981	1531.97876	-101.81610	-180.13513	1514.27722	-419.51178	-525.63055	1434.08337	-210.36143	-311.86847	1305.20093	-260.98276	-428.38422	1527.16943	-412.02744	-86.79494	1238.88269	-490.19684	-639.05872	1185.74707	-139.06474	-64.03632	1018.90582	-382.19092	-399.58798	988.42999	-524.08063	-180.13744	930.88470	-349.44205	-412.89706	925.16223	-191.50447	-569.10175	1069.27917	70.30743	-106.69615	507.93042	-370.54053	-485.26880	487.32562	-242.60555	-119.14688	95.92753	-452.50842	-438.43457	87.89953	-288.93768	
389	3.880							-209.83498	1580.97705	-196.49692	-415.32129	1532.32251	-101.14113	-179.23883	1514.23730	-420.75168	-524.22540	1434.50867	-209.42111	-310.84369	1305.17871	-261.36292	-427.34891	1527.24390	-411.70221	-86.55913	1238.89026	-492.94260	-634.21875	1185.18408	-135.99152	-62.69543	1019.44861	-381.80124	-398.30682	987.96021	-523.48181	-178.96288	930.15845	-349.45947	-410.97229	926.12128	-191.10526	-559.97223	1070.46558	72.35867	-107.18249	507.38278	-370.04749	-484.61359	487.56461	-238.91914	-119.42659	95.21418	-451.65634	-438.11777	87.74634	-288.84882	
390	3.890							-207.19379	1581.31299	-198.57578	-411.83633	1532.24573	-101.62027	-178.36049	1513.72314	-421.29611	-520.99323	1434.48584	-208.74712	-309.12262	1305.84485	-261.71609	-426.44424	1527.41370	-412.25998	-86.33341	1238.44922	-494.07379	-628.96796	1185.24988	-133.05840	-61.10710	1019.72571	-384.04822	-397.53537	987.80597	-523.39795	-177.87648	930.81110	-348.83939	-408.87689	926.28986	-190.82054	-549.25098	1071.96790	74.13914	-107.78703	506.74304	-369.92917	-484.18326	488.13748	-235.77968	-119.49105	94.36602	-451.85803	-438.05099	87.80538	-288.80594	
391	3.900							-204.52180	1581.56104	-200.37979	-409.82983	1533.33826	-101.93670	-177.04672	1513.40955	-423.43423	-518.53259	1433.98145	-207.52318	-306.91180	1305.90198	-262.36673	-425.32327	1527.37585	-411.77493	-85.58978	1237.99719	-496.66324	-624.20636	1185.23901	-130.74539	-60.28326	1019.30121	-385.48511	-396.55426	987.33606	-522.59711	-176.59703	931.60681	-349.10611	-406.24252	926.27368	-190.73422	-540.92664	1073.18591	75.29402	-108.56906	505.53882	-369.63864	-483.30646	488.08615	-231.27150	-119.55798	94.22122	-451.92245	-437.49860	88.23264	-289.14053	
392	3.910	-291.30011	1434.90369	-81.59882				-201.79271	1582.05859	-202.29330	-404.70197	1533.63074	-101.69537	-176.45535	1513.10364	-425.30313	-517.00635	1435.12329	-206.99239	-304.13959	1306.02637	-263.02380	-424.21149	1527.48181	-411.70877	-85.49709	1237.77087	-498.04916	-618.31885	1184.33655	-127.89678	-58.79797	1018.98950	-387.34061	-395.54626	986.66278	-522.31348	-175.24162	930.67780	-350.10031	-404.40744	926.65063	-190.57451	-531.63043	1074.24731	76.45061	-109.27005	504.61658	-369.94971	-483.15475	489.02045	-228.79735	-118.90201	94.23109	-452.46176	-437.32047	88.39730	-289.20691	
393	3.920	-289.47964	1435.17627	-84.54014				-199.06149	1582.42297	-204.42661	-401.38391	1533.95911	-101.74714	-175.60384	1513.06494	-427.38022	-513.13898	1434.40015	-205.84700	-302.66776	1306.03198	-263.29581	-423.14026	1527.40710	-411.54099	-85.27151	1236.95166	-500.21310	-612.61688	1184.41187	-125.15797	-58.05057	1018.83374	-390.10867	-394.50293	986.13690	-521.37183	-174.01123	931.02332	-349.94571	-402.84195	926.80927	-190.41858	-520.88696	1075.62390	77.63094	-110.21552	503.95270	-369.84760	-482.25317	489.25436	-225.70215	-119.73848	93.37923	-452.40137	-437.27524	88.39833	-288.83246	
394	3.930	-284.61200	1435.08728	-85.38046				-196.30466	1582.59521	-207.36150	-398.04199	1534.28784	-102.27927	-174.58490	1512.95349	-428.61508	-510.77493	1435.26794	-204.69293	-301.64871	1306.49316	-263.64575	-422.20737	1527.14124	-411.42410	-85.19072	1236.50208	-501.98660	-606.62781	1184.00037	-122.03658	-56.40422	1018.51929	-391.78793	-393.59991	986.02893	-521.34888	-173.77536	930.12122	-352.00137	-402.44632	926.13354	-189.97209	-510.05798	1076.62927	78.03357	-110.63206	503.50992	-370.23090	-481.81927	488.92148	-222.67984	-119.52151	92.69167	-452.41019	-437.20483	88.40395	-288.80664	
395	3.940	-281.59784	1434.92188	-87.95960				-193.30359	1582.59839	-208.64568	-394.00284	1534.43860	-101.76227	-173.27020	1512.54016	-430.58398	-507.15759	1435.13708	-203.50656	-299.05954	1306.91138	-264.19934	-420.95432	1527.04199	-411.78729	-84.68890	1236.33826	-504.38998	-600.23541	1183.47644	-119.96582	-56.12142	1018.06384	-394.13101	-393.13855	985.83240	-520.96960	-170.24361	932.13177	-348.92441	-398.18536	926.95782	-190.15277	-499.06552	1077.79639	79.63302	-111.06782	502.85342	-370.69928	-480.52228	489.00278	-219.80209	-119.73032	92.44875	-452.36234	-437.16208	88.44690	-288.78558	
396	3.950	-276.93735	1436.10730	-89.27496				-190.38403	1582.95313	-210.92386	-388.87329	1534.80457	-101.85304	-172.15327	1511.90088	-432.16949	-504.03448	1435.11499	-202.84981	-296.37399	1307.04810	-265.52493	-419.78802	1527.22119	-412.41147	-84.56573	1235.78149	-506.21371	-594.07849	1183.98010	-117.54298	-54.25086	1018.23114	-396.18750	-391.49725	985.10242	-519.95190	-169.51051	931.89398	-350.00403	-395.29196	927.44849	-190.31837	-487.46323	1079.16968	79.55840	-111.59072	502.20276	-371.63593	-479.29733	489.31055	-217.30257	-119.69347	92.21934	-452.15283	-437.14069	88.48533	-289.15674	
397	3.960	-272.19391	1436.27576	-89.91474				-187.42395	1583.31042	-212.92085	-384.66672	1534.87280	-102.56784	-170.51884	1511.86060	-434.26117	-500.49930	1435.57495	-202.57826	-293.98929	1305.55078	-266.29404	-418.50421	1527.19592	-412.40836	-84.12445	1235.35742	-508.99686	-586.87305	1183.36536	-114.74530	-53.35376	1017.18549	-398.05359	-390.41382	985.12189	-519.40198	-168.24815	931.32251	-351.22681	-392.97495	927.69867	-190.23151	-476.27301	1080.71521	79.62530	-112.06219	501.16727	-372.22534	-479.66769	489.81870	-214.11127	-119.42428	91.64198	-452.16019	-436.54245	88.55412	-288.68976	
398	3.970	-268.09131	1436.98767	-91.26257				-184.36938	1583.81836	-215.26569	-381.97601	1535.75854	-103.75487	-169.60387	1512.21167	-436.68204	-496.17984	1435.28149	-201.23965	-291.93091	1306.10767	-267.19431	-416.54755	1526.93909	-411.80225	-83.65436	1234.97729	-511.70615	-579.93927	1183.03992	-112.02129	-51.91739	1016.67426	-400.77798	-389.43155	984.97943	-519.09827	-167.33368	930.64197	-352.68509	-393.23645	927.24170	-191.32043	-464.96359	1082.37646	80.03973	-111.81719	500.77356	-372.51984	-478.70361	489.94244	-212.10542	-119.19368	91.53492	-452.63876	-436.75864	88.73691	-288.72449	
399	3.980	-263.39114	1436.80066	-92.17339				-181.24190	1584.22388	-217.38339	-377.26385	1535.84961	-103.95958	-168.28668	1511.88635	-438.53903	-493.67734	1435.81519	-200.97218	-289.78183	1306.43762	-268.27612	-415.20715	1527.05652	-411.77969	-82.84045	1234.65186	-513.45032	-573.02917	1183.63220	-109.85461	-51.06134	1016.44281	-403.14041	-388.63385	985.12878	-519.18842	-166.84523	930.30554	-354.15115	-390.29608	927.58026	-192.51479	-452.41245	1082.26245	82.06775	-111.48385	500.53012	-373.36627	-477.84494	490.70361	-209.09883	-119.13226	90.64127	-452.93716	-437.02322	88.67661	-288.28995	
400	3.990	-259.13019	1437.72400	-93.57951				-178.03380	1584.54712	-219.74571	-373.17880	1536.26196	-104.43130	-166.72743	1511.43005	-440.53467	-489.07373	1436.03101	-200.28935	-286.75656	1306.18140	-269.06448	-414.00070	1527.16394	-411.94476	-82.70898	1234.19189	-515.89038	-565.28448	1183.50647	-107.00369	-50.23200	1016.00769	-405.56714	-387.96732	985.13208	-519.47137	-164.37953	929.68524	-355.60965	-388.31735	927.35657	-191.43918	-440.35342	1083.40552	81.73646	-110.76196	500.32840	-374.25986	-477.16028	490.42041	-207.78137	-118.90672	90.36533	-453.04315	-437.02829	88.69689	-288.28833	
401	4.000	-254.01123	1438.04797	-93.85992				-174.74617	1584.98535	-221.65538	-368.00861	1536.60815	-104.02448	-165.66748	1511.31421	-443.16415	-485.29639	1436.77515	-199.24541	-283.42944	1306.70142	-270.34970	-412.24008	1527.37610	-411.98624	-81.96040	1233.35828	-517.00623	-557.81146	1183.05945	-104.75473	-48.33620	1015.24969	-408.00693	-386.64740	984.36682	-518.58679	-163.72910	930.02820	-356.33551	-387.17859	926.72369	-192.64445	-428.99542	1084.35315	81.62698	-109.93864	500.46628	-374.55325	-475.40707	492.06046	-205.82414	-118.37418	89.94193	-453.18140	-437.03171	88.75310	-288.26981	
402	4.010	-251.01022	1437.93396	-95.30405				-171.43967	1585.15686	-224.62878	-363.73862	1536.77759	-104.70628	-164.12929	1511.20618	-445.71619	-482.17392	1437.50378	-198.41098	-283.11694	1306.06592	-273.95404	-410.45984	1527.23743	-412.10635	-81.90300	1232.92725	-520.18945	-550.42719	1183.54773	-103.18723	-47.92576	1014.37872	-409.82562	-385.88489	984.39349	-518.51166	-162.31126	929.73804	-357.47626	-383.67609	927.89581	-192.56740	-417.20123	1085.56689	82.49209	-109.50772	500.46793	-375.45645	-474.67038	492.01437	-203.66229	-118.22142	89.92389	-453.40979	-437.02081	88.77691	-288.24210	
403	4.020	-246.31795	1438.71558	-97.25238				-168.11008	1585.87451	-226.94472	-360.28778	1537.78992	-105.78054	-162.73422	1510.22424	-446.44299	-477.37134	1436.82898	-197.57008	-279.46295	1305.45496	-274.86124	-408.41165	1527.11267	-411.92355	-81.04044	1232.31335	-521.72858	-542.82123	1183.65588	-100.70779	-46.89769	1013.94702	-412.15359	-384.84448	983.97327	-518.87415	-160.20639	930.20428	-359.02325	-381.69870	927.85675	-193.77950	-404.92819	1086.77417	82.19833	-108.67839	500.17584	-376.33167	-474.18555	492.06677	-202.81337	-117.75894	89.50166	-453.65125	-437.04636	88.83287	-288.23166	
404	4.030	-241.49664	1439.32788	-98.46387				-164.50084	1585.74500	-228.65651	-356.18808	1537.92566	-105.69176	-160.77716	1510.58154	-448.95712	-472.64429	1437.73096	-196.45671	-275.45987	1306.64282	-274.17258	-406.79608	1527.45935	-412.11670	-80.41866	1231.99780	-524.15997	-535.43292	1183.48022	-98.55183	-44.76091	1013.52124	-415.22070	-384.04764	983.85663	-519.25116	-159.47638	929.55005	-360.99911	-378.65039	928.50305	-193.71251	-392.37787	1087.19580	81.49438	-107.39038	500.40500	-377.54932	-472.45975	492.29385	-201.77969	-117.18094	89.08932	-453.61011	-437.05545	88.83784	-288.24609	
405	4.040	-237.26544	1439.67407	-100.65389				-161.02477	1586.14563	-231.27312	-352.10739	1538.43323	-106.65138	-159.01581	1510.04077	-451.52682	-468.42093	1437.64453	-195.24071	-272.26505	1306.59741	-274.85565	-405.23810	1527.43481	-412.45633	-79.91240	1231.64185	-526.61292	-527.33069	1183.69897	-96.72625	-44.18028	1013.36743	-417.33325	-383.46381	983.83575	-519.69940	-157.39583	929.56610	-362.24850	-374.42310	927.93121	-194.70573	-380.68430	1088.51477	81.20378	-106.38271	500.11163	-378.71555	-470.59302	492.71951	-200.76115	-116.45287	89.53557	-453.76007	-437.04956	88.84365	-288.25958	
406	4.050	-231.67360	1440.41211	-101.47829				-157.33939	1586.15881	-232.72314	-346.76611	1539.21631	-107.11044	-157.66949	1509.73291	-453.31696	-464.82672	1438.08765	-194.93372	-271.49289	1305.83655	-278.30771	-402.54858	1527.21765	-412.20120	-79.46419	1230.60901	-529.68878	-519.41711	1184.22754	-94.57397	-42.69050	1012.54382	-419.74469	-382.97360	983.61957	-519.86810	-156.38058	929.04913	-363.71640	-373.14075	929.29413	-196.69659	-368.93643	1089.55737	80.74273	-104.85165	500.17523	-380.40076	-468.71387	493.09946	-200.12320	-116.34973	89.39520	-454.02274	-437.05515	88.88839	-288.23117	
407	4.060	-228.16840	1440.03955	-103.73447				-153.61531	1586.11768	-234.27942	-341.76440	1539.44055	-107.35509	-156.29950	1509.92615	-456.05829	-459.89951	1438.44275	-194.29733	-268.61591	1305.26465	-280.25046	-400.82358	1527.33179	-411.98572	-78.74858	1230.67664	-532.86804	-511.61609	1184.56067	-92.11077	-40.57141	1012.52106	-422.44400	-382.03510	983.70203	-519.95496	-153.71120	929.49359	-365.10068	-371.65021	928.95685	-197.21411	-357.40146	1090.72546	79.74721	-103.74807	500.05121	-382.17862	-466.58377	493.72324	-200.27214	-116.13722	89.35440	-454.41537	-436.87271	88.93173	-288.28223	
408	4.070	-222.92972	1440.79285	-103.62074				-149.74762	1585.80249	-236.77686	-337.11060	1539.40588	-107.93478	-154.67120	1508.95435	-457.15274	-454.75885	1438.95190	-193.11815	-264.68661	1305.37646	-281.35483	-398.77145	1527.96680	-412.69290	-77.72796	1229.89075	-534.81061	-503.89124	1184.98096	-90.41187	-39.56062	1011.72095	-425.65289	-381.11288	984.13318	-520.35431	-151.60039	929.13800	-366.84344	-368.55820	929.03772	-196.56287	-345.78467	1092.10645	79.15448	-102.72832	499.74670	-384.42859	-465.25757	493.43384	-200.73351	-116.18758	89.30142	-454.51514	-436.86871	88.95596	-288.27637	
409	4.080	-218.09296	1440.71667	-105.86295				-145.96394	1586.13220	-239.07507	-331.55350	1540.16077	-108.12354	-152.66559	1508.71777	-459.43146				-260.00027	1305.86145	-279.85129	-396.15723	1527.16553	-411.73816	-77.35366	1229.31799	-536.89313	-496.20486	1185.00476	-88.58016	-38.63762	1011.55322	-428.39252	-380.28220	983.86804	-520.89282	-150.62033	928.05640	-369.95389	-366.38879	929.15356	-197.97450	-334.46387	1093.07092	79.05489	-102.09429	499.27618	-387.02588	-462.95721	492.90399	-202.29758	-116.22876	89.14131	-454.48224	-437.03760	88.97288	-288.20959	
410	4.090	-212.10793	1441.87024	-105.87883				-142.12215	1585.98853	-242.07364	-326.48877	1540.17407	-109.01250	-150.55484	1508.37634	-461.02948	-445.70502	1439.31946	-192.27142	-257.52963	1305.94409	-281.15488	-394.09750	1527.47986	-411.77191	-75.94949	1229.36121	-541.79773	-487.50354	1184.96936	-86.14501	-37.05090	1011.04181	-430.99014	-379.76486	983.93848	-521.13763	-149.41771	928.14813	-372.27997	-363.77670	929.37073	-199.20169	-323.26672	1094.42017	77.66129	-100.50590	498.94080	-389.66528	-460.61667	493.22281	-200.71519	-116.19754	88.96802	-454.46567	-437.04047	89.01708	-288.19312	
411	4.100	-207.59763	1441.24084	-107.42255				-138.01431	1585.95435	-243.97385	-320.82681	1540.42297	-109.60313	-148.66649	1508.23694	-464.18823	-440.53586	1439.59570	-191.78722	-254.03720	1306.06665	-282.46753	-391.61429	1527.49146	-411.11017	-75.87401	1228.64343	-542.14069	-480.09100	1185.51538	-84.83079	-36.49044	1010.18744	-435.52536	-379.09311	984.02887	-522.12634	-147.38924	927.79858	-373.72299	-359.95630	929.20142	-199.70343	-311.64777	1095.84473	76.36932	-100.05997	497.99207	-392.22501	-459.47171	492.63669	-201.38141	-116.27895	88.87970	-454.75851	-436.85284	89.05984	-288.24683	
412	4.110	-203.34070	1441.28320	-109.94369				-133.97159	1585.91431	-245.97159	-316.00049	1540.49207	-110.43128	-146.62012	1507.92529	-465.64450				-250.94592	1305.49658	-284.44315	-388.98288	1527.47961	-411.14526	-75.03647	1228.40271	-545.90356	-472.10632	1186.11108	-83.31554	-34.53388	1009.69537	-437.52368	-378.45361	984.08801	-522.36078	-145.19234	927.41736	-376.66864	-357.37708	930.39862	-200.62067	-300.64948	1097.09045	74.97669	-99.30328	497.77493	-395.60864	-457.37521	492.95407	-201.91687	-116.33092	88.92456	-454.81271	-436.82410	89.07899	-288.22797	
413	4.120	-195.00783	1441.53052	-108.39936				-129.68672	1585.36719	-247.78015	-312.03189	1540.83435	-111.34949	-144.88670	1507.94995	-469.33957	-430.42453	1439.56592	-189.65393	-248.09457	1305.39050	-285.99869	-386.80975	1527.73328	-411.25760	-74.38580	1227.47083	-547.77344	-463.52240	1186.07434	-81.14838	-32.81065	1008.57990	-440.40982	-377.83118	984.19659	-522.57233	-143.57846	927.65839	-379.39658	-353.97510	930.37756	-201.27795	-289.52512	1098.11816	74.12668	-98.83039	497.11691	-398.76602	-454.99158	492.79578	-202.87419	-116.31577	88.77594	-455.14590	-436.81473	89.11122	-288.22620	
414	4.130	-193.36877	1441.82361	-113.11448				-125.60236	1585.67993	-250.25790	-305.70029	1541.26770	-110.51099	-142.72472	1507.99756	-471.62396				-243.65503	1305.17932	-287.04211	-383.77451	1527.94482	-410.55569	-73.18607	1226.97754	-550.80865	-454.78586	1186.37158	-79.52497	-32.60041	1008.74609	-444.03027	-376.85907	984.35004	-523.29657	-141.09253	926.68097	-381.52603	-350.82837	929.66626	-202.60736	-278.41144	1099.14746	72.59093	-97.83907	497.25272	-401.86111	-452.75467	492.74817	-203.29117	-116.20163	88.55775	-455.18558	-436.81226	89.18285	-287.86926	
415	4.140	-183.97816	1442.09583	-112.15852				-121.26897	1585.47437	-253.02403	-300.59085	1541.55945	-112.52726	-140.50282	1507.35559	-473.39728	-420.26187	1440.42004	-188.69299	-240.84695	1305.00061	-289.22089	-381.24432	1527.98120	-410.56332	-72.46573	1226.28247	-552.58368	-446.81409	1187.16907	-77.55646	-30.29133	1008.09680	-447.06369	-376.35156	984.29443	-524.01099	-140.10962	926.52032	-384.28677	-346.47144	930.60858	-202.15573	-267.98267	1100.06335	71.70296	-96.82292	496.71368	-405.39392	-450.71329	492.33990	-205.27982	-116.23849	88.54926	-455.55984	-436.78955	89.21860	-288.17151	
416	4.150	-179.09804	1440.84656	-113.35744				-116.97169	1585.32031	-255.48412	-295.12924	1541.39722	-112.43955	-138.49951	1506.71350	-474.90482	-414.69504	1440.91846	-188.46872	-237.14296	1304.20044	-291.14990	-378.32278	1527.80408	-410.20459	-71.71436	1226.32275	-556.73889	-439.37003	1187.78076	-77.30004	-29.54235	1007.62195	-451.05737	-375.47903	984.87262	-525.10736	-138.53232	925.78198	-387.52133	-344.40662	929.87964	-204.55180	-256.93896	1101.06165	69.75978	-96.26002	496.76035	-408.62415	-448.31473	492.62921	-206.06067	-116.15782	87.97898	-455.85565	-436.75687	89.24982	-287.82047	
417	4.160	-173.89597	1441.81946	-114.96029				-112.50753	1585.20557	-256.63516	-289.96014	1542.13135	-113.87659	-136.54962	1506.63086	-478.00653	-409.47568	1441.25134	-188.18748	-234.01604	1304.36414	-293.08603	-375.36270	1528.29016	-410.08603	-71.08255	1225.57776	-559.38831	-430.72385	1188.26697	-75.36710	-28.24022	1007.29510	-453.62952	-375.05865	985.40369	-525.71234	-136.40295	926.11963	-390.05594	-340.13129	930.68555	-204.16734	-246.39165	1101.62378	68.73513	-95.24378	496.03067	-412.57336	-445.42426	492.87003	-205.98917	-115.97272	87.46029	-455.86588	-436.69150	89.39503	-288.10895	
418	4.170	-168.76666	1441.30457	-116.95202				-107.91848	1584.65747	-259.31866	-284.25082	1541.44934	-114.70106	-134.44157	1506.83630	-480.46246				-230.09528	1303.59741	-294.18860	-372.74054	1528.54883	-410.38843	-70.34821	1225.77930	-563.41931	-422.41379	1188.89233	-74.27773	-27.10096	1006.92188	-457.84225	-374.87222	985.79401	-526.35797	-134.33197	925.87286	-391.87607	-337.10486	930.39789	-205.45074	-235.87811	1102.32166	68.06920	-94.61294	495.98611	-415.76901	-442.98157	493.34460	-207.34088	-116.07834	87.42126	-456.20129	-436.66458	89.42809	-288.48563	
419	4.180	-163.27121	1441.69617	-118.43403				-103.54563	1584.84961	-261.91721	-278.60251	1541.79565	-115.65282	-132.35081	1505.65894	-482.38373				-226.45088	1303.96387	-295.99216	-369.52472	1528.69983	-409.84286	-69.28632	1225.24719	-565.29694	-414.14096	1189.30969	-72.82445	-25.61926	1006.28644	-461.07007	-374.72028	986.51099	-528.01489	-132.53438	925.34033	-395.18219	-331.70667	931.17651	-207.48050	-225.92316	1102.87219	66.67886	-93.65676	495.59833	-419.38400	-440.51718	493.53531	-208.24240	-115.92996	87.28393	-456.74600	-436.65494	89.51251	-288.48276	
420	4.190	-158.42360	1440.11646	-120.64176				-98.85787	1584.34900	-264.03467	-273.14938	1540.57141	-116.44888	-129.96367	1505.90698	-484.60306				-223.19371	1303.59583	-297.81635	-366.84558	1529.00964	-410.43002	-68.04324	1225.12537	-569.11945	-404.56046	1190.47852	-69.21929	-25.44932	1005.72516	-465.95758	-374.28433	986.79242	-528.88489	-130.41943	924.81042	-398.48788	-328.95737	930.39386	-208.86266	-215.43433	1103.62390	66.04885	-92.85042	495.47546	-421.94675	-437.92487	492.32608	-208.88303	-115.79464	87.13567	-456.97467	-436.61212	89.55315	-288.05557	
421	4.200	-152.05241	1440.98132	-122.47350				-94.29893	1584.06262	-266.32489	-266.57080	1541.45471	-117.45235	-127.49231	1505.81335	-486.86923				-219.27657	1303.23206	-299.69495	-363.23761	1529.14966	-409.37561	-67.54816	1225.21143	-572.84363	-396.51831	1190.85583	-68.35683	-22.13980	1006.13495	-468.68378	-373.80200	987.00739	-529.75543	-124.24169	925.66418	-397.86459	-325.27838	930.78967	-209.56233	-205.30101	1104.19873	64.33700	-92.67429	495.08337	-424.87466	-434.12613	493.30933	-209.80356	-115.65984	87.29953	-457.37711	-436.46869	89.80997	-287.99820	
422	4.210	-146.89630	1439.40210	-124.94988				-89.71217	1584.00085	-268.40561	-261.06677	1540.74048	-118.08195	-124.93497	1505.13098	-489.07843				-215.54254	1302.76294	-301.12674	-360.42078	1529.20239	-409.39920	-66.23682	1224.37122	-574.63428	-388.66278	1191.83557	-68.81346	-20.62482	1005.80029	-472.66992	-372.87790	987.47656	-530.38940	-124.10043	925.25934	-402.20102	-322.15540	930.22552	-211.44438	-194.76172	1104.71375	63.59869	-92.17864	495.29114	-428.25394	-432.38800	493.29739	-210.35350	-115.47990	86.94330	-457.70398	-436.46732	89.88702	-288.35214	
423	4.220	-141.00832	1439.72876	-127.33022				-85.13942	1583.44934	-272.10721	-254.81622	1541.05859	-119.32425	-122.52698	1505.44775	-492.00375				-211.52917	1302.30481	-302.86835	-356.91415	1529.40576	-409.25217	-65.32832	1224.10144	-578.72577	-380.82211	1192.46753	-67.78679	-19.73869	1005.07458	-476.98557	-371.04227	987.85272	-528.82233	-122.43537	925.14032	-404.94986	-317.87906	930.38269	-212.43195	-184.82590	1105.09558	62.49063	-91.68563	495.17105	-431.40784	-428.70526	492.66888	-211.23882	-115.67569	86.71320	-457.96796	-436.44150	90.04742	-288.28500	
424	4.230	-135.43379	1440.12329	-128.68945				-80.41862	1583.22290	-273.40732	-249.71605	1540.08191	-120.36799	-120.08376	1505.01221	-494.92944				-208.04054	1302.31592	-305.23911	-353.83530	1529.58801	-409.85135	-64.08157	1224.12927	-582.47559	-371.17065	1194.04944	-64.71606	-18.26124	1004.34357	-480.29349	-370.21704	988.18805	-529.46466	-120.70192	924.24170	-408.13785	-314.20929	930.59082	-213.18060	-174.94121	1105.23254	61.58419	-90.83241	494.60742	-434.15503	-426.37750	493.99973	-212.13965	-115.46349	86.35316	-457.84952	-436.52948	90.07523	-287.92014	
425	4.240	-129.85619	1438.87305	-130.90314				-75.68005	1582.69043	-275.36047	-243.61827	1540.53821	-121.30523	-117.75459	1504.64185	-496.75510				-204.16499	1301.88904	-307.76212	-350.53799	1529.45776	-409.41629	-63.14492	1223.67114	-585.09900	-362.60257	1194.60168	-63.53001	-16.57978	1003.60663	-483.53903	-369.23050	988.29053	-529.78046	-117.49630	925.01678	-410.63913	-310.59784	930.45099	-214.53955	-164.60327	1105.36670	60.28835	-90.30247	494.21350	-437.10159	-423.30255	494.42755	-212.23001	-115.93234	85.89476	-457.78772	-436.52707	90.12899	-287.91635	
426	4.250	-124.39179	1438.23865	-133.32222				-71.18333	1582.52625	-278.86356	-238.07407	1539.57397	-122.67708	-115.71793	1504.71094	-499.45151	-354.01489	1443.77563	-184.53406	-199.68504	1301.96472	-309.34595	-347.27139	1529.89294	-409.13766	-61.97657	1223.06897	-588.11816	-354.32352	1195.63916	-62.59280	-16.09732	1003.08380	-487.82788	-368.17130	988.81738	-530.97131	-115.85538	924.20355	-412.93314	-307.45071	930.14838	-215.78125	-155.10414	1106.01270	59.31508	-89.72416	493.95181	-439.86600	-421.08920	493.90369	-216.22853	-115.98369	85.45229	-457.73737	-436.72409	90.45221	-288.31454	
427	4.260	-118.10600	1438.50793	-135.28568				-66.47572	1582.26013	-281.21906	-231.45821	1539.09106	-123.35582	-113.24412	1504.42761	-501.93106				-195.33897	1301.30176	-311.49005	-344.01813	1529.97827	-409.15530	-61.08383	1223.22888	-591.86865	-346.28870	1196.27356	-61.74174	-13.91656	1002.71991	-492.25183	-367.04337	989.39331	-531.38281	-115.71384	923.35571	-416.49173	-303.07388	930.40527	-216.55807	-145.31517	1106.65222	58.73719	-89.22377	493.98260	-442.74481	-418.01660	493.78290	-217.20984	-115.97907	85.39754	-457.76376	-436.79150	90.91158	-288.62961	
428	4.270	-114.48848	1437.38428	-139.27542				-61.80559	1581.57727	-284.04938	-225.31282	1538.84131	-125.03292	-110.64780	1504.42676	-504.43103				-191.94695	1301.26733	-313.11169	-340.77829	1530.12830	-409.30716	-59.75685	1222.90942	-595.36298	-337.66635	1196.50623	-60.57755	-12.77344	1002.58624	-496.19287	-365.89273	989.42310	-531.76233	-112.50637	924.19812	-418.94037	-300.14505	930.45691	-218.31644	-135.68892	1106.51733	57.72538	-88.33225	493.53177	-445.48322	-415.10046	494.17209	-217.50119	-115.99000	85.04395	-457.74261	-436.65256	91.37747	-289.01080	
429	4.280	-107.02190	1437.19458	-140.20103				-57.13757	1581.31018	-286.17731	-220.27542	1538.46460	-127.28925	-108.68454	1503.42529	-506.22858				-188.05870	1300.42883	-315.90622	-337.50027	1530.15405	-409.55865	-59.22722	1222.97290	-598.79041	-329.77762	1197.54980	-60.04077	-10.32596	1001.69733	-501.71509	-364.72906	989.90643	-532.97430	-110.04581	923.75830	-421.24472	-296.63687	930.32745	-218.91304	-126.55962	1106.97986	57.08279	-87.96072	493.48978	-448.22403	-412.52664	493.19702	-219.04433	-116.03427	84.71420	-458.27170	-436.59122	91.54594	-288.77060	
430	4.290	-101.91502	1436.39258	-142.66687				-52.53358	1580.79663	-288.71494	-215.20523	1538.26074	-129.13019	-105.90649	1503.38782	-509.05917	-329.95554	1444.62964	-184.80885	-183.64940	1300.47644	-317.33682	-333.86636	1530.22644	-409.38623	-57.83121	1222.73340	-601.63470	-321.01291	1198.40002	-58.90886	-10.33324	1000.34717	-505.40305	-363.59378	989.91431	-533.82349	-108.22189	923.30670	-423.42816	-292.94302	931.25854	-219.64528	-117.55984	1107.17932	55.83754	-87.45586	493.11441	-451.05453	-409.21674	493.86954	-220.09328	-116.00445	84.63751	-458.31024	-436.42358	91.81909	-289.26196	
431	4.300	-96.78848	1435.74878	-144.81630				-47.93109	1580.81360	-290.79749	-210.31078	1537.85291	-130.41843	-104.06229	1503.26941	-512.18115	-323.47736	1444.89624	-185.23389	-179.08778	1299.98071	-318.38882	-330.75162	1530.51038	-409.41388	-56.46611	1222.56238	-605.32977	-313.27383	1199.14404	-58.14019	-8.52368	999.97125	-509.51575	-361.95071	990.39117	-533.91321	-105.32957	923.64087	-426.78708	-290.67056	930.55347	-221.32036	-107.80869	1106.88953	54.85540	-86.99359	493.11328	-452.89664	-406.97507	493.89575	-220.99142	-115.84383	84.43328	-458.28510	-436.56720	92.77632	-289.85739	
432	4.310	-91.25198	1435.35095	-147.73961				-43.23876	1579.93713	-293.52835	-202.91621	1537.81445	-130.98271	-101.56161	1503.15015	-514.60004				-175.28696	1299.67981	-321.16769	-327.00574	1530.27844	-409.70667	-54.99367	1222.55396	-610.18585	-304.61600	1200.06348	-58.39809	-7.45793	998.86700	-513.04462	-360.57248	990.79950	-534.60999	-104.53139	923.20050	-429.10367	-287.44458	930.91211	-222.21466	-100.11015	1108.28467	54.99663	-85.83749	493.06049	-455.25397	-403.39709	493.93948	-222.77669	-115.50671	83.91190	-458.45120	-436.58594	92.83694	-289.81985	
433	4.320	-85.70357	1434.99902	-148.38469				-38.74858	1579.82141	-295.84369	-198.31316	1536.63379	-132.81259	-99.14036	1503.04089	-516.69305	-311.97736	1444.94189	-185.10332	-171.69109	1299.19958	-323.20016	-323.54547	1530.86169	-409.48300	-54.56559	1221.88367	-611.84900	-296.50668	1201.35315	-57.03664	-5.23707	998.29199	-517.38934	-359.20081	990.97339	-535.67926	-102.39098	922.88788	-431.99802	-284.87668	931.44263	-222.83891	-91.84078	1108.55493	53.94500	-85.32475	492.73703	-457.48770	-401.01251	494.13763	-223.60098	-115.48541	83.83428	-458.48959	-436.47998	92.99599	-289.51364	
434	4.330	-80.66042	1433.92566	-152.09340				-34.41902	1579.45435	-298.75995	-192.34714	1536.54041	-134.06163	-96.03376	1503.05981	-519.68933	-305.76614	1445.45532	-185.73009	-167.43080	1299.03259	-325.65817	-320.08444	1530.68445	-409.88403	-53.60766	1221.46606	-614.64215	-287.51617	1201.72583	-56.15960	-3.69401	998.28632	-521.71143	-357.79630	991.15265	-536.02954	-101.02718	922.72852	-434.08551	-282.01587	931.59497	-224.11220	-83.22578	1108.95923	53.13969	-84.48241	493.21661	-459.46854	-398.55078	493.57785	-226.01761	-115.43116	83.59791	-458.59412	-436.45282	93.04956	-289.46396	
435	4.340	-75.00145	1434.39404	-154.36464				-29.93878	1579.17615	-300.59705	-185.69649	1535.83813	-134.45888	-94.61568	1502.64490	-521.51910	-299.46970	1445.92517	-186.32214	-163.94925	1298.87695	-327.54269	-316.69202	1530.81799	-410.04172	-51.86536	1221.14917	-617.83588	-280.72595	1202.76062	-55.81738	-1.37444	997.63385	-526.14789	-356.11432	991.80249	-536.38965	-99.38962	922.00751	-436.13275	-279.73788	931.91272	-225.08624	-74.48370	1108.96216	52.66549	-83.89917	492.43280	-461.11716	-395.69824	493.74857	-226.59894	-115.19646	83.53723	-458.91440	-436.50418	93.18291	-289.42404	
436	4.350	-71.78854	1433.83545	-158.24449				-25.54669	1578.83081	-303.15851	-181.21715	1535.63782	-137.04044	-92.08768	1502.39929	-524.31000	-292.86429	1445.76648	-188.61752	-159.50182	1298.24402	-329.77570	-314.48334	1531.36548	-410.07761	-51.65798	1221.30969	-620.94574	-272.26410	1203.04187	-55.79131	-0.54480	996.82642	-529.90094	-354.74338	992.27911	-537.68475	-96.91468	921.53888	-437.98175	-276.23904	932.14319	-225.38553	-66.87086	1109.25854	52.13728	-82.68002	492.72589	-463.33636	-392.51645	493.98810	-227.27184	-115.40654	83.28365	-458.97150	-436.76410	93.52756	-289.45441	
437	4.360	-65.19984	1433.09705	-159.30133				-21.15432	1578.48083	-305.87543	-175.79181	1535.62292	-137.53616	-89.68086	1502.40625	-526.66931	-287.13672	1445.78833	-188.84435	-155.85765	1298.61755	-331.36948	-311.22318	1531.76025	-410.85571	-50.68735	1221.05981	-624.30841	-264.51373	1204.81946	-55.16783	1.75143	996.42419	-534.33344	-353.26572	992.29266	-537.66992	-95.17979	921.42523	-440.38635	-273.22003	932.48029	-226.86784	-58.89090	1109.52905	51.63708	-81.86726	492.46521	-464.66660	-390.49811	494.09131	-229.30026	-115.65284	82.98208	-459.29123	-436.78018	93.63287	-289.43991	
438	4.370	-60.14548	1432.21472	-161.49954				-16.93175	1578.13733	-308.56674	-171.34203	1535.24097	-139.40094	-88.19415	1501.57080	-527.65887	-280.88403	1446.44006	-189.70456	-152.50462	1298.17627	-332.76913	-308.29056	1531.69849	-410.32175	-49.14364	1220.90369	-627.26288	-257.38852	1205.80432	-55.01872	3.26816	995.62036	-537.93317	-351.65540	992.80591	-537.62091	-93.05202	921.81708	-441.96945	-271.06897	932.13452	-228.48834	-50.26752	1109.10437	51.14114	-80.76153	492.79965	-466.70065	-387.69000	494.27042	-230.68880	-115.78001	82.79526	-459.45258	-436.68515	93.97561	-289.38837	
439	4.380	-55.66468	1432.70422	-163.10632				-12.87339	1577.59644	-310.48938	-165.76167	1535.16724	-140.96204	-85.70749	1501.49146	-530.10492	-276.51169	1446.13208	-190.80542	-148.72552	1297.51599	-334.35843	-304.57141	1531.56421	-410.28763	-48.31699	1220.97668	-630.68280	-249.80348	1206.56934	-53.73860	4.02140	995.23969	-543.11627	-350.25488	993.60034	-539.38251	-90.86947	921.25806	-443.96295	-266.90439	932.57153	-228.58025	-43.04955	1108.90820	50.36962	-80.05679	492.46118	-468.50079	-385.84177	494.59256	-231.85585	-115.79324	82.75574	-459.47055	-436.66336	94.21978	-289.65836	
440	4.390	-50.89228	1432.01941	-164.93578				-8.55950	1577.65393	-312.39819	-160.16887	1534.72693	-141.35921	-83.96591	1501.30847	-531.43237	-270.83014	1446.41101	-190.95880	-145.11766	1296.94751	-336.26239	-301.67459	1531.82312	-410.30219	-47.61250	1220.62207	-631.73950	-243.38176	1207.32581	-53.74332	6.07229	994.20654	-545.57367	-348.99557	993.22211	-539.24597	-89.13913	920.79675	-445.51831	-264.50427	932.24469	-229.60439	-35.42208	1109.02258	49.90315	-78.32954	492.82172	-469.94073	-383.06448	495.60144	-231.78732	-115.81526	82.71024	-459.49078	-436.72968	94.28418	-289.30298	
441	4.400	-46.25473	1431.23401	-166.86143				-4.84307	1577.29065	-314.70789	-155.38480	1533.92053	-143.60657	-81.20291	1501.10144	-533.83051	-264.24753	1446.34241	-190.68127	-141.91992	1296.92847	-338.04465	-298.31049	1532.13745	-410.48529	-46.32708	1220.31702	-634.30060	-236.48721	1207.54321	-53.73337	7.08992	993.42780	-550.28619	-347.41776	993.75934	-539.46814	-87.23088	921.83148	-448.55023	-261.40695	932.42560	-231.06781	-28.06002	1108.85498	49.74656	-77.64217	493.05334	-471.91843	-380.49649	495.34290	-233.46263	-115.79909	82.67981	-459.50638	-436.65906	94.48650	-289.57861	
442	4.410	-41.07721	1431.44861	-168.53093				-0.92513	1577.12756	-317.28403	-151.11107	1534.81299	-144.42540	-79.25388	1501.10864	-536.17273	-259.09634	1445.53503	-190.57655	-138.52777	1296.70923	-339.41125	-294.32507	1532.10071	-410.35138	-45.70322	1220.40564	-637.14661	-228.88028	1207.64990	-53.42813	8.16869	993.02905	-553.69202	-346.06509	994.11505	-540.37872	-84.88365	920.62299	-449.80920	-258.34644	932.65021	-231.84554	-21.91980	1109.01245	49.73817	-76.24391	492.58661	-473.16794	-377.33810	494.91708	-233.82114	-115.80322	82.62220	-459.53360	-436.63361	94.63470	-289.53253	
443	4.420	-36.73237	1430.85645	-170.66385				3.05917	1576.79419	-319.09311	-146.51051	1533.84656	-146.17014	-77.45493	1500.98511	-537.73499	-256.49899	1444.44568	-195.76190	-134.81837	1296.59363	-341.05875	-291.85217	1532.26355	-411.00473	-44.43249	1220.03882	-639.58820	-221.74394	1208.18250	-52.51819	9.16879	992.38123	-556.76178	-344.79828	994.66595	-541.04657	-83.31322	921.14917	-451.91547	-255.00563	932.30548	-232.43398	-13.95085	1108.80786	49.54650	-75.05876	492.63144	-474.81970	-375.80573	495.95139	-235.28503	-115.82039	82.58565	-459.54990	-436.59384	94.79313	-289.15900	
444	4.430	-31.89109	1430.64026	-172.53563				6.79325	1576.65027	-321.14407	-141.68666	1533.65942	-146.90349	-75.46469	1500.61780	-539.24652	-250.78343	1444.00781	-195.42491	-131.04065	1296.28015	-342.68936	-288.67838	1532.50500	-410.39258	-43.45813	1219.83252	-641.47681	-215.32234	1208.85596	-53.18701	10.33366	991.97192	-559.96777	-343.61987	994.44659	-540.61749	-81.18774	920.89240	-453.51355	-252.73148	931.56763	-234.22369	-7.67038	1108.29895	49.24667	-73.75990	492.90021	-476.55536	-373.66302	495.55603	-235.81145	-115.72598	82.31783	-459.48560	-436.37003	95.18787	-288.99847	
445	4.440	-27.51136	1430.58862	-174.71909				10.37879	1576.43262	-323.31140	-136.66179	1533.10803	-148.19496	-73.60220	1500.67236	-540.52869	-245.68466	1444.55273	-195.03445	-127.86421	1296.45435	-343.91901	-285.75638	1532.40527	-410.74142	-43.32143	1219.82434	-644.80096	-209.07921	1209.23157	-53.58244	11.75476	991.60815	-563.39624	-342.30096	995.64166	-541.00513	-79.56886	920.33929	-455.32330	-249.64076	932.12500	-235.18987	-1.67755	1108.30920	49.15893	-72.32306	493.11771	-478.02582	-371.30264	495.64111	-235.86789	-115.72810	82.27631	-459.50528	-436.30396	95.38751	-288.93976	
446	4.450	-23.72037	1429.80090	-176.50731				13.99331	1576.34167	-325.31253	-131.94017	1532.68787	-148.59723	-70.86694	1500.46289	-543.40356	-241.50554	1444.28662	-195.49867	-125.14751	1295.88086	-345.90793	-282.80164	1532.67200	-410.42859	-42.16183	1219.56555	-645.79230	-202.93350	1209.59912	-53.45309	12.99966	991.16821	-566.73560	-341.33722	995.78876	-540.68878	-77.71888	920.41772	-457.00842	-246.92732	931.84424	-236.39737	5.38343	1107.75330	48.87219	-71.27004	493.29904	-480.18216	-369.12799	495.57062	-236.67874	-115.55585	82.19099	-459.62308	-435.54526	96.19839	-289.19107	
447	4.460	-19.43733	1429.34766	-177.96698				17.73008	1575.24670	-325.68463	-128.32933	1532.69336	-150.28067	-69.47130	1500.12695	-544.15289	-237.73822	1444.23303	-197.35631	-121.81086	1295.36267	-346.74847	-279.95673	1532.89270	-410.83417	-39.64362	1220.33252	-648.88812	-196.61894	1210.21753	-53.18326	14.63163	990.49329	-570.06836	-340.44037	995.70813	-540.34808	-75.61568	920.13678	-457.91702	-244.90897	931.44507	-238.18387	11.32746	1107.62927	48.74426	-69.94040	493.10876	-481.42984	-366.99518	496.03690	-237.16878	-115.74541	82.03909	-459.91580	-435.31195	96.50198	-288.88382	
448	4.470	-16.07446	1428.88037	-179.69836				20.81620	1575.29028	-327.09152	-124.67392	1532.62744	-151.74271	-67.19656	1499.82910	-545.57001	-233.44032	1443.36975	-198.18935	-118.92647	1295.18982	-348.62540	-276.79922	1532.57715	-409.85901	-39.98041	1220.09009	-651.50159	-190.92474	1210.47473	-53.38776	14.91675	989.88043	-572.82306	-339.70438	995.74426	-540.05157	-74.27267	919.86365	-459.86142	-242.11304	931.86072	-239.28151	16.92259	1107.44434	48.39202	-67.73643	493.38748	-482.14301	-364.85852	495.68707	-237.60898	-115.64522	82.20834	-460.63010	-435.23907	96.92798	-289.08392	
449	4.480	-12.38196	1428.42371	-180.32141				24.39696	1575.09558	-328.70798	-120.37217	1531.83240	-152.26407	-65.89908	1499.88904	-546.65320	-228.22040	1443.26257	-197.67091	-117.15978	1294.23950	-349.00381	-274.40198	1532.84656	-410.00909	-39.26419	1219.64502	-652.74542	-185.44371	1210.91516	-53.02563	17.29510	990.03687	-575.74622	-338.68097	996.72229	-539.43683	-72.42475	919.78845	-461.10394	-240.16266	931.92297	-240.94902	22.56702	1107.34460	48.86747	-66.69022	493.14566	-484.02036	-362.67401	495.44736	-237.20743	-115.78088	82.03316	-460.71848	-434.63101	97.43319	-289.51569	
450	4.490	-8.16307	1427.78589	-182.00781				27.72614	1574.39563	-329.52686	-116.69391	1531.07654	-152.64803	-64.11542	1499.87524	-548.14014	-223.89204	1443.11157	-198.07498	-114.24932	1294.19556	-351.04214	-272.13464	1533.02551	-410.01974	-38.35328	1219.85498	-653.50421	-179.66211	1210.42834	-53.60029	18.68352	989.56219	-577.64685	-338.09207	997.20068	-539.45508	-70.53093	919.91394	-462.25589	-238.28575	932.06177	-241.87022	28.15956	1106.90796	48.49707	-65.81873	492.70279	-484.85645	-360.49573	496.15140	-236.27422	-115.81149	81.95454	-460.75397	-434.48282	97.55235	-289.44632	
451	4.500	-4.29737	1427.25232	-183.20087				30.78722	1573.88281	-330.82101	-112.25431	1529.91748	-153.23566	-62.40965	1499.68909	-548.98578	-220.41559	1442.72986	-198.77003	-111.66647	1293.56384	-351.77084	-269.09732	1533.00281	-409.60043	-37.32086	1219.44397	-655.21204	-173.85698	1211.07703	-53.72455	18.83572	989.18408	-579.95618	-337.59958	997.44293	-539.58832	-68.99969	919.28180	-463.68350	-235.93721	932.04584	-243.61543	32.23201	1107.72339	49.02230	-63.33514	493.20206	-486.03580	-359.10858	495.77322	-235.78352	-115.63419	81.87335	-460.87012	-434.36288	97.66833	-289.35098	
452	4.510	-1.67484	1426.28650	-184.42241				33.93081	1573.69482	-332.76624	-109.56548	1529.58582	-155.39066	-60.70951	1499.41357	-549.88013	-217.05907	1442.40442	-199.57611	-109.31537	1293.41650	-352.89581	-267.10577	1533.09668	-410.06454	-35.98187	1219.48547	-655.88239	-170.02406	1210.78113	-53.24737	19.83742	988.92023	-582.43140	-336.90399	997.56952	-538.74634	-67.59775	919.28235	-464.98743	-234.91811	931.32813	-244.93542	37.49240	1107.26086	49.02370	-62.70164	492.89087	-487.26260	-358.27588	495.89273	-235.51541	-115.58672	81.66605	-460.96030	-434.25156	97.82219	-289.27939	
453	4.520	1.75649	1425.48706	-186.29257				37.06996	1572.66101	-333.69626	-105.91192	1529.00195	-155.58243	-59.11507	1499.35901	-549.95886	-213.79857	1442.60315	-200.10075	-107.77618	1292.64209	-353.16995	-264.16940	1533.06848	-408.43301	-35.30725	1219.33105	-656.47748	-164.17503	1210.90173	-54.03247	22.04819	988.82422	-584.37494	-336.39407	997.67200	-538.52795	-66.01899	919.57776	-465.98471	-231.96454	932.23743	-245.90091	42.71275	1107.28650	48.75708	-60.75829	492.77774	-488.44040	-357.03058	496.19720	-234.18462	-115.41636	81.31820	-461.15131	-434.03571	98.46312	-289.06378	
454	4.530	5.02695	1424.47925	-187.87399				40.01869	1572.59143	-334.60162	-103.06204	1527.42053	-156.57661	-57.34168	1499.54895	-550.90070	-208.38776	1442.59998	-199.20433	-105.39502	1292.58862	-353.99899	-262.37033	1533.54187	-408.84634	-34.89275	1219.99316	-659.20105	-159.76733	1211.34473	-53.65925	22.03529	988.47778	-585.83868	-335.75150	998.30200	-538.12561	-64.56775	919.55811	-467.45270	-230.54675	931.93951	-246.80980	46.71920	1106.71960	49.26193	-59.79078	492.36050	-490.72180	-356.14706	496.28790	-233.23444	-115.32397	81.24859	-461.06479	-433.78589	98.70296	-289.13483	
455	4.540	7.99988	1423.08765	-189.02148				42.86214	1571.96570	-336.13971	-98.10290	1526.32349	-156.69994	-55.92126	1499.56873	-551.51416	-203.91818	1443.20105	-198.11377	-102.62474	1292.36548	-355.05917	-259.48718	1533.55652	-407.78909	-33.84298	1220.05127	-660.05603	-155.51657	1211.57556	-53.44617	23.54432	988.71246	-588.29114	-335.03284	999.07208	-537.88232	-62.96251	919.01129	-468.54037	-228.76616	931.59210	-247.47966	51.46791	1106.49194	49.03673	-57.01930	493.12134	-491.37564	-354.22662	496.21246	-232.12679	-114.88307	80.24294	-461.25952	-433.52863	98.99535	-289.10437	
456	4.550	11.47241	1422.62476	-190.95222				44.90446	1571.10522	-337.06503	-94.72235	1525.24805	-156.65831	-54.66199	1499.55786	-551.66791	-203.40288	1441.24353	-200.06836	-100.79414	1292.52466	-356.05582	-257.59323	1533.62598	-407.72049	-32.83330	1219.41736	-660.47772	-152.41769	1210.27051	-52.97227	23.79589	988.23480	-589.24841	-334.39566	999.54449	-537.68219	-61.61681	919.22534	-469.85608	-226.38979	931.40002	-248.79488	55.04349	1105.79370	50.49976	-57.50672	492.23801	-493.51471	-353.07413	496.16989	-230.82486	-115.10542	80.35014	-461.49686	-433.35205	99.32151	-289.25229	
457	4.560	14.40048	1420.99060	-192.83302				47.50045	1570.57043	-338.50735	-92.70829	1524.33032	-158.23119	-52.63223	1499.30652	-552.26160	-197.96536	1442.42126	-198.10820	-99.37577	1291.83716	-356.49359	-255.16782	1533.39111	-406.87411	-31.90118	1219.50952	-660.99823	-146.96501	1211.39478	-52.77444	26.34739	988.15997	-591.35760	-333.77475	999.53186	-537.03625	-60.43235	919.37854	-470.22119	-224.91940	931.38879	-248.74597	59.58313	1105.79053	49.89128	-54.68659	492.59476	-494.96600	-352.96185	496.15881	-230.45462	-115.16006	80.26206	-461.64713	-432.95477	99.77859	-288.97375	
458	4.570	17.08418	1419.71497	-194.38152				49.81678	1569.89221	-338.92523	-88.36876	1522.88867	-157.68123	-50.87071	1499.50281	-553.22034	-196.18144	1442.19470	-198.85764	-97.15957	1291.72058	-357.55652	-253.07802	1533.64563	-406.35672	-30.06643	1220.10535	-662.27576	-142.95523	1211.47070	-52.60416	26.08467	987.76630	-592.31311	-332.91672	1000.07983	-536.59808	-59.34579	919.37305	-471.03802	-222.61575	931.17169	-248.77028	63.19732	1105.57947	50.39719	-53.27138	492.38126	-496.72864	-352.48395	496.21643	-230.05003	-114.90452	80.30544	-462.01712	-433.00922	100.13023	-289.10129	
459	4.580	20.61425	1419.14160	-195.36247				52.26085	1569.60388	-340.71838	-85.20986	1521.80347	-157.68571	-49.23061	1499.69531	-553.45612	-192.59352	1441.25293	-197.86121	-95.26248	1291.72974	-357.63647	-251.23189	1533.82153	-406.44470	-29.45176	1220.21631	-662.57599	-138.80063	1211.54163	-52.69159	27.08029	987.93219	-593.63739	-332.01605	1000.43878	-536.36395	-57.94914	919.56494	-471.79831	-220.87402	931.02252	-248.73596	66.98009	1105.07446	50.77198	-52.29586	491.91995	-498.33359	-351.78479	496.84192	-227.74693	-115.02876	79.80172	-462.02563	-432.74890	100.41209	-288.96152	
460	4.590	23.20306	1418.05273	-196.87584				54.00105	1569.18103	-341.12140	-81.94965	1520.63953	-158.39902	-47.36438	1499.60181	-553.59937	-189.44221	1441.52991	-197.71690	-92.99716	1291.31299	-358.46411	-248.88451	1533.50317	-404.83032	-28.85194	1220.20740	-663.42236	-135.67877	1211.72607	-52.24793	28.31454	987.78516	-594.06274	-330.88528	1000.91400	-536.72101	-56.74684	919.20819	-472.41916	-219.85255	930.86517	-249.07980	70.58404	1104.71509	50.97064	-50.63896	492.54465	-499.46161	-351.73108	496.85046	-227.72661	-115.05639	79.78972	-462.02951	-432.62329	100.49911	-288.85345	
461	4.600	25.53212	1416.96289	-197.47884				56.33407	1568.69141	-340.97491	-78.70811	1520.19250	-158.17140	-46.05210	1499.34412	-553.70581	-187.37843	1440.42676	-197.87756	-91.32634	1291.41113	-358.17148	-247.19629	1533.89050	-405.44507	-28.01459	1220.12781	-663.09503	-132.27107	1212.36023	-52.09916	28.59704	987.69769	-594.51587	-329.84256	1000.84308	-537.01910	-55.61214	918.88599	-472.85645	-218.07582	931.19299	-249.05315	73.89368	1104.37256	51.71830	-49.16309	493.06219	-500.89102	-351.35913	497.11255	-227.65186	-115.35386	80.25199	-462.19016	-432.50345	100.55495	-288.77725	
462	4.610	28.59539	1416.37720	-197.78838				58.60561	1568.37354	-342.03680	-75.42663	1518.85400	-157.79518	-44.08223	1499.36938	-553.38153	-185.44324	1440.43018	-197.91261	-89.92867	1290.15833	-358.27289	-245.33138	1533.63403	-404.98642	-26.24051	1220.77246	-664.30511	-128.76115	1212.40320	-51.76740	30.17663	987.80731	-594.86700	-328.73700	1000.78656	-536.68896	-54.79643	918.89783	-473.02792	-215.83148	930.89771	-248.74078	77.56024	1103.58557	52.39826	-48.06285	492.74466	-501.53467	-350.99924	497.08752	-227.88072	-115.10751	79.74744	-462.04630	-432.37833	100.56694	-288.71997	
463	4.620	31.13928	1415.52332	-199.20955				60.58490	1567.89709	-341.90271	-73.86176	1518.09912	-158.92679	-42.67467	1499.28821	-553.48486	-182.17697	1440.50842	-197.19016	-87.66839	1290.30481	-358.23358	-243.28596	1533.48816	-404.15775	-25.10582	1220.95984	-664.88843	-125.81175	1212.26624	-51.14376	32.04939	987.74182	-596.15851	-327.15695	1001.63556	-536.97418	-53.57170	918.97223	-474.07205	-214.92979	930.83069	-248.51529	80.63086	1103.22522	52.76582	-46.64856	492.68988	-502.69986	-350.45895	496.77875	-228.17343	-115.13226	79.74938	-462.04373	-432.31555	100.59950	-288.68384	
464	4.630	33.76411	1414.97583	-198.78314				62.31047	1567.49097	-341.96368	-69.70125	1516.92932	-157.61469	-41.12084	1499.47766	-553.12085	-182.20308	1439.90430	-197.77858	-85.97223	1290.36047	-358.88321	-241.90701	1533.91016	-404.39963	-23.84605	1220.54553	-663.86310	-122.58298	1212.50061	-51.25138	31.99582	987.49030	-596.85052	-325.97037	1001.28296	-536.56635	-52.59917	918.78693	-474.52347	-213.36475	930.74896	-248.70575	83.13593	1102.85010	53.60861	-45.72029	493.05948	-503.68747	-350.46722	497.01532	-228.56357	-115.37134	79.72424	-461.86185	-432.22202	100.61091	-288.64087	
465	4.640	35.61500	1413.45251	-199.25034				64.66122	1567.30933	-342.35233	-67.99068	1516.17627	-157.79176	-39.55865	1499.36707	-552.64111	-177.89999	1439.36365	-196.51604	-84.59947	1290.01184	-359.42422	-239.68466	1533.22168	-403.05743	-22.72239	1220.64490	-664.31506	-119.66889	1213.10913	-50.66445	33.30756	987.94934	-597.23059	-324.79739	1001.31836	-536.79993	-51.95776	918.69452	-474.45569	-212.17229	930.53687	-248.90808	85.96576	1102.53296	53.93031	-44.74652	493.03394	-504.37659	-350.60086	497.18460	-229.19664	-115.64429	79.86564	-461.72256	-432.14542	100.60539	-288.61255	
466	4.650	37.59824	1412.49280	-199.94542				65.89618	1566.96631	-342.30396	-66.54028	1514.87537	-157.96516	-37.78613	1499.25549	-552.94525	-176.86418	1439.61572	-196.90549	-82.80771	1289.66431	-358.92606	-238.34067	1533.33545	-403.03653	-21.51612	1220.69324	-664.75623	-116.98483	1213.20459	-50.69902	34.23521	987.92535	-596.31012	-323.50598	1001.38916	-537.16089	-50.23465	918.38300	-474.69931	-210.58693	930.45953	-248.41302	88.15428	1102.45874	54.61348	-43.91293	492.54483	-504.53287	-350.24036	497.21008	-229.63329	-116.02287	79.92750	-461.81549	-431.78140	100.42680	-288.61078	
467	4.660	38.70910	1412.33850	-200.34990				67.71067	1566.40259	-342.24335	-64.24992	1514.32947	-157.85880	-36.37198	1499.26733	-552.20782	-176.12950	1438.65430	-197.49597	-80.89408	1289.04553	-359.31522	-236.44820	1533.02271	-402.59277	-19.89592	1220.65247	-664.94354	-114.60580	1213.30188	-50.41894	35.55720	987.96228	-597.07831	-322.22324	1001.93646	-537.70605	-49.66724	918.35034	-474.81549	-210.27412	929.77356	-248.71428	90.48866	1102.05676	55.59074	-43.03457	492.24890	-504.56653	-349.96860	497.23798	-229.97168	-115.93747	79.68688	-461.76215	-431.70059	100.37448	-288.62097	
468	4.670	40.72655	1411.25220	-199.69861				69.46437	1566.03528	-340.99390	-62.55415	1513.57544	-157.42319	-34.78067	1499.00391	-552.28790	-173.30173	1438.45728	-196.20462	-79.62869	1289.04114	-359.58661	-234.66220	1533.24231	-401.93088	-18.66757	1220.20398	-664.20447	-112.33949	1213.59827	-50.36467	37.21310	987.95575	-596.81635	-320.90994	1001.95728	-537.63214	-48.26001	918.21216	-475.55984	-209.33704	929.63464	-248.85712	91.92155	1101.76355	56.38971	-42.29341	492.37384	-504.36029	-349.45822	496.99283	-230.84007	-116.10838	79.95990	-461.79434	-431.44995	100.67293	-289.05566	
469	4.680	42.28035	1410.63062	-199.91661				71.05518	1565.28687	-341.31729	-61.18135	1513.49805	-157.03789	-33.36462	1498.52234	-551.46075	-171.29503	1438.81604	-195.63852	-78.72192	1288.68359	-358.92337	-233.30280	1533.21533	-401.95068	-16.98693	1220.04993	-663.09259	-109.97401	1213.50134	-49.98583	37.87651	987.63715	-596.53467	-319.61130	1002.03833	-537.71466	-47.12151	917.54639	-474.99072	-208.59198	929.76996	-248.78998	93.62566	1101.42297	56.81910	-41.46700	492.52795	-505.10513	-349.59329	496.53754	-231.94489	-116.22320	80.04918	-461.97833	-431.37518	100.61047	-289.05807	
470	4.690	43.00570	1409.83777	-200.00620				72.45085	1564.94714	-340.54892	-60.54293	1512.78027	-157.26434	-32.06525	1498.74060	-551.12372	-171.42639	1438.58630	-196.29170	-77.83469	1288.71851	-358.91507	-232.14099	1533.14746	-401.93790	-15.96545	1220.40918	-663.73651	-108.80228	1213.96387	-49.72314	39.43568	987.62671	-596.45996	-318.32019	1001.75281	-537.00916	-45.84852	917.66138	-474.98203	-207.28253	929.72162	-248.35211	94.84143	1101.08154	57.20313	-40.87215	492.60080	-505.00787	-349.84216	496.75952	-232.79124	-116.42192	80.08340	-461.88321	-431.29852	100.53178	-289.06009	
471	4.700	44.43864	1409.00061	-199.10025				73.63145	1564.61279	-339.73630	-58.00698	1511.47156	-155.93651	-30.42441	1498.25989	-550.45154	-170.86850	1437.56909	-197.55179	-75.80900	1288.59363	-358.84128	-230.59839	1533.30457	-401.51385	-14.23356	1220.49817	-663.80151	-107.24190	1214.31384	-49.67799	41.17109	987.18292	-595.65302	-316.86115	1001.97668	-537.04858	-44.86348	917.64935	-475.03421	-206.61446	929.40442	-248.32323	96.32451	1101.01746	57.69173	-40.28977	492.51764	-505.14124	-349.47580	496.82196	-234.19934	-116.33626	80.10493	-461.84354	-431.19101	100.48478	-289.06253	
472	4.710	45.04695	1408.87720	-198.82813				74.78262	1564.29956	-339.07990	-58.19683	1510.96558	-155.89027	-28.89932	1498.15002	-549.62982	-169.02444	1438.26770	-196.93266	-74.90244	1288.44202	-358.77835	-229.48845	1533.21899	-401.20743	-12.69954	1219.58826	-662.70630	-105.74280	1214.31860	-49.37199	42.45673	986.95618	-594.98340	-315.58096	1002.25018	-537.00385	-43.76687	917.49219	-474.86484	-205.41396	929.54657	-247.92337	97.04095	1101.19812	58.50937	-39.52341	492.19763	-504.62906	-349.27792	496.40741	-235.33549	-116.26293	80.37980	-461.45538	-430.96921	100.64471	-289.05652	
473	4.720	45.84844	1408.37183	-198.67952				76.18197	1563.48706	-338.07001	-58.19888	1510.39441	-155.53966	-27.33070	1498.41211	-549.76660	-167.00143	1439.05798	-195.60390	-74.31832	1288.25659	-358.78864	-228.35358	1533.21350	-401.49048	-10.58170	1220.26428	-663.82043	-104.70458	1214.34900	-48.73134	43.14232	986.66925	-594.80261	-314.15732	1002.22485	-536.44531	-42.77462	917.61078	-474.49283	-204.90236	929.49976	-247.65933	97.24685	1101.21094	59.32640	-38.84511	492.18463	-504.67648	-349.39621	496.47214	-236.13171	-116.27087	80.77675	-461.14703	-430.85556	100.62327	-289.03494	
474	4.730	45.91264	1407.68103	-198.89607				77.25280	1563.65076	-337.52036	-57.80142	1509.60986	-155.24348	-26.02343	1498.05920	-548.57318	-167.35480	1439.21631	-196.71570	-73.33944	1288.12683	-358.00717	-227.13205	1533.27087	-401.19534	-8.96048	1220.20142	-662.76831	-104.74989	1214.80945	-48.64320	43.81663	986.73309	-593.19403	-312.89316	1002.26898	-536.64532	-41.44774	917.47406	-474.20093	-204.78683	929.52881	-247.60406	97.40592	1101.06714	59.84663	-38.04778	492.34415	-503.74185	-349.25681	496.39459	-236.72041	-116.87486	80.73779	-460.92853	-430.76129	100.57834	-289.00607	
475	4.740	47.27021	1406.57202	-197.50471				78.44497	1562.75330	-336.05655	-56.04151	1508.40820	-153.87152	-24.23909	1497.91638	-548.79456	-166.11586	1440.15271	-196.08333	-72.44637	1288.25647	-357.07031	-225.56694	1533.34448	-400.44635	-7.64594	1220.46069	-662.43774	-104.63215	1215.02856	-48.51048	45.82992	987.08722	-592.24384	-311.42120	1002.40179	-536.14893	-40.80390	917.32635	-473.61688	-204.69521	929.54926	-247.55966	97.59604	1101.24097	60.20581	-37.82695	492.38535	-503.57227	-349.14575	495.75629	-239.34901	-116.80653	80.84217	-460.77087	-430.44495	100.54096	-289.06018	
476	4.750	47.50081	1405.96851	-196.59079				79.09733	1562.67773	-335.72488	-55.98556	1508.00696	-153.97038	-22.69102	1497.81201	-548.23584	-166.11586	1440.15271	-196.08333	-71.63168	1288.23206	-356.69989	-224.58089	1533.29590	-400.47394	-6.40870	1220.21387	-661.81769	-104.94627	1215.32739	-48.34173	47.32011	986.69629	-591.80847	-309.96429	1002.97229	-537.01813	-39.72247	917.52417	-473.24744	-204.68427	929.74915	-246.77719	96.97676	1101.31116	60.71251	-37.56195	492.54755	-502.56732	-349.27017	495.59082	-239.83502	-116.61827	80.60959	-460.19449	-430.25961	100.67560	-288.89825	
477	4.760	47.00578	1405.38782	-195.58620				79.84402	1561.85522	-333.54465	-56.22493	1507.81799	-153.59464	-21.34089	1497.35510	-547.79492	-166.11586	1440.15271	-196.08333	-71.63716	1287.72913	-355.96786	-223.88850	1533.76392	-401.50082	-5.06916	1220.16846	-660.79608	-105.14601	1215.12805	-48.38439	49.12354	986.43213	-590.95239	-308.74762	1003.36371	-537.91882	-38.95881	917.22406	-472.15732	-204.46240	929.55951	-246.40784	96.28189	1101.52527	61.30194	-37.25248	492.34842	-501.89291	-349.40402	496.24188	-240.74556	-116.63186	80.62640	-460.18555	-430.19864	100.68572	-288.87732	
478	4.770	46.13280	1404.22803	-195.21465				80.24107	1561.06616	-332.43420	-56.25806	1507.74268	-152.68684	-19.98462	1497.42542	-546.92822	-166.11586	1440.15271	-196.08333	-71.51203	1287.62671	-355.36526	-222.56609	1533.34058	-401.23026	-2.40143	1219.34387	-659.50659	-106.65060	1214.95728	-48.16454	49.64732	986.28485	-589.20142	-307.32700	1002.89130	-537.44348	-37.80157	917.19379	-471.70282	-204.44296	929.54480	-246.39410	94.60330	1102.31299	62.06363	-36.85772	492.43155	-501.61026	-349.09711	496.49991	-240.02739	-116.93488	80.79758	-459.88315	-430.06873	100.80824	-289.08517	
479	4.780	46.59980	1404.18250	-194.45204				81.07720	1560.67065	-331.19843	-56.46833	1507.15955	-151.39653	-18.36191	1497.55591	-546.22150	-167.10571	1439.85913	-196.72911	-71.22005	1287.67920	-354.23492	-221.70992	1533.56189	-401.62360	-0.66633	1218.88660	-658.55438	-108.54648	1214.78430	-47.68850	50.89534	985.94763	-587.61322	-306.03049	1002.85486	-537.68042	-36.70195	917.12878	-471.08588	-204.47154	929.39526	-246.23062	93.18267	1102.41125	62.26929	-36.69054	492.57587	-500.93991	-349.21835	496.40829	-240.36838	-117.04093	80.94067	-459.60950	-430.00052	100.81141	-289.05991	
480	4.790	47.23148	1404.32825	-193.37045				81.58803	1560.47034	-329.95981	-57.60877	1506.69812	-151.38831	-16.68877	1497.03711	-545.47961	-167.87758	1440.10461	-197.20830	-70.89106	1287.53601	-353.36884	-221.00816	1533.69336	-401.85831	0.41161	1218.21106	-655.38422	-109.88955	1214.56140	-47.56562	52.90273	985.92700	-585.50427	-304.37091	1003.18555	-537.61017	-35.50212	916.90192	-470.37619	-204.50963	929.36469	-246.24408	91.20953	1102.78796	62.95452	-36.28117	492.37466	-499.37576	-349.73123	496.38367	-240.87865	-116.72601	80.65779	-459.60638	-429.84265	100.98839	-289.11151	
481	4.800	45.86953	1403.77930	-191.68584				81.39542	1560.11621	-328.90366	-58.00853	1506.44568	-151.02057	-15.16687	1496.92017	-544.07233	-169.37671	1439.71606	-197.09367	-70.78429	1287.53308	-353.31714	-220.38824	1533.86108	-401.92102	2.56389	1218.26282	-656.36450	-111.90411	1213.80164	-47.85903	55.24599	985.81622	-583.77185	-303.08206	1003.36102	-538.73346	-34.78437	916.76007	-469.20218	-205.03114	929.44098	-245.63895	88.79817	1102.93628	63.53033	-36.28329	492.47467	-498.14371	-349.90005	496.52814	-241.04433	-117.03952	80.96344	-459.59872	-429.81085	101.00209	-289.10117	
482	4.810	44.74434	1402.57080	-191.22169				82.02216	1560.02893	-327.13654	-58.58936	1506.22974	-150.36787	-13.54039	1496.78516	-542.99817	-171.47548	1439.10815	-197.61307	-70.68761	1287.50867	-351.76498	-219.49332	1534.23474	-402.57495	4.71815	1217.30310	-653.43951	-114.49134	1213.54333	-47.57663	56.18193	985.51294	-582.25281	-301.61246	1003.43176	-539.15796	-33.68133	916.82300	-467.78601	-205.71742	929.16840	-245.05577	86.66139	1103.35889	63.95030	-35.92598	492.31061	-496.37610	-350.27371	496.43051	-241.36017	-116.90611	80.74095	-459.51520	-429.77167	101.03989	-289.08640	
483	4.820	44.71154	1402.82874	-190.53920				81.88565	1559.73743	-325.99112	-58.41481	1505.38611	-148.53247	-11.91157	1496.63599	-541.86371	-171.07126	1439.70984	-195.69046	-70.37313	1287.16296	-351.02298	-218.83127	1534.02295	-402.69516	6.31965	1217.39270	-651.15869	-117.11427	1213.44995	-47.54930	56.62827	985.42047	-580.03864	-300.10919	1003.22845	-539.34485	-33.33489	916.75403	-466.87247	-206.68610	929.25110	-244.43857	83.13647	1103.89893	64.67937	-35.68661	492.08768	-495.39407	-350.63571	496.22546	-241.88802	-117.01736	80.95699	-459.60327	-429.74686	101.03373	-289.08038	
484	4.830	44.17299	1402.56421	-188.95834				81.74561	1559.78491	-324.54959	-60.59881	1505.24487	-148.72214	-9.95395	1496.26563	-540.62225	-171.57629	1439.94421	-196.09422	-69.98679	1287.22754	-350.08609	-218.08640	1534.27234	-403.44150	8.60570	1216.89478	-652.42627	-120.61897	1213.54272	-47.30689	57.99023	984.46820	-577.72931	-298.78485	1003.31738	-540.77820	-32.51278	916.70624	-465.52823	-207.16148	929.10870	-244.55174	80.35670	1103.88953	65.35696	-34.93671	492.32092	-493.64429	-350.76169	496.32047	-242.12090	-116.88960	80.73087	-459.52112	-429.71429	101.02377	-289.10608	
485	4.840	42.47595	1402.08984	-188.36534				81.44884	1559.79871	-323.00293	-61.17398	1505.45874	-147.45723	-8.39260	1495.96521	-539.10638	-173.58766	1440.12256	-196.11661	-70.30044	1287.31860	-349.25159	-217.50626	1534.02319	-403.39133	11.26394	1217.37537	-650.49323	-123.43587	1213.02441	-47.10870	59.00134	984.58575	-575.71515	-297.06613	1003.62378	-541.34113	-31.31456	916.12524	-464.17599	-207.48550	929.22833	-243.94933	76.63918	1104.15356	66.03878	-34.34718	491.83752	-491.65616	-351.98148	495.75693	-245.17693	-116.65269	80.67801	-459.60162	-429.68140	101.03488	-289.09201	
486	4.850	41.67776	1402.08093	-186.56079				81.47058	1560.55847	-321.44104	-62.06440	1505.41821	-145.78249	-6.82458	1495.75488	-538.13379	-176.42386	1440.02136	-196.60526	-70.24081	1287.27673	-348.91782	-216.97415	1533.85400	-403.73734	13.09489	1217.05200	-648.90778	-127.32590	1212.70996	-47.40070	60.90280	983.91254	-573.27301	-295.45251	1003.32758	-541.37073	-30.60018	916.18152	-462.93622	-208.04001	929.04041	-243.24767	73.72838	1104.24780	66.81577	-34.06842	492.00449	-490.13831	-352.42944	495.57941	-245.22842	-116.85158	80.74241	-459.51813	-429.66193	101.03304	-289.07355	
487	4.860	40.54374	1402.88879	-185.54948				80.65960	1560.80481	-320.23062	-64.06889	1505.60291	-145.94357	-5.27932	1495.30481	-535.67834	-176.77403	1439.92517	-196.33321	-70.65659	1287.35535	-347.12827	-216.48679	1533.77087	-404.38831	14.79348	1216.09778	-644.72546	-131.18837	1212.31543	-47.35598	61.58503	983.17041	-570.88885	-293.96399	1003.40900	-543.02563	-29.79582	915.52026	-461.18237	-208.71165	929.11768	-243.27252	68.98396	1104.39990	67.68308	-33.06733	492.03085	-488.48987	-352.89926	495.31964	-245.92915	-116.68298	80.40629	-459.68753	-429.68109	100.98560	-289.43597	
488	4.870	39.91328	1403.12317	-185.07867				80.41669	1561.17810	-318.03699	-65.37774	1505.79443	-145.51277	-3.73335	1495.06775	-534.01202	-178.08272	1441.05383	-196.19586	-70.88794	1287.02954	-346.12213	-216.06123	1533.90735	-404.67673	17.46927	1215.50720	-643.61346	-135.29811	1211.54102	-46.80869	64.23762	983.16437	-569.68414	-292.39526	1002.82141	-543.10706	-29.43754	915.72424	-459.33948	-209.77652	928.74750	-242.69247	64.66036	1104.66858	68.25896	-32.58819	491.79117	-486.77731	-353.01071	495.33963	-245.99672	-116.73303	80.58281	-459.61188	-429.67404	100.95959	-289.45288	
489	4.880	37.78875	1402.71265	-183.54086				79.75523	1562.00427	-316.53708	-67.70102	1505.20215	-144.94612	-1.98208	1494.89038	-532.73761	-181.78493	1440.61279	-197.30765	-71.54008	1287.19287	-344.77646	-215.59065	1533.81982	-405.83099	18.92577	1214.42090	-640.01703	-140.25146	1210.90723	-47.36625	63.87070	981.95624	-566.22931	-290.61807	1002.67767	-543.45459	-28.72363	915.43298	-457.94315	-210.71368	928.98053	-242.74820	60.19637	1103.90283	69.46093	-32.01710	491.88055	-484.37708	-353.34088	495.17859	-246.13327	-116.66787	80.89577	-459.61981	-429.45160	100.81567	-289.40149	
490	4.890	35.61178	1403.94312	-182.92670				79.05458	1562.22681	-314.19925	-69.05760	1505.19983	-143.99222	-0.55640	1494.39392	-531.15851	-182.72658	1441.23364	-196.14937	-71.68307	1287.47192	-343.90295	-215.58083	1534.11682	-406.45123	22.62812	1213.73328	-638.16113	-144.84962	1210.66406	-47.73628	65.41154	981.83417	-564.10205	-288.97812	1002.06934	-543.75323	-27.51614	915.00787	-456.46179	-211.69304	929.02509	-242.73695	55.07308	1103.94360	70.32609	-31.64011	491.99951	-483.07321	-354.09192	495.45386	-246.46454	-116.70962	80.60077	-459.60486	-429.12857	100.91103	-289.65320	
491	4.900	35.00074	1404.02783	-179.40910				78.05706	1563.36462	-312.27057	-72.30154	1506.00854	-143.44183	1.28703	1494.34839	-529.59479	-186.23389	1440.91113	-197.69908	-72.30225	1287.36902	-343.09195	-215.30618	1533.97351	-407.06982	23.99010	1213.29883	-636.05121	-149.32938	1209.57092	-48.64535	65.03169	980.65485	-560.73297	-286.97632	1002.39105	-544.45782	-27.17307	914.96674	-454.98264	-212.90523	928.91650	-242.59952	49.60742	1104.24451	71.10135	-31.02059	492.12296	-481.38687	-354.48904	495.20996	-246.75832	-116.79548	80.75822	-459.51434	-429.26984	100.88906	-289.99557	
492	4.910	33.38009	1404.38586	-178.47293				77.47728	1563.93018	-309.44467	-74.16209	1506.14063	-143.03067	3.10778	1493.85034	-528.06580	-185.80894	1442.78662	-193.68991	-73.10026	1287.47729	-341.12616	-214.84364	1534.28992	-408.34671	26.27167	1212.34937	-632.91467	-154.59837	1209.24768	-48.74006	66.97304	979.59265	-558.24487	-285.10168	1001.95923	-544.58466	-26.28884	914.70941	-452.57932	-213.50409	928.90924	-241.81735	43.53304	1104.73975	72.29456	-30.06895	492.33493	-479.60144	-354.78879	495.04044	-246.94954	-116.78107	80.76495	-459.51208	-429.02484	100.86309	-290.05920	
493	4.920	31.17703	1405.43994	-175.48721				76.07408	1564.50952	-307.50589	-77.04641	1506.60217	-141.52113	4.48355	1493.49915	-526.42487	-188.41353	1443.15405	-194.53816	-74.03786	1287.34607	-339.66595	-214.54602	1534.35962	-409.00204	28.86832	1211.72290	-631.21051	-159.72893	1208.51404	-49.39006	68.44452	979.08856	-555.28345	-283.28784	1001.62683	-545.03552	-25.34941	914.44684	-451.43765	-214.62750	928.37659	-241.60176	36.98282	1105.05029	73.36714	-29.02237	492.03873	-477.95432	-356.00330	495.31317	-247.49054	-116.74843	80.78242	-459.50592	-428.89587	101.04425	-290.19000	
494	4.930	29.04548	1405.64478	-173.98863				74.55705	1565.21252	-304.50793	-78.79325	1507.20129	-140.63080	6.06279	1493.44165	-524.52081	-190.62630	1443.00378	-194.61429	-74.55906	1287.45276	-338.42157	-214.29245	1534.36047	-409.33572	30.86073	1211.15857	-628.69287	-164.76447	1208.40137	-50.02465	69.38406	978.00586	-552.11823	-281.46109	1001.34143	-546.27081	-24.84876	913.70447	-448.84961	-215.41405	928.88788	-240.45464	30.72576	1105.43823	74.23045	-27.97112	492.58331	-476.18994	-356.44476	495.36502	-247.50607	-116.27300	80.61914	-459.65295	-428.79977	101.11159	-290.51596	
495	4.940	26.35738	1405.60449	-172.00693				73.67416	1565.46802	-302.29410	-82.40025	1507.04053	-140.79950	7.43394	1492.70422	-521.71869	-194.64799	1443.87146	-195.80190	-75.13261	1287.80017	-336.99518	-214.03392	1534.33154	-410.62311	34.25895	1210.56433	-625.13928	-170.97069	1208.41162	-50.89152	70.23396	977.25415	-549.10425	-279.35498	1001.49359	-546.74872	-24.09449	913.60913	-447.09012	-217.30217	928.54877	-240.54959	24.20831	1105.46753	76.00748	-26.94664	492.63474	-473.99265	-357.45258	495.57202	-247.89674	-116.61021	80.64492	-459.59042	-428.75159	101.08563	-290.50812	
496	4.950	23.46420	1406.67688	-169.14009				72.50498	1565.96045	-299.31546	-86.21178	1507.59351	-139.04102	9.05725	1492.52661	-520.23419	-197.35754	1443.19519	-195.93045	-75.73692	1288.19348	-335.50693	-214.06372	1534.36902	-412.00653	36.18959	1209.70813	-622.29651	-176.75258	1207.49805	-52.00760	70.58727	976.12781	-545.96997	-277.31812	1000.80957	-546.29010	-23.12699	913.44958	-445.28973	-218.72665	928.25189	-240.26958	16.73785	1106.20264	77.13911	-26.45468	492.66568	-472.17188	-357.96539	495.51648	-248.18201	-116.41281	80.81055	-459.68713	-428.44965	100.89906	-290.47229	
497	4.960	19.88775	1408.25427	-168.39969				70.94192	1566.44214	-296.97189	-89.29198	1508.11841	-138.47714	10.38980	1492.62549	-518.59613	-200.51311	1443.67664	-197.03578	-76.42989	1288.13184	-334.52408	-214.26706	1534.71130	-412.79056	38.24899	1209.21436	-619.18164	-183.51143	1207.22729	-52.51761	71.29848	975.51154	-543.18292	-275.29584	1000.87622	-547.25671	-22.43242	913.51855	-442.10455	-220.04637	928.69153	-239.97475	9.70317	1106.69568	78.30209	-25.43178	493.05667	-470.13211	-358.30756	495.50638	-248.26253	-116.21507	80.65974	-459.63745	-428.60226	101.12221	-291.04166	
498	4.970	19.00694	1407.55554	-161.88721				69.88445	1567.28076	-294.49219	-92.04372	1508.69153	-137.40300	11.92480	1491.82581	-515.97516	-202.71867	1444.30444	-197.53992	-78.04014	1288.68091	-332.93060	-213.84358	1534.58594	-413.78876	40.91266	1208.97534	-615.82294	-189.66771	1207.17639	-53.45587	72.06667	974.14764	-539.62482	-273.41046	1000.52698	-547.37177	-22.63424	913.48206	-440.55774	-220.85202	928.64618	-239.04700	1.11155	1107.53223	79.75560	-24.00224	493.11133	-468.23730	-359.16946	495.79361	-248.26817	-115.99332	80.60464	-459.69620	-428.57693	101.09453	-291.06012	
499	4.980	14.89616	1408.27393	-159.87863				68.24244	1567.70374	-291.18890	-96.77966	1509.35022	-136.51920	13.35935	1491.74817	-514.21777	-206.61107	1444.45300	-198.11307	-78.84888	1288.89648	-332.07043	-213.97885	1534.68042	-414.74374	43.18244	1207.43115	-611.36462	-196.30046	1206.31921	-54.45155	72.40477	973.75513	-535.51868	-271.42892	999.66278	-547.06714	-21.62121	913.01727	-438.03476	-222.64333	928.69092	-239.14989	-5.85104	1107.35168	80.43662	-23.17188	493.09595	-465.78760	-359.30905	495.80548	-248.34918	-116.20570	80.91747	-459.36792	-428.47610	101.15238	-291.36063	
500	4.990	11.37655	1408.48157	-158.33000				66.45838	1567.81653	-288.32495	-100.50828	1511.21875	-136.99692	14.77314	1491.37012	-511.80569	-210.41006	1444.80481	-198.89212	-80.13010	1289.52783	-330.37039	-214.10535	1534.91895	-415.96893	45.69580	1207.43530	-608.96405	-203.32724	1206.53333	-56.18610	73.47258	972.85132	-532.50909	-269.33182	1000.05402	-547.41376	-20.19151	913.14124	-435.21512	-224.40247	928.67780	-238.91588	-14.75290	1108.19104	81.78288	-22.63877	493.16681	-463.89197	-360.10464	495.72351	-248.95694	-115.91519	80.64323	-459.39407	-428.47708	101.12363	-291.39099	
501	5.000	7.75281	1409.31152	-155.51680				64.85007	1568.13647	-285.74817	-104.42108	1512.01416	-136.48691	15.39055	1490.84717	-509.35681	-212.54039	1444.99402	-199.01851	-80.96580	1289.25879	-329.23972	-213.94327	1535.12158	-417.04526	48.02144	1207.14990	-606.10486	-211.03488	1206.88354	-57.47353	74.44267	972.05652	-528.12482	-267.33075	999.61267	-547.27893	-20.38467	912.74426	-432.98010	-225.64276	928.96063	-238.07506	-23.76880	1109.13660	83.45551	-21.79431	493.29327	-461.34781	-360.39435	495.80380	-249.36642	-115.88727	80.65527	-459.39020	-428.43674	101.05650	-291.39703	
502	5.010	3.58410	1410.23169	-153.01608				62.93073	1568.19531	-282.51004	-109.19493	1512.30762	-134.92529	17.00743	1491.09546	-507.48505	-220.40733	1443.32007	-205.30948	-82.07802	1289.40051	-327.66071	-213.71144	1534.83020	-418.18509	50.22958	1206.22229	-602.43945	-218.14815	1205.75757	-58.57829	74.48431	971.46576	-524.04114	-265.60715	999.51544	-548.24640	-19.63004	912.41132	-429.92291	-228.02098	928.94550	-237.24265	-32.90571	1109.85583	84.36471	-20.85246	493.10077	-458.95813	-361.53967	495.98044	-249.72983	-115.85912	80.68960	-459.37570	-428.44687	101.01939	-291.41779	
503	5.020	-0.25123	1411.71082	-149.60435				60.87120	1568.55713	-279.63486	-113.71928	1513.38098	-134.64548	18.46091	1490.34912	-505.55313	-220.79408	1445.05664	-201.92587	-83.25230	1289.89063	-326.06778	-213.82295	1534.89014	-419.00800	52.36447	1205.45178	-599.09369	-226.43977	1205.84680	-59.49737	74.86224	970.30151	-520.12866	-263.91415	998.97388	-548.37268	-19.27077	912.39453	-427.68909	-229.45204	929.09949	-237.44896	-42.87990	1110.76941	85.66880	-19.33542	493.87753	-456.55984	-362.05975	495.95609	-249.92711	-115.82754	80.69661	-459.37445	-428.40680	100.97166	-291.43597	
504	5.030	-4.21878	1411.35181	-147.49846				58.75236	1568.62109	-276.21613	-118.23192	1514.72217	-134.23117	19.38011	1490.17004	-503.28827	-226.60579	1444.22168	-206.00920	-84.31022	1289.85254	-324.19449	-213.68048	1535.13416	-420.02914	54.14721	1204.98547	-596.35278	-234.43452	1206.25659	-61.52359	76.15968	970.37683	-516.40063	-262.14267	998.37769	-548.03424	-18.92557	912.14990	-425.29047	-230.85269	929.33051	-236.51167	-53.22545	1111.65698	86.77654	-18.66394	493.49615	-454.26797	-362.71216	496.27310	-250.32590	-115.79734	80.71715	-459.36667	-428.35599	100.60565	-291.16693	
505	5.040	-9.31041	1413.34326	-145.19119				56.56053	1568.73865	-272.81995	-122.34055	1514.93250	-135.11192	20.39732	1490.03137	-500.81329	-228.66110	1444.95325	-203.04880	-85.74978	1290.06653	-322.01523	-213.62573	1534.80786	-420.97073	56.03945	1204.49609	-593.00287	-243.04568	1206.36975	-63.00023	76.48141	969.95703	-512.39014	-260.63287	998.09515	-548.28717	-19.34354	911.15784	-422.25934	-233.56071	929.04358	-236.36353	-63.16999	1112.56421	88.06032	-17.48116	493.84851	-451.03125	-363.64865	495.85788	-250.78444	-115.77083	80.74887	-459.35333	-428.37326	100.58762	-291.16769	
506	5.050	-14.19547	1413.94080	-142.69760				54.21381	1569.07898	-269.63104	-126.95330	1516.61731	-133.26758	21.80332	1489.83337	-497.93268	-233.17435	1445.69202	-204.59837	-87.72865	1290.30615	-320.68573	-213.81685	1535.06055	-422.17224	58.03193	1203.96350	-588.10205	-250.85220	1206.50916	-63.63569	76.84998	969.45502	-508.14108	-259.08463	997.80853	-548.76624	-19.40924	911.58081	-419.61874	-233.62233	929.61584	-235.29649	-73.87798	1113.16003	89.09544	-16.08769	493.97919	-448.47165	-363.79926	495.83707	-250.86282	-115.54131	80.69811	-459.41052	-428.38986	100.56120	-291.16983	
507	5.060	-19.05490	1414.84888	-139.80974				52.26218	1568.85864	-266.15244	-131.30818	1517.41895	-133.18361	22.41045	1489.70654	-495.53763	-238.13791	1444.78345	-206.39119	-89.29615	1290.75208	-319.15024	-213.82280	1534.98730	-422.18292	60.58340	1203.68579	-585.51489	-260.37878	1205.76111	-67.45830	77.32631	969.45697	-503.93387	-257.63095	997.44263	-548.73828	-17.85173	911.73547	-416.31830	-235.94783	929.56744	-235.37395	-85.05688	1114.33289	91.00153	-16.56724	493.27374	-445.77368	-365.50980	496.34494	-251.56055	-115.72868	80.77834	-459.34207	-428.41141	100.54338	-291.19519	
508	5.070	-23.11390	1415.23645	-137.93956				49.69112	1569.35266	-263.89569	-135.63011	1518.02197	-132.90158	23.75251	1489.47278	-492.74146	-241.00266	1445.73376	-204.79831	-91.18202	1290.86108	-317.73886	-213.91605	1535.26733	-424.12637	61.85794	1203.47473	-582.16162	-268.85263	1205.86975	-68.89202	78.33509	969.37933	-499.70303	-256.20361	997.67426	-549.48840	-19.57623	910.34668	-414.76431	-238.21519	929.45337	-235.64714	-95.85120	1115.28284	91.85548	-15.43012	493.85794	-442.49930	-365.96869	496.32968	-251.50139	-115.71230	80.78953	-459.33783	-428.45181	100.50239	-291.22388	
509	5.080	-28.68243	1416.37830	-134.98726				47.17924	1569.35449	-260.16678	-140.26401	1518.70703	-132.67760	24.60353	1489.44031	-490.19003	-246.52798	1446.37439	-205.53133	-92.85732	1290.57898	-315.96960	-214.17221	1535.42969	-424.79587	63.75604	1202.52185	-577.89514	-277.76590	1206.45422	-70.45879	93.79925	974.16498	-487.60422	-254.75333	997.22327	-549.25012	-20.13844	910.56396	-411.60568	-239.36646	929.36938	-234.76462	-107.20971	1116.12073	92.77060	-13.58738	494.54593	-439.75696	-366.44452	496.40622	-251.63242	-115.78404	80.98553	-459.22986	-428.67462	100.24298	-291.14059	
510	5.090	-33.15365	1417.14673	-132.80334				44.61679	1569.76892	-256.99460	-145.18721	1519.54651	-132.12505	25.56989	1489.14893	-487.78485	-250.77585	1446.56250	-206.70181	-93.94768	1291.19958	-314.79697	-214.51939	1535.36292	-425.41342	65.53021	1203.03003	-574.87878	-286.66928	1206.80347	-71.85410	80.67955	969.09491	-490.62314	-253.59732	996.57098	-549.17273	-20.22321	909.86554	-409.07880	-241.01097	929.52893	-233.96980	-119.28040	1116.66272	94.18738	-12.78548	494.47565	-437.31299	-366.76422	496.23926	-251.94498	-115.83194	81.02272	-459.35342	-428.88065	100.04367	-291.09055	
511	5.100	-38.55133	1418.17188	-130.21863				41.95895	1569.86584	-253.49336	-150.27203	1520.26929	-132.53587	26.29233	1489.23340	-484.47464				-95.54703	1291.55872	-311.99783	-214.70045	1535.49451	-426.00314	67.51339	1202.09216	-569.92499	-295.52454	1207.15540	-73.89333	78.54141	968.69763	-486.65906	-252.29346	996.06763	-549.13177	-22.11085	908.84393	-407.79865	-243.62415	929.08435	-234.30876	-131.62697	1117.55261	94.90682	-13.07602	493.94330	-433.69827	-367.31635	496.24222	-252.17409	-115.63402	80.86446	-459.30731	-428.93100	100.00879	-291.12521	
512	5.110	-43.22393	1418.85901	-128.06880				38.76711	1569.74561	-250.06577	-154.82747	1521.61865	-131.22905	26.59608	1488.99780	-481.59354				-98.00768	1291.45728	-310.60040	-214.68466	1535.36511	-427.05560	69.31032	1201.89209	-565.83209	-304.90186	1207.73975	-76.06504	78.95415	969.19458	-481.53262	-251.09679	996.06171	-550.07483	-21.85831	909.25232	-404.51080	-245.74498	929.16846	-233.74986	-143.89108	1118.35669	95.44727	-10.95263	494.70776	-431.52954	-368.73422	495.76547	-252.48308	-115.38948	81.09863	-459.24927	-429.24402	100.07093	-291.56155	
513	5.120	-48.38844	1419.23682	-125.97447				35.83129	1570.57007	-247.22298	-159.94461	1522.14282	-130.74828	27.08967	1488.39343	-478.01535				-99.99680	1292.38000	-309.00531	-215.24725	1535.62634	-427.93396	70.27592	1202.09412	-563.05927	-313.90030	1208.55518	-78.07298	78.96834	969.16711	-476.93137	-249.88440	995.61139	-550.13440	-21.68923	909.71027	-402.79730	-246.91452	929.73499	-232.47873	-157.04796	1119.14697	96.15171	-11.80478	493.80847	-428.29480	-369.35992	495.68610	-252.66737	-115.27193	80.93927	-459.09976	-429.48880	100.04321	-291.51675	
514	5.130	-55.20205	1419.62659	-126.65297				32.86012	1570.78479	-244.19507	-164.54521	1522.43958	-131.37816	27.21652	1488.77332	-475.51950				-102.06149	1292.43274	-306.96686	-215.41437	1535.29614	-428.25522	72.13698	1201.81494	-557.62512	-322.93857	1209.02136	-80.67252	79.16394	968.82831	-472.85583	-250.12227	996.32831	-552.69965	-21.37545	909.95551	-398.26685	-250.99678	929.66968	-231.32611	-169.60680	1119.49768	96.96851	-9.61673	495.33768	-425.41583	-370.23895	496.19196	-252.98036	-115.42688	81.33846	-459.12265	-429.55289	99.97389	-291.55835	
515	5.140	-59.84936	1420.07959	-124.06068				29.97540	1571.04614	-240.73424	-169.40282	1523.33545	-130.43182	27.79906	1488.82886	-472.23709	-270.75339	1448.11304	-212.42801	-103.88973	1292.74231	-305.94394	-215.86417	1535.32312	-428.50940	73.87091	1201.91553	-555.07928	-332.31506	1210.09424	-82.48682	80.84041	968.89673	-467.88647	-247.99625	994.72296	-551.55322	-21.95169	909.90405	-396.33755	-253.12924	930.13165	-230.34769	-182.55408	1120.11951	97.37299	-10.56011	494.95145	-421.94370	-371.50241	496.60913	-253.05867	-115.32676	81.15759	-458.98227	-429.60089	99.94254	-291.59808	
516	5.150	-65.36149	1421.19800	-120.02335				26.63108	1571.42651	-238.23067	-175.09354	1524.28430	-130.50949	27.76988	1488.51526	-468.15314				-108.98106	1292.12952	-307.04303	-216.37369	1535.36731	-429.21277	75.80026	1201.31226	-550.22235	-341.46878	1210.77551	-85.27647	81.84935	970.10004	-461.76840	-246.48213	994.33661	-550.67224	-22.15627	909.30035	-393.23132	-256.68881	929.05792	-232.38211	-195.38246	1120.57349	97.79404	-9.01303	495.92438	-419.67627	-372.10446	496.38165	-253.67471	-115.24368	81.47317	-458.68909	-429.77658	99.70036	-291.77505	
517	5.160	-71.03784	1421.61646	-118.31232				22.98791	1571.55750	-233.91792	-180.30927	1524.75415	-130.60628	27.76744	1488.44458	-465.31799	-280.16559	1448.80334	-214.71016	-110.06263	1292.67212	-305.02243	-216.66412	1535.29749	-429.35120	76.88779	1201.42554	-545.12830	-350.16367	1211.88550	-87.03881	81.17146	969.63531	-457.80356	-245.46707	994.77356	-550.47400	-20.81671	910.25336	-388.29541	-258.43158	929.00092	-232.57178	-208.89456	1120.44702	98.66018	-8.96709	495.89316	-416.33194	-373.19659	496.05426	-254.28746	-115.22815	81.50785	-458.67358	-429.95239	99.50204	-291.61203	
518	5.170	-76.16804	1422.90674	-115.39470				19.61436	1571.95447	-231.24173	-185.43309	1525.29150	-130.15994	27.74006	1488.30591	-462.86902	-284.97253	1449.81726	-216.50734	-113.40437	1292.92603	-303.74728	-217.38187	1535.54993	-429.69986	79.03929	1202.17554	-542.79370	-359.71591	1212.90906	-90.06982	83.52577	970.43225	-450.69748	-244.09085	994.21936	-549.26727	-18.88169	910.96552	-384.65387	-260.88312	929.24951	-234.63232	-222.09479	1120.96863	99.05819	-10.43566	494.71588	-412.86877	-374.33994	496.17221	-254.23552	-114.90987	81.30245	-458.32703	-430.10324	99.33297	-291.48074	
519	5.180	-81.57758	1423.20911	-114.28273				15.75902	1572.33044	-227.25882	-190.88464	1527.10022	-130.06386	27.92413	1488.83337	-458.37875				-115.61942	1292.89038	-300.70615	-218.04149	1535.17102	-429.91852	79.21432	1201.76147	-536.84167	-367.97098	1214.28699	-92.34410	84.08417	970.50806	-445.31534	-243.13347	993.74689	-548.90479	-24.04643	909.27521	-385.05890	-262.67657	928.99438	-234.48465	-235.41440	1120.52234	98.80575	-8.80649	495.98569	-409.94019	-375.32486	495.90182	-255.22755	-114.88592	81.32773	-458.31656	-430.15466	99.28671	-291.53403	
520	5.190	-87.62826	1423.11230	-113.76765				12.16289	1572.41467	-224.50951	-195.79231	1528.14539	-130.41261	27.97559	1488.67480	-455.08545				-118.14855	1293.36963	-297.97842	-218.75049	1535.17737	-429.96133	80.60577	1201.31348	-532.56116	-377.15500	1215.10352	-95.19312	83.25226	970.58508	-440.45438	-242.18332	993.35065	-548.31146	-24.95081	908.77435	-382.32001	-265.57489	929.58435	-234.63673	-249.31955	1121.09802	97.94096	-10.62760	495.11926	-407.25424	-376.16055	495.82901	-255.42989	-114.89397	81.65397	-458.18307	-430.19925	99.24972	-291.56021	
521	5.200	-93.90642	1424.06702	-112.09785				8.53955	1573.06763	-221.42943	-201.29938	1528.15173	-130.54337	27.37659	1488.34119	-451.76718				-120.62749	1293.50806	-296.82507	-219.87549	1535.58496	-430.88300	81.77451	1201.43567	-526.55310	-386.02365	1216.74390	-97.70145	84.54021	970.98254	-435.23029	-241.71033	993.27411	-547.41693	-25.27493	908.58105	-379.40765	-266.05646	929.43121	-233.89265	-262.90189	1120.88232	97.87669	-9.04796	496.30869	-403.83337	-376.43265	495.98514	-255.59979	-114.62761	81.87400	-458.39066	-430.22568	99.20574	-291.61328	
522	5.210	-99.83173	1425.06946	-110.35719				4.27494	1573.14331	-217.93373	-206.59705	1529.67188	-129.97360	27.61361	1488.01392	-449.49069	-302.07040	1451.23792	-220.81589	-123.85642	1294.41235	-294.26938	-220.41287	1535.57703	-430.83063	82.45903	1201.68079	-522.32391	-393.88760	1217.88062	-99.13321	85.54285	971.15540	-429.72952	-241.05193	992.95044	-546.48663	-26.79722	908.68561	-377.19098	-270.67838	929.68024	-231.45926	-277.03519	1120.74084	98.63982	-11.12904	495.72980	-401.19498	-377.79077	495.72266	-256.28470	-114.45860	81.75032	-458.10669	-430.27335	99.16359	-291.64990	
523	5.220	-105.44407	1425.58630	-108.24978				0.47845	1574.05579	-214.48697	-214.60291	1531.64075	-131.65021	26.56772	1488.64990	-445.10226	-306.75101	1451.95972	-222.20541	-126.38793	1294.29578	-291.99103	-221.13065	1535.47998	-430.58765	83.75661	1201.52075	-517.65259	-403.09171	1219.26160	-102.41859	86.14833	971.17798	-424.60370	-240.30612	992.62781	-545.91449	-27.18203	908.78351	-374.38272	-273.24908	930.01099	-231.10558	-290.40778	1120.76575	97.75943	-11.10404	496.04974	-398.85287	-378.74234	495.74976	-256.46918	-114.95042	81.96153	-458.03555	-430.29865	99.07613	-291.69263	
524	5.230	-111.15479	1426.90356	-105.02572				-4.15234	1573.76526	-211.12344	-219.26270	1532.00732	-131.67419	25.47473	1488.87012	-441.72458	-310.78217	1452.14417	-223.08453	-129.49983	1295.54309	-290.14252	-222.22630	1535.61243	-430.76987	85.57806	1201.68164	-511.92709	-411.59573	1220.92554	-104.98165	86.65601	971.61725	-418.78079	-239.88448	992.57434	-545.36707	-28.22404	908.71832	-371.75214	-276.42932	930.19098	-231.19293	-304.28622	1120.33472	98.52322	-10.45156	496.86618	-395.89993	-379.67303	495.83603	-256.96854	-114.84785	81.78422	-457.79367	-430.43094	98.93159	-292.02914	
525	5.240	-116.52247	1427.93494	-101.82382				-8.12747	1574.44495	-207.90247	-223.51974	1532.36401	-130.74844	24.46947	1489.18811	-438.36731	-314.91196	1452.32288	-224.87143	-132.16782	1295.66467	-288.04459	-223.03307	1535.73962	-430.92694	86.02878	1201.47046	-506.99890	-419.95203	1222.01904	-107.38555	85.89418	970.68219	-414.88409	-239.65244	992.61676	-545.38153	-28.65838	908.99426	-368.83157	-278.84143	930.38568	-231.46960	-317.87500	1119.98193	98.35861	-10.83709	496.90195	-392.38986	-380.49246	495.58698	-257.34863	-114.69511	81.92741	-457.98691	-430.62784	98.66381	-292.09808	
526	5.250	-123.61104	1428.57446	-100.51585				-12.91181	1575.02637	-204.96994	-227.86740	1532.95825	-130.70090	23.77451	1488.85986	-433.76862	-319.34018	1453.05383	-225.55266	-135.58331	1296.82104	-286.58881	-224.16701	1535.95850	-431.26968	85.77562	1202.74744	-503.06186	-428.07724	1222.81726	-109.70171	86.10588	971.68524	-408.09827	-239.46431	992.92291	-545.02112	-29.95338	908.34393	-366.64523	-282.25345	930.45990	-230.85773	-332.15213	1119.52747	97.93505	-13.50441	496.09784	-390.98441	-381.47665	495.27670	-257.58511	-114.85970	82.10655	-458.06949	-430.68332	98.60799	-292.15063	
527	5.260	-129.09630	1429.24341	-99.54236				-17.28875	1575.19958	-202.00095	-233.52425	1533.58264	-130.14139	22.16772	1489.43396	-430.71185	-323.66385	1452.94763	-226.89291	-138.29160	1296.49353	-284.26282	-225.37856	1535.46936	-431.19559	86.61902	1201.98047	-496.80127	-435.13147	1224.20813	-111.48415	84.86469	971.43518	-403.95178	-239.06259	992.77747	-544.02325	-30.48614	908.66132	-363.34702	-284.49384	930.78461	-230.94572	-345.23691	1118.94629	97.10255	-13.42773	497.22058	-388.33981	-381.95105	494.59454	-257.74298	-115.16068	81.86462	-457.76340	-430.79254	98.54734	-292.22891	
528	5.270	-135.59340	1430.14697	-97.89314				-21.90283	1575.77893	-198.75769	-239.77841	1534.05774	-129.63713	20.87085	1489.66211	-427.26141	-328.79062	1454.00647	-228.03560	-141.93837	1296.98621	-282.64880	-226.68219	1535.34668	-431.32510	86.64282	1202.53247	-491.77667	-442.71674	1225.90906	-114.25039	86.21081	971.79913	-397.85812	-238.45908	992.44727	-542.74402	-32.28496	908.72284	-361.28345	-287.54144	931.15576	-229.56569	-358.75830	1118.34509	96.81387	-13.70433	497.76703	-385.14493	-383.67599	495.51404	-257.98477	-114.58537	81.69720	-457.30554	-430.85565	98.49451	-292.29114	
529	5.280	-141.94809	1430.95020	-96.96283				-26.50900	1576.23669	-195.58864	-245.77489	1535.18506	-130.50906	20.09475	1489.99585	-423.15207	-332.96490	1453.97144	-228.75063	-145.93542	1296.76355	-279.47849	-227.94719	1535.29065	-431.38678	86.80077	1203.01526	-487.33218	-450.02267	1226.92712	-116.50198	85.81072	972.25897	-391.84448	-238.08218	992.48291	-542.54102	-34.45771	908.87909	-358.52881	-290.84821	930.97241	-230.08841	-371.70709	1117.73535	95.45281	-14.84593	497.51459	-383.39948	-385.05731	496.09738	-258.39096	-114.78051	81.77660	-457.10068	-430.92407	98.44427	-292.35236	
530	5.290	-148.28773	1431.80725	-93.92528				-31.26337	1576.47864	-192.42589	-251.14529	1535.56470	-130.03583	18.54111	1490.28235	-419.75876	-336.87460	1454.39697	-229.80815	-149.04016	1297.62561	-277.40979	-229.40691	1535.06311	-429.96048	87.14650	1203.37195	-480.62296	-457.14883	1228.26746	-118.94448	84.52411	971.67365	-388.62842	-238.41861	992.20508	-541.76678	-35.12159	909.14673	-355.77139	-293.74274	931.15961	-230.35680	-384.94351	1117.04187	94.82870	-16.91587	497.42834	-380.56543	-385.79572	495.97778	-258.17508	-114.47825	82.06046	-457.38702	-431.13635	98.29173	-292.56497	
531	5.300	-154.11641	1432.63184	-91.74561				-36.02783	1577.04456	-189.15634	-256.85153	1536.46692	-129.99257	17.05924	1491.21216	-415.66837	-340.32126	1454.23669	-230.52261	-153.00847	1297.86621	-275.45059	-231.19579	1535.34741	-430.34918	87.14140	1203.84692	-475.51074	-464.69098	1228.94958	-120.82284	84.24534	972.24731	-383.80194	-238.36369	992.34619	-540.85632	-37.32858	909.70966	-353.15021	-295.57089	932.36639	-228.65147	-397.10703	1116.29871	94.18253	-19.23518	496.74094	-377.67776	-386.96820	495.47525	-258.88699	-114.77525	81.83407	-457.07364	-431.18845	98.24067	-292.60727	
532	5.310	-160.54269	1432.59167	-90.45901				-40.95420	1577.14600	-186.22043	-262.61893	1537.21033	-130.07979	15.04610	1490.85156	-412.38950	-345.83832	1454.77307	-231.96661	-156.54814	1298.29980	-273.65915	-232.51282	1535.28088	-429.72180	86.88279	1204.40320	-470.73328	-471.62357	1229.32227	-122.91787	84.95628	973.50726	-376.86121	-238.62103	992.29980	-540.17053	-39.24594	910.19879	-349.48752	-297.72336	931.69220	-228.58951	-409.77515	1115.54004	92.84064	-18.83623	497.57666	-375.28665	-387.92151	495.67880	-258.44861	-114.70362	82.07997	-456.77701	-431.62814	98.17752	-292.71417	
533	5.320	-167.97862	1432.88135	-89.29319				-45.98905	1577.85266	-183.50102	-268.35385	1537.44714	-130.00786	13.28677	1492.16858	-408.24094	-349.60049	1455.38281	-232.70193	-159.02477	1299.12756	-272.04449	-234.42900	1535.15344	-428.66806	86.46394	1205.10596	-465.33563	-480.56558	1230.14490	-126.03926	83.19395	973.50720	-371.97647	-238.23792	992.31494	-539.60608	-40.40316	910.25452	-345.88074	-300.60284	931.74933	-227.71219	-422.13394	1114.34766	92.21681	-20.85335	497.79962	-372.52069	-388.62820	495.15689	-259.02792	-114.79086	82.01077	-456.94211	-431.90955	98.13276	-292.70322	
534	5.330	-174.19402	1433.54138	-88.45566				-50.91844	1577.68750	-180.24478	-274.00604	1538.12195	-129.34474	11.15578	1492.31714	-404.41504	-353.40155	1454.50012	-232.61761	-163.66280	1299.04810	-270.50436	-236.73085	1535.40796	-428.08585	85.70071	1206.12610	-460.48175	-486.70767	1230.81433	-128.21957	82.18629	974.15247	-366.31766	-238.38814	992.16248	-538.60559	-42.65195	911.16809	-342.62149	-302.97742	932.27246	-227.33081	-434.60062	1114.03674	89.89297	-23.69711	497.21069	-369.94064	-390.14987	495.35751	-258.53503	-114.56712	82.15716	-456.61249	-432.20563	97.80894	-292.27499	
535	5.340	-180.07272	1434.23682	-86.31390				-56.04520	1577.85974	-176.60921	-279.97849	1538.32983	-129.24438	8.30600	1493.32813	-401.04700	-357.82632	1455.21936	-233.49031	-166.50706	1299.00940	-269.80304	-238.82291	1535.45483	-427.44376	85.06329	1206.59058	-455.74301	-493.11557	1231.45276	-130.20016	81.23146	975.12823	-361.18790	-238.18254	992.16797	-537.63019	-43.91915	911.85486	-338.86819	-306.15314	931.94769	-227.66881	-446.30423	1113.28162	88.96562	-23.98130	498.00528	-366.65167	-391.64929	495.09573	-258.69305	-114.59251	82.35186	-456.38293	-432.28125	97.75072	-292.33963	
536	5.350	-187.04807	1434.89001	-84.13325				-61.26881	1578.21729	-173.76564	-285.36383	1539.16199	-128.61337	6.09292	1493.35266	-396.78854	-363.62213	1455.30347	-234.57465	-170.80838	1299.60095	-267.93475	-240.64938	1535.41931	-426.39517	84.09032	1207.45935	-450.08359	-499.35190	1232.20459	-132.41751	79.43189	976.31842	-356.28830	-238.53577	992.07605	-536.84833	-45.45309	912.58850	-336.77371	-309.40152	932.30432	-226.62199	-458.07138	1112.68640	87.49770	-27.83518	496.90030	-364.92133	-392.53146	495.47620	-258.74408	-114.71043	82.75527	-456.18054	-432.52716	97.45354	-292.89334	
537	5.360	-193.06046	1435.65808	-82.39458				-66.48923	1578.10730	-170.35236	-291.78140	1539.53406	-128.99742	3.26140	1494.12366	-393.29868	-366.27527	1454.41626	-234.04057	-173.60378	1299.83716	-266.19119	-242.88789	1535.36060	-425.33441	83.16844	1209.39990	-445.87894	-505.03845	1232.41553	-133.80568	79.31236	977.43420	-351.69470	-238.76205	992.91559	-536.35217	-48.48505	911.04803	-336.72708	-311.87665	932.02655	-227.12599	-469.92816	1112.15100	85.87740	-27.32147	497.89771	-361.31198	-393.66275	495.23190	-258.79541	-114.72386	82.76970	-456.17279	-432.68774	97.23151	-292.75140	
538	5.370	-199.61197	1435.07397	-79.92905				-72.04197	1578.51697	-168.11159	-297.45441	1540.12854	-128.80974	0.80004	1494.90479	-389.52631	-370.09305	1454.19666	-234.53354	-177.33507	1299.79443	-265.20062	-245.15939	1535.28967	-424.44473	81.77718	1210.30090	-439.70911	-511.01135	1232.67432	-135.05818	79.30068	979.19678	-346.17902	-238.77859	993.64484	-535.77588	-50.68369	911.79413	-334.87726	-314.96622	932.20862	-226.38159	-480.90036	1111.48511	84.64187	-28.98586	498.31705	-358.74994	-395.10492	495.11130	-258.84406	-114.45434	82.57336	-456.02106	-432.73990	97.19551	-292.77579	
539	5.380	-206.94952	1435.27808	-78.50017				-77.29124	1578.38367	-164.40137	-304.07260	1540.56140	-128.05713	-1.69677	1495.59265	-385.68335	-374.60364	1453.79370	-234.50482	-181.53871	1299.30151	-264.07590	-248.05815	1535.22754	-422.96085	81.34193	1211.12610	-435.55743	-517.00183	1232.89514	-137.48749	77.64622	979.69885	-341.69269	-239.00882	993.42035	-534.79919	-52.93023	911.78918	-333.39960	-318.11142	932.25043	-225.90027	-492.07370	1110.86035	83.09875	-32.95338	497.84149	-357.14191	-397.00754	495.76871	-258.77823	-114.61147	82.91549	-455.99835	-432.79535	97.14856	-292.81497	
540	5.390	-213.98595	1435.70154	-77.20041				-82.83339	1578.49658	-162.06310	-309.64359	1540.87366	-127.32616	-5.33937	1496.42468	-382.15131	-379.45871	1453.89319	-235.41217	-184.92537	1299.84326	-261.32578	-250.32253	1535.21240	-422.34207	79.71268	1212.40955	-431.10498	-522.83624	1232.73950	-138.89658	75.92034	981.35181	-336.91385	-239.22353	993.48969	-533.70020	-53.83887	911.84631	-330.81723	-320.66388	931.81488	-226.04607	-503.11969	1110.06372	82.38586	-34.60937	497.57217	-355.17798	-398.63580	495.48785	-258.43747	-114.61314	82.93191	-455.99039	-432.82852	97.08928	-292.84821	
541	5.400	-220.69136	1435.38647	-75.75600				-88.34634	1578.43848	-159.33755	-315.70239	1540.65686	-127.18982	-8.06653	1497.24670	-378.26190	-384.70099	1453.34180	-235.33040	-188.95032	1300.16101	-260.25089	-253.48097	1535.60742	-421.10352	78.66939	1213.58362	-426.98773	-528.43256	1232.41296	-139.42845	74.19032	982.12701	-331.89432	-239.33682	993.67108	-533.06036	-55.20969	913.45117	-327.46741	-323.92667	932.43231	-224.94360	-513.95923	1108.28857	80.56893	-36.80759	497.63544	-352.25504	-399.18896	495.07199	-258.12604	-114.64841	83.12103	-455.89459	-432.92938	97.03977	-292.92728	
542	5.410	-226.43756	1436.28967	-73.30499				-93.88065	1578.01270	-155.41206	-321.23386	1540.90344	-125.99849	-11.00899	1498.25525	-373.36258	-389.25974	1453.70972	-235.46954	-192.38515	1299.67493	-257.92688	-256.41254	1535.39075	-419.28604	77.25330	1214.50208	-422.18726	-533.99567	1232.20422	-141.09412	72.40705	984.11530	-327.74951	-239.41536	993.71008	-531.90472	-57.38127	913.77441	-325.05008	-326.60129	931.46008	-225.01060	-522.95831	1107.49109	79.53805	-38.31393	497.84296	-350.63504	-400.52951	495.04730	-259.32571	-114.65602	82.95182	-455.68445	-432.93213	96.62153	-292.66949	
543	5.420	-233.68994	1435.33154	-72.57925				-99.41724	1577.66040	-152.32657	-327.76556	1540.87085	-125.44302	-14.62249	1498.81519	-370.12811	-392.82495	1452.97827	-234.94357	-196.45824	1299.89722	-255.84224	-259.30624	1535.09766	-417.70261	75.63953	1216.11194	-419.58167	-539.71808	1232.17273	-142.24429	71.18076	985.67761	-322.16022	-240.33040	993.75214	-530.22308	-57.92290	915.37164	-320.69998	-329.49823	931.85614	-223.32596	-533.11908	1105.81909	77.78094	-40.69996	497.47321	-348.11139	-403.43390	495.82614	-258.99615	-114.62891	83.18906	-455.86346	-433.21426	96.09341	-292.48569	
544	5.430	-240.82664	1434.77600	-72.04024				-105.20188	1577.59326	-150.12454	-334.02982	1541.15149	-124.33505	-18.39657	1499.97729	-367.35010	-396.46353	1451.46985	-233.88907	-200.69435	1300.08997	-254.95581	-262.17056	1535.58081	-416.51257	73.81424	1217.60803	-413.76041	-545.14917	1231.53406	-142.76649	70.18082	987.10693	-318.17780	-241.01112	994.48169	-530.00366	-60.15251	915.91608	-317.55612	-331.74969	931.20477	-223.52568	-541.88611	1104.47168	77.75704	-42.19579	497.95251	-346.24780	-403.84561	494.51099	-259.79379	-114.73832	83.14786	-455.24265	-433.40689	95.92245	-292.81757	
545	5.440	-246.59712	1435.87878	-67.99432				-110.84283	1576.97180	-146.68550	-340.09537	1541.12817	-123.53571	-21.79927	1501.16943	-363.45435	-402.06775	1451.82117	-234.56624	-204.42928	1299.52551	-253.83862	-265.51987	1535.57532	-414.73642	71.59449	1219.41711	-410.13339	-550.28900	1230.92297	-143.67285	67.68980	988.60339	-313.82584	-241.62019	995.03577	-529.67035	-62.51732	916.18689	-315.05466	-335.17426	930.94476	-223.30853	-550.86298	1103.12561	74.99131	-44.57050	497.44507	-344.29645	-405.14722	494.82602	-259.66336	-114.77581	83.15333	-455.02722	-433.47513	95.81577	-292.89163	
546	5.450	-253.33525	1434.88013	-66.40907				-116.64429	1576.59595	-144.67442	-346.00323	1540.61511	-122.48866	-25.38900	1501.67175	-359.88214	-406.24585	1451.31384	-233.43799	-208.96730	1299.65894	-253.18027	-269.07025	1535.38672	-413.02921	69.94277	1220.57568	-405.13422	-555.68671	1230.09729	-144.35596	64.42977	989.73016	-311.59372	-242.54245	995.30817	-528.22534	-64.31282	916.83691	-312.75122	-337.36127	930.39594	-222.56767	-559.36017	1101.38232	74.60522	-47.53563	497.17975	-342.01273	-407.39502	494.67847	-259.82663	-115.10578	83.16492	-454.74100	-433.55414	95.75246	-292.93195	
547	5.460	-260.23038	1433.80981	-64.65480				-122.34547	1576.30737	-141.48766	-351.95560	1540.22522	-121.08758	-29.24928	1502.27649	-356.07535	-412.41217	1451.12964	-233.47292	-212.54843	1299.20178	-251.51016	-272.58804	1535.22620	-411.74832	67.63389	1222.31799	-401.46826	-560.74066	1229.30640	-145.06293	61.12969	990.86877	-306.55688	-243.37669	995.53961	-527.40393	-66.20468	918.05695	-309.98828	-340.31799	929.95996	-222.36493	-567.61725	1099.82642	73.75665	-48.73420	497.49368	-340.69641	-408.98892	494.49622	-259.35840	-114.90245	83.38145	-455.02795	-433.69485	95.58272	-292.67316	
548	5.470	-266.59900	1433.86804	-63.36704				-128.02084	1575.46558	-138.24927	-358.15237	1540.40906	-119.92745	-35.56649	1501.67786	-353.04129	-415.45160	1449.47253	-231.57486	-216.66992	1299.49255	-249.73376	-276.51276	1535.56592	-409.99548	65.17502	1223.79553	-397.78378	-566.02881	1228.46021	-145.85265	59.00978	992.63721	-302.30624	-244.33508	996.33044	-526.82532	-67.79244	918.19574	-308.62646	-342.35657	929.82971	-221.66742	-576.01074	1098.24780	72.22497	-50.70893	497.02390	-338.38565	-409.61752	494.86066	-259.20190	-115.07595	83.23691	-454.70868	-433.91882	95.32023	-292.63190	
549	5.480	-273.76181	1432.76965	-62.42409				-133.92099	1575.27368	-135.28697	-364.56903	1539.82544	-118.87788	-38.71290	1503.36096	-349.71826	-419.31528	1448.32068	-230.74623	-220.60654	1299.65015	-247.96544	-280.36893	1535.24902	-407.78815	62.91816	1225.42212	-392.68579	-570.67841	1226.96973	-146.08969	56.35320	994.47430	-297.92267	-245.25958	996.86194	-525.74554	-69.40099	919.49780	-305.98782	-345.39392	928.75623	-221.41710	-583.74548	1096.18115	71.57368	-53.01385	497.99594	-337.05786	-411.01730	493.95578	-259.21350	-115.22337	83.65677	-454.70892	-434.05106	94.72780	-292.61002	
550	5.490	-280.62036	1432.60706	-60.67498				-140.52361	1574.40186	-132.27580	-370.44156	1538.89648	-117.17623	-43.12041	1503.61084	-346.74481	-424.40973	1448.02612	-230.67125	-224.32321	1299.55103	-246.04950	-283.75836	1535.13513	-405.89493	60.58254	1227.31299	-389.41302	-575.61255	1226.01685	-146.43835	54.23574	995.81049	-294.33279	-246.28922	997.09723	-524.80371	-70.90585	919.85114	-303.35657	-348.12247	928.49377	-220.28816	-591.39734	1094.29102	70.86449	-54.50277	498.49448	-335.36270	-412.61383	493.69952	-259.58151	-115.19435	83.69815	-454.69116	-434.27603	94.47751	-292.49066	
551	5.500	-286.37738	1432.65564	-57.42524				-145.99091	1573.71106	-129.05257	-376.62466	1538.42334	-116.69879	-47.19998	1504.79883	-343.53409	-428.62149	1446.40527	-229.02525	-228.36807	1299.45520	-243.56822	-287.73163	1534.98315	-403.79153	58.65455	1228.60522	-386.90771	-580.53192	1224.42700	-146.90742	52.87045	998.05774	-289.79211	-247.26578	997.50812	-523.82025	-72.27204	921.24939	-301.75650	-350.31613	927.37897	-219.87689	-598.71436	1092.61865	69.60446	-57.10246	497.88116	-333.98456	-414.39816	494.15802	-259.50104	-115.16457	83.73941	-454.67349	-434.52634	94.18432	-292.64645	
552	5.510	-293.59531	1431.05591	-57.00580				-151.67342	1572.93640	-126.06407	-382.45294	1537.71350	-115.67307	-51.76817	1505.64111	-339.84372	-433.09131	1445.51270	-228.02562	-232.59464	1298.74182	-241.76839	-291.87326	1535.09094	-402.03592	56.50653	1230.31946	-382.73685	-585.39532	1223.56262	-147.36858	49.83221	999.52881	-286.84933	-248.30821	998.28662	-523.06696	-74.14108	921.32123	-299.25787	-353.04904	926.28528	-219.34373	-605.75122	1090.38464	69.31559	-58.51298	498.43146	-333.12686	-415.98593	493.81436	-259.22287	-114.96021	83.77398	-454.75693	-434.61963	94.11476	-292.67990	
553	5.520							-157.85899	1571.90125	-124.36832	-388.54694	1537.14136	-113.86136	-57.03397	1506.84619	-336.35309	-439.83975	1445.12427	-228.30917	-236.04285	1298.73669	-239.73280	-296.14627	1535.35181	-400.38058	53.05825	1232.02600	-378.66232	-589.59290	1221.88025	-147.29060	46.47623	1000.92902	-283.85971	-249.46365	998.96021	-523.00598	-75.72600	922.61346	-298.56714	-354.48105	925.96271	-218.57700	-611.63953	1088.32935	69.14175	-60.23514	498.80768	-331.80627	-417.59210	493.21701	-259.26337	-114.91679	84.00902	-454.93808	-434.69257	94.00555	-293.03903	
554	5.530							-163.13060	1571.34985	-121.14572	-394.55408	1536.73315	-112.46912	-61.68383	1507.99292	-333.03580	-443.03461	1442.53125	-226.57146	-240.00177	1298.25000	-239.37032	-300.17679	1534.72644	-398.32712	50.72964	1234.09106	-375.25623	-593.92010	1220.11218	-146.91872	44.02774	1002.67682	-280.27792	-250.60046	998.84412	-521.42548	-77.33184	923.30231	-296.03653	-358.29495	925.80444	-219.53696	-620.36914	1086.54761	66.97462	-61.91001	498.43759	-331.00974	-418.75330	493.53104	-259.16058	-114.85384	84.26754	-454.74091	-434.79932	93.69798	-292.80969	
555	5.540							-169.29689	1570.72668	-118.26750	-400.20383	1535.78809	-111.00398	-65.86016	1509.36035	-329.14972	-447.32141	1442.20557	-226.43980	-243.90965	1298.82495	-237.81245	-304.26340	1534.71191	-396.57120	46.30021	1234.43274	-370.29694	-598.37274	1218.46265	-147.12799	40.84594	1004.20905	-276.72858	-251.66362	999.88721	-521.00171	-78.03607	924.44794	-294.11954	-360.03238	924.42590	-217.43748	-625.92017	1084.16943	67.22578	-63.17234	498.56476	-330.33548	-419.91034	493.30728	-259.26190	-114.86753	84.50402	-454.93420	-434.90869	93.54505	-292.52295	
556	5.550							-174.65681	1569.96521	-116.15172	-406.09491	1534.87573	-109.18734	-69.66286	1510.12354	-326.05054	-450.98181	1440.91602	-224.78288	-247.65714	1298.39563	-236.35719	-308.25327	1534.38550	-394.22968	43.86353	1234.96350	-368.48679	-602.32208	1216.40344	-147.07968	38.51881	1005.97748	-272.82336	-253.23096	1000.72937	-520.62634	-80.39877	925.30365	-291.44177	-362.46130	923.18933	-217.11911	-631.90479	1082.03027	66.24686	-64.77235	498.54178	-328.91965	-421.05368	492.79062	-258.90778	-114.81960	84.37898	-454.74866	-434.95718	93.48544	-292.15240	
557	5.560							-180.10736	1568.84473	-113.07533	-411.69138	1533.83875	-108.01634	-73.85542	1511.35278	-322.96158	-456.04987	1439.89441	-223.99608	-251.31259	1298.24451	-234.69136	-312.74747	1534.74072	-393.06808	39.89532	1237.15845	-363.96344	-606.27893	1214.37988	-147.31604	35.47261	1008.06287	-269.74893	-254.59784	1000.56201	-519.50635	-81.33989	926.12714	-289.75427	-364.26468	922.93445	-215.94807	-637.12463	1080.31470	66.42127	-65.49914	499.11505	-328.44089	-422.23697	491.82111	-259.35962	-114.38784	84.78821	-455.09525	-435.02661	93.39120	-292.19708	
558	5.570							-186.17569	1568.72998	-112.12354	-417.44479	1532.47583	-106.46756	-77.57336	1512.80176	-320.01974	-461.36252	1438.79822	-223.41948	-255.26196	1298.20032	-232.77634	-316.94656	1534.33582	-391.47351	37.26426	1238.32483	-361.11020	-610.32745	1212.29651	-146.54608	31.64057	1009.55066	-266.50580	-255.97351	1001.65857	-519.66461	-82.60904	927.30768	-287.19415	-366.75159	922.26440	-216.51982	-642.53430	1077.86523	66.01029	-66.70761	499.59149	-328.05222	-423.87241	491.43942	-259.59525	-114.36990	84.98459	-455.02350	-435.07611	93.31570	-292.21729	
559	5.580							-191.23611	1567.99292	-109.04191	-422.70355	1531.78931	-105.49992	-82.85362	1513.35144	-316.51740	-465.86453	1437.28918	-222.21484	-258.59546	1297.83484	-230.55511	-320.91162	1533.92346	-389.53891	34.01366	1240.62378	-359.80963	-614.18536	1211.10388	-147.59758	29.71950	1010.83044	-263.23221	-257.82037	1002.46948	-518.77515	-84.30818	928.14307	-285.99765	-368.57993	922.05518	-216.29443	-647.84363	1075.99548	66.04370	-67.67766	499.89346	-327.59326	-425.54181	491.85287	-258.11383	-114.09305	85.27462	-454.78204	-435.31296	93.06176	-292.31586	
560	5.590							-197.08731	1567.43420	-105.74760	-428.55414	1531.37512	-104.73435	-86.23904	1515.24500	-313.92017	-469.55981	1436.09058	-221.41907	-262.58972	1298.28479	-228.64461	-325.05222	1533.94739	-387.61478	31.09961	1242.27063	-356.57800	-618.16858	1209.19104	-147.44183	26.67305	1012.42371	-260.50082	-259.02063	1002.48535	-517.77789	-85.08895	929.16095	-283.54361	-370.68307	920.76788	-214.40004	-652.50989	1073.97253	65.33242	-68.57928	499.68549	-327.16046	-425.91379	491.11246	-258.92209	-113.85741	85.49497	-454.53049	-435.41367	92.94356	-292.00345	
561	5.600							-201.96254	1566.71460	-104.64356	-434.04816	1530.12732	-102.98697	-90.91029	1515.90527	-311.11670	-473.34793	1434.75488	-220.54427	-265.94312	1298.23560	-226.06758	-329.04150	1533.88354	-386.05807	26.89949	1243.44360	-351.87891	-621.80096	1207.15735	-147.28743	22.47388	1013.76196	-258.27875	-260.48547	1003.25543	-517.74512	-86.88064	929.83740	-281.67056	-372.92679	920.65039	-214.39470	-656.95044	1071.34167	64.82983	-69.52657	499.97830	-326.77576	-428.12054	491.05939	-257.36459	-113.80786	85.75996	-454.81665	-435.47888	92.87695	-292.02722	
562	5.610							-207.50378	1566.10254	-102.12963	-439.15570	1529.16479	-100.92540	-95.46352	1516.44678	-308.37180	-477.94968	1433.15173	-219.59067	-270.28445	1297.46497	-225.23663	-333.40161	1533.55872	-384.60870	23.92317	1244.81714	-349.90884	-625.17914	1205.28516	-147.47714	20.04184	1015.57166	-255.44176	-262.21713	1004.00031	-516.12524	-88.44600	930.56891	-279.76175	-374.75717	920.31104	-213.13087	-662.12622	1069.90991	63.68960	-70.08080	500.51370	-326.01898	-428.28922	490.91599	-257.36459	-113.88176	85.53162	-454.52261	-435.56149	92.84794	-292.06979	
563	5.620	-357.58987	1420.29297	-43.10716				-212.66029	1565.43347	-100.84602	-444.49387	1528.38037	-100.01971	-99.42896	1517.87927	-305.65952	-482.29208	1432.57422	-219.24356	-273.27002	1297.58630	-221.72145	-337.15634	1533.10083	-383.04938	21.29482	1246.37341	-346.46478	-628.95898	1203.56445	-147.66132	17.57551	1016.48810	-253.12238	-263.97067	1004.67822	-515.40942	-89.93576	931.97015	-278.07370	-376.19940	919.35815	-212.32121	-665.11304	1066.93555	64.90858	-71.61765	500.38858	-326.01065	-428.21796	491.09634	-257.20026	-113.89007	85.74001	-454.74170	-435.78894	92.68949	-291.90387	
564	5.630	-362.47806	1419.70471	-41.89818				-217.82159	1565.11206	-97.94435	-449.48605	1527.53760	-98.51476	-103.48715	1518.27417	-303.25079	-487.06857	1430.89587	-218.09564	-276.70877	1297.72131	-221.05341	-340.96985	1532.94922	-380.94522	18.39295	1247.32581	-343.38519	-632.20355	1200.97351	-147.59175	13.49931	1017.59686	-250.54631	-265.49088	1004.52765	-514.22437	-91.67259	932.50110	-276.64505	-378.03809	919.41534	-211.06357	-670.16357	1065.33752	62.93776	-72.56243	500.65747	-325.45142	-429.09219	490.89642	-257.03561	-113.85605	85.97211	-454.90723	-435.94406	92.46093	-291.71823	
565	5.640	-367.74643	1418.83191	-40.84397				-223.60965	1563.62561	-94.66904	-454.20135	1526.47620	-97.71706	-107.44723	1519.13269	-300.47571	-489.71716	1429.39795	-216.52945	-280.41287	1298.20923	-219.09363	-344.38620	1532.60315	-378.99072	15.69233	1248.55713	-342.76056	-636.16565	1200.02710	-148.28326	9.87269	1019.43878	-248.55498	-267.42252	1005.38141	-512.60071	-92.99282	933.43646	-275.14307	-379.72754	918.56702	-210.32405	-672.93158	1063.52881	63.60282	-73.67198	500.38641	-325.08377	-429.29700	490.51389	-256.73865	-113.88657	85.83691	-454.69580	-436.32141	92.10098	-291.90509	
566	5.650	-372.55820	1418.30847	-38.15464				-227.53568	1564.57996	-94.01768	-459.71008	1525.82764	-96.86269	-110.84811	1521.36035	-296.83575	-495.05328	1428.87292	-216.71436	-283.17575	1297.69800	-217.40768	-348.14218	1532.71973	-377.92438	12.93185	1250.46167	-340.97537	-639.53674	1198.53296	-149.25999	7.53629	1020.48047	-245.14339	-269.94138	1005.70331	-511.80444	-95.07716	934.02216	-273.14325	-381.21143	917.82056	-209.63548	-677.13586	1061.62537	62.63251	-74.37466	500.04294	-324.78537	-429.92123	490.67505	-256.13229	-113.76861	86.14235	-454.69458	-436.38309	92.06052	-291.92120	
567	5.660	-377.28207	1417.00330	-38.51036				-232.22089	1563.59302	-91.56213	-463.86224	1524.55554	-95.22973	-114.90410	1521.55139	-294.38480	-499.67896	1428.24451	-216.05142	-287.25522	1297.44092	-216.93214	-352.35544	1532.52844	-376.92422	9.98975	1251.61353	-337.21173	-642.82715	1196.63391	-149.87239	4.72713	1021.92340	-242.76379	-271.63675	1006.40350	-510.79730	-95.59753	935.20538	-271.04367	-383.29587	917.93427	-207.98027	-680.00043	1059.34863	62.63525	-74.99854	500.11743	-324.45233	-430.20538	490.96017	-255.33192	-113.76628	86.19988	-454.66733	-436.54642	91.99722	-291.63916	
568	5.670	-381.77243	1416.60400	-37.46924				-236.62845	1563.41565	-89.49533	-468.50461	1524.59082	-95.02998	-119.00643	1522.49487	-292.92834	-503.35907	1426.99133	-214.68553	-289.90781	1297.19324	-214.73441	-355.59726	1532.08130	-374.94119	7.57547	1251.33826	-335.05710	-645.86261	1195.25769	-150.29193	1.18650	1023.34113	-240.33205	-274.32050	1007.01978	-509.19952	-97.86861	936.15247	-269.15054	-384.91425	917.32251	-207.77577	-683.80249	1058.50806	61.50389	-75.78822	500.94589	-323.10934	-431.01663	490.65698	-255.09380	-113.72636	86.36784	-454.06796	-436.62515	91.95757	-291.67639	
569	5.680	-386.64175	1416.67407	-35.96521				-241.53229	1562.86194	-88.29623	-472.73010	1523.34546	-93.55108	-122.63745	1522.67554	-290.14392	-505.70203	1425.84839	-213.87346	-293.65610	1297.22961	-213.91196	-358.58594	1531.64050	-373.60931	5.65317	1254.10840	-334.08261	-648.32349	1192.49011	-148.82079	-2.07375	1024.49341	-239.37025	-275.77393	1007.12115	-508.08466	-99.52071	937.50281	-267.58951	-386.55426	916.85547	-206.39073	-686.38312	1055.05432	62.58342	-76.46567	501.68842	-322.38647	-431.28122	490.59521	-253.63361	-113.96134	86.87069	-454.16068	-436.92215	91.92611	-291.65063	
570	5.690	-391.21332	1415.20496	-35.21367				-245.90640	1562.48743	-86.07417	-478.80951	1522.62952	-93.16652	-126.63443	1523.16565	-287.26538	-510.34128	1424.96350	-213.43211	-296.34598	1297.30164	-211.70190	-362.28021	1531.44885	-372.16489	1.69977	1255.38501	-331.79422	-650.99384	1190.61438	-149.00301	-3.82351	1025.12378	-236.39796	-278.18820	1007.68982	-506.50244	-101.83050	937.30267	-265.33017	-387.92731	916.19232	-205.89256	-689.43610	1054.18567	62.11242	-78.06294	500.90277	-321.65460	-432.01740	491.09344	-252.55589	-114.20918	87.01937	-454.09183	-437.00729	91.93502	-291.68643	
571	5.700	-395.01788	1414.38245	-33.99284				-249.69705	1561.59241	-84.19788	-481.66678	1521.79663	-91.28375	-130.63725	1523.85913	-285.24310	-513.76758	1423.67444	-212.24838	-299.12787	1297.13477	-209.53842	-365.37759	1531.27563	-370.23495	-0.71076	1256.11975	-329.25458	-653.72711	1189.14990	-148.36571	-7.47778	1026.06238	-235.11311	-280.29153	1008.47546	-505.14029	-103.38389	938.98199	-263.38864	-389.82031	916.14087	-204.37294	-692.22223	1052.17957	61.98665	-78.61091	501.00870	-321.42850	-432.39316	490.61346	-251.81427	-115.22832	87.35086	-454.29047	-437.08081	91.91052	-291.70938	
572	5.710	-399.65359	1412.88562	-32.12304				-254.40179	1561.77087	-84.19931	-486.02927	1521.17908	-90.41969	-133.95433	1524.03430	-283.11707	-517.28564	1422.44824	-211.68114	-302.26053	1296.63098	-208.68745	-368.76117	1530.94800	-369.28162	-2.94848	1256.69934	-325.55322	-656.61731	1187.88916	-148.73459	-12.10995	1028.11157	-233.27217	-281.89056	1008.84875	-504.17984	-105.43382	939.21185	-261.76837	-391.42697	915.37231	-203.98488	-694.99677	1050.30884	61.68614	-78.84785	501.11835	-320.18506	-432.55652	490.49487	-250.35883	-114.87574	87.75728	-453.95016	-437.17618	91.94407	-291.73267	
573	5.720	-404.32285	1413.57788	-30.35527				-258.27399	1561.38562	-81.14651	-490.40967	1520.41455	-89.58366	-137.61125	1525.29077	-280.68994	-520.10101	1421.37256	-210.55486	-305.03101	1296.57153	-207.31775	-372.60223	1531.00671	-368.77426	-6.01637	1258.01917	-325.19388	-659.58167	1186.67273	-147.83063	-14.68148	1028.64819	-230.86240	-284.09332	1009.05957	-502.39880	-107.37503	939.76105	-260.17206	-393.25143	915.06091	-202.11702	-697.39819	1048.43152	62.03621	-79.10418	501.87262	-318.44135	-434.20691	489.89963	-250.46758	-115.02274	88.24495	-453.94101	-437.54434	91.95898	-292.14612	
574	5.730	-407.43884	1412.20483	-31.17669				-262.46777	1561.14026	-79.03065	-494.03278	1519.61829	-88.53792	-140.88948	1525.61377	-280.01059	-524.22681	1420.93738	-209.73047	-307.47031	1296.71252	-204.94006	-375.45288	1530.40601	-367.36777	-8.08007	1258.57275	-323.11200	-662.03363	1185.02014	-148.12860	-17.10864	1029.78955	-229.13802	-285.90631	1009.51892	-501.33112	-108.91544	940.88068	-258.04315	-394.70718	914.82074	-201.35893	-699.76886	1046.97327	61.84089	-80.31701	501.77081	-317.73007	-434.94431	489.73221	-250.31006	-114.89406	88.11735	-453.83099	-437.75818	91.75540	-292.17651	
575	5.740	-411.67139	1412.25305	-26.93144				-266.25906	1560.79285	-78.37597	-497.28781	1518.55579	-87.00171	-144.25885	1525.78845	-278.04132	-527.93524	1419.67200	-209.02757	-309.78363	1296.30396	-202.77676	-378.41928	1530.17029	-365.92044	-11.22833	1259.26855	-320.79965	-664.60486	1183.91797	-148.12402	-20.08911	1030.64941	-227.45238	-287.34637	1009.37042	-499.60477	-110.67790	940.84229	-257.29620	-396.50421	914.18884	-199.98062	-702.11530	1045.38159	61.72576	-80.98932	501.94699	-316.75943	-435.49869	490.23749	-249.53029	-114.86794	88.45260	-453.56885	-437.81570	91.78425	-292.20016	
576	5.750	-415.24054	1410.20923	-29.28127				-270.09177	1560.12073	-76.88033	-504.37872	1518.67078	-88.26968	-147.50084	1525.79541	-275.27686	-530.46112	1418.90735	-208.28816	-312.24347	1295.73669	-202.46510	-381.26862	1529.90881	-364.72784	-13.43735	1260.34082	-319.37109	-667.16486	1182.17981	-147.46718	-22.63803	1031.49988	-226.69357	-289.41522	1009.69189	-498.29199	-112.51537	940.77032	-256.20169	-398.00250	913.85065	-199.53648	-703.64203	1042.22754	62.75341	-81.63811	502.23468	-315.46799	-436.88010	489.94931	-249.59033	-114.77184	88.94627	-453.62665	-437.85632	91.76711	-292.21799	
577	5.760	-418.71719	1410.36731	-26.97732				-273.52704	1559.72095	-75.65652	-507.63898	1517.94006	-87.18153	-150.13548	1526.39368	-273.70020	-534.02625	1418.51904	-207.83063	-314.94662	1296.31519	-201.36740	-383.90726	1529.46008	-363.42197	-15.59075	1260.65503	-319.41718	-669.18695	1180.50366	-147.50700	-24.68900	1031.92749	-223.78781	-291.21939	1010.34167	-497.35696	-114.30614	941.38434	-254.77524	-400.01486	913.92169	-197.83794	-708.15717	1042.30676	60.93724	-82.35614	502.08887	-314.94476	-437.49109	489.72433	-248.61792	-114.91697	89.20076	-453.67514	-438.06790	91.73911	-292.17160	
578	5.770	-422.20868	1409.66443	-24.95729				-277.02298	1559.13306	-73.74043	-508.19952	1516.86536	-84.69962	-153.89488	1526.95837	-272.33258	-536.86652	1417.62476	-206.76740	-317.09592	1295.75745	-200.29965	-386.79599	1528.97729	-362.21130	-16.82726	1262.50134	-317.00177	-671.31989	1179.56128	-147.09288	-27.42179	1033.24438	-222.71121	-292.60367	1010.41034	-496.43906	-115.85979	941.71655	-254.39067	-401.39371	913.40955	-197.38808	-709.50122	1040.40027	61.10844	-82.93134	502.57260	-313.66620	-438.67752	489.56573	-248.38229	-114.89491	89.29809	-453.34521	-438.09598	91.76509	-292.17813	
579	5.780	-425.13544	1409.43945	-26.13886				-280.51468	1558.85474	-73.32146	-511.77469	1515.94189	-84.02699	-156.70132	1527.67944	-270.65439	-539.73047	1416.76563	-206.13597	-319.71939	1296.00085	-199.80753	-390.01907	1529.10779	-361.47903	-20.30579	1262.34534	-314.29019	-674.19470	1179.20447	-146.53630	-29.21357	1032.99829	-220.08047	-294.60788	1010.68640	-495.12311	-117.82650	942.74469	-252.31012	-403.05981	912.73236	-196.96306	-708.69043	1037.48376	63.62830	-83.81577	502.63516	-312.95425	-440.05731	489.78720	-248.38705	-114.82230	89.70176	-452.87332	-438.38593	91.95044	-292.25610	
580	5.790	-428.77869	1409.07507	-23.69190				-283.57312	1558.87292	-72.07047	-514.82849	1515.81689	-83.93020	-159.32976	1528.32202	-270.46469	-542.07715	1416.18982	-204.79681	-322.03207	1295.55310	-199.04828	-392.66937	1529.33276	-360.41937	-22.53400	1263.11963	-312.14896	-676.08759	1178.18152	-147.05721	-31.88906	1034.59229	-219.74623	-296.02261	1010.57697	-493.87231	-119.45983	942.95679	-251.59772	-404.02991	913.01038	-195.07253	-710.85596	1037.10449	62.84303	-84.68057	502.51721	-311.57733	-441.32162	490.09888	-247.21776	-115.04290	89.84732	-452.72372	-438.39877	91.94977	-292.25217	
581	5.800	-431.79636	1407.54321	-25.44407				-286.43094	1558.17297	-69.65754	-517.89447	1515.44177	-83.21132	-161.76013	1528.60034	-268.70938	-546.68457	1415.88477	-205.25592	-324.24045	1295.99426	-197.62952	-395.31970	1528.99231	-359.18704	-23.59102	1264.12500	-311.48764	-677.59729	1176.67627	-145.26805	-34.37637	1034.64709	-220.29346	-297.61230	1010.91437	-492.80792	-120.92149	943.24921	-250.09848	-405.56970	912.23676	-194.72141	-712.48798	1035.45532	63.73878	-85.55035	502.20056	-310.78616	-443.11884	490.18863	-246.42989	-115.22227	90.03894	-452.26163	-438.35428	92.06597	-291.95856	
582	5.810	-434.47653	1407.63977	-22.52670				-292.49677	1556.54834	-67.79455	-521.15570	1514.52942	-81.84769	-164.93779	1528.99023	-267.11761	-548.03351	1414.86853	-203.68521	-325.73541	1295.83521	-196.04684	-397.77917	1528.45544	-357.76682	-25.66562	1264.40112	-310.64807	-679.63342	1175.76672	-145.31911	-35.45107	1035.53430	-216.24731	-299.12521	1011.00952	-491.99411	-123.26551	943.66296	-248.92476	-406.62665	911.97443	-193.41780	-713.75342	1034.29248	64.38094	-86.80883	502.33481	-309.63696	-443.64813	490.17606	-245.93251	-115.58006	90.40103	-451.88022	-438.52118	91.90759	-291.73865	
583	5.820	-437.81390	1406.84009	-22.09859				-292.67871	1557.49316	-66.42749	-523.51886	1513.77783	-80.73394	-167.57831	1527.80774	-266.73178	-551.43677	1414.37146	-203.36374	-328.15866	1295.37061	-196.90620	-400.03549	1528.12634	-356.64081	-26.98973	1265.62830	-308.78983	-681.27991	1174.53455	-144.46019	-37.72941	1035.80432	-215.56143	-300.77176	1010.93567	-490.99103	-125.39508	944.76233	-248.51257	-408.35672	911.79712	-192.86128	-715.12714	1031.92920	65.18564	-86.88418	502.60730	-308.90738	-445.18732	490.37122	-244.71777	-115.95651	91.03836	-451.72116	-438.54077	91.93847	-291.73212	
584	5.830	-440.25162	1406.18481	-21.97468				-295.56610	1557.60901	-66.77168	-526.79297	1513.66833	-80.04980	-169.53828	1528.05811	-265.51892	-552.83447	1414.07654	-202.53606	-329.73450	1295.95447	-195.10472	-402.59567	1527.83765	-355.37289	-30.02657	1266.44067	-308.64468	-683.02448	1173.13110	-143.81789	-39.30500	1036.49524	-213.66145	-302.18542	1011.04150	-490.11011	-126.85052	944.45435	-247.64613	-409.51785	911.75751	-191.83437	-716.67505	1031.46973	65.20906	-87.96244	502.73438	-307.22607	-446.86063	489.92511	-244.20697	-116.25893	91.19997	-451.36292	-438.65970	91.77239	-291.51135	
585	5.840	-443.51422	1406.47754	-20.07030				-297.90109	1557.48120	-65.54477	-528.83435	1512.95691	-78.90265	-173.14548	1529.31299	-263.79587	-555.16046	1413.35999	-201.84021	-331.61462	1296.13135	-193.05400	-404.98004	1527.57239	-354.48770	-31.61993	1266.61084	-306.97379	-683.95276	1171.07373	-143.30006	-39.85336	1037.22864	-213.49828	-303.61072	1011.43311	-489.22189	-128.60085	945.07080	-246.62495	-410.83508	912.20557	-191.07755	-718.57837	1030.40051	65.37958	-88.61748	502.96982	-306.14960	-447.91333	489.69080	-243.50722	-116.03660	91.48609	-451.16025	-438.70660	91.70271	-290.98706	
586	5.850	-445.39499	1406.11475	-19.99996				-300.45517	1556.77893	-64.17377	-532.03821	1512.84167	-78.82148	-174.40056	1530.15137	-262.28018	-557.16364	1412.44006	-200.74600	-333.68967	1295.58740	-192.31850	-407.14957	1527.07532	-353.48715	-35.20804	1267.40308	-306.23550	-685.31519	1169.68542	-141.77246	-43.09240	1036.06335	-216.72110	-304.82596	1011.38989	-487.81430	-130.75504	945.61963	-245.33191	-412.17554	911.28711	-190.40088	-718.63171	1028.01294	66.78539	-88.73081	502.95807	-304.93546	-448.94098	490.63657	-241.57634	-116.34343	92.08041	-451.02017	-438.61441	91.84830	-291.21930	
587	5.860	-448.03891	1405.05127	-19.10583				-306.39682	1554.81299	-61.76971	-534.15741	1512.07959	-78.08999	-177.68591	1530.45398	-260.86224	-559.10803	1411.73010	-199.97523	-335.92545	1295.33179	-191.26138	-410.22128	1527.38867	-353.22040	-35.55951	1267.90857	-305.06247	-686.59552	1168.53357	-141.32417	-44.60022	1037.83264	-210.52132	-306.23788	1011.90155	-487.85840	-132.90414	945.31183	-243.80695	-412.97153	910.99683	-189.46924	-719.97668	1026.55261	67.13585	-89.30968	503.23749	-303.11868	-450.03503	489.73389	-241.16258	-116.98145	92.89199	-450.91730	-438.80496	91.59018	-291.30374	
588	5.870	-450.31561	1404.95056	-17.57043				-305.86658	1556.39453	-61.32697	-537.01025	1511.48145	-76.89375	-178.29948	1530.36487	-260.43378	-561.28223	1411.23438	-199.40172	-337.13983	1295.29089	-189.37447	-412.29474	1526.98389	-352.19821	-38.00698	1268.21753	-302.59674	-688.20581	1167.56335	-140.61377	-46.04497	1039.43164	-210.52466	-307.43747	1011.67969	-486.96979	-133.66859	945.49280	-243.71474	-413.61432	910.61792	-188.71169	-720.90784	1026.49402	67.18445	-89.84605	503.49417	-302.12613	-450.95709	489.89883	-240.14233	-116.82405	93.34044	-450.68701	-438.81436	91.57159	-291.30682	
589	5.880	-453.09137	1404.27954	-17.71821				-308.20370	1555.91895	-61.88463	-538.88062	1511.40637	-75.94861	-182.52425	1529.37317	-259.92010	-563.64276	1410.40625	-198.34601	-339.24570	1294.94800	-188.53503	-414.39081	1526.54358	-351.04330	-41.00288	1268.34656	-301.25467	-689.75299	1166.56897	-139.77692	-47.63377	1037.97644	-214.19778	-308.52176	1011.51434	-485.86331	-135.16135	945.91473	-243.25160	-414.84778	910.21057	-188.39102	-722.38660	1025.12231	68.68877	-90.79166	503.40137	-301.28802	-452.33316	489.81668	-239.01985	-116.60943	93.64514	-450.58237	-438.79443	91.53289	-291.31564	
590	5.890	-455.63910	1403.35229	-16.50473				-310.22440	1555.50720	-60.78957	-541.91779	1511.10889	-75.24789	-183.93005	1531.09497	-258.03506	-565.29950	1409.36975	-197.72043	-340.67224	1294.97559	-187.35556	-416.48853	1526.42432	-350.32889	-42.24536	1268.67700	-300.92743	-690.93866	1165.56018	-139.16592	-48.96928	1040.38538	-208.04720	-309.67792	1011.83685	-485.21991	-137.14803	946.33594	-240.85655	-415.42673	909.80096	-188.13031	-723.46899	1024.36340	69.05113	-91.30538	504.09592	-299.89429	-453.73895	489.77478	-238.44125	-116.55751	94.26425	-450.48523	-438.82440	91.55290	-291.32181	
591	5.900	-457.41235	1403.37402	-15.28210				-312.71878	1555.19226	-59.17539	-543.55078	1510.53699	-74.34421	-186.31773	1530.53638	-259.62900	-566.94312	1408.56909	-196.49295	-342.88339	1295.02637	-186.88515	-418.74637	1526.05859	-349.19595	-42.47110	1269.43860	-299.31039	-691.99530	1164.36438	-137.73486	-50.98425	1040.70996	-207.92358	-310.97644	1012.08136	-484.69409	-138.22484	946.64972	-240.72252	-416.62738	909.55408	-187.55812	-723.92987	1022.45654	70.48536	-91.76414	504.30203	-299.37048	-455.53784	489.56342	-237.78116	-116.32991	94.54243	-450.12698	-438.77878	91.40295	-290.76184	
592	5.910	-459.83578	1403.27209	-14.24039				-315.01932	1554.43140	-59.19979	-546.45563	1510.54504	-74.20293	-188.47241	1531.04382	-258.12305	-568.91449	1407.95923	-196.15517	-344.17725	1294.94592	-185.77577	-420.72253	1525.93188	-348.32230	-45.16414	1270.91357	-298.59967	-693.53131	1163.63208	-136.67171	-52.77630	1041.03259	-210.00214	-311.94299	1012.32770	-484.31912	-139.57288	947.06372	-240.84760	-418.20447	909.33380	-186.92816	-724.95227	1022.07080	71.43587	-92.30541	504.05344	-298.71906	-456.71136	489.79272	-236.66751	-116.26743	94.64605	-450.08182	-438.87009	91.28917	-291.06622	
593	5.920	-461.93002	1403.01257	-12.23627				-316.92255	1553.91284	-57.98211	-548.01550	1509.68701	-73.20341	-190.16206	1530.92236	-257.37958	-571.26550	1407.37476	-194.83858	-345.61639	1294.94092	-184.82330	-423.18207	1525.60632	-347.46652	-46.97366	1270.35461	-298.39618	-694.89014	1162.86853	-135.69131	-53.53251	1041.49756	-209.63429	-312.88495	1011.98218	-483.51105	-141.80431	946.58038	-239.93810	-418.81464	909.12671	-186.84192	-725.56561	1021.06036	72.49098	-92.82763	505.05856	-297.45901	-457.71365	490.45697	-236.45050	-116.05951	94.87950	-449.97073	-438.89484	91.29305	-291.08621	
594	5.930	-463.33792	1402.02417	-14.67735				-318.96918	1553.55347	-56.66035	-549.51501	1508.87488	-71.28600	-192.95610	1532.26306	-256.23764	-572.72864	1407.20032	-194.20689	-347.64270	1294.54712	-184.16504	-425.02814	1525.14954	-346.77042	-48.64217	1271.03552	-298.70837	-695.66327	1162.15967	-134.44705	-54.36577	1040.25061	-211.36066	-313.47827	1012.06482	-483.44345	-142.89252	948.08716	-238.88168	-419.70056	908.97321	-186.59625	-726.29492	1020.20062	74.14548	-92.75407	505.24167	-296.67218	-458.92435	489.70343	-235.56958	-116.24882	95.29156	-449.87048	-438.87411	91.26951	-291.08051	
595	5.940	-465.62540	1402.11975	-12.68136				-320.81982	1553.08313	-56.07785	-552.02814	1509.19861	-71.29015	-194.80225	1532.80334	-254.27756	-573.97479	1406.33215	-193.86101	-348.67224	1294.71301	-184.09720	-427.28693	1524.95764	-346.52478	-49.74963	1272.28772	-297.78937	-696.47211	1161.58179	-133.04919	-55.21796	1041.28943	-209.44704	-314.19916	1012.08759	-482.61127	-143.71092	948.39038	-239.22499	-419.96936	908.99036	-186.33685	-727.05780	1018.58099	75.75420	-92.73228	505.03442	-295.73212	-460.44614	489.68356	-235.12651	-116.25591	95.57082	-449.74911	-438.79675	91.35083	-290.78793	
596	5.950	-467.22174	1402.19897	-11.54262				-322.66986	1552.97473	-56.66764	-553.50812	1508.35864	-70.29795	-196.80981	1533.03845	-254.31580	-575.45581	1405.63977	-192.65112	-350.66620	1294.75769	-183.05487	-429.05670	1524.66357	-345.60858	-50.47383	1272.75720	-297.40567	-697.70007	1160.75452	-131.27602	-56.37148	1041.23596	-209.18077	-315.16376	1011.81396	-481.56693	-145.57796	948.45880	-237.62625	-422.02493	908.70123	-184.95079	-727.81586	1018.13861	76.09564	-92.91524	505.34140	-294.65259	-461.27161	489.52249	-234.37971	-116.29332	95.77253	-449.73923	-438.87323	91.25775	-291.06973	
597	5.960	-469.64890	1401.30212	-10.74757				-324.49448	1552.63098	-55.49768	-555.93280	1508.62329	-70.39806	-199.00847	1533.33545	-253.19707	-577.18622	1405.18237	-191.81564	-351.61591	1294.51624	-182.04102	-431.00461	1524.70569	-345.14246	-51.53013	1272.51868	-296.00757	-698.35913	1160.34216	-130.21539	-57.29656	1041.99048	-208.71518	-315.73044	1011.91827	-481.33105	-146.63933	948.38879	-237.17064	-422.64233	907.81726	-184.77003	-728.51929	1017.22345	78.29797	-93.16679	504.97583	-294.26999	-462.38901	489.34363	-234.43542	-116.23919	96.41927	-449.37885	-438.86554	91.24451	-291.06998	
598	5.970	-471.18323	1400.46448	-11.39505				-326.03094	1551.94763	-54.35986	-557.42926	1507.86279	-69.52638	-199.43729	1532.32324	-254.17487	-578.55432	1404.19617	-191.41570	-353.40115	1294.54053	-181.59810	-432.80933	1524.25232	-344.12173	-53.72084	1273.34204	-296.31009	-699.47925	1159.68994	-128.38263	-58.03391	1042.64075	-207.98999	-316.78131	1012.70990	-481.30780	-147.21007	948.84149	-236.96500	-423.18576	907.03546	-184.44623	-729.58893	1017.12488	78.93504	-93.50469	505.29724	-293.33170	-463.25555	488.82208	-233.92259	-116.00346	96.94445	-449.56573	-438.87399	91.25243	-291.06818	
599	5.980	-472.44836	1399.88025	-9.64045				-328.16644	1551.80212	-53.01337	-558.74963	1506.53320	-68.03901	-202.34430	1533.28687	-252.78487	-579.92334	1404.06482	-190.76314	-354.10513	1294.55774	-181.56129	-434.38309	1523.87659	-343.44370	-53.88780	1274.99219	-294.89728	-700.13257	1159.19727	-127.28497	-59.25942	1043.32825	-207.39983	-317.82468	1012.77985	-480.51163	-148.06839	949.27026	-236.67014	-423.26440	907.19257	-183.78146	-730.45905	1016.98859	81.17001	-93.97398	505.66034	-292.55344	-464.03415	489.39807	-232.69138	-115.99818	97.64127	-448.98553	-438.85150	91.24809	-291.06589	
600	5.990	-473.42331	1399.06506	-10.54735				-329.60214	1551.51685	-52.53529	-562.71954	1506.00659	-68.59420	-203.38623	1533.43103	-252.55370	-581.12543	1403.80896	-189.99800	-355.82748	1294.07214	-181.91673	-435.97263	1523.61438	-342.48419	-55.77445	1275.79041	-296.52679	-700.84955	1158.23401	-125.06069	-59.89051	1043.37280	-207.43384	-319.17270	1013.40485	-480.43771	-149.92691	950.47717	-235.52350	-423.92435	906.99774	-182.75082	-731.53998	1016.74731	81.88397	-94.06271	506.28979	-291.75983	-465.07056	489.38031	-232.28056	-115.75440	97.65887	-448.98373	-438.77673	91.35647	-290.76196	
601	6.000	-475.21756	1398.97876	-9.26760				-331.61237	1551.12769	-52.33871	-562.45264	1505.98767	-67.21720	-204.24327	1533.76624	-251.95575	-582.39966	1402.98523	-189.03697	-356.46765	1294.43762	-179.67461	-437.46832	1523.29443	-341.68375	-56.89707	1275.80444	-295.37659	-701.97876	1157.95105	-124.51988	-60.83788	1044.07312	-206.81259	-320.14035	1013.00677	-479.97565	-150.98619	950.08344	-235.53532	-424.38907	906.81696	-181.86308	-731.57330	1015.88812	83.85661	-94.19495	506.32513	-291.50296	-466.08054	489.10324	-231.77853	-115.48369	97.95201	-448.97903	-438.76721	91.34787	-290.76334	
602	6.010	-476.79233	1398.89673	-7.71929				-332.92535	1550.56470	-51.44595	-565.71729	1505.71118	-67.73420	-208.01479	1534.01978	-251.55437	-583.46918	1402.59741	-188.31798	-358.30276	1293.62537	-180.50882	-439.20389	1523.53333	-341.42856	-59.09173	1276.45459	-294.28543	-702.42065	1157.90417	-123.28207	-62.34326	1046.63135	-205.52469	-320.75864	1013.05737	-479.52621	-152.29863	949.86237	-235.78819	-425.59158	906.79285	-181.92245	-731.67877	1014.83490	85.50272	-94.48406	506.54160	-291.38165	-467.05649	489.23318	-231.74149	-115.54716	98.43263	-448.76794	-438.77271	91.35413	-290.76669	
603	6.020	-477.99091	1398.36230	-6.97080				-334.65720	1550.43347	-50.36544	-564.64349	1504.98096	-65.65810	-208.17303	1534.30750	-251.69348	-584.39087	1402.55457	-187.85373	-359.04654	1293.46790	-180.47220	-440.63638	1523.16260	-340.70041	-58.87626	1276.98096	-294.13464	-703.26337	1157.60059	-121.73705	-62.69280	1047.22583	-205.18779	-321.38428	1013.05652	-479.35001	-152.61075	949.95856	-236.19179	-425.78995	906.76837	-181.61018	-733.11884	1014.57550	86.70359	-94.30757	506.74319	-290.85074	-467.60040	489.21710	-230.15750	-115.41964	98.57162	-448.86459	-438.82901	91.22233	-291.05481	
604	6.030	-479.51614	1398.60632	-5.91273				-336.12836	1550.27063	-49.44803	-567.06134	1504.82971	-65.28054	-209.11168	1534.23499	-251.15247	-585.83026	1401.83313	-187.31085	-359.83572	1293.95032	-179.62805	-442.10590	1523.20422	-339.95474	-59.59086	1277.87000	-293.97388	-703.83948	1157.04089	-119.94215	-62.32618	1047.83289	-202.10068	-322.05725	1013.00299	-478.84851	-153.45990	950.62732	-236.22423	-426.11826	906.49097	-181.41487	-733.41583	1014.45850	88.30681	-94.42577	507.14325	-290.37750	-468.59122	488.74582	-229.35960	-115.46706	98.56570	-448.70999	-438.65311	91.00537	-290.42419	
605	6.040	-480.43909	1398.38684	-6.42043				-337.45331	1550.63403	-50.06091	-567.94220	1504.20093	-64.62621	-211.75400	1533.94092	-249.13852	-586.80969	1401.79102	-186.19658	-360.70383	1294.18933	-179.39003	-443.43268	1522.90466	-339.02008	-59.23663	1277.87439	-293.54483	-704.25433	1156.92322	-119.08121	-60.37012	1048.10583	-201.90199	-322.84967	1013.71460	-478.30737	-153.83347	950.99493	-236.20670	-427.06525	906.18256	-180.55194	-734.12518	1014.17639	89.88752	-94.37229	507.28323	-290.40347	-468.76709	488.65173	-228.93039	-115.56477	98.92063	-448.82288	-438.72824	90.89165	-290.73077	
606	6.050	-481.19931	1396.95227	-6.03886				-341.26849	1548.88623	-49.27050	-568.99396	1503.27661	-63.67773	-212.42667	1534.57141	-249.21718	-588.01416	1401.30029	-185.69980	-361.64526	1293.59753	-178.43056	-445.00885	1522.91882	-338.65891	-59.87441	1278.20056	-292.92056	-704.94403	1156.44995	-117.42826	-63.04543	1048.74731	-202.08180	-323.66492	1013.78729	-477.47504	-154.86842	951.43298	-235.12288	-427.68854	905.89459	-179.84167	-734.40436	1013.87030	90.90501	-93.97246	507.55899	-290.23578	-469.01144	488.31042	-228.69342	-115.74919	99.39263	-449.19080	-438.63672	90.98031	-290.42200	
607	6.060	-482.58963	1397.27417	-3.42421				-340.11096	1550.04871	-49.35138	-570.09869	1502.73389	-63.42586	-213.75804	1535.60828	-247.32237	-589.07147	1401.24915	-184.77164	-362.76364	1293.31433	-178.42891	-446.01062	1522.75696	-338.23300	-61.58622	1279.03711	-291.61157	-705.86145	1155.93726	-116.50808	-63.80503	1048.66992	-204.23502	-324.16544	1013.82861	-477.06693	-155.54842	951.52039	-234.44339	-428.19925	906.05280	-179.90532	-734.83276	1014.72888	92.54858	-93.74804	507.83090	-290.52203	-469.62939	488.46414	-228.40182	-115.75907	99.56562	-449.08908	-438.62189	90.96297	-290.42566	
608	6.070	-483.09067	1396.62292	-5.05165				-344.01999	1549.47888	-47.83347	-571.70648	1502.71545	-63.38742	-214.47377	1535.60547	-246.78450	-589.88312	1400.92432	-184.21242	-363.53253	1293.28833	-178.38052	-447.50781	1522.61169	-337.74210	-63.46076	1279.09436	-291.88705	-706.27612	1155.92029	-115.00658	-64.31079	1049.24377	-204.75372	-325.00537	1014.24506	-476.99533	-156.65494	952.20496	-235.37947	-428.16946	906.17566	-179.57465	-736.07306	1014.55865	93.79436	-93.28362	508.01477	-290.71542	-469.62604	488.48495	-228.12082	-115.62431	99.76591	-449.41150	-438.62546	90.95534	-290.42975	
609	6.080	-484.71518	1396.63098	-3.19673				-345.45206	1548.87317	-46.78648	-572.96155	1502.38818	-62.77509	-216.24463	1535.73328	-245.86147	-590.78485	1400.42871	-183.43214	-364.09125	1293.86963	-177.98065	-448.56699	1522.40247	-337.26450	-62.65850	1279.95728	-290.70944	-706.97900	1156.06445	-114.39379	-64.81998	1049.30957	-204.89383	-325.31982	1014.22192	-476.45053	-157.46779	952.04425	-235.36052	-428.11478	905.70996	-179.21120	-736.22845	1014.08661	95.14772	-93.38009	507.93201	-290.53470	-470.17953	488.43005	-227.59985	-115.68923	99.97554	-449.29782	-438.62726	90.97678	-290.40744	
610	6.090	-485.53058	1395.06079	-4.87468				-343.88498	1550.16760	-46.68081	-573.74847	1502.09033	-62.15958	-216.85042	1535.14294	-246.43954	-591.61060	1400.08728	-182.48048	-364.76691	1293.47009	-178.38052	-449.57663	1522.29065	-336.52875	-63.39970	1280.20898	-291.33426	-707.56836	1155.70215	-113.06400	-64.93639	1049.40259	-204.85994	-326.04343	1014.00165	-475.48975	-158.30434	952.02008	-235.40742	-428.16031	905.45752	-179.08392	-736.33600	1013.90363	96.55621	-92.89635	508.17111	-290.57172	-470.26248	488.42661	-227.23506	-115.68090	99.98596	-449.07394	-438.54742	90.62790	-290.11099	
611	6.100	-486.59674	1394.91248	-4.00979				-347.14563	1548.86243	-45.64275	-574.52551	1501.79333	-61.88749	-217.84801	1535.29834	-246.49463	-591.97717	1399.72314	-182.37283	-366.07309	1293.12463	-177.61392	-450.88727	1522.25146	-336.10559	-64.56631	1280.62891	-290.70844	-708.09277	1155.00793	-111.48477	-65.14291	1049.65723	-204.71387	-326.62082	1013.97888	-474.90408	-158.91026	951.79083	-235.69717	-428.31903	905.10065	-178.79787	-736.80780	1014.16919	98.87643	-92.73062	508.42056	-290.92401	-470.25888	488.40591	-227.22734	-115.75408	99.95690	-448.92874	-438.54669	90.61298	-290.12109	
612	6.110	-487.09079	1395.11133	-4.66758				-347.68549	1548.96521	-45.15605	-575.29596	1501.65979	-60.85023	-218.47490	1536.42603	-245.75778	-592.76801	1399.56165	-181.58067	-366.71902	1292.80981	-177.96503	-451.80798	1522.05139	-335.81906	-64.49056	1280.99829	-290.96954	-708.44189	1155.08997	-111.09104	-65.27380	1049.71985	-204.72311	-326.99283	1014.06586	-474.85583	-159.19434	952.46454	-235.95451	-428.37897	905.11365	-178.46385	-737.66455	1014.53827	99.70374	-92.73550	508.44006	-290.93475	-470.24298	488.39224	-227.21480	-115.85448	100.38922	-449.00055	-438.35175	90.32914	-289.90833	
613	6.120	-488.02634	1395.32080	-2.65422				-346.66010	1549.88782	-44.66754	-576.83569	1500.77832	-59.88259	-219.48988	1536.09985	-244.89178	-593.60052	1399.66455	-180.30222	-367.01334	1292.90491	-176.41920	-452.79745	1521.94543	-335.17847	-65.85563	1281.17639	-291.68619	-709.05511	1155.12964	-109.59210	-65.55897	1050.08301	-204.80583	-327.35898	1014.16235	-474.80627	-159.30440	952.47314	-235.98338	-428.50018	904.66559	-177.30280	-738.04279	1014.84302	101.14948	-93.09120	508.48953	-290.95059	-470.14709	488.48090	-226.96910	-115.73680	100.83884	-448.78503	-438.54388	90.63777	-290.10089	
614	6.130	-488.98138	1395.50330	-0.70660				-347.50348	1549.82898	-44.27184	-580.10895	1500.69482	-61.91027	-221.26138	1535.57007	-245.96729	-594.36316	1399.38867	-179.79977	-368.15759	1292.73804	-176.41141	-453.85065	1522.02649	-334.88232	-66.05540	1281.85974	-291.86923	-709.79626	1155.01367	-109.27703	-65.65957	1050.09375	-204.86633	-327.87753	1014.15515	-474.16577	-159.76360	952.49316	-235.79868	-428.78760	904.67572	-176.90710	-738.55310	1015.73102	102.58363	-93.37243	508.55746	-291.29767	-470.11887	488.46973	-226.95052	-115.82005	101.01414	-448.55728	-438.31796	90.32855	-289.89044	
615	6.140	-489.19818	1395.23767	-1.41110				-350.75064	1548.16016	-43.07801	-577.77795	1500.55469	-59.02401	-221.40424	1535.50793	-246.48871	-594.88776	1399.17480	-179.22844	-369.10654	1292.83997	-176.60692	-454.82889	1521.71143	-334.30127	-66.40079	1281.51855	-291.28607	-710.56732	1154.87585	-107.50755	-65.66069	1049.95020	-205.00066	-328.21997	1013.94092	-472.91809	-160.03445	952.74365	-235.90533	-428.89267	904.70203	-176.57576	-738.95270	1015.49841	103.74226	-93.41205	508.55350	-291.31296	-470.05936	488.46924	-226.91772	-115.77508	101.09475	-448.33868	-438.51474	90.62784	-290.09113	
616	6.150	-489.69641	1394.83020	-0.97617				-351.46600	1548.18640	-42.91778	-578.37897	1500.00500	-58.43493	-222.97641	1534.98218	-245.45282	-595.53809	1398.93030	-179.12427	-369.32153	1292.74109	-176.79759	-455.44644	1521.69470	-334.06766	-67.22909	1282.94519	-291.26294	-711.22473	1155.16565	-106.90633	-66.22225	1050.15186	-205.02386	-328.99203	1014.38727	-472.53098	-160.51689	952.57312	-235.58253	-429.09476	904.54517	-176.46344	-739.27612	1016.29620	104.57822	-93.54168	508.77664	-291.56366	-469.74728	488.42841	-226.85216	-115.74786	101.13654	-448.32062	-438.51157	90.64449	-290.06802	
617	6.160	-490.32632	1394.13562	-0.17994				-349.46896	1549.76086	-43.35449	-579.12012	1500.10522	-58.18118	-223.00298	1535.34436	-245.09262	-596.20776	1398.84558	-178.93115	-369.74261	1292.37000	-177.05843	-456.13950	1521.68298	-333.54761	-67.84232	1282.06921	-290.72778	-711.53882	1154.94446	-105.77408	-66.29971	1050.18091	-205.05290	-329.17630	1014.63110	-471.89926	-161.17896	952.52753	-235.92630	-429.73779	904.66986	-175.95982	-739.67645	1016.67737	106.76479	-94.09081	508.82822	-291.55026	-469.71222	488.42035	-226.83067	-115.50793	101.36486	-447.97928	-438.53232	90.67168	-290.06866	
618	6.170	-490.77783	1394.41479	-0.22216				-350.07007	1549.62512	-42.96498	-579.54272	1499.78857	-57.39574	-223.00298	1535.34436	-245.09262	-596.75476	1398.88464	-178.09271	-370.81186	1292.19373	-177.04591	-457.06525	1521.66187	-333.03864	-67.77244	1282.72314	-290.62402	-711.84894	1154.87122	-104.12442	-66.44207	1050.09900	-205.21228	-329.76312	1014.86774	-471.73373	-161.58255	952.57056	-235.70749	-430.24420	904.52295	-176.09460	-740.37695	1017.45654	107.12084	-94.34838	509.09045	-291.56439	-469.50604	488.21432	-226.97829	-115.51266	101.37164	-447.97574	-438.30807	90.35448	-289.85962	
619	6.180	-490.95108	1394.19202	-0.78185				-350.83878	1549.47913	-42.39995	-579.85272	1499.80957	-57.58822	-224.64993	1535.46118	-243.50668	-597.58209	1398.32520	-177.37445	-370.97382	1292.10754	-176.66623	-457.74539	1521.55981	-332.49857	-68.95800	1282.30762	-289.59641	-711.91241	1155.07178	-104.01541	-66.45363	1050.17993	-205.15596	-330.06131	1014.95154	-471.69250	-161.86870	952.62286	-236.54427	-430.09796	904.70654	-175.95061	-740.63007	1017.93817	108.94851	-94.60258	508.91516	-291.80225	-469.48431	488.21341	-226.96613	-115.57629	101.32256	-448.13226	-438.27417	90.36459	-289.84702	
620	6.190	-492.00296	1394.91870	2.91584				-351.29666	1549.37219	-42.20978	-580.99335	1499.68799	-56.47058	-224.64993	1535.46118	-243.50668	-597.91431	1398.41125	-177.18004	-371.67960	1292.20215	-176.94943	-458.27454	1521.51147	-332.38074	-68.61630	1282.48145	-290.09943	-711.98767	1155.24377	-102.97025	-66.70876	1050.39709	-205.28201	-330.72324	1014.63904	-470.80112	-162.24373	953.18896	-236.31450	-430.27405	904.54883	-175.71671	-740.78864	1018.33441	109.63811	-92.64455	510.54105	-291.56961	-469.76984	488.52579	-226.80099	-115.18322	101.67340	-447.92703	-438.26410	90.37779	-289.81970	
621	6.200	-492.05142	1394.85474	2.75991				-351.54883	1549.33728	-42.09348	-584.33472	1500.15869	-58.17686	-225.36606	1535.44055	-243.10475	-598.23718	1398.62061	-176.70367	-371.84680	1292.77063	-175.87761	-458.68265	1521.48218	-332.16476	-70.73314	1282.60852	-290.22687	-712.25134	1155.26941	-102.25072	-66.71770	1050.31860	-205.62932	-330.93866	1014.71149	-470.76907	-162.24857	953.20239	-236.32278	-430.13290	904.72565	-175.56075	-740.91205	1019.20593	110.80805	-93.09911	510.21796	-291.64798	-469.12100	488.37912	-227.17671	-115.43869	101.43681	-447.94962	-438.23737	90.39079	-289.78732	
622	6.210	-492.05682	1394.37744	3.18063				-351.75104	1549.25403	-42.02705	-581.62585	1499.18713	-55.93828	-226.24121	1535.69067	-242.58850	-598.40723	1398.69934	-176.78532	-371.86948	1292.57251	-175.54692	-459.24390	1521.34875	-331.29987	-70.88049	1282.85156	-290.30774	-712.62701	1155.33374	-101.27538	-66.70310	1050.15588	-205.34404	-331.01849	1014.66589	-470.27563	-162.25656	953.18842	-236.32056	-430.29984	904.64966	-174.98679	-742.26892	1020.54309	111.85348	-93.60896	510.57025	-292.12613	-468.65311	487.79440	-226.77252	-115.15446	101.71440	-447.90942	-438.22241	90.40696	-289.78098	
623	6.220	-492.02670	1394.31177	3.30343				-354.01038	1547.84314	-41.30085	-581.74341	1499.16223	-56.02188	-226.39842	1535.85364	-242.87895	-598.66870	1398.82837	-176.15988	-372.21411	1292.30627	-174.71342	-459.58649	1521.41931	-331.12497	-71.91370	1282.56458	-290.96793	-712.87140	1155.60974	-101.23936	-66.95393	1050.24829	-205.82315	-331.39944	1014.53564	-469.72565	-162.57813	952.81207	-235.64684	-430.32724	904.73364	-174.62518	-742.53491	1021.58752	112.36211	-95.54383	509.97052	-292.42688	-468.67841	487.71741	-226.96686	-115.09855	101.76904	-448.15775	-438.22244	90.42800	-289.76169	
624	6.230	-491.99872	1394.21643	3.42605				-352.37756	1549.09338	-40.88965	-581.94354	1498.48450	-54.84680	-227.11853	1535.64709	-242.41522	-598.65228	1399.09595	-176.07356	-372.86826	1291.86169	-174.38814	-459.83673	1521.60730	-330.87161	-72.51287	1282.60315	-291.18317	-713.09564	1155.50867	-101.05800	-67.06226	1050.20129	-205.95070	-331.55356	1014.59515	-469.70129	-162.64528	953.14874	-235.80402	-430.51453	904.53815	-174.70992	-742.76569	1022.25482	112.66949	-96.14533	509.74985	-292.92624	-468.69693	487.58984	-227.38812	-115.12585	101.77833	-447.88095	-438.21127	90.44495	-289.75235	
625	6.240	-491.73285	1393.60693	2.63269				-352.62604	1548.74988	-40.17074	-582.09076	1498.30823	-54.40563	-227.11853	1535.64709	-242.41522	-598.70343	1399.47522	-175.28355	-373.32074	1291.79187	-174.56566	-460.46515	1521.70007	-330.54800	-72.14109	1282.66663	-291.03036	-713.14734	1155.62744	-100.82780	-67.30881	1050.35742	-206.97079	-331.87387	1014.51678	-469.47543	-162.94876	953.04272	-235.36855	-430.61737	904.54840	-174.38670	-743.19324	1022.83966	113.49051	-96.56733	509.55893	-293.24713	-468.50137	487.66949	-227.39333	-115.14044	101.79312	-447.87299	-438.21124	90.44898	-289.74588	
626	6.250	-491.69284	1393.53040	2.79338				-352.69058	1548.69849	-40.16166	-581.81207	1497.88342	-53.73391	-227.11853	1535.64709	-242.41522	-598.69183	1399.72241	-175.11890	-373.48373	1292.33105	-174.08644	-460.63956	1521.76819	-330.52802	-71.81078	1282.33789	-291.29300	-713.18787	1155.68799	-100.83730	-67.45074	1050.30811	-206.74420	-332.09061	1014.56323	-469.44843	-163.09555	953.20398	-235.49475	-430.74612	904.51740	-174.03510	-743.23615	1023.88660	113.88515	-96.61481	509.56000	-293.26801	-468.30984	487.32541	-226.70067	-115.10670	101.83704	-447.85431	-438.23923	90.80849	-290.03479	
627	6.260	-491.82495	1393.26917	3.73137				-352.84357	1548.56580	-39.87602	-581.81421	1497.80298	-53.13049	-227.11853	1535.64709	-242.41522	-598.90924	1399.93860	-174.44052	-373.40335	1292.22791	-173.01117	-460.92413	1521.84180	-330.02496	-72.43488	1282.79504	-291.05264	-713.24121	1155.71777	-100.35063	-67.69936	1050.07068	-207.52222	-332.37634	1014.52063	-469.16666	-164.01105	953.05627	-236.07219	-430.68317	904.68768	-173.80772	-743.03387	1024.67322	114.20719	-96.69250	509.82294	-293.37415	-468.17157	487.15680	-226.60715	-115.11325	101.85506	-447.84534	-438.24222	90.80209	-290.03442	
628	6.270	-491.47455	1392.29810	2.64474				-352.81537	1548.59888	-39.41049	-581.88763	1497.71985	-53.09235	-227.11853	1535.64709	-242.41522	-598.86127	1399.92407	-174.41971	-373.56012	1292.64636	-173.05003	-460.92007	1521.85254	-329.47809	-72.43488	1282.79504	-291.05264	-713.28265	1155.78650	-100.36102	-67.97221	1049.98474	-208.21478	-333.17322	1014.39191	-468.85703	-163.94450	953.26288	-236.40295	-430.85278	904.61609	-173.65405	-743.10510	1025.47986	114.18359	-96.76028	509.81232	-293.39853	-468.29279	487.50473	-227.26228	-115.11186	101.88490	-447.83130	-438.20306	90.49448	-289.68457	
629	6.280	-491.42245	1392.27979	2.83377				-352.81396	1548.62256	-39.39975	-581.78851	1497.81433	-52.52801	-227.11853	1535.64709	-242.41522	-598.91168	1399.92542	-174.43733	-373.64575	1292.84253	-173.43236	-460.64032	1521.79260	-328.62924	-72.09933	1282.68970	-291.42221	-713.51074	1156.07483	-100.48271	-67.24623	1048.30884	-210.06372	-333.64209	1014.53198	-469.13614	-164.41197	953.00519	-236.33568	-431.58533	905.12256	-173.47209	-743.17883	1026.15637	114.08169	-94.91965	510.95786	-293.38791	-467.81720	487.44012	-227.17903	-115.06857	101.91269	-447.82089	-438.24252	90.85451	-290.00104	
630	6.290	-491.37161	1392.23950	3.02392				-352.73389	1548.60913	-39.44857	-581.72516	1497.80872	-52.48896	-227.34990	1535.70544	-241.03862	-599.05884	1399.71606	-174.02925	-373.57767	1292.77637	-172.90088	-460.72672	1521.90564	-328.46432	-72.43488	1282.79504	-291.05264	-713.66418	1156.14307	-100.59426	-67.22956	1048.15747	-209.70697	-334.30673	1015.02820	-469.55414	-164.57896	952.74506	-236.06750	-432.18964	905.15387	-173.55260	-743.06830	1026.37109	114.30132	-94.96402	511.12262	-293.90271	-467.52979	487.23380	-226.52534	-114.99230	101.94570	-448.08081	-438.19977	90.51816	-289.68488	
631	6.300	-491.15240	1391.75403	2.92254				-352.49313	1548.41870	-38.43532	-581.60602	1497.79614	-52.41618	-227.34990	1535.70544	-241.03862	-599.05640	1399.72241	-174.03032	-373.48026	1292.58301	-172.29822	-460.54800	1521.84290	-327.84146	-72.43488	1282.79504	-291.05264	-714.11456	1156.11877	-100.59498	-67.38933	1048.24207	-210.20682	-334.65704	1014.98755	-469.28598	-164.57101	952.92877	-236.38025	-432.53671	904.98102	-173.25519	-742.94537	1026.53296	114.27513	-95.48552	511.36008	-294.59521	-467.48599	487.22928	-226.50008	-114.51427	102.36347	-448.08514	-438.16263	90.49333	-289.67953	
632	6.310	-491.03033	1391.81409	3.34041				-354.40454	1547.06885	-36.84983	-581.45050	1497.79419	-52.31652	-227.30049	1535.39246	-241.26537	-599.09521	1400.08301	-173.22369	-373.45120	1292.58154	-172.27039	-460.51834	1522.00415	-327.74011	-72.10448	1282.46631	-291.31522	-714.39380	1156.21838	-100.77899	-67.84558	1047.94849	-210.43726	-335.01944	1015.25543	-469.22571	-164.64104	952.89569	-236.40013	-432.77774	904.86951	-173.17755	-742.97192	1026.72400	114.06057	-95.66502	511.41855	-295.15280	-467.24048	487.35306	-226.65318	-114.47928	102.38107	-448.07904	-438.22922	90.86753	-289.98373	
633	6.320	-490.92276	1391.91943	3.69572				-353.88968	1547.08594	-37.16018	-581.24219	1497.90784	-52.24065	-227.17854	1535.57227	-240.66783	-599.01685	1400.26843	-172.99826	-373.35941	1292.30078	-172.40021	-460.54913	1522.07825	-327.42480	-72.10448	1282.46631	-291.31522	-714.65802	1156.31042	-100.94968	-67.90149	1047.91504	-210.49211	-335.29449	1015.26550	-468.99258	-164.73590	952.85144	-236.42726	-432.79700	904.86627	-173.18623	-742.74042	1026.76440	114.06803	-95.58788	511.46136	-295.45041	-466.97806	487.64389	-229.06085	-114.45927	102.38174	-448.08002	-438.19763	90.86523	-289.96100	
634	6.330	-490.80576	1392.01221	4.08750				-351.76035	1548.34656	-37.67146	-581.06543	1497.91528	-52.12434	-227.26262	1534.81042	-241.85570	-598.92883	1400.59961	-172.51476	-373.34729	1292.61023	-172.17569	-460.38910	1522.12793	-326.94547	-71.81078	1282.33789	-291.29300	-714.90552	1156.27747	-101.59725	-67.89700	1047.65588	-210.91646	-335.84012	1015.49493	-469.03049	-164.99651	952.33734	-236.18069	-433.01328	904.77094	-172.57845	-742.66553	1027.40051	113.49178	-95.87071	511.53552	-295.81335	-466.94131	487.62677	-229.03995	-114.42330	102.39252	-448.07724	-438.18497	90.85827	-289.96118	
635	6.340	-490.52573	1392.19922	3.40302				-351.30533	1548.39929	-38.02913	-580.75232	1498.03296	-51.87623	-227.26262	1534.81042	-241.85570	-598.88904	1400.60547	-172.50291	-373.21063	1292.32861	-172.26271	-460.29373	1522.17053	-326.94504	-71.75026	1281.68542	-292.16141	-715.47388	1156.23645	-102.27375	-67.69801	1047.33093	-211.51472	-336.33267	1015.16864	-468.76700	-165.32126	952.14233	-236.44160	-433.26523	904.62579	-172.06516	-742.64526	1027.48987	112.98062	-95.97205	511.66702	-296.12234	-466.93375	487.63312	-229.03883	-114.40977	102.39088	-448.07889	-438.18573	90.86438	-289.95874	
636	6.350	-490.49802	1392.25049	3.48854				-350.75186	1548.22595	-38.09642	-580.45483	1498.09619	-51.66428	-226.69939	1535.55957	-241.83194	-598.83777	1400.59949	-172.48357	-373.13315	1292.35071	-172.19221	-460.19995	1522.52808	-327.05450	-71.68647	1281.01709	-293.37488	-715.68146	1156.21082	-102.44236	-67.97044	1048.58606	-206.72647	-336.70770	1015.05200	-468.55936	-165.17917	952.10388	-236.79532	-433.29868	904.61823	-172.07961	-742.20142	1027.16272	112.71096	-96.05973	511.72250	-296.51208	-466.58755	487.30371	-228.90732	-114.40296	102.40446	-448.07288	-437.99252	90.99668	-290.13205	
637	6.360	-490.01489	1392.03772	2.53835				-349.73114	1548.02393	-38.33435	-580.02795	1498.79358	-51.79143	-226.02211	1535.57117	-242.02690	-598.75854	1400.59863	-172.45619	-373.06027	1292.37451	-172.12633	-459.92767	1522.82922	-327.08090	-72.35889	1280.66675	-294.22794	-715.87152	1156.19788	-103.04040	-67.93256	1048.37878	-206.73833	-336.94830	1015.02393	-468.71185	-165.95432	951.53406	-236.83356	-433.43201	904.45905	-172.00117	-742.03467	1026.33765	111.40775	-96.17775	511.88797	-296.85370	-466.42386	487.52097	-228.78708	-114.41282	102.41401	-448.06772	-437.96170	91.01834	-289.76563	
638	6.370	-489.71747	1392.38794	3.50724				-349.25290	1547.88574	-38.43348	-578.69775	1498.51416	-50.96702	-224.92120	1535.04224	-242.20657	-598.62299	1400.81104	-172.34312	-372.59470	1292.44641	-171.93677	-459.63272	1523.04993	-327.20044	-72.21603	1280.45032	-294.18515	-716.28217	1156.38245	-103.95891	-68.06828	1048.10327	-207.05885	-337.43353	1015.05408	-469.12201	-166.21764	951.60468	-236.95500	-433.45132	904.46381	-172.01237	-741.80841	1026.64575	110.32790	-96.16181	511.88626	-296.87396	-466.42566	487.52026	-228.78761	-114.41673	102.41760	-448.06577	-437.96341	91.03794	-289.76135	
639	6.380	-489.11966	1392.90173	3.61342				-348.63629	1547.86621	-38.30399	-577.91394	1498.99060	-50.54259	-224.92120	1535.04224	-242.20657	-598.59546	1400.93323	-172.03688	-372.58047	1292.35486	-172.48955	-459.36368	1523.22205	-327.23627	-72.21603	1280.45032	-294.18515	-716.39606	1156.27576	-105.36824	-68.56651	1047.69946	-207.28264	-337.72263	1014.55493	-469.02380	-166.48572	951.36816	-236.91588	-433.54785	904.42395	-171.78091	-741.11969	1025.92285	109.49662	-96.23476	511.65070	-296.88821	-466.41245	487.66177	-228.48639	-114.45068	102.39661	-448.07352	-437.92984	91.03501	-289.73996	
640	6.390	-488.32864	1393.01135	3.93292				-348.29288	1547.99207	-37.96050	-577.47449	1499.62073	-51.06524	-224.54301	1534.81750	-242.47260	-598.49976	1400.96252	-172.01295	-372.12140	1292.52283	-172.30634	-459.07599	1523.29517	-327.44162	-72.92297	1280.37231	-294.93726	-716.40735	1156.29431	-105.62281	-69.38721	1047.15405	-211.22388	-337.99399	1014.82178	-469.25284	-166.80380	950.92761	-237.27066	-433.57843	904.44904	-171.80409	-740.66290	1024.38464	108.95823	-96.54485	511.71249	-296.95609	-466.42773	487.67377	-228.49666	-114.46509	102.38716	-448.07709	-437.91669	91.02914	-289.74692	
641	6.400	-487.38199	1393.59155	3.70444				-347.59882	1548.29285	-38.44642	-576.90558	1499.90698	-50.69335	-224.54301	1534.81750	-242.47260	-597.85437	1401.27600	-172.56564	-371.43927	1292.77100	-173.14383	-458.83649	1523.36975	-327.44519	-72.68859	1279.96167	-295.20856	-716.36859	1156.17578	-106.67445	-69.42873	1046.26514	-211.30884	-338.40817	1014.99725	-469.43765	-167.55705	950.52130	-237.88574	-433.60153	904.46002	-171.81915	-740.48865	1023.74860	107.95394	-96.98824	511.76340	-297.07443	-466.75723	487.98566	-228.61562	-114.49803	102.38831	-448.07440	-437.87515	91.04928	-289.70340	
642	6.410	-486.53140	1394.01074	4.40334				-346.58618	1548.55872	-39.29215	-576.20856	1500.23950	-50.62937	-223.59630	1534.30127	-242.47382	-597.52051	1401.36755	-172.63747	-371.36240	1292.55701	-173.61678	-458.20752	1523.72498	-327.43835	-72.78729	1279.89514	-295.23053	-715.86743	1155.88806	-107.41715	-69.45201	1045.88416	-211.37518	-338.68784	1014.64984	-469.77328	-168.09743	950.49127	-238.38045	-433.66528	904.51111	-171.86710	-739.33276	1023.12463	105.94861	-98.78374	510.75513	-297.42804	-466.94202	487.75742	-228.73088	-114.99306	101.94617	-448.08054	-437.83249	91.02764	-289.71289	
643	6.420	-486.09814	1394.39014	5.84958				-347.78848	1547.63818	-38.73817	-575.63837	1500.50830	-50.72184	-222.86253	1534.40515	-243.38948	-597.17828	1401.54919	-172.53935	-371.24545	1292.60205	-173.51201	-457.83630	1523.83008	-327.61420	-72.77569	1278.07007	-296.63538	-715.51459	1155.81458	-108.07445	-69.74513	1045.57922	-212.19011	-339.07913	1014.66864	-470.49356	-168.45334	949.79932	-238.69987	-434.53680	904.94922	-172.06233	-739.00769	1021.94360	105.36422	-99.16872	510.52579	-297.38971	-467.15811	487.59464	-227.99515	-115.05933	101.90169	-448.09735	-437.81256	91.02840	-289.68970	
644	6.430	-484.74533	1393.64795	3.33786				-344.91641	1548.59424	-39.94885	-574.95972	1500.75732	-50.58593	-222.51680	1534.43481	-244.01723	-596.78046	1401.44238	-173.04915	-370.87344	1292.52856	-173.33295	-457.40964	1523.94312	-327.87735	-72.86588	1277.98511	-296.64639	-714.93085	1155.70361	-109.48177	-69.95621	1045.17102	-211.58109	-339.20618	1014.55829	-470.75940	-168.86644	949.33490	-239.22800	-434.64926	905.00018	-172.13474	-739.80286	1021.88861	103.84270	-99.43652	510.42969	-297.39108	-467.56799	487.46011	-227.81375	-115.12637	101.88498	-448.10092	-437.73642	91.02223	-289.66696	
645	6.440	-483.99759	1394.09070	3.81824				-344.92120	1547.20044	-39.08150	-573.48364	1500.72095	-49.72012	-222.32755	1534.22778	-243.96391	-596.24823	1401.73926	-173.06931	-370.43118	1292.25049	-173.93739	-456.87421	1524.22400	-328.06537	-72.37739	1277.10730	-296.30350	-714.72986	1155.75696	-110.38436	-70.34260	1044.64539	-212.90857	-339.62341	1014.47461	-471.19629	-168.82521	949.10431	-239.33450	-434.74820	905.03204	-172.19441	-739.74243	1021.56891	102.71228	-99.48372	510.40842	-297.40198	-467.58856	487.66733	-227.19507	-115.19769	101.84220	-448.11661	-437.51035	91.22364	-289.52451	
646	6.450	-483.49158	1394.56763	5.50212				-344.67191	1547.00159	-39.16269	-572.83020	1501.03418	-49.98175	-221.66003	1533.82056	-244.07347	-595.93872	1401.72021	-173.29697	-370.24026	1292.09863	-173.78294	-456.33279	1524.38306	-328.37320	-72.84039	1277.16309	-296.70187	-714.64294	1155.62585	-111.13254	-70.54591	1044.15454	-214.13480	-339.93954	1014.51843	-471.60309	-168.59259	948.55890	-239.69460	-435.26093	905.28247	-172.34045	-737.19653	1019.77722	101.40511	-99.55177	510.36581	-297.41241	-467.69315	487.76666	-226.61279	-115.25042	101.82142	-448.12308	-437.21619	90.73065	-289.11560	
647	6.460	-481.81860	1393.65845	2.41893				-341.72220	1548.15259	-40.68133	-571.36237	1500.93469	-49.98472	-220.64000	1533.48889	-244.41667	-595.65558	1401.67090	-173.18527	-370.06812	1291.83569	-174.12927	-455.82819	1524.42273	-328.59659	-72.38796	1277.23438	-296.51456	-714.33569	1155.48303	-112.33599	-70.46727	1043.75232	-213.73172	-340.16922	1014.35822	-471.92966	-169.02319	948.10626	-239.97234	-435.35638	905.30377	-172.39510	-736.98553	1019.31635	101.03136	-99.79958	510.18542	-297.64557	-467.73395	487.77411	-226.63229	-115.28240	101.79470	-448.13367	-436.84583	90.64013	-289.12744	
648	6.470	-481.10370	1394.66235	4.39709				-340.96655	1548.32275	-40.48705	-572.34149	1501.30957	-50.75951	-218.80023	1533.20166	-245.83978	-594.91150	1402.18420	-173.58972	-369.29178	1292.36597	-174.77795	-455.42456	1524.42859	-328.61984	-71.92540	1276.32666	-296.90103	-714.16223	1155.46643	-113.32775	-70.84815	1043.19458	-213.83852	-340.26395	1014.19598	-472.08926	-169.08195	948.05609	-239.97917	-435.50021	905.22455	-173.04889	-738.74646	1020.39551	98.28355	-99.85015	510.15872	-297.65549	-468.17276	487.61261	-226.40886	-115.33039	101.75134	-447.88049	-436.73981	90.61595	-289.10703	
649	6.480	-480.04846	1394.67297	3.53375				-341.50464	1547.52979	-40.33558	-569.87921	1501.43518	-49.35835	-218.63092	1532.67273	-246.25908	-594.44263	1402.29993	-173.76755	-368.90515	1291.87964	-174.98918	-454.61819	1524.79968	-329.35541	-72.00311	1274.55066	-297.86343	-714.06671	1155.77905	-114.58786	-70.18134	1041.25989	-215.95377	-340.35886	1014.12616	-472.09500	-169.61685	947.60455	-240.25081	-435.62024	905.13867	-173.45866	-738.27698	1020.06384	96.95309	-100.09017	509.96088	-297.88721	-468.51633	487.87460	-226.50439	-115.31568	101.76155	-447.87662	-436.39066	90.44959	-289.05188	
650	6.490	-479.09320	1394.97314	3.33436				-340.95938	1547.21033	-40.98546	-569.03619	1502.02490	-49.96025	-218.90820	1532.69275	-246.54707	-594.28296	1402.33643	-173.72397	-368.72031	1292.62390	-175.30783	-454.07819	1524.99524	-329.53641	-72.06442	1274.20044	-298.67740	-713.88629	1155.80200	-115.49037	-70.99170	1041.79517	-213.12331	-340.57138	1014.01147	-472.35770	-170.13719	947.34259	-241.39926	-435.74130	905.14331	-173.89268	-736.69971	1018.75635	95.85669	-100.59811	509.91174	-298.19116	-468.40414	488.11871	-226.24655	-115.30628	101.76733	-447.87448	-436.17545	90.58800	-289.21567	
651	6.500	-478.21848	1395.76563	4.36573				-338.26376	1549.02637	-42.10807	-567.93591	1502.40857	-49.75344	-218.18723	1532.61853	-246.95900	-593.65784	1402.60559	-174.63243	-368.54425	1292.45190	-175.60187	-453.41229	1525.28601	-329.53802	-71.75562	1274.12036	-299.54675	-714.31689	1157.09302	-117.62356	-68.21211	1041.36926	-213.30151	-340.73633	1013.92145	-472.36166	-170.87563	947.13507	-241.70297	-435.90591	905.20117	-173.99333	-736.78418	1018.30823	95.25594	-100.86182	509.64624	-298.57278	-468.10651	487.50604	-225.03687	-115.27927	101.78785	-447.86649	-435.97327	90.75171	-289.28271	
652	6.510	-476.96771	1396.22168	4.34954				-337.28464	1549.34827	-42.36957	-568.22113	1502.37292	-50.66160	-216.96609	1532.43921	-247.83585	-593.18109	1403.10559	-174.72609	-368.01303	1292.40479	-176.22244	-452.77448	1525.50977	-330.00513	-72.94045	1271.44836	-302.96051	-713.81750	1157.13330	-117.91077	-70.33199	1038.52466	-219.01627	-340.97110	1013.74725	-472.73615	-170.84091	946.29553	-241.80238	-436.11646	905.16351	-174.46317	-736.43250	1018.35608	93.05926	-101.11826	509.69232	-299.05612	-468.12076	487.49219	-225.04083	-115.23193	101.82407	-447.85236	-435.85223	90.72127	-289.23969	
653	6.520	-475.66492	1395.54517	2.28491				-337.11859	1548.60107	-43.29242	-565.75098	1502.82190	-50.67233	-215.72034	1532.03101	-248.33783	-592.28186	1402.04175	-174.27106	-366.97772	1292.87915	-175.82816	-452.24060	1525.71838	-330.29715	-72.79510	1271.31433	-304.06293	-713.38855	1157.13953	-118.25664	-70.98909	1037.93994	-220.03375	-341.44769	1013.76984	-473.03357	-170.98366	946.39722	-242.66685	-436.63754	905.15314	-175.09969	-736.09381	1017.96735	91.88651	-101.41433	510.03067	-299.19617	-468.34381	487.30664	-225.19754	-115.18908	101.85570	-447.84015	-435.63690	90.81576	-289.45923	
654	6.530	-474.79993	1395.66968	1.90660				-334.84860	1549.98718	-44.18514	-564.92786	1503.58643	-51.04921	-215.54993	1531.68811	-248.80936	-591.89154	1402.61121	-174.57935	-366.89871	1292.61755	-176.73236	-451.88950	1525.75281	-330.31345	-72.32907	1271.29932	-303.56540	-713.21667	1157.08740	-118.61530	-71.17004	1037.70898	-220.81100	-341.96317	1014.03607	-474.02548	-171.26430	945.49048	-243.23390	-437.60242	905.69592	-175.78271	-735.26514	1017.70685	91.00789	-101.55081	510.04562	-299.52686	-468.37433	487.31381	-225.21628	-115.12122	101.89349	-447.82660	-435.18784	90.71339	-289.49298	
655	6.540	-473.35156	1396.11462	1.37582				-333.76456	1550.46973	-45.09751	-564.00793	1504.15381	-51.30523	-215.00369	1531.08069	-250.14803	-591.98431	1403.81177	-175.20648	-366.81577	1292.67554	-176.66162	-451.07877	1526.11877	-331.06052	-71.17404	1272.16174	-303.72455	-712.89252	1157.71533	-119.78387	-71.37440	1037.60486	-221.01466	-342.41464	1014.04779	-474.27377	-172.06258	945.10095	-243.84576	-437.86633	905.52966	-175.98203	-734.31799	1017.39307	90.19256	-101.90543	510.55984	-299.63425	-468.66660	487.87274	-226.42043	-115.05839	101.92117	-447.81754	-435.05530	90.67490	-289.45566	
656	6.550	-471.47421	1396.86890	1.60289				-333.41626	1549.89893	-45.92020	-562.26379	1503.54822	-50.21510	-214.55261	1531.38696	-251.29396	-591.28040	1403.72644	-175.08501	-366.70505	1292.80103	-177.95039	-450.46902	1526.44641	-331.43256	-71.79614	1271.58557	-302.37082	-712.35699	1158.42468	-120.73953	-71.75244	1037.20093	-221.82875	-342.94315	1013.62823	-474.44067	-172.36874	945.04462	-244.30461	-438.03329	905.58893	-176.08421	-733.47089	1017.13184	89.38280	-102.28800	510.97421	-300.46097	-468.75421	487.88232	-226.46024	-114.54584	102.38193	-447.80380	-434.90991	90.61546	-289.42746	
657	6.560	-470.39993	1397.71667	2.86217				-333.41626	1549.89893	-45.92020	-560.95154	1504.31775	-50.58897	-214.31477	1531.18469	-251.18553	-590.37250	1404.44446	-175.48381	-366.17068	1292.81067	-178.08243	-450.07153	1526.58057	-331.63092				-711.70117	1158.47534	-121.38407	-71.77258	1036.58765	-223.06339	-343.49054	1013.39746	-474.58224	-173.22090	944.75739	-245.88409	-438.31064	905.45148	-176.15932	-732.86865	1016.81921	87.95162	-102.55004	510.63263	-301.22891	-468.85757	487.89603	-226.50797	-114.41554	102.46863	-448.04163	-434.76758	90.56567	-289.38760	
658	6.570	-468.94553	1398.74182	1.78745				-330.57092	1551.38757	-47.06641	-559.72723	1504.54114	-50.85332	-213.52171	1530.81287	-252.16422	-590.08508	1404.74866	-175.26268	-365.54099	1293.47681	-178.10561	-449.67383	1526.81677	-332.18536	-73.02777	1268.84363	-311.53482	-711.28876	1158.47058	-122.13618	-71.73352	1035.93274	-223.39024	-343.81784	1013.32068	-474.77817	-173.34288	944.72479	-245.92957	-438.92770	905.67554	-176.34436	-732.76837	1016.96313	85.99023	-102.82273	510.86426	-301.37521	-469.36197	487.84167	-226.88309	-114.27248	102.60917	-447.96390	-434.69992	90.48448	-289.64536	
659	6.580	-467.69144	1399.24817	1.77540				-329.23138	1552.14514	-48.23806	-558.67078	1505.15771	-50.63742	-213.15263	1530.93652	-253.53653	-588.90887	1405.09180	-175.00996	-365.19019	1293.32019	-179.41823	-449.18036	1527.17920	-332.44360	-71.09475	1270.29858	-308.11047	-711.11694	1158.50098	-122.37602	-72.31567	1037.59998	-219.76549	-344.44119	1013.33899	-475.46896	-173.34193	944.52850	-247.23820	-439.18469	905.54584	-176.64307	-731.24213	1016.69556	85.07079	-103.45667	511.13461	-301.81909	-470.38266	488.17917	-227.24411	-114.36539	102.50877	-447.48495	-434.47287	90.58266	-289.47922	
660	6.590	-466.20984	1399.84558	2.56078				-327.87009	1552.61194	-49.18589	-557.29523	1506.01184	-50.85644	-211.88451	1530.52344	-254.28258	-588.64154	1405.96521	-176.00697	-364.69479	1293.18750	-179.95389	-448.83826	1527.26855	-332.81375	-72.20606	1269.82935	-309.05099	-710.84442	1158.89844	-122.66792	-72.71255	1037.10071	-220.45197	-345.05319	1013.28973	-476.05148	-173.42305	944.84845	-247.50040	-439.59573	905.36725	-176.96970	-730.39038	1016.58118	84.61981	-103.43195	511.16046	-302.48218	-471.43622	488.64725	-226.37242	-114.30803	102.56736	-447.46091	-434.40991	90.54484	-289.47729	
661	6.600	-464.75650	1400.43604	1.91785				-326.74149	1553.30408	-50.17514	-555.92419	1506.97375	-50.66722	-210.69423	1530.17688	-255.45773	-588.01941	1406.09875	-175.97443	-364.90543	1293.54285	-181.30579	-448.36188	1527.57422	-333.33145	-72.07150	1268.80713	-309.85486	-710.51154	1159.11243	-122.78563	-72.44016	1034.97461	-226.60344	-346.00052	1013.47931	-477.11566	-173.90907	944.13971	-248.83179	-440.67093	905.48834	-177.43797	-729.59406	1016.73810	84.26396	-103.61990	511.27570	-302.53766	-471.34900	487.39316	-226.51952	-114.14993	102.93211	-447.79535	-434.43765	90.85919	-289.77194	
662	6.610	-462.44540	1400.82776	0.46630				-325.02679	1553.64453	-51.13805	-554.21228	1508.05017	-50.91136	-210.75026	1529.40894	-256.81839	-587.46362	1407.13513	-175.96159	-364.89185	1293.60413	-181.30165	-448.49414	1528.14270	-333.86591	-72.54752	1268.29993	-311.25851	-709.39038	1158.45471	-124.80013	-73.08214	1033.97559	-227.89955	-346.49860	1013.19379	-477.33658	-174.81557	943.26514	-250.31726	-441.47031	905.60248	-177.50868	-724.52179	1014.71045	84.38110	-103.88521	511.52148	-302.94455	-471.75830	487.17075	-226.56532	-114.21864	102.89346	-447.82901	-434.39450	90.82791	-289.76636	
663	6.620	-461.19736	1402.45947	1.67477				-323.72650	1554.23987	-52.16286	-555.17639	1509.08789	-51.27537	-210.84378	1529.60547	-258.05905	-587.37842	1408.02795	-176.70618	-364.54767	1293.78979	-181.68262	-448.13065	1528.29907	-334.43411	-73.49185	1266.94812	-313.32831	-708.55170	1158.56519	-125.11530	-73.63217	1033.82727	-229.23354	-347.33646	1012.46844	-477.65039	-175.46965	942.97955	-250.58308	-441.70532	905.71802	-177.66241	-722.88965	1014.26666	83.27888	-104.04433	511.88879	-303.09052	-472.25989	487.04343	-226.78479	-114.39204	103.04082	-447.24554	-434.22580	90.97392	-289.80051	
664	6.630	-460.00232	1403.91846	1.99627				-321.90945	1555.42554	-54.03286	-551.25684	1510.20105	-50.13149	-210.44604	1529.59668	-260.20224	-586.92065	1408.74744	-176.69518	-364.65063	1293.58313	-183.24835	-448.42566	1528.47144	-335.17209	-73.83617	1267.00366	-313.12469	-708.17212	1158.62903	-125.13304	-74.21209	1033.86719	-229.74242	-348.22208	1012.30109	-477.80478	-176.33679	942.99969	-251.83926	-442.49628	906.35132	-178.05820	-723.39886	1014.71674	81.27433	-104.12036	512.22699	-303.96332	-472.68018	487.51117	-227.38399	-114.41985	103.07388	-447.22806	-434.19464	90.95043	-289.79800	
665	6.640	-457.67856	1404.71814	1.31508				-320.96344	1555.70288	-55.43681	-549.75732	1511.04272	-49.93295	-210.37598	1529.11279	-260.89835	-586.50171	1408.89734	-176.37387	-364.75726	1293.82458	-183.56172	-448.54904	1528.76648	-336.39224	-74.54995	1266.36707	-315.60498	-707.69824	1158.85767	-124.87698	-74.39028	1032.51123	-232.16487	-349.38684	1012.20184	-478.73074	-176.91782	942.82465	-253.82965	-442.72815	906.43945	-178.20183	-720.65948	1014.35455	81.39964	-104.27893	512.42267	-304.39746	-472.77551	487.50269	-227.43387	-114.55980	103.34251	-447.34814	-434.20032	90.90558	-289.80917	
666	6.650	-455.98035	1405.68518	1.66440				-319.12027	1556.85535	-56.23443	-547.96130	1512.17224	-50.14768	-210.73622	1528.26648	-262.70801	-585.85504	1409.48865	-176.01926	-364.90851	1293.90198	-184.82849	-448.37997	1528.94336	-336.71835	-74.76009	1266.08301	-318.44409	-707.15552	1159.43567	-125.13540	-74.77869	1032.24292	-233.72894	-350.23108	1012.11060	-479.25720	-177.24216	942.58820	-254.21680	-443.64859	907.03772	-178.59062	-719.99371	1014.01233	80.03707	-104.44543	512.72748	-304.88016	-473.03790	487.65411	-227.54150	-114.60376	103.53866	-447.49884	-434.29224	90.72998	-289.95609	
667	6.660	-453.53430	1406.20984	0.67567				-317.34247	1557.67444	-57.63961	-546.56104	1513.10876	-50.21079	-210.27457	1529.02271	-264.61642	-585.51941	1409.81799	-175.80156	-364.38828	1294.31067	-185.09293	-448.38153	1528.98108	-337.15329	-75.39697	1265.09668	-318.54456	-706.61169	1159.77197	-125.52886	-75.26696	1032.71680	-234.78633	-351.16934	1011.64270	-479.90179	-177.36006	942.07159	-255.43788	-444.40744	907.11237	-178.59645	-718.45764	1013.62170	79.67015	-104.90573	512.76599	-306.15765	-473.33676	487.37970	-228.10794	-114.60999	103.54810	-447.49396	-434.20425	90.34734	-289.67365	
668	6.670	-451.56714	1407.64172	0.03467				-315.95438	1558.49561	-59.77868	-544.39270	1513.94360	-49.68199	-208.74400	1528.72314	-267.04529	-585.07898	1410.25598	-176.24574	-363.61014	1294.22693	-186.20743	-448.72293	1529.46167	-337.71109	-75.28445	1264.23413	-321.39667	-706.00336	1159.96240	-125.65902	-75.45837	1032.60901	-235.23666	-352.07437	1011.22040	-480.32156	-177.91171	941.66962	-256.26810	-444.60330	907.15039	-178.70644	-714.85602	1014.00922	80.55093	-104.76575	513.21857	-306.36307	-473.62299	487.20908	-228.28946	-114.52947	103.27533	-447.37201	-434.34140	90.15108	-289.67767	
669	6.680	-449.34592	1410.03186	1.97814				-314.35651	1559.52649	-62.26024	-542.72333	1514.99622	-49.11158	-208.34138	1527.59229	-268.47253	-584.36401	1410.53699	-175.69574	-363.46707	1294.40588	-187.12648	-448.83667	1529.27869	-338.39969	-75.87536	1263.80212	-323.77838	-706.30524	1161.17566	-125.90106	-76.12350	1032.43433	-237.00616	-353.94968	1011.07306	-481.58981	-178.14600	941.50189	-258.83203	-444.88031	907.25500	-178.51146	-713.68201	1014.00311	80.67708	-104.34269	514.03125	-307.16632	-474.15466	486.82849	-228.72868	-114.64185	103.52700	-447.50189	-434.37622	90.12183	-289.70081	
670	6.690	-447.13876	1410.82568	1.72099				-312.72717	1560.40271	-63.56725	-540.87451	1515.93103	-49.24127	-208.04562	1527.70032	-270.98871	-583.43951	1410.35571	-175.18530	-363.40195	1294.49475	-187.07684	-448.83560	1529.33630	-338.68506	-76.70989	1263.92358	-324.84442	-705.91449	1161.31604	-125.60059	-76.46896	1031.72412	-238.70961	-355.52814	1010.86975	-481.65021	-178.45921	941.27429	-259.41489	-445.83624	907.72479	-178.55676	-712.16553	1014.05463	80.60283	-104.46188	514.23590	-307.63501	-474.42038	486.65512	-229.00119	-114.65395	103.65326	-447.91168	-434.44376	90.12343	-289.72552	
671	6.700	-444.64798	1411.78076	0.33301				-311.27448	1561.50391	-65.22732	-538.65155	1516.99353	-48.85939	-207.46196	1527.49744	-273.31116	-582.68408	1410.49915	-174.65396	-362.93799	1294.73450	-188.27132	-449.56024	1529.72290	-340.14316	-75.90065	1263.07910	-329.80731	-705.38672	1161.50391	-125.45071	-77.36607	1031.78125	-240.96288	-356.66074	1010.33380	-482.53534	-179.50526	941.36554	-260.65759	-446.30154	907.54681	-178.18953	-709.56226	1013.01105	80.38988	-103.89835	514.51825	-309.49719	-475.24414	487.32397	-229.25963	-114.52981	103.74683	-448.12589	-434.52847	90.08904	-289.78439	
672	6.710	-442.19751	1413.23706	0.95037				-309.42133	1562.38550	-66.69230	-537.25903	1518.52710	-49.42453	-208.55499	1527.27515	-275.25378	-581.65247	1411.11328	-174.49818	-361.99454	1295.09338	-189.42451	-449.70984	1529.63037	-340.69333	-76.68705	1262.70325	-333.10364	-704.30518	1161.10413	-123.60228	-77.97242	1031.17114	-243.03288	-358.54056	1010.27631	-483.73444	-180.58466	941.00226	-262.14996	-447.36447	907.44342	-178.58784	-708.32159	1013.10553	80.69357	-104.80864	514.44623	-310.38544	-475.79718	486.62982	-229.28052	-114.55080	103.33180	-448.34604	-434.62695	90.03708	-289.86066	
673	6.720	-439.97708	1415.49731	0.86863				-307.41092	1563.62732	-68.41788	-535.26886	1519.40735	-49.36766	-208.28354	1526.98352	-276.65265	-581.27209	1411.24011	-174.70422	-361.58038	1294.83923	-190.45688	-449.78540	1529.53601	-341.05594	-78.64023	1260.87134	-336.82764	-704.01019	1161.56616	-123.86813	-78.53254	1030.88025	-244.78685	-360.08185	1009.33105	-483.80087	-180.85614	939.77905	-263.39648	-447.84164	907.59381	-178.72720	-706.27191	1013.00031	80.15894	-102.67152	514.99792	-311.40567	-476.17584	486.34583	-229.51613	-114.88360	102.66074	-448.64316	-434.77359	90.01744	-289.91013	
674	6.730	-438.07358	1416.89355	1.95552				-306.00705	1564.64417	-70.60506	-533.14288	1520.50500	-48.59168	-208.45474	1526.44031	-280.09128	-580.71960	1411.88306	-174.38220	-361.46576	1294.03638	-191.74037	-450.25171	1529.54346	-341.73822	-78.44128	1261.43811	-338.22577	-702.92249	1161.23889	-122.99178	-78.04989	1031.93152	-244.16670	-361.51535	1009.17413	-484.40964	-181.16585	939.77252	-266.02841	-448.36960	907.88934	-178.93568	-704.33722	1012.94287	80.30610	-102.95765	514.95526	-313.03427	-476.53662	486.07101	-229.90251	-114.88360	102.66074	-448.64316	-435.17239	89.69507	-289.88150	
675	6.740	-435.43634	1418.33545	0.66131				-304.47507	1566.41492	-72.52635	-531.73486	1522.09180	-49.18084	-208.02179	1526.67407	-282.61929	-580.20703	1411.96497	-173.79640	-361.34766	1293.92224	-192.70729	-450.90781	1529.40051	-342.59396	-79.78712	1260.22729	-341.90408	-702.25214	1161.50647	-122.55994	-78.25683	1031.46094	-245.61032	-363.73477	1008.95868	-485.61398	-182.20673	939.43268	-267.25259	-448.53085	907.95465	-179.03685	-702.75775	1012.73059	80.26498	-103.72664	515.17316	-314.52621	-476.91241	485.88568	-229.91502	-114.62051	103.24862	-448.69553	-435.60934	89.35381	-289.70322	
676	6.750	-432.63559	1420.53796	-0.21198							-529.16565	1523.28271	-49.45358	-207.72195	1525.79980	-285.51324	-579.75171	1412.84387	-173.67650	-360.70560	1294.33630	-193.30899	-451.25073	1529.87512	-343.81470	-79.51440	1260.70813	-343.64886	-701.01276	1161.50305	-122.01053	-78.75014	1030.73120	-248.22495	-365.30453	1007.80939	-485.81216	-182.33368	939.45490	-268.92416	-448.96533	908.05194	-179.10095	-700.77106	1012.34644	80.40012	-105.55070	514.43384	-316.41309	-477.44241	485.79858	-230.24959	-114.51775	103.30764	-448.92471	-436.01587	88.94570	-289.29889	
677	6.760	-430.81378	1422.08704	0.55121							-527.16046	1524.86499	-49.32898	-207.79385	1525.93677	-288.00287	-578.86316	1413.28906	-173.65955	-360.10107	1294.17249	-195.21146	-451.40744	1529.70508	-344.81030	-79.86918	1260.23022	-346.03708	-700.14600	1161.84509	-121.46809	-79.53412	1030.45654	-251.59512	-367.32324	1007.43378	-486.99130	-183.26137	938.78247	-271.37848	-449.26270	907.94873	-178.78687	-698.39661	1012.35394	80.53168	-104.24329	515.41180	-318.70386	-477.43781	485.72083	-231.86455	-114.49675	103.27376	-448.94214	-436.43976	89.12484	-289.41180	
678	6.770	-428.47345	1424.21765	-0.20592							-525.84808	1526.48462	-50.14584	-206.31152	1526.27966	-292.23828	-577.46692	1413.63782	-173.60629	-359.72501	1294.93555	-196.68153	-451.50714	1529.27954	-345.53223	-80.33675	1259.32910	-349.17780	-699.24933	1161.84729	-120.52544	-79.94534	1030.07446	-253.05603	-369.53748	1006.83826	-487.65399	-183.49934	938.21130	-272.59680	-449.28870	907.98682	-179.15079	-696.91595	1012.31458	80.74873	-104.93778	515.72900	-319.94507	-478.28171	485.16159	-231.67932	-114.60645	103.39678	-449.50781	-436.87717	89.13793	-289.36273	
679	6.780	-425.96432	1425.97998	-0.19878							-523.29230	1528.01062	-50.60784	-206.26736	1525.61243	-295.44031	-576.06012	1413.46704	-173.15147	-359.73950	1294.60352	-198.03706	-451.90640	1529.24829	-346.17188	-81.97907	1259.04126	-351.76953	-698.32477	1162.15674	-120.12023	-81.15070	1029.44971	-256.40973	-370.86807	1006.47589	-488.01352	-184.70137	937.83893	-274.58469	-449.72684	908.32324	-179.35947	-695.04358	1011.14270	81.52867	-106.66206	515.05133	-322.51462	-478.46652	485.15497	-231.45039	-114.87934	103.06633	-450.02060	-437.38232	89.25652	-289.18253	
680	6.790	-423.72141	1428.09863	-1.48384							-521.39276	1530.01196	-51.72795	-206.26900	1524.97632	-297.97684	-575.65375	1413.76135	-173.62744	-358.83109	1294.79016	-198.95685	-452.40933	1529.21069	-347.79422	-83.29936	1258.17627	-356.44150	-697.63263	1162.40466	-119.33299	-81.40438	1028.84326	-260.36581	-373.42703	1005.89648	-489.00253	-185.43742	937.72882	-276.01447	-450.14905	908.49609	-179.43396	-691.89783	1012.69025	82.49609	-108.00089	515.03754	-324.99387	-479.18549	485.39041	-231.11432	-114.78821	102.59904	-450.80539	-437.73807	89.18519	-288.74533	
681	6.800	-421.82751	1430.25146	-1.35813							-519.85596	1531.80750	-52.69900	-206.30669	1524.47498	-301.20081	-574.79254	1414.30823	-174.00194	-358.45593	1294.81897	-200.91003	-452.54407	1529.18469	-349.17175	-83.91621	1257.68372	-359.28601	-696.45111	1163.23645	-119.31184	-81.43436	1029.15283	-262.73938	-375.13440	1005.67139	-489.64346	-186.64238	936.42249	-279.16782	-450.20755	908.52100	-179.47104	-689.63843	1011.31952	82.68924	-108.76200	514.40002	-326.90765	-479.82666	485.25278	-230.74123	-114.81776	102.68118	-451.01266	-438.09653	88.90022	-288.50458	
682	6.810	-419.48685	1433.48279	-1.55603							-517.15363	1533.29700	-52.77329	-206.63705	1523.81689	-303.75739	-573.82367	1414.97986	-174.05177	-357.92575	1295.04419	-202.59621	-452.71487	1529.10083	-350.27618	-84.54172	1256.66443	-362.30545	-695.15466	1163.52661	-119.09354	-81.93106	1028.58569	-264.61365	-377.22479	1004.79596	-490.42834	-186.26408	936.99359	-280.20297	-450.44077	909.10864	-179.81912	-688.82660	1012.46753	81.98367	-109.82085	514.50214	-329.09906	-480.28577	484.96136	-230.64845	-115.67244	102.13745	-452.14581	-438.57330	88.52328	-288.31137	
683	6.820	-417.35266	1435.77893	-2.74744							-515.39618	1535.95349	-54.20508	-205.78207	1523.73755	-307.32089	-573.36810	1415.24329	-174.12495	-357.69498	1295.57336	-204.48041	-453.22803	1529.40759	-352.45703	-85.56252	1255.55469	-364.87787	-694.30164	1163.85791	-118.87070	-82.73884	1027.88062	-268.21252	-378.74106	1004.36066	-491.35110	-187.71710	936.43005	-282.03467	-450.37302	909.30115	-179.93707	-686.26886	1011.94641	81.88863	-109.15291	514.74664	-331.03503	-480.81253	485.03448	-230.65065	-115.08667	102.53322	-452.93484	-438.72592	88.50256	-288.35577	
684	6.830	-289.11966	1578.48474	-99.48013							-513.78540	1537.48303	-54.73927	-205.72672	1522.81360	-310.99561	-571.70544	1416.30469	-174.62027	-357.40784	1296.14380	-205.85695	-453.01724	1529.32556	-353.57468	-86.43063	1254.82361	-369.03915	-692.91864	1163.99146	-118.74420	-83.31592	1027.43030	-271.70734	-380.08078	1003.24329	-492.12408	-188.02522	936.46344	-284.17172	-450.41092	909.34918	-179.97105	-684.13538	1013.55786	80.73901	-110.30425	514.60913	-333.17218	-481.11716	484.80377	-230.84657	-115.83949	103.01824	-454.32681	-439.02185	88.30053	-288.62106	
685	6.840	-287.23431	1579.67993	-101.27228							-511.24210	1540.26563	-56.85441	-205.41280	1522.44678	-314.14117	-569.68365	1416.89478	-175.83208	-356.22678	1296.64709	-207.60149	-453.06964	1528.84802	-355.49112	-86.73334	1253.65283	-373.45651	-691.81677	1164.30884	-118.66621	-83.00198	1026.11426	-275.69812	-381.50281	1002.66406	-493.36703	-189.75696	935.10565	-286.86215	-450.35059	910.10779	-179.92622	-682.22345	1013.84589	80.47180	-110.68070	514.36212	-334.42242	-482.68784	485.87570	-229.66110	-116.24893	103.89341	-456.84906	-439.26425	88.19860	-288.40018	
686	6.850	-285.55157	1581.45300	-103.90416							-509.78348	1542.96277	-58.57720	-205.22313	1521.66040	-317.50015	-569.30206	1417.19470	-175.62450	-355.98300	1296.43701	-209.77176	-452.88116	1528.73230	-357.49084	-86.83247	1253.48450	-376.43115	-690.73517	1164.62402	-118.94183	-83.67033	1025.90125	-277.66315	-383.19543	1001.99176	-494.54895	-190.32243	934.94476	-288.19647	-450.29498	910.59058	-179.83450	-679.73517	1013.23212	79.67234	-113.18622	513.52643	-337.28537	-483.26355	486.34439	-228.85210	-116.77407	103.46350	-458.91028	-439.54642	87.99249	-288.42761	
687	6.860	-283.80933	1583.92383	-110.37057							-507.43622	1545.56506	-60.47110	-205.32809	1521.37415	-321.92731	-568.05957	1418.20691	-177.14203	-354.92642	1296.83618	-210.35675	-452.80573	1529.08142	-359.16025	-87.14250	1252.33789	-382.40045	-689.70935	1165.34644	-120.29399	-83.53690	1025.42737	-281.07690	-384.27994	1001.27966	-495.07657	-190.87430	935.04248	-291.03397	-450.22607	910.81262	-180.01834	-677.50055	1014.16266	78.65474	-112.89953	514.49323	-338.01059	-483.95956	485.97955	-227.71950	-117.86797	105.12447	-461.95996	-439.78534	87.84590	-288.25620	
688	6.870	-282.10629	1585.45313	-111.36844							-505.31207	1548.73267	-62.70153	-204.44901	1520.67017	-325.05191	-567.30493	1418.40381	-177.87561	-354.98859	1296.86230	-212.55426	-453.12128	1529.10486	-361.58701	-87.87872	1251.77527	-385.57907	-687.90027	1165.83679	-121.10161	-83.70317	1024.64783	-282.85623	-385.38635	1000.92603	-496.20114	-190.89992	934.55408	-291.75772	-450.96716	911.48138	-179.94588	-674.98608	1014.35327	78.02998	-114.13172	514.50177	-339.32574	-484.37167	485.82321	-227.72832	-118.99392	104.89873	-464.53876	-440.03812	87.50414	-288.33569	
689	6.880	-280.37097	1588.24609	-118.64491							-503.93716	1551.85376	-64.24934	-204.03720	1520.56323	-328.75580	-565.13300	1419.07031	-179.72710	-354.54260	1297.63123	-214.13731	-452.44327	1529.12537	-363.10931	-88.54045	1250.48193	-386.98608	-687.24677	1167.08911	-122.91670	-83.52744	1023.88275	-287.07245	-386.48517	1000.02411	-497.04510	-191.53191	933.83783	-293.62582	-450.94345	911.82123	-180.00824	-673.07007	1014.93317	76.08804	-115.28999	514.51208	-340.43332	-484.98291	485.95636	-227.39178	-120.51616	105.41101	-468.26526	-440.17636	87.50474	-288.37375	
690	6.890	-278.25952	1590.09290	-120.98337							-501.56503	1554.75281	-66.90559	-203.76134	1520.64197	-332.96640	-564.74988	1420.21130	-180.82439	-353.84824	1297.78491	-216.17520	-452.36166	1529.39429	-365.61649	-88.87868	1249.91895	-392.00742	-685.97870	1167.22742	-123.53809	-84.51660	1023.02698	-290.71509	-387.07883	998.82849	-497.80130	-192.50284	933.84406	-295.01382	-451.16397	912.47742	-180.69211	-670.90582	1015.47577	74.74436	-116.21251	514.63574	-341.02454	-485.26517	485.41776	-226.51050	-122.35347	106.17861	-471.45657	-440.31491	87.53839	-288.41278	
691	6.900	-276.34576	1592.04956	-123.35011							-499.77722	1557.94360	-69.29526	-203.44699	1519.64221	-336.27313	-563.53217	1421.13306	-182.49492	-352.69998	1298.86511	-217.62109	-451.90820	1529.30127	-368.16791	-89.37290	1249.20789	-395.35620	-684.47607	1167.34204	-124.61295	-84.89433	1022.20105	-294.50250	-388.19189	998.39905	-499.16867	-193.64304	933.55719	-297.31195	-451.47910	913.55261	-179.65495	-667.99554	1015.86261	73.38885	-117.22997	514.21173	-341.70160	-484.92764	484.89276	-225.95262	-123.97031	107.09469	-475.72028	-440.43616	87.56293	-288.43869	
692	6.910										-496.96478	1561.63586	-70.76678	-202.78447	1519.08472	-339.91626	-562.57062	1421.59302	-184.21378	-352.18903	1299.28345	-219.62752	-451.49908	1529.07935	-369.94940	-89.77270	1248.23132	-399.32413	-683.38751	1168.46423	-127.32318	-84.80386	1021.24902	-297.38416	-388.92355	997.90900	-500.31635	-194.82582	933.38605	-298.92819	-451.56519	914.09631	-179.79922	-665.34155	1016.33655	71.43352	-118.15161	513.85815	-342.55014	-485.53510	484.97769	-225.73296	-126.53319	107.99485	-481.32968	-440.51617	87.56325	-288.46909	
693	6.920										-493.90210	1565.75818	-73.62392	-201.92340	1518.55896	-344.32159	-558.98248	1421.48596	-184.13992	-351.25290	1299.63928	-221.17690	-450.98431	1529.26465	-373.05609	-89.91213	1247.50452	-402.92123	-682.57550	1169.26367	-129.88031	-84.31863	1020.79175	-301.06671	-389.03094	996.83423	-500.58960	-195.24121	933.24817	-299.48883	-450.99536	914.43402	-180.77721	-664.00543	1016.56317	68.99801	-118.81612	513.87823	-342.60788	-487.72510	485.92010	-225.79721	-129.09827	109.11893	-485.73831	-440.58524	87.56446	-288.49139	
694	6.930										-491.45526	1569.62671	-76.42448	-201.36650	1518.28882	-346.61813	-559.15692	1423.11108	-186.87622	-350.71469	1299.84302	-222.65982	-450.41473	1529.19934	-375.55093	-90.03256	1246.33740	-405.62424	-681.55682	1169.53882	-131.07152	-83.85152	1020.06732	-305.06595	-389.26129	995.92590	-501.83121	-195.99220	933.39154	-301.33810	-451.70963	915.60303	-182.65659	-660.70886	1017.24829	66.23585	-118.84332	513.86151	-342.61246	-488.10934	486.06662	-225.69948	-131.44485	110.56647	-489.92783	-440.65503	87.59963	-288.49182	
695	6.940										-489.31720	1573.57385	-79.37106	-200.82143	1517.70764	-350.71667	-558.53967	1423.52979	-189.45461	-350.23373	1300.62695	-225.28308	-449.85016	1529.31824	-378.58090	-90.08575	1245.41003	-410.89127	-680.64319	1170.27173	-134.08646	-83.14249	1019.52142	-307.74759	-389.55270	995.20416	-502.62155	-196.48553	932.86292	-302.86713	-451.72379	915.65692	-181.98560	-658.26868	1018.18115	62.89701	-118.65636	513.62738	-342.28824	-488.71686	485.95004	-225.66412	-134.04240	111.89256	-495.76318	-440.71674	87.61609	-288.49680	
696	6.950										-487.61624	1577.58606	-82.95831	-200.04420	1517.42566	-354.57968	-556.80542	1424.10608	-190.94135	-349.42886	1301.24475	-227.93866	-448.61090	1529.11609	-380.89645	-90.51956	1245.06299	-414.14349	-679.13232	1170.45923	-137.03351	-83.31889	1018.74988	-311.50107	-389.49277	994.35278	-503.08481	-196.90335	932.32379	-304.56525	-452.17352	916.89099	-182.15471	-655.54108	1018.75153	60.12765	-118.57581	513.50397	-341.73532	-489.23468	486.01498	-225.77980	-136.28900	113.21268	-502.02762	-440.75769	87.62964	-288.51425	
697	6.960										-485.74371	1582.01929	-85.96250	-199.09811	1516.73755	-359.23651	-555.36945	1425.10791	-193.79381	-347.95840	1301.78235	-230.56693	-448.25275	1529.29358	-384.44083	-89.89920	1244.02051	-418.04413	-678.60242	1170.82080	-139.56114	-83.42236	1017.72021	-314.80270	-389.64035	993.77020	-504.73987	-197.72264	932.22736	-305.86911	-452.25772	917.03528	-183.03900	-654.49957	1019.32666	56.35635	-118.37466	513.56354	-341.53769	-490.09763	486.24695	-225.45796	-138.84116	114.88787	-507.77615	-440.80923	87.60396	-288.53781	
698	6.970										-483.69821	1586.49292	-90.14812	-198.04924	1515.81689	-361.90692	-555.28070	1425.90100	-195.89748	-347.48416	1301.86060	-232.69528	-447.02612	1529.04639	-387.64508	-89.82631	1242.82239	-421.52298	-677.72601	1171.45898	-142.56465	-83.93566	1016.84473	-318.19873	-389.57892	992.61871	-505.86874	-198.29161	931.56525	-306.75150	-452.17374	917.85040	-183.81378	-651.39288	1019.49170	53.49347	-117.94275	513.33453	-341.29767	-490.66452	486.71030	-225.15225	-141.45184	116.74386	-514.33075	-441.05267	87.98487	-288.78802	
699	6.980										-482.05908	1590.63489	-94.77005	-196.83247	1515.19495	-366.80185	-554.23694	1426.83032	-198.19156	-347.13541	1301.91638	-234.98363	-446.00171	1528.75830	-390.44836	-88.47257	1242.10547	-427.19522	-676.89087	1171.72583	-145.91695	-84.01822	1016.78156	-321.32941	-389.78732	991.87207	-506.55969	-198.23497	931.24133	-308.08188	-452.38379	919.22028	-184.73099	-649.44348	1020.51770	48.88528	-117.97346	513.32410	-340.78558	-491.00360	487.39575	-224.53616	-143.90819	119.38483	-520.70660	-440.91583	87.68016	-288.54462	
700	6.990										-479.43094	1596.69336	-98.67918	-195.70709	1514.55750	-370.65521	-552.79504	1428.23181	-201.48586	-345.81372	1303.69019	-238.04927	-445.43652	1529.26086	-393.96539	-89.05119	1240.76489	-429.63733	-676.07281	1172.61597	-150.24776	-83.99418	1015.15100	-325.01602	-389.49243	991.42810	-508.26627	-198.98138	930.81360	-310.89420	-452.64612	919.69586	-185.29999	-647.48376	1021.22681	44.61237	-118.01795	512.98383	-340.51166	-491.76282	487.56613	-224.63005	-146.07179	121.49734	-527.52808	-441.17432	88.02077	-288.81171	
701	7.000										-477.37271	1601.82813	-103.10836	-194.73056	1513.90857	-373.65863	-552.37738	1428.60645	-204.25339	-345.03299	1303.41748	-240.09395	-443.82037	1528.66345	-397.45178	-89.27646	1239.95398	-432.65558	-675.51392	1173.20911	-154.27954	-82.59638	1014.06073	-327.50571	-388.93274	990.23651	-509.40741	-199.21796	930.56885	-312.34567	-452.62442	920.51941	-186.39845	-645.65869	1021.81287	40.78370	-118.31484	512.65320	-340.12790	-491.71774	487.74347	-224.42349	-148.48190	123.63602	-534.34564	-441.01044	87.66930	-288.57632	
702	7.010										-474.77603	1605.90430	-107.95171	-193.24269	1513.46216	-378.72031	-551.27917	1429.60791	-206.94565	-344.31396	1303.75879	-242.57771	-442.93512	1528.76257	-400.85901	-87.66736	1238.73718	-435.71576	-674.33154	1173.14819	-157.89142	-82.86989	1013.24780	-330.85217	-388.68387	989.31433	-511.07025	-198.89503	929.78699	-312.86517	-452.98764	921.17181	-187.30614	-643.30402	1021.85876	35.86007	-118.34962	512.39270	-340.12918	-492.23227	487.99228	-224.58997	-151.25623	126.04895	-540.86688	-441.22983	88.01518	-288.83215	
703	7.020										-472.94519	1610.88074	-113.07216	-192.38072	1512.33984	-380.76633	-550.19495	1430.17017	-210.56999	-343.78781	1304.24268	-244.11873	-441.15756	1528.62012	-403.88754	-87.56908	1237.64026	-439.22150	-673.85388	1174.08984	-162.83131	-82.84688	1012.24408	-334.84790	-388.61432	988.64221	-512.50098	-198.99864	928.95428	-314.17856	-452.90799	922.06006	-188.19189	-641.26276	1022.98096	31.00041	-117.95374	511.29626	-339.80722	-492.29971	488.01935	-224.63443	-153.47610	128.19687	-547.46429	-441.29004	88.05397	-288.84409	
704	7.030										-470.86551	1615.44763	-118.32809	-189.93440	1511.46130	-386.20380	-548.46637	1431.46399	-213.46700	-342.94855	1304.55273	-246.99567	-439.83777	1528.23157	-408.01062	-86.38233	1236.19580	-442.25043	-673.17719	1174.27527	-167.24417	-81.56078	1012.28223	-335.75284	-387.95944	987.45380	-513.90918	-198.92815	928.91016	-316.14578	-452.70032	922.57336	-188.88188	-639.33698	1024.19446	25.50555	-117.50395	511.45737	-339.44189	-492.36423	488.05154	-224.67871	-155.04138	130.74223	-554.78802	-441.31332	88.04675	-288.86835	
705	7.040										-468.58496	1620.30762	-124.07506	-188.97607	1510.83557	-389.26303	-548.14868	1432.81067	-216.63264	-341.86786	1305.05273	-249.63959	-438.14075	1527.87244	-410.85471	-86.00492	1234.94128	-445.37442	-672.15662	1174.70386	-172.23349	-81.19668	1011.04413	-338.02908	-387.11151	986.61957	-515.54199	-198.33073	928.32715	-317.67648	-452.84814	924.30774	-189.64682	-637.81720	1024.20203	20.47286	-117.74609	511.22015	-339.45856	-492.72549	488.22955	-225.01793	-156.90324	133.38777	-561.43896	-441.36252	88.05954	-288.89532	
706	7.050										-466.47565	1625.16455	-129.48552	-187.52121	1510.28955	-393.55804	-546.31134	1433.66321	-219.77539	-340.34909	1305.81287	-251.36668	-436.84509	1527.90430	-415.00974	-85.77365	1233.84900	-449.15994	-671.58472	1174.90796	-178.01389	-80.39788	1010.38849	-341.45236	-386.47992	985.67163	-517.43549	-197.92557	928.47534	-318.59543	-452.62384	924.87891	-191.40289	-636.29559	1025.01477	15.03722	-118.00103	510.84311	-339.60431	-493.33633	488.67010	-225.36610	-158.72816	135.94762	-568.22876	-441.38272	88.05859	-288.89975	
707	7.060										-464.33481	1629.77405	-136.04863	-185.92479	1508.97693	-396.84659	-545.63593	1434.37366	-224.24103	-339.64307	1305.90125	-253.14093	-435.57556	1527.77698	-419.34387	-85.53590	1233.12964	-453.47928	-671.05872	1175.50549	-182.92229	-80.41769	1009.61792	-344.62329	-385.80450	984.66156	-518.29620	-197.27190	927.60205	-319.67719	-452.99161	925.57117	-192.06705	-634.83075	1025.89111	8.47583	-118.09621	510.27463	-340.17032	-493.32315	489.21817	-226.14160	-160.89771	137.95218	-575.23749	-441.39706	88.05421	-288.89819	
708	7.070										-462.30060	1634.17407	-141.87154	-184.49799	1508.24731	-400.34924	-544.91431	1435.06860	-227.72575	-339.26410	1307.04333	-256.86499	-433.52304	1527.41077	-423.33502	-84.52914	1231.77759	-456.47046	-670.47034	1175.94849	-189.12419	-78.78503	1008.41852	-345.89285	-384.69830	983.45966	-520.24445	-196.78253	927.58820	-321.38254	-452.82376	926.39508	-193.69017	-633.29602	1026.27087	2.38634	-118.32394	509.94699	-340.63464	-493.25302	489.28238	-227.27953	-161.40221	140.34001	-581.42627	-441.41153	88.05011	-288.90897	
709	7.080										-460.39618	1638.38660	-148.01044	-182.75117	1507.09424	-404.54791	-543.29498	1436.75195	-231.29477	-337.31708	1306.79700	-258.87991	-432.18704	1527.24390	-427.65353	-83.74545	1230.22131	-459.91754	-670.06604	1176.41504	-194.55783	-79.08997	1007.18933	-348.91693	-383.92755	982.92969	-522.63953	-195.65895	927.23712	-322.04944	-452.37933	927.57703	-195.01044	-631.16815	1026.25232	-3.73691	-118.62365	509.51843	-341.19910	-493.36227	489.72549	-227.86499	-163.67833	142.04225	-587.42883	-441.41336	88.06707	-288.91422	
710	7.090													-181.04048	1506.70276	-409.15503	-542.05756	1436.71704	-234.99318	-336.17307	1307.64490	-261.91681	-430.56659	1526.87854	-432.15546	-82.54684	1228.53271	-461.80981	-670.04395	1177.03882	-201.73444	-79.03136	1006.61169	-352.27411	-383.03564	981.28015	-524.25494	-195.31065	926.31293	-323.81506	-452.70615	928.75494	-196.36670	-630.22546	1027.14099	-9.88690	-118.99854	509.01895	-341.43457	-493.49704	489.67297	-228.46049	-164.41505	143.78819	-593.76752	-441.65909	88.34721	-289.15808	
711	7.100	-456.76263	1646.62939	-161.90373										-179.37698	1505.81226	-413.49228	-542.32019	1438.11292	-240.16684	-334.86420	1307.76746	-265.10318	-428.50470	1526.62097	-435.91058	-80.46378	1227.39063	-465.15634	-668.81244	1177.29016	-207.24963	-77.32507	1005.50201	-352.52051	-382.17789	980.45184	-526.19525	-193.85876	926.33081	-325.85776	-452.32111	929.67749	-197.93512	-628.11902	1027.43970	-16.06353	-119.49272	508.56287	-342.28192	-493.18152	489.75275	-228.65279	-165.21638	145.16782	-599.87158	-441.67789	88.36447	-289.14587	
712	7.110	-455.04947	1650.21924	-168.68716										-177.34785	1505.33582	-417.19049	-540.85187	1438.63501	-244.94185	-333.61563	1307.21265	-273.58862	-426.73239	1526.12512	-440.31555	-79.90794	1225.86487	-468.62830	-668.37079	1177.55762	-213.41269	-76.70316	1004.55383	-355.42648	-380.59726	979.54077	-528.31195	-193.19824	926.40802	-325.81842	-452.17758	930.08716	-200.06918	-625.37384	1027.66431	-22.82577	-120.06071	507.81235	-342.99652	-493.89072	491.01950	-228.71924	-166.04648	146.83063	-605.74701	-441.70700	88.37624	-289.15628	
713	7.120	-453.30750	1653.85498	-175.78195										-175.46851	1503.96570	-421.24356	-538.54034	1439.12573	-247.97575	-332.81442	1308.11365	-271.72849	-424.61365	1525.71411	-445.09351	-78.88703	1224.37256	-470.25046	-667.64441	1177.90881	-220.04300	-75.06740	1004.26611	-354.85162	-379.41852	978.73401	-530.25537	-192.50784	925.35242	-327.89691	-452.07932	931.16553	-202.16743	-625.98578	1028.28894	-31.31716	-121.48618	506.12320	-344.06448	-493.02982	490.88553	-230.00896	-166.24863	147.40317	-610.53516	-441.74615	88.37307	-289.18216	
714	7.130	-451.57544	1657.40540	-183.18196										-173.43507	1502.84436	-424.22037	-539.42413	1440.68152	-253.85757	-331.06207	1309.25232	-273.29089	-422.63821	1525.14697	-449.71933	-77.72304	1222.94824	-473.06873	-667.23663	1178.71094	-227.32254	-76.04937	1001.72540	-359.41595	-378.46381	977.79462	-533.46588	-191.45087	925.06458	-328.77579	-451.03525	931.90271	-203.23216	-624.43658	1028.78003	-38.02729	-121.71294	505.72656	-345.15140	-493.10211	491.12042	-231.72142	-166.53612	148.67159	-616.43365	-441.75806	88.36143	-289.21127	
715	7.140													-171.68355	1502.05737	-428.55615	-536.45862	1440.37781	-257.41455	-330.15881	1309.56348	-276.61469	-420.53732	1524.99255	-454.66580	-76.53501	1221.74133	-475.10980	-666.65924	1178.90491	-233.78201	-75.44550	1001.36615	-360.81003	-377.21115	977.06445	-535.23132	-189.70366	924.68292	-329.74387	-450.96313	933.02441	-205.09045	-623.67957	1028.87781	-45.63396	-123.68966	504.15076	-346.60190	-492.89957	491.26556	-232.49088	-166.50360	148.82422	-620.81573	-441.91528	88.22240	-289.03098	
716	7.150	-448.12009	1663.48486	-197.86475										-169.65140	1501.05103	-432.05374	-535.95038	1441.07458	-262.67194	-328.97797	1309.40405	-279.57364	-418.22604	1523.99084	-458.83450	-74.52126	1219.73169	-476.96817	-666.03613	1178.88879	-240.86537	-74.87427	999.60535	-362.05225	-375.92200	975.46039	-537.15814	-188.99231	924.01404	-333.20425	-450.26666	933.46716	-207.99477	-622.06415	1028.55237	-53.34958	-124.31172	503.16434	-347.48300	-492.73749	492.35217	-233.33842	-167.12434	148.93857	-624.94421	-441.95474	88.20525	-289.05157	
717	7.160	-446.36200	1666.00903	-204.80605										-167.68086	1500.13623	-437.09857	-534.99921	1442.15344	-268.22882	-327.30630	1309.87146	-282.93527	-415.91516	1523.38184	-463.46814	-72.69520	1218.55969	-479.35873	-665.59448	1179.67615	-248.39949	-73.39162	998.44928	-363.30630	-374.59348	974.53040	-539.96021	-188.60695	923.71411	-334.01529	-450.26862	934.11469	-210.03401	-621.00848	1028.85303	-61.19859	-126.24828	501.46198	-350.60483	-492.36725	492.09711	-236.18640	-167.74065	148.01076	-627.95306	-442.14505	88.00274	-289.01941	
718	7.170	-444.67953	1668.19958	-211.54776										-165.42752	1499.23511	-441.17474	-533.73840	1442.23425	-272.52701	-324.52661	1310.35706	-283.92749	-413.78244	1522.78333	-468.65695	-72.04295	1217.37695	-482.34937	-664.31683	1178.93555	-255.42081	-72.09198	998.64954	-364.54926	-373.15344	973.80389	-543.10773	-186.97218	924.27716	-336.83871	-449.68213	934.66522	-212.95517	-619.32123	1029.07349	-69.54602	-125.97958	501.06033	-352.15762	-492.54428	492.61890	-236.90433	-168.00636	147.01477	-631.95490	-442.20947	87.99059	-289.07117	
719	7.180	-443.04044	1670.41284	-220.03265										-163.32945	1498.23694	-445.43356	-532.67010	1442.47546	-277.67780	-323.40115	1310.67957	-287.57932	-411.71201	1522.23523	-474.41898	-69.84797	1215.41382	-484.64337	-663.81110	1179.58936	-263.02997	-70.71495	997.61853	-365.68750	-371.45135	972.61823	-545.53711	-185.70424	922.19275	-338.24258	-449.18683	934.94031	-214.69664	-618.23853	1028.55481	-77.03041	-129.10208	499.13101	-355.05286	-491.86530	492.89365	-238.99446	-168.01981	145.50626	-635.26721	-442.24179	88.00213	-289.09122	
720	7.190	-441.40103	1671.89673	-226.77660										-160.85724	1496.91748	-449.31607	-531.03833	1442.63794	-282.74353	-321.20654	1310.41589	-291.38702	-409.18484	1521.12341	-479.52704	-68.63375	1214.49268	-486.84882	-662.56348	1179.31042	-270.94803	-70.61740	996.45123	-367.70102	-369.70129	971.83685	-548.26025	-185.35266	921.65564	-341.74573	-448.08826	936.14758	-217.61020	-616.64508	1028.75391	-84.29690	-130.78453	497.45367	-357.54050	-491.27682	493.33069	-238.67879	-169.17293	143.07356	-637.40033	-442.40753	87.81477	-289.25742	
721	7.200	-439.75412	1673.43994	-234.25073										-158.92055	1495.73962	-454.39069	-530.03644	1442.80090	-288.77060	-320.31421	1310.84778	-296.11975	-406.67615	1520.20068	-484.81314	-66.48176	1213.00928	-489.66052	-661.85059	1179.51245	-277.86688	-69.15263	995.49091	-368.46658	-368.54285	970.41168	-551.28198	-182.96449	921.60803	-343.33493	-447.24176	936.68561	-220.01553	-615.15680	1028.02429	-93.03381	-131.45193	495.76404	-360.03772	-491.59183	492.62152	-242.22018	-168.48122	141.82414	-640.07465	-442.46097	87.80298	-289.28226	
722	7.210	-438.09500	1674.46692	-241.33829										-156.34106	1494.46997	-458.43988	-527.58008	1442.35193	-293.93576	-317.80994	1310.24866	-299.28879	-404.11261	1519.32654	-490.16452	-64.50911	1211.06274	-491.80603	-660.69885	1178.68066	-287.19083	-68.42635	994.79596	-370.69531	-367.22708	969.11212	-554.60052	-181.34488	920.55444	-346.09192	-446.56696	937.01471	-223.39259	-613.41614	1027.72144	-101.90934	-133.41972	494.63571	-363.22623	-491.03076	493.28552	-244.96436	-170.35915	139.22638	-642.39130	-442.50180	87.77443	-289.31827	
723	7.220	-436.42548	1675.60254	-249.02962										-153.61293	1493.49976	-462.08957	-527.18713	1443.44226	-301.10590	-318.58945	1309.86194	-306.13773	-401.54395	1518.40564	-495.39209	-62.49617	1209.79236	-495.19916	-659.37885	1178.49768	-294.47278	-68.12154	992.72479	-373.23575	-365.50351	968.48969	-557.55463	-179.21335	920.29071	-349.31818	-445.88779	936.75146	-226.78722	-612.30505	1027.44641	-109.94797	-135.65204	492.97104	-365.79227	-490.47293	493.53455	-246.51808	-170.57301	135.58835	-643.75800	-442.61896	87.66440	-289.13849	
724	7.230	-434.70325	1676.28723	-256.04849										-151.66678	1492.66663	-466.97189	-524.94360	1442.28320	-306.75488	-316.73059	1308.84753	-310.52878	-399.05402	1517.64648	-501.45197	-59.62919	1208.76868	-499.54752	-658.19073	1178.39783	-302.61700	-65.99283	993.28735	-373.42493	-363.23538	967.39520	-561.60675	-178.01128	919.86359	-352.93988	-445.48129	936.62604	-231.37236	-611.20526	1026.88965	-117.87463	-136.61552	492.08810	-369.48242	-490.06229	493.51962	-249.09428	-170.53645	132.19318	-645.55969	-442.55728	87.76248	-289.36929	
725	7.240	-432.93967	1676.75842	-263.15927										-148.31058	1491.51453	-471.72464	-522.09802	1441.66321	-312.30060	-313.31192	1309.59180	-312.35226	-395.83954	1516.65186	-506.25192	-57.76419	1206.86304	-500.33594	-656.44696	1178.17004	-310.77429	-64.64260	992.71265	-375.15320	-361.18826	966.41821	-565.13214	-176.11723	919.01361	-354.08670	-445.03867	935.90790	-236.61626	-610.01990	1026.31531	-127.27290	-138.23210	490.70602	-372.33447	-489.37045	493.79410	-251.34485	-170.21130	129.79317	-646.66064	-442.64590	87.65245	-289.18225	
726	7.250	-431.33624	1677.14551	-270.51013										-145.86652	1490.54419	-476.73828	-522.32660	1442.06079	-318.94226	-310.92755	1309.84375	-317.88605	-392.88525	1515.60535	-512.35931	-55.54203	1205.85352	-501.78741	-655.26190	1177.82178	-319.14041	-64.10404	990.67065	-378.43777	-358.75061	965.17419	-568.91223	-174.95569	918.35645	-357.45410	-442.88672	936.96045	-239.79611	-609.44983	1026.02490	-136.11958	-139.99039	489.49933	-375.37750	-488.80453	493.84790	-253.66348	-170.69554	127.72272	-650.06622	-442.57495	87.76146	-289.40433	
727	7.260	-429.55890	1677.43433	-277.75995	-216.32408	1671.24744	-368.21033							-142.75685	1489.48340	-480.76801	-519.25128	1441.26660	-324.81396	-308.58420	1309.33923	-321.55258	-390.07706	1514.66565	-517.96582	-53.02156	1204.67224	-504.38190	-653.68359	1177.02881	-327.52954	-61.11498	991.57703	-378.54654	-357.03610	964.37927	-573.05640	-172.96684	918.22485	-360.65005	-441.97424	936.75873	-244.96144	-607.76978	1024.42639	-144.80344	-141.40860	488.05585	-378.55051	-488.38089	494.23938	-257.27643	-172.04871	125.17062	-652.01111	-442.57114	87.76392	-289.42645	
728	7.270	-427.83954	1677.35059	-284.37103	-214.45078	1671.44470	-375.16470							-140.18161	1488.67798	-485.17197	-518.89697	1440.75916	-332.30740	-309.45319	1307.56787	-330.11963	-386.95175	1513.60156	-524.06348	-50.70752	1203.52515	-507.69644	-651.69263	1176.43860	-335.10468	-61.68093	989.94067	-381.84225	-354.58997	963.38922	-576.80182	-171.11372	916.41425	-364.88156	-439.87817	937.09406	-248.55991	-606.93549	1024.60339	-152.82245	-143.06187	486.94016	-382.98077	-487.52914	494.17230	-259.72345	-174.19629	121.18957	-656.03357	-442.58221	87.77155	-289.44727	
729	7.280	-426.07919	1677.49121	-291.64301	-212.63759	1671.87927	-381.71545							-137.23868	1487.70239	-488.81635	-516.14923	1439.98645	-338.53531	-307.65479	1307.36548	-335.16208	-384.14276	1512.83667	-530.56073	-47.85250	1201.96069	-511.46381	-650.77100	1175.90942	-344.24298	-60.44505	989.31744	-384.65823	-352.60239	961.90387	-581.22131	-169.10408	916.88507	-366.93997	-438.52670	936.18140	-254.47778	-605.48816	1023.75458	-161.65314	-144.91942	485.63657	-386.78671	-486.36673	494.15674	-263.00888	-175.01694	119.04833	-657.60034	-442.44580	87.94050	-289.60718	
730	7.290	-331.97177	1712.30017	-513.08337	-210.61688	1671.61548	-388.20175							-134.57162	1486.79468	-493.63300	-513.88000	1439.77454	-346.03650	-304.96161	1306.66516	-340.82245	-380.66846	1511.95044	-536.56311	-45.33097	1201.77490	-513.64618	-648.68127	1175.75806	-352.94925	-59.21700	988.55145	-385.85706	-350.05734	960.85803	-585.05145	-166.32663	915.94244	-370.28360	-437.16077	936.30524	-258.88287	-604.15039	1023.06128	-170.00349	-145.98550	484.68402	-390.60080	-485.54214	494.02975	-266.19604	-177.49217	115.64166	-661.21698	-442.45169	87.96947	-289.62576	
731	7.300	-329.80762	1710.87671	-519.18579	-208.59340	1671.61597	-394.47665							-130.60364	1486.15735	-498.02887	-513.38562	1439.34338	-352.91910	-303.21783	1306.46423	-345.62381	-377.20639	1510.91650	-541.83051	-41.72040	1199.93945	-515.55701	-647.32434	1174.90405	-360.96112	-58.34841	987.28198	-390.05853	-347.56265	959.87091	-589.60986	-164.81854	915.16638	-374.17258	-435.83478	936.21143	-264.92630	-602.67596	1022.04553	-179.28799	-146.85942	483.15787	-394.12515	-484.47302	494.42487	-269.38202	-178.41394	112.44265	-663.50940	-442.44507	87.99257	-289.63333	
732	7.310	-420.72134	1676.70435	-312.11359	-206.58342	1671.61255	-401.54288							-127.97604	1485.07495	-501.95993	-510.14011	1437.92297	-359.45627	-300.96466	1305.94763	-350.08328	-373.40100	1510.05469	-548.28320	-38.38571	1199.26367	-518.84814	-644.50128	1173.80859	-369.62778	-55.16122	989.69043	-387.58701	-345.06033	959.07159	-595.90424	-161.84627	914.47479	-377.35175	-434.34821	935.55676	-269.79141	-602.08826	1021.33606	-187.65175	-147.44984	482.76993	-398.05682	-483.02676	494.70142	-272.80417	-180.81062	109.23487	-665.57294	-442.09067	87.89761	-289.48373	
733	7.320	-325.38522	1708.44019	-532.54449	-204.47940	1671.84265	-407.11700							-124.59319	1484.43518	-506.84583	-508.55518	1437.33289	-366.04938	-299.28177	1304.75769	-356.36533	-370.24728	1509.54639	-554.01764	-35.82619	1198.62598	-522.00256	-643.41827	1174.17944	-378.88309	-54.58616	988.41400	-392.16910	-341.96741	957.97290	-600.35016	-159.98366	913.59479	-382.48563	-432.66547	935.21429	-275.94635	-600.64209	1020.82343	-196.32199	-148.36452	481.69708	-403.16528	-481.96997	494.70364	-276.55045	-181.99687	106.68163	-668.12219	-442.30841	88.23174	-290.03848	
734	7.330	-323.08762	1707.38135	-539.82910	-202.33669	1672.03235	-413.16974							-121.11536	1483.29785	-509.85861	-508.14279	1437.98083	-374.40292	-297.39923	1304.57385	-362.61118	-366.75507	1509.09814	-559.89844	-32.19432	1198.31348	-526.55548	-640.67596	1172.99426	-388.12491	-51.61927	989.22260	-391.88470	-339.29880	957.51099	-606.24188	-157.66611	911.71088	-388.00244	-431.75565	934.40228	-283.74722	-599.16968	1019.52411	-204.70557	-149.08649	481.46375	-407.13852	-480.52808	494.92831	-280.39047	-183.89101	102.52029	-669.99579	-442.27264	88.27547	-290.06787	
735	7.340	-415.22989	1676.49316	-332.89188	-200.18318	1672.18799	-419.50916							-117.85217	1482.75256	-514.26862	-504.84064	1436.72144	-380.77811	-294.93091	1303.61047	-367.51764	-362.85959	1508.22876	-565.49164	-29.02108	1197.27307	-528.43231	-638.81598	1172.45581	-396.77515	-50.90546	988.25732	-396.12750	-336.22348	957.27734	-611.65405	-156.22119	911.82770	-390.96051	-430.29105	934.12885	-287.95905	-598.07068	1019.09705	-213.36536	-149.52271	480.71082	-412.48975	-479.51770	495.00180	-284.23386	-185.19572	100.36531	-670.77362	-441.99377	88.75117	-290.20624	
736	7.350	-318.25662	1705.06299	-553.03400	-198.07744	1672.52185	-425.29352							-114.95750	1482.40259	-518.23517	-501.51617	1435.54761	-387.53098	-292.87140	1303.19641	-372.24774	-358.74765	1507.49426	-571.27655	-26.19807	1196.92078	-531.33911	-636.28680	1171.56604	-405.18738	-47.41182	989.35553	-397.69241	-333.15222	957.52795	-617.47784	-153.52872	911.06531	-394.15076	-428.80484	933.13385	-295.64502	-596.38196	1018.05719	-221.99994	-149.42313	480.53235	-417.47083	-476.97852	494.91821	-285.99750	-185.16170	97.70762	-674.29779	-441.90582	88.96512	-290.96854	
737	7.360	-315.85422	1704.10266	-559.51526	-195.91435	1672.60266	-431.08334							-111.54990	1481.69299	-521.24176	-501.34729	1435.76367	-395.53973	-290.62772	1302.82751	-376.99341	-355.35120	1507.23157	-577.39453	-22.04327	1196.74829	-533.19305	-634.04254	1171.27319	-414.19171	-46.15063	989.09088	-400.46179	-330.18134	956.99768	-622.91052	-152.55157	909.03180	-400.31763	-427.75540	933.57593	-302.20984	-595.76587	1017.32733	-231.06535	-149.53033	480.66574	-422.62830	-475.39609	494.96878	-290.49161	-186.40027	94.70712	-675.96930	-441.80450	89.12716	-291.31256	
738	7.370	-409.79858	1676.26917	-352.38000	-193.87833	1672.76465	-437.53894							-109.02354	1481.43628	-525.26392	-499.16986	1435.58704	-402.84070	-289.63016	1302.13977	-383.37085	-351.84427	1507.29980	-583.21277	-19.76060	1196.38037	-537.08478	-631.94537	1171.52454	-423.46021	-47.04148	987.96088	-404.41010	-327.23770	956.93054	-628.91394	-150.25865	909.70129	-404.95721	-427.27808	932.45294	-311.42154	-594.18823	1017.10669	-239.95863	-149.47002	481.25549	-429.17935	-472.79108	494.90793	-295.03589	-187.82953	92.23312	-677.34290	-441.75452	89.24505	-291.33426	
739	7.380	-310.93524	1702.61438	-571.73175	-191.79468	1673.05737	-443.48438							-106.07968	1480.76782	-528.61786	-495.68976	1434.46045	-408.75027	-286.95938	1302.03503	-388.07068	-347.71973	1507.13745	-589.25940	-15.94719	1195.68555	-538.85706	-629.39471	1170.59875	-431.60699	-44.56784	988.23309	-406.71066	-324.51630	956.74054	-635.02563	-148.32979	909.32446	-408.73242	-426.18698	930.27838	-322.90576	-593.16150	1016.64117	-247.94299	-148.96336	482.03342	-435.54517	-470.89426	495.23938	-300.29538	-186.37540	90.43282	-679.38922	-441.77499	89.97735	-291.94366	
