PathFileType	4	(X/Y/Z)	C:\Users\WrightLab\Desktop\Jo\P3_12.trc
DataRate	CameraRate	NumFrames	NumMarkers	Units	OrigDataRate	OrigDataStartFrame	OrigNumFrames
100.00	100.00	       593	19	mm	100.00	1	       593
Frame#	Time	Headset_Front			Headset_Back			Headset_Left			Headset_Right			Left_Shoulder			Right_Shoulder			Sternum			C7			Left Elbow			Right Elbow			Left Wrist			Right Wrist			Left ASIS			Right ASIS			S2			Left Knee			Right Knee			Left Ankle			Right Ankle			
		X1	Y1	Z1	X2	Y2	Z2	X3	Y3	Z3	X4	Y4	Z4	X5	Y5	Z5	X6	Y6	Z6	X7	Y7	Z7	X8	Y8	Z8	X9	Y9	Z9	X10	Y10	Z10	X11	Y11	Z11	X12	Y12	Z12	X13	Y13	Z13	X14	Y14	Z14	X15	Y15	Z15	X16	Y16	Z16	X17	Y17	Z17	X18	Y18	Z18	X19	Y19	Z19	

1	0.000	2.95154	1515.47229	2181.70264	-27.87967	1673.41687	2507.43066							-220.13055	1380.50830	2482.59937	141.85852	1397.12122	2508.76270				-38.07095	1447.40881	2548.21777	-270.56610	1045.85315	2475.31494	219.77110	1050.02539	2531.53125	-234.41624	867.13947	2369.63013	222.35985	865.05127	2399.23096							-21.29073	999.13647	2631.16089				106.19058	493.00760	2514.54028	-156.50575	220.91551	2578.43750	91.33189	170.87195	2617.78613	
2	0.010	3.86836	1514.50769	2178.64624	-27.64464	1673.59045	2504.26709							-219.53728	1380.44385	2480.51611	142.95300	1396.86938	2505.84326				-37.63923	1447.41479	2545.17920	-270.00198	1046.20728	2472.86304	220.87361	1049.77515	2529.30859	-233.90312	867.85773	2364.67065	223.24933	863.99933	2398.57593							-20.54652	999.24988	2629.73779	-129.44040	495.40768	2371.73682	106.64115	492.69888	2514.26172	-154.19475	227.17010	2572.38086	91.36935	170.90248	2617.77856	
3	0.020	3.85995	1513.28003	2175.43115	-26.74601	1673.27771	2499.24658							-218.30833	1379.75317	2477.25806	143.81084	1396.44092	2502.57642				-36.71070	1446.98413	2541.78296	-268.81409	1045.94983	2469.46851	221.85536	1049.96008	2526.92407	-232.65793	868.15167	2360.26221	223.78104	863.53558	2397.78589							-19.94695	999.49719	2627.86060	-128.24281	498.80347	2360.39917	107.11002	492.67783	2513.47388	-151.61122	232.20450	2564.38794	91.37754	170.76498	2617.70142	
4	0.030	4.07713	1512.83264	2171.73828	-25.64679	1672.69238	2495.23975							-218.09529	1380.11230	2475.17090	144.25131	1396.06042	2499.06519				-35.56081	1447.27307	2538.67041	-268.07739	1045.57324	2466.31177	222.94913	1049.50769	2524.93286	-231.57848	868.92725	2356.48999	223.84129	862.84076	2395.86743							-19.07177	998.84418	2625.59570	-127.51902	502.18417	2350.49536	107.40827	492.61942	2513.21875	-149.64912	236.21452	2556.52100	91.42766	170.75206	2617.66284	
5	0.040	4.76855	1512.36902	2168.47363	-25.49754	1673.12476	2491.09302							-216.94672	1379.62561	2471.38892	144.93471	1396.21863	2495.97876				-35.12754	1447.17969	2536.33105	-267.40115	1045.20410	2462.20532	223.60527	1049.84937	2523.07397	-230.83192	870.06116	2350.47900	224.48376	862.30090	2393.60278							-18.67096	999.06750	2623.65308	-126.82828	504.94370	2340.89160	107.64258	491.87244	2511.97217	-147.07204	241.59984	2549.93872	91.48739	170.77719	2617.63843	
6	0.050	4.65437	1511.77771	2164.93091	-24.51840	1673.17175	2486.74512							-216.77460	1380.04785	2469.15527	145.52623	1396.02917	2492.62378				-34.46033	1446.97961	2531.90088	-266.86053	1045.29395	2459.14038	224.06192	1050.28113	2520.64795				225.41048	861.59460	2393.47729							-17.70979	999.32831	2621.31982	-126.33237	508.19650	2331.18677	108.18942	490.93906	2510.62964	-143.70427	244.98582	2542.13916	91.42682	170.68472	2617.62817	
7	0.060	4.90734	1511.18811	2161.25757	-24.24583	1672.60254	2482.20605							-216.08861	1379.76831	2466.06665	145.95868	1396.04602	2489.08130				-34.09332	1447.00818	2529.29419	-266.23312	1045.48401	2455.58862	224.81078	1049.89331	2517.18359				226.47711	860.65741	2392.51343							-17.45958	999.66705	2619.16943	-125.58195	510.87500	2324.52100	108.73820	491.08997	2509.61963	-141.99771	246.99759	2532.99878	91.17970	170.32195	2616.75903	
8	0.070	5.31014	1510.81262	2157.18994	-23.75470	1673.17310	2478.11426							-215.59924	1379.82776	2462.77197	146.58871	1396.09167	2485.72388				-33.28042	1447.48511	2525.93262	-265.67706	1045.80322	2452.41577	225.41652	1049.58374	2514.73340				226.85570	860.44318	2391.93140							-17.72204	999.72162	2616.94702	-125.49548	513.55518	2315.96289	109.23260	490.57706	2508.37622	-138.61917	248.88664	2523.77588	91.16501	170.42474	2616.82227	
9	0.080	5.01566	1510.27100	2153.17505	-23.10085	1672.69617	2473.05786							-215.20966	1379.51990	2459.58472	146.95871	1395.87402	2482.14966				-33.12529	1446.89685	2521.63818	-265.44708	1045.88818	2448.86743	225.75468	1050.67456	2512.68286				226.55331	860.64563	2386.92676							-17.39128	999.64490	2613.88428	-125.60068	516.49878	2308.17480	109.32933	490.46378	2507.81714	-136.19772	250.11136	2513.65308	91.15372	170.40822	2616.82080	
10	0.090	5.52302	1509.71069	2149.52100	-23.11316	1672.80969	2469.43726							-214.83873	1379.71228	2456.41895	147.29683	1396.27368	2478.36401				-32.54554	1447.14172	2518.41748	-265.24103	1046.36389	2445.07568	225.87753	1050.92749	2510.47168	-229.99641	875.44714	2326.44775	226.49229	861.23096	2383.62646							-16.81269	1000.01813	2611.45923	-125.36996	519.36652	2301.08740	109.36037	490.25198	2507.67993	-134.53883	248.31915	2500.83545	91.08927	170.53941	2616.40918	
11	0.100	5.00036	1509.72607	2145.03467	-22.51439	1672.54382	2464.02148							-214.47943	1379.80042	2452.92383	147.86809	1396.41602	2474.69800				-32.15941	1447.40112	2514.36646	-265.45761	1046.52771	2441.21655	226.42447	1050.51831	2506.61621	-229.89857	876.90918	2319.70264										-16.60662	1000.26416	2608.13867	-125.19518	521.83490	2294.54102	109.57625	490.37619	2506.39673	-132.14706	247.89096	2490.10327	91.01894	170.69196	2616.29712	
12	0.110	4.96254	1509.49146	2141.80859	-22.51280	1672.61780	2460.51611							-214.28055	1379.43591	2449.21655	147.90628	1395.95642	2470.75269				-32.20227	1447.40735	2510.77539	-265.24524	1046.14490	2436.96558	226.71854	1050.52856	2504.00562	-229.90956	878.38434	2313.47314	227.01797	859.09729	2380.30054							-16.67142	1000.10345	2604.98804	-125.25487	523.76160	2287.44482	108.72578	489.84720	2503.55273	-131.26765	245.16893	2476.45166	91.07652	170.70020	2616.26514	
13	0.120	4.64675	1509.55835	2137.02905	-22.04616	1672.07947	2455.03467							-213.62488	1379.06909	2445.15308	148.28966	1396.73694	2467.11157				-31.29391	1447.05713	2506.10034	-265.37216	1045.66748	2432.36841	226.74817	1051.40527	2501.84204	-230.20271	879.62384	2307.43823	226.93233	858.76324	2380.49658							-16.66166	1001.28900	2602.63306	-124.82836	525.90399	2283.06006	108.08212	489.65866	2502.27441	-128.82993	242.50002	2463.14551	90.63668	171.04630	2616.02710	
14	0.130	5.11143	1508.94165	2132.76392	-22.16312	1671.86243	2451.60840							-213.20622	1379.05920	2441.53979	148.54767	1396.53076	2462.41260				-31.54524	1447.55103	2502.16016	-266.53799	1044.05933	2425.63574	226.81964	1050.95642	2497.98657	-230.22948	880.90662	2301.30054	225.70784	860.51642	2371.98291							-16.34714	1001.02368	2598.87354	-124.71835	527.49078	2276.38013	108.25932	488.59558	2499.99463	-127.45160	238.72289	2449.62939	90.56862	171.13680	2615.80005	
15	0.140	4.36286	1508.57031	2128.10449	-22.14765	1671.27368	2446.46509							-212.81117	1378.82239	2437.45654	148.91422	1396.54907	2458.38550				-30.81075	1447.00818	2498.01050	-266.50500	1044.28882	2421.31396				-230.72049	882.04938	2294.79272	225.45215	859.87054	2372.50635							-16.28455	1000.89166	2595.52686	-124.42066	529.16132	2272.14551	108.18182	487.63556	2498.47485	-126.36400	233.74446	2433.05713	90.60886	171.33453	2615.13428	
16	0.150	4.10011	1508.36023	2124.75073	-22.12317	1670.83667	2442.42261							-212.50150	1378.67920	2433.52197	149.57471	1396.16760	2452.95752				-31.19601	1446.77124	2493.88281	-265.72729	1046.19995	2419.00220	227.39339	1051.38477	2491.80322	-231.16499	883.29553	2288.15039	224.85950	858.78168	2371.72803							-16.23092	1001.16559	2592.51025	-124.46696	530.12177	2264.28125	107.23051	487.85452	2495.44312	-125.92323	228.72653	2417.53540	90.50559	171.50729	2614.70581	
17	0.160	3.58433	1507.96838	2119.36157	-22.59951	1670.68689	2438.40381							-212.13249	1377.71887	2429.14429	149.49033	1396.66711	2449.39551				-30.31626	1446.68689	2488.86548	-265.49625	1046.32813	2414.33374	227.26422	1050.94958	2487.80615				224.34172	858.17993	2364.98560							-16.19973	1000.95831	2588.44434	-123.64623	528.99664	2260.32227	107.39825	487.06491	2491.87158	-125.75864	223.80690	2401.01538	90.46559	171.64735	2614.20239	
18	0.170	4.14989	1506.70117	2114.52612	-22.23590	1669.52161	2433.00708							-212.01796	1377.70386	2425.33667	149.72031	1395.68579	2444.09375				-30.42311	1446.23962	2484.72754	-265.94305	1045.63892	2408.81299	227.40063	1051.59241	2485.33691	-232.56509	885.59650	2275.20728	223.97076	857.34589	2363.80737							-15.89435	1000.42450	2584.78198	-123.68469	530.08765	2255.37598	106.23454	486.39746	2489.96265	-125.37683	218.25551	2383.67725	89.81303	171.34898	2612.85620	
19	0.180	3.47562	1506.53455	2109.66260	-22.51908	1669.48645	2428.97681							-211.52202	1376.97070	2421.20117	149.86307	1395.42310	2439.66187				-30.27855	1445.89832	2480.29297	-267.12411	1043.53552	2400.77856	227.54765	1050.58252	2480.33716	-233.08569	886.89233	2267.38037	223.55249	856.43341	2364.63696							-16.24327	1000.16846	2581.18433	-123.22746	529.98248	2252.77417	106.07258	486.25961	2488.69873	-125.19083	213.00114	2365.93799	89.50654	171.25549	2612.71582	
20	0.190	2.94140	1505.84778	2105.43872	-22.56408	1668.32092	2423.71484							-211.58200	1376.61890	2417.01855	149.85892	1395.30750	2435.14014				-30.18410	1445.19702	2475.92651	-267.15216	1043.43201	2395.54419	227.95412	1050.61414	2477.52588	-234.01939	888.08911	2259.59985										-16.16256	999.79901	2577.36670	-123.64388	530.80280	2246.49634	105.01974	485.12006	2484.01367	-125.45874	207.64105	2348.38281	89.39151	171.20213	2612.76025	
21	0.200	2.50630	1505.11804	2101.01025	-22.85607	1667.72058	2418.56567							-211.29602	1375.50195	2412.42017	149.79379	1394.73071	2430.49390				-30.05464	1444.58801	2471.01050	-267.40247	1043.27563	2389.62134	227.93588	1050.04639	2472.35083	-235.17163	888.94812	2252.53149	221.77693	854.03967	2356.41479							-16.12672	998.49902	2572.42651	-123.55012	529.23309	2241.11353	105.10522	484.74042	2483.16260	-126.56202	202.96736	2329.03711	89.22742	171.16411	2612.59106	
22	0.210	2.13631	1504.36768	2095.21216	-22.90696	1666.90503	2413.86108							-211.57683	1374.96704	2408.18945	149.80338	1394.17175	2425.76343				-29.94752	1444.06299	2466.80273	-267.78857	1042.62720	2382.86133	228.19583	1049.83264	2468.68970	-236.37491	889.41309	2245.65649	220.40681	855.15265	2350.21704							-16.38763	998.07990	2568.59399	-123.67246	528.61627	2240.25171	104.93575	483.78360	2481.69165	-127.81447	198.56335	2311.32471	88.45479	171.61438	2611.57544	
23	0.220	1.76676	1503.38513	2090.67334	-23.35144	1665.97229	2408.81299							-211.33078	1373.84167	2403.89282	149.48244	1393.00671	2420.94165				-30.42995	1443.34705	2461.99146	-267.26712	1044.26672	2378.65625	228.03265	1048.59290	2463.65869	-237.51019	890.01129	2238.00024	219.84259	853.76465	2347.53735							-16.88446	997.26306	2564.15112	-124.55164	528.05359	2236.29956	105.02351	483.52667	2479.24414	-129.15546	195.12885	2292.96704	88.31030	171.67137	2609.99658	
24	0.230	1.11092	1502.06763	2085.88184	-24.00014	1665.73279	2403.93945							-211.65341	1373.26538	2398.99927	149.45818	1392.31055	2416.02734				-30.25730	1442.29150	2457.11914	-267.83133	1043.99902	2372.52710	228.70023	1048.41296	2459.35327	-238.76875	890.99426	2229.31909	218.95166	852.37946	2341.57788							-17.00141	996.34515	2558.81152	-124.16527	525.05023	2234.75610	104.53939	482.68958	2475.93408	-130.67012	191.77411	2274.80688	88.33221	171.98878	2609.52466	
25	0.240	0.89899	1500.76050	2079.62231	-23.95533	1664.68689	2398.64331							-211.80843	1372.16406	2394.49878	149.34938	1391.29663	2411.69971				-30.80068	1441.75000	2452.81812	-268.52182	1043.33728	2365.32568	228.06747	1047.11243	2454.45630	-239.76425	892.00916	2220.78760	218.38568	851.41827	2338.83984							-17.25769	995.36206	2553.72827	-125.11696	524.62561	2230.53564	104.26004	482.20450	2474.11963	-132.27875	189.18794	2257.55322	88.36003	171.93436	2609.47852	
26	0.250	0.27343	1499.90112	2075.21045	-24.37024	1664.26978	2393.36523							-212.01653	1371.37671	2389.17773	148.76178	1390.79919	2406.37988				-31.06890	1440.13696	2447.28906	-269.29230	1042.64917	2358.32373	227.71132	1047.13342	2450.32495	-240.79500	892.77130	2212.45874	217.91911	849.79425	2336.04956							-18.13288	994.47687	2548.84888	-125.76563	522.20007	2227.19189	104.28942	481.73538	2473.61621	-132.67169	187.59798	2236.72412	88.27661	172.16478	2609.13721	
27	0.260	-0.58369	1498.58545	2070.27954	-24.53667	1663.00525	2387.64526							-212.40085	1370.07129	2384.32324	148.39876	1389.60339	2401.99512				-31.44391	1439.50061	2442.93530	-269.98993	1042.48474	2351.29443	227.71976	1045.70557	2445.05371	-242.17986	893.13470	2204.20483	217.43916	848.47577	2331.33618							-19.11172	993.64337	2543.49585	-125.94872	520.56946	2225.48169	104.57683	481.41315	2470.56274	-134.44696	186.35640	2219.91089	88.44888	172.22780	2608.79614	
28	0.270	-1.23394	1497.08838	2064.69385	-25.27545	1662.42834	2382.58521							-212.49736	1369.10327	2378.53149	147.99280	1388.68665	2396.90332				-32.06146	1438.59753	2438.43579	-271.37674	1041.56897	2343.58813	227.05470	1044.07104	2439.78247	-243.79610	893.62189	2195.64746										-19.46590	992.20935	2537.41162	-126.14588	517.08551	2222.21802	104.41843	480.91342	2469.10352	-135.42656	185.34373	2204.97656	88.38383	172.33263	2608.63916	
29	0.280	-1.42126	1496.02783	2059.22266	-25.99929	1661.42004	2378.03711							-213.19641	1368.27124	2374.11011	147.61827	1387.09705	2391.62231				-32.68549	1437.61658	2432.75220	-272.43103	1041.54431	2336.38257	226.99910	1043.26599	2434.41797	-245.50113	894.65009	2187.33228	216.07373	845.29681	2322.66675							-20.31567	990.87994	2531.18994	-127.11613	515.50421	2219.31763	104.96165	480.11795	2467.69092	-136.34599	184.79393	2190.18970	88.44139	172.51822	2608.70044	
30	0.290	-2.08048	1494.91821	2053.86523	-25.95275	1660.12061	2372.05347							-213.15759	1367.01855	2366.96997	146.74016	1385.73560	2386.86108				-33.12558	1435.93835	2427.10693	-273.72571	1041.09534	2328.87451	226.11078	1042.69690	2430.79321	-246.91806	895.86591	2178.32935										-21.74271	990.10834	2525.50586	-127.65141	513.01788	2215.10474	105.26454	480.04865	2466.47607	-137.04552	184.17773	2176.21411	88.33700	172.62502	2608.54688	
31	0.300	-3.15157	1493.61719	2048.52515	-26.78164	1659.44312	2366.71777							-214.15384	1366.11304	2362.02051	145.92693	1385.12061	2382.12866				-34.17661	1434.84680	2422.68726	-274.71143	1040.38440	2320.54419	225.20868	1041.31213	2425.16748	-248.47504	896.53064	2168.61499	214.61890	842.29810	2314.13550							-23.15468	989.03998	2519.51050	-128.36368	511.19150	2212.42603	104.92981	478.71097	2461.77002	-137.26973	183.71164	2165.63208	88.57696	173.03738	2607.74683	
32	0.310	-3.60348	1492.69958	2042.93872	-26.89712	1658.09009	2360.86499							-214.51663	1364.81543	2355.46289	145.08478	1383.53064	2377.34644				-35.04784	1433.96533	2417.75830	-275.97293	1039.99585	2312.34302	224.19058	1039.75549	2418.97559	-250.32375	897.05023	2159.11816	213.41649	843.34088	2303.99585							-24.51199	987.36688	2513.14624	-128.09589	509.17426	2208.98486	104.74435	477.97424	2460.16870	-138.43501	184.70816	2153.59985	88.27222	173.84764	2606.80981	
33	0.320	-4.34817	1491.43542	2037.15479	-27.99324	1657.21130	2356.14307							-215.45749	1363.81714	2349.73291	144.68761	1382.05359	2371.57813				-35.53764	1432.21301	2411.73218	-277.83447	1039.17407	2303.94092	222.96188	1038.10156	2414.24634	-252.45468	898.06604	2150.31348	213.10455	840.09717	2304.14307							-26.21833	986.22028	2506.82153	-128.68431	507.28915	2201.93481	104.98199	477.33655	2457.44946	-138.64362	183.61839	2144.77856	88.41180	174.16521	2606.60620	
34	0.330	-5.03519	1490.38489	2031.06628	-28.68859	1656.55444	2350.73193							-216.48991	1363.12390	2344.44336	143.33891	1381.21619	2366.78906				-36.62383	1431.00647	2405.90088	-279.65158	1038.92822	2295.75684	222.03465	1037.23669	2408.31689	-254.14163	898.95898	2141.62964	212.37152	840.26874	2296.74487							-27.81000	985.18854	2500.17456	-128.46495	506.62054	2198.80151	105.16528	477.05789	2456.18188	-138.75623	182.53937	2138.36304	88.55747	174.58850	2606.21826	
35	0.340	-6.02412	1489.84949	2024.89404	-28.94410	1655.16602	2344.51050							-216.79530	1361.92822	2336.83887	142.40356	1379.90063	2361.63916				-37.94170	1429.94897	2400.48022	-281.08582	1038.86670	2287.67163	221.15034	1035.57544	2403.03394	-256.01733	899.49854	2132.06567	211.35045	838.84265	2287.35181							-29.42205	984.42725	2493.60913	-129.32193	505.00122	2190.01221	103.90361	476.69955	2451.57764	-139.24911	181.32697	2132.83887	88.52379	174.75916	2606.05371	
36	0.350	-7.42879	1488.77881	2019.27991	-29.99613	1654.48193	2339.29199							-218.40533	1361.23645	2330.85400	141.26448	1379.15698	2356.47778				-39.24855	1429.28467	2394.42798	-282.62881	1038.01331	2278.19849	219.89758	1035.08606	2397.79980	-258.14859	900.33594	2121.99365	211.08623	837.45508	2286.11255							-30.99510	983.26178	2486.66699	-129.28256	504.70181	2185.57617	103.67587	475.54169	2447.00000	-139.31253	178.91872	2129.50244	88.83762	175.70442	2604.63037	
37	0.360	-8.29020	1488.15942	2012.87073	-31.03243	1653.48499	2334.10938							-219.13531	1359.89233	2324.10742	140.19469	1378.01892	2351.20630				-40.43600	1428.13855	2388.38647	-284.23380	1038.29932	2270.14819	218.81772	1034.20288	2391.68311	-259.96497	901.58643	2112.44287	210.50804	836.27856	2277.87329							-32.40595	982.10498	2479.75708	-129.17300	501.93564	2178.91797	102.83073	474.87842	2442.75342	-139.29115	176.86583	2128.08228	88.32943	176.04597	2602.79370	
38	0.370	-9.42483	1487.68530	2006.76758	-31.84947	1652.50732	2327.99658							-219.80890	1359.04639	2316.46899	138.93884	1377.23083	2345.46533				-41.52145	1427.02844	2381.91968	-286.37387	1038.02356	2260.99902	217.06606	1032.46887	2386.12842	-261.72388	902.83350	2102.30176	209.01485	837.05847	2268.34937							-33.69402	981.05096	2472.09448	-130.68686	501.92084	2171.92627	102.75411	475.54703	2439.74756	-139.39967	173.90617	2126.21021	87.87177	178.44411	2602.44531	
39	0.380	-10.19109	1486.92615	1999.84155	-32.29977	1651.59497	2321.26196							-221.21944	1358.71204	2309.74023	137.53323	1376.61731	2339.80859				-42.61226	1425.89587	2375.20386	-288.25140	1037.85474	2251.91504	215.79353	1031.74634	2379.95288	-263.76022	903.63892	2091.75732	208.55214	836.47144	2262.98047							-34.68509	979.60016	2464.13013	-130.55412	499.81534	2165.88428	103.70361	472.98810	2432.90967	-139.46629	172.51636	2124.64404	87.84679	179.50569	2601.18433	
40	0.390	-11.40378	1486.36682	1993.22363	-33.52459	1651.27991	2315.43384							-221.76759	1357.87695	2301.76416	136.52715	1375.79248	2333.78149				-44.07000	1425.01501	2369.30249	-289.91400	1038.13672	2243.95776	214.02841	1031.79797	2374.35522	-264.99979	903.30658	2085.27197	207.80621	835.14178	2258.17651							-36.60239	979.23334	2456.87769	-131.62953	497.62396	2157.67114	101.70952	473.59283	2430.31372	-139.24709	170.88744	2120.56152	88.08221	180.67133	2599.50928	
41	0.400	-12.63847	1486.06067	1986.29773	-34.79335	1650.72083	2309.76074							-223.19962	1357.64600	2294.94165	135.13303	1375.36060	2327.84399				-45.57292	1424.90088	2362.91455	-291.91226	1037.97742	2233.13794	212.22090	1030.85901	2368.16309	-267.38998	905.34009	2072.55859	206.79884	835.85565	2251.03296							-38.28679	978.25446	2449.06592	-133.26410	497.07587	2153.24219	100.39178	473.67725	2424.71826	-138.81648	169.66612	2117.15698	87.88362	182.07210	2598.47437	
42	0.410	-13.89892	1486.22571	1979.42651	-36.06270	1650.74829	2303.32275							-224.79356	1357.60376	2287.71094	133.67073	1375.25012	2321.38062				-46.99962	1424.34277	2356.03174	-293.81354	1038.20337	2223.64087	210.61444	1030.81604	2362.02271	-268.96725	906.28235	2063.63965	206.20200	834.99225	2242.86963							-39.91529	977.98956	2441.05347	-134.83122	495.81540	2145.79224	99.84402	473.18362	2419.87891	-138.35735	168.16815	2113.44995	88.12401	183.51323	2596.78467	
43	0.420	-15.28711	1486.21765	1972.24048	-36.67902	1650.46777	2295.67749							-225.23419	1357.15137	2279.27832	132.37422	1374.83691	2315.24536				-48.71249	1424.24170	2349.27563	-295.46564	1039.05701	2215.40527	209.45546	1030.48254	2355.09595	-270.95914	907.23663	2053.84619	205.29257	835.95044	2237.41284	-125.34824	886.24451	2206.53125				-41.50888	977.39642	2432.92310	-136.06172	496.04251	2140.04468	98.97760	473.28772	2412.46484	-138.12085	166.74722	2110.15454	87.50402	185.29604	2593.15405	
44	0.430	-16.38203	1485.94055	1965.04004	-37.68988	1650.74426	2288.74536							-227.08702	1357.00024	2272.14380	131.01431	1374.81116	2308.31665				-50.44128	1424.35242	2342.38379	-297.45450	1039.48743	2206.07788	208.20209	1029.89465	2348.14282	-273.18311	908.97870	2042.48022	204.37077	836.10266	2230.56958	-126.45871	886.21271	2198.20264				-42.96585	977.07794	2424.29639	-136.56734	494.86795	2131.86401	97.53104	473.31244	2405.52246	-137.57043	166.03987	2107.67163	86.95528	188.71425	2591.96704	
45	0.440	-17.93425	1486.05859	1957.58032	-39.14355	1651.19324	2282.03320							-228.22563	1357.20313	2263.96973	129.53082	1374.85999	2301.69751				-52.28246	1424.18884	2335.60132	-299.40881	1040.26929	2195.77539	206.52646	1030.57385	2341.82202	-274.92072	910.34729	2033.91125	203.76988	837.21948	2224.93188	-128.13831	886.79535	2191.22632				-44.93035	977.55170	2416.14551	-137.35527	494.95935	2123.89990	96.53204	472.60294	2398.81201	-137.38751	165.13446	2105.07666	87.37737	190.52934	2589.22363	
46	0.450	-19.18867	1486.06860	1950.17163	-40.43898	1651.48328	2275.28418							-229.84346	1357.04187	2256.47266	127.80412	1375.57263	2295.02661				-53.92276	1424.51514	2328.53345	-301.23068	1041.04114	2186.09521	204.21304	1031.42432	2335.87744	-277.43164	912.26410	2021.35120	203.01173	837.62878	2215.48877	-129.74858	887.77313	2178.91699				-46.35403	977.41949	2407.55005	-137.69859	494.99918	2116.92505	96.35226	473.29962	2392.98584	-137.50099	164.10318	2102.57837	86.95518	193.36452	2586.42676	
47	0.460	-20.51872	1486.14465	1942.05151	-41.93345	1652.09485	2268.22437							-230.72978	1357.63794	2247.86450	125.87244	1376.11865	2288.63818				-55.74361	1424.48767	2321.37891	-302.65845	1042.34949	2176.65625	202.84276	1031.94312	2328.75098	-279.25970	913.96167	2013.91003	202.35992	838.78461	2208.02954	-131.67731	888.91663	2172.28223				-47.60158	977.26740	2398.47485	-137.71851	494.38458	2110.79541	94.82561	473.04346	2383.68872	-137.98566	164.10667	2100.11401	86.88110	195.27982	2582.37524	
48	0.470	-22.01946	1486.62842	1934.42322	-43.20708	1652.50757	2260.97339							-232.50653	1358.26233	2239.88965	124.35368	1376.65759	2281.59912				-57.42233	1424.80261	2314.56372	-304.64862	1043.63013	2166.82861	201.50082	1032.73413	2321.70264	-281.42322	915.65961	2002.24902	201.45578	840.66168	2199.46631	-133.57256	891.21252	2159.75195				-48.90529	977.52722	2389.81299	-138.96132	494.94278	2101.78735	94.07659	472.96063	2375.39038	-138.63103	164.11848	2098.29858	86.34280	199.69556	2578.36768	
49	0.480	-23.27932	1487.21777	1926.14380	-44.60155	1653.44275	2253.69312							-234.05167	1358.97986	2232.83569	122.14252	1377.52747	2275.26636				-59.07480	1425.07898	2307.46216	-306.77112	1044.76233	2157.87793	200.22960	1033.45532	2314.10913	-283.40659	917.41949	1992.61560	200.53011	842.66278	2190.94434	-134.98541	891.79822	2153.06128				-49.81094	977.70380	2380.59644	-139.54512	494.60187	2094.74976	92.61024	472.61984	2363.48511	-138.92024	163.63641	2096.63745	86.18334	202.57700	2573.72412	
50	0.490	-24.38786	1487.56152	1917.48755	-45.71082	1653.90930	2245.66016							-235.67967	1359.74426	2225.57568	120.77020	1378.01880	2268.18262				-61.13701	1425.95020	2300.52734	-308.39243	1045.88123	2147.64575	199.25929	1033.89514	2306.43262	-285.62564	919.78088	1982.53503	199.85103	843.75006	2184.96558	-136.93575	893.04163	2143.06909				-51.24336	978.63617	2372.04712	-139.57877	494.41370	2091.57813	92.23968	471.99133	2354.04028	-139.43568	163.36533	2094.79907	86.25298	205.88948	2568.50781	
51	0.500	-25.84910	1488.21960	1909.50439	-47.19824	1654.90356	2238.49609							-237.03734	1360.95020	2217.87256	119.23763	1379.41736	2260.70679				-63.06580	1426.87231	2292.91675	-310.07840	1047.10645	2137.59448	197.66127	1035.59973	2299.55762	-287.89142	922.18469	1972.46033	199.52142	844.01141	2176.94702	-138.73758	895.19501	2133.20142				-51.96487	979.08246	2363.25464	-141.14992	496.03079	2084.56470	91.88054	471.49951	2343.53589	-139.97372	162.87302	2092.94751	85.33826	208.86803	2562.59033	
52	0.510	-27.50389	1489.02661	1901.60339	-48.78677	1656.10706	2231.29468							-238.70363	1361.86731	2209.63354	117.27718	1380.53650	2253.70386				-64.78629	1427.64343	2285.28931	-311.84033	1048.79724	2128.18433	196.44304	1036.89429	2291.79785	-289.87045	924.53729	1960.71960	198.86726	846.21942	2168.04077	-140.35284	897.19855	2122.93066				-52.52320	979.32117	2353.90479	-142.40388	495.76141	2079.24878	90.70312	471.27280	2328.42871	-140.80386	162.37126	2091.36987	84.44061	214.00883	2555.70483	
53	0.520	-29.00787	1489.75098	1893.69385	-50.02356	1657.01221	2223.66919							-240.28360	1362.39478	2201.88550	115.59507	1381.70764	2247.01489				-66.75085	1428.63770	2278.13086	-313.70898	1050.17578	2117.99512	194.84990	1038.29358	2284.78491	-291.59155	926.87811	1951.63696	198.00549	848.45386	2159.47949	-141.91527	898.69238	2115.87939				-53.50601	980.02563	2345.26978	-142.94147	494.60089	2074.91895	91.25822	470.38318	2315.73120	-140.95129	162.19650	2090.30688	84.04849	218.55420	2548.79443	
54	0.530	-29.98990	1490.44983	1884.71045	-51.51735	1658.17383	2216.26978							-241.78310	1363.92017	2193.20654	113.33425	1383.37439	2240.64136				-68.67286	1429.66980	2271.34180	-315.22131	1052.15479	2109.30811	193.39293	1039.93127	2277.25537	-293.84839	929.32629	1942.24902	197.68498	849.90527	2154.09448	-143.41228	899.95709	2105.60498				-54.36818	980.91455	2336.71167	-144.23982	494.72815	2070.42700	91.98310	469.34647	2302.62354	-141.19357	162.14806	2089.43140	83.64064	222.31850	2539.69067	
55	0.540	-31.16145	1491.15698	1876.29358	-52.74594	1659.29419	2209.04419							-243.70143	1364.73669	2186.15454	111.85622	1384.68958	2233.05200				-70.60719	1430.72693	2264.21875	-316.60287	1054.15137	2100.08203	192.32127	1041.54395	2269.73022	-295.70459	931.43713	1930.41663	197.27122	851.54919	2145.56104	-144.97612	902.06201	2098.50439				-54.82897	980.79755	2327.25684	-144.52551	494.04611	2066.91431	93.03307	468.77863	2288.32300	-141.27142	161.96028	2088.87769	83.53382	226.86169	2531.08472	
56	0.550				-53.98302	1660.05017	2201.22437	-182.34587	1586.92798	2128.83813				-245.21008	1366.28101	2178.60864	110.22139	1385.69287	2226.18677				-72.32008	1431.38904	2256.66650	-318.32535	1056.11743	2090.50391	191.31935	1043.32581	2262.40405	-297.33057	933.56891	1922.88208	196.60442	853.86859	2134.97144	-146.12868	903.30780	2089.09009				-56.14483	981.62134	2318.95190	-145.15317	492.81021	2062.40454	92.80230	468.23325	2270.34644	-141.03391	160.44191	2088.10229	82.47768	232.33301	2521.26367	
57	0.560				-55.20000	1661.39490	2193.81299	-183.40080	1587.75525	2121.17700				-246.51120	1367.88452	2170.80713	108.54510	1387.14331	2219.25049				-74.10564	1432.28857	2249.37817	-320.42563	1057.96582	2080.51685	190.65456	1044.86987	2254.36426	-299.89853	936.72839	1910.30115	196.15770	856.27246	2127.62183	-147.22757	904.29327	2079.65015				-57.59109	982.28571	2310.60986	-146.20135	493.18573	2057.37402	93.94274	467.24753	2256.35718	-141.86658	161.33711	2087.71655	82.21099	237.93248	2511.28467	
58	0.570				-56.44694	1661.85925	2186.60498	-184.64833	1588.35059	2114.31592				-247.21146	1368.06079	2161.87866	106.62773	1388.49878	2213.11597				-75.74580	1433.01111	2241.79785	-321.80527	1059.80627	2071.34985	189.18330	1046.57629	2247.72046	-301.39316	938.83453	1902.44348	195.64955	858.53778	2118.63013	-148.22432	904.73529	2071.63525				-59.33790	983.28217	2302.67065	-146.64859	491.99890	2053.76538	94.45839	465.84540	2239.03271	-142.23050	161.15797	2087.32275	81.92953	242.80927	2498.77466	
59	0.580				-57.49255	1662.87219	2179.29517	-185.67410	1589.07080	2106.70752				-248.35983	1368.86865	2154.04346	105.21255	1389.06372	2206.09351				-77.25682	1433.41089	2234.45508	-322.89368	1061.40747	2061.73682	188.80568	1047.29736	2239.77759	-303.03766	941.05444	1890.45325	195.32735	859.84790	2110.09888	-148.99107	904.72931	2064.85132				-60.68295	983.30005	2294.38940	-147.19783	491.22586	2051.22778	94.45983	465.56622	2222.88037	-142.59889	160.85562	2086.95410	83.28854	247.93358	2486.86646	
60	0.590				-58.17742	1663.05945	2171.47534	-186.38472	1589.72644	2099.16675				-249.67389	1370.49768	2147.00049	103.89611	1389.76758	2199.08301				-78.94682	1433.98206	2227.39771	-324.61249	1062.81714	2052.28687	187.96272	1048.57422	2233.21216	-305.35913	943.64368	1879.56689	195.63393	860.91785	2103.59961	-149.82112	905.62677	2055.11938				-62.51855	984.36676	2287.14307	-147.94612	491.26901	2047.68945	94.62913	464.13342	2205.25977	-142.84471	160.58430	2086.53320	82.50742	253.84404	2474.19995	
61	0.600				-59.44741	1664.04553	2164.86206	-187.46512	1590.53394	2091.73389				-250.77478	1371.10706	2138.67798	102.55730	1390.48560	2192.18018				-80.04628	1434.42090	2219.32056	-326.73807	1064.36194	2042.59131	187.65230	1049.76355	2225.90381	-307.30399	945.83704	1870.31165	195.67728	862.06671	2093.39941	-150.22565	905.49988	2047.75256				-64.11477	984.46216	2279.83691	-148.40465	490.94116	2046.22119	93.95737	464.06866	2186.80566	-143.06851	160.20441	2086.09912	82.44107	261.87128	2463.21899	
62	0.610				-59.93869	1664.05139	2156.79102	-188.48569	1590.85791	2084.93408				-251.38278	1371.20496	2129.94116	101.11659	1391.03284	2185.60815				-81.56274	1434.90527	2212.30786	-328.28207	1065.56140	2031.92444	187.24796	1049.65247	2218.70044	-308.95026	947.68701	1860.72461	195.85310	863.95660	2087.60303	-150.74445	905.14966	2040.65149				-65.21004	984.44806	2272.19434	-149.87608	491.32935	2041.76611	94.58974	463.68002	2170.95630	-143.29506	160.17696	2085.85449	82.27954	263.31421	2445.04688	
63	0.620				-60.49759	1664.57996	2149.21704	-189.14008	1591.20508	2076.77734				-252.32037	1371.93896	2122.19019	100.37881	1390.98938	2178.26343				-82.84151	1435.22644	2205.26758	-329.60251	1066.37793	2021.76868	186.93221	1050.03247	2210.82935	-311.21844	950.09210	1849.45557	195.94289	865.35315	2078.51563	-151.08687	904.95605	2034.84436				-66.54579	984.78448	2265.21460	-150.14716	489.83395	2039.24451	95.00850	463.79486	2154.40576	-143.37534	159.99701	2085.42090	82.26362	269.36929	2430.93164	
64	0.630				-61.62518	1664.79382	2142.19775	-189.82581	1591.42468	2069.13159				-252.73083	1371.77576	2112.59082	99.19460	1391.44360	2171.85718				-84.25379	1435.67773	2197.59595	-330.60565	1067.73242	2012.67871	186.29857	1050.34155	2203.76172	-313.10165	952.06714	1840.99243	195.70107	867.45862	2067.53516	-151.29132	905.01147	2025.70544				-67.50303	984.69324	2257.91748	-151.14699	489.13879	2037.42126	95.86375	464.31146	2136.94580	-143.66301	159.75198	2084.82251	82.21317	274.34308	2416.32788	
65	0.640				-61.90563	1665.19836	2134.38452	-190.69220	1591.83960	2061.74780				-253.60417	1372.49304	2105.49170	98.39397	1391.40979	2164.52148				-85.32505	1435.99890	2190.31787	-332.55963	1069.42810	2002.62598	185.79617	1050.57971	2196.84619	-314.47647	953.07501	1829.36206	195.80952	868.29358	2057.97070	-151.43506	904.71838	2019.65967				-68.33775	984.79431	2251.53491	-151.90883	488.82697	2034.88208	95.56781	465.22314	2118.43433	-144.01553	159.77486	2084.48950	81.09850	279.45386	2401.82056	
66	0.650				-62.54656	1665.23743	2126.51611	-191.19048	1592.07397	2053.50439				-254.33571	1372.70679	2097.14941	97.58344	1391.86316	2157.77124				-85.96653	1435.78528	2182.05029	-333.85617	1070.30530	1992.92102	185.92229	1050.99902	2189.73242	-316.27753	955.22888	1818.56116	196.16159	869.76678	2048.55933	-151.42204	904.72656	2013.38965				-68.69471	984.40863	2244.47876	-153.05763	489.46698	2031.19653	95.98716	466.49435	2100.65796	-144.40887	159.66153	2083.91650	79.82823	283.89182	2387.95264	
67	0.660				-63.25768	1665.97156	2119.46338	-191.84782	1592.54492	2046.31982				-254.32532	1372.10291	2088.58130	96.88692	1391.62390	2151.12964				-87.12634	1436.29578	2175.15527	-334.59842	1071.01611	1982.85669	185.59016	1051.17078	2183.65259	-318.03409	956.52881	1808.56702	196.45488	870.74103	2043.36230	-151.39069	904.48871	2007.12256				-69.58839	985.19421	2238.84741	-153.34940	487.89264	2027.90662	97.06777	467.08499	2084.49048	-144.96356	159.47125	2083.49609	78.36458	285.81229	2368.37695	
68	0.670				-63.50723	1665.63550	2110.98413	-192.19720	1592.46252	2038.60913				-254.59023	1372.98547	2080.61255	95.84287	1392.43762	2145.14575				-88.21092	1436.69507	2167.74927	-335.83832	1072.28162	1972.52661	185.69339	1051.20032	2176.61304	-319.79767	958.15741	1798.30786	196.83960	871.39636	2036.81238	-151.37480	905.08167	1998.81055				-69.87383	984.67493	2231.91138	-153.89653	487.25446	2026.02173	97.64986	469.07693	2067.04785	-145.38185	159.39240	2083.40576	78.61004	289.30127	2354.55493	
69	0.680				-64.12018	1666.24060	2103.79248	-192.64008	1593.28845	2030.99597				-254.56259	1372.65869	2072.74243	94.84267	1393.07520	2139.39648				-88.98935	1437.37744	2160.36792	-336.54721	1073.35046	1962.98486	184.94545	1050.87109	2169.60181	-320.93381	959.84833	1787.61328	197.00647	873.08923	2027.82593	-151.14462	904.99725	1990.83716				-70.37884	985.03247	2225.05786	-155.04140	487.34430	2023.70447	98.94643	471.45236	2050.82886	-145.71638	159.37062	2083.05444	77.88813	290.03888	2336.69897	
70	0.690				-64.16917	1666.32935	2095.31689	-192.90594	1593.24890	2023.47961				-255.06097	1373.68518	2064.83252	94.52178	1393.36292	2132.29663				-89.97996	1437.63940	2153.22754	-337.45074	1074.71350	1953.65356	184.31271	1051.57874	2163.16919	-322.09009	960.17096	1777.93494	197.40710	873.95819	2020.22595	-150.94469	905.36737	1985.06482				-70.89212	985.46790	2218.09473	-155.99963	487.03101	2023.80298	99.88521	473.48364	2034.97766	-146.05891	159.45119	2082.78711	76.35136	290.28928	2318.14990	
71	0.700				-64.53255	1666.45801	2087.16650	-192.94008	1593.82178	2015.31213				-254.86060	1373.24292	2055.91699	94.23463	1393.44800	2124.66870				-90.68806	1438.08276	2145.86914	-337.95392	1075.96069	1943.53857	184.57625	1051.77649	2156.71582	-323.08340	962.51721	1768.28723	197.62311	875.70569	2012.23328	-150.55696	905.40247	1977.98560				-71.26839	985.78156	2211.83813	-157.08067	487.46100	2021.24561	101.27862	476.80634	2018.57544	-146.29060	159.42807	2082.47681	77.06300	287.13626	2298.26587	
72	0.710				-64.81023	1667.11389	2079.58521	-193.80081	1593.92029	2008.31018				-254.83945	1373.29016	2047.19775	93.76894	1393.84338	2118.21704				-91.13937	1438.14172	2138.32178	-338.63260	1076.81238	1934.75513	184.11424	1052.87793	2150.53467	-324.33112	964.17096	1758.31018	198.16335	877.11316	2006.66980	-150.20836	905.96112	1971.47229				-71.59594	986.36414	2205.26123	-157.46062	487.18219	2020.04919	102.29942	479.39844	2002.02686	-146.34340	159.57097	2082.02563	76.46706	286.62549	2280.65601	
73	0.720				-64.96047	1666.95532	2071.30981	-193.36259	1593.52478	1998.93921				-254.84241	1373.62854	2039.46277	92.94994	1394.43042	2112.24658				-91.72449	1438.58203	2130.85327	-338.97342	1078.04199	1924.37732	183.42822	1052.94458	2143.72339	-325.91272	964.33246	1751.07642	198.20445	879.54907	1997.17590	-150.08189	906.60101	1963.63831				-72.30190	986.40125	2198.21143	-157.83684	486.76627	2016.24585	104.06103	482.46786	1987.44312	-146.35132	159.76894	2081.64160	76.25193	283.27963	2260.83936	
74	0.730				-65.06861	1667.65210	2063.97437	-194.06541	1593.82837	1993.06128				-254.25948	1373.67688	2032.12256	92.13397	1395.66003	2107.01660				-92.25294	1439.05750	2123.67847	-339.31644	1078.89087	1916.52576	182.93781	1053.61682	2137.73169	-326.98605	965.61603	1740.97668	198.81969	880.51007	1991.34094	-149.68324	905.89771	1958.27136				-72.71062	986.88745	2191.68066	-157.83797	485.66525	2013.45007	104.93626	485.53641	1971.83997	-146.22606	159.82617	2081.09448	75.89648	279.12283	2240.13037	
75	0.740				-64.47521	1667.45081	2055.29077	-193.56096	1593.66284	1985.02124				-253.97040	1373.59412	2023.65051	92.29443	1395.64502	2099.59326				-92.87054	1439.19873	2116.74194	-339.41870	1080.01184	1906.40198	182.44794	1054.66272	2133.29468	-327.73880	967.15564	1731.35376	199.22607	882.40881	1981.09387	-149.66418	906.02679	1952.26306				-72.92888	986.63031	2185.34351	-157.81497	485.33688	2012.46423	106.29169	488.27377	1956.49219	-146.19485	159.99977	2080.55762	76.33428	275.55130	2220.16113	
76	0.750				-64.74353	1668.09485	2048.13721	-193.29356	1593.19409	1976.62317				-253.75006	1373.81348	2015.67188	92.23628	1395.66663	2092.18384				-93.13015	1439.23584	2109.08032	-339.78900	1080.88831	1898.28149	181.82664	1055.20947	2127.22900	-328.41278	968.37000	1721.35364	199.78703	883.65710	1974.44275	-149.60941	905.88019	1944.39697				-72.94118	986.84003	2178.52856	-157.66765	485.16693	2010.27673	108.23228	490.59714	1944.16162	-146.24303	160.05560	2079.96655	76.33103	270.53088	2198.45630	
77	0.760				-64.87421	1668.08386	2039.82422	-193.79800	1593.35303	1969.16650				-253.24355	1374.34302	2009.62683	91.66123	1396.26379	2086.30273				-93.37921	1439.14355	2102.13354	-339.95035	1081.72791	1888.46472	181.41650	1055.10498	2120.31079	-329.50430	968.59949	1713.46484	200.78362	885.00159	1967.14197	-149.50102	905.12048	1939.66907				-73.09942	986.92590	2171.18018	-157.71005	485.94537	2008.03955	109.28120	494.21176	1929.32629	-146.10918	160.18526	2079.32983	78.09955	266.05704	2179.49170	
78	0.770				-64.71253	1668.00037	2031.30054	-193.44434	1593.10986	1961.35059				-252.97649	1373.95654	2001.15527	91.87303	1396.35120	2080.24365				-93.35942	1439.34351	2094.58960	-339.79843	1082.45825	1879.92932	182.19652	1055.48608	2114.82788	-330.30783	970.30157	1703.62366	201.70451	885.46411	1962.88782	-149.18375	903.62213	1931.51257				-72.92386	986.59430	2164.65283	-157.00650	484.87811	2004.53235	111.14645	496.90604	1916.13403	-145.95543	160.34087	2078.67383	80.09661	259.15155	2156.64502	
79	0.780				-64.77012	1668.00220	2023.92139	-192.76604	1593.17310	1953.14355				-252.35674	1373.62024	1992.61548	91.88632	1396.52441	2072.87646				-93.12123	1439.20947	2086.96094	-339.60287	1083.00806	1871.92102	181.93066	1055.22070	2108.53198	-330.88354	970.00995	1694.96863	202.41264	886.20471	1955.36096	-149.06470	903.24719	1926.47266				-72.42017	986.88293	2158.45239	-156.29817	483.78302	2000.93799	112.65804	499.64340	1902.24084	-145.39690	160.55457	2077.80078	81.55609	253.41946	2135.63306	
80	0.790				-64.36829	1668.34216	2015.75256	-192.98019	1593.04773	1945.68542				-251.56824	1373.58472	1985.80505	91.70737	1395.97644	2065.77368				-92.76746	1438.83228	2078.92334	-339.61353	1083.57288	1862.40186	181.60565	1055.72424	2102.52954	-331.42715	971.34509	1685.48621	203.31789	887.02423	1947.54736	-148.47609	901.68652	1919.18127				-72.32053	986.38867	2151.67212	-155.48569	483.67679	1999.26111	114.10722	502.85074	1888.85095	-144.78171	160.45879	2076.77612	83.46213	246.36182	2111.20752	
81	0.800				-63.73483	1668.37097	2008.40942	-192.60983	1592.03284	1937.78577				-251.52780	1373.50647	1977.38879	92.14052	1395.94971	2059.01782				-92.86777	1438.88855	2071.53027	-339.72180	1084.09717	1853.27588	182.65233	1055.22949	2096.56494	-332.23358	971.00867	1677.38684	204.03178	887.67700	1940.05371	-147.84261	900.55786	1913.58875				-71.73000	986.07928	2144.99463	-154.49512	482.54630	1995.47473	115.77691	505.47110	1876.73523	-144.04471	160.53819	2075.90967	86.38096	238.98660	2086.88525	
82	0.810				-63.41077	1667.82922	1999.71118	-191.96553	1591.80518	1930.82263				-250.92598	1373.08691	1970.11768	92.13844	1395.60803	2052.38647				-92.58138	1438.37744	2063.99194	-339.42535	1084.24402	1844.36279	182.42076	1055.05725	2089.95532	-332.53574	972.07501	1669.94507	205.14903	887.64899	1935.04114	-147.37277	900.53558	1903.86035				-71.14734	985.29535	2138.04688	-153.21854	481.61755	1994.08765	117.57426	507.65738	1864.35034	-143.02234	160.55560	2075.00928	90.11919	231.89813	2064.60059	
83	0.820				-63.46549	1666.46655	1992.21533	-191.18858	1591.00122	1921.79443				-249.68539	1372.33044	1962.29797	92.72953	1394.64319	2044.20422				-91.85631	1437.79785	2056.35010	-339.18015	1084.62817	1836.43762	182.79634	1054.97229	2085.05786	-332.98474	971.94171	1658.70935	206.29086	887.47693	1926.67102	-146.75716	898.26801	1898.93640				-70.73127	984.81598	2131.32300	-152.66588	480.89902	1991.76343	118.82008	509.81183	1852.83862	-142.70131	160.61063	2074.22266	93.60387	223.94991	2038.37061	
84	0.830				-62.26803	1665.94800	1984.22339	-191.15063	1589.84937	1914.40369				-249.45493	1371.84155	1953.69360	93.06870	1394.08960	2036.72705				-91.80262	1437.19751	2048.85938	-339.41733	1084.48669	1827.39795	183.77214	1054.15125	2077.56665	-333.22949	972.24310	1649.55701	207.19577	888.26379	1920.76465	-146.20953	897.38940	1892.62915				-69.87686	984.64862	2125.05493	-151.32135	480.76410	1987.80811	120.50353	511.83444	1842.20605	-142.15851	160.56593	2073.52661	97.18187	217.25771	2013.71252	
85	0.840				-61.50009	1665.58643	1976.36829	-190.40808	1589.96875	1907.67871				-248.14052	1371.23535	1945.80212	93.77505	1393.29297	2029.62500				-91.43526	1436.36414	2040.86743	-339.11774	1084.49487	1818.81726	184.08755	1054.17017	2071.62183	-333.95947	971.90582	1642.63208	208.38489	887.84778	1912.94214	-145.36658	895.53070	1886.62292				-69.23380	983.47363	2117.12061	-150.88605	480.20871	1984.55054	121.52752	513.26343	1830.47705	-142.13158	160.15247	2071.12500	101.00248	210.27397	1988.20581	
86	0.850				-61.24903	1664.13062	1968.37488	-190.13745	1588.94788	1899.45227				-247.67711	1370.51013	1938.20288	94.57308	1392.10254	2022.05151				-90.61483	1435.99536	2033.60400	-338.82541	1084.09692	1810.60120	185.03123	1053.17664	2065.55688	-334.28366	971.43683	1632.57458	209.95726	887.22760	1906.56555	-144.14182	894.19000	1880.08984				-68.06998	983.49005	2111.03125	-150.81125	479.61725	1982.72205	122.80783	514.37439	1821.66064	-142.06932	160.64560	2072.32715	105.06663	201.69865	1960.89050	
87	0.860				-60.88972	1663.42749	1960.21460	-189.13466	1587.05688	1890.53113				-246.70238	1369.47327	1929.51538	95.29531	1391.05029	2013.14819				-89.90195	1435.03052	2025.30933	-339.01007	1083.95886	1801.82507	185.96947	1051.19128	2057.66699	-334.78094	972.36639	1624.77478	211.39890	887.32733	1898.56726	-143.35063	893.90851	1872.67822				-67.46641	982.18231	2103.37427	-150.44350	479.39862	1981.68762	124.00465	514.55219	1810.82751	-142.01514	160.47859	2070.68457	109.87921	195.55493	1935.22461	
88	0.870				-60.43463	1662.96948	1954.02173	-188.28030	1586.52832	1883.66028				-245.42532	1368.24182	1922.18982	95.90144	1390.40173	2006.04541				-88.85788	1433.54639	2016.89050	-338.34396	1083.27869	1793.37744	186.90387	1051.43091	2052.77637	-335.43509	970.66754	1615.54102	213.17764	885.87616	1893.34827	-142.52579	892.76184	1865.02197				-65.94641	981.36041	2096.11816	-150.19441	479.40472	1979.41199	125.25971	515.05402	1804.24622	-142.12901	161.22704	2071.82642	115.40442	190.19400	1909.50134	
89	0.880				-59.24157	1661.59766	1944.77368	-187.67294	1584.79517	1874.45239				-244.59604	1366.98975	1912.90991	96.87635	1389.38000	1998.74146				-87.81017	1433.15405	2009.86023	-337.80298	1082.90540	1784.91443	187.86891	1049.82849	2044.58875	-335.71576	971.67664	1608.15259	215.13470	885.35876	1886.66113	-141.72522	891.62585	1858.44592				-64.99092	980.25909	2088.67847	-150.26958	479.20557	1976.38684	126.75979	514.96692	1795.46350	-142.05511	161.55945	2071.58374	119.25167	184.24239	1882.17737	
90	0.890				-58.83672	1660.74255	1936.36365	-186.75659	1584.13733	1867.30811				-243.16153	1366.42944	1906.16760	97.68982	1387.97607	1990.08093				-87.14705	1432.12732	2001.96826	-337.65009	1082.39233	1776.94067	188.98560	1049.66174	2039.22534	-335.88303	970.53125	1599.74719	216.89542	883.92615	1879.83081	-140.37576	890.45953	1851.78357				-63.49731	979.15216	2081.53027	-149.88495	478.28836	1974.93665	128.04095	513.25195	1786.91357	-142.10269	161.72629	2071.11157	124.63684	179.09784	1856.38489	
91	0.900				-57.64238	1659.54016	1928.65161	-185.77394	1582.52307	1859.34900				-242.38274	1364.93762	1897.17249	99.01698	1387.10168	1982.11841				-85.96854	1430.90247	1993.57935	-337.13147	1081.11328	1769.01941	189.92516	1048.63513	2031.49036	-336.15887	969.81805	1590.73975	218.76624	884.22906	1871.31616	-139.53452	889.58875	1842.31799				-61.90100	978.14899	2073.40381	-150.47346	478.34723	1972.12878	128.78302	512.40179	1780.67639	-141.98747	162.06145	2070.70801	129.89700	175.31277	1829.02429	
92	0.910				-56.61354	1658.05957	1920.16479	-184.99275	1581.10901	1850.58472				-240.86766	1363.93433	1890.34021	100.18272	1385.84204	1974.44055				-84.65733	1429.91260	1986.48425	-336.54248	1080.81787	1760.20178	191.36099	1047.58789	2025.20801	-336.37079	968.90057	1582.78857	222.47949	883.75861	1862.00537	-139.09029	888.46185	1838.93665				-60.29780	977.09174	2066.44165	-150.26068	477.74213	1971.16919	130.09380	511.04517	1775.64648	-141.89485	162.25386	2070.23682	133.72401	172.50885	1803.55652	
93	0.920				-56.11266	1656.31250	1911.74121	-183.99930	1579.47461	1843.74597				-239.84917	1362.53442	1880.91455	101.60464	1384.16711	1964.93262				-83.70256	1428.50964	1977.90881	-336.12720	1079.64880	1752.06824	193.03568	1046.28308	2016.46252	-336.94067	968.39374	1574.25024	224.58504	882.76416	1854.67444	-138.22260	887.03387	1831.30310				-58.53036	975.81036	2058.24170	-150.68321	477.78525	1965.26135	130.06641	509.01038	1767.41626	-143.41127	161.75452	2073.64673	138.40724	170.12657	1777.30200	
94	0.930				-54.76991	1655.33130	1904.53821	-182.93646	1577.95825	1834.09937				-238.41206	1361.79907	1874.23975	103.31233	1383.09753	1957.22510				-81.99947	1427.47327	1970.20190	-335.91425	1078.97754	1744.20251	194.45361	1045.91370	2009.94434	-337.43668	967.07263	1567.36157	227.38577	881.55688	1847.45142	-137.27255	885.61224	1824.39270				-56.41840	974.79510	2050.92456	-150.00478	476.91913	1963.10571	131.34633	506.00919	1762.27332	-143.23502	161.99562	2072.83032	141.33725	168.76643	1752.33203	
95	0.940				-54.11590	1653.71667	1896.66199	-181.77831	1576.26025	1827.44666				-237.34605	1359.74609	1865.31738	104.54154	1382.00647	1949.33130				-80.48434	1425.50549	1961.44641	-335.32156	1077.73242	1735.76123	195.82269	1044.83264	2002.25342	-338.22781	965.80157	1558.44446	229.92276	880.55023	1840.55603	-136.84595	885.36835	1814.95129				-54.68632	973.67230	2042.21692	-149.46999	476.11420	1959.28650	131.87479	503.78525	1756.90894	-142.85886	162.37993	2072.13501	145.72090	168.23753	1729.02368	
96	0.950				-53.24311	1651.69421	1888.13013	-180.60995	1574.56445	1818.13440				-235.70863	1359.05664	1859.03528	105.75483	1380.41418	1940.24658				-78.70929	1424.00378	1953.73694	-334.33185	1076.64893	1728.68372	197.45793	1044.33447	1995.41296	-338.76416	964.88507	1550.79639	232.41824	879.41010	1833.33386	-136.14626	882.80414	1809.00708				-52.21718	972.38831	2034.89417	-149.07750	474.95752	1957.01929	132.64571	501.51740	1748.59131	-142.85229	162.86971	2070.27515	148.72313	167.88187	1706.53320	
97	0.960				-52.12577	1651.15027	1881.66858	-179.48421	1572.83643	1810.97961				-234.55824	1357.04407	1849.81262	108.21679	1378.89368	1931.90222				-77.11488	1422.60767	1945.04065	-333.34952	1075.78760	1719.65320	199.14166	1042.72375	1987.57971	-339.38318	963.99451	1542.08777	235.16063	878.18713	1824.95764	-136.19035	882.13593	1800.23889				-49.76464	970.91479	2025.74573	-148.36525	474.18719	1950.94666	133.71165	499.89008	1744.49207	-142.48509	162.89136	2070.04077	151.92223	169.68987	1684.89734	
98	0.970				-51.58820	1648.79553	1873.36060	-178.01845	1571.20752	1802.40234				-232.82483	1356.47290	1843.46289	109.45471	1377.60742	1923.05786				-75.46734	1421.34290	1938.15881	-332.99078	1074.35254	1711.38940	201.52019	1041.42590	1979.35559	-339.20734	962.86536	1534.71057	238.07858	876.88129	1818.48828	-135.83081	880.65491	1794.01794				-46.99383	969.44934	2017.27161	-148.17682	474.71671	1944.99182	134.52763	498.17102	1737.40149	-142.25244	163.57243	2068.32056	153.66386	171.24571	1665.18689	
99	0.980				-49.98965	1648.03125	1865.46350	-177.09940	1570.00049	1794.99084				-231.14893	1354.03662	1834.71887	111.08765	1376.10315	1914.38708				-73.55347	1419.72961	1929.14551	-332.29620	1073.55029	1704.83179	203.27139	1040.27991	1971.77905	-340.10818	961.69226	1527.91577	240.25372	875.63385	1809.98914	-135.21870	878.21924	1787.58386				-44.16048	968.39923	2009.73914	-146.43138	472.82437	1943.73669	135.89661	496.15231	1729.96484	-141.91902	164.23758	2066.86304	155.98383	172.27391	1648.34485	
100	0.990				-48.56374	1645.81152	1857.09045	-175.30960	1567.54895	1786.46997				-229.52124	1353.57715	1828.43140	113.22504	1374.83386	1906.17102				-71.21184	1417.79346	1921.53296	-331.63123	1071.93042	1696.35730	205.79657	1038.87585	1963.52551	-339.94415	960.84656	1518.60242	243.45697	874.57501	1803.06897	-134.53036	876.87744	1777.47522				-41.39209	966.64594	2000.17871	-147.08742	473.30811	1936.36890	137.47807	494.08881	1723.20313	-141.66226	164.77997	2065.95801	156.74095	173.37094	1632.67749	
101	1.000				-46.73266	1643.94409	1848.16406	-174.02098	1566.38794	1778.78931				-227.68434	1352.34180	1820.83362	115.27930	1372.67664	1895.62378				-69.45234	1416.15002	1912.33191	-330.41864	1071.24390	1688.08484	208.15868	1037.66821	1954.74353	-340.65701	959.54218	1510.58508	246.12701	872.93231	1794.76538	-133.88666	875.47168	1768.58777				-38.04570	965.16180	1991.42810	-145.93633	471.34412	1931.13757	138.41685	492.78445	1713.15576	-141.00684	165.53204	2064.48755	158.40491	174.02657	1618.52808	
102	1.010				-45.12008	1642.65027	1840.61108	-172.41096	1564.88538	1770.40686				-225.76445	1351.06494	1812.73193	117.31387	1372.21191	1888.50281				-67.07454	1415.42322	1905.24854	-329.31305	1069.71985	1680.90674	210.83730	1036.36694	1946.44958	-340.79016	958.07733	1504.26697	248.61699	871.46899	1785.35852	-133.52995	875.29498	1760.47302				-34.74469	963.97546	1983.32910	-145.70177	472.44443	1926.36597	140.02176	491.17932	1704.65540	-140.63144	166.64180	2062.47144	159.15990	173.59181	1607.58667	
103	1.020				-43.20408	1641.45471	1831.95825	-170.52470	1563.80310	1763.32324				-224.07820	1349.44189	1805.77856	119.48740	1369.90442	1878.06274				-64.85693	1413.18433	1895.77173	-328.35275	1068.05493	1672.47852	213.21333	1035.17419	1936.94287	-341.33389	957.83264	1497.04199	251.68565	870.48065	1776.76599	-132.35248	872.06299	1754.93689				-31.65675	961.81158	1972.90430	-143.63786	470.60907	1919.41260	141.01990	490.13617	1693.68225	-139.12364	167.87920	2058.57568	160.40524	171.66888	1599.55652	
104	1.030				-41.21314	1640.23560	1823.77905	-169.07814	1562.07410	1754.16968				-221.59476	1348.21460	1797.47217	122.12746	1368.74817	1869.11194				-62.35985	1412.11377	1887.96216	-327.17892	1067.63379	1666.00732	216.54738	1033.83765	1928.46472	-341.73141	956.01245	1489.45386	254.33237	869.69421	1768.14014	-130.70311	870.91882	1745.10083				-28.40348	960.54144	1964.48193	-142.33800	470.79321	1916.14502	142.19783	489.35382	1683.27576	-139.76823	168.52231	2058.83154	160.44472	168.65285	1592.21387	
105	1.040				-39.12360	1639.52295	1815.74487	-166.45091	1561.29663	1746.64783				-220.22359	1346.75122	1788.95679	124.34098	1367.43945	1859.54761				-59.97915	1410.91760	1879.01318	-326.19000	1063.51025	1655.91064	218.54053	1032.74158	1919.25562	-342.02597	955.03320	1482.25916	256.96573	868.14679	1758.29199	-129.06693	869.34735	1735.65051				-25.03907	959.37714	1955.25903	-141.30138	469.75000	1908.93726	142.62926	488.23602	1671.63989	-139.73148	170.14662	2057.00830	161.31258	165.29288	1587.27478	
106	1.050				-36.81676	1637.25244	1806.32593	-164.59727	1559.79102	1737.82861				-217.48561	1345.68774	1781.38489	126.58812	1365.92859	1849.99231				-57.54244	1409.25317	1870.10938	-325.42419	1064.25903	1651.17590	222.13705	1031.96350	1910.59485	-342.32809	953.77069	1474.92285	259.96249	868.15509	1749.35388	-126.94971	867.78668	1726.72778				-22.33216	957.40845	1945.07922	-139.23843	469.83060	1903.10046	143.07535	487.55933	1659.98853	-139.60744	171.45732	2055.46802	161.88466	161.70517	1583.87451	
107	1.060				-34.46186	1636.39148	1798.16968	-163.11658	1558.60510	1730.19116				-215.91272	1344.00220	1773.12036	129.32277	1365.11768	1841.00232				-54.69330	1407.90820	1861.99268	-323.59381	1063.04468	1643.99133	225.04323	1030.50562	1899.69910	-342.79379	952.62225	1467.75330	263.10837	866.98755	1739.81689	-124.84704	866.78864	1716.41089				-19.13495	956.86932	1936.62817	-137.24503	467.91425	1897.91748	143.38539	486.85611	1647.58691	-139.47418	173.73918	2052.74390	162.17595	159.13936	1580.68860	
108	1.070				-32.80803	1635.87036	1788.54810	-160.93648	1557.74268	1722.81506				-213.28717	1343.08875	1765.12207	131.56415	1363.99536	1830.91492				-52.27587	1406.62500	1851.96985	-322.04218	1061.66553	1637.11523	228.23836	1030.08337	1891.23218	-343.15430	950.91302	1460.58813	266.26813	866.00262	1729.78198	-122.14796	866.43909	1705.77258				-16.48577	954.43011	1925.31958	-136.48576	469.00092	1887.60181	144.19839	485.01703	1637.27832	-139.08830	175.30925	2051.24341	161.70026	157.28781	1574.21179	
109	1.080				-29.59079	1634.76038	1779.65210	-159.43626	1556.72388	1713.17334				-211.37331	1341.95496	1756.53015	134.26550	1363.09937	1822.47986				-49.62001	1406.43140	1844.09033	-320.78226	1058.11194	1625.86169	230.99507	1029.65637	1880.81860	-343.43643	949.62970	1453.93445	269.53711	865.44141	1720.38171	-119.20731	864.77124	1698.69934				-13.13558	954.23248	1916.03882	-133.95354	467.98318	1880.17334	144.96429	484.20120	1627.32886	-138.74113	177.20844	2047.98950	161.16452	156.53381	1566.80957	
110	1.090				-27.92476	1634.32654	1769.53931	-157.09258	1556.38306	1705.48511				-208.97559	1340.95251	1748.45959	136.52869	1362.58984	1812.34229				-46.64909	1405.13550	1834.57166	-320.46170	1058.91003	1622.04407	235.51639	1029.65857	1873.70313	-343.57291	948.08630	1446.62781	272.20642	864.66339	1710.95020	-116.30820	863.56104	1687.20642				-10.48975	953.20374	1904.72791	-131.24249	467.39520	1872.02209	145.85579	483.82101	1617.06726	-138.27849	179.15889	2044.39990	161.93770	155.69916	1561.78198	
111	1.100				-25.49158	1634.63000	1760.64355	-155.33974	1555.63953	1695.52661				-206.98895	1340.16357	1739.50305	139.78882	1363.38806	1805.28772				-44.70950	1405.10083	1826.30176	-317.89252	1058.62085	1615.60828	238.32373	1029.97815	1864.39941	-343.48605	946.47296	1440.03931	275.40073	864.14020	1699.44336	-113.29398	862.17395	1678.70801				-7.22661	952.30640	1895.12964	-129.14334	466.80417	1862.24414	147.28737	485.00513	1607.70276	-136.79941	182.02800	2040.48071	161.58498	153.19626	1558.04053	
112	1.110				-23.83774	1634.86975	1750.79358	-153.10283	1555.93628	1686.97266				-204.51738	1339.83801	1731.58301	142.13103	1363.56360	1795.34705				-41.74595	1405.31567	1817.84839	-316.82721	1055.32019	1604.47217	241.51906	1029.85876	1854.06042	-343.82126	945.95007	1433.52393	278.21634	864.78461	1690.52856	-109.45244	862.09760	1667.08472				-4.81721	952.22296	1883.75293				147.92418	485.98862	1597.52271	-135.50314	185.37254	2037.05298	161.67482	152.43117	1555.09155	
113	1.120				-21.53350	1635.75867	1740.62512	-151.56465	1555.92981	1678.25146				-202.68649	1339.49756	1722.29614	144.86540	1363.78528	1785.68677	-11.77254	1231.36597	1634.70581	-39.56064	1404.99365	1808.06702	-315.28107	1054.27478	1597.52539	243.92175	1031.02869	1843.38306	-343.81097	944.12347	1426.80457	281.62958	864.67834	1679.95227	-106.39860	861.85107	1655.69800				-1.89496	952.63287	1874.76550	-123.03319	465.78748	1841.32471	148.76390	488.25095	1586.57312	-134.52704	188.74791	2032.58398	162.00699	152.20639	1550.66492	
114	1.130				-19.09298	1636.13123	1730.57544	-149.59331	1556.61096	1668.94971				-200.13184	1339.55444	1713.66101	147.19437	1364.17212	1776.29333	-9.12012	1232.49341	1625.56787	-36.33194	1405.70276	1799.13818	-313.97897	1054.28210	1591.42480	248.34752	1028.97144	1830.02148	-343.92990	943.27771	1420.55188	284.69742	864.65509	1669.98218	-103.23469	862.60986	1646.50171				0.19773	953.14117	1863.29260	-120.35648	464.77203	1829.70361	149.69496	488.06015	1576.41467	-132.80806	191.84122	2027.11316	162.10776	151.53615	1548.64514	
115	1.140				-17.30045	1636.31555	1719.23633	-147.78848	1556.92773	1659.86523				-197.74751	1340.29272	1705.00073	149.87772	1365.37756	1767.58386	-6.43118	1233.33276	1616.28101	-34.68190	1406.52173	1789.32520	-312.12210	1053.91382	1583.07764	251.15788	1030.89795	1820.15845	-344.11374	942.08069	1414.68823	287.93173	866.20398	1659.76953	-100.02714	862.06189	1635.26563				2.95208	954.88947	1854.03333	-117.00254	463.76266	1814.78381	150.89523	487.96118	1565.89343	-130.55896	196.40517	2021.85083	163.30968	151.42259	1545.42993	
116	1.150				-15.33824	1638.40417	1710.27295	-146.25307	1557.37805	1650.82141				-195.66187	1340.86121	1695.17151	151.99026	1366.86499	1757.12256	-4.17349	1234.87634	1605.19006	-32.03803	1407.36206	1780.36633	-310.65067	1053.28809	1576.43872	253.78503	1032.51245	1809.27441	-344.47180	940.58307	1409.06763	289.24515	865.87091	1652.30920	-96.82130	861.83636	1625.80969				4.89499	955.05304	1843.12085	-114.34567	462.05310	1799.99902	153.86224	487.55795	1556.44531	-128.69359	200.62469	2014.97961	162.72037	150.52650	1543.55811	
117	1.160				-13.49650	1639.45288	1699.50781	-144.37083	1558.34534	1641.50696				-193.11618	1341.96167	1686.38794	154.79860	1368.03723	1748.03955	-1.73442	1236.47717	1596.32104	-29.23086	1408.86414	1769.98975	-309.24747	1053.18091	1571.33801	257.69537	1033.97534	1798.98230	-344.69781	940.28851	1403.77966	291.90613	867.46729	1641.32117	-93.79716	863.98822	1614.38391				7.34005	957.05981	1833.68652	-112.33270	460.04779	1784.15027	155.54597	488.73145	1550.03992	-125.91191	204.79590	2006.62512	163.32939	149.97049	1542.36768	
118	1.170				-11.98021	1640.33533	1688.84167	-142.67026	1558.77246	1631.86145				-190.95410	1343.03442	1676.61389	157.02780	1369.64685	1737.68262	0.85213	1238.52637	1585.99744	-27.02361	1410.09094	1760.93896	-307.64288	1053.99792	1565.38037	259.97058	1035.97876	1788.80200	-345.26791	939.37512	1398.22632	294.33691	868.23151	1632.00061	-90.89846	863.62714	1605.85181				9.17622	958.52625	1823.46289	-109.52198	458.37338	1767.02332	158.20071	488.40619	1543.59204	-123.63205	209.90254	1997.84668	164.41750	149.89339	1540.13611	
119	1.180				-9.77566	1642.35828	1679.39270	-140.77818	1559.57983	1622.57617				-188.00644	1344.51257	1666.41174	159.61415	1371.49158	1728.05688	3.39066	1239.75293	1576.44812	-24.24151	1411.34290	1750.73340	-306.17178	1054.12769	1558.53821	262.74878	1037.07800	1776.90344	-345.36957	938.40204	1393.01733	297.16583	870.07574	1621.47327	-88.00378	866.60889	1595.39636				11.41862	960.14325	1812.90710	-108.21043	456.42081	1749.28967	161.11333	489.41364	1538.35449	-121.00006	216.00105	1987.77417	164.44867	148.97945	1538.58630	
120	1.190				-8.18332	1643.24365	1668.34106	-139.06065	1559.81787	1613.04993				-185.72636	1345.87573	1657.79639	161.84067	1373.07666	1717.83508	5.56749	1241.32007	1567.17932	-22.25415	1412.06421	1741.31470	-304.61514	1054.53503	1551.85181	266.32800	1039.35498	1767.54456	-345.40936	937.22510	1387.64905	300.32132	871.87054	1609.58154	-84.91195	867.17975	1585.35474				13.41873	961.41223	1804.08704	-105.70522	454.99942	1730.48352	163.77655	488.64709	1533.64575	-117.50571	220.63815	1976.52551	164.95036	148.77332	1538.04150	
121	1.200				-6.44323	1644.43567	1657.41260	-137.37320	1560.71155	1603.68616				-183.50966	1347.18079	1648.01782	164.18163	1374.79004	1707.97351	8.40495	1243.04968	1556.77551	-20.23635	1413.82947	1732.47766	-303.22928	1055.47180	1545.79810	268.81396	1041.63550	1756.80493	-346.15552	936.66693	1382.52319	302.68015	874.14496	1599.45337	-82.14568	869.05823	1576.05493				15.21403	962.69055	1794.02832	-103.23572	452.61096	1712.09424	166.15819	488.64893	1529.71033	-114.92957	226.31198	1963.47314	165.15533	147.98767	1536.94873	
122	1.210				-4.81560	1645.60840	1648.72021	-135.87877	1561.41980	1594.80359				-180.99512	1348.08875	1639.71912	166.35689	1376.39343	1697.08850	10.60991	1244.17566	1547.58008	-17.90547	1415.19531	1722.22253	-301.96417	1056.14111	1539.75500	271.04971	1044.25452	1746.20032	-347.00848	936.68011	1377.59473	304.89563	875.96503	1587.62891	-79.17012	869.59949	1567.37024				17.82097	964.24060	1784.43945	-100.48873	451.16599	1691.75391	167.89647	486.90195	1524.25391	-112.59815	232.59656	1950.19287	165.62225	147.75038	1536.64160	
123	1.220				-3.09098	1646.63867	1637.01794	-134.68414	1562.05225	1585.59607				-178.82903	1349.23376	1629.68567	168.20473	1377.83801	1686.90234	12.54606	1245.53821	1537.33167	-15.82541	1416.34851	1713.48071	-300.76373	1056.04993	1532.64233	275.44025	1044.87805	1735.74841	-346.93927	935.65765	1371.80603	307.32471	878.09247	1577.53259	-76.81367	871.22253	1557.72522				19.11082	964.69305	1775.81592	-97.31199	449.51953	1671.64429	170.37566	486.29385	1520.51904	-109.36756	239.29958	1936.05640	166.22037	147.43454	1535.55090	
124	1.230				-1.79194	1647.64233	1627.09717	-133.23167	1563.19958	1576.94434				-176.68375	1350.18909	1621.30420	170.52037	1379.18274	1676.91614	14.85145	1246.44397	1527.63940	-13.93346	1417.63574	1703.53284	-299.97174	1056.19373	1526.87048	278.36453	1047.21289	1724.52661	-347.49091	935.38867	1366.58167	310.29553	880.31122	1565.07605	-74.94691	872.06677	1548.66382				20.99187	966.47278	1767.32532	-93.70415	448.71173	1650.43237	172.08615	485.56201	1515.46680	-106.56393	245.28789	1921.25793	166.46814	147.55609	1534.95862	
125	1.240				-0.04761	1648.93579	1617.79626	-131.94815	1563.01489	1566.65601				-175.09027	1350.64038	1612.50378	171.98608	1380.14294	1667.33179	16.38067	1246.62280	1518.56079	-11.90686	1418.15332	1693.76331	-298.86621	1056.23059	1520.87463	281.31668	1048.16492	1712.05969	-347.77106	934.27399	1360.76331	312.69342	882.15155	1554.23621	-72.57821	872.38464	1541.38550				22.54279	967.17236	1758.45239	-90.15607	447.74597	1629.73999	173.72516	485.74835	1511.30200	-103.66188	251.70457	1904.21021	166.73122	146.61958	1534.01282	
126	1.250				1.24120	1649.16736	1606.76501	-130.12544	1563.86377	1557.96765				-173.12828	1351.00940	1602.95251	174.07600	1381.31970	1657.11316	18.47384	1247.50598	1509.36133	-9.76564	1419.12683	1684.54382	-297.60416	1056.63086	1513.74536	285.41754	1050.51733	1703.13831	-348.05508	934.00769	1355.43848	314.79770	883.70129	1542.93628	-71.37605	873.19061	1533.19067				24.51520	967.85352	1750.57031	-86.35047	446.97522	1607.88757	174.37892	484.95453	1506.21960	-99.71453	257.42657	1887.37805	167.10190	146.27213	1533.87854	
127	1.260				2.66301	1649.58167	1596.98328	-129.37839	1563.76453	1547.89417				-171.70650	1351.33936	1594.52502	175.86595	1382.40149	1647.21472	19.23109	1247.72156	1500.20264	-8.39968	1420.59106	1674.85950	-297.38580	1056.74622	1508.14160	288.80258	1050.81934	1690.62585	-348.96170	933.46960	1350.33923	317.14459	885.66382	1530.40796	-69.93570	873.88568	1524.68457				25.96553	968.95105	1741.60156	-83.18297	448.10004	1587.50745	175.46596	484.70288	1501.59741	-96.17135	263.56866	1869.82251	167.16463	146.40359	1533.26538	
128	1.270	-73.41201	1450.71851	1376.22449	3.36555	1650.57568	1589.12659	-128.09090	1564.90112	1539.88684				-170.09877	1351.70374	1586.01770	177.18935	1382.76172	1637.40393	20.93311	1247.69116	1492.25305	-6.36245	1421.39148	1666.15344	-296.10446	1055.77417	1501.62024	291.91827	1052.65942	1680.70361	-349.59271	933.02582	1345.27271	319.12497	887.66461	1519.24988	-69.17831	874.90363	1516.62146				27.45128	969.31958	1733.62744	-79.83151	448.50317	1565.46155	176.95090	483.98071	1498.07153	-91.92916	268.52521	1851.85803	167.03947	146.42609	1531.91211	
129	1.280				4.50232	1650.58142	1578.10815	-127.28624	1564.26233	1530.34290				-168.70003	1352.11316	1578.03064	178.96678	1383.75940	1627.61389	21.97428	1247.98865	1483.04211	-4.82291	1421.62097	1655.93811	-295.92883	1056.58008	1497.12732	295.11676	1053.19312	1669.19934	-350.25592	932.80676	1340.18774	321.24420	889.24359	1506.91479	-68.10852	876.41779	1505.33264				28.69116	970.16272	1725.81360	-76.35603	449.63266	1550.25647	177.45912	483.79709	1492.91931	-88.49657	273.17096	1833.42871	167.39621	146.38336	1530.88525	
130	1.290				5.38689	1651.35095	1569.13342	-126.53439	1565.51331	1521.91089				-167.40880	1352.36975	1569.48853	180.46548	1384.61499	1617.88843	22.80174	1247.81958	1474.37769	-2.85933	1422.64636	1648.07825	-294.93973	1056.07031	1490.51770	297.94870	1054.48706	1659.03564	-351.62595	932.21277	1335.83984	323.15686	891.25732	1496.05713	-67.14056	876.23053	1499.84045				30.47028	970.97406	1717.26270	-73.13797	451.22330	1530.27966	178.68657	483.34946	1489.30640	-84.64500	278.08072	1815.47839	167.52089	146.38245	1530.48389	
131	1.300	-74.41750	1451.62158	1349.78198	6.48141	1651.76025	1559.96680	-125.46171	1565.58374	1513.36621				-166.11798	1352.75378	1560.37634	181.91434	1385.11243	1608.03650	23.89999	1247.61023	1466.28760	-1.62241	1422.95239	1638.19470	-294.35306	1056.16675	1485.71704	301.37799	1054.50623	1647.55554	-352.43845	931.58722	1331.56226	324.62952	892.69342	1483.17090	-66.38946	877.04236	1493.93823				31.75177	972.02618	1709.50549	-70.09213	452.10080	1509.94177	179.84969	482.95001	1485.78101	-80.67629	281.30765	1796.46094	167.93713	146.36757	1529.90002	
132	1.310	-77.05605	1452.42981	1341.25928	7.41499	1652.81482	1549.51917	-125.33043	1565.63745	1504.51416				-164.96550	1353.24561	1552.36438	183.01488	1385.71326	1598.52881	23.80961	1248.19482	1456.61584	0.69551	1424.37366	1630.54822	-293.46686	1056.44165	1479.72534	303.63757	1056.19116	1638.36926	-353.75241	931.95313	1327.39233	326.66324	895.30420	1472.36365	-65.81824	877.87695	1486.14063				33.03591	972.37439	1701.54956	-67.57359	454.70609	1490.49329	181.12473	482.46585	1482.77356	-76.60468	283.69302	1776.35364	167.79295	146.31845	1529.29565	
133	1.320	-72.19951	1449.83923	1332.52197	7.80813	1653.24512	1539.44751	-123.92660	1565.96667	1495.56653				-164.22917	1353.50830	1545.19556	184.29948	1386.40564	1589.38782	23.95873	1247.23608	1448.43884	1.23729	1424.87622	1621.20593	-293.55698	1056.46960	1475.70300	305.56607	1056.90381	1627.99609	-355.07187	931.26862	1322.94141	328.22690	896.73944	1460.90649	-65.83460	878.17706	1478.99707				34.49671	973.75116	1694.20435	-65.22980	457.51468	1471.48853	182.16083	481.70203	1478.50586	-72.76769	284.10318	1756.56177	168.31084	146.22363	1528.94617	
134	1.330				8.72867	1653.88782	1529.87341	-123.72245	1566.27307	1486.68726				-163.31877	1354.17969	1536.99316	185.41293	1387.13403	1579.83569	24.40716	1247.98108	1440.43115	2.30485	1425.72961	1612.53479	-292.83862	1056.56982	1470.06152	308.71613	1058.45581	1617.68652	-356.13953	931.24432	1318.44788	328.96558	899.07263	1449.40002	-64.50153	880.13531	1469.46753				35.48484	974.81189	1685.97766	-62.98889	460.62192	1452.76904	182.86621	481.87973	1476.22424	-69.09861	284.17740	1736.28638	167.99593	146.51015	1528.12646	
135	1.340				9.03651	1655.08813	1520.65405	-123.45690	1567.07800	1477.61487				-162.56685	1354.75244	1529.69495	186.36996	1388.16089	1570.30347	24.43218	1247.71863	1432.85242	3.61013	1426.64478	1603.74658	-292.45990	1057.83984	1468.39063	310.78375	1058.33020	1607.42078	-356.98886	930.90149	1314.74194	330.22864	901.12921	1437.62891	-64.12418	881.89233	1462.37231				36.18147	975.98114	1679.57654	-60.47254	465.07196	1436.01306	184.17464	481.49631	1473.46558	-65.28681	282.46918	1713.62903	168.24655	146.56815	1528.01318	
136	1.350	-69.84415	1449.27234	1308.03308	9.35290	1655.84021	1511.09375	-123.11536	1566.96082	1469.87500				-161.94855	1355.42004	1522.15186	187.12834	1388.64990	1561.39636	24.61097	1248.49683	1423.90527	4.68421	1427.11938	1594.87927	-292.85068	1058.41919	1463.45398	312.21915	1060.30249	1597.82959	-357.74902	930.53503	1310.79077	331.51614	902.88861	1426.53333	-62.56161	882.37347	1454.93506				37.44149	976.77673	1670.60388	-58.78888	468.51031	1417.91418	185.28470	481.20789	1470.89758	-61.60420	280.44006	1692.57678	168.43005	146.55305	1528.03784	
137	1.360	-70.08114	1448.84534	1299.82043	9.29509	1656.36084	1501.22803	-122.58305	1567.40125	1460.04834				-161.55775	1356.17285	1515.63147	187.86490	1389.42700	1551.84583	24.09090	1249.09570	1416.36292	5.93742	1428.28992	1586.70166	-292.80060	1058.92651	1458.51025	313.12219	1060.05664	1587.28809	-359.07764	930.15381	1306.32361	332.75552	905.92181	1415.08264	-62.39729	883.67163	1447.93347				38.41937	978.32880	1664.08301	-56.93912	472.46973	1401.06909	186.12645	481.00418	1468.66809	-57.84550	277.25702	1671.61206	168.58112	146.67578	1527.91064	
138	1.370	-71.17328	1448.24524	1290.63733	9.90949	1656.78040	1491.16602	-122.45065	1567.41431	1451.35022				-160.98752	1356.98975	1508.96973	188.71057	1390.21008	1542.62720	23.93086	1248.92725	1409.07043	6.50619	1428.58057	1579.04956	-292.42453	1059.54736	1453.63843	314.96786	1061.78589	1577.92578	-360.04224	930.38971	1302.60535	333.75998	907.02142	1404.73242	-61.75085	885.41541	1440.37683				39.84517	978.57855	1654.47241	-55.24613	476.57361	1384.57813	186.41612	480.76135	1466.07227	-54.54861	273.47928	1649.07141	169.30762	147.07350	1527.35583	
139	1.380	-71.46943	1447.22266	1282.85803	9.80488	1657.59509	1482.91309	-122.33072	1568.09534	1443.85132	58.57347	1515.80542	1314.20984	-160.45456	1357.90369	1502.15247	189.33577	1390.78467	1533.51147	23.96083	1250.05408	1401.36536	8.12607	1429.79199	1570.27148	-292.46460	1059.73547	1448.99243	315.96896	1061.97485	1567.85986	-361.21399	930.13708	1299.20044	334.02243	908.99420	1394.49487	-61.39941	886.16852	1432.91785				40.48639	980.11536	1647.60278	-53.59969	479.80829	1368.00476	186.89311	480.94720	1463.93506	-51.05206	269.19122	1626.66394	169.15149	147.27998	1526.93909	
140	1.390	-72.42481	1447.24219	1274.30249	10.25658	1658.33044	1473.32581	-121.99619	1567.95886	1434.00586				-160.16644	1358.78235	1495.80566	189.63435	1391.61145	1524.15894	22.56551	1250.45593	1392.82166	8.83953	1430.06946	1561.36084	-292.76151	1060.53748	1444.47595	316.79703	1062.84387	1558.50439	-361.90768	929.44940	1295.05908	334.21863	910.32922	1384.00049	-61.12259	887.94623	1425.66553				41.42834	980.47498	1639.74329	-52.32286	484.14520	1353.20801	187.70731	480.42816	1461.09497	-47.81815	263.36108	1603.07471	169.35576	147.59662	1526.66626	
141	1.400	-72.92879	1446.25012	1266.69043	10.06277	1658.22827	1463.56836	-122.40685	1568.43298	1426.49426				-159.71738	1359.43420	1489.25903	190.48849	1392.03992	1514.46594	22.63846	1250.78796	1385.20337	9.93449	1431.36804	1554.34363	-293.29034	1061.16370	1440.10461	318.76019	1064.18164	1548.03088	-363.52502	928.85492	1293.13391	334.72113	911.44006	1373.82751	-61.01170	889.16840	1418.29712				42.34994	980.95123	1631.90320	-51.21109	487.46332	1337.76855	187.53485	480.29092	1458.44409	-44.27137	257.40814	1581.70825	169.32040	148.05128	1526.41675	
142	1.410	-73.60791	1446.15198	1259.00610	9.93670	1659.20410	1454.47375	-122.37818	1568.88123	1419.04358				-159.63097	1360.27600	1482.02844	190.46063	1392.60352	1504.32446	22.19491	1251.62671	1377.45520	10.70222	1431.73853	1545.24524	-293.42316	1061.40430	1436.01855	319.34750	1065.06714	1538.50488	-364.77914	928.57312	1290.41687	335.11151	913.05597	1363.08472	-61.07045	889.95398	1411.00195				43.30400	981.51715	1624.19165	-50.09940	490.96332	1323.89832	188.07866	480.31519	1455.79297	-41.10702	250.47562	1557.46704	169.20508	148.51317	1526.36353	
143	1.420	-74.31306	1445.10217	1251.45532	10.59998	1659.55774	1444.54089	-123.14033	1568.48901	1411.66748				-159.31941	1360.51245	1475.26379	191.22566	1392.85669	1495.54773	21.57247	1251.66443	1369.15601	10.96848	1431.74939	1536.31543	-293.11252	1061.58093	1431.62769	320.36285	1065.64600	1529.04663	-366.11343	928.10651	1287.16846	335.15118	914.20172	1353.05603	-60.74973	890.52820	1403.22412				43.93103	982.09290	1617.24365	-49.28163	493.57123	1309.23389	187.75471	479.48550	1452.50793	-37.93827	243.16313	1532.58521	168.71190	148.41121	1525.30249	
144	1.430	-75.75908	1445.07153	1243.21680	10.46716	1659.62805	1435.94104	-122.67370	1568.61829	1402.48853				-159.11005	1361.10645	1468.48010	191.57716	1393.24060	1485.78638	20.95394	1251.42896	1360.90295	12.11985	1432.40906	1527.77405	-293.72510	1061.70752	1427.58984	321.13089	1066.44006	1518.90613	-367.36111	927.74298	1285.06323	335.21146	915.38416	1341.90454	-60.92699	890.67859	1395.15967				44.69456	983.02100	1609.71704	-50.20284	497.40887	1296.15271	187.50320	479.18246	1449.68481	-34.82764	235.58067	1507.36902	168.36877	148.46753	1524.95959	
145	1.440	-77.04607	1444.02087	1235.12317	10.36826	1660.05151	1427.13611	-122.59184	1568.44971	1394.34705	54.78961	1514.88599	1260.73206	-158.87373	1361.40015	1461.81995	191.96516	1393.07288	1475.84607	20.96881	1252.22363	1352.97949	12.78241	1432.39233	1519.18811	-293.85220	1061.72034	1423.49451	321.49951	1065.74634	1509.17004	-368.34589	926.33142	1281.71362	334.45267	916.15631	1331.82886	-61.14051	891.15631	1386.55750				45.17914	983.66718	1601.34888	-49.74445	499.35733	1284.25830	187.51169	479.15787	1446.42725	-32.01006	227.45253	1481.57617	167.85657	148.74449	1524.27563	
146	1.450	-78.24197	1443.74170	1227.66980	9.64107	1659.54419	1418.17322	-122.95002	1568.00024	1386.11475	53.48488	1515.05286	1252.14270	-158.56009	1361.34973	1454.33459	191.93484	1393.02197	1466.02563	20.27370	1251.66125	1344.84180	13.51326	1432.09851	1511.55188	-294.32352	1061.56799	1419.38513	322.19424	1066.66162	1499.40051	-370.19504	925.90466	1278.63074	334.12094	916.86981	1321.24512	-60.78503	890.62427	1380.83264				45.58776	983.42603	1593.05627	-50.87862	501.69772	1272.11499	186.82283	478.14536	1444.15149	-29.50677	219.24202	1455.23022	167.30083	148.56471	1524.16479	
147	1.460	-79.60780	1442.65686	1219.61890	9.87524	1659.47668	1409.14844	-123.59196	1567.72131	1379.04602				-158.55322	1361.14941	1446.99768	192.14107	1392.67590	1456.62085	19.33779	1251.57092	1336.53931	14.36713	1432.15295	1502.74353	-294.84702	1061.17639	1415.47913	322.98749	1065.83325	1489.21313	-371.87241	925.41730	1276.75562	333.54218	916.77094	1311.58350	-61.12326	890.62701	1373.69336				45.83864	983.19269	1585.96326	-51.66759	503.56970	1260.65991	186.48065	477.45294	1441.26245	-27.71585	211.04224	1428.64514	166.78131	148.65871	1523.79663	
148	1.470	-80.33099	1442.12207	1212.84277	9.65310	1658.29297	1400.61768	-124.45748	1567.32556	1372.52197	51.18174	1512.70715	1234.31445	-158.50839	1360.80225	1441.07544	192.52368	1392.35559	1447.41101	18.57122	1250.40405	1327.79321	13.87787	1431.64307	1493.99316	-294.99438	1060.55688	1411.46191	323.89404	1065.82458	1479.33228	-372.95712	923.55646	1273.22974	332.89804	916.73639	1301.01440	-60.84476	890.87207	1364.80676				46.10669	982.92780	1577.69458	-52.98430	504.40509	1251.28027	186.23674	477.26328	1438.53113	-25.63889	202.43925	1401.40613	166.35182	148.68619	1523.05127	
149	1.480	-82.48164	1440.16577	1203.74377	9.62886	1658.28418	1391.77161	-124.15022	1567.36011	1366.80420	50.27516	1510.66980	1226.58093	-158.30556	1360.45654	1433.91833	192.39713	1391.72070	1437.71826	18.51647	1249.86841	1319.82996	14.81830	1430.75256	1485.50928	-295.11447	1059.97925	1407.25916	324.30597	1065.81335	1469.46985	-374.22101	921.78351	1271.12769	331.55441	916.58893	1290.79846	-60.61378	890.21643	1356.48987				45.55009	982.61475	1569.52661	-54.66779	505.29712	1241.54614	185.49585	476.58667	1435.30981	-24.56799	194.67101	1374.49731	165.76570	148.86894	1522.24109	
150	1.490	-82.92271	1438.99756	1197.43518	9.30735	1656.68030	1382.06946	-124.66156	1566.45886	1359.01685	50.06087	1510.45911	1217.58167	-158.56725	1359.21899	1427.05615	192.44862	1390.90869	1428.24475	17.57060	1248.80823	1311.52039	15.04171	1430.68896	1478.04565	-295.83130	1058.97778	1403.53760	324.97690	1065.35193	1459.95215	-375.32175	920.30316	1268.54138	330.77072	915.66174	1280.82495	-61.20275	889.21893	1350.69336				45.63681	981.91748	1561.82288	-55.81708	504.86917	1233.59387	184.32211	475.31335	1431.83435	-23.57537	187.58420	1347.33044	165.43547	148.86357	1521.08215	
151	1.500	-84.00954	1438.03491	1190.28333	8.39512	1656.39075	1373.57874	-125.46465	1565.37610	1351.41321	49.26810	1508.64966	1209.21143	-158.64972	1358.60999	1419.63513	192.26414	1389.76270	1419.61340	17.05568	1247.53503	1302.73303	15.39078	1428.99365	1468.83582	-296.19427	1057.90759	1399.51648	324.77023	1063.70422	1449.38928	-376.88104	918.39789	1265.94067	329.47003	914.88348	1269.53406	-61.46043	887.96942	1340.57190				45.39720	981.22882	1553.46716	-57.06958	504.56128	1225.99854	183.72076	474.98514	1428.88062	-22.25315	179.86839	1318.99902	164.89565	148.92871	1519.77344	
152	1.510	-86.37234	1436.69312	1181.29260	7.90244	1655.26404	1365.37988	-125.99725	1564.36951	1343.56360	48.74858	1509.01709	1200.17615	-158.97787	1357.32080	1413.02185	192.03835	1388.53418	1409.53247	15.69507	1246.40991	1294.17981	15.85267	1428.14685	1460.51563	-296.10690	1056.15906	1395.66260	324.52866	1062.55029	1438.88721	-378.98660	916.65601	1263.93896	328.24670	913.43811	1259.70117	-61.80851	887.89722	1332.12927				44.86349	979.87140	1544.48389	-58.15126	502.27991	1218.99792	182.18163	473.54733	1424.87854	-22.47984	174.28548	1292.09229	164.06583	148.86009	1518.89807	
153	1.520	-87.65298	1434.68701	1173.84131	7.54784	1654.02881	1356.20642	-126.63726	1562.88501	1335.78845	46.40740	1505.98193	1191.13025	-159.08179	1356.02942	1406.26965	192.07016	1387.05823	1400.95093	15.50308	1245.31555	1286.67664	16.17547	1426.88904	1452.57996	-295.76108	1054.27527	1391.60986	325.17123	1060.89526	1428.58862	-380.24902	914.55743	1261.24524	326.31351	912.30902	1249.21997	-62.44156	886.09625	1323.29968				44.91052	978.49750	1536.06213	-59.20527	500.67429	1212.26953	181.04832	472.28229	1420.96802	-22.87815	169.09656	1264.93323	163.51569	148.60648	1518.17175	
154	1.530	-89.38477	1433.81458	1165.86890	6.29291	1653.32507	1350.70142	-127.62357	1561.54480	1328.16260				-159.51770	1354.72424	1399.04114	191.79747	1385.55872	1391.39563	14.27503	1243.79041	1277.50354	15.85170	1425.55225	1443.91113	-296.00098	1052.69751	1387.69653	325.20557	1059.40491	1419.34094	-380.64163	911.26428	1259.62622	324.91916	910.80823	1239.15625	-63.06896	884.13226	1316.26074				44.69331	977.37646	1528.12036	-60.33427	498.41858	1207.05518	180.31171	471.49573	1416.17993	-23.26448	164.74454	1238.69653	162.67815	148.53151	1517.56726	
155	1.540	-90.62004	1432.52454	1158.62842	5.89238	1651.79614	1342.20178	-128.31497	1560.18982	1320.48315	44.40101	1503.65662	1173.73560	-159.84743	1353.10059	1391.96094	191.06326	1383.68103	1381.97668	13.02389	1242.34546	1269.40002	15.54978	1423.75195	1435.72327	-296.09995	1050.77051	1383.71863	323.85431	1057.49255	1408.60767	-381.67429	908.95917	1257.07947	322.84134	908.69330	1229.44092	-63.95753	882.64899	1306.81360				43.94394	975.58063	1519.13379	-61.39524	495.06912	1201.87329	179.70573	470.70209	1412.66357	-24.25498	161.66153	1212.63794	162.31383	148.50841	1516.98376	
156	1.550	-92.57666	1430.26367	1150.25781	5.31987	1650.19434	1333.85645	-128.78171	1558.56531	1312.69226	43.54295	1501.71509	1164.40869	-160.51094	1351.66541	1384.87256	190.86816	1381.77881	1373.40063	11.74900	1241.12793	1260.60535	15.49322	1422.71863	1427.47009	-295.61130	1048.55847	1379.64587	323.70944	1055.58984	1398.17676	-382.26907	905.90686	1253.92554	321.07300	906.37976	1219.28564	-65.03606	881.10266	1298.21924				43.82899	973.63147	1509.63635	-62.84172	491.98056	1196.02087	179.21518	470.81363	1409.90430	-25.81254	159.89040	1188.11914	161.81787	148.49857	1516.15100	
157	1.560	-94.05903	1428.72632	1142.81836	4.18642	1649.06934	1325.47998	-130.36620	1557.19043	1305.09302	42.27677	1501.50293	1158.28943	-161.21330	1350.15662	1377.65906	190.10468	1380.00085	1363.38550	11.02103	1239.67859	1251.40601	15.36513	1420.65149	1418.79590	-295.77933	1046.79541	1375.55835	323.15997	1053.70691	1388.70337	-382.65140	902.46234	1252.16711	319.48752	904.63947	1208.77710	-66.13216	878.93842	1290.29321				43.20684	971.88904	1500.58325	-63.19189	488.38474	1191.13135	178.96094	470.11600	1406.14355	-28.03310	158.78236	1165.39868	161.60936	149.03293	1515.29712	
158	1.570	-95.48127	1426.76550	1135.24976	2.75586	1647.53625	1317.29846	-131.45523	1555.73022	1297.45544	40.98900	1499.76892	1149.22986	-162.22108	1348.42236	1370.74683	189.29080	1377.93335	1354.91516	9.50455	1238.17554	1243.23572	14.68055	1419.39490	1410.48596	-295.02097	1044.15112	1371.62500	321.85071	1050.70447	1377.45715	-382.49445	898.84052	1249.67981	317.73126	902.32922	1199.01294	-66.89909	877.19092	1280.72327				42.19972	969.98059	1491.79126	-64.28446	485.47812	1186.66882	178.58160	469.84814	1402.51648	-30.23240	158.62772	1144.14111	162.13544	149.86580	1514.72864	
159	1.580	-97.52168	1425.83948	1126.84863	2.29397	1645.89502	1309.10596	-132.10138	1554.33716	1289.52942	37.46973	1497.17285	1142.44617	-163.00435	1346.71667	1363.52539	188.37622	1375.93494	1345.68616	7.91986	1236.77759	1234.04602	14.80887	1417.27832	1402.75659	-294.64474	1041.98132	1367.62634	320.82108	1048.68677	1367.15039	-382.21307	895.74786	1247.83264	315.11472	900.00037	1188.69910	-68.64523	875.87689	1269.56311				41.09295	967.85730	1481.93445	-65.33417	482.50824	1181.18127	178.14145	469.67090	1398.95300	-32.32729	159.00745	1124.40430	162.34485	150.79344	1513.93152	
160	1.590	-98.77289	1424.23657	1119.80017	1.67005	1644.23157	1300.97803	-132.98819	1552.69177	1281.85193	33.72840	1497.62915	1133.92212	-163.89346	1344.89990	1356.36584	187.56049	1373.79871	1336.27332	6.11294	1235.41394	1225.12427	13.73081	1415.50500	1393.78479	-293.88010	1039.33459	1363.41553	319.10587	1046.74768	1357.27222	-382.05823	891.55756	1245.62463	312.21225	897.49579	1178.02307	-70.72243	873.52679	1261.54553				40.51228	965.90247	1472.66394	-65.11801	479.20364	1174.44141	177.60590	468.36722	1394.28369	-34.55679	159.24017	1106.60852	161.85521	151.14648	1513.33081	
161	1.600	-100.60421	1422.68640	1111.74915	0.29330	1642.79773	1293.00110	-134.48550	1551.34485	1274.25513	33.19307	1495.01489	1125.81812	-165.27054	1343.25574	1349.14258	186.30453	1371.63184	1327.48242	3.99454	1234.26379	1216.10938	13.25006	1413.41870	1384.70178	-293.21509	1036.48743	1359.38721	317.61267	1043.91760	1347.02295	-381.73657	887.84949	1243.64038	310.73727	894.49103	1168.34021	-73.16647	871.40247	1252.31299				39.48908	964.05029	1462.72681	-66.25188	476.99911	1168.04053	176.64821	468.01328	1389.64026	-36.69277	159.55263	1089.69568	161.71935	151.78745	1512.92664	
162	1.610	-102.62424	1422.00317	1103.93616	-1.20686	1641.50366	1285.10168	-135.93692	1550.05322	1266.60498	31.70623	1494.43945	1117.59387	-166.69113	1341.40088	1341.91699	184.81114	1369.85828	1317.59668	2.14918	1232.91272	1206.45239	12.18866	1412.12793	1377.85339	-292.46384	1033.74255	1354.99353	315.16559	1041.37939	1336.76111	-381.26013	883.24127	1240.67542	307.58163	891.81689	1157.90344	-74.15916	868.82495	1243.11377				38.43753	962.04950	1455.42419	-66.54327	476.17850	1160.18372	176.10808	467.73605	1385.20740	-38.62554	159.82701	1076.02258	161.34688	152.63222	1511.98547	
163	1.620	-104.76157	1420.98511	1095.77625	-2.66310	1639.92664	1277.24756	-137.68327	1548.97876	1258.87903	29.09777	1493.95447	1110.04724	-168.16054	1339.46753	1334.54480	183.49637	1367.78467	1308.46802	-0.01018	1231.33679	1197.61768	11.42314	1410.32166	1369.16638	-292.10815	1030.89368	1350.70154	313.08618	1039.42578	1325.71924	-380.06909	878.71899	1238.72656	304.63333	889.38080	1148.57227	-75.95638	866.64484	1234.24500				36.85326	960.31744	1445.85107	-67.18469	474.53894	1151.77136	174.62453	466.72934	1380.33521	-40.31247	160.15298	1063.43262	161.20882	153.33409	1510.49121	
164	1.630	-106.86124	1420.48816	1087.69568	-3.87234	1638.41309	1269.30017	-139.54189	1547.92285	1251.13025	27.72878	1491.93945	1101.71924	-169.79170	1337.69397	1327.18420	182.18408	1365.78247	1299.86890	-2.18292	1230.73584	1187.86206	9.65287	1408.81165	1360.29980	-290.74332	1027.77441	1346.10925	311.34372	1037.12964	1316.15137	-378.89993	874.38751	1236.35120	302.05539	886.96582	1138.68555	-77.96262	865.12201	1225.38367				36.04602	958.39642	1435.83447	-67.96542	472.84106	1143.02551	173.69579	466.06430	1374.38647	-41.81857	158.84190	1053.19690	161.24248	154.25063	1509.36902	
165	1.640	-109.31989	1419.86670	1079.14600	-5.22395	1637.04553	1261.40198	-141.12180	1546.76367	1243.27319	24.39458	1491.14417	1092.25159	-171.47905	1336.19287	1319.55237	179.66710	1363.61572	1288.55286	-4.59176	1229.39111	1179.13684	8.67827	1406.95508	1351.94165	-290.39490	1025.18103	1341.40576	308.15720	1034.84326	1305.75647	-377.31650	869.59412	1233.73450	299.07727	883.90497	1128.90027	-80.61250	863.23358	1215.49438				35.26538	956.84229	1426.27551	-69.34543	471.79611	1133.46887	172.94408	465.27789	1368.82239	-42.92854	156.87421	1044.84717	161.03117	155.83652	1508.52063	
166	1.650	-112.03330	1419.61328	1070.57361	-7.01016	1636.08960	1253.34473	-143.08983	1546.10522	1235.35046	22.29897	1491.48145	1083.75220	-173.27931	1334.42163	1311.97522	177.89169	1361.70813	1279.12756	-7.53490	1228.76648	1169.30396	7.26884	1405.33716	1342.77185	-289.75580	1022.60168	1336.57959	305.70050	1032.38098	1295.58728	-375.85037	864.87329	1231.06494	296.09875	881.37463	1118.85718	-82.16120	861.39069	1206.31348				34.38442	955.25665	1416.30151	-70.94368	470.45001	1123.79272	172.11084	464.51276	1362.54211	-43.18108	154.42853	1038.70020	161.43524	157.05391	1505.99060	
167	1.660	-114.73145	1419.53357	1061.98108	-8.48072	1634.98962	1245.20605	-144.74323	1545.19885	1227.30078	16.95172	1491.37158	1076.86646	-175.49364	1332.99963	1304.58875	175.95761	1360.53601	1268.97009	-9.96707	1227.22693	1159.80444	5.02206	1404.42383	1334.00964	-289.15396	1020.03430	1331.78601	302.67828	1030.56409	1286.00354	-373.86407	860.26703	1229.07251	293.00500	878.87537	1109.24622	-84.30363	859.65015	1195.75928				33.02015	953.95758	1405.86267	-71.60033	468.78302	1113.93018	170.90215	463.74243	1356.10266	-42.71229	151.34636	1034.45776	161.33534	158.57320	1503.90759	
168	1.670	-117.52490	1419.68823	1053.43054	-10.21622	1633.54871	1237.14307	-146.79283	1544.21472	1219.28601	15.58175	1491.05554	1066.88428	-177.71483	1331.87927	1296.72937	173.77701	1359.23438	1259.36890	-13.51275	1226.74023	1150.82239	2.79937	1403.26831	1325.64917	-287.69214	1017.25415	1326.81738	299.63327	1028.77747	1275.10266	-371.49152	855.46301	1226.26831	289.02237	876.31921	1099.57507	-86.73988	858.15442	1186.60583				32.29958	952.78619	1395.50745	-73.42357	467.86227	1103.11829	170.11371	463.56088	1348.22131	-41.94397	147.32402	1032.66711	161.70464	160.21376	1502.23901	
169	1.680	-119.74614	1418.72803	1044.29883	-12.35232	1632.62268	1229.01440	-149.15750	1543.82092	1211.18872	12.96530	1491.04248	1058.13135	-179.78224	1330.61707	1288.84753	171.19771	1357.75354	1249.14441	-16.49311	1225.59644	1140.83923	2.18604	1400.99561	1315.68994	-286.52524	1014.90497	1321.75598	296.88708	1027.43054	1265.60352	-368.77591	850.93164	1223.97986	285.48810	874.18243	1089.91919	-88.87294	856.85181	1176.18713				32.06437	951.37048	1384.39526	-75.23025	466.22705	1093.57886	169.10602	462.91937	1339.57190	-40.56100	143.39156	1031.67847	161.72800	162.47485	1499.24255	
170	1.690	-122.39756	1418.85474	1035.26355	-14.96423	1632.01648	1220.98743	-151.12805	1542.94006	1202.99756	10.82883	1489.97266	1049.40417	-182.07933	1329.52356	1281.17786	168.76790	1356.60181	1238.42383	-20.23772	1225.12280	1131.46216	-0.76132	1400.18494	1307.36072	-285.49207	1012.68646	1316.77283	293.07117	1026.21082	1254.87708	-365.79291	846.47217	1221.37219	281.63666	871.70258	1080.70154	-91.79865	855.82770	1166.31738				31.06873	950.19177	1373.60596	-77.02546	464.63586	1084.64380	168.15645	462.23666	1331.81677	-39.36597	140.90866	1029.76318	161.94463	164.32770	1496.83264	
171	1.700	-125.45033	1419.00769	1027.03552	-16.39977	1630.75781	1212.82642	-153.44487	1542.67651	1194.53894	7.53385	1489.88867	1040.62683	-184.61668	1328.63269	1273.34033	166.25122	1355.36597	1228.06628	-23.17318	1224.83777	1121.42688	-2.82126	1399.08057	1297.98767	-284.34937	1010.76703	1311.51904	289.94260	1024.73438	1244.37341	-362.87091	841.87787	1218.20410	278.26489	869.07880	1071.12463	-94.30981	855.42371	1156.06909				29.50005	949.40051	1362.75122	-77.99731	462.33090	1076.02258	166.94925	461.98737	1323.43066	-39.70278	140.25826	1025.02502	162.36205	167.08464	1494.42590	
172	1.710	-127.59711	1419.51428	1017.43134	-19.08123	1630.14014	1204.79907	-156.09119	1542.38330	1185.94885	5.19137	1490.34167	1031.61816	-187.81998	1328.58582	1266.53918	163.76208	1354.80103	1217.82495	-27.35987	1223.52856	1112.49829	-4.11588	1397.50427	1288.11426	-282.46417	1008.16064	1306.22546	285.77356	1023.29773	1233.59290	-359.41608	837.76825	1215.01599	274.06537	866.96753	1061.70483	-97.68192	855.15314	1145.38428				28.29668	948.54236	1351.02734	-80.71715	461.52054	1069.10303	165.86505	460.97305	1313.61780	-40.71532	138.75630	1018.71368	162.43031	169.60826	1490.72083	
173	1.720	-131.01903	1420.44592	1008.02356	-20.85141	1629.62024	1196.65576	-158.68456	1542.36548	1177.06348	2.51003	1491.10120	1022.59644	-190.41238	1327.84009	1258.56836	161.12273	1354.28760	1207.52344	-31.00619	1223.57349	1103.11755	-6.38908	1397.23413	1278.96350	-281.57819	1006.52045	1300.84973	282.16406	1022.53973	1223.22900	-354.98666	833.36890	1211.96228	270.06769	864.90253	1051.76575	-100.26285	854.32129	1134.32739				26.54861	948.07935	1340.04187	-82.50969	460.37009	1062.43994	164.65573	460.47305	1303.55188	-42.01690	136.98451	1014.21320	163.16545	172.64603	1486.92297	
174	1.730	-133.48045	1421.85938	998.72632	-24.27802	1629.72009	1188.54346	-162.06201	1542.74207	1168.27869	-0.32784	1491.98975	1014.48535	-193.31479	1327.35620	1250.26282	157.82759	1353.62170	1196.67078	-34.90205	1223.96631	1093.66492	-8.87897	1396.93689	1269.39148	-280.48566	1005.01355	1295.42004	277.78131	1020.98901	1212.09729	-351.73599	829.94354	1208.54822	265.79843	863.16797	1042.05164	-103.85303	854.94055	1123.09155				25.94642	947.65643	1328.39600	-85.46951	460.42416	1054.63660	162.86395	460.08435	1292.32495	-42.59351	135.76848	1010.17749	163.64436	175.92645	1482.25684	
175	1.740	-136.66287	1423.20679	988.39703	-26.93515	1629.64844	1180.46692	-164.69203	1542.76819	1159.27856	-2.60566	1493.36328	1005.53265	-195.67709	1327.11841	1242.31116	155.31364	1353.69067	1185.52942	-38.92231	1224.47095	1084.00403	-11.05351	1396.57495	1259.90515	-277.93912	1002.72345	1290.74402	274.25592	1021.15869	1201.52881	-347.64282	826.16730	1205.89380	261.67780	861.47998	1032.03162	-107.76639	855.65009	1112.24915				23.99515	947.73901	1316.72668	-87.15383	460.72574	1047.26306	161.95230	459.90634	1280.25403	-43.69997	134.05759	1006.92200	164.77739	179.73013	1477.57214	
176	1.750	-138.79984	1424.93860	979.10980	-29.16906	1629.56836	1172.31812	-167.48730	1543.37463	1150.13208	-5.40931	1494.82813	995.78564	-198.51173	1327.18726	1234.81750	151.36905	1353.41748	1174.78857	-43.16059	1225.06323	1073.35095	-14.40700	1396.92969	1250.53052	-276.28497	1001.96063	1285.16919	269.96658	1020.71265	1190.04688	-343.98322	823.62598	1202.70996	256.65573	859.40637	1023.56104	-110.93405	856.05267	1100.72803				22.72031	947.72272	1304.86987	-89.96687	460.54770	1036.76050	160.56081	458.95255	1267.50452	-45.08706	133.52376	1004.16534	164.93138	183.61316	1471.36011	
177	1.760	-142.22916	1426.80225	969.06616	-33.37995	1630.34290	1164.25476	-170.36180	1544.11633	1140.91699	-8.23615	1495.82861	988.20544	-201.36513	1327.19897	1226.66406	148.95537	1353.88379	1163.75757	-47.76855	1226.13403	1063.40967	-16.42735	1397.25146	1240.61658	-274.83148	1001.91846	1279.67078	266.31940	1020.55688	1179.08496	-339.29538	820.71735	1200.17505	251.92432	858.25043	1013.92285	-115.31558	857.18512	1089.12805				21.40113	947.79779	1293.31946	-93.53532	460.24109	1027.29700	159.79227	458.21954	1252.15002	-46.42672	133.44170	1001.93256	165.71320	187.73915	1464.65588	
178	1.770	-144.94606	1428.91797	959.55151	-35.80396	1631.01428	1155.73132	-173.99997	1545.58142	1131.73535	-10.69582	1497.35352	978.01819	-204.17378	1327.68652	1219.42749	145.38026	1354.65601	1152.62463	-51.72021	1227.06763	1053.93652	-19.49424	1397.98389	1231.62024	-272.72647	1001.05841	1274.27612	262.68506	1021.20343	1167.89282	-334.81683	818.63257	1196.64014	247.08858	856.72095	1004.57690	-118.61047	857.91040	1079.64758				19.44905	948.96552	1281.57922	-95.24274	460.23224	1019.50000	158.68245	456.23441	1236.19214	-47.21375	132.66537	998.44458	166.98172	192.51274	1456.95898	
179	1.780	-147.54803	1430.90625	949.05347	-37.75747	1631.61694	1147.13025	-177.07048	1546.77612	1122.39661	-13.63044	1498.80029	969.41437	-207.41100	1328.64502	1211.82983	142.08109	1355.51355	1142.63086	-56.43532	1228.70459	1044.26221	-22.42298	1398.74670	1222.14368	-270.02805	1000.90955	1268.40955	257.83841	1021.38739	1156.13257	-330.71710	816.81097	1192.87244	242.42162	855.17755	995.22900	-123.67714	860.19147	1068.97644				18.01339	949.92316	1269.79858	-98.36694	459.82159	1011.20612	157.40990	454.98679	1217.76953	-48.50366	133.13600	996.07959	167.90221	197.71236	1447.23535	
180	1.790	-150.39137	1433.34302	938.95978	-42.02809	1633.00671	1138.70337	-179.47365	1548.22644	1112.74255				-210.15225	1329.69983	1203.09900	138.76659	1356.68555	1131.98865	-60.54194	1230.13428	1034.66357	-25.27899	1399.90356	1212.47034	-268.04947	1001.41876	1262.60657	253.32820	1022.84790	1144.80347	-326.38797	815.53955	1189.32861	237.17734	854.69281	985.32874	-127.34879	861.69482	1061.00122				16.71578	951.36890	1258.79272	-101.54965	461.07895	1004.55939	157.73131	453.76926	1198.83386	-48.70017	132.93774	994.10425	168.71725	202.73602	1435.26172	
181	1.800	-153.09248	1435.65857	929.61749	-44.39429	1634.30847	1130.09326	-183.38799	1550.03174	1103.60400	-20.65737	1504.99121	947.03772	-213.58818	1330.82813	1195.42261	134.97427	1358.16711	1121.06995	-64.87830	1231.86597	1025.07239	-28.10633	1400.66248	1202.68616	-265.70297	1001.61456	1256.79468	248.88322	1024.15527	1133.73608	-321.59814	814.77087	1185.38440	231.75159	854.73309	976.05127	-132.15994	863.75549	1051.20044				14.18228	951.98505	1243.86523	-103.75088	460.85596	998.91095	157.00188	452.42560	1179.25745	-49.31435	132.64867	992.92706	169.90923	207.83569	1423.09998	
182	1.810	-155.60602	1437.92334	919.89099	-47.35686	1635.46130	1121.70093	-186.67087	1551.71924	1094.32471	-23.19743	1506.65601	939.54999	-216.22739	1331.94458	1187.54004	131.68507	1359.92078	1110.29846	-69.21719	1233.55554	1015.57373	-31.65887	1401.86841	1193.45105	-263.87115	1002.41058	1250.84607	243.84070	1025.62280	1122.19897	-317.02148	813.68872	1181.62036	227.08295	854.23969	966.93237	-136.76521	865.30579	1041.61731				12.48801	953.46637	1233.78442	-105.19054	461.37570	994.10724	156.10771	450.83167	1157.39990	-49.71746	132.41164	991.54309	171.14021	213.91640	1408.68262	
183	1.820	-158.31773	1440.10413	910.17798	-51.16325	1636.65039	1113.63977	-188.86751	1552.80811	1084.93640	-25.90395	1508.32275	928.89923	-219.54106	1333.05969	1179.84204	128.10748	1361.30615	1099.96130	-73.55457	1235.37964	1006.07629	-34.41760	1402.65381	1183.24194	-262.10037	1003.32996	1244.65308	239.62044	1027.08350	1110.42432	-313.29730	813.20758	1177.13281	221.35570	854.46912	957.68481	-140.88280	866.53088	1033.77222				11.02135	954.81512	1222.83997	-108.51741	461.08932	990.35681	154.45593	448.67093	1136.50342	-50.16970	132.64725	991.09039	171.79297	219.05737	1394.41821	
184	1.830	-160.48042	1442.43665	900.18378	-53.13306	1637.13550	1105.37378	-191.88971	1554.33325	1075.73340	-28.08406	1510.51953	921.65051	-222.37036	1334.50562	1171.48962	124.31484	1362.91772	1089.54895	-78.10655	1236.91748	996.36261	-37.43806	1403.30200	1174.06628	-260.71600	1004.49103	1237.71045	234.93391	1028.44629	1098.76782	-309.59958	812.94855	1172.84705	216.20363	853.85205	947.30811	-145.82104	868.06311	1025.83276				9.04516	955.25415	1212.29187	-111.10277	460.60846	986.10858	151.67322	447.22940	1114.34009	-50.76010	132.24370	990.98517	172.79855	225.73651	1378.05469	
185	1.840	-163.19505	1445.12427	891.35132	-57.01210	1638.20715	1097.48291	-195.74686	1555.84937	1066.81506	-30.65587	1513.14026	911.29352	-225.03709	1335.32117	1162.95251	121.35574	1364.62390	1078.99622	-82.42223	1238.38171	986.49701	-40.53605	1404.13293	1164.74194	-259.36560	1005.49115	1231.92102	231.64526	1029.73938	1087.22437	-306.54166	812.82684	1168.35730	211.00873	853.93738	937.08423	-149.67485	868.75195	1017.82544				7.11829	956.53442	1203.41016	-113.66772	460.29111	983.30548	148.39087	445.02866	1092.21057	-51.17682	132.22665	990.85400	173.81908	232.16934	1360.91138	
186	1.850	-165.71460	1447.54785	881.15674	-60.00117	1638.86414	1089.55798	-198.28084	1557.00916	1057.54102	-33.16024	1514.43091	904.51123	-228.12378	1336.59814	1154.94739	117.48936	1365.39624	1067.56262	-86.07635	1239.41028	977.14001	-43.15087	1404.98328	1154.86475	-257.65170	1006.31372	1225.57361	226.70074	1030.11829	1075.95911	-303.61072	812.66125	1163.06787	206.11388	854.22296	927.95245	-154.08316	870.15222	1010.42950				5.58376	956.58282	1193.14307	-116.35818	459.37570	980.75647	144.24384	443.60107	1069.12927	-51.68231	132.18227	991.25958	173.49379	239.15750	1342.52283	
187	1.860	-168.60460	1450.15210	871.50171	-62.31816	1639.26807	1081.60535	-201.41685	1557.98999	1048.39124	-35.95375	1516.14465	895.11047	-230.98410	1337.38855	1146.71411	114.66746	1366.52930	1057.06274	-89.93548	1240.11816	968.13373	-45.77670	1405.58618	1145.43604	-257.14761	1007.44366	1218.78247	222.87846	1031.57031	1064.96021	-301.26889	812.85632	1158.10779	200.22206	854.15320	916.46869	-158.66994	870.34662	1002.74554				4.72616	957.14026	1185.29700	-118.85276	458.19684	978.52466	139.96655	442.59552	1046.23230	-51.98936	132.09781	991.25287	174.06958	244.66269	1322.34802	
188	1.870	-171.01382	1452.51416	861.48535	-66.04340	1640.30774	1073.62634	-204.98827	1559.38501	1039.38000	-38.62469	1517.78027	885.83911	-233.99548	1338.21887	1137.59839	111.07214	1367.05066	1046.10156	-94.08180	1241.17566	959.12024	-48.66187	1406.73706	1135.91052	-256.56406	1007.79114	1210.86096	218.83859	1031.85107	1054.08936	-299.65231	812.39081	1151.44067	195.11475	854.38940	906.33667	-162.60481	870.40717	995.28815				2.49226	957.01288	1176.06665	-120.65090	457.90683	975.97455	135.33594	442.52609	1023.35437	-52.36716	131.96924	991.25256	172.82797	250.72116	1301.68347	
189	1.880	-173.74600	1454.97107	851.29297	-68.73721	1640.58203	1065.68213	-208.17363	1560.24268	1030.25085	-41.24182	1520.24280	877.16821	-236.80707	1339.07397	1129.41235	108.36867	1368.16455	1036.07617	-97.34694	1241.28491	949.95593	-51.39517	1407.49585	1126.38269	-257.11545	1008.57764	1203.86951	214.96587	1031.89551	1041.99573	-297.42020	812.55939	1146.30920	189.13217	854.69727	895.76654	-166.19466	869.90546	989.05817				0.93532	957.67456	1167.31335	-122.53101	456.70358	973.93158	129.98239	442.71216	1000.28796	-52.89383	131.87599	991.60480	171.62903	256.31784	1281.66357	
190	1.890	-176.18478	1456.70801	841.89044	-72.26443	1641.05408	1057.75281	-211.04176	1561.05847	1021.13080	-43.47660	1522.89575	869.03156	-239.56619	1339.55420	1120.90137	105.13062	1368.56714	1024.21326	-101.04662	1241.36865	941.16937	-53.80394	1408.51819	1116.85376	-257.74747	1009.27209	1196.81360	212.34050	1032.42310	1030.79333	-295.95477	812.24689	1139.75671	184.13420	854.78204	884.48438	-170.33691	869.53552	982.09814				-1.43293	957.27490	1158.81799	-125.02251	456.43384	972.32050	124.04901	444.08533	976.61023	-52.67492	131.56682	991.57874	170.21170	260.87717	1261.03271	
191	1.900	-178.54581	1458.58752	832.03241	-75.80404	1641.52246	1049.81604	-214.28876	1561.81641	1012.09692	-46.26876	1523.91931	860.35156	-242.16483	1340.32690	1112.04431	102.05390	1369.53760	1014.68427	-104.92784	1241.57214	932.45508	-55.90082	1409.22021	1107.47046	-259.21609	1009.95947	1188.97375	208.34239	1032.47791	1018.91144	-295.43408	812.15912	1133.01892	178.06561	855.22089	874.41876	-173.60632	869.76715	975.61884				-3.17375	957.21552	1150.11084	-126.76568	456.28326	970.61530	117.25053	445.17548	954.15826	-53.47397	131.96712	991.50342	168.09689	266.49066	1239.51025	
192	1.910	-181.30469	1460.14648	823.07336	-79.24678	1642.07813	1041.80945	-217.14032	1562.43652	1002.90070	-49.12194	1525.38733	851.07214	-244.68005	1340.75684	1104.23938	98.84754	1369.55884	1003.28094	-108.55217	1241.42493	924.04559	-58.91370	1410.25171	1097.98865	-260.43872	1010.25323	1180.35645	206.63850	1033.49854	1006.95026	-294.95651	812.21844	1125.58582	172.49300	855.49597	862.69586	-177.20107	869.56445	969.10315	65.46336	883.95154	900.07202	-4.77506	957.80774	1141.36255	-128.57611	455.80978	968.80969	107.94270	445.97998	931.69043	-53.78588	132.28006	991.23529	165.44237	269.85101	1217.23218	
193	1.920	-183.68130	1461.86084	813.48120	-82.89375	1642.63354	1033.73584	-220.52135	1563.12488	994.09412	-51.60552	1526.67041	842.11133	-247.22540	1341.53052	1096.32849	96.09029	1370.45557	992.92920	-111.73379	1241.52222	915.81128	-60.81284	1411.08435	1088.79443	-262.31793	1010.87415	1172.78967	201.91592	1033.05322	995.93024	-295.41232	812.65924	1117.52063	166.50043	856.09875	851.67084	-179.94069	869.50049	963.00574				-5.89689	958.68744	1133.85559	-131.31956	456.20502	967.00763	99.50727	447.41440	910.25012	-54.30610	132.65204	990.65149	162.71709	272.75031	1194.66772	
194	1.930	-186.15752	1463.46545	804.38910	-85.58794	1643.22327	1025.44104	-223.64787	1563.85840	985.13721	-54.30882	1527.68811	835.36646	-249.40126	1342.01697	1088.10010	93.01391	1370.74438	982.48340	-115.14046	1241.09692	907.37659	-63.69941	1412.18750	1079.42163	-264.65207	1011.79871	1165.09302	200.15346	1034.17468	984.90143	-295.73331	812.82391	1109.38135	161.48688	856.62775	840.17029	-184.51569	870.74274	956.58173				-8.10758	958.71698	1125.25037	-132.27995	456.26248	965.21796	91.64854	449.65619	886.89124	-54.56135	132.77579	990.30170	159.73038	273.59714	1170.64929	
195	1.940	-188.72479	1464.77429	795.17651	-89.17265	1643.90027	1017.44598	-226.95607	1564.34790	976.25793	-56.81112	1529.41772	825.86584	-251.93344	1343.25146	1080.26538	89.65539	1371.68103	971.87811	-118.69421	1241.64734	899.33203	-65.89640	1413.19629	1070.16479	-266.28201	1012.11133	1156.65747	196.62727	1034.53564	973.20313	-297.08014	813.36951	1100.78540	155.42935	857.77283	828.33160	-187.11554	871.23529	950.74652				-9.94206	960.39941	1117.57239	-133.22820	456.09155	963.07794	81.98363	452.23138	866.49707	-54.88334	133.06006	989.92279	156.41013	274.41040	1146.66052	
196	1.950	-190.71664	1466.02344	785.61169	-91.95983	1644.15332	1009.28375	-229.99091	1564.82336	967.47015	-59.82696	1530.28491	817.16412	-253.97208	1343.89844	1072.73669	87.03300	1372.01501	961.98853	-122.21004	1241.22412	890.96588	-67.88061	1413.52234	1061.16687	-268.70410	1012.78839	1148.67163	193.04268	1034.65894	961.74615	-298.79889	814.02777	1091.84595	149.83948	859.03503	817.06702	-190.98302	872.46112	943.68359	49.63356	887.73035	862.40515	-10.77416	961.76764	1109.53882	-134.40343	455.79480	961.46863	72.79704	455.54184	845.79022	-55.08080	133.34447	989.63702	152.54466	274.38885	1122.84229	
197	1.960	-193.82501	1467.18555	777.43347	-95.57076	1644.63074	1001.21899	-233.02527	1565.49487	958.66748	-62.34526	1531.82800	808.64996	-256.18784	1344.60571	1065.53528	83.31886	1372.67810	951.23285	-125.93858	1241.44019	883.14557	-70.15066	1414.46411	1052.40881	-271.02081	1013.18097	1140.58960	189.62996	1035.18115	950.82428	-300.83041	814.79388	1082.58691	143.94769	859.85010	806.36090	-194.15941	872.72070	938.59833				-12.39044	961.39093	1100.30920	-135.60617	456.25513	960.09387	62.41885	458.86063	826.50970	-55.35329	133.70155	989.31799	148.27461	272.42166	1098.38293	
198	1.970	-195.98465	1467.86987	768.04700	-99.17356	1645.09485	993.30548	-236.04485	1565.59399	950.01129				-258.44492	1345.34351	1058.25928	80.56470	1372.82983	941.10559	-129.55412	1241.45227	875.29095	-72.33656	1414.89270	1043.27478	-273.51157	1014.00073	1132.37976	185.23329	1034.53809	939.95508	-303.12427	815.80231	1073.04785	138.64505	860.84241	795.35529	-197.25861	873.61969	932.68262				-13.66143	962.47394	1092.26831	-136.58350	456.27393	958.91791	52.33001	461.91815	808.03046	-55.60453	134.03062	989.11987	143.37161	270.81970	1073.92603	
199	1.980	-198.86919	1468.73059	759.64398	-102.63816	1645.29138	985.34161	-239.62480	1566.08191	941.61597	-67.64584	1533.31030	792.77094	-260.36658	1346.05286	1050.93835	77.13271	1373.29602	930.72699	-133.12102	1241.75989	867.66852	-74.53049	1415.62769	1034.65991	-276.32971	1014.17487	1124.96008	182.86186	1035.59668	929.14459	-306.25345	816.76849	1063.54150	132.63477	862.34387	782.75562	-201.26836	874.75592	925.77362				-14.63877	963.93945	1084.25317	-137.02209	456.26740	957.29846	41.46471	465.38361	789.49042	-55.40866	134.42628	988.60950	138.95998	267.62354	1049.25500	
200	1.990	-201.19328	1469.52295	750.77551	-105.69185	1645.65259	977.21991	-242.02934	1566.28711	932.81207	-70.33446	1534.75293	783.29767	-262.32025	1346.84338	1044.22546	73.94968	1373.69177	920.79108	-137.27664	1242.09656	860.12262	-76.75006	1416.28259	1026.58508	-279.74896	1015.17151	1116.78101	179.25954	1035.85791	917.59595	-309.38864	817.94659	1053.85767	127.51589	863.43256	771.77612	-204.66052	875.24561	921.03259				-15.80153	963.95660	1075.13782	-137.86255	456.31201	956.13568	30.71288	468.63776	772.22253	-55.53893	134.75354	988.36597	132.32277	263.97842	1023.97235	
201	2.000	-203.74724	1470.30017	742.21265	-108.26589	1645.71985	968.97186	-245.30089	1566.49841	924.34766	-72.94774	1535.15039	775.05017	-264.05698	1347.38416	1037.88257	70.89339	1373.80725	910.43945	-140.75891	1242.31018	852.73419	-78.72182	1415.96826	1017.56555	-282.64935	1015.57642	1108.63733	176.06174	1036.14685	906.43286	-312.71045	818.77417	1044.35608	122.11770	864.39459	760.39526	-207.94525	875.27057	915.32910				-16.97087	964.51129	1067.02893	-138.91383	456.22327	953.23889	20.98296	471.95453	756.17535	-55.53569	134.98170	988.23474	126.31763	258.49030	999.19702	
202	2.010	-206.17491	1471.02661	733.50751	-111.30105	1645.89673	960.79791	-248.30641	1566.89026	915.67902	-75.32894	1535.76807	767.58459	-266.35266	1348.23877	1030.99670	67.30972	1374.25146	900.74023	-144.86772	1242.42822	845.00879	-80.13705	1416.69543	1009.11456	-285.63425	1015.88879	1101.31372	172.77310	1035.97571	896.31781	-317.22729	819.91003	1034.77454	116.55387	865.91589	748.37769	-212.28548	876.18060	909.29980				-18.00295	964.23169	1058.19385	-139.82294	456.32239	951.94153	10.40983	475.40558	739.82489	-55.18482	135.17198	987.58002	119.39351	253.03465	973.89148	
203	2.020	-208.62805	1471.55908	725.04639	-114.60525	1646.04102	952.74854	-250.63371	1567.14490	906.57397	-77.90904	1536.40576	759.99298	-268.32626	1349.14246	1024.00867	64.31626	1374.05066	891.13232	-148.66470	1242.59607	837.23260	-82.80695	1416.90393	1001.04407	-289.16995	1016.47241	1093.14941	169.53978	1036.25378	884.79053	-321.15082	821.01648	1024.35132	110.61385	867.02777	736.21002	-213.92900	874.95575	905.69373				-18.74380	964.76410	1049.95386	-140.45883	456.09256	950.20215	1.08261	478.48495	724.68518	-55.15908	135.72867	987.08954	111.41482	246.39299	948.12769	
204	2.030	-210.80006	1471.49268	716.15216	-117.85777	1646.17957	944.80646	-253.57640	1567.19971	897.81323	-80.44286	1536.24634	751.56989	-269.91406	1349.24158	1017.83893	61.06412	1374.26563	881.18567	-152.67941	1242.45642	829.96027	-84.78567	1417.35303	992.11572	-292.27182	1016.60303	1085.18201	164.66753	1035.51062	873.37732	-326.15558	821.83057	1015.06183	104.97315	868.41455	724.17645	-216.75302	874.96338	900.34033				-19.97029	964.75922	1040.59424	-141.05042	456.20819	947.59137	-8.33301	482.19675	710.01782	-55.16729	135.96747	986.79181	102.86129	239.33275	921.54401	
205	2.040	-213.28836	1471.64624	707.70526	-121.03388	1646.20618	936.84735	-256.84143	1566.97583	889.41351	-83.16308	1536.88171	742.79114	-271.74463	1349.45776	1011.58331	57.62471	1374.18884	871.82098	-156.52150	1242.35669	822.07220	-87.56396	1416.85254	983.52533	-295.50610	1016.77844	1077.30896	162.41278	1035.68665	861.90918	-331.25830	822.84033	1005.31500	99.94820	869.54303	711.93030	-219.95551	874.10541	895.14697				-20.96110	964.50531	1033.04724	-141.89745	456.13428	945.73718	-17.51501	485.57449	696.84119	-55.22952	136.45450	986.09998	93.84963	231.67171	896.27954	
206	2.050	-215.82364	1471.91077	699.22559	-124.31664	1646.23059	928.82147	-259.87543	1567.50732	880.96930	-85.55189	1536.48962	734.53735	-273.86145	1349.62427	1005.53503	54.43332	1373.89880	861.85132	-160.80927	1242.84570	814.65216	-90.11750	1416.84985	975.32721	-299.15588	1016.69922	1069.74194	158.86372	1035.32483	850.61993	-335.93970	823.87897	994.67078	94.55885	870.77362	699.96948	-223.03772	873.57269	890.18628				-21.84864	964.19556	1023.88910	-142.76180	456.46408	943.86023	-26.12092	488.18256	683.74347	-54.92452	137.27962	985.40448	83.94592	223.97842	870.23480	
207	2.060	-218.19612	1472.05127	690.75659	-127.10809	1645.63599	920.80743	-262.50369	1567.24744	872.28503	-88.01569	1536.72974	728.26306	-276.14273	1349.94043	998.86902	50.92581	1372.79688	850.45557	-165.26102	1242.92395	806.71661	-92.62206	1416.57849	966.57703	-302.68097	1016.38489	1061.67126	154.93993	1034.93811	839.24658	-341.62186	824.99500	985.19623	88.85631	872.21826	687.84747	-225.84297	872.85468	884.53540				-22.86702	963.93976	1014.57959	-142.95076	455.68860	940.40430	-34.77737	490.14047	672.17383	-54.80836	137.55371	984.82501	72.62194	215.39375	843.52325	
208	2.070	-220.84152	1471.95776	682.41736	-130.22743	1645.46924	912.71106	-265.89954	1567.10266	863.95557	-90.51765	1536.65515	719.13800	-278.04910	1349.94373	992.54645	47.42121	1372.44055	841.70197	-169.24445	1242.39880	799.55383	-95.02771	1416.86572	958.03088	-305.93585	1015.86639	1053.45618	151.52097	1034.52942	827.81665	-347.68188	825.44696	974.24976	83.19525	873.31598	675.63910	-229.06726	871.89844	878.95978				-23.97205	964.11243	1006.60455	-143.72476	455.89737	937.94415	-42.08070	492.04205	661.06714	-54.49036	137.81844	983.61346	61.55910	207.21411	817.65472	
209	2.080	-223.37448	1471.87390	674.20880	-133.30510	1645.11450	904.67255	-268.48605	1566.48535	854.86230	-93.22440	1535.68066	711.57104	-280.12259	1349.86157	986.13879	43.48093	1372.30884	831.95660	-173.04039	1241.19470	793.30170	-97.67335	1416.56689	949.69147	-309.78387	1015.82605	1044.78418	147.63135	1033.49963	816.42737	-352.89099	826.64111	964.68121	77.94863	874.26178	663.09070	-232.34332	871.15106	873.73792				-24.81463	963.13245	997.86884	-144.30641	455.45303	934.89929	-49.52026	493.49533	650.45575	-54.34838	138.13284	982.45959	48.24973	197.98274	792.48523	
210	2.090	-225.89261	1471.38855	665.69147	-136.64406	1644.31995	896.79266	-272.05167	1566.20837	846.64813	-95.54948	1535.88940	703.21759	-282.44626	1349.52441	979.67749	39.78960	1371.28052	822.25531	-177.76543	1241.29163	784.74786	-99.52040	1415.71631	941.38312	-313.78912	1015.09393	1036.67529	143.54692	1033.13818	805.14075	-358.38553	827.28888	954.31042	72.23560	875.69342	651.17719	-235.17400	870.67975	868.02594				-26.15264	963.20001	988.69452	-144.97702	455.65903	932.37006	-56.48291	493.89273	640.39233	-53.81718	138.32626	981.27527	34.60120	189.53751	767.19257	
211	2.100	-228.11255	1470.91846	657.09320	-139.81075	1643.34229	888.82166	-274.73886	1565.82349	837.98462	-98.31647	1534.23071	695.08044	-284.42596	1348.98486	973.04419	35.69267	1370.32886	812.66754	-181.50662	1239.70789	778.97925	-102.42549	1415.05591	933.03412	-317.89005	1014.31891	1027.91101	139.34787	1032.10388	794.38269	-363.90683	827.61713	944.63080	66.46566	876.03973	638.64532	-238.21417	869.78705	862.34271				-25.98652	962.85876	980.46796	-145.43588	455.64749	929.13416	-62.99975	493.79770	631.79529	-53.49753	138.49760	980.59924	20.71757	181.65942	741.39203	
212	2.110	-230.47194	1470.33167	648.51929	-142.15393	1642.16699	880.83795	-278.01605	1564.74829	829.45569	-98.21941	1532.64246	690.75970	-286.75043	1348.69031	966.42737	32.17850	1369.06506	802.76117	-185.60649	1238.59277	771.67877	-105.19968	1414.14868	924.44421	-322.68246	1014.26044	1019.49805	134.94009	1030.53943	782.71906	-369.32498	827.91449	934.07440	61.12680	876.64557	626.01007	-241.24924	868.67285	856.40179				-28.96777	962.65192	970.15265	-146.48480	455.06613	925.84454	-69.52689	493.67426	622.60266	-52.62212	138.80186	980.25061	6.10679	173.23773	716.94128	
213	2.120	-232.59094	1469.39172	639.73376	-146.02972	1640.95190	873.26276	-281.33255	1564.03259	820.91766	-100.72316	1530.30847	682.20056	-288.89304	1347.76135	959.55798	27.96919	1368.28662	793.50342	-189.98447	1237.16406	764.09705	-107.90753	1412.82361	916.64020	-326.81461	1013.42725	1011.02283	130.53601	1029.22400	771.89838	-375.79367	828.81079	923.46198	55.31781	877.59210	613.74274	-244.38750	868.22430	850.53162				-29.24348	961.91779	961.78259	-147.87447	454.78995	922.52826	-74.45973	492.81467	614.40314	-52.76621	139.35240	979.20905	-8.82742	166.19168	691.08319	
214	2.130	-235.10054	1468.65295	631.31952	-149.74103	1639.95569	865.37030	-284.65759	1563.26709	812.20020	-103.43149	1529.62097	675.56299	-291.65472	1346.96375	953.20972	23.85299	1366.44836	783.87866	-194.52945	1235.71716	757.04779	-110.66735	1411.80811	907.91589	-330.96329	1012.34778	1002.68530	126.88989	1028.49170	759.65161	-381.45758	829.00421	913.37598	49.94831	878.07703	600.88318	-247.31134	867.38208	844.10901				-31.11076	961.36938	952.49243	-147.78133	454.02341	919.82037	-78.89918	491.27612	607.03546	-52.16181	139.40410	978.08453	-24.48452	159.11595	665.64270	
215	2.140	-237.40543	1467.85535	622.67798	-152.49052	1638.38721	857.52997	-287.70953	1562.13379	803.49945	-105.24290	1528.71533	671.46130	-294.22250	1346.01416	946.27051	19.74971	1364.76306	775.09009	-198.54834	1234.17932	749.80658	-112.76030	1410.63904	899.53882	-334.91165	1010.93408	993.92938	121.84037	1026.09351	748.93518	-387.03784	829.08307	902.65875	44.66145	878.41205	587.88477	-250.35834	866.13043	837.58722				-33.50943	959.56213	943.31622	-149.09895	453.00729	915.85248	-83.01210	489.22812	599.19757	-52.40115	139.90758	977.46564	-39.89841	153.82809	640.88507	
216	2.150	-240.13519	1466.69873	614.28650	-156.29269	1636.87622	849.70215	-291.03128	1560.87000	794.90839	-108.96268	1527.53162	659.29675	-297.01736	1344.99976	939.11829	16.14599	1363.14490	765.56787	-202.98532	1232.45923	742.22144	-116.17093	1408.78455	890.79266	-339.44409	1009.60986	985.17590	117.75238	1024.72437	737.71808	-393.00690	829.25128	892.31531	38.95101	879.01251	574.66699	-253.61395	864.85443	830.78253				-34.78983	958.72900	934.12518	-150.94031	453.45233	913.15295	-87.07348	486.47705	592.58026	-52.90178	140.68329	976.73096	-55.41789	148.32599	616.65277	
217	2.160	-242.57451	1465.42688	605.53796	-160.20580	1635.51868	841.93921	-294.56647	1559.37476	786.11584	-111.24631	1526.10291	657.00446	-299.52698	1343.53784	931.84705	12.03013	1361.32397	756.28693	-207.28532	1231.06665	735.12415	-119.49885	1407.80090	882.97284	-344.47232	1008.66553	976.65662	113.65797	1022.86658	725.87537	-398.69714	829.56226	882.11597	33.35548	879.31317	562.05652	-257.08560	863.66901	824.08569	-54.82778	889.30463	675.72913	-37.59927	956.99609	925.13843	-151.44032	452.37149	909.37482	-90.70568	483.37784	586.41895	-53.25726	141.12997	976.26788	-71.03240	145.05910	592.74316	
218	2.170	-245.35152	1464.49890	597.07874	-163.16832	1633.47131	833.93311	-297.21942	1557.35742	777.34985	-114.55225	1524.82507	642.71014	-302.33459	1342.12024	924.73157	8.30231	1359.97327	747.49432	-211.49310	1229.29443	727.79541	-122.46465	1405.94019	874.35297	-348.00409	1007.00378	967.31586	108.91721	1020.97211	714.60175	-404.62888	829.24261	871.47656	27.73402	879.53735	548.92395	-260.20282	862.15552	817.21674	-59.56391	887.10608	667.62762	-41.43767	955.27679	915.79291	-155.28802	452.46078	903.97174	-93.65701	480.47623	580.26263	-53.64975	141.61333	975.70703	-86.11227	142.09827	570.27167	
219	2.180	-248.14351	1463.00525	588.73914	-167.26027	1631.94348	826.24670	-301.21399	1556.01868	769.14807	-117.03699	1523.32153	640.32758	-305.37201	1340.66675	917.44269	4.01874	1357.68567	737.99359	-215.93265	1227.36963	719.84528	-125.31745	1403.98340	865.74817	-352.91867	1006.07849	958.55750	104.37352	1018.48755	702.79309	-409.83658	829.01501	861.38269	22.12975	879.72772	536.17651	-263.98795	861.07568	809.78162	-64.39199	885.49310	657.95819	-42.74640	953.72803	907.25690	-154.67874	452.27600	902.03394	-98.17715	477.02789	574.25861	-53.77808	142.33325	974.92078	-101.78233	140.83829	550.15521	
220	2.190	-250.67470	1461.30640	579.94495	-170.20639	1629.73132	818.30548	-304.46716	1554.50769	760.59546	-120.73631	1522.14575	625.78876	-308.30832	1338.85889	909.87115	0.24334	1355.59827	728.79285	-219.95639	1225.25391	712.12769	-129.03146	1402.20764	857.57489	-357.52765	1004.32922	949.63281	99.28139	1016.55640	691.00385	-415.50143	828.81476	851.46387	17.14385	879.76984	522.72430	-267.54187	859.82788	801.64056				-45.60649	952.14282	897.59875	-157.46339	452.65533	898.81201	-102.11295	474.06403	567.97095	-54.24935	142.96768	974.28711	-115.23506	140.81538	529.57440	
221	2.200	-253.65993	1460.10693	571.86969	-173.62013	1627.74426	810.46265	-307.68094	1552.36206	751.96802	-123.68259	1520.52051	622.98816	-311.57230	1337.63464	901.98138	-4.00096	1353.41345	719.64478	-223.54912	1223.40601	704.45026	-131.61101	1400.38843	849.49652	-362.78720	1003.02728	940.96973	94.47897	1014.72284	679.14752	-421.80862	828.53601	840.94965	10.71515	879.90265	509.85934	-271.59283	858.50220	793.62000	-75.17519	883.12769	636.25140	-48.78237	949.73822	888.04840	-157.91107	451.17984	894.48871	-106.23062	471.71826	561.50708	-54.66747	143.89090	973.51959	-128.68420	141.36143	511.47876	
222	2.210	-256.31436	1458.75366	563.25763	-177.36276	1625.52197	802.72009	-311.38443	1550.70935	743.72223	-127.22826	1518.23059	609.18799	-314.53223	1335.67419	894.15674	-7.82961	1351.34119	709.98309	-227.87141	1221.06592	696.19269	-134.61334	1398.36243	840.53162	-366.92853	1001.47510	931.92096	89.87041	1013.10419	667.57623	-426.80054	827.48676	831.07068	5.72391	880.33905	496.80472	-275.72452	857.39539	785.83130				-51.83646	947.53955	878.20313	-161.11230	451.69647	890.83521	-111.11456	469.56137	555.17084	-54.75816	144.16667	972.42517	-141.46204	142.06168	494.94257	
223	2.220	-259.18671	1457.07251	554.78528	-181.01060	1623.76196	794.87805	-314.93478	1549.08008	735.23871				-317.61533	1333.89551	886.25299	-11.85820	1349.47864	700.94232	-232.55612	1219.52869	688.31104	-137.22015	1396.40430	832.27515	-372.21066	1000.21606	923.24146	85.02337	1011.17218	655.16718	-431.97943	826.88672	821.29022	0.85604	880.67078	482.63385	-279.90408	856.17462	778.01935				-55.15469	945.63531	868.42926	-162.52567	450.65359	886.40491	-115.68533	467.39508	548.10785	-54.68135	145.68422	971.05316	-152.93077	142.97096	480.26419	
224	2.230	-262.30322	1455.44080	546.57159	-185.05508	1621.98193	786.93219	-318.72400	1547.61414	726.53821	-132.53320	1515.29834	599.23773	-320.62286	1331.93286	878.52704	-15.91124	1347.57568	691.73309	-237.04298	1217.74719	679.93378	-141.22751	1393.84814	823.48248	-376.04254	998.06830	913.97058	80.43433	1008.78387	643.37012	-438.18353	826.48816	810.86932	-4.86344	880.76672	469.96976	-283.76483	854.55658	769.27393				-58.06921	944.07678	858.73267	-164.98392	450.30948	881.83905	-120.49887	466.05511	540.94885	-56.04283	147.07111	970.36835	-163.37950	143.42795	468.89868	
225	2.240	-264.15479	1453.05225	537.89703	-188.34538	1620.23157	778.79047	-322.20239	1546.02588	718.27759	-135.63892	1513.76489	591.96832	-323.89792	1329.86560	870.41748	-19.77700	1345.86230	682.74835	-240.80930	1216.23328	671.28510	-144.97023	1392.12720	815.73163	-381.05688	996.55951	904.82544	75.41248	1007.10315	631.57178	-443.03189	825.34845	801.27429	-9.71822	881.29675	456.16852	-288.14999	853.20282	761.25586				-61.42148	942.48511	848.87109	-168.18167	450.44254	877.14886	-125.62550	464.22089	533.83899	-57.00305	148.11319	969.16779	-172.70178	142.39618	458.47568	
226	2.250	-268.17905	1452.90149	529.43750	-191.89647	1619.02979	770.58630	-324.86801	1544.23511	709.66260	-138.57835	1511.87268	585.42413	-327.35059	1328.31030	862.19971	-23.50542	1343.67371	673.79358	-245.30289	1215.21118	662.89154	-147.48500	1390.42163	807.03638	-385.32706	994.16046	895.84772	70.22427	1005.04547	619.20734	-448.31857	824.13031	791.69934	-14.53860	881.75354	442.23843	-292.13983	851.57709	752.10272				-64.95383	940.48779	839.22736	-170.94823	449.01852	871.22894	-131.33049	462.44159	525.47449	-58.02480	149.24110	967.96094	-179.71968	141.21701	450.60254	
227	2.260	-271.50098	1451.45068	520.97107	-194.55099	1617.22729	762.12036	-328.48242	1543.22400	700.99298	-141.95793	1510.63147	576.56995	-330.93457	1326.32495	854.18909	-27.37097	1342.09717	664.99701	-249.17876	1213.50403	653.50751	-151.55557	1388.41553	797.43512	-389.65387	992.54584	886.64282	65.17442	1003.80627	607.54913	-453.74060	823.09424	782.33704	-20.26964	882.90552	429.64838	-296.89777	850.11407	743.55658				-68.47603	938.55371	829.11798	-174.57210	448.39554	865.11932	-136.72495	461.37384	516.98358	-59.16570	150.48981	966.71973	-186.17314	138.26340	445.11963	
228	2.270	-274.69958	1450.46167	512.39514	-199.10793	1616.19751	754.10815	-332.81992	1542.66846	692.54211	-145.21953	1509.53381	567.83960	-334.40961	1324.66382	846.00024	-31.38334	1340.57446	655.81683	-253.81551	1212.56714	644.45459	-155.33183	1386.66565	789.02753	-393.79584	990.88354	877.82324	60.47372	1002.12903	594.74542	-458.69577	821.74963	773.09125	-24.67430	883.18182	415.62088	-301.38583	848.12738	733.83588				-72.38280	936.75635	819.31989	-178.75333	448.74475	860.29657	-142.65865	459.28745	508.62970	-61.20683	152.23605	965.25269	-190.90047	135.25533	440.59622	
229	2.280	-278.35611	1449.88074	503.95908	-201.97473	1614.45667	745.55750	-336.19116	1541.36133	684.08948	-148.88693	1508.50476	559.09528	-338.08429	1322.70435	837.17133	-35.27842	1338.96008	647.15094	-257.87701	1211.80420	635.12476	-159.13591	1384.92126	780.41742	-397.82147	989.22980	868.92133	55.34862	1000.75354	583.12286	-462.90192	820.25043	763.07452	-30.01971	884.18250	402.57938	-306.02673	846.57050	724.42169				-77.27255	935.52271	809.43518	-182.40720	447.03036	852.58521	-149.40425	458.43115	499.32568	-62.94950	153.54413	963.68500	-195.10588	131.75166	438.42429	
230	2.290	-281.59735	1449.08386	494.92645	-205.72647	1613.35120	737.22266	-339.56308	1540.18799	675.15942	-152.29279	1507.63928	550.27777	-341.79706	1321.25513	828.00354	-38.98873	1337.48877	638.44330	-261.78311	1210.74780	625.81830	-162.83530	1383.99170	771.54285	-402.23721	987.30011	859.19128	49.83773	999.51855	571.21747	-467.76361	819.33466	754.78467	-34.55448	885.17426	389.27689	-310.45172	845.20087	714.31635				-83.61684	934.08514	799.23981	-186.77696	445.92688	845.31268	-156.46962	456.24060	491.07285	-63.77875	154.44403	961.02063	-197.91362	127.58807	436.49286	
231	2.300	-285.18057	1448.73071	485.01123	-209.72380	1611.97522	729.15826	-342.79910	1539.50574	666.23627	-155.78130	1506.73645	542.35321	-345.44382	1319.68347	818.71820	-42.86884	1336.25256	629.22058	-266.33658	1210.08240	615.98425	-166.79422	1382.13574	762.13666	-407.05676	986.79395	849.68884	45.19064	999.16071	558.95367	-472.18524	818.02386	745.01776	-39.62292	885.81555	376.53662	-315.24725	843.91589	704.15076				-87.31904	933.05090	789.97980	-191.45589	444.99802	837.49121	-163.12630	454.04099	482.48773	-66.15610	156.81456	958.68591	-201.07141	124.08865	434.06415	
232	2.310	-288.56766	1448.21387	476.84256	-212.96657	1611.04370	720.40729	-346.21005	1538.71387	657.07745	-159.33951	1506.16223	533.45374	-349.66531	1318.79163	809.93768	-47.05157	1335.35754	619.93518	-270.02142	1208.93323	606.36627	-170.71672	1381.40381	753.67212	-410.62027	985.30481	840.78497	40.43413	998.59735	546.69672	-476.65836	816.70270	736.30347	-44.20867	887.19025	362.87466	-320.41309	842.46326	693.76202				-92.52369	931.30896	779.70117	-196.71440	443.74734	829.10529	-169.24521	452.54196	473.92557	-68.59035	159.11296	956.28571	-206.52429	122.74242	429.09863	
233	2.320	-292.11838	1448.59631	467.00143	-217.75549	1610.50232	711.92395	-351.36462	1538.40747	648.22748	-162.99782	1505.92712	524.02411	-353.62863	1317.77808	800.32031	-50.90583	1334.64587	610.26715	-274.42609	1209.00452	596.51367	-174.37572	1380.75317	744.81262	-414.72812	984.24622	831.86414	35.23991	997.97150	535.56592	-480.72226	815.43292	727.47986	-49.02478	888.80048	349.32660	-325.32318	841.35284	683.36859				-98.45882	929.48822	769.58307	-202.13603	442.43399	819.26959	-175.26025	451.56940	464.48907	-72.18792	162.18924	953.11523	-210.57074	121.10159	424.98935	
234	2.330	-295.61572	1448.30835	458.08505	-220.92506	1609.74695	702.91852	-354.29025	1538.25342	638.76514	-166.72546	1505.60107	516.25098	-357.73471	1317.40186	790.84454	-54.59716	1334.11365	600.99249	-278.42853	1209.40979	586.36951	-177.74808	1380.17651	734.59430	-418.03125	983.27435	822.57056	30.44871	997.48590	523.26312	-484.35635	814.62958	718.83075	-53.80587	890.12653	336.01953	-330.20090	840.38867	672.57458				-103.87081	928.46637	759.63245	-207.77925	440.62527	809.37701	-180.56877	451.21994	456.70425	-74.37900	164.53404	949.31348	-213.15536	120.10120	421.56268	
235	2.340	-299.31143	1448.50110	448.66028	-226.23997	1610.59644	693.96301	-359.03268	1538.21545	629.41113	-170.51695	1505.96582	506.95029	-361.81418	1317.06140	780.91504	-58.41819	1333.49939	591.67615	-282.59448	1209.22388	576.68347	-182.50743	1380.16040	725.65564	-421.81326	983.39478	813.08533	25.73816	997.66040	511.01224	-488.21432	813.85120	709.67950	-57.81638	891.61176	323.07248	-335.60599	839.91833	661.73022	-142.89064	863.43848	502.52222	-110.25033	927.28571	749.59015	-215.04970	439.65811	798.99750	-185.74626	452.51877	448.46652	-77.31179	167.90231	944.60419	-215.14944	118.78894	418.62982	
236	2.350	-303.18350	1448.98083	439.31592	-229.33820	1610.26099	684.53009	-363.29074	1538.88330	620.05920	-174.48309	1506.42419	499.18274	-365.47867	1317.27991	771.47845	-62.48545	1333.49170	581.94580	-286.67688	1210.18445	567.23376	-186.15880	1380.67944	716.63269	-426.04950	983.82794	803.45996	20.57618	997.69562	499.24332	-491.98257	813.44739	701.52356	-62.78773	893.76355	310.04001	-340.91953	839.18170	650.83282				-116.33599	927.72577	739.42584	-222.36830	437.87668	786.82416	-192.09090	453.89749	440.43753	-81.89548	171.26392	939.56470	-216.71739	118.00389	415.75467	
237	2.360	-307.31317	1449.81897	430.09506	-234.52420	1611.59644	675.40454	-367.48502	1539.36768	610.58838	-178.34212	1507.48755	488.75922	-370.38132	1318.40784	761.98187	-66.49346	1333.70496	572.97302	-291.09183	1210.85010	557.25037	-189.90636	1381.20923	706.85803	-429.36990	983.91412	793.88068	15.78670	998.12958	486.76587	-495.06155	813.56366	693.66907	-66.65740	895.76617	296.94846	-346.31378	839.08563	640.34283				-121.46973	928.19098	729.92859	-230.99750	436.77744	775.14917	-198.91937	455.07645	431.78003	-86.12067	175.31754	933.86194	-218.60754	118.01680	412.60190	
238	2.370	-311.09268	1450.99597	420.36844	-238.54289	1612.62415	665.72931	-371.86853	1540.37549	601.20673	-182.70705	1508.57483	478.64224	-374.57211	1319.33545	752.14099	-70.47184	1334.69348	563.71631	-295.21832	1212.40381	547.60712	-193.91103	1381.89783	697.52637	-432.76178	985.12854	784.36371	10.68538	999.59363	475.08606	-497.70905	813.10095	685.25732	-71.31067	897.28314	285.42511	-351.68649	839.38818	629.18848				-127.37366	928.56000	720.80756	-241.71506	435.82947	763.19055	-204.95668	455.87686	423.02173	-91.18838	179.46402	926.84351	-219.82721	118.60704	410.03256	
239	2.380	-314.78293	1451.54663	410.55298	-243.45573	1613.89319	656.57623	-375.58932	1541.41711	591.30414	-186.20424	1509.33569	470.05371	-378.97208	1320.75928	743.23291	-75.02285	1335.69312	554.47784	-299.34073	1213.80640	537.76422	-198.38351	1383.29578	688.45813	-436.94000	986.42810	774.76465	5.66864	1000.59113	463.72491	-500.92593	813.82886	676.85529	-75.09872	900.34576	271.95978	-356.85693	840.05219	618.67010				-134.07910	929.52008	711.51123	-251.47707	433.41464	749.87299	-209.96188	456.25394	414.74380	-96.65155	183.48830	918.34680	-221.44298	118.27674	408.00104	
240	2.390	-319.13901	1452.65393	401.71094	-246.01628	1614.90100	646.65173	-379.99982	1542.49329	582.48407	-190.89493	1511.05396	459.71225	-383.12256	1322.54004	733.46539	-79.42825	1336.37366	545.24902	-304.15305	1215.31018	528.62415	-202.85945	1384.56165	679.58594	-440.04330	988.05280	765.47516	0.86294	1002.91943	452.12619	-504.31857	814.70630	667.99274	-78.73904	902.58704	260.56836	-362.60126	841.39917	607.77991				-140.16742	930.56482	702.14484	-262.94492	431.92224	736.44348	-214.53049	456.95566	407.93796	-104.28409	188.64702	910.64301	-222.88326	118.16604	406.03622	
241	2.400	-322.77081	1453.73718	392.28513	-251.13748	1616.52454	637.59833	-383.68628	1543.32056	572.94067	-194.48262	1512.11682	450.79922	-387.72614	1324.43896	724.21771	-83.87213	1337.63220	536.18964	-308.78381	1217.32605	519.07086	-207.19511	1385.57629	670.02429	-443.60208	990.12000	756.14587	-3.85955	1004.26111	440.19345	-506.51559	815.61053	660.79651	-83.12511	905.68335	248.27513	-367.64996	842.74310	597.36139	-175.16399	874.89587	437.94284	-146.67250	931.50677	692.46277	-275.77826	430.76974	722.72394	-218.12410	457.54175	402.60312	-111.07400	193.36613	900.74792	-223.68690	118.33382	403.64514	
242	2.410	-326.54407	1454.61499	382.96027	-255.17365	1617.37305	628.54114	-388.02350	1544.58704	563.47498	-198.29933	1512.86499	443.91528	-392.48239	1326.82898	714.93140	-88.40619	1338.98828	527.67694	-313.41162	1218.98315	509.88535	-211.84895	1386.73853	660.62378	-447.19406	991.80396	747.02014	-8.83900	1006.97314	430.24097	-508.87769	816.27209	652.64429	-86.46532	908.40271	236.13670	-372.52991	843.94287	587.05658	-178.93724	876.22864	433.84546	-153.08310	933.40906	683.62665	-287.55084	428.49274	707.11334	-220.03979	458.08252	397.88263	-118.77030	198.72794	891.19336	-224.89388	117.91637	402.03827	
243	2.420	-330.17502	1455.71155	374.73740	-260.36014	1618.79517	619.72327	-391.88974	1545.60242	554.01727	-202.20998	1513.96704	434.33289	-397.01489	1328.33179	705.95642	-93.43161	1339.88403	518.35883	-318.05923	1220.49243	500.63284	-216.45030	1387.75830	652.13885	-450.68640	993.59937	738.27698	-13.21384	1009.20599	418.78561	-511.74118	817.32965	644.68677	-90.77496	911.37457	224.37445	-377.34940	845.54645	577.19940				-158.16597	934.23773	675.89966	-299.79852	427.07489	691.41388	-221.82045	457.94406	392.58868	-128.13184	204.90556	880.50378	-225.82480	117.36042	401.35443	
244	2.430	-333.66885	1457.05737	365.30237	-264.41568	1619.51526	610.97522	-396.23691	1546.71948	544.97253	-206.45352	1515.01685	424.25681	-401.84866	1330.22754	697.22992	-98.37502	1340.86328	509.98868	-322.67416	1222.08081	492.14606	-220.35432	1388.43042	643.42938	-454.44485	996.05359	730.10687	-17.75714	1011.09491	408.26761	-514.59912	817.98303	637.22577	-94.49219	914.23492	212.51149	-382.32880	846.86292	567.95337	-188.59799	882.57233	409.90045	-163.80920	935.25104	666.42206	-312.50967	425.24594	674.44672	-223.21573	456.83994	388.76355	-136.92526	209.44656	868.11987	-226.62526	117.14879	399.97980	
245	2.440	-337.41614	1458.01978	355.96747	-268.51852	1620.19739	602.10107	-400.62619	1547.97266	535.78467	-210.01469	1515.83337	416.16855	-406.51773	1331.95935	688.48065	-102.78825	1341.84338	502.10739	-328.12271	1223.60876	483.25803	-225.39915	1389.61841	634.43530	-457.23322	996.64703	721.78076	-22.37136	1012.56726	397.64221	-517.43323	818.89246	629.12317	-98.02094	916.61401	200.58214	-387.00790	848.01593	558.64209				-168.61888	936.38782	657.57739	-325.34003	423.59363	657.34039	-226.38660	456.09698	384.34573	-147.01851	215.25807	855.31207	-227.36533	116.87922	399.32327	
246	2.450	-341.32059	1458.65808	346.81525	-273.66443	1621.56702	593.86426	-404.60645	1548.66003	526.52710	-213.93889	1516.50330	408.94812	-411.08148	1333.45740	679.53326	-108.09495	1342.44641	492.84845	-332.90784	1224.55591	474.49805	-229.94412	1390.27808	625.76508	-460.56830	997.89459	713.30109	-26.67500	1014.45203	386.53745	-520.58569	819.50421	621.59473	-101.30161	919.50647	188.75615	-392.07315	849.14111	550.24078				-174.77975	937.81506	649.22571	-337.75009	422.36954	640.09454	-229.08902	455.13596	380.48712	-158.37953	220.37825	840.99866	-228.23482	116.28897	398.96378	
247	2.460	-344.72006	1459.73816	338.91190	-277.38074	1621.90820	585.10681	-409.19702	1549.78125	517.19617	-217.63554	1517.28162	400.56470	-416.18909	1334.33459	670.64954	-112.73792	1343.17627	484.52768	-337.52078	1225.50049	465.87048	-235.06856	1391.21899	617.55670	-464.75528	999.28754	705.79388	-31.35016	1015.54163	375.65628	-523.45386	819.63104	613.91162	-104.93215	922.34650	177.25298	-396.97714	850.15680	541.89862				-179.51527	938.20300	641.70300	-350.76666	421.77966	622.16266	-231.79903	454.19055	376.66367	-168.70921	224.13301	825.29224	-228.51401	116.10038	398.93585	
248	2.470	-348.30533	1461.31274	328.78601	-282.33337	1622.95166	576.71368	-413.36765	1550.98303	508.34949	-221.61584	1517.89087	393.07101	-421.24063	1335.43921	662.62408	-118.21236	1343.52393	475.93896	-342.83026	1226.34680	457.80240	-240.13354	1392.05359	609.37708	-468.78662	999.63800	697.53320	-35.51073	1017.56860	365.27078	-527.20239	820.16479	606.23273	-108.45573	924.87195	165.66920	-401.86380	850.53705	533.56738				-184.40620	938.88031	632.98859	-364.33789	421.72690	604.13129	-234.59386	453.70068	372.70660	-180.74707	228.73978	809.64301	-229.74916	115.59165	398.00186	
249	2.480	-352.40677	1461.69897	319.88470	-287.59753	1623.60339	568.70099	-418.00815	1551.47900	499.32504	-225.60429	1518.52271	384.76718	-426.27350	1335.95239	654.07483	-123.10612	1344.21997	467.27988	-347.50809	1226.47778	449.47858	-244.87990	1392.85828	600.44244	-473.43399	1000.15784	689.82599	-39.91656	1019.12042	354.83337	-530.36841	820.19049	598.42950	-111.61810	927.59900	154.70641	-406.97546	851.00391	525.99670				-188.48520	938.97546	624.87402	-377.65369	422.64496	586.50995	-237.36505	453.09747	369.95279	-192.52769	233.13121	792.73761	-231.00674	115.68225	397.82556	
250	2.490	-355.82523	1462.41174	312.36597	-292.09579	1623.99487	560.26343	-422.58667	1552.41589	490.58609	-229.62135	1519.18005	376.49008	-431.37643	1336.67004	646.07300	-128.22595	1344.93530	459.35300	-352.69415	1227.09204	441.85379	-250.01987	1393.13062	592.14520	-477.01382	1000.67303	682.15546	-43.91152	1020.70227	343.49512	-533.75861	820.01196	591.28455	-115.19648	930.39258	143.43184	-411.63849	851.61023	518.11890				-192.74388	939.73547	616.49548	-390.53339	422.72940	568.06372	-239.86646	453.39587	366.41611	-204.12988	236.44595	775.95959	-232.07037	116.23367	397.04425	
251	2.500	-360.04010	1463.17322	302.50098	-297.42856	1624.52869	552.27307	-427.00482	1552.95044	481.33182	-233.57924	1519.49194	369.46231	-436.00305	1336.84741	638.24817	-133.81178	1345.43750	450.48700	-357.88562	1227.07458	433.90332	-255.61940	1393.92371	584.25415	-481.86426	1000.90826	674.29895	-48.28307	1022.53613	333.11584	-537.70648	820.68866	583.40948	-118.78584	933.07770	132.16661	-416.74652	852.07874	510.77081				-197.28799	939.59222	608.58905	-403.70676	424.47363	550.31995	-242.67517	452.66171	363.63226	-216.24100	241.21338	759.69159	-233.55397	115.56712	395.99597	
252	2.510	-363.46463	1463.15369	295.24957	-302.83014	1624.96570	544.18634	-431.43292	1552.90637	472.70319	-238.13037	1520.12732	360.59756	-441.15051	1336.70447	630.32141	-138.68111	1345.66296	442.68192	-363.11835	1227.06409	425.80200	-259.94934	1394.12732	576.08997	-485.86542	1000.65454	666.75677	-53.40366	1024.03430	323.43753	-541.41235	820.46320	576.10284	-121.86523	935.18427	121.89100	-422.18652	852.34393	503.66803				-201.04442	940.17798	601.12268	-418.63934	425.84668	532.02240	-245.18329	452.54547	360.02664	-228.13203	243.68672	742.28564	-234.98640	115.22707	395.63065	
253	2.520	-368.10541	1463.56482	286.04761	-306.83292	1625.38770	535.49634	-436.62363	1553.61218	464.00037	-242.27339	1519.99158	354.16714	-446.34457	1337.47559	622.91876	-144.22035	1346.50488	434.28882	-368.28818	1226.98120	418.44449	-265.08337	1394.53284	568.14240	-490.51038	1000.79840	659.54376	-57.30888	1025.55029	312.83466	-545.78394	820.70374	568.51526	-125.05311	937.54053	111.18927	-426.98788	853.15002	496.43173				-205.05228	941.13660	593.19647	-431.55243	427.93695	514.64716	-249.04311	452.01080	357.54199	-240.81511	245.90077	725.45386	-235.69525	114.86921	395.44849	
254	2.530	-372.16068	1463.33704	277.59131	-312.85724	1625.63879	527.64978	-441.66702	1553.97217	454.94824	-246.60541	1520.00525	346.91751	-451.02005	1337.16211	615.03204	-149.97112	1346.53333	425.57422	-373.43744	1226.43127	411.06573	-270.10910	1395.04590	560.26764	-494.50647	1000.54541	652.31732	-60.52037	1027.60889	302.99384	-549.53546	820.55927	560.87793	-127.91893	939.50214	100.96694	-432.00082	853.54120	489.42841	-237.39072	883.94733	325.99823	-209.91351	941.23163	585.78589	-444.03766	430.24121	497.37134	-252.00198	451.31705	353.16110	-254.58296	247.33418	706.79681	-236.52347	114.92227	394.68671	
255	2.540	-375.41953	1462.77747	270.44748	-318.03970	1626.39124	519.12817	-446.46973	1553.97253	446.27817	-251.11885	1520.05505	338.61053	-456.07437	1337.00879	607.34796	-154.88943	1347.16052	417.68600	-378.52979	1226.08228	403.54419	-275.89667	1395.73706	552.59869	-498.96188	1000.63861	646.27563	-65.05680	1029.50903	293.07492	-554.20801	820.81573	553.77600	-130.47644	941.45898	89.95017	-436.74564	854.20221	482.43924				-213.95273	941.91699	578.07770	-456.87561	433.01675	480.89044	-254.49472	450.28326	349.67838	-268.80225	247.57759	687.77039	-237.17050	114.73405	394.22452	
256	2.550	-379.39108	1462.57764	261.92560	-324.21185	1627.80896	511.71957	-451.83923	1554.19238	437.84882	-255.53160	1519.66687	332.01508	-460.86273	1337.08667	599.87201	-160.13553	1347.62927	409.63312	-383.31323	1225.83081	396.34106	-280.77271	1396.18396	544.52466	-503.12900	1000.75879	638.57684	-69.02281	1030.68982	283.80127	-558.24597	820.59052	546.53107	-133.43765	943.53082	79.95836	-441.46207	854.80548	475.40964	-246.24554	880.48737	321.31143	-218.33237	942.36835	570.67047	-468.97833	436.67828	464.09100	-257.49841	449.06738	346.54391	-282.38647	246.01149	668.82727	-237.82799	114.60247	392.98810	
257	2.560	-383.49731	1461.91003	254.94588	-330.06958	1627.05835	502.82782	-456.26508	1553.56702	428.66211	-260.00897	1519.23718	325.46127	-465.80746	1337.08508	592.68475	-165.89352	1347.61670	401.77029	-388.51862	1225.65186	389.03458	-286.04565	1396.55884	536.93030	-507.28162	1000.11719	631.96173	-73.23717	1032.57849	274.46725	-563.04413	820.91815	539.43884	-136.66150	945.35059	70.00679	-446.12595	855.61102	468.40610	-251.32460	881.30334	314.22787	-224.22853	942.59424	564.10510	-481.31396	440.54828	447.71729	-259.58423	449.09424	342.43112	-297.69992	243.36055	649.18890	-238.83719	114.33405	392.17035	
258	2.570	-387.65723	1461.21814	246.38004	-335.38623	1627.14490	494.38361	-462.30991	1553.67419	419.92810	-265.02090	1519.31592	316.82220	-470.57504	1336.86597	585.17053	-171.13701	1348.30969	393.57825	-393.59982	1225.40869	382.11823	-290.57248	1396.48621	529.00549	-511.57602	1000.37439	625.34674	-77.45377	1033.67151	265.22806	-567.07526	821.02948	532.14355	-139.25758	946.70935	60.59613	-450.53473	856.50525	461.18762				-228.44991	942.94904	556.84082	-492.86813	444.67575	431.74069	-261.74707	448.07898	339.81213	-313.12100	240.53079	629.88831	-239.07455	114.23506	392.16641	
259	2.580	-391.96237	1460.07288	238.85582	-341.05682	1627.29333	486.00223	-467.13089	1553.34558	411.14084	-269.66086	1519.07581	309.68530	-475.91547	1336.71057	578.52222	-176.58232	1348.57214	385.96008	-398.81738	1225.45483	374.79520	-295.63733	1396.41724	521.37555	-515.62628	999.98077	618.38458	-82.48022	1034.61072	255.79698	-571.74292	820.94727	525.18604	-141.80479	948.18402	51.16785	-455.28055	857.47382	454.26205	-262.08972	881.15515	298.49261	-233.46573	942.82019	549.68170	-504.47217	449.02530	416.45914	-264.63541	448.07828	337.73422	-328.66858	236.77783	609.81073	-240.00645	114.64456	391.41269	
260	2.590	-396.09039	1459.77917	230.40526	-347.44775	1627.42700	477.75473	-473.30579	1553.44568	402.28571	-274.37112	1518.57788	302.54947	-480.49512	1337.06702	571.00720	-182.44812	1348.74390	377.96552	-403.90057	1224.97827	367.73251	-301.19266	1397.07239	513.76776	-519.83063	999.72223	611.67096	-87.28683	1036.31494	247.34186	-575.97589	820.73645	518.36462	-144.93257	949.60052	41.74834	-460.13043	858.50067	447.21890				-238.14902	943.06195	541.71594	-515.57349	453.36429	401.33121	-266.47745	447.32422	334.91809	-344.63153	232.42712	590.00342	-240.07817	114.76653	390.84830	
261	2.600	-400.25058	1459.26880	222.62920	-353.37750	1627.76135	469.47946	-478.72421	1553.07983	393.73370	-279.27267	1518.26440	295.04150	-485.68979	1336.90356	564.48254	-187.39127	1349.12183	370.21686	-409.17288	1225.14587	360.68234	-307.50638	1397.53137	506.55515	-523.95258	999.98340	604.86060	-90.55547	1038.31750	238.62560	-580.74945	820.84320	511.67001	-147.82065	950.97107	32.71194	-464.65427	859.56189	439.65082	-271.69803	881.47217	284.74020	-243.39177	943.05438	535.02759	-525.88593	457.82404	387.01974	-267.92630	446.77756	331.91599	-361.35779	227.27536	568.87549	-240.88068	114.86043	390.12418	
262	2.610	-404.58829	1458.10071	214.17055	-360.13614	1627.72327	461.41638	-484.31186	1552.71606	384.62109	-284.13367	1517.66711	287.81586	-490.69470	1336.52893	557.73157	-193.12466	1349.46765	362.60147	-414.56281	1225.25598	353.13846	-313.06458	1397.56470	499.07483	-528.17255	999.37042	598.10004	-94.48840	1039.78003	229.08235	-585.18188	820.54944	505.12854	-150.15160	951.60516	24.07952	-469.61987	860.45526	432.57419				-248.27879	943.36523	527.69635	-536.54755	462.34818	373.52008	-268.86047	445.96320	328.32193	-378.04523	221.30711	549.26392	-241.15906	114.63442	389.95065	
263	2.620	-409.07706	1456.88818	206.74127	-365.89566	1627.77771	453.10364	-489.53516	1551.99597	375.94574	-289.00815	1517.30908	280.22635	-495.68408	1336.23682	550.44238	-199.14290	1349.70691	354.63049	-419.91525	1225.10461	346.11526	-317.91425	1397.35486	491.28680	-532.80939	999.64716	591.24579	-98.91540	1040.93604	221.05411	-590.25287	820.22345	498.54074	-152.88065	952.40717	15.53124	-474.71811	860.98602	425.26965	-281.91855	880.64325	270.09338	-253.61235	942.84033	520.19537	-545.91602	465.72455	360.05667	-270.28778	445.21448	325.47769	-395.34875	214.56717	527.27795	-241.41068	114.93826	389.58881	
264	2.630	-413.14435	1456.17871	198.53798	-372.39908	1628.02197	445.05176	-495.29550	1551.95154	366.90921	-293.97330	1516.56726	272.63733	-500.98499	1335.79309	543.26703	-204.62245	1350.60498	348.24683	-425.47684	1224.85132	338.80252	-323.04587	1397.10315	483.58887	-538.00006	999.23218	584.89337	-103.13716	1042.03772	212.93018	-595.25049	819.94543	492.23755	-156.09875	952.53827	7.71439	-479.95996	861.61414	417.98386	-286.92258	879.25043	262.72476	-258.38214	942.99689	513.03973	-555.45758	469.46930	348.11661	-272.33841	444.74030	322.40503	-412.91022	207.20201	506.11877	-241.78877	115.05036	388.67493	
265	2.640	-417.40384	1455.12195	191.14557	-379.35495	1628.50281	437.58173	-500.39182	1551.12317	358.15283	-298.55603	1515.59167	266.51364	-506.23566	1335.49597	536.49969	-210.44612	1350.94055	342.08914	-431.03732	1224.63123	331.68839	-329.87103	1397.30762	476.54987	-542.37085	998.73969	577.93970	-107.06202	1043.39136	204.97575	-600.23694	819.53412	485.42017	-158.53169	953.33881	-0.86306	-485.29413	862.26855	410.63742				-263.36813	942.94733	505.58072	-563.32373	472.11093	335.97427	-274.20425	443.95679	319.47134	-431.37729	199.37543	484.89120	-242.42343	114.96696	388.22125	
266	2.650	-421.73776	1453.82214	183.02095	-385.03937	1628.13281	429.41916	-506.86755	1551.35864	349.33405	-303.64841	1515.15771	258.33112	-511.39761	1335.13269	529.36462	-216.09326	1351.11560	334.64594	-436.52310	1224.35754	324.73044	-335.51776	1397.47205	468.80292	-547.10779	998.21826	571.45422	-111.93556	1044.26453	196.37996	-604.80334	818.73395	479.43167	-161.18134	953.67651	-9.33086	-490.71399	862.67224	403.14398	-296.54865	878.30383	249.04251	-268.15649	942.11823	497.53586	-572.34045	474.93002	325.11603	-276.70508	443.95230	316.42953	-449.81537	191.66599	462.88397	-242.77144	114.86953	387.60233	
267	2.660	-426.45905	1452.96387	174.97913	-391.58084	1627.60291	421.35654	-511.61990	1550.31177	340.59116	-308.75525	1514.35522	251.24733	-517.20282	1334.56519	522.39783	-222.44746	1350.92810	325.85294	-442.03323	1223.69641	316.82904	-341.22714	1396.87830	461.34967	-551.63641	997.25726	564.61420	-116.10885	1045.13489	188.56209	-609.93365	817.92401	473.51456	-163.49915	953.57465	-17.48332	-496.07724	863.02332	395.27588	-300.55069	876.87488	240.13170	-273.39398	942.58008	490.81012	-579.75586	477.24039	314.57364	-278.84839	443.20380	313.08487	-468.35358	182.79578	440.78757	-243.70526	115.39957	387.42435	
268	2.670	-430.48639	1451.93176	167.26682	-397.70285	1627.21436	413.05716	-518.04828	1549.93164	331.85733	-313.43433	1513.31238	244.71547	-523.04675	1333.94751	514.97180	-227.97566	1350.36414	319.10709	-447.77225	1223.27722	309.91898	-347.41095	1396.29578	454.07080	-556.51440	996.38611	557.74908	-120.35143	1045.91394	180.95268	-614.72577	817.00031	467.08063	-166.72615	953.21912	-24.28188	-501.56689	863.02246	387.65198	-305.78983	875.73572	234.26567	-279.15674	941.31036	483.82529	-587.07043	478.65814	305.12897	-281.36731	443.17657	309.97052	-488.07077	174.35120	417.53781	-244.39581	114.87100	386.48282	
269	2.680	-434.90485	1450.71021	159.64415	-403.84854	1626.89929	405.03912	-523.32599	1548.85791	322.98273	-318.58633	1512.51331	237.41228	-528.81311	1333.01025	507.38654	-233.76382	1350.66101	312.27527	-453.28073	1222.45923	302.57974	-351.74249	1394.25830	446.42270	-562.01691	996.34656	550.65167	-125.15646	1046.69910	173.64136	-619.94891	816.14136	460.62192	-169.19073	953.20203	-32.53735	-507.23059	862.93994	380.03702				-284.58792	940.69452	476.55725	-593.87506	479.45660	296.65530	-283.08142	441.92526	307.42319	-507.83466	166.20538	395.16293	-245.27382	115.02604	385.96027	
270	2.690	-439.68076	1449.64270	151.45546	-410.18784	1626.19019	396.90222	-529.51300	1547.98499	314.27710	-323.70471	1511.47595	230.95128	-534.70844	1331.95154	499.87128	-239.92491	1350.35803	304.62537	-458.96512	1221.44971	294.95612	-359.95627	1395.60181	438.92175	-567.21112	995.02130	544.44098	-129.46054	1046.75842	166.09013	-625.13910	814.97614	454.99863	-171.33327	952.61206	-39.78403	-513.08191	862.75122	372.32239	-314.00192	874.75629	217.53180	-290.92404	940.60736	469.76193	-600.31744	479.67896	288.73395	-285.91934	440.85144	304.16455	-528.64404	159.06418	372.45169	-245.52832	114.83786	385.83267	
271	2.700	-444.55093	1448.73608	143.07010	-416.64355	1625.25806	388.93961	-535.39032	1546.80042	305.78952	-329.02713	1510.66077	222.58128	-540.60126	1330.88733	491.98193	-246.21773	1349.75146	297.77240	-464.82169	1220.53040	287.23914	-366.07870	1394.80444	431.46185	-572.68835	994.18848	537.89447	-133.84807	1047.44031	158.49191	-630.04303	813.66180	448.58734	-174.22917	951.68439	-46.47103	-518.70410	862.20050	363.82373	-320.51736	872.96301	214.20430	-296.62582	940.20880	462.55289	-606.17950	479.01547	281.19067	-288.03076	439.79260	300.63849	-549.88147	152.73195	350.70294	-246.08533	115.32745	385.15497	
272	2.710	-449.32306	1447.43909	135.58813	-423.06335	1624.19470	381.11581	-541.28119	1546.13452	297.08670	-334.52969	1509.90466	214.83902	-546.84241	1329.70129	483.96509	-252.44881	1348.97754	290.71582	-470.40759	1219.44214	279.55624	-371.66760	1393.74390	424.17596	-577.75360	993.12604	531.13873	-138.60295	1046.96973	151.44353	-635.37927	811.80225	442.70016	-176.99077	950.74469	-53.31384	-524.74750	861.47974	355.09055	-324.59351	871.57416	206.08636	-302.32010	939.88849	456.35110	-610.97668	478.16528	274.27386	-290.38071	438.79611	297.49261	-570.90961	146.92633	328.74689	-246.94055	115.80272	383.90588	
273	2.720	-454.37961	1446.92102	127.47752	-429.70166	1622.63428	372.80658	-547.04584	1544.87683	288.45309	-339.80756	1509.01648	207.12802	-553.15430	1328.30469	475.91333	-258.12897	1348.25854	283.79666	-475.98935	1217.99438	271.41534	-377.71954	1392.06030	416.59485	-583.13647	991.91650	523.93097	-143.06458	1047.13989	144.34401	-640.31787	810.23157	436.51321	-179.50119	949.94495	-60.84508	-531.09784	860.92230	346.50482	-329.28479	870.18042	200.98679	-308.47656	938.92572	448.91431	-615.97778	476.71109	267.68042	-293.19772	438.01758	292.91162	-590.84979	142.10356	307.49670	-247.40660	116.09649	383.28860	
274	2.730	-459.34857	1445.36475	119.32841	-436.26431	1622.24512	365.46429	-553.18176	1543.53088	280.01483	-345.57819	1507.86023	200.80981	-559.61920	1327.04761	467.96356	-263.97034	1347.80212	275.82471	-481.56671	1216.69434	263.67325	-384.68332	1391.78979	408.27817	-588.11957	990.31573	516.98950	-147.35464	1046.32434	137.64728	-645.85443	808.49194	430.46771	-181.97314	948.78851	-67.63230	-537.71667	860.04413	337.61121	-334.30878	870.72180	188.68515	-315.43210	937.77039	442.58267	-620.67859	475.11887	261.15613	-296.54416	437.52737	289.01852	-610.39709	139.00630	286.38519	-247.83138	116.36231	382.29285	
275	2.740	-464.25861	1443.85669	111.91217	-443.05173	1621.04688	357.50580	-559.12720	1542.39807	271.45242	-350.80890	1506.51001	192.74654	-566.42413	1325.55505	459.37805	-269.52472	1346.40857	268.44070	-487.62903	1215.47766	256.06989	-390.41763	1390.09741	401.27991	-594.57715	989.69940	510.19907	-152.26671	1045.77173	131.52554	-651.29156	806.99042	424.54053	-184.78026	947.34674	-73.96740	-543.73334	859.20776	327.94507	-338.13080	869.42725	186.07890	-322.46286	936.78290	435.53195	-625.21625	472.73340	254.06929	-299.10004	436.21008	284.93439	-628.92249	136.56776	266.45596	-248.66367	116.48752	382.15567	
276	2.750	-469.40500	1442.55383	103.79974	-449.67432	1619.55811	349.90094	-565.35834	1541.02942	263.03674	-356.73749	1505.25757	185.99991	-573.07648	1323.91882	451.03098	-275.43332	1345.47388	261.47910	-492.35837	1213.68689	247.67786	-397.40338	1388.73486	393.69110	-600.54413	987.95544	503.06927	-157.01270	1044.58020	124.97414	-655.95282	804.60400	417.82858	-187.52992	946.04584	-81.21467	-550.30524	858.05682	318.90814	-341.56552	867.47070	179.55342	-329.32993	935.86163	428.11981	-629.93671	470.73703	247.26982	-302.86362	435.04877	280.13852	-647.93463	137.17093	247.47350	-249.41565	116.68639	381.72940	
277	2.760	-474.43689	1440.95190	96.02592	-455.90973	1617.70508	342.23996	-571.00684	1539.41284	254.47984	-362.00912	1503.77710	177.51534	-579.92969	1322.21777	442.46072	-281.36417	1343.98486	254.69008	-498.21100	1211.97949	239.76031	-403.72269	1387.77478	386.44431	-606.62665	986.61121	495.70877	-161.82492	1043.71973	118.39465	-661.60822	802.78149	411.68567	-190.24516	944.03815	-87.12376	-556.10089	856.77667	308.79129	-346.53696	865.77014	173.38422	-336.78848	934.08057	421.13449	-635.16382	468.83072	240.36133	-306.33917	434.21100	275.78717	-663.96674	137.04102	229.79294	-250.25160	117.04399	380.90851	
278	2.770	-479.74268	1439.61230	88.07903	-461.66147	1615.74670	333.37979	-577.12030	1537.92261	246.17995	-367.75885	1502.01147	170.69081	-586.84515	1320.57239	433.69507	-287.51410	1342.37073	248.27243	-503.94424	1210.47937	231.50356	-410.04660	1386.17102	379.44397	-612.50934	985.08905	488.27161	-166.35753	1042.63672	112.55933	-666.90887	800.69623	405.24963	-192.94514	942.55212	-93.02956	-562.36292	855.47113	299.13620				-343.79312	931.94983	415.26443	-640.78760	466.67606	232.81993	-310.69653	433.43109	271.46735	-678.15948	137.33446	213.52312	-251.39470	118.04362	380.38733	
279	2.780	-484.82840	1437.81885	80.29983	-468.19525	1614.35840	325.68756	-583.22321	1536.24402	237.89586	-373.26114	1500.19592	163.66118	-593.78326	1318.78259	424.97079	-293.40207	1341.01294	241.47623	-509.43915	1208.86646	223.17494	-417.06775	1384.30725	371.31464	-619.26501	983.72449	480.81030	-172.60770	1040.72656	105.88311	-672.24951	798.46777	398.91498	-195.55933	940.55359	-98.77678	-568.78735	854.14276	289.39221				-352.75281	929.97754	406.47168	-646.28076	465.15320	225.46443	-314.10434	432.10916	266.52975	-690.64563	137.65021	198.51358	-252.47678	118.45834	379.35269	
280	2.790	-489.83350	1435.79065	72.14053	-474.86105	1613.39063	317.93167	-588.76202	1534.86609	229.20840	-378.40530	1497.92603	157.47824	-601.10376	1317.28857	416.55856	-299.27515	1339.31531	234.80965	-515.28467	1207.82104	215.20018	-423.22852	1382.35144	364.00470	-625.34576	981.82233	473.34076	-175.75496	1039.83716	100.63960	-678.08636	796.13287	392.54855	-197.56479	938.11279	-104.36370	-574.94086	852.67627	278.55478				-360.47708	928.40161	400.72778	-652.00488	463.38913	217.52420	-317.80237	430.24228	262.06680	-701.42108	137.69133	185.01596	-253.76704	118.61691	378.15265	
281	2.800	-494.64230	1433.97852	64.91282	-481.56433	1612.29175	309.89960	-594.55444	1533.46106	220.74588	-384.13437	1496.48315	149.94145	-608.29553	1315.53723	408.14874	-304.93506	1337.84314	227.79718	-520.53217	1206.40076	206.76564	-430.50443	1381.51477	357.12848	-632.32587	980.27075	466.05807	-180.51265	1038.66577	94.94433	-683.42285	794.16553	385.72449	-200.27530	936.04846	-109.36903	-581.22211	851.61127	268.33578				-368.25305	927.01038	393.01147	-657.70435	462.44803	208.80254	-322.50781	429.40469	257.35165	-710.26758	136.95525	173.40485	-254.65154	119.16048	377.60922	
282	2.810	-500.04675	1432.09326	56.92478	-487.48526	1610.93140	301.78986	-600.56403	1532.10400	212.27187	-389.50986	1494.48413	144.40205	-615.66034	1313.67554	399.22299	-310.83890	1335.83496	221.31938	-526.56519	1204.84741	198.20607	-437.61066	1379.85242	349.70456	-639.48389	978.85168	458.03516	-186.97469	1035.65283	88.91551	-688.99292	791.58521	379.26563	-202.90910	933.93616	-115.45192	-587.72534	850.40045	258.35184	-367.89380	859.19189	134.29919	-377.29749	924.80383	385.58923	-663.79382	460.86520	199.82782	-325.41623	428.27835	252.35016	-717.81354	135.65994	163.97508	-254.84541	120.19606	375.81592	
283	2.820	-504.60873	1429.99854	50.01340	-494.25098	1609.56995	294.16064	-606.22131	1530.60620	203.72490	-394.87820	1493.12427	135.41057	-623.10895	1312.03162	390.65659	-316.15359	1334.00940	215.38980	-532.15955	1203.68445	189.76349	-444.28647	1378.05774	342.17795	-646.40540	977.25323	450.47659	-191.30206	1034.11023	83.45711	-694.82263	789.14581	372.53299	-205.51044	931.39996	-120.30434	-594.16107	849.06146	248.39934				-385.54904	923.30762	379.98871	-669.70221	459.26791	190.56195	-329.13919	426.67191	247.28308	-722.24121	133.01807	156.14694	-256.15833	121.23693	375.54361	
284	2.830	-509.69931	1428.62085	42.32886	-499.71063	1608.26489	286.31671	-612.00409	1529.52429	195.42560	-400.38364	1491.43127	128.36200	-630.43903	1310.60083	381.77444	-322.56808	1332.54749	209.03873	-538.16248	1202.39197	181.33179	-452.20465	1376.97424	334.41086	-653.26166	975.87946	442.51816	-196.43040	1032.32312	78.66274	-700.48633	786.65118	365.43112	-207.87714	929.32227	-125.10384	-600.30194	847.35901	237.95726				-393.51431	921.28412	372.39059	-675.25555	457.49240	180.82971	-334.42618	425.52066	242.22353	-726.24213	130.57745	150.47812	-257.31100	122.42600	374.68588	
285	2.840	-514.79834	1426.71643	34.26728	-506.00626	1606.99573	278.41901	-617.97095	1528.21106	187.24684	-405.64774	1489.15198	120.13441	-637.82489	1309.11877	372.82727	-328.62256	1331.10242	202.35641	-544.05469	1201.48743	172.83601	-458.38943	1375.06860	327.97699	-660.49127	974.33569	434.32254	-199.71817	1030.94189	73.74365	-706.41296	784.59882	358.24371	-210.27843	927.05182	-130.02693	-606.95630	845.92639	228.24786				-402.02142	919.61676	363.81366	-681.26764	455.90424	171.58966	-338.41827	423.74371	236.58411	-729.58398	127.95029	146.96327	-258.17410	123.68775	373.62390	
286	2.850	-519.54010	1425.36938	26.09756	-512.07983	1605.73413	270.63287	-622.46136	1526.80530	178.88136	-411.39664	1487.65796	112.63963	-645.50403	1307.68860	364.19824	-334.51422	1329.16980	195.69456	-549.74921	1200.29944	164.17397	-465.07956	1373.38721	320.38263	-668.31287	973.38281	426.55420	-204.75995	1028.94006	69.13900	-712.38617	782.96454	351.07477	-213.02318	924.63123	-134.55885	-613.81317	844.74683	218.51259				-410.27573	918.52612	357.15448	-686.92889	454.52325	162.20709	-343.20752	422.70877	230.94591	-731.25842	124.67906	144.61275	-257.70135	125.66029	371.10284	
287	2.860	-524.78564	1424.59192	18.64051	-517.82532	1604.60864	262.56369	-628.90308	1526.48352	170.14786	-416.28857	1485.82263	105.33195	-653.16052	1306.19543	355.21384	-340.54523	1327.72937	189.87253	-555.88489	1199.25330	156.03810	-472.05145	1371.82776	312.77017	-675.59888	972.08502	418.46805	-211.63367	1026.26843	64.51005	-718.17694	780.98315	343.58994	-215.52661	922.54553	-139.52110	-620.81586	843.55457	208.51076	-395.54407	849.77557	96.14720	-418.98422	917.01892	347.84769	-691.83746	452.73529	153.61977	-349.43954	420.96347	224.80890	-733.61163	122.84052	138.76343	-258.97498	127.46317	370.06937	
288	2.870	-529.72192	1423.23047	11.10016	-523.28455	1603.38745	254.63957	-634.85547	1526.25525	161.09250	-421.76489	1484.43982	97.64394	-660.71954	1305.41272	345.71466	-346.40433	1326.36780	183.80600	-561.75507	1198.53235	147.50812	-479.97089	1371.52271	305.63672	-683.06891	971.16754	409.59488	-216.99899	1023.91724	60.11421	-724.36292	779.68262	335.77686	-218.00285	920.44171	-143.43282	-628.42792	842.84387	198.67192	-402.18585	849.80975	85.20059	-426.97363	915.95020	340.51004	-697.41589	450.97495	143.67400	-355.11020	419.63293	218.21255	-736.00128	121.31788	133.82198	-261.30804	129.06163	368.36682	
289	2.880	-534.45508	1422.36438	2.98121	-529.67432	1602.81934	246.53651	-639.98480	1525.45398	152.82138	-427.12747	1483.64490	91.01669	-668.64917	1304.66077	336.74365	-352.28220	1324.57642	177.66504	-568.23920	1197.97290	139.31729	-487.32996	1370.48425	297.41586	-690.82434	970.23877	401.71130	-222.91328	1022.12213	56.02994	-729.58594	777.57959	327.77301	-220.48849	918.54370	-147.90128	-636.34875	842.50024	188.97041	-408.73361	847.16351	78.04864	-435.03726	915.14136	332.38968	-703.39722	449.70471	135.59584	-361.93561	418.05493	211.01318	-738.51160	119.54430	128.80746	-262.98325	131.76358	366.50443	
290	2.890	-539.05865	1421.68896	-4.83659	-535.03943	1602.49133	237.98483	-645.70435	1525.62195	143.60347	-432.01328	1482.29614	83.75750	-676.29858	1304.22058	327.56638	-358.18695	1324.27100	170.73853	-574.72986	1197.84839	130.53285	-495.00790	1370.21887	290.21399	-698.90735	969.68707	392.89917	-228.22430	1020.19720	52.10485	-735.63092	776.57477	319.68817	-223.24693	916.13232	-150.53030	-644.09967	842.37042	179.41594				-442.78522	914.94568	324.05222	-708.50702	449.03000	129.14191	-369.26996	416.40891	203.48326	-741.24835	118.95097	124.27334	-265.76062	134.16194	364.47583	
291	2.900	-543.73718	1421.12122	-12.72866	-541.64154	1602.92883	229.52956	-650.96130	1526.04675	133.66388	-437.04523	1481.55261	75.80855	-684.15710	1303.93115	318.73535	-364.16623	1323.40808	164.38960	-580.41168	1197.84790	122.05457	-500.83347	1369.48706	282.82797	-706.41321	969.92084	384.07111	-233.63530	1019.10779	48.30568	-741.58881	775.73346	311.19968	-225.72408	914.21484	-153.67807	-651.89789	842.76563	170.79398				-450.28275	914.96973	315.97733	-714.57312	449.37164	121.01432	-377.35986	414.90585	194.80969	-743.30402	118.14369	122.00605	-268.77313	137.75314	362.25610	
292	2.910	-547.86218	1420.29944	-21.06135	-547.42334	1603.34985	220.98352	-656.26923	1526.61377	124.27641	-441.84454	1481.71008	68.46365	-692.04156	1304.45703	309.39548	-370.67502	1323.51416	157.93994	-587.08636	1198.19519	113.88479	-508.95413	1370.58496	274.94250	-714.91266	970.02460	375.01569	-239.15523	1017.93799	45.16359	-747.84894	775.49780	303.08740	-228.03546	912.76575	-157.16402	-659.58734	843.64496	161.06590	-430.39664	843.97015	53.98220	-456.98956	914.86444	307.24036	-720.24194	450.01376	113.95782	-385.16193	413.32950	184.58363	-745.27032	117.69376	120.07740	-272.72171	141.59972	358.50574	
293	2.920	-552.41571	1420.39575	-29.35664	-553.49011	1604.29065	211.60056	-661.63300	1527.16516	115.13621	-447.03149	1481.09155	61.90418	-699.64685	1305.21338	300.37866	-376.80942	1323.82520	150.80217	-593.16638	1198.97485	105.44077	-516.55750	1371.40063	268.63498	-723.37555	971.14667	366.51178	-245.33452	1017.04944	41.93987	-754.41974	776.03387	294.44116	-231.33067	911.52716	-160.07709	-666.69171	844.87183	151.94209	-436.72916	844.31287	48.14751	-463.70575	915.15222	298.40070	-725.68164	450.50156	106.94223	-394.40671	411.89902	172.88637	-747.45941	117.58771	118.91267	-277.54587	145.75841	354.23880	
294	2.930	-556.41278	1420.07373	-37.35317	-559.35345	1604.80688	202.50529	-667.34137	1527.46387	104.63599	-451.77795	1481.60547	53.69939	-707.19513	1306.55505	291.06870	-383.39603	1324.32043	144.23375	-598.77393	1199.94495	97.79751	-524.57013	1372.85315	260.33716	-731.57697	972.19354	356.29166	-250.58293	1017.05255	38.67361	-760.87622	776.68219	285.17447	-233.99916	910.55145	-162.21031	-673.27612	846.59625	143.36098	-443.39954	844.98004	38.65735	-469.36609	916.25293	290.45453	-730.69781	450.70627	100.46987	-404.23489	409.66864	159.99713	-749.26965	117.28561	117.53420	-282.94772	151.05063	349.43106	
295	2.940	-560.38263	1420.00598	-45.26842	-565.54797	1606.16125	193.27354	-672.00146	1529.11243	95.52048	-456.61761	1481.08398	46.26109	-714.82501	1308.01624	281.89081	-389.25217	1325.39551	137.98222	-604.95551	1200.58142	89.63170	-531.29102	1373.61707	252.17073	-739.68542	973.84521	346.63599	-256.50183	1016.76038	35.62995	-767.07697	777.42554	276.55829	-237.24512	909.80133	-164.96263	-679.84796	848.17041	135.47832	-449.73331	844.50714	33.15924	-475.04596	917.00201	281.93222	-736.10419	450.86255	96.54005	-414.14944	407.79218	146.43073	-750.60767	116.80649	116.18944	-289.73633	156.68715	343.39490	
296	2.950	-564.27460	1420.67249	-54.50767	-571.10132	1607.01501	184.38049	-676.94305	1529.68286	85.24316	-461.60172	1481.35437	38.70321	-721.93884	1309.41736	272.26886	-395.11829	1326.62048	132.42934	-610.61725	1202.03027	80.82202	-538.93445	1375.15002	244.75420	-747.94415	975.63727	337.74316	-262.24091	1017.59393	33.06283	-774.81097	779.53186	266.70667	-240.12582	908.69818	-166.59026	-685.89197	850.44049	127.05008	-455.03595	846.57172	21.01039	-482.02689	918.12921	273.35602	-741.71075	450.83972	92.78211	-424.54507	406.22635	131.76433	-752.70886	116.66544	115.41529	-296.75546	162.67447	337.01868	
297	2.960	-568.02838	1420.19897	-62.55529	-576.97211	1608.18774	175.03941	-681.97290	1530.88074	75.35542	-465.41040	1481.98157	31.46042	-729.10791	1311.24646	262.28494	-401.17578	1327.72998	126.27348	-615.76892	1203.47241	73.05347	-545.20001	1375.13843	234.42987	-756.27570	977.85913	328.21655	-267.59894	1017.64661	30.03159	-781.53772	781.15906	257.90225	-243.07568	907.93024	-168.85480	-691.80884	852.28754	119.51856				-486.49023	918.53906	265.87106	-745.87860	450.38956	90.55025	-433.81006	404.46579	115.15027	-754.26947	116.90936	114.82314	-305.21487	169.36244	328.44510	
298	2.970	-571.61829	1420.52795	-70.89720	-582.69086	1609.36035	165.91521	-687.75861	1531.57031	64.62209	-470.17282	1481.74915	24.61975	-736.29706	1313.30640	252.35550	-407.09879	1329.27124	119.68780	-621.13409	1204.80176	64.06745	-552.07416	1375.89465	226.19038	-764.21472	979.51746	318.96185	-274.38022	1018.04608	27.29740	-789.87738	783.58020	247.59494	-246.11868	906.76630	-170.27861	-697.09808	854.82904	110.53632	-465.52939	847.76501	12.70870	-491.78812	919.98834	257.94901	-749.48584	450.00790	88.21832	-443.57065	403.36642	99.03188	-755.79474	115.94106	114.15228	-313.04947	176.15460	320.19635	
299	2.980	-574.64697	1420.59155	-79.29731	-588.12482	1610.70508	156.02357	-691.15625	1532.14050	56.01715	-473.93500	1482.30872	15.65489	-742.82635	1314.67419	241.96703	-412.51477	1330.78369	113.67497	-626.14447	1206.29614	55.59404	-559.43097	1378.21667	219.09213	-772.70728	981.79199	308.91403	-279.40396	1018.81744	25.44785	-797.73846	785.49677	237.67271	-249.26836	906.10144	-172.38622	-702.03540	857.08765	103.30861	-470.47983	848.06873	5.62369	-497.06680	920.98999	251.30038	-752.89935	450.28571	86.05868	-453.42575	403.08807	83.31370	-756.52271	115.70689	113.62473	-322.20987	183.62973	311.48114	
300	2.990	-577.89331	1420.52881	-87.17012	-592.95477	1611.00488	147.16992	-695.64740	1533.09216	45.77770	-478.51068	1482.73804	7.77133	-749.71509	1316.11816	232.11726	-417.83664	1332.33386	107.49232	-630.85461	1207.10364	47.25822	-564.78961	1378.46814	210.80838	-780.81262	983.52515	299.59277	-285.40726	1019.46570	22.22507	-806.19720	788.54034	225.75475	-252.71179	905.69470	-174.59547	-707.13434	858.72711	95.20490	-474.30124	849.02557	0.45147	-503.35635	922.71680	244.70004	-755.75977	449.25723	84.43847	-462.18228	403.66742	67.36786	-757.12616	115.54257	113.52111	-330.86719	192.45641	301.63800	
301	3.000	-580.95184	1420.57300	-95.74924	-600.05957	1612.12830	136.86539	-699.94855	1533.21838	35.54292	-482.34048	1482.87524	0.84034	-756.46643	1317.87610	221.47969	-422.57849	1333.43274	100.95789	-635.10254	1208.31787	38.91729	-572.22766	1380.78259	203.42854	-788.92786	985.56897	290.29211	-290.74091	1019.55219	19.95981	-814.67474	790.06653	215.61919	-255.20703	904.69092	-175.82018	-711.84320	860.24921	87.00844	-477.79514	849.74121	-5.03871	-509.43188	923.68823	238.08009	-757.92871	448.47803	81.95349	-471.21280	404.25076	51.92088	-758.00232	115.47012	113.24088	-340.50690	200.24408	292.45395	
302	3.010	-583.78180	1420.13916	-103.97214	-603.70392	1613.08289	128.47879	-704.39246	1534.51587	24.81081	-485.78839	1483.17310	-6.73265	-762.88770	1319.15942	210.19772	-427.33759	1334.56311	95.21301	-639.16949	1209.49622	30.63882	-577.24243	1381.05017	194.82112	-797.65259	987.07153	280.38260	-294.93768	1019.41351	16.95774	-823.09283	792.47510	204.70697	-258.17276	903.55951	-177.54579	-716.19440	860.88702	79.64765	-481.78101	849.65173	-11.01748	-515.58539	924.78271	231.93311	-760.56226	448.38492	78.85244	-479.24814	405.88312	36.01679	-757.70093	115.07157	113.48037	-350.34793	208.20326	281.70517	
303	3.020	-586.51929	1419.84241	-112.69006	-609.52338	1614.24573	118.16149	-708.01941	1534.29675	15.79269	-489.71100	1483.38062	-14.23218	-768.61139	1320.17554	200.82074	-432.13382	1335.64636	89.31335	-642.58344	1210.24194	22.27828	-583.32404	1382.42700	186.95901	-806.40704	989.15002	270.91925	-298.96091	1019.25964	13.79700	-831.29132	794.34082	194.62370	-260.65262	902.61432	-179.21091	-720.19653	861.42371	71.35167	-484.33902	850.54608	-15.01562	-521.75458	925.88135	225.62602	-762.56805	448.21533	76.30412	-487.21884	407.79941	19.64427	-757.92047	114.58427	112.33044	-360.79852	215.71103	271.07568	
304	3.030	-588.83234	1419.69897	-121.24172	-613.45880	1614.92908	108.69789	-711.91821	1534.79846	5.02910	-492.94644	1483.08044	-22.02521	-774.87793	1321.45056	190.65773	-436.61307	1336.54797	83.16946	-646.31689	1211.14758	13.50058	-589.12115	1384.00964	179.14444	-814.60388	990.53418	260.06052	-304.44095	1019.09076	10.88017	-840.35773	796.22034	184.37489	-261.96210	902.28540	-181.22760	-724.07281	861.15302	64.21545	-487.80356	852.89905	-26.63967	-527.89050	927.14124	219.68755	-764.16046	447.37286	73.82390	-494.29025	410.83780	4.95935	-757.79272	114.70767	112.13785	-371.71420	221.26212	259.78265	
305	3.040	-591.37903	1418.71277	-128.62843	-618.86676	1616.30444	98.60844	-715.66498	1535.00769	-4.18342	-496.21579	1483.79309	-29.77531	-780.15540	1322.77869	180.18774	-441.09979	1337.15747	76.42226	-649.35773	1211.26062	6.12863	-596.57745	1385.43091	172.71719	-823.75012	991.75708	247.65904	-308.26566	1019.78693	8.28411	-849.03687	797.87354	173.75496	-265.65103	900.16461	-182.47878	-727.83643	861.36481	55.78703	-490.17615	851.91962	-27.48893	-533.88715	928.02032	214.01668	-765.61005	447.92123	71.02073	-501.54181	413.63354	-11.26551	-758.53851	115.38374	111.76615	-382.51251	227.79539	246.83769	
306	3.050	-593.34113	1418.06592	-136.99899	-623.00543	1616.81750	89.53371	-721.43518	1535.58862	-17.08558	-499.38950	1483.84021	-37.19815	-785.74469	1323.76709	169.71167	-444.93106	1338.06519	70.85761	-652.59924	1211.84033	-2.30024	-600.67230	1385.63293	164.75244	-833.08234	993.66626	237.69989	-311.97293	1019.68280	5.44273	-857.81769	799.83215	161.80148	-268.05310	899.05579	-183.72261	-731.55908	861.08820	48.29196	-493.21924	854.10333	-38.64581	-540.20081	929.15985	207.69717	-766.62958	447.27185	68.28947	-508.14774	417.07071	-27.31725	-758.56384	115.31150	111.63416	-393.77274	231.77505	233.82442	
307	3.060	-595.11932	1417.41138	-144.66246	-627.69464	1617.51526	78.87663	-722.62213	1535.47131	-26.03841	-503.14450	1483.41382	-45.14254	-790.63708	1324.13879	159.49245	-448.96658	1339.01111	65.15755	-655.55182	1212.24060	-10.32685	-607.02875	1386.83643	155.69296	-840.64246	994.92145	226.47849	-315.19302	1019.64520	2.70598	-866.78162	801.46619	150.70787	-270.47372	898.19403	-185.42088	-734.94440	860.80652	40.49929	-496.43045	856.73682	-43.82619	-544.35492	929.67255	202.21425	-767.55450	446.85928	66.26617	-515.12012	419.93671	-42.27299	-758.20947	115.54930	110.56776	-405.14944	235.39015	220.55820	
308	3.070	-596.89270	1416.96045	-153.62143	-632.78442	1618.44177	68.34482	-728.43274	1535.64917	-37.67649	-505.02899	1483.97461	-52.94935	-795.89587	1325.38342	150.12206	-452.69223	1339.72437	59.10984	-658.11926	1212.35449	-18.51178	-610.72852	1388.12842	145.14838	-849.12115	995.61871	215.61159	-318.85190	1020.32916	0.08406	-875.45404	803.38391	138.75598	-272.72128	896.95709	-186.67372	-738.16248	860.96722	32.03946	-497.76614	855.96918	-45.95523	-550.50787	931.62415	195.18921	-768.31451	446.43604	63.56167	-521.32880	423.08902	-57.30051	-758.22180	115.24455	109.56258	-416.09854	236.63509	206.01341	
309	3.080	-598.58972	1416.17529	-161.13179	-635.74719	1619.19897	59.88154	-730.23456	1535.61597	-47.33091	-507.89389	1484.51331	-60.09203	-800.56268	1326.07385	140.28391	-456.76132	1340.88855	52.24445	-660.95850	1212.53772	-26.32328	-617.25861	1389.34839	139.06155	-857.04480	996.90869	203.79126	-322.19019	1020.64685	-2.75174	-884.22479	804.90314	126.91225	-274.38669	895.40472	-187.50479	-742.61401	861.59027	24.10068	-501.30280	859.39496	-54.86245	-555.10608	932.40302	190.13551	-769.32568	446.13165	60.92048	-527.50470	427.27881	-72.42294	-757.81036	115.14970	108.44225	-426.70047	237.42139	189.82545	
310	3.090	-599.58295	1415.26416	-168.81825	-640.95331	1619.62146	49.45329	-731.51367	1534.82886	-56.47471	-510.84262	1483.63782	-66.77675	-805.31805	1326.74939	130.25606	-460.42242	1341.37195	46.65500	-663.67474	1213.17053	-34.55758	-621.13971	1389.92065	131.58746	-864.64185	998.15784	193.48256	-326.24979	1020.77728	-5.38520	-892.99921	806.88721	114.58019	-275.23627	894.55078	-188.94746	-745.80927	861.51227	16.34227	-503.00137	858.90594	-56.92823	-559.77118	932.83875	183.44611	-769.75201	446.16446	57.74422	-533.65070	430.28238	-85.37453	-757.65533	115.14727	108.07029	-437.49344	235.78761	173.99672	
311	3.100	-600.75562	1414.68652	-177.33871	-644.54083	1619.99976	40.13090	-734.25275	1535.03162	-67.59348	-514.41028	1482.82410	-73.55605	-809.99304	1327.79541	119.91745	-464.41168	1341.79871	40.79603	-666.54138	1213.21912	-42.56008	-626.33472	1391.04822	123.11283	-872.70325	999.73468	182.00632	-328.90588	1020.67255	-7.79702	-901.33881	808.66797	102.13969	-278.23904	892.97412	-190.46423	-748.73126	861.87177	8.51019	-506.08530	862.23047	-64.70808	-564.39832	933.82715	177.22708	-770.46014	445.39120	55.49540	-537.70868	433.43301	-100.01303	-757.46271	115.44212	106.68830	-448.13394	234.19827	157.42563	
312	3.110	-601.68317	1413.21484	-184.82776	-648.17633	1620.77563	29.60780	-736.52045	1534.43909	-77.39413	-515.26666	1483.79333	-81.42702	-814.07831	1328.19238	110.18156	-468.14636	1342.22070	35.05643	-669.17365	1213.36926	-50.51014	-630.87360	1391.56201	114.85020	-879.62170	1001.12128	170.52307	-333.04941	1020.59094	-10.06267	-909.60931	810.51306	89.16524	-280.00699	891.17834	-190.77290	-750.62714	861.53601	1.64396	-508.75778	863.51575	-71.12366	-569.13538	935.19110	171.56682	-771.10651	444.69638	52.59952	-544.86169	436.95953	-115.00586	-757.50824	115.35320	104.91225	-458.74176	231.17464	139.76006	
313	3.120	-602.82660	1412.24841	-192.65623	-653.21411	1624.15320	20.00548	-738.90717	1534.11719	-87.33148	-517.42499	1482.33057	-88.91241	-818.48840	1328.82788	100.41359	-471.66464	1342.43677	29.22584	-671.80524	1213.51929	-59.32300	-634.92462	1391.76111	106.88797	-886.95087	1002.06189	158.26759	-335.36057	1020.84204	-12.71156	-917.72321	812.38141	76.44120	-281.62180	889.34924	-191.77200	-753.59131	861.74261	-5.88249	-510.83966	863.32355	-74.28651	-572.64258	936.28979	164.88600	-771.99249	444.15784	49.62333	-550.41638	439.70151	-129.06264	-757.30164	115.19270	104.33954	-469.19647	227.60654	121.89995	
314	3.130	-603.32355	1411.95239	-200.57268	-656.60059	1623.75317	11.66778	-740.79431	1533.41150	-97.52531	-519.14935	1483.29773	-95.58717	-823.06360	1329.09595	90.60102	-475.30737	1342.79761	23.72898	-673.99127	1213.17700	-66.43291	-639.59314	1392.66870	98.67052	-893.58881	1002.61926	147.90257	-339.11133	1020.59021	-15.58677	-924.81555	813.05426	63.80058	-282.55981	888.12543	-192.99139	-757.93848	862.60181	-15.07299	-513.40265	864.66211	-79.21932	-577.08319	936.44855	157.97102	-772.40118	443.80673	46.30147	-554.37598	443.81400	-142.86090	-757.29907	114.73908	103.30035	-479.95383	222.32446	103.08187	
315	3.140	-604.16882	1410.86536	-208.24861	-659.61963	1624.52051	1.22929	-742.97650	1533.15430	-107.10798	-522.49243	1482.35205	-103.91534	-826.68805	1329.41284	80.54458	-478.68802	1343.12988	17.09671	-676.69073	1213.42786	-74.92549	-643.37817	1392.57312	90.09625	-901.14301	1003.59064	136.53432	-342.24359	1020.51105	-17.89802	-932.16180	814.62939	51.70135	-283.99557	885.57092	-193.54047				-516.06818	866.30499	-87.20184	-581.40552	937.00275	152.19601	-772.52411	443.74826	42.44800	-559.07983	446.87082	-157.19846	-756.57483	114.64682	101.82079	-489.87979	217.75868	83.96925	
316	3.150	-604.77820	1410.48779	-216.44577	-663.21277	1623.96960	-7.41007	-744.86804	1532.68115	-116.65448	-522.81909	1482.69946	-111.20200	-830.64624	1329.65027	70.16456	-481.52985	1342.75732	10.89355	-678.66266	1212.94324	-82.78274	-647.93097	1392.88501	81.52622	-906.68701	1004.00293	125.38708	-345.35675	1019.44293	-20.69521	-939.72882	816.30463	38.29001	-287.07791	882.99536	-194.65826	-762.47620	861.06281	-29.70301	-518.17957	865.13678	-88.63325	-585.81915	937.62683	145.03523	-773.34991	443.22479	39.40518	-562.36682	449.43726	-169.98724	-756.40045	114.89986	100.78276	-499.88336	211.55199	64.84009	
317	3.160	-605.22937	1409.49841	-224.12682	-665.88800	1624.02393	-16.44550	-746.61713	1532.26575	-126.74950	-525.23340	1481.98535	-118.27881	-834.39386	1329.87732	59.96822	-484.24399	1342.95862	4.41221	-681.13788	1212.65833	-90.79164	-651.52301	1392.71521	73.24344	-914.17633	1004.36133	113.61903	-347.69617	1019.28937	-23.08214	-947.16290	817.95129	25.23281	-289.48334	880.58600	-195.63475	-765.17853	860.41772	-37.23207	-520.25940	866.02203	-95.00291	-590.86414	937.08221	138.39536	-773.99939	442.52090	36.75137	-565.00928	452.89270	-184.66089	-756.35199	114.74504	100.63322	-509.55298	205.47688	43.53898	
318	3.170	-606.48065	1408.96069	-233.15193	-669.06909	1623.81030	-25.75396	-748.51331	1531.77539	-136.38170	-526.26611	1481.66931	-126.36137	-837.75146	1330.03613	49.53109	-487.51251	1342.17993	-2.31088	-683.47595	1212.24670	-98.59133	-655.35974	1392.39941	64.98720	-920.81726	1005.66266	100.92629	-351.17957	1018.29102	-26.38928	-953.29199	818.36823	12.97819	-291.58563	877.86304	-196.34224	-767.65515	859.74786	-44.99211	-522.35510	866.06641	-101.27890	-595.89948	938.35889	132.59201	-774.67603	441.92694	33.75110	-568.09552	455.71274	-195.88800	-756.16064	114.88860	99.04106	-518.82928	197.61995	22.02157	
319	3.180	-606.92621	1408.33020	-241.17415	-671.38245	1623.07214	-34.50887	-749.56909	1531.14087	-145.97670	-529.41858	1480.72876	-132.55469	-841.04919	1329.77222	39.65240	-490.72101	1342.42664	-7.79612	-685.40991	1212.16846	-108.05656	-659.20905	1392.62134	56.40602	-926.72107	1006.19434	88.89771	-354.01859	1017.11072	-28.60062	-961.47882	820.85571	-1.09993	-294.08389	875.39258	-197.72343	-770.01306	858.78827	-53.04800	-525.60925	865.54675	-109.22837	-601.30640	936.99933	124.93127	-775.36841	441.15927	30.68658	-570.71405	458.96606	-207.76411	-756.17719	114.96692	98.34296	-527.40869	190.61745	-0.02924	
320	3.190	-607.64929	1407.74890	-249.28008	-672.65692	1619.69214	-43.34229	-751.37494	1530.06848	-155.58455	-529.25128	1481.22522	-140.79057	-844.66620	1329.82898	29.30016	-493.10059	1341.71545	-15.09487	-687.36322	1211.40247	-115.93828	-662.50470	1392.10559	47.52151	-932.29114	1005.87817	78.78131	-357.21149	1016.39594	-30.92860	-967.87964	822.01202	-14.13805	-296.16510	872.18915	-197.91739	-772.31329	857.64569	-61.06188	-526.73303	867.23267	-115.93695	-604.92706	936.58734	118.71472	-776.31989	440.69025	27.80718	-571.82635	461.16446	-218.78093	-755.96484	115.32660	96.84380	-535.72150	183.47887	-23.41372	
321	3.200	-608.03796	1407.16260	-257.02161	-676.03363	1621.89893	-52.35161	-753.33270	1529.63477	-164.56064	-532.19641	1479.60718	-148.27866	-847.68323	1329.42542	18.41208	-495.85376	1340.75110	-21.99548	-688.67761	1210.35413	-124.39635	-665.41339	1391.27515	39.72297	-940.01324	1007.82037	65.29700	-360.66034	1014.87592	-33.37567	-975.47168	824.96997	-29.23360	-299.17728	869.14148	-198.40886	-774.40424	856.18079	-69.15892	-528.21228	865.96039	-120.92138	-609.93250	935.52759	111.94987	-777.16742	440.07440	24.67501	-573.60968	462.68115	-230.60258	-756.01007	115.36977	96.13351	-543.59064	175.10709	-45.67609	
322	3.210	-608.72247	1406.23779	-265.00507	-678.68518	1621.71863	-60.97123	-754.36139	1529.12524	-174.19888	-532.62195	1479.53442	-156.50107	-850.87549	1329.38977	8.07704	-498.16583	1339.77441	-27.88199	-690.42896	1209.41760	-132.77522	-668.60339	1391.28406	30.84581	-944.54144	1007.65808	53.22337	-363.63800	1013.56702	-36.13217	-981.87396	825.71698	-42.25870	-302.15088	865.67694	-199.35539	-776.40039	854.58710	-76.89810	-529.31409	865.01245	-125.90778	-613.65015	936.60071	105.51007	-777.82605	439.50345	20.74403	-574.93872	464.53958	-240.61438	-756.06628	115.37990	95.54042	-551.67914	167.77364	-70.78044	
323	3.220	-609.52429	1405.38757	-273.78485	-680.92102	1620.63049	-70.47169	-755.67328	1527.77588	-183.10719	-535.34930	1478.47754	-163.76349	-853.42743	1328.71021	-2.30019	-500.86719	1338.65820	-34.44027	-691.84796	1208.69299	-141.65340	-671.49097	1390.27026	22.41710	-951.25073	1008.42383	39.25717	-366.83679	1012.73303	-39.63812	-987.14594	825.71826	-54.58037	-304.94046	862.14215	-200.21196	-778.28741	853.01385	-84.70850	-531.33972	865.28143	-133.33778	-617.38220	935.79993	97.02120	-778.31720	439.20020	16.81698	-576.59363	465.83832	-250.42255	-756.23389	115.50296	94.43751	-558.46527	159.81531	-94.73946	
324	3.230	-609.78461	1404.27185	-281.42999	-683.01996	1619.64124	-78.51428	-757.03387	1527.13293	-192.75536	-534.85626	1478.54565	-171.14633	-856.28540	1328.22632	-13.44005	-503.53384	1337.91394	-42.07390	-693.62653	1207.79639	-150.48750	-675.08038	1389.86816	13.20559	-956.78052	1008.94684	26.36576	-370.76938	1010.86407	-42.43955	-992.69025	825.87457	-67.79384	-308.24579	858.04205	-200.81725	-780.10156	851.43280	-92.62511	-532.67212	863.43054	-139.01183	-620.85071	934.70959	90.63837	-779.23090	438.48398	13.44752	-577.48962	465.94800	-258.96698	-756.65594	115.86646	93.71525	-564.55292	152.31056	-119.90833	
325	3.240	-610.00995	1402.96655	-289.42966	-685.14154	1618.65759	-88.05648	-758.60657	1526.05725	-202.21336	-536.91638	1477.14111	-179.72583	-858.86389	1327.66479	-24.00419	-505.43292	1337.02881	-48.43346	-694.69006	1206.37817	-158.68671	-677.57178	1388.95508	5.32115	-961.67926	1008.88666	13.70564	-374.85654	1008.65778	-45.25872	-997.21747	826.26373	-80.78263	-311.22086	854.34827	-201.07567	-781.68964	849.89124	-100.58144	-533.84863	862.71924	-144.82672	-624.67529	933.69989	83.08038	-779.81470	437.90137	10.24824	-576.46893	465.36673	-266.79016	-756.81201	115.77673	92.80100	-571.21790	144.80768	-145.27641	
326	3.250	-610.72247	1401.99878	-297.48157	-687.01697	1617.97595	-96.94018	-758.22668	1524.67896	-211.86487	-538.88306	1475.62268	-186.70482	-861.29480	1326.83228	-34.83167	-508.03613	1335.60474	-56.33556	-695.92206	1205.10437	-167.66939	-680.13617	1387.93091	-3.11749	-966.10663	1008.35742	2.50541	-378.89297	1007.21387	-48.59473	-1003.03662	827.50995	-95.45303	-314.54434	850.02985	-201.69080	-783.45648	848.68927	-109.19535	-536.09650	863.48651	-155.11696	-627.52563	934.44427	76.83803	-780.42706	437.58987	6.15961	-579.12555	465.42993	-274.53293	-756.83801	115.91042	92.48128	-576.14575	138.27196	-171.05920	
327	3.260	-610.79565	1400.93188	-306.29877	-688.69495	1616.94385	-106.05320	-760.22870	1523.62598	-221.10339	-539.63220	1474.66663	-194.44475	-863.66699	1326.30859	-45.06678	-510.06674	1334.50623	-63.19519	-697.05060	1203.70325	-175.75525	-682.94940	1387.01501	-12.18702	-970.35675	1007.76526	-9.85036	-382.55231	1005.55518	-52.83627	-1008.80310	829.22260	-110.15107	-318.24515	845.95166	-202.83000	-785.06604	847.35114	-117.79720	-537.49323	862.71014	-161.57094	-631.08319	933.41699	67.92406	-781.11340	437.25250	2.76461	-577.81158	464.53937	-280.35132	-756.58130	116.66515	91.41297	-581.32385	131.83194	-197.10303	
328	3.270	-611.19049	1400.09399	-314.89282	-690.73804	1615.71936	-114.75355	-761.54614	1522.64258	-230.41087	-539.59900	1474.29858	-202.64392	-866.06989	1325.32410	-55.71188	-512.01776	1332.71887	-70.46317	-698.31793	1202.33167	-185.00632	-684.82788	1385.75244	-21.18508	-973.23053	1007.20123	-24.00246	-386.58322	1003.52570	-55.98219	-1012.87964	829.53436	-123.92479	-321.76093	841.42236	-203.26775	-786.70074	846.00714	-125.45473	-538.38708	860.38745	-168.13132	-634.13782	932.83618	60.79435	-781.77911	436.10025	-0.57299	-579.21954	462.60663	-286.57971	-756.71643	116.67100	90.52098	-586.05542	126.65199	-222.66721	
329	3.280	-611.60229	1398.83923	-322.85815	-692.54767	1614.56714	-122.95296	-761.42029	1520.96057	-239.39810	-540.95581	1474.09912	-210.75722	-867.37195	1324.29333	-65.97985	-513.48297	1331.53662	-78.64885	-699.15198	1201.20288	-193.40938	-687.47089	1384.56030	-30.14490	-978.30090	1007.53058	-36.98440	-390.32004	1001.58258	-59.38616	-1016.07813	828.83795	-136.69896	-325.59241	836.75153	-204.17937	-788.34283	845.05408	-135.02698	-539.86450	859.50366	-176.66983	-636.71710	931.83630	51.57140	-782.32910	434.85553	-3.71660	-578.48907	460.40628	-291.55896	-756.96753	117.51765	89.47974	-590.67859	121.60683	-248.52037	
330	3.290	-612.04633	1398.22437	-331.58359	-694.46796	1613.18469	-132.01762	-762.38538	1519.67065	-248.44408	-543.67023	1472.28101	-218.92148	-869.20978	1323.38159	-76.51572	-515.58319	1330.23376	-87.11300	-700.22540	1199.43799	-202.47032	-688.77875	1383.56726	-38.69130	-982.02545	1007.17493	-50.06755	-394.02365	999.43640	-63.07578	-1020.03088	829.72791	-151.79457	-329.37079	832.22900	-205.12682	-789.98969	843.64301	-143.24147	-540.82349	858.28741	-182.64267	-638.95941	930.50909	43.12198	-782.79767	434.81662	-8.13933	-577.85498	457.66095	-295.80063	-757.01813	117.85667	88.74958	-594.32825	118.20039	-274.44577	
331	3.300	-612.31403	1397.58276	-340.33109	-695.51227	1609.07825	-140.08336	-764.81140	1518.96619	-257.92343	-543.79260	1471.64355	-226.45027	-870.82428	1322.25879	-86.46484	-516.62524	1328.60718	-94.40530	-701.34375	1197.82776	-211.49693	-690.94427	1382.38318	-47.62006	-984.00806	1005.66803	-62.56351	-397.24228	997.47821	-66.94984	-1023.08752	830.56323	-166.11554	-333.65149	827.76587	-205.98499	-791.68182	842.52655	-151.88469	-542.64343	856.72430	-191.50203	-641.55591	929.79596	34.71784	-783.22858	435.13995	-15.23249	-577.98553	453.75668	-300.19931	-757.50409	118.62299	87.42546	-597.33923	115.97256	-298.76202	
332	3.310	-612.73328	1396.71960	-349.20184	-697.60724	1609.94727	-148.10760	-764.21307	1517.36096	-265.78113	-545.00299	1470.58350	-235.65474	-872.24207	1321.36255	-97.23617	-518.34552	1326.78748	-101.65067	-702.24640	1197.01294	-220.78053	-692.65936	1380.56177	-56.52562	-987.72833	1005.58618	-74.95005	-402.15228	996.16736	-71.28610	-1026.09265	830.18091	-180.17879	-338.03516	823.32788	-207.18285	-793.18732	841.51453	-161.36081	-545.31842	855.98242	-203.17935	-643.25891	929.16083	28.34622	-783.50317	435.32117	-18.03573	-578.84991	450.78864	-303.37570	-757.56403	119.01446	87.07941	-600.16937	114.27459	-322.14148	
333	3.320	-613.20990	1396.61829	-358.40826	-696.36462	1605.09058	-155.54025	-765.18726	1516.00769	-274.81317	-544.73059	1470.46814	-244.22308	-873.39307	1319.94189	-106.84982	-519.56183	1325.36902	-110.54707	-702.94769	1195.21082	-230.21118	-694.50781	1378.90869	-65.88931	-990.34174	1004.97504	-87.65580	-405.35455	993.98932	-75.03112	-1027.93408	830.46802	-194.06299	-342.14621	818.31598	-208.37520	-794.96313	840.13324	-170.59721	-545.98083	854.04956	-210.98187	-645.20880	926.86401	18.78654	-785.18909	433.52884	-17.62806	-579.73846	447.16965	-306.91846	-757.65747	119.74300	85.58550	-602.34735	114.86076	-344.13998	
334	3.330	-613.87573	1396.21790	-367.13513	-699.99878	1606.67188	-164.40739	-766.11768	1514.80566	-283.62167	-545.66406	1469.81433	-252.93059	-874.80023	1318.57434	-116.87357	-520.78705	1323.42920	-117.77211	-703.52161	1193.73047	-238.93306	-695.99200	1377.20044	-74.83524	-992.50726	1004.15845	-100.69301	-409.57574	991.45276	-79.75444	-1029.46094	828.46570	-206.74323	-346.95380	813.81818	-210.18054	-796.64874	838.46558	-179.32787	-546.82782	852.27509	-219.43126	-647.18823	925.37244	8.72778	-785.28503	434.02411	-24.80902	-578.09845	444.24286	-313.03894	-757.78137	120.67541	84.11849	-604.56421	115.40898	-364.65567	
335	3.340	-614.09064	1396.11182	-376.26370	-701.45135	1604.86108	-172.33383	-766.91571	1513.60266	-291.72891	-546.17120	1468.59094	-261.18768	-875.42731	1316.76697	-126.67048	-521.59540	1321.96057	-126.29959	-704.40485	1192.32544	-248.09958	-696.77747	1375.31372	-83.59531	-994.21509	1002.66864	-112.10662	-413.27356	989.38092	-84.74810	-1030.03662	827.37201	-219.42664	-351.78732	808.85822	-211.73912	-798.18640	837.31232	-189.41585	-548.01514	850.40533	-228.22849	-649.83795	923.55914	-0.51461	-786.19019	433.65274	-29.92874	-578.94995	442.39774	-317.85355	-758.36499	121.55739	82.97614	-606.73309	115.62679	-384.69540	
336	3.350	-614.87689	1395.08325	-385.22925	-702.89984	1603.30383	-180.21597	-767.79022	1512.44189	-300.56088	-546.66754	1467.40955	-268.97913	-876.80859	1315.75549	-136.70125	-522.64185	1319.84680	-134.51926	-705.00195	1190.99268	-257.41440	-697.24347	1373.50513	-92.88667	-995.17834	1000.92694	-124.59952	-417.01648	987.11969	-89.74940	-1032.90198	829.03351	-234.90823	-356.04785	804.10919	-213.17754	-799.89709	835.37054	-197.88031	-550.00964	847.50629	-236.79854	-651.29413	921.43542	-9.69242	-787.08325	433.19626	-34.66318	-579.09216	440.19876	-323.85333	-758.21509	122.34440	82.23022	-608.55084	117.06154	-401.68661	
337	3.360	-615.39795	1395.08630	-394.44186	-703.56799	1602.01147	-188.50703	-768.48517	1511.51733	-309.13583	-549.89929	1465.03210	-277.26901	-877.27966	1314.02490	-146.98352	-523.16467	1318.08667	-142.56520	-705.63336	1189.78394	-267.59012	-699.40228	1372.00989	-101.86134	-996.85266	999.78790	-136.56940	-420.67584	985.40192	-94.97101	-1033.79395	828.62921	-249.17252	-360.38635	799.34912	-215.00778	-801.38153	833.81885	-207.76924	-551.16925	845.39758	-246.70854	-652.35974	919.76385	-19.10593	-787.61591	432.44745	-40.11272	-578.82269	438.65097	-330.65244	-758.55237	122.94345	81.33980	-610.29199	117.23432	-415.69144	
338	3.370	-615.95428	1394.62341	-403.51050	-704.14331	1600.66187	-196.09753	-769.17230	1510.57874	-316.65488	-550.11108	1464.87097	-286.40692	-877.48541	1312.00183	-156.21301	-523.90930	1315.81592	-151.63356	-706.11414	1188.10400	-277.04282	-699.08502	1369.82007	-110.87464	-997.71063	998.15631	-148.02823	-424.41092	982.66626	-100.07083	-1034.61365	828.00232	-262.63577	-364.93976	794.97485	-217.74648	-802.97058	831.83685	-217.36090	-552.39368	843.11505	-254.68719	-653.72144	918.21832	-29.36980	-788.96991	432.06573	-45.89333	-578.93384	436.95050	-338.18427	-759.62952	124.78119	79.34853	-611.39398	117.56939	-427.61090	
339	3.380	-616.12134	1394.27869	-412.00821	-705.15930	1599.29822	-203.91269	-769.82672	1509.95093	-325.89886	-549.62238	1464.00818	-295.73053	-878.54022	1310.47632	-166.14578	-524.69873	1314.31116	-160.85219	-706.57782	1186.98157	-287.25500	-699.78528	1368.14893	-120.01065	-998.84094	996.61719	-159.83627	-427.40814	980.27655	-105.51288	-1033.80701	826.07935	-274.56357	-369.64307	790.72235	-220.03941	-804.07550	830.22644	-227.80722	-553.79645	840.47742	-264.73294	-654.77502	916.47107	-38.70014	-790.18481	431.64023	-52.50739	-579.48224	434.88797	-346.16986	-760.19366	125.66747	77.32182	-611.94220	116.13167	-436.81320	
340	3.390	-617.08051	1394.59399	-421.85229	-705.70129	1597.99329	-212.52960	-770.45801	1509.29663	-333.98572	-551.05554	1462.94897	-303.45172	-878.82306	1308.99902	-176.01830	-524.78253	1312.48511	-169.63776	-706.46185	1185.62646	-297.21530	-700.61603	1366.48303	-128.81705	-998.23956	994.69318	-171.81924	-430.98038	978.60065	-112.31953	-1032.49390	825.14777	-287.35251	-374.52399	786.43500	-222.15572	-805.33954	827.84454	-237.65886	-554.62317	838.38171	-274.50107	-655.90442	914.88220	-48.17541	-791.32709	430.72839	-58.51124	-580.73718	433.52277	-354.63962	-761.07227	126.76123	76.06920	-612.24890	114.49657	-444.17807	
341	3.400	-617.76300	1395.15454	-430.91687	-706.14069	1596.47925	-219.66090	-771.01862	1508.75183	-342.56143	-550.08148	1463.26392	-312.81696	-879.23151	1307.12634	-186.20041	-525.32062	1311.18335	-178.76965	-706.86548	1184.79211	-307.72461	-700.54041	1364.36768	-137.85757	-999.71490	994.03436	-183.39052	-433.66498	977.55292	-118.07319	-1032.41223	824.47437	-300.64511	-378.90482	782.75128	-225.90187	-805.99921	825.82770	-247.48293	-555.24731	836.55646	-284.00317	-656.24109	913.34668	-58.22902	-792.83417	429.89426	-66.30957	-580.84650	432.33820	-364.90445	-761.90533	128.44971	74.80455	-612.74683	111.06239	-449.06546	
342	3.410	-618.11536	1395.24072	-440.27792	-706.69281	1595.38147	-227.78418	-771.52759	1508.32935	-350.99908	-550.19043	1463.38098	-321.76245	-879.38385	1305.36389	-196.19016	-525.53790	1309.39526	-187.48094	-706.85632	1183.64368	-317.69360	-701.84357	1363.43494	-147.84433	-998.40179	991.59753	-194.19249	-436.82047	975.99622	-123.77420	-1031.74756	823.48810	-313.14740	-383.58096	778.88550	-228.96986	-806.54773	824.02020	-257.88037	-555.30670	835.16754	-293.06671	-657.17285	912.12714	-67.95818	-793.88666	428.80020	-74.05459	-580.29810	430.75787	-373.84952	-762.91736	130.12206	71.82812	-612.83435	107.19027	-451.40167	
343	3.420	-618.87683	1395.27942	-449.75616	-706.33319	1594.02100	-235.17880	-771.92218	1508.11780	-359.07990	-552.24091	1461.75391	-330.78796	-879.92279	1303.70251	-205.74399	-525.79651	1308.46875	-196.50607	-706.78326	1182.51953	-327.51331	-701.98651	1362.29065	-157.89015	-998.86731	990.01978	-205.62741	-440.04510	974.27679	-130.21823	-1030.53271	822.71930	-325.54834	-388.03046	776.24091	-232.62657	-806.82416	822.46375	-268.95590	-555.89056	834.26788	-304.69827	-658.22931	910.29852	-79.69699	-795.41827	428.16156	-82.24037	-580.50757	429.78162	-385.21515	-764.13336	132.21448	69.54414	-613.06781	102.00774	-452.78790	
344	3.430	-619.22150	1396.14099	-459.63821	-706.74847	1592.79846	-243.02029	-772.33038	1507.70227	-367.73901	-553.08014	1461.59290	-339.63956	-879.96887	1302.83459	-217.23230	-525.92249	1306.91675	-206.26147	-705.91168	1180.89856	-337.76566	-702.33051	1360.41431	-167.30290	-998.00830	987.23096	-216.80048	-442.74030	973.43848	-137.07260	-1029.15259	822.05078	-338.50879	-391.51361	772.99066	-236.27882	-807.03040	820.85529	-280.53741	-556.50397	834.38098	-317.09109	-659.63513	908.94318	-89.53802	-796.86871	427.78168	-91.82053	-581.52887	427.92010	-394.43640	-765.20947	133.74858	66.91292	-613.36285	98.84953	-454.32217	
345	3.440	-619.74939	1396.95520	-469.44461	-706.73340	1591.62878	-249.44891	-772.64240	1507.69006	-375.97812	-553.05444	1461.58655	-348.85248	-880.07263	1301.24585	-227.72116	-525.73895	1305.91418	-215.22943	-705.27423	1180.62415	-348.23773	-702.43469	1358.65613	-176.13402	-997.95294	987.10071	-226.98026	-445.59821	972.68909	-144.48137	-1028.13745	822.36328	-351.26563	-396.17029	770.25262	-240.33467	-806.86066	819.78229	-292.30103	-554.76965	832.95288	-325.62973	-660.97418	907.48846	-100.28468	-797.86414	426.52615	-100.78432	-582.07965	425.96121	-404.65643	-766.69165	136.29042	63.55342	-614.39178	96.81295	-459.82343	
346	3.450	-620.16022	1397.90625	-479.16144	-705.81512	1588.83948	-258.94955	-772.90887	1507.69580	-384.91321	-551.31506	1461.58423	-358.67529	-880.05383	1299.68494	-237.66464	-525.55188	1305.20911	-224.30847	-704.76495	1180.12805	-358.80417	-702.23920	1358.19543	-186.19798	-995.61316	983.95953	-237.62175	-447.92578	971.57343	-150.88445	-1025.53613	820.54865	-362.40485	-400.10953	768.34137	-245.50633	-806.75690	818.29938	-303.48105	-554.56750	834.52002	-336.91721	-661.62238	906.24628	-111.21089	-799.21545	425.85532	-110.64085	-583.12445	424.42133	-413.06680	-767.99164	139.05475	59.99659	-616.04645	96.77848	-467.34494	
347	3.460	-620.77362	1398.67017	-489.17142	-704.57208	1588.29297	-266.02097	-773.12531	1507.97949	-393.66620	-553.88757	1461.12695	-368.11377	-879.82117	1299.03882	-248.84457	-525.62439	1304.74109	-234.07790	-703.48523	1179.81055	-368.69827	-702.29651	1357.51086	-195.99500	-995.35083	983.94995	-248.92896	-449.92648	971.32581	-159.02081	-1023.28644	819.82635	-373.89203	-403.84201	766.43567	-250.62100	-806.35046	817.69800	-315.48489	-553.53699	833.04730	-348.15482	-662.21600	905.98615	-121.71924	-800.24176	425.35956	-121.38190	-583.46149	423.52402	-422.27301	-768.74524	141.39731	56.30807	-616.50409	95.60394	-471.98349	
348	3.470	-620.96967	1400.03040	-499.11948	-704.45483	1587.21118	-274.55438	-773.24323	1508.58350	-402.74576	-553.38782	1461.21716	-378.62109	-880.18854	1297.98975	-259.42609	-525.67365	1304.54663	-243.56230	-703.12622	1180.17676	-379.90521	-702.21075	1357.15076	-206.31467	-992.91290	981.65521	-258.38388	-452.24414	971.43292	-166.98026	-1020.42822	819.01514	-385.03259	-407.75757	765.07727	-256.05814	-806.06335	816.94153	-327.75223	-552.89771	833.42157	-358.47012	-663.74927	904.35468	-134.69318	-801.46490	424.77319	-132.53441	-583.92792	424.64893	-431.44568	-769.84015	144.46748	51.87339	-616.84906	93.45537	-476.21063	
349	3.480	-621.01605	1400.89319	-508.29834	-705.74585	1588.40881	-284.19940	-773.41577	1508.87073	-411.49484	-553.61847	1463.48779	-387.46820	-879.91614	1297.82605	-270.30524	-525.41412	1304.69482	-252.78951	-701.99384	1180.29077	-389.92981	-702.74597	1357.16626	-215.68459	-992.01306	981.04669	-268.86349	-454.93582	971.15527	-174.03041	-1017.73669	818.75525	-396.59906	-410.86771	763.89130	-261.91110	-805.51788	816.75769	-340.35916	-554.05469	835.37012	-373.18570	-664.35913	903.47455	-145.44460	-802.60114	424.35776	-145.20178	-585.26953	425.53595	-440.29755	-771.32715	148.10997	46.70180	-618.01465	91.83398	-480.96027	
350	3.490	-620.88220	1402.05554	-518.36340	-704.44360	1588.00989	-291.75580	-773.40002	1509.77832	-420.74606	-553.70972	1463.28210	-397.09915	-880.06598	1297.53442	-280.25400	-525.03149	1304.75366	-262.11859	-701.02789	1180.98425	-401.07208	-702.00293	1356.97974	-225.61259	-989.98438	980.61627	-279.71225	-456.16611	971.03143	-182.21396	-1014.48944	817.45428	-407.17969	-413.53168	762.98651	-268.67996	-804.90857	816.81757	-353.19168	-552.79248	836.39764	-383.12714	-664.85406	903.37384	-156.82491	-803.95856	423.32001	-157.38971	-587.98010	426.40738	-450.97964	-772.66821	152.02995	40.01675	-618.23566	91.43403	-484.84610	
351	3.500	-620.84857	1403.50232	-528.13135	-703.87933	1587.90332	-301.18369	-773.46808	1510.70972	-429.86417	-553.01984	1463.92810	-407.90622	-879.65540	1297.53284	-290.74426	-524.68530	1305.36462	-271.18640	-700.07690	1182.17493	-411.31406	-702.36768	1357.29431	-235.22675	-987.09625	978.69141	-289.94611	-457.12976	972.65619	-191.05669	-1011.04083	816.42041	-417.46341	-416.61667	762.51660	-276.32809	-804.38373	817.10333	-365.98560	-552.30389	836.87054	-395.91470	-665.84741	903.68842	-170.00404	-805.89551	423.19302	-172.76947	-588.48492	426.78467	-462.75452	-774.22760	156.23155	33.25779	-618.23932	90.63216	-488.53113	
352	3.510	-621.12457	1405.40051	-538.27417	-704.81073	1589.45264	-310.36359	-773.52539	1511.75830	-439.49591	-551.66547	1466.80298	-417.32034	-879.66443	1297.65503	-301.24496	-524.43073	1306.27393	-280.07532	-698.96844	1183.49817	-422.01788	-702.76862	1358.54370	-245.50134	-983.93640	977.88354	-299.78796	-458.38138	972.79718	-200.43004	-1007.69360	816.46045	-427.64304	-419.12161	763.21588	-283.95038	-803.63513	817.84058	-378.37003	-550.98553	837.72406	-405.90829	-666.02679	903.41760	-181.18752	-807.82758	421.99576	-186.83710	-589.18365	425.66895	-472.93796	-775.46393	161.05214	24.77941	-618.46881	90.37782	-492.66830	
353	3.520	-621.00806	1407.19556	-548.34528	-703.88184	1590.30151	-319.79816	-773.46399	1513.06104	-449.08359	-553.17700	1466.73779	-426.50745	-879.18109	1298.59070	-311.54211	-524.03326	1307.14758	-289.74457	-698.12067	1185.45337	-433.23514	-702.64191	1358.69946	-255.40491	-981.98260	978.47314	-310.39255	-459.12643	974.01373	-209.31169	-1003.19659	814.83783	-437.63983	-420.98187	763.74982	-293.03128	-802.90710	818.79596	-391.68558	-550.83813	840.19885	-418.60907	-666.04919	904.95288	-191.99623	-810.50708	421.01227	-203.39668	-589.15900	424.53073	-482.37589	-777.44904	165.47955	16.28486	-618.93268	89.74690	-495.45258	
354	3.530	-620.93158	1408.48584	-557.49323	-704.75830	1591.57349	-328.65900	-773.45056	1514.27136	-457.76901	-553.13684	1468.46460	-435.71335	-878.58820	1299.27954	-321.53650	-523.66980	1308.55603	-298.69955	-697.09448	1187.66479	-443.37396	-702.37299	1359.68481	-265.60529	-978.63171	977.57440	-319.81363	-460.03067	975.04449	-218.58594	-999.11804	814.51416	-447.47504	-422.28217	765.03955	-301.83829	-801.89972	820.09290	-404.10620	-549.77423	840.30609	-428.30441	-666.97980	904.94843	-205.56123	-813.68970	419.86423	-220.44899	-589.00519	425.00528	-489.19733	-779.12311	170.07326	5.87135	-619.40247	89.19640	-497.79584	
355	3.540	-621.32965	1411.14209	-567.99994	-702.94965	1592.16064	-338.05585	-773.40167	1515.66101	-467.26013	-551.52301	1471.86438	-446.15552	-878.63959	1300.75549	-332.20972	-523.45288	1309.79565	-307.50449	-695.85675	1189.24036	-453.68964	-702.53247	1361.11829	-274.93787	-975.25159	977.60132	-330.10916	-460.09555	976.64642	-228.32571	-994.82489	813.81610	-457.67407	-423.88791	765.74249	-311.00223	-801.01190	821.37244	-416.25644				-667.21234	906.60742	-216.31425	-817.03827	418.51785	-238.57753	-588.71313	425.35074	-496.13412	-780.92401	174.22658	-4.82822	-619.52148	89.28651	-500.08450	
356	3.550	-621.40173	1413.34656	-577.74060	-704.55585	1593.81860	-347.37521	-773.37622	1517.02771	-476.27866	-551.26318	1473.75562	-456.49167	-878.22418	1301.98254	-342.21613	-522.99811	1312.00220	-317.59189	-694.81763	1190.95911	-463.93414	-702.05219	1361.82715	-284.81702	-972.05786	978.25378	-340.43283	-460.11658	978.30914	-238.40385	-990.14880	813.29523	-466.90457	-424.15070	767.40283	-321.17303	-800.17053	822.26770	-428.07904				-667.97125	907.98456	-227.02205	-821.05768	417.28720	-257.56393	-588.06610	425.20926	-500.74783	-781.38373	179.73073	-16.03003	-619.20386	88.61713	-501.95038	
357	3.560	-621.48663	1415.32068	-587.56702	-703.79749	1594.63501	-356.13498	-773.44830	1518.34412	-484.79837	-551.19586	1475.30481	-465.53024	-877.67517	1303.34167	-352.95206	-522.70239	1313.24963	-326.32758	-693.67749	1193.40186	-473.78247	-700.87341	1362.69299	-294.15564	-969.35626	978.61377	-350.99109	-460.67020	979.66443	-248.21132	-985.65302	812.50104	-475.71512	-424.24847	769.20081	-332.35382	-799.16516	823.58502	-439.48911	-548.78534	846.90338	-460.23419	-667.98102	909.23450	-238.28990	-823.98474	414.69119	-276.87442	-586.45667	425.93628	-506.23740	-782.58704	184.29764	-29.71579	-619.04352	88.84934	-502.29446	
358	3.570	-621.73816	1417.06653	-596.86005	-703.92676	1596.97168	-365.62607	-773.46344	1519.89282	-493.93124	-551.11658	1476.72620	-475.24231	-876.98157	1304.62341	-362.64291	-522.31458	1314.76318	-336.21860	-693.10583	1194.91931	-483.87518	-701.15271	1364.43372	-304.34744	-967.22064	979.62909	-361.17792	-460.13846	981.28687	-257.48337	-980.91132	811.71655	-484.52084	-424.36008	770.19122	-342.22870	-798.15930	824.76605	-450.21182	-548.02020	847.97668	-469.83783	-668.39148	910.13666	-248.28535	-826.59222	413.48355	-298.02991	-585.19617	425.62558	-511.50522	-783.71564	189.95508	-44.56507	-618.76544	88.53927	-502.88586	
359	3.580	-621.74774	1419.56006	-606.46997	-703.64203	1597.16394	-373.43665	-773.49414	1521.28735	-502.40332	-551.23187	1479.13110	-484.25751	-876.92230	1306.47180	-373.14630	-522.02716	1316.11084	-345.29211	-692.48846	1197.24280	-494.28433	-700.49622	1364.98987	-313.67889	-962.77679	979.16663	-371.41559	-459.60074	983.02594	-267.97040	-976.18530	810.78259	-493.62576	-423.09076	772.25574	-354.24847	-797.25043	826.33600	-462.17380				-669.49963	911.43201	-258.06900	-828.33124	411.55945	-319.18216	-583.81671	425.15811	-516.65698	-785.16602	195.53705	-59.70575	-618.91455	88.40821	-503.18835	
360	3.590	-621.87079	1421.75220	-616.20471	-702.93658	1598.68396	-381.85605	-773.52161	1522.67297	-511.16855	-550.68933	1480.96814	-494.79031	-876.45374	1307.28394	-382.65381	-522.11163	1317.15564	-355.09695	-691.61127	1198.28418	-504.15231	-701.45343	1366.63513	-323.93448	-960.23914	979.92279	-381.99725	-458.98068	983.72784	-278.01614	-971.74298	810.03839	-502.33862	-422.26801	774.17224	-366.50677	-796.61005	826.94226	-472.05621	-546.32434	850.22791	-488.97617	-669.66058	911.90295	-268.38483	-830.08966	409.31989	-340.69818	-581.43744	424.27338	-521.13458	-787.65826	201.86278	-76.88180	-618.70526	88.35583	-503.22321	
361	3.600	-622.02069	1423.60608	-625.25409	-704.04486	1599.41821	-391.42456	-773.62213	1523.98633	-520.02832	-551.96564	1482.44995	-503.27115	-876.11096	1308.41382	-392.54691	-521.61450	1318.47656	-365.09076	-691.21191	1199.74304	-514.32446	-699.37488	1367.16223	-332.31317	-956.84772	979.96838	-391.44394	-457.94482	984.23022	-289.68509	-966.72736	808.98499	-511.02951	-421.54340	774.92377	-379.15921	-796.41840	827.41266	-483.33597	-545.01910	850.76563	-500.77197	-670.74646	912.68817	-278.34717	-831.32452	408.04062	-362.82620	-581.04797	423.36096	-524.89703	-789.01025	206.86382	-94.87125	-618.39514	88.63879	-504.03387	
362	3.610	-621.97351	1425.75171	-634.22345	-702.85034	1600.30261	-398.94400				-550.83624	1483.97058	-512.76166	-875.78491	1309.60291	-402.36984	-521.22235	1319.10364	-373.90976	-690.66895	1200.83789	-523.44373	-699.45331	1367.62061	-341.69571	-952.93018	979.31403	-400.81497	-456.11392	985.37354	-299.95749	-961.65808	807.69568	-519.36981	-419.54138	776.54822	-391.47275	-795.94104	827.97266	-493.02982				-670.83838	912.47333	-288.02322	-831.85040	407.21393	-385.39227	-580.06488	423.11261	-528.57739	-789.85321	211.83044	-112.30824	-618.39844	88.54734	-504.48059	
363	3.620	-621.96661	1428.02173	-644.45184	-701.86951	1600.27429	-406.90607	-773.69781	1526.64856	-537.10693	-550.49890	1485.97925	-521.50366	-875.66681	1310.56628	-411.98868	-521.12170	1320.08313	-383.34543	-690.42267	1201.89319	-533.00385	-698.78461	1368.61511	-350.95691	-950.17908	979.71442	-411.10147	-454.79999	985.33661	-311.88870	-957.00671	806.51038	-528.06183	-418.75537	778.30011	-404.46619	-795.57263	828.69318	-503.61542	-543.71808	851.29462	-519.02509	-672.19208	913.44849	-297.98022	-832.76044	407.22510	-408.02100	-579.84906	422.95422	-532.42139	-791.21875	217.21356	-132.36769	-618.07196	88.89941	-505.12598	
364	3.630	-622.01141	1429.84912	-653.36993	-703.47028	1601.66504	-416.12057	-773.72729	1527.82800	-545.59351	-550.63879	1486.84473	-531.55884	-875.70239	1311.39478	-421.75934	-520.84912	1321.03406	-393.17645	-690.18658	1202.53833	-542.38361	-699.06073	1369.99902	-359.99634	-947.78375	980.21887	-421.38199	-452.92554	986.10071	-322.87454	-952.07074	805.46680	-536.39478	-416.93137	779.38947	-418.04584	-795.33313	829.15765	-513.71649				-672.43091	914.39709	-306.23386	-833.94226	407.13873	-430.57196	-579.82434	422.34256	-536.31927	-791.88342	222.07683	-151.94498	-618.39441	88.77196	-505.45020	
365	3.640	-622.05219	1431.66907	-662.25391	-703.46979	1602.39209	-424.20282	-773.77252	1528.86206	-554.13269	-552.38019	1487.97046	-540.17554	-875.68304	1312.33826	-431.81671	-520.67047	1321.95642	-402.59988	-690.48358	1203.57336	-551.69714	-698.61456	1370.13013	-368.80685	-944.61536	979.71863	-431.48383	-450.41776	985.90771	-335.34711	-947.16077	804.50958	-545.05328	-415.25882	780.76898	-433.16541	-795.03058	830.12549	-523.96057	-542.12396	850.59680	-534.26880	-673.37726	914.37091	-315.07486	-833.77106	408.32611	-453.75830	-579.75867	422.05264	-540.38446	-792.55280	226.03241	-172.64552	-618.45703	88.64918	-506.12646	
366	3.650	-622.20624	1433.27332	-671.54858	-704.21674	1603.46033	-432.55295	-773.85822	1529.66309	-562.48444	-550.70740	1489.72290	-549.73480	-875.59314	1312.19666	-440.02823	-520.33942	1322.12207	-411.63837	-690.70227	1203.70483	-560.81433	-698.48773	1371.31677	-378.11761	-942.08069	979.45380	-441.14999	-447.41666	986.66504	-349.09906	-942.37805	802.93073	-553.66016	-413.83316	782.29340	-447.03424	-795.44202	830.70544	-535.76184	-541.95526	850.52301	-538.98199	-674.70685	913.89813	-324.94580	-833.73199	408.79733	-475.93643	-579.97900	421.80881	-544.17169	-793.26318	229.40457	-191.92812	-618.74548	88.38512	-506.89859	
367	3.660	-622.25867	1435.00793	-681.02441	-703.28271	1602.80872	-440.29056	-773.85406	1530.64136	-571.05688	-550.94092	1490.96533	-557.73328	-875.59814	1313.08362	-449.73575	-520.25250	1323.16418	-421.20294	-690.92041	1204.04163	-569.80438	-698.76978	1371.49219	-387.11884	-939.96240	979.82886	-450.96283	-445.94470	986.41711	-359.52618	-937.76416	802.23785	-561.90302	-411.68097	783.67944	-462.47281	-795.45825	832.15747	-545.63574				-674.30316	915.13647	-331.49139	-833.97565	409.78317	-497.59924	-579.42419	421.79138	-548.84406	-793.90137	233.13820	-213.20752	-619.16034	88.45779	-508.04269	
368	3.670	-622.42261	1436.32031	-689.68896	-702.08441	1603.05029	-448.16882	-773.96533	1531.45508	-579.47571	-550.66400	1491.70959	-567.12231	-876.02087	1313.68286	-459.29520	-520.56323	1323.89478	-430.51077	-690.87115	1203.96399	-578.59698	-698.04358	1372.25537	-396.70831	-938.08923	978.76703	-461.00443	-443.09381	986.63104	-372.76105	-933.18018	802.05206	-570.93079	-409.04901	785.79523	-477.48602	-794.35931	832.63971	-554.62128				-674.67883	916.00879	-340.23920	-833.18103	410.79523	-519.31372	-579.48694	421.66537	-553.15424	-793.00647	234.44926	-234.83380	-619.07990	88.49122	-508.44485	
369	3.680	-622.55505	1437.31116	-698.17346	-702.62494	1604.15454	-456.05243	-775.69177	1532.53125	-587.63055	-550.60419	1492.26575	-570.33527	-875.97089	1313.67834	-468.24646	-519.72955	1324.44446	-440.05847	-691.53284	1204.61670	-587.33124	-698.79767	1373.47803	-405.43091	-936.17529	979.22754	-469.80948	-440.47137	986.86957	-385.80807	-928.73859	801.14716	-579.39447	-406.95047	787.46918	-492.50067	-793.67804	833.76526	-563.72668				-675.37653	917.14343	-348.07245	-832.24658	413.01212	-541.30829	-579.43762	421.69080	-555.44586	-794.31958	234.76237	-257.58533	-619.48743	88.44337	-509.11472	
370	3.690	-622.67712	1438.35693	-706.67999				-774.05743	1532.98120	-596.07013				-876.03302	1313.91956	-476.56500	-519.92059	1324.62537	-449.12454	-691.64825	1205.17920	-596.19189	-698.34839	1372.90942	-413.34412	-933.18225	978.68018	-479.56180	-438.79794	986.96161	-396.62604	-924.41663	800.36969	-587.52710	-405.53650	788.93665	-507.49414	-792.81323	834.91998	-573.05212	-538.89661	851.41919	-571.88702	-676.58533	917.58392	-357.24628	-831.01410	415.46100	-561.76392	-579.86945	421.03702	-559.51868	-795.38538	235.70303	-280.19662	-619.70111	88.31557	-509.45044	
371	3.700	-622.69312	1439.43542	-715.50073	-550.31183	1493.74255	-588.02856	-774.07703	1533.53455	-604.20807				-876.23669	1314.29102	-485.71362	-520.15607	1325.28430	-456.29434	-691.77344	1205.21497	-604.77783	-698.13110	1373.71497	-422.65198	-931.84100	978.63538	-487.80408	-436.41510	986.37445	-409.35071	-920.10724	800.08502	-596.39160	-403.70197	791.10114	-523.31433	-792.26459	836.83112	-582.15472	-538.49597	853.27386	-579.75427	-677.99750	918.13385	-364.73816	-829.60028	418.45520	-583.25281	-579.43073	421.16525	-563.82788	-797.43341	230.11278	-314.85126	-619.96985	88.74355	-510.32086	
372	3.710	-622.53339	1440.84778	-724.91583				-775.53577	1534.26331	-612.37476				-876.56171	1314.44543	-494.79645	-520.16101	1326.04895	-464.81357	-691.83594	1205.41357	-612.96796	-698.72949	1374.70398	-431.13428	-929.02686	977.61475	-496.53445	-433.46454	987.61346	-421.83890	-916.15179	799.47491	-604.41632	-401.47644	793.36621	-539.61023	-790.77740	837.87482	-590.79327	-537.75146	852.47266	-584.61139	-678.39813	918.78229	-372.59879	-829.81989	422.24130	-603.31378	-579.36829	420.72049	-566.47668	-796.03247	226.99019	-338.10443	-619.81610	88.65804	-511.22305	
373	3.720	-622.72723	1441.13660	-732.79254	-550.22491	1494.61316	-603.76587	-774.06689	1534.80090	-620.92999				-876.58252	1314.79883	-503.98376	-520.30341	1326.75073	-473.49008	-691.65479	1206.10706	-621.69720	-698.52094	1374.95557	-439.57504	-927.41547	977.39099	-505.19745	-433.36847	987.38342	-433.54538	-912.20404	799.84473	-613.74829	-399.83694	796.68408	-555.74530	-789.36865	839.06512	-600.02008				-680.34753	919.20496	-381.20697	-827.76892	425.24152	-622.52393	-579.63495	420.13217	-570.03680	-797.25409	223.63728	-361.65399	-619.99573	89.09852	-511.92282	
374	3.730	-622.66632	1441.80542	-741.35028				-774.00946	1535.45398	-629.59778				-876.34119	1314.86340	-512.57605	-520.35150	1327.29944	-482.05301	-691.44952	1206.33655	-629.79224	-699.57196	1375.89392	-448.73804	-926.34912	977.77112	-513.68597	-431.01614	987.29242	-446.27643	-908.72784	799.59064	-621.59113	-397.69385	799.22095	-570.64532	-788.55701	841.13062	-608.36426				-681.91620	920.43011	-388.74689	-823.13153	427.25085	-642.82941	-579.28546	420.14383	-572.81519	-798.29315	218.32164	-389.98276	-620.16583	89.23504	-512.19104	
375	3.740	-622.65619	1442.31616	-749.54419	-550.53577	1496.11243	-622.01294	-775.30267	1535.80481	-637.30963				-877.08685	1315.26794	-520.91010	-520.64325	1328.04089	-490.04004	-691.39185	1206.30994	-638.24500	-700.04132	1375.73328	-456.59680	-925.17688	977.55414	-521.53241	-428.30838	988.76221	-458.04077	-905.76880	799.57904	-630.00391	-395.42737	802.38245	-587.41351	-787.29993	841.65936	-617.89551	-535.09656	853.30817	-604.92145	-682.76166	921.01550	-397.64130	-820.62817	430.28671	-661.45038	-579.35004	419.40289	-575.41797	-797.79114	214.88797	-411.70581	-620.21423	89.62376	-512.85480	
376	3.750	-622.69482	1442.72217	-757.98773				-774.05310	1536.07813	-645.35815				-877.71808	1315.67249	-530.10925	-521.41943	1328.08765	-497.76578	-691.08746	1206.92090	-646.61743	-700.00348	1376.13965	-465.43445	-924.05585	977.62811	-529.94104	-426.84338	988.68073	-469.57120	-903.02667	799.68896	-638.35992	-394.20825	805.52216	-602.59735	-786.33307	842.51727	-626.84338	-534.28583	853.94281	-613.42334	-684.22351	920.99182	-405.48224	-818.04218	433.41348	-679.85583	-578.94843	419.44336	-578.73431	-797.74457	209.62889	-434.63016	-620.53912	89.76411	-513.14404	
377	3.760	-622.55713	1443.44373	-766.13538				-775.46875	1536.77100	-653.84320				-877.48438	1315.81567	-538.82758	-521.15851	1329.31299	-505.77002	-690.77405	1207.08203	-654.27026	-699.42627	1375.70532	-473.56516	-922.79022	977.45044	-537.99292	-425.38690	989.58960	-480.96011	-900.86053	800.01038	-646.66138	-392.09482	808.43726	-617.79541	-785.37646	843.40771	-634.32477				-684.95288	920.79315	-413.56647	-815.03857	436.45273	-696.64349	-579.36206	418.70660	-580.93945	-798.35083	205.23738	-453.15454	-621.34760	90.33493	-514.19293	
378	3.770	-622.47260	1443.95837	-774.38348	-550.58057	1496.84485	-646.07861	-774.02106	1536.78931	-661.82635				-877.78491	1316.01343	-547.39575	-521.39636	1329.36414	-513.33643	-690.31354	1207.42505	-662.59283	-700.32526	1375.89368	-482.34018	-921.56604	977.29810	-545.14703	-423.98947	989.89050	-493.14703	-899.10999	800.46832	-655.08246	-389.81696	811.85767	-633.28900	-784.51239	843.68103	-642.70227				-686.45685	921.03723	-421.09018	-810.91058	438.36346	-712.88324	-578.80475	418.65143	-584.85767	-797.39453	198.00229	-478.55832	-621.37775	90.27517	-514.13922	
379	3.780	-622.41608	1444.39636	-782.61584				-774.07288	1536.87073	-669.90967				-877.65540	1316.25049	-556.44348	-521.91858	1330.11194	-521.89996	-689.95642	1207.36255	-670.97601	-701.11523	1376.37158	-490.38773	-921.47388	976.48273	-552.61237	-422.90723	989.94781	-503.49542	-898.00598	800.75244	-663.19403	-388.09552	815.60883	-648.55267	-783.83502	843.76892	-651.48627				-687.66339	921.36609	-429.23267				-579.21606	418.06036	-586.81879	-797.22046	191.26260	-506.21796	-621.41699	90.28069	-514.55591	
380	3.790	-622.43524	1444.30457	-790.34912				-774.05646	1537.09155	-677.96497				-878.42743	1316.30457	-565.56561	-521.99780	1330.05762	-529.15521	-689.54480	1207.32007	-678.36353	-701.32330	1375.93396	-498.91452	-921.40234	977.77979	-560.59363	-421.28757	991.12079	-515.08026	-897.40717	800.97565	-671.49384	-386.53680	819.49213	-663.87079	-783.04919	844.31714	-660.38666				-688.63190	920.48535	-437.71902	-805.46906	444.39334	-745.66479	-578.63281	418.24597	-590.11633	-796.78229	183.85234	-533.94177	-621.76434	90.62780	-514.63007	
381	3.800	-622.31360	1444.64758	-798.51550				-774.13873	1537.01331	-686.22858				-878.42877	1316.17517	-574.34015	-522.18182	1330.48743	-536.84637	-689.07806	1207.57324	-687.18597	-700.65405	1375.48779	-506.35953	-921.58386	977.48853	-567.76752	-419.18500	991.74896	-526.20502	-897.27258	801.13904	-679.69336	-385.58118	822.73181	-678.69031	-782.92902	843.63293	-668.91766	-530.76813	853.11505	-646.84344	-689.83759	920.69342	-445.81354	-802.32983	446.77942	-759.89020	-578.49170	417.98642	-592.24384	-796.62897	174.92203	-560.99658	-621.60388	90.61668	-514.81024	
382	3.810	-622.17322	1445.12146	-806.92554				-774.17950	1537.10364	-694.27484				-878.26959	1316.10376	-583.20514	-522.76990	1330.39319	-544.43115	-688.73767	1207.28284	-695.72211	-703.14996	1376.16821	-516.32245	-921.21948	977.07196	-575.32953	-417.90222	991.51691	-536.67328	-897.63763	801.19995	-687.92963	-383.98218	826.84094	-694.04572	-782.14996	844.11243	-677.70502	-530.24060	852.84033	-655.40912	-689.53320	920.47418	-453.37653	-799.55243	448.74161	-773.21094	-577.79596	417.94119	-595.27380	-795.99854	166.09702	-588.92346	-621.91852	90.89200	-515.10345	
383	3.820	-621.89075	1445.70508	-815.24146				-775.25549	1536.54419	-701.94904				-878.43927	1315.76990	-592.31287	-523.09589	1330.33069	-552.96771	-688.29633	1206.91565	-703.80725	-702.07922	1375.27893	-524.28265	-922.45361	977.14484	-583.48517	-415.94958	992.31537	-547.66052	-898.12915	801.19470	-696.22552	-382.98477	829.79102	-707.96143	-781.77722	843.35687	-685.91193				-690.30261	920.46741	-462.15692	-796.98059	450.06989	-786.05646	-578.29163	417.46231	-597.52795	-795.70758	156.99414	-617.64386	-621.83496	91.97559	-515.49243	
384	3.830	-621.79773	1445.85730	-823.30066				-774.16278	1536.51697	-710.12762				-878.19189	1315.32751	-601.77612	-522.44971	1330.31628	-560.94250	-687.93048	1206.23145	-712.35266	-702.49457	1375.20435	-532.90387	-922.32477	976.47375	-591.34595	-415.04446	992.67487	-558.63727	-899.35040	801.10529	-705.13013	-381.90625	833.65411	-722.45245	-781.34357	842.84283	-694.66010	-529.69391	850.73486	-667.77271	-690.61151	920.52710	-468.33725	-796.78894	452.97177	-797.62439	-578.10547	417.52298	-600.49542	-796.76593	145.75104	-654.58112	-621.73895	92.08276	-515.77911	
385	3.840	-621.65985	1445.98083	-831.64331				-774.25519	1536.05200	-718.41150				-878.53857	1314.60266	-610.70270	-522.81097	1329.86169	-568.41907	-687.53845	1205.40723	-720.32159	-702.67542	1373.91943	-540.97516	-924.27924	976.77985	-599.00586	-413.14838	991.90973	-568.72778	-900.82263	800.39154	-712.71558	-380.97992	836.33350	-736.30981	-780.86017	842.10876	-702.96307				-690.88531	919.14905	-478.40750	-792.29541	451.72754	-808.53589	-577.93298	416.83972	-603.09753	-794.62323	136.87595	-683.53894	-621.86633	92.13683	-516.80200	
386	3.850	-621.43719	1446.33691	-839.85162				-774.33588	1535.31201	-725.86932				-878.20807	1313.95691	-619.65857	-523.18970	1329.29236	-576.58014	-687.23541	1204.44470	-728.80353	-702.02716	1372.53345	-549.45221	-924.96423	976.31659	-607.44049	-411.82724	992.27106	-579.55554	-902.58752	799.62329	-720.83740	-380.93564	839.29407	-749.34991	-780.24829	841.23688	-711.18823	-529.12439	849.51514	-683.08569	-690.07843	919.58325	-484.82083	-790.55811	450.92218	-817.78955	-577.36597	415.78543	-606.42084	-795.69537	129.11693	-711.57593	-622.03937	92.00489	-517.16736	
387	3.860	-621.29126	1446.50354	-848.00342				-774.41089	1534.70593	-733.91107				-877.57605	1312.66797	-628.41260	-523.44958	1328.57568	-584.29810	-686.89301	1203.49463	-737.56622	-702.13263	1371.50024	-557.79474	-926.27704	975.66870	-616.06354	-410.68396	991.88995	-589.69159	-904.54492	798.86310	-729.28931	-380.41931	842.68744	-763.68402	-779.66986	840.32434	-720.18170	-528.91937	849.35687	-691.33325	-691.70233	918.58881	-494.44476	-789.21063	450.31152	-826.64709	-577.27277	415.12793	-608.52246	-792.81268	122.61718	-736.89362	-621.83197	92.13679	-517.79095	
388	3.870	-621.23199	1446.41064	-856.26819				-774.57031	1533.87073	-741.49249				-877.51843	1312.04907	-638.34644	-522.94928	1327.50989	-591.98932	-686.45404	1202.10486	-745.72742	-703.15839	1370.85303	-566.83185	-927.75403	975.16943	-624.84576	-408.69794	991.27301	-599.78595	-906.64960	797.64417	-736.96942	-380.89392	846.02612	-777.27588	-779.12897	839.16870	-729.08441	-528.60260	848.25073	-698.34540	-692.87958	917.11090	-502.80008	-787.81958	449.31039	-835.02380	-577.30334	414.48135	-611.86670	-792.18848	114.06603	-772.33276	-622.33447	92.28934	-518.38129	
389	3.880	-621.01593	1446.61780	-864.84070				-774.59021	1532.92615	-749.34650				-877.57178	1310.83899	-647.43689	-523.12665	1326.51038	-601.01666	-685.89392	1201.22888	-754.83734	-702.38727	1369.26831	-575.25061	-928.26074	973.33527	-632.74353	-407.69370	990.70227	-609.38599	-908.90552	796.60095	-745.38867	-380.49344	847.87622	-789.96674	-778.46588	838.13263	-738.26947	-529.80414	846.46234	-703.02954	-692.79651	916.60419	-510.93121	-785.47498	445.94925	-840.83704	-576.33173	413.44650	-615.09814	-790.52234	112.00524	-793.43805	-622.13043	92.30341	-518.38098	
390	3.890	-620.96887	1446.16187	-872.50092				-774.69995	1531.77844	-757.08789				-877.73529	1309.62024	-656.92841	-523.65735	1325.69128	-609.24615	-685.40186	1200.03760	-763.93298	-703.93298	1368.07056	-584.24084	-930.83527	973.30347	-642.05029	-406.17102	990.49310	-619.47913	-911.30035	794.88458	-753.13599	-380.97540	850.01697	-801.99762	-777.70367	836.87378	-747.48059	-527.73212	845.74365	-712.57001	-693.97992	915.22461	-519.08057	-786.11401	444.64896	-848.14587	-576.52356	412.74576	-617.39978	-789.12494	106.13586	-827.96698	-622.02216	92.46474	-518.50342	
391	3.900	-620.89301	1445.96118	-880.58990				-774.84113	1530.52319	-764.70679				-876.94049	1307.90967	-665.90643	-523.21893	1323.87903	-616.63367	-684.96167	1198.17188	-772.15417	-703.76276	1366.40918	-592.30798	-932.61237	972.29858	-650.67670	-405.41837	988.92792	-628.89545	-913.76135	793.46545	-761.56146	-381.27655	852.48853	-814.79932	-776.82800	835.02380	-756.26880	-527.11670	846.04736	-722.47729	-694.09674	914.01355	-528.57159	-785.81506	441.82111	-854.39673	-576.04236	412.29688	-620.92737	-786.81067	106.53960	-848.59308	-621.73102	92.98853	-518.83972	
392	3.910	-620.85321	1445.64600	-888.94647				-775.06781	1529.02832	-772.36780				-877.11493	1306.11169	-674.82660	-523.82697	1322.17139	-624.27936	-684.40643	1196.62341	-780.71362	-702.66077	1363.77734	-600.60754	-933.32147	971.16016	-659.93665	-403.99020	988.45642	-638.40125	-916.32990	791.49677	-769.50665	-382.00897	854.52136	-827.20227	-775.94183	833.23401	-766.04041				-694.85126	912.79077	-537.64697	-784.06067	437.53510	-859.45374	-574.96124	412.41013	-624.74097				-621.25806	93.65691	-519.94421	
393	3.920	-620.96521	1444.90125	-897.13629				-775.20898	1527.67297	-780.11328				-876.78302	1304.50317	-685.10181	-524.42810	1320.05298	-632.47168	-683.88727	1194.88123	-789.44672	-704.59863	1362.12463	-610.10553	-935.76105	969.98639	-668.85846	-403.19308	986.70038	-647.25635	-918.97662	789.69202	-777.60852	-382.03006	855.40063	-838.17206	-774.93060	831.27264	-775.83966				-695.25232	910.26031	-546.76483	-784.04718	434.91092	-865.83453	-574.43372	411.64395	-628.14532				-621.29688	93.80843	-520.83911	
394	3.930	-620.97876	1444.39258	-905.24432				-775.33643	1526.19031	-787.64526				-876.72229	1302.74402	-694.15112	-524.09637	1318.19653	-640.49365	-683.25946	1193.48425	-799.05823	-703.47870	1359.66260	-618.07690	-936.41486	967.54633	-678.24591	-402.93668	984.37018	-656.84332	-921.66132	787.59485	-785.74542	-382.83163	857.26837	-849.16254	-773.84314	828.88672	-785.57520				-696.10461	908.24084	-555.87952	-783.94202	432.29141	-872.17401	-574.17810	410.71878	-631.60046				-621.27942	94.06644	-521.65247	
395	3.940	-620.91235	1444.00793	-913.57367				-775.54742	1524.61035	-795.29388				-876.64154	1300.69580	-703.80463	-524.27686	1316.17651	-648.66742	-682.61298	1191.78333	-808.16608	-703.47083	1357.54761	-626.20020	-937.86536	966.40314	-686.49573	-403.38080	982.74017	-666.09930	-924.47357	785.21765	-793.97382	-382.78021	857.70868	-860.37671	-772.48907	826.54834	-795.78131				-696.42517	906.88098	-564.75452	-783.40808	429.43405	-878.37671	-574.01068	409.82166	-635.88599				-621.10181	94.18979	-521.84082	
396	3.950	-620.95514	1443.38000	-921.92310				-775.80505	1523.05591	-803.34070				-876.48981	1298.65112	-713.13116	-524.56720	1314.35120	-657.51843	-681.93018	1189.83289	-816.74554	-704.15948	1355.59021	-635.50055	-940.37537	964.58881	-696.22601	-403.45230	980.14990	-673.94354	-927.36389	782.99359	-802.55585	-383.71939	858.44458	-870.79559	-771.15198	823.54620	-804.50037				-697.58636	904.10455	-573.94543	-781.99384	427.31824	-886.24323	-573.62335	408.82074	-639.75507				-621.25403	94.32539	-522.70801	
397	3.960	-620.76074	1443.32642	-930.31775				-775.99542	1521.50952	-810.92676				-875.74713	1296.32666	-722.90356	-524.34406	1312.24390	-664.80786	-681.26654	1188.14600	-826.27856	-703.05042	1352.65979	-643.71619	-940.89728	962.82275	-705.21265	-402.45810	978.00336	-683.15216	-930.16992	780.47443	-810.59985	-384.17639	857.70636	-880.39288	-770.18994	820.99341	-815.07019				-698.64905	902.73004	-581.76709	-779.94476	425.59393	-894.67126	-573.37415	408.19659	-644.16858				-620.86859	94.51887	-522.83685	
398	3.970	-620.89429	1442.39795	-938.21533				-776.13208	1519.94446	-818.79968				-875.85858	1294.15857	-732.34509	-524.45416	1309.95898	-672.61566	-680.63269	1186.21729	-835.11664	-705.41632	1351.39099	-653.70453	-943.24109	961.11145	-715.29089	-404.17102	975.46790	-691.56464	-933.01160	777.89685	-818.59955	-384.38699	857.84802	-890.44812	-769.12274	818.52600	-824.36523				-699.68030	900.80969	-590.84357	-777.85730	424.49014	-904.59424	-572.57550	407.16345	-648.09210				-621.05762	94.83101	-524.35248	
399	3.980	-620.75635	1442.26184	-946.41516				-776.23383	1518.49451	-827.04010				-875.47961	1292.10767	-742.06287	-525.70447	1307.36694	-682.72461	-680.01788	1184.34045	-844.13422	-703.83551	1348.64417	-661.89801	-944.04742	959.49536	-724.50781	-404.72311	974.43811	-700.23651	-935.95099	775.34796	-827.34900	-385.71753	857.00171	-898.65234	-768.38220	816.28406	-834.79187				-701.01740	897.96484	-602.23071	-775.54919	423.07892	-914.25793	-572.61133	405.89063	-653.03284				-620.65320	95.30016	-525.01843	
400	3.990	-620.81702	1441.69727	-955.08844				-776.43353	1517.04968	-835.20374				-875.32642	1289.76404	-751.23328	-524.85559	1306.55969	-689.52277	-679.42334	1182.52844	-853.63361	-704.55615	1346.65369	-670.78967	-946.24524	958.01599	-733.72223	-404.50806	972.03302	-708.80151	-938.55054	772.82611	-835.07965	-386.38443	856.24255	-908.97894	-767.72723	814.12476	-844.18256				-700.53033	896.41821	-611.77423	-773.11371	422.44186	-925.92438	-572.51617	404.80048	-658.17053				-620.34290	96.25671	-526.56989	
401	4.000	-620.68408	1441.76636	-963.77374				-776.65204	1515.49316	-843.13239				-875.18951	1287.96204	-760.74457	-524.61945	1305.17554	-699.83081	-678.80890	1180.90735	-862.43530	-704.55975	1345.05957	-680.15436	-947.60120	956.71808	-744.61572	-405.23782	970.30017	-716.88422	-941.14380	770.40265	-843.66870	-387.19186	854.33740	-916.85364	-767.29901	812.12274	-853.85925				-700.68103	894.67548	-620.15106	-770.85333	421.14801	-938.16248	-572.44122	403.57764	-662.92694				-620.34650	97.23360	-527.36371	
402	4.010	-620.69128	1441.43359	-972.51001				-776.74329	1513.94690	-850.88214				-874.74908	1286.31238	-770.40869	-524.97656	1303.20996	-707.28070	-678.50763	1179.04797	-872.01074	-705.06128	1343.41528	-689.84015	-948.39453	954.53345	-754.01868	-407.27155	967.86053	-724.39111	-943.46906	768.35846	-852.46173	-388.12064	853.25415	-925.89154	-767.00677	810.77692	-863.97742				-700.87665	892.91461	-631.27539	-768.16937	420.13220	-949.77069	-572.65259	402.14209	-668.85669				-620.52246	97.53866	-527.72333	
403	4.020	-620.58081	1441.20520	-980.73077				-776.78052	1512.72742	-859.26685				-874.61163	1284.20422	-779.24579	-524.49377	1301.45911	-715.51184	-678.12939	1177.69617	-881.62421	-704.28918	1341.77844	-698.06293	-949.97198	953.91718	-764.59283	-407.60275	965.83472	-732.38416	-945.68414	766.26147	-861.34576	-388.98300	850.70007	-933.02856	-767.07153	809.14557	-873.69855				-700.49414	891.11707	-641.15271	-766.14703	418.72198	-962.20148	-572.95068	400.36029	-675.69556				-620.63373	98.20796	-529.46887	
404	4.030	-620.53394	1440.67346	-988.82532				-776.89307	1511.26123	-867.23102				-874.93964	1282.90027	-789.02686	-524.83179	1299.89966	-724.24005	-677.89893	1175.89453	-890.29211	-704.42065	1340.00964	-707.72211	-951.38239	952.90509	-774.05408	-409.23495	964.22906	-739.73322	-947.48810	764.39667	-869.44525	-389.67838	848.61157	-941.30908	-767.41229	808.07220	-884.05518				-699.84204	889.31744	-650.50592	-763.96979	416.80182	-971.85883	-573.08209	399.23801	-682.54779				-619.95465	99.52480	-531.08124	
405	4.040	-620.31854	1440.81750	-998.75867				-777.00104	1510.09778	-875.73608				-874.39459	1281.64697	-798.46808	-525.18872	1298.43030	-733.45209	-677.79950	1174.90039	-900.73187	-704.90399	1338.09131	-716.94666	-951.16937	951.12878	-783.66699	-410.55209	962.48767	-748.77118	-949.26160	762.86871	-878.96033	-391.19131	846.18994	-947.76147	-767.78748	807.12366	-894.83368				-699.69513	887.33325	-659.76447	-762.07391	415.08417	-981.02185	-573.65881	398.07776	-690.47266				-620.49725	101.02778	-533.07660	
406	4.050	-620.19623	1440.29004	-1006.68311				-776.90405	1509.50732	-883.83435				-875.11951	1280.26880	-807.71844	-524.85107	1297.37878	-743.42572	-677.74438	1173.98071	-910.26202	-704.01099	1336.30664	-725.27954	-952.89423	950.59973	-793.67920	-412.22208	960.39050	-756.23517	-950.82343	761.20966	-887.62927	-391.96182	842.34650	-954.68811	-768.04443	806.83972	-905.87567				-698.20178	886.78314	-671.80841	-761.47583	414.15900	-989.92108	-574.54736	397.30524	-697.63635				-619.30402	102.15640	-535.50677	
407	4.060	-619.80096	1440.51184	-1014.83893				-776.73297	1509.05798	-892.48059				-874.68671	1279.18909	-816.93402	-525.04681	1296.96863	-752.41858	-677.58264	1173.88831	-919.94879	-704.24298	1335.24182	-733.91730	-953.69458	949.09430	-803.11499	-413.50162	958.79114	-763.83881	-952.09998	760.04883	-896.98663	-392.69986	839.41345	-961.88312	-768.64380	806.52063	-917.14594				-698.21216	885.11603	-683.45251	-760.80151	414.56107	-998.74835	-573.67328	395.91727	-706.07666				-619.34460	104.18587	-537.17554	
408	4.070	-619.31335	1441.21545	-1024.23572				-776.44708	1509.04993	-901.23193				-874.80011	1278.32800	-826.15796	-525.23071	1296.13293	-759.32495	-677.74268	1173.26807	-928.74402	-704.70001	1335.13464	-743.11273	-954.07819	948.76666	-812.67157	-415.08929	957.72418	-771.34052	-953.07434	759.17499	-905.88898	-393.95508	836.37012	-968.11499	-768.89996	806.35730	-928.72546				-696.77466	884.59650	-693.91614	-760.87872	413.73718	-1006.96118	-574.19440	395.32324	-713.52063				-619.32062	106.40183	-539.84814	
409	4.080	-618.72760	1441.73669	-1032.62061				-776.23529	1509.07568	-909.86487				-875.40698	1277.95471	-835.08569	-525.44202	1295.83850	-769.20874	-677.69965	1173.85681	-939.17261	-703.60657	1333.82983	-751.80603	-953.78424	948.07922	-822.24634	-416.79095	956.66364	-779.39679	-953.80658	758.73785	-914.79993	-394.99356	831.92395	-973.09595	-769.06921	806.17224	-940.34735				-697.04077	883.98206	-704.56165	-761.00421	413.45050	-1016.49689	-573.86523	394.61566	-723.87329				-618.24188	109.10460	-543.44800	
410	4.090	-618.18134	1442.24341	-1040.92444				-775.74481	1509.84180	-918.60663				-875.23730	1277.89783	-844.79852	-525.80206	1296.09741	-776.24017	-677.89154	1174.44006	-948.51227	-703.87909	1333.73730	-760.60950	-955.44666	949.15826	-831.61310	-418.35590	956.56439	-787.51917	-954.63837	758.75641	-924.34955	-395.76730	828.02264	-978.58649	-768.65552	807.18213	-952.02386				-694.54456	884.12091	-714.88849	-761.07971	413.66806	-1026.94373	-573.58368	393.80591	-733.90710				-618.46600	111.72156	-546.39014	
411	4.100	-617.39886	1443.60583	-1050.19568				-775.24304	1511.07898	-928.04456				-875.69989	1278.87891	-854.03607	-525.89410	1296.63257	-785.76630	-678.00928	1175.51001	-958.02649	-704.83453	1334.47974	-769.56653	-955.62634	949.00055	-840.70337	-419.86972	956.36310	-795.37085	-955.30035	759.10791	-933.73145	-396.79456	823.68927	-982.84473	-768.38110	807.83228	-963.05206				-694.95526	884.49658	-727.29431				-572.78223	393.04388	-745.28015				-617.13074	114.68732	-549.67303	
412	4.110	-616.67303	1444.73938	-1058.87439				-774.65558	1512.63391	-936.79944				-875.80579	1279.62451	-863.33246	-526.65460	1298.23364	-794.53461	-677.91620	1176.81799	-967.10211	-705.85443	1335.66003	-779.28400	-955.27704	950.30780	-850.37885	-421.02988	957.55292	-803.25452	-955.79169	760.07684	-943.05182	-398.81253	820.39801	-986.77930	-767.75726	809.56677	-974.05859				-693.08704	885.40900	-736.93091				-571.88263	391.93192	-757.74316				-615.80603	118.47363	-555.32776	
413	4.120							-774.00775	1514.57983	-946.05774				-876.01007	1280.62158	-872.85638	-526.83765	1298.86450	-802.35352	-677.70862	1179.00208	-976.88800	-704.91199	1336.82373	-787.31812	-955.12323	950.75763	-858.92645	-421.94458	959.24506	-811.07257	-956.17914	761.49438	-953.09674	-400.89111	817.51257	-991.45929	-767.15424	811.53351	-984.47565				-693.05127	886.34949	-747.55035				-570.72784	390.83228	-771.05396				-614.80664	122.73566	-561.62134	
414	4.130	-614.80353	1448.23352	-1076.09753				-773.35486	1516.49683	-954.94635				-876.42529	1282.53772	-882.24060	-526.73309	1301.23340	-808.77985	-677.19720	1181.00427	-985.64813	-705.76752	1337.65503	-796.71777	-954.90424	952.69281	-868.07184	-423.80911	960.80371	-820.29675	-956.41577	763.17688	-961.67322	-402.55630	814.05194	-993.67273	-766.36652	814.04846	-994.15491				-691.49664	887.64087	-758.03040				-568.39325	390.12561	-786.94379				-614.07172	127.14091	-569.44977	
415	4.140	-613.82813	1450.00012	-1085.00354				-772.59442	1518.80090	-963.63898				-876.15070	1284.11548	-891.39063	-527.24347	1304.11731	-817.85388	-676.93109	1183.31384	-995.64667	-707.49719	1340.05566	-806.38239	-953.81799	954.11938	-877.75708	-424.55972	962.96594	-826.72571	-956.51038	765.39783	-971.99103	-404.29871	810.84314	-996.38873	-765.67267	817.12390	-1004.11597				-689.08789	890.29315	-769.24274				-565.18842	388.40149	-801.43939				-613.11450	132.69183	-577.52289	
416	4.150							-771.86749	1520.96167	-972.89746				-875.91602	1285.87000	-901.27826	-527.90167	1306.40979	-826.19983	-676.15881	1185.50964	-1004.03894	-706.99103	1341.12024	-814.34406	-954.11035	956.11285	-886.38623	-426.37393	966.56598	-833.79297	-956.51141	767.34161	-980.73633	-407.17630	808.81122	-999.60608	-764.68707	820.80164	-1014.38580				-687.46997	892.06824	-777.91949				-561.93390	388.01569	-819.16589				-611.23981	137.37334	-586.77905	
417	4.160	-611.60419	1453.98438	-1101.86743				-771.05865	1523.19751	-982.06750				-876.13702	1288.16382	-911.01025	-528.26007	1308.39172	-834.09998	-675.32056	1188.36316	-1013.79865	-707.76288	1343.33264	-824.27228	-953.44690	958.19226	-895.02808	-426.58911	968.73712	-840.85193	-956.56946	769.98798	-991.23718	-408.78290	806.50262	-1001.17157	-764.12964	823.79871	-1023.99622				-686.93811	893.64191	-787.20636				-558.47150	386.66168	-835.62146				-608.61615	142.74840	-596.26990	
418	4.170							-770.38684	1524.88013	-990.89117				-876.06836	1290.47620	-921.18188	-528.99347	1311.32361	-843.45148	-674.33533	1190.69153	-1022.16528	-707.79529	1344.17639	-833.15607	-952.83911	960.65167	-904.56616	-428.18124	970.71045	-848.52179	-956.57593	772.12567	-1000.94745	-409.78891	804.53607	-1002.37256	-763.16516	826.97046	-1033.33582				-685.76685	895.04987	-797.55890				-554.39917	385.69351	-852.16327				-606.31464	150.18399	-607.30457	
419	4.180							-769.48157	1526.93665	-999.62079				-874.93329	1292.01990	-930.79889	-529.15875	1313.24487	-849.63824	-673.29077	1193.06519	-1030.96521	-707.51831	1346.13330	-842.29156	-952.37927	962.63715	-914.06445	-430.12875	974.10822	-854.19141	-956.38934	774.62225	-1010.60236	-410.76224	802.27032	-1003.56165	-762.56342	829.57074	-1043.18164				-685.46252	896.61145	-806.84656				-550.59424	385.48837	-870.60352				-603.65192	157.10948	-618.54761	
420	4.190							-768.69855	1528.32715	-1008.12164				-874.31586	1293.70605	-940.54260	-529.43842	1315.33911	-858.11066	-672.01263	1195.46716	-1040.19995	-708.36340	1347.53760	-851.75488	-950.29395	964.19861	-923.83655	-431.77539	975.62750	-858.66736	-956.38885	776.74835	-1021.05212	-411.85370	801.31470	-1004.49976	-761.77911	831.18500	-1051.85718				-685.59143	898.34589	-816.49310				-547.31293	383.93051	-886.66724				-602.45465	162.65759	-629.87811	
421	4.200	-606.32562	1461.67273	-1134.86682				-767.89648	1529.53076	-1016.54938				-873.21606	1295.36694	-950.67346	-529.07794	1317.09180	-864.74835	-670.49762	1197.09521	-1048.16748	-707.48822	1348.68286	-860.40967	-951.77356	966.87378	-932.67358	-434.45190	977.44922	-864.17523	-956.10931	778.88159	-1031.52368	-412.57184	800.09607	-1005.75085	-760.74359	832.65021	-1060.57837				-684.72809	899.06964	-823.94214				-543.49115	383.55008	-905.38824				-600.75189	168.94672	-643.48297	
422	4.210							-766.82068	1531.07031	-1024.84412				-872.75970	1296.76160	-960.34747	-529.27197	1319.11279	-874.84784	-669.02283	1198.85474	-1057.96814	-707.33868	1349.83191	-869.61456	-949.11511	967.21765	-943.07043	-435.70749	978.27209	-867.83856	-955.74054	780.60339	-1041.69299	-413.21088	800.51270	-1010.75104	-759.74628	833.18469	-1068.84802				-685.49170	900.76025	-831.75024				-539.35107	383.97028	-922.49310				-598.17493	175.37538	-657.82037	
423	4.220	-602.89856	1465.91858	-1151.03271				-765.67963	1532.53015	-1033.79736				-871.70221	1297.78723	-970.67242	-529.13898	1319.53467	-880.16272	-667.12952	1200.05713	-1066.14954	-708.25610	1351.67737	-878.42328	-948.84186	968.32001	-953.23840	-436.18234	979.51324	-870.90118	-955.21545	782.11615	-1052.40430	-413.38513	798.21509	-1010.37390	-758.80396	833.47723	-1077.81763				-687.28210	900.44025	-841.96582				-534.55884	384.49753	-939.81927				-594.63922	181.49083	-671.56891	
424	4.230							-764.52228	1533.67712	-1042.45642				-870.92920	1298.77197	-980.94366	-528.60950	1320.14673	-887.62061	-665.22711	1200.97986	-1074.82349	-707.40356	1352.21570	-887.10059	-948.41107	970.00854	-964.15021	-438.17917	979.86597	-876.48962	-954.33862	783.21667	-1063.11646	-413.21741	796.56335	-1010.99359	-757.65277	832.73370	-1085.49695				-686.62469	901.67267	-846.63062				-530.33594	386.31052	-958.45074				-590.68567	188.18561	-687.20892	
425	4.240	-598.98169	1469.66882	-1167.18103				-763.22198	1534.83862	-1050.75256				-869.61432	1299.65332	-991.78314	-527.78107	1320.97937	-895.14911	-663.19220	1201.57800	-1083.43640	-705.97144	1352.99561	-896.28314	-948.07941	970.64502	-974.39294	-438.98602	979.90448	-882.14032	-953.13495	784.14874	-1074.12158	-412.59195	796.11359	-1014.89703	-756.55725	831.77679	-1092.92236				-686.41718	902.92590	-855.20770				-525.34515	387.34229	-975.85687				-589.65784	193.91736	-701.62762	
426	4.250	-596.79932	1471.45496	-1174.87781				-761.80359	1536.00110	-1059.80750				-868.64111	1300.38330	-1001.80383	-527.68268	1321.29663	-900.80457	-661.15564	1201.80957	-1091.70422	-706.33582	1353.86487	-904.72961	-946.83630	971.07159	-985.74524	-438.40137	981.12488	-883.56525	-951.81128	784.72107	-1084.83179	-411.86691	795.43640	-1015.08093	-755.04962	831.68188	-1101.36206				-687.28339	903.67334	-863.29803				-520.23047	388.88998	-992.81165				-587.23975	200.51178	-716.62640	
427	4.260							-760.18463	1537.05701	-1067.47852				-867.29175	1300.86353	-1012.41956	-527.50446	1322.13904	-909.08215	-658.99762	1201.89880	-1099.69141	-706.03876	1354.24756	-913.94611	-945.80542	971.60602	-997.37701	-438.98578	981.21344	-887.63757	-949.78387	785.69489	-1096.60962	-410.50717	794.45709	-1015.51886	-753.88403	830.07092	-1107.89258				-687.84973	903.91547	-870.04724				-516.00903	390.71274	-1008.93195				-586.82928	204.87579	-731.60822	
428	4.270	-591.88043	1474.82300	-1190.50757				-758.54254	1538.03113	-1076.16638				-865.65131	1300.99280	-1022.41479	-526.73071	1321.84045	-916.05835	-656.71564	1201.52490	-1107.34131	-705.02271	1355.47656	-922.06506	-945.29468	971.74915	-1008.42474	-439.01385	981.43036	-890.18188	-947.49353	786.32495	-1108.23450	-409.06613	795.14209	-1019.69470	-752.27118	829.50836	-1115.01355				-688.51257	904.21088	-876.08502				-511.57370	391.70987	-1026.05164				-584.64789	208.68468	-748.53186	
429	4.280							-756.89185	1538.77686	-1084.75781				-864.64551	1301.75049	-1033.15405	-526.05890	1321.70972	-922.62073	-654.42926	1201.03821	-1114.86292				-943.62152	972.04901	-1020.80109	-439.44257	980.61823	-894.30212	-945.06293	786.58502	-1119.87549	-407.22925	794.27557	-1019.90674	-750.70697	829.08636	-1121.87549				-688.44116	905.95978	-883.64758				-506.44315	394.44565	-1040.94763				-584.51300	210.72736	-766.00446	
430	4.290	-704.57983	1357.41760	-940.05511				-754.85608	1539.91064	-1093.34668				-862.94879	1301.85657	-1043.38098	-525.58331	1322.40454	-929.06952	-652.19922	1200.58472	-1122.81641				-943.01172	972.73511	-1032.76001	-441.40573	981.19165	-897.74237	-941.94324	786.94360	-1131.63330	-405.36209	795.11230	-1023.85010	-748.92932	829.12244	-1129.05469				-687.58905	906.59448	-890.11700				-503.04025	396.77475	-1056.68591				-583.03052	211.41499	-783.72156	
431	4.300	-704.18866	1358.69360	-947.93628				-752.84735	1540.69385	-1101.62170				-860.81775	1302.52771	-1054.28992	-524.70581	1322.18860	-935.58960	-649.82513	1200.04553	-1130.41846				-940.99542	972.44189	-1044.59106	-441.60794	980.89520	-900.46698	-938.64948	787.69598	-1144.04919	-403.17224	794.44916	-1025.29126	-747.13843	829.15497	-1135.90063				-687.30695	906.45044	-897.69574				-497.41089	399.94815	-1071.26306				-581.35522	211.15450	-802.53528	
432	4.310	-702.31036	1358.55188	-957.25739				-750.79541	1541.27722	-1109.98145				-859.09283	1301.92200	-1063.96924	-524.17975	1322.80713	-943.15906	-647.40576	1199.27344	-1136.98633				-939.42413	972.73749	-1056.53882	-442.25085	981.21198	-904.10175	-935.13684	788.01886	-1156.38574	-401.13876	794.70099	-1026.55884	-745.44275	829.18597	-1142.81104				-687.64386	907.36292	-904.97003				-493.47693	403.44684	-1087.09900				-578.83331	209.70119	-820.78754	
433	4.320	-702.09857	1359.59607	-965.33496				-748.62872	1541.77625	-1118.30286				-856.98492	1302.78381	-1074.39832	-523.57745	1323.46948	-949.03339	-644.99713	1198.60681	-1143.93933				-937.64246	973.55463	-1068.91663	-441.86469	982.58374	-905.58331	-931.12335	788.70953	-1168.64063	-399.17758	794.71130	-1027.69019	-743.46661	829.89642	-1150.33313				-687.41022	908.19861	-910.60144				-487.76340	405.92096	-1100.64539				-575.56293	207.80945	-839.45807	
434	4.330	-701.56140	1360.00586	-973.75446				-746.37952	1542.14868	-1126.66345				-854.77112	1302.70435	-1084.58850	-523.42847	1324.68506	-958.30530	-642.47003	1198.53772	-1151.51904				-935.61554	974.05499	-1081.18274	-442.43484	982.10760	-909.53497	-927.04761	789.07764	-1180.65063	-397.17322	795.71118	-1031.48376	-741.47620	830.22870	-1156.56189				-686.43689	909.14233	-917.00146				-484.56897	408.61890	-1114.51782				-573.67249	204.54245	-859.71796	
435	4.340	-700.10095	1360.61926	-981.61609	-570.33789	1483.45898	-1240.48108	-743.88721	1542.81055	-1135.26099				-852.99646	1303.66772	-1094.89819	-522.55334	1325.13330	-963.62543	-639.82758	1198.39075	-1158.16907				-933.35114	974.12366	-1093.32678	-442.66010	983.31915	-911.93579	-922.76971	789.38226	-1192.74304	-394.67490	795.69720	-1033.93567	-739.62012	830.46143	-1163.88037				-686.12518	909.80963	-923.05725				-479.22250	412.71680	-1126.68237				-572.26495	198.88957	-879.81482	
436	4.350	-700.78461	1361.51965	-990.22156				-741.44446	1543.13245	-1142.80688				-851.07898	1303.93042	-1104.88391	-521.71924	1325.39429	-968.25580	-637.18994	1198.02966	-1164.82458				-930.80066	974.78699	-1106.00452	-442.32098	983.86493	-916.36047	-917.98260	789.98260	-1204.94946	-392.08423	795.84241	-1035.99353	-737.35089	830.85571	-1170.03381				-685.93243	910.03625	-929.65802				-476.00427	413.61993	-1141.35706				-568.55573	194.98338	-898.89771	
437	4.360	-699.56934	1362.10583	-998.38556				-738.76410	1543.72571	-1151.30505				-848.33728	1304.42627	-1114.74670	-521.12720	1325.14246	-973.92761	-634.48615	1198.13635	-1171.73108				-928.82642	974.72333	-1118.21216	-442.65500	984.81439	-920.26953	-913.25836	790.51086	-1217.89954	-390.61490	796.12842	-1038.59277	-734.91907	831.49561	-1176.90942				-684.80432	910.18707	-935.31488				-471.15121	417.95334	-1152.25574				-564.73511	188.00459	-919.86664	
438	4.370	-698.34070	1362.63501	-1006.14850				-736.17358	1544.07312	-1159.22913				-846.04987	1304.45349	-1124.06897	-519.99902	1325.84033	-978.17896	-631.51276	1198.35547	-1178.11914				-926.49219	975.39087	-1130.48206	-442.56110	986.07623	-922.82025	-908.27972	790.88574	-1229.23535	-388.96631	796.87054	-1040.54675	-732.43976	831.37238	-1182.89941				-684.36920	909.97595	-942.31189				-466.18454	420.96225	-1163.35181				-559.96277	181.88745	-940.54718	
439	4.380	-697.75995	1363.35046	-1014.02209				-733.42932	1544.31714	-1167.12866				-843.84546	1305.16370	-1133.77441	-519.28717	1326.47864	-984.70129	-628.61768	1198.53979	-1185.00952				-923.70520	975.84351	-1142.73083	-442.16531	986.33313	-928.11383	-903.42487	791.23773	-1240.99365	-387.29205	796.61804	-1042.92126	-729.91199	831.48474	-1190.21863				-684.35718	910.94647	-949.52045				-463.12598	423.27264	-1174.78076				-556.92029	173.96228	-962.37915	
440	4.390	-695.83331	1363.76233	-1021.76337				-730.68390	1544.58521	-1175.03479				-841.26556	1305.13770	-1142.92969	-518.83582	1326.61707	-990.66687	-625.67188	1198.26794	-1191.16797				-920.88568	976.08826	-1154.46912	-442.25745	986.91254	-933.16406	-898.23633	792.26117	-1253.47327	-385.92773	797.47461	-1046.32727	-727.28705	831.28662	-1197.00232				-684.54803	910.93066	-955.52759				-459.98074	426.58926	-1185.79822				-551.35980	167.28229	-983.40656	
441	4.400	-696.23578	1363.85120	-1029.46509				-727.87006	1544.62122	-1182.70422				-838.48236	1305.48987	-1152.48022	-518.63239	1327.44177	-996.81195	-622.59918	1198.34131	-1197.60815				-917.80023	976.39124	-1166.38770	-440.93829	988.09296	-935.85034	-893.20105	792.93311	-1265.78833	-384.05023	797.53619	-1049.44971	-724.36487	832.05536	-1205.74646				-684.17957	910.13873	-962.11993				-455.70358	427.94150	-1195.31006				-546.17401	159.01573	-1006.50647	
442	4.410	-693.21930	1363.02332	-1036.78247				-724.83374	1545.04138	-1191.10986				-835.59833	1305.58301	-1161.88062	-517.38727	1327.54004	-1002.66357	-619.41791	1198.40662	-1204.36621				-914.81647	976.73712	-1178.25171	-440.99225	987.98798	-941.35773	-888.30200	793.01245	-1276.59595	-382.48010	798.50635	-1054.03735							-683.38269	911.40704	-969.17719				-451.52072	430.55450	-1203.25891				-540.43427	152.21376	-1026.77087	
443	4.420	-693.34045	1364.31201	-1044.55701				-721.80347	1545.19849	-1198.41541				-832.53192	1306.17834	-1171.33533	-517.08551	1327.73352	-1008.95282	-616.02325	1198.51038	-1210.66211				-911.92334	977.74213	-1190.45178	-439.93289	988.80701	-945.03455	-882.94098	794.07471	-1288.95496	-380.65677	798.50305	-1057.04407							-683.16144	911.18243	-975.09027				-446.36688	434.07520	-1210.05322				-534.83661	144.19420	-1051.02222	
444	4.430	-690.43121	1363.62805	-1051.85620				-718.76367	1545.10437	-1205.92041				-829.73260	1305.72144	-1180.55298	-516.27972	1328.10352	-1014.66077	-612.59314	1198.22754	-1217.02380				-908.67499	976.83667	-1200.80518	-439.59299	988.91003	-949.61414	-877.67188	794.64081	-1300.29724	-378.78812	797.97205	-1060.72839							-681.83075	910.78766	-981.18048				-444.51675	434.82977	-1218.15393				-529.20087	136.25304	-1074.23962	
445	4.440	-687.42224	1363.10083	-1061.10059				-715.66553	1544.86694	-1213.18066				-826.52448	1305.86182	-1190.12268	-515.07971	1328.00720	-1020.76563	-609.01337	1197.98438	-1223.78430				-905.22589	977.48444	-1212.80505	-437.78687	989.31927	-952.66394	-872.33099	795.13538	-1311.81274	-377.31699	798.76581	-1065.02466							-680.50720	911.50574	-987.76746				-441.98859	435.49182	-1225.35706				-523.40106	128.48900	-1098.33704	
446	4.450	-685.78766	1362.18579	-1067.42908				-712.46582	1544.58643	-1220.40930				-822.88983	1305.30981	-1199.51685	-514.00635	1327.85742	-1027.73669	-605.45276	1197.16882	-1230.00452				-902.37390	977.29999	-1223.57117	-437.43759	989.63721	-957.94836	-866.99463	795.61462	-1323.31592	-375.74420	799.21057	-1068.89111							-680.16534	911.31689	-993.75842				-439.64517	435.47226	-1230.73352				-516.12012	121.98554	-1117.37000	
447	4.460	-686.85413	1362.90771	-1074.74097				-709.21338	1544.24805	-1228.14526				-819.54425	1305.28113	-1208.24158	-511.19019	1327.60742	-1027.70129	-601.56012	1196.83118	-1236.10962				-898.91827	976.95892	-1234.94177	-437.31314	989.10175	-962.76129	-861.51147	795.81873	-1334.61438	-373.69666	799.49133	-1076.01465							-679.34637	911.15900	-1002.15765				-436.37241	435.18719	-1235.75671				-508.13177	115.92754	-1139.27600	
448	4.470	-683.22217	1361.51831	-1083.05408				-705.88776	1543.60376	-1234.66345				-815.61548	1304.52197	-1217.51807	-511.33142	1326.27344	-1039.48108	-597.78973	1196.31702	-1242.99963				-895.28540	976.58478	-1245.50867	-435.78387	989.73828	-966.61218	-855.83917	796.26001	-1345.90234	-371.76248	798.35065	-1078.77917							-677.88593	910.45569	-1007.90540				-437.23209	434.50064	-1241.33777				-502.25400	109.57479	-1160.96643	
449	4.480	-681.30878	1361.39258	-1090.05164				-702.47424	1543.02917	-1242.29248				-812.07947	1303.73450	-1226.04370	-508.35559	1326.35706	-1039.75525	-593.94354	1195.37769	-1249.27893				-891.97388	976.23370	-1256.32849	-434.28787	987.39532	-971.34204	-850.42780	796.23877	-1357.12122	-369.53427	796.65283	-1081.24475							-677.32257	910.35590	-1014.34564				-435.69940	432.92792	-1245.05298				-494.88919	103.42978	-1184.23743	
450	4.490	-679.26880	1360.63757	-1097.25427				-699.04480	1542.33606	-1249.03955				-807.99066	1302.95691	-1235.27246	-506.55588	1325.54333	-1045.69885	-590.02942	1194.44324	-1255.56641				-887.77295	975.11426	-1267.08435	-433.95151	987.06433	-975.94135	-844.67163	796.55164	-1368.58215	-368.09119	796.54553	-1085.31799							-675.05060	909.78577	-1020.72095				-433.62436	432.00443	-1248.27747				-487.05426	97.67231	-1205.86487	
451	4.500	-677.56097	1359.62793	-1104.36108				-695.59973	1541.44604	-1255.83838				-804.38879	1301.74866	-1243.13257	-505.10095	1324.54187	-1051.40112	-586.14880	1193.28662	-1261.95032				-883.73383	974.50781	-1277.83533	-433.78162	986.38892	-980.38013				-365.62790	795.91156	-1090.23145							-673.34906	909.50146	-1027.89001				-433.51089	429.93625	-1251.60229				-477.83173	94.89645	-1224.96643	
452	4.510	-673.19409	1357.68555	-1110.79810				-692.05408	1540.34863	-1262.68994				-800.79156	1301.07495	-1251.95837	-503.01855	1323.59192	-1057.39514	-582.04083	1192.44226	-1268.22290				-880.08112	973.56439	-1287.64246	-430.35168	985.20807	-982.76996				-363.89999	794.90631	-1094.34766							-671.09460	907.74738	-1034.76294				-431.69162	427.43115	-1254.07678				-470.82767	91.38313	-1244.95959	
453	4.520	-670.92145	1356.86743	-1118.10669										-796.66382	1299.47644	-1259.85938	-500.84106	1321.88025	-1062.97583	-577.90839	1191.20935	-1274.15845				-875.29840	972.73834	-1298.27698	-430.57306	984.06891	-989.71893				-361.59702	794.74420	-1100.30640							-669.40594	907.18549	-1040.55750				-430.70425	424.82104	-1256.11682				-463.83469	86.15360	-1266.31311	
454	4.530	-669.51099	1355.95081	-1125.44507										-792.33289	1298.20679	-1267.51868	-498.41257	1321.28601	-1068.97693							-870.47107	971.09546	-1307.90833	-429.33823	983.03076	-991.17334				-359.49768	792.87201	-1102.96729							-667.06317	906.48535	-1048.31714				-429.62955	421.74606	-1258.34668				-454.92645	86.15389	-1283.64136	
455	4.540	-666.46570	1354.73120	-1131.76184										-788.12988	1296.54907	-1275.73022	-495.92850	1319.54883	-1074.12085							-865.14813	969.83759	-1318.54175	-427.83350	980.48761	-997.82770				-356.90942	791.47351	-1108.22827							-664.89594	904.06793	-1055.67578				-429.01227	419.02377	-1261.64612				-448.43942	85.18760	-1299.86951	
456	4.550	-662.09027	1352.59949	-1137.66528										-784.27838	1295.15222	-1283.35840	-493.61212	1317.83801	-1080.17200							-860.69043	968.72809	-1328.54529	-426.14536	978.70325	-1001.91803				-354.62466	790.69562	-1113.94299							-662.50842	902.70490	-1061.81128				-428.67148	416.27432	-1264.22656				-438.96292	84.78384	-1314.79016	
457	4.560	-661.36389	1351.77734	-1145.69409										-780.26245	1294.41626	-1290.78772	-490.54282	1316.66809	-1085.71362							-855.45892	967.35510	-1338.20093	-424.74384	978.10553	-1006.66467				-352.32501	788.95612	-1118.28003							-659.21234	902.17950	-1069.37805				-427.32751	414.05832	-1269.36182				-432.45993	85.18459	-1327.82605	
458	4.570	-657.20789	1348.91321	-1150.38818										-775.92303	1292.62952	-1297.86719	-487.18726	1314.55383	-1090.83521							-850.15027	966.15570	-1347.63232	-423.07040	975.10809	-1011.42059				-350.00519	786.83588	-1121.94543							-655.77985	900.68164	-1075.91406				-427.02347	411.65875	-1272.72253				-425.14331	84.87466	-1339.72693	
459	4.580	-653.63470	1348.19397	-1157.24390										-771.28522	1291.90527	-1307.16382	-484.49283	1312.67920	-1096.01050							-844.53119	964.61011	-1356.48535	-421.59628	972.85681	-1018.42010				-347.71628	785.35864	-1127.04761							-651.71289	898.20929	-1082.73926				-425.80209	411.00775	-1276.59399				-418.30515	84.15743	-1352.65967	
460	4.590	-649.76575	1346.95483	-1163.69128										-766.84094	1289.89392	-1313.03613	-481.20697	1311.07507	-1101.28247							-838.99860	962.91223	-1365.20728	-419.65170	972.08661	-1022.04126				-345.20563	783.50793	-1132.29468							-649.06494	896.83026	-1089.39819				-423.82178	409.81525	-1281.66345				-413.84781	84.76566	-1359.25610	
461	4.600	-643.32092	1344.28015	-1168.87805										-763.07385	1288.62598	-1319.35962	-477.54120	1309.23010	-1106.48291							-831.76129	962.43311	-1377.24475	-416.55759	969.47516	-1026.93884				-342.31406	780.96509	-1136.36707							-645.45416	894.70251	-1096.09717				-423.01495	406.35001	-1286.31445				-409.08655	84.01820	-1367.72217	
462	4.610	-638.71075	1342.52478	-1174.53149										-758.45825	1286.63684	-1324.96521	-473.85126	1307.01086	-1111.84839							-826.84125	959.98785	-1383.29211	-415.13882	967.18469	-1032.15442				-339.89862	778.79364	-1141.15894							-641.80139	893.82745	-1104.04102				-419.82288	405.10397	-1290.76050				-406.54843	82.99991	-1372.95459	
463	4.620	-642.69122	1343.48230	-1181.22559										-753.75269	1284.63281	-1330.49988	-470.39285	1305.04626	-1116.88879							-820.54102	958.73828	-1391.77600	-411.82755	965.00592	-1037.46936				-337.08578	776.08929	-1146.16846							-638.08557	891.62421	-1111.19324				-417.77240	402.88440	-1296.91553				-403.20758	79.93271	-1378.51123	
464	4.630	-637.89673	1341.43262	-1186.68713										-748.90161	1283.58435	-1338.02234	-466.48627	1303.16101	-1121.90955							-813.09369	958.87421	-1404.31543	-410.03036	962.19073	-1043.09790				-334.49219	774.79462	-1152.57373							-634.19287	889.76379	-1119.27002				-413.02997	401.28455	-1301.74792				-402.00238	76.77281	-1380.26501	
465	4.640	-633.15039	1339.29382	-1192.15295										-743.36890	1282.95557	-1347.20325	-462.58530	1301.22314	-1127.16089							-806.68262	956.89240	-1411.21594	-407.31094	960.77734	-1048.35486				-331.38583	772.12555	-1157.19873							-631.70032	888.11334	-1126.26636				-408.59448	398.81912	-1308.84851				-402.04889	72.70590	-1382.38672	
466	4.650	-628.20465	1337.53662	-1198.07190										-738.39600	1281.90369	-1354.61572	-458.80844	1299.83521	-1132.43140							-800.24664	955.34021	-1418.76624	-404.87122	957.21362	-1054.16785				-328.19244	768.75806	-1160.79065							-628.98444	886.79156	-1132.92139				-404.57251	396.30853	-1315.81763				-400.40891	68.85185	-1386.72131	
467	4.660	-624.78333	1336.65649	-1204.09619										-733.47260	1279.97168	-1359.68201	-454.75946	1297.72571	-1136.78613							-793.64941	953.77966	-1426.29895	-403.22632	956.31744	-1060.32349				-325.67096	766.83093	-1166.18762							-624.58582	884.57239	-1141.78113				-400.26105	395.86060	-1320.00586				-397.44193	68.05553	-1386.53882	
468	4.670													-729.32410	1278.88159	-1365.21057	-450.83499	1295.52722	-1141.36951							-786.83301	952.27686	-1433.48999	-397.86108	953.86536	-1065.45618				-322.14963	764.13507	-1170.58276							-620.60895	883.88873	-1150.19995				-396.55301	393.84634	-1327.19348				-394.07242	67.35577	-1390.87183	
469	4.680													-724.33801	1277.07495	-1369.84741	-446.95193	1294.08630	-1146.00366							-780.30481	951.16986	-1441.21838	-394.33444	951.73486	-1071.23438				-319.02087	763.05231	-1177.75732							-617.80023	882.80579	-1157.73010				-391.35962	394.11917	-1329.20007				-391.74271	68.52908	-1390.84888	
470	4.690													-718.50439	1278.56909	-1382.50452	-443.41876	1292.74939	-1150.76147							-773.15497	950.31396	-1448.64941	-391.09943	950.19440	-1076.35303				-315.91760	761.35419	-1182.79871							-615.02911	881.83099	-1165.08740				-387.15982	394.82367	-1335.20740				-389.66446	64.47842	-1399.33899	
471	4.700													-713.82428	1277.33752	-1386.83813	-439.81320	1291.81726	-1154.77588							-766.10291	949.40137	-1455.57727	-389.05997	948.89655	-1082.62964				-312.03058	759.70972	-1188.06067							-611.86664	881.72211	-1173.63257				-381.84204	397.79694	-1341.53381				-387.59631	64.08083	-1403.51807	
472	4.710													-708.74188	1276.82996	-1392.73474	-436.76700	1291.49438	-1159.29944							-758.97479	948.70654	-1461.97217	-384.50153	947.31921	-1087.52478				-308.58640	759.47827	-1194.90381							-609.02875	881.37457	-1179.83276				-376.22733	399.14304	-1346.68909				-385.20737	64.30373	-1405.27441	
473	4.720													-703.23267	1278.09033	-1402.31702	-433.50696	1291.21204	-1164.13525							-751.68188	948.58929	-1468.78723	-381.56372	947.63843	-1093.26233				-305.35611	758.21423	-1198.46619							-604.51196	882.83435	-1188.61731				-371.31860	400.09711	-1356.36438				-382.14371	65.73301	-1404.98218	
474	4.730													-697.76868	1277.92859	-1407.73694	-430.92014	1291.51770	-1168.33411							-744.35510	948.80908	-1475.48071	-378.33554	947.52405	-1099.22412				-301.64459	758.14935	-1202.69128							-602.24255	883.33502	-1196.06506				-366.27655	400.48914	-1363.57227				-380.08267	65.93706	-1404.91199	
475	4.740													-693.25812	1280.15967	-1416.81592	-428.06317	1292.26099	-1172.25586							-736.96240	949.17029	-1481.62354	-375.18784	948.34448	-1104.97351													-598.48242	883.43793	-1202.73511				-362.76501	400.34775	-1371.16272				-379.20526	66.63680	-1404.79126	
476	4.750													-688.02405	1280.16199	-1420.98364	-425.01736	1292.64978	-1176.67444							-729.59448	949.88544	-1487.81738	-373.71213	948.42468	-1110.41333													-595.31110	883.78888	-1210.23315				-356.31442	401.85049	-1374.52625				-378.61429	66.54359	-1404.80432	
477	4.760													-682.08026	1282.97229	-1431.79187	-422.86688	1294.30762	-1180.58972							-722.10175	951.02759	-1494.26318	-371.54947	949.92737	-1115.51196													-590.20532	885.97156	-1217.90454				-351.57443	402.30075	-1378.84314				-378.44177	66.29314	-1407.84436	
478	4.770													-678.18469	1284.87830	-1437.45215	-420.01343	1295.36621	-1184.81665							-714.82446	951.78113	-1499.52429	-370.40887	951.21503	-1120.89880													-587.11121	887.44824	-1224.48376				-350.37796	401.60608	-1382.70605				-378.29932	66.26956	-1407.98511	
479	4.780													-673.26318	1286.80554	-1444.35657	-417.90387	1297.37415	-1189.03198							-707.22028	953.63794	-1506.69202	-369.32242	951.28046	-1127.77332													-583.61633	888.85797	-1231.61609				-346.16806	404.61584	-1382.20313				-378.41605	66.81967	-1407.66003	
480	4.790													-667.58954	1287.38538	-1448.88245	-415.07062	1299.02710	-1193.00134							-699.82867	954.92334	-1512.63281	-367.11969	953.22009	-1131.58191													-580.30109	889.67932	-1237.65039				-344.25916	405.13992	-1380.55334				-378.41394	66.40755	-1409.22791	
481	4.800													-662.38361	1290.72180	-1459.28308	-413.20410	1300.68896	-1197.18311							-692.61761	956.41156	-1518.95068	-366.18613	955.44452	-1136.60352													-576.55603	891.64056	-1243.83289				-341.40436	404.07330	-1384.46741				-378.33759	66.88269	-1407.55701	
482	4.810													-657.81183	1291.25122	-1462.89795	-411.17792	1302.29553	-1201.20862							-685.10468	957.66058	-1525.05347	-364.19250	956.44946	-1141.52747													-572.25568	892.90399	-1249.40100				-340.12274	404.78787	-1384.73279				-378.36166	66.85545	-1407.58801	
483	4.820													-651.86713	1293.08777	-1471.41772	-409.15479	1303.33411	-1205.33435							-678.11353	958.97162	-1531.80444	-362.43399	957.34003	-1146.51929													-568.46436	893.00433	-1255.96362				-337.13892	402.74994	-1386.24756				-378.19556	66.73183	-1406.65808	
484	4.830													-647.31494	1293.46802	-1475.60168	-406.65994	1304.84631	-1209.26672							-670.76294	960.31207	-1539.06189	-360.23361	960.11102	-1150.51025													-565.47913	895.23822	-1262.38647				-334.29224	401.83020	-1387.90295				-378.38907	66.79486	-1407.62122	
485	4.840													-641.78754	1293.75928	-1481.29736	-404.25497	1305.67566	-1213.12939							-663.79645	960.57782	-1544.75623	-357.85443	960.61688	-1153.62854													-561.82880	895.23431	-1267.84314				-333.31204	402.67136	-1388.40369				-378.17767	66.71420	-1406.63232	
486	4.850													-636.70850	1296.73291	-1493.30383	-402.14264	1306.24719	-1216.75439										-353.94696	961.30225	-1158.10486													-559.26392	895.55701	-1272.16260				-332.50085	401.65637	-1394.55420				-378.26047	66.47333	-1409.02197	
487	4.860																-399.91721	1306.35608	-1220.65320										-351.88217	960.71808	-1161.96484													-555.52747	895.09399	-1278.69812				-330.49860	399.87231	-1400.24341				-377.23965	66.52448	-1407.15283	
488	4.870																-397.89658	1307.11328	-1224.70337										-347.83896	961.83722	-1166.31348													-553.42999	895.98975	-1284.34631				-328.30469	402.41714	-1394.41882				-376.92972	66.70795	-1408.14441	
489	4.880																-394.91388	1306.61694	-1227.73975										-343.84964	961.85144	-1169.84827													-551.45660	895.02820	-1288.96143				-327.14194	400.11603	-1402.81250				-376.30859	67.26396	-1407.65710	
490	4.890																-392.82272	1306.11865	-1230.82813										-340.64795	961.74707	-1173.91296													-549.24084	895.56659	-1295.51245				-325.82797	400.98376	-1403.52405				-376.00760	66.23544	-1408.75562	
491	4.900																-390.57257	1306.45886	-1234.97656										-337.15280	961.25781	-1176.95569													-546.67865	894.75433	-1301.03186				-323.91501	399.98288	-1405.89661				-375.64319	65.51350	-1408.50720	
492	4.910																-388.91895	1305.95679	-1238.39502										-333.90714	961.29266	-1181.05164													-546.89874	895.64722	-1306.10132				-322.63098	400.34152	-1407.11877				-375.90616	66.31797	-1408.62231	
493	4.920																-387.15125	1306.51904	-1242.01184										-330.09564	961.03174	-1184.12939													-545.38049	895.71985	-1312.10840				-322.22064	401.06076	-1404.97949				-375.61108	65.53169	-1408.46448	
494	4.930																-385.52011	1306.10681	-1245.10229										-326.21213	961.07526	-1188.23743													-543.62756	895.92389	-1318.21277				-321.53503	400.61627	-1404.82227				-375.92926	66.28489	-1408.65161	
495	4.940																-384.29584	1306.44214	-1248.23669										-323.69443	961.65979	-1191.20984													-542.93866	896.87390	-1324.35889				-320.87045	400.23193	-1404.99341				-376.16159	67.36580	-1407.46277	
496	4.950																-388.05490	1307.71448	-1251.55884										-320.87592	962.66608	-1193.88318													-543.04944	894.02826	-1339.11694				-320.15311	400.21622	-1406.36121				-375.97849	66.24677	-1408.71643	
497	4.960																-388.13055	1308.68945	-1254.95129										-318.31372	962.78149	-1196.81799													-541.24438	893.22546	-1346.59192				-319.83191	399.54987	-1406.23157				-376.21359	67.33006	-1407.53149	
498	4.970																-387.05075	1309.76331	-1257.82397										-315.88708	963.34399	-1200.64612													-540.00360	894.50385	-1351.93152				-318.02963	397.94827	-1412.29919				-375.97766	66.25095	-1408.71558	
499	4.980																-387.19574	1309.98547	-1261.02563										-314.29242	965.53217	-1203.89978													-539.32141	895.59729	-1355.72534				-317.28015	397.76208	-1413.22754				-376.18219	67.35128	-1407.48999	
500	4.990																-387.38397	1310.10291	-1264.02808										-312.93198	966.30731	-1206.42798																			-316.98001	398.31924	-1411.66052				-375.73151	66.44623	-1406.78381	
501	5.000																												-310.36969	966.51733	-1209.60669																			-316.59888	399.04654	-1409.67493				-376.13113	67.42202	-1407.42505	
502	5.010																												-309.67477	967.58960	-1211.88025																			-315.05203	399.86047	-1410.67847				-376.08594	67.49498	-1407.36829	
503	5.020																												-308.44806	969.26819	-1215.74792																			-314.59146	400.90314	-1408.30994				-376.05521	67.55082	-1407.33008	
504	5.030																												-307.96255	970.48828	-1217.12183																			-313.59665	401.15833	-1407.57007				-375.99844	67.65882	-1407.26001	
505	5.040																												-305.75485	970.86194	-1219.87183																			-311.89285	400.54349	-1410.48950				-375.49460	68.15302	-1406.92908	
506	5.050																												-305.25952	972.22406	-1222.09924																			-310.99496	400.31207	-1411.51855				-375.74606	68.70032	-1406.99719	
507	5.060																												-304.41574	972.52527	-1225.17346																			-310.31125	399.86533	-1412.29517				-375.75375	68.74001	-1407.01062	
508	5.070																												-304.30051	973.82556	-1227.85010																			-310.11566	400.33652	-1411.28943				-375.84210	68.67138	-1407.12695	
509	5.080																												-305.00659	975.10004	-1229.91919																			-309.48251	400.41656	-1412.44141				-376.19162	68.77831	-1407.31348	
510	5.090																												-305.38455	975.05627	-1231.94495																			-309.39948	400.65891	-1412.02222				-377.05661	68.77068	-1408.10083	
511	5.100																												-306.07806	975.67468	-1233.53918																			-309.43143	401.53320	-1411.57019				-377.05063	68.81033	-1408.09546	
512	5.110																												-306.98849	976.07446	-1236.56970																			-309.43701	401.59354	-1411.61365				-377.08890	68.79272	-1408.14673	
513	5.120																												-309.09927	976.35333	-1240.38452																			-309.42700	401.69049	-1411.57642				-377.11938	68.76904	-1408.18689	
514	5.130																												-311.42651	976.62939	-1242.11011																			-309.49731	401.63400	-1411.96045				-377.39963	69.71806	-1407.28296	
515	5.140																												-311.45920	977.61707	-1245.16284																			-309.34009	401.92706	-1413.25745				-377.19394	68.71458	-1408.28528	
516	5.150																												-313.17871	977.34210	-1248.01160																			-309.93741	403.67044	-1411.98804				-376.72366	71.53580	-1403.18262	
517	5.160																												-315.44351	977.51654	-1251.39050																			-310.58163	404.17841	-1409.83386				-377.67862	71.73548	-1403.92041	
518	5.170																												-318.31659	977.14221	-1253.63770																			-310.63284	404.12500	-1410.11108				-377.37985	71.24911	-1403.58252	
519	5.180																												-319.69016	977.43286	-1255.32898																			-310.69089	404.07687	-1410.42773				-377.70490	71.70991	-1403.94128	
520	5.190																												-323.28281	977.29706	-1259.12073																			-310.76776	404.03320	-1410.85107				-377.76413	71.54602	-1403.62085	
521	5.200																												-325.40906	977.14911	-1261.49390																			-310.85941	403.94995	-1411.34949				-378.04184	70.99824	-1403.99573	
522	5.210																												-328.49612	977.45483	-1264.12476																			-310.06219	403.47568	-1415.15613				-378.58838	71.36202	-1403.78357	
523	5.220																												-332.66736	976.81244	-1266.79236																			-310.00089	403.63834	-1414.84399				-379.17175	71.05808	-1404.13635	
524	5.230																												-334.86981	977.31702	-1268.92749																			-309.96042	403.73657	-1414.63611				-379.07227	70.97263	-1404.44202	
525	5.240																												-339.74481	977.47058	-1272.26172																			-309.93536	403.80859	-1414.50964				-379.60083	71.21989	-1404.30713	
526	5.250																												-342.28912	976.86719	-1275.14136																			-309.83371	403.98749	-1413.97351				-379.99646	70.83657	-1404.56152	
527	5.260																												-348.14322	977.42450	-1277.99072																			-309.80396	404.07660	-1413.82397				-380.04572	70.81052	-1404.60339	
528	5.270																												-350.64679	976.06909	-1281.67322																			-309.74808	404.21539	-1413.53760				-380.10648	70.76969	-1404.65393	
529	5.280																												-356.19739	976.15393	-1284.64294																			-309.22519	404.10504	-1415.34778				-380.49982	70.96935	-1404.01257	
530	5.290																												-361.39865	976.40625	-1288.63074																			-309.30865	404.01593	-1415.80005				-380.12378	71.44660	-1404.28748	
531	5.300																												-364.34903	975.21234	-1291.99890																			-308.90573	403.71927	-1418.25110				-380.45471	71.55170	-1404.48975	
532	5.310																												-370.52252	975.24866	-1296.47668																			-309.10254	403.48941	-1419.31445				-380.46906	72.14668	-1404.16650	
533	5.320																												-375.99747	975.24432	-1300.65686																			-309.53705	402.91998	-1421.64856				-380.70596	73.30505	-1405.25562	
534	5.330																												-380.10361	973.00171	-1307.20166																			-309.79974	403.40097	-1425.35266				-381.01212	74.12884	-1404.14551	
535	5.340																												-385.72427	973.25653	-1310.30176																			-310.82202	404.75128	-1428.08838				-381.39328	74.28416	-1405.37170	
536	5.350																												-391.41254	973.05811	-1313.64661																			-311.87253	405.03348	-1430.26245				-381.68417	74.18979	-1405.76331	
537	5.360																												-396.97852	972.38684	-1324.58020																			-312.05209	405.21704	-1431.31030				-382.55118	74.70161	-1405.98694	
538	5.370																																																	-312.62878	406.17700	-1431.63342				-384.08112	75.70341	-1406.32275	
539	5.380																																																	-315.47906	409.91373	-1424.26819				-385.10718	75.44711	-1407.01257	
540	5.390																																																	-316.90955	407.50580	-1431.80676				-385.98358	75.99929	-1408.22241	
541	5.400																																																	-318.61945	408.04733	-1440.34412				-385.85385	76.85699	-1408.24866	
542	5.410																																																	-320.70728	409.75409	-1436.94080				-386.68396	79.36182	-1407.34387	
543	5.420																																																	-323.15533	411.51096	-1434.41675				-387.02060	80.22707	-1408.46387	
544	5.430																																																	-325.78720	409.20248	-1444.94763				-386.83002	81.25355	-1406.75732	
545	5.440																																																	-329.47043	413.97433	-1437.10889				-388.30145	81.03262	-1409.33862	
546	5.450																																																	-330.43646	413.79684	-1442.06409				-389.70691	82.54591	-1409.69653	
547	5.460																																																	-333.38123	413.74469	-1451.39685				-391.88800	83.44261	-1410.91772	
548	5.470																																																	-335.93280	416.44946	-1446.82556				-391.96381	83.96790	-1411.08496	
549	5.480																																																	-338.33969	416.75208	-1447.79749				-393.28278	85.29175	-1413.64111	
550	5.490																																																	-341.57440	414.90121	-1456.97046				-394.26608	85.22873	-1415.68909	
551	5.500																																																	-344.24252	417.73499	-1451.48022				-396.73315	86.01694	-1419.19409	
552	5.510																																																	-347.19086	418.30060	-1458.01379				-398.26498	85.97787	-1422.55542	
553	5.520																																																	-350.75211	418.87656	-1461.03210				-399.29565	86.90813	-1426.38062	
554	5.530																																																	-352.89990	419.92126	-1460.70142				-400.81830	89.13151	-1428.08252	
555	5.540																																																	-356.85498	418.08228	-1469.66492				-403.66211	88.78157	-1433.47571	
556	5.550																																																	-359.63889	420.32346	-1466.28491				-405.57852	88.02725	-1438.55518	
557	5.560																																																	-363.71271	419.60837	-1473.66711				-407.86206	88.48459	-1441.73096	
558	5.570																																																	-366.64328	421.78159	-1472.75244				-410.53491	85.99839	-1450.93726	
559	5.580																																																	-369.09906	420.46069	-1480.74731				-412.57590	87.88023	-1453.14294	
560	5.590																																																	-371.82822	419.25275	-1486.55273				-415.74771	86.40082	-1459.90747	
561	5.600																																																	-375.15707	421.41028	-1482.53308				-418.78577	88.08134	-1466.15051	
562	5.610																																																	-378.71552	418.39581	-1492.88599				-423.45987	86.20487	-1476.17261	
563	5.620																																																	-381.47577	420.36526	-1489.30042				-426.74936	87.47138	-1480.62769	
564	5.630																																																	-385.53683	417.94058	-1498.48462				-431.56122	86.43385	-1490.67932	
565	5.640																																																	-390.09628	421.08948	-1492.66418				-435.73801	84.03374	-1498.56287	
566	5.650																																																	-394.47968	416.78189	-1507.03503				-440.07227	84.66095	-1510.39575	
567	5.660																																																	-399.86307	418.54715	-1505.22900				-443.83261	85.29837	-1518.10022	
568	5.670																																																	-405.24493	420.72803	-1506.50696				-448.59479	84.71030	-1530.25354	
569	5.680																																																	-410.38834	418.13116	-1519.64709				-452.29199	84.88393	-1538.08093	
570	5.690																																																	-415.83380	419.38184	-1518.47498				-455.47800	83.63667	-1552.51587	
571	5.700																																																	-420.03458	419.27982	-1522.03687				-459.44241	85.00610	-1561.73792	
572	5.710																																																	-425.46802	415.74609	-1533.34436				-461.78369	86.35966	-1566.69922	
573	5.720																																																	-429.22101	419.20950	-1527.85852				-464.93799	82.44210	-1588.12183	
574	5.730																																																	-434.38406	416.21466	-1537.77844				-467.29880	84.17954	-1596.55444	
575	5.740																																																	-437.74060	417.10739	-1537.04968				-470.07907	84.14804	-1607.17102	
576	5.750																																																	-441.89856	414.99274	-1545.75269				-472.45389	83.43080	-1617.10950	
577	5.760																																																	-445.88049	415.62622	-1544.29858				-474.47351	84.76208	-1628.39172	
578	5.770																																																	-449.82278	413.77792	-1551.87964				-476.51709	84.44749	-1637.65442	
579	5.780																																																	-453.67969	414.55847	-1549.79150				-478.69525	84.75515	-1648.24756	
580	5.790																																																	-457.94827	413.49335	-1557.46729				-480.32825	86.90396	-1651.89111	
581	5.800																																																	-461.73618	413.02151	-1558.78552				-481.27490	86.86974	-1662.89819	
582	5.810																																																	-465.88672	412.83182	-1565.04858				-483.55795	86.96245	-1668.51843	
583	5.820																																																	-469.26453	412.47610	-1569.91833				-483.64655	86.71302	-1675.65686	
584	5.830																																																	-473.09109	412.18781	-1575.38892				-485.47522	88.15132	-1679.11499	
585	5.840																																																	-476.86807	410.24927	-1580.25281				-487.24777	85.97287	-1687.29919	
586	5.850																																																	-480.63611	411.05350	-1583.75232				-487.69968	84.00965	-1693.88879	
587	5.860																																																	-482.01312	409.07611	-1590.33667				-489.01392	82.83856	-1695.79041	
588	5.870																																																	-484.89429	406.50766	-1600.97827				-490.93115	83.33600	-1695.18616	
589	5.880																																																	-486.20712	407.44852	-1601.76086				-493.36887	79.25004	-1702.92297	
590	5.890																																																	-486.83896	406.90387	-1606.25781				-495.00806	78.37756	-1704.59521	
591	5.900																																																	-488.52103	405.30255	-1614.62085				-496.55124	76.72987	-1704.45728	
592	5.910																																																	-489.59143	403.49274	-1622.67249				-498.29449	74.64381	-1705.25403	
593	5.920																																																	-489.64349	402.13101	-1627.50610				-498.87973	72.37795	-1708.80505	
