PathFileType	4	(X/Y/Z)	C:\Users\WrightLab\Desktop\Jo\P1.2Trial16.trc
DataRate	CameraRate	NumFrames	NumMarkers	Units	OrigDataRate	OrigDataStartFrame	OrigNumFrames
100.00	100.00	       463	19	mm	100.00	1	       463
Frame#	Time	Headset_Front			Headset_Back			Headset_Left			Headset_Right			Left_Shoulder			Right_Shoulder			Sternum			C7			Left Elbow			Right Elbow			Left Wrist			Right Wrist			Left ASIS			Right ASIS			S2			Left Knee			Right Knee			Left Ankle			Right Ankle			
		X1	Y1	Z1	X2	Y2	Z2	X3	Y3	Z3	X4	Y4	Z4	X5	Y5	Z5	X6	Y6	Z6	X7	Y7	Z7	X8	Y8	Z8	X9	Y9	Z9	X10	Y10	Z10	X11	Y11	Z11	X12	Y12	Z12	X13	Y13	Z13	X14	Y14	Z14	X15	Y15	Z15	X16	Y16	Z16	X17	Y17	Z17	X18	Y18	Z18	X19	Y19	Z19	

1	0.000	-593.79620	1324.57080	-775.56842	-561.71112	1479.35437	-1037.63306	-463.56906	1405.51453	-925.13550	-688.10486	1374.08582	-883.50977	-345.85016	1208.18896	-986.16510	-767.91626	1198.42590	-1018.29987	-571.70764	1135.58350	-890.12555	-548.75061	1271.34265	-1114.60388	-271.50345	926.58765	-1059.56421	-847.33582	950.17529	-1036.80396	-248.51915	713.98651	-928.49927	-905.84753	720.22351	-902.18176	-446.56973	824.73999	-885.40857	-705.12384	811.26929	-982.47571	-476.91074	881.80811	-1194.95227	-529.61548	449.05289	-808.70984	-692.67255	374.69058	-1084.99670	-536.38214	138.65468	-725.90741				
2	0.010	-593.96069	1323.56433	-767.19537	-563.56195	1477.80859	-1030.03186	-465.27103	1403.70190	-916.13843	-689.42706	1373.08081	-874.89636	-347.55344	1205.89331	-976.58557	-769.85022	1197.49731	-1009.82593	-574.22675	1133.45862	-881.47803	-550.80200	1269.56458	-1104.64490	-274.51218	924.53711	-1051.29346	-848.93872	949.00555	-1028.67847	-250.68631	712.04169	-920.78619	-906.12006	717.89630	-893.40637	-450.82422	821.91791	-875.49994	-709.50537	811.94385	-973.53510	-479.17191	879.43207	-1184.22034	-534.22974	447.24170	-800.75897	-692.86926	372.85040	-1079.87000	-543.18402	142.74452	-711.91949				
3	0.020	-595.61926	1322.74915	-760.00647	-565.00146	1476.49329	-1021.26031	-466.21667	1402.19360	-904.75629	-690.50525	1372.27722	-866.04034	-348.97610	1204.01575	-967.74097	-772.08679	1197.19324	-1001.93640	-576.31482	1132.01599	-871.96527	-552.06665	1267.39233	-1095.08557	-276.87378	921.97333	-1042.01599	-849.88379	947.80591	-1020.56244	-252.44200	708.85846	-913.62695	-907.23718	716.64722	-886.25604	-452.89438	821.83240	-864.76691	-714.30359	810.62152	-965.20313	-481.38052	877.43860	-1173.69861	-539.92151	448.08664	-793.56860	-693.97644	372.42282	-1072.43335	-548.85291	145.73918	-699.85242				
4	0.030	-596.96783	1322.43994	-750.51892	-566.28986	1475.40955	-1012.87598	-467.29587	1401.28198	-897.77985	-691.23596	1370.71252	-856.83276	-350.72501	1201.16504	-957.66608	-772.88483	1195.94019	-993.52118	-579.01837	1130.63965	-862.45148	-552.01617	1266.52893	-1086.96033	-278.85626	918.96594	-1033.92944	-851.07910	946.63977	-1012.53674	-255.32037	706.22266	-905.23181	-907.46167	714.66718	-878.06433	-456.31723	819.38715	-855.35553	-717.80890	810.05487	-956.70386	-483.66287	875.31958	-1162.96777	-545.20612	444.89676	-786.15137	-695.22351	371.67532	-1065.34680	-555.05255	145.88945	-689.31891				
5	0.040	-597.32434	1321.89050	-740.50812	-567.39874	1474.32922	-1004.54950	-468.34030	1400.20642	-889.60651	-692.24719	1370.11938	-847.75134	-352.28915	1198.55005	-947.53699	-775.03717	1195.62085	-985.62958	-581.22595	1130.01270	-853.01636	-555.39899	1265.05579	-1077.66858	-282.00305	917.29895	-1023.93719	-852.08252	945.56659	-1004.78131	-257.10342	703.16528	-898.12561	-907.66986	713.36127	-871.53546	-459.90927	817.79279	-841.67682	-720.80469	808.86182	-949.26141	-486.06076	873.22729	-1152.68555	-547.88849	447.51511	-770.19507	-697.72809	372.03635	-1056.83777	-559.72607	143.74159	-680.10132				
6	0.050	-597.69757	1320.54480	-731.83191	-568.42932	1473.09741	-995.55536	-469.19165	1399.68506	-880.58502	-692.95886	1369.45728	-838.84528	-354.10919	1197.01660	-937.96338	-775.62866	1194.20874	-976.35352	-583.58112	1129.39551	-843.51648				-284.58371	914.03656	-1012.70105	-852.62274	944.47357	-996.91064	-258.57156	700.46332	-889.53058	-907.33136	711.46655	-863.75470	-461.76715	816.03662	-832.14880	-725.15436	809.02881	-935.28882	-488.73907	871.23615	-1142.36182	-554.39459	445.82684	-761.43750	-698.93243	369.22586	-1057.03210	-561.31494	140.48987	-671.66394				
7	0.060	-598.19482	1321.53479	-723.41113	-569.09155	1472.45190	-987.37000	-469.44751	1398.89355	-871.74536	-693.24188	1368.88892	-829.39484	-354.69620	1194.37817	-928.68475	-776.98212	1193.52881	-967.51111	-584.47375	1128.26721	-833.74164				-286.47815	912.03674	-1005.10138	-853.15948	943.51587	-988.92517	-259.70782	698.12231	-881.93878	-907.07831	709.98224	-857.57526	-465.56757	814.77368	-820.92383	-728.83942	809.98975	-928.81500				-559.88953	444.25995	-751.27734	-702.67224	369.87988	-1046.60974	-563.80176	135.08070	-666.18036				
8	0.070	-597.75006	1320.72351	-712.82513	-569.69891	1471.35120	-978.06085	-470.27686	1398.15125	-862.14246	-693.99384	1368.51501	-820.03900	-355.90375	1192.87695	-918.07294	-777.79755	1193.25317	-959.05933	-586.85779	1127.96521	-824.37372	-555.42334	1261.52063	-1049.39563	-288.14288	909.76270	-996.14667	-853.50940	943.21570	-982.16589	-261.95947	695.54303	-873.07941	-906.66028	708.50629	-851.23578	-470.35352	813.42822	-809.41919	-733.04291	808.24115	-917.32141				-564.19208	442.12570	-738.93005	-704.65973	370.01273	-1039.80127	-566.17719	128.65230	-660.71564				
9	0.080	-599.09143	1321.43909	-703.06335	-570.05005	1470.77966	-969.29895	-470.69064	1398.26648	-853.50031	-694.35498	1369.15833	-810.95850	-356.42789	1191.25586	-908.89624	-778.92426	1192.90381	-949.81018	-588.49500	1127.72876	-813.10046	-555.05817	1259.97144	-1039.07239	-291.50113	907.15326	-983.80432	-853.74573	942.56952	-974.43188	-264.59512	692.80884	-863.12732	-906.56732	706.57898	-844.62805	-473.38940	811.84058	-799.16620	-735.76904	808.37225	-909.41949				-569.22961	441.76422	-726.47974	-708.18817	371.38986	-1029.66223	-567.58868	121.89479	-656.72858				
10	0.090	-599.19672	1321.89417	-693.90509	-570.27539	1470.33899	-960.19855	-470.67838	1397.83350	-844.78790	-694.53571	1369.43091	-801.14178	-357.58295	1189.29822	-898.33649	-779.48999	1193.12585	-940.74005	-589.94379	1128.21021	-802.71429				-293.84085	904.90948	-972.79785	-854.17249	942.09503	-966.68219	-266.10538	690.72266	-855.44720	-906.26257	705.80670	-838.96808	-476.33115	811.75409	-788.24054	-738.41339	809.10162	-898.90631				-572.67267	437.92569	-717.35254	-710.46387	371.88983	-1021.68793	-568.25415	115.14545	-653.07739				
11	0.100	-599.59430	1323.45288	-684.09985	-570.32367	1470.10217	-950.81317	-470.99963	1397.91394	-835.13898	-694.64191	1369.93408	-791.16309	-358.33929	1188.51929	-888.83081	-780.02649	1192.65930	-930.36328	-589.79736	1128.44519	-792.40619	-556.28253	1258.43140	-1018.75037	-296.57086	903.49823	-964.56989	-854.00891	942.75531	-959.66217	-268.59439	688.32544	-846.93762	-905.85834	704.53174	-833.14545	-480.52716	811.67535	-776.54584	-741.18573	808.64545	-887.64374				-575.68182	434.91965	-703.57806	-712.28986	373.18930	-1011.75726	-569.03900	109.13921	-648.77350				
12	0.110	-599.89429	1324.57764	-674.03278	-570.32733	1470.15100	-941.25043	-471.09027	1398.25610	-824.83167	-695.20404	1371.38721	-781.96344	-359.18393	1187.31226	-878.03912	-780.72015	1193.72339	-921.87628	-590.47479	1128.97681	-780.80792	-556.95532	1257.42883	-1006.99481	-298.68497	902.59723	-954.86981	-853.69324	943.09357	-952.19385	-270.78000	686.96252	-837.05377	-905.76813	703.87585	-826.92004	-483.77588	810.35828	-765.91565	-743.55200	810.27216	-876.65833	-504.82419	860.24805	-1065.39148	-579.12006	434.83731	-692.38483	-715.38385	374.40009	-998.62524	-569.75647	106.02673	-640.19073				
13	0.120	-599.70703	1326.19458	-663.54224	-570.29150	1470.54492	-931.91089	-470.99741	1398.95667	-814.22675	-695.24536	1372.76025	-771.89294	-359.40814	1186.66162	-866.84509	-781.25671	1194.85449	-912.19470	-591.54047	1130.33057	-769.96704	-556.17834	1259.11829	-998.40576	-301.70853	901.71198	-944.18817	-852.80536	943.73547	-944.17584	-272.44690	686.47937	-828.11230	-905.43762	703.84216	-821.65057	-486.52203	811.81763	-753.97510	-746.22339	811.52606	-864.02429	-507.42609	859.93890	-1053.59912	-582.33405	433.01865	-682.68787				-571.69690	103.02969	-632.72046				
14	0.130	-600.44226	1328.31641	-652.86938	-570.02704	1471.73511	-922.23175	-471.12970	1399.86145	-805.32520	-696.11859	1374.54846	-761.75891	-359.96039	1186.22656	-856.50800	-781.86395	1196.37854	-901.39862	-592.74597	1131.63513	-759.22412	-557.44336	1260.13574	-988.33636	-304.77307	900.68671	-935.10651	-852.11224	944.76477	-936.35272	-274.84192	685.14026	-819.49091	-905.72900	703.78436	-816.41492	-490.79568	811.90637	-742.05560	-748.72278	814.52026	-849.76239				-584.55475	431.40704	-675.24731				-574.11664	100.18645	-626.32184				
15	0.140	-600.32629	1330.55542	-642.29547				-471.30109	1401.62708	-794.87860	-695.44916	1376.33923	-750.90869	-360.70422	1186.44922	-846.00580	-783.47491	1198.97327	-892.03625	-593.45227	1133.01160	-748.02582	-558.88617	1259.62952	-976.41278	-306.45923	900.38159	-925.12317	-851.29431	946.31775	-928.37170	-276.36392	683.66418	-810.63965	-906.18933	704.52606	-812.08344	-493.52252	813.71381	-730.09283	-750.36346	815.98279	-839.18719	-513.98053	861.13672	-1038.37439	-586.99420	431.53851	-664.79254	-721.13129	381.18045	-968.15222	-577.00848	96.40193	-619.98419				
16	0.150	-599.89252	1333.02588	-631.99310	-569.85095	1473.88135	-901.74286	-471.50864	1402.89429	-785.56879	-694.89001	1378.89099	-740.58942	-360.93643	1186.65698	-834.80139	-783.03357	1200.19348	-880.61389	-594.51331	1135.93933	-736.99445	-557.31036	1261.90356	-966.68732	-310.00519	900.99823	-914.37189	-850.41132	948.27911	-920.09253	-278.38730	683.94629	-802.08374	-906.76276	704.87622	-806.72455	-496.15112	815.43457	-718.24719	-752.24414	818.52966	-823.79700	-515.08795	861.16888	-1017.53009	-588.69830	432.04840	-654.58923	-724.49628	383.40302	-956.44934	-578.02332	93.50942	-615.17926				
17	0.160	-600.16815	1335.48938	-621.52203	-569.79358	1475.27002	-892.04395	-471.01038	1404.36011	-774.94800	-695.58405	1381.47693	-729.87311	-361.78839	1187.61841	-825.05261	-784.44135	1203.24146	-870.24017	-594.97937	1138.35071	-725.98016				-311.59467	901.12708	-904.72992	-849.47797	950.46594	-911.83887	-280.24365	684.65619	-792.71368	-906.44885	706.21094	-802.10773	-498.63959	817.42255	-705.70605	-752.33002	821.23059	-811.55444	-517.15369	862.73010	-1005.85364	-589.52332	430.47128	-652.21948	-728.63409	386.95273	-944.00293	-578.97620	89.17468	-609.89148				
18	0.170	-600.18109	1338.10034	-610.18945	-569.71301	1476.57800	-882.11713	-471.14603	1405.34680	-765.14899	-695.01300	1384.07434	-718.88031	-362.95908	1189.11548	-814.69385	-785.07257	1205.82788	-860.12604	-595.65192	1140.19470	-715.03497	-558.63763	1264.47632	-944.83417	-314.49991	902.49384	-893.44800	-848.27197	953.27710	-903.56879	-282.90616	684.92694	-783.14288	-906.29376	707.49902	-797.61963	-500.24463	820.45093	-693.54126	-753.98785	824.53357	-796.71899	-519.17102	864.64526	-994.11853	-589.06952	435.66516	-633.67981	-734.03107	389.69025	-930.91931	-579.16125	85.75049	-606.52319				
19	0.180	-599.58624	1340.77075	-599.69983	-569.61969	1478.09375	-872.44696	-471.25650	1407.15100	-753.44873	-695.52869	1386.91174	-708.51141	-363.91669	1190.97119	-804.60571	-785.98273	1208.87109	-849.06873	-596.68738	1142.55359	-705.07544	-560.38605	1266.75281	-935.17657	-317.41470	903.81531	-885.35449	-847.03021	955.87592	-894.21967	-284.61880	686.65973	-773.18079	-905.88556	709.97119	-794.51898	-501.86606	822.71979	-682.74377	-756.03894	827.46503	-783.41400	-521.17157	866.06696	-982.39856	-589.31219	437.60028	-622.34131	-739.39307	392.84622	-916.64447	-578.83337	82.02603	-603.08600				
20	0.190	-600.82465	1343.55725	-588.42981	-569.73499	1479.14197	-862.43915	-471.18759	1408.53979	-745.08929	-695.00818	1389.41174	-698.11798	-363.99527	1193.03723	-794.37793	-787.82379	1211.76953	-837.58893	-596.81677	1144.70483	-694.16699	-561.67645	1267.66284	-922.93811	-313.90100	909.09393	-865.44110	-845.17426	958.22449	-885.46051	-286.38141	688.54932	-764.71332	-907.06335	711.61310	-789.71204	-503.47375	825.09967	-671.80896	-757.26758	829.92548	-773.97363	-522.90808	867.94098	-970.89563	-593.35321	439.19989	-614.65442	-747.02319	396.63315	-902.75519	-578.02496	78.83879	-601.29010				
21	0.200	-600.09064	1345.82031	-577.55798	-569.90363	1480.39307	-852.70178	-471.67749	1410.01147	-736.69165	-695.55377	1392.07507	-687.71686	-365.44244	1195.20056	-783.92590	-788.07886	1214.14929	-827.65961	-597.58771	1146.75000	-683.43420	-563.09564	1270.03662	-913.15430	-315.93909	911.26154	-855.13470	-844.83826	960.64929	-876.37891	-289.55002	690.47913	-754.35327	-907.39178	713.82599	-786.43695	-504.06253	827.84528	-661.12372	-757.55200	833.14014	-761.10510	-524.46759	869.60834	-959.38428	-593.11346	439.69302	-601.73273	-757.16333	399.21378	-887.41010	-577.55377	76.54234	-598.99786				
22	0.210	-600.75031	1348.60840	-567.21106	-570.16681	1481.49268	-842.89197	-471.25674	1410.75574	-725.34229	-694.84100	1394.14294	-676.78986	-366.68542	1196.95349	-773.19580	-789.94788	1217.06897	-816.28003	-598.38556	1148.46582	-673.03894	-564.11945	1271.96838	-904.02307	-317.77588	913.13385	-844.24042	-844.88855	963.76331	-868.23157	-291.05557	692.27863	-744.03949	-906.71033	715.92511	-782.48621	-504.98279	829.96576	-650.07831	-757.84253	834.70953	-747.76288	-526.08319	871.48340	-948.84985	-591.76855	443.26425	-588.96198	-767.28986	402.53537	-872.27869	-576.00580	75.57959	-596.37964				
23	0.220	-600.07220	1351.28308	-557.72394	-570.57495	1482.75171	-833.47711	-471.61761	1411.68591	-716.99615	-695.21918	1396.41516	-666.39716	-367.56723	1198.72034	-761.79205	-791.23871	1219.63062	-805.38043	-599.83698	1150.58264	-663.55676	-565.32532	1273.44128	-893.67969	-319.19482	915.26642	-833.89020	-845.57764	966.47650	-859.51489	-293.38849	694.65863	-732.47229	-907.17072	718.02972	-778.35400	-504.46664	831.79877	-639.75323	-758.09009	836.26068	-738.41180	-527.35016	873.43469	-938.71869	-590.34778	445.04340	-580.28558	-775.87329	404.49908	-854.54834	-574.90564	75.25393	-595.79462				
24	0.230	-599.86237	1350.76929	-555.90021	-571.23645	1484.08228	-824.02631	-471.84232	1412.17175	-704.88947	-694.94525	1398.58997	-655.38000	-368.47116	1200.89465	-751.93756	-793.42224	1222.01111	-794.66473	-601.19916	1151.70239	-654.65723	-567.08569	1274.84839	-882.90088	-320.81256	917.40790	-822.62872	-846.67346	968.97760	-850.68335	-295.59326	697.05481	-722.06750	-907.90564	720.02618	-774.36047	-504.90381	834.39368	-631.00604	-759.40479	837.98175	-728.35767	-528.41809	875.49219	-928.67773	-586.88928	444.78891	-571.55621	-784.66577	406.10223	-836.13031	-574.77332	73.93639	-594.49463				
25	0.240	-599.61920	1353.45630	-542.85999	-571.88849	1485.41248	-814.70172	-472.03677	1413.36487	-697.33398	-695.38837	1401.18286	-645.67737	-369.72897	1202.60291	-741.06940	-793.54913	1223.07397	-783.27704	-601.75830	1152.54517	-643.52002	-569.12531	1278.05774	-874.23407	-321.53671	918.35919	-811.05188	-848.13586	970.85309	-840.55127	-297.52774	698.03827	-709.22528	-908.91931	721.76538	-769.32959	-504.69244	835.35480	-621.03973	-759.25311	843.34662	-705.76892	-529.38043	877.58228	-919.49463	-583.55994	445.23859	-564.02722	-793.06958	409.30331	-817.08588	-573.95752	72.82485	-592.82220				
26	0.250	-599.39423	1354.76257	-537.01953	-572.90912	1486.49707	-805.01440	-472.79141	1414.55151	-689.00482	-695.20294	1403.30798	-635.49182	-371.31302	1204.51135	-731.01373	-795.54608	1225.30029	-774.00366	-602.32574	1154.04590	-634.94128	-569.71063	1277.76392	-863.73932	-321.30878	920.83618	-800.34979	-849.71021	973.10602	-832.26691	-300.01990	700.09711	-698.23669	-910.45764	723.30811	-764.00812	-503.79572	837.01324	-611.94415	-759.95245	845.18500	-696.18372	-530.27698	879.00830	-909.92517	-581.22467	444.60510	-556.16425	-801.29077	411.42795	-798.87994	-572.38574	72.13320	-591.69769				
27	0.260	-598.82147	1355.85608	-525.19379	-573.93658	1487.90393	-795.67938	-473.24689	1415.62378	-681.08643	-695.16821	1405.04272	-625.50439	-372.43127	1206.76758	-721.87128	-797.29260	1226.83472	-762.74127	-603.21704	1154.60706	-625.71271	-571.29626	1279.90820	-854.86243	-322.50394	922.16522	-789.14117	-851.62787	974.47211	-822.09296	-300.85608	702.72961	-686.48132	-912.32092	724.78992	-758.05737	-503.62753	838.16565	-602.03906	-760.37769	842.88623	-699.16034	-531.12738	880.49963	-901.43903	-577.92773	444.02512	-550.03717	-809.49286	414.52438	-778.38110	-572.36005	70.72153	-591.00903				
28	0.270	-597.81311	1358.95129	-508.00266	-575.16730	1489.26807	-786.18805	-473.82965	1415.74121	-669.62714	-695.59686	1407.07935	-615.35364	-373.68369	1207.96204	-712.72516	-797.86768	1227.62122	-752.85974	-604.87805	1156.30457	-617.13123	-573.26831	1280.69434	-844.36737	-321.53461	923.04889	-777.49634	-853.50287	976.15643	-812.61652	-302.31262	704.75250	-674.40240	-914.59851	726.47308	-751.42761	-502.67038	838.90704	-592.32941	-761.87396	843.36658	-685.18433	-532.14038	881.82605	-893.04974	-573.95081	442.61890	-544.08228	-817.53705	416.61588	-758.29126	-571.34729	69.50304	-589.34326				
29	0.280	-597.28687	1360.85876	-498.31396	-576.49103	1490.34253	-777.19666	-474.38577	1416.76843	-661.67517	-695.82690	1408.24841	-604.64197	-375.20285	1209.62939	-703.92163	-799.61414	1228.99243	-742.57623	-605.68689	1157.57056	-608.03839	-575.46423	1283.10010	-835.91425	-321.83395	924.94153	-765.94263	-855.80511	977.41437	-803.67444	-304.28888	707.11639	-659.64044	-917.49957	728.12549	-744.82379	-501.20175	840.18616	-583.75037	-761.72504	845.84094	-669.49554	-533.51880	882.73132	-884.99170	-570.04358	439.69980	-541.99896	-824.57080	418.51349	-736.89429	-571.37256	68.12076	-589.08545				
30	0.290	-597.50482	1359.86279	-496.75778	-577.97675	1491.63098	-768.27496	-474.90384	1418.03687	-654.51733	-696.13342	1408.89734	-594.74994	-376.31943	1211.19556	-695.56995	-801.09589	1230.74365	-733.22491	-606.59131	1157.51038	-598.48206	-576.82770	1284.60486	-827.96686	-321.41248	925.94305	-754.65253	-858.09222	978.46088	-793.83411	-305.76193	708.24213	-647.05139	-920.87225	729.48389	-737.31830	-500.36139	841.24817	-575.60260	-762.41132	846.57910	-659.69855	-535.10437	883.47015	-876.56299	-565.79846	437.43686	-536.95990	-831.22534	419.99979	-714.43530	-571.02063	67.61931	-589.12952				
31	0.300	-596.82410	1363.45264	-480.24368	-579.55487	1492.73230	-759.18781	-476.07346	1419.40417	-646.35645	-695.84985	1409.82556	-585.35156	-376.99042	1212.52710	-686.25458	-802.18628	1231.03162	-724.00720	-607.25244	1158.56921	-589.04041	-578.26349	1285.00293	-818.18542	-320.62390	927.00970	-743.55280	-860.22113	979.95831	-785.02557	-305.54550	711.42291	-633.36786	-924.36224	730.53955	-729.47424	-500.21243	841.73657	-568.24377	-762.87170	846.89722	-650.93817	-536.90350	884.76898	-868.68866	-560.74548	436.11838	-533.61975	-837.93005	422.58710	-691.38593	-570.72192	66.78729	-589.36890				
32	0.310	-596.85565	1360.24280	-481.09909	-581.03113	1494.16760	-750.23260	-475.99945	1419.90894	-637.53210	-696.55078	1410.92163	-575.41357	-378.66721	1213.95728	-678.42303	-803.74469	1231.59399	-714.21228	-608.02087	1159.74353	-580.88647	-579.68384	1286.27783	-809.77185	-318.44891	928.85846	-733.16669	-862.51086	980.69763	-775.75586	-307.86728	712.77142	-619.82629	-927.70129	731.34393	-721.29230	-500.16452	842.55261	-561.34894	-763.07574	844.66644	-641.45972	-539.04205	885.32782	-860.13446	-556.96301	433.83661	-530.13055	-843.80334	425.76886	-668.06958	-571.09857	66.09151	-589.00427	-741.78290	189.52715	-921.66040	
33	0.320	-595.48810	1361.58728	-470.60126	-582.57690	1495.66748	-741.29034	-477.07532	1421.26465	-629.15228	-696.61511	1411.89355	-565.75842	-379.15756	1215.40881	-671.11053	-804.82959	1231.92468	-705.17749	-608.31726	1160.41296	-572.19940	-581.17279	1287.43823	-801.43304	-317.96741	929.58752	-721.79907	-864.60211	981.58362	-767.30798	-308.34363	715.03540	-605.01953	-930.99445	732.38196	-713.34924	-497.73297	844.46387	-548.38458	-763.94281	846.61127	-631.85925	-540.99487	886.62360	-851.83459	-553.38354	432.00644	-526.67657	-851.80878	430.08627	-644.37805	-570.62262	65.06384	-589.77283	-746.52954	190.90385	-900.80243	
34	0.330	-596.46417	1363.82739	-459.79477	-584.31238	1496.43506	-732.45990	-478.06812	1421.76794	-620.87817	-697.58154	1413.10339	-556.51605	-380.36267	1216.41895	-663.90784	-805.76215	1232.38904	-695.68420	-609.63403	1161.90942	-563.79010	-582.93085	1288.14331	-792.90057	-318.04187	930.65649	-711.79370	-866.65710	982.10699	-757.66888	-309.85867	717.40833	-592.42975	-934.51074	733.46259	-705.15387	-496.58801	845.79535	-539.57605	-763.00562	847.44855	-621.26929	-543.38599	887.58875	-843.24738	-549.72949	430.46790	-522.15631	-858.46759	434.54086	-619.63568	-570.09637	64.85204	-590.64435	-752.36273	191.69110	-878.69202	
35	0.340	-594.37164	1366.06262	-444.27829	-585.95264	1497.63635	-723.26617	-478.68204	1422.89050	-613.28278	-697.67902	1413.59460	-546.84619	-381.25729	1217.41296	-655.52246	-807.69806	1234.08130	-687.37140	-610.17328	1162.53931	-554.91620	-584.53375	1288.86853	-783.61005	-317.55084	931.39215	-700.87756	-868.39813	983.05847	-749.34918	-311.74768	719.69397	-577.91809	-938.14764	734.48639	-695.98267	-496.58542	846.53845	-532.57025	-830.63336	763.74677	-857.43262	-545.94702	888.36621	-834.82117	-545.20020	428.27362	-520.67462	-860.14539	440.77881	-599.07062	-569.84137	64.24087	-591.87964	-759.30310	191.12518	-857.00726	
36	0.350	-593.25018	1366.91943	-435.48816	-587.49121	1498.96472	-714.43213	-479.40170	1424.07397	-605.22247	-698.25092	1414.50195	-537.57697	-382.13028	1218.61658	-648.10876	-807.98688	1233.86670	-678.35101	-610.05035	1163.33215	-545.83698	-585.91943	1290.25330	-775.73651	-317.07272	932.42590	-692.74200	-869.89685	984.13702	-741.15356	-311.85242	722.01819	-565.67395	-941.31207	735.79944	-687.75690	-495.38046	848.21027	-523.40509	-831.77710	763.69788	-851.09119	-548.63861	889.00287	-826.20551	-541.31964	426.37170	-516.99664	-857.58929	446.45862	-580.37146	-569.89404	63.68934	-592.93921	-766.42279	191.49980	-833.71240	
37	0.360	-592.88062	1368.64404	-427.04489	-589.04248	1500.02820	-705.18921	-479.86963	1425.22681	-597.47461	-697.96875	1414.39441	-527.88342	-382.84564	1219.58508	-640.30841	-809.61719	1234.75525	-669.22473	-610.02258	1164.15833	-537.65570	-587.74945	1291.66724	-767.78741	-316.09210	934.34631	-682.41077	-871.39313	984.67688	-732.68451	-313.12598	724.56854	-553.66193	-945.36884	737.49023	-678.85205	-494.72992	849.45477	-515.03729	-833.50519	764.37415	-845.45776	-551.33514	889.69672	-817.47510	-537.48260	425.05548	-514.79718	-855.64337	451.37192	-562.68311	-570.57532	63.04472	-595.18292	-772.52332	187.97914	-810.40485	
38	0.370	-593.34900	1367.93079	-417.57391	-590.60999	1501.24597	-696.47095	-481.05457	1426.02112	-589.11066	-698.45599	1415.09290	-518.51837	-383.35086	1221.09790	-633.78485	-810.83600	1235.74500	-660.77393	-610.63324	1165.92310	-529.37439	-589.32544	1292.46240	-758.44080	-317.21524	935.05371	-673.38031	-872.40417	985.94171	-724.50281	-313.11639	727.22119	-540.17426	-947.76318	738.68439	-670.61304	-496.68494	848.57898	-511.02753	-764.27539	848.38062	-581.35687	-554.19885	890.70319	-809.78333	-534.55420	421.72116	-512.12097	-853.51996	454.33157	-544.61395	-569.95929	62.99250	-596.76245	-778.41443	185.07079	-785.48969	
39	0.380	-593.95923	1365.09912	-418.21729	-592.15033	1502.20837	-688.10583	-481.70529	1426.88354	-581.21594	-698.99994	1415.74768	-509.27029	-383.69485	1222.30298	-627.59698	-811.15936	1235.53125	-650.50970	-611.15521	1167.17285	-521.14734	-590.57245	1292.84546	-750.31689	-317.16068	935.71869	-664.44263	-873.57983	986.69263	-716.04358	-313.83838	729.39862	-528.90967	-949.07495	739.53125	-661.75330	-495.42227	850.32001	-503.19836	-762.88989	847.81165	-570.45691	-557.28711	890.93463	-800.85022	-531.32458	421.57626	-510.25790	-853.24841	457.55865	-528.58600	-569.86761	62.29186	-598.27063	-783.81610	179.94646	-759.83990	
40	0.390	-592.19415	1369.79468	-401.21201	-593.53186	1503.19214	-678.70355	-482.71088	1428.17432	-572.56079	-699.76093	1415.73328	-499.41595	-384.84131	1222.48291	-619.49597	-812.21985	1237.00928	-641.49030	-610.54767	1167.56677	-511.88052	-592.25543	1293.54150	-741.34375	-318.14944	936.68048	-657.55310	-874.52515	987.91498	-707.59735	-313.78760	731.30927	-518.90033	-951.33228	740.12616	-652.64777	-494.14438	851.61432	-495.68900	-764.10315	849.60059	-560.25439	-560.28687	891.65057	-792.59967	-529.47388	419.63388	-507.03140	-851.53333	460.73050	-513.14471	-569.78979	62.36650	-598.29376	-789.84210	174.09238	-732.79242	
41	0.400	-594.73706	1365.74915	-399.68002	-594.89386	1503.88550	-669.82465	-482.86945	1428.63757	-563.73932	-700.08270	1416.69788	-490.96692	-385.46573	1223.49146	-613.17053	-813.44843	1238.13562	-632.22162	-610.40820	1168.08447	-503.92828	-593.28888	1294.97351	-734.36829	-317.78369	937.09912	-649.66766	-875.59631	988.64331	-698.68927	-313.30676	734.13367	-508.83328	-953.90778	741.72229	-643.82104	-492.84470	852.25775	-487.29919	-762.89825	849.35718	-549.48914	-563.48260	891.90643	-783.72052	-527.29517	418.72440	-504.68378	-850.92010	465.26019	-494.86270	-569.21545	62.65561	-598.50983	-795.12384	168.74434	-705.95551	
42	0.410	-591.73383	1370.54333	-382.85178	-596.16516	1504.68140	-660.97729	-483.91132	1429.93530	-555.79431	-700.34827	1417.18030	-481.97580	-386.31870	1223.83630	-605.50696	-814.50159	1238.16101	-622.51819	-610.88068	1169.29126	-495.43991	-594.54816	1294.37366	-723.72662	-319.44614	937.60712	-642.83057	-876.52911	990.11847	-690.74573	-313.48514	734.59888	-499.73328	-954.83337	742.69257	-635.92798	-490.28058	853.02551	-480.46011	-761.55743	849.55005	-537.94684	-566.64984	892.65289	-776.49573	-525.04993	417.81079	-502.04843	-849.22638	469.89944	-479.01266	-568.65723	62.39906	-599.32892	-803.29016	163.27396	-678.87360	
43	0.420	-591.33722	1370.63208	-373.73572	-597.37976	1505.16455	-651.98022	-484.49326	1430.27747	-548.06268	-700.92432	1417.15015	-472.34680	-386.76495	1224.35339	-598.76599	-814.57117	1239.29980	-613.26154	-610.29156	1169.29590	-487.70883	-596.76904	1295.79004	-716.02972	-319.64346	938.13409	-634.20160	-877.79407	990.70203	-681.43665	-313.54080	735.87408	-491.67166	-956.33533	744.01813	-626.58563	-488.78085	854.03577	-473.39456	-762.20673	850.11005	-527.89911	-569.90662	893.23468	-768.94397	-524.35547	416.73849	-500.68250	-846.29321	472.68951	-463.20090	-568.05194	62.83538	-599.60046	-809.74762	156.75729	-650.05408	
44	0.430	-593.63361	1366.46130	-373.36053	-598.39899	1505.93518	-643.27380	-484.98709	1430.65125	-539.03583	-701.28003	1417.19250	-463.15414	-386.93494	1224.59070	-591.10468	-816.01257	1240.32007	-603.88885	-610.11395	1169.60742	-478.36301	-598.00916	1296.90637	-708.92279	-320.79486	938.04620	-626.90228	-878.78363	991.94287	-672.45471	-312.26947	736.34552	-482.83575	-957.80066	744.46680	-617.62805	-486.60773	854.11273	-465.89185	-760.88501	849.37585	-516.97589	-573.01398	893.32416	-760.07336	-522.16907	417.00705	-497.18347	-843.06464	476.19330	-448.43933	-567.46185	63.26387	-599.87158	-816.70483	150.83363	-621.54150	
45	0.440	-592.37518	1366.50122	-365.05832	-599.52911	1506.10999	-634.81512	-485.27646	1431.16077	-530.98480	-701.51672	1417.09741	-454.15533	-387.84335	1224.83521	-584.49072	-815.96155	1239.87646	-593.09631	-609.54114	1170.06299	-469.64584	-598.64197	1296.16980	-699.08978	-321.66873	938.28821	-619.75635	-880.16534	992.68408	-663.50018	-311.92560	736.04242	-474.34348	-958.88135	745.19873	-608.40643	-484.44958	854.33002	-459.19745	-760.37457	850.06964	-506.68878	-576.08728	894.11121	-752.78687	-521.11731	414.65997	-494.88406	-839.34747	478.42416	-433.35696	-567.14154	63.06407	-599.59747	-821.09106	144.85468	-591.78925	
46	0.450	-591.65277	1365.59045	-360.01254	-600.48969	1506.21582	-625.16364	-486.02228	1431.73718	-523.52979	-701.91760	1417.42664	-445.32684	-388.88882	1224.92310	-576.46216	-817.55426	1241.47107	-584.03046	-610.15955	1169.73816	-461.39307	-600.23499	1297.23364	-690.78418	-322.56186	938.42896	-612.22406	-881.34778	993.48151	-653.63794	-310.97171	736.95148	-467.97714	-960.11945	746.13477	-599.82227	-482.56927	855.19122	-449.35831	-760.85773	850.30798	-496.64624	-578.84113	893.74579	-744.51312	-520.36639	414.71109	-491.40222	-834.72168	480.11551	-420.31677	-566.56152	62.71860	-599.96704	-826.72522	138.92984	-561.10229	
47	0.460	-592.07471	1366.53772	-348.07565	-601.34656	1506.11475	-615.76276	-486.50388	1431.68042	-513.99072	-701.54407	1416.67639	-435.27264	-389.17023	1224.51013	-569.93115	-818.30151	1241.57715	-573.66547	-609.69873	1169.94495	-452.84152	-601.32458	1296.58008	-681.77704	-322.67874	938.55920	-605.04065	-882.69440	994.14001	-644.36743	-309.90897	737.18896	-459.93652	-961.01697	746.53900	-589.83606	-481.43683	855.18274	-443.83337	-759.63275	848.28931	-485.66754	-582.24438	893.93994	-736.56372	-518.86597	414.12140	-488.85431	-828.48492	479.34552	-404.62372	-566.08472	62.56099	-600.59216	-832.03253	134.05011	-530.30530	
48	0.470	-591.56213	1366.34460	-337.29532	-602.09894	1505.94629	-606.64844	-486.47162	1431.87366	-506.08231	-701.93732	1417.03735	-426.10074	-390.18390	1223.74976	-561.75903	-818.59479	1242.02832	-563.77887	-609.03815	1169.68091	-444.45901	-602.43634	1295.85840	-672.32129	-324.93356	937.25977	-598.19556	-884.04474	994.37128	-634.12457	-310.91003	736.78796	-452.65955	-961.86011	746.81543	-580.51154	-479.67554	854.96887	-436.87857	-758.82196	849.10669	-476.01282	-585.75281	893.67798	-728.84186	-518.05090	412.45242	-486.45078	-823.97974	479.81076	-392.56503	-565.84961	62.28757	-600.52606	-837.53979	130.80170	-499.71695	
49	0.480	-591.28845	1365.99109	-329.86945	-602.74487	1505.81006	-598.10168	-486.80692	1430.87415	-496.85144	-700.68097	1415.88513	-416.45453	-390.65128	1223.31555	-555.54071	-819.12500	1241.57983	-552.75983	-609.08167	1169.42151	-435.44229	-604.24683	1295.77100	-662.65747	-325.64508	936.74097	-590.57080	-885.40332	994.79236	-624.82056	-309.41156	735.93732	-445.40277	-962.77765	746.66718	-570.77698	-478.64380	853.94501	-431.11536	-759.75201	848.35321	-465.61905	-588.99347	893.45453	-720.91223	-516.63147	411.61517	-482.59341	-818.86719	478.97675	-380.97784	-565.55200	62.60452	-600.74103	-840.45056	126.42413	-467.76230	
50	0.490	-590.15839	1365.78589	-321.23428	-603.39307	1505.23926	-589.36511	-487.16934	1430.86035	-488.32129	-701.82257	1416.41943	-407.48248	-390.67844	1222.82178	-548.46735	-820.81543	1242.37573	-543.24158	-608.61798	1168.40479	-426.41721	-605.29889	1295.99036	-655.14270	-326.06134	935.48639	-583.62885	-886.75458	995.13953	-615.09479	-309.59473	735.66956	-438.07050	-963.22821	746.80731	-560.58856	-477.46152	853.86237	-423.86786	-758.95862	847.18219	-454.59915	-592.52295	893.21429	-713.10614	-516.83612	410.97876	-479.84729	-812.96844	478.06433	-369.20795	-566.03760	62.70061	-601.69763	-844.70203	126.03025	-438.73465	
51	0.500	-590.06757	1365.78845	-310.26044	-603.88849	1504.75952	-580.30792	-487.01532	1429.90613	-479.55289	-701.03925	1415.03821	-397.72769	-392.01938	1221.63574	-541.08417	-820.95020	1241.23804	-531.90656	-606.91718	1167.55188	-415.48029	-606.59894	1295.95764	-646.48993	-327.48102	934.93250	-576.17957	-889.60016	996.02161	-605.53113	-309.46402	734.39966	-431.67593	-963.75555	746.22131	-550.65601	-476.81897	852.95593	-415.72824	-758.75085	846.98059	-444.77182	-595.91492	893.02203	-704.59186	-517.74530	409.56277	-476.71173	-807.81042	476.96307	-358.95602	-566.05878	62.94663	-602.43512	-846.22968	122.99952	-405.86526	
52	0.510	-589.61816	1364.14795	-301.51660	-604.48950	1503.76917	-571.20288	-486.67059	1429.38184	-471.18616	-701.79492	1415.77039	-388.62936	-392.90408	1220.02075	-533.01410	-821.11554	1239.91614	-520.42889	-606.84906	1166.87573	-407.20590	-607.96875	1294.13086	-635.29169	-327.84784	933.92151	-569.65601	-890.87085	995.51721	-595.13049	-309.26471	732.97296	-425.88965	-965.10071	746.01349	-539.58972	-476.35275	852.17834	-408.73926	-760.15704	846.57233	-434.10669	-599.51123	892.11481	-696.71051	-518.01050	409.52820	-472.52954	-802.29175	474.31003	-349.00244	-567.34991	62.54795	-603.55579	-846.83289	121.82740	-375.27502	
53	0.520	-588.01740	1363.43774	-293.99811	-604.94421	1502.90881	-562.05450	-487.80200	1428.10815	-463.03717	-701.42242	1414.71826	-378.50998	-393.48819	1219.01624	-525.12982	-822.26239	1240.61755	-510.86111	-606.83154	1165.36768	-398.79602	-610.43933	1294.85522	-627.20789	-330.25555	932.19849	-562.10645	-891.99866	995.11383	-584.67017	-308.43002	732.03296	-419.86142	-966.13275	745.44324	-529.12799	-475.99808	850.05573	-402.76385	-761.02820	841.95209	-434.25632	-602.61542	891.61353	-688.24347	-517.62372	408.68524	-469.35202	-796.50531	472.39923	-339.36108	-567.35779	62.55851	-603.56458	-848.35339	123.86234	-346.36719	
54	0.530	-587.73163	1361.67664	-285.88632	-605.50189	1501.49207	-552.35028	-487.71451	1427.12939	-454.02591	-701.37341	1414.33948	-369.44031	-394.20340	1217.29944	-518.48969	-821.94226	1238.88354	-499.22046	-606.36755	1163.77319	-388.46863	-611.44568	1294.16602	-619.05432	-330.84500	930.94403	-555.79639	-892.42749	993.52863	-572.72937	-308.89532	729.58563	-412.25018	-967.41571	744.74609	-518.34357	-476.19431	848.92249	-396.02774	-761.18958	844.52417	-411.51883	-606.12280	890.53912	-679.53625	-517.67517	407.07608	-465.91019	-791.92072	468.90845	-328.88840	-567.59210	62.83133	-603.63037	-847.69092	126.61758	-316.51605	
55	0.540	-586.91815	1361.40112	-275.32626	-605.71893	1499.91296	-542.92072	-487.33640	1425.59668	-445.21182	-701.33655	1412.95398	-359.30542	-394.73795	1215.98328	-510.63425	-823.43317	1238.28748	-489.01596	-606.10083	1162.70728	-379.13858	-612.23193	1291.23865	-607.37286	-332.23364	929.28021	-548.20111	-894.92108	993.67822	-563.32825	-308.73450	728.03729	-406.59006	-968.58649	743.94281	-507.27628	-476.42438	847.67816	-390.43118	-761.93213	842.29211	-401.08914	-610.19214	890.03302	-671.58386	-517.34790	406.11728	-462.39801	-789.19843	467.75668	-320.79306	-567.58868	62.82676	-603.62659	-844.56854	129.52693	-286.79135	
56	0.550	-586.43341	1360.91626	-266.01392	-605.99976	1498.16846	-533.60913	-488.15878	1424.18359	-437.23364	-699.69873	1410.72083	-349.04947	-395.48944	1213.91345	-502.68225	-823.39484	1236.64563	-476.78665	-605.78589	1160.80005	-370.31940	-613.98260	1290.93713	-599.12073	-333.16153	927.49078	-541.18866	-896.11102	993.17633	-552.85254	-309.47141	726.09473	-400.04022	-969.47968	742.64203	-496.08545	-477.33606	846.11670	-383.14502	-763.33417	842.22205	-389.04199	-613.46704	888.57916	-662.10516	-516.87268	403.89316	-457.31949	-786.01715	465.74786	-310.68927	-567.50470	63.07793	-602.97638	-841.17065	133.64696	-260.75549	
57	0.560	-585.67059	1359.43335	-256.17374	-606.71039	1496.86597	-524.27960	-488.21909	1422.62036	-427.77176	-700.74567	1410.21558	-339.13324	-396.74930	1212.05554	-495.04172	-824.32941	1236.37756	-466.40927	-605.58545	1159.20862	-360.60858	-615.07642	1289.21912	-589.73785	-333.68292	926.03497	-534.67023	-897.29053	991.82190	-541.30493	-309.28253	723.91748	-394.21265	-970.30267	741.41144	-484.90311	-478.15582	843.57666	-377.90488	-763.92651	840.39111	-378.05084	-617.17682	886.95868	-653.17316	-515.66418	403.11337	-454.26614	-782.96759	463.34100	-301.23929	-567.37140	63.53908	-601.84979	-837.74152	139.19576	-234.51599	
58	0.570	-584.23157	1357.49658	-248.28949	-607.35870	1495.32776	-514.93335	-488.04230	1421.50391	-419.77109	-700.69543	1409.48352	-329.31885	-397.35388	1210.29358	-486.66519	-824.26770	1234.02368	-454.27628	-606.02008	1157.96606	-351.99146	-616.90857	1287.58557	-579.83636	-335.26105	924.22388	-527.09930	-898.65680	990.55255	-530.08716	-308.77100	721.30292	-389.07687	-971.54974	739.91949	-473.02606	-479.16650	842.21033	-369.34506	-764.21667	839.38434	-365.98514	-620.45282	885.09076	-644.26257	-515.35040	401.63214	-450.23718	-780.45654	461.16000	-290.87399	-567.25348	63.95473	-600.84167	-833.01215	144.80013	-209.76318	
59	0.580	-583.98413	1357.03577	-238.17368	-607.88135	1493.69812	-504.93335	-488.16617	1419.55115	-410.57895	-698.68622	1407.32520	-318.72592	-397.90057	1208.70178	-479.64835	-825.79456	1232.95728	-443.42401	-604.13171	1156.41382	-341.27557	-618.61914	1285.41663	-569.20831	-336.52371	922.02435	-519.74969	-899.88245	988.95551	-518.33569	-310.09695	719.26373	-383.46872	-972.78662	738.93494	-461.23453	-480.28302	840.38696	-364.97061	-765.02234	838.07086	-353.28946	-624.21423	883.75397	-635.08734	-513.87177	400.94754	-445.35114	-778.96277	460.90683	-281.17029	-567.23804	63.93367	-600.82410	-827.33228	150.16833	-185.04584	
60	0.590	-583.00159	1354.73474	-228.56593	-609.01086	1492.21460	-496.13464	-488.80527	1417.75439	-401.79196	-700.29810	1407.06763	-309.09332	-399.01950	1207.08911	-471.61652	-825.75977	1231.17847	-431.72104	-603.54865	1154.67090	-331.15167	-619.59131	1284.75269	-561.12964	-337.47833	919.94708	-512.50775	-901.03290	987.85223	-506.94290	-311.23337	716.68207	-376.90588	-974.11615	737.67761	-449.39114	-481.45776	838.05084	-358.36136	-765.36053	833.04987	-350.19818	-627.88190	882.12360	-625.58240	-512.82794	399.15475	-441.65454	-776.97687	459.50900	-271.71048	-567.22144	63.91117	-600.80530	-822.57080	156.27534	-164.14293	
61	0.600	-583.27637	1353.78845	-216.98976	-609.66907	1490.40686	-486.14636	-488.64194	1416.54724	-393.16940	-700.04852	1406.05701	-299.36139	-399.82709	1204.31458	-463.02045	-826.46338	1228.81848	-419.83401	-603.84387	1153.85620	-321.72226	-621.53961	1281.87134	-549.80280	-338.16385	918.23523	-506.09775	-902.40338	986.12433	-495.25644	-311.25406	714.64301	-372.20129	-974.98450	736.08783	-437.48489	-482.12225	836.62964	-350.41367	-765.37817	831.96875	-336.67596	-631.72534	880.87805	-616.56097	-511.36313	397.64157	-438.04721	-773.95007	458.65750	-261.29507	-566.94324	63.88941	-600.18195	-817.28046	160.91101	-144.78294	
62	0.610	-581.71393	1351.98657	-208.70653	-610.85986	1488.81189	-477.33725	-488.70462	1414.42114	-384.39621	-697.55872	1403.02197	-288.57111	-400.87085	1202.35486	-455.22134	-827.96545	1228.27808	-408.93936	-603.25470	1152.31787	-311.14948	-623.45471	1279.89001	-540.11548	-340.92465	916.42749	-498.65265	-903.60516	984.26111	-482.63217	-311.28687	711.89337	-365.34369	-976.07568	734.05481	-424.58151	-483.49435	834.90216	-342.54916	-766.13574	830.08350	-326.31540	-635.10065	878.54266	-606.67535	-511.49716	395.59631	-433.17960	-772.07397	457.78220	-250.47000	-566.92438	63.86378	-600.16052	-813.05280	164.85497	-127.08562	
63	0.620	-578.88507	1350.96765	-192.04883	-611.85077	1486.43750	-467.15677	-489.68414	1412.12634	-374.90280	-698.37250	1400.94434	-278.46719	-402.47821	1200.67981	-447.32687	-827.96313	1225.57129	-396.48840	-602.65771	1149.90710	-300.65567	-625.14587	1277.68628	-530.17957	-342.87012	914.12909	-491.08044	-905.13702	982.80090	-470.28830	-311.88721	709.12396	-359.76642	-977.26160	732.47229	-412.49484	-484.05048	833.24573	-335.55066	-763.96411	830.81610	-302.74603	-638.18951	876.45367	-597.01935	-509.12335	394.21805	-428.99554	-769.82886	457.29672	-239.09911	-566.62177	64.26518	-600.39581	-806.65015	167.19337	-112.09785	
64	0.630	-580.36920	1349.46631	-188.77354	-612.58795	1484.87341	-458.24344	-489.68954	1410.91431	-366.40442	-697.36871	1399.35474	-268.14755	-403.31143	1198.91882	-439.39133	-828.64453	1224.09021	-384.02765	-602.99573	1149.28345	-290.71359	-627.66736	1276.41968	-519.88141	-344.30933	912.36877	-484.60428	-909.34875	983.08002	-459.54709	-311.82550	707.10278	-354.60983	-978.56671	730.94647	-399.67581	-485.85614	831.75519	-329.51993	-764.50098	828.55920	-294.00977	-641.68042	874.35388	-586.74725	-508.65955	392.98053	-424.26196	-768.90601	455.20999	-227.09596	-566.46869	64.34312	-600.39880	-802.16864	167.79073	-99.02451	
65	0.640	-578.07770	1348.08728	-172.94395	-614.27563	1482.84900	-448.86636	-490.37823	1409.34680	-358.52457	-696.50995	1397.88940	-257.63977	-405.03958	1196.50562	-431.74936	-829.76123	1222.79126	-372.88071	-602.03943	1147.35620	-281.03986	-629.65558	1274.20972	-510.19522	-346.05893	910.56744	-477.83868	-910.32843	980.23944	-446.16138	-312.25226	704.67194	-350.16135	-979.57611	729.32684	-386.68723	-486.95135	830.05658	-321.52341	-762.50787	828.08221	-282.38525	-645.49817	872.67688	-577.03119	-508.55066	391.88843	-418.39114	-768.25757	454.54364	-213.07275	-566.36029	64.99818	-600.59106	-796.76398	166.39694	-87.33256	
66	0.650	-578.64398	1347.34167	-168.57507	-615.34058	1481.22021	-438.75323	-491.00381	1407.80432	-349.46326	-697.26764	1397.53528	-248.05510	-406.24582	1195.02026	-423.94119	-831.04242	1221.26123	-361.15024	-602.80664	1144.93811	-271.81442	-631.78210	1272.29785	-499.88043	-347.97842	909.07715	-471.75601	-910.68274	978.58405	-432.84259	-311.37454	702.59772	-345.07886	-980.63794	727.31866	-373.83841	-487.66406	828.84955	-313.96228	-762.52423	825.45551	-270.60757	-648.49530	871.38843	-566.97485	-507.34402	391.00693	-411.89713	-766.20990	453.38873	-198.91290	-566.50153	66.31512	-599.66382	-792.96021	162.70897	-77.44347	
67	0.660	-575.71149	1345.73474	-154.87366	-616.70862	1479.75830	-429.36581	-491.75607	1405.40515	-340.20853	-696.15790	1396.00940	-237.32385	-407.87476	1193.26392	-416.04535	-831.61823	1219.51489	-347.97534	-602.76685	1143.27820	-261.38263	-634.08630	1271.01025	-490.15256	-349.52472	907.39911	-465.26932	-910.93536	975.74823	-418.87375	-311.73209	699.97601	-339.74948	-981.94800	725.38556	-360.10553	-487.93280	827.54364	-304.88464	-761.88989	825.18243	-257.16815	-651.45502	869.07745	-556.02625	-507.01807	388.44269	-403.94513	-762.47278	451.85934	-187.21275	-565.81067	67.51380	-598.82080	-787.82434	156.39101	-69.10769	
68	0.670	-574.70941	1345.62170	-144.89589	-618.27173	1478.57178	-420.07788	-492.74408	1404.39050	-332.44559	-695.39508	1394.47375	-226.45456	-409.26123	1192.45105	-408.29105	-833.04822	1218.35901	-336.22180	-602.80042	1142.66406	-251.66563	-636.32422	1268.90564	-479.42331	-352.70529	905.54120	-458.23666	-912.51532	974.14258	-405.82681	-311.94531	698.18878	-335.26086	-983.93567	723.69128	-345.78189	-488.74426	826.11176	-296.34323	-761.55377	823.17853	-245.23953	-654.20441	867.44659	-545.11420	-508.47073	387.35016	-396.29953	-759.57751	450.68622	-172.92502	-566.10748	68.79753	-597.79559	-783.27832	149.50545	-61.87782	
69	0.680	-573.47363	1343.72644	-136.78879	-619.76892	1477.24182	-410.19162	-493.11087	1402.95435	-323.01758	-696.07825	1394.53125	-215.44202	-411.59427	1190.48315	-400.40109	-834.22113	1217.39172	-324.59436	-601.84241	1141.53735	-240.95053	-639.19452	1267.36792	-469.00082	-354.90442	904.72247	-451.58582	-914.34277	972.06390	-391.43030	-312.52878	695.98529	-330.19360	-985.34283	722.72400	-332.29672	-488.18411	824.95886	-287.16843	-759.77887	821.46057	-233.86058	-656.64825	866.03998	-534.07007	-507.66251	386.80600	-388.88229	-757.98492	448.17154	-159.62442	-564.78894	71.27843	-596.57379	-778.60339	141.73288	-56.84374	
70	0.690	-572.65021	1343.36548	-125.64868	-621.32629	1476.05176	-400.18445	-493.99792	1401.72266	-315.17242	-695.22388	1393.47424	-204.77711	-412.98999	1189.86292	-392.14117	-835.24469	1216.04614	-311.33398	-602.39301	1141.49756	-230.14467	-641.62628	1266.00745	-458.61914	-357.26825	903.62384	-446.17569	-915.62189	970.55212	-377.61749	-311.96262	694.96918	-326.73721	-985.19226	721.09772	-318.56448	-487.37115	824.10327	-277.15411	-759.56250	820.92871	-220.15286	-659.54248	864.64124	-523.21332	-507.66107	385.12241	-381.07941	-755.91943	444.94135	-149.20500	-565.50220	73.17313	-594.75146	-775.66534	136.38202	-50.66126	
71	0.700	-572.41754	1343.54272	-116.80802	-623.17383	1475.17297	-390.42065	-494.70578	1401.19373	-307.15454	-694.98254	1392.39209	-194.37711	-415.23575	1189.03162	-384.61499	-836.23285	1214.44958	-299.13562	-602.04114	1141.32288	-219.47670	-644.49268	1264.52258	-447.54578	-360.49731	903.09039	-439.43814	-916.92688	969.17273	-363.39856	-311.68652	694.18402	-322.63168	-987.00397	719.62073	-303.50369	-484.91629	824.62805	-263.71085	-758.14929	819.61511	-209.55420	-661.20062	862.76605	-510.85416	-508.28448	384.23575	-370.96832	-754.01068	442.59723	-133.68977	-564.73767	76.13827	-591.70154	-775.13196	136.07909	-42.54618	
72	0.710	-569.71185	1342.19470	-107.97511	-624.72070	1475.54126	-380.68021	-495.49182	1400.53247	-297.91748	-694.68500	1393.05029	-183.36530	-417.06592	1188.25000	-376.84598	-837.09729	1213.56714	-285.25043	-602.26190	1141.69434	-209.08611	-647.43201	1263.66064	-436.68332	-364.85233	902.63623	-434.52548	-918.42230	967.90692	-348.98575	-311.04282	693.41846	-318.87149	-987.94513	718.70081	-289.20175	-484.80261	823.44006	-253.88721	-756.87549	819.76080	-195.06317	-663.43719	861.54211	-498.99631	-506.95871	383.59818	-361.57861	-752.71185	438.84540	-125.29742	-563.91656	79.68703	-587.84442	-772.86542	137.02338	-33.95803	
73	0.720	-568.66583	1343.09277	-97.22952	-626.23743	1475.90613	-370.09460	-496.50717	1401.41443	-289.10446	-693.72620	1393.88147	-172.04045	-419.05170	1188.03577	-369.42148	-838.61420	1213.17834	-272.66434	-602.32825	1141.82507	-197.40143	-650.18695	1263.25562	-425.63940	-368.75476	902.33057	-427.61276	-919.55377	967.14801	-335.52271	-311.83148	692.92334	-315.88638	-988.63928	717.80951	-274.65405	-483.77927	823.71497	-243.32465	-756.98657	818.95221	-181.01494	-665.22638	860.55212	-486.61621	-507.28476	382.93512	-352.22418	-751.38727	438.57068	-110.43655	-564.07043	82.75279	-583.26526	-771.80750	135.88237	-25.76809	
74	0.730	-568.93445	1344.24255	-86.31821	-627.25879	1475.97681	-359.72696	-497.39771	1401.68140	-280.41006	-693.15204	1395.09473	-160.25783	-420.75912	1189.55591	-362.50858	-839.04047	1212.72034	-258.48547	-601.63867	1142.38013	-187.04266	-654.01489	1263.50830	-413.92679	-372.07693	902.92377	-422.78067	-920.45587	966.47656	-320.53299	-311.04437	693.08917	-313.18594	-989.20856	717.24744	-259.46286	-483.40057	824.88538	-231.62186	-754.26062	819.32373	-169.40614	-667.53333	859.97675	-473.71875	-505.56396	383.61838	-341.33142	-750.68176	437.43857	-99.37080	-564.61700	87.16441	-578.23041	-772.55743	133.55103	-17.81353	
75	0.740	-567.44885	1345.30957	-76.80717	-629.35931	1476.79553	-349.19870	-497.76343	1402.68579	-271.82602	-692.27509	1396.86450	-149.80704	-422.68915	1190.59912	-354.57834	-839.64868	1213.13757	-245.35204	-601.45032	1143.79272	-175.72141	-655.98938	1264.08887	-403.13098	-375.72461	903.66467	-417.02319	-921.23431	966.18939	-305.53671	-312.68497	693.11383	-310.00787	-989.56909	717.01563	-245.26956	-483.44525	825.76044	-220.21292	-751.97272	820.70990	-153.44298	-669.42059	860.15161	-461.11282	-505.92035	383.84470	-329.79462	-750.60791	437.69788	-87.48534	-563.16095	93.22361	-573.13531	-774.37140	129.21515	-10.28148	
76	0.750	-565.10260	1346.77185	-67.86149	-631.49670	1478.10596	-339.07504	-498.03720	1403.75977	-263.56256	-691.72876	1398.51501	-138.57887	-424.48911	1192.27881	-347.49048	-840.12207	1213.22864	-231.78638	-600.84802	1145.72595	-165.94327	-657.32153	1265.57397	-392.45514	-380.07794	905.34351	-411.42593	-922.02100	966.65912	-290.87949	-312.88065	694.82916	-306.04312	-989.39099	716.88647	-229.70081	-482.79840	827.42096	-209.41087	-751.43982	820.90717	-143.02731	-671.86029	861.28125	-448.89536	-505.73239	384.64938	-315.98001	-750.86365	440.20731	-75.07087	-564.81311	98.33969	-564.39874	-775.61835	125.57618	-4.42615	
77	0.760	-561.98401	1349.10522	-59.78623	-632.88763	1479.37817	-328.94437	-499.31052	1404.67712	-253.66974	-690.39569	1400.11023	-126.84560	-426.40094	1194.49939	-339.49637	-840.53455	1213.85376	-218.15576	-599.84369	1146.98938	-155.55751	-660.99396	1267.34192	-381.05182	-384.05502	908.08795	-406.02209	-922.06396	967.22614	-275.37674	-314.01089	696.78607	-304.04617	-989.13464	717.67493	-214.49814	-482.40793	828.91711	-198.40669	-749.52637	823.27411	-130.11945	-673.73285	863.11237	-437.53754	-505.48944	386.27353	-301.99924	-750.94873	440.93030	-66.02688	-564.94324	104.54243	-555.85901	-778.26166	121.00625	-1.97982	
78	0.770	-560.40887	1350.79749	-49.48531	-634.13586	1480.56628	-318.69101	-499.72766	1406.06091	-245.11859	-689.01697	1401.86523	-115.72672	-427.72882	1196.99280	-332.01260	-839.76251	1215.28076	-203.80077	-599.28650	1149.07617	-145.61459	-663.53760	1268.95947	-370.46133	-387.92590	910.71442	-400.99188	-922.42865	968.56439	-260.28751	-314.36694	699.16968	-302.36490	-988.92755	718.82025	-199.23126	-484.10162	831.62152	-189.30707	-748.35651	826.23535	-116.76035	-675.30188	865.23169	-425.84903	-505.51749	386.74393	-287.25769	-751.56049	443.03281	-55.07765	-565.27100	111.60813	-545.44458	-778.55133	118.37257	2.60917	
79	0.780	-558.35199	1352.66455	-40.48389	-636.11304	1481.13635	-307.80765	-500.07938	1407.43274	-236.10092	-688.77338	1403.37659	-104.47501	-429.10413	1199.60339	-323.78287	-838.77350	1216.36182	-190.24278	-597.05707	1150.44202	-136.28873	-665.21954	1270.84619	-359.34134	-391.81290	913.76471	-395.30975	-922.52106	969.53613	-244.57297	-316.66693	701.52466	-300.17603	-988.11804	720.43304	-183.31516	-481.72385	833.30682	-178.13248	-746.60498	828.31580	-105.26904	-676.46521	867.06183	-413.91275	-505.84604	389.02606	-271.90497	-752.18530	445.70047	-41.24637	-565.58130	118.65961	-534.47998	-778.81433	117.13568	6.64769	
80	0.790	-556.17749	1354.97522	-31.37248	-637.35516	1482.21423	-297.63907	-500.09631	1408.93677	-227.51274	-686.86084	1404.70520	-93.84204	-429.34271	1202.21960	-315.26154	-837.80084	1217.92737	-176.96481	-596.40417	1152.95996	-127.05631	-666.97992	1272.87097	-348.56412	-396.15540	917.51703	-390.69482	-921.70721	971.47626	-228.09930	-317.87115	704.44244	-297.59189	-987.41425	722.70355	-167.33705	-482.23358	834.73718	-168.53453	-745.81586	827.96112	-97.37255	-677.88196	869.23615	-403.30823	-506.98209	391.08340	-255.20593	-751.94250	448.20398	-29.28442	-565.47144	125.76153	-521.74359	-777.88080	115.56960	11.60116	
81	0.800	-555.58582	1356.50549	-26.21308	-638.51086	1484.01416	-287.76663	-500.49765	1411.24463	-219.08517	-686.11987	1405.75232	-83.21719	-430.31027	1205.51501	-307.66238	-836.49225	1219.52856	-163.14081	-594.19525	1154.44055	-117.85307	-668.18622	1274.25684	-337.69122	-399.66403	920.55829	-385.21164	-922.01056	973.46869	-213.54953	-318.22324	707.18488	-294.16907	-985.83264	724.61694	-151.05910	-481.42578	836.59430	-160.48491	-744.59100	832.41913	-83.90572	-678.74878	872.05811	-393.26083	-506.98492	391.56000	-237.74666	-751.60376	450.64343	-20.28937	-564.87451	132.03142	-506.76752	-777.54626	113.24299	12.83177	
82	0.810	-553.40588	1358.32202	-18.38819	-639.26508	1485.94385	-277.66980	-500.39642	1413.42822	-209.20808	-685.08350	1407.46704	-72.79908	-430.85303	1208.05615	-300.96399	-835.51422	1221.62634	-150.83951	-592.59259	1155.88306	-108.48601	-669.65985	1276.32434	-328.37134	-403.11404	923.98615	-380.07568	-921.77759	975.11310	-197.62134	-321.23425	709.14893	-291.39767	-984.43341	726.77991	-133.22363	-480.09531	838.64709	-151.82298	-742.74884	834.06195	-73.18871	-679.90430	874.61493	-382.72433	-500.83853	393.54031	-218.97130	-751.41736	452.73776	-10.04811	-565.02142	140.12758	-492.07910	-778.05212	112.68902	19.49612	
83	0.820	-550.89191	1360.01245	-4.76833	-639.38574	1487.49414	-267.83752	-500.11447	1415.74133	-201.39182	-683.13910	1408.37463	-62.49229	-431.37515	1211.12378	-293.97293	-833.13831	1223.27002	-137.54984	-590.31189	1157.25049	-99.38719	-671.14581	1278.62024	-318.86554	-405.84299	927.60455	-375.33075	-921.07404	977.29407	-181.74339	-322.28183	711.98273	-288.91135	-983.37549	730.11322	-117.11994	-480.11334	839.79041	-143.40106	-742.30005	836.51141	-62.51846	-680.75903	876.22156	-372.59619	-495.42169	394.86542	-200.29137	-751.31140	453.47137	-0.80873	-565.51160	148.84572	-475.40634	-774.67334	109.67174	19.40268	
84	0.830	-549.08374	1360.32507	-0.11169	-639.90363	1489.72620	-257.14847	-499.74106	1417.46716	-192.77655	-681.74286	1408.76660	-52.55158	-431.42142	1213.52222	-287.63821	-830.12927	1225.01599	-125.14714	-587.54425	1159.41357	-91.34637	-671.61304	1280.23279	-308.18924	-409.24615	931.18170	-373.36942	-920.40674	979.08984	-165.53625	-323.72549	714.68976	-286.37537	-981.54468	732.07245	-97.88996	-479.70697	841.76141	-134.53400	-739.79321	838.24847	-51.83332	-681.89673	878.08539	-362.69394	-487.42822	398.69220	-178.61523	-750.38416	454.12387	8.18664	-566.57990	158.38078	-457.26089	-772.95892	108.51971	23.24163	
85	0.840	-546.23779	1361.59680	12.62313	-640.17334	1491.76770	-247.57349	-499.20743	1420.22693	-184.97456	-680.32324	1410.48071	-42.70480	-431.64990	1215.76440	-281.46405	-827.75342	1227.54468	-112.46049	-585.05872	1161.00342	-82.98495	-672.31079	1282.12280	-298.04044	-410.51807	932.93182	-365.74994	-919.35541	980.95740	-149.29485	-325.43237	716.52393	-282.14026	-979.45917	734.63635	-80.32192	-478.66129	842.83112	-128.52980	-738.67004	840.59595	-43.18821	-683.21295	879.91223	-353.44681	-482.66110	401.01901	-158.11333	-751.51715	454.07120	14.62888	-567.35706	168.46574	-439.55548	-771.93634	105.07682	23.64629	
86	0.850	-544.41107	1362.76868	22.22538	-640.18469	1493.96240	-237.74889	-498.48227	1422.49915	-176.12271	-679.05566	1411.50378	-33.20515	-432.11597	1217.29492	-275.57324	-825.48511	1229.40125	-100.82507	-582.00903	1162.54773	-76.05910	-672.53613	1283.63184	-288.01242	-412.65384	934.42029	-359.24591	-916.46783	983.30841	-132.49817	-326.92599	718.58636	-278.92584	-977.14630	736.71136	-61.30299	-478.15622	844.18884	-120.94216	-736.59723	841.99023	-32.63325	-683.81915	881.42603	-344.81909	-478.09735	403.52448	-137.30989	-750.81104	452.67764	21.59953	-567.51337	177.12175	-423.20395	-771.05127	104.95013	26.69023	
87	0.860	-542.90546	1364.51843	27.88480	-639.19501	1495.51453	-228.36531	-497.74246	1424.67725	-168.05696	-677.18945	1412.35510	-23.42952	-432.15503	1219.45959	-270.14355	-822.52917	1229.18408	-94.42371	-578.51392	1164.05603	-68.41190	-673.18549	1285.71826	-279.28418	-413.34677	937.18665	-354.96585	-914.88641	984.94482	-116.56815	-327.99957	720.31665	-274.42169	-974.61682	739.73395	-42.76513	-476.31583	846.07758	-115.84781	-734.29224	843.77850	-22.92847	-684.94293	882.65399	-336.40134	-472.99448	407.68387	-116.40078	-751.22107	452.93399	27.96762	-569.04980	187.34697	-405.68469	-770.04480	104.25040	27.47289	
88	0.870	-539.65204	1365.16565	39.18970	-638.98792	1497.87158	-218.19754	-496.43402	1426.47437	-159.17548	-674.39996	1413.12866	-13.77782	-432.35190	1221.09570	-264.42465	-818.50378	1231.65552	-75.61026	-575.36151	1165.19385	-60.26625	-673.83276	1287.81824	-269.74750				-915.22479	987.98309	-100.99374	-328.59583	722.66541	-271.26968	-971.99792	742.69324	-23.68056	-474.98575	847.92761	-110.97594	-731.94092	845.81842	-13.03624	-686.65753	884.21429	-328.97525	-468.37860	411.82532	-93.50295	-751.86938	451.82932	32.37752	-568.79919	192.89584	-385.48712	-769.47003	102.82838	27.74836	
89	0.880	-536.07166	1365.49036	47.12511	-638.54413	1500.13220	-209.10486	-495.34305	1428.53992	-151.44521	-672.39539	1414.51086	-4.63434	-432.92349	1222.71948	-259.19531	-816.25714	1234.81653	-64.47442	-571.96307	1165.79175	-52.62369	-673.84448	1289.71448	-260.01099	-413.50281	940.88477	-346.49417	-912.47864	988.93762	-84.86250	-328.58514	724.51166	-265.86121	-968.90863	744.99805	-4.63012	-472.76520	849.42285	-105.89196	-728.83441	846.76434	-4.02192	-687.65344	885.52673	-320.56860	-464.09952	417.05289	-71.58740	-752.41626	451.10342	37.95851	-568.76080	199.41374	-367.24600	-769.37842	102.03804	27.58305	
90	0.890	-533.58801	1367.30029	55.01385	-637.58038	1501.87329	-199.04547	-493.63458	1429.96094	-142.38191	-669.87274	1415.48865	4.91253	-433.04575	1224.94067	-254.33627	-812.85492	1235.81995	-53.33462	-568.91925	1167.25354	-45.49265	-673.92969	1291.71240	-251.40858	-414.25272	942.35986	-340.28217	-910.89868	991.17029	-68.81511	-328.92950	727.02179	-261.64450	-965.49512	748.01819	14.62616	-470.96716	850.54443	-100.56902	-725.03619	848.74188	4.99211	-689.07520	887.59552	-312.52267	-459.60657	423.37134	-51.04596	-752.63739	449.17285	42.40892	-568.83801	202.41966	-346.80493	-769.39862	101.42091	28.22459	
91	0.900	-530.73907	1368.30835	62.05309	-636.36578	1503.53772	-189.37257	-492.15674	1431.74390	-134.62282	-667.20917	1416.63257	14.99100	-432.73718	1226.43701	-248.84525	-810.27313	1236.95227	-42.90650	-565.48999	1168.27722	-38.90978	-673.93280	1294.00757	-242.31821	-414.17639	943.70776	-334.87152	-908.23163	993.30725	-54.60910	-329.03726	728.90381	-257.34665	-961.38062	750.43762	33.74784	-469.25098	851.63953	-95.11279	-721.91058	850.27161	12.51239	-690.42896	889.80640	-304.24313	-456.55304	429.65961	-33.13525	-752.36426	448.23590	46.70551	-568.56097	204.69133	-324.34747	-769.48145	101.30231	28.17656	
92	0.910	-527.61200	1369.19165	70.43762	-635.07727	1505.33521	-180.25389	-490.14691	1433.37048	-126.50826	-663.74554	1417.56763	23.77650	-432.59299	1228.38770	-243.59860	-806.32855	1239.30188	-31.62075	-561.60669	1169.80518	-31.94670	-672.94208	1295.36487	-232.68352	-413.47290	945.39374	-330.10687	-905.52747	994.68317	-39.18668	-327.95041	730.28473	-251.30095	-957.20624	753.63196	52.23709	-467.55951	853.12463	-90.76193	-718.22888	852.29340	21.92709	-691.66241	892.12451	-295.72446	-451.09799	436.91537	-18.29430	-751.43475	446.16483	50.99544	-568.81128	205.39439	-302.22910	-770.02094	100.98801	27.99298	
93	0.920	-524.47998	1370.31335	78.51520	-633.36249	1506.87439	-171.19669	-487.66800	1434.79944	-119.07674	-661.26117	1419.05444	32.56038	-432.77405	1230.30786	-238.02701	-803.19183	1240.31104	-21.47446	-558.56555	1170.66040	-25.24075	-672.80780	1297.38293	-223.76712	-413.57291	947.63892	-324.75171	-902.39569	996.65686	-24.46941	-327.32358	731.88190	-246.61780	-952.44489	756.22760	71.03494	-464.90128	853.79730	-85.88021	-714.17725	853.79669	29.36223	-692.65210	894.91132	-287.65695	-445.20053	444.06528	-5.54868	-751.79449	444.06766	53.99830	-568.75061	205.92189	-278.96985	-770.08643	100.62181	27.94059	
94	0.930	-521.00659	1371.00879	86.17285	-630.34943	1508.05493	-162.19472	-485.92465	1436.55615	-110.46482	-658.07959	1419.92578	42.15389	-432.56900	1231.56372	-231.81238	-799.41895	1242.45483	-10.37223	-555.04883	1172.61707	-17.96771	-671.72089	1299.17554	-214.07387	-413.53900	949.21619	-319.41571	-899.53107	998.94543	-9.75067	-326.39310	733.97540	-241.13008	-947.03015	758.75897	90.28591	-462.61053	855.67651	-80.78894	-709.84290	854.76599	37.82192	-693.29779	897.44495	-279.88376	-439.14008	449.44263	5.58484	-750.90118	442.77533	58.06068	-567.77875	205.25290	-255.67654	-770.25714	100.84276	27.79731	
95	0.940	-517.05951	1371.42383	94.12065	-629.47321	1510.11121	-153.35768	-483.65253	1437.80981	-102.33900	-654.58350	1419.95911	50.40892	-431.59686	1233.69836	-226.15588	-796.36334	1243.45789	1.22920	-552.25098	1173.64258	-10.01974	-671.27252	1300.92310	-205.62535	-414.01675	950.90070	-313.11902	-896.40619	999.91644	4.85516	-325.03210	735.34430	-236.15007	-942.10870	761.46130	108.64193	-460.65836	857.15826	-75.04720	-706.33044	856.32629	45.09148	-693.04022	899.06323	-270.97406	-433.14752	456.80911	18.98409	-750.97528	440.72653	60.66491	-567.08594	202.76555	-232.02397	-770.78052	100.75175	27.54168	
96	0.950	-513.67499	1372.27502	102.47453	-627.28406	1511.89685	-143.93979	-481.28769	1438.87952	-94.14421	-650.85852	1421.11877	59.68349	-430.76965	1235.09814	-220.28731	-793.14258	1244.93054	9.67810	-549.62958	1175.26392	-2.26789	-670.51837	1302.65210	-197.58086	-414.86304	952.33319	-307.90768	-892.71167	1001.97192	18.56297	-323.73853	736.73114	-232.36247	-935.70270	764.30109	126.81912	-456.58682	858.60388	-69.77037	-701.98938	857.39813	53.07260	-692.92828	901.40375	-263.96622	-425.52811	465.18552	32.85992	-750.66711	438.53680	62.86623	-571.08203	192.48987	-214.60524	-772.25275	100.06485	26.46988	
97	0.960	-509.20425	1373.75781	110.37062	-624.87714	1513.46130	-135.05519	-478.51910	1440.36389	-87.60886	-646.92236	1422.16174	68.22472	-430.00104	1236.68323	-214.10213	-789.74072	1246.78870	20.07480	-546.55823	1176.42078	5.24506	-669.07306	1303.93384	-188.24686	-414.94342	953.92896	-303.01526	-889.19611	1003.77405	32.67631	-323.48041	738.23431	-227.89267	-929.14850	767.13306	145.02850	-454.69809	860.35150	-64.31084	-698.15765	858.63678	59.90723	-692.08069	902.18579	-255.91679	-418.92081	471.52963	42.75254	-748.89136	436.97247	66.07745	-562.41333	193.01425	-183.16713	-772.25745	100.05932	26.46681	
98	0.970	-504.44989	1373.10486	117.28957	-622.53064	1514.65527	-126.20592	-475.44705	1441.07605	-80.68449	-643.37604	1422.97852	77.12005	-429.01758	1238.10901	-207.83829	-786.00079	1248.34583	29.43623	-543.07538	1178.03650	11.66195	-667.56702	1304.97266	-179.14584	-415.79257	955.52264	-297.17267	-885.11133	1004.94550	45.49975	-321.58417	740.13892	-224.23170	-922.72382	769.87012	162.57112	-450.92413	862.33215	-58.52155	-694.77899	859.03687	66.59807	-691.41064	903.51251	-247.93466	-412.90317	477.89056	52.34662	-747.45349	435.33945	68.72698	-558.50305	188.28850	-160.32582	-772.65936	99.69447	26.37874	
99	0.980	-500.73920	1373.45569	124.60728	-619.79376	1515.51440	-117.62650	-472.77698	1441.26208	-72.40828	-639.11707	1423.23792	85.66970	-427.94113	1239.23413	-201.55522	-782.46082	1249.23962	39.60599	-540.09229	1178.82483	18.56512	-665.75024	1306.10046	-170.18228	-415.78497	957.49829	-292.32193	-881.54431	1006.89978	58.82526	-321.32886	741.02612	-219.81660	-915.36456	772.19061	179.97054	-448.18695	863.91278	-51.60919	-690.29108	859.69244	75.06029	-689.96246	904.36487	-239.76205	-407.60309	482.66797	59.90984	-746.15387	435.33203	71.83490	-553.51208	182.74652	-135.39297	-772.60669	99.39817	26.94496	
100	0.990	-496.65042	1373.36926	132.54764	-616.65253	1516.02441	-108.13013	-469.86044	1441.85876	-64.64188	-635.62225	1423.71863	93.98070	-426.34131	1239.86389	-194.24367	-779.16754	1250.64587	49.07164	-536.61920	1179.91040	25.71453	-664.68689	1307.40808	-162.04478	-416.29657	958.70844	-286.59802	-877.15759	1008.28442	72.33839	-320.73047	742.56500	-215.31195	-909.83282	775.80658	195.89905	-444.59320	864.70020	-45.87169	-686.50085	860.33356	82.34692	-688.78247	905.58179	-232.96721	-402.92758	487.39462	67.59643	-744.36389	433.98499	75.60224	-546.96698	177.79469	-112.11674	-772.74109	98.87109	26.81283	
101	1.000	-492.20920	1372.97998	139.70464	-614.08594	1517.06262	-100.05542	-466.39767	1441.36987	-57.40466	-631.21429	1424.23157	102.68266	-424.52054	1240.31091	-187.97394	-775.57819	1252.41089	59.38417	-533.97064	1180.47705	34.35682	-662.72626	1308.27258	-153.87550	-416.27713	960.07245	-281.59512	-873.97284	1009.89703	84.71597	-319.99234	743.13208	-211.62315	-902.41937	777.56445	214.85732	-442.00156	865.78601	-39.61963	-682.21198	861.29822	90.41508	-686.86108	906.08258	-224.75557	-396.87131	491.67554	74.96918	-742.95697	432.40106	78.79366	-538.50940	172.40868	-89.14249	-773.29901	98.48971	27.58412	
102	1.010	-487.78998	1372.67249	147.31282	-610.82947	1517.50684	-91.38943	-463.40787	1441.96106	-50.72950	-626.63928	1424.14526	111.26004	-422.81860	1240.70056	-180.59291	-771.53186	1252.54980	67.54728	-530.25293	1180.69226	41.36824	-660.38696	1308.80493	-144.32614	-415.93240	960.01447	-274.43466	-869.60358	1011.37585	96.48267	-319.51505	743.57635	-208.31277	-892.48792	779.62115	232.59840	-438.39435	866.66998	-32.85561	-678.07147	861.78223	97.87336	-685.62756	906.87592	-217.81866	-391.07498	495.51981	81.42676	-738.79388	430.85602	79.02880	-529.31110	167.64322	-67.18981	-773.91821	96.01756	25.28566	
103	1.020	-482.97836	1372.05725	154.53381	-607.85400	1517.25134	-83.13646	-460.43008	1441.15747	-42.91464	-622.42328	1423.83496	120.25509	-420.53394	1240.93286	-173.89360	-767.24518	1253.51733	78.08234	-527.23755	1180.68054	50.01099	-657.74768	1308.32458	-135.62640	-416.30807	960.50903	-268.16226	-866.16058	1012.42078	108.58837	-319.10306	743.16333	-203.99017	-884.19598	781.69373	248.25031	-435.86411	866.83466	-27.02885	-675.01837	861.35333	103.71429	-683.71924	907.83698	-210.25543	-386.17355	498.89990	87.99463	-736.71472	429.75204	82.96092	-518.37292	161.90120	-44.29099	-773.71582	95.82452	26.67839	
104	1.030	-478.09381	1371.25586	161.86705	-603.67181	1517.03540	-74.66162	-456.46552	1440.97131	-36.12371	-616.86273	1423.24353	128.13528	-418.40701	1240.76880	-167.28362	-763.41547	1253.78528	86.20070	-524.23718	1179.57397	56.40474	-655.92395	1308.72839	-128.23500	-416.23502	960.19366	-261.02591	-862.03772	1013.56885	120.75637	-318.38611	742.97858	-199.38542	-876.10675	784.47443	263.72766	-432.32590	867.25983	-20.66528	-671.13831	861.72339	111.63430	-681.49817	908.38995	-203.57066	-380.68954	501.56158	94.95278	-733.43890	428.69968	88.14169	-505.69159	157.27028	-23.78697	-773.88110	93.40900	25.95108	
105	1.040	-473.11060	1370.03967	169.03854	-601.20013	1517.46753	-66.43188	-453.34393	1440.73315	-29.43619	-612.65173	1422.78430	136.76418	-415.68512	1240.40051	-160.26056	-759.37408	1253.85510	95.14786	-519.44580	1179.53442	62.94858	-652.55603	1308.64197	-119.70045	-414.69138	960.39465	-256.24908	-857.72968	1013.57953	133.39183	-317.37442	742.89764	-196.55295	-867.18762	785.90625	278.23438	-429.20172	866.92432	-15.42748	-667.42023	860.91516	119.89048	-679.43658	908.54669	-196.56873	-375.75018	504.24350	102.82477	-730.37634	428.52151	92.60759	-492.06186	151.84865	-0.52354	-774.07507	92.15763	26.11625	
106	1.050	-467.97354	1368.98181	176.18466	-597.53125	1517.16394	-57.85206	-449.63104	1439.84521	-21.68470	-607.75568	1422.07153	145.20282	-412.77887	1239.53467	-153.69856	-754.57660	1254.42407	104.44930	-515.58612	1179.35437	71.38489	-649.65015	1308.34753	-111.40285	-413.13904	960.18982	-250.40945	-852.98163	1014.11542	144.88683	-315.62057	741.75690	-191.60121	-858.55957	787.11035	293.28580	-425.99698	865.82764	-9.42736	-664.43616	860.46606	127.43949	-676.62354	908.70953	-188.75230	-370.96231	506.08463	109.93526	-727.55994	427.59915	97.12434	-476.77286	147.88815	21.66117	-774.19531	91.91345	26.06831	
107	1.060	-463.67773	1369.00220	184.64281	-593.83502	1516.12817	-49.18991	-445.85422	1439.42493	-15.00700	-602.52887	1420.93921	153.09814	-409.83112	1238.17468	-145.64610	-750.08777	1253.77942	114.22353	-512.13281	1178.03442	78.74857	-645.90967	1307.87451	-102.14208	-411.86880	959.13397	-243.18843	-848.18738	1014.27625	156.14453	-314.63577	741.07062	-187.18735	-849.85754	788.49225	307.54642	-422.31500	865.50610	-3.45842	-660.58252	859.52411	135.66817	-674.27045	908.60065	-182.23544	-367.01901	507.81906	117.60381	-724.33936	426.15543	100.30019	-460.81567	142.39275	43.43414	-773.57605	91.30317	27.81018	
108	1.070	-457.73111	1367.27991	191.21638	-589.81818	1515.76306	-40.65189	-441.33871	1438.24573	-7.32129	-596.88824	1420.13440	163.45708	-407.08673	1237.28625	-138.88193	-744.55206	1253.89673	122.87225	-507.45471	1176.99023	86.42929	-642.27130	1307.13599	-94.12083	-410.06628	958.54364	-236.49553	-843.49664	1014.07806	167.63049	-312.89722	739.84601	-183.36420	-840.58398	789.02197	321.11942	-419.54248	864.81250	3.03697	-656.89746	859.02649	143.73599	-670.95648	908.22668	-174.96809	-362.74771	508.29599	123.96856	-721.31927	424.97757	102.11136	-443.39865	139.13123	64.55300	-773.14612	90.84193	28.11033	
109	1.080	-452.34534	1365.87817	198.30472	-586.03174	1514.88989	-32.06218	-437.38443	1437.54138	0.10237	-591.48212	1418.97400	171.16200	-403.06583	1235.99231	-131.70036	-740.33636	1252.95630	132.40834	-503.26196	1175.61523	94.85867	-638.57001	1306.43396	-85.62940	-408.14841	957.50513	-230.51089	-838.40851	1013.99005	178.44688	-310.85815	738.68402	-178.23541	-830.89240	789.54193	334.06201	-416.19391	863.45953	10.01195	-654.39178	858.62927	150.63705	-667.95081	907.95221	-167.23262	-358.57883	508.31116	131.73596	-716.95331	423.61249	106.49210	-425.44363	134.84981	86.10055	-773.17987	88.15820	20.97443	
110	1.090	-446.03922	1364.41577	205.10814	-582.06769	1514.63647	-23.52398	-432.58026	1436.83801	5.94706	-586.15271	1417.95813	179.59898	-399.27020	1234.42200	-123.97342	-734.72455	1251.71570	140.93283	-498.10632	1174.60242	103.10100	-634.54211	1306.10144	-77.65221	-405.29959	956.16785	-223.54286	-833.55969	1014.16949	189.71648	-308.26865	737.29083	-172.42166	-821.56604	789.92694	347.64502	-413.51645	861.00372	17.52992	-651.06744	856.59857	156.77673	-664.34845	907.54865	-159.75981	-355.18536	506.97461	138.50459	-714.49402	421.95258	110.45836	-405.40973	132.56454	107.27433	-772.21014	86.91341	19.00107	
111	1.100	-440.47516	1362.97571	212.79863	-577.61499	1513.51929	-15.36873	-428.61938	1435.30322	15.32556	-580.46301	1416.68298	188.02414	-395.46280	1233.19946	-117.02134	-729.61578	1250.46558	149.46321	-492.84140	1173.06995	110.03148	-631.19940	1305.52026	-70.21037	-402.85403	955.14056	-216.38075	-828.67535	1013.60144	200.26295	-306.20755	735.66833	-167.43237	-812.61285	790.96497	360.31055	-409.27084	859.45801	24.74119	-646.84564	855.99738	165.61421	-660.71686	907.00708	-152.38968	-352.28043	505.40921	144.05734	-710.33429	420.51910	114.94675	-386.10696	130.71428	127.96545	-770.95337	86.80983	19.14667	
112	1.110	-434.15793	1361.73181	220.16026	-572.72668	1511.92334	-6.44393	-423.67584	1434.54248	21.69547	-574.36694	1415.18408	196.19795	-392.06317	1232.24548	-110.04043	-723.93182	1250.30200	157.52559	-488.63593	1171.61597	118.24973	-626.65204	1304.69434	-62.18902	-399.56915	953.89954	-209.71776	-823.10455	1013.14032	211.18784	-303.15033	734.01996	-161.75458	-803.34045	791.22101	372.80161	-405.88458	857.51593	31.98290	-643.31000	854.47534	173.39668	-656.96033	906.64545	-144.51259	-348.43689	503.78815	150.51305	-707.53613	419.97855	119.44721	-366.24820	130.02509	149.30710	-769.71490	87.35920	21.62531	
113	1.120	-428.33926	1360.73157	227.80695	-568.64844	1511.15527	0.95440	-418.52432	1432.62170	29.15944	-568.35840	1413.90149	204.78265	-387.18576	1230.45947	-102.15363	-719.07977	1248.80823	166.92880	-483.70184	1170.06372	126.30413	-621.37811	1303.16260	-53.34503	-396.87076	952.36694	-202.07458	-816.28998	1011.95673	222.22992	-300.15976	732.43170	-155.83870	-793.87732	791.22876	384.72675	-402.17700	855.19415	39.77724	-638.51379	853.17950	181.53639	-652.90814	905.75177	-137.50064	-345.16385	501.18152	157.40256	-704.03851	418.34775	124.65864	-347.33673	130.59926	168.33144	-767.76093	86.43462	20.85247	
114	1.130	-422.65085	1359.01331	230.02589	-563.98547	1510.08362	9.62228	-413.31061	1431.69446	34.78176	-562.25702	1412.38879	212.90703	-382.76910	1228.72058	-94.80151	-714.10541	1247.98511	174.71600	-478.28253	1168.05273	134.33307	-617.07074	1302.13513	-45.03120	-393.43091	950.58728	-193.78174	-810.62408	1011.51385	232.15402	-296.94156	731.03815	-150.42256	-784.41510	791.68457	396.54807	-399.52585	853.30164	48.40574	-634.94043	851.42639	187.65390	-648.27832	904.19714	-128.80167	-342.42221	498.40884	163.88148	-700.46802	417.55923	129.38034	-328.78986	134.74156	185.95862	-766.83453	87.77686	23.75171	
115	1.140	-414.98849	1358.20789	242.96257	-559.06311	1508.58813	16.96957	-408.12088	1430.00842	42.65327	-555.47394	1410.52087	220.93494	-377.85687	1227.30811	-86.89160	-708.03607	1245.86707	181.82751	-473.38202	1166.96631	142.38231	-611.70239	1301.38159	-37.04121	-390.12680	949.50195	-186.57492	-804.34644	1010.32861	241.86694	-293.45374	729.18665	-144.07309	-774.86035	791.42651	407.91754	-394.47382	852.16046	57.33622	-629.92535	850.00244	195.34280	-643.68933	903.12970	-121.09767	-338.73621	495.80612	169.71349	-697.26544	415.83078	134.11110	-311.21692	138.93488	202.97658	-765.95325	86.62098	22.75951	
116	1.150	-409.05228	1357.18079	250.52292	-554.05444	1506.77869	25.86234	-402.99127	1429.69104	51.12189	-549.30505	1409.14673	229.14375	-372.39319	1225.27380	-78.65509	-701.89160	1244.69360	191.51340	-467.44070	1165.23364	149.67979	-606.13232	1299.68457	-28.36369	-385.82999	948.18628	-180.34419	-796.31921	1008.76910	254.11224	-289.86060	727.82330	-138.35329	-765.15448	790.69305	419.23639	-389.66864	849.70642	65.06540	-625.42517	848.74481	202.54439	-638.55627	901.89612	-113.14156	-335.59686	493.13586	176.01785	-694.31610	414.22571	139.70396	-294.81494	144.64516	219.41759	-765.11414	85.83970	22.71082	
117	1.160	-402.08804	1354.83655	256.72067	-548.74872	1505.30859	33.55372	-397.40869	1428.00818	57.45433	-542.64905	1407.00488	237.14716	-366.59839	1224.09924	-71.26491	-696.61877	1243.03503	199.68729	-461.61188	1163.80920	157.93498	-600.58490	1298.69360	-20.99265	-382.40829	946.12604	-171.49649	-789.47449	1007.65717	263.13586	-286.50034	725.27386	-131.70551	-756.37811	791.04047	429.20395	-385.54678	847.86810	74.25539	-619.35193	847.91559	211.96504	-633.17975	900.83032	-105.34540	-332.28870	490.53229	182.38271	-690.11932	413.50613	146.20610	-279.45181	150.41637	233.98737	-764.32489	85.70734	24.09529	
118	1.170	-395.71918	1353.30115	262.99347	-543.43677	1503.41870	41.97342	-391.14651	1427.00940	65.20473	-536.11279	1405.23267	245.03778	-360.80246	1222.26953	-63.53211	-690.40735	1242.14124	206.56839	-456.06137	1162.31982	166.12695	-594.52307	1297.27795	-13.24442	-377.54843	944.49969	-164.39871	-782.72327	1006.37854	271.93967	-282.32208	723.53400	-125.12792	-747.53552	791.02393	438.94360	-380.22406	846.27173	82.73470	-614.50537	846.28400	219.11363	-627.25848	898.69470	-96.54360	-328.63663	486.60919	188.10699	-687.04034	412.02124	151.66206	-265.94922	156.66681	246.97682	-763.55493	86.77165	26.53027	
119	1.180	-388.63629	1352.60522	270.48596	-537.78290	1501.74597	50.16555	-385.18448	1425.03174	72.81958	-529.51447	1403.35864	252.94711	-354.29596	1220.05640	-55.22759	-683.70123	1240.38306	215.70183	-449.91013	1160.88586	174.31897	-587.81000	1295.22571	-5.29016	-372.99139	942.89026	-157.13225	-774.96198	1004.60565	280.48434	-278.03616	721.27124	-118.44982	-738.73657	790.65906	448.57248	-374.98553	844.76410	92.69545	-608.99921	844.29840	227.13074	-621.62897	897.70020	-88.52905	-325.19003	485.00507	192.95726	-683.86694	410.35773	157.40805	-254.18681	162.53009	259.81229	-762.88611	87.67036	29.67602	
120	1.190	-382.38770	1350.63025	278.20651	-532.14655	1499.89673	57.19657	-379.38971	1424.23010	79.65076	-522.63165	1401.59412	260.93497	-348.30881	1218.49597	-47.02600	-677.49542	1239.24744	224.25281	-443.51199	1159.13281	182.58243	-581.85248	1293.70435	2.00804	-368.18399	941.24164	-148.50746	-767.86084	1002.84698	288.59015	-273.27615	719.20709	-111.15194	-729.67871	789.50201	458.00616	-369.14548	843.08380	101.35905	-603.48907	843.91821	234.78920				-320.85434	483.07141	200.02614	-679.97034	408.47232	163.14926	-243.35159	166.84442	271.25064	-762.24200	87.97217	31.59649	
121	1.200	-375.02567	1349.71277	285.50165	-526.20734	1498.14453	65.34238	-373.07590	1422.80981	87.97657	-516.30261	1399.95618	268.75476	-341.17206	1215.95691	-39.48250	-670.24292	1237.66296	229.92578	-437.03745	1157.43164	190.49986	-574.43646	1291.56677	10.36463	-363.04016	939.69159	-140.22420	-760.48547	1001.14417	296.31467	-268.05466	717.55231	-104.14771	-721.46704	788.98907	466.08554	-363.44070	841.13550	110.14942	-597.93860	843.01825	243.08862	-608.82526	894.22491	-71.65295	-315.19885	483.16885	207.40454	-677.01581	407.04599	170.26326	-234.07222	170.12354	280.58353	-761.36853	88.25248	32.87295	
122	1.210	-367.63464	1348.61377	292.88608	-519.93414	1496.51514	74.39532	-366.50369	1422.31506	94.93462	-508.82205	1398.56616	276.04822	-334.21375	1214.01025	-31.63554	-663.97205	1236.28162	238.59499	-429.81836	1156.59619	198.37706	-567.32831	1290.34180	18.20905	-356.93149	937.65393	-132.15509	-752.87091	999.47583	303.58218	-263.31952	714.55872	-97.52924	-712.85370	787.58362	473.92978	-357.29822	839.30908	119.23079	-591.44806	842.19257	252.38780	-601.80042	892.17340	-62.99011	-309.59488	482.17566	215.52069	-673.64587	406.29779	176.85867	-225.71310	171.69678	288.82565	-761.14008	90.02283	34.86835	
123	1.220	-359.76462	1347.40344	299.91452	-513.54669	1495.35120	81.57536	-359.81204	1421.45642	102.57316	-502.10168	1396.83679	283.89218	-327.07440	1212.23486	-23.67890	-656.51056	1234.80493	244.27121	-423.23666	1155.47607	206.70842	-560.20117	1288.86084	25.01937	-351.77545	935.49500	-124.13377	-745.25067	998.03442	310.59521	-257.61453	712.54889	-89.73171	-704.74719	786.25848	480.98746	-351.26337	837.97107	128.42567	-584.64148	841.37616	261.79044	-595.03949	890.93353	-54.93546	-303.20557	482.50507	225.20895	-669.92084	405.42606	183.86473	-219.62253	171.37750	294.28851	-760.78137	91.42999	34.96807	
124	1.230	-352.58023	1346.95508	307.42612	-506.88232	1494.61292	88.30313	-353.15613	1420.79797	109.68510	-495.10178	1395.75012	291.36606	-319.79514	1210.08203	-16.41206	-649.71991	1233.85254	252.82103	-415.48663	1154.55054	214.14857	-552.63873	1287.73108	32.31606	-344.48810	933.38898	-116.23450	-737.15765	996.08282	317.61447	-251.34775	710.84509	-82.10313	-696.73840	785.08398	489.34842	-344.85135	836.43915	137.75345	-577.94727	840.61224	271.17572	-588.20514	889.30701	-45.56371	-296.79297	482.28067	233.46329	-666.03503	404.46133	190.89906	-213.57458	167.93031	298.74005	-760.12225	92.68819	35.89308	
125	1.240	-345.49191	1346.88904	315.35388	-499.87387	1493.75305	96.03471	-345.57117	1420.93750	117.76015	-487.88068	1394.89111	298.90741	-312.12466	1208.62988	-8.72106	-642.39929	1232.81091	259.03983	-406.99051	1153.27808	222.57561	-544.57104	1285.92212	39.96790	-337.44507	931.03229	-107.97197	-729.40729	994.86029	324.16122	-245.31601	708.62311	-74.33824	-689.99298	783.84937	496.02905	-336.75961	835.34363	147.42577	-570.72736	839.99530	280.64282	-580.49341	886.79749	-35.97387	-290.04794	482.46191	244.33783	-660.72656	403.33972	197.36894	-209.37054	162.54817	300.32379	-758.57910	94.47577	36.21455	
126	1.250	-338.16678	1346.72192	322.33850	-492.58371	1493.22424	103.78865	-338.71097	1421.33154	124.80315	-480.70557	1394.07410	306.07559	-304.34442	1207.05188	-1.67374	-634.36963	1231.29297	268.31778	-399.47391	1153.12134	230.62947	-537.51367	1285.73022	47.34607	-330.17023	929.57330	-99.61291	-721.33966	993.99365	330.40686	-238.29721	706.23877	-65.90936	-682.93475	781.78223	502.63037	-328.83798	834.56305	155.03661	-563.60626	839.04736	289.12439	-573.10956	885.95209	-27.07039	-282.94418	480.87274	254.64310	-655.79230	403.27609	205.31718	-205.74539	155.12244	300.51254	-757.46149	96.40588	39.59662	
127	1.260	-330.52203	1346.93970	330.29736	-484.60651	1492.87598	111.56011	-331.04614	1420.94348	132.81537	-473.01242	1393.41260	313.68176	-296.78293	1205.58789	5.86258	-625.82672	1231.72717	276.01941	-391.29169	1153.01160	238.58904	-528.58704	1284.77014	55.16112	-322.88235	928.07483	-91.41859	-713.46606	992.57935	336.49866	-231.37131	704.54962	-57.38362	-676.11200	780.21155	507.49060	-321.09579	833.56360	164.47606	-555.83356	839.17926	299.39865	-565.50256	884.80731	-17.61290	-274.36038	479.15259	264.02103	-650.12164	403.17581	213.24043	-202.58424	147.47827	299.27429	-755.79956	98.27478	41.71732	
128	1.270	-323.19098	1346.89771	338.29523	-476.88986	1493.17773	119.18379	-322.40591	1421.64490	141.35831	-465.67603	1393.62561	321.00308	-288.56396	1204.37683	13.63739	-618.06128	1231.45996	282.74872	-381.72058	1152.96338	246.38974	-520.09302	1283.90967	63.50624	-315.05966	926.00592	-82.98265	-705.03290	991.50958	342.21808	-223.89685	703.59772	-48.95786	-670.42340	779.18280	512.19812	-312.67426	833.27716	173.44521	-547.63031	839.64758	309.33817	-557.14679	883.26410	-7.91965	-266.66422	476.42590	274.41193	-643.43341	403.60880	221.75365	-198.85507	140.96028	298.23669	-755.09186	103.17281	45.95357	
129	1.280	-314.01324	1348.44263	347.81152	-468.72748	1493.65515	126.55374	-314.24036	1422.36951	148.81300	-458.16528	1393.92944	328.40067	-280.71762	1204.16980	20.69254	-609.76703	1231.77087	290.57449	-372.64584	1153.44507	254.37782	-511.92383	1284.24353	70.59534	-306.77927	924.96545	-74.28986	-696.51337	990.78021	347.74063	-215.59880	702.63074	-40.54817	-665.51141	777.47528	517.54773	-303.85919	833.09088	182.66158	-538.02094	840.60992	319.66489	-549.44775	883.48193	1.37045	-258.61829	473.56998	282.91119	-635.92615	403.89908	230.18918	-192.29854	137.01653	297.99347	-752.32458	106.99934	48.97401	
130	1.290	-308.03497	1348.78955	354.18286	-460.17502	1494.29883	133.78143	-306.06534	1423.40198	156.74284	-450.66159	1394.76001	335.60507	-272.41083	1203.74011	28.51436	-601.41901	1231.71130	298.38705	-363.40454	1154.35828	262.08664	-503.08630	1284.23877	78.20534	-298.37756	924.65802	-65.28383	-687.98163	990.64453	352.67850	-207.03163	701.78436	-30.80499	-660.13416	776.25458	521.70490	-294.53058	834.38483	192.07503	-528.38641	841.61639	328.32422	-540.41516	882.35187	12.27691	-250.77133	469.23203	289.96411	-627.78271	404.83911	239.62988	-186.02477	134.56026	301.67023	-749.78345	110.50697	54.12696	
131	1.300	-299.72815	1350.02222	362.44296	-451.44543	1495.20801	141.09521	-296.75610	1425.06470	165.02267	-442.71729	1395.64709	343.00690	-263.33554	1204.10999	35.64275	-591.93091	1232.92407	305.30365	-354.38940	1155.86621	270.16724	-494.32135	1285.26245	86.55472	-290.10968	923.77905	-56.31569	-678.80481	990.48822	357.61520	-198.66054	702.16028	-21.90357	-657.10413	775.88416	524.30157	-284.81064	834.75958	200.78018	-518.57361	842.68127	337.54352	-531.86914	883.60303	21.27533	-242.53230	465.67023	296.55063	-619.21832	405.73950	248.92509	-181.06714	132.57100	306.11118	-746.27167	115.57525	59.03397	
132	1.310	-291.61755	1351.73608	371.03287	-442.68756	1496.18408	148.34079	-287.87241	1427.18738	173.09404	-434.47241	1396.90820	350.55029	-254.90910	1204.87610	43.05175	-583.82635	1234.76733	314.21411	-345.00723	1157.19812	278.03305	-485.23248	1286.01306	94.38225	-281.82346	924.26007	-47.81181	-671.21149	991.60486	361.75000	-189.56854	702.49738	-11.63997	-652.10254	774.48206	525.67035	-275.66803	835.84424	210.52054	-507.58984	844.14789	347.06937	-522.31311	883.86572	31.56431	-234.38831	464.93921	302.23331	-610.07159	407.59375	258.37320	-176.17203	130.93130	310.60327	-743.00110	120.62547	64.79042	
133	1.320	-283.99088	1353.38818	378.34012	-433.48825	1497.19629	155.45509	-279.49445	1428.26514	181.86935	-426.75342	1398.70178	357.67926	-246.06429	1205.55090	51.17775	-574.81403	1235.80945	321.01624	-335.54147	1159.16956	286.48120	-475.08664	1286.82385	102.23144	-272.87756	925.15460	-38.17825	-663.68250	993.46362	366.20953	-180.68080	702.93030	-1.64363	-648.71533	774.41083	528.43646	-265.66843	838.03894	219.04358	-497.43268	845.44946	355.26321	-512.73407	885.18744	41.49273	-227.43375	462.87634	306.16013	-599.93170	408.40433	268.13565	-172.27774	128.34583	314.49023	-740.15149	129.91212	82.29195	
134	1.330	-276.40863	1355.41833	387.37350	-424.28134	1498.84192	162.76195	-269.83029	1430.01367	189.96925	-419.21518	1400.50122	365.38638	-236.79379	1207.18726	58.68959	-564.95477	1238.33569	327.35049	-326.69263	1161.31091	294.76019	-466.40958	1288.30261	110.60974	-264.17490	926.16711	-29.25514	-658.32324	995.67725	369.88156	-171.31172	703.75385	8.57281	-647.70734	774.50623	529.74219	-256.67227	839.70917	227.75262	-486.48209	847.35468	365.23685	-504.25986	886.48474	50.87082	-219.27925	462.84692	309.31741	-589.70868	410.58136	278.84036	-168.41031	124.84842	316.42468	-733.01086	134.23961	90.21820	
135	1.340	-267.41278	1358.63416	398.22052	-414.89578	1500.57532	169.84303	-261.13516	1432.02002	197.83904	-411.00885	1402.33997	372.92639	-227.94489	1208.85889	66.74274	-556.64563	1240.70581	336.90649	-317.54132	1163.78638	302.34274	-457.78674	1290.18005	117.74847	-255.17627	927.30182	-19.37803	-650.79974	997.64252	374.12341	-161.61835	705.52704	18.15640	-644.30078	774.80005	531.25500	-246.15823	842.01758	236.02390	-475.01813	849.15826	373.69644	-494.01828	887.70355	60.86502	-210.93991	462.91373	313.37473	-579.71143	412.96542	290.70490	-164.78778	120.56881	319.35739	-725.44104	139.22493	97.88228	
136	1.350	-261.46707	1360.48242	405.10571	-405.88116	1502.22791	177.24649	-251.99240	1433.48474	206.23422	-403.10474	1404.62793	380.47040	-219.16119	1210.45361	74.97823	-548.28198	1242.93213	343.92276	-309.00037	1165.93384	310.33932	-448.68356	1291.96692	125.32270	-246.33064	928.67352	-10.46285	-643.51886	999.87299	378.43051	-151.63383	707.84924	27.59939	-640.64825	775.41296	532.79242	-237.22154	844.31628	243.70168	-464.24255	851.64771	382.61072	-485.36090	889.00494	70.46241	-201.24597	463.39005	317.16943	-568.41962	415.12729	301.86020	-161.37823	117.61259	320.76013	-717.21875	144.20032	107.19041	
137	1.360	-252.85889	1362.09460	413.02057	-397.01797	1504.22168	184.93430	-243.22868	1435.17212	214.23923	-395.06839	1406.70410	387.99084	-210.32211	1212.18042	83.23849	-539.41626	1245.25122	351.83044	-299.57690	1168.41577	318.34982	-440.21899	1293.89111	133.62787	-236.64664	930.61639	-1.31068	-636.53156	1002.25519	383.18597	-141.44667	709.66486	38.01168	-639.39301	776.65051	533.80786	-227.60495	847.23029	251.72015	-452.90961	853.60303	391.41690	-476.36838	891.20502	80.26852	-192.91347	463.88126	320.80728	-557.08002	417.92682	314.49921	-158.87389	114.32588	320.55402	-706.70648	148.35263	117.37373	
138	1.370	-244.95956	1364.28064	421.70554	-388.15759	1506.16394	192.35297	-234.73976	1437.29138	223.30254	-387.34079	1409.33740	395.34705	-201.60283	1214.41003	91.59988	-530.87488	1247.68103	359.10605	-291.19797	1170.13989	325.21417	-431.81393	1295.85620	140.79027	-226.53238	932.36768	8.13014	-627.57050	1004.51636	388.17142	-131.09944	711.81335	47.53691	-637.51563	777.79395	535.35602	-218.62042	849.78516	259.29315	-441.92047	855.59399	400.09216	-467.52786	893.21674	89.33915	-184.37640	465.43732	324.56769	-545.14801	420.35922	328.13806	-156.56465	110.85986	320.84457	-695.99347	153.46739	129.88766	
139	1.380	-237.59439	1366.50330	429.62238	-379.33081	1507.79175	199.61847	-225.65747	1438.67957	230.16432	-379.60953	1411.54248	402.80493	-192.84962	1216.74866	99.99429	-522.90576	1249.98010	366.82382	-282.52496	1173.04382	333.20148	-423.44485	1297.64063	148.93060	-216.42513	933.76984	16.84001	-620.38245	1007.68933	393.24994	-120.86270	714.44135	58.13963	-635.59357	779.51105	536.49530	-208.21812	853.78534	266.53299	-431.06552	857.48438	407.98196	-460.01590	894.91779	98.77915	-177.14841	465.03894	328.08002	-533.24689	422.50009	343.01544	-154.91873	108.44660	320.74020	-683.86713	156.80328	141.55717	
140	1.390	-230.96664	1368.39172	437.95023	-370.56860	1509.84094	206.88727	-217.94203	1439.49951	238.79695	-372.56210	1413.72021	410.68243	-184.36108	1218.64221	108.65062	-514.97827	1252.42773	372.94202	-275.28369	1175.46851	340.80356	-415.07764	1299.49500	156.63866	-205.81552	936.24805	26.42240	-616.02515	1010.73492	398.33533	-109.82681	716.78314	68.83479	-633.84766	781.21539	537.53369	-200.06369	855.98889	273.86774	-421.01025	859.22870	415.67868	-452.43082	896.89520	107.17976	-168.72557	465.28888	331.57785	-522.14417	425.05078	359.92380	-153.52501	106.39341	319.79382	-672.14624	162.59251	155.76111	
141	1.400	-222.87326	1370.68066	446.91782	-362.09186	1511.66821	214.29071	-209.44191	1441.78931	246.20303	-365.03537	1415.82214	418.45895	-176.02576	1221.32642	116.43356	-507.81622	1254.25403	380.88577	-266.88846	1177.52417	348.97290	-407.60315	1301.62915	164.38150	-195.44489	937.96613	34.97636	-609.75940	1013.20959	403.65469	-98.21752	719.55859	80.43943	-632.36200	782.83173	539.69012	-190.36465	858.41309	280.94907	-410.47949	861.01862	424.80859	-444.73007	898.56506	116.19611	-162.90971	465.62332	334.77594	-510.46445	426.22485	377.87207	-152.64798	104.48808	321.17139	-659.69116	168.30644	168.67159	
142	1.410	-216.77922	1371.70837	455.34653	-354.00818	1513.69189	222.17126	-202.06461	1443.00549	256.28018	-357.58606	1417.93530	425.98334	-167.80699	1223.77039	124.69913	-500.53900	1256.98035	389.97455	-259.97678	1179.40491	356.98111	-399.26099	1303.67944	172.19421	-184.04706	940.31299	44.28582	-604.22388	1015.77124	408.92688	-86.45662	722.18799	90.92219	-630.92609	784.62769	541.22607	-182.00688	860.87854	287.51608	-401.28253	862.67444	432.91501	-437.65253	900.50806	124.08983	-155.06560	465.47678	338.21030	-498.89221	428.29663	396.95343	-152.62534	103.88908	321.49710	-645.32520	175.61545	180.79893	
143	1.420	-208.23894	1373.77112	463.69168	-346.01654	1515.58765	229.88356	-194.07713	1445.38440	264.75055	-350.56769	1420.27930	433.79156	-159.43864	1225.42480	133.70088	-492.86917	1258.86633	398.50311	-252.83784	1181.11938	364.69281	-391.86758	1305.75256	179.87291	-173.50729	941.57550	53.09993	-598.54462	1018.37598	414.12466	-74.48209	725.50964	101.23901	-629.69385	786.90381	543.70490	-172.45531	863.17847	294.93347	-392.07748	864.05414	439.90591	-430.16531	902.41473	132.31636	-149.52016	465.46152	340.52927	-485.12106	429.58658	414.79367	-153.18256	103.16013	321.97778	-632.53973	180.83173	193.68523	
144	1.430	-202.10320	1375.69873	470.54611	-338.07458	1517.63721	237.42232	-186.82874	1446.92200	273.07062	-342.88907	1422.43738	441.55521	-151.44333	1227.96167	142.15739	-486.22299	1260.39087	404.58466	-245.95592	1182.76453	372.58575	-384.10226	1307.61658	187.11143	-161.97417	943.35529	62.92918	-592.71136	1020.16162	419.72565	-62.19024	728.31854	112.73190	-628.75269	788.74292	546.19904	-164.77309	864.78217	300.18076	-383.48099	865.66913	447.88406	-422.89838	904.48773	140.45239	-143.63867	465.20917	343.28482	-471.55405	431.59418	434.03366	-153.78546	102.06374	322.43228	-619.74701	188.03825	207.91092	
145	1.440	-194.51521	1377.40540	479.18793	-330.86777	1519.54028	245.77924	-179.37897	1448.33911	281.44775	-336.25427	1424.33435	449.41736	-143.49751	1230.11768	151.34793	-480.23517	1261.52527	410.02359	-239.36568	1184.46277	380.56006	-376.20502	1309.15393	194.33350	-150.89748	945.78339	72.16560	-586.33453	1021.93213	425.14087	-49.66298	731.23047	124.00292	-627.62299	791.14728	549.09900	-155.12126	867.47205	306.42267	-376.99152	866.06024	454.11734	-415.60385	906.31207	147.57173	-137.75739	464.65591	345.91553	-458.43536	433.95227	453.74625	-154.28030	101.52898	322.21234	-605.18127	192.99405	221.83292	
146	1.450	-188.51608	1379.04419	487.77545	-323.26291	1521.03748	253.16081	-172.35591	1449.30847	288.15533	-329.09869	1425.98242	457.24341	-135.81853	1232.06091	160.16183	-473.96387	1263.21704	417.54703	-233.28311	1185.96899	388.69949	-369.14594	1311.45007	202.35570	-139.41588	947.02277	80.57478	-583.17090	1024.28833	430.72964	-36.73216	734.43823	135.66176	-626.79279	793.49689	552.40851	-146.80688	869.08752	313.49631	-369.22989	868.65582	463.55185	-408.49713	908.55878	154.99718	-132.73373	463.76385	347.81161	-444.09073	434.96960	472.36182	-155.09604	99.82509	322.76505	-590.00165	197.08299	236.78828	
147	1.460	-182.13078	1380.69849	496.87326	-316.17624	1523.12744	261.19681	-165.35722	1451.42297	296.47525	-323.16605	1427.83838	465.24942	-128.31662	1234.20154	168.55656	-468.50098	1265.23645	424.30042	-226.92911	1187.33838	396.49405	-361.66882	1313.11169	209.71393	-128.02422	948.57629	89.91624	-578.12830	1026.57849	435.80182	-24.64577	737.57422	147.86035	-626.45404	796.52783	555.99854	-138.10956	870.50305	319.54388	-363.13876	869.52869	470.77493	-401.38358	910.27325	162.13191	-128.21814	462.42722	349.80267	-429.61819	436.97754	492.72345	-155.68446	99.19215	322.30682	-574.32074	201.26569	252.17186	
148	1.470	-175.82825	1382.28540	504.72076	-309.15845	1524.73926	269.12399	-158.85799	1453.05688	303.54620	-317.05115	1429.52185	473.14990	-120.56496	1236.32117	177.36662	-458.68802	1265.73425	433.85626	-220.57001	1188.33704	404.50568	-355.13098	1315.00208	217.31332	-116.30844	951.54144	99.27647	-573.73120	1028.50293	441.00876	-12.47265	740.79480	159.21562	-625.76727	798.52124	559.64136	-129.80344	872.90552	326.65732	-357.34003	871.00958	477.20480	-394.23099	912.12286	169.29588	-123.46986	461.86615	353.00284	-413.55771	439.66501	511.54572	-156.68152	98.82446	322.52072	-558.11157	203.99611	269.14902	
149	1.480	-170.05290	1383.90369	512.54041	-302.34036	1526.36365	277.22757	-151.79128	1454.99158	315.33859	-310.99777	1431.58350	481.17328	-113.13024	1238.51575	186.39955	-454.92542	1268.66064	440.26605	-215.02278	1189.94165	412.67688	-348.47281	1316.94617	224.23584	-104.47662	954.04480	108.47044	-569.47748	1030.52979	446.03760	0.96297	744.27258	170.38370	-624.79047	800.98096	563.28198	-122.74717	873.46051	333.02106	-352.34344	871.42969	484.82144	-387.21109	913.96265	176.37764	-119.19150	461.39209	354.77914	-396.82721	443.85712	530.40533	-157.19461	98.46291	321.81467	-540.83746	205.48184	286.55060	
150	1.490	-163.83429	1385.95837	521.57349	-295.55432	1528.15356	285.12897	-145.33118	1456.79102	323.45941	-304.63947	1432.78223	488.90515	-105.79393	1240.53931	194.85182	-449.42197	1269.61523	447.43289	-209.61061	1191.57800	420.68649	-340.42587	1318.49133	232.37256	-93.67550	955.51202	116.60384	-564.98651	1032.21887	450.70541	13.85800	747.31708	182.17024	-624.06708	803.49567	566.69165	-113.67061	876.35553	340.58099	-347.73080	872.73340	491.55777	-380.43875	915.48895	183.32300	-115.60497	460.41461	357.66925	-379.94165	449.79068	545.92749	-157.58345	98.61814	321.87585	-524.14893	205.89626	305.30347	
151	1.500	-159.20178	1387.22998	528.62762	-289.18225	1529.69031	293.45993	-139.50177	1457.30945	329.96915	-298.78574	1434.41040	497.10065	-98.37514	1242.85107	203.64490	-444.46582	1270.83459	454.22958	-203.68294	1192.28931	428.43686	-333.85196	1320.02087	239.66444	-82.61359	957.89240	127.69922	-560.77466	1034.28345	455.50195	26.81864	750.31000	192.73334	-623.26324	805.78351	570.25580	-106.37856	878.25061	348.05670	-342.66461	873.48059	498.78873	-373.44269	917.15222	190.56145	-114.20078	459.71301	361.26337	-365.55606	456.92068	557.64612	-157.97084	98.57054	321.55060	-506.44980	204.52409	323.83655	
152	1.510	-154.23380	1388.06531	537.84119	-282.34259	1531.18506	301.72110	-133.76624	1458.89648	338.78793	-292.96780	1435.32642	505.03647	-91.50845	1244.63647	212.43619	-438.68027	1272.12634	460.70364	-197.97006	1193.99158	436.67209	-327.63007	1321.88525	247.68756	-71.81416	959.75201	137.02600	-556.15698	1036.05139	459.93414	38.35369	754.45709	205.36411	-622.15649	808.02173	573.81989	-99.44158	879.64642	355.65634	-336.99072	874.42950	505.88046	-366.85809	919.34686	197.20111	-110.88139	457.52936	363.56497	-353.56207	463.31662	568.47699	-158.34726	98.57593	321.38885	-487.63437	201.96608	342.77249	
153	1.520	-148.70129	1389.12610	545.94794	-276.75027	1532.29871	309.95798	-127.19708	1460.68958	347.88144	-288.14240	1436.33630	513.27753	-84.39863	1246.61755	221.42038	-433.82132	1273.63293	467.64133	-192.45010	1194.92004	445.03094	-320.82770	1323.56213	255.04994	-60.76173	961.58948	146.76137	-551.13300	1037.80786	464.74182	50.68352	758.17957	217.31795	-621.10394	810.07483	577.19556	-92.18510	881.06567	362.02835	-331.11743	874.91437	513.62805	-360.05090	920.53650	204.37733	-108.57544	456.25455	365.81949	-341.20056	467.02652	577.76575	-158.63268	98.73608	320.48752	-468.48288	198.53036	361.76413	
154	1.530	-143.48096	1390.63464	554.95587	-270.58582	1533.47546	318.16443	-121.29006	1461.44958	357.50281	-282.66190	1436.88037	521.21832	-77.05653	1248.46216	230.75900	-428.06799	1274.84338	474.17502	-186.54102	1196.29895	453.19330	-314.01208	1324.97766	262.60757	-49.95272	963.93921	156.02141	-547.27100	1039.28552	469.34082	62.30825	761.17041	228.95515	-620.06769	812.25531	580.15704	-86.03034	883.02301	369.32404	-325.13113	876.17316	521.24896	-354.16678	922.30792	211.10565	-105.16497	455.05954	367.87766	-329.25641	469.84271	588.20087	-158.78305	98.89467	320.08646	-449.80331	194.94269	381.52744	
155	1.540	-138.45952	1391.22144	563.50812	-264.54086	1534.38232	326.48080	-114.98165	1464.49060	367.28189	-277.46014	1437.33569	529.21674	-70.35074	1250.38489	238.53203	-422.20493	1275.09167	480.68036	-181.49199	1197.30005	460.93796	-307.41495	1326.11658	270.32501	-39.34737	965.37415	165.73744	-542.88312	1040.89075	473.99182	74.02887	765.00519	240.04364	-618.90509	814.24799	583.09613	-78.67461	884.23993	376.19293	-318.80829	877.07422	529.74524	-348.29858	923.55133	218.12550	-103.00468	453.72955	371.10129	-317.48309	473.22519	600.46820	-158.53610	99.09711	320.14828	-428.92450	190.47354	403.78583	
156	1.550	-133.78459	1391.89478	571.99829	-258.60861	1535.46521	334.89670	-109.06069	1465.82397	376.25067	-272.22064	1437.99365	537.09998	-63.44525	1252.42261	247.42506	-417.73495	1276.82092	488.25842	-175.04611	1198.11792	468.85532	-300.92743	1326.93542	278.10873	-28.84576	967.75751	175.33876	-538.21771	1041.94824	478.71783	85.40858	768.12451	251.29204	-617.46448	816.10132	586.02618	-71.90508	885.22272	383.00604	-312.35526	877.77612	537.35236	-342.50253	924.72931	224.98148	-100.86826	452.41187	372.28351	-303.94049	478.26175	612.94830	-157.94917	99.07271	321.02048	-409.00668	185.72879	424.80988	
157	1.560	-128.80286	1392.54895	581.50745	-252.77626	1536.23584	343.42444	-103.28387	1466.52637	385.28098	-267.56888	1438.45581	545.50403	-56.34068	1253.84033	255.93504	-411.93246	1277.22498	494.63647	-169.79141	1199.10071	476.98367	-293.21780	1327.34302	285.96857	-18.52285	969.47076	184.45270	-533.46942	1043.34094	483.79257	95.81740	770.36292	262.87601	-616.10510	817.76050	588.69232	-66.23393	887.07782	390.56717	-305.72382	878.70074	546.12897	-337.57907	926.09760	232.09454	-98.53339	451.69702	374.24274	-291.54099	483.69827	625.01080	-157.92987	99.58332	321.48441	-388.78436	180.38850	447.68958	
158	1.570	-124.14366	1393.10474	589.68573	-246.22835	1536.78271	351.75760	-97.72609	1467.11279	395.07788	-262.42477	1438.37292	553.68604	-49.47422	1254.88293	265.23337	-405.96481	1277.12451	501.44162	-163.43683	1199.30652	484.95837	-287.87106	1328.43665	293.03055	-7.93277	971.83411	193.96983	-528.40460	1044.38171	488.98334	107.05952	773.74243	274.07272	-614.59003	819.18372	591.67572	-60.86051	887.04913	396.56073	-298.98251	879.23456	553.61914	-332.71848	926.87006	239.38770	-96.30222	450.95279	377.52036	-280.51486	489.03287	635.45776	-157.60100	99.65596	321.62338	-368.74811	175.14420	470.11746	
159	1.580	-119.12222	1393.16016	598.76904	-241.16591	1537.15796	360.16324	-91.86945	1468.07495	404.51138	-257.88824	1438.39148	561.62024	-42.81331	1255.96887	274.44058	-401.03857	1277.98999	509.39911	-157.41057	1200.08484	492.91937	-281.02945	1328.24768	301.79974	1.43793	973.03833	203.26154	-523.61420	1044.78894	493.89737	117.32032	776.61157	285.63071	-612.62085	820.16150	594.52466	-55.28580	888.54883	405.18744	-292.42148	879.77521	561.65790	-327.44861	927.17224	246.23024	-92.67834	450.72989	379.73151	-269.18674	492.72781	645.22797	-157.39293	99.96989	321.99994	-348.63959	170.20641	492.59787	
160	1.590	-115.29667	1393.28528	607.77972	-235.31300	1537.43262	368.53387	-86.49973	1468.67993	413.33597	-253.77524	1438.09717	569.99005	-36.40612	1256.80164	282.97525	-395.30756	1277.34143	516.10876	-151.70729	1199.79285	500.82239	-275.78586	1329.30835	309.48315	10.95878	974.90674	212.37582	-519.35449	1045.98572	498.83304	128.04225	778.87775	296.18674	-610.51025	821.01019	596.91461	-51.33999	887.85980	411.43362	-286.43051	880.29584	569.47034	-322.92368	927.58441	253.59718	-90.34350	450.10031	384.09531	-258.19046	495.86960	653.60632	-157.07718	100.43380	322.65359	-328.45068	165.32977	515.49274	
161	1.600	-111.34006	1392.56506	617.35358	-229.82425	1537.31384	377.02509	-81.36944	1468.80652	422.02756	-249.44844	1437.87244	578.38281	-29.36342	1257.92615	292.07544	-389.58401	1277.58582	523.73810	-146.10866	1200.42798	509.44412	-269.22986	1328.81030	317.10397	20.57353	975.29364	222.69040	-514.40698	1046.03406	503.89575	136.97472	780.43243	307.21786	-608.43799	821.78540	599.60492	-46.85811	888.34222	418.88641	-280.81842	880.75195	578.36694	-318.21762	927.60059	261.09909	-87.84220	449.20264	387.51376	-247.33553	497.80649	661.18109	-156.72905	100.73924	323.03119	-307.54153	160.19453	538.57971	
162	1.610	-105.10487	1393.51758	628.56989	-224.30028	1537.09204	385.80353	-75.92878	1468.67957	432.07825	-245.20276	1437.29700	586.35974	-23.15160	1257.65625	301.42383	-385.25687	1277.61780	531.86896	-140.27220	1199.70044	517.31982	-260.45413	1327.74805	325.34702	29.47100	976.58984	232.07758	-509.45877	1046.23242	509.23654	147.56012	782.47876	317.06122	-606.36035	822.42725	602.32159	-41.38194	889.12061	427.66931	-274.11609	880.48370	585.97083	-314.05301	927.75421	269.00604	-84.46020	448.91916	390.74344	-237.79749	499.21027	668.10590	-156.67261	100.98590	323.33157	-287.33493	156.23935	562.46887	
163	1.620	-102.24458	1392.00378	635.54791	-218.63782	1536.92688	394.33957	-70.25924	1468.50635	442.42911	-240.07861	1436.36658	594.24750	-16.66501	1258.32007	310.17282	-379.98227	1277.09253	539.70856	-134.48135	1199.43542	525.77722	-255.26308	1327.20837	333.74203	38.44357	976.60468	241.93997	-504.88629	1046.41052	514.74542	156.83475	784.08008	329.01419	-603.43365	822.19598	605.02307	-38.91537	887.48090	432.59753	-268.05319	880.40503	593.61530	-309.41595	927.48730	276.76337	-82.03049	447.23059	394.10266	-226.43909	500.26791	673.93573	-156.15105	101.20675	324.26074	-266.98056	152.61002	586.74799	
164	1.630	-97.49315	1391.98303	645.74542	-213.10614	1536.05859	402.75720	-65.04243	1468.74194	450.64243	-235.65248	1435.66760	602.85876	-10.10258	1258.29822	319.82422	-374.08762	1275.60754	546.42920	-128.68558	1198.42029	534.85413	-250.16238	1327.05298	341.91565	46.67839	976.96362	251.28044	-500.16299	1046.28809	520.17212	166.05098	785.23553	339.76337	-601.14569	822.16016	608.18805	-34.62100	887.30615	440.86819	-262.16058	879.86487	601.21606	-304.94244	927.04077	284.79169	-79.89625	446.62207	398.63287	-217.36995	500.99686	680.20984	-155.79822	101.18009	325.32214	-245.51312	148.41397	610.45654	
165	1.640	-92.73219	1391.81665	655.98065	-207.47926	1535.48816	411.42297	-59.49620	1467.74084	460.30209	-231.81795	1435.17065	611.64203	-4.18168	1257.55615	329.49655	-368.52615	1274.74023	553.60553	-124.01914	1197.79370	543.72620	-243.34438	1325.76807	350.72809	55.13368	977.39764	260.72903	-494.96979	1045.44385	525.77887	175.42470	786.00623	350.10059	-598.02399	821.89728	611.09766	-30.20644	886.71625	447.81906	-255.64386	878.59625	609.53644	-300.52386	926.67957	293.18256	-75.88409	445.96118	402.07147	-207.75586	500.11948	685.76892	-155.62015	101.10314	325.77988	-224.07027	145.43570	634.90399	
166	1.650	-88.94833	1391.31213	665.62457	-201.78899	1534.39844	419.80707	-54.47285	1467.49902	470.62967	-227.19287	1433.71130	619.69635	2.47311	1257.01086	338.56766	-363.14474	1273.26794	561.94891	-118.06955	1196.41748	552.26563	-237.06003	1324.64038	359.22324	62.95808	976.96307	270.61661	-490.10526	1044.65723	531.41406	183.73384	786.64478	359.97644	-595.34186	821.52301	614.22021	-25.98214	885.20197	455.53735	-249.38557	877.46906	617.94855	-296.54773	925.84119	301.17639	-73.77425	445.10953	405.92422	-199.38821	499.81042	691.64923	-155.31854	101.21516	326.03497	-202.85641	144.02907	660.13489	
167	1.660	-86.58788	1389.65710	672.59644	-196.57819	1533.61389	428.74826	-49.21424	1466.35193	481.31647	-223.35403	1432.74805	628.29352	8.70363	1256.29175	348.55585	-359.09814	1272.29736	570.18610	-112.89471	1195.90405	561.56897	-230.97533	1323.67017	368.19626	70.67942	976.06079	280.80164	-484.25986	1042.81616	537.49677	191.82968	786.53711	371.15533	-592.05182	820.58008	617.83295	-21.15248	884.20709	463.64655	-243.73409	876.30682	626.66797	-291.59280	925.28882	310.85626	-69.56891	443.80499	410.62476	-190.64832	497.68661	696.70435	-155.34756	101.39568	326.65524	-182.15848	144.27219	686.26331	
168	1.670	-81.37918	1389.62183	684.82715	-191.30945	1532.36536	437.61960	-44.29958	1465.43945	490.32510	-218.86349	1431.51855	636.72827	14.95879	1255.47668	358.46909	-353.63736	1270.74243	578.03656	-107.40710	1194.39978	570.93060	-225.36867	1322.45959	376.50339	78.78132	975.52380	291.55371	-480.09003	1042.60571	542.82422	201.20154	787.03326	382.14542	-588.54431	819.67828	621.37482	-16.28831	883.82672	471.09863	-237.21790	874.83160	635.67969	-286.76852	924.29938	319.72522	-66.29001	443.06006	415.47452	-182.27545	495.23447	701.70941	-154.62659	101.77314	327.19696	-160.26260	144.43701	710.47168	
169	1.680	-78.22710	1388.08716	692.42578	-185.85887	1530.84644	446.21436	-39.23138	1464.50049	498.97604	-215.48360	1430.40930	645.78552	20.76571	1253.84106	368.97778	-348.70193	1269.37134	586.34753	-101.84762	1192.79248	580.32159	-219.29570	1320.87781	385.91409	86.05296	974.91779	300.81174	-474.18811	1040.58594	549.39441	209.28096	787.06610	392.37515	-585.21558	818.59088	625.13110	-12.05195	882.01331	479.62973	-231.07787	872.93646	644.66803	-282.40402	923.93219	328.93750	-62.26384	441.27582	420.35657	-174.75601	491.79681	706.57513	-155.23761	101.29918	328.35474	-140.91429	148.25534	734.16785	
170	1.690	-74.36453	1387.95007	704.91632	-180.56105	1528.91321	454.77676	-34.41990	1463.18555	510.40607	-211.28325	1429.03613	654.15515	26.52593	1253.05725	378.40900	-343.87610	1268.32190	594.46027	-96.13873	1191.02502	589.28033	-213.82077	1319.58630	394.67529	93.46388	973.98694	310.61957	-468.87244	1039.22717	555.22815	217.03960	786.85382	402.10358	-581.62994	817.69470	628.92316	-6.76621	880.48657	487.81390	-224.72813	871.53064	653.96503	-276.94101	922.63501	338.64603	-58.86670	440.10452	425.89514	-167.19032	487.84274	711.30115	-154.34625	101.41020	329.11978	-122.40189	152.88646	756.10156	
171	1.700	-70.68175	1387.15625	714.63147	-175.50317	1527.28516	463.60275	-29.39742	1461.71899	520.28839	-206.74423	1427.40430	662.91089	32.17944	1251.45825	388.18362	-339.51703	1266.59314	603.51208	-90.98059	1189.40540	599.32813	-209.70110	1318.62073	404.27731	100.18230	972.90723	321.20508	-463.86469	1038.03857	561.46381	224.94534	786.75427	411.11310	-578.02356	816.46149	633.39087	-1.70269	878.92859	495.92468	-218.21057	869.31476	663.61395	-271.88657	921.02234	348.35703	-53.61609	438.84128	431.79224	-160.00226	483.78342	716.31409	-153.86760	101.71539	330.00055	-106.21338	159.98398	776.96619	
172	1.710	-66.68735	1385.33215	723.55933	-170.79254	1525.55811	472.85483	-25.02258	1460.17102	529.79492	-203.60931	1426.48450	672.54089	37.30097	1250.34424	398.36462	-334.94754	1265.26208	613.12512	-86.07926	1187.41870	609.04010	-202.79272	1316.02771	414.41562	106.70204	971.47827	331.71570	-458.15909	1036.18396	567.97723	232.13025	785.92139	421.76514	-573.80676	814.83209	637.65424	3.38774	877.29932	504.16574	-211.76814	867.44098	673.27649	-266.64056	919.61658	358.19022	-49.86491	436.57693	437.10992	-152.69156	479.51547	721.58948	-153.92262	102.30650	331.55753	-91.04144	166.34755	794.73273	
173	1.720	-62.34242	1384.14636	733.08173	-165.84148	1523.64539	481.64526	-20.46780	1458.81934	539.39441	-198.88011	1424.68201	681.30469	42.64818	1248.46545	408.57413	-330.08264	1263.20508	622.04565	-80.85380	1186.01123	619.24078	-198.95940	1314.59863	422.89041	113.26331	970.65906	341.17490	-453.55246	1034.84460	574.41724	237.07367	784.31848	431.67752	-570.03400	813.11426	641.66046	8.19721	875.08411	514.16846	-205.79559	865.76031	682.92896	-260.73828	917.61432	368.88654	-44.70379	434.91153	442.71689	-144.64197	476.08926	728.44672	-153.35434	102.11520	332.94110	-76.67442	172.64377	810.99475	
174	1.730	-59.32509	1383.27124	743.51068	-160.91911	1521.64087	490.45950	-15.68489	1456.92737	550.30182	-195.55484	1423.66992	690.18115	47.47688	1246.88940	418.31482	-324.40253	1260.71912	631.60596	-75.55164	1183.92004	629.03406	-193.04005	1312.03052	433.48138	119.39742	969.42566	351.72177	-448.59595	1033.06848	581.50128	245.25810	784.55524	441.00836	-566.38580	810.73700	646.64166	14.43416	874.37152	523.73474	-199.46712	863.28748	693.20618	-255.22867	915.71100	379.56256	-39.68493	432.94745	448.56189	-136.70134	473.91229	736.68939	-152.80031	103.11259	334.50348	-61.91316	177.38335	824.56226	
175	1.740	-55.58272	1382.19604	753.61865	-156.50645	1519.76331	499.84158	-11.35441	1455.20850	559.14801	-191.43680	1421.87512	699.66730	51.79966	1245.43176	428.09280	-320.49707	1258.73560	641.95135	-70.41951	1182.81604	639.21613	-189.27324	1310.41003	443.01862	124.74192	967.56995	361.59778	-443.54593	1031.24768	588.91663	250.61432	782.86206	449.83755	-562.54572	808.81146	650.50952	19.13187	872.96741	532.99170	-193.90126	861.63788	703.42542	-249.55338	913.55450	390.27585	-33.78117	430.92804	453.99420	-127.45078	471.94113	744.76245	-152.01009	103.40689	335.25439	-48.51751	181.88013	836.95404	
176	1.750	-51.94060	1381.36951	763.35364	-152.10561	1517.40625	509.06802	-6.90582	1453.15381	569.75549	-187.70445	1420.75232	709.05969	56.06303	1243.56360	437.90125	-315.87167	1256.24402	651.37714	-65.29095	1180.99658	649.36926	-184.60686	1307.80945	453.90479	129.47629	966.48053	371.72586	-438.55814	1029.34448	596.66351	255.61090	781.23853	459.51785	-558.07770	806.04138	656.51947	24.85716	871.65704	542.31976	-188.05365	859.80823	713.09851	-243.69589	911.30603	401.19327	-27.72430	429.26440	460.26776	-118.55656	470.73340	753.62946	-150.60869	104.76440	334.76694	-36.66890	184.83885	848.15967	
177	1.760	-48.47520	1380.15918	773.81622	-147.52773	1515.26855	518.14636	-2.95411	1451.36499	579.95300	-183.81018	1419.53271	718.48157	60.31942	1242.34875	447.64651	-311.81097	1253.08850	661.67310	-60.59428	1179.66553	659.43958	-181.40837	1306.06531	463.68314	133.81673	964.94073	380.69812	-433.55026	1027.11230	604.69885	261.34644	780.60474	469.48148	-553.69617	803.59314	662.22260	31.54552	871.08691	553.23260	-181.66672	857.22205	723.52460	-237.46997	908.44281	412.66367	-21.77150	427.00476	466.40689	-109.52769	470.26746	762.44464	-149.69679	105.12444	336.22430	-27.18126	185.87100	858.42383	
178	1.770	-45.44602	1379.45508	784.35004	-143.14542	1513.19421	527.57489	1.18033	1449.64807	589.99933	-180.78949	1418.41370	728.72076	63.84159	1240.66064	457.36481	-306.36365	1250.53186	671.97198	-55.23438	1178.09082	670.27856	-177.36951	1303.98132	473.87891	138.31450	963.60791	389.89456	-428.79865	1024.45557	613.28973	266.33371	779.76080	476.76077	-549.57422	801.26331	667.71118	38.36292	870.27081	564.40143	-175.56839	855.48383	734.02808	-231.19856	905.98584	423.71439	-16.23430	425.16168	473.22763	-100.34094	470.29944	773.16742	-147.87846	106.78571	337.48914	-18.17926	184.04146	865.81665	
179	1.780	-41.56302	1378.34155	794.42963	-139.11092	1511.87585	537.47668	4.95545	1447.85535	599.53394	-176.79921	1417.64697	738.26617	67.65038	1239.51404	467.02838	-302.43484	1247.78235	682.57874	-50.90726	1177.10266	680.76978	-173.75148	1301.57971	485.02155	142.30844	962.55792	399.45633	-424.09039	1022.06506	621.76733	270.71988	778.69751	484.78369	-545.17889	798.62030	674.18738	44.11995	869.63660	574.03357	-169.28900	853.31018	744.63574	-224.79700	903.03699	435.11539	-10.09219	424.56442	480.01959	-90.08878	470.33945	784.61346	-147.61050	107.84341	338.16290	-9.84617	178.18164	872.15283	
180	1.790	-38.30758	1377.85522	804.83453	-134.92393	1510.15894	547.21063	8.81519	1446.63562	610.67664	-173.19057	1416.68799	748.49231	70.81066	1237.73596	477.38416	-298.99475	1245.65918	693.95215	-46.18842	1175.91443	691.50641	-170.23195	1299.67651	495.61282	145.46136	960.84656	408.51645	-419.07233	1019.39221	630.59668	274.36072	777.55084	492.86823	-540.97687	795.86157	681.75238	50.35516	867.80267	582.84698	-162.50229	851.02026	755.22748	-218.28584	900.51343	445.85886	-1.97865	424.06931	487.48404	-79.86793	471.02454	796.22699	-145.73956	110.39443	339.40720	-3.61614	171.94711	876.35870	
181	1.800	-34.62191	1377.15454	815.37079	-130.70418	1509.38989	556.99658	12.66911	1445.48108	620.43359	-170.11322	1416.48376	758.79541	74.22776	1236.76843	486.80521	-295.94220	1243.22742	705.24896	-40.78541	1175.59570	702.39575	-166.34215	1297.58813	507.39685	148.52786	960.51776	417.17789	-414.40576	1016.42151	639.97168	278.57727	776.67401	501.66736	-536.18695	792.96307	688.81079	57.14048	867.56732	594.64496	-156.26767	849.76929	766.30029	-211.80426	897.95782	457.82544	3.93976	423.26425	496.23410	-69.25429	470.30542	807.64801	-144.01247	112.89571	340.97537	2.75033	163.39807	879.96863	
182	1.810	-31.82132	1377.08093	826.03845	-127.11881	1508.46545	567.52765	16.39334	1444.69995	630.51733	-166.54007	1415.85413	768.56073	77.22864	1235.93188	497.13681	-290.91473	1239.96985	715.54309	-37.67693	1175.75110	714.15009	-164.31709	1296.30762	517.98242	151.11301	959.61353	426.13394	-409.73441	1014.05994	650.27698	282.06839	775.53668	508.99216	-531.11346	789.94189	696.46021	64.77676	868.26263	605.32867	-149.01631	848.06952	777.61328	-205.27223	895.96985	469.48291	12.55847	422.20392	504.08627	-60.13718	470.10406	819.37335	-141.37791	115.83163	342.42139	7.37579	156.58011	882.54932	
183	1.820	-29.00095	1377.16479	837.02466	-123.21832	1507.67993	577.39929	19.82214	1443.90100	642.65546	-163.35471	1416.35767	779.24927	79.93523	1235.97485	507.10587	-287.58197	1237.91394	726.78650	-32.01348	1175.10608	725.15918	-161.04341	1294.91516	529.13318	152.89488	958.87042	435.48904	-404.55701	1011.46704	660.05029	285.02353	774.91772	515.42755	-525.88867	786.90100	704.19318	72.52731	869.48199	616.90790	-141.04559	846.77777	788.55005	-198.17862	893.66626	481.05713	20.20227	422.67093	512.27271	-50.92726	468.66040	831.05035	-138.19171	119.26247	343.75244	11.81411	152.66945	887.17181	
184	1.830	-25.58465	1377.08862	847.51123	-119.41017	1507.89404	587.66266	23.33240	1443.65393	652.25952	-160.40228	1417.14832	790.00665	82.91527	1235.79443	517.24249	-286.06918	1237.88611	740.41187	-28.11411	1175.67090	736.70581	-158.01904	1294.07031	540.74127	154.66829	958.66718	444.46277	-399.76855	1008.94525	670.63379	288.41589	774.80530	522.56317	-520.55115	784.13232	712.90851	78.91689	869.47095	627.82837	-134.10924	846.47601	800.65021	-190.34081	891.75604	493.28668	28.54458	422.55591	522.77612	-42.04788	466.34265	842.09631	-134.00708	123.12737	346.74857	16.20246	152.39076	894.49786	
185	1.840	-21.99262	1377.93591	858.65283	-115.78145	1508.20142	598.10138	26.56154	1443.53394	662.56238	-156.57076	1417.55127	800.55103	85.62357	1236.01184	527.09393	-281.33228	1235.63269	751.59222	-23.93868	1176.94910	748.50189	-154.82668	1293.73657	552.28229	155.95367	958.86243	452.29727	-394.61545	1006.73901	681.51025	290.12793	774.49469	529.35376	-514.90674	782.10785	721.64807	87.00444	871.14148	640.61505	-126.68438	846.35724	812.38324	-183.92131	890.62885	505.10782	36.88263	422.87808	532.92828	-34.56323	464.16379	852.57806	-128.60898	128.40125	349.45151	20.82678	153.03471	902.78204	
186	1.850	-19.22999	1379.43127	869.97070	-112.50779	1508.45288	608.75024	30.03730	1444.44885	674.39423	-153.48967	1418.97632	811.83136	88.90545	1236.92822	537.24152	-278.01276	1234.84729	763.48865	-19.11793	1178.03894	759.43121	-151.78154	1293.49768	563.68860	157.29611	960.19354	459.86118	-389.03714	1004.90173	692.19720	291.41638	774.87579	535.76544	-508.72791	779.22858	730.32617	93.35889	873.06982	651.47656	-119.38979	846.72144	823.81812	-177.36205	889.78204	517.01141	45.70597	423.33856	543.63239	-27.99062	461.63242	863.42627	-122.13848	133.36269	354.09937	24.63973	151.28990	910.63287	
187	1.860	-16.14123	1381.18408	880.91357	-109.49619	1508.85828	619.70654	33.49276	1445.43372	685.70398	-150.33180	1420.35828	822.98120	91.79368	1238.44983	546.95209	-272.73462	1232.35718	773.78796	-14.72898	1179.72644	770.85181	-148.43127	1293.89429	575.50574	157.54265	960.89240	468.85056	-383.34161	1002.95953	703.54773	293.34836	775.31659	542.39813	-501.89902	777.42194	740.47705	99.93961	875.62366	664.03296	-112.35262	847.99139	836.32758	-170.49782	889.99774	529.05054	55.54148	425.04816	555.63745	-21.87814	460.76422	873.30005	-113.85437	139.60124	359.41321	28.41290	147.42409	918.21216	
188	1.870	-12.35066	1382.44385	892.29150	-106.47987	1509.63757	630.68964	36.41433	1446.60217	696.24152	-147.22408	1421.77332	833.66992	94.66885	1240.08813	557.34546	-269.80286	1233.69604	786.66699	-10.79138	1181.45056	781.80804	-145.53859	1294.87292	586.77441	157.39847	962.04846	477.42920	-377.34702	1002.03564	715.39203	294.38455	775.60492	547.86383	-495.11093	775.82080	749.74847	105.75774	877.69385	676.12170	-105.39608	849.51111	847.93585	-164.92570	890.37091	541.43970	65.19738	426.89774	568.16077	-16.75527	461.93207	883.82538	-104.20904	146.21039	366.69452	31.55270	143.17497	925.26953	
189	1.880	-9.01445	1384.22693	903.45721	-103.22778	1510.42419	640.94885	39.39494	1447.53650	707.88049	-143.97070	1422.84973	844.56354	98.01095	1242.37610	567.50171	-263.11566	1231.99109	795.35449	-5.74952	1183.60950	792.85400	-142.51007	1295.60010	597.88794	157.56619	964.17651	486.74942	-371.10321	1000.74005	727.47394	294.53625	776.84253	553.11774	-487.30658	774.01312	760.79388	112.41935	880.90295	688.95691	-99.02453	851.78784	859.71179	-158.68747	890.99109	553.78473	74.32889	429.03320	583.35364	-10.87328	463.92636	894.44965	-94.31670	152.80255	374.29352	33.85459	138.73328	930.66833	
190	1.890	-6.48696	1386.00037	914.14709	-99.93525	1510.88159	651.18500	42.65032	1449.10425	718.04504	-141.16481	1424.09375	855.24042	101.10075	1244.92908	577.42139	-258.40897	1232.18909	806.75916	-1.68267	1185.70410	803.08417	-138.40901	1296.16882	608.92749	156.86804	966.40546	495.29602	-364.32556	999.78656	738.95422	296.33701	778.08020	559.34497	-479.21930	773.23608	771.90308	116.56141	882.24994	699.89844	-92.79167	853.31671	871.00146	-153.62766	892.23718	564.28815	88.34997	430.81958	595.97961	-6.31683	465.66846	905.27155	-83.41772	159.73019	385.23251	35.07343	134.76741	934.73083	
191	1.900	-4.22848	1387.60022	925.20715	-97.02673	1511.18591	661.59882	45.73353	1450.38525	729.03387	-138.33971	1424.51111	865.67615	104.99956	1247.11572	588.09155	-255.22824	1233.26514	818.79333	1.98540	1187.44263	813.57153	-135.29402	1297.33337	619.35016	157.16891	968.49908	504.06781	-357.89471	999.45142	751.89069	295.85703	778.97156	564.79639	-470.74350	772.07227	784.12665	121.70787	884.90033	712.60522	-87.13967	855.78528	882.57043	-148.43085	893.23676	575.59680	104.60015	434.58331	611.31885	-2.92375	467.60864	915.64941	-71.60511	167.71164	396.91422	35.60487	132.04570	938.52344	
192	1.910	-1.49378	1389.12598	935.84827	-94.08273	1511.81348	672.05798	48.94770	1452.07703	740.73199	-135.57979	1425.46704	876.06335	108.81899	1249.49475	597.41656	-250.41853	1234.35388	829.83069	6.87720	1189.51660	823.68195	-131.72459	1298.42188	629.61597	156.47931	971.26709	512.50409	-351.26672	998.58313	764.52728	295.59064	780.13721	570.33606	-461.30634	770.66711	796.78186	126.29544	886.48047	724.39319	-82.38857	858.08862	893.52856	-143.32765	894.66705	586.50702	121.81377	438.28622	626.92548	0.76379	468.97742	925.83716	-59.54285	176.00366	409.76086	38.23049	129.21671	940.52820	
193	1.920	1.37561	1390.48560	946.56506	-90.83347	1512.94202	682.39648	52.01717	1453.70288	750.90771	-132.56325	1425.43713	885.49109	112.65250	1251.62488	607.46039	-245.80273	1235.11438	840.82898	10.89042	1191.08777	833.39197	-127.87389	1299.65320	639.83636	156.33908	973.84906	520.67548	-344.93381	998.38367	777.22601	295.20340	780.91986	575.31641	-452.54031	769.41608	810.01709	130.11571	888.04199	737.32990	-77.58912	859.77979	904.49518	-138.72687	895.80450	597.17773	138.91747	441.51166	643.11957	3.28590	470.81662	935.63348	-46.82126	184.69812	424.31049	38.67871	127.47539	942.45020	
194	1.930	3.33271	1390.79150	955.87158	-87.46042	1514.47693	692.66125	55.53476	1455.35193	761.49225	-130.05141	1426.19409	895.47357	116.58484	1254.18506	616.73761	-240.42033	1235.62488	850.89630	14.81121	1192.69470	842.83807	-124.23752	1301.11462	649.96313	156.42223	975.57037	529.50842	-338.32645	997.90765	789.87286	295.26184	781.79315	581.32751	-443.04651	768.05878	824.53033	134.97868	889.20966	749.53076	-73.71413	861.49872	915.81488	-134.40128	897.59198	607.12079	154.77283	445.08493	662.45337	5.34129	471.75882	944.46338	-34.02541	193.77637	438.98868	39.42583	125.52789	941.65643	
195	1.940	6.94612	1392.56946	967.02271	-83.93703	1516.31995	702.85651	58.48656	1457.94312	772.67242	-127.17931	1426.87134	905.35760	120.39610	1255.88550	625.86816	-235.90085	1236.30518	860.43427	19.34653	1194.18335	852.21149	-120.59869	1302.44812	659.47913	156.25774	977.89075	537.36139	-331.88492	997.67480	802.88428	295.03189	782.34857	586.21899	-433.43973	766.64764	838.23865	139.03877	890.23328	761.63239	-70.74648	863.62836	926.38788	-130.18839	899.43597	617.55426	170.71567	447.27219	682.13495	6.81828	472.43274	952.12311	-20.07500	202.63440	455.54306	40.14912	124.29057	943.24658	
196	1.950	8.44851	1392.72815	975.45691	-80.56458	1518.26416	713.08838	61.84898	1459.82019	783.25293	-124.76478	1427.76819	914.40881	124.22028	1257.26404	635.71613	-230.64651	1238.07922	871.46350	24.11128	1196.35864	861.69489	-116.73016	1303.98193	669.32367	156.88678	979.74414	545.53668	-325.38071	997.43219	815.36963	294.55066	782.88501	591.26117	-423.48230	765.15894	853.76666	142.99547	890.70886	773.10150	-67.11792	865.01361	937.03406	-125.94434	900.42786	627.62750	186.25365	449.56531	703.08929	8.54697	472.46109	959.07263	-6.88118	210.53345	472.57108	40.53403	122.63654	944.47662	
197	1.960	11.14291	1393.99084	987.24902	-77.08915	1520.08557	723.08612	65.36304	1461.74683	793.70215	-122.44234	1428.29651	923.88629	128.24771	1259.49182	644.70422	-226.90758	1239.01428	881.16992	28.87840	1198.03455	870.51117	-112.64239	1305.28613	677.93842	157.11594	981.47772	553.24506	-319.82523	997.37677	828.33331	294.83682	783.99432	598.25909	-413.54269	763.58270	869.02979	146.98534	891.52106	785.14789	-64.32566	866.31689	948.04175	-122.23981	902.31616	637.25726	201.02530	451.92914	723.93182	8.84848	472.02704	965.19659	6.83196	218.86565	488.40680	40.89543	120.65816	945.60895	
198	1.970	13.74907	1394.58569	996.77832	-73.69473	1522.23120	733.21594	68.24282	1463.62366	804.24908	-119.50935	1428.56970	932.77136	132.20535	1261.01123	652.65930	-222.03593	1240.06860	890.81305	33.27452	1199.55652	879.65247	-108.39829	1306.80542	687.24072	158.46667	982.98657	560.85724	-313.59146	997.71826	841.02393	295.18201	784.36426	603.55432	-403.58862	762.38385	886.09149	151.74194	892.55103	796.11481	-61.70598	868.25006	958.99036	-118.86582	903.52362	646.69836	215.91376	456.13354	745.88287	8.75119	471.50214	971.25415	19.72952	226.27309	506.48984	40.51698	119.13534	947.93182	
199	1.980	16.62867	1395.55432	1005.96240	-69.84455	1524.09863	742.68988	71.67823	1465.96802	814.71863	-117.01816	1429.43567	941.87695	136.67276	1261.98010	660.89410	-217.75833	1242.03564	900.41376	38.41080	1201.41211	888.63892	-103.68794	1308.03137	696.23566	160.69159	985.01361	568.63892	-308.20404	997.76068	853.77338	295.74341	784.88489	610.07495	-390.71609	759.59900	905.82031	155.25847	893.24512	806.19885	-59.20964	869.90997	969.43518	-115.58758	904.53455	655.66705	227.94766	460.27441	768.24506	7.06518	469.53308	973.58081	33.04359	233.44424	524.71063	39.85583	117.77480	948.90045	
200	1.990	18.66711	1396.54492	1015.82526	-65.71644	1526.06433	751.85083	75.08319	1467.99341	824.74103	-114.19293	1429.88428	950.62231	140.02090	1263.20459	669.39429	-212.52844	1243.31104	909.68884	42.89676	1203.09229	897.10541	-99.28248	1309.67004	704.78552	163.57863	986.26703	575.50983	-303.01962	998.26642	866.28271	297.17200	785.96735	615.37085	-381.83862	759.77905	922.89105	159.12074	894.28473	816.46771	-56.60622	871.61371	979.96613	-111.51606	905.47107	664.58069	240.14693	466.02325	792.86749	5.97757	469.79114	980.97717	47.22040	239.27652	543.40552	39.05516	118.02795	951.75525	
201	2.000	20.87112	1397.96826	1025.32300	-62.33887	1527.91333	761.78973	78.35815	1470.20142	835.54724	-111.36327	1431.02478	959.36450	144.40373	1264.53845	677.62347	-208.21896	1245.32397	918.94257	47.19223	1204.65210	905.81226	-95.53340	1311.53040	713.73352	166.12108	987.76715	582.71906	-297.56842	999.02893	878.98145	298.05106	787.01697	622.63263	-370.96176	759.20154	941.45251	163.68124	894.63489	826.22144	-54.89828	874.01648	990.19855	-108.23993	906.82910	673.24774	251.16333	471.12936	816.25342	3.95340	468.71454	986.08575	62.60771	244.21182	563.00024	37.65905	116.58170	951.30499	
202	2.010	23.23515	1398.92004	1034.75391	-58.55161	1529.80688	771.30914	82.23218	1472.24670	845.29590	-108.82868	1432.23169	967.72205	148.26744	1265.91724	686.33173	-204.82797	1247.51111	927.96100	51.46296	1206.19397	914.81921	-91.11662	1313.28870	722.11346	169.46518	989.11066	589.59991	-293.50293	1000.62451	890.93219	300.27771	787.33551	629.61475	-359.55127	758.66602	961.00684	167.99667	896.11591	836.48218	-52.69955	876.20154	1000.76721	-103.24002	907.97699	682.05139	261.74741	477.92969	839.17523	0.20939	465.62515	989.98969	77.39429	247.92346	583.38104	34.78503	115.95967	953.37622	
203	2.020	25.39935	1400.37256	1044.37573	-54.43586	1531.94958	780.50989	85.72812	1474.27295	855.57898	-106.17020	1433.32007	976.64417	152.15160	1267.40198	694.37793	-202.40402	1251.15308	937.46814	55.64185	1208.22583	923.44604	-86.60206	1314.98999	730.89447	172.81467	990.14807	597.61084	-288.57614	1001.77502	903.37341	301.76984	787.75250	635.61041	-348.24100	758.30286	979.64325	172.27583	897.57166	846.88202	-50.64574	878.97662	1010.74719	-99.16013	909.29187	690.74951	270.43805	485.99069	861.46198	-3.34479	464.57782	994.85345	94.12502	251.16943	604.42242	33.56926	116.39033	953.48279	
204	2.030	27.98299	1401.57764	1053.46533	-50.30432	1533.07922	789.23889	89.32758	1476.10596	865.59625	-103.03192	1434.57166	984.81982	156.25310	1268.25830	703.32147	-198.54424	1253.43018	945.72430	59.30159	1210.18262	932.50439	-82.37862	1316.56042	738.98993	176.37753	991.86920	604.85870	-283.16898	1003.04120	915.39490	303.90082	789.09418	642.26709	-336.77509	758.76587	999.08563	176.80267	898.64905	856.87872	-48.51099	880.99176	1020.69318	-93.98595	911.19330	699.10156	277.21088	493.20117	880.99817	-6.35234	461.90140	1000.20435	110.97807	252.47806	625.84131	31.85802	115.76578	953.34143	
205	2.040	30.59706	1402.95874	1062.74500	-46.44812	1534.62354	798.49329	92.82849	1477.65930	875.28784	-100.36047	1435.91528	993.34888	160.52861	1269.87158	713.28278	-195.91968	1255.54211	954.24573	62.84357	1211.80249	941.50873	-78.16347	1318.11511	747.67554	179.79051	993.77948	612.34924	-278.98114	1004.03290	927.39789	306.11365	789.67108	648.45593	-324.95627	759.99957	1018.84802	180.71472	899.32898	868.56500	-46.72978	883.90851	1030.21021	-89.19962	912.75415	708.25360	284.50858	500.78445	901.01984	-7.81244	460.65979	1005.45996	128.77705	252.73192	648.55908	30.64316	114.41399	952.55353	
206	2.050	33.09139	1404.45642	1072.25098	-42.18751	1535.73914	806.89813	96.44302	1479.45935	885.15625	-97.35207	1436.84558	1001.71979	165.12430	1271.29712	722.04547	-192.10390	1257.13269	962.14154	66.58588	1212.96436	950.80743	-73.60595	1319.74573	755.96332	183.07034	995.63458	620.10455	-275.27762	1005.80945	940.24457	307.69501	790.53357	654.61176	-312.99252	761.12463	1037.88977	184.88068	901.80750	879.04620	-44.73186	885.91400	1039.51733	-83.66546	914.13135	716.17352	291.89355	507.10330	920.47559	-11.59057	458.27322	1009.24762	147.04503	251.42340	671.63318	29.82759	114.60751	950.25995	
207	2.060	35.82336	1405.53540	1081.09814	-37.80919	1537.05774	815.27515	100.12016	1480.70471	894.33289	-94.13323	1438.18787	1009.98138	168.86629	1272.31006	731.54749	-188.90094	1259.38928	970.30884	69.42382	1214.91187	959.96039	-69.69850	1320.71265	764.75000	186.16716	997.88147	627.48950	-270.19376	1007.10718	950.95764	309.60297	791.33667	661.85767	-300.95572	763.05042	1057.68506	189.81757	903.17798	890.49805	-43.29593	887.70795	1048.28833	-78.11224	915.83069	724.78613	297.22870	513.37848	941.33527	-15.30107	455.85040	1013.77136	164.96751	248.81883	694.99384	29.63400	114.59124	950.38135	
208	2.070	38.17942	1407.14478	1090.26233	-34.12331	1538.20825	824.28839	103.95529	1481.44775	903.96210	-91.26448	1439.67542	1018.65692	172.90050	1273.37976	741.76123	-185.97017	1261.10046	978.48273	72.01404	1215.90393	969.35699	-65.17488	1322.24158	773.47992	189.44914	999.81213	636.18018	-266.80444	1008.38086	963.31470	311.79279	791.96423	667.75183	-289.03384	765.62103	1077.23511	193.91013	904.86322	902.32520	-41.96594	889.27521	1056.55127	-72.55874	917.45093	733.02948	301.61679	520.14331	960.86133	-18.32795	452.91449	1017.18506	183.08569	245.96574	720.12134	29.48342	112.76145	947.65936	
209	2.080	41.22654	1408.55176	1099.68738	-28.61549	1538.46692	832.65924	107.21114	1482.69958	913.02350	-88.22700	1440.97986	1026.86218	177.71483	1274.91187	751.92505	-182.41919	1263.07617	986.47607	75.44248	1217.03772	979.12115	-61.18919	1323.23608	782.23444	192.60648	1001.58362	645.29956	-262.76825	1009.65558	975.33801	313.71146	793.01166	674.10596	-277.36850	768.52386	1096.58887	197.18036	906.19586	913.19659	-40.75201	890.42999	1064.85425	-66.12220	918.09851	741.28577	306.26089	527.38733	980.35211	-21.26832	450.49438	1020.62988	201.84737	241.26714	744.85199	29.37232	113.22054	949.36871	
210	2.090	43.90370	1409.82666	1108.73035	-25.22052	1539.65503	841.29254	111.18372	1483.48523	922.98486	-85.09158	1441.92126	1035.74756	182.04150	1275.67615	761.58057	-178.64223	1263.57629	994.63312	78.10480	1217.77820	988.21332	-56.95489	1323.83179	790.59180	195.81915	1002.83118	653.57941	-258.51022	1010.72192	986.93555	315.99384	793.89600	680.23279	-265.03055	771.47339	1115.20630	202.14110	907.58258	925.02081	-39.37972	890.89630	1073.13733	-60.50426	918.74310	749.30957	308.15942	532.48456	997.66040	-24.84110	448.31836	1024.20081	219.97675	236.41762	770.17963	29.01655	113.37675	950.14923	
211	2.100	46.18444	1411.15466	1117.80505	-21.86238	1540.12073	849.99170	114.14356	1483.88269	931.32721	-81.51531	1442.97668	1044.22705	186.36975	1276.50977	772.23370	-175.76326	1264.96851	1003.14569	79.97854	1218.92090	998.16168	-52.68461	1324.80920	799.31409	198.36984	1004.35297	662.64191	-255.19757	1011.76703	999.30670	318.37717	794.44684	687.06360	-253.17294	774.90918	1134.10376	206.13615	908.87531	936.76855	-38.55899	891.97357	1080.28528	-54.50307	920.00854	757.70636	311.13043	537.13342	1015.65710	-28.42108	446.57019	1027.49634	237.76447	231.50870	794.53308	28.75422	113.53307	951.20013	
212	2.110	48.95961	1412.01892	1127.03418	-17.64927	1540.32153	858.54932	117.98820	1484.50989	941.06409	-78.84768	1443.88342	1052.88538	190.69473	1276.85730	782.74432	-172.83061	1265.63696	1011.55109	83.02786	1218.90747	1007.82080	-50.59785	1326.53955	808.30530	201.56757	1005.63696	671.80908	-251.47066	1012.65051	1011.44958	320.96933	795.23047	693.87195	-241.63791	778.96448	1152.87048	210.09828	910.10638	947.30103	-36.97390	892.22162	1087.05701	-48.83294	919.79395	765.88544	313.04053	541.67657	1031.87170	-32.08773	446.11392	1029.31604	255.30457	225.46375	820.36157	28.65613	113.19994	951.26727	
213	2.120	52.04768	1412.63684	1136.25391	-13.35253	1540.49927	867.11511	121.37276	1484.54761	950.17719	-75.49246	1444.65125	1061.50342	195.43402	1277.17151	793.11127	-169.20598	1266.24988	1019.74701	86.24202	1218.75024	1017.35449	-46.52606	1327.03076	816.85541	204.78687	1006.53912	680.54071	-247.84679	1013.11603	1023.66437	323.58875	795.81610	700.69135	-229.98604	782.96722	1171.54846	214.26390	910.58649	958.17291	-36.67548	891.68506	1092.56067	-41.89790	920.33350	773.86230	314.20517	545.75922	1049.41064	-34.51775	444.37567	1032.68274	273.05554	219.41678	847.01880	28.96532	112.55741	951.40894	
214	2.130	54.65542	1413.57800	1145.57458	-10.72095	1541.11707	876.02478	125.07207	1484.75427	959.81396	-72.72816	1445.29883	1070.44287	199.69177	1277.45447	804.52856	-166.36739	1266.83643	1028.16858	88.44730	1218.71082	1027.31641	-42.40052	1326.87036	825.44299	208.02533	1007.65277	689.90698	-243.46751	1013.39209	1036.14600	326.92386	796.66675	707.73181	-219.13599	787.34241	1189.44128	217.27179	911.78278	969.31561	-35.46556	891.95087	1099.65869	-35.65426	920.48138	782.00830	314.36954	548.40228	1065.22876	-36.69572	443.42004	1036.76453	288.57721	213.26659	876.48547	30.03938	111.31548	951.46869	
215	2.140	57.59557	1413.99695	1155.02991	-6.72000	1540.29089	884.74408	128.31226	1484.59827	969.05383	-69.37480	1445.71301	1079.07776	203.85522	1277.00610	814.78900	-163.23842	1267.19946	1036.37415	90.92024	1218.57385	1037.08362	-34.56171	1325.52393	835.74774	211.57156	1008.32227	699.99426	-240.14093	1013.59082	1048.57214	329.71982	796.91760	715.24750	-208.46805	792.20282	1207.65588	221.76418	912.15967	979.24249	-34.57187	890.61890	1105.33313	-29.35943	920.48688	789.75793	313.72226	550.71771	1081.97742	-37.98444	442.14676	1041.28564	304.41290	207.88460	905.60608	30.01821	112.03985	953.61298	
216	2.150	60.84964	1413.94934	1164.04871	-2.69675	1539.37085	893.53778	131.74718	1484.64893	978.48071	-66.54560	1445.88110	1088.06787	208.42261	1276.80518	825.83484	-159.85944	1266.55334	1044.71057	93.25539	1217.84497	1047.12915	-30.12298	1325.36816	844.50787	215.25761	1008.59088	708.88458	-236.37288	1014.20905	1060.81982	332.87344	796.90839	722.67926	-198.64391	796.62408	1225.30481	224.67879	911.77863	989.80029	-33.09652	890.39575	1112.33337	-23.02968	920.94336	798.08319	312.87744	552.12054	1097.70764	-38.44938	441.89584	1045.74292	318.61377	203.15121	936.42841	29.26155	112.11775	950.59290	
217	2.160	63.56290	1414.45337	1173.53394	1.92779	1538.61340	902.34467	135.52132	1484.37317	988.04541	-63.27995	1445.53564	1096.89868	212.61336	1276.31165	836.63446	-157.20485	1266.60388	1053.29565	96.08950	1217.17224	1057.35095	-25.89978	1324.86145	853.42914	219.12215	1008.93640	718.81616	-232.81104	1014.55060	1073.53125	336.40320	797.26971	731.31982	-188.93982	801.37891	1242.67212	227.81168	911.65735	999.62756	-32.29031	889.36694	1118.79480	-17.05433	920.83026	805.86591	311.73969	552.56567	1113.44275	-38.30570	441.32043	1050.51404	332.51666	198.85178	968.43762	29.42645	111.09635	951.59564	
218	2.170	65.87169	1414.50623	1183.51807	4.55052	1538.70496	911.62909	138.66711	1483.73376	997.52972	-60.41163	1445.36621	1106.19531	217.03267	1276.29883	847.67279	-154.42154	1266.47180	1061.51086	98.89576	1216.02454	1067.25623	-21.64070	1324.81934	862.70886	223.59966	1009.16107	728.27454	-228.71516	1014.61530	1085.74304	340.72275	796.99664	739.04810	-179.78148	806.62280	1259.49487	231.48245	911.30267	1009.99951	-31.07420	888.31152	1125.90637	-9.89360	920.62439	814.73004	308.29120	551.66797	1127.75537	-36.97777	440.28482	1055.02832	345.04401	194.98473	999.52118	29.65601	110.09834	951.04364	
219	2.180	69.08765	1414.03003	1192.92932	8.11808	1537.88855	920.73743	142.19818	1482.83606	1007.89844	-57.23740	1444.74976	1115.36426	221.68636	1275.14661	859.43433	-151.16382	1265.37292	1069.72961	101.17802	1214.83533	1077.09644	-17.38504	1324.18481	871.87811	228.04593	1008.72205	738.36206	-225.08018	1014.90375	1097.88416	344.54285	797.28302	747.09375	-171.53185	811.63782	1276.29785	234.34882	910.15344	1021.10291	-30.70576	886.71698	1131.89343	-3.37739	920.04114	822.89136	305.80280	550.04742	1142.11633	-36.02465	440.26791	1059.39526	356.26468	191.05792	1032.01819	29.52000	109.57124	950.43268	
220	2.190	71.65343	1413.68921	1202.91467	12.65756	1536.16406	929.85590	145.13947	1482.29456	1016.44128	-55.33636	1445.04504	1124.44360	225.50627	1274.40601	870.34686	-148.59521	1265.09106	1078.13721	103.13159	1213.40454	1087.69006	-12.73550	1323.57764	881.05566	233.28818	1008.51434	749.26410	-221.54518	1014.86823	1110.04504	349.30283	797.06573	757.76263	-161.38808	816.78375	1292.38745	236.93211	909.87537	1032.23230	-30.47307	885.11920	1139.07239	3.33423	919.76318	831.18945	302.74915	548.27777	1157.19287	-34.45281	438.94638	1064.07422	366.64188	188.18741	1064.07422	28.68746	109.05188	951.45837	
221	2.200	74.55649	1413.32959	1212.48254	15.92845	1535.35034	939.12323	149.02211	1481.78979	1026.43677	-51.54525	1443.58118	1133.72937	230.35796	1273.36182	881.82056	-145.62518	1263.76917	1086.57190	105.35123	1212.13025	1097.88574	-9.39733	1323.91248	888.74622	238.34267	1008.28900	758.86566	-217.45578	1014.59540	1121.27991	353.99716	796.57507	767.39642	-153.60448	822.06653	1308.61182	240.10620	909.16949	1044.33875	-29.89360	883.60162	1147.23657	10.20688	919.41473	839.74591	299.09106	545.43958	1170.19775	-33.50050	437.94891	1067.91089	376.41394	185.82854	1097.62085	28.27115	108.72389	951.46057	
222	2.210	77.14783	1413.01978	1222.42041	19.08781	1534.08240	948.53436	152.10332	1480.61902	1036.73901	-49.34229	1443.66797	1143.08301	234.94179	1272.28625	893.26495	-142.19212	1262.54736	1094.44055	106.88169	1210.89355	1108.23071	-4.41061	1322.57532	898.56207	243.33734	1007.57593	769.69904	-213.86089	1014.57990	1132.90747	359.50482	796.04474	777.20471	-145.69385	826.30194	1323.14844	243.20663	907.37585	1056.16394	-28.95026	881.80426	1155.06653	16.85970	918.85760	847.99091	295.32803	541.73297	1183.17407	-31.97825	436.77118	1072.16858	384.17215	185.22151	1130.52637	27.98355	108.30156	951.30737	
223	2.220	80.10622	1412.20581	1232.37659	22.67504	1533.13220	957.94067	155.71210	1479.13562	1046.75488	-46.14251	1442.25378	1152.50171	239.12238	1270.73743	904.63788	-140.11887	1261.94556	1103.11487	109.38238	1209.17896	1118.44641	0.76254	1320.83276	909.07031	248.57739	1007.08484	780.02386	-210.25211	1013.98132	1143.76062	364.72168	795.38397	787.32050	-138.60094	830.57031	1338.14709	245.13412	905.05048	1067.05029	-28.02155	880.34082	1162.60132	23.95187	917.88983	856.59076	292.07184	537.07916	1195.06787	-31.37119	435.31082	1076.80750	390.22754	185.93105	1163.57397	29.77829	107.57139	956.64557	
224	2.230	82.96699	1411.67969	1242.04517	25.85499	1530.93213	967.37085	158.78528	1478.04761	1056.34985	-43.07911	1441.27332	1162.07043	244.06685	1270.10120	916.67224	-136.56604	1260.18945	1110.94250	113.14383	1207.21057	1129.27698	5.30348	1319.68811	918.73370	254.41141	1006.56445	790.52258	-206.20442	1013.57587	1154.61206	370.07062	794.47003	798.37842	-131.89861	834.43201	1352.26904	247.39783	903.30658	1079.86768	-26.94801	878.75299	1170.43555	30.52490	917.72833	865.16913	287.43500	531.40381	1206.60754	-29.90506	434.09097	1081.54785	394.53342	188.59721	1194.60303	27.94071	107.46896	952.33759	
225	2.240	86.53867	1410.63184	1251.92334	29.05798	1529.83533	976.81067	162.14749	1476.84949	1066.42834	-38.87713	1439.72974	1171.78162	248.84189	1268.52405	929.31995	-133.69356	1258.90356	1119.66040	115.98583	1205.93018	1140.70166	9.45526	1319.09106	927.19873	259.59589	1005.67920	801.69769	-202.48889	1012.67352	1165.18054	375.62265	793.74811	808.89374	-125.38930	837.71796	1365.61194	249.88094	901.45074	1091.23792	-24.24010	878.14374	1180.04187	37.43272	916.59674	873.74738	283.49323	526.38617	1216.71777	-29.19137	432.44489	1086.62048	396.97647	193.38063	1224.83948	28.73616	106.31325	951.75830	
226	2.250	88.73016	1410.02429	1262.02856	33.66657	1527.22888	986.15881	165.18637	1475.41260	1076.03186	-36.59302	1438.99963	1181.41516	253.06787	1267.21204	940.43915	-131.62340	1257.56775	1128.10107	116.72733	1204.19385	1150.49829	14.58772	1317.51672	936.77997	265.72668	1004.85724	813.08588	-198.54478	1012.08582	1175.64111	381.14902	792.80621	820.21179	-119.19386	840.32666	1378.44556	251.56801	898.92816	1104.02234	-23.93630	876.26929	1188.84558	43.69063	915.70923	882.24481	280.65009	523.25403	1228.33691	-27.11804	430.83170	1091.93030	397.93738	198.02567	1252.78149	29.19981	106.06658	952.83057	
227	2.260	92.27556	1409.07056	1271.72156	37.02112	1525.98840	995.63800	168.61781	1474.17273	1085.88171	-33.42067	1437.65112	1190.94788	258.20230	1266.04297	952.80365	-127.33865	1255.79053	1136.14612	119.08457	1202.69104	1161.14221	19.51462	1316.07837	946.90723	271.13419	1004.27728	824.37604	-195.03201	1011.31812	1185.95959	387.35089	791.67719	832.37952	-113.90916	842.82391	1391.17908	253.31863	896.34521	1114.76172	-21.52591	874.52136	1197.07397	49.84156	914.74316	891.19757	277.63312	519.68561	1238.66602	-25.55084	429.43930	1097.37402	397.44833	203.77573	1277.73584	29.62523	105.33896	953.53271	
228	2.270	94.86986	1408.65613	1281.88721	39.56398	1524.04773	1005.28076	171.42026	1473.20679	1095.64026	-30.15663	1436.01001	1200.59460	263.20966	1264.34814	965.47113	-124.88599	1254.46631	1144.85742	121.90768	1200.93201	1172.03772	24.49626	1314.17944	956.23401	277.47836	1002.43604	836.28668	-191.20386	1010.09723	1196.41113	393.26532	790.66632	844.00458	-109.47211	844.49420	1403.34082	255.63876	894.69586	1127.43799	-18.95211	873.34375	1207.69189	55.93575	913.44586	900.11963	275.09253	518.39142	1249.63672	-23.97767	428.02051	1103.22522	395.60007	209.19373	1301.99280	29.96777	104.26011	953.81049	
229	2.280	98.30084	1407.64978	1292.06384	42.62191	1522.49341	1014.80823	175.00099	1472.08423	1106.08643	-27.21138	1434.83325	1210.29736	268.02585	1263.23376	977.39960	-120.82553	1252.74219	1152.98767	124.70983	1199.41602	1182.95850	29.63187	1312.59119	966.05640	283.42969	1001.63849	848.40332	-187.33615	1009.41949	1205.93091	399.16751	789.54907	855.87451	-104.81315	845.59552	1414.98572	257.82806	892.17523	1139.09265	-16.90740	872.24774	1217.12390	61.29289	912.30963	908.97058	272.55618	517.77521	1261.78406	-22.66774	426.87463	1109.42676	392.79495	214.28958	1323.33301	30.00842	103.78902	953.92499	
230	2.290	101.13374	1407.25427	1301.68506	45.31026	1520.98938	1024.51648	177.85301	1471.37427	1116.78052	-23.89283	1433.47107	1220.08423	272.66333	1261.91394	989.22534	-118.47742	1251.55505	1161.76245	127.09509	1198.09448	1194.24377	34.33964	1311.40356	976.61304	289.47702	1000.17114	860.99469	-183.37865	1007.77594	1215.88245	405.20929	788.54370	868.10382	-101.39494	846.63129	1425.97327	260.32004	890.71411	1151.72607	-14.69024	872.65936	1228.10864	66.57506	911.03912	918.00684	270.21732	517.58667	1272.61304	-20.72328	425.86945	1115.77417	389.08072	219.00922	1343.74463	29.98926	103.83743	954.77710	
231	2.300	103.71381	1406.63940	1312.41357	49.01753	1519.46033	1034.05151	181.40379	1470.81531	1126.71277	-21.03278	1431.98047	1229.63159	278.03143	1260.40112	1002.56238	-114.07464	1249.67908	1169.97168	130.40984	1196.87122	1205.05835	39.81416	1309.93359	986.33435	295.85300	998.84235	873.03613	-179.94899	1006.66168	1225.30676	412.01273	787.51660	881.59009	-98.33513	846.77997	1436.62610	262.07629	888.34247	1163.76355				72.87376	909.11694	927.48889	268.78485	517.57904	1284.15552	-18.32205	424.27863	1122.74084	383.71002	222.98192	1362.42725	30.03072	103.90769	955.00000	
232	2.310	107.28589	1406.17322	1322.18225	52.72673	1517.04163	1043.50769	184.28006	1469.96277	1136.95837	-18.01044	1430.52930	1239.75488	283.45520	1259.16272	1014.34680	-111.62876	1248.91516	1178.76465	132.99559	1195.73389	1216.37634	45.26498	1308.44397	995.91968	302.01309	997.37653	885.97858	-175.80676	1005.59015	1234.34155	417.78564	785.79584	894.77893	-95.42120	846.52454	1447.01843	265.19302	887.01868	1177.21228				77.89134	907.98444	936.57019	269.25012	516.39001	1296.34839	-17.42570	424.32452	1131.17749	377.73044	224.79869	1378.93823	29.13059	105.46591	956.78278	
233	2.320	109.91520	1405.78284	1332.28027	55.31321	1515.86157	1053.26086	187.48332	1469.85144	1146.75977	-14.65540	1429.22278	1249.15234	288.38141	1258.02722	1027.41199	-107.55644	1247.30457	1187.41296	136.25443	1194.79126	1227.43689	50.18085	1306.73975	1006.16284	308.60577	996.13177	899.00018	-172.02924	1004.38263	1243.13330	424.82721	784.95898	909.50214	-92.66794	845.04669	1456.35254	267.35922	885.43951	1189.83752				83.87431	906.67377	946.69806	269.43079	514.90637	1310.18909	-14.71955	423.28488	1139.03418	370.46539	225.05205	1394.99097	28.76257	105.89599	957.68744	
234	2.330	112.64619	1405.70227	1342.49072	57.69588	1515.04138	1063.02722	190.28026	1469.50037	1156.84973	-11.55862	1427.77856	1258.59045	293.24658	1256.73743	1039.91040	-104.09335	1246.64844	1196.29126	139.02505	1194.28076	1239.00488	55.82056	1305.42249	1016.01166	315.56812	994.73730	912.90948	-168.08861	1003.02307	1251.33936	431.11200	783.50983	923.51178	-91.72546	844.15222	1465.50488	269.53461	883.79590	1202.06689				89.11713	905.27374	956.34869	268.70093	514.99677	1323.81055	-11.62543	422.17651	1147.08679	361.31351	222.01093	1405.67761	27.75524	107.79202	959.29059	
235	2.340	114.74712	1405.87451	1352.53992	61.70396	1514.10034	1072.56702	193.90950	1469.15002	1167.29736	-8.52771	1426.48730	1267.60193	298.38797	1256.26416	1051.79358	-99.62592	1245.70789	1205.09546	142.60500	1193.72937	1250.21729	60.84062	1304.46716	1026.24023	321.71396	993.24878	926.45044	-164.36386	1001.91516	1259.04346	437.48148	782.21625	937.95007	-90.08390	841.82495	1473.51331	272.22122	883.12158	1216.50378				94.65601	904.08606	966.92047	269.01718	513.28778	1337.86023	-9.54461	422.24722	1156.42407	352.40778	216.38535	1416.59253	27.38224	108.88848	960.61523	
236	2.350	117.33567	1405.30481	1363.07605	65.94332	1512.33167	1082.05518	196.83588	1469.63354	1178.12756	-5.86116	1425.52734	1277.55566	303.93713	1255.63171	1064.82568	-96.16656	1245.05176	1213.93872	145.82053	1193.40503	1261.97375	66.55534	1303.31189	1036.30273	328.00183	992.02856	939.00128	-160.35590	1000.55676	1266.49060	443.68906	780.83179	953.85559	-89.85071	839.49097	1481.31091	274.67627	882.77960	1229.37256				100.24532	903.20972	977.60107	269.35941	511.50412	1351.73132	-5.62133	422.02881	1165.88208	343.29291	209.21265	1424.14343	26.71131	110.67505	963.20892	
237	2.360	119.47616	1405.37585	1372.89563	70.09298	1511.61365	1091.67212	200.25618	1469.76660	1189.01868	-2.98009	1424.47839	1286.61780	309.26880	1254.94055	1077.66174	-92.47980	1244.28784	1222.44836	149.20642	1193.56006	1273.23425	72.27538	1302.40149	1046.47229	334.24991	990.55048	953.60419	-156.83374	999.67969	1273.95691	450.12238	780.15955	968.92023	-89.64003	836.94348	1487.27686	277.18484	881.97540	1243.46228				105.94490	902.33337	988.97241	271.03772	507.32159	1365.53577	-2.43772	421.43082	1175.27283	336.75998	200.92989	1429.56995	26.67937	112.75403	966.33667	
238	2.370	120.73361	1405.25098	1382.07532	73.81266	1511.32104	1101.35474	203.29614	1470.24731	1199.66882	-0.35872	1423.67480	1295.62183	314.65671	1254.04114	1090.64783	-88.57872	1243.82397	1231.11365	153.09178	1193.30151	1285.01526	77.97943	1301.38904	1056.79871	341.31393	989.12061	968.31488	-153.59650	998.46912	1280.66443	456.15344	778.51843	985.11194	-90.38673	832.97784	1492.78552	280.43250	882.36334	1257.80640				112.04074	900.87610	1000.67438	270.36005	505.49576	1379.91577	0.64844	421.06830	1185.14429	337.32733	198.93213	1438.27454	26.77489	116.57524	971.07977	
239	2.380	122.05927	1405.70422	1392.49158	77.29755	1511.97437	1111.33350	206.67291	1471.38037	1211.65222	2.60997	1423.06592	1304.63647	320.17749	1253.93787	1103.81226	-84.52044	1243.65137	1239.21057	156.15428	1194.14246	1296.91394	84.06836	1300.82117	1067.31470	347.41190	987.94788	982.70868	-149.96252	997.55225	1286.77429	462.40771	777.29175	1001.99988	-91.19996	829.83990	1497.72302	282.36838	881.84595	1271.69275	4.80438	867.18524	1320.45264	117.88491	900.23352	1012.34741	271.12286	502.53082	1394.87793	3.13523	421.59607	1195.41711	341.64780	198.42877	1448.60803	27.40194	118.85681	973.93268	
240	2.390	123.50030	1406.52417	1403.56592	81.80432	1512.23560	1121.33191	210.66661	1473.18909	1224.15918	4.77505	1423.00049	1313.77124	326.07117	1253.07507	1117.54932	-80.67956	1243.65442	1247.49109	159.81125	1194.87854	1308.65137	90.02062	1300.85144	1077.75964	353.81616	987.43079	996.98212	-147.20410	997.17682	1292.66504	467.94284	776.06244	1018.61725	-92.42668	825.41840	1502.97827	286.28342	882.70227	1287.18640				123.92686	899.68530	1025.05847	272.30078	498.35953	1407.68579	6.51574	420.91693	1205.25305	342.78229	196.04092	1457.15540	26.37435	123.50131	978.80365	
241	2.400	124.29562	1407.41626	1413.86450	86.54167	1513.58704	1130.58411	212.05556	1473.59644	1236.23633	7.10548	1423.61157	1322.79785	331.19012	1253.23828	1130.53931	-77.01942	1244.71228	1255.55774	162.73668	1196.24963	1320.44995	95.94308	1301.59314	1088.53430	360.21570	986.71429	1013.04364	-143.72728	996.60065	1297.74414	472.69257	774.87646	1036.10730	-94.08415	821.75214	1506.50977	288.77585	882.85205	1301.61804	10.01048	870.69720	1341.01648	130.37256	899.43951	1037.35034	272.85635	496.76682	1420.87830	8.34341	421.88306	1215.93286	344.93811	194.45961	1468.49133	26.38673	128.65721	985.80786	
242	2.410	125.50905	1408.90576	1424.70483	88.21001	1514.73633	1142.87012	216.19040	1475.23389	1247.79480	9.37872	1424.59265	1331.89734	336.31860	1253.54858	1144.59937	-74.05519	1245.84949	1263.78088	165.95531	1197.39771	1332.22144	102.46238	1301.67908	1099.33252	366.66095	985.85974	1028.31934	-140.49751	996.93610	1302.58325	478.44257	773.76086	1053.57971	-97.80655	815.97803	1508.21326	291.18622	883.12207	1316.47632	11.54165	871.07806	1348.91919	135.78415	899.47028	1050.13293	274.82977	496.31302	1431.91663	10.11616	422.26599	1227.53699	346.59882	191.86606	1477.20032	27.22276	132.36142	990.26758	
243	2.420	126.37307	1410.65552	1435.89465	96.78510	1515.15955	1151.22168	219.51613	1476.50732	1258.70508	11.30421	1425.57861	1341.05286	341.50769	1254.12964	1158.73364	-70.69495	1247.11389	1271.77393	168.50140	1199.13757	1344.16565	108.12312	1302.93579	1110.00500	372.77307	985.53345	1043.88818	-137.20923	997.11682	1307.50342	483.58505	773.39435	1072.43994	-100.07876	811.61414	1510.34436	294.45697	885.28821	1331.62903	13.52928	871.84253	1357.82788	142.09262	899.72083	1062.12366	277.65372	498.94244	1445.00195	11.87242	422.88876	1239.32349	347.81604	189.59189	1484.67419	27.31959	137.86469	997.16852	
244	2.430	126.90277	1412.25452	1446.73193	101.68687	1516.33374	1161.49634	223.04788	1478.29272	1270.71045	13.50197	1426.52905	1350.15674	346.25143	1255.00464	1173.30103	-67.24167	1249.00415	1279.86707	170.69106	1200.48792	1355.83472	114.40699	1304.45410	1120.53967	379.27634	985.70148	1059.67236	-134.47472	997.79901	1311.98108	488.81937	773.51025	1091.45801	-102.56728	807.30511	1510.92273	296.61899	886.70123	1346.83215	15.19623	874.56995	1369.33655	147.07019	900.33588	1074.53479	280.83212	502.30411	1458.32507	13.82086	423.65558	1251.67529	349.50821	187.06320	1491.27454	26.94624	144.82320	1009.36353	
245	2.440	127.75539	1413.97546	1457.75208	106.69139	1517.58105	1171.99243	227.06825	1479.92029	1282.13586	15.65600	1427.72644	1359.23254	350.89151	1255.82031	1187.10095	-64.31069	1251.04895	1287.97827	172.23317	1202.40942	1367.36707	119.39960	1306.20532	1131.45801	385.10727	986.15515	1075.83984	-131.71336	999.52716	1315.73706	493.62817	773.87018	1110.30481	-106.15818	803.37823	1510.57959	299.29654	888.49707	1360.74292	17.47785	876.72345	1379.28503	152.27518	901.79132	1086.88367	284.51868	503.74362	1469.02307	15.94774	425.08990	1265.36523	350.92587	185.87514	1497.77942	28.61861	150.17516	1018.44177	
246	2.450	127.41908	1415.66248	1467.89343	110.91748	1519.07874	1182.77612	230.39693	1481.82800	1294.04663	17.40374	1428.96838	1368.36108	355.28763	1257.00818	1202.14368	-61.49936	1253.25293	1295.72412	173.88718	1203.99658	1378.74170	125.09805	1308.04150	1141.64758	391.59918	986.64948	1092.92871	-128.85854	1000.76697	1319.40857	497.98337	774.19702	1130.02417	-109.92730	798.95233	1510.36365	301.99588	891.19928	1375.59143	19.54740	879.09448	1388.85144	156.74800	903.35980	1099.19238	284.37082	506.80161	1481.06982	17.12377	426.62192	1280.65247	352.43048	183.31723	1502.70984	29.80519	155.87839	1030.79919	
247	2.460	127.57293	1417.07886	1479.67249	115.71209	1520.25903	1193.35876	231.98524	1484.74768	1309.77783	18.99994	1430.76953	1377.38098	358.93045	1258.66980	1218.05798	-58.91845	1255.44360	1303.70947	175.23283	1205.26379	1389.65881	129.24158	1310.06458	1152.43408	397.23297	987.80115	1109.51550	-126.37040	1002.43079	1323.08728	502.78931	775.06067	1150.40979	-113.73022	794.92706	1508.03882	304.59827	893.87195	1389.41870	21.37092	881.31201	1397.68359	161.64925	905.47809	1111.18066	285.50745	509.74329	1493.82166	17.84520	427.99963	1296.82373	354.24411	181.22362	1506.92786	31.16324	160.90019	1042.19421	
248	2.470	126.79302	1418.48584	1490.26111	119.80442	1521.96997	1204.40833	235.07820	1486.43164	1323.06531	20.21642	1432.61243	1383.81177	362.89841	1260.25513	1232.10254	-56.41802	1257.37683	1311.22583	175.33572	1207.20178	1400.63477	134.42812	1311.87732	1162.56104	401.89032	988.29449	1126.50366	-124.47421	1004.25800	1326.68396	506.46201	776.00012	1170.99939	-117.89967	792.02081	1506.88281	307.73941	897.29785	1404.53699	23.12098	883.18921	1405.77014	165.86270	907.55273	1123.01794	286.80560	512.48505	1505.52490	17.44233	430.83777	1313.40906	356.54019	179.26648	1511.55151	31.94633	166.61903	1057.01001	
249	2.480	127.11572	1419.61499	1501.11511	124.21024	1524.33252	1215.29700	238.09663	1487.74524	1336.01050	21.61281	1434.54956	1392.93323	366.02740	1262.29663	1247.24988	-54.38346	1259.70496	1318.37659	175.46078	1208.41064	1410.33093	138.37367	1314.44177	1173.08020	408.41635	989.61646	1143.81165	-122.74511	1006.05194	1330.17273	510.34726	777.19427	1192.34497	-121.98402	789.17822	1502.77087	307.95505	898.87708	1416.60437	24.49389	884.91846	1414.32068	170.17458	909.83832	1134.45215	288.06665	513.64166	1516.30505	17.90861	433.62286	1330.83362	358.18542	177.13445	1515.16113	32.62791	172.58131	1072.21973	
250	2.490	125.88820	1420.05127	1511.27466	128.17734	1526.22852	1226.10571	239.47731	1488.47888	1348.50964	21.23922	1437.00708	1402.70239	369.19431	1264.28955	1261.87878	-52.89680	1261.89246	1325.43787	174.99695	1210.50110	1420.76270	142.71991	1316.49158	1183.74463	413.82938	991.24536	1161.10010	-121.18525	1007.83801	1333.35938	515.12122	778.78448	1213.75049	-126.20213	786.34161	1500.25525	309.11041	901.92542	1429.98853	26.20035	885.89075	1421.65271	173.90535	912.15076	1146.10034	289.68143	515.64899	1527.71631	18.09900	435.96725	1348.35474	360.58673	174.19208	1517.83691	33.68306	179.66577	1088.15051	
251	2.500	125.00601	1421.35486	1522.07898	132.23717	1528.97180	1237.62256	241.64485	1489.38623	1360.56799	22.10040	1438.06335	1411.49597	371.55536	1266.35461	1276.94287	-51.33063	1263.87549	1331.83533	174.93611	1211.61292	1430.57471	147.27263	1318.96606	1193.02747	419.15964	992.06921	1178.88452	-120.53986	1009.62115	1337.23230	518.33191	780.08411	1235.38867	-130.29288	784.50922	1496.80774	310.80869	904.71167	1443.62622	26.99521	887.26398	1428.26538	177.52115	915.05579	1156.72937	290.78024	515.94757	1536.50366	14.75041	438.33423	1366.83118	362.13388	171.61417	1518.27612	34.72020	187.08669	1107.55945	
252	2.510	123.88672	1421.56140	1532.67017	135.67314	1530.95007	1248.37573	243.76512	1490.87061	1373.43506	22.39677	1440.06543	1420.94617	374.46500	1268.26953	1291.00623	-49.17056	1264.96667	1337.67078	173.61670	1213.15967	1441.15491	150.68546	1321.09766	1203.28796	425.38632	994.11053	1196.16980	-119.81902	1011.31830	1340.36206	522.23212	781.99255	1258.44531	-135.46809	783.08856	1492.84656	312.17911	906.94226	1455.76331	27.49989	888.60101	1436.12122	181.34721	917.26965	1167.43506	292.97208	515.64075	1544.12048	12.91233	440.58484	1384.85254	364.52966	169.44438	1518.94177	36.09779	193.75330	1124.79004	
253	2.520	122.64342	1422.22681	1541.94348	139.44316	1533.45605	1259.83997	244.13264	1492.09363	1385.48877	22.84996	1442.01550	1429.54749	376.65192	1270.75378	1305.13281	-47.99062	1266.80554	1343.45752	173.20366	1214.70984	1451.45874	155.02275	1322.90247	1212.86108	430.10022	995.58734	1214.35828	-119.39298	1012.79572	1343.40259	525.27783	784.18469	1281.46130	-140.55890	782.55865	1488.65247	312.71957	909.59808	1468.85791	27.91327	888.86926	1442.97424	185.71754	919.37097	1176.80884	294.07947	514.79779	1551.96362	10.21972	442.60840	1403.78882	364.69620	167.25815	1518.32947	37.46038	199.96497	1142.12231	
254	2.530	120.89146	1422.40088	1551.75598	141.57271	1536.19922	1270.78271	245.07150	1492.65405	1397.14612	22.71000	1443.11951	1438.37146	377.59006	1272.54688	1320.81384	-47.54848	1268.34485	1348.67615	171.25177	1215.95105	1460.08801	158.20692	1325.50061	1222.97473	435.50626	997.71112	1232.99109	-119.43762	1014.51630	1346.07410	529.19995	786.51672	1305.18726	-145.97905	781.66193	1484.67139	313.30820	911.43304	1479.50256	27.04838	889.68933	1449.29077	189.79648	921.02399	1186.79285	295.98477	514.21625	1558.31580	6.82167	445.26987	1423.78284	365.75531	166.03876	1518.40759	39.76837	206.64371	1160.17749	
255	2.540	118.93681	1422.54736	1561.46533	145.41966	1538.12207	1281.51367	245.89818	1494.11987	1409.55432	22.40349	1444.94629	1446.52124	379.03226	1274.73645	1335.29419	-46.40521	1269.63464	1353.69434	169.36415	1217.60498	1470.15454	161.96582	1327.42944	1232.47461	440.87704	999.34131	1250.46753	-119.25793	1015.98480	1348.65588	531.94781	789.27344	1328.59839	-151.31436	781.35883	1480.03711	313.41666	913.04736	1490.86108	26.66670	890.22235	1454.82532	194.46313	923.44659	1193.52246	298.04675	512.59729	1563.42725	4.57945	449.11743	1444.06409	365.42068	164.70787	1517.74463	41.09332	213.12784	1178.08215	
256	2.550	116.63622	1423.46582	1570.69482	147.47253	1540.69836	1292.18896	246.01022	1495.42493	1421.55847	22.30722	1445.99231	1454.56360	379.89957	1277.13647	1349.55505	-45.84193	1270.81030	1358.35742	167.65866	1218.60022	1479.01208	165.06693	1329.50488	1242.45032	445.98575	1001.48492	1268.78821	-119.13956	1017.36829	1350.15149	534.89209	791.95300	1353.00378	-156.86447	781.56030	1475.40491	313.26505	915.26465	1502.43481	26.20196	891.08728	1460.80798	199.23485	924.32727	1202.34912	301.08978	510.39441	1567.65894	2.69649	452.94223	1464.92505	365.72617	163.30061	1516.81226	44.00956	219.81627	1197.64490	
257	2.560	114.22184	1423.75049	1580.63098				246.06792	1496.34778	1433.66028	21.74410	1446.96875	1462.21960	381.03983	1279.26550	1365.06201	-46.07168	1272.70703	1362.93506	165.48538	1219.54468	1487.86194	168.02986	1332.33484	1252.09497	450.68701	1003.24152	1286.44861	-118.93172	1019.00592	1351.42981	537.97516	794.94257	1377.03186	-162.44473	781.81470	1470.06165	311.93842	916.09174	1512.44690	24.87668	891.54004	1465.25415	202.78693	927.15466	1210.75415	303.49036	508.81946	1571.88647	1.09240	456.05505	1486.47473	366.46088	161.74304	1515.45764	45.57202	227.27275	1217.25549	
258	2.570	111.63622	1424.14624	1589.03381				245.34140	1497.41943	1444.88306	20.51961	1449.02356	1471.87952	381.39075	1281.63171	1378.97327	-46.13346	1274.46619	1367.66553	163.06216	1220.74133	1497.52893	170.70810	1334.39172	1261.23853	456.05295	1005.51190	1305.38379	-118.97182	1020.44330	1352.35193	539.74536	797.70496	1400.11121	-168.02969	782.56036	1464.74683	311.44839	917.79260	1523.02942	22.94169	892.81055	1471.11377	207.54056	928.42322	1220.85266	305.67642	507.95123	1576.46069	0.30070	461.19113	1509.08167	365.58926	160.18861	1515.11792	48.17380	231.99092	1238.56372	
259	2.580	108.34380	1424.59387	1598.15881				245.24500	1498.63770	1456.37573	19.43379	1450.11035	1479.05005	381.39584	1283.79565	1393.19836	-45.84909	1275.69189	1371.94250	160.93159	1221.80737	1505.45264	173.18370	1336.53577	1271.03552	460.31845	1007.87720	1322.99768	-117.50246	1021.55048	1352.75256	542.44513	802.78210	1424.87207	-173.30638	783.00610	1458.40894	309.20248	918.81012	1533.12280	22.60947	893.34760	1476.04834	211.58028	931.06281	1230.22839	306.36786	506.18671	1580.07031	-1.11911	468.72488	1530.29651	364.70755	158.29018	1513.38745	50.72040	235.34113	1260.91211	
260	2.590	105.89290	1425.18066	1607.64270				244.32133	1499.94128	1467.48621	18.46111	1452.37854	1487.26550	381.24881	1285.89233	1406.42834	-44.97437	1277.21301	1376.31909	158.39912	1223.04810	1513.87329	175.26517	1338.15173	1279.87305	464.22119	1009.87512	1341.23425	-116.34921	1023.14868	1351.91687	544.25073	805.43884	1447.05884	-179.02504	784.41327	1451.40637	306.80365	920.33661	1544.13135	21.16370	894.98132	1483.01648	215.06190	933.83209	1238.88147	308.19745	504.43188	1583.66406	-1.75626	476.72324	1544.64526	364.11661	158.32436	1511.90845	54.10921	236.63693	1284.47620	
261	2.600	102.94442	1425.83398	1615.88049				243.31607	1501.43005	1479.59131	17.18495	1452.98633	1495.00903	381.23917	1288.04163	1419.57410	-44.78206	1278.62073	1380.80969	156.13545	1224.59082	1523.09595	177.00195	1340.54602	1289.50916	469.71481	1013.03314	1358.70740	-115.54726	1024.61169	1351.30127	543.30017	808.60846	1468.53064	-184.03178	785.40216	1445.09583	304.17477	920.58966	1552.19507	19.52777	896.40802	1487.73608	218.05931	936.06079	1248.52954	308.77029	502.05063	1587.62622	-3.66914	484.56104	1560.44604	363.28046	157.55913	1510.92896	58.05336	236.04016	1309.73608	
262	2.610	99.92334	1426.07031	1625.12402				242.53899	1502.56970	1488.91785	15.62656	1454.08826	1503.13477	380.73123	1290.41638	1433.42725	-44.91894	1280.25500	1385.78687	153.99730	1225.38660	1530.70227	178.52171	1342.54907	1299.18994	473.39099	1015.34900	1376.81396	-114.00914	1026.55676	1350.51208	544.42279	812.35175	1490.39319	-188.60840	786.04358	1438.93567	301.64722	921.31232	1561.16101	18.83116	897.15771	1494.26416	221.05910	938.72955	1256.67065	310.02988	500.60382	1590.33606	-4.66719	490.39233	1574.15906	363.22696	156.87225	1509.69702	60.17559	235.33163	1334.27161	
263	2.620	96.76102	1427.23169	1633.95728				240.31093	1503.83777	1500.33911	13.70168	1455.24109	1511.11011	380.13147	1292.54248	1445.84338	-44.61389	1281.70947	1390.68701	151.62361	1227.09851	1539.77295	180.39980	1344.15100	1307.90979	476.56723	1017.13086	1394.51367	-112.37910	1028.45349	1349.65125	545.46954	816.49823	1511.83386	-193.13075	788.27112	1432.39807	298.37598	922.08307	1569.98853	17.54926	898.77649	1502.06665	223.96097	940.93536	1265.48145	309.01883	497.83401	1592.97668	-6.29098	495.14523	1588.57227	363.32614	157.04521	1508.84521	62.58070	233.48009	1360.64368	
264	2.630	93.58651	1427.70300	1642.54272				238.78532	1505.11987	1510.92175	12.26083	1456.60364	1517.29602	379.34827	1294.31580	1458.52173	-44.43108	1283.04102	1395.63184	149.32739	1228.52808	1548.89221	181.52351	1346.08923	1317.90857	479.90323	1019.98810	1412.36804	-110.92747	1030.05713	1349.27502	546.03296	819.80780	1533.27661	-197.37965	790.54547	1425.33606	295.68002	923.06433	1578.85291	16.70769	899.58258	1508.22290	225.40843	942.45966	1273.16345	309.91187	495.65485	1595.94226	-7.77924	501.87225	1602.57190	361.66296	154.89705	1506.85046	63.71023	229.61469	1386.25342	
265	2.640	89.75846	1427.74377	1648.84644				237.06158	1506.14771	1520.86536	10.33286	1457.93884	1526.17432	378.58167	1296.39587	1470.80542	-44.43699	1284.32397	1400.90649	147.34225	1229.90881	1556.66602	182.64528	1347.58606	1327.19971	482.65756	1022.30225	1431.19324	-109.07166	1032.42542	1348.65515	546.32367	824.14893	1553.28394	-201.00620	791.61963	1417.81482	292.46063	923.83514	1586.68079	16.01150	901.08014	1516.57544	226.60757	944.56580	1281.09155	309.91248	493.67758	1597.94592	-8.54764	508.97913	1614.35181	361.13321	154.41022	1506.48572	64.16773	225.58623	1413.05212	
266	2.650	85.61429	1428.90698	1657.27148				234.77580	1506.82739	1531.33716	8.38528	1458.67383	1532.98499	377.62592	1298.07104	1482.76050	-45.03126	1285.89294	1406.25500	145.87631	1230.55823	1564.47131	183.87643	1348.94348	1336.16235	484.07135	1023.48444	1448.15210	-107.81416	1033.98267	1348.85803	546.24512	827.52277	1574.22009	-204.49898	793.45807	1410.51538	289.63660	924.58215	1595.51758	15.62029	901.53870	1522.12671	227.80357	945.22473	1290.20972	310.18378	492.42850	1601.65247	-9.72117	514.80627	1625.89282	361.23251	154.31946	1506.06067	63.80278	221.13466	1439.59155	
267	2.660	83.00542	1428.58887	1663.68005				232.93013	1507.71265	1541.88074	6.06886	1459.27551	1540.48669	376.76425	1299.62622	1494.39038	-44.60521	1283.79529	1405.11230	143.52708	1231.69849	1573.90015	184.51724	1350.44629	1345.59412	485.72141	1026.47949	1466.41028	-106.34690	1035.89722	1347.79639	545.47394	830.84686	1594.27734	-207.88812	795.48169	1403.21204	286.62183	925.68555	1603.05249	14.80221	902.79901	1531.35132	228.44846	946.76849	1297.24243	309.59784	490.89462	1604.96155	-11.00776	520.34882	1637.98157	361.22980	154.13884	1505.94080	63.06076	215.28639	1467.33167	
268	2.670	79.04442	1429.66626	1672.65283				230.56355	1507.87952	1551.62097	4.17078	1460.17432	1548.23364	375.18811	1301.11609	1507.18494	-43.89907	1284.47388	1408.98022	142.04581	1232.14832	1582.43567	185.48605	1351.04419	1354.59924	486.15765	1027.38049	1482.58350	-104.86119	1038.15930	1348.30090	545.26062	834.79364	1613.81067	-210.03079	797.19177	1396.12244	283.68115	926.03601	1610.95422	14.33892	903.10327	1538.27039	228.58290	948.15686	1304.48181	308.84830	488.94339	1607.42981	-13.24676	525.16602	1647.51099	360.79626	153.49860	1505.73853	62.12587	210.37617	1494.70154	
269	2.680	75.45737	1429.60413	1681.38037				228.11870	1508.08264	1561.52124	1.68209	1460.19519	1555.43091	373.56564	1302.74805	1518.67468	-44.45037	1285.34045	1416.49707	139.60461	1232.38647	1590.62036	185.74812	1351.54333	1364.42419	486.26010	1030.18555	1500.58459	-102.93009	1039.24280	1349.00647	544.55316	838.17798	1632.11194	-212.23904	799.35889	1388.56384	281.42221	926.69617	1619.68872	13.28867	903.23883	1546.15466	229.73402	948.43573	1312.96899	308.44571	487.70505	1610.81738	-14.38185	529.13708	1656.87964	360.68036	153.30792	1505.87952	59.99708	204.34839	1522.33911	
270	2.690	71.34479	1429.92261	1689.97827				225.99146	1508.26038	1572.13306	-0.93090	1459.94495	1562.33240	372.37567	1303.75537	1530.88916	-44.65329	1285.35828	1421.64551	137.59657	1232.52271	1598.59534	186.43739	1351.77136	1373.12305	486.58865	1030.90271	1516.82397	-102.28500	1040.84399	1349.77441	543.22052	841.27368	1651.06067	-212.84915	801.10120	1381.65491	279.89648	926.89276	1626.69568	13.33371	903.29834	1553.55408	228.55081	948.30475	1319.87878	307.59674	486.88690	1613.99036	-15.58575	532.38586	1666.13208	360.20877	152.81807	1506.39587	57.29485	198.47470	1549.71082	
271	2.700	67.49869	1429.36206	1697.46631				223.23979	1507.78931	1581.18555	-3.39515	1460.02148	1570.27393	370.24466	1304.47681	1542.35962	-44.45435	1284.42615	1427.50830	135.28468	1231.87549	1606.48450	185.87477	1352.09045	1381.66687	487.30487	1033.61877	1532.81848	-100.05985	1041.97192	1353.25208	542.41278	842.82953	1666.76416	-213.24397	802.47906	1374.04126	277.82568	926.75714	1633.76709	11.93319	903.28680	1560.83398	227.23380	949.33453	1325.64355	307.28485	485.06665	1616.86499	-14.67676	535.60028	1675.04565	359.97275	152.61008	1507.04480	52.15987	195.21097	1578.05457	
272	2.710	63.62137	1429.00305	1704.97974				221.01611	1507.11230	1590.24463	-5.53904	1459.27673	1577.39099	368.26425	1305.03210	1554.15784	-45.86936	1285.33020	1434.96533	132.56227	1231.29419	1615.12305	186.30991	1351.98462	1391.28430	485.72729	1034.75012	1548.85400	-99.17162	1042.94446	1354.41089	540.75568	846.55396	1687.01758	-214.27495	804.65765	1367.40588	275.80615	927.06696	1640.85559	11.83986	902.66748	1568.79980	226.96001	949.01141	1333.38220	306.13013	483.73157	1620.00330	-16.01720	537.19086	1682.65613	359.24030	152.25380	1507.32983	46.48893	190.37503	1604.13464	
273	2.720	59.25652	1427.66736	1712.99487				218.13161	1506.67175	1600.27527	-8.04007	1459.18115	1584.50037	366.29337	1305.80212	1566.16321	-45.37690	1284.29810	1439.62488	130.58076	1231.02014	1623.63074	185.68027	1351.62476	1399.84070	485.98279	1035.39746	1563.91504	-97.53383	1042.80884	1357.34680	539.13196	847.66479	1701.97119	-214.36203	806.14166	1360.44812	274.30142	926.44470	1646.81213	10.75508	901.73712	1575.17004	226.13736	947.96259	1341.70923	304.97040	481.57486	1623.25452	-16.62625	538.07800	1690.51184	358.77612	151.85307	1507.88391	41.28927	185.56776	1630.08899	
274	2.730	55.43781	1426.60815	1720.44299				215.59206	1505.53101	1609.62524	-11.29569	1458.63647	1591.66370	363.87723	1305.36377	1577.33362	-46.96098	1283.63525	1447.61743	127.32109	1230.04114	1631.72400	185.94907	1351.41223	1408.64478	484.70477	1036.31287	1579.15894	-97.50520	1043.67078	1359.63965	537.10046	850.54669	1721.12988	-214.13947	808.05048	1354.45520	272.87872	925.86591	1654.56152	10.20601	901.83667	1583.69775	224.89697	948.45496	1347.95471	303.95303	480.36639	1626.27380	-16.22326	538.03979	1697.08459	358.13507	151.66229	1508.32959	34.62538	182.40048	1657.42249	
275	2.740	51.63292	1425.55725	1727.38879				212.79886	1504.83362	1619.63757	-14.00738	1457.81177	1599.10901	361.16840	1305.41418	1588.70959	-47.52383	1282.37964	1452.82043	124.54381	1228.84668	1638.44690	184.83801	1351.00659	1417.95288	482.47946	1036.62878	1594.07361	-96.41689	1044.13489	1362.19629	534.34503	852.08862	1737.85571	-214.20734	809.78491	1349.50659	270.26801	925.13287	1662.58716	8.61960	900.57825	1591.25818	223.32561	947.37390	1356.22852	303.15421	479.00104	1629.65649	-15.76050	537.23407	1704.52625	357.62125	151.72549	1509.03772	29.79403	178.71901	1680.47839	
276	2.750	47.22194	1424.34241	1735.41455				209.67638	1503.97595	1628.92773	-16.44845	1456.75317	1606.33777	358.76382	1304.91638	1599.36646	-48.85078	1281.31177	1460.65161	122.17747	1228.14819	1647.90601	183.96091	1349.88708	1425.78308	482.69040	1036.96008	1609.15125	-96.68303	1044.24487	1365.28589	531.37415	853.63214	1754.38916	-213.12915	810.51801	1345.64478	268.79584	923.84125	1669.33423	7.69199	898.38440	1599.11804	222.48351	947.27802	1363.65430	302.22916	477.56125	1633.77234	-15.09332	536.05896	1711.52356	357.39368	151.91130	1509.87769	22.09069	178.79668	1709.76672	
277	2.760	42.92045	1422.87268	1743.51331				206.13765	1502.76672	1638.55469	-19.21894	1455.21716	1614.13818	356.19498	1303.96118	1610.24365	-49.51250	1279.57361	1465.53809	119.32227	1226.28650	1655.45300	182.81448	1349.21399	1436.27917	479.32895	1036.29236	1623.18420	-95.17191	1043.52417	1368.20557	527.65558	855.44836	1772.36768	-212.70894	811.52582	1342.77319	266.57129	923.36401	1678.09192	4.98767	899.34583	1610.80591	221.48940	947.21240	1371.62366	301.66440	475.86121	1635.98853	-13.97603	533.68152	1718.05774	357.54724	151.71059	1510.13464	13.96646	178.49960	1736.80151	
278	2.770	38.98833	1421.70044	1750.90479				203.01898	1501.24902	1647.19067	-22.09006	1453.67712	1621.45569	353.49402	1303.23877	1620.82581	-51.77275	1278.73169	1473.12415	116.55560	1224.29004	1663.48401	181.37608	1348.40930	1444.08911	477.91446	1036.43396	1637.97473	-95.27625	1043.30164	1371.40515	524.18262	856.46045	1788.83459	-211.54622	811.98145	1340.74878	264.45349	921.27881	1684.00793	2.42790	897.47705	1619.66626	219.77460	947.48792	1378.51697	300.19128	474.76038	1641.09070	-13.11095	529.97821	1723.74084	357.56314	151.65613	1510.43091	7.36975	181.75902	1762.64050	
279	2.780	34.48384	1420.40198	1759.08972				199.91142	1500.28052	1656.53406	-25.12100	1451.96411	1627.87756	350.67471	1302.27808	1630.48218	-53.26901	1276.99646	1480.67419	113.87257	1222.95996	1672.79858	179.43073	1346.77148	1453.60071	474.45422	1035.45483	1650.74060	-94.73470	1042.52869	1375.10950	520.21600	857.27936	1804.15027	-210.50037	812.38660	1339.12939	262.40897	919.88953	1692.85681	0.36658	894.75250	1627.07983	218.38199	946.40332	1385.93823	299.90927	472.43512	1644.40222	-12.88290	526.03046	1729.21765	357.64093	151.67409	1510.48596	-0.71637	183.07976	1786.26978	
280	2.790	30.37159	1417.96143	1766.11548				196.67343	1497.96790	1662.54260	-28.80405	1449.90027	1635.86133	347.60632	1300.94165	1640.66357	-55.24655	1275.02881	1487.78162	110.56738	1220.83484	1681.35352	177.93575	1345.45959	1462.53284	472.27557	1035.72705	1661.89905	-94.44304	1042.13806	1380.03809	515.28918	857.56219	1819.57959	-209.11833	812.92993	1338.26086	260.31036	918.98352	1700.24622	-2.44532	892.36359	1635.18848	216.66631	945.72021	1394.52014	299.74579	471.65201	1649.78149	-12.94532	520.99323	1734.07007	358.03601	151.35864	1510.47803	-9.15647	187.79474	1811.29858	
281	2.800	25.81912	1416.41895	1773.70227				192.71207	1495.72717	1672.15088	-32.28924	1449.09021	1642.92334	344.51642	1300.02356	1650.32520	-57.21438	1273.24585	1494.41809	107.38334	1219.34766	1688.61694	175.49937	1343.48633	1470.74597	469.20999	1035.70203	1676.14795	-93.00637	1041.40430	1384.26233	510.89014	857.00873	1833.57385	-207.87408	813.17426	1337.82068	258.00247	916.95770	1709.19189	-5.34098	891.14978	1645.11853	213.99960	944.54724	1402.13733	299.45575	469.57037	1654.03711	-13.90486	515.29730	1740.09448	357.75677	150.90382	1511.33765	-17.46733	192.22513	1830.37756	
282	2.810	21.13810	1414.73853	1781.37036				188.97969	1494.20264	1680.79309	-35.38663	1447.20361	1648.99500	341.44791	1298.69556	1658.96411	-59.67576	1271.73096	1501.18433	104.16746	1217.84888	1698.75488	173.13063	1341.82251	1479.67383	466.66318	1034.18384	1689.25806	-93.45242	1041.37622	1388.56958	505.32635	857.60657	1848.62427	-205.85806	812.94165	1337.79346	255.96120	916.04858	1717.86328	-7.66806	888.83215	1653.47913	211.46007	943.15210	1410.25867	298.57709	468.14478	1659.06067	-14.42499	510.94897	1745.18298	357.29199	150.30128	1512.43958	-24.89221	198.85980	1849.02161	
283	2.820	16.59619	1413.55164	1788.94885				185.34450	1492.08740	1689.52905	-39.63294	1445.23486	1657.79968	338.00659	1297.42395	1667.55359	-62.25960	1270.25122	1509.00391	100.72216	1217.09546	1708.09314	170.60390	1340.19934	1488.28967	463.42575	1032.52466	1702.05310	-93.13554	1039.87183	1393.89490	499.65198	857.22888	1861.73474	-203.39406	812.27161	1338.98462	253.12862	913.80212	1726.47241	-11.03388	887.46704	1663.53784	209.01610	942.21478	1418.70471	298.26089	466.76749	1665.12439	-15.97042	507.02933	1752.27014	357.21732	150.46094	1513.70227	-32.10407	205.30916	1865.49548	
284	2.830	11.81759	1411.87854	1796.84680				181.06061	1491.29797	1698.56909	-42.73038	1443.38257	1663.59131	334.72818	1296.00098	1676.91199	-65.06319	1267.79541	1517.03235	97.74147	1214.56213	1715.05188	167.49783	1337.96313	1496.28162	459.67252	1031.05627	1714.24426	-92.37251	1038.80396	1399.04810	493.22098	857.25330	1875.62781	-202.16975	812.82703	1339.59851	250.45262	912.61902	1737.09924	-14.12895	883.02191	1668.98694	205.35324	939.75055	1427.07251	297.60736	464.97736	1669.61780	-17.30885	503.29669	1760.58191	357.00104	150.24069	1514.20532	-37.90383	212.88329	1883.50488	
285	2.840	7.01645	1410.18860	1804.33032				177.40152	1488.57703	1706.61523	-46.82881	1442.76648	1670.81689	331.10172	1294.42847	1685.16699	-67.85483	1266.15234	1523.92236	94.23598	1212.84180	1722.73425	164.19637	1335.74133	1505.15613	454.66443	1030.32129	1725.19788	-92.27112	1037.84290	1404.40344	486.08377	856.44482	1887.89844	-199.64963	811.72174	1342.17542	247.41176	910.84766	1744.89551	-17.09482	882.04199	1678.48010	202.52859	937.53198	1436.95667	297.67188	463.55756	1675.06262	-18.47586	500.69543	1769.05847	357.84933	150.33951	1514.85706	-44.38745	215.77077	1896.52905	
286	2.850	1.73014	1409.66272	1811.94360				172.60464	1487.20532	1715.80835	-51.13345	1440.66992	1678.44263	327.50659	1292.88721	1693.87927	-71.51104	1264.36096	1532.04248	90.28329	1211.36804	1732.91431	160.43321	1333.61511	1513.52844	450.26105	1028.57935	1735.71411	-92.48977	1036.10010	1410.63513	479.79337	855.21851	1899.20435	-198.31282	811.12866	1344.13855	244.46239	909.76447	1755.53210	-20.24598	880.34839	1688.57397	198.43240	936.02545	1445.32056	297.51047	461.42996	1680.75085	-20.04078	499.42062	1777.21729	358.25531	151.11082	1516.52014	-50.76141	218.39232	1909.74402	
287	2.860	-3.68111	1407.62866	1818.34253				168.68452	1484.61108	1723.86536	-54.68051	1439.28845	1684.38367	323.30609	1291.36450	1702.10303	-75.39453	1262.13623	1540.21094	86.61835	1210.27197	1741.60999	156.63533	1331.14587	1521.97632	446.35211	1026.56445	1747.27087	-92.84048	1034.87097	1416.55200	473.09091	853.46698	1910.37488	-196.69429	810.32123	1345.62646	241.02345	908.08026	1765.02856	-24.02617	878.23260	1697.75024	195.80055	933.61139	1455.85291	297.37216	459.69382	1686.44092	-22.77026	498.98489	1785.67676	357.83209	152.11896	1518.11731	-55.51179	220.83255	1922.12207	
288	2.870	-9.52792	1406.76477	1825.61841				163.72743	1483.30127	1733.25867	-59.09210	1438.18909	1692.08057	319.12848	1289.53052	1710.89124	-79.40394	1260.09094	1548.14795	82.35467	1208.45447	1750.71997	152.38477	1329.00049	1530.17273	440.23621	1024.86157	1756.24438	-93.08894	1032.90417	1423.53210	465.01184	852.02271	1922.38782	-194.62682	808.68549	1349.72351	237.56731	907.32672	1774.23401	-27.46344	876.13684	1706.87842	191.54346	930.69122	1465.23499	296.52081	458.97220	1693.95715	-27.35810	498.27692	1795.78516	357.63733	151.88722	1518.77734	-59.98471	218.60059	1930.16760	
289	2.880	-15.18733	1406.16882	1833.39990				159.13046	1481.61328	1741.65808				314.73642	1287.58484	1718.94836	-83.26580	1257.53625	1555.33191	78.09940	1207.27087	1758.75952	148.54915	1326.55225	1538.82300	435.85229	1022.86066	1764.46387	-94.23776	1030.66138	1430.53162	457.47314	849.91119	1931.79150	-193.52805	806.65991	1353.82227	234.28056	905.90228	1784.63538	-30.78005	874.67847	1716.60742	187.67699	928.35101	1475.24597	297.52783	458.89758	1704.32239	-30.07188	500.16177	1808.05981	357.65100	153.14194	1520.48486	-64.29869	214.67281	1938.58911	
290	2.890	-20.37936	1405.48706	1840.21875				155.05151	1479.58960	1748.67444				309.83530	1285.84009	1727.48450	-87.85668	1255.64160	1563.48474	72.84176	1205.90735	1768.33887	144.44221	1324.22327	1547.34521	430.04495	1020.67126	1774.46313	-95.98150	1028.78198	1437.71570	450.32019	847.16486	1940.49182	-192.20903	804.38086	1357.85193	230.12523	904.36145	1793.79871	-34.32526	872.80634	1725.81787	184.32454	925.99719	1486.38037	297.70035	456.30957	1711.85535	-33.13770	500.60709	1819.59070	356.74969	153.52507	1521.51904	-67.62964	208.39020	1944.75793	
291	2.900	-26.86790	1404.96814	1846.49268				149.53601	1477.98010	1757.19507				304.95590	1284.07837	1735.81616	-92.54661	1253.13318	1571.67700	67.65868	1204.09155	1777.41821	139.70941	1322.00952	1556.09509	424.52328	1017.55457	1782.87927	-97.97072	1026.51343	1444.83862	443.13623	844.15955	1948.82092	-191.06914	801.85596	1363.01062	225.99947	903.52246	1803.63696	-38.60656	870.92664	1736.18127	179.51178	922.77405	1495.84241	293.50699	455.53424	1717.11548	-37.24662	501.42230	1831.84790	356.02557	155.83853	1524.56738	-69.16701	202.19389	1950.55920	
292	2.910	-32.93570	1404.77429	1854.65320				144.24815	1477.07776	1765.25159				299.83859	1282.19067	1744.61890	-97.36784	1250.66919	1579.49255	62.42109	1203.48083	1785.82153	134.32005	1320.67969	1563.54443	417.94635	1015.40381	1789.77563	-99.91847	1024.00476	1453.32642	434.66916	841.55615	1957.85608	-190.50940	799.43915	1369.64026	222.01749	903.20514	1814.31970	-42.03848	868.38068	1744.43640	176.30305	920.68036	1506.69958	294.02539	454.39450	1727.78516	-42.44978	500.88898	1843.58240	356.01706	156.11156	1526.21753	-71.09859	195.28767	1955.48340	
293	2.920	-39.27808	1405.16040	1861.62659				139.02235	1475.53137	1773.22961				294.20380	1280.30750	1753.55017	-101.98505	1248.01416	1586.11292	56.37495	1201.81287	1795.55823	129.20712	1318.60193	1572.62158	411.38885	1011.46826	1795.60449	-102.06363	1020.10974	1463.24097	426.91055	837.72577	1965.12659	-190.01276	796.47644	1376.28833	217.27290	901.88550	1824.20422	-46.84744	867.08319	1754.69360	172.57487	918.23712	1517.94861	292.29596	455.15967	1738.94312	-46.79936	500.10602	1854.88232	355.54352	159.10577	1529.37585	-72.77681	186.92128	1957.35767	
294	2.930	-45.49898	1404.87842	1867.33569				133.55746	1474.39771	1780.81934				288.46841	1278.80066	1761.87537	-107.25836	1245.84717	1594.35425	49.94831	1201.23828	1803.99866	124.01962	1317.07397	1581.12598	404.36966	1010.02582	1805.01294	-105.73933	1017.74677	1469.33899	419.57468	833.64050	1970.95874	-190.08038	793.22247	1383.70532	212.12509	900.74670	1834.48242	-51.01950	865.17157	1763.12512	167.96796	915.71631	1529.11841	288.99374	452.10724	1745.06921	-51.53841	498.89337	1867.31433	355.48376	160.81947	1532.13538	-73.73299	180.90413	1961.37988	
295	2.940	-51.59711	1405.74939	1875.07056				128.13974	1473.28186	1787.76196				282.84952	1277.30188	1771.11121	-112.02550	1243.51819	1600.71155	43.26944	1199.73572	1812.23193	118.95498	1315.57825	1589.35608	397.68475	1008.43811	1812.69287	-108.36814	1014.45862	1478.73645	411.72549	829.96790	1976.75537	-190.41179	790.19830	1391.51648	207.76492	900.94836	1845.19336	-56.14872	863.83258	1772.98694	164.59512	914.65729	1539.98132	284.36795	452.53806	1754.55566	-55.98011	496.90225	1878.63269	354.45667	163.35358	1535.07874	-75.40956	176.16733	1963.87097	
296	2.950	-58.56810	1405.79370	1880.48157				122.09540	1473.28247	1796.14661				276.33105	1276.42444	1779.10754	-117.17246	1241.54065	1608.41724	36.67894	1199.36963	1821.14099	113.20959	1313.95508	1598.83386	391.09439	1005.96191	1819.83655	-111.46215	1011.79718	1488.00720	403.33636	826.22266	1981.96545	-191.45749	786.83502	1400.42468	202.90480	901.07562	1856.50488	-61.72894	862.84583	1783.44128	160.54587	912.86810	1551.17542	280.72299	452.19580	1764.75000	-60.32495	493.28516	1887.80469	354.67557	166.37090	1538.34509	-78.60997	176.72749	1971.76404	
297	2.960	-64.95285	1407.21252	1888.66162				116.61784	1473.03088	1804.00232				270.25552	1274.88367	1788.63660	-122.40833	1239.72876	1615.45093	29.77483	1200.10828	1831.45142	107.34256	1312.34302	1606.56824	382.23911	1003.44867	1824.68860	-114.68383	1009.17407	1495.28796	395.25143	822.42004	1986.92920	-192.31284	783.36554	1409.90759	196.63423	901.83319	1867.85339	-67.24986	862.14410	1793.61951	156.89546	911.59564	1563.20422	277.57303	451.50037	1775.97363	-64.61583	490.46957	1898.31299	354.78244	170.88124	1542.92188	-80.92772	174.82532	1977.35120	
298	2.970	-72.44730	1409.39087	1895.11987				110.68549	1473.31177	1811.92407				263.93750	1274.48303	1796.82751	-128.33322	1238.67468	1623.20508	22.38980	1200.34473	1839.98853	102.19405	1311.53247	1615.33350	373.98901	1000.96912	1828.83289	-117.72284	1006.14154	1506.09705	387.55743	818.25903	1990.42273	-193.96425	779.94550	1420.00598	190.34961	902.61475	1878.82153	-72.99866	862.03137	1804.13013	151.90082	910.03308	1574.11475	274.36905	450.39880	1786.20776	-68.10690	486.72928	1907.21765	355.66864	173.62889	1547.74988	-84.77827	173.61394	1986.32849	
299	2.980	-78.98367	1411.04114	1902.03491				104.15016	1473.74133	1819.03955				257.48026	1273.97290	1806.05066				15.35564	1200.33594	1847.88635	96.52529	1310.55347	1624.17725	366.21307	999.72833	1838.60583	-120.19794	1003.84296	1515.21228	379.15967	814.39227	1994.56970	-195.65373	776.18256	1430.75427	183.37271	904.11591	1890.39709	-78.70931	862.46576	1814.41003	148.14856	908.77850	1586.57764	270.14896	451.10843	1798.39124	-71.94624	484.48322	1915.16211	356.42776	178.92950	1554.17480	-88.10206	171.26675	1994.45581	
300	2.990	-86.27341	1413.21826	1908.36145				98.27335	1474.27246	1825.92493				251.36383	1273.70032	1814.67969				8.29645	1202.76929	1858.29126	90.46967	1310.65076	1631.45740	358.36719	999.19806	1844.70459	-123.18213	1001.17511	1524.21655	370.90240	811.01715	1997.24023	-196.87698	772.47485	1442.26807	175.91254	905.67554	1902.22913	-84.52215	863.36053	1825.12671	143.02968	908.65680	1596.87463	265.62979	452.31781	1810.64209	-76.22892	481.64633	1923.67676	355.70511	182.17659	1561.86792	-90.90113	167.58226	2002.69434	
301	3.000	-93.72129	1415.26099	1914.74731				92.18930	1475.25830	1834.28699				244.77165	1273.98730	1823.47852				0.71477	1203.89832	1866.37927				349.20129	997.94855	1849.44617	-126.33506	1000.13611	1532.30237	363.34595	807.45831	1999.33960	-198.76178	769.09851	1454.68933	168.19113	908.20441	1913.40820	-90.20906	864.22717	1835.11194	137.79002	907.79700	1610.26550	261.48010	452.82346	1823.23621	-79.96634	478.44687	1927.67615	355.71277	186.18907	1570.11340	-93.84044	164.80786	2009.82227	
302	3.010	-100.39938	1418.16882	1921.98010				85.62726	1476.06165	1841.45313				238.66002	1274.68091	1832.09167				-6.04209	1206.24695	1874.47327				342.31647	996.91992	1853.95496	-129.47006	998.38745	1544.22375	356.38904	805.47418	2001.79761	-200.10686	765.86871	1467.11438	159.96860	910.14734	1925.29187	-96.29768	866.15234	1845.38379	131.55782	907.71674	1620.20032	256.50232	453.71060	1836.18201	-84.99122	478.59613	1936.43933	356.68030	191.49422	1579.14587	-96.04871	160.75462	2014.99744	
303	3.020	-107.97440	1420.47498	1927.14502				79.27452	1477.89600	1847.92737				232.27649	1275.70813	1840.94958				-12.33478	1208.64258	1883.80933				333.09909	996.77985	1857.80664	-132.78801	996.35992	1556.22913	349.67221	804.47925	2004.64050	-201.47859	762.13116	1481.18262	151.32652	912.20868	1936.84778	-103.02653	868.88361	1857.16431	126.55727	907.38263	1633.66699	250.65535	455.43628	1851.27258	-90.81203	479.85614	1944.84753	356.15012	196.10271	1590.13831	-97.59410	160.63770	2019.06152	
304	3.030	-114.42503	1422.96021	1933.35645				73.38544	1479.53967	1856.16968				226.15181	1276.86584	1850.52197				-18.87286	1210.16516	1891.45142				325.46741	996.79559	1863.03540	-136.70305	995.71613	1567.12866	343.73120	803.37231	2005.68774	-204.42589	759.04120	1495.20154	142.51445	913.78516	1946.40454	-109.31145	870.30621	1866.20068	120.37843	907.94446	1644.29907	244.25038	456.70331	1866.15393	-97.88361	482.14627	1955.16748	355.59354	199.96667	1601.98743	-99.93527	158.32086	2021.32544	
305	3.040	-121.56845	1425.23169	1940.25220				67.24481	1480.62476	1863.00586				220.71375	1278.53455	1859.09094				-25.13404	1212.08838	1898.46802				317.44565	997.29584	1867.99316	-140.99339	995.25995	1575.01379	337.55273	802.45618	2008.02258	-206.58813	755.91260	1510.18103	133.95137	915.95892	1957.11426	-116.49542	873.47260	1875.68542	114.57533	909.01013	1653.66235	237.37102	457.38440	1882.42712	-104.26991	484.07465	1963.48743	353.20544	203.77319	1616.71094	-100.58988	155.45341	2021.18542	
306	3.050	-128.34898	1427.46130	1945.24194				60.45627	1481.87561	1870.17407				215.05249	1280.30005	1867.44727				-31.19951	1214.59839	1906.93628							-144.90952	993.93445	1588.00208	334.31863	803.28918	2012.99658	-209.59300	754.01288	1524.68567	125.69991	917.68646	1967.75195	-124.05093	876.12286	1885.43164	108.32866	910.36102	1663.84094	229.68872	459.35535	1899.30383	-110.42989	486.31534	1971.91418	350.19766	208.78491	1631.91833	-103.15843	156.14241	2027.60510	
307	3.060	-134.69917	1430.22742	1951.51160				54.96878	1484.42285	1876.93286				209.48157	1282.37244	1875.95105				-36.71953	1216.81531	1915.59143							-149.56880	994.38269	1597.05017	327.49966	803.80652	2015.55383	-213.47568	750.85864	1541.71045	117.55395	918.57446	1976.28687	-130.94171	878.37408	1893.47644	103.05786	910.72162	1673.74500	222.67520	460.21786	1916.32556	-115.66548	487.85693	1978.11621	346.20758	212.95120	1649.57544	-102.06269	154.03487	2026.09705	
308	3.070	-141.48897	1432.08984	1957.57471				49.27868	1486.88281	1884.27344				204.56009	1284.33130	1884.38330				-41.97215	1219.08630	1922.82434				291.34607	1000.67694	1879.09973	-153.98491	994.02197	1608.18811	320.43826	804.55859	2015.79248	-217.57568	748.95856	1557.82678	109.98071	920.25067	1985.34961	-138.37762	880.39014	1901.76440	98.62920	912.07544	1682.68860	218.51172	462.70633	1935.41016	-120.44102	489.25778	1983.94470	343.38022	219.22836	1665.34045	-103.24360	153.65401	2030.04651	
309	3.080	-147.07434	1434.18567	1962.73462				43.58040	1488.78577	1890.91125				199.64635	1286.11084	1892.46448				-47.02230	1221.04944	1930.04224				282.59784	1003.05811	1883.22253	-158.77641	993.38647	1618.41980	316.22021	805.17468	2018.14587	-223.35910	747.41937	1575.23279	102.55299	921.81604	1994.90063	-144.94598	882.49207	1907.97888	93.52462	913.98108	1693.00610	213.71901	465.81223	1956.01392	-124.58002	490.86093	1988.95630	339.20328	225.12021	1684.37927	-104.12407	153.41339	2031.72302	
310	3.090	-153.04730	1435.71216	1967.03308				37.94350	1491.31067	1896.82385				195.02168	1288.01489	1899.84094				-51.73716	1223.49426	1936.81616				275.32562	1002.76819	1888.42761	-163.95081	994.13068	1629.54041	310.34839	806.78308	2021.51477	-229.26527	745.76447	1592.42261	95.23648	923.31384	2002.64746	-152.69905	885.64874	1916.22803	88.35773	915.52838	1698.88428	207.17946	469.29419	1977.72998	-127.70058	491.97327	1992.86133	332.76080	230.03207	1701.37695	-104.23450	152.29794	2032.57837	
311	3.100	-159.16232	1437.76233	1973.08032				32.40224	1493.48706	1904.54980				190.52081	1289.60193	1908.40454				-56.48336	1225.11670	1943.94067				267.30029	1006.44507	1892.20166	-169.49831	995.08289	1638.08228	305.43262	808.93085	2026.82495	-235.71625	744.42352	1610.54028	88.62003	924.77820	2010.83081	-159.42490	887.19464	1921.02258	83.19431	916.95099	1708.52295	199.01131	472.84372	1998.52563	-131.21680	492.92679	1995.94751	326.48300	236.21358	1720.32507	-105.09200	152.22156	2034.26880	
312	3.110	-165.14955	1439.37976	1978.62341				26.94998	1495.94690	1912.48230				186.16783	1291.56580	1914.83215				-61.27010	1227.76416	1950.69580				261.24115	1007.29712	1898.34045	-175.91583	996.37524	1646.81946	301.90622	809.12946	2029.32642	-243.23192	742.90601	1628.67834	82.50928	926.63580	2019.13599	-165.58237	888.87817	1926.72046	78.51190	918.09503	1716.92090	189.38971	475.32166	2020.07031	-134.91125	493.87500	1998.42249	318.82175	241.97021	1737.75513	-106.28558	152.01855	2034.74329	
313	3.120	-170.62814	1441.35742	1983.09204				21.86145	1498.72644	1919.13159				181.69662	1293.32922	1922.87622				-65.36439	1228.83167	1956.75012				256.12823	1009.42633	1906.04871	-181.74414	996.27649	1660.27197	296.99814	812.90576	2038.78369	-251.42989	743.63513	1645.99597	76.49994	928.53455	2027.08960	-172.62512	891.69153	1931.74695	74.16941	919.50537	1721.80542	178.39337	477.62515	2041.86401	-138.15128	494.99600	2000.06067	310.61664	247.74686	1758.79443	-107.38618	150.60205	2034.53833	
314	3.130	-176.52756	1443.25195	1988.87756				16.37820	1500.18982	1925.69385				177.42435	1294.72754	1930.29492				-69.94893	1231.49414	1964.10413				251.98584	1011.91846	1912.74585	-188.18130	997.23743	1668.55969	294.03528	813.87421	2046.44702	-263.07263	741.99268	1669.13989	71.34470	930.21143	2033.90283				69.93799	921.40985	1729.77856	166.17744	479.39716	2062.90674	-140.86066	494.46600	2001.24353	302.58273	252.81232	1778.47253	-108.07903	149.12810	2034.88672	
315	3.140	-181.54388	1444.20740	1993.66431				11.52501	1501.72485	1931.34753				173.13107	1296.24438	1937.30994				-73.82718	1233.22620	1970.24353				248.13222	1013.57916	1918.80945	-195.25397	998.37152	1676.08984	289.89447	814.86304	2055.42749	-269.85809	745.34094	1681.52466	65.69838	931.34015	2040.38464				66.07359	921.38495	1737.23926	151.27513	482.78470	2084.42261	-144.38747	494.88211	2002.05090	294.22913	255.97433	1799.45520	-107.87933	147.25493	2033.69897	
316	3.150	-186.61642	1446.03992	1997.99951				6.90866	1503.33826	1937.48083				169.11760	1297.91675	1945.25806				-78.18861	1235.18396	1976.73108				244.39561	1015.62836	1925.02051	-201.90050	999.98761	1684.42480	285.21802	817.38629	2065.61670	-277.01471	749.00275	1693.37817	60.50098	932.94165	2047.12207				62.69577	922.72723	1745.03650	135.87730	484.56412	2103.17090	-147.72612	494.01962	2003.03748	285.83875	260.59586	1821.72253	-108.62500	146.29254	2033.45386	
317	3.160	-191.79190	1447.17859	2003.48608				2.38795	1505.02576	1944.39575				165.15024	1299.07544	1952.84277	-197.76805	899.91058	1949.60522	-82.17299	1237.03247	1983.04297				240.99553	1017.47931	1934.37683	-209.53545	1001.87347	1693.49512	282.04980	819.81659	2076.50464	-287.86746	747.33441	1718.57642	54.82110	934.02869	2054.50171				59.65904	923.73615	1753.27490	119.53362	488.25647	2121.87988	-151.78270	492.82455	2004.43604	277.77600	261.91379	1843.54211	-109.48351	144.93683	2033.63867	
318	3.170	-196.92325	1448.14063	2007.73511				-1.89701	1506.66919	1950.75171				161.18547	1300.44348	1960.19702	-203.47021	902.60864	1954.46155	-86.20260	1238.22754	1988.66846				237.77156	1017.96680	1944.35950	-216.94939	1004.23071	1699.47705	277.50735	821.35889	2086.26099	-297.37259	749.79718	1737.06628	49.19022	936.03711	2062.79053				56.18312	925.24969	1759.16113	104.25092	493.37274	2138.97339	-155.55482	491.98718	2005.07141	269.63364	264.64206	1867.20386	-110.00442	143.37814	2032.14600	
319	3.180	-201.27211	1449.21521	2012.21484				-6.67893	1508.38623	1957.85803				157.22058	1301.56238	1967.78674	-209.62823	904.09137	1958.65295	-90.87511	1240.12341	1993.96399				235.48019	1019.28870	1953.50940	-224.83371	1005.87781	1708.20300	273.19931	822.99762	2096.34424	-307.21075	752.96387	1754.19812	43.63185	937.49774	2070.80615				53.05038	926.01300	1767.21570	91.64507	500.13843	2155.10815	-160.08925	491.54199	2006.86743	261.40479	264.57193	1891.60583	-111.48377	142.12106	2031.67493	
320	3.190	-206.74236	1449.80652	2017.20667				-11.27903	1509.78101	1965.32581				152.96860	1302.38562	1975.84875	-215.37759	906.47437	1963.93713	-95.52145	1241.38599	1999.16089				233.13878	1020.20642	1964.54590	-232.40016	1006.74695	1716.42639	269.31409	826.59558	2107.97192	-316.73056	756.26312	1771.98975	37.92179	938.71613	2078.26807				50.21048	926.94757	1775.06592	80.87699	507.07364	2169.93896	-163.48579	488.30899	2005.40991	252.92009	263.82047	1918.60632	-112.97788	141.48888	2031.20581	
321	3.200	-211.41028	1450.95752	2021.53882				-15.65051	1510.72754	1971.36340				148.83560	1303.09827	1982.81238	-221.12848	908.11145	1967.35803	-100.45955	1243.50293	2005.12097							-239.97691	1009.83350	1721.55151	265.01007	827.88629	2119.71045	-326.17160	760.23895	1787.76062	30.52086	940.15356	2086.53394				47.33159	928.45148	1782.94165	70.47633	512.32520	2184.24170	-167.37241	486.93301	2004.54895	243.00446	261.68784	1942.35828	-114.85139	140.27066	2030.53088	
322	3.210	-216.15813	1451.49719	2026.20825				-20.07864	1511.32080	1977.45618				144.18428	1303.65613	1990.72791	-226.50208	909.64111	1971.49597	-104.92663	1244.92163	2011.16785										259.95929	829.44312	2129.42432	-335.54471	764.32745	1804.99597	24.08879	941.38177	2093.68872				44.37605	928.65082	1792.59607	57.89368	518.47754	2199.66455	-171.17415	484.47165	2004.84692	232.80489	258.67328	1968.74841	-115.55773	138.62509	2028.84814	
323	3.220	-220.64331	1451.83508	2029.78406				-24.23652	1512.20618	1983.13989				139.85953	1304.15662	1998.64307	-231.81889	911.64673	1976.22131	-110.09574	1245.69543	2015.09375										255.52654	830.98291	2140.98901	-344.55411	768.83014	1821.81726	17.02123	942.81781	2102.64624				41.84807	929.54938	1798.81995	43.10045	524.00800	2214.50977	-174.57640	481.65839	2001.85132	222.42448	255.01326	1996.07190	-116.70417	137.86179	2028.38916	
324	3.230	-225.72978	1452.44019	2034.61096				-29.00515	1512.78625	1989.81799				135.05000	1304.16199	2006.42566	-236.43291	912.21790	1978.07739	-115.29759	1246.74268	2021.18872										251.78319	832.59485	2152.08545	-354.22873	775.20471	1836.18750	9.64124	943.61157	2109.44238				39.01363	930.32678	1806.00476	29.22204	528.51050	2227.08521	-179.15654	479.98254	2000.84729	212.19025	250.98486	2022.78186	-117.51756	137.98781	2026.52502	
325	3.240	-230.44797	1453.29041	2038.61609				-33.11963	1512.92334	1995.75940				130.07971	1304.49170	2014.30420	-241.35013	913.06183	1982.75952	-120.20903	1247.74109	2026.40454							-269.01331	1018.80176	1739.51074	246.05801	833.41815	2162.97949	-362.87311	780.11548	1852.91992	2.36537	944.88165	2117.74438				36.46838	929.93811	1814.58521	15.29784	534.05328	2239.28931	-182.48610	477.72165	1997.92700	198.34496	245.71376	2047.87769	-118.23830	137.30423	2025.56067	
326	3.250	-235.31799	1453.86597	2042.94641				-37.38292	1513.56311	2002.25684				124.90513	1304.30103	2023.05994	-245.44858	913.04059	1984.34631	-125.57672	1247.49792	2030.32678							-274.85507	1020.21954	1746.56934	240.61108	834.71814	2173.55518	-371.72180	785.99750	1866.43164	-5.13179	944.82507	2124.37500				34.15315	930.37036	1823.10742	2.34636	538.67828	2249.94043				185.17462	241.18877	2075.55396	-118.80834	137.22107	2024.85242	
327	3.260	-240.23247	1454.18701	2046.71704	-5.13436	1336.21887	1814.56299	-41.55143	1513.30042	2008.44043				119.64088	1303.60315	2031.38232	-249.05894	913.80963	1987.01062	-130.72160	1248.33398	2036.39563							-280.00833	1021.59363	1751.95886	236.67931	836.23083	2186.86206	-379.41708	791.29791	1881.77966	-12.97261	944.89960	2132.58472				31.72261	929.18549	1831.86670	-11.20747	543.21405	2260.42065				170.80994	236.21193	2101.79541	-118.75564	135.99843	2024.20593	
328	3.270	-245.06517	1454.67468	2050.66162	-7.27195	1335.64185	1824.10217	-46.08354	1514.08899	2015.56348				114.44719	1303.64856	2039.92200	-253.72523	913.77167	1989.49048	-136.69981	1247.47559	2040.56995							-285.19666	1022.90753	1756.67969	230.83296	835.34497	2195.66968	-387.87686	797.27563	1896.07251	-21.16323	944.69574	2139.68140				29.75748	929.91229	1839.35815	-24.47699	546.74103	2269.69727				156.59660	231.09113	2128.69336	-118.63755	135.68660	2023.35352	
329	3.280	-249.97157	1455.23877	2054.45679	-9.49551	1336.24365	1831.22095	-50.52961	1514.58264	2022.61731				109.05667	1303.47986	2050.13159	-257.22452	913.81427	1991.03076	-141.94775	1247.98669	2046.38501										225.29193	835.53784	2206.85938	-395.15555	803.48291	1908.78162	-28.55509	943.40601	2146.28516				27.77551	929.39331	1847.24402	-38.95609	549.75214	2278.02783				141.91631	225.68599	2154.58130	-119.13349	136.12943	2023.61438	
330	3.290	-254.90324	1455.71338	2058.18872	-12.39146	1335.98755	1838.91492	-55.04635	1514.42371	2028.97485				103.55918	1302.75012	2057.95117	-261.20395	913.49957	1991.54028	-148.11531	1247.62415	2050.45386										219.68117	835.43738	2217.14478	-402.34009	809.66132	1921.53662	-37.19800	943.02954	2153.51489				26.41875	930.70294	1854.86987	-51.64251	551.94360	2285.54053				126.05267	220.00839	2181.01099	-119.28633	135.77994	2023.12524	
331	3.300	-260.54083	1456.67188	2063.43921	-14.19468	1335.92468	1848.27869	-59.52790	1514.62927	2036.03320				97.36755	1301.83984	2066.87476	-264.60889	913.05402	1992.86060	-153.82361	1247.37207	2055.90015										213.27969	836.38110	2228.28125	-409.24170	816.52728	1932.67236	-45.75143	941.96930	2160.55396				25.59719	930.15753	1865.02039	-65.81835	552.95087	2292.10376				109.87466	214.86481	2206.96680				
332	3.310	-265.26517	1456.81482	2066.49536	-16.98342	1336.25195	1855.94568	-64.24569	1514.12976	2042.07837				91.44164	1301.38757	2076.30054	-269.26331	912.75116	1994.46619	-159.89230	1246.86218	2060.32813										207.43298	836.22595	2238.96851	-415.29645	823.04053	1946.22485	-54.30551	940.84930	2166.74976				24.55824	931.31311	1872.15808	-79.47463	554.88654	2299.24634				92.23035	210.85146	2234.08618				
333	3.320	-270.39374	1456.75806	2069.99463	-18.99607	1336.39136	1863.52686	-69.26361	1514.53772	2048.55518				85.12511	1301.03101	2085.54150	-273.80643	912.70990	1996.57190	-165.97379	1245.87195	2064.71631										200.80797	834.47705	2248.61548	-420.66205	829.32434	1955.28198	-63.30441	940.18231	2173.75928				24.18208	930.72986	1880.69409	-93.12104	556.00958	2304.64429				73.36301	206.19258	2259.45630				
334	3.330	-275.73260	1457.25293	2073.48608	-21.77394	1336.82104	1870.87952	-74.05925	1514.01294	2055.29907				77.65221	1299.34167	2093.51587	-278.19238	913.52307	1999.06531	-171.71597	1245.72729	2069.91040										194.00960	835.41815	2259.92480	-426.14066	836.49280	1964.36902	-71.90178	938.69519	2179.85889				23.74168	930.24860	1890.38953	-106.60219	555.59808	2308.55859				53.59697	203.54758	2287.00879				
335	3.340	-281.14276	1457.37317	2077.15918	-23.93802	1336.84949	1878.69702	-79.10673	1514.07825	2062.09521				71.21614	1299.30237	2102.82397	-283.06992	912.39594	2000.23767	-177.79445	1244.71240	2073.25977										186.62576	834.24109	2269.63745	-429.84686	841.56055	1974.44104	-80.74245	937.56580	2185.86865				22.80899	931.09534	1896.39258	-120.12886	555.06854	2312.39038				32.47692	201.05844	2311.41040				
336	3.350	-286.81146	1457.96082	2081.02661	-26.11067	1336.81836	1886.73035	-84.06132	1514.03857	2069.19702				64.64674	1298.73389	2112.42700	-287.86526	912.16461	2002.29688	-184.21603	1244.22559	2077.44580										178.72139	833.15558	2279.75928	-433.92584	848.46350	1981.92651	-89.80396	936.67200	2192.05640				21.99958	930.19666	1906.67151	-133.49176	554.36102	2315.82251				10.33831	200.09660	2336.35107				
337	3.360	-292.08191	1457.71826	2084.55029	-28.58088	1337.01526	1894.75586	-89.34875	1513.71924	2076.73511				57.85936	1298.20508	2122.23242				-190.03366	1243.84546	2081.79443										169.00505	832.95758	2288.57886	-437.26599	855.38782	1988.76819	-99.18043	936.30499	2198.12793				21.25436	929.81995	1916.84937	-145.87196	552.67987	2318.16333				-13.21789	199.98077	2360.15430				
338	3.370	-298.04657	1457.78711	2089.02832	-30.46021	1337.00488	1903.31812	-94.59469	1513.12646	2082.81250				50.55893	1298.23022	2132.05640				-196.30052	1243.01978	2085.84521										160.79068	834.53491	2301.27368	-439.15695	859.51556	1996.52344	-108.24605	935.34375	2203.99292				20.10252	929.84692	1923.91980	-158.00667	550.87091	2320.40747				-37.18933	201.24115	2382.09253				
339	3.380	-303.34018	1457.80005	2091.47095	-33.04927	1336.77686	1911.28308	-99.87735	1512.13635	2089.45605				43.15409	1297.42712	2141.27563				-202.55128	1242.57422	2089.49438										153.20276	832.05646	2310.30786	-440.61258	863.05225	2001.76538	-117.48438	934.64355	2209.97900				18.56024	929.56702	1934.57947	-169.47029	548.44025	2322.40698				-62.03824	203.78209	2402.98877				
340	3.390	-308.64603	1457.04919	2094.97681	-34.77312	1336.32336	1920.01965	-105.35104	1511.93091	2096.77417				35.92516	1297.27332	2150.05908				-208.52827	1242.11548	2093.24512										142.72423	832.51636	2319.84570	-441.65497	865.39264	2005.80554	-126.64632	934.58270	2215.38672				17.23078	930.27789	1941.21008	-180.93303	546.96442	2324.12524				-86.11294	208.28357	2421.25146				
341	3.400	-314.03452	1456.35791	2098.03638	-37.55917	1336.18604	1928.12073	-111.18298	1511.41211	2104.10718				28.75842	1297.51282	2160.15698				-214.43362	1242.23584	2097.61035										131.63892	830.36401	2326.42480	-442.27762	866.94299	2009.43628	-135.93674	934.60803	2221.51147				15.77348	930.04010	1950.82129	-191.84825	544.92523	2325.38379				-110.50311	213.75723	2438.93628				
342	3.410	-319.61581	1456.20886	2100.59937	-39.26284	1335.59912	1937.80347	-116.93850	1510.40417	2110.36865				21.14377	1297.56726	2170.87939				-220.76112	1241.55713	2101.24683										123.58665	830.16888	2339.17871	-442.99496	867.24481	2012.33167	-144.66461	933.97235	2226.95947				14.45872	929.93713	1959.16492	-202.51219	542.66302	2325.72949				-134.95404	219.58900	2452.23975				
343	3.420	-325.55869	1455.48462	2104.63647	-42.24046	1335.05200	1945.20459	-122.65201	1509.85156	2117.53394				13.48048	1296.60400	2179.13257				-226.92197	1240.70203	2105.16504										110.72191	828.24231	2344.93750	-443.27246	866.70917	2014.34058	-153.54504	933.78424	2232.95752				13.41259	929.43921	1969.91443	-212.94708	541.17108	2328.03979				-157.56627	224.31006	2462.55908				
344	3.430							-128.10419	1508.65576	2124.15918				5.40106	1296.44641	2188.68530				-232.56638	1240.12512	2109.19189										100.00269	827.47101	2354.48975	-443.81845	864.31195	2017.33630	-162.34314	933.34326	2239.19092				11.87798	929.59442	1976.93640	-222.62646	540.08392	2330.68237				-180.15828	230.32753	2472.33447				
345	3.440							-133.88461	1507.57239	2129.82422				-2.38433	1296.36621	2199.47046				-238.66278	1239.13000	2113.35059										89.02035	825.27930	2362.79346	-445.03354	861.94922	2017.89514	-170.78101	932.85315	2244.88403				10.71736	929.18225	1987.88782	-233.30495	538.49408	2333.05713				-202.44978	236.23688	2480.76270				
346	3.450							-140.13335	1507.07959	2137.46436				-10.69611	1295.45618	2208.08594				-244.87338	1238.19727	2117.10913										77.07800	824.19940	2372.37207	-446.81293	860.70007	2018.34119	-179.17497	932.22034	2250.77588				8.91868	929.21075	1995.32007	-242.79877	538.38574	2336.27319				-224.83636	241.80830	2488.88086				
347	3.460							-146.53401	1505.85034	2144.07227				-18.84938	1294.69885	2217.89478				-250.83626	1237.36548	2121.60107										65.08977	822.69513	2381.63257	-448.21375	858.52020	2017.30811	-187.85168	931.76270	2257.47754				9.23390	928.99030	2001.82056	-252.02171	536.69696	2338.22754				-247.01315	247.06793	2496.84912				
348	3.470							-152.41365	1504.74072	2150.07739				-27.01006	1293.89136	2227.56445				-256.96802	1236.29468	2126.21753										52.82633	821.23926	2391.01733	-449.76886	855.81818	2017.45459	-196.10606	931.05170	2263.38989				6.76799	928.64850	2014.53308	-261.72293	535.58459	2341.38696				-267.21893	250.76552	2502.79956				
349	3.480							-158.98209	1503.70325	2157.00366				-36.02788	1293.17603	2236.80200				-262.95700	1234.71375	2129.78784										40.25910	820.08539	2400.71875	-450.74698	852.05768	2016.64954	-204.65195	930.04211	2269.74780				4.59038	927.40338	2025.88269	-271.76309	535.62207	2346.60254				-285.70724	254.71140	2510.25366				
350	3.490							-165.44600	1502.79187	2163.61523				-44.71478	1292.61011	2247.15576				-269.19894	1233.73364	2134.26245										27.01303	818.01178	2410.38013	-451.14612	846.98743	2015.89648	-213.23885	928.95367	2276.05078				1.75326	927.02319	2036.18579	-283.15756	534.91962	2350.74512				-302.10394	257.04309	2514.07349				
351	3.500							-171.89148	1501.60437	2169.50903				-53.63723	1291.39099	2256.04541				-275.07941	1233.80139	2141.32227										13.51444	815.71094	2419.32568	-451.82449	842.23779	2010.87158	-221.67902	927.77594	2281.75903				-0.91373	926.01709	2047.57227	-293.68814	534.20117	2357.09473				-317.35144	258.90994	2519.27930				
352	3.510							-178.83022	1500.68628	2176.83496				-62.78558	1290.67297	2266.23779				-280.47955	1231.10278	2144.49658										-0.64305	814.35315	2429.54980	-452.09399	837.08221	2008.01965	-230.55392	926.67346	2288.19116				-3.27150	925.10663	2060.96606	-304.96286	532.22687	2360.76807				-331.98987	260.77454	2522.81641				
353	3.520							-185.83275	1499.44043	2182.47144				-72.10745	1290.16541	2276.27393				-286.36740	1229.74097	2148.51807										-14.41166	813.64844	2440.57910	-451.80948	830.94873	2005.04114	-239.55005	925.61493	2294.52319				-5.52940	924.44202	2073.52710	-315.67267	532.01379	2365.93262				-346.24542	260.55084	2526.15723				
354	3.530							-192.68364	1498.35669	2188.84863				-81.53674	1289.19019	2285.81494				-292.60388	1228.01318	2153.48584										-29.52775	811.97797	2450.19604	-451.07202	824.29633	2002.22864	-248.43065	924.47626	2300.40405				-8.48161	923.16644	2085.23145	-327.69046	531.04059	2370.42578				-359.91907	258.96231	2529.24927				
355	3.540							-200.54207	1497.73230	2196.08618				-91.07100	1288.96594	2296.36157				-298.73035	1226.34778	2158.20996										-44.37716	810.80157	2461.16040	-450.35309	817.23059	1997.04480	-257.61551	923.14410	2306.60864				-11.19282	921.68518	2095.87183	-338.39154	529.40869	2374.72534				-372.32968	256.59381	2530.89966				
356	3.550							-208.17506	1497.34473	2202.06494				-101.47795	1288.18665	2306.37378				-304.99936	1224.93347	2162.57666										-60.27373	809.36877	2471.66748	-448.65323	810.79401	1993.91736	-266.82260	922.01337	2312.44189				-13.79604	920.87262	2108.84717	-349.57785	527.19324	2378.58350				-383.86917	253.69688	2533.31177				
357	3.560							-216.19592	1496.48718	2208.39941				-111.70332	1287.01648	2315.95020				-311.61462	1223.35254	2167.47778										-75.69350	808.36523	2482.72534	-446.74347	804.66174	1989.30200	-276.40686	920.76343	2317.92139				-16.70709	920.57330	2121.30469	-361.30331	525.02148	2381.73486				-394.09106	249.74081	2535.35474				
358	3.570							-224.44785	1496.19043	2215.03638				-122.76031	1286.65417	2326.82520				-317.82584	1222.12805	2172.46680										-91.84918	806.66748	2492.37524	-444.77792	797.95227	1983.82788	-285.89737	918.71313	2322.68921				-20.20332	920.83331	2132.37793	-372.32724	524.38428	2386.35425				-403.87231	245.54846	2537.18018				
359	3.580							-233.03104	1495.99866	2221.59863				-133.77921	1286.07410	2337.08301				-324.33350	1220.67969	2178.07861										-108.21898	805.44574	2502.78540	-442.01566	792.07965	1980.30872	-295.85117	918.03784	2328.36377				-23.81146	920.49170	2144.20386	-382.37659	522.20270	2389.06152										
360	3.590							-241.59833	1495.60803	2227.49341				-145.84599	1285.83643	2348.10547				-331.20938	1219.40125	2183.14111										-124.45885	804.63861	2513.40820	-439.45978	785.69244	1975.91846	-305.77356	916.47302	2333.38330				-27.59820	920.83844	2156.28857	-393.09201	519.19629	2391.56665										
361	3.600							-250.38026	1494.98706	2233.56201				-157.85518	1285.17371	2358.26343				-337.73450	1218.38342	2187.57104										-140.85397	803.70081	2523.05298	-436.04489	781.45990	1970.88623	-316.61407	915.25006	2338.62671				-31.92523	920.31738	2168.16650	-403.04980	517.73206	2396.36133										
362	3.610							-259.86014	1495.07703	2239.94580				-170.74573	1284.96899	2369.00024				-344.65942	1217.66370	2192.48584										-158.14305	802.91736	2533.78857	-432.83487	777.55835	1966.09998	-326.79266	914.46777	2343.96387				-36.55754	920.37744	2182.09033	-412.32687	513.03088	2397.72192										
363	3.620							-269.51248	1495.57104	2246.61816				-183.86250	1284.73474	2379.81128				-351.52777	1216.43152	2197.55005										-175.17822	802.33624	2543.34497	-429.22845	774.44183	1960.80908	-337.64532	912.81604	2347.67285				-41.83187	919.93298	2195.57544	-421.71326	510.93698	2402.05151										
364	3.630													-197.67079	1284.42249	2390.23413				-358.46390	1215.35461	2202.80591										-192.50905	802.02100	2553.06348	-425.02588	772.57202	1955.88953	-349.01270	912.38354	2354.06909				-47.45384	920.17523	2209.38525	-430.51935	506.21851	2403.06494										
365	3.640													-211.90845	1284.32727	2400.75562				-365.27536	1214.82532	2206.20581										-209.77133	801.16919	2561.92261	-420.62207	770.73834	1951.92285	-359.66031	911.03461	2357.96167				-53.72971	920.04614	2223.98120	-438.97610	502.87292	2405.75073										
366	3.650													-226.72639	1284.38098	2411.17700				-372.18790	1214.02356	2211.12671										-227.62682	800.97626	2571.71753	-416.02328	769.99115	1948.81836	-370.55176	909.86023	2362.08228				-60.54938	920.14801	2238.10864	-447.34549	499.33530	2408.16870										
367	3.660													-241.54228	1284.50281	2420.92944																-245.42291	800.86230	2581.20923	-410.81171	769.09198	1943.82849	-381.31509	909.41864	2367.68701				-67.34704	920.32086	2252.94067	-455.60449	495.30832	2409.98560										
368	3.670													-257.01532	1285.07654	2430.70947																-263.26971	800.44897	2589.79956	-405.18570	768.16547	1941.59058							-75.44892	921.16229	2267.80762	-462.35394	493.36511	2411.27832										
369	3.680																															-281.27423	801.01801	2598.43359	-399.05496	768.73853	1938.07996							-83.47944	922.74030	2281.73193	-468.98624	492.94080	2413.54443										
370	3.690																															-299.62451	801.70630	2607.05127	-392.30576	768.71051	1937.14490							-91.91004	924.97736	2295.71289	-474.92459	494.29379	2415.46655										
371	3.700																															-318.33560	803.72095	2615.31885	-384.25348	770.81628	1933.63501							-101.69209	928.04205	2309.68555	-482.82858	496.20221	2421.34912										
372	3.710																															-337.22348	806.10577	2623.31396	-376.15271	774.09515	1930.91931							-111.62041	932.21869	2322.24829	-491.29105	499.17844	2423.36230										
373	3.720																																		-366.57126	775.68164	1931.76697							-120.60654	935.87170	2335.56421	-498.79810	503.25452	2424.47046										
374	3.730																																		-356.59375	780.64917	1928.19275										-506.80325	507.13046	2428.17017										
375	3.740																																		-346.04160	783.37396	1932.46179										-515.03204	510.52225	2431.80664										
376	3.750																																		-335.14713	786.97113	1933.24609																						
377	3.760																																		-324.18192	791.30383	1935.61328																						
378	3.770																																		-312.84485	794.20044	1940.06641																						
379	3.780																																		-301.83957	797.06653	1946.65332																						
380	3.790																																		-291.20087	800.23804	1950.65417																						
381	3.800																																		-280.78412	802.46344	1955.52441																						
382	3.810																																		-271.08359	805.01862	1962.84045																						
383	3.820																																		-261.77911	806.39398	1971.80115																						
384	3.830																																		-252.65891	809.29883	1976.05579																						
385	3.840																																		-241.24733	810.52808	1981.46350																						
386	3.850																																		-233.77219	812.18109	1989.25549																						
387	3.860																																		-225.45461	814.51764	1997.47839																						
388	3.870																																		-217.34106	816.09210	2003.59485																						
389	3.880																																		-208.75183	818.00378	2009.66614																						
390	3.890																																		-200.39609	820.85120	2015.00684																						
391	3.900																																		-192.74072	823.41431	2019.96289																						
392	3.910																																		-184.58594	825.44226	2025.30811																						
393	3.920																																		-176.76492	828.65991	2031.46667																						
394	3.930																																		-169.34381	830.82056	2038.09192																						
395	3.940																																		-161.90808	832.87384	2043.97717																						
396	3.950																																		-154.47749	835.27460	2050.37842																						
397	3.960																																		-147.43080	836.66052	2056.70313																						
398	3.970																																		-140.40395	838.51233	2064.17358																						
399	3.980																																		-132.95590	839.29248	2072.62012																						
400	3.990																																		-125.90363	839.42023	2081.58618																						
401	4.000																																		-119.16872	840.08636	2089.85913																						
402	4.010																																		-112.62688	839.82257	2099.77075																						
403	4.020																																		-106.41533	840.01111	2110.02393																						
404	4.030																																		-100.62172	840.05511	2120.79907																						
405	4.040																																		-94.58376	839.21478	2133.52393																						
406	4.050																																		-89.66986	838.55060	2143.37964																						
407	4.060																																		-84.62331	837.96906	2155.13940																						
408	4.070																																		-79.29276	837.32355	2169.59448																						
409	4.080																																		-75.72058	836.76819	2180.26001																						
410	4.090																																		-71.50881	834.83569	2192.03223																						
411	4.100																																		-67.92472	833.48077	2204.58740																						
412	4.110																																		-65.86820	832.10925	2213.85889																						
413	4.120																																		-62.95277	829.96033	2226.88208																						
414	4.130																																		-61.64375	828.50946	2236.41772																						
415	4.140																																		-60.49262	826.47467	2244.87134																						
416	4.150																																		-58.82371	825.27924	2256.29492																						
417	4.160																																		-57.73648	823.33856	2264.83789																						
418	4.170																																		-56.53705	821.53107	2272.89575																						
419	4.180																																		-55.03497	820.50763	2281.05176																						
420	4.190																																		-53.49215	818.73468	2288.70068																						
421	4.200																																		-52.98185	817.46118	2293.93823																						
422	4.210																																		-51.95234	816.51453	2301.47583																						
423	4.220																																		-50.76028	815.31415	2308.46143																						
424	4.230																																		-49.91465	815.71832	2316.23877																						
425	4.240																																		-49.27293	815.14349	2321.70166																						
426	4.250																																		-48.74636	815.27631	2326.82202																						
427	4.260																																		-48.61621	815.85919	2332.42871																						
428	4.270																																		-48.15978	815.85571	2337.68335																						
429	4.280																																		-47.38519	816.01465	2344.10059																						
430	4.290																																		-47.74730	815.79944	2346.09351																						
431	4.300																																		-46.85125	816.36896	2352.61230																						
432	4.310																																		-46.94700	816.94885	2356.55566																						
433	4.320																																		-45.61776	816.70929	2361.78540																						
434	4.330																																		-46.00135	815.71204	2363.17188																						
435	4.340																																		-45.38210	817.59662	2366.94434																						
436	4.350																																		-44.64821	818.10278	2370.80835																						
437	4.360																																		-44.39950	818.74750	2372.81201																						
438	4.370																																		-43.33108	819.18066	2374.92090																						
439	4.380																																		-42.10474	819.59906	2377.28662																						
440	4.390																																		-41.92774	820.27527	2378.85327																						
441	4.400																																		-40.83409	820.96790	2381.51782																						
442	4.410																																		-39.81699	822.22150	2384.68799																						
443	4.420																																		-39.70016	822.32904	2385.34058																						
444	4.430																																		-39.56715	822.21716	2386.39404																						
445	4.440																																		-39.04593	823.05975	2390.05273																						
446	4.450																																		-38.38605	822.69153	2392.92065																						
447	4.460																																		-38.73915	822.24652	2394.64648																						
448	4.470																																		-38.38954	821.87366	2398.29492																						
449	4.480																																		-38.69827	821.52539	2399.62329																						
450	4.490																																		-38.73760	821.77679	2404.16553																						
451	4.500																																		-39.97553	821.21039	2406.31006																						
452	4.510																																		-41.07903	820.45313	2408.55615																						
453	4.520																																		-42.07323	820.85474	2411.69629																						
454	4.530																																		-42.56037	820.91150	2415.97363																						
455	4.540																																		-43.59242	820.66748	2419.06616																						
456	4.550																																		-44.62538	821.24921	2423.70117																						
457	4.560																																		-45.89988	820.36816	2426.11011																						
458	4.570																																		-47.49630	819.44818	2428.82617																						
459	4.580																																		-49.07707	818.31653	2431.67505																						
460	4.590																																		-51.07027	817.22870	2434.75513																						
461	4.600																																		-52.94051	816.13129	2437.73389																						
462	4.610																																		-55.06005	814.84668	2441.09839																						
463	4.620																																		-57.09959	813.53827	2444.41602																						
