PathFileType	4	(X/Y/Z)	C:\Users\WrightLab\Desktop\Jo\P1.2boxCal1-Unnamed.trc
DataRate	CameraRate	NumFrames	NumMarkers	Units	OrigDataRate	OrigDataStartFrame	OrigNumFrames
100.00	100.00	       827	0	mm	100.00	1	       827
Frame#	Time	
		

1	0.000	-670.58624	349.84375	1000.37714	89.39095	323.05511	-464.66638	-190.65236	360.53195	1306.66638	-213.21625	355.06110	982.98517	-655.67957	354.20621	1314.29480	-413.55923	312.06909	-187.05093				51.02494	332.24310	-141.50951	-383.60950	306.69690	-523.90289	
2	0.010	-670.81024	349.65460	1000.43243	89.55500	323.12024	-464.53253	-190.98143	360.39142	1306.81555	-213.21613	355.07886	982.99469	-655.76135	354.25034	1314.65234	-413.41428	312.01215	-186.99072				50.86213	332.48755	-141.61639	-383.58112	306.69135	-523.90027	
3	0.020	-670.81763	349.62738	1000.41486	89.63257	323.14520	-464.48315	-190.81874	360.66061	1306.60034	-213.46513	354.91235	983.13208	-655.50305	354.45563	1314.36987	-413.50430	311.91306	-187.06088				51.04147	332.25851	-141.50406	-383.14407	306.40100	-523.54291	
4	0.030	-670.62146	349.82214	1000.36096	89.49673	323.18661	-464.36636	-190.95433	360.38806	1306.81653	-213.19812	355.06485	982.99432	-655.58777	354.45447	1314.71460	-413.49518	311.91345	-187.06169				51.06049	332.43668	-141.57825	-383.47781	306.35684	-523.90125	
5	0.040	-670.63074	349.71613	1000.80566	89.45181	323.15259	-464.44171	-190.99828	360.40216	1306.81799	-213.32417	355.21451	982.96332	-655.58209	354.31433	1313.97314	-413.49246	311.91293	-187.06355				51.12891	332.27319	-141.42780	-383.15936	306.39810	-523.54828	
6	0.050	-670.64166	349.71283	1000.80499	89.62283	323.08542	-464.62457	-190.92110	360.33252	1306.68311	-213.34409	355.22385	982.97577	-655.52039	354.26083	1313.72192	-413.55881	312.08136	-187.04630				51.05895	332.44034	-141.58986	-383.17291	306.40445	-523.54712	
7	0.060	-670.64417	349.73685	1000.81506	89.53913	323.16998	-464.41168	-190.90164	360.32434	1306.69702	-213.59088	355.04633	983.10034	-655.39105	354.44241	1313.81580	-413.39996	311.90802	-187.01353				50.86163	332.48962	-141.60112	-383.17108	306.39868	-523.55048	
8	0.070	-670.80652	349.68097	1001.06921	89.56879	323.11472	-464.54752	-190.91440	360.31546	1306.69702	-213.33936	355.22150	982.97241	-655.74292	354.36337	1314.26318	-413.49280	311.91080	-187.06323				50.84427	332.48685	-141.60669	-383.16257	306.39978	-523.54785	
9	0.080	-670.57635	349.89261	1000.98120	89.46803	323.07840	-464.62097	-190.89346	360.34460	1306.70508	-213.21281	355.04202	982.96832	-655.51636	354.52679	1314.07507	-413.48993	311.91879	-187.06178				51.02583	332.22662	-141.49815	-383.60336	306.69470	-523.90302	
10	0.090	-670.57349	349.88812	1000.98108	89.60081	323.17239	-464.41400	-190.97299	360.38617	1306.81055	-213.21373	355.08212	983.00354	-655.50439	354.44101	1314.36353	-413.48630	311.91928	-187.05937				51.05062	332.10522	-141.35728	-383.48141	306.36322	-523.89783	
11	0.100	-670.80859	349.80765	1000.63593	89.60766	323.06271	-464.67679	-190.94165	360.38864	1306.79834	-213.19498	355.08582	982.99353	-655.97809	354.21896	1314.62549	-413.48926	311.92813	-187.05513				51.05897	332.43719	-141.57298	-383.16168	306.41217	-523.53949	
12	0.110	-670.59802	349.84180	1000.37982	89.55114	323.12607	-464.51810	-190.69579	360.54343	1306.67065	-213.22354	355.06958	982.98126	-655.58875	354.31873	1313.97571	-413.65240	311.98993	-186.93484				50.86776	332.47363	-141.59845	-383.74088	306.59003	-524.08118	
13	0.120	-670.80701	349.65070	1000.42535	89.57719	323.06290	-464.67236	-190.89159	360.31772	1306.69861	-213.35138	355.19315	982.96106	-655.76587	354.34097	1314.25208	-413.48785	311.91940	-187.05963				50.86219	332.48633	-141.62096	-383.17285	306.40836	-523.54449	
14	0.130	-670.57916	349.89047	1000.98260	89.55973	323.15009	-464.46188	-190.90446	360.32321	1306.69312	-213.33774	355.22052	982.96490	-655.75977	354.37445	1314.26416	-413.40970	312.01096	-186.98923				50.84504	332.46002	-141.61702	-383.48752	306.35086	-523.90741	
15	0.140	-670.62408	349.73251	1000.81171	89.48600	323.10947	-464.54919	-190.96259	360.40948	1306.82690	-213.22871	355.07462	982.99341	-655.38861	354.38779	1314.11243	-413.54953	312.07565	-187.04839				51.25484	332.05450	-141.32901	-383.18494	306.40750	-523.54779	
16	0.150	-670.78900	349.79868	1000.63629	89.51982	323.07129	-464.64471	-190.95851	360.36899	1306.80396	-213.21370	355.06702	982.98169	-655.60944	354.48343	1314.72034	-413.50385	311.90863	-187.06554				51.08032	332.43915	-141.58824	-383.73438	306.58603	-524.08234	
17	0.160	-670.81409	349.68607	1001.07343	89.51024	323.13718	-464.48624	-190.88126	360.32983	1306.69104	-213.32538	355.21533	982.97076	-655.75061	354.35065	1314.26038	-413.48941	311.91885	-187.06042				51.04550	332.44287	-141.59464	-383.60236	306.69125	-523.90509	
18	0.170	-670.63342	349.71725	1000.80603	89.51852	323.15366	-464.44794	-190.66640	360.53189	1306.66821	-213.19362	355.06171	982.98865	-655.66852	354.29248	1314.00623	-413.55188	312.08621	-187.04166				51.04259	332.10565	-141.33752	-383.60675	306.70844	-523.89465	
19	0.180	-670.80682	349.65533	1000.42664	89.62040	323.06458	-464.67401	-191.01640	360.38730	1306.81519	-213.20131	355.07590	983.00073	-655.61108	354.46835	1314.71448	-413.45941	312.18219	-187.33092				50.85516	332.48550	-141.61916	-383.70886	306.60434	-524.06458	
20	0.190	-670.54895	349.98187	1000.53625	89.53123	323.14557	-464.46887	-190.97046	360.37674	1306.81360	-213.21886	355.30334	983.17230	-655.60229	354.55008	1314.31555	-413.48676	311.91342	-187.06323				50.85218	332.47958	-141.61728	-383.18506	306.40393	-523.55017	
21	0.200	-670.60370	349.82034	1000.36664	89.63794	323.22369	-464.29645	-190.97652	360.37201	1306.80469	-213.23190	355.06665	982.98169	-655.58960	354.58496	1314.32886	-413.49911	311.91199	-187.06177				51.07126	332.44650	-141.58736	-383.16168	306.40277	-523.54572	
22	0.210	-670.78748	349.80286	1000.63812	89.60596	323.08591	-464.62119	-190.69855	360.52405	1306.66492	-213.45790	354.90546	983.12695	-655.73871	354.36560	1314.26294	-413.51663	311.95840	-186.88049				50.84936	332.47845	-141.60638	-383.51324	306.35870	-523.90796	
23	0.220	-670.55817	349.98563	1000.53827	89.61263	323.16913	-464.42343	-191.05464	360.51459	1306.74512	-213.29247	354.92999	982.77234	-655.77368	354.36066	1314.25842	-413.40271	312.00983	-186.98814				51.06180	332.43991	-141.59819	-383.73114	306.59079	-524.07849	
24	0.230	-670.58130	349.83621	1000.37518	89.56831	323.05225	-464.69656	-190.99506	360.38574	1306.80493	-213.19153	355.04547	982.97522	-655.51447	354.42862	1314.35620	-413.55530	312.07632	-187.05280				50.85476	332.48956	-141.62315	-383.16779	306.40649	-523.54462	
25	0.240	-670.80823	349.79218	1000.62927	89.64534	323.13159	-464.51733	-190.95349	360.38644	1306.81470	-213.23872	355.05969	982.99951	-655.59900	354.19070	1314.36047	-413.55630	312.07617	-187.04163				50.87196	332.46994	-141.60817	-383.16910	306.41705	-523.53790	
26	0.250	-670.82092	349.64462	1000.42273	89.54779	323.12506	-464.52002	-190.99104	360.37015	1306.81140	-213.22539	355.06375	982.98206	-655.75610	354.26123	1314.65625	-413.49683	311.92258	-187.05838				51.04265	332.43420	-141.59772	-383.49716	306.35901	-523.90417	
27	0.260	-670.59741	349.82480	1000.36652	89.62701	323.20065	-464.35001	-190.93907	360.37665	1306.80591	-213.23169	355.06686	982.98389	-655.59668	354.46191	1314.71594	-413.50232	311.91028	-187.06297				50.91671	332.31491	-141.44884	-383.17505	306.42029	-523.53711	
28	0.270	-670.53607	350.00143	1000.54504	89.63722	323.12216	-464.53873	-190.96802	360.39554	1306.81604	-213.20831	355.07492	982.99640	-655.38843	354.35742	1314.10303	-413.50455	311.90686	-187.06747				51.05513	332.43475	-141.58330	-383.16043	306.39734	-523.54901	
29	0.280	-670.57397	349.89508	1000.98260	89.59729	323.08130	-464.63104	-190.70653	360.55310	1306.67065	-213.18488	355.07309	983.00385	-655.51831	354.19226	1314.01721	-413.54810	312.08292	-186.86430				51.04400	332.09320	-141.35281	-383.14566	306.39920	-523.54449	
30	0.290	-670.54309	349.99860	1000.54169	89.49586	323.10526	-464.56052	-190.95041	360.39233	1306.80725	-213.48651	354.91040	983.13440	-655.76068	354.26382	1314.65540	-413.36990	311.86670	-187.01254				50.85857	332.48904	-141.61150	-383.19736	306.42368	-523.53986	
31	0.300	-670.60187	349.83871	1000.37201	89.61621	323.13773	-464.49881	-190.99106	360.39325	1306.81689	-213.22162	355.08691	982.99200	-655.76746	354.26495	1314.65332	-413.50281	311.91544	-187.06488				51.08209	332.45190	-141.59157	-383.60013	306.69873	-523.89960	
32	0.310	-670.83002	349.65701	1000.42578	89.57603	323.11880	-464.53867	-190.96921	360.38229	1306.81409	-213.19736	355.06125	982.99487	-655.76355	354.27356	1314.66418	-413.37723	311.85965	-187.01892				51.07245	332.43985	-141.57494	-383.18301	306.40039	-523.55206	
33	0.320	-670.82922	349.65302	1000.42389	89.45577	323.06277	-464.65665	-190.86664	360.35364	1306.71240	-213.20935	355.05313	982.98846	-655.59497	354.47791	1314.71936	-413.49973	311.91095	-187.06392				50.85402	332.48270	-141.63097	-383.18594	306.42230	-523.53821	
34	0.330	-670.61139	349.73120	1000.81531	89.57837	323.19644	-464.35364	-190.91702	360.33310	1306.69397	-213.19157	355.06857	982.99536	-655.47943	354.51245	1314.07288	-413.55707	312.06735	-187.05199				50.85364	332.48688	-141.61610	-383.17755	306.42117	-523.53705	
35	0.340	-670.62787	349.71170	1000.80792	89.41390	323.14069	-464.46518	-190.69022	360.54221	1306.67395	-213.58093	355.04971	983.10815	-655.59021	354.31396	1313.97180	-413.56079	312.08441	-187.04587				51.04657	332.40320	-141.58707	-383.18784	306.42548	-523.53656	
36	0.350	-670.79535	349.68069	1001.07086	89.49548	323.07684	-464.62833	-190.87645	360.34052	1306.70032	-213.32378	355.21078	982.96423	-655.59723	354.57870	1314.32690	-413.55124	312.07785	-187.04776				50.85170	332.48553	-141.62158	-383.15649	306.40588	-523.54248	
37	0.360	-670.62927	349.72293	1000.81323	89.68835	323.18152	-464.40381	-190.71165	360.52490	1306.67859	-213.30502	355.21469	982.96356	-655.75256	354.38220	1314.26501	-413.35715	311.87167	-187.01230				51.11805	332.28622	-141.44516	-383.17801	306.41891	-523.53864	
38	0.370	-670.61273	349.72818	1000.81439	89.50877	323.13632	-464.48801	-190.97681	360.39825	1306.82874	-213.32056	355.21085	982.95789	-655.59357	354.32321	1313.97815	-413.41095	312.00629	-186.98828				51.06529	332.42670	-141.59282	-383.61591	306.71652	-523.89136	
39	0.380	-670.62555	349.72842	1000.81085	89.60677	323.19897	-464.35135	-190.89992	360.33389	1306.69214	-213.46246	354.90887	983.11987	-655.76520	354.34705	1314.25696	-413.54337	312.07919	-187.04576				50.86233	332.45935	-141.60674	-383.16534	306.41724	-523.53693	
40	0.390	-670.82538	349.54291	1000.86255	89.62083	323.20624	-464.33585	-190.90840	360.32840	1306.69104	-213.34081	355.21112	982.96796	-655.75220	354.36526	1314.26465	-413.48895	311.92154	-187.05997				50.85699	332.49323	-141.60774	-383.16821	306.40570	-523.54523	
41	0.400	-670.56757	349.88409	1000.98059	89.55630	323.09586	-464.59091	-190.96652	360.38541	1306.82654	-213.32765	355.21527	982.96417	-655.41296	354.44302	1313.81384	-413.49545	311.91574	-187.06374				50.91646	332.31790	-141.44524	-383.61014	306.73837	-523.87561	
42	0.410	-670.61096	349.71866	1000.80872	89.78571	323.18982	-464.39679	-190.91359	360.34430	1306.68677	-213.32771	355.21066	982.98438	-655.62396	354.29279	1313.96118	-413.36688	311.87604	-187.00841				50.86101	332.47095	-141.60667	-383.60501	306.71109	-523.89252	
43	0.420	-670.82770	349.67447	1001.06610	89.64851	323.16458	-464.43896	-190.88498	360.34882	1306.68616	-213.32030	355.21933	982.95361	-655.74756	354.35193	1314.25891	-413.42136	312.00287	-186.99901				51.03827	332.09662	-141.35120	-383.49652	306.34793	-523.91138	
44	0.430	-670.56775	349.85934	1000.97357	89.45827	323.03342	-464.72708	-190.90201	360.33093	1306.68945	-213.34613	355.20508	982.96869	-655.67151	354.30231	1314.00854	-413.56039	312.07996	-187.04324				51.04892	332.08350	-141.34177	-383.49179	306.36356	-523.89996	
45	0.440	-670.82813	349.53690	1000.86200	89.52017	323.16116	-464.43027	-190.90808	360.34283	1306.69788	-213.35764	355.21414	982.97931	-655.66638	354.30386	1314.00891	-413.55618	312.07672	-187.04915				51.05724	332.10297	-141.33151	-383.15918	306.40973	-523.54053	
46	0.450	-670.62903	349.73795	1000.81488	89.53104	323.15652	-464.44272	-190.92805	360.37308	1306.80151	-213.20702	355.06027	982.98859	-655.50537	354.43930	1314.36084	-413.49533	311.92361	-187.06215				51.10484	332.27322	-141.45244	-383.47729	306.33868	-523.91315	
47	0.460	-670.81964	349.53467	1000.86176	89.43684	323.03461	-464.72144	-190.97110	360.39398	1306.81348	-213.22179	355.08057	982.99768	-655.51453	354.15976	1314.00562	-413.54913	312.08310	-187.04497				50.84355	332.46799	-141.61244	-383.47739	306.34647	-523.90802	
48	0.470	-670.60687	349.83728	1000.37482	89.61444	323.05688	-464.69159	-190.98982	360.39120	1306.82495	-213.19646	355.07809	982.98151	-655.50806	354.38049	1314.45557	-413.50183	311.92032	-187.06007				51.07201	332.43985	-141.57722	-383.18726	306.41650	-523.54236	
49	0.480	-670.53107	349.99179	1000.54169	89.58199	323.17923	-464.39526	-190.95752	360.37411	1306.81702	-213.45445	354.91177	983.12189	-655.59979	354.22858	1314.37756	-413.48853	311.92471	-187.05449				50.87996	332.48007	-141.59276	-383.17227	306.41498	-523.53998	
50	0.490	-670.56897	349.88828	1000.98206	89.51392	323.14764	-464.46167	-190.68594	360.51666	1306.66772	-213.21741	355.07019	982.98413	-655.77435	354.35355	1314.25769	-413.55643	312.07581	-187.04443				50.85184	332.48053	-141.62323	-383.61374	306.70749	-523.89685	
51	0.500	-670.61633	349.71393	1000.80560	89.64225	323.09570	-464.60257	-190.96164	360.36752	1306.81152	-213.31424	355.19745	982.94580	-655.75238	354.37674	1314.26428	-413.50592	311.91360	-187.06679				50.92512	332.32858	-141.44318	-383.18558	306.42239	-523.53809	
52	0.510	-670.62604	349.72192	1000.81232	89.56013	323.00934	-464.79797	-190.96191	360.38553	1306.81812	-213.23288	355.07913	982.97650	-655.56909	354.59573	1314.33557	-413.36877	311.87085	-187.01221				50.86149	332.47235	-141.60661	-383.16724	306.41318	-523.54004	
53	0.520	-670.60156	349.86090	1000.38275	89.55046	323.14114	-464.48203	-190.61407	360.47119	1306.53931	-213.35316	355.20938	982.95361	-655.59082	354.58466	1314.32983	-413.48672	311.91342	-187.06462				51.07422	332.43207	-141.59055	-383.19965	306.41135	-523.54852	
54	0.530	-670.57977	349.86575	1000.97070	89.61586	323.07651	-464.64496	-190.94743	360.35910	1306.80640	-213.35754	355.21045	982.95905	-655.76642	354.34662	1314.25769	-413.49960	311.91650	-187.06116				51.06867	332.43826	-141.58994	-383.16357	306.40253	-523.54626	
55	0.540	-670.52960	350.00635	1000.54633	89.60314	323.15094	-464.46555	-190.89758	360.33606	1306.69019	-213.31783	355.22638	982.95740	-655.75476	354.35162	1314.25476	-413.49750	311.91940	-187.05998				50.87907	332.49426	-141.59650	-383.17368	306.41809	-523.53827	
56	0.550	-670.58026	349.83917	1000.37488	89.52499	323.14954	-464.45865	-190.98080	360.38464	1306.80737	-213.33255	355.19937	982.96515	-655.75488	354.35803	1314.26001	-413.49448	311.91876	-187.06070				50.85777	332.48050	-141.62468	-383.18311	306.41446	-523.54279	
57	0.560	-670.58990	349.84329	1000.37372	89.56918	323.12665	-464.51907	-190.96567	360.37750	1306.81262	-213.31789	355.22760	982.95264	-655.78284	354.33954	1314.25195	-413.49985	311.91455	-187.06070				51.07629	332.44324	-141.58891	-383.17133	306.41025	-523.54291	
58	0.570	-670.81781	349.64267	1000.41821	89.63082	323.17960	-464.40079	-190.98750	360.40094	1306.80994	-213.19809	355.06873	982.98871	-655.74500	354.26364	1314.65918	-413.52570	311.94724	-186.88318				51.06448	332.43066	-141.58092	-383.19406	306.39963	-523.55505	
59	0.580	-670.79120	349.79779	1000.63538	89.57789	323.18088	-464.39075	-190.95729	360.37851	1306.80701	-213.21086	355.06833	982.98590	-655.50153	354.42355	1314.35840	-413.40952	312.00458	-186.99118				50.90514	332.30643	-141.46700	-383.16370	306.40289	-523.54608	
60	0.590	-670.81238	349.79745	1000.63190	89.51686	323.19031	-464.36020	-190.69485	360.54977	1306.66785	-213.22842	355.06772	983.00995	-655.41058	354.35599	1314.10217	-413.47333	312.17017	-187.33977				50.86427	332.47672	-141.60693	-383.61298	306.70346	-523.89935	
61	0.600	-670.52094	349.99658	1000.54108	89.52671	323.12378	-464.52036	-190.72440	360.55292	1306.66077	-213.20645	355.08109	982.99139	-655.65350	354.21552	1314.29907	-413.66245	311.91516	-187.14740				51.04353	332.43442	-141.58990	-383.17239	306.41028	-523.54315	
62	0.610	-670.54260	350.01263	1000.54871	89.58173	323.12347	-464.52835	-190.70770	360.53906	1306.66052	-213.21614	355.06598	982.99908	-655.67352	354.21796	1314.29492	-413.49097	311.91583	-187.06233				51.22231	332.19946	-141.47995	-383.18781	306.41245	-523.54517	
63	0.620	-670.54254	349.98529	1000.53772	89.63741	323.15128	-464.46927	-191.08429	360.50095	1306.73572	-213.22560	355.07733	982.99335	-655.50952	354.44095	1314.36536	-413.54767	312.07660	-187.04875				51.06005	332.10721	-141.35266	-383.48639	306.36066	-523.90063	
64	0.630	-670.57007	349.86252	1000.97327	89.53957	323.06683	-464.65799	-190.68706	360.52643	1306.66797	-213.45908	354.91974	983.12982	-655.66931	354.23322	1314.30139	-413.54688	312.07523	-187.04958				51.10555	332.24942	-141.43245	-383.48712	306.35944	-523.90167	
65	0.640	-670.55310	349.89124	1000.98621	89.52871	323.16687	-464.41772	-190.60645	360.47748	1306.54480	-213.34908	355.19876	982.96252	-655.66840	354.21982	1314.29785	-413.55447	312.07755	-187.04803				51.04665	332.09579	-141.35825	-383.19495	306.42841	-523.53619	
66	0.650	-670.82672	349.68643	1001.06775	89.60882	323.14053	-464.49115	-190.89124	360.37143	1306.70837	-213.19955	355.08688	982.98480	-655.51251	354.16101	1314.00269	-413.40048	312.00525	-186.99207				50.90105	332.31171	-141.44928	-383.61255	306.70193	-523.90027	
67	0.660	-670.62427	349.72806	1000.81201	89.55862	323.16684	-464.42178	-190.86055	360.31625	1306.70093	-213.19373	355.07455	982.99615	-655.66327	354.22003	1314.30017	-413.48151	311.91010	-187.06412				51.06600	332.11450	-141.35661	-383.17639	306.41174	-523.54309	
68	0.670	-670.58215	349.88638	1000.97974	89.58485	323.16998	-464.41772	-190.61482	360.48624	1306.55408	-213.22572	355.06232	982.99139	-655.39093	354.36017	1314.10583	-413.55957	312.07956	-187.04852				51.12067	332.26001	-141.42900	-383.17026	306.41595	-523.53888	
69	0.680	-670.83649	349.54370	1000.86389	89.65315	323.15369	-464.46558	-190.60939	360.48444	1306.55298	-213.22484	355.06677	982.98505	-655.68359	354.31354	1314.01221	-413.49033	311.92957	-187.05409				51.04173	332.10571	-141.36255	-383.17294	306.42139	-523.53589	
70	0.690	-670.55499	349.87546	1000.97723	89.59849	323.05386	-464.69669	-190.90355	360.33398	1306.68140	-213.19739	355.07547	982.99664	-655.86194	354.12195	1314.24902	-413.54254	312.08572	-187.04642				51.25635	332.06232	-141.33281	-383.74692	306.60126	-524.07507	
71	0.700	-670.54077	350.00455	1000.54517	89.47290	323.13351	-464.49002	-190.69412	360.55164	1306.66797	-213.20659	355.08597	982.99072	-655.50037	354.17316	1314.00964	-413.48892	311.92166	-187.05959				51.05015	332.11111	-141.35619	-383.49155	306.35611	-523.90485	
72	0.710	-670.57153	349.87766	1000.97473	89.57955	323.14377	-464.47961	-190.80168	360.65714	1306.61133	-213.23523	355.07043	982.99524	-655.67554	354.22089	1314.29858	-413.49124	311.91400	-187.05893				51.01279	332.25937	-141.52216	-383.17252	306.40018	-523.54987	
73	0.720	-670.77631	349.80066	1000.63690	89.46973	323.04147	-464.70932	-190.71576	360.54202	1306.67700	-213.45773	354.90826	983.13068	-655.59100	354.47934	1314.72388	-413.64371	311.99506	-186.93788				51.06824	332.43140	-141.58580	-383.61276	306.72986	-523.88184	
74	0.730	-670.82629	349.54053	1000.86066	89.55432	323.05829	-464.68033	-190.87030	360.34039	1306.70740	-213.35106	355.23248	982.97498	-655.59125	354.58777	1314.33081	-413.55801	312.07587	-187.04892				50.91668	332.31412	-141.43991	-383.74081	306.60559	-524.07086	
75	0.740	-670.61353	349.72122	1000.80817	89.54552	323.15652	-464.44461	-190.70540	360.59186	1306.48389	-213.35643	355.20007	982.96368	-655.38049	354.36935	1314.10974	-413.49466	311.90720	-187.06633				50.91135	332.31650	-141.46149	-383.49063	306.35562	-523.90497	
76	0.750	-670.83899	349.52484	1000.85809	89.58651	323.09018	-464.60843	-190.94984	360.38043	1306.80542	-213.22745	355.06793	982.99127	-655.60437	354.48767	1314.72351	-413.40842	312.01187	-187.35341				50.98585	332.24039	-141.53912	-383.16238	306.41321	-523.53894	
77	0.760	-670.58521	349.83606	1000.36951	89.50721	323.08762	-464.60410	-190.92899	360.39297	1306.80371	-213.19202	355.07156	982.99335	-655.58966	354.49680	1314.72827	-413.64343	311.99979	-186.93449				51.06490	332.43121	-141.57983	-383.18390	306.41849	-523.54028	
78	0.770	-670.61566	349.71643	1000.81207	89.51471	323.11316	-464.54410	-190.91710	360.32751	1306.69592	-213.33372	355.20496	982.97699	-655.46710	354.50555	1314.07214	-413.49838	311.91333	-187.06462				50.86099	332.48080	-141.61676	-383.18344	306.42484	-523.53595	
79	0.780	-670.80780	349.68774	1001.07184	89.62671	323.15930	-464.44870	-190.91789	360.30734	1306.69153	-213.22404	355.05441	982.98279	-655.60437	354.31500	1313.97278	-413.41425	312.00104	-186.99377				50.90819	332.30865	-141.45599	-383.63083	306.73022	-523.88562	
80	0.790	-670.60889	349.72366	1000.80969	89.49387	323.11157	-464.54517	-190.97615	360.37793	1306.80078	-213.20718	355.08154	982.98822	-655.75275	354.34805	1314.25842	-413.50061	311.92035	-187.06245				50.86312	332.47006	-141.61972	-383.18771	306.41681	-523.54224	
81	0.800	-670.83752	349.53680	1000.86371	89.61855	323.10037	-464.58832	-190.63104	360.49438	1306.55078	-213.31888	355.21310	982.95782	-655.75763	354.36972	1314.26379	-413.38052	311.80869	-187.03722				50.84817	332.47745	-141.60674	-383.60107	306.70276	-523.89716	
82	0.810	-670.61804	349.72250	1000.81305	89.50161	323.12656	-464.51044	-190.90289	360.31900	1306.68616	-213.32307	355.22977	982.96735	-655.57410	354.58765	1314.33032	-413.54962	312.08237	-187.04504				51.25936	332.06586	-141.31027	-383.18414	306.41769	-523.54083	
83	0.820	-670.61298	349.71585	1000.80859	89.63094	323.14941	-464.47290	-190.88968	360.33237	1306.70117	-213.31488	355.21597	982.95496	-655.67548	354.30939	1314.01404	-413.50278	311.91699	-187.05855				51.11248	332.23215	-141.61801	-383.16840	306.41245	-523.54077	
84	0.830	-670.78955	349.79794	1000.63519	89.53630	323.13370	-464.49792	-191.06374	360.47733	1306.72437	-213.47417	354.90268	983.12958	-655.66608	354.21777	1314.29895	-413.27682	311.95975	-187.30579				50.87038	332.48706	-141.62321	-383.16068	306.40857	-523.54163	
85	0.840	-670.81140	349.80646	1000.63153	89.44164	323.04605	-464.69473	-190.98268	360.38010	1306.81238	-213.18852	355.07770	982.99158	-655.77136	354.26431	1314.65540	-413.49545	311.91614	-187.06047				50.84790	332.48914	-141.61882	-383.16962	306.40271	-523.54755	
86	0.850	-670.81024	349.64655	1000.42194	89.56061	323.18695	-464.37399	-190.94514	360.37762	1306.79736	-213.32553	355.23663	982.96960	-655.74646	354.36166	1314.26038	-413.48914	311.92148	-187.06151				51.06791	332.44330	-141.58688	-383.18405	306.42133	-523.53845	
87	0.860	-670.58966	349.83157	1000.37421	89.55500	323.02716	-464.75473	-190.94394	360.39258	1306.81555	-213.21127	355.05408	982.99213	-655.97485	354.21902	1314.62720	-413.48965	311.91040	-187.06386				50.86546	332.49927	-141.60428	-383.17542	306.41232	-523.54248	
88	0.870	-670.58026	349.83313	1000.37579	89.63786	323.11530	-464.55524	-190.95210	360.39148	1306.80371	-213.20256	355.06866	982.99628	-655.58679	354.58087	1314.32788	-413.50385	311.90521	-187.06606				50.84910	332.48138	-141.62535	-383.17307	306.40668	-523.54565	
89	0.880	-670.80652	349.64981	1000.42535	89.50101	323.14243	-464.47247	-190.98605	360.37244	1306.80444	-213.46492	354.90076	983.13855	-655.75616	354.36682	1314.26477	-413.55890	312.07617	-187.04625				51.17252	332.49756	-141.54471	-383.61859	306.70175	-523.90173	
90	0.890	-670.79834	349.64636	1000.42151	89.59473	323.17874	-464.39807	-190.78523	360.65024	1306.59167	-213.20340	355.07617	982.98767	-655.51312	354.43237	1314.36389	-413.54666	312.08487	-187.04184				51.22372	332.21362	-141.48598	-383.17618	306.41983	-523.53766	
91	0.900	-670.53333	350.00848	1000.54523	89.53560	323.03644	-464.73001	-191.02994	360.51492	1306.75391	-213.23103	355.06323	982.99591	-655.57837	354.48218	1314.72668	-413.48877	311.91788	-187.05894				51.07006	332.43134	-141.59718	-383.17676	306.41006	-523.54425	
92	0.910	-670.53278	349.99982	1000.54736	89.57553	323.20346	-464.33655	-190.69774	360.53589	1306.66968	-213.22119	355.07700	982.99774	-655.49359	354.43362	1314.36353	-413.55783	312.08118	-187.04968				51.04380	332.09302	-141.34805	-383.60699	306.69800	-523.90161	
93	0.920	-670.83624	349.52026	1000.85773	89.60864	323.13358	-464.50778	-190.69006	360.56152	1306.68188	-213.20432	355.08896	983.00037	-655.66333	354.23471	1314.30103	-413.54730	312.08072	-187.04630				50.86742	332.47586	-141.62190	-383.75174	306.59241	-524.08203	
94	0.930	-670.61670	349.82932	1000.37463	89.52798	323.07578	-464.63513	-190.95844	360.38297	1306.79675	-213.20419	355.09482	982.97699	-655.50531	354.42575	1314.35999	-413.36560	311.87439	-187.00844				50.85043	332.48181	-141.61391	-383.16849	306.41431	-523.53961	
95	0.940	-670.80060	349.68158	1001.07086	89.50681	323.15048	-464.45401	-190.70760	360.54355	1306.66565	-213.20543	355.06033	982.99500	-655.75232	354.26419	1314.65637	-413.56158	312.07455	-187.05244				51.02871	332.24017	-141.50069	-383.50793	306.34106	-523.91846	
96	0.950	-670.81476	349.63834	1000.42114	89.50558	323.16183	-464.42673	-190.93520	360.39151	1306.81653	-213.20580	355.06348	982.98383	-655.75885	354.26318	1314.65820	-413.55392	312.08374	-187.04733				51.26651	332.07053	-141.32545	-383.59985	306.70093	-523.89807	
97	0.960	-670.80933	349.66409	1000.42963	89.53487	323.04044	-464.72037	-190.95702	360.36368	1306.80298	-213.20996	355.07703	982.98737	-655.67688	354.20865	1314.29272	-413.55002	312.07947	-187.04468				50.91425	332.32043	-141.45009	-383.20029	306.41721	-523.54480	
98	0.970	-670.58966	349.84311	1000.37878	89.71846	323.20535	-464.35083	-190.97614	360.37845	1306.82153	-213.20912	355.07742	982.98468	-655.51105	354.41144	1314.35266	-413.55640	312.07925	-187.04712				51.05532	332.10138	-141.35966	-383.19476	306.41696	-523.54370	
99	0.980	-670.61633	349.71710	1000.80658	89.52384	323.05597	-464.68188	-191.06970	360.49521	1306.74023	-213.20003	355.06290	982.99512	-655.59863	354.49432	1314.72668	-413.40082	312.00369	-187.35004				50.87184	332.48965	-141.61723	-383.19107	306.41553	-523.54382	
100	0.990	-670.84778	349.52231	1000.85535	89.55956	323.15784	-464.44336	-190.97618	360.38248	1306.82056	-213.29709	354.92838	982.78442	-655.59857	354.48648	1314.72290	-413.37250	311.86972	-187.00774				51.25771	332.05960	-141.32848	-383.17816	306.40509	-523.54785	
101	1.000	-670.55475	349.88800	1000.97693	89.60896	323.17380	-464.41177	-190.67967	360.55557	1306.67273	-213.20506	355.07349	982.99457	-655.74384	354.27322	1314.66223	-413.40729	312.00305	-186.99368				51.21341	332.20010	-141.48552	-383.18304	306.42505	-523.53577	
102	1.010	-670.52863	349.99203	1000.54272	89.59295	323.15039	-464.46552	-190.68184	360.53952	1306.66272	-213.19479	355.08032	982.98883	-655.60931	354.47733	1314.72021	-413.49747	311.91794	-187.05911				51.22032	332.20700	-141.47879	-383.17743	306.40994	-523.54449	
103	1.020	-670.54651	349.98138	1000.53979	89.63205	323.20563	-464.33881	-190.95068	360.38046	1306.82227	-213.28799	354.92480	982.79095	-655.74701	354.26099	1314.65723	-413.28647	311.96939	-187.30008				50.91901	332.31558	-141.45877	-383.16061	306.41980	-523.53418	
104	1.030	-670.78363	349.80652	1000.63678	89.52087	323.07477	-464.63660	-190.94215	360.38342	1306.82202	-213.45041	354.91946	983.13269	-655.66742	354.21609	1314.30005	-413.37122	311.86469	-187.01570				51.26538	332.05023	-141.31036	-383.18118	306.41479	-523.54211	
105	1.040	-670.83417	349.54437	1000.86450	89.52024	323.11707	-464.53552	-190.98640	360.37848	1306.81543	-213.19083	355.05240	982.98737	-655.66272	354.31622	1314.01416	-413.54007	311.97256	-187.43874				50.93747	332.31863	-141.44711	-383.17126	306.40750	-523.54474	
106	1.050	-670.63385	349.72842	1000.80859	89.54632	323.10382	-464.57059	-190.90587	360.32587	1306.69592	-213.46025	354.91727	983.12048	-655.64941	354.23102	1314.30249	-413.49802	311.91885	-187.06232				51.26214	332.05002	-141.31535	-383.59021	306.70004	-523.89655	
107	1.060	-670.61517	349.73547	1000.81543	89.45332	323.01984	-464.75885	-190.95393	360.35699	1306.80750	-213.41933	355.05817	982.74213	-655.50934	354.52863	1314.07434	-413.41934	312.00601	-186.99026				51.06003	332.11606	-141.34061	-383.16983	306.40909	-523.54333	
108	1.070	-670.59717	349.83701	1000.37079	89.66951	323.15295	-464.46948	-190.97653	360.38242	1306.81641	-213.21341	355.06949	983.00305	-655.50616	354.43210	1314.36035	-413.54495	312.09064	-187.04350				51.03866	332.11533	-141.33714	-383.16733	306.41080	-523.54163	
109	1.080	-670.61908	349.72748	1000.81335	89.51846	323.09708	-464.58304	-190.98561	360.36761	1306.80994	-213.22047	355.05823	982.99524	-655.59467	354.47150	1314.71863	-413.58093	311.97150	-187.08728				51.04442	332.10260	-141.34967	-383.59698	306.69095	-523.90405	
110	1.090	-670.56445	349.88049	1000.97778	89.49930	323.03168	-464.73660	-190.69321	360.55493	1306.67078	-213.21529	355.06863	982.99554	-655.65955	354.02438	1313.94592	-413.49771	311.92221	-187.05949				51.25715	332.05194	-141.32663	-383.17569	306.41248	-523.54242	
111	1.100	-670.59174	349.71457	1000.80829	89.48641	323.01126	-464.78369	-190.92763	360.32712	1306.70874	-213.47739	354.92175	983.12714	-655.60071	354.31223	1313.97070	-413.56375	312.07574	-187.05226				50.92403	332.31818	-141.45934	-383.15659	306.41068	-523.53931	
112	1.110	-670.62714	349.72748	1000.80945	89.49082	323.14484	-464.46533	-190.61575	360.50879	1306.56592	-213.32463	355.22000	982.96198	-655.58209	354.58490	1314.33008	-413.40634	312.00720	-186.99129				51.00096	332.24594	-141.52325	-383.17285	306.41394	-523.54083	
113	1.120	-670.60907	349.72339	1000.81348	89.54025	323.09720	-464.58560	-190.95982	360.38141	1306.82263	-213.21227	355.05334	982.98096	-655.58704	354.60291	1314.33618	-413.56012	312.08527	-187.04517				50.90526	332.31934	-141.47305	-383.19098	306.41492	-523.54425	
114	1.130	-670.82037	349.63220	1000.41797	89.50485	323.09924	-464.57605	-190.89284	360.32040	1306.69946	-213.22034	355.06821	982.98676	-655.59637	354.57761	1314.32544	-413.55203	312.07251	-187.05373				51.07251	332.42850	-141.58748	-383.16284	306.39587	-523.55054	
115	1.140	-670.79578	349.65506	1000.42853	89.54694	323.18359	-464.38022	-190.99419	360.36234	1306.79578	-213.22633	355.04623	982.98816	-655.76917	354.34515	1314.25513	-413.56049	312.08481	-187.04691				50.86604	332.47061	-141.59660	-383.49124	306.34955	-523.90912	
116	1.150	-670.59222	349.85110	1000.38043	89.69131	323.05670	-464.70218	-190.99278	360.40942	1306.82178	-213.21175	355.08417	982.99786	-655.58795	354.58905	1314.33154	-413.55734	312.08484	-187.04436				50.87103	332.48053	-141.60449	-383.17587	306.42737	-523.53259	
117	1.160	-670.53894	349.99969	1000.54340	89.69740	323.06000	-464.69513	-190.96603	360.38290	1306.81287	-213.23892	355.06027	982.98663	-655.61096	354.22321	1314.36768	-413.36469	311.87732	-187.00919				50.87079	332.48413	-141.62096	-383.16214	306.41013	-523.54095	
118	1.170	-670.81421	349.65448	1000.42816	89.63200	323.12708	-464.52634	-190.69781	360.54169	1306.67102	-213.21297	355.08163	982.97968	-655.58899	354.54987	1314.32019	-413.55685	312.07474	-187.05246				51.07182	332.43951	-141.57651	-383.17233	306.40808	-523.54456	
119	1.180	-670.62256	349.72421	1000.81262	89.58379	323.09848	-464.58826	-190.72369	360.54291	1306.68457	-213.32895	355.20886	982.96436	-655.59320	354.30371	1313.97070	-413.48343	311.91806	-187.05911				50.86482	332.49002	-141.61079	-383.16864	306.40445	-523.54614	
120	1.190	-670.82318	349.54187	1000.86676	89.46004	323.14319	-464.46524	-190.99078	360.39206	1306.81177	-213.33701	355.22202	982.96136	-655.75397	354.35757	1314.25879	-413.37622	311.87524	-187.00916				51.05309	332.45224	-141.60007	-383.61572	306.72678	-523.88452	
121	1.200	-670.56348	349.88940	1000.98352	89.70097	323.14557	-464.49130	-190.91656	360.33060	1306.71228	-213.32074	355.20920	982.96252	-655.57050	354.58908	1314.33545	-413.40060	312.00967	-186.98756				50.85082	332.47397	-141.61940	-383.16809	306.40402	-523.54633	
122	1.210	-670.82007	349.68420	1001.07251	89.46642	323.14670	-464.45770	-190.87170	360.33081	1306.71008	-213.32538	355.20291	982.97101	-655.47839	354.50653	1314.07019	-413.36823	311.86365	-187.01630				51.03927	332.07343	-141.33708	-383.61755	306.71265	-523.89429	
123	1.220	-670.59753	349.83310	1000.37469	89.57858	323.20343	-464.33701	-190.61067	360.48566	1306.55286	-213.21248	355.07495	982.97345	-655.66785	354.19003	1314.28845	-413.49252	311.91406	-187.05952				51.27061	332.06287	-141.32646	-383.16666	306.39664	-523.55090	
124	1.230	-670.81738	349.68817	1001.07495	89.50217	323.14401	-464.46878	-190.70006	360.55072	1306.66980	-213.32375	355.19897	982.97858	-655.67804	354.22891	1314.30322	-413.55649	312.08359	-187.04277				51.21760	332.17343	-141.30914	-383.48541	306.36661	-523.89648	
125	1.240	-670.63177	349.71591	1000.80994	89.53152	323.09433	-464.59128	-190.96519	360.38641	1306.79834	-213.34529	355.21506	982.95691	-655.50287	354.44165	1314.36523	-413.40118	312.01218	-187.34993				51.03961	332.10239	-141.34050	-383.49139	306.36490	-523.89899	
126	1.250	-670.60956	349.71494	1000.80762	89.57886	323.12027	-464.53561	-190.89760	360.32104	1306.70398	-213.20927	355.06702	982.98572	-655.52423	354.15536	1314.00427	-413.48755	311.91705	-187.06387				51.04746	332.10776	-141.35056	-383.16748	306.39761	-523.55042	
127	1.260	-670.83368	349.54941	1000.86761	89.51486	323.08139	-464.62003	-190.97588	360.37393	1306.81250	-213.23141	355.06790	982.98737	-655.50543	354.45251	1314.36279	-413.64374	311.88187	-187.14328				51.11912	332.27139	-141.42903	-383.16803	306.41144	-523.54138	
128	1.270	-670.56274	349.88284	1000.98120	89.44491	323.15121	-464.44406	-190.91197	360.32202	1306.68982	-213.23087	355.05539	982.98773	-655.58136	354.57748	1314.32886	-413.40945	312.00592	-186.99289				51.20542	332.20425	-141.48053	-383.61685	306.71881	-523.89001	
129	1.280	-670.82312	349.52750	1000.86157	89.46101	323.20596	-464.31552	-190.90347	360.31891	1306.70166	-213.35161	355.20645	982.96265	-655.48822	354.50864	1314.07104	-413.55771	312.08389	-187.04781				51.26147	332.05939	-141.31166	-383.17996	306.40881	-523.54578	
130	1.290	-670.59796	349.73196	1000.82050	89.56944	323.21448	-464.30942	-190.67625	360.53958	1306.66370	-213.60008	355.05139	983.10425	-655.49799	354.52429	1314.07861	-413.41275	312.00470	-186.99454				50.86067	332.47723	-141.61925	-383.61481	306.72375	-523.88635	
131	1.300	-670.78717	349.69186	1001.07404	89.52682	323.08331	-464.61697	-190.90176	360.33820	1306.69873	-213.31989	355.21213	982.96490	-655.74133	354.37250	1314.26270	-413.49954	311.91724	-187.06038				50.85735	332.48483	-141.59734	-383.18051	306.42664	-523.53412	
132	1.310	-670.59845	349.84891	1000.37396	89.65335	323.15845	-464.45428	-190.91931	360.31396	1306.70337	-213.32863	355.20859	982.95715	-655.74915	354.37933	1314.26477	-413.40393	312.01297	-186.99052				50.87295	332.48367	-141.61732	-383.59708	306.71307	-523.88940	
133	1.320	-670.62720	349.71042	1000.80237	89.58904	323.13251	-464.50769	-190.63618	360.47452	1306.56091	-213.44150	354.90790	983.13678	-655.74451	354.37039	1314.26611	-413.54913	312.07401	-187.04909				50.86247	332.48630	-141.61154	-383.16174	306.40829	-523.54205	
134	1.330	-670.59998	349.83096	1000.36908	89.45931	323.07901	-464.61838	-190.88321	360.33771	1306.68799	-213.55003	355.03690	983.10187	-655.65875	354.30136	1314.00635	-413.40738	312.00369	-186.99878				50.86988	332.48376	-141.61354	-383.16565	306.40936	-523.54224	
135	1.340	-670.78949	349.64954	1000.42633	89.53020	323.12000	-464.52985	-190.96136	360.39807	1306.80298	-213.43585	354.91718	983.12653	-655.58014	354.49384	1314.72571	-413.49335	311.92508	-187.05370				50.84821	332.48859	-141.60883	-383.17395	306.41354	-523.54132	
136	1.350	-670.60504	349.83914	1000.37256	89.62851	323.07394	-464.65271	-190.95607	360.38870	1306.80579	-213.33797	355.21356	982.94836	-655.59991	354.22604	1314.37463	-413.56073	312.08557	-187.04445				50.91991	332.32025	-141.44125	-383.61441	306.71570	-523.89154	
137	1.360	-670.82159	349.52594	1000.85815	89.58648	323.12576	-464.52347	-190.97119	360.37311	1306.80237	-213.47466	354.91806	983.12769	-655.58972	354.30588	1313.96912	-413.40359	312.00626	-186.99185				51.06540	332.43607	-141.58914	-383.45828	306.36139	-523.89392	
138	1.370	-670.80463	349.62634	1000.41449	89.60691	323.10931	-464.56543	-190.97606	360.37219	1306.82153	-213.19868	355.04547	982.98572	-655.60919	354.21426	1314.36951	-413.64868	311.99277	-186.93837				50.92132	332.32294	-141.45692	-383.73056	306.58438	-524.08258	
139	1.380	-670.54608	349.98926	1000.54333	89.57298	323.11545	-464.54633	-190.99843	360.39514	1306.81628	-213.19301	355.07474	982.99341	-655.66144	354.23157	1314.30371	-413.48334	311.92468	-187.05521				51.06435	332.43909	-141.60959	-383.17612	306.41592	-523.54022	
140	1.390	-670.80157	349.80087	1000.63330	89.54059	323.16550	-464.42258	-190.68637	360.54279	1306.65515	-213.47675	354.91055	983.15131	-655.65680	354.22153	1314.29907	-413.55374	312.07742	-187.04958				51.25871	332.05389	-141.32953	-383.15820	306.39951	-523.54712	
141	1.400	-670.83093	349.53961	1000.86359	89.60378	323.11115	-464.56064	-190.71013	360.54633	1306.66736	-213.21614	355.04984	982.99023	-655.51282	354.44632	1314.36609	-413.50818	311.92004	-187.06197				51.12621	332.27411	-141.42824	-383.17349	306.40930	-523.54401	
142	1.410	-670.79596	349.69983	1001.07941	89.50620	323.19058	-464.35815	-190.67636	360.52332	1306.65857	-213.46848	354.92953	983.14117	-655.50940	354.17728	1314.00781	-413.49423	311.91522	-187.06081				51.25519	332.04706	-141.33102	-383.16263	306.40741	-523.54285	
143	1.420	-670.60895	349.73541	1000.81940	89.48757	323.19254	-464.35107	-190.69110	360.56769	1306.67676	-213.20367	355.10034	982.99475	-655.67102	354.30038	1314.00586	-413.46088	312.17484	-187.33405				51.25889	332.07547	-141.30766	-383.17056	306.40152	-523.54852	
144	1.430	-670.84308	349.54779	1000.86688	89.56310	323.08716	-464.61258	-190.95810	360.39005	1306.82068	-213.31183	355.20804	982.96924	-655.48535	354.44888	1314.37073	-413.41144	312.00238	-186.99612				51.25848	332.06061	-141.31700	-383.16455	306.41235	-523.53998	
145	1.440	-670.81366	349.68799	1001.07281	89.60565	323.15860	-464.44760	-190.65613	360.49997	1306.55457	-213.23180	355.06403	982.96130	-655.75806	354.35379	1314.25793	-413.37711	311.86823	-187.01089				50.85099	332.47534	-141.61560	-383.14948	306.39700	-523.54675	
146	1.450	-670.80109	349.77704	1000.62579	89.62079	323.10263	-464.58322	-190.72560	360.53790	1306.66895	-213.34740	355.22031	982.97797	-655.75183	354.36206	1314.26147	-413.54962	312.07181	-187.04883				50.86863	332.48074	-141.58974	-383.15933	306.42099	-523.53308	
147	1.460	-670.79413	349.79462	1000.63000	89.48102	323.05231	-464.68497	-190.96809	360.38916	1306.82324	-213.47893	354.91599	983.13177	-655.75616	354.26810	1314.65930	-413.64398	311.99988	-186.93401				51.06303	332.44003	-141.57443	-383.48032	306.35843	-523.90076	
148	1.470	-670.81793	349.54730	1000.87018	89.53088	323.13199	-464.50128	-190.98073	360.36627	1306.81226	-213.45480	354.91553	983.13629	-655.64423	354.22223	1314.29797	-413.36731	311.86526	-187.01199				51.23962	332.06369	-141.33810	-383.15186	306.41248	-523.53705	
149	1.480	-670.82025	349.53397	1000.86145	89.57064	323.22418	-464.28641	-190.91899	360.31546	1306.69067	-213.31351	355.19592	982.95856	-655.47595	354.50555	1314.07251	-413.55661	312.08362	-187.04211				50.85512	332.48758	-141.63596	-383.16119	306.40387	-523.54486	
150	1.490	-670.78265	349.80624	1000.63672	89.54329	323.11475	-464.54407	-190.61261	360.48938	1306.54163	-213.21082	355.06433	982.98950	-655.74835	354.36560	1314.26282	-413.63943	311.88284	-187.14357				50.84874	332.48047	-141.60760	-383.16837	306.41635	-523.53821	
151	1.500	-670.60785	349.84436	1000.37622	89.53336	323.18848	-464.36676	-190.96156	360.39026	1306.81824	-213.20465	355.07312	982.99567	-655.75079	354.26736	1314.65698	-413.49307	311.91992	-187.05826				50.84734	332.48901	-141.62976	-383.14084	306.39810	-523.54413	
152	1.510	-670.79382	349.79922	1000.63147	89.49759	323.08005	-464.62094	-191.07423	360.48151	1306.73987	-213.19861	355.09097	982.99146	-655.50012	354.44980	1314.36719	-413.55661	312.08206	-187.05051				51.06504	332.09906	-141.34238	-383.46896	306.35455	-523.90082	
153	1.520	-670.84460	349.51553	1000.85474	89.60169	323.07092	-464.65640	-190.95317	360.36850	1306.80676	-213.47412	354.91754	983.14063	-655.59381	354.57910	1314.32715	-413.56097	312.07608	-187.04994				51.25955	332.04858	-141.32251	-383.18726	306.40982	-523.54675	
154	1.530	-670.57697	349.87393	1000.97845	89.44923	323.05331	-464.67841	-190.62595	360.50327	1306.55994	-213.30688	355.20813	982.95856	-655.58307	354.57184	1314.32532	-413.37778	311.87592	-187.00935				51.02456	332.09518	-141.34735	-383.61630	306.71985	-523.88922	
155	1.540	-670.57953	349.88351	1000.98389	89.60434	323.18320	-464.38870	-190.61389	360.47885	1306.54578	-213.33125	355.21277	982.96948	-655.74713	354.37265	1314.26404	-413.37314	311.87720	-187.00630				50.91047	332.32825	-141.46040	-383.17807	306.42593	-523.53400	
156	1.550	-670.61761	349.72729	1000.81403	89.62540	323.12039	-464.54138	-190.62714	360.50433	1306.55933	-213.18433	355.05759	982.99475	-655.74756	354.37671	1314.26611	-413.49222	311.91553	-187.06221				51.06378	332.42252	-141.57848	-383.61340	306.71835	-523.88959	
157	1.560	-670.59088	349.83322	1000.37347	89.55192	323.18967	-464.36633	-190.93787	360.39639	1306.81616	-213.35971	355.19290	982.94897	-655.64917	354.22702	1314.29810	-413.54813	312.07999	-187.04881				50.86081	332.47141	-141.62073	-383.15298	306.42010	-523.53229	
158	1.570	-670.84509	349.54297	1000.86224	89.59965	323.07156	-464.65463	-190.90105	360.33228	1306.68616	-213.22531	355.05460	982.99182	-655.74884	354.37262	1314.26587	-413.48947	311.91666	-187.06023				50.85384	332.47482	-141.59975	-383.17960	306.41690	-523.54034	
159	1.580	-670.62531	349.84134	1000.37189	89.53799	323.09918	-464.58057	-190.96646	360.39139	1306.81335	-213.21541	355.06424	982.97473	-655.59204	354.48627	1314.72852	-413.49646	311.92780	-187.05470				51.07045	332.43658	-141.59285	-383.16110	306.40710	-523.54266	
160	1.590	-670.53693	350.00006	1000.54425	89.48603	323.14606	-464.46182	-190.98636	360.36517	1306.80957	-213.20879	355.07620	982.99176	-655.60742	354.56613	1314.32190	-413.49347	311.91068	-187.06482				50.87870	332.49200	-141.62383	-383.18594	306.41727	-523.54156	
161	1.600	-670.81287	349.80688	1000.63251	89.52714	323.08163	-464.62103	-190.69670	360.54221	1306.66077	-213.21335	355.07175	982.99158	-655.74481	354.27966	1314.66309	-413.49118	311.92239	-187.05841				50.84833	332.48178	-141.59818	-383.15570	306.40546	-523.54260	
162	1.610	-670.79150	349.80099	1000.63214	89.66899	323.16052	-464.45132	-190.98459	360.36810	1306.81689	-213.20497	355.06836	983.00446	-655.60919	354.47910	1314.71912	-413.38940	312.02402	-186.98036				51.08013	332.46371	-141.60002	-383.17236	306.42307	-523.53467	
163	1.620	-670.57526	349.85217	1000.38123	89.56083	323.13367	-464.50125	-190.97929	360.39563	1306.81470	-213.21565	355.08621	983.00677	-655.51563	354.18179	1314.01416	-413.55109	312.08725	-187.04182				50.86488	332.48560	-141.61237	-383.58603	306.69284	-523.90039	
164	1.630	-670.78656	349.65482	1000.42529	89.60347	323.05225	-464.70120	-190.96143	360.36710	1306.81946	-213.20155	355.07578	983.00165	-655.75043	354.27032	1314.65869	-413.49295	311.91122	-187.06544				51.06052	332.43689	-141.57814	-383.15399	306.41739	-523.53430	
165	1.640	-670.81146	349.65350	1000.42352	89.66008	323.14746	-464.48138	-190.96088	360.40976	1306.82129	-213.46521	354.92648	983.13257	-655.73981	354.36459	1314.26477	-413.55206	312.06717	-187.04977				51.07340	332.44714	-141.58862	-383.15457	306.42117	-523.53192	
166	1.650	-670.83911	349.55051	1000.86816	89.56717	323.10718	-464.56531	-190.89781	360.33569	1306.69922	-213.32167	355.20209	982.95905	-655.76093	354.36087	1314.26233	-413.49164	311.91617	-187.05806				51.22956	332.20227	-141.48901	-383.15332	306.41443	-523.53607	
167	1.660	-670.84222	349.53058	1000.85907	89.49843	323.11066	-464.54791	-190.95776	360.40817	1306.81921	-213.32008	355.22058	982.97021	-655.66901	354.23090	1314.29858	-413.40244	312.01318	-186.98599				51.04933	332.10706	-141.36531	-383.16302	306.41443	-523.53827	
168	1.670	-670.57159	349.88110	1000.97784	89.54047	323.08322	-464.61902	-190.62498	360.49075	1306.55750	-213.46848	354.89761	983.13055	-655.67462	354.29913	1314.00586	-413.40512	312.00455	-186.99490				51.03802	332.07959	-141.33363	-383.15768	306.40704	-523.54199	
169	1.680	-670.63525	349.73273	1000.81201	89.49593	323.15259	-464.44751	-190.62646	360.50598	1306.56018	-213.31970	355.21121	982.96454	-655.67065	354.30389	1314.01086	-413.56155	312.07333	-187.05107				51.12853	332.27069	-141.42871	-383.72867	306.57895	-524.08575	
170	1.690	-670.57190	349.87140	1000.97076	89.66102	323.19199	-464.37521	-190.95436	360.38849	1306.82080	-213.30727	355.21631	982.95996	-655.76526	354.34891	1314.25500	-413.54599	312.08447	-187.04167				51.12555	332.27692	-141.44189	-383.49985	306.37424	-523.89471	
171	1.700	-670.84967	349.53339	1000.85931	89.51904	323.10028	-464.57541	-190.62881	360.49130	1306.54602	-213.31903	355.21088	982.94800	-655.67413	354.29791	1314.00208	-413.49881	311.91794	-187.05862				51.01794	332.24753	-141.50511	-383.60684	306.72409	-523.88434	
172	1.710	-670.84399	349.51694	1000.85260	89.53136	323.07309	-464.64194	-190.96550	360.40213	1306.81824	-213.32185	355.20996	982.97662	-655.76672	354.36060	1314.25684	-413.55280	312.07751	-187.04826				50.86982	332.47525	-141.60974	-383.15091	306.39203	-523.55042	
173	1.720	-670.76880	349.79742	1000.63226	89.46296	323.06497	-464.65237	-190.96893	360.35672	1306.81812	-213.20724	355.07950	982.99573	-655.47760	354.49442	1314.06689	-413.50034	311.90662	-187.06583				50.85938	332.47357	-141.59666	-383.17438	306.41904	-523.53778	
174	1.730	-670.59778	349.85004	1000.37830	89.55293	323.23022	-464.26971	-190.98245	360.37155	1306.81738	-213.46243	354.90045	983.14117	-655.51581	354.44781	1314.36511	-413.36606	311.88419	-187.00313				51.25683	332.04782	-141.32491	-383.16693	306.41794	-523.53680	
175	1.740	-670.61426	349.70883	1000.80585	89.58423	323.12918	-464.51498	-190.94846	360.39127	1306.82996	-213.48373	354.91058	983.14978	-655.49835	354.45013	1314.36853	-413.49323	311.91565	-187.06035				51.05278	332.10165	-141.35043	-383.17065	306.42123	-523.53546	
176	1.750	-670.60693	349.73407	1000.81573	89.56109	323.14563	-464.47266	-190.96732	360.38766	1306.80115	-213.45599	354.90421	983.13574	-655.68262	354.30997	1314.00891	-413.49393	311.91138	-187.06281				51.05510	332.09714	-141.33302	-383.14096	306.40857	-523.53723	
177	1.760	-670.54163	349.89252	1000.98383	89.63024	323.10855	-464.57028	-190.88115	360.31848	1306.69275	-213.45575	354.90015	983.12823	-655.39600	354.45038	1313.81519	-413.50238	311.92371	-187.05733				50.93886	332.31485	-141.45847	-383.61758	306.71136	-523.89514	
178	1.770	-670.62408	349.72131	1000.80792	89.71696	323.15884	-464.46170	-190.89482	360.34488	1306.69653	-213.56934	355.06067	983.10083	-655.52808	354.26071	1313.72192	-413.49640	311.91312	-187.06735				50.85390	332.46564	-141.60617	-383.48541	306.35062	-523.90710	
179	1.780	-670.60150	349.82669	1000.37250	89.59350	323.14310	-464.48303	-190.73663	360.55719	1306.66479	-213.47905	354.90881	983.13458	-655.75006	354.35315	1314.25964	-413.49490	311.91345	-187.06161				51.06134	332.42993	-141.58559	-383.15836	306.40152	-523.54578	
180	1.790	-670.81866	349.64172	1000.42029	89.63966	323.07275	-464.65707	-190.96458	360.36826	1306.81250	-213.20671	355.05963	982.99017	-655.74084	354.34494	1314.25842	-413.37213	311.86374	-187.01649				50.85419	332.46521	-141.59824	-383.15341	306.40039	-523.54541	
181	1.800	-670.59180	349.85303	1000.38141	89.66133	323.13849	-464.50296	-190.96072	360.36600	1306.80676	-213.48227	354.90778	983.14600	-655.61188	354.21024	1314.36694	-413.51569	311.94534	-186.88977				50.84417	332.47379	-141.60608	-383.15207	306.39920	-523.54590	
182	1.810	-670.80719	349.65500	1000.42328	89.66930	323.22018	-464.30899	-190.95259	360.39151	1306.81836	-213.22220	355.08331	983.00165	-655.58337	354.49683	1314.72595	-413.55444	312.07834	-187.04842				50.86621	332.48566	-141.61324	-383.15164	306.40524	-523.54181	
183	1.820	-670.59412	349.83221	1000.37665	89.55952	323.17511	-464.40207	-190.78882	360.67352	1306.60046	-213.21118	355.06824	982.99579	-655.51782	354.41473	1314.35413	-413.62946	311.99698	-186.93333				51.04689	332.43808	-141.59212	-383.15833	306.41281	-523.53833	
184	1.830	-670.79108	349.79214	1000.63568	89.50414	323.12177	-464.52222	-191.03612	360.50687	1306.76331	-213.20667	355.06284	982.98322	-655.49023	354.44406	1314.36511	-413.49829	311.92139	-187.05894				51.02163	332.24356	-141.49362	-383.16898	306.41437	-523.53967	
185	1.840	-670.63208	349.71097	1000.80389	89.51842	323.12967	-464.50519	-191.02545	360.43195	1306.63757	-213.20874	355.05823	982.98920	-655.65192	354.32074	1314.01538	-413.45480	312.17267	-187.33136				51.21835	332.22705	-141.48430	-383.58356	306.72672	-523.87738	
186	1.850	-670.84247	349.53586	1000.85815	89.58375	323.14697	-464.47244	-190.69908	360.53271	1306.69568	-213.21249	355.06506	982.98743	-655.51257	354.52542	1314.07434	-413.50211	311.91400	-187.05766				51.25298	332.05600	-141.32930	-383.72815	306.60034	-524.07147	
187	1.860	-670.56073	349.87033	1000.97491	89.53324	323.13245	-464.50049	-190.88353	360.30930	1306.69653	-213.33952	355.22284	982.95868	-655.68713	354.31830	1314.00964	-413.48691	311.91525	-187.06183				51.07074	332.10822	-141.33263	-383.16080	306.42316	-523.53198	
188	1.870	-670.62201	349.71188	1000.81244	89.56897	323.13638	-464.49582	-190.94955	360.40384	1306.82495	-213.48003	354.91183	983.12579	-655.52307	354.51584	1314.07104	-413.55420	312.08310	-187.04373				51.04104	332.09970	-141.34564	-383.17358	306.40796	-523.54492	
189	1.880	-670.84424	349.53867	1000.86273	89.60927	323.11765	-464.54587	-191.00475	360.36530	1306.80750	-213.20212	355.08295	982.99561	-655.66620	354.22528	1314.30078	-413.46048	312.17520	-187.33432				50.92287	332.29675	-141.47324	-383.59671	306.70520	-523.89453	
190	1.890	-670.80853	349.64548	1000.42499	89.54260	323.10983	-464.55576	-190.94890	360.38495	1306.80554	-213.33751	355.22205	982.96252	-655.65765	354.22675	1314.30017	-413.49597	311.91995	-187.05763				51.04124	332.09964	-141.34097	-383.16473	306.41202	-523.54028	
191	1.900	-670.58612	349.85703	1000.97076	89.58456	323.12665	-464.52109	-190.62057	360.48941	1306.54651	-213.33121	355.20883	982.96173	-655.52148	354.25827	1313.71814	-413.55295	312.07861	-187.04608				51.25842	332.05896	-141.31294	-383.18317	306.42142	-523.53815	
192	1.910	-670.62207	349.70435	1000.80865	89.59789	323.11026	-464.56195	-190.87897	360.33176	1306.70764	-213.33517	355.19165	982.95477	-655.67328	354.28723	1314.00256	-413.37372	311.87213	-187.01517				51.03802	332.10342	-141.37109	-383.63498	306.72839	-523.88776	
193	1.920	-670.57300	349.89893	1000.98419	89.58292	323.16708	-464.42435	-190.99417	360.39359	1306.80579	-213.22702	355.07281	982.98560	-655.51947	354.52966	1314.07629	-413.37524	311.87006	-187.01060				51.04716	332.09378	-141.34850	-383.16583	306.40295	-523.54651	
194	1.930	-670.61511	349.73294	1000.81665	89.44891	323.12717	-464.50204	-190.67860	360.55594	1306.67517	-213.33907	355.18665	982.97449	-655.60229	354.31024	1313.97107	-413.64352	312.15887	-187.42500				51.21466	332.20856	-141.48666	-383.47708	306.35818	-523.90021	
195	1.940	-670.80365	349.69296	1001.07867	89.56438	323.07974	-464.63046	-190.96358	360.38702	1306.82141	-213.45270	354.89215	983.12823	-655.65112	354.21741	1314.29980	-413.54898	312.07932	-187.04668				51.26460	332.05292	-141.30463	-383.15683	306.40955	-523.54010	
196	1.950	-670.61157	349.73303	1000.81427	89.62573	323.08911	-464.61618	-190.69334	360.54227	1306.66675	-213.21274	355.06418	982.98560	-655.40289	354.35263	1314.10181	-413.45612	312.18018	-187.33040				51.04970	332.11584	-141.35231	-383.16962	306.41388	-523.54010	
197	1.960	-670.81268	349.69464	1001.07788	89.66320	323.14230	-464.49405	-190.68788	360.52591	1306.66125	-213.20813	355.07129	982.98700	-655.51715	354.17697	1314.00830	-413.69708	312.16360	-186.91724				51.04301	332.10974	-141.33595	-383.16113	306.40698	-523.54279	
198	1.970	-670.54346	349.99454	1000.54224	89.52988	323.00711	-464.79929	-190.94992	360.36346	1306.80762	-213.19894	355.06607	982.99091	-655.76880	354.26416	1314.65381	-413.36920	311.87616	-187.00716				51.06407	332.44934	-141.59689	-383.16531	306.41544	-523.53815	
199	1.980	-670.78247	349.80496	1000.64020	89.64259	323.12830	-464.52484	-190.96202	360.38773	1306.81848	-213.19765	355.05386	982.97266	-655.76947	354.34961	1314.25940	-413.50403	311.91034	-187.06265				50.85053	332.48477	-141.60472	-383.15656	306.39935	-523.54681	
200	1.990	-670.53766	349.99902	1000.54321	89.51447	323.20282	-464.32999	-190.92499	360.33118	1306.69238	-213.19507	355.08850	982.98901	-655.66205	354.32376	1314.01636	-413.55511	312.08911	-187.03845				50.84110	332.47659	-141.61195	-383.17981	306.40698	-523.54700	
201	2.000	-670.79724	349.80945	1000.63544	89.46334	323.13513	-464.48489	-190.97762	360.39603	1306.81543	-213.22272	355.08905	982.98486	-655.49139	354.43060	1314.47461	-413.55807	312.09329	-186.86090				50.85363	332.47220	-141.61638	-383.15973	306.41385	-523.53790	
202	2.010	-670.60107	349.83212	1000.37030	89.49372	323.10721	-464.55557	-190.70929	360.53314	1306.67725	-213.20039	355.06812	982.99597	-655.76660	354.26016	1314.65649	-413.50296	311.91870	-187.05899				51.05383	332.41513	-141.57945	-383.16052	306.40921	-523.54114	
203	2.020	-670.80884	349.66391	1000.43378	89.48942	323.11542	-464.53543	-190.96442	360.38861	1306.80627	-213.19353	355.07153	983.00665	-655.47382	354.40613	1314.46729	-413.55441	312.08240	-187.04274				50.92137	332.32294	-141.45926	-383.49670	306.36935	-523.89722	
204	2.030	-670.59320	349.85623	1000.38159	89.65355	323.15857	-464.45401	-191.05792	360.52448	1306.74890	-213.22069	355.07773	982.99854	-655.50073	354.45596	1314.37048	-413.50150	311.92139	-187.05888				50.84916	332.48782	-141.62117	-383.16458	306.40051	-523.54785	
205	2.040	-670.82428	349.63968	1000.41992	89.52150	323.08990	-464.60052	-190.98265	360.38327	1306.82117	-213.19659	355.07858	982.98682	-655.59674	354.47879	1314.72046	-413.49542	311.92163	-187.05392				51.26561	332.05759	-141.32016	-383.16306	306.41592	-523.53729	
206	2.050	-670.64197	349.70078	1000.79980	89.63972	323.07455	-464.65274	-190.93385	360.36768	1306.81006	-213.20305	355.06641	982.98499	-655.68335	354.31674	1314.01465	-413.49200	311.91681	-187.06349				51.25707	332.07919	-141.33527	-383.17737	306.42114	-523.53705	
207	2.060	-670.57709	349.87283	1000.97150	89.44981	323.13690	-464.47894	-190.69943	360.56320	1306.66772	-213.33679	355.19379	982.96570	-655.47260	354.53403	1314.07642	-413.50592	311.92163	-187.05580				51.05075	332.10513	-141.34036	-383.17334	306.42410	-523.53418	
208	2.070	-670.57477	349.87408	1000.97394	89.62251	323.13953	-464.49533	-190.89583	360.32779	1306.70593	-213.34879	355.22009	982.97382	-655.74249	354.36057	1314.26196	-413.36154	311.88092	-187.00294				51.12523	332.28934	-141.45454	-383.17535	306.42023	-523.53723	
209	2.080	-670.57538	349.88705	1000.98035	89.48778	323.07144	-464.64020	-190.98019	360.36362	1306.80505	-213.57835	355.05591	983.10132	-655.75873	354.36661	1314.26135	-413.36664	311.87466	-187.00720				50.88107	332.48669	-141.60214	-383.73361	306.59351	-524.07721	
210	2.090	-670.55200	349.99832	1000.54224	89.47647	323.15405	-464.44147	-190.98055	360.37045	1306.79504	-213.22794	355.06317	982.99969	-655.60339	354.49164	1314.72217	-413.64932	311.99786	-186.93382				51.04442	332.42310	-141.58704	-383.16745	306.42123	-523.53479	
211	2.100	-670.81519	349.79303	1000.63123	89.67792	323.26520	-464.20261	-191.05759	360.48721	1306.75220	-213.20676	355.06750	982.98700	-655.66595	354.21985	1314.29443	-413.36887	311.87299	-187.00737				50.85533	332.46729	-141.60538	-383.18356	306.41812	-523.54047	
212	2.110	-670.77972	349.79916	1000.63397	89.53564	323.04654	-464.70590	-190.98814	360.37857	1306.80457	-213.20630	355.06705	982.98389	-655.66571	354.24326	1314.30518	-413.48575	311.91049	-187.06725				51.05396	332.09619	-141.33414	-383.17874	306.42749	-523.53314	
213	2.120	-670.82355	349.67780	1001.06873	89.60269	323.13873	-464.49463	-190.91348	360.33398	1306.69604	-213.58360	355.04416	983.11304	-655.75488	354.36942	1314.26501	-413.54446	312.08554	-187.04243				51.25565	332.04727	-141.34122	-383.48584	306.34827	-523.90875	
214	2.130	-670.86310	349.53006	1000.85797	89.64669	323.15643	-464.45816	-190.87404	360.32214	1306.68103	-213.34749	355.21844	982.96143	-655.68658	354.20398	1314.29248	-413.54657	312.07928	-187.04614				51.05440	332.09048	-141.32330	-383.62415	306.72116	-523.89014	
215	2.140	-670.79205	349.69363	1001.07642	89.52449	323.06827	-464.65256	-190.60085	360.48630	1306.55603	-213.21138	355.05383	982.97894	-655.75372	354.35196	1314.25732	-413.50146	311.91116	-187.06178				50.91451	332.33179	-141.46184	-383.15042	306.41315	-523.53632	
216	2.150	-670.82233	349.53760	1000.86407	89.55935	323.09521	-464.59280	-190.90631	360.32236	1306.69824	-213.33200	355.21414	982.96326	-655.66278	354.31281	1314.01221	-413.54694	312.08270	-187.04333				50.85812	332.49915	-141.59964	-383.59390	306.71362	-523.88837	
217	2.160	-670.57635	349.88120	1000.97797	89.62771	323.19543	-464.36258	-190.90924	360.32153	1306.69226	-213.58923	355.06207	983.11279	-655.47632	354.51901	1314.07397	-413.49936	311.91266	-187.06183				50.85918	332.47156	-141.60507	-383.17209	306.42770	-523.53149	
218	2.170	-670.62073	349.70773	1000.80420	89.60812	323.13171	-464.51208	-191.00237	360.38187	1306.81299	-213.31145	355.20132	982.96606	-655.52032	354.24631	1313.71814	-413.55377	312.07788	-187.04366				51.05414	332.43402	-141.57950	-383.16519	306.40109	-523.54761	
219	2.180	-670.54852	349.97589	1000.52649	89.49843	323.11066	-464.54791	-190.69591	360.54361	1306.67493	-213.45435	354.91812	983.13464	-655.75464	354.26447	1314.66113	-413.50009	311.91891	-187.05942				51.06166	332.43909	-141.57784	-383.18982	306.41367	-523.54480	
220	2.190	-670.60315	349.84521	1000.37183	89.63925	323.10739	-464.57428	-190.94427	360.37393	1306.81348	-213.21356	355.07574	982.98236	-655.66315	354.22089	1314.30029	-413.49417	311.91742	-187.06216				51.00755	332.24463	-141.50676	-383.17535	306.41525	-523.54053	
221	2.200	-670.61743	349.84454	1000.37097	89.58135	323.11191	-464.55591	-190.71754	360.61697	1306.50684	-213.21680	355.04910	982.98352	-655.87994	354.20746	1313.95300	-413.38510	311.86206	-187.01213				51.24489	332.04599	-141.31693	-383.59424	306.70032	-523.89722	
222	2.210	-670.83472	349.54398	1000.86584	89.56833	323.13336	-464.50293	-190.89296	360.32523	1306.70728	-213.32195	355.21140	982.96777	-655.51135	354.25607	1313.72498	-413.49490	311.90607	-187.06279				51.04827	332.08493	-141.34444	-383.61777	306.71399	-523.89343	
223	2.220	-670.54297	349.88748	1000.98059	89.62655	323.07309	-464.65451	-190.96916	360.39124	1306.82825	-213.34181	355.19943	982.95844	-655.60626	354.30569	1313.97046	-413.49594	311.92526	-187.05524				50.85276	332.49689	-141.62341	-383.16544	306.41473	-523.53864	
224	2.230	-670.59644	349.85638	1000.38477	89.50748	323.14871	-464.45831	-190.95685	360.37531	1306.82629	-213.20729	355.09583	983.00177	-655.67957	354.19540	1314.28723	-413.49576	311.92624	-187.05933				51.05482	332.43994	-141.58429	-383.15833	306.41895	-523.53424	
225	2.240	-670.61774	349.82474	1000.37085	89.57340	323.08176	-464.62683	-190.68253	360.57510	1306.68042	-213.22163	355.05695	982.99664	-655.76239	354.24249	1314.64929	-413.49649	311.91013	-187.06606				51.27686	332.05951	-141.31097	-383.61758	306.71619	-523.89197	
226	2.250	-670.83301	349.53021	1000.85962	89.54000	323.04617	-464.70740	-191.06221	360.49515	1306.74255	-213.18892	355.06308	982.98425	-655.74896	354.26834	1314.65881	-413.49811	311.91800	-187.06113				51.21872	332.20746	-141.48647	-383.19186	306.42709	-523.53638	
227	2.260	-670.63452	349.73416	1000.81311	89.50805	323.13593	-464.48892	-190.96317	360.39615	1306.81226	-213.20502	355.08755	982.98499	-655.47650	354.30811	1314.07422	-413.40491	312.00522	-186.98940				51.04646	332.09140	-141.32887	-383.18219	306.42349	-523.53656	
228	2.270	-670.83679	349.54678	1000.86682	89.58015	323.15894	-464.44342	-190.64301	360.49326	1306.54370	-213.32831	355.22772	982.97748	-655.67249	354.32318	1314.01685	-413.56277	312.08276	-187.04211				51.01309	332.24564	-141.53189	-383.15598	306.41620	-523.53552	
229	2.280	-670.83856	349.52805	1000.85895	89.56283	323.10809	-464.56256	-190.69244	360.54993	1306.68372	-213.20265	355.06696	982.99860	-655.75964	354.26587	1314.65771	-413.40143	312.01505	-186.98820				50.87275	332.48846	-141.60258	-383.59940	306.70892	-523.89270	
230	2.290	-670.59943	349.84045	1000.37427	89.54772	323.09970	-464.58060	-190.97047	360.36743	1306.81116	-213.59663	355.05338	983.10272	-655.49908	354.40936	1314.46472	-413.55115	312.08765	-187.04201				51.06674	332.44223	-141.56998	-383.17737	306.41083	-523.54388	
231	2.300	-670.56177	350.00137	1000.54022	89.58178	323.21320	-464.31412	-190.97131	360.40216	1306.82214	-213.24324	355.07617	982.98053	-655.66663	354.22049	1314.29797	-413.40463	312.00919	-186.98969				51.04269	332.10547	-141.36595	-383.16135	306.41812	-523.53546	
232	2.310	-670.62494	349.72162	1000.81561	89.57517	323.18594	-464.37833	-190.64920	360.49628	1306.55762	-213.19041	355.07162	982.98547	-655.51440	354.44208	1314.36426	-413.37323	311.86993	-187.01031				51.05122	332.10822	-141.33829	-383.48508	306.35629	-523.90326	
233	2.320	-670.82489	349.67645	1001.06854	89.69350	323.30310	-464.11423	-190.95947	360.39984	1306.82996	-213.58572	355.05579	983.10175	-655.61639	354.57095	1314.32397	-413.48978	311.92651	-187.05272				51.12468	332.27713	-141.43332	-383.16458	306.41821	-523.53613	
234	2.330	-670.58759	349.84814	1000.38098	89.62540	323.12039	-464.54138	-190.97414	360.38110	1306.81543	-213.19875	355.07120	982.98309	-655.58356	354.50027	1314.73071	-413.56720	311.97659	-187.08084				50.90940	332.32813	-141.46126	-383.18207	306.43787	-523.52704	
235	2.340	-670.53821	350.01312	1000.55255	89.58992	323.11154	-464.55786	-190.98769	360.37152	1306.81384	-213.20889	355.06784	982.99042	-655.67450	354.22256	1314.30078	-413.50845	311.90405	-187.06810				50.84525	332.48120	-141.60220	-383.17889	306.41415	-523.54199	
236	2.350	-670.82739	349.65826	1000.42114	89.52976	323.21869	-464.29416	-190.73643	360.54651	1306.68018	-213.21387	355.05832	982.98273	-655.40454	354.36743	1314.10620	-413.49930	311.91086	-187.06602				51.05099	332.09705	-141.33661	-383.16513	306.41684	-523.53717	
237	2.360	-670.84406	349.54547	1000.86243	89.58852	323.09280	-464.60242	-190.90767	360.32339	1306.68359	-213.33134	355.20462	982.97754	-655.51147	354.26733	1313.72217	-413.37097	311.86920	-187.01117				51.26908	332.07388	-141.32434	-383.59851	306.70972	-523.89197	
238	2.370	-670.62250	349.73343	1000.81366	89.47411	323.12082	-464.52048	-190.99516	360.39749	1306.80908	-213.32393	355.22324	982.95911	-655.51831	354.18298	1314.01196	-413.50339	311.91858	-187.05885				51.03737	332.08731	-141.34947	-383.16095	306.40860	-523.54169	
239	2.380	-670.62933	349.71832	1000.80750	89.46394	323.14645	-464.45798	-190.64037	360.49335	1306.55151	-213.23630	355.06265	982.97638	-655.74243	354.35074	1314.25916	-413.49088	311.91855	-187.06224				51.12291	332.26810	-141.43877	-383.16531	306.42676	-523.53064	
240	2.390	-670.57239	349.88193	1000.97729	89.60175	323.22113	-464.29782	-191.00073	360.38177	1306.82800	-213.35649	355.20932	982.95752	-655.61212	354.31107	1313.97021	-413.50116	311.91336	-187.06012				51.04085	332.24887	-141.50990	-383.48874	306.37387	-523.89246	
241	2.400	-670.55518	349.89548	1000.98907	89.59490	323.17471	-464.40771	-190.90022	360.33987	1306.71790	-213.34241	355.21078	982.96466	-655.59460	354.55707	1314.31995	-413.50339	311.90857	-187.06401				50.90412	332.33057	-141.47032	-383.49814	306.36725	-523.89893	
242	2.410	-670.55377	349.89182	1000.98022	89.58619	323.12924	-464.51511	-190.97128	360.38556	1306.80859	-213.23454	355.05820	982.99146	-655.60223	354.57489	1314.32397	-413.55466	312.07996	-187.04590				51.06780	332.44299	-141.58539	-383.16785	306.41180	-523.54108	
243	2.420	-670.76978	349.80478	1000.63513	89.59789	323.11026	-464.56195	-190.88518	360.31879	1306.69788	-213.34612	355.20663	982.96667	-655.75757	354.36841	1314.26379	-413.48645	311.91586	-187.05969				51.06809	332.43671	-141.57436	-383.19223	306.42673	-523.53668	
244	2.430	-670.79211	349.81390	1000.64087	89.51086	323.00668	-464.79779	-190.98590	360.38660	1306.82593	-213.46783	355.14151	983.32068	-655.86084	354.12180	1314.24976	-413.55093	312.07925	-187.04701				51.08307	332.43658	-141.57635	-383.15103	306.40436	-523.54224	
245	2.440	-670.59174	349.85562	1000.37927	89.47167	323.07996	-464.61777	-190.95753	360.39066	1306.81128	-213.48042	354.92697	983.14087	-655.59766	354.49597	1314.72986	-413.49319	311.92307	-187.05560				50.85493	332.48456	-141.62361	-383.47968	306.35620	-523.90210	
246	2.450	-670.62213	349.74335	1000.81995	89.61790	323.12827	-464.52167	-190.72461	360.54547	1306.65747	-213.22247	355.06454	982.99274	-655.49280	354.49570	1314.06409	-413.49887	311.91953	-187.06230				51.07498	332.45181	-141.58446	-383.16321	306.41873	-523.53546	
247	2.460	-670.83728	349.65662	1000.42175	89.62706	322.90598	-465.05356	-190.98346	360.39453	1306.82227	-213.21384	355.08014	982.98529	-655.76294	354.25171	1314.64734	-413.63278	311.99722	-186.93210				51.06519	332.10757	-141.33304	-383.16895	306.42184	-523.53473	
248	2.470	-670.81311	349.64639	1000.42395	89.60172	323.10831	-464.56714	-190.69261	360.53241	1306.66565	-213.22488	355.06952	982.98767	-655.76428	354.25385	1314.65332	-413.48984	311.92456	-187.05742				50.85718	332.47992	-141.59401	-383.16965	306.42776	-523.53094	
249	2.480	-670.79871	349.65518	1000.42743	89.65583	323.14493	-464.48688	-190.98239	360.38171	1306.81750	-213.21376	355.07578	983.00134	-655.49249	354.40863	1314.46643	-413.55554	312.08060	-187.04144				50.86549	332.48425	-141.59483	-383.16971	306.41248	-523.54108	
250	2.490	-670.81458	349.65744	1000.42834	89.45319	323.09753	-464.57336	-190.94455	360.36731	1306.80957	-213.20193	355.06528	982.98834	-655.59821	354.21335	1314.36804	-413.48969	311.91928	-187.05803				51.05198	332.42310	-141.57523	-383.16171	306.40201	-523.54620	
251	2.500	-670.60944	349.82974	1000.36749	89.64973	323.17105	-464.42371	-190.98369	360.37350	1306.81653	-213.21172	355.07458	982.98407	-655.61554	354.21347	1314.36499	-413.48398	311.91055	-187.06729				50.83571	332.46606	-141.61511	-383.48621	306.35687	-523.90314	
252	2.510	-670.81696	349.65149	1000.42499	89.49824	323.09778	-464.57864	-191.01305	360.37839	1306.79492	-213.21466	355.07776	982.99420	-655.66559	354.23145	1314.30188	-413.71796	311.90588	-186.48323				51.23197	332.21637	-141.46547	-383.16638	306.42621	-523.53125	
253	2.520	-670.82336	349.68497	1001.07135	89.52484	323.14978	-464.45804	-190.98767	360.39963	1306.82410	-213.22136	355.05853	982.98566	-655.67169	354.22681	1314.29797	-413.49588	311.91647	-187.06097				51.24406	332.05563	-141.33012	-383.15543	306.40915	-523.54004	
254	2.530	-670.61713	349.72516	1000.81195	89.54322	323.14474	-464.47244	-190.90129	360.31366	1306.69861	-213.20793	355.06989	982.98773	-655.68311	354.30527	1314.00488	-413.49289	311.91418	-187.06328				51.06262	332.09970	-141.32863	-383.59680	306.69745	-523.89972	
255	2.540	-670.84198	349.52951	1000.86243	89.50516	323.11267	-464.54404	-190.97095	360.38547	1306.81689	-213.31850	355.21793	982.95996	-655.51294	354.44513	1314.36609	-413.55502	312.08429	-187.04265				51.03622	332.08609	-141.33681	-383.14804	306.41541	-523.53424	
256	2.550	-670.56390	349.87692	1000.97760	89.62775	323.11646	-464.55115	-190.91479	360.30954	1306.69873	-213.20370	355.08191	982.99274	-655.74994	354.34363	1314.25073	-413.58060	311.96848	-187.08754				50.91083	332.33099	-141.47122	-383.16412	306.39716	-523.54993	
257	2.560	-670.57495	349.88956	1000.97870	89.54338	323.05624	-464.68375	-190.63109	360.49069	1306.56958	-213.33650	355.22226	982.96704	-655.51501	354.52014	1314.07288	-413.40015	312.00900	-186.99152				50.85977	332.48611	-141.61368	-383.15744	306.41956	-523.53363	
258	2.570	-670.62073	349.71323	1000.80792	89.55874	323.11508	-464.54532	-190.66075	360.48495	1306.53259	-213.29980	355.19928	982.95905	-655.75671	354.35571	1314.25854	-413.49213	311.91425	-187.06230				51.06577	332.45105	-141.58400	-383.47491	306.35095	-523.90454	
259	2.580	-670.57251	349.84610	1000.37994	89.49087	323.13608	-464.48627	-191.02135	360.39951	1306.81238	-213.21124	355.08865	982.99969	-655.76489	354.34109	1314.25415	-413.49658	311.91376	-187.06126				50.86257	332.47836	-141.59877	-383.16281	306.41904	-523.53516	
260	2.590	-670.78461	349.80646	1000.63818	89.53332	323.08844	-464.60562	-190.98911	360.36832	1306.82251	-213.47934	354.88986	983.12994	-655.75555	354.27249	1314.66260	-413.64371	312.00076	-186.93141				51.06855	332.44168	-141.58810	-383.49738	306.36194	-523.90228	
261	2.600	-670.56372	349.99179	1000.54114	89.60905	323.09583	-464.59793	-190.97630	360.39328	1306.81897	-213.45998	354.92322	983.12659	-655.49054	354.39932	1314.46423	-413.55463	312.09088	-187.03801				51.05334	332.43738	-141.59128	-383.15518	306.41174	-523.53833	
262	2.610	-670.53571	349.97528	1000.53687	89.70621	323.10046	-464.59970	-190.99417	360.37598	1306.81372	-213.20616	355.07632	982.99353	-655.75690	354.25677	1314.65369	-413.50439	311.79855	-187.09700				51.06026	332.43793	-141.59239	-383.15970	306.40448	-523.54413	
263	2.620	-670.59937	349.84537	1000.37708	89.57040	323.11551	-464.54584	-190.94827	360.36932	1306.80725	-213.21863	355.05365	982.99414	-655.68091	354.21262	1314.29358	-413.37564	311.86682	-187.01054				51.06777	332.09125	-141.34422	-383.15872	306.41449	-523.53729	
264	2.630	-670.55951	349.88739	1000.98254	89.62365	323.10611	-464.57532	-190.62433	360.50647	1306.55347	-213.22108	355.08234	982.99396	-655.67938	354.31064	1314.00830	-413.40805	312.01141	-187.34987				51.21443	332.20242	-141.47081	-383.48068	306.35883	-523.90063	
265	2.640	-670.57355	349.88150	1000.97968	89.56508	323.17715	-464.39795	-190.61491	360.49628	1306.55786	-213.46169	354.90683	983.13098	-655.51801	354.17291	1314.01270	-413.51035	311.92029	-187.05913				51.26679	332.07047	-141.31950	-383.17163	306.42767	-523.53143	
266	2.650	-670.56140	349.87149	1000.97711	89.47704	323.07648	-464.62671	-190.89366	360.33173	1306.70398	-213.35568	355.21661	982.97766	-655.60242	354.56281	1314.32080	-413.54916	312.07697	-187.04913				50.90736	332.31891	-141.47165	-383.14532	306.40677	-523.53937	
267	2.660	-670.55609	350.00485	1000.54675	89.63757	323.03421	-464.74875	-190.71866	360.55328	1306.66699	-213.37276	355.20685	982.97321	-655.59271	354.58994	1314.32776	-413.56055	312.07901	-187.04834				51.04361	332.43964	-141.58440	-383.17078	306.41226	-523.54144	
268	2.670	-670.78619	349.80139	1000.63318	89.56805	323.12872	-464.51401	-190.70688	360.53577	1306.66333	-213.47795	354.92010	983.13385	-655.60620	354.48016	1314.72156	-413.69858	312.16364	-186.92090				50.92117	332.31732	-141.44948	-383.60712	306.70493	-523.89709	
269	2.680	-670.60809	349.85437	1000.37598	89.55515	323.15704	-464.44467	-191.03986	360.50552	1306.75427	-213.19804	355.06012	982.98999	-655.76080	354.26352	1314.65320	-413.55316	312.07605	-187.04767				50.85826	332.48865	-141.59700	-383.15933	306.40561	-523.54327	
270	2.690	-670.80823	349.54688	1000.86780	89.52246	323.17490	-464.39774	-190.96602	360.38309	1306.83984	-213.20860	355.07645	982.97797	-655.66907	354.21542	1314.29822	-413.50275	311.92361	-187.05673				51.23672	332.05270	-141.34174	-383.16583	306.40140	-523.54755	
271	2.700	-670.84235	349.53494	1000.85846	89.51186	323.14050	-464.47845	-190.90425	360.33218	1306.69373	-213.32646	355.21643	982.96674	-655.66589	354.23660	1314.30371	-413.50165	311.91266	-187.06328				51.26662	332.05850	-141.30675	-383.17911	306.42905	-523.53223	
272	2.710	-670.57697	349.87622	1000.97668	89.51978	323.11487	-464.54074	-190.60808	360.48022	1306.54419	-213.20634	355.05975	982.99292	-655.60199	354.32162	1313.97400	-413.49500	311.91446	-187.06062				51.06213	332.43701	-141.58296	-383.75375	306.61642	-524.06659	
273	2.720	-670.62952	349.72769	1000.81158	89.48338	323.04767	-464.69635	-190.90257	360.31845	1306.68176	-213.33586	355.21606	982.96442	-655.77374	354.35147	1314.25317	-413.55292	312.08438	-187.04742				51.06347	332.44327	-141.58694	-383.61447	306.71286	-523.89343	
274	2.730	-670.80023	349.79025	1000.62775	89.58708	323.07495	-464.64487	-190.90527	360.32013	1306.69263	-213.31303	355.20477	982.95734	-655.58533	354.58328	1314.33264	-413.37503	311.86584	-187.01205				50.86013	332.46164	-141.60020	-383.17703	306.41873	-523.53857	
275	2.740	-670.59027	349.83875	1000.37439	89.58067	323.10776	-464.56567	-190.98795	360.38037	1306.81201	-213.22063	355.08765	982.99335	-655.59045	354.48932	1314.72510	-413.55521	312.08603	-187.03998				50.85788	332.48611	-141.57777	-383.17365	306.41623	-523.53949	
276	2.750	-670.82410	349.66830	1000.42920	89.59531	323.16650	-464.42740	-191.03902	360.49863	1306.74158	-213.19133	355.06772	982.98749	-655.50739	354.43817	1314.36182	-413.49612	311.91849	-187.06311				51.02036	332.25174	-141.50380	-383.18497	306.43329	-523.53070	
277	2.760	-670.84784	349.54581	1000.86584	89.45533	323.07269	-464.63290	-191.07712	360.48456	1306.73450	-213.21007	355.06027	982.99512	-655.51862	354.45447	1314.36902	-413.86261	311.98828	-186.54085				51.12003	332.26965	-141.43503	-383.19168	306.42505	-523.53766	
278	2.770	-670.58307	349.88177	1000.97656	89.61865	323.01923	-464.78207	-190.94650	360.30133	1306.69507	-213.57552	355.04349	983.09558	-655.76569	354.35843	1314.25964	-413.49261	311.92200	-187.05959				51.05886	332.42462	-141.58466	-383.16360	306.41183	-523.54010	
279	2.780	-670.81635	349.65942	1000.42651	89.47493	323.08331	-464.61011	-190.71317	360.55478	1306.68103	-213.19443	355.08472	982.99896	-655.76935	354.35666	1314.25635	-413.50873	311.92548	-187.05998				50.86954	332.49374	-141.59557	-383.49500	306.37091	-523.89581	
280	2.790	-670.80615	349.66693	1000.43085	89.53179	323.23746	-464.24957	-190.70824	360.55219	1306.67908	-213.21751	355.07794	982.99188	-655.76581	354.35889	1314.26184	-413.40436	312.00574	-186.99181				50.83622	332.49734	-141.63124	-383.61240	306.71805	-523.88953	
281	2.800	-670.85437	349.52258	1000.85736	89.60785	323.17038	-464.41977	-190.61688	360.45755	1306.54553	-213.22562	355.06732	982.99933	-655.75201	354.25839	1314.65881	-413.41037	311.89471	-187.01894				51.05610	332.43814	-141.58952	-383.18713	306.42783	-523.53479	
282	2.810	-670.83997	349.64191	1000.41705	89.53904	323.15674	-464.44330	-190.97797	360.38095	1306.80188	-213.21271	355.06488	982.98547	-655.74524	354.26434	1314.65979	-413.40854	311.89926	-187.01971				50.87528	332.48914	-141.60043	-383.17783	306.42841	-523.53235	
283	2.820	-670.55981	349.98190	1000.53412	89.54461	323.14041	-464.48297	-190.97112	360.38828	1306.81018	-213.21028	355.06284	983.01312	-655.76404	354.25314	1314.65381	-413.37451	311.87799	-187.00623				50.85363	332.48108	-141.59554	-383.16641	306.42102	-523.53467	
284	2.830	-670.82837	349.64880	1000.42004	89.44112	323.13376	-464.48523	-191.05594	360.48886	1306.73706	-213.23399	355.07535	982.97369	-655.67706	354.23923	1314.30286	-413.49365	311.92502	-187.05760				51.04144	332.09741	-141.32899	-383.17682	306.42078	-523.53717	
285	2.840	-670.79474	349.67813	1001.07275	89.52057	323.15070	-464.45526	-190.93193	360.37799	1306.80042	-213.20961	355.06641	983.00208	-655.66119	354.32135	1314.01575	-413.55273	312.08633	-187.04060				51.05043	332.10587	-141.34317	-383.61310	306.70670	-523.89722	
286	2.850	-670.59052	349.74557	1000.82391	89.54013	323.04132	-464.71893	-190.70435	360.53796	1306.65747	-213.35689	355.20383	982.95502	-655.66852	354.19254	1314.28955	-413.49786	311.91504	-187.06541				51.06610	332.10614	-141.33815	-383.16620	306.40961	-523.54218	
287	2.860	-670.57434	349.88666	1000.98004	89.53455	323.16226	-464.42950	-190.63686	360.49435	1306.54724	-213.20215	355.07532	982.98737	-655.75415	354.27042	1314.65955	-413.48846	311.92053	-187.05972				51.03617	332.10968	-141.35593	-383.17487	306.40430	-523.54761	
288	2.870	-670.59192	349.87222	1000.97485	89.58649	323.22061	-464.29706	-190.90680	360.32883	1306.71008	-213.23343	355.07471	982.98444	-655.49841	354.52975	1314.07605	-413.49432	311.91238	-187.06567				51.06113	332.10446	-141.33893	-383.62177	306.71613	-523.89294	
289	2.880	-670.82111	349.69110	1001.07495	89.51295	323.13748	-464.48581	-190.88628	360.32947	1306.69678	-213.58885	355.06265	983.11639	-655.76135	354.35461	1314.25537	-413.55533	312.07806	-187.04552				51.12680	332.27835	-141.45018	-383.17694	306.41620	-523.54022	
290	2.890	-670.85583	349.53571	1000.86249	89.59636	323.18628	-464.38028	-190.89745	360.31693	1306.69788	-213.32602	355.21387	982.95789	-655.60687	354.58292	1314.32556	-413.49774	311.91986	-187.05722				51.25478	332.06616	-141.32916	-383.18198	306.41129	-523.54462	
291	2.900	-670.81427	349.55750	1000.87488	89.55173	323.13083	-464.50677	-190.72659	360.58200	1306.49658	-213.45714	354.92029	983.13062	-655.68280	354.31161	1314.01123	-413.50519	311.92621	-187.05905				51.26451	332.06662	-141.30524	-383.17361	306.43060	-523.52997	
292	2.910	-670.55316	349.88727	1000.98431	89.65620	323.16769	-464.43253	-190.96519	360.36334	1306.81177	-213.20265	355.06497	982.99396	-655.65295	354.23944	1314.30823	-413.49280	311.93091	-187.05771				51.22885	332.05371	-141.32852	-383.17932	306.39215	-523.55670	
293	2.920	-670.61450	349.71741	1000.80621	89.59987	323.11288	-464.55597	-191.09381	360.49927	1306.74768	-213.19714	355.08755	982.99957	-655.39990	354.36633	1314.10632	-413.40683	312.00690	-187.35272				51.24678	332.05054	-141.30081	-383.17624	306.40723	-523.54602	
294	2.930	-670.60040	349.83301	1000.37219	89.44657	323.09106	-464.58789	-190.68776	360.53912	1306.65942	-213.22362	355.10754	982.99487	-655.48865	354.41705	1314.46436	-413.54675	312.08450	-187.04555				51.26762	332.06699	-141.31590	-383.60495	306.69983	-523.89996	
295	2.940	-670.63031	349.73569	1000.81549	89.52515	323.21469	-464.30310	-190.62952	360.49356	1306.53796	-213.20622	355.06509	982.98334	-655.66193	354.22452	1314.30103	-413.46155	312.18750	-187.32974				51.04619	332.10284	-141.34810	-383.60013	306.71405	-523.88947	
296	2.950	-670.82111	349.70181	1001.07898	89.58001	323.11102	-464.55780	-190.97052	360.37491	1306.82813	-213.19005	355.07657	982.97803	-655.48712	354.39935	1314.45947	-413.55841	312.07971	-187.04871				51.24621	332.05292	-141.32834	-383.60590	306.69974	-523.90021	
297	2.960	-670.60675	349.73047	1000.81671	89.62015	323.19595	-464.36038	-190.94254	360.38135	1306.81653	-213.45834	354.89560	983.12433	-655.52673	354.51596	1314.06946	-413.49976	311.91699	-187.06090				51.25789	332.04785	-141.31700	-383.60480	306.70981	-523.89331	
298	2.970	-670.82330	349.69208	1001.07428	89.57452	323.11459	-464.54858	-190.70480	360.56384	1306.67676	-213.32623	355.19760	982.96960	-655.49951	354.18335	1314.01233	-413.40921	312.01349	-187.34912				51.03283	332.11646	-141.34302	-383.17639	306.42300	-523.53558	
299	2.980	-670.58710	349.88101	1000.97717	89.56444	323.18930	-464.36890	-190.68692	360.57346	1306.66138	-213.45299	354.93579	983.13251	-655.65979	354.24231	1314.30359	-413.49152	311.91785	-187.06110				51.01414	332.23477	-141.49583	-383.47083	306.34949	-523.90454	
300	2.990	-670.55280	349.88037	1000.97974	89.44073	323.10248	-464.55991	-190.89824	360.33963	1306.69482	-213.21460	355.05859	982.98969	-655.51752	354.52109	1314.07190	-413.49191	311.91467	-187.06233				51.04339	332.11307	-141.34750	-383.18430	306.41858	-523.54028	
301	3.000	-670.58276	349.88107	1000.97552	89.60738	323.10986	-464.56415	-190.65285	360.48123	1306.54272	-213.19435	355.07346	982.99329	-655.65820	354.21732	1314.30066	-413.37595	311.86795	-187.01004				51.05050	332.09796	-141.35851	-383.17477	306.41040	-523.54358	
302	3.010	-670.84900	349.52832	1000.85571	89.48119	323.15588	-464.43774	-190.96277	360.40994	1306.82422	-213.22530	355.06924	982.98676	-655.75366	354.25870	1314.65515	-413.49512	311.92255	-187.05925				51.05467	332.11496	-141.33650	-383.50000	306.36636	-523.89990	
303	3.020	-670.80487	349.69305	1001.07391	89.66583	323.10291	-464.58850	-190.96786	360.37122	1306.80652	-213.20692	355.06271	982.97626	-655.60492	354.19711	1314.36121	-413.51123	311.91614	-187.06262				51.27078	332.07349	-141.32079	-383.18500	306.41904	-523.54016	
304	3.030	-670.60303	349.82651	1000.37030	89.57764	323.17279	-464.41003	-190.96211	360.37283	1306.81567	-213.21371	355.05502	982.99243	-655.68683	354.22855	1314.29663	-413.39456	312.01938	-187.34456				51.12132	332.26733	-141.43074	-383.17236	306.40375	-523.54742	
305	3.040	-670.61163	349.70670	1000.80719	89.49567	323.13501	-464.48941	-190.97293	360.39365	1306.81128	-213.21536	355.07474	982.99597	-655.52051	354.41745	1314.35754	-413.37540	311.86130	-187.01508				51.26027	332.05264	-141.31979	-383.16797	306.41721	-523.53754	
306	3.050	-670.83063	349.55350	1000.87048	89.50937	323.13531	-464.49054	-190.89651	360.33167	1306.69397	-213.19231	355.08646	982.98468	-655.49817	354.43234	1314.36255	-413.55670	312.08582	-187.04408				51.05020	332.10947	-141.34306	-383.17712	306.41611	-523.54034	
307	3.060	-670.63708	349.71365	1000.80164	89.56470	323.08490	-464.61813	-190.99817	360.37085	1306.81750	-213.20485	355.06369	982.98901	-655.52618	354.17334	1314.00903	-413.56131	312.07440	-187.04967				51.24862	332.06921	-141.30606	-383.17303	306.42145	-523.53589	
308	3.070	-670.83374	349.52304	1000.85785	89.49570	323.06912	-464.64673	-190.70615	360.56525	1306.67151	-213.48134	354.92651	983.11963	-655.65710	354.21533	1314.29675	-413.37067	311.87283	-187.01134				51.25772	332.05902	-141.31244	-383.49728	306.37091	-523.89630	
309	3.080	-670.81671	349.68634	1001.06775	89.48769	323.11807	-464.52884	-190.98669	360.38208	1306.81738	-213.22940	355.08704	982.99646	-655.51385	354.43079	1314.36011	-413.40216	312.00891	-186.98729				51.25644	332.06317	-141.32797	-383.16418	306.39740	-523.54980	
310	3.090	-670.84344	349.53406	1000.86035	89.52265	323.10648	-464.56116	-190.62927	360.50266	1306.56055	-213.58846	355.05862	983.11115	-655.49597	354.53098	1314.07568	-413.50189	311.91589	-187.06114				51.04906	332.12115	-141.34210	-383.51797	306.38229	-523.89343	
311	3.100	-670.84351	349.52151	1000.85638	89.60055	323.14297	-464.48422	-190.96962	360.40375	1306.82959	-213.21761	355.09167	982.98846	-655.59320	354.47733	1314.05176	-413.49939	311.92456	-187.05878				51.26480	332.06317	-141.31564	-383.18555	306.41882	-523.54041	
312	3.110	-670.62982	349.71198	1000.80341	89.55438	323.10492	-464.56897	-190.61234	360.47440	1306.54504	-213.22067	355.05457	982.97961	-655.50146	354.52252	1314.07458	-413.55026	312.08737	-187.04132				51.24839	332.04807	-141.32480	-383.49603	306.36414	-523.90051	
313	3.120	-670.57202	349.87970	1000.97876	89.48617	323.12424	-464.51389	-190.61853	360.50003	1306.53833	-213.22426	355.07449	982.97778	-655.67090	354.30646	1314.01233	-413.50201	311.91312	-187.06070				51.26090	332.04507	-141.31783	-383.16556	306.39752	-523.55005	
314	3.130	-670.58246	349.86572	1000.97412	89.56225	323.12238	-464.52841	-190.88756	360.33124	1306.70190	-213.31757	355.20441	982.96893	-655.67047	354.22476	1314.30127	-413.49365	311.91946	-187.05954				51.01587	332.24908	-141.51025	-383.17358	306.41568	-523.53979	
315	3.140	-670.60913	349.72769	1000.81464	89.66580	323.17352	-464.41989	-190.90369	360.35281	1306.70081	-213.34488	355.21188	982.96759	-655.75836	354.26428	1314.65857	-413.55969	312.08112	-187.04314				51.26291	332.06631	-141.33415	-383.16306	306.42270	-523.53284	
316	3.150	-670.83521	349.53674	1000.86029	89.41930	323.09839	-464.56683	-190.89288	360.33475	1306.71033	-213.33496	355.19797	982.97272	-655.52728	354.51730	1314.07422	-413.56277	312.07581	-187.05031				51.11583	332.28174	-141.44994	-383.48529	306.35257	-523.90576	
317	3.160	-670.84387	349.67490	1001.06427	89.62556	323.13141	-464.51511	-190.90573	360.33795	1306.70618	-213.32813	355.21924	982.95721	-655.75568	354.36374	1314.26367	-413.50760	311.91092	-187.06364				50.90947	332.32709	-141.45628	-383.16965	306.42706	-523.53137	
318	3.170	-670.56116	349.88989	1000.98328	89.53093	323.20859	-464.31842	-190.91399	360.31754	1306.69617	-213.33948	355.21579	982.96027	-655.57379	354.58389	1314.32813	-413.40839	312.01743	-186.98923				50.91297	332.32330	-141.44292	-383.18762	306.42200	-523.53876	
319	3.180	-670.63336	349.70819	1000.80493	89.61572	323.13089	-464.51508	-190.95752	360.39819	1306.82104	-213.19836	355.06918	982.98999	-655.76672	354.34735	1314.25476	-413.50247	311.91296	-187.06403				50.92851	332.32913	-141.44746	-383.16742	306.40649	-523.54449	
320	3.190	-670.61884	349.70264	1000.80194	89.65456	323.04587	-464.72321	-190.70164	360.51523	1306.66724	-213.33159	355.20795	982.95587	-655.67737	354.30246	1314.00891	-413.56180	312.08582	-187.04422				50.84314	332.47037	-141.61855	-383.16977	306.40698	-523.54474	
321	3.200	-670.55048	350.01508	1000.54846	89.45325	322.98074	-464.85217	-190.98744	360.39215	1306.82153	-213.47191	354.90042	983.13586	-655.75220	354.35727	1314.25916	-413.55530	312.07462	-187.04845				51.08274	332.45032	-141.57965	-383.61945	306.71393	-523.89386	
322	3.210	-670.61780	349.83151	1000.37018	89.46409	323.05481	-464.67673	-190.96506	360.38611	1306.81128	-213.61095	355.03909	983.10175	-655.75842	354.27838	1314.66272	-413.55725	312.09128	-187.03929				50.86659	332.48254	-141.60919	-383.18060	306.42914	-523.53247	
323	3.220	-670.61694	349.85562	1000.37567	89.54532	323.15179	-464.45593	-190.70354	360.54028	1306.68945	-213.21127	355.04349	982.98010	-655.75739	354.36978	1314.25830	-413.55756	312.08301	-187.04112				50.85482	332.48914	-141.60591	-383.17093	306.40891	-523.54370	
324	3.230	-670.81464	349.63361	1000.41382	89.50555	323.15103	-464.45248	-190.95883	360.38629	1306.81396	-213.20781	355.04266	982.97711	-655.75476	354.26599	1314.65991	-413.56888	312.07843	-187.04971				50.83852	332.47678	-141.61681	-383.61212	306.71405	-523.89215	
325	3.240	-670.56030	349.99469	1000.53979	89.44200	323.15686	-464.43024	-190.71278	360.54037	1306.67200	-213.46480	354.93564	983.12598	-655.75604	354.27206	1314.66052	-413.42297	312.00479	-186.99066				50.86182	332.48328	-141.60097	-383.62225	306.72342	-523.88818	
326	3.250	-670.79333	349.80783	1000.63971	89.59612	323.08539	-464.62115	-190.97285	360.37558	1306.81006	-213.19365	355.08701	982.99304	-655.74915	354.26297	1314.65979	-413.41495	312.00577	-186.98999				50.85822	332.48383	-141.59991	-383.17987	306.41678	-523.54053	
327	3.260	-670.79272	349.79990	1000.63361	89.43635	323.09253	-464.58304	-190.98331	360.39160	1306.82751	-213.22690	355.07031	982.99237	-655.75195	354.27097	1314.66064	-413.55637	312.07431	-187.05054				50.84386	332.47058	-141.62433	-383.18073	306.42380	-523.53607	
328	3.270	-670.59564	349.81973	1000.36652	89.54685	323.08267	-464.62109	-190.98767	360.36795	1306.80176	-213.21767	355.07196	982.98975	-655.60059	354.49237	1314.72217	-413.38925	311.86298	-187.01660				50.85152	332.46268	-141.61595	-383.15482	306.40063	-523.54559	
329	3.280	-670.58472	349.86469	1000.96997	89.54522	323.18826	-464.36880	-190.94785	360.38525	1306.81458	-213.20212	355.06467	982.97968	-655.75256	354.27588	1314.65906	-413.49561	311.91763	-187.05937				51.21228	332.19745	-141.48486	-383.17587	306.42841	-523.53192	
330	3.290	-670.62762	349.73315	1000.81396	89.63622	323.05463	-464.69989	-190.98026	360.37915	1306.81934	-213.46852	354.91107	983.14349	-655.51727	354.44247	1314.36255	-413.38980	311.86285	-187.01602				51.24081	332.21658	-141.47479	-383.49741	306.35684	-523.90564	
331	3.300	-670.84869	349.52872	1000.85608	89.56960	323.09988	-464.58307	-190.68779	360.55722	1306.67590	-213.22079	355.07211	982.99121	-655.48975	354.43930	1314.36682	-413.55585	312.08310	-187.04411				51.04923	332.10999	-141.36156	-383.50037	306.35324	-523.90869	
332	3.310	-670.62299	349.69562	1000.80347	89.42043	323.09473	-464.57571	-190.71336	360.53656	1306.67395	-213.32942	355.20792	982.96204	-655.67493	354.30624	1314.00806	-413.48871	311.91617	-187.06319				51.05072	332.08817	-141.35141	-383.62930	306.71487	-523.89545	
333	3.320	-670.55298	349.88306	1000.98029	89.54308	323.08896	-464.60565	-190.90756	360.31598	1306.68665	-213.34062	355.22607	982.96332	-655.51025	354.52402	1314.07239	-413.41187	312.00537	-186.99155				50.91747	332.31573	-141.44980	-383.16492	306.41980	-523.53516	
334	3.330	-670.54541	349.90369	1000.98828	89.55685	323.13870	-464.48871	-190.61139	360.49265	1306.54810	-213.32394	355.20236	982.96704	-655.74097	354.34500	1314.25916	-413.49713	311.91159	-187.06218				50.92110	332.32211	-141.44110	-383.15564	306.42297	-523.53094	
335	3.340	-670.56812	349.87729	1000.98041	89.64300	323.11154	-464.56485	-190.90073	360.33432	1306.68811	-213.31287	355.20288	982.96198	-655.98492	354.29480	1314.22046	-413.50003	311.90997	-187.06282				51.05872	332.43655	-141.58031	-383.47952	306.35394	-523.90356	
336	3.350	-670.61438	349.83380	1000.36945	89.59528	323.14606	-464.47617	-191.00250	360.39624	1306.81433	-213.21432	355.07675	982.99762	-655.73779	354.37091	1314.26147	-413.56857	312.07352	-187.04930				51.07513	332.43286	-141.57033	-383.16699	306.40085	-523.54816	
337	3.360	-670.60852	349.82932	1000.37146	89.65372	323.09442	-464.60715	-190.97029	360.37399	1306.82117	-213.21919	355.07220	982.98560	-655.75708	354.37213	1314.26404	-413.55899	312.07745	-187.04926				50.85294	332.48465	-141.61572	-383.16367	306.41037	-523.54114	
338	3.370	-670.83356	349.52951	1000.85632	89.55922	323.10129	-464.57834	-190.99174	360.36105	1306.80835	-213.33630	355.21649	982.95831	-655.76080	354.25714	1314.65320	-413.63745	312.00198	-186.93092				51.04385	332.43793	-141.57741	-383.48883	306.35175	-523.90710	
339	3.380	-670.79883	349.65427	1000.42560	89.37748	323.06195	-464.64838	-190.97025	360.39017	1306.80566	-213.45021	354.90799	983.12207	-655.76044	354.26495	1314.65454	-413.50415	311.90979	-187.06488				51.07236	332.44122	-141.58400	-383.18884	306.41904	-523.54102	
340	3.390	-670.63373	349.72412	1000.81171	89.57105	323.10220	-464.57770	-190.72368	360.56754	1306.67102	-213.22449	355.06107	982.99347	-655.76868	354.25162	1314.65112	-413.50327	311.91534	-187.06125				51.06471	332.45395	-141.57796	-383.61838	306.71951	-523.88995	
341	3.400	-670.59351	349.82907	1000.37061	89.61197	323.15146	-464.46545	-190.97997	360.38220	1306.81299	-213.58606	355.05743	983.11487	-655.76288	354.25073	1314.65283	-413.56528	312.08282	-187.04590				51.01716	332.26160	-141.50584	-383.17596	306.41483	-523.54089	
342	3.410	-670.54700	349.99612	1000.54596	89.51081	323.09454	-464.58804	-190.96686	360.37747	1306.82532	-213.21774	355.08081	982.99194	-655.75568	354.34262	1314.25757	-413.69675	312.16687	-186.91515				51.06629	332.44238	-141.58864	-383.17438	306.40652	-523.54608	
343	3.420	-670.59473	349.83563	1000.37329	89.48599	323.14899	-464.45483	-190.97147	360.36731	1306.80200	-213.20181	355.07101	982.99994	-655.75977	354.26489	1314.65723	-413.55139	312.08408	-187.04482				51.06714	332.42856	-141.56926	-383.18283	306.41367	-523.54321	
344	3.430	-670.60913	349.83051	1000.37201	89.49527	323.08411	-464.61093	-190.98279	360.40546	1306.81897	-213.20343	355.07855	982.99164	-655.76740	354.26834	1314.65796	-413.51266	311.91605	-187.06082				50.83322	332.47345	-141.63834	-383.16397	306.42300	-523.53278	
345	3.440	-670.54126	349.98941	1000.53870	89.68639	323.14636	-464.48749	-190.96474	360.38919	1306.80957	-213.20744	355.08554	983.00354	-655.60181	354.22232	1314.37073	-413.64417	311.99704	-186.93370				50.86135	332.47232	-141.59900	-383.17554	306.41580	-523.54016	
346	3.450	-670.59088	349.85443	1000.37958	89.53105	323.14404	-464.47256	-191.07555	360.47934	1306.72754	-213.48819	354.91461	983.12787	-655.74481	354.27469	1314.66321	-413.93790	312.17566	-186.54997				50.86475	332.48138	-141.59636	-383.16422	306.41672	-523.53705	
347	3.460	-670.55585	349.99133	1000.53412	89.43299	323.12057	-464.51566	-190.96442	360.37061	1306.81104	-213.20984	355.06314	982.96692	-655.66736	354.23016	1314.30090	-413.49408	311.91104	-187.06471				51.24762	332.05872	-141.32236	-383.17722	306.41620	-523.54028	
348	3.470	-670.82324	349.51944	1000.86133	89.60393	323.12769	-464.52115	-190.95331	360.38745	1306.81506	-213.20490	355.05203	982.98651	-655.60626	354.48212	1314.71924	-413.49484	311.91306	-187.06392				51.25151	332.06467	-141.32059	-383.17780	306.41916	-523.53845	
349	3.480	-670.82910	349.53296	1000.85992	89.54330	323.10046	-464.57822	-190.97105	360.40314	1306.81287	-213.21043	355.08575	982.99786	-655.66882	354.20911	1314.29041	-413.28146	311.96655	-187.29997				51.01519	332.25656	-141.50493	-383.50650	306.37402	-523.89630	
350	3.490	-670.53815	349.87543	1000.97632	89.49731	323.08762	-464.60278	-190.93990	360.38046	1306.81140	-213.45183	354.90109	983.12927	-655.51654	354.15164	1314.00293	-413.50711	311.92010	-187.05966				51.04013	332.09619	-141.35489	-383.16510	306.40024	-523.54816	
351	3.500	-670.56500	350.01038	1000.54395	89.59150	323.09106	-464.60696	-190.94853	360.38419	1306.81799	-213.20601	355.06879	982.98663	-655.67181	354.21967	1314.29785	-413.45621	312.17554	-187.33267				51.05995	332.11462	-141.36134	-383.17276	306.43060	-523.52972	
352	3.510	-670.55194	349.87613	1000.97668	89.46993	323.02798	-464.74158	-190.98955	360.37665	1306.79944	-213.21519	355.09061	982.99615	-655.74390	354.27206	1314.66174	-413.49475	311.91855	-187.05862				51.01761	332.24643	-141.51471	-383.47882	306.34848	-523.90704	
353	3.520	-670.85321	349.51895	1000.85364	89.45499	323.09567	-464.57803	-190.88518	360.32925	1306.70020	-213.60564	355.06088	983.10486	-655.58185	354.48706	1314.72729	-413.55923	312.08163	-187.04575				51.25896	332.05731	-141.32739	-383.48746	306.35938	-523.90173	
354	3.530	-670.84448	349.53113	1000.85876	89.63822	323.13559	-464.50687	-190.95908	360.37537	1306.80518	-213.33670	355.18845	982.95996	-655.66779	354.22110	1314.30017	-413.50497	311.91791	-187.06102				51.04108	332.09073	-141.35683	-383.15735	306.41672	-523.53546	
355	3.540	-670.83807	349.69287	1001.07428	89.57878	323.07602	-464.64124	-190.97774	360.36938	1306.81091	-213.20622	355.07050	982.99146	-655.39404	354.36108	1314.10547	-413.32452	312.09503	-187.28566				50.90807	332.31842	-141.46281	-383.60635	306.71027	-523.89337	
356	3.550	-670.54846	349.90219	1000.98865	89.52370	323.14270	-464.47479	-190.99551	360.37225	1306.81360	-213.57782	355.04321	983.10327	-655.50635	354.43530	1314.36389	-413.47263	312.17175	-187.33662				51.22506	332.21179	-141.49052	-383.16537	306.40955	-523.54205	
357	3.560	-670.55939	349.87659	1000.97803	89.57045	323.10770	-464.56451	-190.95241	360.41913	1306.81812	-213.19844	355.06808	982.97693	-655.67847	354.22668	1314.30078	-413.51123	311.91458	-187.06271				51.24294	332.04846	-141.32071	-383.17334	306.40634	-523.54596	
358	3.570	-670.54730	349.87091	1000.97833	89.51337	323.14026	-464.47922	-190.63875	360.48257	1306.58142	-213.32710	355.20630	982.95569	-655.51898	354.51895	1314.07288	-413.55460	312.08231	-187.04515				51.02426	332.26370	-141.50755	-383.74057	306.59024	-524.08093	
359	3.580	-670.59155	349.85049	1000.37787	89.62019	323.13660	-464.50208	-190.59242	360.48544	1306.55701	-213.31235	355.20233	982.96472	-655.58875	354.58994	1314.33191	-413.55905	312.07797	-187.04640				51.07074	332.44775	-141.56764	-383.61099	306.71115	-523.89380	
360	3.590	-670.83051	349.52692	1000.85803	89.54125	323.14294	-464.47653	-190.94705	360.36462	1306.81616	-213.20740	355.05844	982.98938	-655.60352	354.48044	1314.71912	-413.55637	312.08231	-187.04553				50.86034	332.47632	-141.59729	-383.15942	306.42737	-523.52887	
361	3.600	-670.80597	349.64404	1000.41949	89.57523	323.14307	-464.48065	-191.08679	360.49173	1306.74597	-213.19983	355.08698	982.99231	-655.50830	354.45184	1314.36914	-413.42139	312.01077	-187.35083				51.06457	332.10858	-141.33603	-383.15884	306.40701	-523.54224	
362	3.610	-670.61517	349.73080	1000.81403	89.56888	323.12158	-464.53113	-190.96117	360.38324	1306.82959	-213.22356	355.05704	982.98029	-655.60211	354.21799	1314.36987	-413.49911	311.91006	-187.06438				51.21749	332.20267	-141.49246	-383.16962	306.41190	-523.54144	
363	3.620	-670.61682	349.72855	1000.81689	89.64529	323.17801	-464.40649	-191.07968	360.50351	1306.75525	-213.20860	355.07687	982.98041	-655.66766	354.21649	1314.29749	-413.49716	311.91354	-187.06073				51.22253	332.20010	-141.47635	-383.16833	306.42239	-523.53418	
364	3.630	-670.60669	349.73010	1000.81848	89.55539	323.05826	-464.68057	-190.93564	360.36496	1306.82349	-213.23125	355.06839	982.98114	-655.75964	354.25577	1314.65369	-413.55713	312.07913	-187.04948				51.04827	332.09760	-141.34778	-383.16891	306.42206	-523.53455	
365	3.640	-670.61475	349.72693	1000.80664	89.57195	323.07932	-464.63242	-190.62036	360.49500	1306.55054	-213.33334	355.20425	982.95831	-655.57874	354.59064	1314.32959	-413.55991	312.08698	-187.04338				51.24500	332.21124	-141.48227	-383.64304	306.71585	-523.89783	
366	3.650	-670.81140	349.69302	1001.07239	89.53832	323.08521	-464.61395	-190.88715	360.28741	1306.68042	-213.33043	355.20126	982.95862	-655.51129	354.44693	1314.36865	-413.36902	311.87228	-187.01128				50.92379	332.32361	-141.46207	-383.46045	306.34735	-523.90369	
367	3.660	-670.83527	349.53787	1000.86090	89.57684	323.14514	-464.47595	-190.61977	360.49374	1306.54895	-213.22543	355.06586	982.98413	-655.58771	354.57211	1314.32422	-413.49454	311.91241	-187.06349				51.07117	332.44852	-141.59033	-383.49231	306.38055	-523.88879	
368	3.670	-670.53107	350.01257	1000.54767	89.62702	323.05807	-464.69043	-190.98315	360.36731	1306.80493	-213.47429	354.89398	983.11145	-655.75269	354.25287	1314.65405	-413.50397	311.91418	-187.06427				51.05960	332.42935	-141.57339	-383.49020	306.37399	-523.89270	
369	3.680	-670.81311	349.64465	1000.42169	89.55517	323.17664	-464.39792	-190.95952	360.39810	1306.82300	-213.18880	355.07291	982.97540	-655.59863	354.47879	1314.71948	-413.51331	311.92249	-187.06071				51.06735	332.45700	-141.57471	-383.48767	306.37012	-523.89465	
370	3.690	-670.79602	349.66046	1000.42883	89.47469	323.14978	-464.45139	-190.97552	360.38354	1306.82275	-213.47276	354.90955	983.12396	-655.59186	354.49014	1314.72278	-413.56860	312.07635	-187.04935				50.85918	332.48676	-141.61520	-383.16745	306.41147	-523.54126	
371	3.700	-670.55896	350.00491	1000.54193	89.54802	323.21140	-464.31393	-190.67499	360.54095	1306.67358	-213.22118	355.07468	982.99744	-655.59857	354.49680	1314.72876	-413.49738	311.91687	-187.06058				51.05395	332.11191	-141.34824	-383.16928	306.42957	-523.52966	
372	3.710	-670.54132	350.00006	1000.54297	89.60192	323.13147	-464.51190	-190.71880	360.54590	1306.65662	-213.21623	355.07373	982.97998	-655.74847	354.26282	1314.65637	-413.51080	311.91989	-187.05501				51.21642	332.20483	-141.47235	-383.16769	306.41772	-523.53717	
373	3.720	-670.79089	349.80099	1000.63391	89.69308	323.06488	-464.68286	-190.96616	360.38998	1306.81104	-213.44861	354.92554	983.12219	-655.65295	354.22064	1314.30359	-413.64758	311.99619	-186.93134				51.24636	332.20819	-141.48248	-383.60944	306.70450	-523.89789	
374	3.730	-670.78564	349.80371	1000.63983	89.68887	323.12772	-464.53229	-190.70239	360.51788	1306.66846	-213.18947	355.07846	982.99475	-655.75470	354.26898	1314.66101	-413.49899	311.91452	-187.06038				51.22739	332.19977	-141.50194	-383.16177	306.41357	-523.53857	
375	3.740	-670.84216	349.52826	1000.85718	89.48621	323.03784	-464.72021	-190.94772	360.38171	1306.81104	-213.21805	355.07593	982.98584	-655.65607	354.02637	1313.94617	-413.94394	312.18915	-186.53668				51.27513	332.07794	-141.32390	-383.16833	306.41132	-523.54150	
376	3.750	-670.83862	349.53210	1000.85779	89.46516	323.00815	-464.78833	-190.95651	360.38116	1306.82300	-213.20937	355.06424	982.99304	-655.51422	354.16333	1314.00671	-413.64136	311.86819	-187.14760				51.01064	332.24747	-141.51254	-383.48444	306.35818	-523.90186	
377	3.760	-670.63312	349.72021	1000.80713	89.52421	323.14667	-464.46539	-190.74271	360.54990	1306.66968	-213.21449	355.06879	982.98639	-655.49402	354.45187	1314.36914	-413.49365	311.91705	-187.05971				51.23360	332.20590	-141.49780	-383.17450	306.40509	-523.54706	
378	3.770	-670.82074	349.64893	1000.42224	89.66173	323.11862	-464.55045	-190.94588	360.38956	1306.80676	-213.21111	355.07776	982.99133	-655.76117	354.26517	1314.65564	-413.41202	312.00613	-186.99101				51.02014	332.24567	-141.50955	-383.18268	306.41925	-523.53949	
379	3.780	-670.80396	349.65366	1000.42090	89.57478	323.07663	-464.63925	-190.95531	360.37088	1306.81567	-213.23041	355.08923	983.00885	-655.65131	354.23767	1314.30396	-413.49600	311.91544	-187.06055				50.86927	332.48657	-141.62244	-383.17484	306.41959	-523.53754	
380	3.790	-670.81122	349.65039	1000.42322	89.49115	323.02835	-464.74353	-190.68321	360.57510	1306.69080	-213.58952	355.04910	983.08972	-655.75934	354.26263	1314.65674	-413.41010	312.00174	-186.99345				50.84235	332.47134	-141.61963	-383.60971	306.71231	-523.89276	
381	3.800	-670.61395	349.72946	1000.81201	89.59641	323.11990	-464.53876	-190.67661	360.53290	1306.67102	-213.31284	355.22165	982.97089	-655.76056	354.34134	1314.25317	-413.56244	312.07825	-187.04634				50.85545	332.46158	-141.61063	-383.16330	306.40848	-523.54230	
382	3.810	-670.81152	349.81259	1000.63715	89.49085	323.04370	-464.70682	-190.95920	360.39551	1306.81763	-213.22076	355.06720	982.98383	-655.74207	354.37079	1314.26575	-413.55841	312.08157	-187.04369				50.85058	332.47260	-141.60883	-383.16293	306.42487	-523.53137	
383	3.820	-670.60480	349.83514	1000.37384	89.58582	323.09473	-464.59750	-190.98834	360.38913	1306.81702	-213.45961	354.91199	983.14484	-655.59656	354.49161	1314.72461	-413.50272	311.91302	-187.06310				50.85944	332.48291	-141.60262	-383.17941	306.41565	-523.54114	
384	3.830	-670.82031	349.64053	1000.41962	89.41312	323.09961	-464.56308	-190.98581	360.37402	1306.79846	-213.20151	355.06931	982.97278	-655.59222	354.21375	1314.37000	-413.49683	311.91821	-187.05843				50.85962	332.48892	-141.61177	-383.16846	306.39700	-523.55103	
385	3.840	-670.58112	349.84818	1000.37811	89.51390	323.09888	-464.57813	-190.96301	360.38297	1306.81677	-213.22716	355.05945	982.99780	-655.65918	354.21576	1314.29736	-413.50824	311.92426	-187.05515				50.99614	332.21649	-141.50955	-383.63086	306.72339	-523.89014	
386	3.850	-670.62500	349.85196	1000.37592	89.49889	323.09494	-464.58551	-190.96190	360.36099	1306.82214	-213.20724	355.07684	982.99017	-655.74524	354.27509	1314.66394	-413.50525	311.91223	-187.06076				51.04179	332.11349	-141.36421	-383.17212	306.40726	-523.54504	
387	3.860	-670.80920	349.64584	1000.42261	89.57078	323.16760	-464.42154	-190.68552	360.54932	1306.67419	-213.46786	354.90121	983.11755	-655.67572	354.21967	1314.29919	-413.56888	312.08075	-187.04698				51.05345	332.10516	-141.35216	-383.17484	306.40353	-523.54816	
388	3.870	-670.81195	349.65384	1000.42651	89.60850	323.09982	-464.58829	-190.96590	360.37411	1306.79907	-213.18727	355.06729	982.98669	-655.77789	354.26157	1314.65344	-413.47018	312.18546	-187.32938				51.04816	332.42371	-141.57071	-383.18240	306.42545	-523.53534	
389	3.880	-670.81763	349.65332	1000.42206	89.52127	323.08206	-464.61920	-190.95969	360.39700	1306.80933	-213.22227	355.07852	982.99622	-655.51251	354.16403	1314.00439	-413.49863	311.91327	-187.06319				51.02916	332.26389	-141.51099	-383.18158	306.41299	-523.54340	
390	3.890	-670.60693	349.81949	1000.36658	89.58720	323.08597	-464.61856	-190.96251	360.40039	1306.80164	-213.21362	355.07510	982.98743	-655.39728	354.36575	1314.10535	-413.94431	312.17780	-186.54103				51.05935	332.45535	-141.60008	-383.18524	306.42770	-523.53448	
391	3.900	-670.58435	349.73218	1000.81366	89.58173	323.12347	-464.52835	-190.67430	360.55176	1306.67883	-213.20461	355.08069	983.00110	-655.60834	354.47568	1314.71838	-413.40402	312.01297	-187.34726				51.20742	332.20035	-141.48822	-383.60974	306.69733	-523.90271	
392	3.910	-670.52484	350.00192	1000.54541	89.45103	323.05972	-464.66327	-191.07597	360.50885	1306.74585	-213.21062	355.07123	982.99921	-655.50897	354.15326	1314.00244	-413.63800	311.99033	-186.93649				51.06005	332.09872	-141.34793	-383.18320	306.42319	-523.53699	
393	3.920	-670.80481	349.65314	1000.42560	89.65524	323.07196	-464.66098	-190.70073	360.55829	1306.67102	-213.45361	354.92612	983.14575	-655.59888	354.48242	1314.72339	-413.70773	312.16022	-186.91779				51.01788	332.24857	-141.50969	-383.19370	306.40668	-523.55029	
394	3.930	-670.59167	349.84882	1000.37683	89.55693	323.21985	-464.29492	-190.95998	360.38608	1306.82654	-213.21378	355.08768	982.97333	-655.59369	354.20154	1314.36218	-413.49796	311.92068	-187.05959				51.03742	332.43073	-141.58945	-383.16190	306.41541	-523.53735	
395	3.940	-670.54114	349.98853	1000.54266	89.63418	323.15268	-464.46552	-190.96060	360.40475	1306.82410	-213.21095	355.07028	982.97919	-655.76709	354.25034	1314.65137	-413.49387	311.92645	-187.05936				50.86307	332.47217	-141.60641	-383.17569	306.42288	-523.53552	
396	3.950	-670.59723	349.85684	1000.38025	89.46783	323.02280	-464.75363	-190.86707	360.31219	1306.68445	-213.20790	355.08176	982.98865	-655.58466	354.58069	1314.32825	-413.38010	311.87634	-187.00636				50.84444	332.48126	-141.60042	-383.15231	306.40009	-523.54535	
397	3.960	-670.55322	350.01172	1000.55023	89.53818	323.11069	-464.55313	-190.71217	360.53671	1306.67358	-213.19672	355.05960	982.97693	-655.75061	354.24838	1314.65381	-413.40945	312.01437	-186.98549				51.13721	332.28741	-141.43608	-383.17935	306.41400	-523.54224	
398	3.970	-670.77734	349.80634	1000.63739	89.47231	323.08356	-464.60925	-190.98936	360.38675	1306.82214	-213.20897	355.06604	982.98236	-655.76184	354.26993	1314.66187	-413.37247	311.86731	-187.01276				50.86758	332.48407	-141.61179	-383.49850	306.35785	-523.90521	
399	3.980	-670.79639	349.65866	1000.42682	89.43246	323.02603	-464.74127	-190.97244	360.40881	1306.82837	-213.45538	354.91806	983.12799	-655.61035	354.47574	1314.71790	-413.40762	312.01151	-186.99023				50.86137	332.48059	-141.60567	-383.16080	306.40146	-523.54639	
400	3.990	-670.80829	349.65070	1000.42804	89.71782	323.16205	-464.45419	-190.96487	360.38425	1306.81531	-213.20906	355.07120	982.99274	-655.61053	354.48047	1314.72266	-413.50342	311.91895	-187.05930				50.84624	332.47479	-141.61682	-383.18130	306.41132	-523.54443	
401	4.000	-670.53467	350.00854	1000.54755	89.56742	323.10580	-464.56860	-190.88486	360.30701	1306.70630	-213.20819	355.07532	983.00348	-655.48865	354.50436	1314.06897	-413.56107	312.07425	-187.04823				50.85514	332.47318	-141.60889	-383.17963	306.41156	-523.54388	
402	4.010	-670.61639	349.84399	1000.37335	89.54534	323.07333	-464.64322	-190.98712	360.37512	1306.80750	-213.19615	355.06223	982.99335	-655.76233	354.34940	1314.26025	-413.50430	311.91592	-187.06435				51.05246	332.42096	-141.58772	-383.17099	306.42227	-523.53485	
403	4.020	-670.82593	349.65295	1000.42322	89.66509	323.16669	-464.43613	-190.94548	360.39743	1306.82727	-213.45363	354.92468	983.11981	-655.74829	354.35971	1314.26062	-413.58405	312.00766	-187.07846				51.05863	332.43478	-141.58485	-383.15799	306.40564	-523.54297	
404	4.030	-670.57635	350.00412	1000.54382	89.62463	323.11899	-464.54471	-190.98874	360.38794	1306.82520	-213.18944	355.06436	982.98840	-655.75934	354.26065	1314.65588	-413.50116	311.91245	-187.06230				50.86541	332.47916	-141.60556	-383.18097	306.40869	-523.54608	
405	4.040	-670.59338	349.84232	1000.37610	89.61559	323.15475	-464.45807	-190.99117	360.37793	1306.80688	-213.20313	355.06012	982.98645	-655.59546	354.48047	1314.72229	-413.49457	311.91599	-187.06165				50.84747	332.47772	-141.62958	-383.16757	306.40570	-523.54510	
406	4.050	-670.81348	349.64093	1000.41931	89.47390	323.17166	-464.39908	-190.96822	360.38080	1306.80811	-213.19565	355.06039	982.98462	-655.75098	354.25754	1314.65515	-413.49789	311.92932	-187.05566				51.06576	332.44000	-141.58580	-383.16241	306.40781	-523.54254	
407	4.060	-670.60181	349.84512	1000.37231	89.57335	323.13004	-464.51154	-190.98050	360.40091	1306.81873	-213.18416	355.05499	982.98669	-655.50641	354.45496	1314.36707	-413.49246	311.91840	-187.05972				51.25110	332.06818	-141.32722	-383.18060	306.40530	-523.54828	
408	4.070	-670.56561	349.88376	1000.98029	89.56240	323.06860	-464.65677	-190.63373	360.48627	1306.54590	-213.20418	355.05911	982.98248	-655.65198	354.21286	1314.29749	-413.56570	312.07169	-187.04994				51.27441	332.07297	-141.32860	-383.16888	306.41483	-523.53937	
409	4.080	-670.84296	349.69205	1001.07129	89.55751	323.09814	-464.58557	-190.61432	360.47073	1306.55908	-213.33296	355.20831	982.95416	-655.75336	354.36032	1314.26196	-413.49005	311.92697	-187.05466				50.91239	332.32330	-141.46176	-383.48941	306.35840	-523.90283	
410	4.090	-670.83960	349.52698	1000.85919	89.55566	323.03769	-464.72971	-190.60457	360.48260	1306.55640	-213.30827	355.21268	982.95435	-655.75146	354.34787	1314.25378	-413.42111	312.00485	-186.99039				51.06247	332.44342	-141.58786	-383.16901	306.40359	-523.54681	
411	4.100	-670.56110	349.90225	1000.98560	89.53695	323.12195	-464.52609	-190.66129	360.47559	1306.53259	-213.34618	355.21606	982.96155	-655.60852	354.31189	1313.97363	-413.49484	311.92160	-187.05626				50.83805	332.47653	-141.61916	-383.49118	306.36328	-523.90002	
412	4.110	-670.81238	349.64536	1000.42041	89.55118	323.09995	-464.58044	-190.96605	360.39218	1306.81079	-213.47971	354.91779	983.13782	-655.75677	354.27399	1314.65698	-413.37363	311.87521	-187.00558				50.92389	332.32593	-141.47020	-383.16562	306.42081	-523.53467	
413	4.120	-670.62604	349.82855	1000.36542	89.71903	323.08771	-464.63181	-190.94862	360.37057	1306.81018	-213.20726	355.07333	982.99719	-655.74493	354.26794	1314.65796	-413.31366	312.10785	-187.28328				51.05202	332.10861	-141.36752	-383.15256	306.40536	-523.54193	
414	4.130	-670.82239	349.68665	1001.07465	89.54275	323.15222	-464.45456	-190.97060	360.37482	1306.81689	-213.21564	355.07123	982.98273	-655.51227	354.42816	1314.36145	-413.55795	312.08301	-187.04620				51.28233	332.07794	-141.32173	-383.16110	306.40875	-523.54163	
415	4.140	-670.82556	349.52631	1000.85767	89.36455	323.09543	-464.56671	-190.89165	360.34415	1306.68201	-213.33168	355.22110	982.96210	-655.59375	354.57983	1314.32275	-413.55237	312.08115	-187.04942				51.06432	332.43839	-141.58305	-383.16977	306.41132	-523.54187	
416	4.150	-670.58929	349.83115	1000.37274	89.52982	323.07916	-464.62723	-190.87834	360.32303	1306.69897	-213.35384	355.20935	982.96991	-655.75763	354.35803	1314.25989	-413.37027	311.87735	-187.00948				51.05672	332.45016	-141.61536	-383.60110	306.70398	-523.89636	
417	4.160	-670.56268	349.89709	1000.98627	89.78516	323.18677	-464.40405	-190.98624	360.37015	1306.81018	-213.18561	355.07230	982.99921	-655.50525	354.39862	1314.45972	-413.56104	312.07993	-187.05017				50.84656	332.45462	-141.60774	-383.17844	306.41211	-523.54327	
418	4.170	-670.79755	349.66162	1000.43024	89.52987	323.10599	-464.56323	-190.97760	360.35757	1306.80481	-213.19496	355.07925	982.98975	-655.76410	354.25772	1314.65515	-413.55661	312.08740	-187.04602				50.92150	332.32938	-141.45802	-383.15765	306.40274	-523.54480	
419	4.180	-670.84344	349.53226	1000.86017	89.58146	323.15439	-464.45444	-190.89317	360.35028	1306.69678	-213.21025	355.09399	982.99890	-655.78302	354.25742	1314.65186	-413.38348	311.87247	-187.01300				51.04668	332.11087	-141.33263	-383.62656	306.71246	-523.89642	
420	4.190	-670.84479	349.53326	1000.85803	89.65322	323.11209	-464.56488	-190.98610	360.36530	1306.79675	-213.34283	355.21277	982.96759	-655.52570	354.25748	1313.71619	-413.37271	311.87326	-187.00883				51.22982	332.20044	-141.49298	-383.16858	306.40811	-523.54370	
421	4.200	-670.83795	349.53244	1000.86163	89.38589	323.06912	-464.63229	-190.91080	360.31549	1306.69519	-213.31252	355.21780	982.95844	-655.60950	354.31143	1313.97131	-413.37961	311.87003	-187.01167				50.86348	332.47153	-141.61079	-383.16507	306.40005	-523.54828	
422	4.210	-670.80835	349.66037	1000.42889	89.60209	323.13345	-464.50720	-190.96335	360.40128	1306.81323	-213.21211	355.06656	982.98553	-655.74713	354.27399	1314.66138	-413.54678	312.07724	-187.04886				50.84356	332.49210	-141.62091	-383.17328	306.41156	-523.54248	
423	4.220	-670.81189	349.64743	1000.42493	89.59456	323.11737	-464.54459	-190.98402	360.38937	1306.81006	-213.17522	355.07492	982.99884	-655.59082	354.47205	1314.72168	-413.55923	312.07550	-187.05038				51.26420	332.05963	-141.30663	-383.16284	306.40546	-523.54419	
424	4.230	-670.61877	349.84094	1000.37518	89.46259	323.12067	-464.51932	-190.99922	360.43631	1306.63062	-213.19107	355.06824	982.98181	-655.49408	354.44067	1314.36169	-413.56250	312.08774	-187.04384				51.05277	332.10117	-141.35696	-383.17157	306.41895	-523.53723	
425	4.240	-670.56409	349.88950	1000.98132	89.52309	323.08432	-464.61411	-190.89751	360.32129	1306.69580	-213.19336	355.06616	982.99054	-655.51758	354.27411	1313.72583	-413.50922	311.91495	-187.06496				51.06114	332.10272	-141.35196	-383.47601	306.34625	-523.90790	
426	4.250	-670.84167	349.53409	1000.86255	89.53468	323.12817	-464.51089	-190.90303	360.32971	1306.69299	-213.57899	355.06317	983.11505	-655.74506	354.36432	1314.26367	-413.50754	311.91241	-187.06181				50.92148	332.32254	-141.45776	-383.17545	306.40375	-523.54816	
427	4.260	-670.57751	349.89587	1000.98218	89.63750	323.08368	-464.63068	-190.89055	360.33041	1306.68457	-213.58997	355.06482	983.08624	-655.75751	354.36862	1314.26477	-413.40570	312.02173	-186.98531				51.06870	332.44684	-141.59245	-383.16556	306.42868	-523.52942	
428	4.270	-670.82819	349.68918	1001.07397	89.62092	323.02887	-464.75931	-190.99799	360.38593	1306.82605	-213.22940	355.07687	982.99115	-655.74683	354.36008	1314.26343	-413.41129	312.00790	-186.99248				51.11256	332.27527	-141.44510	-383.61304	306.70685	-523.89709	
429	4.280	-670.79010	349.78549	1000.62982	89.52879	323.12405	-464.51996	-190.95248	360.39407	1306.81982	-213.20064	355.07065	982.99261	-655.59894	354.29764	1313.96594	-413.40842	311.99869	-186.99681				50.86490	332.48068	-141.62033	-383.16156	306.40347	-523.54523	
430	4.290	-670.60461	349.84607	1000.37689	89.62733	323.19635	-464.36029	-190.96843	360.38147	1306.82666	-213.20795	355.06610	982.97900	-655.97784	354.22049	1314.62439	-413.54672	312.07974	-187.04713				50.84941	332.48215	-141.61169	-383.15231	306.39783	-523.54688	
431	4.300	-670.56219	350.00595	1000.54541	89.54923	323.15094	-464.45844	-190.97522	360.37415	1306.81506	-213.20967	355.09177	982.99054	-655.74225	354.36185	1314.26172	-413.49265	311.91925	-187.06163				51.05682	332.44354	-141.57207	-383.16962	306.40283	-523.54742	
432	4.310	-670.56323	349.98047	1000.53046	89.70135	323.09207	-464.61902	-191.08458	360.50540	1306.75488	-213.19521	355.08594	982.99664	-655.63367	354.23181	1314.30444	-413.48978	311.91534	-187.06329				51.06412	332.44797	-141.59174	-383.16846	306.40863	-523.54333	
433	4.320	-670.58691	349.84286	1000.37854	89.58478	323.21960	-464.29922	-190.95874	360.36826	1306.81226	-213.23390	355.06284	982.98901	-655.60400	354.22607	1314.36951	-413.49756	311.90869	-187.06822				51.23097	332.20563	-141.47844	-383.48224	306.36041	-523.89990	
434	4.330	-670.60535	349.83286	1000.37201	89.56190	323.22809	-464.27597	-190.70909	360.54752	1306.66028	-213.43837	354.90182	983.13928	-655.66010	354.23135	1314.30286	-413.40909	312.00732	-186.98976				51.20211	332.19437	-141.48222	-383.16672	306.40570	-523.54486	
435	4.340	-670.80884	349.66989	1000.43341	89.53962	323.08823	-464.60696	-190.96126	360.37112	1306.79517	-213.20305	355.05759	982.99158	-655.75781	354.27121	1314.65881	-413.48972	311.92850	-187.05173				51.25965	332.06488	-141.31870	-383.18484	306.42783	-523.53430	
436	4.350	-670.82422	349.53091	1000.86420	89.46841	323.14072	-464.47229	-190.97275	360.38580	1306.81250	-213.22633	355.06894	983.00024	-655.65894	354.22284	1314.29724	-413.40424	312.01050	-187.35004				50.90965	332.31573	-141.46507	-383.16455	306.41306	-523.53955	
437	4.360	-670.60254	349.83600	1000.37189	89.58536	323.13113	-464.51053	-190.91672	360.38760	1306.81543	-213.20821	355.06198	982.98547	-655.49707	354.18289	1314.01489	-413.50537	311.90790	-187.06412				51.02420	332.25439	-141.50209	-383.17636	306.40945	-523.54456	
438	4.370	-670.81677	349.53027	1000.86145	89.52368	323.16504	-464.42148	-190.61603	360.48816	1306.57349	-213.21915	355.07449	982.97675	-655.51190	354.52322	1314.07458	-413.50287	311.90234	-187.06651				51.03850	332.08624	-141.34921	-383.49905	306.38153	-523.88971	
439	4.380	-670.80823	349.69803	1001.07703	89.63009	323.13681	-464.50287	-190.88272	360.32700	1306.68811	-213.20784	355.08157	983.00055	-655.49591	354.53543	1314.07861	-413.40686	312.01358	-186.99336				51.05503	332.10327	-141.34267	-383.16568	306.41721	-523.53705	
440	4.390	-670.80994	349.68530	1001.07166	89.55537	323.03622	-464.73315	-190.62868	360.50266	1306.54077	-213.20805	355.08142	982.99121	-655.77026	354.25174	1314.65540	-413.49847	311.92886	-187.05653				51.00776	332.25781	-141.51686	-383.17007	306.41708	-523.53809	
441	4.400	-670.82349	349.52505	1000.85889	89.53251	323.12982	-464.50671	-190.91727	360.30676	1306.69299	-213.32393	355.20038	982.95526	-655.75092	354.33383	1314.25330	-413.37622	311.86423	-187.01663				51.05915	332.44171	-141.59622	-383.17566	306.41061	-523.54364	
442	4.410	-670.62067	349.84857	1000.37292	89.51502	323.04932	-464.69656	-190.92827	360.29996	1306.68152	-213.33725	355.21249	982.95856	-655.58624	354.57047	1314.32532	-413.55289	312.08514	-187.04623				51.06157	332.43317	-141.59935	-383.16119	306.41727	-523.53601	
443	4.420	-670.84222	349.54654	1000.86414	89.54421	323.11716	-464.53848	-190.96764	360.39908	1306.82483	-213.30806	355.20428	982.96637	-655.59424	354.21381	1314.36987	-413.50223	311.92575	-187.05838				51.07074	332.44315	-141.57672	-383.48215	306.36932	-523.89398	
444	4.430	-670.62756	349.72824	1000.81006	89.65785	323.18790	-464.38452	-190.88115	360.33179	1306.69690	-213.58842	355.04285	983.11285	-655.74927	354.34784	1314.25757	-413.41434	312.00818	-186.99272				50.84752	332.48285	-141.61162	-383.17648	306.43060	-523.53058	
445	4.440	-670.83044	349.54102	1000.86475	89.43010	323.05078	-464.68188	-190.95824	360.38083	1306.81812	-213.34723	355.20636	982.95819	-655.52295	354.50302	1314.06714	-413.49570	311.91415	-187.06187				51.13430	332.28018	-141.43803	-383.17834	306.41852	-523.53900	
446	4.450	-670.60468	349.71634	1000.80762	89.50396	323.14258	-464.47244	-190.92427	360.32736	1306.70398	-213.33044	355.21576	982.96802	-655.74408	354.37808	1314.26880	-413.55215	312.08081	-187.04581				50.86332	332.47464	-141.61153	-383.17389	306.41415	-523.54089	
447	4.460	-670.82361	349.53223	1000.86267	89.55897	323.15149	-464.45847	-190.93924	360.33029	1306.70227	-213.32091	355.21445	982.96881	-655.74139	354.37665	1314.26672	-413.40283	312.01096	-186.98674				50.84449	332.49500	-141.63382	-383.59982	306.70160	-523.89764	
448	4.470	-670.60669	349.71851	1000.81079	89.63478	323.13696	-464.50308	-190.63124	360.47055	1306.53345	-213.48094	354.89929	983.12115	-655.59436	354.31168	1313.97339	-413.49081	311.91321	-187.06763				51.05744	332.10211	-141.33722	-383.61319	306.71030	-523.89484	
449	4.480	-670.83044	349.53653	1000.86035	89.59483	323.15366	-464.45801	-191.05098	360.49634	1306.75012	-213.19843	355.06564	982.98383	-655.67780	354.30789	1314.00806	-413.48941	311.90286	-187.06895				51.02279	332.25507	-141.51697	-383.18546	306.41507	-523.54291	
450	4.490	-670.62073	349.71881	1000.81104	89.53147	323.00940	-464.79407	-190.98134	360.36353	1306.80701	-213.22243	355.06885	982.99744	-655.51947	354.17139	1314.00806	-413.54782	312.08383	-187.04567				51.05961	332.10474	-141.34871	-383.16177	306.41888	-523.53503	
451	4.500	-670.81061	349.54611	1000.86792	89.57599	323.16205	-464.43546	-190.88635	360.32065	1306.69275	-213.21620	355.08365	982.99066	-655.69373	354.31018	1314.00842	-413.46005	312.17596	-187.33266				51.01923	332.24646	-141.51047	-383.17001	306.41660	-523.53839	
452	4.510	-670.61218	349.73074	1000.81659	89.63232	323.06076	-464.68469	-190.69223	360.53860	1306.66797	-213.22351	355.08069	982.99835	-655.65698	354.23114	1314.29907	-413.49637	311.91565	-187.05830				51.26078	332.05814	-141.31039	-383.17352	306.41223	-523.54211	
453	4.520	-670.78107	349.79343	1000.63074	89.64185	323.06149	-464.68420	-190.98463	360.45331	1306.64502	-213.47073	354.91541	983.13092	-655.67615	354.30847	1314.00891	-413.58792	311.95981	-187.09125				51.12274	332.28131	-141.44371	-383.17612	306.40982	-523.54425	
454	4.530	-670.80774	349.68546	1001.07257	89.56255	323.13409	-464.50046	-190.61382	360.49692	1306.55896	-213.20895	355.08691	982.99408	-655.50769	354.17679	1314.01038	-413.45346	312.17410	-187.33496				51.00241	332.23956	-141.51582	-383.17053	306.39853	-523.55048	
455	4.540	-670.81427	349.69049	1001.07349	89.55423	323.17014	-464.41330	-190.98154	360.37827	1306.81421	-213.20671	355.06134	982.98132	-655.68231	354.20334	1314.29224	-413.36798	311.87061	-187.01260				51.24498	332.05545	-141.32944	-383.61774	306.71161	-523.89502	
456	4.550	-670.55292	349.97961	1000.53540	89.46026	323.15915	-464.42715	-190.95210	360.37494	1306.81104	-213.46463	354.90210	983.13959	-655.62030	354.18790	1314.35669	-413.49240	311.91827	-187.05923				50.84495	332.45819	-141.58566	-383.61847	306.70956	-523.89655	
457	4.560	-670.81812	349.66113	1000.42651	89.54241	323.14438	-464.47324	-190.96423	360.36407	1306.80090	-213.21149	355.05789	982.98474	-655.59467	354.50528	1314.73059	-413.48978	311.91971	-187.06125				51.26596	332.06805	-141.33723	-383.17859	306.42181	-523.53687	
458	4.570	-670.84979	349.53235	1000.85181	89.58356	323.17462	-464.40643	-190.97374	360.38535	1306.81641	-213.19838	355.07117	982.99109	-655.65662	354.23749	1314.30505	-413.40524	312.01852	-187.35168				51.21348	332.20883	-141.48236	-383.18948	306.43045	-523.53363	
459	4.580	-670.60443	349.84760	1000.37720	89.56995	323.07175	-464.65021	-191.05447	360.49033	1306.73962	-213.20160	355.06567	982.98792	-655.66107	354.22375	1314.29932	-413.45834	312.17944	-187.32870				51.25246	332.06134	-141.31067	-383.17426	306.40634	-523.54614	
460	4.590	-670.55847	349.87421	1000.97845	89.53541	323.02463	-464.75821	-190.95592	360.36591	1306.80530	-213.20641	355.05603	982.97717	-655.67755	354.22061	1314.29761	-413.49844	311.90988	-187.06372				51.23097	332.19513	-141.47920	-383.15927	306.41806	-523.53503	
461	4.600	-670.60571	349.73367	1000.81927	89.55061	323.12119	-464.52966	-190.97607	360.38824	1306.81445	-213.55989	355.05438	983.10052	-655.74591	354.37140	1314.26929	-413.49435	311.92386	-187.05998				51.04562	332.10794	-141.35089	-383.16705	306.41522	-523.53864	
462	4.610	-670.54364	349.87793	1000.98138	89.49249	323.07526	-464.63165	-190.89476	360.31595	1306.69470	-213.31927	355.20404	982.96973	-655.76514	354.35345	1314.25635	-413.48361	311.92407	-187.05943				51.12721	332.30246	-141.44633	-383.15771	306.40378	-523.54413	
463	4.620	-670.61023	349.72943	1000.81653	89.61849	323.14078	-464.49182	-190.63414	360.48126	1306.54565	-213.57843	355.07062	983.10480	-655.66565	354.28033	1313.99963	-413.49918	311.91406	-187.06154				51.25871	332.06601	-141.30264	-383.18976	306.40909	-523.54779	
464	4.630	-670.61975	349.71634	1000.80878	89.49421	323.04102	-464.71365	-190.92899	360.31583	1306.68762	-213.31792	355.19565	982.96588	-655.58240	354.57278	1314.32666	-413.37152	311.86572	-187.01328				51.11757	332.27145	-141.43141	-383.16046	306.41614	-523.53656	
465	4.640	-670.62054	349.73517	1000.81232	89.56259	323.12946	-464.51151	-190.90350	360.33398	1306.69995	-213.21214	355.07013	982.98590	-655.98340	354.29327	1314.22253	-413.56158	312.06607	-187.05342				50.85376	332.47906	-141.60287	-383.17630	306.42108	-523.53687	
466	4.650	-670.54993	350.00171	1000.54620	89.64059	323.09036	-464.61514	-190.61182	360.49954	1306.55212	-213.60141	355.01831	983.08661	-655.40851	354.45087	1313.81714	-413.55753	312.08447	-187.04367				51.12648	332.27786	-141.44829	-383.15463	306.41229	-523.53778	
467	4.660	-670.82501	349.54996	1000.86676	89.51064	323.07294	-464.63962	-190.90521	360.32269	1306.68750	-213.23026	355.06689	982.99500	-655.73920	354.35498	1314.25671	-413.40674	312.00186	-186.99532				51.07159	332.44498	-141.58511	-383.17065	306.40427	-523.54675	
468	4.670	-670.59088	349.82880	1000.37201	89.48926	323.12875	-464.50357	-190.88602	360.33633	1306.70154	-213.33170	355.19031	982.95795	-655.74158	354.37659	1314.26672	-413.55417	312.07806	-187.04829				50.85654	332.48456	-141.62619	-383.17618	306.41183	-523.54297	
469	4.680	-670.83527	349.67755	1001.06641	89.60103	323.15561	-464.45413	-190.68457	360.53888	1306.66711	-213.34355	355.19824	982.96381	-655.51257	354.26041	1313.72021	-413.55161	312.07846	-187.04834				51.05962	332.43597	-141.59425	-383.17722	306.41870	-523.53864	
470	4.690	-670.57025	349.86920	1000.97089	89.56068	323.15152	-464.45859	-190.90445	360.32104	1306.69495	-213.33432	355.19882	982.96155	-655.51428	354.53668	1314.07813	-413.55966	312.06940	-187.05458				51.27274	332.06845	-141.32645	-383.17050	306.41415	-523.54016	
471	4.700	-670.81097	349.65387	1000.42462	89.44473	323.06308	-464.65445	-190.95985	360.36841	1306.81213	-213.21390	355.04626	982.98248	-655.57245	354.49133	1314.72876	-413.55444	312.08459	-187.04222				51.22491	332.20303	-141.47295	-383.16965	306.40668	-523.54492	
472	4.710	-670.60138	349.85150	1000.37976	89.59204	323.21375	-464.31415	-190.96854	360.39233	1306.82861	-213.47495	354.92023	983.13257	-655.74725	354.27853	1314.66101	-413.41156	311.99759	-186.99675				51.05175	332.42960	-141.57048	-383.75311	306.61041	-524.07043	
473	4.720	-670.79993	349.65201	1000.42279	89.57209	323.12985	-464.51181	-190.96941	360.40063	1306.81848	-213.46379	354.91321	983.13440	-655.74084	354.27585	1314.66418	-413.55707	312.07864	-187.05043				50.83883	332.48120	-141.60721	-383.49594	306.36163	-523.90216	
474	4.730	-670.83667	349.52298	1000.85553	89.65823	323.12192	-464.54211	-190.69069	360.59839	1306.50391	-213.20189	355.06802	982.97400	-655.60931	354.30807	1313.97278	-413.35669	311.85995	-187.01790				51.27220	332.07123	-141.32330	-383.17612	306.43134	-523.53003	
475	4.740	-670.81329	349.54102	1000.86725	89.61794	323.12241	-464.53561	-190.96078	360.40448	1306.82947	-213.46326	354.91165	983.14081	-655.65259	354.22229	1314.29858	-413.49448	311.91678	-187.06291				51.26805	332.06226	-141.32506	-383.18787	306.42245	-523.53851	
476	4.750	-670.83820	349.53915	1000.86237	89.56377	323.14426	-464.47632	-190.96172	360.35172	1306.80884	-213.21283	355.06223	982.98370	-655.67316	354.21384	1314.29895	-413.49655	311.90778	-187.06415				51.25460	332.07004	-141.31851	-383.17249	306.42142	-523.53577	
477	4.760	-670.58319	349.89673	1000.98309	89.53571	323.09473	-464.59085	-190.91487	360.33200	1306.69629	-213.46771	354.90237	983.12640	-655.65649	354.32263	1314.01587	-413.51559	311.79022	-187.10172				51.00761	332.24695	-141.50252	-383.18362	306.41333	-523.54364	
478	4.770	-670.82043	349.68396	1001.06934	89.48770	323.11887	-464.52695	-190.61237	360.46323	1306.55383	-213.60072	355.05246	983.10608	-655.67407	354.32169	1314.01392	-413.49576	311.91534	-187.06178				51.23031	332.20294	-141.49402	-383.17050	306.42154	-523.53522	
479	4.780	-670.61365	349.72528	1000.81360	89.46241	323.15991	-464.42560	-190.95253	360.39224	1306.81836	-213.22122	355.06076	982.99127	-655.60272	354.30148	1313.96790	-413.50308	311.91119	-187.06529				50.85827	332.48398	-141.60649	-383.17291	306.41739	-523.53851	
480	4.790	-670.81909	349.64389	1000.41809	89.68658	323.19141	-464.37994	-190.99266	360.38611	1306.80615	-213.44499	354.91330	983.12659	-655.48871	354.50793	1314.07068	-413.36636	311.75571	-187.04074				51.05308	332.42474	-141.59482	-383.15997	306.41397	-523.53790	
481	4.800	-670.80786	349.64926	1000.42407	89.59509	323.10132	-464.58295	-190.97546	360.38458	1306.81665	-213.22733	355.06763	982.97357	-655.75006	354.37265	1314.26770	-413.36478	311.87036	-187.01021				50.84512	332.47513	-141.62585	-383.18921	306.43637	-523.52960	
482	4.810	-670.78967	349.79907	1000.63739	89.58779	323.10287	-464.57831	-190.97473	360.39651	1306.80969	-213.20044	355.08008	982.97693	-655.66272	354.21405	1314.29468	-413.49393	311.91516	-187.06239				50.85332	332.48801	-141.61374	-383.49612	306.35992	-523.90332	
483	4.820	-670.78424	349.79327	1000.63373	89.54786	323.08472	-464.61639	-190.97458	360.39673	1306.80652	-213.21408	355.09619	982.99194	-655.75696	354.24484	1314.64941	-413.40698	312.00287	-186.99576				51.05172	332.10083	-141.32574	-383.17728	306.42380	-523.53528	
484	4.830	-670.56165	349.88376	1000.97961	89.45679	323.09155	-464.58807	-190.98070	360.36700	1306.81885	-213.22379	355.07889	982.98914	-655.67065	354.22189	1314.29700	-413.56689	312.07028	-187.05171				51.05907	332.09140	-141.33270	-383.47339	306.36420	-523.89545	
485	4.840	-670.82825	349.68369	1001.07214	89.55207	323.10672	-464.56442	-190.96901	360.40121	1306.82068	-213.33141	355.21298	982.97131	-655.51904	354.52731	1314.07397	-413.50525	311.91788	-187.06079				51.00752	332.23901	-141.50775	-383.15338	306.40640	-523.54144	
486	4.850	-670.82849	349.69260	1001.07385	89.44708	323.10013	-464.56631	-190.97673	360.39859	1306.80994	-213.20509	355.06134	982.98547	-655.47461	354.51529	1314.07300	-413.49539	311.90442	-187.06706				51.05894	332.44275	-141.58156	-383.47635	306.35526	-523.90198	
487	4.860	-670.80713	349.69992	1001.07666	89.57499	323.18188	-464.38797	-190.63156	360.49225	1306.56152	-213.29811	355.21841	982.97284	-655.76324	354.34225	1314.25085	-413.58823	312.00180	-187.08339				51.06428	332.44138	-141.57997	-383.49103	306.35843	-523.90320	
488	4.870	-670.83423	349.53189	1000.85522	89.70334	323.17560	-464.41992	-190.91391	360.33383	1306.69324	-213.32750	355.21307	982.96033	-655.75348	354.36423	1314.25891	-413.55920	312.07648	-187.04814				50.83505	332.46283	-141.60901	-383.16364	306.40234	-523.54645	
489	4.880	-670.59766	349.73752	1000.82104	89.44962	323.03009	-464.73389	-190.62138	360.52057	1306.55701	-213.33829	355.20758	982.95306	-655.58905	354.57782	1314.32617	-413.54526	312.07843	-187.04677				50.91383	332.31268	-141.44824	-383.18539	306.42096	-523.53894	
490	4.890	-670.56207	349.87836	1000.97858	89.56956	323.09338	-464.59854	-190.66949	360.48288	1306.54089	-213.45351	354.91879	983.14056	-655.60150	354.57339	1314.32544	-413.55554	312.07339	-187.05170				50.84365	332.49277	-141.60652	-383.18384	306.42828	-523.53375	
491	4.900	-670.61951	349.72263	1000.80774	89.58411	323.10489	-464.57303	-190.91418	360.31470	1306.68787	-213.58826	355.05273	983.10870	-655.50525	354.51450	1314.06946	-413.55237	312.07428	-187.05035				51.05540	332.44980	-141.60066	-383.60272	306.70001	-523.89935	
492	4.910	-670.55945	350.00183	1000.54132	89.58456	323.12183	-464.53262	-190.98300	360.38123	1306.81653	-213.41298	355.08658	982.75775	-655.66742	354.20953	1314.29517	-413.63370	311.99838	-186.93593				51.06668	332.43915	-141.58846	-383.48657	306.35986	-523.90125	
493	4.920	-670.79279	349.80243	1000.63434	89.70920	323.16739	-464.44031	-190.96284	360.39548	1306.80420	-213.21414	355.09790	982.98535	-655.61383	354.21997	1314.36499	-413.40421	312.00964	-186.99165				50.89991	332.31088	-141.46632	-383.17004	306.40445	-523.54645	
494	4.930	-670.80542	349.79150	1000.62872	89.57606	323.02002	-464.77460	-190.97890	360.37128	1306.79382	-213.46919	354.92212	983.11798	-655.50952	354.18069	1314.01453	-413.56729	312.06882	-187.05240				51.26234	332.06165	-141.32658	-383.16461	306.40222	-523.54675	
495	4.940	-670.56970	349.88986	1000.98346	89.53995	323.03000	-464.74597	-190.79402	360.64951	1306.58557	-213.45915	354.90192	983.12048	-655.64825	354.22263	1314.30200	-413.50513	311.90796	-187.06267				51.25100	332.05804	-141.31728	-383.17499	306.41098	-523.54321	
496	4.950	-670.84424	349.54193	1000.86511	89.48280	323.16321	-464.42047	-190.96440	360.36627	1306.81934	-213.46082	354.90189	983.12946	-655.66138	354.20416	1314.29150	-413.49493	311.91797	-187.06097				50.91101	332.30692	-141.46295	-383.16287	306.42041	-523.53430	
497	4.960	-670.82965	349.55295	1000.86743	89.67308	323.11414	-464.56265	-190.90018	360.33591	1306.68640	-213.19395	355.06622	982.97906	-655.59473	354.59229	1314.32874	-413.40488	312.01282	-186.98775				51.21672	332.21118	-141.50000	-383.15573	306.41040	-523.53931	
498	4.970	-670.84790	349.54172	1000.85956	89.55614	323.12280	-464.52655	-190.88223	360.32532	1306.68274	-213.33533	355.20422	982.95953	-655.68219	354.31155	1314.00781	-413.56088	312.07361	-187.04933				50.87064	332.49887	-141.60864	-383.18225	306.42084	-523.53833	
499	4.980	-670.84790	349.53284	1000.85748	89.60471	323.14944	-464.46933	-191.00032	360.39740	1306.81824	-213.19930	355.07153	982.98486	-655.67413	354.29257	1314.00574	-413.55548	312.07813	-186.87054				50.85310	332.48160	-141.60547	-383.49234	306.36554	-523.89874	
500	4.990	-670.56183	350.00021	1000.53955	89.51826	323.13098	-464.50201	-190.70900	360.54556	1306.68848	-213.47337	354.90393	983.11847	-655.75214	354.36612	1314.26587	-413.56622	312.07526	-187.04810				50.86524	332.50296	-141.62166	-383.61472	306.70001	-523.90204	
501	5.000	-670.60352	349.85181	1000.37781	89.69973	323.20731	-464.34375	-190.96622	360.37628	1306.79724	-213.21567	355.09677	983.00183	-655.59827	354.46704	1314.71997	-413.49792	311.93146	-187.05525				51.04557	332.43576	-141.59117	-383.18787	306.41287	-523.54486	
502	5.010	-670.82538	349.65573	1000.42389	89.45997	323.06479	-464.65240	-190.99120	360.37454	1306.82397	-213.22031	355.06653	982.99213	-655.74933	354.26965	1314.66028	-413.49927	311.91519	-187.06319				51.07047	332.45410	-141.58893	-383.17630	306.41504	-523.54083	
503	5.020	-670.59991	349.83087	1000.37073	89.56810	323.13574	-464.49722	-190.96660	360.38577	1306.81555	-213.21300	355.08298	982.99603	-655.40118	354.36823	1314.10522	-413.40573	312.00690	-186.99078				51.01949	332.25671	-141.50473	-383.49048	306.36618	-523.89789	
504	5.030	-670.82941	349.64740	1000.41992	89.64425	323.18405	-464.39188	-190.96480	360.36981	1306.79553	-213.28458	354.92212	982.78809	-655.59900	354.20972	1314.37012	-413.55191	312.06824	-187.05074				51.04337	332.10440	-141.36046	-383.15939	306.40100	-523.54639	
505	5.040	-670.82825	349.65503	1000.42596	89.58253	323.10260	-464.57825	-191.05627	360.49792	1306.74158	-213.21352	355.06967	982.98413	-655.76678	354.26648	1314.65991	-413.48859	311.90848	-187.06383				50.85729	332.49234	-141.61209	-383.19489	306.42679	-523.53723	
506	5.050	-670.58215	349.83533	1000.37323	89.56778	323.12396	-464.52530	-190.70012	360.53372	1306.67407	-213.32146	355.21530	982.98041	-655.52332	354.15561	1314.00281	-413.65735	311.92651	-187.14250				51.06036	332.09195	-141.34721	-383.16382	306.40186	-523.54681	
507	5.060	-670.82581	349.69891	1001.07751	89.54372	323.14139	-464.48056	-190.61726	360.50745	1306.54321	-213.32529	355.20380	982.95135	-655.67175	354.29440	1314.00769	-413.37671	311.86880	-187.01297				51.06590	332.10886	-141.33876	-383.50604	306.35660	-523.90771	
508	5.070	-670.63110	349.72308	1000.81128	89.50457	323.09088	-464.59598	-190.89214	360.32959	1306.69861	-213.32381	355.22018	982.96698	-655.75464	354.35861	1314.25928	-413.49176	311.91562	-187.06520				51.05905	332.44308	-141.59343	-383.50046	306.36969	-523.89783	
509	5.080	-670.83868	349.53226	1000.86310	89.61901	323.18390	-464.38895	-190.96162	360.36417	1306.81372	-213.33806	355.20810	982.96533	-655.77234	354.36044	1314.26111	-413.48441	311.91327	-187.06012				51.06730	332.45465	-141.59186	-383.17685	306.40930	-523.54480	
510	5.090	-670.59711	349.84500	1000.37823	89.65908	323.08627	-464.62729	-190.89665	360.33026	1306.70422	-213.32877	355.21497	982.96918	-655.58557	354.59341	1314.33496	-413.55722	312.07660	-187.04875				50.84605	332.48157	-141.60634	-383.16837	306.41776	-523.53729	
511	5.100	-670.80634	349.79855	1000.63287	89.58321	323.11072	-464.55893	-190.95708	360.37360	1306.81396	-213.20836	355.07819	982.99609	-655.74768	354.37598	1314.26978	-413.49789	311.92142	-187.05783				50.84536	332.46921	-141.60675	-383.17838	306.41501	-523.54132	
512	5.110	-670.53528	349.99750	1000.54016	89.51405	323.07788	-464.62827	-190.98071	360.34827	1306.80957	-213.20847	355.06537	982.99805	-655.59790	354.22250	1314.36902	-413.40607	312.00330	-186.99278				51.06102	332.46005	-141.58859	-383.17053	306.41824	-523.53741	
513	5.120	-670.80402	349.78766	1000.62561	89.50945	323.14737	-464.46173	-190.70235	360.53296	1306.66931	-213.57021	355.05234	983.10962	-655.73645	354.35812	1314.25830	-413.48727	311.91446	-187.06668				51.06580	332.44153	-141.58412	-383.17618	306.40381	-523.54828	
514	5.130	-670.82892	349.54132	1000.86230	89.57045	323.10770	-464.56451	-190.96831	360.38525	1306.81604	-213.56783	355.06183	983.10883	-655.74847	354.34494	1314.25610	-413.49274	311.92358	-187.05650				51.04771	332.43802	-141.59569	-383.17944	306.40964	-523.54510	
515	5.140	-670.58990	349.83185	1000.37555	89.43778	323.11194	-464.53696	-190.99843	360.38651	1306.82593	-213.59749	355.05301	983.11176	-655.60980	354.30179	1313.96814	-413.49936	311.90302	-187.06917				51.06691	332.44806	-141.57440	-383.16776	306.41357	-523.53992	
516	5.150	-670.60321	349.83609	1000.37408	89.54935	323.13235	-464.50287	-190.96832	360.36966	1306.81543	-213.22864	355.07703	982.99188	-655.75800	354.27750	1314.66248	-413.70920	312.15945	-186.92281				51.05817	332.43597	-141.59363	-383.19791	306.42438	-523.53949	
517	5.160	-670.54395	349.97632	1000.53308	89.50757	323.10391	-464.56522	-190.99921	360.40033	1306.81311	-213.47290	354.91077	983.13934	-655.59320	354.58447	1314.32593	-413.55292	312.06998	-187.05226				51.06550	332.44141	-141.58383	-383.18353	306.42270	-523.53741	
518	5.170	-670.61511	349.73627	1000.81885	89.53970	323.04141	-464.71869	-190.65149	360.49799	1306.54956	-213.32364	355.21658	982.95068	-655.68787	354.29617	1314.00391	-413.36603	311.86948	-187.01480				50.84482	332.47260	-141.60316	-383.15582	306.41296	-523.53760	
519	5.180	-670.82758	349.69849	1001.07452	89.46169	323.16333	-464.41736	-190.96777	360.37723	1306.82043	-213.34448	355.19614	982.97864	-655.67798	354.22903	1314.29797	-413.48956	311.91260	-187.06213				51.05234	332.10721	-141.32916	-383.15445	306.39862	-523.54681	
520	5.190	-670.84735	349.54138	1000.86456	89.62665	323.12717	-464.52539	-190.69942	360.55646	1306.66882	-213.19640	355.05215	982.98895	-655.66589	354.21686	1314.29553	-413.46616	312.17178	-187.33655				51.26491	332.05258	-141.31467	-383.17050	306.41068	-523.54242	
521	5.200	-670.62482	349.69946	1000.80133	89.55817	323.16251	-464.43207	-191.03787	360.49731	1306.74109	-213.21877	355.07916	982.98907	-655.51581	354.16843	1314.00830	-413.40042	312.00690	-187.34933				51.25741	332.05875	-141.30780	-383.16666	306.40155	-523.54761	
522	5.210	-670.81439	349.65219	1000.42712	89.53913	323.14200	-464.47845	-190.98068	360.40326	1306.81946	-213.21086	355.05096	982.98273	-655.75946	354.26974	1314.65808	-413.55484	312.08743	-187.04314				50.84380	332.48495	-141.61015	-383.14902	306.40024	-523.54456	
523	5.220	-670.61957	349.84207	1000.37604	89.44320	323.15027	-464.44611	-190.96236	360.38739	1306.79932	-213.20587	355.06564	982.97784	-655.75562	354.26184	1314.65417	-413.41077	312.01044	-186.98956				50.84917	332.48053	-141.62685	-383.74817	306.60019	-524.07605	
524	5.230	-670.55591	349.99911	1000.54108	89.50251	323.12671	-464.51016	-190.98943	360.36987	1306.80981	-213.22627	355.06665	983.00104	-655.75470	354.27274	1314.65991	-413.55066	312.07455	-187.04729				51.06907	332.45468	-141.58002	-383.16226	306.39960	-523.54791	
525	5.240	-670.55890	349.88583	1000.98340	89.52103	323.14349	-464.47253	-190.95816	360.36758	1306.81360	-213.20354	355.05463	982.98340	-655.75208	354.36337	1314.25964	-413.50986	311.91132	-187.06538				50.86681	332.47446	-141.61035	-383.17581	306.41980	-523.53760	
526	5.250	-670.83685	349.55017	1000.86621	89.57453	323.11304	-464.55228	-190.91356	360.31375	1306.69971	-213.33966	355.21866	982.94781	-655.75519	354.36349	1314.26294	-413.36456	311.75601	-187.03790				50.86230	332.49146	-141.60211	-383.50504	306.35651	-523.90759	
527	5.260	-670.55707	349.86841	1000.97711	89.62100	323.10742	-464.57178	-190.90735	360.32880	1306.68738	-213.47131	354.91135	983.13000	-655.74408	354.37003	1314.26648	-413.36938	311.87518	-187.00839				50.90499	332.29578	-141.45024	-383.17120	306.41586	-523.53918	
528	5.270	-670.84595	349.53320	1000.85779	89.58515	323.04904	-464.70645	-190.90340	360.33572	1306.69934	-213.36122	355.20493	982.96661	-655.58521	354.58792	1314.32800	-413.55258	312.08072	-187.04445				51.05270	332.45917	-141.61662	-383.60934	306.71555	-523.89056	
529	5.280	-670.82745	349.53983	1000.86871	89.57890	323.12772	-464.51782	-190.91310	360.31393	1306.70190	-213.32506	355.21179	982.96771	-655.76746	354.35202	1314.25696	-413.50336	311.90869	-187.06572				50.89389	332.31586	-141.48520	-383.73074	306.59433	-524.07605	
530	5.290	-670.61481	349.71713	1000.81073	89.46995	323.05154	-464.68533	-190.86691	360.31586	1306.68970	-213.33148	355.21536	982.96808	-655.52350	354.52451	1314.07544	-413.36566	311.87225	-187.01099				51.03890	332.09808	-141.34560	-383.18445	306.42056	-523.53900	
531	5.300	-670.83282	349.54007	1000.85999	89.73079	323.04297	-464.74014	-190.90509	360.35489	1306.69934	-213.58383	355.04071	983.10394	-655.66351	354.22192	1314.29688	-413.49146	311.90945	-187.06450				50.91697	332.31372	-141.45421	-383.17743	306.43021	-523.53107	
532	5.310	-670.81989	349.66840	1001.06567	89.58901	323.05261	-464.69843	-190.95493	360.41550	1306.64111	-213.20692	355.07611	982.99310	-655.53241	354.25018	1313.71460	-413.48962	311.91995	-187.06154				51.24795	332.06000	-141.32072	-383.48541	306.35995	-523.90088	
533	5.320	-670.58569	349.85413	1000.38025	89.51669	323.01331	-464.78278	-191.07581	360.49680	1306.74463	-213.49886	354.90247	983.13983	-655.67371	354.20578	1314.29077	-413.49292	311.91434	-187.06282				51.04135	332.10297	-141.35300	-383.16687	306.41449	-523.53906	
534	5.330	-670.84076	349.53738	1000.85815	89.60680	323.14484	-464.48062	-190.96474	360.37866	1306.82434	-213.21895	355.06537	982.98029	-655.51056	354.15720	1314.00122	-413.37216	311.87091	-187.01064				51.23909	332.05127	-141.32069	-383.18396	306.41125	-523.54504	
535	5.340	-670.53522	350.00861	1000.54431	89.52660	323.11169	-464.54916	-190.97647	360.37616	1306.82312	-213.47435	354.92969	983.13214	-655.59253	354.49759	1314.72852	-413.36069	311.75961	-187.03954				51.21584	332.19897	-141.47835	-383.17859	306.42065	-523.53766	
536	5.350	-670.58313	349.83740	1000.37183	89.50080	323.13947	-464.47946	-190.97083	360.39038	1306.81213	-213.34364	355.21454	982.97577	-655.59283	354.57278	1314.32678	-413.55353	312.07419	-187.04877				50.84820	332.48328	-141.61594	-383.17783	306.41638	-523.54028	
537	5.360	-670.82684	349.54111	1000.86029	89.56062	323.09131	-464.60233	-190.91821	360.33112	1306.69604	-213.35706	355.20203	982.95496	-655.53021	354.25543	1313.72009	-413.50681	311.91132	-187.06410				51.05581	332.10831	-141.34270	-383.18417	306.41138	-523.54504	
538	5.370	-670.62830	349.72559	1000.81329	89.63515	323.11264	-464.56125	-191.07205	360.51639	1306.75549	-213.20311	355.08447	982.98846	-655.75684	354.36191	1314.25977	-413.40698	312.01135	-187.34563				51.04452	332.10352	-141.34605	-383.49939	306.35153	-523.90961	
539	5.380	-670.77985	349.81549	1000.64465	89.58353	323.16595	-464.42712	-190.94684	360.37076	1306.80872	-213.20813	355.07104	983.01532	-655.75024	354.26868	1314.65930	-413.37564	311.87717	-187.00740				50.85213	332.48651	-141.60634	-383.18433	306.41275	-523.54419	
540	5.390	-670.83051	349.65955	1000.42786	89.51849	323.07898	-464.62619	-190.99890	360.37741	1306.83154	-213.21463	355.07587	982.99426	-655.74554	354.35953	1314.26160	-413.41119	312.01001	-186.99094				50.84880	332.47672	-141.59662	-383.15430	306.40646	-523.54163	
541	5.400	-670.84076	349.53693	1000.86353	89.62948	323.12433	-464.53259	-190.95050	360.39984	1306.82300	-213.22639	355.06479	983.00928	-655.75226	354.35632	1314.25989	-413.49759	311.91641	-187.06854				50.84842	332.47427	-141.60292	-383.19183	306.40649	-523.54999	
542	5.410	-670.82056	349.64233	1000.42194	89.58590	323.07819	-464.63699	-190.96541	360.37756	1306.80945	-213.19510	355.09207	982.99542	-655.76422	354.26883	1314.65515	-413.41626	312.00140	-186.99916				51.07193	332.44562	-141.58449	-383.17313	306.41248	-523.54181	
543	5.420	-670.85986	349.53363	1000.85730	89.47784	323.09058	-464.59320	-190.98410	360.37625	1306.80884	-213.21010	355.07324	982.98926	-655.74341	354.37015	1314.26196	-413.41214	312.00952	-186.99544				50.85373	332.46960	-141.60190	-383.60321	306.71027	-523.89264	
544	5.430	-670.60797	349.72809	1000.81543	89.48094	323.12000	-464.52332	-190.91832	360.31519	1306.68762	-213.22293	355.07516	982.99561	-655.74420	354.37094	1314.26477	-413.40378	312.00397	-186.99274				50.85100	332.47049	-141.60808	-383.17410	306.41241	-523.54211	
545	5.440	-670.82971	349.53104	1000.86115	89.56018	323.15457	-464.45120	-190.90915	360.32529	1306.68335	-213.62065	355.05115	983.10980	-655.60254	354.31497	1313.97156	-413.38605	311.86194	-187.01424				50.93848	332.33377	-141.45337	-383.15829	306.41473	-523.53699	
546	5.450	-670.80920	349.64670	1000.42157	89.54863	323.22464	-464.28244	-190.60307	360.48785	1306.56213	-213.33688	355.22739	982.96692	-655.75891	354.35791	1314.25916	-413.40363	312.00519	-186.98904				50.86980	332.49274	-141.61739	-383.16556	306.42154	-523.53412	
547	5.460	-670.57642	349.89297	1000.98303	89.72580	323.26340	-464.21323	-190.95061	360.40259	1306.82080	-213.20573	355.07202	982.99121	-655.60107	354.57425	1314.32422	-413.55383	312.08420	-187.04747				51.06475	332.42642	-141.58221	-383.17236	306.40213	-523.54852	
548	5.470	-670.53656	350.02353	1000.55438	89.44760	323.12442	-464.50842	-190.71533	360.56985	1306.68469	-213.45663	354.90775	983.12488	-655.73804	354.35635	1314.26270	-413.37134	311.86612	-187.01317				50.86052	332.47916	-141.60625	-383.15970	306.41156	-523.53943	
549	5.480	-670.61536	349.72281	1000.81226	89.52798	323.09546	-464.58813	-190.91859	360.32111	1306.69226	-213.34999	355.19965	982.95447	-655.73798	354.35056	1314.25879	-413.55161	312.07227	-187.05070				50.85125	332.47690	-141.60187	-383.16083	306.41397	-523.53809	
550	5.490	-670.82312	349.54523	1000.86676	89.51525	323.16492	-464.42065	-190.90118	360.32214	1306.68738	-213.31522	355.19531	982.95911	-655.50580	354.51874	1314.07214	-413.54666	312.08264	-187.04269				51.20218	332.19177	-141.48505	-383.15930	306.41479	-523.53717	
551	5.500	-670.61420	349.71146	1000.80676	89.66719	323.14496	-464.48831	-190.96297	360.38943	1306.80933	-213.20702	355.06595	982.99341	-655.76154	354.36395	1314.26196	-413.63510	311.88574	-187.14122				51.11955	332.27109	-141.42776	-383.16785	306.40854	-523.54327	
552	5.510	-670.62335	349.83749	1000.37384	89.58675	323.04562	-464.71481	-190.98175	360.37619	1306.80994	-213.48380	354.93027	983.12939	-655.75726	354.27179	1314.65369	-413.69928	312.16766	-186.91646				50.86216	332.46771	-141.58904	-383.18292	306.42291	-523.53711	
553	5.520	-670.84058	349.52414	1000.85718	89.53486	323.24014	-464.24359	-190.89949	360.34164	1306.70215	-213.30591	355.19363	982.96503	-655.67957	354.30756	1314.00854	-413.49805	311.91727	-187.06277				50.85258	332.47586	-141.61484	-383.16614	306.40784	-523.54333	
554	5.530	-670.81012	349.68869	1001.07532	89.54722	323.07892	-464.63013	-191.05788	360.49164	1306.74121	-213.48479	354.91101	983.12982	-655.52130	354.25461	1313.71753	-413.49844	311.91177	-187.06293				51.25826	332.05881	-141.32082	-383.49423	306.36475	-523.89972	
555	5.540	-670.83405	349.64667	1000.42175	89.63543	323.09424	-464.60516	-190.70613	360.55359	1306.67590	-213.47005	354.90829	983.11707	-655.74353	354.28021	1314.66260	-413.64001	311.99628	-186.93442				51.05829	332.43982	-141.59258	-383.17325	306.41315	-523.54144	
556	5.550	-670.59644	349.84274	1000.37366	89.55814	323.13467	-464.49847	-190.98395	360.37314	1306.81934	-213.46751	354.91422	983.12012	-655.74451	354.36478	1314.26221	-413.36420	311.75385	-187.03844				50.85468	332.48856	-141.61798	-383.47928	306.36316	-523.89740	
557	5.560	-670.79883	349.81555	1000.63818	89.56479	323.10199	-464.57739	-190.93163	360.36932	1306.81824	-213.21472	355.08960	982.99432	-655.77277	354.25516	1314.65259	-413.63516	311.99216	-186.93710				51.06021	332.43579	-141.57288	-383.49805	306.37311	-523.89502	
558	5.570	-670.81604	349.63690	1000.41840	89.57185	323.07343	-464.64651	-190.96915	360.39337	1306.81372	-213.22174	355.06427	982.98944	-655.75995	354.25095	1314.65393	-413.55820	312.07727	-187.05067				50.85184	332.48935	-141.62181	-383.61746	306.70706	-523.89795	
559	5.580	-670.54376	349.99417	1000.54132	89.53518	323.06317	-464.66617	-190.97173	360.38837	1306.82385	-213.19075	355.05154	982.99426	-655.67303	354.22571	1314.29993	-413.40045	312.01019	-186.98929				51.05173	332.09924	-141.35989	-383.16681	306.41776	-523.53693	
560	5.590	-670.55988	349.89032	1000.98285	89.58874	323.19424	-464.36029	-191.07242	360.51077	1306.75049	-213.20842	355.09827	982.99066	-655.51312	354.17395	1314.00879	-413.28311	311.96570	-187.29984				51.04384	332.10413	-141.34119	-383.16620	306.42871	-523.52954	
561	5.600	-670.83246	349.52966	1000.85803	89.58057	323.11966	-464.53723	-190.69246	360.55420	1306.68323	-213.46388	354.92499	983.13928	-655.67371	354.21829	1314.29590	-413.37851	311.86966	-187.01074				51.04052	332.10580	-141.34102	-383.16888	306.41382	-523.53998	
562	5.610	-670.61267	349.72803	1000.81256	89.49957	323.06781	-464.65036	-191.00117	360.36655	1306.81995	-213.20204	355.07614	982.98889	-655.67554	354.28992	1314.00305	-413.41348	312.00546	-186.99004				51.25176	332.05872	-141.32460	-383.16940	306.42404	-523.53333	
563	5.620	-670.83173	349.53912	1000.86121	89.53283	323.06430	-464.66315	-190.86328	360.33139	1306.69531	-213.33258	355.19547	982.96912	-655.76752	354.35233	1314.25500	-413.37396	311.87277	-187.01248				51.22258	332.21844	-141.49626	-383.18701	306.41464	-523.54352	
564	5.630	-670.55231	349.87201	1000.97974	89.61263	323.02707	-464.76257	-190.70461	360.54459	1306.67053	-213.50174	354.91156	983.11841	-655.65741	354.31766	1314.01514	-413.40961	312.00452	-186.99219				51.11294	332.27890	-141.43369	-383.16962	306.40887	-523.54346	
565	5.640	-670.78693	349.69647	1001.07562	89.46890	323.08414	-464.60736	-190.88377	360.32376	1306.69995	-213.33945	355.22006	982.96045	-655.76007	354.35123	1314.25659	-413.37323	311.86273	-187.01631				51.04908	332.43903	-141.59944	-383.49554	306.37833	-523.89105	
566	5.650	-670.62378	349.72830	1000.81012	89.52646	322.99698	-464.82306	-190.99258	360.40295	1306.80969	-213.32031	355.20554	982.97186	-655.66681	354.31128	1314.01270	-413.39969	312.00595	-186.99411				50.91682	332.32690	-141.46236	-383.17123	306.40790	-523.54443	
567	5.660	-670.61346	349.74231	1000.81818	89.63113	323.05704	-464.69345	-190.87964	360.33325	1306.69739	-213.20520	355.08609	982.98633	-655.58441	354.58304	1314.32776	-413.50259	311.90845	-187.06306				51.07320	332.44009	-141.58212	-383.17203	306.41251	-523.54156	
568	5.670	-670.79260	349.69482	1001.07550	89.53780	323.08768	-464.60797	-190.96712	360.37637	1306.81152	-213.58673	355.05267	983.09412	-655.52759	354.24643	1313.71545	-413.55276	312.07501	-187.05020				50.86775	332.47906	-141.60870	-383.15576	306.40109	-523.54547	
569	5.680	-670.60706	349.71381	1000.80872	89.44321	323.05646	-464.67007	-190.91046	360.35684	1306.70215	-213.19664	355.06543	982.99060	-655.74487	354.36938	1314.26282	-413.50867	311.91730	-187.06342				50.86262	332.49402	-141.63084	-383.18347	306.42215	-523.53772	
570	5.690	-670.81757	349.53494	1000.86389	89.51852	323.15366	-464.44794	-190.88225	360.31827	1306.69812	-213.33574	355.20047	982.96667	-655.78168	354.33725	1314.25098	-413.49472	311.91528	-187.06709				50.90372	332.32031	-141.46558	-383.50485	306.36490	-523.90198	
571	5.700	-670.61804	349.72324	1000.81250	89.70033	323.04904	-464.72165	-190.71832	360.53302	1306.65027	-213.45128	354.90479	983.13354	-655.75049	354.37268	1314.26331	-413.49075	311.90802	-187.06862				50.84578	332.48068	-141.60426	-383.74429	306.60461	-524.07227	
572	5.710	-670.81366	349.65454	1000.42450	89.65260	323.08182	-464.63715	-190.96947	360.36588	1306.81653	-213.23528	355.05359	982.98401	-655.59338	354.55225	1314.31311	-413.50159	311.91528	-187.05865				51.02297	332.54898	-141.57455	-383.18311	306.41458	-523.54266	
573	5.720	-670.54010	349.99271	1000.54022	89.50340	323.07501	-464.63370	-190.94498	360.38516	1306.80334	-213.21277	355.06842	982.98474	-655.60199	354.47845	1314.72144	-413.57791	311.96130	-187.08777				50.92299	332.33371	-141.45171	-383.17053	306.41080	-523.54236	
574	5.730	-670.81866	349.70038	1001.08081	89.61187	323.06973	-464.66061	-190.95862	360.36679	1306.80725	-213.17847	355.07373	983.00256	-655.52808	354.16251	1314.00256	-413.49509	311.90866	-187.06392				51.04177	332.09506	-141.34752	-383.17371	306.43979	-523.52386	
575	5.740	-670.62366	349.73599	1000.81451	89.53655	323.09695	-464.58566	-190.97205	360.36084	1306.81262	-213.33253	355.21527	982.95898	-655.65607	354.22028	1314.29663	-413.50961	311.89954	-187.06770				51.26308	332.08060	-141.30612	-383.18076	306.40704	-523.54712	
576	5.750	-670.55182	349.87247	1000.97571	89.60171	323.11459	-464.55215	-190.89639	360.33267	1306.71106	-213.32233	355.20935	982.96448	-655.75647	354.35571	1314.26184	-413.50558	311.91162	-187.06654				51.20954	332.20386	-141.48586	-383.17685	306.42181	-523.53650	
577	5.760	-670.84375	349.51648	1000.85181	89.57466	323.02908	-464.75278	-190.95580	360.36655	1306.80200	-213.32253	355.21875	982.96539	-655.70258	354.27771	1313.99976	-413.54922	312.07135	-187.04962				51.01324	332.24216	-141.50151	-383.17743	306.42160	-523.53674	
578	5.770	-670.79919	349.68881	1001.07605	89.47246	323.05392	-464.67996	-190.61360	360.48999	1306.55896	-213.33008	355.20941	982.96515	-655.97864	354.29779	1314.22156	-413.49463	311.90466	-187.06720				50.96214	332.32153	-141.65108	-383.16061	306.41406	-523.53796	
579	5.780	-670.83441	349.54822	1000.86737	89.67268	323.13449	-464.51404	-190.88704	360.34729	1306.68677	-213.29887	355.22327	982.96606	-655.74469	354.36032	1314.26038	-413.55563	312.08182	-187.04538				50.84600	332.49509	-141.60722	-383.16656	306.43152	-523.52777	
580	5.790	-670.81409	349.70331	1001.07990	89.44910	323.04111	-464.70749	-190.96313	360.39069	1306.82214	-213.33377	355.20868	982.97583	-655.59204	354.30646	1313.97168	-413.55307	312.07645	-187.05135				50.84694	332.49020	-141.63654	-383.17258	306.42099	-523.53607	
581	5.800	-670.80035	349.68610	1001.07281	89.67567	323.15985	-464.45383	-190.88739	360.35715	1306.69910	-213.32639	355.20462	982.96161	-655.67084	354.29672	1314.00867	-413.36234	311.86752	-187.00960				50.84528	332.46985	-141.60129	-383.18539	306.41632	-523.54205	
582	5.810	-670.61047	349.73660	1000.81702	89.45220	323.09464	-464.58011	-190.89941	360.32458	1306.69128	-213.35010	355.20358	982.97754	-655.75031	354.35577	1314.26086	-413.49768	311.91074	-187.06578				51.04908	332.45474	-141.58850	-383.17804	306.41006	-523.54456	
583	5.820	-670.81158	349.64771	1000.42297	89.56918	323.12665	-464.51907	-190.96579	360.36832	1306.80505	-213.33037	355.21683	982.95239	-655.74164	354.37143	1314.26416	-413.49417	311.91260	-187.06212				50.85445	332.50333	-141.62389	-383.18295	306.41312	-523.54364	
584	5.830	-670.60400	349.82312	1000.37085	89.49881	323.07251	-464.63907	-190.69185	360.53406	1306.66626	-213.21275	355.06778	982.98474	-655.74878	354.26785	1314.65991	-413.64252	311.99408	-186.93857				50.85810	332.48334	-141.60545	-383.49600	306.37372	-523.89417	
585	5.840	-670.81543	349.64923	1000.42487	89.61570	323.14722	-464.47607	-190.71454	360.52539	1306.66028	-213.46243	354.90573	983.10944	-655.76715	354.23883	1314.64661	-413.56000	312.07315	-187.04851				50.85991	332.50009	-141.61949	-383.49203	306.36627	-523.89819	
586	5.850	-670.79114	349.80295	1000.63733	89.72356	323.15594	-464.46951	-190.95158	360.39252	1306.81531	-213.21158	355.07178	982.98456	-655.65527	354.22543	1314.29846	-413.49542	311.91068	-187.06750				51.24965	332.06433	-141.31851	-383.15128	306.40686	-523.54065	
587	5.860	-670.83301	349.68933	1001.07404	89.60136	323.20563	-464.33478	-190.68105	360.56180	1306.67737	-213.46019	354.90549	983.11780	-655.68060	354.20132	1314.29431	-413.49838	311.91745	-187.06264				51.24442	332.06863	-141.31972	-383.16431	306.42685	-523.53033	
588	5.870	-670.83215	349.50800	1000.85095	89.60480	323.09006	-464.61118	-190.87071	360.33356	1306.69031	-213.33688	355.20889	982.95288	-655.49408	354.49945	1314.06262	-413.56299	312.07373	-187.04880				51.11356	332.27975	-141.44444	-383.17334	306.41907	-523.53754	
589	5.880	-670.84601	349.53033	1000.85468	89.57638	323.13101	-464.50961	-190.63388	360.49350	1306.55579	-213.20204	355.07178	983.00391	-655.76440	354.36612	1314.26074	-413.50165	311.90271	-187.06639				51.04371	332.10812	-141.35162	-383.18051	306.41791	-523.53992	
590	5.890	-670.62360	349.72470	1000.80963	89.66690	323.18680	-464.38837	-190.90138	360.32886	1306.69556	-213.20221	355.06363	982.99695	-655.61078	354.30252	1313.96875	-413.47763	311.82364	-187.07912				50.91631	332.32785	-141.45609	-383.15579	306.41174	-523.53845	
591	5.900	-670.80231	349.65222	1000.42316	89.54553	323.10202	-464.57477	-190.69934	360.57339	1306.68103	-213.20909	355.09201	982.99677	-655.52832	354.26733	1313.71887	-413.49274	311.90613	-187.06433				51.05176	332.10767	-141.34766	-383.17474	306.41019	-523.54370	
592	5.910	-670.60901	349.72794	1000.81012	89.65269	323.09879	-464.59662	-190.96762	360.38492	1306.81860	-213.19420	355.08218	982.99023	-655.65912	354.20657	1314.29736	-413.48911	311.90869	-187.06616				50.90942	332.32803	-141.45993	-383.16278	306.42175	-523.53339	
593	5.920	-670.60529	349.72928	1000.80994	89.50706	323.06735	-464.65247	-190.69966	360.52438	1306.66772	-213.20189	355.04874	982.99115	-655.75079	354.27628	1314.66296	-413.47031	312.17188	-187.33626				51.05110	332.10648	-141.34892	-383.17715	306.41974	-523.53796	
594	5.930	-670.58069	349.87518	1000.97516	89.45403	323.11826	-464.52396	-191.07768	360.49649	1306.74390	-213.21400	355.06699	982.98468	-655.77411	354.25323	1314.65308	-413.40494	312.00067	-186.99435				51.04131	332.12207	-141.35049	-383.16354	306.42368	-523.53229	
595	5.940	-670.79254	349.81238	1000.63995	89.58597	323.04218	-464.72296	-190.93748	360.38049	1306.81018	-213.20120	355.07285	982.99738	-655.86432	354.12256	1314.24744	-413.55872	312.07367	-187.05302				51.04100	332.10187	-141.34192	-383.61407	306.72412	-523.88593	
596	5.950	-670.55682	349.86392	1000.97504	89.48605	323.09525	-464.58307	-190.97403	360.37119	1306.80200	-213.48515	354.89688	983.10980	-655.66052	354.21838	1314.29651	-413.30832	312.10211	-187.28021				50.91960	332.31873	-141.46188	-383.16943	306.40265	-523.54755	
597	5.960	-670.80481	349.68442	1001.07141	89.55839	323.12820	-464.51395	-190.94914	360.35260	1306.80591	-213.48407	354.89291	983.11377	-655.50470	354.44669	1314.36792	-413.36499	311.86102	-187.01581				51.04630	332.09326	-141.34735	-383.17496	306.41138	-523.54297	
598	5.970	-670.82233	349.54266	1000.86407	89.67329	323.18243	-464.39963	-190.97078	360.40353	1306.82178	-213.18970	355.08795	982.99066	-655.65527	354.22562	1314.29993	-413.36966	311.87167	-187.01140				51.02819	332.25638	-141.50133	-383.15848	306.39999	-523.54681	
599	5.980	-670.61829	349.72235	1000.81226	89.60630	323.13226	-464.51059	-190.88136	360.32266	1306.69470	-213.59680	355.03925	983.09601	-655.51257	354.16864	1314.00574	-413.35843	311.87289	-187.01318				51.12644	332.27487	-141.42065	-383.17831	306.41946	-523.53839	
600	5.990	-670.57874	349.87830	1000.97412	89.49409	323.17441	-464.39520	-190.87914	360.32651	1306.69104	-213.31750	355.21515	982.96088	-655.74603	354.36639	1314.26233	-413.46265	312.17654	-187.33356				51.05571	332.42630	-141.58250	-383.17957	306.41379	-523.54242	
601	6.000	-670.82306	349.68405	1001.07190	89.43534	323.10721	-464.54788	-190.63208	360.48129	1306.55811	-213.58133	355.05676	983.11017	-655.57971	354.58292	1314.33020	-413.40738	312.00681	-186.99213				50.85883	332.48825	-141.60883	-383.15280	306.40146	-523.54456	
602	6.010	-670.80646	349.80432	1000.63068	89.56414	323.14886	-464.46539	-190.98755	360.37900	1306.80737	-213.20621	355.08005	982.99487	-655.74255	354.37741	1314.26733	-413.49628	311.92126	-187.06012				50.84241	332.48969	-141.61787	-383.49881	306.36288	-523.90198	
603	6.020	-670.78973	349.77917	1000.62909	89.63300	323.09329	-464.60709	-190.97514	360.36804	1306.81372	-213.45929	354.92343	983.14862	-655.75830	354.27283	1314.65845	-413.41391	312.00385	-186.99411				51.05624	332.42838	-141.59048	-383.19064	306.41574	-523.54358	
604	6.030	-670.80981	349.64868	1000.42511	89.48145	323.08792	-464.60001	-191.00310	360.37375	1306.80615	-213.44487	354.88779	983.12854	-655.77142	354.24652	1314.65015	-413.40253	312.01425	-187.35023				50.85288	332.49335	-141.62564	-383.17911	306.40652	-523.54712	
605	6.040	-670.58545	349.84467	1000.38129	89.65023	323.11053	-464.56821	-190.95084	360.39020	1306.82898	-213.47063	354.89825	983.12695	-655.66638	354.21091	1314.29578	-413.28595	311.96368	-187.29996				51.26105	332.06796	-141.31964	-383.16248	306.41605	-523.53711	
606	6.050	-670.81830	349.64502	1000.42303	89.71696	323.11014	-464.57800	-191.03732	360.50903	1306.75708	-213.21765	355.07458	982.96887	-655.74359	354.27847	1314.66479	-413.27979	311.96701	-187.30101				51.23603	332.22238	-141.48602	-383.18399	306.42499	-523.53601	
607	6.060	-670.58868	349.87033	1000.97192	89.56760	323.07397	-464.64465	-190.96416	360.37524	1306.82080	-213.19804	355.07565	982.98267	-655.51190	354.45154	1314.36462	-413.49915	311.91501	-187.06067				51.25341	332.06192	-141.31885	-383.15778	306.42181	-523.53223	
608	6.070	-670.62378	349.72076	1000.80994	89.51495	323.12766	-464.50955	-190.90637	360.33530	1306.70215	-213.34087	355.21426	982.97321	-655.68176	354.30499	1314.00403	-413.40594	311.99908	-187.35794				51.02627	332.24323	-141.52910	-383.15619	306.40778	-523.54114	
609	6.080	-670.82776	349.52936	1000.85730	89.60212	323.15909	-464.44598	-190.87842	360.31750	1306.68311	-213.21802	355.06073	982.99329	-655.67871	354.31616	1314.01526	-413.49814	311.92001	-187.06100				51.24945	332.06241	-141.32100	-383.60306	306.72113	-523.88544	
610	6.090	-670.58386	349.88281	1000.97314	89.64034	323.18506	-464.38901	-190.97755	360.38007	1306.80542	-213.33029	355.19461	982.96381	-655.66986	354.20993	1314.29541	-413.49704	311.92606	-187.05588				51.27330	332.06653	-141.31989	-383.49316	306.37225	-523.89447	
611	6.100	-670.60950	349.73648	1000.81653	89.73554	323.06061	-464.69870	-190.90465	360.35709	1306.70227	-213.32983	355.21106	982.95825	-655.67084	354.29886	1314.01001	-413.49203	311.90128	-187.06897				50.91470	332.32681	-141.47089	-383.19547	306.42105	-523.54114	
612	6.110	-670.80621	349.68411	1001.07556	89.60282	323.11630	-464.54822	-190.62549	360.49719	1306.55261	-213.34753	355.23135	982.95941	-655.74683	354.36615	1314.26184	-413.38248	311.86148	-187.01782				50.85089	332.48944	-141.62016	-383.16357	306.41031	-523.54114	
613	6.120	-670.82697	349.53287	1000.85938	89.48576	323.19171	-464.35275	-190.95831	360.38031	1306.79346	-213.39386	355.06192	982.74640	-655.60394	354.30441	1313.97144	-413.49731	311.92059	-187.06181				51.06746	332.44897	-141.60550	-383.15506	306.40930	-523.53986	
614	6.130	-670.79712	349.80844	1000.63464	89.43298	323.04272	-464.70154	-190.69655	360.54202	1306.66260	-213.20645	355.06735	983.00189	-655.57507	354.50900	1314.73376	-413.49106	311.91309	-187.06583				50.84968	332.48288	-141.62167	-383.16440	306.41708	-523.53680	
615	6.140	-670.82104	349.65207	1000.42426	89.47810	323.04468	-464.70276	-190.93457	360.38388	1306.81042	-213.21294	355.05246	982.98260	-655.74097	354.36261	1314.26318	-413.50177	311.91699	-187.06271				51.07600	332.43509	-141.57635	-383.62714	306.72476	-523.88843	
616	6.150	-670.54877	349.96744	1000.52936	89.57730	323.11069	-464.55823	-190.97604	360.35669	1306.81299	-213.32979	355.21146	982.97955	-655.74365	354.26059	1314.65869	-413.51724	311.94818	-186.88480				50.85283	332.48236	-141.62392	-383.18427	306.40097	-523.55194	
617	6.160	-670.81708	349.64224	1000.41986	89.58016	323.10721	-464.56696	-190.66771	360.54034	1306.65833	-213.22229	355.05713	982.97882	-655.76257	354.26855	1314.65955	-413.55624	312.07553	-187.04782				51.07185	332.45184	-141.57849	-383.18134	306.41159	-523.54425	
618	6.170	-670.55389	349.99829	1000.53979	89.51971	323.11453	-464.54150	-190.98460	360.37561	1306.81030	-213.22394	355.06418	982.99072	-655.51117	354.43130	1314.35730	-413.36627	311.86487	-187.01059				51.04518	332.42603	-141.59360	-383.16476	306.41745	-523.53668	
619	6.180	-670.79846	349.80014	1000.63013	89.65976	323.16025	-464.45078	-190.96184	360.38135	1306.82324	-213.45840	354.90610	983.13898	-655.68054	354.30789	1314.01013	-413.37613	311.85733	-187.01912				50.91229	332.32309	-141.46867	-383.15176	306.40753	-523.54034	
620	6.190	-670.79309	349.81479	1000.63971	89.53070	323.15421	-464.44818	-190.94638	360.36624	1306.81116	-213.34776	355.20059	982.95410	-655.67261	354.24133	1314.30347	-413.49500	311.90863	-187.06415				51.02022	332.24966	-141.51726	-383.14526	306.39993	-523.54388	
621	6.200	-670.54089	349.99265	1000.53937	89.58935	323.07098	-464.65460	-190.96249	360.36322	1306.81494	-213.18918	355.06033	982.99622	-655.67041	354.21170	1314.29553	-413.37686	311.86606	-187.01456				50.85539	332.48184	-141.60828	-383.16028	306.41241	-523.53900	
622	6.210	-670.58929	349.83667	1000.37476	89.62981	323.09845	-464.59442	-190.70323	360.54758	1306.67444	-213.22484	355.07217	982.98077	-655.39038	354.38242	1314.11060	-413.55750	312.07590	-187.04967				51.04712	332.10071	-141.35184	-383.16913	306.43292	-523.52740	
623	6.220	-670.78534	349.80804	1000.63812	89.47094	323.10745	-464.55200	-191.07082	360.50677	1306.74951	-213.20723	355.07764	982.99255	-655.77386	354.24683	1314.65271	-413.55118	312.08041	-187.04716				51.04619	332.10385	-141.35141	-383.16519	306.42410	-523.53235	
624	6.230	-670.61060	349.71457	1000.80920	89.55807	323.12308	-464.52615	-190.89189	360.30591	1306.69104	-213.59229	355.02362	983.10468	-655.65948	354.23376	1314.30286	-413.37006	311.85986	-187.01517				51.05438	332.08762	-141.33258	-383.49216	306.35593	-523.90509	
625	6.240	-670.61908	349.72629	1000.81036	89.56706	323.22403	-464.28632	-190.96187	360.37012	1306.80334	-213.45036	354.91669	983.13330	-655.65955	354.23251	1314.29541	-413.56152	312.07111	-187.04846				51.04800	332.08823	-141.35091	-383.16318	306.42017	-523.53448	
626	6.250	-670.83118	349.54803	1000.86469	89.61215	323.13898	-464.49530	-190.97758	360.35922	1306.80835	-213.57906	355.06387	983.10815	-655.51593	354.16901	1314.00732	-413.55099	312.08163	-187.04549				51.25420	332.07361	-141.32944	-383.17145	306.42023	-523.53632	
627	6.260	-670.61365	349.72784	1000.81287	89.60680	323.09213	-464.60645	-190.95949	360.37802	1306.80212	-213.44011	354.91293	983.13306	-655.49731	354.52917	1314.07520	-413.37592	311.86600	-187.01276				51.05176	332.10202	-141.34857	-383.48999	306.36670	-523.89746	
628	6.270	-670.57129	349.87881	1000.97986	89.72134	323.17059	-464.43423	-190.97183	360.34937	1306.80176	-213.21800	355.06464	982.99249	-655.51355	354.43417	1314.36182	-413.39795	312.00674	-187.35437				51.02839	332.09689	-141.34758	-383.14670	306.41092	-523.53693	
629	6.280	-670.58533	349.87747	1000.97278	89.58694	323.19025	-464.36957	-190.68965	360.57968	1306.67761	-213.20515	355.08353	982.98615	-655.50116	354.43829	1314.36218	-413.40942	312.00095	-186.99330				51.25493	332.06354	-141.32100	-383.16711	306.40790	-523.54352	
630	6.290	-670.62494	349.74542	1000.81750	89.56555	323.07230	-464.64835	-190.87720	360.33145	1306.71509	-213.45650	354.91046	983.12750	-655.51245	354.26016	1313.71753	-413.49469	311.91562	-187.06618				51.04660	332.10251	-141.35443	-383.60394	306.71710	-523.88831	
631	6.300	-670.62823	349.70807	1000.80377	89.49110	323.02731	-464.74594	-190.89661	360.31006	1306.68921	-213.57344	355.06403	983.10492	-655.67865	354.32001	1314.01282	-413.36935	311.86472	-187.01295				51.23363	332.20547	-141.49138	-383.17081	306.40460	-523.54657	
632	6.310	-670.84558	349.52365	1000.85767	89.59015	323.09482	-464.59784	-190.94930	360.38400	1306.81030	-213.34381	355.21829	982.97131	-655.75793	354.36014	1314.26123	-413.49158	311.91806	-187.06081				50.92310	332.32224	-141.45610	-383.74197	306.59467	-524.07837	
633	6.320	-670.60516	349.71167	1000.80762	89.54688	323.15219	-464.45514	-190.90166	360.34042	1306.70422	-213.33798	355.21228	982.96948	-655.66614	354.31674	1314.01318	-413.48706	311.91507	-187.05524				51.25513	332.05975	-141.33145	-383.17236	306.40964	-523.54352	
634	6.330	-670.65991	349.70148	1000.80157	89.51086	323.11905	-464.52951	-190.91397	360.31390	1306.68359	-213.31508	355.22498	982.95398	-655.50092	354.42529	1314.46814	-413.55099	312.07443	-187.05028				51.21780	332.20236	-141.45612	-383.49756	306.36349	-523.90131	
635	6.340	-670.84119	349.52820	1000.85779	89.58751	323.15167	-464.46176	-190.90794	360.32541	1306.68762	-213.32050	355.21597	982.96686	-655.74286	354.36090	1314.26111	-413.49759	311.90387	-187.06824				51.12976	332.29227	-141.43568	-383.17093	306.42337	-523.53412	
636	6.350	-670.79993	349.66846	1000.43274	89.49272	323.04614	-464.70123	-190.65175	360.50189	1306.54932	-213.31372	355.20395	982.95508	-655.74780	354.36115	1314.26306	-413.49103	311.91412	-187.06483				50.86917	332.47351	-141.60258	-383.15854	306.41135	-523.53931	
637	6.360	-670.79810	349.64676	1000.42480	89.59286	323.19641	-464.35568	-190.88603	360.32614	1306.68652	-213.31587	355.20850	982.95758	-655.73511	354.35861	1314.26099	-413.40988	312.00381	-186.99495				51.06172	332.44067	-141.57735	-383.18027	306.43729	-523.52698	
638	6.370	-670.56354	349.98380	1000.53613	89.62754	323.13919	-464.49680	-190.70538	360.54007	1306.66223	-213.20343	355.07422	982.98602	-655.58807	354.47345	1314.71899	-413.37253	311.86285	-187.01448				50.84723	332.48230	-141.60860	-383.46918	306.36526	-523.89374	
639	6.380	-670.60510	349.83551	1000.37292	89.75178	323.16904	-464.44193	-190.95726	360.36481	1306.83386	-213.20428	355.07404	983.00940	-655.65369	354.22668	1314.29956	-413.55478	312.08249	-187.04340				51.04076	332.10483	-141.35126	-383.59854	306.70071	-523.89795	
640	6.390	-670.55981	349.87354	1000.97418	89.58113	323.03702	-464.73468	-190.69205	360.54593	1306.65894	-213.21603	355.07330	982.98761	-655.60339	354.22687	1314.37341	-413.49380	311.91214	-187.06416				51.04542	332.10916	-141.34985	-383.17395	306.42450	-523.53406	
641	6.400	-670.79871	349.66718	1000.42981	89.65289	323.06427	-464.67902	-191.04770	360.51144	1306.74744	-213.20158	355.07877	982.99567	-655.67224	354.23526	1314.30103	-413.27930	311.96320	-187.30185				51.04082	332.10147	-141.32390	-383.49072	306.36166	-523.90094	
642	6.410	-670.62982	349.72443	1000.81006	89.63746	323.10468	-464.58051	-190.97574	360.36835	1306.81531	-213.32735	355.20261	982.95087	-655.52777	354.26303	1313.71936	-413.49890	311.91013	-187.06386				51.05775	332.10056	-141.33463	-383.16437	306.41232	-523.53998	
643	6.420	-670.83398	349.53442	1000.85956	89.55906	323.08420	-464.61908	-190.97903	360.38193	1306.81213	-213.18440	355.08191	982.97778	-655.66943	354.21533	1314.29211	-413.49274	311.90887	-187.06476				51.04453	332.10886	-141.36661	-383.16608	306.42224	-523.53375	
644	6.430	-670.81555	349.53864	1000.86591	89.59927	323.14236	-464.48550	-190.61990	360.49432	1306.56152	-213.47780	354.92642	983.13123	-655.68011	354.30978	1314.00916	-413.50537	311.90790	-187.06496				51.23800	332.07532	-141.33313	-383.17560	306.41452	-523.54102	
645	6.440	-670.84229	349.51581	1000.85394	89.67142	323.14340	-464.49258	-190.62709	360.49799	1306.55286	-213.20599	355.06613	982.99280	-655.38184	354.36258	1314.10352	-413.38040	311.86505	-187.01424				51.04123	332.10059	-141.33464	-383.16693	306.40936	-523.54248	
646	6.450	-670.84009	349.53973	1000.86139	89.66283	323.08566	-464.62930	-190.88960	360.33972	1306.71155	-213.30034	355.20364	982.96857	-655.60767	354.30270	1313.96667	-413.38055	311.86221	-187.01474				51.26797	332.06833	-141.31737	-383.17560	306.40628	-523.54651	
647	6.460	-670.87158	349.52487	1000.85437	89.72899	323.13184	-464.52774	-190.86874	360.31085	1306.69666	-213.57738	355.04602	983.10040	-655.40387	354.45071	1313.81982	-413.47913	311.91730	-187.06517				51.08221	332.44705	-141.57231	-383.16226	306.41403	-523.53839	
648	6.470	-670.84021	349.51770	1000.85419	89.67226	323.15637	-464.46173	-190.90712	360.30850	1306.69531	-213.33977	355.20245	982.95209	-655.67639	354.31500	1314.01331	-413.40579	312.00797	-186.98877				51.11657	332.28265	-141.43033	-383.49161	306.36465	-523.89917	
649	6.480	-670.80737	349.66562	1000.43054	89.64033	323.08560	-464.62646	-190.91089	360.33911	1306.71082	-213.23526	355.06766	982.99280	-655.65826	354.22678	1314.29895	-413.49011	311.91046	-187.06779				51.06474	332.45728	-141.59116	-383.15527	306.41800	-523.53418	
650	6.490	-670.81592	349.65335	1000.42358	89.53537	323.17551	-464.39798	-190.72710	360.53485	1306.65662	-213.21222	355.06058	982.98627	-655.38452	354.37177	1314.10645	-413.54092	312.06802	-187.05360				51.05744	332.42572	-141.58655	-383.15164	306.41495	-523.53540	
651	6.500	-670.81262	349.67358	1001.06519	89.42117	323.12604	-464.50104	-190.97195	360.37790	1306.81506	-213.21510	355.08121	982.98773	-655.66339	354.21695	1314.29382	-413.50095	311.90866	-187.06357				51.24212	332.05844	-141.33667	-383.61548	306.71078	-523.89508	
652	6.510	-670.83148	349.52969	1000.85767	89.65277	323.22202	-464.30240	-190.89597	360.33469	1306.70227	-213.31339	355.22083	982.96686	-655.77191	354.34634	1314.25574	-413.40280	312.00183	-186.99719				51.06210	332.43881	-141.58446	-383.61597	306.70935	-523.89612	
653	6.520	-670.56000	349.99368	1000.53937	89.53693	323.12433	-464.52039	-190.97961	360.39661	1306.81921	-213.23715	355.06958	982.98315	-655.60986	354.20682	1314.36243	-413.41168	311.99133	-186.99796				51.06667	332.44229	-141.56500	-383.15662	306.41663	-523.53540	
654	6.530	-670.60925	349.84485	1000.37616	89.68135	323.10025	-464.59686	-190.68176	360.53650	1306.66895	-213.21637	355.07681	982.99042	-655.52728	354.44113	1314.35925	-413.55890	312.08371	-187.04651				51.05222	332.08743	-141.33218	-383.62888	306.73352	-523.88300	
655	6.540	-670.82532	349.53906	1000.85956	89.64622	323.09482	-464.60519	-190.88951	360.31909	1306.69067	-213.21996	355.06467	982.99536	-655.51276	354.52875	1314.07715	-413.54691	312.07581	-187.04688				51.05782	332.09204	-141.33116	-383.47421	306.36691	-523.89380	
656	6.550	-670.57465	349.87000	1000.97095	89.54300	323.11890	-464.53418	-190.64005	360.46509	1306.54785	-213.21094	355.07059	982.98749	-655.50800	354.53101	1314.07434	-413.36908	311.86465	-187.01576				51.05407	332.11636	-141.35185	-383.59769	306.71890	-523.88574	
657	6.560	-670.62415	349.73309	1000.81525	89.66096	323.12537	-464.53421	-190.88077	360.34506	1306.69849	-213.34015	355.19766	982.96515	-655.47900	354.51999	1314.07458	-413.49316	311.91409	-187.06088				51.05030	332.10416	-141.34866	-383.17743	306.42603	-523.53381	
658	6.570	-670.62518	349.74210	1000.81897	89.62336	323.21411	-464.31741	-190.87805	360.29816	1306.67554	-213.32472	355.20322	982.96594	-655.76001	354.34885	1314.25720	-413.48865	311.91721	-187.06342				51.12193	332.29422	-141.43192	-383.17310	306.42682	-523.53235	
659	6.580	-670.52551	349.99261	1000.54224	89.56387	323.09848	-464.58563	-190.89719	360.32971	1306.69141	-213.20880	355.06470	982.99292	-655.58002	354.58054	1314.32654	-413.50485	311.91504	-187.06265				50.84802	332.48743	-141.61086	-383.17371	306.42624	-523.53284	
660	6.590	-670.54272	349.99811	1000.54089	89.67021	323.08035	-464.64294	-190.98363	360.36868	1306.80713	-213.31853	355.20718	982.96271	-655.75366	354.37823	1314.26563	-413.40857	311.99908	-186.99846				51.05519	332.43655	-141.58041	-383.17343	306.43451	-523.52734	
661	6.600	-670.55023	349.99979	1000.54126	89.48396	323.11438	-464.53714	-190.93704	360.38623	1306.80432	-213.21007	355.06131	982.98981	-655.74530	354.28455	1314.66272	-413.40164	312.01779	-186.98708				50.86901	332.48010	-141.60950	-383.16370	306.41873	-523.53558	
662	6.610	-670.80292	349.66354	1000.43274	89.53065	323.06369	-464.66431	-190.96796	360.37793	1306.82922	-213.45665	354.90097	983.12128	-655.66907	354.21472	1314.29651	-413.36923	311.87195	-187.00996				51.05112	332.08682	-141.34157	-383.17368	306.42288	-523.53510	
663	6.620	-670.61621	349.72131	1000.81213	89.58223	323.17935	-464.39502	-190.95430	360.37674	1306.80542	-213.18694	355.08499	982.97919	-655.61725	354.29861	1313.96594	-413.49103	311.91785	-187.05907				51.04976	332.09265	-141.34264	-383.16644	306.42395	-523.53271	
664	6.630	-670.63873	349.72162	1000.81036	89.58170	323.17139	-464.41394	-190.90260	360.32147	1306.69202	-213.59816	355.05292	983.10809	-655.66992	354.30511	1314.00879	-413.50430	311.91876	-187.06316				51.24789	332.06042	-141.32895	-383.14291	306.41318	-523.53461	
665	6.640	-670.63776	349.71970	1000.80878	89.76014	323.12067	-464.55856	-190.96725	360.37271	1306.81958	-213.19312	355.07355	982.99298	-655.75714	354.37460	1314.26318	-413.56689	312.07281	-187.05281				51.06253	332.44446	-141.58122	-383.15787	306.41470	-523.53693	
666	6.650	-670.57574	349.83661	1000.37701	89.52276	323.06351	-464.66373	-190.97835	360.37006	1306.81580	-213.22299	355.07642	982.99237	-655.74591	354.26938	1314.65845	-413.63895	311.98996	-186.93877				50.84677	332.47751	-141.60883	-383.14685	306.41824	-523.53210	
667	6.660	-670.55676	350.00439	1000.54236	89.54045	323.10889	-464.55768	-191.07724	360.49307	1306.73804	-213.21977	355.08728	983.00281	-655.75244	354.25357	1314.65393	-413.54535	312.08401	-186.86691				50.99770	332.24933	-141.49573	-383.18286	306.42197	-523.53772	
668	6.670	-670.61884	349.72314	1000.81372	89.61851	323.12308	-464.53409	-190.94649	360.37891	1306.82056	-213.33722	355.20514	982.96942	-655.67517	354.22531	1314.29822	-413.36880	311.87039	-187.00887				51.25863	332.07123	-141.33531	-383.16364	306.41443	-523.53839	
669	6.680	-670.85370	349.53595	1000.85547	89.64335	323.09518	-464.60394	-190.90018	360.30490	1306.69446	-213.58034	355.04410	983.09442	-655.61346	354.29977	1313.96643	-413.49872	311.91422	-187.06700				51.06465	332.11185	-141.33771	-383.60129	306.71677	-523.88794	
670	6.690	-670.85992	349.54077	1000.85608	89.65925	323.01392	-464.80011	-190.85352	360.32904	1306.67566	-213.43915	354.91669	983.11963	-655.74426	354.34949	1314.25684	-413.36603	311.87735	-187.00928				50.92368	332.31802	-141.45490	-383.16220	306.42175	-523.53320	
671	6.700	-670.61163	349.82959	1000.37061	89.51854	323.19394	-464.35181	-190.96324	360.39178	1306.80847	-213.46931	354.92508	983.12689	-655.77863	354.35629	1314.26001	-413.50589	311.91483	-187.06413				50.86235	332.49200	-141.59698	-383.16052	306.40268	-523.54547	
672	6.710	-670.80023	349.80084	1000.63556	89.54683	323.12262	-464.52576	-190.96411	360.36810	1306.81384	-213.46832	354.91818	983.13788	-655.65240	354.22208	1314.30261	-413.51837	311.78409	-187.10092				51.23146	332.21124	-141.47018	-383.16895	306.41595	-523.53857	
673	6.720	-670.63184	349.72638	1000.81110	89.57007	323.10400	-464.57327	-190.61951	360.48022	1306.55627	-213.31645	355.20676	982.95551	-655.88965	354.19891	1313.95447	-413.50131	311.91049	-187.06548				51.25347	332.05780	-141.32390	-383.15674	306.39679	-523.54852	
674	6.730	-670.83972	349.54990	1000.86865	89.63605	323.17279	-464.41776	-190.91638	360.31686	1306.67981	-213.21890	355.08356	982.99829	-655.58679	354.30585	1313.97083	-413.37234	311.87457	-187.00569				51.01222	332.23325	-141.50613	-383.16013	306.42526	-523.53046	
675	6.740	-670.61743	349.84354	1000.37244	89.58453	323.09497	-464.59674	-190.71286	360.54526	1306.66748	-213.21147	355.08499	982.99597	-655.59760	354.31567	1313.97046	-413.49213	311.90784	-187.06633				50.88898	332.29535	-141.45233	-383.16928	306.41190	-523.54138	
676	6.750	-670.80591	349.64526	1000.42236	89.54250	323.14014	-464.48337	-190.97743	360.39838	1306.80591	-213.42322	354.90091	983.13477	-655.75397	354.38235	1314.26758	-413.56534	312.07620	-187.04808				50.86126	332.49356	-141.60214	-383.17401	306.40607	-523.54626	
677	6.760	-670.79492	349.64297	1000.42627	89.53384	323.07898	-464.62820	-190.96609	360.37970	1306.80457	-213.21358	355.07364	982.98853	-655.77325	354.25183	1314.64868	-413.49319	311.92035	-187.06355				51.23992	332.06702	-141.31268	-383.16806	306.40784	-523.54376	
678	6.770	-670.79443	349.65408	1000.42584	89.53206	323.12302	-464.52283	-190.95355	360.38437	1306.80737	-213.20456	355.06223	982.98920	-655.61322	354.20419	1314.36377	-413.48737	311.90543	-187.06987				51.19804	332.21915	-141.49072	-383.16791	306.40274	-523.54712	
679	6.780	-670.76825	349.81424	1000.64154	89.64498	323.14868	-464.47644	-190.75693	360.65851	1306.60657	-213.19669	355.30780	983.18201	-655.64429	354.22467	1314.30188	-413.55212	312.08389	-187.04460				51.22013	332.21771	-141.49461	-383.15555	306.42526	-523.52942	
680	6.790	-670.82349	349.56091	1000.87146	89.56728	323.13596	-464.49661	-190.95613	360.37515	1306.83691	-213.46924	354.92493	983.13367	-655.72394	354.53375	1314.72839	-413.48590	311.91949	-187.05841				51.27349	332.06180	-141.30356	-383.16791	306.41907	-523.53632	
681	6.800	-670.62927	349.72189	1000.80670	89.62680	323.11038	-464.56549	-190.96033	360.36963	1306.81421	-213.45970	354.91202	983.11755	-655.67151	354.21161	1314.29468	-413.50143	311.91003	-187.06511				51.25552	332.07196	-141.34244	-383.17413	306.43234	-523.52887	
682	6.810	-670.60675	349.73828	1000.81561	89.61505	323.17584	-464.40765	-190.89590	360.33240	1306.69531	-213.18910	355.32782	983.19373	-655.52808	354.24994	1313.71997	-413.41519	312.00165	-187.00076				51.06015	332.10522	-141.35745	-383.60074	306.71112	-523.89154	
683	6.820	-670.60883	349.73300	1000.81952	89.64738	323.07837	-464.64468	-190.89926	360.32053	1306.68506	-213.21663	355.06982	982.98767	-655.58691	354.32428	1313.97681	-413.49185	311.90817	-187.06406				51.05748	332.09818	-141.33395	-383.17694	306.41663	-523.53992	
684	6.830	-670.86768	349.52597	1000.85297	89.60169	323.07092	-464.65640	-190.97830	360.38290	1306.81250	-213.46831	354.92148	983.12689	-655.64832	354.21301	1314.29590	-413.40405	312.00674	-186.99342				50.91730	332.31290	-141.44818	-383.14828	306.41104	-523.53723	
685	6.840	-670.83832	349.52707	1000.85724	89.41066	323.03827	-464.70926	-190.86713	360.31543	1306.68970	-213.17941	355.06833	982.97681	-655.48883	354.53961	1314.08069	-413.56189	312.07440	-187.04657				51.10997	332.26627	-141.43840	-383.16449	306.41122	-523.54071	
686	6.850	-670.55579	349.88223	1000.98157	89.57938	323.13434	-464.50208	-190.99854	360.39413	1306.82776	-213.21097	355.07761	982.98120	-655.75983	354.25320	1314.65271	-413.36606	311.87527	-187.01067				51.25089	332.06747	-141.33037	-383.16986	306.42099	-523.53546	
687	6.860	-670.84229	349.53842	1000.86176	89.72354	323.12494	-464.54352	-190.63104	360.48865	1306.55542	-213.23511	355.07587	982.98712	-655.65204	354.23038	1314.30188	-413.37982	311.86191	-187.01620				51.25563	332.06769	-141.31381	-383.17877	306.41483	-523.54156	
688	6.870	-670.84497	349.51807	1000.85559	89.55860	323.10242	-464.57553	-190.70854	360.58725	1306.48926	-213.34387	355.22043	982.96844	-655.66663	354.22299	1314.29822	-413.39828	312.00052	-187.35895				51.05931	332.44623	-141.58401	-383.18039	306.41187	-523.54388	
689	6.880	-670.56390	349.87234	1000.97284	89.58580	323.11255	-464.55496	-190.78152	360.64713	1306.58948	-213.22569	355.08286	982.98553	-655.68243	354.18997	1314.28418	-413.39719	312.00485	-187.35718				51.11033	332.26892	-141.44434	-383.58984	306.72086	-523.88269	
690	6.890	-670.79962	349.80566	1000.63281	89.70184	323.13263	-464.52228	-190.70348	360.55389	1306.67041	-213.22684	355.08823	982.98785	-655.65948	354.21603	1314.29736	-413.56073	312.07043	-187.05118				51.24685	332.05869	-141.32208	-383.15228	306.40408	-523.54272	
691	6.900	-670.60547	349.71970	1000.81055	89.55209	323.03226	-464.74219	-190.71088	360.54211	1306.65625	-213.18253	355.07944	982.98529	-655.49420	354.45416	1314.36890	-413.55560	312.08130	-187.04756				51.11422	332.27673	-141.43643	-383.18063	306.41550	-523.54150	
692	6.910	-670.85626	349.53207	1000.85498	89.53769	323.17453	-464.40063	-190.96396	360.36801	1306.79773	-213.58495	355.06705	983.10162	-655.76477	354.35855	1314.25476	-413.35941	311.87350	-187.01123				51.25055	332.05362	-141.32709	-383.17383	306.41064	-523.54321	
693	6.920	-670.84589	349.53036	1000.85791	89.55161	323.05966	-464.67667	-190.90096	360.32584	1306.69739	-213.33467	355.20560	982.96027	-655.77155	354.35403	1314.25781	-413.36957	311.85358	-187.01999				51.26312	332.04959	-141.30513	-383.15857	306.41794	-523.53497	
694	6.930	-670.62225	349.73624	1000.81818	89.56410	323.11746	-464.54031	-190.90318	360.32452	1306.68457	-213.56659	355.06012	983.09393	-655.68127	354.29303	1314.00574	-413.49371	311.91913	-187.06546				51.22205	332.22400	-141.51282	-383.17831	306.40161	-523.55017	
695	6.940	-670.62000	349.71594	1000.81036	89.52277	323.11780	-464.53409	-190.90785	360.33694	1306.68628	-213.23708	355.06137	982.99237	-655.75586	354.33878	1314.25317	-413.49475	311.91837	-187.06424				51.21983	332.20148	-141.48552	-383.15530	306.43375	-523.52374	
696	6.950	-670.55829	349.88477	1000.98126	89.65221	323.13077	-464.52020	-190.95885	360.40726	1306.81921	-213.31636	355.19577	982.96692	-655.61200	354.31851	1313.97278	-413.37445	311.87161	-187.01135				51.11007	332.27286	-141.43295	-383.17923	306.42584	-523.53436	
697	6.960	-670.79602	349.65549	1000.42657	89.56588	323.11145	-464.55490	-190.95818	360.37085	1306.82288	-213.20161	355.08029	982.99548	-655.59497	354.29837	1313.96802	-413.49081	311.90558	-187.06874				50.84726	332.49109	-141.61853	-383.16135	306.42453	-523.53125	
698	6.970	-670.81006	349.64893	1000.42432	89.45810	323.12231	-464.51477	-190.98163	360.36719	1306.80103	-213.45966	354.89401	983.12170	-655.75482	354.36984	1314.26416	-413.49329	311.90979	-187.06810				50.85123	332.48230	-141.61467	-383.47083	306.36734	-523.89276	
699	6.980	-670.80084	349.65182	1000.42505	89.53860	323.04996	-464.69812	-190.96039	360.37567	1306.81201	-213.47652	354.90927	983.12622	-655.75464	354.26004	1314.65662	-413.49454	311.91470	-187.05945				50.91123	332.31995	-141.45180	-383.14429	306.41733	-523.53217	
700	6.990	-670.82544	349.65256	1000.41931	89.71723	323.13513	-464.51831	-190.97238	360.41464	1306.84216	-213.20378	355.06287	982.98346	-655.58551	354.48633	1314.72583	-413.48361	311.92084	-187.05548				51.11953	332.27328	-141.43463	-383.59897	306.72052	-523.88495	
701	7.000	-670.81757	349.64627	1000.42273	89.54890	323.16541	-464.42389	-190.97612	360.36032	1306.81189	-213.22272	355.07294	982.98883	-655.74146	354.28311	1314.66492	-413.63873	311.99646	-186.93428				51.00781	332.24054	-141.50757	-383.18118	306.42352	-523.53632	
702	7.010	-670.59406	349.84180	1000.37476	89.59511	323.17053	-464.41776	-190.96390	360.37643	1306.81519	-213.20963	355.07068	982.97717	-655.75476	354.28131	1314.65979	-413.49658	311.91226	-187.06241				51.21222	332.20612	-141.47427	-383.15747	306.40771	-523.54150	
703	7.020	-670.54498	349.98383	1000.54303	89.56810	323.13574	-464.49722	-190.95172	360.39413	1306.82654	-213.44115	354.92221	983.13568	-655.59100	354.56546	1314.32153	-413.49661	311.90668	-187.06412				51.01027	332.24777	-141.51358	-383.18823	306.41620	-523.54279	
704	7.030	-670.60956	349.72888	1000.81537	89.53529	323.17438	-464.40067	-190.89282	360.31763	1306.69666	-213.20755	355.06125	982.99048	-655.76733	354.34470	1314.25696	-413.50461	311.90924	-187.06352				51.25430	332.05688	-141.31262	-383.16116	306.42694	-523.52954	
705	7.040	-670.83221	349.69791	1001.07623	89.44424	323.12921	-464.49649	-190.91312	360.31631	1306.70447	-213.55620	355.05215	983.09766	-655.73828	354.36334	1314.26318	-413.41058	312.00641	-186.98988				50.86003	332.49539	-141.61627	-383.17078	306.41971	-523.53650	
706	7.050	-670.85284	349.52765	1000.85376	89.48937	323.09863	-464.57544	-190.87793	360.30603	1306.68884	-213.33678	355.21826	982.97742	-655.75684	354.36823	1314.26501	-413.55661	312.08252	-187.04521				50.86397	332.47659	-141.61420	-383.16724	306.41217	-523.54071	
707	7.060	-670.82050	349.69086	1001.07080	89.67610	323.12033	-464.54828	-191.00342	360.39307	1306.82617	-213.45111	354.91467	983.13916	-655.76166	354.35150	1314.25842	-413.50305	311.91525	-187.06557				50.86316	332.48032	-141.61459	-383.60242	306.72134	-523.88513	
708	7.070	-670.77094	349.80872	1000.64227	89.62686	323.13864	-464.49808	-190.96480	360.37457	1306.79932	-213.22112	355.08041	982.98486	-655.77649	354.19760	1313.92017	-413.49780	311.91644	-187.06102				50.85173	332.48294	-141.60901	-383.16412	306.42270	-523.53308	
709	7.080	-670.82574	349.64246	1000.41663	89.49450	323.10229	-464.56738	-190.98384	360.39059	1306.81543	-213.20023	355.08203	982.98828	-655.76508	354.25854	1314.65735	-413.49426	311.91147	-187.06186				50.85284	332.48770	-141.60965	-383.16312	306.41592	-523.53729	
710	7.090	-670.79620	349.65085	1000.42621	89.54461	323.08368	-464.61847	-190.98753	360.38718	1306.81360	-213.21799	355.07132	982.98193	-655.74365	354.25528	1314.65479	-413.54691	312.07974	-187.04929				50.85303	332.47565	-141.62337	-383.16272	306.40689	-523.54321	
711	7.100	-670.80536	349.66217	1000.42584	89.52792	323.05716	-464.67957	-190.94907	360.39285	1306.81738	-213.22084	355.07361	982.99835	-655.74890	354.26398	1314.65710	-413.40918	311.99808	-186.99678				50.86053	332.50189	-141.60490	-383.15424	306.41614	-523.53516	
712	7.110	-670.60400	349.84180	1000.37305	89.63092	323.21066	-464.32663	-190.97581	360.36960	1306.79871	-213.21875	355.08936	982.97064	-655.38019	354.37476	1314.10693	-413.51349	311.91614	-187.05937				50.90704	332.33914	-141.46175	-383.16367	306.40961	-523.54163	
713	7.120	-670.79236	349.80627	1000.64044	89.55199	323.14240	-464.47922	-190.94778	360.38412	1306.81665	-213.20973	355.07275	982.98120	-655.67676	354.22272	1314.29858	-413.59747	312.43661	-187.49046				50.86559	332.48029	-141.61487	-383.16772	306.40723	-523.54407	
714	7.130	-670.55219	349.99213	1000.53998	89.54007	323.08557	-464.61331	-190.96910	360.36844	1306.79712	-213.19475	355.06592	982.99860	-655.66675	354.23270	1314.30176	-413.57278	312.06952	-187.05338				50.99223	332.26538	-141.53822	-383.15778	306.40836	-523.54114	
715	7.140	-670.83032	349.53784	1000.86548	89.56128	323.09406	-464.59583	-190.76428	360.64767	1306.58411	-213.21356	355.09711	982.98883	-655.64478	354.22113	1314.30042	-413.46063	312.17786	-187.33076				51.00983	332.24185	-141.51695	-383.48105	306.35840	-523.90100	
716	7.150	-670.84827	349.52951	1000.85699	89.64001	323.07974	-464.64041	-190.69196	360.55029	1306.66199	-213.46965	354.91092	983.13678	-655.68988	354.31122	1314.00842	-413.56281	312.07126	-187.05139				51.03286	332.10684	-141.34044	-383.16968	306.42563	-523.53235	
717	7.160	-670.81152	349.69272	1001.07599	89.55930	323.05884	-464.67966	-190.88277	360.31436	1306.69043	-213.57875	355.04944	983.10535	-655.65778	354.20099	1314.29138	-413.48859	311.90723	-187.06424				51.27067	332.06821	-141.30804	-383.13364	306.40652	-523.53693	
718	7.170	-670.58221	349.87866	1000.97595	89.45219	323.09027	-464.59052	-190.88365	360.34280	1306.71143	-213.34415	355.46313	983.15100	-655.75513	354.37311	1314.26892	-413.50385	311.90567	-187.06990				51.13138	332.28415	-141.43675	-383.17032	306.41678	-523.53839	
719	7.180	-670.62299	349.70682	1000.80316	89.70363	323.24646	-464.25076	-190.87378	360.33179	1306.69214	-213.33438	355.21561	982.96997	-655.74652	354.35455	1314.25854	-413.40067	312.00659	-186.99196				50.85300	332.46924	-141.59138	-383.59518	306.70657	-523.89331	
720	7.190	-670.78033	349.81134	1000.63831	89.54612	323.12225	-464.52652	-190.95651	360.38116	1306.81262	-213.32524	355.20670	982.96338	-655.75421	354.35803	1314.26013	-413.55328	312.08536	-187.04747				50.84837	332.49115	-141.59482	-383.16235	306.41995	-523.53448	
721	7.200	-670.82800	349.64145	1000.41626	89.62389	323.16840	-464.42661	-190.71927	360.51318	1306.65955	-213.22191	355.06375	982.98468	-655.60376	354.31046	1313.97510	-413.49734	311.90915	-187.06158				51.08896	332.44852	-141.57372	-383.15311	306.40604	-523.54163	
722	7.210	-670.82623	349.65128	1000.42151	89.59894	323.08942	-464.61185	-190.96001	360.38593	1306.80457	-213.45427	354.91104	983.12909	-655.50311	354.44550	1314.36707	-413.49652	311.91266	-187.06699				51.06559	332.45593	-141.57683	-383.16507	306.40796	-523.54303	
723	7.220	-670.82037	349.63519	1000.42023	89.58527	323.17834	-464.39777	-190.97281	360.39111	1306.82654	-213.20535	355.06219	982.99603	-655.76434	354.35587	1314.25818	-413.50378	311.90726	-187.06425				50.85671	332.48404	-141.62498	-383.16599	306.40958	-523.54218	
724	7.230	-670.58942	349.85410	1000.38214	89.58893	323.13712	-464.49664	-190.95386	360.34933	1306.81140	-213.20187	355.08832	983.00641	-655.76611	354.26001	1314.65503	-413.49844	311.90939	-187.06508				50.85299	332.48254	-141.61372	-383.48773	306.36661	-523.89703	
725	7.240	-670.76038	349.79541	1000.63422	89.70584	323.06683	-464.67993	-190.97545	360.37903	1306.81409	-213.45656	354.91544	983.12396	-655.75830	354.27307	1314.66040	-413.41074	312.00143	-186.99609				51.06616	332.43161	-141.57555	-383.17761	306.41443	-523.54156	
726	7.250	-670.59955	349.84549	1000.37738	89.67718	323.05246	-464.71042	-190.98454	360.37787	1306.80786	-213.23615	355.07645	982.97101	-655.75812	354.36288	1314.26160	-413.55560	312.07178	-187.05341				50.84291	332.47498	-141.62718	-383.16843	306.40207	-523.54767	
727	7.260	-670.60077	349.83609	1000.37250	89.51613	323.09814	-464.58014	-190.98787	360.36349	1306.81055	-213.32576	355.20605	982.97089	-655.60370	354.30301	1313.96887	-413.55469	312.07321	-187.05115				50.84653	332.48953	-141.61441	-383.16632	306.40463	-523.54553	
728	7.270	-670.80371	349.65302	1000.42413	89.52427	323.16824	-464.41385	-190.97896	360.39035	1306.80383	-213.45184	354.92194	983.12579	-655.77386	354.12338	1314.32178	-413.49841	311.91946	-187.06082				51.06488	332.44070	-141.58260	-383.15399	306.40173	-523.54468	
729	7.280	-670.59729	349.82782	1000.36908	89.65251	323.06830	-464.66937	-190.95619	360.39352	1306.80237	-213.45454	354.91873	983.13550	-655.60608	354.21036	1314.36621	-413.48746	311.91647	-187.05753				50.86848	332.48929	-141.58638	-383.17514	306.42468	-523.53418	
730	7.290	-670.54541	349.99146	1000.54010	89.49107	323.06152	-464.66431	-190.69623	360.55609	1306.68140	-213.45799	354.90771	983.13068	-655.76031	354.26154	1314.65833	-413.40247	312.00494	-186.98956				51.03996	332.09543	-141.34065	-383.17630	306.39728	-523.55261	
731	7.300	-670.60669	349.73627	1000.82104	89.62669	323.15521	-464.45847	-190.68169	360.51505	1306.66943	-213.23479	355.07315	982.99860	-655.50958	354.45093	1314.36414	-413.49768	311.91855	-187.06180				51.26099	332.06537	-141.32039	-383.16788	306.41687	-523.53772	
732	7.310	-670.63141	349.72809	1000.80963	89.52843	323.13159	-464.50192	-190.97646	360.36713	1306.80518	-213.32375	355.19501	982.96002	-655.66809	354.22028	1314.29724	-413.49780	311.91254	-187.06723				51.02615	332.09958	-141.34377	-383.15271	306.40778	-523.54034	
733	7.320	-670.79572	349.69012	1001.07410	89.66008	323.06799	-464.67108	-190.70992	360.55789	1306.68555	-213.47423	354.90555	983.11987	-655.51349	354.17245	1314.00842	-413.37537	311.86444	-187.01544				51.24277	332.06137	-141.33249	-383.16925	306.42136	-523.53510	
734	7.330	-670.83350	349.52762	1000.85486	89.59490	323.10684	-464.56973	-190.89429	360.33826	1306.70715	-213.22232	355.08328	982.98859	-655.50067	354.44791	1314.36731	-413.49689	311.91238	-187.06705				50.84201	332.48251	-141.62273	-383.14377	306.41318	-523.53479	
735	7.340	-670.62012	349.73068	1000.81317	89.48946	323.09329	-464.58826	-190.85316	360.31729	1306.69421	-213.22897	355.05853	982.99255	-655.65948	354.23083	1314.30396	-413.49869	311.91443	-187.06474				51.25000	332.05582	-141.32205	-383.17490	306.40793	-523.54523	
736	7.350	-670.81061	349.68808	1001.07056	89.60062	323.12012	-464.53882	-190.90082	360.30997	1306.69214	-213.46466	354.91873	983.13477	-655.66058	354.22470	1314.30188	-413.49695	311.90677	-187.06975				51.05595	332.11816	-141.35213	-383.14853	306.41669	-523.53351	
737	7.360	-670.83380	349.69559	1001.07477	89.65197	323.07364	-464.65656	-190.98601	360.37848	1306.81055	-213.18135	355.07617	982.99792	-655.66248	354.22656	1314.29993	-413.32007	312.09436	-187.28470				51.24923	332.06009	-141.32234	-383.16891	306.40787	-523.54395	
738	7.370	-670.60339	349.83212	1000.36755	89.60463	323.07706	-464.64215	-190.97908	360.37607	1306.81958	-213.23232	355.06470	982.97217	-655.66614	354.22391	1314.29639	-413.48868	311.90466	-187.06560				51.06195	332.12057	-141.34164	-383.16052	306.41806	-523.53528	
739	7.380	-670.85779	349.52164	1000.85474	89.65704	323.11197	-464.56573	-190.97287	360.37732	1306.82117	-213.20253	355.08401	983.01050	-655.60010	354.21387	1314.36804	-413.35947	311.86554	-187.01610				51.22839	332.21417	-141.49445	-383.17264	306.41385	-523.54083	
740	7.390	-670.83099	349.52542	1000.86169	89.66897	323.08704	-464.62683	-190.95723	360.40421	1306.81128	-213.22615	355.07031	982.99243	-655.75916	354.34848	1314.25745	-413.49371	311.91196	-187.06721				50.84468	332.47772	-141.62158	-383.17389	306.39609	-523.55286	
741	7.400	-670.59229	349.83911	1000.37390	89.51208	323.12711	-464.51047	-190.88292	360.31863	1306.70959	-213.34126	355.20831	982.95471	-655.49463	354.50046	1314.06348	-413.49359	311.91129	-187.06523				51.05154	332.42627	-141.58932	-383.16837	306.41562	-523.53870	
742	7.410	-670.85590	349.52750	1000.85431	89.63706	323.12146	-464.54041	-190.88782	360.33759	1306.69397	-213.21204	355.07584	982.99207	-655.51257	354.53412	1314.07678	-413.49768	311.91013	-187.06686				51.11015	332.28250	-141.45018	-383.49271	306.35822	-523.90369	
743	7.420	-670.57397	349.88400	1000.97711	89.54087	323.13260	-464.50116	-190.98869	360.37601	1306.81909	-213.32312	355.19806	982.95959	-655.51532	354.15646	1314.00525	-413.49744	311.91113	-187.06276				51.23218	332.20758	-141.46875	-383.14410	306.40961	-523.53723	
744	7.430	-670.56342	349.87958	1000.97797	89.61171	323.07999	-464.63611	-190.89941	360.31519	1306.68848	-213.48044	354.90799	983.12134	-655.68683	354.30417	1314.00183	-413.49472	311.91446	-187.06369				51.24443	332.05258	-141.31900	-383.47934	306.35416	-523.90338	
745	7.440	-670.60254	349.82843	1000.37000	89.72250	323.12524	-464.54266	-190.70372	360.53680	1306.67419	-213.21738	355.06485	982.98395	-655.66681	354.21030	1314.29211	-413.49701	311.91574	-187.06094				51.03654	332.08389	-141.36723	-383.15897	306.42178	-523.53247	
746	7.450	-670.60071	349.84354	1000.37610	89.60480	323.10068	-464.58578	-190.68852	360.52762	1306.66858	-213.43791	354.93036	983.12085	-655.75134	354.25058	1314.65271	-413.37271	311.86978	-187.01067				51.07004	332.44070	-141.57945	-382.94550	306.12384	-523.22473	
747	7.460	-670.79071	349.80396	1000.64111	89.53602	323.16602	-464.42072	-190.98471	360.38162	1306.81470	-213.21678	355.07425	982.99536	-655.65326	354.21786	1314.29993	-413.49521	311.90887	-187.06369				51.22855	332.20963	-141.48061	-383.18304	306.41141	-523.54480	
748	7.470	-670.54327	350.00916	1000.54456	89.68650	323.11716	-464.55719	-190.97418	360.37552	1306.80664	-213.20972	355.07074	982.98938	-655.76630	354.24231	1314.64990	-413.49518	311.91843	-187.06256				50.85813	332.48431	-141.61981	-383.15103	306.40466	-523.54205	
749	7.480	-670.77887	349.81729	1000.64349	89.56890	323.06989	-464.65454	-190.67793	360.54672	1306.66675	-213.18584	355.06271	982.98175	-655.74005	354.26712	1314.65991	-413.46402	312.16705	-187.33742				51.22313	332.20566	-141.48386	-383.16931	306.41107	-523.54193	
750	7.490	-670.80444	349.80890	1000.63257	89.55003	323.11615	-464.54160	-190.92897	360.37756	1306.82764	-213.45795	354.91165	983.12982	-655.66895	354.21359	1314.29272	-413.49585	311.91449	-187.05995				51.10745	332.27917	-141.45526	-383.17676	306.42029	-523.53748	
751	7.500	-670.85150	349.52658	1000.85840	89.61737	323.12173	-464.53714	-190.95726	360.37332	1306.79846	-213.47511	354.90906	983.13214	-655.66675	354.21695	1314.29260	-413.36563	311.86237	-187.01411				51.01262	332.25714	-141.50423	-383.48535	306.35504	-523.90411	
752	7.510	-670.81305	349.79639	1000.63123	89.60426	323.16272	-464.43759	-190.94264	360.38580	1306.82751	-213.21167	355.05328	982.99536	-655.51282	354.14752	1313.99805	-413.49390	311.90881	-187.07048				51.25417	332.06717	-141.32594	-383.59180	306.69876	-523.89771	
753	7.520	-670.61884	349.72333	1000.81433	89.64883	323.10089	-464.59106	-190.95454	360.38550	1306.81482	-213.21234	355.09567	982.97485	-655.76910	354.25452	1314.65308	-413.55563	312.08191	-187.04398				51.26419	332.05835	-141.31367	-383.16458	306.41714	-523.53680	
754	7.530	-670.62225	349.72751	1000.81531	89.47718	323.05161	-464.68613	-190.97517	360.38113	1306.82617	-213.22151	355.06693	982.99359	-655.59265	354.21869	1314.37183	-413.49521	311.91461	-187.06071				51.05085	332.10547	-141.35565	-383.16196	306.41159	-523.53992	
755	7.540	-670.57916	349.87021	1000.97809	89.62368	323.16467	-464.43552	-190.88528	360.34451	1306.68372	-213.31195	355.21753	982.97046	-655.50037	354.16916	1314.01062	-413.50024	311.91040	-187.06667				51.05153	332.10703	-141.33939	-383.16852	306.41190	-523.54120	
756	7.550	-670.63922	349.72433	1000.81000	89.53240	323.13785	-464.48755	-190.96210	360.39975	1306.81628	-213.20465	355.06439	982.99280	-655.50989	354.53918	1314.07935	-413.50281	311.91574	-187.06558				51.05081	332.10632	-141.34279	-383.61151	306.71146	-523.89374	
757	7.560	-670.79962	349.69040	1001.07440	89.58267	323.06427	-464.66977	-190.94102	360.37576	1306.81836	-213.22618	355.08578	982.98370	-655.52594	354.16815	1314.00647	-413.37189	311.86432	-187.01526				51.25023	332.04126	-141.31424	-383.16339	306.39709	-523.54987	
758	7.570	-670.81256	349.71078	1001.08319	89.53900	323.07233	-464.64481	-190.95064	360.38959	1306.82581	-213.33072	355.19888	982.97382	-655.39362	354.37448	1314.10681	-413.49014	311.92389	-187.05789				51.25309	332.06250	-141.32594	-383.16333	306.39859	-523.54883	
759	7.580	-670.81042	349.54294	1000.86530	89.66402	323.10699	-464.57849	-190.88983	360.32248	1306.69141	-213.34900	355.19867	982.96625	-655.64740	354.22427	1314.29919	-413.49374	311.90878	-187.06352				51.25685	332.07803	-141.31667	-383.15997	306.39639	-523.54956	
760	7.590	-670.79907	349.70187	1001.08038	89.61732	323.12167	-464.53726	-190.89104	360.33621	1306.71436	-213.57397	355.04932	983.09955	-655.73865	354.36606	1314.26306	-413.50168	311.90958	-187.06607				51.05745	332.44095	-141.59036	-383.17899	306.41690	-523.54022	
761	7.600	-670.55499	350.00635	1000.54321	89.60245	323.09842	-464.59088	-190.63596	360.47235	1306.55273	-213.60683	355.05820	983.10046	-655.57263	354.59955	1314.33496	-413.50659	311.91589	-187.06163				50.83455	332.47852	-141.58826	-383.16364	306.39780	-523.54944	
762	7.610	-670.83270	349.54169	1000.86200	89.66614	323.11893	-464.55029	-190.87407	360.33853	1306.68982	-213.30974	355.21542	982.96851	-655.60400	354.30975	1313.97192	-413.41541	312.00760	-186.99197				50.89695	332.31833	-141.47838	-383.17343	306.42050	-523.53656	
763	7.620	-670.85522	349.53375	1000.85931	89.58907	323.16852	-464.42172	-190.89391	360.32236	1306.69617	-213.34795	355.20703	982.97369	-655.60071	354.58200	1314.32727	-413.54565	312.09546	-187.03738				50.85556	332.47519	-141.61838	-383.17059	306.42142	-523.53534	
764	7.630	-670.63544	349.71396	1000.80560	89.53793	323.12225	-464.52545	-190.87943	360.34509	1306.69641	-213.19603	355.07227	982.98566	-655.73438	354.37177	1314.26563	-413.38333	311.86038	-187.01617				50.85917	332.48593	-141.60762	-383.61923	306.70761	-523.89801	
765	7.640	-670.55609	349.87512	1000.97980	89.56461	323.22775	-464.27707	-190.64166	360.51489	1306.56226	-213.19962	355.06424	982.99609	-655.60217	354.30417	1313.96997	-413.37137	311.86520	-187.01115				51.06085	332.43384	-141.57985	-383.15884	306.40277	-523.54504	
766	7.650	-670.52307	350.00900	1000.54858	89.63577	323.09686	-464.59894	-190.89026	360.32593	1306.70129	-213.34230	355.21521	982.97809	-655.46918	354.50949	1314.06958	-413.49857	311.91809	-187.06178				51.06353	332.45316	-141.59305	-383.15585	306.41003	-523.53961	
767	7.660	-670.82123	349.68045	1001.06934	89.65802	323.21802	-464.31265	-190.86244	360.31561	1306.69409	-213.35376	355.19211	982.95361	-655.74658	354.36600	1314.26147	-413.49310	311.91977	-187.06062				50.85728	332.48389	-141.60323	-383.16788	306.40356	-523.54657	
768	7.670	-670.61835	349.70648	1000.80530	89.55894	323.09818	-464.58569	-190.89569	360.32278	1306.68921	-213.31967	355.20932	982.97333	-655.75134	354.35962	1314.26257	-413.54251	312.07407	-187.04930				51.05956	332.43103	-141.57382	-383.49194	306.33749	-523.91724	
769	7.680	-670.77637	349.81232	1000.64160	89.56892	323.20786	-464.32516	-190.98277	360.38797	1306.81226	-213.19537	355.09167	982.99164	-655.58881	354.49118	1314.72620	-413.50507	311.91412	-187.06331				51.02961	332.42868	-141.58737	-383.16763	306.41229	-523.54071	
770	7.690	-670.81183	349.66281	1000.42603	89.63188	323.17737	-464.40622	-190.97227	360.38226	1306.81812	-213.21147	355.05023	982.98004	-655.58459	354.32184	1313.97449	-413.49799	311.91415	-187.06084				51.05988	332.43939	-141.58833	-383.17651	306.41650	-523.53992	
771	7.700	-670.53821	349.98859	1000.53845	89.57771	323.12924	-464.51404	-191.00945	360.43118	1306.64783	-213.19815	355.05954	982.98010	-655.66144	354.21127	1314.29382	-413.40405	312.00958	-186.99319				51.02415	332.25040	-141.49803	-383.16269	306.41397	-523.53851	
772	7.710	-670.58630	349.82339	1000.36853	89.66260	323.07071	-464.66498	-190.68704	360.53143	1306.65784	-213.20761	355.07681	982.99255	-655.60901	354.20624	1314.36536	-413.48965	311.90509	-187.06529				51.04970	332.44742	-141.60286	-383.18469	306.41962	-523.53973	
773	7.720	-670.81989	349.68481	1001.07147	89.55846	323.10410	-464.57147	-190.69398	360.51590	1306.66455	-213.46504	354.89526	983.12061	-655.60699	354.49957	1314.72632	-413.56192	312.08325	-187.04512				51.21707	332.21631	-141.49290	-383.17371	306.42068	-523.53650	
774	7.730	-670.56067	349.99152	1000.53796	89.57401	323.00546	-464.80902	-190.96205	360.37421	1306.81396	-213.21741	355.06635	982.98187	-655.75671	354.25000	1314.65259	-413.40356	312.00281	-186.99646				51.03379	332.09851	-141.34406	-383.15860	306.40546	-523.54321	
775	7.740	-670.54047	349.99850	1000.53955	89.61183	323.26370	-464.19751	-190.69585	360.54474	1306.66455	-213.20453	355.10220	983.00348	-655.75262	354.26379	1314.65869	-413.40863	312.00681	-186.99243				50.90207	332.31635	-141.45413	-383.16217	306.41992	-523.53442	
776	7.750	-670.81018	349.64252	1000.42334	89.55882	323.07770	-464.63458	-190.97922	360.38602	1306.81909	-213.20728	355.07431	982.97144	-655.58948	354.50229	1314.73083	-413.37613	311.86285	-187.01422				50.85020	332.47986	-141.61595	-383.17151	306.40439	-523.54681	
777	7.760	-670.53821	350.00571	1000.54315	89.49086	323.15952	-464.43030	-190.97285	360.39581	1306.81909	-213.47910	354.90921	983.12909	-655.59955	354.49768	1314.72766	-413.48563	311.91580	-187.06416				50.90938	332.31409	-141.45505	-383.18225	306.42142	-523.53796	
778	7.770	-670.80475	349.81946	1000.63989	89.60734	323.17395	-464.41116	-190.73056	360.54852	1306.67932	-213.21126	355.06448	982.98486	-655.62073	354.20923	1314.36646	-413.49136	311.91934	-187.06129				51.04927	332.44363	-141.58525	-383.16083	306.39835	-523.54846	
779	7.780	-670.80048	349.63031	1000.41754	89.58883	323.18445	-464.38364	-190.93048	360.37756	1306.82336	-213.20367	355.04904	982.98798	-655.74023	354.27609	1314.66101	-413.41263	311.99918	-186.99202				50.90996	332.32645	-141.45039	-383.16669	306.39484	-523.55206	
780	7.790	-670.80463	349.80573	1000.63818	89.60144	323.07645	-464.64319	-190.95140	360.39005	1306.82471	-213.20625	355.07431	983.00592	-655.60358	354.58643	1314.32837	-413.48721	311.90579	-187.06177				51.04867	332.42899	-141.57440	-383.48679	306.34637	-523.91022	
781	7.800	-670.54254	350.00293	1000.54694	89.67938	323.08051	-464.64374	-191.05281	360.52286	1306.74023	-213.47652	354.89182	983.12476	-655.50635	354.44211	1314.36511	-413.56052	312.08163	-187.04555				51.22543	332.19366	-141.49579	-383.59335	306.70667	-523.89282	
782	7.810	-670.83868	349.54602	1000.86499	89.50842	323.07434	-464.63596	-190.96484	360.37808	1306.80872	-213.42853	354.92444	983.12695	-655.64679	354.24396	1314.30420	-413.49973	311.91388	-187.06502				51.03778	332.10187	-141.35471	-383.50879	306.36215	-523.90466	
783	7.820	-670.82697	349.54562	1000.86377	89.57344	323.12350	-464.52716	-190.98399	360.39423	1306.81091	-213.19931	355.06400	982.97656	-655.66760	354.21585	1314.29749	-413.49106	311.91617	-187.06210				51.22405	332.22034	-141.48209	-383.14990	306.40405	-523.54224	
784	7.830	-670.80768	349.68637	1001.07129	89.63776	323.08673	-464.62344	-190.97995	360.38062	1306.80701	-213.32239	355.21506	982.96661	-655.49292	354.52499	1314.07678	-413.50311	311.91464	-187.06177				51.04332	332.09814	-141.32207	-383.17908	306.40625	-523.54730	
785	7.840	-670.81445	349.68610	1001.07397	89.50899	323.11380	-464.54184	-190.87666	360.35193	1306.70703	-213.30620	355.21112	982.95874	-655.75641	354.37018	1314.26257	-413.36438	311.86478	-187.00838				51.00710	332.27258	-141.53677	-383.62076	306.68930	-523.91046	
786	7.850	-670.61853	349.72089	1000.80798	89.44650	323.13388	-464.48569	-190.91487	360.32019	1306.70081	-213.31256	355.21097	982.95294	-655.59943	354.32651	1313.97803	-413.41025	311.98914	-187.00140				51.03132	332.09448	-141.34145	-383.17307	306.40466	-523.54700	
787	7.860	-670.56812	349.88028	1000.97449	89.58232	323.13275	-464.50626	-190.90155	360.33807	1306.68958	-213.33215	355.20013	982.96332	-655.75110	354.37433	1314.26514	-413.37164	311.86725	-187.01154				51.26266	332.06497	-141.34099	-383.16418	306.40009	-523.54803	
788	7.870	-670.62659	349.73831	1000.81714	89.58324	323.11600	-464.54636	-190.69168	360.54984	1306.67468	-213.34203	355.22006	982.96100	-655.51538	354.16537	1314.00684	-413.48279	311.91000	-187.06104				51.24517	332.05240	-141.32993	-383.16763	306.41385	-523.53967	
789	7.880	-670.58783	349.84122	1000.37506	89.63361	323.10562	-464.57776	-190.85579	360.33447	1306.69714	-213.17854	355.06396	983.00201	-655.66479	354.22418	1314.30200	-413.49512	311.91531	-187.05843				51.04731	332.08664	-141.33821	-383.15912	306.40396	-523.54431	
790	7.890	-670.82544	349.55374	1000.86975	89.68031	323.18417	-464.39639	-190.67757	360.53299	1306.67639	-213.43336	354.89502	983.13721	-655.66626	354.21729	1314.29553	-413.50375	311.90891	-187.06143				51.04818	332.09109	-141.35316	-383.17490	306.39655	-523.55280	
791	7.900	-670.60730	349.72028	1000.80817	89.59347	323.20526	-464.33459	-190.97710	360.35828	1306.79810	-213.20392	355.05237	982.98285	-655.65924	354.19403	1314.28943	-413.48834	311.90112	-187.07018				50.85789	332.49149	-141.62000	-383.15579	306.40036	-523.54596	
792	7.910	-670.80432	349.65106	1000.42523	89.57189	323.12497	-464.52347	-190.97318	360.38843	1306.81140	-213.19536	355.07761	983.00208	-655.40204	354.35864	1314.10632	-413.50418	311.90933	-187.06261				50.99847	332.25491	-141.52545	-383.17084	306.39337	-523.55396	
793	7.920	-670.79260	349.78729	1000.62921	89.61058	323.16507	-464.43283	-190.68703	360.53885	1306.66431	-213.18620	355.07275	982.99188	-655.47675	354.42178	1314.47156	-413.38065	311.86548	-187.01131				50.92862	332.33182	-141.45532	-383.16183	306.40027	-523.54742	
794	7.930	-670.53967	349.99631	1000.54120	89.64746	323.12204	-464.54044	-190.68187	360.52640	1306.67603	-213.18083	355.08505	982.99115	-655.67365	354.21146	1314.29626	-413.32666	312.09344	-187.28258				51.21792	332.20325	-141.48198	-383.18613	306.41528	-523.54291	
795	7.940	-670.83142	349.68805	1001.07611	89.55888	323.20972	-464.31943	-190.68961	360.54181	1306.67285	-213.18130	355.06473	982.98779	-655.49396	354.16531	1314.01050	-413.48932	311.91312	-187.06665				51.26329	332.05469	-141.30893	-383.16666	306.41156	-523.54102	
796	7.950	-670.84735	349.54065	1000.86133	89.53891	323.11566	-464.54132	-190.60907	360.49634	1306.55518	-213.20341	355.09222	982.99139	-655.69122	354.29898	1314.00476	-413.40302	312.00845	-186.99039				51.26468	332.06549	-141.31104	-383.17020	306.39127	-523.55524	
797	7.960	-670.81879	349.68475	1001.07135	89.72054	323.16751	-464.44147	-190.94031	360.39111	1306.80139	-213.33667	355.21558	982.96320	-655.50775	354.18326	1314.01221	-413.55704	312.06750	-187.04977				51.01743	332.24316	-141.51892	-383.60831	306.70932	-523.89441	
798	7.970	-670.83264	349.53455	1000.86005	89.54570	323.16214	-464.43127	-190.88579	360.32971	1306.68042	-213.19691	355.08148	982.98376	-655.77087	354.33777	1314.24792	-413.40552	311.99829	-186.99129				51.05184	332.09814	-141.34740	-383.58527	306.70343	-523.89319	
799	7.980	-670.82324	349.52176	1000.85583	89.61734	323.15466	-464.45856	-190.99023	360.38257	1306.81226	-213.30420	355.19827	982.97137	-655.74841	354.27814	1314.66150	-413.37466	311.86102	-187.01329				51.03554	332.10553	-141.35443	-383.59958	306.69894	-523.89935	
800	7.990	-670.81531	349.68811	1001.06915	89.61954	323.17017	-464.42184	-190.94960	360.38028	1306.81165	-213.32205	355.22464	982.94879	-655.58691	354.57568	1314.32654	-413.36240	311.87143	-187.00774				50.83387	332.46973	-141.61580	-383.60815	306.72070	-523.88684	
801	8.000	-670.80029	349.64810	1000.42542	89.67210	323.08908	-464.62234	-190.97168	360.37915	1306.79590	-213.19704	355.07001	982.99457	-655.75250	354.36594	1314.26001	-413.50024	311.90881	-187.06250				51.05659	332.43036	-141.57317	-383.74066	306.57312	-524.09229	
802	8.010	-670.52197	349.99268	1000.54138	89.55951	323.09283	-464.59851	-190.95821	360.39224	1306.81775	-213.19795	355.07327	982.99335	-655.59784	354.48370	1314.72046	-413.64838	311.98611	-186.94411				50.85586	332.46906	-141.61667	-383.47928	306.35007	-523.90607	
803	8.020	-670.77057	349.81046	1000.63843	89.45869	323.05322	-464.67984	-190.97891	360.35117	1306.81470	-213.21230	355.07202	982.99390	-655.59595	354.47485	1314.72180	-413.37927	311.87134	-187.00967				51.05436	332.44617	-141.58533	-383.48337	306.34723	-523.90887	
804	8.030	-670.56079	350.00513	1000.54572	89.58818	323.09979	-464.58566	-190.98676	360.36887	1306.81982	-213.21759	355.06631	982.98315	-655.51178	354.44833	1314.36792	-413.55331	312.07834	-187.04642				51.25831	332.04752	-141.32495	-383.15887	306.40729	-523.54205	
805	8.040	-670.57117	349.88666	1000.98175	89.64354	323.17056	-464.42401	-190.95587	360.37091	1306.82556	-213.19627	355.06912	982.98828	-655.40576	354.45770	1313.81970	-413.37936	311.86221	-187.01678				50.85729	332.47281	-141.59148	-383.16153	306.41467	-523.53778	
806	8.050	-670.54230	350.00073	1000.54163	89.57838	323.25262	-464.21954	-190.96512	360.39902	1306.82397	-213.22581	355.06439	983.00311	-655.68060	354.20209	1314.29199	-413.36664	311.86032	-187.01677				51.03034	332.24103	-141.49712	-383.16708	306.40216	-523.54730	
807	8.060	-670.80396	349.64383	1000.41925	89.60388	323.06689	-464.66629	-190.68748	360.54681	1306.66516	-213.19080	355.06973	982.98969	-655.76544	354.25455	1314.65161	-413.56067	312.07645	-187.05029				50.90791	332.32187	-141.44490	-383.60681	306.70886	-523.89441	
808	8.070	-670.80194	349.81049	1000.64087	89.62491	323.14261	-464.48831	-190.95355	360.37131	1306.80176	-213.21748	355.07489	982.99304	-655.75555	354.26849	1314.65588	-413.55804	312.08060	-187.04843				51.01748	332.26791	-141.50169	-383.15527	306.40814	-523.54071	
809	8.080	-670.55731	350.00186	1000.54163	89.55829	323.16531	-464.42532	-190.96663	360.38699	1306.80322	-213.20874	355.07083	982.97906	-655.60638	354.46533	1314.71631	-413.37326	311.86594	-187.00902				51.25042	332.07251	-141.32790	-383.16711	306.41180	-523.54095	
810	8.090	-670.79083	349.80566	1000.64050	89.67085	323.06570	-464.67798	-190.97713	360.39661	1306.80908	-213.22653	355.05466	982.99304	-655.75732	354.24890	1314.64990	-413.54550	312.07413	-187.04823				51.21186	332.19092	-141.48692	-383.60876	306.71500	-523.89075	
811	8.100	-670.63184	349.70560	1000.80469	89.63046	323.09113	-464.61194	-190.95715	360.39862	1306.81055	-213.20676	355.07111	982.99646	-655.65607	354.23532	1314.30176	-413.37494	311.87033	-187.01180				51.20652	332.19772	-141.49150	-383.17380	306.40466	-523.54718	
812	8.110	-670.84711	349.53946	1000.86157	89.63840	323.04938	-464.71268	-191.06793	360.50064	1306.74805	-213.24771	355.08090	982.99243	-655.67999	354.22507	1314.29846	-413.55515	312.07147	-187.05209				51.04152	332.10889	-141.35138	-383.17337	306.40811	-523.54480	
813	8.120	-670.83130	349.54224	1000.86273	89.72821	323.09717	-464.61041	-190.96294	360.38318	1306.80896	-213.21268	355.06970	982.98804	-655.50726	354.15964	1314.00598	-413.40161	312.00531	-187.35555				51.21560	332.20230	-141.49200	-383.60330	306.70496	-523.89618	
814	8.130	-670.59692	349.82056	1000.36578	89.74709	323.06781	-464.68298	-190.94794	360.39056	1306.81592	-213.20628	355.06516	982.99683	-655.58270	354.23254	1314.37598	-413.49429	311.90823	-187.06860				51.06233	332.44031	-141.59164	-383.60330	306.70593	-523.89557	
815	8.140	-670.54272	349.99039	1000.53796	89.56656	323.09641	-464.59094	-190.97746	360.37494	1306.80994	-213.18890	355.07098	982.99628	-655.74597	354.36679	1314.26245	-413.49136	311.91315	-187.06273				51.05862	332.43500	-141.57922	-383.16254	306.40536	-523.54419	
816	8.150	-670.83344	349.53745	1000.86169	89.60015	323.08371	-464.62567	-190.89749	360.29144	1306.67847	-213.34315	355.20108	982.96387	-655.75134	354.36658	1314.26367	-413.50623	311.92358	-187.05524				50.85915	332.48795	-141.61636	-383.16443	306.41266	-523.53973	
817	8.160	-670.57300	349.87244	1000.97662	89.71544	323.16455	-464.44788	-190.88760	360.31561	1306.67688	-213.21484	355.07074	982.97565	-655.66663	354.30933	1314.00989	-413.55743	312.07474	-187.04910				51.12154	332.28885	-141.42891	-383.17419	306.41925	-523.53760	
818	8.170	-670.54907	350.00256	1000.54126	89.53535	323.01218	-464.78793	-190.91234	360.34250	1306.71509	-213.59306	355.03348	983.09937	-655.66113	354.30463	1314.00549	-413.37595	311.85403	-187.02029				51.24128	332.07706	-141.32671	-383.16113	306.41583	-523.53693	
819	8.180	-670.62549	349.71768	1000.80829	89.61456	323.22607	-464.28766	-190.68927	360.54037	1306.67212	-213.21725	355.05862	982.98352	-655.68774	354.31415	1314.00818	-413.49100	311.91028	-187.06319				51.05487	332.11563	-141.32620	-383.17484	306.40610	-523.54645	
820	8.190	-670.83612	349.53995	1000.86407	89.49966	322.95395	-464.92221	-190.98901	360.36722	1306.81384	-213.20428	355.07227	982.99030	-655.67932	354.22006	1314.29907	-413.49774	311.90762	-187.06572				51.03753	332.10504	-141.34937	-383.17905	306.41321	-523.54266	
821	8.200	-670.53021	349.98862	1000.53961	89.65359	323.08112	-464.63889	-190.96024	360.37408	1306.80518	-213.20071	355.07529	982.97644	-655.59918	354.19897	1314.35999	-413.37375	311.87094	-187.00987				51.01226	332.24332	-141.51297	-383.17319	306.41116	-523.54272	
822	8.210	-670.54785	349.99344	1000.53870	89.75317	323.17972	-464.41666	-190.68834	360.52478	1306.66919	-213.19226	355.07468	982.99866	-655.76801	354.26956	1314.65723	-413.40665	312.00854	-186.99252				51.04482	332.44308	-141.58813	-383.16428	306.40607	-523.54407	
823	8.220	-670.80585	349.64932	1000.42316	89.63388	323.18042	-464.39923	-190.89018	360.32788	1306.69531	-213.34543	355.20340	982.95923	-655.60956	354.21689	1314.36670	-413.37604	311.86279	-187.01178				51.06081	332.45868	-141.57678	-383.61566	306.70853	-523.89661	
824	8.230	-670.78711	349.81812	1000.64233	89.60229	323.09851	-464.59061	-190.96236	360.38657	1306.82874	-213.22910	355.06674	982.98816	-655.75446	354.27377	1314.66077	-413.37601	311.86234	-187.01318				50.85601	332.49777	-141.62227	-383.18106	306.40945	-523.54559	
825	8.240	-670.78278	349.63968	1000.42242	89.55334	323.12009	-464.53268	-190.96866	360.39914	1306.83093	-213.21700	355.05215	982.97443	-655.76343	354.26059	1314.65845	-413.49829	311.91010	-187.06297				50.84522	332.47531	-141.60403	-383.16501	306.40817	-523.54285	
826	8.250	-670.81207	349.64713	1000.42242	89.54128	323.07996	-464.62686	-190.99448	360.35306	1306.79443	-213.46942	354.93393	983.14032	-655.50836	354.44064	1314.36523	-413.70337	312.15186	-186.92307				50.99321	332.23932	-141.51768	-383.17545	306.41110	-523.54327	
827	8.260	-670.56958	349.88635	1000.98163	89.66329	323.13855	-464.50308	-190.94829	360.37335	1306.81946	-213.45311	354.91907	983.14935	-655.48358	354.41711	1314.46667	-413.56284	312.07840	-187.04730				51.22576	332.21558	-141.48570	-383.17252	306.41321	-523.54120	
