"Frame","Time","Headset_Front_X","Headset_Front_Y","Headset_Front_Z","Headset_Back_X","Headset_Back_Y","Headset_Back_Z","Headset_Left_X","Headset_Left_Y","Headset_Left_Z","Headset_Right_X","Headset_Right_Y","Headset_Right_Z","Left_Shoulder_X","Left_Shoulder_Y","Left_Shoulder_Z","Right_Shoulder_X","Right_Shoulder_Y","Right_Shoulder_Z","Sternum_X","Sternum_Y","Sternum_Z","C7_X","C7_Y","C7_Z","Left Elbow_X","Left Elbow_Y","Left Elbow_Z","Right Elbow_X","Right Elbow_Y","Right Elbow_Z","Left Wrist_X","Left Wrist_Y","Left Wrist_Z","Right Wrist_X","Right Wrist_Y","Right Wrist_Z","Left ASIS_X","Left ASIS_Y","Left ASIS_Z","Right ASIS_X","Right ASIS_Y","Right ASIS_Z","S2_X","S2_Y","S2_Z","Left Knee_X","Left Knee_Y","Left Knee_Z","Right Knee_X","Right Knee_Y","Right Knee_Z","Left Ankle_X","Left Ankle_Y","Left Ankle_Z","Right Ankle_X","Right Ankle_Y","Right Ankle_Z"
1,0,-295.40146,1362.03943,2075.12915,-300.49695,1569.96106,1982.2627,NA,NA,NA,-80.1767,1308.35791,1957.35828,-497.9939,1273.09143,1951.354,-267.24399,1369.42737,1589.70081,NA,NA,NA,NA,NA,NA,NA,NA,NA,NA,NA,NA,-525.29193,954.88708,1673.30591,-65.27267,940.70801,1691.66064,-393.44128,895.57025,1856.02393,-304.45862,969.85004,2158.35962,NA,NA,NA,NA,NA,NA,-28.95613,495.09781,1942.96558,-325.92807,128.94368,2007.65588,NA,NA,NA
2,0.01,-294.40894,1362.37756,2071.52344,-300.89169,1569.06799,1977.07019,NA,NA,NA,-79.79728,1309.01099,1953.61255,-498.11691,1272.74219,1948.69543,-267.61612,1368.73889,1584.44556,NA,NA,NA,NA,NA,NA,NA,NA,NA,NA,NA,NA,-524.94562,954.34637,1669.59363,-64.97291,938.71747,1687.95081,-394.10104,895.89709,1852.6814,-302.52612,969.74567,2155.3855,NA,NA,NA,NA,NA,NA,-30.65536,495.4386,1933.22534,-325.94949,128.91579,2007.68091,NA,NA,NA
3,0.02,-294.34012,1361.97437,2067.61865,-300.59879,1569.12927,1972.92859,NA,NA,NA,-80.18623,1308.31409,1948.77307,-498.48093,1272.42932,1945.59656,-266.99646,1367.47351,1578.91052,NA,NA,NA,NA,NA,NA,NA,NA,NA,NA,NA,NA,-524.97211,953.97577,1666.29028,-64.81802,937.73309,1685.77185,-394.69901,894.70032,1852.42236,-300.07813,968.79297,2150.77734,NA,NA,NA,NA,NA,NA,-32.29301,496.85583,1925.65735,-326.1405,129.51491,2007.79944,NA,NA,NA
4,0.03,-294.3024,1361.76904,2063.08618,-300.90213,1568.52197,1966.6272,NA,NA,NA,-80.19678,1308.60559,1945.51208,-498.45651,1271.97778,1941.90149,-267.51306,1366.27136,1574.23486,NA,NA,NA,NA,NA,NA,NA,NA,NA,NA,NA,NA,-524.93109,953.32678,1662.29065,-64.52698,935.49701,1681.74744,-395.17905,894.8576,1848.19458,-298.06357,968.34436,2147.96826,NA,NA,NA,-348.28293,470.85196,1897.69666,-33.22749,496.43277,1917.01709,-326.18445,129.51222,2007.75342,NA,NA,NA
5,0.04,-293.52411,1361.54138,2059.6665,-300.44247,1568.80493,1962.8822,NA,NA,NA,-79.78746,1307.15137,1938.98975,-498.31787,1271.29114,1939.40308,-267.35468,1365.44958,1570.04028,NA,NA,NA,NA,NA,NA,NA,NA,NA,NA,NA,NA,-524.63403,952.3717,1658.67932,-64.19747,934.82562,1680.29065,-395.20044,893.68335,1845.88977,-295.98065,968.62378,2144.41724,3.86024,1061.18701,1926.10901,-348.37262,470.32169,1897.81201,-34.96397,496.84589,1910.23633,-326.23788,129.13481,2007.17468,NA,NA,NA
6,0.05,-293.43872,1361.99805,2056.52246,-301.09875,1567.79236,1957.53857,NA,NA,NA,-79.79478,1307.59094,1936.02759,-498.26801,1270.48083,1936.65088,-266.90918,1363.36108,1564.47925,NA,NA,NA,NA,NA,NA,NA,NA,NA,NA,NA,NA,-524.47668,951.92664,1655.74231,-64.03629,933.32153,1676.52783,-395.27481,892.79028,1844.99023,-294.22906,967.91302,2141.27783,5.79807,1059.68262,1921.7373,NA,NA,NA,-37.22677,496.94827,1903.26758,-326.20682,129.02072,2007.1604,-21.63812,173.02821,2077.23169
7,0.06,-292.58051,1361.01953,2051.01587,-300.76074,1567.41089,1952.88489,NA,NA,NA,-79.2113,1306.81128,1932.8197,-498.14932,1269.9303,1934.18396,-267.56927,1362.09827,1559.849,NA,NA,NA,NA,NA,NA,NA,NA,NA,NA,NA,NA,-524.41925,951.53003,1652.20581,-63.11011,931.8598,1674.94165,-395.40402,891.87964,1845.16736,-292.31238,968.31421,2138.30469,NA,NA,NA,NA,NA,NA,-38.29499,496.71582,1895.92908,-326.18707,128.99661,2007.10864,-15.03574,170.07841,2062.27319
8,0.07,-292.45697,1361.2738,2048.60327,-300.98502,1566.60144,1946.67847,NA,NA,NA,-78.88635,1306.39197,1927.35498,-497.77963,1269.39526,1930.45276,-266.92514,1361.06274,1556.00708,NA,NA,NA,NA,NA,NA,NA,NA,NA,NA,NA,NA,-524.40094,950.50323,1647.03625,-62.97084,930.24103,1672.06104,-395.33041,890.92542,1844.08997,-290.15927,968.1535,2135.09766,NA,NA,NA,NA,NA,NA,-40.18269,497.07657,1890.40186,-325.98987,128.87679,2006.04285,-10.02582,167.62668,2049.10132
9,0.08,-290.97409,1360.97119,2044.15735,-300.46362,1566.61511,1942.40491,NA,NA,NA,-78.60457,1306.41418,1924.12109,-497.32462,1268.87109,1927.0321,-267.38248,1359.35059,1550.39722,NA,NA,NA,NA,NA,NA,NA,NA,NA,NA,NA,NA,-524.32434,949.88806,1643.82361,-61.87359,929.64362,1669.30139,-395.02194,890.49542,1841.39441,-287.74118,967.51636,2131.4519,NA,NA,NA,NA,NA,NA,-41.74317,497.3974,1885.38818,-325.93875,128.78442,2006.02075,-3.48458,166.6132,2028.7146
10,0.09,-290.95291,1361.42322,2041.34351,-300.78952,1565.95056,1935.8042,NA,NA,NA,-78.19099,1306.34973,1919.91675,-496.59586,1268.36365,1923.91943,-266.56607,1357.41736,1544.71594,NA,NA,NA,NA,NA,NA,NA,NA,NA,NA,NA,NA,-524.27319,948.92914,1640.8623,-62.7111,923.50635,1675.40417,-394.71539,889.61511,1839.60254,-285.45261,967.05963,2128.16211,6.49622,1060.5376,1913.88977,-347.82404,467.86636,1887.66943,-43.17435,496.87567,1878.23816,-325.77554,128.59941,2004.88965,2.51418,164.74394,2011.23999
11,0.1,-289.79074,1360.78113,2036.02332,-300.29785,1565.84497,1931.45776,NA,NA,NA,NA,NA,NA,-495.71661,1267.68921,1920.80127,-266.68607,1356.41663,1541.14307,NA,NA,NA,NA,NA,NA,NA,NA,NA,NA,NA,NA,-524.08063,947.54913,1636.33594,-62.14252,922.0108,1674.54919,-394.14911,889.12976,1836.31165,-283.29108,967.43695,2124.75366,7.45575,1058.00391,1908.05969,-347.7016,467.75467,1884.49304,-43.16043,496.47296,1873.63135,-325.49924,128.76187,2003.85107,7.60362,162.72252,1994.68457
12,0.11,-289.27945,1360.80774,2032.99683,-300.33942,1564.83801,1924.95203,NA,NA,NA,-76.54138,1305.13562,1912.36169,-495.04245,1267.2168,1917.94482,-266.55853,1354.21924,1534.31677,NA,NA,NA,NA,NA,NA,NA,NA,NA,NA,NA,NA,-524.13269,946.7774,1632.59985,-61.60329,921.30151,1671.3446,-393.72076,887.94403,1836.64734,-281.16571,967.37073,2122.46387,8.83624,1059.54248,1909.68201,NA,NA,NA,-45.29072,496.62094,1867.87769,-325.46664,128.76691,2003.81079,13.36154,161.36688,1975.44617
13,0.12,-287.87915,1360.76794,2028.91907,-299.8092,1564.07117,1920.01782,NA,NA,NA,-75.29964,1305.40515,1907.58582,-494.41525,1266.68127,1914.96375,-265.88223,1352.47278,1530.71057,NA,NA,NA,NA,NA,NA,NA,NA,NA,NA,NA,NA,-523.55927,945.28503,1628.97205,-60.49687,918.83063,1671.88037,-392.65091,886.6861,1832.88013,-279.08377,967.85425,2119.27734,9.69746,1059.57068,1907.39124,-347.69376,465.88318,1881.08862,-45.85059,496.70438,1862.56897,-325.37201,128.65674,2003.83789,18.11307,160.48145,1958.60425
14,0.13,-286.55792,1361.00427,2025.16174,-299.96982,1563.09961,1913.40503,NA,NA,NA,NA,NA,NA,-493.54202,1265.92761,1911.50745,-265.5784,1350.62402,1525.46472,NA,NA,NA,NA,NA,NA,NA,NA,NA,NA,NA,NA,-523.25446,944.03271,1626.04126,-59.68764,917.80945,1668.15625,-392.01993,886.20575,1831.12195,-276.91577,967.82861,2116.65503,10.91769,1058.8335,1904.53821,-347.76709,465.40204,1881.18176,-45.91687,496.12198,1858.72437,-325.31329,128.60039,2003.83789,21.19157,160.01541,1940.0741
15,0.14,-286.05685,1361.11035,2021.55762,-299.09521,1562.7594,1908.88123,NA,NA,NA,NA,NA,NA,-492.62982,1265.06616,1908.38867,-265.44461,1348.57178,1519.7738,NA,NA,NA,NA,NA,NA,NA,NA,NA,NA,NA,NA,-522.82104,942.5885,1621.60498,-58.49807,916.09088,1668.74329,-391.37625,885.76605,1830.35364,-274.34326,967.64813,2112.71558,11.69,1058.72827,1902.62073,-347.98239,465.28555,1878.43164,-47.20489,497.49481,1853.45959,-325.27817,128.55904,2003.81116,25.35286,158.77037,1923.98474
16,0.15,-285.08743,1360.15198,2016.84595,-298.95926,1561.99805,1901.42834,NA,NA,NA,-72.7702,1304.09155,1895.7157,-491.70813,1264.35828,1905.37256,-264.66229,1346.80981,1515.32947,NA,NA,NA,NA,NA,NA,NA,NA,NA,NA,NA,NA,-522.43176,941.08398,1617.46497,-57.26731,914.57196,1666.85388,-390.79684,885.74701,1827.8905,-272.06821,967.0744,2109.39111,13.21391,1058.08948,1899.92468,-348.22507,464.64481,1878.73596,-46.63681,496.91345,1849.3158,-324.88989,128.91251,2002.86536,28.9175,159.09956,1903.94531
17,0.16,-283.86044,1360.40393,2012.77136,-298.10855,1561.0686,1896.70129,NA,NA,NA,-71.60482,1304.59839,1891.24377,-490.59457,1263.78003,1902.24854,-264.03986,1344.98132,1510.39514,NA,NA,NA,NA,NA,NA,NA,NA,NA,NA,NA,NA,-521.92664,939.21387,1613.17786,-56.2482,914.20728,1663.02637,-389.78323,884.5033,1823.69409,-270.0636,968.00684,2106.60986,14.53597,1058.61902,1897.77551,-348.30557,464.54675,1875.81909,-46.1396,496.92538,1843.2677,-324.77975,128.8586,2002.92627,32.34967,160.37761,1884.94531
18,0.17,-282.49402,1360.22656,2009.34143,-297.86667,1559.85205,1890.21204,-406.98541,1455.3717,1810.23523,NA,NA,NA,-489.68085,1263.12183,1898.70801,NA,NA,NA,NA,NA,NA,NA,NA,NA,NA,NA,NA,NA,NA,NA,-521.28882,937.50458,1609.84644,-54.73649,912.18219,1663.02454,-388.76602,884.17255,1822.47278,-268.76385,968.14069,2104.26611,16.21268,1058.26184,1895.76404,-348.19684,462.92096,1876.15845,-45.02652,497.30649,1838.6521,-324.61163,128.80351,2002.9751,35.42716,161.69284,1868.37451
19,0.18,-280.90591,1359.89136,2005.09277,-296.6969,1559.03931,1884.43701,-406.29807,1453.85437,1805.96094,NA,NA,NA,-488.13425,1262.34424,1894.34692,NA,NA,NA,NA,NA,NA,NA,NA,NA,NA,NA,NA,NA,NA,NA,-520.6095,935.21893,1605.49048,-53.51659,911.26233,1661.31348,-387.29117,882.74799,1820.203,-265.86993,967.56805,2099.80615,17.77617,1057.72729,1893.72412,-348.02576,462.06699,1873.40222,-43.59955,498.07138,1832.95752,-324.54666,128.79317,2002.99255,39.30499,162.42216,1853.61902
20,0.19,-279.77808,1359.82141,2000.75073,-295.95294,1558.23169,1878.18042,-405.50711,1452.17529,1802.23657,NA,NA,NA,-486.67627,1261.69226,1890.75757,NA,NA,NA,NA,NA,NA,NA,NA,NA,NA,NA,NA,NA,NA,NA,-519.77655,933.4187,1601.27258,-51.9467,909.97601,1659.9989,-386.19034,882.37042,1818.88159,-263.6647,967.83704,2096.30542,19.53683,1057.43396,1890.7522,-347.75378,461.53281,1873.06445,-42.07641,498.38437,1828.04468,-324.42068,128.71875,2003.04297,40.94158,165.89633,1834.18518
21,0.2,-278.82965,1359.89001,1997.40588,-295.56284,1557.5238,1872.45471,-404.21432,1449.901,1796.00464,-67.21608,1303.71729,1875.12793,-485.34201,1260.94702,1887.66956,NA,NA,NA,NA,NA,NA,NA,NA,NA,NA,NA,NA,NA,NA,NA,-518.922,931.15411,1595.93677,-50.35204,909.32556,1656.65796,-384.93845,881.28003,1815.52917,-261.53134,967.81885,2093.35522,23.56302,1056.89636,1886.96411,-347.53375,462.46408,1868.4563,-40.17421,498.9964,1824.38013,-324.37146,128.73357,2003.05847,43.60668,169.8656,1819.32361
22,0.21,-277.15201,1359.38757,1992.5907,-294.04181,1556.66895,1867.39087,-403.82803,1448.34045,1790.97229,-66.07947,1302.84167,1870.5708,-483.81491,1259.91479,1883.91077,NA,NA,NA,NA,NA,NA,NA,NA,NA,NA,NA,NA,NA,NA,NA,-517.91046,928.73779,1590.3822,-48.70851,907.38452,1656.48291,-383.32407,881.03186,1812.45935,-259.09387,967.09839,2088.75781,23.7962,1057.33105,1886.2832,-346.71637,461.61197,1864.90076,-38.35988,499.12036,1817.97058,-324.35641,128.76888,2002.9751,46.53486,173.47937,1804.03162
23,0.22,-275.34866,1358.4928,1987.68689,-293.49673,1555.62866,1860.28784,-402.74622,1446.29834,1786.99426,-64.65974,1302.65002,1865.41272,-482.42825,1259.30762,1880.98474,NA,NA,NA,NA,NA,NA,NA,NA,NA,NA,NA,NA,NA,NA,NA,-517.00842,926.33337,1585.68994,-47.15861,906.7088,1656.24048,-381.35831,879.35229,1810.28223,-256.60822,966.70471,2085.15283,26.71031,1055.73193,1881.26404,-345.57764,461.06219,1860.94727,-37.19712,499.07495,1812.78247,-324.32843,128.82327,2002.89563,48.66161,177.09816,1790.39917
24,0.23,-273.81412,1358.49622,1983.62402,-291.67123,1554.23987,1853.65466,-401.099,1444.60669,1782.521,NA,NA,NA,-480.5256,1258.56677,1877.25732,NA,NA,NA,NA,NA,NA,NA,NA,NA,NA,NA,NA,NA,NA,NA,-516.19226,923.78766,1581.24219,-45.10518,904.60358,1654.30469,-379.90021,878.39935,1808.60449,-254.37042,966.97333,2081.90454,28.44818,1056.69592,1880.94727,-345.28912,460.71802,1860.5885,-34.54721,499.98044,1807.71729,-324.38968,128.96585,2002.76343,50.6161,179.86789,1778.63672
25,0.24,-272.22491,1358.76294,1979.98669,-291.0209,1553.47363,1848.66638,-400.07855,1442.65637,1777.43091,-61.27693,1301.52576,1857.52673,-478.83243,1257.953,1873.38403,NA,NA,NA,NA,NA,NA,NA,NA,NA,NA,NA,NA,NA,NA,NA,-515.36664,921.14587,1576.46875,-43.45528,903.99774,1652.45276,-377.73065,877.66034,1806.08008,-252.20644,966.362,2078.81079,30.95707,1056.46997,1878.44836,-344.88736,460.15115,1860.08826,-34.74466,498.90121,1804.63647,-324.42667,129.07147,2002.58765,52.2728,183.8298,1765.19434
26,0.25,-270.40393,1358.43408,1975.89893,-289.57269,1551.92322,1840.63672,-399.23785,1440.45947,1771.72754,-59.56233,1301.28699,1852.29724,-476.89389,1257.15186,1868.62598,NA,NA,NA,NA,NA,NA,NA,NA,NA,-538.66071,982.11316,1811.17737,NA,NA,NA,-514.54205,918.45288,1570.9834,-41.52439,902.76923,1652.06592,-375.6225,876.53717,1804.24451,-249.8083,967.24438,2075.31348,33.50587,1056.9425,1875.91785,-344.58572,459.0954,1858.62524,-33.14438,498.92429,1797.62366,-324.51587,129.21272,2002.37903,54.00191,186.50491,1756.12231
27,0.26,-268.55646,1357.80591,1971.57605,-287.99673,1551.37439,1835.3158,-398.1311,1438.36279,1766.71423,NA,NA,NA,-474.74741,1256.48438,1864.31763,NA,NA,NA,NA,NA,NA,NA,NA,NA,-535.93701,981.77985,1806.62012,NA,NA,NA,-513.56378,916.03687,1565.86218,-39.45679,901.93341,1649.07947,-373.47198,875.94794,1798.87488,-247.73734,967.26654,2072.97021,36.27145,1057.03442,1874.27393,-343.98679,457.67709,1856.90735,-31.57544,499.27457,1791.29138,-324.66269,129.45576,2002.0802,54.25034,190.51523,1742.77026
28,0.27,-266.50903,1358.06494,1966.77258,-286.41165,1549.92456,1829.31104,-396.60452,1436.64148,1762.13489,NA,NA,NA,-472.80475,1255.68262,1860.60876,-278.07687,1278.19653,1360.78784,NA,NA,NA,NA,NA,NA,-532.86682,980.99249,1800.88184,NA,NA,NA,-512.5304,913.58545,1561.38501,-37.18396,900.92523,1648.24414,-370.86111,874.83374,1797.82678,-244.83968,966.86243,2068.9231,38.80906,1057.11157,1872.77588,-343.24411,457.67221,1855.98315,-30.56763,499.46353,1785.44507,-324.7858,129.66882,2001.80469,55.18462,193.44801,1732.38232
29,0.28,-264.12711,1357.10901,1962.27686,-285.30145,1549.13062,1822.04321,-395.09906,1435.0625,1758.0675,-53.24573,1300.74402,1841.97876,-470.62296,1254.52246,1856.02576,-276.27411,1276.69714,1358.09705,-282.81134,1317.60278,1619.98132,NA,NA,NA,-530.20441,980.65149,1796.21411,NA,NA,NA,-511.34204,911.17841,1556.58936,-34.97033,900.09998,1648.86487,-368.52594,873.78491,1794.64539,-242.40543,967.2536,2065.55127,41.3933,1057.01245,1869.41211,-342.27057,457.72855,1854.77112,-28.56401,500.42776,1779.24207,-324.85779,129.79726,2001.68909,55.94844,194.85968,1721.00574
30,0.29,-262.10675,1357.22388,1957.40002,-283.37283,1547.43494,1816.17871,-393.47095,1433.46057,1753.58728,-51.52176,1299.8833,1835.6261,-468.38815,1254.10449,1851.27844,-274.02136,1275.64539,1354.9364,-281.69809,1314.22363,1616.18152,NA,NA,NA,-527.02655,979.68488,1791.41785,NA,NA,NA,-510.35699,908.47644,1551.9126,-32.13549,898.45343,1646.96204,-365.69235,872.69501,1790.73657,-239.79207,967.01941,2061.56885,44.9391,1055.76501,1865.00256,-341.39719,458.26709,1850.68298,-27.60144,501.23306,1772.63782,-324.93686,129.96129,2001.61157,57.48166,198.078,1710.35962
31,0.3,-259.99112,1356.10193,1952.55029,-281.66092,1547.10413,1810.88489,-391.80771,1431.54163,1748.89941,-49.16628,1299.8252,1829.90442,-465.74472,1253.66919,1846.07861,-271.96307,1274.54724,1351.37402,-280.27414,1311.63086,1613.05762,NA,NA,NA,-524.0127,979.01733,1785.66418,NA,NA,NA,-509.29013,906.11133,1547.6178,-29.41833,897.61438,1645.54602,-363.4053,872.25195,1787.79431,-236.98601,966.99072,2057.33691,47.34689,1057.65442,1865.56836,-340.21484,457.866,1846.68652,-26.15316,501.8157,1765.60352,-325.00967,130.07434,2001.51819,58.14847,198.58344,1701.37927
32,0.31,-257.63107,1356.34399,1947.92517,-279.79962,1545.50439,1804.15454,-390.00391,1429.37244,1743.85181,NA,NA,NA,-463.10812,1252.41821,1841.41187,-269.34296,1273.33289,1347.7395,-278.75772,1309.26379,1606.32654,NA,NA,NA,-521.45404,978.6322,1780.99524,NA,NA,NA,-507.68488,903.81067,1542.98621,-26.53174,897.2124,1642.75159,-360.50732,871.40613,1784.99902,-234.33067,966.84283,2054.34131,-34.12352,894.50183,1537.07471,-339.73694,457.58224,1846.09192,-24.59306,501.83328,1760.06738,-324.75809,130.68039,2001.16602,60.86501,200.44284,1689.77795
33,0.32,-255.16879,1355.88623,1943.83813,-278.19742,1543.79639,1798.1283,-388.10144,1427.42139,1738.69556,NA,NA,NA,-460.38586,1251.68518,1837.84424,-267.12375,1272.3551,1343.8418,-277.89255,1306.95544,1603.03687,NA,NA,NA,-518.51105,978.03625,1775.8468,NA,NA,NA,-506.07867,901.29474,1538.29089,-23.33498,895.55243,1640.37988,-357.78162,870.83557,1781.80042,-231.40149,966.2735,2049.93652,54.13268,1055.63171,1857.71802,-339.25711,456.65732,1844.53064,-22.46924,500.88422,1755.61401,-324.78146,130.81657,2001.05811,62.75516,200.73236,1682.29126
34,0.33,-252.94238,1355.56689,1939.27527,-276.39148,1542.85559,1792.49988,-386.1875,1425.60486,1733.84875,NA,NA,NA,-457.79291,1250.81946,1835.2207,-264.47458,1270.94788,1340.88843,NA,NA,NA,NA,NA,NA,-515.27399,976.52881,1771.07837,NA,NA,NA,-504.66394,898.79523,1533.86584,-20.09056,895.04596,1638.26794,-354.86133,868.94891,1778.54163,-228.4247,966.57404,2047.37732,57.82571,1057.09473,1857.36072,-337.93658,456.14771,1842.64258,-21.47618,503.11243,1745.98645,-324.51324,131.24316,2000.17957,63.26242,199.93382,1675.76453
35,0.34,-250.13588,1354.5929,1934.37646,-274.27618,1541.87756,1787.27649,-384.06924,1423.70898,1728.95654,-38.38219,1297.45911,1811.85608,-454.71265,1249.83679,1829.63928,-261.93176,1269.79651,1336.71619,NA,NA,NA,NA,NA,NA,-511.7106,975.99396,1765.88818,NA,NA,NA,-502.62387,896.55762,1529.45776,-16.54907,893.78436,1636.51794,-351.89838,868.70728,1776.71423,-224.48192,965.5694,2042.01123,61.35672,1056.98047,1855.45679,-336.60822,456.15564,1840.99097,-18.94339,500.64627,1741.76587,-324.50806,131.38226,2000.05054,65.29528,199.83063,1668.57568
36,0.35,-246.84814,1354.06055,1929.14148,-271.79749,1540.40942,1781.75708,-381.90042,1422.00647,1724.15833,NA,NA,NA,-451.60013,1248.92786,1825.29211,-259.28058,1268.78186,1333.28967,NA,NA,NA,NA,NA,NA,-508.47861,975.29919,1761.78955,NA,NA,NA,-500.61627,894.26422,1525.25781,-12.94721,893.32068,1635.63098,-349.09299,867.3606,1774.26587,-221.22462,965.40778,2038.12292,64.72523,1056.74829,1851.08411,-335.37427,455.12189,1839.9281,-17.21305,501.63589,1732.32642,-324.67545,131.64485,1999.82129,66.56112,199.5981,1660.55237
37,0.36,-243.84384,1353.39978,1924.26794,-269.16974,1539.39465,1776.05554,-379.67502,1420.22363,1719.49524,NA,NA,NA,-448.5235,1248.41772,1820.44312,-256.43805,1267.6377,1328.96094,NA,NA,NA,NA,NA,NA,-505.48923,974.24329,1756.80957,NA,NA,NA,-498.75818,891.55078,1520.95227,-9.39541,893.01038,1632.85181,-345.78418,866.68372,1770.22766,-218.01195,965.203,2034.00891,69.80557,1055.88879,1848.08032,-334.69098,454.62869,1839.07703,-15.15212,500.58301,1727.22888,-324.7421,131.90775,1999.58667,68.22831,198.49049,1655.04028
38,0.37,NA,NA,NA,-266.92508,1538.18872,1770.69653,-377.50342,1419.29565,1714.95313,NA,NA,NA,-445.72113,1246.94287,1816.13745,72.64494,1056.93372,1846.40564,-240.94679,1352.51062,1919.24597,-28.47379,1294.92126,1798.53809,-502.24988,972.67163,1751.35034,NA,NA,NA,-496.33041,889.37292,1516.95178,-5.23408,890.91461,1631.53015,-343.00613,866.21259,1767.70093,-214.50922,965.00439,2030.34937,NA,NA,NA,-333.9458,453.11197,1836.94287,-14.12064,500.29083,1720.83936,-324.87299,132.51204,1999.59338,69.27654,196.65729,1648.6366
39,0.38,NA,NA,NA,-264.45486,1537.31458,1764.93359,-375.2854,1417.48962,1710.85986,NA,NA,NA,-442.07758,1246.09326,1810.97034,76.54955,1055.875,1841.89478,-237.79628,1351.94946,1913.98633,-26.1365,1295.29919,1793.77808,-498.79745,972.03772,1746.8136,NA,NA,NA,-494.39908,887.15656,1513.16406,-1.36733,890.55798,1629.72998,-339.99411,864.77405,1764.96045,-209.6246,963.63086,2025.97241,NA,NA,NA,-332.93622,452.99942,1835.68726,-12.11751,498.73532,1715.68933,-324.9776,132.8644,1999.39087,70.57946,194.73547,1644.44031
40,0.39,NA,NA,NA,-261.68314,1535.77466,1758.53687,-372.63132,1415.92773,1705.9176,-158.84618,1382.69849,1627.9856,-438.52808,1245.14661,1805.69397,81.14549,1056.86914,1839.83533,-233.93391,1350.66284,1907.84888,NA,NA,NA,-494.92734,970.85352,1742.37073,NA,NA,NA,-492.23434,884.30988,1510.21997,2.83333,888.88269,1626.62268,-336.45984,864.12793,1760.19934,-206.06445,963.46661,2021.45239,NA,NA,NA,-331.56668,451.94681,1834.45593,-9.02633,497.65945,1708.6405,-325.13074,133.19125,1999.19019,72.18559,193.43375,1638.03491
41,0.4,NA,NA,NA,-258.99942,1534.07104,1752.39551,-369.5744,1414.02441,1700.76294,-156.42285,1381.08105,1622.45654,-435.23828,1243.72424,1802.354,85.22136,1056.19092,1835.95032,-230.81384,1350.37854,1903.02283,NA,NA,NA,-492.01953,969.74139,1738.49036,NA,NA,NA,-490.30426,882.21155,1506.29211,6.75358,889.27118,1623.25525,-333.52744,863.87823,1756.47192,-201.79742,962.16504,2016.85022,NA,NA,NA,-330.60651,451.67017,1831.82495,-6.43142,494.92993,1704.34534,-325.26877,133.8441,1999.2063,73.64212,190.5423,1634.06042
42,0.41,NA,NA,NA,-255.86646,1532.48169,1745.93616,-366.80301,1412.48035,1695.85706,-153.94418,1379.13892,1616.61743,-431.62015,1242.61145,1797.17371,89.23595,1056.1803,1831.34106,-227.25131,1349.37512,1898.08887,-15.0955,1292.58679,1777.91711,-488.91043,968.22705,1734.15076,NA,NA,NA,-487.90625,880.09717,1502.47131,11.12369,888.55725,1619.49146,-330.22238,862.40881,1754.38342,-197.06377,962.51404,2013.49768,NA,NA,NA,-329.77963,450.97168,1829.71704,-6.44941,493.57227,1697.56165,-325.52316,134.2572,1998.80054,74.6926,187.99989,1629.802
43,0.42,NA,NA,NA,-252.78069,1531.52795,1740.03918,-363.84943,1410.60095,1690.26489,-151.51508,1377.31494,1611.1438,-428.02451,1241.45166,1792.45227,94.01728,1056.73865,1829.51428,-223.32407,1349.34375,1892.49597,NA,NA,NA,-485.38998,967.71411,1730.68958,NA,NA,NA,-485.72021,877.93921,1498.67944,15.82716,888.17871,1615.32507,-326.58008,862.42065,1748.44775,-192.5983,961.83002,2007.88074,NA,NA,NA,-329.37857,451.42487,1826.56848,-3.74817,491.41312,1692.27429,-325.78412,134.68486,1998.29785,75.1467,183.91849,1628.02966
44,0.43,NA,NA,NA,-249.61447,1529.89465,1734.66492,-361.48315,1409.31287,1686.06201,-148.92365,1375.75183,1604.63696,-424.14066,1240.46216,1789.11719,NA,NA,NA,-219.01495,1348.17737,1887.01416,NA,NA,NA,-481.09882,965.44165,1725.07874,NA,NA,NA,-483.30698,875.96692,1494.99658,20.57315,886.86658,1612.2196,-323.26495,860.68359,1746.86499,-187.62578,961.02826,2003.9071,NA,NA,NA,-328.79779,450.5773,1823.83691,-1.65591,489.4324,1686.11133,-326.03513,135.19833,1997.79614,76.15189,180.72408,1624.89417
45,0.44,NA,NA,NA,-246.3118,1528.79773,1728.84717,-358.04062,1407.16052,1679.52905,-146.245,1374.08105,1597.98242,-420.42639,1238.9165,1783.0448,105.04933,1055.59692,1817.94031,-215.1727,1347.32764,1881.48718,-3.00528,1290.76331,1762.48633,-477.75317,964.15955,1721.24976,NA,NA,NA,-481.00211,873.84674,1491.27051,24.84608,886.21484,1608.26318,-320.29163,860.82227,1743.26489,-182.59935,960.58447,1998.9021,NA,NA,NA,-327.38535,450.7746,1817.43213,-0.4422,486.98898,1681.19116,-326.2226,135.63377,1997.3313,76.52556,176.87848,1623.45203
46,0.45,NA,NA,NA,-243.04288,1528.0498,1722.85986,-354.92523,1405.29541,1674.29761,-143.85327,1371.94238,1591.91675,-416.4567,1237.95703,1779.27942,107.93473,1056.19812,1816.40808,-210.81256,1345.91907,1875.36194,-0.12624,1289.21777,1752.02332,-474.14737,963.56122,1718.2533,NA,NA,NA,-478.69608,871.67603,1487.71814,29.56801,884.59918,1604.50403,-316.55542,859.11096,1737.90894,-177.44568,959.77826,1994.07556,NA,NA,NA,-325.78485,450.80511,1815.44568,1.60555,484.3862,1675.71509,-326.35382,136.05745,1996.91431,75.58699,173.56039,1621.84985
47,0.46,NA,NA,NA,-239.26088,1526.4657,1715.82861,-351.5643,1404.15283,1669.74524,-140.94472,1370.50391,1586.22559,-412.02438,1236.46375,1774.9165,NA,NA,NA,-206.19122,1345.44116,1869.86719,NA,NA,NA,-470.14935,961.91486,1713.58423,NA,NA,NA,-476.45648,869.80945,1484.099,34.37547,884.59717,1600.93237,-313.59454,859.24817,1734.32422,-171.49632,959.02362,1989.02087,NA,NA,NA,-324.6076,450.31839,1812.90979,3.84452,481.36691,1671.58398,-326.41299,136.76373,1996.36951,76.80322,170.50792,1620.00354
48,0.47,NA,NA,NA,-235.85434,1525.31653,1709.34595,-347.88306,1402.98547,1665.41309,-137.89175,1368.98865,1579.46313,-408.06116,1235.25952,1770.09229,NA,NA,NA,-201.14056,1344.46338,1863.1062,NA,NA,NA,-466.17474,960.0285,1708.93408,NA,NA,NA,-474.41461,867.55627,1480.39844,38.85352,883.17908,1597.08228,-310.12573,857.284,1729.29944,-165.9277,958.49359,1983.68311,NA,NA,NA,-322.76108,448.30182,1810.96399,6.72614,478.59042,1666.66333,-326.12082,137.5164,1995.21289,79.22077,169.48248,1613.72388
49,0.48,NA,NA,NA,-232.07855,1523.45886,1702.5166,-344.06174,1401.47681,1659.44263,-135.63719,1366.96167,1572.60925,-403.06232,1234.25549,1765.77466,NA,NA,NA,-196.79346,1343.64771,1857.70044,NA,NA,NA,-462.51828,960.26483,1706.08289,NA,NA,NA,-472.24765,865.5694,1476.92285,43.75907,882.97736,1591.9679,-306.57507,857.6944,1724.99707,-159.89842,958.27045,1978.64478,NA,NA,NA,-320.18069,448.2052,1806.68994,7.95076,477.60989,1660.04932,-326.04691,138.47093,1995.18384,80.90366,167.79573,1610.3291
50,0.49,NA,NA,NA,-227.84381,1522.0603,1694.74524,-340.97241,1400.23975,1653.96875,-132.27989,1365.59473,1565.53223,-398.92981,1232.81836,1760.81384,NA,NA,NA,-191.44269,1343.00525,1851.19421,NA,NA,NA,-458.26981,958.50739,1701.16541,128.14462,1056.34021,1794.47266,-470.32028,863.66687,1473.29395,48.71094,881.70782,1587.26538,-302.6759,855.80719,1719.4541,-153.65675,957.659,1973.50305,NA,NA,NA,-318.86786,448.11954,1803.63428,10.80509,476.90872,1653.77246,-325.85361,139.84573,1994.88232,82.62933,165.67601,1606.11938
51,0.5,NA,NA,NA,-224.06958,1521.11584,1687.95776,-337.40161,1398.98877,1647.56079,-129.07735,1364.03943,1558.84033,-394.07538,1232.19861,1757.203,NA,NA,NA,-186.22293,1342.36121,1844.37549,NA,NA,NA,-453.90305,957.31482,1697.08435,132.97377,1056.23071,1788.2572,-468.04504,861.52368,1469.73877,53.2993,880.33362,1582.3291,-299.11618,856.0838,1715.14246,-147.48677,956.8277,1967.82837,NA,NA,NA,-315.53467,446.76999,1801.27246,14.18377,475.79971,1647.43604,-326.133,140.90552,1994.08936,84.55508,162.95543,1602.81787
52,0.51,NA,NA,NA,-220.21307,1520.5022,1681.50989,-333.29883,1397.63623,1641.63367,-126.31769,1362.65088,1550.95532,-389.48682,1230.87048,1751.70862,NA,NA,NA,-181.00681,1342.31787,1837.73914,NA,NA,NA,-449.71555,956.55365,1692.67139,138.25209,1056.65833,1782.52307,-466.02661,859.83514,1466.29553,58.32319,879.91962,1577.47803,-294.91373,854.45313,1709.23328,-141.09717,957.32233,1963.07568,NA,NA,NA,-312.75302,447.03073,1795.93494,17.82463,474.58508,1642.36462,-326.02451,141.92728,1992.78931,85.54193,161.34525,1598.98645
53,0.52,NA,NA,NA,-215.55756,1519.35974,1673.89746,-329.53101,1397.12939,1637.43872,-123.08128,1361.30347,1543.49817,-384.69025,1230.29907,1747.18054,NA,NA,NA,-176.20728,1341.84961,1831.79932,NA,NA,NA,-445.53857,955.82697,1688.71399,144.50378,1057.22388,1776.0083,-463.64438,857.68573,1462.82129,62.86225,878.40674,1572.67896,-290.86984,855.02679,1704.3313,-135.28592,956.83807,1956.50818,NA,NA,NA,-309.29266,445.92169,1792.24731,21.01335,474.60428,1637.50757,-326.2424,142.58162,1992.29126,86.82158,158.76932,1595.27539
54,0.53,NA,NA,NA,-211.23582,1518.90198,1666.91467,-325.65445,1397.1145,1631.41687,-119.31081,1360.11841,1536.68933,-379.77924,1229.52917,1742.40808,NA,NA,NA,-170.79933,1342.28394,1825.05627,NA,NA,NA,-440.76917,954.9173,1684.78296,149.87511,1057.36902,1769.29785,-461.43515,855.99139,1459.55701,67.5471,877.22406,1566.07251,-286.02051,853.05542,1699.36792,-128.83717,957.78009,1951.72546,NA,NA,NA,-306.9664,445.36929,1788.33667,24.27689,474.83795,1629.52905,-326.48065,143.98819,1990.97852,88.9276,155.73779,1592.78857
55,0.54,NA,NA,NA,-207.00151,1519.01648,1659.3877,-321.8844,1396.46021,1624.47791,-116.07822,1359.12463,1529.39392,-375.2442,1229.01135,1736.57263,NA,NA,NA,-165.86102,1342.07385,1817.93286,NA,NA,NA,-436.73285,954.41046,1680.59863,154.86188,1057.55347,1760.90881,-459.27094,854.10095,1456.26147,73.01453,876.77289,1560.36951,-281.07379,851.8172,1695.08765,-123.03048,957.55231,1944.46057,NA,NA,NA,-303.64105,444.83694,1782.9762,27.57789,475.37021,1622.02148,-326.17648,146.22972,1988.96143,89.68959,154.49307,1589.97705
56,0.55,NA,NA,NA,-202.73735,1518.5802,1651.56482,-317.91876,1395.43298,1617.36292,-113.14218,1358.30505,1521.12012,-370.2757,1229.10205,1730.72913,NA,NA,NA,-161.1535,1343.72668,1811.4563,NA,NA,NA,-431.91287,953.58875,1676.51685,159.82338,1058.12073,1753.0918,-456.89807,852.47784,1453.01172,78.09711,875.81073,1554.53882,-276.27811,852.09662,1687.93127,-116.64555,958.90912,1938.87537,NA,NA,NA,-300.70819,444.79495,1776.96204,30.40422,475.55472,1616.70483,-326.28873,147.67876,1988.82092,89.84906,152.91463,1587.92261
57,0.56,-166.04665,1161.83789,1612.80554,-198.23491,1518.79578,1643.59497,-313.89252,1395.4093,1610.76245,-109.27471,1357.30396,1513.40674,-365.85025,1229.12671,1725.47607,NA,NA,NA,-155.772,1343.63892,1803.56897,NA,NA,NA,-427.38834,953.34491,1672.43457,166.82559,1057.40991,1743.38269,-454.51138,850.70184,1450.04932,83.09642,874.74591,1548.38525,-271.14011,851.51978,1682.22559,-111.1021,959.33173,1932.11011,NA,NA,NA,-297.54425,444.63806,1769.14648,34.0143,476.74841,1610.88599,-326.54483,149.6301,1986.47522,89.82016,151.78378,1586.65186
58,0.57,-161.80943,1161.5835,1606.57556,-194.2366,1518.4635,1636.31665,-309.78192,1395.29895,1604.24182,-105.71866,1356.7915,1506.18945,-361.20148,1229.54016,1719.49402,NA,NA,NA,-151.43832,1344.13733,1797.02515,NA,NA,NA,-422.78125,953.77698,1669.1344,171.63997,1058.72253,1736.45569,-451.87207,849.11914,1447.30518,87.94774,874.06415,1540.91785,-265.96063,851.47192,1677.99817,-105.13926,959.81891,1924.38208,NA,NA,NA,-293.8732,444.55209,1765.0658,36.68394,479.20163,1600.8833,-325.93045,151.72664,1984.3833,90.07847,151.21458,1583.52393
59,0.58,-157.64264,1161.74792,1599.87598,-189.53984,1518.35657,1627.33545,-305.67212,1395.95398,1598.5929,-103.25764,1355.21094,1498.65149,-356.75211,1229.45813,1713.9115,NA,NA,NA,-146.56145,1344.84485,1789.77478,NA,NA,NA,-417.69458,952.47833,1664.12146,176.7173,1059.81604,1728.21362,-449.18991,847.43939,1444.5459,92.64851,873.5318,1534.63635,-260.32104,850.38818,1673.02283,-100.16117,962.93646,1919.36011,NA,NA,NA,-290.71024,444.53394,1759.09875,40.30641,481.0192,1593.90942,-325.73654,154.16245,1982.82935,90.76283,150.40991,1583.22827
60,0.59,-153.4819,1161.73499,1592.13379,-185.20161,1517.59717,1619.44348,-301.49588,1395.03577,1591.60596,-97.91106,1355.04956,1491.09814,-352.41037,1230.3324,1706.62378,NA,NA,NA,-141.94893,1345.5813,1782.43921,NA,NA,NA,-413.5824,953.56714,1661.16125,181.53645,1060.84534,1719.66467,-446.64374,846.0979,1441.77283,97.55873,872.91351,1528.44421,-255.08266,851.11786,1667.4082,-95.11716,964.08679,1912.68213,NA,NA,NA,-287.21143,443.97418,1753.21545,43.55878,482.92001,1589.15344,-325.26697,156.36407,1980.95557,90.36274,150.61696,1579.21704
61,0.6,-149.18137,1161.95825,1585.38855,-181.30399,1517.6416,1612.26379,-297.89972,1395.21228,1584.87671,-94.03242,1354.00073,1484.34766,-347.92899,1230.31116,1700.91321,63.70386,1285.34204,1640.18506,-137.40028,1346.01636,1775.40088,NA,NA,NA,-408.63589,952.36255,1656.00928,185.97069,1062.04456,1711.44995,-443.75461,844.40247,1438.84851,102.37099,872.79858,1521.09705,-249.32175,850.50397,1662.11572,-89.96329,964.20197,1905.16467,NA,NA,NA,-283.20682,443.47324,1747.35547,47.42492,484.34167,1583.36157,-324.79004,158.77829,1978.63062,91.72836,150.41788,1578.49548
62,0.61,-144.52097,1161.54651,1577.55725,-176.96533,1517.21179,1604.06299,-293.78589,1394.93823,1578.02515,-90.33566,1353.15161,1476.41736,-343.31583,1231.07202,1694.69116,67.02412,1285.4054,1631.16321,-133.10243,1347.30493,1769.10193,NA,NA,NA,-404.32693,953.22272,1652.62305,190.95055,1062.85962,1703.33289,-441.31558,843.258,1436.0968,107.15353,872.77179,1514.15393,-243.93286,850.7934,1657.61206,-86.04729,966.34216,1899.40381,NA,NA,NA,-280.25742,444.1427,1737.28064,50.78185,486.10434,1577.36743,-324.39554,161.19185,1977.14246,92.85574,150.20076,1576.67786
63,0.62,-140.60388,1162.01733,1572.07141,-172.65511,1516.57581,1596.05664,-289.73663,1394.83838,1571.9375,-86.14342,1351.8634,1469.79236,-338.9588,1231.44812,1689.07581,70.41124,1285.43127,1624.08508,-128.42418,1347.33899,1761.80188,NA,NA,NA,-400.11234,953.1452,1648.64014,195.49265,1063.90576,1695.20801,-438.31451,841.76526,1433.14111,111.97136,873.30524,1506.56274,-238.53526,850.78455,1652.35254,-81.18753,966.95703,1893.4552,NA,NA,NA,-276.0835,445.23935,1730.57959,53.5892,486.31604,1572.8175,-322.96271,163.65881,1972.0957,93.79312,148.86922,1575.70923
64,0.63,-136.36998,1162.09375,1566.72998,-168.61523,1516.75281,1589.26123,-285.89163,1394.44067,1564.98926,-82.07522,1351.1134,1463.34668,-334.30878,1231.88904,1682.20789,75.49281,1286.46411,1617.92517,-124.04898,1348.17761,1755.44995,NA,NA,NA,-394.91806,951.92798,1643.37793,200.83873,1064.39099,1686.26672,-435.89487,840.9751,1430.19348,116.37918,873.53912,1499.51648,-233.23308,850.69983,1647.20667,-76.41051,967.75739,1887.76465,NA,NA,NA,-272.11215,446.50372,1719.5094,57.14806,487.05292,1568.10181,-321.96036,166.14294,1968.84277,94.8422,147.60869,1575.55933
65,0.64,NA,NA,NA,-164.1091,1516.36206,1581.52197,-281.46747,1393.9917,1558.21094,-80.2281,1349.11377,1457.64233,-329.90552,1232.3335,1676.6178,79.23601,1285.94604,1609.87378,-119.50268,1348.9021,1749.20325,NA,NA,NA,-391.24939,953.03674,1639.94556,205.56355,1065.55933,1678.48499,-433.21286,840.16705,1427.24768,120.47353,874.1228,1491.60583,-228.27437,850.74847,1643.21558,-71.52506,968.49628,1880.78296,86.66196,854.29492,1640.21045,-269.68161,448.11359,1711.02747,60.87082,487.96915,1563.56323,-320.92242,168.66348,1965.47778,96.30211,146.08566,1575.07593
66,0.65,NA,NA,NA,-160.2005,1515.79541,1575.28101,-277.50775,1393.76501,1551.5946,-76.0568,1347.91357,1450.40369,-325.15622,1232.45557,1670.61267,82.09927,1287.1416,1602.04199,-115.15635,1348.97449,1742.5354,NA,NA,NA,-387.14938,952.98999,1636.92505,210.35606,1066.43237,1672.08374,-430.8078,839.85986,1423.99463,124.97979,875.20966,1483.98914,-223.38884,851.18469,1636.92236,-67.27409,968.49646,1874.38257,NA,NA,NA,-264.38641,448.23798,1705.60522,63.75721,486.5741,1559.75854,-319.32986,171.77388,1961.97534,97.04605,145.31448,1574.96875
67,0.66,-185.37125,1251.73804,1418.58801,-155.59297,1515.93066,1567.50195,-272.84671,1393.30078,1544.08093,-72.16547,1347.02454,1444.68872,-320.94858,1232.77612,1665.30774,87.39989,1287.02429,1596.4812,-110.70274,1349.68213,1736.27014,NA,NA,NA,-382.09869,952.51428,1631.02112,215.00162,1066.3728,1663.99829,-428.67279,839.48834,1421.35144,129.23532,875.53839,1477.15662,-218.6665,851.13806,1632.13452,-62.47469,969.625,1868.95898,NA,NA,NA,-261.10202,448.48474,1699.46094,67.16458,487.33783,1556.07251,-318.56161,172.81815,1959.35828,97.49172,144.28398,1574.37756
68,0.67,-181.77229,1250.86536,1412.97278,-151.48831,1515.84033,1559.93005,-269.66388,1393.21545,1538.76807,-68.21217,1345.9408,1438.65906,-316.68933,1233.12732,1660.93823,91.27363,1287.58728,1589.70972,-106.45177,1349.74695,1730.46948,NA,NA,NA,-378.39465,953.14185,1628.05994,219.04237,1067.46521,1655.87256,-426.90176,839.62549,1418.31519,133.93135,876.46033,1469.28198,-214.08195,850.60461,1627.89807,-56.17607,970.87573,1862.67627,NA,NA,NA,-257.51935,448.76703,1694.67981,70.10096,485.88632,1553.20264,-317.20569,174.86217,1956.41687,98.01466,143.33592,1573.56628
69,0.68,-178.13896,1249.94702,1407.32996,-147.5874,1515.90979,1553.52454,-265.57236,1392.96167,1532.67529,-64.22567,1345.25745,1432.76831,-312.6022,1233.34302,1656.24707,94.43565,1287.43433,1581.91846,-101.71116,1351.03955,1724.20325,NA,NA,NA,-374.55075,953.33167,1624.68677,223.9474,1067.03992,1649.37207,-425.06372,839.87457,1414.95313,138.15202,877.15857,1462.51868,-210.10869,851.02771,1623.68921,-50.39496,970.40057,1855.05127,NA,NA,NA,-253.36496,449.22318,1691.63074,73.84286,484.9259,1551.0675,-315.9606,176.09726,1952.65198,98.2489,142.25075,1573.69983
70,0.69,-174.5211,1249.12854,1401.71948,-144.16313,1515.78662,1547.63721,-261.53448,1392.83789,1527.02991,-60.69406,1344.59009,1425.46545,-308.74924,1233.53162,1650.61316,98.70155,1287.07202,1575.99939,-97.2627,1350.90332,1717.8114,NA,NA,NA,-370.95096,953.88702,1620.87012,228.16786,1067.90601,1641.69897,-423.55298,840.30725,1411.82617,142.51744,877.854,1455.49731,-206.60063,851.56281,1621.1073,-44.12237,970.95917,1850.02234,NA,NA,NA,-250.55516,450.27768,1689.05249,77.06335,483.35474,1548.78052,-314.96329,178.02713,1949.79041,98.45569,141.83075,1573.70605
71,0.7,NA,NA,NA,-140.44687,1515.34436,1540.75415,-258.39694,1392.50586,1520.93579,-57.35483,1343.98157,1420.08057,-304.79074,1233.57556,1647.02148,102.61601,1287.08716,1570.33618,-93.30235,1351.43494,1712.31274,NA,NA,NA,-367.45261,953.88831,1618.06104,232.68037,1067.62085,1634.70972,-421.88031,840.89142,1408.55859,145.94395,878.39014,1447.82495,-203.16023,851.21643,1617.11646,-38.1856,971.40216,1843.63708,NA,NA,NA,-248.83452,451.88431,1684.84753,80.27529,481.32944,1547.28955,-314.3382,180.26949,1947.39185,99.25901,140.39986,1571.50403
72,0.71,-167.70695,1247.86243,1390.83936,-136.74699,1515.43408,1533.46301,-254.64487,1392.30322,1515.21643,-54.27571,1343.62061,1413.76416,-300.61804,1233.82837,1642.58752,106.07982,1287.23669,1562.62415,-89.13136,1351.74512,1706.16785,NA,NA,NA,-363.3696,953.96191,1613.70154,236.61752,1068.00269,1628.05505,-420.11743,841.65808,1405.40344,150.15605,879.05389,1440.651,-199.97157,851.84204,1613.30249,-31.75241,972.94958,1839.07141,NA,NA,NA,-246.80975,452.80051,1679.70825,83.53482,479.21478,1547.48181,-312.89511,182.26018,1943.58789,100.08221,138.65854,1572.47351
73,0.72,-164.7296,1247.34375,1385.48389,-133.54559,1515.1687,1528.12573,-251.08168,1392.31689,1509.31995,-50.89278,1343.29541,1408.46716,-297.00656,1234.32019,1637.72852,109.48067,1287.5802,1556.65894,-84.85834,1352.80615,1700.84143,NA,NA,NA,-359.74442,953.99957,1610.50085,240.70197,1068.31714,1621.83252,-419.06091,842.31659,1402.17078,154.07713,879.7254,1433.16113,-197.30522,852.71558,1611.45605,-26.15339,972.9967,1832.88232,NA,NA,NA,-244.13744,452.69363,1678.00171,86.617,477.27142,1546.69519,-311.4407,184.52367,1940.73083,99.93876,136.88576,1572.50134
74,0.73,NA,NA,NA,-129.81937,1514.62976,1521.14856,-246.95413,1391.36047,1501.98279,-47.67273,1342.79785,1401.67383,-293.21948,1234.60413,1634.0144,113.18021,1287.50964,1551.3125,-80.16715,1352.52734,1694.38403,NA,NA,NA,-356.64679,954.58881,1607.12488,245.01686,1068.63281,1615.32397,-416.39166,842.41357,1399.22852,158.34143,880.21082,1426.98462,-194.45045,852.56995,1610.00256,-20.32402,974.6405,1829.67029,NA,NA,NA,-242.4977,453.38913,1676.10876,89.81469,475.64786,1547.32837,-310.29971,187.12741,1938.56726,100.63907,135.6188,1573.19714
75,0.74,-158.75656,1246.48145,1374.95227,-126.46499,1514.81384,1515.28345,-244.61742,1391.72937,1499.12891,-45.01044,1342.28076,1396.23328,-289.57401,1234.90894,1630.83362,116.92157,1287.16919,1544.6521,-76.52493,1353.92493,1689.51599,NA,NA,NA,-353.74564,955.46533,1604.61401,248.57556,1068.31287,1608.29883,-414.84644,843.48926,1396.49109,162.1171,880.34796,1420.27356,-191.74104,853.79016,1606.68713,-15.10376,975.82928,1824.15564,NA,NA,NA,-240.33499,454.7991,1672.81604,93.84855,474.95337,1547.39319,-309.34949,188.72298,1936.40417,100.08608,134.68173,1573.53284
76,0.75,-156.20322,1246.09924,1370.05286,-123.11339,1514.27869,1509.03491,-241.52933,1391.79614,1493.94043,-42.21572,1341.99255,1390.41919,-285.90417,1235.60291,1626.12634,120.09456,1286.82483,1537.93457,-72.33991,1354.01257,1683.20874,NA,NA,NA,-350.67328,956.44305,1601.83276,252.06589,1068.97559,1602.48059,-413.48209,844.13635,1393.71716,165.41447,881.21112,1412.95959,-189.11684,854.9314,1603.47632,-9.5238,976.82599,1820.8877,NA,NA,NA,-238.0674,455.1944,1672.06201,96.40456,473.44861,1547.02783,-307.4418,191.98372,1932.18555,100.68365,133.04839,1573.87964
77,0.76,NA,NA,NA,-120.3364,1514.3042,1504.21765,-238.05113,1391.45056,1488.94604,-39.19545,1341.53284,1385.71521,-282.17267,1236.07129,1622.47913,123.22104,1286.58142,1531.94275,-68.27272,1354.2251,1678.11902,NA,NA,NA,-347.26266,956.43854,1597.8562,255.75325,1068.62537,1596.67395,-412.00784,845.29999,1391.08972,169.25342,880.55261,1406.98328,-186.30199,855.58746,1601.72375,-5.32637,977.92505,1816.53247,NA,NA,NA,-236.11107,456.33044,1669.79834,97.89494,473.22812,1547.0083,-306.43716,193.24654,1930.91968,100.80968,132.7171,1573.88635
78,0.77,-150.74849,1245.10425,1360.6925,-117.20584,1514.46729,1499.01367,-235.00488,1391.36096,1484.96448,-36.8164,1341.18152,1380.55505,-278.34158,1236.75671,1619.23523,126.30421,1287.03589,1525.51697,-64.49717,1354.78723,1673.52966,NA,NA,NA,-344.27277,956.71515,1594.80884,259.13553,1069.01782,1589.87854,-410.81854,845.88165,1388.56738,173.46286,881.20538,1400.71252,-183.46036,854.68829,1600.14819,-0.59511,979.43475,1812.62354,NA,NA,NA,-234.40247,457.33081,1666.92505,99.71652,472.50882,1546.86609,-304.79709,195.51973,1928.32373,102.09618,132.16936,1573.64368
79,0.78,-148.42368,1244.80286,1356.12744,-113.67628,1514.34998,1493.02197,-231.17198,1390.7771,1478.70984,-34.18637,1340.93359,1374.58765,-275.12634,1237.73242,1614.40405,129.61644,1286.96143,1520.30334,-60.23796,1355.67993,1668.53296,NA,NA,NA,-341.01065,958.37323,1592.15796,262.379,1068.62866,1584.50659,-408.74789,846.92438,1386.14709,177.21857,881.03906,1394.22302,-180.83293,855.42426,1598.58777,3.52143,980.47961,1809.30811,NA,NA,NA,-233.80963,459.17581,1662.23962,101.1399,472.36896,1544.50305,-303.89679,196.67267,1926.81177,102.73911,131.35063,1574.23206
80,0.79,-145.7626,1244.30725,1351.92725,-111.3247,1514.45044,1488.81396,-229.29369,1391.36096,1475.5564,-31.45879,1340.35547,1370.25732,-271.64908,1238.04175,1611.73047,132.13281,1285.98596,1512.79419,-56.2806,1355.77148,1662.72937,NA,NA,NA,-337.95255,959.2121,1589.99805,265.76318,1069.0448,1577.8219,-407.27264,847.54724,1383.74365,180.763,881.18127,1388.23523,-178.34059,855.88232,1595.37048,6.90858,981.07977,1805.69385,NA,NA,NA,-232.36432,460.47937,1658.75671,102.39025,472.28207,1544.15674,-302.58405,199.02979,1923.21497,103.03665,131.19135,1574.22449
81,0.8,-141.10684,1241.9668,1348.43665,-107.87981,1513.96252,1483.02136,-226.62425,1391.34924,1471.60376,-29.39874,1339.85754,1364.81055,-268.37021,1239.0437,1608.81738,135.2652,1286.44263,1508.70728,NA,NA,NA,NA,NA,NA,-334.66519,959.55151,1586.15442,268.91217,1068.79675,1571.6344,-406.64035,849.43048,1381.83972,184.5701,880.84772,1383.39771,NA,NA,NA,10.41492,981.34125,1801.7113,NA,NA,NA,-231.21068,461.34668,1656.89893,104.46989,472.34546,1541.82983,-301.44135,200.589,1922.26782,102.93572,131.47661,1573.59875
82,0.81,-141.27011,1243.44592,1343.96716,-104.79037,1514.9115,1477.75635,-223.73114,1390.96289,1466.6748,-26.81956,1339.6864,1360.3103,-265.06174,1240.10376,1604.86523,138.33199,1286.19263,1503.67676,NA,NA,NA,NA,NA,NA,-331.7305,960.62219,1583.55713,271.98322,1068.77612,1565.73352,-405.22018,849.95526,1379.79407,187.6805,880.7854,1377.86108,NA,NA,NA,14.0253,983.05762,1798.54199,NA,NA,NA,-230.43179,462.40848,1654.10339,105.97058,471.8129,1540.56067,-298.96307,202.19583,1920.74695,NA,NA,NA
83,0.82,-139.40274,1243.05432,1340.12012,-102.22617,1514.07031,1473.80164,-221.11372,1391.41125,1463.11401,-24.79592,1339.02649,1356.00195,-261.91104,1240.82471,1601.90283,140.43704,1285.65088,1497.078,NA,NA,NA,NA,NA,NA,-329.20767,962.10089,1582.16711,275.15097,1068.64587,1560.36768,-404.32156,851.05725,1377.97595,191.21411,880.1311,1372.76904,NA,NA,NA,17.06333,983.92059,1795.35059,NA,NA,NA,-228.55894,462.72595,1653.39258,107.26481,471.04459,1537.87781,-297.97162,204.23619,1919.14636,NA,NA,NA
84,0.83,-137.05327,1242.67944,1336.49365,-99.13491,1514.75049,1468.56689,-218.68718,1391.57959,1459.86829,-22.46913,1339.02856,1351.11292,-258.64771,1241.63733,1599.13464,143.43741,1285.328,1491.50879,NA,NA,NA,-41.19211,1358.00818,1643.95227,-326.79721,963.3042,1579.56689,278.23209,1068.63586,1555.05518,-402.86749,851.90466,1375.95569,193.92084,879.40021,1367.39795,-166.85843,859.42102,1578.96912,19.88439,984.396,1791.9613,NA,NA,NA,-226.64581,464.20651,1649.96509,108.57306,470.90646,1535.9364,-295.39035,205.50719,1916.78113,103.16447,130.54544,1570.56982
85,0.84,-135.46135,1242.33118,1333.09534,-96.55669,1513.91846,1464.61548,-215.81308,1391.46704,1456.6394,-20.53109,1338.31177,1346.48328,-255.31911,1242.7616,1595.0874,145.73955,1284.78418,1485.78247,NA,NA,NA,-37.84687,1358.56763,1639.96082,-324.13474,963.66113,1576.20044,280.90591,1068.69873,1550.36133,-401.3125,853.0932,1374.21313,196.03302,879.76587,1361.58093,-164.64526,859.48724,1575.79883,22.87561,984.55743,1787.64539,NA,NA,NA,-225.66188,464.84183,1649.07202,110.4892,470.35651,1533.05334,-293.54245,206.38066,1915.79126,103.29951,130.20839,1570.7218
86,0.85,-133.35683,1242.04529,1329.62561,-93.54844,1514.77026,1458.92871,-213.2681,1391.89392,1451.87207,-18.40606,1338.30298,1342.50854,-252.4445,1243.41797,1592.66907,147.34047,1284.90784,1481.34473,NA,NA,NA,-34.44811,1358.42236,1635.62866,-321.73785,965.21753,1574.8136,283.34308,1067.80273,1543.68018,-400.03314,855.06763,1372.75842,198.75359,878.72839,1356.79114,-162.37041,859.17902,1574.57434,25.73435,985.4801,1783.3728,NA,NA,NA,-224.64175,465.33832,1647.41089,111.7348,469.92389,1531.64417,-291.88327,207.97575,1913.89648,103.40826,129.77769,1570.85535
87,0.86,-131.30745,1242.01526,1326.05457,-90.92463,1513.97156,1455.10315,-210.37247,1391.9342,1449.0863,-16.62434,1337.86682,1338.37585,-249.51834,1244.4043,1589.87158,NA,NA,NA,NA,NA,NA,-31.15492,1359.93738,1633.18213,-319.53406,966.52521,1572.90747,285.97104,1067.90527,1538.68347,-399.08145,854.72797,1371.0603,201.18088,878.36475,1352.84021,-160.32426,859.62744,1572.05615,28.15246,985.99158,1780.40527,NA,NA,NA,-223.00124,465.97211,1644.41968,113.09573,469.1055,1528.70972,-290.19025,208.77605,1913.63953,104.76649,128.52994,1570.0708
88,0.87,-129.88539,1241.66284,1323.20691,-88.21958,1514.33423,1450.53809,-208.2271,1392.14771,1446.20374,-13.68267,1337.5304,1333.85657,-246.48079,1245.31409,1587.40588,152.99319,1284.09094,1472.16675,NA,NA,NA,-27.33013,1360.00903,1628.80774,-316.93857,967.01691,1570.23438,288.52615,1066.85535,1533.26147,-397.47351,855.80853,1369.53564,203.41873,878.02362,1348.02271,-158.16006,859.56622,1569.23181,30.90154,986.35236,1776.88733,NA,NA,NA,-222.25742,465.99112,1644.43872,114.32655,468.35901,1527.0144,-287.99902,210.43823,1911.8208,103.7138,129.8037,1568.61633
89,0.88,-127.39001,1241.34949,1320.11108,-84.98129,1513.89404,1446.80017,-205.12535,1392.38953,1443.27148,-12.31109,1336.57532,1330.25391,-243.27335,1246.07166,1584.2356,155.27811,1283.40894,1466.67114,NA,NA,NA,-23.89718,1359.96484,1625.59692,-315.4043,968.64038,1569.16138,291.26077,1066.724,1529.37549,-398.48645,857.69238,1368.29651,205.32776,876.79791,1343.43323,-156.19731,860.72058,1566.72192,33.82674,986.95459,1773.49561,NA,NA,NA,-220.99294,466.60709,1642.74463,115.8157,467.60236,1524.72583,-286.07877,210.82077,1910.51904,NA,NA,NA
90,0.89,-126.43893,1241.41333,1316.90125,-82.47849,1514.62402,1444.46533,-203.12814,1392.5564,1440.47119,-9.59097,1337.43298,1326.28784,-240.54156,1246.92493,1581.86426,NA,NA,NA,-63.04642,1165.60352,1426.96313,-20.44416,1360.40869,1621.68762,-313.21265,968.69183,1566.14001,293.29382,1065.69739,1524.63025,-397.14212,858.48926,1366.7793,206.6311,876.0976,1338.95203,-154.19336,859.99158,1563.86768,36.79133,986.55499,1769.57629,NA,NA,NA,-220.01443,467.26556,1640.28674,116.38183,467.0524,1523.35449,-284.28085,212.19714,1909.70581,NA,NA,NA
91,0.9,-124.68816,1241.35571,1313.96423,-78.98233,1514.54797,1440.10583,-200.25183,1393.02356,1437.53638,-8.31163,1336.44019,1322.50781,-237.68999,1247.80896,1579.38684,NA,NA,NA,-60.59607,1165.38391,1423.1394,-17.2655,1360.87769,1618.82007,-311.57538,970.43311,1565.41394,296.11652,1065.38965,1520.03943,-396.06995,859.25537,1365.44165,208.0616,875.26837,1335.698,-152.29048,859.35712,1562.02063,39.24752,987.27026,1766.49402,NA,NA,NA,-218.44815,467.77887,1638.74634,118.05963,465.64099,1521.54065,-282.6962,213.23889,1909.17932,NA,NA,NA
92,0.91,-123.19225,1241.09949,1311.12695,-76.36983,1514.09631,1437.25525,-197.8694,1392.57104,1433.97339,-5.93378,1335.98608,1318.67383,-234.91666,1248.53271,1576.98743,NA,NA,NA,-58.35801,1164.90417,1419.98865,-13.79314,1361.17053,1614.8772,-309.49823,970.76007,1562.79883,298.40106,1063.91394,1515.96973,-395.24448,860.15308,1364.53479,209.21939,874.51575,1331.92761,-150.59494,860.0238,1560.02441,41.57005,987.63538,1763.90796,NA,NA,NA,-216.97145,468.29117,1637.20239,118.52225,465.54437,1519.56104,-281.18231,214.43074,1908.38513,NA,NA,NA
93,0.92,-121.76924,1241.31506,1308.36975,-73.64388,1514.27539,1432.77954,-193.8618,1392.79578,1430.3999,-4.40285,1335.34766,1315.75842,-232.13448,1248.83264,1575.07983,NA,NA,NA,-55.94988,1164.51208,1416.17114,-10.52522,1360.90698,1611.25085,-308.05963,972.21222,1562.65869,299.77127,1063.22546,1511.3092,-394.38217,860.86432,1363.27258,210.48351,873.83765,1328.5675,-149.03526,860.33881,1557.21204,44.14734,987.86737,1760.39294,NA,NA,NA,-213.26498,468.61182,1635.8844,119.13054,465.41782,1518.4292,-278.74454,215.11188,1906.64917,104.08304,126.96914,1567.99109
94,0.93,-119.96554,1241.30249,1305.61462,-70.52586,1514.38354,1429.85938,-192.55057,1393.60645,1428.75842,-2.65709,1335.20471,1311.70837,-229.68378,1249.74597,1572.58179,NA,NA,NA,-53.75722,1164.07581,1411.95081,-7.67654,1360.89917,1607.4541,-306.33362,972.72961,1560.7345,302.09589,1061.90833,1507.82202,-394.20306,861.59943,1362.29224,210.84105,872.4588,1324.41187,-147.32455,860.61346,1555.05347,46.18719,987.54492,1757.61707,NA,NA,NA,-212.74135,468.70923,1635.19421,120.02692,465.2395,1515.82947,-277.36911,215.61171,1905.07617,104.44846,126.4597,1568.37378
95,0.94,-118.72064,1241.31592,1302.87805,-67.3353,1514.6925,1427.06384,-188.51505,1393.91187,1425.77283,-0.3065,1335.64038,1309.18396,-226.73969,1250.20703,1570.0708,NA,NA,NA,-51.69363,1164.51147,1407.00928,-4.50941,1361.04236,1604.1145,-305.05698,973.79785,1559.77112,304.28815,1061.15686,1504.1571,-393.19641,862.427,1361.31665,212.11412,872.17297,1321.18811,-146.06743,860.06952,1553.19617,48.94872,987.66071,1754.11743,NA,NA,NA,-209.35292,467.51364,1636.73962,120.04961,464.57916,1515.27856,-275.55896,216.36771,1904.34033,104.81782,126.03526,1568.75439
96,0.95,-117.01995,1241.56348,1300.22803,-64.30766,1514.7699,1424.12109,-187.27063,1394.63147,1424.55786,1.33786,1334.7074,1305.0553,-224.31963,1250.86243,1567.86755,NA,NA,NA,-49.40436,1163.85193,1403.19775,-1.874,1361.25684,1601.40063,-303.28897,974.70575,1557.49341,305.92902,1059.77551,1500.10522,-392.03998,863.1925,1359.94519,213.08073,870.36371,1317.73401,-144.83385,860.16162,1552.01697,52.15274,987.41949,1750.29431,NA,NA,NA,-206.96014,468.71536,1633.35046,120.1882,464.16809,1514.1449,-273.94522,217.09514,1903.14832,104.9313,124.41916,1568.1969
97,0.96,-115.27489,1241.63013,1297.62756,-61.53216,1514.276,1420.60999,-185.19887,1395.08862,1421.63892,2.99333,1334.74841,1302.60242,-221.71283,1251.29333,1566.23682,NA,NA,NA,-47.62508,1163.94971,1400.40186,1.7787,1361.35205,1598.19922,-301.67075,974.73505,1555.89783,307.63312,1058.89551,1496.62524,-391.58908,864.07159,1358.92249,213.35469,869.81842,1315.02917,-143.30545,860.73969,1549.79578,53.66933,988.43073,1748.9751,NA,NA,NA,-206.97957,468.98795,1632.46838,120.77113,463.69345,1513.30627,-272.47717,217.22052,1901.97522,105.42384,124.65799,1567.27454
98,0.97,-114.21738,1241.9342,1295.28467,-58.54512,1514.87268,1417.32483,-181.94464,1395.89612,1419.2428,5.19452,1334.36267,1299.3562,-219.53122,1251.91907,1563.65381,NA,NA,NA,-45.08728,1163.11267,1397.43616,4.31501,1361.34204,1595.89673,-300.60886,976.65308,1555.9259,309.3837,1057.51331,1493.34753,-390.52841,864.35089,1358.04517,213.61226,868.47101,1312.11072,-142.28659,860.85315,1548.38721,55.82636,988.22394,1746.7627,NA,NA,NA,-204.79865,469.42499,1629.86169,121.34161,463.32559,1511.82764,-270.45221,218.32945,1899.5791,105.86988,124.65559,1565.60291
99,0.98,-112.17844,1241.98596,1292.52478,-55.03909,1514.46765,1414.43726,-179.85182,1396.40649,1416.54553,7.2393,1333.64185,1296.50891,-216.94138,1252.505,1561.26575,NA,NA,NA,-43.26565,1163.14941,1393.03455,6.93141,1361.73035,1592.95544,-298.43744,976.52997,1553.03857,310.9866,1056.47168,1490.58643,-389.84512,864.86639,1356.9834,214.44839,867.22717,1309.83777,-141.08525,861.18146,1545.65088,58.63358,987.84644,1743.50146,NA,NA,NA,-202.59506,469.12131,1629.34265,121.60332,463.24478,1511.06714,-268.90179,218.51038,1899.26172,105.619,125.80569,1563.58264
100,0.99,-110.72834,1242.17749,1290.16357,-52.68821,1515.1084,1412.5957,-176.24419,1396.58862,1413.29297,8.43501,1333.74097,1294.42358,-214.4453,1252.90723,1558.60742,183.36473,1276.11743,1428.49182,-39.3598,1156.9502,1425.27429,9.69646,1361.28418,1589.85913,-297.36829,977.81311,1553.43042,312.104,1055.45239,1487.64783,-389.34937,865.92365,1356.70776,215.29845,866.01563,1306.98474,-139.81773,861.70581,1543.96619,60.26849,988.51312,1741.36475,NA,NA,NA,-201.06172,469.44617,1627.39734,121.61656,462.08078,1510.49353,-268.00937,218.99522,1898.20618,105.64474,124.85611,1563.78674
101,1,-108.62697,1242.43591,1287.28723,-49.68839,1515.29431,1409.02478,-174.5587,1397.41077,1411.96118,11.39317,1333.63696,1291.16321,-212.21582,1253.70972,1556.37268,184.54855,1275.30627,1423.97864,-37.55949,1156.91919,1422.69373,12.42441,1361.42969,1586.82214,-295.7951,978.828,1551.18127,313.70547,1054.22656,1485.19165,-388.5705,866.48785,1355.63574,216.02586,864.71722,1305.56311,-138.84006,862.26678,1541.83984,61.83317,988.43579,1739.65515,NA,NA,NA,-199.54411,470.10153,1626.13074,122.29918,461.26352,1509.5105,-265.95282,219.76036,1895.33008,105.63468,124.56165,1563.79724
102,1.01,-106.93987,1242.75867,1285.07678,-46.97399,1514.77209,1406.49146,-170.91347,1397.53784,1408.35559,12.98637,1333.01733,1288.51025,-210.13054,1254.22388,1553.87561,185.93887,1274.32239,1420.60181,-36.19469,1156.91016,1420.67737,15.14921,1361.77271,1583.94043,-294.1058,979.09784,1549.57935,315.02209,1053.01282,1482.33582,-387.61084,866.88922,1354.07751,215.90398,863.76672,1303.08557,-138.22783,862.68768,1539.59473,63.70975,988.22546,1736.43372,NA,NA,NA,-196.78822,470.41122,1624.99597,123.05151,461.01083,1508.20703,-264.6774,220.14755,1895.63904,105.80796,124.21048,1563.98584
103,1.02,-105.51376,1242.96252,1282.71338,-43.77414,1515.13684,1404.35706,-169.44244,1398.43506,1407.38245,17.23303,1334.22961,1286.69202,-207.69722,1254.82117,1551.81445,NA,NA,NA,-33.9255,1157.26892,1417.74829,17.87053,1360.94067,1581.62341,-292.80502,980.01965,1548.83276,316.27887,1052.25378,1480.23755,-387.02841,867.48822,1353.52869,216.11169,862.25055,1301.09766,-137.32196,863.33124,1536.78955,65.30349,987.90015,1734.08252,NA,NA,NA,-196.24704,469.78525,1624.9834,123.30145,460.62521,1507.82471,-264.01096,220.73932,1894.47839,105.76654,123.34241,1564.12097
104,1.03,-103.59269,1243.5238,1280.16089,-40.7458,1515.35254,1401.35828,-167.72273,1398.76965,1404.42297,17.60557,1333.44617,1282.99524,-205.81761,1255.15002,1550.10596,190.87952,1272.99011,1416.77673,-32.22203,1156.95532,1415.34937,20.1227,1361.43604,1579.17932,-290.97119,980.71039,1546.43018,317.34482,1050.26135,1478.0498,-386.1308,868.05554,1352.57288,216.43088,861.10809,1299.34314,-136.08546,863.71033,1535.18359,66.78285,987.71655,1732.03137,NA,NA,NA,-194.44675,470.7634,1621.64209,123.84007,459.7377,1507.42578,-263.58676,220.97179,1892.74365,105.83086,122.25461,1563.51501
105,1.04,-101.88332,1243.75977,1277.77454,-38.12593,1515.28479,1398.97571,-164.29865,1399.60889,1402.41052,19.38228,1333.21619,1280.09497,-203.49196,1255.8916,1547.46509,NA,NA,NA,-30.70733,1156.93701,1413.08496,22.37902,1361.25989,1576.66309,-289.91699,981.72284,1546.47021,318.71387,1049.78552,1475.32593,-385.1763,868.31586,1351.2865,216.95229,860.06976,1297.17078,-135.29823,864.0672,1532.64075,67.82997,988.99646,1730.10559,NA,NA,NA,-193.38988,471.03287,1620.79919,124.38638,459.30042,1507.14417,-262.0141,221.30159,1889.82483,105.92996,122.05186,1563.51758
106,1.05,-100.13056,1244.40112,1275.34546,-35.82273,1515.50464,1397.66052,-163.01312,1399.95642,1399.64966,21.70512,1333.45251,1277.18433,-201.70876,1256.36877,1548.79822,195.05739,1271.7616,1412.90833,-29.17261,1157.18079,1410.84119,24.31661,1360.59302,1572.89636,-287.61176,981.65442,1543.12634,319.68185,1048.37024,1473.30127,-384.73804,869.28082,1350.54016,217.60043,858.61755,1295.49255,-134.2039,863.87701,1530.9054,69.65308,988.08899,1726.94604,NA,NA,NA,-192.30525,471.32758,1619.15771,125.27162,458.26773,1505.29871,-261.08023,222.30858,1888.2135,105.86176,121.48125,1563.27625
107,1.06,-97.9225,1244.72546,1272.6604,-32.9747,1516.18555,1395.36853,-159.97447,1401.0498,1398.53613,23.49476,1333.0033,1275.28687,-199.45737,1256.69873,1546.28894,196.76135,1271.32227,1408.94263,-27.45456,1157.25122,1408.55896,27.24844,1360.69092,1570.02332,-286.78241,983.14539,1542.49854,320.6488,1047.401,1470.89246,-383.88385,869.53687,1349.11401,217.88127,857.75079,1294.9082,-132.80331,863.78741,1528.73877,70.58831,987.89868,1725.13843,NA,NA,NA,-191.91104,471.30646,1617.12427,125.59325,458.13467,1504.79089,-260.73337,222.71292,1887.51111,105.92583,121.31024,1563.2793
108,1.07,-96.08575,1245.48523,1270.04932,-30.1098,1515.88208,1393.37,-158.25224,1400.67957,1395.61316,25.8101,1333.94519,1272.50293,-197.62727,1257.19617,1543.95178,199.14803,1271.41187,1407.59363,-25.76592,1157.33789,1406.28723,29.41786,1360.79932,1568.05359,-285.17233,983.21527,1540.83655,321.51999,1045.97375,1469.32068,-383.10034,869.76227,1348.3363,217.97398,856.1778,1293.39429,-131.7397,863.96057,1526.65967,71.92187,987.2926,1722.78296,182.59056,834.26636,1487.15894,-190.47762,471.22122,1615.02954,126.26415,458.19528,1504.21497,-259.75681,222.74164,1884.79199,105.97554,121.18734,1563.28125
109,1.08,-93.76111,1246.01831,1267.54114,-27.8489,1515.32642,1390.55554,-155.45644,1401.74731,1393.69275,28.04942,1333.82959,1271.15149,-195.50621,1256.97632,1541.29236,200.93242,1270.755,1405.75586,-24.18145,1157.32825,1403.97937,31.60736,1360.06982,1565.38818,-284.09622,983.55316,1539.09338,322.45206,1044.86194,1467.45752,-381.93524,870.42255,1346.80042,218.03839,854.87671,1292.61426,-130.71095,864.30884,1524.0282,73.15047,987.33911,1720.10217,183.61214,833.47467,1486.03467,-189.55997,470.77322,1614.34387,127.1674,457.47321,1503.24927,-258.77499,224.13762,1882.06848,106.72595,120.66388,1564.74646
110,1.09,-91.81296,1247.15076,1264.93359,-25.3156,1516.5332,1389.37903,-153.49321,1402.51025,1394.01514,30.49893,1334.77783,1269.10156,-193.66275,1257.54663,1538.44788,203.0085,1269.39331,1403.94775,-22.12115,1157.09131,1401.30725,33.61035,1359.65747,1563.40417,-283.00409,984.33459,1537.97986,323.30005,1043.95764,1465.16345,-381.50269,871.05432,1345.84058,217.78545,853.9679,1290.91895,-129.44431,864.55396,1522.00684,74.2438,987.03979,1717.91138,187.32646,831.32202,1485.10034,-188.49297,471.21786,1610.53333,128.66658,456.8147,1502.41809,-258.05707,225.16328,1880.34045,106.25163,120.40289,1562.6792
111,1.1,-89.63416,1248.03662,1262.51331,-22.95168,1516.94067,1388.64453,-150.75836,1403.14551,1391.8551,32.52258,1335.07349,1267.375,-191.98859,1257.57825,1535.87463,NA,NA,NA,-21.13486,1157.43713,1399.63147,35.46223,1359.71899,1561.39209,-281.05844,984.20081,1535.03784,324.61108,1043.09595,1464.09534,-380.85052,871.33057,1344.53101,218.44519,852.87012,1290.04712,-128.57339,864.70972,1519.15002,75.46984,986.31091,1715.63525,NA,NA,NA,-187.11523,471.67313,1608.07129,129.4157,456.26886,1501.62891,-257.33533,225.38893,1877.38855,106.4463,120.17712,1562.87927
112,1.11,-87.43207,1248.99548,1259.83435,-20.22809,1516.98962,1386.547,-148.8024,1403.71033,1389.73865,35.26297,1336.26636,1265.60229,-190.10605,1257.68518,1534.30212,206.92674,1268.02869,1399.0448,-18.84105,1157.48828,1396.86963,37.52021,1360.03918,1558.61133,-280.52768,984.8653,1534.47766,325.5285,1041.88501,1463.02551,-380.0112,871.89246,1343.36365,218.57936,851.56396,1289.06372,-128.11504,864.7619,1515.66736,76.09003,986.43451,1714.07739,187.8976,832.15137,1479.59839,-186.8091,471.24698,1605.19116,130.36475,455.30609,1501.40857,-256.87869,226.34413,1875.21899,106.78487,119.71148,1563.23242
113,1.12,-84.69864,1250.28723,1256.95642,-18.40378,1517.94006,1386.27161,-146.25629,1404.66113,1387.72754,37.69619,1338.19446,1263.28259,-188.37268,1258.03052,1532.12097,208.84723,1268.01343,1398.1051,-17.48059,1157.95007,1394.84058,39.1573,1359.51062,1557.36597,-279.354,985.07715,1532.40869,326.98505,1041.60645,1461.90857,-379.04172,872.34595,1342.12524,219.04713,850.54688,1288.33032,-126.44618,864.68146,1512.69348,77.13587,986.39886,1711.18127,186.85193,832.7439,1474.81116,-185.17184,472.19031,1599.70129,131.74287,454.44107,1499.57385,-255.41879,227.58339,1872.75781,107.14129,119.38434,1563.59302
114,1.13,-81.93636,1251.8573,1254.16357,-15.50906,1518.74854,1385.60925,-144.14459,1405.54395,1385.59265,40.44978,1338.75415,1261.6106,-186.50928,1257.85168,1530.70398,NA,NA,NA,-15.61931,1158.06091,1392.45972,40.87944,1359.50659,1556.34167,-277.3602,984.49109,1529.5564,327.92331,1040.92932,1460.36914,-378.06076,872.79504,1341.12073,219.5191,849.63147,1287.72998,-125.44888,863.87781,1511.19556,78.04995,985.54852,1708.81592,186.22992,832.32654,1470.64941,-184.29269,471.96234,1596.49487,132.93369,454.25467,1498.78613,-253.95967,227.78841,1870.13745,107.58714,118.92979,1564.04712
115,1.14,-79.11138,1254.22766,1251.23486,-13.56111,1519.10486,1385.17175,-141.91898,1406.23657,1383.68225,43.152,1340.87292,1260.1897,-184.79674,1258.11572,1528.84131,212.67233,1268.40137,1395.16028,-13.85094,1158.61768,1390.09778,43.09517,1358.9884,1554.54639,-277.03934,985.21771,1530.44446,328.74896,1040.07324,1459.17236,-377.45898,873.11005,1339.9342,219.95079,848.82275,1286.82898,-124.17622,864.72662,1507.16821,78.698,984.5481,1706.42285,189.44745,829.04126,1472.93274,-182.35776,471.97751,1591.97864,133.89825,453.77417,1498.36621,-252.47429,229.02203,1867.58691,107.96866,118.47688,1564.44006
116,1.15,-76.24992,1255.83276,1248.4093,-11.19447,1519.46362,1384.48792,-139.7756,1407.40222,1381.67981,46.27958,1342.43604,1258.32104,-183.21738,1258.41174,1527.29895,214.5554,1267.29517,1393.70374,-12.26556,1158.79443,1387.97534,44.23014,1359.14221,1553.9613,-275.98178,985.6308,1529.00146,329.75217,1039.52698,1458.11084,-376.43387,873.69489,1339.03735,220.33652,847.89642,1286.23535,-123.11961,865.30273,1504.15063,79.00965,983.72235,1704.36023,191.95177,828.84119,1472.06787,-181.89044,472.10074,1588.35303,136.11481,453.30014,1495.8811,-250.17564,229.1385,1864.03711,108.20576,118.84301,1562.54089
117,1.16,-73.34736,1258.03357,1245.74817,-8.99975,1521.13086,1384.63489,-137.50974,1408.11279,1379.78528,51.22639,1344.55505,1258.0625,-181.66087,1258.30237,1525.08374,216.67502,1267.35852,1393.01062,-10.46365,1159.57007,1385.61926,45.84725,1358.74219,1551.77551,-274.58426,985.65796,1526.75415,331.00156,1039.02148,1457.49573,-375.43405,874.59045,1338.25818,221.13013,847.36963,1285.98535,-122.3212,865.16199,1499.50586,79.26973,982.90277,1701.98486,192.18384,829.1228,1468.58032,-181.30887,470.99615,1583.34497,136.87292,453.40958,1495.29675,-248.41339,229.56422,1862.7262,108.51287,118.60848,1562.84814
118,1.17,-70.21281,1260.55652,1242.78809,-7.26697,1522.04492,1385.15991,-135.1852,1409.25098,1377.88794,52.53965,1346.88477,1256.1333,-179.66212,1258.0166,1525.04517,NA,NA,NA,-8.91892,1159.95361,1383.37341,47.00251,1358.56628,1550.34131,-273.75427,986.24719,1525.8678,331.74576,1038.77356,1456.27344,-374.35376,875.1087,1337.59961,221.86716,846.74701,1286.12122,-120.6721,865.25812,1496.77014,79.99751,981.86719,1699.04773,192.72482,830.06281,1465.99841,-180.10126,470.98825,1578.14136,137.9538,453.02933,1493.75708,-245.34827,230.82204,1858.76868,109.28612,117.21099,1563.4325
119,1.18,-66.99598,1263.38745,1239.97729,-4.94284,1522.5249,1385.35999,-132.97134,1410.56763,1376.00366,55.55456,1350.02588,1255.07751,-178.28508,1258.38965,1523.9054,221.2226,1267.97192,1392.2749,-6.85805,1160.97412,1380.86536,48.00039,1358.41895,1549.06995,-273.46265,986.87262,1526.69226,332.72076,1038.15259,1455.92395,-373.36417,875.80713,1337.31213,222.54384,846.14532,1285.58093,-119.26432,865.71704,1493.93555,80.14188,981.58044,1697.72827,192.7991,829.94812,1460.8717,-178.84784,470.63614,1572.203,139.54976,451.79434,1491.84973,-242.71706,231.44167,1857.8302,109.45914,117.13899,1563.42688
120,1.19,-63.16874,1265.86084,1236.69031,-2.553,1524.02271,1385.91443,-130.74576,1411.5918,1373.92871,59.28436,1352.5813,1254.73718,-176.98778,1258.5105,1523.22839,222.32478,1268.58325,1391.98462,-5.17094,1161.74426,1378.57788,49.22215,1357.97571,1547.724,-272.10632,986.49957,1525.31116,333.80222,1037.98608,1455.06506,-372.15982,876.1416,1337.0614,223.4003,845.86157,1284.67395,-118.67244,865.98969,1489.00562,79.75708,980.99677,1695.83472,193.47408,831.17517,1458.68848,-177.69023,470.04984,1564.53101,140.32004,451.43585,1490.96802,-239.4695,232.1711,1853.36389,109.97144,116.43918,1564.01453
121,1.2,-59.45915,1269.09253,1233.67554,-0.81458,1525.22888,1386.19531,-128.55681,1413.05835,1371.95239,65.35772,1354.77429,1254.8739,-178.32735,1261.26416,1510.97021,224.62001,1269.09143,1391.91772,-3.40402,1162.9408,1376.32251,50.05584,1358.62109,1549.28418,-270.77161,985.98352,1524.01147,334.35504,1037.47693,1453.60107,-370.39438,876.30176,1337.28345,224.09512,845.50098,1284.26355,-117.46832,865.8465,1485.39307,79.13685,980.25549,1693.1084,193.84334,831.70758,1454.771,-175.42331,469.31586,1558.03784,141.46533,451.4213,1490.27588,-235.57898,233.20285,1848.58008,110.53428,117.15694,1563.03857
122,1.21,-55.78939,1272.53845,1230.92725,1.15696,1526.01208,1387.31909,-126.38239,1414.41882,1369.99146,66.28837,1358.36658,1253.7583,-177.59181,1261.54248,1508.94104,226.47585,1269.59729,1391.51953,-1.60804,1163.80701,1373.84656,50.56995,1358.13159,1548.28479,-270.2019,985.71857,1524.4679,334.87656,1037.51233,1453.12817,-368.89618,876.09589,1337.21289,224.68884,845.29077,1283.9032,-115.90555,865.57568,1482.06506,78.55248,979.07672,1690.61511,194.07224,832.0639,1452.85083,-172.97832,468.64294,1550.62512,143.71294,451.16879,1488.94653,-232.34972,233.02487,1844.60071,110.60306,117.11009,1563.03699
123,1.22,-51.66472,1276.01685,1227.74792,2.50673,1527.99341,1389.06848,-124.06005,1415.97791,1367.83411,69.83726,1361.59912,1252.86877,-176.97845,1261.87952,1505.92737,227.90955,1269.84778,1390.80823,0.17913,1164.68457,1371.29565,51.60103,1358.12646,1547.4021,-269.83084,986.16144,1525.66003,335.40811,1037.49768,1452.70813,-367.28235,876.12732,1337.46228,225.25241,845.02429,1283.87036,-114.76463,865.94482,1477.66479,78.02267,978.58105,1688.72937,NA,NA,NA,-170.52374,467.37802,1542.48914,144.91791,451.20883,1487.8208,-228.46968,233.11035,1839.30701,110.73059,117.08986,1563.03162
124,1.23,-47.17764,1279.50049,1224.35181,4.0522,1529.36414,1389.30798,-121.39802,1417.72839,1365.87158,73.20122,1365.1991,1252.09644,-176.57635,1262.01208,1504.37024,NA,NA,NA,2.39224,1165.96924,1368.50366,51.9981,1358.30652,1546.84058,-269.35883,986.80688,1527.14453,335.61264,1037.73022,1452.10608,-365.56927,875.30957,1338.46436,225.61093,844.95343,1283.74573,-113.32827,866.20483,1471.82007,76.86649,977.50549,1685.47839,197.10202,832.73145,1447.85327,-168.51773,466.96884,1533.29321,145.98256,450.91714,1486.53638,-223.56627,232.8949,1832.62646,110.83434,117.06381,1563.02759
125,1.24,-42.82093,1283.47278,1221.10889,6.23186,1530.20032,1390.12207,-119.79813,1419.13062,1363.64526,77.06903,1368.66211,1251.96631,-176.14122,1262.36853,1501.72864,231.27414,1271.12134,1391.13623,3.67022,1167.32532,1366.32385,52.04444,1357.76538,1545.74817,-268.85306,987.51398,1528.72925,336.37595,1037.68958,1452.02979,-363.75906,874.44672,1339.40735,226.11424,844.35413,1283.68335,-111.60648,866.31226,1468.25684,75.1647,977.29987,1684.82202,197.6917,833.72638,1444.26038,-165.67595,466.72687,1523.98486,148.44698,450.22052,1485.34229,-218.98289,231.75287,1825.19824,110.97974,117.13852,1563.01794
126,1.25,-38.43105,1287.28638,1218.02954,6.98167,1531.79639,1392.78552,-117.64163,1420.92334,1361.14404,80.65974,1371.97607,1251.87061,-175.76479,1262.70239,1499.36328,233.41032,1271.99548,1392.03857,5.59747,1168.55823,1363.4679,51.92429,1357.62769,1545.08325,-268.45343,988.15247,1529.95007,336.77646,1037.61975,1451.47778,-361.62042,873.36023,1340.28101,226.34274,844.35535,1283.59265,-110.39061,867.01013,1462.50903,73.71955,975.86505,1681.43091,199.9397,833.80096,1442.22522,-163.06009,466.45889,1513.91687,149.60092,450.20108,1484.745,-213.91585,230.41238,1816.36694,111.0851,117.1229,1563.01343
127,1.26,-34.10389,1291.82153,1215.07385,8.39464,1533.66199,1393.92383,-115.46523,1422.53748,1359.03931,84.63868,1376.08777,1252.2616,-175.36443,1263.06128,1496.83606,234.6062,1272.0199,1391.93884,6.68649,1169.76953,1361.4917,52.24036,1357.06592,1543.73474,-268.1741,988.54407,1530.82483,338.06644,1037.62646,1452.4729,-359.29654,871.81653,1341.60413,226.89891,844.62152,1283.59241,-108.91729,867.53772,1456.98804,71.91963,975.62012,1679.61792,NA,NA,NA,-160.29108,466.00598,1504.18042,151.84654,450.97284,1482.89148,-208.5354,229.26772,1806.64844,111.25114,117.16702,1563.00391
128,1.27,-29.6395,1295.79944,1211.7804,9.66278,1534.78735,1395.92078,-113.36163,1424.26563,1356.82813,89.61289,1380.50659,1253.45093,-175.30319,1263.39563,1494.75159,236.39084,1273.18115,1393.12378,9.05791,1170.97351,1358.1925,52.4993,1356.6897,1541.94812,-267.74191,989.01129,1532.23267,338.14221,1037.60217,1452.6344,-356.7114,869.37384,1342.86743,227.46637,844.43481,1283.59631,-107.44972,867.25946,1450.9281,70.25487,973.93103,1676.08215,NA,NA,NA,-157.45651,466.15082,1493.96338,153.07851,450.52924,1481.53528,-203.26685,227.66116,1797.38794,111.72221,117.10846,1563.63928
129,1.28,-25.07114,1300.56128,1208.80676,10.81155,1535.68457,1396.82739,-111.23164,1425.979,1354.54004,92.52306,1384.33447,1253.38818,-174.9381,1263.43005,1492.32349,238.14137,1273.68469,1394.29785,10.43749,1172.19067,1355.73303,52.31622,1356.58069,1541.24548,-267.0271,989.93823,1534.50085,338.38751,1037.43225,1452.64343,-352.54477,866.44574,1345.35547,227.94089,844.42841,1283.88367,-105.69756,867.88678,1446.14111,68.31808,973.11322,1673.67297,NA,NA,NA,-153.13075,465.18729,1484.69189,154.96405,450.30136,1480.73889,-198.09694,224.89536,1786.35657,111.92815,117.12045,1563.62891
130,1.29,-20.46895,1304.82727,1205.77966,12.11564,1536.63611,1398.12231,-108.94127,1427.83093,1352.0918,95.93169,1387.66052,1253.64404,-174.70145,1263.65881,1489.29614,238.95706,1273.89697,1393.84302,11.94233,1173.44055,1353.07373,52.6085,1356.33923,1540.31189,-266.00058,990.39471,1536.36157,338.43607,1037.37231,1452.86035,-352.23917,864.19965,1346.81799,228.02278,844.29639,1284.04395,-104.4788,868.28296,1438.58191,66.06886,971.77368,1670.36292,NA,NA,NA,-149.4594,464.83365,1474.5697,157.61214,450.07425,1478.75769,-192.36732,222.59999,1775.4353,114.02749,116.56075,1564.31628
131,1.3,-16.00685,1309.42102,1202.67273,13.0951,1537.40479,1400.05212,-106.9903,1429.30725,1350.02869,99.47955,1391.43555,1254.27673,-174.29651,1263.56006,1486.62512,240.0601,1274.46252,1394.65137,13.34356,1174.56506,1350.49536,52.77245,1355.85034,1538.74939,-265.12631,990.46637,1537.06628,338.66187,1037.48633,1452.92944,-349.75668,861.39746,1349.22266,228.07652,844.05969,1284.0863,-102.64318,868.00598,1434.54602,64.0891,970.86395,1667.7804,NA,NA,NA,-145.61459,464.87418,1464.8667,159.87268,449.87595,1478.46594,-186.89241,219.67242,1762.66797,114.38747,116.57458,1564.29834
132,1.31,-11.45171,1313.62207,1199.59277,14.19598,1538.35559,1401.31677,-104.92818,1431.07434,1347.59106,103.49039,1395.33691,1253.17407,-174.04659,1263.61768,1483.58276,242.19421,1274.32935,1394.55957,15.19499,1175.22998,1347.37573,52.42548,1355.35522,1537.05261,-264.16681,990.65033,1537.68433,338.4599,1037.03796,1452.95825,-347.0213,857.8421,1352.00928,228.47342,843.75067,1284.55078,-101.70223,868.79742,1426.9209,61.79692,969.58929,1664.3822,NA,NA,NA,-142.1386,464.96347,1454.88806,161.57982,450.07785,1476.90198,-181.23456,216.62349,1751.99182,116.07767,117.26562,1562.13672
133,1.32,-7.11974,1317.71191,1196.61218,14.78402,1539.57178,1403.86536,-102.90381,1432.91272,1345.31738,106.47445,1398.63257,1252.86523,-173.71333,1263.66406,1480.88013,242.90617,1274.78674,1394.20801,16.50333,1176.28296,1344.49622,52.1611,1354.69714,1536.18347,-262.8139,990.55499,1538.8396,338.50934,1036.59155,1453.20508,-343.90683,854.01843,1354.98584,228.31859,843.53821,1284.56128,-99.85633,867.93585,1422.28662,59.46185,968.02112,1661.19104,NA,NA,NA,-138.02231,464.66714,1444.24646,164.5697,450.05362,1475.39392,-175.01289,214.25871,1738.36194,116.36723,117.30544,1562.12134
134,1.33,-3.01447,1321.82422,1193.67432,15.76258,1539.75146,1404.48499,-100.94913,1434.07275,1343.05029,108.96358,1401.02148,1254.43555,-173.41942,1263.52539,1478.75647,243.37372,1274.80029,1393.89282,17.79411,1177.12329,1341.63391,52.31036,1353.91724,1534.01733,-262.00012,991.01886,1541.0448,338.48166,1036.18396,1453.37524,-340.74896,849.92383,1358.4093,227.7522,842.26038,1284.31201,-98.68784,868.86487,1415.15466,56.8992,967.80981,1658.89648,NA,NA,NA,-133.60867,464.061,1432.96863,167.23944,450.02704,1473.81653,-169.52338,211.35814,1725.84045,117.10294,117.0181,1563.23389
135,1.34,1.01431,1325.79602,1190.79248,17.05239,1539.58374,1404.19714,-98.74032,1435.56152,1340.47424,111.92713,1404.04553,1254.45203,-173.13066,1262.97827,1475.2572,244.85815,1274.65515,1392.99988,19.03064,1177.91797,1338.68701,52.20707,1353.19104,1532.24731,-261.4238,991.29468,1542.05945,338.36429,1035.63818,1453.09448,-338.45792,845.6781,1362.01196,226.88866,841.52557,1283.96118,-96.72572,868.263,1410.72986,55.63807,965.94824,1653.29956,NA,NA,NA,-128.82945,463.8136,1421.65759,170.22487,449.25204,1472.85889,-163.67719,209.20605,1712.64148,116.9799,116.96116,1564.89551
136,1.35,4.91544,1329.48584,1187.85974,17.85267,1540.09607,1406.0033,-97.00519,1436.67517,1338.198,115.05448,1406.3562,1254.25781,-172.72749,1262.46191,1472.41919,245.55251,1274.33801,1392.74866,20.04489,1178.67419,1335.72253,52.32911,1352.11499,1530.84973,-260.07553,990.84735,1541.9563,338.16409,1034.96594,1453.14551,-334.22205,840.81018,1365.43494,226.47044,840.75891,1283.50525,-96.23801,868.5976,1403.22681,52.87688,965.45959,1650.34131,NA,NA,NA,-125.01737,464.72592,1409.70044,173.00459,448.81656,1471.6001,-158.42436,206.19534,1699.10205,118.55553,115.76952,1567.45154
137,1.36,8.3791,1332.97546,1185.14624,18.85448,1540.29077,1406.35059,-94.98124,1437.88989,1335.6394,118.02012,1409.026,1254.15454,-172.39618,1262.06506,1469.11707,246.46196,1273.00513,1391.85461,20.08499,1179.69861,1331.5509,52.2602,1351.6792,1528.20789,-258.28644,989.96069,1541.76416,337.4241,1034.02344,1451.79004,-329.77039,835.91815,1369.22974,225.75716,839.99841,1283.33093,-94.27114,868.38452,1397.83655,50.77348,964.52362,1647.84924,NA,NA,NA,-119.34726,464.42737,1396.7998,175.98448,449.18097,1470.14038,-153.03969,202.82594,1684.11389,118.6517,115.90482,1567.44189
138,1.37,11.76533,1336.12988,1182.31104,19.60018,1540.67383,1407.05371,-93.39963,1438.86841,1333.18616,120.52628,1411.32043,1254.12415,-172.04333,1261.54602,1466.91968,248.43979,1273.10999,1391.14319,21.3273,1179.62817,1328.5498,52.58056,1351.15869,1526.18823,-257.11453,990.30157,1542.95923,337.21042,1032.90955,1450.67273,-326.74365,830.68317,1373.97119,225.33336,839.04254,1283.02295,-93.95766,868.3587,1392.03271,48.56339,963.57391,1644.30298,NA,NA,NA,-113.23988,464.90881,1385.97314,179.10101,448.35217,1468.83508,-147.66029,199.11349,1669.16931,118.65009,116.04436,1567.43689
139,1.38,14.95913,1338.95728,1179.38306,20.2745,1540.56226,1406.82458,-92.11636,1440.23779,1330.61951,123.11317,1413.16565,1252.95032,-171.88084,1261.15137,1463.15479,248.1144,1272.18604,1389.00549,22.01857,1179.91162,1325.6908,52.77526,1350.38806,1524.02808,-255.48218,989.71533,1541.90552,336.90048,1031.58899,1449.9679,-322.67642,825.90894,1378.08167,224.12651,837.8241,1281.30872,-93.3904,868.08331,1386.63464,46.03897,963.44598,1641.58374,NA,NA,NA,-107.01111,465.60547,1373.07654,182.48996,448.3143,1467.7627,-142.65889,194.97105,1652.16992,118.09816,115.46907,1571.29187
140,1.39,17.91732,1341.72168,1176.59778,21.44341,1539.78735,1405.55017,-90.23494,1440.83984,1327.71741,125.35075,1414.76465,1252.19751,-171.3914,1260.16736,1460.74866,248.74384,1270.83923,1387.93652,22.76531,1179.93323,1322.60046,52.99373,1349.34961,1521.46582,-253.8647,988.91699,1540.8429,336.53006,1029.95068,1449.59875,-319.1806,820.75952,1382.65979,223.33075,836.89392,1280.04944,-92.85155,867.85388,1381.48096,45.00888,961.94019,1637.39673,NA,NA,NA,-100.63206,466.66769,1361.66333,185.33351,447.71744,1465.96033,-137.44936,190.88617,1635.41309,118.22659,114.03307,1573.90649
141,1.4,20.63269,1344.21387,1173.31921,22.41698,1539.94861,1404.07153,-88.40929,1441.5625,1324.81018,127.34018,1416.37061,1250.4408,-170.84358,1259.3739,1457.48291,249.1869,1269.90808,1385.07556,23.37449,1179.4928,1319.36499,53.33846,1349.05505,1518.49158,-251.22023,987.97473,1539.31763,336.3255,1028.73865,1448.40552,-314.91837,815.44269,1386.66089,222.69823,835.04858,1279.31604,-92.62504,867.91095,1375.53357,42.61402,961.83813,1634.11755,NA,NA,NA,-94.46515,467.64694,1349.23035,187.96143,446.9967,1465.36597,-132.43042,186.54155,1616.96912,NA,NA,NA
142,1.41,22.77933,1346.46057,1170.505,22.63961,1539.74573,1403.99011,-87.27153,1442.44629,1321.91687,129.11848,1417.43994,1249.23389,-170.4792,1259.14258,1454.54871,249.67773,1268.45691,1382.21851,23.5869,1179.52515,1315.97534,53.87896,1348.65735,1515.51868,-248.70877,987.4173,1538.32727,334.9342,1026.82458,1445.35876,-311.73636,810.4447,1391.54529,222.1144,833.86902,1276.85474,-91.65651,867.17969,1370.98096,40.86347,961.0719,1631.10962,NA,NA,NA,-88.22288,469.55612,1337.91602,189.90964,446.34058,1463.18481,-127.76001,182.18481,1600.25732,NA,NA,NA
143,1.42,24.89395,1348.03772,1167.32751,23.88652,1539.28711,1401.96228,-85.62937,1443.0282,1318.73987,131.16174,1418.31689,1248.22864,-169.84981,1258.40564,1450.89246,250.53813,1267.98206,1379.90234,23.76371,1179.02087,1312.6626,53.87685,1347.24146,1511.98877,-246.52861,986.37677,1536.13721,335.12531,1025.74841,1443.63953,-308.02676,805.74225,1395.82507,220.75949,832.3504,1274.58752,-92.24256,867.1059,1366.42505,38.81275,960.59857,1628.3208,NA,NA,NA,-81.81519,471.07965,1326.43188,193.25198,446.47089,1459.23523,-122.90025,176.77437,1580.80273,NA,NA,NA
144,1.43,27.07545,1349.56787,1163.93567,24.85287,1539.07019,1400.26672,-84.58627,1443.64099,1315.64331,132.46887,1419.18811,1245.41309,-169.68221,1257.77673,1447.8241,250.63666,1266.13391,1376.90967,24.48524,1178.52356,1308.95813,54.69662,1346.94055,1508.98999,-243.28474,984.89337,1534.00513,334.41171,1024.02563,1441.54565,-304.66705,800.51001,1400.06372,221.099,831.12665,1272.11206,-92.12223,867.21301,1361.73962,37.53334,958.98334,1624.40076,NA,NA,NA,-75.43638,473.54163,1314.66003,194.96454,445.13193,1456.1543,-118.63941,172.05269,1560.91345,NA,NA,NA
145,1.44,29.02447,1350.87122,1160.42517,25.45159,1538.92029,1399.005,-83.48866,1444.15234,1312.23499,134.03174,1419.27417,1242.71838,-168.9856,1257.15955,1444.3064,250.50824,1264.83936,1373.35217,24.94506,1177.95874,1305.07458,54.2891,1345.90247,1505.40576,-239.901,984.02136,1532.31958,333.26523,1022.70923,1438.48096,-300.89539,796.22168,1403.94214,220.35722,829.50549,1268.29468,-92.5324,866.50232,1357.78369,36.23887,959.13239,1621.04797,NA,NA,NA,-69.41717,476.15894,1302.94714,195.714,444.53915,1454.07825,-114.59702,167.32167,1540.26782,NA,NA,NA
146,1.45,30.48174,1351.68799,1157.02026,26.75141,1538.06567,1395.83691,-82.37949,1444.49109,1308.83582,135.45831,1419.7843,1240.05225,-168.86716,1256.3313,1441.45776,251.68709,1263.60913,1371.35095,24.82918,1177.46448,1301.99194,54.82436,1345.72009,1501.86877,-237.14146,982.42859,1528.84167,332.83929,1020.72375,1436.01172,-297.86597,791.70959,1407.76587,220.63489,828.26642,1265.05103,-93.37638,866.76379,1353.42712,34.70776,958.53485,1618.55298,NA,NA,NA,-63.14834,478.73587,1292.17773,197.01418,443.80579,1450.81042,-109.84743,162.86345,1518.70398,NA,NA,NA
147,1.46,31.86014,1352.66089,1153.25562,27.52258,1538.05542,1393.18347,-81.58191,1444.96814,1305.13196,136.55132,1419.90222,1237.09082,-168.67709,1255.30408,1436.57642,251.7957,1263.40796,1367.34473,24.75723,1176.88757,1297.75769,55.20454,1345.00134,1498.3739,-233.57195,981.46735,1526.45874,331.83646,1019.47498,1431.72742,-294.31961,787.33685,1411.06299,220.87881,826.35229,1261.91394,-93.39544,866.50781,1349.39893,34.04283,957.44629,1615.09839,NA,NA,NA,-57.29413,481.9668,1281.0459,197.49229,443.53943,1448.03699,-104.74722,157.64206,1495.80054,NA,NA,NA
148,1.47,33.14378,1352.83337,1149.4032,27.97527,1538.02612,1390.6228,-80.33788,1444.85938,1301.38342,137.38365,1419.73547,1234.25891,-168.38687,1254.7926,1432.42578,251.05368,1261.89526,1363.16357,24.78765,1176.18787,1293.44409,55.47397,1344.41711,1494.16077,-229.89848,980.35895,1524.20056,331.6019,1018.24774,1427.85156,-290.90918,783.87518,1414.52795,220.7197,824.95996,1257.1969,-94.14349,866.8349,1345.81555,32.2364,957.20624,1610.95166,NA,NA,NA,-51.64604,486.22687,1268.17627,198.82271,443.22159,1446.14441,-100.11349,153.45442,1473.00659,NA,NA,NA
149,1.48,32.40058,1354.83472,1141.22632,29.55746,1537.24573,1385.57507,-79.70962,1445.28967,1297.23462,138.55835,1419.54553,1231.16064,-168.44865,1254.37073,1427.9657,251.6378,1260.29846,1357.50647,24.74353,1175.61182,1289.54651,55.2187,1343.5415,1490.05725,-226.51814,978.23706,1519.83252,331.20035,1017.88947,1423.95325,-288.1203,780.06885,1417.23291,221.00159,823.33948,1253.81335,-93.79045,866.90582,1341.77112,31.63741,956.71649,1607.7395,NA,NA,NA,-46.67547,488.89127,1259.99988,199.75743,442.42227,1444.08948,-95.51045,149.81496,1449.79639,NA,NA,NA
150,1.49,33.1008,1354.61865,1137.06714,29.17897,1536.9646,1383.87012,-78.99988,1445.21033,1293.23071,139.55286,1419.45178,1227.30713,-168.19893,1253.41443,1423.21558,251.73615,1259.82141,1354.74573,25.31218,1174.50281,1285.25122,54.92794,1343.02173,1486.04517,-223.25038,977.70258,1516.82813,330.06241,1015.4751,1418.88147,-285.00763,776.57654,1419.87122,221.16599,822.06262,1248.91577,-93.56721,866.78473,1338.06763,29.87964,956.5766,1603.48523,NA,NA,NA,-41.41244,493.17038,1248.3324,201.25398,442.41766,1440.64172,-89.87653,146.47787,1425.57312,NA,NA,NA
151,1.5,34.78322,1354.12231,1135.36719,30.11778,1536.1604,1379.32776,-78.24769,1445.14832,1288.85364,139.99507,1418.7627,1223.51758,-168.35847,1252.96387,1418.3219,251.85713,1259.02441,1350.02393,25.74956,1174.00977,1281.09607,55.82817,1342.89221,1481.4502,-219.92903,977.20099,1514.04675,329.73328,1014.71307,1414.60193,-282.20706,773.60699,1422.08362,221.8808,820.849,1245.56274,-92.85957,867.66681,1334.82129,28.39358,956.10352,1599.27832,NA,NA,NA,-36.38522,496.83023,1238.61438,201.3856,441.8345,1440.17322,-84.60864,142.63266,1401.29578,NA,NA,NA
152,1.51,34.67455,1354.31091,1128.58545,30.98448,1536.14685,1375.11536,-77.92632,1445.19373,1284.25439,140.74995,1418.22375,1219.34082,-168.44463,1252.86951,1415.92798,252.8812,1259.22571,1347.45239,25.68687,1173.29688,1276.45325,55.65427,1341.99121,1476.72693,-217.12029,976.87695,1510.53271,329.25195,1013.43359,1410.36572,-278.96225,770.84357,1423.71118,221.90736,820.10596,1239.01953,-92.02567,867.75128,1330.40027,26.98029,955.73352,1595.07617,NA,NA,NA,-32.04848,499.81256,1229.32532,201.15533,441.00357,1437.12585,-80.04594,140.26831,1376.61401,NA,NA,NA
153,1.52,36.88172,1352.29102,1128.0387,31.07423,1535.87354,1371.16577,-77.10567,1444.67444,1279.63513,141.29745,1417.65564,1214.42615,-168.40237,1252.3501,1410.69189,251.95056,1257.10889,1341.91406,25.45574,1172.96594,1271.66443,55.02296,1341.45605,1472.03113,-215.07213,976.521,1507.42004,328.51837,1013.12555,1405.24927,-277.16302,768.78033,1424.99646,222.14992,819.06409,1234.73608,-91.1335,867.78522,1325.72363,25.29782,954.95825,1590.27563,NA,NA,NA,-27.98082,503.70886,1219.43347,202.05949,440.26099,1434.34058,-73.83533,137.08707,1353.45313,NA,NA,NA
154,1.53,37.0273,1351.98999,1123.53088,31.76016,1534.73364,1364.70496,-76.88556,1444.51282,1274.82739,141.54387,1416.92749,1209.77698,-168.57941,1251.92896,1405.26111,252.25044,1257.45154,1336.86902,26.111,1172.31982,1266.81775,55.51728,1340.91882,1467.4115,-212.05418,975.46265,1501.25427,328.80896,1011.85834,1400.51733,-274.07797,766.61932,1425.74292,222.76506,817.99982,1229.9491,-90.04255,867.32495,1320.93579,24.24876,954.55212,1585.38721,NA,NA,NA,-24.66308,506.29538,1211.88464,201.53812,439.36713,1431.21631,-68.94661,135.34979,1329.25098,NA,NA,NA
155,1.54,37.25973,1351.29077,1118.72668,32.19883,1535.30359,1363.95618,-76.94241,1444.27905,1269.88269,141.69717,1416.26343,1204.78003,-168.59727,1251.65356,1399.83594,NA,NA,NA,26.15699,1171.34204,1261.94067,54.36076,1340.09082,1461.95203,-209.95969,975.0163,1497.04016,328.26056,1011.0733,1394.82996,-272.0163,764.49658,1425.63965,222.80281,817.40314,1224.724,-89.23312,866.97272,1315.83521,22.83503,953.98041,1581.55322,NA,NA,NA,-21.59886,509.09485,1203.05042,202.05814,438.85605,1427.37964,-63.88597,133.85999,1305.26941,NA,NA,NA
156,1.55,37.21938,1350.1709,1113.95667,31.86898,1535.09497,1358.64063,-76.60965,1443.59888,1264.77515,141.89473,1415.2865,1200.91943,-169.01483,1251.51013,1394.15027,251.87984,1255.59265,1326.94763,26.35857,1170.85193,1257.3031,55.20402,1340.33301,1457.85559,-207.79047,975.04742,1491.81531,328.18365,1010.2951,1388.79504,-269.20535,762.15405,1425.56726,223.10637,816.21198,1218.26978,-88.27168,866.23682,1310.68762,21.60022,954.44861,1576.49426,NA,NA,NA,-19.58665,511.79428,1195.22949,202.23213,438.35919,1423.78369,-58.27598,131.995,1282.23547,NA,NA,NA
157,1.56,37.24451,1349.03711,1108.66626,32.37036,1534.36987,1353.27637,-76.55799,1442.91663,1259.52612,142.00548,1414.18787,1196.00562,-169.07207,1250.95142,1388.28638,252.39215,1256.01379,1323.7854,26.95702,1170.24902,1252.38599,54.34796,1339.47766,1452.1012,-206.79446,975.38153,1488.1908,327.77005,1009.9939,1383.24597,-267.85736,760.67798,1424.94812,223.67874,815.90302,1213.26953,-87.18399,865.81744,1305.38489,19.83205,953.97699,1571.48242,NA,NA,NA,-16.70321,513.19946,1187.51929,202.10413,437.12296,1419.47253,-53.30544,131.56927,1258.80835,NA,NA,NA
158,1.57,37.11649,1347.88757,1103.86243,32.54824,1533.9718,1347.59875,-76.69337,1442.59094,1254.17566,141.85718,1413.23181,1190.21216,-169.13211,1250.76062,1382.3186,252.29797,1254.94458,1317.95862,26.90752,1170.41992,1246.91931,54.49989,1339.15613,1447.70935,-205.26016,974.85815,1482.1886,328.59512,1009.388,1377.62476,-265.62848,759.28638,1422.92346,224.10889,815.3938,1207.04382,-86.12297,865.40411,1299.53955,18.61281,953.9494,1565.95764,NA,NA,NA,-15.39051,514.56085,1180.74536,202.3835,436.75247,1415.51282,-48.75045,131.89159,1236.23364,122.65324,112.79082,1570.53784
159,1.58,34.77887,1348.38318,1094.74402,31.90927,1533.87744,1341.89978,-76.95721,1441.70483,1248.94116,141.30293,1412.30615,1184.39917,-169.36578,1250.16187,1376.1814,251.81526,1254.03967,1311.44482,27.04812,1169.82983,1241.05798,54.01928,1338.22681,1442.30042,-203.97623,974.11298,1475.46509,327.38641,1008.92163,1372.13489,-264.31622,758.02258,1420.31445,224.61754,814.37799,1201.42468,-85.06362,864.85754,1292.82861,17.00999,952.94672,1560.64856,NA,NA,NA,-14.98153,515.70862,1174.36267,202.11,436.16391,1411.08777,-47.03363,134.96718,1214.17554,123.03252,112.84629,1570.61914
160,1.59,34.79878,1346.60315,1089.72949,31.79471,1533.4259,1336.09521,-76.96185,1440.65161,1243.52393,141.14856,1411.45935,1178.5365,-169.5744,1249.56665,1369.82922,252.33092,1254.15686,1307.66943,27.84627,1168.91528,1235.72253,53.58978,1337.61841,1436.85791,-203.33771,973.42029,1470.17407,327.13022,1008.04675,1365.25769,-262.99591,757.13593,1417.0509,225.01297,813.72369,1195.48181,-84.36711,864.62042,1285.95264,15.72477,952.84149,1554.62903,NA,NA,NA,-14.34761,515.66089,1167.65662,202.01669,435.35461,1406.94824,-44.35861,137.47882,1194.96558,NA,NA,NA
161,1.6,36.39901,1343.82178,1089.49097,31.37939,1533.11096,1330.1438,-77.43172,1440.04834,1238.00854,141.05777,1410.05347,1174.64612,-169.86374,1249.07922,1363.27161,251.3597,1253.56104,1302.31274,28.34565,1168.56506,1230.021,53.14235,1336.22375,1431.03918,-201.99408,974.82977,1468.8396,326.06247,1007.51392,1359.38977,-262.37662,757.15802,1413.66956,225.22461,813.34241,1188.7959,-84.286,864.47125,1279.25574,14.25245,951.94128,1548.50525,NA,NA,NA,-13.59639,515.93378,1160.71741,202.03633,434.32132,1402.81909,-42.20635,141.82866,1176.53223,166.47743,760.77563,1868.94238
162,1.61,35.67808,1342.56543,1083.70667,31.10973,1532.57568,1324.15332,-77.86282,1439.01636,1232.48218,140.67473,1409.0957,1168.74133,-170.01137,1248.23621,1356.3689,252.14627,1253.42004,1297.47668,28.10216,1168.34558,1223.87952,53.03282,1335.98987,1426.42798,-201.89243,974.06781,1462.23596,326.42841,1007.46808,1353.19934,-262.01685,756.92584,1408.56433,225.92177,812.80286,1181.79126,-84.64321,863.82513,1272.56409,13.23848,950.99707,1542.65845,NA,NA,NA,-13.77466,515.12299,1155.13281,203.57892,434.73096,1397.49036,-40.40374,146.14784,1159.64343,123.53359,115.10508,1565.58826
163,1.62,35.28649,1341.46057,1078.28674,30.71802,1532.07837,1318.29346,-78.53137,1438.24158,1227.14661,140.13335,1408.41699,1162.51782,-170.24539,1247.35449,1349.7323,251.23749,1253.19263,1292.45105,29.24266,1167.84033,1218.30945,52.17242,1334.90454,1420.77747,-201.47664,973.05872,1455.96899,326.43271,1007.07031,1346.42664,-262.64868,756.12445,1403.16724,226.86852,812.27338,1175.66113,-84.40289,862.82959,1265.0686,11.56953,949.8316,1534.69153,NA,NA,NA,-14.00482,513.8255,1149.0011,203.35876,434.07458,1393.84607,-38.38928,149.91676,1145.12317,124.27118,115.94646,1564.39917
164,1.63,32.73415,1342.04016,1069.5719,30.04254,1531.7251,1312.34778,-79.20561,1437.00903,1221.75415,139.43018,1407.84131,1157.01111,-170.73683,1246.31604,1342.57776,250.68245,1253.10547,1285.40247,29.94214,1167.38184,1211.56702,51.90377,1333.74487,1414.69592,-201.25763,971.67487,1448.42566,326.04822,1006.50604,1339.71021,-262.6539,755.39545,1397.34021,227.05675,811.79889,1168.7085,-84.84212,862.12439,1258.11719,10.53771,948.83911,1528.93652,NA,NA,NA,-15.44588,511.96619,1142.88208,202.3172,432.69913,1389.1709,-36.36176,154.99982,1131.28711,123.94952,115.77132,1565.11658
165,1.64,32.66284,1340.32251,1063.25452,29.21785,1530.82434,1306.80432,-79.57795,1436.02893,1216.18555,138.89983,1407.16711,1151.97253,-171.13911,1245.14001,1335.70862,249.87656,1252.2157,1279.87207,29.60991,1167.30005,1205.39905,50.73139,1332.38269,1408.79358,-200.16551,970.1814,1441.3396,325.50479,1005.89197,1332.81055,-263.14871,754.02875,1390.38684,227.71594,811.0705,1160.79272,-84.91702,860.71234,1250.0636,9.00052,947.65594,1521.81824,NA,NA,NA,-16.43034,510.35519,1136.21069,202.87523,432.69836,1386.08411,-33.48864,158.65787,1118.73779,124.67482,117.18652,1565.28284
166,1.65,33.70301,1337.8302,1061.9397,28.07769,1530.3562,1301.16724,-80.29166,1435.14673,1210.6449,138.03638,1406.08813,1146.4707,-171.94193,1244.11621,1328.35364,250.43799,1252.6748,1276.44177,30.1946,1166.86023,1198.60876,49.4034,1331.31616,1403.32678,-201.62019,969.74884,1434.03357,324.33603,1005.13531,1323.94055,-264.22995,752.51984,1382.78003,227.5298,810.83118,1152.90649,-85.63693,859.59857,1242.49963,7.79262,946.46088,1514.62402,NA,NA,NA,-17.35764,508.77554,1129.78162,201.81953,431.85278,1381.84888,-31.80414,162.21603,1107.67322,124.99742,118.53352,1563.12354
167,1.66,32.86878,1337.4834,1056.45459,27.2395,1529.8241,1295.57825,-81.21041,1434.24243,1205.26489,137.27515,1405.76575,1140.41895,-172.72849,1242.71741,1321.17297,248.56865,1252.2384,1270.51123,30.47859,1166.68982,1191.73181,48.14911,1330.42407,1397.66882,-201.95058,967.5816,1425.84473,324.89594,1004.75366,1317.71814,-266.12329,751.57043,1375.22253,227.86732,809.88361,1145.84253,-85.86469,857.82867,1233.70605,5.99463,945.25067,1506.4458,NA,NA,NA,-17.58181,506.22989,1122.95557,201.38914,431.0806,1377.99573,-29.77154,163.9487,1096.82263,126.05606,119.76211,1562.02942
168,1.67,30.2676,1338.91626,1045.91223,26.16337,1529.25,1290.26611,-82.03352,1433.80444,1199.5658,136.47359,1405.8678,1135.64648,-173.80708,1241.48865,1313.83179,248.24236,1251.90442,1264.17017,30.51278,1166.18469,1185.25513,46.53138,1329.25159,1393.29175,-202.56363,966.27924,1418.1123,323.5571,1003.59692,1310.24487,-266.42395,749.28485,1367.08862,228.46484,809.64728,1137.28931,-86.30325,856.64905,1224.90527,4.3797,943.83112,1497.71484,NA,NA,NA,-17.86491,502.73621,1116.8761,201.26801,431.02335,1374.25171,-29.91472,164.52924,1087.0011,127.02345,122.4007,1561.90833
169,1.68,31.14469,1337.33728,1045.09387,24.54003,1528.70776,1284.87927,-83.33702,1433.61377,1193.91394,135.37988,1405.65918,1129.95569,-174.77805,1240.1593,1306.24255,247.13425,1251.57202,1258.00977,30.74528,1166.28748,1177.7489,44.98945,1327.89355,1387.09814,-203.34589,963.81158,1409.49585,322.39999,1003.84753,1301.70801,-267.88855,747.9079,1358.21631,228.27797,810.24426,1128.99084,-86.75792,855.57172,1215.8302,3.09064,941.6994,1489.99878,NA,NA,NA,-17.38443,499.75546,1111.74622,201.2961,430.18362,1370.56494,-30.73822,164.64517,1078.57776,127.43876,123.26495,1560.41162
170,1.69,28.63391,1339.74963,1035.58887,23.71514,1528.1427,1279.58472,-84.53741,1433.13745,1188.03003,134.44266,1405.70898,1124.06873,-176.09785,1238.33447,1298.59436,245.68993,1251.72156,1253.76355,30.2767,1166.00171,1171.17078,42.35255,1326.52612,1381.24023,-205.13219,962.85919,1400.88,321.71622,1003.43121,1293.9657,-269.00705,746.46906,1348.79724,227.9388,809.90955,1120.79688,-86.85894,854.14728,1206.10718,1.3416,939.92236,1480.68298,NA,NA,NA,-17.36755,497.62494,1104.49536,201.31636,429.67398,1365.83521,-32.47654,163.745,1072.30151,127.43275,125.08327,1559.73718
171,1.7,27.62868,1339.99573,1029.27405,21.7064,1528.01697,1274.604,-85.80963,1433.61499,1182.34839,133.11546,1406.19604,1119.71399,-178.12621,1237.39856,1291.13867,244.68428,1251.9718,1248.73706,30.08725,1166.15649,1163.68884,40.41344,1325.1532,1374.99817,-206.51387,960.51532,1391.38696,320.85477,1003.65564,1286.76099,-269.35168,743.46069,1338.69287,227.62352,810.33405,1112.1427,-87.68688,853.67291,1194.85693,0.06917,937.87738,1472.32886,NA,NA,NA,-17.24543,495.26501,1097.67761,201.80923,429.88504,1361.88599,-34.41653,161.57895,1067.34631,128.22298,127.39181,1557.44592
172,1.71,26.56033,1341.37866,1022.68793,19.45267,1527.65613,1269.61768,-87.53154,1433.91956,1176.03845,131.67989,1406.86841,1113.62451,-179.50162,1235.86084,1282.4386,243.0497,1252.54895,1242.79639,29.64264,1166.61804,1156.0614,37.69025,1324.05347,1369.02307,-208.57399,958.7085,1382.14429,319.52902,1003.56812,1279.18787,-271.03558,741.78241,1328.9187,227.3479,811.38458,1103.16956,-86.72554,852.67493,1185.09033,-1.53317,935.91339,1462.74646,NA,NA,NA,-17.65006,493.81165,1089.41406,202.33397,429.931,1357.01135,-36.75516,159.42903,1063.91345,128.94049,128.80156,1555.70105
173,1.72,25.88475,1342.14563,1016.14172,17.37122,1527.47388,1264.43616,-89.2359,1434.23083,1169.87585,130.21771,1407.1167,1108.24634,-181.28151,1234.4292,1274.82556,240.91902,1252.37671,1236.7207,28.88753,1167.02014,1148.40161,34.71882,1322.80249,1362.70642,-209.89491,956.66376,1372.36694,318.60248,1003.79718,1271.76831,-272.22092,740.18707,1318.51794,227.4211,811.95538,1095.12207,-85.44061,851.69708,1174.94641,-1.68521,934.54187,1454.59216,NA,NA,NA,-18.81766,491.61249,1081.46155,203.27274,430.08817,1351.13416,-39.13359,155.78766,1062.47534,128.84857,130.41443,1551.7124
174,1.73,24.49365,1344.62915,1009.487,15.78826,1527.66223,1258.94629,-90.89912,1435.07129,1163.58618,128.91527,1408.28711,1102.38794,-183.36192,1233.67407,1266.63049,NA,NA,NA,27.57384,1167.81982,1140.26758,32.13524,1321.87756,1356.02637,-211.69081,954.9035,1362.53577,317.17514,1004.70752,1264.32166,-273.17026,738.73407,1307.67505,227.39946,812.75958,1086.9021,-84.52962,851.5932,1164.24341,-2.58876,932.52893,1444.52429,NA,NA,NA,-18.12818,489.76498,1073.2312,203.69487,430.54236,1344.40027,-40.8163,151.01576,1060.29138,129.66231,133.23103,1548.12769
175,1.74,23.36128,1346.46179,1003.07745,13.12874,1527.9978,1253.53052,-92.81796,1436.43799,1156.83386,127.50349,1409.76489,1097.22791,-185.32785,1232.19031,1258.45593,237.78528,1254.68616,1226.70239,26.48243,1169.01819,1132.09814,27.95213,1321.88281,1349.84924,-213.85825,953.05988,1352.05774,316.10065,1006.05408,1257.72534,-274.23407,737.33417,1296.3772,227.13507,814.22406,1078.04517,-83.24493,851.4729,1153.34753,-3.2433,930.83942,1435.10364,NA,NA,NA,-17.02961,488.05048,1065.3667,204.03223,431.25455,1336.44934,-40.97751,144.8821,1058.63953,130.42676,136.70581,1545.36462
176,1.75,21.72905,1349.34399,994.96008,11.16254,1528.59106,1247.63379,-94.85188,1437.62256,1150.00916,125.38486,1412.01086,1090.47583,-187.08093,1231.86853,1249.82629,236.06439,1256.48816,1220.37268,25.27993,1170.25964,1124.47168,26.26457,1321.39331,1342.18896,-216.03587,951.46222,1342.03845,314.44647,1006.83685,1250.63184,-274.94708,735.47803,1284.78247,227.2718,815.27069,1068.99097,-81.9472,851.8136,1142.78784,-3.80205,930.38959,1425.93457,NA,NA,NA,-16.29808,487.63513,1058.2334,204.8969,431.89587,1328.30518,-39.42799,137.10236,1057.45154,131.07626,139.40747,1541.94104
177,1.76,20.90396,1351.0011,990.01642,9.11973,1528.8927,1241.89746,-96.838,1438.95898,1143.33386,123.47784,1414.3208,1083.97803,-189.17152,1231.05347,1241.52808,234.06053,1257.30017,1214.4541,23.73992,1171.52136,1115.74011,23.02696,1321.68506,1335.51001,-217.99472,949.92883,1331.21924,313.41086,1008.46472,1243.73035,-276.3613,734.55396,1272.58618,227.18222,817.02728,1061.32776,-81.20805,853.08533,1132.03308,-3.68605,930.16992,1416.68445,NA,NA,NA,-15.7205,487.34592,1049.82861,206.12016,432.8161,1319.46313,-38.30128,130.59569,1056.0769,131.64539,142.64412,1536.8938
178,1.77,20.11211,1352.67163,985.7309,5.8976,1529.94348,1236.11169,-99.05103,1439.92139,1136.61548,121.58602,1416.35767,1077.14832,-191.14394,1231.09924,1233.20605,232.44611,1259.44226,1205.96533,22.60435,1173.69592,1107.89783,21.14266,1322.20984,1327.86145,-219.69032,948.86713,1320.18677,312.22125,1010.40863,1237.47253,-277.5571,733.80939,1260.3866,227.63687,818.90759,1052.17688,-80.28882,854.13525,1121.55078,-3.9792,930.28125,1408.01489,NA,NA,NA,-14.61163,488.48257,1041.59473,204.79906,432.94482,1311.00012,-35.97391,124.68919,1054.43054,133.26187,145.97375,1531.46729
179,1.78,16.76993,1356.28955,974.72614,3.90753,1530.64111,1229.96338,-101.20071,1441.15735,1129.92419,119.60057,1418.41125,1070.68591,-192.7338,1231.47888,1225.06799,231.56427,1262.46289,1200.52844,20.84269,1175.76648,1099.76221,19.44208,1322.54614,1320.83167,-221.13629,948.04199,1309.15613,310.56317,1012.92078,1230.87903,-277.46191,732.95905,1247.45776,227.95219,821.16937,1044.27087,-79.72522,855.56116,1111.90479,-4.1134,930.4762,1398.8053,NA,NA,NA,-13.69695,487.98004,1034.68481,204.99249,434.78482,1300.61279,-32.60122,120.41095,1054.03149,134.07587,150.82578,1524.26416
180,1.79,14.6852,1359.51563,967.36029,2.02543,1531.5094,1223.68188,-103.27179,1443.00037,1122.9939,117.44777,1420.51282,1064.07336,-194.6279,1232.48535,1216.91528,228.53091,1264.83167,1192.89868,19.20281,1178.05261,1091.79346,17.60206,1323.50146,1313.79065,-222.32191,948.56964,1297.72388,308.56558,1015.03912,1223.41052,-278.40771,733.54932,1234.40942,228.49022,823.30347,1036.92883,-80.06937,857.71759,1102.32617,-3.85944,930.7218,1389.48218,NA,NA,NA,-12.91293,489.49866,1026.08032,205.74728,435.75336,1290.15002,-30.2186,117.77231,1052.76624,135.47986,155.61635,1516.70898
181,1.8,13.23311,1361.7948,962.18048,-0.52473,1533.0675,1217.48108,-105.39695,1444.62354,1116.20642,115.72889,1422.46313,1056.66821,-196.37329,1233.54065,1209.08081,227.0872,1266.29724,1183.45862,16.88496,1180.43066,1083.3114,15.70559,1324.62134,1306.18262,-223.8185,948.48956,1286.23853,307.48523,1017.78851,1216.82373,-279.30167,734.11121,1220.82788,228.76175,825.81812,1027.47693,-79.89288,859.49976,1092.58191,-4.63808,931.56049,1380.42773,NA,NA,NA,-11.23859,488.88666,1018.86877,206.46962,438.56662,1276.67505,-27.82446,116.66429,1050.73865,136.85255,160.25362,1509.98169
182,1.81,10.95751,1364.16077,954.78796,-2.65809,1534.34094,1211.14429,-107.44837,1446.14063,1109.48523,113.15749,1425.18884,1049.45105,-197.92892,1234.7948,1201.5813,226.07915,1269.57007,1177.40149,15.6229,1182.85229,1075.46265,13.7104,1325.75769,1299.05115,-225.02742,949.07684,1275.31055,305.24829,1019.73242,1208.90491,-279.89438,735.31781,1206.91614,228.94017,828.05927,1019.862,-80.40867,862.08374,1083.96997,-5.45757,932.284,1371.38892,NA,NA,NA,-9.98779,488.79581,1012.27148,207.48729,439.55508,1264.32385,-25.50915,115.64539,1049.50842,139.3676,166.07501,1499.39404
183,1.82,9.81998,1365.80115,947.57074,-4.8193,1535.24023,1204.92749,-109.38985,1447.19336,1103.03296,111.23979,1427.47803,1043.01868,-199.35045,1236.57227,1194.24146,223.27231,1270.96362,1168.6416,13.71061,1185.70691,1067.70728,12.34883,1326.4729,1291.90906,-226.18439,950.05396,1264.55505,305.61719,1022.82184,1201.85413,-280.52014,736.89404,1192.66895,229.65538,830.70483,1011.90326,-81.96098,864.72089,1074.80286,-6.40135,933.20892,1362.79846,NA,NA,NA,-9.55533,487.57697,1007.21918,208.73193,442.06381,1250.26929,-25.21512,115.68235,1048.0354,140.81201,170.77571,1488.90649
184,1.83,6.91186,1368.95703,939.14038,-7.58702,1537.02612,1199.15906,-111.31665,1448.05127,1096.71399,109.59976,1429.75208,1036.24927,-201.15965,1238.31055,1186.93042,221.98723,1273.90344,1160.77466,12.055,1187.68567,1060.17004,10.92801,1327.43469,1284.70398,-227.44637,950.87408,1253.39905,304.10126,1025.28882,1193.69849,-281.22256,738.72766,1178.60461,230.33052,833.56134,1003.8374,-82.40466,866.96338,1065.60193,-7.59546,934.34314,1354.25757,NA,NA,NA,-8.22628,486.96823,1001.1933,210.05351,443.28253,1236.94763,-25.11048,115.8837,1045.94348,144.4826,175.00748,1477.38708
185,1.84,4.36361,1370.7865,931.33923,-9.05849,1538.39746,1192.85535,-112.88873,1449.16907,1090.33313,107.35292,1431.51074,1029.09265,-202.52748,1240.06421,1179.41272,220.94104,1275.58472,1153.92249,10.11651,1189.40686,1051.89063,9.78847,1328.31238,1277.56604,-229.39732,951.7804,1243.23132,303.52869,1027.73352,1186.00208,-281.5166,740.47058,1163.96973,230.84325,836.01917,994.87695,-82.75443,868.94153,1057.2533,-9.05745,935.19366,1345.47864,NA,NA,NA,-8.48496,485.02045,996.60797,211.97192,445.02548,1221.59155,-25.80734,116.02361,1044.77441,148.07397,179.50813,1464.35559
186,1.85,3.50499,1372.42151,927.5943,-10.23588,1538.8385,1186.55151,-114.72356,1449.89844,1084.69458,105.7113,1432.92798,1022.78333,-203.52287,1241.70117,1171.7207,219.66342,1277.58362,1145.63953,8.63877,1191.57117,1044.56323,9.25019,1328.74329,1270.78394,-230.68404,953.1131,1233.01379,303.50824,1029.75342,1178.18152,-281.70157,742.01062,1149.33838,230.68109,838.50128,986.61603,-83.77619,870.62158,1048.40979,-10.88788,936.27924,1336.97083,NA,NA,NA,-9.1752,484.28629,992.69678,216.04262,447.09042,1205.69043,-26.41171,115.9589,1043.97107,152.81953,183.34314,1450.86108
187,1.86,1.2898,1374.03979,918.48486,-12.19334,1540.02734,1180.43665,-116.32898,1451.17346,1078.57349,104.29115,1434.6416,1016.4494,-204.65529,1243.2804,1164.47998,NA,NA,NA,7.17697,1193.09656,1037.51013,7.76045,1329.45935,1264.24805,-232.62335,954.44293,1223.05127,303.24924,1031.58008,1169.37598,-281.90924,743.74927,1134.66382,231.30188,841.02319,978.07495,-85.0371,873.0498,1038.1864,-12.29247,936.83325,1328.66479,NA,NA,NA,-9.96155,483.66104,988.18207,220.3544,448.6506,1190.53552,-26.60472,115.33914,1043.63074,156.89291,186.30556,1440.2384
188,1.87,-0.92552,1376.31543,911.65808,-13.86405,1541.62366,1174.26453,-117.54776,1451.85583,1072.3241,102.4132,1436.8479,1008.47162,-205.53671,1244.48413,1156.89185,216.64545,1279.93127,1129.26599,5.85355,1194.44702,1029.97693,7.01178,1330.34717,1257.24316,-234.59924,955.29828,1213.46545,303.51468,1033.03796,1161.56873,-281.9151,745.55103,1119.56934,231.20024,843.22083,968.74194,-85.4017,874.07123,1029.91992,-13.98595,937.55994,1320.53467,NA,NA,NA,-10.95273,482.7775,985.7348,226.1853,450.33435,1173.26038,-26.25003,114.38301,1043.03125,161.76874,190.563,1426.94653
189,1.88,-0.71522,1375.86804,909.36505,-14.98749,1542.6123,1168.29846,-118.97379,1452.53296,1066.42078,100.67952,1438.5033,1001.47589,-206.51762,1245.95264,1149.42163,216.37779,1281.73193,1122.94238,4.85897,1195.76965,1022.90314,6.49012,1331.12732,1250.30725,-236.20557,956.04523,1203.30383,302.65738,1034.17651,1152.7146,-281.99011,747.414,1104.53125,231.33017,845.39978,959.96338,-86.78364,876.26501,1020.19702,-16.27058,938.26892,1312.24158,NA,NA,NA,-13.01762,482.00671,982.55292,231.5985,451.73413,1157.09241,-26.62498,113.9897,1042.22375,165.26732,194.00735,1414.85938
190,1.89,-1.8223,1377.15869,903.67938,-14.9836,1542.53638,1161.12891,-119.90554,1453.85022,1060.00415,99.38947,1440.2085,994.66998,-207.43396,1247.13965,1142.19495,215.22684,1282.5697,1116.32153,4.17009,1196.78345,1016.2149,5.47942,1331.60156,1243.81494,-238.18921,956.93005,1192.98706,302.31473,1034.18262,1143.19189,-282.50067,749.26544,1090.04724,231.51479,846.76752,951.33826,-88.26627,877.05621,1011.7746,-17.76221,938.9339,1304.63647,NA,NA,NA,-15.95507,481.1463,979.70795,235.67621,452.80286,1138.60217,-26.88754,113.50367,1041.95313,169.56935,198.26341,1400.03528
191,1.9,-3.69321,1378.42969,895.9649,-16.85861,1544.38184,1155.32629,-121.23861,1454.42297,1054.04248,98.19178,1441.87354,987.5423,-208.09064,1248.43188,1134.76953,214.15416,1282.0907,1106.94275,3.55169,1197.88892,1009.50415,5.14537,1332.50427,1237.16663,-240.51898,957.58722,1183.16833,301.54971,1035.43225,1135.5033,-282.36703,751.06274,1074.66895,231.47012,848.67688,941.62653,-90.3496,878.7514,1003.0741,-18.90165,939.39893,1297.22522,NA,NA,NA,-19.75944,478.76492,980.02124,240.25349,454.05194,1120.84119,-27.29195,112.8832,1041.99878,174.21858,202.94382,1386.04199
192,1.91,-4.8578,1379.84363,890.06342,-16.86632,1545.37195,1148.86768,-122.14131,1454.94312,1048.01587,96.80186,1442.77551,980.43372,-208.8131,1249.6189,1127.4314,213.76926,1283.34875,1101.90393,2.46266,1198.98071,1002.19379,4.76961,1333.16406,1230.35986,-243.3465,959.02484,1173.41968,302.43005,1035.80933,1127.04688,-282.8913,753.73657,1060.07336,231.69507,850.18982,932.27466,-92.59534,879.73041,994.74023,-19.87755,939.75983,1289.61792,NA,NA,NA,-24.14106,477.87451,978.59552,244.40063,454.86554,1101.63916,-27.69682,112.20315,1042.42529,178.53174,207.55074,1371.04785
193,1.92,-6.56511,1380.81079,882.74847,-17.87142,1546.21228,1142.58936,-122.95126,1456.49146,1041.87305,95.8449,1443.60193,974.05524,-209.61055,1250.85889,1120.72363,213.49677,1284.08008,1095.90015,1.91893,1200.19263,995.09607,4.03924,1333.85547,1223.89441,-245.50099,959.69891,1162.72461,302.11014,1036.34985,1118.48987,-282.93195,756.03333,1044.68884,232.18242,852.00354,922.41144,-95.13139,880.46216,987.00854,-20.77214,940.33228,1282.48157,NA,NA,NA,-28.83383,476.96106,976.59979,246.84503,457.34879,1082.3269,-28.09645,111.73946,1043.30737,182.13293,212.29665,1354.72717
194,1.93,-7.52983,1382.13477,876.81476,-17.09766,1545.92639,1135.40356,-123.92797,1457.12622,1035.70105,94.98262,1444.79602,967.09338,-210.19228,1251.93579,1114.02173,212.48177,1284.2262,1089.2478,1.03216,1201.23108,988.49939,3.77678,1334.66785,1217.28638,-248.53268,960.7558,1153.25793,301.5314,1036.46802,1110.48071,-283.52029,759.13153,1030.04407,232.85812,853.32092,913.64813,-98.18091,881.55511,979.81445,-20.77343,940.34253,1275.6322,NA,NA,NA,-34.62141,475.57162,974.45667,249.23566,459.82123,1063.9989,-28.09282,111.5227,1045.0752,185.94118,216.91313,1339.27808
195,1.94,-9.04057,1382.84631,869.64276,-18.94674,1547.87341,1129.68494,-124.49928,1458.16235,1029.7699,93.93643,1445.41541,960.12097,-210.78734,1252.74329,1107.66724,211.94814,1284.23254,1081.74927,0.63185,1201.93286,981.75543,3.11122,1335.06885,1210.60596,-251.00696,961.88226,1143.16125,301.14386,1036.698,1102.25537,-283.73932,762.06342,1015.18756,233.08714,854.01288,905.17596,-101.30856,882.09259,972.63867,-20.87793,940.78583,1269.01086,NA,NA,NA,-39.88313,474.3385,973.15503,250.24475,463.01917,1047.10962,-28.82587,111.84896,1047.83398,189.94293,221.6723,1322.9071
196,1.95,-9.97921,1383.11523,863.57513,-18.52188,1547.65869,1122.63184,-125.39567,1458.96606,1023.27808,93.16523,1446.323,953.19122,-211.42355,1254.18762,1101.01636,211.66328,1284.36926,1075.80457,-0.1921,1202.90625,975.3219,2.86145,1335.88782,1204.07581,-253.51653,962.88837,1133.20935,300.311,1036.92554,1094.65259,-284.11795,765.69586,1000.91034,233.86971,855.15527,895.04523,-104.65805,883.15497,966.39551,-20.66022,941.15662,1262.23108,NA,NA,NA,-45.42747,472.14255,971.53192,249.91713,466.86398,1029.31726,-29.15045,112.68384,1050.09363,193.58093,225.05096,1307.27722
197,1.96,-11.22882,1384.25732,856.47552,-19.79346,1549.36267,1116.89209,-125.53637,1459.95569,1016.92828,92.58752,1447.06323,946.33801,-211.91594,1255.18103,1094.81335,211.38737,1284.3584,1068.9989,-0.60388,1203.47937,968.83405,1.96553,1336.5498,1197.69714,-255.6286,963.47455,1123.26697,299.36823,1036.88708,1087.38135,-284.44299,769.13361,986.41071,234.6893,856.74554,885.96094,-109.10355,884.40662,959.68915,-20.4918,941.34698,1255.43127,NA,NA,NA,-50.51151,469.85706,970.41815,250.01581,469.59985,1013.08923,-29.89682,112.66013,1050.20947,196.65639,227.44849,1289.49475
198,1.97,-12.04065,1384.1637,852.00732,-18.71552,1549.17981,1109.37,-126.41703,1460.60925,1010.9054,91.4766,1447.37817,939.87213,-212.41243,1255.95544,1088.66492,210.52824,1284.93054,1062.92456,-1.21594,1203.974,962.2204,1.88131,1336.97302,1191.16711,-257.90668,964.57092,1113.7644,298.40381,1036.77612,1080.47131,-284.55011,772.46802,972.38232,235.87492,858.04553,877.27502,-112.87786,884.97876,953.49945,-20.23691,942.07031,1249.79016,NA,NA,NA,-56.01768,468.18668,968.75171,250.26346,473.75885,998.38953,-30.79004,112.79177,1050.42542,200.10565,228.74823,1272.04614
199,1.98,-13.17111,1385.67371,843.82422,-19.16661,1549.86072,1102.82715,-126.48304,1461.46362,1004.61127,90.89293,1447.51685,932.94904,-213.11604,1256.91931,1082.29565,210.34822,1284.97791,1055.25854,-2.13928,1204.77026,955.76978,1.47936,1337.83606,1184.81787,-259.73642,965.82025,1104.56055,297.39969,1037.03455,1073.71521,-284.83508,776.03064,958.81952,236.91315,859.00598,868.63843,-116.92741,886.0072,946.46735,-20.0508,942.2074,1243.32446,NA,NA,NA,-61.17182,466.2778,967.1369,249.33492,477.38559,983.49664,-31.03018,112.68272,1050.40894,202.19147,228.8409,1251.62781
200,1.99,-14.26381,1385.33789,836.79779,-19.12383,1550.97266,1096.40503,-127.27094,1461.93176,998.00696,90.06305,1447.64929,925.89948,-213.85899,1258.04395,1076.4928,209.5079,1285.49792,1049.15747,-3.54896,1205.57629,949.02014,1.3389,1337.93958,1177.65564,-261.34189,966.3006,1095.26672,295.6777,1037.14636,1066.01245,-285.12976,779.74451,945.65216,238.16148,859.95825,860.07758,-120.98732,887.0047,941.63794,-19.59447,942.38458,1236.4375,NA,NA,NA,-65.30027,463.96127,966.05371,247.74677,481.70773,968.07776,-30.97462,112.38496,1050.51575,205.78995,227.96227,1231.8302
201,2,-15.30505,1385.3584,830.82153,-19.20798,1551.21509,1090.01038,-127.45987,1462.6991,991.78418,89.52666,1447.72266,919.19482,-214.81187,1258.73315,1070.31201,208.81584,1285.25647,1042.70691,-4.60229,1206.49072,942.4895,0.99001,1338.30457,1171.58435,-263.23468,967.59473,1086.70996,295.20798,1036.68787,1059.47339,-284.76938,783.15063,932.25983,239.27597,860.66113,852.29291,-124.87023,888.21112,935.09601,-19.42858,942.61749,1230.12488,159.35954,891.75714,975.1908,-69.26314,462.66599,964.65863,246.88254,485.43796,954.24402,-31.08421,111.91018,1050.47839,209.30278,225.92027,1209.52991
202,2.01,-16.13946,1386.01233,823.93396,-19.31952,1552.13184,1083.276,-128.04921,1463.13098,985.33057,88.8897,1447.72571,912.22034,-215.34222,1259.41943,1064.09802,208.04298,1285.65027,1035.29968,-5.57908,1206.4447,936.03943,0.19694,1338.74658,1165.25891,-264.91449,968.18048,1077.97571,293.83014,1036.57397,1052.99377,-284.92407,786.61011,919.92914,240.34479,861.67065,843.5849,-128.31194,889.71564,929.91565,-18.48804,942.63263,1223.78833,NA,NA,NA,-71.8935,461.5632,962.71686,245.1897,487.62961,940.20392,-31.21474,111.21848,1050.26953,212.86829,222.91154,1189.71606
203,2.02,-16.9816,1386.05103,817.76337,-19.46567,1552.40515,1076.60303,-128.29903,1463.82361,979.16461,88.22935,1447.80688,905.57849,-216.13394,1260.07788,1058.02173,206.7289,1285.18604,1028.2168,-6.67815,1207.24451,929.71985,-0.10841,1339.00623,1158.96021,-266.5864,969.23993,1069.50977,293.39511,1037.12878,1045.68091,-284.65143,789.46448,907.51129,241.61923,862.4726,836.73926,-131.51421,890.87183,923.62872,-18.22414,942.61792,1217.94482,NA,NA,NA,-75.07899,459.81729,960.73407,242.88503,491.55957,925.16852,-31.3703,110.61877,1050.33118,215.63339,219.14311,1167.49365
204,2.03,-18.26926,1385.72339,811.59406,-19.53178,1552.63599,1070.00232,-128.79317,1464.2688,972.72186,87.95547,1447.57043,899.36633,-217.00725,1261.00024,1051.87244,207.0383,1285.70569,1022.36505,-7.82979,1207.95691,923.45166,-0.51114,1338.65393,1152.172,-268.83676,970.22363,1061.34265,292.2753,1036.18469,1039.74988,-284.78943,792.61694,896.15515,242.30078,862.90002,829.83258,-134.09225,892.04547,918.3396,-17.17189,942.4068,1211.47742,NA,NA,NA,-76.64342,458.00525,959.36633,240.83383,494.71173,912.24854,-31.49591,110.35984,1050.43103,219.31844,215.04147,1144.79126
205,2.04,-18.65182,1385.427,804.68372,-19.54741,1552.4137,1062.77686,-129.37378,1464.56091,966.44482,87.40018,1446.9856,892.09131,-217.823,1261.17224,1045.7002,204.89632,1285.21265,1014.42505,-9.104,1208.34314,916.81067,-0.94394,1339.19507,1145.84875,-270.38333,970.90729,1053.58838,291.66788,1036.63037,1033.38599,-283.98056,795.02441,885.40637,242.7538,863.3302,822.62842,-136.54088,892.6651,913.47076,-16.53497,942.5257,1205.2428,NA,NA,NA,-78.81572,456.91458,956.97656,238.77988,497.9173,899.34338,-31.75855,109.7495,1050.60852,223.38039,209.8549,1122.30066
206,2.05,-19.33871,1385.24268,797.91418,-19.91245,1553.23059,1056.23645,-129.79451,1464.92773,959.81122,86.95293,1446.32019,886.07813,-218.65662,1261.59558,1039.83948,205.25548,1285.16931,1008.01672,-10.39651,1207.99622,910.435,-1.03911,1338.74524,1139.1698,-271.28549,971.01569,1045.90759,290.31604,1036.03052,1027.37268,-284.48856,797.8233,873.57208,242.62772,863.81879,814.96564,-138.1162,893.09955,908.83124,-14.82769,942.13031,1199.14282,NA,NA,NA,-80.89494,457.12424,954.85077,235.29126,500.56625,886.71283,-31.92526,109.20694,1050.75208,226.66302,204.2587,1099.24768
207,2.06,-19.99651,1385.06506,791.94244,-20.32265,1553.14758,1049.78748,-130.43716,1464.89636,953.07788,86.42004,1446.15161,879.39398,-219.07489,1261.70288,1033.18347,204.15262,1285.37341,1000.54089,-11.92037,1208.09167,903.5152,-1.22934,1338.50061,1132.6377,-272.20569,971.03076,1038.41089,289.47067,1035.88342,1019.85095,-283.89508,799.6579,862.90894,242.22336,864.55365,808.1568,-139.45975,893.40802,904.0022,-13.85321,942.15857,1192.98145,215.98264,851.9151,978.72748,-81.97228,456.21085,953.15186,230.92467,501.87488,874.06812,-31.91962,108.92048,1050.69678,229.78017,198.27841,1075.64001
208,2.07,-20.79437,1384.24731,785.81232,-20.75476,1552.63135,1042.40295,-130.64267,1465.27136,946.07794,85.80105,1445.61719,872.63464,-219.85381,1261.86438,1027.30103,203.74364,1284.79163,993.64423,-12.85606,1207.91821,897.18781,-1.95602,1338.75061,1126.05566,-274.20639,971.48981,1031.0509,289.13141,1036.44019,1013.81622,-283.57114,801.28845,853.0321,241.96341,864.08496,802.36322,-140.6985,893.63672,898.58258,-12.2344,942.02917,1186.73083,215.06754,852.31702,970.24841,-83.28306,455.22,950.96027,227.63438,503.83383,862.03461,-31.70842,108.62583,1050.25964,231.84389,192.2998,1052.66687
209,2.08,-21.69456,1383.55566,778.27185,-20.90731,1553.18652,1036.17334,-131.32709,1465.25122,939.59503,84.81503,1445.5863,864.97821,-220.52477,1261.729,1021.05286,202.43547,1285.03357,986.72534,-14.70194,1207.85376,890.82611,-2.73537,1338.71606,1119.22668,-275.21075,971.17664,1023.74469,288.23828,1035.46619,1007.10632,-282.73087,801.33447,842.83997,240.96515,863.25183,796.1123,-141.64117,893.99274,894.06708,-10.56537,941.2923,1180.12329,214.07019,850.64209,963.35278,-84.19115,454.38901,948.07391,222.69716,504.83914,851.44208,-31.72409,108.51362,1050.05713,235.26289,186.19481,1028.45935
210,2.09,-22.62641,1383.90222,771.69379,-21.84534,1552.65161,1029.08289,-132.15677,1464.87036,933.40631,84.21715,1444.94812,859.28131,-221.35966,1261.30371,1015.33368,201.74246,1283.67834,977.7226,-15.81452,1207.47461,883.82892,-2.5595,1338.49426,1112.58069,-276.31705,970.97186,1016.55164,287.4303,1034.96851,1000.83209,-281.68634,802.69122,834.51624,239.58212,862.55487,789.57709,-141.94855,893.79108,889.09344,-9.03862,941.11584,1173.92834,212.71898,850.04706,954.3512,-85.21182,453.38,945.18365,218.43578,505.61148,839.48889,-31.73513,108.32539,1049.93335,237.71696,181.85773,1002.53204
211,2.1,-23.53631,1383.46362,765.12524,-21.40807,1552.52026,1022.03949,-132.67065,1464.85486,926.2088,83.74676,1444.19702,852.22925,-222.18246,1261.36389,1008.93079,201.0209,1283.28906,971.51605,-17.04619,1206.99133,877.198,-3.3438,1337.94885,1105.70569,-277.92032,971.00006,1009.29071,286.96417,1034.84827,993.71997,-281.75339,803.14191,824.65735,237.59534,861.87726,783.10187,-142.90146,891.86377,886.56757,-7.16553,940.72559,1167.53003,212.19545,847.3623,947.52185,-85.83833,452.8602,942.78156,213.06934,506.33771,828.10706,-31.7928,108.23452,1049.75403,239.03197,175.98247,974.84021
212,2.11,-24.38968,1382.57983,757.97205,-22.15502,1551.98718,1015.11395,-133.28111,1464.34558,919.24902,83.17142,1443.13,845.4726,-222.80804,1261.14502,1002.66663,199.933,1282.75476,963.77521,-18.20042,1206.3595,870.86664,-3.20694,1337.60254,1098.76868,-279.13065,970.51227,1002.32782,285.82681,1033.93262,986.62744,-280.35138,802.54242,817.1792,236.06726,860.29181,776.89252,-143.46634,891.31085,881.44312,-5.95443,940.28833,1161.17749,210.69545,846.55634,939.3291,-85.9213,452.62164,939.8399,208.04497,506.88763,818.1922,-31.71625,108.03108,1049.28516,240.46933,171.93869,948.59412
213,2.12,-25.37215,1381.87708,751.12238,-22.94448,1551.40051,1007.92126,-133.9865,1463.73071,912.31989,82.41195,1442.67053,837.43005,-223.46356,1260.4458,996.30811,198.95769,1281.93433,955.93573,-19.43855,1205.60071,863.66864,-3.71453,1337.14172,1091.81921,-280.2749,970.10394,995.49536,285.60712,1033.59814,979.8537,-280.57129,802.76135,809.13312,233.52881,859.39642,770.65607,-143.35524,890.23132,877.3877,-4.28577,939.86157,1154.4884,207.45663,846.1178,930.44659,-86.75532,451.94473,936.66766,202.23595,507.00015,807.06219,-31.79932,108.04335,1049.08398,240.45793,167.57092,921.40137
214,2.13,-25.79173,1380.90344,743.58118,-23.0926,1550.67078,1000.90875,-134.85881,1463.07178,905.15076,81.52072,1441.97498,831.0025,-223.77347,1259.78955,989.75299,199.04733,1280.76648,948.62543,-20.52469,1204.84656,856.75421,-3.98392,1336.76672,1084.71545,-281.44125,969.89581,987.78387,284.64407,1032.30298,972.99646,-279.95773,801.94421,801.94012,231.98129,857.7052,764.62128,-143.3326,889.0011,873.18976,-2.34844,939.2511,1147.66479,204.96048,845.69061,919.49512,-86.75163,450.5675,933.36658,197.32487,506.73889,798.53937,-31.85917,107.98281,1048.91541,240.76968,163.35904,894.35602
215,2.14,-27.01323,1380.10815,736.75677,-24.15389,1550.526,993.68549,-135.19472,1462.44446,898.26501,80.85867,1441.55017,823.39081,-224.47429,1258.79114,983.59845,198.27722,1280.88989,942.48346,-21.99836,1203.96033,850.1106,-4.38649,1336.11743,1077.64783,-282.29858,968.83807,980.97333,284.1279,1031.98376,966.40802,-279.81375,800.79865,795.64386,229.94878,856.50409,758.03967,-143.76349,888.19495,868.28143,-0.81056,938.71228,1141.03699,203.71362,844.48151,913.68567,-87.15139,449.84692,929.38373,190.32214,505.24557,789.99835,-31.92648,107.92097,1048.80884,240.18449,159.43541,866.72766
216,2.15,-27.59214,1379.05188,729.16125,-23.71105,1549.22119,986.09747,-135.89693,1461.70435,891.62903,80.187,1440.01282,815.39709,-225.09866,1258.10034,977.39191,197.31969,1279.92322,933.61237,-22.78486,1202.99829,842.78601,-4.25694,1334.94775,1070.29993,-282.17487,967.65063,973.03131,284.15753,1031.453,959.71509,-279.8291,800.6543,788.71039,228.05081,855.18372,751.02045,-144.88954,887.83813,862.23401,0.68,937.76959,1133.9624,203.58293,841.73419,904.79401,-87.95924,449.02847,925.59326,185.20946,502.92496,782.58392,-31.70048,107.53409,1048.27332,238.78127,158.2892,838.90717
217,2.16,-28.68333,1378.33081,722.46722,-24.71348,1548.73181,979.06384,-136.45282,1460.61694,884.04163,79.51051,1438.79663,808.60272,-225.79701,1256.93811,970.74902,196.93044,1279.00952,925.20538,-24.49124,1202.40247,835.96954,-4.17932,1334.23755,1063.01147,-282.99286,967.07135,966.66614,283.32153,1030.78467,952.16479,-279.86737,799.66614,782.86682,226.26457,853.3114,745.60822,-144.45036,885.91827,858.78619,2.59767,936.67694,1126.41931,200.24884,842.40967,894.34412,-88.11873,447.75027,921.98358,178.22456,502.14484,773.53369,-31.78825,107.46357,1048.15015,235.89667,156.51474,809.55737
218,2.17,-29.52659,1376.94788,714.75934,-25.20202,1547.01892,971.42352,-137.4174,1459.66455,877.04205,78.45558,1438.05835,801.49805,-226.33124,1255.94946,964.26239,196.17252,1278.32239,918.38464,-24.80045,1200.1571,829.06018,-5.08088,1333.47339,1055.83459,-283.71146,965.85968,959.36914,282.42865,1029.0918,944.89868,-279.49466,797.34674,776.33203,224.57858,851.67822,739.72137,-144.65916,884.75903,852.69275,4.35757,935.98163,1119.37524,NA,NA,NA,-89.25471,447.00406,916.94153,172.7592,501.15134,765.44537,-31.92871,107.39812,1048.00623,231.85118,155.65044,782.53412
219,2.18,-30.08723,1375.65869,707.69159,-25.56742,1545.67688,963.64026,-137.63506,1458.39392,869.43939,77.67965,1436.67102,793.06628,-226.75122,1254.67358,958.03503,195.39761,1276.61377,909.27557,-26.94678,1199.99585,821.11371,-5.22185,1332.62561,1048.60022,-283.85233,965.04724,952.78229,281.98236,1028.27515,937.17334,-279.78171,795.55603,770.9325,223.09912,849.79767,733.12555,-144.98363,883.71484,847.0907,5.37436,934.41602,1110.62378,NA,NA,NA,-90.16666,444.8689,912.98364,168.30721,498.09595,758.33673,-32.09763,107.4206,1047.82922,227.77512,156.12183,755.53107
220,2.19,-31.15364,1374.00696,700.5614,-25.9833,1545.14307,956.06384,-138.83731,1457.06409,862.39246,76.87428,1435.28125,785.5423,-226.91188,1253.13049,951.02637,194.03073,1275.02625,900.11389,-27.40931,1198.59705,813.54706,-4.85838,1331.24707,1040.64258,-284.16995,963.3573,945.87701,281.26404,1027.6947,930.38159,-280.5748,793.90741,764.32172,221.92732,848.21783,725.6192,-145.65382,882.15912,841.33453,7.84391,934.00165,1104.52771,NA,NA,NA,-92.15041,443.75375,909.02545,164.15106,495.54358,751.82483,-32.25639,107.17438,1047.52612,223.22406,158.08775,729.3313
221,2.2,-32.11838,1372.69409,692.7218,-26.50811,1543.82898,948.77887,-139.22997,1455.67529,854.95801,76.05908,1433.93628,777.70105,-227.50793,1251.70996,944.84558,193.79263,1275.04602,892.02814,-29.17786,1197.52136,806.42944,-4.824,1330.02075,1032.98401,-284.14676,962.02875,939.76123,281.07898,1026.60449,922.02472,-279.68219,791.11438,759.87213,220.83765,846.6402,718.12402,-145.77748,881.00024,836.00745,9.96566,932.61389,1096.73181,NA,NA,NA,-93.27726,441.97968,904.38049,159.95021,494.36743,743.16467,-32.70578,107.04057,1047.40674,217.00864,160.99158,704.6051
222,2.21,-33.53812,1371.32446,685.12628,-26.36876,1542.56274,940.69025,-139.88106,1454.31189,847.30249,75.37038,1432.42017,770.08618,-227.58174,1249.91809,938.06384,193.63631,1273.9397,884.69989,-29.80397,1195.55505,799.58984,-5.02554,1328.64539,1025.48499,-284.51566,960.3739,933.87769,280.94409,1025.17651,913.97949,-280.2767,788.42261,755.27515,220.65118,844.69312,711.07184,-145.80664,879.60938,828.65533,11.47971,931.73364,1089.16345,NA,NA,NA,-95.50578,440.08047,900.03986,155.5816,492.14035,734.89606,-33.17831,106.78448,1047.40857,211.88594,165.94777,681.03693
223,2.22,-34.47752,1369.72827,677.43475,-27.88627,1540.8634,933.23157,-140.52805,1453.17969,840.1629,74.32536,1431.00415,761.78052,-227.90121,1248.27307,931.92432,193.41194,1271.48108,875.06445,-31.02866,1193.81836,792.35059,-4.7128,1327.20874,1017.85352,-284.52191,958.59973,928.04272,281.05377,1024.42004,905.62152,-281.04175,786.29016,749.10596,220.02782,842.54309,703.67004,-146.11963,877.51318,824.71844,12.89435,930.35309,1081.16504,-48.09339,1188.8114,781.72314,-96.93924,438.65152,895.60602,151.90439,491.18732,726.43695,-33.54508,106.59075,1047.17004,204.84079,171.71973,659.1662
224,2.23,-35.48478,1368.15161,669.38019,-27.53567,1538.99573,924.84247,-140.96667,1451.3269,832.2395,73.9839,1429.21387,754.0553,-228.22946,1246.82471,925.87323,193.06459,1270.78503,865.98297,-31.94073,1192.34863,784.617,-4.34668,1325.44849,1009.479,-284.44324,956.97058,922.16162,280.59204,1022.539,896.84357,-281.25735,783.625,744.49756,220.4642,840.75836,695.77899,-146.4035,875.6734,819.46277,14.82447,929.10052,1072.82129,-49.79676,1188.11572,773.6897,-97.59692,436.43185,892.55347,148.09624,489.91364,718.36908,-33.77339,106.66609,1046.95361,197.7529,177.87303,637.8985
225,2.24,-36.30732,1366.33228,661.14697,-28.18384,1538.03564,917.26825,-141.43965,1449.745,824.28809,73.08312,1427.66553,746.2005,-228.56047,1244.84021,918.96655,192.27985,1269.51782,857.17548,-33.36277,1190.79285,776.61627,-4.25606,1323.69714,1001.56445,-284.86026,955.00873,917.12244,280.38651,1021.58417,888.13727,-280.76376,779.67261,740.86139,220.95743,838.94366,687.39771,-147.29141,874.14142,811.98895,16.26612,927.57373,1064.59888,NA,NA,NA,-98.97504,434.29285,887.68127,144.82646,488.66946,710.65417,-34.01117,106.7631,1046.68445,191.77083,183.90656,618.77045
226,2.25,-37.17507,1364.72986,654.73291,-28.18319,1536.19226,909.40295,-141.92429,1448.33301,817.07379,72.25613,1425.82764,737.88422,-228.40558,1242.93604,912.5813,191.04385,1268.13733,847.79327,-34.90167,1189.59192,768.72717,-3.87562,1322.35974,993.64777,-283.71542,952.5567,911.27325,280.517,1020.43164,879.22748,-282.10254,777.06812,735.99133,221.06526,836.79675,678.77765,-147.56966,872.79999,806.51794,17.33358,925.88501,1056.6178,NA,NA,NA,-100.84965,433.38379,883.65424,141.79454,487.51154,702.82513,-34.21343,106.85632,1046.35962,183.48386,189.27513,602.08997
227,2.26,-38.69392,1363.17053,645.49945,-28.8434,1534.49951,901.52246,-142.65715,1446.50159,809.1806,71.23636,1424.51453,729.03064,-228.73434,1240.86609,906.08813,190.32657,1266.18665,837.28644,-35.97759,1187.82629,760.26227,-3.32129,1320.27832,984.87848,-283.41446,950.32635,906.65924,280.88416,1019.21075,869.80634,-282.3576,773.66119,731.89001,221.43048,834.27936,670.09174,-147.72885,870.74561,800.72406,18.86462,924.52362,1047.85046,NA,NA,NA,-102.1639,431.1604,878.59644,138.45934,485.93958,694.4046,-34.53236,107.05254,1045.97791,176.36501,193.82195,585.35425
228,2.27,-39.58097,1361.7417,637.27777,-28.03026,1531.81116,892.48969,-142.79578,1444.7677,801.30182,70.80531,1422.67651,720.37683,-228.58328,1238.71814,899.44867,190.91362,1264.42834,828.81659,-36.99612,1185.8197,752.18683,-2.89402,1318.4563,977.06262,-282.92145,948.57727,901.9079,280.8158,1017.08234,860.24829,-282.85007,769.80536,728.2923,221.6514,832.48523,661.35602,-148.11189,869.35193,794.04871,20.30146,922.43494,1039.12805,119.32248,869.43433,738.03925,-103.48395,429.64252,873.99237,135.88921,484.52066,686.01385,-35.386,107.44563,1045.57971,168.93211,196.65791,570.76025
229,2.28,-40.29542,1359.7218,628.91083,-28.60033,1530.21509,884.47894,-143.45998,1443.09448,793.40497,69.84692,1420.8009,711.81763,-228.84695,1236.578,893.24255,190.8548,1263.09192,817.65277,-38.08886,1183.83777,744.18201,-2.79028,1316.65295,968.4494,-282.34521,946.00177,897.10449,281.21213,1015.98889,850.07556,-283.34927,766.55682,724.88568,222.51419,830.94299,652.15692,-148.85521,868.23059,786.69464,21.27724,921.12659,1030.97339,118.64837,866.81476,728.75128,-104.76223,427.83917,868.76337,132.84177,483.92932,675.94763,-35.34149,107.44004,1045.25757,162.40689,199.2412,556.68219
230,2.29,-41.36653,1357.76453,620.98694,-28.54488,1528.99829,876.26385,-143.90855,1441.32861,785.47974,69.1608,1419.21228,702.31012,-228.84764,1234.44849,886.57935,190.13071,1261.05981,808.52899,-39.51356,1182.20654,735.45148,-1.60343,1314.70642,959.57404,-281.35294,943.48438,892.01563,281.0939,1014.48602,840.80737,-284.25604,762.76099,722.06042,222.51646,828.35193,642.63025,-149.96175,866.375,779.90283,22.55788,919.39801,1021.9718,117.80637,864.21936,719.84949,-106.18717,425.65958,863.05597,129.28342,483.34778,664.60382,-35.27531,107.54523,1044.39661,155.28691,200.8671,541.82019
231,2.3,-42.51713,1356.07727,612.15594,-28.53157,1527.08289,867.87378,-144.23201,1439.38208,777.55591,68.48903,1417.09485,693.71777,-228.46014,1232.34509,879.85162,189.71509,1258.77698,799.48944,-40.58155,1180.19116,727.38159,-1.62448,1312.91846,950.6037,-280.68784,941.60925,887.79242,281.64859,1013.06329,830.02704,-284.82861,759.09064,718.90466,223.57317,826.87048,632.40204,-150.70599,864.91602,772.05505,24.05876,917.63129,1013.61761,116.82516,861.84003,710.86798,-107.32929,424.25098,857.58069,125.66859,482.97888,652.45789,-35.6287,108.02092,1043.75452,148.7486,201.65396,530.17529
232,2.31,-43.7618,1354.42761,603.09167,-28.86407,1524.99597,859.42505,-145.30743,1437.96155,769.3017,67.93087,1415.3927,685.59045,-228.4003,1230.34326,872.79755,188.25554,1257.10071,785.93512,-41.92883,1178.40063,718.57538,-0.41611,1311.04749,941.98633,-279.1785,938.83319,882.58521,281.73035,1010.64618,819.81982,-285.41452,755.08417,716.3399,223.54509,825.2522,621.78418,-151.45816,862.55945,765.61694,24.93593,915.49652,1004.97479,115.5695,859.28784,701.95422,-108.80132,422.45535,852.27655,121.52104,482.83627,640.18573,-36.11049,108.38796,1042.96924,143.08879,199.03966,519.63818
233,2.32,-44.84331,1352.61902,594.30365,-28.2068,1523.29846,850.51398,-145.19841,1435.86926,761.14478,67.01757,1413.93445,675.24585,-227.90051,1228.12463,865.66882,189.11314,1255.16821,777.7511,-42.92321,1176.28809,710.07129,0.35683,1309.16235,932.48328,-277.87854,936.76654,877.86456,281.78436,1008.98279,809.20386,-285.7778,751.42859,713.74432,223.88274,823.36633,611.68829,-152.43045,860.50616,757.55011,26.24176,913.48773,995.82922,114.2258,857.13751,692.98901,-110.3204,420.88373,846.68677,117.14074,481.80148,627.53296,-36.51455,108.91548,1042.30115,137.09993,195.72308,509.95343
234,2.33,-46.01832,1350.95154,585.64148,-27.77686,1521.39856,841.67035,-145.30353,1433.68091,752.64154,66.3132,1411.93274,665.97241,-227.5249,1226.302,858.98224,188.94206,1252.12549,767.46661,-43.75899,1174.21802,701.20538,1.236,1307.32825,923.51532,-276.194,934.86481,873.32776,281.76544,1007.42761,797.63892,-286.71835,747.40515,711.27161,224.2652,821.73462,600.74738,-153.28273,859.20508,749.57538,26.77231,911.42236,986.89355,112.62024,855.05145,683.13629,-112.33347,419.41821,839.72296,113.20426,481.59961,615.15546,-36.89674,109.80877,1041.24268,131.21613,190.89482,499.52344
235,2.34,-46.89408,1348.99951,577.03119,-27.65814,1519.30994,832.53949,-145.46135,1431.69958,744.58453,65.3948,1410.29578,656.77399,-227.30444,1224.63501,851.47357,188.00829,1251.0907,756.24194,-44.87202,1172.4303,692.14679,1.98198,1305.56104,914.64893,-274.14508,932.28955,868.44238,281.8877,1004.56934,786.8465,-288.04327,744.03198,709.45349,224.35405,820.1178,589.75885,-154.46687,856.83521,743.34503,27.82222,909.18652,977.17096,110.97515,853.42603,672.53339,-113.1915,417.41125,833.58002,109.18348,480.52792,603.01575,-37.04396,110.58457,1040.22241,125.60091,185.28041,493.37674
236,2.35,-48.65912,1347.11584,568.02014,-27.89887,1517.45654,823.74677,-145.80051,1429.79639,736.08466,64.59727,1408.00842,646.95557,-226.69437,1222.74316,844.10095,188.92972,1249.13977,746.46417,-45.70121,1170.42834,683.06415,3.53549,1303.5304,904.88684,-272.94974,930.77747,863.94147,281.85422,1002.62317,776.01031,-289.07706,740.40997,707.38147,224.61899,817.82513,579.03827,-155.63464,855.17792,735.0639,28.5317,906.78503,967.39294,109.37534,851.33093,663.09253,-114.99409,415.4928,827.67517,105.06503,478.72574,590.62616,-37.15819,111.62713,1039.24158,121.00198,178.71869,487.44055
237,2.36,-50.06519,1345.46326,558.93842,-26.88447,1514.6676,814.11127,-145.92735,1427.73669,727.82257,63.56185,1406.67883,636.21051,-225.98633,1221.27332,836.35815,187.5829,1246.76599,733.68628,-46.68574,1168.64722,673.88025,4.03626,1301.42163,895.57037,-270.86441,928.84021,859.41675,282.12347,1001.26727,764.45032,-289.93335,736.81854,705.20819,224.60576,816.68005,566.45886,-158.05531,854.39978,724.11755,29.01084,904.87067,957.65485,107.69307,848.80457,653.39221,-115.53075,413.40704,821.37952,101.6265,476.62015,580.08643,-37.66661,112.54683,1038.01074,116.03652,173.16748,481.1579
238,2.37,-51.47064,1343.72607,549.67963,-26.27669,1512.60413,804.98828,-145.9207,1425.71631,719.56696,63.07219,1404.52661,626.99701,-225.31967,1219.64331,828.99518,187.63226,1244.26453,724.28497,-47.0256,1166.55676,664.66937,6.01539,1299.31262,885.88702,-269.45462,927.64252,854.00299,282.29404,998.8974,753.3927,-290.72202,733.92365,702.60596,224.21407,814.67822,554.98602,-158.43062,851.80945,716.09851,29.74298,902.27362,947.59802,105.89616,847.12921,642.50397,-117.02446,411.51935,814.69971,97.62585,474.5415,569.22327,-38.32034,113.77537,1036.71228,111.68426,166.71469,477.26831
239,2.38,-52.77968,1341.47083,540.84766,-26.14202,1511.56909,796.07153,-146.61139,1424.22681,711.08984,62.23571,1402.61194,616.95715,-224.66978,1218.40137,821.59467,189.03552,1242.02234,712.18903,-48.09387,1165.18982,655.50201,7.18644,1297.42053,876.11884,-267.69775,926.30591,849.46741,282.73856,997.21838,741.85193,-292.32202,730.92816,701.21155,224.13353,813.10229,543.11902,-160.3748,850.90698,708.56427,30.37387,900.74567,936.76245,103.99523,845.28302,631.19513,-118.62477,409.62921,808.87701,94.24273,471.30759,558.70685,-38.65787,114.9845,1035.28796,107.98253,161.16344,473.2681
240,2.39,-54.48838,1339.82544,531.59064,-24.73427,1509.34204,785.74951,-146.15886,1422.0802,702.89978,61.21964,1400.45459,605.99646,-224.42151,1217.36707,814.13544,188.19893,1240.75439,700.57642,-48.81358,1163.4895,645.5116,8.53101,1294.98792,866.85211,-265.75989,924.75012,844.41571,282.13403,994.2038,729.33911,-293.54782,727.9422,699.03455,223.58049,811.61053,530.65961,-160.6377,848.81708,701.72693,31.37635,898.38214,926.1778,102.05759,843.68689,620.03638,-119.76119,407.63242,801.22662,90.48042,468.29578,548.40973,-39.56669,116.63776,1033.49536,104.44215,158.15605,465.26459
241,2.4,-56.07194,1338.00024,522.29425,-24.61782,1508.99878,776.34698,-146.27475,1420.59753,694.37006,60.40856,1398.95654,596.43304,-223.19577,1216.03247,806.47986,187.4668,1238.39441,690.61249,-49.87681,1162.20471,636.15436,10.44669,1292.7793,856.59808,-264.06671,923.60431,838.97107,282.45096,992.28223,717.96527,-294.99414,725.70166,697.04498,223.13979,809.96509,518.66785,-162.03654,847.65912,693.53772,32.58146,896.63635,915.34302,99.92977,841.91864,608.8681,-121.78204,406.20642,794.64026,87.4641,464.95575,539.19678,-40.22104,118.30202,1031.35571,102.32153,157.04459,456.15152
242,2.41,-57.59327,1336.16406,512.42749,-23.5823,1507.37231,765.75891,-146.27806,1419.42407,685.77039,59.55859,1397.51196,585.55652,-222.34131,1215.23389,798.98413,187.16388,1236.32422,680.2785,-50.53634,1161.43665,626.6051,11.57316,1292.19885,846.77448,-262.78909,923.27887,834.04962,282.73239,989.95441,705.29742,-296.76736,723.55872,695.14697,222.64339,808.16644,505.78613,-163.5954,846.47546,684.90479,34.10006,894.75885,904.19952,97.27244,840.13629,596.57361,-123.28089,404.34058,786.7027,85.21768,461.25476,530.06464,-41.04643,120.57486,1028.66931,100.10578,155.61072,447.4281
243,2.42,-59.2289,1334.35522,504.24466,-23.75922,1506.83911,755.99634,-146.33267,1418.59875,676.72839,58.29702,1396.67053,574.70441,-221.63139,1214.86035,791.53485,186.20441,1234.73059,669.25964,-51.48911,1160.91394,616.59271,14.28707,1291.40369,837.12317,-261.45352,922.49219,828.60413,281.76788,988.12207,692.96619,-298.12473,721.55731,693.3028,221.49759,806.9007,493.8331,-164.92035,845.89252,675.9679,35.42731,893.3205,893.44537,94.64759,839.09961,584.04565,-125.61761,403.59711,778.89722,82.95567,459.24109,520.31354,-42.61162,123.44593,1025.84546,96.99082,153.27202,439.29428
244,2.43,-61.03975,1333.40515,494.75198,-21.94615,1507.10449,745.06183,-146.53917,1418.09998,668.16156,57.66995,1395.77356,564.44366,-220.65573,1214.81592,784.00598,187.24408,1233.2959,659.26569,-52.89661,1160.61487,607.17676,15.29186,1291.07312,826.49866,-259.75772,922.61548,822.70313,282.0932,986.31842,680.09174,-300.09537,719.99622,691.48645,220.61887,805.51764,480.98218,-166.27516,845.79242,667.23999,37.43846,891.70319,882.72424,91.70581,838.05298,571.54535,-128.1778,402.63742,770.08252,81.49708,458.81348,509.51791,-43.44579,126.34651,1022.10962,94.6721,148.88654,432.76508
245,2.44,-63.14135,1332.58435,484.91086,-21.41123,1506.19897,734.50836,-146.52228,1417.4873,658.86359,56.30266,1394.823,552.78467,-219.47023,1214.94873,776.30487,188.34349,1232.54871,644.23145,-54.01643,1160.505,597.56787,16.70847,1291.02698,815.91156,-258.12335,922.88824,817.22034,280.84225,985.16144,667.76526,-302.02753,719.11322,689.79535,219.02211,804.05481,467.86865,-167.62738,845.53894,658.23895,38.55573,891.30298,872.33014,88.78204,836.8963,560.19855,-130.40369,401.46216,760.45923,79.36592,458.79965,499.08093,-45.03879,129.4725,1017.79724,94.03132,145.68933,425.00439
246,2.45,-64.75307,1332.13879,475.06842,-21.34903,1507.56348,724.6568,-146.55399,1417.62476,650.00641,55.05249,1394.34875,541.54382,-219.12401,1215.80273,768.78302,187.56982,1231.24756,632.04266,-54.91766,1160.89026,588.073,17.92241,1291.11389,805.67822,-256.97495,924.06158,812.07397,280.11481,983.32526,653.63745,-303.70535,718.70538,688.08643,217.47096,802.7359,456.36499,-168.80896,846.05621,649.39557,39.94046,891.51025,862.646,86.34888,837.19757,548.74695,-133.45833,401.09171,750.25549,77.21399,458.80133,488.20352,-46.85034,133.99516,1012.71021,92.71899,142.53738,418.8093
247,2.46,-66.71662,1331.95007,465.85187,-20.65747,1506.63403,713.21625,-147.43484,1418.52368,640.9906,53.88009,1394.52832,530.47351,-218.25464,1217.12073,760.60962,186.7397,1230.38562,620.74036,-56.55878,1161.44214,578.51758,19.46482,1291.71143,795.52563,-255.18631,925.68915,806.52252,279.83423,983.23822,641.26306,-305.44315,718.65845,686.06323,215.86624,801.78424,442.98807,-169.55612,846.62561,640.02081,40.90255,891.78564,848.64819,83.46526,837.58429,535.37,-135.33734,400.27032,739.58887,73.50936,460.57318,476.78061,-48.60955,137.72121,1006.27606,91.8625,139.0761,414.7933
248,2.47,-68.82212,1331.76892,456.05161,-19.94823,1507.5415,702.42401,-147.64851,1418.21692,631.85486,52.7624,1394.96838,518.82971,-217.86389,1218.91431,752.82062,185.76353,1230.37244,608.49731,-57.72613,1162.61023,568.76965,19.78522,1292.64282,785.36713,-254.0545,927.51337,801.46094,278.65033,983.33875,627.70074,-307.27271,719.62738,684.51636,213.65144,801.16705,430.5878,-170.60507,847.94324,631.22394,41.30714,892.55859,839.55505,81.45774,838.25793,525.37543,-138.84306,400.30511,728.10028,69.82305,462.09555,465.47754,-49.88082,142.21471,999.26245,92.06234,138.40784,408.40244
249,2.48,-70.74435,1331.57532,445.87375,-20.67923,1508.37256,691.92676,-147.71851,1418.91736,622.10388,51.57832,1394.65161,508.67776,-217.59682,1220.92236,744.63031,184.7515,1231.23743,597.44318,-58.5697,1163.73828,559.76532,20.67594,1293.58521,775.39197,-252.57327,930.02197,795.9989,276.99982,983.54132,614.3808,-308.92731,720.95447,683.1745,211.77782,800.88153,418.2374,-171.35121,849.51208,622.27087,41.45185,893.07666,828.836,79.9934,839.77234,515.25916,-142.22656,400.78189,715.45667,66.88358,463.88754,455.77585,-52.19728,147.38544,990.77435,91.44207,136.43126,406.70163
250,2.49,-72.74355,1331.78833,436.55759,-20.28771,1509.93762,681.25244,-148.54639,1420.06921,612.91425,50.25253,1394.96436,497.78265,-218.17714,1223.94824,737.06262,183.4912,1232.01855,584.33289,-60.25168,1164.96899,550.58124,21.29231,1295.29578,765.10333,-251.03499,932.64807,790.53174,274.7695,983.94922,601.57129,-311.07578,723.05273,681.81903,209.17764,800.59534,405.33929,-172.11755,851.06976,613.61237,41.91473,895.13239,818.67108,78.12484,841.45703,504.59448,-146.34325,401.71747,702.88428,63.98827,465.64114,445.59018,-53.91389,153.10013,981.06226,90.64966,135.74788,402.28326
251,2.5,-74.6787,1331.677,427.47339,-20.67678,1511.11047,670.94244,-149.61278,1420.76086,603.6557,49.14439,1395.72424,485.83206,-218.08463,1226.28455,728.60315,182.50246,1233.95862,575.01239,-61.55555,1166.46545,541.71844,21.40866,1296.58984,755.7229,-249.61565,935.3418,785.25342,273.07001,984.70026,588.17224,-312.88385,724.97894,680.84558,207.3616,801.15387,393.48758,-172.82722,852.72156,605.16699,41.66912,896.50092,810.18158,76.83181,842.79871,496.39633,-149.86143,401.78653,688.21173,61.19152,467.83618,436.42618,-56.05948,158.21443,969.79248,88.07162,133.44089,402.2453
252,2.51,-76.66943,1331.74316,417.88571,-21.01569,1512.34387,660.4436,-150.61998,1421.74353,594.19147,47.1058,1395.54602,476.71634,-218.23811,1228.7074,721.41046,180.8367,1235.42749,563.45807,-63.12227,1167.87268,533.09143,22.45359,1298.19482,745.2641,-249.0473,938.53882,779.86353,270.7337,985.59143,575.50366,-314.47968,727.33765,679.51678,204.50671,801.50232,381.07874,-173.5358,854.49451,597.05884,41.13362,898.013,801.14716,74.85635,844.51904,486.20923,-153.44241,402.6077,672.96283,58.69884,468.73706,427.62259,-57.89476,163.68787,958.03052,86.31563,132.17474,399.8862
253,2.52,-78.37955,1331.61035,408.77667,-21.93085,1513.42822,650.11316,-151.09071,1422.93494,584.7608,46.04714,1396.02783,465.54868,-218.70976,1231.11694,713.60754,178.65593,1235.89441,551.58386,-64.58397,1169.07166,524.67804,22.32974,1299.7876,736.05048,-248.64154,942.15668,775.22839,268.58475,987.10443,562.38727,-316.21484,730.0694,677.85492,201.60078,802.53851,368.79813,-174.3114,855.93707,589.14886,41.23278,899.45337,790.71448,72.70339,846.06708,477.00793,-158.12697,403.83194,657.84052,56.20148,470.16034,419.63745,-60.16518,169.31104,945.76129,84.64297,128.83449,399.23715
254,2.53,-80.72255,1331.79578,400.31067,-23.43163,1514.10498,640.13031,-152.93837,1423.78821,575.89935,43.50333,1395.39563,457.51367,-218.88976,1233.51001,706.34808,177.03995,1238.27917,542.23016,-66.47018,1169.86536,516.63599,22.58365,1301.06555,726.76196,-247.89111,944.61975,769.94049,265.42581,988.30219,549.75812,-318.59128,732.97858,676.0473,198.69403,803.56335,357.27655,-175.20297,857.4967,581.52972,41.20473,900.97089,782.07971,70.44227,846.5733,468.64163,-163.17479,405.52713,641.80975,55.25417,469.65759,412.06586,-62.85194,175.55815,933.33215,82.2516,128.51175,395.75131
255,2.54,-82.54408,1331.58081,391.47894,-24.1788,1515.84961,630.90619,-154.34619,1424.51306,566.91522,41.11108,1395.23584,448.00308,-219.18398,1235.43213,699.1004,175.76527,1239.64417,529.06067,-68.68905,1171.41174,508.35547,22.60156,1302.51636,717.2298,-247.67763,947.18152,764.78442,263.53995,989.41925,536.67218,-320.21548,735.63153,673.92426,195.57515,804.89264,345.14148,-176.58195,858.74878,574.68335,41.38091,902.79932,773.44342,68.21468,848.86066,458.12244,-168.92676,407.11395,625.58527,52.80128,469.16974,405.58994,-65.17505,180.06863,919.47522,82.26309,125.00591,396.49496
256,2.55,-84.17151,1331.64014,382.6355,-24.23796,1515.67871,620.38843,-155.95866,1425.31177,557.85748,40.54325,1396.29175,438.4462,-219.41521,1237.3949,692.28235,171.92455,1238.67871,518.08777,-70.73436,1171.82629,501.11041,23.0916,1303.88599,708.16809,-248.1694,950.38281,760.10577,261.48071,990.61371,524.03949,-322.02112,738.28564,671.49841,192.54756,806.72003,333.17795,-177.92221,859.78876,567.99152,41.99648,905.13135,764.45111,65.39429,849.4906,448.37958,-176.45084,409.65237,610.53461,51.55107,468.46954,399.35315,-67.75512,185.42422,906.43683,81.33344,123.16666,396.32651
257,2.56,-86.65155,1331.83948,374.1488,-26.44619,1516.9364,611.00647,-157.54378,1426.26843,549.23834,38.76878,1396.54541,428.68289,-219.70958,1239.32886,685.3432,169.64592,1241.63708,506.41263,-73.33141,1172.34082,493.75589,23.03689,1305.42871,699.25385,-248.42883,952.41492,755.47742,258.54114,991.47772,511.19223,-323.57736,740.35522,669.20966,188.55099,807.30768,321.35709,-179.64001,860.58014,562.15009,42.51587,906.21936,755.43054,63.30574,849.97089,441.58981,-184.7475,412.9025,596.20789,50.31997,466.6528,393.99762,-70.30472,190.80554,893.05078,81.20654,120.64928,394.83588
258,2.57,-88.69009,1331.15649,365.88077,-27.73411,1518.7417,601.91785,-159.59116,1426.7616,540.83105,37.57077,1397.02942,418.70563,-219.70949,1240.7511,679.6145,167.16434,1242.10046,495.07254,-76.07275,1173.12402,486.85956,23.08275,1306.66431,690.03552,-249.22084,954.22101,750.43829,256.52417,992.90479,499.74152,-325.80154,742.84454,666.27875,185.33563,808.84003,308.31372,-181.3331,861.1969,556.27881,43.69408,908.02228,747.01038,60.1193,850.3573,431.41757,-194.0144,416.36749,582.59088,49.62902,464.62939,388.91669,-75.08786,199.21448,880.216,79.25239,118.19881,395.52649
259,2.58,-91.15024,1331.33081,357.73682,-30.31072,1518.77612,592.70868,-161.23573,1427.18823,531.9621,33.44857,1396.28894,412.16803,-220.07584,1241.72144,674.6955,164.20943,1242.9469,485.24072,-79.04261,1173.26904,480.16513,22.68526,1308.35425,681.3028,-250.57123,955.73505,746.46362,253.8192,993.42493,487.84094,-327.51367,744.90533,663.41815,181.11656,810.74158,296.81937,-183.6021,861.60583,552.01324,45.37457,909.58698,738.59796,57.3647,851.255,422.25565,-204.54411,420.73364,568.05585,49.06644,462.24329,385.55585,-78.14492,205.06795,866.7663,79.38511,115.53201,392.1427
260,2.59,-93.31096,1331.12683,349.51926,-32.12124,1519.9375,583.6366,-162.62076,1427.7218,523.84027,31.26035,1396.34473,403.67853,-220.07977,1243.146,669.58124,161.28915,1244.18762,476.39902,-82.02782,1173.7052,473.24387,22.61019,1309.4873,672.60791,-251.11708,957.14838,741.95038,251.36917,994.28668,474.9375,-330.23187,746.96771,659.29517,177.39024,811.54834,285.07193,-185.70944,862.13507,547.53601,46.12868,910.30096,730.20239,54.32031,850.96075,415.05759,-214.12059,424.94809,556.03357,48.77888,460.00003,381.59253,-81.14193,209.97285,852.43213,78.45741,112.25416,391.98615
261,2.6,-95.79429,1330.87048,341.35004,-33.38449,1519.73853,574.5625,-164.86513,1428.15198,515.5827,28.92147,1396.43921,395.10422,-220.09862,1243.9259,665.02771,157.89581,1244.06592,463.27756,-85.03993,1174.15381,466.7774,23.06858,1311.2019,663.55206,-252.16585,958.18378,737.44049,248.51733,995.49426,462.4823,-332.4227,748.85986,655.8009,173.70055,813.24268,272.33429,-188.30557,862.77087,544.08148,47.72513,912.23938,722.18817,50.87217,851.25446,405.68643,-221.11058,428.5799,544.9538,49.1284,457.73212,378.11331,-84.49804,215.12233,838.17224,78.59261,110.28097,389.69473
262,2.61,-98.17716,1330.64856,333.85214,-34.8103,1520.53162,565.4491,-167.75446,1428.13354,507.47833,26.57332,1396.99402,386.5863,-220.22379,1244.81702,660.71899,154.05141,1244.67468,453.94318,-88.33788,1174.05469,460.52686,22.55449,1312.02539,655.29016,-253.71786,959.40247,733.92834,245.79288,996.34705,450.46478,-334.78094,750.58881,651.79108,169.21822,815.09601,261.41052,-190.44171,863.36182,540.39545,49.00551,913.52563,714.94989,47.43992,851.32318,399.03851,-226.94186,432.85822,534.12756,49.67472,455.15622,374.84979,-88.22409,218.38316,823.71106,79.13724,107.9648,388.18201
263,2.62,-100.81451,1330.19153,325.79468,-39.35115,1522.60974,557.51044,-169.76131,1428.5105,499.52106,24.23166,1396.50647,378.70065,-220.30489,1245.42212,656.38397,151.40089,1245.16858,445.73532,-91.84306,1174.3512,454.60513,21.64623,1313.78613,647.19971,-254.66385,960.27533,729.43115,242.72572,997.38947,438.30701,-337.47253,752.30994,647.8006,164.70996,816.2265,249.05928,-192.89749,863.84351,537.04401,49.18044,913.94904,705.88562,43.36317,851.43451,389.75677,-233.11659,437.34027,523.36127,49.57441,452.95422,372.2334,-91.47237,217.81635,807.91663,78.28912,104.6876,388.75818
264,2.63,-103.53213,1329.64343,318.31265,-40.6286,1522.44531,548.34424,-171.70784,1428.89221,491.64917,21.21777,1396.95862,369.92465,-220.59102,1246.18042,652.24683,148.03586,1246.86597,433.7605,-95.38273,1175.02539,448.64545,21.51645,1315.05212,638.74945,-254.72122,960.27539,725.05334,239.58907,998.20917,426.63788,-340.02872,754.1626,643.87567,160.52502,818.19141,237.15344,-194.97098,864.367,533.35968,51.96414,917.23297,701.53381,39.49694,852.05853,382.43762,-239.92068,441.90521,513.61188,50.91209,450.45551,369.90155,-96.18593,218.873,792.35925,78.52589,103.26711,388.57468
265,2.64,-106.12374,1329.00305,310.97449,-43.62803,1524.07837,540.349,-174.92659,1429.01672,483.85529,18.64559,1397.08679,362.07751,-220.40292,1247.0614,648.04602,144.44717,1247.21472,424.91849,-98.83899,1175.21716,442.77142,20.44901,1316.61548,630.4834,-255.74712,962.03491,721.76813,236.3694,999.23132,415.64459,-342.88083,755.38086,639.55139,155.56259,819.50952,225.53114,-197.45578,865.28101,530.26544,52.22714,917.2243,693.78198,35.4652,852.68488,375.02768,-247.26744,446.98822,504.06854,50.60711,448.14029,366.69421,-100.96252,217.81976,775.85028,78.47639,100.89252,388.37143
266,2.65,-108.67171,1328.14282,303.80173,-45.86261,1524.7074,531.66498,-176.59335,1428.52795,476.44595,16.80663,1397.37524,352.14682,-221.03139,1247.56726,644.26953,141.26872,1248.03845,417.84952,-101.95502,1175.49438,437.24719,19.70337,1317.55896,623.17035,-255.91121,962.4361,717.90051,233.31248,1000.3316,403.27765,-345.07645,756.74219,635.27081,150.74167,820.97162,214.6758,-199.68497,866.13647,526.72388,52.38875,919.1734,687.33356,31.2397,852.96747,368.44128,-254.97403,452.39819,494.5621,50.5233,446.48126,364.41714,-105.58302,216.21742,759.94318,76.68613,100.41498,385.88565
267,2.66,-111.72134,1327.61987,296.47531,-49.72133,1525.67126,523.37274,-180.27025,1428.86255,468.72421,14.33201,1397.99695,344.84592,-221.53467,1248.52368,639.84253,136.78793,1247.50146,406.18765,-105.19558,1175.94678,431.75842,18.35514,1318.97046,615.3335,-255.95886,962.93542,713.86023,229.4397,1001.30988,391.62912,-347.8017,758.11267,630.74121,146.274,823.03772,202.24269,-202.15579,866.79651,523.24847,51.51026,919.90735,680.08026,26.93709,852.97388,361.33038,-262.0914,458.23898,485.33398,50.92236,444.89365,361.91534,-111.26145,214.09258,742.96191,75.7098,100.50888,384.49408
268,2.67,-114.6567,1326.95837,289.44443,-51.82048,1525.49377,514.74347,-183.10657,1429.0752,461.41098,9.7155,1396.12646,338.86774,-221.95195,1249.17297,635.32098,133.37268,1249.00574,398.78061,-108.48615,1176.54333,425.91269,17.40782,1320.45129,607.31836,-256.1604,964.52582,710.84314,226.18172,1002.23676,381.83325,-350.26987,759.71521,626.37738,141.58873,824.61127,191.07077,-204.46745,867.67218,519.37354,50.75746,921.63074,673.87164,23.21945,853.32196,356.39523,-268.75922,463.20273,476.33383,50.16925,444.0083,359.89816,-117.51896,211.70761,726.32886,74.94339,98.15375,384.88882
269,2.68,-117.9509,1325.94348,282.52255,-54.1976,1528.02625,507.23651,-184.94733,1428.9668,454.44452,6.72928,1396.01611,330.87515,-222.5883,1249.71851,630.82172,130.74237,1250.03137,390.41025,-111.18172,1176.60596,420.37738,15.92994,1321.38257,599.60126,-255.90125,965.02161,707.12408,222.46852,1003.99347,370.00256,-352.36227,760.84039,621.95593,137.03006,826.20367,180.53012,-207.08067,868.26514,515.67053,49.48218,922.27185,667.31506,19.71649,854.54156,347.46292,-274.91153,467.55829,467.74442,49.85961,443.72821,356.57632,-124.03053,208.78354,710.11786,74.48199,98.54713,382.69211
270,2.69,-120.97567,1325.0813,275.94302,-57.08271,1528.54578,499.34018,-188.45934,1428.70667,446.92053,3.5387,1396.07837,322.87366,-223.48189,1250.27771,625.93121,126.97791,1250.45654,383.34952,-114.31717,1176.94604,414.49826,14.30879,1322.39465,592.56763,-255.53741,966.21088,704.28467,218.55563,1004.29614,360.53705,-355.18591,762.04297,617.48224,132.6696,827.58032,169.33418,-209.50766,868.91156,511.23871,48.55832,922.99347,661.27167,17.10037,854.3703,343.0528,-281.79114,473.02728,460.31821,48.2382,443.3909,353.79678,-131.77419,204.73012,694.32941,74.24142,97.42344,382.03229
271,2.7,-124.20295,1323.90637,269.5101,-60.51335,1528.96179,491.58313,-191.93597,1428.48804,440.15753,1.0899,1396.19031,313.58517,-224.40646,1251.28088,621.12921,122.39621,1251.23486,374.49295,-117.56689,1177.21509,409.54684,12.77338,1323.60498,585.34235,-255.52747,967.04358,700.45367,214.31416,1005.36896,350.08487,-357.28317,763.70959,613.10895,128.07341,829.48517,158.79623,-211.99411,869.38544,506.90671,47.72251,924.2337,656.3338,13.26747,854.42474,340.90921,-287.02457,476.92606,452.84781,47.71709,442.33875,350.9418,-140.11397,200.97095,678.66443,74.16175,97.57303,379.93881
272,2.71,-127.73159,1322.3252,262.83392,-63.76461,1529.37866,483.3475,-194.27696,1427.98657,433.48242,-2.70428,1394.94092,306.37991,-225.90727,1251.69031,616.67084,119.61632,1251.52026,368.10455,-120.30818,1177.06396,404.24435,11.04735,1325.05334,578.16827,-255.23721,967.18451,697.38953,210.49884,1006.40662,339.25226,-359.44794,764.36084,608.72894,123.29493,830.24463,148.9247,-215.3654,869.96234,502.23505,46.89114,925.05066,650.88104,10.03615,854.56665,335.86084,-293.52719,482.29712,446.56265,46.54912,441.02618,348.09634,-149.82256,196.51425,663.22235,74.44832,95.88946,381.64355
273,2.72,-131.01282,1320.85132,256.93875,-66.55262,1529.32751,475.24429,-198.13242,1427.70715,426.23022,-7.08277,1393.67078,300.72665,-227.67709,1252.22009,612.16913,114.53331,1251.37024,358.08719,-123.36366,1177.10059,398.80188,8.86627,1325.62439,571.05017,-255.65465,968.81488,694.61169,206.25937,1007.22052,330.05249,-361.73538,765.56073,604.14227,118.45733,831.56543,138.66963,-217.52721,869.79443,498.00797,45.06989,926.07001,646.18646,7.40544,854.68506,331.88043,-298.61548,486.77179,440.9429,45.35795,440.84198,345.53635,-159.66173,191.46007,648.3562,74.61253,95.57188,381.73029
274,2.73,-134.61394,1319.58655,250.48912,-70.48636,1529.42676,467.53989,-201.47516,1427.13818,419.72879,-9.47536,1393.83984,292.26508,-228.8782,1252.19507,607.36511,111.86997,1252.2489,353.84253,-126.38813,1176.98242,393.14487,7.05166,1326.38196,564.01685,-255.72989,969.27094,691.39807,201.48389,1007.99896,320.38013,-363.96979,766.62311,600.28607,113.91719,831.91736,128.65388,-220.32553,870.16083,493.12531,43.77023,927.29822,641.89764,4.67144,854.6319,328.37891,-303.97385,490.45236,434.63586,44.12273,440.50684,342.18216,-171.05968,186.54865,633.78107,74.70541,95.37614,381.77814
275,2.74,-138.74667,1317.95105,244.26271,-73.63586,1529.45532,459.68738,-204.30962,1426.46704,412.94571,-13.13064,1392.90552,285.82678,-230.66747,1252.57727,602.48627,107.12991,1251.93079,344.3508,-129.47345,1176.67993,387.6658,4.30814,1327.02344,557.68988,-256.21725,969.90039,688.73584,197.43626,1008.75494,310.83688,-365.37643,767.67224,595.93005,109.03983,833.11334,119.23839,-222.89456,869.81287,488.78564,41.71522,928.43549,637.3139,2.14577,854.63574,324.18295,-308.80267,494.16458,428.50812,43.25966,439.66049,338.9942,-182.9234,181.50444,618.70239,74.73462,97.19378,378.38263
276,2.75,-142.42003,1316.13367,238.54446,-77.55305,1529.2511,452.1828,-207.60231,1425.8335,406.82816,-17.01044,1391.18591,278.20175,-232.68782,1252.71826,597.42365,103.39264,1252.59949,339.21024,-132.45627,1176.32751,382.50302,1.51761,1327.74109,550.96228,-256.10785,970.37067,685.07587,192.48854,1009.2052,300.75208,-367.73541,768.61383,592.16461,104.09738,833.81769,108.75951,-225.4735,869.86322,483.79147,39.7569,929.60425,632.74707,-0.25975,855.00226,318.76694,-312.64893,497.32266,423.68173,41.92675,439.51627,335.80865,-195.4985,176.3089,604.06213,77.44827,94.00416,381.36356
277,2.76,-145.87627,1314.43738,232.8028,-81.43244,1528.85083,444.90485,-211.0305,1424.98474,400.28766,-19.34608,1390.6134,272.3024,-235.09154,1253.15503,592.82129,100.48007,1253.21216,332.0069,-136.0864,1176.09009,377.25784,0.7159,1327.71497,543.97888,-256.61609,970.84723,681.75806,188.12685,1009.4754,293.21048,-369.63132,769.57928,588.26721,99.62635,834.17975,100.95889,-227.69913,869.36829,479.20779,37.72704,930.75104,629.00647,-2.172,854.3913,315.56543,-316.64169,499.72983,417.87015,41.74931,439.216,332.47321,-209.21071,171.61871,589.27106,77.55496,93.95261,381.34979
278,2.77,-150.20758,1313.15979,226.68042,-85.51132,1528.94409,437.61508,-215.11429,1424.2345,394.16452,-24.61553,1389.12976,265.38397,-237.27339,1253.06787,588.11261,96.25694,1252.56958,324.668,-138.86923,1174.89819,371.89996,-2.49204,1327.76282,537.59454,-257.77493,971.64148,679.85669,183.08046,1009.83594,284.10165,-371.04648,770.16907,584.56122,93.99635,834.58203,91.40799,-230.60814,868.96606,474.59052,34.70223,932.06714,624.81897,-3.80134,854.3136,312.94403,-320.37476,502.02814,413.34155,40.33096,438.90417,330.48843,-223.23135,166.46519,575.27228,77.34847,93.47111,382.39053
279,2.78,-153.59032,1311.56799,221.25111,-88.91695,1528.28723,430.31998,-218.70003,1423.48425,387.7309,-28.92535,1388.08911,259.00955,-239.9299,1253.21936,583.53253,91.54978,1253.08606,316.80719,-142.60799,1174.78235,366.95804,-6.97985,1328.55151,531.99872,-258.22781,971.39459,676.66663,177.97166,1009.74695,276.35736,-372.85089,771.21161,580.94574,88.91356,834.82623,83.22763,-233.04315,868.67657,469.7168,31.91714,931.84857,620.26801,-5.95466,854.24542,307.26596,-324.24652,503.422,407.89313,39.90347,437.67426,328.12366,-238.05177,161.623,561.27582,76.97158,92.69914,383.25787
280,2.79,-158.13284,1310.06567,215.34801,-93.32018,1528.03174,423.57089,-222.53798,1422.66968,381.56732,-33.17636,1387.64246,252.7397,-242.66328,1253.05933,578.7439,86.37832,1251.65137,310.79239,-145.75655,1173.78137,361.871,-10.20367,1328.87476,525.84436,-260.23657,971.9707,672.91852,173.36446,1009.82697,267.94254,-374.58514,771.92035,576.94849,83.04718,834.53131,75.10618,-235.78746,867.9754,464.71042,28.89864,932.46191,615.43658,-8.0768,854.11139,303.37109,-326.8067,504.13492,403.91898,39.28191,436.72473,326.24176,-252.883,157.32529,546.75153,76.56846,91.91653,384.12607
281,2.8,-162.51241,1309.07153,209.38231,-97.10538,1527.62976,416.62662,-227.33598,1421.89355,375.58765,-37.29204,1386.81909,246.34824,-245.5313,1253.01587,573.92139,82.53036,1251.64636,303.85907,-150.12437,1173.31555,356.5477,-13.46642,1328.78442,519.37946,-261.83228,972.14258,669.16156,168.40164,1009.95978,258.55441,-374.88315,771.70642,572.95935,78.23796,833.99323,66.68854,-238.5361,867.10858,459.80222,25.92267,933.4054,611.65491,-10.31047,853.74481,298.54199,-329.14417,504.21689,398.90762,38.6688,435.86679,323.27792,-270.10837,152.81172,532.21851,76.6135,91.82314,384.11237
282,2.81,-166.2724,1307.71155,203.78957,-101.44691,1526.98059,410.34207,-231.93393,1421.27148,370.24277,-41.24207,1386.50916,240.22995,-249.39371,1252.90063,569.21307,78.69373,1250.22864,301.20407,-153.45518,1172.00037,351.59375,-16.97279,1329.95959,514.03699,-263.98752,972.29602,664.92181,163.60162,1009.10333,251.53455,-376.88348,772.53448,569.10602,72.77705,833.63312,59.13181,-241.17586,865.69202,455.38751,22.10983,933.85529,607.23499,-12.79701,852.90515,294.00433,-330.38123,503.33038,394.59717,37.4956,435.4787,321.37479,-286.32077,148.64383,516.80994,76.61262,91.7336,384.10263
283,2.82,-170.04567,1306.44592,198.17387,-105.55424,1526.46436,403.77438,-235.44514,1420.61633,364.54922,-46.56783,1384.04761,236.26733,-252.30081,1252.76563,563.92902,72.71614,1248.82898,292.93658,-157.7383,1171.36755,346.23572,-20.53203,1329.92432,507.89072,-266.86218,972.43719,662.24139,158.46138,1008.87146,243.86844,-378.64325,772.82758,565.21002,67.36641,832.39374,52.21483,-244.19087,864.83191,451.245,18.90445,934.24628,603.07269,-15.34566,851.29272,290.55963,-331.96912,502.51685,390.24686,36.76304,434.83746,318.35007,-303.18613,145.65855,501.65744,76.44161,91.42286,383.92703
284,2.83,-174.55334,1305.62317,191.92006,-110.00142,1526.13855,397.86111,-238.51094,1419.50354,358.14185,-49.89364,1383.48242,228.26135,-256.14343,1252.77417,558.70911,69.89085,1247.97668,289.80457,-161.32582,1170.19202,341.48636,-24.59826,1329.46179,501.67401,-270.1192,972.75165,658.02887,153.08853,1008.58179,236.57544,-380.2189,773.18738,561.00226,61.23865,830.79218,45.42025,-247.76324,864.36285,446.70657,15.42923,934.12457,599.84613,-18.14861,851.05328,286.68738,-333.82898,501.41129,385.4408,35.00661,433.8475,316.26215,-319.75931,142.35237,486.1066,76.39671,91.41087,383.9292
285,2.84,-178.84895,1304.42041,186.33868,-114.08595,1525.78772,392.22876,-243.93341,1419.12708,352.97562,-53.91515,1383.25342,222.5704,-259.84439,1252.53308,553.15015,65.21145,1246.74146,283.41187,-165.46767,1169.19934,336.15909,-29.26592,1329.05103,496.05045,-273.20746,973.45325,654.07886,147.86955,1007.42432,229.57568,-381.82059,773.06091,556.63904,55.7228,830.07623,39.20651,-251.18918,863.37817,442.29593,10.8646,934.59515,595.38544,-21.28849,848.90253,283.60754,-333.93909,499.52371,382.21542,33.76617,433.14282,313.83807,-336.63889,140.30853,470.61768,76.94363,92.16077,381.78284
286,2.85,-182.74854,1303.59387,181.48814,-118.53374,1524.6571,386.2334,-247.56088,1418.22253,346.95615,-58.51499,1381.8479,216.60564,-264.24677,1252.53381,548.08362,60.53963,1245.95923,278.48227,-169.37523,1167.79968,331.28635,-33.25499,1328.62366,490.40741,-276.319,973.4892,649.42468,142.44913,1006.59528,222.71022,-384.81366,773.32776,552.69452,50.94864,828.48975,32.71315,-254.93141,862.54474,438.11212,7.22243,935.37634,590.85425,-24.78898,847.69067,279.20499,-334.99609,496.90878,377.91058,31.87533,432.82101,312.09189,-352.73602,138.61855,454.77667,76.4427,91.44987,382.6973
287,2.86,-187.14343,1302.39417,175.54324,-122.70715,1523.81689,380.42987,-251.92862,1417.33203,341.29175,-62.96522,1381.48523,211.20235,-269.00659,1252.36255,542.82593,55.58489,1245.59729,271.97971,-173.97536,1167.05493,326.10013,-37.56387,1327.74646,485.2576,-279.83524,973.65045,645.22278,137.05548,1005.63623,216.30869,-387.37155,773.17334,548.19708,45.41783,826.99579,26.62697,-259.06012,861.61371,433.87613,2.94393,934.37256,586.10712,-28.26624,846.75256,275.05142,-335.02454,494.90216,375.22772,29.96087,431.03976,310.5408,-368.49646,139.36089,439.01123,76.42067,91.38142,382.6915
288,2.87,-191.88725,1301.83972,170.18094,-126.94238,1522.79175,374.98743,-256.57898,1416.70154,335.78461,-66.70376,1380.07568,206.26898,-273.30185,1251.82788,537.16974,50.85415,1244.05188,265.74405,-177.8989,1165.547,321.22952,-42.45184,1327.54016,479.50903,-283.93036,973.66278,640.81519,131.72012,1004.41174,210.63589,-390.25778,772.74744,543.79529,40.35061,825.98456,20.497,-263.11954,860.89398,429.40765,-2.25061,934.33307,582.25726,-31.60512,844.87469,272.97995,-335.52472,491.79773,371.41733,27.70563,430.17072,309.80865,-382.48422,139.92015,421.92651,75.89315,91.67815,381.82248
289,2.88,-196.02444,1300.70825,164.88254,-131.42741,1522.02856,369.93564,-260.52524,1415.53589,330.10764,-70.94656,1378.83606,200.84033,-278.27582,1251.71802,531.60175,45.39927,1242.81897,260.46854,-182.44736,1164.75354,316.04074,-46.82054,1326.42358,474.09421,-288.15417,973.41614,636.54303,126.24126,1003.07227,205.20317,-394.17856,772.74036,539.51172,35.27559,824.08575,14.87047,-267.48883,859.98474,424.69745,-6.53088,934.2793,577.97754,-35.23185,844.63239,267.92017,-335.6438,489.26141,368.45407,25.96903,429.53284,307.59811,-395.20053,141.97148,406.60052,76.32568,91.2655,382.68607
290,2.89,-200.44492,1299.50195,159.36888,-135.53162,1520.58545,364.11636,-265.23117,1414.61584,324.83331,-75.4457,1377.85388,195.52876,-283.7124,1251.0614,525.67279,40.08829,1240.44165,255.61295,-186.25317,1163.30957,311.59735,-51.35369,1325.89197,468.87451,-292.69153,973.52856,631.72516,120.25834,1001.2547,200.55626,-397.62845,771.79675,535.17432,31.16553,822.56781,10.47761,-272.07227,859.0567,420.43845,-11.45339,934.01349,574.14111,-38.94852,842.8974,264.88412,-336.16855,485.80887,366.35892,24.4348,428.59641,306.62439,-406.07028,144.8967,391.34607,75.01714,92.55554,380.94992
291,2.9,-205.07175,1298.63855,153.86761,-139.67755,1519.42908,358.61746,-270.53766,1413.53931,319.56973,-80.10489,1375.62903,190.65372,-289.07004,1250.92639,520.10291,36.63917,1239.21948,254.21172,-191.14532,1162.16504,306.31299,-56.25098,1324.83301,463.63055,-297.50696,972.82617,626.53345,114.55241,999.85046,195.58057,-401.21448,771.02722,530.6734,26.34888,821.01221,5.48734,-276.30307,857.92474,415.49002,-17.21776,933.69775,570.35474,-42.31298,841.69366,263.15482,-336.72565,483.4274,363.82819,22.57174,427.03067,305.45349,-415.85324,148.46367,378.25458,74.96637,92.49764,380.91129
292,2.91,-208.98529,1296.8125,149.1414,-144.17064,1518.51099,353.37445,-274.71606,1412.43628,314.17813,-83.70894,1375.26245,185.39487,-294.41891,1250.11804,514.26068,31.73461,1238.03906,248.31386,-195.45422,1160.96619,301.22183,-60.5151,1323.88428,458.55472,-302.65143,972.59741,621.35175,108.68141,998.07233,191.76675,-405.64554,769.81482,525.92645,21.46767,819.21613,-0.38137,-281.01898,856.87634,410.74866,-22.60481,933.12085,566.48315,-46.23172,841.11176,258.37466,-337.20572,479.85095,361.23322,20.88644,426.40161,304.79794,-424.03891,152.12114,367.16162,74.8975,92.40889,380.85809
293,2.92,-213.33669,1295.28162,144.08194,-148.50931,1517.04871,348.38763,-279.30649,1411.41589,308.86218,-88.09548,1373.53723,180.63225,-300.44775,1249.51062,508.23917,27.20731,1236.31726,245.1535,-199.84769,1159.62512,296.65982,-65.77746,1322.83984,454.10901,-308.06787,971.98035,616.79907,103.04639,996.30792,187.41997,-410.37585,768.63483,521.22937,17.26731,817.82373,-4.54569,-285.66269,855.87689,405.7103,-28.67841,932.01337,562.90094,-50.25737,839.86121,255.32056,-339.14249,477.35852,358.44034,19.33727,425.53156,303.49008,-430.66559,156.35481,357.42798,74.94209,92.3076,380.88049
294,2.93,-217.16141,1293.81055,139.71693,-153.0029,1515.82715,343.29147,-283.87976,1410.4375,303.51492,-92.7729,1370.85657,176.04059,-306.1582,1248.81274,502.6586,21.48215,1234.33215,239.80437,-204.04115,1158.26001,292.16501,-71.24921,1321.82214,449.0683,-314.68509,971.88239,611.66174,97.11829,994.20636,183.52853,-415.32281,767.3772,516.52673,12.98356,816.34869,-10.01197,-290.74161,854.97437,400.6879,-34.99986,931.36658,560.47125,-54.05619,838.94501,252.23451,-340.45483,474.8028,355.28885,17.59286,425.14993,301.59958,-436.03558,159.68051,349.25729,74.62969,93.18266,378.82144
295,2.94,-221.59438,1291.9303,134.92189,-157.46228,1514.61853,338.14731,-286.48547,1409.09998,297.59079,-96.04674,1370.01843,170.94788,-312.28308,1247.79346,497.33536,16.94305,1233.9613,234.97705,-208.85985,1157.09912,287.30569,-78.05672,1321.1637,447.29889,-320.93234,971.08624,605.94153,91.17033,991.92731,180.60823,-420.89285,766.0943,511.97,9.34066,814.70746,-14.2107,-295.7467,853.46887,395.65396,-41.79558,930.16595,557.185,-58.42192,838.6875,247.58763,-343.14792,472.99991,351.19681,15.58123,424.241,300.49045,-440.98227,162.18839,343.22168,74.61,93.08415,378.80063
296,2.95,-225.3027,1290.23059,130.98451,-161.9274,1513.3302,333.03949,-291.63586,1407.81177,292.50134,-100.34818,1368.00256,166.81693,-318.38251,1247.19519,491.66315,13.0479,1231.72131,233.36485,-213.75398,1155.78735,282.51468,-83.08669,1319.81372,443.2601,-328.31631,970.59467,600.43536,85.18705,990.38855,177.28799,-425.63828,764.02667,506.79684,4.77092,813.87073,-18.61513,-301.29605,852.44641,390.8866,-48.28078,929.53516,554.36169,-62.55117,836.87854,245.47142,-345.8721,470.97952,347.35956,13.93808,423.85019,298.57187,-445.06815,163.82153,337.91064,NA,NA,NA
297,2.96,-229.74272,1288.72754,125.43624,-166.24353,1510.80212,328.06116,-296.04288,1407.16516,287.27206,-104.36058,1365.42944,163.25787,-324.71323,1246.14111,486.27039,8.67231,1230.7301,231.20599,-218.26918,1154.21619,278.43088,-89.12143,1319.10803,439.72632,-335.66058,969.45642,594.82532,79.43607,989.17334,173.89157,-430.85403,762.12683,502.11353,1.16829,812.56268,-22.94782,-305.24255,850.8515,385.24496,-55.62835,928.61316,551.61066,-67.12009,835.40002,242.55577,-349.18289,469.63947,342.28372,11.50121,422.57727,296.44327,-447.98706,164.0506,333.65317,60.34874,79.14934,395.17047
298,2.97,-233.4429,1286.53174,121.13939,-171.37888,1510.74939,323.62714,-301.32617,1405.56274,281.77301,-108.19086,1363.43872,159.25854,-331.13107,1244.89075,480.75336,3.02417,1228.85303,226.46623,-223.04333,1152.99182,274.05243,-95.21272,1317.48572,436.17618,-343.12695,968.22095,589.92279,73.15533,987.45667,170.82788,-436.42651,760.31165,496.83786,-2.651,811.58557,-27.58043,-310.40436,849.7478,380.31845,-62.27027,927.1192,548.52637,-71.10823,834.97217,239.88345,-352.30554,466.83582,336.93588,9.51963,423.00986,293.97525,-451.07571,162.509,331.68176,59.96714,78.3887,397.66623
299,2.98,-237.44907,1284.87573,117.38397,-176.23904,1509.49475,318.99725,-306.28262,1404.44434,276.85843,-112.17633,1361.99182,155.49591,-337.85397,1243.95313,475.98679,-1.47558,1227.70569,225.10915,-228.29665,1152.16296,270.11816,-101.95761,1316.53516,433.02521,-351.19962,967.29321,584.22845,67.81481,986.12543,168.31209,-442.3718,758.50201,492.2738,-6.45783,810.73633,-32.15091,-315.62277,848.448,374.95615,-70.06367,925.73584,546.02698,-75.58289,834.31,236.22673,-356.93307,464.56821,331.42441,7.2849,421.74371,291.72607,-451.93924,158.32903,330.44659,59.96714,78.3887,397.66623
300,2.99,-241.24747,1282.92236,113.5172,-180.91399,1508.35474,314.29861,-310.66205,1403.71545,271.80103,-116.14143,1359.63928,152.20482,-344.60229,1242.73706,470.44208,-6.48804,1226.16077,221.57027,-233.42151,1150.78247,265.41434,-108.14595,1315.48535,429.93527,-358.85721,965.81781,579.19446,61.31742,984.69128,165.13855,-448.6777,756.56097,487.18533,-9.80684,809.94519,-36.28193,-320.6402,847.1405,369.39798,-78.11958,924.97546,543.06836,-80.24184,832.83978,233.14496,-361.02994,460.39474,326.63486,4.38793,421.50229,288.90866,-452.005,152.27466,330.66617,59.96714,78.3887,397.66623
301,3,-244.95744,1281.24939,109.16489,-186.98865,1506.65356,309.89969,-315.52237,1402.98206,266.80347,-120.18023,1357.78943,148.76454,-351.77356,1241.65784,465.19107,-9.43423,1225.72522,220.35269,-238.43425,1149.54504,261.68896,-114.87817,1314.49817,427.17853,-367.57092,964.89313,573.74976,56.06753,983.45142,162.82997,-454.66678,754.50531,481.60522,-13.31636,809.87469,-39.86727,-326.10626,845.90009,364.21915,-85.40951,923.7475,540.00562,-84.89977,832.32257,228.7356,-365.28217,456.43201,321.18933,1.11311,421.30856,284.79221,-452.17099,145.49231,331.51791,59.19643,80.96056,394.23486
302,3.01,-248.15717,1279.70764,105.33411,-191.66525,1506.68982,305.11093,-320.64417,1402.20313,261.27609,-125.25665,1355.22876,148.2236,-359.11166,1240.35913,460.58829,-15.29542,1224.60767,218.54359,-243.87788,1148.32214,257.24332,-121.5861,1313.21655,423.89706,-376.08463,963.26544,568.13684,50.27767,982.36621,160.09059,-461.12332,752.43408,476.09451,-15.53227,809.0274,-43.50211,-331.64285,845.06866,358.78018,-93.61929,922.49261,537.01654,-89.3851,831.21118,227.20572,-369.29718,452.80667,316.01114,-2.05012,419.75742,283.01385,-454.03717,139.21991,332.39859,NA,NA,NA
303,3.02,-252.23064,1277.8064,101.30536,-197.00717,1505.92468,300.50482,-326.5108,1401.69019,255.94461,-129.76595,1354.11047,144.06239,-366.35056,1239.48291,455.49332,-19.78333,1225.37598,216.7993,-249.50963,1147.60864,253.63181,-129.14032,1312.85071,421.25739,-384.29489,961.65588,562.46527,44.83681,981.79462,158.41226,-467.98978,751.0257,470.4505,-18.58234,808.56635,-47.33533,-337.56024,843.86688,353.61264,-102.17677,921.12219,533.96759,-94.50361,830.46887,222.93665,-373.9628,449.15421,311.85544,-5.29139,419.39426,279.35904,-459.18134,137.18362,332.5929,NA,NA,NA
304,3.03,-256.65652,1277.04382,97.17246,-203.20093,1504.64478,296.01743,-331.90051,1401.09497,250.12808,-133.96284,1352.51282,141.5766,-373.53616,1238.32129,450.0112,-24.76971,1224.34045,214.13902,-255.44476,1147.06946,249.50546,-136.40932,1312.37012,418.21094,-393.53839,960.65881,557.35004,39.44673,981.88977,156.95734,-474.95847,749.68195,464.92047,-21.78872,808.62738,-50.38769,-343.35449,842.94812,348.25201,-110.07532,920.05939,530.67963,-99.60629,829.53961,219.81525,-379.05988,446.66623,307.9816,-8.81291,419.18964,276.52692,-465.11368,135.06956,332.46515,NA,NA,NA
305,3.04,-260.17093,1275.60962,92.84507,-208.56567,1505.2406,291.69943,-336.82275,1401.03125,244.6282,-138.09143,1351.54309,139.21896,-381.3837,1237.34644,445.20444,-30.53361,1223.38806,212.22847,-260.60651,1145.88,246.00211,-143.98865,1311.79541,415.379,-402.36353,959.93286,550.97681,34.52643,981.54285,155.5015,-482.45935,748.32245,459.03314,-25.73252,809.38098,-53.50178,-349.53113,842.04175,343.37329,-118.40179,919.44672,527.32196,-105.21504,828.67206,216.28395,-383.22232,443.95776,304.98456,-13.82182,418.27109,273.04016,-470.09424,131.91287,330.66925,58.99767,88.16135,387.77213
306,3.05,-264.6333,1275.02148,89.27407,-214.99185,1504.95142,287.56906,-342.9838,1400.72583,239.04453,-142.62973,1350.50232,136.52223,-388.85727,1236.75073,440.27023,-35.4332,1224.1842,213.55292,-266.65503,1145.60876,241.44551,-151.37265,1311.79419,412.41879,-411.3757,959.28143,545.49158,29.29726,981.70514,153.89601,-490.27753,747.70135,453.57126,-27.46896,809.55365,-55.8938,-355.58914,841.04279,338.03885,-126.45831,919.3512,524.03094,-110.70578,827.9342,213.57668,-388.72607,442.67792,302.12109,-18.01109,418.1337,269.85495,-473.61407,128.50531,328.44037,58.33973,88.07044,388.27081
307,3.06,-268.55688,1274.77307,84.9637,-221.32407,1504.73914,283.2598,-348.23138,1400.76135,233.64462,-147.64409,1349.81677,132.79514,-396.5549,1236.34973,435.44894,-39.9143,1223.72644,212.75084,-272.74734,1145.35681,237.49724,-159.22589,1311.97327,409.45651,-420.80222,958.70856,540.08722,23.75727,982.06171,153.14961,-498.00528,746.69885,447.59674,-30.70904,809.86298,-57.58661,-361.80087,840.71588,333.47815,-134.41385,919.41315,520.95636,-116.35506,826.85431,211.93651,-394.6308,442.59683,299.42294,-22.92582,417.22281,266.31607,-476.43924,125.43441,325.55469,57.80814,88.51215,389.18979
308,3.07,-272.47083,1273.62756,81.08263,-227.81012,1504.98181,278.97458,-354.86063,1400.56812,228.3606,-152.69183,1349.83655,130.07281,-404.30353,1235.88208,430.28134,-47.34583,1223.99438,206.77245,-278.3389,1145.06409,233.99574,-166.7863,1312.38904,406.1503,-429.17245,958.56519,534.77734,18.23959,982.50909,151.32722,-505.81659,746.66351,441.56253,-33.61931,810.63177,-60.36228,-367.92551,840.44623,328.77405,-142.16864,919.70526,517.88477,-121.99586,827.34149,208.10114,-400.24121,442.73401,296.73895,-28.91499,417.07263,263.15036,-478.10507,122.81364,322.34207,55.33957,92.36217,388.83926
309,3.08,-277.00604,1273.75403,76.1637,-234.5481,1505.17114,274.45264,-360.84702,1401.03455,222.57751,-156.25148,1350.00415,127.15015,-411.88919,1235.82361,425.33878,-53.41145,1225.54309,205.84499,-284.31653,1145.32568,229.70599,-174.83336,1313.17468,403.28268,-438.13992,958.19348,529.09637,13.30015,983.18121,150.36847,-514.18079,747.07886,435.44647,-35.90837,811.43152,-61.56367,-374.02823,840.48016,324.54025,-149.3476,920.86188,515.66211,-127.87613,827.33746,205.11429,-406.80212,444.90961,292.78619,-34.79824,416.62546,259.64383,-479.39618,121.08211,319.5752,55.17366,94.10318,386.39075
310,3.09,-281.34952,1273.35352,72.62094,-241.20146,1505.86365,269.96848,-366.98566,1401.15295,216.92,-161.55907,1350.30945,123.8744,-419.50162,1236.16125,420.25748,-58.87212,1226.453,204.56055,-289.93225,1145.37634,226.26593,-182.44873,1314.30298,400.38733,-446.25189,958.52771,523.90857,7.71954,984.05078,149.48109,-522.08527,746.96631,429.28622,-38.93477,811.77563,-62.22551,-380.06186,840.93799,320.3302,-156.45998,922.16876,512.26648,-133.59178,827.46039,203.12376,-412.75668,446.12885,288.80585,-41.14711,416.78955,256.68503,-480.88934,119.38158,316.8157,52.65915,96.04212,384.01611
311,3.1,-286.06284,1274.05127,67.66161,-248.15189,1506.30188,265.98975,-373.12881,1401.70251,211.84758,-166.52373,1350.87183,120.66914,-427.00229,1236.79089,415.0347,-65.3177,1227.37927,200.38991,-295.77063,1146.07434,222.32251,-189.61061,1315.62537,396.71774,-455.02588,959.18542,518.30981,2.69829,984.84326,149.50826,-531.24951,748.26569,422.99484,-41.74657,812.83704,-64.18084,-386.41064,841.6015,317.17761,-163.56854,923.87329,509.05167,-139.39828,827.49481,201.05257,-419.81644,449.67755,284.67593,-47.41813,416.91312,253.75383,-482.27518,117.31797,314.42749,50.45648,99.74088,384.80804
312,3.11,-290.28558,1273.6156,63.73617,-255.06622,1507.03906,261.74017,-379.22849,1401.59753,206.36339,-172.12338,1351.29785,117.13538,-434.50101,1237.56458,410.08231,-70.38223,1229.27393,202.20248,-301.78989,1146.96277,218.30354,-196.80917,1316.48169,393.31293,-462.92102,959.56213,512.69,-2.28099,986.56421,147.67052,-539.6109,749.04175,417.06454,-44.98424,813.94495,-65.52336,-390.94601,842.33325,313.78012,-170.94571,925.04443,506.18448,-145.22063,828.5329,198.52148,-425.80859,451.24588,281.707,-54.22062,417.63321,250.7919,-483.56274,115.67252,312.40884,49.71889,102.35268,380.21811
313,3.12,-294.93906,1273.90125,60.30373,-262.07971,1507.93848,256.60483,-385.40704,1401.7041,201.39334,-177.21783,1351.84314,114.9678,-441.77963,1238.49146,405.21695,-75.99537,1230.323,198.10312,-307.06583,1146.89807,214.67209,-204.05966,1317.59863,389.81247,-472.20041,961.1684,507.01456,-7.46301,987.92047,146.74951,-548.61737,750.61609,410.57428,-47.17974,814.16382,-66.2129,-399.04507,844.4223,310.76123,-178.91414,927.1319,502.70758,-150.72691,828.99902,196.6227,-432.53137,453.07944,278.32654,-61.7115,418.21384,247.6071,-485.0629,114.18487,310.60437,45.75754,105.46644,377.55261
314,3.13,-299.12155,1274.46692,55.87412,-269.0061,1507.92358,253.64995,-391.58524,1402.07703,196.95857,-183.0041,1352.36084,111.72458,-448.82965,1239.89392,399.96747,-82.50194,1231.3783,194.7039,-313.07431,1147.78748,210.85327,-210.92184,1318.58374,386.74548,-480.08963,962.16571,501.78558,-12.23769,988.69263,145.24747,-557.11102,752.5235,404.28903,-50.34436,814.6048,-67.17434,-405.73868,845.56592,307.7919,-185.01158,927.96002,499.93414,-156.39409,830.10736,193.80342,-438.89899,455.08517,274.26898,-68.86424,418.83453,244.09233,-486.7934,112.61214,309.75647,59.35537,122.2784,358.16168
315,3.14,-304.38364,1274.46619,52.16996,-275.5853,1508.38379,249.84055,-397.40683,1401.47095,191.88666,-188.01315,1352.79565,108.8251,-455.83429,1241.13049,394.79276,-88.58642,1233.45032,187.4182,-318.30377,1148.14807,207.72089,-218.10069,1319.91821,383.75848,-489.32333,963.93994,496.4881,-17.2541,989.98596,144.131,-566.06207,754.03687,397.85181,-53.55321,815.50006,-68.60112,-412.22357,846.98285,304.51514,-191.83904,929.36151,497.38385,-161.66786,830.72858,192.17911,-445.34787,456.7916,270.50641,-76.68435,419.52621,241.30977,-488.05847,111.15247,309.05377,56.83828,125.65831,354.91263
316,3.15,-308.28616,1274.50159,48.73117,-282.47549,1508.59546,246.05455,-403.31891,1401.5636,187.74428,-193.4436,1353.76453,105.17229,-462.798,1242.25061,389.44281,-96.06488,1233.18982,187.41801,-323.9686,1148.60278,204.02577,-224.31369,1320.25781,379.8324,-497.48544,964.84344,491.13812,-22.10622,991.17212,142.12231,-574.92358,756.24847,391.43607,-56.09651,816.11975,-69.4041,-418.80658,848.12286,301.27487,-198.8495,930.80426,494.82922,-166.93207,831.13153,190.21344,-451.73712,457.52991,267.36606,-84.68953,420.17188,238.54771,-488.87891,109.99464,308.45651,53.87973,129.59192,350.90494
317,3.16,-312.69818,1274.19897,45.19638,-288.83847,1509.21631,242.34569,-408.94397,1401.44727,182.99979,-198.67535,1354.24194,102.78877,-469.20508,1243.17883,384.58054,-100.1106,1233.95142,188.45486,-329.39285,1149.24146,200.38728,-230.91263,1321.55127,377.09232,-506.02097,966.44659,485.64334,-26.72285,992.5246,139.75806,-583.6441,757.95551,384.9841,-59.53811,816.60999,-70.97466,-425.5134,849.04871,298.10651,-206.2478,932.14783,492.56393,-172.4919,831.8056,187.25912,-457.5867,457.474,263.49594,-92.09882,421.67294,234.9816,-488.78156,108.4291,308.10684,50.07533,131.73306,349.41144
318,3.17,-317.15564,1274.35303,41.22277,-295.40152,1509.4978,238.5201,-414.99146,1401.49207,179.45677,-203.42397,1354.38037,100.19975,-475.89343,1244.35461,379.729,-105.87354,1234.24438,186.61346,-334.76901,1149.45422,197.1945,-237.38425,1322.36011,374.06778,-514.23761,967.37823,480.35132,-30.98301,993.33075,138.38754,-591.66144,759.47089,378.35477,-62.66341,816.52271,-72.40003,-430.81616,849.1543,294.86902,-213.12987,932.95331,490.26965,-177.56593,832.65051,185.47252,-462.85468,457.83368,261.07196,-99.52036,422.3645,231.7847,-488.79453,106.81879,308.01389,46.10448,135.91547,345.32477
319,3.18,-321.59885,1274.10852,38.11898,-301.379,1509.8562,234.84712,-420.20038,1401.08545,175.10185,-208.9718,1354.896,96.87311,-482.31921,1245.72021,375.05804,-111.21268,1235.55518,184.32127,-339.4256,1149.87207,194.03278,-243.20845,1322.9967,371.05338,-522.97455,968.73584,475.54492,-35.01181,994.26105,136.52716,-601.35596,761.89722,371.96326,-65.80758,817.35571,-74.18829,-438.5968,850.35138,290.86325,-220.62874,934.83325,488.41797,-182.72116,833.03998,183.36623,-468.02029,457.36044,258.46484,-105.39724,423.86121,229.22546,-488.48331,105.43698,307.84094,42.11613,137.93011,343.79987
320,3.19,-325.63657,1274.25293,34.91059,-307.34869,1510.01233,231.35487,-425.38055,1401.30811,171.48857,-213.35745,1354.97021,94.13111,-488.47006,1246.4917,370.53857,-116.22648,1235.42578,182.00912,-344.55478,1150.10022,190.73311,-249.43086,1323.42651,368.22067,-531.13885,969.76526,470.20145,-39.27853,995.01111,134.52116,-609.30444,763.77313,365.18152,-69.36554,817.95245,-76.43357,-445.13477,850.77643,287.27722,-228.47101,934.8775,486.50827,-188.06789,833.07263,181.76927,-472.34885,456.93631,255.7435,-111.14808,425.26343,225.67731,-487.70734,103.32108,307.03577,37.63023,139.78812,341.16797
321,3.2,-329.93671,1273.91113,31.9743,-312.80814,1510.3468,227.73996,-430.58807,1400.5824,167.15701,-217.71782,1355.42065,91.52141,-494.83691,1247.3894,366.38855,-121.9031,1236.12219,178.08963,-350.10178,1150.66223,188.05563,-255.15639,1323.9657,365.59305,-539.67224,970.73914,465.06027,-43.38598,995.45898,132.33772,-617.69946,765.55804,358.73599,-72.16213,818.49512,-78.97121,-451.74796,851.30609,283.79031,-236.08723,935.49292,483.83035,-193.18306,833.79138,179.63542,-475.88458,456.1442,252.29466,-115.61841,426.00159,222.52852,-487.45789,101.6111,306.8652,34.00576,141.69109,339.89526
322,3.21,-333.82117,1273.74329,29.06757,-318.71075,1510.54468,224.58711,-435.39496,1400.45642,163.68248,-222.48586,1355.04382,88.97636,-500.68631,1248.26965,362.45081,-128.12047,1236.77258,172.42531,-354.81927,1150.93286,184.98564,-260.74326,1324.07166,362.35736,-548.28589,971.83783,460.0058,-48.00835,996.15271,129.52257,-625.41956,766.6983,352.21259,-75.47337,819.34741,-81.36678,-457.8721,851.49304,279.67776,-242.93675,935.69434,482.27072,-198.3075,834.02118,177.41147,-478.98755,454.60269,250.65414,-120.02732,426.93494,219.24788,-487.84641,101.03516,306.87131,29.16764,141.57149,339.73801
323,3.22,-338.27838,1273.12183,25.95394,-323.84113,1510.65979,220.75523,-440.20358,1400.1427,159.74818,-227.16211,1355.49011,86.19895,-506.31458,1248.59241,358.09,-132.13655,1235.39221,174.07132,-359.42593,1150.65039,182.03035,-266.65045,1324.66687,360.12411,-556.39301,972.36438,454.76425,-51.7532,996.35431,127.27729,-633.4339,767.79352,345.29016,-78.23699,820.17767,-83.31686,-464.25955,851.3988,275.8895,-250.88312,936.3139,480.54999,-203.34831,833.78864,176.02603,-482.14713,453.36679,249.51631,-124.2956,426.49072,215.65382,-488.67154,100.25803,306.72928,26.38818,142.35339,340.66568
324,3.23,-341.569,1272.82214,22.89352,-329.1347,1510.79626,217.52771,-445.01193,1400.03101,156.35828,-231.32402,1355.42725,83.58308,-512.08325,1249.44299,354.47101,-137.20642,1236.01306,170.13007,-364.01791,1150.66284,178.89516,-271.63858,1324.57031,357.27264,-564.17963,972.83728,449.81332,-56.40372,996.81702,125.76881,-640.9165,769.01709,339.22009,-80.59742,821.57648,-86.27466,-470.35941,851.71716,272.12534,-257.59393,936.92987,479.33371,-208.2251,833.64636,174.52789,-485.56107,452.091,248.08771,-128.01587,427.1871,212.62003,-489.10538,99.72429,306.64783,21.62367,143.39171,340.11926
325,3.24,-345.66367,1272.32251,21.1025,-333.94989,1510.98193,214.26768,-449.34821,1399.84851,152.55608,-235.5407,1355.44922,81.09087,-517.81653,1250.16028,350.35846,-140.2675,1236.86646,170.65723,-368.81668,1150.64539,176.03793,-277.31219,1325.42334,354.86691,-572.41388,974.00604,444.78702,-60.40578,997.02856,123.41523,-649.33514,770.8844,332.93381,-83.19524,822.78741,-89.18562,-475.84238,851.70532,268.16519,-266.22296,936.93024,476.36053,-213.20291,833.4201,172.57408,-488.81741,450.97009,247.01617,-131.96706,426.80627,209.39494,-489.34549,99.16395,306.3869,17.66722,145.08899,338.70605
326,3.25,-348.71597,1272.20117,17.54548,-338.30795,1510.68433,210.7211,-453.84827,1399.62988,149.31519,-239.25841,1355.27539,78.89289,-523.16858,1250.19275,347.2399,-145.89259,1236.08411,166.99883,-373.24713,1150.62073,173.66254,-282.38837,1325.53027,352.46359,-580.16235,974.1228,439.65942,-64.02401,997.40967,121.31312,-656.94781,772.30225,325.9126,-84.98224,823.31079,-92.0545,-481.98471,851.66827,264.24789,-272.32971,937.15216,474.24445,-217.83577,833.53772,170.96976,-491.92914,450.53796,247.24165,-134.98778,426.95956,206.31146,-489.69958,98.34126,305.91232,13.88022,146.82541,338.51831
327,3.26,-352.88113,1271.63269,15.32724,-342.79123,1510.86536,207.69368,-458.00571,1399.6217,145.35487,-243.30038,1354.77185,77.13857,-528.12634,1250.76526,343.39453,-148.64514,1236.44714,168.66342,-377.30896,1150.5509,170.70309,-287.39774,1325.72144,350.03812,-587.7738,974.39716,435.28625,-68.33729,997.5304,119.34081,-664.47949,773.495,320.01855,-86.5006,825.04321,-94.66649,-487.48935,851.59332,260.34833,-278.72113,937.51288,472.173,-222.38824,833.07648,170.28036,-495.21347,449.99936,246.63069,-137.74573,427.29135,203.20386,-490.02026,97.42587,305.8688,10.97483,148.80061,337.1315
328,3.27,-355.65399,1271.40833,12.04902,-347.53848,1510.63232,204.85707,-462.14056,1399.46594,142.25784,-247.06305,1354.69739,74.81019,-533.10699,1250.75891,339.75116,-152.86674,1237.35449,164.6586,-381.73422,1150.32202,168.46588,-292.32156,1326.1178,347.53003,-595.00183,975.27313,430.15125,-72.48992,997.97754,117.81573,-672.91827,775.89172,314.38907,-87.2348,825.88782,-96.79898,-492.85156,851.37573,256.72,-284.51498,937.80902,470.34253,-227.04579,832.6568,168.94177,-499.00101,450.12399,246.88217,-140.86195,426.9606,200.33832,-490.44928,96.6729,306.0242,7.68434,150.7262,336.21274
329,3.28,-359.36261,1270.82251,9.90048,-351.87503,1510.84998,201.58218,-465.69363,1399.10889,138.44678,-250.43381,1354.39307,72.04212,-538.07031,1251.65845,336.81201,-157.86852,1236.90454,160.83578,-385.57529,1150.5614,165.87993,-297.73315,1326.08032,344.71817,-601.97705,975.31848,425.11078,-76.02539,998.54626,115.36043,-679.99554,777.09961,307.8331,-88.80549,827.14014,-99.88412,-498.29126,851.34772,253.35745,-290.23383,938.80518,468.70078,-231.48198,832.61102,167.5284,-502.72876,449.91846,246.67336,-144.81218,427.11206,196.89775,-491.01901,96.43784,305.6322,3.76054,152.14812,335.97134
330,3.29,-362.15701,1270.75525,6.80383,-356.10635,1510.75073,198.46046,-469.77151,1399.10852,135.35579,-254.20485,1353.86072,70.20522,-542.42474,1251.49927,333.20129,-162.09778,1236.2312,160.29312,-390.11859,1150.49329,163.22946,-302.42624,1327.2832,343.3793,-608.53082,975.70734,420.39819,-79.96482,999.01361,113.95579,-686.63599,778.16418,301.88858,-89.59168,828.54028,-102.47736,-503.25391,851.36591,249.46144,-295.53494,939.37878,466.9248,-235.76041,832.22522,166.22533,-506.47772,449.82819,247.2003,-147.91486,427.96179,193.44106,-491.10965,96.22299,305.11835,-0.28038,153.82675,334.91739
331,3.3,-365.89087,1270.39697,3.84248,-359.84464,1510.61694,195.71761,-473.60822,1398.8927,131.84824,-257.70294,1353.82776,67.85324,-547.11902,1251.94861,329.90878,-165.11179,1238.93848,154.74486,-393.65515,1150.57837,160.55542,-306.30252,1327.4248,341.03778,-614.91272,975.83295,415.79742,-83.70649,999.56805,111.76049,-693.97858,779.54169,296.08853,-89.97927,829.45825,-104.9465,-508.5293,851.60547,246.33578,-300.3172,939.26068,464.96664,-239.71695,832.25232,165.08604,-510.00455,450.19107,247.86223,-152.55908,428.54431,190.12009,-491.24063,96.21497,304.85635,-3.10888,154.85246,333.8042
332,3.31,-368.77597,1270.2489,1.06218,-364.01974,1510.8573,192.47194,-476.78955,1398.67346,128.8114,-261.01617,1353.82031,64.9024,-551.35278,1252.27661,326.59717,-169.09569,1238.08997,153.05606,-397.11755,1150.14368,158.71126,-311.58728,1327.49097,338.84592,-620.96729,976.42072,411.03406,-87.45578,1000.6311,109.08416,-700.0293,780.42883,289.93387,-90.38108,830.49719,-107.62016,-513.19092,851.85382,243.85988,-304.31479,940.00977,462.99469,-243.72325,832.19086,162.63312,-512.56622,449.46033,247.65524,-156.59142,429.65894,186.9996,-491.44098,95.9808,304.35736,-6.62873,156.39047,332.40073
333,3.32,-371.51321,1269.67664,-0.87333,-367.69867,1510.70581,189.39531,-480.63141,1398.38159,125.576,-264.10217,1353.56458,62.73567,-555.76587,1252.85876,323.85077,-172.22475,1237.5813,157.83363,-400.85593,1150.39026,156.3407,-315.37225,1328.02844,336.70453,-626.64594,976.91779,406.88461,-91.57689,1000.24176,107.0172,-706.33167,781.46967,284.37827,-90.76231,831.69073,-109.57928,-518.29559,852.50409,239.67537,-308.94388,940.86224,461.22968,-247.29805,832.27521,160.92239,-515.22583,449.15344,247.55444,-160.45439,429.90628,184.49065,-491.6857,96.13362,303.84396,-9.53051,158.03723,331.49731
334,3.33,-374.48206,1268.69226,-3.05872,-371.07861,1510.755,186.55283,-483.7337,1398.35547,122.6096,-267.2066,1353.58875,60.45436,-559.49133,1253.06946,320.35077,-176.07655,1239.21106,151.21277,-404.22479,1150.33801,153.86064,-319.14459,1328.16089,333.89578,-632.46954,977.39789,402.91754,-94.02435,1001.60809,105.63605,-712.50934,782.41913,279.12109,-91.51655,832.22406,-111.49574,-522.13361,851.7948,238.68842,-312.82193,940.70154,459.03448,-250.72618,831.81213,160.18417,-517.22986,448.88916,247.1362,-164.49179,430.67673,182.4568,-491.74527,95.99858,303.36115,-11.35704,159.09547,331.06201
335,3.34,-377.17422,1269.00378,-5.91687,-374.45212,1510.83655,183.3712,-487.13635,1398.02747,119.50404,-270.28128,1353.09277,57.9849,-562.74829,1252.5509,317.40414,-180.06509,1239.27771,150.11775,-407.53415,1150.15283,151.52168,-322.78632,1328.46387,331.06985,-637.27332,977.80853,398.60562,-97.20206,1001.48615,103.75157,-718.18616,783.54712,273.65903,-91.93906,833.33728,-114.23193,-526.38043,852.17883,237.40468,-317.48059,941.60663,457.34964,-254.14859,832.13306,157.44606,-518.70801,448.50235,246.48314,-167.96101,431.21533,181.03201,-492.27054,96.18365,302.56622,-14.5729,161.13748,329.5455
336,3.35,-379.62167,1268.36121,-7.88542,-378.1185,1510.60425,180.53444,-490.18005,1397.7865,116.24753,-273.41553,1352.73914,55.99272,-566.95953,1253.30713,315.1907,-183.31258,1239.16687,148.40164,-411.33823,1150.19067,149.32188,-326.61765,1329.07898,328.8663,-642.00751,978.03412,394.5881,-102.11655,1001.25317,101.0336,-723.86774,784.49335,268.97226,-92.59194,834.15161,-116.41621,-530.54517,853.10791,234.64473,-320.86444,942.22516,455.39868,-257.62814,832.02185,155.78394,-520.25031,447.99832,245.99234,-171.44719,431.75427,179.62471,-492.85822,95.86362,301.8017,-17.98609,161.23846,330.26617
337,3.36,-381.89526,1267.74768,-10.2461,-381.48312,1510.72192,178.11055,-493.28632,1397.9469,113.40574,-275.83789,1352.66321,53.93604,-569.82062,1252.94751,311.85959,-186.40382,1239.15723,147.07602,-414.32693,1150.54736,146.96504,-330.21732,1328.64978,326.35822,-646.33502,978.04187,390.83258,-103.64848,1002.53589,99.72415,-729.11298,785.06622,263.83755,-92.92722,834.75873,-117.95248,-534.21497,852.76855,233.58063,-324.5993,942.17609,453.37732,-259.24686,830.93152,153.11757,-521.65375,447.40393,245.30038,-174.54356,432.5239,179.38191,-493.66803,95.89126,300.9754,-20.2885,162.57767,329.61292
338,3.37,-384.17181,1267.21765,-12.25503,-384.87704,1510.7533,175.0179,-496.32568,1397.45117,110.7415,-278.09344,1352.80225,52.26295,-573.22235,1253.0686,308.97781,-189.60863,1238.94519,146.8683,-417.46268,1150.44019,144.11775,-333.73383,1329.25549,323.74557,-650.77478,978.2442,387.31796,-108.56671,1001.27869,96.76438,-733.95502,785.74359,258.90433,-93.8522,835.09235,-120.06134,-538.02271,853.47357,231.71091,-328.54114,942.89893,451.4693,-264.51608,832.07556,152.0538,-523.06293,446.95148,245.33279,-177.97577,432.78824,177.69701,-494.08917,95.75328,300.5795,-22.74156,163.65181,329.8429
339,3.38,-386.57547,1267.11206,-14.93222,-388.15121,1510.71753,172.64143,-499.33643,1397.30811,106.87982,-280.74152,1352.65894,50.08775,-576.30121,1253.22644,306.45465,-193.6292,1240.51685,138.92804,-420.6427,1150.20508,142.00763,-336.82498,1329.58752,321.67468,-654.96814,978.87585,384.284,-110.98363,1001.83209,95.07409,-738.71619,786.66077,254.75461,-94.56557,835.78418,-121.50658,-541.41479,853.49384,230.37798,-331.73865,942.87714,449.67084,-266.68332,831.35632,148.9866,-524.302,446.01736,245.29434,-180.69096,433.41974,177.27415,-494.41992,95.01402,300.20868,-25.32385,164.75067,329.70471
340,3.39,-388.70016,1266.82813,-16.35435,-391.38791,1510.59802,170.52806,-502.18146,1397.17017,104.13953,-283.44958,1352.49158,48.0557,-579.6944,1253.66882,304.22729,-196.81894,1239.88806,137.55211,-423.57327,1150.43689,140.04648,-340.36795,1329.30725,319.60425,-658.7998,979.19519,380.66263,-112.01228,1003.01129,93.73743,-742.9054,787.15717,250.37198,-95.23483,836.45654,-123.78011,-544.53198,853.77747,228.79584,-335.74277,943.42206,447.92868,-271.47241,832.00397,149.06633,-525.41327,445.41742,245.05879,-183.03191,433.61908,176.41039,-495.14145,94.34392,299.46899,-27.70462,165.07576,329.55222
341,3.4,-390.60837,1266.94604,-19.27839,-394.55472,1510.63879,168.02684,-505.46512,1397.03979,100.86153,-286.04129,1353.00635,45.86939,-583.93542,1254.8501,302.01407,-199.11191,1239.21851,136.15974,-426.85489,1150.25122,137.9576,-343.57184,1329.24463,318.1051,-662.49457,979.67059,377.80417,-114.8191,1003.09119,91.26398,-747.15771,787.73914,246.91443,-95.49776,836.97137,-124.62398,-547.74249,853.91724,227.2879,-338.52087,943.13232,445.88956,-275.04504,831.43854,147.73264,-527.26178,444.82822,245.38683,-185.67719,433.12198,175.81198,-495.94504,94.49677,299.02762,-29.79063,166.17047,328.57214
342,3.41,-392.82288,1266.97046,-21.24756,-397.4404,1510.2915,165.84023,-507.66061,1396.24377,98.98491,-288.60306,1352.59668,44.6106,-586.70618,1254.9436,299.47531,-202.58287,1239.33667,135.71765,-429.62546,1150.15942,135.82333,-347.18274,1329.31482,316.08157,-666.97351,979.85278,375.58755,-117.36636,1003.14642,89.99817,-750.85944,788.18079,243.21414,-96.79646,837.71045,-126.78173,-550.64471,853.90491,225.69231,-341.84064,943.20642,444.33133,-276.79123,830.32025,144.55438,-529.24469,444.15427,245.084,-187.49118,433.7926,175.18875,-496.73282,94.2604,298.647,-32.68562,165.99124,329.44077
343,3.42,-394.7829,1266.37915,-23.82194,-400.60666,1510.1228,163.68594,-509.98718,1396.07422,96.49385,-290.67993,1352.97205,42.68433,-589.76044,1254.65991,297.55084,-205.40436,1239.27478,132.21819,-432.90616,1150.03491,134.22891,-349.76483,1328.96606,313.18338,-670.27747,980.21887,373.03699,-118.3867,1003.49646,88.82909,-754.61957,788.63531,240.15335,-97.10281,837.76215,-127.77182,-553.61407,853.64789,223.82794,-345.20413,943.55597,442.59479,-281.66577,830.87128,144.1122,-531.31244,443.71735,244.98003,-189.21614,433.58994,175.40002,-497.67749,93.99959,298.12286,-34.7215,167.24403,328.9501
344,3.43,-396.60541,1265.80652,-25.0301,-403.1713,1509.95898,161.72148,-512.50525,1395.88757,93.57156,-292.95538,1352.94348,40.67744,-593.14722,1255.32544,295.21835,-208.33102,1238.65344,132.32103,-435.79813,1150.12012,132.20288,-352.7616,1329.172,311.27744,-673.39514,979.99219,370.49451,-120.37559,1003.59894,86.02763,-757.65546,788.80347,236.74051,-97.90932,838.08734,-130.15625,-556.24506,853.9339,221.12367,-348.14548,943.18097,440.85648,-284.47461,830.72736,142.99306,-533.50415,443.28647,245.12604,-191.64038,432.91489,175.73926,-498.58521,93.93246,297.4339,-36.92053,167.44739,328.94238
345,3.44,-398.58832,1265.98999,-27.45509,-406.12439,1509.84375,159.57764,-515.27759,1395.55347,91.67552,-295.2637,1352.59106,39.27506,-595.95831,1255.53857,293.58273,-210.45743,1239.01294,130.63199,-438.43314,1149.69861,130.46608,-354.76541,1329.10547,309.62924,-676.72333,980.41034,368.36282,-120.15963,1004.9212,84.69611,-760.84344,788.94958,234.38608,-98.19122,838.46045,-131.49068,-559.1012,853.20752,220.17975,-351.22916,943.20569,439.11591,-287.30402,830.54761,141.48653,-535.55383,442.74933,244.21523,-193.45805,433.81628,175.57298,-499.64117,93.84844,297.02942,-38.40558,167.83698,329.46207
346,3.45,-400.4024,1265.85815,-29.36858,-408.67368,1509.52979,157.40169,-517.43896,1395.29407,89.0104,-297.20963,1352.50867,37.37302,-598.75562,1255.23193,291.76123,-213.26602,1238.58362,129.05432,-441.0639,1149.73584,128.64212,-358.38419,1328.82886,308.24008,-680.0304,980.77203,366.33923,-123.00457,1004.31775,83.19061,-763.82751,789.30457,232.15785,-99.19005,838.86816,-133.2187,-561.80096,853.4328,217.89813,-353.96942,943.19965,437.50861,-289.70969,830.44556,140.57144,-537.82672,442.42227,244.00916,-195.68956,433.55408,175.53072,-500.4411,93.72008,296.49872,-40.32534,169.15218,329.31271
347,3.46,-402.2486,1265.76709,-31.01882,-411.27475,1509.49744,155.73158,-519.81989,1394.95557,87.52331,-299.29105,1352.39355,35.97914,-600.66718,1254.41052,288.86115,-215.47253,1237.92786,128.07536,-443.6785,1149.49268,126.62701,-360.9057,1328.78906,305.96283,-682.97284,981.13855,364.46082,-125.89117,1004.11517,81.27279,-766.13538,789.10406,229.86557,-99.67445,839.39362,-134.49075,-564.27881,852.60944,216.36055,-356.86325,943.1814,435.77307,-291.99316,830.3399,139.73477,-539.68329,441.96906,243.04195,-197.31337,433.21924,175.34219,-501.21109,93.0814,295.57309,-42.99106,167.82121,330.45715
348,3.47,-404.38919,1265.75281,-33.0847,-413.95303,1509.36096,153.93953,-521.84137,1394.60779,85.14623,-301.38174,1352.01282,34.73186,-603.21869,1254.38684,286.82846,-218.62888,1239.08105,126.11717,-446.48526,1148.97156,125.00195,-363.57986,1328.71277,304.16455,-686.02124,981.00482,362.83954,-126.43078,1004.55981,79.74316,-768.34271,789.12256,227.92473,-100.0991,839.75415,-135.60498,-567.08582,852.89453,213.76682,-359.89056,943.20844,434.56183,-294.27075,830.14044,138.28392,-541.21783,441.83096,242.13475,-199.04567,433.35477,174.97002,-502.01477,92.7212,294.80316,-44.40194,168.56131,330.02563
349,3.48,-405.89178,1265.37024,-34.63668,-416.61002,1509.34766,152.22664,-524.07214,1394.42969,82.67342,-303.38895,1351.96606,33.28329,-606.13824,1254.54285,285.01007,-221.48175,1238.83984,123.08539,-449.12473,1149.31165,123.61196,-366.62787,1328.48352,303.22446,-688.86066,981.39795,361.3522,-128.61617,1004.57458,78.87694,-770.77911,788.73566,226.5139,-101.16962,840.13794,-136.97192,-569.40845,851.99713,212.9147,-362.64783,943.31909,433.33304,-296.39297,830.11267,136.79247,-543.00543,441.40765,241.29858,-201.07806,432.84171,175.96687,-502.96066,92.4504,293.80923,-45.79684,168.45834,330.9744
350,3.49,-407.27597,1265.12463,-35.9214,-418.89438,1509.14673,149.57753,-527.14508,1394.67371,80.78495,-305.40524,1352.02063,32.10392,-608.41675,1254.62756,283.13962,-223.47252,1239.21423,121.98289,-451.19092,1148.88916,121.25418,-368.94376,1328.79077,300.70505,-691.55853,981.133,359.7543,-128.72812,1006.15381,77.88177,-772.79749,788.53723,225.36139,-101.7098,840.40363,-137.93379,-572.14178,852.10236,210.24295,-365.44919,943.24634,431.96747,-298.27438,830.06482,136.09854,-544.54773,441.10062,239.91576,-202.74919,432.97751,175.19147,-504.00851,92.31583,292.94019,-47.99697,168.48491,331.53528
351,3.5,-409.31525,1264.92346,-38.09001,-421.09259,1509.05408,148.07773,-528.53253,1394.19312,78.23714,-307.42053,1352.01501,30.01274,-611.05511,1254.5863,281.45187,-225.45767,1238.24817,124.16798,-453.67767,1148.63708,119.71192,-370.92856,1328.79919,298.94861,-694.33899,981.58734,358.33746,-132.83667,1004.5545,76.50879,-774.40149,788.41223,223.7791,-102.35249,840.87274,-139.11954,-574.53693,851.57727,208.34798,-368.2178,943.40436,430.7265,-300.37338,829.85284,134.7627,-546.12128,440.61536,238.93224,-204.2139,433.28851,175.54947,-504.90485,92.49314,292.18018,-49.10766,168.66795,331.83032
352,3.51,-410.8418,1264.4342,-39.80698,-423.50931,1508.93018,146.38356,-530.35449,1393.64929,76.9313,-309.25858,1351.92871,28.33521,-613.57574,1254.65393,279.92813,-227.42508,1238.07104,122.16787,-455.70193,1148.75464,118.45691,-373.96387,1328.64648,297.6965,-696.44568,981.38702,356.70898,-134.25667,1004.466,76.20702,-776.06689,787.84027,222.45811,-102.82142,841.13904,-140.33684,-576.7027,851.87482,206.86613,-371.0462,943.68152,429.40268,-302.20374,830.21185,133.2187,-547.41345,440.05194,237.75897,-205.65279,433.28363,175.68996,-505.64157,92.24342,291.28995,-51.11558,169.27063,331.21252
353,3.52,-413.10632,1264.83398,-41.89201,-425.8353,1508.7937,144.61563,-532.69348,1393.46863,75.20715,-311.08289,1351.86951,27.5828,-615.9397,1254.58386,278.14496,-229.8282,1238.52222,119.96142,-458.09552,1148.84399,116.86987,-375.8147,1328.4624,296.07751,-698.57123,981.13678,355.07697,-135.45459,1004.65063,75.37882,-777.58978,787.5047,221.47667,-103.47037,841.76367,-140.78543,-579.34265,851.75061,205.47752,-373.01324,943.4906,427.91245,-304.09024,830.29388,132.50259,-548.71332,439.73334,236.94479,-206.62898,433.37033,175.28952,-506.31064,91.86924,290.51297,-53.3408,168.97614,332.0611
354,3.53,-414.24677,1264.2489,-43.03925,-427.85019,1508.47961,142.45645,-534.45923,1393.20496,72.67013,-313.24857,1351.85828,25.22366,-618.15686,1254.39954,276.44693,-231.92685,1238.3811,118.78218,-460.06226,1148.51367,115.62701,-378.64279,1328.87854,294.23953,-700.76813,981.19305,353.68124,-137.11151,1004.78094,73.91963,-779.091,786.98212,220.61505,-103.65821,841.83313,-141.01572,-581.33759,851.3916,204.75996,-374.93118,943.55127,426.17377,-305.94049,830.71393,131.23712,-549.68695,439.298,235.57288,-208.30696,433.49042,175.78554,-506.80017,91.88598,290.02454,-54.72076,169.70993,332.00873
355,3.54,-415.74039,1264.45703,-45.15866,-429.96332,1508.65356,140.91109,-536.18842,1393.11572,70.71609,-314.81168,1351.64221,24.91319,-620.29956,1254.39758,274.66986,-234.21863,1237.90942,113.81771,-462.35889,1148.6095,113.92242,-380.79453,1328.70801,293.34988,-702.7702,981.10681,352.61063,-139.50877,1004.42041,73.62331,-780.56238,786.49408,220.18329,-104.2112,842.40576,-141.6568,-583.63751,851.75732,202.16536,-377.6337,943.67291,424.75867,-307.88852,830.20605,130.15465,-550.37006,438.87332,234.20645,-209.48399,433.50995,174.35785,-507.09552,91.74886,289.43567,-56.67793,168.77415,332.71176
356,3.55,-417.6492,1263.9856,-46.35977,-432.04776,1508.42029,139.30157,-538.29431,1392.755,68.68116,-316.57233,1351.69861,23.43744,-622.53229,1254.51221,273.18472,-235.65009,1238.21326,116.64816,-464.33405,1148.6814,112.56274,-382.69507,1328.4491,291.27542,-704.83484,980.91364,351.38177,-140.99446,1004.71271,73.14372,-781.86853,786.00586,219.31792,-104.98458,842.48309,-142.892,-585.92218,851.255,200.61382,-379.45682,943.65887,423.44583,-309.74323,830.44574,128.87926,-551.20374,438.54987,233.00951,-210.66431,433.97873,173.37363,-507.18393,91.4903,288.54669,-59.16005,168.62318,331.96075
357,3.56,-419.35941,1263.28857,-47.70724,-434.27386,1508.13818,138.0394,-540.24994,1392.703,66.67167,-318.74463,1351.29089,22.2676,-625.25421,1254.49683,271.69232,-237.67241,1238.15308,115.7598,-466.60736,1148.43054,111.32166,-385.15311,1328.57092,289.44214,-706.31,981.19043,350.4006,-141.95978,1004.60303,72.5528,-783.13666,785.47919,218.62366,-105.65242,842.27606,-143.43613,-587.67206,851.26306,199.9176,-381.66904,943.52313,421.83481,-311.39532,830.80206,127.33036,-551.53674,438.58173,231.97496,-211.49802,434.24442,172.75644,-507.63556,91.17432,288.25452,-60.22428,168.81667,332.00363
358,3.57,-420.16388,1262.93457,-49.21451,-436.10175,1507.90332,135.70447,-541.95868,1392.60596,65.3965,-320.27502,1350.92493,20.99053,-626.93958,1254.23181,270.28995,-239.81964,1237.77783,112.49106,-468.26639,1148.29944,110.24652,-386.85785,1328.72534,288.48361,-708.03625,980.48022,349.60931,-144.0192,1003.82855,72.14113,-784.33929,784.72772,218.11174,-105.89963,842.16443,-143.46741,-589.69873,851.46265,198.30426,-384.10168,943.87152,420.41779,-313.03851,831.03046,125.89405,-552.24329,438.26343,230.74896,-212.41225,434.44305,172.66272,-508.01138,90.93052,288.03113,-60.97566,169.4512,332.28098
359,3.58,-421.6524,1263.00952,-50.33925,-437.66104,1507.35254,134.02536,-543.34454,1392.02893,63.76205,-321.53439,1350.85559,19.49339,-628.87073,1253.75452,268.33481,-241.21684,1238.40173,112.18324,-470.27673,1148.6084,108.9809,-389.92902,1329.02405,286.80884,-709.54395,980.56653,348.81271,-146.04601,1004.17212,71.23895,-785.29291,783.9054,217.52388,-106.32333,842.30872,-143.31447,-591.64117,851.21844,197.43912,-385.23071,943.50952,419.04895,-314.80383,830.92426,124.66135,-552.83032,437.83807,229.39742,-213.8656,434.97742,171.33418,-508.27518,90.84457,287.82739,-62.59034,169.62437,330.578
360,3.59,-423.09186,1262.56152,-51.34922,-440.03577,1507.63916,132.83455,-545.14905,1391.79749,61.7494,-322.95544,1350.59009,18.08817,-631.15381,1253.73047,267.07928,-243.07458,1238.03418,113.28805,-471.65643,1147.93054,107.23806,-391.59644,1328.96008,286.04221,-710.80627,980.276,347.85544,-146.55919,1004.4198,71.29169,-786.1571,783.04437,217.19957,-107.56766,841.66132,-143.68547,-593.0473,850.94592,196.54533,-388.03894,943.73743,418.0307,-316.39807,830.21655,124.64619,-553.56714,437.8439,228.72571,-214.65909,435.0607,170.91805,-508.49908,90.75889,287.6922,-63.7847,170.14722,330.1503
361,3.6,-424.34818,1262.25671,-52.54345,-441.87003,1506.96973,131.37091,-548.11725,1392.16528,59.88234,-324.74585,1350.48718,17.10783,-632.88568,1253.30322,265.50101,-245.18672,1238.55444,111.48594,-473.50821,1147.69824,105.95619,-393.58511,1328.6438,284.47464,-712.48358,980.14093,347.23514,-147.71446,1004.65283,70.51414,-787.48981,782.37067,216.10925,-107.59904,841.39575,-143.49527,-594.54584,850.83539,194.95682,-389.70999,943.65027,416.55722,-317.74716,830.54694,123.79095,-554.47083,437.75363,227.95245,-215.78563,435.23035,169.86604,-508.75964,90.61368,287.75201,-64.27965,170.88618,327.02689
362,3.61,-425.7327,1262.11353,-54.32022,-443.95825,1507.49854,129.96838,-549.33569,1391.52954,58.25778,-326.27478,1350.09082,16.18715,-634.80212,1253.18066,264.11127,-246.3851,1238.37085,110.12355,-474.96545,1147.62964,104.90624,-395.57791,1329.04272,283.63199,-713.58026,979.85352,346.28793,-149.63585,1004.24481,69.90997,-788.51935,781.19989,216.65309,-107.89381,841.16711,-143.43275,-596.20709,850.53101,193.1382,-391.50656,943.84619,415.52866,-319.23343,830.42053,122.61926,-555.28839,437.40613,227.20982,-216.63921,435.9527,167.30473,-508.92807,90.40109,287.62375,-65.53127,171.14659,326.31497
363,3.62,-427.08469,1261.93506,-55.00465,-445.18088,1507.01782,128.13905,-550.00085,1391.0387,56.96473,-327.45667,1349.84204,15.21271,-636.67401,1252.68994,262.84344,-247.90578,1238.14294,111.52621,-476.69598,1147.55713,103.68277,-397.96057,1328.62292,281.80432,-714.31299,979.24817,345.35999,-151.397,1004.40283,69.26258,-789.02881,780.35944,215.96381,-108.82663,841.08942,-144.08258,-597.54395,850.24506,192.22484,-393.57846,944.05554,414.33075,-320.66901,830.19592,121.70065,-555.83539,437.26382,226.4698,-217.8703,435.65527,166.9115,-509.12473,90.18198,287.66553,-66.22298,171.12114,325.9679
364,3.63,-428.09238,1261.23645,-55.97249,-447.08194,1506.94202,126.94453,-551.58777,1390.40271,55.80335,-328.70016,1349.8269,14.45387,-638.53302,1252.45752,261.1835,-249.549,1238.50476,109.39642,-478.0961,1147.25745,102.74162,-399.56763,1328.93127,281.34088,-715.22998,978.68066,344.67621,-151.82515,1004.56689,69.29686,-789.41766,779.53076,216.43729,-109.56326,841.12579,-144.09106,-598.49786,850.02216,191.57825,-395.34164,943.78967,413.41714,-321.95297,830.02734,120.62888,-556.29327,436.91959,225.28859,-218.69357,436.25446,164.47676,-509.21686,89.91724,287.50186,-67.83251,171.49069,324.89642
365,3.64,-429.3848,1261.05615,-57.73829,-448.98367,1506.8938,125.80241,-553.2182,1390.52405,54.61233,-330.16208,1349.89636,13.0743,-640.12994,1251.98657,259.93054,-251.17511,1238.38489,108.4634,-479.89398,1147.06409,101.56737,-401.97903,1328.67834,280.29202,-716.75964,978.39307,343.92874,-152.79675,1004.75439,68.97121,-790.16333,777.677,217.06564,-109.82499,840.62537,-143.84422,-599.7262,849.48792,190.45308,-396.508,943.48401,412.20834,-323.13138,830.11444,119.5138,-557.39117,436.3118,224.65758,-220.06348,436.43301,162.16162,-509.22977,89.79777,287.45438,-69.40438,172.58307,323.82196
366,3.65,-430.41055,1260.45154,-58.07594,-450.65842,1506.84082,124.68735,-554.70471,1390.2915,53.18309,-331.84772,1349.48926,12.39188,-642.29602,1251.54053,258.83765,-252.3221,1238.48682,107.95243,-481.02106,1146.79724,100.56651,-403.5239,1328.31323,279.01468,-717.66895,977.90686,343.33151,-154.8723,1004.37598,67.63567,-789.73126,776.49207,218.43982,-110.38284,840.56146,-144.23418,-600.85693,849.29224,189.00887,-398.48453,944.03339,411.18481,-324.29486,830.10675,118.65077,-558.54419,436.15042,224.60567,-221.34753,436.68423,160.36545,-509.24295,89.64735,287.44177,-69.66425,172.2527,322.79114
367,3.66,-431.96991,1260.40344,-59.41544,-452.06039,1506.41052,123.53504,-555.87872,1390.05554,51.13604,-333.04651,1349.46631,11.73983,-643.7652,1251.30896,257.6322,-254.43513,1238.49036,107.59214,-482.39883,1146.73657,99.20455,-405.43253,1328.72327,278.0061,-719.08429,978.07184,342.8566,-156.30751,1004.57031,67.47198,-790.1673,775.17084,218.96782,-110.75733,840.48987,-144.01025,-602.04236,848.83142,188.04994,-400.1485,944.15332,410.27814,-325.49203,830.18671,117.7878,-559.63403,435.86722,224.44559,-222.86342,436.97192,158.68596,-509.24902,89.51704,287.44324,-71.56542,171.99249,319.3815
368,3.67,-432.89844,1260.13391,-60.11457,-453.73364,1506.2157,122.23817,-557.40924,1389.71655,50.4722,-334.15277,1349.24219,10.80458,-645.388,1250.89075,256.39346,-255.90787,1238.0979,103.33676,-484.06235,1146.60266,98.2775,-406.85605,1328.68225,277.35767,-719.75415,977.3866,342.07925,-156.87105,1004.46326,67.68874,-790.49219,773.91064,219.5287,-110.92747,840.29584,-144.19411,-602.86401,848.81219,187.47183,-401.33148,943.89215,409.45459,-326.53464,830.46045,117.12826,-560.43896,435.5892,223.95328,-223.85802,436.96664,155.282,-509.26053,89.36457,287.43018,-71.93471,172.86108,318.96613
369,3.68,-433.76721,1259.79883,-60.66483,-455.22757,1506.10876,121.00808,-558.73895,1389.39502,49.39175,-335.72421,1348.86328,9.90866,-646.8335,1250.4436,254.82329,-257.16354,1238.10278,103.68965,-485.19638,1146.15503,97.5635,-408.81418,1329.21765,276.20038,-720.66083,976.99097,341.68927,-158.04939,1004.87683,66.98777,-790.62097,772.97455,220.23999,-111.20927,840.22162,-144.18887,-603.77747,848.74872,186.67998,-402.86566,944.19049,408.49005,-327.79355,829.27722,117.32415,-561.49774,435.10339,223.58116,-225.33778,437.37857,153.51178,-509.17139,89.14393,287.20398,-74.06917,173.23645,316.49149
370,3.69,-434.94147,1259.73059,-61.74332,-456.52179,1505.44922,119.67874,-560.2702,1389.2688,48.1368,-337.19821,1348.57471,9.35404,-648.46045,1250.19531,253.7991,-258.44467,1237.448,104.98627,-486.45139,1146.28906,96.42761,-410.4183,1328.50671,275.1214,-721.35962,976.60358,341.10114,-159.02176,1004.78497,66.33489,-790.82001,771.78534,221.01567,-111.2597,839.9151,-143.95302,-604.85437,848.16034,186.0717,-404.08246,943.94531,407.75113,-328.87607,829.57385,116.17893,-562.56519,434.66876,223.65709,-226.26276,437.24478,150.8914,-509.21637,88.87866,287.02197,-74.57942,172.67932,314.16864
371,3.7,-436.16705,1259.38452,-62.95565,-458.26715,1505.77014,119.10402,-561.65326,1389.06799,46.82344,-338.43906,1348.70251,8.18401,-649.80902,1249.84192,252.77022,-259.69122,1237.81592,104.31298,-487.47192,1146.17578,95.26948,-411.6915,1328.3241,274.19556,-721.74976,975.71924,339.95673,-160.13344,1004.92889,66.14599,-790.88684,770.35852,221.50975,-111.30863,840.02289,-143.77859,-605.76611,848.15448,185.11133,-405.52505,943.87091,406.99234,-330.0878,829.56738,115.15496,-563.36993,434.45135,223.58899,-228.57999,437.39114,148.46881,-509.22687,88.728,287.00449,-76.84837,173.21931,313.92041
372,3.71,-437.36591,1259.37305,-63.66637,-459.88525,1505.66431,118.20927,-562.78833,1388.77197,45.59764,-339.47708,1348.60327,7.45801,-651.58368,1249.48962,251.94911,-260.38171,1237.85657,105.81839,-488.60556,1145.95007,94.55242,-413.33929,1327.96558,273.1539,-722.15808,975.2406,339.65918,-161.17509,1004.86865,66.19338,-790.86914,769.3139,221.9874,-111.42094,839.685,-143.78189,-606.84467,847.73523,184.18207,-407.17236,944.32672,406.68192,-331.14639,829.67706,114.1861,-564.12439,434.13007,223.03574,-229.85515,436.66797,146.32301,-509.20291,88.51784,286.75864,-76.22382,173.44609,309.55859
373,3.72,-438.50403,1259.08118,-64.83179,-461.17087,1505.5802,117.17944,-564.17615,1388.46558,44.61444,-340.49771,1348.39746,7.29225,-652.86859,1249.19617,250.89609,-261.94452,1238.35327,104.15021,-489.77658,1145.59045,93.63805,-414.58377,1328.21643,272.27759,-723.33752,975.26428,339.33954,-162.03186,1005.27124,66.24179,-791.02155,768.55884,222.80957,-111.64102,839.87628,-143.75661,-607.74701,847.84528,183.22357,-408.22861,944.36993,406.1395,-332.30643,829.33722,113.54035,-565.06152,433.89789,222.78563,-231.25587,437.13101,143.84732,-509.20291,88.39602,286.70871,-78.33474,174.24677,308.63724
374,3.73,-439.70474,1258.95203,-65.48964,-462.95294,1505.5448,116.50729,-565.56592,1388.30029,44.05867,-342.11005,1348.16248,6.29323,-654.17053,1248.94812,249.9875,-262.62881,1238.22437,103.28829,-491.13776,1145.55298,92.90296,-416.27158,1328.06213,271.76038,-724.31152,974.7403,338.8028,-162.32744,1005.26282,66.39432,-791.14392,767.46564,223.45674,-111.77119,839.60657,-143.34637,-608.73871,847.92438,182.42168,-409.12463,944.02942,405.53348,-333.57578,828.85065,112.59537,-565.84064,433.82721,222.40021,-232.53902,437.41129,139.95694,-509.20322,88.26386,286.63962,-79.09805,173.87621,307.19388
375,3.74,-440.86356,1258.75061,-66.22451,-464.19855,1505.29956,115.67564,-566.83002,1388.0166,42.72455,-343.31042,1348.15857,5.72599,-655.3692,1248.41882,248.83032,-263.89053,1238.31067,102.98238,-492.18073,1145.30371,92.01047,-417.84787,1328.13574,270.81686,-724.77893,974.49445,338.33676,-162.71103,1005.04736,65.99001,-791.01593,766.46429,223.82068,-111.88091,839.53937,-143.52374,-609.74316,847.63837,182.04095,-410.32809,943.9259,404.92853,-334.70981,828.78418,111.3806,-566.59399,433.32755,222.17154,-233.57384,436.90326,138.6105,-509.19855,88.13626,286.54324,-79.40082,174.13068,303.57791
376,3.75,-441.74899,1258.60999,-67.03175,-465.78217,1504.99609,114.84502,-568.18903,1388.04688,41.84026,-344.63596,1348.02698,4.7935,-656.5603,1247.99854,248.23427,-265.0618,1238.29736,101.99694,-493.10342,1145.17896,91.43032,-418.92462,1328.06555,270.29581,-725.3595,974.45398,338.10773,-163.45001,1005.1106,65.3956,-791.16913,765.54938,224.83723,-112.09737,839.4339,-143.61461,-610.98492,847.47687,181.4995,-411.52997,943.84503,404.62469,-335.80722,829.01172,110.22243,-567.06195,433.06613,221.83545,-235.01146,437.4379,136.71465,-509.16312,87.88361,286.23651,-80.57361,173.73166,303.60187
377,3.76,-442.91159,1258.06311,-67.66442,-466.81128,1504.9325,114.03003,-569.29413,1387.61292,40.87613,-345.78647,1348.1073,3.68932,-657.73102,1247.6676,247.12781,-266.10291,1238.24133,103.18771,-494.33798,1145.28174,90.01675,-420.26563,1327.88123,269.48587,-725.92633,973.79041,337.71271,-163.88078,1005.52844,65.53648,-791.11902,764.72711,225.40199,-112.16602,839.22046,-143.4904,-611.99866,847.28406,180.93196,-412.1767,943.74335,403.94974,-337.15466,829.01532,108.35423,-567.42157,432.95499,221.64035,-236.05067,438.26181,133.43071,-509.07376,87.7047,285.91455,-81.53544,174.33263,300.91977
378,3.77,-443.75482,1257.85828,-68.80738,-468.13101,1504.62769,112.88223,-570.401,1387.16736,40.51764,-346.78882,1348.32104,3.33693,-658.79785,1247.55579,246.31194,-267.44788,1238.05396,97.27114,-495.56613,1145.08984,88.92809,-421.59811,1327.59644,268.69299,-726.57861,973.65558,337.39166,-164.54457,1005.30731,65.52121,-791.40112,764.07074,226.32562,-112.34826,839.25391,-143.57126,-612.97479,847.28052,180.83356,-413.17035,943.98041,403.31229,-338.556,828.26306,107.5177,-567.79034,432.88226,221.40482,-236.7753,438.56418,131.58163,-509.09827,87.45118,285.69202,-82.14806,174.4277,300.03406
379,3.78,-445.27792,1258.06396,-69.50766,-469.52481,1504.62732,112.06932,-571.74695,1386.95166,39.57259,-348.19327,1347.89038,2.76296,-660.02637,1247.30969,246.09753,-268.24557,1238.03894,100.47456,-496.71536,1144.80444,89.1123,-422.6994,1327.57056,268.50162,-727.32123,973.22052,337.36847,-165.37627,1005.7655,65.07963,-791.50763,763.24561,226.71458,-112.67636,839.26343,-143.51309,-613.98828,847.17847,180.4444,-413.71216,943.8847,402.83578,-339.93271,827.89551,106.60623,-568.19873,432.5914,221.06128,-237.59358,438.25241,130.10321,-509.01135,87.39419,285.40643,-82.05152,174.60791,298.69095
380,3.79,-446.37973,1257.81458,-70.03651,-470.52554,1503.54358,111.27399,-572.8006,1386.55676,39.23992,-349.46606,1347.77734,1.57122,-661.28186,1246.974,245.4731,-268.94266,1237.93628,99.67315,-498.05753,1144.75281,88.21742,-423.81351,1327.60913,267.68768,-727.69971,972.96259,337.06644,-166.23692,1006.07849,65.11453,-791.68805,762.62744,227.34102,-113.00927,838.91492,-143.67838,-615.29425,846.85333,180.03792,-414.36404,943.84766,402.29083,-341.22568,827.60699,105.62985,-568.51337,432.45908,220.64822,-238.07817,438.20865,128.52835,-509.04318,87.26976,285.26633,-82.50654,175.41939,296.22879
381,3.8,-447.49411,1257.38782,-70.69358,-472.11954,1504.24988,110.88723,-574.138,1386.63159,38.2047,-350.39099,1347.60681,1.55454,-662.26123,1246.79602,244.99275,-270.13815,1237.9884,98.8602,-499.1683,1144.7417,86.88787,-425.21603,1327.83569,267.01917,-728.34296,972.67395,337.04749,-166.79384,1005.81818,64.32519,-791.93524,762.06085,227.86824,-113.3772,838.95508,-143.79906,-616.53839,846.94891,179.29099,-414.68973,943.63989,401.30762,-342.69321,827.72723,103.7318,-569.28558,432.20541,220.59001,-238.21416,438.03543,127.93996,-509.22937,87.07991,285.18839,-82.57499,175.54022,293.21405
382,3.81,-448.72217,1257.43237,-71.37115,-473.46518,1504.21814,110.3095,-575.61829,1386.50305,37.61411,-351.52515,1347.69519,0.45929,-663.10773,1246.68921,244.65523,-271.51855,1237.8606,98.78751,-499.89886,1144.68567,86.87239,-426.01636,1327.34619,266.15991,-728.59296,972.38312,336.77951,-167.83763,1005.47772,63.78693,-791.97272,761.55743,228.0072,-113.52742,838.80426,-143.96368,-617.7384,846.93512,178.59787,-415.26071,943.41833,400.38589,-344.33173,827.82983,101.7108,-569.7536,431.8732,220.09447,-238.98151,437.99994,126.40726,-509.25424,86.79586,285.00702,-83.11623,174.62643,292.94965
383,3.82,-449.97797,1257.229,-71.33183,-474.52145,1503.95044,109.73627,-577.65106,1386.78979,36.78244,-352.78372,1347.76196,-0.31109,-664.28705,1246.52686,244.57547,-272.68515,1238.04333,96.9323,-501.54797,1145.26245,85.60248,-426.66394,1327.01648,265.87372,-728.91321,972.10455,336.51395,-168.62524,1005.52185,62.98817,-792.0625,761.25983,228.18643,-113.75026,838.77081,-143.88609,-618.53558,847.06415,178.18216,-415.70227,942.97113,399.63446,-345.94888,827.06598,101.23599,-570.23145,431.69211,219.85243,-239.79269,438.23138,125.67525,-509.27386,86.7066,284.95026,-83.45094,174.93967,292.89334
384,3.83,-451.19461,1257.2572,-71.95929,-475.62982,1503.63538,109.1515,-577.86444,1386.24316,36.80484,-354.04642,1347.53796,-0.73186,-665.28485,1246.44641,244.39838,-273.72849,1237.63049,97.12255,-503.03735,1144.6272,85.36795,-427.27591,1326.87231,264.94116,-729.66241,971.99255,336.57867,-168.76921,1005.48822,62.93015,-792.48553,760.93793,228.54716,-113.85092,838.69574,-144.44159,-619.71692,846.65295,178.50053,-416.12497,942.39636,398.55109,-347.39584,826.84546,100.16498,-570.73126,431.31375,219.48776,-240.63171,437.89658,124.77419,-509.28946,86.57391,284.84705,-83.28,174.92685,291.19379
385,3.84,-452.43823,1257.15942,-72.24393,-477.05609,1503.79749,108.62872,-580.14185,1385.99695,36.01531,-355.17975,1347.22839,-0.98627,-666.23376,1246.3075,244.17094,-274.50861,1237.55237,96.32565,-504.10471,1144.51099,84.71552,-428.85205,1326.69348,264.21063,-730.75885,971.99323,336.83429,-169.2187,1005.63531,62.6101,-793.07233,760.52124,228.89928,-113.93751,838.53662,-145.31842,-620.91412,846.5788,177.53011,-416.77591,942.22449,397.77945,-348.95914,827.08026,98.21539,-571.2948,431.21021,219.19141,-240.75624,438.24081,123.36464,-509.28079,86.46165,284.81717,-83.08649,175.74043,287.47559
386,3.85,-453.72556,1257.07727,-72.53987,-478.14719,1503.84448,108.25269,-581.37421,1386.03369,35.61805,-356.65414,1347.71936,-2.13275,-667.32813,1246.55493,244.3555,-275.82269,1237.6156,95.45903,-505.88766,1145.27844,83.83374,-429.80222,1326.495,263.41327,-731.34149,971.76428,336.80054,-169.72458,1005.69745,62.09171,-793.5105,760.39465,229.02586,-114.18656,838.71423,-145.53439,-622.17639,846.64087,177.11272,-417.2688,941.97589,397.17697,-350.65881,826.64172,96.86265,-572.11975,430.78748,218.69139,-241.58672,438.02573,122.28468,-509.45526,86.31251,284.86584,-83.46865,175.3571,288.27957
387,3.86,-455.42865,1257.65637,-74.34406,-479.57867,1503.79846,108.05088,-581.88354,1386.21423,35.36664,-357.91852,1347.72083,-2.32889,-668.26868,1246.72827,244.4789,-277.42493,1237.51855,91.50877,-507.15869,1145.27222,82.7943,-430.44662,1326.453,263.14804,-732.15204,972.09644,336.80505,-170.7182,1005.63416,61.15073,-793.94501,760.36182,228.98201,-114.32949,838.62036,-146.19589,-623.29968,846.80365,176.31781,-418.05185,941.76416,396.46805,-352.2338,826.55341,95.71867,-572.90137,430.67798,218.32927,-242.18823,438.36322,121.35166,-509.48685,86.19244,284.83865,-83.46617,175.94574,287.25052
388,3.87,-456.54144,1257.44238,-74.55399,-480.5528,1503.56616,107.60566,-583.8269,1386.31055,34.7167,-359.2319,1347.70911,-2.5898,-669.23193,1246.74658,244.55258,-278.46857,1237.44751,92.82834,-508.55225,1145.28027,82.55689,-431.42529,1326.2782,262.44275,-732.42242,971.93048,336.81335,-171.36098,1005.36371,59.55298,-794.4502,760.35828,228.85783,-114.44325,839.0094,-146.74371,-624.25995,846.99573,175.81181,-418.66953,941.40399,395.47107,-353.74078,826.64325,94.65747,-573.81921,430.55719,218.02867,-242.94992,438.0618,120.24577,-509.48773,86.10326,284.83337,-83.01347,175.72226,283.65207
389,3.88,-458.07037,1257.95325,-75.64169,-481.30579,1503.55481,107.14825,-584.81573,1386.5542,34.71426,-360.82751,1347.71008,-3.6574,-670.12268,1246.60242,244.70654,-279.6554,1236.89258,90.21821,-510.63507,1145.02563,81.83363,-432.30692,1325.8667,261.81958,-732.77118,971.92255,336.89157,-172.40659,1005.36328,59.42006,-795.13501,760.45673,228.89456,-114.24728,839.19263,-147.15755,-625.28839,846.70929,175.55333,-419.12683,940.99152,394.13177,-355.45297,826.76886,92.58028,-574.74597,430.3425,217.91933,-243.78474,438.21024,119.37646,-509.51672,86.00679,284.82315,-83.54676,176.14305,282.95758
390,3.89,-459.90335,1258.10535,-76.07262,-482.59647,1503.63538,107.13117,-585.32611,1385.91431,35.63927,-362.16238,1348.052,-4.50506,-671.04694,1246.63354,244.61705,-280.86346,1236.33496,88.4513,-511.73251,1145.22375,81.45377,-433.02802,1325.81042,261.26724,-733.11206,971.83502,337.00519,-173.0985,1005.5899,58.51745,-795.8717,760.47504,228.89479,-114.14813,839.50714,-147.72363,-626.40063,846.53741,175.50323,-420.07855,940.85999,393.12454,-357.1312,826.68536,91.61678,-575.51215,429.9877,217.41455,-244.69826,438.74792,117.67919,-509.49496,85.86913,284.83383,-84.07342,176.57846,281.49533
391,3.9,-461.55072,1258.28613,-76.4301,-483.84464,1503.77795,107.10062,-587.8844,1386.72815,34.65055,-363.04269,1348.047,-5.24832,-671.97266,1246.82568,244.54909,-282.08105,1235.97876,87.70508,-513.30304,1145.3075,80.72374,-433.81201,1325.60376,260.55359,-733.73804,971.88702,337.12015,-173.74345,1005.31366,56.6876,-796.55536,760.5119,228.72055,-114.02102,839.3985,-147.85225,-627.65546,846.45575,175.589,-420.97141,940.43512,392.08942,-358.90048,826.35846,89.98167,-576.67139,429.67749,217.28943,-245.81091,438.44159,116.54877,-509.47531,85.7299,284.83569,-84.20138,176.62564,281.50351
392,3.91,-462.99936,1258.67285,-77.2729,-485.11472,1503.86597,106.99607,-588.05139,1386.76575,34.61492,-364.89468,1347.77356,-6.40435,-672.77765,1246.9176,244.53665,-283.48102,1237.04553,87.71806,-514.86536,1145.86938,80.07379,-434.24332,1325.3446,260.14902,-734.37531,972.32104,337.80728,-174.35245,1005.42041,55.94224,-797.59802,760.58282,228.97009,-114.4451,839.54651,-148.78703,-628.90674,846.63306,174.76103,-421.65228,939.99286,391.27267,-360.51364,826.2804,89.39854,-577.40564,429.68353,216.90456,-247.04076,437.7569,115.51251,-509.47992,85.64877,284.82327,-84.6692,176.52794,277.25244
393,3.92,-464.819,1258.70313,-78.00246,-486.00629,1503.77722,106.94201,-589.40723,1386.79944,34.7928,-366.4447,1348.33325,-6.67657,-673.80109,1247.28589,244.90451,-284.87741,1236.43103,84.34664,-516.7002,1145.21448,79.81863,-435.66678,1325.21289,258.85666,-735.46143,972.32861,337.97955,-175.76157,1005.23212,55.13381,-798.30212,760.65155,228.91299,-114.49781,839.83264,-149.31369,-631.18066,847.47058,172.63036,-422.13885,939.47198,390.00159,-362.25388,826.31177,88.25437,-578.3269,429.38983,216.48616,-248.76176,437.06009,114.54868,-509.38382,85.43697,284.64505,-85.09143,176.95645,276.53769
394,3.93,-466.84277,1259.6095,-79.00072,-486.70175,1503.755,106.88044,-590.57104,1387.35828,34.72134,-367.71066,1348.64868,-7.40812,-674.72021,1247.43811,245.43832,-285.90869,1236.14014,87.6114,-518.23505,1145.37488,79.04568,-436.17084,1324.80017,259.04947,-736.22522,972.02313,338.21436,-176.48085,1005.30701,54.3183,-799.17688,760.96741,229.13329,-114.94961,840.0683,-150.74568,-632.61627,847.35168,172.16286,-423.0282,939.05597,388.90579,-364.08249,826.43701,86.6687,-579.0921,428.97974,216.15836,-250.55341,437.67969,111.71931,-509.42581,85.23839,284.56024,-85.67109,176.73004,272.82013
395,3.94,-468.32385,1259.70959,-79.44418,-487.96335,1503.73755,106.93617,-592.03693,1387.52893,34.27406,-369.30377,1348.70593,-8.85649,-675.41248,1247.43494,245.41127,-287.1727,1236.45813,84.05025,-519.83856,1145.65601,78.98744,-436.97202,1324.45239,258.18326,-737.41467,972.55548,338.22055,-177.26912,1005.40021,53.1694,-800.05518,761.15503,228.9726,-114.88721,840.2677,-151.40338,-633.84991,847.37292,172.03926,-423.93878,938.59473,387.62695,-366.00739,826.26685,85.7463,-579.81586,428.92017,215.93637,-251.94203,436.64209,110.22842,-509.47565,85.15672,284.577,-85.91774,177.30496,271.82553
396,3.95,-470.41531,1260.51404,-80.55215,-488.65558,1503.69653,106.70367,-593.3678,1387.93945,34.57903,-370.56192,1348.43262,-9.14989,-676.31396,1247.54126,245.55365,-288.66705,1236.5022,82.09928,-521.54077,1146.07214,77.61981,-437.42902,1323.94824,257.68607,-737.73676,972.51984,338.02475,-179.1442,1005.18561,52.29724,-801.09796,761.36951,228.80554,-114.98663,840.15186,-152.67514,-635.18268,847.45874,171.495,-424.89722,938.23621,386.29813,-367.91434,826.41907,84.22627,-581.04498,428.59344,216.14597,-254.71823,436.50034,107.25693,-509.64246,85.01706,284.68002,-86.54692,176.88914,267.67758
397,3.96,-472.61237,1261.20496,-81.46519,-489.93073,1503.77661,106.5476,-594.95721,1388.31946,34.36934,-372.77994,1348.69214,-10.30364,-677.24915,1247.81396,245.52016,-290.15891,1236.06799,81.86111,-523.25476,1145.79053,77.76709,-437.79507,1323.9021,257.24088,-738.60645,972.70172,338.23532,-179.69736,1004.96088,51.27713,-802.37048,761.52228,228.78935,-115.3213,840.30975,-152.90988,-636.85938,848.05225,171.09422,-425.71869,937.6275,384.90436,-369.84177,826.62134,82.44585,-581.74426,428.57831,215.94693,-257.28778,436.7467,105.11659,-509.71442,84.68065,284.4624,-86.73791,177.38219,265.74963
398,3.97,-474.26019,1261.34021,-81.79561,-490.80978,1503.73523,106.47453,-596.29095,1388.82349,33.99722,-374.11472,1348.79443,-10.83303,-678.02429,1247.8988,245.61635,-291.96298,1235.26099,76.05577,-525.23297,1145.77966,77.07823,-438.76132,1323.46619,256.56921,-739.10742,972.79614,338.33975,-180.59662,1005.21259,50.48883,-803.45557,761.65411,228.4754,-116.13996,840.29669,-154.22717,-638.20331,848.08307,170.86707,-426.22839,937.18311,383.72324,-371.92493,826.73755,80.7168,-582.47144,428.12393,215.57399,-258.97974,436.76324,101.85806,-509.73926,84.58025,284.46069,-87.98806,177.7643,260.98517
399,3.98,-476.3414,1262.19629,-82.39285,-491.53101,1503.66589,106.40453,-597.40674,1388.88586,34.86435,-375.74146,1349.0874,-12.56758,-678.88275,1248.3501,246.15492,-293.10593,1234.97021,76.22975,-527.4328,1146.97473,75.82074,-439.40979,1322.99451,255.54788,-740.58539,973.31079,338.88251,-181.98314,1004.20538,48.31054,-804.40173,761.9234,228.30507,-116.55248,840.1886,-155.16057,-639.23474,847.76495,171.58757,-425.90939,936.85034,383.44312,-374.04932,826.29559,79.58406,-583.37793,427.7981,215.80489,-261.95166,436.38724,98.29096,-509.71625,84.48878,284.51187,-88.28376,178.43102,257.29968
400,3.99,-478.39743,1262.40747,-83.35453,-492.49612,1504.13843,105.22736,-599.284,1389.39941,33.97088,-377.31271,1349.14722,-13.10426,-679.57233,1248.44324,246.56819,-293.92154,1234.65479,75.40305,-528.74573,1146.7854,75.46703,-439.97586,1323.07715,255.13596,-741.43866,973.46234,338.724,-182.56721,1003.96912,47.61879,-805.68146,762.29156,228.54973,-117.19742,839.75897,-155.67096,-640.88055,847.95807,171.24734,-426.1958,936.5556,382.267,-375.93201,826.68585,78.14529,-584.05988,427.54712,215.99463,-265.17572,436.05811,95.11738,-509.68268,84.36823,284.52249,-89.37512,178.92606,253.21828
401,4,-480.83743,1263.14856,-84.27476,-493.50458,1504.42749,104.62128,-601.86005,1390.38171,33.9551,-379.26886,1349.2019,-13.72373,-680.30707,1248.63257,246.67566,-295.9259,1234.9624,73.30626,-530.23022,1146.73792,75.36657,-440.19632,1322.55835,254.17389,-742.87451,973.56476,338.86581,-183.98361,1003.71826,45.96686,-807.27228,762.81299,227.74603,-117.7038,839.32825,-156.20476,-642.56738,848.23804,170.63556,-427.3378,935.90344,380.80804,-378.32013,826.17181,76.31829,-584.98193,427.23218,216.18126,-268.60617,435.58362,91.13417,-509.65952,84.24327,284.62247,-90.33482,180.70183,249.83026
402,4.01,-483.03574,1263.57739,-84.76572,-494.56168,1503.92432,105.06571,-601.66589,1390.21277,34.55764,-380.71695,1349.44275,-15.25522,-680.71039,1248.75562,246.62572,-297.6546,1234.51941,71.18974,-532.55505,1146.99536,74.23143,-440.63501,1322.54272,253.55051,-743.57147,973.698,338.66632,-185.62558,1003.30859,45.05293,-808.76208,763.41577,227.77438,-118.25898,838.72931,-156.96753,-644.39063,847.98206,170.55934,-428.9939,935.08502,378.55124,-380.41528,826.16138,75.24708,-585.87286,426.98572,216.48007,-272.90152,434.41196,90.0441,-509.60089,84.1403,284.72021,-92.31031,180.25873,245.1349
403,4.02,-484.99332,1264.005,-85.51302,-495.56009,1504.18237,105.16665,-602.94617,1390.16711,35.05818,-382.33356,1349.53845,-15.72419,-681.52692,1248.98901,246.75145,-299.34131,1234.30444,69.61068,-533.77002,1146.86353,73.88544,-441.68857,1322.05908,252.98915,-743.95178,973.67499,338.40262,-186.35301,1002.6485,44.04633,-810.43616,763.75873,227.34265,-118.95568,838.48865,-157.59987,-646.06177,848.36438,170.48625,-427.93512,934.1308,377.74588,-382.74219,826.39825,72.78829,-586.97565,426.75223,216.99625,-276.5235,434.87265,83.85492,-509.53787,83.99231,284.84003,-93.18919,181.41246,240.85474
404,4.03,-487.28986,1264.58911,-86.46761,-496.17715,1504.07605,105.25675,-604.41412,1390.75696,35.28339,-384.2937,1349.55505,-17.12828,-681.9386,1249.02856,246.81679,-300.09882,1233.23413,69.41647,-535.54095,1147.22961,72.92702,-442.21182,1321.73267,252.31795,-745.17163,973.88843,338.63666,-186.57741,1002.54333,43.98277,-811.69269,764.07367,227.34369,-119.65465,837.90149,-158.06116,-647.71667,848.87994,169.6832,-429.74017,933.69318,375.3335,-385.29565,825.4389,71.74264,-588.03821,426.53387,217.68895,-280.17044,433.02496,80.79757,-509.42743,83.84979,284.99127,-95.25278,181.97792,236.82628
405,4.04,-490.08078,1265.15698,-87.50689,-496.63202,1504.01477,105.54331,-605.9469,1391.24146,35.38038,-385.78992,1349.71216,-18.47825,-682.62561,1249.19128,247.21294,-301.77716,1233.3291,67.74173,-537.37,1147.20215,72.48785,-441.88818,1320.56055,249.94937,-745.80554,974.05768,338.41754,-188.36287,1001.65222,42.76811,-813.02734,764.71124,226.7348,-120.37577,837.03876,-158.17282,-649.54388,848.57294,170.86688,-429.59628,933.70337,375.03571,-387.8295,825.42542,70.02375,-589.2666,426.28815,218.44125,-286.11765,433.32382,76.09,-509.3006,83.71964,285.1857,-97.92892,182.6973,234.4919
406,4.05,-492.26587,1265.32532,-88.11604,-497.22733,1504.16907,105.17197,-607.10193,1391.4679,35.86688,-388.11639,1349.85339,-19.69446,-683.37079,1249.45435,247.71764,-302.65533,1232.6344,66.6412,-538.82953,1146.72583,72.12714,-442.07507,1320.07593,249.1963,-747.14685,974.43219,338.51181,-189.01686,1001.13733,41.75217,-814.62457,765.49756,225.96431,-120.582,836.07758,-159.06682,-651.29871,848.9624,170.20375,-429.08655,931.84216,373.3237,-390.1893,825.17493,68.7304,-590.36963,425.94919,218.77306,-290.755,432.36606,72.99772,-509.26767,83.82866,285.74106,-100.32165,184.6021,228.10144
407,4.06,-494.27298,1265.80835,-88.90468,-497.71216,1504.23047,105.17769,-608.61157,1391.95386,35.54694,-389.43484,1349.64063,-20.95793,-683.74445,1249.55554,247.89188,-304.18082,1232.00427,65.03386,-540.66986,1147.48706,71.03194,-442.46863,1319.65796,247.75822,-748.1001,974.52686,338.81406,-189.63396,1000.29657,40.21474,-816.50073,765.72485,225.57024,-122.2792,834.80225,-158.9286,-653.1214,849.42426,169.50514,-429.86456,932.51593,371.86584,-392.90573,824.979,66.34887,-591.64551,425.46918,219.14563,-296.88748,432.71555,66.86703,-509.13916,83.70087,285.92786,-103.98859,185.43956,223.39539
408,4.07,-496.47067,1266.21851,-89.85566,-498.6319,1504.00256,104.77179,-609.96588,1392.32971,35.39728,-391.61102,1349.94897,-22.03176,-684.20349,1249.50671,248.13881,-304.98447,1231.16907,65.23995,-541.88727,1147.56445,70.20382,-442.65753,1319.34058,246.93965,-748.74176,974.67072,338.62125,-191.56581,999.62115,39.18449,-818.01404,765.97235,225.76688,-122.38749,833.53314,-158.463,-654.66327,849.61786,169.26625,-429.60571,931.39514,370.32388,-395.43469,824.91498,64.60303,-592.01752,424.53568,219.64928,-302.59256,431.53043,63.41079,-508.93909,83.69582,286.29153,-108.00518,186.61353,220.313
409,4.08,-499.07889,1266.7384,-90.31252,-499.83295,1504.32849,104.18919,-611.96204,1393.03308,35.95178,-393.08673,1349.85107,-23.21276,-684.61188,1249.46765,248.17259,-306.33585,1230.68738,63.86977,-543.82495,1147.63867,69.51046,-443.27628,1319.26062,245.59024,-749.5368,974.75537,338.72983,-192.70105,998.96582,38.91769,-819.77228,766.05701,225.99779,-121.8357,832.84149,-158.74538,-656.55688,849.4939,169.04117,-429.95435,931.4967,369.0943,-398.04401,824.57056,63.16101,-594.4696,424.93826,220.56857,-308.94458,430.82336,58.89278,-508.78156,83.53089,286.57126,-112.57624,187.075,217.16113
410,4.09,-501.51437,1266.81177,-91.506,-500.30988,1504.36133,103.63078,-613.05121,1393.17114,35.35983,-394.86536,1349.76135,-24.82306,-685.1012,1249.6366,248.20775,-307.05255,1229.93274,62.24961,-545.62897,1147.73108,68.60275,-443.27179,1319.16162,244.54515,-750.04877,974.87671,338.51901,-193.4743,998.58191,38.58804,-821.30499,766.91467,225.28673,-122.49672,831.43152,-158.65854,-658.16046,849.99072,169.2043,-429.4259,931.14197,366.79279,-400.46057,824.63556,61.16698,-595.86438,424.72388,220.90616,-316.67795,430.30905,54.52345,-508.76343,83.3141,287.0889,-117.78366,188.23965,213.38129
411,4.1,-503.94443,1267.62305,-92.77715,-501.34155,1504.4425,102.35405,-613.82782,1393.38647,35.61395,-397.0675,1349.73096,-26.48921,-685.58527,1249.93457,248.04773,-308.93524,1231.13062,59.80714,-546.95251,1148.03345,67.75385,-443.42026,1318.87878,243.09563,-750.68097,975.12085,338.29025,-193.8598,998.14471,38.0345,-823.33136,766.98505,225.55579,-123.18999,830.10608,-158.30945,-659.76074,850.4483,169.49033,-429.04053,930.86682,365.21057,-403.13654,823.94623,59.71865,-597.2193,424.44577,221.10112,-324.65533,429.89383,50.78529,-508.60471,83.18221,287.37915,-123.79906,189.25195,211.72246
412,4.11,-506.05875,1267.75562,-93.59372,-502.04074,1504.76465,101.32208,-615.44153,1393.89941,35.14866,-398.35925,1350.16406,-28.46312,-686.03424,1250.06494,247.88126,-309.82126,1230.39417,58.72692,-548.71997,1148.60364,66.11628,-444.1239,1318.68335,241.52098,-751.12268,975.19666,338.09491,-194.98715,997.18689,37.13059,-824.70361,767.30377,225.13857,-125.07059,828.59418,-157.56407,-661.40552,850.49115,169.90877,-428.0473,930.34851,363.02588,-405.5885,823.85956,57.7319,-598.67322,424.47507,221.13063,-332.24857,429.21835,46.34865,-508.97388,83.20958,288.16818,-130.44864,189.42693,210.26636
413,4.12,-509.11774,1268.25476,-94.86433,-502.79297,1505.27222,100.4437,-617.07513,1394.38684,35.09883,-400.30246,1350.22937,-30.16083,-686.49982,1250.30823,247.57941,-310.26718,1229.12939,57.8346,-549.74487,1148.47742,65.71664,-444.70355,1318.80164,240.38666,-751.52631,975.39581,337.87781,-196.16412,996.69452,37.05249,-826.133,767.76147,225.45064,-124.54585,827.23212,-156.66547,-662.84833,851.17719,169.24623,-428.74356,930.63159,361.77127,-407.91141,823.98456,55.85303,-600.15912,424.28851,221.32857,-339.73062,429.75552,41.19208,-508.84106,83.35609,288.5126,-138.36183,188.10121,209.31351
414,4.13,-511.37354,1268.4635,-95.95222,-503.34509,1505.37146,100.0681,-618.35992,1394.94397,34.07952,-402.46835,1350.29138,-31.13187,-686.9118,1250.41174,247.2523,-311.62402,1229.66968,56.64161,-551.33972,1148.77808,64.68165,-445.43301,1318.48621,239.18008,-751.91931,975.46808,337.5538,-197.04756,996.10449,37.23217,-827.52112,768.33563,225.93129,-124.92616,825.66376,-155.38969,-664.46454,851.25085,169.56076,-427.98849,930.32123,359.6709,-410.15332,823.79144,54.27887,-601.36737,423.86926,220.92207,-347.90936,430.19357,36.18532,-508.68127,82.96432,289.26389,-146.74574,187.85019,208.0638
415,4.14,-513.64758,1269.09583,-97.08102,-504.34613,1505.89331,98.38519,-619.67889,1395.37256,33.64417,-404.49924,1350.40161,-33.5089,-687.37921,1250.51404,246.84399,-313.56406,1228.09985,53.36037,-552.88239,1149.05396,63.58733,-445.21793,1318.50415,237.42555,-752.27167,975.70453,337.30191,-198.45137,996.15912,37.71683,-829.18665,768.32251,226.06357,-125.60952,823.87079,-154.0827,-665.73871,851.99585,169.13176,-427.50665,930.75195,358.02716,-412.39764,823.80103,51.943,-603.05688,424.08136,220.94249,-354.96185,429.8797,32.29799,-508.52609,83.34406,289.84836,-156.39923,187.64746,207.22313
416,4.15,-516.13928,1269.69275,-98.07291,-505.45499,1506.15186,97.82159,-621.25067,1395.95618,33.14627,-405.81235,1350.94678,-35.72534,-688.01971,1250.6532,246.47246,-314.64011,1228.40747,50.17009,-554.40924,1149.38879,62.12043,-446.05237,1318.28723,235.8615,-752.47632,975.76678,337.03842,-198.90781,995.73297,38.12492,-830.41431,768.7724,225.64281,-126.55586,821.81268,-152.75146,-667.20227,851.96082,169.37953,-426.8111,930.66315,356.61026,-414.31503,824.37939,49.20923,-604.32751,424.23499,220.48285,-363.81372,430.14847,27.1962,-508.79919,83.20379,290.94153,-167.11954,187.81238,205.37816
417,4.16,-518.31665,1269.82422,-99.34525,-506.31082,1506.26367,96.32101,-622.94269,1396.66321,32.55076,-408.15295,1351.2655,-36.85814,-688.60785,1250.63184,246.00827,-316.1713,1229.28699,48.70938,-555.84369,1149.73389,60.61453,-446.89398,1318.99695,234.36551,-752.66705,975.55646,336.5434,-199.99109,995.03674,38.84078,-831.47626,768.71991,226.23566,-127.51659,820.07111,-151.26633,-668.38593,852.72449,168.51981,-425.77264,930.47345,354.56842,-416.4259,824.0434,47.40307,-605.76428,424.43567,220.33266,-371.91394,431.03943,23.11876,-508.48657,83.59851,291.56909,-177.08907,186.62126,204.37535
418,4.17,-521.22437,1270.37695,-100.81919,-507.47134,1506.43652,95.47575,-624.43225,1397.23657,32.20514,-410.40335,1351.34436,-39.10293,-689.3302,1250.81885,245.2962,-316.84998,1228.60474,47.48701,-557.23511,1149.84558,59.67717,-447.76419,1318.72461,232.58917,-752.90356,975.62561,336.2294,-200.53656,995.06036,39.63414,-832.28607,769.01672,225.79602,-130.03799,817.19305,-148.33426,-669.51862,852.89386,169.31851,-425.60593,930.57178,352.03171,-418.52164,824.04028,45.16928,-607.08691,424.54858,219.60092,-380.43121,432.26498,17.66491,-508.16907,83.7762,292.24503,-188.22142,186.51869,199.74165
419,4.18,-523.50897,1270.74011,-101.47865,-508.59058,1506.96118,93.89521,-626.21375,1397.82275,31.33894,-412.47388,1351.90674,-40.88373,-690.09253,1250.89929,244.56529,-318.01529,1228.74707,43.95693,-558.97528,1150.31824,58.01714,-448.52969,1319.29175,230.97095,-753.02875,975.60059,335.70004,-200.73143,994.88019,39.87826,-833.37189,768.71332,226.86996,-128.96011,815.65308,-146.28464,-670.47949,853.20654,168.83473,-425.20328,930.31702,350.07065,-420.34335,824.43652,43.05391,-608.26392,424.76163,218.9375,-389.24847,432.7652,13.7642,-507.66565,84.03402,293.2207,-199.6608,184.17955,196.39435
420,4.19,-526.15668,1271.14648,-103.30794,-509.49802,1506.9989,93.14621,-628.24646,1398.25879,30.34176,-414.35364,1352.10242,-42.05222,-691.17157,1250.85474,243.90913,-318.86115,1228.39856,43.33324,-559.76733,1150.18689,57.38658,-449.88797,1319.0708,229.23593,-752.97302,975.21277,334.78815,-201.45428,995.24622,40.23244,-834.26666,768.44489,227.65829,-129.40094,813.16425,-142.78893,-671.44727,853.50067,168.52168,-424.35739,930.34082,347.79858,-422.32895,824.74182,39.97483,-609.18042,425.21536,217.88666,-397.26498,435.20364,5.76547,-507.03055,83.80247,294.0513,-212.14226,181.60411,190.06984
421,4.2,-528.9549,1271.72766,-104.87411,-510.32254,1506.94971,92.70299,-629.25317,1398.47058,30.23905,-416.61154,1352.70825,-45.00951,-691.86102,1250.47412,242.71716,-319.62329,1228.55615,42.20326,-561.61127,1150.90063,54.53755,-450.62177,1318.87537,227.99998,-753.15948,975.15607,334.18747,-202.00935,994.72394,40.77959,-834.86682,768.35211,227.71542,-130.8443,810.08484,-139.92003,-672.35809,853.77435,167.75476,-423.48376,930.57202,345.57977,-424.29816,824.76721,37.67789,-610.21484,425.30865,216.38309,-405.76682,435.66904,1.30944,-506.44876,83.95251,294.6355,-223.0054,178.92802,182.83472
422,4.21,-531.74127,1272.6842,-106.36815,-511.82297,1507.52405,90.85829,-631.30573,1399.04443,30.0384,-419.04269,1352.57788,-47.14323,-692.68512,1250.05688,241.66391,-320.42459,1228.18115,41.57433,-562.49689,1150.65393,53.8762,-451.57608,1318.56836,225.48842,-753.41418,974.86676,333.47095,-202.83476,995.02765,42.46192,-835.70563,767.75079,227.20248,-131.44087,807.93115,-136.16502,-673.20239,854.27948,166.51311,-423.38501,930.50983,341.69028,-426.28949,824.60071,34.88771,-611.08698,425.64584,215.08662,-415.81656,436.29004,-1.74076,-505.5491,83.8829,295.11447,-236.1868,175.21814,175.95065
423,4.22,-534.41394,1273.19446,-107.96552,-513.15497,1507.53564,89.6613,-632.67023,1399.1106,29.59451,-421.28018,1353.13794,-48.70576,-693.70667,1249.77576,240.56763,-323.93512,1226.43909,38.72544,-564.24457,1151.10291,51.75473,-452.62018,1318.36646,224.23399,-753.86377,974.56207,332.74045,-203.7442,994.95215,43.53253,-836.38928,767.18207,227.52046,-134.23738,804.40759,-132.0322,-673.74316,854.42987,165.62042,-422.2525,930.55426,340.03271,-428.50488,824.86688,31.77633,-611.49023,425.70416,213.3371,-423.84656,439.1138,-9.58169,-505.15619,84.03203,295.56064,-249.59334,170.883,167.49521
424,4.23,-537.28223,1274.1051,-110.03972,-514.57043,1507.6001,88.24947,-634.64972,1399.98047,28.53598,-423.48175,1353.66138,-50.92747,-694.62323,1249.54236,239.40669,-323.57083,1226.42078,40.54708,-565.32642,1150.81934,49.74322,-453.95114,1318.1958,222.27667,-754.04242,973.81091,331.3718,-204.34093,994.64917,43.86976,-837.17688,766.26709,228.08234,-133.20839,802.58508,-128.49042,-674.40302,854.40271,164.8163,-422.12418,930.60229,337.66754,-429.48044,824.38409,29.79531,-612.16138,425.60376,211.78931,-432.30139,439.75766,-13.61364,-504.85278,84.13748,295.93729,-264.57922,164.81165,163.34879
425,4.24,-540.16992,1274.50928,-111.32976,-515.41711,1507.8324,87.49129,-636.46619,1400.12781,27.68844,-425.4873,1354.21594,-54.51921,-695.47333,1248.67444,237.47969,-324.83643,1227.91516,32.49938,-566.44183,1150.45654,48.1902,-454.20993,1317.78284,220.07784,-754.50818,973.3197,330.41495,-204.51862,994.41382,45.91026,-838.44482,766.09796,227.82849,-133.57603,800.11182,-124.72346,-675.06989,854.26233,163.5191,-421.07523,930.03326,334.37045,-431.50528,824.50317,26.52444,-612.37408,425.47897,209.89633,-440.87912,442.98541,-19.43258,-504.50079,84.41592,296.41623,NA,NA,NA
426,4.25,-543.26721,1275.5835,-114.3241,-516.69171,1507.87183,85.63326,-637.94928,1400.46155,27.02744,-428.37582,1354.58582,-56.23225,-696.60632,1248.17358,236.03099,-325.80487,1227.57898,30.78441,-568.45691,1150.63647,46.12338,-456.12006,1317.5553,217.7692,-754.58319,973.07135,329.38965,-205.03859,993.94818,46.76998,-839.05933,765.34308,227.40154,-135.98013,796.4621,-120.7523,-675.52344,853.96539,163.23042,-420.1922,929.34698,330.71402,-433.51306,824.44647,23.08227,-613.27051,425.43475,208.64093,-448.55197,443.85431,-23.71324,-503.89679,84.68005,296.82193,NA,NA,NA
427,4.26,-546.12598,1276.25928,-115.81498,-518.14496,1507.95215,84.5434,-640.35919,1400.90747,25.91289,-430.8382,1355.29358,-59.06905,-697.44794,1247.42029,234.0067,-326.36136,1226.2218,27.74458,-569.62054,1150.6803,43.36665,-457.60638,1317.65479,216.35461,-754.43384,971.8927,327.47723,-205.39415,993.96057,47.20593,-839.51508,764.54614,226.52254,-136.06281,793.75128,-116.5394,-675.95392,853.94208,161.15561,-420.34097,929.66705,328.48468,-435.39386,823.67615,20.40469,-614.11267,425.54691,207.74939,-456.9823,444.71115,-27.00429,-502.94165,85.51656,297.09518,NA,NA,NA
428,4.27,-548.87878,1276.90588,-117.27936,-519.74054,1508.49487,82.93126,-641.8869,1401.0387,24.94932,-433.02051,1355.71753,-61.88004,-698.61261,1246.86377,232.40466,-327.15897,1226.59741,26.94794,-570.91907,1150.73096,40.96344,-458.57394,1317.65222,213.53326,-754.64899,971.1925,326.38113,-207.3028,993.5144,49.02879,-840.07495,763.35431,225.87331,-134.93419,791.04077,-111.7827,-676.38464,853.60559,159.52518,-419.50534,929.05743,325.45349,-436.70227,823.57532,17.55711,-614.54199,425.38297,206.62015,-464.1109,448.18381,-33.8037,-502.43817,86.29696,297.4837,NA,NA,NA
429,4.28,-552.02203,1277.64783,-119.39414,-521.3996,1508.16821,81.70781,-644.22705,1401.59485,24.03952,-435.97394,1355.82202,-64.14771,-699.64771,1245.91187,230.39087,-327.75021,1226.203,25.3687,-571.97156,1150.00903,38.92296,-459.64737,1316.76819,210.87332,-754.80035,970.40161,324.50012,-207.77171,993.25488,49.61034,-840.22375,761.70349,226.86188,-135.49475,788.23431,-107.1396,-676.72009,853.14642,157.96251,-419.88321,928.56842,322.01208,-438.50818,823.67975,14.21307,-614.71014,425.07675,205.37428,-472.29861,449.28625,-36.44439,-502.08554,87.08609,297.45251,NA,NA,NA
430,4.29,-555.00256,1278.46228,-122.29682,-522.59174,1507.9248,80.01558,-646.1972,1401.88232,22.51049,-438.63034,1356.83093,-67.41206,-700.83496,1244.98657,228.22195,-328.83609,1226.72852,21.21398,-573.11127,1149.85681,35.92111,-461.39029,1316.77087,209.16966,-755.0766,969.29254,322.83752,-206.50017,994.89288,50.68505,-840.67102,760.48553,226.22296,-135.74734,785.2569,-103.02396,-676.92328,852.89417,155.74924,-419.38519,928.27777,318.9762,-439.82739,823.78253,10.66265,-615.13312,424.79581,204.63138,-479.41516,451.55441,-41.47355,-501.74249,88.00402,298.03195,NA,NA,NA
431,4.3,-558.3703,1279.18762,-124.4393,-523.91742,1508.11169,78.79915,-647.35394,1401.93054,21.96947,-441.00531,1357.4198,-70.71777,-701.75092,1244.19421,225.67488,-329.32932,1225.10828,19.08012,-574.0918,1149.45789,33.27391,-462.62323,1316.50574,205.96465,-755.11432,968.20685,320.8024,-207.72209,994.53723,51.44437,-840.62854,759.11926,225.07153,-136.11581,782.49255,-97.97077,-677.23071,852.55011,153.52211,-419.89911,927.9967,315.88467,-441.32483,823.91443,6.86641,-615.48273,424.21716,203.78511,-486.91934,454.3085,-46.09763,-501.35916,88.67477,298.25711,NA,NA,NA
432,4.31,-561.69977,1280.08899,-126.67333,-525.79663,1508.24744,76.4456,-650.10486,1402.25647,19.65099,-443.76834,1357.86694,-73.37674,-702.95728,1243.39844,223.57379,-329.89685,1224.59509,17.60985,-575.37604,1149.17566,31.21297,-463.37341,1316.22046,203.01903,-755.05487,967.36871,318.31854,-209.51158,994.29395,52.23938,-840.53571,758.02484,223.8717,-136.13542,779.67706,-93.15157,-677.40662,851.77521,152.15382,-420.93445,927.79663,311.95816,-442.03561,823.53577,2.08491,-616.04565,424.13773,203.11533,-492.94897,454.92145,-49.34354,-501.31308,88.93298,298.11847,NA,NA,NA
433,4.32,-564.95087,1281.02844,-129.21423,-527.51324,1508.25134,74.67287,-652.25677,1402.98572,18.57428,-446.56531,1358.85767,-76.65921,-704.09875,1242.41882,220.83145,-331.14279,1225.0105,14.71543,-576.76642,1149.2865,27.74455,-464.76144,1315.79419,199.73756,-755.54181,966.82928,316.45795,-210.54019,994.13434,52.46381,-840.73114,756.46436,223.27971,-136.17097,776.92566,-88.37389,-677.65851,851.28546,148.78438,-420.14893,927.53333,308.93301,-444.28281,823.84827,0.01124,-616.49963,423.54797,201.65346,-499.89163,458.12415,-54.29978,-501.30267,88.99177,298.00595,NA,NA,NA
434,4.33,-568.25549,1282.21265,-132.44188,-528.96991,1507.75635,72.78437,-653.87555,1402.40686,17.51233,-449.1123,1359.46033,-79.48412,-705.46552,1241.76892,217.8573,-331.81094,1223.76953,15.50124,-577.5899,1148.76697,24.18783,-466.17722,1315.50574,196.77347,-755.35468,965.99805,314.17004,-211.82509,993.77319,51.9235,-840.60608,754.81848,222.01178,-136.36351,774.16058,-83.15723,-677.6582,851.21857,145.26181,-421.08792,927.22217,305.86285,-444.34128,822.94794,-4.30838,-617.18127,423.31525,200.92555,-506.05856,460.3884,-59.32523,-501.3186,89.01438,297.94708,NA,NA,NA
435,4.34,-571.45691,1283.19873,-135.20035,-530.76251,1508.09863,70.4267,-656.69171,1403.06226,15.44074,-452.22687,1359.60315,-83.62845,-706.57709,1240.84021,214.66801,-332.87543,1223.60266,13.33814,-578.42474,1148.15247,21.19063,-467.63257,1315.61377,193.19434,-755.28857,964.95197,311.49771,-213.25133,993.68103,52.36868,-840.31012,753.05353,221.95108,-136.47572,771.91699,-78.50961,-677.9776,850.18481,143.18166,-421.40778,926.97174,302.66827,-446.12946,823.65204,-8.63973,-618.05212,422.84232,200.16132,-512.3421,462.28149,-64.06737,-500.14606,89.63863,298.41895,NA,NA,NA
436,4.35,-575.36902,1284.39587,-138.65163,-532.39532,1507.71411,68.31142,-658.54852,1403.14587,14.10486,-455.15256,1360.67297,-87.27497,-707.91394,1240.06299,211.51488,-334.11047,1223.59241,9.17352,-579.7821,1148.03979,17.03111,-468.95096,1314.35046,189.84966,-754.86121,963.74261,308.54077,-214.25533,992.99023,52.51192,-840.28394,752.02948,220.43692,-136.65787,769.45294,-73.38846,-678.0896,849.8186,139.96487,-421.81799,926.24597,298.62387,-447.06961,823.06818,-12.31108,-618.85602,422.21051,199.26251,-518.13214,464.19031,-67.17368,-499.96851,89.67764,298.35648,NA,NA,NA
437,4.36,-578.83844,1285.42688,-142.16838,-534.16382,1507.52856,66.19643,-660.75629,1403.09656,12.34659,-458.25037,1361.71155,-91.80004,-709.26263,1239.14514,208.1308,NA,NA,NA,-580.87146,1147.86511,13.26191,-471.16385,1314.1554,186.39185,-755.00671,963.29297,304.69589,-215.66077,992.71362,52.82485,-840.46075,750.91193,219.32025,-136.8779,766.97205,-68.44872,-678.24768,849.17999,136.84529,-422.43234,926.17896,294.75085,-448.62674,822.69409,-15.72741,-619.18646,421.43524,197.95824,-523.38171,466.11545,-71.52685,-500.26797,89.61375,298.65698,NA,NA,NA
438,4.37,-582.59033,1286.49316,-145.54141,-535.98444,1507.47009,63.67268,-663.10669,1402.92908,10.3067,-461.43665,1362.33521,-96.2505,-710.84827,1238.5658,203.56071,-336.05023,1223.22119,1.27608,-582.22504,1147.172,9.38653,-472.93903,1313.75281,182.22269,-755.16309,962.50769,303.09793,-217.65703,992.54706,51.35761,-840.32245,749.64001,217.18518,-136.97061,765.06787,-64.2084,-678.37463,848.6217,134.03932,-423.28662,926.04663,290.57727,-450.44693,822.39044,-19.0579,-620.07568,420.87558,197.08633,-528.43689,467.55057,-74.83185,-500.20868,89.569,298.76636,NA,NA,NA
439,4.38,-586.34412,1287.76904,-149.2728,-537.6947,1507.15234,60.70457,-665.72961,1402.93567,7.82875,-464.45486,1363.9071,-102.00494,-712.3313,1237.93835,199.79021,NA,NA,NA,-583.74628,1147.32593,4.59246,-474.54019,1312.94006,178.83588,-754.83716,961.55603,299.29846,-219.42252,992.60785,50.99173,-839.87415,748.60944,215.57013,-136.99104,762.84052,-59.81067,-678.57483,848.08893,130.47488,-424.38861,925.95538,287.32755,-451.73431,821.8761,-23.73075,-620.85236,420.31281,196.29318,-533.74207,469.47897,-80.0864,-499.98947,89.67117,298.72308,-482.10721,114.37323,-20.15185
440,4.39,-589.93024,1288.33411,-152.65189,-539.1579,1506.57715,58.78877,-668.12177,1402.74927,5.11916,-467.68735,1364.13025,-106.21921,-713.76245,1236.80298,195.39374,NA,NA,NA,-585.02307,1146.08643,0.73597,-476.12738,1312.54883,173.78053,-754.91986,961.18378,296.4888,-221.03886,992.5141,50.2635,-839.44873,747.50055,213.72989,-137.85672,760.99335,-55.47102,-678.8858,847.64288,126.83581,-425.5361,925.24786,283.58099,-452.69916,821.24652,-27.95181,-621.91339,419.36734,195.14595,-537.90399,469.91028,-82.68468,-499.9567,89.71876,298.73395,-496.03717,115.14579,-36.45904
441,4.4,-593.82202,1289.4469,-157.21371,-541.26624,1504.71008,54.46767,-669.90601,1402.43909,3.1471,-471.00912,1364.78748,-109.80872,-715.34045,1235.84827,190.79491,NA,NA,NA,-586.64319,1145.73315,-3.56538,-477.14471,1311.98743,169.48912,-754.75555,960.22607,292.82401,-222.89519,992.26068,49.10738,-839.01422,745.84619,212.33382,-138.6692,759.28217,-51.35251,-679.216,847.14417,123.58335,-426.47772,924.63739,279.3295,-454.11395,820.96674,-33.10023,-623.43085,418.78317,193.46361,-541.97894,470.64392,-86.05872,-499.88074,89.76903,298.77567,-509.90961,114.93803,-50.5454
442,4.41,-597.59698,1290.60913,-161.60489,-543.03772,1505.54846,51.77616,-672.74963,1402.14075,0.09893,-474.25638,1365.50269,-115.52029,-716.74048,1235.46094,186.14384,-341.46021,1220.38818,-15.18163,-588.34326,1144.82043,-8.31867,-479.1904,1311.6499,164.34904,-753.98193,959.27832,289.33765,-224.64449,991.67987,47.729,-838.49756,744.60681,209.85947,-138.93329,757.56787,-46.88115,-679.72455,846.84045,119.41362,-427.40097,924.71729,274.5618,-456.05637,820.84308,-37.59671,-625.40363,418.48697,192.3882,-545.37451,471.15317,-89.27958,-499.53638,89.90798,298.68829,-523.26434,115.91743,-66.79377
443,4.42,-601.51581,1291.29468,-166.01801,-544.98962,1505.00269,48.90285,-675.18616,1402.08997,-3.17739,-477.582,1366.27222,-120.58298,-718.38599,1234.48376,182.0233,-342.66043,1219.24451,-19.36403,-589.98883,1144.27271,-13.27367,-480.79401,1311.19177,159.34528,-754.38318,958.72888,285.52481,-226.70541,990.9599,45.89161,-838.08112,743.53284,207.6541,-139.30692,756.11517,-43.68014,-680.48175,846.10211,116.16071,-429.8396,925.02271,269.63251,-457.36386,819.52045,-42.02235,-627.31293,417.83676,191.25145,-548.57648,470.28482,-92.12144,-499.48447,89.94389,298.71875,NA,NA,NA
444,4.43,-605.52325,1291.8606,-170.42627,-546.54816,1504.33313,44.66784,-676.10333,1401.41016,-4.88999,-481.18924,1366.47656,-125.12784,-720.15552,1233.66614,177.59985,-344.73456,1218.79614,-27.10202,-591.71381,1143.00037,-17.43596,-482.18317,1310.34424,154.14238,-754.38824,958.1355,281.68436,-228.77106,991.01099,43.71854,-837.98212,742.04041,205.35944,-140.05919,754.37549,-40.49485,-681.52374,845.29443,113.29405,-429.8364,924.02606,265.63568,-459.54694,819.97516,-48.96484,-628.49835,416.91174,189.40036,-551.77264,470.22141,-95.11871,-499.47577,89.94438,298.72849,-547.81812,119.44756,-96.93625
445,4.44,-609.13678,1292.01514,-174.45821,-548.32916,1503.82471,41.11971,-678.79828,1401.03625,-8.55467,-484.10049,1365.79492,-132.05751,-721.72485,1232.70789,172.68376,-346.634,1215.59875,-29.72025,-593.95056,1141.81091,-22.25172,-484.33191,1309.30981,148.71815,-754.72327,957.51959,277.86536,-231.23476,990.52606,42.18807,-837.54187,740.65741,202.52127,-140.2551,753.48511,-37.91076,-682.84088,845.09363,109.01938,-432.04251,924.17694,261.17761,-460.71304,817.88898,-52.54023,-630.30859,415.97186,188.23848,-553.87634,470.3143,-98.9178,-499.4743,89.94765,298.72903,-558.42853,122.96614,-112.30837
446,4.45,-613.10522,1293.20264,-179.90245,-550.03955,1502.09106,36.33856,-682.25568,1400.82275,-13.01577,-487.22382,1367.19348,-137.7961,-723.45197,1232.02478,167.37622,-348.99985,1215.14954,-33.88713,-595.94708,1140.81885,-28.19379,-486.51666,1308.27393,143.44975,-754.7804,956.79004,273.81006,-233.49944,990.43359,39.3023,-837.12817,739.36664,199.28839,-141.02107,752.33759,-35.47507,-684.72125,844.21948,105.69402,-433.17551,923.07172,256.19617,-462.80292,816.85645,-56.97865,-631.81146,415.45383,186.61818,-555.96429,468.47055,-101.95192,-499.46338,89.9233,298.75592,-568.25226,126.42912,-124.92711
447,4.46,-616.62671,1292.71875,-183.95964,-551.66296,1501.16248,31.65699,-683.25641,1400.29639,-16.37017,-490.00546,1367.42944,-142.92322,-725.29407,1230.94653,162.63646,-351.04126,1214.31384,-43.69926,-598.29358,1139.72266,-33.15522,-488.68207,1307.20703,137.84592,-755.27826,955.86841,269.46188,-235.92314,989.53174,36.07165,-837.23895,738.21704,196.20238,-141.56885,751.41046,-34.189,-686.92725,843.75366,101.23632,-434.84045,922.47498,251.18665,-464.38855,815.25299,-62.17224,-630.54669,412.90088,185.08208,-557.24573,467.06525,-104.44673,-499.64398,89.93077,298.93793,-577.74323,131.27136,-137.50975
448,4.47,-620.81311,1293.04565,-189.40009,-553.31671,1499.84607,27.60987,-684.93048,1399.97229,-19.77142,-493.37558,1366.90002,-148.58507,-727.29205,1230.2019,157.07501,-353.68213,1211.80322,-47.33067,-600.64697,1138.34485,-38.62538,-490.13843,1306.22913,132.36858,-755.88062,955.16437,265.2283,-239.38356,987.79016,33.0436,-836.97925,736.5097,192.41972,-142.15906,750.44342,-31.88619,-689.36206,842.98883,98.07771,-436.58148,921.58722,246.69801,-466.84357,813.63831,-66.78356,-631.79846,412.12073,183.8185,-558.89948,465.07388,-108.08829,-499.62515,89.89384,298.99161,-585.68951,136.81526,-148.84297
449,4.48,-624.47455,1293.04883,-194.33823,-554.96106,1499.19263,23.0103,-687.27356,1399.33179,-24.38293,-497.25421,1365.66248,-155.11697,-729.08289,1229.08789,151.89029,NA,NA,NA,-603.55963,1137.10315,-44.05365,-491.51965,1304.79834,125.85101,-757.40979,954.85992,260.80923,-240.54578,987.99463,29.96715,-837.13574,736.12677,187.25529,-142.79919,749.74738,-30.9422,-692.1106,841.65631,94.97755,-438.4845,920.83545,241.56926,-469.68896,813.17377,-72.19491,-631.91577,410.75983,182.13171,-560.35046,463.9989,-111.1619,-499.78339,90.13399,299.30692,-592.01392,142.27287,-159.43378
450,4.49,-628.52222,1293.27014,-200.05901,-556.21875,1497.92371,17.73611,-690.80554,1398.67542,-29.1937,-500.25613,1365.32825,-160.16266,-731.08514,1228.2644,146.82336,NA,NA,NA,-606.13049,1135.30078,-49.48775,-493.92715,1303.71973,119.45332,-758.25031,953.78418,255.81485,-243.25887,986.86627,26.10137,-837.25323,734.948,183.55487,-143.61955,748.79852,-29.6688,-694.79828,840.91565,90.70861,-440.87302,920.05756,236.45476,-471.64096,810.66101,-77.28544,-633.1062,410.09778,180.99162,-561.10431,461.4339,-114.22442,-499.78445,89.66832,298.95444,-597.46429,146.42433,-168.0938
451,4.5,-631.73328,1292.68054,-205.28682,-557.4975,1495.08936,12.66045,-692.35693,1398.41528,-33.24787,-505.28711,1363.34082,-163.69247,-733.4743,1227.61389,141.29341,NA,NA,NA,-608.79883,1133.6748,-54.89756,-495.69818,1302.53259,112.79714,-759.40857,952.99817,251.38609,-245.80585,985.72791,22.1137,-838.17834,733.64679,179.7415,-144.35358,748.16498,-29.61194,-697.64557,839.78912,86.66213,-442.43393,919.44623,230.77063,-474.82724,808.92303,-81.83772,-633.53461,408.19553,178.86397,-562.76166,460.272,-118.32021,-499.85977,89.66615,298.8837,-602.34113,150.59929,-177.99281
452,4.51,-635.40387,1292.66846,-211.21118,-559.01617,1495.3479,7.74136,-695.37646,1397.7085,-39.30906,-508.38101,1362.59448,-168.87892,-735.62817,1226.59741,135.46472,-363.32791,1205.22058,-72.4874,-611.44543,1131.97961,-60.6201,-497.94003,1301.297,106.32249,-761.06006,952.25372,246.28467,-248.31892,984.91858,18.69316,-838.93762,733.61414,174.89536,-146.98093,747.26361,-29.35337,-700.52234,838.64362,81.69346,-444.39603,918.40826,225.04369,-477.76636,807.11334,-86.55124,-635.40472,407.78503,177.66328,-563.49261,458.03378,-120.72656,-499.9671,89.67284,298.77307,-606.95343,153.97786,-187.28578
453,4.52,-638.89758,1292.87244,-217.24217,-560.21716,1493.97241,2.71013,-696.03546,1396.95544,-43.12348,-509.31265,1362.67322,-178.32811,-737.75031,1225.47632,129.54344,NA,NA,NA,-614.96094,1130.52576,-66.75652,-500.18744,1300.02795,99.5324,-762.70386,951.27881,241.11725,-251.26859,983.64215,12.65149,-839.60065,731.23975,169.66458,-147.89296,746.82684,-31.13853,-703.47974,837.22723,77.03657,-445.91574,917.00562,219.03008,-480.99075,804.70575,-91.83817,-638.4566,408.00867,175.36435,-564.30725,455.72366,-124.84129,-500.06598,89.64967,298.6514,-610.9375,157.11897,-197.26782
454,4.53,-642.32611,1292.32214,-222.49387,-561.72559,1492.52563,-3.51979,-699.31232,1396.46411,-49.65057,-514.14624,1360.41895,-181.77826,-739.79834,1224.51013,123.80263,-368.45172,1200.14063,-83.79003,-617.45612,1128.43298,-72.14539,-503.05569,1298.6676,92.71642,-764.49554,950.40302,235.81082,-253.59534,982.38647,8.28896,-840.7995,730.03534,164.07271,-146.00754,746.40363,-33.10233,-706.21472,836.13867,72.58829,-448.49667,916.16736,212.80211,-484.21957,802.66077,-96.72462,-639.44531,406.92319,173.42055,-565.98022,453.93216,-129.4351,-500.16666,89.69412,298.48145,-615.15375,159.37746,-204.94272
455,4.54,-645.67609,1292.38574,-228.86801,-562.85797,1491.52039,-9.86114,-699.84546,1395.74109,-54.22659,-516.9032,1359.63611,-188.63017,-742.14465,1223.32227,117.20055,NA,NA,NA,-620.76373,1127.02881,-78.41402,-504.547,1296.81445,86.16306,-766.78363,949.54791,230.58354,-256.22382,981.02179,2.67989,-842.18042,728.10364,159.37669,-147.24358,745.81158,-34.72119,-709.13702,834.53864,68.32191,-450.60037,914.46918,206.49442,-487.37381,800.64606,-101.32526,-640.27692,405.24347,170.8293,-567.33221,452.13388,-134.56837,-500.47794,90.00231,298.28851,-619.47119,160.83466,-212.41835
456,4.55,-648.49316,1291.98755,-234.89667,-563.74255,1490.07532,-14.8386,-703.10162,1395.49219,-60.43896,-517.87799,1359.45361,-198.47717,-744.62134,1222.74597,111.0158,NA,NA,NA,-623.92664,1125.48682,-84.97685,-507.33841,1295.54089,78.86208,-768.50842,948.70734,225.0623,-258.97449,979.4729,-4.26935,-844.0921,727.64203,153.77707,-148.19641,745.54175,-37.67398,-712.02704,833.35638,63.56824,-453.81772,913.4765,200.87318,-491.22116,798.86267,-107.48828,-641.90814,403.65891,167.80273,-568.98389,450.67902,-139.28381,-500.31949,89.71913,297.61447,-621.59637,160.82649,-220.72125
457,4.56,-652.0614,1292.15491,-241.31261,-565.17975,1488.34509,-20.6675,-703.35907,1394.88147,-65.2059,-520.47375,1358.67993,-205.25037,-746.7923,1221.63501,104.75718,-377.09021,1194.62646,-105.73405,-627.13623,1123.87097,-91.31734,-509.40518,1294.51807,71.81247,-771.55365,948.95544,217.96814,-261.31604,978.49823,-10.26277,-845.6416,726.7403,147.45316,-149.62381,744.75739,-41.00052,-715.10913,832.02319,57.96445,-456.62466,912.19952,194.15045,-495.45456,797.06757,-112.74572,-643.88892,402.38409,165.18492,-570.75189,448.05276,-144.38597,-500.41855,89.88626,297.33438,-624.6972,158.9425,-225.25008
458,4.57,-655.3772,1291.88501,-247.76643,-566.41199,1487.00781,-27.49261,-705.48047,1394.39954,-72.05375,-522.50391,1357.68994,-211.60596,-749.29077,1220.8866,98.26533,-380.89496,1192.77783,-112.92311,-630.1001,1122.06738,-97.35695,-512.45288,1292.89514,64.49918,-774.25464,947.95532,212.77423,-263.84598,976.96027,-16.98731,-847.96545,725.69147,141.27734,-150.84848,744.62616,-44.86824,-718.27509,830.91132,52.29556,-459.34216,911.0777,187.93391,-498.84445,794.46472,-117.76649,-643.22894,400.6062,161.88423,-572.1806,445.67914,-149.47389,-500.35803,89.92831,296.85019,-626.26233,156.25452,-229.38603
459,4.58,-658.35168,1292.06042,-254.85042,-567.58374,1485.54248,-33.27888,-707.0293,1394.3147,-77.74137,-525.29053,1357.13025,-218.83382,-751.76666,1220.26904,91.26379,NA,NA,NA,-633.19397,1120.2074,-103.95135,-514.93811,1291.11707,57.01741,-776.89948,947.6875,205.77835,-266.51202,975.58209,-23.45269,-850.50494,724.75867,135.67493,-152.15797,744.01355,-49.74077,-721.47296,830.0329,46.13037,-462.29623,909.74463,180.73328,-503.10788,793.01556,-123.5023,-645.52972,399.71082,158.22229,-574.12274,442.95416,-154.86504,-500.57312,90.58578,296.34454,-627.2099,153.87839,-234.73592
460,4.59,-661.36487,1292.26453,-261.85492,-567.70294,1484.03467,-39.37618,-709.7782,1394.03174,-84.62169,-529.60095,1354.94141,-223.15254,-754.48615,1219.46289,85.26458,-386.65332,1188.98938,-129.37408,-635.92059,1118.88831,-110.53977,-516.50031,1289.68286,50.88709,-779.85541,947.68127,199.46672,-269.33353,973.92877,-29.77382,-852.97113,724.54852,128.39435,-153.42114,743.52704,-54.90372,-724.86597,829.04913,39.73806,-465.2565,908.40015,173.77577,-507.41351,791.88464,-130.32785,-647.04163,398.37717,153.95972,-576.53741,440.60858,-160.00726,-500.95749,91.57196,295.86609,-627.45892,149.36732,-237.00841
461,4.6,-664.40375,1292.66284,-268.86441,-568.63287,1483.20117,-46.44749,-709.81244,1394.07275,-90.33117,-531.901,1354.02466,-230.51317,-756.96967,1219.12476,77.07281,-388.71054,1186.66724,-133.41301,-639.2785,1117.64832,-118.35714,-519.00348,1289.07666,42.57681,-782.3631,947.16669,192.96339,-272.43298,972.29498,-37.20614,-855.32867,723.93811,122.61526,-155.15172,742.40204,-60.81122,-728.31793,828.0752,33.57905,-468.55652,907.29218,166.83336,-511.55206,790.19958,-137.03151,-649.83057,397.84891,149.88184,-578.83881,436.86996,-165.63676,-501.0914,92.40348,295.47263,-627.05902,144.78642,-240.23497
462,4.61,-667.05322,1293.62512,-276.2576,-569.08722,1482.05261,-52.79094,-712.94287,1394.1759,-97.9375,-534.18207,1353.17554,-237.86781,-759.37689,1218.94653,69.62236,-391.65604,1185.06287,-140.16756,-642.42719,1116.73328,-126.10264,-521.91925,1287.51257,34.87777,-784.03882,947.13928,187.06615,-274.39856,970.99188,-43.89104,-858.0249,723.39349,115.92908,-159.21558,740.44293,-67.98997,-732.09119,826.98529,26.71754,-471.6142,905.98535,159.01126,-514.87988,788.68787,-143.48901,-651.37323,396.47485,144.69504,-581.26636,433.59927,-170.11189,-501.31046,93.13449,294.84723,-625.58032,139.43077,-241.1667
463,4.62,-670.06604,1294.47864,-283.78259,-569.47546,1480.86182,-59.5086,-712.76776,1394.10327,-103.50603,-536.53619,1353.28552,-245.42393,-762.0365,1218.21118,62.02131,NA,NA,NA,-645.50671,1115.77319,-133.86559,-523.80194,1285.63232,26.55342,-788.15094,947.34308,179.5087,-276.64734,969.83459,-51.51611,-861.71466,725.32379,108.85439,-159.00447,740.7099,-75.3681,-735.72949,826.39551,18.83005,-475.45468,904.57178,151.41425,-519.12823,787.83368,-151.13004,-653.26788,395.07837,139.03282,-584.36621,431.77203,-177.07678,-501.86859,94.10407,293.89536,-623.6037,134.09752,-241.63304
464,4.63,-673.19458,1295.38757,-290.79633,-569.39722,1480.19531,-67.49329,-715.51239,1395.0802,-111.13802,-538.92017,1352.93652,-253.22018,-765.02173,1218.64136,53.80142,NA,NA,NA,-648.56708,1114.83313,-141.78951,-525.72644,1285.29456,19.37192,-791.24561,948.09412,172.9297,-280.29938,968.4873,-59.19293,-864.74591,723.89056,102.23872,-162.91777,738.599,-82.5417,-739.52344,825.74561,11.37954,-478.85156,903.02136,143.47432,-523.06122,786.58429,-158.77113,-656.61365,394.59601,134.40858,-586.79816,428.87274,-183.26175,-503.52979,96.64861,293.12079,-622.03156,131.35255,-245.61343
465,4.64,-676.83154,1297.27173,-298.33417,-569.95905,1479.31152,-74.31035,-716.82471,1395.62952,-117.58096,-539.35577,1354.15002,-265.26892,-767.14581,1218.38733,46.11849,-398.98029,1179.62195,-163.77673,-651.24182,1114.4104,-150.15065,-528.10358,1283.86072,11.17461,-793.72369,947.97559,165.73,-283.07257,967.07385,-66.55738,-867.9834,724.11359,94.79324,-163.97701,737.9483,-90.24559,-743.41028,825.15625,3.88439,-484.12491,902.69238,135.78799,-527.05463,785.99585,-166.64584,-659.97083,394.48676,129.07497,-588.83344,426.30319,-188.17317,-504.7709,98.20242,291.95084,-623.39484,129.90111,-249.02986
466,4.65,-680.11096,1299.32007,-306.36359,-569.92389,1478.77051,-81.65643,-716.60181,1397.3136,-123.80577,-542.29968,1354.4845,-273.50101,-770.02399,1219.18958,37.0416,-402.414,1181.2301,-177.97929,-654.54755,1113.88306,-158.65761,-530.92468,1283.95642,2.46211,-796.69934,949.04626,158.54288,-285.35129,965.65771,-75.12797,-871.92987,724.86761,88.55858,-166.23924,736.70868,-100.16473,-747.34491,825.04321,-4.53112,-487.84213,901.84143,127.74776,-531.2915,784.95703,-174.74091,-664.45581,393.67264,120.90907,-590.29773,424.73984,-193.6167,-506.06546,100.62018,290.83841,-625.03412,129.87971,-255.38081
467,4.66,-684.17633,1301.52466,-314.64853,-568.98944,1478.43591,-91.0062,-719.13837,1398.14771,-131.54079,-546.89752,1353.91772,-279.15863,-772.46814,1219.55249,28.31322,-405.09308,1178.65833,-181.65657,-657.72137,1113.82275,-167.30643,-532.99463,1283.13135,-7.48862,-800.22675,950.15448,150.94621,-288.46344,964.60358,-82.99832,-875.73688,726.0827,80.87762,-169.33954,735.14984,-108.80749,-751.30829,824.93365,-12.91125,-491.12286,900.92529,118.84117,-534.98547,784.34369,-183.03825,-668.02069,392.76196,115.63757,-590.62073,422.69751,-198.87621,-508.64038,103.58791,289.20346,-628.0556,128.35895,-259.78635
468,4.67,-687.62439,1303.88477,-322.26126,-568.51172,1477.62451,-97.65285,-718.24982,1399.40967,-138.2272,-549.83167,1354.79028,-288.54205,-774.95868,1220.31323,19.39334,NA,NA,NA,-660.57361,1113.599,-176.55504,-535.2547,1283.45264,-15.35467,-803.24353,951.96912,143.52962,-291.74911,963.28522,-91.17733,-879.67499,727.72675,73.31453,-173.47723,733.64758,-119.09329,-755.22162,825.45477,-21.68713,-496.43488,901.20044,110.78168,-538.95477,784.87488,-191.01344,-675.07318,394.69818,107.23145,-591.5022,421.35971,-204.61815,-510.69754,106.02303,287.15134,-631.72601,125.69081,-262.92859
469,4.68,-691.68628,1306.59338,-330.91568,-567.87555,1476.92749,-106.57755,-720.72748,1401.86401,-146.95439,-550.83466,1356.10291,-300.89224,-777.65527,1221.71765,9.60074,NA,NA,NA,-663.34442,1114.42261,-185.35197,-537.21466,1283.39539,-25.60755,-806.26764,953.51349,134.98793,-294.65875,962.40912,-100.08874,-884.27319,729.37744,65.70555,-178.50685,731.93384,-129.14632,-759.29852,825.90515,-31.23347,-500.1445,900.7088,102.15456,-541.85413,784.7417,-200.12828,-678.91016,395.35388,99.57755,-592.62769,420.73413,-209.6304,-513.22076,109.36957,284.51434,-634.56921,123.93356,-267.08218
470,4.69,-695.70459,1309.55627,-339.27591,-568.00818,1477.71997,-115.51262,-719.87097,1403.64966,-153.52426,-555.3468,1355.16711,-306.33115,-780.37036,1223.02795,0.43647,NA,NA,NA,-666.18982,1114.69128,-194.58501,-541.12073,1283.4635,-33.36471,-809.91394,955.48883,125.87766,-297.39471,962.13348,-109.98468,-888.14893,731.20093,58.91904,-180.7506,730.97791,-139.55724,-763.24902,827.14313,-40.68182,-504.85315,901.72498,94.48926,-545.10785,785.1828,-209.01396,-683.24786,394.87253,91.88955,-594.11188,420.4212,-213.79327,-516.13715,112.63456,281.14459,-637.1366,122.01524,-269.9791
471,4.7,-698.89685,1312.25012,-347.55679,-567.36102,1477.24768,-124.03448,-720.54401,1405.50037,-161.10187,-558.29608,1356.86035,-317.15979,-783.16711,1224.49683,-8.83694,NA,NA,NA,-668.91895,1115.48914,-203.87943,-544.17944,1284.08093,-43.35544,-813.1319,958.27032,116.84313,-300.44376,961.19659,-118.36773,-893.28979,733.56055,52.08905,-186.84497,728.52142,-149.81221,-665.62488,747.18805,15.48631,-509.43015,902.05719,84.99216,-548.47443,785.85046,-217.83722,-688.46722,394.80576,84.90567,-596.76746,421.21286,-219.76886,-520.1358,116.92271,277.91147,-639.34357,120.87054,-273.44119
472,4.71,-702.53644,1315.27197,-356.67725,-567.40631,1478.60864,-132.93741,-724.172,1409.1637,-170.11,-560.8963,1357.3783,-326.22906,-786.27417,1226.51379,-19.14707,-418.85159,1175.71472,-228.50795,-671.91254,1116.80298,-213.78484,-546.06366,1285.67944,-52.65853,-817.35272,960.63867,108.10161,-304.69547,961.08539,-128.34686,-897.8028,735.97375,43.58462,-189.95639,727.97913,-161.85666,-670.01245,748.9541,4.80372,-513.69635,903.51733,76.599,-552.12823,787.71344,-227.78766,-694.68909,395.84842,75.13154,-599.96423,422.79349,-226.04466,-523.49792,121.6442,273.33371,-641.36426,118.96988,-275.96497
473,4.72,-706.07227,1318.59229,-365.47693,-567.88702,1478.62366,-141.55608,-725.42175,1411.69263,-178.55882,-563.68073,1359.35437,-335.42703,-789.41205,1229.04395,-29.36619,-421.4108,1176.57117,-238.82045,-674.43341,1117.87976,-222.87799,-547.88544,1286.29333,-63.16422,-820.77795,963.40643,99.89651,-308.28659,960.84167,-137.96788,-902.92706,738.97992,36.50933,-194.85608,726.71814,-173.69052,-672.83832,750.1167,-4.87906,-517.72467,905.06543,68.02716,-554.87115,788.03418,-236.74799,-701.76715,397.1387,65.47304,-602.72876,423.70322,-232.11157,-526.84888,126.25235,267.61877,-642.51965,117.76025,-278.81635
474,4.73,-708.88171,1320.99231,-374.17096,-567.87146,1479.86426,-150.03603,-726.48077,1414.36743,-186.43658,-566.06555,1360.14612,-344.29263,-792.18494,1231.21057,-39.53309,-423.77521,1177.11035,-245.50455,-676.99457,1119.67065,-232.71883,-550.64899,1287.61462,-72.62195,-824.98157,966.10175,89.54378,-311.67935,961.06171,-148.70964,-908.00604,741.74237,28.74327,-200.92595,725.73767,-185.34914,-676.47815,751.39758,-15.02038,-522.03107,906.80817,60.23163,-557.42255,789.32257,-246.42317,-708.84467,399.22125,54.95138,-606.27881,425.04691,-238.90919,-533.81909,131.31404,261.29108,-643.73511,116.30058,-282.11832
475,4.74,-711.44128,1323.52783,-382.29483,-568.27679,1480.40259,-159.34717,-728.07086,1417.17627,-195.23872,-568.41577,1361.65723,-353.56381,-795.05823,1233.20911,-49.70787,NA,NA,NA,-679.46136,1120.85754,-241.20523,-553.49713,1289.01587,-80.74305,-828.74921,968.43433,80.596,-315.77777,960.85321,-158.81279,-913.66833,746.15741,21.25909,-208.09866,724.48901,-197.72829,-679.21014,753.12061,-25.2043,-525.83685,908.5061,51.41523,-559.89215,790.32874,-254.57306,-716.69312,400.79492,44.72741,-610.1861,426.3428,-245.76671,-541.79224,136.30455,254.64293,-644.76105,114.54587,-283.59625
476,4.75,-714.30176,1326.18469,-390.83289,-569.11194,1481.12207,-168.51035,-729.17993,1419.31335,-203.2995,-568.98114,1363.78772,-364.44598,-797.69214,1235.58154,-59.42851,-430.11377,1180.11658,-267.14059,-681.93579,1122.90234,-251.11942,-555.69202,1291.06067,-89.08862,-833.64789,971.48456,70.90125,-319.81693,961.00323,-169.61308,-919.30127,748.34875,12.7236,-212.47563,724.18182,-210.75281,-682.38849,754.31073,-34.98056,-530.09845,909.59082,42.96861,-562.65979,792.02466,-264.18268,-724.71692,402.9104,32.99051,-613.18726,427.69717,-252.39082,-549.32965,140.64157,248.26199,-645.65637,112.69604,-285.00153
477,4.76,-716.38568,1328.72644,-399.74063,-570.02435,1482.00671,-176.44725,-730.79584,1421.42493,-211.84119,-572.51971,1363.21521,-369.83826,-800.67865,1237.69275,-69.20399,NA,NA,NA,-684.77917,1124.53064,-260.68204,-558.13507,1292.24438,-98.68781,-837.92365,973.79822,62.17381,-323.47882,961.57001,-179.97037,-925.263,751.8374,3.8401,-218.82957,723.81335,-223.89674,-685.22729,756.13824,-44.49862,-531.89783,911.48175,33.73425,-565.31152,793.27588,-273.37881,-733.18396,404.8197,21.88692,-615.79346,427.70517,-258.30978,-557.22784,144.59358,242.13287,-646.19531,110.52013,-285.22437
478,4.77,-718.6604,1330.85852,-408.05072,-570.96094,1482.54553,-183.32661,-732.39569,1423.78284,-220.87581,-574.38281,1364.40369,-378.12643,-803.41571,1239.5354,-78.60011,NA,NA,NA,-687.51953,1126.44299,-268.87808,-560.61298,1293.70508,-108.07362,-842.52777,976.45056,52.7383,-327.41669,961.56464,-191.48894,-931.05151,754.68579,-4.29987,-227.31975,722.40625,-237.58931,-688.51361,757.9295,-54.67118,-535.73999,912.90747,24.39637,-568.02148,795.60046,-282.68204,-741.36206,406.54739,10.74775,-617.65564,427.71072,-263.21609,-565.35449,148.87469,235.2616,-646.33728,109.40812,-286.79596
479,4.78,-720.85852,1333.27246,-416.18756,-572.2793,1483.42859,-192.04353,-732.31079,1425.2113,-228.24783,-576.12305,1365.00916,-386.31903,-806.07745,1240.95764,-86.93607,NA,NA,NA,-689.7547,1127.82629,-277.37573,-563.08417,1294.99036,-114.9976,-846.36987,978.26532,44.04262,-330.81854,962.02716,-202.51076,-937.57733,757.93652,-13.69695,-231.86407,722.27478,-251.37309,-691.20966,758.74231,-64.35653,-539.71393,915.11469,16.56226,-570.84906,796.88562,-290.9697,-749.98175,408.66049,-1.13332,-619.44366,428.51477,-268.66556,-573.06677,153.06772,228.24225,-646.44196,107.89529,-287.30124
480,4.79,-722.70569,1334.50195,-424.33002,-574.18481,1484.61829,-199.17105,-735.73938,1427.75037,-236.72662,-577.84106,1366.34619,-393.86197,-808.91882,1243.04932,-95.89666,-442.70062,1185.50244,-303.08392,-691.75977,1129.4408,-285.52603,-565.68988,1295.68494,-122.29514,-852.32288,980.46613,34.06452,-335.09601,962.29358,-214.08255,-944.2381,761.58478,-23.39492,-238.9321,722.02881,-265.47412,-693.09564,760.86139,-73.49638,-541.67645,915.98181,8.48026,-573.24786,797.78967,-299.62277,-758.56244,410.68488,-13.5888,-621.14105,428.59613,-273.90997,-582.14856,158.10493,220.1667,-646.49628,106.9314,-288.28571
481,4.8,-723.82886,1335.0238,-431.81665,-575.87518,1485.7334,-207.61314,-735.82239,1428.68616,-243.88397,-579.21942,1366.30457,-401.53622,-811.98206,1244.29175,-104.00662,NA,NA,NA,-694.63257,1130.86182,-293.14038,-567.8067,1297.22351,-129.70665,-857.37408,981.09357,25.78559,-338.59314,962.67212,-224.26628,-951.01227,764.26294,-32.17905,-247.01144,721.56525,-281.39038,-696.05963,762.18622,-83.5275,-544.21362,917.49921,-0.79811,-575.86053,800.35535,-308.54883,-769.22247,412.2421,-26.19964,-622.31293,429.07687,-278.05457,-590.49243,162.82819,210.61906,-646.97028,105.42912,-288.75427
482,4.81,-725.04761,1336.40112,-439.31924,-578.03418,1487.03125,-214.69099,-738.63916,1430.87708,-252.15327,-580.72321,1367.06885,-407.98758,-814.34863,1245.0603,-110.78687,-449.92984,1187.3042,-319.00906,-696.66504,1132.33533,-300.20319,-570.31512,1297.73083,-135.96173,-861.78613,982.46838,16.91827,-341.8754,962.81647,-235.88963,-957.74005,767.36584,-41.38367,-254.69696,720.39081,-296.77173,-699.23346,763.8158,-93.16657,-546.00171,918.55261,-9.50017,-577.69489,800.85254,-315.80194,-781.96448,413.7381,-40.46846,-623.09131,429.44196,-282.84189,-600.58234,168.58118,200.92957,-646.96747,104.55505,-289.95532
483,4.82,-726.11322,1336.90454,-447.20282,-580.50775,1489.09375,-222.44202,-741.9433,1433.07776,-261.80408,-580.17517,1367.68811,-418.02005,-817.10602,1246.37366,-118.07518,-452.45197,1190.08423,-323.18173,-698.71106,1133.50732,-306.81879,-572.40967,1299.13672,-143.10902,-867.43365,983.24591,7.50582,-345.43622,963.0813,-247.35408,-964.53522,769.9812,-50.9434,-259.31012,720.8291,-313.05838,-701.12799,764.22522,-101.90173,-548.21765,918.55731,-16.86776,-580.61005,802.98694,-324.00134,-794.62079,415.64041,-55.2294,-623.85883,430.1713,-288.21384,-610.7652,173.8372,190.15114,-647.4021,102.85944,-289.78183
484,4.83,-727.49707,1338.17175,-454.86615,-583.02075,1490.22705,-228.56859,-744.37115,1434.28235,-269.2085,-583.17108,1367.55066,-421.03043,-819.36194,1247.14404,-124.98842,NA,NA,NA,-701.39325,1135.35669,-314.16766,-575.09045,1300.11511,-149.83636,-871.40631,982.97791,-0.14577,-348.4545,963.0379,-257.82687,-972.46362,771.93658,-62.10755,-266.11945,721.04584,-328.3591,-703.70923,765.32007,-109.93588,-550.03772,919.07141,-23.89335,-582.33588,803.05103,-330.44107,-807.03558,417.51334,-70.42088,-624.49567,430.34161,-291.54147,-621.03162,179.31659,179.00009,-647.42334,102.20725,-290.06329
485,4.84,-728.06897,1337.52393,-461.78854,-586.02319,1491.35303,-234.75912,-746.52948,1435.98682,-277.42517,-582.63464,1368.5741,-430.3905,-821.43573,1248.09729,-131.41113,NA,NA,NA,-703.90961,1137.00012,-321.14764,-577.88007,1300.62683,-155.33556,-877.33856,984.24066,-9.15762,-351.72574,963.41327,-269.60547,-979.81134,774.28375,-71.86378,-272.54959,721.18591,-344.59421,-705.97498,766.30981,-118.39738,-552.57025,918.84851,-32.62078,-584.83881,804.22198,-338.00494,-818.27045,419.51663,-88.08215,-624.89551,430.05209,-295.63257,-632.61499,185.55205,167.2045,-647.82745,101.65487,-291.75839
486,4.85,-729.2171,1338.75977,-469.81354,-588.9126,1492.71082,-241.30949,-746.30865,1436.15503,-283.72446,-583.63843,1369.729,-436.5141,-823.9472,1248.41309,-137.19067,NA,NA,NA,-706.11932,1138.4054,-326.97971,-581.03973,1301.40344,-162.66573,-881.33911,983.41711,-17.28805,-354.62463,963.98004,-280.57959,-987.1416,776.5329,-82.16608,-279.29294,722.03101,-362.73926,-708.89508,767.85791,-127.40594,-555.26355,918.55249,-39.3816,-586.50702,805.87402,-345.04788,-828.80627,420.81143,-105.55431,-624.87207,430.34363,-300.04077,-643.3349,190.98778,154.66779,-647.64771,101.1099,-291.7113
487,4.86,-729.72974,1337.80884,-475.47571,-591.62427,1494.53271,-249.15186,-751.87744,1438.31262,-292.56192,-584.66406,1369.66089,-441.7955,-826.60889,1248.36707,-142.43382,NA,NA,NA,-708.68201,1139.74304,-333.70932,-582.66595,1301.91785,-166.64664,-886.57819,983.59143,-25.09204,-357.49994,964.48273,-291.84201,-994.4433,778.79785,-92.4894,-285.76678,722.9516,-378.72159,-710.98584,768.07703,-135.71851,-556.87494,918.30298,-46.66039,-588.04517,806.22095,-351.93985,-838.45789,421.92462,-123.94673,-623.77875,430.16397,-303.45071,-654.27454,196.6825,141.88904,-647.43585,100.71487,-292.3696
488,4.87,-730.69171,1339.09827,-482.89163,-595.13953,1495.99341,-255.64165,-754.31403,1438.72656,-299.43237,-586.1889,1369.89209,-447.91449,-829.07281,1249.58398,-149.07141,-464.89603,1200.24927,-359.47458,-710.80841,1141.1676,-339.81668,-584.72748,1303.36865,-173.12468,-891.0307,983.05719,-33.82826,-360.30832,964.91321,-303.50357,-1001.44214,780.83105,-102.63464,-294.4585,723.82507,-395.63113,-712.12109,767.88275,-143.16403,-559.00934,918.02795,-53.68063,-589.71356,807.81934,-359.6196,-847.54938,422.8609,-141.97899,-622.52771,429.92715,-309.54956,-664.91791,201.31152,128.89981,-647.36163,100.01405,-292.82846
489,4.88,-731.19171,1338.59216,-488.66092,-598.1886,1497.81201,-260.62384,-754.91803,1439.02209,-305.81769,-586.40045,1372.4176,-453.88495,-831.07507,1249.35803,-154.36732,-467.02606,1202.88416,-368.24368,-712.6264,1142.11621,-346.14709,-588.06195,1303.854,-178.33723,-896.48083,982.98669,-42.45359,-363.35983,965.49323,-314.84827,-1008.36847,783.19495,-113.26476,-299.87384,725.31665,-413.46606,-713.66376,768.52557,-150.43771,-561.62726,917.87933,-60.23879,-590.94971,808.48737,-366.00116,-854.89459,425.63342,-159.32892,-620.96252,428.89716,-312.85779,-676.33954,206.01312,113.61282,-647.21173,99.7422,-294.09055
490,4.89,-732.2038,1339.51624,-495.69968,-600.8233,1498.76794,-266.7327,-756.87085,1439.28113,-312.38425,-588.16919,1373.25623,-459.88718,-833.47339,1249.59827,-160.4381,NA,NA,NA,-715.1521,1143.65967,-352.6702,-588.98486,1304.68408,-183.36301,-900.96887,982.93896,-51.04255,-366.30859,966.13794,-326.79956,-1014.54901,785.79968,-122.90203,-306.36746,727.09296,-430.14774,-824.00769,852.09454,-221.27089,-564.59668,917.30389,-66.46009,-592.51147,810.302,-373.1489,-864.11517,429.50659,-174.65089,-618.95831,428.75006,-317.75168,-688.27203,208.07092,99.79651,-647.16925,98.88623,-294.75555
491,4.9,-733.0791,1339.83472,-501.90894,-604.12872,1500.29871,-272.45596,-758.08911,1439.45325,-317.96869,-591.36255,1373.15857,-460.63449,-835.68231,1250.0769,-167.13913,NA,NA,NA,-716.71875,1144.6521,-358.76273,-591.8407,1305.59961,-190.33588,-904.72272,982.33466,-59.60582,-368.61743,966.83661,-337.34366,-1022.01563,788.48175,-133.72501,-313.90646,729.34741,-446.38086,-826.75085,852.81708,-229.99037,-568.00403,917.8559,-72.47563,-593.63861,811.27551,-379.56949,-872.22528,434.20734,-190.21262,-616.67908,427.26538,-322.20248,-701.37903,210.07039,84.14538,-647.24908,97.51971,-295.18173
492,4.91,-733.70959,1339.86841,-508.30582,-607.02039,1501.62939,-277.48813,-760.97815,1440.59851,-325.01678,-590.95703,1375.58923,-470.6438,-838.3277,1250.09937,-173.33318,NA,NA,NA,-718.80505,1146.16309,-365.86313,-594.67352,1305.54663,-195.36874,-908.9585,982.96442,-67.53032,-371.55173,968.02356,-348.70776,-1028.21765,789.53455,-144.42529,-320.75998,731.74866,-463.66888,-829.39948,852.86432,-238.362,-571.03693,917.32269,-78.86618,-594.76416,812.63354,-386.84592,-880.06519,438.24332,-205.93594,-614.4472,426.35596,-327.90839,-715.37952,208.98778,67.75202,-647.41034,96.27335,-295.83899
493,4.92,-734.54077,1340.26367,-513.66638,-609.96075,1502.44336,-283.50769,-765.612,1440.73547,-332.57523,-592.38,1375.76208,-476.27136,-840.57605,1250.04895,-178.74663,NA,NA,NA,-720.12994,1146.56628,-371.6394,-598.20996,1305.3042,-199.52353,-911.87158,982.14978,-75.60778,-374.16293,968.57147,-359.09171,-1034.06653,791.72015,-154.99524,-327.90573,734.11218,-479.95618,-831.29834,853.39801,-246.64659,-574.19049,917.4693,-84.74775,-595.46692,813.18079,-393.58228,-887.33032,442.03818,-221.75082,-612.45758,424.16486,-331.84317,-728.64551,208.35187,49.54393,-647.47162,95.03454,-296.04379
494,4.93,-736.17334,1341.71521,-520.85046,-612.55829,1503.3363,-289.7431,-766.95453,1440.95337,-337.45074,-595.51971,1376.84863,-477.01447,-843.40558,1250.42664,-185.91173,NA,NA,NA,-721.48206,1148.0603,-378.44934,-600.23566,1306.30457,-204.11569,-915.6095,981.68213,-84.82579,-376.91486,970.06927,-369.86392,-1039.91248,793.67139,-164.56781,-335.54593,736.28619,-495.81241,-833.91107,853.93616,-255.03082,-578.25208,917.75623,-91.2834,-596.62317,814.59113,-400.13782,-894.31915,446.4809,-237.51123,-610.17651,422.49905,-337.16498,-742.58331,205.81606,32.29574,-647.5141,94.34854,-297.03122
495,4.94,-737.42126,1342.65393,-526.91901,-615.31799,1503.94971,-294.59283,-770.96075,1441.67834,-345.0806,-597.06903,1378.70837,-483.79779,-845.6322,1250.58472,-192.82332,NA,NA,NA,-722.97028,1148.86853,-384.88,-602.125,1305.96313,-209.78595,-919.00916,982.18347,-93.07287,-379.42703,971.01483,-380.85767,-1045.52014,795.62921,-174.76144,-341.93811,739.08514,-511.61401,-836.28851,854.06708,-263.91473,-581.75415,917.83398,-98.41621,-597.48157,815.26093,-405.87378,-901.19116,450.66345,-253.3887,-607.78656,419.84497,-340.57278,-757.39429,203.16942,13.02342,-647.9472,92.38363,-296.51407
496,4.95,-738.65454,1343.76208,-533.31006,-617.9444,1504.30762,-299.05695,-773.02771,1442.19922,-351.0954,-598.77173,1380.00806,-488.74744,-848.16614,1250.37573,-199.30449,NA,NA,NA,-724.51221,1149.93896,-391.81564,-604.62085,1306.40161,-216.13338,-921.8562,981.45642,-101.15134,-382.13373,972.1557,-390.9166,-1050.58093,796.95245,-184.6627,-349.47501,742.1001,-526.69196,-838.48279,854.5163,-273.37854,-585.10962,917.39221,-105.50882,-599.10138,816.66919,-412.90045,-907.98999,455.13568,-269.6235,-607.1106,417.32648,-345.98813,-771.89893,199.97574,-6.75903,-648.20941,91.67137,-297.39493
497,4.96,-740.09741,1344.7345,-539.39874,-620.62781,1505.6228,-304.35773,-772.5968,1441.60608,-355.44885,-594.18829,1381.46704,-498.75662,-850.27417,1250.97351,-206.90677,NA,NA,NA,-725.60059,1150.81396,-398.74295,-608.2467,1306.82898,-224.28448,-924.56488,981.33398,-109.46324,-384.8974,972.88629,-400.21582,-1055.96082,798.41864,-193.35753,-356.91486,744.39929,-541.93292,-841.26086,855.50403,-282.66922,-589.32922,917.43604,-111.89446,-600.07013,817.98193,-420.36328,-913.57452,459.84546,-285.92923,-605.35956,414.92429,-349.56531,-787.67731,195.8084,-27.50543,NA,NA,NA
498,4.97,-741.36572,1345.91089,-545.80371,-622.88629,1505.39221,-310.06546,-777.32428,1442.49512,-362.60242,NA,NA,NA,-852.80145,1250.76758,-213.86232,NA,NA,NA,-726.79865,1151.23987,-405.32269,-610.44983,1306.96558,-228.62337,-927.83136,980.93427,-117.66077,-387.19662,973.48773,-410.12051,-1060.33081,799.97723,-203.77075,-364.31552,747.51556,-555.87573,-843.21808,855.29718,-291.43314,-592.64081,916.52057,-118.31606,-600.56812,819.03162,-426.29926,-918.84113,464.26874,-301.83286,-604.52234,412.98782,-354.76944,-802.33325,190.66016,-47.23816,-648.22974,90.64728,-298.27875
499,4.98,-742.84033,1346.84705,-551.80896,-625.40887,1505.698,-315.68915,-777.16211,1442.71277,-367.37814,NA,NA,NA,-855.09973,1250.24731,-220.66255,NA,NA,NA,-727.95837,1151.95605,-412.75922,-612.51764,1306.48523,-232.90004,-930.87854,981.15424,-126.13406,-389.94485,974.76971,-419.59634,-1064.95667,801.32434,-212.22801,-371.27094,749.91748,-570.75873,-845.60968,855.70404,-301.09372,-596.33368,916.45386,-124.33807,-601.12988,819.90674,-432.87537,-923.44373,468.45303,-316.48489,-603.44708,410.97922,-357.80893,-819.17621,185.43423,-69.33964,-648.47388,90.09805,-299.20651
500,4.99,-744.32483,1347.83911,-558.20758,-628.09216,1505.76123,-319.97345,-778.28552,1442.06885,-372.58286,NA,NA,NA,-857.55005,1250.33557,-228.44435,NA,NA,NA,-729.52344,1152.37134,-419.61368,-615.16302,1306.74011,-238.99626,-933.93927,980.81488,-134.26775,-392.67377,975.08179,-428.88367,-1069.09326,801.8009,-220.58679,-378.54288,752.99133,-583.85852,-847.8443,856.3504,-310.20685,-600.30756,915.97552,-131.92241,-601.59161,820.64142,-439.59918,-927.79279,472.02008,-331.70874,-602.61603,410.12442,-361.74304,-833.83606,179.44168,-92.16586,-648.79388,89.44009,-299.38626
501,5,-745.7077,1348.76013,-564.42737,-630.70856,1506.42383,-326.19812,-783.78558,1443.0564,-380.5184,NA,NA,NA,-860.11108,1249.70154,-235.98068,NA,NA,NA,-731.11896,1152.73303,-426.86591,-616.71991,1307.19763,-244.69223,-936.71863,979.44611,-143.00464,-395.0033,975.33356,-438.17743,-1072.56018,802.40997,-230.07547,-385.59238,754.69025,-596.41345,-849.77795,855.91711,-318.80872,-604.04279,915.80035,-138.35768,-601.83929,821.25159,-446.47073,-931.44427,475.43973,-345.83231,-602.29016,408.86993,-365.47357,-848.10376,174.04692,-115.19791,NA,NA,NA
502,5.01,-747.24146,1349.51501,-570.57355,-632.50244,1506.14111,-330.3002,-784.3562,1442.56995,-385.23654,NA,NA,NA,-862.63733,1248.88318,-243.45157,NA,NA,NA,-732.60669,1152.70752,-434.25983,-619.08008,1306.93665,-251.33835,-938.26544,978.87323,-151.28763,-397.81213,975.96802,-446.38797,-1075.70947,802.93964,-238.54753,-393.00769,757.44061,-609.64801,-851.92584,855.85736,-328.63715,-607.60864,915.15918,-143.51479,-601.91791,821.88196,-453.19662,-935.02374,478.37061,-360.1637,-602.45764,407.34753,-367.07352,-861.80731,167.83719,-138.31793,NA,NA,NA
503,5.02,-748.63232,1350.53967,-577.02588,-634.61597,1505.61646,-336.06802,-788.1557,1443.31152,-392.5752,NA,NA,NA,-865.32855,1248.13708,-251.01952,-491.43988,1221.99231,-453.19974,-733.76147,1152.37976,-441.00296,-621.48541,1307.37158,-257.54385,-941.9303,977.94604,-160.14896,-400.18726,976.30634,-455.24124,-1079.16626,802.70099,-247.36702,-400.05502,758.89508,-620.25409,-853.61292,855.5882,-338.0538,-611.51703,914.70966,-150.52831,-602.10626,821.94696,-459.89694,-937.81268,481.46588,-374.75485,-602.63727,406.3577,-369.03259,-875.55115,161.57887,-164.45932,NA,NA,NA
504,5.03,-750.13879,1351.26807,-583.80481,-638.43036,1503.91809,-342.04517,-788.57385,1442.92761,-397.94513,NA,NA,NA,-868.03589,1247.6731,-259.24844,NA,NA,NA,-735.70142,1152.6543,-448.82745,-623.58508,1307.01672,-262.82941,-943.77631,976.5274,-167.6022,-402.85175,975.9942,-463.38162,-1081.85559,801.79077,-255.23521,-406.7803,761.43188,-633.34283,-855.85352,855.35767,-347.64841,-616.44971,914.61957,-156.89209,-602.22882,821.92676,-466.24222,-940.38239,483.71103,-389.35324,-602.22052,404.96826,-373.44296,-888.93774,155.84677,-188.84023,NA,NA,NA
505,5.04,-751.66888,1351.72192,-590.65839,-639.2829,1505.42957,-347.30286,-792.46039,1442.94299,-405.33362,NA,NA,NA,-870.8244,1246.63831,-266.93573,NA,NA,NA,-736.71906,1152.19873,-455.76083,-626.11249,1307.28833,-269.23026,-946.38025,975.66565,-176.81889,-405.8819,976.32898,-472.28238,-1084.74158,801.3067,-263.90579,-413.74796,762.99829,-643.26965,-857.54449,853.92145,-356.29016,-620.99799,914.63,-163.12659,-602.35278,822.51404,-473.41464,-941.9198,485.40997,-402.65283,-602.06342,404.28806,-377.8009,-901.57831,150.46445,-213.59921,NA,NA,NA
506,5.05,-753.02454,1352.40979,-597.36487,-643.07544,1501.26196,-354.80774,-792.17084,1441.56482,-410.44781,NA,NA,NA,-874.02338,1245.68799,-274.92044,NA,NA,NA,-738.6156,1151.75537,-463.32123,-628.18481,1307.3158,-275.34888,-948.58527,974.73187,-184.39919,-407.97412,975.96326,-479.62787,-1087.09863,800.0163,-270.88156,-419.5004,764.23535,-653.96271,-859.82452,853.13812,-365.91833,-626.38226,913.42517,-169.02449,-602.8255,821.94214,-479.59625,-943.26105,487.15891,-416.6167,-601.13898,404.05969,-384.6152,-912.91956,141.7457,-244.97806,-650.58136,85.89847,-300.58649
507,5.06,-754.48639,1352.86768,-604.15076,-645.4043,1500.83435,-359.6152,-794.92761,1442.18372,-418.07825,-616.65833,1387.70642,-552.66785,-876.96362,1244.75903,-282.56534,NA,NA,NA,-740.7077,1151.64685,-471.73325,-634.00861,1303.74255,-283.3717,-951.13385,972.62585,-192.89249,-411.13327,975.77637,-487.26755,-1088.96729,798.53693,-279.33722,-426.24377,764.90381,-662.86786,-861.21588,851.74811,-375.38147,-631.18671,913.04749,-174.91281,-603.39093,821.5929,-485.84866,-943.64539,488.66705,-430.42764,-600.98108,402.77414,-388.34488,-925.60846,139.34171,-264.43954,-650.63348,86.26122,-302.16479
508,5.07,-755.90955,1353.09351,-611.54346,-648.69653,1500.40808,-366.60617,-799.23206,1442.23291,-426.07785,-618.3338,1388.12915,-558.70575,-879.99738,1243.46838,-291.45093,NA,NA,NA,-742.72662,1150.92957,-479.25858,-637.22815,1303.72705,-290.35788,-953.25562,971.26392,-201.34566,-413.60999,974.65723,-494.17645,-1090.81201,796.63245,-286.92218,-432.13782,765.93719,-673.22955,-863.61646,850.72858,-384.76205,-636.33014,913.1546,-181.45398,-603.87207,821.47168,-492.07608,-943.60974,488.40479,-443.39951,-602.39172,400.83554,-390.52557,-936.58032,134.27957,-290.7204,NA,NA,NA
509,5.08,-757.22717,1353.47241,-618.66254,-650.36981,1500.93835,-371.35849,-799.38257,1440.85571,-431.60837,-618.33832,1389.10608,-566.18842,-882.88251,1242.70105,-299.27805,NA,NA,NA,-743.8631,1149.73584,-486.43488,-639.7951,1302.30347,-297.06189,-955.745,970.54333,-209.69641,-416.37531,974.26819,-501.65704,-1092.7334,794.98352,-294.7229,-437.66257,766.40643,-680.68549,-865.60284,849.33002,-394.2894,-642.33649,911.04346,-188.05991,-604.80957,820.6095,-497.48816,-942.9809,488.85895,-456.33395,-602.86908,400.73087,-392.62378,-947.61407,127.85381,-322.72681,NA,NA,NA
510,5.09,-758.60278,1353.83899,-626.46539,-652.97491,1500.66626,-377.71957,-801.36139,1440.48145,-438.9061,-620.75409,1390.42639,-577.97473,-885.75372,1241.51526,-307.88654,-505.29044,1218.46594,-492.83261,-746.25861,1148.96338,-493.91351,-644.07294,1301.34595,-303.95563,-957.34778,969.02997,-218.15779,-419.03308,973.55048,-508.02383,-1094.21326,793.40686,-302.37012,-442.67929,766.00201,-689.02197,-867.95642,848.50372,-404.45972,-647.09125,910.77734,-194.48193,-605.87964,820.03821,-503.29657,-942.0553,488.29599,-468.51373,-603.48022,400.57217,-397.0462,-957.86566,125.79417,-344.95392,NA,NA,NA
511,5.1,-760.06366,1353.66431,-633.38727,-656.45563,1500.07813,-384.67178,-804.58191,1440.12891,-446.90228,-622.30804,1389.60681,-582.38531,-889.15668,1240.3894,-316.82111,-506.85364,1216.65247,-497.50592,-748.15424,1148.33179,-502.47134,-647.25854,1300.93396,-309.1796,-959.4762,967.41034,-226.60623,-421.34476,973.31104,-515.5755,-1095.0072,790.39685,-308.78851,-447.79871,765.58191,-695.83234,-869.90851,846.98853,-413.76581,-652.83655,910.15704,-202.78322,-607.16742,819.26672,-508.47379,-940.02411,487.01324,-480.33115,-603.82233,399.6189,-401.47049,-967.9364,120.92034,-378.30881,NA,NA,NA
512,5.11,-761.31104,1353.83777,-640.95123,-658.487,1498.43945,-390.4418,-808.60205,1439.69458,-455.25562,-624.77258,1390.18884,-590.34967,-891.94031,1238.85449,-324.97797,-509.26584,1217.17822,-505.15903,-749.87152,1147.49097,-510.21484,-650.22968,1300.28589,-316.76041,-962.08551,966.28522,-234.58865,-424.6539,971.60223,-521.56976,-1095.78967,788.09808,-316.67227,-451.79825,764.72375,-702.21771,-872.38269,845.65503,-423.98956,-657.51068,909.72614,-208.73389,-608.52405,818.95251,-515.02374,-938.21008,485.68121,-491.74118,-604.67548,398.66626,-403.66043,-976.30121,119.72768,-402.44528,NA,NA,NA
513,5.12,-762.64655,1353.92004,-648.74023,-661.78259,1497.7655,-396.93417,-808.80762,1438.89319,-462.24997,-626.38818,1389.25879,-595.15759,-895.27155,1237.75195,-333.4404,-511.56961,1215.12427,-508.97601,-751.76678,1146.59253,-518.03052,-654.42255,1299.39832,-324.38031,-964.05573,964.90741,-243.15981,-427.60229,970.48145,-528.0824,-1096.80994,785.00275,-324.18573,-456.32352,763.66785,-708.58838,-874.97717,844.58319,-433.75815,-662.11902,908.94171,-216.52614,-610.26642,817.88934,-520.72308,-936.35406,483.46429,-501.54929,-605.35126,397.96011,-408.21115,-984.22522,118.02222,-432.11264,NA,NA,NA
514,5.13,-764.1745,1353.49792,-656.75,-665.27246,1496.58716,-403.30377,-811.5697,1437.94336,-469.59592,-628.30933,1389.45264,-603.25562,-899.06342,1236.9342,-342.98187,-513.61646,1214.46863,-517.4032,-753.52264,1145.43945,-526.09436,-657.34503,1298.35156,-331.95911,-966.76807,963.8277,-252.25603,-430.686,969.41394,-533.69183,-1097.49963,782.41003,-331.54898,-460.24976,762.51593,-714.94824,-877.51434,843.04498,-443.06024,-667.41455,907.11835,-224.13361,-612.02283,817.13208,-527.07941,-935.37946,480.9259,-512.6109,-606.47839,397.97235,-412.88727,-991.07581,117.66442,-461.28619,NA,NA,NA
515,5.14,-765.53796,1353.375,-664.74792,-668.03503,1495.427,-410.14093,-814.72827,1436.56213,-477.68814,-630.05573,1388.42175,-608.53009,-902.22498,1235.18787,-352.20035,NA,NA,NA,-755.77478,1144.2627,-534.80109,-660.3064,1297.55725,-339.83472,-968.11542,961.85004,-260.17545,-433.48694,967.30072,-538.85815,-1097.66357,779.49146,-338.50449,-463.76422,759.62897,-719.02203,-880.20233,842.19348,-453.0538,-672.32166,906.52393,-231.82716,-613.93951,816.091,-533.32874,-933.83093,478.12555,-521.5202,-607.18713,396.57947,-417.64462,-998.23907,117.91717,-493.70816,NA,NA,NA
516,5.15,-766.95978,1353.00903,-672.59351,-671.16577,1493.90869,-416.87131,-819.04321,1435.98059,-486.05426,-631.83319,1388.01538,-615.65796,-905.69928,1234.02527,-361.55994,NA,NA,NA,-758.06165,1143.146,-543.07184,-664.6947,1295.93787,-347.65424,-970.7298,960.28815,-268.54004,-436.44351,965.29443,-543.7851,-1098.85632,776.48743,-345.9476,-466.13925,757.10059,-722.9931,-883.13794,840.96985,-462.92242,-678.49011,905.80322,-239.36229,-615.8399,815.25061,-539.63715,-931.63159,474.51016,-530.20538,-608.10474,394.63916,-420.48203,-1001.61853,123.40285,-518.29785,NA,NA,NA
517,5.16,-768.43237,1352.40845,-680.67145,-675.49304,1492.43884,-424.10419,-821.1637,1434.58191,-494.1803,-634.04443,1386.91479,-620.84863,-909.55627,1232.2915,-370.98819,NA,NA,NA,-760.15411,1142.17114,-551.79114,-668.68671,1295.14148,-354.78247,-972.44739,958.72968,-276.70813,-440.21588,963.25177,-549.02502,-1099.17139,774.7561,-353.19498,-468.93555,754.28619,-727.06409,-886.22632,839.57233,-473.52655,-683.77478,903.92944,-247.94804,-617.86084,813.84845,-545.42834,-930.13257,471.48831,-539.79175,-608.99756,393.0853,-423.61478,-1005.6319,130.04395,-545.27917,NA,NA,NA
518,5.17,-769.79095,1352.0658,-688.84607,-678.48755,1490.63,-430.91623,-823.72748,1432.55884,-501.66455,-636.45709,1386.47253,-627.41125,-913.36615,1230.74744,-380.50967,NA,NA,NA,-762.30798,1141.08142,-560.72601,-672.83801,1293.38391,-362.69574,-974.94867,957.40131,-285.91351,-443.5535,961.40771,-553.50342,-1099.74988,770.56793,-361.20923,-470.67282,751.34717,-730.33124,-888.02924,837.76721,-482.63464,-689.00031,902.84406,-255.89769,-619.94586,812.61029,-551.69836,-928.75964,468.49683,-548.65729,-609.55847,391.65967,-428.4783,-1007.81519,136.69753,-569.9574,NA,NA,NA
519,5.18,-771.43573,1351.29175,-696.89001,-680.81342,1489.0304,-437.38019,-825.91394,1431.08313,-509.80664,-638.47705,1385.82935,-635.10065,-916.62018,1228.73193,-389.75223,NA,NA,NA,-764.94733,1140.18628,-569.46167,-675.7525,1291.27075,-369.93295,-977.00177,955.43317,-294.26413,-446.88687,959.17352,-557.54456,-1100.68567,767.10645,-368.42731,-472.11853,747.58429,-732.8728,-891.0022,836.43341,-493.95258,-694.27032,900.85284,-264.52994,-621.94165,811.82635,-558.63684,-927.19873,466.59805,-558.81964,-610.33356,391.48114,-434.12552,-1009.50726,144.28482,-593.66003,NA,NA,NA
520,5.19,-772.91339,1350.69653,-705.24902,-685.35547,1487.35583,-443.9321,-828.16333,1429.47241,-517.53009,-640.3136,1385.02393,-642.94226,-920.44824,1226.89929,-398.94977,NA,NA,NA,-767.37036,1138.51575,-577.76251,-680.54102,1289.42236,-378.07462,-979.36859,953.55035,-303.37885,-449.8248,956.88861,-562.03406,-1101.35742,763.69031,-375.51486,-472.81967,744.0625,-735.75635,-893.80786,834.94849,-503.9509,-698.81879,899.29865,-272.70468,-624.27722,810.1748,-565.18195,-925.44745,465.14529,-569.00879,-609.80017,390.79865,-440.91449,-1009.49164,149.96286,-614.57886,NA,NA,NA
521,5.2,-774.35077,1349.97656,-713.09503,-688.57562,1485.83752,-451.56183,-832.13873,1428.17749,-526.73932,-642.37158,1383.34778,-647.69189,-924.55353,1225.12683,-409.25644,NA,NA,NA,-769.62115,1137.63123,-587.42853,-684.96173,1287.86096,-386.28922,-981.59888,951.49951,-311.85422,-452.69598,954.14648,-566.06128,-1101.17737,761.15717,-382.202,-473.55878,739.5849,-737.9057,-897.01599,832.9386,-515.12634,-703.85559,897.51849,-281.27359,-626.48743,809.38263,-573.17157,-923.5755,464.12671,-580.25781,-611.16028,388.97137,-446.15799,-1008.67822,156.55731,-637.43463,NA,NA,NA
522,5.21,-775.88794,1349.29089,-721.66943,-692.37042,1483.43689,-460.16251,-835.09839,1427.63,-535.16119,-644.63135,1382.07471,-653.9903,-928.50012,1222.61414,-418.88678,NA,NA,NA,-772.25494,1135.63562,-595.54895,-688.68573,1285.94507,-394.62421,-984.41101,949.23718,-321.2157,-455.53876,952.41809,-570.88641,-1102.98718,756.77026,-390.7558,-473.17343,735.70227,-740.07153,-899.79926,831.20313,-525.52209,-708.84399,895.81024,-290.23868,-628.62311,808.10437,-581.21075,-922.16376,463.18332,-591.44977,-611.97827,387.69528,-451.80096,-1007.22681,161.17239,-656.06,NA,NA,NA
523,5.22,-777.40863,1348.4093,-729.93732,-696.95538,1481.41772,-466.07626,-838.82269,1425.30908,-544.24506,-646.6535,1380.66003,-660.72339,-932.39526,1220.38464,-428.14294,NA,NA,NA,-774.77002,1134.35059,-604.5885,-692.87378,1284.54858,-402.26065,-986.84625,946.59631,-329.62106,-458.17169,949.7702,-575.37482,-1104.24561,753.71936,-398.47311,-472.30136,731.3526,-741.53552,-902.47003,829.59369,-536.70471,-713.62219,893.7572,-298.15601,-630.94781,806.89148,-590.17719,-920.77234,463.19104,-604.71045,-613.72327,385.64212,-457.64957,-1005.55969,163.67711,-671.50366,NA,NA,NA
524,5.23,-778.84424,1347.56787,-738.28876,-700.69226,1480.17749,-473.01981,-841.31244,1424.45715,-552.73315,-648.91083,1379.68457,-668.43689,-936.52985,1217.88037,-437.73242,-538.66302,1197.26917,-581.08197,-777.466,1132.92126,-613.914,-697.89648,1282.70691,-410.24564,-989.81104,944.44989,-339.49271,-460.83255,947.61676,-578.41223,-1105.78186,750.43573,-406.06482,-470.76785,726.63159,-741.83942,-905.2688,827.57263,-547.64221,-719.99139,890.66431,-308.2789,-632.95398,805.73401,-598.77319,-919.6756,462.33209,-617.4342,-616.04828,384.69739,-463.57169,-1006.26294,161.9884,-702.38202,NA,NA,NA
525,5.24,-780.37195,1346.68933,-746.6521,-703.66107,1478.1167,-479.86966,-844.85266,1422.93164,-561.4812,-651.10254,1378.71851,-676.03857,-940.71655,1215.20459,-447.08002,-541.23712,1194.47205,-583.41071,-780.27832,1131.32068,-623.08813,-702.18555,1279.95264,-417.4389,-993.2262,941.70135,-349.29156,-463.17191,945.33374,-581.9425,-1106.73621,747.40613,-413.39487,-469.37607,722.44012,-742.90173,-908.01367,825.66821,-558.67603,-723.84296,888.88379,-317.54773,-635.16632,804.16132,-607.80902,-918.54803,461.74405,-631.16998,-618.14886,382.73877,-470.62299,-1003.69354,161.26381,-714.64044,-650.86572,84.37499,-331.68457
526,5.25,-781.76862,1346.13696,-755.67181,-707.63141,1476.396,-487.30423,-848.51733,1421.15625,-570.60718,-653.14722,1377.34717,-682.68756,-945.24084,1212.82568,-457.1076,NA,NA,NA,-783.27161,1129.72888,-631.79535,-706.42584,1278.23486,-425.60321,-995.27802,939.43054,-358.28033,-466.16461,943.33124,-585.3811,-1109.20667,743.44751,-421.87958,-466.74649,718.12207,-742.92224,-910.75171,823.79175,-570.4566,-729.26477,886.72833,-326.92102,NA,NA,NA,-917.89331,460.38794,-644.68378,-620.2207,381.67963,-479.52301,-999.04889,157.61925,-725.41949,NA,NA,NA
527,5.26,-783.16388,1345.25671,-764.36053,-712.32715,1474.97925,-493.51501,-852.81482,1421.19507,-580.02551,-655.18512,1375.99548,-689.27289,-949.83099,1210.77954,-467.20706,-548.19238,1191.96191,-601.4549,-786.36475,1128.33911,-641.1842,-711.93964,1276.48694,-433.7854,-998.98322,937.07019,-368.42761,-468.62973,941.76294,-589.19354,-1111.35901,740.7876,-430.18411,-464.58716,714.14752,-742.99396,-913.49103,821.97272,-581.44678,-734.0094,884.30505,-337.95364,-639.66156,801.6734,-627.18469,-916.93738,458.67334,-657.82867,-622.42712,379.99667,-487.27292,-997.71289,153.2536,-734.44397,NA,NA,NA
528,5.27,-784.46521,1344.72156,-772.67633,-717.88837,1474.48547,-502.45239,-855.29828,1419.15417,-589.31348,-657.46075,1375.30542,-697.0354,-954.22705,1208.36169,-476.76474,-550.58942,1189.30591,-601.6236,-789.35541,1127.55835,-650.65857,-717.21484,1275.87036,-442.77277,-1001.98199,933.87848,-378.28442,-471.13226,939.87891,-591.80023,-1113.50488,737.6712,-438.48114,-461.56601,709.98187,-741.9776,-916.2168,820.37653,-592.58331,-739.09717,882.03381,-347.22665,NA,NA,NA,-916.93219,456.87817,-671.97369,-624.9502,379.07874,-495.23209,-996.77679,145.20583,-743.97827,NA,NA,NA
529,5.28,-785.78052,1344.11511,-781.47278,-722.05017,1472.89465,-509.4212,-859.31384,1417.8772,-598.52435,-659.59406,1374.67761,-704.85162,-958.49341,1206.26477,-486.65051,-553.92981,1188.45557,-613.66638,-792.70154,1126.51392,-659.85382,-722.10236,1272.91687,-450.29721,-1004.74506,931.23895,-388.1608,-474.1409,938.89056,-595.23828,-1115.62036,735.58478,-446.89084,-458.58743,706.85828,-740.80029,-918.98578,818.79291,-603.86554,-743.94867,879.65167,-356.75061,-644.7113,800.0769,-647.01587,-916.711,454.53839,-685.82343,-627.81079,378.23938,-503.89893,-993.23737,138.12729,-750.29523,NA,NA,NA
530,5.29,-787.0246,1343.60498,-790.19177,-727.04456,1471.72864,-517.51434,-862.78198,1417.83435,-608.46021,-661.67767,1373.50952,-710.99921,-963.36713,1204.57373,-496.38687,-557.60089,1187.27148,-614.383,-796.17792,1125.78979,-669.98639,-726.93823,1271.48596,-458.58481,-1008.26495,928.81525,-398.73947,-476.862,937.89075,-598.64008,-1118.2644,732.49115,-455.87106,-455.10645,704.14374,-739.40521,-921.67444,817.74097,-615.43707,-748.54144,878.23779,-366.50494,-663.04272,790.19513,-648.87738,-915.78064,450.59799,-698.39233,-628.61993,378.17123,-514.07526,-992.39502,129.38742,-752.5014,NA,NA,NA
531,5.3,-788.08789,1343.39355,-798.71106,-731.89063,1470.31042,-524.86395,-866.68109,1416.94189,-617.8324,-664.52429,1373.63367,-719.02344,-967.98633,1202.91772,-506.48752,-561.23224,1188.26196,-625.73669,-799.48853,1125.41833,-679.57904,-732.34186,1269.68579,-467.81741,-1013.47748,928.28888,-409.46985,-479.76483,937.59741,-601.85815,-1120.8988,730.66003,-464.58606,-452.17896,700.63452,-737.01361,-924.37396,816.58868,-626.8158,-754.45007,875.39972,-377.49561,-648.82745,797.40771,-665.13348,-916.4502,449.17563,-712.22357,-631.37793,376.98706,-522.44312,-990.94086,121.25224,-758.23602,NA,NA,NA
532,5.31,-789.16278,1343.25867,-807.52527,-737.04919,1469.13354,-532.08765,-868.89355,1415.66785,-627.31512,-666.39716,1372.89392,-726.40631,-972.93469,1201.28271,-517.09802,-564.10925,1187.18176,-631.77319,-803.01941,1124.93127,-688.93518,-737.71893,1268.12585,-476.77478,-1015.24591,925.07013,-419.4444,-482.89099,937.49274,-604.9696,-1123.97595,728.66095,-474.22632,-448.51663,699.24445,-734.92487,-927.06409,815.93365,-638.83154,-759.41711,873.74127,-388.70029,-653.3548,796.07343,-672.53375,-916.75726,445.24557,-724.63379,-633.349,376.28632,-531.12854,-991.11707,115.95717,-765.25476,NA,NA,NA
533,5.32,-790.03644,1343.40503,-816.89948,-741.7995,1468.00757,-540.32977,-874.03339,1415.43835,-637.46411,-668.4129,1371.91296,-731.94989,-978.35815,1199.66199,-527.74347,-568.48724,1186.87402,-636.9408,-806.58295,1125.05542,-700.07416,-743.60608,1266.18823,-483.7052,-1018.66357,923.34656,-430.75113,-486.15787,938.0694,-608.98999,-1127.12549,727.15509,-483.57047,-444.91583,698.04327,-732.34137,-929.77881,815.20111,-651.5368,-767.56195,870.74866,-403.62802,-656.32172,796.17499,-682.74707,-916.99738,441.40775,-736.58002,-635.03131,375.88419,-540.16718,-991.65985,112.74324,-775.06299,NA,NA,NA
534,5.33,-790.82227,1343.87048,-825.66638,-747.64185,1467.37573,-548.17883,-877.1933,1415.21338,-647.59564,-670.95642,1372.11304,-738.7442,-983.5896,1198.84131,-539.04443,-571.24554,1186.1012,-642.00415,-810.04541,1125.07373,-709.67523,-749.11682,1264.57178,-492.20737,-1023.14844,922.2641,-442.2305,-488.45639,938.20514,-611.46393,-1129.9093,725.19623,-493.54453,-441.66403,697.16364,-729.60291,-932.28046,814.6178,-663.78198,-773.84174,869.09174,-415.28842,-659.31104,795.80817,-691.51764,-917.22955,437.30374,-747.87231,-637.49341,374.42804,-548.66846,-992.99298,111.4368,-784.99506,NA,NA,NA
535,5.34,-791.38165,1344.51709,-834.43256,-752.90485,1467.18176,-556.22394,-880.44824,1415.88965,-657.91339,-673.16864,1372.02173,-744.26404,-988.73352,1197.54395,-550.51611,-575.59521,1187.08801,-649.65222,-813.38794,1125.73474,-720.53375,-755.44855,1263.64392,-501.65936,-1026.52771,920.63068,-453.28873,-491.62949,938.98865,-614.94464,-1133.1676,724.36877,-503.84344,-438.82474,697.13617,-726.51282,-934.77216,814.16565,-677.14923,-778.47992,867.77399,-426.26678,-662.14777,796.98993,-702.7085,-917.82336,433.16251,-758.21222,-638.9458,375.2446,-559.56396,-994.97766,108.63041,-793.00189,NA,NA,NA
536,5.35,-791.82251,1345.62622,-843.7569,-758.63007,1466.87805,-564.2984,-884.47559,1416.42249,-668.81683,-674.87164,1372.68091,-751.82672,-994.36719,1196.56055,-562.30347,-579.17249,1188.21387,-658.05872,-816.51111,1126.37024,-730.89478,-761.19788,1263.97668,-510.93301,-1030.29834,919.2901,-464.7562,-494.58859,940.47339,-618.83069,-1136.3501,723.25848,-514.77521,-435.92728,697.10461,-723.20288,-937.12445,813.73505,-690.2561,-785.14838,866.56091,-437.76309,-664.79254,797.2804,-712.66602,-919.19336,429.48965,-768.45398,-641.66858,375.28354,-568.93701,-995.19629,105.04781,-801.22443,NA,NA,NA
537,5.36,-791.96484,1347.18884,-852.98108,-762.7807,1466.79797,-572.07013,-887.92719,1416.72571,-679.3067,-676.86554,1374.34814,-760.8053,-999.35834,1195.82898,-574.62524,-582.92731,1188.63208,-663.2887,-819.60876,1127.05444,-741.68256,-767.8374,1262.84509,-519.69073,-1034.30591,918.41687,-477.29013,-497.5477,941.95007,-621.63739,-1139.47363,722.03186,-524.83527,-433.10294,698.27539,-719.88672,-939.26843,813.80554,-703.77856,-790.53308,865.78485,-448.35974,-667.27191,799.07678,-724.50323,-921.6062,426.04984,-777.03571,-642.84857,374.97794,-579.20569,-997.25336,102.24799,-807.86078,NA,NA,NA
538,5.37,-791.83698,1349.0929,-862.28351,-769.51886,1467.33716,-580.92993,-891.27216,1417.85706,-690.4137,-679.00378,1374.63818,-765.18744,-1004.51373,1195.41736,-587.47595,-586.44751,1189.84473,-669.95361,-822.30682,1128.3512,-752.44751,-775.03448,1263.70569,-530.55579,-1038.81348,918.15533,-490.14041,-501.11249,943.4906,-624.4502,-1142.98157,721.24561,-535.84619,-430.89825,699.67755,-715.94031,-941.44788,813.75323,-717.50464,-796.63074,866.19293,-461.10983,NA,NA,NA,-924.86194,423.98993,-785.70453,-643.01898,375.59579,-590.10687,-999.53241,98.92069,-816.18292,-642.7489,95.7206,-363.17307
539,5.38,-791.72107,1350.94446,-872.08832,-775.62158,1467.87024,-589.58514,-894.52478,1419.02026,-701.71613,-680.98627,1376.21765,-772.85181,-1009.32526,1195.73938,-600.92004,-589.26221,1190.68958,-675.47913,-824.79047,1129.46509,-763.33484,-781.02301,1264.40552,-539.867,-1043.82056,918.54547,-503.02438,-504.21207,945.81696,-627.68066,-1146.44165,721.06433,-547.07349,-429.37735,702.06854,-711.84918,-943.26233,814.39862,-731.28033,-801.17456,866.23621,-473.14944,NA,NA,NA,-928.84015,422.34512,-793.43933,-645.1524,375.61594,-600.72852,NA,NA,NA,-641.03711,100.75655,-369.51859
540,5.39,-791.28223,1353.12659,-880.9837,-780.52563,1467.78357,-597.51855,-897.89294,1420.4668,-712.70709,-682.53125,1377.90076,-780.40802,-1014.41919,1196.01477,-614.31256,-593.64496,1193.00745,-682.37732,-826.92249,1130.82849,-773.63269,-786.71954,1265.10083,-548.76953,-1048.87463,919.00055,-515.9873,-508.25436,948.00311,-630.6015,-1150.78235,721.58618,-559.586,-426.83893,705.03363,-707.46619,-944.85687,815.78363,-745.13495,-807.34021,867.02039,-482.45847,NA,NA,NA,-932.70679,421.68716,-801.61456,-646.20514,377.23087,-613.26971,-1004.81799,93.92153,-828.82019,-641.37427,104.47979,-378.36761
541,5.4,-790.72559,1355.1781,-890.19073,-786.31396,1469.33508,-606.42755,-900.85895,1421.80969,-724.03668,-684.40546,1379.62122,-786.05255,-1018.65015,1196.61475,-627.67957,-596.33899,1194.12158,-687.05347,-828.66302,1132.57666,-784.34424,-792.12836,1266.46313,-558.85675,-1053.74512,919.6145,-530.25983,-511.36185,951.03223,-633.54395,-1154.45178,722.32294,-572.08661,-426.40805,707.2287,-704.93628,-946.47906,817.46265,-759.00562,-811.29028,869.18555,-491.25729,NA,NA,NA,-935.52264,423.61179,-813.2865,-647.4812,378.0166,-626.11462,NA,NA,NA,-644.17358,109.77863,-385.01178
542,5.41,-790.04102,1357.24963,-899.30542,-791.91864,1470.17639,-615.46301,-903.64069,1423.16382,-735.19342,-685.87109,1382.05981,-793.92798,-1022.46393,1197.10254,-641.35547,-599.68274,1197.7478,-696.10291,-829.98608,1134.2865,-794.4389,-797.25311,1266.65356,-568.35004,-1058.49463,920.64734,-543.83423,-514.54865,954.45624,-636.30719,-1158.68323,723.09106,-585.3147,-424.56329,711.91852,-701.26184,-948.25781,819.20947,-772.65717,-816.6272,869.70691,-501.87686,NA,NA,NA,-937.78052,426.68823,-824.53522,-648.9151,378.42596,-640.37598,-1011.71472,91.45498,-837.80853,-644.52014,115.28577,-397.98532
543,5.42,-788.86786,1359.75354,-908.34583,-798.11145,1471.03491,-623.85394,-906.56189,1424.32373,-746.36121,-687.74194,1383.85815,-798.77014,-1026.25232,1197.80579,-655.12689,-602.62457,1200.41418,-702.55243,-831.07715,1135.92798,-805.08447,-803.23956,1269.1748,-578.2594,-1063.26306,921.16492,-558.57825,-518.73615,957.80176,-639.08289,-1163.44324,724.09308,-598.51727,-423.8252,716.19794,-697.7149,-949.9444,821.37,-785.38647,-820.55255,870.99323,-511.00122,NA,NA,NA,-940.28479,429.70786,-835.98315,-649.27417,379.18198,-655.63013,NA,NA,NA,-639.99292,122.63589,-396.44263
544,5.43,-787.55243,1361.84875,-916.95593,NA,NA,NA,-909.31976,1425.88721,-757.9093,-688.38245,1385.68726,-805.43292,-1030.19336,1199.09705,-669.40308,-604.73425,1201.82874,-705.80273,-831.78589,1137.26917,-814.83923,-807.58319,1269.61829,-587.46936,-1068.94263,922.52002,-572.97052,-521.76636,961.34442,-642.42566,-1168.01416,726.14673,-614.08826,-425.36069,720.03979,-694.28046,-951.97351,823.26563,-797.91437,-825.17651,872.06165,-522.13525,NA,NA,NA,-943.14227,431.90933,-846.26477,-649.63074,379.80573,-671.40826,-1020.09283,89.38415,-843.48718,-641.90869,127.50245,-410.82813
545,5.44,-786.11841,1364.06567,-926.0246,-808.1485,1472.66211,-641.01038,-911.50024,1426.39417,-768.58875,-690.02124,1387.4342,-810.10608,-1033.72156,1200.52686,-684.02069,-607.65076,1205.54492,-714.19781,-832.1145,1138.73132,-824.83038,-813.50916,1271.14954,-597.40436,-1073.29333,923.57086,-587.85828,-527.66888,963.47546,-645.80945,-1172.78271,727.6936,-629.38556,-424.32678,725.25226,-691.16315,-953.74664,825.51337,-809.88165,-829.51685,874.6582,-529.91742,NA,NA,NA,-946.00134,433.76682,-855.68085,-650.67999,380.88434,-688.32104,NA,NA,NA,-666.3241,121.24204,-415.47812
546,5.45,-784.42651,1366.22803,-934.31232,-814.17712,1474.05042,-650.14313,-913.93469,1427.52881,-779.93646,NA,NA,NA,-1036.09253,1200.96887,-697.49243,-609.74591,1208.13257,-720.38483,-832.08038,1140.01306,-834.27222,-817.82758,1272.53198,-606.51312,-1078.7124,925.34564,-602.75031,-531.86163,966.24176,-649.25092,-1176.86743,728.93518,-645.55328,-424.67676,730.16962,-689.59894,-955.78125,827.021,-821.90967,-832.03625,875.42383,-538.02393,NA,NA,NA,-949.47687,434.62384,-864.54114,-650.52179,381.84116,-705.93469,NA,NA,NA,-650.46368,139.19528,-440.17642
547,5.46,-782.62524,1368.4021,-942.76013,-818.54211,1474.88672,-658.89972,-916.09955,1428.25391,-791.0968,-691.27203,1392.8175,-825.8786,-1038.60107,1202.2998,-711.38336,-611.83514,1210.66956,-725.84894,-831.79736,1141.04016,-843.52362,-822.78131,1273.98718,-615.74969,-1083.54565,925.59064,-616.91748,-534.42798,969.65222,-650.57886,-1181.59509,730.35803,-662.19501,-427.75363,733.23688,-688.04742,-957.49042,828.70642,-833.02997,-836.573,876.67511,-545.83923,NA,NA,NA,-953.01965,434.94086,-873.07465,-650.79724,382.71866,-723.63922,NA,NA,NA,-654.93237,145.08684,-457.1579
548,5.47,-780.57977,1370.36499,-951.01904,-823.7652,1476.04065,-668.11304,-916.32465,1428.42249,-802.11212,-692.03168,1394.75891,-830.6319,-1041.14832,1203.09351,-725.2724,-613.47479,1213.30334,-732.31641,-831.14929,1142.03113,-852.75702,-825.81122,1275.3717,-624.71069,-1088.06531,926.82764,-632.33282,-538.11163,972.49384,-653.58197,-1185.05396,731.3327,-679.55933,-427.51318,737.82959,-687.71423,-959.38165,829.97839,-844.74365,-840.78406,878.57648,-553.80609,NA,NA,NA,-956.29657,434.42093,-879.90735,-651.50867,384.12418,-741.45752,NA,NA,NA,-658.85913,152.14381,-472.80774
549,5.48,-778.42566,1372.52515,-959.7359,-828.66559,1476.72205,-677.05841,-917.75665,1428.83521,-812.6192,-692.69489,1397.09216,-836.92456,-1042.578,1204.03552,-739.71173,-614.74365,1215.28381,-737.09515,-830.1543,1142.97192,-861.70844,-829.97015,1275.88635,-633.85449,-1092.02771,927.27277,-646.61133,-539.70532,975.99072,-656.18927,-1188.91479,732.70648,-697.65936,-427.29785,742.22772,-687.72876,-960.80896,831.65979,-856.30676,-845.12128,879.19067,-563.99048,NA,NA,NA,-959.3717,432.88885,-885.92261,-651.61902,385.83621,-759.90234,NA,NA,NA,-662.4624,158.02396,-488.94147
550,5.49,-776.11298,1374.45935,-967.50293,-832.73511,1477.09436,-685.70129,-918.77966,1429.45007,-823.86688,-692.94659,1399.35522,-844.01343,-1044.44092,1204.66626,-753.34418,-616.89648,1217.19836,-740.88086,-829.00098,1143.37891,-870.19952,-834.91388,1277.89111,-643.47614,-1097.51782,928.42444,-662.07959,-541.3562,978.22467,-658.57642,-1192.80884,733.71832,-715.87793,-429.79599,744.51868,-688.52814,-962.15344,832.7677,-867.32068,-848.76819,881.05438,-572.12433,NA,NA,NA,-962.13544,431.09735,-891.63019,-650.94031,387.5152,-777.64929,NA,NA,NA,-665.59229,164.0979,-506.28308
551,5.5,-773.95538,1375.82837,-975.71448,-836.54742,1478.16602,-694.74805,-919.5976,1429.9353,-834.37909,-692.82111,1401.62683,-852.13159,-1045.83142,1205.58008,-766.35449,-617.97278,1219.01465,-745.92505,-827.39764,1144.39893,-879.16284,-838.13861,1278.83179,-651.98767,-1102.83899,929.83075,-677.51392,-543.5965,980.70044,-661.25427,-1196.52698,734.97064,-735.039,-429.16855,747.76532,-689.16272,-963.26416,833.79681,-878.74976,-852.8877,880.27722,-581.83435,NA,NA,NA,-964.70679,429.03302,-896.06866,-649.98151,391.49121,-797.18628,-1023.00238,66.43639,-843.59924,-668.20551,171.14346,-523.68036
552,5.51,-771.50745,1377.32776,-983.49432,-840.7453,1479.33655,-703.73041,-920.25183,1430.44983,-845.14532,-693.10913,1402.21472,-854.5661,-1047.03333,1206.39148,-779.76489,-618.94641,1220.78113,-751.00604,-825.75989,1144.89197,-887.09204,-840.323,1279.85864,-661.18719,-1107.03357,930.4491,-692.86078,-544.27063,982.52753,-663.90826,-1199.70288,737.55243,-756.73566,-429.73416,750.46014,-690.69824,-963.71027,834.77838,-889.70892,-856.99658,882.94543,-588.90894,NA,NA,NA,-966.61243,427.39252,-900.48639,-648.32727,393.54456,-815.59131,NA,NA,NA,-672.08948,177.52139,-542.47888
553,5.52,-768.89185,1378.91858,-991.09851,-843.01892,1480.14087,-712.66534,-920.58368,1431.05603,-855.68298,-693.39502,1404.84131,-862.27057,-1047.45325,1206.63037,-792.33948,-620.22174,1221.95691,-754.38208,-823.8551,1145.56738,-895.72528,-843.80389,1281.0719,-670.10687,-1111.46033,930.17596,-708.03522,-546.33777,985.0741,-666.33215,-1203.48291,738.59247,-775.43823,-429.79681,751.59302,-691.534,-963.45697,836.20032,-901.25024,-861.1745,883.71625,-598.71509,NA,NA,NA,-967.8277,425.77139,-905.17737,-646.49921,397.90076,-834.01373,-695.22913,169.67137,-549.39252,-676.45105,181.75864,-564.51819
554,5.53,-766.45599,1380.03149,-998.6048,-845.39142,1480.80029,-721.48651,-920.79669,1431.66174,-865.76337,-693.24091,1406.52356,-867.76434,-1047.6886,1207.33813,-804.70313,-621.68964,1224.24622,-760.07617,-822.02979,1145.94495,-903.51678,-846.37476,1282.13037,-678.94733,-1116.61621,931.30133,-724.31329,-547.42114,986.23193,-669.66382,-1207.02673,739.17395,-792.91016,-432.54678,752.06897,-694.79114,-962.7207,837.11841,-912.138,-864.13708,886.29901,-605.65167,NA,NA,NA,-967.63647,424.38431,-909.15289,-644.04205,401.50961,-853.24707,-1017.71674,61.38605,-841.38239,-677.94879,186.51205,-576.90851
555,5.54,-763.70996,1381.38916,-1006.47943,-848.31958,1482.39783,-730.05298,-920.58618,1432.27991,-876.25616,NA,NA,NA,-1047.96204,1208.95215,-817.59283,-622.59619,1224.20752,-761.22943,-820.08282,1146.70496,-911.31213,-849.72607,1284.59888,-688.06445,-1120.65808,931.37439,-739.71832,-548.85419,988.13507,-672.67426,-1209.59558,740.61743,-812.53351,-434.02881,753.32178,-696.96582,-961.28131,838.08118,-922.45453,-868.24774,886.94897,-617.37054,NA,NA,NA,-966.92627,422.70508,-913.77167,-642.25238,406.45148,-870.22687,-1014.4845,58.97412,-842.15271,-681.94019,188.16808,-597.4635
556,5.55,-760.96063,1382.67542,-1014.20264,-850.80255,1482.99658,-739.26514,-920.31464,1432.87915,-886.41174,NA,NA,NA,-1048.51575,1210.10413,-830.03113,-623.1651,1225.15234,-765.05634,-818.0545,1147.75574,-919.50275,-852.72131,1284.50024,-696.63281,-1125.40491,934.02008,-756.73236,-550.02307,990.30157,-675.95496,-1211.81775,742.4892,-832.67633,-434.96741,753.74744,-699.56268,-959.55511,838.9361,-932.6405,-869.30548,888.3869,-624.02155,NA,NA,NA,-965.78662,420.74295,-917.86578,-639.76044,413.61508,-887.55005,NA,NA,NA,-685.22516,188.40665,-618.84967
557,5.56,-758.25012,1383.70581,-1021.48364,-853.18524,1483.71118,-748.41669,-919.75616,1433.52979,-896.94049,-691.8526,1411.0282,-885.78644,-1047.76086,1210.50854,-841.68445,-625.12823,1228.396,-776.25787,-816.31018,1148.5509,-927.42505,-854.48859,1286.5166,-705.38348,-1129.01892,934.12134,-772.68262,-551.82971,991.48877,-678.90894,-1214.05029,744.64813,-853.45514,-435.97177,755.14978,-701.6839,-957.60321,839.36841,-941.93561,-872.99298,889.01056,-633.4162,NA,NA,NA,-964.91235,418.6882,-921.83582,-638.41736,419.73141,-900.16797,NA,NA,NA,-688.67505,186.43152,-640.09375
558,5.57,-755.5556,1384.7666,-1029.06433,-854.01648,1484.70422,-757.18481,-919.24414,1433.87329,-906.4505,-691.03357,1412.37646,-893.20502,-1047.79797,1211.73877,-853.44714,-624.92517,1228.17981,-776.53949,-814.5083,1149.36377,-935.08929,-856.81653,1286.82837,-714.0401,-1131.55713,935.27313,-789.26367,-553.01886,993.0697,-681.53552,-1214.61023,746.2348,-873.30115,-437.83765,755.66418,-704.69434,-955.47534,839.53241,-950.73322,-876.2384,891.03619,-641.33594,NA,NA,NA,-964.03149,416.70911,-925.77197,-637.37793,425.09137,-913.99432,NA,NA,NA,-691.80914,182.99107,-661.35181
559,5.58,-752.84528,1385.42578,-1036.39966,-856.67627,1485.21082,-765.82813,-918.44153,1434.13062,-915.97009,NA,NA,NA,-1047.45544,1213.65076,-865.55585,-625.6217,1229.73914,-782.86658,-812.89081,1149.93054,-942.50623,-858.55133,1288.48071,-722.7467,-1134.39575,936.46985,-805.23615,-555.51575,994.46985,-684.69855,-1216.49805,749.76392,-894.68188,-438.63989,756.20538,-708.09216,-953.19135,839.11566,-958.53027,-877.78912,892.16309,-647.97974,NA,NA,NA,-964.16687,414.29276,-931.8905,-636.69489,429.85352,-928.70557,NA,NA,NA,-694.14368,178.81232,-683.48877
560,5.59,-750.06433,1386.16602,-1043.9397,-858.10303,1486.08557,-774.85736,-917.34412,1434.6637,-925.61401,-689.35071,1413.56775,-903.60046,-1047.55798,1215.27319,-877.51343,-626.6311,1230.05225,-785.40674,-811.39069,1150.54138,-950.01355,-859.83887,1288.00244,-730.97278,-1137.33057,937.95709,-822.03436,-557.99518,995.2655,-687.95819,-1215.87268,750.92493,-914.26746,-440.10507,757.36084,-710.98981,-950.6264,838.83624,-965.79669,-879.95251,892.43164,-657.23132,NA,NA,NA,NA,NA,NA,-636.6424,434.86655,-939.62762,NA,NA,NA,-694.8537,173.53011,-706.96741
561,5.6,-747.02429,1387.37634,-1051.4342,-859.98346,1486.17004,-783.91431,-916.18494,1435.07776,-934.9281,NA,NA,NA,-1046.37549,1215.82751,-888.89697,-627.65588,1231.43896,-794.57312,-809.78357,1151.25488,-957.65283,-861.87793,1289.77563,-739.86188,-1140.64124,940.64514,-838.37915,-560.83527,996.49225,-691.46411,-1215.73364,753.38458,-935.1283,-441.79376,758.164,-714.91833,-947.99945,838.66895,-972.85211,-881.20642,893.41028,-663.72668,NA,NA,NA,NA,NA,NA,-636.08221,439.27118,-951.37231,NA,NA,NA,-695.25684,168.08902,-729.32141
562,5.61,-744.26801,1387.64722,-1058.32544,-859.40302,1486.2074,-791.5437,-914.80676,1435.39685,-944.38361,-687.04272,1416.1554,-919.73779,-1045.56885,1216.93079,-900.19171,-627.90619,1231.87585,-797.57861,-808.19073,1151.58997,-965.27002,-861.88812,1289.49976,-748.14789,-1141.46875,940.8949,-853.87891,-562.69153,997.48016,-694.56464,-1215.06079,756.14624,-956.04803,-444.10956,758.19476,-718.22107,-945.19,838.56348,-980.17334,-882.53345,893.54407,-674.22034,-673.73547,826.75018,-912.73334,NA,NA,NA,-635.50995,442.97385,-962.1593,NA,NA,NA,-703.77069,157.27235,-755.43738
563,5.62,-741.26953,1388.18872,-1065.52942,-859.34021,1486.24585,-799.96411,-913.37897,1435.4137,-953.59961,NA,NA,NA,-1044.62756,1218.17175,-911.62903,-627.84955,1231.80164,-802.27747,-806.59851,1151.80408,-972.71918,-863.05811,1289.69226,-756.86731,-1142.8783,942.29504,-870.49274,-565.74811,997.15802,-699.34259,-1214.11731,758.72357,-976.76636,-446.67963,758.41028,-723.3717,-942.45294,838.39343,-986.04706,-882.98303,893.99713,-680.54498,-674.48712,825.5871,-917.19061,NA,NA,NA,-634.38257,448.18808,-973.97223,NA,NA,NA,-694.20117,155.0087,-777.78912
564,5.63,-738.22021,1388.53003,-1072.91602,-860.25464,1486.05139,-808.24396,-911.81549,1435.2688,-962.53168,-684.09039,1416.09277,-932.09314,-1043.26514,1219.34741,-922.94977,-627.96503,1232.67969,-810.16223,-804.93719,1151.93494,-980.34875,-864.28467,1290.23218,-765.3429,-1144.92358,944.27234,-886.42096,-567.71057,997.75458,-702.89056,-1212.79675,760.99719,-997.27075,-449.77658,758.34399,-727.88226,-939.80341,838.70361,-993.37305,-883.65204,893.935,-686.77441,-671.6297,827.4447,-923.72217,-957.50525,406.21149,-945.86053,-633.94678,451.33234,-982.03796,NA,NA,NA,-692.75616,148.70139,-802.0379
565,5.64,-735.21289,1388.5564,-1079.94312,-860.01453,1485.49048,-816.24811,-910.01886,1435.26758,-971.09802,NA,NA,NA,-1042.4248,1219.69006,-933.85718,-628.19977,1232.42004,-815.51038,-803.25122,1151.7666,-988.00287,-864.72614,1289.5769,-773.65466,NA,NA,NA,-570.33557,997.65533,-707.4751,-1211.01062,763.40411,-1017.35004,-451.36981,757.53033,-732.37622,-937.07867,838.75372,-999.71204,-883.34192,894.40222,-692.06018,-670.79352,827.07745,-929.46899,NA,NA,NA,-633.05719,454.48892,-990.89777,NA,NA,NA,-691.10791,142.40227,-826.86853
566,5.65,-732.0697,1388.50977,-1086.82507,-859.71503,1484.95276,-824.15021,-908.21149,1434.92041,-980.07288,NA,NA,NA,-1040.72546,1220.34753,-944.68292,-628.53308,1232.40833,-821.87311,-801.35126,1151.60828,-995.63007,-866.15637,1290.37036,-782.23669,-1145.29675,945.18286,-917.37708,-572.41895,996.92548,-712.52942,-1208.46558,766.23627,-1037.81104,-455.00525,756.78223,-736.49438,-934.80627,838.59009,-1005.89984,-884.00549,895.34045,-699.48535,-668.26074,826.95313,-935.09253,-953.26465,404.66434,-951.86188,-631.85028,457.21307,-1000.02008,NA,NA,NA,-688.05157,135.65636,-849.55811
567,5.66,-728.95026,1388.27258,-1093.56396,-861.1264,1485.18188,-833.04541,-906.30902,1434.56116,-988.97791,NA,NA,NA,-1038.99353,1221.11572,-956.33899,-629.79828,1231.23608,-827.63831,-799.55988,1150.96155,-1002.96674,-865.47534,1289.51172,-790.40576,-1145.9978,945.84711,-932.86432,-576.24933,995.81207,-719.20752,-1205.64258,768.72345,-1057.64136,-456.27567,756.03467,-740.20074,-932.44342,838.43024,-1012.51666,-884.0014,894.46246,-707.28503,-667.1629,826.7326,-942.66876,-951.29486,404.34146,-955.89349,-631.74536,460.39001,-1008.48322,NA,NA,NA,-683.99774,129.50676,-874.95966
568,5.67,NA,NA,NA,-859.15924,1483.89453,-840.82507,-904.05914,1434.34229,-997.71033,NA,NA,NA,-1037.2804,1220.578,-966.64386,-627.54443,1230.36365,-833.42212,-797.55054,1150.21631,-1010.41461,-865.73651,1288.79126,-798.42664,NA,NA,NA,-577.77423,994.0036,-725.86255,NA,NA,NA,-459.14404,754.31171,-744.35455,-930.58459,837.74359,-1018.50629,-883.87915,894.48328,-715.29773,-665.26233,826.92664,-949.7464,-949.91876,403.38712,-959.6875,-630.27393,461.80081,-1017.96051,NA,NA,NA,-680.69989,123.3406,-901.18622
569,5.68,-720.22925,1386.09631,-1107.77539,-858.6405,1482.49536,-847.86353,-901.96112,1433.63794,-1005.78638,NA,NA,NA,-1035.44373,1219.63354,-976.9184,-627.35266,1228.29272,-836.81018,-795.61108,1149.24731,-1017.98059,-865.08502,1288.45203,-807.34448,-1144.15784,945.33203,-963.46765,-579.31592,993.09509,-732.06451,NA,NA,NA,-462.16922,752.74719,-749.51935,-928.42523,837.04657,-1025.05005,-883.78888,894.16748,-723.03973,-664.32452,825.97626,-954.79425,-948.80963,402.27756,-963.12622,-629.99744,461.52539,-1023.56146,NA,NA,NA,-674.3587,118.6873,-926.29218
570,5.69,-716.78394,1385.06555,-1114.27783,-858.26563,1482.427,-856.65594,-899.69916,1432.88452,-1014.58734,NA,NA,NA,-1033.28613,1219.80469,-987.26312,-627.37433,1226.67822,-841.44812,-793.27759,1149.15381,-1027.2041,-864.44318,1287.52649,-815.22235,-1144.18665,946.12323,-979.18463,-581.5307,991.75885,-739.35413,NA,NA,NA,-465.66403,749.90662,-754.71521,-926.44751,836.41345,-1032.00952,-883.07703,893.43372,-730.25348,-663.91797,824.83691,-960.2627,-948.0929,401.30881,-967.69867,-630.34662,462.15692,-1029.495,NA,NA,NA,-670.39117,113.43289,-951.83484
571,5.7,-714.83972,1383.04944,-1116.19775,-856.77283,1481.26697,-864.72864,-897.19318,1432.24341,-1023.46295,NA,NA,NA,-1030.95374,1219.26794,-997.46045,-625.73053,1225.52307,-849.70538,-791.48077,1146.81006,-1032.76184,-864.02344,1286.5321,-823.11664,-1143.48352,945.83508,-994.3833,-581.89648,989.94855,-745.61023,NA,NA,NA,-467.94458,747.13715,-759.51215,-923.64655,837.70801,-1041.62219,-881.88727,893.52686,-737.6004,-663.13049,822.89935,-967.16132,-947.3797,400.09909,-971.92566,-630.00439,462.12979,-1037.33435,-1056.32263,207.8896,-483.85355,-670.823,105.24078,-985.9873
572,5.71,-711.26294,1382.6521,-1124.41724,-856.47906,1480.29956,-872.70209,-894.7901,1431.37695,-1031.33923,NA,NA,NA,-1028.65881,1218.67065,-1007.54413,-624.98596,1226.01172,-861.28711,-789.30011,1147.07324,-1042.41565,-863.46796,1285.70276,-831.3031,-1144.3197,947.43365,-1010.36292,-581.9328,989.21027,-749.12689,NA,NA,NA,-470.54108,744.3056,-765.52966,NA,NA,NA,-881.05096,893.30048,-745.07123,-661.53986,821.32025,-973.79047,-946.55334,398.87051,-976.4707,-629.70294,459.88071,-1042.52991,-1056.70251,206.49863,-491.18024,-668.01477,99.91639,-1009.44635
573,5.72,-708.21429,1381.61316,-1130.2251,-855.66754,1479.38965,-881.02069,-892.17139,1430.34802,-1039.84229,NA,NA,NA,-1026.34766,1217.66821,-1016.86212,-623.46466,1224.19141,-867.77966,-786.49854,1145.52722,-1050.66956,-862.44958,1285.70874,-840.14154,-1142.34863,947.32751,-1025.85168,-582.98285,986.28595,-755.02716,NA,NA,NA,-473.54285,741.73352,-769.83942,NA,NA,NA,-879.04877,892.40558,-752.42456,-660.42743,818.41687,-980.45068,-945.50702,397.96555,-981.50983,-629.93286,457.54037,-1048.72949,-1055.6665,203.38435,-500.56747,-661.04614,97.78356,-1033.34668
574,5.73,-705.09064,1380.54626,-1136.0304,-852.55255,1477.63489,-888.01709,-889.35162,1429.4834,-1048.22632,NA,NA,NA,-1023.98834,1215.97668,-1025.72156,-622.41736,1222.33716,-873.41742,-784.42017,1143.35693,-1056.99207,-860.84454,1284.12048,-847.5144,-1140.03235,946.30627,-1040.5918,-584.01227,983.92303,-761.57874,NA,NA,NA,-476.87225,738.28906,-776.08997,NA,NA,NA,-877.01752,891.41339,-760.07172,-658.21814,818.04761,-989.20203,NA,NA,NA,-630.5697,455.35397,-1054.74524,-1054.21558,200.39659,-508,NA,NA,NA
575,5.74,-701.28986,1380.7301,-1148.11304,-851.66339,1476.19287,-896.05695,-886.56506,1428.27991,-1056.10144,NA,NA,NA,-1021.80951,1215.04419,-1034.83667,-620.65875,1220.32458,-881.41534,-782.29492,1142.35706,-1064.91382,-858.78918,1282.93005,-855.95422,NA,NA,NA,-584.7196,982.22675,-767.46783,NA,NA,NA,-479.21451,735.31201,-781.56378,NA,NA,NA,-875.34998,890.2973,-768.05475,-656.76611,816.91638,-996.11475,NA,NA,NA,-629.47809,451.24185,-1059.30664,-1051.9115,196.12155,-517.41425,-646.85602,94.66604,-1081.10962
576,5.75,-698.70007,1377.94824,-1146.65588,-850.63007,1475.09644,-904.10339,-883.57324,1427.11377,-1064.77722,NA,NA,NA,-1018.92126,1213.61157,-1043.06409,-619.10272,1218.4342,-885.36676,-779.25775,1140.25964,-1072.05786,-857.4292,1281.2085,-863.58295,-1134.33899,944.25854,-1069.3407,-585.56055,980.24146,-775.77203,NA,NA,NA,-482.59109,731.83118,-787.20105,NA,NA,NA,-872.94403,888.83746,-775.46606,-655.79193,814.02783,-1003.76233,NA,NA,NA,-629.62555,446.57718,-1063.62366,-1049.70911,191.78558,-527.78363,-636.54169,99.94141,-1105.06494
577,5.76,-695.03558,1376.16919,-1151.36719,-848.32654,1473.37097,-911.29248,-880.48987,1425.57239,-1072.2771,NA,NA,NA,-1016.27399,1212.37683,-1051.6377,-616.62854,1216.97461,-893.59631,-776.61658,1138.81458,-1080.18469,-855.30817,1279.80945,-871.17493,-1131.54175,943.87946,-1083.80737,-585.40485,978.84387,-781.24951,NA,NA,NA,-484.10266,728.9538,-794.30054,NA,NA,NA,-870.3429,887.56097,-782.43201,-652.7973,812.38965,-1012.89252,NA,NA,NA,-630.05823,441.06369,-1065.31152,-1047.24463,187.08652,-538.53046,-625.43695,100.9718,-1128.67065
578,5.77,-690.88574,1377.2218,-1167.9967,-847.24054,1471.44849,-919.2323,-877.29132,1424.07556,-1080.47778,NA,NA,NA,-1013.03052,1211.09937,-1060.35449,-613.849,1215.44238,-901.69843,-773.70752,1137.79114,-1088.56067,-851.89771,1277.80359,-879.61896,-1127.97668,941.97491,-1095.75732,-585.29956,976.74664,-789.14587,NA,NA,NA,-486.22382,726.10565,-800.29529,NA,NA,NA,-867.78125,886.16833,-790.64148,-651.34058,811.27515,-1021.37433,NA,NA,NA,-629.80011,439.60907,-1076.43921,-1043.95605,181.99995,-548.53015,-619.62701,105.62746,-1148.20959
579,5.78,-687.92371,1373.09583,-1161.48767,-844.75281,1469.26526,-926.65729,-873.95911,1422.50525,-1087.93909,NA,NA,NA,-1009.51953,1209.74036,-1068.36829,-610.49847,1213.34436,-908.38751,-770.75238,1136.77393,-1097.16504,-848.58997,1275.57043,-886.78638,-1123.61426,941.80371,-1109.92383,-585.25342,973.76984,-798.29034,NA,NA,NA,-487.58026,723.69415,-807.07886,NA,NA,NA,-864.2934,884.0567,-799.32971,-647.85284,809.4295,-1031.42761,NA,NA,NA,-628.98859,432.70181,-1078.8125,-1041.76855,177.72156,-559.01453,-610.53381,112.17467,-1164.17859
580,5.79,-684.66101,1371.33704,-1165.24146,-841.62579,1467.32703,-933.81134,-870.60168,1420.74329,-1095.57678,NA,NA,NA,-1006.81146,1208.83704,-1076.63599,-609.40741,1211.31946,-916.16333,-767.61938,1134.33704,-1104.02185,-845.89813,1274.54089,-894.67047,NA,NA,NA,-583.61267,973.24231,-803.83405,NA,NA,NA,-488.85284,720.65063,-814.44708,NA,NA,NA,-860.6098,881.89038,-808.29828,-646.00366,808.37701,-1039.31372,NA,NA,NA,-629.27258,428.38828,-1083.26746,-1040.00134,173.41899,-570.37781,-602.88458,118.87521,-1181.31555
581,5.8,-680.30872,1369.57166,-1170.54529,-839.28882,1465.44897,-940.75122,-867.06012,1419.10449,-1103.48352,NA,NA,NA,-1003.3855,1207.17944,-1084.15979,-605.32318,1210.61121,-926.30865,-764.65869,1133.87231,-1112.37,-842.75165,1272.57837,-902.23236,-1115.56897,939.85413,-1133.78186,-582.41284,970.45001,-810.1488,NA,NA,NA,-490.25793,717.78125,-820.88867,NA,NA,NA,-857.43274,879.60498,-815.94604,-643.66333,806.1286,-1047.6416,NA,NA,NA,-631.84998,420.38501,-1095.75452,NA,NA,NA,-599.65479,122.10072,-1190.03003
582,5.81,-676.16321,1369.0824,-1178.44836,-837.86011,1464.06238,-948.75323,-863.42157,1417.2738,-1110.64563,NA,NA,NA,-999.24548,1205.14233,-1091.32605,-600.78198,1208.84155,-933.44373,-760.98975,1132.40649,-1120.44861,-838.23212,1269.42566,-909.07635,-1110.23584,939.3136,-1146.0188,-580.04626,968.42596,-817.26477,NA,NA,NA,-490.62524,714.55481,-829.33276,NA,NA,NA,-853.89392,877.9375,-825.33246,-639.573,805.62018,-1055.62451,NA,NA,NA,-630.8075,417.68451,-1103.10632,NA,NA,NA,-595.84534,126.16059,-1202.61084
583,5.82,-671.63428,1367.38379,-1183.30798,-833.82599,1461.69189,-955.45331,-859.60785,1415.54431,-1118.08167,NA,NA,NA,-995.69446,1203.58655,-1098.58789,-596.58392,1206.42969,-940.14587,-757.24554,1131.16492,-1128.50464,-834.64203,1267.65149,-917.65088,NA,NA,NA,-577.237,966.77039,-825.80261,NA,NA,NA,-489.62579,711.54279,-837.26544,NA,NA,NA,-848.66052,875.13025,-834.16534,-636.75983,803.67059,-1064.35803,NA,NA,NA,-629.2298,416.14813,-1111.54565,NA,NA,NA,-592.25891,125.64683,-1214.15369
584,5.83,-667.90356,1366.32983,-1188.45618,-831.08887,1459.59033,-962.29327,-855.7262,1413.74683,-1125.02966,NA,NA,NA,-991.55725,1201.92798,-1105.90601,-593.6709,1204.57849,-949.87744,-753.44312,1130.79395,-1137.297,-830.86853,1265.88965,-924.52081,NA,NA,NA,-573.56555,964.15637,-834.34424,NA,NA,NA,-488.43817,708.45844,-844.04755,NA,NA,NA,-844.44763,873.1319,-844.23682,-631.75067,802.58032,-1076.26599,NA,NA,NA,-625.45142,415.9982,-1122.94775,NA,NA,NA,-588.60828,122.65614,-1224.73535
585,5.84,-661.16766,1371.51709,-1213.3949,-827.14502,1457.09192,-968.66644,-851.77667,1411.76843,-1132.49121,NA,NA,NA,-986.81982,1199.81812,-1112.64526,-588.59186,1201.86243,-955.02124,-749.21112,1128.92297,-1144.45801,-824.99829,1262.89099,-931.93506,-1095.30359,933.95959,-1173.54077,-569.27209,961.54651,-842.67517,NA,NA,NA,-486.33954,706.11151,-852.30743,NA,NA,NA,-839.77197,870.0199,-853.4826,-629.3183,800.42151,-1085.20508,NA,NA,NA,-623.92236,415.04434,-1130.89697,NA,NA,NA,-589.79199,116.85461,-1230.68689
586,5.85,-659.39398,1364.48425,-1199.82605,-824.90558,1454.98145,-975.44928,-847.74188,1409.80933,-1138.99585,NA,NA,NA,-982.73132,1198.70142,-1120.18408,-583.71991,1199.55603,-961.4978,-744.46375,1127.07886,-1152.27271,-820.96191,1261.30347,-939.28625,-1089.48657,932.64844,-1183.30505,-564.77191,959.37915,-849.36798,NA,NA,NA,-484.93585,703.20001,-860.94019,NA,NA,NA,-834.72675,867.0094,-862.3656,-626.84796,797.3092,-1092.84973,NA,NA,NA,-620.95068,414.1312,-1141.24658,NA,NA,NA,-589.81757,109.85973,-1236.55469
587,5.86,-654.85065,1363.43274,-1204.59595,-820.935,1453.5011,-982.17737,-843.43463,1408.24597,-1145.73865,NA,NA,NA,-978.02887,1197.11572,-1127.026,-580.0744,1197.53625,-970.97668,-740,1126.02271,-1159.5675,-815.72083,1257.94556,-944.7359,-1083.60583,931.54077,-1192.9856,-560.16565,957.70032,-858.23096,NA,NA,NA,-483.42236,698.40778,-873.11169,NA,NA,NA,-830.37897,864.84967,-872.72583,-623.16071,796.7937,-1103.66455,NA,NA,NA,-618.15375,412.18243,-1151.86365,NA,NA,NA,-589.67358,102.80237,-1241.36572
588,5.87,-650.03113,1362.7594,-1210.12012,NA,NA,NA,-839.05566,1406.70129,-1152.36951,NA,NA,NA,-973.23254,1195.33887,-1133.89514,-572.73163,1195.10303,-977.65167,-734.73834,1126.34875,-1170.80322,-811.49585,1256.13208,-953.27936,-1042.77441,857.30139,-1469.3717,-554.88354,955.26453,-864.93652,NA,NA,NA,-479.00729,695.42554,-885.18579,NA,NA,NA,-825.38177,862.36371,-882.63696,-619.57928,794.99792,-1113.43298,NA,NA,NA,-614.33014,411.59601,-1163.69031,NA,NA,NA,-589.77283,96.90386,-1246.54138
589,5.88,-644.89764,1363.20215,-1218.01868,-813.3158,1450.10291,-994.92963,-834.5238,1405.43433,-1158.46289,NA,NA,NA,-968.17999,1193.92358,-1141.14429,-567.78412,1192.69971,-983.58209,-729.909,1124.84412,-1176.53369,-806.6861,1255.15918,-960.08569,-1035.48511,855.43097,-1475.16309,-550.9408,951.93829,-877.27747,NA,NA,NA,-474.37607,693.17975,-891.77643,NA,NA,NA,-820.09894,859.56769,-892.6662,-615.065,793.95605,-1124.26843,NA,NA,NA,-610.70111,408.04092,-1175.08508,NA,NA,NA,-590.70056,90.34872,-1249.6499
590,5.89,-640.07117,1363.2699,-1223.43201,-808.78467,1448.3252,-1001.58545,-829.78149,1404.69165,-1165.15808,NA,NA,NA,-963.22577,1192.07788,-1147.17126,-563.5072,1192.76294,-996.19458,-724.67603,1124.38306,-1184.14746,-801.789,1252.67419,-966.94537,-1028.1875,853.84808,-1481.37793,-545.02881,949.82196,-882.29913,NA,NA,NA,-469.15738,690.4538,-901.00299,NA,NA,NA,-816.67657,857.97406,-902.12512,-612.03198,792.72327,-1132.01611,NA,NA,NA,-607.13965,404.90305,-1185.82568,NA,NA,NA,-586.86591,91.71285,-1256.04968
591,5.9,-635.10919,1363.54871,-1228.00781,-804.21844,1447.4469,-1007.57361,-824.90179,1404.46875,-1172.08923,NA,NA,NA,-957.43243,1192.76257,-1158.75928,-557.55084,1191.12109,-1002.48615,-718.54449,1123.59631,-1192.4104,-796.2168,1252.05383,-975.22736,-1020.9231,851.36127,-1485.84058,-539.30975,947.61157,-890.64258,NA,NA,NA,-464.38843,687.81915,-911.16504,NA,NA,NA,-812.16199,856.10699,-912.0639,-607.08759,790.7738,-1142.03638,NA,NA,NA,-602.92255,401.20032,-1197.60059,NA,NA,NA,-581.12634,92.87454,-1267.84778
592,5.91,-599.42065,1393.47632,-1108.26025,-799.354,1447.73181,-1014.03815,-819.80518,1404.73706,-1179.07275,NA,NA,NA,-952.26282,1191.30469,-1163.55627,-552.46375,1188.98608,-1007.51996,-712.80524,1125.31213,-1203.19128,-790.06293,1250.70605,-981.90613,-1013.5672,849.51678,-1491.43958,-533.30255,946.06702,-899.85864,NA,NA,NA,-458.31537,686.6792,-921.15698,NA,NA,NA,-806.85278,854.74139,-921.64136,-603.99243,789.4975,-1151.09827,NA,NA,NA,-604.04462,399.62369,-1206.49878,NA,NA,NA,-578.78247,92.13065,-1271.82397
593,5.92,-624.41193,1365.71545,-1239.46179,-795.19501,1447.25928,-1020.98553,-814.72186,1405.04456,-1185.31482,NA,NA,NA,-946.88782,1191.36267,-1172.29541,-547.27966,1187.03491,-1011.90015,-706.92786,1124.57288,-1209.16077,-784.46124,1250.11316,-989.6543,-1006.20996,847.78925,-1496.76184,-528.08624,944.86768,-909.48828,NA,NA,NA,-453.49963,684.77686,-928.86768,NA,NA,NA,-802.50482,854.35345,-931.34204,-598.08551,790.78406,-1163.18237,NA,NA,NA,-594.56927,398.60577,-1219.34375,NA,NA,NA,-573.78284,89.62231,-1279.94299
594,5.93,-618.72656,1367.59753,-1246.43567,-789.38794,1446.09338,-1027.27551,-809.45978,1405.76563,-1192.19482,NA,NA,NA,-940.96112,1191.80493,-1180.08496,-542.86615,1188.14771,-1024.8468,-701.44934,1126.59973,-1218.21692,-779.00928,1251.03455,-998.20844,-998.5246,846.66486,-1503.05542,-523.32843,943.42108,-919.9668,NA,NA,NA,-448.67239,683.47571,-940.15277,NA,NA,NA,-798.75403,853.92651,-940.00122,-595.18573,789.97205,-1169.93579,NA,NA,NA,-594.01428,397.35834,-1226.74902,NA,NA,NA,-568.76752,86.40881,-1288.05188
595,5.94,-613.41406,1368.27551,-1249.31567,-784.71918,1446.51917,-1033.08569,NA,NA,NA,NA,NA,NA,-935.67322,1192.85144,-1188.7937,-536.62262,1187.95764,-1029.61133,-695.48596,1127.03906,-1225.27588,-774.59296,1251.3407,-1005.84937,-990.35107,846.80432,-1511.2804,-517.22064,942.88708,-927.09021,NA,NA,NA,-442.69128,682.88116,-950.77264,NA,NA,NA,-793.74963,854.01978,-949.0871,-589.34705,791.0163,-1180.89392,NA,NA,NA,-588.05225,398.23868,-1237.58691,NA,NA,NA,-566.43207,79.84098,-1291.10681
596,5.95,-607.64764,1370.21301,-1256.04199,-780.97113,1446.90686,-1039.85779,NA,NA,NA,NA,NA,NA,-929.78656,1192.9552,-1194.63757,-531.59399,1188.99402,-1038.4408,-690.08063,1129.14795,-1233.53381,-768.65692,1250.98779,-1011.86987,-982.6972,846.26978,-1518.28284,-512.19159,942.84656,-938.0545,NA,NA,NA,-434.65924,682.50604,-965.83545,NA,NA,NA,-789.90369,854.16565,-958.88855,-583.72461,792.74255,-1191.45569,NA,NA,NA,-583.0061,398.4043,-1245.02844,NA,NA,NA,-567.05341,75.29238,-1295.72095
597,5.96,-602.05573,1371.5166,-1260.81702,-775.01349,1445.96655,-1046.33215,NA,NA,NA,NA,NA,NA,-924.94348,1194.9563,-1203.87244,NA,NA,NA,-686.23535,1129.73511,-1243.42419,-764.41138,1252.13135,-1020.2113,-975.17609,844.51807,-1523.18054,-506.6897,942.98865,-947.21063,NA,NA,NA,-429.48587,683.58289,-976.38251,NA,NA,NA,-785.36542,854.68042,-968.22363,-578.22296,795.71191,-1200.60486,NA,NA,NA,-573.2962,402.13525,-1254.99622,NA,NA,NA,NA,NA,NA
598,5.97,-596.47528,1372.80969,-1265.65979,NA,NA,NA,NA,NA,NA,NA,NA,NA,-919.76727,1195.24854,-1208.17004,NA,NA,NA,-681.03864,1131.61694,-1252.61951,-759.22577,1253.00146,-1027.23694,-967.17371,845.04321,-1531.87073,-500.53143,944.54907,-953.74347,NA,NA,NA,-423.63202,685.73169,-979.18048,NA,NA,NA,-781.40845,854.39374,-975.94452,-574.52435,796.53265,-1207.0542,NA,NA,NA,-569.27161,404.16901,-1262.64868,NA,NA,NA,NA,NA,NA
599,5.98,-590.9408,1374.0752,-1270.67493,NA,NA,NA,NA,NA,NA,NA,NA,NA,-914.63531,1197.84753,-1218.74744,NA,NA,NA,-676.1933,1133.61609,-1259.05579,-754.7533,1254.18689,-1034.54346,-959.41779,844.69568,-1539.34766,-495.68542,945.23767,-964.7677,NA,NA,NA,-418.3295,687.99396,-989.7926,NA,NA,NA,-777.13245,856.23468,-984.86957,-566.73407,799.8844,-1217.84741,NA,NA,NA,-564.76434,406.63666,-1270.57813,NA,NA,NA,NA,NA,NA
600,5.99,-585.45819,1375.24609,-1276.09778,NA,NA,NA,NA,NA,NA,NA,NA,NA,-909.88293,1199.56641,-1226.0885,NA,NA,NA,-671.65112,1135.09741,-1264.85999,-750.63251,1254.84546,-1041.35571,-952.10602,844.05957,-1546.20447,-491.71442,944.98907,-976.83142,NA,NA,NA,-414.52463,686.71466,-1003.85754,NA,NA,NA,-772.80658,857.11005,-993.77167,-561.66302,800.85675,-1224.88672,NA,NA,NA,-559.89233,409.2937,-1276.6571,NA,NA,NA,NA,NA,NA
601,6,-580.24017,1375.65417,-1280.10718,NA,NA,NA,NA,NA,NA,NA,NA,NA,-905.19489,1200.84277,-1233.09192,NA,NA,NA,-668.53339,1135.30591,-1274.74402,-746.45422,1255.92102,-1048.13416,-944.74554,844.36481,-1554.89136,-485.0239,945.85559,-984.72217,NA,NA,NA,-408.31482,688.58569,-1014.2536,NA,NA,NA,-768.55554,857.31396,-1001.55566,-555.26422,804.80768,-1233.32263,NA,NA,NA,-550.98553,411.71729,-1289.56689,NA,NA,NA,NA,NA,NA
602,6.01,-574.98248,1376.87317,-1286.58752,NA,NA,NA,NA,NA,NA,NA,NA,NA,-900.9928,1202.07507,-1240.74963,NA,NA,NA,-663.05377,1139.26416,-1278.46912,-742.4823,1255.72205,-1053.80627,-938.04791,844.24988,-1563.05237,-479.47885,947.43896,-991.93005,NA,NA,NA,-400.76334,690.08887,-1029.90051,NA,NA,NA,-764.35199,858.513,-1008.2948,-550.83209,805.98627,-1238.56799,NA,NA,NA,-548.21808,412.68814,-1292.06006,NA,NA,NA,NA,NA,NA
603,6.02,-570.1712,1376.80542,-1290.07117,NA,NA,NA,NA,NA,NA,NA,NA,NA,-896.69952,1203.72449,-1248.5697,NA,NA,NA,-658.38013,1140.6571,-1285.51807,-740.29364,1257.66016,-1061.55225,NA,NA,NA,-474.9552,948.19312,-1001.59668,NA,NA,NA,-396.95148,691.15161,-1037.75476,NA,NA,NA,-761.29614,859.08527,-1016.17798,-544.63513,808.76147,-1246.55469,NA,NA,NA,-544.76923,414.52008,-1296.63184,NA,NA,NA,NA,NA,NA
604,6.03,NA,NA,NA,NA,NA,NA,NA,NA,NA,NA,NA,NA,-893.22797,1204.67004,-1254.35999,NA,NA,NA,-654.30237,1143.00281,-1292.08813,-736.47546,1258.45862,-1068.08264,NA,NA,NA,-467.77023,948.94769,-1011.85028,NA,NA,NA,-391.44836,692.88367,-1049.04675,NA,NA,NA,-756.27661,859.35187,-1023.36719,-537.81598,811.52045,-1255.86743,NA,NA,NA,-540.80261,414.71808,-1300.94836,NA,NA,NA,NA,NA,NA
605,6.04,NA,NA,NA,NA,NA,NA,NA,NA,NA,NA,NA,NA,-888.96674,1205.64832,-1263.11536,NA,NA,NA,-650.45142,1145.05127,-1299.86646,-733.10736,1258.96228,-1074.4458,NA,NA,NA,-463.05057,950.58502,-1019.68811,NA,NA,NA,-384.65402,695.20074,-1061.48438,NA,NA,NA,-752.36584,860.68695,-1031.1698,-532.66064,812.37329,-1262.18091,NA,NA,NA,-537.27356,413.02719,-1305.14417,NA,NA,NA,NA,NA,NA
606,6.05,NA,NA,NA,NA,NA,NA,NA,NA,NA,NA,NA,NA,-885.91162,1205.97815,-1268.53296,NA,NA,NA,-646.97504,1145.35461,-1305.40674,-729.38684,1258.88623,-1079.8158,NA,NA,NA,-457.76602,952.23352,-1026.88562,NA,NA,NA,-378.54086,696.85291,-1073.07178,NA,NA,NA,-748.75616,861.14935,-1036.79199,-528.2912,813.54773,-1268.20325,NA,NA,NA,-533.84357,412.13235,-1307.27832,NA,NA,NA,NA,NA,NA
607,6.06,NA,NA,NA,NA,NA,NA,NA,NA,NA,NA,NA,NA,-882.30109,1207.31335,-1276.59766,NA,NA,NA,-643.3291,1147.2417,-1312.05615,-727.453,1260.19604,-1085.9386,NA,NA,NA,-452.68906,953.07275,-1035.78528,NA,NA,NA,-371.78424,697.91699,-1084.8949,NA,NA,NA,-743.35388,861.13812,-1044.43054,-522.07117,816.44611,-1276.83789,NA,NA,NA,-530.10828,410.99265,-1308.88135,NA,NA,NA,NA,NA,NA
608,6.07,NA,NA,NA,NA,NA,NA,NA,NA,NA,NA,NA,NA,-879.17206,1206.96448,-1281.92285,NA,NA,NA,NA,NA,NA,-724.2973,1260.70837,-1092.71936,NA,NA,NA,-447.50031,954.02545,-1044.29443,NA,NA,NA,-365.07816,701.00323,-1096.76428,NA,NA,NA,-739.57983,861.51642,-1051.01794,-516.29492,817.7309,-1283.48669,NA,NA,NA,-523.61804,411.02097,-1315.90173,NA,NA,NA,NA,NA,NA
609,6.08,NA,NA,NA,NA,NA,NA,NA,NA,NA,NA,NA,NA,-875.80322,1206.4707,-1288.21277,NA,NA,NA,NA,NA,NA,-722.64532,1261.32471,-1099.43213,NA,NA,NA,-442.42938,954.94458,-1049.75195,NA,NA,NA,-359.79922,703.02765,-1108.32471,NA,NA,NA,-735.11133,862.09998,-1058.03906,-511.3248,819.80255,-1289.9104,NA,NA,NA,-517.97394,410.69131,-1316.83826,NA,NA,NA,NA,NA,NA
610,6.09,NA,NA,NA,NA,NA,NA,NA,NA,NA,NA,NA,NA,-872.73474,1207.54272,-1297.04053,NA,NA,NA,NA,NA,NA,-719.46149,1261.8551,-1105.7428,NA,NA,NA,-437.93802,955.92053,-1057.0332,NA,NA,NA,-352.18524,704.94708,-1121.1427,NA,NA,NA,-731.61481,863.04395,-1065.31836,-505.78,820.70428,-1296.15894,NA,NA,NA,-516.2887,407.56705,-1312.27405,NA,NA,NA,NA,NA,NA
611,6.1,NA,NA,NA,NA,NA,NA,NA,NA,NA,NA,NA,NA,-869.46631,1206.77832,-1302.39893,NA,NA,NA,NA,NA,NA,-717.93524,1262.07849,-1111.97864,NA,NA,NA,-433.88312,957.62598,-1063.60303,NA,NA,NA,-345.87186,708.54358,-1134.12524,NA,NA,NA,-728.98541,862.44696,-1071.35083,-501.02655,823.27917,-1301.69629,NA,NA,NA,-511.7334,406.28943,-1311.55676,NA,NA,NA,NA,NA,NA
612,6.11,NA,NA,NA,NA,NA,NA,NA,NA,NA,NA,NA,NA,-865.98199,1207.15308,-1310.21155,NA,NA,NA,NA,NA,NA,-716.19611,1262.56543,-1117.43579,NA,NA,NA,-428.45819,959.10999,-1071.95239,NA,NA,NA,-341.0062,711.65106,-1144.97034,NA,NA,NA,-726.51691,861.95752,-1083.83472,-495.43234,824.70721,-1308.68896,NA,NA,NA,-507.47867,403.15424,-1309.32007,NA,NA,NA,NA,NA,NA
613,6.12,NA,NA,NA,NA,NA,NA,NA,NA,NA,NA,NA,NA,-862.59296,1206.10413,-1316.30542,NA,NA,NA,NA,NA,NA,-713.03827,1263.59741,-1124.4071,NA,NA,NA,-424.87714,960.40332,-1077.50439,NA,NA,NA,-334.27472,714.46191,-1159.6709,NA,NA,NA,-723.39777,862.92316,-1088.50769,-490.82852,827.41217,-1312.4823,NA,NA,NA,-502.43396,401.63629,-1308.91565,NA,NA,NA,NA,NA,NA
614,6.13,NA,NA,NA,NA,NA,NA,NA,NA,NA,NA,NA,NA,-859.49268,1206.72729,-1324.71338,NA,NA,NA,NA,NA,NA,-711.15265,1263.26367,-1130.0199,NA,NA,NA,-420.65732,961.76062,-1083.32776,NA,NA,NA,-329.30481,717.83069,-1168.96399,NA,NA,NA,-720.12756,862.2533,-1094.81738,-485.56039,827.77124,-1317.25671,NA,NA,NA,-498.97781,401.02844,-1307.10425,NA,NA,NA,NA,NA,NA
615,6.14,NA,NA,NA,NA,NA,NA,NA,NA,NA,NA,NA,NA,-856.94037,1206.46924,-1330.02637,NA,NA,NA,NA,NA,NA,-708.70465,1263.36584,-1136.48438,NA,NA,NA,-416.6951,963.77905,-1087.51587,NA,NA,NA,-324.08337,720.63733,-1182.42004,NA,NA,NA,-718.52405,863.40106,-1102.47876,NA,NA,NA,NA,NA,NA,-494.90677,399.0242,-1305.91772,NA,NA,NA,NA,NA,NA
616,6.15,NA,NA,NA,NA,NA,NA,NA,NA,NA,NA,NA,NA,-853.01733,1205.60364,-1336.03479,NA,NA,NA,NA,NA,NA,-707.17621,1265.16077,-1143.15979,NA,NA,NA,-412.40683,965.07892,-1095.59924,NA,NA,NA,-318.9884,723.99829,-1193.0835,NA,NA,NA,-715.95007,863.41168,-1112.2832,NA,NA,NA,NA,NA,NA,-490.18732,396.27487,-1305.3739,NA,NA,NA,NA,NA,NA
617,6.16,NA,NA,NA,NA,NA,NA,NA,NA,NA,NA,NA,NA,-849.23584,1206.60571,-1345.9314,NA,NA,NA,NA,NA,NA,-705.13287,1263.53528,-1149.08948,NA,NA,NA,-409.29044,966.64941,-1100.90686,NA,NA,NA,-314.48016,728.20929,-1203.54919,NA,NA,NA,-713.94775,863.90326,-1114.95605,NA,NA,NA,NA,NA,NA,-484.93912,395.59439,-1306.91113,NA,NA,NA,NA,NA,NA
618,6.17,NA,NA,NA,NA,NA,NA,NA,NA,NA,NA,NA,NA,-845.5451,1206.28369,-1353.4812,NA,NA,NA,NA,NA,NA,-703.92969,1263.89392,-1154.8866,NA,NA,NA,-405.25894,968.26947,-1107.34338,NA,NA,NA,-309.60779,731.97076,-1214.90186,NA,NA,NA,-712.46289,863.98273,-1122.73474,NA,NA,NA,NA,NA,NA,-483.73666,393.8428,-1302.92566,NA,NA,NA,NA,NA,NA
619,6.18,NA,NA,NA,NA,NA,NA,NA,NA,NA,NA,NA,NA,-842.91785,1205.46716,-1357.59546,NA,NA,NA,NA,NA,NA,-701.45508,1264.84705,-1161.01514,NA,NA,NA,-401.95084,968.70996,-1111.22888,NA,NA,NA,-304.34686,735.06952,-1225.08716,NA,NA,NA,-711.27393,863.50885,-1130.43652,NA,NA,NA,NA,NA,NA,-478.81757,392.17523,-1302.06555,NA,NA,NA,NA,NA,NA
620,6.19,NA,NA,NA,NA,NA,NA,NA,NA,NA,NA,NA,NA,-838.51929,1205.95251,-1366.52808,NA,NA,NA,NA,NA,NA,-700.35968,1263.45203,-1170.01758,NA,NA,NA,-399.05426,970.83582,-1116.20996,NA,NA,NA,-299.75964,738.38605,-1238.78943,NA,NA,NA,-710.61804,863.18024,-1137.38416,NA,NA,NA,NA,NA,NA,-474.95007,391.0661,-1303.49744,NA,NA,NA,NA,NA,NA
621,6.2,NA,NA,NA,NA,NA,NA,NA,NA,NA,NA,NA,NA,-835.21149,1206.01257,-1374.00122,NA,NA,NA,NA,NA,NA,-695.60706,1263.83118,-1172.854,NA,NA,NA,-395.97229,971.72821,-1121.75305,NA,NA,NA,-296.00317,742.31689,-1248.07544,NA,NA,NA,-708.80566,862.96948,-1142.59985,NA,NA,NA,NA,NA,NA,-472.56558,390.44952,-1302.67834,NA,NA,NA,NA,NA,NA
622,6.21,NA,NA,NA,NA,NA,NA,NA,NA,NA,NA,NA,NA,-830.67743,1205.69702,-1383.07373,NA,NA,NA,NA,NA,NA,-695.12158,1265.27759,-1181.26599,NA,NA,NA,-393.24188,972.46271,-1126.41235,NA,NA,NA,-291.90677,744.87024,-1257.73938,NA,NA,NA,-708.75897,863.47552,-1150.87781,NA,NA,NA,NA,NA,NA,-469.56998,389.46484,-1303.42944,NA,NA,NA,NA,NA,NA
623,6.22,NA,NA,NA,NA,NA,NA,NA,NA,NA,NA,NA,NA,-826.55914,1204.75061,-1389.02954,NA,NA,NA,NA,NA,NA,-693.55688,1263.62939,-1190.08276,NA,NA,NA,-390.16891,972.68292,-1131.25183,NA,NA,NA,-289.04889,748.11536,-1264.85071,NA,NA,NA,-709.71606,862.21472,-1160.4043,NA,NA,NA,NA,NA,NA,-467.12271,388.39474,-1303.3114,NA,NA,NA,NA,NA,NA
624,6.23,NA,NA,NA,NA,NA,NA,NA,NA,NA,NA,NA,NA,-822.70313,1203.91772,-1395.69849,NA,NA,NA,NA,NA,NA,NA,NA,NA,NA,NA,NA,-388.24188,973.40192,-1135.18665,NA,NA,NA,-285.79642,751.2572,-1274.41272,NA,NA,NA,-708.52338,861.93738,-1165.73755,NA,NA,NA,NA,NA,NA,-463.86728,387.4425,-1304.36829,NA,NA,NA,NA,NA,NA
625,6.24,NA,NA,NA,NA,NA,NA,NA,NA,NA,NA,NA,NA,-818.91797,1203.57288,-1403.67139,NA,NA,NA,NA,NA,NA,NA,NA,NA,NA,NA,NA,-385.85123,974.12744,-1139.52856,NA,NA,NA,-282.5246,753.22852,-1282.29138,NA,NA,NA,-707.58374,862.89258,-1172.75891,NA,NA,NA,NA,NA,NA,-461.63602,386.25772,-1304.52307,NA,NA,NA,NA,NA,NA
626,6.25,NA,NA,NA,NA,NA,NA,NA,NA,NA,NA,NA,NA,-814.41095,1203.64136,-1412.75549,NA,NA,NA,NA,NA,NA,NA,NA,NA,NA,NA,NA,-383.90295,974.46979,-1143.2301,NA,NA,NA,-280.87128,755.20605,-1287.88501,NA,NA,NA,-707.48279,861.53888,-1179.67566,NA,NA,NA,NA,NA,NA,-459.1626,386.40192,-1305.39124,NA,NA,NA,NA,NA,NA
627,6.26,NA,NA,NA,NA,NA,NA,NA,NA,NA,NA,NA,NA,-809.70996,1203.5907,-1421.66003,NA,NA,NA,NA,NA,NA,NA,NA,NA,NA,NA,NA,-382.26315,974.77332,-1145.11877,NA,NA,NA,-277.49014,756.7251,-1295.79956,NA,NA,NA,-707.11237,861.77362,-1187.61304,NA,NA,NA,NA,NA,NA,-452.94989,386.65994,-1310.12415,NA,NA,NA,NA,NA,NA
628,6.27,NA,NA,NA,NA,NA,NA,NA,NA,NA,NA,NA,NA,-805.56384,1203.02771,-1429.72363,NA,NA,NA,NA,NA,NA,NA,NA,NA,NA,NA,NA,-380.1535,974.43347,-1149.23706,NA,NA,NA,-274.79547,759.41577,-1303.26355,NA,NA,NA,-707.83484,861.30829,-1197.69666,NA,NA,NA,NA,NA,NA,-452.17346,386.01288,-1310.6084,NA,NA,NA,NA,NA,NA
629,6.28,NA,NA,NA,NA,NA,NA,NA,NA,NA,NA,NA,NA,-801.22925,1201.92847,-1436.7085,NA,NA,NA,NA,NA,NA,NA,NA,NA,NA,NA,NA,-378.41898,973.73749,-1152.33972,NA,NA,NA,-273.51111,760.31866,-1307.97021,NA,NA,NA,-707.93237,859.60217,-1208.90393,NA,NA,NA,NA,NA,NA,-451.08453,385.66656,-1311.17017,NA,NA,NA,NA,NA,NA
630,6.29,NA,NA,NA,NA,NA,NA,NA,NA,NA,NA,NA,NA,-796.41205,1201.6062,-1445.39734,NA,NA,NA,NA,NA,NA,NA,NA,NA,NA,NA,NA,-378.17529,973.36584,-1156.06604,NA,NA,NA,-271.43704,761.92072,-1313.98572,NA,NA,NA,-707.12433,860.68262,-1214.53625,NA,NA,NA,NA,NA,NA,-449.90634,383.38211,-1311.41882,NA,NA,NA,NA,NA,NA
631,6.3,NA,NA,NA,NA,NA,NA,NA,NA,NA,NA,NA,NA,-791.82666,1201.95251,-1456.17468,NA,NA,NA,NA,NA,NA,NA,NA,NA,NA,NA,NA,-377.16953,972.50867,-1159.26978,NA,NA,NA,-270.94913,762.86298,-1316.35278,NA,NA,NA,-706.3869,860.15131,-1222.52686,NA,NA,NA,NA,NA,NA,-450.07736,382.72888,-1312.05664,NA,NA,NA,NA,NA,NA
632,6.31,NA,NA,NA,NA,NA,NA,NA,NA,NA,NA,NA,NA,-786.96338,1201.77466,-1465.58691,NA,NA,NA,NA,NA,NA,NA,NA,NA,NA,NA,NA,-376.54285,973.05652,-1161.95325,NA,NA,NA,-269.47632,762.90472,-1321.21887,NA,NA,NA,-705.23865,859.06177,-1228.78674,NA,NA,NA,NA,NA,NA,-449.10934,382.79385,-1313.41357,NA,NA,NA,NA,NA,NA
633,6.32,NA,NA,NA,NA,NA,NA,NA,NA,NA,NA,NA,NA,-782.33966,1200.65247,-1473.09229,NA,NA,NA,NA,NA,NA,NA,NA,NA,NA,NA,NA,-376.35638,972.12128,-1163.47217,NA,NA,NA,-268.38342,763.01031,-1324.4176,NA,NA,NA,-703.74463,859.11768,-1236.31348,NA,NA,NA,NA,NA,NA,-448.75394,382.34283,-1314.12085,NA,NA,NA,NA,NA,NA
634,6.33,NA,NA,NA,NA,NA,NA,NA,NA,NA,NA,NA,NA,-777.60547,1200.16943,-1482.42029,NA,NA,NA,NA,NA,NA,NA,NA,NA,NA,NA,NA,-376.29636,970.862,-1167.77234,NA,NA,NA,-268.01736,761.74377,-1327.61438,NA,NA,NA,-702.93823,858.45605,-1245.56604,NA,NA,NA,NA,NA,NA,-447.77399,382.22705,-1315.68408,NA,NA,NA,NA,NA,NA
635,6.34,NA,NA,NA,NA,NA,NA,NA,NA,NA,NA,NA,NA,-772.68304,1199.35083,-1491.31409,NA,NA,NA,NA,NA,NA,NA,NA,NA,NA,NA,NA,-376.15128,969.81128,-1170.31042,NA,NA,NA,-267.57883,760.92517,-1329.60291,NA,NA,NA,-703.06567,856.75,-1257.88721,NA,NA,NA,NA,NA,NA,-447.15979,382.48425,-1315.57434,NA,NA,NA,NA,NA,NA
636,6.35,NA,NA,NA,NA,NA,NA,NA,NA,NA,NA,NA,NA,-767.55676,1198.93152,-1501.16174,NA,NA,NA,NA,NA,NA,NA,NA,NA,NA,NA,NA,-378.30618,968.88196,-1172.53394,NA,NA,NA,-267.29459,759.30121,-1331.54529,NA,NA,NA,-701.2345,856.78815,-1262.75293,NA,NA,NA,NA,NA,NA,-445.27072,381.94202,-1319.73474,NA,NA,NA,NA,NA,NA
637,6.36,NA,NA,NA,NA,NA,NA,NA,NA,NA,NA,NA,NA,-762.41632,1198.0553,-1510.2334,NA,NA,NA,NA,NA,NA,NA,NA,NA,NA,NA,NA,-378.56607,967.6413,-1174.2771,NA,NA,NA,-267.89032,757.29395,-1332.18286,NA,NA,NA,-699.85986,856.46332,-1269.55432,NA,NA,NA,NA,NA,NA,-445.99475,379.93356,-1316.77905,NA,NA,NA,NA,NA,NA
638,6.37,NA,NA,NA,NA,NA,NA,NA,NA,NA,NA,NA,NA,-757.47852,1197.18225,-1519.5874,NA,NA,NA,NA,NA,NA,NA,NA,NA,NA,NA,NA,-378.63498,966.95465,-1176.44177,NA,NA,NA,-267.61874,755.28888,-1334.03088,NA,NA,NA,-699.74976,853.73615,-1281.49841,NA,NA,NA,NA,NA,NA,-445.92712,379.65662,-1317.00208,NA,NA,NA,NA,NA,NA
639,6.38,NA,NA,NA,NA,NA,NA,NA,NA,NA,NA,NA,NA,-751.96661,1197.10315,-1530.94287,NA,NA,NA,NA,NA,NA,NA,NA,NA,NA,NA,NA,-379.00671,965.47516,-1180.12646,NA,NA,NA,-268.44598,752.05249,-1333.71826,NA,NA,NA,-698.53271,852.61981,-1289.26477,NA,NA,NA,NA,NA,NA,-443.45877,379.40137,-1321.08618,NA,NA,NA,NA,NA,NA
640,6.39,NA,NA,NA,NA,NA,NA,NA,NA,NA,NA,NA,NA,-746.70416,1195.76318,-1539.70056,NA,NA,NA,NA,NA,NA,NA,NA,NA,NA,NA,NA,-378.79669,963.41583,-1180.56494,NA,NA,NA,-268.48199,749.75287,-1334.40381,NA,NA,NA,-697.72931,851.55286,-1299.7113,NA,NA,NA,NA,NA,NA,-441.42593,380.05026,-1325.15356,NA,NA,NA,NA,NA,NA
641,6.4,NA,NA,NA,NA,NA,NA,NA,NA,NA,NA,NA,NA,-741.51599,1194.5918,-1549.01025,NA,NA,NA,NA,NA,NA,NA,NA,NA,NA,NA,NA,-380.32205,960.11664,-1191.29919,NA,NA,NA,-269.05734,745.80457,-1333.25342,NA,NA,NA,-695.88354,850.276,-1310.60144,NA,NA,NA,NA,NA,NA,-440.51254,379.30475,-1327.15613,NA,NA,NA,NA,NA,NA
642,6.41,NA,NA,NA,NA,NA,NA,NA,NA,NA,NA,NA,NA,-735.70575,1193.41943,-1558.22949,NA,NA,NA,NA,NA,NA,NA,NA,NA,NA,NA,NA,-383.16742,957.66748,-1194.06201,NA,NA,NA,-268.66861,743.646,-1333.83093,NA,NA,NA,-694.03821,847.83307,-1317.94446,NA,NA,NA,NA,NA,NA,-439.38965,377.73608,-1328.16541,NA,NA,NA,NA,NA,NA
643,6.42,NA,NA,NA,NA,NA,NA,NA,NA,NA,NA,NA,NA,NA,NA,NA,NA,NA,NA,NA,NA,NA,NA,NA,NA,NA,NA,NA,-384.40604,956.81116,-1193.7179,NA,NA,NA,-268.74832,739.70831,-1332.43921,NA,NA,NA,-691.6651,848.36554,-1320.60046,NA,NA,NA,NA,NA,NA,-437.79648,377.7457,-1329.4325,NA,NA,NA,NA,NA,NA
644,6.43,NA,NA,NA,NA,NA,NA,NA,NA,NA,NA,NA,NA,NA,NA,NA,NA,NA,NA,NA,NA,NA,NA,NA,NA,NA,NA,NA,-385.03604,955.82843,-1196.81506,NA,NA,NA,-269.26407,736.47748,-1331.07092,NA,NA,NA,-690.93396,846.39618,-1333.46594,NA,NA,NA,NA,NA,NA,-436.43787,376.95618,-1331.66272,NA,NA,NA,NA,NA,NA
645,6.44,NA,NA,NA,NA,NA,NA,NA,NA,NA,NA,NA,NA,NA,NA,NA,NA,NA,NA,NA,NA,NA,NA,NA,NA,NA,NA,NA,-388.34296,954.2912,-1201.61438,NA,NA,NA,-269.55438,732.53345,-1329.33569,NA,NA,NA,-688.97833,846.02448,-1344.77124,NA,NA,NA,NA,NA,NA,-433.54742,375.55908,-1335.37549,NA,NA,NA,NA,NA,NA
646,6.45,NA,NA,NA,NA,NA,NA,NA,NA,NA,NA,NA,NA,NA,NA,NA,NA,NA,NA,NA,NA,NA,NA,NA,NA,NA,NA,NA,-390.28174,951.39203,-1205.03687,NA,NA,NA,-270.03763,728.19006,-1327.33276,NA,NA,NA,-687.23425,841.93726,-1357.92957,NA,NA,NA,NA,NA,NA,-432.50174,375.17453,-1335.94543,NA,NA,NA,NA,NA,NA
647,6.46,NA,NA,NA,NA,NA,NA,NA,NA,NA,NA,NA,NA,NA,NA,NA,NA,NA,NA,NA,NA,NA,NA,NA,NA,NA,NA,NA,-392.51599,951.05554,-1201.96216,NA,NA,NA,-270.45657,725.26019,-1325.73853,NA,NA,NA,-685.64404,843.64111,-1363.23755,NA,NA,NA,NA,NA,NA,-430.61469,373.90836,-1338.27734,NA,NA,NA,NA,NA,NA
648,6.47,NA,NA,NA,NA,NA,NA,NA,NA,NA,NA,NA,NA,NA,NA,NA,NA,NA,NA,NA,NA,NA,NA,NA,NA,NA,NA,NA,-395.38538,946.96167,-1213.28687,NA,NA,NA,-271.61829,721.18402,-1322.69141,NA,NA,NA,-683.25153,839.73547,-1377.05933,NA,NA,NA,NA,NA,NA,-428.42438,373.4288,-1340.00293,NA,NA,NA,NA,NA,NA
649,6.48,NA,NA,NA,NA,NA,NA,NA,NA,NA,NA,NA,NA,NA,NA,NA,NA,NA,NA,NA,NA,NA,NA,NA,NA,NA,NA,NA,-397.6145,947.71521,-1208.28394,NA,NA,NA,-272.86499,717.24561,-1319.7876,NA,NA,NA,-681.09094,838.09149,-1387.11206,NA,NA,NA,NA,NA,NA,-427.36969,372.69351,-1341.21045,NA,NA,NA,NA,NA,NA
650,6.49,NA,NA,NA,NA,NA,NA,NA,NA,NA,NA,NA,NA,NA,NA,NA,NA,NA,NA,NA,NA,NA,NA,NA,NA,NA,NA,NA,-401.21378,945.44934,-1216.55042,NA,NA,NA,-273.96219,713.92371,-1317.51245,NA,NA,NA,-678.96539,837.34399,-1396.84351,NA,NA,NA,NA,NA,NA,-425.12238,372.68677,-1345.12805,NA,NA,NA,NA,NA,NA
651,6.5,NA,NA,NA,NA,NA,NA,NA,NA,NA,NA,NA,NA,NA,NA,NA,NA,NA,NA,NA,NA,NA,NA,NA,NA,NA,NA,NA,-403.75934,943.80768,-1222.94788,NA,NA,NA,-276.32138,710.2962,-1313.26111,NA,NA,NA,-677.08673,837.48682,-1406.38257,NA,NA,NA,NA,NA,NA,-422.47617,372.07327,-1351.28174,NA,NA,NA,NA,NA,NA
652,6.51,NA,NA,NA,NA,NA,NA,NA,NA,NA,NA,NA,NA,NA,NA,NA,NA,NA,NA,NA,NA,NA,NA,NA,NA,NA,NA,NA,-406.69876,942.84155,-1225.84924,NA,NA,NA,-278.09183,706.3172,-1309.36328,NA,NA,NA,-674.44495,834.77173,-1418.46655,NA,NA,NA,NA,NA,NA,-421.4259,370.44202,-1352.93323,NA,NA,NA,NA,NA,NA
653,6.52,NA,NA,NA,NA,NA,NA,NA,NA,NA,NA,NA,NA,NA,NA,NA,NA,NA,NA,NA,NA,NA,NA,NA,NA,NA,NA,NA,-411.23325,942.05835,-1228.14136,NA,NA,NA,-280.65732,703.68329,-1305.0625,NA,NA,NA,-672.2005,833.85187,-1428.48181,NA,NA,NA,NA,NA,NA,-419.88641,370.26181,-1355.67944,NA,NA,NA,NA,NA,NA
654,6.53,NA,NA,NA,NA,NA,NA,NA,NA,NA,NA,NA,NA,NA,NA,NA,NA,NA,NA,NA,NA,NA,NA,NA,NA,NA,NA,NA,-414.28241,940.63696,-1232.625,NA,NA,NA,-283.97229,700.58655,-1301.95154,NA,NA,NA,-669.88849,833.30615,-1438.33948,NA,NA,NA,NA,NA,NA,-416.41583,370.2767,-1363.16345,NA,NA,NA,NA,NA,NA
655,6.54,NA,NA,NA,NA,NA,NA,NA,NA,NA,NA,NA,NA,NA,NA,NA,NA,NA,NA,NA,NA,NA,NA,NA,NA,NA,NA,NA,NA,NA,NA,NA,NA,NA,-287.50403,697.55341,-1297.4718,NA,NA,NA,-667.11755,830.6037,-1450.91663,NA,NA,NA,NA,NA,NA,-415.72379,369.26508,-1365.40381,NA,NA,NA,NA,NA,NA
656,6.55,NA,NA,NA,NA,NA,NA,NA,NA,NA,NA,NA,NA,NA,NA,NA,NA,NA,NA,NA,NA,NA,NA,NA,NA,NA,NA,NA,NA,NA,NA,NA,NA,NA,-290.91794,694.91815,-1293.02612,NA,NA,NA,-665.14319,831.19641,-1458.80823,NA,NA,NA,NA,NA,NA,-413.1113,368.94382,-1370.2655,NA,NA,NA,NA,NA,NA
657,6.56,NA,NA,NA,NA,NA,NA,NA,NA,NA,NA,NA,NA,NA,NA,NA,NA,NA,NA,NA,NA,NA,NA,NA,NA,NA,NA,NA,NA,NA,NA,NA,NA,NA,-294.81964,693.31232,-1289.51758,NA,NA,NA,-662.00372,829.72675,-1473.65808,NA,NA,NA,NA,NA,NA,-411.53519,368.64893,-1373.60205,NA,NA,NA,NA,NA,NA
658,6.57,NA,NA,NA,NA,NA,NA,NA,NA,NA,NA,NA,NA,NA,NA,NA,NA,NA,NA,NA,NA,NA,NA,NA,NA,NA,NA,NA,NA,NA,NA,NA,NA,NA,-299.75275,690.41565,-1286.08533,NA,NA,NA,NA,NA,NA,NA,NA,NA,NA,NA,NA,-409.66144,368.74411,-1378.35034,NA,NA,NA,NA,NA,NA
659,6.58,NA,NA,NA,NA,NA,NA,NA,NA,NA,NA,NA,NA,NA,NA,NA,NA,NA,NA,NA,NA,NA,NA,NA,NA,NA,NA,NA,NA,NA,NA,NA,NA,NA,-303.8804,689.39392,-1282.70435,NA,NA,NA,NA,NA,NA,NA,NA,NA,NA,NA,NA,-407.67804,367.17612,-1381.53052,NA,NA,NA,NA,NA,NA
660,6.59,NA,NA,NA,NA,NA,NA,NA,NA,NA,NA,NA,NA,NA,NA,NA,NA,NA,NA,NA,NA,NA,NA,NA,NA,NA,NA,NA,NA,NA,NA,NA,NA,NA,-311.22549,687.27478,-1281.27954,NA,NA,NA,NA,NA,NA,NA,NA,NA,NA,NA,NA,-405.5509,368.03598,-1386.98059,NA,NA,NA,NA,NA,NA
661,6.6,NA,NA,NA,NA,NA,NA,NA,NA,NA,NA,NA,NA,NA,NA,NA,NA,NA,NA,NA,NA,NA,NA,NA,NA,NA,NA,NA,NA,NA,NA,NA,NA,NA,-316.11932,687.19055,-1273.96582,NA,NA,NA,NA,NA,NA,NA,NA,NA,NA,NA,NA,-403.29761,368.61646,-1391.66797,NA,NA,NA,NA,NA,NA
662,6.61,NA,NA,NA,NA,NA,NA,NA,NA,NA,NA,NA,NA,NA,NA,NA,NA,NA,NA,NA,NA,NA,NA,NA,NA,NA,NA,NA,NA,NA,NA,NA,NA,NA,-322.7265,689.38977,-1269.16064,NA,NA,NA,NA,NA,NA,NA,NA,NA,NA,NA,NA,-400.99753,368.3624,-1395.99829,NA,NA,NA,NA,NA,NA
663,6.62,NA,NA,NA,NA,NA,NA,NA,NA,NA,NA,NA,NA,NA,NA,NA,NA,NA,NA,NA,NA,NA,NA,NA,NA,NA,NA,NA,NA,NA,NA,NA,NA,NA,-329.21286,689.94354,-1265.13757,NA,NA,NA,NA,NA,NA,NA,NA,NA,NA,NA,NA,-397.86444,368.23459,-1402.35059,NA,NA,NA,NA,NA,NA
664,6.63,NA,NA,NA,NA,NA,NA,NA,NA,NA,NA,NA,NA,NA,NA,NA,NA,NA,NA,NA,NA,NA,NA,NA,NA,NA,NA,NA,NA,NA,NA,NA,NA,NA,-336.77344,693.06061,-1261.60168,NA,NA,NA,NA,NA,NA,NA,NA,NA,NA,NA,NA,-395.99536,368.82053,-1405.875,NA,NA,NA,NA,NA,NA
665,6.64,NA,NA,NA,NA,NA,NA,NA,NA,NA,NA,NA,NA,NA,NA,NA,NA,NA,NA,NA,NA,NA,NA,NA,NA,NA,NA,NA,NA,NA,NA,NA,NA,NA,-344.45996,694.25128,-1262.60974,NA,NA,NA,NA,NA,NA,NA,NA,NA,NA,NA,NA,-392.26373,369.84094,-1413.1123,NA,NA,NA,NA,NA,NA
666,6.65,NA,NA,NA,NA,NA,NA,NA,NA,NA,NA,NA,NA,NA,NA,NA,NA,NA,NA,NA,NA,NA,NA,NA,NA,NA,NA,NA,NA,NA,NA,NA,NA,NA,-351.89725,697.56024,-1259.53772,NA,NA,NA,NA,NA,NA,NA,NA,NA,NA,NA,NA,-389.17212,371.15771,-1419.76099,NA,NA,NA,NA,NA,NA
667,6.66,NA,NA,NA,NA,NA,NA,NA,NA,NA,NA,NA,NA,NA,NA,NA,NA,NA,NA,NA,NA,NA,NA,NA,NA,NA,NA,NA,NA,NA,NA,NA,NA,NA,-358.74442,702.30975,-1256.78076,NA,NA,NA,NA,NA,NA,NA,NA,NA,NA,NA,NA,-385.68298,370.35632,-1424.3634,NA,NA,NA,NA,NA,NA
668,6.67,NA,NA,NA,NA,NA,NA,NA,NA,NA,NA,NA,NA,NA,NA,NA,NA,NA,NA,NA,NA,NA,NA,NA,NA,NA,NA,NA,NA,NA,NA,NA,NA,NA,-366.12122,706.14105,-1254.35669,NA,NA,NA,NA,NA,NA,NA,NA,NA,NA,NA,NA,-381.94138,371.76175,-1431.2561,NA,NA,NA,NA,NA,NA
669,6.68,NA,NA,NA,NA,NA,NA,NA,NA,NA,NA,NA,NA,NA,NA,NA,NA,NA,NA,NA,NA,NA,NA,NA,NA,NA,NA,NA,NA,NA,NA,NA,NA,NA,-373.37064,708.85004,-1254.45471,NA,NA,NA,NA,NA,NA,NA,NA,NA,NA,NA,NA,-379.77304,372.3739,-1436.87744,NA,NA,NA,NA,NA,NA
670,6.69,NA,NA,NA,NA,NA,NA,NA,NA,NA,NA,NA,NA,NA,NA,NA,NA,NA,NA,NA,NA,NA,NA,NA,NA,NA,NA,NA,NA,NA,NA,NA,NA,NA,-380.72217,713.00269,-1255.35266,NA,NA,NA,NA,NA,NA,NA,NA,NA,NA,NA,NA,-375.95215,374.16965,-1442.26978,NA,NA,NA,NA,NA,NA
671,6.7,NA,NA,NA,NA,NA,NA,NA,NA,NA,NA,NA,NA,NA,NA,NA,NA,NA,NA,NA,NA,NA,NA,NA,NA,NA,NA,NA,NA,NA,NA,NA,NA,NA,-389.26947,715.84308,-1259.47949,NA,NA,NA,NA,NA,NA,NA,NA,NA,NA,NA,NA,-373.15729,375.76233,-1446.78418,NA,NA,NA,NA,NA,NA
672,6.71,NA,NA,NA,NA,NA,NA,NA,NA,NA,NA,NA,NA,NA,NA,NA,NA,NA,NA,NA,NA,NA,NA,NA,NA,NA,NA,NA,NA,NA,NA,NA,NA,NA,-396.35498,719.05481,-1259.99744,NA,NA,NA,NA,NA,NA,NA,NA,NA,NA,NA,NA,-368.93567,376.08618,-1454.17883,NA,NA,NA,NA,NA,NA
673,6.72,NA,NA,NA,NA,NA,NA,NA,NA,NA,NA,NA,NA,NA,NA,NA,NA,NA,NA,NA,NA,NA,NA,NA,NA,NA,NA,NA,NA,NA,NA,NA,NA,NA,-404.64413,721.80408,-1262.96008,NA,NA,NA,NA,NA,NA,NA,NA,NA,NA,NA,NA,-365.47275,378.36249,-1457.23938,NA,NA,NA,NA,NA,NA
674,6.73,NA,NA,NA,NA,NA,NA,NA,NA,NA,NA,NA,NA,NA,NA,NA,NA,NA,NA,NA,NA,NA,NA,NA,NA,NA,NA,NA,NA,NA,NA,NA,NA,NA,-410.79706,723.67725,-1264.24097,NA,NA,NA,NA,NA,NA,NA,NA,NA,NA,NA,NA,-361.25668,380.63861,-1461.88989,NA,NA,NA,NA,NA,NA
675,6.74,NA,NA,NA,NA,NA,NA,NA,NA,NA,NA,NA,NA,NA,NA,NA,NA,NA,NA,NA,NA,NA,NA,NA,NA,NA,NA,NA,NA,NA,NA,NA,NA,NA,-415.32761,727.31024,-1264.84314,NA,NA,NA,NA,NA,NA,NA,NA,NA,NA,NA,NA,-358.08258,381.71976,-1465.67041,NA,NA,NA,NA,NA,NA
676,6.75,NA,NA,NA,NA,NA,NA,NA,NA,NA,NA,NA,NA,NA,NA,NA,NA,NA,NA,NA,NA,NA,NA,NA,NA,NA,NA,NA,NA,NA,NA,NA,NA,NA,-421.50235,730.19836,-1266.43237,NA,NA,NA,NA,NA,NA,NA,NA,NA,NA,NA,NA,-354.31067,384.61658,-1473.33057,NA,NA,NA,NA,NA,NA
677,6.76,NA,NA,NA,NA,NA,NA,NA,NA,NA,NA,NA,NA,NA,NA,NA,NA,NA,NA,NA,NA,NA,NA,NA,NA,NA,NA,NA,NA,NA,NA,NA,NA,NA,-427.06113,731.98877,-1269.76904,NA,NA,NA,NA,NA,NA,NA,NA,NA,NA,NA,NA,-351.02628,386.85889,-1476.25171,NA,NA,NA,NA,NA,NA
678,6.77,NA,NA,NA,NA,NA,NA,NA,NA,NA,NA,NA,NA,NA,NA,NA,NA,NA,NA,NA,NA,NA,NA,NA,NA,NA,NA,NA,NA,NA,NA,NA,NA,NA,-430.67224,735.31458,-1270.40906,NA,NA,NA,NA,NA,NA,NA,NA,NA,NA,NA,NA,-347.10513,390.1889,-1476.43652,NA,NA,NA,NA,NA,NA
679,6.78,NA,NA,NA,NA,NA,NA,NA,NA,NA,NA,NA,NA,NA,NA,NA,NA,NA,NA,NA,NA,NA,NA,NA,NA,NA,NA,NA,NA,NA,NA,NA,NA,NA,-435.94495,735.85748,-1274.39392,NA,NA,NA,NA,NA,NA,NA,NA,NA,NA,NA,NA,-343.97684,392.91788,-1479.61829,NA,NA,NA,NA,NA,NA
680,6.79,NA,NA,NA,NA,NA,NA,NA,NA,NA,NA,NA,NA,NA,NA,NA,NA,NA,NA,NA,NA,NA,NA,NA,NA,NA,NA,NA,NA,NA,NA,NA,NA,NA,-439.12698,738.24493,-1276.49207,NA,NA,NA,NA,NA,NA,NA,NA,NA,NA,NA,NA,-340.52274,396.44727,-1481.42175,NA,NA,NA,NA,NA,NA
681,6.8,NA,NA,NA,NA,NA,NA,NA,NA,NA,NA,NA,NA,NA,NA,NA,NA,NA,NA,NA,NA,NA,NA,NA,NA,NA,NA,NA,NA,NA,NA,NA,NA,NA,-443.98874,740.55621,-1279.17847,NA,NA,NA,NA,NA,NA,NA,NA,NA,NA,NA,NA,-337.20837,401.42734,-1484.70654,NA,NA,NA,NA,NA,NA
682,6.81,NA,NA,NA,NA,NA,NA,NA,NA,NA,NA,NA,NA,NA,NA,NA,NA,NA,NA,NA,NA,NA,NA,NA,NA,NA,NA,NA,NA,NA,NA,NA,NA,NA,-447.65097,741.36902,-1283.87805,NA,NA,NA,NA,NA,NA,NA,NA,NA,NA,NA,NA,-334.03012,404.77951,-1487.38245,NA,NA,NA,NA,NA,NA
683,6.82,NA,NA,NA,NA,NA,NA,NA,NA,NA,NA,NA,NA,NA,NA,NA,NA,NA,NA,NA,NA,NA,NA,NA,NA,NA,NA,NA,NA,NA,NA,NA,NA,NA,-450.95822,743.78131,-1285.65234,NA,NA,NA,NA,NA,NA,NA,NA,NA,NA,NA,NA,-333.29446,408.03653,-1486.31409,NA,NA,NA,NA,NA,NA
684,6.83,NA,NA,NA,NA,NA,NA,NA,NA,NA,NA,NA,NA,NA,NA,NA,NA,NA,NA,NA,NA,NA,NA,NA,NA,NA,NA,NA,NA,NA,NA,NA,NA,NA,-454.96881,745.24127,-1289.66333,NA,NA,NA,NA,NA,NA,NA,NA,NA,NA,NA,NA,-332.15659,412.75644,-1488.17493,NA,NA,NA,NA,NA,NA
685,6.84,NA,NA,NA,NA,NA,NA,NA,NA,NA,NA,NA,NA,NA,NA,NA,NA,NA,NA,NA,NA,NA,NA,NA,NA,NA,NA,NA,NA,NA,NA,NA,NA,NA,-457.92963,747.53552,-1290.92847,NA,NA,NA,NA,NA,NA,NA,NA,NA,NA,NA,NA,-331.18616,417.26666,-1490.44299,NA,NA,NA,NA,NA,NA
686,6.85,NA,NA,NA,NA,NA,NA,NA,NA,NA,NA,NA,NA,NA,NA,NA,NA,NA,NA,NA,NA,NA,NA,NA,NA,NA,NA,NA,NA,NA,NA,NA,NA,NA,-462.2146,747.84497,-1297.33032,NA,NA,NA,NA,NA,NA,NA,NA,NA,NA,NA,NA,-330.46091,418.76025,-1491.08484,NA,NA,NA,NA,NA,NA
687,6.86,NA,NA,NA,NA,NA,NA,NA,NA,NA,NA,NA,NA,NA,NA,NA,NA,NA,NA,NA,NA,NA,NA,NA,NA,NA,NA,NA,NA,NA,NA,NA,NA,NA,-465.25552,749.15717,-1300.1571,NA,NA,NA,NA,NA,NA,NA,NA,NA,NA,NA,NA,-330.1781,421.84546,-1491.55261,NA,NA,NA,NA,NA,NA
688,6.87,NA,NA,NA,NA,NA,NA,NA,NA,NA,NA,NA,NA,NA,NA,NA,NA,NA,NA,NA,NA,NA,NA,NA,NA,NA,NA,NA,NA,NA,NA,NA,NA,NA,-469.98138,750.11401,-1303.09497,NA,NA,NA,NA,NA,NA,NA,NA,NA,NA,NA,NA,-330.93805,423.58752,-1491.77124,NA,NA,NA,NA,NA,NA
689,6.88,NA,NA,NA,NA,NA,NA,NA,NA,NA,NA,NA,NA,NA,NA,NA,NA,NA,NA,NA,NA,NA,NA,NA,NA,NA,NA,NA,NA,NA,NA,NA,NA,NA,-472.60818,749.55457,-1306.81042,NA,NA,NA,NA,NA,NA,NA,NA,NA,NA,NA,NA,-331.04236,423.4671,-1494.88342,NA,NA,NA,NA,NA,NA
690,6.89,NA,NA,NA,NA,NA,NA,NA,NA,NA,NA,NA,NA,NA,NA,NA,NA,NA,NA,NA,NA,NA,NA,NA,NA,NA,NA,NA,NA,NA,NA,NA,NA,NA,-478.05014,749.68054,-1314.76221,NA,NA,NA,NA,NA,NA,NA,NA,NA,NA,NA,NA,-333.05936,425.5079,-1492.33716,NA,NA,NA,NA,NA,NA
691,6.9,NA,NA,NA,NA,NA,NA,NA,NA,NA,NA,NA,NA,NA,NA,NA,NA,NA,NA,NA,NA,NA,NA,NA,NA,NA,NA,NA,NA,NA,NA,NA,NA,NA,-481.09488,751.06122,-1317.66077,NA,NA,NA,NA,NA,NA,NA,NA,NA,NA,NA,NA,-336.02731,426.9649,-1491.56335,NA,NA,NA,NA,NA,NA
692,6.91,NA,NA,NA,NA,NA,NA,NA,NA,NA,NA,NA,NA,NA,NA,NA,NA,NA,NA,NA,NA,NA,NA,NA,NA,NA,NA,NA,NA,NA,NA,NA,NA,NA,-485.85291,751.04657,-1322.46411,NA,NA,NA,NA,NA,NA,NA,NA,NA,NA,NA,NA,-338.76303,427.41797,-1491.33606,NA,NA,NA,NA,NA,NA
693,6.92,NA,NA,NA,NA,NA,NA,NA,NA,NA,NA,NA,NA,NA,NA,NA,NA,NA,NA,NA,NA,NA,NA,NA,NA,NA,NA,NA,NA,NA,NA,NA,NA,NA,-489.88245,749.92908,-1328.42737,NA,NA,NA,NA,NA,NA,NA,NA,NA,NA,NA,NA,-341.87366,426.78403,-1498.00415,NA,NA,NA,NA,NA,NA
694,6.93,NA,NA,NA,NA,NA,NA,NA,NA,NA,NA,NA,NA,NA,NA,NA,NA,NA,NA,NA,NA,NA,NA,NA,NA,NA,NA,NA,NA,NA,NA,NA,NA,NA,-494.38229,749.32562,-1335.90356,NA,NA,NA,NA,NA,NA,NA,NA,NA,NA,NA,NA,-346.26297,427.89063,-1495.89063,NA,NA,NA,NA,NA,NA
695,6.94,NA,NA,NA,NA,NA,NA,NA,NA,NA,NA,NA,NA,NA,NA,NA,NA,NA,NA,NA,NA,NA,NA,NA,NA,NA,NA,NA,NA,NA,NA,NA,NA,NA,-498.53619,748.73987,-1342.72815,NA,NA,NA,NA,NA,NA,NA,NA,NA,NA,NA,NA,-350.78577,426.97644,-1496.35486,NA,NA,NA,NA,NA,NA
696,6.95,NA,NA,NA,NA,NA,NA,NA,NA,NA,NA,NA,NA,NA,NA,NA,NA,NA,NA,NA,NA,NA,NA,NA,NA,NA,NA,NA,NA,NA,NA,NA,NA,NA,-504.18069,747.43768,-1348.20569,NA,NA,NA,NA,NA,NA,NA,NA,NA,NA,NA,NA,-355.93643,426.95343,-1494.67407,NA,NA,NA,NA,NA,NA
697,6.96,NA,NA,NA,NA,NA,NA,NA,NA,NA,NA,NA,NA,NA,NA,NA,NA,NA,NA,NA,NA,NA,NA,NA,NA,NA,NA,NA,NA,NA,NA,NA,NA,NA,-507.19962,745.79901,-1355.34033,NA,NA,NA,NA,NA,NA,NA,NA,NA,NA,NA,NA,-359.45654,425.51831,-1499.37524,NA,NA,NA,NA,NA,NA
698,6.97,NA,NA,NA,NA,NA,NA,NA,NA,NA,NA,NA,NA,NA,NA,NA,NA,NA,NA,NA,NA,NA,NA,NA,NA,NA,NA,NA,NA,NA,NA,NA,NA,NA,-512.07977,744.2276,-1361.25525,NA,NA,NA,NA,NA,NA,NA,NA,NA,NA,NA,NA,-364.77505,425.72141,-1499.61133,NA,NA,NA,NA,NA,NA
699,6.98,NA,NA,NA,NA,NA,NA,NA,NA,NA,NA,NA,NA,NA,NA,NA,NA,NA,NA,NA,NA,NA,NA,NA,NA,NA,NA,NA,NA,NA,NA,NA,NA,NA,-516.21735,743.15063,-1367.30676,NA,NA,NA,NA,NA,NA,NA,NA,NA,NA,NA,NA,NA,NA,NA,NA,NA,NA,NA,NA,NA
700,6.99,NA,NA,NA,NA,NA,NA,NA,NA,NA,NA,NA,NA,NA,NA,NA,NA,NA,NA,NA,NA,NA,NA,NA,NA,NA,NA,NA,NA,NA,NA,NA,NA,NA,-520.28052,742.4162,-1374.06836,NA,NA,NA,NA,NA,NA,NA,NA,NA,NA,NA,NA,NA,NA,NA,NA,NA,NA,NA,NA,NA
701,7,NA,NA,NA,NA,NA,NA,NA,NA,NA,NA,NA,NA,NA,NA,NA,NA,NA,NA,NA,NA,NA,NA,NA,NA,NA,NA,NA,NA,NA,NA,NA,NA,NA,-524.97827,739.46552,-1381.28113,NA,NA,NA,NA,NA,NA,NA,NA,NA,NA,NA,NA,NA,NA,NA,NA,NA,NA,NA,NA,NA
702,7.01,NA,NA,NA,NA,NA,NA,NA,NA,NA,NA,NA,NA,NA,NA,NA,NA,NA,NA,NA,NA,NA,NA,NA,NA,NA,NA,NA,NA,NA,NA,NA,NA,NA,-527.89813,738.66772,-1387.79419,NA,NA,NA,NA,NA,NA,NA,NA,NA,NA,NA,NA,NA,NA,NA,NA,NA,NA,NA,NA,NA
703,7.02,NA,NA,NA,NA,NA,NA,NA,NA,NA,NA,NA,NA,NA,NA,NA,NA,NA,NA,NA,NA,NA,NA,NA,NA,NA,NA,NA,NA,NA,NA,NA,NA,NA,-533.2738,736.60413,-1393.56775,NA,NA,NA,NA,NA,NA,NA,NA,NA,NA,NA,NA,NA,NA,NA,NA,NA,NA,NA,NA,NA
704,7.03,NA,NA,NA,NA,NA,NA,NA,NA,NA,NA,NA,NA,NA,NA,NA,NA,NA,NA,NA,NA,NA,NA,NA,NA,NA,NA,NA,NA,NA,NA,NA,NA,NA,-536.32324,736.08405,-1401.04761,NA,NA,NA,NA,NA,NA,NA,NA,NA,NA,NA,NA,NA,NA,NA,NA,NA,NA,NA,NA,NA
705,7.04,NA,NA,NA,NA,NA,NA,NA,NA,NA,NA,NA,NA,NA,NA,NA,NA,NA,NA,NA,NA,NA,NA,NA,NA,NA,NA,NA,NA,NA,NA,NA,NA,NA,-539.94678,734.87518,-1405.10229,NA,NA,NA,NA,NA,NA,NA,NA,NA,NA,NA,NA,NA,NA,NA,NA,NA,NA,NA,NA,NA
706,7.05,NA,NA,NA,NA,NA,NA,NA,NA,NA,NA,NA,NA,NA,NA,NA,NA,NA,NA,NA,NA,NA,NA,NA,NA,NA,NA,NA,NA,NA,NA,NA,NA,NA,-543.42572,732.23425,-1413.80127,NA,NA,NA,NA,NA,NA,NA,NA,NA,NA,NA,NA,NA,NA,NA,NA,NA,NA,NA,NA,NA
707,7.06,NA,NA,NA,NA,NA,NA,NA,NA,NA,NA,NA,NA,NA,NA,NA,NA,NA,NA,NA,NA,NA,NA,NA,NA,NA,NA,NA,NA,NA,NA,NA,NA,NA,-547.01288,732.28485,-1416.17175,NA,NA,NA,NA,NA,NA,NA,NA,NA,NA,NA,NA,NA,NA,NA,NA,NA,NA,NA,NA,NA
708,7.07,NA,NA,NA,NA,NA,NA,NA,NA,NA,NA,NA,NA,NA,NA,NA,NA,NA,NA,NA,NA,NA,NA,NA,NA,NA,NA,NA,NA,NA,NA,NA,NA,NA,-549.98798,730.00507,-1424.28113,NA,NA,NA,NA,NA,NA,NA,NA,NA,NA,NA,NA,NA,NA,NA,NA,NA,NA,NA,NA,NA
709,7.08,NA,NA,NA,NA,NA,NA,NA,NA,NA,NA,NA,NA,NA,NA,NA,NA,NA,NA,NA,NA,NA,NA,NA,NA,NA,NA,NA,NA,NA,NA,NA,NA,NA,-553.18091,728.90796,-1428.77637,NA,NA,NA,NA,NA,NA,NA,NA,NA,NA,NA,NA,NA,NA,NA,NA,NA,NA,NA,NA,NA
710,7.09,NA,NA,NA,NA,NA,NA,NA,NA,NA,NA,NA,NA,NA,NA,NA,NA,NA,NA,NA,NA,NA,NA,NA,NA,NA,NA,NA,NA,NA,NA,NA,NA,NA,-555.70197,728.61029,-1430.37732,NA,NA,NA,NA,NA,NA,NA,NA,NA,NA,NA,NA,NA,NA,NA,NA,NA,NA,NA,NA,NA
711,7.1,NA,NA,NA,NA,NA,NA,NA,NA,NA,NA,NA,NA,NA,NA,NA,NA,NA,NA,NA,NA,NA,NA,NA,NA,NA,NA,NA,NA,NA,NA,NA,NA,NA,-559.48529,726.79712,-1437.92896,NA,NA,NA,NA,NA,NA,NA,NA,NA,NA,NA,NA,NA,NA,NA,NA,NA,NA,NA,NA,NA
712,7.11,NA,NA,NA,NA,NA,NA,NA,NA,NA,NA,NA,NA,NA,NA,NA,NA,NA,NA,NA,NA,NA,NA,NA,NA,NA,NA,NA,NA,NA,NA,NA,NA,NA,-561.65692,726.66364,-1435.51013,NA,NA,NA,NA,NA,NA,NA,NA,NA,NA,NA,NA,NA,NA,NA,NA,NA,NA,NA,NA,NA
713,7.12,NA,NA,NA,NA,NA,NA,NA,NA,NA,NA,NA,NA,NA,NA,NA,NA,NA,NA,NA,NA,NA,NA,NA,NA,NA,NA,NA,NA,NA,NA,NA,NA,NA,-563.84784,724.11108,-1441.40137,NA,NA,NA,NA,NA,NA,NA,NA,NA,NA,NA,NA,NA,NA,NA,NA,NA,NA,NA,NA,NA
714,7.13,NA,NA,NA,NA,NA,NA,NA,NA,NA,NA,NA,NA,NA,NA,NA,NA,NA,NA,NA,NA,NA,NA,NA,NA,NA,NA,NA,NA,NA,NA,NA,NA,NA,-565.91638,721.09143,-1450.68994,NA,NA,NA,NA,NA,NA,NA,NA,NA,NA,NA,NA,NA,NA,NA,NA,NA,NA,NA,NA,NA
715,7.14,NA,NA,NA,NA,NA,NA,NA,NA,NA,NA,NA,NA,NA,NA,NA,NA,NA,NA,NA,NA,NA,NA,NA,NA,NA,NA,NA,NA,NA,NA,NA,NA,NA,-568.18494,722.23706,-1446.0824,NA,NA,NA,NA,NA,NA,NA,NA,NA,NA,NA,NA,NA,NA,NA,NA,NA,NA,NA,NA,NA
716,7.15,NA,NA,NA,NA,NA,NA,NA,NA,NA,NA,NA,NA,NA,NA,NA,NA,NA,NA,NA,NA,NA,NA,NA,NA,NA,NA,NA,NA,NA,NA,NA,NA,NA,-570.13983,722.74048,-1443.96057,NA,NA,NA,NA,NA,NA,NA,NA,NA,NA,NA,NA,NA,NA,NA,NA,NA,NA,NA,NA,NA
717,7.16,NA,NA,NA,NA,NA,NA,NA,NA,NA,NA,NA,NA,NA,NA,NA,NA,NA,NA,NA,NA,NA,NA,NA,NA,NA,NA,NA,NA,NA,NA,NA,NA,NA,-572.30731,721.35358,-1449.9447,NA,NA,NA,NA,NA,NA,NA,NA,NA,NA,NA,NA,NA,NA,NA,NA,NA,NA,NA,NA,NA
718,7.17,NA,NA,NA,NA,NA,NA,NA,NA,NA,NA,NA,NA,NA,NA,NA,NA,NA,NA,NA,NA,NA,NA,NA,NA,NA,NA,NA,NA,NA,NA,NA,NA,NA,-574.5603,720.1604,-1451.96777,NA,NA,NA,NA,NA,NA,NA,NA,NA,NA,NA,NA,NA,NA,NA,NA,NA,NA,NA,NA,NA
719,7.18,NA,NA,NA,NA,NA,NA,NA,NA,NA,NA,NA,NA,NA,NA,NA,NA,NA,NA,NA,NA,NA,NA,NA,NA,NA,NA,NA,NA,NA,NA,NA,NA,NA,-575.94287,720.18915,-1450.22034,NA,NA,NA,NA,NA,NA,NA,NA,NA,NA,NA,NA,NA,NA,NA,NA,NA,NA,NA,NA,NA
720,7.19,NA,NA,NA,NA,NA,NA,NA,NA,NA,NA,NA,NA,NA,NA,NA,NA,NA,NA,NA,NA,NA,NA,NA,NA,NA,NA,NA,NA,NA,NA,NA,NA,NA,-576.75781,720.70398,-1448.45728,NA,NA,NA,NA,NA,NA,NA,NA,NA,NA,NA,NA,NA,NA,NA,NA,NA,NA,NA,NA,NA
721,7.2,NA,NA,NA,NA,NA,NA,NA,NA,NA,NA,NA,NA,NA,NA,NA,NA,NA,NA,NA,NA,NA,NA,NA,NA,NA,NA,NA,NA,NA,NA,NA,NA,NA,-578.32996,720.96069,-1445.3479,NA,NA,NA,NA,NA,NA,NA,NA,NA,NA,NA,NA,NA,NA,NA,NA,NA,NA,NA,NA,NA
722,7.21,NA,NA,NA,NA,NA,NA,NA,NA,NA,NA,NA,NA,NA,NA,NA,NA,NA,NA,NA,NA,NA,NA,NA,NA,NA,NA,NA,NA,NA,NA,NA,NA,NA,-579.87939,721.64398,-1443.51074,NA,NA,NA,NA,NA,NA,NA,NA,NA,NA,NA,NA,NA,NA,NA,NA,NA,NA,NA,NA,NA
723,7.22,NA,NA,NA,NA,NA,NA,NA,NA,NA,NA,NA,NA,NA,NA,NA,NA,NA,NA,NA,NA,NA,NA,NA,NA,NA,NA,NA,NA,NA,NA,NA,NA,NA,-581.49127,720.15875,-1442.9408,NA,NA,NA,NA,NA,NA,NA,NA,NA,NA,NA,NA,NA,NA,NA,NA,NA,NA,NA,NA,NA
724,7.23,NA,NA,NA,NA,NA,NA,NA,NA,NA,NA,NA,NA,NA,NA,NA,NA,NA,NA,NA,NA,NA,NA,NA,NA,NA,NA,NA,NA,NA,NA,NA,NA,NA,-582.94263,720.17639,-1443.02307,NA,NA,NA,NA,NA,NA,NA,NA,NA,NA,NA,NA,NA,NA,NA,NA,NA,NA,NA,NA,NA
725,7.24,NA,NA,NA,NA,NA,NA,NA,NA,NA,NA,NA,NA,NA,NA,NA,NA,NA,NA,NA,NA,NA,NA,NA,NA,NA,NA,NA,NA,NA,NA,NA,NA,NA,-585.18463,718.20575,-1445.23291,NA,NA,NA,NA,NA,NA,NA,NA,NA,NA,NA,NA,NA,NA,NA,NA,NA,NA,NA,NA,NA
726,7.25,NA,NA,NA,NA,NA,NA,NA,NA,NA,NA,NA,NA,NA,NA,NA,NA,NA,NA,NA,NA,NA,NA,NA,NA,NA,NA,NA,NA,NA,NA,NA,NA,NA,-585.41467,718.21185,-1440.92993,NA,NA,NA,NA,NA,NA,NA,NA,NA,NA,NA,NA,NA,NA,NA,NA,NA,NA,NA,NA,NA
727,7.26,NA,NA,NA,NA,NA,NA,NA,NA,NA,NA,NA,NA,NA,NA,NA,NA,NA,NA,NA,NA,NA,NA,NA,NA,NA,NA,NA,NA,NA,NA,NA,NA,NA,-587.24646,717.27106,-1441.21606,NA,NA,NA,NA,NA,NA,NA,NA,NA,NA,NA,NA,NA,NA,NA,NA,NA,NA,NA,NA,NA
728,7.27,NA,NA,NA,NA,NA,NA,NA,NA,NA,NA,NA,NA,NA,NA,NA,NA,NA,NA,NA,NA,NA,NA,NA,NA,NA,NA,NA,NA,NA,NA,NA,NA,NA,-587.76379,715.67609,-1441.34668,NA,NA,NA,NA,NA,NA,NA,NA,NA,NA,NA,NA,NA,NA,NA,NA,NA,NA,NA,NA,NA
729,7.28,NA,NA,NA,NA,NA,NA,NA,NA,NA,NA,NA,NA,NA,NA,NA,NA,NA,NA,NA,NA,NA,NA,NA,NA,NA,NA,NA,NA,NA,NA,NA,NA,NA,-588.90912,714.927,-1438.7771,NA,NA,NA,NA,NA,NA,NA,NA,NA,NA,NA,NA,NA,NA,NA,NA,NA,NA,NA,NA,NA
730,7.29,NA,NA,NA,NA,NA,NA,NA,NA,NA,NA,NA,NA,NA,NA,NA,NA,NA,NA,NA,NA,NA,NA,NA,NA,NA,NA,NA,NA,NA,NA,NA,NA,NA,-590.60638,713.58527,-1439.5144,NA,NA,NA,NA,NA,NA,NA,NA,NA,NA,NA,NA,NA,NA,NA,NA,NA,NA,NA,NA,NA
731,7.3,NA,NA,NA,NA,NA,NA,NA,NA,NA,NA,NA,NA,NA,NA,NA,NA,NA,NA,NA,NA,NA,NA,NA,NA,NA,NA,NA,NA,NA,NA,NA,NA,NA,-592.03503,712.24872,-1440.6084,NA,NA,NA,NA,NA,NA,NA,NA,NA,NA,NA,NA,NA,NA,NA,NA,NA,NA,NA,NA,NA
732,7.31,NA,NA,NA,NA,NA,NA,NA,NA,NA,NA,NA,NA,NA,NA,NA,NA,NA,NA,NA,NA,NA,NA,NA,NA,NA,NA,NA,NA,NA,NA,NA,NA,NA,-594.7016,710.25702,-1439.15356,NA,NA,NA,NA,NA,NA,NA,NA,NA,NA,NA,NA,NA,NA,NA,NA,NA,NA,NA,NA,NA
733,7.32,NA,NA,NA,NA,NA,NA,NA,NA,NA,NA,NA,NA,NA,NA,NA,NA,NA,NA,NA,NA,NA,NA,NA,NA,NA,NA,NA,NA,NA,NA,NA,NA,NA,-595.4198,708.70721,-1438.23926,NA,NA,NA,NA,NA,NA,NA,NA,NA,NA,NA,NA,NA,NA,NA,NA,NA,NA,NA,NA,NA
734,7.33,NA,NA,NA,NA,NA,NA,NA,NA,NA,NA,NA,NA,NA,NA,NA,NA,NA,NA,NA,NA,NA,NA,NA,NA,NA,NA,NA,NA,NA,NA,NA,NA,NA,-596.78601,707.43811,-1439.40442,NA,NA,NA,NA,NA,NA,NA,NA,NA,NA,NA,NA,NA,NA,NA,NA,NA,NA,NA,NA,NA
735,7.34,NA,NA,NA,NA,NA,NA,NA,NA,NA,NA,NA,NA,NA,NA,NA,NA,NA,NA,NA,NA,NA,NA,NA,NA,NA,NA,NA,NA,NA,NA,NA,NA,NA,-598.21021,706.90997,-1439.26135,NA,NA,NA,NA,NA,NA,NA,NA,NA,NA,NA,NA,NA,NA,NA,NA,NA,NA,NA,NA,NA
736,7.35,NA,NA,NA,NA,NA,NA,NA,NA,NA,NA,NA,NA,NA,NA,NA,NA,NA,NA,NA,NA,NA,NA,NA,NA,NA,NA,NA,NA,NA,NA,NA,NA,NA,-599.53571,703.38629,-1441.20642,NA,NA,NA,NA,NA,NA,NA,NA,NA,NA,NA,NA,NA,NA,NA,NA,NA,NA,NA,NA,NA
737,7.36,NA,NA,NA,NA,NA,NA,NA,NA,NA,NA,NA,NA,NA,NA,NA,NA,NA,NA,NA,NA,NA,NA,NA,NA,NA,NA,NA,NA,NA,NA,NA,NA,NA,-601.14612,702.02081,-1441.71814,NA,NA,NA,NA,NA,NA,NA,NA,NA,NA,NA,NA,NA,NA,NA,NA,NA,NA,NA,NA,NA
738,7.37,NA,NA,NA,NA,NA,NA,NA,NA,NA,NA,NA,NA,NA,NA,NA,NA,NA,NA,NA,NA,NA,NA,NA,NA,NA,NA,NA,NA,NA,NA,NA,NA,NA,-602.96545,700.33081,-1443.69727,NA,NA,NA,NA,NA,NA,NA,NA,NA,NA,NA,NA,NA,NA,NA,NA,NA,NA,NA,NA,NA
739,7.38,NA,NA,NA,NA,NA,NA,NA,NA,NA,NA,NA,NA,NA,NA,NA,NA,NA,NA,NA,NA,NA,NA,NA,NA,NA,NA,NA,NA,NA,NA,NA,NA,NA,-603.40045,700.13489,-1442.92896,NA,NA,NA,NA,NA,NA,NA,NA,NA,NA,NA,NA,NA,NA,NA,NA,NA,NA,NA,NA,NA
740,7.39,NA,NA,NA,NA,NA,NA,NA,NA,NA,NA,NA,NA,NA,NA,NA,NA,NA,NA,NA,NA,NA,NA,NA,NA,NA,NA,NA,NA,NA,NA,NA,NA,NA,-604.18823,699.52991,-1443.59863,NA,NA,NA,NA,NA,NA,NA,NA,NA,NA,NA,NA,NA,NA,NA,NA,NA,NA,NA,NA,NA
741,7.4,NA,NA,NA,NA,NA,NA,NA,NA,NA,NA,NA,NA,NA,NA,NA,NA,NA,NA,NA,NA,NA,NA,NA,NA,NA,NA,NA,NA,NA,NA,NA,NA,NA,-605.47931,698.95227,-1445.82593,NA,NA,NA,NA,NA,NA,NA,NA,NA,NA,NA,NA,NA,NA,NA,NA,NA,NA,NA,NA,NA
742,7.41,NA,NA,NA,NA,NA,NA,NA,NA,NA,NA,NA,NA,NA,NA,NA,NA,NA,NA,NA,NA,NA,NA,NA,NA,NA,NA,NA,NA,NA,NA,NA,NA,NA,-605.51086,698.92957,-1445.86523,NA,NA,NA,NA,NA,NA,NA,NA,NA,NA,NA,NA,NA,NA,NA,NA,NA,NA,NA,NA,NA
743,7.42,NA,NA,NA,NA,NA,NA,NA,NA,NA,NA,NA,NA,NA,NA,NA,NA,NA,NA,NA,NA,NA,NA,NA,NA,NA,NA,NA,NA,NA,NA,NA,NA,NA,-605.54724,698.19287,-1446.99695,NA,NA,NA,NA,NA,NA,NA,NA,NA,NA,NA,NA,NA,NA,NA,NA,NA,NA,NA,NA,NA
744,7.43,NA,NA,NA,NA,NA,NA,NA,NA,NA,NA,NA,NA,NA,NA,NA,NA,NA,NA,NA,NA,NA,NA,NA,NA,NA,NA,NA,NA,NA,NA,NA,NA,NA,-605.1629,698.86292,-1445.79163,NA,NA,NA,NA,NA,NA,NA,NA,NA,NA,NA,NA,NA,NA,NA,NA,NA,NA,NA,NA,NA
745,7.44,NA,NA,NA,NA,NA,NA,NA,NA,NA,NA,NA,NA,NA,NA,NA,NA,NA,NA,NA,NA,NA,NA,NA,NA,NA,NA,NA,NA,NA,NA,NA,NA,NA,-604.56818,698.43384,-1446.46875,NA,NA,NA,NA,NA,NA,NA,NA,NA,NA,NA,NA,NA,NA,NA,NA,NA,NA,NA,NA,NA
746,7.45,NA,NA,NA,NA,NA,NA,NA,NA,NA,NA,NA,NA,NA,NA,NA,NA,NA,NA,NA,NA,NA,NA,NA,NA,NA,NA,NA,NA,NA,NA,NA,NA,NA,-604.27722,697.69092,-1446.20605,NA,NA,NA,NA,NA,NA,NA,NA,NA,NA,NA,NA,NA,NA,NA,NA,NA,NA,NA,NA,NA
747,7.46,NA,NA,NA,NA,NA,NA,NA,NA,NA,NA,NA,NA,NA,NA,NA,NA,NA,NA,NA,NA,NA,NA,NA,NA,NA,NA,NA,NA,NA,NA,NA,NA,NA,-604.19177,697.73749,-1446.099,NA,NA,NA,NA,NA,NA,NA,NA,NA,NA,NA,NA,NA,NA,NA,NA,NA,NA,NA,NA,NA
748,7.47,NA,NA,NA,NA,NA,NA,NA,NA,NA,NA,NA,NA,NA,NA,NA,NA,NA,NA,NA,NA,NA,NA,NA,NA,NA,NA,NA,NA,NA,NA,NA,NA,NA,-603.86005,697.66174,-1449.05396,NA,NA,NA,NA,NA,NA,NA,NA,NA,NA,NA,NA,NA,NA,NA,NA,NA,NA,NA,NA,NA
749,7.48,NA,NA,NA,NA,NA,NA,NA,NA,NA,NA,NA,NA,NA,NA,NA,NA,NA,NA,NA,NA,NA,NA,NA,NA,NA,NA,NA,NA,NA,NA,NA,NA,NA,-603.80725,697.68323,-1448.98755,NA,NA,NA,NA,NA,NA,NA,NA,NA,NA,NA,NA,NA,NA,NA,NA,NA,NA,NA,NA,NA
750,7.49,NA,NA,NA,NA,NA,NA,NA,NA,NA,NA,NA,NA,NA,NA,NA,NA,NA,NA,NA,NA,NA,NA,NA,NA,NA,NA,NA,NA,NA,NA,NA,NA,NA,-603.69446,697.77374,-1448.84729,NA,NA,NA,NA,NA,NA,NA,NA,NA,NA,NA,NA,NA,NA,NA,NA,NA,NA,NA,NA,NA
751,7.5,NA,NA,NA,NA,NA,NA,NA,NA,NA,NA,NA,NA,NA,NA,NA,NA,NA,NA,NA,NA,NA,NA,NA,NA,NA,NA,NA,NA,NA,NA,NA,NA,NA,-602.41974,697.66284,-1448.37744,NA,NA,NA,NA,NA,NA,NA,NA,NA,NA,NA,NA,NA,NA,NA,NA,NA,NA,NA,NA,NA
752,7.51,NA,NA,NA,NA,NA,NA,NA,NA,NA,NA,NA,NA,NA,NA,NA,NA,NA,NA,NA,NA,NA,NA,NA,NA,NA,NA,NA,NA,NA,NA,NA,NA,NA,-601.7135,697.27167,-1452.01501,NA,NA,NA,NA,NA,NA,NA,NA,NA,NA,NA,NA,NA,NA,NA,NA,NA,NA,NA,NA,NA
753,7.52,NA,NA,NA,NA,NA,NA,NA,NA,NA,NA,NA,NA,NA,NA,NA,NA,NA,NA,NA,NA,NA,NA,NA,NA,NA,NA,NA,NA,NA,NA,NA,NA,NA,-601.2876,697.48151,-1451.47949,NA,NA,NA,NA,NA,NA,NA,NA,NA,NA,NA,NA,NA,NA,NA,NA,NA,NA,NA,NA,NA
754,7.53,NA,NA,NA,NA,NA,NA,NA,NA,NA,NA,NA,NA,NA,NA,NA,NA,NA,NA,NA,NA,NA,NA,NA,NA,NA,NA,NA,NA,NA,NA,NA,NA,NA,-599.65839,697.72656,-1451.3844,NA,NA,NA,NA,NA,NA,NA,NA,NA,NA,NA,NA,NA,NA,NA,NA,NA,NA,NA,NA,NA
755,7.54,NA,NA,NA,NA,NA,NA,NA,NA,NA,NA,NA,NA,NA,NA,NA,NA,NA,NA,NA,NA,NA,NA,NA,NA,NA,NA,NA,NA,NA,NA,NA,NA,NA,-598.17639,697.70526,-1450.51758,NA,NA,NA,NA,NA,NA,NA,NA,NA,NA,NA,NA,NA,NA,NA,NA,NA,NA,NA,NA,NA
756,7.55,NA,NA,NA,NA,NA,NA,NA,NA,NA,NA,NA,NA,NA,NA,NA,NA,NA,NA,NA,NA,NA,NA,NA,NA,NA,NA,NA,NA,NA,NA,NA,NA,NA,-597.53723,697.01202,-1451.83875,NA,NA,NA,NA,NA,NA,NA,NA,NA,NA,NA,NA,NA,NA,NA,NA,NA,NA,NA,NA,NA
757,7.56,NA,NA,NA,NA,NA,NA,NA,NA,NA,NA,NA,NA,NA,NA,NA,NA,NA,NA,NA,NA,NA,NA,NA,NA,NA,NA,NA,NA,NA,NA,NA,NA,NA,-597.0567,696.7052,-1451.72607,NA,NA,NA,NA,NA,NA,NA,NA,NA,NA,NA,NA,NA,NA,NA,NA,NA,NA,NA,NA,NA
758,7.57,NA,NA,NA,NA,NA,NA,NA,NA,NA,NA,NA,NA,NA,NA,NA,NA,NA,NA,NA,NA,NA,NA,NA,NA,NA,NA,NA,NA,NA,NA,NA,NA,NA,-596.8335,696.81702,-1451.44507,NA,NA,NA,NA,NA,NA,NA,NA,NA,NA,NA,NA,NA,NA,NA,NA,NA,NA,NA,NA,NA
759,7.58,NA,NA,NA,NA,NA,NA,NA,NA,NA,NA,NA,NA,NA,NA,NA,NA,NA,NA,NA,NA,NA,NA,NA,NA,NA,NA,NA,NA,NA,NA,NA,NA,NA,-595.81549,697.19952,-1452.12036,NA,NA,NA,NA,NA,NA,NA,NA,NA,NA,NA,NA,NA,NA,NA,NA,NA,NA,NA,NA,NA
760,7.59,NA,NA,NA,NA,NA,NA,NA,NA,NA,NA,NA,NA,NA,NA,NA,NA,NA,NA,NA,NA,NA,NA,NA,NA,NA,NA,NA,NA,NA,NA,NA,NA,NA,-595.37567,697.29059,-1454.5697,NA,NA,NA,NA,NA,NA,NA,NA,NA,NA,NA,NA,NA,NA,NA,NA,NA,NA,NA,NA,NA
761,7.6,NA,NA,NA,NA,NA,NA,NA,NA,NA,NA,NA,NA,NA,NA,NA,NA,NA,NA,NA,NA,NA,NA,NA,NA,NA,NA,NA,NA,NA,NA,NA,NA,NA,-594.91742,695.25037,-1456.48608,NA,NA,NA,NA,NA,NA,NA,NA,NA,NA,NA,NA,NA,NA,NA,NA,NA,NA,NA,NA,NA
762,7.61,NA,NA,NA,NA,NA,NA,NA,NA,NA,NA,NA,NA,NA,NA,NA,NA,NA,NA,NA,NA,NA,NA,NA,NA,NA,NA,NA,NA,NA,NA,NA,NA,NA,-594.85284,695.26367,-1456.40393,NA,NA,NA,NA,NA,NA,NA,NA,NA,NA,NA,NA,NA,NA,NA,NA,NA,NA,NA,NA,NA
763,7.62,NA,NA,NA,NA,NA,NA,NA,NA,NA,NA,NA,NA,NA,NA,NA,NA,NA,NA,NA,NA,NA,NA,NA,NA,NA,NA,NA,NA,NA,NA,NA,NA,NA,-594.09222,694.64111,-1456.50574,NA,NA,NA,NA,NA,NA,NA,NA,NA,NA,NA,NA,NA,NA,NA,NA,NA,NA,NA,NA,NA
764,7.63,NA,NA,NA,NA,NA,NA,NA,NA,NA,NA,NA,NA,NA,NA,NA,NA,NA,NA,NA,NA,NA,NA,NA,NA,NA,NA,NA,NA,NA,NA,NA,NA,NA,-593.63501,694.70514,-1457.04016,NA,NA,NA,NA,NA,NA,NA,NA,NA,NA,NA,NA,NA,NA,NA,NA,NA,NA,NA,NA,NA
765,7.64,NA,NA,NA,NA,NA,NA,NA,NA,NA,NA,NA,NA,NA,NA,NA,NA,NA,NA,NA,NA,NA,NA,NA,NA,NA,NA,NA,NA,NA,NA,NA,NA,NA,-592.95667,694.26953,-1456.94214,NA,NA,NA,NA,NA,NA,NA,NA,NA,NA,NA,NA,NA,NA,NA,NA,NA,NA,NA,NA,NA
766,7.65,NA,NA,NA,NA,NA,NA,NA,NA,NA,NA,NA,NA,NA,NA,NA,NA,NA,NA,NA,NA,NA,NA,NA,NA,NA,NA,NA,NA,NA,NA,NA,NA,NA,-593.20703,694.24487,-1459.25842,NA,NA,NA,NA,NA,NA,NA,NA,NA,NA,NA,NA,NA,NA,NA,NA,NA,NA,NA,NA,NA
