PathFileType	4	(X/Y/Z)	C:\Users\WrightLab\Desktop\Jo\P5V137.trc
DataRate	CameraRate	NumFrames	NumMarkers	Units	OrigDataRate	OrigDataStartFrame	OrigNumFrames
100.00	100.00	       534	19	mm	100.00	1	       534
Frame#	Time	Headset_Front			Headset_Back			Headset_Left			Headset_Right			Left_Shoulder			Right_Shoulder			Sternum			C7			Left Elbow			Right Elbow			Left Wrist			Right Wrist			Left ASIS			Right ASIS			S2			Left Knee			Right Knee			Left Ankle			Right Ankle			
		X1	Y1	Z1	X2	Y2	Z2	X3	Y3	Z3	X4	Y4	Z4	X5	Y5	Z5	X6	Y6	Z6	X7	Y7	Z7	X8	Y8	Z8	X9	Y9	Z9	X10	Y10	Z10	X11	Y11	Z11	X12	Y12	Z12	X13	Y13	Z13	X14	Y14	Z14	X15	Y15	Z15	X16	Y16	Z16	X17	Y17	Z17	X18	Y18	Z18	X19	Y19	Z19	

1	0.000																															-219.22598	1105.03052	-1062.35144				-172.30190	956.63824	-1138.96582	97.88878	927.35730	-1123.07715				-208.36427	475.68198	-1173.63953				-202.13657	75.22655	-1248.06726				
2	0.010																															-218.82498	1104.75415	-1061.16980				-172.39737	956.68890	-1137.98840	97.90250	927.34473	-1123.06897				-208.03394	475.48267	-1173.96277				-202.14586	75.22888	-1248.06860				
3	0.020																															-218.07085	1104.35303	-1061.10095				-170.96622	955.67584	-1138.05676	97.91329	926.54358	-1123.38086				-208.22682	475.29291	-1174.18469				-202.33762	74.91013	-1248.26440				
4	0.030																															-217.78378	1103.51831	-1060.38684				-170.96892	955.57422	-1137.73608	98.22640	926.12469	-1124.29297				-208.30383	474.12820	-1173.59241				-202.33376	74.87650	-1248.25928				
5	0.040																															-216.91634	1103.56665	-1059.80774				-171.09203	955.26819	-1137.38208	98.74027	925.72900	-1124.35486				-208.67163	474.31839	-1174.10583				-202.34666	74.84309	-1248.25623				
6	0.050																															-216.27792	1103.40161	-1059.40271				-170.95222	955.31085	-1137.03796	98.72946	925.69202	-1124.35168				-208.66165	474.28339	-1174.09766				-202.33051	74.83324	-1248.25293				
7	0.060																															-216.32477	1103.29541	-1058.26782				-170.88593	955.09656	-1136.76721	99.24818	925.76697	-1124.27966				-208.85008	474.00995	-1174.36548				-202.47374	74.90147	-1247.76404				
8	0.070																															-216.28793	1103.07361	-1057.54114				-169.55559	954.51251	-1135.83118	99.61539	925.28363	-1124.91846				-208.63698	473.57465	-1174.09680				-202.37149	74.81693	-1248.25549				
9	0.080																															-216.42717	1103.05347	-1056.66724				-168.70734	953.60895	-1135.24976	100.09895	924.95911	-1125.69739				-208.30920	473.38614	-1174.03857				-202.47122	74.84567	-1247.75598				
10	0.090																															-216.24007	1103.74731	-1056.14844				-168.27425	953.80444	-1133.95044	100.67050	924.84058	-1125.80432				-207.96693	472.91409	-1173.64233				-202.45546	74.79511	-1247.74719				
11	0.100																															-216.03998	1103.61780	-1056.12732				-167.71666	953.93805	-1133.30627	101.31756	924.45886	-1125.63184				-207.21500	473.10413	-1173.04688				-202.47836	74.81196	-1247.75220				
12	0.110																															-215.88179	1103.73071	-1054.56006				-166.80461	953.51727	-1132.88928	101.43469	924.17291	-1125.87769				-206.70778	472.49329	-1172.83337				-202.67125	74.57417	-1247.65613				
13	0.120																															-214.15842	1103.88208	-1053.55054				-166.49588	953.57281	-1131.52368	102.05971	924.22192	-1125.76208				-206.49249	472.52029	-1172.43982				-202.68549	74.58777	-1247.65967				
14	0.130																															-212.13669	1102.76245	-1053.13062				-165.96350	953.16455	-1129.95508	102.96516	923.55750	-1126.30347				-206.22578	472.57193	-1172.00818				-202.72447	74.58862	-1247.66431				
15	0.140																															-211.21968	1102.95557	-1051.71814				-164.15250	952.48969	-1130.07349	104.29557	923.44696	-1126.64478				-205.07452	472.22427	-1171.37280				-202.69934	74.54445	-1247.65527				
16	0.150																															-210.94400	1103.14673	-1050.35156				-163.14081	952.52319	-1129.09521	105.97594	923.60114	-1127.86548				-203.86932	471.65491	-1171.22961				-202.72992	74.55897	-1247.66089				
17	0.160																															-209.89491	1102.13965	-1049.79309				-161.54280	952.53076	-1127.18518	106.46475	922.49316	-1127.23962				-203.32722	472.03732	-1170.31201				-202.72786	74.53931	-1247.65784				
18	0.170																															-209.40770	1101.61157	-1048.68591				-159.75917	952.56848	-1125.98328	107.52698	922.53271	-1127.06909				-202.90741	471.71475	-1170.10999				-202.74879	74.57673	-1247.66553				
19	0.180																															-205.93988	1100.77832	-1047.47961				-159.40379	952.37286	-1124.35962	108.77741	922.83252	-1127.96643				-202.54350	471.42886	-1170.00220				-202.74940	74.55619	-1247.66272				
20	0.190																															-205.01366	1100.88281	-1045.77686				-156.93533	951.43756	-1123.02002	109.93922	922.57739	-1128.17700				-201.05202	470.71054	-1168.91943				-202.84731	74.56534	-1247.27258				
21	0.200																															-204.08105	1101.06030	-1044.32544				-155.28017	952.51074	-1121.69128	111.59204	922.24268	-1128.64905				-200.63261	470.91003	-1167.92859				-202.72694	74.54350	-1247.65833				
22	0.210																															-203.33156	1100.05969	-1042.72290				-153.40472	952.25208	-1118.92041	113.68294	922.41797	-1128.56274				-198.54984	471.40048	-1166.26733				-202.83829	74.59006	-1247.27490				
23	0.220																															-201.16333	1099.45630	-1041.81653				-151.42961	951.25421	-1118.19971	115.53466	922.78107	-1128.50208				-197.09067	470.92206	-1165.26746				-202.71843	74.61291	-1247.66699				
24	0.230																															-200.04930	1098.73206	-1039.57983				-149.85298	951.47052	-1116.09814	117.17631	922.27692	-1128.79785				-195.95822	470.44952	-1163.76746				-202.70386	74.58613	-1247.66162				
25	0.240																															-196.47900	1097.16223	-1038.11560				-146.57716	950.57227	-1114.21716	119.46338	922.17273	-1129.79993				-195.13589	469.69751	-1162.51697				-202.69437	74.61742	-1247.66479				
26	0.250																															-195.32307	1096.67773	-1036.48840				-144.83202	950.53058	-1111.87878	120.76889	922.19757	-1129.26501				-193.81511	470.75369	-1160.30945				-202.48190	74.84821	-1247.75757				
27	0.260																															-193.98196	1096.69922	-1035.12939				-141.59526	951.02954	-1109.52612	123.48956	921.51764	-1129.20764				-192.00114	470.48343	-1158.74817				-202.23077	75.21100	-1247.58386				
28	0.270																															-192.74098	1095.99402	-1032.57544				-138.87247	950.22760	-1107.58337	125.59077	921.86670	-1129.92761				-189.79839	469.90546	-1155.22327				-202.01662	75.79839	-1246.57568				
29	0.280																															-190.30223	1095.59778	-1030.72302				-135.67834	950.40369	-1105.33948	127.41264	921.26678	-1130.58752				-188.19208	470.53906	-1153.95093				-201.96938	75.84724	-1246.57703				
30	0.290																															-188.43456	1094.83826	-1028.93396				-133.06807	950.61078	-1102.77954	129.83578	921.27802	-1129.82666				-186.36990	469.31406	-1151.39673				-201.89578	75.86766	-1246.57129				
31	0.300																															-187.51315	1093.93079	-1026.90991				-130.77202	951.43469	-1099.81885	132.41641	921.34503	-1129.64185				-182.66833	469.73227	-1148.09448				-201.50365	76.52333	-1245.98328				
32	0.310																															-186.14644	1092.95520	-1025.58716				-127.36906	950.47028	-1098.12463	136.26361	921.08087	-1130.24609				-181.40297	469.78955	-1145.18958				-201.42635	76.57751	-1245.98181				
33	0.320																															-185.46996	1092.70496	-1022.40570				-123.46208	951.01978	-1095.82776	137.38016	920.93518	-1129.93530				-178.53241	469.37845	-1141.50928				-201.15866	76.76244	-1246.17395				
34	0.330																															-181.70044	1091.36816	-1021.29987				-120.01737	951.07782	-1092.69141	141.15236	920.57031	-1129.79089				-175.37479	469.10367	-1138.42566				-200.76419	77.59750	-1245.92236				
35	0.340																															-180.95117	1090.35229	-1018.81049				-116.62808	950.70258	-1090.00989	143.91838	920.24371	-1130.38782				-172.57159	468.95151	-1134.35889				-200.47891	77.81091	-1245.44019				
36	0.350																															-180.00824	1090.12756	-1016.32202				-113.23479	950.24561	-1087.35559	146.81134	919.38916	-1130.29602				-168.74643	468.22736	-1130.19617				-199.80817	78.54349	-1245.07202				
37	0.360																															-179.53290	1090.24585	-1014.99255				-109.96355	949.45416	-1084.39307	150.03381	918.73669	-1130.81921				-163.63019	468.44003	-1125.44592				-198.92636	79.59664	-1244.07019				
38	0.370																															-178.09912	1089.92175	-1012.14685				-105.75455	948.85419	-1081.96423	152.75838	918.31989	-1130.17249				-157.85040	469.27472	-1119.66589				-199.30275	80.79469	-1243.72583				
39	0.380																															-176.38770	1089.42456	-1009.03040				-101.99885	947.36621	-1078.33289	157.27361	918.65399	-1132.50476				-150.56976	468.38065	-1113.92688				-199.04250	83.49273	-1241.01636				
40	0.390																															-175.80067	1089.20825	-1006.93750				-99.66400	947.08002	-1076.57483	160.45462	917.13446	-1131.96057				-141.84251	467.87097	-1106.30823				-196.86993	85.29321	-1239.96533				
41	0.400																															-175.26645	1088.82898	-1005.12274				-95.37007	944.24121	-1074.10571	164.06285	915.29736	-1133.38013				-135.34415	468.75430	-1096.49915				-194.62695	89.05277	-1238.71460				
42	0.410																															-174.26424	1088.11719	-1002.20386				-92.97137	943.79193	-1072.29346	167.58334	913.69995	-1133.29028				-128.31929	469.27637	-1084.49329				-191.66220	91.81014	-1236.03650				
43	0.420																															-173.17043	1087.10706	-999.18811				-88.47416	942.21991	-1069.86499	171.12617	912.52197	-1133.70569				-120.62682	468.70813	-1072.12830				-190.32990	96.46392	-1233.85559				
44	0.430																															-172.24384	1085.66284	-994.89319				-86.00289	941.41205	-1069.06726	174.09357	910.65424	-1133.81519				-112.47398	468.48547	-1059.98926				-187.82729	102.41948	-1230.74927				
45	0.440																															-171.02266	1085.99329	-993.13348				-82.00891	939.55664	-1065.63525	178.21786	909.96600	-1133.25391				-103.20362	468.51929	-1047.70129				-184.53055	107.55001	-1226.92749				
46	0.450				274.86819	1186.90625	-1335.93933																									-172.66170	1086.71252	-989.64990				-78.95739	939.24982	-1064.27234	181.11380	908.48248	-1133.59961				-92.09379	471.68164	-1034.36914				-179.92999	113.93584	-1223.33386				
47	0.460				276.01791	1186.00854	-1334.99097																									-171.48296	1086.28687	-986.84875				-75.19888	938.40167	-1061.05676	184.59383	908.20709	-1133.70288				-81.51005	475.15369	-1021.63898				-175.11983	119.86222	-1218.76965				
48	0.470				277.52307	1185.41260	-1333.65222																									-169.10010	1085.58838	-983.53619				-72.11780	938.46228	-1058.06360	187.62090	907.96802	-1132.56909				-69.42724	478.13281	-1010.26941				-169.94803	127.05622	-1214.01953				
49	0.480				277.99142	1185.53772	-1333.65723																									-167.57013	1085.35144	-980.90375				-69.03559	938.01984	-1055.77661	190.46815	907.68097	-1132.55591				-58.29124	482.80759	-998.50183				-164.69067	134.26924	-1209.99329				
50	0.490				279.20535	1185.70227	-1333.18811																									-167.19540	1085.56848	-978.00330				-66.22222	938.24615	-1052.18665	191.83298	907.12177	-1131.34778				-47.93767	487.36444	-987.68896				-158.05460	140.81996	-1204.36108				
51	0.500				279.73227	1185.97485	-1332.54529																									-165.48276	1085.65051	-974.36780				-64.64999	938.76434	-1050.64771	195.49605	907.30048	-1130.03906				-36.06322	491.97433	-976.28680				-151.28319	146.61198	-1199.36499				
52	0.510				280.40860	1186.76184	-1332.68359																									-163.40773	1085.22961	-971.56506				-61.18158	938.98907	-1047.28259	197.93654	908.03430	-1128.68494				-26.38309	496.61969	-966.77673				-145.24034	152.65654	-1193.30994				
53	0.520				280.97083	1187.08447	-1331.84314																									-161.24297	1084.83008	-967.42487				-59.12190	939.02869	-1045.52063	198.65688	907.53412	-1126.80322				-14.87774	501.92563	-957.14575				-137.60597	156.15672	-1186.73889				
54	0.530				282.27112	1186.62573	-1328.94202																									-159.05981	1085.09851	-964.51312				-57.78840	939.49896	-1042.43188	202.12897	907.60864	-1125.69739				-4.23253	507.80228	-947.54181				-129.85246	160.31197	-1178.67981				
55	0.540				283.97263	1186.44849	-1325.80176																									-157.16844	1084.57007	-960.77728				-55.04044	939.45117	-1039.51575	204.64220	908.77936	-1123.76855				6.65931	513.25940	-939.32831				-121.29869	164.09669	-1169.83423				
56	0.550				284.57874	1186.90051	-1324.38745																									-156.10211	1085.72266	-957.28918				-52.39744	939.88483	-1035.90881	206.70039	907.96381	-1122.34668				16.25900	518.77063	-933.56720				-113.65700	166.78172	-1160.24707				
57	0.560				285.99167	1187.38599	-1322.59119																									-153.13242	1084.97876	-953.82935				-51.36673	939.65533	-1034.22681	207.77057	908.00153	-1120.45251				26.56550	523.71869	-926.48724				-105.40430	168.10608	-1150.94531				
58	0.570				286.90210	1188.43848	-1321.72278																									-150.14966	1085.58374	-950.09601				-48.61345	939.38397	-1030.39709	211.04262	908.45966	-1119.10645				35.95471	527.76257	-920.33685				-95.49779	168.56665	-1139.49744				
59	0.580				287.59293	1188.97791	-1319.99377																									-149.20224	1085.25012	-946.89423				-45.76094	939.79510	-1026.79456	213.46217	908.42175	-1117.83557				45.35111	531.46594	-914.53259				-84.60897	168.13309	-1128.15112				
60	0.590				288.36063	1189.58057	-1318.05896																									-144.46220	1085.58936	-942.77814				-44.52086	939.67194	-1022.49414	214.35480	908.29010	-1115.89050				54.69970	535.69458	-908.88660				-74.15620	167.21466	-1117.10425				
61	0.600				289.11481	1190.15283	-1316.25818																									-143.03442	1085.38794	-938.76019				-41.63840	940.07037	-1018.56128	217.23030	907.67523	-1114.48132				62.93947	539.88971	-903.69446				-62.57575	165.67311	-1105.07373				
62	0.610				291.79437	1189.35449	-1310.61536																									-140.03886	1084.78503	-934.59259				-39.14911	939.50317	-1014.08014	219.79698	908.27148	-1112.56946				71.76362	543.20447	-898.67480				-51.41154	162.80362	-1092.86182				
63	0.620				292.64841	1189.97168	-1308.73657																									-137.22919	1084.45032	-930.82275				-35.54568	937.99213	-1009.86511	220.52985	907.40002	-1110.96191				79.29552	546.38525	-894.83508				-40.00097	161.25151	-1079.99695				
64	0.630				294.80869	1190.07654	-1305.07715																									-134.35168	1084.72156	-925.77045				-33.67354	938.12500	-1005.23828	222.23178	906.73322	-1109.36279				87.62778	549.58002	-889.91949				-27.53365	157.56114	-1067.05505				
65	0.640				296.32715	1190.52759	-1302.63123																									-132.32472	1084.03088	-921.83472				-29.66310	937.54889	-1000.49951	224.32654	906.45721	-1107.17920				95.32068	552.07605	-886.00763				-14.51609	154.25821	-1053.73657				
66	0.650				298.85883	1190.07019	-1297.78125																									-128.32436	1082.50159	-916.96033				-28.25011	936.91248	-996.51453	224.93044	905.00739	-1104.63513				102.75990	553.96991	-881.80463				-2.53867	151.92377	-1040.25159				
67	0.660				300.34991	1189.79614	-1293.73376																									-123.85934	1080.43860	-913.99078				-23.18414	935.40576	-990.23871	226.65343	904.86023	-1102.13232				110.77398	555.67651	-878.36328				10.68370	148.02718	-1026.39819				
68	0.670				303.37564	1189.10535	-1288.10461																									-119.63904	1080.53528	-907.95520				-20.98397	935.27167	-986.91626	228.37418	903.60718	-1099.73718				117.11882	557.66742	-874.26538				25.67064	143.14223	-1013.10828				
69	0.680				304.57532	1189.86597	-1286.03027													127.72998	1303.95349	-1029.18347										-117.55483	1080.29688	-903.93848				-17.99651	934.96594	-982.50031	230.64421	903.96942	-1097.26953				124.28805	559.24640	-871.30157				37.57458	140.24619	-998.57971				
70	0.690				307.59302	1190.34290	-1282.74548													129.51025	1303.06799	-1024.93494										-114.12137	1079.29614	-898.66028				-14.74704	932.62775	-977.68994	232.11348	902.98248	-1095.37927				130.86314	560.59186	-867.94824				51.31075	136.55870	-983.14630				
71	0.700				309.96820	1190.55408	-1278.57471													132.97238	1302.64111	-1021.35638										-109.52362	1077.01147	-892.57660				-11.46012	932.48834	-973.97876	234.51500	902.19769	-1092.18201				137.73021	561.77393	-863.55640				64.24460	133.15668	-967.94519				
72	0.710				312.36011	1190.74133	-1274.55457													135.89339	1301.49915	-1016.08948										-108.55600	1077.67029	-888.75769				-8.17525	932.11554	-970.25952	236.42863	901.74835	-1089.38159				143.95062	562.05096	-859.70215				78.31802	129.44281	-954.38275				
73	0.720				315.60574	1191.35925	-1270.88025													139.28148	1300.84155	-1011.69690										-105.40539	1076.39673	-883.84924				-4.18504	930.38770	-964.53040	239.21033	901.20502	-1086.41760				148.71698	562.75433	-856.49152				91.99688	125.87038	-938.79004				
74	0.730				317.94113	1191.10742	-1265.37854													142.26923	1300.60718	-1007.28961										-102.10358	1075.41614	-878.27985				-0.77317	930.48242	-959.04181	240.99008	899.96008	-1081.92664				152.17409	561.41260	-854.61945				104.95638	124.00112	-925.60004				
75	0.740				321.35632	1189.98193	-1257.79089													145.08606	1299.08350	-1002.42181										-97.62779	1073.33313	-872.65082				1.51236	930.79730	-952.70715	243.79686	899.56659	-1079.48242				158.31078	561.50885	-849.30048				118.42868	121.95915	-910.90887				
76	0.750				324.80920	1189.56909	-1251.52466										238.05853	1649.92322	-987.79651	147.73921	1297.87695	-996.93933										-96.43438	1073.84033	-868.31036				6.14101	930.03705	-946.68457	245.57748	897.67969	-1076.24829				160.42836	560.40344	-846.75671				131.58141	119.30840	-896.69238				
77	0.760				327.86435	1190.15491	-1247.16821										239.85378	1649.71899	-980.89111	150.74295	1297.30725	-991.30457										-93.76710	1072.92542	-863.56598				8.83441	928.28687	-940.77026	247.82268	897.91235	-1072.09851				164.81667	559.58716	-841.93024				145.46924	118.15334	-884.31042				
78	0.770				330.97449	1190.76563	-1242.77014										241.95462	1648.81213	-973.54932	154.91869	1296.46436	-986.73907				-193.71014	1185.20837	-1036.92920				-90.27549	1071.21631	-856.95697				13.28363	927.72345	-935.10834	249.92053	896.05627	-1067.46545				169.03592	558.86536	-836.35187				158.20518	115.40758	-872.33575				
79	0.780	243.23679	1152.98486	-895.51697	333.81573	1191.24780	-1238.04895							-53.17446	1089.13977	-772.81610	243.87495	1648.15271	-966.78107	157.78583	1295.54407	-981.16638				-190.76895	1184.08594	-1031.40112				-86.52525	1069.82349	-852.37549				16.39145	926.67542	-928.66718	252.96216	895.63666	-1063.92004	34.84445	961.56873	-1274.38782	172.28574	557.62000	-831.77521	42.23580	1583.47949	-819.30292	171.14906	114.32040	-858.83087	270.99908	1143.76672	-879.48309	
80	0.790				338.26907	1190.24951	-1229.42310										245.77065	1647.65906	-959.37451	161.99448	1295.20251	-975.11835				-187.41621	1183.24353	-1025.80383				-84.48398	1069.64355	-846.54065	336.31433	1155.68738	-1015.95361	20.08270	925.47461	-922.72266	255.12628	894.94128	-1060.06140	37.12621	961.78455	-1268.20752	176.04474	555.93317	-826.19232	43.78686	1583.29395	-814.36981	181.68159	114.60391	-846.80310				
81	0.800				342.00409	1190.02856	-1222.74365										247.61613	1647.28406	-952.47174	164.29669	1293.72852	-969.13214				-184.67180	1182.01709	-1020.17175				-83.36369	1068.13403	-841.10657	338.16614	1155.36316	-1008.72906	23.68164	924.49213	-916.62732	258.53119	894.59863	-1056.30359	39.13205	961.38770	-1261.98596	179.12891	554.73718	-821.64746	45.34682	1581.74487	-807.98547	194.32748	113.19900	-835.04700				
82	0.810				345.80237	1189.88269	-1215.82312										249.70815	1646.29993	-944.72260	167.62131	1292.65234	-962.76453				-181.20052	1180.60413	-1014.33282				-80.73126	1067.05176	-835.31042	341.91849	1155.41052	-1002.15997	27.99811	923.19965	-909.44153	260.85376	893.80273	-1051.19214	41.58943	961.64777	-1255.50940	181.54965	553.18689	-816.63574	47.00529	1580.86267	-801.82935	205.20799	112.63787	-824.16327				
83	0.820	282.26746	1144.29993	-853.15363	349.62854	1190.01819	-1210.51758							-42.15149	1083.66589	-748.74786	251.60823	1645.83301	-937.12946	170.12038	1291.80945	-956.76410				-178.35980	1179.79565	-1008.67108	180.18974	1185.00415	-880.32648	-73.90048	1064.28027	-828.31427	344.70157	1155.71179	-996.03583	30.61231	922.96136	-903.28442	264.14981	893.85144	-1046.41638	44.08337	961.28058	-1248.69910	183.11577	550.18854	-813.12585	48.61786	1578.75879	-794.74512	215.48849	113.03680	-814.66010	-18.61433	1076.21033	-802.89886	
84	0.830	202.35950	460.41730	-1140.05835	353.48407	1190.45105	-1204.61951										253.52658	1645.46851	-929.78009	174.34010	1291.37280	-950.81500				-174.44919	1178.44470	-1002.75385				-72.21709	1063.86865	-822.56451	349.25745	1156.48328	-988.89093	35.43132	921.02179	-895.75409	267.84360	893.25952	-1041.01001	46.73433	961.55750	-1242.18201	186.36302	548.98206	-807.25983	50.31797	1577.55359	-788.01245	225.50558	112.01691	-805.28369				
85	0.840	203.90865	459.91293	-1136.96680	357.44244	1189.95520	-1196.93762										255.71007	1644.52344	-921.30853	178.23109	1291.27942	-944.29980				-171.26016	1177.10498	-996.23871				-68.46819	1063.16504	-817.29285	352.40591	1156.90930	-981.40826	39.17943	921.08514	-889.13184	270.99115	893.36243	-1036.45251	49.36016	961.75195	-1236.22937	189.62672	547.33679	-800.63605	51.97213	1576.38318	-781.27179	234.68796	111.37953	-795.65454				
86	0.850	205.51784	459.62207	-1132.94055	362.08139	1189.85327	-1188.53394										257.53308	1644.40637	-913.82208	182.37166	1290.60132	-938.02301				-167.38708	1175.97571	-990.71301				-65.13432	1061.22632	-810.70361	354.68835	1157.68323	-974.05292	43.21628	919.59631	-882.45264	275.14026	892.48773	-1030.33142	52.33019	961.14612	-1228.93689	193.47937	545.21869	-795.25800	53.63186	1575.24304	-774.51215	243.48836	110.50022	-789.18585				
87	0.860	207.36786	459.52545	-1129.68652	366.53308	1190.46606	-1181.59412							267.62341	1155.19421	-840.76758	259.48367	1643.82629	-905.88257	185.02673	1290.08667	-930.34698				-163.86728	1174.61462	-984.73511				-60.65963	1058.81201	-803.35791	357.80908	1157.39575	-966.59436	47.57772	919.12646	-875.49579	278.27066	892.30750	-1025.39722	55.61170	961.70874	-1222.19604	196.01929	542.46368	-789.73474	55.27801	1574.16931	-767.73151	251.57780	109.10598	-780.74969	-5.82268	1071.07959	-777.52405	
88	0.870	209.46199	458.79578	-1125.47681	370.69516	1191.58691	-1173.84131										261.41370	1643.42993	-897.81464	189.08981	1289.89990	-923.86938	339.12564	1458.42712	-1100.26807	-160.51520	1172.88550	-978.75348				-58.42984	1058.48401	-797.89258	361.41748	1158.63110	-958.42749	51.33884	918.70215	-868.18774	282.78867	892.88037	-1019.03271	59.14886	962.33966	-1215.02747	198.50620	540.48242	-784.18506	56.91470	1573.43103	-760.68524	260.51721	107.27225	-778.01532				
89	0.880	211.75555	457.84802	-1121.34875	375.07266	1192.46399	-1165.84253										263.38242	1643.05750	-889.41840	191.66461	1289.08313	-915.99573	343.05908	1459.31396	-1091.99329	-156.91743	1172.16003	-972.30554				-58.35347	1056.27063	-792.01501	365.30722	1159.41101	-951.16290	57.23911	917.58899	-860.79559	287.22192	893.16455	-1013.37207	62.78790	963.08521	-1207.79846	201.25281	538.20331	-778.71301	58.50813	1572.48096	-753.87091	266.05200	105.98875	-770.29840				
90	0.890	213.80527	457.70590	-1118.08447	380.42517	1193.49731	-1157.55042										265.14288	1642.90576	-881.84662	195.95810	1289.36475	-909.03967	347.39935	1459.67798	-1082.31665	-152.37848	1169.96179	-965.22223				-54.64235	1055.25720	-784.73346	368.66232	1159.07813	-942.88947	61.97168	917.06781	-853.71674	290.85440	893.46399	-1007.22394	66.53035	963.92816	-1200.51318	203.84221	534.84363	-774.81354	60.03991	1571.57898	-747.05127	271.93204	104.11115	-765.81799				
91	0.900	216.03101	457.30832	-1114.15869	384.76340	1193.67017	-1148.00830							276.76071	1156.74683	-801.39081	204.07593	1187.61340	-820.46539	199.81310	1289.47583	-901.35187	351.59299	1460.33569	-1072.76294	-149.29425	1168.49939	-959.02466				-50.81007	1052.81860	-777.72925	372.15506	1159.49121	-934.03308	65.76415	916.34570	-846.04602	296.19098	893.56122	-1000.08594	70.44618	964.36487	-1192.38245	207.76437	532.37744	-768.98840	61.53700	1570.69482	-740.22534	275.57983	102.39151	-762.28571	5.91148	1065.66541	-749.73779	
92	0.910	219.08400	457.26276	-1110.56641	389.36963	1194.56067	-1139.61084													202.45872	1288.45984	-892.36304				-144.65564	1166.50464	-952.98047				-47.95518	1052.24194	-770.93768	375.32010	1160.39124	-925.11548	70.48002	915.74402	-838.62262	300.79117	893.15308	-993.19672	74.46036	964.61957	-1184.02026	211.27109	530.42468	-763.85742				280.29840	100.69685	-760.30774				
93	0.920	222.79982	457.04187	-1107.16785	394.80316	1195.09656	-1129.85999										359.94263	1461.67749	-1053.16028	206.13911	1288.46887	-884.03381				-140.48416	1165.05835	-946.51971				-44.66003	1050.89978	-763.64667	379.49359	1161.81042	-915.87329	75.53566	915.54370	-830.02625	304.76224	893.76025	-986.40552	78.78322	965.87708	-1176.00647	214.97134	528.76715	-758.09851	270.48517	1642.90723	-856.67920	283.08047	95.51669	-762.40894				
94	0.930	226.65108	456.49515	-1102.40686	400.10260	1196.02808	-1121.29907										364.11444	1462.20764	-1042.71631	210.07372	1288.38647	-874.94696				-136.09677	1162.64172	-940.08661				-40.53389	1049.90820	-756.72968	383.22394	1162.54272	-907.28729	80.74988	914.74146	-822.00043	310.18930	894.99719	-978.53418	83.16666	966.50330	-1167.26074	219.09883	525.91034	-752.35760	66.70182	1569.17566	-716.54224	284.84384	94.44283	-757.79755	272.20334	1642.93701	-848.06628	
95	0.940	229.82880	456.89026	-1099.54248	404.97247	1197.36023	-1112.61487							288.88507	1159.59412	-766.37256	368.06003	1463.06982	-1033.05212	214.02602	1288.49109	-866.91559				-132.07767	1160.87976	-933.85992				-36.45430	1047.03149	-750.96106	386.98682	1163.25427	-898.15350	86.56881	913.48322	-813.01196	313.80902	894.42542	-969.45593	87.67050	966.90540	-1158.11072	223.70921	522.85919	-746.74591	68.03571	1568.35046	-709.69653	288.09647	90.25793	-758.04956	50.68641	1015.11816	-630.08734	
96	0.950	232.80072	456.43558	-1095.57605	410.44781	1198.30542	-1101.94397										372.04364	1463.53137	-1022.82477	216.93402	1287.79980	-857.38934				-127.62593	1159.22717	-927.27954				-33.93094	1047.26746	-742.74554	390.87347	1163.61218	-889.14142	91.61683	913.10901	-804.60193	318.25595	894.62756	-961.80933	92.20214	967.28705	-1148.94202	226.24884	521.27612	-740.83575	69.63706	1568.01538	-701.82092	288.95956	87.41351	-760.09705	275.35019	1643.03052	-831.60730	
97	0.960	234.80804	456.79138	-1091.08325	416.45258	1199.28064	-1092.13708										376.06433	1464.07495	-1012.46320	221.44698	1288.26978	-847.96503				-122.67884	1157.11145	-920.59229				-29.81924	1045.78418	-734.42847	394.31500	1164.55566	-878.98419	97.09792	912.23895	-795.19263	325.13834	895.63190	-952.95844	96.76915	967.91986	-1140.10681	230.97369	518.76038	-734.53564	71.53016	1567.87549	-692.77643	290.89935	84.17896	-759.14838	277.24014	1642.71680	-821.89917	
98	0.970	162.45381	1731.36633	-917.33746	421.56863	1199.16064	-1081.33667										380.00925	1464.12964	-1001.99695	224.42595	1287.72778	-837.95020				-118.09232	1154.46521	-914.82867				-26.97379	1044.76611	-727.56085	399.03571	1165.37000	-870.30035	102.31799	911.13434	-785.47662	330.70688	895.51953	-943.88794	101.97484	967.40216	-1130.06274	234.34149	515.57770	-728.57233	69.57609	1567.48682	-690.40955	295.23834	83.41131	-757.05591				
99	0.980	164.66628	1730.23145	-908.91711	426.97595	1200.26123	-1072.25989							302.08078	1163.82397	-729.06409	383.83508	1464.73523	-991.80542	228.63213	1287.16382	-828.07355				-113.65285	1152.55920	-908.76721				-22.88526	1042.54211	-720.52209	403.31274	1166.47046	-859.04089	108.06835	909.98407	-775.85101	336.15533	896.29138	-933.87671	106.90498	967.20740	-1120.41528	239.85849	512.08545	-722.77942	237.68159	458.54132	-1082.65930	299.26389	83.21564	-753.70013	54.23251	1045.40344	-690.01959	
100	0.990	166.71651	1729.42700	-901.12268	432.12637	1200.83313	-1061.78601										387.62546	1465.50818	-981.17316	231.82097	1287.94324	-818.14734				-108.64150	1149.71924	-901.59271				-20.07343	1041.99890	-711.61047	407.63586	1167.50427	-848.75165	113.58760	909.52112	-765.90601	342.72324	896.78693	-923.19574	112.24521	967.01544	-1110.74341	243.91063	508.73129	-717.65295	239.35785	458.51935	-1075.46460	302.33539	82.79156	-748.67566				
101	1.000	168.86783	1729.30359	-892.80432	438.36157	1201.97742	-1050.96448										391.36069	1466.09827	-970.32709	236.09210	1287.39612	-807.82648				-103.18320	1147.57263	-894.61932				-15.74349	1041.29675	-705.23022	410.83588	1168.13000	-838.73102	117.97919	908.86334	-755.99835	348.08945	896.82190	-914.12366	117.36187	967.19971	-1101.53442	250.01917	507.77548	-712.37927	75.62231	1567.20728	-663.08624	305.26938	83.34621	-746.56287				
102	1.010	171.03188	1729.36523	-884.58044	444.02832	1202.83350	-1040.30164										395.19717	1467.02502	-960.08508	238.51801	1288.18042	-797.75928				-98.70313	1145.85608	-888.03070				-11.95165	1039.82361	-698.03729	415.89648	1170.06287	-829.05109	122.39539	908.40350	-746.50513	353.35895	897.13403	-902.46625	123.62602	966.79968	-1091.52612	258.07559	508.51828	-707.59143	241.78841	461.58972	-1061.58203	306.01041	83.20791	-746.67450				
103	1.020	173.34166	1729.60425	-875.73889	449.33200	1203.95544	-1029.16443							342.43686	1162.84033	-673.84644	398.94525	1467.81396	-949.39105	242.89429	1289.26794	-787.67847	465.80273	1228.67285	-726.15674	-93.19656	1143.62622	-881.02246				-8.14460	1038.42676	-690.15594	420.04404	1171.27502	-817.88373	127.79586	908.83594	-735.71619	359.65277	898.76288	-890.25336	129.65582	966.77911	-1082.05786	265.72546	512.24420	-701.61639	243.31267	463.39218	-1053.32056	306.59821	83.49319	-746.33325	95.57475	1026.76367	-647.34894	
104	1.030	175.63510	1730.07751	-867.55585	455.24573	1205.35327	-1018.08710										402.70129	1468.87903	-938.77417	246.48557	1290.26721	-777.35419				-87.86409	1142.69983	-874.96991				-4.10190	1037.84302	-682.36823	424.39362	1172.74890	-807.65698	131.28940	909.40033	-725.36481	364.88693	898.67017	-876.49957	136.41705	967.18909	-1072.89319	273.36304	517.08246	-694.77155	245.76988	464.67252	-1042.65833	307.07172	84.32871	-744.04614				
105	1.040	178.13203	1731.05151	-858.61536	460.82370	1206.98169	-1006.51062										406.38376	1470.34192	-928.47241	247.45993	1290.88660	-766.53882				-81.93927	1141.82178	-867.78076				0.40483	1037.44702	-674.05890	428.09985	1174.35339	-795.34375	134.21222	909.88342	-715.91364	371.45297	901.43268	-864.64099	144.24750	966.61255	-1063.61279	281.80618	521.54968	-685.64105	249.01877	466.33929	-1031.77600	307.88379	85.08765	-743.03595				
106	1.050	180.82660	1731.85425	-849.49634	466.20560	1208.69983	-995.78937										410.16779	1471.77429	-917.69659	250.24132	1292.96338	-756.00861				-76.32524	1141.05090	-860.30292				5.11973	1036.75940	-666.25079	432.55603	1175.26770	-784.86572	137.91801	910.73932	-705.92969	378.19830	903.43518	-850.98553	151.60577	967.41608	-1055.01379	290.61423	525.39758	-675.48914	250.89485	467.18164	-1019.36035	308.60236	84.57133	-742.84998				
107	1.060	183.33141	1733.27209	-840.95599	471.79675	1209.69934	-985.13116							18.51855	1404.88098	-774.99127	413.92255	1473.28003	-907.21161	254.69884	1294.96265	-746.74915				-71.36607	1141.25671	-853.20367	393.79803	1210.43665	-689.88702	8.95806	1035.38171	-655.84705	437.45337	1176.63013	-774.28131	141.30045	911.68335	-697.19507	383.27399	905.41095	-836.48901	159.46056	967.57153	-1045.58630	297.23126	526.71039	-667.04114	261.23987	469.97098	-1006.58551	308.86630	84.46345	-742.75775	118.91654	1026.10327	-610.65985	
108	1.070	185.93880	1734.63208	-832.65692	478.55603	1212.76306	-972.79559							21.32458	1406.00244	-767.74207	417.31766	1475.27637	-896.82233	256.38245	1296.81018	-736.66010				-65.42368	1141.32764	-845.93744				12.97902	1037.06348	-650.05090	442.56177	1177.44006	-760.84033	144.09291	912.92670	-688.59735	388.59644	907.23096	-823.18622	167.66069	968.28833	-1036.93237	302.31546	528.55688	-658.31042	276.91376	473.80457	-995.58655	309.08130	84.61265	-741.13776				
109	1.080	188.64207	1736.19446	-823.62787	483.75516	1215.19153	-961.17712							258.13638	1298.34814	-727.41437	420.90796	1477.29285	-886.85852							-59.73618	1142.27795	-839.34247				17.50447	1037.51135	-642.96405	446.69687	1179.33374	-749.55457	147.49744	914.30267	-679.47894	394.28363	909.57855	-809.97467	175.55914	968.83307	-1028.45471	304.61484	530.20984	-649.83020	290.07217	472.73819	-982.83569	309.13696	84.59034	-741.11835				
110	1.090	191.14606	1737.78308	-815.82385	488.96039	1217.65466	-949.15002							26.35910	1409.40332	-752.39136	424.52698	1479.48206	-876.86011	260.52466	1300.80591	-717.37048				-54.88622	1142.56274	-832.06360				22.27674	1038.03577	-635.38654	451.22610	1180.96570	-737.86456	149.99522	915.96124	-670.64233	400.43546	912.13141	-796.17859	184.07341	969.80908	-1018.95972	305.45688	531.67664	-642.53131	302.72928	472.34372	-970.57330	309.21173	84.57649	-741.09528				
111	1.100	193.81131	1739.26843	-807.70850	494.89508	1220.12341	-937.42816							29.23081	1410.65100	-744.88989	427.85739	1481.69519	-866.64258	406.06815	1214.06677	-645.44336				-50.11771	1143.76672	-825.46271				27.06863	1038.64270	-626.55170	457.15591	1182.90088	-727.00885	153.25146	917.89917	-662.06622	404.75247	914.59412	-783.28650	191.47311	970.26361	-1010.33173	304.13504	532.22699	-635.70703	315.66858	470.82733	-956.96106	309.69489	84.40858	-741.13550	98.16526	1009.33167	-506.98227	
112	1.110	196.34808	1740.82581	-800.15082	500.94995	1222.45105	-925.57861							266.33960	1304.85852	-698.35779	431.15112	1483.86499	-856.39905							-44.99243	1144.65100	-818.40924				30.95028	1040.31372	-620.70087	461.32486	1184.05469	-713.65240	155.57123	919.96204	-653.36584	410.37567	916.57275	-771.68219	199.81152	971.29218	-1001.06689	302.38641	532.90741	-628.52393	329.30258	469.93988	-943.53455	309.23471	84.58487	-741.09058				
113	1.120	199.03792	1742.45605	-792.21393	507.03467	1224.84668	-913.60272										434.52966	1486.10498	-847.03229							-40.64174	1145.63855	-811.00336				34.62598	1041.91284	-613.54620	466.03220	1186.36047	-702.08490	157.88910	921.96936	-644.99768	416.21439	918.77289	-760.19739	207.08472	971.69141	-992.18536	299.86520	532.37158	-621.70709	342.64212	468.73987	-927.47931	309.08728	84.74253	-740.31897				
114	1.130	201.55403	1743.93298	-785.27893	512.37152	1227.09534	-902.36877										437.76886	1488.57568	-837.59149							-36.20697	1146.65393	-803.78271				38.75211	1043.32849	-605.90454	470.13950	1188.58105	-690.63843	159.53886	923.55756	-636.58130	421.00085	920.86316	-749.07703	214.19510	971.65527	-981.40631	297.23984	531.30011	-615.10339	356.77917	467.49673	-912.71521	309.09512	84.74203	-740.31677				
115	1.140	204.13077	1745.37708	-777.92877	517.16101	1229.40771	-890.33710							230.01260	1288.28125	-642.17896	441.24875	1490.32349	-828.09137	524.77917	1240.19299	-616.42957				-31.81141	1147.60022	-796.85907				42.25904	1044.16089	-596.63251	475.69263	1190.79517	-678.64349	161.77824	925.41431	-628.78723	426.04004	922.99084	-738.85272	220.70322	972.75726	-972.31116	294.15268	529.75458	-608.67468	371.37051	466.58499	-896.92963	309.09433	84.74161	-740.31689	117.30416	1048.66748	-553.99536	
116	1.150	206.72455	1746.88538	-770.60364	521.62897	1231.10522	-878.60492										444.48389	1492.25989	-818.95392							-27.93191	1149.00110	-790.08429				47.48381	1046.46741	-590.68817	479.73175	1192.75134	-667.08368	164.45831	927.23444	-620.84961	430.32364	924.86517	-727.91339	226.91290	972.02521	-961.46814	289.85971	527.02405	-603.48242	385.90082	466.62762	-881.53528	309.12738	85.12816	-739.60236				
117	1.160	209.22803	1748.28833	-763.46539	528.90588	1233.92651	-868.06897							280.13791	1314.52637	-653.91388	447.88373	1493.70166	-809.94037							-24.43683	1150.44690	-783.82263				51.08637	1047.45032	-583.54156	484.40869	1194.93323	-655.69049	165.92169	928.70892	-612.31360	435.67923	927.06067	-718.28674	232.35831	972.68622	-951.82953	287.48856	523.92035	-595.94025	400.52228	466.50201	-866.14435	309.12344	85.12599	-739.60303				
118	1.170	211.70898	1749.59778	-756.74701	534.20044	1235.21704	-856.22339							284.79846	1315.58948	-645.23615	451.17569	1495.25977	-800.80920							-20.62284	1151.60754	-776.17792				54.74956	1049.30920	-576.05157	489.16611	1197.59692	-644.97754	168.46687	929.40979	-603.94818	439.65939	928.05072	-709.11383	238.41388	972.60193	-941.71722	281.96872	520.15991	-592.13519	415.01758	466.69696	-850.84485	308.89447	84.95127	-739.28888				
119	1.180	214.14099	1750.86377	-749.90552	539.50867	1236.97229	-844.41412							287.23077	1316.14990	-635.89008	454.60672	1496.57886	-791.36200	430.09192	1170.71692	-497.54816	494.12701	1261.10120	-593.22394	-16.98095	1152.59973	-768.25385				59.56825	1050.70337	-568.66412	492.75723	1199.05310	-633.55176	170.16733	931.27869	-596.47021	444.16345	929.23126	-699.71490	243.26125	972.63293	-931.86884	277.23123	514.76837	-588.07764	429.34268	467.53116	-835.46252	308.88663	84.94697	-739.29022	95.94695	1007.26947	-443.43686	
120	1.190	216.62344	1751.89038	-743.14166	544.74701	1238.67346	-833.62793										457.87393	1497.85315	-782.41754							-13.98890	1154.41150	-761.57776				62.73267	1052.19727	-560.96014	498.12570	1202.27441	-624.12164	172.10344	932.05261	-588.51556	449.00076	930.98004	-690.34021	247.90108	972.72162	-920.79333	272.65298	510.44147	-582.82544	442.08453	468.39423	-818.59521	308.88663	84.94697	-739.29022				
121	1.200	219.25769	1752.79419	-735.94012	550.08459	1239.94153	-822.72650										461.05667	1499.04688	-773.26898							-10.66733	1155.51440	-753.73682				65.70698	1053.79871	-553.90387	502.76871	1204.26831	-611.58075	173.26672	933.20117	-580.99396	452.96399	932.14166	-681.45245	252.71637	973.67059	-909.20099	268.29300	505.65231	-577.35077	457.57095	471.13416	-802.94385	308.85135	84.94220	-739.29901				
122	1.210	221.91896	1753.65088	-728.62335	554.67352	1241.37659	-812.41882										464.39645	1500.07397	-763.76917							-8.25504	1156.83105	-745.98822				69.65110	1055.52429	-546.15106	506.39606	1206.79321	-601.16315	174.69559	934.38654	-573.09576	457.77136	933.43970	-672.37823	257.15491	974.65570	-898.75537	263.19235	499.82697	-574.52960	469.98462	473.74097	-785.92151	308.84952	84.94124	-739.29932				
123	1.220	224.37556	1754.56140	-721.99072	559.23962	1243.02075	-801.45062							103.32558	1014.26617	-409.09619	467.53891	1501.36572	-754.44446	451.75244	1181.20081	-451.49680				-5.29968	1157.94409	-738.86682				72.54846	1056.70923	-539.16156	512.46136	1209.06006	-591.62408	174.95233	935.47839	-565.34595	461.18796	934.54413	-662.74994	261.65088	975.48822	-889.52020	258.96231	495.51678	-571.59692	483.06549	478.65341	-767.68494	308.82086	84.94522	-739.30792				
124	1.230	227.17041	1755.07922	-713.95886	563.11133	1244.57275	-791.99115										470.56351	1502.11633	-744.88873							-2.19831	1158.96265	-729.90723				75.68792	1058.04565	-531.86047	514.90002	1210.32568	-579.75250	176.98625	936.73523	-557.23328	464.72253	935.73083	-653.21527	266.22281	976.84564	-880.43744	252.99524	491.08844	-570.70959	495.10248	483.47079	-748.08044	308.77200	84.95433	-739.32300				
125	1.240	229.73749	1755.65283	-706.84497	567.57971	1246.03967	-780.85931										473.70206	1502.59058	-734.05731							-0.06616	1160.11584	-722.68152				78.43704	1059.09180	-523.85547	520.23932	1213.47083	-570.35004	176.83014	938.07281	-550.86115	467.89035	937.00299	-643.21600	270.85043	978.17596	-873.08087	248.73264	487.68314	-569.62518	506.17368	489.02368	-729.35809	308.54538	85.31550	-739.42273				
126	1.250	232.30840	1756.45789	-699.27441	571.79694	1246.50867	-771.21997										476.40131	1503.48535	-724.71191							2.38254	1161.46301	-715.00415				81.30266	1060.53967	-516.15070	523.63885	1214.40381	-559.62885	177.26550	938.86554	-544.28815	471.05795	937.56744	-632.04816	275.80243	979.41156	-866.16406	245.41705	485.67865	-568.67114	514.74377	493.50589	-710.92188	308.17648	85.72474	-739.49371	313.62256	231.49033	-1017.19928	
127	1.260	234.92250	1756.87170	-691.15887	574.95471	1247.29810	-760.43488							73.70307	1433.35986	-626.26660	479.26471	1504.18945	-714.86847							4.37657	1162.55518	-707.66278	464.74179	1184.42383	-417.84845	82.38326	1062.34485	-508.96570	527.01379	1215.70935	-549.71051	178.22865	939.10577	-537.48718	472.68457	938.16071	-621.06622	281.33997	979.83203	-858.59766	241.38710	483.42328	-568.95630	524.62372	499.70978	-692.22284	308.21918	85.72783	-739.48260	328.16837	229.05424	-995.58197	
128	1.270	237.38910	1757.54614	-683.18127	578.31995	1248.28015	-750.56244							76.00616	1434.13782	-619.17999	481.76788	1504.82568	-705.73322							6.55467	1163.65271	-700.62622				86.05788	1063.48193	-501.58035	530.92194	1217.78198	-539.42975	177.68332	940.34967	-531.95679	472.95108	938.75909	-609.89954	286.90134	980.14069	-850.61542	236.62770	481.84818	-568.51355	531.86200	506.07764	-673.71191	308.32675	86.08109	-738.88190	344.76953	225.64471	-973.20105	
129	1.280	239.85233	1758.10620	-674.57599	581.06152	1249.55212	-741.11475							77.31398	1434.57532	-611.60144	484.61423	1504.96179	-695.66699							8.36503	1164.34460	-692.85638				86.88086	1064.40027	-494.24240	532.25842	1217.75903	-529.02155	178.29182	940.41138	-525.25928	474.77390	939.25098	-598.35376	292.21341	980.94794	-843.53491	233.81566	479.74170	-568.30469	538.71259	511.38708	-655.70581	308.61172	86.53143	-738.69836	362.84232	221.55583	-950.41125	
130	1.290	242.39816	1758.43799	-665.53992	584.49524	1249.06555	-730.24103							80.49528	1435.40991	-603.80963	487.16968	1505.34399	-685.97241							10.77353	1165.37756	-685.45013				89.98160	1065.62878	-486.24374	535.69305	1219.35327	-519.24579	177.94713	940.98480	-519.58862	475.44391	939.37543	-586.67651	297.67871	981.58502	-836.17194	229.89772	478.10992	-568.15808	544.64307	516.47552	-637.81421	308.63382	86.54348	-738.69458	380.11053	216.59186	-926.04260	
131	1.300	244.60028	1759.05554	-657.44153	587.28912	1249.59875	-720.66144							81.51815	1436.34375	-597.06390	489.56647	1505.48889	-675.30249							12.48383	1165.53870	-677.19281	477.79944	1189.47766	-376.58154	91.52158	1066.68164	-478.26935	540.62311	1220.70898	-509.93649	177.80559	940.92877	-513.84760	475.39676	938.99738	-575.26892	303.53561	981.41077	-828.64252	227.14604	478.01199	-566.78735	549.31677	520.59894	-619.56903	308.79489	86.98262	-738.18829	398.45636	211.27086	-900.58600	
132	1.310	246.89845	1759.31116	-648.67633	588.69031	1249.73889	-711.25745							83.63956	1436.77881	-590.02203	492.27524	1505.44531	-665.16101							13.81523	1166.15234	-670.74731				92.72124	1067.35449	-470.83911	543.09595	1220.82678	-500.06100	178.29225	940.89130	-508.12671	477.00906	938.86560	-563.72473	309.39651	981.61481	-820.55072	224.03386	475.87930	-567.71417	553.74524	524.44678	-602.35052	308.80722	86.98932	-738.18616	417.16577	205.17598	-875.09674	
133	1.320	249.22557	1759.35132	-639.51691	592.47937	1250.31311	-700.94232							84.22244	1436.79163	-583.37769										15.42834	1166.82336	-662.92279				94.53146	1068.38647	-462.88904	547.17877	1221.47827	-490.42584	178.32841	940.72937	-505.10114	476.56192	938.45605	-551.85608	315.66299	981.28339	-812.04895	221.61012	474.74561	-565.63947	557.42188	527.85974	-584.75507	309.06931	87.28561	-738.32336	435.76245	198.16719	-848.85242	
134	1.330	251.58090	1759.34045	-629.67133	595.22070	1249.98486	-691.23267							86.17801	1437.16528	-575.11597				309.99854	1325.81042	-508.36652				16.76948	1167.22144	-656.07709				95.99884	1069.22375	-455.53970	548.71802	1222.07727	-478.88287	178.53122	940.63434	-500.09595	476.39185	938.33722	-540.71112	321.78085	981.50879	-805.39813	220.72568	474.68875	-563.37170	560.10034	529.96863	-567.26953	309.06931	87.28561	-738.32336	453.45074	190.35878	-822.83655	
135	1.340	253.59027	1759.39856	-621.06421	597.59076	1249.54041	-680.68939							87.10741	1437.54065	-568.48041	488.17496	1190.45142	-337.04684	308.89212	1323.94824	-500.21738				18.25547	1167.48755	-648.23871				96.96587	1069.86023	-447.94751	550.86359	1220.96765	-468.17239	179.17497	939.95953	-494.69827	476.28290	937.90002	-529.19257	328.65479	980.58356	-795.76654	218.49947	473.01801	-564.76599	562.23334	531.72675	-550.08551	309.54755	88.27982	-737.44952	471.91132	182.99785	-794.17822	
136	1.350	255.64381	1759.27527	-611.50085	599.38696	1249.32983	-671.02832							87.86700	1437.72400	-561.19019				309.92163	1324.91870	-490.97931				20.03557	1167.69971	-641.46576				98.06853	1070.19751	-440.18347	553.27264	1221.10510	-458.42224	179.03064	939.09326	-489.94385	475.07608	936.58368	-517.72534	335.67270	979.86267	-787.34149	217.67410	471.84525	-563.41547	563.67670	533.40729	-533.67352	309.84821	88.22145	-736.70642	489.76077	174.63388	-764.94092	
137	1.360	257.49020	1759.42834	-602.20673	601.45831	1249.01196	-660.22614							90.21614	1437.74072	-553.42670				308.07788	1322.75439	-484.05316				21.58664	1168.33154	-634.05927				98.51592	1070.72864	-432.07635	554.73669	1220.35339	-448.11975	179.26801	938.74207	-485.29346	475.45047	936.74512	-506.92801	342.44373	979.34857	-780.21118	216.08620	470.68082	-562.03021	564.71356	534.29602	-516.58246	309.92010	88.46402	-736.81476	508.23978	167.63805	-735.68610	
138	1.370	259.38803	1759.42566	-591.92108	602.25043	1247.53455	-648.36279							91.20353	1437.35693	-546.04547				310.33911	1323.66467	-471.89368				23.74872	1167.52393	-626.33185				100.24468	1070.33923	-424.29199	556.68652	1219.79395	-438.03357	180.62170	938.08453	-479.72427	475.70325	936.31580	-496.59167	349.58884	978.75854	-771.54919	214.90936	470.58054	-558.60229	565.40143	535.16498	-500.06250	310.40280	89.23376	-735.72369	525.58826	160.72900	-704.17395	
139	1.380	261.24225	1759.14502	-582.17578	605.75647	1248.19458	-639.22229							92.99630	1437.61267	-539.05536	503.92737	1192.56604	-288.18890	309.69281	1322.32556	-462.40607				25.01809	1167.75281	-618.37610				99.98509	1070.81018	-416.36472	559.34882	1219.28064	-427.97211	181.20863	937.11505	-474.75949	474.44080	935.00757	-485.76654	356.64032	978.11737	-763.91400	213.09868	469.77267	-555.38818	565.81024	535.42822	-483.54916	311.10718	89.78230	-735.33044	542.51556	153.36652	-670.68201	
140	1.390	262.92648	1758.95691	-572.06653	607.19318	1247.27966	-628.53015							94.18459	1437.06421	-530.79364				310.53940	1321.77856	-454.10526				27.28571	1167.40515	-610.49982				101.91536	1070.88940	-408.25464	560.62091	1218.03308	-416.93246	181.07753	936.61072	-469.77786	475.73380	934.85034	-475.13007	363.84717	977.17139	-755.66797	212.74228	469.76181	-552.23077	566.02203	536.29083	-467.74747	311.21997	90.65693	-734.94464	558.33270	146.95961	-637.55157	
141	1.400	264.70737	1758.56592	-561.57697	609.22992	1246.88501	-618.46722							95.80100	1436.89795	-522.71368				310.44562	1321.00098	-445.15799				28.48040	1167.35974	-602.96094				101.64589	1071.26038	-400.15198	562.13812	1217.13965	-406.06137	180.97391	936.92255	-463.80484	475.41425	933.57343	-464.93628	369.85809	975.81927	-749.24963	211.07422	468.96115	-549.63898	566.29340	537.07178	-452.49954	311.35709	90.79946	-734.93372	573.14252	140.72472	-602.56152	
142	1.410	266.32675	1758.23853	-551.64581	610.45795	1246.83582	-607.52222							96.18045	1436.62512	-515.02277				311.97824	1320.64319	-433.73032				30.30737	1167.26685	-595.43646				102.19152	1070.79663	-392.11349	563.34131	1215.95862	-395.45950	181.66060	936.19629	-458.28986	475.14453	933.41345	-453.84402	377.00043	976.06689	-741.39771	211.09814	468.62726	-547.44336	567.50787	538.76508	-437.26035	311.76459	91.75922	-734.17505	586.08624	134.77786	-566.84973	
143	1.420	267.95001	1757.62646	-540.85950	612.51013	1245.92664	-596.19952							96.88419	1435.92358	-507.22461	498.94974	1183.51758	-255.28180	310.53659	1319.97876	-423.63846				31.39040	1166.95862	-587.85529				102.56266	1070.70886	-383.98734	565.84399	1214.50842	-384.91827	181.28850	935.66425	-452.48404	474.45868	932.06128	-442.76401	382.88211	974.39209	-731.34039	210.47775	468.38535	-544.06903	568.90594	540.14795	-423.07468	312.27649	92.71336	-733.38647	597.65967	129.29083	-530.42365	
144	1.430	269.18945	1757.36816	-530.37067	613.86603	1245.24585	-585.00952							96.47517	1435.84631	-499.81958				310.12238	1318.42615	-413.38599				33.28573	1166.05542	-580.30139				102.39886	1070.65698	-376.57260	567.42139	1213.11169	-374.47897	180.96191	934.49701	-445.90097	474.29453	931.55157	-432.51904	388.90463	975.08594	-723.62744	209.55197	468.23611	-540.54865	569.98004	540.69153	-408.93140	312.86087	93.58932	-732.99976	608.78448	125.17764	-493.10782	
145	1.440	270.55270	1756.83179	-519.24506	615.02850	1244.55884	-574.04449							98.49094	1434.98474	-490.59247				310.39804	1317.77039	-402.45840				34.00768	1166.41821	-573.77124				102.11851	1070.03271	-368.50583	568.57501	1211.83069	-363.54318	181.63258	934.44373	-440.36725	472.79565	931.02490	-422.16739	394.78067	974.08044	-713.04742	209.02466	466.94592	-543.00116	571.66437	540.83008	-396.02609	313.99042	94.45338	-732.93640	617.38422	121.89835	-455.21960	
146	1.450	271.77698	1756.35095	-508.34158	616.47186	1244.26941	-562.17395							99.20757	1434.57874	-482.15808				311.17889	1317.29285	-392.20840				36.31127	1165.48950	-565.23749				104.79366	1068.90698	-358.79718	569.59149	1210.75720	-352.26440	181.51271	933.11597	-432.81406	471.89676	929.73676	-410.59998	399.98148	973.47662	-703.22546	209.55702	467.11142	-535.27930	572.70953	540.23065	-383.92319	315.15274	95.35296	-732.11084	624.19232	120.04941	-417.82483	
147	1.460	156.47603	1578.66089	-232.88533	617.84045	1243.66956	-551.11871							100.20106	1432.84778	-473.64554	515.51190	1235.61035	-259.10385	310.18973	1314.73096	-383.02994				37.50795	1165.27625	-558.25580				103.93102	1068.45605	-351.26498	569.39905	1209.05908	-340.48727	182.17992	932.52283	-425.78082	471.79361	929.08453	-399.78586	405.10178	972.42413	-693.06531	210.18849	467.69247	-531.17590	574.09442	539.11823	-371.45062	315.40552	96.74450	-731.08636	629.87677	118.28940	-381.29639	
148	1.470	156.60457	1577.72180	-223.20627	619.48035	1242.96667	-538.10199							103.06272	1432.16748	-463.56235				309.86914	1314.98608	-373.35092				39.59873	1163.69507	-549.62714				103.45943	1067.87781	-342.85135	570.01587	1207.79675	-329.46213	183.03355	931.63678	-418.30695	469.91898	927.54474	-388.54446	410.51657	971.66290	-682.31128	210.70964	465.39288	-532.26349	575.30817	537.79126	-359.37570	315.59634	98.74850	-729.67944	634.46979	118.02424	-345.04675	
149	1.480	156.69415	1576.74036	-213.37206	619.17535	1241.33630	-524.90295							103.77335	1431.02893	-453.44858				310.07950	1313.51831	-362.18350				40.38741	1163.86511	-542.68665				103.78652	1067.00647	-334.67184	570.60840	1206.11841	-317.69470	183.45692	931.60101	-410.56094	469.58743	926.97839	-376.67490	415.14987	971.34534	-670.78125	212.09830	466.41666	-525.56018	576.08966	536.15906	-347.63538	315.30661	100.19418	-728.31750	637.11298	117.95792	-311.30042	
150	1.490	156.65001	1575.64087	-203.52583	621.03430	1241.19360	-514.64960							105.78032	1430.39526	-442.72452				309.20056	1311.84058	-351.87692				42.71692	1162.76404	-533.89954				103.06473	1066.22949	-325.94901	570.31494	1204.65771	-305.71234	184.38446	930.50006	-403.65451	469.38867	925.70996	-365.61975	419.39551	970.71735	-659.99847	212.17058	465.93658	-521.87335	576.48071	534.26733	-334.74948	316.15125	101.66869	-727.81189	638.53864	118.71022	-278.22818	
151	1.500	156.59456	1574.62585	-193.50591	621.12463	1239.64905	-500.73621							107.98344	1429.33289	-432.64438	493.48679	1218.95764	-237.14435	309.63272	1311.36218	-341.88483				43.81099	1161.88098	-525.93146				102.88010	1065.51074	-317.45288	570.14380	1203.34302	-293.89352	185.60321	929.01782	-395.71259	468.87088	925.01440	-354.14145	423.12415	970.13342	-648.87811	212.66977	466.14188	-517.28912	576.41681	532.68542	-322.02939	315.77975	103.05643	-726.54749	638.73590	119.78763	-247.13911	
152	1.510	156.43741	1573.44702	-183.55949	622.23975	1239.33679	-488.56396							112.00897	1427.67407	-422.13538				309.50952	1310.00647	-331.15210				45.36578	1160.71057	-517.38062				102.66926	1063.88733	-309.22617	569.71704	1202.19507	-281.46283	186.90948	927.78119	-386.83127	468.57483	924.08051	-341.76163	426.49115	969.24091	-636.99066	214.09225	465.56830	-513.35864	576.32629	530.95660	-308.94373	316.21597	105.40305	-724.54443	637.03296	121.16166	-218.34261	
153	1.520	156.28831	1572.05920	-173.51280	623.14178	1238.37073	-476.14590							102.94543	1427.17236	-417.11884				308.61642	1308.76013	-320.18015				46.31189	1159.78857	-510.17279				102.02249	1063.00281	-300.38116	569.18463	1200.70813	-268.98056	187.92502	926.73700	-377.91086	468.75110	923.08105	-329.64383	429.82272	968.13458	-626.18469	215.40344	466.50250	-508.57034	575.93842	530.03870	-295.57303	316.40424	107.16648	-724.13611	633.22839	122.61398	-191.98186	
154	1.530	156.04440	1570.58887	-163.46338	624.01196	1237.52979	-462.32291							103.49949	1425.14514	-407.90854				308.84259	1306.64893	-310.00696	302.79065	1503.91431	-523.51605	47.89038	1158.62817	-501.96521				101.90318	1061.67273	-290.45358	569.09961	1199.60901	-256.83252	189.44597	925.23560	-367.14017	468.13388	921.90607	-317.16827	432.74161	967.24902	-614.37079	216.67371	466.89786	-502.79282	576.31781	529.10059	-281.78348	316.82156	109.52890	-721.97229	628.26324	123.29128	-167.52040	
155	1.540	155.74794	1569.02698	-153.62317										103.50645	1424.20557	-398.17380				308.47491	1305.73669	-298.91287	303.91022	1502.86853	-513.08472	48.68134	1157.42432	-493.41400				101.80775	1059.71619	-283.35333	568.29352	1198.56372	-243.80542	190.58813	923.04578	-357.69217	468.29803	921.34229	-303.87738	435.65390	966.50000	-602.88544	219.05870	465.56384	-501.41843	575.19366	527.43579	-266.90909	317.33115	111.13696	-719.60309	623.41437	123.21849	-146.56090	
156	1.550	155.39876	1567.33362	-143.64124										103.97820	1423.28040	-390.31821				308.47443	1304.56409	-287.64200	305.03357	1501.60864	-501.85599	50.15799	1156.18054	-485.06219	626.04291	1233.32434	-445.72946	99.93812	1057.81543	-275.46304	566.85822	1197.33545	-231.10355	191.47389	922.22784	-347.39355	469.11908	920.00635	-290.68768	438.56842	965.19476	-590.43384	220.82622	466.27759	-490.12457	574.55811	526.05725	-251.88672	319.02039	114.26661	-718.77246	618.64764	123.21886	-127.18472	
157	1.560	154.88451	1565.67249	-133.83281										101.95527	1422.58130	-380.48135				307.74106	1303.50476	-276.46323	306.33804	1499.70740	-490.96600	51.62976	1154.35022	-476.71613	625.96472	1232.66370	-432.71313	99.52025	1056.26636	-266.55148	565.83008	1196.60510	-218.19423	192.62183	921.15228	-337.32642	469.27634	919.68323	-277.08456	440.89966	963.83075	-578.49048	223.87514	464.31842	-487.98236	573.65869	524.18854	-236.77713	319.36417	116.91444	-714.91223	613.93866	121.70289	-110.38410	
158	1.570	154.36084	1563.92932	-123.92563										102.07635	1421.13538	-371.70551				306.35330	1302.12769	-265.09009	307.59082	1497.91125	-479.73492	52.82422	1152.96179	-467.89023	627.39728	1230.56091	-419.91864	98.47591	1054.56824	-257.42670	564.55981	1195.45984	-204.83823	192.55298	919.85168	-326.82379	469.72455	918.64844	-263.58447	442.69647	962.09521	-566.75146	225.43257	465.90179	-474.48914	569.87555	521.51697	-220.85397	319.74091	120.13861	-713.85822	609.56787	119.85710	-95.63966	
159	1.580	153.72247	1562.17639	-114.25888										102.64385	1419.33276	-362.32217				305.82132	1301.13367	-253.63606	308.71289	1496.18396	-468.70282	54.07854	1151.93555	-460.29007	627.96106	1229.73877	-403.63553	97.68596	1053.81677	-248.74956	563.29401	1194.31592	-191.92944	193.77783	918.50598	-314.71646	470.08945	918.46814	-248.97423	445.70337	959.75781	-554.19135	229.85449	463.56091	-472.97031	567.48206	520.36566	-204.86472	319.73322	122.77590	-710.31952	605.16595	117.01274	-83.28609	
160	1.590	153.02606	1560.26965	-104.51917										102.98046	1417.99084	-353.20380				305.03580	1300.32300	-241.63809	310.20511	1493.49487	-457.42432	55.54816	1149.82495	-451.13205	629.63037	1230.95703	-380.88214	96.72768	1051.63086	-240.53856	560.95673	1194.19727	-177.66338	194.06013	917.33154	-302.64197	470.52695	917.89215	-233.89116	447.43097	957.79163	-541.12781	231.44960	464.64651	-458.69800	565.24799	518.94342	-189.01021	320.84195	126.02438	-707.36975	601.63062	113.92989	-73.33109	
161	1.600	152.39294	1558.35730	-95.03586										104.20006	1415.84644	-343.52515				303.92798	1299.27832	-229.26004	311.39697	1491.70935	-446.40906	56.95200	1148.19019	-443.38989	630.42450	1229.81665	-365.35468	95.46519	1050.71216	-231.72711	559.69000	1193.90405	-164.44283	195.15672	915.74542	-290.88333	471.16232	917.32227	-219.20343	449.85284	955.63397	-528.55688	236.26518	464.10791	-449.47015	562.10242	517.17590	-173.35468	322.43652	129.25572	-703.43713	598.59967	109.80907	-65.44604	
162	1.610	151.62836	1556.37305	-85.80157										104.72315	1414.17102	-334.93817	520.40625	1475.13208	-302.32532	303.34058	1298.08398	-217.26665	312.96326	1489.04175	-435.50070	57.93135	1146.75317	-435.31595	631.54327	1228.62500	-350.90723	94.78007	1049.26208	-222.13644	557.42999	1193.46106	-150.35008	195.49136	913.72754	-276.91800	470.85770	916.55463	-203.46240	452.06226	953.24146	-515.09302	240.19873	463.99576	-439.09991	559.14917	515.67822	-157.71396	322.88672	133.62512	-699.00104	597.20465	105.98249	-58.90287	
163	1.620	150.98424	1554.24683	-76.73180										104.98905	1412.22510	-326.10544	520.51996	1474.10388	-287.83505	302.66217	1297.09521	-205.33212	314.45505	1487.07825	-425.06189	58.84992	1145.08936	-427.65543	632.78339	1227.54443	-337.93588	92.95615	1048.15527	-213.72255	555.04852	1193.09839	-136.39328	195.54730	911.91516	-264.26883	470.91788	916.16943	-188.20242	454.31827	950.86871	-501.54767	245.11728	463.06644	-428.65109	555.63562	513.78058	-141.89359	323.36526	137.85164	-695.16888	596.90210	102.78844	-52.34029	
164	1.630	178.89270	1542.97205	-86.85270										108.09578	1409.25635	-317.68451	519.96790	1472.88599	-274.61282	301.33505	1296.10669	-192.41034	316.47852	1484.15735	-413.10327	60.78492	1143.34424	-419.94971	633.84680	1226.47949	-323.11536	92.23981	1046.34607	-205.82982	553.02698	1192.76379	-122.14394	196.87709	911.02075	-251.15309	471.33841	915.55029	-170.12836	456.18799	948.20837	-487.97440	250.46213	463.42825	-417.64590	553.56238	512.04175	-126.38210	325.62689	143.29733	-686.74664	595.87799	101.37842	-45.93259	
165	1.640	178.16801	1541.67688	-74.09851										109.71788	1406.43555	-309.56827	520.42902	1471.84900	-261.60165	301.02917	1295.60107	-180.82884	318.16284	1482.71216	-402.70114	61.79065	1140.98926	-411.28217	634.94019	1225.72632	-306.21075	90.21174	1045.40894	-197.05063	550.55353	1192.60925	-108.17901	197.15671	908.62622	-237.54482	470.65524	915.06128	-153.68761	458.84482	945.55249	-474.48215	255.07823	462.71634	-404.97363	551.39929	510.40417	-110.50396	327.13501	148.89107	-680.47784	595.15729	101.70812	-41.96580	
166	1.650	176.12093	1541.19910	-64.97898										107.48549	1407.27881	-302.83011	519.69189	1470.99744	-247.18359	299.10037	1295.42664	-168.84854	320.22864	1481.04395	-390.79108	62.84267	1140.18774	-404.03485	636.90167	1224.82495	-289.42102	88.55731	1044.02283	-188.66176	547.40967	1192.28479	-93.42734	197.42987	907.41571	-223.68332	468.74094	914.45605	-137.13799	460.43964	943.38684	-460.82925	260.74036	462.11691	-392.32999	550.53900	509.57205	-95.87614	330.43463	153.79749	-670.54248	594.74524	101.32493	-41.19495	
167	1.660	173.20389	1540.67334	-55.24179										110.70372	1404.47791	-294.65128	519.36926	1470.29077	-232.91362	297.53430	1295.55359	-157.03738	322.13464	1480.71826	-379.22250	64.65690	1138.31213	-396.55731	636.73669	1225.17444	-274.05014	87.05363	1043.28210	-181.18405	544.17365	1192.47437	-78.81150	197.15205	906.35199	-210.80954	466.89801	914.05804	-121.03419	462.78473	941.77625	-447.09393	265.65018	461.75482	-377.83188	548.42316	508.50854	-80.06266	333.79669	161.58276	-656.93256	594.32520	101.80248	-40.67863	
168	1.670	169.02898	1540.67529	-45.58373										108.10920	1406.33972	-287.53329	517.98108	1470.86011	-217.86461	296.07693	1296.58972	-145.78940	324.60620	1482.42908	-371.48035	66.72879	1138.50647	-389.05118	637.20673	1225.20007	-257.08234	85.33964	1042.47156	-172.95554	540.34357	1192.42712	-63.80108	197.91064	906.48669	-197.85712	464.36383	914.24860	-104.87594	464.78369	940.95343	-433.32327	271.48203	461.07941	-363.14194	547.49377	510.14166	-65.61530	335.96725	170.66069	-644.07471	593.04297	102.46313	-38.33620	
169	1.680	165.62529	1540.84070	-36.62297										108.17355	1407.10303	-280.04068	517.56140	1471.39441	-203.56091	292.51080	1296.94739	-134.70895	326.46118	1482.41992	-359.85226	69.78637	1138.44385	-381.16534	637.12842	1225.68469	-241.09428	83.43938	1042.14172	-164.91087	536.42542	1192.96362	-49.25587	197.21243	906.75055	-186.45399	461.62006	915.82379	-89.67609	466.29883	940.62177	-417.69977	278.77939	461.27600	-343.91040	546.36340	512.91895	-52.17334	338.45087	178.03569	-626.58221	592.62225	102.89183	-36.22467	
170	1.690	161.47609	1540.24023	-26.79269										108.35779	1407.99683	-272.60648	514.60626	1471.98328	-188.10631	289.22812	1297.60876	-123.60762	327.53949	1482.30798	-346.53464	72.27988	1139.53467	-373.82404	636.28229	1227.75806	-223.35945	82.03356	1042.30127	-157.20189	531.99341	1193.65112	-34.52487	195.91548	907.94202	-173.63559	458.90341	916.81671	-75.09753	468.47318	941.24054	-402.84668	284.13962	461.46756	-325.82227	544.61816	516.39905	-40.09378	340.13989	187.04990	-609.73071	591.53247	102.82391	-35.53097	
171	1.700	157.15192	1540.63745	-17.63400										107.52529	1409.84290	-265.92999	513.28418	1473.38098	-172.07109	284.87042	1298.49084	-112.54414	327.79312	1482.47473	-333.54376	75.05027	1140.75330	-365.76248	634.40070	1228.92212	-206.65193	81.56160	1042.26550	-149.38905	527.76953	1194.48376	-20.28748	195.79875	908.88727	-163.27682	455.92285	917.82532	-61.52428	469.22681	941.62366	-386.83701	291.45779	459.81506	-306.15536	543.36328	519.42645	-28.07100	343.06946	197.30020	-589.96832	590.45325	102.62103	-34.83210	
172	1.710	153.18555	1541.40601	-9.40124										107.16604	1411.15332	-258.26453	510.26263	1474.28662	-155.74321	280.74854	1298.99915	-101.50975	329.63632	1484.52197	-323.56427	78.86398	1141.86975	-357.76611	632.70587	1230.12659	-188.92679	80.50244	1042.93457	-142.60431	521.84015	1195.66577	-5.34032	193.92874	910.90009	-152.69672	451.82114	919.21216	-47.81594	470.76639	942.49335	-372.32019	299.28589	459.55420	-283.94281	543.52740	522.23041	-15.06096	345.37317	207.52557	-570.18933	589.35864	103.15453	-34.35717	
173	1.720	148.20787	1542.15259	0.17494										107.19131	1412.11206	-251.35387	507.69708	1475.64307	-140.06212	277.03543	1300.99878	-90.99456	330.36694	1485.08044	-310.68268	81.37037	1142.88147	-351.10550	632.28925	1231.89978	-172.59270	78.95730	1044.09827	-135.44571	517.09930	1196.82910	9.01043	192.99132	912.05774	-142.68983	448.57156	920.28369	-34.88676	471.70410	944.02704	-356.84702	305.29431	457.92267	-259.51773	542.19745	523.50616	-2.75810	348.35202	218.69824	-548.67767	588.35608	103.69547	-32.94484	
174	1.730	143.60278	1543.26050	9.46639										106.78550	1412.34924	-245.22775	503.43594	1476.56519	-124.32487	272.32092	1301.88599	-81.14459	330.79874	1487.00696	-298.76590	83.56406	1144.42590	-345.27780	629.87622	1233.29834	-155.72937	77.33378	1044.74988	-128.87221	511.24738	1198.10339	23.38717	190.94740	913.64209	-135.09494	444.41522	921.74786	-21.97212	473.22495	945.54834	-341.70895	309.97464	457.98404	-233.69685	542.01831	524.24030	8.07887	351.46588	229.65179	-528.54626	588.05878	104.03782	-32.57544	
175	1.740	138.90707	1544.29907	18.88317										106.02679	1414.80750	-238.86229	500.27490	1477.64941	-107.64724	267.97583	1302.73462	-72.00347	331.46075	1489.06177	-287.30508	85.30714	1145.43042	-339.40976	627.07996	1235.03577	-139.57381	76.15057	1046.48706	-122.29121	505.36935	1199.38037	37.83226	189.18581	915.34448	-125.99454	440.21402	923.13312	-10.07131	473.54251	947.72009	-326.26410	309.04364	462.56039	-208.36948	541.57690	524.14557	19.00530	355.04324	240.10638	-506.66324	587.59253	104.65228	-32.25180	
176	1.750	133.90446	1545.26013	28.27184										105.67521	1416.86890	-232.15263	496.06372	1479.29346	-92.29518	263.62582	1303.34094	-63.22570	331.70126	1490.79309	-273.88690	87.05782	1146.91919	-334.05167	624.27710	1237.35852	-122.80762	73.82767	1048.52197	-116.52818	499.39456	1200.47302	52.14941	186.03577	916.35364	-119.31920	434.34711	923.87970	1.21310	473.38818	949.50256	-310.16217	306.89084	466.88620	-182.93884	540.39325	523.84375	30.04249	359.64056	250.31671	-484.56204	587.07971	105.15008	-30.90020	
177	1.760	129.18752	1546.70972	37.05165										104.04327	1418.86658	-226.20261	491.18448	1480.02661	-76.11694	258.99725	1304.77600	-54.32807	331.35355	1493.54932	-262.80399	89.47324	1148.36670	-327.26770	620.94513	1239.34766	-105.85460	72.05488	1050.52161	-110.84255	493.31573	1201.82166	66.61642	181.66922	918.21820	-112.66103	428.01080	925.37402	12.57673	472.91129	951.89252	-294.68210	302.14789	469.62064	-158.79250	539.81433	523.90918	39.66629	365.61322	260.53320	-462.62482	586.74689	105.87587	-29.66458	
178	1.770	125.14866	1547.18494	45.58754										103.69321	1421.25757	-219.41585	486.73358	1481.05530	-59.79181	254.22205	1305.75037	-45.73573	331.38354	1496.15369	-250.66246	90.99661	1150.42371	-321.66544	618.61786	1241.24890	-87.33595	70.55641	1052.14380	-105.12210	486.54285	1203.41248	80.75454	177.53716	919.24207	-107.13224	423.48163	927.18414	23.85110	472.39627	954.45361	-278.93396	294.58139	471.64999	-134.85042	539.35687	523.66486	49.34849	370.35574	268.94339	-437.64938	586.04431	106.60316	-29.27299	
179	1.780	119.85088	1548.36682	55.19116										103.21687	1423.18921	-212.56543	481.54089	1482.52039	-44.90908	249.37943	1307.22742	-36.85875	330.73026	1499.14319	-238.90952	93.26332	1152.58374	-314.41153	614.16602	1243.39917	-72.04726	68.98073	1053.83374	-98.98842	478.90274	1204.30396	94.77290	171.52361	921.63409	-101.70502	416.67526	927.33459	34.23861	470.67801	956.17450	-264.21783	284.91034	474.28479	-109.63553	538.64056	524.03088	58.21764	373.86197	274.35757	-410.35953	585.64117	107.71376	-28.43238	
180	1.790	114.63599	1549.46558	63.77030										101.75552	1425.43933	-206.59190	476.35776	1483.94678	-30.33377	244.11835	1308.53528	-28.72686	330.03232	1501.87732	-228.07901	94.86570	1154.66479	-308.03848	610.19330	1245.40112	-54.25760	67.40162	1055.95764	-92.86592	472.18799	1206.17139	108.79036	166.81642	923.36731	-96.16994	410.28049	928.22607	44.12962	469.71454	960.06354	-249.55750	273.53302	475.95764	-83.43739	537.93091	524.59906	65.34781	376.54947	278.56882	-383.82437	585.19922	108.91943	-27.11445	
181	1.800	109.70525	1550.09045	73.06458										100.45834	1427.82861	-200.73605	470.58737	1486.02380	-15.37934	238.79887	1310.32458	-19.88288	329.10281	1504.12671	-215.74388	96.04144	1156.99329	-301.13986	604.72406	1247.60315	-37.66005	65.61225	1057.82434	-86.97898	464.64984	1207.75940	122.76668	162.17183	924.75262	-92.39387	404.50967	929.53210	53.68826	468.55099	962.83704	-235.51805	260.45093	477.27542	-54.56336	537.84161	525.19757	74.30036	380.30951	281.99490	-356.64395	584.96783	109.88802	-26.76447	
182	1.810	104.63715	1550.65283	82.20029										99.25565	1429.87817	-194.70853	465.06882	1487.35828	-0.31728	233.30492	1311.37305	-11.65118	328.16797	1506.52795	-204.47783	96.92981	1158.99829	-295.12247	599.85071	1250.07544	-23.01049	63.69306	1060.18689	-81.10084	456.71680	1208.86511	135.85350	157.68666	926.59210	-88.20493	397.30035	930.33313	63.33998	467.26672	965.26508	-222.14569	246.86856	478.27496	-24.44778	537.09332	526.51556	81.95990	382.08636	284.36130	-330.23340	584.61304	111.41349	-25.95876	
183	1.820	99.68671	1551.37427	90.72298										97.66974	1432.10217	-188.73782	458.61169	1489.48743	13.68498	227.37508	1313.07117	-3.26467	326.51773	1508.86499	-193.17125	97.39099	1161.58630	-289.40411	594.14081	1251.80566	-5.79071	61.44939	1062.63000	-75.41927	449.27731	1210.35217	149.78960	153.12735	928.28302	-84.19042	390.32825	931.37012	72.28749	466.16766	968.50745	-209.94397	236.17654	478.63062	5.91004	536.75256	527.93713	89.40516	382.83112	284.70535	-302.47809	584.44360	112.14634	-25.30318	
184	1.830	94.28034	1552.09998	99.87743										96.22102	1434.18286	-182.75117	453.03537	1490.62854	27.86743	221.83139	1314.36157	4.87941	325.20413	1511.19226	-181.98988	97.92039	1163.52673	-283.81415	589.67401	1254.04321	10.79537	59.33110	1065.67163	-70.46487	441.84708	1211.79407	162.93102	148.60277	930.01971	-79.98148	382.84891	932.11188	81.36813	464.89676	970.96313	-197.60178	224.57578	480.00366	34.90596	536.18030	529.31073	96.14326	383.15137	284.74817	-274.89789	584.44464	113.35396	-24.40709	
185	1.840	88.86909	1553.12341	109.38519										94.60459	1435.94250	-176.58478	446.74304	1492.37500	41.07438	216.13414	1315.19507	12.92263	323.58469	1513.05432	-169.94733	97.93556	1165.53674	-277.64017	583.11670	1255.29565	26.94872	56.95242	1067.55505	-65.25323	434.20401	1212.55188	175.83858	143.54010	931.61639	-75.70190	375.44028	932.45660	90.27946	463.63809	972.90460	-185.94342	212.59952	488.56094	58.81054	536.39105	530.09399	102.89655	383.69229	283.23816	-247.42110	583.97644	115.10666	-23.33813	
186	1.850	84.20678	1553.34119	117.84621										92.86334	1437.84888	-170.46309	440.50201	1492.96240	55.05835	210.84645	1316.12329	20.79145	321.59143	1515.12805	-159.68997	98.83348	1167.84351	-272.90216	578.17914	1256.81519	42.59906	54.52190	1069.46362	-60.28826	426.26505	1213.78674	189.21678	138.65656	933.06348	-71.23550	368.31876	932.79230	98.73151	462.29443	974.90558	-174.27892	199.98651	501.61835	77.47690	535.18121	531.30298	109.72269	383.39264	280.89444	-218.84532	584.16858	115.86723	-22.89339	
187	1.860	78.25744	1553.72107	127.48665										91.26579	1439.35229	-164.26575	434.47003	1494.13062	68.68504	205.05505	1317.04956	28.76683	318.59845	1515.52673	-147.94012	99.30218	1169.73206	-266.78156	571.57648	1257.80701	58.59924	51.35049	1071.37646	-55.22353	416.70645	1216.06702	201.40894	133.86008	934.48376	-66.70026	360.05148	932.84082	107.51035	460.72269	976.67883	-162.96771	187.05931	515.41833	93.43428	531.82080	533.58002	116.59516	381.93799	277.88019	-191.08952	583.76617	117.14465	-21.68825	
188	1.870	73.57803	1554.08350	136.26566										88.63255	1441.14478	-157.65395	427.61398	1495.15173	82.14943	199.23045	1317.92029	36.67477	315.29007	1517.10156	-137.36348	99.25607	1171.74768	-261.63074	565.73712	1259.16418	72.57105	48.64077	1073.81982	-50.38921	408.18341	1216.65552	214.25195	128.95450	935.87701	-62.40838	352.62683	932.81659	115.26836	459.18130	978.48090	-152.81616	174.55956	527.99457	107.75822	524.78455	535.91638	123.96536	379.29288	275.04990	-163.67314	583.43823	118.66743	-20.92271	
189	1.880	67.91385	1554.72266	145.12631										86.66103	1442.16479	-151.21986	420.71802	1495.46887	94.23183	193.80754	1318.92981	44.63391	312.63675	1518.41528	-127.79543	98.79086	1173.07678	-255.00638	559.56891	1259.49963	88.48537	45.66800	1074.39893	-44.84999	400.04904	1217.80481	226.42603	124.06743	936.45447	-57.48425	345.31174	932.78247	123.73219	458.37027	980.05426	-142.68362	162.10182	538.44403	121.61662	517.73181	538.74518	131.55521	376.76245	269.71878	-135.05923	583.33759	119.57156	-20.26492	
190	1.890	62.21895	1555.35840	154.39606										84.11791	1443.38757	-144.60355	413.70331	1496.20044	107.02852	187.64523	1318.75366	52.28922	309.24167	1519.72119	-117.51704	98.33278	1174.89429	-249.99368	553.06415	1260.06360	103.84569	42.80490	1076.37976	-39.88156	390.67307	1218.21973	238.16028	118.84556	936.95221	-52.42527	337.63153	932.68500	131.72498	455.19623	981.76025	-131.98167	149.33788	546.69025	134.27638	507.93945	541.07495	139.60992	371.72171	263.31714	-105.05164	582.93231	121.37778	-18.48686	
191	1.900	57.55657	1555.51001	162.45160										81.89059	1444.50769	-138.01007	406.55249	1496.85693	119.41404	182.52449	1319.13049	59.90175	305.45374	1520.56567	-107.42601	97.74323	1176.39246	-243.87872	547.05090	1261.09680	118.08846	39.44882	1077.93469	-34.77601	381.81073	1219.40991	249.74188	113.99094	938.16449	-47.85561	329.78897	932.32239	139.51390	452.70169	982.95087	-120.83352	135.12029	554.39465	145.25461	497.78287	542.79694	147.11220	366.48871	256.85010	-75.66747	583.08356	122.45528	-17.96841	
192	1.910	51.37177	1555.58374	171.90216							30.71949	1610.38989	31.99679	78.78425	1445.14563	-131.28935	399.42914	1497.17969	132.42346	177.21313	1319.18896	67.80333	304.75662	1523.60425	-94.82351	96.40211	1177.18042	-238.67482	539.66125	1261.74512	131.68755	35.88013	1078.88538	-29.58967	373.74142	1220.00684	262.30814	108.38474	939.07959	-43.65917	322.90530	931.90887	146.93587	450.47470	984.47144	-110.99565	120.26048	562.83319	155.81450	487.79205	543.67072	154.35878	358.10687	250.42499	-47.30997	582.73169	123.58743	-16.17391	
193	1.920	45.94535	1555.67505	180.85602							25.61732	1611.36084	40.91038	75.54504	1445.99915	-124.76949	391.72751	1497.42114	144.02417	170.13889	1319.26611	75.89549	300.61978	1524.41931	-84.13516	94.81084	1179.10022	-232.31693	531.99359	1262.34070	145.99577	31.77414	1079.33118	-23.63739	365.40198	1220.46423	274.09952	103.37738	938.74268	-38.14621	315.07465	931.85083	154.74722	447.73871	985.68622	-100.94169	105.88192	571.42499	165.95041	477.17163	544.12274	161.51720	347.69727	242.90529	-18.46441	582.77252	125.13139	-15.35487	
194	1.930	40.28860	1555.72559	189.09386							20.33867	1612.49023	50.14848	72.33076	1446.59375	-118.24016	385.48743	1496.76416	155.47377	164.75186	1319.60449	83.15709	296.85507	1525.10437	-74.33141	94.20466	1179.69751	-224.33221	524.84998	1263.28027	159.07214	28.26836	1080.52881	-18.14503	356.07278	1221.04187	285.58081	97.60441	939.38751	-33.70096	307.25931	931.60626	162.15013	445.01657	986.37488	-90.45902	91.69574	579.82623	175.61632	466.81458	542.57660	167.09442	336.23547	235.12691	9.29018	582.33472	127.18782	-13.67095	
195	1.940	35.03063	1555.47656	197.63115							14.88807	1613.44189	59.26641	68.58514	1447.18103	-111.51843	377.61768	1497.51599	166.74857	158.03445	1319.76379	91.20782	292.94098	1526.10718	-64.01433	92.87160	1179.87012	-217.05487	517.78210	1263.23645	172.98682	23.67460	1080.69507	-12.27433	347.07672	1220.88232	296.19385	92.20850	939.36731	-27.93298	300.09689	931.00854	169.63632	442.23291	987.48163	-81.80777	78.37716	587.94128	183.40698	457.44519	541.12347	172.63405	322.45804	227.51157	36.92627	582.41827	128.21751	-12.47722	
196	1.950	28.75432	1555.49683	206.61620							9.53814	1614.05933	68.02985	64.87813	1447.67603	-104.58882	370.34268	1497.54810	177.79958	151.36827	1319.91077	99.36015	288.22787	1526.47632	-53.54760	90.47472	1180.37646	-211.33409	510.10870	1262.98865	186.94228	19.86053	1081.66541	-7.34664	337.44299	1221.58691	306.96115	86.59234	938.21442	-20.62339	293.09689	930.79675	177.83504	438.48260	988.09161	-71.67469	65.47824	594.80939	190.63483	447.62122	538.73334	178.76494	306.48953	218.72037	63.17391	582.33514	129.88150	-10.48612	
197	1.960	23.96631	1555.23438	214.87418							4.06608	1614.40491	76.81435	61.06480	1447.90564	-97.44067	362.12555	1498.18750	188.73399	144.93710	1320.17126	107.13242	284.13376	1526.72559	-44.40171	88.14205	1181.04150	-204.40591	502.84204	1263.57654	199.18372	14.89948	1081.87231	-1.08148	329.53436	1221.88367	319.11557	81.48940	938.85870	-15.18829	286.69714	930.73090	185.66606	434.19922	988.82275	-62.55777	53.09169	600.36115	196.86855	437.02118	536.35242	185.22188	289.03662	210.36380	88.48578	582.00830	131.30603	-9.19584	
198	1.970	17.18188	1555.78613	223.84555							-1.48250	1614.60498	85.59275	56.81334	1447.81580	-90.10667	354.85239	1496.95789	198.45648	138.64371	1319.89819	115.08393	279.29196	1526.90125	-34.83500	85.41979	1181.78430	-197.36804	494.75107	1263.64905	211.70305	10.39393	1082.13281	4.95851	319.48376	1222.14124	329.01501	75.57799	938.75916	-9.04827	279.69983	930.33124	193.77353	430.45139	989.35101	-53.44717	42.16928	604.83960	202.10399	426.86841	532.85889	190.82532	270.14615	201.50270	113.76862	581.33698	133.05775	-7.69673	
199	1.980	12.22325	1555.32825	232.09242							-7.24516	1614.80920	94.44018	52.86986	1448.34656	-83.27833	348.01300	1497.72583	209.71205	131.70062	1320.01404	123.48112	273.92526	1526.94446	-24.39668	82.63937	1182.20715	-190.24519	487.15747	1264.13440	224.48686	5.34435	1082.06470	10.71508	311.64401	1222.51465	340.82590	70.21139	939.37115	-2.56985	272.72964	930.23175	200.32800	425.72089	989.29626	-44.01354	31.46616	607.33362	206.64859	416.26740	530.37018	197.14102	249.04840	193.14047	135.53050	581.04938	134.77232	-6.68022	
200	1.990	5.99194	1555.33630	240.87730							-13.20726	1615.34961	103.18376	48.07465	1448.34119	-75.72356	340.70657	1496.83630	218.69829	124.99158	1319.99353	131.39894	268.91788	1527.34119	-15.83866	79.49667	1182.85950	-183.24615	478.91089	1264.33972	235.73076	-0.03835	1082.30115	16.69633	302.87143	1222.59583	350.73538	64.92510	939.26599	4.23921	266.70767	929.81183	208.02971	420.58444	989.16577	-35.01182	21.53865	609.03888	210.83713	405.41599	527.01501	202.57495	226.05144	184.53363	156.83008	580.33875	136.28520	-4.91887	
201	2.000	0.27036	1555.24683	249.44341							-19.21140	1615.88208	111.98091	43.12703	1448.37231	-67.94888	333.83871	1497.45264	229.65929	118.26116	1320.04773	139.95052	263.04565	1527.09131	-5.42513	75.89236	1182.69714	-176.08914	471.77130	1264.04089	247.72215	-5.68308	1082.32617	22.74653	293.95889	1223.33618	360.83389	58.57513	939.51630	11.44814	260.16907	929.30432	216.32463	415.20859	989.76910	-26.51523	12.45256	610.16644	215.10797	397.24420	525.05011	204.28795	201.19313	175.65962	177.11113	579.46582	137.95236	-3.51147	
202	2.010	-6.37364	1555.33142	258.29166							-25.41210	1616.30139	120.91430	37.78031	1448.33191	-60.09333	325.27936	1496.58521	238.81398	111.55666	1319.12646	148.75748	257.46402	1526.88049	2.94865	72.03452	1183.09949	-168.53766	463.06238	1263.75073	259.28751	-11.40949	1082.26440	29.41583	284.59253	1223.50391	371.37555	53.23143	940.60236	17.59089	253.02159	929.06482	224.90120	409.95621	989.90326	-17.10094	4.50336	610.43512	219.18541	390.29752	524.30524	202.97328	174.69203	166.85866	195.03513	578.81415	139.97237	-2.50416	
203	2.020	-13.15280	1555.84998	267.19058							-31.67656	1616.65674	129.78566	32.33324	1448.08752	-52.43023	318.17477	1496.49902	248.06543	105.45009	1318.98193	156.45496	251.67212	1526.48987	12.89163	67.67641	1182.84937	-160.85785	455.69272	1263.28516	270.05646	-18.03005	1081.73499	35.02843	275.64514	1224.12744	380.90848	48.16664	940.61011	25.32296	245.48112	928.49640	233.07370	403.77066	989.06714	-8.34818	-3.41849	610.05829	223.94125	384.09235	524.53815	199.94350	147.33203	158.46657	212.30833	578.26813	141.73483	-0.95977	
204	2.030	-18.93713	1555.72046	275.81119							-38.07131	1616.81055	138.56267	26.45361	1447.64954	-44.13943	311.05161	1496.34106	257.84641	97.84279	1319.08850	165.33533	245.30243	1526.26904	22.48278	62.84527	1182.92810	-153.35246	447.53201	1262.81555	280.92648	-24.25455	1082.01721	41.99915	267.14566	1223.98975	390.49869	42.12221	940.68665	32.82435	238.78017	927.62714	241.78642	398.04785	989.48621	0.60522	-9.62920	607.93640	229.09596	377.28424	523.24982	197.20883	118.79280	150.72813	227.59193	577.40594	143.39636	0.97846	
205	2.040	-26.41801	1556.48059	285.09958							-44.65644	1617.13953	147.56812	20.24189	1447.33789	-35.80379	304.01422	1495.95825	266.93015	91.48714	1318.66736	174.13014	238.99982	1526.24963	30.53946	58.01447	1182.86072	-145.82977	439.38336	1262.36719	290.91019	-30.31436	1081.46924	50.02018	259.01602	1224.24036	399.78204	36.14222	940.51544	41.42699	231.33731	927.39166	249.96091	390.85233	989.23828	9.52430	-15.28600	605.03186	234.23886	371.19952	521.93658	194.12865	90.81351	143.95686	242.52611	576.46545	145.49507	1.59336	
206	2.050	-33.24655	1556.76135	294.16104							-51.36440	1617.46875	156.61957	13.92480	1446.93188	-27.26317	296.41855	1495.91504	276.49841	84.27709	1318.42334	182.95834	232.28658	1525.49023	41.01634	52.29280	1182.87256	-137.62405	430.67969	1262.23779	301.69846	-36.97960	1080.83215	56.67693	249.95650	1224.33289	409.62216	29.61903	940.25897	50.89016	223.89305	926.86591	258.36865	383.67538	988.52313	18.54391	-20.21202	601.20111	240.31012	365.76920	520.61780	191.49005	63.48449	138.22256	255.47778	574.83887	147.32442	3.13562	
207	2.060	-40.07139	1556.98682	303.21881							-58.28509	1618.10437	165.79425	7.35164	1446.61975	-18.83899	289.00647	1495.72046	285.37009	76.82464	1318.40503	191.98029	225.52098	1524.83447	49.90852	46.61980	1182.64404	-129.92931	423.13010	1261.37512	311.35803	-43.77582	1080.49548	64.35572	241.38226	1224.67395	418.75613	23.11251	940.16272	59.52303	216.47513	926.76575	267.05106	376.15744	988.28265	26.58683	-24.12089	596.64630	246.44051	360.49588	520.33362	191.72722	37.68524	133.69125	266.80768	573.23395	149.21681	4.34988	
208	2.070	-47.61746	1557.39880	312.53220							-65.43980	1618.66992	175.08620	0.45507	1445.86230	-10.20230	281.15604	1495.72083	294.91364	69.38880	1318.52771	200.79436	218.46245	1525.03833	58.64384	40.61114	1182.44421	-121.64216	414.32428	1260.78003	320.77368	-50.87286	1080.15405	72.43246	233.04909	1224.56311	427.93805	15.91654	939.69250	69.77586	209.01187	926.44781	275.49146	367.81534	988.20465	34.66581	-28.21850	591.95630	251.67067	354.33295	522.02148	196.77872	16.07707	129.66287	277.32047	570.97534	151.39081	5.35447	
209	2.080	-53.96457	1557.26782	321.35101							-72.58249	1618.99670	184.32199	-6.51733	1445.50403	-1.66257	274.37375	1495.22681	303.83899	62.72033	1317.93677	209.94617	210.85275	1524.40051	68.11807	34.08037	1182.24573	-113.10114	406.57410	1259.93335	329.55823	-58.46910	1079.60608	79.99637	224.85019	1224.23315	437.31525	8.98408	939.79236	79.89579	201.47794	926.22693	284.53152	359.43073	988.03119	42.78757	-33.47491	587.41986	256.70761	349.26614	522.79633	201.36066	-3.76744	125.57615	286.17368	568.75372	154.47842	6.40708	
210	2.090	-60.76871	1557.11609	330.38177							-79.79233	1619.19495	193.66585	-13.83343	1445.13916	7.33797	266.76843	1495.01343	313.08728	55.36056	1317.73425	219.29994	203.48840	1524.13452	76.59866	27.15761	1182.12500	-104.52212	398.12439	1259.25073	338.77606	-65.91254	1079.43555	87.64409	216.26071	1224.50952	445.85510	1.27100	939.56476	89.97736	193.33432	926.21722	293.70236	350.84662	987.33588	51.06096	-40.19426	582.98358	260.58228	344.84964	522.00946	206.13184	-21.17214	122.73244	293.72247	566.19977	156.88736	8.45333	
211	2.100	-68.61919	1557.46497	339.89697							-87.01519	1619.09314	202.86591	-21.33203	1444.41248	16.38899	259.22571	1494.61023	322.29788	47.63475	1317.67407	228.63614	195.96442	1523.05115	86.05989	19.89490	1181.80530	-96.06628	390.47092	1258.52930	346.94785	-73.75516	1078.88928	95.46272	207.61301	1224.46460	454.55817	-6.43148	939.55707	101.15858	185.15520	926.86206	303.02164	341.67654	987.27759	59.17671	-47.99533	579.69910	265.73703	340.45068	520.78497	210.32922	-36.09232	119.72878	299.40750	563.07062	160.13438	9.26162	
212	2.110	-74.95700	1557.17859	348.69583							-94.42609	1619.18713	212.21805	-29.13412	1443.97290	25.44313	251.32611	1494.41187	330.93799	39.39897	1317.76135	238.03894	188.09949	1522.70032	94.12317	11.98297	1181.86353	-87.52623	381.78519	1257.72864	356.24380	-81.91900	1078.92993	104.20564	199.93600	1224.55103	462.92535	-14.68841	939.41785	112.79919	177.49457	926.48199	312.89804	332.05051	987.37909	66.85307	-56.83668	577.20184	271.73758	334.67206	518.98352	215.54576	-48.15406	117.25984	303.44409	560.15338	163.14055	11.30701	
213	2.120	-82.04759	1556.65698	357.74377							-101.91139	1619.17944	221.61496	-37.11173	1443.24316	34.85349	243.57059	1494.04077	340.09488	31.17539	1318.05945	247.86626	180.40623	1521.75439	103.62924	4.40437	1181.20996	-78.59252	373.56888	1256.93591	364.39594	-90.84953	1078.33838	112.52753	191.95888	1224.16296	471.40256	-23.19538	939.19647	123.46635	168.49298	927.14069	322.45813	322.18988	986.49243	75.48830	-65.64145	575.47211	278.10840	327.67749	517.77551	221.93335	-56.77167	114.00518	306.52264	556.86566	166.39497	14.84846	
214	2.130	-89.35371	1556.60632	367.20129							-109.47190	1619.36267	231.10600	-45.22737	1442.71692	44.20226	236.00546	1493.47339	348.70898	22.92278	1317.19568	257.67416	172.57681	1520.70447	112.37927	-4.15845	1180.65833	-69.91897	365.49976	1256.23303	372.22296	-98.97794	1078.05310	120.92506	182.37747	1223.83606	479.06897	-32.35807	939.21558	133.98239	159.39879	927.28339	332.95255	311.68826	985.68921	83.67648	-74.08012	573.84082	284.82437	320.07843	516.04761	229.22174	-62.41877	110.42849	308.57098	553.31415	170.74907	17.60819	
215	2.140	-97.41528	1557.03796	376.76596							-117.06380	1619.39832	240.65240	-53.31911	1441.99072	53.34016	227.50279	1493.09924	358.23047	13.02743	1317.80884	267.70612	164.32545	1519.67432	121.33391	-12.80799	1180.06531	-61.07467	356.86786	1254.94116	380.48254	-107.60056	1077.37708	130.12900	175.03905	1224.59619	487.72720	-41.47580	939.88525	145.64662	150.54396	926.97327	343.12164	301.23077	985.21100	92.25010	-83.36819	571.52301	291.57056	311.30707	514.49463	236.93440	-65.29732	107.55650	308.98920	549.09369	174.59596	22.00113	
216	2.150	-104.83986	1556.50500	385.94803							-124.67410	1619.29089	250.20271	-61.84895	1441.31030	62.85402	219.45723	1492.38428	367.00955	3.92864	1317.97778	277.36963	155.77449	1518.85010	130.55019	-21.57213	1179.41248	-52.67018	348.68542	1253.74902	388.20383	-116.46068	1077.46033	138.78104	166.86020	1224.25891	496.34174	-51.66461	940.25745	155.53415	140.62003	926.89160	353.33694	290.22495	984.22180	100.69506	-92.70419	568.29022	298.40518	301.64856	512.80396	245.63725	-65.25712	105.24350	311.42963	545.02295	178.70026	26.40485	
217	2.160	-112.31524	1556.14514	395.46329										-70.46554	1440.74780	72.15637	211.81827	1491.23291	375.45108	-5.27107	1317.94824	287.07870	147.17438	1517.13586	137.96451	-30.05022	1178.74182	-43.71414	340.39603	1252.34045	395.75620	-125.86817	1077.38318	147.61064	158.19379	1223.23962	503.83029	-62.37788	940.72760	165.21921	129.47035	926.64008	364.27878	279.51962	982.96350	109.66257	-102.25751	564.14960	304.11578	290.93872	511.46732	255.27605	-64.00518	103.59950	316.25192	540.51752	182.84576	32.04849	
218	2.170	-119.13992	1556.08691	404.79160										-78.96996	1440.25745	81.32827	203.39572	1490.08167	384.69055	-14.74464	1317.60071	296.93869	139.02470	1516.30383	147.66312	-39.41647	1178.19849	-34.58958	332.13712	1251.15283	403.57663	-135.04126	1077.61975	156.69748	150.95853	1223.89722	513.01093	-73.74378	941.53265	173.63799	118.66267	925.95050	374.93924	267.70972	981.77112	118.13184	-111.72904	559.04944	309.28598	280.11722	509.87265	266.77240	-63.59402	103.36620	321.42477	535.40637	187.60646	38.44555	
219	2.180	-127.45580	1556.72131	414.63986										-87.55170	1439.83118	90.14591	194.87051	1489.63745	392.88013	-25.07833	1318.23181	306.68466	131.12404	1515.79822	156.90417	-49.01453	1177.91931	-25.81426	323.74704	1249.51270	411.44775	-144.93939	1078.25537	165.86078	142.98169	1223.39307	521.06750	-85.49000	942.14807	182.60323	107.06398	925.10876	385.54114	257.09863	980.00934	128.00725	-121.60735	553.67987	314.30423	268.68433	508.68561	279.42081	-64.50968	103.97842	324.30145	529.14252	192.49034	45.87646	
220	2.190	-135.10294	1557.20911	424.70703										-96.33757	1439.92908	99.38580	187.08934	1488.09448	401.78848	-34.03798	1318.86023	316.06229	122.73785	1515.61804	166.56113	-58.75938	1177.60339	-16.70746	315.48068	1248.33093	418.77151	-154.55678	1078.52026	175.14445	134.70515	1223.36926	529.25293	-97.45087	943.42267	191.00700	94.27126	925.04047	396.02792	245.85426	978.75146	137.34964	-130.80214	548.78491	318.39688	257.19788	506.55905	293.11893	-64.41219	104.33562	326.33490	521.77374	198.05989	54.33541	
221	2.200	-142.87424	1558.08289	434.30594										-104.92139	1440.44397	108.14169	178.89740	1488.15503	409.95398	-43.39895	1319.85547	325.12454	114.82093	1515.75098	175.68192	-68.42591	1177.77698	-7.48685	306.52017	1247.36194	426.00842	-164.37646	1079.48889	184.45033	126.73755	1222.86365	537.44879	-109.79297	944.10614	199.72935	80.99294	925.27441	406.35242	235.07619	977.70966	146.35052	-137.89127	546.16736	322.13391	243.45457	505.09137	308.95380	-64.75370	105.10447	327.78433	513.37915	204.43459	63.91848	
222	2.210	-150.23463	1558.66211	444.40961										-113.77377	1441.26941	117.11163	171.57768	1488.08643	417.98788	-53.10246	1321.24304	334.12375	106.61344	1516.40417	185.36624	-78.38175	1178.27844	1.49132	298.02377	1247.02405	433.90436	-174.44099	1080.63171	193.92110	118.54761	1223.11682	544.92487	-122.17037	946.00818	207.41942	67.05753	925.76227	416.73633	223.95921	976.45563	156.21507	-144.07007	544.98602	326.60278	228.52496	503.52383	326.24365	-65.82744	105.10773	328.40775	503.45041	211.33324	75.02724	
223	2.220	-158.19002	1559.97656	454.14020										-122.73689	1442.90186	126.37395	163.35529	1488.60803	426.55496	-62.43882	1322.87317	343.25626	99.37292	1517.62524	196.69730	-88.30951	1179.61267	10.99739	288.42078	1246.47900	440.83011	-184.71094	1081.83313	203.43312	109.27573	1223.23145	553.06805	-134.19969	947.50385	214.89548	53.08052	926.58038	426.49164	213.53627	975.44250	165.59444	-149.22859	544.42749	331.17935	212.49890	501.11664	344.94400	-66.99360	105.44652	328.43854	492.59839	219.61569	86.86144	
224	2.230	-166.23189	1561.22754	463.91467										-132.00069	1444.66235	135.51608	155.39265	1489.34888	434.90439	-71.39870	1323.67505	352.38837	91.30016	1518.50000	206.07797	-98.29189	1181.47424	20.96384	279.81131	1246.72058	447.03503	-195.43224	1083.83569	212.48657	101.30856	1223.52832	560.28802	-145.47302	949.19904	222.96677	38.35989	927.43988	436.61188	202.23227	975.35437	175.32080	-153.81943	543.07513	335.00827	195.77664	497.83774	362.77319	-68.06521	105.00697	328.75937	481.09662	228.51266	99.61363	
225	2.240	-173.95857	1562.71692	473.75629										-141.30197	1446.83533	144.79825	147.21399	1489.58655	443.72534	-80.27481	1325.30005	361.13858	82.82983	1519.27039	216.42290	-107.79665	1183.50269	30.40073	270.60223	1246.50427	454.59827	-205.50761	1085.97034	221.84387	91.31405	1223.13953	567.00494	-156.71478	950.63269	231.43674	24.69496	928.84332	446.62988	191.96660	974.85052	185.22527	-159.19218	542.26031	339.38385	177.43835	495.61438	381.33328	-68.86722	105.02387	328.66656	467.66980	236.69823	114.10432	
226	2.250	-182.02023	1564.45007	483.37299										-150.66797	1448.91797	154.12057	139.69882	1490.20349	451.72021	-89.74449	1326.67285	370.35229	81.24222	1521.98853	226.46115	-117.71691	1185.87756	40.24392	261.28729	1246.72339	460.84091	-216.39668	1088.69702	231.20399	82.58880	1223.30737	574.44916	-167.54807	952.00439	239.18684	11.83473	930.09418	455.98331	182.12593	975.33295	195.83325	-164.24251	540.70844	342.61621	158.72055	494.04657	399.74423	-69.01582	104.55301	328.70062	452.80698	244.94350	129.27475	
227	2.260	-190.25043	1566.16028	493.47009										-160.13211	1451.26074	163.79453	131.19637	1490.67627	460.57077	-98.25941	1328.11377	378.66479	60.58770	1519.79358	227.12456	-127.62354	1188.04590	49.22133	254.39320	1248.05750	466.55396	-226.27213	1090.78967	240.40181	74.60806	1223.68799	582.17206	-178.16290	953.79688	247.71828	-0.59564	932.31238	465.71457	172.66281	976.10071	205.71721	-168.56114	538.76758	345.35577	137.94934	492.39230	418.85324	-69.96550	105.24214	328.83517	436.83154	253.11877	144.84351	
228	2.270	-196.58601	1567.53528	502.81805										-169.46918	1453.48022	173.38762	123.61654	1491.33704	468.54660	-106.92070	1329.49158	387.73715	51.98826	1521.68799	236.38203	-137.66020	1190.42554	57.97976	245.43803	1247.61646	473.92841	-236.97868	1093.72485	249.79213	66.48776	1224.11462	588.88434	-188.78439	955.96136	255.65068	-11.41744	934.51672	474.27502	163.20334	977.04840	215.88692	-173.64737	536.37604	346.90070	117.18331	491.40231	437.36176	-71.08388	105.86115	329.38153	419.96967	261.08145	160.41682	
229	2.280	-205.04289	1569.69971	512.27820										-178.74608	1455.73804	183.31665	115.07774	1491.59155	475.54291	-114.97847	1330.63647	396.46603	43.06828	1523.33447	244.16673	-147.67014	1192.89587	66.59079	238.28729	1248.10010	480.85745	-246.66954	1096.76013	258.82840	58.28582	1224.43958	596.41473	-198.87369	958.36066	263.42169	-21.45754	936.82867	483.84070	154.24886	978.28522	225.91235	-179.11716	534.70380	347.62210	96.00127	490.61075	454.84485	-71.45509	106.35756	329.55127	402.79617	268.00568	176.47476	
230	2.290	-212.79735	1571.03772	521.62909										-187.81955	1457.65125	193.10800	107.62612	1492.97571	485.55243	-123.02219	1332.05615	405.05350	34.77670	1525.10876	253.92201	-157.80940	1194.88220	75.59191	229.20674	1248.09717	485.73645	-257.22925	1099.72314	267.50333	50.11979	1224.83276	603.68896	-209.29152	959.00775	271.23575	-30.11921	938.94885	492.77414	145.13359	979.31787	235.66161	-184.44489	533.56329	347.45660	75.05832	488.98425	472.00314	-71.54771	106.51457	329.55377	384.92404	273.92316	194.67233	
231	2.300	-220.71814	1573.33167	531.10431										-196.74522	1459.61609	202.82883	100.54218	1493.81213	493.17581	-131.50175	1334.07996	413.93304	25.90697	1527.26941	261.06024	-167.77548	1197.58545	84.50175	220.99413	1248.25696	493.27896	-267.13025	1102.02271	276.40561	42.50324	1225.41504	611.42578	-218.52815	960.99432	279.34927	-38.14847	940.90405	501.46890	135.61862	980.05029	245.95465	-189.77193	532.19385	346.71228	54.21326	487.86517	489.28244	-72.06367	107.00994	329.77524	366.78339	279.56015	211.01076	
232	2.310	-227.56520	1574.76172	540.68561										-205.36650	1461.70764	212.42870	92.78061	1495.16504	501.30408	-139.43414	1335.84619	422.72037	17.28175	1529.19666	270.13855	-178.10425	1200.45532	93.06232	212.00986	1248.88110	499.67923	-277.02817	1104.79895	285.00113	34.84996	1225.79431	618.75867	-227.49947	963.29553	286.87735	-45.35241	942.10699	510.47089	126.38348	981.84814	255.37057	-194.91942	531.12677	345.15891	33.34618	487.97238	506.10611	-72.48434	107.36623	329.72537	347.53790	284.56448	227.34906	
233	2.320	-235.12556	1576.26501	550.19336										-214.13179	1463.96350	221.95189	85.64565	1496.06934	509.35803	-147.20255	1337.33826	431.27994	8.87251	1530.93030	278.56241	-188.00406	1202.66711	101.82493	204.57254	1249.18018	505.54163	-287.14493	1108.12036	293.68442	27.41365	1226.48608	626.38617	-236.43793	965.66931	294.33298	-51.73602	943.39227	518.55231	116.90282	983.30725	264.48013	-199.96730	530.22089	343.13290	14.51791	490.94711	522.49109	-72.58804	107.61805	329.73984	327.79019	287.99228	245.80234	
234	2.330	-242.66740	1578.09082	559.57025										-222.72935	1466.43677	231.24547	77.98193	1498.06104	516.92816	-154.80435	1338.98755	439.22455	0.49648	1533.18188	287.25305	-198.33818	1205.35437	110.29903	196.92938	1252.10535	514.59918	-296.78809	1110.68835	302.18704	19.37518	1226.99048	633.82727	-244.40504	969.62909	300.11035	-58.33421	944.18152	527.48322	107.14952	984.91235	274.50430	-204.98320	529.05731	341.42120	-4.51869	496.22375	539.73047	-72.48636	107.98653	329.73401	307.29776	289.65741	265.73065	
235	2.340	-249.14249	1579.44055	568.85938										-231.40654	1468.83044	240.46107	70.23442	1499.06677	525.72162	-162.88046	1340.64844	448.22809	-7.81749	1534.77612	295.86700	-208.77878	1208.28772	118.82496	186.98314	1251.37378	519.84113	-306.75458	1113.45850	311.04431	11.58560	1226.76819	640.06549	-252.47130	971.83234	305.77768	-63.70762	944.43915	535.72815	97.38233	986.62238	284.14139	-209.57835	527.74719	338.62903	-21.10079	502.01462	555.28870	-72.72446	108.59339	329.87689	286.73489	289.81729	285.25879	
236	2.350	-257.15454	1581.43286	578.36011										-240.11650	1471.35046	249.44485	63.28771	1500.29590	533.14532	-170.66846	1342.64734	456.56683	-16.08349	1536.71680	304.93085	-219.22862	1211.28870	127.59052	178.64420	1252.44678	526.81390	-316.38437	1116.28589	319.68225	4.32614	1227.84180	647.62897	-259.80792	974.61182	311.14764	-69.14474	945.55139	543.70465	86.95757	988.54077	293.36746	-213.74072	525.96106	336.04941	-38.53292	509.05106	570.45270	-72.79347	109.15487	330.15591	265.43173	289.14630	305.04709	
237	2.360	-263.85315	1582.73328	587.47296										-248.70317	1473.70361	258.12149	55.55756	1501.42261	541.04309	-179.13458	1344.08386	463.09717	-24.32372	1538.83069	312.90463	-229.30431	1213.84521	136.34665	170.99130	1253.96069	533.58459	-326.07397	1118.99292	328.63275	-3.71568	1228.02893	654.84552	-266.50763	976.94592	317.49011	-74.72148	946.36536	551.47479	77.54020	989.96942	301.85095	-218.22787	524.24823	333.40524	-56.86937	514.89331	584.24908	-73.36522	110.20116	330.45190	243.47823	287.03940	324.93842	
238	2.370	-271.41327	1584.15356	596.80737										-257.47763	1476.21130	267.09109	46.84486	1502.88965	550.10547	-186.88399	1345.10815	472.42587	-32.63691	1540.75586	320.66782	-239.10518	1216.01196	144.63034	163.41685	1255.11829	541.42731	-335.08194	1121.53088	336.94748	-11.44010	1228.61865	661.90881	-272.62064	979.03961	324.03116	-80.90238	947.69385	559.84668	67.56886	991.25397	311.90268	-222.32166	522.14642	329.99609	-73.38056	521.56909	595.36517	-73.43351	111.33479	330.78207	221.61955	283.96799	345.50250	
239	2.380	-278.53497	1585.40417	606.20221										-266.14194	1478.48938	275.76144	40.24774	1503.62207	557.76178	-195.32022	1346.27258	479.84457	-40.95281	1542.34912	329.34659	-249.77106	1219.18262	152.74388	155.31714	1255.53979	546.29602	-344.41125	1124.10706	345.74976	-18.78387	1228.48694	669.10962	-279.14624	980.25757	330.95163	-88.15673	949.65961	567.83978	58.67356	992.74274	320.42758	-226.54396	520.94476	327.13651	-90.84484	526.72119	607.44031	-73.95060	111.97015	330.97650	198.61902	280.06082	365.79349	
240	2.390	-285.31110	1586.54614	614.99799										-274.65350	1480.57422	284.18347	32.16723	1504.91333	566.04657	-203.89703	1347.45825	488.10760	-49.15557	1543.78662	337.60492	-259.19260	1220.98560	160.93320	149.19630	1256.11658	555.00287	-353.85172	1126.63440	353.89404	-26.01645	1229.32874	675.88007	-284.94882	981.28931	338.72229	-95.88849	951.02728	575.01978	49.73253	993.86035	328.86185	-230.81653	520.50757	324.70242	-107.53939	532.78461	619.94080	-74.13982	112.65365	331.65088	175.31853	275.36533	386.19940	
241	2.400	-292.89401	1587.89075	624.68488										-283.19461	1482.05298	292.58102	24.56276	1505.30627	574.90283	-212.14586	1348.53894	495.77301	-57.74450	1545.90417	344.14053	-269.04691	1223.00928	168.63203	141.51888	1257.54102	561.36670	-362.92136	1128.90173	362.38818	-33.56947	1229.32043	683.19232	-291.13934	981.99609	344.99603	-104.65475	952.40533	582.47504	41.04273	995.03674	337.60168	-235.05597	520.98468	324.95654	-122.91885	538.89941	631.87384	-74.62966	113.88250	331.94263	151.20590	269.29526	406.86719	
242	2.410	-299.93567	1588.95959	633.94849										-291.98282	1483.51196	301.15106	17.23752	1506.43652	583.05542	-220.30931	1349.00317	503.39499	-65.48200	1547.19189	352.96713	-278.57095	1224.89697	176.27728	133.18059	1257.75439	567.49121	-372.05695	1131.29663	370.53946	-41.48133	1229.00793	689.82526	-296.51639	981.42474	352.72617	-114.17365	953.79327	589.68872	32.91038	997.13214	345.03912	-238.60852	521.73920	326.49390	-137.21545	544.77808	643.31873	-75.19558	115.27633	332.41641	126.89980	262.56879	428.15897	
243	2.420	-306.20779	1589.57849	642.62897										-300.25867	1484.82239	309.21909	6.96491	1504.37646	583.65271	-228.44049	1349.55212	510.97607	-74.18401	1548.51697	359.44949	-288.62506	1226.72144	184.00818	125.82393	1258.71143	575.59222	-381.33035	1133.10522	379.02621	-48.23627	1229.17456	697.30334	-302.44717	981.32544	359.15707	-123.58997	954.71930	596.46539	24.97819	998.38947	352.50244	-242.07597	522.48975	329.38943	-151.39392	550.61481	654.55798	-74.72752	116.23360	333.11554	102.08070	255.05815	448.72885	
244	2.430	-313.84665	1590.90320	652.34680										-309.31717	1486.21033	317.30646	-1.76957	1507.68347	602.39893	-236.66240	1350.15625	518.21069	-82.19699	1548.53064	368.34564	-298.04453	1228.18591	191.32947	116.33495	1258.17737	580.07629	-390.22293	1134.89087	386.82117	-55.69598	1228.68188	704.44330	-307.27228	981.30103	366.98880	-133.22040	955.31128	603.36292	16.92046	999.33490	360.49063	-245.13249	523.15240	333.08655	-165.30244	556.38525	665.24628	-74.88189	117.18391	333.71957	76.11985	246.79332	469.37863	
245	2.440	-320.62259	1591.15613	661.35217										-317.77032	1487.33240	325.56952	-11.06304	1505.62781	601.00861	-245.26530	1350.22058	525.76807	-90.57274	1549.55408	377.30612	-307.49588	1229.50195	198.97470	109.75871	1259.03894	587.94135	-399.86795	1136.74194	394.52429	-62.83340	1228.90198	711.70453	-312.80148	981.30200	373.50873	-142.86404	956.00409	610.30334	8.81516	1000.66626	368.17767	-247.91539	523.48914	337.12595	-180.36964	560.94379	674.48206	-75.29816	118.74748	335.21060	49.78922	237.98051	490.99857	
246	2.450	-327.49557	1591.48767	670.95648										-326.29062	1488.11963	333.78195	-18.91492	1505.20532	610.35583	-253.38359	1350.25781	533.40533	-99.21998	1550.20154	385.15015	-316.88901	1230.56787	206.61887	100.88702	1258.52966	594.72284	-409.34088	1138.48230	402.32602	-70.05782	1228.59680	719.29120	-318.27405	982.25214	379.95865	-151.77393	955.95795	616.57538	0.98139	1001.21057	375.53894	-250.91597	523.45129	341.32047	-194.66577	566.53394	683.97595	-75.42362	119.92051	335.75180	22.54664	228.13297	512.61438	
247	2.460	-334.39221	1591.66418	679.94293										-334.56003	1488.67041	342.00708	-26.86599	1505.29663	619.41724	-261.74292	1350.56396	540.84235	-107.07494	1550.36963	393.33853	-326.48938	1231.54846	214.60034	94.21225	1258.25452	601.38037	-417.93579	1139.40161	411.35278	-78.33548	1227.96130	725.84430	-324.37836	982.99872	385.99744	-160.96948	956.42346	623.17969	-6.96208	1002.00800	384.01675	-253.62740	523.46533	345.95157	-207.38452	570.28778	691.92712	-75.45772	120.87885	336.44724	-5.43274	218.27939	534.07202	
248	2.470	-341.32809	1591.86951	688.84668										-343.16721	1489.28113	350.11279	-35.01352	1503.67175	625.51300	-269.45062	1349.86462	548.14691	-115.77621	1550.59717	401.19543	-336.61072	1232.89111	222.76967	84.91177	1257.71777	607.53436	-427.08463	1140.59656	419.25510	-85.84666	1227.32202	733.29828	-330.44666	983.02789	391.51730	-170.11411	956.64386	630.86877	-14.84012	1002.92230	391.99026	-256.75827	522.37848	350.53964	-220.67812	573.90833	699.39087	-75.99590	122.46340	337.49747	-32.68579	208.33592	555.53351	
249	2.480	-348.09583	1591.60754	698.31226										-351.52313	1490.00220	358.13269	-43.17890	1503.71204	631.94183	-278.47021	1349.89771	555.98468	-123.83044	1550.44946	409.25281	-346.21078	1233.46191	230.43533	77.67259	1258.11279	615.17029	-436.19739	1141.60486	427.56912	-93.33888	1226.10840	740.33051	-337.48340	983.48883	397.51013	-178.67574	956.38348	637.49585	-23.11507	1003.55536	400.18936	-259.62015	522.08386	354.66714	-233.41100	576.31354	706.81567	-75.81329	123.32106	338.64935	-62.28321	197.06102	577.30988	
250	2.490	-354.91266	1591.09265	707.54254										-360.16815	1490.29504	366.58530	-51.20268	1502.87634	640.01508	-286.94681	1349.55273	563.55151	-132.15791	1550.68286	417.21481	-355.84570	1233.82446	237.76248	69.83842	1256.94421	622.23279	-446.08987	1142.15613	434.41772	-101.53016	1225.61926	747.43219	-344.73486	983.22443	403.14154	-187.08141	955.71454	644.98383	-30.92213	1004.10022	409.58096	-262.91891	521.35870	359.40634	-246.83862	578.57886	712.76532	-76.22303	124.69926	339.02869	-91.55775	186.09077	599.37152	
251	2.500	-361.73828	1590.40405	716.86536										-368.70313	1490.32422	374.32632	-59.13049	1503.08740	649.41754	-295.21710	1349.12964	571.01117	-140.80699	1550.31689	425.55487	-365.48380	1234.40662	246.34991	60.96700	1256.50879	628.03333	-455.49026	1142.73682	443.09894	-108.38263	1225.01025	755.58521	-352.05847	983.07489	410.49677	-196.37109	955.72571	652.62091	-39.11361	1004.54797	418.36792	-265.95984	520.84302	363.72900	-259.05481	579.34857	718.80634	-77.05309	126.32728	340.19449	-122.27725	175.22672	622.23193	
252	2.510	-368.61813	1590.12317	725.99487										-378.35687	1490.85925	382.71744	-67.12280	1501.23999	655.94055	-304.56183	1349.12488	578.85327	-149.40059	1549.51099	433.89102	-375.15384	1234.47900	254.42444	52.21264	1254.50769	634.61792	-464.27896	1142.94702	451.21796	-115.91402	1223.71094	762.70483	-359.40622	982.74054	416.20135	-204.87096	955.10504	659.90991	-46.99535	1004.35242	427.18390	-269.55002	520.67151	368.35217	-270.88443	579.62653	725.78650	-76.86776	127.39645	340.83115	-153.32709	164.37575	645.00317	
253	2.520	-375.55069	1589.38538	735.27106										-385.73087	1490.72473	390.63354	-75.79190	1500.32495	663.81134	-313.09476	1348.57117	586.72351	-157.87967	1549.35596	441.09146	-384.74551	1234.29517	262.64575	44.73361	1254.39954	642.26678	-473.18427	1143.02893	460.01636	-123.61488	1222.39600	770.58167	-367.95834	982.47363	421.82425	-214.41455	954.97327	667.31323	-55.16536	1004.72736	435.70819	-272.02737	519.68024	372.56952	-283.07150	578.38861	731.30280	-77.88451	129.59703	342.41205	-184.99174	155.43234	667.36554	
254	2.530	-382.38141	1588.18774	744.46985										-394.39880	1490.46997	398.79483	-84.26254	1499.70850	672.97754	-322.33453	1348.20972	594.43384	-166.26631	1548.85645	449.42035	-394.35648	1234.18604	270.86786	36.65673	1253.73157	649.20978	-482.33575	1142.44031	468.47977	-131.26161	1221.24731	778.10638	-375.29718	982.97815	428.40762	-223.74147	953.53619	674.12378	-63.29834	1005.48700	444.14999	-275.75732	519.48480	377.08432	-293.52963	576.79443	737.44342	-78.34382	130.60368	343.03156	-217.54337	146.10312	689.10370	
255	2.540	-390.22369	1587.98364	754.35144										-402.86551	1490.12061	406.90131	-92.02922	1499.00830	681.44006	-330.75760	1347.57910	602.16302	-174.65471	1547.85413	458.25778	-404.08569	1233.73047	279.41415	28.93507	1252.07593	656.79144	-491.50079	1142.21545	477.71527	-138.42186	1219.71838	786.37103	-383.13190	982.03113	435.43576	-232.95361	953.39038	682.80536	-71.50938	1006.07159	453.48569	-279.40253	519.09735	381.46680	-304.03659	574.33655	742.70886	-78.57068	131.72565	344.57138	-250.06714	138.38597	711.42450	
256	2.550	-396.85873	1587.11023	763.75360										-411.33795	1489.78613	415.36890	-99.98228	1497.32935	687.80444	-339.35074	1346.23401	609.82452	-183.04457	1547.19934	466.15598	-413.42172	1233.32654	287.92999	20.49833	1251.33826	664.11401	-500.51474	1142.19873	486.23816	-145.93877	1218.35205	794.54260	-391.48712	982.46155	441.67465	-242.04695	952.57593	690.04578	-79.65260	1005.88287	462.22900	-283.58286	518.69220	386.01163	-314.67960	571.77435	748.32910	-79.74581	134.31769	345.69940	-282.64362	132.13040	730.70416	
257	2.560	-404.81854	1586.56421	773.47681										-419.96356	1489.29517	423.80795	-108.18298	1495.40308	695.00317	-348.05606	1345.48169	617.75446	-191.61348	1546.31458	474.52972	-423.17960	1233.03296	296.50531	11.70657	1249.66919	669.04022	-509.40347	1141.47253	495.01776	-153.84760	1216.41772	802.50800	-399.07281	981.49866	450.27927	-251.78729	951.67804	698.05255	-88.37241	1005.88879	471.92151	-287.61575	518.12244	390.39102	-323.01901	567.32672	754.06116	-79.99016	135.40732	347.21832	-314.75885	126.61757	748.37683	
258	2.570	-411.47858	1585.49292	783.07611										-428.73486	1488.71033	432.43143	-116.73762	1493.61426	702.04486	-357.31036	1344.48804	625.95300	-199.91829	1545.03638	482.87335	-433.13171	1232.41223	305.33475	2.63218	1247.48083	676.25195	-518.69489	1140.91113	503.75357	-161.02153	1214.83459	810.97961	-407.36716	981.43134	456.64865	-261.22601	950.59845	706.17175	-97.19881	1005.46466	480.84921	-291.61551	517.13092	395.00525	-330.74313	564.17938	760.06323	-81.13665	137.88828	348.25708	-345.68222	122.67677	762.62195	
259	2.580	-418.56540	1584.68738	792.76782										-436.99948	1487.72095	440.63034	-124.83370	1491.86853	712.51038	-365.96967	1343.34497	634.15759	-208.95593	1543.68164	491.41882	-442.13116	1231.65845	314.03793	-5.47309	1246.57446	684.40063	-527.38116	1140.21924	513.02747	-168.52686	1213.34375	819.04974	-415.38739	980.30103	465.50516	-270.77347	949.38940	714.21808	-105.94563	1005.25720	490.08511	-296.54449	516.82953	399.86850	-336.93811	558.76569	765.99719	-82.01994	139.92888	349.92728	-375.56931	120.65625	773.85675	
260	2.590	-425.00623	1583.42358	802.50873										-445.87619	1486.91321	449.45483	-133.44867	1490.16870	723.08551	-374.70920	1341.79260	642.19098	-217.33411	1542.72095	499.61298	-451.69821	1230.78577	322.94983	-14.26250	1244.45874	690.21313	-536.34991	1139.85437	522.22882	-175.51169	1211.13049	827.63544	-423.68640	979.23016	473.21893	-280.59821	948.39362	722.40240	-115.54242	1004.22620	499.94614	-301.57327	516.15051	404.42957	-342.68329	553.64990	772.32904	-83.13940	141.88013	351.38165	-402.23895	118.90823	785.15973	
261	2.600	-432.16650	1582.51465	812.33472										-454.34351	1485.74219	458.00235	-141.64781	1488.32642	731.07550	-383.31439	1340.55176	650.57611	-225.62520	1540.61963	508.86057	-461.18350	1229.87793	332.17346	-22.48830	1242.43689	698.24323	-545.51514	1138.56970	531.11334	-183.35283	1209.02234	836.28375	-432.36108	978.28333	481.19836	-291.60089	947.44873	730.94220	-124.75211	1003.31256	509.59998	-306.95850	515.70874	409.60413	-348.55957	547.31049	777.99811	-84.91241	144.42343	353.00745	-426.53714	117.76894	793.39575	
262	2.610	-437.98987	1581.20715	821.95349										-462.98215	1484.63928	467.09503	-149.35191	1485.60474	736.19098	-392.15076	1338.97913	659.26318	-233.93759	1539.07837	516.99213	-470.47601	1228.07727	340.68631	-30.84600	1240.81543	705.12109	-554.45514	1137.92908	540.16309	-191.55128	1206.56799	844.11816	-441.20410	977.36072	489.31326	-302.81549	946.82611	738.81866	-134.73332	1001.43512	518.97296	-312.56458	515.64465	414.61246	-353.50281	540.54449	783.91241	-87.66923	147.53767	354.40378	-449.00040	115.76568	800.47137	
263	2.620	-444.88467	1580.06921	831.86786										-471.22638	1483.04358	476.07956	-157.51146	1483.27368	747.66290	-400.69717	1337.26575	667.41699	-241.96278	1537.12415	525.52057	-479.90311	1226.89600	349.34021	-39.12267	1236.97021	712.60815	-562.11163	1136.49133	551.45703	-198.32123	1204.45410	853.34290	-450.44815	976.08167	498.00128	-314.41330	945.56042	747.29541	-144.72478	999.72400	528.55884	-318.54721	515.11200	419.70380	-360.30490	533.79858	789.85730	-90.53111	150.66434	356.46509	-468.09949	114.11325	805.15167	
264	2.630	-451.13763	1578.84827	841.77295										-479.30234	1481.03101	485.50540	-164.64052	1480.49097	754.91150	-409.50470	1335.54285	675.97296	-249.76480	1534.93018	533.86169	-488.82721	1225.19775	358.86496	-47.65041	1234.79883	720.41919	-570.49597	1135.03723	560.71783	-205.19891	1202.76721	862.08612	-459.91205	975.12054	506.62415	-326.81790	944.28955	755.76056	-154.28104	997.72852	537.91522	-325.07571	514.83801	425.21579	-369.66739	527.96814	795.05688	-93.50230	153.39760	358.35019	-484.12286	112.08115	808.16345	
265	2.640	-457.64398	1577.75061	851.64069										-486.95221	1479.28149	494.84140	-173.06044	1478.33398	763.77319	-418.42072	1334.52966	684.86066	-257.21671	1532.56140	544.30408	-497.74814	1223.11084	368.41211	-56.10852	1232.18909	726.99524	-579.08252	1133.76257	570.01868	-214.01155	1200.30518	871.05396	-469.85709	974.28839	515.49023	-339.26062	943.43439	763.92914	-165.29724	995.02716	548.51672	-331.88361	514.76172	431.06116	-380.19165	523.97321	800.09552	-97.87781	156.91470	360.28864	-496.98145	109.92494	810.86682	
266	2.650	-462.81088	1575.63196	861.31616										-494.30228	1477.56384	503.61624	-180.28384	1474.98657	773.47510	-427.10818	1333.27185	693.82233	-265.07401	1530.40991	552.46600	-506.31805	1221.42676	377.05960	-64.65080	1228.85889	735.58685	-587.99768	1132.79688	579.80737	-220.15384	1198.32739	880.26563	-480.26505	973.35675	523.82336	-352.26257	941.66998	772.44019	-176.10121	992.04205	558.47894	-339.02139	514.62372	437.28952	-391.81134	520.37091	804.44934	-102.08404	160.15501	362.25415	-506.35220	106.61578	810.04968	
267	2.660	-468.69907	1574.25647	870.91168										-501.95703	1475.87280	513.13940	-187.53174	1473.45752	783.89453	-435.80823	1332.18701	702.98956	-272.52774	1527.88977	561.31311	-515.34985	1219.85754	386.58902	-72.51183	1226.04138	743.44928	-596.08966	1131.46265	589.12042	-229.35004	1195.88550	889.66522	-491.44745	972.42725	532.69281	-365.18695	940.46021	780.97083	-187.27585	988.41760	568.54425	-346.47699	514.16913	443.91086	-403.43134	516.52484	808.41425	-107.40635	163.80394	364.81955	-513.43024	103.20403	806.85571	
268	2.670	-474.88666	1573.21570	880.71930										-508.98441	1473.88818	522.21362	-195.72911	1469.95776	791.30322	-444.20044	1330.50854	712.15063	-279.35611	1524.92285	570.92188	-523.46167	1218.30225	396.64655	-81.55896	1223.39063	751.16632	-604.69025	1130.41443	598.84534	-235.77199	1193.76965	898.23651	-503.01434	971.44104	541.30853	-379.05646	939.25537	790.96362	-198.64421	985.31079	578.30273	-354.56531	514.19452	450.90244	-416.21854	514.08148	813.21350	-113.98169	168.65169	367.96387	-520.35791	100.25965	802.95905	
269	2.680	-480.97836	1571.89258	890.42401										-516.02545	1472.37476	531.30591	-201.72479	1467.97400	802.17236	-453.27087	1329.24963	721.80072	-286.14957	1522.04639	580.73132	-531.09210	1216.23425	405.14169	-90.00761	1220.33777	757.98743	-612.70837	1129.28662	608.45959	-241.90106	1191.19104	906.36481	-514.96216	970.68591	550.09052	-390.75693	937.50854	800.15564	-210.47070	981.17938	588.29767	-363.57294	514.57599	458.56952	-428.36761	511.35056	816.90790	-120.51588	172.32007	371.29453	-528.85352	100.46220	800.67346	
270	2.690	-486.48297	1570.36304	900.21356										-522.95758	1470.82092	540.25964	-209.88322	1464.74744	810.72968	-461.60889	1327.55212	731.53076	-292.89108	1519.30933	590.67780	-538.74744	1214.72852	415.74820	-98.13694	1216.76184	767.38745	-620.49243	1128.16724	617.91052	-250.60565	1188.65173	915.08942	-526.72192	969.51721	558.83319	-403.10672	936.03644	809.79657	-222.34877	977.22107	598.06354	-374.08810	514.46350	466.33032	-441.32211	508.00281	822.97467	-129.01523	178.04097	373.40970	-534.44061	101.98183	801.59534	
271	2.700	-491.79950	1569.40503	909.98016										-529.30359	1469.74939	549.31775	-216.55527	1461.97839	819.64539	-469.76035	1326.78955	741.26221	-299.18863	1517.16211	599.51819	-545.47144	1212.54333	424.81445	-106.96522	1213.94092	773.09686	-628.24689	1127.22571	627.40436	-256.86884	1186.47961	924.03949	-538.08282	968.73883	567.89465	-415.22061	934.81396	820.00665	-233.95439	973.49615	608.15533	-385.17740	514.32318	474.56940	-454.05045	505.23181	828.59180	-139.82364	182.90826	377.60556	-538.99554	101.91252	800.99554	
272	2.710	-497.79193	1569.09949	920.13562										-535.59454	1469.41345	557.22717	-223.35458	1460.09375	827.27429	-477.60889	1326.71362	750.87170	-306.08313	1515.94153	607.76709	-552.72321	1211.49915	434.41223	-114.82188	1210.39319	779.30817	-636.19452	1126.54993	636.70325	-265.08270	1184.89844	933.48730	-549.27936	968.32587	578.21368	-426.32791	933.88501	829.39685	-246.03188	969.99194	618.33856	-397.49982	513.94617	483.58020	-467.41464	502.17447	832.84387	-153.27313	187.84019	382.61389	-540.45331	101.94157	800.68213	
273	2.720	-503.45496	1569.12317	930.21088										-542.26331	1469.54993	564.92468	-231.04248	1458.13135	834.80029	-485.87131	1327.76477	760.69281	-312.71606	1515.07764	616.53394	-559.31158	1210.30994	444.31085	-122.77309	1209.48279	791.21454	-644.11816	1126.08777	646.46753	-271.75101	1183.65674	943.44519	-559.98376	968.51465	588.87170	-436.78439	933.83636	839.84106	-257.60953	967.57349	626.57245	-411.50259	514.34656	494.74634	-481.51041	499.97656	840.59229	-168.95421	192.72325	387.76276	-541.11407	103.43964	802.39380	
274	2.730	-508.26459	1568.71826	939.53455										-548.90985	1470.50317	572.59857	-237.16658	1458.61304	844.97375	-494.62762	1329.52893	770.82904	-319.53500	1515.22839	625.74292	-565.78094	1209.70789	454.24600	-131.37764	1208.31323	799.61395	-651.45245	1125.84106	655.89374	-278.98596	1181.79126	952.62836	-570.10858	969.19122	599.84808	-446.93738	935.37903	849.77844	-269.54501	964.66205	636.67883	-428.43903	513.94812	507.49890	-493.53125	501.42914	850.22528	-186.31387	198.81285	393.08768	-542.10419	104.12895	804.20660	
275	2.740	-513.65472	1568.69653	949.02106										-556.00623	1472.08838	580.08014	-243.88309	1458.40356	854.66858	-502.54147	1331.16321	780.24103	-326.48178	1515.31323	634.05768	-571.74347	1210.35364	463.96057	-139.71831	1207.97949	807.77881	-658.83514	1126.07068	665.55530	-286.44409	1181.25073	962.05023	-580.54712	970.61462	612.07953	-455.05057	936.77527	858.34064	-281.00464	964.11340	644.60217	-448.37296	513.59845	519.86768	-505.63824	503.76099	860.92938	-204.06404	205.73383	399.09631	-543.18182	104.86931	805.37244	
276	2.750	-518.40588	1568.17236	958.10791										-563.37109	1474.32190	587.86108	-250.40414	1458.92480	863.35901	-509.87866	1332.53247	789.16418	-333.14136	1515.14575	642.53687	-577.73199	1211.34741	474.30807	-147.17162	1206.98364	815.28204	-666.01691	1126.49121	675.13489	-293.99527	1180.52576	970.99359	-591.08765	972.02942	622.58478	-463.47348	939.12146	868.49615	-291.89188	963.62268	653.28668	-470.29407	513.42474	531.19196	-516.40656	506.14230	870.98730	-222.14427	213.44058	405.53857	-544.35815	104.48624	805.25305	
277	2.760	-522.83289	1567.88269	966.85950										-570.94165	1476.71790	596.17181	-256.77417	1459.00842	870.49225	-517.11420	1334.29041	797.63275	-340.04694	1515.82764	650.96344	-583.33887	1212.29858	484.24023	-156.22659	1207.20605	823.67999	-672.40875	1127.38379	684.91547	-301.18192	1181.30139	979.55493	-600.35791	973.10199	636.50165	-471.37369	941.69141	878.13422	-302.36887	963.91742	659.63062	-493.90155	511.38132	542.96667	-526.27570	508.01700	880.37543	-241.00340	222.10962	412.78088	-544.58673	104.82580	805.73694	
278	2.770	-527.68823	1568.46863	975.78601										-578.17090	1479.31128	604.39716	-263.64755	1460.86292	878.48138	-524.93964	1335.15955	801.01947	-346.90613	1516.48010	658.43390	-589.39880	1213.83081	493.76819	-164.20993	1207.41248	831.82141	-679.28864	1128.72827	693.90363	-308.17468	1181.23535	987.51361	-609.81354	974.89612	647.99542	-478.38290	944.12653	887.55731	-311.01602	966.03693	666.73871	-517.63354	508.40796	556.14667	-535.72650	511.35492	890.90887	-260.12772	231.86917	419.90073	-544.96082	105.38675	806.33881	
279	2.780	-532.24573	1569.30396	984.59430										-585.39435	1481.77942	612.97815	-269.50583	1461.08984	886.27136	-531.16327	1337.91345	813.42609	-353.54279	1518.13391	665.60168	-595.48468	1215.84937	502.42764	-171.59825	1207.18872	837.20245	-686.22546	1130.07947	703.37793	-315.37292	1182.01636	995.58740	-618.84442	976.95593	659.04883	-485.28458	946.33490	896.25232	-319.58801	967.92157	673.28827	-542.58093	504.87146	569.09052	-544.60071	513.88269	900.72253	-280.08841	242.22566	428.07660	-545.52264	105.68777	806.61646	
280	2.790	-536.30701	1569.62390	993.29822										-592.57471	1484.27332	621.27100	-276.41904	1461.78528	894.16772	-538.01056	1339.81018	821.14728	-361.05655	1519.85022	672.89661	-601.23053	1217.27686	510.76318	-178.89069	1207.77246	846.10596	-692.48169	1132.07056	712.06653	-322.05392	1183.18860	1002.86841	-628.01001	978.97186	669.56714	-492.15417	948.92340	905.35785	-327.94559	969.65656	680.94666	-568.75159	503.36044	581.01324	-551.95544	515.39215	909.62701	-299.25653	250.42397	436.98996	-546.29089	105.76218	806.88611	
281	2.800	-541.06738	1571.26782	1002.15216										-599.87189	1486.99072	629.75165	-282.17572	1463.05249	901.00751	-544.64093	1341.73108	828.57794	-367.80603	1521.81396	680.59052	-607.91266	1219.15027	519.41791	-186.23407	1209.05591	851.66028	-699.00934	1134.13660	721.16205	-328.45084	1184.16089	1010.22046	-636.74750	981.81793	679.23785	-498.30951	950.64435	913.54724	-335.19470	971.26282	688.55707	-595.02948	500.11630	596.71307	-559.15137	517.70270	918.12897	-317.81198	258.93393	446.56015	-546.64624	107.05724	807.84656	
282	2.810	-545.25427	1572.27612	1011.07904										-607.16089	1489.58350	638.00476	-287.96347	1465.01147	908.42078	-551.21594	1343.88782	836.13599	-374.50616	1524.04041	687.84052	-614.69495	1221.57300	527.20294	-193.31848	1209.63599	858.50916	-705.14465	1136.40173	729.68933	-334.62680	1185.45105	1017.62024	-645.27948	985.20251	688.27979	-504.52103	952.44458	923.07410	-342.09167	973.05255	697.49658	-622.37781	499.88239	612.89893	-565.19232	518.72357	926.60303	-336.93353	268.06500	459.13986	-546.99982	107.80811	808.10089	
283	2.820	-548.81372	1573.85852	1019.65485										-614.36731	1492.30823	646.72418	-293.63049	1467.36865	914.24225	-557.72791	1346.18323	844.09119	-381.20850	1526.11023	695.46417	-621.66705	1224.17773	535.57928	-199.94106	1211.25708	864.79486	-711.19666	1138.54285	738.43152	-340.29462	1186.96008	1025.17139	-653.57825	988.61902	696.02417	-510.09473	953.83655	930.83228	-348.25754	976.11810	705.80170	-650.25293	502.05933	630.08075	-570.58997	519.99213	932.25970	-356.63269	276.14911	471.24573	-547.28046	108.10487	809.02539	
284	2.830	-553.24152	1575.44617	1028.68726										-621.57971	1495.09888	655.40131	-299.84000	1467.08044	918.47864	-563.85504	1348.63965	851.94482	-388.10944	1528.22766	703.03357	-628.83453	1226.61023	544.15961	-206.55214	1212.08374	871.20801	-717.48370	1141.53101	746.86566	-345.99588	1188.09277	1031.90454	-661.73615	992.12695	703.46930	-515.94031	955.80261	938.34668	-354.31888	978.91437	713.98322	-678.07440	506.65744	647.92065	-573.89941	521.73035	940.42188	-378.46231	282.03925	484.10550	-547.42224	108.19733	809.19934	
285	2.840	-557.01935	1577.06628	1037.43823										-628.99841	1497.94641	664.21930	-304.64041	1468.58447	927.68774	-569.78271	1350.87891	859.94312	-395.42136	1530.82129	709.94458	-636.29602	1230.08508	552.28192	-212.81793	1213.24805	876.20917	-723.49585	1144.06335	755.43060	-352.31363	1189.47705	1038.70898	-669.84351	995.50830	710.80487	-521.85547	957.84485	946.48566	-360.11008	982.41882	721.69543	-703.99121	512.98132	666.81909	-577.24921	522.65027	947.12988	-400.65448	287.30444	498.03802	-547.72717	109.33601	810.25177	
286	2.850	-560.79187	1579.03003	1046.31213										-636.47668	1500.72705	673.19611	-310.02747	1470.31616	933.38586	-575.85889	1353.39136	868.21344	-402.31042	1533.34692	717.06012	-644.64587	1233.07434	560.82123	-218.91281	1214.98218	882.64020	-729.43109	1147.07507	764.04120	-357.70859	1191.24548	1045.48279	-677.94867	998.95685	718.57391	-527.66949	959.99390	953.72339	-366.11435	984.74652	728.50305	-729.28125	522.54089	685.05579	-579.89697	523.38794	953.88416	-422.56271	291.72144	512.76611	-547.44769	109.84187	810.50562	
287	2.860	-564.54126	1580.58411	1055.36938										-643.82996	1503.30859	682.41516	-314.01904	1472.42981	940.25684	-581.30176	1355.65430	876.33807	-409.04324	1535.70325	724.25171	-653.37732	1236.12463	568.50848	-225.67548	1215.98828	888.26813	-735.27399	1149.33691	772.77240	-362.96173	1192.72937	1052.02881	-685.56006	1002.00073	725.79034	-533.24994	962.41266	961.21722	-372.62402	987.02722	734.22406	-751.12158	532.56537	705.43390	-582.17731	524.35339	960.32513	-443.73001	295.35962	526.95416	-547.03741	110.53606	810.90540	
288	2.870	-567.76801	1582.38342	1064.12354										-650.93146	1505.68982	691.75928	-319.30078	1473.99500	945.73114	-586.67035	1357.75195	884.99957	-415.47009	1537.25928	732.49658	-662.04938	1239.91992	574.24951	-230.83995	1217.84509	893.95178	-741.55243	1152.29016	781.28571	-367.78113	1195.28748	1058.54944	-693.10083	1005.07788	733.46741	-538.52228	964.43420	968.92047	-379.33966	990.21381	739.07855	-772.76245	545.07098	723.34076	-583.48230	525.80542	967.12225	-464.98755	297.52338	540.91534	-547.71313	111.22487	811.47870	
289	2.880	-570.88513	1583.88733	1072.92139										-657.98657	1507.83960	701.58875	-323.68250	1476.02966	951.31256	-591.52679	1359.47180	893.75336	-421.90323	1539.23572	739.44031	-670.52905	1242.35620	584.66223	-236.69722	1219.60229	900.34387	-747.62598	1154.83484	790.16284	-372.93756	1196.33264	1064.61169	-700.76233	1008.44135	741.77747	-543.11481	966.18726	977.00885	-385.69513	991.83167	744.11877	-791.03400	556.62140	743.54199	-584.03802	526.61884	972.94641	-486.52563	298.95142	555.80334	-547.09186	111.78082	812.28601	
290	2.890	-574.19495	1585.35388	1081.82764										-665.32880	1509.92249	711.56201	-327.71457	1477.42505	957.39404	-596.42029	1361.45276	902.74420	-428.67178	1541.50696	745.65063	-679.37372	1245.19849	592.50378	-241.88870	1220.27722	905.21680	-753.71350	1156.82556	799.06396	-377.20657	1198.15283	1070.96692	-708.55542	1011.77704	750.71661	-546.52600	967.87372	984.89178	-393.13358	993.58173	749.14270	-806.87506	569.27698	767.43475	-584.72827	527.52985	979.39941	-508.68143	299.14020	571.44690	-546.76648	112.70378	812.76910	
291	2.900	-577.39081	1586.73364	1090.76038										-672.41895	1511.74561	721.67505	-331.57727	1479.51160	963.98346	-600.72388	1362.94421	911.71954	-435.31137	1543.48596	751.97614	-688.05310	1247.94849	600.17175	-247.35046	1221.91858	909.40204	-760.05457	1158.98352	807.87274	-382.06458	1199.79578	1077.26013	-716.47583	1014.69629	760.66595	-549.23828	969.15436	992.44055	-399.76398	995.38812	752.59198	-820.75079	581.75641	790.36279	-585.20752	528.20496	985.95001	-530.74091	298.22607	586.93744	-547.09271	113.91483	813.91046	
292	2.910	-580.40558	1587.95764	1099.45703										-679.44574	1513.55505	732.03320	-335.68155	1481.78247	971.03430	-604.61621	1364.23364	920.51233				-697.44305	1250.61096	607.16736	-252.45943	1223.29944	914.94757	-766.10303	1160.53650	817.04132	-386.24420	1201.07471	1082.93506	-724.58832	1016.60181	771.54333	-551.31323	969.74115	999.87408	-407.89627	996.36176	757.03333	-832.26587	593.47095	813.52783	-583.86755	527.39484	991.93219	-553.05865	295.74155	602.53455	-548.26050	114.35781	815.07617	
293	2.920	-582.70685	1588.62122	1108.14185										-686.73755	1515.14917	742.72986	-339.52115	1483.20996	975.46777	-608.94086	1365.47131	929.64978				-706.67303	1252.90833	616.40356	-257.35953	1224.98291	920.52893	-772.53424	1161.80725	826.48499	-389.30078	1202.16101	1088.70789	-732.75116	1018.13379	782.98956	-553.10443	970.33044	1007.86499	-414.93460	997.27283	761.20630	-842.93909	605.23114	836.16772	-581.81104	527.75732	998.72070	-575.82104	292.89325	618.33154	-548.10724	115.51941	815.52325	
294	2.930	-587.75977	1590.59619	1117.62915										-696.19257	1517.42041	754.51141	-343.03995	1485.34570	981.97577	-612.17444	1365.93860	938.35797				-715.64081	1254.67407	624.89758	-261.71173	1225.96802	925.47437	-779.01770	1163.25195	836.46332	-393.63083	1203.50623	1094.49512	-741.12787	1019.04645	795.05219	-555.33185	971.13605	1015.82269	-423.26437	998.74683	764.96417	-852.04468	616.18878	857.91260	-581.26074	527.62866	1003.10529	-599.30890	288.54596	634.48517	-548.51215	115.68412	815.83380	
295	2.940	-590.43164	1591.42920	1126.41968										-702.10742	1518.22119	765.01349	-347.41193	1486.45154	986.89130	-615.87543	1366.46362	947.30731				-724.93451	1257.06641	634.20886	-267.04715	1227.29065	930.75800	-785.26459	1164.00952	846.57062	-396.82712	1204.11719	1100.67896	-749.28320	1019.47656	807.57465	-555.94855	971.06342	1022.63086	-431.47513	999.71698	768.09003	-860.39850	626.90503	878.57489	-579.63611	527.15033	1008.60840	-622.62201	283.25812	650.97021	-548.86493	115.99979	816.06134	
296	2.950	-592.68585	1591.80762	1135.35449										-707.76770	1518.20239	775.44269	-351.56723	1487.84424	993.34863	-619.58600	1366.91516	956.30573				-733.79108	1258.35693	643.49005	-271.70175	1228.42505	934.92548	-791.38251	1164.74329	857.09113	-400.57709	1205.36841	1106.63843	-757.27789	1019.69507	820.37897	-557.43048	971.56940	1030.03967	-440.44467	1000.67975	771.28430	-867.42590	636.85107	898.60840	-576.22955	525.51172	1016.10718	-645.85962	276.83118	667.97327	-548.89294	116.57798	816.08508	
297	2.960	-595.17615	1592.22754	1144.34106										-714.76178	1518.82813	786.42133	-354.83511	1488.85583	998.04590	-622.03577	1366.50024	964.90375				-741.46899	1259.45349	655.74969	-275.46027	1230.07251	939.83783	-797.63251	1165.21448	868.08795	-403.47223	1205.76294	1112.39258	-765.18109	1019.93585	833.47491	-558.27277	971.56976	1037.13550	-448.33014	1002.26324	775.54431	-873.68677	645.55725	918.05286	-573.82568	524.18616	1021.43097	-669.44342	269.89362	686.14105	-549.49268	117.77272	816.68610	
298	2.970	-597.57770	1592.68518	1153.46912										-721.04333	1519.20447	797.55969	-359.22076	1489.84045	1003.88269	-625.85046	1366.93201	973.92120				-749.75409	1260.20044	666.56659	-280.90021	1230.98840	946.94324	-803.34802	1166.07288	878.98163	-406.89630	1206.92224	1118.46655	-772.00891	1019.75525	846.76105	-559.40387	971.66687	1044.32751	-456.74384	1002.84375	779.97418	-878.85510	653.10956	936.89935	-571.16266	522.21967	1025.18738	-693.48456	263.08115	704.28284	-549.74329	118.47974	816.91522	
299	2.980	-599.43848	1592.69592	1162.51318										-728.06439	1519.54138	808.65594	-362.89651	1490.87000	1012.73712	-628.80963	1366.70361	982.94354	-674.33313	1675.67493	1060.32288	-757.85608	1260.85657	677.75580	-284.58136	1232.19507	950.79547	-809.34863	1166.25452	890.50793	-409.79086	1206.96729	1124.55786	-778.58887	1019.67932	860.13043	-560.26776	971.35291	1051.01392	-465.18579	1004.18335	784.16974	-882.71667	659.00409	954.75745	-568.68799	520.47925	1029.32324	-716.55646	254.38869	723.66766	-550.88391	119.14634	817.12811	
300	2.990	-601.73718	1592.87024	1171.77039										-734.66632	1519.87622	820.12030	-365.76138	1492.81995	1017.68683	-631.59937	1366.53638	991.92206	-677.32611	1675.97095	1070.59521	-765.77289	1260.94031	689.37671	-287.88129	1233.00793	955.97620	-815.24219	1166.06750	902.27881	-412.81558	1207.86182	1130.49048	-785.35626	1019.83527	873.95166	-561.39404	970.78040	1058.07104	-474.01166	1004.86438	789.68445	-885.87848	663.43268	971.97040	-568.00043	519.17377	1033.24805	-740.66577	246.15521	743.72058	-552.11377	119.20217	816.99225	
301	3.000	-603.72784	1592.75623	1180.95422										-740.93243	1519.53467	831.16272	-369.72891	1492.89636	1022.94702	-634.84235	1366.23010	1001.32068	-680.77539	1676.28149	1081.01343	-775.43793	1261.79724	702.12079	-292.66052	1234.09534	959.92664	-821.83459	1166.73303	913.76355	-415.26733	1208.54175	1136.05334	-790.64850	1019.38593	886.94019	-562.19366	970.31232	1065.07312	-483.15079	1005.79962	794.66064	-888.28302	666.63666	988.75140	-566.68030	517.42291	1035.10791	-763.42761	236.67171	765.27521	-552.81573	119.96658	816.70856	
302	3.010	-605.48669	1592.40845	1190.17651										-746.88287	1519.34985	842.69556	-373.98349	1493.77039	1029.01001	-638.54614	1366.19397	1011.02496	-683.79169	1676.21436	1091.31592	-781.08081	1260.76465	713.59229	-296.66916	1234.92419	966.20099	-827.72009	1166.21265	926.02838	-417.68109	1208.63562	1141.96643	-795.76874	1018.73273	899.97107	-562.84985	969.35016	1072.29053	-491.13852	1006.21991	800.44757	-890.40277	668.37396	1005.25525	-565.94415	516.68964	1036.93018	-787.02167	227.12584	787.18750	-552.01196	120.86039	816.05328	
303	3.020	-607.61572	1592.27673	1199.52039										-752.97687	1518.81274	854.13800	-377.14902	1494.84717	1035.16821	-641.00031	1365.31079	1020.45532	-686.84662	1675.77039	1101.65186	-788.18994	1260.07922	726.10547	-300.52182	1236.58801	972.06091	-833.07593	1165.23108	938.50739	-420.13190	1208.87512	1148.29822	-800.51239	1017.73846	912.95563	-563.58319	968.64288	1079.38647	-499.38910	1006.11127	805.85968	-891.59644	668.84229	1021.22296	-566.26257	515.27881	1038.64526	-810.29779	219.00845	809.84912	-553.33307	121.47717	816.61157	
304	3.030	-609.15027	1591.48743	1208.81567										-758.88214	1518.13818	865.90619	-379.73544	1495.18262	1042.89807	-643.65137	1364.70605	1030.07483	-689.92389	1675.36646	1112.12891	-795.52246	1259.28918	738.85797	-303.85773	1236.25586	976.82855	-838.54419	1164.38574	951.14038	-422.03680	1208.85754	1154.43640	-805.24237	1016.81067	925.96655	-564.33423	967.23993	1085.90137	-506.55859	1006.95435	812.16113	-892.69904	668.26764	1036.62842	-566.75580	514.22314	1039.27295	-832.91333	208.91472	837.11743	-554.30121	122.84676	817.45959	
305	3.040	-610.62158	1590.86694	1218.16162										-764.99738	1517.06165	877.72510	-382.89304	1496.11755	1048.26489	-646.98193	1363.79846	1040.32251	-692.84351	1674.87415	1122.81250	-802.27173	1258.19458	751.75555	-307.21426	1237.03784	982.34210	-843.55762	1163.35913	963.97443	-424.78455	1209.46692	1160.83447	-809.76666	1015.93420	939.23059	-563.92346	965.46588	1092.65820	-513.46252	1007.45038	818.42682	-893.06573	666.43707	1051.31714	-567.71393	512.55890	1040.38464	-854.53406	199.68262	863.09973	-554.25159	123.64092	817.29645	
306	3.050	-611.90509	1589.98535	1227.66663										-769.96423	1515.78967	889.51941	-386.02188	1494.93213	1053.49182	-649.24084	1363.18286	1050.12671	-695.41327	1674.26257	1133.60437	-809.25635	1257.01807	764.65173	-309.99466	1237.38184	986.06219	-848.38489	1162.42432	977.04846	-426.08212	1208.82568	1166.87769	-814.01819	1014.71631	952.36243	-563.84131	964.01038	1099.52393	-520.48444	1008.10358	822.67310	-892.91583	663.32623	1065.18750	-569.13336	512.39185	1041.18030	-874.57361	194.52913	883.61017	-553.48572	124.99344	817.30621	
307	3.060	-613.43762	1589.44055	1237.31592										-776.17273	1514.84827	901.61456	-389.05679	1497.19055	1064.05469	-651.14801	1362.13159	1060.05469	-698.30591	1673.69263	1144.59375	-816.17511	1255.79785	777.43689	-313.90930	1238.01721	992.12848	-852.97913	1161.41870	990.17957	-428.02209	1208.98914	1173.13037	-817.85266	1013.26001	965.22095	-563.70624	961.09961	1105.31702	-527.35315	1008.17084	828.65833	-891.99548	659.15735	1077.13928	-568.51544	511.08826	1043.16663	-893.01764	185.69632	914.47546	-554.17804	125.37291	817.76971	
308	3.070	-614.77740	1588.54651	1246.98621										-781.24707	1513.18726	913.54120	-393.05109	1496.48767	1067.16174	-654.85938	1361.70667	1070.93176	-700.78979	1672.91479	1155.57202	-822.76019	1254.22546	790.10101	-316.54272	1239.00476	998.54645	-857.44336	1160.45435	1003.44733	-429.35504	1208.43640	1179.69629	-821.10449	1012.05591	978.07709	-562.78241	959.44177	1111.94690	-533.90961	1007.93091	833.79193	-890.29706	652.41711	1087.68945	-568.55115	509.91568	1042.23792	-910.19446	179.45345	942.24243	-554.59772	125.65620	818.40125	
309	3.080	-615.38696	1587.34119	1256.60449										-785.92786	1511.15039	925.43158	-396.08755	1496.20288	1072.94031	-657.01190	1360.65674	1081.29810	-703.06012	1671.62000	1166.50586	-829.63782	1252.70154	802.70435	-320.30780	1238.52917	1002.59161	-861.56732	1159.32898	1016.69000	-430.94077	1208.31409	1186.30371	-824.89264	1010.37115	990.66150	-562.72162	957.11072	1116.48584	-540.35803	1007.16888	838.80206	-889.55933	647.40808	1098.20313	-568.05487	509.76718	1041.37427	-926.05762	172.68748	973.80988	-555.57501	126.41599	817.66180	
310	3.090	-616.82220	1586.62878	1266.34180										-791.91125	1509.73242	937.80493	-399.14999	1496.48950	1080.65991	-659.29095	1359.55798	1091.81177	-705.64258	1670.39526	1177.54333	-836.16486	1251.03210	815.30731	-324.03589	1239.55579	1009.82379	-865.63586	1158.37964	1030.18909	-432.34241	1208.05994	1191.86914	-826.41632	1008.29260	1003.18689	-561.88782	956.44574	1124.21448	-547.12372	1007.12054	844.30792	-888.00952	641.37952	1106.00830	-566.71722	508.65768	1041.55591	-938.65527	168.30803	1001.98151	-556.44257	126.89317	818.15942	
311	3.100	-617.13184	1585.09473	1275.96387										-796.35876	1507.55566	949.88647	-401.47046	1495.71460	1087.03101	-661.18793	1358.14465	1102.31897	-708.36365	1669.12671	1188.51917	-842.75763	1249.28430	828.00800	-326.88153	1238.78223	1013.49695	-869.61890	1157.25793	1043.64673	-433.80072	1207.35425	1198.27625	-829.35583	1006.79565	1015.95569	-562.80817	954.41974	1130.76086	-553.52917	1006.49451	849.89587	-886.46790	635.14081	1113.67065	-566.65094	507.26447	1041.34680	-949.84747	164.93291	1030.96631	-557.38354	128.07515	819.06250	
312	3.110	-618.11060	1584.00574	1285.76758										-800.79791	1505.36707	962.12628	-404.11951	1495.87866	1093.70862	-663.08466	1356.47961	1112.92029	-710.67853	1667.61304	1199.56104	-849.22211	1247.57190	840.85712	-329.90356	1238.94702	1020.71265	-873.61719	1156.41638	1057.31152	-434.96582	1206.83167	1204.86169	-832.05603	1005.23682	1028.85181	-563.81012	953.36334	1137.62488	-560.62000	1006.94550	855.76556	-886.03992	628.74237	1122.11230	-566.89252	506.38577	1041.77173	-958.39001	161.31454	1059.55225	-559.04865	128.11813	818.77551	
313	3.120	-618.82343	1582.64856	1295.57397										-806.22125	1503.61877	974.90588	-406.56876	1495.63013	1100.36633	-664.97034	1354.92834	1123.63293	-712.40210	1665.88647	1210.65906	-855.57434	1245.66943	853.87817	-333.05969	1238.37769	1024.72021	-877.94104	1155.51367	1070.99280	-436.55594	1206.22119	1211.83496	-834.46674	1003.41565	1041.62122	-564.47894	951.58466	1144.52393	-567.65521	1006.33673	862.72455	-885.88647	621.90149	1129.53015	-567.30798	505.69818	1043.24121	-964.46552	159.21353	1086.98291	-558.28491	129.18163	818.97180	
314	3.130	-618.88275	1580.90320	1305.36414										-811.31213	1501.64587	987.78271	-409.13388	1494.33533	1107.37488	-667.11493	1353.39905	1134.42590	-714.29407	1664.19543	1221.76208	-861.84137	1243.82007	867.05243	-337.06625	1237.85974	1031.43115	-882.01245	1154.92639	1084.93762	-437.18738	1205.36499	1218.08875	-837.03107	1001.62634	1054.54749	-565.44647	949.63940	1151.33911	-573.53809	1006.30261	869.85034	-886.04559	613.57733	1136.67700	-567.90302	505.12265	1045.98303	-967.68744	157.57933	1110.48145	-559.50562	129.94058	819.12805	
315	3.140	-619.72369	1579.67554	1315.25391										-815.26038	1499.10181	1000.60199	-411.51883	1493.65784	1117.31616	-669.13647	1351.74487	1145.16370	-716.34540	1662.55908	1232.97632	-868.33716	1242.02307	880.50403	-339.46378	1237.58618	1034.94995	-887.15948	1155.98181	1099.78357	-437.97177	1204.42883	1224.61938	-839.54669	999.73267	1067.64404	-567.49036	947.15338	1158.16785	-580.25720	1006.35345	877.40735	-888.57062	605.60150	1144.53223	-569.73413	503.78397	1048.59290	-969.45453	155.66714	1131.68066	-560.18164	130.33517	819.37848	
316	3.150	-619.89948	1578.06409	1325.07898										-819.12976	1496.67053	1013.47595	-415.09195	1493.10144	1122.55615	-670.73138	1349.90771	1155.81995	-718.28839	1660.65564	1244.16406	-874.50940	1239.99561	894.05878	-343.19653	1236.64758	1040.06396	-889.50269	1154.37915	1113.64465	-438.84616	1203.73584	1231.21143	-841.36664	997.20911	1080.94946	-568.84534	945.71558	1165.53638	-586.63416	1005.00952	884.82880	-892.85760	598.50043	1151.18616	-571.35211	503.37643	1051.74719	-969.65277	154.33998	1153.00867	-561.01202	132.86192	819.52167	
317	3.160	-620.42621	1576.26086	1334.90393										-823.58148	1494.50085	1026.60095	-417.81183	1491.91931	1129.16150	-672.34369	1347.96570	1166.47595	-719.38489	1658.22559	1255.18616	-881.01532	1238.06067	907.92010	-346.53384	1235.33203	1045.79443	-891.42004	1152.40942	1127.66589	-439.72275	1202.77002	1238.30591	-843.65118	995.24847	1094.81006	-569.76324	943.64020	1174.82776	-592.89203	1005.32068	892.28503	-896.90717	590.21368	1158.23608	-574.09021	501.77573	1055.57178	-967.93134	151.41689	1172.87915	-562.19415	133.94914	820.20020	
318	3.170	-620.27203	1574.06409	1344.59790										-828.22333	1492.39465	1039.82629	-420.77225	1490.38416	1136.29041	-673.76801	1345.98083	1177.11963	-720.66980	1655.83862	1266.18225	-887.60956	1235.89661	922.00140	-350.06131	1234.86914	1052.55176	-894.09375	1151.01807	1142.06396	-440.08560	1201.80591	1245.58179	-845.09900	992.88324	1108.95093	-571.11243	942.05157	1182.03674	-598.89008	1004.29883	900.35034	-900.76044	581.77472	1165.11328	-578.14246	500.27252	1059.52234				-563.79718	135.92329	819.94861	
319	3.180	-620.36395	1572.08142	1354.19629										-832.46722	1490.16174	1053.02124	-423.56091	1488.98657	1142.50732	-675.27313	1344.16199	1187.96790	-722.55273	1653.71826	1277.23157	-894.14514	1233.75049	936.45465	-352.83795	1234.02454	1059.74487	-896.15656	1149.22607	1156.66797	-440.33646	1200.57190	1251.95337	-846.87897	990.99304	1123.38538	-572.57489	941.30353	1192.13452	-605.16241	1003.00134	910.39832	-903.99298	573.33606	1172.36890	-581.62842	499.16098	1063.75806	-961.50745	145.36113	1202.22900	-565.90790	138.63524	820.29797	
320	3.190	-620.81738	1570.19263	1363.62476										-836.80524	1488.16467	1066.33862	-426.45505	1486.94800	1148.58655	-677.14368	1342.67639	1198.98938	-723.52582	1651.39404	1288.18274	-901.02667	1231.76099	951.24133	-356.53152	1232.82300	1063.39722	-896.84473	1146.41089	1171.30286	-440.79019	1199.46179	1258.97266	-848.39447	989.10278	1138.02551	-574.50836	939.22675	1200.90662	-610.68060	1002.11664	918.21039	-905.03168	566.15594	1180.91272	-586.62805	498.48859	1068.72839	-956.65326	141.30000	1212.19397	-567.84052	141.86993	821.81317	
321	3.200	-620.11334	1567.67554	1373.01013										-840.92560	1486.21069	1079.68762	-429.26773	1485.57922	1154.67529	-678.95917	1341.23572	1210.09094	-724.80292	1649.27344	1299.06860	-907.66681	1229.57996	966.36047	-359.82269	1231.90881	1070.33838	-899.01300	1144.77502	1186.41833	-441.00055	1198.53394	1266.72644	-849.60297	986.91858	1152.58459	-576.68036	937.64636	1209.67664	-616.93036	1000.55640	926.99622	-903.06555	561.17261	1191.78125	-590.73462	496.74655	1074.44727	-951.23077	136.63121	1219.66553	-570.04376	144.54713	824.42114	
322	3.210	-620.55536	1565.66577	1382.39490										-844.83093	1484.23438	1093.15637	-432.11288	1484.10278	1160.36926	-680.95581	1339.82300	1221.38843	-725.78442	1647.18872	1309.94006	-914.17065	1227.27478	981.90991	-363.10532	1230.29456	1076.70605	-899.83295	1142.40759	1201.54565	-441.55380	1197.76685	1273.76208	-851.72046	985.19769	1167.33667	-577.50708	936.86621	1221.59460	-622.45978	998.72913	936.57422	-900.81171	558.83466	1204.43152	-595.50354	497.11893	1081.97156	-945.46814	131.48325	1224.95667	-572.71716	148.34245	825.12927	
323	3.220	-619.75085	1563.39001	1391.99353										-848.77472	1482.20361	1106.81177	-434.87268	1482.44922	1166.65515	-682.91705	1338.44189	1232.87500	-726.19037	1645.01587	1320.70044	-920.70850	1225.11841	997.84491	-366.61020	1228.36987	1081.44604	-900.73950	1140.06897	1216.96143	-441.34894	1197.01147	1280.33984	-854.01569	983.43774	1182.12537	-579.04230	935.96808	1231.78186	-628.18518	996.29681	946.71082				-601.28198	495.12793	1088.66333	-938.35474	126.46729	1228.48535	-575.72235	152.36008	828.35034	
324	3.230	-619.37311	1561.60242	1401.67590										-852.74146	1480.24670	1120.70801	-437.56155	1480.96765	1173.06982	-684.76843	1336.79663	1244.26184	-727.13434	1643.01233	1331.44385	-926.98309	1222.75525	1014.02429	-370.38223	1227.54492	1087.53772	-901.93799	1138.08826	1232.55237	-441.34122	1196.19067	1287.47131	-856.66504	981.51678	1197.12122	-580.14655	934.77496	1242.65918	-634.10138	993.93616	956.13586	-900.02100	557.01898	1233.25916	-606.27142	494.67468	1095.39709	-932.10205	124.12728	1230.16357	-579.40826	157.08067	830.78491	
325	3.240	-619.29932	1560.35046	1411.50476										-856.72382	1478.31763	1134.82935	-440.51813	1478.61035	1179.38379	-686.30780	1335.00891	1255.61780	-726.82520	1640.81421	1342.39026	-933.30078	1220.38806	1030.54333	-374.05878	1224.29504	1089.66333	-902.55438	1135.76379	1248.24683	-440.96924	1195.68494	1294.13342	-859.20636	979.35883	1212.14575	-583.46802	932.34100	1254.13464	-639.50366	990.57300	966.26093	-899.83478	554.88086	1247.48877	-611.60590	492.55249	1103.24463	-927.61694	123.32046	1231.54675	-584.25940	161.68658	835.21405	
326	3.250	-617.94153	1558.88110	1421.61462										-860.49298	1476.44568	1148.87427	-443.65372	1477.59619	1185.30310	-687.73584	1333.54602	1266.76843	-726.80609	1639.76392	1353.82031	-939.30762	1218.10486	1047.28101	-377.48962	1223.09253	1097.16003	-903.65881	1134.14905	1264.24060	-440.69412	1193.96863	1300.54712	-861.74420	977.40979	1227.02600	-583.39142	930.46643	1265.49670	-645.42517	987.73840	975.91412	-899.52368	551.58191	1261.40381	-616.77722	492.81628	1113.77209	-926.02448	123.65207	1234.62610	-588.95978	168.14780	842.53711	
327	3.260	-653.49872	1528.57251	1066.79724										-864.08508	1474.82593	1162.85229	-447.10114	1476.30908	1190.17078	-689.00732	1332.87927	1277.57446	-726.71558	1639.82434	1366.10559	-945.46576	1216.05957	1064.36694	-382.71017	1223.05249	1103.43091	-904.08167	1132.49927	1280.29114	-440.83859	1193.72705	1307.35181	-864.37341	975.75995	1241.89270	-585.84491	930.08490	1276.46509	-650.36719	984.67969	987.09155	-899.17139	547.26465	1274.96643	-623.46149	492.10822	1123.85059	-925.30505	124.30148	1238.94250	-594.91333	173.89584	850.37677	
328	3.270	-486.75735	1443.24988	1043.95459										-867.38776	1473.59924	1176.90967	-449.53610	1476.03760	1193.61963	-689.60638	1332.86853	1288.06970	-725.55719	1640.72815	1379.05139	-951.16626	1214.66943	1081.83752	-387.41312	1222.39539	1107.30908	-903.85742	1130.75610	1296.50171	-440.13306	1192.99194	1314.21924	-865.92535	973.77258	1256.90356	-587.94568	928.93054	1288.01477	-655.39532	981.69678	997.75574	-898.67896	542.81342	1287.61438	-629.86279	491.31494	1133.06470	-924.70197	124.63531	1240.72937	-600.52783	179.08812	861.88721	
329	3.280	-485.18588	1440.78162	1053.50891										-870.48407	1472.99402	1191.43079	-451.91452	1477.48132	1198.44727	-689.62061	1332.94531	1298.44263	-723.71008	1641.77258	1391.77734	-956.30493	1213.91858	1099.58447	-391.71637	1222.74976	1112.33191	-903.54028	1129.39771	1312.76831	-441.93518	1193.71228	1320.56030	-867.02551	972.65869	1272.05774	-588.81293	930.50549	1299.14966	-659.15833	978.47943	1008.31274	-898.63776	540.69550	1298.55811	-635.35516	491.91943	1147.37964	-925.03558	124.82266	1242.02075	-606.81274	186.40497	874.22821	
330	3.290	-483.16171	1437.69885	1063.17468										-873.34528	1472.95105	1206.75134	-453.80319	1478.52686	1203.28943	-689.49225	1333.29993	1308.80200	-721.97479	1642.53833	1403.75598	-960.65149	1213.91943	1117.57983	-396.30994	1223.03931	1116.06995	-903.07977	1128.69702	1329.00696	-441.73975	1193.98499	1326.92810	-867.46362	972.47919	1287.01843	-589.97321	930.62518	1309.70874	-662.82397	977.27002	1019.53259	-900.92859	543.28748	1308.50720	-639.64191	493.36206	1161.07825	-925.88855	125.07413	1243.77515	-613.09894	193.43327	887.47736	
331	3.300	-676.23431	1529.29565	1106.97534										-875.64355	1473.34534	1222.82813	-455.94031	1480.07129	1208.71228	-688.65497	1333.03076	1319.23584	-720.36560	1642.07422	1415.12012	-964.20239	1214.65503	1135.71399	-399.74826	1225.03638	1123.61670	-902.29126	1128.37402	1345.12842	-441.22150	1194.58984	1333.24573	-867.42639	972.80743	1301.86987	-588.95422	933.23779	1320.58984	-665.92065	976.05090	1030.44226	-903.83838	546.73132	1317.65466	-643.36835	493.99435	1179.38477	-926.26111	125.29565	1244.72864	-619.09235	201.69583	900.55902	
332	3.310													-877.44025	1473.77539	1239.12744	-458.04004	1481.56250	1213.59045	-688.48718	1333.75415	1329.93494				-967.27979	1215.80615	1153.93323	-404.59488	1225.65955	1128.26233	-901.05280	1128.37891	1361.14795	-442.47720	1195.92371	1337.90356	-866.78668	973.31525	1316.28418	-588.02020	934.27460	1329.77588	-668.11865	976.55975	1041.22766	-906.45074	549.24677	1326.22180	-646.63672	495.22458	1197.58044	-926.41486	125.54498	1245.43591	-625.93365	210.62840	914.87048	
333	3.320	-687.35516	1531.51660	1128.44458										-878.82050	1474.35925	1255.39392	-460.66946	1483.19250	1221.62927							-970.55212	1217.16663	1171.90906	-408.67426	1226.82703	1131.12427	-899.51038	1128.66467	1376.99902	-442.80090	1197.92944	1342.77869	-865.75562	973.92267	1330.41431	-586.89526	935.96222	1336.76855	-671.24133	977.22076	1052.85962	-909.40063	550.88849	1334.40222	-648.35327	494.22931	1217.81653	-926.41376	125.79405	1245.96130	-631.77789	219.78316	929.33691	
334	3.330													-879.77393	1474.79688	1271.40759	-487.58838	1462.90259	1162.44287							-974.06213	1218.10059	1189.52722	-412.33310	1229.23254	1138.46960	-897.61237	1129.13367	1392.59338	-442.15079	1199.27551	1348.52527	-864.27075	974.44067	1344.05212	-583.42596	938.54498	1346.31995	-674.94305	978.20966	1062.44019	-912.56976	552.01685	1342.34888	-649.64148	493.49255	1238.88831	-926.41638	126.24271	1246.51379	-638.67273	228.54993	943.85272	
335	3.340	-485.54794	1467.01172	1178.94727										-880.53595	1475.33130	1287.14490										-977.82147	1218.77417	1206.77881	-415.66782	1229.87170	1140.95801	-895.58569	1129.75037	1408.12280	-442.09818	1201.12439	1352.67761	-861.99030	974.45972	1357.37073	-581.41473	940.77905	1353.25842	-678.23840	980.53412	1072.83057	-915.40906	551.91388	1350.14941	-650.09760	493.12204	1259.47729	-926.30658	126.95790	1247.40112	-647.05170	238.97691	958.23846	
336	3.350	60.96404	1908.36694	2592.60864										-880.60492	1475.90710	1302.48547	-682.32111	1336.28589	1371.80737							-981.54443	1219.80786	1223.83826	-419.30954	1230.48169	1143.43616	-893.16266	1130.24231	1423.50574	-440.72250	1203.12817	1358.77954	-859.44897	974.92456	1370.42395	-577.09320	941.48584	1360.32666	-681.20111	982.35541	1082.97607	-918.53577	551.54175	1357.67908	-649.29254	492.35172	1281.54541	-926.31213	127.90573	1248.19006	-652.84564	249.32047	973.25513	
337	3.360													-880.86572	1476.72852	1317.62146	-680.75928	1337.40015	1381.51917							-984.29456	1220.34131	1240.73071	-423.18970	1233.00403	1149.15588	-890.98022	1131.26514	1438.74097	-441.23508	1204.65295	1362.15918	-856.75122	975.98950	1382.86694	-572.30701	943.17017	1367.04956	-685.62244	984.05176	1093.88184	-921.54950	550.76215	1365.12659	-647.51099	492.47742	1302.51892	-926.10211	129.28780	1248.96143	-661.81873	259.05850	988.04840	
338	3.370													-880.50726	1477.56677	1332.52100	-678.95428	1338.91223	1391.21448							-986.90930	1221.82153	1258.14160	-426.81958	1235.52942	1152.33521	-888.81238	1132.88892	1453.90833	-440.71875	1206.72937	1366.66406	-852.78101	976.19867	1394.89905	-568.37109	944.47906	1373.03320	-689.14209	985.47821	1102.62842				-645.49091	493.12146	1322.68494	-925.72748	130.58922	1249.39258	-668.40710	268.19730	1004.90094	
339	3.380													-879.84589	1478.71558	1347.14868	-676.78638	1340.21472	1400.81787							-987.77472	1222.78345	1275.41443	-429.44788	1237.20081	1157.61719	-885.29529	1133.75232	1468.86121	-440.29803	1207.88684	1369.89270	-848.73486	977.02484	1406.79639	-564.37537	946.14777	1380.29211	-693.13312	987.30518	1114.28613				-643.06451	493.76599	1344.10815	-925.62805	132.14648	1250.40271	-675.31299	273.75439	1024.62146	
340	3.390													-878.64734	1479.54053	1361.61182	-674.41748	1341.34167	1410.39514							-988.62653	1224.58862	1292.82751	-432.18292	1239.93359	1162.56042	-881.89459	1135.09863	1483.70349	-438.95557	1209.95935	1374.24414	-844.89368	977.89594	1418.64673	-560.33990	945.88184	1385.94409	-695.94745	988.59436	1122.09778				-639.01245	496.20609	1364.41028	-925.72791	134.00427	1251.75146	-682.50018	275.20932	1045.39331	
341	3.400													-877.36047	1480.76672	1375.91089	-672.35925	1342.66394	1419.96106							-988.67047	1226.29761	1310.12476	-434.94150	1242.29382	1167.64636	-878.94403	1137.13245	1498.32690	-438.74210	1211.65747	1379.57068	-840.08386	978.53235	1429.96570	-556.45880	947.99695	1391.08691	-699.79126	989.44983	1132.56299				-636.09113	497.58099	1384.47888	-925.62280	135.32658	1252.85083	-688.22003	276.51163	1068.25061	
342	3.410	-717.48438	1545.39209	1225.88416										-876.20172	1482.06641	1390.10693	-670.34991	1344.13342	1429.60327							-988.20959	1227.60132	1327.23511	-437.99655	1244.14832	1170.22986	-874.20886	1138.15100	1512.76611	-437.29904	1213.30798	1384.93506	-835.23932	978.62567	1440.88782	-551.78973	949.85297	1398.22107	-701.21039	992.99481	1140.14417				-632.96753	499.29968	1404.05249	-926.02307	137.08498	1254.99414	-693.06396	276.86417	1091.73486	
343	3.420	-429.79047	1246.05615	1516.96899										-875.16962	1483.48621	1404.27527	-668.07654	1345.35913	1439.26660							-988.24194	1229.36829	1344.06311	-440.48224	1246.38953	1176.38928				-436.62482	1215.10144	1389.23914	-831.37573	979.39026	1451.31372	-548.21460	951.01459	1403.55823	-703.66986	994.43372	1149.34583				-628.30634	502.27808	1422.86780	-925.66766	138.66512	1256.27515	-698.07184	274.77124	1117.11584	
344	3.430													-873.95697	1485.01538	1418.41553	-665.64056	1346.12842	1448.95996							-988.50018	1231.14258	1360.60693	-442.69675	1248.52295	1181.87915				-435.94708	1215.80603	1392.88928	-825.98523	978.92468	1461.35400	-544.39655	952.39917	1409.53333	-705.48645	995.96521	1158.96826				-624.22668	506.74728	1441.17737	-925.60388	140.34363	1257.74170	-700.37598	272.53082	1141.55469	
345	3.440													-872.11420	1485.92261	1432.52417	-663.38629	1346.95447	1458.57837							-987.79559	1232.04724	1376.78967	-445.10165	1250.54785	1186.46484				-434.89746	1216.62671	1396.84558	-821.78363	979.21967	1471.09192	-540.68988	953.88660	1415.87341	-707.23334	997.19299	1168.63513				-619.48840	511.95309	1456.93103	-925.29608	142.22324	1259.30688	-702.88843	267.74335	1167.54224	
346	3.450													-870.41144	1487.32996	1446.60986										-986.89490	1233.15149	1392.74060	-447.37143	1251.63135	1189.97961				-433.27664	1217.80566	1401.83911	-817.98029	979.58984	1480.97290	-536.93695	954.09698	1423.55859	-709.12115	999.09100	1177.89612				-614.01556	517.23706	1472.62708	-925.14191	143.80347	1260.16882	-706.62537	262.43491	1194.23291	
347	3.460													-867.94940	1488.01270	1460.67017										-985.86884	1234.40247	1408.51086	-449.41696	1253.45325	1195.61377				-431.69449	1218.84924	1408.27686	-813.83124	979.43396	1490.89783	-533.54669	955.80658	1429.43933	-711.69452	999.83795	1189.09521				-608.75122	522.96973	1486.70996	-925.08044	145.92180	1261.98083	-707.81067	255.66029	1222.05115	
348	3.470																									-984.38977	1235.33032	1424.19592	-452.86081	1255.41833	1199.45435				-430.66495	1219.35645	1412.66235	-810.19519	979.43701	1500.99182	-528.92230	957.43225	1436.70667	-712.83704	1001.39691	1196.45862				-602.87433	529.54163	1500.55737	-924.93927	147.67955	1262.16479	-708.58728	247.68214	1250.83545	
349	3.480																									-982.47662	1235.93115	1439.70300							-429.16110	1220.13965	1417.52417	-806.87286	979.29352	1511.37891	-526.42395	957.18121	1443.50916	-713.98926	1003.20514	1206.92273				-597.32648	534.84460	1513.63977	-924.80524	149.59998	1265.26086	-708.75708	239.05640	1279.55676	
350	3.490																									-980.72144	1237.06018	1455.04065							-427.33740	1220.43921	1422.67761	-804.23224	979.92535	1521.82813	-522.65533	958.15710	1450.10168	-715.69812	1004.30707	1215.29150				-591.79614	539.96716	1525.84717	-924.50446	150.59969	1268.95422	-707.88263	230.39044	1309.82202	
351	3.500																									-978.85773	1238.12610	1470.26355							-425.96759	1220.66333	1427.48291	-801.13123	979.84375	1532.47217	-519.37866	958.89063	1455.94116	-717.28070	1004.67792	1225.53577				-585.89185	545.20349	1538.09326	-924.14069	152.10974	1269.13916	-704.86938	221.78780	1341.43860	
352	3.510																									-976.59808	1238.69678	1485.30774							-424.12057	1221.12439	1433.74719	-798.15814	980.07861	1543.23950	-515.58948	960.29669	1463.08899	-718.59674	1006.04901	1235.58777				-580.19159	549.59363	1550.59180	-924.46710	155.32391	1270.86194	-701.37708	211.59038	1373.85693	
353	3.520																									-974.14221	1239.50781	1500.22815							-422.19141	1221.35950	1438.98376				-512.71283	960.52240	1469.90417	-719.36224	1006.90747	1245.24548				-574.06873	553.65607	1561.72693	-923.68738	156.84395	1270.60962	-696.06274	201.70387	1406.88464	
354	3.530																									-970.81415	1240.04724	1515.01318							-420.79889	1221.25146	1444.68652				-510.71725	961.05701	1476.32214	-720.63373	1008.96136	1256.11121				-567.98352	557.10944	1571.81555	-923.12213	158.23579	1270.36597	-689.48419	192.37643	1440.93555	
355	3.540																																		-418.74103	1221.52942	1451.28113				-508.32779	960.51703	1483.66785	-721.66907	1010.13934	1265.99207				-562.23792	559.61035	1582.18652	-922.74207	160.69829	1274.07690	-681.84705	181.74840	1475.21716	
356	3.550																																		-416.58627	1221.31274	1457.93201				-503.98102	961.85657	1490.83765	-721.75195	1010.65723	1277.12793				-556.47559	561.45526	1592.65613	-921.45740	161.54437	1276.35522	-673.30908	172.79285	1509.77234	
357	3.560																																		-414.95053	1220.89221	1463.53003				-501.57635	962.08459	1497.96118	-721.79352	1011.61084	1288.43591				-550.84503	562.99646	1600.36414	-920.87634	164.46823	1277.13147	-662.84613	164.39790	1544.63953	
358	3.570																																		-412.65112	1220.79114	1470.01599				-500.09476	961.44489	1505.41870	-721.38965	1011.00720	1300.07092				-544.55579	562.83936	1608.13379	-919.73425	166.39729	1278.32898	-652.90021	156.46236	1576.78674	
359	3.580																																		-410.52405	1220.57971	1477.21155				-496.91013	961.82263	1514.64368	-720.59778	1010.80847	1311.60107				-538.99872	563.14709	1615.49316	-918.32556	168.70389	1279.67957	-641.71735	150.16655	1610.60645	
360	3.590																																		-408.30243	1219.46509	1483.31494				-494.41721	961.73755	1522.83008	-719.98187	1010.40466	1323.15747				-533.34680	562.63080	1622.38245	-917.30249	170.70393	1282.63159	-631.76868	145.87404	1644.07324	
361	3.600																																		-405.64526	1219.42749	1489.10974				-491.28433	961.99335	1532.46204	-718.26715	1009.26196	1335.93604				-528.08032	560.61603	1628.08911	-915.71423	173.23236	1283.67627	-623.66388	141.80890	1677.30164	
362	3.610																																		-402.62357	1218.80396	1498.08826				-488.69345	960.51276	1542.63391	-717.07660	1009.12335	1347.80542				-522.85431	558.00342	1633.92908	-914.14563	175.23039	1287.78857	-613.47491	139.93526	1701.68225	
363	3.620																																		-400.38147	1217.76709	1504.13257				-485.23483	959.93030	1552.53320	-715.17145	1008.12445	1360.58765				-517.43152	554.05219	1639.68469	-912.64667	177.52715	1287.24292	-607.84271	136.32089	1729.32886	
364	3.630																																		-397.58286	1216.66650	1511.84924				-481.63556	959.03534	1563.03259	-712.43671	1006.06128	1373.39258				-512.28699	549.98010	1643.36182	-911.33429	180.68030	1291.70129	-600.95813	134.36224	1750.87939	
365	3.640																																		-395.72110	1215.56995	1517.81091				-480.21518	957.15222	1573.84277	-708.71710	1004.24640	1386.17969				-507.89789	544.53851	1648.44299	-910.44659	185.14636	1295.17163				
366	3.650																																		-393.20932	1213.91052	1525.26025				-475.84131	956.92566	1584.90796	-706.63409	1001.69775	1399.06104				-503.48679	537.93066	1653.08582	-909.30225	187.71834	1299.74048				
367	3.660																																		-390.23608	1212.81165	1533.84766				-472.65128	955.80420	1596.22583	-704.07697	999.32611	1411.86060				-499.37268	532.58350	1659.10327	-908.82318	191.84944	1307.13464				
368	3.670																																		-387.83224	1211.12793	1542.19983				-469.79956	953.90161	1608.05664	-700.27203	995.36835	1425.10962				-495.85736	525.47998	1666.99146	-908.39136	195.95328	1310.91418				
369	3.680																																		-385.73328	1208.73145	1550.22913				-466.60529	952.20807	1620.64478	-696.79468	992.33685	1438.81128				-492.55820	520.58728	1674.65784	-908.23248	200.74832	1319.56567				
370	3.690																																		-382.81711	1207.42798	1559.14282				-462.86819	950.25281	1633.51489	-693.00122	988.98859	1452.14587				-490.01599	514.43005	1683.94983	-908.23102	205.49026	1326.69629				
371	3.700																																		-379.66943	1205.96997	1567.38538				-459.52762	947.37549	1644.38049	-689.34753	984.27179	1465.04626				-487.38681	510.45953	1695.90405	-908.10693	210.96677	1338.46484				
372	3.710																																		-377.27692	1204.30457	1574.94788				-455.22830	945.55579	1656.54175	-685.32349	980.36432	1478.51575				-485.04880	507.88239	1709.59033	-907.91327	216.34395	1352.58203				
373	3.720																																		-374.13553	1201.68884	1585.35974				-451.20071	943.99799	1667.59961	-682.43433	977.65582	1489.52551				-481.61969	507.25153	1725.92578	-907.59711	222.78519	1367.62122				
374	3.730																																		-371.41464	1200.06628	1594.74011				-447.37997	943.22131	1677.78625	-678.47900	975.56549	1501.04260				-478.54724	508.51755	1742.72742	-907.14557	229.20901	1385.69922				
375	3.740																																		-366.92691	1200.09729	1600.55225				-442.28516	942.82184	1685.44336	-675.03400	974.18304	1511.20813				-473.39380	510.29575	1759.73584	-906.68475	238.58531	1404.40979				
376	3.750																																		-363.93689	1200.38953	1608.48291				-436.88904	944.09949	1694.04285	-672.43939	974.13025	1520.66382				-465.01987	514.73816	1770.44714	-904.26276	248.05794	1424.98767				
377	3.760																																		-360.91803	1200.52588	1616.67285				-432.27182	943.84833	1700.69983	-668.75317	973.28741	1530.36389				-455.63019	519.27948	1778.47986	-900.84827	257.33249	1445.79785				
378	3.770																																		-358.52942	1201.41589	1617.55334				-426.94247	944.00037	1706.22754	-666.41956	974.17712	1540.13855				-446.41220	523.41296	1787.93896	-896.51929	265.51553	1466.99133				
379	3.780																																								-421.71262	944.08508	1710.33862	-663.85797	973.08368	1551.12390				-437.08136	527.19934	1797.83801	-891.64240	273.28296	1490.05640				
380	3.790																																								-415.47922	944.93201	1717.16675	-662.22638	973.34851	1563.49890				-428.06821	527.98090	1805.26160	-886.59534	280.71741	1513.46375				
381	3.800																																								-410.57596	945.92609	1720.28638	-660.36926	973.64935	1573.56812				-419.62085	528.77869	1814.23718	-880.61658	288.26950	1537.67493				
382	3.810																																								-406.80182	946.19745	1723.71802	-658.58820	975.33038	1580.90479				-411.83096	529.52045	1818.55054	-874.03229	295.20316	1560.52161				
383	3.820																																								-401.10126	946.13947	1729.26038	-656.04120	975.85431	1593.55859				-404.26086	529.64557	1826.62354	-866.42462	301.48245	1582.45898				
384	3.830																																								-395.94394	948.59766	1733.47156	-653.58960	977.34955	1601.10339				-397.36206	529.45435	1831.92419	-858.73730	306.82471	1604.13062				
385	3.840																																								-390.78128	951.40729	1736.94800	-651.38092	979.54614	1611.34277				-390.63721	530.89111	1834.61279	-850.41425	311.45844	1628.64368				
386	3.850																																								-386.49036	953.48456	1740.95422	-649.16492	981.31750	1619.18787				-384.31851	533.00995	1837.43555	-841.59814	314.59369	1653.12439				
387	3.860																																								-382.62195	955.35748	1744.21033	-647.29492	985.17828	1626.98267				-378.67517	535.74097	1838.82739	-832.53076	316.31363	1679.04492				
388	3.870																																								-378.75772	957.60541	1748.11304	-645.88605	988.33093	1634.24438				-373.63931	538.91858	1837.48523	-822.70416	317.32129	1704.50720				
389	3.880																																								-374.92200	960.15216	1751.42419							-368.18188	540.88208	1837.79932	-812.69427	317.33636	1730.20544				
390	3.890																																								-371.54370	962.78540	1753.59558							-362.98141	542.84290	1834.35364	-802.05737	316.45572	1755.92529				
391	3.900																																								-367.67255	965.53918	1754.60901							-357.69366	544.43268	1833.79858	-790.73621	314.87982	1780.95227				
392	3.910																																								-364.39316	967.62115	1756.98596							-353.12646	546.01080	1832.43616	-779.20514	312.86285	1805.75171				
393	3.920																																								-360.66864	970.78229	1759.82825							-348.64270	547.68799	1829.39880	-766.76349	309.76038	1831.20837				
394	3.930																																								-357.66360	972.68640	1758.64221							-343.90662	548.97565	1825.58289	-753.62726	305.88889	1856.92480				
395	3.940																																								-353.85535	975.46375	1761.38770							-340.16495	549.61774	1822.42883	-739.92407	301.86816	1881.21265				
396	3.950																																								-351.36298	977.23151	1759.23608							-336.69528	550.09430	1818.01123	-725.73596	297.01160	1906.38574				
397	3.960																																								-347.54071	980.50037	1762.58081							-333.79858	550.53644	1810.95313	-710.14209	292.21625	1931.86011				
398	3.970																																								-345.16330	982.02386	1760.89148							-331.20673	551.24878	1808.05725	-693.88354	286.88950	1955.90894				
399	3.980																																								-342.48660	983.06689	1760.34851							-329.98782	551.04437	1801.43896	-676.35419	281.11673	1980.83362				
400	3.990																																								-339.96649	985.74622	1761.13367							-328.81122	551.12018	1796.78320	-658.43146	275.81699	2004.69385				
401	4.000																																								-338.61218	988.34363	1759.77588							-329.29825	552.03406	1790.01135	-638.35352	270.06082	2029.20764				
402	4.010																																								-336.75757	989.80457	1760.08105							-329.99606	550.43933	1784.38342	-617.42371	264.00571	2052.27100				
403	4.020																																								-335.44482	990.80737	1759.00183							-331.65472	550.34637	1777.84753	-595.74640	259.04218	2074.34277				
404	4.030																																								-334.31067	991.40710	1757.95862							-333.87064	548.94165	1773.12744	-573.23889	250.94156	2092.02197				
405	4.040																																								-332.79547	993.17188	1758.56824							-337.22821	547.93756	1768.45715	-548.91394	246.08882	2112.08228				
406	4.050																																								-332.07516	994.53180	1757.24719							-340.66000	547.50879	1766.19702	-523.58185	241.81709	2130.23828				
407	4.060																																								-331.58401	994.98578	1757.74292							-344.16183	546.37750	1764.12842	-497.17111	237.48703	2146.36816				
408	4.070																																								-331.08179	995.76202	1756.92236							-348.46942	545.38641	1760.05200	-470.62360	233.85736	2161.99951				
409	4.080																																								-331.16556	996.88202	1754.49414							-353.12457	544.42126	1757.65613	-443.10095	230.45555	2174.66699				
410	4.090																																								-330.96848	996.21338	1753.70654							-357.46564	543.68274	1757.87280	-415.29837	227.76671	2186.71387				
411	4.100																																								-330.99365	996.69214	1753.19128							-361.70047	544.00653	1755.92236	-387.54593	225.21642	2196.12158				
412	4.110																																								-333.61893	996.48602	1755.85364							-364.74060	545.35126	1754.75281	-359.36957	222.36325	2203.41577				
413	4.120																																																	-370.71567	545.73230	1756.66272	-331.07202	220.80609	2208.59888				
414	4.130																																																	-374.16479	546.63782	1758.92029	-303.67117	219.37798	2212.07202				
415	4.140																																																	-377.81146	546.44293	1760.87268	-277.07938	217.68573	2213.14453				
416	4.150																																																	-381.02173	546.51605	1761.92969	-251.14050	216.08159	2212.76440				
417	4.160																																																	-383.57855	545.76819	1765.98975	-227.59851	215.12180	2210.60938				
418	4.170																																																	-386.25443	546.48157	1766.76038	-206.42213	214.55411	2208.64209				
419	4.180																																																	-388.13675	545.34076	1769.56592	-185.44939	213.39055	2206.39795				
420	4.190																																																	-389.96164	546.16638	1772.00037	-167.14532	210.08029	2200.91797				
421	4.200																																																	-391.79996	546.72925	1774.31653	-150.30502	206.99451	2196.11401				
422	4.210																																																	-394.00467	546.90668	1776.88611	-136.84320	204.73885	2191.07275				
423	4.220																																																	-395.87216	547.18646	1779.57605	-123.38760	202.06870	2187.46216				
424	4.230																																																	-397.31702	547.37555	1781.90735	-113.48099	199.39275	2182.96533				
425	4.240																																																	-399.91257	547.82587	1783.45496	-104.86240	196.24010	2179.63623				
426	4.250																																																	-402.08533	548.22888	1785.69824	-98.80895	191.90796	2179.27661				
427	4.260																																																	-404.00815	547.92938	1787.51086	-96.72066	189.37273	2186.19629				
428	4.270																																																	-406.64716	548.05438	1789.57666	-98.83818	184.03137	2191.50024				
429	4.280																																																	-408.86234	549.68231	1790.04712	-101.69621	178.42319	2197.14990				
430	4.290																																																	-411.19150	548.88300	1792.20142	-103.60767	175.82285	2201.14624				
431	4.300																																																	-413.28934	546.79773	1795.47961	-102.11310	171.29120	2201.23022				
432	4.310																																																	-416.10645	546.14417	1796.98877	-102.71158	168.79846	2203.82129				
433	4.320																																																	-417.84488	544.98505	1798.10193	-105.61667	164.84904	2205.24805				
434	4.330																																																	-419.59082	544.11230	1799.69226	-107.64488	160.90900	2205.74585				
435	4.340																																																	-420.47821	542.73950	1802.70532	-110.22350	159.58366	2206.13916				
436	4.350																																																	-420.79385	541.60394	1806.40332	-109.64429	157.12239	2206.15845				
437	4.360																																																	-420.61447	540.77808	1809.99182	-109.43984	155.38725	2205.35303				
438	4.370																																																	-418.32007	540.62213	1815.50293	-107.78582	154.41341	2205.98486				
439	4.380																																																	-415.54837	539.66003	1817.92615	-105.93385	154.24677	2207.58594				
440	4.390																																																	-411.75659	539.26880	1822.29883	-105.31174	153.67381	2207.90967				
441	4.400																																																	-408.22656	538.08063	1828.39722	-105.17939	153.61928	2208.17017				
442	4.410																																																	-404.02554	537.73743	1832.27466	-102.88412	151.56110	2208.14941				
443	4.420																																																	-399.23083	535.90503	1838.98267	-102.10350	151.06152	2209.56104				
444	4.430																																																	-393.75696	535.82269	1843.61548	-102.08156	150.40930	2210.36572				
445	4.440																																																	-389.12723	534.87805	1851.44250	-101.63881	148.80585	2210.01782				
446	4.450																																																	-384.27606	532.71082	1859.34094	-101.33261	147.90332	2210.52124				
447	4.460																																																	-380.31580	533.26965	1864.82178	-101.32005	147.33218	2211.19946				
448	4.470																																																	-375.88968	530.81018	1873.34155	-101.29193	147.15994	2211.46167				
449	4.480																																																	-372.79178	531.27863	1881.32581	-101.38549	147.01355	2211.79932				
450	4.490																																																	-369.72977	531.56531	1892.16211	-101.02669	147.69951	2212.84204				
451	4.500																																																	-367.48370	534.03412	1902.07654	-100.94315	147.69914	2212.94263				
452	4.510																																																	-364.92746	537.16693	1908.59521	-99.68068	147.24182	2213.21875				
453	4.520																																																	-362.26990	543.81482	1911.21375	-99.25436	146.95697	2213.33936				
454	4.530																																																	-362.04916	549.57819	1914.25488	-98.89657	146.92566	2213.19653				
455	4.540																																																	-364.63229	553.11871	1920.28430	-97.55248	147.17508	2214.51514				
456	4.550																																																	-367.80688	556.52423	1921.45227	-97.52278	147.17708	2214.54688				
457	4.560																																																	-371.95966	558.48688	1924.20947	-97.36799	147.12463	2214.50244				
458	4.570																																																	-376.82779	559.28906	1929.49316	-97.35291	147.12439	2214.52100				
459	4.580																																																	-381.39780	558.66077	1933.66943	-97.36373	146.97546	2214.73584				
460	4.590																																																	-386.61139	558.80536	1940.70630	-97.15447	146.94568	2214.65527				
461	4.600																																																	-392.00916	557.03314	1949.52380	-96.95140	147.02840	2214.43726				
462	4.610																																																	-397.76355	558.12921	1954.72314	-96.76181	146.77879	2214.60815				
463	4.620																																																	-403.03055	558.06818	1960.18201	-96.74293	146.75722	2214.67188				
464	4.630																																																	-408.60638	558.18097	1968.11560	-96.29505	147.39729	2215.62866				
465	4.640																																																	-413.61148	557.75842	1976.32532	-96.27213	147.41278	2215.62671				
466	4.650																																																	-418.73080	558.72260	1982.00354	-96.06297	147.41489	2215.47266				
467	4.660																																																	-422.56192	558.18860	1989.53540	-96.29998	146.87990	2214.28540				
468	4.670																																																	-426.82162	559.77924	1996.44861	-96.30865	146.90324	2214.23071				
469	4.680																																																	-430.14114	559.77960	2003.66174	-96.20786	147.06677	2213.90723				
470	4.690																																																	-433.14670	559.07257	2011.16455	-96.22095	147.10739	2213.81445				
471	4.700																																																	-436.17679	559.62964	2019.67151	-96.23680	147.15019	2213.71411				
472	4.710																																																	-438.73846	559.98151	2026.48730	-96.60342	146.60010	2212.60254				
473	4.720																																																	-440.46927	560.06989	2032.26123	-96.93702	146.86241	2212.45801				
474	4.730																																																	-443.98215	561.50989	2045.65454	-96.91015	146.95717	2212.13843				
475	4.740																																																	-445.18735	561.96667	2052.61499	-98.04039	147.40755	2211.66235				
476	4.750																																																	-445.91635	562.23816	2058.91602	-98.17072	147.53494	2211.36206				
477	4.760																																																	-447.04025	562.61993	2066.03613	-99.35788	146.97316	2209.92310				
478	4.770																																																	-447.38098	561.62946	2071.63916	-99.36791	147.10376	2209.66064				
479	4.780																																																	-447.63690	562.05536	2078.04712	-100.21201	144.61697	2206.07544				
480	4.790																																																	-447.54730	561.24432	2085.01294	-99.86330	147.80081	2209.45435				
481	4.800																																																	-446.94650	560.34424	2091.23608	-99.85201	147.81381	2209.44312				
482	4.810																																																	-445.97235	559.58099	2097.55005	-99.83112	147.83745	2209.42334				
483	4.820																																																	-444.52252	557.95386	2103.81396	-99.25093	147.30931	2209.32837				
484	4.830																																																	-441.72009	557.28137	2102.70313	-99.22356	147.31842	2209.34399				
485	4.840																																																	-438.80460	556.12567	2107.75806	-98.99374	147.32764	2209.21362				
486	4.850																																																	-435.73755	554.89124	2112.67480	-98.22245	148.12701	2210.59644				
487	4.860																																																	-431.85587	553.37408	2118.53003	-98.19769	148.12726	2210.62549				
488	4.870																																																	-428.52084	553.92487	2122.95679	-98.17431	148.14050	2210.62842				
489	4.880																																																	-424.80368	553.89832	2127.67993	-98.08444	148.03171	2210.69995				
490	4.890																																																	-421.75940	554.83929	2130.21460	-98.14677	148.15457	2210.63477				
491	4.900																																																	-419.09277	556.18256	2135.01099	-97.96146	148.27000	2210.33325				
492	4.910																																																	-416.02771	556.84106	2137.54126	-97.95829	148.28931	2210.30029				
493	4.920																																																	-413.16931	557.65088	2142.86499	-97.96296	148.30884	2210.25781				
494	4.930																																																	-410.51297	558.02722	2147.63184	-97.96083	148.31615	2210.24658				
495	4.940																																																	-407.98169	558.15222	2152.43848	-97.94953	148.32690	2210.23975				
496	4.950																																																	-406.02243	559.73761	2155.54614	-97.94795	148.32523	2210.24463				
497	4.960																																																	-403.32040	559.34894	2161.96777	-97.94579	148.31296	2210.27051				
498	4.970																																																	-401.35852	559.45856	2164.87842	-97.95299	148.29362	2210.29858				
499	4.980																																																	-398.34921	558.47021	2173.57349	-97.96981	148.26949	2210.32422				
500	4.990																																																	-396.11932	558.38464	2175.30420	-97.97813	148.25929	2210.33350				
501	5.000																																																	-393.84387	558.31323	2176.97266	-98.18008	148.14117	2210.62012				
502	5.010																																																	-391.55688	557.88391	2180.46582	-98.03342	147.89503	2210.75439				
503	5.020																																																	-390.16205	558.64777	2181.25317	-98.12958	147.72127	2211.01611				
504	5.030																																																	-389.44925	560.31982	2183.03247	-98.20904	147.56224	2211.26465				
505	5.040																																																				-98.21529	147.55284	2211.27490				
506	5.050																																																				-98.22138	147.54510	2211.28247				
507	5.060																																																				-98.22594	147.53694	2211.29248				
508	5.070																																																				-98.24187	147.53053	2211.28540				
509	5.080																																																				-98.24688	147.51852	2211.30225				
510	5.090																																																				-98.24817	147.52170	2211.29468				
511	5.100																																																				-98.24536	147.51276	2211.31494				
512	5.110																																																				-98.23470	147.51678	2211.32007				
513	5.120																																																				-98.23173	147.51610	2211.32495				
514	5.130																																																				-98.21985	147.38260	2211.49487				
515	5.140																																																				-98.21126	147.38368	2211.50317				
516	5.150																																																				-98.22005	147.37476	2211.50952				
517	5.160																																																				-98.20264	147.37358	2211.53271				
518	5.170																																																				-98.20372	147.36595	2211.54565				
519	5.180																																																				-98.21145	147.35448	2211.55835				
520	5.190																																																				-98.21838	147.34041	2211.57666				
521	5.200																																																				-98.36499	147.19986	2211.83960				
522	5.210																																																				-98.37021	147.19412	2211.84424				
523	5.220																																																				-98.37208	147.18127	2211.86621				
524	5.230																																																				-98.37624	147.16577	2211.89063				
525	5.240																																																				-98.37299	147.15421	2211.91650				
526	5.250																																																				-98.35995	147.15503	2211.93042				
527	5.260																																																				-98.36301	147.15002	2211.93628				
528	5.270																																																				-98.35663	147.14949	2211.94507				
529	5.280																																																				-98.35070	147.14896	2211.95313				
530	5.290																																																				-98.35604	147.14217	2211.95947				
531	5.300																																																				-98.36288	147.13925	2211.95679				
532	5.310																																																				-98.37053	147.13252	2211.96045				
533	5.320																																																				-98.37501	147.12930	2211.96118				
534	5.330																																																				-98.37277	147.12497	2211.97217				
