"Frame","Time","Headset_Front_X","Headset_Front_Y","Headset_Front_Z","Headset_Back_X","Headset_Back_Y","Headset_Back_Z","Headset_Left_X","Headset_Left_Y","Headset_Left_Z","Headset_Right_X","Headset_Right_Y","Headset_Right_Z","Left_Shoulder_X","Left_Shoulder_Y","Left_Shoulder_Z","Right_Shoulder_X","Right_Shoulder_Y","Right_Shoulder_Z","Sternum_X","Sternum_Y","Sternum_Z","C7_X","C7_Y","C7_Z","Left.Elbow_X","Left.Elbow_Y","Left.Elbow_Z","Right.Elbow_X","Right.Elbow_Y","Right.Elbow_Z","Left.Wrist_X","Left.Wrist_Y","Left.Wrist_Z","Right.Wrist_X","Right.Wrist_Y","Right.Wrist_Z","Left.ASIS_X","Left.ASIS_Y","Left.ASIS_Z","Right.ASIS_X","Right.ASIS_Y","Right.ASIS_Z","S2_X","S2_Y","S2_Z","Left.Knee_X","Left.Knee_Y","Left.Knee_Z","Right.Knee_X","Right.Knee_Y","Right.Knee_Z","Left.Ankle_X","Left.Ankle_Y","Left.Ankle_Z","Right.Ankle_X","Right.Ankle_Y","Right.Ankle_Z"
1,0,NA,NA,NA,NA,NA,NA,NA,NA,NA,NA,NA,NA,NA,NA,NA,NA,NA,NA,NA,NA,NA,NA,NA,NA,127.67342,1085.55164,-1366.33301,NA,NA,NA,NA,NA,NA,NA,NA,NA,-108.12862,1037.41736,-1369.4209,-235.38618,1023.27478,-1407.13049,-65.18022,917.28662,-1609.80334,68.40549,416.06616,-1434.50977,NA,NA,NA,61.65646,55.63513,-1471.54419,NA,NA,NA
2,0.01,NA,NA,NA,NA,NA,NA,NA,NA,NA,NA,NA,NA,NA,NA,NA,NA,NA,NA,NA,NA,NA,NA,NA,NA,123.58113,1085.52576,-1360.75403,NA,NA,NA,NA,NA,NA,NA,NA,NA,-112.18067,1037.86951,-1361.94751,-238.72925,1024.49487,-1400.16602,-66.96706,916.68353,-1606.98462,66.14223,416.52713,-1431.49988,NA,NA,NA,61.63705,55.47498,-1471.69604,NA,NA,NA
3,0.02,NA,NA,NA,NA,NA,NA,NA,NA,NA,NA,NA,NA,NA,NA,NA,NA,NA,NA,NA,NA,NA,NA,NA,NA,120.07562,1085.74719,-1355.90735,NA,NA,NA,NA,NA,NA,NA,NA,NA,-114.05809,1036.2749,-1363.42273,-241.46147,1022.35449,-1403.86218,-68.94207,916.13812,-1604.39294,64.93543,416.29147,-1430.0929,NA,NA,NA,60.97533,55.90485,-1469.40564,NA,NA,NA
4,0.03,NA,NA,NA,NA,NA,NA,NA,NA,NA,NA,NA,NA,NA,NA,NA,NA,NA,NA,NA,NA,NA,NA,NA,NA,117.43417,1084.7594,-1355.26282,NA,NA,NA,NA,NA,NA,NA,NA,NA,-117.82591,1037.31702,-1355.79626,-243.69528,1021.80457,-1400.68396,-71.04276,915.75598,-1601.79272,62.12819,415.28699,-1425.63489,NA,NA,NA,60.99417,55.88103,-1469.23145,NA,NA,NA
5,0.04,NA,NA,NA,NA,NA,NA,NA,NA,NA,NA,NA,NA,NA,NA,NA,NA,NA,NA,NA,NA,NA,NA,NA,NA,112.75292,1084.50781,-1350.22668,NA,NA,NA,NA,NA,NA,NA,NA,NA,-119.71117,1036.47119,-1358.03198,-246.38568,1022.35547,-1397.91699,-73.36121,915.29675,-1599.20276,59.91922,414.54691,-1423.33167,NA,NA,NA,61.56495,54.69791,-1470.99512,NA,NA,NA
6,0.05,NA,NA,NA,NA,NA,NA,NA,NA,NA,NA,NA,NA,NA,NA,NA,NA,NA,NA,NA,NA,NA,NA,NA,NA,108.68849,1083.61011,-1344.68311,NA,NA,NA,NA,NA,NA,NA,NA,NA,-123.34573,1036.33728,-1351.91943,-249.56953,1020.82922,-1395.31824,-75.69945,914.76239,-1596.3075,58.47982,414.46768,-1421.72278,NA,NA,NA,61.4188,53.58648,-1469.67126,NA,NA,NA
7,0.06,NA,NA,NA,NA,NA,NA,NA,NA,NA,NA,NA,NA,NA,NA,NA,NA,NA,NA,NA,NA,NA,NA,NA,NA,105.61552,1083.21387,-1341.55396,NA,NA,NA,NA,NA,NA,NA,NA,NA,-125.53561,1034.76318,-1350.73804,-252.46719,1020.4198,-1392.15625,-78.243,914.15985,-1593.15723,57.09967,414.33005,-1421.01196,NA,NA,NA,61.44974,53.52697,-1469.38391,NA,NA,NA
8,0.07,NA,NA,NA,NA,NA,NA,NA,NA,NA,NA,NA,NA,NA,NA,NA,NA,NA,NA,NA,NA,NA,NA,NA,NA,101.01743,1083.54114,-1337.16199,NA,NA,NA,NA,NA,NA,NA,NA,NA,-129.92503,1034.41943,-1347.39661,-255.62341,1019.43463,-1391.05176,-80.91204,913.54327,-1590.07703,54.04081,414.61658,-1418.00208,NA,NA,NA,61.12617,53.18402,-1468.20898,NA,NA,NA
9,0.08,NA,NA,NA,NA,NA,NA,NA,NA,NA,NA,NA,NA,NA,NA,NA,NA,NA,NA,NA,NA,NA,NA,NA,NA,97.21877,1082.50647,-1334.31287,NA,NA,NA,NA,NA,NA,NA,NA,NA,-131.63452,1034.03809,-1348.44324,-258.12112,1020.1673,-1387.16309,-83.79017,912.82867,-1587.14307,52.41097,413.20023,-1415.44751,NA,NA,NA,61.15128,53.11922,-1467.97351,NA,NA,NA
10,0.09,NA,NA,NA,NA,NA,NA,NA,NA,NA,NA,NA,NA,NA,NA,NA,NA,NA,NA,NA,NA,NA,NA,NA,NA,93.75052,1081.25378,-1329.23792,NA,NA,NA,NA,NA,NA,NA,NA,NA,-136.933,1033.99707,-1339.65356,-262.71982,1019.14417,-1381.78625,-86.67561,912.01031,-1583.55005,51.23727,413.11057,-1413.95007,NA,NA,NA,61.15263,52.92027,-1467.93286,NA,NA,NA
11,0.1,NA,NA,NA,NA,NA,NA,NA,NA,NA,NA,NA,NA,NA,NA,NA,NA,NA,NA,NA,NA,NA,NA,NA,NA,89.59014,1080.90332,-1323.15662,NA,NA,NA,NA,NA,NA,NA,NA,NA,-139.38455,1032.94421,-1337.87964,-266.02344,1018.14551,-1379.35229,-89.9621,911.39679,-1580.9635,48.34951,412.73419,-1411.04199,NA,NA,NA,61.13139,52.70832,-1468.09375,NA,NA,NA
12,0.11,NA,NA,NA,NA,NA,NA,NA,NA,NA,NA,NA,NA,NA,NA,NA,NA,NA,NA,NA,NA,NA,NA,NA,NA,85.52312,1080.04871,-1319.61841,NA,NA,NA,NA,NA,NA,NA,NA,NA,-143.3477,1032.08545,-1337.65649,-269.83408,1018.19714,-1376.48816,-93.1684,910.32269,-1576.94788,46.58646,411.93106,-1409.19348,NA,NA,NA,61.10881,52.39761,-1468.25159,NA,NA,NA
13,0.12,NA,NA,NA,NA,NA,NA,NA,NA,NA,NA,NA,NA,NA,NA,NA,NA,NA,NA,NA,NA,NA,NA,NA,NA,82.28679,1079.21191,-1318.14233,NA,NA,NA,NA,NA,NA,NA,NA,NA,-147.60999,1031.16199,-1331.22412,-272.88644,1016.73145,-1373.17993,-96.67751,909.54016,-1573.92249,45.19612,412.18311,-1409.09692,NA,NA,NA,61.08849,52.04951,-1468.38208,NA,NA,NA
14,0.13,NA,NA,NA,NA,NA,NA,NA,NA,NA,NA,NA,NA,NA,NA,NA,NA,NA,NA,NA,NA,NA,NA,NA,NA,77.34817,1078.12903,-1308.99426,NA,NA,NA,NA,NA,NA,NA,NA,NA,-152.17192,1030.1665,-1326.83032,-277.2829,1014.35431,-1373.78357,-100.22484,908.0752,-1569.56421,41.22486,410.4162,-1404.00696,NA,NA,NA,61.07242,51.86681,-1468.49902,NA,NA,NA
15,0.14,NA,NA,NA,NA,NA,NA,NA,NA,NA,NA,NA,NA,NA,NA,NA,NA,NA,NA,NA,NA,NA,NA,NA,NA,73.40161,1077.49683,-1304.61902,NA,NA,NA,NA,NA,NA,NA,NA,NA,-155.24965,1028.66443,-1327.57007,-281.763,1015.505,-1367.18237,-104.04465,907.42877,-1566.52759,40.30811,410.71378,-1403.67346,NA,NA,NA,61.09278,51.80968,-1468.30481,NA,NA,NA
16,0.15,NA,NA,NA,NA,NA,NA,NA,NA,NA,NA,NA,NA,NA,NA,NA,NA,NA,NA,NA,NA,NA,NA,NA,NA,69.89825,1076.03845,-1306.11609,NA,NA,NA,NA,NA,NA,NA,NA,NA,-160.21564,1027.40405,-1320.02417,-286.79745,1014.44635,-1360.39185,-107.92208,905.98395,-1562.12097,38.62554,410.14673,-1402.13916,NA,NA,NA,60.97511,50.93575,-1467.52942,NA,NA,NA
17,0.16,NA,NA,NA,NA,NA,NA,NA,NA,NA,NA,NA,NA,NA,NA,NA,NA,NA,NA,NA,NA,NA,NA,NA,NA,64.52151,1074.74609,-1296.76428,NA,NA,NA,NA,NA,NA,NA,NA,NA,-165.41006,1027.03528,-1317.77698,-291.18683,1011.94781,-1361.66785,-112.05964,905.29913,-1558.66589,35.07845,409.19598,-1399.14575,NA,NA,NA,61.03029,50.98888,-1467.03723,NA,NA,NA
18,0.17,NA,NA,NA,NA,NA,NA,NA,NA,NA,NA,NA,NA,NA,NA,NA,NA,NA,NA,NA,NA,NA,NA,NA,NA,59.83558,1074.26599,-1291.27466,NA,NA,NA,NA,NA,NA,NA,NA,NA,-171.11922,1025.77368,-1310.25244,-295.35074,1010.45367,-1357.57117,-116.38225,904.15057,-1554.48608,33.42748,407.49341,-1396.43457,NA,NA,NA,61.07126,51.04871,-1466.6748,NA,NA,NA
19,0.18,NA,NA,NA,NA,NA,NA,NA,NA,NA,NA,NA,NA,NA,NA,NA,NA,NA,NA,NA,NA,NA,NA,NA,NA,54.93969,1072.95142,-1287.46985,NA,NA,NA,NA,NA,NA,NA,NA,NA,-175.659,1025.30273,-1306.51782,-300.43979,1009.00299,-1355.28064,-120.73472,903.04797,-1550.14343,30.10126,407.20016,-1394.28955,NA,NA,NA,61.10181,51.0458,-1466.39697,NA,NA,NA
20,0.19,NA,NA,NA,NA,NA,NA,NA,NA,NA,NA,NA,NA,NA,NA,NA,NA,NA,NA,NA,NA,NA,NA,NA,NA,50.66842,1071.94128,-1283.67932,NA,NA,NA,NA,NA,NA,NA,NA,NA,-180.93433,1022.84241,-1305.94238,-305.78546,1009.51971,-1348.88196,-125.34326,902.16272,-1546.07043,27.49728,406.92987,-1392.20337,NA,NA,NA,61.12657,51.09348,-1466.17957,NA,NA,NA
21,0.2,NA,NA,NA,NA,NA,NA,NA,NA,NA,NA,NA,NA,NA,NA,NA,NA,NA,NA,NA,NA,NA,NA,NA,NA,45.26658,1070.27124,-1277.55164,NA,NA,NA,NA,NA,NA,NA,NA,NA,-187.63174,1022.80731,-1298.11572,-312.19705,1007.20575,-1346.40088,-130.13268,901.203,-1541.81396,24.82378,406.49747,-1389.3468,NA,NA,NA,60.52324,51.49361,-1464.10815,NA,NA,NA
22,0.21,NA,NA,NA,NA,NA,NA,NA,NA,NA,NA,NA,NA,NA,NA,NA,NA,NA,NA,NA,NA,NA,NA,NA,NA,40.35043,1069.28772,-1273.55383,NA,NA,NA,NA,NA,NA,NA,NA,NA,-193.05615,1020.92737,-1297.51208,-317.82126,1007.60596,-1341.70508,-135.09981,900.13696,-1537.2738,21.9261,405.36008,-1386.36267,NA,NA,NA,60.53198,51.5192,-1464.03296,NA,NA,NA
23,0.22,NA,NA,NA,NA,NA,NA,NA,NA,NA,NA,NA,NA,NA,NA,NA,NA,NA,NA,NA,NA,NA,NA,NA,NA,35.60036,1068.56104,-1268.94385,NA,NA,NA,NA,NA,NA,NA,NA,NA,-199.67429,1019.71667,-1290.21191,-323.99893,1006.42072,-1338.56665,-140.36368,899.11676,-1532.8634,19.48692,404.71246,-1384.47546,NA,NA,NA,60.5308,51.49142,-1464.03918,NA,NA,NA
24,0.23,NA,NA,NA,NA,NA,NA,NA,NA,NA,NA,NA,NA,NA,NA,NA,NA,NA,NA,NA,NA,NA,NA,NA,NA,29.61323,1067.11682,-1263.16455,NA,NA,NA,NA,NA,NA,NA,NA,NA,-205.61342,1018.54572,-1287.37952,-329.67273,1005.39532,-1332.54492,-145.82538,897.95825,-1528.14526,15.22055,404.38651,-1381.92883,NA,NA,NA,60.51077,51.40054,-1464.20654,NA,NA,NA
25,0.24,NA,NA,NA,NA,NA,NA,NA,NA,NA,NA,NA,NA,NA,NA,NA,NA,NA,NA,NA,NA,NA,NA,NA,NA,24.38674,1065.70276,-1257.73999,NA,NA,NA,NA,NA,NA,NA,NA,NA,-212.18991,1016.2688,-1285.38257,-335.98022,1004.84009,-1331.73706,-151.3873,896.716,-1523.31506,11.89705,404.10516,-1379.64722,NA,NA,NA,60.53307,51.47146,-1464.01563,NA,NA,NA
26,0.25,NA,NA,NA,NA,NA,NA,NA,NA,NA,NA,NA,NA,NA,NA,NA,NA,NA,NA,NA,NA,NA,NA,NA,NA,18.53278,1065.15381,-1251.20996,NA,NA,NA,NA,NA,NA,NA,NA,NA,-219.51213,1015.68524,-1275.87231,-342.35599,1002.56464,-1328.18372,-157.19302,895.84515,-1518.96252,8.10781,402.58725,-1375.84143,NA,NA,NA,60.56315,51.55063,-1463.75525,NA,NA,NA
27,0.26,NA,NA,NA,NA,NA,NA,NA,NA,NA,NA,NA,NA,NA,NA,NA,NA,NA,NA,NA,NA,NA,NA,NA,NA,12.35761,1062.78052,-1244.92249,NA,NA,NA,NA,NA,NA,NA,NA,NA,-225.74771,1014.78259,-1275.05701,-348.69437,1002.79785,-1323.56824,-163.17958,894.47784,-1513.68005,2.89376,402.57922,-1372.29797,NA,NA,NA,60.67068,50.81075,-1463.97961,NA,NA,NA
28,0.27,NA,NA,NA,NA,NA,NA,NA,NA,NA,NA,NA,NA,NA,NA,NA,NA,NA,NA,NA,NA,NA,NA,NA,NA,7.34646,1062.6228,-1239.10791,NA,NA,NA,NA,NA,NA,NA,NA,NA,-232.0415,1011.08301,-1270.06702,-356.26981,1000.37561,-1319.60413,-169.36729,893.41534,-1509.18823,-1.84277,400.6839,-1368.09424,NA,NA,NA,60.67995,50.79759,-1463.89355,NA,NA,NA
29,0.28,NA,NA,NA,NA,NA,NA,NA,NA,NA,NA,NA,NA,NA,NA,NA,NA,NA,NA,NA,NA,NA,NA,NA,NA,1.04298,1060.58289,-1234.25842,NA,NA,NA,NA,NA,NA,NA,NA,NA,-240.36987,1011.30487,-1261.73474,-363.4328,1001.67163,-1312.09717,-175.71861,892.31085,-1504.04309,-5.34528,401.01996,-1366.04907,NA,NA,NA,60.56104,51.5515,-1463.77454,NA,NA,NA
30,0.29,NA,NA,NA,NA,NA,NA,NA,NA,NA,NA,NA,NA,NA,NA,NA,NA,NA,NA,NA,NA,NA,NA,NA,NA,-5.14166,1059.76428,-1227.68286,NA,NA,NA,NA,NA,NA,NA,NA,NA,-246.96356,1008.9762,-1261.42529,-369.83511,999.38556,-1308.59363,-182.2587,891.28302,-1499.38672,-10.67096,400.83887,-1363.6731,NA,NA,NA,60.00669,52.52326,-1462.80957,NA,NA,NA
31,0.3,NA,NA,NA,NA,NA,NA,NA,NA,NA,NA,NA,NA,NA,NA,NA,NA,NA,NA,NA,NA,NA,NA,NA,NA,-11.76776,1058.1814,-1223.95398,NA,NA,NA,NA,NA,NA,NA,NA,NA,-252.89226,1007.40961,-1257.14673,-377.13333,997.64856,-1304.57629,-188.82175,890.57837,-1494.84705,-16.95627,399.0386,-1358.5459,NA,NA,NA,59.92374,52.42919,-1463.54688,NA,NA,NA
32,0.31,NA,NA,NA,NA,NA,NA,NA,NA,NA,NA,NA,NA,NA,NA,NA,NA,NA,NA,NA,NA,NA,NA,NA,NA,-17.63746,1057.71301,-1217.92725,NA,NA,NA,NA,NA,NA,NA,NA,NA,-261.10553,1007.72351,-1248.33057,-383.61673,997.10046,-1299.74182,-195.48875,889.70422,-1489.953,-23.04172,398.5108,-1355.10278,NA,NA,NA,59.76185,52.15594,-1464.97009,NA,NA,NA
33,0.32,NA,NA,NA,NA,NA,NA,NA,NA,NA,NA,NA,NA,NA,NA,NA,NA,NA,NA,NA,NA,NA,NA,NA,NA,-25.24243,1056.50903,-1211.10559,NA,NA,NA,NA,NA,NA,NA,NA,NA,-267.83743,1005.54089,-1243.93445,-390.00024,996.02313,-1299.31543,-202.10141,889.68121,-1485.87463,-29.46092,397.17322,-1351.38855,NA,NA,NA,58.30003,60.35344,-1446.33948,NA,NA,NA
34,0.33,NA,NA,NA,NA,NA,NA,NA,NA,NA,NA,NA,NA,NA,NA,NA,NA,NA,NA,NA,NA,NA,NA,NA,NA,-32.30984,1056.4624,-1205.3158,NA,NA,NA,NA,NA,NA,NA,NA,NA,-273.55624,1004.23486,-1243.49353,-397.16467,995.01123,-1294.97266,-208.74059,889.20581,-1480.6781,-36.35882,396.48068,-1346.27002,NA,NA,NA,57.40555,62.10355,-1444.89539,NA,NA,NA
35,0.34,NA,NA,NA,NA,NA,NA,NA,NA,NA,NA,NA,NA,NA,NA,NA,NA,NA,NA,NA,NA,NA,NA,NA,NA,-39.45713,1055.82776,-1199.99792,NA,NA,NA,NA,NA,NA,NA,NA,NA,-281.78012,1004.78638,-1234.99573,-403.56833,995.32141,-1289.53882,-215.3145,889.23395,-1476.18823,-44.25058,396.42523,-1342.59033,NA,NA,NA,56.48512,64.38722,-1442.85828,NA,NA,NA
36,0.35,NA,NA,NA,NA,NA,NA,NA,NA,NA,NA,NA,NA,NA,NA,NA,NA,NA,NA,NA,NA,NA,NA,NA,NA,-45.76484,1055.66101,-1196.25134,NA,NA,NA,NA,NA,NA,NA,NA,NA,-288.16833,1005.20074,-1228.41418,-411.15866,996.34009,-1284.66846,-221.89151,889.22473,-1471.10449,-51.3696,396.66272,-1336.51172,NA,NA,NA,53.64736,67.04541,-1441.62683,NA,NA,NA
37,0.36,NA,NA,NA,NA,NA,NA,NA,NA,NA,NA,NA,NA,NA,NA,NA,NA,NA,NA,NA,NA,NA,NA,NA,NA,-52.07882,1054.79944,-1192.60425,NA,NA,NA,NA,NA,NA,-553.75659,789.64423,-1478.82654,-295.72427,1006.03583,-1224.12537,-417.97183,997.33728,-1279.39771,-228.502,889.47925,-1466.31299,-58.76043,397.13873,-1333.45264,NA,NA,NA,51.60225,70.53764,-1438.0387,NA,NA,NA
38,0.37,NA,NA,NA,NA,NA,NA,NA,NA,NA,NA,NA,NA,NA,NA,NA,NA,NA,NA,NA,NA,NA,NA,NA,NA,-59.91728,1055.17346,-1186.78247,NA,NA,NA,NA,NA,NA,-561.34674,790.16888,-1472.47644,-302.00732,1006.17548,-1224.84741,-424.72128,997.71436,-1273.22974,-234.97946,890.08832,-1461.93579,-66.20825,397.35864,-1328.16541,NA,NA,NA,47.34294,73.38666,-1435.15051,NA,NA,NA
39,0.38,NA,NA,NA,NA,NA,NA,NA,NA,NA,NA,NA,NA,NA,NA,NA,NA,NA,NA,NA,NA,NA,NA,NA,NA,-66.92474,1056.54736,-1180.15027,NA,NA,NA,NA,NA,NA,-569.16711,791.91107,-1468.00281,-308.92871,1007.22144,-1216.79419,-431.22141,997.62091,-1274.52124,-241.52531,890.67206,-1457.04944,-73.49545,397.26611,-1323.19983,NA,NA,NA,44.75998,76.22497,-1431.68445,NA,NA,NA
40,0.39,NA,NA,NA,NA,NA,NA,NA,NA,NA,NA,NA,NA,NA,NA,NA,NA,NA,NA,NA,NA,NA,NA,NA,NA,-73.94613,1057.2843,-1176.10315,NA,NA,NA,NA,NA,NA,-577.16638,792.64764,-1461.12842,-315.71368,1008.66376,-1213.06982,-437.94177,998.54987,-1268.84595,-247.9576,891.77026,-1452.7998,-82.17457,399.50204,-1318.68994,NA,NA,NA,40.84226,79.71108,-1428.07007,NA,NA,NA
41,0.4,NA,NA,NA,NA,NA,NA,NA,NA,NA,NA,NA,NA,NA,NA,NA,NA,NA,NA,NA,NA,NA,NA,NA,NA,-80.43238,1057.37048,-1173.79407,NA,NA,NA,NA,NA,NA,-584.87292,794.71997,-1456.14819,-322.11902,1009.98279,-1209.67859,-444.91132,1000.62689,-1261.11755,-254.61302,892.99017,-1448.36816,-89.26646,400.78619,-1313.38586,NA,NA,NA,36.32898,84.02298,-1425.40588,NA,NA,NA
42,0.41,NA,NA,NA,NA,NA,NA,NA,NA,NA,NA,NA,NA,NA,NA,NA,NA,NA,NA,NA,NA,NA,NA,NA,NA,-87.52802,1058.42053,-1166.73425,NA,NA,NA,NA,NA,NA,-592.69617,796.23883,-1449.64087,-329.26147,1012.00433,-1201.71057,-452.19858,1002.54712,-1255.65955,-261.15497,893.89899,-1443.31433,-96.04536,402.14017,-1308.4187,NA,NA,NA,30.95207,88.0658,-1421.60095,NA,NA,NA
43,0.42,NA,NA,NA,NA,NA,NA,NA,NA,NA,NA,NA,NA,NA,NA,NA,NA,NA,NA,NA,NA,NA,NA,NA,NA,-95.23647,1059.35364,-1162.0426,NA,NA,NA,NA,NA,NA,-600.55579,797.86511,-1443.30701,-335.13904,1013.06989,-1200.33447,-457.66873,1003.98334,-1249.96094,-267.56458,894.91022,-1438.2655,-106.01044,402.13318,-1300.26575,NA,NA,NA,26.5513,91.06815,-1417.45447,NA,NA,NA
44,0.43,NA,NA,NA,NA,NA,NA,NA,NA,NA,NA,NA,NA,NA,NA,NA,NA,NA,NA,NA,NA,NA,NA,NA,NA,-101.69011,1061.17395,-1158.13574,NA,NA,NA,NA,NA,NA,-608.77637,800.05078,-1437.44641,-340.7637,1013.90723,-1196.58728,-464.50589,1004.98895,-1247.45874,-273.87308,895.9278,-1433.3949,-112.22901,404.04724,-1294.56775,NA,NA,NA,20.44897,94.257,-1413.59595,NA,NA,NA
45,0.44,NA,NA,NA,NA,NA,NA,NA,NA,NA,NA,NA,NA,NA,NA,NA,NA,NA,NA,NA,NA,NA,NA,NA,NA,-108.21867,1062.22021,-1154.69763,NA,NA,NA,NA,NA,NA,-616.68597,801.92456,-1430.73267,-347.34497,1015.75153,-1192.41992,-470.70074,1007.01349,-1242.16748,-280.07031,897.25366,-1428.78784,-119.43255,405.30124,-1289.9679,NA,NA,NA,13.93808,97.44464,-1409.30237,NA,NA,NA
46,0.45,NA,NA,NA,NA,NA,NA,NA,NA,NA,NA,NA,NA,NA,NA,NA,NA,NA,NA,NA,NA,NA,NA,NA,NA,-114.74069,1063.5199,-1151.62634,NA,NA,NA,NA,NA,NA,-624.78381,804.2124,-1424.85266,-353.95755,1018.50989,-1185.20667,-476.46796,1008.19788,-1239.9751,-286.10388,898.87793,-1425.05481,-128.52383,406.31747,-1284.41272,NA,NA,NA,7.12293,101.79711,-1404.95056,NA,NA,NA
47,0.46,NA,NA,NA,NA,NA,NA,NA,NA,NA,NA,NA,NA,NA,NA,NA,NA,NA,NA,NA,NA,NA,NA,NA,NA,-120.24995,1065.11865,-1148.64404,NA,NA,NA,NA,NA,NA,-632.9032,807.03564,-1419.82605,-359.68118,1018.96771,-1182.05139,-482.25085,1010.31543,-1228.79053,-291.98386,900.22162,-1420.50879,-136.6519,406.51083,-1275.85278,NA,NA,NA,-0.85139,105.10854,-1400.41711,NA,NA,NA
48,0.47,NA,NA,NA,NA,NA,NA,NA,NA,NA,NA,NA,NA,NA,NA,NA,NA,NA,NA,NA,NA,NA,NA,NA,NA,-126.91788,1066.43689,-1145.71814,NA,NA,NA,NA,NA,NA,-640.93665,808.65314,-1412.35596,-365.57965,1020.43518,-1173.82507,-488.71552,1011.85846,-1226.49023,-297.6777,902.00549,-1416.90491,-146.3481,407.34683,-1265.88257,NA,NA,NA,-7.86057,108.99112,-1394.45947,NA,NA,NA
49,0.48,NA,NA,NA,NA,NA,NA,NA,NA,NA,NA,NA,NA,NA,NA,NA,NA,NA,NA,NA,NA,NA,NA,NA,NA,-134.09467,1068.36987,-1138.12524,NA,NA,NA,NA,NA,NA,-649.17657,810.61768,-1405.51611,-370.89429,1022.45941,-1170.31506,-495.05203,1011.71332,-1225.0072,-303.22226,903.69611,-1412.89453,-155.02632,408.1871,-1260.30884,NA,NA,NA,-18.40455,112.83942,-1388.11536,NA,NA,NA
50,0.49,NA,NA,NA,NA,NA,NA,NA,NA,NA,NA,NA,NA,NA,NA,NA,NA,NA,NA,NA,NA,NA,NA,NA,NA,-139.77864,1069.31421,-1136.24207,NA,NA,NA,NA,NA,NA,-658.89655,810.75934,-1394.52808,-376.59564,1023.36932,-1163.05688,-499.92554,1013.92444,-1218.16101,-308.64212,905.44592,-1409.48682,-165.03151,408.75693,-1252.30908,NA,NA,NA,-28.42847,118.46511,-1380.88232,NA,NA,NA
51,0.5,NA,NA,NA,NA,NA,NA,NA,NA,NA,NA,NA,NA,NA,NA,NA,NA,NA,NA,NA,NA,NA,NA,NA,NA,-146.46053,1070.30603,-1130.33228,NA,NA,NA,NA,NA,NA,-665.6908,814.22754,-1391.45496,-381.62137,1023.58905,-1160.50037,-505.39261,1012.39661,-1213.04138,-313.77048,906.91125,-1405.24524,-174.59442,410.68085,-1243.76624,NA,NA,NA,-40.31399,123.37519,-1374.85083,NA,NA,NA
52,0.51,NA,NA,NA,NA,NA,NA,NA,NA,NA,NA,NA,NA,NA,NA,NA,NA,NA,NA,NA,NA,NA,NA,NA,NA,-151.92708,1071.45044,-1125.48132,NA,NA,NA,-142.76375,830.14282,-1087.45264,-674.89954,814.73676,-1380.88,-386.71399,1024.44897,-1154.27551,-509.76505,1013.81024,-1209.99463,-318.79953,908.78363,-1401.9812,-185.02812,410.65228,-1232.82825,NA,NA,NA,-50.49964,130.02704,-1368.95569,NA,NA,NA
53,0.52,NA,NA,NA,NA,NA,NA,NA,NA,NA,NA,NA,NA,NA,NA,NA,NA,NA,NA,NA,NA,NA,NA,NA,NA,-157.37167,1072.96375,-1121.84314,NA,NA,NA,-147.92986,831.133,-1084.73145,-681.63599,818.27045,-1377.56201,-391.66522,1026.18884,-1152.52905,-515.12854,1014.99139,-1203.99976,-323.5083,910.04993,-1397.46057,-196.19121,412.83438,-1223.10522,NA,NA,NA,-61.89175,135.62701,-1364.96033,NA,NA,NA
54,0.53,NA,NA,NA,NA,NA,NA,NA,NA,NA,NA,NA,NA,NA,NA,NA,NA,NA,NA,NA,NA,NA,NA,NA,NA,-162.53316,1074.40686,-1117.82043,NA,NA,NA,-153.10431,832.12659,-1082.01697,-690.65802,818.84143,-1367.32214,-396.26422,1026.68445,-1148.64893,-519.49829,1015.59613,-1199.2666,-328.01691,911.49921,-1392.96143,-208.25632,412.93607,-1213.42969,NA,NA,NA,-74.20142,140.48969,-1356.34167,NA,NA,NA
55,0.54,NA,NA,NA,NA,NA,NA,NA,NA,NA,NA,NA,NA,NA,NA,NA,NA,NA,NA,-437.22263,1294.04224,-1192.34119,NA,NA,NA,-167.12303,1075.21606,-1113.70544,NA,NA,NA,-159.10535,832.83551,-1075.85461,-698.38104,820.53162,-1359.98645,-400.63293,1028.04138,-1143.49792,-523.83716,1015.85449,-1197.43958,-332.47952,913.27679,-1389.65222,-220.49776,413.99924,-1200.521,NA,NA,NA,-86.09081,144.87576,-1348.50378,NA,NA,NA
56,0.55,NA,NA,NA,NA,NA,NA,NA,NA,NA,NA,NA,NA,NA,NA,NA,NA,NA,NA,-441.86273,1294.98865,-1187.50232,NA,NA,NA,-170.41092,1075.85559,-1114.35034,NA,NA,NA,-163.70584,832.22864,-1070.92249,-706.31213,822.85504,-1352.78467,-405.5101,1029.62354,-1139.62695,-528.94916,1017.58563,-1190.31592,-336.90628,914.78284,-1385.88855,-232.81046,415.02423,-1188.93091,NA,NA,NA,-97.78754,149.12589,-1340.38208,NA,NA,NA
57,0.56,NA,NA,NA,NA,NA,NA,NA,NA,NA,NA,NA,NA,NA,NA,NA,NA,NA,NA,-446.13297,1295.03467,-1182.59973,NA,NA,NA,-174.82462,1077.44666,-1108.83765,NA,NA,NA,-166.66692,835.29004,-1069.39258,-714.08978,823.46729,-1343.5448,-410.36758,1030.51733,-1136.07434,-532.70685,1016.67096,-1190.77197,-341.00455,916.32996,-1381.42554,-243.82202,416.62891,-1177.37561,NA,NA,NA,-109.67027,152.46933,-1331.87439,NA,NA,NA
58,0.57,NA,NA,NA,NA,NA,NA,NA,NA,NA,NA,NA,NA,NA,NA,NA,NA,NA,NA,-452.15506,1296.37219,-1178.02356,NA,NA,NA,-179.9511,1078.51318,-1104.38452,NA,NA,NA,-170.1617,835.07349,-1068.02881,-720.41663,827.31989,-1340.5675,-414.24231,1031.4718,-1130.98718,-537.40753,1018.99982,-1181.29199,-345.00168,917.78387,-1377.20483,-254.66441,417.31549,-1165.43787,NA,NA,NA,-122.13965,155.03424,-1320.99341,NA,NA,NA
59,0.58,NA,NA,NA,NA,NA,NA,NA,NA,NA,NA,NA,NA,NA,NA,NA,NA,NA,NA,-456.59766,1297.39136,-1173.24939,NA,NA,NA,-184.66673,1079.46887,-1100.99597,NA,NA,NA,-174.26953,836.12634,-1062.38818,-728.7403,827.94666,-1329.58374,-418.15927,1033.03174,-1126.08862,-541.2251,1018.85754,-1179.83875,-348.73215,919.28357,-1372.72656,-266.44397,419.06693,-1152.88391,NA,NA,NA,-134.11057,158.14731,-1311.95715,NA,NA,NA
60,0.59,NA,NA,NA,NA,NA,NA,NA,NA,NA,NA,NA,NA,NA,NA,NA,NA,NA,NA,-460.74814,1298.59314,-1168.23169,NA,NA,NA,-188.29657,1080.49866,-1097.10474,NA,NA,NA,-178.18329,837.91235,-1059.70679,-735.17273,830.48914,-1323.86047,-422.78455,1034.05432,-1122.80603,-544.18011,1020.18488,-1170.21533,-352.44757,920.21234,-1367.90637,-277.246,419.62808,-1140.25488,NA,NA,NA,-146.79242,160.63852,-1300.86975,NA,NA,NA
61,0.6,NA,NA,NA,NA,NA,NA,NA,NA,NA,NA,NA,NA,NA,NA,NA,NA,NA,NA,-466.02423,1300.20239,-1163.76306,NA,NA,NA,-192.33716,1080.84448,-1093.09924,NA,NA,NA,-179.50215,838.17834,-1057.81995,-742.06128,831.63385,-1315.08813,-426.61166,1035.23718,-1117.91956,-549.83838,1020.51056,-1172.81689,-356.07953,921.34564,-1363.46716,-288.05914,420.06512,-1126.80896,NA,NA,NA,-160.12717,162.43361,-1286.90393,NA,NA,NA
62,0.61,NA,NA,NA,NA,NA,NA,NA,NA,NA,NA,NA,NA,NA,NA,NA,NA,NA,NA,-469.50217,1300.08533,-1158.64453,NA,NA,NA,-196.09378,1081.13928,-1091.42371,NA,NA,NA,-183.88283,839.11725,-1053.18982,-749.53357,833.61621,-1306.70667,-430.81763,1036.10681,-1113.9696,-553.86188,1020.16272,-1169.91687,-359.6142,922.47681,-1359.15369,-299.56287,421.22232,-1112.52905,NA,NA,NA,-174.54439,164.37529,-1275.36584,NA,NA,NA
63,0.62,NA,NA,NA,NA,NA,NA,NA,NA,NA,NA,NA,NA,NA,NA,NA,NA,NA,NA,-474.3508,1300.66296,-1154.13818,NA,NA,NA,-200.45102,1082.46106,-1084.62366,NA,NA,NA,-184.76488,840.16797,-1053.46448,-756.06195,835.42505,-1299.4978,-434.77069,1036.34668,-1110.70276,-557.18146,1021.51019,-1164.31348,-363.16641,923.36334,-1354.46851,-310.03864,421.98224,-1099.396,NA,NA,NA,-188.26953,165.35161,-1261.38977,NA,NA,NA
64,0.63,NA,NA,NA,NA,NA,NA,NA,NA,NA,NA,NA,NA,NA,NA,NA,NA,NA,NA,-478.74307,1300.90198,-1148.98914,NA,NA,NA,-205.18478,1083.4248,-1080.3446,NA,NA,NA,-185.90782,840.3092,-1051.38623,-761.76483,837.55292,-1292.85852,-438.80078,1037.5481,-1106.72192,-561.69525,1022.01337,-1161.51331,-366.617,924.18506,-1349.92725,-321.16962,423.41199,-1083.58948,NA,NA,NA,-203.10184,165.32626,-1247.7085,NA,NA,NA
65,0.64,NA,NA,NA,NA,NA,NA,NA,NA,NA,NA,NA,NA,NA,NA,NA,NA,NA,NA,-483.06314,1301.48669,-1143.97339,NA,NA,NA,-207.47256,1082.72009,-1080.54053,NA,NA,NA,-188.8327,841.82208,-1046.66248,-769.45868,838.6684,-1283.18689,-441.88904,1037.53906,-1098.50232,-565.31592,1023.62006,-1151.07349,-370.01419,924.83936,-1345.0658,-331.8913,425.55466,-1066.85425,NA,NA,NA,-218.08926,165.81818,-1231.29663,NA,NA,NA
66,0.65,NA,NA,NA,NA,NA,NA,NA,NA,NA,NA,NA,NA,NA,NA,NA,NA,NA,NA,-485.35864,1301.60327,-1138.74695,NA,NA,NA,-211.47578,1083.79688,-1074.75964,NA,NA,NA,-189.30374,842.43817,-1046.71436,-775.5451,840.86572,-1276.36804,-446.92001,1037.59558,-1094.79138,-569.0705,1022.88092,-1147.53076,-373.29971,925.83331,-1340.74011,-342.53229,427.1835,-1052.54553,NA,NA,NA,-232.38893,165.84641,-1217,NA,NA,NA
67,0.66,NA,NA,NA,NA,NA,NA,NA,NA,NA,NA,NA,NA,NA,NA,NA,NA,NA,NA,-490.8454,1302.40125,-1133.72217,NA,NA,NA,-214.62338,1084.41785,-1070.79163,NA,NA,NA,-189.35147,843.01337,-1045.74939,-781.49182,841.85834,-1268.30225,-450.33173,1038.1969,-1091.24109,-572.75555,1023.10327,-1140.25647,-376.56833,926.62146,-1336.36084,-352.37204,430.43567,-1038.26892,NA,NA,NA,-246.42162,165.37611,-1201.39563,NA,NA,NA
68,0.67,NA,NA,NA,NA,NA,NA,NA,NA,NA,NA,NA,NA,NA,NA,NA,NA,NA,NA,-495.07056,1302.35889,-1128.24951,NA,NA,NA,-217.42912,1084.14929,-1069.49341,NA,NA,NA,-191.5596,842.65692,-1041.45654,-786.96246,843.94159,-1262.39282,-454.18442,1038.21545,-1087.14807,-575.78308,1021.61462,-1137.02295,-379.83307,927.17914,-1331.37573,-362.01727,433.11069,-1024.28906,NA,NA,NA,-261.2757,163.16745,-1185.18311,NA,NA,NA
69,0.68,NA,NA,NA,NA,NA,NA,NA,NA,NA,NA,NA,NA,NA,NA,NA,NA,NA,NA,-499.59714,1302.6167,-1122.99683,NA,NA,NA,-221.6129,1085.23145,-1063.32153,NA,NA,NA,-193.11859,843.0387,-1037.64929,-793.73175,844.74182,-1253.34717,-456.61932,1038.18042,-1078.53406,-579.87695,1021.28558,-1135.97217,-382.94888,927.58673,-1325.68982,-373.03833,436.24918,-1009.81348,NA,NA,NA,-276.01105,161.34938,-1169.90271,NA,NA,NA
70,0.69,NA,NA,NA,NA,NA,NA,NA,NA,NA,NA,NA,NA,NA,NA,NA,NA,NA,NA,-503.46365,1302.38867,-1118.16699,NA,NA,NA,-222.42352,1085.10742,-1063.12439,NA,NA,NA,-193.11859,843.0387,-1037.64929,-799.27417,845.96271,-1245.78955,-461.86288,1038.22217,-1074.8363,-582.98145,1021.88708,-1125.40918,-386.19254,927.65198,-1319.79028,-380.68271,441.02853,-998.70923,NA,NA,NA,-290.54141,158.10982,-1154.16516,NA,NA,NA
71,0.7,-612.33197,1540.0127,-1041.72485,NA,NA,NA,NA,NA,NA,NA,NA,NA,NA,NA,NA,NA,NA,NA,-508.02612,1302.17664,-1113.04321,NA,NA,NA,-225.37607,1085.56897,-1058.94592,NA,NA,NA,-194.73601,841.87738,-1033.33643,-805.4422,847.06134,-1238.21411,-464.78879,1037.15393,-1070.13184,-588.07983,1020.64673,-1119.08521,-389.37006,928.28577,-1314.97034,-388.6954,444.73788,-986.79126,NA,NA,NA,-304.92188,155.39912,-1137.98645,NA,NA,NA
72,0.71,-616.04932,1539.62402,-1034.73425,NA,NA,NA,NA,NA,NA,NA,NA,NA,NA,NA,NA,NA,NA,NA,-512.46173,1302.01038,-1106.80994,NA,NA,NA,-227.17548,1085.18994,-1055.78052,NA,NA,NA,-194.73601,841.87738,-1033.33643,-810.59686,847.44446,-1230.01624,-468.57379,1037.9679,-1062.6073,-590.61658,1020.43298,-1113.86145,-392.66425,928.85107,-1310.36597,-396.6413,448.18533,-975.48553,NA,NA,NA,-318.63419,152.41583,-1121.54846,NA,NA,NA
73,0.72,-619.71545,1539.15015,-1027.94434,NA,NA,NA,NA,NA,NA,NA,NA,NA,NA,NA,NA,NA,NA,NA,-515.77985,1301.30481,-1100.99194,NA,NA,NA,-229.15088,1084.72937,-1052.83704,NA,NA,NA,-194.81033,842.42047,-1032.5105,-815.94586,847.87048,-1222.4613,-471.89313,1038.21069,-1058.0907,-594.57422,1020.95782,-1109.19946,-395.91742,928.66418,-1304.44482,-404.99899,450.86072,-964.29779,NA,NA,NA,-332.97189,147.86292,-1105.49231,NA,NA,NA
74,0.73,-623.37958,1538.52637,-1020.69275,NA,NA,NA,NA,NA,NA,-649.67377,1408.63086,-1215.13831,NA,NA,NA,NA,NA,NA,-520.29492,1301.47302,-1095.8634,NA,NA,NA,-231.82652,1084.15332,-1050.07666,NA,NA,NA,-196.26205,843.30731,-1027.51624,-820.50488,848.35675,-1215.13159,-476.99985,1036.66187,-1054.9801,-597.40234,1019.19934,-1102.92896,-398.92883,928.97382,-1298.64856,-412.25394,453.17139,-956.05084,NA,NA,NA,-348.08661,143.58109,-1087.98669,NA,NA,NA
75,0.74,-626.80896,1538.18787,-1013.74829,NA,NA,NA,NA,NA,NA,-653.83752,1408.49329,-1210.09021,NA,NA,NA,NA,NA,NA,-523.84631,1300.77246,-1088.79675,NA,NA,NA,-233.92278,1083.89258,-1046.77271,NA,NA,NA,-198.35339,843.86139,-1024.80957,-825.41595,848.71448,-1207.71643,-480.81061,1035.9469,-1049.02869,-601.44208,1019.2146,-1098.44299,-401.82611,928.95825,-1292.63416,-419.32538,454.66101,-946.49805,NA,NA,NA,-363.87872,136.55974,-1069.72754,NA,NA,NA
76,0.75,-630.2088,1537.5946,-1006.51398,NA,NA,NA,NA,NA,NA,-657.02496,1408.71948,-1203.94397,NA,NA,NA,NA,NA,NA,-528.06702,1300.28467,-1083.50354,NA,NA,NA,-236.90282,1083.82178,-1040.75854,NA,NA,NA,-198.48967,844.22919,-1024.47351,-830.28851,849.42157,-1200.96753,-484.47198,1036.22192,-1041.29297,-605.97266,1019.06256,-1092.46802,-404.49875,928.63245,-1285.82532,-426.64816,456.0589,-938.02576,NA,NA,NA,-378.37137,130.7511,-1052.39795,NA,NA,NA
77,0.76,-633.61505,1536.79761,-998.953,NA,NA,NA,NA,NA,NA,-660.97772,1408.39636,-1197.83203,NA,NA,NA,NA,NA,NA,-532.66022,1299.64087,-1077.00708,NA,NA,NA,-238.25755,1083.31384,-1037.66577,NA,NA,NA,-198.40572,844.51202,-1023.72626,-834.16205,848.77228,-1192.87231,-488.96158,1036.17944,-1037.00952,-609.56616,1018.84906,-1087.11304,-407.35226,928.69849,-1280.82275,-432.41156,456.36066,-930.93982,NA,NA,NA,-392.00427,125.49414,-1035.43506,NA,NA,NA
78,0.77,-637.034,1535.6593,-991.08203,NA,NA,NA,NA,NA,NA,-665.20605,1407.41565,-1191.71216,NA,NA,NA,NA,NA,NA,-535.59052,1298.59912,-1070.55627,NA,NA,NA,-241.0314,1082.5896,-1033.20593,NA,NA,NA,-199.77043,841.90015,-1017.95728,-838.79279,848.5755,-1185.13684,-492.53769,1035.8103,-1028.30115,-614.27209,1018.19385,-1082.75659,-410.05435,928.05157,-1273.70667,-439.38281,456.44928,-925.01392,NA,NA,NA,-406.05405,117.98315,-1017.58942,NA,NA,NA
79,0.78,-640.23468,1534.88159,-983.89392,NA,NA,NA,NA,NA,NA,-668.96973,1407.03052,-1185.16577,NA,NA,NA,NA,NA,NA,-539.99927,1297.48706,-1063.66443,NA,NA,NA,-241.77466,1082.88184,-1027.25781,NA,NA,NA,-200.51959,842.17828,-1016.55023,-842.83716,848.68909,-1178.92334,-497.11707,1033.6814,-1025.02441,-617.67261,1016.85101,-1076.65027,-412.79993,927.74091,-1267.59448,-445.55209,455.07745,-919.48743,NA,NA,NA,-418.33508,112.63839,-999.31036,NA,NA,NA
80,0.79,-643.50763,1533.54309,-975.60944,NA,NA,NA,NA,NA,NA,-673.0896,1405.79871,-1178.62231,NA,NA,NA,NA,NA,NA,-544.86713,1296.46985,-1057.12732,NA,NA,NA,-244.16464,1082.48792,-1022.40625,NA,NA,NA,-203.25082,842.34845,-1011.99738,-846.078,848.17822,-1172.40369,-502.63641,1034.18152,-1018.93201,-620.68219,1016.04413,-1072.07959,-415.57141,927.09918,-1260.89807,-451.22415,454.3638,-914.86835,NA,NA,NA,-435.47974,103.65273,-976.27747,NA,NA,NA
81,0.8,-646.75812,1532.26501,-967.81787,NA,NA,NA,NA,NA,NA,-676.96082,1405.13782,-1172.67139,NA,NA,NA,NA,NA,NA,-547.83282,1295.92798,-1051.77942,-499.20007,1406.96497,-1218.47131,-246.3302,1081.57312,-1018.36621,NA,NA,NA,-203.18588,841.11963,-1011.29114,-850.16821,847.38281,-1164.48474,-506.77942,1032.08569,-1010.21631,-625.27527,1014.58337,-1065.17944,-418.35977,926.30902,-1253.94434,-455.85629,452.11902,-911.6731,NA,NA,NA,-450.0542,98.59608,-956.81201,NA,NA,NA
82,0.81,-649.81573,1531.22083,-960.23889,-549.44965,1465.97681,-864.60291,NA,NA,NA,-680.7915,1404.12378,-1165.56067,NA,NA,NA,NA,NA,NA,-552.80084,1295.01489,-1045.42041,-503.13687,1405.7522,-1211.66699,-250.31935,1079.81213,-1015.50964,NA,NA,NA,-204.50725,839.35547,-1006.69373,-854.34418,846.92273,-1157.65112,-510.34378,1031.43005,-1005.36255,-630.32373,1014.75439,-1060.66516,-421.31415,925.34888,-1247.01392,-460.07242,450.6265,-908.74963,NA,NA,NA,-465.64731,91.30912,-934.27557,NA,NA,NA
83,0.82,-653.07123,1529.66589,-951.88391,-552.03137,1465.58362,-857.21729,-383.68445,1420.9624,-1032.99524,NA,NA,NA,NA,NA,NA,NA,NA,NA,-555.29791,1292.75525,-1037.48901,-506.69635,1404.88867,-1204.35889,-252.82144,1078.58984,-1010.67993,NA,NA,NA,-206.69597,839.0116,-1002.42676,-857.46002,846.008,-1151.48413,-515.64008,1028.46289,-998.7486,-634.06177,1012.79895,-1053.71436,-424.29993,924.42242,-1239.95557,-464.36505,447.85944,-907.06787,NA,NA,NA,-477.45343,87.70247,-914.18433,NA,NA,NA
84,0.83,-656.0871,1528.29675,-943.72955,NA,NA,NA,NA,NA,NA,NA,NA,NA,NA,NA,NA,-688.5542,1401.48755,-1152.21484,-561.32343,1291.8551,-1031.62939,-510.50284,1403.38098,-1197.5835,-256.04761,1077.48059,-1005.83972,NA,NA,NA,-208.33246,838.41296,-1001.43433,-860.50934,844.22314,-1143.71008,-519.94446,1027.56848,-991.81726,-638.33612,1010.5163,-1048.39966,-427.49747,923.16852,-1232.53125,-467.0882,444.83737,-904.90619,NA,NA,NA,-489.20529,85.70493,-895.22015,NA,NA,NA
85,0.84,-659.12018,1526.54993,-935.44458,NA,NA,NA,NA,NA,NA,NA,NA,NA,-392.02246,1418.39648,-1019.71912,-692.91296,1398.85388,-1144.38171,-564.4848,1289.65796,-1023.03687,-514.12091,1401.72852,-1189.37622,-258.38135,1076.23706,-999.13751,NA,NA,NA,-209.43144,836.45831,-996.646,-864.07086,842.67474,-1136.06006,-524.24768,1025.20898,-983.7522,-641.89813,1008.78485,-1040.68518,-430.72452,922.35144,-1225.81274,-470.76416,441.63904,-903.55957,NA,NA,NA,-501.05353,85.48872,-876.07672,NA,NA,NA
86,0.85,-662.00153,1525.11096,-926.92596,NA,NA,NA,NA,NA,NA,NA,NA,NA,-395.97675,1416.26526,-1012.01141,-696.08057,1398.66235,-1138.44995,-569.03143,1288.00879,-1016.73486,-517.6593,1400.40942,-1181.91736,-259.93558,1075.03711,-991.63959,NA,NA,NA,-211.49873,835.74615,-992.77985,-866.83392,841.23694,-1130.08923,-529.17798,1023.45831,-976.52423,-646.51581,1006.52332,-1033.50195,-434.21686,920.91382,-1218.54822,-476.3584,438.14673,-899.56769,NA,NA,NA,-512.789,85.82606,-858.08899,NA,NA,NA
87,0.86,-664.93805,1523.31165,-918.78833,-560.42627,1458.83032,-824.98254,NA,NA,NA,NA,NA,NA,-400.22406,1414.26318,-1004.83649,-701.29559,1396.20459,-1129.85535,-572.82648,1286.43616,-1008.66541,-521.29669,1398.60034,-1174.24133,-262.92346,1074.12866,-986.3584,NA,NA,NA,-214.35304,834.09961,-985.67157,-869.91888,839.38074,-1123.34973,-533.62982,1021.60101,-968.12286,-650.66547,1004.9231,-1027.22791,-437.5813,919.32642,-1210.69238,-481.86145,435.10294,-895.37775,NA,NA,NA,-525.17285,88.11738,-839.487,NA,NA,NA
88,0.87,-667.90405,1521.38477,-910.15363,-562.50793,1456.44446,-816.07288,NA,NA,NA,NA,NA,NA,-404.02521,1413.26343,-997.0625,-703.65265,1394.86011,-1123.41663,-576.70758,1284.00952,-1000.39673,-524.9129,1396.54688,-1165.85852,-267.00391,1070.91125,-981.6687,NA,NA,NA,-214.01677,833.53741,-985.85162,-873.57709,837.33234,-1115.6272,-537.87354,1018.78864,-963.49042,-657.73706,1003.77789,-1019.06915,-441.32953,917.26807,-1203.3717,-488.46829,432.94406,-889.87451,NA,NA,NA,-536.6618,90.18431,-821.78613,NA,NA,NA
89,0.88,-670.75793,1519.67212,-901.22668,-564.92957,1455.41992,-807.90167,NA,NA,NA,NA,NA,NA,-408.32379,1410.81909,-988.43274,-707.75757,1391.48804,-1114.86267,-581.67059,1281.82825,-993.47968,-528.6308,1394.65686,-1157.68762,-269.79761,1069.31042,-973.73059,NA,NA,NA,-215.13397,831.15973,-981.92395,-876.16174,836.12427,-1110.41675,-541.8089,1016.20148,-954.38257,-659.94427,1000.66254,-1011.76178,-444.94482,915.26648,-1195.24487,-494.86694,430.97406,-884.24646,NA,NA,NA,-548.19775,92.06104,-803.11633,NA,NA,NA
90,0.89,-673.67523,1517.6571,-892.19263,-566.85352,1453.02722,-799.32288,NA,NA,NA,NA,NA,NA,-412.49738,1408.24512,-980.34625,-712.10986,1389.48108,-1107.02881,-585.80933,1280.55286,-986.02527,-532.35425,1392.37585,-1149.36169,-273.33685,1067.1062,-967.28223,NA,NA,NA,-216.92255,829.43726,-976.45624,-879.04956,833.60211,-1102.72119,-545.07843,1014.54401,-944.16785,-662.78998,997.24689,-1003.76538,-448.69202,913.99713,-1188.43921,-500.27887,430.32474,-878.86078,NA,NA,NA,-557.70178,94.85392,-787.72852,NA,NA,NA
91,0.9,-676.63092,1515.65186,-883.18018,NA,NA,NA,NA,NA,NA,NA,NA,NA,-416.62399,1405.99231,-971.1875,-715.86749,1387.56885,-1099.03357,-590.49811,1277.89734,-977.20648,-536.00073,1390.27502,-1141.24683,-276.53391,1065.21411,-960.18982,NA,NA,NA,-216.69962,828.99371,-973.22949,-882.33624,831.72308,-1095.59033,-550.21014,1011.81628,-938.01294,-666.49762,995.112,-995.86908,-452.65323,911.74823,-1180.48108,-507.1933,428.41498,-871.55261,NA,NA,NA,-567.24512,97.36617,-771.15479,NA,NA,NA
92,0.91,-679.49371,1513.75854,-874.05103,-572.3606,1449.33228,-782.55042,NA,NA,NA,NA,NA,NA,-419.95834,1403.27515,-962.27094,-719.61792,1385.1665,-1090.72424,-594.59558,1275.81116,-968.39551,-539.51801,1388.24487,-1132.50854,-278.21893,1062.96619,-954.14423,NA,NA,NA,-218.79686,827.10632,-968.20032,-884.42938,829.88965,-1090.18567,-553.93506,1009.00836,-930.45514,-671.28754,993.05176,-988.42865,-456.50403,909.3623,-1171.88318,-512.8114,426.97092,-863.57886,NA,NA,NA,-576.19916,98.96706,-755.16907,NA,NA,NA
93,0.92,-682.3844,1511.72876,-864.35577,-573.76794,1447.65442,-773.7373,NA,NA,NA,NA,NA,NA,-424.1644,1400.86121,-954.3999,-723.35651,1382.98572,-1082.51855,-597.98236,1272.70898,-960.25226,-543.21539,1386.08972,-1123.99695,-279.97702,1062.01746,-945.14783,NA,NA,NA,-219.69501,824.04279,-962.2113,-887.78149,827.06049,-1083.46558,-557.31885,1007.04279,-921.79547,-674.91888,990.26947,-980.11902,-460.31396,907.73425,-1164.44739,-518.26013,426.02121,-854.94165,NA,NA,NA,-584.87305,100.44094,-738.11377,NA,NA,NA
94,0.93,-685.23639,1510.01892,-855.24078,NA,NA,NA,NA,NA,NA,NA,NA,NA,-427.65552,1398.2417,-942.90308,-726.89886,1380.68799,-1073.74756,-601.65491,1271.2793,-951.78772,-546.29297,1383.93909,-1114.97156,-283.51031,1058.27417,-939.08728,-815.80554,1056.81348,-1141.57959,-218.91861,823.91095,-960.50696,-892.90002,825.25409,-1076.47266,-561.90582,1004.04553,-912.45007,-678.85925,987.73962,-972.00348,-464.26642,904.91547,-1155.26831,-523.74176,425.03363,-845.36554,NA,NA,NA,-586.87433,102.82323,-724.48102,NA,NA,NA
95,0.94,NA,NA,NA,NA,NA,NA,NA,NA,NA,NA,NA,NA,-431.3663,1395.64954,-934.70288,-730.46698,1378.23047,-1064.67822,-606.15753,1268.56616,-942.43634,-550.33643,1381.91492,-1105.44751,-286.95621,1056.74146,-929.9798,-818.77972,1055.51001,-1136.20447,-220.24039,822.24969,-953.12018,-892.94592,822.36676,-1069.3158,-566.42047,1001.81726,-904.68835,-682.85065,984.78387,-963.64954,-468.00049,903.1272,-1147.17896,-528.79327,422.99518,-834.01245,NA,NA,NA,-589.3598,104.75256,-709.93951,NA,NA,NA
96,0.95,NA,NA,NA,NA,NA,NA,NA,NA,NA,-691.43127,1506.3501,-835.25824,-435.57852,1393.24512,-926.46783,-733.58856,1376.33691,-1056.25244,-610.33234,1266.23511,-934.18127,-553.86115,1380.01306,-1096.63721,-287.9126,1054.87756,-923.75287,-820.46558,1053.95557,-1131.21509,-221.58336,820.53607,-945.85852,-895.80042,820.24713,-1062.87231,-571.45892,999.15845,-898.68115,-687.05463,983.40265,-955.58478,-471.79199,900.961,-1137.91455,-532.81958,421.35983,-823.23248,NA,NA,NA,-594.13568,104.44773,-693.74683,NA,NA,NA
97,0.96,NA,NA,NA,NA,NA,NA,NA,NA,NA,-693.42426,1504.06653,-825.0639,-439.30933,1390.22253,-914.6546,-737.80627,1374.84021,-1047.2699,-615.49078,1264.07556,-924.7157,-556.68994,1378.15259,-1088.13501,-290.63281,1052.37292,-917.10242,-823.36395,1052.15698,-1123.5072,-223.17998,819.02435,-938.9809,-897.35687,817.48792,-1055.64856,-575.65125,997.09912,-886.05542,-691.23975,981.05841,-946.89117,-475.69052,898.87714,-1129.07446,-536.93506,419.43814,-812.84943,NA,NA,NA,-598.79291,105.6084,-678.74762,NA,NA,NA
98,0.97,NA,NA,NA,NA,NA,NA,NA,NA,NA,-696.27405,1502.30383,-815.10706,-443.35129,1387.69214,-904.71832,-741.48425,1372.93115,-1037.97107,-618.37488,1261.69824,-915.80225,-560.60437,1375.8136,-1076.86243,-293.10571,1050.42896,-908.21265,-826.55267,1050.97998,-1116.19788,-223.27028,818.20111,-935.24677,-899.56207,815.10223,-1048.83386,-580.17963,994.86792,-876.98083,-695.56897,978.29126,-938.38202,-479.57022,896.2887,-1118.77722,-540.97375,417.55417,-802.04645,NA,NA,NA,-603.05408,106.03754,-667.15247,NA,NA,NA
99,0.98,NA,NA,NA,NA,NA,NA,NA,NA,NA,-698.17603,1499.8175,-804.72296,-446.68265,1385.64685,-894.9884,-745.09863,1371.53638,-1028.71594,-621.96582,1260.1571,-905.59741,-564.20825,1373.96008,-1067.59998,-296.16138,1048.35742,-899.80981,-829.18781,1048.82288,-1107.52197,-224.73132,816.96826,-926.16718,-901.29987,812.59393,-1042.96643,-586.08942,991.16663,-870.6214,-700.33533,976.13635,-929.59082,-483.41025,894.62018,-1110.21497,-545.27789,415.59,-789.40808,NA,NA,NA,-607.43835,105.84103,-654.51917,NA,NA,NA
100,0.99,NA,NA,NA,NA,NA,NA,NA,NA,NA,-702.20117,1499.28833,-794.5506,-450.8364,1383.85925,-886.12299,-748.72504,1370.47571,-1019.61823,-626.18481,1257.81128,-895.8783,-567.20184,1372.19226,-1057.5592,-298.99677,1046.87512,-891.20294,-831.85162,1047.61035,-1099.22205,-226.44885,815.53986,-919.53363,-902.70306,810.48035,-1037.09082,-590.36438,990.17505,-859.92926,-706.23303,974.95721,-921.19641,-487.24384,892.76495,-1100.27112,-549.11188,413.77176,-778.77551,NA,NA,NA,-610.91504,105.52666,-645.24939,NA,NA,NA
101,1,NA,NA,NA,NA,NA,NA,NA,NA,NA,-704.9071,1497.94739,-783.75891,-454.07388,1382.23755,-876.16791,-752.24066,1368.90369,-1009.30011,-630.72504,1256.76013,-887.12183,-571.30774,1371.02051,-1047.65344,-301.30988,1045.4425,-882.38934,-833.9057,1046.03503,-1090.4989,-226.36621,814.79175,-913.85339,-904.64886,807.97253,-1030.83484,-594.10352,989.0014,-849.92993,-710.29559,972.79218,-912.16815,-491.1308,890.79352,-1089.28296,-552.16559,413.97357,-767.10437,NA,NA,NA,-613.62012,104.27727,-637.60382,NA,NA,NA
102,1.01,NA,NA,NA,NA,NA,NA,NA,NA,NA,-706.185,1496.05872,-772.63269,-457.59933,1380.52148,-865.99646,-756.07782,1368.58618,-1000.297,-634.33435,1255.65344,-877.33911,-574.24127,1370.86182,-1039.05432,-304.83719,1044.1394,-873.18964,-836.39526,1044.91724,-1081.98889,-230.11154,813.1806,-905.05756,-905.57312,805.47137,-1024.56531,-599.69482,986.98535,-838.94049,-714.29895,971.02826,-902.49829,-495.0827,890.2821,-1080.81396,-557.40546,414.59702,-754.88324,-688.50555,484.65436,-1206.09399,-617.11517,102.06728,-630.70349,NA,NA,NA
103,1.02,NA,NA,NA,NA,NA,NA,NA,NA,NA,-707.86719,1495.6355,-761.68164,-461.21399,1379.21765,-856.54224,-759.35065,1368.25061,-989.87695,-637.95343,1254.99341,-866.97809,-577.6153,1368.89233,-1027.78479,-308.293,1042.30237,-864.74139,-838.41687,1044.16553,-1073.448,-230.15524,814.20441,-897.4234,-906.58679,803.94037,-1019.16101,-605.46039,986.3111,-832.66125,-719.90765,969.90277,-893.11682,-499.28464,889.17072,-1069.62854,-562.35083,416.6467,-742.19543,-690.86444,483.7688,-1197.74304,-619.76526,99.54422,-623.35718,-632.57214,59.03955,-1292.10681
104,1.03,NA,NA,NA,NA,NA,NA,NA,NA,NA,-712.53149,1495.98083,-750.97443,-463.71802,1378.34265,-846.15778,-763.49268,1368.26514,-979.79944,-642.13611,1255.01135,-857.35663,-581.14282,1369.41223,-1018.69043,-311.0925,1042.1416,-854.78479,-840.67926,1043.81348,-1064.29248,-234.82268,812.99677,-884.3692,-907.99506,802.16724,-1013.61243,-608.87878,986.76056,-819.04437,-724.54651,968.98334,-882.96948,-503.91278,889.42096,-1060.44592,-565.73297,419.25363,-729.17957,-694.91577,483.0126,-1187.24133,-623.14728,95.2076,-619.4494,NA,NA,NA
105,1.04,NA,NA,NA,NA,NA,NA,NA,NA,NA,-714.82208,1495.30994,-740.49536,-467.83316,1378.34229,-836.89764,-766.86853,1368.74365,-969.24329,-645.61792,1255.75427,-848.23627,-586.013,1370.32837,-1008.08716,-313.64502,1041.94214,-845.43005,-842.62396,1043.73535,-1055.08752,-235.56743,813.36938,-880.25409,-908.55048,800.5672,-1007.96533,-612.7038,987.05988,-810.06775,-729.00507,969.28503,-872.30042,-508.63214,889.72437,-1051.03027,-570.18445,421.64459,-716.54199,-699.1109,482.48325,-1175.8136,-625.71887,91.10072,-616.23865,NA,NA,NA
106,1.05,NA,NA,NA,NA,NA,NA,NA,NA,NA,-715.58032,1494.47412,-729.85046,-470.63297,1378.69202,-828.2254,-770.91223,1370.13757,-959.55499,-648.61725,1255.43372,-837.21704,-588.97833,1370.7782,-999.71552,-315.98077,1042.70227,-835.57764,-844.39197,1044.15735,-1045.2251,-239.203,813.45294,-867.71582,-909.18365,799.63763,-1002.06213,-616.53455,987.90088,-799.65057,-731.92822,968.74243,-861.47473,-513.41949,890.26288,-1040.83252,-574.83203,423.37192,-703.76514,-702.89191,483.7128,-1166.51416,-626.18878,88.75612,-612.41187,NA,NA,NA
107,1.06,NA,NA,NA,NA,NA,NA,NA,NA,NA,-718.10828,1493.81738,-719.46545,-473.9866,1379.41577,-819.32935,-774.46802,1370.8114,-948.85217,-652.71143,1257.27808,-827.62891,-592.78027,1372.40332,-991.05969,-321.35898,1042.18115,-826.11304,-845.86273,1044.86182,-1034.85986,-240.16336,814.34808,-861.9657,-910.22876,799.93652,-997.02106,-619.69873,990.68127,-789.48877,-736.25006,970.7467,-850.01727,-518.40088,890.80988,-1030.45642,-577.76654,425.46063,-691.63373,-707.71442,484.36646,-1153.46277,-627.57758,85.3281,-610.35559,NA,NA,NA
108,1.07,NA,NA,NA,NA,NA,NA,NA,NA,NA,-722.48322,1495.54761,-710.0343,-476.86777,1380.92798,-809.92279,-777.88489,1372.22778,-938.4137,-655.94312,1258.69238,-817.87976,-597.0733,1373.19714,-980.15436,-323.07175,1044.37463,-817.01654,-847.83051,1045.86584,-1024.58386,-243.78705,816.92133,-850.88708,-910.88123,799.73804,-991.16693,-623.37836,992.81805,-779.07245,-739.10931,972.34308,-839.32086,-523.45819,892.45508,-1022.25256,-581.1134,427.18991,-677.77301,-712.07605,485.99539,-1141.52258,-627.85284,81.66059,-608.09497,NA,NA,NA
109,1.08,NA,NA,NA,NA,NA,NA,NA,NA,NA,-725.16077,1496.83398,-700.42926,-479.54431,1382.43091,-803.79993,-781.42584,1374.45837,-928.72491,-659.19189,1261.50623,-809.60065,-600.78064,1374.85864,-972.27704,-326.26367,1046.28357,-808.59753,-849.862,1047.07947,-1014.12146,-247.21356,817.56726,-840.83307,-911.5791,799.94873,-985.39551,-625.83142,994.50592,-768.37781,-742.72986,975.22711,-828.013,-528.35803,893.4848,-1011.57208,-583.85571,427.97232,-665.74493,-716.54962,487.58392,-1129.51196,-628.48816,78.39243,-607.28107,NA,NA,NA
110,1.09,NA,NA,NA,NA,NA,NA,NA,NA,NA,-726.93719,1497.73096,-690.21686,-482.46329,1384.48657,-794.27301,-784.91589,1377.04956,-918.44318,-662.24634,1263.31445,-797.98834,-604.85602,1376.86902,-962.59131,-329.69568,1047.66589,-798.54315,-850.95734,1049.05066,-1003.19537,-250.64746,820.03955,-831.57556,-912.58453,801.71545,-979.09326,-629.59839,996.89459,-759.11792,-746.80127,977.49609,-817.48676,-533.05145,895.38177,-1002.43616,-585.91437,428.61157,-656.36584,-721.18878,488.39447,-1114.63147,-629.15332,76.08626,-605.62701,NA,NA,NA
111,1.1,NA,NA,NA,NA,NA,NA,NA,NA,NA,-729.78711,1499.68896,-680.43329,-485.08746,1386.74121,-785.56134,-788.93579,1378.948,-908.32007,-665.32892,1266.23438,-788.67615,-608.48944,1379.21985,-953.88196,-333.60565,1048.94995,-790.31915,-853.3728,1051.48547,-992.59052,-253.55357,822.16406,-821.86688,-913.94446,803.34857,-973.04041,-633.29388,999.21014,-750.49249,-750.17444,980.83301,-807.34515,-536.79291,897.91449,-992.87036,-588.41449,429.79803,-646.06805,-725.60535,491.33243,-1103.26917,-628.83026,74.16972,-605.81158,NA,NA,NA
112,1.11,NA,NA,NA,NA,NA,NA,NA,NA,NA,-732.45801,1501.37463,-671.51959,-488.06885,1389.34473,-779.69824,-792.45087,1381.6488,-898.57184,-669.80701,1270.03137,-779.06818,-612.24554,1381.56714,-945.31195,-336.72702,1051.9541,-782.04364,-854.73669,1053.521,-981.42462,-258.04559,824.52948,-812.32941,-915.28052,805.55072,-966.95093,-635.49335,1002.37036,-738.10956,-753.34473,983.39386,-797.45038,-540.13434,900.40277,-983.26477,-592.24744,429.55496,-638.5412,-731.34271,491.25565,-1087.35718,-628.15369,72.94059,-605.75092,NA,NA,NA
113,1.12,NA,NA,NA,NA,NA,NA,NA,NA,NA,-730.72369,1501.61328,-660.97229,-491.00293,1391.74658,-770.02991,-795.79395,1384.69409,-889.21399,-670.64215,1271.9281,-769.59393,-616.14746,1383.66516,-936.38239,-340.15594,1054.82642,-772.88104,-858.50128,1056.88135,-970.59784,-261.19818,826.22284,-800.84644,-916.21552,808.58582,-961.08344,-638.9563,1004.43799,-728.70618,-755.12683,985.62274,-788.31311,-543.47192,902.51379,-973.86322,-592.66876,430.20404,-631.05951,-736.47375,493.73755,-1076.00903,-627.79309,72.86549,-606.08356,NA,NA,NA
114,1.13,NA,NA,NA,NA,NA,NA,NA,NA,NA,-733.89081,1504.4397,-651.95319,-494.48587,1395.12756,-761.24323,-799.25159,1387.60583,-879.79517,-673.09784,1274.36755,-760.77301,-619.77753,1386.57312,-928.41846,-343.75708,1057.3147,-764.80048,-862.19873,1060.45569,-960.98578,-264.65015,830.61987,-787.23389,-918.56989,810.77863,-953.02258,-642.60663,1006.69391,-720.36566,-758.62567,988.52606,-778.99542,-546.61841,905.42487,-965.9671,-593.94244,430.42538,-625.39148,-742.14911,494.86191,-1062.21497,-624.06079,74.58205,-605.21924,-657.20087,114.06315,-1241.13
115,1.14,NA,NA,NA,NA,NA,NA,NA,NA,NA,-735.93542,1507.2489,-643.33081,-497.30771,1397.93372,-753.25598,-802.69244,1390.59253,-870.5423,-677.1778,1278.26184,-752.45709,-623.54901,1388.83594,-919.4823,-347.13803,1060.33374,-754.96808,-866.40326,1063.52075,-951.73175,-269.06573,830.94153,-779.6051,-919.91455,813.94708,-946.11993,-646.38361,1009.71692,-713.82837,-761.80829,991.75342,-770.8042,-549.68262,907.56055,-955.98743,-593.98413,431.61987,-620.26147,NA,NA,NA,-622.29077,75.54725,-605.25879,NA,NA,NA
116,1.15,NA,NA,NA,NA,NA,NA,NA,NA,NA,-737.38379,1509.90845,-633.9693,-500.32639,1401.05017,-746.87024,-806.20459,1393.33752,-861.33801,-679.6955,1280.3584,-742.81036,-627.25195,1391.26648,-911.48627,-350.39157,1063.58936,-745.02979,-869.55078,1065.56299,-942.13995,-275.35028,832.93945,-764.49292,-922.53009,816.47314,-937.88281,-649.18469,1011.9668,-702.46173,-764.70441,994.77582,-762.00885,-552.87836,909.00293,-946.31378,-594.56006,433.03537,-615.48047,-753.55823,497.45834,-1035.5625,-620.31287,77.17379,-604.87689,NA,NA,NA
117,1.16,NA,NA,NA,NA,NA,NA,NA,NA,NA,-738.8761,1511.81067,-624.71796,-503.70648,1403.61292,-738.24487,-809.61041,1396.12244,-852.05688,-682.71991,1283.36865,-735.08856,-630.80627,1393.86987,-902.79517,-354.15137,1066.58997,-737.17847,-873.32611,1068.45508,-934.39429,-279.09958,836.37805,-752.71863,-924.78558,818.53864,-929.15393,-652.21704,1014.13007,-694.47308,-768.27289,997.27972,-753.73468,-555.72638,911.62982,-938.79871,-592.52521,433.87793,-610.77283,-759.35254,497.94873,-1019.52142,-619.09631,77.9983,-604.65924,-662.17603,130.93939,-1211.10291
118,1.17,NA,NA,NA,NA,NA,NA,NA,NA,NA,-741.08484,1514.46472,-616.20996,-507.11832,1406.15015,-729.74591,-813.1366,1398.73242,-843.45789,-685.28674,1286.21692,-727.48157,-634.39301,1396.1781,-894.81958,-357.45871,1069.58496,-728.6994,-877.62305,1070.73645,-925.38464,-283.53015,838.797,-743.54999,-927.86115,821.1709,-920.82959,-655.61774,1015.95563,-686.15295,-770.41974,999.42688,-746.49982,-558.38892,913.49744,-929.13727,-592.42896,434.37936,-607.03101,-764.91089,498.46872,-1005.60144,-617.56036,78.15905,-603.89874,NA,NA,NA
119,1.18,NA,NA,NA,NA,NA,NA,NA,NA,NA,-744.0647,1517.521,-608.19922,-510.55911,1408.64233,-721.43384,-816.62555,1401.31055,-835.35333,-688.42834,1288.20361,-718.6239,-637.86987,1398.67517,-886.51624,-361.39856,1071.20251,-719.60089,-881.45605,1074.13635,-916.93567,-287.97107,840.42462,-732.47192,-930.62457,824.21051,-913.02692,-658.5863,1018.68915,-678.44147,-773.21722,1001.58197,-738.46814,-560.92987,916.05286,-920.7738,-590.953,435.26016,-602.3678,-770.17456,499.64542,-990.77466,-615.50311,78.27904,-603.73438,NA,NA,NA
120,1.19,NA,NA,NA,NA,NA,NA,NA,NA,NA,-745.12506,1520.16162,-599.14343,-513.63684,1410.94202,-713.0376,-819.74274,1403.65417,-826.83661,-690.62366,1290.22107,-710.54895,-641.35828,1400.9408,-878.61151,-366.88693,1072.81934,-709.45306,-884.97211,1076.98096,-909.57959,-294.27396,842.03015,-719.60315,-933.18896,826.91919,-904.70599,-662.13049,1020.65851,-671.75317,-775.849,1003.91461,-731.05481,-563.61725,918.84082,-915.1651,-589.15601,435.29492,-597.61084,-775.86584,498.4856,-977.53876,-613.24896,77.5429,-602.44904,-665.8717,148.38947,-1170.5835
121,1.2,NA,NA,NA,NA,NA,NA,NA,NA,NA,-748.28748,1523.06812,-591.39758,-516.59991,1413.85266,-707.68738,-823.0025,1405.65161,-818.5929,-693.77441,1292.18359,-702.38306,-644.69568,1403.07593,-870.90985,-369.76205,1075.81128,-701.95013,-888.36768,1078.46423,-901.14948,-300.69913,844.13995,-706.28314,-936.51013,828.39362,-895.92462,-664.53461,1022.63501,-663.16455,-778.84644,1005.78333,-723.2085,-566.49744,919.81787,-905.39929,-587.59564,434.95197,-594.30652,-782.00787,498.56995,-963.22217,-611.92694,77.78578,-601.91974,NA,NA,NA
122,1.21,NA,NA,NA,NA,NA,NA,NA,NA,NA,-750.65009,1525.59705,-583.11377,-519.49615,1415.34814,-697.41663,-825.8089,1407.55334,-810.61646,-696.98657,1294.11279,-695.38885,-647.92236,1405.24609,-863.16138,-373.49545,1078.13672,-693.38422,-891.63818,1080.29785,-893.13159,-305.04333,845.7641,-695.20563,-940.01617,830.77032,-887.77551,-667.73627,1024.56836,-655.24402,-781.0285,1007.30756,-715.33307,-569.16785,921.80444,-898.04163,-585.76105,435.11917,-591.13489,-788.05261,498.13586,-947.64032,-610.60602,78.22322,-601.55884,NA,NA,NA
123,1.22,NA,NA,NA,NA,NA,NA,NA,NA,NA,-751.62079,1527.12646,-574.95502,-522.16638,1417.97241,-692.40222,-829.15985,1409.15515,-802.39337,-700.61694,1297.20911,-687.89111,-651.00446,1407.3783,-855.9892,-377.93555,1079.33032,-683.55542,-894.58636,1082.33215,-885.40955,-311.2847,848.42896,-680.71051,-943.36816,832.54224,-878.90063,-669.34113,1026.51526,-647.68707,-784.71924,1009.81482,-707.84607,-571.78223,923.67352,-890.94519,-583.41638,434.54965,-587.18237,-796.19977,500.50925,-931.84888,-609.62756,78.73128,-600.51996,NA,NA,NA
124,1.23,NA,NA,NA,NA,NA,NA,NA,NA,NA,-754.07782,1529.38843,-566.81219,-525.39429,1420.19348,-684.71216,-832.44293,1411.14478,-794.97498,-703.83124,1298.77051,-679.78558,-654.07538,1409.00378,-847.93353,-384.46497,1079.77612,-674.24353,-897.7475,1083.24829,-877.7182,-317.59845,849.82599,-668.54785,-946.95074,834.31274,-870.42291,-671.5448,1028.46631,-640.08606,-786.75989,1011.62903,-699.57806,-574.80731,924.87781,-883.6557,-580.98254,433.92062,-586.26526,-802.45245,500.14139,-916.40155,-607.77844,79.2795,-599.5661,NA,NA,NA
125,1.24,NA,NA,NA,NA,NA,NA,NA,NA,NA,-756.5824,1531.68762,-559.03528,-528.68378,1422.33154,-677.36133,-835.09204,1412.59888,-787.59814,-706.60254,1300.65344,-672.18915,-656.97058,1410.78186,-840.83502,-388.18344,1081.50342,-666.41229,-900.61151,1085.05457,-870.13361,-323.9776,852.06818,-655.26672,-951.2522,835.84363,-861.22131,-674.11957,1030.24976,-635.25153,-789.61133,1012.90912,-691.04846,-577.66687,926.48059,-876.36108,-576.67188,434.20816,-583.8584,-809.36938,501.02002,-899.54211,-607.00641,78.43525,-599.13721,NA,NA,NA
126,1.25,NA,NA,NA,NA,NA,NA,NA,NA,NA,-758.16455,1532.55603,-550.88678,-531.48828,1423.75208,-668.78143,-837.8598,1413.65564,-779.78552,-709.36761,1302.03235,-664.35522,-659.80817,1412.34802,-833.3996,-392.89703,1082.84509,-657.89142,-903.94214,1086.745,-863.19147,-329.99524,853.63104,-642.28278,-955.43323,837.54376,-852.84967,-676.08649,1031.81384,-626.92944,-791.74316,1015.0899,-683.38171,-580.76825,928.12927,-870.36609,-573.60864,433.0737,-582.43781,-817.74628,504.38977,-882.66815,-605.07874,77.57411,-598.68903,NA,NA,NA
127,1.26,NA,NA,NA,NA,NA,NA,NA,NA,NA,-760.81689,1533.79529,-543.37671,-534.06415,1425.47192,-661.41351,-841.11285,1415.2749,-772.94928,-711.65991,1302.86438,-656.8714,-662.60931,1413.77539,-826.12091,-396.96744,1084.43237,-648.87494,-906.45551,1087.67676,-855.81506,-337.7504,854.66882,-628.38446,-958.96436,838.61163,-843.25244,-678.03088,1033.70251,-619.04333,-794.39697,1016.5321,-675.46326,-584.11554,929.1568,-862.38519,-572.20532,432.78015,-581.84515,-824.47937,505.92966,-865.58215,-604.21887,76.94938,-598.49762,NA,NA,NA
128,1.27,NA,NA,NA,NA,NA,NA,NA,NA,NA,-763.26422,1535.29749,-535.87079,-536.52997,1427.06421,-654.46771,-843.25024,1416.20166,-765.67609,-714.38544,1304.5282,-649.94257,-665.39728,1415.1051,-819.09296,-401.73511,1085.25806,-639.67218,-909.26611,1088.62341,-848.45093,NA,NA,NA,-963.55334,840.27295,-834.72162,-679.34351,1035.19641,-612.28918,-796.50409,1018.52521,-667.79474,-587.46942,930.50909,-855.71631,-570.74225,432.61923,-581.05762,-831.83643,506.69028,-849.25616,-601.9563,75.99578,-597.03137,NA,NA,NA
129,1.28,-686.32318,1667.06348,-697.45868,NA,NA,NA,NA,NA,NA,-765.11456,1535.84131,-528.1424,-539.07404,1429.00671,-648.70038,-846.33606,1417.32922,-758.32507,-716.15741,1305.38501,-642.74445,-668.10547,1416.42773,-811.89172,-406.20749,1086.55359,-631.81665,-912.65979,1089.90356,-840.73621,NA,NA,NA,-967.82758,842.51917,-826.13745,-679.58527,1037.07764,-603.39655,-798.4649,1019.91119,-660.02063,-590.84076,931.97449,-849.27899,-568.9455,432.60175,-582.0965,-839.00732,508.99756,-832.05304,-601.06476,75.56149,-596.54791,NA,NA,NA
130,1.29,-689.56726,1668.42212,-690.15497,NA,NA,NA,NA,NA,NA,-768.98627,1537.83411,-521.5105,-541.83374,1430.49451,-641.26215,-849.11163,1418.63879,-751.29816,-718.70221,1306.81519,-636.42242,-670.81372,1417.47937,-804.71686,-410.66025,1087.60107,-623.84283,-915.42743,1091.26587,-833.71277,-359.27112,862.60651,-589.07001,-972.08984,843.20789,-816.34497,-681.42255,1038.38306,-597.01703,-799.63507,1020.87402,-652.05145,-594.19556,932.55945,-847.41144,-567.60089,432.79532,-581.90979,-845.69574,511.39273,-814.00958,-598.1842,76.04301,-595.71973,-715.81152,208.41933,-960.67212
131,1.3,-692.74579,1669.56714,-682.65289,NA,NA,NA,NA,NA,NA,-770.11993,1537.8656,-513.69452,-544.20972,1432.21704,-636.08423,-851.30426,1419.2865,-744.25183,-720.84619,1307.80493,-628.85406,-673.37256,1418.64331,-797.88831,-415.1799,1088.30884,-615.22131,-918.58435,1092.18262,-825.79602,NA,NA,NA,-977.26056,844.46539,-806.34247,-682.85406,1039.43689,-591.50983,-802.14099,1022.63049,-644.49963,-597.68811,933.84595,-840.96448,-566.24744,433.12335,-581.78009,-852.93298,514.28503,-796.06653,-596.63702,75.93333,-595.85291,-723.36481,212.55504,-937.13666
132,1.31,-695.81378,1670.66028,-675.52307,NA,NA,NA,NA,NA,NA,-772.73047,1538.28369,-506.27948,-546.73022,1432.83496,-626.9007,-853.88141,1420.49219,-737.52502,-723.36163,1308.84851,-622.70007,-676.03168,1419.53381,-790.69873,-419.0614,1088.98999,-607.25085,-921.4588,1093.10205,-817.96753,-377.58582,869.01862,-566.49536,-982.0412,845.94775,-796.83594,-684.20685,1040.92786,-582.25836,-803.18073,1024.15747,-636.50781,-601.31317,935.47278,-830.96478,-565.49323,433.58109,-581.67499,-859.97607,516.75812,-777.70996,-594.63861,75.60878,-594.36774,-731.59363,214.12408,-914.02161
133,1.32,-698.92883,1671.53589,-668.1076,NA,NA,NA,NA,NA,NA,-774.84631,1538.50781,-498.97089,-549.39771,1434.3894,-620.99255,-856.302,1420.94641,-730.04883,-725.36084,1309.32544,-616.09949,-678.7229,1420.41052,-784.04596,-422.99921,1090.06531,-600.68011,-924.8125,1094.14783,-810.57721,NA,NA,NA,-986.38055,847.55743,-787.67517,-685.77026,1043.23987,-576.06842,-805.62585,1024.97266,-629.84753,-604.77643,935.92065,-823.80518,-565.0509,433.64771,-582.22107,-867.46722,519.44995,-759.71185,-592.52283,75.96487,-593.71814,-740.36115,215.70134,-890.6803
134,1.33,-701.97809,1672.29431,-660.43213,-657.39343,1463.89514,-431.15567,NA,NA,NA,-777.04413,1538.67639,-492.01291,-551.51477,1435.1311,-614.18848,-858.86383,1422.48853,-723.78131,-728.82025,1311.09033,-609.83087,-681.3056,1421.12073,-777.12122,-427.25894,1090.64038,-593.84943,-927.82428,1094.12305,-801.79474,NA,NA,NA,-990.64276,847.83929,-777.31683,-687.74927,1042.93469,-568.23688,-807.16626,1025.51257,-622.43317,-607.95013,936.15961,-820.73566,-564.59497,433.94656,-582.52576,-874.4361,521.71869,-740.70306,-590.32263,76.34549,-594.16095,NA,NA,NA
135,1.34,-704.8031,1673.14404,-653.19489,-658.43909,1465.15247,-425.13745,NA,NA,NA,-779.92407,1538.80701,-485.16785,-554.02643,1436.65234,-609.66943,-861.0921,1422.56506,-716.16779,-730.49994,1311.44177,-603.20428,-684.02399,1421.78967,-770.6203,-432.0127,1091.36047,-586.00977,-931.93414,1095.65479,-795.11603,NA,NA,NA,-995.37891,849.14911,-767.33276,-689.80688,1043.849,-562.76093,-808.73016,1025.8269,-614.81708,-611.01697,936.76404,-814.03394,-564.14734,434.02298,-582.30273,-881.12396,525.3175,-722.72961,-588.15656,76.83273,-593.63373,-757.51343,215.57861,-844.00616
136,1.35,-707.72961,1673.69849,-645.74316,NA,NA,NA,NA,NA,NA,-781.10486,1538.78357,-477.57867,-556.6333,1435.20471,-602.97424,-863.77795,1423.15283,-708.78369,-731.94568,1311.43103,-595.68182,-686.73743,1422.38342,-763.90094,-436.47049,1091.13257,-579.66626,-935.01392,1096.1665,-786.36713,-408.6398,877.40771,-524.47968,-1000.43732,851.17389,-757.43506,-692.29834,1044.271,-556.78687,-811.8147,1027.08411,-608.62048,-614.35901,937.23596,-807.35223,-563.96796,434.1803,-582.5224,-887.26428,528.18732,-704.04205,-586.19745,76.74997,-593.77979,-770.00525,213.31615,-819.90643
137,1.36,NA,NA,NA,NA,NA,NA,NA,NA,NA,-784.03259,1538.24182,-470.19336,-558.65283,1436.64246,-596.19873,-866.33936,1423.26453,-701.40552,-734.73041,1312.46375,-589.19568,-689.50201,1422.61084,-756.60541,-440.18442,1091.62146,-572.47845,-938.95746,1096.87085,-778.41626,NA,NA,NA,-1004.9585,851.72028,-747.32709,-695.22247,1043.78979,-551.19257,-813.79871,1027.30286,-600.75867,-617.80176,937.96606,-800.7962,-563.86279,433.89828,-582.29303,-892.3811,532.12622,-687.01819,-583.76239,76.79741,-593.35815,-783.33209,208.24928,-796.77979
138,1.37,-664.19684,1465.29358,-403.07425,-713.12384,1674.40552,-630.83905,NA,NA,NA,-786.56055,1538.53015,-463.37717,-560.89844,1437.42944,-590.55469,-868.61102,1424.03259,-694.33557,-736.61206,1312.47571,-582.17078,-692.21051,1423.0564,-750.22418,-443.78616,1091.61951,-565.60162,-942.76624,1097.16895,-770.11578,-424.38025,883.52496,-499.32516,-1009.4837,852.716,-737.09943,-697.37695,1045.34912,-542.93793,-816.22131,1027.68909,-593.85449,-620.22797,937.81055,-794.01007,-563.06793,434.58792,-582.03992,-895.72321,534.91699,-669.72192,-581.67096,77.01894,-592.95337,-795.89716,202.13525,-775.33545
139,1.38,NA,NA,NA,-715.76746,1674.703,-623.5838,NA,NA,NA,-788.68549,1538.59338,-456.15961,-563.20465,1437.63318,-582.24683,-871.41705,1424.52551,-687.09509,-738.53333,1312.43445,-575.8197,-695.07697,1423.34863,-743.39496,-448.31653,1091.99243,-558.34283,-946.55762,1097.46167,-761.82166,NA,NA,NA,-1013.68433,854.2019,-727.1806,-699.64185,1044.64563,-536.58765,-819.49872,1028.28064,-587.74243,-623.51239,938.10303,-787.66187,-562.70764,434.48257,-581.70313,-899.5459,537.85083,-653.26239,-579.67261,77.46297,-592.22266,-809.18433,197.1642,-753.66705
140,1.39,NA,NA,NA,-718.34247,1674.7821,-615.93872,NA,NA,NA,-790.18103,1537.4834,-448.59348,-566.29913,1436.98071,-576.90784,-873.9574,1424.77698,-679.60516,-741.26221,1313.36487,-569.20825,-698.0213,1423.44958,-736.37988,-451.75394,1091.58826,-551.20886,-950.71692,1098.06445,-753.80707,-438.04739,888.1228,-479.74591,-1018.07092,853.97809,-716.06561,-702.23999,1044.26367,-529.63263,-822.32404,1028.87256,-580.35553,-626.57947,938.30304,-781.02563,-563.66052,434.40234,-581.98041,-903.48523,541.61816,-638.43237,-576.41089,77.92616,-592.54956,-822.32721,189.37297,-732.3623
141,1.4,NA,NA,NA,-720.80823,1674.86426,-608.0304,NA,NA,NA,-793.47034,1537.83484,-441.79514,-568.05774,1437.49817,-570.07019,-876.77808,1425.09961,-672.18085,-743.70471,1313.0824,-562.24066,-700.9884,1423.50122,-729.22247,-455.54037,1091.71472,-544.05438,-954.81183,1098.85168,-745.77478,-444.56583,893.51385,-460.25528,-1022.81744,855.11993,-705.6861,-704.77203,1044.87585,-523.00671,-825.34125,1029.10583,-574.17542,-630.01849,938.32788,-773.95233,-562.81073,434.49216,-581.63153,-906.52484,544.56055,-623.71216,-573.8808,78.10575,-593.58698,-836.16895,180.87772,-710.19556
142,1.41,NA,NA,NA,-723.13654,1675.01355,-600.76422,-594.64105,1575.77271,-539.16064,-795.94836,1537.98657,-434.37381,-570.60748,1437.73242,-563.47784,-879.48248,1425.10669,-664.99823,-745.39539,1312.06726,-555.11328,-703.98682,1423.71631,-722.35199,-457.98212,1091.67297,-537.60352,-959.32312,1099.12158,-737.61304,NA,NA,NA,-1027.05212,856.04395,-695.17468,-706.27301,1045.53113,-517.62469,-827.96851,1029.41724,-566.65521,-633.54114,938.81122,-767.87177,-561.55774,434.98611,-580.25073,-909.54919,547.69818,-609.47723,-570.34827,78.3875,-592.68634,-849.80713,171.43614,-689.22369
143,1.42,-674.98468,1461.0946,-369.76083,-725.49182,1674.92126,-593.33075,-597.02985,1576.32507,-533.58569,-797.04456,1537.19751,-426.75525,-573.04102,1437.63232,-556.95093,-882.11658,1425.03723,-657.41699,-749.02802,1313.1449,-548.52106,-707.16504,1423.62732,-715.40198,-461.75363,1091.92566,-530.29382,-963.13074,1099.49829,-728.99347,-457.98108,896.21344,-441.50931,-1031.76978,856.65961,-684.69159,-708.41827,1045.49487,-510.3985,-830.5553,1029.78589,-558.41748,-636.59106,938.61145,-760.90399,-560.08673,435.15152,-579.26862,-912.03143,550.48029,-596.05963,-568.26056,77.71152,-592.79047,-865.1098,162.44318,-668.76697
144,1.43,-677.47302,1461.60767,-362.85333,-727.85944,1674.70557,-585.55371,-599.31537,1575.479,-526.21625,-799.04651,1536.76941,-418.80515,-575.44647,1437.10876,-551.07819,-885.18127,1425.17786,-649.21442,-751.71021,1312.4978,-541.47406,-710.33307,1423.66479,-708.45789,-465.28415,1091.59009,-522.47278,-967.97534,1100.16321,-721.28186,-464.99222,898.54926,-432.48672,-1036.20117,857.15552,-674.16895,-710.6781,1045.48718,-503.79126,-831.64044,1028.41418,-551.41296,-640.0415,938.7157,-754.77582,-559.90302,435.00497,-577.61346,-914.23145,552.89526,-583.94434,-564.19061,77.77194,-593.90857,-881.34839,154.32231,-648.34833
145,1.44,-680.67169,1461.36877,-356.42953,-730.08636,1674.63599,-578.34735,-601.55975,1574.97168,-519.18445,-801.66394,1536.40393,-411.26913,-578.25073,1437.15039,-544.9682,-888.2807,1425.18103,-641.30426,-753.44891,1311.81018,-534.36163,-713.68677,1423.38,-701.21558,-468.31656,1091.55798,-515.73376,-971.73132,1100.10596,-712.24762,NA,NA,NA,-1040.29395,858.21338,-664.4679,-712.68549,1045.36084,-495.20767,-834.05762,1029.16382,-544.79651,-644.1178,938.18213,-747.49213,-559.95422,435.01343,-575.09326,-917.07135,554.70123,-573.73407,-562.03033,77.90031,-593.34253,-898.05597,146.76152,-628.21948
146,1.45,NA,NA,NA,-732.46814,1674.15234,-570.65814,-603.89374,1574.01514,-511.87991,-803.67761,1535.92725,-403.92194,-580.97021,1436.31506,-536.91071,-891.63525,1425.18152,-633.20746,-756.11444,1311.18896,-526.54431,-717.10126,1423.22705,-693.54291,-471.45398,1091.89661,-509.73755,-976.20911,1100.31836,-704.05829,NA,NA,NA,-1043.97424,857.6087,-653.30292,-714.10114,1045.23267,-488.13806,-836.94873,1029.06458,-536.46271,-646.78204,937.55469,-743.30255,-560.23956,434.53857,-572.98517,-919.42487,555.5827,-563.95526,-558.4967,78.29762,-593.13794,-916.78223,134.52943,-598.06927
147,1.46,-682.71289,1458.71631,-341.89386,-734.69556,1674.00049,-562.94269,-606.17896,1573.38391,-504.72501,-805.87201,1535.73218,-396.09937,-584.32306,1435.31738,-530.92346,-894.51941,1424.953,-625.1485,-759.24469,1311.01074,-519.49408,-720.5957,1422.88123,-686.81018,-474.61191,1090.55359,-503.92587,-980.50494,1100.16382,-695.12744,NA,NA,NA,-1047.97375,858.67609,-644.48932,-716.41858,1044.4292,-482.6698,-839.18713,1028.9624,-527.76685,-651.0647,937.40442,-736.8302,-560.05878,434.63257,-570.61847,-920.17572,554.68298,-553.16614,-556.05365,77.9669,-594.01337,-934.40497,128.09955,-575.95874
148,1.47,-686.15771,1457.42859,-335.08475,-737.06348,1673.43555,-555.07147,-608.98529,1572.38098,-497.2644,-807.5285,1535.48022,-388.60782,-586.11395,1435.17981,-524.29187,-897.4292,1424.27136,-616.13971,-760.97638,1310.55188,-512.17065,-724.19531,1422.64197,-679.52539,-476.86621,1091.07776,-497.39865,-984.72351,1099.98633,-686.44873,-488.63126,907.61151,-398.36557,-1051.92908,858.54834,-634.23059,-719.1889,1043.92444,-476.63898,-841.1958,1028.72632,-520.75372,-657.04779,936.88593,-728.08282,-560.47473,434.83099,-568.47382,-921.66626,553.79517,-544.24829,-551.65527,77.65274,-593.99121,-951.6969,121.51857,-552.19672
149,1.48,NA,NA,NA,-739.4032,1672.92883,-547.30414,-611.32019,1571.98242,-490.50134,-808.33026,1533.97766,-379.58713,-588.63519,1434.87036,-517.97577,-900.97949,1424.21655,-607.77631,-763.45428,1309.79175,-504.42419,-727.84973,1422.20264,-672.01025,-481.0134,1090.29126,-490.41437,-989.612,1099.95691,-677.90741,NA,NA,NA,-1055.76184,857.85291,-624.13422,-719.10034,1044.42041,-466.72949,-844.41248,1028.32605,-513.47888,-659.95898,936.43054,-723.7652,-561.63312,434.04553,-565.9491,-923.34576,552.27386,-537.3938,-551.16431,77.19672,-594.1673,-966.66614,119.15965,-531.54474
150,1.49,NA,NA,NA,-741.79291,1672.29944,-539.63342,-613.91589,1571.00549,-483.17276,-810.48553,1534.00159,-372.04773,-591.00281,1434.05884,-511.46078,-904.17554,1423.26282,-598.138,-766.05487,1308.60962,-496.00781,-731.74548,1421.52234,-664.44629,-483.78561,1089.60608,-484.84283,-993.23193,1098.93359,-668.61133,-498.77979,910.47595,-382.26114,-1059.57446,858.15155,-614.38861,-722.2948,1042.94189,-461.97116,-847.19598,1027.60608,-504.47025,-665.25629,935.50415,-716.90332,-562.60944,433.36368,-562.68188,-925.815,550.18304,-531.76636,-547.26831,76.54867,-594.03448,-981.43054,114.83142,-508.67456
151,1.5,-691.02087,1456.68262,-312.63403,-744.1958,1671.82983,-532.18408,-615.84528,1570.47595,-477.16754,-812.89996,1533.16125,-364.0871,-593.87097,1433.88721,-505.30109,-907.32159,1422.65491,-589.61426,-768.85248,1308.53772,-489.46674,-735.70367,1420.578,-656.716,-487.42371,1089.06628,-478.54709,-998.09821,1099.29102,-659.94952,NA,NA,NA,-1063.36658,857.62891,-604.52698,-722.89545,1042.5166,-453.04172,-849.02228,1026.68433,-495.61963,-669.99231,935.94604,-711.73962,-563.1416,433.09314,-559.99463,-926.5979,546.08405,-527.07495,-546.23309,76.35608,-594.70667,NA,NA,NA
152,1.51,NA,NA,NA,-746.73199,1670.86084,-524.2135,-618.44159,1568.91638,-468.99072,-814.49109,1533.05518,-355.97385,-596.37012,1432.9906,-499.46146,-911.31671,1422.18762,-580.474,-769.82465,1307.05493,-480.98898,-739.61951,1420.24634,-649.0705,-490.5643,1089.3606,-474.23312,-1002.099,1098.36145,-650.53345,NA,NA,NA,-1067.30872,856.34131,-594.77325,-725.09088,1042.27734,-447.47992,-850.82349,1025.19946,-486.52509,-676.23352,934.88116,-702.15381,-565.24036,432.5538,-555.59882,-927.48169,540.55231,-523.57123,-543.89954,75.32072,-594.46765,NA,NA,NA
153,1.52,-695.20654,1453.06104,-296.74722,-749.28436,1670.19592,-516.66931,-620.62683,1568.20081,-461.75821,-816.64441,1532.7854,-347.62302,-598.81012,1432.12244,-493.07779,-914.37158,1421.16907,-570.96667,-773.21436,1306.59729,-473.14453,-743.65009,1419.49817,-641.3775,-495.07007,1088.32715,-468.77246,-1005.94531,1097.36865,-641.53455,NA,NA,NA,-1070.91479,855.51947,-585.06396,-727.20886,1041.6239,-439.37036,-853.92596,1024.62109,-477.93585,-681.0351,934.04419,-695.95044,-566.48254,431.992,-553.29962,-928.09869,535.57593,-520.96136,-540.54437,74.94755,-595.02374,NA,NA,NA
154,1.53,-695.42004,1454.52307,-290.91818,-751.91919,1669.2699,-508.81851,-623.01294,1567.17603,-455.05762,-819.1076,1532.11572,-339.67313,-601.95496,1431.4021,-486.07269,-917.82123,1420.18347,-561.59473,-775.6192,1305.98694,-465.27689,-747.86475,1418.47412,-633.60095,-497.81393,1087.87732,-462.42908,-1009.95459,1097.08044,-632.02942,-517.39368,915.71936,-350.37857,-1074.27771,854.13416,-575.2558,-728.38519,1040.29382,-430.71527,-856.08917,1022.98297,-467.81546,-686.05328,933.16791,-688.25214,-567.23444,431.32001,-549.54523,-928.53937,530.59821,-517.755,-539.14313,74.89038,-594.83917,NA,NA,NA
155,1.54,-697.87903,1451.90625,-283.08334,-754.60144,1668.41553,-500.97272,-625.26349,1566.82214,-448.64209,-819.29895,1530.72424,-331.01184,-604.49567,1430.80017,-480.44821,-921.55402,1419.47864,-552.3125,-777.85907,1304.67932,-457.54477,-752.02112,1417.73169,-625.83136,-500.93494,1086.93311,-456.7468,-1014.2821,1095.98291,-621.97321,-520.84412,917.4256,-340.37741,-1078.33228,854.18115,-566.80145,-731.71582,1039.53137,-423.05255,-858.78632,1023.17389,-460.09982,-690.93567,931.89703,-681.47424,-571.10223,429.40134,-547.11407,-927.88611,527.25909,-512.53455,-538.37122,74.28011,-594.63171,-1047.85962,133.83163,-403.45911
156,1.55,-697.38684,1453.18982,-275.46133,-757.54596,1667.06555,-493.29779,-627.95007,1564.96558,-440.99985,-821.39722,1529.84631,-322.85043,-607.1767,1429.46692,-472.84451,-925.20679,1418.26904,-542.42004,-780.84473,1304.24268,-449.74442,-756.39368,1416.49951,-617.8385,-504.59399,1086.55615,-451.84094,-1018.03259,1094.77087,-612.21631,NA,NA,NA,-1082.1449,852.64496,-556.96454,-733.20178,1038.70007,-416.51419,-861.1806,1021.85193,-449.85461,-696.09045,930.83594,-674.40845,-571.1463,429.06314,-541.48376,-926.72717,525.17786,-505.58405,-535.18646,74.13017,-594.35541,NA,NA,NA
157,1.56,-700.28131,1451.91357,-267.73096,-760.38702,1666.10657,-485.58652,-630.73352,1563.60803,-434.72699,-823.0451,1529.44849,-314.57999,-609.90283,1429.10437,-467.73642,-929.07098,1416.97693,-533.16913,-783.27155,1303.12695,-440.77631,-760.80298,1415.31641,-609.94592,-507.80988,1084.76843,-446.9281,-1021.87238,1093.46252,-602.03662,NA,NA,NA,-1085.74158,851.16162,-547.11749,-735.21283,1037.77759,-409.46149,-863.49237,1020.78522,-441.34048,-701.48578,929.99915,-667.13623,-574.7168,427.22952,-539.06946,-925.10498,523.94989,-497.24078,-534.4118,74.23766,-594.52307,-1068.93188,148.75407,-362.85901
158,1.57,-701.185,1451.32385,-260.69617,-763.25763,1665.15576,-478.15292,-633.38025,1563.21765,-428.46292,-823.90698,1527.74512,-304.97025,-613.20081,1427.35022,-460.38892,-932.43787,1415.79749,-523.47986,-786.30933,1302.07104,-432.32355,-765.15314,1414.54028,-602.15491,-510.57309,1084.21729,-441.05301,-1026.17554,1092.49792,-592.89417,-530.24707,915.23804,-325.73956,-1089.27808,849.4834,-537.89642,-737.70953,1036.39038,-400.56979,-865.82422,1019.4693,-432.74057,-706.79877,929.1181,-659.86749,-575.02118,427.6543,-531.60962,-923.77899,523.51196,-488.81577,-534.82208,74.13892,-595.354,-1077.08313,157.74855,-348.7106
159,1.58,-702.5293,1450.71069,-253.11,-766.38324,1663.6748,-470.08798,-635.83313,1561.08801,-421.2449,-826.0899,1527.67554,-297.30988,-615.30536,1427.07336,-454.97983,-936.5528,1415.09741,-514.13654,-787.60754,1301.35193,-423.42609,-769.62274,1413.49097,-594.77692,-513.89319,1082.53638,-435.43716,-1029.62305,1090.28381,-581.70953,-531.79333,914.39984,-321.15668,-1092.35693,847.0462,-527.35126,-738.33643,1036.50818,-390.69003,-868.91156,1018.72156,-422.71234,-712.07892,928.06268,-651.93878,-575.8252,426.30432,-527.23077,-923.08539,523.42596,-480.87137,-534.72559,74.01723,-595.37823,-1086.17249,163.18257,-330.38391
160,1.59,-704.11859,1448.06677,-246.39694,-769.4635,1662.52673,-462.46478,-638.32428,1560.60535,-414.48569,-828.56641,1526.77612,-289.90723,-618.40039,1425.37891,-448.86545,-939.90131,1413.27441,-503.81943,-790.23859,1300.00659,-413.96649,-774.20172,1412.13367,-586.63489,-517.20526,1081.12878,-429.97147,-1033.56189,1089.02515,-571.30145,-534.28009,911.41425,-316.98087,-1095.69116,845.32703,-518.04309,-741.83844,1034.52295,-383.49017,-870.77216,1017.5271,-413.1131,-717.03857,926.46893,-644.02692,-577.31982,425.49359,-522.89386,-922.29144,522.84247,-472.71658,-535.01385,73.82481,-594.93732,-1094.2616,168.47115,-314.92801
161,1.6,-705.97681,1447.57361,-239.46988,-772.47217,1661.61926,-455.08817,-641.19342,1558.75769,-407.05862,-829.22272,1524.97778,-280.37558,-621.15265,1424.6825,-443.48148,-943.24414,1411.76123,-494.41147,-793.07416,1298.82666,-403.86777,-778.69482,1410.93469,-578.99854,-520.40106,1079.54932,-423.71619,-1037.44324,1087.73279,-560.87402,-535.59161,909.5144,-311.71555,-1098.29773,843.5882,-508.42996,-744.09259,1032.64966,-377.47122,-873.71869,1017.78131,-404.36301,-722.0155,924.57263,-635.29089,-578.25946,424.20197,-518.79553,-921.85876,520.79901,-462.84241,-535.09949,73.85619,-594.43323,-1100.75342,173.73772,-299.35358
162,1.61,-707.80219,1445.81653,-231.40114,-775.6499,1660.37854,-447.02594,-643.76141,1558.10657,-401.57288,-831.6427,1524.96155,-273.49872,-624.43848,1423.72009,-437.04974,-946.87,1409.86719,-484.19547,-796.58484,1295.85828,-403.20764,-783.2074,1409.55481,-571.11621,-523.44769,1077.53345,-419.79077,-1041.21155,1085.46057,-549.80981,-537.73535,904.63904,-308.72241,-1101.51233,840.97681,-498.41031,-746.53815,1032.32983,-369.04037,-875.65375,1016.16125,-394.51007,-727.26666,923.21228,-626.98962,-580.45056,422.50696,-512.94922,-924.82867,521.88403,-455.3382,-536.26074,73.26049,-594.41193,-1106.66138,178.08759,-283.36926
163,1.62,-708.02655,1446.38232,-224.4848,-778.83936,1659.28259,-439.50702,-646.84955,1557.00696,-394.35663,-832.86646,1523.2207,-264.49216,-626.98456,1422.52417,-431.26108,-950.22546,1408.82202,-474.7272,-797.07526,1297.2981,-386.22446,-787.67712,1408.1626,-563.21649,-526.42859,1075.93713,-413.46216,-1045.18018,1084.18469,-539.29773,-538.83429,902.97559,-303.08929,-1104.74573,838.97388,-488.84897,-748.69855,1031.19336,-360.13287,-878.78455,1016.1167,-384.1662,-732.55359,921.86847,-618.44574,-582.04486,421.75464,-506.6864,-928.8927,522.16956,-447.10681,-537.52905,73.03423,-594.25671,-1110.78101,181.98918,-267.59573
164,1.63,-710.44202,1444.79797,-217.9511,-782.10559,1658.19336,-431.69211,-649.82159,1555.88501,-388.29166,-834.67548,1521.97583,-255.98604,-629.90881,1421.38037,-426.15262,-953.69836,1407.50647,-465.38138,-800.53876,1292.43848,-388.25751,-792.19702,1406.79932,-555.34045,-529.03235,1074.94434,-408.25278,-1048.36633,1082.10229,-528.01129,NA,NA,NA,-1107.65234,837.00903,-478.56912,-751.45776,1029.85498,-351.78931,-882.01141,1016.22418,-374.95596,-738.10089,920.33899,-609.96045,-583.20276,420.25522,-502.38614,-934.66235,521.67365,-437.78726,-538.45789,72.68099,-593.91193,-1113.94116,185.47467,-251.1375
165,1.64,-710.94025,1443.76526,-211.6015,-785.35089,1657.14355,-424.17743,-652.50098,1554.7467,-382.44653,-836.72443,1521.4386,-249.33574,-633.00482,1419.86145,-418.80304,-957.41614,1406.30505,-455.63287,-803.48425,1292.61877,-378.39661,-796.52631,1405.4751,-547.49048,-531.96564,1072.44556,-402.84946,-1052.03491,1080.33936,-516.82452,-542.0293,894.47845,-297.36154,-1110.27991,834.97296,-469.2569,-754.28772,1028.6626,-343.08133,-884.51892,1015.46454,-365.25906,-743.35541,917.88416,-599.98499,-586.26666,418.70001,-496.75735,NA,NA,NA,-540.76495,72.78802,-592.69867,-1115.95679,187.94423,-234.50729
166,1.65,-712.8103,1443.13635,-204.30173,-788.62671,1656.04602,-416.61185,-654.92157,1554.46545,-376.26312,-836.9696,1519.61243,-240.00139,-635.31921,1418.69006,-413.35715,-960.51868,1404.63562,-446.02817,-805.9035,1292.34265,-368.95108,-800.94873,1403.8158,-539.64929,-535.04675,1070.91638,-397.99988,-1055.79822,1078.9458,-506.03754,-542.91833,891.23468,-293.77115,-1112.96045,832.38928,-458.2189,-756.8714,1029.24805,-334.41794,-887.19958,1015.70264,-354.60983,-749.302,915.97974,-591.08386,-587.7052,416.82565,-490.45093,-946.55664,518.31781,-416.98459,-542.30963,73.33787,-592.17133,-1117.45605,190.60428,-218.86304
167,1.66,-714.18567,1442.03906,-198.58105,-791.79456,1655.31555,-409.05914,-658.16327,1553.35046,-369.26321,-840.09363,1519.09229,-233.01933,-638.44458,1416.82849,-407.11475,-963.69696,1403.85889,-437.08295,-808.15747,1290.69348,-361.64944,-805.16992,1402.53894,-532.51514,-538.1059,1068.38232,-392.92453,-1058.88428,1077.22034,-494.30133,NA,NA,NA,-1115.36011,831.07001,-449.05167,-759.9726,1027.87256,-325.55017,-891.34619,1015.88873,-344.93802,-755.14758,913.93036,-581.31738,-588.5235,415.73779,-484.21826,-953.07538,516.42865,-406.12836,-544.62823,73.15214,-591.66156,-1118.47632,191.7682,-202.43217
168,1.67,-716.01929,1441.63013,-191.06223,-794.97656,1654.58716,-401.83948,-661.08325,1552.56409,-362.34628,-841.78271,1518.11011,-225.54799,-641.48285,1415.62,-403.70844,-967.20447,1402.56128,-427.60361,-810.77332,1291.03284,-354.0762,-809.51392,1401.29749,-524.98743,-541.50928,1066.67371,-387.8942,-1062.90784,1076.60156,-484.9397,NA,NA,NA,-1117.9032,829.11371,-437.64767,-763.44421,1026.28845,-316.7424,-894.41492,1015.53271,-334.76709,-761.19354,912.38214,-572.06335,-590.64093,414.84991,-477.8226,-960.30829,514.99426,-395.45871,-546.94293,73.67989,-589.45667,-1119.38464,192.87932,-186.68164
169,1.68,-716.83728,1440.62146,-185.53989,-797.85071,1654.4436,-394.67035,-663.12622,1552.31604,-356.96011,-842.73065,1517.19971,-217.11815,-644.19171,1414.25781,-398.01428,-971.06769,1402.24426,-418.57898,-813.77814,1289.32397,-347.11212,-814.02185,1400.005,-517.37244,-543.92621,1065.08777,-384.73172,-1064.89697,1074.55176,-471.67111,-546.21838,876.86676,-287.79419,-1119.59973,827.25336,-427.17261,-766.8468,1026.07178,-307.76001,-897.84882,1015.78583,-323.81793,-767.40179,910.8634,-562.00269,-592.65381,414.35382,-471.5246,-967.92798,514.16321,-385.37393,-550.61896,73.80422,-588.34821,-1118.24268,191.7384,-170.96788
170,1.69,-719.16315,1440.22913,-178.92702,-800.49213,1654.93933,-386.78894,-665.82526,1552.20056,-350.83334,-845.26276,1517.17151,-210.57458,-646.88544,1413.90747,-392.17145,-974.42871,1402.16016,-409.64597,-817.17261,1290.08984,-336.85651,-818.79272,1399.21179,-509.87195,-547.04669,1062.98376,-380.58298,-1067.85388,1073.55054,-461.133,NA,NA,NA,-1121.61084,825.94934,-416.50623,-770.23676,1026.92358,-297.59,-901.91724,1016.06018,-313.09784,-773.86377,909.88629,-552.69794,-594.59027,414.35825,-463.89786,NA,NA,NA,-552.96484,76.04844,-585.74329,-1116.53821,190.12077,-155.76357
171,1.7,-719.48529,1439.97815,-173.05029,-802.995,1655.88123,-378.45981,-668.4801,1552.14612,-343.81824,-846.08142,1517.53333,-202.37514,-649.7699,1413.75684,-386.13208,-978.12933,1402.1416,-399.93631,-820.44067,1290.29871,-328.93719,-823.35095,1399.46887,-501.97903,-550.77423,1061.18347,-376.73685,-1070.86169,1072.89844,-449.87851,NA,NA,NA,-1123.85291,825.34991,-405.83475,-772.75751,1026.07959,-288.77005,-905.06989,1015.62653,-302.08075,-780.00293,909.48993,-543.65613,-596.42969,414.10355,-456.62006,-985.48584,513.63629,-364.86267,-556.20569,77.68295,-583.60175,-1114.24072,188.88062,-143.13646
172,1.71,-721.32709,1440.02917,-165.63303,-805.43341,1656.88989,-370.34985,-670.68848,1552.91406,-338.36832,-846.41309,1517.49255,-193.13553,-652.25043,1413.93835,-380.91714,-981.49481,1402.91736,-391.05301,-823.14319,1292.29785,-320.97949,-827.90948,1400.19275,-494.517,-554.2757,1060.52185,-371.91287,-1073.70435,1072.9541,-439.15753,-548.4928,859.71558,-289.1799,-1125.45337,825.2876,-394.3685,-775.81989,1026.55139,-278.4278,-908.12555,1015.37738,-291.44394,-786.01898,909.64868,-534.79852,-599.79993,414.75784,-448.33783,-993.70581,514.92798,-352.75113,-560.69763,79.84776,-581.05298,-1111.28137,184.0966,-128.76297
173,1.72,-722.36237,1440.9812,-159.58151,-807.92395,1658.27637,-362.05795,-673.22455,1554.01697,-331.89578,-848.51978,1519.79382,-185.84512,-655.33478,1415.06995,-374.62201,-984.89862,1403.89563,-381.26254,-825.51971,1293.88953,-313.71909,-832.3205,1401.34192,-486.03534,-557.56207,1061.04395,-367.79431,-1076.30908,1073.60522,-428.55975,-546.75757,856.55859,-284.66306,-1126.36316,825.55597,-383.61182,-778.92767,1027.48303,-272.3233,-912.07172,1017.10858,-281.43219,-791.58978,910.26013,-525.9884,-603.13885,416.10544,-440.97021,-999.35638,513.86835,-338.52515,-564.4826,82.98882,-577.46539,-1107.76099,182.81598,-116.52896
174,1.73,-723.31396,1441.61951,-154.02197,-810.29669,1659.65649,-354.12103,-675.58679,1555.20691,-325.51871,-847.8255,1521.13379,-176.74893,-658.29871,1416.24451,-368.66483,-987.93719,1406.01111,-371.86038,-827.54272,1295.38904,-306.48825,-836.51819,1403.01904,-478.15414,-560.44507,1062.27612,-362.22232,-1078.95984,1074.83142,-418.0336,-548.18396,852.83417,-287.29276,-1128.06531,827.0249,-372.4772,-781.9444,1029.26575,-262.46045,-914.61615,1018.00897,-271.11621,-797.28601,911.61993,-516.94177,-609.80145,417.53195,-431.62128,-1006.1673,517.1264,-326.83716,-568.07092,85.69254,-574.94104,-1104.50439,179.67281,-108.28999
175,1.74,-723.59698,1442.75244,-147.04237,-812.56781,1661.45178,-346.62048,-677.56274,1556.23694,-318.81155,-850.0213,1523.02307,-169.25894,-661.77539,1417.66052,-363.2684,-990.99365,1408.2467,-361.51096,-829.63922,1296.28748,-299.2457,-840.83618,1404.45947,-470.39154,-563.89392,1064.61926,-358.34073,-1081.47974,1076.85742,-406.5072,NA,NA,NA,-1129.4209,829.1637,-361.39822,-783.03021,1031.38135,-252.99695,-916.62158,1019.8999,-260.08115,-803.02893,912.71674,-508.02069,-613.73218,419.29688,-421.73639,-1013.60028,520.59332,-314.61041,-570.75488,91.36052,-568.78296,-1100.4613,176.97939,-98.78634
176,1.75,-724.86206,1443.82385,-140.71085,-814.91785,1662.70947,-338.61572,-679.20111,1557.4707,-312.5899,-850.76044,1524.41589,-161.05836,-665.32623,1418.77905,-356.75784,-993.61731,1410.84241,-351.64841,-831.90393,1297.98962,-290.63922,-845.04456,1406.05383,-462.51419,-567.08813,1066.26636,-353.36307,-1083.84644,1079.49451,-396.11023,-548.26575,846.40845,-294.29614,-1130.49646,831.36102,-349.77756,-785.33331,1033.47131,-245.58777,-918.90326,1022.64532,-253.86096,-807.78754,914.24609,-499.94489,-619.89661,420.77249,-413.20648,-1019.58081,523.60901,-302.94223,-574.22864,96.38791,-564.03156,-1095.32373,172.93539,-91.79482
177,1.76,-724.95264,1445.60437,-134.37236,-817.09113,1664.23535,-330.80316,-681.9823,1558.21631,-306.44547,-850.53088,1524.55127,-152.36768,-668.25763,1420.52747,-350.39359,-997.26624,1412.04749,-342.84235,-834.44122,1300.91663,-280.91379,-848.93994,1406.72729,-454.19891,-569.75116,1068.37158,-349.12006,-1087.35437,1082.81116,-385.60437,NA,NA,NA,-1131.81091,834.29083,-338.01642,-787.22705,1036.38489,-239.2852,-920.80316,1026.27307,-243.52498,-813.05737,915.68988,-491.81436,-625.82135,421.83902,-404.16702,-1027.6051,527.42065,-292.01364,-582.14966,101.32272,-558.13281,-1090.91418,170.07468,-84.03145
178,1.77,-726.18988,1446.63147,-125.81065,-819.1283,1665.6925,-324.06412,-683.64178,1559.84656,-300.27954,-852.51599,1526.2262,-145.83208,-671.09827,1422.09985,-345.00922,-999.00488,1415.55139,-331.01926,-836.83276,1303.08838,-272.1749,-853.00153,1408.23059,-446.08606,-573.224,1069.92126,-344.21048,-1089.85388,1085.32593,-374.8002,-549.72723,843.32068,-300.79614,-1132.81592,836.58868,-325.82806,-788.8219,1037.7937,-233.93996,-922.13293,1030.29407,-234.58502,-818.76508,917.00452,-483.98636,-632.03436,423.00439,-392.61133,-1034.15503,530.89941,-280.96423,-588.51337,107.86285,-552.26758,-1086.10242,165.87695,-76.83324
179,1.78,-725.95044,1448.875,-118.98576,-821.20996,1666.81995,-316.49734,-684.33838,1561.98694,-295.59738,-851.3728,1527.9364,-137.4687,-673.75812,1423.2428,-339.00803,-1001.56293,1418.14246,-320.68356,-838.63788,1304.22302,-266.05511,-857.00812,1409.91809,-437.70294,-576.72797,1071.30457,-340.46133,-1092.71069,1087.61877,-362.76959,NA,NA,NA,-1134.73083,839.55225,-313.50809,-788.80096,1041.35266,-226.7166,-922.41614,1033.55688,-225.72513,-823.86139,917.97882,-475.75522,-639.46454,423.58066,-383.47397,-1041.50476,533.45715,-270.79218,-594.33069,112.66431,-546.67401,-1080.53369,162.60982,-70.01119
180,1.79,-725.64447,1449.7301,-113.22908,-822.97974,1668.29968,-309.47086,-687.25037,1562.88135,-288.14709,-853.04156,1530.29749,-130.36888,-676.67554,1424.80164,-333.12253,-1003.9787,1420.36523,-310.3154,-840.27173,1306.4447,-259.21744,-861.02606,1411.10547,-428.90631,-580.04089,1072.1261,-338.11646,-1095.32043,1089.94153,-350.96414,-551.56903,840.78687,-309.30383,-1136.02661,842.32983,-301.41641,-790.2218,1042.94055,-219.55074,-923.48193,1036.11133,-216.61922,-829.58838,919.24774,-468.06943,-645.25452,424.72601,-372.13104,-1049.0564,535.4917,-260.53,-602.10901,117.83983,-539.43732,-1074.77991,157.43449,-66.31579
181,1.8,-725.79034,1451.43005,-107.12959,-824.61188,1669.52808,-302.02612,-687.45789,1564.23413,-283.08331,-851.72009,1532.10034,-121.31323,-679.31641,1425.85059,-327.49207,-1006.06445,1422.48572,-299.7605,-842.20935,1306.35925,-249.46136,-864.71686,1412.32361,-420.96259,-583.06946,1073.28149,-334.95032,-1098.02124,1092.13501,-339.9079,-552.82361,839.6358,-312.68015,-1137.60522,844.07953,-288.78619,-790.97522,1044.80847,-214.90129,-924.00049,1038.20801,-210.545,-835.19739,920.16382,-460.68234,-651.91406,424.59222,-360.42026,-1055.69568,536.38885,-251.17975,-609.16602,123.76229,-530.50549,-1069.31104,152.64394,-62.33216
182,1.81,-724.94305,1453.45178,-99.30859,-825.95947,1671.04321,-294.68732,-688.80231,1565.7666,-276.67789,-851.10834,1533.71277,-112.60015,-680.90204,1426.89844,-321.87778,-1007.83984,1424.55542,-288.83438,-844.24438,1309.46118,-238.29953,-869.12115,1414.25488,-412.80118,-585.84247,1074.00293,-332.65799,-1100.99048,1094.13525,-327.59818,-555.16498,839.10028,-317.06607,-1139.01892,845.77014,-275.86545,-791.60071,1046.2063,-208.44635,-925.16284,1039.68274,-200.32498,-841.18573,921.49731,-453.38748,-657.88593,424.09341,-348.16702,-1064.10437,537.90558,-241.58348,-615.99841,127.38669,-522.67883,-1064.2124,148.50871,-55.90681
183,1.82,-724.8111,1454.91687,-93.22116,-827.27789,1672.26282,-287.07339,-690.08459,1566.53918,-270.7489,-851.18359,1535.72412,-105.54681,-683.46265,1427.24084,-316.49722,-1009.64246,1426.12158,-277.85977,-844.5011,1309.5011,-234.29935,-872.19482,1415.56738,-404.01584,-588.00879,1074.46143,-330.87976,-1103.73621,1096.25537,-316.21091,-556.43079,838.8457,-320.8627,-1140.60999,847.38116,-263.02219,-792.59717,1046.80017,-205.59392,-924.59869,1040.42761,-190.51518,-846.56781,922.72211,-446.74585,-663.16272,423.92624,-336.94028,-1069.85791,538.35498,-232.06271,-622.66589,132.59656,-513.94263,-1059.07703,142.37303,-54.29297
184,1.83,-724.39111,1456.55383,-87.15344,-828.27112,1673.68787,-279.57211,-692.2608,1566.88501,-262.6265,-849.65088,1536.92786,-97.4519,-685.74585,1428.12695,-310.46732,-1010.9458,1427.36487,-266.91525,-845.6203,1311.5332,-224.82043,-875.84558,1416.8606,-394.95361,-590.32806,1074.63623,-328.04282,-1106.71997,1097.59949,-303.61862,-558.21313,838.5271,-325.09378,-1142.09888,848.2533,-250.14415,-791.25342,1048.80688,-195.95036,-924.82629,1041.71936,-181.08182,-852.37695,924.09174,-439.24115,-669.1701,422.92194,-323.54132,-1075.90881,538.36731,-222.28488,-630.22467,136.93364,-504.5264,-1052.37036,138.65465,-49.81607
185,1.84,-723.40802,1458.30872,-78.38638,-829.21594,1674.69971,-271.75043,-692.99023,1568.18323,-256.76987,-849.95178,1539.38965,-89.28009,-687.35559,1428.84302,-305.66403,-1012.34045,1429.23267,-255.81717,-845.8847,1311.70715,-218.74641,-879.60864,1418.51233,-386.62662,-592.71545,1075.49597,-326.7872,-1109.58423,1099.05701,-291.00909,-559.78125,838.20276,-328.47919,-1143.95093,850.00842,-235.65419,-790.64996,1049.45667,-191.49506,-924.71136,1040.61426,-174.46626,-857.73969,925.57098,-432.63278,-674.05359,421.97391,-310.22537,-1081.55615,539.06476,-213.52682,-636.87408,142.12077,-494.2977,-1047.82666,135.10008,-48.45606
186,1.85,-722.86407,1459.47461,-72.06266,-829.8446,1675.94006,-264.16434,-693.45148,1568.72717,-251.31569,-849.36554,1541.45789,-81.61563,-689.44757,1430.11206,-300.78253,-1013.53284,1430.17578,-243.93576,-846.82501,1313.3949,-208.26404,-883.54456,1420.35864,-378.41306,-594.49231,1075.95239,-325.67435,-1112.46826,1100.90088,-278.37808,-561.21045,838.22144,-332.57425,-1145.58325,851.72882,-221.70903,-788.5827,1049.89429,-181.69026,-923.99994,1040.09521,-164.08453,-862.67725,927.42426,-425.42386,-671.73523,426.20557,-297.74908,-1086.07739,539.04077,-203.0116,-643.16626,145.53337,-483.76141,-1042.74866,130.57065,-46.56725
187,1.86,-721.34369,1459.85364,-65.5355,-830.28687,1676.85437,-256.20908,-694.24207,1569.22241,-244.34341,-847.59473,1542.60205,-73.37058,-690.90521,1430.61072,-295.47186,-1014.47754,1431.66479,-233.07301,-846.79321,1313.69373,-203.40376,-886.75555,1421.82385,-368.63062,-596.40948,1077.0647,-325.13715,-1115.50854,1102.50513,-265.78842,-562.79846,839.05286,-338.72119,-1147.15918,853.48602,-207.23801,-788.52246,1049.5293,-174.53893,-923.49945,1040.27747,-153.64243,-867.09406,928.76331,-418.37469,-670.07941,429.81082,-285.86868,-1089.60742,540.12433,-193.99222,-647.95575,150.11697,-471.83029,-1037.23999,129.09753,-45.85541
188,1.87,-720.00055,1460.92737,-58.6666,-830.50183,1677.95691,-248.46339,-694.5708,1570.04102,-238.33705,-845.72626,1543.23279,-63.60394,-693.03033,1431.93359,-289.59894,-1014.8335,1432.79358,-221.92888,-847.22882,1315.19312,-194.25938,-890.08618,1423.01941,-360.49634,-598.11267,1078.37842,-324.37833,-1118.35693,1104.1875,-252.60213,-565.1933,839.93158,-341.22736,-1148.8634,854.86475,-191.54909,-788.35718,1050.47827,-168.79324,-922.45416,1038.84863,-146.64714,-870.94775,931.55914,-411.62292,-666.87616,433.53876,-274.71829,-1092.50708,540.78125,-183.61067,-653.13934,154.37877,-458.82651,-1032.44348,127.14994,-45.89112
189,1.88,-720.15607,1460.99426,-51.974,-830.63513,1678.39966,-240.53445,-694.76263,1570.12988,-231.43433,-846.28278,1543.85901,-57.42756,-695.37921,1432.57898,-285.45279,-1015.1814,1433.87744,-210.59622,-846.92389,1314.41089,-187.97722,-893.42047,1424.42017,-351.53741,-600.13141,1079.72546,-325.37796,-1121.23181,1105.7323,-239.2939,-567.02509,841.23071,-346.22711,-1149.91675,857.70844,-176.12947,-787.41492,1051.57385,-162.73053,-920.98633,1038.88721,-137.70427,-874.28088,933.80902,-405.36368,-663.86169,436.69644,-262.60443,-1093.95093,542.82355,-174.48344,-657.09735,158.90466,-445.58627,-1028.53625,125.78467,-46.70293
190,1.89,-718.86542,1461.73987,-44.48246,-830.55621,1679.36682,-232.53117,-695.75269,1570.70215,-225.27084,-844.37506,1544.80664,-48.71382,-696.9505,1433.45923,-279.82135,-1015.59418,1435.0575,-199.58076,-847.35925,1315.60876,-179.25522,-896.19366,1425.61365,-342.5228,-601.2854,1081.34302,-325.41504,-1123.86523,1107.23633,-225.80719,-569.54956,843.00464,-349.74908,-1150.49304,859.67029,-159.07475,-788.1485,1052.80969,-156.02425,-920.71045,1037.56018,-131.9852,-877.21991,935.1109,-398.23862,-661.30212,439.56952,-249.81596,-1094.20386,544.50293,-164.83321,-660.13232,161.37349,-431.89706,-1024.09607,127.08256,-45.92198
191,1.9,-718.93311,1461.28772,-37.82306,-830.35583,1679.89246,-224.67155,-695.60358,1570.38586,-218.16464,-843.67584,1545.14844,-41.08596,-698.82977,1434.08984,-274.53448,-1015.64697,1436.10132,-188.64952,-847.65497,1316.80554,-170.08578,-899.39465,1426.71167,-333.52872,-602.73651,1083.23364,-326.29694,-1126.17578,1108.77515,-210.71844,-571.57001,844.4646,-353.13455,-1151.00171,861.8725,-142.28818,-788.78949,1053.11829,-150.93053,-920.18176,1038.77124,-123.80182,-879.88147,937.25696,-391.85257,-659.29065,441.73059,-237.58705,-1093.84814,545.86414,-156.95313,-662.69965,165.5639,-417.77274,-1021.49591,127.17384,-44.00932
192,1.91,-716.64172,1460.77795,-30.82155,-829.83484,1680.60608,-216.66228,-695.52606,1569.8916,-211.05078,-841.70343,1545.54956,-33.36944,-700.1286,1434.95984,-268.69092,-1015.57751,1437.00574,-177.68616,-846.91602,1315.93347,-165.66975,-902.14673,1428.20898,-324.94534,-604.3678,1084.75,-327.0733,-1128.07166,1110.15405,-195.95218,-574.0481,846.56488,-357.72675,-1150.81592,863.93292,-125.31202,-788.16528,1054.35498,-144.3343,-919.06421,1039.27576,-114.15853,-882.2049,938.79901,-385.43024,-656.86902,444.36957,-224.17241,-1093.34888,546.44611,-148.54279,-664.73792,168.77876,-402.68317,-1018.49365,127.44621,-42.70072
193,1.92,-715.90131,1460.97156,-24.73149,-829.4397,1680.85498,-207.89557,-696.11304,1570.24951,-204.78252,-839.06348,1545.11145,-24.68573,-702.06799,1435.979,-264.04227,-1014.68817,1437.47681,-166.40796,-845.94293,1315.88342,-159.50908,-905.12604,1429.64734,-316.27145,-606.13843,1086.45959,-327.5676,-1129.99707,1111.71558,-181.12976,-576.80328,848.22052,-359.08945,-1151.07581,867.0498,-108.68048,-786.70441,1056.11975,-140.15816,-917.67914,1039.5675,-107.50495,-884.43768,940.05988,-379.06351,-654.47827,446.2244,-210.00186,-1091.88464,547.28168,-141.84868,-666.5163,170.69556,-386.72192,-1017.42047,124.57453,-49.71544
194,1.93,-714.53918,1459.58032,-18.9856,-828.98871,1681.97168,-200.62094,-695.76202,1570.04236,-198.03995,-836.72467,1545.53918,-16.79266,-703.17871,1436.64905,-258.60437,-1014.31635,1438.35181,-155.38174,-845.98431,1317.68506,-149.2598,-907.71082,1430.64453,-307.39114,-608.315,1087.93042,-327.59091,-1131.67737,1113.08337,-165.25705,-579.71338,850.06995,-362.25644,-1148.57654,866.86414,-90.08461,-786.44312,1057.64221,-134.59778,-916.28461,1041.0293,-99.48306,-886.1402,941.37054,-372.90549,-653.03088,447.1438,-194.46968,-1090.78809,547.11377,-135.77386,-667.26392,172.11707,-370.44189,-1016.02509,125.06609,-49.62366
195,1.94,-713.07794,1458.82825,-11.81516,-828.11163,1682.01599,-192.6552,-695.0929,1569.3103,-191.123,-836.45215,1545.79285,-9.19019,-705.12787,1437.48364,-253.37532,-1013.33478,1438.70215,-145.14424,-845.52124,1317.01477,-142.55095,-909.50519,1431.33643,-298.23685,-610.54718,1088.78064,-325.89108,-1132.88062,1113.98059,-150.60086,-581.78107,851.78558,-363.83533,-1146.51392,869.60425,-72.67894,-785.46954,1058.05078,-130.27512,-915.21716,1041.15234,-93.73593,-887.69116,942.17377,-366.40979,-651.17688,447.82175,-179.55241,-1089.44128,546.98932,-130.47255,-668.34387,173.09398,-354.57077,-1013.60889,120.69779,-54.17048
196,1.95,-711.44696,1458.53674,-5.83409,-827.72913,1682.71924,-184.6265,-694.72961,1568.45752,-183.94995,-833.14539,1545.40955,-0.38131,-706.23285,1438.07068,-248.05746,-1013.70294,1437.75867,-135.04208,-844.54327,1317.71631,-134.7061,-912.13586,1432.33301,-289.7981,-612.5473,1090.34363,-326.28021,-1133.31531,1114.91687,-134.44815,-585.01709,853.49805,-367.1936,-1144.55981,870.85126,-55.71261,-784.73346,1058.39502,-125.14085,-913.46307,1042.09619,-88.00556,-889.4483,943.10834,-359.90274,-649.31305,448.74307,-165.4904,-1087.51563,545.29883,-124.60122,-668.96259,173.4939,-338.26645,-1012.64142,120.7738,-50.29964
197,1.96,-709.17297,1458.53125,1.45919,-826.76123,1682.60767,-176.45628,-693.89288,1568.87097,-178.29846,-832.41217,1546.0343,6.456,-707.23334,1438.50964,-243.03276,-1011.58508,1437.82422,-124.23773,-842.63953,1317.88428,-130.23087,-913.9118,1432.88184,-279.78723,-614.72388,1092.03967,-326.88824,-1133.05725,1115.08264,-117.14828,-587.16345,855.38257,-368.25055,-1142.24988,872.17035,-36.56734,-783.86664,1058.48376,-119.73844,-911.47949,1040.89331,-85.12949,-891.27728,943.76532,-353.63022,-647.99902,451.21487,-151.56393,-1085.64832,544.68921,-120.92036,-669.79688,172.38889,-322.60181,-1011.23096,119.11238,-48.64537
198,1.97,-707.90234,1458.02942,8.29966,-825.31464,1682.77258,-168.50618,-693.61823,1568.09375,-170.83189,-828.39124,1545.45129,15.71375,-707.80743,1439.09229,-238.21443,-1009.49609,1439.18384,-112.01987,-840.27026,1318.53296,-117.98131,-915.76978,1433.46741,-271.65155,-617.34729,1093.10327,-325.30319,-1133.38025,1116.73572,-103.2206,-589.90948,857.42664,-370.08472,-1138.3042,871.66498,-18.9487,-782.66779,1058.1106,-114.51302,-909.45105,1042.11121,-72.59087,-892.97986,944.54065,-347.3512,-646.99872,454.62216,-138.28856,-1083.63025,543.3811,-116.74248,-670.94598,171.36949,-307.10175,-1009.20093,113.68034,-54.07088
199,1.98,-705.51563,1456.99927,14.39814,-824.00092,1682.62903,-160.23907,-693.17572,1568.3562,-164.94238,-826.2829,1545.01257,21.94784,-708.33514,1439.30701,-232.7397,-1007.73224,1439.2074,-101.13115,-838.67151,1318.87659,-110.07941,-916.99835,1433.56494,-261.90897,-619.77484,1094.18286,-324.6105,-1132.99878,1117.63989,-87.97671,-592.91748,859.0293,-371.10104,-1135.67334,873.92035,-2.51409,-781.1839,1058.8833,-110.07581,-907.4765,1041.7229,-66.02159,-894.75531,945.16498,-341.35611,-645.66949,458.22452,-127.23288,-1081.47302,541.76251,-112.38277,-670.92065,168.81151,-290.57355,-1009.21436,111.73749,-52.20272
200,1.99,-702.68683,1456.91602,20.02028,-822.54089,1683.02905,-153.7278,-692.04718,1567.35034,-157.76469,-824.14203,1545.29395,29.53692,-708.64667,1439.66492,-227.6609,-1006.03418,1439.06079,-90.34812,-836.75238,1318.80847,-103.54201,-917.93213,1433.99146,-252.69443,-622.53583,1095.5686,-322.94864,-1132.32556,1118.27039,-73.32642,-594.87244,860.26813,-368.55722,-1132.87573,875.36859,13.14815,-779.13177,1057.83972,-104.95094,-905.35614,1040.68994,-59.1121,-896.56091,946.12659,-334.79584,-644.90051,461.84216,-116.05844,-1079.07336,539.62854,-109.34169,-671.30347,165.81494,-275.12894,-1008.94855,110.03816,-49.48776
201,2,-699.69501,1456.1123,26.92208,-821.28534,1681.91541,-144.67717,-690.91779,1567.30432,-151.38235,-821.07617,1544.16589,37.75875,-709.08142,1440.24951,-222.60699,-1003.66559,1438.94617,-79.81306,-835.74927,1318.14099,-97.23445,-919.23962,1434.35498,-244.34727,-625.49176,1096.31921,-321.51978,-1132.09778,1118.91882,-59.45292,-597.05377,862.56171,-370.01443,-1128.40417,876.24353,30.07282,-777.75232,1057.10876,-100.30211,-902.56671,1040.91016,-51.60798,-898.54858,946.33179,-328.30811,-644.33954,465.56277,-105.40224,-1076.62683,538.21362,-106.74319,-671.43457,161.93359,-258.18884,-1008.27014,105.96711,-51.78832
202,2.01,-697.45502,1455.66638,33.8802,-819.83795,1681.6897,-137.25569,-689.66461,1566.71301,-145.29634,-819.58325,1544.32129,44.80028,-710.44263,1440.95911,-217.98959,-1001.21313,1438.84094,-69.84755,-833.12988,1318.11401,-90.15914,-919.96552,1434.33203,-235.29309,-629.28058,1097.0022,-320.43985,-1129.58667,1119.52332,-44.54749,-599.39069,865.45276,-371.33463,-1124.62598,877.3916,46.53437,-774.9118,1057.82056,-95.40662,-900.15656,1039.07922,-44.06752,-899.9433,947.28656,-321.82953,-643.46802,469.22656,-95.36169,-1074.58423,536.45612,-104.46837,-670.61823,158.17488,-241.95744,-1008.43201,103.3023,-53.30552
203,2.02,-694.48047,1455.0752,39.86586,-818.30328,1681.17651,-128.67563,-688.04327,1566.01099,-138.44556,-816.25922,1543.84729,53.30353,-710.04779,1440.52014,-212.11746,-998.7738,1438.60901,-59.68936,-831.31146,1317.27734,-83.93716,-920.61151,1434.8623,-226.20769,-633.01489,1097.63782,-319.67407,-1127.44128,1119.95728,-30.80202,-601.44458,867.10022,-368.97397,-1120.09277,878.50366,63.16123,-773.66382,1057.00269,-90.7726,-895.52167,1038.46021,-38.13073,-901.45178,947.69458,-314.25885,-644.26611,471.42493,-85.01907,-1071.40222,534.05145,-102.25011,-670.55914,152.65688,-224.47327,-1008.44012,100.14511,-53.23679
204,2.03,-691.86255,1454.57605,46.99497,-817.21527,1681.15271,-122.45638,-686.66498,1565.17651,-131.9348,-813.37305,1543.58008,59.58583,-710.45343,1441.41492,-207.22176,-995.69507,1438.81311,-49.24775,-828.78094,1316.63257,-77.01219,-921.11566,1435.10498,-217.69725,-636.33563,1098.92761,-318.55551,-1125.39307,1120.11633,-16.99892,-602.73041,868.48999,-364.30435,-1115.87061,880.87268,77.29351,-770.07129,1056.03052,-85.49829,-892.37366,1036.86316,-31.65494,-903.19769,948.284,-308.48471,-644.22626,476.20493,-77.36366,-1068.99634,533.00385,-100.76114,-668.37115,147.75487,-210.12804,-1008.54816,97.54566,-55.32501
205,2.04,-688.32257,1454.17444,53.56399,-817.07782,1680.59448,-115.99483,-685.18658,1564.81067,-125.98032,-808.21912,1543.42078,68.09003,-710.22705,1441.28076,-202.54478,-993.591,1437.65283,-40.6634,-827.6734,1317.12451,-73.12609,-920.48724,1434.43933,-208.0257,-640.11713,1099.09583,-316.08884,-1121.84607,1121.09155,-4.41882,-604.22931,871.1756,-362.37946,-1111.30042,882.08893,93.85674,-767.69025,1055.41589,-80.84605,-889.2674,1035.33606,-27.40071,-904.82214,949.19189,-301.71051,-643.59821,477.81003,-68.95275,-1066.43127,531.83954,-99.12856,-667.53888,142.7872,-191.06151,-1009.49078,95.66948,-54.95649
206,2.05,-684.45844,1454.33655,60.56837,-813.55402,1679.69226,-107.77628,-684.35291,1564.23706,-119.32705,-805.19574,1542.7384,75.89201,-710.58167,1441.81555,-197.85512,-989.06421,1438.40564,-29.43566,-824.58258,1315.8667,-63.73735,-920.38171,1434.34119,-198.75601,-644.97791,1099.81921,-314.6908,-1118.55432,1121.12769,9.3295,-605.40137,874.35614,-361.91342,-1105.60474,883.17908,109.8009,-765.47729,1054.19189,-76.02433,-884.79694,1034.01282,-18.13525,-906.18726,949.43744,-295.78232,-641.78772,479.22314,-63.40678,-1063.59143,530.71326,-98.17658,-665.19476,137.25543,-173.0538,-1010.35364,93.50468,-53.95144
207,2.06,-681.3111,1453.62,67.77702,-811.36426,1678.77222,-101.20023,-682.0965,1563.71069,-113.43288,-802.27771,1542.5094,82.33816,-709.64844,1441.83972,-192.87724,-985.55554,1438.64172,-19.80517,-820.53424,1315.42468,-58.03642,-920.00012,1434.24878,-190.53152,-649.0838,1099.74377,-312.29617,-1114.79895,1121.37415,21.42484,-607.16321,877.65247,-359.61707,-1099.1073,884.2356,123.77364,-762.55029,1054.86475,-71.41286,-881.05768,1034.26709,-10.52538,-907.48676,950.12592,-289.97824,-642.25342,479.22095,-58.0709,-1059.8512,529.56317,-97.09313,-663.30078,131.57251,-155.39977,-1011.31396,92.62865,-52.59868
208,2.07,-677.49103,1453.81042,73.03889,-809.09937,1677.51501,-93.53629,-679.93713,1562.80579,-106.75089,-797.86517,1542.01099,90.87352,-709.52832,1441.91821,-188.55779,-981.59076,1438.20618,-10.17162,-817.34808,1315.14709,-52.38141,-919.3219,1434.24365,-182.56885,-653.12744,1100.04749,-311.52136,-1110.77295,1121.61267,34.20938,-608.26208,879.92194,-353.23257,-1094.24548,886.00446,139.07011,-759.04047,1054.47083,-65.40016,-876.25159,1032.92041,-4.1897,-908.84473,950.24463,-280.38126,-642.09192,478.15616,-53.12381,-1057.00366,528.27112,-95.28387,-661.41479,126.25748,-137.29791,-1013.0564,93.20395,-49.25007
209,2.08,-673.65802,1453.79248,80.58846,-806.15289,1676.12573,-86.87865,-676.36176,1561.21106,-100.22652,-794.30145,1541.26208,97.42606,-708.71484,1442.12878,-183.78116,-977.52917,1437.92529,-0.92867,-814.41364,1314.41992,-44.92744,-918.24829,1433.29565,-173.43007,-657.29254,1101.44849,-311.98834,-1106.28943,1121.81323,46.78645,-609.13202,884.25037,-352.26123,-1088.27026,888.26904,153.1758,-756.7453,1053.03455,-61.47853,-872.82928,1033.05786,2.60566,-909.17883,950.31122,-273.74564,-641.90161,475.91321,-50.19098,-1053.76355,527.44495,-94.15646,-658.93915,119.2527,-119.29052,-1014.04254,92.39315,-49.67348
210,2.09,-669.47852,1453.16138,86.98251,-803.51575,1675.03625,-80.19923,-673.54681,1559.98853,-93.09371,-791.14758,1541.61035,104.70702,-707.68945,1441.47168,-178.85402,-972.96387,1437.17957,8.56712,-809.52435,1314.22314,-39.59042,-916.54279,1432.35999,-164.19411,-661.14417,1101.67969,-308.91525,-1101.51379,1121.3075,59.63926,-610.93115,888.05975,-350.51187,-1082.47754,889.94312,167.74637,-753.24194,1053.1875,-56.91627,-867.70648,1030.79248,8.86337,-909.24097,950.19879,-266.47366,-641.36188,473.8053,-47.30379,-1050.57349,527.35278,-92.87859,-656.66998,113.87701,-99.31497,-1015.3877,91.07535,-49.7328
211,2.1,-666.25024,1452.32886,95.87717,-800.92932,1673.95532,-74.13636,-671.7099,1558.99072,-86.44824,-787.07916,1540.96741,111.59655,-706.37695,1441.04688,-173.82581,-968.68091,1436.87598,17.7268,-806.9837,1312.83044,-32.85133,-915.40405,1432.13074,-155.52808,-665.07446,1101.50342,-307.14719,-1097.80713,1121.4845,70.2488,-611.42059,889.95825,-340.96951,-1075.75391,891.95862,181.01746,-749.50604,1051.94031,-53.2617,-864.18555,1031.43884,15.5581,-910.01062,950.06927,-258.72717,-641.55225,471.65405,-45.63286,-1046.57617,527.11621,-92.23726,-653.20966,108.70203,-80.75077,-1017.08752,89.71,-51.3227
212,2.11,-662.14777,1453.02539,102.25488,-797.92938,1672.87122,-67.48026,-666.70935,1557.21338,-79.24412,-783.33514,1540.34741,118.95889,-705.14819,1440.8844,-169.12999,-963.4267,1435.7666,27.31734,-802.44714,1312.68152,-26.91616,-913.63983,1431.29089,-148.06094,-669.96973,1101.18188,-304.03467,-1090.30212,1120.65295,82.50142,-612.04321,894.56384,-339.55106,-1069.00757,895.612,194.70795,-746.43762,1050.88599,-47.64068,-859.30798,1030.26758,22.13114,-909.86859,949.40717,-251.90311,-641.43286,469.64374,-44.45063,-1042.92932,527.11884,-90.88396,-650.03845,105.38814,-61.09121,-1019.35858,90.09549,-48.70678
213,2.12,-657.93384,1451.93811,108.57676,-794.05701,1671.20496,-61.06312,-664.90002,1556.67908,-74.04095,-780.50897,1540.49133,125.1635,-703.92725,1440.38599,-164.87097,-958.56671,1435.60596,35.60959,-797.95636,1312.13525,-19.45713,-911.90643,1430.41736,-139.31129,-672.77679,1101.69568,-302.27899,-1084.58655,1120.25,94.68227,-612.60449,897.35645,-335.69553,-1062.87915,901.64941,206.4503,-743.23688,1050.10901,-43.07513,-855.38782,1030.10291,29.82583,-909.22968,948.65625,-244.15253,-641.69196,468.22122,-42.26,-1039.46838,526.77686,-88.95174,-646.74658,104.73037,-40.89322,-1020.02557,89.16986,-50.57363
214,2.13,-654.21899,1451.797,114.57097,-790.5025,1670.27405,-55.21384,-661.30035,1555.05396,-66.97547,-775.28534,1539.21204,131.9937,-702.4057,1439.51575,-160.75043,-953.05621,1434.13892,45.6291,-793.02026,1309.89832,-13.85626,-909.4137,1429.4823,-130.541,-676.61957,1102.11707,-300.06683,-1079.46741,1119.15002,105.03016,-612.91302,901.12793,-331.2489,-1055.24902,906.90784,219.319,-739.75128,1048.37317,-36.76748,-850.41064,1029.3916,35.88371,-908.68866,948.82019,-237.81979,-642.61346,467.32574,-37.04295,-1036.37988,526.83167,-87.04276,-644.70239,106.37158,-20.7958,-1020.48273,89.53616,-48.57681
215,2.14,-649.97333,1450.32263,121.48759,-786.45856,1668.4541,-49.04881,-656.03864,1553.57874,-60.80017,-771.45172,1538.56567,138.35336,-700.75079,1438.74658,-156.61076,-947.67798,1433.21851,54.92862,-789.46094,1310.26831,-8.41151,-906.9798,1428.59778,-123.24882,-679.17169,1101.42041,-297.61053,-1073.92639,1119.01758,116.49557,-612.65662,905.4295,-324.88181,-1047.6062,913.66815,229.72144,-736.75702,1047.52051,-31.49073,-846.09155,1028.11035,43.42829,-908.20471,947.71478,-230.60655,-644.31305,466.60132,-31.28077,-1033.21716,526.78589,-85.15423,-641.78918,108.40325,-1.40869,-1021.65228,87.75159,-51.78125
216,2.15,-645.94556,1449.43079,129.52182,-784.79468,1667.62537,-44.53079,-653.20563,1552.39783,-54.22374,-766.96875,1538.05029,144.92719,-698.88837,1437.552,-151.75859,-941.72064,1432.40198,62.87676,-783.8681,1308.44006,-2.02081,-904.6297,1427.72876,-114.56902,-682.39868,1101.0481,-294.48853,-1068.68689,1118.31189,126.93898,-611.50299,909.78278,-317.91956,-1039.48145,919.5318,242.78961,-733.12518,1046.43445,-25.80905,-840.87762,1026.69666,50.56689,-907.22803,947.09302,-223.81133,-646.1922,465.97986,-25.12718,-1029.77405,526.86035,-82.86483,-638.79797,109.84177,17.59805,NA,NA,NA
217,2.16,-641.69617,1448.33679,136.35683,-778.33215,1665.24695,-36.95248,-648.85168,1551.10535,-48.13429,-763.84039,1536.85083,150.32726,-696.68756,1436.69409,-147.3734,-936.04071,1431.22668,71.09944,-778.60809,1307.43518,4.36007,-901.74164,1426.45789,-106.68372,-684.91614,1100.1123,-291.30673,-1062.94714,1117.41174,137.57219,-609.73639,914.11371,-311.45319,-1030.99585,924.98804,254.90347,-729.35718,1044.7804,-21.70806,-835.75903,1025.43237,56.80896,-905.82922,945.78735,-216.05141,-648.73743,463.75183,-18.76995,-1026.95605,526.8631,-80.42344,-635.59808,111.71806,35.10939,NA,NA,NA
218,2.17,-636.37646,1447.51599,141.67723,-774.63739,1664.13367,-31.29898,-643.01855,1549.10339,-41.2978,-757.96021,1535.93262,157.82739,-694.17627,1435.41565,-142.6575,-929.84686,1428.43127,79.05331,-773.55206,1305.66272,11.19043,-898.18121,1424.95959,-98.59542,-686.32257,1099.75037,-288.37003,-1057.13916,1116.38611,148.14212,-607.06976,918.79169,-303.5553,-1022.89429,932.17212,265.04962,-725.29791,1042.34338,-15.01421,-831.90015,1024.33459,62.24458,-905.12018,943.60443,-208.26801,-651.33984,462.67334,-12.58183,-1021.6936,527.24249,-76.74046,-631.37445,114.13437,52.72923,-1025.71948,87.51562,-52.11345
219,2.18,-631.00946,1447.60962,149.36038,-769.61511,1662.58618,-25.34897,-639.66803,1548.33228,-35.66972,-753.06836,1535.05103,163.76018,-692.08881,1434.88794,-138.35915,-923.28271,1427.1084,87.7473,-767.42554,1304.46936,17.14132,-895.09692,1424.3407,-91.55653,-687.9361,1099.1377,-284.6412,-1052.67773,1115.36194,156.96159,-602.33441,924.59082,-296.33621,-1015.24249,939.7782,275.06793,-720.7821,1041.50171,-10.69122,-825.93872,1022.50708,69.27993,-903.09564,942.89935,-200.55966,-654.93085,460.72791,-7.30407,-1018.33429,526.7981,-72.5405,-628.97589,115.90725,69.59361,-1026.73254,86.57076,-51.07511
220,2.19,-627.91882,1445.80225,150.66985,-765.06335,1659.87048,-19.13399,-634.91925,1546.9978,-29.61082,-748.5025,1533.3645,170.01849,NA,NA,NA,-917.1712,1425.55713,94.81554,-762.56134,1303.38806,21.38399,-891.23364,1423.12463,-83.56254,-687.61798,1098.2793,-280.68552,-1048.11694,1114.58289,163.66299,-598.12744,928.07947,-285.47803,-1006.55084,946.63776,285.59967,-716.78168,1039.33606,-4.9161,-820.41418,1020.96014,76.51127,-901.70776,941.19934,-191.92459,-657.70416,458.5307,-3.02767,-1013.67511,526.05591,-68.11958,-625.7403,117.85363,85.62688,NA,NA,NA
221,2.2,-622.34259,1444.12866,155.7271,-760.90387,1658.88928,-14.72115,-628.39178,1545.12451,-23.96025,-743.59705,1532.34973,175.86032,-686.80212,1433.13306,-129.70638,-910.50677,1424.30225,103.06917,-756.92493,1301.94458,26.01879,-887.8418,1421.69543,-76.44366,-687.4173,1098.0802,-276.60403,-1043.521,1113.64014,169.07445,-592.88519,933.34473,-277.93039,-998.25287,954.43781,296.30658,-711.65375,1036.99561,0.80974,-816.03546,1019.14758,82.52644,-900.03668,938.38293,-183.5761,-660.87323,456.88345,2.75378,-1010.03601,526.58301,-62.81533,-624.60101,119.09732,101.08765,NA,NA,NA
222,2.21,-616.77625,1443.23889,161.67857,-755.76971,1657.40356,-8.69799,-623.29443,1543.52771,-17.64404,-738.39038,1530.82227,181.22316,-684.05597,1431.77393,-126.31336,-905.35297,1424.04382,110.37099,-751.16718,1301.17761,32.05106,-884.11108,1420.17249,-69.04883,-686.72534,1097.28601,-271.67731,-1036.46912,1112.95313,175.24803,-587.39697,937.80029,-268.39874,-987.09772,960.28186,309.78256,-707.34821,1036.01929,6.28118,-810.27002,1018.17499,89.7359,-898.5415,937.60803,-175.25388,-663.02539,454.89951,8.7525,NA,NA,NA,-623.12537,118.36812,118.55454,NA,NA,NA
223,2.22,-611.56409,1442.02161,168.24681,-750.46155,1655.06677,-1.92221,-619.57983,1542.995,-12.62015,-734.16479,1530.01758,186.72086,-680.55774,1430.755,-121.29403,-898.83472,1422.57996,116.57693,-746.42944,1299.5603,39.00686,-880.35449,1419.12524,-63.52249,-685.75043,1096.58447,-266.04361,-1030.0957,1111.74902,181.53532,-580.42804,943.01801,-260.30035,-976.89789,968.08105,320.26501,-703.57434,1033.31543,12.6737,-805.12622,1016.90692,96.95338,-896.60089,935.73798,-166.16809,-664.03571,452.83209,14.34522,NA,NA,NA,-621.22046,120.5798,130.08723,NA,NA,NA
224,2.23,-607.04291,1441.51086,174.43184,-746.18182,1654.46326,1.72957,-614.40295,1541.3114,-7.16524,-729.4444,1528.66956,191.09416,-677.62653,1429.58582,-116.99926,-893.09753,1420.06201,118.24084,-741.01056,1298.77258,41.91602,-876.24982,1418.45251,-56.62418,-683.08392,1095.68433,-262.08356,-1024.27075,1111.03308,187.20433,-572.86481,947.94092,-250.3287,-969.35278,977.55255,330.72928,-698.54547,1032.01453,18.76641,-800.33319,1015.68225,103.70557,-894.5329,934.46075,-156.81258,-664.36554,450.164,21.26292,NA,NA,NA,-617.78473,123.86322,138.74606,NA,NA,NA
225,2.24,-601.75171,1439.51355,178.668,-740.61938,1652.94165,7.77252,-607.78998,1538.97375,-0.35882,-724.05786,1526.85059,196.44408,-674.21613,1428.2262,-113.10581,-886.29205,1421.50574,130.07239,-735.33838,1297.62073,47.23967,-871.93408,1417.68701,-50.33103,-680.48053,1094.54932,-255.54324,-1018.5213,1110.05518,193.74612,-564.57751,953.55969,-241.30901,-960.31036,986.57996,341.09879,-694.64429,1031.66589,25.53633,-794.62286,1016.00128,110.92619,-892.30157,932.52374,-148.34332,-665.00061,447.96765,27.38562,NA,NA,NA,-617.43341,124.90051,151.6118,NA,NA,NA
226,2.25,-595.96967,1437.70813,183.04248,-735.16132,1652.14563,13.12144,-602.32117,1538.40808,3.75384,-717.46997,1524.9812,203.21356,-670.36603,1427.41345,-109.27037,-879.63324,1421.47827,136.35457,-729.89069,1296.71509,53.21215,-868.461,1416.71509,-45.59042,-676.9483,1094.39246,-250.70049,-1011.95435,1110.45447,200.88998,-556.01263,958.69244,-231.12451,-951.18951,995.85785,350.69629,-690.39221,1031.76306,32.26534,-789.06604,1016.08032,116.72337,-890.10706,930.90955,-139.55229,-664.08032,446.05084,33.89286,NA,NA,NA,-617.8255,125.11623,161.80846,NA,NA,NA
227,2.26,-590.82941,1436.88391,188.69363,-730.15045,1651.62036,18.03687,-598.74066,1538.10852,9.32296,-712.66174,1523.49243,208.33093,-666.72363,1426.66443,-105.15823,-874.04718,1421.63879,142.16995,-725.28198,1296.51416,58.35481,-863.6076,1416.09802,-38.43291,-672.26471,1094.17627,-244.88454,-1006.14398,1110.91602,207.90565,-546.80542,963.63165,-221.27426,-940.18286,1003.1828,360.31461,-686.45862,1030.82227,38.49331,-784.84497,1016.0094,125.68797,-887.4679,929.97681,-131.13762,-662.38629,445.27798,39.73121,NA,NA,NA,-617.91803,124.76598,171.68544,NA,NA,NA
228,2.27,-586.07227,1435.73376,194.24535,-726.70422,1651.53516,22.41467,-593.26672,1537.5885,14.45611,-707.63177,1523.14429,213.6067,-663.08459,1425.70496,-101.16216,-869.84235,1420.62463,144.47327,-720.67737,1296.55737,63.20941,-859.45892,1416.31995,-33.58246,-667.41547,1094.32312,-238.68295,-1000.05292,1112.40967,215.39375,-537.57727,970.32751,-212.15462,-931.15234,1013.08588,370.24072,-682.37964,1030.49963,45.64272,-780.21545,1015.93848,133.41597,-884.42224,929.45111,-124.08009,-661.00714,443.80884,45.67906,-978.76337,524.97467,-4.7426,-618.98346,123.63492,178.50945,NA,NA,NA
229,2.28,-580.46027,1434.57922,197.13637,-718.57361,1651.25427,29.7417,-587.91351,1537.22693,20.076,-702.54425,1522.28186,218.74918,-659.14398,1425.30396,-96.47864,-863.76721,1420.95947,148.17038,-716.31305,1297.25769,67.44632,-855.32019,1416.58337,-28.71978,-661.39026,1094.41248,-232.11485,-992.81763,1113.76367,224.07671,-528.31396,975.95612,-201.38651,-921.41113,1022.35443,379.12463,-678.09326,1030.20251,52.113,-775.39764,1017.32574,140.20253,-881.34985,929.73083,-116.59627,-657.56714,443.56952,52.07675,-972.23114,523.0871,9.0974,-619.94312,121.08018,183.22189,NA,NA,NA
230,2.29,-575.47089,1433.68884,203.38185,-712.77985,1651.10181,35.66344,-580.797,1536.65015,25.79558,-696.72937,1522.30347,224.33867,-655.36273,1425.10596,-92.67352,-857.71173,1424.41162,159.39392,-711.79462,1298.00464,73.03698,-850.76337,1417.38208,-22.86502,-654.82184,1094.82373,-226.0948,-986.73914,1116.49622,231.63091,-518.90814,982.87775,-191.29143,-911.79218,1032.51379,387.79929,-674.57947,1030.64539,57.69104,-770.08344,1017.00446,149.81776,-878.09753,929.99823,-110.03125,-653.67407,444.40585,57.85153,-965.90546,521.34381,23.24863,-621.2666,119.82341,185.94476,NA,NA,NA
231,2.3,-570.14996,1433.72168,208.99516,-707.35583,1650.82312,41.31636,-575.55133,1536.21045,30.42915,-690.95526,1521.71826,229.50558,-651.67371,1424.5675,-87.98809,-852.6344,1425.74512,164.72888,-706.81775,1298.06494,78.5616,-846.77264,1417.82898,-17.82894,-648.41986,1094.71973,-218.31705,-979.12506,1117.87915,240.04106,-509.18863,989.87378,-181.60672,-901.8269,1042.98486,395.97305,-670.888,1031.5719,65.20801,-767.72437,1017.74774,153.28276,-874.09131,929.93396,-101.3671,-647.64362,445.02872,64.99039,-959.02502,521.49652,36.92981,-621.50562,119.18878,186.44299,NA,NA,NA
232,2.31,-564.53735,1432.09485,212.88264,-701.92529,1649.81506,47.00276,-572.14636,1536.44861,34.82514,-686.25854,1521.36328,234.42453,-648.41931,1424.55286,-83.64196,-846.61987,1426.96521,170.6519,-702.88885,1298.85999,83.95693,-842.65033,1417.87524,-11.8558,-641.97894,1095.57422,-209.13412,-972.26477,1121.23682,248.22226,-499.70825,997.23627,-172.30489,-892.22845,1053.76965,403.78818,-666.51367,1032.40759,70.68074,-763.20459,1019.19574,159.54628,-871.0719,929.26416,-95.4056,-641.25299,447.21375,69.87762,-950.69116,521.83221,51.61726,-621.37256,118.93787,186.99002,NA,NA,NA
233,2.32,-559.9173,1432.19556,219.27829,-699.17053,1650.22644,49.64697,-567.33966,1536.06323,39.87612,-681.29742,1520.45801,238.96016,-644.81641,1425.13147,-79.74781,-841.83478,1428.65454,175.73853,-698.31354,1298.93567,88.24094,-838.88397,1418.83618,-7.07645,-634.73773,1095.9032,-201.59134,-966.44617,1124.54016,255.74478,-490.03494,1005.09015,-161.96021,-882.23004,1064.09973,410.91281,-662.96021,1034.01196,75.57778,-755.39728,1022.58527,167.56259,-868.44452,929.65234,-87.95947,-634.09027,447.31378,75.06705,-940.63922,521.77527,66.38368,-620.22394,118.44609,186.61952,-1022.86798,117.0723,-42.17854
234,2.33,-554.89276,1431.04248,222.47984,-692.44147,1650.13245,56.63859,-561.09998,1534.62573,44.89936,-676.73627,1519.61682,243.61673,-642.15967,1425.17261,-75.80735,-836.93555,1429.82288,181.46526,-694.00354,1299.51221,94.25454,-835.06232,1418.98083,-0.94347,-628.02386,1097.37756,-193.60655,-959.96832,1127.22498,263.49847,-481.00049,1013.93048,-152.07454,-872.21527,1075.04871,417.81522,-658.41382,1036.03308,79.85446,-751.3819,1024.07825,173.20462,-865.90167,930.03796,-79.54146,-627.01605,448.04584,79.58351,-930.29694,519.30713,75.91075,-619.36438,117.3736,186.72324,-1019.08893,123.04549,-42.0707
235,2.34,-550.06897,1430.92175,227.43347,-687.8595,1650.13489,62.05821,-556.7818,1534.52124,49.18554,-671.55432,1518.8103,248.28062,-639.18146,1425.7113,-71.23761,-831.87103,1431.1792,186.39021,-690.25787,1300.68787,97.74762,-832.05353,1419.9585,3.03108,-620.98523,1099.64099,-186.25017,-953.62408,1130.34888,271.02969,-471.62515,1023.60284,-141.72223,-863.65704,1086.86267,425.07199,-655.84766,1037.05481,83.99397,-746.62329,1024.96924,178.67198,-863.31177,930.37292,-72.07851,-620.24597,448.3656,83.97088,-919.15259,519.92773,92.37279,-618.0578,115.96794,186.0332,-1014.88544,132.28166,-37.56843
236,2.35,-545.18909,1429.85986,232.45702,-682.8504,1650.57373,66.99482,-554.11243,1535.03394,53.47779,-667.01691,1518.76746,253.30254,-636.43146,1426.34277,-67.21269,-827.57788,1432.55676,191.4791,-686.49908,1301.15161,103.8215,-828.37378,1420.49365,9.35023,-613.66241,1101.64209,-178.90129,-947.70001,1133.71594,278.26099,-462.64423,1034.64502,-132.79686,-854.10382,1097.80701,431.2345,-651.47156,1039.32202,87.98331,-742.7049,1026.21094,184.14348,-860.93756,930.62671,-65.6609,-613.05255,448.33197,87.5281,-908.8667,521.1394,115.33578,-616.77063,113.14781,185.65224,-1008.909,141.29657,-29.82461
237,2.36,-541.37067,1429.01794,236.18628,-678.09753,1651.19055,71.71064,-550.01337,1534.95081,57.18951,-661.54565,1518.64539,257.90796,-634.07202,1426.54932,-63.20307,-822.87915,1433.77869,196.74951,-682.29193,1301.90442,108.27514,-825.70026,1421.41479,13.72088,-607.09418,1104.67395,-172.23312,-941.62994,1136.82117,285.48801,-454.11444,1045.8634,-122.03238,-845.09406,1110.05994,437.32855,-647.97137,1040.65759,92.35703,-737.97339,1027.95313,189.21361,-858.48456,930.37555,-58.33715,-606.64581,448.54852,90.15964,-898.1109,518.62946,124.29987,-615.5528,110.81982,185.4193,-1001.68219,150.33597,-17.47816
238,2.37,-537.53394,1427.9834,238.90295,-673.5083,1651.70642,77.11037,-546.02673,1534.74451,62.04327,-656.54218,1518.58167,262.82672,-631.46313,1426.73169,-58.78519,-819.09753,1435.53735,201.40755,-679.29248,1303.34485,112.61666,-822.60913,1421.48706,18.79949,-600.93616,1107.65881,-164.4734,-935.46869,1139.32129,294.09427,-446.25345,1058.79346,-113.24632,-835.383,1120.51978,443.4216,-643.7652,1042.1908,96.65334,-732.56555,1028.8092,193.4054,-856.21204,930.79156,-51.59034,-600.15759,448.93866,92.4012,-888.03125,517.66565,140.39641,-612.05426,108.31746,182.74699,-993.05542,158.71829,-7.65753
239,2.38,-532.85797,1427.7218,241.99272,-668.64117,1652.16052,81.81464,-542.0993,1534.8562,66.40345,-651.2002,1518.42102,267.42352,-629.20422,1427.74023,-54.66081,-814.2403,1437.17981,206.38766,-675.71997,1304.86194,117.09169,-819.81189,1423.02808,23.70312,-594.02545,1111.146,-157.15382,-929.1759,1142.43445,300.6947,-440.02802,1072.87329,-105.59093,-827.42957,1133.61548,448.53253,-640.09393,1043.80847,100.82197,-727.51276,1029.61938,199.14912,-853.85168,931.16986,-44.81943,-593.92126,449.6272,95.18473,-878.02911,518.88611,157.19455,-610.84521,105.69794,182.10547,-984.16339,165.54823,1.52495
240,2.39,-528.63123,1428.35107,248.46471,-664.75244,1653.01038,87.27206,-538.01898,1535.30994,70.99749,-646.50647,1518.72168,272.2226,-627.18915,1428.55066,-51.11119,-810.80627,1439.31836,210.76318,-672.67871,1306.30701,122.64836,-816.3894,1423.8844,30.06938,-588.20837,1115.38782,-151.2381,-923.54413,1146.5603,307.16266,-431.47458,1086.52087,-94.83332,-819.79553,1146.84119,453.38336,-636.22656,1044.88708,104.58079,-722.53748,1031.64551,203.95039,-851.85803,932.31946,-38.34338,-588.16205,449.87036,96.11459,-868.08661,519.41156,174.1736,-609.99115,104.40363,179.97542,-976.21582,174.70244,15.70374
241,2.4,-523.59039,1428.08655,251.20349,-659.75464,1653.4729,92.48024,-534.04578,1535.76941,75.31942,-642.35205,1519.18311,277.04761,-625.37982,1429.73474,-46.61009,-806.60187,1441.33862,215.19569,-668.83264,1308.21777,126.51532,-813.26459,1424.86987,34.38189,-582.18347,1120.349,-143.76054,-917.60425,1150.37231,313.43515,-424.13483,1102.77112,-88.01231,-812.65045,1160.57495,458.36798,-633.28015,1045.67102,106.34435,-717.04065,1032.53772,209.06302,-849.44379,933.41107,-31.76317,-583.73615,449.3414,96.83826,-858.76666,521.2442,192.60806,-607.50653,103.78414,178.18607,-967.55652,181.41478,27.917
242,2.41,-519.48468,1428.70435,257.67603,NA,NA,NA,-530.05719,1536.28918,79.51521,-637.00885,1519.58728,281.85159,-624.03497,1431.69153,-43.27702,-802.74695,1443.46851,219.86803,-665.29108,1308.97021,130.16301,-810.49396,1426.38977,39.42429,-578.02045,1123.19299,-131.81731,-911.07245,1154.4762,319.38608,-417.55704,1119.40796,-81.74049,-805.60803,1174.77893,462.61777,-627.85638,1048.11975,112.87111,-714.53912,1031.91553,211.90573,-847.2356,933.95599,-25.09418,-579.62842,449.27646,97.18832,-848.27808,525.81396,216.69537,-605.48248,103.98005,176.21098,-957.64136,188.9014,40.24034
243,2.42,-514.54285,1428.65405,260.60959,-652.32837,1654.96277,101.64393,-526.12726,1536.65063,84.07009,-631.95953,1519.93005,286.42984,-622.36884,1433.6604,-39.30379,-798.82452,1446.74426,225.17105,-660.85419,1311.54883,136.21802,-807.64691,1427.01563,43.85588,-571.89075,1129.25208,-124.62695,-904.98511,1158.8009,325.01535,-411.36337,1137.04663,-75.40427,-798.39148,1188.03064,466.34998,-625.65167,1046.9939,115.32053,-710.40839,1033.53186,216.866,-844.98785,935.95294,-19.25573,-576.35248,449.04324,96.10767,-839.3208,529.24152,235.19189,-603.90112,104.11803,173.82001,-947.38538,195.77353,52.1839
244,2.43,-510.24609,1429.24634,264.68564,NA,NA,NA,-522.2536,1537.44739,88.27151,-627.66174,1520.88208,291.45184,-620.96234,1435.56384,-35.0529,-794.45477,1449.03931,229.60973,-657.65613,1312.78943,140.71472,-803.96191,1428.79907,50.51724,-566.44794,1135.75818,-117.77,-899.01953,1164.29761,330.41251,-405.50687,1155.8927,-70.12653,-792.88904,1202.86487,470.83051,-621.30243,1048.81641,119.96783,-706.2807,1035.16223,222.07593,-843.14612,937.5097,-13.69944,-574.00024,449.03894,95.18559,-830.85101,533.04565,254.19354,-602.13647,103.22059,171.96875,-936.93787,203.2225,68.1759
245,2.44,-505.73929,1429.45667,267.27399,-644.15515,1656.49548,112.04382,-518.42621,1538.07922,93.22192,-622.96582,1521.54919,296.08002,-619.39954,1438.8501,-30.68643,-790.69641,1451.22424,234.05573,-653.77075,1314.29041,144.68144,-801.14233,1429.8136,55.40857,-560.23041,1143.25098,-110.37782,-893.39282,1169.65088,335.84598,-400.24704,1174.78674,-65.64996,-787.07281,1217.22656,474.15909,-617.66907,1050.02966,123.21,-702.46008,1036.41943,225.76198,-840.63403,938.15723,-6.79959,-571.85938,449.03027,93.4595,-821.90747,537.31525,272.49387,-600.22223,102.29388,169.63626,-927.25555,211.30093,88.56247
246,2.45,-501.1835,1430.00684,271.04385,NA,NA,NA,-514.6203,1538.98328,97.64471,-618.49567,1521.46509,300.63358,-618.07574,1441.04663,-26.10556,-786.43915,1452.5426,237.74648,-650.69757,1315.85364,148.16629,-798.35095,1431.1106,60.20796,-554.04541,1151.11523,-104.60566,-887.86487,1175.03308,341.42395,-395.64429,1194.73999,-62.54522,-781.76569,1231.77637,478.13339,-613.84222,1051.87732,128.76541,-695.80463,1038.05225,232.31572,-837.94037,939.40906,-0.69035,-570.03198,448.595,91.53743,-815.02856,541.44476,291.20834,-598.57159,101.41722,166.89226,-917.14429,217.9169,107.08388
247,2.46,-496.79105,1430.39941,276.87476,-635.98016,1658.05688,122.48917,-511.08426,1539.42786,101.3853,-614.34485,1522.146,305.56656,-616.8183,1444.22083,-21.57858,-783.02203,1453.62683,241.42041,-647.53528,1317.55786,151.76299,-795.66455,1432.12683,65.68436,-547.50342,1158.9386,-98.73209,-882.55304,1180.85645,347.14441,-391.42264,1214.99292,-59.43686,-776.72589,1246.41321,481.69571,-610.46655,1053.43494,133.44812,-692.00159,1041.70825,237.46042,-835.49207,941.3382,4.91267,-568.53717,448.21301,90.2485,-805.16693,546.82416,307.78217,-595.84521,101.6515,164.7513,-907.62183,220.42455,125.44174
248,2.47,-491.84525,1430.87183,281.18454,NA,NA,NA,-507.53821,1540.18982,105.44489,-609.6156,1522.3999,310.38483,-615.37775,1447.08936,-16.80812,-779.09302,1456.66174,245.41673,-643.63196,1319.85767,155.41174,-792.9024,1433.51111,69.967,-540.80725,1167.02246,-91.79689,-877.50574,1186.70044,353.47986,-388.2392,1234.99011,-58.16964,-772.901,1261.35754,486.26245,-607.13019,1054.08704,137.71162,-687.44928,1043.20435,242.54803,-833.32214,942.79083,10.58482,-567.53607,448.7226,87.91901,-798.73126,553.3147,325.12057,-593.73438,101.17166,161.38556,-897.81793,222.90735,144.54449
249,2.48,-487.60257,1431.23633,286.12283,-628.89594,1659.62024,132.93095,-504.02411,1540.81628,109.92123,-605.06342,1522.77209,315.24094,-614.02631,1449.98669,-12.00559,-775.50031,1458.27136,249.46825,-640.21649,1323.80664,159.06187,-790.38788,1434.68494,75.30319,-533.21356,1175.53149,-86.83579,-872.60107,1192.35034,360.67444,-385.49731,1255.28796,-56.19304,-769.61047,1276.9668,490.31992,-603.85144,1055.88757,142.93707,-684.51984,1044.4646,247.55934,-830.71375,944.16571,16.39752,-566.98639,447.76489,85.01997,-791.22919,558.27423,341.14832,-591.81,100.79826,158.66318,-887.77728,227.26768,172.3232
250,2.49,-483.90533,1430.91663,288.24915,NA,NA,NA,-500.69131,1541.27979,114.31911,-600.79114,1522.7627,320.22281,-613.0141,1452.88586,-7.45919,-772.35571,1459.89246,253.46452,-635.82568,1322.72461,164.9586,-787.80212,1435.93677,79.96255,-526.13495,1184.56689,-83.28852,-867.16986,1197.80933,368.71158,-383.43417,1275.41821,-56.35056,-766.16522,1292.42834,494.60559,-600.6972,1058.30005,146.61865,-680.5293,1046.77563,252.57616,-828.06055,945.33881,21.88513,-566.10248,447.70929,83.28604,-784.56787,564.21814,354.13654,-589.81738,100.03764,156.43045,-877.83783,228.27487,191.96127
251,2.5,-479.54526,1430.19263,289.77603,-622.77698,1661.17249,142.81381,-497.30344,1542.01917,118.69275,-595.72736,1522.46582,324.65015,-611.24512,1455.62573,-2.21696,-769.06018,1461.79956,257.05872,-632.5166,1324.90393,169.771,-785.42126,1436.72876,85.27184,-518.9834,1193.38757,-75.80077,-861.79248,1203.49451,378.18503,-382.37582,1295.4502,-55.41313,-762.91095,1307.21619,499.18265,-598.08899,1059.66736,151.46977,-676.48145,1048.13232,256.90836,-825.51196,946.508,27.4105,-565.63562,447.38297,81.77983,-777.14111,570.33136,365.71948,-588.24207,99.29368,154.11198,-867.59851,228.48209,211.28972
252,2.51,-475.6084,1430.60535,296.08093,-618.58569,1661.78418,148.43285,-494.01001,1542.57605,122.78462,-591.56281,1522.29407,329.72653,-609.461,1458.68262,2.13297,-766.16882,1463.79614,260.88605,-629.78259,1326.96118,173.67015,-782.81561,1438.02405,89.76752,-510.8671,1201.99878,-74.83439,-856.09888,1209.55298,388.81427,-382.53107,1313.87256,-54.71584,-760.6322,1323.43433,503.18155,-595.13593,1061.9729,155.72089,-672.94965,1050.48743,261.76169,-822.77771,948.11774,33.45491,-565.19312,446.25858,78.90373,-767.92792,576.49426,375.27908,-585.73987,98.58604,150.09599,-856.9967,227.80969,231.47792
253,2.52,-471.62375,1430.73999,300.15567,-613.81451,1661.75977,156.04399,-490.75299,1542.72632,127.62882,-587.26727,1522.08655,334.35455,-608.21948,1461.25208,7.21056,-763.26807,1465.6106,264.73038,NA,NA,NA,-780.3714,1438.79541,94.79,-502.66922,1210.31104,-71.7448,-849.63928,1215.80774,400.14362,-383.50143,1332.43726,-57.43604,-758.26758,1339.11096,507.25836,-591.6803,1063.31335,160.47014,-670.23425,1052.28381,266.66077,-820.1236,948.89569,38.42873,-565.28473,445.73355,76.10955,-757.83258,582.27521,383.81552,-585.008,97.82821,147.4592,-846.09241,226.72412,251.81152
254,2.53,-467.38443,1429.82227,303.03665,-609.05377,1661.47351,161.89395,-487.50159,1543.29858,131.28175,-583.12732,1521.73572,339.1098,-606.75519,1463.66406,12.54597,-760.30212,1467.28345,268.64697,-622.11389,1332.79395,186.68274,-777.89435,1439.80103,99.22073,-494.00311,1218.94104,-66.70987,-843.77045,1223.36987,411.57993,-385.30319,1350.66272,-57.02219,-754.95068,1354.54211,510.95865,-587.94598,1064.83826,165.29677,-665.69684,1053.146,272.59964,-817.59003,950.06091,43.80161,-566.30811,445.38553,73.22389,-748.1037,587.15961,390.84589,-584.6308,96.70876,145.7632,-835.22491,223.84349,271.5817
255,2.54,-463.7363,1429.38501,306.14993,-606.05292,1662.97498,167.31998,-484.28088,1543.81189,135.9341,-578.88782,1521.28638,344.1395,-605.56482,1466.12976,16.82435,-756.98785,1469.29187,272.07281,NA,NA,NA,-775.4068,1440.24243,104.38633,-484.55222,1227.85706,-63.03708,-836.91406,1231.14478,423.66748,-388.28891,1366.92896,-59.89294,-753.56757,1370.54224,514.56177,-583.68561,1066.88965,168.95721,-661.93286,1055.23657,277.78766,-813.97394,950.34912,50.36808,-567.13373,445.58054,70.32677,-738.73566,591.7655,396.60812,-584.28503,95.55579,143.57433,-823.59375,221.27484,290.96872
256,2.55,-460.16409,1429.17273,311.27246,-601.88544,1662.86707,173.50562,-480.97638,1544.12256,140.55898,-574.19421,1520.99548,348.74765,-604.08044,1468.71326,21.38081,-754.12091,1471.40515,275.75348,-616.35986,1334.17126,192.30241,-773.05273,1440.57544,108.6334,-476.40823,1236.8446,-59.07809,-831.10699,1238.96997,435.34778,-391.81415,1381.83887,-57.29183,-750.70605,1385.32593,517.80829,-581.02289,1067.83472,173.79646,-658.21942,1056.2688,282.12643,-811.09869,951.84869,55.51959,-568.99603,445.15942,67.43814,-729.4549,594.54065,401.59454,-583.79956,94.78168,141.69344,-811.30566,217.53813,311.6763
257,2.56,-455.24124,1428.83923,315.06329,-598.73987,1664.20264,179.11108,-477.6517,1545.26025,144.93025,-569.94037,1520.98535,353.79782,-602.25354,1470.17126,27.00841,-750.79858,1473.23254,279.90887,-612.70251,1337.01172,196.62157,-770.57184,1440.93018,113.16091,-467.69901,1245.04456,-54.8783,-824.10565,1247.42017,446.90088,-395.62085,1396.59033,-55.07841,-748.302,1398.94495,520.73322,-576.58282,1068.16162,178.00388,-654.32867,1057.37183,286.9454,-808.01935,952.12836,60.68668,-570.78851,445.7449,65.87977,-721.46594,597.15009,405.63293,-583.58038,94.22083,139.5657,-799.27759,213.58765,331.51117
258,2.57,-451.49991,1429.31348,319.81918,-594.97113,1664.96667,184.72459,-474.22519,1545.7323,150.35454,-565.97717,1520.93933,358.88693,-600.74847,1472.18005,31.73023,-746.90698,1474.80518,284.27094,-610.56207,1338.13538,201.31841,-767.88885,1440.82813,117.29237,-459.53604,1253.59326,-50.55257,-817.72516,1256.2218,458.75943,-399.74835,1410.87939,-55.85572,-745.42834,1412.3031,522.96106,-573.28552,1068.2417,183.74091,-649.78723,1058.09326,292.17325,-804.25568,952.29767,67.79392,-571.90186,445.9183,64.77084,-713.61859,598.40076,409.5072,-583.16144,94.63176,137.65182,-786.53534,207.94922,351.61725
259,2.58,-448.34476,1428.01819,321.22421,-591.07538,1665.59619,190.55022,-470.93851,1546.43469,155.15598,-561.4295,1520.36267,363.6936,-598.81104,1473.79724,36.98635,-743.51184,1476.76794,288.23471,-606.18762,1340.39282,205.9543,-765.23975,1440.51184,122.64758,-451.63724,1261.80518,-45.87701,-811.13226,1264.8042,469.9245,-404.52005,1422.52246,-53.08421,-742.49158,1424.89893,524.88934,-569.75995,1068.35828,188.79771,-646.33978,1059.29309,296.99759,-800.73499,953.13202,71.79574,-575.44342,446.28601,64.42169,-706.76337,598.67419,413.42502,-583.414,94.84102,135.4408,-773.9079,202.86081,371.73346
260,2.59,-444.69482,1428.20618,325.88483,-588.15692,1666.43494,196.18449,-467.41849,1547.52026,159.64543,-557.27075,1521.02393,368.68555,-596.79236,1475.48877,42.89401,-739.7699,1479.12244,292.34903,-602.5542,1342.79956,212.28499,-762.4129,1440.42798,128.14224,-444.04117,1270.40015,-41.6987,-803.91699,1273.22168,481.18732,-409.27298,1431.97485,-46.90948,-738.5343,1436.11902,526.18195,-565.80377,1069.31531,193.95508,-641.87799,1059.93738,302.31778,-797.66577,953.94122,78.19716,-576.65314,446.44748,64.09798,-699.69812,597.50128,416.56702,-583.21912,95.546,135.00269,-760.18164,194.8058,394.63858
261,2.6,-440.14728,1428.61548,332.30609,-583.20905,1667.05261,201.62335,-464.01755,1547.96912,164.94626,-553.56128,1520.99463,374.16199,-594.94464,1476.60144,47.83231,-735.79431,1480.94409,296.70596,-599.63232,1343.39331,216.23759,-759.29156,1440.30212,133.63258,-437.04285,1278.27917,-35.6638,-797.03613,1281.58545,491.11084,-413.71487,1441.4082,-42.8589,-735.18805,1446.93347,526.94269,-561.18213,1068.93945,197.67436,-638.22229,1060.74585,307.81287,-794.03418,954.47314,84.21962,-577.82422,446.8027,64.3806,-694.1944,595.6701,420.0072,-582.98541,96.14457,132.11375,-747.50946,189.36305,413.87241
262,2.61,-435.39865,1429.46851,337.91547,-580.69171,1667.7146,207.33873,-460.39935,1549.00757,169.3477,-549.09052,1521.30017,378.9472,-592.71368,1477.64722,53.38937,-731.87537,1482.7699,300.91254,-595.76434,1344.94812,223.60924,-756.15735,1440.44519,138.49278,-430.29895,1284.7804,-30.90126,-789.91296,1289.60095,500.48172,-418.01379,1448.82971,-37.24166,-731.40179,1456.63074,527.6723,-557.55933,1068.95703,203.78714,-633.7793,1061.44348,312.3497,-790.76471,957.24146,87.84592,-578.46198,447.5083,64.53336,-689.26727,593.31696,422.7952,-582.92944,96.73417,130.7274,-733.12994,182.58508,433.67798
263,2.62,-431.5271,1430.53943,342.90543,-576.12915,1668.24719,212.5202,-458.64948,1551.27417,173.29977,-545.16174,1521.92163,384.00226,-590.31537,1478.99963,58.33204,-727.90057,1484.79004,305.16107,-592.34314,1346.51062,227.78958,-753.02637,1440.5459,144.43774,-424.60889,1292.21985,-26.15963,-783.51892,1297.45251,509.56601,-422.12146,1455.75549,-32.73034,-727.22894,1464.86096,527.71051,-553.73932,1069.45984,209.64577,-629.60895,1062.26526,318.29123,-786.867,955.75665,96.14273,-578.32623,447.97208,65.65844,-685.48352,590.06494,425.09872,-583.26892,96.43947,129.85965,-719.03033,174.65912,453.44836
264,2.63,-427.78156,1430.4187,346.28296,-573.00769,1669.03723,217.96542,-453.3963,1552.39355,179.97697,-541.0993,1522.47046,389.57602,-588.02734,1480.19177,63.57757,-723.62878,1486.31213,309.79938,-587.62323,1346.97815,234.23666,-750.15399,1440.43494,149.71349,-419.0318,1298.34521,-20.48877,-777.53735,1304.85608,517.77155,-425.79462,1460.65527,-24.59135,-723.62164,1472.47437,527.91101,-549.43347,1069.69751,215.13884,-625.23187,1062.5498,323.03989,-782.68304,956.11615,103.73663,-578.45221,448.48337,66.77379,-682.14825,586.34766,428.12268,-584.0542,96.29955,128.30388,-704.09943,167.83092,473.22098
265,2.64,-423.53622,1431.073,348.98392,-569.56873,1669.3197,223.48222,NA,NA,NA,-536.66351,1523.03064,394.35574,-585.5556,1481.07935,69.43291,-719.10809,1487.72595,314.70847,-583.70203,1348.51233,238.14868,-747.54749,1440.34912,155.18672,-414.1915,1304.33655,-14.8466,-770.73663,1311.1084,525.50781,-429.14258,1464.547,-16.09232,-718.65009,1478.65161,527.66687,-544.88916,1069.49866,220.00871,-619.68671,1063.52759,329.10455,-779.4989,957.41907,108.70261,-577.4082,448.63571,68.20855,-680.07751,582.67218,430.99094,-584.3576,96.63932,125.8783,-689.27051,160.6694,493.61038
266,2.65,-419.79346,1431.86548,354.71927,-565.91498,1669.61877,228.53412,NA,NA,NA,-534.25146,1523.6781,396.89539,-583.0658,1482.20215,76.2282,-714.41364,1488.78894,319.28867,-578.74255,1348.79871,244.52835,-744.66925,1441.02039,160.67297,-410.48471,1310.14978,-9.44713,-763.91638,1316.33289,532.40088,-432.61545,1468.17358,-9.86062,-713.90399,1484.05688,527.09265,-538.19342,1069.55029,225.06587,-616.10498,1064.03369,331.45673,-775.76807,957.48767,114.82132,-576.13068,448.44464,70.14445,-678.93207,578.9986,433.55374,-584.58319,96.03081,124.52096,-673.36957,154.87805,514.28436
267,2.66,-414.84769,1432.45557,359.29004,-562.60406,1669.86768,233.6561,-441.99771,1551.7124,194.37686,-528.69495,1524.3114,403.72736,-580.65192,1483.20923,82.65571,-709.78009,1489.74805,324.25995,-575.05756,1349.67395,249.6187,-741.51111,1441.93164,165.77985,-406.64316,1314.25513,-2.43367,-758.45587,1321.94458,539.36346,-435.6481,1469.74524,-0.3517,-708.91498,1488.67297,526.75873,-533.30212,1070.13513,230.81377,-609.71625,1065.21069,337.87173,-770.91864,956.84357,122.55008,-575.01819,449.40826,71.92601,-678.02216,574.97772,435.70227,-584.98706,95.74233,123.79617,-657.12714,151.27275,533.53607
268,2.67,-410.41714,1433.33777,365.92899,-557.82782,1669.56311,238.74362,-438.17645,1552.64185,199.11432,-525.36835,1524.63525,408.58066,-578.31628,1484.53674,88.12336,-704.99762,1490.58899,329.00031,-570.23865,1350.0813,255.22839,-738.10492,1442.58862,171.65477,-404.16409,1319.1825,3.45975,-751.61859,1326.03918,545.25354,-438.64539,1470.67102,8.98812,-703.53894,1492.2655,526.84381,-528.17664,1070.83411,234.88242,-604.09778,1065.04614,344.34863,-766.39465,955.73694,132.68573,-574.04938,449.3219,73.72738,-678.83893,570.76709,437.2045,-585.99103,95.9798,123.88316,-640.22595,151.17039,554.27374
269,2.68,-406.1828,1434.83643,372.69836,-555.362,1670.13428,243.84682,-434.48883,1552.59912,204.22124,-521.14709,1525.198,413.71783,-575.91113,1485.68518,94.66291,-700.30542,1491.28674,333.87064,-565.43256,1350.93311,261.51416,-734.49506,1442.80823,177.07367,-401.56625,1322.28564,10.65701,-745.15814,1329.68652,551.61761,-440.8934,1471.02795,17.9686,-698.17792,1495.31262,526.46069,-522.49762,1070.30103,241.45801,-598.3653,1065.4176,350.10028,-762.39276,955.59998,140.10675,-572.18915,449.6748,76.31006,-680.64307,565.67133,438.70367,-586.20172,95.7678,122.60228,-624.94275,152.72253,568.39398
270,2.69,-401.44531,1435.20435,377.76022,-551.50977,1669.62512,248.68535,-430.72247,1552.43457,209.71709,-517.01379,1524.7063,419.578,-573.43201,1486.79224,101.36063,-695.67029,1492.25818,338.67242,-560.93683,1351.41125,268.11948,-730.6546,1442.94287,182.5434,-399.53378,1324.71045,17.2817,-738.48138,1333.05603,557.41571,-442.83365,1469.99792,26.41076,-693.19348,1497.19421,526.41455,-517.52301,1069.47974,246.91161,-592.84442,1066.58423,356.11111,-758.47272,955.03534,147.45195,-570.21808,449.53305,79.00958,-682.54688,560.37268,439.30795,-587.04114,95.41415,122.04855,-610.8587,160.45033,584.83295
271,2.7,-396.9545,1435.86401,383.3143,-548.66388,1669.53894,253.91623,-427.13708,1552.69751,214.80499,-513.80872,1524.52039,424.3299,-570.89331,1487.83691,107.71922,-691.63318,1492.82556,343.97577,-556.99799,1351.38098,273.5134,-726.92261,1442.70837,188.55014,-397.87213,1325.86499,24.88582,-732.12866,1335.31628,563.19196,-444.40021,1469.60901,34.92635,-687.67303,1498.81201,526.46582,-511.95987,1069.93311,253.00827,-586.93146,1066.3009,361.41299,-754.97339,954.83313,155.45786,-569.03937,449.24847,82.13797,-683.3252,556.0636,439.63162,-588.09973,94.72244,121.52758,-597.03595,169.9111,597.64813
272,2.71,-392.86023,1434.84949,387.48398,-545.7749,1669.02844,259.67038,-423.6814,1553.05872,219.93684,-509.23438,1524.30151,429.53757,-568.54578,1488.10034,113.25278,-688.30219,1493.43787,349.09476,-551.48291,1352.08203,278.91321,-723.49084,1442.05493,194.44827,-395.8335,1326.39734,31.69714,-725.16833,1336.79065,569.43695,-445.4433,1468.74475,42.33899,-682.74365,1499.65662,527.65063,-507.01773,1069.52148,257.55316,-581.35754,1066.32471,368.22131,-750.89935,954.46155,163.13454,-568.0271,449.60303,85.26801,-682.43591,553.0708,439.93884,-589.74622,93.38094,122.05506,-586.08154,178.0517,607.61163
273,2.72,-389.31296,1434.02454,390.44949,-542.0354,1668.44946,264.99905,-420.48508,1552.87463,224.55278,-504.9191,1523.7395,435.35712,-566.12274,1488.25256,118.87882,-683.83655,1493.35645,354.5582,-548.10193,1351.79468,285.16751,-719.73517,1440.95398,202.90417,-393.85931,1326.18701,38.89885,-717.92053,1337.68884,575.34979,-445.89633,1467.47119,49.98132,-678.34851,1500.64636,529.52844,-501.46136,1068.97949,263.66492,-574.99713,1067.11182,376.08759,-746.729,954.40302,170.46143,-565.47974,449.06995,89.03581,-679.9328,553.06842,439.94785,-590.69489,91.87387,122.07974,-574.10175,187.67252,619.10315
274,2.73,-386.25623,1433.59961,395.29187,-539.92242,1668.27954,270.57123,-417.4259,1552.46143,229.6156,-500.83978,1523.22827,440.64041,-563.64081,1488.17407,124.96934,-680.05859,1493.25525,360.16083,-544.14307,1351.98853,290.90503,-716.73779,1439.97302,209.44557,-391.93353,1324.86731,45.96749,-710.82959,1338.24512,581.70111,-445.7742,1465.69067,56.93412,-672.98706,1501.08301,532.07355,-496.08344,1068.02686,268.72681,-569.71289,1066.25635,381.27515,-741.63721,952.7984,180.63788,-564.09692,448.892,93.11535,-676.52832,552.5188,440.32605,-591.04907,91.52495,121.94411,-563.16034,195.44524,627.99304
275,2.74,-382.12009,1433.76343,400.77798,-536.32538,1667.26184,276.17465,-414.75082,1551.78296,235.10493,-497.73279,1522.24451,445.22479,-561.42206,1487.76514,130.41684,-676.35132,1493.01611,365.58578,-539.30273,1353.18335,296.978,-713.95709,1439.09949,215.80833,-389.86105,1323.70093,53.04005,-702.80481,1338.22302,587.57623,-445.09323,1464.01465,62.75863,-667.98505,1501.19971,535.46094,-490.75815,1068.19739,274.23178,-563.03302,1066.44006,387.69016,-737.45642,952.2951,187.36118,-561.53345,448.37573,97.71895,-672.30054,553.19482,440.84601,-591.3598,90.7919,122.2449,-551.76636,202.57684,636.40192
276,2.75,-378.76785,1432.9314,406.70322,-533.3681,1666.7948,281.9006,-412.2522,1550.60339,239.39139,-493.61496,1521.52393,450.20374,-559.03583,1487.05481,135.55222,-673.28534,1492.64136,371.15326,-536.18439,1353.41614,301.84613,-711.10486,1437.96863,221.98337,-388.79312,1322.11975,60.19097,-695.20135,1338.05713,593.27661,-443.04916,1462.20068,70.35341,-663.15411,1501.05383,539.67853,-485.80035,1067.453,279.66867,-557.59265,1066.84546,394.14594,-733.6366,951.39349,195.6283,-559.2793,447.42923,104.30582,-665.67188,555.02484,444.04919,-593.38959,89.0826,122.98574,-540.74341,209.04689,643.68695
277,2.76,-375.44879,1431.94739,408.83377,-530.78534,1666.39355,287.28601,-409.83948,1549.96448,244.21881,-490.11301,1520.46899,455.40024,-556.85834,1486.17151,140.76384,-670.23254,1492.20984,376.82312,-531.90936,1353.61707,308.14328,-708.13739,1436.63074,228.17014,-385.64151,1320.77063,67.1746,-687.61371,1337.927,599.70349,-441.07635,1459.95642,75.01997,-658.40558,1501.10168,544.68933,-480.78058,1066.64368,284.78253,-551.1178,1066.35852,400.26572,-729.40228,950.37488,203.48195,-556.47473,446.81116,110.47274,-657.77728,556.87134,447.09671,-593.49713,88.26492,123.33791,-529.53784,214.22649,650.68555
278,2.77,-372.37042,1428.90527,411.89185,-527.7334,1665.27466,292.86328,-407.42416,1549.32251,249.16325,-486.71469,1519.24341,460.46826,-554.81006,1485.12854,146.08401,-666.98303,1491.47314,382.88727,-528.22797,1352.5116,314.21954,-705.37085,1434.93762,234.36656,-382.95163,1318.60803,74.1095,-680.07416,1337.10681,605.48132,-438.51709,1457.97839,80.185,-653.14209,1500.4408,549.72662,-476.59357,1065.44678,291.40134,-545.78033,1065.94934,407.74225,-724.80194,949.03717,211.81879,-552.87427,445.79611,118.35834,-649.34644,557.42358,451.01566,-593.56067,87.54739,123.77925,-518.48444,219.12143,657.0545
279,2.78,-369.06427,1429.04504,418.91452,-524.96735,1664.59351,298.05481,-404.9317,1548.77258,254.31346,-483.14578,1517.63904,465.63824,-552.66968,1483.57629,151.13753,-662.81097,1489.948,388.37598,-524.07733,1352.59607,318.85001,-702.5957,1433.07581,240.61424,-380.51273,1316.8324,80.9752,-671.89111,1336.27759,611.29144,-435.22818,1455.23914,84.91406,-647.90118,1499.81909,555.75842,-472.7424,1063.95422,296.33566,-539.91046,1066.16309,414.42261,-719.9577,947.08777,220.44858,-549.97528,444.58139,127.01762,-642.64685,557.7926,456.47861,-593.61798,86.9838,124.22626,-507.91083,222.98235,662.60468
280,2.79,-365.383,1427.38074,420.03162,-523.29846,1663.56311,303.20874,-402.69476,1548.09937,256.79767,-480.36356,1516.92468,469.939,-550.28247,1482.34009,155.83693,-660.80945,1489.39478,391.6636,-520.68481,1351.02991,324.24118,-699.87848,1431.37488,246.75282,-378.19431,1314.77625,88.02831,-664.00311,1334.70972,617.28888,-431.78833,1452.74341,89.4907,-642.948,1499.01221,562.09418,-467.92505,1063.98877,302.5899,-534.38348,1065.42627,420.99969,-715.61346,945.19275,229.29851,-545.06543,443.19638,135.97903,-635.11328,557.7652,462.50821,-593.25787,85.68561,125.63063,-497.18506,226.33542,667.48041
281,2.8,-363.20117,1426.50452,425.53735,-520.4101,1662.29468,308.50308,-400.06558,1547.52148,261.98553,-476.97324,1514.97791,475.2103,-547.93829,1480.88696,160.40556,-656.48566,1487.59705,400.28613,-516.67603,1349.94604,329.07965,-697.14905,1429.91492,252.86488,-375.69205,1312.61292,93.97715,-656.09698,1333.19714,623.27954,NA,NA,NA,-638.21429,1498.1001,568.7738,-463.19662,1063.24756,308.75891,-528.35895,1065.1687,427.53735,-710.75317,942.30542,238.0854,-541.776,441.13687,145.59242,-627.90338,557.18726,469.7287,-593.04291,84.94442,126.66432,-487.13284,227.94281,671.84033
282,2.81,-358.4693,1425.84448,429.12698,-517.08301,1662.13672,313.78265,-397.31049,1546.87244,267.21265,-473.70938,1514.55261,480.11609,-545.29578,1479.98511,164.88989,-653.09711,1486.36499,406.53946,NA,NA,NA,-694.37268,1428.79749,259.29974,-373.41211,1310.28625,100.02937,-648.69403,1331.75012,628.79492,NA,NA,NA,-632.73639,1496.33496,575.336,-459.09656,1061.81677,313.60071,-523.05237,1064.63806,434.13174,-706.96149,940.3089,247.02274,-538.55774,439.4418,156.32709,-621.73871,556.35681,478.1337,-592.69635,84.47983,127.9138,-478.45486,229.69249,676.24408
283,2.82,-355.1424,1426.46936,436.53433,-514.8584,1662.46252,319.16354,-394.12079,1546.93677,272.05057,-469.77347,1514.29041,485.39636,-542.76105,1479.39868,169.78827,-648.68579,1485.78796,413.13245,-509.64951,1349.10095,339.1947,-691.20605,1428.23828,265.69354,-372.01718,1308.07117,105.27121,-641.12085,1329.34192,634.16992,NA,NA,NA,-627.62744,1494.74207,582.43768,-454.5672,1060.21277,319.87823,-517.14899,1063.85779,440.07266,-702.76636,937.67651,255.82945,-534.9657,437.35406,168.93703,-615.05225,556.43872,486.15027,-592.26959,84.13066,128.34166,-469.38214,230.57047,680.53027
284,2.83,-352.07007,1426.16223,439.16556,-510.2287,1662.12878,323.59668,-390.79639,1547.00464,275.53903,-465.8465,1514.64844,491.31528,-539.97833,1479.06946,174.63098,-644.68085,1485.33606,419.33743,-507.23471,1348.61865,343.4259,-687.94275,1427.81042,271.98911,-370.6091,1305.27124,110.56094,-634.51172,1327.323,639.16351,NA,NA,NA,-622.46454,1493.09131,589.68121,-449.81497,1060.00781,325.27646,-510.92236,1062.67188,446.43195,-698.31799,936.5752,264.61319,-530.96442,435.02554,183.33252,-608.69531,556.11676,494.07123,-591.05249,84.04151,130.47954,-461.62582,229.63937,683.96216
285,2.84,-348.33063,1425.26294,441.18091,-507.28467,1662.65186,328.59756,-387.47427,1547.09192,280.47116,-461.62033,1514.46606,495.07379,-537.10834,1479.1698,179.60916,-640.56567,1485.09033,425.60843,-503.64914,1349.19775,347.16699,-684.18243,1427.9436,277.77948,-369.40741,1303.026,115.69691,-627.99591,1324.93469,643.87567,NA,NA,NA,-616.99274,1491.18591,596.48645,-445.81906,1059.25415,330.1673,-506.49619,1062.61414,453.7182,-695.64508,936.27856,272.41888,-527.23761,433.7648,196.97876,-603.2782,557.13605,502.57858,-589.42133,85.46172,131.49525,-453.32361,230.54549,687.69202
286,2.85,-344.21585,1425.85352,446.66327,-503.28378,1663.07922,333.12814,-383.89651,1547.40259,285.6001,-457.02286,1515.56885,500.42764,-533.94104,1479.10913,184.30583,-635.86847,1485.17688,431.54019,-499.82724,1348.32556,354.05188,-681.09503,1428.24023,284.25726,-368.73712,1300.66321,120.06781,-620.92322,1322.19604,648.03699,NA,NA,NA,-611.85669,1489.1665,603.02435,-441.0791,1059.18237,335.21185,-501.34433,1062.1239,459.18243,-692.09869,936.36688,279.96146,-522.23004,431.69562,211.15532,-598.58331,558.99255,511.57648,-588.06061,87.61967,132.85197,-448.64972,225.8053,689.05688
287,2.86,-339.68198,1427.53442,452.19699,-499.96622,1663.31641,337.57483,-380.28485,1548.07898,289.15665,-453.5278,1516.44653,504.58948,-530.72864,1479.48352,189.26801,-631.07703,1485.11096,437.3739,-496.6384,1348.40283,357.19269,-677.41327,1428.98376,290.00607,-367.72235,1298.74963,124.17141,-614.22607,1319.76477,652.18268,NA,NA,NA,-606.57678,1486.98914,609.45837,-437.84805,1059.17676,339.27551,-495.63882,1061.88037,464.54849,-688.7901,937.11017,287.52521,-516.95178,431.63956,227.00529,-593.797,561.41705,520.59113,-585.12762,91.9039,136.83066,-443.19525,221.36302,690.36859
288,2.87,-335.30045,1428.95569,458.63791,-496.14645,1663.63586,341.75479,-376.77124,1548.67322,293.35254,-449.34241,1515.84534,504.81067,-527.79669,1479.72339,194.31961,-626.29919,1485.41528,443.42282,-492.17001,1348.83557,362.12613,-673.71545,1429.7804,295.90378,-367.57187,1296.62671,127.80166,-608.93896,1317.40234,656.86432,NA,NA,NA,-601.1908,1484.98193,615.60352,-433.8826,1060.58984,345.03436,-489.38046,1062.7915,470.98337,-685.25629,937.90851,294.71478,-511.07516,431.94193,242.81619,-589.63458,562.41907,524.95782,-581.68726,98.4478,141.51447,-439.60144,215.20134,690.28729
289,2.88,-330.25592,1430.88196,461.49472,-492.90637,1664.49512,346.23724,-372.89499,1549.35583,298.20959,-444.75403,1519.83142,512.31982,-524.46246,1480.44885,199.05382,-621.24573,1486.0498,449.50528,-487.47849,1349.88684,366.86392,-669.79199,1430.97852,301.85864,-367.24722,1294.36914,131.27634,-602.73157,1315.27405,660.60455,NA,NA,NA,-595.56,1482.92932,622.11584,-429.8371,1062.31226,349.35889,-484.47379,1063.6908,475.10056,-681.82245,938.71796,301.73709,-504.90842,433.82538,256.96918,-584.25342,565.95007,538.72528,-579.52679,106.33657,148.61678,-435.99246,207.99445,689.74255
290,2.89,-325.69586,1432.34021,465.05838,-488.88861,1664.75073,350.08115,-369.19351,1550.02039,302.04236,-439.65076,1520.37598,517.39081,-521.00018,1481.00488,203.25848,-615.90875,1486.61011,455.48297,-483.23709,1350.49243,371.6481,-665.86267,1431.96411,307.8613,-367.03333,1292.39233,134.01674,-596.9884,1312.56372,664.45398,NA,NA,NA,-590.03351,1480.49805,628.41492,-426.65012,1063.91565,352.8205,-478.29633,1065.38562,479.60547,-678.8161,940.20172,308.69855,-498.43625,436.21716,274.21146,-579.46973,567.90369,547.94098,-578.47449,113.42205,157.7128,-433.68439,200.76797,688.20282
291,2.9,-320.64905,1432.63379,468.76767,-485.42206,1665.69678,354.26508,-365.38672,1550.63635,305.94629,-435.53586,1521.83655,523.67578,-517.77979,1481.73547,207.90042,-610.93622,1487.07544,461.95731,-478.49155,1350.86426,375.97427,-661.92047,1433.05054,313.87347,-366.811,1290.60547,136.68359,-590.80548,1309.53247,668.55157,NA,NA,NA,-584.18433,1478.073,634.52582,-423.65686,1065.95361,356.51044,-474.76227,1067.4248,483.69681,-676.41058,942.30682,314.75534,-490.99539,439.58905,288.94318,-574.64142,569.0285,557.10565,-576.50336,120.73431,167.2263,-432.13828,193.50417,686.50836
292,2.91,-316.65833,1434.37378,474.57397,-481.77512,1666.63745,358.50635,-361.37088,1551.37292,310.57394,-430.11639,1522.95996,528.11444,-514.50214,1482.5415,212.27255,-604.745,1487.27002,467.73868,-474.17252,1351.82898,378.92413,-657.80432,1434.24341,319.88544,-366.7626,1288.81262,139.11591,-585.63092,1307.36011,672.57782,-390.50626,1430.06006,133.90269,-578.55316,1476.02258,640.74695,-420.92303,1067.53442,360.27655,-469.5062,1069.83984,487.47684,-673.21686,943.58075,321.88486,-483.31702,444.33078,303.27841,-570.51593,571.13159,566.28442,-573.91449,127.94966,176.25932,-431.38174,186.37273,684.11249
293,2.92,-311.81146,1435.7771,478.28018,-477.34067,1666.85974,362.39719,-357.34271,1552.10583,313.27353,-424.65244,1523.7113,531.53827,-511.30777,1483.38525,216.70273,-598.89691,1488.04871,472.70328,-468.80621,1352.91052,384.75876,-653.6972,1435.2937,325.68271,-366.15448,1287.09241,141.19731,-580.13354,1304.5918,676.34802,-387.61588,1428.85083,135.77832,-572.81653,1473.69446,646.78125,-417.58325,1069.4873,363.58209,-464.1188,1071.50513,490.80768,-669.53998,944.66559,328.07257,-473.97467,452.384,313.96609,-565.88556,572.2135,574.81006,-570.71344,136.79289,186.53954,-429.72336,178.39738,681.27856
294,2.93,-306.91049,1436.48193,481.51569,-473.38733,1667.98535,366.41846,-352.9491,1552.88843,318.17841,-420.96991,1525.57336,536.68195,-508.37726,1484.73547,220.17529,-592.76532,1488.26685,479.61053,-464.24484,1354.33826,388.21951,-649.33698,1436.51624,331.36084,-365.83722,1285.43665,142.20938,-574.5611,1301.79932,680.16602,-384.5209,1427.9884,139.15154,-566.37036,1471.0343,652.87598,-414.4357,1069.97021,366.99796,-458.97815,1074.02527,494.36023,-666.94879,945.74731,335.15823,-464.33789,461.00385,324.81165,-562.5697,573.96661,583.54663,-565.27197,145.38199,197.75526,-430.19641,171.54216,678.87317
295,2.94,-302.13647,1438.30835,485.86636,-468.11777,1668.58289,370.15213,-348.29694,1554.02039,321.73059,-416.04825,1525.94653,540.80359,-504.88385,1485.40833,224.04195,-586.93408,1488.73145,485.25491,-459.46835,1354.81079,390.57471,-644.78949,1437.81799,336.9566,-365.87387,1283.71179,144.72974,-569.8595,1299.68616,683.85461,-382.35995,1427.10669,140.55574,-560.48944,1468.77832,658.42834,-410.27612,1071.22327,369.52985,-452.89548,1074.49353,497.53284,-663.39459,946.63495,341.34631,-451.71106,466.69299,335.27106,-559.2207,574.16376,592.15271,-560.08948,153.86603,209.63092,-429.82767,163.51393,675.29663
296,2.95,-297.06625,1439.87756,489.72565,-463.77585,1669.96082,374.68597,-343.17682,1555.1875,326.02701,-411.00995,1527.20984,544.95422,-501.2793,1486.74841,228.24693,-580.5224,1489.04895,490.92987,-453.76126,1355.90076,395.27109,-640.32397,1439.15662,342.69574,-365.67416,1283.13354,146.11142,-564.73657,1297.00659,687.26617,-380.07513,1426.72803,142.14427,-554.37091,1466.49353,663.96326,-406.5834,1071.72876,372.58496,-449.01913,1076.35193,501.30286,-659.86938,947.48999,347.37625,-440.25653,473.19778,345.95032,-556.28625,574.1507,600.84723,-555.00177,161.68025,221.29924,-430.2886,156.44278,671.62164
297,2.96,-291.64496,1440.16699,493.1398,-458.33487,1670.72986,378.74802,-337.93021,1556.10889,330.76059,-405.76526,1528.77551,549.23938,-497.55954,1487.87378,232.56131,-574.70782,1490.37732,496.42105,-448.77737,1357.29919,398.47522,-635.63489,1440.51648,348.17932,-366.07748,1282.28406,147.25723,-559.91241,1294.95996,690.10913,-377.47818,1426.04736,144.7964,-547.74982,1464.07202,669.40222,-402.40137,1072.04822,375.59796,-443.53995,1077.54358,504.58939,-656.01135,947.73413,353.11749,-428.91342,477.77118,356.96109,-552.73669,572.81555,610.00012,-548.6377,169.79015,232.53613,-432.6088,151.62364,667.33478
298,2.97,-286.18097,1440.48962,496.77222,-452.13,1671.83252,382.81689,-332.55164,1557.13416,334.04794,-400.0191,1530.15381,553.28009,-493.95773,1488.96814,236.65401,-567.91211,1490.92139,501.67175,-444.34674,1357.75586,401.02591,-630.74658,1442.01123,353.69543,-366.33817,1281.32874,147.6657,-555.5282,1292.64636,693.28613,-375.46448,1426.24426,146.63416,-541.3374,1461.70789,674.7699,-398.21744,1072.3446,378.18948,-438.96869,1078.09998,507.38574,-652.28265,948.61377,358.73911,-417.77969,484.11896,365.59137,-550.15198,571.61627,620.24292,-542.07758,177.49216,243.29378,-434.94342,149.173,663.35181
299,2.98,-281.10513,1441.20691,501.27148,-446.62332,1673.17065,387.04681,-326.97339,1558.16028,338.26471,-394.17743,1530.96094,557.04504,-490.20953,1490.03186,240.56023,-562.08063,1492.13184,506.26297,-438.74115,1358.61096,405.86841,-625.74738,1443.50122,359.07837,-366.5155,1280.56421,148.83896,-550.75983,1290.00354,696.10089,-372.11459,1424.44092,150.48846,-534.70935,1459.58411,679.2406,-393.24121,1071.90552,381.65732,-434.08286,1077.97095,510.71564,-648.36884,949.23291,363.58548,-406.15317,488.55435,373.59799,-545.65564,570.54736,628.5155,-534.58386,185.41959,253.85321,-438.42453,148.33029,658.27917
300,2.99,-275.62439,1441.57642,505.04684,-440.65778,1674.2627,390.78137,-321.28195,1559.21204,342.43616,-389.1322,1531.18591,561.27246,-485.71732,1491.20642,244.75008,-555.39587,1492.99329,512.14789,-434.03555,1359.79736,409.31848,-620.78033,1445.12207,364.48395,-366.87466,1279.96118,149.94746,-546.62177,1288.50061,698.83038,-369.94565,1423.87524,152.29756,-528.93909,1456.75415,684.37396,-388.45163,1072.16821,384.75882,-428.99731,1077.71899,514.03143,-645.39069,950.52795,368.34592,-393.44098,493.5209,377.66,-541.96942,571.11499,636.82312,-526.42218,192.17757,264.72855,-441.88632,148.04782,653.35168
301,3,-270.09967,1442.08167,509.02487,-434.99155,1675.28455,395.01715,-315.69995,1559.75916,346.18463,-383.17953,1531.9043,564.93823,-481.47662,1491.90735,248.88379,-548.81726,1493.30225,517.17737,-428.0477,1359.8147,413.40491,-615.40405,1446.79028,369.7262,-367.36407,1279.34363,150.0719,-541.78772,1285.61597,701.94812,-367.60144,1423.39734,153.76741,-522.31659,1454.40198,689.41193,-384.5191,1072.08667,387.59976,-423.36932,1077.83154,517.51837,-641.5166,951.66968,372.55798,-379.80466,497.3656,381.04605,-538.83527,572.98962,645.29858,-518.38885,199.16864,277.36658,-445.60342,148.06477,648.30945
302,3.01,-263.8139,1442.56128,512.30145,-428.92087,1675.81348,399.17609,-309.79141,1560.5874,350.36566,-376.53006,1531.71777,567.7652,-476.94659,1492.77954,252.63609,-541.90137,1493.49304,522.19739,-423.15781,1360.20471,416.62289,-609.70129,1447.75647,374.34616,-367.74042,1278.30566,150.4119,-537.39594,1283.96252,704.64893,-365.1702,1422.76733,155.44228,-516.10303,1452.22559,694.15271,-380.367,1072.12708,390.5463,-418.64246,1078.25134,520.41528,-637.66364,953.04749,376.96548,-367.68579,500.41074,386.18701,-535.54584,574.45453,652.96912,-509.34509,205.51646,289.17825,-448.15353,147.34805,644.1311
303,3.02,-257.74158,1443.20569,516.61255,-422.79294,1676.44263,403.23788,-303.79617,1561.1958,354.34821,-371.36221,1532.38354,572.35968,-472.89651,1493.40637,257.18848,-535.39575,1493.57898,527.69055,-417.92422,1360.9093,419.3844,-604.40375,1449.19482,379.81277,-367.95721,1277.74451,151.04384,-532.70862,1282.12988,707.86121,-363.19934,1422.27869,157.42871,-509.84583,1449.71826,698.81982,-376.17661,1072.65454,393.39746,-413.63452,1078.88672,523.46863,-633.61206,954.01331,381.02667,-354.21924,503.35837,389.25925,-532.83545,575.67249,661.51459,-499.97537,210.33041,299.80649,-451.73557,147.85605,640.14929
304,3.03,-251.68861,1443.95618,520.94391,-416.10629,1676.97852,407.03918,-297.86856,1561.36609,358.03159,-364.72858,1532.64087,575.81482,-467.99164,1493.67102,260.60083,-528.52496,1493.53491,532.56598,-411.9834,1360.73096,423.05319,-598.98499,1450.57983,385.42444,-368.38925,1277.40747,151.58255,-527.57086,1280.26416,711.21301,-360.47198,1421.83167,159.31357,-502.82523,1447.7699,702.82367,-371.9874,1073.42139,396.97556,-408.25653,1079.84912,527.90717,-629.10657,954.88245,384.73804,-341.50262,505.9129,390.69116,-529.61536,575.96625,667.0647,-489.70038,214.61543,310.08682,-453.60324,147.82893,636.84143
305,3.04,-245.77075,1444.125,525.31982,-409.62814,1677.20264,411.04489,-291.91174,1561.57861,360.77554,-357.83801,1532.86938,579.42615,-463.3483,1494.35815,264.87671,-521.81201,1493.42957,537.55634,-406.99689,1361.00159,426.15375,-593.19446,1451.50867,390.44055,-368.61362,1277.04333,151.67908,-522.69574,1278.57788,714.89728,-358.19141,1421.42249,160.89919,-495.42737,1445.43774,707.56146,-368.04117,1074.66284,398.34097,-403.4173,1080.54785,530.59143,-624.98395,955.86121,388.69388,-328.63351,507.59039,392.38837,-526.34576,576.13422,672.47754,-479.02002,217.17331,320.96426,-456.07681,148.03177,632.54669
306,3.05,-239.96121,1443.5791,528.1795,-402.86047,1677.22205,414.93597,-285.87039,1561.24634,364.5379,-350.38766,1532.50403,582.65576,-458.33411,1494.24438,268.56766,-514.8028,1493.13879,542.23438,-400.8848,1360.53979,429.99777,-587.11212,1452.43396,395.22473,-368.45071,1276.65906,152.22116,-516.4198,1277.67297,718.60748,-355.61423,1421.65466,162.92026,-489.42664,1444.34656,712.1748,-364.22415,1075.70386,401.3237,-398.3576,1080.98401,532.20892,-620.79102,956.56586,393.04578,-316.0773,509.1185,393.58743,-524.03259,576.59619,678.14301,-467.82269,219.6548,331.78726,-457.41016,147.21631,629.63983
307,3.06,-233.46396,1442.60986,529.45581,-396.85693,1677.30273,418.918,-279.82043,1561.11536,367.59918,-345.54953,1533.00623,587.62274,-453.50012,1494.69055,272.98535,-507.97824,1493.16882,547.08075,-395.92694,1360.5918,433.07944,-581.53125,1453.17651,400.50055,-367.85825,1276.72754,152.54646,-510.76309,1276.84082,722.16473,-352.47168,1421.71191,164.64223,-482.50226,1443.12048,716.92548,-359.68726,1076.4624,403.81113,-393.30511,1081.43005,534.68488,-616.50946,957.30872,396.65216,-303.46811,509.08817,393.71582,-521.2403,576.0354,682.14752,-456.22018,221.93544,341.18076,-458.5564,146.11578,627.19781
308,3.07,-227.38846,1440.80725,532.52972,-390.12677,1677.29651,422.71552,-273.60971,1560.76563,370.53702,-338.04291,1532.13538,590.25934,-448.47543,1494.41321,276.59149,-501.29715,1493.15771,551.72418,-390.30106,1359.64771,436.08426,-575.74304,1453.59937,405.2872,-366.63791,1277.27332,153.00346,-503.82733,1276.1366,726.54138,-349.13342,1420.98242,167.11702,-474.55148,1442.29285,721.23065,-355.80518,1077.42285,405.82538,-387.92838,1081.66589,537.19788,-612.48077,958.20428,401.03812,-291.46951,508.96097,393.5336,-519.17419,576.04242,685.67566,-442.51511,222.9008,350.96255,-460.91565,145.2775,626.18311
309,3.08,-221.12074,1440.87158,536.58624,-382.80887,1676.9502,426.37674,-267.52945,1560.04785,374.39786,-331.63614,1531.58972,594.72864,-443.21298,1494.57935,280.02856,-494.5321,1492.93689,556.00946,-384.85294,1358.87939,439.70407,-570.10699,1454.08264,410.19424,-365.27478,1278.05273,153.58296,-496.19907,1275.97766,731.02692,-346.77216,1421.64587,168.56247,-467.19879,1442.22058,725.41449,-351.22394,1078.04663,408.0271,-381.34369,1081.6355,539.81494,-607.72424,958.43237,404.47733,-280.49185,508.02936,393.4252,-517.46411,574.68414,687.41223,-428.36041,223.92621,358.54865,-462.36734,143.70966,625.56805
310,3.09,-214.02527,1439.81653,538.04523,-376.89014,1676.74707,430.43094,-261.32703,1559.45715,377.04245,-324.52057,1530.63208,597.66638,-438.70966,1494.61377,284.38568,-487.55508,1492.38904,560.03149,-378.90909,1358.58057,441.51166,-565.17877,1454.87927,414.08313,-363.75864,1279.22363,153.69229,-488.60596,1276.06555,735.46198,-343.03049,1422.58179,170.13223,-458.87515,1441.90747,729.49817,-346.65356,1078.53186,409.55908,-376.0199,1081.41138,541.94824,-603.04584,958.78766,408.5098,-269.4534,505.7652,394.37262,-514.10968,572.60315,687.11102,-413.33124,221.92764,367.06442,-463.13861,142.46185,625.23145
311,3.1,-207.41309,1439.65894,541.46674,-369.34372,1676.14734,434.08081,-255.1447,1558.33813,380.81601,-317.74136,1529.82288,601.13312,-433.664,1494.8335,287.75439,-480.41147,1491.81921,563.74976,-371.64825,1357.98279,445.43478,-559.34277,1455.01831,418.83215,-360.76187,1279.71277,155.31543,-479.16885,1276.07788,740.03131,-339.59509,1423.28931,172.45964,-451.01517,1442.17737,733.55914,-341.48462,1078.72205,412.19394,-370.54056,1081.073,543.3028,-598.38477,958.66028,412.26508,-258.22757,504.68549,392.54474,-513.08459,571.05853,688.1203,-396.37399,216.93811,374.80875,-465.99265,140.91066,624.93506
312,3.11,-201.2361,1437.77893,546.31018,-362.73724,1675.48511,437.73657,-248.89481,1557.44409,383.69034,-309.37543,1528.69226,603.29144,-428.91769,1494.71948,291.33371,-473.38678,1491.66113,567.34833,-366.42798,1356.75208,448.02313,-553.71674,1454.90759,423.5145,-357.56882,1280.60645,156.87386,-471.50424,1276.90173,744.43768,-335.39401,1424.11365,174.37567,-442.53687,1442.49963,737.71381,-336.19876,1078.54321,414.1572,-363.48425,1080.54834,546.54932,-593.69623,959.11127,416.0238,-247.98627,502.67227,392.93542,-511.59497,569.85522,687.64734,-379.22885,209.93716,377.68219,-465.89426,140.19835,626.91986
313,3.12,-194.51157,1435.39063,548.04938,-355.69894,1675.02673,441.31686,-242.576,1556.59778,386.56702,-302.65335,1527.39893,606.61688,-424.28009,1495.08447,295.37146,-466.33224,1491.25732,570.89142,-360.86624,1355.88354,450.49518,-547.80182,1454.87451,427.51074,-354.00638,1282.2467,158.14919,-461.8642,1277.10913,748.85046,-331.41898,1425.42249,176.77269,-434.18573,1443.17322,741.48181,-330.80872,1078.55701,415.84268,-357.89236,1079.48792,548.03125,-588.58435,959.38171,419.47626,-238.21027,501.03787,392.53162,-510.08383,568.84778,686.97333,-360.95349,201.92461,380.2608,-468.18466,139.21159,628.10522
314,3.13,-188.41669,1434.25732,549.39288,-347.97385,1674.24268,444.83603,-236.30692,1555.38232,389.43808,-297.35275,1526.01648,610.79248,-419.87793,1494.69434,298.53339,-459.39432,1490.88977,574.44202,-355.20078,1355.44043,453.06839,-541.96405,1454.79504,431.66876,-350.00391,1283.5658,160.36981,-451.4696,1277.52454,753.03546,-326.46866,1426.22266,179.3284,-424.96039,1443.6593,744.16034,-324.9064,1077.90125,418.28714,-352.18393,1077.85547,549.59894,-583.16602,959.67975,422.36325,-228.90154,499.76581,392.81235,-509.24292,567.89557,686.55408,-341.59406,193.60399,382.70676,-468.53046,136.88965,628.51123
315,3.14,-182.86497,1431.78577,553.1156,-341.27383,1673.65381,448.47678,-229.94772,1554.11841,392.02127,-290.77176,1523.92883,613.42633,-414.10016,1495.245,301.68188,-452.32922,1490.32593,577.73187,-349.13696,1355.17944,456.23737,-535.94946,1454.60364,435.57291,-344.7988,1284.2489,162.17896,-441.72223,1278.23987,757.39783,-322.57913,1427.64722,182.5258,-415.48373,1444.30811,747.57166,-319.16281,1076.51294,419.99753,-344.79892,1077.59399,552.36688,-577.59601,959.41412,425.01367,-220.54417,497.47397,392.53091,-507.69946,566.54126,685.55713,-321.09094,186.32478,383.94818,-470.32138,129.09003,617.85083
316,3.15,-175.72768,1430.26611,557.38074,-333.71399,1672.78894,451.89307,-223.55153,1552.98242,394.70627,-281.35443,1522.48706,614.5835,-408.72485,1495.48877,304.9841,-445.2543,1490.05823,581.10913,-343.96481,1356.64429,458.23471,-529.90417,1454.24158,439.82736,-338.73093,1286.24792,163.56718,-431.97653,1279.20056,761.18518,-317.60513,1428.84766,185.25967,-406.00967,1445.55786,749.76556,-313.20581,1075.46692,421.92432,-338.60904,1076.20776,554.66003,-572.15466,959.56061,427.84622,-212.60428,495.78244,391.74832,-506.35437,565.36072,684.19891,-299.42636,178.98474,385.68021,-470.43832,133.01219,630.19135
317,3.16,-169.70505,1427.85632,558.6228,-326.13165,1672.11121,455.14426,-216.95392,1551.95886,397.47302,-276.17667,1520.64087,618.14258,-403.72739,1495.23926,308.50244,-439.10416,1490.18213,583.60187,-338.25211,1354.67786,460.90201,-523.76343,1453.95911,443.69669,-332.98306,1287.01416,165.556,-421.46463,1280.6189,764.67853,-311.8056,1429.75989,187.57664,-396.75101,1446.20288,752.96851,-306.82516,1075.07544,424.45673,-332.4874,1075.56384,556.63116,-566.33521,959.46478,430.32993,-205.50841,494.71771,391.42868,-504.76059,564.2403,682.78467,-277.18021,171.10536,386.74823,-473.05243,131.87732,632.12762
318,3.17,-164.2706,1425.63635,560.70557,-318.48431,1671.5304,458.36023,-210.55428,1550.73267,399.47455,-267.75027,1519.58435,620.00085,-398.04562,1495.45874,311.65915,-431.66437,1489.9115,586.62854,-331.53275,1355.10999,462.86005,-517.29779,1453.45715,447.22,-327.22519,1288.26123,167.82025,-411.12979,1281.13489,768.17761,-306.73593,1431.68835,191.01303,-386.48877,1446.65112,755.04272,-300.94833,1073.94238,426.59409,-325.0527,1073.77026,559.30408,-560.1488,959.34625,432.69348,-198.98883,494.29208,390.32431,-502.8273,563.04425,680.76068,-254.94566,164.21631,387.71179,-474.31516,129.85983,633.38568
319,3.18,-157.07451,1424.59424,562.92365,-310.92261,1670.86755,461.42484,-203.89465,1549.5835,402.30807,-262.50107,1517.44653,623.39075,-392.13889,1495.44189,314.66724,-424.33163,1489.20227,589.55383,-324.58511,1354.24341,466.0654,-510.93271,1452.83472,450.78003,-320.67429,1289.15454,170.08115,-400.61227,1281.50684,771.66833,-300.72809,1431.70117,194.30647,-376.68579,1447.5459,756.63684,-294.57349,1073.24109,428.37494,-319.11942,1073.30396,561.63721,-553.82019,958.9455,434.84415,-193.46935,494.68298,389.42917,-500.4834,561.77777,678.50311,-231.59538,158.25438,385.53723,-475.37909,127.17982,634.66272
320,3.19,-150.93683,1422.66284,564.43158,-304.52469,1670.49561,464.7128,-197.1041,1549.07495,404.28223,-255.39406,1517.02612,626.27618,-386.32361,1494.97217,317.82553,-416.69763,1488.70459,592.66388,-319.51144,1354.30444,468.28555,-504.39902,1452.36377,454.38867,-314.38937,1288.47437,173.05481,-390.21921,1282.19226,774.90552,-295.27878,1433.23657,197.49257,-366.20938,1447.98267,758.5097,-288.68881,1073.06006,430.50937,-311.70953,1072.72131,563.36334,-547.92426,958.8587,437.21765,-187.17023,494.29706,388.6116,-498.48502,560.91528,676.7074,-209.09166,152.10228,385.15732,-477.0546,126.31674,636.48669
321,3.2,-144.42497,1420.67993,565.97467,-296.47083,1669.61682,467.57126,-190.28732,1547.77319,406.50494,-246.44609,1515.50464,627.08667,-379.92404,1494.69946,320.51096,-409.12665,1488.02307,595.21851,-311.60034,1353.23315,470.41235,-497.44913,1451.68115,457.82813,-307.84912,1289.13062,175.14471,-380.49484,1282.27722,777.76648,-289.26297,1433.71289,201.2403,-356.09366,1448.44006,760.06165,-282.33475,1072.01038,432.88373,-305.29407,1071.68921,565.3501,-541.26453,958.57422,439.14511,-181.83371,493.58594,387.72662,-496.41675,559.84381,674.63843,-185.9435,146.52295,384.82086,-478.58862,124.1394,638.42438
322,3.21,-137.70668,1419.46826,568.17871,-289.00162,1668.7821,470.19125,-183.17598,1547.38379,409.02908,-238.94287,1514.28394,629.58496,-373.25671,1494.25293,322.98892,-401.54385,1487.46814,598.22632,-305.23239,1353.75012,472.1413,-490.38904,1451.09131,461.16409,-299.823,1290.14478,177.58765,-370.55463,1282.69092,781.73083,-283.242,1434.45715,204.27562,-345.78683,1448.36133,761.80383,-275.05188,1072.3988,435.3587,-297.62366,1070.82385,567.8623,-533.48169,957.42334,441.74051,-176.71858,492.37988,387.18719,-495.57028,558.79767,673.00275,-162.35843,141.15637,382.75061,-479.59042,122.41477,640.41846
323,3.22,-129.08493,1418.75488,570.8241,-282.13333,1667.87085,472.94131,-176.1429,1546.57129,410.90247,-231.43948,1513.42493,631.90906,-366.74222,1493.56018,326.01132,-393.60828,1486.85071,601.00513,-297.44733,1352.36902,475.41434,-483.51596,1450.26538,464.46616,-293.46915,1289.74329,179.61922,-359.92722,1282.48645,783.9433,-277.06305,1434.84705,207.76419,-335.23105,1448.35425,763.27386,-268.32419,1072.14429,436.21829,-290.59067,1070.38623,568.94098,-527.05676,956.94702,443.85385,-171.42598,491.10742,386.88278,-492.35156,558.05298,670.98578,-139.20985,136.07433,382.57193,-480.24069,120.41692,642.5506
324,3.23,-121.61607,1418.57385,572.61371,-274.75461,1667.30188,475.04391,-168.97499,1545.5033,413.51062,-223.60689,1512.59204,634.14856,-359.94601,1493.27527,328.92023,-385.53577,1485.90186,603.63879,NA,NA,NA,-475.87512,1449.36121,466.8725,-285.26089,1290.67944,182.06941,-349.94574,1282.14331,785.5257,-270.39822,1435.17578,211.08847,-324.26559,1448.00513,764.88098,-261.91867,1071.70178,437.35544,-283.06229,1069.36206,570.89801,-520.30774,956.42963,446.20789,-166.092,489.72751,386.55411,-488.81927,556.09418,668.63757,-114.59914,133.54466,380.42676,-481.56174,120.06742,645.16132
325,3.24,-113.94949,1417.50256,573.39337,-267.52386,1666.48792,477.37747,-161.57193,1545.15588,415.45792,-215.04388,1511.90393,636.18231,-352.83563,1492.95215,331.81229,-377.70975,1485.13525,606.26404,-282.89447,1351.00745,479.4729,-468.16702,1448.58472,470.02444,-278.11066,1290.68787,184.23271,-340.12531,1281.73914,788.14069,-263.62949,1434.50879,214.75,-313.89859,1447.38257,766.52527,-254.5414,1071.1853,439.09848,-275.43524,1067.79456,572.11401,-513.05444,955.87207,447.82922,-160.4904,487.48642,386.3009,-486.15125,555.26453,666.28943,-90.18971,132.01129,379.54175,-481.91333,118.57327,647.42621
326,3.25,-105.67578,1417.23608,575.91919,-259.82007,1665.5509,479.44321,-154.21204,1544.34436,416.84488,-207.42633,1511.78625,638.53571,-345.0658,1491.99695,333.92734,-369.55182,1483.94836,609.14264,-274.12122,1349.82239,480.63959,-460.57465,1447.72827,472.84619,-271.32846,1289.10547,186.39067,-330.28473,1280.47302,790.21423,-256.75073,1433.84875,217.80653,-302.89127,1446.26855,768.02606,-247.23618,1070.06799,440.42569,-267.15643,1067.11987,573.81775,-505.92883,954.39349,450.47128,-154.90973,485.84659,387.03696,-481.97647,554.19684,663.46753,-67.4582,134.86784,379.14661,-481.98703,117.90593,649.75397
327,3.26,-96.95351,1417.48779,579.04584,-252.65599,1664.6377,481.15421,-146.73647,1543.14294,419.52866,-199.85489,1511.328,640.91437,-337.35562,1491.27747,336.51825,-361.53171,1482.83276,611.62585,-266.82935,1349.14331,482.5899,-452.98914,1446.84558,475.49722,-264.4342,1289.04834,188.74966,-321.06067,1279.07739,792.2171,-249.77161,1433.17175,221.00665,-292.93027,1444.7157,769.86176,-239.40823,1069.20337,441.41946,-259.63248,1065.71472,574.86969,-497.89844,953.68787,452.45132,-149.41379,484.39444,387.20493,-477.98904,553.36267,661.33179,-45.74555,140.11877,378.9689,-482.26883,116.85904,652.53925
328,3.27,-89.5291,1416.86304,579.03949,-245.36436,1663.64636,482.99359,-139.04105,1542.75525,421.59827,-190.57416,1510.66724,642.7326,-329.6076,1490.25403,338.90515,-353.15591,1481.4043,614.25446,-259.12399,1348.04797,487.10699,-444.64722,1445.65979,478.15518,-257.2937,1287.19775,191.06964,-312.10904,1277.94287,794.15546,-241.42517,1431.41882,223.57289,-281.53268,1443.11963,771.59467,-231.75909,1068.58838,442.31845,-251.60248,1064.42676,576.47845,-490.29904,952.98334,454.91675,-143.87021,482.57263,387.90134,-473.47025,552.71375,658.64227,-25.75077,147.34598,377.95193,-482.56158,116.65741,654.66833
329,3.28,-81.06936,1416.8335,581.98975,-238.07518,1662.67566,484.86005,-131.28156,1542.04053,423.15915,-182.4319,1510.65039,644.73682,-321.69852,1489.40869,341.39978,-344.61542,1480.10754,616.46082,-249.93869,1346.59705,488.55573,-436.87323,1444.71191,480.94492,-250.57179,1287.18372,191.71667,-302.83725,1276.26514,795.97058,-236.79143,1431.27771,223.11691,-271.20297,1441.07397,773.26434,-223.90639,1067.5979,444.08801,-242.76331,1063.16003,576.841,-482.43994,951.67444,456.73175,-137.71396,482.05087,387.82803,-468.26862,552.29602,656.68512,-7.72096,154.56618,376.79709,-482.1275,116.02545,656.83563
330,3.29,-71.50322,1416.57983,584.5531,-230.33626,1661.87756,486.42676,-123.58582,1541.26099,424.27563,-174.58362,1510.70508,647.0177,-313.4996,1488.62708,343.70761,-336.45502,1478.5885,619.12616,-240.93156,1345.27991,489.44135,-428.34116,1443.32629,482.99005,-244.88464,1283.71802,194.44083,-293.46579,1273.92859,797.52649,-226.42601,1426.94971,230.15968,-261.26233,1439.19995,774.94495,-215.45711,1066.32068,444.8071,-233.63242,1061.54431,578.91248,-474.31635,950.57184,458.76102,-132.16736,480.53046,388.92447,-462.98523,552.21344,654.13892,8.9815,161.94463,376.13004,-481.59482,115.38143,659.09515
331,3.3,-63.28661,1416.59656,586.51599,-222.98235,1660.63367,487.90918,-115.61568,1540.14563,426.63071,-166.06007,1510.32324,649.02423,-305.15109,1487.83313,345.90747,-327.88284,1476.80664,621.84943,-232.34691,1344.73267,490.19849,-419.8136,1442.2832,485.49203,-239.40892,1282.35107,195.62186,-285.45493,1271.66016,799.31189,-219.14258,1425.55981,231.37115,-251.39148,1436.32605,777.01416,-206.79494,1065.25928,446.85999,-225.06071,1059.36938,579.06915,-465.82532,949.75867,460.1077,-126.47924,478.92075,389.05786,-454.74118,551.8092,651.39264,23.45255,168.1619,377.25467,-481.52878,113.1478,654.73059
332,3.31,-54.31238,1416.15295,587.92822,-215.30499,1659.71777,489.91779,-107.51074,1539.65967,428.08646,-157.6741,1509.99133,650.98187,-296.7753,1486.52625,347.79794,-319.15829,1475.22864,624.13367,-223.57216,1343.59265,492.60565,-411.43082,1441.24768,487.9375,-233.87029,1279.49048,196.89958,-276.66534,1268.90857,800.98663,-210.83832,1422.45496,233.77927,-240.95505,1433.40552,778.48401,-198.28983,1064.1665,446.8866,-215.84454,1057.43896,579.78015,-457.36758,948.50616,461.49042,-120.28097,478.40234,389.00815,-447.01633,550.84534,649.41162,37.39063,173.76456,378.4205,-481.1413,113.49105,658.25677
333,3.32,-45.59772,1416.24414,590.40674,-207.09337,1659.00598,491.86487,-99.09915,1539.2699,430.00003,-148.66095,1509.48108,652.84534,-288.27902,1485.38708,349.72757,-309.55093,1473.29089,626.4151,-214.29961,1341.70667,494.17236,-402.64764,1440.02917,490.33365,-228.71373,1276.36523,199.39845,-268.17395,1266.3158,802.53613,-204.2314,1420.00085,230.75435,-231.17189,1430.29773,779.89575,-189.83485,1063.17773,448.08813,-206.60889,1055.99622,580.6131,-448.53668,947.46454,462.54431,-114.18858,477.13852,389.58786,-439.08682,549.86548,647.88049,50.56289,177.70671,380.25677,-483.22778,112.89907,663.91846
334,3.33,-36.6774,1416.24304,592.30695,-199.85521,1657.95337,493.17953,-90.70264,1538.02039,432.89087,-140.27869,1509.33325,654.76764,-279.67917,1484.1925,351.96417,-300.93347,1471.9093,629.63245,-205.67445,1340.56213,494.89984,-393.73441,1438.71826,492.37189,-224.14522,1273.74304,200.45972,-260.62463,1262.94458,804.26422,-193.26134,1415.56714,237.24043,-221.24646,1426.63562,781.50189,-181.08987,1061.60815,448.64157,-197.76164,1054.47253,580.7403,-438.95923,946.08197,463.07434,-107.5193,475.35934,390.25516,-431.11533,549.02069,646.96344,63.43522,180.86481,381.65027,-481.37909,113.24086,666.03674
335,3.34,-27.74063,1416.04065,593.79303,-191.19426,1656.67371,494.4855,-82.19134,1537.23401,434.42825,-132.03368,1508.8208,656.7677,-270.67627,1483.02661,353.54486,-291.69736,1470.0083,632.10565,-195.52667,1338.98669,495.66556,-384.27878,1437.45337,494.26245,-219.54512,1269.96777,202.40898,-252.58498,1259.4574,805.71375,-184.24437,1411.30627,239.05333,-211.69336,1422.92444,783.59436,-171.41098,1060.6355,450.22604,-188.7007,1052.56873,582.54846,-429.56226,944.53284,463.37775,-100.55562,474.23526,390.94449,-422.20926,547.25854,646.24139,74.87789,182.71243,383.4921,-479.72949,112.54574,665.56189
336,3.35,-19.3755,1415.77759,596.16418,-183.42239,1655.62817,496.39673,-73.53554,1536.46655,436.25934,-123.34593,1507.92163,658.75958,-261.37903,1481.45313,354.70145,-282.04636,1468.1488,634.58661,-186.24835,1337.38159,497.03479,-375.44583,1436.27002,496.74103,-214.8284,1266.58472,203.84256,-244.77283,1255.89331,806.9444,-176.01855,1407.15979,239.31952,-202.00388,1418.62793,785.22119,-162.1877,1059.36584,450.61142,-178.66957,1050.59045,583.77875,-420.23141,943.73071,463.1376,-93.61791,472.64496,391.89807,-412.95102,545.45593,646.22461,85.65983,183.97015,385.24686,-478.38165,111.79097,667.24713
337,3.36,-10.22684,1415.28284,598.95306,-174.49219,1654.62817,497.57571,-64.74925,1535.86975,438.09427,-114.74925,1507.24243,660.40643,-252.05321,1479.89001,355.86075,-272.73682,1466.26733,636.9137,-178.27261,1334.05481,502.09656,-365.73425,1435.18579,498.83383,-210.41843,1263.51025,204.80135,-237.51559,1251.93152,807.8764,-165.64528,1401.62146,241.82983,-192.60098,1413.93005,787.10736,-152.95451,1058.5614,451.79956,-169.0863,1049.22729,584.40393,-410.72552,941.90411,463.26071,-85.95587,471.08066,391.89374,-403.57513,543.74707,646.64514,96.3295,184.78998,385.86609,-477.6571,112.10058,668.43042
338,3.37,-1.05164,1415.10999,600.9801,-167.27068,1653.59375,499.30878,-55.74023,1535.41321,440.32886,-106.39886,1506.76379,662.36438,-242.56267,1478.47791,357.09351,-262.71506,1462.94104,639.00024,-169.76469,1332.38635,503.5444,-356.16302,1433.98352,500.37439,-205.4312,1259.97339,206.37485,-230.0152,1247.58142,808.70819,-156.42921,1397.25562,243.19388,-183.07143,1409.47607,788.97742,-143.5042,1057.0481,452.19321,-160.95697,1048.16174,584.6756,-401.15118,941.08649,463.36371,-77.84156,468.96777,393.33569,-394.78104,541.98981,647.62476,106.42578,184.23067,386.74536,-476.09631,111.55177,669.65881
339,3.38,8.4817,1415.15125,603.14789,-158.70056,1652.39185,500.75311,-46.73537,1534.90698,440.64795,-98.12962,1506.29565,664.15631,-233.09537,1477.0979,357.88525,-252.55363,1460.67822,640.73395,-159.53964,1331.30261,503.6947,-346.32132,1432.60278,502.15643,-200.90283,1256.36926,207.48488,-223.20805,1243.45947,809.31219,-147.12468,1392.07568,244.65259,-172.7307,1404.59082,791.02936,-133.32605,1056.79724,453.12552,-150.5009,1046.27246,585.93958,-390.94327,939.16406,463.44766,-70.2133,467.17731,393.38837,-384.79987,539.06207,649.06989,116.56918,183.46439,387.556,-474.57642,111.42564,671.45563
340,3.39,17.27041,1415.1012,605.93658,-150.31743,1651.06494,501.97214,-37.40554,1534.49377,443.06061,-89.31689,1505.52454,665.77191,-223.34502,1475.83899,358.81741,-243.5452,1458.98535,642.56812,-150.72983,1329.54895,504.59897,-336.65625,1431.50635,503.56024,-195.90111,1253.44458,208.90291,-216.22397,1239.00671,809.63428,-137.82382,1388.3595,244.56546,-163.41231,1399.39661,793.39325,-123.19727,1056.06677,453.28986,-141.0506,1044.87402,587.03119,-380.41089,938.20398,463.3046,-62.17299,465.04507,393.9595,-376.13477,537.04578,651.086,125.98954,182.89679,388.88632,-470.70935,110.96745,675.20294
341,3.4,26.90829,1414.63,607.61334,-141.1886,1649.97864,503.20789,-27.90335,1533.95935,445.1312,-80.23441,1504.98022,667.43799,-213.54294,1474.52527,359.64661,-233.43687,1456.71021,644.42841,-141.03146,1328.11536,505.21503,-326.72983,1430.21838,504.89529,-191.21014,1250.33472,210.17752,-209.96008,1235.00586,810.32855,-128.37456,1383.73584,245.1313,-154.5433,1394.32007,795.79962,-113.30479,1055.33728,455.10663,-130.17528,1043.92908,588.34119,-369.39767,936.66138,463.00323,-54.46303,462.6485,394.97269,-367.92728,535.84491,653.90344,134.83279,181.03357,390.55246,-469.20074,111.46519,676.51532
342,3.41,36.21181,1414.65588,609.79346,-131.84396,1649.14514,504.32407,-18.42196,1533.42737,446.77039,-71.57292,1504.41931,668.90387,-203.5656,1473.50867,360.18906,-224.2818,1455.20959,646.0462,-130.37302,1326.53882,505.85532,-316.83997,1429.26929,506.17645,-185.70285,1247.60303,210.32597,-202.82193,1230.69495,810.20923,-117.0093,1378.39453,246.75357,-145.21896,1388.94348,797.35681,-102.68922,1053.88464,455.20389,-120.09195,1042.67688,587.88171,-358.90445,935.57257,462.22565,-47.13039,460.23096,395.05463,-358.89539,534.36121,656.92908,143.45743,178.94672,391.01495,-465.77066,111.78049,678.6264
343,3.42,45.94234,1414.19336,612.33527,-122.59738,1648.58044,505.74155,-8.65925,1533.07251,448.60989,-62.34448,1503.72168,670.45117,-193.15852,1472.80981,360.25204,-211.13568,1452.29858,648.33209,-119.7897,1326.90442,504.38663,-306.77762,1428.56067,507.09402,-180.41734,1245.96826,212.82828,-197.19113,1227.10999,810.14978,-108.50844,1373.89478,246.38576,-136.26768,1383.87683,799.14563,-92.10826,1053.3053,455.7059,-109.86522,1041.71912,588.05078,-348.03955,935.06653,461.72931,-39.49044,457.55829,395.62686,-348.86511,532.37842,659.22534,150.89032,176.10843,392.92319,-462.49783,112.47478,680.25574
344,3.43,54.76982,1414.11316,614.03241,-112.73103,1648.73303,507.12231,1.49136,1532.92798,450.5824,-55.14265,1503.24475,673.01276,-183.21838,1472.27332,360.85971,-199.61598,1450.40356,649.71796,-110.91637,1325.47009,507.12872,-296.63855,1428.24756,508.24338,-173.80653,1243.52197,212.65424,-190.60031,1223.03601,809.61096,-97.92843,1370.03284,246.67636,-128.19276,1378.6582,800.61542,-81.54214,1052.23047,455.71423,-99.52635,1040.45728,589.11023,-337.39966,934.40552,460.73193,-32.03155,456.54288,395.89749,-339.18924,531.42853,661.81769,157.15718,172.10834,394.52182,-458.83536,113.86343,681.22968
345,3.44,64.82121,1414.4281,616.65289,-103.41692,1648.87939,508.48975,11.69013,1532.7157,452.65851,-46.09716,1503.17908,674.63647,-172.94838,1472.10498,361.55386,-190.96767,1450.2666,651.77106,-102.08736,1326.10974,507.927,-286.28757,1427.88452,508.88672,-167.70917,1242.58191,212.93752,-185.40759,1219.97034,808.76404,-87.11554,1367.12964,247.12938,-119.47315,1374.52844,801.9043,-71.3119,1050.75232,457.22839,-88.01506,1039.81189,589.12158,-326.99594,934.20197,459.71667,-24.13036,455.49722,396.42523,-328.55347,529.62646,664.48602,162.56227,167.90958,396.30261,-454.68936,115.15246,683.03632
346,3.45,74.14636,1415.01794,618.3645,-93.83364,1648.87903,510.10794,22.1524,1533.46423,454.68848,-36.39644,1502.80273,675.77222,-162.53436,1472.13586,362.14157,-179.36855,1448.4917,652.94971,-92.79996,1324.47607,508.78806,-275.66437,1428.07092,509.92169,-161.35558,1241.6488,214.60486,-179.6187,1216.57202,808.33899,-77.41124,1364.40063,245.90863,-111.57946,1370.19312,803.23022,-59.85563,1050.5647,456.91406,-77.10416,1038.99146,588.54694,-316.48682,934.66559,459.04718,-15.11634,456.87442,397.51422,-318.86743,529.09894,666.96667,166.90376,164.27298,397.67749,-449.98724,117.89402,684.18152
347,3.46,83.89903,1415.00269,620.33502,-84.20879,1649.08789,511.1481,32.45642,1534.27124,455.49112,-27.53492,1503.74976,677.28766,-152.17064,1472.47314,363.0303,-168.6843,1447.49548,654.28448,-83.20758,1324.85583,509.1384,-265.40356,1428.01111,510.87817,-154.02165,1241.46521,215.10968,-174.37762,1213.73621,807.51764,-67.86864,1363.75525,243.81873,-103.43687,1366.10535,804.74359,-49.31646,1050.76917,457.35931,-66.65105,1038.20276,589.12164,-305.7709,934.75323,458.43695,-5.48903,459.95517,397.57803,-308.27786,528.32684,669.34631,169.78619,159.34375,399.18854,-445.07556,120.05499,685.53241
348,3.47,93.72308,1415.39722,621.84277,-74.31845,1649.25781,512.31555,42.67265,1534.17712,457.5054,-17.50875,1504.31775,678.61578,-142.00682,1472.9873,363.99014,-158.20473,1446.87976,655.52216,-74.021,1323.52063,509.44626,-255.23619,1428.53027,512.10748,-146.6452,1241.25745,216.26164,-169.51431,1210.9834,806.59186,-56.15047,1360.57556,245.26498,-94.99663,1362.07495,806.22931,-39.89456,1051.7738,456.46869,-56.9795,1038.03711,588.263,-295.04779,934.44366,458.52319,5.48085,461.72552,397.93225,-298.173,527.84454,671.7948,172.40926,155.27676,401.14481,-438.7543,122.61993,686.45459
349,3.48,103.40785,1415.36987,623.67957,-64.36248,1649.51611,513.18225,52.84537,1534.25989,459.70166,-8.60101,1504.23315,679.40118,-131.7399,1473.70117,364.67886,-147.82329,1446.52979,656.638,-64.6614,1323.36304,509.18161,-245.3887,1428.83362,513.23041,-138.37309,1241.93079,215.62759,-164.48331,1208.96729,805.36475,-46.82657,1360.14819,242.92268,-87.59498,1358.84314,807.82721,-29.10958,1052.91101,455.73148,-45.68041,1038.06848,588.15515,-284.57684,934.79126,458.79501,17.2296,463.60556,398.43781,-287.33405,527.92316,673.82837,173.61325,150.58989,403.40582,-431.78644,126.02267,687.32599
350,3.49,112.67139,1416.26306,625.53387,-54.44319,1649.37451,514.11932,62.88224,1535.02502,460.01343,0.84808,1503.85571,680.24786,-121.5607,1474.67261,365.36893,-138.5576,1446.44116,657.11798,-54.07539,1324.78772,509.69632,-235.66541,1429.76367,514.1734,-129.06723,1242.7843,215.97031,-159.0153,1206.37183,804.85864,-34.49984,1358.21179,245.31036,-79.62082,1355.2616,809.1969,-19.92202,1054.45984,454.81076,-35.40604,1038.79761,588.31085,-274.79495,935.52429,459.58575,29.45563,465.47733,398.66489,-275.33936,528.35083,675.91467,174.19168,146.09984,404.34866,-423.93613,129.25418,687.61462
351,3.5,122.0865,1417.16248,626.68488,-44.74873,1649.71899,515.32715,72.89802,1536.12183,461.62589,10.236,1504.1698,680.95978,-111.59793,1475.78223,366.18933,-129.04718,1445.88123,658.31909,-44.13554,1325.40479,509.9704,-225.99751,1430.41479,514.88055,-120.16949,1244.41833,216.07709,-154.06595,1205.45984,804.07477,-23.68634,1358.80823,245.2171,-72.46901,1352.90637,810.56653,-10.13749,1055.9563,455.3598,-25.89464,1039.13672,586.18329,-265.13821,936.3299,459.9758,43.0329,467.40521,398.30847,-263.49088,528.97534,677.86053,174.88292,141.42899,405.55179,-415.23471,132.51874,685.78845
352,3.51,131.49443,1417.47217,629.03339,-35.25765,1650.83826,517.07599,80.50442,1538.62976,460.70477,19.30902,1504.42395,681.67889,-101.04134,1476.54492,367.16858,-119.65221,1445.7002,658.75543,-34.47431,1325.3811,510.13605,-216.66856,1431.02747,515.66028,-110.44435,1245.27051,216.72517,-149.12863,1204.10266,803.49091,-13.22282,1360.76514,242.09164,-64.61578,1349.68762,812.01459,-0.61053,1057.62781,454.92313,-15.16733,1040.3009,585.8277,-255.71471,936.65442,461.0267,55.84639,467.79269,397.89569,-251.6873,529.70276,680.57513,175.17398,136.42049,406.1442,-406.52969,137.08627,682.69543
353,3.52,139.95346,1418.26904,630.29089,-25.67871,1651.81775,518.17535,90.215,1539.15295,462.82217,28.91615,1505.81604,683.3999,-90.95266,1478.0592,368.0018,-109.67192,1445.79785,659.50751,-24.00231,1326.20557,510.66003,-207.02762,1431.4884,515.81384,-101.09902,1247.00244,215.80632,-144.22221,1203.26807,802.96466,-1.71674,1360.62024,243.50446,-56.95661,1347.18713,813.5141,9.13625,1058.6969,454.77322,-6.80317,1040.35181,584.71063,-246.70964,937.52679,461.32449,68.28867,468.52728,397.62366,-237.97212,531.52533,682.70563,175.27533,131.0112,407.32541,-396.24091,143.99234,678.58105
354,3.53,149.4041,1418.67297,632.31427,-16.09532,1652.50403,519.56195,102.32127,1538.0498,467.98401,37.97346,1506.22717,684.58429,-81.1503,1479.38513,369.10809,-102.94842,1446.09717,660.30768,-13.4656,1327.19495,511.59158,-197.68933,1432.53406,516.14581,-90.37787,1248.30322,215.98068,-138.05885,1201.72717,802.14691,9.35136,1361.76172,243.79999,-49.79527,1345.39685,815.3996,18.81587,1059.22278,453.9787,2.73106,1042.33118,584.72388,-237.66896,937.91315,461.51428,79.70634,468.56577,396.47733,-223.91426,531.81702,683.68665,174.46339,125.22237,407.71811,-385.4769,151.1078,672.74347
355,3.54,158.24065,1419.50659,634.22406,-6.68854,1653.6676,521.32501,109.57574,1541.86719,465.883,46.53673,1506.91467,686.49854,-69.80849,1479.37244,369.89792,-93.8912,1446.76746,661.49115,-4.14905,1328.06055,512.33862,-188.16035,1433.17163,516.61761,-79.75504,1249.88733,216.46645,-132.48163,1201.30981,801.80457,21.433,1363.32568,243.21721,-42.37689,1343.68689,816.66797,28.27839,1059.29285,454.89417,10.85327,1042.7981,585.13953,-228.70419,938.65387,460.91055,89.2166,468.45181,396.44855,-207.94008,532.84052,684.7627,173.77478,120.73973,407.53055,-373.27698,160.68665,668.78119
356,3.55,166.93933,1420.0741,635.51874,3.02581,1654.63525,522.78772,121.49792,1540.70276,471.05664,54.63217,1507.66492,687.83191,-60.69845,1481.56604,371.07053,-84.72556,1447.21912,662.72351,5.10077,1329.61792,512.73804,-178.92975,1434.27014,517.33038,-69.28142,1251.89905,215.63872,-128.82669,1202.03162,802.3689,33.23196,1364.70911,243.62836,-34.83445,1341.93933,818.90881,37.69715,1059.4762,455.57156,18.04385,1043.71118,584.98462,-220.57669,939.61957,459.65546,97.43016,468.9614,395.40887,-189.1409,532.73987,682.81445,172.18457,117.50681,407.41754,-359.8476,169.86487,662.76923
357,3.56,176.0145,1421.47388,637.78381,12.72366,1655.77161,524.2959,131.19737,1541.46655,474.63651,62.81775,1508.49353,689.49731,-50.35466,1482.39917,372.37259,-75.68246,1447.63989,663.72559,13.81127,1330.39526,515.42694,-169.57707,1435.34692,517.90308,-57.95551,1252.93555,215.75494,-122.91823,1200.95447,801.35596,46.11838,1365.9342,243.06551,-27.69327,1340.52954,821.03894,47.31931,1059.8877,456.93457,24.91616,1044.1936,586.0542,-211.77411,940.35345,458.15829,104.10574,470.02869,392.86035,-172.04384,533.48163,683.70984,169.37598,116.54221,407.41644,-344.15891,180.16707,657.32953
358,3.57,184.85036,1422.98669,640.4527,20.84281,1657.09766,526.47961,140.55832,1543.77051,474.66562,72.3119,1509.95862,691.539,-40.02749,1483.28882,373.81656,-67.85052,1449.1936,665.31915,23.07678,1331.33667,516.29285,-160.07378,1436.59778,518.3819,-46.01038,1253.91577,216.20598,-118.07375,1201.92212,802.13,58.51111,1367.34106,243.32182,-20.27548,1339.50574,822.84784,56.04065,1060.10791,459.17175,31.41206,1044.54114,588.08142,-203.20943,941.15521,456.18716,111.1009,471.47247,388.68146,-152.31212,530.81421,680.81183,165.05324,115.93056,408.01297,-326.26837,190.00868,650.91254
359,3.58,193.9593,1424.6228,643.52142,29.29943,1657.95691,528.3222,150.12164,1544.93811,478.16455,80.28384,1511.03638,693.75616,-29.09234,1483.99109,374.81351,-59.23386,1450.42004,666.81885,31.39587,1331.92932,519.20984,-151.02786,1437.82959,518.78455,-34.30069,1255.33179,216.16451,-113.50349,1202.66174,802.80762,70.83627,1368.34509,243.94243,-13.59412,1338.53955,824.74487,63.11415,1060.25037,462.31232,36.87603,1045.66907,589.1076,-194.84201,941.66443,454.27023,116.03621,472.27112,385.74564,-133.64833,529.12872,680.06024,162.04559,117.07728,408.66095,-307.10437,200.63472,647.46912
360,3.59,202.46608,1425.94946,645.88257,38.20118,1659.19604,530.16809,159.65404,1546.16138,481.65671,88.54354,1512.30359,696.03912,-18.61724,1485.26917,376.4473,-51.41142,1451.74438,668.62073,40.9945,1332.2771,520.77234,-142.08559,1439.53821,519.72125,-22.03284,1256.39429,216.76587,-109.34785,1203.79724,802.76953,84.0677,1369.47107,244.62178,-6.71278,1337.63843,827.00177,71.84177,1060.76538,464.81924,42.87604,1046.24011,592.05981,-186.29112,942.28113,451.76981,121.22375,472.80661,382.00449,-111.8624,526.6861,677.50531,158.74037,117.05905,408.12326,-285.83994,211.41524,643.60956
361,3.6,211.48573,1428.42944,649.67218,46.79784,1660.80286,532.76544,169.01277,1548.22424,484.59201,97.28678,1513.93823,698.59637,-8.26021,1486.19104,378.03586,-44.18942,1453.42932,669.95959,48.89891,1333.39221,522.52209,-132.64204,1441.14124,519.80878,-10.28165,1257.42761,218.04834,-104.51802,1204.54846,802.71313,96.98786,1370.01306,245.99582,0.27031,1336.83948,829.73425,78.95488,1062.16785,468.02454,49.20621,1046.56885,594.99054,-178.28438,944.06403,450.13318,125.26095,472.96857,378.79132,-89.76081,525.12482,675.95532,156.19513,117.08969,408.81253,-263.44318,222.37573,640.36261
362,3.61,219.03931,1429.77856,652.94916,56.0929,1662.00537,534.37219,178.26762,1550.04138,487.0983,104.66069,1515.04346,700.63898,2.76371,1487.36707,379.23715,-36.2544,1455.47754,671.15662,57.25636,1334.62183,524.63654,-123.83487,1442.82837,519.96289,2.50466,1258.94397,219.3479,-99.30119,1205.53467,802.85083,110.06014,1371.35876,247.82806,6.61342,1336.36523,831.93719,86.97918,1063.26672,470.93915,55.30574,1047.07739,597.33636,-170.54482,945.78973,448.83377,129.60147,472.965,376.1178,-65.90517,525.23291,674.39575,153.21884,116.86393,409.241,-240.14592,232.76903,638.90851
363,3.62,227.12886,1430.98145,655.92993,64.96422,1663.27905,536.86084,187.40405,1551.40771,490.26099,111.99108,1516.39673,703.28058,13.40084,1488.3125,380.71542,-28.70608,1457.23193,672.46228,65.36059,1335.74731,527.17267,-114.62469,1444.58435,520.18127,14.73269,1260.33728,221.08588,-95.57555,1206.90125,803.35474,123.57415,1371.7334,250.46442,13.14931,1335.68616,834.41187,94.52322,1064.35168,475.06406,60.95227,1048.74866,600.58185,-162.48418,947.6911,447.6669,133.0065,472.19144,372.39868,-42.1128,528.00439,674.23846,150.48709,116.77317,409.61841,-215.74202,243.3886,637.7334
364,3.63,234.94534,1432.69116,659.60315,73.52153,1664.86584,539.32489,196.70459,1553.18958,494.68997,119.03498,1517.60791,705.95166,24.47886,1489.92993,382.00403,-21.50216,1459.07214,673.76495,73.45079,1336.77344,529.37372,-105.42532,1446.68115,520.4549,27.71741,1261.12769,223.32637,-91.8438,1208.77844,803.56573,136.59177,1372.31006,252.46355,19.65384,1335.44031,837.14264,102.11751,1066.17407,477.97147,67.73787,1049.74097,603.64355,-154.73386,950.38354,446.73694,136.5143,471.13446,369.78769,-16.83513,532.63324,674.56525,148.13422,115.89836,410.92261,-190.34811,253.19421,637.53143
365,3.64,241.85799,1433.87708,662.83093,81.4528,1666.90063,541.40222,205.20659,1555.32788,496.28421,126.25423,1518.67749,708.40631,35.27609,1491.04443,382.50922,-13.99961,1460.73486,674.39026,81.72264,1337.86841,532.10596,-96.8353,1448.771,520.56702,40.68921,1261.34216,222.97701,-87.39568,1210.09814,804.30463,149.94737,1372.48975,254.71573,26.18027,1334.46838,839.51752,109.07159,1068.28674,480.49408,74.61897,1051.95276,606.15125,-147.10654,952.64606,446.52188,139.95938,470.82355,364.02017,8.03078,540.42218,675.01135,146.48978,115.71938,410.59799,-165.22832,263.07559,637.76135
366,3.65,247.87051,1434.7074,666.29156,89.4387,1669.276,544.52466,214.36674,1557.44604,499.70438,132.32303,1519.78003,710.69244,46.27857,1492.28687,383.79599,-7.19467,1462.91345,675.84857,89.72662,1339.58228,534.57123,-87.74729,1450.39014,520.19342,54.39707,1262.28638,225.20448,-83.74352,1211.63184,804.19049,161.85947,1374.09131,254.5845,32.37883,1333.46313,842.11584,116.98552,1070.18787,482.57773,81.48534,1053.44434,608.41412,-139.69101,955.47174,446.52939,141.04454,470.09082,361.1889,32.41128,549.51007,676.42493,144.84828,115.16259,411.30508,-140.33707,271.67941,638.4483
367,3.66,254.53809,1435.99207,669.91821,97.49139,1671.06982,546.89386,223.38243,1559.04236,503.46783,137.52742,1521.11646,713.03577,56.89742,1493.974,385.21762,-0.26399,1464.73547,676.28937,97.38422,1340.79504,536.30627,-78.71465,1452.66345,519.89746,66.73679,1262.2085,228.68932,-78.85056,1212.79944,803.09869,176.46307,1373.19995,260.05609,37.79951,1332.53967,844.9986,124.11633,1072.66602,485.00735,87.83094,1055.19568,610.3244,-132.00862,958.12781,446.6976,143.1095,470.02832,357.46164,56.55215,559.73419,676.86572,143.40555,115.34352,410.845,-115.44447,279.78491,640.08771
368,3.67,260.94574,1437.55542,673.64362,106.28789,1672.96509,548.78644,231.99397,1560.91687,507.06619,143.4119,1522.32471,715.87122,67.5927,1494.73889,386.56866,6.25394,1466.92603,677.71906,105.5794,1342.74658,539.12097,-69.85643,1454.56653,519.42267,80.34411,1262.52209,229.2408,-75.80231,1214.95117,803.19861,189.98605,1372.03833,262.37183,43.82784,1331.4502,848.08472,131.61063,1074.80591,486.66364,94.44073,1056.92065,612.22437,-124.8333,960.53467,447.22913,144.21378,470.43994,355.25635,77.76654,572.27747,677.98517,141.81125,114.68684,410.53754,-90.07507,286.20706,640.88422
369,3.68,266.52832,1438.8689,677.72803,113.29254,1675.0155,551.24829,240.81424,1562.7179,510.98077,148.47946,1523.82007,718.15454,78.20607,1496.28076,388.03809,12.48417,1469.0094,679.02612,112.94605,1343.93713,541.16852,-61.71128,1456.59961,519.50885,93.78379,1262.7063,231.85126,-72.44643,1216.57092,803.20099,205.39095,1370.91467,267.92047,49.5169,1329.9165,850.66162,139.46135,1076.70447,487.58829,101.93958,1058.66626,614.06293,-117.14932,962.50494,448.78183,144.74304,469.67337,352.08243,99.05907,583.03766,679.43243,140.46204,115.33021,409.79611,-65.1829,291.89639,642.51495
370,3.69,272.83441,1440.92798,682.85504,122.11341,1676.74524,553.04724,249.4424,1564.21094,514.55725,154.5417,1525.32251,720.3739,88.83716,1497.16809,389.36871,18.91101,1470.96838,679.58521,121.17736,1345.18384,541.97339,-52.56596,1458.35278,518.62537,107.26177,1261.98853,234.06917,-69.78054,1217.87073,803.17377,218.76579,1369.29346,273.5347,55.08022,1328.35437,853.48578,146.69218,1077.71521,489.00711,109.48463,1060.20068,615.65784,-109.6284,964.37549,449.78467,145.03809,470.23572,349.28784,118.16727,593.61548,681.00604,139.48889,115.38482,409.48141,-38.79198,294.62262,642.70251
371,3.7,279.03937,1442.64331,686.79797,130.51884,1677.96289,554.70685,257.89188,1566.39209,518.33575,159.33133,1526.7467,722.61102,99.3178,1498.2937,390.95694,25.82569,1472.63965,680.38892,128.79393,1346.52271,544.67999,-43.80326,1460.29211,518.34003,120.61473,1262.1145,237.25223,-66.59894,1220.02368,802.86371,233.84279,1367.26233,278.78845,60.55093,1326.47205,856.76935,155.04298,1078.88477,490.82574,116.48248,1061.63611,617.12158,-102.3784,965.96899,451.20178,143.89365,470.37582,346.18286,134.85423,604.25555,682.5694,138.62679,116.24483,409.25833,-13.07907,297.12253,645.66003
372,3.71,284.2598,1444.43994,691.242,136.91086,1680.05762,556.77289,266.63235,1568.2373,523.07751,164.34024,1528.47559,724.88818,109.61407,1499.16699,392.58084,31.60876,1474.33264,681.55634,137.9216,1348.49951,548.84528,-35.01349,1461.83276,517.8186,133.91112,1261.31152,240.47903,-63.54373,1220.89063,801.54236,248.70906,1365.67896,283.86337,65.71066,1324.65283,859.39136,162.79129,1080.1272,492.32458,124.02289,1062.78687,619.28003,-94.62118,967.73322,452.38385,143.03178,470.81137,344.71088,147.84882,612.00348,685.38293,137.30174,117.55564,408.2291,12.02231,298.96753,650.10529
373,3.72,289.96722,1446.31934,695.24725,144.68141,1681.37402,558.33765,274.75629,1569.77673,526.61353,169.37975,1530.26038,727.05225,120.32353,1499.75574,393.6095,39.20839,1475.52136,681.71912,144.13387,1348.88232,549.38861,-26.20548,1463.1178,517.3855,147.6199,1260.61377,243.17273,-62.08913,1222.21191,800.70441,262.23206,1362.9762,289.49234,70.41027,1322.42896,862.1604,170.56908,1080.68665,494.45853,131.37483,1063.97705,620.34698,-87.65278,969.37616,454.22614,142.58833,471.09247,343.11685,157.55273,619.56427,689.80225,136.73724,117.93274,407.93027,37.83866,297.93311,654.36353
374,3.73,295.23349,1447.91174,699.45819,153.48882,1682.15918,559.60419,283.58417,1571.69092,529.85553,174.50116,1531.78394,728.86499,130.79584,1500.68396,395.15601,45.23705,1477.30115,683.07227,151.46742,1350.44568,551.46539,-17.45915,1464.48767,517.06244,160.08304,1259.81812,250.69725,-60.12062,1223.56824,799.28186,NA,NA,NA,74.41013,1319.87415,864.99603,178.82196,1081.23071,496.20773,138.1907,1064.77759,623.02283,-80.20434,970.31555,456.07797,141.58997,471.48645,342.10004,167.33774,625.2406,693.76672,136.25497,118.37489,407.30423,62.78466,296.27383,658.85443
375,3.74,300.9014,1449.97461,703.59259,159.76509,1683.64856,561.33673,291.9595,1573.09424,534.18127,178.86842,1533.1615,732.28418,141.05258,1500.93982,396.72137,51.24277,1478.95544,684.2179,159.40144,1351.50171,553.80322,-8.98101,1465.78125,517.41559,173.43207,1257.99719,255.21178,-58.16382,1225.05078,796.83392,290.49261,1357.36584,302.47018,77.60616,1317.5415,868.08453,185.97826,1081.28528,498.25632,145.14919,1065.51062,624.8833,-72.62901,971.78528,457.7374,141.45815,471.69556,342.1203,176.64868,629.62793,697.95319,135.84161,118.54762,407.06671,86.85212,293.32916,663.87299
376,3.75,306.75336,1451.83069,708.57458,167.8027,1684.65454,562.57538,300.01678,1574.27112,537.48444,183.66028,1534.44275,734.37415,151.74158,1500.97937,398.39841,59.20775,1479.70264,684.10883,169.11107,1353.28284,557.83893,0.11734,1466.88879,516.91553,186.40106,1257.03223,259.0322,-57.04615,1225.91028,795.1521,NA,NA,NA,80.17139,1315.38525,870.63531,193.78093,1081.47559,500.52322,151.65797,1065.51074,627.4364,-65.61981,972.57666,459.80856,141.55537,471.79416,341.79745,184.77429,633.7702,701.74109,135.30843,118.78205,405.72324,111.37352,288.88998,668.34491
377,3.76,312.39844,1453.63965,714.01532,175.48157,1685.32581,563.82593,308.02637,1575.49084,541.42505,188.91353,1536.04321,736.00134,161.85069,1501.17664,400.72925,64.59448,1481.06201,685.7182,175.36021,1354.2019,559.44971,8.85415,1467.5271,516.82214,199.76843,1255.76636,262.62994,-55.35558,1226.79858,792.80096,318.31976,1350.05664,317.26886,82.6823,1312.1759,873.84821,200.87971,1081.42151,502.92133,158.64441,1066.22253,630.35229,-58.03955,973.23285,461.34677,141.56853,470.97595,343.73514,194.98224,633.81854,706.14453,135.08133,118.79581,404.83435,136.05782,283.17355,673.08368
378,3.77,317.95819,1454.66553,717.95605,182.57526,1686.1991,565.28705,316.03372,1576.23682,545.56097,194.45517,1537.3833,738.21808,172.16164,1500.92834,402.65518,71.53258,1482.09314,685.37848,182.52274,1354.5509,561.79437,17.99998,1468.57251,516.66107,212.3578,1253.85657,267.31696,-53.86914,1227.97974,790.63892,331.47641,1346.75757,324.88937,82.7685,1311.2373,876.14581,208.09,1082.01758,506.02557,165.65982,1066.46545,633.15521,-50.80107,974.13019,463.30582,142.22287,472.46021,342.17325,203.03932,635.54187,708.13318,135.31308,118.7215,403.74805,160.13124,276.65039,678.58112
379,3.78,323.87582,1456.12585,722.73248,190.53813,1686.9989,566.62311,324.19385,1577.00171,549.74164,199.70082,1538.70605,740.07697,182.07089,1501.16516,405.04556,77.86101,1482.80823,687.80249,190.52248,1354.80054,564.48242,26.71961,1468.99329,516.86884,225.62083,1251.78479,272.41275,-52.16008,1228.96838,788.21417,NA,NA,NA,83.42216,1309.98303,878.5368,215.43948,1081.7157,509.76532,172.22917,1066.26074,635.43262,-43.28247,974.36603,465.06097,143.16631,472.46777,343.30844,208.80989,636.30963,710.95886,135.11975,118.06812,402.65384,184.52478,268.888,683.94348
380,3.79,329.15317,1457.5022,726.06189,198.1559,1687.46777,568.13367,332.02429,1577.86157,553.73346,204.07497,1540.08838,741.81653,192.6727,1500.56506,407.4314,85.29801,1483.25488,688.57446,197.43369,1354.26587,566.93439,35.50768,1469.4408,517.30286,238.27733,1249.97937,276.7692,-50.50504,1230.32861,786.59198,357.66977,1340.1709,340.65311,83.72693,1307.89868,880.95532,223.10443,1082.07043,512.82477,179.36096,1066.24829,638.88135,-35.97762,975.20166,466.7793,144.36713,472.59698,344.03815,215.17598,634.98926,712.64166,135.20221,117.79951,402.06528,208.91835,259.72003,689.94812
381,3.8,334.15622,1458.66394,730.54651,205.05873,1687.87671,569.9848,339.87778,1578.38599,558.04388,209.26097,1541.32813,743.69226,202.47214,1500.51404,410.0087,91.52631,1483.4187,690.10022,204.9046,1353.599,568.86713,44.02213,1469.82556,518.28949,250.71779,1247.89746,282.00171,-48.89358,1231.53601,784.40723,370.67923,1334.61279,351.94067,84.38882,1307.20581,883.32666,230.62199,1081.50122,515.94647,186.41461,1066.39087,641.8548,-28.71051,975.29016,468.64639,145.99312,472.62595,344.7905,220.93535,633.19897,714.74994,135.72644,116.41619,401.17096,232.32129,250.0809,695.90765
382,3.81,339.40848,1459.57019,734.93268,212.86865,1688.28064,571.61621,349.5466,1578.57043,563.25079,214.62433,1541.38171,745.80786,212.72162,1499.79797,412.57101,98.21581,1483.91516,691.77014,213.26538,1354.39429,572.48462,52.98611,1469.86462,518.82104,262.61926,1245.65552,288.10291,-46.0746,1232.85242,782.47772,382.76285,1331.09448,357.6998,85.14352,1306.26038,885.8385,238.32187,1080.57214,518.11133,192.955,1066.0769,644.81555,-20.6712,975.13214,470.32278,147.94557,471.94516,346.25504,226.68968,630.09589,715.96283,135.75661,115.52105,399.95282,256.62354,239.89128,701.57098
383,3.82,344.7345,1460.51221,738.63104,220.40903,1688.38928,573.39661,357.48691,1579.21082,566.7525,219.23727,1542.21655,748.54547,222.49597,1499.39331,415.17191,105.61813,1483.92664,692.50848,221.63202,1353.0592,575.36267,61.85579,1469.65967,519.22778,273.88312,1243.85205,292.16867,-44.25664,1233.95251,780.85864,395.37701,1326.38086,367.7533,85.26386,1305.06067,888.48785,245.53011,1079.7113,521.44305,199.55359,1065.42297,647.32635,-12.59178,975.1358,471.76968,150.82304,472.33212,347.46204,230.86172,626.65643,716.36414,136.25546,114.9857,399.03436,281.11588,229.36497,707.34735
384,3.83,350.13123,1460.5625,743.30829,227.4481,1688.11047,575.3465,364.63303,1579.29785,570.86688,223.70909,1542.69763,750.49646,232.34831,1498.75256,417.59433,111.28094,1483.52136,694.93121,229.03011,1352.6958,577.71838,70.77244,1469.67896,519.89832,285.30658,1242.09875,296.46515,-41.60234,1234.70032,779.40558,406.68216,1321.02039,375.86331,85.88536,1303.6687,890.23621,253.69637,1079.08276,523.72681,206.83986,1065.44714,650.02441,-5.11718,975.50555,473.98328,152.81792,470.97079,351.9642,234.70175,622.43939,717.04944,136.56781,114.21395,398.60535,304.99451,218.37567,708.73322
385,3.84,354.90613,1461.12646,748.03308,235.44209,1687.74182,576.94958,372.40161,1579.25647,575.10907,228.87334,1542.66699,752.60699,241.92952,1498.07935,420.48578,119.45322,1482.88428,695.71478,236.78772,1351.45972,580.71136,79.24715,1469.51843,521.31555,296.68045,1239.37524,303.25174,-38.48579,1235.09619,777.35242,419.21884,1315.94006,384.43976,87.46139,1302.41577,892.48248,261.48172,1078.63892,527.42517,213.99765,1065.00964,652.87964,2.74554,974.78149,476.16196,155.59023,470.26987,354.45844,237.62126,617.66113,716.82916,136.89877,113.18552,397.69473,329.51352,208.31378,714.63147
386,3.85,359.70847,1461.4408,752.38208,241.4446,1687.40417,579.14764,379.74521,1578.9408,579.64203,233.82686,1542.11011,754.62354,250.78812,1497.35352,423.72885,126.71859,1482.74707,697.84186,244.79108,1350.27441,582.88751,87.72108,1468.83838,522.49573,307.84146,1237.29016,308.53812,-35.22638,1235.61096,776.57709,430.38071,1311.27734,394.49905,87.77925,1301.89783,895.20087,269.10373,1076.95789,529.88373,221.61536,1064.15625,655.80267,11.21264,973.85016,477.94067,158.89536,469.89447,356.73181,239.33441,612.74054,717.29303,137.82124,112.24802,397.85757,354.03046,198.95892,719.56256
387,3.86,364.19702,1461.42065,757.30481,249.03661,1686.6449,581.09229,386.91986,1578.28174,584.22424,237.95641,1542.34949,757.46503,259.79724,1496.52075,426.62189,133.04445,1481.97314,700.15234,251.6837,1349.4314,586.19885,96.14717,1468.35193,524.14417,318.63571,1234.53467,314.73181,-31.51236,1235.73572,774.96796,442.03745,1305.84241,403.4631,88.2815,1300.80042,897.36603,276.89932,1076.57837,532.99762,228.66031,1064.2301,658.55603,18.48219,973.55908,480.4704,162.76596,469.65948,359.99728,240.72025,605.41357,717.80646,138.86372,111.51601,397.23358,378.25992,193.20963,725.11292
388,3.87,369.10431,1460.97229,762.06946,256.17426,1685.9082,583.42914,394.21347,1578.34619,589.29083,242.37816,1542.16272,759.68408,268.31317,1495.84106,429.83972,140.3141,1481.54199,702.04187,259.30557,1348.88867,589.36304,104.37094,1467.75171,526.00763,329.54865,1232.09839,319.61438,-27.98361,1235.63196,774.36493,451.98355,1299.55432,414.86108,89.58984,1299.47095,899.69989,285.99966,1075.56433,537.11981,235.36247,1063.82349,662.14233,26.52133,972.52899,483.23917,166.27168,468.56534,363.38431,241.4606,598.31189,718.255,139.64511,111.07162,397.2908,403.6597,191.51437,733.60541
389,3.88,373.80048,1460.61243,766.11115,263.57315,1685.67004,585.87109,401.54263,1577.46948,593.82104,246.76862,1541.37463,761.99042,276.8627,1495.2002,432.98114,145.68483,1480.18481,704.86353,266.70197,1347.63074,591.63232,112.45679,1466.61047,527.73547,340.4762,1229.13367,326.37375,-23.7109,1235.28406,773.40466,462.50549,1296.77942,422.01068,90.80473,1298.85486,901.97083,292.91129,1074.28992,539.94171,243.34496,1062.35583,665.16083,35.13073,971.08508,485.51956,170.36205,467.86337,367.04611,241.63795,589.22595,717.68945,140.98083,110.5144,397.10046,424.89435,192.89526,738.99683
390,3.89,378.17343,1460.25916,769.58472,270.92664,1684.93115,588.35333,408.20557,1576.85596,598.71881,251.22824,1540.5199,764.43176,285.15985,1494.31116,436.22342,153.86925,1480.04858,706.79932,273.72266,1346.69543,595.49872,120.2331,1465.61218,530.14374,351.67389,1226.22888,330.88812,-19.35032,1234.52588,772.86804,472.05188,1292.0293,434.1806,91.95354,1297.97351,904.41614,300.87418,1072.24072,544.16357,251.3195,1062.16699,668.58582,43.48544,969.85938,488.01343,175.1031,466.8598,371.62808,242.46916,581.78821,717.10626,141.79935,110.69981,397.19733,443.18039,197.71602,743.61194
391,3.9,382.40305,1459.59607,774.11548,278.23318,1684.17651,591.28265,415.41208,1576.43762,603.76849,256.06613,1539.91162,766.2854,293.10706,1493.63171,439.71381,159.91949,1478.99561,710.44391,281.27448,1345.23108,598.40918,127.63312,1464.67322,532.63849,361.44672,1223.60693,338.043,-14.72071,1234.00891,772.47522,480.88739,1287.39258,445.01196,93.91902,1296.32813,906.87451,309.57007,1071.94006,547.35229,259.26559,1060.21924,671.34552,51.95099,968.28436,491.16287,179.68536,466.20782,375.83835,244.37177,576.7843,716.60364,143.74727,109.93622,398.41882,459.07108,204.52501,749.09607
392,3.91,387.31799,1458.99219,778.59296,284.6987,1683.7605,594.45013,421.58771,1576.20935,607.71661,259.92834,1539.48718,769.29602,301.00778,1492.79358,443.20227,167.4771,1477.9585,712.38354,287.56525,1344.59851,601.63104,135.27571,1463.4502,535.00323,372.26596,1221.33667,344.80231,-9.65091,1232.86743,771.93805,489.05771,1284.68066,455.45819,94.32642,1295.21057,910.06702,318.43011,1071.20581,550.64258,267.00641,1058.4408,674.3457,60.28646,966.87946,494.55521,186.08598,465.81393,379.25906,249.48846,574.61548,716.33667,144.84872,109.383,398.72446,473.73209,210.93221,754.38617
393,3.92,392.09216,1458.56921,783.05176,291.11911,1683.19653,597.6897,428.7518,1575.99963,612.73474,264.7207,1539.11426,772.25677,308.96164,1491.71582,446.44379,173.12367,1476.8833,715.0824,294.91656,1343.8938,604.97791,142.5011,1462.32959,537.91791,382.72385,1219.07617,352.37003,-4.02284,1231.7522,771.69067,496.85873,1282.17041,466.10464,97.08809,1293.5188,912.32196,325.27884,1069.90283,553.96021,275.92816,1057.06836,677.78729,69.48814,965.29968,496.81372,192.65198,466.19128,383.42429,254.33066,572.19159,715.66217,146.03395,109.2642,398.73569,485.07971,216.51295,758.64264
394,3.93,397.00031,1458.69177,787.98859,298.13092,1682.50891,600.94092,434.58902,1575.40295,617.32605,269.23264,1538.67151,775.61945,316.48611,1490.64185,450.26117,178.2034,1475.50574,718.71729,301.42526,1343.17151,609.0108,149.71588,1461.10364,540.41925,392.59888,1216.95435,359.34525,1.3334,1230.53442,772.41663,503.61115,1278.96252,475.71674,99.39531,1291.89636,915.0296,333.75146,1069.58801,556.89594,283.95813,1055.90881,681.38574,78.41616,963.90088,500.11072,199.02678,465.41846,389.6243,258.95505,569.86023,715.7981,147.62816,109.38558,399.25974,494.87683,219.71254,762.19965
395,3.94,401.09143,1458.14661,792.58966,304.65698,1682.07947,604.21063,440.68527,1574.85156,622.00726,275.38516,1537.73242,778.03802,323.80164,1490.14026,454.03357,185.10677,1475.60229,720.99756,308.9321,1343.06567,613.41437,156.46078,1459.87988,543.42896,402.92053,1214.84314,366.61771,7.00773,1229.30164,773.30597,511.82883,1276.40161,488.97513,102.84771,1290.02563,918.2724,342.25143,1068.47107,560.78406,291.97171,1054.5155,684.84564,86.33157,963.05475,502.25107,206.51353,465.82675,394.55859,263.96375,567.20544,715.33972,149.2365,109.62167,399.7973,502.82135,221.92932,764.5451
396,3.95,405.92133,1458.12939,797.99274,310.39435,1681.81006,607.8642,447.22794,1574.62512,627.14484,278.73087,1538.45142,782.13818,331.06628,1489.34741,458.32407,189.8313,1475.7887,724.81183,315.34995,1342.94043,617.49323,163.41373,1458.94702,546.35168,413.58997,1212.70886,373.44061,12.90242,1227.60852,775.39502,518.90851,1272.83325,501.15625,106.73609,1288.07495,921.80597,351.95078,1068.73779,564.58508,300.43314,1053.55615,688.29248,95.52943,962.00391,504.47644,214.03333,465.46381,401.37656,269.03259,565.21515,714.69983,151.26723,110.79945,399.82278,509.64325,222.80421,766.10126
397,3.96,410.41229,1458.40112,802.58496,316.15021,1681.24683,611.58984,453.00766,1574.70825,632.05499,283.75397,1538.38647,786.42047,338.25339,1488.72241,462.32578,195.35175,1474.71753,728.44952,322.66113,1342.35498,621.21301,170.26782,1457.45459,549.72083,423.9729,1210.52295,379.39102,19.2359,1225.74219,778.20703,524.53949,1268.66785,511.59564,111.13513,1285.52612,925.44379,360.10684,1067.44202,567.85077,308.38132,1052.98352,692.24689,105.08592,960.30389,507.08109,222.46655,465.36151,406.8299,274.27878,563.02582,713.97516,153.37027,111.72585,400.81732,515.72833,223.32553,766.77716
398,3.97,415.35742,1458.85547,807.3111,322.58664,1681.00159,615.19055,458.56448,1574.5365,636.94653,288.70428,1538.29004,789.85309,345.65787,1488.22009,467.01379,200.93434,1473.76306,731.86249,328.95175,1341.73108,626.10492,176.95428,1455.99597,553.14014,434.04315,1208.93152,386.03766,25.9549,1223.88489,780.78198,531.13391,1264.68127,524.69727,116.82742,1283.27734,929.06934,368.65707,1067.04138,572.6947,316.02673,1052.82153,696.25787,114.04409,959.76813,510.62741,231.56932,465.77621,409.55399,279.51624,561.29089,712.91144,155.92325,113.18234,401.05673,521.70422,222.7717,767.14398
399,3.98,420.11917,1458.78931,812.08508,327.74554,1680.42615,619.28271,464.44849,1574.63611,641.98889,294.65125,1537.50427,793.16711,352.63898,1487.39734,471.31439,206.71561,1473.30627,735.37628,335.76639,1341.43774,630.65552,184.18729,1454.92566,556.03033,444.05411,1206.54932,392.72836,31.9602,1221.97668,784.69171,536.52893,1260.38635,536.25006,124.79803,1279.9093,931.89874,377.5448,1067.46472,577.25494,324.07559,1052.40405,700.84406,124.0166,958.41528,512.80798,240.65854,465.90836,414.94977,284.80441,559.6463,711.67358,158.42035,115.09093,401.5217,527.37195,221.8567,766.78546
400,3.99,424.6781,1459.33948,816.81128,333.716,1680.00781,623.16821,470.15915,1574.75256,647.80664,297.60016,1538.10559,798.47595,359.99472,1487.17908,476.25427,211.96602,1472.04138,739.03357,342.23615,1340.8186,635.13812,190.67377,1453.875,559.59528,454.22427,1204.37634,400.12494,38.4097,1219.98523,788.04755,542.80719,1254.59082,550.40887,131.53639,1276.54919,936.17462,385.66345,1066.84375,582.0553,331.91199,1052.77271,705.29944,133.53937,957.20288,515.45764,250.77496,465.81656,420.16727,289.72525,557.56104,710.58264,162.02379,115.78384,402.68713,532.45874,220.04636,766.41571
401,4,429.81375,1459.65027,822.68884,338.11316,1680.02551,627.54712,475.55991,1574.71948,653.49835,303.06183,1537.40247,801.6228,366.89539,1487.24585,481.19107,216.88135,1471.2948,742.90192,349.1243,1340.5979,639.88177,197.10988,1452.4563,563.14307,462.98318,1201.83032,408.23007,44.61486,1218.08203,792.16907,548.41614,1250.01343,561.27319,138.56691,1273.37146,941.04651,395.0997,1067.44165,587.67572,339.98636,1052.4342,710.96222,144.02055,956.15265,518.43286,260.41513,465.733,425.51083,293.65009,555.36157,709.91229,164.57663,118.47475,402.17307,537.68292,217.26656,765.20404
402,4.01,434.32162,1459.92773,827.39404,343.96951,1679.88354,631.65063,480.90866,1575.23108,657.93835,306.71201,1538.08472,806.70477,374.16953,1486.93372,485.742,221.78093,1470.63464,746.8692,355.80597,1340.76367,644.12781,203.17278,1451.37646,567.02496,472.60626,1199.85425,415.82458,50.58364,1216.20471,796.30548,553.32092,1244.64111,574.51288,146.21759,1269.32178,944.67017,402.54388,1067.68237,592.797,347.45712,1052.21863,715.6792,153.96944,955.65332,521.45007,270.34927,465.625,430.5184,298.65921,552.43121,709.24878,169.71906,119.68269,402.33319,541.89984,214.58842,764.41089
403,4.02,438.96402,1460.67603,832.63391,349.94156,1680.3446,636.22498,486.51248,1576.32446,663.71576,311.49573,1538.44812,811.40332,381.16888,1487.47375,490.42264,226.85384,1470.14246,750.37488,361.53345,1340.49951,649.59003,209.47624,1451.14917,571.13348,481.00662,1197.09949,424.48032,56.89545,1214.10083,800.8551,558.80554,1239.00452,585.77319,153.67854,1265.42859,949.65918,411.55722,1066.87329,597.99841,354.40057,1051.82336,720.44269,163.34596,955.07147,524.0788,280.67218,466.03531,436.84555,302.75632,550.62408,709.20184,172.95544,122.36079,402.80615,546.53839,210.5936,762.66284
404,4.03,443.48868,1461.16064,838.48279,355.24274,1681.54016,641.53986,492.31915,1577.55359,668.88885,315.82968,1538.64221,815.1521,388.36841,1488.09412,495.00409,232.17723,1469.88647,754.11243,368.52817,1341.12317,654.26385,215.92534,1450.62244,575.0097,490.6062,1195.31677,432.44565,63.03864,1212.29651,805.46283,563.68842,1232.77625,597.22638,161.91075,1260.46851,953.5462,419.56317,1066.85876,603.32947,361.3327,1050.42078,724.61139,171.98476,955.05066,527.16785,291.94803,467.34714,442.63745,307.14694,549.52649,709.57928,178.40459,123.81769,403.20618,550.25708,206.95369,761.15613
405,4.04,448.03839,1462.46497,843.54816,361.0618,1682.71912,646.80096,498.13904,1578.67627,675.56934,322.51959,1538.55591,819.19,395.48132,1489.30933,499.95819,237.43443,1469.55286,758.05096,374.66626,1341.78369,658.62292,223.14172,1450.87268,578.72528,500.02606,1193.42957,440.40677,69.38924,1210.40942,809.65948,568.57214,1225.88037,609.04333,169.76553,1255.77075,958.11041,427.05664,1067.14758,609.2453,369.56403,1050.32593,731.45593,180.51848,955.28912,530.58063,304.69833,467.48059,451.06558,311.7937,549.76874,711.45703,181.8976,127.70734,404.20483,553.72589,203.13359,759.8429
406,4.05,452.65897,1463.57581,849.56958,367.12057,1683.63306,651.67493,503.31589,1580.08447,681.72241,326.99829,1539.86182,823.84528,403.25421,1490.48242,504.7865,242.65654,1469.74829,762.30469,380.64493,1342.54614,663.26038,229.93588,1451.19629,582.38361,509.49081,1192.44458,447.76038,75.76452,1208.43176,814.15143,575.24969,1219.56323,620.13922,178.11127,1250.68896,962.42126,434.98312,1067.40295,613.37994,376.85815,1049.33459,735.54303,188.36531,955.90436,534.07025,318.48523,467.03369,460.93671,317.38611,552.0863,713.33179,188.18225,132.55174,403.91962,554.92993,199.52823,758.27441
407,4.06,456.99606,1464.41882,854.5769,371.854,1684.32471,656.60358,508.56046,1581.17773,687.03101,330.94608,1541.07263,828.50146,410.86792,1491.55212,510.05139,248.24886,1469.57288,765.76831,387.54681,1343.13013,667.34357,236.67456,1451.72119,585.89636,517.74158,1190.31738,456.7514,81.81837,1206.90479,818.53687,580.28125,1211.80652,630.94812,186.47696,1245.1156,966.61694,441.7084,1066.49915,618.42419,384.20355,1049.10107,739.62402,195.49789,956.36151,538.24982,333.81244,466.25159,469.66199,323.49866,555.05701,716.3808,195.45752,138.31427,403.99921,555.52203,195.82341,756.25745
408,4.07,461.12402,1465.47583,860.47717,376.4704,1684.71265,660.86749,513.95868,1582.10657,693.37018,335.57953,1541.56128,832.7215,418.23788,1492.30261,515.57361,253.67444,1469.66321,769.41962,393.785,1343.84521,671.92444,243.96658,1452.43762,588.94678,527.06226,1189.35278,464.33899,88.48471,1205.14954,822.29535,586.44983,1203.86023,641.19189,193.86343,1239.34949,970.82635,448.92474,1067.50098,622.97833,389.47913,1049.68457,743.87433,202.72745,956.79102,542.63629,350.15674,465.17548,477.75003,329.50751,558.69348,719.93835,202.25679,145.57217,404.64975,555.14844,192.3195,754.591
409,4.08,464.80255,1466.62573,865.89185,381.71274,1684.67017,664.97974,520.18762,1583.26501,699.5238,338.91501,1541.53528,836.80176,426.22647,1493.58557,520.65265,259.02243,1469.71484,772.24878,400.12164,1344.27563,676.01221,250.67549,1453.27942,592.79791,535.44983,1187.23181,471.36224,95.0456,1203.22485,825.74615,593.46722,1196.00708,651.03571,202.1113,1233.77161,974.64832,456.0372,1068.22266,628.22021,395.90689,1050.42517,748.04785,210.24171,956.72485,546.95044,367.64172,467.55542,483.181,335.5285,562.71704,724.15784,211.17979,154.19312,406.20883,553.25452,188.85861,752.44427
410,4.09,468.5163,1467.37793,871.34204,387.63583,1684.50122,668.89618,525.04095,1583.78918,705.32202,342.63809,1541.31311,840.48981,433.77335,1494.77771,525.94727,264.10312,1469.69397,776.13373,406.56363,1345.10413,680.63647,257.75632,1453.80798,596.04962,544.06335,1185.47192,478.01465,101.22056,1201.71265,828.64984,600.15405,1186.82593,661.4845,209.73665,1227.7887,977.70898,462.20413,1068.13086,632.43799,402.14685,1051.49243,751.69568,217.21693,957.22058,551.04315,385.74988,471.6004,487.12247,341.59076,565.23132,729.87402,222.45479,162.66484,408.55035,551.16925,185.55116,751.48444
411,4.1,472.01865,1467.7323,876.29211,392.26001,1684.99292,673.40094,529.5929,1584.56409,710.53485,346.36163,1540.74902,844.03235,441.49951,1495.69165,530.9278,270.1329,1469.73938,779.06763,413.38702,1344.81665,684.56873,264.69547,1454.80396,599.01404,553.04065,1183.43066,483.58698,107.04406,1200.11292,831.74072,606.474,1178.18481,669.49396,217.36765,1221.80469,980.79279,469.94449,1067.86975,637.35034,407.10425,1052.96484,756.32446,223.57294,957.34125,555.27789,404.5744,476.11923,489.67612,347.15741,567.27679,736.35791,232.98215,171.92789,412.81366,548.03656,182.01089,750.23315
412,4.11,475.57379,1468.46008,881.74493,396.94418,1685.70251,678.26422,534.34253,1585.13855,715.90808,349.78592,1540.43433,847.54523,448.9968,1496.3092,536.2832,275.69336,1470.00769,782.12891,419.79276,1345.82153,689.51465,271.45822,1455.5199,602.14984,563.18011,1182.21729,489.04391,113.60629,1198.31824,833.86749,613.54028,1169.49365,675.25775,225.07634,1215.52209,983.59351,NA,NA,NA,412.38303,1054.48328,760.1629,230.5242,957.33954,559.23767,425.02499,479.72031,492.66211,352.87872,568.07709,743.18732,247.01976,180.51939,415.24979,545.48004,178.06442,749.77197
413,4.12,478.58728,1468.32532,886.63483,402.47351,1686.51721,683.19641,539.03687,1586.18213,722.76984,353.05127,1541.40222,851.7973,456.74118,1497.08423,540.93256,279.0708,1469.55737,786.49969,425.11276,1346.61108,694.20728,278.17593,1456.09766,605.24634,571.63135,1180.9408,494.55396,119.80854,1196.49707,835.96283,621.39404,1158.83044,683.37891,231.16475,1209.10938,987.08514,NA,NA,NA,417.46695,1056.62915,764.63538,237.31207,957.08588,562.97986,446.82455,482.62891,498.23779,358.16608,568.87091,750.39117,262.40067,188.85143,419.17981,541.74951,174.58876,749.07861
414,4.13,482.0798,1468.97449,891.84302,408.44742,1687.49194,687.9826,545.0752,1587.70398,729.44324,357.66104,1541.76514,855.46478,464.29492,1497.75244,545.68671,284.68726,1470.89453,789.47668,431.61133,1347.09058,698.42413,284.73367,1456.79041,608.69629,580.84271,1180.14795,500.45358,125.93016,1194.95166,838.54608,628.67773,1147.18701,689.06244,237.44844,1202.40625,990.479,NA,NA,NA,422.29068,1058.35986,769.46924,244.31522,956.79553,567.07281,469.83432,485.94611,503.66083,363.76547,568.0921,757.76636,281.46408,200.02185,419.53937,537.96088,170.47658,748.448
415,4.14,485.28598,1469.31921,897.53308,414.05997,1688.79858,692.90466,550.1026,1588.72473,736.45142,360.51495,1543.02893,859.883,471.49997,1498.21924,550.82733,289.38037,1471.71204,792.88403,437.4624,1348.30554,703.58441,291.29813,1457.67932,612.35455,589.54114,1179.31946,505.47656,132.0798,1193.06287,841.21088,637.99286,1138.34167,694.87915,244.43047,1195.32397,993.6015,NA,NA,NA,426.92041,1059.77136,774.22534,250.7565,957.28149,570.66998,492.2435,487.55716,509.63559,368.98053,566.57422,765.26831,301.64819,208.89954,422.22952,535.32568,165.82445,747.36481
416,4.15,488.42563,1469.96289,902.57172,419.94635,1689.8678,697.94312,555.90851,1588.91724,742.78802,363.90173,1542.80151,863.12006,478.94849,1498.85583,555.41547,293.46478,1471.66187,796.89032,442.30472,1349.10437,708.93481,298.24185,1458.72864,615.52875,597.59241,1178.1217,511.17581,138.51758,1191.47021,843.42853,644.77496,1127.86377,698.87274,251.30649,1188.03577,995.75006,NA,NA,NA,431.03339,1060.1814,778.67004,256.85846,957.59698,574.0788,515.05298,489.54822,514.33685,373.56189,565.18958,772.85675,322.27826,217.26208,424.28455,532.13123,160.87419,747.42413
417,4.16,490.42795,1470.40942,907.27832,426.43463,1690.81641,702.80493,560.27856,1590.2301,748.47131,365.89453,1544.26355,866.70728,486.4556,1498.85388,560.6582,298.66556,1473.04175,800.63281,447.94812,1349.74048,713.75641,304.41397,1459.7467,619.62164,605.63257,1177.00171,516.15747,144.45364,1189.47656,846.79767,653.95886,1118.25134,702.63562,257.98282,1179.98035,998.18335,NA,NA,NA,435.10587,1060.81116,784.48315,263.62955,958.43335,577.47217,536.99005,490.91882,521.35291,377.0231,562.18225,780.63257,342.95779,225.17833,426.34528,528.92224,155.95123,747.38141
418,4.17,493.3718,1470.86536,912.68744,431.68442,1692.00903,707.89325,565.04187,1590.76721,755.07977,371.41437,1544.84668,870.93896,493.58844,1499.49622,565.7876,303.81915,1472.53821,803.25891,453.92633,1350.94202,719.43298,311.08365,1460.82813,622.91516,612.4801,1176.19397,520.91119,150.97942,1187.37012,849.27692,661.78522,1109.6731,704.88348,263.08389,1172.84302,1001.50403,NA,NA,NA,439.90213,1060.91748,789.95929,270.0589,960.14172,580.51349,559.93707,491.45618,528.85681,381.09473,561.00513,788.09204,363.46863,232.1489,427.89011,525.26184,152.2729,747.42633
419,4.18,495.81268,1472.05566,918.94427,439.6582,1692.54822,711.50287,569.77026,1591.43188,761.50952,374.54102,1545.90576,875.12598,500.4762,1499.92969,571.21161,308.36407,1473.29041,807.07025,459.10358,1351.32288,724.32208,317.28748,1462.02625,627.15442,620.20526,1175.31201,525.68262,156.99513,1185.62048,852.07452,669.15881,1100.06946,707.28845,269.11609,1165.20435,1003.86792,NA,NA,NA,444.215,1062.20764,795.54797,276.76532,961.78418,583.41962,582.22174,491.70355,535.04089,384.62149,559.88806,796.125,383.80634,237.59209,430.72339,521.60168,149.58896,746.30493
420,4.19,499.01181,1473.62659,925.40649,444.88007,1693.59363,716.64514,574.48376,1591.94641,767.82214,378.15887,1548.15906,879.68817,507.3522,1500.7218,576.5545,312.81583,1474.55908,811.48492,464.13602,1351.89453,728.80042,323.90829,1462.79993,631.01538,627.12122,1175.07483,530.24078,163.10068,1184.10852,854.84174,675.85345,1091.96191,708.72919,274.89069,1157.67529,1006.22119,NA,NA,NA,448.67319,1062.68115,800.96771,283.29175,962.91541,585.64935,604.60718,490.77008,543.42828,386.17093,559.83093,805.57782,404.90363,242.54611,432.52261,517.57001,147.28407,747.01111
421,4.2,501.80875,1475.2959,932.06519,452.29123,1693.38098,721.61804,580.06506,1593.09717,775.53448,382.15268,1549.54907,884.52478,514.34119,1501.09937,582.35956,317.44962,1475.10876,815.51331,469.47852,1352.71082,734.23932,330.23444,1463.97656,635.26758,634.22546,1174.68115,534.73633,168.98206,1182.32214,858.24188,684.41791,1081.84009,708.73242,280.71271,1150.1582,1008.53564,NA,NA,NA,452.69498,1063.69019,806.16791,290.33545,964.58185,588.0036,626.70007,489.68698,553.12463,386.59982,560.39899,813.57727,424.73474,245.10223,437.67136,513.37445,145.71629,747.64697
422,4.21,504.87802,1476.38916,938.13702,457.10614,1695.02258,726.28339,584.67889,1593.62402,782.07513,385.57059,1551.36633,889.07489,521.10944,1501.87756,587.95532,321.70447,1475.47205,819.91901,474.7858,1353.31104,739.90747,336.52927,1465.01733,639.8457,640.9845,1174.38635,539.9447,175.14577,1181.00745,861.00531,692.26752,1073.99316,710.14081,286.51126,1142.68311,1010.65631,NA,NA,NA,457.52487,1064.96411,811.44141,297.7316,966.31671,590.01953,649.13647,488.95868,563.90271,385.84528,561.66583,821.32208,447.10168,248.77332,441.11667,510.0141,145.94539,748.23413
423,4.22,507.67468,1478.69629,945.0957,462.82431,1695.50842,731.04559,589.71759,1593.79919,788.92914,389.5022,1552.83105,893.65753,527.9176,1502.43811,594.07184,326.68073,1476.05176,823.82117,480.65115,1354.29785,746.08563,342.32217,1465.90759,644.43823,648.29132,1174.2533,544.17493,180.36873,1179.83069,864.23065,912.31281,1344.80383,902.28961,291.75671,1135.81384,1012.8219,NA,NA,NA,460.75629,1065.08557,816.46198,304.41537,967.7674,592.22083,670.19977,490.89685,576.35425,385.01147,561.84265,828.19531,469.09912,250.48779,448.05527,505.435,147.69554,750.18262
424,4.23,509.85156,1480.33948,951.5368,469.16922,1696.06836,735.8772,594.21368,1594.03601,795.28064,392.48077,1555.00317,898.7547,534.80188,1503.07336,600.35248,331.27176,1476.44946,828.68066,485.88281,1355.16272,751.54626,348.39343,1466.58508,648.71143,655.07916,1174.14563,549.11792,185.96571,1178.71045,867.45062,709.16486,1056.04797,706.81372,296.71262,1128.69446,1015.29993,NA,NA,NA,465.39233,1067.16956,822.46442,311.95923,968.91345,594.85461,688.05676,496.09341,591.89514,385.08444,562.28558,833.88367,491.05136,252.45447,453.0867,502.20041,148.77106,751.41254
425,4.24,513.46863,1482.5564,961.20044,474.96738,1696.6322,740.9903,598.86652,1594.40063,803.27942,396.59308,1557.41956,904.25043,541.36963,1503.46741,606.89874,334.94839,1476.93445,833.84393,491.14703,1355.82043,757.71722,354.10773,1467.52344,654.02252,661.72522,1173.86206,553.97424,191.58128,1177.2356,870.46576,546.44592,1085.21667,717.39722,301.43951,1122.09521,1017.29797,NA,NA,NA,468.22949,1067.62061,825.79901,319.03857,969.68262,597.74866,702.16168,502.76892,606.5437,384.89178,562.44989,839.09961,514.32971,254.59566,459.15878,499.41019,149.68675,753.31781
426,4.25,515.58527,1484.08923,967.80457,481.39816,1696.85144,746.06653,603.49847,1594.61743,810.04114,399.70407,1559.45715,909.61212,548.02496,1504.08435,613.81689,339.1373,1476.95776,838.72223,495.19202,1355.7511,763.07837,360.9538,1468.34692,658.57898,668.06531,1173.71924,558.49585,196.61064,1176.0531,873.62,552.01709,1085.72412,724.44073,305.26801,1116.56348,1019.87531,NA,NA,NA,472.24832,1068.521,831.46686,326.17007,970.50745,600.68726,714.36829,508.9035,621.18011,385.72186,563.0636,842.9035,537.90643,256.01614,465.79468,496.81662,148.79027,754.59454
427,4.26,518.09766,1485.39355,974.44983,487.70865,1696.99207,751.54187,608.40692,1594.27454,816.94952,403.16278,1561.25378,915.0083,554.56085,1504.51733,620.93433,343.59546,1477.1969,843.49878,499.43442,1356.06763,768.50348,366.62354,1468.79065,664.47327,674.0777,1173.58069,560.89752,201.52235,1174.5498,876.62347,731.41681,1033.00317,701.39661,309.85928,1110.46509,1022.3421,557.41382,1085.86829,730.06506,475.57706,1069.84326,836.63715,332.97,971.17749,603.83765,724.5282,514.93286,635.24567,385.78586,562.81976,845.67285,562.20007,257.33023,473.00385,495.39047,148.79198,756.19421
428,4.27,520.29291,1486.90857,981.31146,493.06888,1697.48706,756.91943,612.77271,1593.75,823.9809,405.9342,1562.99268,920.36414,560.83417,1504.98401,627.78278,347.34647,1477.16785,849.22607,504.00296,1356.36011,774.36279,372.55688,1469.35596,669.42078,681.05164,1173.57166,565.435,206.04211,1172.82996,879.75903,736.58734,1025.11133,696.4408,312.89316,1104.79187,1025.41113,563.2605,1087.12512,737.31818,478.78952,1070.73413,841.87439,339.92819,971.99207,606.79565,735.13684,519.88995,648.65228,385.92645,562.22144,847.84155,586.15564,257.82013,482.6217,493.25992,147.41104,757.99335
429,4.28,522.94006,1488.13074,988.5238,499.5358,1697.70398,762.86487,617.80322,1593.64673,831.7973,410.58417,1563.48303,925.33441,567.52777,1505.17725,635.13129,352.04208,1476.59949,853.7738,508.89728,1356.146,781.31561,378.07257,1469.78979,674.94086,686.72656,1173.64893,569.81238,211.4216,1172.68066,882.98206,743.3833,1018.84369,693.43585,316.64053,1098.56018,1028.0105,567.59808,1087.88354,743.86926,482.59839,1070.76343,847.69061,347.31985,972.33398,609.4635,744.81036,524.80786,663.14587,385.17786,561.0636,849.05994,610.54126,257.85828,491.34726,491.64151,146.58157,760.57703
430,4.29,524.55396,1489.21301,995.84052,505.56424,1697.93311,769.29779,622.62604,1593.75671,840.3252,413.62668,1565.45325,931.07611,573.74957,1505.45679,642.46899,355.33618,1476.55127,859.53589,513.87762,1356.01245,787.98883,383.78308,1470.14868,680.59534,692.30841,1173.68518,573.97162,215.85625,1171.27136,886.35895,749.07239,1010.95477,688.83453,319.91769,1092.71191,1030.83215,572.13422,1087.60266,750.84393,485.42633,1071.56445,852.67834,355.0647,972.75977,611.95837,752.84393,529.50336,677.43738,384.38586,559.51154,849.54144,634.42584,257.466,501.11356,490.24951,144.02748,762.92261
431,4.3,527.36041,1489.65723,1003.0835,511.82489,1697.87061,775.40222,627.20081,1593.18262,847.91425,417.38654,1567.06287,937.21826,580.26276,1505.42444,650.03992,359.17746,1476.49915,864.79474,518.45972,1356.75684,794.89954,389.90411,1470.23877,686.21112,697.71332,1173.51489,578.11682,221.03604,1169.39673,889.7616,754.17499,1004.71039,686.25702,324.51062,1085.50647,1032.96545,576.89185,1088.79602,758.23114,487.96808,1069.7915,857.62915,363.33282,972.77997,615.16559,760.4187,533.36975,690.91077,383.0347,557.96661,849.92297,657.56421,256.13748,511.5903,488.70187,141.87193,765.29791
432,4.31,529.68927,1490.33215,1010.15906,517.5802,1697.50415,782.17395,631.42474,1592.68408,855.96136,420.58603,1567.86011,943.22705,587.2171,1505.41345,658.10809,363.16174,1475.81763,869.85406,523.31836,1356.578,801.80566,395.20911,1470.95776,692.57367,703.38763,1174.08594,582.65204,225.32771,1168.52673,893.28979,760.8736,997.66748,682.66644,326.75314,1079.34326,1035.55481,583.84021,1088.02502,766.5094,491.32422,1069.26697,862.83319,370.75449,973.67163,618.47266,767.46332,537.27777,705.31763,381.51666,556.04761,849.24603,680.95917,254.7457,522.45001,486.06674,139.85141,769.14734
433,4.32,532.95807,1490.70776,1017.37146,522.6944,1697.71021,788.83008,635.52985,1592.23364,863.94434,424.31006,1568.84692,949.81415,592.83954,1505.04114,665.91382,365.96002,1476.10217,875.71716,527.45319,1356.47534,809.15295,401.18964,1470.74683,697.37793,708.72321,1174.06787,586.76263,230.12027,1166.91052,896.77765,765.5481,992.26941,677.00537,330.04782,1072.26904,1037.55322,588.22235,1089.28528,774.5365,494.10324,1068.31543,868.58112,378.55658,974.27222,621.47711,773.39343,540.82001,718.75287,379.38431,555.01593,849.13531,702.88397,253.21672,533.71423,484.84988,136.24113,771.63489
434,4.33,534.63184,1491.03345,1025.04211,528.12653,1697.83826,795.8006,639.59949,1591.9635,871.63867,427.6394,1569.20972,955.78442,599.57642,1504.80005,673.37262,370.40738,1475.49207,880.2771,531.48041,1355.77234,815.58252,406.68057,1470.96521,703.52411,712.89862,1173.96069,591.03369,234.98311,1166.15112,900.60999,770.71844,986.30005,671.95947,332.60312,1064.9259,1040.18347,592.39624,1089.1543,782.16937,496.883,1068.05774,874.77576,386.39581,974.35504,624.56573,779.48053,543.14282,730.89551,377.38934,552.81409,848.43506,725.42456,250.592,546.1825,483.48212,133.98718,774.76855
435,4.34,537.60632,1491.34546,1032.43164,533.32819,1697.99988,803.35406,644.79388,1592.43579,880.67297,431.00034,1569.61963,962.07654,605.39691,1504.4176,681.64813,373.58176,1475.00562,886.26886,535.16925,1355.67114,822.95819,412.74167,1471.01794,709.23132,717.85846,1174.80212,594.52234,239.2654,1164.99829,904.0434,776.6441,981.21674,668.30768,334.73511,1058.27258,1042.42773,596.5296,1088.16895,790.05206,499.23105,1067.16553,880.80621,393.96738,974.86017,627.48248,783.92523,545.24823,743.63245,374.52893,551.45844,847.17773,746.44385,247.39764,558.27368,482.06003,132.22147,778.09857
436,4.35,540.36707,1491.09509,1039.93188,539.11646,1697.7052,810.36426,647.94153,1591.19238,888.62836,434.63535,1569.32263,968.40405,611.50287,1504.03137,689.50464,377.22351,1474.16541,891.5755,539.82684,1355.4408,829.74146,419.8692,1470.19177,716.00269,722.87518,1174.90417,598.75073,244.95352,1163.84204,907.6264,780.37695,976.34583,664.90729,337.24854,1051.26648,1044.64819,600.86694,1088.84424,797.86993,502.43582,1066.47107,886.03851,401.80994,975.59796,630.82397,788.03546,546.24225,755.02606,372.69516,550.44501,845.5144,764.17188,244.76103,573.32208,481.11609,128.9744,781.9527
437,4.36,542.565,1491.28076,1047.41931,544.2525,1697.38965,818.04675,653.16437,1591.54163,897.70978,438.42584,1569.61218,975.23254,617.72894,1503.59387,697.8233,380.81018,1473.80798,897.52722,543.6803,1354.82813,836.28973,423.91589,1470.22583,722.15619,728.1311,1174.39551,602.77393,249.64973,1162.54175,911.59338,784.94324,971.2121,660.5249,339.8075,1044.73804,1047.15076,604.65283,1088.125,804.58905,505.6214,1065.99121,892.315,409.87451,976.10968,633.9873,791.78699,546.69287,766.50195,369.80698,549.45251,844.29712,782.01239,239.55058,589.43842,479.38275,127.98305,785.14807
438,4.37,545.75653,1490.71655,1054.73694,549.15894,1697.55542,825.29175,656.15265,1590.42542,904.98004,441.2099,1569.96387,982.00677,623.56409,1503.23999,706.11279,383.80069,1473.40686,904.0545,548.30682,1354.41479,844.45972,430.37399,1470.1073,729.14758,732.78662,1174.3009,607.73077,255.02271,1161.4104,914.74536,789.92273,968.3598,656.45367,341.95673,1039.06897,1049.05554,609.29724,1088.06152,812.10931,508.61014,1065.74622,898.44354,417.80222,976.6828,637.38593,794.26935,546.23254,777.58209,367.80356,548.62305,842.65515,802.75409,236.17268,605.53259,477.83621,126.86615,788.1134
439,4.38,547.99097,1490.93933,1062.7312,553.51929,1697.12048,833.20764,660.94806,1590.73462,914.4519,444.71292,1569.68372,988.82263,629.38269,1502.78528,714.54565,387.7468,1471.91125,909.87207,552.45685,1354.26282,852.854,436.16507,1469.55627,735.50946,738.17133,1174.68298,611.97021,259.75052,1159.70398,918.70197,794.41107,963.56531,652.46399,344.34894,1033.68604,1051.57288,613.34314,1087.13831,820.54797,511.4924,1064.86377,904.29431,425.19171,977.4162,641.31464,796.08502,544.70715,786.77087,366.49847,548.24347,840.16968,820.32336,230.67863,623.85492,477.95612,127.21332,791.12415
440,4.39,551.08795,1490.32813,1070.01379,558.10974,1696.63538,840.58362,664.41193,1590.0376,922.97095,448.46829,1569.63098,995.40906,635.16882,1502.41687,722.87384,391.4729,1471.18909,916.05182,557.28033,1353.82214,859.72839,441.81573,1469.33496,742.29907,743.33575,1175.15637,617.25745,264.38513,1158.38953,922.01697,798.35291,960.76605,648.27032,346.52475,1028.49048,1054.02087,618.14221,1086.92981,827.4939,514.48206,1064.27673,910.36932,433.57788,977.55951,645.62372,797.87048,542.3468,796.20746,364.58865,548.37482,838.21393,838.77472,225.52518,644.64514,476.85336,126.64689,794.73352
441,4.4,553.31567,1490.3916,1077.9613,562.78308,1696.25232,848.39679,668.77509,1590.06689,931.35895,452.23264,1568.83936,1001.77191,640.87305,1501.94446,731.10455,394.91968,1470.28284,922.44971,561.10345,1353.01172,866.4668,447.53152,1468.91321,749.39722,748.67853,1174.58142,621.93451,269.0563,1157.06799,926.06628,800.64343,955.70221,643.46649,348.59177,1024.29163,1056.5968,622.68994,1086.45264,834.46442,518.505,1063.99634,916.10748,441.509,977.37927,650.19427,799.16241,539.08575,804.45123,363.12506,548.17279,836.68402,854.38666,216.5545,670.71088,476.57257,125.96462,797.35046
442,4.41,556.13489,1489.83545,1085.55017,567.56494,1696.07751,856.10693,672.60974,1589.56177,940.57977,454.76456,1568.30273,1008.67169,647.74829,1501.19519,739.75677,398.78317,1469.8175,929.26154,565.21582,1352.41296,874.65057,453.00525,1468.87427,755.89923,753.49402,1174.6167,626.94653,273.62973,1155.75854,929.84949,806.18915,953.0495,641.40985,350.78229,1019.1886,1058.37634,627.53137,1086.32312,842.27802,522.18842,1062.95642,922.59729,448.99374,977.98212,654.64917,800.90118,534.91833,811.5647,362.93588,548.25366,832.30646,870.4762,207.97433,697.00952,476.26291,125.16205,799.97412
443,4.42,559.00818,1489.84143,1093.41699,571.98413,1695.5697,863.63452,675.86584,1589.2572,948.90997,457.83002,1567.86414,1015.51227,653.1806,1500.82605,748.34491,403.39899,1468.35132,934.91614,570.17511,1352.00732,882.44232,458.36816,1467.82251,762.70605,759.60583,1174.61743,632.50238,277.82184,1154.20251,933.58881,809.19647,949.09131,638.39508,353.04901,1014.26917,1061.24487,632.09363,1085.58972,849.52258,525.72327,1062.16199,928.96533,456.46286,977.87451,660.04724,800.63385,529.62653,818.23682,362.92593,548.46741,830.7381,887.09717,198.81506,725.25244,476.1236,124.5128,803.0625
444,4.43,561.39941,1489.50989,1100.93848,576.58423,1694.87512,871.05829,679.83209,1589.01965,957.2085,461.23886,1567.77344,1022.53418,658.40002,1500.21008,756.83954,406.25937,1467.4325,941.88104,574.42804,1351.24084,890.5614,463.13336,1467.39795,769.54919,765.40503,1174.8396,637.7691,282.37424,1153.57642,937.2146,813.31622,946.45892,634.75153,354.32373,1009.64551,1063.72314,637.43225,1084.70093,857.94397,529.91669,1061.47913,935.49023,463.63593,977.40381,665.15759,800.91217,523.53241,823.89435,364.58215,547.52448,829.40125,903.83685,190.3481,754.74274,475.33737,124.30572,806.45917
445,4.44,564.20667,1488.95068,1108.83508,580.57312,1694.26782,878.31952,683.52759,1588.63477,965.84601,464.4707,1567.49023,1029.29431,664.08978,1499.75208,765.42706,410.06927,1466.36743,948.21735,578.94836,1350.57947,897.80945,468.63388,1467.55811,776.48132,770.95044,1173.97632,643.63141,286.54785,1151.88098,941.4978,816.95166,943.34894,631.68781,355.94055,1005.32898,1066.91431,642.81787,1085.10339,865.46893,534.1095,1060.85193,942.69067,471.49799,977.01941,670.88721,801.25043,517.65845,829.28815,365.961,548.15686,826.9043,917.42261,182.38312,784.23358,474.20309,124.53524,806.96808
446,4.45,567.35425,1488.77502,1116.13074,585.4469,1693.08276,885.74957,686.67133,1587.75159,974.25031,468.49173,1566.15076,1035.12097,669.68292,1498.70813,774.14478,414.77454,1465.19128,954.29602,583.15552,1349.73804,905.20026,475.29605,1466.02258,783.37219,776.45245,1173.48523,649.82263,290.67282,1150.76355,946.00342,821.6051,940.03113,628.75513,355.78091,1000.99396,1070.73022,647.94604,1083.85913,873.25769,538.53619,1059.83228,948.82184,478.07703,976.6991,676.85974,800.06433,510.5289,832.95337,369.21069,548.25757,825.61566,928.37671,176.41924,815.70374,473.09732,123.85995,808.11084
447,4.46,568.34723,1487.73938,1122.33447,589.20856,1692.44641,893.36554,691.13129,1587.02417,983.04395,470.98782,1565.72144,1041.91138,675.74542,1497.9043,782.80762,418.54791,1464.45227,960.60736,587.91138,1348.57605,913.28363,480.63803,1465.39661,790.09381,781.04596,1172.89282,656.18823,295.04965,1149.70947,950.42487,825.85895,938.47321,627.86237,359.86493,994.60565,1071.8064,652.37646,1082.72388,881.35272,543.04816,1058.33069,955.95435,485.80121,975.42334,682.9184,797.6662,503.74936,836.14478,373.62769,547.81665,824.68347,938.83856,174.04112,844.76636,472.45132,123.3625,808.62238
448,4.47,572.06055,1487.77698,1131.27393,594.15198,1691.30981,900.41614,694.49554,1586.92444,991.5307,473.96271,1565.01685,1048.53137,681.6582,1496.77014,791.61694,422.88367,1463.11365,966.46722,592.82483,1347.72192,921.065,485.56192,1464.19629,797.08319,787.17841,1172.67383,661.68158,299.46277,1148.71606,955.00854,831.64276,938.78552,628.95428,360.73337,990.00769,1075.09363,657.60541,1081.78955,889.85101,547.48822,1057.04077,962.42883,493.01379,974.89099,689.23438,795.23792,498.00809,840.2077,378.1788,547.18365,824.62915,945.83276,175.49376,874.02985,471.62173,123.12874,809.18463
449,4.48,574.10144,1487.30872,1138.76245,598.13159,1690.73547,907.61737,698.03265,1585.95801,999.60419,477.44717,1564.09009,1054.82495,687.70044,1495.21069,800.09082,427.53128,1462.40686,972.39563,597.1438,1346.67175,929.35059,491.31177,1463.36597,802.85449,793.0365,1171.98584,668.15417,304.13602,1147.22278,960.47107,833.20074,935.59613,625.71368,361.89563,984.32086,1078.06873,662.15723,1080.18005,896.5954,551.98053,1056.22815,969.66223,499.05267,974.08612,695.79761,793.58948,494.4762,845.86603,381.45862,548.65997,824.91101,949.72632,181.74763,901.8609,470.60046,122.33797,809.64056
450,4.49,576.53937,1486.77881,1145.83081,602.88055,1689.60901,914.50806,701.6145,1585.51611,1008.11444,480.56482,1563.23022,1060.53296,693.81458,1493.94641,808.86456,430.43213,1461.3855,978.77667,601.7749,1345.43115,937.24274,497.44583,1462.18201,810.11566,799.34222,1171.6626,674.75073,309.28992,1146.72534,964.94,839.6701,935.98834,627.83954,363.55991,979.11273,1081.32141,667.55347,1079.43103,905.42938,556.12927,1055.11121,976.93677,506.54541,972.51288,703.28784,792.8924,490.42575,852.40063,387.16217,547.12488,825.00555,952.18365,190.3519,929.99866,470.05435,121.51273,809.69348
451,4.5,578.35339,1486.38733,1153.04517,607.29718,1688.72144,921.86664,705.39624,1584.10474,1016.30591,483.0444,1562.0072,1066.84204,699.94727,1492.34827,817.67242,435.00177,1460.42444,984.67389,606.04883,1344.32983,944.58417,503.47372,1461.13586,816.65778,804.9093,1170.32385,680.77484,313.52249,1145.45691,970.51117,841.84546,934.82013,626.96271,364.15036,973.44482,1084.4967,673.32336,1077.70728,915.41907,560.56415,1053.28369,984.62878,512.84479,971.34772,709.83722,792.52435,488.98169,861.49835,393.3812,546.56152,826.81921,953.53668,196.89667,953.09479,468.87961,121.27795,809.85638
452,4.51,580.6651,1485.74072,1160.34155,611.53491,1687.70142,928.71918,707.77289,1584.01453,1024.16589,485.81296,1561.57263,1071.93054,706.53613,1490.57141,826.02258,438.99164,1459.41492,990.39948,610.44763,1343.354,952.90601,509.45197,1459.84937,822.92926,810.87671,1168.56006,687.50262,318.0072,1144.26477,975.82196,847.22644,935.3006,630.18439,365.39822,968.21631,1087.77856,678.49982,1076.77332,922.86182,565.02954,1052.19324,992.45264,519.6861,969.92682,717.26056,791.07715,487.40256,871.0451,399.64212,545.78931,828.90375,954.20532,206.70772,983.36865,467.57877,121.24068,809.85425
453,4.52,583.0993,1485.06958,1167.07068,615.72003,1687.04004,935.82123,713.09436,1584.8114,1033.39685,488.57993,1560.8717,1077.61829,712.64777,1489.17053,834.2652,443.5593,1458.52161,995.97314,615.22278,1342.21899,960.64526,516.13147,1457.96912,829.20178,816.53992,1166.59619,695.11902,322.41498,1143.974,981.09167,847.97913,932.36182,628.71204,366.27036,962.80005,1091.32434,683.77374,1075.16602,932.15936,569.20239,1051.07373,1000.33868,526.23657,968.60919,725.12616,790.8208,487.18179,880.00458,406.26379,545.20361,832.64655,953.76575,213.58612,1008.51257,467.103,120.4837,809.44403
454,4.53,585.03577,1484.67822,1173.80005,619.91193,1686.4198,942.81677,715.44214,1582.5199,1041.51709,491.07196,1560.54919,1083.50659,718.86316,1487.64661,842.6673,447.48663,1458.13306,1001.51263,619.23242,1341.39648,968.73541,521.56476,1457.71204,835.56323,821.83624,1164.13611,702.34662,326.62708,1143.37195,986.39771,850.82935,931.00903,629.75256,367.54611,957.64832,1094.66602,688.45929,1074.62317,941.25391,573.66968,1049.81812,1007.98474,533.00806,967.00696,733.18573,792.44061,486.71411,891.1615,412.95609,544.31165,836.40192,954.09967,220.47409,1032.4303,465.66513,120.30941,809.18964
455,4.54,587.24487,1484.04932,1180.73242,624.56256,1685.99866,949.88434,717.96417,1582.5791,1048.96313,494.67679,1558.75635,1088.48108,725.82782,1485.90149,851.27985,452.40726,1457.69543,1006.68536,625.01855,1340.66284,976.58478,527.83246,1456.3241,841.30621,827.56842,1162.28113,710.22552,330.90976,1142.94922,991.6134,NA,NA,NA,368.05032,952.74261,1099.36914,693.02533,1073.78076,950.31189,578.62256,1049.43787,1019.6734,539.37622,965.42358,740.70959,794.57037,485.53714,902.67084,419.48148,543.43347,840.89862,954.05554,226.78423,1055.36365,465.31049,120.02698,807.62042
456,4.55,588.98358,1483.89697,1187.52087,628.85413,1685.52417,956.82166,722.84979,1583.66833,1057.99316,496.6319,1558.4198,1094.31384,732.18158,1484.54932,859.43817,456.67929,1457.07678,1012.67889,629.65729,1339.8811,984.9278,533.99786,1455.58557,848.34668,832.95557,1160.69141,717.1983,335.02026,1142.26306,996.95703,858.23291,931.26239,636.07788,369.13525,947.74847,1103.0896,698.33142,1072.90332,958.72229,582.68976,1048.53259,1027.60583,546.1803,963.9563,749.77844,797.46375,484.68243,913.83356,425.14856,543.22156,846.65533,950.86505,234.19063,1080.83374,464.03238,120.72897,806.47961
457,4.56,591.42517,1483.44287,1193.91602,632.80109,1685.3634,963.99097,725.78076,1584.10132,1066.53882,500.33142,1557.49097,1099.125,738.80444,1483.26477,867.40601,461.70599,1457.02649,1017.79449,634.55573,1339.38647,992.74701,541.04675,1453.90039,854.45599,838.46051,1159.16077,725.3443,339.34406,1141.66101,1002.28937,864.62976,932.58063,642.94397,370.72763,942.72064,1106.52429,703.25165,1073.02893,968.63971,587.1731,1047.96997,1035.85864,552.89081,962.96643,758.84326,800.55927,482.70743,925.24237,430.74548,543.00647,852.12366,948.98785,240.02242,1100.50452,463.39136,121.71947,804.39447
458,4.57,593.13965,1483.16333,1200.2301,637.20807,1685.87134,971.14459,728.81024,1584.93958,1075.03687,502.86627,1557.27173,1104.88318,745.82147,1482.14148,875.89716,466.74969,1457.23279,1022.68127,640.01135,1339.13281,1001.42218,547.21808,1454.00037,861.28284,843.66254,1157.27087,733.22192,344.20761,1142.19702,1007.71045,867.07037,930.29852,646.44885,371.9299,937.60675,1109.9303,708.23981,1073.62329,979.14258,591.78174,1047.60437,1044.64258,559.42377,962.02307,767.35736,804.19672,482.151,936.34741,435.97531,542.49591,858.78821,946.80652,245.65482,1120.08997,462.66199,122.79388,802.68823
459,4.58,594.77155,1483.2627,1207.17981,641.8432,1686.45654,978.76221,731.93872,1585.87378,1083.87805,506.15289,1556.15381,1109.44568,752.78046,1481.17554,884.29193,471.39288,1456.87598,1028.25537,645.37921,1338.75854,1009.89697,554.76172,1452.25183,867.94281,848.09833,1156.07031,740.17877,348.89566,1142.46863,1013.04596,871.14539,930.56732,652.94928,373.30545,933.65149,1112.9093,710.72699,1073.28223,987.36609,596.31482,1047.4375,1053.7572,565.67926,961.02173,776.33508,807.23523,480.08148,948.13861,441.37408,542.47284,866.27606,943.75232,250.75923,1138.20801,462.25684,123.69851,799.97357
460,4.59,596.9751,1483.69592,1213.46216,646.22784,1687.59705,986.89862,735.39044,1586.88269,1093.23804,509.03989,1556.27954,1114.86279,759.60181,1480.7832,892.89026,475.70474,1457.80017,1034.25,650.84259,1339.34558,1018.15363,561.35315,1452.68225,874.74792,853.27325,1155.33301,747.92377,353.32254,1143.16443,1018.29993,875.83624,930.6698,660.01855,375.52008,929.60193,1116.28186,715.59216,1072.60168,997.72314,599.70044,1047.25806,1062.51672,571.30975,961.78229,784.94849,811.08057,480.44107,958.43335,446.41788,542.3078,874.20654,940.862,255.35144,1155.30872,461.27225,125.09292,798.08246
461,4.6,598.32056,1484.42859,1220.46509,650.73303,1689.02844,994.87531,738.21564,1589.24207,1102.87842,511.36603,1557.07434,1120.63171,766.57434,1480.52295,901.70612,481.89151,1458.8175,1039.48718,655.76477,1340.25024,1027.0188,568.70258,1452.65967,881.96851,858.68231,1154.81274,756.34784,358.48965,1144.27063,1024.64404,882.31818,931.83838,668.02539,377.73895,925.48615,1119.84265,719.66895,1072.45422,1007.65741,603.09406,1047.34753,1071.45984,577.19202,962.27484,793.6037,814.90173,481.07303,968.80695,450.19095,543.138,883.30316,937.35114,258.21677,1171.60095,461.27097,125.83301,795.29614
462,4.61,600.05853,1485.64417,1227.91455,654.78967,1690.82861,1003.35895,741.841,1592.37964,1113.69714,515.04346,1557.06494,1125.20764,773.56372,1480.78479,910.58215,486.17963,1460.1543,1045.83325,660.61951,1341.74121,1035.43506,576.45258,1453.22705,889.51056,863.54126,1154.36633,763.8219,364.01862,1145.56763,1031.19153,885.96222,930.9176,674.69379,379.83765,921.92975,1121.91064,723.7287,1072.54456,1017.75494,606.36328,1047.64709,1079.86194,583.09546,963.5531,801.13879,818.64484,482.84326,979.68829,455.52634,543.76086,892.37158,932.74347,260.0101,1186.53345,460.99686,128.11649,793.34851
463,4.62,601.99207,1486.87061,1235.05383,659.23718,1692.40491,1011.35742,745.10553,1594.42517,1123.25049,518.13165,1557.81311,1131.46143,780.11713,1481.09375,920.25275,490.8389,1462.18555,1052.39734,666.46674,1343.4469,1044.68091,583.03162,1454.32068,897.19794,868.87598,1155.21362,771.8399,370.25516,1146.90747,1036.9436,889.24438,930.49994,682.6684,382.06525,917.5318,1123.63477,727.24561,1073.02917,1027.54993,609.21118,1048.02539,1088.12341,589.23218,965.01837,809.25159,820.99152,484.22778,990.07336,461.1557,545.82202,903.3822,928.64313,258.53577,1199.99268,461.2103,131.10718,791.3681
464,4.63,603.53302,1488.83557,1242.84058,663.83142,1693.94568,1019.31287,747.29779,1596.14124,1132.53345,520.84528,1558.99622,1137.3429,786.38239,1481.92261,930.14172,495.51068,1464.28662,1059.34497,670.8208,1344.84985,1053.48157,589.59827,1456.22961,905.22766,874.67871,1156.29895,780.39471,376.20673,1148.99683,1042.85095,896.30658,931.91321,693.95856,385.63821,914.06793,1125.12231,730.14789,1074.20142,1037.40027,611.56903,1049.03052,1095.7854,594.38385,967.1734,817.33289,824.93939,486.6077,1000.54169,469.08002,546.53546,912.89655,922.70569,255.91374,1212.67981,461.56766,135.59389,789.62817
465,4.64,605.19489,1490.41956,1250.44727,668.17456,1695.39929,1027.9231,750.6286,1598.77222,1142.88855,523.95551,1559.73755,1142.69824,792.65692,1482.68872,940.26111,500.40845,1466.16272,1066.81311,675.33032,1346.26611,1062.70251,595.76941,1457.69507,913.30365,880.52258,1157.52588,789.85614,382.66959,1151.11487,1049.50098,899.83484,930.88147,703.08405,387.97491,912.0238,1126.18872,732.66345,1075.52466,1046.76257,612.63141,1051.14331,1103.94519,599.27344,969.32465,825.11176,829.51764,488.77103,1011.74548,476.85324,549.2627,924.52985,917.27399,252.40416,1224.06506,462.65756,142.29768,789.10968
466,4.65,606.96259,1492.5282,1258.02051,673.62793,1697.06567,1035.85718,754.51971,1601.25623,1152.60046,527.96143,1561.09631,1148.53455,798.1936,1483.87073,950.22009,504.92645,1468.85278,1073.72778,679.35425,1347.76013,1071.31873,601.89471,1460.37976,921.59601,886.28802,1158.85974,799.13947,388.62878,1153.41711,1055.88599,905.86041,931.33948,713.35278,390.11694,911.00433,1127.16809,734.7005,1077.76501,1055.7251,614.53522,1053.69006,1111.18274,604.11871,971.34729,832.88062,835.7652,490.86575,1020.79279,485.96521,550.8324,935.56805,911.70947,245.27516,1228.22351,466.74112,146.05905,778.82532
467,4.66,608.19092,1494.70569,1265.9917,678.99988,1698.65991,1044.21179,757.28052,1603.08447,1162.59558,530.07507,1563.9458,1155.68823,803.58887,1485.40686,960.54614,509.08463,1470.79248,1080.87122,683.02557,1349.12585,1080.07715,606.51404,1461.91833,929.27936,892.49359,1161.27246,809.14404,394.43472,1155.4574,1060.16711,912.37305,933.06683,727.41876,392.81818,911.40497,1128.08252,736.97894,1080.39429,1064.50854,616.66095,1056.46362,1118.24951,608.97992,973.87738,839.63391,841.49701,493.40445,1030.68115,495.36066,552.74188,947.13641,904.40656,238.78563,1235.61548,470.03427,154.18419,777.9563
468,4.67,609.77637,1496.69788,1273.90161,683.12451,1700.47595,1052.29272,759.41583,1604.57104,1171.47473,532.73669,1565.92493,1162.88965,808.43756,1486.76392,971.25391,513.52783,1472.93066,1088.41064,686.95404,1350.89233,1088.9541,611.79987,1465.13782,937.29315,898.4762,1162.05542,820.40778,400.3103,1157.1311,1066.1051,918.24207,932.4129,738.51099,396.3313,913.03821,1129.66199,738.83142,1083.83594,1073.88611,617.21033,1060.21716,1125.05505,614.43579,975.93396,846.61359,847.5506,494.7673,1040.06958,504.5809,553.7561,958.59503,897.04559,231.24434,1241.38513,474.83694,163.34132,777.771
469,4.68,611.27094,1498.89941,1281.67651,687.15753,1702.29834,1060.94849,762.67078,1605.92139,1180.78552,535.51587,1568.47803,1170.11157,813.05725,1488.33252,981.36182,517.4574,1474.90991,1095.35669,689.34338,1351.99048,1098.00037,617.1582,1467.30664,945.68677,904.71838,1163.8407,832.00385,406.35672,1159.32458,1071.30811,925.98779,933.8241,755.7619,398.83145,914.9519,1131.07056,740.62329,1086.50818,1082.41711,617.87872,1063.37708,1131.7417,619.99359,977.73132,853.2583,853.4342,496.23105,1047.90381,512.28833,554.80408,970.71313,890.0365,224.3235,1245.75867,480.81921,174.72437,781.8598
470,4.69,612.62238,1500.75879,1289.35059,690.88263,1704.38098,1069.4469,765.26581,1607.80371,1189.70044,538.60266,1571.2738,1176.80713,817.26898,1490.32788,992.18634,519.89642,1476.56812,1102.52881,692.50433,1353.78955,1107.31763,621.54309,1469.63916,953.24286,911.13495,1165.92297,844.02216,411.23199,1161.49719,1075.65051,932.10193,933.75592,768.94629,401.55942,916.73438,1132.90588,741.99457,1089.01404,1091.19238,618.7663,1066.40967,1137.77856,625.41418,979.79956,859.86011,859.4505,496.8725,1056.33667,521.56854,555.33551,981.78473,882.09528,215.97348,1247.88318,487.86588,186.35129,788.4361
471,4.7,613.8324,1502.73718,1297.21338,693.34143,1706.46875,1077.67029,766.96344,1609.33289,1198.4115,541.31519,1572.96729,1183.8573,820.91461,1491.92322,1002.909,523.22083,1478.01855,1108.86328,694.4494,1355.92346,1115.49377,625.61932,1471.68396,961.54614,917.86951,1167.21777,857.98553,415.41751,1163.04004,1080.06311,940.63934,934.59882,787.89404,402.78659,918.63245,1133.77917,743.02997,1091.22424,1099.96301,619.38531,1069.3855,1143.99976,631.07141,981.87817,866.40106,867.23315,497.76312,1065.00562,530.42181,556.82983,993.21851,875.21973,207.702,1248.82422,497.26758,196.03206,795.48132
472,4.71,615.22723,1504.77734,1304.92188,696.78778,1709.08154,1085.11414,769.94312,1611.41418,1207.93701,542.48035,1575.47864,1191.58923,824.6181,1493.89648,1013.26971,523.88281,1480.20959,1115.82629,696.39655,1357.90295,1124.51929,629.38947,1473.91101,969.80371,924.1601,1168.35132,871.17554,419.15732,1164.84473,1083.8761,946.68079,933.61163,802.32849,404.33618,920.13635,1134.21838,744.95618,1092.91113,1108.17102,619.75946,1071.55847,1149.99512,636.14868,983.7713,872.78345,873.28259,499.4364,1072.43384,538.74457,558.34613,1005.89435,868.10876,200.08022,1249.40125,507.30164,206.62111,804.96802
473,4.72,616.22711,1506.60376,1312.79163,699.63428,1710.52563,1094.94067,770.45508,1613.28113,1216.29749,544.64465,1577.15137,1199.03406,827.93823,1495.98755,1023.65979,526.00262,1481.77808,1121.50122,697.54517,1359.45911,1132.95593,633.73749,1476.18799,977.15753,930.76129,1169.41833,886.06171,422.58817,1166.28455,1086.89624,956.02594,936.17651,821.55908,405.82422,921.25793,1134.87732,746.00427,1093.77197,1116.75317,620.05377,1073.71851,1156.21448,641.52032,986.17212,879.07483,878.88043,500.35941,1081.47791,546.25879,560.21875,1019.0697,861.15289,193.93062,1248.44678,518.35431,217.13112,815.17963
474,4.73,616.84656,1508.59045,1320.83691,701.36646,1712.77783,1103.31396,773.05884,1615.60083,1225.28577,545.72223,1579.41711,1206.56958,830.76337,1497.74585,1034.33606,527.41022,1483.98596,1128.19885,699.28351,1361.53625,1142.18469,638.11914,1478.12695,984.6731,936.61212,1170.64514,900.00903,424.42218,1168.54004,1090.0481,962.36591,935.56012,839.31348,406.88953,923.5141,1135.41199,747.23376,1094.92957,1124.85767,620.56982,1074.89319,1162.3114,646.85895,987.77936,885.7655,883.27557,501.6478,1091.86487,552.72546,563.96594,1033.34753,854.77277,189.66643,1247.41333,529.4101,226.70657,826.79987
475,4.74,616.80927,1509.82361,1327.96423,703.37317,1714.66333,1111.90576,774.24298,1617.86633,1234.13562,547.34247,1580.96704,1213.90161,833.66858,1499.55115,1044.92517,528.94147,1485.82654,1133.83679,700.12909,1363.5304,1150.98157,641.84283,1480.23169,991.8161,943.28644,1171.61108,915.52789,427.13232,1170.63208,1092.12024,968.00537,933.8009,855.94415,406.97198,925.20679,1135.98621,747.94934,1095.6189,1133.59204,621.04791,1075.64807,1168.46643,652.17664,990.15839,892.10767,888.30237,505.2355,1102.74048,558.72736,567.3689,1047.22815,849.49628,186.67795,1244.20984,NA,NA,NA
476,4.75,617.229,1511.91309,1336.34766,705.26251,1716.552,1120.32581,775.06287,1619.48987,1243.15222,548.06195,1583.09692,1221.7489,836.3479,1501.39697,1055.44446,529.51733,1487.63245,1139.21118,700.97211,1365.53125,1158.91809,645.59033,1483.08093,1000.34271,948.646,1172.10156,932.01526,427.9794,1173.30359,1094.63354,975.87476,935.25909,877.46155,406.2594,926.57166,1136.04102,749.29156,1095.68335,1141.51526,622.02441,1076.84521,1174.72803,656.61096,992.08813,898.34631,892.46075,508.16968,1112.49377,563.13007,572.32428,1062.02173,843.87579,183.8728,1241.58264,NA,NA,NA
477,4.76,617.95831,1513.60815,1344.17566,705.6759,1718.31226,1128.54736,775.13708,1621.58728,1251.74658,549.16388,1584.67419,1229.04944,839.06152,1503.25415,1066.349,530.90552,1489.12134,1144.94263,701.62256,1366.60461,1166.98926,649.1391,1484.3468,1007.62103,955.07874,1172.8446,947.76617,429.67661,1175.49219,1096.87048,983.21741,935.51074,897.93262,405.89847,928.47705,1136.7583,750.65759,1096.94934,1150.1571,622.0799,1077.58459,1181.59253,660.85101,994.13397,904.65692,897.35706,511.6691,1122.43762,570.47687,575.81342,1076.52576,838.10645,182.22557,1239.19958,NA,NA,NA
478,4.77,617.49341,1514.92529,1352.02258,707.07904,1719.66187,1136.47302,775.36481,1622.89526,1260.66431,550.03693,1585.86902,1236.11658,841.76489,1504.95557,1076.67126,532.22217,1490.61194,1150.50806,702.3056,1369.099,1176.5105,653.00116,1486.78857,1015.06219,960.57458,1173.76074,964.54858,430.3606,1178.36243,1099.68347,990.11987,935.06,918.54236,404.88629,930.09436,1136.44385,751.94019,1097.01733,1157.94214,622.28058,1078.35876,1187.69006,665.06409,996.16943,910.63885,900.07983,514.72168,1133.02185,573.69421,579.81195,1091.89282,833.63983,179.73729,1234.43018,NA,NA,NA
479,4.78,617.83862,1515.98499,1359.62219,707.72266,1721.21973,1144.70349,775.50781,1624.77466,1269.41003,549.98334,1586.91016,1243.43787,844.36157,1507.01611,1088.64063,533.35986,1492.4408,1155.51709,702.69672,1370.04163,1184.00598,656.61896,1488.42993,1022.24817,966.12048,1174.66602,982.62708,430.44025,1180.66455,1102.17346,997.93878,936.92102,939.87903,402.85147,932.05042,1136.13086,752.77374,1098.02441,1165.8186,621.49628,1080.45227,1195.97961,668.74994,998.02612,917.41821,901.55048,517.57953,1142.41736,577.38898,584.28522,1108.26794,826.7337,177.832,1228.54272,555.56177,267.30661,924.20416
480,4.79,617.37512,1516.78857,1367.18005,707.5658,1722.73022,1152.72058,775.01355,1626.37439,1277.96313,549.71381,1587.40002,1250.69507,846.54449,1508.3905,1099.40955,534.29291,1493.84851,1160.98743,702.69879,1370.89624,1191.64331,659.896,1490.49707,1028.54968,971.53979,1175.43835,1000.39966,431.43289,1182.64783,1104.18689,1004.88361,936.95239,961.39093,400.98883,933.81323,1136.33911,753.13428,1099.37012,1173.85657,622.03326,1081.2356,1201.04382,672.11407,1000.69537,923.19373,901.68042,520.20502,1151.14404,579.9906,587.48914,1125.65869,822.5517,177.54562,1225.98901,563.07666,272.00421,944.55963
481,4.8,617.09265,1517.84558,1374.91699,707.49921,1724.12354,1160.6543,774.71228,1628.27271,1286.11597,550.23199,1587.48755,1257.38733,848.47137,1509.61035,1110.62439,535.91614,1494.89624,1165.13989,702.55847,1371.86194,1199.25537,663.11548,1492.12769,1036.01501,976.67383,1176.22412,1017.83557,431.37219,1184.60754,1107.29688,1011.62598,937.94061,983.13971,400.00366,934.4259,1136.36035,754.27142,1101.2793,1181.54138,623.00006,1082.5293,1206.64478,675.31592,1002.46344,930.0459,901.22217,522.633,1158.9165,582.84918,591.22406,1143.83618,818.23749,177.27312,1222.6543,568.50031,277.61935,965.35175
482,4.81,616.14691,1518.40723,1382.46252,707.35663,1725.08826,1168.7981,774.91968,1630.54346,1294.84351,550.06958,1587.74585,1263.62305,850.00598,1510.65405,1120.89124,536.68396,1496.52625,1170.29358,702.22491,1372.46399,1206.40552,666.58948,1493.04761,1043.51038,981.6629,1176.95569,1034.73596,431.40948,1186.26379,1109.96655,1018.39331,937.87354,1005.5025,398.69528,935.52637,1136.26758,755.00769,1102.85437,1189.3114,623.76837,1083.30835,1212.36096,678.39581,1004.16669,935.96393,899.39014,522.83948,1165.14148,584.2951,595.20148,1163.16589,815.15393,176.81686,1218.8855,575.55756,282.94055,985.76056
483,4.82,615.22363,1518.552,1389.25903,707.05066,1725.90625,1176.73743,773.88733,1631.19812,1303.27856,549.60699,1587.49426,1270.27161,851.81909,1511.56201,1132.40735,537.77008,1497.03613,1175.33984,702.55408,1372.99634,1213.75208,669.97687,1493.98816,1050.68738,986.7392,1178.01208,1052.98938,430.98181,1187.46912,1112.55383,1025.87622,939.65552,1027.99658,397.87296,936.30841,1136.60168,755.55334,1104.2196,1197.00708,624.28961,1084.70825,1218.27673,681.1416,1005.78156,942.37134,896.98529,522.60791,1171.04956,585.43146,598.53577,1181.44458,813.34619,176.1891,1216.21631,581.37744,288.71729,1007.5506
484,4.83,614.51294,1517.62207,1389.73291,706.67981,1727.10962,1184.70911,772.64441,1632.45996,1311.97424,549.51166,1587.20496,1276.21997,853.22314,1512.52502,1142.92505,537.86304,1498.28394,1180.54858,702.44659,1373.83264,1220.63562,672.01166,1495.16345,1058.29419,991.51556,1179.03052,1070.15942,430.24924,1188.75671,1115.23425,1031.37646,940.17725,1050.39844,396.88132,937.14056,1136.677,755.78955,1105.91296,1204.42053,624.26434,1086.11707,1224.50427,684.22021,1006.66602,949.00604,895.59271,521.73822,1175.68713,584.15729,603.39606,1199.16052,810.75677,174.58827,1212.66492,586.90826,292.34543,1028.58081
485,4.84,613.52667,1517.28821,1396.8335,706.62061,1727.82007,1192.9209,771.37396,1633.60803,1320.04529,548.93347,1586.5603,1282.61169,854.65503,1512.97864,1153.6228,538.65082,1499.21277,1185.7041,702.14258,1374.30969,1227.91064,675.09015,1496.09668,1065.45605,995.84198,1179.54236,1088.61731,429.15576,1190.10376,1117.8396,1037.29492,941.00031,1074.11182,395.17984,938.24377,1136.98694,755.91339,1106.6521,1212.60364,623.81696,1087.37256,1230.48621,687.19775,1007.31793,955.74927,893.55206,521.3158,1180.6925,581.52228,609.2298,1214.43872,808.61792,175.04593,1211.3501,593.05017,295.87186,1049.32227
486,4.85,610.9917,1518.14893,1409.97778,705.08765,1728.21985,1200.68176,770.58398,1633.85925,1328.79932,548.00647,1586.07166,1288.16309,855.87,1513.64709,1164.42981,538.40991,1500.44348,1190.83093,702.25031,1374.61877,1235.0116,678.01056,1496.82727,1072.22156,1000.67065,1180.86218,1106.56372,428.74414,1191.18652,1120.24292,1042.97144,941.93109,1097.04529,394.00146,939.2464,1136.91016,755.88733,1107.32629,1219.7124,623.49945,1088.75232,1236.12354,689.92603,1007.79773,962.71509,891.99371,519.61914,1184.33643,579.78967,613.93536,1228.5968,806.21082,173.34062,1208.53577,595.6228,297.23639,1069.77087
487,4.86,610.80389,1515.85095,1407.7738,704.61469,1729.005,1208.68469,767.9718,1634.89099,1337.23267,547.0484,1585.27417,1294.11694,856.70215,1514.21289,1174.65015,537.98798,1501.15527,1195.24744,702.10638,1374.77026,1242.04199,680.41864,1497.70837,1079.2865,1005.22394,1180.53455,1123.5614,428.11615,1192.41345,1122.74207,1048.41589,943.41595,1120.64954,392.91037,940.06793,1137.19824,755.12213,1107.80237,1228.09729,622.46045,1089.48669,1241.72168,692.43134,1008.17645,969.44714,890.49664,517.56146,1187.69592,577.31537,618.79938,1241.26196,804.30414,173.09474,1207.54358,597.47357,296.87967,1089.68909
488,4.87,607.89526,1515.32849,1415.92114,703.67828,1729.20923,1216.48511,766.86133,1635.31604,1345.98584,545.89551,1584.12756,1299.79492,856.4173,1513.77295,1184.5824,543.23779,1500.68372,1199.93237,701.61591,1375.27258,1249.48364,683.24603,1498.27795,1086.35547,1008.29474,1182.01514,1141.71338,428.3804,1193.36414,1124.49219,1053.33545,945.12646,1144.09167,392.09393,940.74036,1137.47632,754.49139,1107.20276,1235.6842,621.26392,1090.31128,1247.65088,695.67078,1008.46893,976.37964,888.97668,515.05499,1190.67383,575.71088,623.57526,1251.47742,802.95276,171.56856,1205.15393,599.91071,295.29193,1109.35645
489,4.88,604.61707,1516.72559,1429.99329,702.60065,1729.59119,1224.23462,763.99597,1635.43237,1354.1427,544.08093,1583.53796,1305.15771,857.46906,1514.51599,1194.75903,542.60645,1501.60193,1205.27039,701.10156,1375.58313,1257.17297,685.95386,1498.78674,1093.31628,1011.63647,1182.87109,1159.70471,428.22421,1194.47754,1126.84167,1058.51563,946.8446,1167.05725,390.61075,941.93048,1137.91614,753.45422,1106.98413,1243.40186,620.69617,1090.23511,1253.5177,698.54382,1008.92023,983.26941,887.42072,513.52295,1193.31641,573.53131,627.73474,1260.82861,802.09253,167.54356,1200.49402,601.22791,293.18491,1129.0448
490,4.89,603.38605,1512.85803,1426.88013,701.08862,1729.69446,1232.15601,761.77869,1635.79504,1362.96436,543.39276,1581.8844,1310.19971,857.68329,1515.71729,1205.71326,543.79993,1501.89319,1210.76147,700.2486,1375.578,1264.1936,688.13666,1499.15381,1100.96252,1015.34479,1184.83459,1177.39453,428.49988,1195.12158,1128.24463,1062.31152,949.56964,1190.1886,390.40558,942.2572,1138.24133,752.39893,1106.25696,1251.46106,618.68866,1090.68152,1258.97083,700.66022,1009.12073,990.10773,885.81665,510.83313,1195.91565,571.07684,631.89081,1269.37134,801.24091,166.89711,1200.70776,604.48383,289.44797,1149.05103
491,4.9,600.56354,1511.17761,1431.77051,700.34491,1729.65613,1239.96008,759.33282,1635.703,1371.08704,541.1825,1580.65796,1315.72437,857.77332,1516.66113,1216.55896,543.05731,1502.39685,1215.96069,699.89697,1375.85339,1271.45813,690.40601,1499.48401,1108.38135,1017.31989,1185.05066,1194.57727,428.14169,1195.8208,1129.86633,1065.45264,952.13623,1213.89185,390.3136,942.69061,1138.65613,751.50366,1105.27905,1259.72742,617.6214,1090.10217,1265.04468,703.30444,1009.15912,996.81268,884.50043,508.77948,1198.01843,567.11346,635.80017,1277.32764,799.56482,165.23447,1199.69592,607.17816,285.01804,1169.41541
492,4.91,598.15497,1509.68665,1437.2262,698.74878,1729.63733,1247.90967,756.52863,1635.77942,1379.23035,539.17175,1578.26013,1315.69727,857.5141,1517.68372,1226.75305,543.92169,1502.08093,1221.78662,699.44922,1375.84619,1278.59546,692.64246,1499.78467,1115.81567,1019.99274,1188.37708,1212.58252,428.69977,1196.45996,1130.71252,1068.59131,956.41736,1236.70935,390.6041,943.42157,1139.32971,750.3465,1104.25952,1267.95557,616.48779,1089.56458,1271.37646,705.58698,1009.13568,1003.85828,882.78564,506.08585,1199.61841,565.67218,637.33881,1284.53076,799.53058,162.76958,1195.71753,609.42859,279.56494,1189.54944
493,4.92,593.7832,1509.85315,1448.58569,697.49878,1729.49561,1255.56714,753.27161,1635.052,1387.27002,539.42316,1576.91333,1321.49048,856.2912,1518.32788,1238.3844,543.80151,1502.21985,1227.09473,698.64496,1375.42883,1285.74622,694.43158,1500.25549,1123.60046,1022.26733,1190.96375,1230.95593,429.95358,1196.96973,1132.40771,1069.75806,960.16522,1259.42419,390.89255,943.66992,1139.88147,748.02899,1103.44568,1276.35608,614.27814,1089.14709,1277.20215,707.30066,1009.03253,1011.21338,882.2373,504.49594,1201.5293,564.02295,638.45795,1291.7677,799.4646,160.71655,1193.81274,611.18994,272.52472,1210.24048
494,4.93,590.40991,1507.23071,1452.07666,695.21118,1729.49622,1263.70422,749.78284,1635.45972,1396.2356,535.83716,1575.88586,1326.52441,855.2326,1519.14331,1249.6615,543.75732,1502.41968,1233.14905,698.06781,1375.13232,1292.87817,696.3869,1500.90564,1131.52991,1024.49084,1193.18225,1248.53296,431.23532,1197.29651,1134.14514,1070.45508,965.48303,1281.48999,391.51065,944.03363,1141.07532,746.86566,1102.4364,1284.05762,612.86273,1088.57385,1283.15613,709.49335,1008.85815,1018.01025,880.74463,502.00659,1203.21985,562.24158,638.53223,1298.26904,799.74097,159.37834,1192.6322,613.40637,264.77042,1230.67554
495,4.94,586.80469,1505.53381,1457.15112,693.6897,1729.38477,1271.51465,746.56537,1635.07104,1404.94495,533.36023,1574.09619,1331.95752,854.13483,1519.85095,1260.6759,544.67517,1501.02869,1238.45569,696.68164,1374.58191,1300.23145,697.94684,1501.52087,1139.45459,1023.28534,1193.18152,1265.03772,432.0527,1197.46265,1135.57764,1070.80273,970.72327,1302.71265,392.15698,944.14545,1142.85938,745.20435,1101.68262,1291.57849,610.93719,1088.02844,1289.61841,711.23486,1008.80316,1026.08228,880.30249,500.24823,1203.54285,560.56116,637.43829,1304.27319,NA,NA,NA,614.81226,256.5719,1251.83276
496,4.95,582.98901,1503.74011,1462.24866,691.5072,1729.00354,1279.30884,742.46973,1634.42444,1413.56982,531.94128,1572.19934,1333.59998,852.0968,1520.28271,1271.85229,544.58972,1501.4231,1244.42969,695.27661,1374.14795,1307.7113,699.26343,1501.47058,1147.70984,1023.85132,1194.95166,1281.78357,434.97592,1197.47729,1138.42639,1070.5061,976.0885,1322.64026,393.02237,944.3645,1145.11902,743.32574,1100.89587,1300.56091,609.30597,1087.80896,1296.28955,712.90784,1008.38641,1033.63672,879.6814,498.72467,1205.49255,558.70313,635.70667,1310.20251,NA,NA,NA,616.54181,247.20044,1273.36194
497,4.96,578.56708,1502.31519,1466.80457,689.88971,1728.80103,1287.16052,738.07117,1634.35107,1421.78394,529.29791,1570.9718,1338.15125,851.23889,1520.49939,1282.70081,544.04053,1500.75037,1249.85413,694.13116,1373.63354,1315.27441,700.34302,1501.72485,1155.79663,1025.16565,1197.34509,1298.17737,437.52774,1196.92249,1140.84619,1069.60608,982.01709,1340.8302,394.71048,944.10193,1147.47571,741.38672,1100.09729,1307.95483,607.38208,1087.56763,1302.23608,714.48065,1008.57947,1041.30469,879.40167,497.80807,1206.60376,556.23151,633.88904,1315.21924,NA,NA,NA,617.80774,237.3112,1294.93896
498,4.97,574.16284,1501.39709,1473.48792,687.1366,1728.25708,1293.20996,734.04218,1634.12988,1431.13062,525.39575,1569.02002,1342.29858,849.78546,1521.20288,1293.47925,543.61127,1499.88477,1256.05615,693.00085,1372.81287,1323.04797,701.07184,1501.50342,1163.73608,1025.12769,1198.95313,1314.26648,439.09384,1196.6405,1143.98987,1068.49438,988.38,1359.54395,395.93954,944.04858,1150.97766,739.34381,1099.7998,1317.22949,605.7536,1087.68591,1309.3855,716.44519,1007.5293,1049.01208,879.21704,497.04083,1208.89136,554.39484,630.8797,1318.21655,NA,NA,NA,619.1557,225.6115,1316.97412
499,4.98,570.02814,1500.7998,1478.48083,684.33551,1727.24487,1301.36169,729.66138,1633.36023,1439.37537,524.09943,1568.93701,1348.9375,848.10248,1521.10413,1303.48315,541.51141,1499.46912,1261.64771,690.99036,1372.48389,1330.7821,701.29565,1501.2998,1172.54517,1024.97644,1200.495,1329.18127,440.66953,1196.09265,1146.32605,1067.08826,993.25293,1376.1449,397.63129,943.61047,1154.01526,737.90808,1099.52991,1324.70313,603.87286,1087.69531,1316.30518,717.33765,1007.26178,1056.69006,877.74445,496.08008,1210.69312,552.69507,627.70062,1321.29248,NA,NA,NA,618.15643,217.37523,1340.41968
500,4.99,565.32324,1499.3584,1484.01331,682.66437,1726.68237,1308.98364,724.81366,1632.89319,1448.01343,520.70758,1567.34546,1353.93384,846.03082,1520.58716,1313.40784,540.89038,1498.51489,1267.36353,689.10687,1371.17712,1337.71655,701.94263,1500.58057,1180.12952,1023.79535,1201.34351,1341.70801,442.72,1195.38342,1149.72449,1065.93457,998.32611,1392.48047,397.75305,943.09375,1156.60498,735.77014,1098.83777,1332.78125,602.55969,1087.06384,1323.56799,718.47095,1007.01898,1064.50378,876.55164,494.64047,1212.61523,550.81989,623.7796,1323.53076,NA,NA,NA,622.06024,206.61382,1364.96582
501,5,560.63721,1497.90161,1488.5553,679.45428,1725.76953,1316.85132,720.22357,1632.44958,1456.23657,519.70911,1566.30627,1359.61499,843.83044,1520.51318,1323.5636,538.77545,1497.8042,1273.58386,686.6051,1370.30908,1344.8623,701.83521,1500.16785,1188.50439,1023.4375,1202.51025,1353.99243,444.45313,1194.37781,1153.64319,1064.38562,1002.62579,1407.83374,399.96173,941.16534,1160.58813,733.97449,1098.9939,1341.64795,601.24628,1087.17065,1331.09082,718.89954,1006.84418,1072.2738,875.88531,494.80423,1214.71021,549.78607,619.47266,1324.45947,NA,NA,NA,622.8761,198.48412,1389.72522
502,5.01,556.06335,1497.51855,1495.21338,677.15393,1725.22925,1324.4574,714.78345,1631.83887,1464.15173,516.80267,1565.17896,1364.61816,842.49969,1520.27637,1333.23962,537.27814,1496.79871,1278.9635,684.67737,1369.92236,1353.20117,701.50043,1499.10828,1196.30627,1022.86365,1203.18445,1365.14172,446.85309,1192.42761,1157.13208,1062.22522,1006.36707,1423.64771,402.65848,940.03137,1165.80481,732.43152,1098.58765,1350.23425,598.56104,1087.96704,1336.83203,719.68524,1005.5462,1081.31421,875.29065,494.02292,1217.14905,548.87042,615.35394,1324.22998,NA,NA,NA,621.85474,192.25684,1413.53064
503,5.02,550.74042,1496.55322,1501.89844,674.46851,1724.65588,1332.24597,710.1366,1631.11487,1472.42871,514.10425,1564.40344,1369.55774,839.45062,1519.53064,1342.93127,536.42731,1495.45337,1284.29956,682.39496,1369.52258,1360.95654,700.89917,1498.55334,1204.3429,1022.10901,1203.08093,1374.95056,447.93839,1191.09094,1161.80652,1059.93494,1010.30884,1440.00464,403.69571,938.58252,1170.88062,730.14606,1098.54163,1359.5448,597.56976,1087.46375,1344.495,720.37463,1005.41779,1090.78027,875.68188,493.79205,1219.88525,548.34241,612.01312,1324.18286,NA,NA,NA,615.86517,191.46059,1435.23743
504,5.03,546.17328,1495.06909,1506.50159,672.23059,1724.26257,1340.37805,705.82361,1630.5166,1481.05261,511.08624,1562.72827,1374.95532,837.89099,1519.19873,1352.32764,532.2392,1495.37952,1290.70789,679.31165,1369.04919,1368.69666,697.90765,1496.91516,1210.90564,1021.1098,1203.24414,1384.85046,449.41,1189.57385,1165.89307,1057.28735,1014.2157,1456.24011,405.45502,936.73584,1175.46179,728.5498,1098.14771,1367.78442,594.68396,1087.61072,1352.10657,720.91663,1004.45282,1098.97827,875.34027,493.49545,1222.71057,547.43292,608.07678,1325.04675,NA,NA,NA,607.68091,194.25226,1454.89758
505,5.04,541.15533,1495.03589,1514.42786,668.72485,1722.9137,1347.96057,701.11047,1629.55664,1488.84509,508.48663,1561.86426,1380.01208,834.67944,1518.29834,1361.4447,530.37006,1493.75452,1296.81079,676.6051,1368.25903,1377.02698,699.49231,1496.47644,1220.3103,1019.94043,1202.92224,1394.53918,451.16116,1187.35522,1171.40295,1054.56177,1016.53735,1470.57629,406.78082,935.12323,1181.07361,726.1142,1098.23633,1377.23511,592.92206,1086.35913,1360.38586,721.06451,1003.98346,1108.52234,875.38214,493.71497,1225.6571,548.35388,603.22876,1326.92383,NA,NA,NA,601.51172,198.0499,1473.47058
506,5.05,536.22461,1493.78748,1519.97485,665.26129,1722.44617,1355.60583,696.31714,1629.10974,1497.21045,505.83765,1560.88074,1385.1687,832.4848,1517.75671,1370.6748,527.66882,1492.6095,1302.71716,673.56622,1367.59656,1384.26294,697.19397,1495.44812,1228.35217,1018.8714,1203.40601,1404.94153,453.20743,1185.68384,1176.41003,1051.23547,1019.42859,1484.7041,407.98645,932.84393,1187.09412,723.44958,1097.44995,1386.31812,591.32104,1085.96643,1367.59229,721.25616,1003.08862,1117.3905,874.91687,492.80191,1228.6571,550.56042,598.3468,1329.04675,NA,NA,NA,595.46429,203.1611,1490.71045
507,5.06,531.99933,1492.2821,1524.651,661.58734,1721.89929,1363.56873,691.72882,1627.77441,1504.93579,500.73099,1561.0675,1394.11401,829.53046,1517.16492,1379.63501,526.30853,1491.31348,1308.17957,671.10706,1367.29871,1393.52551,695.19464,1494.0824,1235.84326,1017.38098,1203.10095,1414.474,453.66833,1183.82666,1182.58484,1047.67371,1022.38464,1499.16577,409.4353,930.75757,1192.14221,721.49652,1097.02893,1395.52051,588.65759,1085.12866,1376.04773,720.89594,1001.25079,1127.38672,875.29321,492.45676,1232.22644,552.42285,596.19153,1332.5072,NA,NA,NA,589.2074,208.82437,1506.19946
508,5.07,527.74768,1491.25208,1530.3728,659.26276,1721.40283,1371.17322,687.15106,1627.28113,1512.86462,498.60455,1560.32178,1398.66089,825.9436,1516.42542,1388.17444,523.25531,1490.0874,1314.36133,667.70868,1366.84814,1400.79236,693.20984,1493.29858,1243.73767,1015.5401,1204.19958,1424.13611,453.46677,1182.51782,1188.67395,1043.6969,1024.75256,1513.41541,409.27371,929.36584,1199.06519,718.30066,1095.57629,1404.9917,587.24152,1083.80359,1383.90979,720.02307,1000.00366,1136.54724,875.3493,493.09598,1236.16516,553.8988,595.13971,1336.03052,NA,NA,NA,582.97247,214.28789,1520.95569
509,5.08,522.26349,1491.19873,1538.21814,655.03662,1720.66687,1378.27417,682.88049,1626.69006,1520.63965,494.87558,1559.19409,1404.79993,822.46338,1515.84717,1397.19031,520.87738,1488.46362,1320.29797,663.89453,1365.88684,1408.69861,692.01453,1491.90723,1251.26099,1013.17194,1203.70862,1433.04419,452.81299,1180.27112,1195.08923,1039.62061,1027.41528,1526.1626,409.30402,927.46533,1205.3324,715.04169,1095.06079,1414.87134,583.5459,1083.16516,1390.1582,719.75903,999.00562,1147.17883,875.08734,492.82254,1241.3335,557.06616,593.62103,1339.90942,NA,NA,NA,576.8183,219.33757,1532.94641
510,5.09,518.203,1489.85034,1542.95886,651.73566,1720.18896,1386.19653,678.64398,1626.01367,1528.2157,491.53488,1558.19666,1410.51477,819.59039,1515.96802,1405.90479,518.74316,1486.66797,1326.46423,660.349,1365.77991,1417.66138,689.30933,1490.86194,1258.98547,1010.20551,1204.24451,1442.58508,451.57999,1178.255,1201.79358,1034.09851,1029.34692,1539.03003,409.1965,925.25531,1212.3501,711.95129,1094.21973,1424.54797,580.42285,1081.44421,1399.05176,719.63953,997.44348,1156.4624,874.68451,493.17056,1245.51416,559.35211,593.3645,1345.62891,NA,NA,NA,570.43256,222.59135,1545.10559
511,5.1,513.28516,1490.67664,1550.93127,647.61078,1720.18689,1393.95386,673.8891,1625.79102,1535.97253,487.0314,1558.31934,1417.42371,815.50177,1515.5719,1414.87866,513.54175,1486.60144,1329.23291,656.76392,1365.22766,1425.43433,687.1662,1490.09729,1266.90796,1007.26556,1204.16125,1451.73047,450.74765,1177.02173,1209.01074,1028.85596,1031.61047,1552.00574,408.3959,923.53156,1219.19592,708.73743,1093.18018,1434.49768,576.67303,1081.2218,1407.64539,718.03662,996.72107,1166.8075,874.7356,493.7854,1250.28149,562.67786,592.44482,1350.86426,NA,NA,NA,565.20215,225.7572,1557.23511
512,5.11,508.87222,1489.73853,1557.00977,643.93719,1719.75098,1401.11353,669.03381,1625.68262,1543.22693,483.29034,1557.15967,1423.58582,812.04431,1515.56421,1424.04199,509.83466,1485.57654,1336.72693,652.88104,1365.15308,1433.98438,684.97272,1489.46313,1274.7644,1003.08276,1203.38855,1460.59534,449.43549,1175.42017,1216.16064,1023.69897,1033.35474,1563.50366,406.87497,922.05322,1226.7948,704.91687,1092.29846,1444.28601,573.45612,1079.36292,1415.07837,718.00122,996.23547,1177.3186,874.09137,494.14386,1255.95349,567.47015,592.06409,1357.91528,NA,NA,NA,559.15112,228.23041,1568.10522
513,5.12,504.45236,1489.75415,1564.17761,639.89838,1719.41602,1408.68811,664.38116,1625.29297,1550.98193,478.6994,1558.43127,1431.36121,807.97681,1515.1543,1433.50818,506.11234,1485.41089,1343.41882,648.89844,1365.01099,1441.29358,681.14679,1488.47815,1282.82043,998.76221,1202.83984,1468.72107,447.34387,1173.95349,1222.97449,1017.17914,1034.19128,1573.84167,405.82477,920.62848,1234.15039,700.6015,1091.0116,1454.54614,569.72748,1078.71423,1425.80444,717.43304,995.28027,1187.65149,873.74561,495.33575,1262.75415,569.63226,591.89484,1365.09387,NA,NA,NA,553.11835,229.74365,1579.16687
514,5.13,499.27014,1489.49756,1571.19275,635.94092,1719.75085,1416.04968,659.38715,1625.13342,1558.24011,475.06058,1557.08337,1436.21985,803.45746,1515.13623,1442.6228,502.59451,1483.96118,1349.59119,644.70209,1365.01587,1450.7395,679.06451,1487.55334,1291.00818,994.15778,1202.64355,1477.44141,444.7659,1172.79297,1231.30872,1011.09204,1035.84607,1584.3009,403.91028,919.06012,1241.11157,696.81384,1090.71021,1465.47754,565.74164,1077.60059,1433.86536,716.49731,994.43713,1198.27722,873.28436,496.29364,1269.86536,571.81165,592.14508,1373.05762,NA,NA,NA,547.68201,230.80569,1588.8562
515,5.14,494.47632,1488.94934,1577.57825,631.33154,1719.59839,1423.24841,654.43744,1625.06543,1565.69849,472.20413,1557.46875,1445.92896,799.41553,1515.35522,1452.40552,498.92053,1483.51697,1355.75549,640.44031,1364.76587,1458.10681,675.45856,1487.01245,1299.40625,988.53931,1201.46985,1485.58423,442.57556,1170.95325,1238.48877,1004.362,1036.20984,1593.44531,401.56412,917.87384,1249.05811,691.91901,1089.73474,1475.16772,562.13892,1077.52625,1441.80884,715.34351,993.26312,1209.64136,872.62006,497.49652,1277.17053,572.90967,591.71552,1381.89197,NA,NA,NA,543.15063,231.85088,1597.72644
516,5.15,489.68088,1488.07446,1581.66406,627.06378,1719.06287,1430.66833,649.75116,1625.20752,1573.08276,NA,NA,NA,794.34113,1513.90332,1461.16895,496.35373,1483.09839,1361.56384,635.69617,1364.52795,1467.53088,672.81799,1485.9292,1307.9126,982.66058,1200.25464,1493.79602,439.36069,1170.13245,1246.25879,997.04871,1036.65735,1602.51367,398.8663,916.88232,1256.71216,687.02051,1088.24133,1485.8855,557.5874,1076.22791,1451.80151,714.20898,992.55804,1220.48328,870.79907,497.95724,1284.75928,572.89716,592.58582,1391.62109,NA,NA,NA,539.16736,232.20273,1605.34143
517,5.16,485.40552,1487.81702,1587.23706,622.99634,1718.92224,1437.69128,644.52246,1625.51819,1580.66736,461.2778,1557.28552,1457.53442,789.10535,1513.68262,1470.91748,492.38571,1482.26013,1368.83972,630.71832,1364.64563,1476.42712,669.43347,1485.20398,1316.11694,976.61987,1199.51208,1502.06934,436.97952,1168.5896,1253.89832,989.58942,1036.57959,1610.21838,396.75931,915.47583,1264.30591,683.12512,1088.43945,1496.51587,553.90796,1075.76758,1460.87122,712.99713,991.80536,1231.83691,869.95233,498.67651,1293.96887,572.68402,592.39368,1401.65503,NA,NA,NA,535.03473,230.86282,1611.90002
518,5.17,479.07306,1488.39905,1595.5907,618.51556,1718.84961,1444.50928,639.1192,1625.51892,1588.19275,457.14233,1556.81824,1463.9552,784.84473,1514.51563,1480.94226,488.35443,1481.63184,1375.99426,625.79724,1364.58569,1485.01819,666.59399,1484.8103,1324.77856,969.81097,1197.87939,1509.86072,433.61014,1167.96606,1262.00977,981.82678,1036.07043,1618.97021,393.72256,914.59509,1272.68103,678.07196,1087.35388,1506.84485,549.35754,1075.15417,1469.98328,711.26477,990.39752,1243.30115,868.61169,499.33215,1303.49036,571.97235,591.65143,1412.21167,NA,NA,NA,531.73987,229.3222,1618.63623
519,5.18,473.92035,1488.5415,1603.21436,613.87494,1718.01929,1451.35266,633.92786,1625.39221,1595.1825,451.9617,1556.28015,1470.96375,779.75134,1513.81592,1490.65442,484.36237,1480.77698,1383.27783,620.60101,1364.94397,1494.57959,660.54645,1482.85437,1332.1084,963.45282,1196.47754,1517.59583,430.68295,1166.55005,1269.34082,974.23792,1034.7395,1625.7821,391.46014,913.10626,1280.62024,673.54706,1087.17029,1518.35681,544.47424,1075.32727,1479.72571,708.80957,989.19055,1255.32104,867.61993,499.73993,1313.58228,569.09363,591.32581,1422.14404,NA,NA,NA,528.08972,226.71596,1624.38281
520,5.19,469.05591,1488.39355,1609.29785,608.82019,1717.21802,1458.75085,628.32971,1625.85291,1602.9801,447.69495,1555.88635,1477.26563,774.35925,1513.64551,1500.14844,480.14331,1480.14246,1390.31519,615.53204,1365.14661,1504.96497,657.2254,1482.4082,1340.17908,956.3797,1195.43262,1525.93042,427.35635,1165.45105,1277.24854,965.93793,1032.6355,1632.29907,388.35492,911.80847,1288.79553,668.11157,1085.77307,1529.07092,539.92871,1075.18896,1489.82458,706.59302,988.11047,1266.56946,865.6402,499.9512,1323.79749,565.05194,591.23871,1432.4635,NA,NA,NA,524.65234,224.19569,1632.17639
521,5.2,463.85468,1489.14587,1616.33301,603.67584,1717.16162,1465.93933,623.49866,1626.20313,1610.46509,442.33911,1556.42322,1484.89771,769.00421,1513.27539,1509.07617,475.80066,1479.38232,1397.32166,611.50696,1362.60107,1507.62671,654.22424,1481.67017,1349.06494,949.22174,1194.18958,1535,423.92014,1164.52246,1284.92725,957.71844,1030.07312,1638.7196,385.84042,910.74689,1297.35669,664.18848,1086.33313,1540.48303,535.42761,1074.59265,1500.3385,703.65527,987.13544,1279.08789,863.14624,499.72092,1334.94385,561.26996,590.80457,1442.04236,NA,NA,NA,521.50122,220.76752,1637.79163
522,5.21,457.47357,1489.3009,1625.00171,598.56726,1717.11023,1473.12903,617.35645,1626.7561,1618.00403,436.70602,1555.95325,1491.54395,763.97028,1513.19104,1518.30176,471.90967,1479.33472,1404.13354,606.18689,1363.24658,1516.72839,648.19708,1480.81885,1356.03772,942.18408,1193.06763,1544.42578,420.51895,1163.099,1292.98755,949.53247,1026.42651,1644.42419,382.27264,909.75537,1305.80469,659.04456,1085.78162,1551.08398,530.38666,1072.82263,1508.83203,701.01935,985.8797,1290.57202,860.73792,501.20798,1346.61499,557.42529,588.44653,1450.68921,NA,NA,NA,518.2262,217.04237,1644.08215
523,5.22,451.97192,1489.7478,1632.80176,593.17926,1717.52759,1480.79102,611.5517,1627.19006,1626.29236,NA,NA,NA,759.11908,1513.43323,1526.68127,467.94534,1479.50696,1410.72827,601.05054,1363.85352,1524.85803,645.14203,1480.46545,1364.70251,934.26117,1191.96167,1553.52686,416.88016,1161.66895,1301.13831,941.41583,1022.96558,1650.32227,379.81183,908.22205,1314.41467,653.46429,1085.85779,1561.74048,526.10443,1072.25903,1519.22815,696.55353,985.62793,1300.24084,856.7464,500.75311,1360.63647,551.10608,587.88293,1459.73389,NA,NA,NA,515.7276,212.16866,1649.55518
524,5.23,446.40469,1489.94629,1640.21899,588.07959,1718.33337,1488.89014,605.98816,1628.10022,1633.8241,NA,NA,NA,754.14789,1513.5957,1535.97961,463.40952,1477.91663,1418.28015,596.10785,1363.70154,1533.12939,641.06287,1480.83911,1373.19189,927.07031,1191.19543,1563.46045,414.07782,1160.59619,1310.26868,933.11719,1019.44061,1656.09314,376.09015,907.40082,1322.61914,649.43793,1085.01526,1572.2998,521.72192,1072.08264,1529.70642,693.30194,985.66943,1309.77905,851.16559,502.6304,1378.89185,544.35974,587.41302,1467.53149,NA,NA,NA,513.26392,207.78532,1654.80408
525,5.24,441.06702,1490.11646,1646.6228,NA,NA,NA,600.03491,1628.45154,1642.08643,NA,NA,NA,748.92413,1513.99609,1545.09009,458.34116,1478.44714,1426.06799,590.86639,1364.75916,1541.40173,637.46088,1481.08374,1381.34436,919.01074,1189.91882,1572.99487,410.43729,1159.55957,1317.98291,925.52075,1014.72211,1660.672,373.6366,906.14813,1331.02356,644.55914,1085.36511,1582.97095,517.08868,1070.39392,1538.13306,689.35858,985.60059,1319.10266,842.80243,502.18845,1398.65271,535.05304,588.30823,1474.33228,NA,NA,NA,510.68979,203.14198,1658.40479
526,5.25,435.42575,1490.65991,1654.11414,NA,NA,NA,594.11365,1628.98938,1650.06812,NA,NA,NA,744.27533,1514.88,1554.99756,456.1434,1476.61169,1431.57935,586.33948,1364.60278,1549.97144,635.07007,1482.474,1390.00928,910.63184,1189.18323,1583.32178,407.13104,1158.8717,1326.80798,917.25305,1010.21143,1664.97668,369.65634,906.09656,1338.82324,639.85406,1084.99646,1591.44043,512.57568,1070.23547,1547.26917,685.78564,985.06805,1328.49792,833.06592,501.32553,1419.0957,527.26288,586.36951,1484.79431,NA,NA,NA,509.03979,199.0033,1663.72241
527,5.26,429.10056,1490.83521,1661.77087,NA,NA,NA,588.2923,1629.06238,1657.56421,NA,NA,NA,739.21106,1514.58289,1563.63403,451.90149,1476.9751,1439.05945,581.00098,1365.17761,1559.04309,630.39893,1482.40625,1398.97046,902.11255,1188.33142,1592.87219,403.63953,1158.52441,1335.14575,909.62897,1005.14844,1669.46594,365.47681,905.62823,1346.93225,635.91986,1085.19604,1600.89197,508.68466,1070.14587,1555.24109,682.50946,984.26501,1337.89563,823.83398,499.68896,1439.13757,518.19037,586.56787,1491.49048,NA,NA,NA,507.54541,194.22086,1666.3656
528,5.27,422.77609,1490.7439,1669.58582,NA,NA,NA,582.12622,1629.42932,1665.40955,NA,NA,NA,733.75146,1515.1344,1573.0437,449.0137,1476.64893,1445.27332,576.55536,1365.57764,1566.98975,626.19806,1482.55835,1406.53979,893.87793,1187.9209,1602.79224,401.44412,1157.56946,1343.53027,902.32941,1000.27502,1673.44617,362.29187,905.50024,1354.84082,631.63892,1085.88647,1608.71216,504.24902,1071.31934,1564.03418,679.6004,985.00763,1347.55078,814.79779,497.78162,1459.12097,506.68921,588.35419,1497.10681,NA,NA,NA,506.03748,189.59149,1668.64966
529,5.28,417.11243,1490.89075,1676.65198,NA,NA,NA,576.09784,1629.58923,1673.37451,NA,NA,NA,729.56238,1517.23071,1583.71912,443.61264,1476.53687,1453.19702,571.42816,1365.88599,1575.68591,620.40741,1482.88464,1414.71265,885.65912,1187.36011,1613.29114,398.02771,1158.18701,1351.33228,894.78308,995.23199,1676.61804,358.0018,906.23883,1362.9115,626.88605,1086.16687,1617.00439,499.97427,1072.44153,1571.62085,677.86957,985.97388,1355.86914,808.31049,499.98453,1478.91821,497.33575,587.59332,1506.14636,NA,NA,NA,506.9791,185.60583,1671.93298
530,5.29,411.26926,1490.45398,1683.82971,NA,NA,NA,570.27087,1629.13232,1678.20105,NA,NA,NA,724.55945,1518.03503,1593.62878,440.57349,1477.07739,1460.07263,566.06525,1366.7876,1584.58594,619.16827,1484.38098,1423.56006,877.33569,1186.47473,1622.54321,396.08957,1157.99561,1359.19958,887.38446,990.48456,1678.94153,353.50113,906.93158,1370.88635,622.28607,1086.96338,1625.50806,495.83774,1073.23914,1578.00244,675.32819,986.52252,1365.14404,803.45392,501.26489,1499.04736,484.70044,589.43213,1510.11084,NA,NA,NA,507.39905,182.28664,1673.28772
531,5.3,406.16348,1489.91248,1690.62012,NA,NA,NA,563.73151,1629.30798,1686.1261,NA,NA,NA,719.51813,1518.14526,1602.5415,436.02744,1477.80676,1467.85132,561.36261,1366.94873,1591.75867,614.27313,1485.43811,1432.13721,869.56085,1186.0282,1631.67773,392.83902,1158.51855,1366.97815,880.87323,986.3512,1680.87939,349.11121,907.4978,1379.48376,617.8255,1088.24353,1632.42896,491.71094,1075.12573,1584.45862,674.1925,986.98639,1374.53369,798.51147,503.55215,1521.36511,475.47162,588.52307,1518.73804,NA,NA,NA,507.31714,179.28545,1672.89758
532,5.31,400.72849,1488.81714,1698.0166,NA,NA,NA,557.56213,1629.46143,1694.73035,NA,NA,NA,714.77203,1518.84033,1611.9397,433.09924,1478.19971,1474.89124,556.55157,1367.09241,1599.33838,611.77966,1487.26501,1440.39978,861.41644,1185.17786,1641.45691,389.89212,1158.89697,1373.96021,874.10938,982.26984,1683.44971,344.65558,908.41785,1388.03137,613.20221,1090.34387,1640.77527,487.37582,1076.23596,1590.35754,670.95294,987.10345,1383.31738,793.52838,504.96213,1544.51355,464.50476,586.96802,1526.61731,NA,NA,NA,507.20508,177.78618,1674.26294
533,5.32,394.50888,1488.18591,1705.79309,NA,NA,NA,551.01385,1629.53162,1703.00549,NA,NA,NA,710.08752,1519.87219,1621.48352,428.05453,1478.89197,1481.97424,551.83887,1368.48792,1607.07092,608.65015,1488.44214,1448.98718,853.79755,1184.66187,1651.19006,387.62054,1159.27905,1382.27649,868.22968,978.57623,1685.06335,340.44324,909.70898,1395.9231,608.52118,1091.59302,1648.58618,483.38321,1078.29126,1596.67786,669.38739,987.3429,1391.45728,788.08179,505.35406,1567.29333,454.47174,586.6933,1534.59631,NA,NA,NA,507.4451,176.41652,1671.73218
534,5.33,389.39474,1486.63232,1712.06177,NA,NA,NA,544.70685,1629.42188,1711.37671,NA,NA,NA,704.90381,1520.40662,1631.06067,425.39484,1480.52734,1489.11145,547.0174,1368.75879,1615.15662,604.01141,1489.06116,1457.22949,846.00391,1183.66528,1660.27795,382.5954,1161.0415,1388.38782,863.01373,973.89331,1679.8877,335.36423,910.92468,1403.78345,603.73468,1093.23303,1655.75891,479.53293,1080.06775,1601.92932,667.39362,988.99878,1400.77673,782.68604,507.44873,1591,444.26248,586.72748,1542.36206,NA,NA,NA,506.90176,175.77228,1671.2334
535,5.34,384.35956,1484.93408,1717.97229,NA,NA,NA,538.07324,1629.57056,1720.10938,NA,NA,NA,699.75598,1520.86182,1640.26025,421.8732,1481.02454,1495.802,542.64081,1369.1554,1622.31238,601.45978,1491.07007,1465.39734,838.50049,1183.48804,1669.40088,379.33237,1162.50317,1395.32104,858.47656,969.80731,1679.59375,330.13733,912.90265,1411.67407,598.49207,1095.46655,1659.52319,474.63416,1081.60718,1608.68835,665.2746,989.90631,1408.84375,777.41071,507.19849,1614.54053,433.91949,589.01312,1548.45264,NA,NA,NA,505.93027,175.03978,1670.04077
536,5.35,379.38538,1483.65039,1723.72803,NA,NA,NA,531.82892,1629.37231,1728.51331,NA,NA,NA,695.40436,1521.42712,1649.66968,417.56973,1482.8429,1503.02893,537.44843,1370.37817,1630.56995,596.71246,1491.8634,1473.34839,830.36176,1182.50989,1678.55005,376.20731,1163.48169,1403.12024,854.29724,968.4187,1682.43884,325.51425,914.45685,1419.15686,593.46527,1097.59973,1666.94653,470.08765,1082.71619,1614.49646,663.06049,990.82385,1417.27307,770.78809,507.18808,1637.93115,425.92087,589.19208,1552.26953,NA,NA,NA,505.6286,172.67252,1670.10925
537,5.36,374.832,1481.93066,1729.17773,NA,NA,NA,525.34564,1629.0155,1737.50427,NA,NA,NA,690.57367,1522.39111,1658.35315,414.91916,1483.5509,1509.00476,532.79083,1371.16187,1637.24597,594.25983,1494.13489,1481.09998,823.16736,1181.38464,1682.53271,372.36185,1164.87573,1410.70093,849.92566,966.7309,1683.96814,320.19229,916.62653,1426.83496,588.34943,1099.69214,1674.1543,465.93839,1084.31567,1621.16284,660.50989,992.45331,1425.2168,763.23022,506.19348,1661.51477,418.40729,590.29572,1555.44775,NA,NA,NA,503.2077,172.01292,1669.13269
538,5.37,368.95428,1480.88269,1737.25806,NA,NA,NA,519.01703,1628.75684,1746.24695,NA,NA,NA,685.13135,1523.12976,1667.31909,410.13727,1485.03296,1515.75903,527.91931,1371.80225,1644.58679,589.59039,1495.4939,1489.56885,814.98297,1180.91187,1690.33484,368.12994,1165.89648,1417.51685,846.82349,966.29724,1686.68799,315.24176,918.82233,1434.1947,583.38831,1101.17224,1681.08826,461.12421,1085.52429,1627.48596,658.36609,993.97742,1433.30994,757.41882,505.39755,1684.25366,411.74744,589.9881,1558.34436,NA,NA,NA,501.94672,172.68797,1668.47742
539,5.38,365.32291,1479.20117,1742.20569,NA,NA,NA,513.08179,1628.54773,1754.63831,NA,NA,NA,680.91144,1523.54333,1675.172,405.30423,1485.71765,1522.6123,522.99658,1372.60388,1651.57471,585.1499,1496.08423,1498.06396,807.80084,1180.67456,1697.36121,364.54276,1168.18555,1423.39441,843.0069,965.99323,1691.57739,310.01279,921.26495,1440.48169,577.9021,1103.18811,1688.70691,456.60129,1087.02002,1635.16174,654.81659,995.49817,1441.50598,749.8269,504.89648,1708.82593,407.11975,589.76752,1560.2926,NA,NA,NA,499.7598,173.29762,1665.43872
540,5.39,359.79535,1478.05798,1749.88599,NA,NA,NA,506.97348,1628.41211,1763.23535,NA,NA,NA,675.03204,1524.84607,1683.37024,401.07678,1487.57642,1529.17346,517.57855,1373.93359,1658.93689,582.91309,1497.93188,1506.172,798.69183,1180.34082,1703.28381,360.41486,1169.78528,1430.85364,840.05792,966.68658,1694.98987,304.05692,923.28546,1448.60095,573.42328,1104.19714,1695.29834,452.61081,1087.5929,1640.66968,653.70795,997.08118,1450.10229,740.73956,504.36551,1730.70227,402.88034,590.15607,1561.73547,NA,NA,NA,497.40442,174.16983,1662.93079
541,5.4,355.03085,1477.12463,1756.1615,NA,NA,NA,501.12354,1628.49731,1771.61121,NA,NA,NA,669.92804,1525.33264,1692.31201,396.69504,1489.12402,1536.2179,512.38007,1374.79333,1666.2644,577.75623,1498.94421,1514.1449,791.63721,1180.89087,1710.05481,356.95096,1171.66443,1435.82336,837.32159,967.1944,1699.93884,298.38278,925.89697,1454.31421,567.61902,1105.49622,1703.48572,447.58594,1088.90051,1648.61243,651.52191,999.39233,1457.31873,732.51459,505.44064,1755.23145,399.87643,590.3775,1561.42212,NA,NA,NA,495.6395,173.79959,1661.14917
542,5.41,350.19525,1476.44971,1762.68311,NA,NA,NA,495.14877,1627.98621,1780.20166,NA,NA,NA,665.06824,1526.29688,1699.87854,392.56985,1490.36499,1543.0636,507.64459,1375.69202,1673.46912,574.16876,1500.55017,1521.55566,786.41479,1182.01697,1714.25818,352.0715,1174.22449,1441.6416,835.89783,968.76727,1704.74817,292.23309,928.06219,1460.4386,562.95142,1106.32703,1710.44128,443.65958,1088.48291,1652.67529,649.32996,1000.54974,1466.6582,722.87885,506.70471,1778.45557,397.04169,590.48785,1562.60925,NA,NA,NA,494.16327,172.23798,1660.67627
543,5.42,344.46948,1476.16553,1769.42822,NA,NA,NA,489.35709,1627.76331,1788.76196,NA,NA,NA,659.41968,1527.47742,1709.54248,388.58218,1491.39954,1549.83691,502.95898,1376.78052,1680.21509,569.28406,1501.68359,1530.18604,780.51837,1183.23474,1719.95642,348.1857,1175.6344,1446.76904,834.04425,970.83673,1710.45667,286.67029,931.1579,1466.86682,557.7757,1108.01697,1718.57715,439.16663,1089.54883,1661.40601,647.12292,1001.82086,1475.05249,711.51593,510.49039,1800.4989,396.03644,590.16351,1563.05225,NA,NA,NA,491.39438,171.46342,1658.76721
544,5.43,339.4325,1475.33545,1775.39038,NA,NA,NA,483.33575,1627.63037,1797.08337,NA,NA,NA,654.69226,1527.64832,1717.44543,384.28854,1492.39771,1557.18689,498.40637,1377.07556,1686.91687,566.05054,1503.12512,1538.59241,776.37732,1184.74048,1725.42249,345.71759,1176.06836,1456.39771,832.14337,972.03046,1715.48145,281.05481,932.65826,1473.42908,553.23138,1108.15735,1725.73926,435.21036,1090.01843,1666.65137,645.52502,1003.05365,1483.86658,700.48334,515.82867,1821.08484,395.58734,589.8421,1562.04834,NA,NA,NA,489.50156,170.34309,1655.15173
545,5.44,333.57556,1474.8717,1782.07471,NA,NA,NA,477.53943,1627.49426,1805.54211,NA,NA,NA,649.36176,1528.42065,1726.31836,379.53699,1493.64197,1564.2832,493.9176,1377.84937,1694.27527,560.12671,1503.51465,1546.08398,772.87549,1185.98499,1732.17444,339.79599,1178.44958,1459.36829,831.7641,974.12988,1721.27258,274.04056,935.01758,1478.99072,548.32672,1109.30859,1734.08667,430.30997,1091.5498,1674.8656,642.75659,1004.56256,1492.90234,688.98657,522.50714,1841.94543,395.37976,588.37994,1560.44775,NA,NA,NA,487.04318,168.16347,1653.39856
546,5.45,327.7991,1474.76501,1789.1615,NA,NA,NA,471.57114,1627.41064,1813.83191,NA,NA,NA,643.61267,1529.21899,1734.54578,374.99783,1494.34277,1571.14941,488.82562,1378.80066,1701.95447,557.39734,1504.50977,1554.67883,769.66974,1187.3252,1738.22461,335.082,1179.57922,1465.13818,831.71106,975.36707,1725.34924,268.7027,936.5744,1484.81091,543.84558,1109.71118,1741.59204,426.03751,1091.80859,1680.92407,639.38287,1005.35406,1502.19653,677.14362,529.92261,1861.81824,395.51669,586.71857,1561.06873,NA,NA,NA,483.56293,166.03011,1650.97754
547,5.46,322.46753,1474.26196,1796.51428,NA,NA,NA,466.17822,1626.94385,1821.64111,NA,NA,NA,638.83649,1529.53442,1742.3429,370.08179,1494.97632,1578.25757,483.80896,1379.20276,1708.84827,552.24847,1505.66931,1562.66382,766.87616,1189.30078,1747.1073,330.03888,1180.43738,1473.01868,830.94928,977.51923,1732.61194,262.94101,937.55603,1491.15247,538.28412,1110.85535,1750.1333,421.57294,1091.47302,1687.05432,638.07733,1006.20459,1510.11328,665.36279,536.71051,1878.88599,396.15411,585.69086,1561.4895,681.91992,229.91441,1701.38025,480.63004,162.7068,1649.82056
548,5.47,316.59067,1474.41443,1804.44446,NA,NA,NA,460.19257,1626.52441,1829.87427,NA,NA,NA,633.01117,1530.01465,1750.83582,365.68802,1495.2196,1585.45557,478.7728,1379.4939,1716.78247,544.78632,1504.77173,1569.88721,NA,NA,NA,326.0603,1180.69543,1477.63623,830.72668,978.92218,1738.776,256.63632,938.82629,1496.54382,533.57794,1111.50073,1757.229,417.08502,1091.8208,1693.63342,634.90643,1006.63525,1519.05029,653.47784,541.48773,1894.94763,397.56033,583.7149,1560.90662,669.56396,225.41284,1726.7356,476.58069,161.63255,1644.70337
549,5.48,310.70801,1474.32715,1812.21436,NA,NA,NA,454.32617,1626.48376,1838.34277,NA,NA,NA,627.71521,1530.49487,1758.97961,360.44525,1495.73413,1592.52954,473.319,1379.77893,1723.97583,542.30371,1505.92651,1577.71509,763.45074,1192.71509,1762.53821,319.7579,1181.80371,1483.17419,830.35229,980.66321,1744.70544,250.84036,939.36475,1502.08057,528.0329,1112.07568,1765.1167,412.47455,1093.23987,1701.9939,633.13458,1007.68878,1528.83337,640.82098,546.45612,1910.22668,399.11597,582.97064,1560.35095,654.79443,223.33302,1755.0603,474.42822,158.0728,1646.43567
550,5.49,304.84604,1474.42712,1819.9176,NA,NA,NA,448.57452,1625.55554,1846.18994,NA,NA,NA,622.73798,1529.91748,1765.86426,355.75964,1495.46143,1599.54883,467.68671,1379.74353,1732.40295,536.91815,1506.12329,1586.06128,762.78113,1193.77966,1767.95984,314.26126,1181.88062,1489.57166,829.86884,983.16571,1752.25806,244.64606,940.1463,1508.38464,522.8457,1112.57642,1772.20581,407.94952,1092.09448,1706.70081,630.90436,1008.19666,1537.64844,628.78754,549.22876,1923.4624,401.66058,582.07764,1561.10718,641.349,217.91005,1780.09705,472.18259,154.74689,1643.93945
551,5.5,299.01163,1473.59363,1827.27344,NA,NA,NA,443.00702,1625.13782,1854.23438,NA,NA,NA,616.67908,1530.35193,1775.39343,350.39191,1495.85034,1607.21558,462.71634,1379.55615,1739.19641,532.05908,1505.83203,1594.01379,760.72351,1195.14587,1776.86572,309.05896,1182.23291,1495.67212,829.69037,985.12054,1760.03247,239.028,939.82086,1513.19727,517.51599,1112.69495,1779.40234,403.23285,1092.93555,1714.16248,628.79486,1009.11792,1546.54358,617.45618,551.77966,1934.00134,403.01404,581.27649,1562.3689,626.72192,214.24921,1809.08813,470.16083,153.11852,1640.55688
552,5.51,293.45282,1473.05139,1834.58838,NA,NA,NA,437.12476,1624.4978,1861.97803,NA,NA,NA,610.97552,1530.63879,1782.96289,345.45752,1495.06982,1613.8938,457.39355,1379.64563,1746.76782,NA,NA,NA,NA,NA,NA,303.34378,1182.17896,1499.61938,829.21216,986.44373,1767.05347,233.14836,939.77606,1519.52747,511.30859,1113.66772,1787.43604,398.82504,1092.59778,1720.41895,626.19427,1009.29364,1557.00928,605.34033,553.59448,1944.83813,405.9426,580.64001,1563.85046,610.71979,210.76062,1837.2019,466.22012,152.15411,1638.66711
553,5.52,287.86407,1471.81726,1841.71753,NA,NA,NA,431.36435,1624.07849,1870.40784,NA,NA,NA,605.39465,1530.15283,1791.07495,340.25797,1494.75745,1621.16919,451.80396,1379.11121,1754.42456,NA,NA,NA,757.98334,1197.70178,1794.57068,297.08044,1181.47595,1506.59631,828.77753,988.14227,1774.89709,227.7852,939.31787,1525.55322,505.56177,1113.46777,1795.20825,394.09497,1091.97571,1725.49597,623.94568,1009.20996,1565.52954,594.15515,554.82269,1953.61523,407.56775,580.04089,1564.38306,595.52539,205.25613,1863.67639,465.72113,150.77022,1637.33984
554,5.53,282.00235,1471.2533,1849.11975,NA,NA,NA,425.69818,1622.96375,1878.01611,NA,NA,NA,599.50311,1530.27075,1799.60986,335.49118,1493.89758,1627.89099,446.40967,1379.00952,1762.30322,NA,NA,NA,756.0069,1198.93677,1802.78906,293.84094,1180.74915,1514.54785,828.40112,989.5517,1782.87805,221.78386,938.64398,1532.19617,499.83151,1113.14734,1802.76624,388.7999,1091.71423,1734.44983,622.30823,1009.55951,1575.83398,583.02905,554.60339,1961.46924,410.22125,579.20782,1564.53882,577.67786,201.8578,1892.43445,464.95016,149.76207,1633.25317
555,5.54,276.58972,1470.03394,1856.66016,NA,NA,NA,419.69223,1622.30457,1886.53906,NA,NA,NA,594.22723,1529.54102,1806.64612,NA,NA,NA,441.03223,1378.42603,1769.15564,NA,NA,NA,NA,NA,NA,286.20383,1180.88159,1517.84753,827.8833,991.07697,1791.78455,216.20122,937.71967,1537.32507,494.50409,1112.77197,1809.75684,383.90698,1090.90869,1739.66333,618.37555,1009.62146,1584.82446,572.5094,553.99402,1967.36902,412.04434,578.75348,1565.89209,560.71338,199.49312,1919.22717,465.15982,149.34094,1632.36926
556,5.55,270.67514,1468.9187,1865.12708,324.77997,1492.58118,1641.76453,413.8681,1621.42078,1894.64795,NA,NA,NA,588.28424,1529.37927,1815.3761,752.63922,1201.41113,1821.89355,435.4534,1378.04797,1777.3324,NA,NA,NA,NA,NA,NA,280.48007,1180.83643,1522.95166,826.96368,993.19189,1801.05823,210.66895,936.7063,1543.90332,488.41476,1112.3136,1817.86975,378.99036,1090.57495,1747.99255,615.55823,1009.97577,1594.1322,562.40131,552.74377,1972.5813,414.24896,578.69006,1569.07471,542.19366,195.22986,1944.06213,465.505,148.19539,1629.302
557,5.56,265.56247,1467.22229,1872.25818,429.16397,1377.17249,1785.89197,407.98541,1620.20984,1902.46851,NA,NA,NA,582.43835,1528.4386,1823.19666,749.94891,1202.49084,1830.7572,NA,NA,NA,NA,NA,NA,NA,NA,NA,277.28229,1178.29907,1532.66113,826.73486,994.16071,1808.78735,205.84583,935.95404,1550.79163,482.53659,1111.5127,1826.40845,373.6795,1089.15381,1753.52698,612.75433,1009.46503,1603.53577,553.01715,550.32104,1977.45203,416.32434,577.86127,1571.13208,522.73364,192.36459,1970.65601,466.57565,147.57759,1627.91528
558,5.57,259.7623,1466.08472,1880.48975,423.60898,1376.02966,1793.2926,401.9407,1619.26672,1911.20361,NA,NA,NA,575.94904,1527.75842,1832.63123,NA,NA,NA,NA,NA,NA,NA,NA,NA,NA,NA,NA,270.36423,1178.67432,1535.5033,826.44476,994.46527,1816.7854,200.55432,934.60669,1556.3761,476.79898,1111.25562,1834.63342,368.45938,1088.72034,1760.55676,608.6665,1009.28522,1613.1217,544.03357,548.15558,1981.06238,418.70477,578.60022,1570.51709,504.49884,189.94189,1994.77368,467.92307,146.79201,1626.01538
559,5.58,254.15404,1464.84143,1888.67419,418.24622,1375.22864,1800.84521,396.2135,1617.89355,1919.16223,NA,NA,NA,569.35199,1527.68689,1841.26624,744.97565,1204.58936,1849.27917,NA,NA,NA,NA,NA,NA,NA,NA,NA,265.09467,1177.37952,1542.01709,825.25256,995.96228,1825.14941,195.42691,932.53516,1562.8385,471.45798,1109.50989,1842.75464,364.0618,1088.22742,1768.80908,604.6582,1009.0304,1622.34814,536.24005,545.04315,1983.32886,420.55609,578.31482,1572.78149,485.06573,189.87637,2019.75854,469.4357,146.05034,1624.1416
560,5.59,248.51671,1463.31323,1897.08691,412.94888,1373.37012,1808.68225,389.89609,1616.67871,1927.55713,NA,NA,NA,563.5105,1526.33813,1849.06018,741.53619,1204.82202,1856.93164,NA,NA,NA,NA,NA,NA,NA,NA,NA,259.36752,1175.93762,1549.15369,823.27301,997.25458,1835.41028,190.18661,930.94928,1569.755,465.72137,1108.93579,1851.19214,358.90887,1086.7157,1775.41382,601.33478,1007.49872,1631.05273,528.97009,541.38391,1984.78857,422.29623,578.76019,1575.05688,465.87457,192.23363,2043.58289,471.91846,146.19171,1621.6554
561,5.6,242.80605,1461.57654,1905.36145,406.63611,1372.73608,1816.70557,384.14465,1614.9126,1935.65784,NA,NA,NA,557.16864,1525.19458,1858.15869,737.73926,1205.86755,1867.53625,NA,NA,NA,NA,NA,NA,NA,NA,NA,254.25395,1174.0188,1555.35583,822.19244,997.9248,1844.99023,184.95532,929.4165,1575.79944,460.01627,1107.45166,1860.10767,354.26669,1085.14221,1782.48669,596.52124,1006.54559,1641.46216,522.2019,537.28497,1986.14417,424.07553,577.61151,1577.99719,446.02332,195.83543,2066.06055,474.41821,146.40198,1619.34058
562,5.61,236.90475,1459.72229,1913.7843,400.94012,1370.9292,1824.7063,377.90271,1614.02454,1944.10938,NA,NA,NA,551.01245,1524.16858,1866.64893,733.21747,1205.8407,1875.87695,NA,NA,NA,NA,NA,NA,NA,NA,NA,251.69437,1171.03333,1565.80103,819.69177,999.49609,1855.51843,179.96277,928.00635,1582.8739,454.06894,1105.86511,1869.21948,348.93515,1083.59082,1790.74731,592.02576,1004.9032,1650.61646,515.22266,533.85999,1987.67957,424.46918,577.51642,1580.35681,427.85095,202.84946,2086.46948,476.97397,145.18883,1618.33337
563,5.62,230.86252,1458.27759,1922.22815,394.54733,1369.67578,1833.5332,371.55545,1612.2063,1952.79761,NA,NA,NA,544.41724,1522.59729,1875.39722,728.32623,1205.85291,1887.88965,NA,NA,NA,NA,NA,NA,NA,NA,NA,246.85368,1169.75562,1572.28027,818.03979,999.55035,1864.37634,175.15456,925.70221,1589.46387,448.61035,1104.36035,1877.01624,343.51831,1081.86633,1799.36157,586.94385,1003.60559,1660.13416,509.54166,528.50122,1989.15381,425.21686,577.32886,1584.46997,409.68597,212.54883,2106.49585,480.1366,144.94357,1617.03284
564,5.63,224.9942,1456.32751,1930.82373,388.51563,1368.00293,1841.48474,365.26706,1610.70166,1961.1936,NA,NA,NA,537.48462,1521.12097,1884.27661,723.51495,1204.66455,1896.1322,NA,NA,NA,NA,NA,NA,NA,NA,NA,242.66635,1166.8905,1582.9884,815.40363,999.75641,1874.31042,170.10197,923.60284,1595.16003,442.79105,1102.40393,1885.95044,338.48611,1080.4552,1806.98865,582.30444,1002.06311,1669.07117,503.46332,527.1283,1994.71667,425.05542,576.67572,1589.37024,392.25949,223.09117,2125.66089,483.02567,145.02374,1617.34814
565,5.64,219.11961,1454.36731,1939.12512,382.24152,1366.05493,1849.81299,359.04602,1608.65845,1969.91418,NA,NA,NA,530.86877,1519.45911,1893.15222,718.40906,1203.97449,1906.72302,NA,NA,NA,NA,NA,NA,NA,NA,NA,237.76476,1164.78381,1588.53528,812.72626,1000.54938,1884.66882,165.73138,921.71533,1601.02075,436.56891,1100.39307,1895.55054,332.85101,1078.55566,1815.94116,578.21582,1000.94177,1680.01929,498.73645,524.97363,2001.59827,424.5661,575.47424,1595.80078,376.18283,232.26065,2139.39136,485.63052,143.76738,1614.21973
566,5.65,212.82469,1452.99524,1947.59949,375.46396,1364.53247,1858.26904,352.909,1607.06262,1978.76038,NA,NA,NA,524.68683,1516.80859,1901.47205,713.07343,1202.65601,1917.12537,NA,NA,NA,NA,NA,NA,NA,NA,NA,233.64818,1162.63501,1597.85291,810.36328,1000.57184,1894.95667,160.49167,918.92651,1608.79138,430.92978,1098.54822,1904.05835,326.93686,1076.52246,1825.31812,572.81915,999.33282,1687.60901,492.60971,523.31781,2009.91125,423.08102,575.40686,1601.04517,359.58893,244.1487,2154.75708,488.61374,143.75845,1614.89893
567,5.66,206.84618,1450.65137,1955.61646,368.48697,1362.34473,1867.09241,347.05212,1604.74731,1987.44019,NA,NA,NA,517.69183,1514.76526,1910.47571,707.34003,1200.95471,1926.10693,NA,NA,NA,NA,NA,NA,NA,NA,NA,228.89983,1160.59546,1603.34875,806.54596,1000.02356,1905.87036,156.35422,916.41449,1616.72534,424.52744,1096.68579,1913.62207,321.92081,1073.80554,1833.47729,567.72174,996.80316,1697.54407,485.96173,521.84766,2019.14453,421.85764,574.04382,1609.04321,344.7496,254.40704,2167.86377,491.35538,143.76581,1614.03564
568,5.67,200.34332,1449.04907,1963.83972,361.27338,1360.01978,1875.922,341.01492,1603.16797,1996.25269,NA,NA,NA,511.39023,1512.1781,1918.90906,702.16327,1199.16956,1936.61121,NA,NA,NA,NA,NA,NA,NA,NA,NA,224.68791,1157.49011,1613.1427,803.1106,999.47974,1915.91052,151.80089,913.97888,1623.75549,418.68161,1094.5177,1922.88513,316.23193,1071.85852,1842.76624,562.51935,995.505,1707.43298,479.08618,520.39331,2028.66125,419.06476,572.79364,1615.65735,330.76239,263.52942,2179.5542,493.26648,143.63066,1612.62866
569,5.68,193.53816,1447.34534,1972.52002,354.51215,1358.09534,1884.31458,335.00906,1601.28674,2005.06238,NA,NA,NA,505.30988,1509.77136,1927.10596,696.75519,1196.89063,1947.10266,NA,NA,NA,NA,NA,NA,NA,NA,NA,219.80731,1154.54712,1619.66406,799.68964,998.75745,1926.9895,147.13884,911.07025,1630.92578,413.13321,1092.34619,1932.25208,310.34927,1069.57324,1852.65027,557.24432,993.53607,1717.13525,472.29013,519.60321,2038.2207,416.8454,571.21844,1623.745,316.28165,272.27481,2192.3833,495.04373,142.89314,1612.76282
570,5.69,186.90567,1446.01489,1981.38342,348.07837,1355.92212,1893.10071,328.25592,1599.33716,2014.78284,NA,NA,NA,499.50406,1507.06201,1935.32739,690.6261,1194.53223,1956.52722,NA,NA,NA,NA,NA,NA,NA,NA,NA,NA,NA,NA,795.27063,998.06134,1937.74658,142.82744,907.89514,1637.34949,407.38397,1089.95105,1942.02307,304.50293,1066.86987,1861.8811,551.72076,991.12115,1725.79529,465.4628,518.45398,2047.54785,413.31937,570.17767,1633.44641,303.97433,278.75101,2202.94946,497.84583,144.50343,1613.06262
571,5.7,180.50864,1444.21704,1990.30591,341.90543,1353.59265,1901.39392,322.25201,1596.97388,2023.46729,NA,NA,NA,493.40527,1505.04163,1944.06042,685.34106,1192.3075,1966.5238,NA,NA,NA,NA,NA,NA,NA,NA,NA,NA,NA,NA,791.36658,996.68579,1947.93823,139.06366,904.71619,1645.74963,401.51431,1087.6991,1951.5,298.61948,1064.2561,1870.75525,545.78986,989.57397,1736.11292,457.88281,517.06323,2057.33521,409.42316,568.61462,1640.7251,293.2215,285.31857,2212.40869,499.17093,144.51202,1613.83191
572,5.71,173.50131,1443.12976,1999.89221,335.49893,1351.57593,1910.51819,316.10385,1594.83362,2032.2395,NA,NA,NA,487.5065,1502.90332,1952.92859,679.38873,1190.29419,1978.15161,NA,NA,NA,NA,NA,NA,NA,NA,NA,NA,NA,NA,786.3432,995.52118,1959.66565,134.6456,901.45239,1653.08228,395.28241,1085.79126,1961.64148,292.83975,1061.74292,1880.17188,539.92181,987.78113,1746.37109,449.54779,515.39264,2067.19214,406.048,567.20032,1651.00366,282.58511,290.9563,2220.8479,501.04819,144.55081,1615.06079
573,5.72,166.78455,1441.56458,2008.8479,328.7724,1349.84729,1920.27637,310.23694,1592.25098,2040.93726,NA,NA,NA,482.06787,1500.77429,1961.6488,673.72052,1187.74475,1987.40881,NA,NA,NA,NA,NA,NA,NA,NA,NA,NA,NA,NA,781.52869,994.3537,1969.84656,131.26645,898.44086,1660.71545,388.92059,1083.83984,1972.00256,286.74103,1058.6062,1890.0376,533.66589,985.93182,1756.99609,441.2872,513.57318,2076.6936,402.20154,566.61816,1659.2218,272.35477,295.31476,2230.86597,502.98849,147.14977,1617.79919
574,5.73,159.77048,1440.37952,2018.21814,322.56909,1347.87573,1929.93408,303.97272,1590.21655,2050.04468,NA,NA,NA,476.45294,1499.10901,1970.53259,667.99719,1185.53796,1996.29675,NA,NA,NA,NA,NA,NA,NA,NA,NA,NA,NA,NA,775.56616,993.04645,1981.06384,128.06673,895.06903,1668.8335,382.73468,1082.10327,1981.7085,280.12045,1056.54968,1900.60376,527.54694,984.21722,1767.23926,433.90567,511.59308,2085.0459,397.48053,564.39911,1668.46558,262.5719,298.09137,2238.29468,504.10974,148.14168,1619.88342
575,5.74,153.40903,1438.56177,2026.28259,316.629,1345.94897,1939.10059,297.36691,1588.60303,2059.70703,NA,NA,NA,470.63193,1497.5,1979.62524,661.82782,1184.36938,2007.20374,NA,NA,NA,NA,NA,NA,NA,NA,NA,NA,NA,NA,769.20801,992.07306,1992.11145,124.82693,891.76776,1677.57275,375.63281,1080.7854,1992.28833,273.86011,1054.26196,1910.76294,520.70178,982.11859,1778.71631,425.03638,510.21536,2095.96289,392.72318,563.26801,1678.83459,253.31703,300.22516,2246.01294,505.85623,149.77388,1619.99146
576,5.75,146.81975,1437.36328,2034.79944,310.61777,1344.44543,1948.46814,291.30209,1587.18726,2068.62891,NA,NA,NA,464.9856,1495.9071,1988.35303,655.90833,1183.23279,2017.70117,NA,NA,NA,NA,NA,NA,NA,NA,NA,NA,NA,NA,762.24945,990.90918,2002.43774,121.77989,888.62335,1686.79822,367.99832,1080.0011,2003.12817,266.89133,1052.89282,1921.25757,514.51379,980.65948,1787.65088,417.76761,507.93335,2105.06128,387.811,561.29614,1686.43835,244.62585,301.49969,2254,507.22589,152.58963,1623.29321
577,5.76,140.41708,1436.00659,2043.6283,305.22586,1343.18127,1958.10754,285.33444,1585.38074,2077.3772,NA,NA,NA,458.95728,1495.26917,1997.15918,649.61328,1181.49304,2026.93396,NA,NA,NA,NA,NA,NA,NA,NA,NA,NA,NA,NA,754.41296,989.94336,2013.52222,118.76458,886.03107,1694.22485,361.52322,1078.64404,2012.06067,259.80573,1051.75269,1931.10583,507.5379,978.56079,1800.48938,409.70401,504.75388,2112.86963,383.0593,560.35132,1696.18579,235.84711,301.01105,2261.24829,508.29849,154.10196,1625.42871
578,5.77,134.19984,1434.99829,2052.38647,299.34695,1342.85962,1968.19531,278.15521,1584.45996,2087.11719,NA,NA,NA,452.82617,1495.04724,2006.49512,642.97723,1180.54065,2036.47437,NA,NA,NA,NA,NA,NA,NA,NA,NA,NA,NA,NA,747.41858,988.3009,2023.25574,115.54285,883.42633,1702.77747,353.27206,1078.29089,2022.95166,253.31245,1050.35547,1939.44385,501.71747,978.38824,1810.30884,401.17422,502.78784,2121.23486,377.34247,557.96405,1707.80566,228.20795,300.74677,2269.75879,510.1062,157.62196,1628.56958
579,5.78,128.21092,1434.26245,2060.68774,293.38312,1342.80432,1977.74634,271.01675,1584.86572,2096.79492,NA,NA,NA,446.89966,1494.76221,2015.80933,636.37091,1179.7594,2046.69177,NA,NA,NA,NA,NA,NA,NA,NA,NA,NA,NA,NA,737.62964,987.79413,2035.8252,112.70501,881.46423,1711.41724,345.8902,1076.98645,2032.40845,245.91724,1049.70239,1948.92358,495.80698,977.94415,1819.78064,392.96396,502.30017,2130.83569,371.32104,557.23895,1718.1178,220.30884,299.79126,2276.86987,510.73785,159.54332,1633.16003
580,5.79,121.4354,1434.21313,2070.37939,287.0788,1343.23462,1987.0094,264.09198,1584.54431,2106.78809,NA,NA,NA,440.26849,1495.22095,2025.61877,629.05646,1180.25977,2057.60352,NA,NA,NA,NA,NA,NA,NA,NA,NA,NA,NA,NA,729.37231,986.77917,2046.04602,109.87026,880.81885,1719.87036,337.65732,1077.1261,2042.39075,238.43196,1049.71887,1958.35669,489.69101,978.52917,1830.22864,383.94916,503.02499,2138.73535,364.97995,554.8288,1731.36829,213.07852,296.72284,2284.31348,511.98129,163.27728,1637.03918
581,5.8,115.53894,1433.67896,2078.53833,280.21396,1344.02649,1995.98669,256.76468,1584.5769,2115.95825,NA,NA,NA,433.03189,1496.41382,2035.22437,621.72601,1180.74243,2067.93726,NA,NA,NA,NA,NA,NA,NA,NA,NA,NA,NA,NA,720.04785,986.58154,2057.11523,106.89878,879.84009,1729.16956,NA,NA,NA,231.94466,1049.64563,1966.08997,485.30161,978.05011,1842.84094,375.41608,504.85648,2147.49976,358.24692,554.2951,1745.60461,206.1156,292.07181,2290.31812,512.28595,167.70258,1643.57874
582,5.81,109.81087,1433.51465,2086.49829,273.63626,1344.65601,2004.25854,250.17757,1585.11987,2124.87622,NA,NA,NA,426.40903,1497.50989,2043.95972,613.91058,1181.69202,2078.0542,NA,NA,NA,NA,NA,NA,NA,NA,NA,NA,NA,NA,710.30865,986.7854,2067.98047,104.62255,879.96661,1738.82251,NA,NA,NA,225.10431,1050.74231,1974.89307,479.46271,978.84686,1852.83582,367.78513,507.82623,2156.62427,350.99417,554.4624,1758.29614,199.92206,285.05576,2296.34204,511.7926,174.24565,1648.37866
583,5.82,102.96945,1433.68787,2095.28662,267.01114,1345.41211,2012.70959,243.87875,1585.02515,2133.05786,NA,NA,NA,418.94226,1498.46313,2052.8645,605.64899,1182.57202,2088.72095,NA,NA,NA,NA,NA,NA,NA,NA,NA,NA,NA,NA,700.53937,986.6908,2078.70654,100.82516,881.33923,1747.67468,NA,NA,NA,218.32674,1052.55188,1982.42603,473.03452,979.94135,1862.9624,359.04684,511.21417,2166.99707,342.82892,554.48627,1772.06982,194.12059,276.7099,2300.98608,509.63068,181.13937,1658.33142
584,5.83,96.87663,1433.401,2103.21826,260.33255,1346.39697,2020.99744,236.94609,1585.39429,2142.31128,NA,NA,NA,412.37314,1500.14197,2061.05713,597.11792,1183.90198,2099.50244,NA,NA,NA,NA,NA,NA,NA,NA,NA,NA,NA,NA,689.98541,986.67041,2090.35156,97.9333,882.22113,1759.33936,NA,NA,NA,212.11926,1054.17664,1989.73169,467.29562,981.13654,1872.10278,350.56281,513.94238,2176.69995,335.24026,553.97839,1786.03467,189.03603,268.21533,2306.04956,505.89554,187.48885,1670.69043
585,5.84,90.11391,1434.18481,2111.33911,253.52519,1347.78735,2029.67627,230.48518,1585.83887,2150.91626,NA,NA,NA,404.90482,1502.08057,2069.76294,589.12128,1184.96436,2109.39111,NA,NA,NA,NA,NA,NA,NA,NA,NA,NA,NA,NA,678.47882,988.01465,2102.78613,94.79991,882.73462,1766.61584,NA,NA,NA,205.73924,1056.8385,1997.75708,460.64569,982.36676,1882.08545,342.38199,515.18671,2186.85815,326.97354,554.09161,1801.1731,184.58942,254.59384,2306.16211,500.56888,194.10158,1681.30652
586,5.85,83.83604,1434.48767,2118.89038,246.77643,1349.63196,2038.10217,224.20758,1586.64282,2158.6582,NA,NA,NA,397.49103,1503.29443,2078.43359,580.20502,1185.99622,2120.28052,NA,NA,NA,NA,NA,NA,NA,NA,NA,NA,NA,NA,668.07861,987.76184,2114.34375,91.89422,883.94495,1777.11499,NA,NA,NA,199.5921,1058.875,2006.18127,455.59171,983.86548,1889.30469,334.22415,516.89197,2196.38892,318.00757,554.13599,1815.91101,180.84517,244.38953,2309.1521,493.10492,201.29524,1692.6217
587,5.86,77.49142,1435.24561,2126.87061,240.18474,1350.8905,2046.302,217.97067,1587.78735,2166.24146,NA,NA,NA,391.11041,1504.55615,2086.18213,571.448,1186.92004,2131.03394,NA,NA,NA,NA,NA,NA,288.12344,1091.45496,2100.28638,NA,NA,NA,656.90948,987.83289,2126.34302,87.63931,884.61981,1784.65271,NA,NA,NA,193.39232,1061.18518,2014.06165,452.09879,984.80878,1900.95618,327.36462,517.40857,2205.40454,308.36444,554.72998,1829.29016,178.36717,233.43523,2309.95435,479.54379,207.56241,1701.7157
588,5.87,71.10907,1436.49548,2135.12402,233.26506,1352.79272,2054.57861,210.7993,1589.04529,2173.77661,NA,NA,NA,383.33575,1506.58423,2095.71558,562.91565,1187.57556,2141.13721,NA,NA,NA,NA,NA,NA,281.55975,1092.95142,2108.35742,NA,NA,NA,646.00403,987.51154,2137.85254,84.06568,885.50085,1794.26965,NA,NA,NA,187.84956,1063.71692,2021.37463,446.41318,986.87347,1910.65491,320.43832,519.25238,2215.38843,298.72427,554.48187,1844.83838,176.85155,224.11342,2311.9292,465.4585,213.66452,1709.56531
589,5.88,64.63741,1437.52759,2142.74438,225.9791,1354.34167,2060.69385,204.04631,1590.41748,2180.96802,NA,NA,NA,376.05859,1508.24377,2104.5061,553.29529,1188.63623,2152.28833,NA,NA,NA,NA,NA,NA,275.01535,1094.20764,2116.54175,NA,NA,NA,635.51141,987.43518,2149.69238,80.31226,886.68469,1804.18274,NA,NA,NA,182.61797,1064.37585,2027.36792,441.68262,987.35663,1921.25146,315.36304,519.67316,2224.05103,290.17407,553.53491,1859.94006,176.58936,214.94792,2313.07471,450.63077,218.61304,1722.95728
590,5.89,58.44606,1438.38013,2149.28638,218.87587,1355.99146,2067.53369,197.36726,1591.44373,2188.1521,NA,NA,NA,369.33142,1509.37305,2112.17603,544.39941,1188.8678,2162.49341,NA,NA,NA,NA,NA,NA,NA,NA,NA,NA,NA,NA,624.36743,987.59424,2161.87793,75.78357,887.59076,1812.73962,NA,NA,NA,176.82458,1065.61865,2034.44141,433.80865,991.80884,1914.77234,310.3075,521.30939,2232.94409,278.31668,553.86584,1873.55518,177.92308,206.56325,2312.16504,435.94568,224.02989,1733.28491
591,5.9,51.13003,1440.07727,2157.39014,211.3445,1357.71912,2075.15771,190.2852,1593.67993,2196.24292,NA,NA,NA,361.97015,1511.43616,2119.94751,534.62274,1189.56177,2173.41187,NA,NA,NA,NA,NA,NA,261.70224,1095.46997,2131.38281,NA,NA,NA,612.81207,987.92908,2174.21875,72.86612,887.08319,1822.12976,NA,NA,NA,170.78476,1066.3197,2041.02563,431.62411,991.08832,1938.50818,305.34863,523.7088,2240.3999,268.05606,552.82184,1889.91187,180.39763,200.2149,2310.87036,421.34308,229.76552,1744.69543
592,5.91,44.96732,1441.26147,2163.90479,204.10255,1359.2749,2080.72217,182.88428,1594.97693,2203.35938,NA,NA,NA,353.77393,1512.77612,2127.63794,525.242,1190.92383,2183.23389,NA,NA,NA,NA,NA,NA,254.71069,1096.28638,2138.79126,NA,NA,NA,601.89728,987.80298,2186.1748,68.27148,888.83112,1831.77539,NA,NA,NA,164.93077,1067.05566,2047.12646,426.83167,993.03973,1946.76477,300.29904,524.62384,2247.20508,256.02902,553.03247,1903.72571,183.98798,195.04842,2307.73022,407.54242,236.27165,1754.7876
593,5.92,37.56749,1442.77808,2170.90576,197.44962,1361.32227,2088.00269,176.17867,1596.40051,2209.78101,NA,NA,NA,346.09528,1514.15601,2135.53223,515.95032,1191.88733,2193.30713,NA,NA,NA,NA,NA,NA,248.26749,1096.6272,2145.90088,NA,NA,NA,589.86987,988.88159,2199.57764,65.00948,889.46936,1840.20728,NA,NA,NA,159.22366,1067.7666,2053.90942,422.42938,996.12433,1952.82166,295.21423,527.80328,2254.41235,244.24373,553.96252,1918.77502,189.10367,191.24013,2305.20654,393.31775,239.58437,1768.2843
594,5.93,30.18171,1444.73047,2178.39331,189.90285,1362.42053,2093.38721,169.19427,1598.39673,2216.65137,NA,NA,NA,338.54156,1516.39087,2143.95972,505.67435,1193.31323,2203.91699,NA,NA,NA,NA,NA,NA,241.98409,1097.62952,2153.35474,NA,NA,NA,578.63477,989.49066,2211.46021,61.53472,891.11383,1849.21252,NA,NA,NA,153.01575,1068.7157,2060.62891,416.67947,998.0835,1961.75098,290.68439,530.14319,2260.80029,231.62422,556.55481,1931.94922,193.95819,189.85307,2303.28931,376.92148,245.95006,1781.44495
595,5.94,22.80664,1446.3335,2185.26416,183.26524,1363.93494,2100.12085,162.07359,1599.90564,2223.04419,NA,NA,NA,330.32532,1518.67688,2151.84375,495.60672,1194.11597,2213.47021,NA,NA,NA,NA,NA,NA,235.44865,1098.43188,2160.45093,NA,NA,NA,567.22607,990.5979,2223.09253,57.4642,893.1853,1856.42834,NA,NA,NA,146.85193,1069.26575,2066.03955,411.67651,1000.50159,1968.34143,287.40421,531.95538,2266.67969,219.37221,558.15564,1947.75696,199.7834,188.59067,2301.89355,361.57901,252.83943,1794.14539
596,5.95,15.94821,1447.62317,2191.40674,175.97076,1365.91333,2107.18115,154.58116,1601.40881,2229.84692,NA,NA,NA,322.43887,1520.35657,2158.42163,485.20428,1196.60278,2224.21436,NA,NA,NA,NA,NA,NA,229.07854,1100.11389,2166.57544,NA,NA,NA,555.52692,992.0257,2235.54346,55.15602,894.409,1861.45605,NA,NA,NA,140.89798,1070.36768,2072.68042,407.02011,1002.69794,1976.36377,285.13309,533.78278,2272.47363,204.11711,560.01837,1961.58667,205.98062,185.65166,2298.50049,345.03073,258.09271,1811.13452
597,5.96,8.85205,1449.10413,2197.56958,169.27379,1366.64307,2112.03296,147.48041,1602.98755,2236.44067,NA,NA,NA,314.53757,1522.5874,2167.08813,474.66586,1198.00635,2235.24097,NA,NA,NA,NA,NA,NA,223.13506,1101.41675,2173.07422,NA,NA,NA,543.64209,993.81995,2248.07104,50.734,896.29938,1868.61389,NA,NA,NA,134.77211,1072.11182,2080.00171,401.97339,1005.18542,1981.74231,282.52911,535.47455,2278.51465,189.75681,564.3064,1973.09192,211.90894,184.65314,2297.33984,327.61548,264.47372,1826.37585
598,5.97,1.2955,1450.77002,2204.43677,162.60655,1368.26538,2119.14868,140.03223,1604.31506,2242.80444,NA,NA,NA,306.14899,1524.0022,2174.22559,464.45523,1199.34851,2244.29419,NA,NA,NA,NA,NA,NA,217.29611,1103.93433,2179.67017,NA,NA,NA,531.53741,996.13446,2260.51172,47.58627,897.30341,1875.29517,NA,NA,NA,128.81668,1073.35413,2086.04956,396.17908,1007.19489,1989.01636,281.54565,535.04865,2281.38672,174.24101,568.34039,1987.96509,218.9325,183.47137,2295.56616,310.67981,270.8667,1841.42297
599,5.98,-5.80752,1451.93787,2210.40942,156.13054,1369.06238,2123.67456,132.43867,1606.63672,2249.47314,NA,NA,NA,298.49445,1525.87024,2180.8877,453.96445,1201.88477,2254.87964,NA,NA,NA,NA,NA,NA,212.11404,1106.43213,2186.19238,NA,NA,NA,519.37885,998.14923,2272.99805,43.99648,898.60547,1883.0874,NA,NA,NA,123.90799,1074.87122,2090.91992,391.05389,1010.21356,1994.34436,280.2673,537.01984,2287.38013,158.05045,573.03168,2000.58704,226.03378,182.49019,2294.27026,294.30225,273.83841,1860.1947
600,5.99,-12.44063,1452.97632,2215.95239,149.75444,1370.8772,2130.14526,124.62358,1607.50781,2256.0061,NA,NA,NA,290.6134,1528.29834,2189.08691,443.58649,1203.62305,2266.12671,NA,NA,NA,NA,NA,NA,206.56357,1109.69031,2192.54736,NA,NA,NA,507.03784,1000.29309,2285.1106,40.0675,900.19434,1888.77148,NA,NA,NA,117.93996,1077.60413,2098.10522,385.38501,1011.93964,2000.79358,280.63239,537.09766,2290.61914,142.27464,577.03766,2016.03271,232.86449,181.05524,2293.22656,276.30273,279.11276,1874.47876
601,6,-19.51165,1453.77844,2221.90039,142.63588,1371.9303,2135.77441,117.88635,1608.2688,2261.99707,NA,NA,NA,282.3475,1529.37268,2195.27466,433.94882,1205.58618,2275.45435,NA,NA,NA,NA,NA,NA,201.06383,1111.95911,2198.44434,NA,NA,NA,495.23706,1002.36853,2297.57495,35.62978,901.06061,1895.92932,NA,NA,NA,113.30904,1079.68372,2104.00659,NA,NA,NA,280.67969,536.56061,2292.79443,126.38543,581.79303,2030.4845,239.7,179.57397,2292.22974,260.1019,281.64276,1891.24158
602,6.01,-26.87333,1454.79895,2228.1272,136.44214,1372.77637,2141.19019,110.42726,1609.43677,2267.79395,NA,NA,NA,275.0506,1530.78406,2202.66748,424.01254,1207.27405,2284.56104,NA,NA,NA,NA,NA,NA,195.3096,1114.10156,2204.31006,NA,NA,NA,483.72565,1005.00586,2310.07983,31.26916,902.36908,1903.35962,NA,NA,NA,107.32473,1081.94751,2111.05908,NA,NA,NA,281.96112,536.49036,2296.60181,111.14605,587.84338,2042.6853,247.06828,177.91846,2291.44751,242.58336,285.90921,1906.9447
603,6.02,-33.35073,1455.23035,2233.08862,129.86743,1374.63025,2147.74341,103.15881,1610.50439,2273.96265,NA,NA,NA,267.42679,1532.33093,2209.4209,414.89377,1208.91016,2293.74219,NA,NA,NA,NA,NA,NA,189.66074,1115.57336,2210.09058,NA,NA,NA,472.27985,1007.43896,2321.47559,26.06937,903.69305,1909.97827,NA,NA,NA,102.38506,1083.16431,2115.5769,NA,NA,NA,283.41318,535.24115,2297.75,96.59304,593.93091,2054.44189,255.24995,175.5471,2289.948,225.97035,286.58832,1925.63611
604,6.03,-40.25126,1455.39746,2238.5188,123.1822,1374.60791,2152.15869,96.23872,1610.65576,2279.08911,NA,NA,NA,259.70566,1533.68176,2215.72632,405.51614,1210.77966,2303.61182,NA,NA,NA,NA,NA,NA,183.94438,1117.29956,2216.79956,NA,NA,NA,461.04861,1008.92914,2332.26978,21.04757,904.84912,1915.01831,NA,NA,NA,96.36483,1084.37061,2121.46191,NA,NA,NA,284.59177,535.104,2302.12891,82.59713,599.77582,2064.86401,262.79694,174.14018,2289.09644,208.15865,286.79346,1940.91162
605,6.04,-46.43016,1455.39807,2243.198,116.44439,1376.13,2159.67993,88.77389,1611.25037,2285.54834,NA,NA,NA,252.84959,1534.97986,2222.99194,396.5289,1211.66638,2311.2356,NA,NA,NA,NA,NA,NA,178.24988,1118.47278,2223.20557,NA,NA,NA,449.48514,1010.82874,2344.12549,15.54446,905.80005,1919.37146,NA,NA,NA,91.15558,1085.9093,2126.81519,NA,NA,NA,286.77127,532.39655,2302.56421,69.99316,605.37878,2079.55713,270.70203,172.73619,2288.19873,190.40305,286.47824,1958.70178
606,6.05,-53.55174,1455.28845,2248.93018,109.96735,1376.34888,2164.60449,81.08339,1611.67529,2291.89453,NA,NA,NA,245.48529,1535.31787,2228.91504,388.58609,1212.67432,2319.0791,NA,NA,NA,NA,NA,NA,172.576,1118.73022,2228.2854,NA,NA,NA,437.91821,1013.12787,2355.88208,10.41348,906.52747,1927.01868,NA,NA,NA,85.6084,1086.63123,2131.98022,NA,NA,NA,289.89307,531.18951,2304.99243,58.77304,610.68079,2090.80347,278.0282,171.22943,2287.80859,173.84747,286.13171,1972.81543
607,6.06,-59.98228,1455.15723,2253.56738,104.11154,1376.89697,2170.28003,73.37315,1611.99817,2298.09985,NA,NA,NA,238.36151,1536.4469,2235.38501,380.9144,1213.92725,2327.19849,NA,NA,NA,NA,NA,NA,166.17314,1117.9397,2233.63672,NA,NA,NA,426.66418,1015.01129,2366.71509,4.82517,907.40381,1934.1333,NA,NA,NA,79.69827,1086.65039,2136.80542,NA,NA,NA,291.59769,528.87396,2306.23486,48.03835,617.05652,2098.2063,285.5675,169.9727,2286.79883,157.04652,284.24762,1990.22803
608,6.07,-67.16042,1455.17078,2259.43359,97.70319,1377.81165,2176.29175,66.36653,1612.04675,2303.74512,NA,NA,NA,231.48454,1537.21118,2242.88794,373.58423,1214.12097,2335.50098,NA,NA,NA,NA,NA,NA,160.37758,1118.11902,2239.86084,NA,NA,NA,415.23236,1016.69751,2377.98901,-0.76929,907.72925,1941.40906,NA,NA,NA,73.52502,1087.38025,2143.14771,NA,NA,NA,294.35892,527.25159,2309.12061,38.32041,621.60089,2110.96045,292.13535,168.87062,2285.97656,139.58545,279.67728,2007.67712
609,6.08,-73.61129,1454.59863,2263.60132,91.40108,1377.37097,2180.88403,59.09031,1611.97351,2309.61206,NA,NA,NA,224.67188,1537.57227,2248.44336,366.2261,1214.85107,2342.72656,NA,NA,NA,NA,NA,NA,154.02654,1116.82776,2244.16211,NA,NA,NA,404.23331,1019.35352,2389.64063,-6.62689,908.0766,1946.07202,NA,NA,NA,67.37095,1086.65637,2147.00146,NA,NA,NA,297.94434,525.78381,2308.53027,28.93893,627.15039,2117.86597,298.46802,166.62234,2284.00269,124.03268,275.04059,2025.71204
610,6.09,-80.73042,1454.31262,2269.50073,85.64748,1378.37207,2187.09229,52.06049,1611.42529,2314.84009,NA,NA,NA,217.81422,1537.48108,2254.67358,358.71783,1215.21118,2350.08276,NA,NA,NA,NA,NA,NA,147.48737,1116.17627,2250.34033,NA,NA,NA,392.836,1021.16028,2400.07739,-12.26287,908.90955,1950.46606,NA,NA,NA,61.7269,1086.87866,2152.84058,NA,NA,NA,300.75525,523.9021,2310.23022,20.43667,630.591,2124.21924,306.40466,165.54149,2285.18628,107.34002,269.87506,2041.97021
611,6.1,-87.14499,1453.29956,2274.12012,79.25662,1377.06421,2191.26489,44.6117,1610.96521,2320.99316,NA,NA,NA,210.97672,1537.91626,2262.1687,351.64667,1214.84741,2357.50366,NA,NA,NA,NA,NA,NA,140.69736,1114.9187,2254.78442,NA,NA,NA,381.41782,1022.84161,2410.54004,-17.88121,909.82166,1958.19165,NA,NA,NA,55.31739,1085.80042,2156.35742,NA,NA,NA,304.04767,522.52264,2309.68555,12.50312,634.42206,2131.40186,308.08014,164.29562,2282.98462,89.92633,263.84677,2060.00562
612,6.11,-93.97066,1452.41394,2278.88672,73.10345,1377.78723,2198.20288,37.23988,1610.29456,2326.82471,NA,NA,NA,204.06453,1537.15601,2267.72607,344.77145,1215.11047,2365.10913,NA,NA,NA,NA,NA,NA,134.26778,1114.77966,2260.64355,NA,NA,NA,371.20233,1024.28613,2420.51758,-23.83673,909.85327,1959.29651,NA,NA,NA,49.42052,1086.10632,2162.14233,NA,NA,NA,307.14029,522.3006,2310.26343,5.5202,635.7608,2139.59448,311.44885,162.86832,2283.1123,73.44134,256.02408,2079.18481
613,6.12,-100.7765,1451.46667,2284.64453,66.76202,1376.94031,2202.85278,29.66778,1609.81628,2333.12695,NA,NA,NA,197.4456,1537.11548,2274.24243,337.37289,1214.9613,2373.39282,NA,NA,NA,NA,NA,NA,127.70074,1113.40601,2264.56079,NA,NA,NA,359.63132,1025.66833,2430.3689,-30.02579,910.49585,1967.69727,NA,NA,NA,43.12909,1084.86328,2165.44409,NA,NA,NA,309.42065,521.16608,2309.6333,-0.96497,637.65179,2144.70532,313.29504,161.63708,2281.63696,56.79509,247.00902,2097.54028
614,6.13,-106.79819,1450.06128,2288.56494,60.73159,1376.4895,2208.35645,22.87454,1608.55566,2338.09351,NA,NA,NA,190.80966,1536.76831,2280.95044,330.94925,1214.26855,2379.38867,NA,NA,NA,NA,NA,NA,121.25693,1112.64417,2270.73022,NA,NA,NA,349.26431,1027.18005,2439.89624,-36.05997,909.35016,1974.52112,NA,NA,NA,36.62315,1085.06494,2171.65503,NA,NA,NA,312.4838,521.01788,2309.69434,-6.76013,637.25378,2155.31714,314.53726,160.46652,2280.73145,41.13633,237.1683,2114.35303
615,6.14,-113.89541,1449.02124,2293.66309,54.71593,1375.73743,2213.95093,15.52223,1607.62756,2344.12939,NA,NA,NA,183.98688,1535.56921,2286.06763,323.30396,1213.53271,2386.68018,NA,NA,NA,NA,NA,NA,114.3883,1111.33032,2274.62598,NA,NA,NA,338.25601,1028.2157,2449.11328,-42.64124,910.17004,1978.10535,NA,NA,NA,30.29203,1084.65125,2175.73633,NA,NA,NA,314.83542,520.55078,2308.11523,-11.84778,636.69727,2159.79297,314.72467,160.77487,2280.5647,23.9225,226.44489,2135.40186
616,6.15,-120.59566,1447.49866,2299.35156,47.73607,1374.88928,2219.72632,8.32678,1606.93701,2349.80566,NA,NA,NA,177.54665,1534.92932,2292.93896,316.12625,1212.34045,2393.92896,NA,NA,NA,NA,NA,NA,108.08705,1111.16663,2280.89209,NA,NA,NA,328.27914,1029.44922,2458.03198,-48.15607,909.55603,1983.68262,NA,NA,NA,24.17437,1083.80383,2180.39209,NA,NA,NA,315.52335,520.44696,2306.44507,-15.55717,634.66736,2161.94653,314.71823,162.13641,2279.79297,6.95718,215.99767,2153.49438
617,6.16,-127.14198,1446.21326,2304.53735,41.81074,1373.52551,2225.1272,0.80212,1605.24768,2355.83521,NA,NA,NA,170.82458,1533.63477,2298.96436,309.08258,1211.30225,2400.08984,NA,NA,NA,NA,NA,NA,101.40881,1110.13086,2284.68896,NA,NA,NA,317.70352,1029.9021,2466.09326,-55.03532,909.78357,1987.52234,NA,NA,NA,18.04036,1083.15186,2184.66138,NA,NA,NA,315.22455,519.78436,2303.52173,-17.99502,629.30035,2164.86914,314.76559,163.00058,2279.16455,-10.10461,205.24245,2173.60278
618,6.17,-133.83983,1444.63098,2308.80762,35.01716,1372.5647,2230.15649,-5.91528,1603.93469,2361.26709,NA,NA,NA,164.06337,1532.12878,2304.52612,301.48132,1209.70203,2406.55835,NA,NA,NA,NA,NA,NA,94.87328,1109.80432,2291.03174,NA,NA,NA,307.79648,1030.69141,2474.68018,-61.98367,909.46716,1992.74609,NA,NA,NA,11.14574,1082.86328,2189.85229,NA,NA,NA,312.79144,520.77765,2303.09717,-21.44954,627.90289,2158.2063,313.88858,165.13054,2279.06665,-27.73808,197.24394,2191.56714
619,6.18,-140.17557,1442.91272,2313.88135,28.89909,1371.59216,2235.75586,-13.3671,1602.3103,2367.17139,NA,NA,NA,157.59599,1531.26331,2311.00146,294.07507,1207.78101,2413.12061,NA,NA,NA,NA,NA,NA,88.19356,1108.3075,2294.88013,NA,NA,NA,298.06833,1030.56189,2482.20142,-68.07437,908.75122,1995.49426,NA,NA,NA,4.38734,1082.90051,2196.11987,NA,NA,NA,309.22675,520.51501,2300.69604,-21.75196,620.3587,2159.94409,313.03986,165.87723,2278.70923,-45.87656,189.99808,2212.6958
620,6.19,-147.03745,1441.56836,2318.94629,22.10658,1370.0603,2241.09863,-20.49207,1601.33936,2372.76001,NA,NA,NA,150.92155,1529.50732,2315.90112,286.79825,1205.74341,2418.49854,NA,NA,NA,NA,NA,NA,81.89687,1107.89893,2301.0354,NA,NA,NA,288.24747,1030.72827,2489.25415,-73.88571,907.4917,2000.99963,NA,NA,NA,-2.70761,1081.45752,2200.41357,NA,NA,NA,304.87869,520.17432,2299.02515,-20.88909,612.724,2161.37549,311.90909,166.54166,2278.27441,-65.53828,184.75099,2234.5564
621,6.2,-153.80457,1439.29773,2323.47632,15.41111,1368.55579,2246.58521,-27.37149,1599.49121,2378.54028,NA,NA,NA,145.02365,1528.18042,2321.71777,279.4039,1204.06409,2423.89233,NA,NA,NA,NA,NA,NA,74.74311,1107.06714,2305.58936,NA,NA,NA,278.9534,1031.11609,2496.95215,-81.2546,906.28088,2005.08521,NA,NA,NA,-8.79551,1079.89832,2206.0896,NA,NA,NA,298.8215,520.51007,2298.96118,-18.6732,603.96515,2165.82178,311.4451,165.8159,2276.88745,-84.9642,182.71228,2253.72217
622,6.21,-160.43542,1438.37561,2328.66064,8.99905,1367.7511,2251.78101,-34.3069,1597.8866,2383.05713,NA,NA,NA,138.12976,1526.6759,2327.39893,271.74683,1202.08801,2429.35107,NA,NA,NA,NA,NA,NA,68.14462,1106.34216,2311.68799,NA,NA,NA,269.70575,1030.15479,2502.76758,-87.78133,905.19794,2008.98193,NA,NA,NA,-16.30706,1079.18408,2211.29907,NA,NA,NA,292.07605,519.43958,2298.66846,-18.01524,598.16748,2164.7063,311.2153,164.78181,2275.58594,-104.26441,184.69217,2272.00562
623,6.22,-166.94803,1436.09143,2333.89429,2.26336,1366.15576,2256.28442,-41.4842,1596.25281,2389.71338,NA,NA,NA,131.91975,1525.19543,2332.61865,264.35635,1199.63562,2434.25439,NA,NA,NA,NA,NA,NA,61.23537,1105.11414,2316.60547,NA,NA,NA,260.7558,1029.29846,2509.0022,-93.98516,904.82184,2013.32764,NA,NA,NA,-23.5221,1078.08057,2216.73242,NA,NA,NA,284.52115,518.7652,2299.39209,-18.52592,592.66467,2164.67017,309.80609,165.62904,2276.13794,-123.35673,191.41116,2289.07129
624,6.23,-173.94528,1434.5719,2338.43823,-4.21931,1365.13513,2262.32422,-48.00019,1594.06714,2394.05103,NA,NA,NA,125.96414,1523.36963,2337.16602,257.2366,1197.62463,2438.29468,NA,NA,NA,NA,NA,NA,54.21604,1103.86487,2321.8418,NA,NA,NA,251.95201,1029.15808,2515.77026,-101.53371,903.50891,2015.64099,NA,NA,NA,-30.28231,1076.52539,2223.28247,NA,NA,NA,277.02029,517.42255,2300.19043,-21.01392,588.63403,2169.60425,308.46866,166.5555,2276.92163,-140.95068,200.23396,2303.02222
625,6.24,-180.64563,1433.0332,2343.73145,-11.47073,1363.86609,2267.27026,-55.18665,1592.49023,2399.1355,NA,NA,NA,119.6201,1521.93176,2342.1084,249.79828,1195.57104,2442.73535,NA,NA,NA,NA,NA,NA,47.53062,1102.71313,2327.38135,NA,NA,NA,243.65085,1027.48779,2520.49438,-107.80464,901.17584,2022.47363,NA,NA,NA,-38.22981,1075.27307,2228.16357,NA,NA,NA,268.44565,516.93341,2303.11157,-22.46862,584.29968,2180.41089,307.76407,165.28407,2276.08545,-157.04024,209.09596,2315.81055
626,6.25,-186.89046,1431.38257,2348.66626,-18.12117,1362.69214,2271.87891,-61.64352,1590.82898,2404.42578,NA,NA,NA,113.69079,1520.20642,2346.16016,242.47186,1193.28857,2446.88354,NA,NA,NA,NA,NA,NA,40.07993,1101.02686,2332.49707,NA,NA,NA,235.25195,1026.54724,2525.1272,-114.23225,900.117,2023.7196,NA,NA,NA,-45.19345,1073.27148,2234.14526,NA,NA,NA,260.43774,515.21545,2305.3689,-25.68064,584.1441,2184.51611,307.48001,163.79333,2274.61792,-171.43756,217.97629,2326.19604
627,6.26,-193.37418,1429.505,2352.68481,-24.49235,1361.23755,2277.01978,-68.56207,1589.35352,2409.29541,NA,NA,NA,107.61317,1518.7063,2350.53418,234.92398,1191.41492,2450.85181,NA,NA,NA,NA,NA,NA,33.20383,1100.26843,2338.95264,NA,NA,NA,227.44991,1025.24207,2530.21167,-122.05466,898.45758,2026.22961,NA,NA,NA,-52.60185,1072.01831,2240.74438,NA,NA,NA,251.30313,514.53015,2309.07593,-28.39237,582.25287,2191.82251,306.24506,162.381,2274.89331,-185.97778,226.10658,2336.09961
628,6.27,-200.18881,1427.80664,2357.71875,-31.99921,1359.98438,2281.63086,-75.05032,1587.39771,2413.92725,NA,NA,NA,101.57964,1516.92468,2353.66113,227.66141,1189.73291,2454.60181,NA,NA,NA,NA,NA,NA,25.64866,1099.08301,2343.62134,NA,NA,NA,220.12984,1023.44031,2534.01172,-129.06136,897.14844,2029.85583,NA,NA,NA,-60.09946,1069.40112,2245.20874,NA,NA,NA,241.98584,513.38177,2313.521,-32.44473,582.14197,2203.27832,304.44916,162.07854,2275.60327,-200.18555,234.42412,2345.33569
629,6.28,-205.74562,1425.62854,2362.39795,-38.05218,1358.70776,2285.47046,-81.59019,1586.07861,2419.3877,NA,NA,NA,95.53188,1515.9917,2357.8479,220.76981,1187.67737,2457.96216,NA,NA,NA,NA,NA,NA,18.45188,1097.85071,2349.19092,NA,NA,NA,212.49281,1021.5166,2537.64014,-135.53471,894.83813,2035.71558,NA,NA,NA,-68.22809,1068.10962,2252.44531,NA,NA,NA,232.9537,512.35345,2317.33862,-36.76877,580.47961,2212.87695,303.59116,160.8963,2276.00537,-212.04152,240.16524,2354.18994
630,6.29,-212.02985,1423.50964,2366.36719,-45.07567,1357.55176,2290.44702,-87.84805,1584.26453,2422.78296,NA,NA,NA,89.28555,1514.48584,2361.0835,213.4099,1186.22156,2461.38257,NA,NA,NA,NA,NA,NA,11.06462,1097.41052,2355.61865,NA,NA,NA,205.56541,1019.55267,2540.97388,-143.349,892.30194,2037.229,NA,NA,NA,-75.4118,1066.88428,2258.2417,NA,NA,NA,224.40079,510.819,2321.0459,-42.53922,580.32758,2223.48999,300.85031,162.75255,2277.3313,-223.16512,243.40228,2363.48535
631,6.3,-217.88194,1421.48828,2370.73145,-51.9947,1355.81982,2294.66211,-93.95274,1582.49023,2427.4187,NA,NA,NA,83.33171,1512.67297,2363.67505,206.43846,1184.48584,2464.63892,NA,NA,NA,NA,NA,NA,3.27366,1095.98889,2360.21704,NA,NA,NA,198.91417,1017.15369,2544.58569,-150.11195,890.4231,2041.7981,NA,NA,NA,-83.59293,1065.29358,2263.85742,NA,NA,NA,214.67834,509.76733,2327.03027,-49.15569,580.67236,2232.10303,298.46985,162.44739,2276.13452,-233.62038,244.19954,2371.08765
632,6.31,-223.49809,1419.81885,2375.41284,-59.00622,1354.79773,2298.28174,-100.21783,1581.30554,2432.07886,NA,NA,NA,77.63802,1511.31409,2366.30469,199.67822,1182.83142,2467.46143,NA,NA,NA,NA,NA,NA,-4.81797,1095.052,2365.47607,NA,NA,NA,192.48242,1014.87555,2547.13232,-158.38478,887.96887,2046.73083,NA,NA,NA,-91.98071,1064.08667,2269.13623,NA,NA,NA,205.05457,509.19083,2332.89478,-56.10947,579.50464,2239.07275,295.34854,163.60291,2277.43701,-241.40141,243.93538,2380.1272
633,6.32,-229.48311,1418.00916,2379.13696,-66.30791,1353.94067,2302.90991,-105.99959,1579.84924,2434.96558,NA,NA,NA,70.8309,1510.54749,2369.92407,192.64369,1181.51758,2470.73535,NA,NA,NA,NA,NA,NA,-12.82912,1094.36511,2371.7373,NA,NA,NA,186.28404,1012.1275,2549.54126,-165.39999,885.86938,2050.42993,NA,NA,NA,-100.71694,1062.45288,2275.60864,NA,NA,NA,195.47624,508.59091,2339.13867,-63.99821,579.31348,2247.94238,292.00397,164.61365,2278.49585,-249.28915,242.22522,2388.99487
634,6.33,-235.1808,1416.77246,2384.07544,-73.04627,1352.6593,2306.59229,-111.64603,1578.44153,2438.76953,NA,NA,NA,64.81181,1509.32104,2371.93164,186.0778,1179.93164,2473.43726,NA,NA,NA,NA,NA,NA,-21.27973,1093.89185,2377.7229,NA,NA,NA,180.65018,1009.24292,2551.74878,-173.74951,883.17816,2052.34692,NA,NA,NA,-109.33199,1062.11743,2281.17871,NA,NA,NA,186.13078,507.72034,2345.44702,-72.15955,577.67743,2257.58374,288.49976,164.84779,2278.91919,-254.18295,238.22362,2402.47314
635,6.34,-241.21089,1415.70117,2388.61743,-80.62281,1352.47778,2311.42896,-117.57194,1577.29346,2442.50244,NA,NA,NA,59.01553,1508.46631,2373.59399,179.08557,1179.09656,2476.18335,NA,NA,NA,NA,NA,NA,-29.689,1092.78845,2383.14355,NA,NA,NA,175.42943,1006.24615,2553.79175,-181.51376,880.85004,2056.0979,NA,NA,NA,-117.90911,1061.08655,2287.91553,NA,NA,NA,176.97014,505.73611,2351.09644,-81.0818,574.76392,2272.15161,284.53391,166.3817,2281.22803,-261.88037,235.6279,2405.68604
636,6.35,-247.55702,1414.36072,2392.63892,-87.63177,1351.53552,2314.78613,-124.49617,1577.21802,2446.06226,NA,NA,NA,53.16147,1507.85522,2375.73755,171.96019,1178.78418,2478.90747,NA,NA,NA,NA,NA,NA,-38.11533,1091.65613,2388.63037,NA,NA,NA,169.99425,1003.70001,2555.94482,-189.64604,877.65094,2063.88501,NA,NA,NA,-125.7923,1060.09839,2293.18823,NA,NA,NA,167.96039,505.48517,2360.47266,-90.52113,573.42828,2276.06274,280.08905,168.01335,2282.59106,-267.14267,231.34872,2414.06128
637,6.36,-253.52675,1413.57837,2397.41479,-95.22449,1351.6394,2319.01074,-130.99088,1576.36169,2449.34644,NA,NA,NA,46.80996,1508.00476,2378.1543,165.11826,1178.62415,2481.3396,NA,NA,NA,NA,NA,NA,-46.3861,1090.84399,2394.10498,NA,NA,NA,165.45811,1000.26166,2557.07788,-197.10059,875.86371,2066.10767,NA,NA,NA,-133.74611,1058.92151,2298.69775,NA,NA,NA,160.69745,503.7345,2366.95654,-102.1762,573.83606,2283.94189,276.48221,168.66528,2283.85132,-272.09653,227.21106,2422.79028
638,6.37,-259.60355,1412.6178,2401.32227,-102.70049,1352.0127,2323.40942,-137.76828,1576.37976,2453.27539,NA,NA,NA,40.26358,1508.07495,2380.82642,157.9493,1179.03796,2484.57764,NA,NA,NA,NA,NA,NA,-54.236,1090.09692,2399.22998,NA,NA,NA,161.00046,998.12561,2558.47485,-205.64259,874.43518,2070.67285,NA,NA,NA,-142.1246,1057.87341,2304.29834,NA,NA,NA,152.90608,503.57825,2376.20044,-114.57945,574.72455,2292.7998,271.18695,171.92006,2288.47681,-275.02081,222.46857,2427.83765
639,6.38,-266.73724,1412.07715,2405.66675,-109.90948,1351.87366,2327.14014,-143.80991,1575.87476,2456.01196,NA,NA,NA,33.75349,1508.00195,2382.97656,150.97841,1180.21777,2487.12671,NA,NA,NA,NA,NA,NA,-61.91862,1089.52136,2405.13281,NA,NA,NA,133.75768,927.2998,2458.34497,-213.23357,874.14886,2074.68188,NA,NA,NA,-150.03957,1057.07568,2308.86353,NA,NA,NA,146.12874,503.10986,2385.29883,-126.64838,576.14899,2301.10425,266.5257,173.70035,2290.49902,-278.23886,217.17488,2432.79297
640,6.39,-171.38889,1693.4646,2335.24268,-117.04713,1351.69043,2331.40088,-150.56969,1575.75671,2459.82275,NA,NA,NA,26.19976,1508.15649,2386.27319,144.19334,1180.16785,2490.11035,NA,NA,NA,NA,NA,NA,-69.18166,1089.02917,2409.41016,NA,NA,NA,127.48663,926.15845,2461.29688,-221.48566,872.57709,2081.625,NA,NA,NA,-157.51555,1057.60071,2313.41699,NA,NA,NA,138.82251,502.62518,2395.05127,-140.04791,578.56653,2306.61304,260.95325,177.29398,2295.32983,-281.43231,212.34671,2435.92139
641,6.4,-178.09053,1692.61389,2336.90674,-124.37854,1351.24316,2335.63501,-157.31602,1575.32581,2462.90991,NA,NA,NA,19.22194,1507.95691,2388.78833,137.39989,1180.80579,2492.46875,NA,NA,NA,NA,NA,NA,-76.56624,1089.15967,2413.67627,NA,NA,NA,121.01289,925.73309,2463.21045,-228.99475,871.42749,2083.48657,NA,NA,NA,-165.00699,1057.51648,2318.97266,NA,NA,NA,131.29723,502.57278,2405.82959,-153.026,579.88171,2311.06519,256.47302,179.53479,2299.53052,-282.6701,207.33174,2439.12793
642,6.41,-185.05583,1691.5603,2339.41602,-131.03543,1350.63098,2339.39673,-164.00148,1575.32178,2465.33691,NA,NA,NA,12.00899,1508.11487,2391.81665,130.41728,1180.66479,2495.20605,NA,NA,NA,NA,NA,NA,-82.77747,1088.7644,2417.41626,NA,NA,NA,115.21161,924.84955,2465.86475,-237.60698,870.24255,2087.81445,NA,NA,NA,-171.62663,1058.68616,2323.42334,NA,NA,NA,123.62242,502.27747,2416.82861,-165.3479,580.39978,2319.68359,251.55038,182.74861,2304.74365,-283.91724,201.65645,2441.02246
643,6.42,-192.25459,1691.02966,2342.1333,-137.97961,1350.33252,2342.72168,-170.8013,1575.38452,2468.11035,NA,NA,NA,4.51528,1508.45398,2395.44629,123.36127,1180.43323,2498.75317,NA,NA,NA,NA,NA,NA,-89.01894,1089.79724,2421.802,NA,NA,NA,142.28931,985.65143,2559.823,-246.41876,870.17542,2094.25049,NA,NA,NA,-178.76707,1059.46399,2327.33447,NA,NA,NA,115.39264,501.86166,2428.4353,-177.80377,580.57397,2323.15601,245.82129,186.61037,2311.24365,-285.37991,196.01974,2441.54761
644,6.43,-199.40581,1690.42139,2344.59521,-144.79427,1350.20642,2346.52612,-178.33939,1575.34143,2471.35425,NA,NA,NA,-2.3203,1508.55432,2398.75586,116.55343,1181.03613,2501.81323,NA,NA,NA,NA,NA,NA,-95.27769,1089.8158,2425.50562,NA,NA,NA,139.11665,983.80042,2561.27075,-253.5916,868.10638,2099.57568,NA,NA,NA,-185.17102,1059.22363,2331.22949,NA,NA,NA,107.0882,501.17633,2440.00439,-190.08241,581.69672,2324.83398,240.79681,189.73897,2316.97827,-286.59341,191.16591,2442.09937
645,6.44,-207.29337,1690.49768,2347.96436,-151.24434,1350.38708,2350.14404,-186.03697,1576.17529,2474.6416,NA,NA,NA,-9.37282,1509.25488,2402.49927,109.4632,1181.50781,2505.58276,NA,NA,NA,NA,NA,NA,-100.18919,1090.71582,2429.25098,NA,NA,NA,136.0845,981.3172,2561.34521,-263.013,868.82239,2102.62964,NA,NA,NA,-191.23279,1059.953,2336.52148,NA,NA,NA,98.91006,500.32254,2451.65356,-201.65324,580.8269,2333.82861,235.07483,192.84569,2324.55151,-285.78555,184.86606,2445.76294
646,6.45,-215.18692,1690.73865,2350.16699,-157.75771,1351.13818,2353.99146,-193.25964,1576.51367,2477.20483,NA,NA,NA,-16.19615,1509.97778,2406.31665,102.94965,1181.87341,2508.79712,NA,NA,NA,NA,NA,NA,-105.95792,1091.59375,2433.27515,NA,NA,NA,133.99585,979.93115,2561.948,-270.34619,868.74725,2108.49023,NA,NA,NA,-197.05374,1059.97791,2340.05811,NA,NA,NA,89.3995,500.48605,2463.5791,-212.78563,580.79565,2335.10107,228.78117,196.65089,2333.06909,-287.58588,181.71284,2440.23291
647,6.46,NA,NA,NA,-164.15344,1351.51587,2357.77832,-201.05779,1576.88098,2480.29272,NA,NA,NA,-22.93518,1510.97107,2409.85327,96.21165,1183.19934,2512.50366,NA,NA,NA,NA,NA,NA,-110.65429,1092.84241,2437.35791,NA,NA,NA,132.16206,977.79926,2562.33911,-279.02496,869.5957,2112.21948,NA,NA,NA,-202.34785,1060.62622,2345.00635,NA,NA,NA,79.8639,499.08054,2475.84741,-222.62485,581.79962,2336.41968,222.25903,200.30397,2341.31323,-287.51624,177.64059,2436.82422
648,6.47,NA,NA,NA,-170.74837,1352.54736,2361.3833,NA,NA,NA,NA,NA,NA,-29.95725,1512.19739,2413.9646,90.01343,1184.18298,2516.19287,NA,NA,NA,NA,NA,NA,-115.58306,1093.58386,2441.03662,NA,NA,NA,129.90378,977.50586,2563.29565,-286.15994,869.71729,2115.88647,NA,NA,NA,-207.62117,1060.38342,2348.54346,NA,NA,NA,68.84012,499.61423,2489.03662,-230.83929,583.36652,2335.17432,214.56844,203.76062,2350.99854,-287.05029,173.69884,2434.21411
649,6.48,NA,NA,NA,-176.61739,1353.06226,2364.15186,NA,NA,NA,NA,NA,NA,-36.66282,1513.64966,2417.91846,84.61277,1185.5238,2518.40356,NA,NA,NA,NA,NA,NA,-120.18822,1094.64465,2444.39575,NA,NA,NA,128.48586,976.81696,2563.19238,-293.82016,871.49622,2120.57202,NA,NA,NA,-213.13367,1061.77722,2354.37671,NA,NA,NA,59.2493,499.50284,2501.14453,-237.99657,584.35944,2339.24463,206.79173,206.94971,2359.98267,-286.24243,170.84724,2432.40918
650,6.49,NA,NA,NA,-183.29855,1354.97314,2368.10767,NA,NA,NA,NA,NA,NA,-43.13033,1515.26917,2421.34863,79.66571,1187.41614,2521.16895,NA,NA,NA,NA,NA,NA,-124.6357,1096.2804,2448.6521,NA,NA,NA,126.80892,977.6507,2563.86792,-300.8569,872.18073,2124.16455,NA,NA,NA,-217.98552,1062.83362,2357.15942,NA,NA,NA,48.36735,500.6427,2515.08276,-243.31677,587.08765,2333.91064,197.99832,211.00946,2369.94946,-284.48328,168.16302,2428.82178
651,6.5,NA,NA,NA,-189.30194,1355.8595,2371.68896,NA,NA,NA,NA,NA,NA,-50.21787,1517.15198,2425.85669,74.65615,1189.14075,2523.43164,NA,NA,NA,NA,NA,NA,-129.78862,1097.60999,2451.71216,NA,NA,NA,125.625,978.26978,2563.96484,-307.50092,874.56213,2130.34473,NA,NA,NA,-222.47141,1063.88428,2361.91724,NA,NA,NA,37.62766,502.4014,2528.35571,-247.60066,588.21552,2330.12964,188.25191,215.26143,2381.59863,NA,NA,NA
652,6.51,NA,NA,NA,-195.26938,1357.05896,2374.57227,NA,NA,NA,NA,NA,NA,-57.36763,1519.18481,2430.03369,70.33676,1190.98938,2525.81958,NA,NA,NA,NA,NA,NA,-134.26799,1099.59729,2455.0249,NA,NA,NA,123.78009,979.66254,2564.16553,-314.47729,877.95367,2135.1333,NA,NA,NA,-227.20343,1064.89197,2363.72168,NA,NA,NA,26.75082,504.0802,2541.09106,-250.45145,588.33185,2325.88745,177.54059,219.02017,2391.3999,NA,NA,NA
653,6.52,NA,NA,NA,-201.58034,1359.20154,2378.37427,NA,NA,NA,NA,NA,NA,-63.71548,1520.83899,2433.2356,66.11106,1192.79639,2527.2561,NA,NA,NA,NA,NA,NA,-138.85794,1101.27112,2457.20166,NA,NA,NA,121.6756,981.60883,2564.99658,-321.42099,880.39856,2138.75732,NA,NA,NA,-231.5761,1067.64673,2367.2417,NA,NA,NA,16.09782,507.13623,2553.46973,-252.0997,586.97278,2328.24341,167.19923,221.08574,2401.6875,NA,NA,NA
654,6.53,NA,NA,NA,-207.35301,1360.95764,2381.2356,NA,NA,NA,NA,NA,NA,-70.73677,1523.07886,2437.78564,61.91443,1195.35266,2529.56689,NA,NA,NA,NA,NA,NA,-143.26964,1102.80725,2459.625,NA,NA,NA,120.86584,983.67566,2564.39258,-327.83487,883.53198,2142.47559,NA,NA,NA,-235.87349,1068.91565,2368.15771,NA,NA,NA,6.39903,511.31552,2565.35693,-253.0851,587.133,2324.80298,155.54343,223.59293,2412.61353,NA,NA,NA
655,6.54,NA,NA,NA,-213.01051,1362.69385,2384.25537,NA,NA,NA,NA,NA,NA,-77.42422,1525.34753,2441.91113,57.86134,1198.13367,2531.32251,NA,NA,NA,NA,NA,NA,-148.42969,1104.86743,2462.16748,NA,NA,NA,119.03983,985.93054,2564.75269,-334.08081,886.97168,2147.30127,NA,NA,NA,-239.75629,1072.06738,2370.48486,NA,NA,NA,-2.54067,515.02167,2575.52539,-252.61359,587.6203,2313.46704,145.02254,225.34776,2422.54614,NA,NA,NA
656,6.55,NA,NA,NA,-218.62161,1364.06067,2387.05859,NA,NA,NA,NA,NA,NA,-84.23946,1527.0564,2445.96265,54.28916,1200.19519,2532.79712,NA,NA,NA,NA,NA,NA,-153.76086,1106.87695,2464.60181,NA,NA,NA,117.43412,989.00861,2565.75488,-340.21265,889.79901,2151.60327,NA,NA,NA,-244.02704,1073.91077,2371.04297,NA,NA,NA,-12.68864,519.27875,2586.73853,-253.02769,587.91772,2307.4895,133.51509,226.47333,2432.92725,NA,NA,NA
657,6.56,NA,NA,NA,-224.16866,1365.61194,2389.68726,NA,NA,NA,NA,NA,NA,-90.51833,1528.68237,2449.25659,49.87078,1203.56665,2535.78174,NA,NA,NA,NA,NA,NA,-158.90486,1108.7533,2466.31567,NA,NA,NA,116.7625,991.09589,2565.65356,-346.07755,893.1684,2155.06958,NA,NA,NA,-248.03633,1075.79041,2371.79199,NA,NA,NA,-22.24355,523.59052,2596.82788,-252.48586,587.78149,2305.35083,121.48248,228.95117,2445.69751,NA,NA,NA
658,6.57,NA,NA,NA,-229.7491,1366.94141,2392.13403,NA,NA,NA,NA,NA,NA,-97.25706,1530.41626,2453.66431,46.2867,1205.53027,2536.9104,NA,NA,NA,NA,NA,NA,-164.1064,1110.4563,2467.58496,NA,NA,NA,115.04112,993.50067,2566.96094,-351.97266,896.39606,2159.42456,NA,NA,NA,-251.87718,1078.2561,2372.67383,NA,NA,NA,-31.28036,527.10004,2604.54663,-252.06067,586.4812,2296.09229,109.07363,230.2796,2456.98535,NA,NA,NA
659,6.58,NA,NA,NA,-235.09613,1368.05981,2394.5022,NA,NA,NA,NA,NA,NA,-104.02083,1532.20496,2457.81885,42.08133,1207.92993,2540.05518,NA,NA,NA,NA,NA,NA,-169.50369,1111.93372,2469.06543,NA,NA,NA,113.71638,996.58594,2567.70728,-357.88559,899.80194,2164.26123,NA,NA,NA,-255.75565,1079.53564,2372.22437,NA,NA,NA,-41.60067,532.20313,2611.9458,-250.7538,586.27808,2293.05615,97.69713,231.15144,2470.00952,NA,NA,NA
660,6.59,NA,NA,NA,-240.47887,1369.2937,2396.58179,NA,NA,NA,NA,NA,NA,-110.29987,1533.47498,2460.91357,38.55074,1209.81348,2542.32275,NA,NA,NA,NA,NA,NA,-174.45103,1112.79163,2469.46362,NA,NA,NA,112.71029,998.36853,2568.44678,-363.45673,903.2702,2167.67773,NA,NA,NA,-260.15561,1081.58264,2372.45313,NA,NA,NA,-52.1124,536.61951,2619.1106,-249.66771,585.6377,2292.09521,84.86248,231.21951,2482.70508,NA,NA,NA
661,6.6,NA,NA,NA,-245.96834,1370.28455,2399.14868,NA,NA,NA,NA,NA,NA,-116.54939,1534.5238,2464.30176,34.81401,1211.57166,2544.427,NA,NA,NA,NA,NA,NA,-179.74248,1114.04517,2470.37817,NA,NA,NA,110.80437,1001.18481,2570.31079,-368.07156,905.73859,2171.5127,NA,NA,NA,-263.91354,1082.95557,2373.11328,NA,NA,NA,-62.22323,540.68146,2623.99194,-248.60866,585.8186,2291.04419,72.54762,231.72139,2496.7981,NA,NA,NA
662,6.61,NA,NA,NA,-251.25098,1371.05908,2400.91162,NA,NA,NA,NA,NA,NA,-122.88295,1535.42444,2467.74902,31.15214,1213.35364,2546.89307,NA,NA,NA,NA,NA,NA,-185.04718,1115.33374,2471.03296,NA,NA,NA,109.37685,1003.36395,2571.89648,-373.44788,908.87238,2175.03467,NA,NA,NA,-267.85522,1083.56812,2373.44702,NA,NA,NA,-72.11696,544.10986,2628.48267,-247.27815,585.45959,2289.51172,59.9981,230.17511,2509.21606,NA,NA,NA
663,6.62,NA,NA,NA,-256.36984,1371.61658,2402.69824,NA,NA,NA,NA,NA,NA,-128.6691,1535.74133,2470.58301,27.68725,1215.12439,2550.03589,NA,NA,NA,NA,NA,NA,-190.74449,1116.47253,2472.71631,NA,NA,NA,108.32365,1005.10388,2573.22461,-378.48438,911.93427,2179.97363,NA,NA,NA,-272.16806,1084.0896,2373.28809,NA,NA,NA,-82.04658,547.57068,2632.49707,-245.5414,586.41718,2287.50244,47.2126,228.27524,2524.00537,NA,NA,NA
664,6.63,NA,NA,NA,-261.51648,1371.89575,2404.09106,NA,NA,NA,NA,NA,NA,-134.85172,1536.67175,2473.57397,24.10311,1216.85376,2552.59375,NA,NA,NA,NA,NA,NA,-196.10048,1116.97144,2473.93018,NA,NA,NA,106.65724,1006.88574,2575.20581,-383.05475,914.12952,2182.37085,NA,NA,NA,-275.98303,1084.45117,2374.02563,NA,NA,NA,-91.75689,549.7757,2636.53564,-243.9583,586.72858,2285.76074,33.82556,225.9081,2537.98584,NA,NA,NA
665,6.64,NA,NA,NA,-266.74344,1372.55835,2405.4519,NA,NA,NA,NA,NA,NA,-140.5685,1537.45667,2476.08887,20.58663,1217.81592,2555.12915,NA,NA,NA,NA,NA,NA,-201.55045,1117.6665,2475.12964,NA,NA,NA,104.47419,1008.82935,2577.90503,-387.40326,916.2995,2186.63696,NA,NA,NA,-279.50018,1084.75183,2374.80029,NA,NA,NA,-100.73405,551.49023,2639.50781,-242.34729,586.56555,2283.12842,19.84822,222.42577,2551.97754,NA,NA,NA
666,6.65,NA,NA,NA,-271.61099,1372.81824,2406.6228,NA,NA,NA,NA,NA,NA,-145.65376,1538.01038,2477.9585,16.40245,1219.40833,2558.86865,NA,NA,NA,NA,NA,NA,-206.25037,1117.31775,2476.28296,NA,NA,NA,102.17059,1010.42267,2580.89185,-391.62961,918.54407,2189.51392,NA,NA,NA,-283.26233,1084.81873,2374.81079,NA,NA,NA,-109.51512,552.5531,2641.44556,-240.04515,586.22388,2282.38843,6.85015,218.80562,2566.12671,NA,NA,NA
667,6.66,NA,NA,NA,-276.00848,1373.18665,2407.32251,NA,NA,NA,NA,NA,NA,-151.01138,1538.05896,2480.38892,12.90115,1220.86377,2562.14844,NA,NA,NA,NA,NA,NA,-211.22064,1117.35352,2478.05347,NA,NA,NA,99.78922,1011.76764,2583.94971,-396.05157,920.05719,2193.6394,NA,NA,NA,-286.6438,1084.96497,2375.79175,NA,NA,NA,-117.73906,552.33728,2643.58325,-237.88353,586.73657,2279.83472,-6.50691,213.8465,2579.729,NA,NA,NA
668,6.67,NA,NA,NA,NA,NA,NA,NA,NA,NA,NA,NA,NA,-156.1201,1538.16541,2481.85913,8.88719,1221.57422,2565.17969,NA,NA,NA,NA,NA,NA,-216.41882,1117.71033,2480.56494,NA,NA,NA,97.58649,1012.1236,2586.9707,-399.47778,921.34003,2197.10913,NA,NA,NA,-290.2486,1084.79236,2376.7832,NA,NA,NA,-125.69234,552.03528,2644.57129,-235.75983,586.29578,2279.1355,-21.40443,209.02524,2593.87817,NA,NA,NA
669,6.68,NA,NA,NA,NA,NA,NA,NA,NA,NA,NA,NA,NA,-160.72554,1538.42566,2483.10571,4.5823,1222.16992,2568.01074,NA,NA,NA,NA,NA,NA,-220.34839,1117.17529,2481.63306,NA,NA,NA,94.82934,1013.25098,2590.59521,-403.16849,923.09979,2200.29224,NA,NA,NA,-294.08737,1086.05212,2378.70532,NA,NA,NA,-133.33578,550.59515,2645.57471,-233.82906,585.92981,2275.99048,-35.4547,202.83334,2606.98413,NA,NA,NA
670,6.69,NA,NA,NA,NA,NA,NA,NA,NA,NA,NA,NA,NA,-165.72992,1538.91125,2485.48608,0.41148,1223.42456,2571.23267,NA,NA,NA,NA,NA,NA,-225.14211,1117.87329,2484.11597,NA,NA,NA,90.91842,1015.04321,2595.04761,-406.12476,923.86011,2202.45654,NA,NA,NA,-297.36377,1085.23279,2380.11743,NA,NA,NA,-140.74123,549.40625,2645.1665,-231.98198,585.54358,2273.84766,-50.72933,198.10539,2621.12451,NA,NA,NA
671,6.7,NA,NA,NA,NA,NA,NA,NA,NA,NA,NA,NA,NA,-170.84969,1538.92163,2487.43799,-3.93381,1223.79724,2574.74097,NA,NA,NA,NA,NA,NA,-228.96147,1116.9696,2485.83374,NA,NA,NA,87.76894,1015.32532,2598.83301,-409.59363,925.55713,2205.72681,NA,NA,NA,-300.45245,1085.83289,2381.63208,NA,NA,NA,-147.87425,547.17908,2643.97046,-230.69785,585.74939,2272.33008,-65.94843,193.28615,2634.50464,NA,NA,NA
672,6.71,NA,NA,NA,NA,NA,NA,NA,NA,NA,NA,NA,NA,-176.16493,1538.99585,2489.08667,-8.92097,1224.52441,2577.78882,NA,NA,NA,NA,NA,NA,-233.0909,1117.11755,2487.25464,NA,NA,NA,83.52341,1016.26898,2603.97754,-412.41052,926.95099,2207.56226,NA,NA,NA,-303.77158,1085.51099,2383.00195,NA,NA,NA,-155.22629,545.25964,2642.34668,-229.76454,585.82733,2271.67847,-81.33809,189.1985,2646.76953,NA,NA,NA
673,6.72,NA,NA,NA,NA,NA,NA,NA,NA,NA,NA,NA,NA,-181.03848,1539.151,2491.08887,-13.81582,1225.4801,2582.28271,NA,NA,NA,NA,NA,NA,-237.62694,1116.90332,2489.698,NA,NA,NA,80.03819,1016.89374,2607.63599,-414.35052,927.68463,2209.16235,NA,NA,NA,-323.63049,1095.39282,2403.61768,NA,NA,NA,-162.53355,543.81744,2639.35278,-228.99969,585.28101,2272.45532,-98.4496,185.79008,2659.80835,NA,NA,NA
674,6.73,NA,NA,NA,NA,NA,NA,NA,NA,NA,NA,NA,NA,-185.69983,1539.48193,2492.97827,-18.98131,1225.55225,2585.75806,NA,NA,NA,NA,NA,NA,-241.65096,1116.67407,2490.83203,NA,NA,NA,75.50802,1016.9502,2612.56104,-415.96027,928.36511,2210.93457,NA,NA,NA,-324.16562,1095.29834,2402.19116,NA,NA,NA,-169.79619,542.24268,2635.24292,-228.84528,585.3584,2272.76392,NA,NA,NA,NA,NA,NA
675,6.74,NA,NA,NA,NA,NA,NA,NA,NA,NA,NA,NA,NA,-191.07814,1539.44153,2494.91113,-24.53682,1226.26611,2589.99951,NA,NA,NA,NA,NA,NA,-246.29787,1117.18115,2492.21729,NA,NA,NA,70.95638,1017.84106,2617.52979,-417.92441,929.69012,2213.67725,NA,NA,NA,-324.35498,1095.00232,2401.05225,NA,NA,NA,-177.64728,541.45837,2631.34058,-229.17645,586.53967,2274.74146,NA,NA,NA,NA,NA,NA
676,6.75,NA,NA,NA,NA,NA,NA,NA,NA,NA,NA,NA,NA,-196.12407,1539.33948,2496.17798,-30.24402,1227.04736,2594.52222,NA,NA,NA,NA,NA,NA,-250.78665,1117.11646,2493.42065,NA,NA,NA,65.57042,1018.40179,2623.0061,-419.22964,930.75836,2215.23877,NA,NA,NA,-324.34531,1095.08716,2399.64453,NA,NA,NA,-185.13455,540.08185,2626.2251,-228.97716,586.80103,2276.57983,NA,NA,NA,NA,NA,NA
677,6.76,NA,NA,NA,NA,NA,NA,NA,NA,NA,NA,NA,NA,-201.43346,1539.46191,2498.65479,-36.36743,1227.06592,2599.06982,NA,NA,NA,NA,NA,NA,-255.58893,1117.21326,2494.45557,NA,NA,NA,60.17782,1019.35309,2628.97925,-419.61517,931.20203,2215.63184,NA,NA,NA,-324.32492,1094.95654,2397.91675,NA,NA,NA,-193.11749,539.71985,2620.99146,-228.13396,586.22565,2282.19214,NA,NA,NA,NA,NA,NA
678,6.77,NA,NA,NA,NA,NA,NA,NA,NA,NA,NA,NA,NA,-206.6116,1539.4303,2501.07666,-42.27463,1227.55029,2603.95337,NA,NA,NA,NA,NA,NA,-260.45166,1117.29565,2495.36206,NA,NA,NA,54.28772,1020.0882,2634.90771,-419.81787,931.68756,2215.92847,NA,NA,NA,-323.72855,1095.0686,2395.76343,NA,NA,NA,-200.75558,539.87903,2616.05591,-228.08789,586.28558,2285.34375,NA,NA,NA,NA,NA,NA
679,6.78,NA,NA,NA,NA,NA,NA,NA,NA,NA,NA,NA,NA,NA,NA,NA,-48.92444,1227.74158,2608.82788,NA,NA,NA,NA,NA,NA,-265.06116,1116.78479,2495.66943,NA,NA,NA,48.33339,1019.71533,2640.80884,-419.62866,932.30408,2216.21606,NA,NA,NA,-322.0975,1095.16663,2392.94751,NA,NA,NA,-207.7283,540.90552,2612.65869,-228.37447,586.03162,2286.65942,NA,NA,NA,NA,NA,NA
680,6.79,NA,NA,NA,NA,NA,NA,NA,NA,NA,NA,NA,NA,NA,NA,NA,-55.64401,1227.78052,2614.08228,NA,NA,NA,NA,NA,NA,-270.32889,1116.93628,2496.69824,NA,NA,NA,41.23808,1020.04761,2647.59595,-419.16891,933.03442,2216.58008,NA,NA,NA,NA,NA,NA,NA,NA,NA,-213.92203,542.36206,2610.56299,-228.15485,585.30957,2290.03906,NA,NA,NA,NA,NA,NA
681,6.8,NA,NA,NA,NA,NA,NA,NA,NA,NA,NA,NA,NA,NA,NA,NA,-62.48305,1227.98169,2619.23804,NA,NA,NA,NA,NA,NA,-274.89096,1116.37866,2496.44263,NA,NA,NA,34.20407,1020.72498,2654.92261,-418.3291,933.66547,2216.61597,NA,NA,NA,NA,NA,NA,NA,NA,NA,-220.48654,543.56805,2611.28223,-228.45421,585.03125,2291.2688,NA,NA,NA,NA,NA,NA
682,6.81,NA,NA,NA,NA,NA,NA,NA,NA,NA,NA,NA,NA,NA,NA,NA,-69.54408,1227.08569,2624.0896,NA,NA,NA,NA,NA,NA,-279.80252,1116.20056,2496.5918,NA,NA,NA,26.37062,1020.7923,2661.92383,-416.45309,934.14832,2215.82129,NA,NA,NA,NA,NA,NA,NA,NA,NA,-227.52762,543.82135,2613.1355,-228.50565,584.27399,2293.00708,NA,NA,NA,NA,NA,NA
683,6.82,NA,NA,NA,NA,NA,NA,NA,NA,NA,NA,NA,NA,NA,NA,NA,-76.91646,1227.38574,2629.90405,NA,NA,NA,NA,NA,NA,-284.58163,1116.07446,2496.86646,NA,NA,NA,18.86782,1020.44446,2669.16577,-414.67621,934.71576,2215.02368,NA,NA,NA,NA,NA,NA,NA,NA,NA,-234.91919,544.20831,2616.17944,-228.70697,584.08875,2295.94604,NA,NA,NA,NA,NA,NA
684,6.83,NA,NA,NA,NA,NA,NA,NA,NA,NA,NA,NA,NA,NA,NA,NA,-84.61066,1227.27112,2635.13135,NA,NA,NA,NA,NA,NA,NA,NA,NA,NA,NA,NA,10.63287,1020.49194,2676.0647,-412.25546,937.07874,2206.74487,NA,NA,NA,NA,NA,NA,NA,NA,NA,-242.69211,543.91455,2619.4834,-230.06453,585.96912,2295.35083,NA,NA,NA,NA,NA,NA
685,6.84,NA,NA,NA,NA,NA,NA,NA,NA,NA,NA,NA,NA,NA,NA,NA,-92.70836,1226.90784,2639.90845,NA,NA,NA,NA,NA,NA,NA,NA,NA,NA,NA,NA,2.04158,1020.11743,2683.6355,-409.34128,934.34625,2211.99316,NA,NA,NA,NA,NA,NA,NA,NA,NA,-250.271,543.1424,2622.47876,-230.14807,586.72864,2296.58887,NA,NA,NA,NA,NA,NA
686,6.85,NA,NA,NA,NA,NA,NA,NA,NA,NA,NA,NA,NA,NA,NA,NA,-100.6235,1226.32153,2644.82007,NA,NA,NA,NA,NA,NA,NA,NA,NA,NA,NA,NA,-7.3512,1019.75995,2691.5105,-405.70578,934.24805,2209.90356,NA,NA,NA,NA,NA,NA,NA,NA,NA,-258.48581,542.91711,2626.21631,-229.99779,587.42163,2297.23291,NA,NA,NA,NA,NA,NA
687,6.86,NA,NA,NA,NA,NA,NA,NA,NA,NA,NA,NA,NA,NA,NA,NA,-109.84285,1226.93738,2650.96387,NA,NA,NA,NA,NA,NA,NA,NA,NA,NA,NA,NA,-17.21294,1019.68591,2699.66187,-402.23819,934.39392,2207.73022,NA,NA,NA,NA,NA,NA,NA,NA,NA,-266.83893,543.02533,2629.58911,-229.15469,587.77466,2298.63403,NA,NA,NA,NA,NA,NA
688,6.87,NA,NA,NA,NA,NA,NA,NA,NA,NA,NA,NA,NA,NA,NA,NA,-118.304,1226.5697,2655.77222,NA,NA,NA,NA,NA,NA,NA,NA,NA,NA,NA,NA,-27.37991,1019.50763,2707.16577,-397.87198,934.33167,2205.25732,NA,NA,NA,NA,NA,NA,NA,NA,NA,-275.65973,543.42194,2633.39795,-228.22412,588.44238,2299.94727,NA,NA,NA,NA,NA,NA
689,6.88,NA,NA,NA,NA,NA,NA,NA,NA,NA,NA,NA,NA,NA,NA,NA,-127.63168,1226.60925,2660.97437,NA,NA,NA,NA,NA,NA,NA,NA,NA,NA,NA,NA,-37.95158,1019.43878,2714.56274,-393.02176,934.10156,2203.68555,NA,NA,NA,NA,NA,NA,NA,NA,NA,-284.29086,543.65186,2636.13306,-227.41887,588.89508,2298.95581,NA,NA,NA,NA,NA,NA
690,6.89,NA,NA,NA,NA,NA,NA,NA,NA,NA,NA,NA,NA,NA,NA,NA,-136.91188,1225.84705,2666.29834,NA,NA,NA,NA,NA,NA,NA,NA,NA,NA,NA,NA,-49.0902,1018.91986,2721.86328,-387.91595,934.46045,2199.28589,NA,NA,NA,NA,NA,NA,NA,NA,NA,-293.65417,544.31226,2639.87598,-226.64638,589.5293,2297.7688,NA,NA,NA,NA,NA,NA
691,6.9,NA,NA,NA,NA,NA,NA,NA,NA,NA,NA,NA,NA,NA,NA,NA,-146.61255,1226.01453,2671.5459,NA,NA,NA,NA,NA,NA,NA,NA,NA,NA,NA,NA,-61.09479,1018.98181,2730.23657,-382.26846,933.23743,2196.19312,NA,NA,NA,NA,NA,NA,NA,NA,NA,-303.36621,544.91571,2643.54785,-225.59933,589.48187,2297.1167,NA,NA,NA,NA,NA,NA
692,6.91,NA,NA,NA,NA,NA,NA,NA,NA,NA,NA,NA,NA,NA,NA,NA,-156.6852,1226.27173,2677.40039,NA,NA,NA,NA,NA,NA,NA,NA,NA,NA,NA,NA,-72.71809,1018.40686,2736.99609,-376.44003,932.72729,2192.35669,NA,NA,NA,NA,NA,NA,NA,NA,NA,-313.23355,545.46118,2645.77026,-224.46216,589.88507,2295.89624,NA,NA,NA,NA,NA,NA
693,6.92,NA,NA,NA,NA,NA,NA,NA,NA,NA,NA,NA,NA,NA,NA,NA,NA,NA,NA,NA,NA,NA,NA,NA,NA,NA,NA,NA,NA,NA,NA,-85.47849,1018.77777,2744.05444,-369.53751,931.63812,2191.10059,NA,NA,NA,NA,NA,NA,NA,NA,NA,-322.383,545.32117,2648.00244,-223.08989,590.29199,2294.07251,NA,NA,NA,NA,NA,NA
694,6.93,NA,NA,NA,NA,NA,NA,NA,NA,NA,NA,NA,NA,NA,NA,NA,NA,NA,NA,NA,NA,NA,NA,NA,NA,NA,NA,NA,NA,NA,NA,-98.39836,1018.67358,2751.33032,-362.44339,932.50378,2184.87598,NA,NA,NA,NA,NA,NA,NA,NA,NA,-331.71829,545.61255,2649.47168,-220.68733,590.02832,2293.89844,NA,NA,NA,NA,NA,NA
695,6.94,NA,NA,NA,NA,NA,NA,NA,NA,NA,NA,NA,NA,NA,NA,NA,NA,NA,NA,NA,NA,NA,NA,NA,NA,NA,NA,NA,NA,NA,NA,-111.92152,1017.97583,2758.27051,-355.57834,932.29126,2180.40161,NA,NA,NA,NA,NA,NA,NA,NA,NA,-341.14282,546.25208,2650.71362,-218.27516,589.12805,2296.99243,NA,NA,NA,NA,NA,NA
696,6.95,NA,NA,NA,NA,NA,NA,NA,NA,NA,NA,NA,NA,NA,NA,NA,NA,NA,NA,NA,NA,NA,NA,NA,NA,NA,NA,NA,NA,NA,NA,-125.79812,1018.07324,2765.37671,-347.86258,931.74963,2175.52368,NA,NA,NA,NA,NA,NA,NA,NA,NA,-349.7261,545.46356,2650.80566,NA,NA,NA,NA,NA,NA,NA,NA,NA
697,6.96,NA,NA,NA,NA,NA,NA,NA,NA,NA,NA,NA,NA,NA,NA,NA,NA,NA,NA,NA,NA,NA,NA,NA,NA,NA,NA,NA,NA,NA,NA,-139.51796,1017.15277,2771.4397,-340.11679,931.60974,2171.84155,NA,NA,NA,NA,NA,NA,NA,NA,NA,-358.95834,545.18799,2650.39453,NA,NA,NA,NA,NA,NA,NA,NA,NA
698,6.97,NA,NA,NA,NA,NA,NA,NA,NA,NA,NA,NA,NA,NA,NA,NA,NA,NA,NA,NA,NA,NA,NA,NA,NA,NA,NA,NA,NA,NA,NA,-155.03175,1017.50702,2778.43457,-331.48984,932.14203,2166.47266,NA,NA,NA,NA,NA,NA,NA,NA,NA,-368.41312,544.88885,2650.58032,NA,NA,NA,NA,NA,NA,NA,NA,NA
699,6.98,NA,NA,NA,NA,NA,NA,NA,NA,NA,NA,NA,NA,NA,NA,NA,NA,NA,NA,NA,NA,NA,NA,NA,NA,NA,NA,NA,NA,NA,NA,-169.60481,1016.65747,2784.271,-323.18387,932.14777,2162.01611,NA,NA,NA,NA,NA,NA,NA,NA,NA,-376.57138,543.61334,2648.80298,NA,NA,NA,NA,NA,NA,NA,NA,NA
700,6.99,NA,NA,NA,NA,NA,NA,NA,NA,NA,NA,NA,NA,NA,NA,NA,NA,NA,NA,NA,NA,NA,NA,NA,NA,NA,NA,NA,NA,NA,NA,-185.48125,1016.44629,2790.40454,-313.94357,932.07007,2156.27905,NA,NA,NA,NA,NA,NA,NA,NA,NA,-386.08072,543.41321,2648.13672,NA,NA,NA,NA,NA,NA,NA,NA,NA
701,7,NA,NA,NA,NA,NA,NA,NA,NA,NA,NA,NA,NA,NA,NA,NA,NA,NA,NA,NA,NA,NA,NA,NA,NA,NA,NA,NA,NA,NA,NA,-201.20413,1015.65973,2795.43359,-303.5257,932.11823,2151.55273,NA,NA,NA,NA,NA,NA,NA,NA,NA,-394.74768,542.53888,2646.07935,NA,NA,NA,NA,NA,NA,NA,NA,NA
702,7.01,NA,NA,NA,NA,NA,NA,NA,NA,NA,NA,NA,NA,NA,NA,NA,NA,NA,NA,NA,NA,NA,NA,NA,NA,NA,NA,NA,NA,NA,NA,-217.1076,1014.69739,2800.43457,NA,NA,NA,NA,NA,NA,NA,NA,NA,NA,NA,NA,-403.30667,540.69879,2643.62842,NA,NA,NA,NA,NA,NA,NA,NA,NA
703,7.02,NA,NA,NA,NA,NA,NA,NA,NA,NA,NA,NA,NA,NA,NA,NA,NA,NA,NA,NA,NA,NA,NA,NA,NA,NA,NA,NA,NA,NA,NA,-233.76202,1014.51276,2805.39722,NA,NA,NA,NA,NA,NA,NA,NA,NA,NA,NA,NA,-412.14926,539.83881,2641.1582,NA,NA,NA,NA,NA,NA,NA,NA,NA
704,7.03,NA,NA,NA,NA,NA,NA,NA,NA,NA,NA,NA,NA,NA,NA,NA,NA,NA,NA,NA,NA,NA,NA,NA,NA,NA,NA,NA,NA,NA,NA,-250.60156,1014.08801,2810.23584,NA,NA,NA,NA,NA,NA,NA,NA,NA,NA,NA,NA,-420.4574,538.31293,2638.2334,NA,NA,NA,NA,NA,NA,NA,NA,NA
705,7.04,NA,NA,NA,NA,NA,NA,NA,NA,NA,NA,NA,NA,NA,NA,NA,NA,NA,NA,NA,NA,NA,NA,NA,NA,NA,NA,NA,NA,NA,NA,NA,NA,NA,NA,NA,NA,NA,NA,NA,NA,NA,NA,NA,NA,NA,-428.38174,536.49591,2635.19336,NA,NA,NA,NA,NA,NA,NA,NA,NA
706,7.05,NA,NA,NA,NA,NA,NA,NA,NA,NA,NA,NA,NA,NA,NA,NA,NA,NA,NA,NA,NA,NA,NA,NA,NA,NA,NA,NA,NA,NA,NA,NA,NA,NA,NA,NA,NA,NA,NA,NA,NA,NA,NA,NA,NA,NA,-435.88519,534.92828,2631.92065,NA,NA,NA,NA,NA,NA,NA,NA,NA
707,7.06,NA,NA,NA,NA,NA,NA,NA,NA,NA,NA,NA,NA,NA,NA,NA,NA,NA,NA,NA,NA,NA,NA,NA,NA,NA,NA,NA,NA,NA,NA,NA,NA,NA,NA,NA,NA,NA,NA,NA,NA,NA,NA,NA,NA,NA,-443.35205,533.48584,2628.72412,NA,NA,NA,NA,NA,NA,NA,NA,NA
708,7.07,NA,NA,NA,NA,NA,NA,NA,NA,NA,NA,NA,NA,NA,NA,NA,NA,NA,NA,NA,NA,NA,NA,NA,NA,NA,NA,NA,NA,NA,NA,NA,NA,NA,NA,NA,NA,NA,NA,NA,NA,NA,NA,NA,NA,NA,NA,NA,NA,NA,NA,NA,NA,NA,NA,NA,NA,NA
709,7.08,NA,NA,NA,NA,NA,NA,NA,NA,NA,NA,NA,NA,NA,NA,NA,NA,NA,NA,NA,NA,NA,NA,NA,NA,NA,NA,NA,NA,NA,NA,NA,NA,NA,NA,NA,NA,NA,NA,NA,NA,NA,NA,NA,NA,NA,NA,NA,NA,NA,NA,NA,NA,NA,NA,NA,NA,NA
710,7.09,NA,NA,NA,NA,NA,NA,NA,NA,NA,NA,NA,NA,NA,NA,NA,NA,NA,NA,NA,NA,NA,NA,NA,NA,NA,NA,NA,NA,NA,NA,NA,NA,NA,NA,NA,NA,NA,NA,NA,NA,NA,NA,NA,NA,NA,NA,NA,NA,NA,NA,NA,NA,NA,NA,NA,NA,NA
711,7.1,NA,NA,NA,NA,NA,NA,NA,NA,NA,NA,NA,NA,NA,NA,NA,NA,NA,NA,NA,NA,NA,NA,NA,NA,NA,NA,NA,NA,NA,NA,NA,NA,NA,NA,NA,NA,NA,NA,NA,NA,NA,NA,NA,NA,NA,NA,NA,NA,NA,NA,NA,NA,NA,NA,NA,NA,NA
712,7.11,NA,NA,NA,NA,NA,NA,NA,NA,NA,NA,NA,NA,NA,NA,NA,NA,NA,NA,NA,NA,NA,NA,NA,NA,NA,NA,NA,NA,NA,NA,NA,NA,NA,NA,NA,NA,NA,NA,NA,NA,NA,NA,NA,NA,NA,NA,NA,NA,NA,NA,NA,NA,NA,NA,NA,NA,NA
713,7.12,NA,NA,NA,NA,NA,NA,NA,NA,NA,NA,NA,NA,NA,NA,NA,NA,NA,NA,NA,NA,NA,NA,NA,NA,NA,NA,NA,NA,NA,NA,NA,NA,NA,NA,NA,NA,NA,NA,NA,NA,NA,NA,NA,NA,NA,NA,NA,NA,NA,NA,NA,NA,NA,NA,NA,NA,NA
714,7.13,NA,NA,NA,NA,NA,NA,NA,NA,NA,NA,NA,NA,NA,NA,NA,NA,NA,NA,NA,NA,NA,NA,NA,NA,NA,NA,NA,NA,NA,NA,NA,NA,NA,NA,NA,NA,NA,NA,NA,NA,NA,NA,NA,NA,NA,NA,NA,NA,NA,NA,NA,NA,NA,NA,NA,NA,NA
715,7.14,NA,NA,NA,NA,NA,NA,NA,NA,NA,NA,NA,NA,NA,NA,NA,NA,NA,NA,NA,NA,NA,NA,NA,NA,NA,NA,NA,NA,NA,NA,NA,NA,NA,NA,NA,NA,NA,NA,NA,NA,NA,NA,NA,NA,NA,NA,NA,NA,NA,NA,NA,NA,NA,NA,NA,NA,NA
716,7.15,NA,NA,NA,NA,NA,NA,NA,NA,NA,NA,NA,NA,NA,NA,NA,NA,NA,NA,NA,NA,NA,NA,NA,NA,NA,NA,NA,NA,NA,NA,NA,NA,NA,NA,NA,NA,NA,NA,NA,NA,NA,NA,NA,NA,NA,NA,NA,NA,NA,NA,NA,NA,NA,NA,NA,NA,NA
717,7.16,NA,NA,NA,NA,NA,NA,NA,NA,NA,NA,NA,NA,NA,NA,NA,NA,NA,NA,NA,NA,NA,NA,NA,NA,NA,NA,NA,NA,NA,NA,NA,NA,NA,NA,NA,NA,NA,NA,NA,NA,NA,NA,NA,NA,NA,NA,NA,NA,NA,NA,NA,NA,NA,NA,NA,NA,NA
718,7.17,NA,NA,NA,NA,NA,NA,NA,NA,NA,NA,NA,NA,NA,NA,NA,NA,NA,NA,NA,NA,NA,NA,NA,NA,NA,NA,NA,NA,NA,NA,NA,NA,NA,NA,NA,NA,NA,NA,NA,NA,NA,NA,NA,NA,NA,NA,NA,NA,NA,NA,NA,NA,NA,NA,NA,NA,NA
719,7.18,NA,NA,NA,NA,NA,NA,NA,NA,NA,NA,NA,NA,NA,NA,NA,NA,NA,NA,NA,NA,NA,NA,NA,NA,NA,NA,NA,NA,NA,NA,NA,NA,NA,NA,NA,NA,NA,NA,NA,NA,NA,NA,NA,NA,NA,NA,NA,NA,NA,NA,NA,NA,NA,NA,NA,NA,NA
720,7.19,NA,NA,NA,NA,NA,NA,NA,NA,NA,NA,NA,NA,NA,NA,NA,NA,NA,NA,NA,NA,NA,NA,NA,NA,NA,NA,NA,NA,NA,NA,NA,NA,NA,NA,NA,NA,NA,NA,NA,NA,NA,NA,NA,NA,NA,NA,NA,NA,NA,NA,NA,NA,NA,NA,NA,NA,NA
721,7.2,NA,NA,NA,NA,NA,NA,NA,NA,NA,NA,NA,NA,NA,NA,NA,NA,NA,NA,NA,NA,NA,NA,NA,NA,NA,NA,NA,NA,NA,NA,NA,NA,NA,NA,NA,NA,NA,NA,NA,NA,NA,NA,NA,NA,NA,NA,NA,NA,NA,NA,NA,NA,NA,NA,NA,NA,NA
722,7.21,NA,NA,NA,NA,NA,NA,NA,NA,NA,NA,NA,NA,NA,NA,NA,NA,NA,NA,NA,NA,NA,NA,NA,NA,NA,NA,NA,NA,NA,NA,NA,NA,NA,NA,NA,NA,NA,NA,NA,NA,NA,NA,NA,NA,NA,NA,NA,NA,NA,NA,NA,NA,NA,NA,NA,NA,NA
723,7.22,NA,NA,NA,NA,NA,NA,NA,NA,NA,NA,NA,NA,NA,NA,NA,NA,NA,NA,NA,NA,NA,NA,NA,NA,NA,NA,NA,NA,NA,NA,NA,NA,NA,NA,NA,NA,NA,NA,NA,NA,NA,NA,NA,NA,NA,NA,NA,NA,NA,NA,NA,NA,NA,NA,NA,NA,NA
724,7.23,NA,NA,NA,NA,NA,NA,NA,NA,NA,NA,NA,NA,NA,NA,NA,NA,NA,NA,NA,NA,NA,NA,NA,NA,NA,NA,NA,NA,NA,NA,NA,NA,NA,NA,NA,NA,NA,NA,NA,NA,NA,NA,NA,NA,NA,NA,NA,NA,NA,NA,NA,NA,NA,NA,NA,NA,NA
725,7.24,NA,NA,NA,NA,NA,NA,NA,NA,NA,NA,NA,NA,NA,NA,NA,NA,NA,NA,NA,NA,NA,NA,NA,NA,NA,NA,NA,NA,NA,NA,NA,NA,NA,NA,NA,NA,NA,NA,NA,NA,NA,NA,NA,NA,NA,NA,NA,NA,NA,NA,NA,NA,NA,NA,NA,NA,NA
726,7.25,NA,NA,NA,NA,NA,NA,NA,NA,NA,NA,NA,NA,NA,NA,NA,NA,NA,NA,NA,NA,NA,NA,NA,NA,NA,NA,NA,NA,NA,NA,NA,NA,NA,NA,NA,NA,NA,NA,NA,NA,NA,NA,NA,NA,NA,NA,NA,NA,NA,NA,NA,NA,NA,NA,NA,NA,NA
727,7.26,NA,NA,NA,NA,NA,NA,NA,NA,NA,NA,NA,NA,NA,NA,NA,NA,NA,NA,NA,NA,NA,NA,NA,NA,NA,NA,NA,NA,NA,NA,NA,NA,NA,NA,NA,NA,NA,NA,NA,NA,NA,NA,NA,NA,NA,NA,NA,NA,NA,NA,NA,NA,NA,NA,NA,NA,NA
728,7.27,NA,NA,NA,NA,NA,NA,NA,NA,NA,NA,NA,NA,NA,NA,NA,NA,NA,NA,NA,NA,NA,NA,NA,NA,NA,NA,NA,NA,NA,NA,NA,NA,NA,NA,NA,NA,NA,NA,NA,NA,NA,NA,NA,NA,NA,NA,NA,NA,NA,NA,NA,NA,NA,NA,NA,NA,NA
729,7.28,NA,NA,NA,NA,NA,NA,NA,NA,NA,NA,NA,NA,NA,NA,NA,NA,NA,NA,NA,NA,NA,NA,NA,NA,NA,NA,NA,NA,NA,NA,NA,NA,NA,NA,NA,NA,NA,NA,NA,NA,NA,NA,NA,NA,NA,NA,NA,NA,NA,NA,NA,NA,NA,NA,NA,NA,NA
730,7.29,NA,NA,NA,NA,NA,NA,NA,NA,NA,NA,NA,NA,NA,NA,NA,NA,NA,NA,NA,NA,NA,NA,NA,NA,NA,NA,NA,NA,NA,NA,NA,NA,NA,NA,NA,NA,NA,NA,NA,NA,NA,NA,NA,NA,NA,NA,NA,NA,NA,NA,NA,NA,NA,NA,NA,NA,NA
731,7.3,NA,NA,NA,NA,NA,NA,NA,NA,NA,NA,NA,NA,NA,NA,NA,NA,NA,NA,NA,NA,NA,NA,NA,NA,NA,NA,NA,NA,NA,NA,NA,NA,NA,NA,NA,NA,NA,NA,NA,NA,NA,NA,NA,NA,NA,NA,NA,NA,NA,NA,NA,NA,NA,NA,NA,NA,NA
732,7.31,NA,NA,NA,NA,NA,NA,NA,NA,NA,NA,NA,NA,NA,NA,NA,NA,NA,NA,NA,NA,NA,NA,NA,NA,NA,NA,NA,NA,NA,NA,NA,NA,NA,NA,NA,NA,NA,NA,NA,NA,NA,NA,NA,NA,NA,NA,NA,NA,NA,NA,NA,NA,NA,NA,NA,NA,NA
733,7.32,NA,NA,NA,NA,NA,NA,NA,NA,NA,NA,NA,NA,NA,NA,NA,NA,NA,NA,NA,NA,NA,NA,NA,NA,NA,NA,NA,NA,NA,NA,NA,NA,NA,NA,NA,NA,NA,NA,NA,NA,NA,NA,NA,NA,NA,NA,NA,NA,NA,NA,NA,NA,NA,NA,NA,NA,NA
734,7.33,NA,NA,NA,NA,NA,NA,NA,NA,NA,NA,NA,NA,NA,NA,NA,NA,NA,NA,NA,NA,NA,NA,NA,NA,NA,NA,NA,NA,NA,NA,NA,NA,NA,NA,NA,NA,NA,NA,NA,NA,NA,NA,NA,NA,NA,NA,NA,NA,NA,NA,NA,NA,NA,NA,NA,NA,NA
735,7.34,NA,NA,NA,NA,NA,NA,NA,NA,NA,NA,NA,NA,NA,NA,NA,NA,NA,NA,NA,NA,NA,NA,NA,NA,NA,NA,NA,NA,NA,NA,NA,NA,NA,NA,NA,NA,NA,NA,NA,NA,NA,NA,NA,NA,NA,NA,NA,NA,NA,NA,NA,NA,NA,NA,NA,NA,NA
736,7.35,NA,NA,NA,NA,NA,NA,NA,NA,NA,NA,NA,NA,NA,NA,NA,NA,NA,NA,NA,NA,NA,NA,NA,NA,NA,NA,NA,NA,NA,NA,NA,NA,NA,NA,NA,NA,NA,NA,NA,NA,NA,NA,NA,NA,NA,NA,NA,NA,NA,NA,NA,NA,NA,NA,NA,NA,NA
737,7.36,NA,NA,NA,NA,NA,NA,NA,NA,NA,NA,NA,NA,NA,NA,NA,NA,NA,NA,NA,NA,NA,NA,NA,NA,NA,NA,NA,NA,NA,NA,NA,NA,NA,NA,NA,NA,NA,NA,NA,NA,NA,NA,NA,NA,NA,NA,NA,NA,NA,NA,NA,NA,NA,NA,NA,NA,NA
738,7.37,NA,NA,NA,NA,NA,NA,NA,NA,NA,NA,NA,NA,NA,NA,NA,NA,NA,NA,NA,NA,NA,NA,NA,NA,NA,NA,NA,NA,NA,NA,NA,NA,NA,NA,NA,NA,NA,NA,NA,NA,NA,NA,NA,NA,NA,NA,NA,NA,NA,NA,NA,NA,NA,NA,NA,NA,NA
739,7.38,NA,NA,NA,NA,NA,NA,NA,NA,NA,NA,NA,NA,NA,NA,NA,NA,NA,NA,NA,NA,NA,NA,NA,NA,NA,NA,NA,NA,NA,NA,NA,NA,NA,NA,NA,NA,NA,NA,NA,NA,NA,NA,NA,NA,NA,NA,NA,NA,NA,NA,NA,NA,NA,NA,NA,NA,NA
740,7.39,NA,NA,NA,NA,NA,NA,NA,NA,NA,NA,NA,NA,NA,NA,NA,NA,NA,NA,NA,NA,NA,NA,NA,NA,NA,NA,NA,NA,NA,NA,NA,NA,NA,NA,NA,NA,NA,NA,NA,NA,NA,NA,NA,NA,NA,NA,NA,NA,NA,NA,NA,NA,NA,NA,NA,NA,NA
741,7.4,NA,NA,NA,NA,NA,NA,NA,NA,NA,NA,NA,NA,NA,NA,NA,NA,NA,NA,NA,NA,NA,NA,NA,NA,NA,NA,NA,NA,NA,NA,NA,NA,NA,NA,NA,NA,NA,NA,NA,NA,NA,NA,NA,NA,NA,NA,NA,NA,NA,NA,NA,NA,NA,NA,NA,NA,NA
742,7.41,NA,NA,NA,NA,NA,NA,NA,NA,NA,NA,NA,NA,NA,NA,NA,NA,NA,NA,NA,NA,NA,NA,NA,NA,NA,NA,NA,NA,NA,NA,NA,NA,NA,NA,NA,NA,NA,NA,NA,NA,NA,NA,NA,NA,NA,NA,NA,NA,NA,NA,NA,NA,NA,NA,NA,NA,NA
743,7.42,NA,NA,NA,NA,NA,NA,NA,NA,NA,NA,NA,NA,NA,NA,NA,NA,NA,NA,NA,NA,NA,NA,NA,NA,NA,NA,NA,NA,NA,NA,NA,NA,NA,NA,NA,NA,NA,NA,NA,NA,NA,NA,NA,NA,NA,NA,NA,NA,NA,NA,NA,NA,NA,NA,NA,NA,NA
744,7.43,NA,NA,NA,NA,NA,NA,NA,NA,NA,NA,NA,NA,NA,NA,NA,NA,NA,NA,NA,NA,NA,NA,NA,NA,NA,NA,NA,NA,NA,NA,NA,NA,NA,NA,NA,NA,NA,NA,NA,NA,NA,NA,NA,NA,NA,NA,NA,NA,NA,NA,NA,NA,NA,NA,NA,NA,NA
745,7.44,NA,NA,NA,NA,NA,NA,NA,NA,NA,NA,NA,NA,NA,NA,NA,NA,NA,NA,NA,NA,NA,NA,NA,NA,NA,NA,NA,NA,NA,NA,NA,NA,NA,NA,NA,NA,NA,NA,NA,NA,NA,NA,NA,NA,NA,NA,NA,NA,NA,NA,NA,NA,NA,NA,NA,NA,NA
746,7.45,NA,NA,NA,NA,NA,NA,NA,NA,NA,NA,NA,NA,NA,NA,NA,NA,NA,NA,NA,NA,NA,NA,NA,NA,NA,NA,NA,NA,NA,NA,NA,NA,NA,NA,NA,NA,NA,NA,NA,NA,NA,NA,NA,NA,NA,NA,NA,NA,NA,NA,NA,NA,NA,NA,NA,NA,NA
747,7.46,NA,NA,NA,NA,NA,NA,NA,NA,NA,NA,NA,NA,NA,NA,NA,NA,NA,NA,NA,NA,NA,NA,NA,NA,NA,NA,NA,NA,NA,NA,NA,NA,NA,NA,NA,NA,NA,NA,NA,NA,NA,NA,NA,NA,NA,NA,NA,NA,NA,NA,NA,NA,NA,NA,NA,NA,NA
748,7.47,NA,NA,NA,NA,NA,NA,NA,NA,NA,NA,NA,NA,NA,NA,NA,NA,NA,NA,NA,NA,NA,NA,NA,NA,NA,NA,NA,NA,NA,NA,NA,NA,NA,NA,NA,NA,NA,NA,NA,NA,NA,NA,NA,NA,NA,NA,NA,NA,NA,NA,NA,NA,NA,NA,NA,NA,NA
749,7.48,NA,NA,NA,NA,NA,NA,NA,NA,NA,NA,NA,NA,NA,NA,NA,NA,NA,NA,NA,NA,NA,NA,NA,NA,NA,NA,NA,NA,NA,NA,NA,NA,NA,NA,NA,NA,NA,NA,NA,NA,NA,NA,NA,NA,NA,NA,NA,NA,NA,NA,NA,NA,NA,NA,NA,NA,NA
750,7.49,NA,NA,NA,NA,NA,NA,NA,NA,NA,NA,NA,NA,NA,NA,NA,NA,NA,NA,NA,NA,NA,NA,NA,NA,NA,NA,NA,NA,NA,NA,NA,NA,NA,NA,NA,NA,NA,NA,NA,NA,NA,NA,NA,NA,NA,NA,NA,NA,NA,NA,NA,NA,NA,NA,NA,NA,NA
751,7.5,NA,NA,NA,NA,NA,NA,NA,NA,NA,NA,NA,NA,NA,NA,NA,NA,NA,NA,NA,NA,NA,NA,NA,NA,NA,NA,NA,NA,NA,NA,NA,NA,NA,NA,NA,NA,NA,NA,NA,NA,NA,NA,NA,NA,NA,NA,NA,NA,NA,NA,NA,NA,NA,NA,NA,NA,NA
752,7.51,NA,NA,NA,NA,NA,NA,NA,NA,NA,NA,NA,NA,NA,NA,NA,NA,NA,NA,NA,NA,NA,NA,NA,NA,NA,NA,NA,NA,NA,NA,NA,NA,NA,NA,NA,NA,NA,NA,NA,NA,NA,NA,NA,NA,NA,NA,NA,NA,NA,NA,NA,NA,NA,NA,NA,NA,NA
753,7.52,NA,NA,NA,NA,NA,NA,NA,NA,NA,NA,NA,NA,NA,NA,NA,NA,NA,NA,NA,NA,NA,NA,NA,NA,NA,NA,NA,NA,NA,NA,NA,NA,NA,NA,NA,NA,NA,NA,NA,NA,NA,NA,NA,NA,NA,NA,NA,NA,NA,NA,NA,NA,NA,NA,NA,NA,NA
754,7.53,NA,NA,NA,NA,NA,NA,NA,NA,NA,NA,NA,NA,NA,NA,NA,NA,NA,NA,NA,NA,NA,NA,NA,NA,NA,NA,NA,NA,NA,NA,NA,NA,NA,NA,NA,NA,NA,NA,NA,NA,NA,NA,NA,NA,NA,NA,NA,NA,NA,NA,NA,NA,NA,NA,NA,NA,NA
755,7.54,NA,NA,NA,NA,NA,NA,NA,NA,NA,NA,NA,NA,NA,NA,NA,NA,NA,NA,NA,NA,NA,NA,NA,NA,NA,NA,NA,NA,NA,NA,NA,NA,NA,NA,NA,NA,NA,NA,NA,NA,NA,NA,NA,NA,NA,NA,NA,NA,NA,NA,NA,NA,NA,NA,NA,NA,NA
756,7.55,NA,NA,NA,NA,NA,NA,NA,NA,NA,NA,NA,NA,NA,NA,NA,NA,NA,NA,NA,NA,NA,NA,NA,NA,NA,NA,NA,NA,NA,NA,NA,NA,NA,NA,NA,NA,NA,NA,NA,NA,NA,NA,NA,NA,NA,NA,NA,NA,NA,NA,NA,NA,NA,NA,NA,NA,NA
757,7.56,NA,NA,NA,NA,NA,NA,NA,NA,NA,NA,NA,NA,NA,NA,NA,NA,NA,NA,NA,NA,NA,NA,NA,NA,NA,NA,NA,NA,NA,NA,NA,NA,NA,NA,NA,NA,NA,NA,NA,NA,NA,NA,NA,NA,NA,NA,NA,NA,NA,NA,NA,NA,NA,NA,NA,NA,NA
758,7.57,NA,NA,NA,NA,NA,NA,NA,NA,NA,NA,NA,NA,NA,NA,NA,NA,NA,NA,NA,NA,NA,NA,NA,NA,NA,NA,NA,NA,NA,NA,NA,NA,NA,NA,NA,NA,NA,NA,NA,NA,NA,NA,NA,NA,NA,NA,NA,NA,NA,NA,NA,NA,NA,NA,NA,NA,NA
759,7.58,NA,NA,NA,NA,NA,NA,NA,NA,NA,NA,NA,NA,NA,NA,NA,NA,NA,NA,NA,NA,NA,NA,NA,NA,NA,NA,NA,NA,NA,NA,NA,NA,NA,NA,NA,NA,NA,NA,NA,NA,NA,NA,NA,NA,NA,NA,NA,NA,NA,NA,NA,NA,NA,NA,NA,NA,NA
760,7.59,NA,NA,NA,NA,NA,NA,NA,NA,NA,NA,NA,NA,NA,NA,NA,NA,NA,NA,NA,NA,NA,NA,NA,NA,NA,NA,NA,NA,NA,NA,NA,NA,NA,NA,NA,NA,NA,NA,NA,NA,NA,NA,NA,NA,NA,NA,NA,NA,NA,NA,NA,NA,NA,NA,NA,NA,NA
761,7.6,NA,NA,NA,NA,NA,NA,NA,NA,NA,NA,NA,NA,NA,NA,NA,NA,NA,NA,NA,NA,NA,NA,NA,NA,NA,NA,NA,NA,NA,NA,NA,NA,NA,NA,NA,NA,NA,NA,NA,NA,NA,NA,NA,NA,NA,NA,NA,NA,NA,NA,NA,NA,NA,NA,NA,NA,NA
762,7.61,NA,NA,NA,NA,NA,NA,NA,NA,NA,NA,NA,NA,NA,NA,NA,NA,NA,NA,NA,NA,NA,NA,NA,NA,NA,NA,NA,NA,NA,NA,NA,NA,NA,NA,NA,NA,NA,NA,NA,NA,NA,NA,NA,NA,NA,NA,NA,NA,NA,NA,NA,NA,NA,NA,NA,NA,NA
763,7.62,NA,NA,NA,NA,NA,NA,NA,NA,NA,NA,NA,NA,NA,NA,NA,NA,NA,NA,NA,NA,NA,NA,NA,NA,NA,NA,NA,NA,NA,NA,NA,NA,NA,NA,NA,NA,NA,NA,NA,NA,NA,NA,NA,NA,NA,NA,NA,NA,NA,NA,NA,NA,NA,NA,NA,NA,NA
764,7.63,NA,NA,NA,NA,NA,NA,NA,NA,NA,NA,NA,NA,NA,NA,NA,NA,NA,NA,NA,NA,NA,NA,NA,NA,NA,NA,NA,NA,NA,NA,NA,NA,NA,NA,NA,NA,NA,NA,NA,NA,NA,NA,NA,NA,NA,NA,NA,NA,NA,NA,NA,NA,NA,NA,NA,NA,NA
765,7.64,NA,NA,NA,NA,NA,NA,NA,NA,NA,NA,NA,NA,NA,NA,NA,NA,NA,NA,NA,NA,NA,NA,NA,NA,NA,NA,NA,NA,NA,NA,NA,NA,NA,NA,NA,NA,NA,NA,NA,NA,NA,NA,NA,NA,NA,NA,NA,NA,NA,NA,NA,NA,NA,NA,NA,NA,NA
766,7.65,NA,NA,NA,NA,NA,NA,NA,NA,NA,NA,NA,NA,NA,NA,NA,NA,NA,NA,NA,NA,NA,NA,NA,NA,NA,NA,NA,NA,NA,NA,NA,NA,NA,NA,NA,NA,NA,NA,NA,NA,NA,NA,NA,NA,NA,NA,NA,NA,NA,NA,NA,NA,NA,NA,NA,NA,NA
767,7.66,NA,NA,NA,NA,NA,NA,NA,NA,NA,NA,NA,NA,NA,NA,NA,NA,NA,NA,NA,NA,NA,NA,NA,NA,NA,NA,NA,NA,NA,NA,NA,NA,NA,NA,NA,NA,NA,NA,NA,NA,NA,NA,NA,NA,NA,NA,NA,NA,NA,NA,NA,NA,NA,NA,NA,NA,NA
768,7.67,NA,NA,NA,NA,NA,NA,NA,NA,NA,NA,NA,NA,NA,NA,NA,NA,NA,NA,NA,NA,NA,NA,NA,NA,NA,NA,NA,NA,NA,NA,NA,NA,NA,NA,NA,NA,NA,NA,NA,NA,NA,NA,NA,NA,NA,NA,NA,NA,NA,NA,NA,NA,NA,NA,NA,NA,NA
769,7.68,NA,NA,NA,NA,NA,NA,NA,NA,NA,NA,NA,NA,NA,NA,NA,NA,NA,NA,NA,NA,NA,NA,NA,NA,NA,NA,NA,NA,NA,NA,NA,NA,NA,NA,NA,NA,NA,NA,NA,NA,NA,NA,NA,NA,NA,NA,NA,NA,NA,NA,NA,NA,NA,NA,NA,NA,NA
770,7.69,NA,NA,NA,NA,NA,NA,NA,NA,NA,NA,NA,NA,NA,NA,NA,NA,NA,NA,NA,NA,NA,NA,NA,NA,NA,NA,NA,NA,NA,NA,NA,NA,NA,NA,NA,NA,NA,NA,NA,NA,NA,NA,NA,NA,NA,NA,NA,NA,NA,NA,NA,NA,NA,NA,NA,NA,NA
771,7.7,NA,NA,NA,NA,NA,NA,NA,NA,NA,NA,NA,NA,NA,NA,NA,NA,NA,NA,NA,NA,NA,NA,NA,NA,NA,NA,NA,NA,NA,NA,NA,NA,NA,NA,NA,NA,NA,NA,NA,NA,NA,NA,NA,NA,NA,NA,NA,NA,NA,NA,NA,NA,NA,NA,NA,NA,NA
772,7.71,NA,NA,NA,NA,NA,NA,NA,NA,NA,NA,NA,NA,NA,NA,NA,NA,NA,NA,NA,NA,NA,NA,NA,NA,NA,NA,NA,NA,NA,NA,NA,NA,NA,NA,NA,NA,NA,NA,NA,NA,NA,NA,NA,NA,NA,NA,NA,NA,NA,NA,NA,NA,NA,NA,NA,NA,NA
773,7.72,NA,NA,NA,NA,NA,NA,NA,NA,NA,NA,NA,NA,NA,NA,NA,NA,NA,NA,NA,NA,NA,NA,NA,NA,NA,NA,NA,NA,NA,NA,NA,NA,NA,NA,NA,NA,NA,NA,NA,NA,NA,NA,NA,NA,NA,NA,NA,NA,NA,NA,NA,NA,NA,NA,NA,NA,NA
774,7.73,NA,NA,NA,NA,NA,NA,NA,NA,NA,NA,NA,NA,NA,NA,NA,NA,NA,NA,NA,NA,NA,NA,NA,NA,NA,NA,NA,NA,NA,NA,NA,NA,NA,NA,NA,NA,NA,NA,NA,NA,NA,NA,NA,NA,NA,NA,NA,NA,NA,NA,NA,NA,NA,NA,NA,NA,NA
775,7.74,NA,NA,NA,NA,NA,NA,NA,NA,NA,NA,NA,NA,NA,NA,NA,NA,NA,NA,NA,NA,NA,NA,NA,NA,NA,NA,NA,NA,NA,NA,NA,NA,NA,NA,NA,NA,NA,NA,NA,NA,NA,NA,NA,NA,NA,NA,NA,NA,NA,NA,NA,NA,NA,NA,NA,NA,NA
776,7.75,NA,NA,NA,NA,NA,NA,NA,NA,NA,NA,NA,NA,NA,NA,NA,NA,NA,NA,NA,NA,NA,NA,NA,NA,NA,NA,NA,NA,NA,NA,NA,NA,NA,NA,NA,NA,NA,NA,NA,NA,NA,NA,NA,NA,NA,NA,NA,NA,NA,NA,NA,NA,NA,NA,NA,NA,NA
777,7.76,NA,NA,NA,NA,NA,NA,NA,NA,NA,NA,NA,NA,NA,NA,NA,NA,NA,NA,NA,NA,NA,NA,NA,NA,NA,NA,NA,NA,NA,NA,NA,NA,NA,NA,NA,NA,NA,NA,NA,NA,NA,NA,NA,NA,NA,NA,NA,NA,NA,NA,NA,NA,NA,NA,NA,NA,NA
778,7.77,NA,NA,NA,NA,NA,NA,NA,NA,NA,NA,NA,NA,NA,NA,NA,NA,NA,NA,NA,NA,NA,NA,NA,NA,NA,NA,NA,NA,NA,NA,NA,NA,NA,NA,NA,NA,NA,NA,NA,NA,NA,NA,NA,NA,NA,NA,NA,NA,NA,NA,NA,NA,NA,NA,NA,NA,NA
779,7.78,NA,NA,NA,NA,NA,NA,NA,NA,NA,NA,NA,NA,NA,NA,NA,NA,NA,NA,NA,NA,NA,NA,NA,NA,NA,NA,NA,NA,NA,NA,NA,NA,NA,NA,NA,NA,NA,NA,NA,NA,NA,NA,NA,NA,NA,NA,NA,NA,NA,NA,NA,NA,NA,NA,NA,NA,NA
780,7.79,NA,NA,NA,NA,NA,NA,NA,NA,NA,NA,NA,NA,NA,NA,NA,NA,NA,NA,NA,NA,NA,NA,NA,NA,NA,NA,NA,NA,NA,NA,NA,NA,NA,NA,NA,NA,NA,NA,NA,NA,NA,NA,NA,NA,NA,NA,NA,NA,NA,NA,NA,NA,NA,NA,NA,NA,NA
781,7.8,NA,NA,NA,NA,NA,NA,NA,NA,NA,NA,NA,NA,NA,NA,NA,NA,NA,NA,NA,NA,NA,NA,NA,NA,NA,NA,NA,NA,NA,NA,NA,NA,NA,NA,NA,NA,NA,NA,NA,NA,NA,NA,NA,NA,NA,NA,NA,NA,NA,NA,NA,NA,NA,NA,NA,NA,NA
782,7.81,NA,NA,NA,NA,NA,NA,NA,NA,NA,NA,NA,NA,NA,NA,NA,NA,NA,NA,NA,NA,NA,NA,NA,NA,NA,NA,NA,NA,NA,NA,NA,NA,NA,NA,NA,NA,NA,NA,NA,NA,NA,NA,NA,NA,NA,NA,NA,NA,NA,NA,NA,NA,NA,NA,NA,NA,NA
783,7.82,NA,NA,NA,NA,NA,NA,NA,NA,NA,NA,NA,NA,NA,NA,NA,NA,NA,NA,NA,NA,NA,NA,NA,NA,NA,NA,NA,NA,NA,NA,NA,NA,NA,NA,NA,NA,NA,NA,NA,NA,NA,NA,NA,NA,NA,NA,NA,NA,NA,NA,NA,NA,NA,NA,NA,NA,NA
784,7.83,NA,NA,NA,NA,NA,NA,NA,NA,NA,NA,NA,NA,NA,NA,NA,NA,NA,NA,NA,NA,NA,NA,NA,NA,NA,NA,NA,NA,NA,NA,NA,NA,NA,NA,NA,NA,NA,NA,NA,NA,NA,NA,NA,NA,NA,NA,NA,NA,NA,NA,NA,NA,NA,NA,NA,NA,NA
