"Frame","Time","Headset_Front_X","Headset_Front_Y","Headset_Front_Z","Headset_Back_X","Headset_Back_Y","Headset_Back_Z","Headset_Left_X","Headset_Left_Y","Headset_Left_Z","Headset_Right_X","Headset_Right_Y","Headset_Right_Z","Left_Shoulder_X","Left_Shoulder_Y","Left_Shoulder_Z","Right_Shoulder_X","Right_Shoulder_Y","Right_Shoulder_Z","Sternum_X","Sternum_Y","Sternum_Z","C7_X","C7_Y","C7_Z","Left.Elbow_X","Left.Elbow_Y","Left.Elbow_Z","Right.Elbow_X","Right.Elbow_Y","Right.Elbow_Z","Left.Wrist_X","Left.Wrist_Y","Left.Wrist_Z","Right.Wrist_X","Right.Wrist_Y","Right.Wrist_Z","Left.ASIS_X","Left.ASIS_Y","Left.ASIS_Z","Right.ASIS_X","Right.ASIS_Y","Right.ASIS_Z","S2_X","S2_Y","S2_Z","Left.Knee_X","Left.Knee_Y","Left.Knee_Z","Right.Knee_X","Right.Knee_Y","Right.Knee_Z","Left.Ankle_X","Left.Ankle_Y","Left.Ankle_Z","Right.Ankle_X","Right.Ankle_Y","Right.Ankle_Z"
1,0,NA,NA,NA,NA,NA,NA,NA,NA,NA,NA,NA,NA,NA,NA,NA,NA,NA,NA,NA,NA,NA,NA,NA,NA,NA,NA,NA,NA,NA,NA,NA,NA,NA,NA,NA,NA,NA,NA,NA,NA,NA,NA,NA,NA,NA,-34.86905,422.45639,-1619.77563,NA,NA,NA,NA,NA,NA,NA,NA,NA
2,0.01,NA,NA,NA,NA,NA,NA,NA,NA,NA,NA,NA,NA,NA,NA,NA,NA,NA,NA,NA,NA,NA,NA,NA,NA,NA,NA,NA,NA,NA,NA,NA,NA,NA,NA,NA,NA,NA,NA,NA,NA,NA,NA,NA,NA,NA,-33.79617,422.6709,-1620.36719,NA,NA,NA,NA,NA,NA,NA,NA,NA
3,0.02,NA,NA,NA,NA,NA,NA,NA,NA,NA,NA,NA,NA,NA,NA,NA,NA,NA,NA,NA,NA,NA,NA,NA,NA,NA,NA,NA,NA,NA,NA,NA,NA,NA,NA,NA,NA,NA,NA,NA,NA,NA,NA,NA,NA,NA,-30.44004,423.02707,-1622.03174,NA,NA,NA,NA,NA,NA,NA,NA,NA
4,0.03,NA,NA,NA,NA,NA,NA,NA,NA,NA,NA,NA,NA,NA,NA,NA,NA,NA,NA,NA,NA,NA,NA,NA,NA,NA,NA,NA,NA,NA,NA,NA,NA,NA,NA,NA,NA,NA,NA,NA,NA,NA,NA,NA,NA,NA,-28.6626,422.84753,-1621.5105,NA,NA,NA,NA,NA,NA,NA,NA,NA
5,0.04,NA,NA,NA,NA,NA,NA,NA,NA,NA,NA,NA,NA,NA,NA,NA,NA,NA,NA,NA,NA,NA,NA,NA,NA,NA,NA,NA,NA,NA,NA,NA,NA,NA,NA,NA,NA,NA,NA,NA,NA,NA,NA,NA,NA,NA,-27.52775,423.23047,-1621.90747,NA,NA,NA,NA,NA,NA,NA,NA,NA
6,0.05,NA,NA,NA,NA,NA,NA,NA,NA,NA,NA,NA,NA,NA,NA,NA,NA,NA,NA,NA,NA,NA,NA,NA,NA,NA,NA,NA,NA,NA,NA,NA,NA,NA,NA,NA,NA,NA,NA,NA,NA,NA,NA,NA,NA,NA,-24.04838,423.82376,-1623.53455,NA,NA,NA,NA,NA,NA,NA,NA,NA
7,0.06,NA,NA,NA,NA,NA,NA,NA,NA,NA,NA,NA,NA,NA,NA,NA,NA,NA,NA,NA,NA,NA,NA,NA,NA,NA,NA,NA,NA,NA,NA,NA,NA,NA,NA,NA,NA,NA,NA,NA,NA,NA,NA,NA,NA,NA,-21.65149,424.48917,-1624.21558,NA,NA,NA,NA,NA,NA,NA,NA,NA
8,0.07,NA,NA,NA,NA,NA,NA,NA,NA,NA,NA,NA,NA,NA,NA,NA,NA,NA,NA,NA,NA,NA,NA,NA,NA,NA,NA,NA,NA,NA,NA,NA,NA,NA,NA,NA,NA,NA,NA,NA,NA,NA,NA,NA,NA,NA,-19.01807,424.88754,-1625.18286,NA,NA,NA,NA,NA,NA,NA,NA,NA
9,0.08,NA,NA,NA,NA,NA,NA,NA,NA,NA,NA,NA,NA,NA,NA,NA,NA,NA,NA,NA,NA,NA,NA,NA,NA,NA,NA,NA,NA,NA,NA,NA,NA,NA,NA,NA,NA,NA,NA,NA,NA,NA,NA,NA,NA,NA,-15.77512,425.47986,-1627.17297,NA,NA,NA,NA,NA,NA,NA,NA,NA
10,0.09,NA,NA,NA,NA,NA,NA,NA,NA,NA,NA,NA,NA,NA,NA,NA,NA,NA,NA,NA,NA,NA,NA,NA,NA,NA,NA,NA,NA,NA,NA,NA,NA,NA,NA,NA,NA,NA,NA,NA,NA,NA,NA,NA,NA,NA,-13.94113,425.24426,-1626.85034,NA,NA,NA,NA,NA,NA,NA,NA,NA
11,0.1,NA,NA,NA,NA,NA,NA,NA,NA,NA,NA,NA,NA,NA,NA,NA,NA,NA,NA,NA,NA,NA,NA,NA,NA,NA,NA,NA,NA,NA,NA,NA,NA,NA,NA,NA,NA,NA,NA,NA,NA,NA,NA,NA,NA,NA,-9.87756,424.89908,-1627.79236,NA,NA,NA,NA,NA,NA,NA,NA,NA
12,0.11,NA,NA,NA,NA,NA,NA,NA,NA,NA,NA,NA,NA,NA,NA,NA,NA,NA,NA,NA,NA,NA,NA,NA,NA,NA,NA,NA,NA,NA,NA,NA,NA,NA,NA,NA,NA,NA,NA,NA,NA,NA,NA,NA,NA,NA,-7.58066,425.67764,-1628.55261,NA,NA,NA,NA,NA,NA,NA,NA,NA
13,0.12,NA,NA,NA,NA,NA,NA,NA,NA,NA,NA,NA,NA,NA,NA,NA,NA,NA,NA,NA,NA,NA,NA,NA,NA,NA,NA,NA,NA,NA,NA,NA,NA,NA,NA,NA,NA,NA,NA,NA,NA,NA,NA,NA,NA,NA,-4.67607,424.77438,-1629.30481,NA,NA,NA,NA,NA,NA,NA,NA,NA
14,0.13,NA,NA,NA,NA,NA,NA,NA,NA,NA,NA,NA,NA,NA,NA,NA,NA,NA,NA,NA,NA,NA,NA,NA,NA,NA,NA,NA,NA,NA,NA,NA,NA,NA,NA,NA,NA,NA,NA,NA,NA,NA,NA,NA,NA,NA,-1.4921,424.58069,-1630.13013,NA,NA,NA,NA,NA,NA,NA,NA,NA
15,0.14,NA,NA,NA,NA,NA,NA,NA,NA,NA,NA,NA,NA,NA,NA,NA,NA,NA,NA,NA,NA,NA,NA,NA,NA,NA,NA,NA,NA,NA,NA,NA,NA,NA,NA,NA,NA,NA,NA,NA,NA,NA,NA,NA,NA,NA,-0.3394,424.18988,-1629.38037,NA,NA,NA,NA,NA,NA,NA,NA,NA
16,0.15,NA,NA,NA,NA,NA,NA,NA,NA,NA,NA,NA,NA,NA,NA,NA,NA,NA,NA,NA,NA,NA,NA,NA,NA,NA,NA,NA,NA,NA,NA,NA,NA,NA,NA,NA,NA,NA,NA,NA,NA,NA,NA,NA,NA,NA,3.85067,423.10318,-1630.6936,NA,NA,NA,NA,NA,NA,NA,NA,NA
17,0.16,NA,NA,NA,NA,NA,NA,NA,NA,NA,NA,NA,NA,NA,NA,NA,NA,NA,NA,NA,NA,NA,NA,NA,NA,NA,NA,NA,NA,NA,NA,NA,NA,NA,NA,NA,NA,NA,NA,NA,NA,NA,NA,NA,NA,NA,6.21656,423.99741,-1633.39722,NA,NA,NA,NA,NA,NA,NA,NA,NA
18,0.17,NA,NA,NA,NA,NA,NA,NA,NA,NA,NA,NA,NA,NA,NA,NA,NA,NA,NA,NA,NA,NA,NA,NA,NA,NA,NA,NA,NA,NA,NA,NA,NA,NA,NA,NA,NA,NA,NA,NA,NA,NA,NA,NA,NA,NA,8.79649,424.52817,-1634.66235,NA,NA,NA,NA,NA,NA,NA,NA,NA
19,0.18,NA,NA,NA,NA,NA,NA,NA,NA,NA,NA,NA,NA,NA,NA,NA,NA,NA,NA,NA,NA,NA,NA,NA,NA,NA,NA,NA,NA,NA,NA,NA,NA,NA,NA,NA,NA,NA,NA,NA,NA,NA,NA,NA,NA,NA,12.15289,423.76608,-1636.29163,NA,NA,NA,NA,NA,NA,NA,NA,NA
20,0.19,NA,NA,NA,NA,NA,NA,NA,NA,NA,NA,NA,NA,NA,NA,NA,NA,NA,NA,NA,NA,NA,NA,NA,NA,NA,NA,NA,NA,NA,NA,NA,NA,NA,NA,NA,NA,NA,NA,NA,NA,NA,NA,NA,NA,NA,13.6618,424.31613,-1637.9989,NA,NA,NA,NA,NA,NA,NA,NA,NA
21,0.2,NA,NA,NA,NA,NA,NA,NA,NA,NA,NA,NA,NA,NA,NA,NA,NA,NA,NA,NA,NA,NA,NA,NA,NA,NA,NA,NA,NA,NA,NA,NA,NA,NA,NA,NA,NA,NA,NA,NA,NA,NA,NA,NA,NA,NA,15.82946,424.19519,-1639.32019,NA,NA,NA,NA,NA,NA,NA,NA,NA
22,0.21,NA,NA,NA,NA,NA,NA,NA,NA,NA,NA,NA,NA,NA,NA,NA,NA,NA,NA,NA,NA,NA,NA,NA,NA,NA,NA,NA,NA,NA,NA,NA,NA,NA,NA,NA,NA,NA,NA,NA,NA,NA,NA,NA,NA,NA,18.49486,423.59503,-1642.07947,NA,NA,NA,NA,NA,NA,NA,NA,NA
23,0.22,NA,NA,NA,NA,NA,NA,NA,NA,NA,NA,NA,NA,NA,NA,NA,NA,NA,NA,NA,NA,NA,NA,NA,NA,NA,NA,NA,NA,NA,NA,NA,NA,NA,NA,NA,NA,NA,NA,NA,NA,NA,NA,NA,NA,NA,19.38319,422.51443,-1641.82849,NA,NA,NA,NA,NA,NA,NA,NA,NA
24,0.23,NA,NA,NA,NA,NA,NA,NA,NA,NA,NA,NA,NA,NA,NA,NA,NA,NA,NA,NA,NA,NA,NA,NA,NA,NA,NA,NA,NA,NA,NA,NA,NA,NA,NA,NA,NA,NA,NA,NA,NA,NA,NA,NA,NA,NA,21.18809,423.41898,-1644.10779,NA,NA,NA,NA,NA,NA,NA,NA,NA
25,0.24,NA,NA,NA,NA,NA,NA,NA,NA,NA,NA,NA,NA,NA,NA,NA,NA,NA,NA,NA,NA,NA,NA,NA,NA,NA,NA,NA,NA,NA,NA,NA,NA,NA,NA,NA,NA,NA,NA,NA,NA,NA,NA,NA,NA,NA,23.75414,422.84781,-1646.39465,NA,NA,NA,NA,NA,NA,NA,NA,NA
26,0.25,NA,NA,NA,NA,NA,NA,NA,NA,NA,NA,NA,NA,NA,NA,NA,NA,NA,NA,NA,NA,NA,NA,NA,NA,NA,NA,NA,NA,NA,NA,NA,NA,NA,NA,NA,NA,NA,NA,NA,NA,NA,NA,NA,NA,NA,24.81468,422.32928,-1647.66846,NA,NA,NA,NA,NA,NA,NA,NA,NA
27,0.26,NA,NA,NA,NA,NA,NA,NA,NA,NA,NA,NA,NA,NA,NA,NA,NA,NA,NA,NA,NA,NA,NA,NA,NA,NA,NA,NA,NA,NA,NA,NA,NA,NA,NA,NA,NA,NA,NA,NA,NA,NA,NA,NA,NA,NA,26.02654,423.53836,-1650.88745,NA,NA,NA,NA,NA,NA,NA,NA,NA
28,0.27,NA,NA,NA,NA,NA,NA,NA,NA,NA,NA,NA,NA,NA,NA,NA,NA,NA,NA,NA,NA,NA,NA,NA,NA,NA,NA,NA,NA,NA,NA,NA,NA,NA,NA,NA,NA,NA,NA,NA,NA,NA,NA,NA,NA,NA,27.14783,423.50754,-1652.90845,NA,NA,NA,NA,NA,NA,NA,NA,NA
29,0.28,NA,NA,NA,NA,NA,NA,NA,NA,NA,NA,NA,NA,NA,NA,NA,NA,NA,NA,NA,NA,NA,NA,NA,NA,NA,NA,NA,NA,NA,NA,NA,NA,NA,NA,NA,NA,NA,NA,NA,NA,NA,NA,NA,NA,NA,28.42475,423.08502,-1653.74829,NA,NA,NA,NA,NA,NA,NA,NA,NA
30,0.29,NA,NA,NA,NA,NA,NA,NA,NA,NA,NA,NA,NA,NA,NA,NA,NA,NA,NA,NA,NA,NA,NA,NA,NA,NA,NA,NA,NA,NA,NA,NA,NA,NA,NA,NA,NA,NA,NA,NA,NA,NA,NA,NA,NA,NA,29.20272,422.59842,-1655.45923,NA,NA,NA,NA,NA,NA,NA,NA,NA
31,0.3,NA,NA,NA,NA,NA,NA,NA,NA,NA,NA,NA,NA,NA,NA,NA,NA,NA,NA,NA,NA,NA,NA,NA,NA,NA,NA,NA,NA,NA,NA,NA,NA,NA,NA,NA,NA,NA,NA,NA,NA,NA,NA,NA,NA,NA,30.57893,422.18683,-1656.66797,NA,NA,NA,NA,NA,NA,NA,NA,NA
32,0.31,NA,NA,NA,NA,NA,NA,NA,NA,NA,NA,NA,NA,NA,NA,NA,NA,NA,NA,NA,NA,NA,NA,NA,NA,NA,NA,NA,NA,NA,NA,NA,NA,NA,NA,NA,NA,NA,NA,NA,NA,NA,NA,NA,NA,NA,30.82717,421.70129,-1657.51611,NA,NA,NA,NA,NA,NA,NA,NA,NA
33,0.32,NA,NA,NA,NA,NA,NA,NA,NA,NA,NA,NA,NA,NA,NA,NA,NA,NA,NA,NA,NA,NA,NA,NA,NA,NA,NA,NA,NA,NA,NA,NA,NA,NA,NA,NA,NA,NA,NA,NA,NA,NA,NA,NA,NA,NA,31.8271,421.26309,-1659.05603,NA,NA,NA,NA,NA,NA,NA,NA,NA
34,0.33,NA,NA,NA,NA,NA,NA,NA,NA,NA,NA,NA,NA,NA,NA,NA,NA,NA,NA,NA,NA,NA,NA,NA,NA,NA,NA,NA,NA,NA,NA,NA,NA,NA,NA,NA,NA,NA,NA,NA,NA,NA,NA,NA,NA,NA,32.76404,422.06464,-1660.60901,NA,NA,NA,NA,NA,NA,NA,NA,NA
35,0.34,NA,NA,NA,NA,NA,NA,NA,NA,NA,NA,NA,NA,NA,NA,NA,NA,NA,NA,NA,NA,NA,NA,NA,NA,NA,NA,NA,NA,NA,NA,NA,NA,NA,NA,NA,NA,NA,NA,NA,NA,NA,NA,NA,NA,NA,33.88447,423.06454,-1662.9104,NA,NA,NA,NA,NA,NA,NA,NA,NA
36,0.35,NA,NA,NA,NA,NA,NA,NA,NA,NA,NA,NA,NA,NA,NA,NA,NA,NA,NA,NA,NA,NA,NA,NA,NA,NA,NA,NA,NA,NA,NA,NA,NA,NA,NA,NA,NA,NA,NA,NA,NA,NA,NA,NA,NA,NA,33.89806,422.71063,-1663.7699,NA,NA,NA,NA,NA,NA,NA,NA,NA
37,0.36,NA,NA,NA,NA,NA,NA,NA,NA,NA,NA,NA,NA,NA,NA,NA,NA,NA,NA,NA,NA,NA,NA,NA,NA,NA,NA,NA,NA,NA,NA,NA,NA,NA,NA,NA,NA,NA,NA,NA,NA,NA,NA,NA,NA,NA,33.81222,422.63147,-1664.08838,NA,NA,NA,NA,NA,NA,NA,NA,NA
38,0.37,NA,NA,NA,NA,NA,NA,NA,NA,NA,NA,NA,NA,NA,NA,NA,NA,NA,NA,NA,NA,NA,NA,NA,NA,NA,NA,NA,NA,NA,NA,NA,NA,NA,NA,NA,NA,NA,NA,NA,NA,NA,NA,NA,NA,NA,33.89877,422.49771,-1664.29773,NA,NA,NA,NA,NA,NA,NA,NA,NA
39,0.38,NA,NA,NA,NA,NA,NA,NA,NA,NA,NA,NA,NA,NA,NA,NA,NA,NA,NA,NA,NA,NA,NA,NA,NA,NA,NA,NA,NA,NA,NA,NA,NA,NA,NA,NA,NA,NA,NA,NA,NA,NA,NA,NA,NA,NA,33.78053,422.25488,-1665.0686,NA,NA,NA,NA,NA,NA,NA,NA,NA
40,0.39,NA,NA,NA,NA,NA,NA,NA,NA,NA,NA,NA,NA,NA,NA,NA,NA,NA,NA,NA,NA,NA,NA,NA,NA,NA,NA,NA,NA,NA,NA,NA,NA,NA,NA,NA,NA,NA,NA,NA,NA,NA,NA,NA,NA,NA,33.59465,422.21924,-1665.42126,NA,NA,NA,NA,NA,NA,NA,NA,NA
41,0.4,NA,NA,NA,NA,NA,NA,NA,NA,NA,NA,NA,NA,NA,NA,NA,NA,NA,NA,NA,NA,NA,NA,NA,NA,NA,NA,NA,NA,NA,NA,NA,NA,NA,NA,NA,NA,NA,NA,NA,NA,NA,NA,NA,NA,NA,33.59374,422.15012,-1665.59424,NA,NA,NA,NA,NA,NA,NA,NA,NA
42,0.41,NA,NA,NA,NA,NA,NA,NA,NA,NA,NA,NA,NA,NA,NA,NA,NA,NA,NA,NA,NA,NA,NA,NA,NA,NA,NA,NA,NA,NA,NA,NA,NA,NA,NA,NA,NA,NA,NA,NA,NA,NA,NA,NA,NA,NA,33.54168,422.11154,-1665.76404,NA,NA,NA,NA,NA,NA,NA,NA,NA
43,0.42,NA,NA,NA,NA,NA,NA,NA,NA,NA,NA,NA,NA,NA,NA,NA,NA,NA,NA,NA,NA,NA,NA,NA,NA,NA,NA,NA,NA,NA,NA,NA,NA,NA,NA,NA,NA,NA,NA,NA,NA,NA,NA,NA,NA,NA,33.48868,422.00388,-1666.10657,NA,NA,NA,NA,NA,NA,NA,NA,NA
44,0.43,NA,NA,NA,NA,NA,NA,NA,NA,NA,NA,NA,NA,NA,NA,NA,NA,NA,NA,NA,NA,NA,NA,NA,NA,NA,NA,NA,NA,NA,NA,NA,NA,NA,NA,NA,NA,NA,NA,NA,NA,NA,NA,NA,NA,NA,32.62233,420.64063,-1664.34131,NA,NA,NA,NA,NA,NA,NA,NA,NA
45,0.44,NA,NA,NA,NA,NA,NA,NA,NA,NA,NA,NA,NA,NA,NA,NA,NA,NA,NA,NA,NA,NA,NA,NA,NA,NA,NA,NA,NA,NA,NA,NA,NA,NA,NA,NA,NA,NA,NA,NA,NA,NA,NA,NA,NA,NA,32.46421,420.67709,-1664.47595,NA,NA,NA,NA,NA,NA,NA,NA,NA
46,0.45,NA,NA,NA,NA,NA,NA,NA,NA,NA,NA,NA,NA,NA,NA,NA,NA,NA,NA,NA,NA,NA,NA,NA,NA,NA,NA,NA,NA,NA,NA,NA,NA,NA,NA,NA,NA,NA,NA,NA,NA,NA,NA,NA,NA,NA,31.3022,420.48856,-1664.21912,NA,NA,NA,NA,NA,NA,NA,NA,NA
47,0.46,NA,NA,NA,NA,NA,NA,NA,NA,NA,NA,NA,NA,NA,NA,NA,NA,NA,NA,NA,NA,NA,NA,NA,NA,NA,NA,NA,NA,NA,NA,NA,NA,NA,NA,NA,NA,NA,NA,NA,NA,NA,NA,NA,NA,NA,31.10725,420.41742,-1664.67297,NA,NA,NA,NA,NA,NA,NA,NA,NA
48,0.47,NA,NA,NA,NA,NA,NA,NA,NA,NA,NA,NA,NA,NA,NA,NA,NA,NA,NA,NA,NA,NA,NA,NA,NA,NA,NA,NA,NA,NA,NA,NA,NA,NA,NA,NA,NA,NA,NA,NA,NA,NA,NA,NA,NA,NA,30.94725,420.41693,-1664.90222,NA,NA,NA,NA,NA,NA,NA,NA,NA
49,0.48,NA,NA,NA,NA,NA,NA,NA,NA,NA,NA,NA,NA,NA,NA,NA,NA,NA,NA,NA,NA,NA,NA,NA,NA,NA,NA,NA,NA,NA,NA,NA,NA,NA,NA,NA,NA,NA,NA,NA,NA,NA,NA,NA,NA,NA,30.8126,420.34036,-1665.28394,NA,NA,NA,NA,NA,NA,NA,NA,NA
50,0.49,NA,NA,NA,NA,NA,NA,NA,NA,NA,NA,NA,NA,NA,NA,NA,NA,NA,NA,NA,NA,NA,NA,NA,NA,NA,NA,NA,NA,NA,NA,NA,NA,NA,NA,NA,NA,NA,NA,NA,NA,NA,NA,NA,NA,NA,30.40456,420.81235,-1665.67053,NA,NA,NA,NA,NA,NA,NA,NA,NA
51,0.5,NA,NA,NA,NA,NA,NA,NA,NA,NA,NA,NA,NA,NA,NA,NA,NA,NA,NA,NA,NA,NA,NA,NA,NA,NA,NA,NA,NA,NA,NA,NA,NA,NA,NA,NA,NA,NA,NA,NA,NA,NA,NA,NA,NA,NA,30.38868,420.88181,-1665.521,NA,NA,NA,NA,NA,NA,NA,NA,NA
52,0.51,NA,NA,NA,NA,NA,NA,NA,NA,NA,NA,NA,NA,NA,NA,NA,NA,NA,NA,NA,NA,NA,NA,NA,NA,NA,NA,NA,NA,NA,NA,NA,NA,NA,NA,NA,NA,NA,NA,NA,NA,NA,NA,NA,NA,NA,29.66533,419.86212,-1665.125,NA,NA,NA,NA,NA,NA,NA,NA,NA
53,0.52,NA,NA,NA,NA,NA,NA,NA,NA,NA,NA,NA,NA,NA,NA,NA,NA,NA,NA,NA,NA,NA,NA,NA,NA,NA,NA,NA,NA,NA,NA,NA,NA,NA,NA,NA,NA,NA,NA,NA,NA,NA,NA,NA,NA,NA,29.66533,419.86212,-1665.125,NA,NA,NA,NA,NA,NA,NA,NA,NA
54,0.53,NA,NA,NA,NA,NA,NA,NA,NA,NA,NA,NA,NA,NA,NA,NA,NA,NA,NA,NA,NA,NA,NA,NA,NA,NA,NA,NA,NA,NA,NA,NA,NA,NA,NA,NA,NA,NA,NA,NA,NA,NA,NA,NA,NA,NA,29.66533,419.86212,-1665.125,NA,NA,NA,NA,NA,NA,NA,NA,NA
55,0.54,NA,NA,NA,NA,NA,NA,NA,NA,NA,NA,NA,NA,NA,NA,NA,NA,NA,NA,NA,NA,NA,NA,NA,NA,NA,NA,NA,NA,NA,NA,NA,NA,NA,NA,NA,NA,NA,NA,NA,NA,NA,NA,NA,NA,NA,29.61889,419.81125,-1665.31714,NA,NA,NA,NA,NA,NA,NA,NA,NA
56,0.55,NA,NA,NA,NA,NA,NA,NA,NA,NA,NA,NA,NA,NA,NA,NA,NA,NA,NA,NA,NA,NA,NA,NA,NA,NA,NA,NA,NA,NA,NA,NA,NA,NA,NA,NA,NA,NA,NA,NA,NA,NA,NA,NA,NA,NA,29.59838,419.74704,-1665.50537,NA,NA,NA,NA,NA,NA,NA,NA,NA
57,0.56,NA,NA,NA,NA,NA,NA,NA,NA,NA,NA,NA,NA,NA,NA,NA,NA,NA,NA,NA,NA,NA,NA,NA,NA,NA,NA,NA,NA,NA,NA,NA,NA,NA,NA,NA,NA,NA,NA,NA,NA,NA,NA,NA,NA,NA,29.63808,419.67358,-1665.63098,NA,NA,NA,NA,NA,NA,NA,NA,NA
58,0.57,NA,NA,NA,NA,NA,NA,NA,NA,NA,NA,NA,NA,NA,NA,NA,NA,NA,NA,NA,NA,NA,NA,NA,NA,NA,NA,NA,NA,NA,NA,NA,NA,NA,NA,NA,NA,NA,NA,NA,NA,NA,NA,NA,NA,NA,29.92948,418.93399,-1665.64709,NA,NA,NA,NA,NA,NA,NA,NA,NA
59,0.58,NA,NA,NA,NA,NA,NA,NA,NA,NA,NA,NA,NA,NA,NA,NA,NA,NA,NA,NA,NA,NA,NA,NA,NA,NA,NA,NA,NA,NA,NA,NA,NA,NA,NA,NA,NA,NA,NA,NA,NA,NA,NA,NA,NA,NA,30.06889,418.77377,-1665.84583,NA,NA,NA,NA,NA,NA,NA,NA,NA
60,0.59,NA,NA,NA,NA,NA,NA,NA,NA,NA,NA,NA,NA,NA,NA,NA,NA,NA,NA,NA,NA,NA,NA,NA,NA,NA,NA,NA,NA,NA,NA,NA,NA,NA,NA,NA,NA,NA,NA,NA,NA,NA,NA,NA,NA,NA,30.37154,419.71713,-1666.82605,NA,NA,NA,NA,NA,NA,NA,NA,NA
61,0.6,NA,NA,NA,NA,NA,NA,NA,NA,NA,NA,NA,NA,NA,NA,NA,NA,NA,NA,NA,NA,NA,NA,NA,NA,NA,NA,NA,NA,NA,NA,NA,NA,NA,NA,NA,NA,NA,NA,NA,NA,NA,NA,NA,NA,NA,30.42607,419.75598,-1666.65234,NA,NA,NA,NA,NA,NA,NA,NA,NA
62,0.61,NA,NA,NA,NA,NA,NA,NA,NA,NA,NA,NA,NA,NA,NA,NA,NA,NA,NA,NA,NA,NA,NA,NA,NA,NA,NA,NA,NA,NA,NA,NA,NA,NA,NA,NA,NA,NA,NA,NA,NA,NA,NA,NA,NA,NA,30.50626,419.79367,-1666.44507,NA,NA,NA,NA,NA,NA,NA,NA,NA
63,0.62,NA,NA,NA,NA,NA,NA,NA,NA,NA,NA,NA,NA,NA,NA,NA,NA,NA,NA,NA,NA,NA,NA,NA,NA,NA,NA,NA,NA,NA,NA,NA,NA,NA,NA,NA,NA,NA,NA,NA,NA,NA,NA,NA,NA,NA,30.20378,418.8504,-1665.46436,NA,NA,NA,NA,NA,NA,NA,NA,NA
64,0.63,NA,NA,NA,NA,NA,NA,NA,NA,NA,NA,NA,NA,NA,NA,NA,NA,NA,NA,NA,NA,NA,NA,NA,NA,NA,NA,NA,NA,NA,NA,NA,NA,NA,NA,NA,NA,NA,NA,NA,NA,NA,NA,NA,NA,NA,30.18722,419.05817,-1664.97314,NA,NA,NA,NA,NA,NA,NA,NA,NA
65,0.64,NA,NA,NA,NA,NA,NA,NA,NA,NA,NA,NA,NA,NA,NA,NA,NA,NA,NA,NA,NA,NA,NA,NA,NA,NA,NA,NA,NA,NA,NA,NA,NA,NA,NA,NA,NA,NA,NA,NA,NA,NA,NA,NA,NA,NA,30.00957,419.25101,-1664.74805,NA,NA,NA,NA,NA,NA,NA,NA,NA
66,0.65,NA,NA,NA,NA,NA,NA,NA,NA,NA,NA,NA,NA,NA,NA,NA,NA,NA,NA,NA,NA,NA,NA,NA,NA,NA,NA,NA,NA,NA,NA,NA,NA,NA,NA,NA,NA,NA,NA,NA,NA,NA,NA,NA,NA,NA,30.00957,419.25101,-1664.74805,NA,NA,NA,NA,NA,NA,NA,NA,NA
67,0.66,NA,NA,NA,NA,NA,NA,NA,NA,NA,NA,NA,NA,NA,NA,NA,NA,NA,NA,NA,NA,NA,NA,NA,NA,NA,NA,NA,NA,NA,NA,NA,NA,NA,NA,NA,NA,NA,NA,NA,NA,NA,NA,NA,NA,NA,29.97223,419.46628,-1664.26794,NA,NA,NA,NA,NA,NA,NA,NA,NA
68,0.67,NA,NA,NA,NA,NA,NA,NA,NA,NA,NA,NA,NA,NA,NA,NA,NA,NA,NA,NA,NA,NA,NA,NA,NA,NA,NA,NA,NA,NA,NA,NA,NA,NA,NA,NA,NA,NA,NA,NA,NA,NA,NA,NA,NA,NA,28.81856,420.21515,-1663.62573,NA,NA,NA,NA,NA,NA,NA,NA,NA
69,0.68,NA,NA,NA,NA,NA,NA,NA,NA,NA,NA,NA,NA,NA,NA,NA,NA,NA,NA,NA,NA,NA,NA,NA,NA,NA,NA,NA,NA,NA,NA,NA,NA,NA,NA,NA,NA,NA,NA,NA,NA,NA,NA,NA,NA,NA,27.75294,420.11111,-1662.06421,NA,NA,NA,NA,NA,NA,NA,NA,NA
70,0.69,NA,NA,NA,NA,NA,NA,NA,NA,NA,NA,NA,NA,NA,NA,NA,NA,NA,NA,NA,NA,NA,NA,NA,NA,NA,NA,NA,NA,NA,NA,NA,NA,NA,NA,NA,NA,NA,NA,NA,NA,NA,NA,NA,NA,NA,26.968,419.71136,-1660.8374,NA,NA,NA,NA,NA,NA,NA,NA,NA
71,0.7,NA,NA,NA,NA,NA,NA,NA,NA,NA,NA,NA,NA,NA,NA,NA,NA,NA,NA,NA,NA,NA,NA,NA,NA,NA,NA,NA,NA,NA,NA,NA,NA,NA,NA,NA,NA,NA,NA,NA,NA,NA,NA,NA,NA,NA,26.0241,419.91006,-1659.85864,NA,NA,NA,NA,NA,NA,NA,NA,NA
72,0.71,NA,NA,NA,NA,NA,NA,NA,NA,NA,NA,NA,NA,NA,NA,NA,NA,NA,NA,NA,NA,NA,NA,NA,NA,NA,NA,NA,NA,NA,NA,NA,NA,NA,NA,NA,NA,NA,NA,NA,NA,NA,NA,NA,NA,NA,24.94152,419.92316,-1659.02075,NA,NA,NA,NA,NA,NA,NA,NA,NA
73,0.72,NA,NA,NA,NA,NA,NA,NA,NA,NA,NA,NA,NA,NA,NA,NA,NA,NA,NA,NA,NA,NA,NA,NA,NA,NA,NA,NA,NA,NA,NA,NA,NA,NA,NA,NA,NA,NA,NA,NA,NA,NA,NA,NA,NA,NA,24.53535,420.36957,-1658.49768,NA,NA,NA,NA,NA,NA,NA,NA,NA
74,0.73,NA,NA,NA,NA,NA,NA,NA,NA,NA,NA,NA,NA,NA,NA,NA,NA,NA,NA,NA,NA,NA,NA,NA,NA,NA,NA,NA,NA,NA,NA,NA,NA,NA,NA,NA,NA,NA,NA,NA,NA,NA,NA,NA,NA,NA,23.12176,419.21701,-1656.24988,NA,NA,NA,NA,NA,NA,NA,NA,NA
75,0.74,NA,NA,NA,NA,NA,NA,NA,NA,NA,NA,NA,NA,NA,NA,NA,NA,NA,NA,NA,NA,NA,NA,NA,NA,NA,NA,NA,NA,NA,NA,NA,NA,NA,NA,NA,NA,NA,NA,NA,NA,NA,NA,NA,NA,NA,21.70608,419.58737,-1655.08533,NA,NA,NA,NA,NA,NA,NA,NA,NA
76,0.75,NA,NA,NA,NA,NA,NA,NA,NA,NA,NA,NA,NA,NA,NA,NA,NA,NA,NA,NA,NA,NA,NA,NA,NA,NA,NA,NA,NA,NA,NA,NA,NA,NA,NA,NA,NA,NA,NA,NA,NA,NA,NA,NA,NA,NA,21.49255,420.07172,-1654.19775,NA,NA,NA,NA,NA,NA,NA,NA,NA
77,0.76,NA,NA,NA,NA,NA,NA,NA,NA,NA,NA,NA,NA,NA,NA,NA,NA,NA,NA,NA,NA,NA,NA,NA,NA,NA,NA,NA,NA,NA,NA,NA,NA,NA,NA,NA,NA,NA,NA,NA,NA,NA,NA,NA,NA,NA,20.11706,420.41757,-1653.03503,NA,NA,NA,NA,NA,NA,NA,NA,NA
78,0.77,NA,NA,NA,NA,NA,NA,NA,NA,NA,NA,NA,NA,NA,NA,NA,NA,NA,NA,NA,NA,NA,NA,NA,NA,NA,NA,NA,NA,NA,NA,NA,NA,NA,NA,NA,NA,NA,NA,NA,NA,NA,NA,NA,NA,NA,18.25192,419.62665,-1650.55383,NA,NA,NA,NA,NA,NA,NA,NA,NA
79,0.78,NA,NA,NA,NA,NA,NA,NA,NA,NA,NA,NA,NA,NA,NA,NA,NA,NA,NA,NA,NA,NA,NA,NA,NA,NA,NA,NA,NA,NA,NA,NA,NA,NA,NA,NA,NA,NA,NA,NA,NA,NA,NA,NA,NA,NA,17.21239,419.89359,-1649.66675,NA,NA,NA,NA,NA,NA,NA,NA,NA
80,0.79,NA,NA,NA,NA,NA,NA,NA,NA,NA,NA,NA,NA,NA,NA,NA,NA,NA,NA,NA,NA,NA,NA,NA,NA,NA,NA,NA,NA,NA,NA,NA,NA,NA,NA,NA,NA,NA,NA,NA,NA,NA,NA,NA,NA,NA,16.21426,420.24347,-1647.77295,NA,NA,NA,NA,NA,NA,NA,NA,NA
81,0.8,NA,NA,NA,NA,NA,NA,NA,NA,NA,NA,NA,NA,NA,NA,NA,NA,NA,NA,NA,NA,NA,NA,NA,NA,NA,NA,NA,NA,NA,NA,NA,NA,NA,NA,NA,NA,NA,NA,NA,NA,NA,NA,NA,NA,NA,13.24199,420.10687,-1645.21924,NA,NA,NA,NA,NA,NA,NA,NA,NA
82,0.81,NA,NA,NA,NA,NA,NA,NA,NA,NA,NA,NA,NA,NA,NA,NA,NA,NA,NA,NA,NA,NA,NA,NA,NA,NA,NA,NA,NA,NA,NA,NA,NA,NA,-377.87234,1035.52393,-1605.59204,NA,NA,NA,NA,NA,NA,NA,NA,NA,12.75609,420.64386,-1644.60474,NA,NA,NA,NA,NA,NA,NA,NA,NA
83,0.82,NA,NA,NA,NA,NA,NA,NA,NA,NA,NA,NA,NA,NA,NA,NA,NA,NA,NA,NA,NA,NA,NA,NA,NA,NA,NA,NA,NA,NA,NA,NA,NA,NA,-381.96533,1034.92236,-1599.84351,NA,NA,NA,NA,NA,NA,NA,NA,NA,11.0301,420.58688,-1642.47815,NA,NA,NA,NA,NA,NA,NA,NA,NA
84,0.83,NA,NA,NA,NA,NA,NA,NA,NA,NA,NA,NA,NA,NA,NA,NA,NA,NA,NA,NA,NA,NA,NA,NA,NA,NA,NA,NA,NA,NA,NA,NA,NA,NA,-383.77905,1032.39148,-1603.32959,NA,NA,NA,NA,NA,NA,NA,NA,NA,8.92007,419.6456,-1639.50146,NA,NA,NA,NA,NA,NA,NA,NA,NA
85,0.84,NA,NA,NA,NA,NA,NA,NA,NA,NA,NA,NA,NA,NA,NA,NA,NA,NA,NA,NA,NA,NA,NA,NA,NA,NA,NA,NA,NA,NA,NA,NA,NA,NA,-387.73343,1034.15857,-1598.33655,NA,NA,NA,NA,NA,NA,NA,NA,NA,6.87988,419.55685,-1636.9967,NA,NA,NA,NA,NA,NA,NA,NA,NA
86,0.85,NA,NA,NA,NA,NA,NA,NA,NA,NA,NA,NA,NA,NA,NA,NA,NA,NA,NA,NA,NA,NA,NA,NA,NA,NA,NA,NA,NA,NA,NA,NA,NA,NA,-389.79211,1033.26123,-1600.66858,NA,NA,NA,NA,NA,NA,NA,NA,NA,4.45432,420.7449,-1635.7782,NA,NA,NA,NA,NA,NA,NA,NA,NA
87,0.86,NA,NA,NA,NA,NA,NA,NA,NA,NA,NA,NA,NA,NA,NA,NA,NA,NA,NA,NA,NA,NA,NA,NA,NA,NA,NA,NA,NA,NA,NA,NA,NA,NA,-393.4975,1034.20593,-1592.92065,NA,NA,NA,NA,NA,NA,NA,NA,NA,1.62641,419.55203,-1631.04224,NA,NA,NA,NA,NA,NA,NA,NA,NA
88,0.87,NA,NA,NA,NA,NA,NA,NA,NA,NA,NA,NA,NA,NA,NA,NA,NA,NA,NA,NA,NA,NA,NA,NA,NA,NA,NA,NA,NA,NA,NA,NA,NA,NA,-395.63574,1033.19482,-1595.6731,NA,NA,NA,NA,NA,NA,NA,NA,NA,0.26309,420.19989,-1629.9021,NA,NA,NA,NA,NA,NA,NA,NA,NA
89,0.88,NA,NA,NA,NA,NA,NA,NA,NA,NA,NA,NA,NA,NA,NA,NA,NA,NA,NA,NA,NA,NA,NA,NA,NA,NA,NA,NA,NA,NA,NA,NA,NA,NA,-399.68109,1034.60645,-1591.19849,NA,NA,NA,NA,NA,NA,NA,NA,NA,-3.05894,418.55511,-1625.67273,NA,NA,NA,NA,NA,NA,NA,NA,NA
90,0.89,NA,NA,NA,NA,NA,NA,NA,NA,NA,NA,NA,NA,NA,NA,NA,NA,NA,NA,NA,NA,NA,NA,NA,NA,NA,NA,NA,NA,NA,NA,NA,NA,NA,-402.13437,1031.71521,-1593.28845,NA,NA,NA,NA,NA,NA,NA,NA,NA,-5.49494,418.64655,-1623.32141,NA,NA,NA,NA,NA,NA,NA,NA,NA
91,0.9,NA,NA,NA,NA,NA,NA,NA,NA,NA,NA,NA,NA,NA,NA,NA,NA,NA,NA,NA,NA,NA,NA,NA,NA,NA,NA,NA,NA,NA,NA,NA,NA,NA,-406.5459,1032.03809,-1589.20435,NA,NA,NA,NA,NA,NA,NA,NA,NA,-7.70484,418.64087,-1621.12231,NA,NA,NA,NA,NA,NA,NA,NA,NA
92,0.91,NA,NA,NA,NA,NA,NA,NA,NA,NA,NA,NA,NA,NA,NA,NA,NA,NA,NA,NA,NA,NA,NA,NA,NA,NA,NA,NA,NA,NA,NA,NA,NA,NA,-409.20435,1031.7041,-1588.48254,NA,NA,NA,NA,NA,NA,NA,NA,NA,-11.55573,418.5452,-1617.24561,NA,NA,NA,NA,NA,NA,NA,NA,NA
93,0.92,NA,NA,NA,NA,NA,NA,NA,NA,NA,NA,NA,NA,NA,NA,NA,NA,NA,NA,NA,NA,NA,NA,NA,NA,NA,NA,NA,NA,NA,NA,NA,NA,NA,-413.1727,1032.50085,-1584.83069,NA,NA,NA,NA,NA,NA,NA,NA,NA,-13.95299,417.75888,-1614.63745,NA,NA,NA,NA,NA,NA,NA,NA,NA
94,0.93,NA,NA,NA,NA,NA,NA,NA,NA,NA,NA,NA,NA,NA,NA,NA,NA,NA,NA,NA,NA,NA,NA,NA,NA,NA,NA,NA,NA,NA,NA,NA,NA,NA,-417.60129,1034.18799,-1577.50073,NA,NA,NA,NA,NA,NA,NA,NA,NA,-17.03962,417.91113,-1611.4447,NA,NA,NA,NA,NA,NA,NA,NA,NA
95,0.94,NA,NA,NA,NA,NA,NA,NA,NA,NA,NA,NA,NA,NA,NA,NA,NA,NA,NA,NA,NA,NA,NA,NA,NA,NA,NA,NA,NA,NA,NA,NA,NA,NA,-420.68225,1030.03442,-1582.83203,NA,NA,NA,NA,NA,NA,NA,NA,NA,-19.75441,417.29044,-1608.15381,NA,NA,NA,NA,NA,NA,NA,NA,NA
96,0.95,NA,NA,NA,NA,NA,NA,NA,NA,NA,NA,NA,NA,NA,NA,NA,NA,NA,NA,NA,NA,NA,NA,NA,NA,NA,NA,NA,-593.70905,1149.4729,-1623.65735,NA,NA,NA,-425.35999,1030.76636,-1575.26917,NA,NA,NA,NA,NA,NA,NA,NA,NA,-23.60444,416.53568,-1604.02185,NA,NA,NA,NA,NA,NA,NA,NA,NA
97,0.96,NA,NA,NA,NA,NA,NA,NA,NA,NA,NA,NA,NA,NA,NA,NA,NA,NA,NA,NA,NA,NA,NA,NA,NA,NA,NA,NA,-598.10754,1149.63538,-1620.04858,NA,NA,NA,-429.73862,1031.05103,-1573.87378,NA,NA,NA,NA,NA,NA,NA,NA,NA,-27.40003,415.66312,-1600.54834,NA,NA,NA,NA,NA,NA,NA,NA,NA
98,0.97,NA,NA,NA,NA,NA,NA,NA,NA,NA,NA,NA,NA,NA,NA,NA,NA,NA,NA,NA,NA,NA,NA,NA,NA,NA,NA,NA,-601.43787,1149.29993,-1623.60742,NA,NA,NA,-432.71497,1030.12463,-1574.82312,NA,NA,NA,NA,NA,NA,NA,NA,NA,-29.35636,415.59695,-1598.62134,NA,NA,NA,NA,NA,NA,NA,NA,NA
99,0.98,NA,NA,NA,NA,NA,NA,NA,NA,NA,NA,NA,NA,NA,NA,NA,NA,NA,NA,NA,NA,NA,NA,NA,NA,NA,NA,NA,-605.66687,1148.41235,-1619.08203,NA,NA,NA,-437.78281,1029.95374,-1569.63928,NA,NA,NA,NA,NA,NA,NA,NA,NA,-33.22626,413.88882,-1593.28601,NA,NA,NA,NA,NA,NA,NA,NA,NA
100,0.99,NA,NA,NA,NA,NA,NA,NA,NA,NA,NA,NA,NA,NA,NA,NA,NA,NA,NA,NA,NA,NA,NA,NA,NA,NA,NA,NA,-610.92969,1147.73193,-1615.02222,NA,NA,NA,-443.36487,1028.19788,-1565.85645,NA,NA,NA,NA,NA,NA,NA,NA,NA,-36.90082,413.55356,-1589.71936,NA,NA,NA,NA,NA,NA,NA,NA,NA
101,1,NA,NA,NA,NA,NA,NA,NA,NA,NA,NA,NA,NA,NA,NA,NA,NA,NA,NA,NA,NA,NA,NA,NA,NA,NA,NA,NA,-615.11987,1147.37256,-1614.84607,NA,NA,NA,-447.05957,1028.97046,-1564.58398,NA,NA,NA,NA,NA,NA,NA,NA,NA,-40.06799,413.64386,-1586.38562,NA,NA,NA,NA,NA,NA,NA,NA,NA
102,1.01,NA,NA,NA,NA,NA,NA,NA,NA,NA,NA,NA,NA,NA,NA,NA,NA,NA,NA,NA,NA,NA,NA,NA,NA,NA,NA,NA,-619.289,1146.83667,-1614.52356,NA,NA,NA,-450.81348,1027.1134,-1565.68018,NA,NA,NA,NA,NA,NA,NA,NA,NA,-44.15095,412.34198,-1581.71582,NA,NA,NA,NA,NA,NA,NA,NA,NA
103,1.02,NA,NA,NA,NA,NA,NA,NA,NA,NA,NA,NA,NA,NA,NA,NA,NA,NA,NA,NA,NA,NA,NA,NA,NA,NA,NA,NA,-624.51605,1146.09375,-1610.30554,NA,NA,NA,-457.25134,1026.68494,-1558.17163,NA,NA,NA,NA,NA,NA,NA,NA,NA,-46.82528,412.00323,-1578.30676,NA,NA,NA,NA,NA,NA,NA,NA,NA
104,1.03,NA,NA,NA,NA,NA,NA,NA,NA,NA,NA,NA,NA,NA,NA,NA,NA,NA,NA,NA,NA,NA,NA,NA,NA,NA,NA,NA,-629.10828,1144.8479,-1607.5332,NA,NA,NA,-462.35529,1027.45398,-1554.62524,NA,NA,NA,NA,NA,NA,NA,NA,NA,-50.71605,411.54413,-1574.04639,NA,NA,NA,NA,NA,NA,NA,NA,NA
105,1.04,NA,NA,NA,NA,NA,NA,NA,NA,NA,NA,NA,NA,NA,NA,NA,NA,NA,NA,NA,NA,NA,NA,NA,NA,NA,NA,NA,-633.98309,1145.45911,-1606.27246,NA,NA,NA,-467.58633,1027.43164,-1551.62952,NA,NA,NA,NA,NA,NA,NA,NA,NA,-54.60646,410.24908,-1569.20154,NA,NA,NA,NA,NA,NA,NA,NA,NA
106,1.05,NA,NA,NA,NA,NA,NA,NA,NA,NA,NA,NA,NA,NA,NA,NA,NA,NA,NA,NA,NA,NA,NA,NA,NA,NA,NA,NA,-638.22852,1144.87427,-1606.30469,NA,NA,NA,-472.82147,1024.80542,-1546.04089,NA,NA,NA,NA,NA,NA,NA,NA,NA,-59.22015,410.01089,-1564.66541,NA,NA,NA,NA,NA,NA,NA,NA,NA
107,1.06,NA,NA,NA,NA,NA,NA,NA,NA,NA,NA,NA,NA,NA,NA,NA,NA,NA,NA,NA,NA,NA,NA,NA,NA,NA,NA,NA,-643.13782,1144.62061,-1600.72229,NA,NA,NA,-476.82846,1024.573,-1547.58838,NA,NA,NA,NA,NA,NA,NA,NA,NA,-63.87589,408.64166,-1557.85303,NA,NA,NA,NA,NA,NA,NA,NA,NA
108,1.07,NA,NA,NA,NA,NA,NA,NA,NA,NA,NA,NA,NA,NA,NA,NA,NA,NA,NA,NA,NA,NA,NA,NA,NA,NA,NA,NA,-648.88287,1145.03015,-1596.02063,NA,NA,NA,-481.94281,1024.84387,-1545.29846,NA,NA,NA,NA,NA,NA,NA,NA,NA,-66.89515,408.59799,-1555.04871,NA,NA,NA,NA,NA,NA,NA,NA,NA
109,1.08,NA,NA,NA,NA,NA,NA,NA,NA,NA,NA,NA,NA,NA,NA,NA,NA,NA,NA,NA,NA,NA,NA,NA,NA,NA,NA,NA,-653.42084,1144.48096,-1594.03772,NA,NA,NA,-487.10504,1025.03223,-1541.86768,NA,NA,NA,NA,NA,NA,NA,NA,NA,-71.60893,407.53107,-1549.46179,NA,NA,NA,NA,NA,NA,NA,NA,NA
110,1.09,NA,NA,NA,NA,NA,NA,NA,NA,NA,NA,NA,NA,NA,NA,NA,NA,NA,NA,NA,NA,NA,NA,NA,NA,NA,NA,NA,-657.74561,1145.66479,-1590.32776,NA,NA,NA,-492.25424,1025.59436,-1533.00635,NA,NA,NA,NA,NA,NA,NA,NA,NA,-76.50564,406.9039,-1544.33936,NA,NA,NA,NA,NA,NA,NA,NA,NA
111,1.1,NA,NA,NA,NA,NA,NA,NA,NA,NA,NA,NA,NA,NA,NA,NA,NA,NA,NA,NA,NA,NA,NA,NA,NA,NA,NA,NA,-662.02148,1145.45068,-1590.5929,NA,NA,NA,-497.34027,1024.12598,-1533.83691,NA,NA,NA,NA,NA,NA,NA,NA,NA,-82.11838,405.01849,-1537.55029,NA,NA,NA,NA,NA,NA,NA,NA,NA
112,1.11,NA,NA,NA,NA,NA,NA,NA,NA,NA,NA,NA,NA,NA,NA,NA,NA,NA,NA,NA,NA,NA,NA,NA,NA,NA,NA,NA,-666.71198,1146.70959,-1585.26294,NA,NA,NA,-501.73782,1025.24951,-1530.3855,NA,NA,NA,NA,NA,NA,NA,NA,NA,-86.53409,405.43079,-1532.53772,NA,NA,NA,NA,NA,NA,NA,NA,NA
113,1.12,NA,NA,NA,NA,NA,NA,NA,NA,NA,NA,NA,NA,NA,NA,NA,NA,NA,NA,NA,NA,NA,NA,NA,NA,NA,NA,NA,-671.91016,1147.90686,-1578.27966,NA,NA,NA,-505.6785,1024.96716,-1529.18323,NA,NA,NA,NA,NA,NA,NA,NA,NA,-92.37749,404.02728,-1527.1449,NA,NA,NA,NA,NA,NA,NA,NA,NA
114,1.13,NA,NA,NA,NA,NA,NA,NA,NA,NA,NA,NA,NA,NA,NA,NA,NA,NA,NA,NA,NA,NA,NA,NA,NA,NA,NA,NA,-676.54944,1150.43262,-1573.89978,NA,NA,NA,-510.7847,1024.86462,-1524.56787,NA,NA,NA,NA,NA,NA,NA,NA,NA,-97.42026,402.79013,-1521.6106,NA,NA,NA,NA,NA,NA,NA,NA,NA
115,1.14,NA,NA,NA,NA,NA,NA,NA,NA,NA,NA,NA,NA,NA,NA,NA,NA,NA,NA,NA,NA,NA,NA,NA,NA,NA,NA,NA,-679.04089,1152.21362,-1575.047,NA,NA,NA,-515.78278,1025.10693,-1519.49048,NA,NA,NA,NA,NA,NA,NA,NA,NA,-103.51547,402.07202,-1515.04126,NA,NA,NA,NA,NA,NA,NA,NA,NA
116,1.15,NA,NA,NA,NA,NA,NA,NA,NA,NA,NA,NA,NA,NA,NA,NA,NA,NA,NA,NA,NA,NA,NA,NA,NA,NA,NA,NA,-683.44568,1153.72949,-1569.78235,NA,NA,NA,-520.01123,1024.36707,-1519.70654,NA,NA,NA,NA,NA,NA,NA,NA,NA,-109.73351,401.47617,-1509.78564,NA,NA,NA,NA,NA,NA,NA,NA,NA
117,1.16,NA,NA,NA,NA,NA,NA,NA,NA,NA,NA,NA,NA,NA,NA,NA,NA,NA,NA,NA,NA,NA,NA,NA,NA,NA,NA,NA,-687.22772,1155.59741,-1564.93054,NA,NA,NA,-524.05695,1025.91956,-1514.61646,NA,NA,NA,NA,NA,NA,NA,NA,NA,-117.03237,400.88495,-1501.84705,NA,NA,NA,NA,NA,NA,NA,NA,NA
118,1.17,NA,NA,NA,NA,NA,NA,NA,NA,NA,NA,NA,NA,NA,NA,NA,NA,NA,NA,NA,NA,NA,NA,NA,NA,NA,NA,NA,-692.1532,1158.42834,-1558.04126,NA,NA,NA,-529.55634,1025.6488,-1514.31958,NA,NA,NA,NA,NA,NA,NA,NA,NA,-123.97926,401.60965,-1495.36072,NA,NA,NA,NA,NA,NA,NA,NA,NA
119,1.18,NA,NA,NA,NA,NA,NA,NA,NA,NA,NA,NA,NA,NA,NA,NA,NA,NA,NA,NA,NA,NA,NA,NA,NA,NA,NA,NA,-694.48236,1160.17078,-1557.23865,NA,NA,NA,-534.07971,1027.02771,-1508.04663,NA,NA,NA,NA,NA,NA,NA,NA,NA,-132.76422,400.89801,-1485.88916,NA,NA,NA,NA,NA,NA,NA,NA,NA
120,1.19,NA,NA,NA,NA,NA,NA,NA,NA,NA,NA,NA,NA,NA,NA,NA,NA,NA,NA,NA,NA,NA,NA,NA,NA,NA,NA,NA,-698.3335,1163.55627,-1550.90955,NA,NA,NA,-539.80896,1027.6853,-1503.45459,NA,NA,NA,NA,NA,NA,NA,NA,NA,-143.56494,402.25909,-1476.41321,NA,NA,NA,NA,NA,NA,NA,NA,NA
121,1.2,NA,NA,NA,NA,NA,NA,NA,NA,NA,NA,NA,NA,NA,NA,NA,NA,NA,NA,NA,NA,NA,NA,NA,NA,NA,NA,NA,-702.7663,1166.30554,-1546.20142,NA,NA,NA,-544.32269,1026.84387,-1500.60303,NA,NA,NA,NA,NA,NA,NA,NA,NA,-154.89853,401.81689,-1465.82227,NA,NA,NA,NA,NA,NA,NA,NA,NA
122,1.21,NA,NA,NA,NA,NA,NA,NA,NA,NA,NA,NA,NA,NA,NA,NA,NA,NA,NA,NA,NA,NA,NA,NA,NA,NA,NA,NA,-707.38806,1169.73035,-1539.01318,NA,NA,NA,-548.96887,1027.55859,-1498.50623,NA,NA,NA,NA,NA,NA,NA,NA,NA,-165.32539,400.95715,-1456.94226,NA,NA,NA,NA,NA,NA,NA,NA,NA
123,1.22,NA,NA,NA,NA,NA,NA,NA,NA,NA,NA,NA,NA,NA,NA,NA,NA,NA,NA,NA,NA,NA,NA,NA,NA,NA,NA,NA,-709.38245,1170.53772,-1544.54578,NA,NA,NA,-553.60767,1028.52795,-1496.43335,NA,NA,NA,NA,NA,NA,NA,NA,NA,-177.03113,400.75528,-1446.44495,NA,NA,NA,NA,NA,NA,NA,NA,NA
124,1.23,NA,NA,NA,NA,NA,NA,NA,NA,NA,NA,NA,NA,NA,NA,NA,NA,NA,NA,NA,NA,NA,NA,NA,NA,NA,NA,NA,-713.49622,1172.18018,-1538.39307,NA,NA,NA,-558.15045,1029.03223,-1496.1084,NA,NA,NA,NA,NA,NA,NA,NA,NA,-188.34103,401.83069,-1437.84888,NA,NA,NA,NA,NA,NA,NA,NA,NA
125,1.24,NA,NA,NA,NA,NA,NA,NA,NA,NA,NA,NA,NA,NA,NA,NA,NA,NA,NA,NA,NA,NA,NA,NA,NA,NA,NA,NA,-717.80219,1174.65613,-1533.13135,NA,NA,NA,-563.6355,1029.2854,-1490.01001,NA,NA,NA,NA,NA,NA,NA,NA,NA,-200.31955,400.17645,-1426.09753,NA,NA,NA,NA,NA,NA,NA,NA,NA
126,1.25,NA,NA,NA,NA,NA,NA,NA,NA,NA,NA,NA,NA,NA,NA,NA,NA,NA,NA,NA,NA,NA,NA,NA,NA,NA,NA,NA,-719.81812,1173.19495,-1537.61707,NA,NA,NA,-568.44476,1028.19958,-1483.09497,NA,NA,NA,NA,NA,NA,NA,NA,NA,-207.90703,404.47375,-1416.7511,NA,NA,NA,NA,NA,NA,NA,NA,NA
127,1.26,NA,NA,NA,NA,NA,NA,NA,NA,NA,NA,NA,NA,NA,NA,NA,NA,NA,NA,NA,NA,NA,NA,NA,NA,NA,NA,NA,-724.52667,1174.10608,-1527.99243,NA,NA,NA,-574.35938,1028.052,-1479.26758,NA,NA,NA,NA,NA,NA,NA,NA,NA,-215.3696,408.02795,-1406.64636,NA,NA,NA,NA,NA,NA,NA,NA,NA
128,1.27,NA,NA,NA,NA,NA,NA,NA,NA,NA,NA,NA,NA,NA,NA,NA,NA,NA,NA,NA,NA,NA,NA,NA,NA,NA,NA,NA,-727.62231,1173.24817,-1525.96704,NA,NA,NA,-578.68097,1024.09937,-1476.22412,NA,NA,NA,NA,NA,NA,NA,NA,NA,-221.26996,411.07938,-1396.76135,NA,NA,NA,NA,NA,NA,NA,NA,NA
129,1.28,NA,NA,NA,NA,NA,NA,NA,NA,NA,NA,NA,NA,NA,NA,NA,NA,NA,NA,NA,NA,NA,NA,NA,NA,NA,NA,NA,-730.17395,1174.06421,-1522.93909,NA,NA,NA,-584.97345,1020.09686,-1470.42566,NA,NA,NA,NA,NA,NA,NA,NA,NA,-229.39894,413.57755,-1383.89087,NA,NA,NA,NA,NA,NA,NA,NA,NA
130,1.29,NA,NA,NA,NA,NA,NA,NA,NA,NA,NA,NA,NA,NA,NA,NA,NA,NA,NA,NA,NA,NA,NA,NA,NA,NA,NA,NA,-734.27551,1173.98242,-1520.36719,NA,NA,NA,-591.01465,1016.14758,-1463.43958,NA,NA,NA,NA,NA,NA,NA,NA,NA,-236.06128,416.29782,-1372.40662,NA,NA,NA,NA,NA,NA,NA,NA,NA
131,1.3,NA,NA,NA,NA,NA,NA,NA,NA,NA,NA,NA,NA,NA,NA,NA,NA,NA,NA,NA,NA,NA,NA,NA,NA,NA,NA,NA,-736.80054,1171.14441,-1515.83484,NA,NA,NA,-597.86597,1011.4693,-1460.26953,NA,NA,NA,NA,NA,NA,NA,NA,NA,-243.31197,417.43399,-1357.31995,NA,NA,NA,NA,NA,NA,NA,NA,NA
132,1.31,NA,NA,NA,NA,NA,NA,NA,NA,NA,NA,NA,NA,NA,NA,NA,NA,NA,NA,NA,NA,NA,NA,NA,NA,NA,NA,NA,-739.10022,1170.43677,-1514.54199,NA,NA,NA,-603.5556,1007.68365,-1451.67761,NA,NA,NA,NA,NA,NA,NA,NA,NA,-249.92511,419.97623,-1344.18103,NA,NA,NA,NA,NA,NA,NA,NA,NA
133,1.32,NA,NA,NA,NA,NA,NA,NA,NA,NA,NA,NA,NA,NA,NA,NA,NA,NA,NA,NA,NA,NA,NA,NA,NA,NA,NA,NA,-741.39404,1169.25671,-1508.13965,NA,NA,NA,-611.32867,1003.94843,-1441.02148,NA,NA,NA,NA,NA,NA,NA,NA,NA,-257.08813,422.09683,-1329.39575,NA,NA,NA,NA,NA,NA,NA,NA,NA
134,1.33,NA,NA,NA,NA,NA,NA,NA,NA,NA,NA,NA,NA,NA,NA,NA,NA,NA,NA,NA,NA,NA,NA,NA,NA,NA,NA,NA,-743.49176,1166.18188,-1506.64368,NA,NA,NA,-617.39172,999.43243,-1434.172,NA,NA,NA,NA,NA,NA,NA,NA,NA,-263.48856,424.2034,-1315.97864,NA,NA,NA,NA,NA,NA,NA,NA,NA
135,1.34,NA,NA,NA,NA,NA,NA,NA,NA,NA,NA,NA,NA,NA,NA,NA,NA,NA,NA,NA,NA,NA,NA,NA,NA,NA,NA,NA,-746.414,1165.40466,-1496.19739,NA,NA,NA,-623.95081,994.56,-1429.63965,NA,NA,NA,NA,NA,NA,NA,NA,NA,-269.94278,426.25775,-1301.35852,NA,NA,NA,NA,NA,NA,NA,NA,NA
136,1.35,NA,NA,NA,NA,NA,NA,NA,NA,NA,NA,NA,NA,NA,NA,NA,NA,NA,NA,NA,NA,NA,NA,NA,NA,NA,NA,NA,-747.89929,1161.62927,-1496.79089,NA,NA,NA,-629.82111,990.04529,-1416.67529,NA,NA,NA,NA,NA,NA,NA,NA,NA,-277.7854,427.63354,-1286.7478,NA,NA,NA,NA,NA,NA,NA,NA,NA
137,1.36,NA,NA,NA,NA,NA,NA,NA,NA,NA,NA,NA,NA,NA,NA,NA,NA,NA,NA,NA,NA,NA,NA,NA,NA,NA,NA,NA,-750.43658,1159.62781,-1487.43713,NA,NA,NA,-637.1687,982.91864,-1413.50842,NA,NA,NA,NA,NA,NA,NA,NA,NA,-283.74408,429.65393,-1273.10657,NA,NA,NA,NA,NA,NA,NA,NA,NA
138,1.37,NA,NA,NA,NA,NA,NA,NA,NA,NA,NA,NA,NA,NA,NA,NA,NA,NA,NA,NA,NA,NA,NA,NA,NA,NA,NA,NA,-752.56403,1156.53516,-1486.08789,NA,NA,NA,-642.22522,979.73267,-1399.81714,NA,NA,NA,NA,NA,NA,NA,NA,NA,-291.94113,431.94727,-1257.49121,NA,NA,NA,NA,NA,NA,NA,NA,NA
139,1.38,NA,NA,NA,NA,NA,NA,NA,NA,NA,NA,NA,NA,NA,NA,NA,NA,NA,NA,NA,NA,NA,NA,NA,NA,NA,NA,NA,-753.96967,1154.17053,-1481.73865,NA,NA,NA,-649.41724,974.00647,-1389.37256,NA,NA,NA,NA,NA,NA,NA,NA,NA,-297.86047,434.96246,-1246.13245,NA,NA,NA,NA,NA,NA,NA,NA,NA
140,1.39,NA,NA,NA,NA,NA,NA,NA,NA,NA,NA,NA,NA,NA,NA,NA,NA,NA,NA,NA,NA,NA,NA,NA,NA,NA,NA,NA,-757.43268,1151.1814,-1472.26563,NA,NA,NA,-655.66846,968.34369,-1380.35535,NA,NA,NA,NA,NA,NA,NA,NA,NA,-306.66028,437.29538,-1229.64026,NA,NA,NA,NA,NA,NA,NA,NA,NA
141,1.4,NA,NA,NA,NA,NA,NA,NA,NA,NA,NA,NA,NA,NA,NA,NA,NA,NA,NA,NA,NA,NA,NA,NA,NA,NA,NA,NA,-758.86401,1146.81323,-1471.96802,NA,NA,NA,-664.79596,961.75018,-1376.90784,NA,NA,NA,NA,NA,NA,NA,NA,NA,-313.45657,440.90872,-1215.60767,NA,NA,NA,NA,NA,NA,NA,NA,NA
142,1.41,NA,NA,NA,NA,NA,NA,NA,NA,NA,NA,NA,NA,NA,NA,NA,NA,NA,NA,NA,NA,NA,NA,NA,NA,NA,NA,NA,-761.74524,1146.45227,-1461.12036,NA,NA,NA,-672.18182,956.4325,-1365.95276,NA,NA,NA,NA,NA,NA,NA,NA,NA,-322.04413,444.20459,-1202.87708,NA,NA,NA,NA,NA,NA,NA,NA,NA
143,1.42,NA,NA,NA,NA,NA,NA,NA,NA,NA,NA,NA,NA,NA,NA,NA,NA,NA,NA,NA,NA,NA,NA,NA,NA,NA,NA,NA,-764.42004,1142.14441,-1457.03003,NA,NA,NA,-679.21069,949.36023,-1361.23096,NA,NA,NA,-565.91937,977.85699,-1340.11218,NA,NA,NA,-329.45636,448.59927,-1189.71484,NA,NA,NA,NA,NA,NA,NA,NA,NA
144,1.43,NA,NA,NA,NA,NA,NA,NA,NA,NA,NA,NA,NA,NA,NA,NA,NA,NA,NA,NA,NA,NA,NA,NA,NA,NA,NA,NA,-767.65961,1141.12476,-1438.99915,NA,NA,NA,-688.58008,943.41284,-1349.13831,NA,NA,NA,-567.4903,973.91345,-1342.52722,NA,NA,NA,-338.10922,451.92957,-1176.41479,NA,NA,NA,NA,NA,NA,NA,NA,NA
145,1.44,NA,NA,NA,NA,NA,NA,NA,NA,NA,NA,NA,NA,NA,NA,NA,NA,NA,NA,NA,NA,NA,NA,NA,NA,NA,NA,NA,-769.65894,1133.6532,-1447.48413,NA,NA,NA,-696.99713,937.48993,-1340.48999,NA,NA,NA,-570.96783,975.31348,-1330.87073,NA,NA,NA,-346.77185,456.10291,-1163.83643,NA,NA,NA,NA,NA,NA,NA,NA,NA
146,1.45,NA,NA,NA,NA,NA,NA,NA,NA,NA,NA,NA,NA,NA,NA,NA,NA,NA,NA,NA,NA,NA,NA,NA,NA,NA,NA,NA,-772.44855,1133.49536,-1427.39465,NA,NA,NA,-705.22931,931.48419,-1324.10938,NA,NA,NA,-573.06116,972.81189,-1328.10376,NA,NA,NA,-354.54803,458.88,-1152.31873,NA,NA,NA,NA,NA,NA,NA,NA,NA
147,1.46,NA,NA,NA,NA,NA,NA,NA,NA,NA,NA,NA,NA,NA,NA,NA,NA,NA,NA,NA,NA,NA,NA,NA,NA,NA,NA,NA,-773.68433,1129.87024,-1423.4104,NA,NA,NA,-714.91333,924.55225,-1323.51343,NA,NA,NA,-576.57813,971.42963,-1319.14954,NA,NA,NA,-361.50925,462.30487,-1143.32446,NA,NA,NA,NA,NA,NA,NA,NA,NA
148,1.47,NA,NA,NA,NA,NA,NA,NA,NA,NA,NA,NA,NA,NA,NA,NA,NA,NA,NA,NA,NA,NA,NA,NA,NA,-186.11967,1120.69458,-1319.96777,-777.23895,1124.10193,-1426.87695,NA,NA,NA,-723.22852,919.54138,-1306.30554,-457.36572,994.10944,-1274.03015,-578.646,969.82538,-1317.75537,NA,NA,NA,-368.68475,466.33002,-1134.72412,NA,NA,NA,NA,NA,NA,NA,NA,NA
149,1.48,NA,NA,NA,NA,NA,NA,NA,NA,NA,NA,NA,NA,NA,NA,NA,NA,NA,NA,NA,NA,NA,NA,NA,NA,-191.80128,1115.51758,-1317.45471,-777.28003,1121.93225,-1411.98718,NA,NA,NA,-732.62958,913.42572,-1298.16174,-460.95871,995.77051,-1260.90588,-582.23468,968.34583,-1314.18848,NA,NA,NA,-375.70905,468.23431,-1127.1521,NA,NA,NA,NA,NA,NA,NA,NA,NA
150,1.49,NA,NA,NA,NA,NA,NA,NA,NA,NA,NA,NA,NA,NA,NA,NA,NA,NA,NA,NA,NA,NA,NA,NA,NA,-196.31839,1111.71057,-1308.00488,-778.2981,1117.87549,-1407.09412,NA,NA,NA,-741.40442,906.7132,-1293.34888,-463.83942,994.97974,-1255.40771,-584.84436,967.12231,-1309.0271,NA,NA,NA,-382.37665,468.52606,-1119.06067,NA,NA,NA,NA,NA,NA,NA,NA,NA
151,1.5,NA,NA,NA,NA,NA,NA,NA,NA,NA,NA,NA,NA,NA,NA,NA,NA,NA,NA,NA,NA,NA,NA,NA,NA,-201.87189,1102.76587,-1310.50684,-779.92529,1113.28503,-1399.92456,NA,NA,NA,-751.38074,900.57367,-1287.21301,-466.13278,994.19452,-1244.05017,-587.79608,966.91602,-1303.58191,NA,NA,NA,-389.05936,469.89044,-1111.40906,NA,NA,NA,NA,NA,NA,NA,NA,NA
152,1.51,NA,NA,NA,NA,NA,NA,NA,NA,NA,NA,NA,NA,NA,NA,NA,NA,NA,NA,NA,NA,NA,NA,NA,NA,-207.51686,1098.5968,-1301.21509,-780.89301,1108.63586,-1393.57971,NA,NA,NA,-759.78455,893.49377,-1279.43518,-471.80835,991.61981,-1243.11462,-591.28717,963.71014,-1302.05701,NA,NA,NA,-394.50464,469.55298,-1106.74792,NA,NA,NA,NA,NA,NA,NA,NA,NA
153,1.52,NA,NA,NA,NA,NA,NA,NA,NA,NA,NA,NA,NA,NA,NA,NA,NA,NA,NA,NA,NA,NA,NA,NA,NA,-213.91415,1093.15894,-1297.15417,-781.71851,1104.27136,-1387.08545,NA,NA,NA,-766.25781,888.43042,-1272.00403,-474.64258,991.58813,-1232.27319,-593.74933,964.99054,-1293.00195,NA,NA,NA,-400.81122,467.9957,-1101.66504,NA,NA,NA,NA,NA,NA,NA,NA,NA
154,1.53,NA,NA,NA,NA,NA,NA,NA,NA,NA,NA,NA,NA,NA,NA,NA,NA,NA,NA,NA,NA,NA,NA,NA,NA,-220.31105,1088.9425,-1289.84387,-782.46313,1099.48279,-1379.56885,NA,NA,NA,-773.35321,881.27814,-1273.2384,-477.55048,989.14966,-1228.8739,-597.8175,963.61932,-1285.69849,NA,NA,NA,-405.62943,465.62262,-1099.32813,NA,NA,NA,NA,NA,NA,NA,NA,NA
155,1.54,NA,NA,NA,NA,NA,NA,NA,NA,NA,NA,NA,NA,NA,NA,NA,NA,NA,NA,NA,NA,NA,NA,NA,NA,-227.83586,1084.17029,-1285.6604,-782.9696,1095.12402,-1372.46875,NA,NA,NA,-779.87616,875.73279,-1268.48877,-481.52643,989.32001,-1223.19214,-599.00073,962.51471,-1277.75,NA,NA,NA,-411.62924,463.60861,-1097.60327,NA,NA,NA,NA,NA,NA,NA,NA,NA
156,1.55,NA,NA,NA,NA,NA,NA,NA,NA,NA,NA,NA,NA,NA,NA,NA,NA,NA,NA,NA,NA,NA,NA,NA,NA,-233.8172,1080.02258,-1276.40906,-783.10889,1091.43909,-1366.61804,NA,NA,NA,-785.24701,870.75494,-1261.79956,-485.61401,987.6665,-1216.7738,-603.38611,959.8905,-1272.12061,NA,NA,NA,-417.99673,460.65479,-1094.69287,NA,NA,NA,NA,NA,NA,NA,NA,NA
157,1.56,NA,NA,NA,NA,NA,NA,NA,NA,NA,NA,NA,NA,NA,NA,NA,NA,NA,NA,NA,NA,NA,NA,NA,NA,-240.54765,1073.55408,-1275.16321,-783.06012,1088.56775,-1362.45422,NA,NA,NA,-789.59662,868.57928,-1247.18115,-488.89996,986.40442,-1206.69531,-606.44885,958.91199,-1266.18506,NA,NA,NA,-425.66919,457.14249,-1092.03369,NA,NA,NA,NA,NA,NA,NA,NA,NA
158,1.57,NA,NA,NA,NA,NA,NA,NA,NA,NA,NA,NA,NA,NA,NA,NA,NA,NA,NA,NA,NA,NA,NA,NA,NA,-246.03377,1068.12939,-1272.19763,-783.56311,1085.99146,-1357.70605,NA,NA,NA,-793.65546,865.41754,-1246.60083,-491.58478,984.71484,-1199.54834,-608.85034,956.63202,-1258.81604,NA,NA,NA,-432.16589,454.39035,-1091.3988,NA,NA,NA,NA,NA,NA,NA,NA,NA
159,1.58,NA,NA,NA,NA,NA,NA,NA,NA,NA,NA,NA,NA,NA,NA,NA,NA,NA,NA,NA,NA,NA,NA,NA,NA,-252.53165,1062.83362,-1267.5249,-784.83423,1082.14026,-1349.49329,NA,NA,NA,-796.245,860.88092,-1243.0188,-495.84164,982.23547,-1194.48779,-613.50897,955.79871,-1250.78223,NA,NA,NA,-439.11197,450.2836,-1091.3479,NA,NA,NA,NA,NA,NA,NA,NA,NA
160,1.59,NA,NA,NA,NA,NA,NA,NA,NA,NA,NA,NA,NA,NA,NA,NA,NA,NA,NA,NA,NA,NA,NA,NA,NA,-257.74298,1058.43738,-1262.83484,-785.99121,1080.02478,-1343.79272,NA,NA,NA,-798.69659,858.09619,-1226.16858,-498.73779,980.91626,-1184.98047,-616.14166,953.5813,-1243.94519,NA,NA,NA,-446.11469,448.08047,-1089.68237,NA,NA,NA,NA,NA,NA,NA,NA,NA
161,1.6,NA,NA,NA,NA,NA,NA,NA,NA,NA,NA,NA,NA,NA,NA,NA,NA,NA,NA,NA,NA,NA,NA,NA,NA,-263.33624,1053.33093,-1256.6875,-788.01196,1076.7832,-1334.36084,NA,NA,NA,-800.55804,856.66357,-1218.95703,-501.04553,979.47064,-1178.03552,-619.0191,949.45728,-1240.98938,NA,NA,NA,-452.63361,445.37726,-1088.57922,NA,NA,NA,NA,NA,NA,NA,NA,NA
162,1.61,NA,NA,NA,NA,NA,NA,NA,NA,NA,NA,NA,NA,NA,NA,NA,NA,NA,NA,NA,NA,NA,NA,NA,NA,-269.05667,1048.86365,-1251.69739,-790.00378,1075.547,-1327.76514,NA,NA,NA,-803.36316,854.17261,-1210.93469,-505.82571,976.43597,-1170.00378,-623.06226,948.00726,-1230.86609,NA,NA,NA,-459.34845,443.04169,-1086.4635,NA,NA,NA,NA,NA,NA,NA,NA,NA
163,1.62,NA,NA,NA,NA,NA,NA,NA,NA,NA,NA,NA,NA,NA,NA,NA,NA,NA,NA,NA,NA,NA,NA,NA,NA,-274.04327,1045.53101,-1246.50635,-792.96997,1072.78772,-1316.80676,NA,NA,NA,-803.92926,852.92261,-1202.23755,-508.79825,974.15594,-1162.84277,-626.93976,945.57422,-1221.20911,NA,NA,NA,-465.19806,441.95279,-1078.4104,NA,NA,NA,NA,NA,NA,NA,NA,NA
164,1.63,NA,NA,NA,NA,NA,NA,NA,NA,NA,NA,NA,NA,NA,NA,NA,NA,NA,NA,NA,NA,NA,NA,NA,NA,-278.93704,1042.31055,-1243.64453,-795.79578,1072.0304,-1309.64929,NA,NA,NA,-805.55316,850.96362,-1194.38708,-513.00061,971.75879,-1155.45691,-630.04779,943.42938,-1211.43701,NA,NA,NA,-471.72485,440.5892,-1075.39258,NA,NA,NA,NA,NA,NA,NA,NA,NA
165,1.64,NA,NA,NA,NA,NA,NA,NA,NA,NA,NA,NA,NA,NA,NA,NA,NA,NA,NA,NA,NA,NA,NA,NA,NA,-283.27948,1040.4834,-1237.94238,-799.84991,1069.4397,-1298.61035,NA,NA,NA,-805.74548,850.3869,-1178.89624,-516.36658,970.72046,-1143.36731,-634.65546,940.58417,-1206.82178,NA,NA,NA,-476.77618,437.94711,-1068.87561,NA,NA,NA,NA,NA,NA,NA,NA,NA
166,1.65,NA,NA,NA,NA,NA,NA,NA,NA,NA,NA,NA,NA,NA,NA,NA,-712.11212,1389.01538,-1287.20093,-554.26068,1284.1106,-1102.08142,NA,NA,NA,-288.6113,1037.86584,-1230.66882,-803.35175,1069.43372,-1293.17041,NA,NA,NA,-807.61127,849.37335,-1170.90234,-521.01331,967.70923,-1138.45044,-638.24982,938.66193,-1199.79919,NA,NA,NA,-482.02988,434.72205,-1067.82764,NA,NA,NA,NA,NA,NA,NA,NA,NA
167,1.66,NA,NA,NA,NA,NA,NA,NA,NA,NA,NA,NA,NA,NA,NA,NA,-715.53119,1386.86377,-1277.38403,-579.7403,1264.87427,-1177.93872,NA,NA,NA,-293.43198,1035.60291,-1225.18298,-807.68329,1066.67981,-1281.81506,NA,NA,NA,-808.763,848.23334,-1162.67786,-524.89258,966.50385,-1126.72571,-642.36859,935.98767,-1185.02075,NA,NA,NA,-484.78674,431.6741,-1063.24341,NA,NA,NA,NA,NA,NA,NA,NA,NA
168,1.67,NA,NA,NA,NA,NA,NA,NA,NA,NA,NA,NA,NA,NA,NA,NA,-718.86566,1385.99304,-1270.35571,-583.91425,1263.50122,-1169.26782,NA,NA,NA,-297.90952,1033.24768,-1218.55103,-812.37335,1064.59314,-1270.72473,NA,NA,NA,-810.92102,846.7132,-1151.99927,-530.27679,964.33948,-1120.64697,-647.19513,934.97656,-1179.88696,NA,NA,NA,-489.2659,426.81577,-1056.88184,NA,NA,NA,NA,NA,NA,NA,NA,NA
169,1.68,NA,NA,NA,NA,NA,NA,NA,NA,NA,NA,NA,NA,NA,NA,NA,-721.97516,1383.61426,-1259.87561,-587.85278,1261.85693,-1160.01465,NA,NA,NA,-300.20996,1031.66931,-1214.84827,-817.11768,1062.31421,-1260.26514,NA,NA,NA,-812.82819,844.74103,-1144.36279,-535.26086,961.98108,-1107.41663,-652.1413,932.77502,-1174.42944,NA,NA,NA,-493.4317,423.65219,-1051.93945,NA,NA,NA,NA,NA,NA,NA,NA,NA
170,1.69,NA,NA,NA,-415.34641,1380.78357,-1168.92651,NA,NA,NA,NA,NA,NA,NA,NA,NA,-725.52484,1382.55566,-1251.32849,-591.8905,1259.48987,-1149.88513,NA,NA,NA,-305.49725,1030.47937,-1205.71545,-821.35925,1062.00476,-1253.95605,NA,NA,NA,-814.93243,844.38892,-1133.65796,-538.70264,961.16541,-1098.36511,-655.53357,931.23212,-1162.27686,NA,NA,NA,-496.6048,418.94882,-1045.24048,NA,NA,NA,NA,NA,NA,NA,NA,NA
171,1.7,NA,NA,NA,-418.91843,1378.6134,-1156.58887,NA,NA,NA,NA,NA,NA,NA,NA,NA,-728.54596,1381.94153,-1244.10132,-595.04712,1257.87976,-1140.74854,NA,NA,NA,-309.60663,1029.15503,-1196.94312,-825.82721,1060.89294,-1244.92004,NA,NA,NA,-816.36078,843.34888,-1124.7749,-545.11279,958.4563,-1090.79333,-660.57587,931.59692,-1152.38831,NA,NA,NA,-500.04681,416.01492,-1040.38562,NA,NA,NA,NA,NA,NA,NA,NA,NA
172,1.71,NA,NA,NA,-422.35748,1376.94922,-1145.16125,NA,NA,NA,NA,NA,NA,NA,NA,NA,-732.61066,1380.67603,-1232.84412,-601.20239,1258.42847,-1131.6394,NA,NA,NA,-313.54141,1028.20654,-1187.16382,-829.23956,1059.77637,-1237.56982,NA,NA,NA,-819.73895,841.69379,-1120.76404,-550.30328,957.64069,-1082.7406,-664.99841,929.552,-1142.75049,NA,NA,NA,-503.23877,413.20346,-1035.4967,NA,NA,NA,NA,NA,NA,NA,NA,NA
173,1.72,NA,NA,NA,-426.11154,1377.0686,-1137.75562,NA,NA,NA,NA,NA,NA,NA,NA,NA,-736.14233,1380.86304,-1224.80676,-604.37634,1256.86194,-1122.16028,NA,NA,NA,-317.50497,1025.6449,-1177.71277,-832.80908,1059.59668,-1231.7782,NA,NA,NA,-821.66949,841.05664,-1112.58618,-555.74628,956.29913,-1071.40308,-670.14655,927.39252,-1137.97998,NA,NA,NA,-506.6965,411.24692,-1028.90076,NA,NA,NA,NA,NA,NA,NA,NA,NA
174,1.73,NA,NA,NA,-429.84094,1375.61987,-1124.66321,NA,NA,NA,NA,NA,NA,NA,NA,NA,-739.16992,1380.81714,-1216.00781,-608.54956,1256.91943,-1112.97241,NA,NA,NA,-320.96936,1024.97217,-1168.06567,-837.15686,1058.81482,-1222.0127,NA,NA,NA,-823.70044,839.91705,-1106.0658,-560.03003,955.40399,-1060.50696,-674.36169,928.05322,-1127.32007,NA,NA,NA,-510.98425,409.98169,-1018.53131,NA,NA,NA,NA,NA,NA,NA,NA,NA
175,1.74,NA,NA,NA,-433.07355,1376.0636,-1116.85278,NA,NA,NA,NA,NA,NA,NA,NA,NA,-742.72809,1381.1377,-1208.68872,-612.33478,1257.47058,-1103.62329,NA,NA,NA,-325.94788,1023.15686,-1156.28284,-840.75293,1058.88501,-1213.42957,NA,NA,NA,-826.03448,841.6264,-1095.42224,-564.9433,955.64276,-1050.75281,-679.01935,928.51172,-1118.65039,NA,NA,NA,-516.33783,411.42972,-1007.51508,NA,NA,NA,NA,NA,NA,NA,NA,NA
176,1.75,NA,NA,NA,-436.52573,1376.40771,-1107.26001,NA,NA,NA,NA,NA,NA,NA,NA,NA,-746.46613,1382.72693,-1199.4657,-616.93451,1257.52844,-1092.46753,NA,NA,NA,-330.95807,1025.9386,-1133.15405,-844.19031,1059.60938,-1205.43494,NA,NA,NA,-827.13947,841.69287,-1087.90906,-569.33362,955.57489,-1040.17908,-682.22144,929.77771,-1103.04529,NA,NA,NA,-521.50812,412.89108,-996.99091,NA,NA,NA,NA,NA,NA,NA,NA,NA
177,1.76,NA,NA,NA,-439.95056,1376.95911,-1096.91736,NA,NA,NA,NA,NA,NA,NA,NA,NA,-749.82556,1384.33179,-1190.09692,-620.37927,1259.8446,-1083.23169,NA,NA,NA,-336.41379,1025.42505,-1120.94373,-847.51849,1061.05798,-1198.08496,NA,NA,NA,-830.74274,841.40857,-1083.86719,-573.12634,957.4563,-1029.80847,-686.99084,931.76935,-1093.46228,NA,NA,NA,-527.76617,415.6275,-983.09167,NA,NA,NA,NA,NA,NA,NA,NA,NA
178,1.77,NA,NA,NA,-443.09229,1378.59937,-1089.42529,NA,NA,NA,NA,NA,NA,NA,NA,NA,-753.15845,1385.6571,-1180.50671,-623.30334,1260.60889,-1073.04321,NA,NA,NA,-341.46796,1026.12292,-1108.88708,-849.96094,1063.07678,-1192.43201,NA,NA,NA,-833.44647,841.68018,-1080.36365,-576.12292,959.38605,-1016.47418,-690.34088,932.66272,-1082.02368,NA,NA,NA,-533.42755,417.75586,-968.79572,NA,NA,NA,NA,NA,NA,NA,NA,NA
179,1.78,NA,NA,NA,-446.7525,1380.14001,-1079.5946,NA,NA,NA,NA,NA,NA,NA,NA,NA,-756.59497,1387.46899,-1171.42065,-627.77057,1263.26624,-1064.17273,NA,NA,NA,-346.51263,1027.7627,-1096.02673,-852.74005,1063.90808,-1182.8501,NA,NA,NA,-834.97815,845.43347,-1064.24841,-580.6955,961.2002,-1010.52728,-693.28088,934.79932,-1070.30469,NA,NA,NA,-538.55511,420.98737,-956.58685,NA,NA,NA,-638.6344,118.55243,-846.73511,NA,NA,NA
180,1.79,NA,NA,NA,-450.13614,1381.81531,-1070.23022,NA,NA,NA,NA,NA,NA,NA,NA,NA,-759.80084,1389.53271,-1161.94458,-631.28766,1264.71631,-1054.41479,NA,NA,NA,-350.95291,1029.427,-1083.46899,-855.62097,1066.078,-1174.90112,NA,NA,NA,-837.25012,846.87384,-1057.26099,-583.86169,965.60828,-993.06329,-697.04523,936.92346,-1060.32019,NA,NA,NA,-543.94489,422.95074,-943.3739,NA,NA,NA,-642.84784,116.53385,-842.18311,NA,NA,NA
181,1.8,NA,NA,NA,-453.48221,1383.78882,-1061.24329,NA,NA,NA,NA,NA,NA,NA,NA,NA,-762.98376,1391.70239,-1152.71924,-635.13135,1268.22034,-1044.87585,NA,NA,NA,-357.14047,1028.30078,-1074.33203,-856.36743,1069.92517,-1172.60254,NA,NA,NA,-839.98022,849.33447,-1051.15686,-587.6731,967.60706,-984.6499,-701.30115,940.40741,-1048.27576,NA,NA,NA,-546.87207,427.51273,-925.06677,NA,NA,NA,-648.44177,113.83315,-840.33295,NA,NA,NA
182,1.81,NA,NA,NA,-456.29926,1385.42725,-1050.87158,NA,NA,NA,NA,NA,NA,NA,NA,NA,-765.80756,1394.19141,-1144.42615,-638.23029,1270.5708,-1035.10144,-592.85474,1376.66895,-1207.25684,-361.98874,1031.06555,-1061.11389,-858.6358,1072.04858,-1164.69141,NA,NA,NA,-844.32782,851.27026,-1044.00879,-591.97321,971.14764,-975.79657,-705.61047,943.46649,-1038.22717,NA,NA,NA,-551.66882,429.57037,-912.36749,NA,NA,NA,-651.98657,106.92435,-839.4129,NA,NA,NA
183,1.82,-584.22119,76.90382,-1447.32471,-459.68259,1387.6377,-1042.42432,NA,NA,NA,NA,NA,NA,NA,NA,NA,-768.03198,1396.52856,-1136.13647,-640.28735,1272.99353,-1025.95471,-595.53882,1378.15198,-1198.10339,-365.76083,1032.30151,-1047.58252,-861.04071,1074.23779,-1156.6875,NA,NA,NA,-847.29657,853.57318,-1038.04541,-596.34143,974.15088,-965.5813,-709.19983,946.16016,-1028.66394,NA,NA,NA,-556.92175,431.18918,-900.34052,NA,NA,NA,-655.77704,102.4752,-839.35468,NA,NA,NA
184,1.83,-589.25171,83.78176,-1435.4314,-463.16299,1389.4707,-1030.56299,NA,NA,NA,NA,NA,NA,NA,NA,NA,-770.64447,1398.97241,-1128.33179,-644.08942,1275.82764,-1017.0788,-597.7522,1380.07727,-1189.07251,-369.61374,1034.36108,-1035.75623,-863.50317,1076.4729,-1148.74316,-501.79269,902.3291,-1208.57629,-851.01172,856.41052,-1031.25354,-600.08173,975.01154,-955.31824,-712.98547,948.71704,-1018.81171,NA,NA,NA,-560.27179,433.95822,-888.11353,-694.98706,489.24173,-1277.94287,-657.31824,98.81414,-837.80334,NA,NA,NA
185,1.84,-592.77185,91.24031,-1430.26648,-466.55588,1391.89111,-1022.83771,NA,NA,NA,NA,NA,NA,NA,NA,NA,-773.37036,1401.10669,-1120.54932,-648.19635,1277.77747,-1007.64313,-599.92749,1381.59827,-1180.37024,-373.44989,1037.20654,-1023.29877,-866.69501,1077.99573,-1140.4032,NA,NA,NA,-855.00928,857.52924,-1023.31439,-603.83716,977.59039,-944.021,-716.99854,951.82715,-1010.4024,NA,NA,NA,-565.22083,436.00812,-876.8327,NA,NA,NA,-660.14362,94.0553,-837.46796,NA,NA,NA
186,1.85,-597.69873,99.29951,-1417.22766,-469.87982,1393.99805,-1012.05609,NA,NA,NA,NA,NA,NA,NA,NA,NA,-776.04047,1403.27637,-1112.9856,-652.60138,1280.41064,-998.37415,-602.04834,1383.19592,-1171.46875,-375.11011,1037.99451,-1018.12738,-869.21625,1080.66663,-1133.96924,-506.97467,905.27802,-1187.36841,-860.2912,859.9472,-1015.66553,-608.55969,979.28082,-937.09747,-721.54077,955.19989,-1002.22028,NA,NA,NA,-571.00348,435.73181,-872.77368,NA,NA,NA,-660.20361,92.40469,-837.5932,NA,NA,NA
187,1.86,NA,NA,NA,-473.33148,1395.51697,-1002.55634,NA,NA,NA,NA,NA,NA,NA,NA,NA,-778.22797,1405.41943,-1105.74402,-656.20453,1283.04285,-990.20795,-604.13263,1384.69775,-1162.95435,-378.16748,1039.95496,-1006.25983,-871.59467,1082.69849,-1126.51135,NA,NA,NA,-863.75134,861.79993,-1009.51721,-614.1264,981.10394,-928.15228,-725.43854,958.0968,-994.32391,NA,NA,NA,-572.65338,439.05304,-861.25146,NA,NA,NA,-659.15088,92.68451,-838.36365,NA,NA,NA
188,1.87,-770.94312,721.67157,-1053.67041,-476.94461,1397.16528,-993.64728,NA,NA,NA,NA,NA,NA,NA,NA,NA,-780.56506,1407.401,-1098.91113,-659.00226,1284.50891,-980.75592,-606.22748,1386.05371,-1154.38855,-376.83014,1047.1958,-977.07147,-873.96936,1084.62451,-1120.27087,NA,NA,NA,-869.05811,864.18243,-1001.81458,-618.28162,983.38495,-919.15332,-728.62238,960.21765,-987.05591,NA,NA,NA,-572.44843,442.50116,-846.47534,-850.46466,551.64551,-262.28619,-658.21771,94.174,-838.29529,NA,NA,NA
189,1.88,NA,NA,NA,-480.72305,1398.94751,-983.28888,NA,NA,NA,NA,NA,NA,NA,NA,NA,-783.76709,1409.349,-1091.93921,-662.97528,1287.02234,-971.44818,-608.1991,1387.81348,-1145.43433,-384.06384,1046.45081,-966.15051,-876.25739,1086.41846,-1113.46509,NA,NA,NA,-875.28809,866.88074,-996.53558,-621.74652,984.97217,-907.73242,-732.3092,962.72266,-980.18079,NA,NA,NA,-575.95111,442.65363,-840.08917,NA,NA,NA,-656.79474,95.03037,-838.76709,NA,NA,NA
190,1.89,NA,NA,NA,-483.77176,1400.47839,-974.5351,NA,NA,NA,NA,NA,NA,NA,NA,NA,-785.93225,1411.10583,-1085.17664,-667.30817,1288.61377,-964.41321,-610.31293,1389.2439,-1137.19592,-386.75626,1048.53613,-953.49542,-878.81036,1087.77319,-1107.03308,NA,NA,NA,-880.35956,868.93048,-988.39203,-626.49554,985.88361,-900.63452,-736.69031,965.54749,-973.44073,NA,NA,NA,-574.54382,443.89267,-830.07233,NA,NA,NA,-654.25793,96.54324,-837.76257,NA,NA,NA
191,1.9,NA,NA,NA,-487.25366,1402.63086,-967.23932,NA,NA,NA,NA,NA,NA,NA,NA,NA,-788.14227,1412.54578,-1078.51819,-671.50116,1291.06592,-956.98944,-612.34583,1391.0675,-1129.38135,-389.70337,1051.96008,-941.05145,-881.31482,1089.55212,-1101.04907,NA,NA,NA,-885.36017,870.9472,-981.73523,-632.01343,986.99823,-894.29779,-740.23456,967.72797,-965.60431,NA,NA,NA,-575.18317,444.79852,-820.5451,NA,NA,NA,-652.08636,95.95499,-836.81165,NA,NA,NA
192,1.91,NA,NA,NA,-490.68964,1404.77405,-956.9093,NA,NA,NA,NA,NA,NA,NA,NA,NA,-791.1394,1414.55566,-1071.63879,-674.73615,1292.79199,-948.63892,-614.26337,1392.81982,-1121.12134,-392.77713,1054.12268,-927.6261,-884.07129,1091.02209,-1095.42383,NA,NA,NA,-889.68518,872.85321,-975.21094,-634.7619,989.1488,-882.73651,-743.41766,969.69806,-958.33215,NA,NA,NA,-576.32306,445.63824,-812.75134,NA,NA,NA,-650.66663,95.99937,-835.38776,NA,NA,NA
193,1.92,-377.12881,818.03748,-893.46039,-493.98288,1406.80212,-947.17566,NA,NA,NA,NA,NA,NA,NA,NA,NA,-793.56085,1415.91003,-1064.94727,-676.39087,1295.25525,-940.52563,-616.2749,1394.32166,-1112.78247,-395.19171,1055.87195,-914.30933,-886.26349,1092.86292,-1089.61609,NA,NA,NA,-894.96667,874.66278,-968.96893,-637.82928,991.24445,-873.53522,-745.98694,970.81934,-949.91003,NA,NA,NA,-576.69745,445.02457,-806.79529,NA,NA,NA,-650.82422,95.32776,-834.68701,NA,NA,NA
194,1.93,-378.1662,820.35193,-879.52246,-496.45773,1408.29248,-938.30151,NA,NA,NA,NA,NA,NA,NA,NA,NA,-795.24872,1417.56812,-1058.4342,-679.34155,1295.91467,-932.09222,-618.06158,1396.24475,-1104.32019,-397.86307,1058.47644,-902.80103,-888.31238,1094.30627,-1084.27246,NA,NA,NA,-898.8783,876.0694,-963.22278,-640.84631,992.95795,-864.46954,-749.87537,972.47894,-942.11035,NA,NA,NA,-576.15173,445.46268,-798.41052,NA,NA,NA,-649.71301,94.47298,-832.96814,NA,NA,NA
195,1.94,-381.20026,825.43494,-865.41754,-499.60657,1409.80164,-927.77142,NA,NA,NA,NA,NA,NA,NA,NA,NA,-797.87256,1418.73926,-1051.08667,-682.84448,1297.64355,-924.34985,-619.97076,1397.54309,-1095.44043,-400.41876,1061.44995,-891.61713,-890.42285,1095.63635,-1077.82214,NA,NA,NA,-903.77155,878.21979,-958.52307,-644.62244,994.99457,-859.8161,-752.84705,972.76898,-932.2597,NA,NA,NA,-575.19458,445.01669,-792.34894,NA,NA,NA,-646.51801,94.51369,-830.64264,NA,NA,NA
196,1.95,-382.08951,827.41803,-850.87457,-503.06787,1412.4823,-919.53369,NA,NA,NA,NA,NA,NA,NA,NA,NA,-799.99463,1420.07397,-1044.25098,-686.44464,1299.83301,-917.71582,-621.74048,1399.44324,-1088.08179,-402.53607,1063.9541,-878.1767,-892.49609,1096.93164,-1072.29333,NA,NA,NA,-908.60999,879.78516,-951.7569,-647.03833,996.03064,-850.57813,-756.72125,974.35211,-923.58704,-550.48529,709.98431,-660.48547,-575.09338,444.43176,-786.67499,-736.98486,497.66025,-1115.00867,-644.435,92.94986,-829.53259,NA,NA,NA
197,1.96,-385.57504,830.14081,-834.73871,-505.39349,1414.71228,-912.6485,NA,NA,NA,NA,NA,NA,NA,NA,NA,-802.08301,1421.3595,-1037.12073,-688.83832,1301.75732,-910.40936,-623.56061,1400.94373,-1079.75476,-404.19467,1067.25989,-867.15125,-894.60431,1098.5553,-1067.19653,NA,NA,NA,-912.52338,880.87897,-946.51099,-649.49902,998.45703,-840.24377,-759.56317,975.28235,-913.14789,NA,NA,NA,-573.5871,444.01675,-782.52606,NA,NA,NA,-643.26898,91.87537,-828.79022,NA,NA,NA
198,1.97,-384.81912,835.0235,-820.11511,-508.50119,1415.9751,-901.27557,NA,NA,NA,NA,NA,NA,-720.60919,1527.64685,-787.21814,-804.46637,1422.97546,-1030.25525,-692.00018,1303.12219,-902.42969,-625.43311,1402.35022,-1071.35229,-405.71494,1070.36804,-854.99268,-896.59454,1100.06946,-1061.17908,NA,NA,NA,-917.93146,882.51172,-941.03149,-651.14661,1000.25061,-834.28442,-763.30304,976.37408,-903.22369,NA,NA,NA,-572.59326,442.21384,-781.45874,NA,NA,NA,-642.96118,90.82449,-826.13147,NA,NA,NA
199,1.98,-388.50336,837.69592,-806.55823,-511.27292,1417.87109,-892.63464,NA,NA,NA,NA,NA,NA,-724.89948,1529.35596,-780.08069,-806.17645,1423.99512,-1022.72699,-693.92767,1304.84583,-894.8941,-627.25232,1403.8064,-1063.25476,-408.21539,1072.58936,-843.12073,-897.55292,1100.83533,-1055.40186,NA,NA,NA,-922.76123,884.1698,-936.26605,-652.54364,1002.50513,-822.85754,-766.2121,976.9278,-894.00446,NA,NA,NA,-571.00195,441.06473,-777.28992,-803.27692,347.84375,-768.53442,-640.47931,89.9901,-823.92505,NA,NA,NA
200,1.99,-391.36197,839.85168,-789.9646,-513.75073,1419.646,-884.37933,NA,NA,NA,NA,NA,NA,NA,NA,NA,-808.35394,1425.3385,-1015.57257,-696.88257,1305.96765,-887.43622,-628.93445,1405.52368,-1055.75806,-411.04901,1075.09814,-831.38409,-900.32617,1102.60828,-1049.33875,-294.72952,757.14606,-698.60931,-927.86871,885.24121,-930.66058,-654.1889,1003.89801,-816.15076,-768.89526,978.35999,-883.97772,-385.02237,787.17255,-887.0061,-568.29016,439.95142,-775.11127,-814.92535,352.62509,-747.54333,-638.5354,89.34275,-822.66107,-493.20096,483.42999,-910.76605
201,2,NA,NA,NA,-516.47748,1421.74316,-877.06519,NA,NA,NA,NA,NA,NA,NA,NA,NA,-810.66724,1426.97119,-1008.74463,-699.05243,1307.32202,-879.73804,-630.98615,1406.39929,-1047.92236,-413.00958,1076.92407,-820.68311,-902.54401,1104.07568,-1043.81445,NA,NA,NA,-932.46289,886.76031,-926.44318,-655.93677,1005.59753,-810.27496,-770.95062,979.78796,-875.8175,NA,NA,NA,-565.79443,438.51126,-772.43781,-797.37598,505.7522,-979.27124,-637.17383,87.68814,-821.35437,NA,NA,NA
202,2.01,NA,NA,NA,-518.92316,1423.10388,-868.15375,NA,NA,NA,-735.25543,1531.64929,-756.91235,NA,NA,NA,-812.25403,1428.28296,-1001.57343,-700.4682,1308.776,-872.07538,-632.65381,1407.84033,-1039.42273,-415.31067,1079.07788,-809.91766,-905.33911,1105.47021,-1038.09692,-571.77704,756.27026,-686.09698,-937.55249,887.89996,-921.93896,-658.14581,1007.07343,-800.67841,-773.28729,982.25806,-867.76788,NA,NA,NA,-563.93304,436.81711,-771.02948,-808.74994,510.07043,-957.34619,-634.80426,86.0244,-819.06158,NA,NA,NA
203,2.02,NA,NA,NA,-520.9787,1425.01477,-862.09137,NA,NA,NA,-737.60815,1532.43384,-749.08575,NA,NA,NA,-814.54132,1429.35596,-994.31,-702.5163,1310.08948,-865.16742,-634.6402,1408.35815,-1031.07349,-418.13159,1081.72107,-796.54523,-908.03125,1107.26624,-1032.39368,NA,NA,NA,-944.35846,889.91852,-917.27435,-659.45563,1008.38257,-791.45642,-774.90997,983.34204,-858.67047,NA,NA,NA,-561.32935,435.6124,-769.82153,-819.52832,516.07257,-936.0658,-632.42035,84.29218,-818.00537,NA,NA,NA
204,2.03,NA,NA,NA,-523.65131,1426.41382,-853.81677,NA,NA,NA,-740.66803,1532.64099,-741.75555,NA,NA,NA,-816.21045,1430.04736,-986.32465,-705.1062,1311.06494,-857.0304,-636.36823,1409.24524,-1022.9942,-420.27133,1083.84229,-782.17639,-909.10425,1107.53662,-1025.5094,-401.89825,795.59564,-826.27789,-947.48138,889.40387,-912.25513,-661.13312,1008.84344,-784.27881,-778.48169,985.35272,-850.3526,-626.3949,571.22729,-895.35248,-558.01764,434.26138,-768.62543,-830.12238,522.16473,-915.31909,-630.51898,83.18999,-815.69073,-867.05103,740.1723,-844.19501
205,2.04,NA,NA,NA,-525.75452,1427.08582,-845.32434,NA,NA,NA,-742.76001,1532.2876,-733.08936,NA,NA,NA,-818.50287,1430.8894,-978.53973,-706.46643,1311.40222,-848.97803,-638.39044,1409.64075,-1014.91913,-422.15479,1086.7196,-770.26245,-911.78162,1108.83765,-1019.73376,-574.59576,921.51691,-1033.42566,-952.32458,889.45093,-907.0412,-663.36774,1010.24994,-775.27252,-780.97119,987.46149,-843.86316,NA,NA,NA,-554.79364,433.30331,-768.88678,-840.01239,528.76917,-895.05078,-627.86786,81.38876,-814.69958,-521.48962,668.36414,-1299.74011
206,2.05,NA,NA,NA,-528.06476,1427.47815,-835.88715,NA,NA,NA,-746.14636,1532.5863,-726.24554,NA,NA,NA,-820.61096,1431.49829,-970.8681,-709.06592,1312.59106,-840.32196,-640.25366,1409.93738,-1007.21729,-425.62241,1088.39941,-757.61163,-914.69257,1109.77295,-1013.19403,-578.54016,921.99615,-1026.88794,-957.12195,890.2132,-902.79791,-665.2132,1010.5686,-770.70795,-782.42883,986.92267,-833.84967,NA,NA,NA,-551.87268,432.03949,-769.61761,-848.91718,535.1311,-875.67834,-624.64093,80.00575,-812.81201,-526.51294,672.04022,-1285.76611
207,2.06,NA,NA,NA,-529.86377,1428.54297,-830.19165,NA,NA,NA,-749.36279,1532.8949,-718.23962,NA,NA,NA,-822.43427,1431.74219,-962.90063,-711.95532,1313.70203,-832.09241,-642.27448,1410.35596,-998.91644,-426.93021,1090.43005,-744.7215,-917.5769,1110.77954,-1007.75824,-585.32733,921.94702,-1017.27692,-961.72833,890.17584,-897.77533,-667.81403,1010.3418,-762.74768,-785.62457,987.85986,-825.15265,NA,NA,NA,-548.02869,431.3364,-770.46661,-857.62708,540.27118,-856.15869,-621.91156,79.12815,-811.23126,-531.41235,674.99097,-1272.67395
208,2.07,NA,NA,NA,-532.39099,1428.6051,-821.19128,NA,NA,NA,-751.94116,1532.56934,-710.25238,NA,NA,NA,-824.30328,1432.08081,-954.46326,-713.55249,1313.62439,-823.90411,-644.32593,1410.4093,-990.77838,-428.38458,1092.43298,-733.54889,-920.82825,1111.01794,-1001.24109,-589.69745,922.34332,-1010.39001,-966.48572,889.90112,-892.91058,-669.72351,1011.19556,-751.42017,-788.06189,988.81433,-817.73578,-474.46878,710.72589,-659.34424,-545.27094,430.10046,-770.55365,-865.64355,545.17316,-837.73895,-617.89526,78.66399,-808.15326,-419.60919,802.13489,-762.98682
209,2.08,NA,NA,NA,-534.1535,1428.15405,-812.3233,NA,NA,NA,-755.15729,1532.4292,-702.57458,NA,NA,NA,-827.01105,1432.2533,-946.48999,-715.4303,1313.69617,-815.89746,-646.73273,1409.99524,-982.47705,-431.21381,1093.62549,-721.20502,-923.87555,1111.50146,-995.05292,-593.75287,921.4043,-1003.19031,-970.99823,889.96613,-888.37122,-671.67719,1010.39374,-746.2981,-790.01025,988.8302,-808.81995,NA,NA,NA,-542.56274,429.603,-770.49335,-873.27771,550.06195,-819.95544,-614.65533,78.0121,-807.10126,-859.97217,185.42439,-943.06738
210,2.09,NA,NA,NA,-536.05548,1428.02783,-805.14581,NA,NA,NA,-756.27905,1531.53418,-693.54193,NA,NA,NA,-828.78479,1431.92969,-937.63867,-717.03784,1313.52319,-807.89124,-648.97333,1409.93579,-974.16357,-434.49942,1094.95947,-708.73981,-926.94934,1111.69727,-988.79639,-597.04999,922.04034,-995.7262,-976.08514,889.55414,-883.37256,-673.99866,1009.22314,-739.13605,-792.63373,989.1748,-801.44806,NA,NA,NA,-538.86932,428.45221,-771.31708,-880.34717,555.03918,-803.83118,-611.64941,76.4308,-805.19391,-873.49823,181.46164,-917.5575
211,2.1,NA,NA,NA,-538.01837,1428.03503,-798.75452,NA,NA,NA,-759.06573,1531.08447,-685.15356,NA,NA,NA,-831.07965,1431.65271,-929.01782,-719.80231,1313.78113,-799.72131,-651.3244,1409.72278,-966.0611,-436.25015,1095.60303,-696.0556,-930.08154,1111.80237,-982.44885,-600.64838,921.3244,-989.57831,-980.33337,889.04028,-878.76917,-676.77039,1009.70953,-731.53387,-795.15912,988.81494,-792.67267,-419.75183,867.99677,-629.66193,-537.1012,427.56079,-772.09418,-886.85828,559.99133,-789.48706,-607.46027,73.66575,-804.54993,-885.97278,175.07951,-891.44208
212,2.11,NA,NA,NA,-539.89026,1427.4436,-791.39325,NA,NA,NA,-760.47424,1530.00122,-676.35791,NA,NA,NA,-833.50177,1431.46265,-920.21521,-721.80316,1313.13989,-791.43048,-653.92004,1409.25366,-957.84894,-437.88953,1096.88574,-685.40027,-933.2229,1111.88721,-976.13336,-690.96472,877.38477,-650.64648,-984.61414,887.92072,-874.37079,-678.36133,1008.20074,-723.40033,-797.61481,987.45343,-784.12933,-495.8537,723.41382,-590.08246,-533.82532,425.99014,-771.98749,-893.23145,564.216,-776.26709,-603.44507,72.62318,-803.74768,-897.62872,170.09276,-864.2959
213,2.12,NA,NA,NA,-541.98053,1426.31873,-782.7666,NA,NA,NA,-763.30505,1528.65649,-667.88544,NA,NA,NA,-836.35468,1430.78711,-911.32062,-723.30249,1311.6554,-782.82001,-656.55957,1408.71411,-949.67529,-441.23517,1096.91284,-673.4364,-936.41901,1111.67395,-969.31512,NA,NA,NA,-988.54614,886.94855,-869.72546,-680.78204,1008.75897,-714.95898,-800.4624,987.23993,-774.63245,-609.69391,919.11804,-974.07281,-530.84619,424.54953,-772.88745,-899.21332,567.84851,-765.0014,-599.63464,70.2795,-802.47107,-909.9549,163.9272,-837.12799
214,2.13,NA,NA,NA,NA,NA,NA,NA,NA,NA,-766.28558,1528.52209,-659.2514,NA,NA,NA,-838.77112,1430.26221,-902.02899,-725.47852,1310.62048,-773.7934,-659.21063,1408.41943,-941.38092,-443.84387,1097.21619,-661.35455,-939.51379,1111.4353,-962.28424,-433.74716,874.40326,-580.25616,-992.11646,885.21747,-864.20465,-682.88446,1007.14441,-707.43536,-802.81342,986.84753,-767.14746,-613.56372,918.65521,-967.75488,-528.48169,424.37094,-772.81488,-905.1488,569.77264,-753.77795,-595.77625,68.58675,-801.71411,-921.1795,152.29716,-818.784
215,2.14,NA,NA,NA,NA,NA,NA,NA,NA,NA,-768.04456,1527.03699,-650.2757,-545.62714,1423.71985,-767.00604,-841.26172,1429.72034,-892.42633,-728.14508,1310.17786,-764.91309,-662.10583,1407.21118,-932.5304,-446.59888,1097.78247,-651.43622,-942.61182,1111.13916,-955.44037,NA,NA,NA,-996.1394,884.40051,-859.53992,-684.31219,1005.66876,-698.98315,-805.8349,985.45203,-756.99023,-617.4895,918.88696,-960.13898,-526.73718,422.84222,-772.36523,-911.72754,572.20264,-745.39069,-591.47363,67.65512,-800.90527,-933.12195,144.91534,-789.64807
216,2.15,NA,NA,NA,NA,NA,NA,NA,NA,NA,-770.2951,1525.99158,-641.44623,-547.72992,1422.27209,-758.90356,-843.95465,1428.47839,-882.36926,-729.49792,1308.80981,-756.02557,-664.91895,1406.72205,-924.19476,-449.57047,1097.1842,-641.37408,-945.75537,1110.75439,-948.40881,-442.10275,876.17798,-550.24353,-999.74628,882.89832,-854.84821,-686.14392,1004.10321,-691.60522,-807.25049,984.21686,-746.85864,-621.36145,917.79706,-954.51245,-523.66852,422.04568,-771.25439,-916.28345,571.25018,-736.16974,-587.96277,66.9364,-799.60559,-942.04181,139.87007,-759.0401
217,2.16,NA,NA,NA,NA,NA,NA,NA,NA,NA,-772.22412,1524.38574,-631.88385,-549.32568,1420.86792,-752.00323,-846.89777,1428.15393,-872.73853,-731.38287,1307.71045,-747.44696,-667.97266,1405.64746,-915.41321,-452.03171,1096.7522,-630.48218,-948.77399,1110.30042,-941.31714,-447.42914,879.13873,-537.26025,-1003.18555,881.27289,-850.34161,-687.93176,1003.65686,-682.06195,-809.3974,982.29712,-738.22992,-625.47363,916.05933,-946.62512,-524.24365,421.13144,-771.40625,-920.8606,568.70392,-727.83228,-585.1123,65.59576,-799.53699,-950.12616,133.63609,-728.07166
218,2.17,NA,NA,NA,NA,NA,NA,NA,NA,NA,-773.9577,1522.90735,-622.85797,-551.31427,1419.08069,-743.12061,-849.79718,1426.92212,-862.34906,-733.40771,1305.74426,-738.08789,-670.94208,1404.79382,-906.58594,-455.64606,1096.22034,-620.63623,-951.74768,1109.77502,-933.57965,-452.54932,879.95703,-521.6189,-1005.99707,879.1488,-845.18945,-688.51154,1002.21564,-673.77466,-812.35181,982.67688,-730.29449,-631.09198,914.91492,-937.36292,-522.41315,420.47839,-769.53168,-924.04657,564.44519,-722.09039,-580.1496,64.54251,-799.74579,-957.68951,127.76658,-698.31354
219,2.18,NA,NA,NA,NA,NA,NA,NA,NA,NA,-775.26776,1520.32129,-613.51556,-553.11261,1417.33716,-734.78265,-852.51007,1425.89954,-852.14288,-735.62158,1304.71423,-728.88708,-674.12244,1403.72766,-897.65387,-458.61679,1095.86792,-611.9267,-954.8288,1108.93091,-926.07788,-456.108,880.76758,-509.13693,-1009.06262,877.46661,-840.30774,-690.15295,1000.56024,-665.35852,-813.83075,979.86469,-719.02466,-634.98157,914.09338,-930.8526,-522.58813,419.20105,-767.88654,-925.85785,559.03705,-717.01184,-576.65308,63.06813,-798.32208,-965.03491,124.33995,-665.96893
220,2.19,NA,NA,NA,NA,NA,NA,NA,NA,NA,-777.37994,1519.69238,-603.95844,-554.90637,1416.23132,-728.35992,-855.31311,1425.08765,-841.68494,-736.77087,1303.09802,-719.34698,-677.45398,1402.29541,-888.03125,-462.17438,1094.7533,-601.87769,-957.61792,1108.1637,-917.8092,-461.89008,881.09045,-497.89102,-1011.71667,875.91998,-835.19745,-691.12305,999.98743,-658.10138,-815.52228,977.98407,-708.97357,-638.58759,912.86243,-924.75232,-523.73602,417.74902,-766.5545,-928.30365,552.29834,-712.79169,-574.21857,61.88381,-798.07275,-971.0011,123.41388,-636.25659
221,2.2,NA,NA,NA,NA,NA,NA,NA,NA,NA,-778.33435,1517.49854,-594.15576,-556.73395,1415.12793,-721.99774,-858.14722,1423.51538,-831.16028,-738.69189,1301.03076,-710.20038,-680.7536,1401.09338,-879.03473,-465.95465,1093.9043,-592.88513,-960.49274,1107.20044,-909.32806,-467.62393,884.08386,-485.62457,-1014.78802,873.71655,-829.58606,-692.8396,997.71057,-649.61707,-817.82349,977.1662,-699.34967,-643.90015,911.08942,-915.41315,-522.72174,417.61002,-763.81354,-929.02521,543.34607,-707.60516,-568.3689,61.28706,-799.11115,-976.28839,122.83743,-605.7066
222,2.21,NA,NA,NA,NA,NA,NA,NA,NA,NA,-780.97546,1516.29089,-585.43457,-558.63379,1412.92236,-711.71027,-860.89673,1422.20203,-819.73541,-740.31158,1299.53564,-700.88818,-684.07794,1399.97131,-869.88824,-468.58966,1092.80933,-584.90491,-963.00793,1106.2738,-900.63177,-472.13467,886.56219,-474.27173,-1016.77515,871.60596,-824.12238,-694.1048,996.57928,-640.7406,-819.44012,976.37665,-690.70337,-647.05267,912.10333,-906.61609,-523.38153,417.11841,-763.17499,-928.09943,535.276,-704.71295,-565.57739,60.46565,-798.97424,-979.58307,127.42397,-572.03107
223,2.22,NA,NA,NA,-685.76593,1657.74817,-724.13531,NA,NA,NA,-782.90436,1514.64453,-575.34479,-560.76855,1411.48694,-703.138,-864.08899,1421.01233,-808.75854,-742.64758,1298.53711,-691.34253,-687.51837,1398.7356,-860.39941,-471.32977,1092.11609,-577.50299,-965.69678,1105.09021,-891.40656,-477.43689,888.24829,-465.06396,-1020.32642,869.73938,-819.60468,-695.20404,995.42615,-631.40729,-821.09985,974.40771,-680.14972,-650.64172,911.05725,-898.48474,-524.03973,416.16956,-759.789,-925.09229,528.61212,-701.07245,-560.72125,59.64479,-799.40021,-983.87531,130.64771,-548.07007
224,2.23,NA,NA,NA,-687.96735,1656.50366,-714.59277,NA,NA,NA,-784.28503,1512.49109,-565.85193,-562.53186,1409.81396,-694.72479,-867.34772,1419.74731,-797.66718,-744.92914,1296.65442,-681.67554,-691.08545,1397.25061,-851.06854,-474.92633,1090.69006,-568.33984,-968.1272,1104.06567,-882.57355,-481.97113,890.33142,-453.22595,-1021.56927,867.58893,-812.61139,-695.60809,993.60004,-621.97083,-822.67352,972.4585,-668.55859,-654.34253,910.53833,-890.95386,-525.04022,415.7038,-758.13696,-920.66431,523.39801,-696.78455,-556.27191,58.22467,-800.2301,-986.2821,136.94214,-526.5979
225,2.24,NA,NA,NA,-690.22815,1655.21851,-704.90314,NA,NA,NA,-786.45685,1511.77966,-556.66309,-564.37347,1408.82141,-688.40765,-870.08655,1418.24939,-785.74475,-746.521,1295.64758,-672.06744,-694.49738,1396.07361,-841.36688,-478.33652,1088.99292,-560.6145,-970.75323,1102.5415,-872.6701,-486.00113,891.84741,-442.27539,-1024.15088,865.64081,-806.86255,-696.39191,992.75854,-615.36914,-824.35156,971.0437,-658.14594,-659.05762,908.79376,-881.92828,-526.48615,414.79907,-754.19647,-914.31396,519.27747,-691.75146,-554.07996,56.69199,-801.3407,-987.19806,146.88724,-496.82217
226,2.25,NA,NA,NA,-692.65204,1653.72278,-696.11877,NA,NA,NA,-788.63324,1510.48157,-547.01532,-565.93396,1406.80762,-679.23291,-873.24707,1416.37598,-773.737,-748.08228,1293.37634,-662.52307,-698.02588,1394.80981,-831.61029,-480.90109,1087.83557,-554.08899,-973.2406,1101.37781,-863.02515,-488.76822,893.06323,-432.33658,-1026.66943,863.79059,-801.31299,-696.83136,990.88318,-601.26447,-826.49353,970.5368,-648.38965,-663.29773,906.90729,-873.27216,-528.12067,414.29532,-750.81464,-908.40576,515.8656,-685.82257,-549.02301,57.26414,-802.0387,-989.60669,153.87238,-476.48361
227,2.26,NA,NA,NA,-695.01807,1652.52124,-686.36011,-581.10956,1535.97461,-624.91119,-789.73541,1508.65283,-537.36835,-568.12762,1405.44177,-670.67419,-876.11584,1415.23779,-762.72382,-750.98401,1292.77271,-652.51837,-701.63593,1393.51453,-822.25116,-483.59808,1086.26819,-548.14722,-975.65924,1100.00696,-852.70081,-491.8844,894.33502,-423.47885,-1029.42456,861.39447,-795.01367,-698.49237,988.07324,-595.81506,-827.99829,968.13593,-637.51459,-668.18378,905.41736,-862.98456,-529.53979,413.66266,-745.22931,-903.70123,514.09528,-678.95282,-547.05524,55.69109,-802.9093,-988.99347,164.13243,-450.37833
228,2.27,NA,NA,NA,-697.4032,1651.26648,-677.25977,-583.39111,1535.00024,-614.51794,-791.86761,1507.87646,-527.54382,-570.14978,1403.83179,-661.34747,-878.9826,1413.77722,-751.31348,-751.19702,1290.02148,-642.0083,-705.34808,1392.13818,-812.78998,-486.41769,1083.94788,-541.68457,-978.09717,1098.64734,-842.42865,-565.19684,777.96442,-345.50269,-1031.9834,859.39642,-789.20313,-700.35382,987.30823,-586.40302,-829.53784,966.48108,-627.03418,-672.19873,901.88385,-861.25226,-531.27411,412.58545,-740.52911,-896.43091,513.18713,-671.883,-544.95618,55.93899,-803.35242,-990.19434,172.96706,-431.8168
229,2.28,NA,NA,NA,-699.90662,1649.99109,-667.88275,-585.42212,1535.1925,-608.78943,-794.17731,1506.45483,-518.01343,-571.90155,1403.14172,-655.29834,-882.00562,1412.2135,-739.33582,-752.58514,1288.58533,-632.05365,-708.8526,1391.16992,-803.10144,-488.95087,1081.02039,-535.3587,-980.80054,1096.88037,-831.52496,-498.68243,895.75299,-410.99524,-1034.50598,856.16034,-783.37579,-701.94299,986.44336,-576.76971,-831.84174,964.92877,-615.44653,-678.87823,904.72827,-842.30402,-533.67603,412.29312,-735.43524,-891.52844,514.31659,-663.61169,-541.33636,57.20286,-804.2204,-990.10602,181.46922,-412.82632
230,2.29,NA,NA,NA,-702.32434,1649.07825,-658.50879,-587.78149,1534.15063,-597.82251,-795.54974,1505.35791,-507.41891,-573.711,1401.75195,-646.33368,-885.06042,1411.14014,-728.61066,-754.07019,1287.50769,-622.20172,-712.46722,1390.22534,-793.47052,-491.3204,1078.93982,-529.33563,-983.13745,1095.63379,-820.34076,-500.79568,896.12549,-398.96927,-1037.24231,854.45056,-776.01678,-704.61646,985.1665,-568.48187,-833.86053,963.61145,-605.43555,-674.92102,904.94958,-831.72217,-536.04584,411.7157,-729.0578,-884.64227,514.93188,-652.52698,-540.15356,56.50351,-805.33472,-989.57019,190.37341,-393.91379
231,2.3,NA,NA,NA,-704.77722,1648.38574,-648.52783,-590.13141,1533.90027,-589.21313,-798.23413,1505.06201,-498.13937,-576.19946,1400.7522,-637.24017,-887.85944,1410.11133,-716.99084,-756.32172,1286.01123,-611.73694,-715.91602,1389.50378,-784.0152,-493.00217,1076.93726,-524.66479,-985.63959,1094.44031,-809.50885,-503.56726,896.78113,-392.79819,-1040.11462,852.41937,-769.21967,-704.685,983.72284,-555.36469,-836.57129,962.48071,-594.26569,-678.41772,903.43756,-822.2641,-538.78796,411.09344,-722.96161,NA,NA,NA,-540.15277,55.61332,-805.00555,-987.61151,198.69798,-377.16879
232,2.31,NA,NA,NA,-707.22125,1647.9425,-638.74292,-592.40002,1532.672,-577.48425,-800.09576,1504.2688,-488.10321,-578.18896,1400.00427,-629.28888,-891.42126,1409.2854,-706.27063,-758.10956,1285.97498,-601.4845,-719.63141,1388.4884,-774.08807,-495.16562,1074.13818,-520.41827,-988.3147,1093.28723,-798.86542,-505.64777,895.46014,-386.11279,-1042.67542,850.04834,-761.89575,-707.3042,982.18506,-545.82043,-839.55481,962.1781,-583.96265,-683.47418,901.31067,-808.61011,-542.06683,410.22522,-715.91162,-572.40082,786.24469,-299.35764,-540.83606,55.55215,-809.31995,-986.77972,205.90042,-363.63528
233,2.32,NA,NA,NA,-709.68536,1647.59448,-629.33606,-594.43695,1532.55774,-569.56909,-802.28076,1503.69055,-478.51718,-580.55969,1399.099,-619.97913,-894.53894,1408.30359,-695.07764,-759.78217,1285.07861,-591.13165,-723.17999,1387.90857,-764.41614,-496.90808,1071.59741,-515.52173,-990.99915,1092.01709,-786.96631,-506.91904,895.47491,-379.87784,-1045.67371,848.48798,-755.06531,-710.4928,982.62543,-537.83276,-842.06,961.98712,-573.16046,-687.37524,900.43231,-797.48413,-545.71234,409.36661,-708.07141,NA,NA,NA,-540.25598,57.16071,-809.75049,-985.99445,213.2211,-347.57736
234,2.33,NA,NA,NA,-712.14691,1647.34192,-619.31433,-596.21448,1531.60254,-559.37671,-803.74231,1503.43494,-468.78876,-583.16632,1399.40137,-613.65521,-897.38055,1407.78931,-684.03009,-762.72015,1284.49609,-580.64648,-726.72736,1387.08765,-754.88373,-497.75558,1069.87085,-511.13156,-993.52563,1091.28308,-775.77808,-509.37134,893.8714,-377.02109,-1048.17554,846.82892,-746.89069,-712.99115,981.68274,-525.99884,-844.6156,962.27271,-560.93481,-691.45422,900.01563,-786.96997,-549.59937,408.17621,-699.18512,NA,NA,NA,-539.68866,58.05931,-809.90448,-982.62482,219.82971,-332.54532
235,2.34,NA,NA,NA,-714.50641,1647.25122,-609.33484,-598.56873,1531.27234,-553.83875,-805.98383,1502.33875,-459.17303,-585.15912,1398.31775,-604.24695,-900.87317,1407.55701,-673.1355,-765.41034,1285.75427,-571.13568,-730.42029,1386.51855,-744.88989,-499.85312,1067.94128,-505.62546,-997.26898,1091.50635,-765.41504,-511.26248,893.10132,-371.90323,-1050.48291,845.31537,-738.87646,-716.48425,981.65942,-515.56549,-848.12634,962.7915,-549.63489,-695.73206,899.29431,-776.23273,-553.7572,408.06531,-691.65259,-679.91138,321.039,-495.50806,-539.19342,60.33916,-809.91907,-979.02142,225.24847,-320.13098
236,2.35,NA,NA,NA,-716.87219,1647.41931,-599.70782,-600.99158,1531.11279,-545.13104,-808.18005,1502.13159,-449.7774,-587.22015,1397.29858,-597.03998,-903.73389,1407.17419,-662.28064,-767.7381,1285.125,-560.5343,-734.2395,1385.82788,-735.84161,-501.51163,1066.47998,-500.34375,-999.98694,1089.98401,-753.625,-591.40442,783.30695,-292.47678,-1053.23901,844.16095,-730.10358,-717.03967,981.91089,-504.19305,-850.79779,963.77325,-536.86847,-700.03174,898.82898,-764.68317,-557.13257,408.09851,-683.2652,-685.41364,321.56891,-482.09021,-538.2373,63.68451,-810.00745,-977.06348,228.65361,-307.67752
237,2.36,NA,NA,NA,-719.23413,1647.72046,-589.70514,-602.63599,1531.61377,-536.49841,-809.3808,1501.36829,-440.1731,-589.91888,1396.31348,-589.3681,-907.02136,1406.87683,-650.70251,-769.44971,1284.86804,-549.95197,-738.19666,1385.13452,-725.83862,-502.66299,1065.32581,-494.50684,-1002.74835,1089.97925,-742.90021,-512.35797,890.034,-359.37534,-1055.15991,843.32764,-720.64789,-719.06219,982.17163,-494.22208,-853.5412,964.54724,-524.67316,-704.62048,898.67151,-753.65588,-561.95203,408.49774,-673.78253,-691.79578,321.38831,-468.64093,-530.26324,72.67326,-806.60181,-972.62701,231.68533,-294.22443
238,2.37,NA,NA,NA,-721.43689,1648.43005,-580.36902,-604.74646,1532.18311,-527.20813,-811.50201,1501.79883,-430.87997,-592.36163,1396.73059,-581.31506,-910.90485,1406.88318,-639.7005,-771.83362,1286.01819,-539.72198,-742.3335,1384.83923,-715.74384,-503.79129,1064.03735,-489.69089,-1005.56451,1088.9082,-730.9469,-513.9895,888.53436,-353.04034,-1056.61853,842.06891,-711.64789,NA,NA,NA,-855.60602,965.66241,-510.91476,-709.49213,898.41913,-742.29163,-566.71173,407.66898,-664.63739,-697.80981,321.99954,-454.67166,-534.90051,75.10183,-805.01593,-968.13226,235.20499,-282.22348
239,2.38,-702.31647,1411.58899,-376.9397,-723.55505,1649.49939,-570.53925,-607.20734,1532.43921,-517.3302,-813.31659,1501.90479,-421.57483,-594.77856,1397.03857,-574.50909,-914.00061,1407.03906,-628.30652,-774.07141,1287.15332,-529.42297,-746.64313,1384.80615,-706.25031,-504.07288,1064.50549,-482.91602,-1008.48218,1089.06519,-719.8031,NA,NA,NA,-1059.63599,841.92566,-700.80273,-722.06671,984.45868,-470.41272,-856.63678,966.73199,-497.24307,-714.75146,898.25433,-731.35614,-569.67096,409.48529,-655.80286,-703.79694,321.64313,-440.66644,-535.20752,80.12814,-803.12646,-964.88409,236.31815,-270.57458
240,2.39,-703.27521,1412.00647,-368.14063,-725.66626,1650.65454,-560.13275,-608.87408,1533.59277,-509.66321,-813.9151,1502.547,-411.02597,-596.85083,1397.37964,-566.06732,-917.49921,1407.77063,-616.52606,-775.64868,1287.98572,-518.41803,-751.17108,1384.81348,-696.12323,-504.44543,1063.83496,-476.58051,-1011.30542,1088.51453,-707.63007,-589.09888,773.53113,-274.57785,-1061.40759,842.14178,-690.96918,-722.25836,985.03363,-460.18472,-857.76489,967.83142,-483.19925,-720.45447,898.15521,-719.97516,-573.63788,410.38153,-647.22302,-710.4281,321.46719,-427.11514,-536.53931,85.65923,-801.83093,-959.79828,237.85529,-258.22211
241,2.4,-704.13403,1412.07776,-361.05157,-727.79346,1651.93494,-550.43488,-610.51965,1534.69812,-501.01944,-814.85803,1502.99231,-400.41135,-599.58417,1398.62549,-558.8714,-921.19995,1408.45984,-603.99719,-778.18164,1289.20398,-507.823,-755.60516,1385.36707,-686.2486,-505.65854,1063.86914,-470.65384,-1014.15942,1089.08728,-695.65015,NA,NA,NA,-1064.38977,842.29486,-679.94977,-722.37939,986.76898,-448.86728,-857.31226,967.64618,-469.52533,-726.4325,898.5448,-709.20667,-579.8103,410.47803,-637.82092,-717.81287,321.68237,-412.64532,-538.31006,91.96836,-797.95844,-956.20282,236.80563,-246.65872
242,2.41,-705.11877,1413.89478,-350.96667,-730.10797,1652.88184,-540.42371,-612.64484,1534.90833,-492.95844,-816.08374,1504.86633,-390.30536,-601.19531,1399.09705,-552.79584,-923.87408,1408.90625,-591.76184,-778.61334,1290.21472,-497.51654,-759.91785,1386.1106,-676.06421,-506.76749,1065.19824,-463.89648,-1017.07635,1089.63672,-684.01489,-511.81793,877.9917,-345.12225,-1065.21558,841.73389,-669.01251,-722.52734,987.71594,-438.08231,-857.32019,968.55341,-457.25455,-732.09784,899.62305,-698.66705,-585.1814,411.84222,-628.60089,-723.30377,321.03629,-399.9563,-540.33698,98.94975,-795.3504,-949.67194,235.96532,-234.88464
243,2.42,-704.44208,1414.42139,-343.5509,-732.34302,1654.00208,-530.44763,-614.56934,1535.88965,-484.07687,-815.91608,1506.23535,-378.57712,-603.69104,1400.43335,-544.57965,-927.10028,1409.52063,-579.09717,-780.15741,1291.42358,-485.87433,-763.95978,1387.28699,-666.32446,-507.84164,1065.97278,-457.60074,-1019.87372,1090.0282,-670.37799,NA,NA,NA,-1066.32129,841.91968,-657.93787,-721.07269,988.22644,-427.01251,-857.43188,969.87646,-444.71176,-737.62848,899.95264,-687.55396,-590.70068,412.49399,-619.19183,-729.79724,323.12045,-387.47031,-545.95715,106.87754,-791.31177,-945.60699,233.79205,-223.37785
244,2.43,-705.48425,1416.12183,-328.91336,-734.62604,1655.00684,-521.42249,-616.24554,1536.92261,-476.84882,-816.18567,1507.26965,-368.04749,-606.08636,1401.61414,-536.29004,-930.49011,1410.78137,-567.15723,-781.61096,1293.09778,-473.7663,-767.96869,1388.38123,-656.00586,-508.38956,1067.48621,-452.05435,-1022.81683,1091.41199,-657.98914,-600.11829,769.84033,-272.00974,-1067.4469,841.72748,-645.41315,-719.73309,989.79138,-418.27191,-857.21918,970.6319,-432.51483,-742.91089,900.77783,-678.11938,-597.49603,413.91849,-609.41809,-914.26556,537.74365,-511.69934,-548.7215,117.40526,-786.84283,-941.67145,228.95543,-215.30832
245,2.44,-704.86639,1416.89185,-323.65973,-736.94208,1655.84814,-512.3269,-617.74634,1537.81848,-468.45926,-817.42255,1508.43787,-357.51587,-608.05243,1402.58557,-528.82855,-932.66357,1411.4989,-554.04047,-782.41974,1292.5437,-469.04865,-771.81543,1389.49756,-646.08472,-508.79233,1068.87476,-446.09399,-1025.86389,1092.69141,-644.67242,-508.18582,867.7998,-346.39667,-1069.12927,842.7948,-633.69489,-720.06097,990.02795,-409.37103,-857.651,972.46893,-420.8215,-747.95325,901.66681,-668.56873,-603.84271,415.71048,-597.87225,-743.58807,326.59442,-363.42477,-555.58368,124.92966,-783.37976,-939.69928,223.30856,-207.18323
246,2.45,-703.70416,1418.06311,-314.64996,-739.19092,1656.48901,-502.55222,-619.45685,1538.89795,-460.75208,-816.7193,1509.21155,-346.45358,-609.90466,1404.26343,-520.37213,-934.68494,1412.33435,-541.34625,-783.41901,1294.36011,-449.37723,-775.34198,1390.84705,-636.38757,-509.04599,1070.83118,-440.42523,-1028.80823,1093.17493,-631.27478,NA,NA,NA,-1070.18213,842.99683,-620.29047,-717.8302,992.38916,-398.15714,-857.21094,974.07324,-409.6644,-752.01758,902.1405,-658.30005,-610.69482,416.54544,-585.54248,-932.60352,521.39496,-447.90219,-561.36719,135.37166,-777.05304,-937.01263,214.87076,-199.06189
247,2.46,-704.03271,1420.54236,-302.46536,-741.19165,1657.79895,-493.35492,-620.81506,1539.7323,-452.2388,-816.93231,1510.80774,-336.16174,-611.51758,1406.9491,-512.67664,-936.77576,1413.07043,-528.8877,-784.61725,1294.60645,-447.9509,-778.63196,1392.39282,-626.53485,-510.60211,1072.13281,-434.64642,-1031.7926,1094.28601,-617.46313,-505.54562,862.07227,-341.59082,-1072.96448,845.02362,-607.11731,-717.82288,993.18066,-390.98291,-856.7301,975.50854,-398.80551,-756.54156,903.25513,-649.34351,-618.98041,415.58408,-573.13092,-938.93323,524.96582,-437.74765,-568.53479,143.9205,-769.2533,-933.52136,207.79814,-192.50809
248,2.47,-701.36676,1420.6051,-287.85428,-742.83679,1659.07935,-483.67282,-622.09583,1541.38733,-444.54837,-817.17212,1512.08716,-325.04871,-612.29663,1407.8938,-506.46283,-938.4071,1414.17957,-516.39771,-784.29071,1295.73914,-439.40625,-781.76959,1394.03259,-616.61749,-510.30838,1073.54163,-429.54605,-1034.84595,1095.3252,-603.75348,NA,NA,NA,-1072.70813,845.01031,-592.02863,-717.6449,994.09833,-383.49744,-856.84436,977.4292,-388.38943,-761.3313,905.3808,-640.91675,-625.7605,415.23785,-557.80371,-945.61908,527.75378,-426.96564,-577.27936,152.93283,-761.04919,-931.2663,199.06396,-185.10182
249,2.48,-699.91595,1421.47253,-278.52399,-744.1322,1660.85559,-473.43658,-622.6828,1542.99866,-435.51672,-817.15466,1513.89453,-314.47614,-614.33539,1410.2511,-499.09662,-939.85461,1414.97522,-503.70764,-783.95038,1295.89868,-430.43604,-784.68604,1396.10754,-607.21655,-510.76059,1074.88733,-424.06952,-1037.42725,1095.91528,-589.01898,NA,NA,NA,-1076.00269,846.23578,-577.52588,-716.83142,994.36176,-376.1976,-856.25323,979.30652,-378.26349,-764.8374,906.2204,-630.97382,-633.62225,413.82697,-542.49432,-952.44904,529.88666,-416.63763,-585.19525,162.9875,-748.17474,-928.63086,189.74854,-180.446
250,2.49,-702.03223,1423.56018,-275.20386,-745.06958,1662.80347,-463.14011,-623.19458,1544.8031,-427.03339,-815.26929,1514.97913,-303.85153,-615.18622,1411.71497,-491.3002,-941.61224,1416.49988,-491.51343,-784.44714,1297.73584,-420.52759,-787.57159,1397.77405,-597.08618,-509.99371,1077.69482,-418.46677,-1040.30408,1097.0575,-574.72339,NA,NA,NA,-1076.77173,847.7146,-562.84174,-716.63702,995.70685,-370.50766,-855.05206,980.2605,-367.50388,-768.27734,907.88263,-622.89191,-641.30042,412.03699,-522.24475,-959.34076,531.98236,-406.41727,-593.13129,172.85884,-733.84052,-926.5882,181.18309,-176.82091
251,2.5,-698.2265,1425.46277,-258.82642,-745.77893,1664.7063,-452.84216,-623.67255,1547.27307,-418.59854,-815.28845,1517.08606,-293.89594,-616.62573,1414.25745,-484.2973,-942.58759,1418.05359,-479.32132,-783.52875,1298.95935,-412.16946,-790.34973,1399.77051,-586.48041,-510.1821,1078.6676,-413.46692,-1042.94128,1097.87317,-560.44067,-505.90991,845.12299,-364.96317,-1076.0813,846.80011,-546.47083,-716.4491,997.19482,-363.43857,-855.08124,983.29584,-359.57474,-771.97107,909.71356,-614.28369,-646.44891,415.40735,-503.61957,-966.83643,533.19391,-396.1517,-603.46735,181.88559,-717.17572,-924.43134,171.53162,-175.3806
252,2.51,-699.27582,1425.81042,-260.62711,-746.28339,1666.71643,-442.565,-623.7041,1548.89771,-408.98593,-814.65918,1518.4043,-283.89435,-617.2832,1416.48694,-476.3855,-943.65515,1419.37732,-466.75662,-782.98682,1302.05164,-400.1171,-793.01379,1401.91138,-576.56531,-511.42416,1080.14197,-410.25253,-1045.24426,1098.93323,-545.88336,NA,NA,NA,-1075.93201,848.28741,-530.54523,-714.01532,998.88361,-353.2608,-853.28253,984.54852,-348.47318,-775.33716,911.72101,-605.77271,-647.28748,420.6568,-484.43515,-974.5647,534.33624,-387.60519,-610.88239,191.69995,-700.37628,-923.97015,163.41518,-172.42908
253,2.52,-696.37738,1427.1936,-243.51407,-746.50409,1669.15918,-432.26413,-623.73151,1550.97693,-400.73587,-813.55347,1519.44727,-273.67966,-617.96936,1419.09875,-469.0473,-944.02478,1420.86914,-453.96143,-782.57745,1303.68286,-391.53732,-795.36566,1404.49402,-566.26245,-511.0997,1082.5459,-406.14175,-1047.66382,1100.77454,-531.3974,NA,NA,NA,-1077.19641,849.26563,-514.02032,-713.67999,999.99225,-346.67868,-852.15161,985.69507,-338.44937,-778.19153,913.77246,-597.12598,-647.42712,428.74393,-466.4411,-981.89294,535.29034,-377.30078,-619.65637,200.47676,-680.85187,-923.31476,154.99498,-169.92003
254,2.53,-696.10492,1428.1377,-234.45143,-746.75372,1671.0199,-421.6554,-623.86401,1552.59338,-391.12665,-813.42175,1520.33325,-264.35754,-618.28424,1421.35925,-461.63364,-944.68732,1422.96362,-442.09091,-781.38934,1305.24792,-380.79877,-797.56372,1407.04907,-556.43469,-511.59506,1083.21106,-402.3653,-1049.84973,1102.28625,-516.07257,NA,NA,NA,-1076.96216,850.81677,-496.83127,-712.92572,1002.78809,-340.16412,-850.08514,987.14673,-328.67795,-781.94263,917.51312,-589.91724,-647.22107,436.3222,-446.5051,-989.11206,535.7373,-366.92029,-628.34625,209.26628,-660.66449,-923.52911,145.72424,-170.68353
255,2.54,-694.41711,1429.18542,-225.20865,-746.79419,1672.88745,-411.06821,-623.27655,1554.45093,-382.95209,-811.80713,1522.24927,-253.58295,-619.00446,1423.63245,-454.47232,-946.26581,1423.9585,-430.93005,-781.73767,1306.71216,-369.60968,-799.74097,1409.28015,-546.33441,-512.4054,1084.76111,-399.38354,-1051.67712,1104.07227,-501.1452,NA,NA,NA,-1076.65869,852.87842,-479.19394,-710.9939,1005.10748,-332.84207,-849.09204,989.0639,-319.63721,-784.31934,920.98706,-582.96954,-646.99951,443.36279,-425.98596,-996.76123,536.23889,-355.95135,-636.32355,216.46193,-639.69745,-923.85028,139.77246,-172.13599
256,2.55,-692.26624,1430.32605,-217.75479,-746.71234,1674.99255,-401.18137,-622.78131,1556.6748,-374.51715,-809.80011,1523.51685,-243.34608,-619.60028,1426.02356,-447.08221,-944.72833,1426.3092,-416.62537,-779.79596,1308.3363,-362.99298,-801.54633,1412.04529,-536.37622,-512.35315,1085.74573,-396.30286,-1053.39722,1106.32141,-486.46414,NA,NA,NA,-1076.43982,854.42261,-461.41458,-709.96436,1006.44659,-326.79568,-847.06738,990.04987,-310.80811,-786.98456,922.1012,-573.94403,-646.89355,449.00217,-403.95566,-1001.17664,535.59717,-341.2923,-643.44427,224.67889,-618.54047,-924.78778,136.32513,-174.27232
257,2.56,-690.87524,1431.7002,-208.77299,-746.75873,1676.33813,-390.61057,-623.18811,1557.83826,-364.88193,-807.27069,1523.9176,-231.34407,-620.19275,1428.44629,-439.13553,-944.87036,1428.94543,-404.88123,-778.55432,1309.48303,-353.54211,-803.50568,1414.17651,-526.21222,-513.04083,1086.95215,-394.55731,-1054.20825,1108.4657,-471.16113,NA,NA,NA,-1076.14758,857.40253,-444.71622,-708.1485,1009.48694,-318.62003,-845.25879,990.87531,-300.93805,-789.45557,925.15033,-565.94141,-646.66803,454.10452,-381.85031,-1003.42804,539.18048,-328.05777,-649.10217,231.39088,-595.08923,-925.97797,133.31984,-180.57521
258,2.57,-688.76984,1432.59692,-199.23163,-746.47473,1677.89624,-380.6669,-622.14636,1558.87976,-356.41074,-807.51019,1525.59973,-222.5609,-620.71362,1430.33801,-431.96637,-944.41528,1430.20679,-392.0397,-777.40027,1310.9624,-346.90192,-805.2478,1416.37805,-516.47095,-513.58209,1088.12402,-390.69684,-1055.40503,1109.99182,-455.17303,NA,NA,NA,-1074.76477,858.46094,-425.11362,-707.04285,1012.21265,-312.14767,-842.68488,992.55872,-289.81317,-791.19189,927.86517,-558.68207,-645.44098,459.72354,-359.08057,-1004.20612,545.08307,-317.672,-654.86462,238.38261,-572.98438,-927.3927,131.84245,-184.67912
259,2.58,-686.44379,1433.65173,-190.10078,-746.22998,1678.74902,-370.04773,-621.72833,1560.0946,-346.72696,-804.62439,1526.50745,-211.65862,-620.93665,1432.09302,-423.45135,-943.68536,1431.68982,-379.41568,-776.54681,1313.61841,-332.13428,-806.8819,1418.26208,-506.14343,-514.62396,1088.32751,-389.27615,-1055.79663,1110.96558,-439.29526,NA,NA,NA,-1075.59998,862.57166,-409.09595,-705.38452,1014.10352,-302.56406,-840.82739,993.82556,-283.81909,-792.76556,930.52637,-551.02826,-644.19171,465.35184,-335.23758,-1004.58209,549.95422,-306.61234,-659.82892,243.59471,-549.50366,-927.59808,131.00215,-188.68259
260,2.59,-684.95105,1433.83728,-182.03618,-745.77344,1679.91821,-360.06934,-621.31921,1561.44421,-338.77277,-802.19257,1526.64331,-200.24092,-621.05347,1433.24951,-415.68536,-944.07581,1432.47095,-368.33868,-775.5238,1313.229,-326.17471,-808.41589,1420.06409,-495.8494,-514.9201,1088.92688,-386.05661,-1055.83948,1113.01953,-424.27148,-511.80545,816.21045,-446.74014,-1072.82764,862.84772,-389.15729,-703.41302,1015.63281,-296.00623,-838.61926,994.50568,-274.46692,-793.64551,932.41876,-542.48718,-640.26593,472.59875,-313.32718,-1003.53845,552.74182,-297.09909,-666.58112,248.73869,-524.72864,-928.47491,128.94771,-192.33144
261,2.6,-681.68665,1433.97168,-173.26515,-745.17017,1680.60706,-349.81882,-620.21088,1562.31665,-330.19589,-799.42914,1526.72485,-189.69141,-621.02411,1434.45483,-408.03561,-942.13434,1434.40295,-354.25638,-773.72913,1314.84546,-314.9194,-809.73798,1421.43054,-485.30511,-514.97443,1089.66492,-384.36786,-1056.66882,1114.18323,-409.65332,NA,NA,NA,-1072.61023,865.95953,-370.66516,-702.1015,1016.47992,-290.80225,-836.71912,995.52112,-268.02881,-794.88879,934.0705,-534.59052,-638.15057,478.70224,-290.34872,-1001.56042,554.22583,-289.82391,-671.18079,251.70007,-500.32565,-929.47864,128.20645,-195.81509
262,2.61,-679.80627,1434.3551,-163.72162,-744.43756,1681.20581,-339.96295,-619.06732,1562.19531,-321.92401,-797.50208,1527.91675,-179.5569,-621.3678,1435.49756,-400.2262,-941.35455,1435.38391,-342.17307,-772.31152,1314.27258,-307.48068,-810.95227,1422.85632,-475.21713,-514.9563,1089.72485,-382.58478,-1056.30469,1115.64075,-392.99088,NA,NA,NA,-1071.1178,867.16418,-352.93469,-699.47705,1017.65118,-282.63312,-834.46838,996.7984,-258.81372,-795.37256,935.42102,-526.79559,-633.48499,483.80853,-268.65747,-999.86865,554.25214,-283.69034,-675.53021,254.82932,-476.51138,-929.36517,127.79853,-197.73996
263,2.62,-677.44666,1434.61328,-153.47617,-743.45544,1681.62756,-330.20908,-618.11078,1562.20923,-312.34058,-795.29602,1527.08643,-169.24611,-621.43048,1435.92627,-392.42743,-940.05115,1436.38025,-329.52805,-770.49017,1313.95959,-298.84619,-811.34363,1422.94116,-464.23584,-514.64172,1089.68481,-381.65088,-1056.09131,1116.20679,-377.01059,-491.25906,844.95111,-384.64819,-1069.83826,868.66528,-332.51297,-698.9306,1018.80011,-276.83191,-832.8418,997.41266,-250.53319,-795.64624,936.23523,-518.29565,-628.6123,488.78256,-247.74814,-997.63062,552.74536,-276.83612,-679.94409,256.27899,-451.21295,-930.69556,126.44767,-201.22205
264,2.63,-675.27332,1434.67383,-145.54199,-742.4491,1681.63123,-319.71198,-616.54401,1562.97278,-304.39426,-792.14655,1527.21411,-158.60226,-620.38416,1435.88086,-384.41925,-938.76123,1436.61877,-317.18814,-769.55188,1314.57837,-289.10641,-812.42456,1423.58557,-453.44324,-514.04901,1089.92468,-380.33368,-1056.34302,1117.00427,-361.73987,-490.6633,844.45044,-389.39438,-1068.61047,870.12524,-315.16855,-695.24908,1018.55499,-267.89185,-830.62512,998.5365,-240.87857,-796.0799,936.67322,-510.0267,-622.90527,492.20062,-230.26021,-996.17578,551.8288,-271.17371,-684.57971,256.62811,-426.89786,-933.04614,117.81095,-218.48399
265,2.64,-672.58636,1434.07837,-135.79961,-741.28967,1681.35852,-309.86465,-615.90326,1562.55042,-294.36444,-790.42096,1526.99292,-148.76546,-620.87506,1436.22229,-376.68204,-937.2785,1436.76746,-304.64691,-768.17926,1315.68225,-275.48035,-813.21735,1424.39893,-443.75641,-513.32111,1090.10803,-379.70657,-1056.43115,1117.40625,-345.17993,-488.70676,844.68573,-393.40115,-1067.0498,870.42297,-295.67282,-694.28973,1018.01819,-260.89371,-828.63068,998.35211,-233.19084,-795.8999,937.06506,-501.95966,-616.47479,493.85916,-216.96071,-993.99445,549.32819,-265.46948,-697.86493,248.95534,-408.9115,-934.19,115.03413,-220.81433
266,2.65,-670.70135,1433.93933,-126.62849,-739.9809,1681.00049,-299.42377,-614.69324,1562.23523,-286.20999,-788.54572,1526.52612,-139.1347,-620.31464,1436.09314,-369.33661,-935.6377,1436.91113,-292.80093,-765.82635,1314.55249,-269.67923,-813.81171,1424.34888,-433.56891,-511.83319,1089.5791,-377.68478,-1056.28564,1117.4447,-328.65329,-486.06058,845.02252,-392.32315,-1065.56982,871.48926,-277.1535,-692.0202,1017.77655,-253.17955,-826.84644,997.33942,-223.09999,-795.35522,937.01489,-494.41101,-610.52588,493.91971,-204.33649,-990.9007,547.07416,-260.996,-700.21045,249.08795,-379.91168,-935.20056,112.29725,-223.76012
267,2.66,-667.75562,1433.25452,-117.78101,-738.427,1680.79126,-289.42966,-613.04712,1561.12854,-276.49509,-785.97052,1525.66357,-128.77699,-619.44397,1435.73779,-361.12686,-933.65363,1435.98926,-280.48679,-764.46613,1313.98425,-259.23154,-813.64026,1424.27356,-422.74066,-510.83725,1089.11621,-376.46603,-1054.21912,1116.71716,-312.27045,-484.04449,844.57196,-395.13519,-1064.07031,872.21802,-257.35992,-690.99054,1016.73932,-246.27542,-824.35431,995.51752,-216.93559,-794.62775,936.17828,-485.45135,-605.17688,493.47348,-192.83472,-989.07788,544.43555,-255.33234,-706.7381,244.29623,-361.6272,-935.2157,101.00702,-237.42587
268,2.67,-665.06079,1431.74768,-108.3996,-736.64545,1680.31726,-279.09482,-611.15271,1560.41003,-268.04471,-783.8598,1525.11206,-118.55285,-618.47131,1435.39185,-353.73746,-931.55139,1435.97388,-269.18915,-762.30231,1313.30798,-251.00003,-813.88434,1424.25,-412.92398,-509.67551,1088.42297,-373.5246,-1054.46509,1117.01917,-295.3035,-481.90323,844.1178,-396.04709,-1062.0271,872.17743,-238.35211,-689.38013,1016.29724,-237.80772,-822.75354,995.35095,-206.96451,-793.77118,936.44324,-477.672,-599.82904,492.45566,-180.94128,-988.25525,541.32239,-252.24878,-700.48224,247.44398,-331.05008,-935.89465,104.366,-231.71408
269,2.68,-662.12817,1430.76721,-99.39338,-734.75781,1679.46362,-268.69882,-609.41156,1559.79639,-258.57693,-779.72845,1523.71631,-107.11064,-617.25677,1434.31335,-345.67813,-929.97742,1435.1532,-257.17496,-760.24451,1312.37878,-242.8886,-813.65912,1423.97156,-402.86218,-508.2547,1088.04541,-373.01938,-1053.92798,1116.07947,-278.36502,-480.0379,842.82507,-400.08917,-1059.63013,872.60388,-219.39598,-687.54962,1015.17072,-230.89272,-820.71722,993.73798,-199.34023,-792.11102,935.81134,-468.76349,-594.55524,490.60675,-169.00194,-986.69568,539.16589,-249.57544,-703.79761,243.17863,-306.48251,-937.52814,99.93972,-234.55847
270,2.69,-659.74402,1429.09387,-90.95486,-732.67896,1678.59949,-258.72305,-607.35229,1558.98352,-250.08603,-777.19952,1522.32166,-98.06866,-616.27246,1433.80518,-338.29105,-927.52014,1433.98315,-245.724,-758.21515,1310.86047,-231.11101,-813.42645,1423.55566,-392.69965,-506.70935,1087.23169,-370.83636,-1053.18347,1115.09583,-261.51141,-474.51913,847.64343,-382.43369,-1058.8147,873.336,-198.62303,-684.65863,1014.64709,-221.92154,-818.37354,991.92175,-188.40491,-790.83099,935.27478,-460.10617,-588.81372,487.99304,-158.83203,-984.8941,536.42017,-247.20563,-706.70282,238.5717,-282.3573,-938.71301,94.48416,-242.27534
271,2.7,-656.20532,1427.39551,-81.52263,-730.37274,1677.86157,-248.46504,-605.1214,1557.5968,-239.25786,-774.83228,1521.71936,-88.15221,-614.6153,1432.99487,-330.23788,-925.07074,1433.43445,-234.44144,-755.25787,1310.09509,-225.50534,-812.74396,1423.56067,-382.24966,-505.3822,1086.85413,-369.62381,-1051.87878,1114.89844,-244.95349,-472.18265,846.66083,-382.96472,-1055.99158,872.5033,-180.70419,-684.58624,1012.59546,-214.04343,-816.92798,988.73621,-184.38673,-790.22601,935.27423,-452.65298,-582.29663,484.79758,-148.65797,-982.69293,534.18719,-245.30263,-710.61682,229.96089,-254.17538,-940.31195,93.61234,-240.95102
272,2.71,-654.02045,1426.33362,-71.32456,-727.99719,1676.64795,-238.20528,-601.16962,1557.59167,-232.76216,-772.06244,1519.58899,-78.21203,-612.74225,1431.48267,-322.21826,-922.69635,1432.13232,-223.31673,-752.76367,1308.4895,-215.75247,-811.64325,1422.75696,-372.27823,-503.59613,1085.56848,-366.92245,-1050.74744,1114.41187,-228.19156,-532.02271,812.27301,-453.82202,-1054.01099,873.34131,-161.22311,-682.76782,1012.50476,-206.00383,-814.84155,988.039,-172.26848,-788.9563,935.27789,-443.68069,-578.7182,481.58694,-139.2607,-981.04016,532.79132,-243.88609,-712.53967,223.42128,-227.46428,-941.5025,89.83978,-242.45178
273,2.72,-650.94537,1424.81592,-63.57105,-725.40601,1675.60107,-228.10019,-598.94684,1556.16467,-223.33826,-769.36694,1518.06091,-69.24919,-610.84088,1430.61682,-313.75479,-919.75067,1430.63818,-211.83229,-750.00067,1306.66345,-207.24707,-810.3349,1422.08923,-362.08319,-501.92377,1085.03625,-365.04407,-1049.58508,1113.9624,-211.64136,-475.31683,841.21844,-405.55405,-1051.52954,873.2287,-142.16226,-680.7865,1010.79327,-197.30074,-812.94318,986.77899,-163.79344,-787.43262,934.70441,-435.04596,-575.90363,478.59308,-131.52278,-978.59772,530.91254,-241.75764,-713.05518,215.90738,-203.1691,-943.7746,88.36295,-243.31264
274,2.73,-647.6864,1421.72205,-54.41186,-722.52319,1674.67944,-217.90785,-596.4068,1554.76428,-213.94881,-766.66449,1516.23474,-59.04395,-608.99805,1429.34167,-305.94836,-917.72205,1427.56091,-201.96474,-747.05261,1306.06348,-199.4048,-809.1601,1421.26672,-352.07388,-500.28387,1085.0365,-363.73883,-1046.49792,1113.21045,-195.29787,-470.15546,845.72174,-389.96512,-1048.93176,872.90234,-122.78168,-678.84662,1009.87299,-188.52771,-810.02917,985.44617,-153.49007,-785.29028,934.24738,-426.00446,-571.74933,476.63898,-125.9416,-976.42242,529.29364,-240.50934,-712.6532,206.98244,-176.57214,-946.47418,86.81113,-248.30322
275,2.74,-643.65552,1420.62976,-45.91792,-719.64532,1673.19409,-207.80768,-594.61188,1552.08362,-203.04431,-763.461,1515.01892,-49.74838,-607.15698,1428.17383,-297.33801,-914.00281,1428.05139,-190.1411,-743.07184,1305.14587,-181.87694,-807.33997,1420.20337,-341.98718,-498.88766,1083.7262,-361.00534,-1044.26404,1112.40527,-179.97325,-468.68008,845.29364,-391.05154,-1045.67529,873.69867,-103.68298,-675.55017,1009.81177,-179.69991,-807.7041,984.7843,-142.71397,-783.48096,933.22919,-416.60437,-568.53479,475.75775,-121.81403,-973.99768,526.79315,-239.3,-711.02667,196.50244,-148.92378,-947.79797,86.21602,-247.68201
276,2.75,-641.43988,1418.34717,-36.03656,-716.57214,1671.78381,-197.73727,-591.72528,1551.0542,-193.37991,-758.34167,1512.71313,-38.93487,-604.7207,1426.83337,-288.79892,-910.64893,1426.56799,-179.63765,-741.61475,1302.18774,-179.08116,-805.56805,1419.5365,-332.95236,-497.48563,1082.77454,-357.63376,-1042.6908,1111.93494,-164.67517,-468.42239,844.44287,-390.26746,-1043.40686,874.51337,-85.09584,-674.70337,1008.23126,-169.70177,-803.89758,981.99237,-135.50633,-781.67035,932.64691,-407.39102,-565.42126,473.80865,-117.57389,-971.68658,524.69684,-237.72523,-708.23627,185.55661,-121.30966,-950.27332,87.67006,-244.82268
277,2.76,-637.66907,1416.86279,-27.0552,-713.422,1670.328,-187.80386,-587.58356,1549.9425,-185.47105,-755.47827,1510.33618,-30.20021,-602.20233,1425.12964,-279.20203,-907.80164,1424.73914,-168.78148,-737.90002,1302.50635,-163.30614,-803.00159,1417.5907,-321.6814,-495.6604,1082.23682,-355.7038,-1039.15369,1111.03333,-149.49518,-468.09601,844.09613,-390.27682,-1039.97522,874.77649,-65.00361,-670.37964,1007.26147,-161.14868,-800.77435,982.19354,-124.77817,-779.18542,931.54132,-397.30429,-562.74817,471.54984,-113.01079,-970.27673,523.52789,-236.81844,-704.26996,175.59917,-96.43768,-952.31946,85.09126,-246.35468
278,2.77,-634.84869,1414.56873,-17.58199,-710.0415,1669.00598,-177.97211,-584.84961,1547.58728,-175.31779,-752.99493,1509.19373,-21.01893,-599.22205,1423.63647,-270.66095,-903.86053,1423.60193,-158.30095,-734.66632,1299.0343,-161.86464,-801.41223,1416.66284,-312.16888,-494.30988,1081.40796,-352.5603,-1035.10168,1110.07532,-133.88023,-467.47461,843.56555,-389.63556,-1036.90417,875.97931,-47.4257,-666.74683,1006.37054,-150.57407,-797.5957,980.53278,-114.89127,-776.69965,929.96332,-387.63092,-560.9588,468.18521,-105.73109,-969.61615,523.3808,-236.03476,-699.37061,164.89586,-69.31247,-953.8175,82.52708,-249.66617
279,2.78,-630.56769,1413.46606,-8.25291,-706.67499,1667.26782,-168.58186,-580.86322,1546.84033,-167.54608,-748.51837,1507.48669,-10.98442,-596.60773,1422.23645,-261.80698,-900.14984,1421.84521,-147.85471,-730.72424,1300.43494,-146.85789,-798.3902,1415.13049,-302.83365,-492.65228,1081.13733,-349.53864,-1031.15381,1109.09985,-119.65508,-466.94974,843.00952,-388.43497,-1033.45508,875.88031,-27.44254,-663.85388,1004.75964,-141.93927,-794.07324,978.52002,-106.43589,-775.02527,929.07111,-378.0723,-559.11743,465.02023,-99.4466,-967.73871,522.66803,-235.12613,NA,NA,NA,-955.56946,80.73803,-249.39772
280,2.79,-627.14813,1411.39587,0.14145,-703.12061,1665.77454,-157.98221,-577.66431,1545.19885,-157.97536,-744.63184,1505.14294,-1.23876,-593.5683,1420.66162,-253.2453,-896.73657,1420.21252,-137.79832,-727.81445,1298.13904,-135.95711,-795.38867,1413.85498,-292.59927,-491.21558,1079.72595,-344.86221,-1026.80591,1108.00647,-104.92375,-466.25153,842.86609,-388.07626,-1029.55347,876.63324,-9.78137,-660.34393,1003.13031,-132.96803,-789.81744,977.71881,-95.61887,-772.28918,927.46979,-367.6969,-557.98279,461.18835,-91.36438,-964.69501,520.51746,-233.90926,-685.81561,141.23538,-13.17518,-957.32849,82.39442,-244.05902
281,2.8,-622.59589,1410.37671,10.59218,-699.4046,1664.40015,-148.70781,-574.3349,1542.61682,-147.16286,-740.98065,1504.03137,8.09204,-590.099,1419.51636,-244.05534,-893.17731,1418.55872,-127.31756,-723.39893,1294.70715,-134.724,-792.91589,1412.08386,-282.72092,-489.88254,1078.77527,-340.29514,-1022.25964,1107.41296,-91.35054,-465.13031,841.61987,-384.81726,-1026.18884,877.68896,8.89026,-656.42407,1002.20898,-121.44814,-787.00854,974.94275,-85.79938,-770.01947,926.22833,-358.03931,-557.25903,456.87039,-84.76058,-963.47699,519.63977,-232.16626,-677.2793,133.14629,4.37303,-958.07965,81.13251,-246.24237
282,2.81,-619.04559,1407.73389,19.36753,-695.5564,1662.73206,-139.21884,-570.45575,1541.8075,-139.15364,-736.35468,1503.30701,18.08238,-586.72241,1417.67712,-235.13908,-889.52173,1417.43066,-117.1726,-718.73474,1293.99316,-118.0578,-789.16754,1410.31445,-272.91315,-488.47699,1078.27075,-334.65134,-1017.6272,1107.2262,-77.17777,-465.3812,841.76117,-383.24301,-1022.08624,878.50684,27.10959,-653.5777,1000.01385,-111.38,-783.72406,974.12177,-74.63357,-767.15112,923.99225,-347.20288,-556.61401,452.98001,-77.83015,-961.1217,518.27887,-231.55481,NA,NA,NA,-959.77972,78.96905,-245.64709
283,2.82,-613.6958,1406.69348,28.86069,-691.82007,1661.70874,-129.20267,-566.59454,1540.42712,-130.08862,-731.8609,1501.28064,28.4937,-583.1839,1416.68713,-226.32024,-884.77563,1415.98901,-107.44268,-715.46143,1292.82507,-107.47111,-786.28284,1409.11743,-263.41425,-486.86316,1077.28931,-329.97482,-1013.44312,1107.17273,-63.39828,-464.9502,841.79688,-381.83328,-1018.13251,879.9281,45.82494,-648.47528,998.50049,-101.56478,-779.03101,973.05078,-63.16956,-764.10406,923.15259,-337.89578,-557.48596,447.96811,-69.37527,-958.64172,517.79352,-228.98019,NA,NA,NA,-960.5965,77.44151,-247.95547
284,2.83,-609.77435,1405.23938,38.82238,-687.35339,1660.22058,-119.02582,-562.45813,1538.7644,-120.77937,-727.85016,1499.82056,38.8103,-579.02032,1415.01318,-216.50598,-880.54034,1414.6322,-97.08717,-710.51837,1292.51685,-99.02369,-782.24316,1407.31177,-253.01762,-484.95377,1076.00916,-323.07059,-1007.92743,1106.61829,-50.08883,-463.9025,840.87592,-377.72711,-1013.76727,881.1806,62.41555,-643.82123,997.23682,-91.56346,-774.81744,971.3006,-52.99935,-760.065,920.9884,-327.01694,-558.71069,444.10129,-62.44037,-955.83734,517.80225,-227.81482,-427.78595,723.98175,-357.72714,-961.90948,76.05913,-248.50757
285,2.84,-605.50732,1404.08252,47.10048,-683.13531,1659.42371,-110.41931,-558.75171,1537.53845,-112.01321,-722.56201,1499.41919,48.26041,-574.65283,1413.44849,-207.45052,-876.737,1413.62427,-87.26388,-705.86493,1290.9082,-88.05696,-778.44489,1406.21875,-243.40479,-483.64404,1074.92932,-317.94653,-1003.62561,1105.9574,-35.73234,-462.18341,839.70819,-371.38235,-1009.78119,882.91693,78.84283,-640.51135,994.7207,-80.75661,-770.85046,970.31207,-43.20546,-756.53564,920.61145,-317.28165,-558.50372,441.11795,-55.582,-952.63025,517.47369,-224.68472,NA,NA,NA,-963.52484,76.77756,-246.76102
286,2.85,-600.7738,1403.02344,57.08023,-679.20892,1658.02502,-100.52062,-554.18378,1536.37109,-102.06068,-718.09558,1497.72449,57.96828,-570.72363,1412.30627,-197.94168,-871.68237,1412.22461,-76.70914,-702.3576,1289.67151,-77.46112,-774.47186,1404.51306,-232.97411,-481.15643,1074.53784,-311.56244,-999.14948,1105.15527,-23.18011,-462.55502,840.44696,-371.09586,-1005.41571,885.12646,96.24888,-635.77386,993.72949,-69.14197,-766.1524,969.12976,-31.92855,-752.66431,919.97302,-307.52701,-559.4314,438.97046,-48.07524,-950.42786,517.82043,-221.24861,NA,NA,NA,-964.6792,77.33775,-245.21744
287,2.86,-596.3606,1402.73865,68.36339,-674.51868,1657.38489,-91.72073,-550.30695,1535.62537,-92.74641,-713.48077,1498.00159,67.03654,-566.08618,1411.05518,-188.00778,-867.02942,1410.82007,-65.86621,-696.71387,1288.98792,-68.18213,-769.97052,1403.09192,-222.41501,-479.29907,1073.51868,-304.82626,-994.52698,1105.11255,-10.08116,-461.62759,839.64343,-365.8985,-1000.6134,886.14929,112.63178,-632.06488,991.45483,-59.88829,-762.13763,967.70361,-21.32853,-748.32928,918.54999,-298.47623,-559.14941,437.91293,-39.69294,-947.02075,518.9613,-215.06848,NA,NA,NA,-965.33716,79.56269,-244.24655
288,2.87,-590.51074,1401.71753,76.82917,-670.08478,1656.28613,-81.0454,-545.44391,1534.95068,-83.52081,-709.56262,1497.2666,76.18073,-562.16974,1409.9364,-178.93185,-862.14648,1410.31335,-55.99457,-692.16766,1287.20544,-57.87481,-765.67651,1402.00562,-212.60193,-477.00787,1072.37598,-296.72635,-990.34229,1105.33655,2.15084,-460.48547,839.66315,-360.93832,-995.88123,887.5401,127.75539,-626.48816,989.99591,-49.59782,-757.51953,966.41925,-10.6867,-744.08801,918.1651,-288.58408,-558.60382,438.00424,-30.34142,-942.96863,518.97192,-208.28026,-448.43158,711.46289,-335.15509,-965.60645,79.44324,-245.16197
289,2.88,-585.05463,1401.53491,85.47777,-665.78326,1655.9679,-72.10043,-541.05432,1534.95154,-73.80004,-704.20264,1497.21741,86.09841,-556.69946,1408.25842,-168.99414,-857.03833,1409.02612,-44.92889,-686.63147,1286.47034,-47.79428,-761.00397,1399.98303,-201.49739,-474.33545,1071.41699,-289.66928,-984.38513,1104.3739,14.69231,-458.52539,834.49945,-366.73776,-991.26245,889.62482,143.4424,-622.51697,988.93787,-38.30824,-751.26996,965.62042,-1.33676,-738.87079,915.89862,-278.2446,-557.08966,438.20761,-20.151,-938.69604,518.82776,-200.71436,NA,NA,NA,-965.85498,79.25999,-245.97635
290,2.89,-579.87006,1402.6731,97.59013,-661.15515,1654.78406,-62.67456,-535.78491,1533.93262,-64.31018,-699.39008,1496.73657,96.11031,-552.60602,1407.50439,-159.71179,-851.71545,1408.32214,-34.46692,-681.60938,1286.21448,-38.09721,-756.30109,1399.29956,-191.48332,-472.13089,1070.42432,-281.92297,-979.63763,1103.67639,26.99125,-457.92108,838.38843,-348.08749,-985.90271,891.58929,158.17445,-618.09753,988.44189,-28.99336,-747.14984,965.31567,8.96229,-733.68842,914.92419,-264.64688,-554.91602,439.71484,-11.26615,-934.40149,517.98334,-192.03862,NA,NA,NA,-965.94659,79.22336,-246.28902
291,2.9,-574.1485,1402.13464,106.51898,-656.26788,1654.44495,-53.58951,-531.33954,1534.06042,-55.64053,-694.08435,1496.68848,105.69381,-547.34106,1406.76868,-150.41089,-846.25,1407.79541,-23.59479,-677.14789,1284.2384,-30.95069,-751.96472,1398.27734,-181.84332,-469.41736,1069.24744,-273.11691,-974.91559,1103.53894,38.69291,NA,NA,NA,-980.32654,892.36487,172.7023,-613.11371,987.10632,-17.54093,-741.40826,964.4964,21.5177,-728.91937,913.29041,-252.76488,-554.04407,439.95297,-2.04468,-930.47455,517.39551,-182.84164,-588.32983,114.25554,109.06773,-965.89948,79.99356,-246.03378
292,2.91,-569.31897,1402.65918,117.17194,-651.56946,1654.22339,-44.62817,-525.89874,1533.57556,-45.94208,-688.89716,1496.88989,115.7179,-542.5462,1405.89331,-141.29684,-841.08514,1407.11035,-12.92627,-670.38702,1283.75281,-17.21003,-746.82605,1397.44031,-170.87822,-464.6564,1068.16248,-265.57153,-969.44525,1103.2002,49.88664,-453.90106,836.71729,-333.65784,-974.97021,894.10437,186.59134,-607.02661,987.45514,-6.99282,-736.00262,962.57074,31.82325,-724.09357,911.86432,-240.42888,-550.42761,440.93732,6.53417,-925.58472,515.99542,-172.75662,-584.83679,111.94451,110.15262,-965.82538,81.43359,-244.19124
293,2.92,-563.37006,1403.27026,126.24445,-646.96808,1654.23999,-35.50263,-520.86871,1533.54553,-36.32408,-682.22833,1497.0636,125.4106,-537.617,1405.66382,-132.02937,-836.43091,1405.66809,-3.6475,-665.85455,1284.44727,-6.92054,-742.41742,1396.51013,-160.78737,-462.03125,1067.01697,-254.93149,-964.36615,1102.76782,62.04742,-452.57779,836.05212,-328.59729,-969.40332,895.2981,199.67691,-602.01752,988.75311,3.57789,-729.43512,963.06439,44.44162,-719.38263,911.21033,-228.89532,-545.72076,440.2804,16.78929,-921.46185,514.71509,-161.76202,-582.05096,106.57737,113.88696,-965.33826,82.52602,-243.89005
294,2.93,-557.82532,1404.64917,135.94458,-641.43286,1654.86438,-25.97813,-515.87286,1534.55615,-27.78904,-677.34344,1498.3042,135.53441,-532.38312,1405.38586,-123.04236,-830.17645,1406.98071,9.22085,-659.51184,1283.45837,-1.23814,-737.68707,1396.74158,-150.11711,-457.75137,1066.6228,-247.02135,-958.99506,1102.53723,73.78343,NA,NA,NA,-962.01807,896.2663,212.27991,-596.31628,987.68695,14.86957,-722.9502,962.5354,55.75847,-714.61719,911.47211,-217.7148,-540.87518,439.75214,26.04887,-916.88904,513.42114,-149.25484,NA,NA,NA,-965.29187,84.00093,-242.47246
295,2.94,-552.29706,1405.57019,146.13321,-635.86096,1655.93359,-16.38283,-510.34137,1535.64648,-18.18307,-672.01904,1499.89856,144.68062,-527.59271,1406.31616,-114.13641,-824.74438,1407.50574,20.42796,-653.89325,1286.07336,13.6698,-732.80896,1397.1792,-139.75018,-453.96036,1065.5791,-235.44041,-953.18152,1103.05432,84.9893,-446.30051,833.21472,-306.88998,-956.43103,896.995,224.03421,-589.1626,987.86963,26.46729,-716.2027,961.94183,67.37807,-709.51764,912.32111,-206.3894,-534.97113,439.02179,34.97282,-912.06427,512.88165,-136.26126,NA,NA,NA,-965.19025,84.28642,-242.22562
296,2.95,-546.7207,1406.39111,154.30083,-630.40668,1657.35583,-7.34899,-505.39258,1536.68799,-6.73014,-666.23376,1502.03723,155.06236,-523.13922,1406.63123,-105.20804,-819.17639,1408.55334,31.07083,-648.38446,1286.27795,21.10014,-728.42389,1398.44214,-129.98453,-449.19501,1065.77478,-227.08397,-948.73761,1104.79553,96.45507,-443.0014,834.18024,-298.69315,-948.79803,897.80249,236.67229,-582.27478,987.99854,37.13157,-708.59717,963.14252,79.37141,-704.3902,913.05774,-194.52301,-527.89398,439.50345,43.8838,-906.47748,512.84399,-123.29358,-410.86716,722.12982,-258.86908,-963.65155,88.48375,-238.07596
297,2.96,-541.69757,1409.0415,165.50087,-625.08862,1658.74304,1.59992,-500.19836,1538.46521,0.40727,-660.3161,1504.08069,164.62753,-517.92157,1408.72498,-96.61749,-813.38806,1409.45313,42.39993,-642.34918,1288.02515,34.32729,-723.57611,1398.93982,-119.19691,-444.87479,1066.43713,-217.02972,-942.22076,1105.17102,106.84991,-440.44989,835.50464,-287.28021,-940.76843,898.88702,247.75737,-574.22015,989.67188,46.54573,-701.0163,962.94916,90.97222,-699.17792,914.64423,-183.63742,-519.57727,440.06589,51.21044,-901.11517,512.94623,-108.91875,NA,NA,NA,-960.83539,94.62252,-233.23595
298,2.97,-535.95367,1411.44934,174.41217,-620.07355,1660.30835,11.06503,-494.83389,1539.70947,9.62838,-653.95447,1505.52637,175.3208,-513.29041,1410.04431,-87.65115,-807.35944,1410.72974,53.78429,-635.83917,1289.45837,40.78825,-719.27643,1400.24097,-109.30943,-440.25058,1067.11755,-205.4657,-936.07397,1105.74854,118.8824,-436.97632,837.11523,-277.87781,-933.45404,900.3078,258.68488,-566.93243,990.00867,56.46457,-693.39081,965.51392,100.56377,-694.21124,916.41827,-172.8591,-512.9118,441.48029,58.99385,-895.29865,515.02576,-95.03488,NA,NA,NA,-959.03931,97.73251,-228.08104
299,2.98,-530.45215,1413.19177,183.25461,-615.10114,1662.00256,19.27024,-489.83176,1541.57874,18.6799,-648.95929,1507.67151,184.35176,-508.86868,1412.26086,-79.85783,-801.27924,1412.08179,63.79478,-629.27118,1292.08875,52.35623,-714.59668,1401.39685,-98.64072,-435.83154,1068.87744,-195.10867,-928.8941,1106.77917,129.44287,-431.83682,837.48016,-264.05768,-924.72607,901.58044,269.70529,-560.34485,991.74487,66.75787,-685.05627,967.19507,112.80061,-689.56488,918.09924,-161.73186,-505.26025,441.98547,68.00576,-889.04175,515.79071,-79.9364,NA,NA,NA,-954.68103,106.54784,-220.28909
300,2.99,-524.72186,1415.97791,193.48453,-610.37885,1663.85242,28.20917,-484.77667,1543.40271,27.32252,-643.18915,1509.47339,193.21791,-504.48273,1414.50012,-71.89578,-795.24078,1413.83972,75.22285,-623.97943,1294.40125,61.80198,-710.10571,1402.953,-88.96388,-430.43204,1070.89111,-185.20531,-922.15186,1107.83459,140.05186,-427.96924,838.43372,-251.26642,-917.02881,903.42255,280.25989,-552.09821,993.95184,76.38628,-676.8418,969.38446,125.92175,-685.08997,919.98663,-150.9449,-497.69989,443.35239,75.88885,-882.61005,517.47253,-65.31353,-395.58096,725.05511,-221.82156,-950.73651,113.67789,-212.99278
301,3,-519.76886,1419.11682,201.9153,-606.32593,1666.07495,35.53502,-479.57794,1545.57336,37.30408,-638.01208,1511.87805,202.14262,-499.6861,1417.55212,-63.45206,-789.5885,1415.76758,84.48605,-616.47839,1296.78284,72.13747,-705.6861,1404.40869,-79.26784,-425.07785,1072.4679,-173.44719,-915.36432,1109.03149,150.88206,-423.22855,839.0614,-238.26659,-908.00818,904.04718,290.45074,-546.0849,997.39911,84.98249,-668.62061,972.48303,134.97069,-680.63843,921.63782,-139.65926,-490.16476,444.36624,83.45411,-875.35962,519.51849,-49.15055,NA,NA,NA,-945.32416,119.66293,-207.90492
302,3.01,-514.07422,1421.09546,211.39693,-601.77673,1668.01843,42.93272,-474.70609,1547.66809,44.67751,-633.39313,1514.91052,211.254,-495.15762,1419.82214,-55.17347,-783.70679,1417.49951,95.81606,-610.79614,1299.14758,81.89524,-700.99615,1405.81787,-69.53423,-420.13815,1074.19727,-162.22771,-908.3667,1110.14868,162.08194,-417.91891,840.16132,-221.39153,-898.84601,905.36243,300.46655,-537.63556,999.2724,95.10937,-660.12683,974.48615,146.97696,-676.37708,923.04187,-129.05325,-482.89764,444.63388,91.11205,-867.33441,521.6615,-32.92485,NA,NA,NA,-938.30676,127.5351,-203.54291
303,3.02,-508.5719,1423.77234,220.56284,-597.68866,1670.21289,50.98006,-470.00616,1550.03589,53.1042,-627.54883,1517.25244,220.19466,-490.59061,1422.11792,-46.71099,-777.72815,1419.28516,104.80177,-604.68536,1301.37744,91.25357,-696.40192,1406.66858,-59.66614,-415.31485,1076.12256,-151.9659,-901.31061,1111.45776,172.80676,-412.10443,842.34015,-212.12517,-889.40405,906.27271,310.18695,-531.58386,1003.06201,102.72833,-652.41669,977.0321,157.09369,-671.94397,924.29987,-118.2737,-475.03326,445.39203,98.4365,-858.66937,523.63446,-15.31941,NA,NA,NA,-930.59894,137.62709,-194.48036
304,3.03,-503.6568,1426.88379,229.02296,-592.64441,1671.56921,58.85459,-465.31232,1551.91492,61.82252,-622.38818,1519.93933,228.6288,-485.98486,1424.15112,-38.7864,-773.23883,1419.70251,114.42872,-598.1001,1303.34094,100.26743,-692.24561,1408.55872,-50.83537,-409.65231,1077.81165,-140.59491,-894.57306,1112.74304,183.03406,-405.80441,841.76208,-193.53069,-880.61389,907.46161,319.30362,-523.58392,1005.60687,112.63129,-645.61853,980.02924,166.72063,-667.63434,924.97266,-110.03152,-467.30777,445.034,104.42134,-848.80859,524.82904,2.796,-804.89429,775.08813,281.70917,-919.76605,148.29929,-183.4592
305,3.04,-498.16376,1429.71033,237.7166,NA,NA,NA,-460.4231,1554.37598,71.31828,-617.7713,1522.53442,237.38188,-482.02264,1426.8302,-30.97118,-766.36713,1422.85742,124.71188,-592.35455,1305.91272,108.91196,-687.52228,1409.74219,-41.4545,-404.02478,1079.83081,-128.87862,-887.1347,1113.78345,193.65526,-398.92825,843.56097,-181.9865,-871.41895,908.13751,328.85626,-516.70416,1007.35559,120.22258,-638.18317,981.93121,176.2982,-663.24353,926.55792,-99.74809,-461.00528,444.96292,109.60492,-838.23462,525.52435,21.61703,NA,NA,NA,-909.94275,158.56851,-171.92038
306,3.05,-493.0332,1433.1593,246.84422,-583.27972,1675.17737,75.52042,-455.98102,1557.3103,77.36668,-613.37885,1525.203,245.81314,-477.30139,1429.20715,-22.53028,-761.27289,1424.52173,134.65898,-587.03632,1308.43652,118.45683,-683.33075,1411.1554,-32.58492,-397.80887,1081.22668,-117.82911,-880.09967,1115.24048,203.46333,NA,NA,NA,-862.89484,909.12097,338.28473,-510.48453,1009.18933,130.72984,-631.74805,984.4455,185.62938,-658.45673,927.80286,-89.50803,-453.99289,445.65353,114.07923,-826.24255,526.00098,41.12307,NA,NA,NA,-898.32538,168.44099,-157.85825
307,3.06,-488.49921,1437.35583,260.94339,-580.54718,1677.62256,82.54085,-451.36267,1559.19263,86.8325,-607.98993,1527.50671,254.23878,-473.17462,1431.12134,-14.31624,-756.39691,1426.34009,144.05664,-580.95374,1310.75171,128.08347,-679.01563,1412.92786,-23.08983,-391.91638,1082.87366,-105.57341,-872.9259,1115.95837,214.23631,-385.11923,845.66962,-151.19638,-853.28064,909.50256,347.27341,-505.21158,1010.45575,138.75307,-625.98352,987.2085,194.93291,-653.47107,928.66925,-78.7996,-448.20535,446.40308,117.68637,-814.07129,525.27423,60.72403,NA,NA,NA,-887.01587,180.3653,-140.21207
308,3.07,-484.09521,1438.63477,259.81573,-576.39783,1680.03442,90.23383,-446.54776,1561.55615,95.43396,-603.49756,1530.35706,262.96149,-468.86316,1433.48303,-6.97765,-751.04242,1428.18872,153.89241,-575.73492,1313.48999,137.0385,-674.80426,1414.56555,-13.47267,-385.17209,1084.16968,-93.84141,-865.72406,1117.06934,223.19,-377.09836,845.94385,-134.30951,-843.68652,909.73071,356.54517,-499.73563,1012.63538,147.27609,-620.22638,989.29974,203.20915,-648.81683,929.9848,-69.11475,-442.42761,447.55991,119.75081,-802.31927,521.96185,75.5793,-767.26025,756.82959,387.86838,-876.59906,192.49036,-118.89689
309,3.08,-478.87317,1443.59595,279.17227,-570.81549,1682.69714,98.96803,-442.09964,1564.14758,103.54328,-598.40454,1533.45044,271.63614,-465.17645,1435.32813,1.22079,-746.50818,1430.08655,163.31821,-570.91553,1315.82202,146.06065,-670.60791,1416.17773,-4.80886,-378.35718,1085.59595,-82.61663,-857.61218,1117.51672,232.88397,-369.42053,846.46033,-113.36745,-834.56488,910.06702,365.15591,-494.10999,1014.93622,156.58926,-614.85925,991.48676,211.7809,-644.02472,931.6806,-59.14337,-437.24207,448.33948,121.51058,-790.71472,521.40875,100.29427,NA,NA,NA,-866.73767,200.09338,-102.17152
310,3.09,-474.00455,1444.99866,276.43506,-567.52209,1684.1626,107.06921,-437.93491,1566.09412,111.61604,-593.20087,1535.89172,280.48962,-460.75876,1437.44739,9.00295,-741.65997,1431.72876,172.25688,-565.00354,1317.48914,155.18549,-666.35724,1418.03101,4.2101,-371.81299,1087.76538,-70.27977,-849.49335,1118.0835,242.44046,-361.15448,846.90955,-98.58626,-825.76013,910.2738,373.37665,-489.01224,1016.70001,165.66107,-610.39911,994.03833,220.57602,-638.89099,933.10193,-50.30959,-432.7757,449.13367,122.13754,-778.90509,520.87097,119.91008,NA,NA,NA,-858.81,209.86395,-82.02463
311,3.1,-468.689,1447.19629,285.89954,-562.60504,1686.33826,115.55615,-433.14429,1568.89795,120.09747,-588.4054,1538.17651,289.40778,-457.12796,1439.33875,16.99258,-736.81317,1433.7417,181.9558,-560.41516,1319.9303,164.18192,-662.13409,1419.92651,13.21937,-365.33136,1089.96899,-58.31183,-841.46332,1119.22583,252.99132,-352.48953,849.79602,-84.674,-816.47278,910.31781,381.26147,-483.94388,1018.60187,174.03503,-605.76306,996.25446,229.668,-634.66803,935.11212,-41.4448,-428.83951,449.81122,123.06496,-766.1416,518.95978,141.24957,NA,NA,NA,-850.02539,217.86313,-59.6901
312,3.11,-463.79074,1451.36047,305.43616,-557.93781,1687.43127,125.42239,-429.0752,1571.36169,127.92873,-583.8136,1540.47131,297.88708,-452.71268,1441.63135,24.53787,-732.40491,1435.94958,190.6526,-555.83362,1322.07654,173.01044,-658.03571,1421.98889,22.15254,-358.1265,1091.62524,-48.48328,-833.28619,1119.73267,261.80212,-342.98264,851.34058,-70.56084,-807.16949,910.58795,388.88284,-480.13193,1020.20959,183.02678,-600.70679,998.06915,238.25763,-630.42468,937.28638,-32.7096,-425.31494,450.15561,124.31923,-751.77734,521.74384,160.55455,-726.45874,760.07098,412.74768,-840.18726,225.47397,-39.40076
313,3.12,-458.57776,1452.31982,304.89105,-552.82269,1688.8999,134.01025,-424.39688,1573.19727,136.46344,-579.07544,1542.12329,306.3623,-448.47229,1443.12744,33.08066,-727.76019,1437.79944,199.52,-551.61023,1324.3855,181.54291,-653.20398,1423.81799,31.02301,-351.57535,1094.20972,-37.49202,-825.82056,1120.99353,270.17923,-334.9689,853.83923,-50.64414,-798.43927,910.70673,396.43533,-475.78345,1021.89209,192.87776,-595.94275,999.81281,246.94502,-625.92053,939.5575,-23.92275,-422.00363,451.24237,124.06449,-738.49969,522.53851,180.78078,NA,NA,NA,-831.44684,233.67982,-13.23215
314,3.13,-454.26202,1454.90796,315.09766,-549.44019,1691.22632,142.44496,-420.06726,1575.04968,145.3468,-574.70477,1544.68298,315.46521,-443.98654,1445.1344,41.14374,-722.92969,1439.5459,209.55301,-546.37396,1325.77795,189.45547,-649.06555,1425.43518,40.06889,-344.51819,1096.52319,-26.05337,-818.08099,1121.42224,278.08005,-325.57874,855.44946,-32.42305,-789.13202,910.63947,403.51431,-471.76666,1024.17883,200.36539,-591.12799,1001.79443,255.97729,-621.59741,941.51422,-15.53269,-419.07654,451.56659,125.31313,-726.3327,523.74512,202.10176,NA,NA,NA,-821.74902,238.89491,8.37654
315,3.14,-449.38455,1456.21069,321.21436,-544.75287,1693.32202,151.23729,-415.15378,1577.2854,153.92331,-569.97034,1546.48096,323.81665,-439.25116,1446.67505,50.43626,-718.1333,1441.0791,218.42775,-542.04877,1327.99976,198.03204,-644.38226,1427.54187,48.70606,-338.10541,1098.70337,-14.51222,-811.11243,1122.58374,285.93597,-314.93695,858.18402,-17.43155,-780.79382,911.01959,410.26718,-466.48706,1026.09924,207.86887,-586.57574,1003.63843,264.58844,-617.84973,943.84753,-6.29292,-416.27414,451.66217,126.23215,-715.79773,524.84906,220.23071,NA,NA,NA,-811.66492,243.8938,27.93868
316,3.15,-445.59534,1458.05127,330.77795,-540.40253,1695.10315,159.90715,-410.66205,1579.08313,163.00771,-564.98816,1547.78406,332.76376,-434.98972,1448.80957,58.30804,-713.6842,1443.15833,227.26147,-537.328,1329.63965,206.25192,-640.11389,1429.49097,57.00728,-332.0358,1100.78247,-1.91717,-804.2738,1123.83154,293.44092,-306.7597,861.0296,-0.09994,-772.98553,911.69043,416.77536,-460.96857,1028.57336,216.66803,-582.09009,1005.77997,273.81989,-613.85077,946.22333,1.23281,-413.91473,451.98672,127.61071,-703.93451,530.87396,245.93715,-507.63046,108.68858,130.49129,-801.53918,247.46971,49.94197
317,3.16,-440.2688,1459.00024,336.6228,-535.18811,1696.83484,168.873,-405.92914,1580.68176,171.74838,-560.77856,1549.91138,341.5231,-430.52408,1450.90674,66.84829,-708.95831,1444.69568,236.08205,-533.17572,1331.1947,214.40112,-635.46228,1431.27283,66.21149,-324.83017,1103.06445,10.0501,-797.4212,1124.65308,300.86429,-297.68747,863.89801,17.94485,-765.3811,912.33368,423.11966,-456.50406,1029.73755,225.61595,-577.659,1007.21521,282.80444,-609.86523,947.65369,9.57057,-411.48264,452.30002,128.23938,-692.17822,534.84448,267.25363,-506.39423,106.53737,135.40294,-791.02667,250.20499,72.75156
318,3.17,-436.48364,1461.33569,347.14285,-531.37836,1698.50647,178.09201,-401.51892,1582.84375,180.52864,-556.0918,1550.39526,350.22879,-426.07715,1452.9989,75.47302,-704.27679,1446.29443,245.06056,-528.4809,1332.54565,222.68349,-630.78094,1432.98145,73.98653,-318.61679,1105.58923,22.42965,-790.80444,1125.23621,308.01666,-289.18881,867.46088,32.21609,-757.50629,912.51172,429.06213,-451.43631,1031.06982,233.24254,-572.88525,1009.0921,291.63202,-606.10095,949.3222,17.95541,-409.18631,453.42999,129.45761,-682.52399,540.74457,288.66187,-504.82269,107.04639,136.46121,-778.66425,253.82941,96.05618
319,3.18,-431.58432,1462.09814,354.93781,-527.0296,1699.97461,187.49779,-396.50189,1583.8988,189.72432,-551.84497,1551.33899,358.61276,-421.06857,1453.97668,84.46222,-699.3902,1446.94043,253.2775,-524.302,1333.89124,230.72957,-625.92047,1434.62036,83.12332,-312.2373,1107.69519,35.51752,-784.65942,1126.03516,315.35236,-280.39673,871.25452,52.80781,-750.26605,912.61279,434.81293,-446.961,1031.80957,241.60022,-568.02356,1010.25305,299.98221,-602.58447,951.16522,26.42351,-407.1929,454.5513,131.68069,-672.74402,545.77374,307.92786,-502.6405,108.6089,137.73154,-768.92529,256.48254,122.8148
320,3.19,-426.75461,1463.16907,363.30698,-522.01215,1701.37219,196.42894,-391.82172,1585.73547,198.69672,-547.51758,1552.31494,367.58856,-416.75186,1456.00012,93.57813,-694.67883,1448.83167,262.46045,-519.32434,1334.87671,238.98235,-621.05652,1436.2511,92.12265,-305.71759,1110.08203,46.77816,-778.75317,1126.6958,322.41571,-270.66028,874.68402,68.97578,-742.82764,913.51257,440.69781,-442.17447,1033.72778,249.45157,-562.80627,1011.20154,307.90146,-598.92853,952.56506,34.65718,-405.67734,455.46735,132.46381,-662.73187,552.40198,326.77383,-500.99988,109.50897,137.78033,-756.54883,260.4407,157.8689
321,3.2,-422.21765,1463.96985,374.26398,-517.61035,1702.1427,205.51692,-386.88522,1587.0094,208.2262,-542.8877,1552.80811,376.3306,-411.72641,1457.19995,102.30372,-689.75531,1449.81982,271.14023,-515.09662,1336.19153,247.54326,-615.90436,1436.86121,101.16733,-299.27414,1111.87036,59.4197,-772.42889,1127.00232,329.71564,-260.49023,879.02533,85.01492,-735.62476,913.28595,446.56287,-436.9884,1035.03296,256.85666,-558.0686,1012.02057,315.79834,-595.54382,953.8819,43.43666,-403.92148,455.69138,133.59422,-653.77863,559.21747,344.86362,-499.46252,109.79085,138.20663,-745.31342,261.19202,185.26472
322,3.21,-417.7038,1465.28162,385.55795,-511.45575,1702.1842,214.9565,-382.40317,1587.90979,217.20482,-538.67389,1553.30432,385.00784,-406.89493,1457.88757,112.13781,-685.24402,1450.46045,280.12289,-509.95047,1336.59412,255.58995,-611.39581,1438.1062,109.53831,-292.64893,1113.85779,72.6319,-766.7699,1127.10156,336.89642,-252.44843,882.50378,100.65131,-728.98328,913.46167,452.56415,-432.42853,1035.86536,264.1846,-554.00537,1013.27753,325.18692,-591.38184,955.13129,51.87395,-402.90869,455.87216,134.51169,-645.04895,565.52838,362.4917,-497.87766,109.88894,138.21812,-732.6759,260.36893,212.23817
323,3.22,-412.52722,1465.15503,392.68515,-507.11353,1703.34741,224.21925,-376.78964,1588.53223,227.44392,-534.41571,1553.64099,394.18423,-401.7916,1458.97595,121.12074,-680.55505,1451.26172,288.94147,-505.86368,1337.33374,264.98282,-605.91309,1438.82166,118.85382,-286.63876,1115.03516,85.26987,-761.30304,1127.12793,344.05511,-243.17665,885.92163,117.61894,-722.42938,913.48547,458.7775,-428.31992,1036.21338,272.89615,-549.22235,1013.8092,332.82901,-587.74664,955.28955,60.10628,-401.65036,456.26111,135.89432,-635.45062,571.14758,379.7652,-496.92374,109.70663,136.94876,-720.30835,259.37616,239.21024
324,3.23,-408.72162,1464.70117,401.76089,-502.68909,1703.99817,233.67656,-372.02582,1588.92346,237.50735,-529.95276,1553.68787,403.42697,-396.72263,1459.51147,130.34088,-675.66779,1451.57666,297.68173,-501.30646,1337.98364,273.62054,-601.6217,1440.21729,127.38748,-279.39655,1116.84253,96.94846,-755.6731,1127.24353,351.07501,-234.32422,889.45496,131.0024,-715.61383,913.16089,464.89682,-423.53629,1036.42493,280.47464,-544.94391,1013.95941,341.27032,-583.92163,955.89282,68.40915,-400.45309,456.86853,137.92719,-626.21844,575.58582,397.26581,-495.97784,109.68048,137.38765,-708.25958,257.64206,266.79343
325,3.24,-403.7757,1464.54578,409.45789,-496.96103,1703.88831,243.06062,-366.96436,1589.52466,246.65051,-525.05072,1553.53857,412.51526,-391.91885,1460.02551,140.26437,-670.90692,1451.802,306.5051,-496.18497,1337.7572,282.76096,-595.87445,1439.98828,136.80588,-272.36853,1118.43311,109.1386,-750.05164,1127.18176,358.18161,-224.54041,891.86615,150.64064,-709.16571,912.81305,471.47897,-419.68835,1036.69763,289.38715,-540.26007,1013.97955,348.9227,-579.87427,956.03156,76.9397,-399.80872,457.18796,140.12354,-616.05511,579.98022,413.86963,-495.39761,109.63303,137.71207,-695.74969,255.47063,293.70453
326,3.25,-399.27847,1464.94055,421.18652,-491.13815,1702.83984,252.54906,-361.48288,1589.12549,256.50635,-520.12762,1553.46729,421.87451,-386.91089,1460.12927,149.68491,-666.20251,1451.76111,315.39801,-491.38199,1337.73718,291.39896,-590.63147,1440.05054,145.90247,-265.07779,1119.41638,121.21885,-744.82263,1126.33301,365.31448,-214.77708,895.64825,166.42072,-703.22168,911.94214,477.19449,-415.24548,1036.69177,296.74081,-536.16736,1013.6684,357.48441,-575.69177,955.68481,85.11326,-398.49109,457.94034,141.96039,-606.38654,583.93683,430.43915,-495.60892,109.56255,135.95108,-682.75604,252.10666,320.39783
327,3.26,-393.53485,1465.37732,430.65091,-486.72345,1703.44312,262.2052,-356.71164,1588.96863,266.09793,-515.34583,1552.94397,431.15109,-381.49796,1459.85901,158.7802,-661.21558,1451.33826,324.47104,-486.4838,1337.42188,300.57407,-585.30829,1440.37036,155.02255,-257.97821,1120.57898,134.2487,-739.51782,1125.85107,372.23367,-205.62645,897.7951,180.16295,-697.69403,911.76874,483.35907,-411.40106,1036.68262,304.80487,-532.15607,1013.55365,365.52084,-571.64026,955.85315,93.04794,-398.05673,458.16531,143.57524,-597.39606,588.85992,446.36899,-494.84863,111.23053,135.69955,-670.89667,248.47418,347.41956
328,3.27,-389.52185,1464.30469,442.09042,-482.59354,1703.24353,272.29587,-351.29843,1588.3269,276.04745,-510.43021,1552.2323,440.8161,-376.28909,1460.01233,169.01456,-656.8385,1451.08057,333.78226,-482.07748,1336.98901,310.14609,-579.60657,1440.19336,163.87076,-250.36424,1121.82849,145.43756,-735.08203,1125.35571,379.66382,-197.82222,900.85852,193.84998,-692.63788,910.77496,489.27029,-407.43881,1034.77832,312.81622,-527.90009,1012.77441,374.01935,-567.63275,954.70129,102.31236,-396.91556,458.71939,145.38594,-589.6571,593.4491,460.37595,-494.88275,111.05194,136.38121,-658.23083,243.57129,373.70163
329,3.28,-384.43671,1462.52271,449.02765,-476.13135,1702.37268,281.51285,-345.89011,1587.6106,286.68402,-505.63,1551.41125,450.37057,-371.14688,1459.50452,178.56161,-651.5946,1450.23877,342.59409,-477.70654,1336.35974,318.88474,-574.99689,1440.56799,173.1506,-242.50865,1122.46423,157.58247,-729.83093,1124.63684,386.77563,-188.32184,902.86877,209.54918,-687.37653,909.73999,495.1572,-402.93246,1034.36206,320.79333,-524.38702,1012.0105,382.86066,-563.94714,954.15533,111.05057,-398.02945,457.69794,149.82614,-581.24084,596.76111,473.06253,-494.9686,111.07234,136.31833,-646.23071,237.83517,400.5527
330,3.29,-380.14035,1461.35132,458.12625,-470.53214,1701.68896,291.80658,-340.88403,1587.37061,297.08789,-501.36386,1550.66431,460.33871,-366.00076,1458.95813,188.5683,-646.57581,1449.46106,351.80206,-472.07574,1334.75232,328.42618,-569.44995,1439.97437,182.22238,-234.73805,1123.15894,169.59213,-725.1886,1123.71558,394.09048,-179.19763,904.79382,225.26418,-682.85016,907.8302,500.82663,-399.30881,1033.94092,329.58829,-519.5918,1010.58734,390.7074,-560.20685,953.3269,119.69749,-396.99713,458.08041,152.70474,-574.54895,600.76227,484.61078,-495.01031,111.01962,136.28336,-635.01117,232.01672,427.79633
331,3.3,-375.93884,1460.78662,472.49936,-465.68225,1700.94507,301.63809,-335.81128,1585.8075,306.41483,-496.05273,1549.33386,469.81671,-360.9874,1457.92175,198.42357,-642.0213,1448.67542,361.04321,-468.72989,1334.28931,336.98276,-563.82233,1439.49316,191.76367,-226.88919,1123.80945,182.46379,-720.78296,1122.36133,401.42148,-170.83882,902.4079,229.48988,-678.93597,906.42511,507.14792,-394.70593,1032.64404,337.26923,-515.17456,1009.56458,399.16275,-556.07056,952.59705,128.30246,-396.3121,458.00241,156.37082,-568.16724,603.28223,494.93173,-495.14526,110.49582,137.05341,-623.72577,225.45746,454.73236
332,3.31,-370.30426,1458.93127,480.81458,-460.49982,1699.73499,311.89792,-330.12549,1584.23901,317.01947,-491.38419,1548.41211,479.77075,-355.82047,1457.75549,207.95921,-636.92572,1447.64185,370.46625,-463.11679,1332.71143,345.879,-558.14581,1438.99597,200.96469,-218.97794,1124.53699,193.83958,-715.40662,1121.14038,407.76743,-162.40215,909.09094,254.41783,-675.33795,904.69373,513.01477,-390.2319,1031.01892,345.93356,-511.22873,1008.69312,408.05676,-552.18842,951.83179,137.48181,-395.22684,457.77487,159.07063,-562.72125,604.58868,503.6687,-494.88507,111.28963,136.85234,-613.33087,216.54117,481.65906
333,3.32,-366.59421,1457.84192,490.80911,-454.41507,1698.84399,322.38055,-324.61667,1583.56482,327.91611,-486.42044,1546.81372,489.30969,-350.33145,1456.5835,217.62112,-631.88904,1446.30652,379.6113,-458.51743,1331.69128,355.46527,-553.4314,1439.02588,210.50085,-211.65852,1125.21741,205.71805,-711.79498,1119.90259,414.81174,-152.8597,910.76331,270.10611,-672.75848,903.09088,519.03644,-386.74857,1030.58643,353.61087,-506.65411,1007.63416,416.75491,-548.29333,951.04095,146.1306,-393.73499,457.49573,162.40337,-556.95129,604.10272,511.52902,NA,NA,NA,-601.52899,207.93015,508.06253
334,3.33,-361.30734,1456.13989,497.98721,-449.03412,1697.41907,332.52814,-319.62204,1581.97949,339.4794,-482.04898,1545.43506,499.36267,-344.86057,1455.66101,226.69858,-626.50378,1445.12695,389.28772,-452.78369,1329.71045,364.47769,-547.63574,1437.71667,219.78571,-204.43661,1125.65308,218.06776,-706.9682,1118.06873,421.92813,-144.68434,910.84375,284.03705,-669.99664,900.26776,524.43512,-381.58975,1029.28333,361.49823,-501.65314,1006.12848,425.35049,-544.75378,950.36182,155.42493,-392.85016,457.51993,166.05553,-551.31268,603.03113,519.42505,NA,NA,NA,-590.19812,200.01431,535.70782
335,3.34,-356.47815,1453.55298,509.48279,-443.86877,1695.98853,342.76483,-314.20862,1580.078,347.96902,-476.95963,1543.9812,508.62439,-339.94821,1454.94543,236.9886,-621.39862,1443.99683,398.79227,-447.6051,1328.45081,373.55634,-542.56812,1437.18274,229.20473,-196.96516,1125.36182,230.86929,-703.59985,1117.46875,429.39114,-136.16714,911.53558,298.97287,-667.29413,897.84106,530.2171,-376.98157,1028.08936,370.74643,-496.12762,1005.09302,434.56171,-540.59552,949.39215,165.05557,-391.8111,457.15182,169.75783,-545.81281,599.90942,527.30676,-493.73822,113.37262,135.74301,-578.56818,190.87592,562.76141
336,3.35,-352.29395,1453.21802,522.34735,-437.38699,1694.84375,353.18109,-308.7229,1578.85413,359.14691,-472.88043,1542.05835,518.78522,-334.34683,1453.48193,246.49765,-616.15857,1442.47046,408.1441,-443.08936,1326.8877,382.63364,-537.41321,1436.51819,239.00471,-189.79131,1125.13,243.3549,-699.75928,1115.77002,436.85544,-128.17308,912.6109,311.4902,-665.72382,895.63464,535.87189,-371.60696,1026.55933,378.12433,-490.77859,1003.95642,443.89832,-536.41333,948.55109,174.99353,-390.21286,456.69385,173.86401,-541.17975,596.46454,535.48248,-493.60474,112.55771,136.80081,-563.76031,182.13794,589.12201
337,3.36,-347.28931,1449.86426,528.69354,-431.96857,1693.3313,363.32196,-303.64279,1576.84082,368.5751,-468.33853,1540.51953,528.48444,-328.96161,1452.27393,256.35507,-610.94177,1441.25391,418.14612,-437.28006,1325.3374,391.70657,-532.05011,1435.42151,248.48424,-183.58711,1124.81445,255.38817,-696.49451,1114.50916,444.4425,-119.21911,913.88953,326.72937,-663.90918,892.96283,542.90643,-366.23865,1025.76025,386.79849,-485.6926,1003.25085,453.80716,-532.15216,947.19946,184.73499,-388.02011,456.2634,177.21935,-537.10504,592.21124,542.27478,-493.05807,112.42625,137.20097,-548.92474,172.62386,616.88971
338,3.37,-343.98285,1447.88782,539.52222,-427.83591,1692.14758,374.16373,-298.51276,1575.59082,379.56302,-463.97482,1538.48328,538.17535,-323.83499,1450.81458,266.50247,-605.48505,1439.5824,427.71704,-431.7887,1323.65479,401.44281,-526.63385,1434.09314,257.81122,-175.8342,1125.4115,268.43365,-692.78607,1113.04041,452.22357,-112.09384,913.4881,338.77908,-662.34668,890.07001,548.30676,-360.72232,1024.60352,396.97845,-479.33505,1001.92407,463.57935,-527.70337,945.86548,194.86919,-386.59448,456.67764,181.29166,-532.08771,585.45435,547.69482,-491.98187,112.54929,138.97328,-531.90503,164.75214,642.64191
339,3.38,-338.87161,1445.82617,550.32452,-421.27911,1690.08936,384.08817,-292.99802,1573.37695,390.86118,-458.96765,1536.64148,547.77234,-318.72141,1449.46362,276.10629,-600.41003,1438.1875,437.77295,-426.96698,1321.83655,411.09695,-521.4682,1433.04163,267.61969,-168.87445,1125.15771,280.14417,-689.84943,1111.97339,460.2951,-104.86385,913.12164,352.90741,-660.88062,887.25812,554.06323,-354.58792,1023.64862,406.8392,-473.07587,1000.57086,473.37439,-523.33105,944.35284,205.12503,-384.78827,456.72357,186.97069,-528.69373,579.35223,552.78925,-490.64914,113.43661,139.53929,-514.73712,158.54611,668.38788
340,3.39,-333.80502,1443.61438,561.64935,-416.09393,1688.6637,394.70554,-287.76227,1571.8175,400.06128,-454.16101,1534.08386,557.80475,-313.63898,1448.18542,285.13623,-595.10425,1436.43164,447.38904,-421.37277,1320.69592,420.09781,-516.06818,1431.48413,276.87451,-162.31308,1124.60059,291.79492,-686.59595,1110.32544,467.94159,-97.43705,912.86853,364.1499,-660.00482,884.5799,559.97089,-348.7872,1022.58667,415.90536,-466.59821,999.45758,482.84198,-518.46826,942.20825,215.92464,-382.92365,454.9592,193.33179,-525.67889,572.474,557.6311,-489.20728,113.48087,141.63712,-496.84644,157.27306,693.78485
341,3.4,-330.39343,1441.46912,570.88239,-410.0954,1686.6394,404.55649,-283.1394,1569.75366,411.01614,-450.2417,1532.29858,567.31079,-307.82462,1447.53699,294.71265,-589.52191,1434.98364,457.18793,-415.35379,1319.12585,429.68417,-511.10004,1429.63184,286.46533,-156.1723,1123.71423,304.10016,-683.21173,1108.83118,475.75488,-89.11456,912.75348,377.89886,-658.78815,881.51733,565.64282,-342.60999,1020.67554,423.96805,-460.11356,998.18951,493.61285,-514.00726,940.57043,226.92459,-380.96033,455.20001,198.97075,-522.99847,565.30072,560.96692,-487.88403,113.94207,142.91516,-479.9791,160.35919,717.85974
342,3.41,-325.47141,1438.22571,577.06177,-406.01361,1685.35315,414.99857,-278.0946,1568.5719,421.12125,-445.45981,1529.79004,576.69904,-302.99835,1445.73181,304.2662,-584.39154,1433.35803,467.23041,-410.12485,1318.00635,439.46487,-506.05734,1428.25366,296.19827,-149.68369,1123.41528,316.09052,-679.48773,1107.21533,484.01965,-83.37386,911.74554,389.6608,-658.43549,878.90082,571.71466,-336.7218,1019.60632,433.79596,-454.09564,996.99451,504.32648,-509.08652,938.58148,237.56165,-378.3327,454.89291,204.79784,-521.48914,558.76178,563.95642,-486.29977,114.36657,144.58231,-463.26468,166.55934,740.41724
343,3.42,-322.39841,1437.23889,589.24115,-400.02417,1683.74475,424.97687,-273.10043,1566.63684,431.15088,-441.72229,1527.97754,585.99677,-298.27097,1444.13647,314.00577,-579.22217,1431.47705,476.51236,-405.24786,1316.28088,449.75583,-501.07291,1426.52795,305.64835,-143.45221,1122.39771,328.12823,-676.02698,1105.67053,492.58289,-75.95627,910.65619,401.16867,-657.35107,875.78021,578.06989,-330.37836,1018.24036,443.85364,-447.08206,995.63702,514.22406,-503.77441,936.77802,248.29118,-375.56775,454.66727,211.17329,-519.33057,552.36115,566.25562,-484.7569,115.49326,145.37901,-446.63651,174.36922,759.18689
344,3.43,-317.3511,1434.02307,597.83405,-395.45599,1682.36938,435.04196,-268.20157,1565.24731,441.31448,-436.94522,1525.95984,595.54132,-293.34805,1442.76758,323.42294,-574.32178,1429.94263,486.73868,-399.78671,1314.94043,459.57806,-496.14789,1424.85632,315.37756,-137.38589,1122.7229,339.83206,-672.55902,1103.88245,500.86734,-69.62578,909.55792,414.06909,-656.89716,872.32538,583.99945,-324.3764,1016.57007,454.77774,-441.59052,994.80347,525.01184,-498.9668,935.04742,259.16934,-372.83566,453.60236,218.01636,-515.32239,547.45013,570.31256,-483.33936,116.34529,147.01967,-432.17648,183.06935,777.42426
345,3.44,-313.54733,1433.56348,610.7384,-390.77377,1680.86792,445.14954,-263.37915,1563.74548,451.44604,-432.89984,1524.34937,605.05078,-288.14859,1441.42444,332.92523,-569.11737,1428.12134,496.51154,-394.13547,1314.08533,468.91852,-491.26547,1422.79761,325.06351,-131.85164,1121.65698,351.44016,-669.05817,1102.48022,509.75745,-63.46404,909.61487,424.67258,-656.32703,869.17108,590.2868,-319.13327,1014.94165,463.60361,-435.55795,993.97034,536.45593,-494.06552,933.70532,269.77271,-370.05817,453.59372,225.14435,-507.78195,544.06268,574.05029,-481.82315,117.1134,149.22356,-418.43161,191.88348,792.45728
346,3.45,-309.18753,1431.50635,619.62756,-386.02716,1679.80786,455.01068,-258.74332,1562.50537,462.37567,-428.78741,1522.92615,614.58368,-283.73853,1440.07471,342.68082,-564.23157,1426.57837,505.9527,-388.60269,1312.83484,478.92456,-486.5563,1421.17871,335.10773,-126.45084,1120.6886,362.67215,-665.24658,1100.65063,518.1944,-57.16697,908.81073,435.80261,-655.88129,865.66504,596.57819,-312.86273,1013.05267,475.17542,-429.05011,992.42786,546.76953,-488.60248,931.53326,280.91833,-366.73633,452.9798,233.09259,-497.38791,543.62268,578.86053,NA,NA,NA,-405.51926,200.21323,806.50446
347,3.46,-305.19168,1430.25354,627.29431,-381.56299,1679.2146,465.07468,-253.86789,1561.57068,472.67993,-424.98233,1521.79968,623.86938,-278.84369,1439.12317,352.08582,-559.22083,1424.98132,516.06824,-383.72592,1311.98975,489.33524,-481.63217,1419.4624,344.797,-121.08308,1120.53088,373.08234,-661.62323,1099.15405,526.45068,-51.72096,908.12073,446.81342,-655.25488,862.35999,602.14075,-307.00876,1012.16327,487.14233,-422.83636,991.55042,557.44,-483.71933,930.21582,292.82764,-363.95456,452.52374,240.82759,-486.02094,544.43372,584.80933,-478.72812,120.83068,151.91061,-392.62378,207.59712,819.8866
348,3.47,-301.31702,1428.92468,636.07611,-376.72476,1678.10254,474.86777,-249.28476,1560.80554,482.18582,-420.71207,1520.6947,633.46527,-273.92163,1438.08765,362.22864,-554.53204,1423.58521,525.93604,-378.44128,1311.08984,499.62866,-476.60925,1417.99158,354.54831,-116.03654,1119.76807,384.76062,-657.61896,1097.58752,535.48901,-46.10988,907.26575,458.72513,-654.78821,859.97925,609.38843,-301.10461,1010.54749,497.20383,-417.69818,991.08197,569.61505,-478.34778,928.63477,304.72174,-360.23245,451.69138,249.62773,-474.97427,545.46954,591.47711,-477.14462,123.1897,153.24367,-379.8783,215.22597,833.59839
349,3.48,-297.08795,1428.53223,648.5014,-372.04974,1677.3031,484.66299,-244.50119,1560.12793,493.17084,-416.08289,1519.51672,642.82446,-269.28372,1437.38672,372.05945,-550.22223,1422.67578,536.29504,-372.80505,1310.20618,509.66428,-472.14539,1416.46082,364.97375,-110.97695,1119.78699,395.52963,-653.88153,1095.69812,544.12207,-40.48755,905.97687,469.19928,-654.95502,857.28845,615.44586,-294.60034,1009.31238,507.67947,-411.59869,990.55524,581.16199,-472.62015,927.58478,316.63824,-356.30066,451.77585,257.51736,-464.76453,547.54132,599.49506,-475.548,124.57396,157.07271,-367.95181,221.55243,845.62799
350,3.49,-292.01489,1428.74463,659.08905,-367.71872,1676.89319,494.41452,-240.39511,1559.69653,501.80634,-412.08743,1519.33081,652.9129,-264.48083,1436.41919,382.17157,-545.11548,1421.16504,546.37341,-368.05267,1309.91711,520.58099,-467.3175,1415.00745,374.77551,-106.38026,1118.48108,406.26511,-649.33093,1094.26404,552.74731,-35.08934,905.89368,479.19702,-654.08789,854.40692,621.75793,-288.75986,1008.62628,520.86511,-405.42316,989.4848,593.04956,-466.70554,926.35034,328.57553,-352.57098,451.43958,266.91013,-454.72507,549.90955,607.82129,-473.5025,127.44838,160.3326,-355.65231,227.90076,856.8371
351,3.5,-288.14682,1428.39282,668.00793,-363.44388,1676.50891,504.27615,-235.7464,1559.36719,512.7749,-407.17865,1518.57373,662.56421,-259.76184,1435.68359,391.87631,-540.78448,1420.38464,556.7381,-362.8251,1309.44141,531.30786,-462.65228,1414.04724,385.13065,-101.79567,1118.48914,415.84818,-646.12939,1093.30469,561.93384,-30.81989,905.05994,488.86255,-653.32446,852.23364,628.11237,-282.60992,1008.02557,531.53735,-399.08234,989.62646,605.08777,-460.77045,925.06909,340.92093,-348.49039,450.57184,276.87421,-443.71573,550.91302,615.6076,-470.79703,130.87875,160.85255,-343.66974,233.6573,867.12781
352,3.51,-284.00867,1428.04919,677.66541,-358.84216,1676.67383,513.91681,-231.30923,1559.66016,522.13361,-403.50632,1519.1665,672.664,-255.49136,1435.62732,401.79114,-536.29364,1420.22607,567.28455,-357.76724,1309.78613,541.7063,-458.07071,1413.31982,395.50174,-96.84151,1118.24915,425.97018,-641.93439,1092.1792,570.66571,-25.86843,904.4668,497.37686,-652.85492,850.56006,634.92603,-277.09216,1007.32526,543.32574,-392.70129,989.33936,617.45648,-454.72717,924.41577,353.04773,-344.36795,450.36118,286.20517,-434.0191,551.11493,624.94849,-469.14594,133.78488,165.44939,-331.88818,238.64986,877.32263
353,3.52,-278.6922,1429.46643,689.34918,-353.67545,1677.15356,524.06488,-226.52332,1560.16467,533.27655,-399.11652,1519.87988,682.79529,-250.57556,1435.74573,411.77957,-531.82574,1419.70789,577.4931,-352.62503,1310.16663,552.45911,-453.40433,1413.36829,405.97098,-92.47086,1117.81897,435.34937,-637.56696,1091.76111,579.16913,-21.05824,903.13135,506.5174,-651.23547,848.8446,641.52533,-270.42023,1007.86597,555.0484,-386.04633,989.74866,629.18414,-449.36133,924.46173,365.20633,-339.7124,450.78662,295.75833,-425.41974,551.15796,635.37378,-466.69189,136.96864,169.9196,-320.31665,243.91319,887.71686
354,3.53,-274.45053,1430.70764,699.64001,-349.58084,1678.302,534.49725,-222.0229,1561.23328,542.14838,-394.14761,1520.7373,692.92773,-246.09569,1436.4978,421.64352,-527.49701,1420.11938,588.04547,-347.42673,1311.58215,563.53101,-448.90891,1413.66699,416.72253,-88.29034,1118.25745,444.84741,-633.15021,1091.22168,588.30994,-17.54046,902.99908,514.45221,-649.87262,847.77051,648.28882,-263.4538,1008.81183,568.03711,-379.04614,990.4563,641.25134,-443.64807,924.97968,377.67618,-334.00934,451.4119,306.94852,-417.19418,550.57001,646.24408,-464.40674,140.81285,175.0242,-308.9967,245.77231,896.20953
355,3.54,-269.35614,1431.18433,707.95129,-344.77301,1679.51892,544.63647,-217.2916,1561.96069,552.79712,-388.92953,1522.2179,703.49841,-241.35358,1437.39172,431.84244,-522.56342,1420.62878,598.83154,-342.27341,1312.98193,574.21979,-444.26468,1414.0437,427.17325,-83.93369,1118.51233,453.8317,-629.99951,1092.22205,597.48694,-13.74459,902.39465,523.10895,-648.40234,847.69763,654.85602,-256.75354,1010.04016,578.6452,-372.38504,991.02643,652.79596,-438.44907,925.62531,390.02728,-328.10089,451.77008,317.38089,-410.15479,551.08044,657.39734,-462.05219,146.47638,180.32201,-298.52301,245.45395,904.31195
356,3.55,-264.19122,1433.45898,720.53894,-340.37592,1680.70947,554.79718,-212.83528,1563.74023,562.78009,-384.37292,1524.10278,714.30988,-236.9519,1438.8606,441.6557,-517.74255,1421.69153,609.18549,-336.51022,1313.97668,585.16052,-439.54608,1415.18994,437.6777,-80.0962,1119.2146,462.54541,-625.18121,1092.95007,606.60712,-10.04408,902.77435,530.07269,-646.0993,847.92981,662.12506,-249.26958,1011.55896,589.25293,-365.44257,992.57019,664.13147,-433.30441,927.12299,402.27051,-322.15994,452.45215,330.61008,-403.65555,551.74677,668.87366,-456.43866,150.49368,185.62889,-288.80093,244.13603,911.80463
357,3.56,-259.66901,1434.77197,728.96405,-335.8938,1681.96301,564.9549,-207.92102,1565.21924,573.79291,-379.3942,1525.9032,724.80542,-232.32542,1440.60242,451.73798,-512.89056,1422.78394,620.21649,-331.35855,1316.42468,595.97784,-434.66885,1416.48425,447.96957,-76.49017,1120.61377,470.50342,-620.30646,1094.1217,616.18292,-7.49805,902.85779,537.22284,-643.17706,848.76624,669.40924,-242.99377,1013.43744,600.62152,-358.95163,994.81305,676.20575,-428.08347,928.36975,414.45789,-315.48062,453.59207,343.11215,-397.1604,552.79327,680.69531,-452.18747,157.31943,192.31837,-277.74579,242.47321,918.52167
358,3.57,-254.41852,1436.28772,740.12292,-331.42725,1683.46338,574.93768,-203.41899,1566.76282,583.93298,-374.73236,1527.47595,734.89099,-227.62914,1442.40588,461.99426,-507.95633,1424.35132,630.73566,-326.49863,1318.85535,606.94226,-429.77853,1417.98145,458.24561,-72.93003,1121.55273,478.32831,-615.44629,1095.54248,625.4425,-4.77778,903.20166,543.6817,-640.797,850.4126,677.30499,-235.8873,1016.1153,611.2627,-352.07837,997.07898,687.12091,-422.68127,930.02527,425.97131,-307.51569,454.97873,355.68213,-392.09,555.85614,693.31403,-445.86273,164.353,199.17975,-266.06467,237.97379,924.90576
359,3.58,-249.54675,1438.81042,751.04974,-326.73193,1685.05396,584.89337,-198.94263,1568.65784,593.11639,-369.40976,1528.53223,745.07605,-222.23111,1446.20203,470.91351,-502.84561,1425.86646,640.84479,-320.63715,1320.78906,616.95679,-425.24603,1419.45325,468.71613,-69.28928,1122.55688,485.59122,-610.54779,1097.17029,634.72418,-2.07915,903.29803,549.99329,-637.02539,852.04797,684.74738,-229.25999,1018.15784,621.17633,-345.40811,1000.16516,697.90576,-417.42706,932.2262,437.51523,-300.76038,456.1532,371.44812,-385.86844,558.49072,706.03992,-441.90186,170.96181,208.88422,-255.1405,234.57764,928.50983
360,3.59,-244.75217,1440.19067,759.40491,-322.22089,1686.72314,594.89679,-192.84583,1569.46899,604.46143,-365.30377,1531.04138,755.57245,-217.6684,1448.23816,481.80255,-497.27301,1427.72644,651.17615,-315.24442,1323.03528,627.14264,-420.22318,1420.83008,478.69186,-65.85163,1123.70593,493.55188,-605.9212,1099.55481,644.12622,0.39988,904.19165,555.1889,-633.16156,853.97046,693.47595,-223.31168,1020.50537,630.10541,-338.06638,1002.58398,708.93298,-412.29596,934.28235,448.92163,-294.74063,458.21848,387.54044,-381.77603,562.86768,719.48596,-434.05417,181.74106,221.43762,-245.02789,230.6633,931.72839
361,3.6,-239.32364,1442.19214,771.10974,-317.71124,1687.93188,604.65552,-188.45776,1571.1499,613.72247,-360.16476,1532.651,765.61011,-212.91872,1450.39185,490.86502,-492.00397,1429.30847,661.34851,-309.9852,1325.36633,637.81079,-415.50253,1422.12915,488.94556,-62.23007,1125.25525,500.43015,-600.93494,1101.25366,653.56372,2.2483,904.7583,561.50409,-628.82098,856.0885,702.17236,-217.17172,1024.01428,641.64703,-331.80359,1005.40466,718.86658,-407.42706,935.97882,460.36884,-287.13419,459.95755,407.97122,-376.50125,565.46429,732.14832,-427.6767,192.79109,236.14047,-235.27765,225.18329,933.46924
362,3.61,-235.21774,1444.08997,780.64972,-313.48444,1689.5083,614.17035,-184.37218,1573.29468,623.19708,-355.06424,1533.81262,774.79712,-208.30922,1452.56238,500.00778,-487.05328,1430.70264,671.64337,-304.42239,1327.34314,648.28009,-410.48264,1423.28796,498.84927,-58.37599,1126.05396,508.36838,-595.9931,1103.07056,663.29724,5.90968,904.4256,568.44519,-624.61847,858.45819,711.56812,-211.02672,1026.6936,650.53668,-324.87799,1008.54773,729.53168,-402.91159,937.02618,471.59686,-278.31064,460.43524,429.19104,-371.51151,567.83942,744.87543,-420.07596,204.55557,250.3076,-226.37184,219.05742,933.88922
363,3.62,-230.09538,1445.48792,789.42365,-308.48975,1691.25195,623.3288,-178.40561,1574.67615,633.33405,-350.76114,1535.55811,784.58545,-203.74619,1454.18982,508.77924,-480.81979,1432.34497,682.06433,-298.77237,1329.38452,658.09106,-405.65924,1424.30847,508.73154,-54.52386,1127.10681,514.4397,-591.07654,1105.19592,672.96179,6.9363,905.96796,571.51044,-619.89941,860.06702,720.72821,-205.95552,1028.38928,658.61017,-318.92184,1011.06213,739.94421,-398.27869,938.67609,482.67505,-269.138,459.88318,451.4155,-366.19254,569.67596,757.59003,-410.59604,216.03622,265.56879,-216.09814,211.43457,933.38135
364,3.63,-224.9366,1447.26648,800.39447,-303.97922,1692.68274,632.80585,-174.19717,1576.55652,643.28558,-345.99753,1536.39343,793.1557,-198.35635,1455.9458,518.65009,-475.94653,1434.0083,692.00928,-293.56024,1331.47485,667.19495,-400.69684,1425.45728,518.5401,-50.55276,1128.10925,521.87067,-586.17688,1106.86121,682.63873,10.21372,905.2348,576.83698,-614.67133,862.0697,730.23315,-200.26749,1030.93372,667.89722,-312.68423,1013.82104,749.78094,-393.42474,939.32953,493.24951,-258.62354,458.87952,473.19882,-361.27359,571.55359,771.28564,-399.50803,228.30605,280.11862,-208.78653,203.71588,931.83685
365,3.64,-220.49194,1448.33691,808.53821,-299.06851,1694.40771,642.77142,-169.41039,1579.2998,652.51721,-341.40756,1537.62085,802.50897,-193.79877,1457.78162,526.29248,-469.66571,1435.17126,701.72937,-286.99164,1333.21887,677.38397,-395.83878,1426.93518,528.60809,-46.89441,1128.43921,528.50714,-581.03656,1108.29553,693.12842,11.82326,905.04407,581.92255,-609.59155,862.82233,739.66205,-192.68623,1033.42542,678.69904,-305.86664,1015.70087,759.0105,-389.12628,940.53674,503.59756,-247.06409,458.04526,495.77374,-357.15988,572.95013,783.83295,-388.21207,240.86572,296.97601,-202.45111,195.8356,930.2981
366,3.65,-214.99989,1450.11255,818.11523,-293.7894,1696.41846,652.22949,-162.95425,1580.96484,663.18188,-337.18466,1539.09912,811.82635,-188.67584,1459.82678,534.96246,-464.07233,1436.09875,711.66846,-281.16467,1335.08569,686.58612,-390.40399,1427.92334,537.76794,-42.67463,1129.72656,535.45966,-575.78265,1109.56787,702.84039,15.21727,904.02026,586.47015,-604.44507,864.31677,749.73798,-186.60538,1034.36462,687.24701,-300.1319,1017.50305,769.13983,-384.49725,941.48181,514.24902,-233.98315,457.39151,515.76532,-353.19971,574.12604,796.77112,-374.29199,251.12085,316.10052,-197.13191,188.46327,928.60425
367,3.66,-209.80919,1452.1228,827.84473,-288.11835,1697.89282,661.7428,-157.97005,1583.16809,672.81549,-331.60605,1540.651,820.79431,-183.30736,1461.27405,543.29272,-457.93478,1437.72229,721.61139,-274.76559,1337.14441,695.23279,-385.49597,1429.67041,547.56348,-38.71916,1130.13647,542.66431,-570.46069,1111.21265,713.31,17.86728,903.22772,590.7215,-599.22205,865.57855,760.3797,-180.9111,1034.6416,695.1651,-292.87277,1018.58948,779.16199,-380.51892,942.7619,524.3208,-219.16954,458.31381,531.66315,-349.96179,575.78546,810.37372,-357.29623,263.24185,327.68222,-193.26323,181.75826,926.18219
368,3.67,-205.58795,1453.45972,836.83704,-282.83344,1699.7146,671.5108,-152.95117,1584.65918,682.38049,-326.63263,1542.45935,830.3894,-177.86983,1462.77832,552.09094,-452.4122,1439.39429,731.68378,-268.32013,1338.86169,704.06903,-380.38571,1431.25562,557.05719,-34.45082,1130.94312,549.34479,-564.7843,1112.45154,723.50702,20.12508,902.89667,595.96442,-593.18451,866.64337,771.09192,-174.77614,1035.63232,704.29724,-286.87085,1019.427,788.09387,-375.93631,944.61896,534.05731,-203.28169,461.79889,548.97455,-346.77304,576.99152,824.83148,-344.13818,273.28632,344.66437,-189.83562,175.79063,923.31995
369,3.68,-199.69031,1455.17004,847.69586,-277.7059,1701.30273,681.05194,NA,NA,NA,-320.80219,1543.40186,839.44739,-172.86536,1464.50928,559.33435,-445.94284,1440.77686,741.33374,-262.09329,1340.70691,713.12653,-375.11789,1433.16284,566.54932,-30.1356,1132.28955,555.79181,-559.45398,1114.13062,734.08948,23.02995,902.00531,599.00244,-586.81824,867.73395,780.06891,-168.9014,1035.98621,712.52155,-279.58383,1020.67273,797.328,-371.39813,945.90576,543.82623,-188.37875,464.95978,563.88098,-344.24628,577.88947,839.8457,-328.53055,281.2012,363.48178,-189.63141,173.24937,921.13928
370,3.69,-194.99739,1456.07837,855.53479,-271.87579,1703.1106,690.60712,-141.40857,1588.83569,701.65027,-316.51752,1544.74597,848.7359,-167.72331,1466.4729,567.8327,-436.68246,1437.9624,755.76813,-256.97171,1341.88037,721.00946,-369.92749,1435.14905,575.86121,-25.88452,1132.63696,563.20502,-553.81946,1115.81152,744.65509,25.66698,901.83728,603.66162,-580.78473,870.02814,791.49451,-163.12,1036.81189,720.64972,-273.81461,1021.69159,806.44287,-366.89288,947.49823,553.36035,-172.25208,467.22629,578.36255,-341.56732,577.83813,854.28351,-313.36197,289.70059,382.09079,-189.27525,171.58217,917.58295
371,3.7,-188.76425,1457.17529,865.25208,-265.72449,1704.43616,700.3382,-135.38425,1590.27087,711.58868,-311.06219,1545.79688,857.95917,-163.37212,1466.28845,576.33569,-432.38416,1440.98938,763.74152,-250.65469,1343.30432,729.77527,-364.76718,1436.79578,585.19141,-21.77377,1134.14734,568.91534,-548.07855,1117.41113,755.21075,28.87696,900.96832,607.90491,-574.05774,871.45349,802.58063,-157.49887,1036.75195,728.2597,-267.30869,1022.61517,815.28741,-361.82953,948.91278,562.77649,-157.56442,466.56934,597.43164,-340.09866,578.55145,868.4021,-297.68365,296.36365,400.44592,-186.19997,169.60881,913.77985
372,3.71,-184.23332,1458.00317,874.40802,-260.55164,1705.77295,710.50946,-129.40938,1591.22522,722.28125,-305.76678,1546.46277,866.60095,-157.38368,1468.55811,584.97369,-426.75061,1443.36328,772.31708,-244.81413,1344.92493,738.31921,-359.49313,1438.58435,594.43866,-18.04259,1135.06873,575.04431,-541.8772,1119.38672,765.32477,30.87411,900.96216,611.63708,-567.16254,872.83923,813.05542,-151.57037,1039.08557,736.6109,-261.58273,1024.10022,823.63831,-357.07178,950.83575,571.88367,-142.04256,468.59845,613.78625,-338.86978,579.35181,881.87091,-282.71689,301.55005,419.29495,-189.66978,169.73535,910.99359
373,3.72,-178.25876,1458.50354,882.78937,-254.61803,1707.63977,720.03967,-123.82521,1592.01672,730.3432,-300.39426,1547.12439,875.69794,-151.50056,1471.20154,592.76373,-421.04175,1448.11145,780.23981,-238.95303,1345.75635,745.55469,-354.25787,1440.72009,603.64893,-13.48562,1135.77539,580.85291,-535.51233,1121.34607,776.08636,34.31211,900.80585,614.33148,-560.00122,874.09778,824.26343,-145.82001,1041.18201,744.88666,-255.55022,1025.55212,832.10773,-352.5936,952.90637,580.57166,-127.31704,470.9671,633.92041,-337.04733,581.21918,894.39813,-267.41849,306.39072,438.03476,-190.04977,169.05495,908.43628
374,3.73,-172.8716,1459.59875,892.10529,-248.82027,1708.23425,729.91223,-118.11107,1593.76587,741.31201,-294.63974,1548.50012,884.96063,-146.57388,1472.35022,600.11377,-414.41064,1449.79761,789.59607,-232.75679,1347.9386,755.20703,-349.20184,1442.45972,613.00946,-9.34582,1136.32886,585.93182,-529.60089,1123.55261,786.96863,37.01062,901.00629,617.15424,-552.17352,876.8819,835.98419,-141.47169,1043.01196,753.44159,-249.69522,1027.05017,840.69611,-347.41415,954.56262,588.70129,-111.10466,473.40131,650.29993,-334.89343,584.07159,906.73376,-252.18013,309.35696,457.5802,-191.41615,169.63152,905.63208
375,3.74,-168.19395,1458.99353,900.33447,-242.24252,1709.93799,739.93005,-112.74155,1595.12024,749.74365,-289.16388,1548.81458,894.08051,-141.45004,1473.13818,608.55463,-407.72327,1451.40344,799.46765,-227.25565,1348.3186,762.99225,-344.0943,1444.2063,622.28143,-5.36735,1137.25781,591.92236,-522.7923,1125.62366,797.5509,40.23195,900.5069,620.56171,-544.3396,878.89581,847.55188,-136.33296,1045.83887,761.53534,-244.97824,1029.14307,849.25476,-342.41882,956.5069,596.88892,-94.69598,475.30182,668.30353,-333.43494,585.46411,916.8382,-237.55257,312.21194,477.39233,-193.4095,169.82501,904.42944
376,3.75,-162.53532,1459.61926,910.11633,-235.72571,1710.68274,750.05603,-107.87769,1595.45825,759.4931,-283.88443,1549.47278,903.12305,-136.38383,1474.64026,616.96051,-401.45642,1453.14697,809.52423,-221.42776,1349.02039,770.23126,-338.46808,1446.22778,631.36359,-1.16869,1137.53906,596.41315,-515.92603,1127.33691,808.16193,43.98069,900.57056,623.56421,-536.3808,881.26447,859.2525,-131.16443,1048.36194,769.867,-238.88388,1031.00586,857.84698,-337.47296,958.21411,605.55634,-77.7538,479.09906,686.88904,-331.97455,586.83466,922.92505,-221.90842,313.24277,496.922,-195.3114,169.4091,903.17908
377,3.76,-158.31342,1458.80518,918.57074,-230.22237,1711.96411,760.51636,NA,NA,NA,-278.95035,1549.37805,912.02173,-130.80008,1475.63232,625.12396,-394.29013,1453.70288,818.39276,-215.4884,1350.25378,778.87775,-333.40787,1447.70239,640.78076,3.76321,1137.74817,599.81146,-509.51147,1129.26208,819.29767,46.2772,900.57367,625.60754,-528.0769,883.26428,871.51691,-127.06392,1050.74805,778.51074,-233.43079,1032.57214,865.52832,-331.59924,959.5661,614.09851,-79.43919,470.96057,720.85065,-330.59848,586.71582,928.11365,-206.91632,313.57834,517.10516,-196.78336,168.37607,902.03168
378,3.77,-153.31837,1459.36768,928.0733,-222.96164,1712.94653,770.19336,NA,NA,NA,-273.55576,1549.55054,920.91504,-125.1515,1476.39697,632.76904,-387.85703,1456.84412,828.93982,-209.39804,1350.98779,786.58105,-327.96555,1449.15027,649.91235,7.30633,1138.02222,605.22235,-502.48465,1130.95374,830.59399,49.43682,900.35681,627.93671,-518.63806,884.71442,883.71338,-121.72513,1053.48792,786.06512,-227.47035,1034.02173,873.46722,-325.54764,959.94702,622.0318,-57.3799,476.89731,715.82452,-329.36212,585.01154,932.28687,-192.02759,313.00662,538.79858,-198.18024,166.30421,901.20538
379,3.78,-147.83092,1457.73938,936.86554,-216.75507,1713.70776,780.44708,-89.38371,1597.16711,788.36566,-268.09824,1549.18762,929.51599,-119.6544,1477.19519,640.81549,-381.05042,1458.20764,838.36212,-203.12698,1352.0094,795.18921,-322.41519,1450.45313,659.19745,11.51618,1138.67786,610.3844,-495.72549,1132.39319,841.74408,53.36716,900.55975,629.75793,-509.70572,886.35638,896.64667,-116.58416,1055.50513,794.5401,-221.63734,1035.30347,881.89722,-319.72861,961.12408,630.08038,-26.44037,488.59717,738.89502,-329.21939,582.60425,936.32538,-176.68303,310.84241,559.19611,-199.40683,163.81679,901.48999
380,3.79,-143.22627,1456.94971,943.67938,-211.22279,1714.31543,791.23804,-82.83654,1597.7229,800.79681,-262.91794,1548.83301,938.51917,-114.37022,1477.91199,648.68073,-374.00497,1458.0293,847.49017,-197.51691,1353.06897,803.04504,-316.91757,1451.5083,668.52167,15.33201,1138.85938,615.19409,-489.05212,1133.60144,853.02747,55.80414,899.95374,633.25342,-501.48306,888.52881,909.52356,-111.03485,1056.75598,802.46088,-215.77071,1036.1178,889.68396,-313.29965,961.79608,637.57593,-11.69313,490.87958,755.21136,-328.90094,580.06458,939.47882,-161.41356,308.03397,581.57788,-200.48543,160.69206,901.81744
381,3.8,-138.30751,1457.66113,954.98914,-204.76564,1714.36304,801.25171,-76.9818,1597.40503,809.5202,-257.93073,1548.28088,947.40912,-108.72198,1478.59668,656.46417,-366.98083,1460.17249,857.34155,-190.269,1353.13245,812.06665,-311.48376,1452.29651,677.84094,19.25167,1138.81848,621.05206,-481.47406,1134.26355,864.19427,59.13173,899.97546,635.3656,-492.33658,890.42206,922.49902,-104.96425,1057.74036,809.65167,-209.98039,1036.98242,897.53809,-307.04962,962.29688,645.33734,-18.10761,484.41443,789.41504,-329.58826,577.25793,942.12122,-145.99596,304.0423,602.63495,NA,NA,NA
382,3.81,-133.52838,1456.35193,963.17035,-199.55598,1714.60913,811.88959,-71.23882,1597.88342,820.36975,-252.87891,1547.52527,956.14362,-103.1547,1478.80188,664.00696,-360.34192,1461.06946,866.85321,-184.2494,1353.8761,819.78943,-305.29623,1452.73425,686.65625,23.95503,1138.66809,625.45837,-475.22903,1135.42261,875.60791,62.6222,899.5528,638.62872,-484.38385,892.34277,935.91321,-99.67549,1058.48315,817.1662,-204.14307,1037.5531,905.33105,-300.61514,962.32788,652.56732,-5.83903,487.51965,806.89392,-329.46347,575.41846,943.3197,-129.93935,299.57361,623.72968,NA,NA,NA
383,3.82,-128.35957,1454.95911,971.54102,-193.66608,1714.57458,822.16693,-65.25686,1597.94202,831.39362,-248.00627,1546.37805,965.04761,-97.62432,1479.08203,672.46637,-353.03467,1461.30786,876.01141,-177.63248,1353.78821,827.88147,-299.69397,1452.97986,695.99921,27.63706,1138.30737,629.98328,-468.25201,1136.06921,887.64398,65.76678,899.62292,640.12872,-473.9454,893.24579,949.51575,-93.43217,1057.90564,824.46613,-197.04114,1036.89014,913.052,-294.55341,962.82135,660.44482,10.67785,493.70313,817.26013,-329.90268,571.7442,944.11084,-114.7308,293.0509,645.25702,NA,NA,NA
384,3.83,-123.56579,1454.22632,982.7525,-187.9055,1714.48657,832.19336,-58.9033,1597.98767,842.0968,-243.60091,1544.89575,973.58563,-91.71273,1479.19495,680.32562,-346.34076,1462.23987,886.26575,-171.72607,1353.67627,835.49237,-293.98593,1453.74255,705.54132,31.48001,1137.91357,634.17957,-460.74887,1136.51282,898.99152,69.54742,898.38348,642.50397,-464.67136,893.92981,963.26312,-86.86143,1057.47131,833.06714,-191.2429,1037.07739,921.38092,-287.72858,962.8877,667.91888,22.49385,495.91196,833.24426,-330.3877,569.09326,944.75232,-98.50089,287.3118,666.41034,102.92004,782.0979,708.43121
385,3.84,-119.10946,1452.22205,991.17609,-181.54483,1713.59521,842.67041,-52.35367,1598.20923,854.24036,-239.05669,1543.51147,982.71667,-85.90272,1479.18005,688.26202,-339.18924,1461.66284,894.7309,-164.55931,1353.85425,844.49188,-287.64771,1453.45605,714.41559,35.4373,1137.33655,639.07117,-453.57846,1136.9884,910.76721,73.42854,897.11749,645.33942,-455.98596,894.61896,977.03894,-80.38036,1056.89526,839.99579,-184.61705,1036.55688,929.46008,-280.76135,962.78314,675.22626,54.92762,510.16605,827.05878,-330.16803,566.58606,944.29749,-82.72182,278.76285,688.80408,NA,NA,NA
386,3.85,-114.49495,1452.19458,1003.15588,-175.67314,1712.96887,852.73468,-46.91976,1597.67883,865.08307,-233.87784,1541.88281,991.37677,-79.75204,1478.8219,696.7348,-331.91849,1461.26099,904.18646,-158.71835,1353.0282,852.28387,-281.61926,1453.28455,723.75323,39.81987,1136.96643,643.88483,-446.51596,1136.47253,922.28448,76.66917,896.55457,647.88702,-446.99948,895.35602,991.60852,-74.34779,1056.71729,847.86902,-177.96547,1035.97974,937.21594,-274.50562,962.55603,683.2218,68.35156,512.75061,838.92371,-330.97021,564.41528,944.1355,-66.00463,270.2009,710.43665,NA,NA,NA
387,3.86,-110.01926,1450.26587,1011.24835,-169.31558,1712.10034,863.00452,-40.73645,1597.60999,875.68286,-229.50478,1540.82727,1000.42651,-73.02792,1477.67773,704.53912,-325.81802,1461.36768,914.16766,-151.59766,1352.44324,860.62042,-275.01892,1452.84192,732.7879,44.35076,1136.0166,648.19788,-439.05753,1136.26233,934.19171,80.14092,896.12555,650.41449,-437.1691,895.6944,1005.23187,-68.32225,1055.31946,855.40887,-170.96028,1034.68604,945.21643,-268.03674,962.27338,690.64252,79.55687,514.5199,850.65607,-331.2616,562.19781,943.30341,-49.2562,260.30231,731.21582,NA,NA,NA
388,3.87,-104.48583,1449.02747,1022.05713,-163.11436,1711.03882,873.35089,-35.9347,1594.66406,884.75079,-224.2079,1539.50903,1009.73083,-67.22696,1477.59778,713.64722,-318.1026,1460.05396,922.93805,-144.9026,1351.67603,869.5871,-268.60403,1452.23792,741.83582,48.56965,1135.06653,652.69543,-431.85971,1135.91638,946.08142,84.38577,893.13208,652.21503,-428.74799,896.53583,1019.06897,-61.00196,1054.86743,863.44116,-164.55113,1034.02271,954.12396,-261.59589,962.12646,698.32574,90.63744,515.77789,861.88434,-331.3775,560.49951,942.68524,-32.18845,249.84528,752.77606,114.89378,787.85449,740.07892
389,3.88,-99.74782,1446.84326,1029.97131,-157.86646,1709.95032,883.78436,NA,NA,NA,-219.95645,1537.56348,1018.72443,-60.74365,1476.78003,722.29926,-311.16052,1458.98999,932.26721,-138.69986,1350.01794,877.59497,-262.10205,1451.65063,751.2384,53.18172,1134.17712,657.34106,-423.20053,1134.08826,957.94391,88.26723,892.53766,654.78339,-419.88019,896.32251,1033.83044,-54.27682,1053.4574,871.35284,-157.25153,1032.43457,963.27979,-255.28548,961.68341,706.07745,101.36222,516.83087,872.2121,-332.12622,559.47906,941.58521,-14.88881,238.46344,773.5849,NA,NA,NA
390,3.89,-95.16975,1445.48645,1042.86145,-151.12033,1708.50635,893.85022,-23.53891,1592.98511,907.54523,-214.9061,1535.96851,1028.01221,-54.40319,1475.92004,731.32709,-304.56891,1458.01697,942.03198,-131.23804,1348.45154,886.52924,-255.90097,1450.99133,760.64752,57.64246,1133.17212,662.45776,-417.21945,1133.95605,969.9903,91.65964,890.71008,656.32513,-410.44135,895.75665,1047.84485,-48.67733,1052.20557,878.72534,-151.1055,1030.60107,967.63861,-249.26489,961.34418,713.76984,111.58736,517.81274,881.33472,-332.01508,558.43066,940.81635,2.65366,226.24744,794.29724,NA,NA,NA
391,3.9,-90.73017,1444.08875,1053.72729,-144.77336,1707.01563,904.12439,NA,NA,NA,-209.64845,1534.33984,1037.43262,-47.34237,1475.30359,740.5614,-297.80148,1456.58337,951.58026,-124.10932,1346.89514,894.54236,-249.50458,1450.10815,770.2641,62.9181,1132.37549,667.5683,-408.34717,1131.72607,981.17633,95.56075,890.54059,659.61182,-401.0618,894.9776,1062.34497,-41.40599,1050.68372,886.31671,-144.29173,1029.05994,974.73425,-242.27203,960.32074,721.92957,120.74032,517.70135,888.15009,-331.91443,556.71857,940.59357,20.44013,213.03439,814.78143,NA,NA,NA
392,3.91,-85.51791,1442.255,1064.46411,-138.15463,1705.52637,914.28168,NA,NA,NA,-204.65968,1532.6554,1046.62463,-40.68166,1474.41638,749.97595,-290.1629,1453.9082,960.14526,-117.4465,1345.11438,904.40997,-242.83057,1448.84656,779.27649,67.77044,1131.08997,673.00043,-400.79749,1129.75745,993.48676,99.97359,889.87665,663.56958,-392.517,894.93622,1076.0874,-34.65529,1050.40015,895.14087,-138.09962,1026.51636,982.19739,-235.38824,959.47961,730.20209,127.23376,517.82214,897.90936,-332.26968,556.18439,939.52759,39.54458,200.0164,835.16699,131.95273,784.1214,754.60461
393,3.92,-80.38647,1440.29529,1074.25,-131.1933,1703.69568,924.18597,NA,NA,NA,-199.45851,1530.78845,1056.12317,-33.62452,1472.99292,759.91937,-284.18494,1450.81104,969.18127,-110.68619,1343.974,913.48096,-235.92957,1447.80054,788.52051,72.90489,1130.4032,678.32123,-393.5856,1128.25452,1005.08069,103.33961,889.94067,667.31268,-383.0946,894.28473,1090.09387,-27.91681,1048.60657,902.50861,-130.92578,1025.13306,990.85425,-228.68338,958.57275,738.10602,132.99774,516.258,905.76147,-330.99286,554.72339,938.9361,58.34486,186.2914,854.90045,NA,NA,NA
394,3.93,-75.04842,1438.19873,1084.60901,-124.6897,1701.6897,934.586,NA,NA,NA,-193.60066,1528.72522,1065.35889,-26.53025,1471.81226,769.52142,-277.44553,1448.98206,978.39526,-103.71934,1341.37854,922.40906,-229.08571,1446.72595,797.85034,78.38147,1128.84485,683.52374,-386.08627,1126.57996,1016.61139,108.03427,889.15094,671.22327,-374.20816,894.17065,1104.11987,-20.69255,1047.36426,911.54358,-123.81554,1023.12158,998.37506,-220.81631,957.11084,745.72589,137.25203,512.51221,912.93964,-329.14426,553.97485,939.02319,79.33395,172.50806,876.03632,-248.46098,125.57175,920.56067
395,3.94,-69.93843,1436.44446,1094.7627,-118.41113,1700.14648,944.80383,NA,NA,NA,-188.81354,1527.31885,1075.53101,-19.21537,1470.32056,779.5979,-270.14319,1446.61621,987.32324,-96.72354,1339.66931,932.69049,-222.24965,1445.42847,807.40887,84.36433,1128.27454,689.46021,-379.03439,1124.6073,1028.23438,112.70093,887.23492,675.92651,-365.10474,892.67426,1117.91272,-14.04259,1045.90308,919.9538,-118.21175,1021.09137,1006.48059,-213.71681,956.11627,753.49304,141.17772,508.49606,919.83411,-327.45898,553.75793,939.7514,100.36801,160.12279,895.37378,-249.94374,118.87729,922.2171
396,3.95,-64.4153,1434.1615,1104.56042,-111.76932,1698.09583,954.88934,NA,NA,NA,-183.03043,1525.21191,1085.14954,-12.5294,1469.06177,790.03076,-264.09814,1444.40576,996.86658,-90.08614,1337.58691,942.06909,-215.3593,1443.94568,816.79846,89.67279,1127.17322,695.36493,-372.36813,1122.63879,1039.44348,115.91589,884.88428,677.09674,-356.15128,892.19751,1132.29565,-6.2794,1044.24561,928.80023,-110.19196,1019.61389,1014.93561,-205.70599,953.99237,761.96326,143.55151,503.08295,925.93896,-323.4028,552.93994,941.15479,123.11687,147.39882,916.24414,-254.69308,116.9652,924.55273
397,3.96,-59.05971,1432.10742,1115.56116,-104.68599,1695.80847,964.6734,NA,NA,NA,-177.51288,1523.26636,1094.71924,-4.63181,1467.17175,800.64667,-257.47119,1441.85217,1006.07513,-82.66492,1335.01807,950.62231,-208.13036,1442.14648,826.16547,95.92585,1125.60791,702.58954,-365.27286,1120.84595,1050.75427,NA,NA,NA,-347.28137,891.4256,1145.22742,0.73729,1042.66077,938.04529,-104.10849,1017.19946,1022.78137,-197.5141,952.71478,769.34198,146.36572,497.43207,932.10272,-318.99557,551.7865,943.57727,146.24297,136.60657,937.46124,-260.38544,115.29875,926.69385
398,3.97,-53.51093,1429.46069,1126.41125,-97.63264,1693.40344,974.59686,NA,NA,NA,-171.70244,1521.17322,1104.44922,2.38291,1465.41638,810.47894,-250.78305,1439.55176,1015.29224,-76.19725,1333.20203,959.95477,-200.72914,1439.91772,835.18182,101.38242,1124.43433,708.97052,-359.34561,1119.4502,1061.45203,127.15078,883.63013,685.09686,-337.9827,890.28467,1158.35315,7.71714,1040.81555,947.18768,-97.33172,1015.31549,1032.00342,-189.36061,950.25745,777.92731,148.51347,490.16992,936.66211,-313.73227,550.4068,945.90399,169.11624,127.30199,960.6106,-265.58484,112.38577,928.5282
399,3.98,-48.06176,1427.23193,1136.45068,-91.36969,1691.4657,984.71558,NA,NA,NA,-165.9575,1519.13416,1114.07715,9.59837,1463.95337,821.16083,-243.69133,1437.11169,1024.02649,-69.40442,1330.76306,969.95331,-193.80771,1437.99207,844.76306,107.23852,1123.09741,716.49091,-352.04602,1117.11011,1072.35083,129.37817,880.82379,687.06067,-329.63293,889.28906,1172.09277,15.12685,1038.66003,957.01367,-90.70554,1013.16992,1040.24634,-180.17786,948.24951,785.68475,150.51057,482.87833,941.10309,-307.06787,548.46307,948.69434,193.11287,122.86832,982.84564,NA,NA,NA
400,3.99,-42.3542,1425.37292,1147.40784,-84.7738,1689.06604,994.74493,NA,NA,NA,-160.23759,1516.98853,1123.71033,17.62616,1462.01355,831.40735,-237.21362,1434.48877,1033.26807,-61.68533,1328.51953,979.75336,-186.56743,1436.02087,854.00922,113.93346,1122.25818,723.5722,-344.75397,1114.74329,1083.14319,135.23006,879.66217,693.80609,-320.36218,888.50098,1184.93042,22.55056,1037.25781,966.9422,-85.06587,1010.89288,1048.61353,-171.99469,946.11102,793.97375,151.80716,475.68216,944.34277,-300.42557,546.80566,952.14795,215.15596,123.47734,1003.03589,-143.24919,951.23981,559.93567
401,4,-36.88525,1422.89709,1156.85535,-77.10045,1686.63623,1004.30548,NA,NA,NA,-154.38805,1514.93262,1133.45044,25.08846,1460.32336,841.8999,-230.55368,1432.15271,1042.57983,-55.59149,1326.44812,989.06439,-179.27383,1434.15283,863.51953,120.52927,1120.72461,731.67657,-337.28787,1112.33191,1093.94922,139.41972,879.28607,697.99463,-311.37061,887.57458,1198.02966,29.83144,1034.79846,978.37897,-78.4284,1009.47406,1058.5686,-162.60588,944.14899,801.59479,153.66026,470.04062,946.01819,-294.2608,545.00787,956.41113,236.8246,129.83516,1020.7085,-282.33243,107.60053,934.20782
402,4.01,-31.46323,1420.56079,1167.47803,-70.85299,1684.6532,1014.53082,NA,NA,NA,-148.48729,1512.9176,1143.05835,32.87156,1458.52832,852.55042,-224.64894,1429.69067,1051.62842,-48.63052,1324.54761,999.58563,-171.65085,1432.11548,872.52527,126.68623,1119.14783,740.15338,-329.73434,1110.1084,1104.55347,144.78938,877.15985,703.2937,-302.06973,886.16028,1211.01855,36.90225,1032.42456,988.76373,-72.63622,1007.12213,1067.8418,-153.45137,942.06348,809.86798,156.40506,465.69901,948.34521,-286.48892,543.17645,960.64758,255.95049,136.92683,1040.17603,-284.43729,104.53616,936.54358
403,4.02,-26.11934,1418.22668,1178.47144,-64.06619,1682.54993,1024.8938,NA,NA,NA,-142.1967,1510.67163,1152.5813,40.55297,1456.8916,862.94855,-218.45004,1427.04675,1059.92969,-41.39078,1322.93311,1009.19324,-163.96367,1430.25671,881.80597,133.77487,1117.30701,749.34088,-322.21661,1107.96448,1114.82007,150.25703,876.40692,709.83014,-292.82251,885.21497,1222.7113,42.85901,1029.69763,998.4751,-65.95444,1005.2926,1077.62988,-143.37585,939.64703,817.62219,159.72905,463.19717,952.21222,-279.19531,540.98157,965.24072,272.36215,146.06093,1054.73816,-288.8439,104.82359,938.72345
404,4.03,-20.89009,1415.60669,1187.91431,-56.1764,1679.76404,1034.50256,NA,NA,NA,-136.15337,1508.74817,1162.20789,48.57179,1455.21509,873.41376,-211.02563,1424.68909,1069.15784,-34.72944,1319.97168,1019.01398,-156.32112,1428.34888,891.16962,140.66238,1115.90771,757.66022,-314.15408,1105.65051,1124.8689,155.07495,874.07776,712.94464,-283.37952,884.51837,1235.63477,50.30151,1027.58582,1009.50128,-58.99588,1003.4657,1087.51953,-133.33397,937.7204,825.36652,162.74734,463.03177,959.65137,-271.59729,538.20251,970.4754,287.63397,154.80498,1069.85938,-290.77567,102.69313,939.90527
405,4.04,-15.27067,1413.73376,1197.64172,-49.30263,1678.28748,1045.1377,NA,NA,NA,-130.54596,1507.02429,1171.71375,56.42327,1453.33984,883.80707,-204.38333,1422.74878,1078.47534,-27.57129,1318.76172,1029.30688,-148.43767,1426.66492,900.12891,147.49525,1114.12683,767.46191,-306.07269,1103.77283,1135.12354,161.31358,872.65723,717.98151,-273.51215,883.37769,1246.44788,57.4479,1025.59912,1020.12396,-52.74038,1000.03149,1096.71118,-123.25401,936.60315,833.75647,165.44252,463.62332,969.80792,-263.52945,535.85236,976.25366,300.50842,163.35889,1084.54797,-293.24274,103.94657,940.57666
406,4.05,-10.00042,1411.578,1208.00391,-41.97846,1676.83093,1055.64258,NA,NA,NA,-124.59365,1505.25647,1181.05786,64.21822,1452.04675,894.52338,-198.41536,1421.06982,1087.69788,-20.61953,1317.07507,1039.59485,-140.69078,1425.35815,909.34985,154.74286,1112.26746,776.84467,-298.21252,1101.92542,1144.8717,167.21625,872.76691,725.48077,-263.46045,882.77252,1257.8894,64.78378,1023.8172,1029.57678,-45.99336,998.0368,1106.18884,-112.87727,935.36731,842.091,169.89348,465.26376,981.09607,-255.87274,532.91028,982.38428,309.03952,171.37488,1098.53723,NA,NA,NA
407,4.06,-5.35782,1409.63281,1218.55078,-34.05619,1675.2345,1066.24646,NA,NA,NA,-118.96017,1503.80774,1190.42676,72.23379,1450.87866,905.00525,-191.4959,1419.59216,1096.48926,-14.2522,1315.91113,1048.1969,-133.09097,1424.28723,918.65594,162.15276,1110.87244,786.57892,-289.55765,1100.13867,1154.72498,172.81125,870.90332,731.73315,-254.01111,882.5827,1268.88245,71.42049,1022.92841,1041.30298,-38.66969,996.08936,1115.85205,-103.20628,934.27966,850.97137,171.33282,464.27145,994.44678,-247.39287,530.3031,989.05151,318.03458,179.16223,1111.66284,NA,NA,NA
408,4.07,-0.25455,1407.72766,1228.57983,-26.59383,1674.2406,1077.1593,NA,NA,NA,-113.64674,1502.71497,1199.8988,80.04762,1450.37476,915.09216,-184.40028,1418.32166,1105.56384,-6.75912,1315.18518,1059.21692,-125.57594,1423.97693,928.0459,169.96269,1109.89978,796.42889,-279.77844,1098.21985,1164.17102,179.49016,870.52899,739.96075,-244.33725,882.27795,1278.70837,79.5119,1022.96161,1050.38013,-31.34691,993.57666,1125.67883,-94.27621,934.38507,860.17871,176.35847,465.06769,1007.09338,-238.75697,528.08051,996.97388,324.25629,184.70172,1125.96594,180.5741,765.01233,821.51465
409,4.08,4.12384,1406.67603,1239.27551,-19.06789,1674.0675,1089.1897,NA,NA,NA,-108.08935,1502.31555,1209.35913,87.26376,1449.98621,925.53265,-177.71864,1418.03979,1115.25208,0.33165,1314.79028,1068.78479,-117.90776,1424.27209,937.53955,177.64941,1109.30457,806.70129,-270.9064,1097.13538,1173.33374,186.76636,869.92926,746.64178,-234.39284,882.99188,1287.88232,86.72787,1023.01794,1061.68237,-23.33578,991.69971,1134.45044,-85.47349,934.02533,869.43256,180.89264,465.91983,1018.89972,-229.57445,525.58392,1004.80493,330.54916,189.98489,1139.18726,NA,NA,NA
410,4.09,9.05455,1405.44702,1249.68311,-11.90565,1674.31079,1100.93335,NA,NA,NA,-102.26295,1502.2373,1219.08923,94.71783,1450.47131,935.74011,-171.22134,1417.82104,1124.61658,6.81075,1314.80481,1078.99341,-110.60505,1425.10266,947.32477,185.2715,1109.13586,817.21204,-261.58859,1096.64758,1181.82153,193.67775,870.04297,755.94873,-224.52521,883.5141,1296.07349,94.37785,1023.36627,1071.3219,-16.17066,990.41693,1143.59485,-77.48391,934.82214,878.4718,186.42239,467.2532,1032.01782,-218.93762,523.63843,1013.67938,336.71967,194.05751,1152.68091,NA,NA,NA
411,4.1,12.56969,1404.20959,1260.30835,-3.37301,1674.07739,1112.49927,NA,NA,NA,-96.73357,1502.12036,1228.91394,102.18757,1450.77515,945.98114,-164.13148,1418.12708,1133.7915,14.64702,1315.45581,1089.18787,-103.35148,1425.94531,956.98096,193.38809,1109.83411,827.68457,-251.74718,1096.27576,1189.92578,200.8701,871.07117,765.14404,-215.82585,884.474,1304.03821,101.05615,1024.39636,1080.53064,-8.87003,990.21838,1152.87024,-69.61157,935.32288,887.3587,193.04932,470.24139,1042.66431,-207.79198,522.26288,1023.32831,340.68198,196.42738,1163.04382,NA,NA,NA
412,4.11,17.4621,1403.21008,1269.22412,3.88647,1674.49146,1123.82764,NA,NA,NA,-91.71004,1502.60486,1238.54285,109.34467,1451.94543,956.72974,-156.86787,1418.90759,1142.90356,20.85248,1315.90845,1098.63708,-96.23058,1427.16907,966.61163,201.70203,1111.20459,838.85944,-242.14394,1096.88501,1197.479,208.2776,872.83191,775.27594,-206.6237,884.62628,1310.90039,108.29624,1025.09595,1089.29663,-2.09828,990.33478,1161.74707,-60.78103,936.09802,896.29138,199.99945,474.4866,1055.39087,-195.29311,521.52081,1033.43579,343.52664,196.62778,1172.42981,209.59261,769.56976,849.81226
413,4.12,21.7674,1402.86487,1278.65491,10.91865,1674.82581,1135.07153,NA,NA,NA,-86.57749,1502.99072,1247.6875,116.53682,1453.20532,967.1593,-150.8138,1419.58765,1152.40869,27.41151,1316.8335,1108.427,-89.18993,1428.5072,976.21552,209.47716,1111.79724,850.26953,-233.42676,1098.02832,1205.46509,217.51437,874.42291,786.92432,-197.39351,886.58685,1316.77051,115.42301,1027.31958,1098.18677,5.43962,991.07257,1170.51709,-54.13609,938.02002,905.10657,208.51161,477.53165,1067.25195,-179.87801,522.19873,1043.69763,343.81198,195.44003,1179.56836,NA,NA,NA
414,4.13,26.12403,1402.87622,1290.17786,19.16194,1674.74976,1146.06482,NA,NA,NA,-81.60864,1503.51013,1256.74084,123.5406,1454.81116,977.97003,-143.94356,1421.16699,1161.30798,33.94266,1318.11121,1118.45166,-82.08656,1430.03186,985.33508,217.3289,1113.88293,860.81506,-224.35271,1098.88477,1212.56287,225.00554,876.11603,796.58276,-190.34984,887.63519,1322.63684,121.95956,1029.92871,1107.98962,10.9356,991.69971,1177.98254,-47.07817,939.39441,913.58948,218.53333,481.38574,1074.54443,-164.11166,522.56775,1053.92114,342.38647,193.17383,1185.74463,NA,NA,NA
415,4.14,30.31434,1402.34094,1298.72681,25.20052,1675.66211,1156.97852,NA,NA,NA,-76.69532,1503.74158,1266.00232,130.74979,1456.59265,988.62964,-138.84158,1422.40356,1170.5188,40.50475,1319.8125,1129.2439,-74.87355,1431.68408,994.27045,225.35426,1115.48291,872.4848,-216.10347,1100.68726,1219.60669,233.97865,878.73566,809.35083,-182.89539,888.44476,1327.21167,127.21314,1032.48755,1116.21643,17.12387,994.06781,1188.05103,-39.19423,940.74121,922.62933,227.00551,483.56116,1084.23792,-147.49475,522.74561,1064.0896,340.57526,191.93872,1191.76392,NA,NA,NA
416,4.15,34.67063,1403.01477,1309.77344,31.20833,1676.48108,1167.84729,NA,NA,NA,-71.35814,1504.43884,1275.34692,137.85513,1458.13135,999.46106,-132.25145,1423.47888,1178.51868,47.08148,1321.30457,1137.77783,-68.15114,1433.40625,1003.336,232.95303,1117.11816,884.57959,-208.3678,1101.32544,1225.36804,243.03949,880.45337,821.9082,-176.72458,889.29828,1332.18665,133.08397,1034.59424,1125.56567,22.43825,995.56873,1195.89624,-31.96279,942.10864,930.62152,237.8781,485.39166,1093.5166,-131.39987,523.51984,1074.55603,338.8382,188.64565,1195.63501,-15.17917,945.85901,669.03351
417,4.16,38.88042,1403.65283,1319.05981,37.24419,1677.22754,1178.40564,NA,NA,NA,-67.50496,1505.85254,1285.24658,144.44167,1459.98828,1010.74731,-127.02855,1425.17468,1186.26526,52.56903,1322.42761,1147.82556,-61.44685,1434.74463,1012.15125,240.51311,1119.2843,895.91614,-201.79668,1103.04248,1231.1051,250.43729,883.09906,835.42688,-171.58562,890.52155,1337.07214,138.62538,1037.09668,1135.41589,27.1848,997.79474,1204.30054,-24.33337,943.45819,938.94763,247.01971,486.84738,1101.83765,-115.64803,524.05505,1085.12708,336.65833,185.02341,1200.15247,NA,NA,NA
418,4.17,42.73762,1403.66956,1328.67419,42.69621,1678.21326,1188.80444,NA,NA,NA,-62.55755,1507.04358,1294.85156,151.53261,1461.59619,1022.03601,-123.47377,1426.70129,1194.2948,57.8166,1324.56519,1159.63855,-54.37998,1436.66211,1020.65259,248.82764,1121.23608,908.12585,-195.47412,1104.01416,1236.13855,261.1069,883.73553,848.75732,-166.23688,890.71045,1340.84131,143.38351,1039.35742,1145.41528,30.41938,999.58563,1212.18481,-16.95341,944.95044,946.6568,256.94366,487.94305,1109.77576,-99.65417,524.22699,1095.58301,334.12964,180.97751,1203.78162,NA,NA,NA
419,4.18,46.31799,1405.03857,1338.57544,48.05375,1679.41016,1199.0647,NA,NA,NA,-57.70984,1507.99414,1304.3147,157.98294,1463.38965,1033.37012,-118.55911,1428.0022,1201.50745,63.19232,1325.59436,1168.26318,-47.93608,1438.37585,1029.35229,256.82874,1123.03638,920.94586,-190.3485,1105.22314,1240.93909,271.07538,885.68152,862.70392,-161.88762,891.25012,1344.23096,148.23244,1040.57141,1155.01416,34.15187,1002.20441,1220.276,-8.1374,946.23566,954.48376,266.47125,489.47922,1117.40564,-84.10985,525.20856,1105.96057,332.45001,176.77365,1207.49207,NA,NA,NA
420,4.19,49.94559,1405.95142,1348.3595,52.57392,1680.81714,1209.45251,NA,NA,NA,-54.47137,1509.32959,1313.46997,164.66788,1465.02026,1044.42896,-115.3233,1429.85022,1208.82019,67.38005,1327.19495,1178.51892,-40.89734,1440.1626,1037.34229,264.67145,1124.35022,933.38232,-185.51083,1106.29077,1244.86487,280.08896,888.82526,877.17334,-157.99352,891.41858,1346.8468,151.56044,1042.54871,1166.89197,36.64263,1003.59906,1227.23596,-0.23158,948.24786,961.56506,275.64087,489.53763,1124.25037,-68.60333,526.43848,1116.43079,330.48676,171.99261,1209.56018,-98.02546,751.71002,1396.92834
421,4.2,53.6908,1407.02966,1358.32593,56.39308,1682.31494,1219.81165,NA,NA,NA,-50.56852,1510.4552,1322.5033,170.76715,1466.9707,1056.58313,-111.62814,1431.42017,1215.63977,72.11413,1329.48865,1189.08484,-34.54943,1442.2959,1045.69556,273.05707,1126.85864,946.43604,-182.0813,1107.72559,1248.6311,290.25467,889.05884,891.09131,-154.20735,891.30261,1349.15491,155.65594,1044.25989,1176.78247,38.58224,1005.19598,1235.91138,7.78107,949.59369,968.21948,284.57724,490.55658,1132.17542,-53.3825,527.72888,1127.25354,328.25381,167.51245,1212.24988,NA,NA,NA
422,4.21,56.24506,1408.1709,1368.05981,61.43681,1683.56519,1230.10852,NA,NA,NA,-47.29534,1511.66724,1331.59033,177.03749,1468.948,1067.76868,-108.69511,1433.09106,1222.64978,75.15829,1330.71997,1198.60034,-28.03516,1444.70007,1053.92981,281.71213,1129.03137,959.81342,-178.5197,1108.85193,1251.57678,299.19241,891.74628,905.37915,-151.7467,891.34314,1350.54724,157.96999,1045.04028,1187.47278,40.91368,1007.46283,1244.79834,16.11709,951.41492,976.03387,293.44431,491.92795,1139.32227,-39.10154,530.8786,1138.4071,326.53412,162.51082,1213.72742,NA,NA,NA
423,4.22,58.97882,1409.63977,1377.69019,64.17648,1685.65527,1240.42249,NA,NA,NA,-44.58268,1513.27356,1340.83386,183.13545,1470.91943,1079.34045,-106.07392,1435.07275,1229.30139,78.95997,1332.64648,1207.87549,-21.89654,1447.59778,1062.29346,289.94418,1131.46228,972.76312,-175.53285,1109.92371,1254.31677,309.48917,893.9082,920.64026,-149.25476,891.03455,1351.99854,160.60292,1045.54004,1198.39661,42.746,1009.60803,1253.9187,23.05468,954.1286,983.16943,302.5954,492.35095,1144.9032,-24.5416,533.87634,1150.01941,324.03525,158.2063,1215.07007,NA,NA,NA
424,4.23,61.76564,1411.26184,1387.31909,68.10046,1687.41577,1250.42383,NA,NA,NA,-41.49892,1514.67444,1349.7074,189.00761,1472.91125,1091.36035,-102.17816,1436.68494,1235.71509,81.76904,1334.59229,1217.36389,-15.44406,1450.06335,1069.97729,298.61252,1133.45789,986.72961,-173.43356,1111.66748,1256.974,319.35278,895.92957,935.97168,-147.38684,891.67029,1352.53076,163.70451,1047.21362,1208.93262,43.58841,1011.06476,1261.27258,29.73881,956.98804,990.32959,312.22803,493.09308,1151.40894,-10.80608,537.82483,1162.46521,322.1633,154.83492,1215.32947,-66.78214,756.98389,1387.1814
425,4.24,63.99984,1412.96362,1397.33875,71.46228,1689.1908,1260.53076,NA,NA,NA,-39.10022,1515.23096,1354.22498,194.63884,1475.13245,1102.94836,-99.65321,1438.92786,1242.07849,85.53687,1336.62537,1226.5863,-9.34681,1453.01636,1078.21082,306.46002,1135.74939,999.62109,-171.09755,1112.99536,1259.0802,330.4975,896.3833,951.50745,-145.33803,891.36407,1352.27014,166.37019,1049.03333,1219.63342,44.90476,1013.20941,1268.67346,35.98929,959.98657,997.10071,320.92114,494.26395,1156.87439,2.37063,542.98871,1175.31287,320.44583,150.59853,1214.96582,NA,NA,NA
426,4.25,65.60941,1414.32654,1406.66833,73.65675,1690.80554,1270.64417,NA,NA,NA,-36.86153,1516.25183,1362.24023,200.29005,1477.30347,1114.61829,-96.55869,1441.21606,1248.37952,88.03771,1338.41528,1236.1084,-3.27062,1455.79602,1086.19702,314.74719,1138.77307,1014.14154,-167.9557,1113.80225,1260.63428,340.18417,899.51239,967.75934,-143.86839,892.1217,1351.8501,168.02039,1049.71851,1229.56201,46.38186,1014.92725,1277.17493,42.02704,963.20459,1004.18524,330.59897,495.48169,1163.63464,12.78295,550.00537,1189.53845,319.39511,148.56505,1214.38245,NA,NA,NA
427,4.26,67.37312,1415.35962,1415.49695,77.0842,1692.68701,1280.59412,NA,NA,NA,-35.11729,1518.18677,1370.39148,205.74855,1479.61768,1126.09607,-93.65544,1443.48828,1254.70313,90.37414,1340.21228,1244.83264,2.56005,1458.5282,1094.05701,324.14792,1141.68164,1029.50647,-166.63345,1116.72839,1262.64392,350.23355,901.85443,981.21533,-142.20148,892.62433,1351.11975,170.73822,1052.3551,1237.96741,47.5039,1016.99097,1285.37317,46.70815,966.42755,1011.96179,337.25241,497.36292,1169.19409,24.58733,556.21796,1202.66675,318.70749,146.89078,1214.12122,NA,NA,NA
428,4.27,68.62334,1417.08618,1424.3772,80.46966,1694.40112,1290.44067,NA,NA,NA,-33.14039,1519.09253,1378.2002,211.01147,1482.07361,1137.84412,-90.84223,1445.7655,1260.83472,93.51101,1342.47778,1253.30127,8.67398,1461.38538,1101.82227,331.23203,1144.0791,1042.11304,-163.54356,1118.20105,1264.19653,360.99234,904.90692,1001.10858,-140.28162,893.75,1350.51123,172.93723,1054.36548,1247.07092,49.31308,1019.33679,1292.40015,51.86703,968.99921,1019.71405,343.0686,499.35751,1175.77563,36.57725,562.35284,1216.69006,319.23825,145.34071,1213.74219,393.68658,803.84644,1069.31201
429,4.28,70.06268,1418.59937,1433.31995,82.35281,1696.79236,1300.45203,NA,NA,NA,-31.86941,1520.62048,1386.64124,216.1207,1484.17969,1149.10803,-87.5824,1448.04395,1267.06934,96.46976,1344.98694,1262.04114,14.67655,1464.28845,1109.5686,339.16489,1147.00366,1056.2312,-161.83742,1120.56592,1265.69666,371.07486,907.84045,1018.70093,-140.33157,894.8327,1349.5874,174.58167,1056.84839,1256.06677,51.19953,1021.04742,1300.26111,55.66606,972.34088,1027.09082,348.04993,500.6506,1180.9917,45.28385,570.49902,1231.6842,320.6973,145.60541,1214.34534,NA,NA,NA
430,4.29,71.19006,1419.92859,1442.44983,84.88239,1698.54553,1310.49365,NA,NA,NA,-30.32142,1522.07825,1393.93726,220.81223,1486.76343,1160.875,-84.62421,1450.26855,1273.3396,98.82352,1346.30725,1270.59705,20.23144,1466.88306,1117.64417,346.55524,1149.7583,1072.57874,-160.24225,1123.547,1267.76685,380.9866,910.30121,1035.99988,-138.99547,896.0188,1348.11243,177.54752,1059.58386,1263.90002,53.44789,1024.04822,1309.28845,59.73303,974.43677,1034.68701,351.83099,501.78455,1185.8114,54.68116,577.4408,1246.82495,321.94855,147.21159,1214.59937,NA,NA,NA
431,4.3,71.7421,1420.48865,1449.50598,86.77317,1700.64966,1320.44531,NA,NA,NA,-29.02605,1523.87183,1401.0426,225.6176,1489.04053,1172.64661,-82.44153,1452.67822,1279.53943,101.17006,1348.39539,1279.03906,25.49898,1469.375,1125.9812,354.82959,1152.50085,1087.99915,-157.7328,1125.60889,1268.70618,390.92047,912.9054,1055.4447,-138.68375,896.03906,1346.34558,180.46405,1062.60291,1272.7666,55.56907,1026.7478,1315.14539,63.5379,977.23431,1042.6875,355.15781,502.05951,1190.54834,61.97127,585.47284,1263.73926,323.07993,148.58072,1215.35693,NA,NA,NA
432,4.31,71.2281,1423.078,1457.08911,194.1546,1574.42163,1378.77466,NA,NA,NA,-28.43152,1524.88086,1408.99988,229.62193,1491.04846,1184.03271,-79.65141,1454.77673,1285.63623,103.68941,1350.28723,1286.71497,31.21454,1471.6593,1133.78845,362.0372,1154.9563,1103.02332,-155.5542,1127.75977,1270.34436,401.48053,916.39374,1074.61108,-138.91418,896.93616,1344.79932,182.93538,1064.95557,1281.54712,57.56963,1029.32837,1322.27466,67.37232,979.61462,1050.09485,357.34903,502.03741,1193.8219,68.41127,591.60699,1282.57153,323.49368,149.83409,1214.80896,441.91495,807.6142,1120.73254
433,4.32,72.2364,1423.57568,1467.90784,195.95459,1575.85461,1390.3783,NA,NA,NA,-27.7456,1526.65686,1416.60071,233.78726,1492.37,1195.6394,-77.07744,1456.8822,1291.68372,105.45769,1352.02637,1297.03442,36.10255,1473.83752,1142.22693,370.48984,1157.38916,1118.98083,-154.25127,1130.65637,1272.03918,410.89511,918.96777,1092.47766,-138.22197,898.17627,1343.14771,185.60423,1066.72351,1288.828,58.80855,1032.41907,1329.9884,71.18081,982.04083,1057.08704,359.15323,503.05176,1198.55566,71.00539,597.70758,1298.71582,324.08801,150.82991,1215.22986,NA,NA,NA
434,4.33,72.05788,1425.26599,1473.0636,197.46863,1577.72717,1401.56177,NA,NA,NA,-26.79367,1527.47668,1423.67578,238.08487,1493.99658,1207.27527,-74.60791,1458.66541,1298.10388,107.89444,1353.22046,1305.01892,41.2457,1475.88501,1150.21399,378.10333,1160.30286,1134.36414,-151.98189,1132.85693,1273.62756,420.39243,921.47583,1112.53137,-138.7007,898.43976,1341.93323,188.02994,1068.91235,1297.98401,60.6698,1034.56555,1336.78516,74.9062,983.71112,1064.73181,360.29654,503.37369,1202.5553,72.15527,600.70099,1317.29175,324.42996,151.27838,1215.19775,46.25265,274.10931,1132.1748
435,4.34,72.20395,1425.78174,1481.47156,198.63803,1578.97388,1412.59351,NA,NA,NA,-26.24111,1528.7135,1430.78687,240.83997,1495.84082,1219.00293,-72.78175,1460.70593,1304.20154,109.60387,1355.03796,1313.69702,44.45504,1478.48547,1157.01721,385.75299,1162.27234,1149.98889,-149.77759,1134.71545,1275.13562,429.64935,923.90002,1132.10266,-139.58249,899.76477,1340.18799,189.46652,1070.23169,1307.11816,61.98346,1036.46777,1343.50208,78.34908,985.76385,1072.13074,360.70261,504.76117,1206.93774,69.49828,602.84045,1333.90088,325.00525,151.32433,1216.71521,53.27267,280.21655,1157.83521
436,4.35,72.63804,1427.36047,1494.5957,199.48212,1580.20874,1422.71704,NA,NA,NA,-25.93198,1530.17859,1439.19629,244.88214,1496.5459,1230.52795,-70.80607,1462.50208,1310.22888,111.14781,1355.45923,1322.96692,50.93753,1478.64246,1167.19824,393.24875,1164.35193,1166.39673,-147.39128,1136.72681,1277.23474,438.98944,925.55988,1150.76721,-140.30827,899.76306,1338.25842,191.04263,1071.11536,1316.02112,62.33576,1038.37634,1350.70959,82.28671,987.57861,1079.49719,360.9931,505.04651,1210.21655,63.64054,605.82098,1345.74194,325.39523,150.87459,1218.01611,59.72886,280.78912,1180.16479
437,4.36,72.1683,1427.44153,1501.76868,200.49767,1580.91077,1432.25977,NA,NA,NA,-25.12674,1530.93079,1446.47302,247.91797,1497.36511,1242.12073,-68.71844,1464.05176,1316.28979,113.59063,1357.75305,1333.45959,55.27261,1480.64783,1173.99854,400.35217,1166.15662,1182.4115,-145.63992,1138.89209,1279.05005,448.60034,928.72498,1171.14502,-140.60219,899.82043,1336.77197,191.79184,1071.86682,1325.39795,63.02774,1039.47119,1357.96863,86.52235,988.73193,1086.73792,360.13629,505.0184,1213.96777,60.23079,606.6925,1360.65442,325.52176,150.16399,1217.74976,66.53522,281.96576,1206.48328
438,4.37,71.89474,1428.75696,1507.76233,201.24913,1581.28979,1442.58813,NA,NA,NA,NA,NA,NA,250.94647,1497.73364,1253.5531,-69.27884,1466.24878,1322.77344,113.99156,1358.26953,1342.51282,59.963,1481.69812,1182.53931,408.23004,1167.98999,1199.42773,-143.62485,1140.24939,1280.46582,458.112,930.60986,1191.97327,-141.73705,900.04761,1334.56274,192.57877,1071.5686,1334.27698,63.1548,1039.61475,1364.87085,90.03502,990.46637,1094.02795,359.49557,505.52368,1216.95886,55.30482,607.84045,1374.146,325.65466,149.29832,1218.15991,74.31651,278.48239,1226.99573
439,4.38,71.83847,1429.19263,1520.6261,201.74969,1581.39001,1452.4801,NA,NA,NA,NA,NA,NA,252.72597,1498.08179,1265.54395,-67.82293,1467.27661,1328.91296,115.04314,1358.06885,1351.22144,64.16985,1482.40088,1191.08557,415.03146,1169.43652,1215.97559,-142.52182,1141.8363,1283.31201,466.41299,933.10132,1211.42273,-144.10997,900.73303,1333.01819,193.02032,1071.74438,1343.33154,62.49155,1040.30176,1372.02319,94.06134,991.83417,1100.97888,358.79407,505.24521,1220.98132,50.22979,608.40564,1387.14246,325.79572,148.53319,1217.74158,81.10707,275.5946,1248.53113
440,4.39,71.7522,1429.78625,1529.93518,202.08417,1582.1366,1462.87537,NA,NA,NA,NA,NA,NA,256.66052,1497.89099,1277.33411,-66.58195,1468.24878,1335.12,115.19657,1358.59595,1359.71594,68.5464,1482.57202,1199.3667,421.98492,1170.93823,1232.84241,-141.56271,1143.06274,1285.7428,475.75873,934.79889,1232.32788,-144.78632,899.64557,1332.25867,193.26405,1071.28601,1353.24133,61.99054,1039.86279,1379.07507,98.37815,993.17419,1108.48279,357.66263,504.35434,1223.48206,44.28103,609.8396,1399.97205,326.48483,147.04182,1217.45569,87.28845,271.22168,1271.33997
441,4.4,70.99445,1430.21521,1539.90259,202.2075,1582.43604,1473.09619,NA,NA,NA,NA,NA,NA,258.91806,1498.28186,1288.9259,-64.99609,1468.7782,1341.30981,115.68089,1358.46326,1368.29468,72.33331,1482.84839,1208.09644,428.25037,1172.21191,1249.08875,-140.7567,1144.12793,1288.09851,484.23947,937.0343,1252.85742,-147.48419,900.34949,1329.55713,192.95866,1070.09961,1361.76025,61.55828,1039.10645,1386.8689,102.76009,993.88263,1115.90686,356.15378,503.66998,1227.12476,39.085,610.94171,1411.42395,326.81125,146.36047,1217.15259,93.29485,265.80695,1293.11084
442,4.41,70.79904,1429.84753,1548.18506,202.69913,1581.94983,1481.87585,NA,NA,NA,NA,NA,NA,261.1506,1498.05688,1300.96985,-63.77468,1469.12866,1347.61169,115.65274,1357.13513,1374.99902,76.28618,1482.9657,1216.1532,434.38654,1173.24939,1267.30176,-140.53911,1144.90918,1290.90991,492.4599,938.73535,1273.21411,-148.30806,899.70764,1327.88428,192.61897,1069.05615,1371.65808,60.79572,1038.39563,1393.90857,106.47552,995.07727,1123.11096,355.48331,502.83658,1231.125,33.42638,612.24023,1423.12915,327.09134,145.30435,1216.10486,97.62829,260.4278,1315.55481
443,4.42,69.54149,1430.3551,1553.69031,203.41235,1581.72766,1490.64294,NA,NA,NA,NA,NA,NA,263.50049,1497.6427,1312.39771,-62.56289,1469.35486,1354.05298,115.47179,1356.76685,1383.69189,79.58164,1483.24561,1224.98743,439.70786,1174.59119,1284.17456,-140.11958,1145.73022,1293.57947,500.54337,940.93274,1294.49133,-150.91159,899.87885,1326.80261,192.35573,1067.74744,1381.34534,60.3344,1037.29468,1400.95544,110.09078,995.83875,1130.35645,354.59341,502.29703,1235.06763,28.15277,612.99976,1433.71045,327.57455,144.93338,1215.73413,101.65127,254.52034,1338.43115
444,4.43,69.35804,1430.13367,1561.64319,202.48253,1580.72485,1500.97778,NA,NA,NA,NA,NA,NA,264.82196,1497.31482,1323.7262,-61.77246,1469.43567,1360.75854,116.16835,1356.51453,1392.49023,82.9397,1483.43481,1233.53247,444.83072,1175.92896,1301.37061,-139.92929,1145.88574,1296.00195,507.36316,942.5733,1314.14954,-152.61804,899.29919,1325.46228,191.65182,1066.78284,1390.48889,58.87348,1037.06982,1407.74463,114.16859,995.97858,1138.35474,353.21835,501.66873,1237.38232,22.88628,614.56805,1444.66284,328.25281,143.78816,1216.52051,104.54833,248.59665,1361.15417
445,4.44,68.81075,1429.36194,1575.05225,202.41042,1580.6842,1510.39148,NA,NA,NA,NA,NA,NA,265.35117,1496.45154,1333.4834,-59.06139,1472.2655,1363.3894,116.65933,1355.50635,1400.3053,86.25948,1483.48572,1242.40393,448.216,1175.77344,1319.52942,-140.36241,1145.96155,1299.21399,514.40869,944.58655,1334.82092,-154.13029,898.51691,1324.27637,191.26131,1065.54688,1399.42908,58.67422,1036.05994,1416.21082,116.84474,996.25842,1145.77588,351.8421,500.54932,1239.44299,19.16546,615.56793,1454.14038,328.63925,143.10683,1215.48853,106.83267,241.00615,1383.9928
446,4.45,68.15792,1430.35864,1586.27588,202.74582,1579.104,1518.81189,NA,NA,NA,NA,NA,NA,267.07388,1495.57532,1344.49866,-58.79398,1472.42261,1371.83643,117.15389,1354.67688,1408.0968,87.17606,1483.4292,1251.10767,453.75754,1177.93445,1336.59094,-140.2085,1145.61853,1301.77466,520.76129,946.73297,1355.96265,-156.68848,898.52136,1323.69543,190.96443,1064.34937,1409.16431,57.67891,1035.33167,1423.44812,119.87274,996.71014,1153.67981,350.77051,500.89853,1242.86853,15.36954,616.32928,1463.3606,329.02835,143.12791,1214.96509,107.02346,232.64043,1407.51111
447,4.46,67.35191,1428.11206,1593.28052,NA,NA,NA,NA,NA,NA,NA,NA,NA,267.89386,1494.00635,1355.05908,-58.82539,1471.57275,1380.03064,117.0002,1353.54248,1417.31018,89.42493,1482.62402,1260.0614,457.43732,1179.25378,1354.18787,-140.32263,1145.96155,1305.2865,527.7265,949.06866,1376.34692,-157.6069,897.40259,1322.60803,191.26193,1063.38721,1417.95178,57.99665,1035.00977,1432.28662,122.48688,997.17328,1160.57361,350.09341,500.44049,1247.26062,12.33003,616.88605,1470.86987,329.44064,142.60693,1214.73376,106.86398,223.83936,1432.86951
448,4.47,66.08977,1427.32568,1595.94727,490.46436,888.13647,1336.96301,NA,NA,NA,NA,NA,NA,269.05652,1493.49316,1366.57971,-58.51941,1471.17908,1388.10217,116.80112,1352.87683,1426.03394,92.30267,1482.56641,1268.94019,460.83847,1180.38574,1371.08789,-140.03957,1145.59814,1307.98376,533.50287,952.35638,1397.10071,-158.97691,896.42126,1321.91443,190.57565,1062.83423,1427.9624,57.38636,1031.97778,1433.5011,124.73134,997.29858,1168.81213,349.22064,500.03595,1250.61121,9.03574,617.54846,1477.41113,330.33179,142.44464,1214.05371,105.26534,214.78539,1458.08862
449,4.48,65.28504,1426.29211,1604.54529,201.19321,1578.1842,1550.88416,NA,NA,NA,NA,NA,NA,269.76202,1492.15125,1376.43689,NA,NA,NA,117.36143,1351.16089,1435.06079,93.84054,1481.75232,1277.87354,463.96292,1181.62378,1388.4314,-140.26541,1145.55237,1311.94678,538.0769,954.16022,1417.4187,-160.48466,896.14978,1321.80383,190.27464,1061.09509,1436.0271,57.12224,1030.56982,1440.95288,126.7113,996.74695,1177.43909,348.26236,499.34396,1254.93774,7.75844,616.46588,1482.41626,331.09232,142.50037,1213.39771,103.11375,205.36151,1483.92798
450,4.49,64.25326,1426.0448,1613.45703,201.09544,1576.99158,1560.48767,NA,NA,NA,NA,NA,NA,268.16824,1490.0564,1387.375,NA,NA,NA,116.84978,1350.27087,1444.27063,95.13073,1480.89172,1287.08203,463.65646,1181.28003,1405.06934,-139.88046,1145.41833,1315.37134,543.35339,957.52032,1436.40979,-161.91341,895.98157,1321.8927,190.24486,1060.30713,1445.95496,56.73165,1032.72217,1457.73755,128.40459,996.22076,1186.05481,347.35422,499.11041,1259.30078,7.66651,614.45477,1486.61853,331.79465,142.26407,1213.16333,99.94941,197.43336,1510.5022
451,4.5,63.06828,1424.24854,1621.28625,199.60333,1575.14709,1570.0343,NA,NA,NA,NA,NA,NA,270.75937,1490.45703,1398.44849,NA,NA,NA,116.75597,1349.03101,1453.08875,96.74239,1480.20288,1295.85864,465.41803,1182.36658,1421.88879,-139.62025,1145.06775,1319.01013,547.37231,959.94989,1457.62988,-163.81517,895.45209,1322.18481,190.09052,1059.40173,1455.41089,56.45638,1029.58984,1457.83008,129.53326,995.64618,1195.32947,346.47571,498.75061,1262.93262,8.38581,610.61981,1490.05029,332.34885,142.29308,1213.39111,96.38028,190.04056,1536.76233
452,4.51,61.58741,1422.7616,1631.41858,199.12254,1574.14282,1578.60461,NA,NA,NA,NA,NA,NA,268.50589,1487.7395,1409.0332,NA,NA,NA,116.36015,1347.83984,1462.88403,98.64666,1478.3136,1305.03723,466.75797,1183.47949,1437.4801,-139.70474,1144.6908,1323.06799,552.26544,963.8783,1477.50037,-164.71733,895.01086,1322.48767,189.92087,1057.97009,1464.37854,55.60165,1028.30115,1467.56653,130.96959,994.62476,1204.35938,345.71783,498.12363,1266.65942,10.18537,605.35614,1492.53418,332.7196,142.25237,1213.38745,91.03165,184.91451,1563.53882
453,4.52,60.68605,1421.69971,1639.43628,197.83661,1573.33618,1589.0614,NA,NA,NA,NA,NA,NA,269.79837,1486.97095,1418.93738,NA,NA,NA,115.84473,1346.0022,1471.23083,97.80265,1477.38562,1314.1626,467.67667,1184.05542,1453.47815,-139.2664,1143.82361,1327.34949,555.89777,966.27325,1497.50061,-166.53606,894.76813,1323.79663,189.0347,1056.4458,1473.80444,55.77174,1027.36133,1476.54834,131.8101,993.87555,1213.9386,345.31274,498.67004,1271.50781,12.35531,599.55548,1494.26135,333.42792,142.43367,1213.47205,83.5266,180.19051,1589.12817
454,4.53,59.3088,1420.07117,1647.60559,197.75478,1571.34241,1598.34399,NA,NA,NA,NA,NA,NA,268.0228,1484.62061,1429.95898,NA,NA,NA,114.82716,1344.91309,1481.25073,98.06123,1475.98022,1323.09106,469.07541,1184.90784,1468.552,-139.63187,1143.2793,1332.13086,559.41785,969.71375,1516.44128,-168.77856,894.16992,1325.62134,189.27055,1055.17664,1483.62793,55.58133,1026.41101,1486.05237,132.269,992.02844,1223.80994,343.43613,498.12381,1275.6532,14.57623,592.8194,1494.56177,333.96194,142.69038,1214.02991,77.27,177.66641,1614.32007
455,4.54,57.4589,1418.74609,1658.1792,196.24098,1569.74097,1608.37988,NA,NA,NA,NA,NA,NA,267.26501,1483.27588,1439.68762,NA,NA,NA,113.78958,1343.54065,1490.89355,97.86033,1474.28674,1332.63721,470.00897,1185.39258,1484.06018,-139.67073,1142.42993,1336.797,561.8938,972.99225,1534.80493,-169.4939,893.43762,1327.03052,189.27164,1054.09326,1493.63672,55.11244,1024.69385,1495.77649,132.52956,990.44977,1233.37439,342.36224,497.39633,1280.38782,16.58106,586.36072,1494.86572,334.10693,143.13098,1214.18323,70.34823,177.87712,1638.58923
456,4.55,56.04891,1417.07227,1665.60315,195.02107,1568.26941,1616.28418,NA,NA,NA,NA,NA,NA,266.17511,1481.43591,1449.07935,NA,NA,NA,112.87904,1342.12646,1499.74646,98.17006,1472.42322,1341.15894,470.15509,1186.28174,1498.52002,-139.85796,1141.54248,1341.65393,564.31934,976.91199,1553.83521,-172.07201,893.43683,1329.55762,189.36525,1053.03748,1504.12988,55.00738,1022.65778,1505.80237,132.84825,988.16681,1243.93726,340.91318,497.58615,1286.36426,18.08436,581.32758,1495.77771,334.30704,143.98924,1214.39758,62.33463,181.4772,1661.21411
457,4.56,55.02916,1415.56238,1674.9552,193.88498,1566.37219,1626.31396,-32.67907,1519.36536,1609.90674,-60.59259,1451.15576,1462.0885,264.97513,1480.04407,1457.90906,NA,NA,NA,111.86742,1340.69885,1509.02576,97.79564,1470.3302,1350.41833,470.90335,1187.19128,1512.099,-139.85786,1140.42554,1347.24402,567.02783,980.66003,1573.0094,-173.85466,892.80371,1332.75623,189.15587,1051.49146,1514.06824,54.75916,1020.617,1516.17944,131.99866,985.68732,1254.34058,338.71811,496.4664,1290.89343,20.67787,575.66156,1497.06653,334.54254,144.83273,1215.11682,53.38409,186.56081,1682.00342
458,4.57,53.1503,1414.43079,1683.63574,192.18494,1565.18042,1636.40308,-34.55144,1517.60205,1617.89209,-61.8634,1449.64917,1470.32886,263.9632,1478.80994,1467.47913,NA,NA,NA,110.34428,1339.18103,1518.18652,NA,NA,NA,470.59937,1187.68469,1525.74475,-140.7421,1138.84509,1353.2345,568.34869,985.33374,1591.05835,-175.75391,890.89227,1335.76489,189.17654,1050.90503,1524.69482,54.51158,1019.32056,1526.72034,131.27802,982.76105,1265.25916,337.37787,497.05383,1297.1709,24.00331,571.84412,1501.73596,334.54709,146.4086,1216.00281,44.71944,192.20758,1700.62341
459,4.58,51.07818,1412.75854,1692.86035,190.44948,1563.78955,1644.56165,-36.08123,1517.05652,1627.4679,-63.92068,1447.35339,1479.52734,262.74585,1477.49426,1476.99866,NA,NA,NA,108.76441,1338.48523,1527.41577,NA,NA,NA,470.31726,1188.69751,1537.92456,-141.45241,1137.51135,1359.5365,569.49774,988.89429,1608.81458,-179.42291,891.07635,1339.61865,188.81432,1050.07996,1535.25,54.40533,1017.47833,1537.00879,130.86876,980.44458,1275.87622,335.63211,496.75851,1302.91125,27.4524,569.82617,1508.15625,334.63803,147.38101,1216.3501,35.73083,199.23727,1718.45422
460,4.59,49.64329,1411.74292,1702.42444,189.7301,1561.81592,1653.3728,-37.1813,1514.93311,1635.25708,-64.40416,1445.43396,1486.96484,260.80164,1476.42334,1486.15881,NA,NA,NA,107.89148,1336.7002,1537.64771,NA,NA,NA,470.45926,1189.96716,1550.84277,-142.40852,1135.97925,1366.41211,570.12561,993.00439,1624.69421,-180.15367,889.16699,1344.50562,187.40997,1048.56628,1544.89221,53.76476,1015.60052,1547.42163,129.87787,978.51257,1286.51965,335.04529,496.65753,1310.71472,31.28309,568.4472,1515.42322,335.46579,148.61949,1217.55713,27.49826,204.02168,1735.32324
461,4.6,47.97925,1410.0177,1709.69641,187.30476,1560.74707,1662.56604,-39.20953,1514.07813,1644.86206,-65.90015,1443.63513,1495.16577,259.69562,1475.15356,1495.12561,NA,NA,NA,106.30372,1335.3844,1546.46582,NA,NA,NA,469.21545,1190.43958,1562.52307,-143.67021,1133.79858,1373.6969,570.91876,997.45367,1642.32922,-183.82089,888.63824,1349.89746,186.36383,1047.11511,1556.69556,52.62482,1013.99182,1557.62354,130.10632,976.44843,1297.79138,333.00275,496.39215,1317.84192,33.36585,568.84814,1521.96387,335.65195,149.84387,1220.63232,21.37392,206.46991,1746.39722
462,4.61,46.47387,1409.56262,1719.32019,185.54431,1559.65662,1670.65625,-41.07087,1513.01074,1653.62671,-68.0662,1442.6189,1504.67395,257.75989,1474.44946,1505.07446,NA,NA,NA,104.45504,1333.77661,1555.0022,NA,NA,NA,468.54504,1191.57422,1573.43298,-144.6806,1131.98267,1381.42273,571.49945,1000.26331,1653.08899,-186.44133,886.92108,1355.71472,184.64572,1045.96997,1567.91431,50.93565,1013.24994,1568.04114,128.92294,974.07819,1308.71436,331.71323,495.93567,1325.31665,35.90611,570.32611,1531.19189,336.0892,150.67313,1222.06946,15.75804,207.95808,1757.75366
463,4.62,43.90732,1407.79785,1727.7572,183.35956,1559.19287,1680.29407,-43.20837,1512.42236,1662.88391,-69.56047,1440.79749,1511.78101,256.3157,1473.63013,1515.26904,NA,NA,NA,103.57249,1333.08154,1564.89795,NA,NA,NA,467.20874,1191.51575,1583.69299,-146.61954,1130.31958,1390.47949,569.63434,1005.36469,1669.7146,-188.90836,885.32104,1362.75952,182.57318,1044.40991,1579.73071,48.80634,1012.35992,1578.65735,128.04095,972.74396,1319.39099,329.72946,495.93942,1334.78455,35.05659,570.41187,1540.26282,336.31424,152.65529,1224.30408,11.29523,208.98677,1765.45654
464,4.63,42.20903,1408.09644,1737.32153,180.91049,1558.90356,1688.28589,-45.27428,1511.24243,1670.95178,NA,NA,NA,255.18437,1473.1803,1524.66321,NA,NA,NA,101.58728,1332.36218,1573.87756,NA,NA,NA,465.98569,1191.16028,1594.38074,-148.61162,1128.31873,1399.78809,569.21613,1008.65948,1683.21716,-191.88878,883.7395,1370.61084,179.85767,1042.51746,1589.91162,45.87788,1011.28302,1588.26965,127.77073,971.2254,1330.60156,328.39362,496.60797,1343.87134,33.21669,572.80823,1551.1488,337.35345,154.2861,1227.29419,7.45999,209.51622,1773.3114
465,4.64,39.32861,1406.96704,1745.87231,178.83041,1558.83325,1698.23401,-47.63309,1511.30688,1680.4165,NA,NA,NA,253.40552,1472.42395,1534.04297,NA,NA,NA,99.81352,1331.94482,1583.21716,NA,NA,NA,464.00714,1189.28833,1603.75232,-150.07365,1126.70459,1409.16663,567.35669,1012.55835,1698.80237,-194.381,882.17218,1378.74023,176.68686,1041.29529,1602.61084,42.30706,1011.34125,1598.57385,126.98476,969.4668,1342.30652,326.18875,496.78302,1353.89734,30.06046,572.51813,1563.5675,337.65015,156.82018,1229.68896,3.19966,209.45824,1781.60083
466,4.65,37.47932,1407.60205,1755.30103,176.22331,1558.93494,1706.43579,-50.66516,1511.03406,1688.52832,NA,NA,NA,251.96245,1473.08838,1544.2146,NA,NA,NA,97.97424,1332.20752,1591.39307,NA,NA,NA,462.98486,1188.17554,1612.47095,-151.96135,1125.62378,1418.9231,565.54877,1016.93933,1711.96838,-196.99887,881.09338,1388.26257,172.91075,1040.59363,1612.9054,38.26789,1012.3786,1608.83984,125.93604,969.01691,1352.8833,323.96786,497.68179,1364.46509,26.58755,573.84033,1574.11523,338.79822,159.7168,1234.26282,-0.25099,208.04774,1789.2981
467,4.66,34.31309,1407.58472,1763.25647,173.75577,1559.73022,1716.5144,-52.69,1512.1062,1697.83618,NA,NA,NA,249.5923,1473.34875,1553.73071,NA,NA,NA,95.68102,1332.84595,1600.30286,NA,NA,NA,460.56146,1187.67737,1620.95642,-153.05437,1125.63123,1425.97009,562.44824,1020.88538,1725.21448,-199.32358,880.81726,1398.83313,168.54808,1040.0415,1624.46484,34.12819,1012.57849,1617.79858,125.97795,968.79358,1364.28052,321.26428,497.8653,1377.56433,21.84362,575.84424,1584.91772,340.43185,163.97086,1238.75256,-3.04325,205.64752,1794.43762
468,4.67,32.12646,1408.82422,1772.62439,170.90985,1560.06226,1725.13733,-54.9826,1511.57288,1704.99353,NA,NA,NA,247.89157,1473.94238,1564.55396,NA,NA,NA,93.71159,1333.48657,1609.59839,NA,NA,NA,458.87192,1187.47241,1630.20996,-154.7597,1125.99329,1436.52344,559.12238,1024.1344,1737.82202,-201.19214,880.63708,1410.64331,164.06403,1039.87195,1633.50354,29.87917,1014.17303,1626.78186,125.27699,969.36469,1374.21777,316.33606,498.56439,1395.29883,15.48113,577.71027,1597.09314,341.67502,168.56886,1243.15869,-4.86325,203.07085,1797.51697
469,4.68,29.5966,1408.8761,1779.52808,168.39253,1561.60596,1734.82104,-57.72335,1512.15088,1713.21033,NA,NA,NA,247.06418,1474.76917,1574.20862,NA,NA,NA,91.48454,1334.07141,1618.09412,NA,NA,NA,456.00763,1186.49902,1638.36316,-156.35416,1126.49219,1446.02539,556.0517,1026.56067,1748.46472,-203.49988,880.64508,1423.73987,159.33405,1040.84863,1644.68311,25.10195,1016.29974,1636.50293,125.66078,968.65607,1385.37585,309.5072,498.3862,1416.65479,9.43119,579.50995,1609.05762,343.87164,175.97862,1248.39197,-7.86316,198.56366,1800.28003
470,4.69,26.74957,1409.87463,1787.89563,165.27151,1562.16016,1742.80652,-59.80243,1513.24683,1720.87268,NA,NA,NA,245.11595,1475.68799,1584.28113,NA,NA,NA,89.36446,1334.73718,1627.36047,NA,NA,NA,453.30109,1185.88208,1646.29138,-157.91286,1127.56836,1455.49341,551.93921,1029.28479,1760.38782,-205.49899,880.87317,1437.62524,154.61548,1042.17761,1655.75928,21.08691,1018.12939,1644.21655,125.46928,969.32037,1396.02771,302.30942,496.68402,1438.15942,2.21269,581.81677,1617.99963,344.659,183.20439,1257.65881,-8.94098,194.67596,1801.92249
471,4.7,24.21239,1411.26477,1796.56458,162.55975,1563.46362,1751.35364,-62.32454,1513.81335,1727.30566,NA,NA,NA,243.3022,1475.67822,1593.70764,-20.83802,1413.09534,1455.60413,86.97012,1336.1134,1637.00281,NA,NA,NA,450.4281,1184.65613,1651.47302,-159.80032,1128.47705,1464.85718,548.23096,1031.45728,1771.60278,-207.71393,881.63959,1452.31482,150.49937,1043.4624,1664.76062,16.36542,1020.86523,1653.93542,124.62067,969.22949,1406.23401,293.37094,494.21127,1459.69849,-4.93102,583.36493,1628.53699,344.58228,191.04749,1269.01392,-11.6969,189.16438,1802.86206
472,4.71,21.19194,1412.33997,1803.37781,160.15523,1564.59058,1759.95459,-65.67205,1513.94141,1734.80603,NA,NA,NA,241.23415,1476.21411,1602.85168,-22.36379,1413.49841,1463.24475,84.34427,1337.72168,1646.2699,NA,NA,NA,447.76987,1185.26172,1661.70752,-161.16687,1129.46472,1474.46936,544.17004,1033.08923,1782.09521,-209.07785,881.98962,1467.09045,146.14134,1045.27795,1674.81812,12.48351,1022.01801,1661.78088,123.83641,969.48584,1416.5011,286.09366,493.29703,1480.4209,-10.92317,583.51807,1641.58569,343.59995,201.47656,1282.68677,-13.99943,184.11694,1803.66455
473,4.72,18.42965,1413.67297,1810.53113,68.26797,1693.07092,1691.14075,-67.82413,1515.71887,1741.30872,NA,NA,NA,239.08237,1476.51929,1611.59521,-23.39644,1414.07678,1471.65588,82.5312,1338.31604,1654.56909,NA,NA,NA,444.7114,1184.54907,1670.00122,-162.9283,1130.48926,1484.27917,540.1236,1034.06323,1793.05884,-211.50137,882.70892,1482.0835,142.61394,1047.0874,1684.79712,8.54991,1023.70746,1671.00183,123.46113,969.47424,1425.76575,281.71213,496.52316,1500.41687,-19.49635,583.73285,1648.78149,341.30713,212.07292,1299.79651,-14.21356,180.42259,1804.17639
474,4.73,15.88463,1415.40906,1819.21912,65.74104,1694.87927,1697.61389,-69.84287,1517.62817,1748.76782,154.86958,1568.1355,1775.94019,238.51775,1477.47656,1620.32764,-24.49162,1414.92249,1479.7876,79.84826,1340.18762,1663.43921,NA,NA,NA,441.95178,1184.91211,1679.91211,-164.36375,1131.09167,1494.09314,535.30792,1034.57166,1803.61707,-213.12993,883.43695,1497.01563,139.04079,1048.46008,1693.89673,5.74329,1025.19836,1679.13196,123.14904,970.00861,1435.18726,277.64105,500.52835,1523.45581,-26.70043,582.98053,1658.66943,337.90665,221.85843,1316.04578,-16.39577,174.58551,1803.64148
475,4.74,13.09053,1417.24768,1825.85742,63.86094,1696.93372,1705.68945,-72.159,1519.04541,1755.06689,NA,NA,NA,237.73952,1478.99255,1630.65796,-26.39684,1415.77893,1487.23584,78.07508,1341.5957,1671.953,NA,NA,NA,438.63016,1184.56018,1688.29443,-165.51997,1131.93298,1504.11084,531.11554,1035.03687,1813.48413,-215.10255,884.46149,1513.17761,135.77226,1049.87744,1703.66467,2.77455,1025.81677,1687.10693,121.36362,970.58752,1444.34937,274.78281,501.93945,1548.01501,-33.94815,581.95306,1667.68079,335.13263,232.49178,1333.93286,-17.63153,169.12144,1802.50732
476,4.75,9.96746,1419.44495,1833.43774,62.00386,1698.53064,1712.76453,-74.42985,1520.90259,1761.33044,149.5847,1571.79749,1792.7262,236.43925,1479.83704,1639.29968,-27.38394,1417.60132,1495.63367,75.6309,1343.38379,1679.51624,NA,NA,NA,435.57861,1185.08423,1698.95923,-167.20607,1132.95142,1514.61938,526.90961,1034.18689,1822.84509,-216.24129,885.66333,1529.44556,133.47891,1051.43201,1712.52014,0.40101,1026.49548,1695.19397,120.10669,971.37445,1452.86011,274.79419,504.43112,1573.94275,-41.6005,580.66516,1676.99158,331.45404,242.68356,1353.50598,-18.93638,164.49791,1800.70337
477,4.76,7.32227,1422.24524,1841.83191,59.75131,1700.67004,1720.49915,-77.08546,1523.82874,1769.65674,147.21619,1574.11011,1801.18958,233.62474,1482.97449,1651.61267,-29.28869,1418.69556,1504.04102,73.00433,1345.83081,1689.9762,NA,NA,NA,432.46719,1184.71631,1706.91394,-168.50795,1133.79639,1525.17566,521.33026,1033.37561,1833.02588,-218.31291,887.02814,1545.79663,131.32974,1052.53699,1721.33643,-1.38766,1027.20422,1703.76514,118.64511,972.96326,1462.11157,275.06238,507.84024,1598.00745,-49.52964,580.25189,1685.31165,330.07199,250.79648,1371.48511,-20.23307,160.5714,1798.06714
478,4.77,4.59699,1424.58875,1849.12451,57.97851,1702.86768,1728.23438,-79.6953,1526.38806,1777.22729,144.91098,1576.15723,1807.74353,232.62148,1482.80334,1657.60681,-30.39204,1419.92957,1511.28381,70.57045,1347.37793,1696.64502,NA,NA,NA,429.94617,1184.34705,1716.52112,-170.29089,1134.96167,1535.11682,516.10779,1032.6261,1842.47791,-220.04898,888.65155,1560.96045,129.34741,1053.80652,1729.99353,-3.6286,1028.53552,1712.31323,117.38111,974.22913,1471.49072,274.52585,510.82819,1620.14331,-58.02914,581.10114,1691.00818,329.46124,259.84808,1391.19507,-20.26415,158.41365,1794.30029
479,4.78,0.77255,1427.58447,1857.73694,56.2483,1704.52271,1733.79944,-82.04744,1528.22937,1783.10388,142.69559,1578.50146,1816.76917,231.27631,1484.26135,1667.38635,-32.14279,1421.94104,1520.76099,68.33649,1349.57275,1706.39563,NA,NA,NA,425.54346,1184.20947,1726.50781,-172.08508,1136.47522,1546.33508,510.80527,1031.099,1851.5376,-220.88911,890.18762,1577.93579,128.54457,1055.29102,1738.0531,-5.16213,1029.97583,1720.7677,115.19631,976.13525,1479.49036,274.81866,512.88696,1643.38293,-66.41171,581.138,1696.93372,325.71072,266.59012,1411.87708,-19.86713,159.72685,1789.56934
480,4.79,-1.67376,1430.48328,1866.20361,54.80688,1706.96997,1742.06409,-84.0365,1531.09619,1790.49548,139.90132,1580.32153,1824.02148,228.79013,1485.56836,1674.58337,-34.26764,1423.25635,1529.37146,65.6504,1351.14319,1713.89355,NA,NA,NA,421.95459,1184.56653,1736.21777,-174.00696,1138.43188,1557.04846,504.77631,1028.98889,1860.67053,-222.55428,892.44617,1594.43201,126.52277,1056.92297,1747.1615,-7.20126,1031.63562,1728.54248,113.56871,978.28156,1486.92419,273.92062,515.17456,1665.26575,-75.36143,582.69214,1700.69592,323.68246,272.72827,1432.71729,-18.95368,161.43753,1785.11133
481,4.8,-4.65457,1433.14917,1873.7312,52.66154,1708.89233,1747.849,-86.84263,1534.4967,1799.09045,137.46489,1583.36938,1833.09363,227.13873,1487.04175,1684.11194,-35.10012,1425.74023,1536.23901,64.01265,1353.03491,1722.16064,NA,NA,NA,418.12033,1184.32837,1745.08044,-176.11185,1140.09814,1567.59509,499.259,1026.53223,1868.16296,-224.29674,895.16638,1611.56177,124.75302,1058.85815,1755.9834,-8.59321,1033.63599,1736.66406,112.64568,980.33661,1495.81396,273.1987,515.823,1688.06604,-82.42351,584.3064,1705.69934,NA,NA,NA,-16.78728,162.72015,1780.91992
482,4.81,-7.70541,1435.83228,1881.88013,51.15729,1711.30432,1755.6554,-89.64207,1536.97632,1805.43823,NA,NA,NA,225.15045,1488.48303,1692.13257,-37.06933,1426.97339,1544.55383,61.63176,1354.63428,1730.25342,NA,NA,NA,414.38431,1183.88464,1753.29163,-177.85191,1141.96875,1578.90845,493.05057,1023.70361,1876.25769,-224.76579,897.46771,1628.73596,122.89976,1060.80627,1764.26221,-10.61817,1036.04065,1745.11426,112.24236,982.74536,1504.02368,272.68359,517.83142,1711.18213,-87.37975,586.7431,1708.79285,321.77316,285.52237,1473.83691,-16.1425,164.06479,1777.68848
483,4.82,-10.38602,1438.59436,1890.59619,49.28974,1713.36255,1762.20923,-91.63457,1539.35706,1813.54712,132.71768,1587.62512,1848.77051,222.90288,1490.51025,1701.74854,-38.50628,1428.92969,1553.48914,59.40704,1356.33545,1738.63208,NA,NA,NA,409.90652,1183.97791,1764.18567,-179.76389,1143.93591,1588.70764,486.86795,1020.19824,1883.91357,-225.59846,900.87347,1645.10583,120.8625,1063.32263,1773.02942,-11.84117,1037.94287,1752.57605,112.02347,985.07141,1512.41711,270.19971,517.90411,1733.49487,-92.41212,587.72687,1711.6001,320.39767,290.65781,1495.65796,-15.31024,164.90465,1775.09705
484,4.83,-13.60349,1441.15454,1898.48608,46.89637,1715.06409,1770.09424,-93.62821,1541.99744,1820.90088,130.06361,1589.75085,1856.2959,220.94145,1492.10156,1709.71313,-40.37777,1430.922,1560.93884,57.29406,1358.08813,1746.50391,NA,NA,NA,405.80341,1184.13379,1772.76099,-181.30547,1145.79858,1599.71863,480.10715,1017.63831,1892.13098,-227.02046,904.02948,1663.08276,118.71255,1065.3783,1781.05481,-14.54354,1039.57202,1760.61816,111.65972,986.48914,1520.64014,268.21042,517.76642,1754.98193,-95.28149,588.71405,1714.06995,321.76166,294.57135,1518.33618,-13.59531,164.20799,1774.45386
485,4.84,-16.31294,1443.76709,1906.80176,45.07586,1717.53772,1777.89319,-96.82069,1544.23328,1827.60303,128.05855,1591.90332,1863.79688,219.25792,1493.30945,1719.0415,NA,NA,NA,54.87038,1359.18066,1753.8053,NA,NA,NA,401.63983,1184.08057,1780.69385,-183.08797,1147.53735,1611.07959,473.29883,1014.59259,1899.76123,-227.87654,907.84766,1680.2074,116.16639,1067.49573,1789.56506,-15.69304,1041.31067,1767.15784,112.02557,988.47821,1528.18054,266.57147,518.19635,1778.11694,-96.59391,587.90192,1715.24243,321.33389,298.98636,1540.52734,-14.66941,166.55653,1766.79297
486,4.85,-19.09674,1446.03943,1914.99646,43.03723,1718.80261,1783.69885,-99.00269,1546.31555,1836.2074,125.24958,1593.45972,1872.09741,216.58212,1494.8512,1727.77429,NA,NA,NA,52.86048,1360.92554,1762.86194,NA,NA,NA,396.79129,1184.16418,1791.56079,-184.94092,1149.52136,1621.50305,466.5072,1011.58423,1907.35608,-228.99716,911.31091,1697.5354,114.0256,1069.0636,1796.99658,-17.92845,1042.42322,1774.79346,112.67139,990.41718,1535.91016,263.93359,518.92059,1801.23718,-98.45359,587.34924,1716.98193,318.23926,298.89246,1562.94885,-15.22993,166.47601,1764.93237
487,4.86,-22.07949,1448.16748,1922.20825,41.28192,1720.75281,1792.42688,-101.14029,1548.26929,1843.63245,122.79411,1595.46521,1880.0376,215.07872,1495.7843,1735.80164,NA,NA,NA,50.15243,1362.67493,1769.3335,NA,NA,NA,392.69003,1183.97266,1800.75195,-187.271,1150.97424,1633.82544,460.23923,1007.46008,1913.13916,-230.52887,915.11688,1715.92407,111.85102,1070.92163,1804.94055,-20.514,1043.29382,1781.95886,112.99829,991.54846,1544.78369,260.9454,518.25348,1821.88245,-99.03162,586.53998,1718.36707,318.21719,300.82516,1586.52881,-13.82757,163.59637,1766.70361
488,4.87,-24.46582,1450.30139,1931.16943,38.64706,1721.78528,1798.76636,-104.50503,1550.23645,1850.77173,120.56828,1597.1449,1888.1106,212.20639,1497.17346,1745.22351,NA,NA,NA,47.74022,1364.00354,1778.85278,NA,NA,NA,387.74329,1184.177,1809.26904,-189.51456,1152.69214,1645.09631,453.69427,1003.75995,1920.14795,-231.78767,919.10229,1733.51575,108.97656,1072.68542,1813.33057,-23.02069,1045.29724,1789.67017,113.82282,993.00073,1552.64185,257.82373,519.30981,1844.35852,-98.93906,585.7088,1719.40088,314.06644,299.54517,1610.49475,-14.41832,163.30727,1761.22473
489,4.88,-27.71,1451.57703,1938.70837,36.80883,1723.22668,1806.60608,-106.46262,1551.76721,1859.06921,117.9519,1598.32434,1894.79028,210.24211,1498.21545,1754.14026,NA,NA,NA,45.06486,1364.69324,1786.81335,NA,NA,NA,383.11005,1183.68604,1818.73572,-192.58389,1154.0365,1657.19238,447.0636,999.88342,1926.51794,-233.06419,922.7608,1751.95447,106.21562,1073.60034,1821.40527,-25.03605,1045.99255,1796.66846,113.66312,994.35046,1560.77454,254.78282,520.07874,1865.39868,-98.68784,584.32281,1719.77136,314.08374,299.22427,1635.23792,-15.19257,160.99068,1758.93384
490,4.89,-30.10426,1452.82764,1946.44141,34.55491,1723.79822,1814.23779,-108.67661,1552.50195,1866.14673,115.38142,1599.80591,1904.85901,207.92053,1498.73596,1762.88159,NA,NA,NA,42.68752,1366.35852,1794.724,NA,NA,NA,378.54694,1183.91577,1829.5094,-195.54253,1155.39307,1669.12402,440.32779,995.08282,1933.25745,-234.91824,926.4375,1769.46216,103.13221,1074.60498,1829.98022,-28.03777,1046.30713,1803.87671,114.68119,995.12415,1569.73169,253.60428,519.4967,1884.74133,-97.95212,582.3548,1719.07935,312.03342,297.86136,1659.19812,-15.80569,157.85555,1756.48169
491,4.9,-33.29921,1454.55652,1955.96875,31.78449,1725.02808,1821.51685,-111.73006,1554.28149,1873.55847,112.74097,1599.86108,1910.85474,205.44989,1499.27197,1771.59863,NA,NA,NA,40.45644,1367.18762,1803.59082,NA,NA,NA,373.50836,1183.9425,1838.73035,-199.0864,1156.84082,1681.13,433.48706,991.51196,1939.82031,-236.09723,930.36682,1787.33301,100.744,1074.97168,1837.82617,-29.89584,1046.43457,1810.86401,115.2278,995.85565,1577.74243,252.81294,522.01715,1906.23438,-98.08533,580.8222,1718.91589,NA,NA,NA,-16.83439,154.03853,1753.83911
492,4.91,-35.82368,1454.90881,1962.5426,29.95638,1725.73804,1829.88171,-114.32298,1555.14233,1883.08313,110.17247,1601.77905,1920.8446,202.98706,1500.4187,1781.74561,NA,NA,NA,38.37462,1366.92688,1810.15295,NA,NA,NA,368.90738,1182.45276,1847.08203,-202.61099,1158.11914,1694.00146,427.18216,986.83099,1945.30261,-237.43268,934.34796,1805.38379,98.1106,1075.38232,1845.93994,-31.687,1046.88025,1818.47302,115.6548,997.08307,1586.45972,252.20268,525.15063,1925.06421,-97.06422,580.3067,1719.67407,NA,NA,NA,-18.08867,151.53041,1751.91516
493,4.92,-38.4256,1456.02869,1971.9751,26.89257,1725.61816,1837.02917,-116.63096,1554.9801,1889.86316,107.35445,1601.82605,1927.79688,200.7738,1500.11816,1789.50916,NA,NA,NA,36.41665,1367.65063,1819.66443,NA,NA,NA,364.33011,1182.08618,1857.60352,-206.29337,1159.64343,1704.69324,420.93164,982.06946,1950.8396,-239.33109,937.83789,1822.11572,95.62099,1075.57202,1854.13159,-33.30516,1046.59656,1824.04065,115.59515,996.4151,1595.87891,251.75546,529.55652,1941.25818,-96.45403,579.14514,1720.01331,NA,NA,NA,-19.63265,149.21681,1749.28821
494,4.93,-41.54671,1456.45203,1979.84485,24.47666,1726.02588,1845.85254,-119.8603,1556.28748,1897.82996,104.58374,1602.36206,1937.48376,198.79912,1500.8219,1799.48926,NA,NA,NA,33.85103,1366.8446,1826.68018,NA,NA,NA,359.66086,1181.32776,1867.55017,-210.0883,1160.35657,1717.68872,414.36835,977.6748,1956.90637,-240.58443,941.9859,1839.92798,92.91651,1075.33081,1863.50964,-35.05495,1046.78589,1831.54663,116.0142,997.47125,1603.53577,251.64783,534.13245,1956.29663,-95.93424,579.33252,1720.89563,NA,NA,NA,-21.36899,146.46585,1746.62793
495,4.94,-44.42473,1456.85205,1988.87817,21.70009,1726.7627,1853.95593,-122.48203,1556.20996,1907.56396,NA,NA,NA,196.39325,1500.39331,1808.38232,NA,NA,NA,31.86755,1367.49756,1836.25085,NA,NA,NA,354.89258,1180.04602,1875.88586,-213.72067,1161.61829,1728.01941,408.62137,972.32678,1962.23425,-242.19377,945.23352,1856.22913,91.21309,1074.54822,1871.92944,-37.36352,1046.8418,1839.03772,115.90486,997.50958,1611.57227,250.27287,540.41284,1973.98242,-94.08609,578.57495,1721.77124,NA,NA,NA,-23.89126,144.27776,1744.50232
496,4.95,-47.43958,1457.35498,1997.99829,19.356,1725.797,1860.78369,-124.86606,1555.5481,1914.12805,98.8791,1602.28125,1954.40259,194.63882,1500.00989,1816.8739,NA,NA,NA,29.41894,1366.65833,1842.85437,NA,NA,NA,350.4165,1178.94885,1885.01428,-217.59103,1163.11682,1739.56262,402.31201,968.03833,1967.65674,-243.53992,949.43329,1872.22766,89.35251,1073.78625,1879.08777,-39.20516,1045.7052,1845.56201,115.18851,997.31598,1621.59058,246.69931,545.05737,1988.19495,-93.21883,577.10162,1719.74561,297.19336,873.1037,2008.9093,-28.10831,143.08504,1741.81689
497,4.96,-50.41835,1456.77478,2005.82056,16.65694,1726.23523,1870.70691,-128.13708,1555.79797,1923.12964,NA,NA,NA,192.76665,1499.64075,1827.03772,NA,NA,NA,27.52876,1366.24634,1852.30322,NA,NA,NA,346.02249,1177.72241,1895.31641,-221.00514,1163.82092,1751.30798,396.37314,962.99115,1972.46643,-245.36656,952.85968,1888.04041,87.33144,1072.79993,1887.59094,-40.9819,1045.99365,1853.99792,115.56092,997.37537,1629.87598,242.8295,547.19995,1999.94653,-91.58424,576.17633,1719.7511,NA,NA,NA,-31.61764,142.10347,1737.21521
498,4.97,-52.69613,1456.45825,2014.93079,13.16038,1725.28796,1878.94739,-130.57741,1555.29236,1932.36218,92.86834,1602.20032,1972.16553,189.8356,1499.18494,1836.45459,NA,NA,NA,24.78496,1365.60901,1860.29382,NA,NA,NA,341.30106,1176.30103,1904.26038,-224.35242,1164.8009,1760.3938,390.76443,958.5047,1977.03992,-246.58992,955.97443,1902.93982,85.05812,1072.2605,1896.13135,-42.2695,1043.59094,1859.47998,115.78751,998.1637,1639.04602,238.32971,549.72461,2013.42285,-90.35957,576.53418,1721.09802,NA,NA,NA,-35.22466,141.92339,1735.42688
499,4.98,-56.32804,1455.65027,2023.45203,10.86399,1724.76538,1888.44873,-133.81061,1554.17407,1940.3468,NA,NA,NA,187.32106,1499.07336,1846.81226,NA,NA,NA,22.13706,1365.12476,1869.77771,NA,NA,NA,337.09174,1174.3429,1911.58691,-227.25922,1165.57959,1772.60291,385.39386,953.48663,1981.19946,-247.7578,959.90118,1917.526,83.39778,1071.97668,1904.38416,-44.58492,1042.99878,1868.4248,115.21706,997.16132,1647.79053,233.83723,551.67761,2025.81885,-88.23357,574.26221,1719.51416,NA,NA,NA,-37.72336,140.13475,1734.31775
500,4.99,-58.71277,1454.73743,2032.57922,7.55891,1723.52112,1896.81506,-136.32333,1553.25586,1949.15735,87.11221,1600.96448,1990.25659,185.10129,1498.58057,1857.07007,NA,NA,NA,19.68339,1363.88879,1877.67078,NA,NA,NA,332.83783,1172.17725,1919.70923,-231.49855,1165.13843,1786.26501,380.01529,949.09875,1984.77991,-249.83662,962.53882,1932.00684,81.35134,1070.96448,1912.78662,-46.29008,1042.06458,1876.15015,115.53075,997.38733,1655.48145,229.33034,552.05408,2036.87927,-85.85503,574.41742,1720.22742,NA,NA,NA,-40.3265,138.89258,1732.54211
501,5,-61.96142,1453.74646,2041.24353,4.793,1723.00452,1906.93811,-139.08075,1552.07971,1957.25452,83.90451,1599.98181,1998.78625,182.73837,1497.06433,1865.96375,NA,NA,NA,16.96683,1363.17993,1887.30542,NA,NA,NA,329.12613,1170.41565,1927.88049,-233.19185,1165.52319,1796.6134,375.20218,943.97571,1987.79797,-251.07515,965.37488,1945.08142,78.92062,1071.2384,1921.87207,-48.24471,1040.96838,1884.58936,115.04869,997.34778,1665.04114,224.40506,550.5188,2047.41296,-82.91385,573.57037,1721.64148,273.1218,237.29079,1943.46948,-42.86631,138.24829,1732.22827
502,5.01,-65.0091,1452.40027,2050.55493,1.93428,1721.90906,1915.15674,-142.46062,1550.75635,1966.62488,80.99106,1599.01306,2009.14185,180.48373,1496.79199,1876.01636,NA,NA,NA,14.18182,1362.7771,1896.22681,NA,NA,NA,325.05551,1168.51343,1936.38367,-235.14775,1165.22998,1805.41553,369.81424,940.7453,1992.14526,-252.91577,967.74103,1957.79663,76.81893,1070.29297,1929.51489,-49.50924,1039.4281,1891.26331,115.07166,997.02496,1673.87415,218.95264,549.56342,2056.46216,-79.91674,573.20599,1723.44263,267.76227,227.03539,1968.45776,-44.66373,137.87512,1729.98181
503,5.02,-67.37583,1450.29114,2058.65771,-1.22959,1720.52478,1925.63025,-144.56223,1549.32373,1975.56104,77.60807,1597.99939,2018.33667,177.87779,1495.98657,1887.69348,NA,NA,NA,12.18829,1360.44409,1904.29785,NA,NA,NA,321.72351,1166.05066,1942.67761,-236.6192,1164.5304,1815.70361,365.67975,936.15503,1995.20703,-254.97221,970.24475,1969.88452,74.64828,1069.77869,1938.97412,-50.95397,1037.59082,1899.19666,115.03024,995.56689,1683.45605,213.26877,548.6142,2066.39258,-75.91521,572.79431,1725.33154,262.0838,214.53061,1991.7749,-48.06977,138.31619,1727.16528
504,5.03,-70.85735,1448.79529,2067.7832,-4.32715,1718.91333,1934.68616,-148.23116,1547.78418,1984.28931,75.02211,1596.52295,2028.28052,175.40724,1494.2594,1896.9696,NA,NA,NA,9.58331,1359.55664,1913.3335,NA,NA,NA,317.97888,1162.96167,1949.71509,-237.73329,1164.14954,1826.37976,361.35876,931.49115,1998.18225,-256.07007,971.97504,1982.32349,72.34918,1069.08386,1947.73584,-53.17767,1036.77197,1907.90161,114.41846,995.52228,1692.6416,206.86247,545.30072,2072.34326,-73.10123,572.33484,1728.16443,256.57449,201.2175,2014.53711,-48.68178,137.46721,1725.63696
505,5.04,-73.25393,1446.526,2076.74219,-7.29936,1717.74023,1945.20593,-150.64955,1545.49719,1993.94434,71.40466,1594.67285,2037.83386,172.90311,1492.76318,1906.97815,NA,NA,NA,7.59225,1357.13232,1921.75427,NA,NA,NA,314.47208,1160.75952,1956.73901,-237.29556,1163.55591,1830.12097,357.19382,928.20825,2001.85132,-258.17926,973.83234,1994.19885,70.17279,1068.57336,1957.01172,-54.95221,1035.06665,1916.0354,114.2117,993.95618,1702.59497,201.21185,541.62836,2078.93042,-70.25833,571.74384,1731.14905,250.48241,187.22845,2037.45679,-49.17376,137.80676,1724.33813
506,5.05,-76.7467,1444.27283,2085.68823,-10.76725,1715.73474,1954.31128,-153.80272,1542.95886,2002.53186,68.6553,1593.08496,2048.02002,170.9599,1491.62561,1917.77063,NA,NA,NA,5.15947,1355.875,1930.68298,NA,NA,NA,311.48706,1158.52844,1964.87048,-238.28043,1162.31714,1839.28064,353.58072,923.98029,2005.06287,-259.95367,974.57697,2004.36267,67.91577,1067.67737,1965.91553,-56.8555,1034.21802,1924.73389,114.00076,992.85266,1711.31348,196.23726,536.64557,2083.48584,-67.32733,571.70953,1733.10474,244.13243,175.11697,2062.66309,-49.46061,137.44463,1723.53589
507,5.06,-79.34408,1441.80981,2094.9375,-13.67991,1714.62366,1965.90649,-156.62437,1540.68481,2011.84241,65.22208,1590.47571,2057.45166,168.49304,1490.64978,1929.20496,NA,NA,NA,3.26836,1354.63464,1940.24548,NA,NA,NA,308.7876,1156.11877,1971.59338,-239,1160.78809,1849.15027,350.29565,919.9989,2007.4176,-261.57254,975.49927,2015.98169,65.7656,1065.94885,1975.2511,-59.09229,1033.00232,1933.4856,113.83757,991.53094,1719.94019,191.10471,530.23547,2086.77368,-65.14558,571.51892,1736.84338,236.81105,166.04103,2089.05762,-49.16848,137.49779,1722.10437
508,5.07,-82.3479,1439.23547,2103.47168,-17.01261,1712.35693,1974.98877,-159.50952,1538.61365,2021.34692,61.96922,1588.95056,2068.44727,166.2527,1488.88745,1938.83142,NA,NA,NA,0.27375,1353.0874,1949.29187,NA,NA,NA,306.40735,1152.8396,1978.1123,-239.65898,1159.13672,1858.13074,347.16699,916.14246,2010.77856,-263.44888,975.49414,2025.42529,63.69018,1065.01196,1985.16455,-61.19192,1031.8855,1942.31079,113.35376,990.0365,1731.63318,186.16808,523.05945,2088.05347,-63.51511,571.52435,1739.57068,230.19783,160.62672,2115.7085,-48.84141,137.74457,1721.11389
509,5.08,NA,NA,NA,-20.05947,1710.59644,1986.45544,-161.97957,1534.81506,2029.71448,59.33801,1586.64514,2078.05396,163.888,1486.87,1948.91724,NA,NA,NA,NA,NA,NA,NA,NA,NA,304.48114,1151.06238,1986.60779,-240.20299,1157.35815,1866.62195,343.81918,912.88257,2014.94995,-265.59897,975.4856,2036.32751,61.14825,1063.18518,1994.85632,-63.23188,1030.48083,1951.7002,112.52877,988.69012,1740.18848,183.56389,514.42651,2085.22607,-62.23634,571.05377,1742.90344,222.22137,159.16022,2143.81128,-48.64506,137.6498,1720.53894
510,5.09,NA,NA,NA,-23.57204,1708.229,1997.23291,-165.33615,1533.4668,2040.5647,55.64008,1584.53748,2088.77881,161.77158,1485.2345,1960.19031,NA,NA,NA,NA,NA,NA,NA,NA,NA,302.04141,1147.92834,1993.06079,-240.99091,1155.23315,1875.99854,341.50153,909.06927,2018.16199,-267.40256,974.65729,2045.87036,58.95789,1061.44629,2005.06348,-65.36055,1028.54224,1960.28711,111.85345,988.24304,1751.08569,180.90312,507.50677,2083.97266,-61.22507,569.93744,1749.68945,215.1571,159.20837,2168.91431,-48.02091,137.61673,1719.24451
511,5.1,NA,NA,NA,-26.36579,1705.79187,2007.33191,-167.99234,1530.36572,2048.85107,53.03619,1582.28638,2098.80786,159.82829,1483.46899,1971.35559,NA,NA,NA,NA,NA,NA,NA,NA,NA,299.75848,1146.22778,2002.84607,-242.07248,1153.13232,1885.54565,339.5386,905.3186,2021.39087,-269.27457,973.88013,2054.67725,56.98,1059.3374,2015.29248,-67.56383,1027.5415,1971.18176,111.02341,986.15631,1760.57239,179.85789,502.77243,2083.40869,-60.7326,569.32013,1753.27185,208.49149,165.30943,2195.44019,-46.34269,137.63649,1719.25195
512,5.11,NA,NA,NA,-29.19362,1704.22595,2018.32703,-170.48553,1528.00342,2058.9917,49.40911,1580.18835,2109.85522,157.66508,1482.10413,1983.03687,NA,NA,NA,NA,NA,NA,NA,NA,NA,297.97531,1143.08203,2008.59973,-243.353,1151.15479,1893.37329,337.78366,901.98413,2024.75452,-271.3652,972.24854,2063.78906,54.92398,1056.78821,2025.02087,-69.60505,1025.22913,1979.76892,109.47076,984.40601,1770.21716,177.73219,497.23218,2081.51709,-61.54373,568.10632,1758.98267,198.29947,172.88206,2216.5249,-44.50269,137.61743,1719.40845
513,5.12,NA,NA,NA,-31.71624,1701.99451,2027.71643,-173.58261,1525.55273,2068.39014,47.01736,1577.71826,2119.64868,155.87283,1480.026,1993.61792,NA,NA,NA,NA,NA,NA,NA,NA,NA,296.0914,1140.89966,2018.05493,-244.31715,1148.96387,1902.50012,336.84579,898.86365,2027.77673,-273.5098,970.34723,2072.39429,53.06887,1054.2428,2034.32141,-71.59053,1023.59686,1989.97864,108.53226,983.36591,1781.84741,174.71509,494.80936,2083.55493,-62.42055,568.82538,1766.00146,189.38094,180.19965,2235.88525,-42.39017,136.92061,1719.80078
514,5.13,NA,NA,NA,-34.82127,1700.26147,2038.86133,-175.93819,1523.63098,2078.17749,43.52631,1576.15564,2131.22852,153.91394,1477.94641,2004.49048,NA,NA,NA,NA,NA,NA,NA,NA,NA,294.81824,1137.5072,2024.39111,-245.59187,1146.69299,1910.55896,336.03818,895.99957,2032.17017,-275.70529,968.05603,2080.58203,51.27322,1052.73828,2045.43555,-73.25172,1020.98218,1999.73901,106.98489,981.49902,1792.14404,170.11494,491.25967,2084.25879,-63.41816,568.02881,1772.16846,180.85172,188.62015,2254.19531,-39.90825,136.88354,1718.68591
515,5.14,NA,NA,NA,-37.2161,1698.0968,2049.67505,-178.35452,1521.45654,2088.00122,41.14991,1573.76257,2141.49414,151.94975,1475.87268,2015.23584,NA,NA,NA,NA,NA,NA,NA,NA,NA,293.33029,1135.23022,2032.65857,-247.52426,1144.64136,1919.56177,336.13388,893.66339,2036.27673,-277.85526,964.76416,2087.62427,49.62421,1050.23975,2055.31445,-74.4317,1017.94348,2007.95264,NA,NA,NA,164.19057,490.57092,2088.13428,-64.72891,566.25842,1780.84875,172.23326,195.13524,2269.43726,-36.89991,137.9305,1719.21094
516,5.15,NA,NA,NA,-39.58966,1696.1488,2060.63745,-180.48372,1518.89294,2096.98267,37.85524,1572.37012,2153.11694,150.08772,1473.95886,2026.3551,103.41308,978.66046,1813.3916,NA,NA,NA,NA,NA,NA,291.48358,1133.30981,2041.23218,-248.65924,1142.41602,1927.54602,336.39224,890.49127,2038.58936,-280.49905,961.70197,2094.95752,47.67458,1047.66467,2064.75293,-76.04094,1015.63983,2017.55835,NA,NA,NA,NA,NA,NA,-67.37378,564.96497,1789.59241,162.87419,204.67947,2285.79395,-35.5527,138.1907,1719.48926
517,5.16,NA,NA,NA,-42.0717,1694.11816,2071.11255,-183.51648,1517.97949,2108.25415,35.62245,1570.3645,2163.51514,148.42436,1472.35767,2036.92822,101.46072,977.81476,1819.37598,NA,NA,NA,NA,NA,NA,290.10458,1130.7019,2047.93237,-250.40195,1140.09375,1935.47803,336.73291,889.13013,2043.91748,-282.04352,958.18372,2102.27344,46.2007,1045.4082,2074.33374,-77.85808,1014.37006,2029.05823,NA,NA,NA,150.53636,491.58301,2102.87988,-69.14111,563.2854,1797.37292,153.58476,213.76196,2302.98535,-31.8537,138.45285,1720.77771
518,5.17,NA,NA,NA,-43.89774,1692.59253,2081.47241,-185.59061,1515.82703,2117.93677,32.28679,1569.1554,2175.59033,146.99567,1470.70483,2047.84607,98.90109,975.60114,1830.78284,NA,NA,NA,NA,NA,NA,288.48749,1129.65503,2057.84131,-252.13252,1138.14026,1944.39453,336.29572,886.69751,2047.81311,-284.23218,953.89191,2108.28638,44.26999,1043.69336,2084.97632,-79.85667,1012.39081,2039.14417,NA,NA,NA,NA,NA,NA,-71.62109,560.67126,1806.6825,144.70499,220.13194,2318.37622,-29.93575,139.33208,1721.55383
519,5.18,NA,NA,NA,-45.85754,1691.57886,2092.05957,-187.45464,1514.28369,2127.11475,30.1414,1567.29749,2186.10034,145.21356,1469.62366,2059.29419,95.8901,975.29773,1839.58203,NA,NA,NA,NA,NA,NA,287.633,1127.64941,2065.75757,-253.35806,1136.0885,1951.77539,336.51645,885.63855,2054.68408,-286.42291,949.45313,2114.38989,42.32298,1042.3385,2095.53491,-82.00348,1010.20313,2048.64307,NA,NA,NA,NA,NA,NA,-74.68378,558.72052,1816.98901,135.78621,228.47836,2333.36133,-26.9722,139.52115,1724.56482
520,5.19,NA,NA,NA,-47.72268,1690.27026,2103.61768,NA,NA,NA,27.66707,1566.24316,2197.18213,143.65933,1468.65601,2070.53247,93.4455,973.39612,1851.44299,NA,NA,NA,NA,NA,NA,286.87476,1125.42603,2072.90259,-254.88782,1134.42114,1960.69519,336.51959,883.78265,2058.84497,-288.09058,944.62939,2120.34644,40.1739,1040.95166,2105.2998,-83.79081,1008.73676,2059.26172,NA,NA,NA,128.47557,490.47748,2135.13916,-77.64321,557.15582,1824.85767,127.71924,234.06107,2346.70288,-24.48713,141.48831,1725.24695
521,5.2,NA,NA,NA,-49.65359,1690.02612,2114.88623,NA,NA,NA,25.00835,1565.26221,2209.10205,142.14742,1467.79993,2081.08301,90.24347,973.93103,1860.4386,NA,NA,NA,NA,NA,NA,285.06104,1124.60376,2082.5061,-256.50867,1133.08289,1968.62402,336.20044,882.97998,2065.83154,-290.55325,939.4635,2124.85669,37.5872,1040.17053,2115.12305,-85.51118,1007.39502,2069.17017,NA,NA,NA,NA,NA,NA,-80.97687,555.37646,1837.43542,119.78248,240.06316,2359.11914,-20.80604,143.47394,1729.4198
522,5.21,NA,NA,NA,-51.81725,1689.54443,2127.03076,NA,NA,NA,23.20885,1564.99097,2219.62744,140.38808,1467.65564,2092.15674,87.82617,973.27954,1870.13611,NA,NA,NA,NA,NA,NA,284.33606,1123.88257,2091.32593,-257.42587,1132.1333,1977.80835,336.10898,882.96393,2072.51514,-292.05368,934.94379,2130.56787,35.12638,1039.97021,2126.08447,-88.2256,1007.11926,2077.78638,NA,NA,NA,120.09945,487.81012,2156.55518,-84.94339,552.89233,1849.45398,112.09961,245.69469,2371.71021,-17.91712,145.20761,1733.21997
523,5.22,NA,NA,NA,-53.60824,1689.89075,2138.3689,NA,NA,NA,20.65173,1564.63586,2231.73511,138.88892,1467.4198,2102.77417,85.73444,973.84186,1879.73779,NA,NA,NA,NA,NA,NA,282.78857,1123.60461,2101.57617,-258.57263,1131.67834,1986.04504,334.6622,883.44708,2080.32983,-293.56531,929.75574,2134.35205,31.90285,1039.60962,2136.24878,-90.84443,1007.77747,2089.08032,NA,NA,NA,116.25717,489.48154,2167.33936,-87.73545,552.56824,1862.7583,103.64063,246.89108,2377.94409,-15.05873,148.79099,1737.88794
524,5.23,NA,NA,NA,-54.90324,1689.71558,2149.04199,NA,NA,NA,18.83382,1564.01282,2242.29272,136.79573,1467.76086,2113.17749,83.5145,974.81818,1890.40271,NA,NA,NA,NA,NA,NA,280.95874,1124.85596,2111.22388,-259.57092,1132.11707,1994.32837,334.65601,883.95728,2087.37671,-295.47891,924.39233,2137.47729,29.14194,1040.66919,2145.73926,-93.89896,1008.36389,2096.95508,NA,NA,NA,NA,NA,NA,-90.48293,552.91559,1879.27344,94.49094,252.01074,2387.23145,-11.62654,153.78458,1744.11914
525,5.24,NA,NA,NA,-57.0169,1690.09045,2161.1416,NA,NA,NA,17.1341,1563.75037,2252.66211,134.98035,1468.47681,2123.51147,82.43798,975.0827,1900.89355,NA,NA,NA,NA,NA,NA,279.09473,1125.42969,2120.03174,-260.48511,1132.37842,2004.10986,333.0571,885.77167,2097.07007,-296.71503,919.77582,2140.13647,26.0559,1041.38574,2155.20996,-96.06871,1009.91876,2106.36816,NA,NA,NA,114.78532,496.36789,2192.8606,NA,NA,NA,88.09441,253.65414,2394.1687,-9.22814,159.52701,1751.49622
526,5.25,NA,NA,NA,-58.22598,1690.65869,2171.55859,NA,NA,NA,15.19887,1563.77917,2263.77539,132.25542,1469.5542,2134.78589,81.1201,976.22754,1908.98792,NA,NA,NA,NA,NA,NA,277.36377,1126.0531,2128.94849,-260.78961,1133.04736,2013.37793,332.10455,887.62708,2107.073,-297.853,915.60596,2143.17749,22.85535,1043.08887,2164.38135,-99.1996,1011.13177,2114.37085,NA,NA,NA,114.22897,498.47427,2203.68237,NA,NA,NA,80.09731,254.10732,2399.36401,-7.22471,166.58008,1759.97437
527,5.26,-131.32127,1408.09119,2287.84692,-59.54229,1691.41992,2181.96753,NA,NA,NA,13.65411,1564.146,2273.65576,130.22316,1470.85852,2143.76563,79.60298,978.04193,1919.2135,NA,NA,NA,NA,NA,NA,275.18906,1127.21045,2139.23999,-261.18933,1133.78186,2022.5686,331.65707,888.95123,2116.29688,-299.45853,911.21606,2145.49146,20.01851,1044.93225,2173.5813,-101.60759,1013.03326,2124.58447,NA,NA,NA,113.07652,499.87146,2215.802,NA,NA,NA,72.44682,251.44223,2401.64868,-4.30779,171.75543,1767.85938
528,5.27,NA,NA,NA,-61.13039,1692.17676,2192.77002,NA,NA,NA,12.35752,1564.15002,2283.00464,127.30779,1470.99377,2152.48999,78.85397,979.04089,1929.48499,NA,NA,NA,NA,NA,NA,272.75043,1129.17297,2150.20605,NA,NA,NA,329.76233,891.54596,2127.11035,-300.78262,907.82123,2146.63623,17.28595,1046.95276,2182.15137,-103.85856,1013.91675,2132.04785,NA,NA,NA,113.71873,503.86389,2231.0791,NA,NA,NA,63.55614,246.6059,2400.7998,-2.32719,179.17632,1778.56799
529,5.28,NA,NA,NA,-62.7568,1692.70557,2203.24658,NA,NA,NA,NA,NA,NA,124.66658,1472.81604,2162.48999,78.06483,979.82507,1939.86182,NA,NA,NA,NA,NA,NA,270.48401,1130.39014,2158.94946,NA,NA,NA,328.17371,893.81195,2137.73608,-302.45947,904.79065,2148.33228,15.19209,1048.8385,2191.62915,-105.82742,1015.40405,2141.62109,NA,NA,NA,113.57834,505.33157,2243.29956,NA,NA,NA,55.7373,242.39938,2404.13696,-0.35486,185.61247,1788.6488
530,5.29,10.12763,1564.22009,2301.39063,-63.86651,1693.31506,2212.48535,NA,NA,NA,-137.0583,1409.43164,2315.61914,122.28267,1474.1687,2171.01367,77.00897,980.69965,1950.70605,NA,NA,NA,NA,NA,NA,267.72064,1131.73706,2167.20142,-262.26218,1134.97205,2051.14355,326.71268,896.19873,2148.35547,-304.25229,902.0152,2149.45557,12.87932,1050.88501,2200.52905,-107.9265,1017.03845,2151.92822,NA,NA,NA,112.16295,506.2034,2256.21851,NA,NA,NA,48.67983,238.37447,2406.24878,2.98693,194.9615,1800.85413
531,5.3,NA,NA,NA,-65.00496,1693.84937,2221.07861,NA,NA,NA,-138.19728,1410.04895,2323.35767,119.97758,1474.61108,2178.65112,NA,NA,NA,NA,NA,NA,NA,NA,NA,264.53101,1133.97192,2177.93311,-263.31635,1134.71301,2060.56445,325.37726,897.93707,2159.00903,-306.4761,898.81927,2150.97339,10.91516,1051.97083,2209.34497,-109.56051,1016.71088,2159.90186,NA,NA,NA,111.66797,506.25131,2267.55054,-98.7174,556.93353,1983.24304,42.32617,231.36916,2407.63794,3.36322,201.37384,1814.59692
532,5.31,7.66199,1564.97388,2317.5166,-66.99033,1695.12158,2230.26978,NA,NA,NA,NA,NA,NA,117.32238,1476.48425,2188.01001,NA,NA,NA,NA,NA,NA,NA,NA,NA,261.89673,1135.56189,2186.71509,-264.44482,1134.45154,2069.47437,324.06317,899.58038,2169.89526,-309.36447,896.36493,2151.98364,9.31623,1053.71936,2219.27417,-110.91673,1018.34058,2169.21582,NA,NA,NA,110.98753,507.30606,2282.00732,-99.85586,556.33099,1998.82104,36.67469,224.7261,2409.13501,3.93807,207.92508,1827.57898
533,5.32,6.10687,1565.90454,2325.96436,-68.67229,1695.65479,2238.97046,NA,NA,NA,-141.9509,1412.09778,2341.99829,114.77118,1477.44348,2195.20435,NA,NA,NA,NA,NA,NA,NA,NA,NA,259.61267,1135.98486,2193.90356,-265.64798,1134.03467,2076.32373,321.82333,902.02704,2181.45142,-312.27847,893.08746,2152.54663,8.44526,1053.87939,2227.99878,-112.12916,1019.61395,2178.52808,NA,NA,NA,109.83783,507.10632,2293.78345,-101.9121,556.87146,2014.94421,31.14326,216.43077,2410.6665,-0.19668,214.54781,1841.66064
534,5.33,4.25821,1566.73901,2334.22192,-70.72069,1696.73547,2247.29395,NA,NA,NA,-143.86302,1412.97058,2350.74365,112.66467,1479.41394,2203.73657,NA,NA,NA,NA,NA,NA,NA,NA,NA,257.04919,1137.92847,2203.74976,-267.31827,1132.94824,2084.29468,320.46835,903.37128,2192.43652,-315.79422,891.25079,2153.49902,6.8721,1054.42078,2237.29077,-114.04603,1020.04578,2187.67017,NA,NA,NA,109.03552,506.46332,2304.84351,-103.47472,557.10022,2031.23267,26.84005,207.93477,2411.44067,-9.33774,220.79709,1856.81445
535,5.34,2.21093,1567.79675,2342.88257,-73.23772,1697.70422,2256.21851,-217.93298,1522.66687,2286.15503,-145.35081,1413.77942,2358.88574,109.91396,1480.40479,2210.54883,NA,NA,NA,NA,NA,NA,NA,NA,NA,253.95901,1138.995,2211.84644,-269.9624,1131.82007,2090.82861,318.59348,905.67987,2203.2627,-319.23975,888.00061,2153.74658,5.07672,1054.31006,2246.03223,-115.69991,1020.24908,2195.8606,NA,NA,NA,108.84101,507.42151,2314.9126,-106.19855,557.35437,2047.38782,22.20795,199.31731,2412.24683,NA,NA,NA
536,5.35,0.57634,1569.2384,2350.59741,-75.15408,1698.44104,2263.95703,-220.88785,1523.81287,2296.66382,-147.89671,1414.82874,2368.31274,107.35883,1482.12646,2218.96216,NA,NA,NA,NA,NA,NA,NA,NA,NA,251.12984,1141.37109,2221.08203,-271.71295,1130.78967,2094.58325,316.93146,907.8974,2214.71387,-322.84152,886.03186,2153.32251,4.47402,1053.08948,2253.70239,-116.84098,1020.77917,2204.53687,NA,NA,NA,108.89304,507.8381,2323.96289,-109.56887,558.14667,2063.56372,19.1568,189.43962,2411.30835,NA,NA,NA
537,5.36,-1.36383,1570.35815,2358.45532,-78.07919,1699.84082,2272.37402,-222.32616,1524.47522,2304.41943,-149.63895,1415.99072,2376.39819,104.86301,1483.6853,2225.60181,NA,NA,NA,NA,NA,NA,NA,NA,NA,249.43224,1143.33289,2229.8584,-274.86905,1129.50818,2099.51025,315.09958,910.0954,2225.92749,-326.5274,883.89813,2152.8623,2.97115,1053.19238,2262.95581,-118.57737,1021.716,2211.74414,NA,NA,NA,108.1357,510.56296,2333.8252,-112.26674,559.31647,2079.87012,17.71473,181.99416,2410.896,NA,NA,NA
538,5.37,-3.97688,1571.85938,2366.90356,-80.48485,1700.56055,2280.33325,-225.55408,1525.96167,2314.43604,-152.21088,1417.0614,2385.91724,101.80739,1485.68286,2234.29761,NA,NA,NA,NA,NA,NA,NA,NA,NA,247.4213,1144.77344,2237.47827,-276.8699,1128.68359,2102.72974,313.24374,912.71094,2237.60352,-328.65332,882.58435,2151.38354,1.69277,1052.60901,2270.5332,-120.61327,1022.39124,2220.31494,NA,NA,NA,107.80947,509.90009,2337.44702,-116.66566,562.23578,2096.47974,16.09375,174.94218,2408.46558,NA,NA,NA
539,5.38,-5.70788,1572.59338,2374.39502,-83.23949,1701.70593,2288.2417,-228.10869,1527.76941,2323.76831,-154.09215,1418.32166,2394.24902,98.75307,1486.86157,2240.73413,NA,NA,NA,NA,NA,NA,NA,NA,NA,245.75195,1147.39465,2245.323,-279.89926,1127.9447,2105.37524,312.33865,914.88043,2247.66821,-331.1702,882.12335,2151.02515,-0.02095,1052.97034,2277.68994,-122.47707,1023.08679,2228.18262,NA,NA,NA,106.57361,511.91547,2343.31812,-51.45858,247.45355,1934.96912,15.53447,173.19737,2406.61841,NA,NA,NA
540,5.39,-8.24325,1574.0271,2382.84277,-86.0083,1702.52893,2296.35815,-230.35376,1528.14502,2332.01807,-157.03033,1419.25952,2402.93213,95.68151,1488.83801,2248.73828,-128.33447,568.41388,2130.48364,NA,NA,NA,NA,NA,NA,244.14154,1150.17932,2254.82959,-281.5997,1128.23462,2106.20972,311.39807,917.28522,2257.87329,-333.621,881.99823,2150.87866,-1.54643,1054.10266,2285.59888,-124.26884,1023.49469,2235.49658,NA,NA,NA,104.56802,515.0603,2350.66162,-60.51336,251.78656,1957.41614,15.83814,174.99501,2403.97949,NA,NA,NA
541,5.4,-10.74139,1574.81226,2390.61743,-88.75494,1703.18237,2303.85791,-233.03592,1528.69324,2341.34546,-158.89613,1419.72766,2410.35815,93.09593,1489.96558,2255.36133,NA,NA,NA,NA,NA,NA,NA,NA,NA,NA,NA,NA,-284.20898,1129.0188,2108.98657,309.77728,920.2558,2268.69214,-335.76862,882.78198,2151.08276,-2.94261,1055.25537,2290.33008,-125.81639,1024.34985,2243.25708,NA,NA,NA,102.94698,518.09332,2355.46045,-135.58032,572.21454,2147.83228,16.50502,176.10237,2401.13745,NA,NA,NA
542,5.41,-12.71313,1576.12891,2398.49341,-92.18129,1704.48035,2313.04248,-235.71823,1529.79602,2350.77905,-161.34749,1421.24329,2419.44043,89.85404,1492.11084,2262.13281,242.02446,1155.90002,2272.31055,NA,NA,NA,NA,NA,NA,NA,NA,NA,-286.2702,1130.5531,2111.12793,308.08691,923.49652,2279.59448,-339.10648,883.89832,2152.35522,-4.0864,1057.17078,2297.32446,-127.58657,1025.19006,2250.13672,NA,NA,NA,101.53571,520.09686,2358.40674,-143.98711,576.72858,2163.95483,17.96874,177.87781,2398.43286,NA,NA,NA
543,5.42,-15.30243,1577.18738,2406.06689,-94.31067,1704.96313,2319.66748,-238.28656,1530.48584,2359.3479,NA,NA,NA,87.11301,1493.56885,2269.15259,240.93701,1158.1908,2281.15259,NA,NA,NA,NA,NA,NA,NA,NA,NA,-288.48175,1132.15356,2113.70142,306.74817,925.90753,2289.71338,-342.30313,885.3396,2153.56567,-5.60741,1059.86462,2302.14722,-128.83052,1026.95544,2258.30469,NA,NA,NA,101.93214,523.31268,2364.18604,NA,NA,NA,18.79286,178.48897,2396.72192,NA,NA,NA
544,5.43,-16.80822,1577.62512,2412.57007,-97.61419,1706.09656,2328.72876,-240.67801,1530.68323,2368.29883,NA,NA,NA,83.71112,1495.4978,2276.10474,239.5932,1160.55872,2289.58105,NA,NA,NA,NA,NA,NA,NA,NA,NA,-291.26483,1133.96448,2117.39038,305.03635,928.60107,2300.67798,-345.2626,886.64398,2154.33643,-6.622,1062.34656,2308.01245,-130.81749,1027.94861,2264.9021,NA,NA,NA,101.39082,522.82422,2365.75342,NA,NA,NA,19.70373,179.97032,2395.32739,NA,NA,NA
545,5.44,NA,NA,NA,-100.39497,1706.90039,2336.32715,-242.92474,1531.38074,2376.3042,NA,NA,NA,NA,NA,NA,238.25923,1163.31873,2297.61938,NA,NA,NA,NA,NA,NA,NA,NA,NA,NA,NA,NA,303.30161,930.95837,2311.09814,-348.81381,888.36475,2155.54492,-8.00093,1064.70142,2313.58521,-132.1828,1030.67615,2273.4187,NA,NA,NA,99.15795,525.98145,2370.90796,NA,NA,NA,20.96519,180.04893,2394.61987,NA,NA,NA
546,5.45,NA,NA,NA,-102.67073,1707.52148,2344.02124,-245.47305,1532.32898,2384.74194,NA,NA,NA,NA,NA,NA,236.9021,1165.62903,2305.8313,NA,NA,NA,NA,NA,NA,NA,NA,NA,NA,NA,NA,301.33719,934.07471,2321.55298,-351.61472,890.39404,2157.99658,-8.53918,1066.75928,2319.25903,-133.21965,1031.87085,2280.10205,NA,NA,NA,100.34827,526.11591,2372.40405,NA,NA,NA,21.92032,179.05199,2394.67139,NA,NA,NA
547,5.46,NA,NA,NA,-105.63471,1708.62256,2351.84326,-247.54555,1532.65637,2392.78394,NA,NA,NA,NA,NA,NA,235.29042,1168.16797,2314.48804,NA,NA,NA,NA,NA,NA,NA,NA,NA,NA,NA,NA,299.18854,936.69916,2331.91846,-355.8244,891.69873,2159.33618,-9.68407,1068.51697,2324.37061,-134.78915,1033.51868,2286.96069,NA,NA,NA,99.87884,525.5293,2373.83691,NA,NA,NA,22.68163,177.85506,2394.47803,NA,NA,NA
548,5.47,NA,NA,NA,-108.1396,1709.28723,2360.26123,NA,NA,NA,NA,NA,NA,NA,NA,NA,233.74321,1170.89917,2322.32959,NA,NA,NA,NA,NA,NA,NA,NA,NA,NA,NA,NA,296.66458,939.50793,2342.21143,-359.70963,893.70117,2162.21338,-10.16296,1069.80261,2330.85132,-136.20538,1036.10278,2295.21729,NA,NA,NA,100.09908,525.49481,2374.17188,NA,NA,NA,23.50564,176.54843,2394.37817,NA,NA,NA
549,5.48,NA,NA,NA,-110.43847,1709.61389,2367.35498,NA,NA,NA,NA,NA,NA,NA,NA,NA,231.89124,1172.94556,2329.97998,NA,NA,NA,NA,NA,NA,NA,NA,NA,NA,NA,NA,293.56635,942.58533,2353.25342,-363.05917,895.05042,2164.77271,-11.18962,1069.82947,2335.45898,-138.2075,1037.34753,2301.72168,NA,NA,NA,101.03242,525.54785,2373.72314,NA,NA,NA,24.95487,175.20023,2393.7395,NA,NA,NA
550,5.49,NA,NA,NA,-112.94917,1710.69934,2375.55664,NA,NA,NA,NA,NA,NA,NA,NA,NA,229.98694,1174.48193,2337.11719,NA,NA,NA,NA,NA,NA,NA,NA,NA,NA,NA,NA,290.44901,944.62994,2364.09619,-367.45609,896.49286,2167.78174,-12.04562,1071.40015,2341.86157,-140.00098,1038.74207,2309.96704,NA,NA,NA,102.00275,526.34192,2374.15283,NA,NA,NA,25.7466,175.7854,2395.28687,NA,NA,NA
551,5.5,NA,NA,NA,-115.2254,1711.61572,2382.48779,NA,NA,NA,NA,NA,NA,NA,NA,NA,228.06096,1176.00745,2344.79248,NA,NA,NA,NA,NA,NA,NA,NA,NA,NA,NA,NA,286.74127,947.86523,2375.5,-371.46191,897.55585,2172.28711,-13.63523,1071.10608,2346.50464,-142.29279,1039.66614,2316.48389,NA,NA,NA,104.78201,526.05426,2375.33936,NA,NA,NA,29.70365,175.20561,2397.24585,NA,NA,NA
552,5.51,NA,NA,NA,-116.88371,1712.13745,2389.21924,NA,NA,NA,NA,NA,NA,NA,NA,NA,225.46407,1177.78333,2351.70898,NA,NA,NA,NA,NA,NA,NA,NA,NA,NA,NA,NA,283.63797,950.25226,2386.11548,-375.85294,898.32294,2175.07056,-15.0105,1071.75208,2352.39575,-144.30569,1040.39075,2324.1377,NA,NA,NA,105.88672,526.11981,2374.36206,NA,NA,NA,28.48831,174.75943,2396.3894,NA,NA,NA
553,5.52,NA,NA,NA,-119.40752,1712.82397,2396.65137,NA,NA,NA,NA,NA,NA,NA,NA,NA,222.98239,1179.39246,2359.20264,NA,NA,NA,NA,NA,NA,NA,NA,NA,NA,NA,NA,279.66229,953.16766,2398.26343,-379.83578,899.89471,2180.1106,-16.39319,1071.23547,2357.83472,-146.77534,1040.73718,2330.64526,NA,NA,NA,108.19135,522.44708,2370.21411,NA,NA,NA,29.19056,174.07916,2397.0249,NA,NA,NA
554,5.53,NA,NA,NA,-121.07433,1713.38159,2403.22168,NA,NA,NA,NA,NA,NA,NA,NA,NA,220.08986,1180.46948,2365.56079,NA,NA,NA,NA,NA,NA,NA,NA,NA,NA,NA,NA,275.7189,956.03491,2408.64673,-383.94998,900.60858,2183.9812,-18.24231,1070.80786,2362.1521,-149.14813,1040.52271,2337.28027,NA,NA,NA,109.30659,522.73645,2369.07983,NA,NA,NA,31.14048,172.43381,2396.6394,NA,NA,NA
555,5.54,NA,NA,NA,-122.7711,1713.91907,2409.58252,NA,NA,NA,NA,NA,NA,NA,NA,NA,217.61406,1181.14441,2371.41602,NA,NA,NA,NA,NA,NA,NA,NA,NA,NA,NA,NA,270.95663,958.92542,2418.71118,-388.73807,900.87335,2187.5686,-20.32714,1070.14392,2367.16089,-151.89653,1040.14514,2345.40649,NA,NA,NA,111.86763,520.42273,2365.7605,NA,NA,NA,32.08923,171.98602,2398.44116,NA,NA,NA
556,5.55,NA,NA,NA,-124.2847,1714.39807,2415.32446,NA,NA,NA,NA,NA,NA,NA,NA,NA,214.3959,1181.82788,2377.86084,NA,NA,NA,NA,NA,NA,NA,NA,NA,NA,NA,NA,265.64496,963.18945,2430.28564,-393.38821,902.12347,2194.7019,-21.95163,1070.03503,2372.77783,-154.74706,1039.97375,2352.06982,NA,NA,NA,113.49802,519.57941,2363.2959,NA,NA,NA,32.8129,171.49686,2399.01685,NA,NA,NA
557,5.56,NA,NA,NA,-126.05809,1714.70667,2421.36157,NA,NA,NA,NA,NA,NA,NA,NA,NA,211.15051,1182.56567,2382.94556,NA,NA,NA,NA,NA,NA,NA,NA,NA,NA,NA,NA,260.07602,966.85242,2439.58179,-397.90271,902.30884,2199.00708,-24.26564,1069.58887,2377.79126,-157.47884,1038.92957,2359.4043,NA,NA,NA,116.07188,516.50909,2357.72925,NA,NA,NA,34.72651,168.73369,2397.85376,NA,NA,NA
558,5.57,NA,NA,NA,-127.33969,1714.93872,2427.05493,NA,NA,NA,NA,NA,NA,NA,NA,NA,207.69637,1183.36951,2387.44482,NA,NA,NA,NA,NA,NA,NA,NA,NA,NA,NA,NA,255.18271,970.4162,2449.51904,-402.80133,902.68738,2203.75146,-26.52673,1069.0459,2382.10986,-159.43102,1039.22229,2367.21484,NA,NA,NA,116.65612,516.2489,2355.32373,NA,NA,NA,35.20655,169.02481,2398.79028,NA,NA,NA
559,5.58,NA,NA,NA,-129.1198,1714.78613,2431.98364,NA,NA,NA,NA,NA,NA,NA,NA,NA,204.12573,1183.46375,2391.40894,NA,NA,NA,NA,NA,NA,NA,NA,NA,NA,NA,NA,249.86856,974.11359,2457.625,-407.44928,903.57117,2210.4668,-28.31636,1068.43066,2386.44312,-161.50797,1038.19458,2373.02246,NA,NA,NA,117.61798,514.93469,2350.24414,NA,NA,NA,36.91431,168.45181,2399.05005,NA,NA,NA
560,5.59,NA,NA,NA,-130.32933,1715.39172,2437.66113,NA,NA,NA,NA,NA,NA,NA,NA,NA,200.24704,1183.47009,2394.22754,NA,NA,NA,NA,NA,NA,NA,NA,NA,NA,NA,NA,244.26132,977.53021,2465.84717,-411.99789,903.68146,2217.00586,-29.92899,1068.02087,2390.99805,-163.48405,1037.573,2380.9209,NA,NA,NA,116.81728,515.06647,2346.31836,NA,NA,NA,40.46109,169.2312,2401.80444,NA,NA,NA
561,5.6,NA,NA,NA,-132.15263,1715.28955,2442.41895,NA,NA,NA,NA,NA,NA,NA,NA,NA,196.45183,1183.09717,2396.26343,NA,NA,NA,NA,NA,NA,NA,NA,NA,NA,NA,NA,238.65646,981.56604,2473.40747,-416.61554,902.98926,2223.80054,-31.66237,1068.58679,2396.09619,-165.48785,1036.9491,2387.69556,NA,NA,NA,116.84073,512.52289,2340.73486,NA,NA,NA,39.81334,168.70581,2401.02686,NA,NA,NA
562,5.61,NA,NA,NA,-133.87042,1714.89685,2446.82666,NA,NA,NA,NA,NA,NA,NA,NA,NA,192.56949,1182.44788,2398.18799,NA,NA,NA,NA,NA,NA,NA,NA,NA,NA,NA,NA,233.539,984.9342,2479.68823,-421.59326,903.36249,2231.41992,-33.05944,1068.01624,2400.01733,-166.94997,1036.85046,2396.47363,NA,NA,NA,115.83553,512.96686,2336.97632,NA,NA,NA,43.4525,165.40994,2398.54053,NA,NA,NA
563,5.62,NA,NA,NA,-135.54756,1715.53564,2451.86377,NA,NA,NA,NA,NA,NA,NA,NA,NA,188.41217,1181.89722,2398.72559,NA,NA,NA,NA,NA,NA,NA,NA,NA,NA,NA,NA,227.80052,988.23816,2486.05786,-426.4711,903.26483,2238.6521,-34.87317,1067.61304,2404.14941,-168.34274,1036.67065,2403.17017,NA,NA,NA,113.45759,513.16919,2332.77759,NA,NA,NA,43.76551,165.24821,2398.00342,NA,NA,NA
564,5.63,NA,NA,NA,-137.59901,1715.60352,2456.67798,NA,NA,NA,NA,NA,NA,NA,NA,NA,184.54985,1180.44116,2398.98608,NA,NA,NA,NA,NA,NA,NA,NA,NA,NA,NA,NA,222.2626,991.62811,2491.80957,-431.34979,902.10724,2245.59595,-35.74567,1067.41174,2408.08203,-169.59807,1035.92896,2410.7561,NA,NA,NA,111.8928,512.90259,2331.16943,NA,NA,NA,45.83752,166.40265,2398.60962,NA,NA,NA
565,5.64,NA,NA,NA,-139.5401,1714.8866,2460.3479,NA,NA,NA,NA,NA,NA,NA,NA,NA,179.84598,1180.31812,2400.07593,NA,NA,NA,NA,NA,NA,NA,NA,NA,NA,NA,NA,216.51659,994.66382,2497.50806,-436.25143,901.23621,2254.49219,-36.90701,1067.32849,2412.51343,-170.75256,1035.6438,2418.46851,NA,NA,NA,107.65807,513.12946,2329.01611,NA,NA,NA,47.12657,165.69507,2398.39258,NA,NA,NA
566,5.65,NA,NA,NA,-141.92995,1714.98657,2464.3291,NA,NA,NA,NA,NA,NA,NA,NA,NA,175.55386,1179.17212,2399.74609,NA,NA,NA,NA,NA,NA,NA,NA,NA,NA,NA,NA,211.12068,996.13263,2500.33887,-440.88773,901.44617,2263.71606,-38.32132,1067.55847,2415.58032,-172.02684,1034.3811,2426.70825,NA,NA,NA,103.43579,513.19232,2325.89941,NA,NA,NA,49.36138,165.39954,2397.14478,NA,NA,NA
567,5.66,NA,NA,NA,-143.95648,1715.026,2467.78833,NA,NA,NA,NA,NA,NA,NA,NA,NA,170.67426,1178.31567,2398.99829,NA,NA,NA,NA,NA,NA,NA,NA,NA,NA,NA,NA,205.254,998.21985,2504.24731,-444.32227,900.90961,2269.0896,-40.09407,1066.79492,2418.89233,-172.71143,1033.21082,2432.88208,NA,NA,NA,98.90831,512.73254,2324.00562,NA,NA,NA,51.52283,163.85168,2397.10571,NA,NA,NA
568,5.67,NA,NA,NA,-146.3891,1714.15417,2471.52588,NA,NA,NA,NA,NA,NA,NA,NA,NA,165.86293,1177.74243,2397.76392,NA,NA,NA,NA,NA,NA,NA,NA,NA,NA,NA,NA,200.05441,1000.16693,2507.01538,-448.54495,900.01306,2279.88062,-41.8244,1066.37708,2421.8999,-173.82361,1032.62354,2440.84399,NA,NA,NA,93.27988,512.11938,2323.34961,NA,NA,NA,54.49193,162.9745,2395.79272,NA,NA,NA
569,5.68,NA,NA,NA,-148.50937,1714.08362,2474.47021,NA,NA,NA,NA,NA,NA,NA,NA,NA,160.72784,1177.14954,2396.59937,NA,NA,NA,NA,NA,NA,NA,NA,NA,NA,NA,NA,193.89857,1002.29205,2510.08643,-453.2041,899.22833,2291.61353,-44.04251,1066.37292,2424.89575,-175.30179,1031.02734,2447.57324,NA,NA,NA,88.41098,511.22678,2322.21265,NA,NA,NA,57.23698,162.7532,2394.17627,NA,NA,NA
570,5.69,NA,NA,NA,-150.75105,1713.98254,2478.16284,NA,NA,NA,NA,NA,NA,NA,NA,NA,155.2498,1176.82983,2395.24536,NA,NA,NA,NA,NA,NA,NA,NA,NA,NA,NA,NA,187.75664,1003.12762,2511.45703,-458.07956,898.42206,2302.46021,-46.63295,1065.78186,2428.31592,-176.6064,1030.19922,2454.10303,NA,NA,NA,83.77972,511.09039,2324.06348,NA,NA,NA,60.03891,160.80505,2392.50757,NA,NA,NA
571,5.7,NA,NA,NA,-152.98148,1713.6394,2481.40259,NA,NA,NA,NA,NA,NA,NA,NA,NA,149.70084,1176.29895,2392.71045,NA,NA,NA,NA,NA,NA,NA,NA,NA,NA,NA,NA,181.93147,1003.84479,2511.87036,-463.06989,896.90637,2315.09033,-49.28498,1065.96387,2431.05566,-179.11125,1029.35974,2460.91382,NA,NA,NA,78.40759,510.75461,2323.51367,NA,NA,NA,60.94609,158.80269,2389.16528,NA,NA,NA
572,5.71,NA,NA,NA,-155.4281,1713.58447,2484.69702,NA,NA,NA,NA,NA,NA,NA,NA,NA,142.94908,1175.50012,2389.78979,NA,NA,NA,NA,NA,NA,NA,NA,NA,NA,NA,NA,176.16446,1004.62665,2511.33643,-467.73746,896.88824,2328.95898,-52.63248,1064.85852,2432.67822,-181.13083,1028.86963,2466.48682,NA,NA,NA,72.65786,510.69855,2322.98975,NA,NA,NA,64.45175,159.52417,2389.13574,NA,NA,NA
573,5.72,NA,NA,NA,-157.91698,1714.0636,2488.40747,NA,NA,NA,NA,NA,NA,NA,NA,NA,136.51373,1175.19421,2387.24023,NA,NA,NA,NA,NA,NA,NA,NA,NA,NA,NA,NA,170.19818,1004.96027,2510.57275,NA,NA,NA,-56.63713,1064.96082,2435.68164,-183.88379,1028.28174,2472.42651,NA,NA,NA,67.41554,510.66928,2324.37646,NA,NA,NA,66.67707,156.14124,2384.24097,NA,NA,NA
574,5.73,NA,NA,NA,-160.59427,1714.99988,2492.73828,NA,NA,NA,NA,NA,NA,NA,NA,NA,128.78789,1175.00098,2383.85693,NA,NA,NA,NA,NA,NA,NA,NA,NA,NA,NA,NA,163.78044,1005.34387,2509.67871,NA,NA,NA,-60.93145,1065.14197,2438.11841,-187.18411,1029.01819,2478.46094,NA,NA,NA,62.59531,510.15817,2325.7146,NA,NA,NA,67.77378,156.57787,2383.104,NA,NA,NA
575,5.74,NA,NA,NA,-162.75642,1715.53003,2496.49243,NA,NA,NA,NA,NA,NA,NA,NA,NA,121.02006,1174.03381,2379.99243,NA,NA,NA,NA,NA,NA,NA,NA,NA,NA,NA,NA,157.5287,1005.13123,2506.44019,NA,NA,NA,-65.09106,1065.87646,2441.39697,-190.63803,1029.27112,2483.90625,NA,NA,NA,57.41519,510.21814,2327.23657,NA,NA,NA,67.76458,156.24261,2380.36865,NA,NA,NA
576,5.75,NA,NA,NA,-164.99734,1716.42053,2500.56909,NA,NA,NA,NA,NA,NA,NA,NA,NA,113.0357,1174.12341,2377.2251,NA,NA,NA,NA,NA,NA,NA,NA,NA,NA,NA,NA,150.85785,1005.16913,2503.27905,NA,NA,NA,-70.12659,1065.74988,2442.66821,-194.47134,1030.94849,2489.94214,NA,NA,NA,53.85479,510.57675,2329.08276,NA,NA,NA,69.02374,157.11615,2378.60278,NA,NA,NA
577,5.76,NA,NA,NA,NA,NA,NA,NA,NA,NA,NA,NA,NA,NA,NA,NA,104.19093,1174.87976,2374.66968,NA,NA,NA,NA,NA,NA,NA,NA,NA,NA,NA,NA,143.53407,1004.76746,2499.17383,NA,NA,NA,-75.23637,1067.05249,2444.99341,-198.37193,1032.25952,2495.53125,NA,NA,NA,49.53605,510.08826,2328.95825,NA,NA,NA,69.78581,157.96086,2377.1416,NA,NA,NA
578,5.77,NA,NA,NA,NA,NA,NA,NA,NA,NA,NA,NA,NA,NA,NA,NA,95.85613,1174.6593,2371.38403,NA,NA,NA,NA,NA,NA,NA,NA,NA,NA,NA,NA,136.6198,1004.19269,2494.9021,NA,NA,NA,-80.18353,1068.85583,2447.92529,-201.82053,1033.6543,2500.07642,NA,NA,NA,45.30536,511.89609,2331.36938,NA,NA,NA,69.63278,156.73781,2375.19824,NA,NA,NA
579,5.78,NA,NA,NA,NA,NA,NA,NA,NA,NA,NA,NA,NA,NA,NA,NA,87.13896,1174.0282,2368.14771,NA,NA,NA,NA,NA,NA,NA,NA,NA,NA,NA,NA,129.27109,1003.35632,2489.64014,NA,NA,NA,-85.508,1069.93152,2450.38306,-205.6644,1035.7478,2505.08398,NA,NA,NA,41.59761,512.03125,2332.33179,NA,NA,NA,NA,NA,NA,NA,NA,NA
580,5.79,NA,NA,NA,NA,NA,NA,NA,NA,NA,NA,NA,NA,NA,NA,NA,78.64909,1173.15112,2364.76855,NA,NA,NA,NA,NA,NA,NA,NA,NA,NA,NA,NA,121.48519,1001.81085,2484.25195,NA,NA,NA,-90.12992,1071.71228,2453.53931,-209.70195,1037.40686,2510.32983,NA,NA,NA,38.21759,512.66687,2334.177,NA,NA,NA,NA,NA,NA,NA,NA,NA
581,5.8,NA,NA,NA,NA,NA,NA,NA,NA,NA,NA,NA,NA,NA,NA,NA,71.62718,1173.36829,2362.51978,NA,NA,NA,NA,NA,NA,NA,NA,NA,NA,NA,NA,113.54917,1000.05042,2478.90991,NA,NA,NA,NA,NA,NA,-212.9487,1038.71082,2514.37402,NA,NA,NA,33.77305,514.97473,2334.43628,NA,NA,NA,NA,NA,NA,NA,NA,NA
582,5.81,NA,NA,NA,NA,NA,NA,NA,NA,NA,NA,NA,NA,NA,NA,NA,62.96363,1171.14343,2358.76807,NA,NA,NA,NA,NA,NA,NA,NA,NA,NA,NA,NA,105.5092,997.77582,2473.07202,NA,NA,NA,NA,NA,NA,-216.39972,1040.36072,2519.35205,NA,NA,NA,30.53134,516.78436,2336.03149,NA,NA,NA,NA,NA,NA,NA,NA,NA
583,5.82,NA,NA,NA,NA,NA,NA,NA,NA,NA,NA,NA,NA,NA,NA,NA,55.03532,1169.40771,2354.65308,NA,NA,NA,NA,NA,NA,NA,NA,NA,NA,NA,NA,97.06198,994.59485,2467.4209,NA,NA,NA,NA,NA,NA,-219.09485,1041.47852,2523.46924,NA,NA,NA,26.35892,518.77734,2335.95898,NA,NA,NA,NA,NA,NA,NA,NA,NA
584,5.83,NA,NA,NA,NA,NA,NA,NA,NA,NA,NA,NA,NA,NA,NA,NA,46.66117,1167.63647,2350.37134,NA,NA,NA,NA,NA,NA,NA,NA,NA,NA,NA,NA,88.80091,991.44946,2460.6543,NA,NA,NA,NA,NA,NA,-221.54169,1041.62683,2527.32764,NA,NA,NA,22.13804,519.15765,2336.43433,NA,NA,NA,NA,NA,NA,NA,NA,NA
585,5.84,NA,NA,NA,NA,NA,NA,NA,NA,NA,NA,NA,NA,NA,NA,NA,NA,NA,NA,NA,NA,NA,NA,NA,NA,NA,NA,NA,NA,NA,NA,81.03507,986.62122,2453.73877,NA,NA,NA,NA,NA,NA,-223.66284,1042.20337,2531.13013,NA,NA,NA,16.60522,521.55017,2335.30737,NA,NA,NA,NA,NA,NA,NA,NA,NA
586,5.85,NA,NA,NA,NA,NA,NA,NA,NA,NA,NA,NA,NA,NA,NA,NA,NA,NA,NA,NA,NA,NA,NA,NA,NA,NA,NA,NA,NA,NA,NA,72.69901,981.93243,2447.46265,NA,NA,NA,NA,NA,NA,-225.48904,1042.77039,2534.76123,NA,NA,NA,11.18679,522.91339,2334.48901,NA,NA,NA,NA,NA,NA,NA,NA,NA
587,5.86,NA,NA,NA,NA,NA,NA,NA,NA,NA,NA,NA,NA,NA,NA,NA,NA,NA,NA,NA,NA,NA,NA,NA,NA,NA,NA,NA,NA,NA,NA,63.80122,976.1825,2439.58765,NA,NA,NA,NA,NA,NA,-226.94913,1043.1687,2538.59302,NA,NA,NA,5.22243,525.10175,2333.82593,NA,NA,NA,NA,NA,NA,NA,NA,NA
588,5.87,NA,NA,NA,NA,NA,NA,NA,NA,NA,NA,NA,NA,NA,NA,NA,NA,NA,NA,NA,NA,NA,NA,NA,NA,NA,NA,NA,NA,NA,NA,55.36644,970.93243,2432.71484,NA,NA,NA,NA,NA,NA,-227.08986,1043.61096,2540.67407,NA,NA,NA,-1.80247,527.13611,2332.77856,NA,NA,NA,NA,NA,NA,NA,NA,NA
589,5.88,NA,NA,NA,NA,NA,NA,NA,NA,NA,NA,NA,NA,NA,NA,NA,NA,NA,NA,NA,NA,NA,NA,NA,NA,NA,NA,NA,NA,NA,NA,46.18909,964.30719,2424.38794,NA,NA,NA,NA,NA,NA,-228.01717,1044.74109,2544.44556,NA,NA,NA,-9.93927,527.41052,2331.12988,NA,NA,NA,NA,NA,NA,NA,NA,NA
590,5.89,NA,NA,NA,NA,NA,NA,NA,NA,NA,NA,NA,NA,NA,NA,NA,NA,NA,NA,NA,NA,NA,NA,NA,NA,NA,NA,NA,NA,NA,NA,36.88198,958.30774,2416.64624,NA,NA,NA,NA,NA,NA,-228.10951,1046.04956,2546.92065,NA,NA,NA,-17.72545,529.23846,2329.87769,NA,NA,NA,NA,NA,NA,NA,NA,NA
591,5.9,NA,NA,NA,NA,NA,NA,NA,NA,NA,NA,NA,NA,NA,NA,NA,NA,NA,NA,NA,NA,NA,NA,NA,NA,NA,NA,NA,NA,NA,NA,27.37264,952.66791,2408.36768,NA,NA,NA,NA,NA,NA,-227.84792,1047.13098,2549.34009,NA,NA,NA,-27.10835,529.95142,2327.9751,NA,NA,NA,NA,NA,NA,NA,NA,NA
592,5.91,NA,NA,NA,NA,NA,NA,NA,NA,NA,NA,NA,NA,NA,NA,NA,NA,NA,NA,NA,NA,NA,NA,NA,NA,NA,NA,NA,NA,NA,NA,17.11182,946.6048,2400.41992,NA,NA,NA,NA,NA,NA,-227.93633,1048.44849,2551.61377,NA,NA,NA,-37.09995,530.52826,2322.90112,NA,NA,NA,NA,NA,NA,NA,NA,NA
593,5.92,NA,NA,NA,NA,NA,NA,NA,NA,NA,NA,NA,NA,NA,NA,NA,NA,NA,NA,NA,NA,NA,NA,NA,NA,NA,NA,NA,NA,NA,NA,7.57565,940.61578,2391.41748,NA,NA,NA,NA,NA,NA,-227.93332,1049.76489,2553.55713,NA,NA,NA,-46.79755,530.3761,2320.41357,NA,NA,NA,NA,NA,NA,NA,NA,NA
594,5.93,NA,NA,NA,NA,NA,NA,NA,NA,NA,NA,NA,NA,NA,NA,NA,NA,NA,NA,NA,NA,NA,NA,NA,NA,NA,NA,NA,NA,NA,NA,-2.25989,936.16467,2383.21362,NA,NA,NA,NA,NA,NA,-227.42079,1050.56921,2554.79321,NA,NA,NA,-56.96133,530.0744,2317.35791,NA,NA,NA,NA,NA,NA,NA,NA,NA
595,5.94,NA,NA,NA,NA,NA,NA,NA,NA,NA,NA,NA,NA,NA,NA,NA,NA,NA,NA,NA,NA,NA,NA,NA,NA,NA,NA,NA,NA,NA,NA,NA,NA,NA,NA,NA,NA,NA,NA,NA,-227.00587,1051.18774,2555.80957,NA,NA,NA,-67.33113,528.94958,2314.98364,NA,NA,NA,NA,NA,NA,NA,NA,NA
596,5.95,NA,NA,NA,NA,NA,NA,NA,NA,NA,NA,NA,NA,NA,NA,NA,NA,NA,NA,NA,NA,NA,NA,NA,NA,NA,NA,NA,NA,NA,NA,NA,NA,NA,NA,NA,NA,NA,NA,NA,-227.10925,1052.13403,2557.57666,NA,NA,NA,-78.97079,528.32465,2310.46411,NA,NA,NA,NA,NA,NA,NA,NA,NA
597,5.96,NA,NA,NA,NA,NA,NA,NA,NA,NA,NA,NA,NA,NA,NA,NA,NA,NA,NA,NA,NA,NA,NA,NA,NA,NA,NA,NA,NA,NA,NA,NA,NA,NA,NA,NA,NA,NA,NA,NA,-226.71617,1052.75391,2558.52222,NA,NA,NA,-90.97997,526.72693,2306.1145,NA,NA,NA,NA,NA,NA,NA,NA,NA
598,5.97,NA,NA,NA,NA,NA,NA,NA,NA,NA,NA,NA,NA,NA,NA,NA,NA,NA,NA,NA,NA,NA,NA,NA,NA,NA,NA,NA,NA,NA,NA,NA,NA,NA,NA,NA,NA,NA,NA,NA,-226.1647,1053.30432,2559.23267,NA,NA,NA,-104.62611,524.90314,2303.81348,NA,NA,NA,NA,NA,NA,NA,NA,NA
599,5.98,NA,NA,NA,NA,NA,NA,NA,NA,NA,NA,NA,NA,NA,NA,NA,NA,NA,NA,NA,NA,NA,NA,NA,NA,NA,NA,NA,NA,NA,NA,NA,NA,NA,NA,NA,NA,NA,NA,NA,-225.47556,1053.89514,2559.70776,NA,NA,NA,-115.59486,524.39001,2298.14014,NA,NA,NA,NA,NA,NA,NA,NA,NA
600,5.99,NA,NA,NA,NA,NA,NA,NA,NA,NA,NA,NA,NA,NA,NA,NA,NA,NA,NA,NA,NA,NA,NA,NA,NA,NA,NA,NA,NA,NA,NA,NA,NA,NA,NA,NA,NA,NA,NA,NA,-225.03165,1054.62891,2560.76074,NA,NA,NA,-129.92015,520.89996,2301.25293,NA,NA,NA,NA,NA,NA,NA,NA,NA
601,6,NA,NA,NA,NA,NA,NA,NA,NA,NA,NA,NA,NA,NA,NA,NA,NA,NA,NA,NA,NA,NA,NA,NA,NA,NA,NA,NA,NA,NA,NA,NA,NA,NA,NA,NA,NA,NA,NA,NA,-224.05956,1055.03223,2560.96313,NA,NA,NA,-142.54399,522.20392,2290.2063,NA,NA,NA,NA,NA,NA,NA,NA,NA
602,6.01,NA,NA,NA,NA,NA,NA,NA,NA,NA,NA,NA,NA,NA,NA,NA,NA,NA,NA,NA,NA,NA,NA,NA,NA,NA,NA,NA,NA,NA,NA,NA,NA,NA,NA,NA,NA,NA,NA,NA,-222.89888,1055.01526,2560.09912,NA,NA,NA,-157.56288,519.87799,2291.96021,NA,NA,NA,NA,NA,NA,NA,NA,NA
603,6.02,NA,NA,NA,NA,NA,NA,NA,NA,NA,NA,NA,NA,NA,NA,NA,NA,NA,NA,NA,NA,NA,NA,NA,NA,NA,NA,NA,NA,NA,NA,NA,NA,NA,NA,NA,NA,NA,NA,NA,-222.29807,1056.09692,2559.80273,NA,NA,NA,-171.80583,519.703,2290.71289,NA,NA,NA,NA,NA,NA,NA,NA,NA
604,6.03,NA,NA,NA,NA,NA,NA,NA,NA,NA,NA,NA,NA,NA,NA,NA,NA,NA,NA,NA,NA,NA,NA,NA,NA,NA,NA,NA,NA,NA,NA,NA,NA,NA,NA,NA,NA,NA,NA,NA,-221.11884,1056.64172,2558.95483,NA,NA,NA,-185.3244,518.1803,2292.04785,NA,NA,NA,NA,NA,NA,NA,NA,NA
605,6.04,NA,NA,NA,NA,NA,NA,NA,NA,NA,NA,NA,NA,NA,NA,NA,NA,NA,NA,NA,NA,NA,NA,NA,NA,NA,NA,NA,NA,NA,NA,NA,NA,NA,NA,NA,NA,NA,NA,NA,-219.31117,1057.36023,2558.44434,NA,NA,NA,-198.362,517.28687,2292.24097,NA,NA,NA,NA,NA,NA,NA,NA,NA
606,6.05,NA,NA,NA,NA,NA,NA,NA,NA,NA,NA,NA,NA,NA,NA,NA,NA,NA,NA,NA,NA,NA,NA,NA,NA,NA,NA,NA,NA,NA,NA,NA,NA,NA,NA,NA,NA,NA,NA,NA,NA,NA,NA,NA,NA,NA,-211.03026,516.11292,2290.65112,NA,NA,NA,NA,NA,NA,NA,NA,NA
607,6.06,NA,NA,NA,NA,NA,NA,NA,NA,NA,NA,NA,NA,NA,NA,NA,NA,NA,NA,NA,NA,NA,NA,NA,NA,NA,NA,NA,NA,NA,NA,NA,NA,NA,NA,NA,NA,NA,NA,NA,NA,NA,NA,NA,NA,NA,-223.24879,515.11633,2288.3938,NA,NA,NA,NA,NA,NA,NA,NA,NA
608,6.07,NA,NA,NA,NA,NA,NA,NA,NA,NA,NA,NA,NA,NA,NA,NA,NA,NA,NA,NA,NA,NA,NA,NA,NA,NA,NA,NA,NA,NA,NA,NA,NA,NA,NA,NA,NA,NA,NA,NA,NA,NA,NA,NA,NA,NA,-234.86382,512.36145,2294.27271,NA,NA,NA,NA,NA,NA,NA,NA,NA
609,6.08,NA,NA,NA,NA,NA,NA,NA,NA,NA,NA,NA,NA,NA,NA,NA,NA,NA,NA,NA,NA,NA,NA,NA,NA,NA,NA,NA,NA,NA,NA,NA,NA,NA,NA,NA,NA,NA,NA,NA,NA,NA,NA,NA,NA,NA,-245.64322,511.63297,2291.86206,NA,NA,NA,NA,NA,NA,NA,NA,NA
610,6.09,NA,NA,NA,NA,NA,NA,NA,NA,NA,NA,NA,NA,NA,NA,NA,NA,NA,NA,NA,NA,NA,NA,NA,NA,NA,NA,NA,NA,NA,NA,NA,NA,NA,NA,NA,NA,NA,NA,NA,NA,NA,NA,NA,NA,NA,-256.26904,510.57089,2295.34595,NA,NA,NA,NA,NA,NA,NA,NA,NA
611,6.1,NA,NA,NA,NA,NA,NA,NA,NA,NA,NA,NA,NA,NA,NA,NA,NA,NA,NA,NA,NA,NA,NA,NA,NA,NA,NA,NA,NA,NA,NA,NA,NA,NA,NA,NA,NA,NA,NA,NA,NA,NA,NA,NA,NA,NA,-265.84561,512.63367,2290.40845,NA,NA,NA,NA,NA,NA,NA,NA,NA
612,6.11,NA,NA,NA,NA,NA,NA,NA,NA,NA,NA,NA,NA,NA,NA,NA,NA,NA,NA,NA,NA,NA,NA,NA,NA,NA,NA,NA,NA,NA,NA,NA,NA,NA,NA,NA,NA,NA,NA,NA,NA,NA,NA,NA,NA,NA,-274.97437,513.6701,2291.29712,NA,NA,NA,NA,NA,NA,NA,NA,NA
613,6.12,NA,NA,NA,NA,NA,NA,NA,NA,NA,NA,NA,NA,NA,NA,NA,NA,NA,NA,NA,NA,NA,NA,NA,NA,NA,NA,NA,NA,NA,NA,NA,NA,NA,NA,NA,NA,NA,NA,NA,NA,NA,NA,NA,NA,NA,-284.86374,515.43994,2288.39697,NA,NA,NA,NA,NA,NA,NA,NA,NA
614,6.13,NA,NA,NA,NA,NA,NA,NA,NA,NA,NA,NA,NA,NA,NA,NA,NA,NA,NA,NA,NA,NA,NA,NA,NA,NA,NA,NA,NA,NA,NA,NA,NA,NA,NA,NA,NA,NA,NA,NA,NA,NA,NA,NA,NA,NA,-292.83075,514.66071,2289.68164,NA,NA,NA,NA,NA,NA,NA,NA,NA
615,6.14,NA,NA,NA,NA,NA,NA,NA,NA,NA,NA,NA,NA,NA,NA,NA,NA,NA,NA,NA,NA,NA,NA,NA,NA,NA,NA,NA,NA,NA,NA,NA,NA,NA,NA,NA,NA,NA,NA,NA,NA,NA,NA,NA,NA,NA,-302.15698,516.40948,2285.99536,NA,NA,NA,NA,NA,NA,NA,NA,NA
616,6.15,NA,NA,NA,NA,NA,NA,NA,NA,NA,NA,NA,NA,NA,NA,NA,NA,NA,NA,NA,NA,NA,NA,NA,NA,NA,NA,NA,NA,NA,NA,NA,NA,NA,NA,NA,NA,NA,NA,NA,NA,NA,NA,NA,NA,NA,-311.30563,517.06,2286.85864,NA,NA,NA,NA,NA,NA,NA,NA,NA
617,6.16,NA,NA,NA,NA,NA,NA,NA,NA,NA,NA,NA,NA,NA,NA,NA,NA,NA,NA,NA,NA,NA,NA,NA,NA,NA,NA,NA,NA,NA,NA,NA,NA,NA,NA,NA,NA,NA,NA,NA,NA,NA,NA,NA,NA,NA,-319.90503,517.49799,2284.13159,NA,NA,NA,NA,NA,NA,NA,NA,NA
618,6.17,NA,NA,NA,NA,NA,NA,NA,NA,NA,NA,NA,NA,NA,NA,NA,NA,NA,NA,NA,NA,NA,NA,NA,NA,NA,NA,NA,NA,NA,NA,NA,NA,NA,NA,NA,NA,NA,NA,NA,NA,NA,NA,NA,NA,NA,-330.13004,519.21753,2281.60596,NA,NA,NA,NA,NA,NA,NA,NA,NA
619,6.18,NA,NA,NA,NA,NA,NA,NA,NA,NA,NA,NA,NA,NA,NA,NA,NA,NA,NA,NA,NA,NA,NA,NA,NA,NA,NA,NA,NA,NA,NA,NA,NA,NA,NA,NA,NA,NA,NA,NA,NA,NA,NA,NA,NA,NA,-341.19205,520.61646,2280.19189,NA,NA,NA,NA,NA,NA,NA,NA,NA
620,6.19,NA,NA,NA,NA,NA,NA,NA,NA,NA,NA,NA,NA,NA,NA,NA,NA,NA,NA,NA,NA,NA,NA,NA,NA,NA,NA,NA,NA,NA,NA,NA,NA,NA,NA,NA,NA,NA,NA,NA,NA,NA,NA,NA,NA,NA,-352.34497,521.90295,2277.27466,NA,NA,NA,NA,NA,NA,NA,NA,NA
621,6.2,NA,NA,NA,NA,NA,NA,NA,NA,NA,NA,NA,NA,NA,NA,NA,NA,NA,NA,NA,NA,NA,NA,NA,NA,NA,NA,NA,NA,NA,NA,NA,NA,NA,NA,NA,NA,NA,NA,NA,NA,NA,NA,NA,NA,NA,-363.86896,522.40015,2275.24097,NA,NA,NA,NA,NA,NA,NA,NA,NA
622,6.21,NA,NA,NA,NA,NA,NA,NA,NA,NA,NA,NA,NA,NA,NA,NA,NA,NA,NA,NA,NA,NA,NA,NA,NA,NA,NA,NA,NA,NA,NA,NA,NA,NA,NA,NA,NA,NA,NA,NA,NA,NA,NA,NA,NA,NA,-375.95721,522.86804,2278.44482,NA,NA,NA,NA,NA,NA,NA,NA,NA
623,6.22,NA,NA,NA,NA,NA,NA,NA,NA,NA,NA,NA,NA,NA,NA,NA,NA,NA,NA,NA,NA,NA,NA,NA,NA,NA,NA,NA,NA,NA,NA,NA,NA,NA,NA,NA,NA,NA,NA,NA,NA,NA,NA,NA,NA,NA,-388.07214,524.83154,2276.58813,NA,NA,NA,NA,NA,NA,NA,NA,NA
624,6.23,NA,NA,NA,NA,NA,NA,NA,NA,NA,NA,NA,NA,NA,NA,NA,NA,NA,NA,NA,NA,NA,NA,NA,NA,NA,NA,NA,NA,NA,NA,NA,NA,NA,NA,NA,NA,NA,NA,NA,NA,NA,NA,NA,NA,NA,-399.86346,527.87885,2274.79834,NA,NA,NA,NA,NA,NA,NA,NA,NA
625,6.24,NA,NA,NA,NA,NA,NA,NA,NA,NA,NA,NA,NA,NA,NA,NA,NA,NA,NA,NA,NA,NA,NA,NA,NA,NA,NA,NA,NA,NA,NA,NA,NA,NA,NA,NA,NA,NA,NA,NA,NA,NA,NA,NA,NA,NA,-411.47037,529.56042,2274.49194,NA,NA,NA,NA,NA,NA,NA,NA,NA
626,6.25,NA,NA,NA,NA,NA,NA,NA,NA,NA,NA,NA,NA,NA,NA,NA,NA,NA,NA,NA,NA,NA,NA,NA,NA,NA,NA,NA,NA,NA,NA,NA,NA,NA,NA,NA,NA,NA,NA,NA,NA,NA,NA,NA,NA,NA,-422.31235,530.90515,2275.98828,NA,NA,NA,NA,NA,NA,NA,NA,NA
627,6.26,NA,NA,NA,NA,NA,NA,NA,NA,NA,NA,NA,NA,NA,NA,NA,NA,NA,NA,NA,NA,NA,NA,NA,NA,NA,NA,NA,NA,NA,NA,NA,NA,NA,NA,NA,NA,NA,NA,NA,NA,NA,NA,NA,NA,NA,-431.87845,531.54608,2278.82861,NA,NA,NA,NA,NA,NA,NA,NA,NA
628,6.27,NA,NA,NA,NA,NA,NA,NA,NA,NA,NA,NA,NA,NA,NA,NA,NA,NA,NA,NA,NA,NA,NA,NA,NA,NA,NA,NA,NA,NA,NA,NA,NA,NA,NA,NA,NA,NA,NA,NA,NA,NA,NA,NA,NA,NA,-441.5708,535.08289,2274.3396,NA,NA,NA,NA,NA,NA,NA,NA,NA
629,6.28,NA,NA,NA,NA,NA,NA,NA,NA,NA,NA,NA,NA,NA,NA,NA,NA,NA,NA,NA,NA,NA,NA,NA,NA,NA,NA,NA,NA,NA,NA,NA,NA,NA,NA,NA,NA,NA,NA,NA,NA,NA,NA,NA,NA,NA,-449.67905,532.95929,2284.02905,NA,NA,NA,NA,NA,NA,NA,NA,NA
630,6.29,NA,NA,NA,NA,NA,NA,NA,NA,NA,NA,NA,NA,NA,NA,NA,NA,NA,NA,NA,NA,NA,NA,NA,NA,NA,NA,NA,NA,NA,NA,NA,NA,NA,NA,NA,NA,NA,NA,NA,NA,NA,NA,NA,NA,NA,-457.09824,535.18463,2282.12573,NA,NA,NA,NA,NA,NA,NA,NA,NA
631,6.3,NA,NA,NA,NA,NA,NA,NA,NA,NA,NA,NA,NA,NA,NA,NA,NA,NA,NA,NA,NA,NA,NA,NA,NA,NA,NA,NA,NA,NA,NA,NA,NA,NA,NA,NA,NA,NA,NA,NA,NA,NA,NA,NA,NA,NA,-463.90216,535.25238,2283.6062,NA,NA,NA,NA,NA,NA,NA,NA,NA
632,6.31,NA,NA,NA,NA,NA,NA,NA,NA,NA,NA,NA,NA,NA,NA,NA,NA,NA,NA,NA,NA,NA,NA,NA,NA,NA,NA,NA,NA,NA,NA,NA,NA,NA,NA,NA,NA,NA,NA,NA,NA,NA,NA,NA,NA,NA,-470.55969,535.00806,2283.71167,NA,NA,NA,NA,NA,NA,NA,NA,NA
633,6.32,NA,NA,NA,NA,NA,NA,NA,NA,NA,NA,NA,NA,NA,NA,NA,NA,NA,NA,NA,NA,NA,NA,NA,NA,NA,NA,NA,NA,NA,NA,NA,NA,NA,NA,NA,NA,NA,NA,NA,NA,NA,NA,NA,NA,NA,-476.73975,533.92059,2289.47412,NA,NA,NA,NA,NA,NA,NA,NA,NA
634,6.33,NA,NA,NA,NA,NA,NA,NA,NA,NA,NA,NA,NA,NA,NA,NA,NA,NA,NA,NA,NA,NA,NA,NA,NA,NA,NA,NA,NA,NA,NA,NA,NA,NA,NA,NA,NA,NA,NA,NA,NA,NA,NA,NA,NA,NA,-483.05048,533.29346,2292.35938,NA,NA,NA,NA,NA,NA,NA,NA,NA
635,6.34,NA,NA,NA,NA,NA,NA,NA,NA,NA,NA,NA,NA,NA,NA,NA,NA,NA,NA,NA,NA,NA,NA,NA,NA,NA,NA,NA,NA,NA,NA,NA,NA,NA,NA,NA,NA,NA,NA,NA,NA,NA,NA,NA,NA,NA,-489.39557,531.07562,2298.24683,NA,NA,NA,NA,NA,NA,NA,NA,NA
636,6.35,NA,NA,NA,NA,NA,NA,NA,NA,NA,NA,NA,NA,NA,NA,NA,NA,NA,NA,NA,NA,NA,NA,NA,NA,NA,NA,NA,NA,NA,NA,NA,NA,NA,NA,NA,NA,NA,NA,NA,NA,NA,NA,NA,NA,NA,-496.09372,532.28809,2297.82349,NA,NA,NA,NA,NA,NA,NA,NA,NA
637,6.36,NA,NA,NA,NA,NA,NA,NA,NA,NA,NA,NA,NA,NA,NA,NA,NA,NA,NA,NA,NA,NA,NA,NA,NA,NA,NA,NA,NA,NA,NA,NA,NA,NA,NA,NA,NA,NA,NA,NA,NA,NA,NA,NA,NA,NA,-501.50363,529.15204,2307.28931,NA,NA,NA,NA,NA,NA,NA,NA,NA
638,6.37,NA,NA,NA,NA,NA,NA,NA,NA,NA,NA,NA,NA,NA,NA,NA,NA,NA,NA,NA,NA,NA,NA,NA,NA,NA,NA,NA,NA,NA,NA,NA,NA,NA,NA,NA,NA,NA,NA,NA,NA,NA,NA,NA,NA,NA,-507.05603,530.31812,2307.7915,NA,NA,NA,NA,NA,NA,NA,NA,NA
639,6.38,NA,NA,NA,NA,NA,NA,NA,NA,NA,NA,NA,NA,NA,NA,NA,NA,NA,NA,NA,NA,NA,NA,NA,NA,NA,NA,NA,NA,NA,NA,NA,NA,NA,NA,NA,NA,NA,NA,NA,NA,NA,NA,NA,NA,NA,-512.43024,529.81885,2312.8208,NA,NA,NA,NA,NA,NA,NA,NA,NA
640,6.39,NA,NA,NA,NA,NA,NA,NA,NA,NA,NA,NA,NA,NA,NA,NA,NA,NA,NA,NA,NA,NA,NA,NA,NA,NA,NA,NA,NA,NA,NA,NA,NA,NA,NA,NA,NA,NA,NA,NA,NA,NA,NA,NA,NA,NA,-517.41821,527.62561,2319.28711,NA,NA,NA,NA,NA,NA,NA,NA,NA
641,6.4,NA,NA,NA,NA,NA,NA,NA,NA,NA,NA,NA,NA,NA,NA,NA,NA,NA,NA,NA,NA,NA,NA,NA,NA,NA,NA,NA,NA,NA,NA,NA,NA,NA,NA,NA,NA,NA,NA,NA,NA,NA,NA,NA,NA,NA,-521.42865,527.09326,2323.02832,NA,NA,NA,NA,NA,NA,NA,NA,NA
642,6.41,NA,NA,NA,NA,NA,NA,NA,NA,NA,NA,NA,NA,NA,NA,NA,NA,NA,NA,NA,NA,NA,NA,NA,NA,NA,NA,NA,NA,NA,NA,NA,NA,NA,NA,NA,NA,NA,NA,NA,NA,NA,NA,NA,NA,NA,-525.05322,525.93951,2327.70605,NA,NA,NA,NA,NA,NA,NA,NA,NA
643,6.42,NA,NA,NA,NA,NA,NA,NA,NA,NA,NA,NA,NA,NA,NA,NA,NA,NA,NA,NA,NA,NA,NA,NA,NA,NA,NA,NA,NA,NA,NA,NA,NA,NA,NA,NA,NA,NA,NA,NA,NA,NA,NA,NA,NA,NA,-529.27307,526.29242,2335.47168,NA,NA,NA,NA,NA,NA,NA,NA,NA
644,6.43,NA,NA,NA,NA,NA,NA,NA,NA,NA,NA,NA,NA,NA,NA,NA,NA,NA,NA,NA,NA,NA,NA,NA,NA,NA,NA,NA,NA,NA,NA,NA,NA,NA,NA,NA,NA,NA,NA,NA,NA,NA,NA,NA,NA,NA,-531.47449,526.11658,2338.29224,NA,NA,NA,NA,NA,NA,NA,NA,NA
645,6.44,NA,NA,NA,NA,NA,NA,NA,NA,NA,NA,NA,NA,NA,NA,NA,NA,NA,NA,NA,NA,NA,NA,NA,NA,NA,NA,NA,NA,NA,NA,NA,NA,NA,NA,NA,NA,NA,NA,NA,NA,NA,NA,NA,NA,NA,-534.47937,526.13812,2347.59644,NA,NA,NA,NA,NA,NA,NA,NA,NA
646,6.45,NA,NA,NA,NA,NA,NA,NA,NA,NA,NA,NA,NA,NA,NA,NA,NA,NA,NA,NA,NA,NA,NA,NA,NA,NA,NA,NA,NA,NA,NA,NA,NA,NA,NA,NA,NA,NA,NA,NA,NA,NA,NA,NA,NA,NA,-535.81372,526.09802,2354.2854,NA,NA,NA,NA,NA,NA,NA,NA,NA
647,6.46,NA,NA,NA,NA,NA,NA,NA,NA,NA,NA,NA,NA,NA,NA,NA,NA,NA,NA,NA,NA,NA,NA,NA,NA,NA,NA,NA,NA,NA,NA,NA,NA,NA,NA,NA,NA,NA,NA,NA,NA,NA,NA,NA,NA,NA,-536.55267,527.48401,2358.03589,NA,NA,NA,NA,NA,NA,NA,NA,NA
648,6.47,NA,NA,NA,NA,NA,NA,NA,NA,NA,NA,NA,NA,NA,NA,NA,NA,NA,NA,NA,NA,NA,NA,NA,NA,NA,NA,NA,NA,NA,NA,NA,NA,NA,NA,NA,NA,NA,NA,NA,NA,NA,NA,NA,NA,NA,-537.08234,527.47101,2366.32861,NA,NA,NA,NA,NA,NA,NA,NA,NA
649,6.48,NA,NA,NA,NA,NA,NA,NA,NA,NA,NA,NA,NA,NA,NA,NA,NA,NA,NA,NA,NA,NA,NA,NA,NA,NA,NA,NA,NA,NA,NA,NA,NA,NA,NA,NA,NA,NA,NA,NA,NA,NA,NA,NA,NA,NA,-536.78918,528.42932,2370.90942,NA,NA,NA,NA,NA,NA,NA,NA,NA
650,6.49,NA,NA,NA,NA,NA,NA,NA,NA,NA,NA,NA,NA,NA,NA,NA,NA,NA,NA,NA,NA,NA,NA,NA,NA,NA,NA,NA,NA,NA,NA,NA,NA,NA,NA,NA,NA,NA,NA,NA,NA,NA,NA,NA,NA,NA,-536.66882,529.13757,2377.64893,NA,NA,NA,NA,NA,NA,NA,NA,NA
651,6.5,NA,NA,NA,NA,NA,NA,NA,NA,NA,NA,NA,NA,NA,NA,NA,NA,NA,NA,NA,NA,NA,NA,NA,NA,NA,NA,NA,NA,NA,NA,NA,NA,NA,NA,NA,NA,NA,NA,NA,NA,NA,NA,NA,NA,NA,-535.71973,528.80011,2384.55151,NA,NA,NA,NA,NA,NA,NA,NA,NA
652,6.51,NA,NA,NA,NA,NA,NA,NA,NA,NA,NA,NA,NA,NA,NA,NA,NA,NA,NA,NA,NA,NA,NA,NA,NA,NA,NA,NA,NA,NA,NA,NA,NA,NA,NA,NA,NA,NA,NA,NA,NA,NA,NA,NA,NA,NA,-534.80652,527.77856,2395.86475,NA,NA,NA,NA,NA,NA,NA,NA,NA
653,6.52,NA,NA,NA,NA,NA,NA,NA,NA,NA,NA,NA,NA,NA,NA,NA,NA,NA,NA,NA,NA,NA,NA,NA,NA,NA,NA,NA,NA,NA,NA,NA,NA,NA,NA,NA,NA,NA,NA,NA,NA,NA,NA,NA,NA,NA,-533.27484,528.97302,2399.74854,NA,NA,NA,NA,NA,NA,NA,NA,NA
654,6.53,NA,NA,NA,NA,NA,NA,NA,NA,NA,NA,NA,NA,NA,NA,NA,NA,NA,NA,NA,NA,NA,NA,NA,NA,NA,NA,NA,NA,NA,NA,NA,NA,NA,NA,NA,NA,NA,NA,NA,NA,NA,NA,NA,NA,NA,-531.72974,530.79901,2399.42822,NA,NA,NA,NA,NA,NA,NA,NA,NA
655,6.54,NA,NA,NA,NA,NA,NA,NA,NA,NA,NA,NA,NA,NA,NA,NA,NA,NA,NA,NA,NA,NA,NA,NA,NA,NA,NA,NA,NA,NA,NA,NA,NA,NA,NA,NA,NA,NA,NA,NA,NA,NA,NA,NA,NA,NA,-531.08813,529.98462,2406.78979,NA,NA,NA,NA,NA,NA,NA,NA,NA
656,6.55,NA,NA,NA,NA,NA,NA,NA,NA,NA,NA,NA,NA,NA,NA,NA,NA,NA,NA,NA,NA,NA,NA,NA,NA,NA,NA,NA,NA,NA,NA,NA,NA,NA,NA,NA,NA,NA,NA,NA,NA,NA,NA,NA,NA,NA,NA,NA,NA,NA,NA,NA,NA,NA,NA,NA,NA,NA
657,6.56,NA,NA,NA,NA,NA,NA,NA,NA,NA,NA,NA,NA,NA,NA,NA,NA,NA,NA,NA,NA,NA,NA,NA,NA,NA,NA,NA,NA,NA,NA,NA,NA,NA,NA,NA,NA,NA,NA,NA,NA,NA,NA,NA,NA,NA,NA,NA,NA,NA,NA,NA,NA,NA,NA,NA,NA,NA
658,6.57,NA,NA,NA,NA,NA,NA,NA,NA,NA,NA,NA,NA,NA,NA,NA,NA,NA,NA,NA,NA,NA,NA,NA,NA,NA,NA,NA,NA,NA,NA,NA,NA,NA,NA,NA,NA,NA,NA,NA,NA,NA,NA,NA,NA,NA,NA,NA,NA,NA,NA,NA,NA,NA,NA,NA,NA,NA
659,6.58,NA,NA,NA,NA,NA,NA,NA,NA,NA,NA,NA,NA,NA,NA,NA,NA,NA,NA,NA,NA,NA,NA,NA,NA,NA,NA,NA,NA,NA,NA,NA,NA,NA,NA,NA,NA,NA,NA,NA,NA,NA,NA,NA,NA,NA,NA,NA,NA,NA,NA,NA,NA,NA,NA,NA,NA,NA
660,6.59,NA,NA,NA,NA,NA,NA,NA,NA,NA,NA,NA,NA,NA,NA,NA,NA,NA,NA,NA,NA,NA,NA,NA,NA,NA,NA,NA,NA,NA,NA,NA,NA,NA,NA,NA,NA,NA,NA,NA,NA,NA,NA,NA,NA,NA,NA,NA,NA,NA,NA,NA,NA,NA,NA,NA,NA,NA
661,6.6,NA,NA,NA,NA,NA,NA,NA,NA,NA,NA,NA,NA,NA,NA,NA,NA,NA,NA,NA,NA,NA,NA,NA,NA,NA,NA,NA,NA,NA,NA,NA,NA,NA,NA,NA,NA,NA,NA,NA,NA,NA,NA,NA,NA,NA,NA,NA,NA,NA,NA,NA,NA,NA,NA,NA,NA,NA
662,6.61,NA,NA,NA,NA,NA,NA,NA,NA,NA,NA,NA,NA,NA,NA,NA,NA,NA,NA,NA,NA,NA,NA,NA,NA,NA,NA,NA,NA,NA,NA,NA,NA,NA,NA,NA,NA,NA,NA,NA,NA,NA,NA,NA,NA,NA,NA,NA,NA,NA,NA,NA,NA,NA,NA,NA,NA,NA
663,6.62,NA,NA,NA,NA,NA,NA,NA,NA,NA,NA,NA,NA,NA,NA,NA,NA,NA,NA,NA,NA,NA,NA,NA,NA,NA,NA,NA,NA,NA,NA,NA,NA,NA,NA,NA,NA,NA,NA,NA,NA,NA,NA,NA,NA,NA,NA,NA,NA,NA,NA,NA,NA,NA,NA,NA,NA,NA
