"Frame","Time","Headset_Front_X","Headset_Front_Y","Headset_Front_Z","Headset_Back_X","Headset_Back_Y","Headset_Back_Z","Headset_Left_X","Headset_Left_Y","Headset_Left_Z","Headset_Right_X","Headset_Right_Y","Headset_Right_Z","Left_Shoulder_X","Left_Shoulder_Y","Left_Shoulder_Z","Right_Shoulder_X","Right_Shoulder_Y","Right_Shoulder_Z","Sternum_X","Sternum_Y","Sternum_Z","C7_X","C7_Y","C7_Z","Left Elbow_X","Left Elbow_Y","Left Elbow_Z","Right Elbow_X","Right Elbow_Y","Right Elbow_Z","Left Wrist_X","Left Wrist_Y","Left Wrist_Z","Right Wrist_X","Right Wrist_Y","Right Wrist_Z","Left ASIS_X","Left ASIS_Y","Left ASIS_Z","Right ASIS_X","Right ASIS_Y","Right ASIS_Z","S2_X","S2_Y","S2_Z","Left Knee_X","Left Knee_Y","Left Knee_Z","Right Knee_X","Right Knee_Y","Right Knee_Z","Left Ankle_X","Left Ankle_Y","Left Ankle_Z","Right Ankle_X","Right Ankle_Y","Right Ankle_Z"
1,0,NA,NA,NA,NA,NA,NA,NA,NA,NA,NA,NA,NA,NA,NA,NA,NA,NA,NA,NA,NA,NA,NA,NA,NA,NA,NA,NA,NA,NA,NA,NA,NA,NA,NA,NA,NA,NA,NA,NA,NA,NA,NA,-227.28645,937.07397,-1512.11084,-39.32772,404.75449,-1386.78589,NA,NA,NA,NA,NA,NA,41.47388,1054.21985,-1304.99255
2,0.01,NA,NA,NA,NA,NA,NA,NA,NA,NA,NA,NA,NA,NA,NA,NA,NA,NA,NA,NA,NA,NA,NA,NA,NA,NA,NA,NA,NA,NA,NA,NA,NA,NA,NA,NA,NA,NA,NA,NA,NA,NA,NA,-231.75989,936.5752,-1508.60107,-42.36923,404.76279,-1384.47388,NA,NA,NA,NA,NA,NA,36.57378,1052.94153,-1298.89819
3,0.02,NA,NA,NA,NA,NA,NA,NA,NA,NA,NA,NA,NA,NA,NA,NA,NA,NA,NA,NA,NA,NA,NA,NA,NA,NA,NA,NA,NA,NA,NA,NA,NA,NA,NA,NA,NA,NA,NA,NA,NA,NA,NA,-236.43329,936.2688,-1505.67444,-44.69737,404.24863,-1382.85754,NA,NA,NA,NA,NA,NA,30.97197,1053.16345,-1293.19031
4,0.03,NA,NA,NA,NA,NA,NA,NA,NA,NA,NA,NA,NA,NA,NA,NA,NA,NA,NA,NA,NA,NA,NA,NA,NA,NA,NA,NA,NA,NA,NA,NA,NA,NA,NA,NA,NA,NA,NA,NA,NA,NA,NA,-241.34781,936.12152,-1502.91711,-48.97799,402.78906,-1378.1582,NA,NA,NA,NA,NA,NA,26.90506,1052.13342,-1288.89746
5,0.04,NA,NA,NA,NA,NA,NA,NA,NA,NA,NA,NA,NA,NA,NA,NA,NA,NA,NA,NA,NA,NA,NA,NA,NA,NA,NA,NA,NA,NA,NA,NA,NA,NA,NA,NA,NA,NA,NA,NA,NA,NA,NA,-246.40526,935.66321,-1499.61719,-51.32386,402.28259,-1376.62256,NA,NA,NA,NA,NA,NA,21.96006,1051.60486,-1285.42761
6,0.05,NA,NA,NA,NA,NA,NA,NA,NA,NA,NA,NA,NA,NA,NA,NA,NA,NA,NA,NA,NA,NA,NA,NA,NA,NA,NA,NA,NA,NA,NA,NA,NA,NA,NA,NA,NA,NA,NA,NA,NA,NA,NA,-251.49982,935.11804,-1495.7478,-54.88719,402.51031,-1374.65906,NA,NA,NA,NA,NA,NA,17.91672,1050.89014,-1283.39832
7,0.06,NA,NA,NA,NA,NA,NA,NA,NA,NA,NA,NA,NA,NA,NA,NA,NA,NA,NA,NA,NA,NA,NA,NA,NA,NA,NA,NA,NA,NA,NA,NA,NA,NA,NA,NA,NA,-245.32826,983.4223,-1218.18091,NA,NA,NA,-256.9296,934.44379,-1492.16248,-57.57675,400.24118,-1370.67383,NA,NA,NA,NA,NA,NA,11.47339,1050.54492,-1274.04858
8,0.07,NA,NA,NA,NA,NA,NA,NA,NA,NA,NA,NA,NA,NA,NA,NA,NA,NA,NA,NA,NA,NA,NA,NA,NA,NA,NA,NA,NA,NA,NA,NA,NA,NA,NA,NA,NA,-251.39436,982.078,-1215.47827,NA,NA,NA,-262.61597,933.63043,-1488.58496,-61.73162,400.14914,-1368.29028,NA,NA,NA,NA,NA,NA,6.69776,1049.54199,-1272.1864
9,0.08,NA,NA,NA,NA,NA,NA,NA,NA,NA,NA,NA,NA,NA,NA,NA,NA,NA,NA,NA,NA,NA,NA,NA,NA,NA,NA,NA,NA,NA,NA,NA,NA,NA,NA,NA,NA,-256.95883,981.41699,-1211.3783,NA,NA,NA,-268.50717,932.79382,-1485.04102,-64.73396,400.09561,-1366.13904,NA,NA,NA,NA,NA,NA,1.16561,1049.99561,-1266.14038
10,0.09,NA,NA,NA,NA,NA,NA,NA,NA,NA,NA,NA,NA,NA,NA,NA,NA,NA,NA,NA,NA,NA,NA,NA,NA,NA,NA,NA,NA,NA,NA,NA,NA,NA,NA,NA,NA,-263.94946,980.89386,-1206.20044,NA,NA,NA,-274.54355,931.71936,-1481.07996,-69.48369,398.38654,-1360.91101,NA,NA,NA,NA,NA,NA,-5.39455,1049.05518,-1260.76611
11,0.1,NA,NA,NA,NA,NA,NA,NA,NA,NA,NA,NA,NA,NA,NA,NA,NA,NA,NA,NA,NA,NA,NA,NA,NA,NA,NA,NA,NA,NA,NA,NA,NA,NA,NA,NA,NA,-269.68909,979.48431,-1202.54004,NA,NA,NA,-280.76355,930.44537,-1476.91138,-74.04619,397.86475,-1357.83289,NA,NA,NA,NA,NA,NA,-10.65592,1048.88696,-1256.48633
12,0.11,NA,NA,NA,NA,NA,NA,NA,NA,NA,NA,NA,NA,NA,NA,NA,NA,NA,NA,NA,NA,NA,NA,NA,NA,NA,NA,NA,NA,NA,NA,NA,NA,NA,NA,NA,NA,-277.37073,979.3891,-1196.18896,NA,NA,NA,-287.34976,928.94104,-1472.64221,-76.48323,397.93521,-1356.83008,NA,NA,NA,NA,NA,NA,-16.74765,1048.59448,-1251.30774
13,0.12,NA,NA,NA,NA,NA,NA,NA,NA,NA,NA,NA,NA,NA,NA,NA,NA,NA,NA,NA,NA,NA,NA,NA,NA,NA,NA,NA,NA,NA,NA,NA,NA,NA,NA,NA,NA,-284.50851,977.211,-1194.49207,NA,NA,NA,-293.92447,927.77618,-1468.74207,-82.15202,396.49399,-1352.16101,NA,NA,NA,NA,NA,NA,-22.84237,1047.91199,-1245.34961
14,0.13,NA,NA,NA,NA,NA,NA,NA,NA,NA,NA,NA,NA,NA,NA,NA,NA,NA,NA,NA,NA,NA,NA,NA,NA,NA,NA,NA,NA,NA,NA,NA,NA,NA,NA,NA,NA,-290.92105,976.01495,-1191.07227,NA,NA,NA,-300.82272,926.1861,-1464.5166,-86.93056,395.95386,-1348.00281,NA,NA,NA,NA,NA,NA,-28.84031,1047.81238,-1242.06689
15,0.14,NA,NA,NA,NA,NA,NA,NA,NA,NA,NA,NA,NA,NA,NA,NA,NA,NA,NA,NA,NA,NA,NA,NA,NA,NA,NA,NA,NA,NA,NA,NA,NA,NA,NA,NA,NA,-298.62482,975.0733,-1186.90857,NA,NA,NA,-307.7995,924.85327,-1460.48938,-92.48898,394.83676,-1343.49878,NA,NA,NA,-32.72503,52.26632,-1429.40796,-36.32641,1048.24792,-1232.38025
16,0.15,NA,NA,NA,NA,NA,NA,NA,NA,NA,NA,NA,NA,NA,NA,NA,NA,NA,NA,NA,NA,NA,NA,NA,NA,NA,NA,NA,NA,NA,NA,NA,NA,NA,NA,NA,NA,-307.35004,974.38416,-1181.62219,-437.10382,976.63885,-1212.98584,-314.71942,924.10315,-1456.9812,-98.40167,394.40573,-1340.14954,NA,NA,NA,-33.81033,50.72591,-1425.69214,-42.88889,1047.67078,-1227.72815
17,0.16,NA,NA,NA,NA,NA,NA,NA,NA,NA,NA,NA,NA,NA,NA,NA,NA,NA,NA,NA,NA,NA,NA,NA,NA,NA,NA,NA,NA,NA,NA,NA,NA,NA,NA,NA,NA,-314.3739,971.84314,-1179.23657,-443.46832,975.82013,-1212.76367,-321.61145,923.07263,-1452.56982,-102.85819,393.99814,-1336.91528,NA,NA,NA,-36.26641,53.35881,-1425.46167,-49.39674,1047.84619,-1221.44006
18,0.17,NA,NA,NA,NA,NA,NA,NA,NA,NA,NA,NA,NA,NA,NA,NA,NA,NA,NA,NA,NA,NA,NA,NA,NA,NA,NA,NA,NA,NA,NA,NA,NA,NA,NA,NA,NA,-323.03946,972.84711,-1168.31311,-451.97424,975.96021,-1206.45886,-328.51373,922.41559,-1448.52759,-110.34036,392.2652,-1330.71533,NA,NA,NA,-39.13601,52.85449,-1421.54883,-55.54562,1047.01404,-1219.11621
19,0.18,NA,NA,NA,NA,NA,NA,NA,NA,NA,NA,NA,NA,NA,NA,NA,NA,NA,NA,NA,NA,NA,NA,NA,NA,NA,NA,NA,NA,NA,NA,NA,NA,NA,NA,NA,NA,-331.57803,971.61237,-1165.63306,-460.83749,975.41675,-1201.9165,-335.13342,921.96484,-1444.47253,-116.71374,393.86343,-1326.72974,NA,NA,NA,-41.24261,55.35369,-1419.98328,-62.07361,1047.36353,-1213.61841
20,0.19,NA,NA,NA,NA,NA,NA,NA,NA,NA,NA,NA,NA,NA,NA,NA,NA,NA,NA,NA,NA,NA,NA,NA,NA,NA,NA,NA,NA,NA,NA,NA,NA,NA,NA,NA,NA,-340.64236,971.54425,-1160.1178,-467.93176,974.36731,-1206.21033,-341.86084,921.53076,-1439.79395,-124.35921,392.8866,-1321.45471,NA,NA,NA,-42.75144,55.66853,-1416.52393,-70.88501,1047.63367,-1205.49011
21,0.2,NA,NA,NA,NA,NA,NA,NA,NA,NA,NA,NA,NA,NA,NA,NA,NA,NA,NA,NA,NA,NA,NA,NA,NA,NA,NA,NA,NA,NA,NA,NA,NA,NA,NA,NA,NA,-348.45236,971.60394,-1155.2771,-477.89441,976.48627,-1196.17993,-348.31766,921.54089,-1436.21533,-132.44057,392.61176,-1316.29675,NA,NA,NA,-45.68456,58.38492,-1414.06812,-78.07711,1047.51733,-1201.14209
22,0.21,NA,NA,NA,NA,NA,NA,NA,NA,NA,NA,NA,NA,NA,NA,NA,NA,NA,NA,NA,NA,NA,NA,NA,NA,NA,NA,NA,NA,NA,NA,NA,NA,NA,NA,NA,NA,-357.28979,971.46069,-1152.49902,-485.76212,976.02393,-1196.11707,-354.72009,920.93835,-1431.86536,-141.29953,392.81488,-1309.71716,NA,NA,NA,-48.08537,62.18196,-1411.16748,-84.66411,1047.96814,-1196.4873
23,0.22,NA,NA,NA,NA,NA,NA,NA,NA,NA,NA,NA,NA,NA,NA,NA,NA,NA,NA,NA,NA,NA,NA,NA,NA,NA,NA,NA,NA,NA,NA,NA,NA,NA,NA,NA,NA,-366.55023,972.25531,-1146.94299,-494.58069,977.48041,-1191.23145,-360.73709,920.81183,-1427.38232,-150.38704,393.40128,-1302.23108,NA,NA,NA,-49.04297,66.57777,-1408.27014,-94.26603,1048.16711,-1188.52136
24,0.23,NA,NA,NA,NA,NA,NA,NA,NA,NA,NA,NA,NA,NA,NA,NA,NA,NA,NA,NA,NA,NA,NA,NA,NA,NA,NA,NA,NA,NA,NA,NA,NA,NA,NA,NA,NA,-375.96069,973.34174,-1145.42151,-502.63516,978.20001,-1189.75867,-366.44058,920.51965,-1422.50513,-160.26431,393.70596,-1296.10449,NA,NA,NA,-53.02801,70.51461,-1404.56812,-101.57484,1047.95227,-1185.02893
25,0.24,NA,NA,NA,NA,NA,NA,NA,NA,NA,NA,NA,NA,NA,NA,NA,NA,NA,NA,NA,NA,NA,NA,NA,NA,NA,NA,NA,NA,NA,NA,NA,NA,NA,NA,NA,NA,-383.56155,974.33557,-1140.68323,-511.68411,979.94623,-1183.13721,-372.13193,920.77789,-1419.09436,-171.80966,393.94061,-1287.4248,NA,NA,NA,-57.94289,74.86526,-1399.43799,-110.36474,1048.17151,-1177.60278
26,0.25,NA,NA,NA,NA,NA,NA,NA,NA,NA,NA,NA,NA,NA,NA,NA,NA,NA,NA,NA,NA,NA,NA,NA,NA,NA,NA,NA,NA,NA,NA,NA,NA,NA,NA,NA,NA,-392.2106,975.24268,-1137.20642,-519.5459,979.08685,-1183.36389,-377.53937,920.25684,-1413.93384,-182.40015,394.46164,-1281.03979,NA,NA,NA,-62.81627,80.94683,-1394.26978,-117.69344,1048.02771,-1172.79956
27,0.26,NA,NA,NA,NA,NA,NA,NA,NA,NA,NA,NA,NA,NA,NA,NA,NA,NA,NA,NA,NA,NA,NA,NA,NA,NA,NA,NA,NA,NA,NA,NA,NA,NA,NA,NA,NA,-401.21335,976.95685,-1132.67859,-527.40704,978.35278,-1183.17249,-382.94211,920.52832,-1410.37476,-196.93681,394.6264,-1271.48486,NA,NA,NA,-69.79326,87.33196,-1387.40503,-125.17542,1048.51367,-1170.51257
28,0.27,NA,NA,NA,NA,NA,NA,NA,NA,NA,NA,NA,NA,NA,NA,NA,NA,NA,NA,NA,NA,NA,NA,NA,NA,NA,NA,NA,NA,NA,NA,NA,NA,NA,NA,NA,NA,-409.09198,977.27795,-1131.08325,-536.17957,978.82172,-1177.11841,-388.38083,919.8429,-1404.93286,-211.80917,394.276,-1261.80835,NA,NA,NA,-76.86948,94.45963,-1380.05457,-134.92921,1049.06104,-1162.50952
29,0.28,NA,NA,NA,NA,NA,NA,NA,NA,NA,NA,NA,NA,NA,NA,NA,NA,NA,NA,-443.68689,1279.21338,-1138.54736,NA,NA,NA,NA,NA,NA,NA,NA,NA,NA,NA,NA,NA,NA,NA,-417.31711,978.28009,-1126.03967,-543.58783,978.60144,-1175.24719,-393.89844,919.91333,-1400.94092,-226.89252,393.41312,-1252.72473,NA,NA,NA,-85.41629,101.29929,-1371.94348,-142.17419,1048.48425,-1158.51709
30,0.29,NA,NA,NA,NA,NA,NA,NA,NA,NA,NA,NA,NA,NA,NA,NA,NA,NA,NA,-449.67874,1278.87939,-1135.33777,NA,NA,NA,NA,NA,NA,NA,NA,NA,-684.37964,1084.55273,-1299.61255,NA,NA,NA,-423.40103,980.68347,-1120.91077,-549.94324,976.90533,-1169.61572,-399.24869,919.58893,-1395.7655,-239.91586,396.15219,-1238.49658,NA,NA,NA,-94.08654,109.6096,-1364.51807,-151.39346,1049.52625,-1151.13892
31,0.3,NA,NA,NA,NA,NA,NA,NA,NA,NA,NA,NA,NA,NA,NA,NA,NA,NA,NA,-457.35239,1279.42444,-1132.30115,NA,NA,NA,NA,NA,NA,NA,NA,NA,-692.02606,1084.12634,-1293.35156,NA,NA,NA,-431.37228,981.22021,-1115.70142,-556.15875,977.30762,-1169.65771,-404.28104,919.86877,-1391.25452,-249.65466,402.24921,-1226.99927,NA,NA,NA,-102.99687,116.28849,-1358.84473,-159.6033,1050.56689,-1147.026
32,0.31,-593.81989,1508.93713,-1071.43835,NA,NA,NA,NA,NA,NA,NA,NA,NA,NA,NA,NA,NA,NA,NA,-465.65662,1280.6521,-1128.45447,NA,NA,NA,NA,NA,NA,NA,NA,NA,-699.6488,1083.86816,-1287.25781,NA,NA,NA,-437.43924,981.80682,-1110.28052,-562.70477,976.32104,-1165.15833,-409.14883,920.22522,-1386.63403,-258.88162,405.78543,-1212.75732,NA,NA,NA,-113.43755,122.62205,-1350.25122,-168.77074,1050.72339,-1140.61646
33,0.32,-599.89105,1510.73792,-1066.89722,NA,NA,NA,NA,NA,NA,NA,NA,NA,NA,NA,NA,NA,NA,NA,-471.42636,1280.41174,-1123.78125,NA,NA,NA,NA,NA,NA,NA,NA,NA,-707.17432,1083.59717,-1281.11694,NA,NA,NA,-444.20007,982.14197,-1107.89294,-568.17059,976.72406,-1160.43225,-413.76166,920.74658,-1381.75732,-268.3558,409.14929,-1198.22534,NA,NA,NA,-123.34728,129.57944,-1342.74731,-176.49744,1051.16833,-1137.58228
34,0.33,-605.90546,1512.17908,-1061.83704,NA,NA,NA,NA,NA,NA,NA,NA,NA,NA,NA,NA,NA,NA,NA,-478.71231,1281.5061,-1120.25037,NA,NA,NA,NA,NA,NA,NA,NA,NA,-713.92804,1084.91467,-1277.95496,NA,NA,NA,-450.54776,983.45306,-1103.91589,-574.37665,976.14197,-1159.27905,-417.95615,922.00439,-1377.48279,-276.62521,410.43213,-1186.26086,NA,NA,NA,-133.51709,134.93274,-1335.06104,-186.01341,1052.51587,-1130.19019
35,0.34,-611.6532,1513.95703,-1057.3783,NA,NA,NA,NA,NA,NA,NA,NA,NA,NA,NA,NA,NA,NA,NA,-486.0332,1283.54126,-1116.3739,NA,NA,NA,NA,NA,NA,NA,NA,NA,-720.27405,1086.16248,-1273.97437,NA,NA,NA,-455.90112,984.789,-1099.11731,-579.32214,977.8161,-1153.60095,-421.81598,922.45123,-1371.60742,-286.52023,411.51465,-1172.77454,NA,NA,NA,-144.17372,140.01277,-1325.99255,-194.06006,1052.3335,-1127.14343
36,0.35,-617.43396,1515.44653,-1052.69568,NA,NA,NA,NA,NA,NA,NA,NA,NA,NA,NA,NA,NA,NA,NA,-492.6991,1285.56458,-1113.43066,NA,NA,NA,NA,NA,NA,NA,NA,NA,-726.40955,1087.63806,-1269.96045,NA,NA,NA,-461.63864,986.51263,-1093.54907,-585.31079,978.10828,-1152.21228,-425.24155,923.47137,-1366.23779,-295.7644,411.12778,-1159.40015,NA,NA,NA,-155.88254,144.11276,-1316.14795,-202.97311,1053.56787,-1122.8501
37,0.36,-623.06769,1517.09497,-1047.52905,NA,NA,NA,NA,NA,NA,NA,NA,NA,NA,NA,NA,NA,NA,NA,-498.75821,1286.57959,-1108.52185,NA,NA,NA,NA,NA,NA,NA,NA,NA,-732.56525,1088.20654,-1263.63232,NA,NA,NA,-468.72662,986.69714,-1091.28308,-590.53888,980.12311,-1144.81482,-428.4342,924.57343,-1361.04675,-304.99738,411.95389,-1145.71191,NA,NA,NA,-168.64926,147.74619,-1304.49634,-211.16841,1055.20386,-1118.4458
38,0.37,-628.59399,1518.8407,-1043.00208,NA,NA,NA,NA,NA,NA,NA,NA,NA,NA,NA,NA,NA,NA,NA,-503.16418,1287.15161,-1103.68945,NA,NA,NA,NA,NA,NA,NA,NA,NA,-738.43115,1089.36206,-1258.48877,NA,NA,NA,-474.32175,990.21185,-1082.82935,-597.02106,981.88739,-1141.53992,-431.56027,925.79871,-1355.57971,-314.86829,411.9295,-1129.57751,NA,NA,NA,-181.55836,151.51993,-1293.70947,-219.44177,1056.47595,-1113.55823
39,0.38,-634.04218,1520.4989,-1038.03748,NA,NA,NA,NA,NA,NA,NA,NA,NA,-649.22833,1409.5033,-1201.80176,NA,NA,NA,-509.57852,1288.90088,-1100.41626,NA,NA,NA,NA,NA,NA,NA,NA,NA,-744.00885,1089.94824,-1252.03052,-785.81647,846.67407,-1170.56677,-480.11353,992.1535,-1079.67737,-602.46307,984.64539,-1134.80212,-434.49844,926.80219,-1349.50061,-324.69879,412.09396,-1114.76038,NA,NA,NA,-195.06743,154.41093,-1280.28784,-226.18489,1058.62537,-1109.39636
40,0.39,-639.48767,1521.82129,-1033.28162,NA,NA,NA,NA,NA,NA,NA,NA,NA,-654.82904,1410.8573,-1197.96667,NA,NA,NA,-516.99994,1291.18726,-1096.84155,NA,NA,NA,NA,NA,NA,NA,NA,NA,-749.68274,1091.11353,-1246.98926,-790.88379,845.2431,-1169.96533,-486.37585,995.28467,-1074.48462,-608.02283,986.33905,-1132.17114,-437.452,927.91699,-1344.03076,-335.728,412.68799,-1099.55066,NA,NA,NA,-209.92801,155.62158,-1266.87793,-234.63013,1060.20178,-1103.38159
41,0.4,-644.80115,1523.30981,-1028.65161,-702.54065,517.41528,-1269.90149,NA,NA,NA,NA,NA,NA,-660.45258,1412.1554,-1194.69885,NA,NA,NA,-522.40234,1292.41101,-1091.69385,NA,NA,NA,NA,NA,NA,NA,NA,NA,-754.8111,1092.2749,-1241.9043,-796.84003,849.78131,-1158.53406,-492.1076,996.19861,-1074.10437,-612.70471,990.08649,-1120.52588,-440.31015,929.38007,-1338.42517,-346.25671,412.92737,-1083.74365,-556.14606,1466.76978,-919.82471,-222.55746,157.75508,-1255.49243,-242.07585,1061.19019,-1098.79395
42,0.41,-649.98944,1524.69861,-1024.06299,NA,NA,NA,NA,NA,NA,NA,NA,NA,NA,NA,NA,NA,NA,NA,-527.49963,1294.02429,-1087.66528,NA,NA,NA,NA,NA,NA,NA,NA,NA,-760.34265,1093.15393,-1236.39893,-801.52911,848.32202,-1162.04102,-496.61899,998.73413,-1061.83362,-617.9917,992.03705,-1116.02478,-443.09622,930.59247,-1332.86987,-356.37735,412.99835,-1069.20569,-561.2832,1467.98096,-915.21832,-238.42017,157.87117,-1240.47705,-249.08737,1062.48279,-1093.11926
43,0.42,-655.16705,1525.90588,-1018.90845,-707.27106,518.76636,-1264.08801,NA,NA,NA,NA,NA,NA,NA,NA,NA,NA,NA,NA,-532.0249,1295.47083,-1084.08484,NA,NA,NA,NA,NA,NA,NA,NA,NA,-765.38373,1094.70496,-1232.81616,-807.40625,849.46777,-1160.29932,-503.39297,999.65466,-1060.47375,-623.61804,993.61517,-1111.73633,-446.05487,931.22925,-1326.78381,-366.59985,412.87558,-1055.55737,-566.2738,1469.45288,-910.80737,-252.23665,159.25069,-1225.93066,-257.18729,1064.08264,-1084.98462
44,0.43,-660.40039,1527.14807,-1013.78546,-710.13477,515.26685,-1272.44788,NA,NA,NA,NA,NA,NA,-676.49109,1415.21094,-1182.26392,NA,NA,NA,-537.83691,1297.57446,-1079.61902,NA,NA,NA,NA,NA,NA,NA,NA,NA,-770.5766,1095.71631,-1228.69189,-812.60663,854.40314,-1142.37329,-508.00308,1002.44922,-1054.40247,-628.31378,993.9245,-1107.04688,-448.86276,932.5802,-1321.52051,-376.61975,415.01855,-1040.23145,-571.10034,1470.15613,-906.03906,-268.72293,159.82751,-1209.74622,-262.49588,1065.04297,-1082.42322
45,0.44,-665.46783,1528.27063,-1008.92078,-711.71887,515.22516,-1273.28809,NA,NA,NA,NA,NA,NA,-681.67505,1416.20959,-1178.42664,NA,NA,NA,-542.94879,1298.63757,-1074.77515,NA,NA,NA,NA,NA,NA,NA,NA,NA,-775.61169,1096.45032,-1224.15808,-818.11487,851.39691,-1147.44666,-513.42206,1003.12006,-1049.75244,-633.00403,995.47412,-1102.27173,-451.79907,932.79706,-1314.78662,-386.24478,417.4859,-1024.78064,-575.50879,1470.73071,-900.98816,-279.66302,161.3112,-1191.58301,-268.75201,1065.82349,-1075.85938
46,0.45,-670.45197,1529.13855,-1003.7666,-711.75427,515.20386,-1273.44299,NA,NA,NA,NA,NA,NA,-686.67291,1416.90186,-1173.65454,NA,NA,NA,-549.53259,1298.76965,-1069.36353,NA,NA,NA,NA,NA,NA,NA,NA,NA,-780.50348,1097.84399,-1221.38977,-822.66974,855.84521,-1130.85303,-517.73962,1004.98132,-1043.79675,-637.07953,996.45691,-1097.16052,-454.64401,933.92047,-1309.10547,-389.29709,424.75723,-1004.58453,-580.75604,1470.63367,-895.91431,-295.83218,159.58862,-1176.00037,-274.04022,1066.62231,-1070.77441
47,0.46,-675.40918,1530.02832,-998.21832,-712.60986,516.74707,-1269.31335,NA,NA,NA,NA,NA,NA,-691.92474,1416.88879,-1168.45911,NA,NA,NA,-554.23785,1299.63635,-1064.67432,NA,NA,NA,NA,NA,NA,NA,NA,NA,-785.8009,1096.78662,-1213.60144,-828.20435,852.68402,-1138.8313,-521.60559,1004.13525,-1035.48157,-641.41071,996.03687,-1091.68835,-457.84659,934.28021,-1302.96277,-400.00354,427.03024,-988.39063,-585.65192,1471.52295,-890.90002,-310.68863,159.31444,-1159.36255,-280.11172,1067.5918,-1064.59668
48,0.47,-680.35083,1530.71252,-992.703,-712.62579,516.7049,-1269.37341,NA,NA,NA,NA,NA,NA,-696.99591,1416.98047,-1163.47107,NA,NA,NA,-557.13165,1300.56409,-1059.89978,NA,NA,NA,NA,NA,NA,NA,NA,NA,-791.16388,1095.83203,-1206.5072,-832.80774,856.31506,-1118.90002,-525.84534,1005.49951,-1031.68445,-645.3465,996.08276,-1086.03906,-460.99338,935.38745,-1297.81787,-409.99545,431.08841,-974.05963,-590.57867,1472.85535,-885.3454,-327.05164,155.53511,-1143.5199,-285.02011,1068.25,-1058.51465
49,0.48,-685.21838,1531.10486,-987.51855,-712.36792,515.39374,-1271.08435,NA,NA,NA,NA,NA,NA,-701.91608,1417.13062,-1158.45044,NA,NA,NA,-563.35632,1301.82275,-1056.17493,-526.15814,1419.26794,-1219.90063,NA,NA,NA,NA,NA,NA,-795.64722,1096.58826,-1203.63501,-837.41412,856.4563,-1113.81091,-529.40601,1005.48096,-1024.26563,-651.57599,996.72357,-1080.94397,-464.52527,935.24451,-1290.84497,-421.67596,435.09207,-960.38385,-595.94507,1472.61426,-880.08356,-342.58542,152.75381,-1125.84839,-290.30716,1069.03137,-1054.7677
50,0.49,-690.05859,1531.54749,-981.82495,-712.3606,515.30933,-1271.02649,NA,NA,NA,NA,NA,NA,-707.00488,1416.66565,-1153.06726,NA,NA,NA,-568.43427,1301.17163,-1049.52808,-531.24969,1419.13062,-1214.47571,NA,NA,NA,NA,NA,NA,-800.25006,1097.22412,-1200.89771,-842.45691,853.19019,-1118.15039,-532.36548,1005.48804,-1019.22888,-652.02722,995.18683,-1074.9939,-468.19937,935.43219,-1285.20142,-431.52478,440.3259,-946.85254,-600.18958,1472.25195,-874.56982,-358.55771,149.60844,-1108.16724,-295.70706,1068.5614,-1045.76013
51,0.5,-694.7392,1531.88647,-975.81543,-712.31042,515.25214,-1270.78174,NA,NA,NA,NA,NA,NA,-711.9895,1416.34985,-1147.14172,NA,NA,NA,-572.76978,1300.2146,-1043.59631,-536.23505,1419.15027,-1208.849,NA,NA,NA,NA,NA,NA,-805.19019,1095.60645,-1193.22668,-846.06677,855.37238,-1102.59827,-537.17145,1005.02521,-1015.09216,-655.70728,995.04156,-1068.92249,-471.7522,935.9895,-1279.65588,-440.8226,445.59888,-936.4881,-605.23322,1472.74243,-868.80359,-374.16016,144.31468,-1091.41016,-300.94238,1069.35034,-1040.04504
52,0.51,-699.49841,1531.72571,-969.42871,-712.13971,514.77032,-1270.95349,NA,NA,NA,NA,NA,NA,-716.87488,1415.74902,-1141.5791,NA,NA,NA,-577.17957,1300.56238,-1038.31689,-541.07721,1419.19946,-1203.38403,NA,NA,NA,NA,NA,NA,-809.76324,1094.72424,-1187.5769,-850.16064,855.33698,-1099.29968,-541.18549,1005.68835,-1008.59485,-659.7962,993.24127,-1062.95349,-475.45163,936.20374,-1274.19946,-452.0968,448.96481,-925.54669,-609.50391,1472.38318,-862.99805,-390.74789,139.91473,-1073.83643,-305.62506,1070.40149,-1034.7998
53,0.52,-703.96405,1531.9043,-964.00079,NA,NA,NA,NA,NA,NA,NA,NA,NA,NA,NA,NA,NA,NA,NA,-582.26758,1299.92444,-1031.74561,-545.91705,1419.32117,-1197.74548,NA,NA,NA,NA,NA,NA,-813.63263,1094.9657,-1184.34436,-854.51501,853.52838,-1092.56738,-544.58228,1004.57159,-1002.55139,-662.76599,992.76453,-1056.97388,-479.24606,935.90973,-1267.95374,-461.854,452.72922,-914.33997,NA,NA,NA,-407.05783,135.83823,-1052.97937,-310.14224,1069.98413,-1027.96118
54,0.53,-708.54016,1531.35181,-956.93762,-618.52612,1471.60425,-850.93335,NA,NA,NA,-726.41962,1414.41101,-1130.10693,NA,NA,NA,NA,NA,NA,-586.34192,1299.36206,-1026.7522,-550.7785,1418.64722,-1191.38416,NA,NA,NA,NA,NA,NA,-818.12927,1093.22253,-1177.05981,-858.36047,852.7135,-1087.81982,-546.99146,1004.32965,-995.99762,-666.3205,991.85193,-1050.24353,-483.02042,935.3866,-1261.50989,-470.98596,455.52628,-904.67474,NA,NA,NA,-423.77234,131.24406,-1034.76257,-315.72327,1070.31885,-1019.97058
55,0.54,-712.92889,1531.07666,-950.39008,NA,NA,NA,NA,NA,NA,-731.14166,1413.26428,-1123.22571,-415.03073,1426.89783,-1025.51855,NA,NA,NA,-591.23096,1298.34827,-1020.62915,-555.37976,1418.60022,-1185.03967,NA,NA,NA,NA,NA,NA,-822.56061,1091.87744,-1170.74097,-862.62817,851.43451,-1082.27197,-551.12732,1004.92657,-988.30328,-670.1698,990.67987,-1044.73706,NA,NA,NA,-479.84833,459.5105,-896.2533,NA,NA,NA,-441.69553,124.33698,-1016.26642,-319.99133,1070.32178,-1013.87897
56,0.55,-717.3385,1530.30432,-943.83337,-627.11115,1469.75806,-837.71863,NA,NA,NA,-735.84052,1412.21777,-1117.29407,-418.89938,1426.17212,-1018.29852,NA,NA,NA,-595.92261,1298.60278,-1014.99872,-560.12988,1418.13721,-1179.09412,-490.3667,934.83771,-1250.13428,NA,NA,NA,-825.93744,1091.9021,-1167.53064,-865.84094,849.01123,-1077.60144,-554.73505,1004.74432,-983.5498,-673.53375,990.17334,-1038.08154,NA,NA,NA,-488.56314,460.22333,-886.82245,NA,NA,NA,-458.34921,118.38061,-996.87183,-324.19077,1070.58228,-1005.50366
57,0.56,-721.68628,1529.70654,-936.77875,-631.3064,1468.22192,-830.8266,NA,NA,NA,-740.479,1411.07373,-1110.82361,-423.94797,1426.14319,-1011.97736,NA,NA,NA,-599.68457,1296.85413,-1008.00098,-564.72913,1417.57947,-1172.6333,NA,NA,NA,NA,NA,NA,-830.14807,1089.54492,-1159.23157,-868.37946,847.27106,-1072.38586,-559.49249,1004.40906,-979.37347,-677.22632,989.19873,-1032.10669,NA,NA,NA,-496.94833,461.85147,-880.48041,NA,NA,NA,-475.64322,114.29173,-975.98083,-327.51254,1071.30261,-999.56067
58,0.57,-725.89905,1529.01123,-929.48285,-634.49359,1466.84363,-823.88794,NA,NA,NA,-745.08014,1410.07434,-1104.36719,-429.17221,1425.48596,-1005.98352,NA,NA,NA,-603.84674,1295.8595,-1002.13013,-569.27325,1417.09155,-1165.854,-497.24338,933.53711,-1236.9032,NA,NA,NA,-834.10425,1088.40784,-1153.98657,-873.26648,846.44513,-1067.0658,-562.72449,1003.8111,-970.48236,-680.90887,987.77106,-1025.85449,NA,NA,NA,-503.44214,462.4006,-873.6438,NA,NA,NA,-492.58212,109.27058,-953.71832,-330.78958,1070.20496,-993.71136
59,0.58,-730.02606,1527.93774,-922.11633,NA,NA,NA,NA,NA,NA,NA,NA,NA,-433.83984,1425.21021,-999.11859,NA,NA,NA,-608.62122,1294.84204,-995.94159,-573.81122,1416.23083,-1159.25354,-500.43231,932.44928,-1229.50952,NA,NA,NA,NA,NA,NA,-877.05121,845.13965,-1062.30176,-566.7605,1002.83093,-964.0509,-685.45612,987.34332,-1019.44232,NA,NA,NA,-510.17456,461.87482,-867.33533,NA,NA,NA,-509.73718,104.31461,-932.26758,-335.12601,1070.14343,-985.50598
60,0.59,-734.1687,1526.78687,-914.45618,NA,NA,NA,NA,NA,NA,-754.28418,1407.36853,-1091.38147,-438.8353,1424.10376,-992.36145,NA,NA,NA,-613.46667,1294.64099,-988.87201,-578.37201,1415.1853,-1151.84998,-503.44858,931.80084,-1222.95728,NA,NA,NA,NA,NA,NA,-879.54431,842.15466,-1057.24646,-571.63586,1000.6225,-958.02722,-689.65247,986.08649,-1012.86212,-843.89862,1085.03601,-1140.82092,-517.3457,460.522,-860.47296,NA,NA,NA,-527.29883,99.85245,-911.52911,-339.02109,1069.25317,-977.2041
61,0.6,-738.17529,1525.65076,-906.77924,-646.88055,1463.07214,-802.26788,NA,NA,NA,-758.89417,1405.90271,-1084.61353,-443.41565,1423.50171,-983.51422,NA,NA,NA,-618.14636,1292.39209,-981.88977,-582.63031,1414.66394,-1144.9325,-506.35416,930.65472,-1215.12292,NA,NA,NA,NA,NA,NA,-883.63983,841.16559,-1051.96045,-575.60907,1000.18719,-951.98254,-694.53943,985.57721,-1007.23041,-845.16467,1082.97314,-1134.43506,-523.96289,458.82059,-854.91968,NA,NA,NA,-542.27551,97.37296,-887.50867,-342.44897,1070.08337,-970.07941
62,0.61,-742.22394,1524.52625,-899.03748,-649.79926,1461.62585,-794.09607,NA,NA,NA,-763.36084,1404.50818,-1077.72351,-448.24799,1421.91528,-975.07184,NA,NA,NA,-623.45947,1291.15186,-974.55096,-587.08783,1413.56702,-1138.09814,-509.14764,930.10822,-1208.6051,NA,NA,NA,NA,NA,NA,-886.8136,839.11963,-1046.99231,-581.27948,999.05023,-944.97174,-697.55188,984.23505,-1000.82452,-848.68854,1081.38013,-1127.88721,-529.2439,456.15988,-849.99152,NA,NA,NA,-555.88361,97.88795,-862.99152,-345.99326,1068.46667,-961.9903
63,0.62,-746.01379,1523.41357,-890.80005,NA,NA,NA,NA,NA,NA,NA,NA,NA,-452.52109,1421.8208,-969.0343,NA,NA,NA,-628.16779,1290.15735,-968.11127,-591.41388,1412.24561,-1129.87708,NA,NA,NA,NA,NA,NA,NA,NA,NA,-890.0246,836.74554,-1042.26868,-584.84198,998.29755,-937.50085,-701.63593,982.79779,-994.48077,-850.90039,1078.87769,-1121.49731,-535.31177,453.95224,-845.99762,NA,NA,NA,NA,NA,NA,-348.76529,1068.2135,-955.84052
64,0.63,-749.96106,1521.86646,-881.65833,-584.28705,97.86577,-817.66315,NA,NA,NA,NA,NA,NA,-457.88846,1420.60974,-961.21185,-772.25232,1401.41943,-1063.83521,-631.07996,1288.25342,-960.62701,-595.69598,1411.0011,-1122.24561,NA,NA,NA,-514.57788,927.78082,-1192.82568,NA,NA,NA,-893.99353,835.44611,-1037.40015,-589.49261,997.20758,-927.72369,-706.2735,981.92114,-988.42963,-855.08698,1077.80261,-1116.14648,-543.50171,452.92798,-842.67322,-353.76581,834.60547,-899.8053,NA,NA,NA,-352.79114,1067.20813,-946.20734
65,0.64,-753.63873,1520.61914,-873.33673,-886.41675,-113.6835,-1025.88232,NA,NA,NA,NA,NA,NA,-462.60556,1418.65491,-951.04401,-776.60529,1399.74097,-1056.53064,-635.81506,1286.60901,-952.83008,-599.82996,1409.77466,-1114.54028,-659.9455,1456.07581,-770.85388,-517.38391,926.61169,-1185.16846,NA,NA,NA,-895.87408,832.09546,-1031.91077,-594.62616,995.12323,-921.30341,-710.14862,979.98444,-981.37909,-858.18658,1075.68066,-1110.14648,-551.35565,450.78967,-838.1167,-358.74503,831.88544,-890.39734,NA,NA,NA,-357.40103,1067.11353,-936.45154
66,0.65,-757.14966,1519.33472,-864.784,NA,NA,NA,NA,NA,NA,NA,NA,NA,-467.11526,1418.15906,-945.68268,NA,NA,NA,-640.74762,1285.5929,-945.5036,-603.95917,1408.26147,-1106.52405,NA,NA,NA,NA,NA,NA,NA,NA,NA,-899.13605,830.09174,-1027.40625,-599.23627,994.17358,-917.06573,-714.55396,978.72729,-974.81805,-861.68469,1073.86121,-1103.30774,-559.25073,449.71066,-834.88739,NA,NA,NA,NA,NA,NA,-361.25275,1065.62341,-928.98627
67,0.66,-761.83179,1517.49719,-855.37177,NA,NA,NA,NA,NA,NA,NA,NA,NA,-474.63602,1415.45789,-939.61951,NA,NA,NA,-644.6535,1283.17505,-937.05756,-607.94391,1406.93408,-1098.76672,-666.22736,1453.30786,-753.93921,NA,NA,NA,NA,NA,NA,-901.70178,827.59375,-1022.59027,-603.77563,993.35809,-907.03436,-719.74438,978.26892,-967.50446,-864.77155,1072.052,-1097.27307,-568.06085,448.73163,-830.19568,NA,NA,NA,NA,NA,NA,-366.02975,1063.81653,-917.25775
68,0.67,-765.5235,1515.44153,-846.6076,NA,NA,NA,-789.43939,1394.47888,-1034.04395,NA,NA,NA,-476.45813,1414.33972,-926.08398,NA,NA,NA,-649.43823,1281.90771,-929.98761,-611.90106,1405.53772,-1090.51819,-668.63104,1451.28296,-744.76312,NA,NA,NA,NA,NA,NA,-905.21204,824.84113,-1017.20477,-608.29321,991.92719,-896.5022,-723.95508,976.64203,-960.30737,-866.7179,1069.38171,-1090.83179,-575.73859,447.83408,-827.00543,NA,NA,NA,-635.39728,113.90002,-736.25793,-369.07465,1062.86804,-911.22656
69,0.68,-768.4325,1513.66772,-836.79169,NA,NA,NA,-793.50128,1392.88062,-1026.35352,NA,NA,NA,-480.47977,1413.10522,-917.32648,NA,NA,NA,-654.19739,1279.82764,-921.5481,-615.77155,1403.94348,-1082.10938,-672.04858,1449.3988,-736.13892,NA,NA,NA,NA,NA,NA,-907.69971,822.4259,-1012.71478,-613.34937,990.88159,-891.27252,-727.07074,974.41595,-952.57831,-870.62836,1067.59814,-1083.89673,-584.21063,446.76147,-821.18939,NA,NA,NA,-647.49042,119.7994,-716.35791,-372.07333,1060.55286,-904.22113
70,0.69,-771.80164,1512.37463,-828.35956,NA,NA,NA,-797.62213,1391.08533,-1018.30267,NA,NA,NA,-484.82291,1411.12585,-910.1524,NA,NA,NA,-658.49719,1278.37158,-913.32098,-619.56213,1402.2384,-1073.7406,-674.62286,1447.04395,-727.47339,NA,NA,NA,NA,NA,NA,-910.42834,820.44904,-1007.54767,-617.95837,988.82935,-885.48889,-731.7439,973.01276,-944.22467,-873.57764,1066.14819,-1077.70679,-591.25348,447.10886,-814.77429,NA,NA,NA,-657.88873,125.70046,-697.83228,-376.49774,1059.16455,-892.95642
71,0.7,-774.67767,1510.89624,-818.78949,NA,NA,NA,-801.65491,1389.35388,-1010.34155,NA,NA,NA,-488.98422,1409.45886,-901.29968,NA,NA,NA,-662.45032,1276.95422,-905.01251,-623.32965,1400.75391,-1065.17175,-677.93396,1445.46057,-718.88086,NA,NA,NA,NA,NA,NA,-912.30432,816.84418,-1002.22986,-621.24799,988.32874,-871.09882,-736.5235,971.60089,-935.97833,-876.91632,1064.29858,-1071.37488,-597.64063,447.16711,-806.87671,NA,NA,NA,-665.31244,131.72859,-680.27441,-380.35208,1057.08911,-884.90643
72,0.71,-778.03717,1508.81726,-808.79913,NA,NA,NA,-805.59155,1387.50549,-1001.65045,NA,NA,NA,-493.01352,1407.07764,-889.60144,NA,NA,NA,-667.65485,1275.47644,-895.87152,-627.03253,1398.80762,-1055.75171,-375.79608,822.87494,-831.32758,NA,NA,NA,NA,NA,NA,-916.19928,815.14832,-997.52136,-626.09918,986.14807,-866.45575,-739.6333,969.04749,-927.46423,-880.08734,1062.53723,-1064.47571,-603.15942,446.68597,-799.08777,NA,NA,NA,-685.84399,129.81764,-658.73065,-385.13623,1055.57532,-874.02148
73,0.72,-780.9696,1507.83875,-800.07745,NA,NA,NA,-809.50171,1386.04065,-993.69629,NA,NA,NA,-496.95627,1405.60583,-881.55713,NA,NA,NA,-671.72491,1273.78503,-887.44336,-630.68121,1397.18811,-1047.23694,-682.20905,1441.83972,-699.48895,NA,NA,NA,NA,NA,NA,-919.00409,813.26642,-992.4834,-631.15924,984.62878,-857.07159,-744.19531,967.745,-918.61456,-881.66272,1060.11035,-1057.70496,-608.48102,445.5802,-790.55774,NA,NA,NA,-694.67438,134.64928,-642.01471,-388.49829,1053.38342,-865.55701
74,0.73,-783.94916,1506.40051,-790.20251,NA,NA,NA,-813.28601,1384.40002,-984.61414,NA,NA,NA,-501.17245,1404.06848,-874.21112,NA,NA,NA,-675.00171,1271.5343,-877.33911,-634.20526,1395.57458,-1037.98242,-685.14923,1440.47095,-690.31763,NA,NA,NA,NA,NA,NA,-921.72937,811.1922,-987.00598,-635.36963,982.30945,-847.27124,-748.60046,966.19147,-909.58618,-884.52087,1058.47498,-1050.4707,-612.88416,444.24771,-780.71912,-380.14499,817.42706,-813.02698,-702.27795,138.0394,-625.69061,-391.24765,1052.54028,-858.03406
75,0.74,-787.08215,1504.55212,-779.81812,NA,NA,NA,-816.95221,1383.12659,-975.89227,NA,NA,NA,-504.61624,1401.98828,-863.07666,NA,NA,NA,-679.23047,1270.17419,-869.36334,-637.79224,1393.67346,-1028.25635,-387.70831,1056.39648,-827.26978,NA,NA,NA,NA,NA,NA,-923.65686,808.39099,-981.83386,-639.18811,980.98187,-835.19415,-752.95355,964.23492,-899.59454,-888.3606,1057.39099,-1044.02185,-617.98267,442.03851,-769.76404,NA,NA,NA,-709.5127,141.36798,-611.5376,-394.97748,1049.30798,-848.02936
76,0.75,-789.67303,1503.59692,-769.70734,NA,NA,NA,-820.65869,1381.64087,-966.3576,NA,NA,NA,-508.24271,1400.38843,-852.84607,NA,NA,NA,-683.43781,1269.7002,-859.28235,-641.23468,1392.11597,-1018.88525,-385.31244,811.68549,-797.47565,NA,NA,NA,NA,NA,NA,-927.3158,806.60083,-977.12653,-643.33405,978.26953,-824.61859,-757.06403,963.15613,-890.28247,-891.41888,1055.85437,-1036.76599,-622.56384,440.96048,-758.41516,-689.29962,1438.02954,-671.01215,-715.41437,144.92659,-597.13623,-399.08026,1048.60046,-838.81
77,0.76,-792.47821,1502.70227,-759.85638,NA,NA,NA,-824.31677,1380.23474,-956.95697,NA,NA,NA,-512.11121,1398.34045,-843.47382,NA,NA,NA,-686.8866,1266.97241,-848.44562,-644.76721,1390.43384,-1009.07733,-394.12582,1051.99634,-809.71655,NA,NA,NA,NA,NA,NA,-930.61176,805.35516,-972.11194,-648.94867,977.05219,-817.22253,-760.9668,960.45227,-880.3775,-894.75549,1054.63,-1029.64355,-626.9917,438.17322,-746.86926,-690.95129,1437.00244,-660.72894,-721.46014,145.64583,-583.53595,-402.41367,1045.60596,-828.15955
78,0.77,-795.10425,1501.22827,-748.94244,NA,NA,NA,-827.87158,1378.97998,-947.51105,NA,NA,NA,-515.50989,1396.61353,-833.42316,NA,NA,NA,-691.60675,1265.79236,-839.58875,-648.10999,1388.94885,-998.78589,-401.26077,1048.8667,-801.698,NA,NA,NA,NA,NA,NA,-932.69714,802.23993,-967.0697,-653.55524,974.61554,-807.2356,-765.41003,958.90643,-870.03491,-896.36298,1052.38025,-1020.92145,-632.63495,436.4577,-735.50751,-693.27655,1436.37854,-649.76257,-727.21521,146.56679,-570.1488,NA,NA,NA
79,0.78,-797.7226,1498.77417,-738.70331,NA,NA,NA,-831.30084,1377.74634,-937.35657,NA,NA,NA,-519.26074,1394.58533,-818.70825,NA,NA,NA,-695.48944,1265.42859,-830.93573,-651.36218,1387.50647,-988.15021,-405.30585,1047.02576,-792.62848,NA,NA,NA,NA,NA,NA,-935.69556,801.42743,-961.51959,-657.65796,973.02789,-794.62048,-770.15179,957.27209,-859.62872,-899.28137,1051.44995,-1013.85468,-636.29657,434.44846,-723.40417,-695.43927,1434.5741,-640.19519,-731.15039,145.83339,-559.59045,NA,NA,NA
80,0.79,-799.90771,1498.73767,-727.97571,NA,NA,NA,-834.65027,1376.72583,-927.34314,NA,NA,NA,-523.1825,1393.30396,-808.45355,NA,NA,NA,-698.82556,1263.70508,-818.44916,-654.59778,1386.20337,-978.34967,-410.6727,1043.77832,-784.50305,NA,NA,NA,-396.36676,803.37592,-762.70044,-939.23352,799.85266,-955.57916,-661.42761,972.08124,-784.35284,-774.69135,955.7738,-849.45923,-902.38074,1050.45569,-1006.07068,-640.02142,431.81839,-711.66284,-697.62073,1434.43835,-630.26923,-737.66418,144.65047,-547.96692,NA,NA,NA
81,0.8,-802.70142,1497.60828,-716.89178,NA,NA,NA,-837.89313,1375.82336,-916.82959,NA,NA,NA,-526.33301,1392.07007,-801.72845,NA,NA,NA,-702.19342,1261.76624,-808.15417,-657.72632,1384.50586,-967.30017,-414.84311,1041.42236,-773.94348,NA,NA,NA,-398.15366,802.54297,-755.80475,-940.95862,798.17194,-950.4494,-668.00476,969.92828,-772.03845,-779.40552,954.76581,-838.73016,-906.4516,1050.38538,-998.38049,-643.58557,429.577,-699.70013,-701.13892,1433.71179,-619.52783,-740.77039,143.42461,-537.24188,NA,NA,NA
82,0.81,-805.05078,1496.37671,-705.78229,NA,NA,NA,-841.08643,1375.09045,-906.30255,NA,NA,NA,-529.83801,1389.62878,-788.29486,NA,NA,NA,-706.00214,1261.06506,-797.77673,-660.6712,1383.28088,-956.61169,-418.80988,1039.20117,-763.37213,NA,NA,NA,NA,NA,NA,-945.4942,797.56989,-944.70746,-672.68811,968.67639,-762.39178,-784.89063,953.26489,-827.30164,-908.62323,1049.24121,-989.6875,-646.69263,427.35504,-688.40942,-700.77185,1432.81384,-607.79407,-744.68475,140.72917,-527.39288,NA,NA,NA
83,0.82,-807.53143,1495.66736,-694.64722,-694.2373,1630.15356,-839.47095,-844.20636,1374.21484,-895.68884,NA,NA,NA,-533.51337,1388.31323,-774.75085,NA,NA,NA,-710.65125,1259.90015,-785.61823,-663.53259,1381.89917,-945.49579,-423.30624,1037.29016,-752.76373,NA,NA,NA,NA,NA,NA,-948.28265,796.51367,-939.01477,-677.47491,968.44464,-749.5827,-792.41199,954.85754,-817.23169,-911.95337,1048.70374,-981.34863,-649.94055,425.47406,-674.50629,NA,NA,NA,-736.79858,144.66995,-527.31476,NA,NA,NA
84,0.83,-809.72986,1494.87427,-683.31927,-697.52399,1629.10107,-828.52997,-847.16846,1373.69202,-884.95056,NA,NA,NA,-536.58911,1386.83887,-763.72766,NA,NA,NA,-714.04504,1259.02454,-774.59045,-666.3479,1380.3197,-934.50824,-426.51538,1035.94556,-742.94452,NA,NA,NA,-410.62482,794.92755,-730.02399,-950.93811,795.68646,-933.18213,-683.32336,967.00854,-736.71906,-795.21906,952.11719,-804.67029,-915.25995,1048.4845,-972.99756,-653.92175,422.89783,-662.11121,NA,NA,NA,-739.64563,141.55641,-517.27576,NA,NA,NA
85,0.84,-811.86371,1493.26721,-671.61505,-700.73175,1628.21655,-818.08167,NA,NA,NA,NA,NA,NA,-539.97717,1384.75806,-750.18921,NA,NA,NA,-717.39777,1258.32031,-763.20215,-668.88483,1378.79028,-922.82019,-430.62497,1033.35974,-732.08856,NA,NA,NA,-412.08511,792.30872,-721.85101,-953.85522,794.4259,-927.90894,-689.89624,966.15729,-725.23529,-799.8158,951.13208,-792.44769,-918.60883,1048.42358,-964.22241,-656.54224,419.452,-651.01569,NA,NA,NA,-740.55316,136.47958,-508.29782,NA,NA,NA
86,0.85,-813.97528,1492.50732,-660.36255,-703.88196,1627.49451,-807.76331,-852.8078,1372.47668,-863.30817,NA,NA,NA,-542.91577,1383.97522,-740.47943,NA,NA,NA,-722.61481,1258.21497,-751.88727,-671.28949,1377.47778,-911.44281,-433.39865,1031.48511,-721.43744,NA,NA,NA,NA,NA,NA,-957.24146,794.11841,-919.91943,-695.1651,964.9057,-713.45929,-807.07843,951.39301,-780.83319,-921.97589,1048.11621,-954.76721,-659.2876,415.02426,-638.38568,NA,NA,NA,-743.00049,131.24484,-500.22342,NA,NA,NA
87,0.86,-817.37634,1491.03748,-649.02594,-707.00366,1627.05798,-796.57672,-855.1485,1372.47424,-852.69397,NA,NA,NA,-545.75183,1382.41785,-727.55212,NA,NA,NA,-725.66797,1257.28943,-738.25446,-673.56219,1376.01172,-900.32233,-437.5379,1029.07581,-710.10706,NA,NA,NA,-421.91138,786.60376,-703.64606,-960.11438,793.8645,-913.77216,-701.03442,965.4809,-696.70374,-811.55548,950.42621,-767.43256,-925.57275,1047.90527,-945.58746,-662.45734,411.69058,-625.71625,-828.10706,273.79565,-713.73468,-745.64813,124.50338,-490.39365,NA,NA,NA
88,0.87,-818.3454,1491.04614,-637.57806,-710.10522,1627.11572,-784.94458,-857.71747,1372.47412,-841.95856,NA,NA,NA,-548.38153,1380.94006,-714.19275,NA,NA,NA,-728.45734,1256.76245,-727.08435,-675.75183,1374.83057,-888.51489,-441.42838,1027.19031,-698.98151,NA,NA,NA,-425.68851,785.04047,-689.68738,-963.17249,793.80524,-906.73199,-706.54523,962.66779,-685.59192,-816.55646,950.44458,-754.52618,-929.08105,1047.95825,-936.01782,-665.59106,407.94757,-614.37421,-832.67761,277.26617,-706.66913,-747.96381,116.7105,-482.42255,NA,NA,NA
89,0.88,-820.84888,1491.36304,-625.15167,-712.99432,1627.95581,-773.09167,-860.13525,1372.93274,-830.60388,NA,NA,NA,-550.53754,1380.49512,-703.59467,NA,NA,NA,-732.15796,1258.21387,-715.92041,-677.74335,1374.56116,-876.73322,-444.31195,1026.14954,-687.27869,NA,NA,NA,-431.23709,783.22046,-681.63745,-966.04712,793.62463,-899.34906,-712.31763,960.98804,-673.84222,-824.73914,951.87762,-741.84204,-932.52325,1048.57202,-926.17938,-670.39154,406.05685,-602.00629,-799.64081,496.40158,-1064.53174,-747.70844,110.25773,-473.29807,-729.30493,81.20871,-1200.15479
90,0.89,-822.24707,1491.82654,-613.17657,-715.81903,1629.16748,-760.60461,NA,NA,NA,NA,NA,NA,-552.75824,1380.08008,-691.40314,NA,NA,NA,-735.66949,1258.37891,-702.89441,-679.99176,1374.53516,-864.54095,-447.5737,1024.36829,-675.92249,NA,NA,NA,-432.51511,782.76892,-673.24768,-967.82654,793.23566,-892.91443,-715.69476,959.30536,-658.5293,-827.98956,951.16486,-728.12701,-935.9776,1049.56689,-916.31995,-676.78107,408.05865,-588.42883,-804.70245,496.61819,-1045.6394,-750.07086,102.18011,-467.73105,-730.95599,85.03471,-1196.05835
91,0.9,-824.20087,1493.15295,-601.17725,-718.44067,1630.68201,-748.91138,-605.65161,1542.71094,-650.64911,-865.24554,1374.96436,-808.69739,-555.27472,1380.15637,-678.90381,NA,NA,NA,-738.87103,1260.37415,-691.23724,-682.1579,1375.49585,-853.5177,-451.67636,1023.7926,-664.72754,NA,NA,NA,NA,NA,NA,-971.03845,795.46655,-884.98016,-719.67438,958.53156,-645.60095,-831.95392,950.85809,-715.02771,-939.47528,1050.93762,-906.17816,-683.73462,412.02994,-575.69519,-810.30054,497.02319,-1031.97937,-751.38788,96.73311,-463.1066,-732.36682,88.71761,-1188.63977
92,0.91,-826.41791,1494.71826,-589.35962,-720.94043,1632.23059,-737.5108,NA,NA,NA,-867.63074,1376.57825,-796.94086,-557.71069,1381.52405,-669.10071,NA,NA,NA,-741.9209,1262.47156,-679.96808,-684.63788,1376.47632,-841.45258,-455.39139,1023.78906,-652.81378,NA,NA,NA,NA,NA,NA,-973.27698,796.43115,-877.03204,-722.93176,957.11621,-632.23883,-835.92926,951.85144,-702.56689,-943.82294,1053.50879,-896.30133,-691.27185,416.44461,-561.7887,-816.29559,498.12622,-1017.10974,-752.90149,89.70778,-459.36432,-735.92352,94.36124,-1182.38318
93,0.92,-828.58942,1495.34277,-577.83197,-723.40869,1633.42395,-726.24438,NA,NA,NA,-870.06622,1378.45593,-785.55402,-559.71808,1382.14905,-657.02295,NA,NA,NA,-745.31976,1263.42578,-667.2243,-687.09534,1377.63782,-830.27032,-457.68121,1024.57141,-641.44025,NA,NA,NA,NA,NA,NA,-976.64111,799.54675,-868.854,-725.97693,959.00726,-618.63086,-838.50824,952.97137,-689.72577,-947.11255,1056.04333,-885.61078,-699.12006,420.24527,-548.44891,-822.21619,499.70245,-1003.44989,-754.21161,83.06403,-457.82672,NA,NA,NA
94,0.93,-830.47504,1497.17749,-566.0979,NA,NA,NA,NA,NA,NA,-872.18005,1380.39795,-773.84161,-562.01776,1383.40149,-645.05798,NA,NA,NA,-747.15076,1264.98889,-655.02826,-689.62158,1378.96082,-818.51904,-460.52264,1026.68713,-629.93024,NA,NA,NA,NA,NA,NA,-979.55493,801.61761,-860.77911,-728.6236,957.67651,-608.43256,-841.7038,954.51636,-677.35144,-950.22137,1058.75757,-875.88708,-705.69788,424.02017,-535.47125,-828.02277,501.71771,-989.24792,-754.46564,78.778,-454.80106,NA,NA,NA
95,0.94,-833.05725,1498.47095,-555.67755,-727.75995,1635.46191,-704.28668,-613.58228,1547.2312,-606.302,-874.14758,1382.37756,-762.14758,-563.63037,1384.99951,-635.12512,NA,NA,NA,-749.49664,1267.57898,-645.29926,-691.96216,1380.46545,-808.47015,-463.67834,1028.11816,-619.34473,NA,NA,NA,NA,NA,NA,-982.16449,804.41235,-850.71307,-731.11884,960.35266,-597.13043,-843.34241,955.91443,-665.9306,-953.17963,1061.56714,-865.54193,-713.11414,426.91129,-522.84259,-834.13043,504.41089,-974.95313,-754.07489,75.10439,-454.06134,NA,NA,NA
96,0.95,-833.6015,1499.10388,-544.49878,-729.92957,1636.26025,-694.04541,-615.42743,1548.87878,-597.33496,-876.05865,1384.36597,-751.09424,-566.02039,1387.44312,-625.91113,NA,NA,NA,-751.15234,1269.40967,-634.35364,-694.14276,1381.96582,-797.81226,-465.42062,1030.34753,-607.94427,NA,NA,NA,-448.81012,781.19745,-636.29034,-984.58698,807.401,-842.12445,-733.43091,963.9173,-584.16376,-845.84918,957.9729,-654.21399,-954.66943,1063.27637,-853.93945,-720.25366,428.58603,-509.32727,-840.32104,506.52792,-961.03717,-754.82562,72.72456,-452.51367,NA,NA,NA
97,0.96,-835.2276,1500.46533,-534.07446,-731.77228,1637.37769,-684.20599,-616.71265,1550.19934,-587.54407,NA,NA,NA,-567.86658,1388.40271,-613.00354,NA,NA,NA,-753.19385,1271.30591,-621.79565,-696.0083,1383.56677,-787.13367,-468.27521,1031.0199,-598.49823,-653.16693,899.61011,-836.05286,-453.57062,782.96027,-626.90601,-987.383,809.88654,-832.54175,-736.22266,967.61035,-574.27869,-848.1701,960.97864,-642.69946,-957.27515,1065.96582,-842.93634,-725.36536,430.43237,-497.49197,-846.33337,508.52982,-946.52411,-753.55383,71.10612,-452.17712,NA,NA,NA
98,0.97,-836.63403,1502.03357,-522.78705,-733.62207,1638.91919,-674.01099,-618.64856,1552.64917,-579.66083,NA,NA,NA,-569.48621,1389.60608,-606.36469,-879.31195,1388.83948,-729.57813,-754.2453,1273.35132,-611.01624,-697.97601,1384.93701,-777.13739,-470.82971,1032.75061,-587.20007,-657.24762,900.89063,-825.88666,-455.64478,784.46265,-623.39917,-990.45941,812.26392,-822.21521,-739.1944,970.82043,-562.12292,-850.52167,963.93707,-631.95465,-959.82831,1068.55811,-832.45276,-731.38147,430.483,-486.47867,-852.41608,511.20343,-932.62299,-753.40973,71.58108,-451.41379,NA,NA,NA
99,0.98,-838.45154,1504.34888,-512.89276,-735.19934,1640.8291,-663.0932,-620.05487,1553.89172,-568.07916,NA,NA,NA,-571.02679,1391.20361,-596.48297,-881.01794,1391.16577,-719.59344,-757.07849,1275.69519,-600.60883,-699.75977,1386.68652,-767.51526,-474.58609,1034.13367,-578.90515,NA,NA,NA,-458.75546,786.1582,-611.70422,-993.19904,813.97168,-812.19464,-741.11218,973.70294,-551.38904,-853.43164,966.66046,-621.79907,-717.5061,887.34711,-737.1864,-734.68384,430.69952,-476.83389,-858.46851,513.19897,-917.23303,-754.29785,71.50191,-448.83484,NA,NA,NA
100,0.99,-839.57446,1505.79358,-502.52747,-736.74487,1642.92542,-653.21088,-621.29126,1555.54614,-557.92694,NA,NA,NA,-573.24182,1393.28345,-587.46741,-882.78595,1393.47009,-709.86255,-758.50623,1277.77307,-589.81604,-701.48987,1388.64331,-758.14191,-476.77646,1035.19238,-569.32361,-964.71936,1072.89563,-809.81897,-463.97006,787.37732,-605.29333,-997.06726,817.43524,-800.80334,-744.3847,976.18494,-539.69891,-856.54266,970.32257,-612.70392,-657.36365,904.76117,-802.74554,-738.48535,429.78406,-468.41638,-864.34369,515.05499,-901.65582,-753.9657,71.34219,-447.23306,NA,NA,NA
101,1,-840.48029,1507.87573,-492.71362,-738.02844,1645.38123,-643.0528,-622.33649,1556.57202,-545.94855,NA,NA,NA,-575.01196,1394.5238,-577.84583,-885.36713,1394.99292,-699.31451,-761.2973,1281.09204,-579.15265,-703.25177,1390.55701,-748.7948,-478.34695,1037.56677,-560.19141,-967.78021,1075.81836,-808.30542,-465.5961,788.84363,-595.3429,-1000.38574,820.73108,-790.53906,-747.50891,978.37982,-529.55157,-859.9751,973.2052,-603.77515,-659.39551,905.83673,-791.65881,-739.46631,430.58847,-461.45175,-870.17621,516.26135,-886.3241,-753.44904,71.29924,-446.49695,-722.26489,890.61182,-712.45929
102,1.01,-842.52411,1509.86633,-483.76443,-739.27545,1647.82751,-633.41028,-623.6922,1558.79797,-537.36932,NA,NA,NA,-576.62476,1396.73645,-567.9303,-887.29846,1398.12488,-691.23206,-764.33179,1283.7738,-569.45056,-705.07733,1392.44421,-739.40509,-480.836,1038.66968,-550.26001,-969.38202,1077.65723,-788.28925,-470.2182,790.6452,-581.39435,-1003.6156,823.26428,-778.53174,-751.57379,979.89575,-521.48212,-863.58667,975.90552,-594.66254,-665.034,904.03778,-783.54602,-739.22131,431.0499,-452.1207,-875.87598,516.93182,-870.04846,-752.50568,73.07908,-442.57443,NA,NA,NA
103,1.02,NA,NA,NA,-740.63654,1650.22693,-622.90332,-624.66205,1560.28601,-531.23138,NA,NA,NA,-578.37115,1398.22205,-559.75702,-888.20776,1401.8429,-683.76178,-767.16034,1286.88342,-560.22791,-706.83899,1394.53857,-730.48798,-483.89114,1039.65955,-540.10461,-971.54645,1080.28821,-777.69275,-474.44586,792.13361,-570.5686,-1007.43073,825.758,-765.97485,-755.19067,981.09747,-511.55164,-865.7793,978.19598,-585.23157,-666.3775,906.29083,-772.99841,-737.72101,430.64661,-444.99567,-880.22723,516.32782,-852.54059,-752.21082,74.04294,-441.36646,NA,NA,NA
104,1.03,NA,NA,NA,-741.83612,1652.86755,-613.7049,-625.97491,1562.0238,-522.58691,-843.96765,1514.11047,-464.59909,-580.68378,1399.44946,-550.67395,-890.80939,1404.30298,-674.66345,-769.79559,1289.94067,-550.59973,-708.50525,1396.77002,-721.388,-485.82849,1042.0426,-530.14233,-973.7218,1082.87915,-767.69702,-478.42014,793.10498,-557.76508,-1010.82275,829.12073,-753.97021,-758.80316,982.72705,-502.31943,-868.43561,980.45691,-576.5564,-669.05676,908.19696,-762.58209,-735.26776,430.87564,-438.7811,-885.69482,515.03314,-834.65057,-751.63916,74.38625,-440.01053,NA,NA,NA
105,1.04,NA,NA,NA,-742.96173,1655.67798,-603.56256,-626.77802,1563.92493,-513.99701,-843.84686,1515.40735,-454.34448,-581.87164,1402.25232,-543.10553,-892.5672,1407.18347,-666.02826,-772.7276,1292.70679,-541.29706,-710.28088,1398.78784,-712.58142,-487.76022,1044.57837,-519.90411,-975.92584,1085.61353,-757.95111,-480.87192,795.99487,-543.37872,-1014.34058,832.71899,-741.51544,-762.41449,986.15338,-491.71338,-871.69708,983.58746,-567.54919,-671.28656,912.02045,-752.87872,-732.60803,431.52484,-432.4451,-890.88666,513.63782,-816.49731,-749.94672,76.69729,-436.38696,NA,NA,NA
106,1.05,NA,NA,NA,-744.12,1658.42334,-594.5249,-627.96515,1566.32117,-505.3046,-845.93701,1518.94653,-444.92178,-583.78998,1403.90723,-534.21014,-894.20032,1410.33557,-658.55878,-774.65985,1295.7937,-532.53711,-711.99414,1401.03674,-704.20947,-490.616,1046.17395,-509.27271,-978.01166,1088.6698,-748.16827,-485.45764,796.76855,-529.22815,-1017.93536,835.80762,-728.61646,-765.41705,988.24536,-485.18649,-875.3913,986.75336,-558.87476,-672.65448,913.67957,-742.26819,-728.66833,431.50653,-426.64783,-896.01257,512.13605,-797.50891,-751.19159,76.46085,-435.52942,NA,NA,NA
107,1.06,NA,NA,NA,-745.25891,1660.91724,-584.98712,-628.83337,1568.36487,-498.10031,-846.55939,1521.90173,-436.21164,-585.75745,1406.13513,-526.52869,-895.77417,1413.14063,-649.59229,-776.99634,1298.50378,-524.09186,-713.78638,1403.34412,-695.70905,-493.36435,1048.63025,-498.54031,-979.96619,1091.90808,-739.02075,-489.69971,799.33942,-516.79761,-1021.49103,838.9743,-714.76111,-767.65942,992.01471,-475.38464,-878.63397,990.07379,-550.51855,-674.73596,916.32037,-732.75867,-725.68079,430.67517,-422.44141,-901.96594,510.58026,-777.23401,-750.18958,76.55776,-433.06421,NA,NA,NA
108,1.07,NA,NA,NA,-746.43372,1663.31702,-576.10516,-629.44971,1569.91101,-489.38998,-847.33423,1523.69189,-426.87994,-587.09235,1408.45642,-517.55615,-897.2774,1415.81677,-641.06049,-779.19208,1301.73938,-516.40906,-715.75647,1405.1947,-687.01678,-495.97134,1051.1189,-488.22247,-982.185,1094.46301,-728.79047,-493.11926,802.96552,-502.41708,-1025.19189,842.9743,-701.84875,-770.30566,995.16315,-465.89783,-881.216,992.35498,-541.16785,-675.67706,917.83917,-723.12292,-721.0144,429.58746,-417.90076,-908.58606,509.30179,-755.90839,-750.09235,76.36037,-431.81512,NA,NA,NA
109,1.08,NA,NA,NA,-747.47809,1665.9375,-566.97089,-630.21429,1571.8772,-481.91364,-848.0517,1526.026,-418.41647,-588.89453,1410.94263,-510.74759,-898.37708,1417.68164,-632.95575,-780.60858,1303.88696,-508.53085,-717.69818,1407.25305,-678.61353,-499.34418,1053.60388,-477.91937,-984.32739,1096.83118,-718.95801,-491.08789,811.479,-469.28046,-1028.81201,846.1123,-687.69556,-772.32349,998.08966,-456.12482,-883.50073,995.30084,-531.66211,-677.89032,920.18048,-714.04895,-716.37915,428.55774,-412.93884,-916.01019,509.23953,-732.85748,-750.35815,76.02802,-430.80548,NA,NA,NA
110,1.09,NA,NA,NA,-748.49603,1668.45789,-558.25018,-630.97333,1574.09229,-473.81711,-848.78021,1528.43054,-409.45447,-590.88245,1413.50928,-502.99594,-900.86615,1422.13879,-624.75354,-781.73169,1306.03064,-500.42926,-719.57672,1409.36401,-669.62439,-502.77551,1056.3158,-467.36948,-987.80933,1100.63513,-710.12714,-496.23746,812.22046,-460.66183,-1031.78589,850.23389,-674.1922,-773.80383,1000.79248,-447.59109,-885.19452,997.38007,-522.77966,-683.8208,920.14441,-706.88574,-711.36023,427.67346,-409.53116,-923.74933,511.17361,-709.71497,-750.27777,74.94421,-429.36414,NA,NA,NA
111,1.1,NA,NA,NA,-749.43103,1670.90833,-549.55536,-631.7561,1576.1416,-466.35007,-849.40729,1530.5752,-400.6799,-592.11163,1416.6084,-496.04211,-902.45654,1424.65112,-616.06293,-782.89331,1307.95532,-492.6666,-721.44958,1411.73718,-662.10498,-505.69653,1058.42017,-457.21075,-989.9411,1103.02063,-700.3045,-503.28799,811.75781,-459.33606,-1035.06055,853.76312,-659.72473,-774.41461,1004.82416,-439.89462,-886.85083,1000.66742,-512.8797,-676.37646,925.70117,-691.43292,-706.92712,426.74698,-405.65918,-932.12628,513.60071,-685.55298,-750.07825,74.58374,-428.72025,NA,NA,NA
112,1.11,NA,NA,NA,-750.47015,1673.10254,-541.02472,-632.4035,1578.03821,-458.26825,-849.88885,1533.05103,-392.21014,-593.47711,1418.49609,-487.66226,-903.79303,1426.98669,-607.29156,-783.94873,1310.20325,-484.14374,-723.34485,1413.75867,-654.15112,-508.43256,1062.02747,-446.90421,-990.58472,1104.26526,-688.32111,-507.54578,816.58179,-444.39871,-1038.67444,857.90533,-646.50323,-775.57404,1006.6698,-432.20377,-887.65369,1002.70221,-503.35254,-679.22449,928.01477,-683.39154,-701.5368,427.12265,-401.96506,-940.68158,516.159,-661.00732,-750.13696,74.22139,-428.42447,NA,NA,NA
113,1.12,NA,NA,NA,-751.4408,1675.02136,-532.65564,-633.16339,1579.85754,-451.58707,-848.39929,1534.19324,-382.16632,-595.21436,1420.86914,-480.35239,-905.6106,1429.4231,-598.38757,-784.52075,1312.27649,-476.0755,-725.31464,1415.68347,-645.44604,-509.6897,1065.22961,-436.70441,-992.88562,1106.59094,-677.79028,-509.41238,821.28564,-430.52417,-1042.60706,861.60516,-632.37231,-776.28235,1010.6814,-422.33841,-888.10815,1005.09674,-493.45755,-681.94214,930.50769,-676.08978,-698.29681,426.64502,-400.11713,-950.33344,521.01129,-637.54407,-750.80383,73.16851,-427.76855,NA,NA,NA
114,1.13,NA,NA,NA,-752.41241,1677.07678,-524.3562,-633.76013,1581.50793,-443.21979,-848.02759,1535.71509,-373.13989,-596.6864,1422.9668,-472.04138,-907.11169,1431.58911,-589.84216,-786.89673,1314.34021,-468.59637,-727.13934,1417.97266,-638.19061,-512.95166,1067.82104,-426.94748,-995.35657,1108.59473,-666.58978,-513.17212,824.79712,-415.02878,-1046.3197,864.96875,-618.35431,-775.22021,1013.04657,-412.1879,-888.82446,1007.79724,-483.53445,-685.39313,932.00079,-668.27643,-693.04083,426.79803,-398.65207,-957.08801,524.19031,-612.29803,-748.80145,74.3762,-427.04324,NA,NA,NA
115,1.14,NA,NA,NA,-753.44287,1678.69128,-516.26172,-634.35693,1582.82788,-436.26315,-851.38702,1539.50635,-366.27664,-598.0885,1425.3313,-464.31583,-909.15875,1433.76599,-581.4306,-787.15894,1315.86755,-460.34421,-729.13391,1419.65161,-630.33466,-514.90363,1069.83667,-417.73215,-997.91772,1110.48962,-655.73279,-515.74359,827.54938,-403.62439,-1049.76404,868.36829,-605.31189,-774.58337,1015.58673,-404.19009,-888.948,1009.3205,-473.97607,-689.52161,932.93848,-660.42517,-689.16565,427.55588,-398.50439,-965.03357,529.54346,-588.39063,-748.24115,75.00901,-426.56104,NA,NA,NA
116,1.15,NA,NA,NA,-754.41565,1680.39844,-508.14972,-634.98608,1584.57239,-429.04147,-848.95087,1539.34485,-355.91187,-599.00647,1427.28235,-457.75052,-910.6001,1435.31421,-572.08435,-789.06628,1318.05957,-452.38123,-731.12189,1421.22815,-622.16254,-514.80017,1073.61609,-407.37735,-1000.60846,1111.9231,-644.24982,-518.29993,831.42725,-389.39661,-1053.39771,870.93842,-590.93982,-775.51398,1017.5484,-398.29965,-890.24176,1010.92792,-464.54538,-693.25446,934.09943,-652.89697,-685.31036,427.84967,-398.27975,-972.72992,534.79456,-564.32001,-746.99835,74.93433,-426.16235,-916.59174,221.12454,-737.03632
117,1.16,NA,NA,NA,-755.57257,1681.56006,-499.97845,-635.62628,1585.73059,-421.2793,-847.72119,1540.68018,-346.91077,-600.39197,1429.09485,-451.56766,-912.55798,1436.69336,-563.01068,-789.53741,1319.43542,-443.5654,-733.25885,1422.58984,-614.34363,-515.79016,1076.19275,-399.57498,-1003.0918,1113.57947,-633.53345,-520.28198,835.71295,-376.54718,-1057.29858,873.50702,-577.70947,-774.25287,1019.75366,-388.61548,-889.97937,1011.9472,-454.35995,-696.45111,934.94452,-645.74078,-680.00433,428.2272,-398.86685,-980.25,540.15778,-540.33105,-744.85864,75.95918,-427.29633,-928.52893,220.39427,-709.24554
118,1.17,NA,NA,NA,-756.6463,1682.8114,-492.24643,-636.38873,1586.95154,-414.6203,-849.4931,1542.55615,-338.61511,-601.2431,1431.08545,-445.36975,-914.79755,1437.53137,-554.21393,-790.28455,1320.68884,-435.10092,-735.2041,1423.97949,-606.74005,-518.76239,1077.22119,-389.79727,-1005.82227,1114.62439,-621.44073,NA,NA,NA,-1060.63037,875.17261,-564.21667,-773.13794,1022.27771,-380.2836,-890.31079,1012.7608,-444.19882,-700.18982,935.40277,-638.56049,-676.88977,428.75989,-399.46396,-988.86255,547.58063,-519.93884,-744.80151,75.21542,-427.88016,-939.22968,220.87451,-681.44745
119,1.18,NA,NA,NA,-757.67694,1684.01465,-484.53467,-637.16254,1587.88708,-406.75684,-848.8222,1543.10583,-329.08536,-602.32202,1432.01599,-437.96289,-915.97009,1439.10608,-544.49487,-790.23206,1321.52454,-426.86517,-737.50342,1424.89001,-598.90021,-520.55975,1079.29199,-381.84131,-1008.43134,1115.95947,-611.11914,NA,NA,NA,-1064.45996,877.46417,-550.96906,-773.24371,1021.77411,-374.58359,-889.82458,1013.56329,-434.45782,-704.33063,936.13763,-631.66241,-676.04828,428.21692,-400.11487,-994.54083,552.6687,-497.40808,-741.40613,76.29369,-426.97855,-949.92535,218.89812,-655.74731
120,1.19,NA,NA,NA,-758.73004,1684.9021,-476.25708,-637.94489,1588.44519,-398.97916,-848.70483,1544.50928,-320.69144,-602.95703,1433.30957,-431.34766,-917.56744,1440.08276,-535.25299,-790.90588,1322.62329,-419.01041,-739.59302,1426.00098,-591.13635,-520.34662,1080.88965,-372.2775,-1012.20331,1117.42664,-600.22833,NA,NA,NA,-1068.12415,878.59875,-538.00836,-770.76105,1023.86597,-363.5538,-891.51715,1014.62531,-425.27267,-707.90479,936.08191,-623.85974,-671.69537,428.76813,-400.89557,-1000.90991,558.43707,-476.3468,-738.62592,76.46155,-427.09262,NA,NA,NA
121,1.2,NA,NA,NA,-759.88568,1685.56458,-467.98877,-637.77557,1588.96716,-391.87762,-848.86249,1545.56775,-311.96011,-604.02051,1434.94556,-425.11121,-919.36383,1440.83923,-525.29022,-791.11993,1323.33643,-411.08472,-742.01929,1426.75989,-583.64636,-520.11407,1083.67102,-363.09213,-1015.45233,1118.60876,-589.41833,NA,NA,NA,-1072.24585,880.11792,-524.37769,-770.44897,1024.41223,-356.97784,-890.07379,1014.85779,-414.7623,-712.33124,936.25006,-616.9339,-668.9054,429.49469,-402.59833,-1006.0108,564.38123,-456.92349,-736.62219,76.98795,-427.21414,NA,NA,NA
122,1.21,NA,NA,NA,-760.87885,1686.21179,-459.94409,-638.82434,1590.21509,-385.62531,-849.49573,1546.19263,-303.84583,-604.39478,1435.76062,-419.11893,-920.6806,1441.34814,-515.84888,-791.92584,1324.53003,-403.55463,-744.25714,1427.74854,-576.55371,-521.21704,1085.47986,-355.10681,-1019.13446,1119.57446,-578.35724,NA,NA,NA,-1075.74414,880.73248,-511.59979,-768.85309,1024.69409,-349.74451,-888.93134,1015.16187,-404.48846,-716.76599,935.62054,-609.64679,-665.97913,429.05252,-403.21826,-1011.02802,568.86224,-438.07755,-734.6496,77.18333,-426.83099,NA,NA,NA
123,1.22,NA,NA,NA,-761.92999,1686.7738,-452.06454,-639.22455,1591.02502,-378.57281,-849.03516,1545.96765,-294.89871,-604.5155,1436.7063,-414.03,-922.39667,1441.66943,-505.72119,-790.90228,1324.48926,-394.76617,-746.73468,1428.40894,-568.9599,-521.51965,1087.19983,-345.49893,-1023.16193,1120.35315,-567.32471,NA,NA,NA,-1078.77502,882.23236,-498.71603,-767.8205,1024.54553,-341.16626,-889.41931,1015.8772,-394.41916,-720.88477,936.04419,-603.10931,-663.41528,429.62979,-404.71304,-1015.51965,572.21429,-419.50769,-731.21014,75.52412,-426.53055,NA,NA,NA
124,1.23,NA,NA,NA,-762.94794,1687.37109,-443.87793,-639.59851,1590.94604,-370.75323,-849.10718,1546.98853,-286.47589,-605.16382,1437.65906,-408.29834,-924.30695,1442.25891,-496.13309,-790.52039,1325.07556,-386.83667,-749.18915,1428.91602,-561.4928,-521.26373,1090.23425,-336.87939,-1025.41138,1120.33545,-554.97827,NA,NA,NA,-1082.49744,882.82379,-486.20004,-766.15161,1025.79797,-332.02625,-888.19434,1016.33466,-384.35837,-724.59656,935.97211,-596.12549,-660.52441,429.12024,-405.2103,-1019.44641,574.7627,-401.51309,-730.02008,75.72508,-426.31607,NA,NA,NA
125,1.24,NA,NA,NA,-763.95367,1687.63806,-435.68106,-640.33344,1591.45532,-363.14313,-849.1637,1546.38977,-278.28522,-605.46967,1438.69165,-403.17419,-925.56677,1442.02966,-485.84763,-791.23737,1325.84058,-378.86661,-751.74182,1429.23889,-553.79608,-521.65295,1091.60132,-328.76147,-1030.13403,1121.12732,-544.5827,NA,NA,NA,-1085.31335,882.98975,-473.05374,-763.71027,1026.55823,-323.54883,-888.10559,1017.33936,-374.12497,-728.57397,936.33167,-588.65369,-658.01953,429.42935,-406.00061,-1022.99756,576.31451,-384.33221,-726.03522,76.62408,-425.25424,-1012.81622,194.23225,-503.87082
126,1.25,NA,NA,NA,-764.8374,1687.87695,-427.83878,-640.4281,1591.71204,-356.58188,-849.55627,1546.66089,-269.92465,-605.97296,1438.49707,-398.06799,-926.90686,1442.17334,-475.19211,-790.32813,1325.56921,-369.9646,-754.28754,1429.55847,-546.09296,-521.87781,1093.85571,-322.64954,-1033.92188,1121.97546,-533.30908,-533.60455,869.94116,-254.15482,-1089.10474,884.20721,-460.60291,-763.41351,1026.1748,-317.59741,-887.7099,1017.51941,-364.29211,-732.53534,935.83069,-581.67688,-655.27368,429.43915,-406.86035,-1025.95349,577.51941,-368.52936,-724.2345,75.8893,-425.04898,-1023.63,186.42867,-481.3327
127,1.26,NA,NA,NA,-765.64429,1688.18933,-419.64865,-641.11884,1591.55139,-348.54208,-847.87067,1545.95972,-261.17487,-606.80939,1439.08484,-391.48624,-928.21008,1442.26685,-465.22363,-789.59717,1325.94641,-362.12024,-756.84741,1429.6759,-538.22412,-522.2265,1095.16345,-313.67981,-1037.89172,1122.59399,-522.25757,NA,NA,NA,-1091.76965,884.30621,-448.35779,-761.37946,1027.09717,-310.06772,-886.81464,1017.58795,-353.75717,-736.16589,936.47308,-574.00189,-653.33173,429.30038,-406.95914,-1028.61279,578.25,-354.50357,-720.422,76.72298,-424.74466,-1032.23071,178.41975,-457.65717
128,1.27,NA,NA,NA,-766.51324,1688.07422,-411.31418,-641.16986,1591.30591,-341.49832,-848.0625,1545.54749,-252.26131,-606.46045,1439.55908,-386.52078,-929.59137,1441.9137,-454.24835,-790.45581,1326.15308,-353.85818,-759.58484,1429.58557,-530.65906,-522.90729,1096.97449,-306.93048,-1040.09863,1122.03552,-509.37405,NA,NA,NA,-1094.6792,884.13647,-435.82513,-760.08063,1026.7843,-302.87772,-887.177,1018.99261,-344.17206,-739.18774,936.43402,-567.53442,-650.36243,429.53577,-407.6738,-1031.9325,579.86798,-343.15866,-717.8067,76.36777,-423.63403,-1040.50903,170.65071,-435.00134
129,1.28,NA,NA,NA,-767.23309,1688.03979,-402.72699,-641.24634,1591.60193,-335.15363,-847.3446,1545.17651,-244.29153,-606.73328,1439.67627,-381.55276,-931.23096,1441.9137,-443.83011,-789.92236,1326.72058,-344.73215,-762.18744,1429.80859,-523.23383,-523.90491,1097.67493,-299.26907,-1043.41028,1122.46045,-498.60922,-537.96136,877.26599,-222.55234,-1097.96204,884.06805,-422.80084,-758.22955,1027.42285,-293.97623,-885.82788,1019.31549,-333.35199,-743.17139,936.59454,-560.59753,-648.06482,429.59641,-408.63174,-1033.03735,579.33954,-331.99356,-716.65948,75.21408,-424.45169,-1049.58142,160.70169,-413.44287
130,1.29,NA,NA,NA,-767.97052,1687.84583,-394.39301,-642.099,1590.43689,-326.64526,-846.65472,1544.0929,-235.29198,-607.05481,1438.85437,-375.69617,-932.54822,1441.96509,-433.41251,-788.48199,1326.22876,-334.99576,-764.8858,1429.46094,-515.57275,-524.23462,1099.01233,-293.01407,-1047.01587,1122.28235,-486.03574,-537.67407,881.36963,-208.34531,-1101.29138,884.34106,-410.48547,-756.78058,1028.05042,-287.04385,-884.62109,1019.27997,-323.70792,-746.9184,936.55139,-553.27753,-646.36981,429.80649,-409.17209,-1034.22742,578.10223,-322.11816,-713.45343,74.45637,-423.62033,-1057.83838,152.15747,-391.06641
131,1.3,NA,NA,NA,-768.60553,1687.63159,-385.85748,-642.11627,1591.05249,-319.42517,-847.76807,1544.02014,-227.94839,-608.04578,1439.2135,-370.88638,-933.40387,1441.11682,-422.13947,-787.84882,1325.34009,-323.64636,-767.56079,1429.13684,-507.48505,-524.73145,1100.47107,-286.43082,-1050.17285,1122.70801,-474.98819,NA,NA,NA,-1103.93555,884.27008,-397.77106,-755.11829,1028.03906,-277.27307,-884.89343,1019.42725,-313.87897,-751.4646,935.46796,-543.93311,-644.47925,429.16275,-408.57898,-1033.41809,575.24341,-315.18674,-709.65826,75.01932,-423.08658,-1064.88428,146.40508,-364.09906
132,1.31,NA,NA,NA,-769.12714,1687.35486,-377.24167,-641.74011,1590.2019,-312.6203,-847.50208,1543.31921,-218.99855,-607.64301,1438.38635,-365.2814,-934.98682,1440.98267,-411.66721,-789.99487,1322.90576,-325.51526,-770.06854,1428.95508,-499.54166,-525.97803,1100.948,-279.46017,-1054.51111,1123.11804,-463.18805,-539.83203,885.28479,-190.84305,-1106.86182,883.60284,-384.99521,-753.56842,1027.05383,-270.72699,-883.34198,1019.51782,-303.35004,-754.82404,935.77258,-536.83978,-644.11682,429.39182,-408.75024,-1032.36096,572.13245,-308.9418,-706.49359,74.80392,-424.02274,-1071.34729,141.96219,-335.54074
133,1.32,NA,NA,NA,-769.70056,1686.79944,-368.77228,-642.47333,1589.53662,-305.22189,-846.09692,1542.30798,-210.23076,-607.45844,1437.6792,-362.57364,-936.05756,1440.62061,-400.94379,-788.51978,1322.65833,-317.87247,-772.10254,1427.33264,-491.31961,-526.94342,1101.82947,-273.02634,-1057.74915,1123.00549,-451.39877,NA,NA,NA,-1109.22449,883.46393,-372.12146,-752.68365,1025.9491,-263.84778,-883.4978,1019.66217,-293.60129,-757.92792,935.25177,-529.01727,-642.6452,428.53369,-408.31351,-1030.20203,567.99481,-302.64066,-703.7915,73.698,-423.26331,-1076.08777,139.73816,-303.33472
134,1.33,NA,NA,NA,-770.22577,1686.18628,-360.71777,-642.45935,1589.10681,-297.9119,-845.2041,1540.7207,-201.50284,-607.47418,1437.00012,-355.66595,-937.12018,1439.57141,-389.24066,-787.9549,1319.96045,-310.66882,-774.97687,1427.05847,-483.48792,-528.45258,1101.62488,-266.40771,-1060.67395,1122.89014,-439.28766,NA,NA,NA,-1111.10913,883.19464,-359.89288,-751.7749,1026.32092,-256.4725,-882.06866,1018.98151,-282.78891,-761.19604,935.3017,-521.90613,-641.83032,428.58475,-407.55655,-1027.3147,563.9071,-296.97751,-701.01935,73.5666,-423.99158,-1078.01282,136.27448,-276.76117
135,1.34,NA,NA,NA,-770.63617,1685.53723,-352.08505,-642.32721,1588.22607,-290.44986,-845.08636,1540.46765,-192.57921,-608.10797,1436.43677,-350.35544,-937.72894,1438.79968,-378.36078,-787.01276,1319.83655,-304.1781,-777.33032,1426.52454,-475.08652,-528.92242,1101.90027,-260.41977,-1063.48401,1122.38562,-426.22195,-539.43665,889.85938,-164.62479,-1113.19067,882.58002,-346.41183,-751.08771,1024.05066,-249.38159,-881.46521,1017.7326,-271.84845,-764.37103,934.34131,-514.21051,-641.01843,428.5098,-406.88104,-1024.03955,559.63446,-289.75995,-698.12463,73.06347,-424.83322,-1078.82849,135.76918,-240.45093
136,1.35,NA,NA,NA,-771.02826,1684.54407,-343.84244,-641.81146,1587.39587,-282.77133,-844.39581,1539.66455,-183.98091,-608.52399,1434.90295,-344.36728,-938.41223,1438.48987,-367.37213,-787.42291,1320.13135,-288.65121,-779.75848,1425.4834,-466.88422,-529.4826,1101.49084,-253.91684,-1065.81604,1121.58167,-413.07849,-538.51587,891.6748,-153.89561,-1114.71936,882.40338,-333.55115,-749.26422,1023.10828,-239.34198,-881.36792,1017.37006,-259.95663,-767.02979,933.45416,-505.95221,-640.23126,427.81073,-405.8324,-1019.58044,555.81293,-282.59732,-695.53613,72.08918,-424.58871,-1078.04504,136.15904,-213.2636
137,1.36,NA,NA,NA,-771.36383,1683.56458,-335.43182,-642.53247,1585.97375,-275.13043,-843.14948,1538.21423,-174.68343,-608.83386,1433.828,-338.19247,-938.90631,1437.1936,-356.37601,-786.34088,1318.07458,-283.96698,-782.04761,1424.86243,-458.02014,-529.54846,1101.51013,-248.46072,-1067.98828,1121.26416,-399.98648,NA,NA,NA,-1116.4729,881.48987,-320.08066,-747.75641,1021.47577,-231.32191,-880.4895,1015.40332,-255.92966,-770.13538,933.07343,-498.46841,-640.40271,427.67642,-404.40372,-1011.03662,549.82843,-274.38135,-692.61536,72.10626,-424.82651,-1075.63318,137.81062,-184.33061
138,1.37,NA,NA,NA,-771.64679,1682.37427,-326.71661,-642.0415,1585.33252,-267.79773,-843.34436,1537.7356,-166.06688,-609.02264,1432.3302,-332.17258,-939.39886,1436.08508,-344.6207,-785.64734,1317.42029,-274.10559,-784.06641,1423.73279,-449.33978,-529.75891,1100.05457,-242.14897,-1069.70325,1120.17358,-386.67728,NA,NA,NA,-1118.04883,880.5271,-306.59769,-746.53027,1020.52649,-224.21709,-880.3147,1012.77838,-250.2769,-773.34576,931.83344,-490.51355,-640.17584,426.94864,-402.17462,-1002.08734,546.87683,-266.43634,-690.0097,71.20699,-426.00568,-1071.15149,140.02919,-156.88144
139,1.38,-721.14459,1463.04395,-110.65633,-771.88086,1681.28284,-317.82806,-641.84436,1583.75879,-259.37207,-842.58612,1536.49792,-157.49948,-609.31946,1431.00183,-325.95108,-939.87653,1435.50281,-333.79477,-784.54736,1314.72913,-267.6218,-786.40021,1422.73315,-440.45599,-529.71857,1099.23059,-236.75803,-1071.17029,1119.70227,-373.23508,-533.93372,893.16827,-129.19942,-1119.36218,879.63855,-293.35571,-745.84357,1017.81219,-218.93678,-878.22284,1011.25427,-238.35803,-775.83936,931.56573,-482.70273,-640.16296,426.43503,-400.22479,-992.30414,544.5224,-259.33084,-687.48578,70.3167,-425.77762,-1065.06226,145.49158,-128.02266
140,1.39,-720.54565,1463.10095,-101.27222,-772.06042,1680.04102,-308.95712,-641.89478,1582.59302,-250.98314,-841.18829,1534.86926,-146.89972,-609.53949,1429.84827,-319.76761,-940.12207,1434.20044,-322.32358,-784.76221,1315.40869,-256.41718,-788.16083,1421.92468,-431.75079,-530.40112,1097.63159,-231.25549,-1072.15698,1118.27698,-358.62039,NA,NA,NA,-1120.56018,878.68927,-280.44769,-744.54236,1016.54779,-210.10587,-878.05725,1008.75537,-230.12856,-778.30536,930.50159,-475.20068,-640.1084,426.36954,-398.54233,-982.56738,542.91119,-252.44801,-684.82745,70.10464,-426.38202,-1058.59314,149.62752,-98.76521
141,1.4,-719.61664,1461.61987,-90.39101,-772.02405,1679.19189,-300.81293,-641.43011,1582.40442,-241.33589,-840.02216,1534.42993,-138.1317,-609.58844,1428.09607,-312.30478,-941.80756,1432.0188,-312.4874,-783.76941,1313.70361,-248.77663,-789.84302,1420.35632,-422.01944,-530.25952,1095.55591,-226.04456,-1073.03247,1117.27112,-346.25357,-532.35266,892.46863,-115.59273,-1120.20886,877.02521,-266.38303,-743.03583,1015.92609,-200.3909,-876.86066,1007.97668,-215.99937,-780.79199,929.46979,-466.29626,-640.38593,426.36362,-394.68561,-973.1687,541.65765,-245.42447,-682.75372,68.9293,-425.79449,-1049.69641,157.19029,-67.55219
142,1.41,-719.0296,1461.45386,-81.02994,-771.99347,1678.1864,-291.86832,-641.04272,1580.66455,-231.64052,-839.94873,1533.15723,-129.06335,-609.92358,1427.31445,-306.10754,-940.75763,1432.23389,-300.09937,-783.00134,1311.0498,-241.30864,-791.74091,1420.04004,-413.00955,-530.43201,1094.34216,-220.38739,-1073.65076,1116.59607,-332.22858,NA,NA,NA,-1121.47937,876.81219,-253.52333,-742.24976,1013.68542,-194.87158,-875.82288,1007.47113,-201.99455,-783.32129,927.8252,-457.91724,-641.16406,426.89935,-391.60172,-966.70929,540.52441,-238.22696,-679.82983,68.37346,-426.11768,-1041.76477,163.02484,-44.57427
143,1.42,-716.92584,1459.64661,-75.02646,-771.97778,1676.97815,-282.27274,-640.46637,1579.32117,-227.77307,-838.52307,1532.29126,-119.33269,-610.61499,1425.49536,-298.94327,-941.96368,1429.63171,-289.41284,-782.79224,1310.42529,-230.08086,-793.45648,1419.07947,-403.98172,-529.4129,1092.15076,-214.89882,-1073.43042,1115.08899,-318.90875,-529.32294,886.66357,-110.48737,-1122.22144,875.6568,-240.43265,-740.2973,1013.12048,-185.19481,-874.90424,1003.94,-199.47902,-785.75482,927.2066,-449.24655,-642.11713,426.29758,-387.20084,-958.46106,539.63068,-232.5874,-677.80042,68.45782,-425.54877,-1031.40405,173.34102,-20.94155
144,1.43,-716.03577,1458.05627,-65.61207,-771.94415,1675.66528,-273.23474,-640.784,1578.10425,-213.84341,-837.88177,1531.57312,-109.48295,-610.78436,1424.64209,-291.94073,-941.1579,1430.01465,-277.05109,-782.15967,1309.51208,-221.27254,-795.20319,1417.86584,-394.41565,-528.72833,1091.02051,-209.92216,-1073.8031,1114.29248,-305.43417,-528.19781,884.60956,-106.26945,-1122.08252,874.63385,-227.25143,-740.0105,1011.91327,-178.07408,-873.66467,1002.8316,-191.28551,-787.7049,926.40247,-440.23566,-642.12018,426.45959,-382.45941,-951.76428,538.06659,-225.71033,-676.14935,68.89976,-425.35773,-1021.86993,180.25383,2.15786
145,1.44,-714.35492,1456.75146,-57.32633,-771.82593,1674.65698,-263.81433,-640.22797,1576.79614,-205.41336,-835.42834,1529.89368,-99.77242,-611.00983,1423.53735,-284.18637,-941.3175,1428.74329,-266.01749,-781.80493,1308.50977,-212.22823,-796.73688,1417.60913,-385.44766,-528.49542,1089.26135,-204.75621,-1073.45325,1113.03137,-292.17343,NA,NA,NA,-1122.20398,873.73712,-214.11574,-739.828,1010.57733,-169.90756,-873.8645,1001.23499,-182.12857,-789.44556,925.31042,-430.96228,-642.27899,426.33945,-376.63596,-947.93951,537.65906,-217.78644,-673.66553,68.86408,-424.80899,-1011.7251,188.13589,23.97557
146,1.45,-713.26447,1455.78442,-48.35992,-771.5379,1673.88281,-254.35585,-639.71924,1575.83728,-198.70578,-835.84088,1529.42725,-90.76632,-611.33008,1422.12549,-276.71194,-941.24115,1427.8938,-254.72469,-781.05957,1305.98962,-204.5721,-798.21582,1416.81519,-376.40543,-527.6803,1087.49512,-200.255,-1073.09839,1111.7467,-278.59164,NA,NA,NA,-1120.73328,871.57251,-200.58003,-739.57874,1010.25201,-159.31604,-872.74536,1001.09778,-168.95479,-791.03558,923.66809,-421.26682,-640.85663,426.39069,-371.19702,NA,NA,NA,-671.76599,69.10502,-422.92493,-1002.0929,194.18661,44.08649
147,1.46,-711.57428,1454.11597,-39.2953,-771.26111,1673.12805,-244.86679,-638.99268,1573.8866,-188.4592,-834.2746,1528.57312,-80.31458,-611.46875,1421.54956,-268.40714,-941.35413,1426.92432,-244.20731,NA,NA,NA,-799.58643,1415.82813,-366.31137,-526.7049,1086.08167,-194.33015,-1072.79761,1110.60828,-264.60468,NA,NA,NA,-1121.41528,871.71594,-187.76178,-739.10541,1010.13928,-152.47775,-872.77655,998.00739,-163.89639,-792.41724,922.13757,-411.22934,-643.80054,426.16074,-364.62399,NA,NA,NA,-670.07959,70.09627,-423.01053,-992.46338,199.4745,60.66949
148,1.47,-710.17883,1452.93665,-32.08422,-771.00739,1672.14624,-235.86737,-638.90558,1573.65942,-182.75409,-832.89038,1527.06836,-70.49436,-611.5946,1419.98547,-260.13983,-941.53662,1426.22266,-233.12401,-780.41357,1305.12256,-184.0717,-800.97266,1415.25769,-356.46967,-525.12347,1084.35413,-189.75859,-1072.06323,1109.30371,-251.74324,NA,NA,NA,-1120.52209,870.92444,-174.7209,-737.91785,1010.10797,-142.12758,-872.00159,1001.03271,-149.19768,-793.93561,921.33942,-402.10016,-643.77057,425.57516,-357.85269,NA,NA,NA,-667.2428,71.06519,-421.58801,-982.56165,205.09212,81.444
149,1.48,-708.75531,1452.06702,-21.48868,-770.67407,1671.53687,-226.00523,-638.25922,1571.99646,-173.16324,-831.69305,1526.64063,-61.20042,-612.61707,1419.69836,-252.45937,-941.35992,1425.24829,-222.39365,-779.99121,1303.23071,-176.13063,-802.05566,1414.39111,-347.22476,-524.07043,1082.19336,-183.44301,-1071.35034,1108.80237,-239.65488,NA,NA,NA,-1119.37585,869.80646,-161.73245,-739.28192,1009.86694,-134.32251,-871.72375,999.44037,-139.08066,-794.74396,919.87451,-391.44919,-645.64148,424.42712,-349.6698,NA,NA,NA,-665.02252,71.22289,-420.79843,-972.80463,209.24634,98.01768
150,1.49,-707.75037,1450.15088,-13.26157,-770.30249,1670.88733,-216.60249,-637.73621,1571.14221,-165.5448,-830.92035,1525.97437,-50.97713,-612.70587,1418.55005,-243.44003,-942.16431,1424.42725,-210.76669,-780.01971,1304.26685,-164.45287,-803.26569,1413.35022,-337.68219,-522.7879,1081.07959,-179.11122,-1070.3949,1107.63257,-226.46854,NA,NA,NA,-1118.80249,868.93481,-149.09792,-738.40021,1009.02972,-124.50734,-870.75854,1000.97742,-121.2795,-795.79309,918.66779,-380.69696,-645.12976,424.078,-342.61322,NA,NA,NA,-663.27142,70.87453,-419.82629,-962.32843,214.62354,116.36886
151,1.5,-706.68024,1450.21753,-1.89854,-770.48199,1671.11621,-207.57751,-637.18616,1570.36047,-157.72209,-829.31281,1524.50562,-40.52193,-613.34174,1418.29456,-235.57053,-942.19714,1423.94128,-200.64587,-779.94971,1303.18262,-154.05028,-804.59821,1412.27759,-327.4115,-520.82886,1079.49146,-174.43347,-1070.08496,1106.35193,-213.68851,-509.97906,862.84949,-86.21156,-1116.17993,867.19666,-135.08823,-737.02905,1009.27228,-113.77692,-871.09045,1000.21503,-115.95678,-797.15265,918.05231,-370.28918,-644.95233,423.47263,-335.50705,NA,NA,NA,-660.091,72.69651,-417.66202,-953.22729,217.07961,131.88014
152,1.51,-704.88049,1448.01343,3.13866,-769.86206,1670.58643,-197.7646,-636.52814,1569.2229,-148.39853,-828.43225,1523.85535,-32.09608,-614.02075,1417.48303,-226.98743,-943.8382,1421.91797,-190.43121,-779.58698,1302.2002,-144.88832,-805.65442,1411.23145,-316.66632,-519.19495,1077.75818,-169.93642,-1069.26208,1104.98401,-201.60759,-506.85297,861.23102,-82.46173,-1114.87573,865.16333,-122.92526,-737.51794,1008.33655,-104.51162,-870.75519,998.172,-109.74598,-798.40131,917.07513,-359.93115,-644.9967,422.73828,-326.62039,NA,NA,NA,-657.58502,73.16348,-414.90393,-944.07526,220.17522,147.40083
153,1.52,-703.29858,1447.98547,13.83994,-769.04163,1669.79553,-188.22891,-636.15942,1568.85828,-141.15677,-825.53082,1523.36523,-21.14168,-614.06805,1416.85254,-218.6279,-943.95471,1420.52649,-178.44112,-779.66302,1303.36804,-131.3288,-807.24023,1410.0083,-307.2605,-517.09686,1076.448,-164.52916,-1068.70154,1103.9458,-189.80147,-503.78183,856.26123,-86.91767,-1113.16772,863.79907,-109.16822,-735.87384,1007.81567,-94.08615,-869.58844,999.789,-91.84541,-799.64063,916.23016,-348.33542,-644.71954,421.31784,-317.16809,NA,NA,NA,-657.49017,72.71114,-413.60837,-934.24133,222.88229,160.27188
154,1.53,-701.20532,1447.01782,20.99489,-769.05273,1669.53284,-178.5387,-635.46198,1567.83887,-132.01953,-824.06696,1523.28442,-12.13269,-615.67334,1416.75098,-210.427,-943.53149,1421.38477,-165.69707,-779.0542,1301.80493,-122.9361,-808.53961,1408.75317,-296.14758,-515.40887,1075.63745,-160.59769,-1068.17627,1102.80408,-177.41472,-505.86389,849.34772,-95.86095,-1112.32068,863.23444,-98.30548,-735.03113,1007.79614,-83.38194,-868.83698,998.23792,-83.10903,-801.27948,915.30347,-336.01663,-644.67316,420.99063,-308.90759,NA,NA,NA,-653.7182,74.62604,-410.87912,-924.521,224.68774,172.77954
155,1.54,-697.83368,1446.25146,36.38449,-768.41577,1669.11609,-170.23242,-634.64349,1567.24084,-124.09564,-823.3172,1522.79541,-2.31729,-615.8476,1415.58911,-202.32684,-945.14453,1419.95178,-155.58743,-778.90601,1302.36108,-110.07474,-810.25201,1407.42358,-286.23065,-512.40662,1074.69678,-155.26633,-1068.06372,1101.39233,-165.05638,-502.80701,845.63196,-102.35593,-1111.40283,861.29797,-86.36037,-732.87079,1006.37958,-72.85297,-866.43213,997.18213,-70.15161,-803.37817,914.39966,-324.31528,-644.36932,420.17145,-299.19144,-938.47845,532.86627,-76.17229,-652.23236,75.19765,-409.52197,-915.41895,225.88127,184.83537
156,1.55,-695.69904,1446.86719,46.16105,-767.44177,1668.52515,-160.59518,-633.93311,1566.40002,-116.11699,-822.31677,1523.65198,6.72707,-616.87317,1415.70093,-194.20567,-944.47437,1420.34937,-141.57745,-778.41211,1302.12012,-101.29177,-812.26086,1406.26929,-275.14966,-510.76486,1073.78247,-151.09383,-1068.20422,1099.96948,-152.87099,NA,NA,NA,-1110.16321,859.78198,-74.88062,-729.65039,1007.74683,-60.10314,-862.53662,998.36987,-50.28291,-805.7326,913.92761,-312.71432,-643.75006,419.80524,-290.27936,-938.80304,530.55109,-61.06947,-650.47546,77.71134,-406.26547,-906.21576,224.88683,195.89441
157,1.56,-693.435,1445.40637,54.03334,-767.94415,1668.43127,-152.25681,-633.40466,1566.09473,-109.42263,-819.45886,1522.59753,16.79219,-617.51172,1414.28015,-186.14365,-944.62695,1419.53687,-129.36079,-778.00732,1301.69092,-88.15419,-814.0791,1404.65137,-263.93271,-509.17639,1072.41553,-147.36601,-1068.09229,1098.58167,-141.19865,-489.95584,845.78827,-81.21559,-1109.30151,857.73083,-63.24423,-728.0506,1006.59161,-52.23139,-861.40515,998.18585,-37.52321,-807.16016,912.91656,-299.71103,-643.45691,419.20468,-281.3396,-939.21039,527.90643,-46.05342,-649.05566,79.30082,-404.83582,-896.43829,224.10583,206.89076
158,1.57,-690.81152,1446.92896,63.18696,-767.30499,1667.80957,-143.42461,-633.02441,1565.5033,-101.0974,-816.98578,1524.08716,26.82198,-618.09045,1414.27991,-178.6098,-945.23334,1418.4657,-115.72308,-777.24554,1302.00513,-78.60307,-815.9516,1403.31104,-253.15587,-509.60226,1070.77258,-144.0396,-1068.28296,1097.17383,-128.46413,-487.62845,841.34668,-80.14761,-1109.39844,855.76379,-52.28504,-725.66394,1006.3385,-38.50069,-858.89374,996.32715,-24.22243,-810.93243,911.31854,-286.09048,-642.02618,418.38663,-271.26163,-939.55481,525.18359,-30.85927,-648.59888,80.97997,-400.92416,-886.75867,222.44919,217.05762
159,1.58,-688.99988,1448.20203,70.95919,-766.70667,1668.39319,-135.01065,-632.21216,1565.28577,-94.06636,-814.49414,1524.94653,37.28256,-618.93451,1413.91553,-171.01883,-945.62323,1418.16516,-102.93996,-775.5199,1301.90808,-68.77316,-818.59912,1402.56628,-241.51572,-507.65628,1069.37927,-140.9706,-1068.65808,1095.65576,-115.71513,-483.51685,838.21008,-81.18502,-1109.82251,854.633,-42.87278,-721.86188,1006.88885,-27.37318,-855.72516,995.34467,-11.56695,-813.09723,911.01666,-273.104,-641.22424,418.55243,-261.88211,-940.97577,523.40747,-17.01171,-647.26361,83.37974,-397.97705,-876.09387,220.79552,227.46469
160,1.59,-685.96143,1449.20898,79.0189,-766.90771,1669.12646,-125.59039,-631.32855,1566.80334,-94.43526,-811.64697,1526.81677,47.47563,-619.51624,1413.90454,-163.49547,-945.49567,1417.90198,-89.81414,-774.75433,1302.4812,-59.16142,-820.40387,1402.32166,-230.16769,-505.97839,1068.84985,-137.26828,-1068.64038,1094.43091,-103.53833,-482.08557,836.00739,-86.82623,-1106.93921,850.72064,-32.1837,-717.43817,1006.56903,-15.24973,-850.90796,995.59705,2.94757,-816.0329,911.27875,-261.15854,-639.38666,417.93811,-252.86623,-940.82697,520.99878,-2.66759,-646.87842,85.07629,-394.66754,-866.25555,217.58873,238.31175
161,1.6,-682.63788,1451.09558,87.74574,-766.10498,1670.10876,-116.25839,-630.75769,1567.25061,-86.60506,-808.46509,1529.55652,58.42501,-620.17517,1415.15552,-156.62224,-945.43829,1417.84131,-75.84247,-773.79102,1303.64563,-46.5423,-822.57855,1402.97253,-219.03154,-505.18622,1067.65356,-134.79283,-1068.60339,1093.58911,-91.36404,-479.82614,833.10284,-89.17007,-1106.85608,849.58923,-22.54145,-713.42548,1005.95215,-5.63788,-845.03711,995.15485,17.2226,-818.65851,911.61115,-248.96872,-638.42462,418.008,-243.59901,-941.06787,520.29285,12.94333,-646.82947,88.05572,-390.41537,-855.39813,213.29808,248.18654
162,1.61,-679.04218,1453.99048,96.365,-765.93768,1671.11621,-106.99448,-630.33362,1567.1167,-73.50349,-804.97339,1531.93701,70.13331,-620.58868,1416.49585,-149.32756,-944.48163,1418.13538,-62.75687,-771.87695,1305.16479,-37.95354,-824.79077,1403.84875,-207.81589,-505.35995,1067.35242,-132.71967,-1068.2229,1093.79102,-78.57938,-477.93808,831.81433,-93.42353,-1105.02332,847.60834,-12.96698,-710.04089,1006.38934,4.65754,-842.49438,995.99213,30.85805,-821.02594,912.40088,-236.8111,-636.81952,418.3981,-234.10321,-942.2334,521.90179,26.80536,-646.81812,90.76833,-386.61713,-847.42334,209.33818,255.41469
163,1.62,-675.99695,1456.07385,105.31734,-765.47961,1672.26501,-98.01318,-629.38245,1568.29028,-71.1242,-801.29712,1535.13013,80.85466,-620.95245,1417.7876,-140.71851,-943.37134,1418.84314,-49.34991,-769.59271,1306.83545,-28.1284,-826.76007,1405.44263,-197.25772,-504.57333,1068.0155,-130.91821,-1067.58118,1094.41174,-65.35323,-477.10233,826.72412,-108.31343,-1102.02551,845.87341,-2.51976,-706.44879,1006.68774,14.6587,-838.43256,995.40265,42.59018,-822.5921,913.35992,-225.00285,-634.72522,418.97302,-224.29144,-942.28882,526.08502,40.79908,-647.1026,94.39254,-381.5813,-839.4549,205.10138,262.53522
164,1.63,-672.63824,1457.70215,109.21833,-765.99908,1673.42957,-90.43871,-629.15747,1568.29541,-59.7479,-797.9743,1537.39551,91.9875,-620.8562,1419.55322,-132.95015,-942.10956,1419.61951,-35.67093,-768.0542,1307.29553,-13.95841,-827.76154,1407.36841,-186.10733,-504.80762,1069.30994,-129.80623,-1066.76318,1095.44153,-51.15295,-475.80737,830.48694,-100.56162,-1100.59167,846.05524,8.23012,-703.84857,1007.48462,22.40267,-835.49915,996.45117,52.41833,-822.65588,914.29889,-214.02621,-633.37256,419.72791,-213.58492,-942.43433,530.33521,54.81529,-650.96613,98.30371,-376.04453,-833.13031,200.91455,268.40512
165,1.64,-669.00653,1460.54407,119.31662,-765.44684,1673.89966,-80.52444,-628.5058,1569.51001,-57.38855,-794.73322,1539.21667,101.783,-621.16705,1421.12134,-124.69479,-940.3808,1421.14417,-23.23454,-765.85687,1308.77856,-6.77763,-828.80743,1409.01685,-175.42105,-505.65524,1070.18066,-127.50326,-1065.43445,1097.12109,-38.35264,-475.53949,831.29346,-104.29692,-1097.41882,845.42096,20.35069,-700.59125,1008.24426,31.73487,-832.21521,998.95819,64.62313,-823.2392,915.15088,-202.72708,-630.9671,421.57483,-202.77458,-942.01019,535.32526,68.74093,-652.09564,103.41769,-369.85678,-826.96704,196.45798,273.44168
166,1.65,-664.66077,1461.87805,125.32543,-764.36072,1674.81262,-71.464,-627.91528,1570.69507,-50.09046,-790.54456,1540.33081,113.07081,-621.25787,1423.52173,-116.55673,-938.11566,1422.03076,-9.91736,-763.41547,1311.78137,6.04671,-829.51288,1410.72668,-165.01277,-506.48978,1072.43823,-125.83185,-1064.09106,1098.43701,-24.93725,-475.58362,832.12775,-107.32503,-1095.53027,847.97888,31.63069,-697.22119,1009.72266,39.33985,-829.22955,998.41315,67.71797,-823.54199,915.81128,-193.49843,-629.51703,422.82281,-191.5818,-942.11011,540.8407,82.54596,-653.01141,108.17802,-364.66138,-820.74786,191.13821,276.87537
167,1.66,-661.56781,1464.34094,135.6687,-764.3454,1676.34644,-62.35185,-626.68317,1571.90674,-41.51171,-787.15656,1542.78125,123.20206,-620.37836,1424.72656,-108.33392,-936.43921,1424.19971,2.8987,-760.63208,1313.71399,19.90821,-830.71808,1413.07544,-154.06531,-507.78171,1073.84094,-123.93233,-1062.59229,1099.97888,-11.32478,-476.24677,834.12402,-111.60915,-1092.46033,848.70239,45.15549,-694.53052,1011.89374,46.40431,-825.42834,1001.27747,78.05299,-824.23633,917.82434,-183.27661,-627.60919,424.22144,-180.74783,-941.34229,544.18671,98.08782,-656.35815,113.36034,-357.07846,-814.36865,186.20314,281.66718
168,1.67,-657.34705,1466.02307,142.78828,-763.06592,1678.22058,-53.08419,-625.07813,1573.52344,-33.6987,-783.66913,1544.53809,133.28075,-620.5719,1427.57581,-101.15438,-934.07324,1426.0542,15.0436,-758.63507,1316.0957,28.73231,-830.27692,1414.47522,-142.91389,-508.60147,1076.01794,-122.38364,-1060.8634,1101.64746,3.39255,-476.93594,836.70685,-116.21227,-1089.5127,851.0531,58.96324,-693.07806,1013.95459,53.92118,-821.45276,1005.95984,93.8969,-824.76282,919.47552,-174.13284,-626.60815,425.15994,-168.33333,-940.66553,547.3266,110.88525,-659.16083,120.30384,-349.28244,-810.39026,180.64897,285.31738
169,1.68,-653.76251,1468.00842,151.40929,-761.92749,1680.38806,-44.12059,-623.50549,1576.21301,-24.87267,-780.2323,1547.50354,142.81883,-620.25629,1430.55457,-95.12801,-931.40851,1427.2312,28.52742,-755.12701,1317.25586,38.34605,-830.21228,1416.33118,-132.86888,-509.49484,1078.05957,-120.01197,-1058.29773,1103.74536,17.03385,-477.24078,839.09052,-119.31118,-1085.92529,852.97522,73.0446,-690.27771,1017.0238,60.01252,-818.44202,1008.18097,100.18933,-824.79218,921.0282,-164.44194,-624.96405,426.25531,-156.36182,-940.09973,549.86017,123.23162,-662.2757,126.32432,-339.56064,-807.36652,175.19957,288.04965
170,1.69,-648.69458,1471.26965,166.30217,-761.48462,1682.77917,-34.85734,-621.45947,1578.14661,-17.99864,-777.00995,1549.854,152.28468,-619.53027,1432.94568,-88.44672,-929.02289,1429.53821,40.59963,-752.28333,1319.71021,46.63329,-830.41528,1418.6449,-121.80412,-510.51898,1080.58948,-117.16496,-1055.7417,1105.40588,31.72812,-477.69247,841.30707,-121.18486,-1081.74695,854.59363,87.62228,-687.40894,1019.60693,66.53416,-813.49805,1011.69568,109.90913,-826.07361,923.00421,-154.62582,-624.51074,426.70844,-142.33702,-940.07953,551.52081,135.56686,-664.22565,133.24858,-330.56631,-804.29816,169.5081,287.81638
171,1.7,-646.50531,1471.73376,166.96373,-759.41779,1685.35425,-25.17439,-619.19318,1580.12048,-9.50831,-773.43652,1551.59143,161.75188,-619.1358,1435.2334,-82.19505,-925.37622,1431.89087,52.85443,-748.67719,1321.8772,53.9687,-830.51898,1421.177,-110.6763,-511.46011,1082.80127,-114.96198,-1052.68896,1107.45288,47.42866,-478.25916,844.26257,-124.39697,-1077.59729,857.02795,101.66651,-683.87494,1022.14935,71.85976,-809.50232,1013.61713,117.535,-827.92963,925.0639,-145.05249,-624.43707,426.31552,-128.1282,-939.06036,552.99603,148.85548,-668.22345,140.43814,-316.47928,-802.86566,165.03789,290.21021
172,1.71,-642.36218,1473.07349,174.69507,-757.69495,1688.32532,-16.47085,-616.52228,1582.59924,-0.83412,-769.52875,1552.35498,170.91647,-618.22528,1438.01038,-76.21738,-922.03296,1433.80005,65.5457,-743.32581,1324.05615,61.62266,-829.94373,1423.26758,-100.51433,-512.68744,1085.13843,-111.91055,-1048.92712,1109.5072,61.82514,-479.32166,847.9726,-128.47665,-1072.76892,858.57813,117.59007,-680.49329,1024.29565,80.3839,-804.62683,1015.76703,127.39826,-829.98926,927.68182,-134.76158,-623.63025,426.26218,-113.40245,-938.68433,554.67249,162.27844,-673.02252,149.55989,-301.79318,-799.50714,160.01451,291.46078
173,1.72,-637.6922,1474.50708,181.99896,-754.1524,1690.75781,-5.98684,-613.64386,1585.13879,7.52074,-764.65826,1553.7262,180.90175,-617.58337,1440.3894,-70.17988,-917.75433,1435.89917,78.66943,-740.01074,1326.8894,69.72112,-830.25018,1426.43677,-89.9227,-512.97839,1088.4436,-110.30653,-1044.84094,1111.37805,77.35001,-480.65408,850.00323,-128.77208,-1068.19019,860.66504,132.71358,-675.0708,1026.27026,83.8978,-798.60376,1017.021,136.36401,-832.2511,931.18439,-125.82838,-622.4577,425.88168,-96.64353,-937.49988,555.90912,175.82509,-675.91071,157.45395,-284.50882,-798.08514,156.77068,293.34683
174,1.73,-634.49591,1477.11328,192.74788,-750.15033,1693.12061,4.88116,-610.70789,1587.55737,16.08747,-761.46008,1555.91431,188.97475,-616.6568,1443.15845,-65.08067,-913.34338,1438.05505,91.29597,-736.20276,1330.02917,78.88641,-829.66589,1428.99817,-78.50583,-513.8335,1091.0592,-108.02653,-1040.25049,1113.53088,92.61371,-481.09903,853.05573,-130.99721,-1061.19275,862.75873,148.44902,-670.53113,1028.92749,89.92849,-792.98566,1018.31305,143.68654,-834.10101,934.1106,-116.1089,-621.34906,426.0715,-80.82032,-936.08777,555.79462,189.71478,-678.91437,164.80743,-266.81296,-797.5423,151.7227,293.51093
175,1.74,-630.08435,1478.3291,199.23227,-746.90344,1695.24695,15.03117,-607.88983,1589.94263,24.48999,-757.3208,1557.03076,197.78685,-616.23407,1445.84058,-59.96205,-908.61469,1440.21997,103.84476,-730.62292,1331.11121,86.44319,-829.38959,1431.56812,-68.7471,-514.42084,1093.52954,-106.63736,-1035.50476,1115.6676,108.48639,-480.92816,855.42261,-131.78212,-1055.92676,864.39807,164.30261,-665.71307,1031.07532,94.69572,-787.02704,1018.94891,150.84015,-835.87665,937.64703,-108.07867,-618.50201,428.82629,-63.84598,-933.61578,557.35785,201.90117,-681.68402,172.72281,-248.50714,-797.77032,150.2236,293.76688
176,1.75,-625.68732,1479.48853,205.70659,-744.33533,1697.61536,22.76335,-604.52191,1592.56299,32.06126,-753.84241,1559.00269,206.12384,-615.61823,1448.5686,-54.46708,-904.05328,1442.70557,115.675,-726.11035,1333.3009,94.66052,-829.00537,1434.34485,-57.45864,-514.85052,1096.24219,-105.37946,-1030.26953,1118.29614,122.86149,-481.98743,858.70392,-134.92801,-1049.62524,866.71588,181.32904,-660.50421,1033.14795,100.23985,-780.97699,1019.888,156.51849,-836.7453,940.77594,-98.68906,-615.21332,432.97375,-45.10893,-931.18304,559.10248,214.18243,-683.823,179.4684,-229.90396,-799.1875,146.948,292.83078
177,1.76,-621.97351,1480.88782,214.45313,-741.20099,1699.69861,32.39729,-601.36798,1594.39758,39.94233,-750.0119,1560.27368,214.46237,-614.85596,1450.55933,-49.10725,-898.54297,1444.79932,127.69878,-721.92432,1335.34546,101.40581,-828.04675,1436.44006,-46.91262,-515.43121,1098.80884,-104.70273,-1025.08411,1120.37793,137.86751,-482.79764,861.67676,-135.07668,-1044.00098,869.55701,195.88553,-656.42462,1036.21631,104.7382,-773.98926,1023.29297,169.97256,-836.9837,944.10986,-89.80441,-610.61786,437.12222,-27.2131,-927.47485,561.25635,224.31233,-685.04523,185.15413,-209.83656,-799.70251,145.76128,292.59058
178,1.77,-617.51263,1481.5918,221.36313,-738.28296,1701.67603,41.17224,-597.77698,1596.23584,48.1651,-744.95544,1560.92908,223.76874,-614.2312,1452.65662,-43.74171,-893.02258,1446.59729,140.15779,-717.21802,1336.21509,109.34256,-828.04401,1439.48718,-36.87754,-515.21716,1102.31287,-105.44034,-1019.65387,1122.61523,152.77177,-484.70102,864.32538,-137.12976,-1038.11011,872.15289,211.99998,-650.59302,1038.60767,109.70052,-767.57721,1024.19202,176.73895,-837.26099,947.77228,-81.58453,-608.09094,441.79834,-9.63707,-922.8833,564.00635,231.53159,-687.74445,191.77676,-191.93312,-800.87085,143.8878,292.15195
179,1.78,-613.0351,1482.34985,228.34235,-735.4317,1702.89807,50.17993,-594.40588,1597.16907,56.03573,-741.151,1562.22595,232.57666,-613.63678,1454.69873,-38.27395,-887.91296,1448.34241,152.53302,-713.41656,1337.5719,116.79462,-826.96429,1441.83435,-26.50551,-516.15533,1104.22156,-103.88658,-1014.24866,1125.05054,167.38545,-485.19019,867.60699,-138.18124,-1032.36951,875.71936,226.60399,-646.77521,1040.93494,114.3148,-762.10449,1025.97607,184.55394,-836.74664,950.34216,-73.64317,-602.79193,446.84772,9.20467,-917.91504,565.30231,237.03873,-687.86365,196.3757,-169.39552,-804.07794,142.54608,290.43704
180,1.79,-607.94128,1486.20923,247.24947,-730.79974,1704.3999,59.4771,-591.18524,1598.14856,64.05866,-735.36176,1563.04089,241.02208,-612.78638,1456.47778,-32.77095,-882.49072,1449.89893,164.7356,-709.61133,1338.78223,120.60578,-826.03778,1443.69849,-15.71391,-516.27002,1106.98645,-103.78423,-1008.91217,1127.13953,181.57016,-486.65359,869.3894,-139.35443,-1024.29785,876.04688,245.43747,-643.53442,1042.32422,119.57262,-756.11115,1027.25378,190.46135,-835.75085,952.73669,-65.65999,-596.01178,452.81891,24.4609,-913.70221,566.21478,241.97949,-686.92688,202.83977,-150.15811,-806.2124,140.68715,289.51047
181,1.8,-604.21375,1484.34863,244.44106,-726.1817,1705.328,67.92439,-587.27899,1598.97156,71.76503,-731.30792,1564.75513,249.99928,-611.88074,1457.41492,-27.01264,-877.25195,1451.59119,175.66931,-705.76086,1339.72937,130.35928,-824.73688,1445.53162,-5.07021,-516.56091,1108.85693,-104.10981,-1003.96729,1129.31848,195.97255,-487.13486,871.20154,-138.72597,-1018.82257,879.14081,259.22208,-638.99738,1043.48877,124.1188,-749.4115,1027.89941,198.1218,-833.51648,954.69055,-58.28997,-588.76141,459.64877,41.01439,-908.29016,566.82776,247.75267,-684.87982,207.13231,-126.60899,-809.23755,139.00771,289.65689
182,1.81,-600.03625,1485.07092,253.96219,-722.82086,1706.5166,76.69331,-583.77203,1599.43542,79.77824,-725.61938,1565.56628,258.69052,-610.04425,1458.15796,-22.22728,-872.04565,1453.35559,186.85732,-701.66553,1339.89368,137.85933,-823.43201,1446.82153,5.09006,-517.53076,1110.84692,-104.03696,-999.17407,1131.5177,209.80605,-487.45966,873.69446,-139.55934,-1012.43427,880.90564,274.0657,-634.94489,1045.38232,129.84705,-745.20569,1029.69067,204.7796,-831.42804,956.19855,-50.8176,-581.01935,465.53293,57.5754,-904.07056,566.32446,251.20544,-681.33698,212.10893,-105.2693,-810.51331,136.78172,286.85815
183,1.82,-595.07983,1485.802,260.8389,-718.60376,1707.3429,85.52997,-580.25562,1599.62354,86.4018,-720.74017,1566.28711,267.26904,-610.21649,1459.50476,-15.46972,-865.83575,1454.03442,197.69353,-697.39166,1340.51782,144.00334,-821.74597,1447.87952,15.69544,-517.99219,1112.70471,-102.97137,-994.4248,1132.7677,223.88033,-488.11343,875.48444,-137.29691,-1005.46216,882.31293,289.60403,-631.43256,1046.08203,134.32158,-740.0061,1030.63843,210.80937,-828.41156,957.63629,-44.26686,-572.66687,471.70255,72.37134,-899.63025,565.29633,253.30589,-678.32599,213.8372,-81.71797,-813.56982,135.00623,285.52197
184,1.83,-590.12018,1485.91016,268.61942,NA,NA,NA,-576.75604,1599.73572,94.0675,-715.97052,1567.15784,275.74216,-609.06653,1460.74829,-9.53339,-860.91968,1453.31836,207.5621,-693.51917,1340.96057,149.37047,-820.10675,1449.1095,25.72146,-519.10992,1114.10364,-102.46304,-988.63135,1134.09961,238.64072,-489.55209,877.46167,-138.37312,-997.8847,882.80927,305.63855,-626.84839,1047.54016,140.18254,-735.71057,1031.62915,217.34303,-825.21466,958.42902,-38.69888,-564.11444,476.44388,88.22091,-896.41553,564.63947,254.92603,-673.88629,217.91252,-61.13605,-816.1087,132.6189,284.54507
185,1.84,-584.92773,1485.84814,275.65067,-710.20331,1708.49133,102.53419,-572.74622,1599.16443,101.08081,-711.10034,1567.63147,284.40729,-607.7359,1461.12842,-4.03701,-856.02777,1452.78748,212.33386,-689.49719,1341.50854,157.02409,-818.18298,1450.03723,35.41421,-519.79968,1115.83044,-102.3217,-983.32239,1134.96643,253.57703,-491.24896,878.33569,-136.83568,-991.9082,884.9707,320.41168,-624.57275,1047.70154,145.3212,-730.9538,1031.97144,224.23163,-822.5683,959.07672,-33.16965,-554.81476,481.17831,103.38285,-891.71747,561.78571,256.41208,-669.31097,218.51376,-37.95224,-817.86188,130.91299,283.74301
186,1.85,-580.13794,1485.35413,283.51904,NA,NA,NA,-569.32159,1599.50134,108.3698,-705.13031,1567.81982,292.66092,-606.26642,1461.88269,2.2776,-849.94385,1454.06763,228.96133,-685.40192,1340.91968,163.67224,-815.98828,1450.60901,45.57019,-520.54889,1116.698,-101.35975,-977.61237,1136.09998,267.98721,-491.81818,879.92743,-135.88879,-983.93652,885.17932,336.44839,-620.17169,1048.36621,150.56912,-727.97089,1032.81787,231.40118,-819.79626,960.16675,-28.40414,-544.78113,485.73907,117.42524,-887.89465,559.63879,256.27515,-663.97845,220.06952,-17.57872,-820.51703,127.57071,282.69617
187,1.86,-575.20392,1484.37793,289.67749,-701.80005,1708.57178,117.89818,-565.38,1598.56934,115.33498,-700.26306,1568.14978,301.16708,-603.90057,1462.02283,8.32907,-844.29932,1452.76208,234.83002,-680.55511,1342.04187,171.50383,-813.27197,1450.26978,54.42054,-521.76215,1117.59167,-98.91531,-972.58575,1136.37207,282.69803,NA,NA,NA,-976.6767,885.83246,351.61588,-617.40393,1048.40442,156.87004,-723.1944,1032.2533,237.58017,-815.94934,960.07611,-18.96681,-534.27008,489.6442,130.22357,-885.16199,557.67969,256.7063,-658.1709,218.47403,4.58393,-822.16418,124.45396,283.67053
188,1.87,-570.72113,1484.4585,296.57001,-696.87195,1708.93896,127.06989,-561.28522,1597.60706,122.61221,-694.414,1568.23218,309.02933,-602.21478,1462.55591,14.54886,-838.74017,1453.94275,247.43547,-674.77521,1342.51624,179.87949,-810.48761,1450.922,64.1485,-522.46936,1118.37549,-97.05282,-966.6507,1137.08472,297.548,NA,NA,NA,-968.62769,886.26331,366.8884,-614.21967,1047.75745,162.33154,-719.83844,1032.03345,244.11366,-812.74475,960.22113,-12.35001,-523.74664,492.88855,141.64374,-881.85046,554.84607,257.20273,-651.59241,217.42058,23.13776,-824.98798,122.4128,285.0235
189,1.88,-565.49353,1482.90735,302.48877,-692.9032,1708.07556,134.76775,-556.47675,1596.83789,130.61145,-688.77594,1567.3512,316.76312,-600.06152,1462.94324,20.33107,-832.5957,1452.85266,257.92667,-670.09937,1342.1731,187.66928,-807.57025,1451.32483,73.78912,-523.22705,1118.94739,-94.59538,-959.20801,1135.78748,313.39911,-495.22913,881.64874,-123.90504,-961.62921,887.95587,382.93472,-611.0351,1047.52356,169.27478,-715.23486,1031.06824,250.7272,-809.39954,960.66577,-6.45904,-513.54364,495.25665,152.20122,-878.91052,552.55127,257.15588,-645.25262,215.54732,44.45324,-826.60651,119.9174,285.91589
190,1.89,-560.29059,1482.0083,309.6564,NA,NA,NA,-552.66315,1595.99951,137.56978,-683.69556,1567.04053,324.68231,-597.2749,1462.55603,27.03221,-827.34125,1452.80811,266.85242,-665.14453,1342.46362,195.67773,-804.87793,1451.14771,81.6063,-523.5426,1119.40857,-91.74203,-952.40814,1135.70325,327.05014,NA,NA,NA,-953.12054,887.65283,398.69431,-606.58661,1046.84277,175.1606,-712.70813,1029.81567,254.5183,-806.03857,960.51593,0.71766,-503.76083,496.34918,162.5399,-876.55414,550.89233,257.08209,-636.73572,212.35231,64.68423,-829.24451,116.82442,287.30237
191,1.9,-555.57111,1481.2312,316.16333,-681.83929,1707.14526,150.51991,-547.75354,1595.46729,143.85768,-678.54248,1566.13013,332.22205,-594.41052,1462.66907,33.11496,-821.84741,1452.03455,275.88364,-662.32532,1340.38086,199.97379,-801.12537,1451.13611,91.02851,-523.95166,1119.71484,-88.61505,-945.65601,1135.49817,340.66489,-498.02161,884.39764,-122.25738,-943.70789,887.63892,413.47333,-602.42261,1045.65686,181.52261,-708.06567,1028.67969,260.47766,-802.72491,961.05798,6.76887,-494.5527,497.63785,170.86412,-873.55957,548.04437,256.6965,-628.94537,208.6823,84.67918,-831.64679,115.11043,288.77634
192,1.91,-550.44043,1479.65149,322.84616,-677.57629,1706.73547,158.90173,-543.2312,1594.47156,150.83174,-672.42682,1565.01575,339.34415,-591.35815,1462.17188,40.01459,-816.03662,1450.65588,284.10596,-657.51733,1339.46021,206.1678,-797.31006,1450.271,99.18069,-523.94714,1120.26257,-84.72537,-938.99805,1135.31482,353.20087,-498.9957,884.11761,-118.50168,-935.68414,888.66479,429.12949,-598.49738,1044.60339,186.93251,-704.22339,1028.55151,267.51743,-799.59796,961.2406,13.39767,-486.45581,499.33682,177.91197,-871.98889,546.72534,256.84698,-619.17023,204.32082,104.83249,-834.89288,112.80327,290.00613
193,1.92,-545.55066,1478.42334,329.41766,-673.63684,1706.56458,166.26079,-538.55872,1593.53259,157.91765,-667.4516,1564.39514,346.65091,-587.55542,1462.19128,46.09674,-810.65009,1449.93933,292.16412,-652.30206,1338.98364,212.30374,-793.4375,1450.78577,107.16765,-524.08856,1120.19104,-81.19056,-931.55487,1134.5426,365.34082,-500.33371,883.88428,-114.52262,-926.69305,889.14343,444.15198,-593.79724,1043.44446,192.73502,-698.32513,1027.26892,274.63034,-796.62042,961.2804,20.13696,-479.25095,500.31888,184.31934,-870.604,545.49536,255.98199,-606.92627,198.39154,121.40632,-837.95758,110.71927,291.17111
194,1.93,-540.20679,1476.85962,334.30246,NA,NA,NA,-533.35944,1592.60083,164.19914,-662.09644,1563.22473,354.17059,-583.79327,1461.77576,52.88734,-804.77716,1448.50891,299.59222,-647.81842,1337.31958,219.93481,-789.51105,1449.97278,114.58054,-523.16968,1119.61719,-76.38795,-924.52008,1134.26282,377.1062,-502.09723,884.32458,-113.60708,-917.6778,889.83838,459.37692,-589.49896,1042.5437,197.49754,-692.81244,1025.5354,281.02243,-793.36066,961.62616,26.8602,-473.33438,501.36578,189.36977,-868.81549,544.4975,255.69971,-593.9342,191.63881,138.39665,-841.35297,109.2466,294.10614
195,1.94,-534.75659,1475.27271,342.50961,-660.86877,1704.61987,182.7901,-528.03497,1591.84717,171.05351,-656.41553,1562.26038,361.241,-579.73071,1461.18298,59.38163,-800.5575,1447.10278,307.49033,-642.91132,1336.72791,226.45102,-785.27649,1450.50391,122.65106,-522.9101,1119.4967,-72.13911,-916.89233,1133.43188,388.59659,-502.78113,882.97595,-107.84055,-908.03833,890.14038,473.94879,-585.2149,1041.97925,203.76082,-687.93506,1026.073,287.45984,-789.82104,961.54346,33.69501,-467.82809,500.66687,193.63446,-867.23016,543.11279,255.04799,-580.25153,184.42838,155.82091,-844.68292,108.4932,295.13254
196,1.95,-528.78833,1474.51294,349.29047,-655.48566,1703.87549,190.0914,-522.93304,1590.59729,177.81677,-650.52362,1561.28784,368.37076,-575.16553,1460.80396,66.19728,-795.75848,1445.90515,315.02313,-637.97638,1335.47742,231.73743,-780.61011,1449.98853,129.52258,-521.46521,1119.02954,-66.6417,-909.55389,1133.30872,399.23145,-505.12,882.5155,-108.79684,-898.64636,891.21118,488.69028,-579.16602,1041.15723,208.59082,-682.4519,1023.50659,292.86295,-786.26331,961.54968,40.46244,-462.52048,500.73141,196.93324,-865.33081,542.43658,254.38716,-565.76654,176.41109,172.52005,-848.26715,106.89094,296.15506
197,1.96,-523.04309,1474.17773,357.93997,-649.20526,1703.11511,197.08217,-518.08899,1589.83557,184.28934,-644.44086,1560.29944,375.12152,-570.22498,1460.06458,73.22684,-789.77032,1444.27734,321.52502,-633.14594,1335.24304,238.50116,-775.77972,1449.33154,136.88921,-520.55804,1118.48474,-61.81128,-901.49689,1132.8363,409.36176,-505.81613,883.03284,-104.6633,-888.44977,892.37396,502.24463,-574.91559,1041.1521,214.19281,-677.05267,1022.6098,298.44757,-782.43896,961.625,46.95745,-456.83554,499.96817,199.94966,-864.57898,542.83844,254.21764,-550.73792,167.79248,189.06343,-851.06525,107.09303,296.89819
198,1.97,-517.44592,1472.15137,363.99817,-643.95764,1702.31982,204.09267,-512.35516,1588.22229,191.28307,-638.40692,1558.67224,381.91299,-565.08813,1458.84753,80.27007,-784.95892,1443.71704,328.99243,-628.66479,1333.2301,245.7562,-770.6377,1448.69531,144.11664,-518.70313,1117.35828,-55.06169,-892.89233,1131.87561,418.56271,-506.97141,882.47711,-101.78342,-878.87689,894.15057,516.7381,-569.35455,1040.83875,219.59767,-671.30249,1021.63672,303.6459,-778.82312,961.133,53.99609,-451.55472,498.70386,203.48201,-862.90039,542.51074,253.22681,-535.39539,159.56277,205.35924,-854.073,108.12969,301.04953
199,1.98,-511.96265,1470.77441,368.70868,-637.23169,1700.88843,211.10683,-506.88553,1587.40564,197.8929,-632.70734,1557.97791,388.86301,-559.79224,1458.20459,87.09896,-779.64221,1442.88379,335.49451,-623.17633,1332.23975,251.91833,-765.2807,1447.41858,151.25839,-516.5589,1116.45813,-49.46085,-885.16943,1131.25452,427.66098,-508.05447,880.38141,-93.08256,-868.46533,895.76489,530.10724,-563.71869,1039.28137,225.42946,-664.55835,1020.16949,310.09216,-774.96454,960.47571,61.48097,-447.64383,497.01456,206.2571,-861.14551,543.29755,253.17809,-519.62903,151.05295,221.55183,-857.82788,108.1609,302.94196
200,1.99,-506.21039,1469.27832,373.94275,-632.47626,1700.5304,217.6234,-501.09766,1585.74524,203.72841,-626.63232,1557.01758,395.27072,-553.41583,1456.87976,94.34173,-774.35895,1441.35962,341.90399,-617.58844,1331.11804,258.73877,-759.72369,1446.3656,157.74069,-514.15021,1114.7926,-43.52185,-876.58563,1130.44714,436.09137,-509.35373,878.46643,-86.85664,-858.14838,897.52472,542.55341,-557.98181,1039.10583,231.82834,-658.60156,1020.05438,315.86075,-770.75818,959.81348,69.0979,-443.37155,494.84299,209.21364,-857.46033,542.37683,252.71774,-503.31622,143.15167,235.40794,-860.77832,108.27454,303.66241
201,2,-500.00482,1467.98755,380.4606,-626.71106,1699.13367,224.63655,-495.31265,1584.55786,210.01778,-619.82312,1555.80615,401.94598,-547.80347,1456.19067,100.63602,-768.57416,1440.66394,348.35065,-611.953,1330.03455,265.06793,-753.93268,1445.24121,164.02205,-511.67935,1113.68811,-37.32032,-868.6546,1130.43347,444.56302,-509.73767,877.2851,-85.88676,-848.21033,899.57416,554.64795,-552.75604,1038.79529,237.10687,-651.80945,1018.51483,322.10339,-766.1236,959.28827,75.42519,-439.13815,492.70724,214.06593,-855.25446,543.06781,253.25298,-486.75323,135.01878,250.69373,-863.18317,109.09048,306.27127
202,2.01,-493.10397,1467.01184,388.56219,-620.72516,1697.92798,230.82394,-489.57239,1583.52783,216.03531,-613.78937,1554.4668,408.31354,-541.67639,1454.96838,107.80309,-762.5968,1438.89038,354.72537,-606.46552,1328.74976,271.31088,-747.89954,1443.81409,170.46465,-508.23077,1111.7146,-30.12688,-860.64233,1129.98865,452.26361,-510.46198,876.03973,-81.39522,-837.43567,900.99872,567.13373,-546.29608,1037.80554,241.91158,-645.55457,1017.58545,329.23178,-761.24432,958.16229,81.88134,-435.81454,490.79675,218.84399,-853.03162,543.10455,254.13765,-470.67361,128.21021,264.42072,-866.97278,108.90236,307.2196
203,2.02,-486.64932,1465.58948,391.9411,-613.97217,1695.8656,237.03084,-483.88953,1581.76025,221.25687,-606.85175,1553.50549,414.8688,-535.76117,1452.39575,114.7461,-757.07495,1437.34436,360.56116,-600.18549,1327.65771,278.99832,-741.66595,1442.32373,177.43996,-504.81464,1109.62561,-22.7799,-851.82001,1128.3291,459.31454,-511.25345,873.08325,-74.86011,-827.88306,903.32532,578.92041,-539.69305,1035.94824,248.60533,-639.17328,1016.74146,335.69727,-755.65967,956.95685,88.51086,-433.85382,487.16571,226.11923,-849.87384,543.30798,255.53082,-452.98621,124.86488,276.68304,-868.3241,108.63019,309.23193
204,2.03,-480.15375,1464.06201,397.72849,-609.36096,1695.27209,243.27303,-477.99039,1581.08301,226.93742,-600.3067,1552.28259,420.7869,-528.97034,1450.87573,121.29846,-751.88556,1436.43079,367.11453,-594.20691,1326.11462,286.69131,-735.17365,1440.85303,182.98552,-500.83713,1107.25195,-15.78558,-843.88074,1127.82886,466.58633,-511.25742,872.92548,-71.31218,-817.19312,904.83533,590.47546,-533.2807,1034.22888,254.6156,-631.85583,1015.16681,343.02292,-749.45978,955.99597,94.88956,-433.05261,483.65079,232.52713,-846.59015,542.72449,257.35965,-434.36621,124.7421,288.08743,-870.73956,109.05727,311.10098
205,2.04,-472.60922,1463.68994,404.10919,-602.87671,1693.77551,248.97876,-471.63211,1578.8999,233.32385,-593.40167,1550.59021,427.08752,-522.55396,1449.30127,128.08223,-745.51477,1434.95251,372.94058,-587.11194,1324.60059,292.93198,-728.62561,1438.88269,189.67981,-497.04285,1105.08105,-8.35402,-836.53601,1127.93677,474.03165,-510.04538,870.3645,-64.53719,-807.3385,906.80072,601.3418,-526.27966,1032.66711,261.38425,-625.59033,1013.11584,349.5264,-742.92383,954.76782,101.25091,-432.47989,479.80688,239.69164,-842.75037,541.72504,259.46228,NA,NA,NA,-872.96576,108.20671,310.72311
206,2.05,-465.88364,1462.74402,410.75961,-597.22009,1692.17883,255.01749,-465.46783,1578.12378,238.94405,-586.50439,1550.01941,433.33539,-515.53479,1447.38,134.4729,-738.55609,1433.91064,378.63562,-581.01031,1323.08582,300.45529,-721.73456,1437.38794,194.56111,-492.15598,1102.58972,-1.14827,-828.90088,1128.07446,481.52884,-510.21933,867.11951,-58.06827,-797.62476,908.43604,612.46515,-519.88892,1029.67334,267.84433,-619.92639,1011.33844,355.09521,-736.12836,953.24774,108.12968,-432.61563,475.15872,245.12376,-840.1701,542.01062,263.24557,NA,NA,NA,-875.10254,107.06444,310.73325
207,2.06,-459.60928,1460.85327,415.29636,-589.92401,1690.49792,260.85117,-458.90347,1576.91663,244.33667,-579.40778,1548.21191,439.20746,-507.88849,1445.17261,140.78879,-731.35663,1432.12012,384.61374,-573.15894,1321.38452,304.92902,-714.8233,1434.92957,202.18361,-487.6106,1099.78345,6.38125,-821.07922,1127.09009,488.83371,-507.05423,865.33643,-50.59031,-788.26221,909.81323,622.24402,-512.85632,1027.29663,274.73773,-614.16962,1009.54675,360.99869,-728.93866,951.74561,113.62357,-433.24231,472.8093,253.12166,-835.81976,540.1311,266.56134,-379.9649,130.89445,325.12463,-875.97064,106.61117,312.49274
208,2.07,-451.77512,1460.62866,424.28461,-582.35669,1688.29907,266.4314,-451.79871,1575.44958,250.87804,-572.55646,1547.59375,445.30655,-500.54535,1443.00977,147.33128,-724.93628,1431.2356,390.64114,-566.59277,1320.19983,312.4263,-707.24963,1433.0946,207.79604,-482.11053,1096.58984,14.70712,-813.80005,1125.89001,496.22467,-504.69009,861.72144,-43.30698,-778.87817,911.02509,632.33569,-505.41501,1025.45642,281.94849,-607.75745,1007.28058,367.77142,-721.58868,949.70349,119.55222,-432.85352,469.94873,260.29837,-832.27502,539.64685,271.07425,-362.00421,131.63643,334.49649,-877.09033,104.85567,313.2774
209,2.08,-444.2403,1459.55371,428.10699,-576.37665,1687.38733,272.0683,-444.84915,1574.38757,255.98038,-566.3703,1546.47546,451.2363,-493.04309,1440.78723,153.36682,-718.27618,1429.45752,396.70886,-559.27155,1318.16858,318.71552,-699.84692,1431.24084,213.79639,-476.50323,1093.33813,22.15004,-806.3598,1124.91223,503.98401,-502.73108,860.2666,-37.6954,-769.23663,912.45386,641.27808,-499.43408,1023.47882,289.45322,-600.78003,1005.28143,376.74585,-713.89288,948.01721,126.09705,-430.40784,467.88382,266.59387,-828.18134,537.62445,275.23129,-344.61874,133.13765,343.08279,-878.07111,103.78471,313.03192
210,2.09,-436.7012,1459.14893,436.62842,-569.22614,1685.19629,277.99051,-438.58557,1573.71802,262.39459,-558.5647,1545.44531,456.85983,-484.91705,1438.4696,159.28387,-710.14777,1428.37524,402.73395,-551.69824,1317.22339,325.75699,-692.28479,1429.57471,219.91365,-470.47824,1090.09448,30.75259,-799.25891,1123.92188,510.95602,-496.62555,858.71625,-28.12156,-760.89319,913.61249,650.0899,-492.53058,1021.00806,296.97906,-594.09985,1003.41742,383.25305,-706.21619,946.30688,131.79028,-425.26242,466.40021,272.34152,-824.4248,535.91718,280.41837,-327.68927,137.3979,352.7218,-878.41547,103.05532,312.91315
211,2.1,-429.23129,1458.17554,441.31015,-562.61353,1684.33984,283.21674,-429.53207,1572.04749,268.51974,-550.93066,1544,462.35934,-477.32611,1436.46643,165.83383,-702.64075,1427.35339,408.61624,-544.18701,1315.01294,331.43848,-684.1886,1427.97986,225.52631,-464.2363,1087.41687,38.8232,-791.86157,1122.73218,518.06354,-492.66733,855.85706,-16.78917,-751.75531,914.12689,658.92084,-485.37109,1018.63037,304.02032,-587.01129,1001.39203,389.89255,-698.31458,944.64758,138.17178,-417.78607,465.25925,277.36743,-820.4668,535.14801,286.00964,-311.68121,142.38399,361.00842,-878.67493,101.46786,313.8288
212,2.11,-420.69897,1458.14941,448.92963,-555.09558,1683.28271,288.7135,-421.82446,1570.94922,273.97568,-543.05231,1543.00708,468.06546,-468.85577,1434.12891,171.67274,-694.66156,1425.47156,414.64084,-536.67444,1313.68127,337.62195,-676.0896,1426.30054,231.5381,-457.76968,1084.59814,46.38295,-784.11768,1121.69116,524.74951,-487.21649,853.97687,-13.55212,-742.51251,914.73083,667.10199,-477.47974,1017.0152,310.6347,-579.64838,998.48767,395.71347,-690.1554,942.89142,144.63991,-408.13953,464.36609,283.88882,-816.14453,533.23999,291.68149,-295.67047,146.67751,368.91959,-878.48846,99.40829,312.54718
213,2.12,-413.20792,1456.50305,452.6575,-547.32898,1681.66248,294.23636,-413.25388,1569.78113,280.76474,-535.53046,1541.80396,473.87616,-460.87344,1432.0968,177.87936,-686.59253,1424.17896,420.79858,-528.23889,1311.54272,345.52704,-668.03619,1425.14539,237.98814,-450.41156,1081.78662,53.69522,-776.99048,1120.98657,531.67059,-480.83286,851.51379,-2.10149,-734.0827,915.82263,674.81525,-470.80206,1014.87396,317.50528,-572.97021,996.69257,402.78094,-681.48743,941.23645,150.30206,-396.80356,464.51819,289.69876,-811.63202,532.1983,298.53149,-281.14053,150.74739,375.55264,-877.92651,99.265,312.72137
214,2.13,-403.49612,1455.76111,459.36932,-539.16144,1680.48108,299.49622,-405.27063,1568.73718,286.24692,-527.50012,1541.40808,480.07605,-452.04568,1430.00696,184.2323,-678.25549,1423.41882,427.21204,-519.5827,1310.64233,350.01355,-659.54694,1423.44385,244.00716,-442.76193,1079.05444,60.71981,-769.22931,1120.19043,538.03894,-472.51431,849.07166,3.90081,-725.73389,916.5799,682.21356,-462.26791,1013.36841,325.27951,-565.42383,994.8316,408.99667,-672.40259,939.00757,157.82121,-386.36545,463.79529,298.05023,-806.69177,530.73071,304.85983,-267.30795,154.32469,382.11502,-877.2616,99.73695,313.953
215,2.14,-396.36563,1455.33301,465.15045,-530.78772,1678.79407,304.88016,-396.67172,1567.60718,291.8522,-519.50684,1541.07117,485.84528,-443.92084,1428.17969,190.09166,-669.73462,1422.91589,433.31033,-512.19446,1309.42883,357.12622,-650.9054,1421.97217,249.9715,-435.24506,1076.85608,68.04244,-761.46735,1119.44312,544.42603,-463.61621,847.39838,13.94211,-716.58728,916.24182,689.06848,-455.34189,1012.05707,331.87811,-557.52081,993.23676,415.11172,-663.01923,937.11127,163.93825,-374.93185,463.36929,304.84378,-802.88818,529.61127,312.07822,-254.07867,156.02293,389.01163,-876.38391,98.8028,312.50604
216,2.15,-387.18048,1454.849,471.81909,-521.10358,1677.22107,310.21338,-388.4646,1566.89832,296.26227,-510.3494,1540.05737,491.49603,-434.78329,1426.40051,195.85361,-660.8847,1421.94739,439.72189,-502.40115,1307.71167,363.78998,-642.14191,1421.0675,256.17139,-427.22928,1075.09863,75.34165,-753.18634,1118.297,550.63776,-454.1474,845.61243,19.67856,-708.30347,916.38971,695.66418,-447.04202,1010.69336,338.66373,-549.14941,991.33972,423.45474,-653.70691,935.54016,170.98,-363.3067,462.06934,312.29395,-797.68262,527.95044,319.29962,-242.47014,156.99022,396.7352,-875.34601,98.41035,313.23914
217,2.16,-378.35895,1454.46875,478.00391,-513.89233,1676.53796,315.32321,-379.29709,1565.15601,304.18323,-501.93942,1539.43286,497.07132,-426.19174,1424.84119,202.41238,-651.69019,1421.06348,445.57092,-494.19455,1306.68201,370.35321,-633.45898,1420.12415,262.46384,-418.36194,1073.34216,82.05711,-745.2774,1117.64246,556.23248,-444.68948,843.1933,27.20057,-700.49622,916.01617,701.94733,-438.87024,1010.08069,345.11911,-539.79175,990.32147,429.61929,-643.71448,933.96216,177.68127,-352.39688,461.62009,319.88284,-793.01483,526.53015,326.92041,-230.1342,156.87616,402.33832,-875.02557,99.27015,313.2258
218,2.17,-370.09692,1454.12732,483.73279,-505.3172,1675.78052,320.77518,-370.01038,1564.26465,310.11472,-493.35132,1538.9762,503.04605,-417.52344,1423.77637,208.26559,-643.6084,1420.14612,451.71768,-484.72986,1306.15137,376.60559,-624.5448,1418.9491,268.20636,-410.47263,1072.06738,89.3621,-736.78351,1117.08118,562.16058,-434.02783,840.42072,36.31016,-692.13831,915.53052,707.34515,-428.67273,1010.33691,352.9476,-530.3111,989.5365,437.08789,-633.73883,932.36523,184.89502,-341.71191,459.9426,327.17917,-787.31976,525.54291,335.30951,-220.70827,155.62137,408.80417,-873.68335,98.52266,313.23306
219,2.18,-360.52228,1453.74243,490.28937,-496.25519,1674.99548,325.97202,-361.85608,1563.89014,314.83887,-484.97382,1538.74683,508.65024,-408.66031,1422.79102,213.78189,-634.35358,1419.50879,457.43872,-476.57339,1305.28564,382.62097,-615.53699,1417.83191,273.94193,-399.93158,1070.37122,96.4598,-728.50208,1116.25317,567.67346,-425.09143,838.84741,45.79699,-683.96704,914.91974,712.95264,-419.90955,1009.83905,359.25345,-520.26941,989.25183,444.59207,-623.69629,930.84015,192.58939,-330.56406,458.42728,334.11295,-781.47162,524.49554,343.35211,-214.56433,154.05595,415.76846,-871.27521,99.96461,314.1626
220,2.19,-352.30377,1454.03088,495.38528,-486.01346,1673.32361,331.52762,-352.57242,1562.48206,321.20123,-475.82114,1538.48486,514.05011,-400.00311,1422.3573,219.45122,-625.31787,1419.17114,463.03891,-466.65451,1305.10461,389.39569,-606.7052,1416.92725,279.76923,-391.20319,1069.72302,103.18226,-720.16309,1115.95532,573.22546,NA,NA,NA,-675.37158,913.84595,718.31702,-409.47699,1010.59326,366.78543,-509.66745,988.35065,450.47858,-612.95306,929.68134,199.91753,-318.13779,457.53775,339.07178,-775.245,524.50018,352.89178,-205.93636,150.14754,419.94608,-870.2439,101.16924,314.63248
221,2.2,-343.50647,1453.08655,501.05707,-477.47391,1674.3894,336.90445,-343.73279,1562.18274,326.45752,-466.62891,1538.31531,519.61462,-391.13782,1421.78455,224.66782,-616.79749,1419.1593,468.90622,-457.63116,1305.72266,394.90192,-597.89362,1416.37073,285.78513,-380.94498,1069.22681,109.11786,-711.70532,1115.6051,578.39709,-401.47153,836.19922,63.6688,-667.14471,912.2149,722.97888,-398.63367,1010.8291,373.45233,-498.86258,988.32233,457.38446,-602.60657,928.88782,207.38855,-307.02197,455.57898,346.13626,-769.40656,524.90747,362.90628,-198.35527,148.08702,425.08203,-867.78937,103.00217,313.63815
222,2.21,-334.36929,1453.37646,508.87973,-467.54446,1675.06897,342.51245,-334.35489,1562.69836,332.17084,-457.61548,1539.0376,525.03607,-382.18533,1422.04407,229.83742,-607.77515,1420.24866,474.71744,-448.49326,1306.54272,400.91177,-588.23608,1415.41125,291.45276,-368.50116,1068.31897,116.168,-703.48126,1115.67944,583.66479,-389.8331,836.74689,69.72007,-659.13538,911.0296,727.35803,-388.29196,1011.39172,379.59433,-487.66748,989.18359,464.25732,-591.82001,928.52338,214.1405,-295.68179,454.69339,352.17734,-761.10889,525.08154,372.41702,-191.54427,144.45198,430.02539,-865.26404,105.64096,314.48141
223,2.22,-326.72351,1452.73376,512.52551,-455.86914,1674.98633,348.58676,-324.71948,1563.05762,338.80377,-448.71332,1540.11304,531.29376,-373.95099,1422.82117,235.25763,-599.43939,1420.36877,480.75793,-439.06296,1307.10876,407.11206,-579.16949,1416.08911,297.35678,-357.25424,1068.71851,122.87274,-694.72119,1115.4165,588.30505,-375.40088,835.39941,79.31809,-651.19623,909.87482,731.57617,-376.492,1011.88446,386.2597,-476.43964,990.02332,471.81079,-581.21692,929.08972,221.35588,-286.01846,454.73886,357.92047,-752.58228,526.31079,383.04919,-184.22453,141.5509,433.88501,-861.24854,110.86788,316.00668
224,2.23,-316.63202,1453.08801,517.66907,-448.67017,1677.65332,354.56085,-317.25522,1563.90735,344.10144,-439.7225,1540.74231,536.95636,-365.25778,1423.43262,240.23041,-589.81158,1421.02246,486.61768,-430.19183,1308.68408,412.81097,-569.88782,1416.66028,303.3891,-345.29465,1069.05322,129.17804,-686.14478,1116.07642,592.8338,-362.51971,835.2489,88.96561,-642.97986,908.70685,734.52734,-365.16006,1013.16321,393.4046,-465.44177,991.02563,478.55472,-570.67432,929.71594,228.29419,-275.25314,455.4938,363.31125,-742.86145,527.54901,394.30276,-177.91524,138.70807,437.38876,-857.85388,116.15144,318.72946
225,2.24,-309.16846,1454.62451,524.67102,-438.74188,1678.87158,360.05014,-306.75497,1564.87207,349.37473,-430.43451,1541.81384,542.41296,-357.0527,1424.77771,245.84213,-580.75433,1422.19214,492.94601,-420.02914,1310.65808,418.82953,-560.64478,1417.10107,309.13641,-332.48508,1069.53333,136.79128,-676.86383,1115.72815,596.96954,-346.02963,835.78656,98.68443,-635.02014,908.06946,737.8338,-353.42032,1014.66791,399.66467,-454.29202,992.26898,484.46268,-559.70221,930.25171,234.5032,-264.90503,457.86584,367.85944,-729.74731,527.85699,404.23053,-172.0963,136.14143,440.55954,-853.50653,119.73443,316.09097
226,2.25,-300.21603,1454.80298,529.24023,-427.48938,1678.77588,365.69431,-297.37973,1566.08545,354.6485,-421.95731,1543.40771,547.77417,-347.99774,1426.35999,250.88814,-570.86121,1423.70227,498.74228,-409.77853,1312.19031,424.71747,-551.72986,1418.14087,315.5307,-320.06918,1071.11011,144.35631,-668.42786,1116.06299,601.15155,-334.41534,835.57794,107.24097,-627.32642,907.79877,740.42743,-343.74792,1015.59387,405.34503,-443.04019,993.30157,490.89728,-549.2691,931.38379,241.28096,-254.63826,459.6651,372.00589,-716.07623,528.2702,414.5675,-167.30641,133.45313,442.88483,-847.00104,126.46121,319.88989
227,2.26,-291.53592,1457.71545,537.08807,-420.74271,1681.52966,371.36209,-288.6781,1567.64343,360.9169,-413.26871,1545.03918,553.5119,-339.71149,1427.83386,256.19974,-561.83264,1425.60181,505.26584,-400.41525,1313.72058,430.30585,-542.39868,1419.20068,321.0983,-307.26639,1072.28748,151.65666,-659.58734,1116.17004,605.0451,-319.82721,837.36902,115.59093,-619.31366,906.47717,743.18268,-332.3569,1017.49274,411.38531,-432.81256,995.00305,497.87048,-539.57269,932.14215,248.05263,-244.26926,461.70035,377.69611,-702.5321,529.23145,425.02203,-164.13623,129.61932,445.47049,-841.43958,132.41159,321.59018
228,2.27,-282.69876,1458.95813,539.74445,-411.40363,1683.11487,376.66534,-279.61905,1569.14172,366.56918,-404.73865,1546.18408,558.97498,-330.93317,1429.20728,261.59253,-551.63953,1426.86414,511.13156,-390.91379,1314.94788,435.80618,-533.64948,1420.35828,327.46579,-294.98236,1073.93933,158.87682,-649.59796,1116.19055,608.73505,-303.82855,837.54572,126.05934,-611.16437,905.35443,745.15985,-322.88464,1019.30939,416.98071,-421.84204,996.2002,503.48065,-530.47491,933.49908,254.94388,-233.67911,463.55978,382.77573,-688.09381,530.57495,435.48593,-160.41449,127.00129,447.23727,-834.28088,139.66054,323.04611
229,2.28,-273.31882,1460.8175,546.37683,-403.67148,1684.43262,382.00412,-271.17905,1571.34229,371.99536,-395.22491,1547.75012,564.76508,-322.3526,1431.10535,266.90619,-541.71478,1428.23889,517.27606,-381.52197,1316.76477,440.74826,-524.55713,1421.75159,333.14014,-282.43863,1075.30981,166.55142,-640.56207,1116.47595,612.44867,-287.50989,837.61102,134.17986,-603.83466,904.6535,746.76489,-311.96881,1021.07288,422.73624,-411.44043,997.88464,510.15878,-521.48572,935.21442,261.42938,-224.47813,464.99423,387.47787,-674.61176,530.92493,446.04691,-157.91434,124.2561,447.43283,-824.6394,149.14586,324.69745
230,2.29,-264.21292,1463.45374,553.4176,-394.3851,1685.14331,387.80496,-262.22318,1573.10376,377.54504,-386.17099,1549.8103,570.58099,-313.8985,1432.97961,272.42697,-532.83862,1430.42395,523.37933,-371.87924,1318.38342,446.70438,-515.98193,1423.03491,339.11542,-269.47568,1077.14246,174.61337,-631.38318,1117.14551,616.26227,-271.94217,840.49316,149.35107,-596.29303,903.57397,748.4826,-302.2316,1022.79126,427.33923,-401.0791,999.87274,515.40509,-513.28644,936.5722,268.19598,-215.06932,466.5094,391.02219,-657.80969,531.21045,455.72534,-155.67926,121.76392,448.30118,-814.03156,158.16336,325.32828
231,2.3,-255.1996,1465.38684,556.40509,-385.49619,1686.25854,392.68124,-254.15509,1575.80334,382.28525,-377.99457,1552.2876,575.89789,-305.04843,1434.5127,277.82776,-522.89752,1431.61023,529.2348,-362.92093,1320.13953,451.59436,-507.41953,1424.78845,345.21469,-257.15735,1078.99548,182.22206,-621.73566,1117.95276,619.76691,-255.77901,843.05646,155.74315,-588.46484,902.85242,750.28906,-293.34061,1024.00037,433.06769,-390.48138,1001.57233,522.25684,-504.87399,937.95953,274.44714,-205.54518,468.0347,394.70578,-642.23413,531.35004,466.3147,-154.3251,119.79883,448.40262,-801.35468,166.82855,325.88559
232,2.31,-246.67004,1468.77417,564.27966,-378.22864,1688.25208,398.19202,-245.05978,1577.43506,388.87875,-368.96152,1553.98523,581.58392,-297.20834,1436.56067,283.16791,-513.98505,1433.28735,535.68872,-354.26907,1322.10571,457.14597,-499.01434,1426.29565,351.20114,-244.54161,1081.14807,189.82582,-611.4408,1118.07373,623.33972,-238.63202,844.69556,166.17131,-581.00989,901.64618,751.09845,-282.92657,1026.43848,438.7424,-381.56787,1002.98401,526.14441,-496.47745,939.73779,280.36032,-197.4603,469.79947,397.814,-625.90112,531.28876,476.38568,-153.27876,118.97137,448.3338,-787.17963,176.05249,324.11084
233,2.32,-237.32304,1471.73206,571.52734,-370.26129,1689.91797,403.47989,-237.13594,1579.86597,394.28012,-360.64597,1555.88232,587.09595,-288.99283,1438.48743,288.91162,-504.91602,1434.91565,541.80261,-344.83698,1323.73621,463.11169,-490.69193,1428.04175,357.19122,-232.22473,1083.46436,197.36041,-601.95758,1119.07495,627.27209,-222.06837,846.63678,176.80072,-573.82312,900.37659,752.21832,-273.7146,1027.505,442.42218,-371.71423,1005.50775,532.70123,-488.84045,941.27997,286.61087,-189.3382,471.35001,400.38272,-608.19135,530.55823,486.4631,-152.55583,118.24649,448.30505,-770.73346,186.41994,328.86563
234,2.33,-228.93361,1474.03516,574.52252,-363.04666,1691.88831,409.11346,-228.49232,1582.20557,399.90567,-352.43463,1558.13147,592.54944,-280.83759,1440.11621,294.85614,-496.80862,1437.00708,548.12671,-335.48627,1325.78198,469.0289,-482.69565,1430.13391,363.67252,-220.01051,1085.43054,205.29607,-592.3277,1120.07507,630.7262,-204.5432,849.94507,185.5974,-567.3205,899.47174,753.66101,-265.0466,1029.74622,447.8291,-363.42639,1006.91132,536.24481,-480.78284,943.19403,292.23352,-182.25122,472.89536,402.31213,-589.64392,528.41583,496.38898,-151.68799,118.17677,447.65005,-752.73163,196.9837,335.2121
235,2.34,-220.30878,1477.06873,581.81708,-355.20532,1693.50671,414.46594,-220.76724,1584.48694,405.16034,-344.07858,1560.17017,598.4884,-272.64447,1442.01685,300.52673,-487.36575,1438.46765,554.41309,-328.22318,1328.05298,475.40222,-474.55502,1431.90955,369.69449,-207.74373,1087.62537,213.02095,-582.76984,1121.03394,634.69525,-187.38145,852.08038,196.11798,-560.67993,898.46753,754.39905,-257.29718,1030.60889,452.53226,-355.19571,1008.5611,542.07092,-473.16034,944.73633,297.90695,-175.63602,474.39911,402.80865,-571.41583,526.63037,507.448,-151.03343,118.48302,447.15555,-734.05939,207.13182,344.29102
236,2.35,-210.7599,1478.74915,587.20056,-349.0856,1696.87256,419.72833,-212.22539,1586.93225,410.79144,-335.17419,1562.64954,603.98663,-264.70596,1443.67627,306.5571,-479.80038,1439.50916,560.8847,-318.73505,1329.60254,481.83417,-466.52866,1434.11438,375.85657,-196.41768,1090.29163,220.46559,-573.349,1122.47595,638.94305,-169.79057,855.67035,207.17413,-553.40997,897.35089,755.18097,-248.92088,1032.31982,458.34198,-347.92163,1009.80957,546.39258,-465.93317,946.43176,302.76373,-169.19966,475.35278,404.43246,-553.27826,524.4458,518.4566,-150.30258,119.75268,445.25797,-715.79242,216.63528,354.82156
237,2.36,-203.12506,1482.09485,592.14502,-340.7392,1698.20642,425.01041,-204.81255,1588.96826,416.39783,-326.87158,1565.2937,610.00702,-256.7511,1445.55115,312.37817,-471.51907,1441.24805,567.19672,-310.47168,1331.51624,488.31955,-458.66037,1435.99927,382.0267,-184.72299,1092.84851,227.53331,-564.75336,1123.33813,643.15662,-152.64465,859.06262,218.10011,-547.74683,896.47644,755.99127,-241.65556,1033.85071,462.76358,-338.64276,1011.92993,552.79016,-458.37726,947.78125,308.84351,-163.14796,476.72159,405.60098,-534.96008,522.1756,529.45026,-150.10135,120.54932,443.51398,-699.85071,227.40039,378.05838
238,2.37,-193.72275,1483.7677,598.33594,-333.95667,1700.1665,430.75409,-198.7973,1591.21045,420.60513,-318.1915,1567.29224,615.61365,-248.98546,1447.27808,318.47217,-462.79068,1442.9469,573.46136,-302.22083,1333.19165,494.67331,-450.70544,1438.14136,388.14758,-173.18661,1095.32593,235.23059,-555.64801,1124.05945,647.3078,-134.88498,861.80634,229.22362,-541.21979,895.42163,756.73035,-233.4935,1035.6344,467.94257,-332.1691,1012.50623,556.60608,-451.14862,949.13092,314.68695,-157.62415,477.55795,405.01556,-515.40314,520.82611,541.10663,-149.48874,121.27485,441.70602,-681.65375,235.63257,390.94772
239,2.38,-185.76315,1486.24866,602.27826,-326.8205,1702.00195,436.31079,-189.35933,1592.82532,426.2114,-310.23682,1569.65137,621.49799,-241.16312,1449.30249,324.49203,-454.70615,1445.45129,579.63257,-293.57272,1335.4176,500.45508,-443.04166,1439.94043,394.38452,-161.89349,1098.70508,242.53729,-548.32135,1125.13147,651.46222,-118.3791,867.48572,237.96028,-534.35522,894.76025,757.25891,-226.90804,1037.19922,472.9317,-323.17139,1013.7384,562.47955,-444.1926,950.85419,320.40955,-152.5172,477.80261,406.10846,-496.01926,522.01489,553.7569,-149.14111,121.47125,440.81506,-663.16162,243.73701,404.3725
240,2.39,-177.25406,1489.19641,608.80835,-317.33997,1702.1239,442.29211,-182.00096,1595.14087,431.60065,-302.09503,1571.26624,627.4422,-233.68613,1451.0752,330.366,-446.32031,1446.72144,585.72449,-285.54208,1336.6394,506.95926,-435.3689,1441.74353,400.36542,-150.46385,1101.8363,250.16011,-539.84229,1125.8855,655.64087,-101.41349,872.01343,248.92017,-528.81824,894.44257,757.51605,-219.42917,1038.5835,477.15329,-316.20685,1015.45898,566.31024,-437.64429,952.44769,326.24829,-147.52893,478.23172,405.52573,-475.81207,523.14154,566.41602,-148.58377,121.37984,438.71298,-643.08917,250.62253,418.20853
241,2.4,-168.88145,1490.56567,614.65533,-311.07239,1705.0155,447.80292,-176.00046,1596.85547,436.90036,-293.91287,1572.99634,633.75427,-226.56989,1453.10034,336.72229,-438.30975,1448.1051,591.80627,-278.0614,1338.45862,512.02063,-427.86539,1443.54541,406.54077,-139.24837,1104.64941,257.58444,-532.8783,1127.48438,660.00439,-84.37454,877.06458,259.10889,-522.97272,893.90021,758.59821,-210.93903,1040.90613,482.65668,-308.58902,1016.83447,572.4646,-430.82443,954.63696,331.6362,-142.56274,478.55643,405.21472,-455.06204,525.56915,579.34753,-148.74934,120.61951,435.2341,-623.00391,256.60306,432.66153
242,2.41,-161.36096,1491.75879,619.4917,-304.26047,1706.43018,453.88507,-166.54626,1597.97192,443.57568,-286.06519,1575.11621,639.40991,-219.23946,1454.92981,342.49185,-430.81555,1449.61914,598.02295,-270.67743,1339.82471,517.97003,-420.13974,1445.35461,412.38406,-128.20493,1107.19006,267.00488,-526.18109,1128.61243,664.06152,-66.75301,881.05475,271.87234,-516.02789,892.89771,759.54578,-204.28665,1041.68811,486.48782,-299.59265,1018.31183,578.64502,-424.64951,956.73309,337.55008,-138.3257,478.73999,404.23416,-435.14285,529.94019,592.73688,-147.92426,120.47021,433.26306,-602.87079,262.36572,448.11395
243,2.42,-152.75053,1494.17151,627.76337,-296.21158,1708.09131,459.8074,-156.29623,1598.62463,450.69391,-277.14804,1576.54468,645.36377,-211.89729,1456.92505,348.22949,-424.38937,1450.776,604.34406,-263.85574,1341.651,522.98883,-413.51587,1447.73108,417.73865,-116.30579,1110.53442,273.92285,-519.07379,1129.43445,668.29901,-51.19632,886.76007,282.75238,-511.07816,892.93384,761.09613,-196.95752,1044.4812,491.50784,-292.82333,1019.98645,582.91284,-418.45047,958.15472,343.09943,-133.91586,477.96619,402.01004,-413.88058,533.75043,605.41254,-146.82439,120.1123,431.22089,-582.03113,267.10831,463.88861
244,2.43,-145.06203,1495.37695,629.46008,-288.33517,1709.48767,465.91388,NA,NA,NA,-270.05615,1578.06982,651.42261,-204.74278,1458.9032,354.10391,-415.65973,1451.61194,610.16284,-256.39584,1343.15247,528.80511,-406.13223,1449.37524,423.76605,-104.663,1113.86084,282.23315,-511.61993,1130.11182,672.4389,-34.9704,891.38593,292.78757,-504.80231,892.3606,762.35938,-189.51329,1045.3562,496.05481,-283.81647,1022.07458,589.34692,-411.63962,959.86273,349.47546,-130.44725,477.44736,400.35483,-393.7067,539.27313,619.00104,-147.49825,118.99873,429.61679,-559.26642,269.26056,479.65854
245,2.44,-136.9133,1496.56555,637.34149,-279.7005,1709.23474,472.43124,-141.91968,1601.24829,462.85083,-261.48755,1578.95239,657.53589,-197.6516,1460.84351,359.95444,-408.81326,1452.8136,616.18604,-249.2058,1344.12463,534.18073,-398.9628,1450.89746,429.80612,-91.99621,1116.97046,290.29276,-505.03848,1131.31775,676.93842,-17.49384,895.55475,307.12497,-499.33566,891.7746,763.36145,-183.02701,1047.49829,500.0365,-276.4881,1023.21985,593.97711,-405.47961,961.41699,354.91742,-127.46021,476.52881,398.01678,-372.29749,544.21594,631.56268,-146.76808,119.70831,426.85562,-536.85486,272.81116,496.2095
246,2.45,-129.6864,1497.17493,641.09521,-273.00497,1710.98657,478.95374,NA,NA,NA,-254.3783,1579.67053,663.51428,-190.39128,1462.58337,365.70667,-401.0025,1453.71619,622.17957,-242.19125,1345.12305,539.85596,-391.6333,1452.08142,435.66019,-80.01519,1120.9209,299.27496,-498.8187,1131.99792,681.18896,-1.95663,901.58905,317.5578,-494.2803,891.49597,765.19653,-175.83031,1049.18481,504.53638,-267.41138,1024.91125,599.1676,-399.44955,962.96661,361.54364,-124.94922,476.14627,396.49036,-351.95035,550.78638,645.56586,-146.68996,117.59312,425.73792,-514.56323,275.08615,513.28857
247,2.46,-122.58849,1498.38269,649.61578,-265.86237,1713.07288,484.76956,NA,NA,NA,-246.70311,1580.07703,668.87585,-183.41492,1464.18201,371.63431,-394.71802,1454.90723,628.39996,-234.91753,1346.4314,544.8681,-384.05661,1453.21582,441.39911,-67.71072,1124.46545,309.01102,-492.11871,1132.6814,685.28021,12.68644,906.65594,326.83896,-489.54272,891.29376,766.97211,-167.81894,1051.28979,508.85901,-259.74353,1026.0083,603.73431,-393.28125,963.7547,368.00708,-122.44802,475.20407,393.95471,-331.12952,556.23853,657.9953,-145.34503,117.93922,423.97757,-489.85031,274.0697,520.89789
248,2.47,-114.66367,1497.93115,652.10278,-258.50287,1714.21558,491.0979,-119.04592,1604.65491,480.35275,-238.91527,1580.10168,675.09351,-176.29022,1465.90393,377.48468,-386.56049,1455.32959,633.93506,-227.98752,1347.28906,550.40869,-376.66699,1454.29785,446.92947,-55.58557,1128.03809,317.92001,-485.53574,1133.36377,689.3335,28.20096,911.48755,338.40112,-484.08386,890.98889,768.39343,-160.21129,1052.02393,513.40283,-252.08694,1027.1781,608.21783,-387.24826,964.98163,374.62726,-120.66946,474.54239,391.83786,-310.76486,562.0968,669.88019,-145.38046,117.09989,422.88168,-465.91217,275.42377,537.98419
249,2.48,-108.36485,1498.69714,660.0224,-251.66383,1715.00928,497.38959,NA,NA,NA,-232.33424,1580.9696,680.90125,-168.82095,1466.99536,383.16888,-379.29153,1455.73242,639.64563,-221.00682,1347.78052,556.52307,-369.30835,1455.30994,452.46027,-43.44009,1131.59351,326.60254,-479.3017,1134.13391,693.63721,43.06321,916.40863,350.01315,-479.42276,891.14331,770.24219,-153.53661,1052.79175,518.25104,-244.18378,1028.36975,613.42841,-380.92102,965.64948,381.08279,-119.3144,474.14612,389.23749,-290.37436,567.05261,681.53302,-144.64471,116.35953,421.07953,-441.75269,277.83081,555.7981
250,2.49,-100.777,1498.54932,665.71136,-242.09155,1714.8075,504.20419,NA,NA,NA,-224.52519,1580.73901,686.49084,-161.87169,1468.32214,389.39145,-372.53064,1457.23096,645.69342,-213.5948,1348.44995,561.09937,-361.92538,1455.90271,458.10559,-31.8339,1135.15662,335.36359,-473.02621,1134.47241,697.30157,58.29313,920.96698,361.15009,-474.97964,890.55566,772.44421,-145.87172,1054.08374,523.0368,-236.85933,1029.57983,618.3291,-374.92795,966.35474,388.09375,-117.60801,473.47311,386.91934,-272.13574,573.38873,693.08948,-144.1752,116.44634,418.42188,-417.6499,279.3291,573.2005
251,2.5,-93.95144,1497.96204,669.85889,-236.18648,1717.05432,510.42545,-97.04681,1607.04077,499.54672,-217.86008,1581.11279,692.95538,-154.59946,1469.08801,395.14786,-364.89233,1457.65625,651.08948,-206.9236,1348.94543,566.68298,-354.61813,1456.63342,463.69635,-19.91948,1138.14722,344.51392,-467.33521,1135.0802,701.46869,73.12867,926.35095,373.73285,-469.71225,889.76465,773.9057,-137.51331,1054.80029,527.96533,-228.57718,1030.30835,623.89954,-368.97659,966.92773,394.71976,-116.52332,472.93295,384.5665,-253.95587,579.03326,704.43884,-143.97177,116.85881,416.26517,-393.88809,278.77216,589.39832
252,2.51,-86.80437,1498.57397,678.67603,-229.12904,1717.58057,516.80933,NA,NA,NA,-210.6571,1580.9259,698.79706,-147.21082,1470.0459,400.97507,-357.32172,1457.98425,656.7536,-199.87283,1349.19739,572.39807,-347.13925,1457.3656,469.2988,-8.53788,1141.26367,353.37595,-461.60303,1135.04211,705.28076,86.68464,930.3905,383.16293,-465.27759,890.43536,776.48804,-130.46271,1054.84351,532.49115,-221.08775,1030.95227,628.89343,-362.93683,967.37378,401.57144,-115.60672,472.91681,382.84973,-236.99796,583.51129,714.89044,-142.67087,117.77563,415.24249,-368.7348,275.95197,603.22638
253,2.52,-79.69601,1498.03857,680.90619,-221.79507,1718.14844,523.22687,-81.14399,1608.2196,512.26953,-203.93692,1580.78882,704.96545,-139.91667,1470.66699,407.2608,-351.16678,1457.65332,662.41919,-192.7536,1349.44702,577.26807,-339.91037,1457.70569,474.85663,2.5675,1143.9303,361.79254,-455.70267,1135.24121,708.88049,100.14113,935.54071,393.35739,-460.38806,889.3996,778.46539,-123.68839,1054.52563,537.37555,-212.67201,1030.81128,634.33838,-356.54358,967.76215,408.05624,-114.65952,472.6908,378.8392,-219.99551,590.42236,724.34412,-142.04913,117.76605,413.72833,-345.71085,279.19687,632.52679
254,2.53,-72.60463,1498.19226,689.26276,-213.45638,1718.73291,529.4809,NA,NA,NA,-196.44522,1580.88135,710.89362,-132.37578,1471.1543,413.28488,-344.45682,1458.59778,668.24298,-185.57195,1350.12708,583.22552,-332.05081,1457.93396,480.22467,13.76243,1146.48987,370.61948,-450.2887,1135.49048,713.11859,114.2657,938.58179,406.5755,-455.246,888.979,780.83215,-115.74976,1054.45947,542.26672,-206.14204,1031.03979,640.34546,-350.37,968.15955,414.68225,-114.65195,472.43317,378.29575,-204.28926,597.15356,732.68121,-141.55554,118.10709,411.63831,-319.95996,276.95602,647.12061
255,2.54,-65.74928,1497.599,694.23083,-207.00523,1719.34387,536.33386,NA,NA,NA,-190.28932,1580.73523,716.98083,-124.93884,1471.35278,419.41934,-337.24722,1458.69507,674.06287,-178.45862,1350.02332,588.80383,-324.82318,1458.33154,486.02295,24.23904,1148.65234,379.43484,-445.81589,1135.92102,716.55719,127.95838,942.88641,419.39594,-450.41461,889.18652,783.20831,-108.69875,1054.91052,547.9978,-197.73264,1031.11243,646.76135,-343.82758,968.31378,421.54715,-114.81989,471.44025,376.14392,-188.82961,603.56915,740.29327,-141.3707,118.20229,409.89624,-296.82104,275.65747,664.99329
256,2.55,-59.13548,1497.15723,700.97015,-198.96004,1719.33862,542.44617,-60.2397,1609.46167,530.49786,-183.10652,1581.05396,722.99799,-117.32289,1471.80908,425.51392,-330.19437,1458.01819,679.46899,-171.05876,1350.59583,594.83801,-317.22617,1458.51099,491.58325,34.39778,1150.573,387.58234,-439.6384,1136.02856,721.06805,139.58781,946.77863,428.51193,-446.11029,888.92548,785.86017,-101.02789,1054.34436,553.97546,-190.64871,1030.77588,651.90533,-337.25629,968.27252,428.237,-115.69793,472.23825,375.53296,-175.59729,608.5545,747.22552,-141.10524,118.45462,407.74652,-273.39124,272.9967,680.5603
257,2.56,-51.79012,1497.23438,707.75018,-191.63968,1719.53625,548.99048,NA,NA,NA,-176.52335,1580.65271,729.32361,-109.92764,1471.68066,431.77744,-323.25052,1457.8623,685.22156,-164.85568,1350.23633,601.17834,-309.56436,1458.94434,497.35724,44.82921,1151.86267,396.60352,-433.61792,1135.83008,724.80371,151.86179,950.32965,437.80579,-441.55496,888.50842,788.11511,-94.39825,1054.30774,559.96368,-182.6377,1031.12756,659.18866,-330.40839,968.45557,434.74005,-116.38058,472.45367,375.6395,-161.01631,613.70966,755.67053,-139.69162,118.82925,407.38107,-246.81146,268.70926,690.56519
258,2.57,-45.42954,1496.95728,713.4765,-184.7686,1719.73914,555.01611,-45.39022,1609.521,543.58356,-169.02547,1580.5061,735.33118,-102.11198,1471.53357,437.84464,-316.53485,1458.97083,691.43542,-157.33974,1349.78833,606.52716,-302.03928,1458.82971,502.83282,54.32941,1153.59314,405.2449,-427.86746,1135.96191,728.76788,163.39467,953.68579,450.50024,-436.57883,888.1673,790.66388,-86.49525,1054.90479,565.93591,-175.20554,1031.1012,664.62695,-324.06284,968.57758,441.65814,-116.74556,472.90378,375.71851,-147.53252,618.55768,761.50549,-138.22154,118.47845,404.6362,-224.3981,263.90848,704.78625
259,2.58,-38.35941,1497.37073,721.86975,-176.95775,1719.63867,561.74127,-37.53487,1610.18262,550.13318,-163.24426,1580.44421,741.86713,-94.58228,1471.8009,444.04626,-308.87006,1457.99365,696.6449,-149.77638,1349.84473,613.08508,-294.26141,1458.68738,508.53372,64.14348,1154.52637,414.14978,-422.24265,1136.26172,733.04938,175.45293,957.21539,461.47574,-431.69144,887.72205,793.61658,-79.06184,1054.71338,572.54803,-167.99379,1030.81909,670.90002,-317.47946,968.43365,448.0098,-117.08868,473.03336,375.91528,-135.46411,622.45197,767.39105,-138.07991,118.16811,403.4198,-201.60709,258.92975,718.73804
260,2.59,-31.44829,1496.91406,726.56323,-169.42726,1719.37427,567.95868,-30.12091,1610.1438,557.12329,-155.57993,1579.63501,747.78766,-86.87578,1471.51526,450.48706,-301.32196,1458.05334,702.45624,-142.33546,1349.94336,618.70416,-286.85938,1458.5437,514.34869,73.76306,1155.47461,421.66202,-416.46198,1136.59424,737.14282,186.12956,959.90204,470.90872,-426.94748,887.27966,796.13995,-70.21778,1055.34668,579.30804,-159.86852,1030.51318,676.57477,-310.81076,968.32446,454.8985,-116.60074,472.79855,377.89725,-124.57475,624.37115,771.71655,-137.32329,117.35939,402.66403,-178.04416,253.00778,732.50208
261,2.6,-24.22433,1497.71631,735.37567,-162.42477,1718.91089,574.24005,-22.83438,1610.17737,564.14447,-148.8567,1579.76074,754.47015,-78.91468,1471.573,456.4632,-294.5173,1458.27515,708.4649,-135.32509,1348.82153,624.84833,-278.86856,1458.6698,520.03931,82.64633,1156.27551,429.96085,-410.72073,1136.26514,741.47089,196.96544,962.26886,482.28836,-421.97272,887.19171,798.97363,-65.72424,1054.76355,583.30597,-152.50073,1031.00427,682.7608,-304.20026,968.20349,461.76822,-115.8157,472.85751,379.8295,-114.71117,625.27374,774.91541,-138.43913,116.57451,401.19217,-155.74016,245.99434,746.02087
262,2.61,-17.92261,1496.26074,740.28027,-154.25732,1718.47668,580.59192,-13.88111,1609.02649,572.62909,-142.47266,1578.95337,760.7594,-70.86553,1470.60022,462.85406,-285.81552,1457.47363,714.33655,-127.38,1349.43555,631.61829,-271.1055,1458.47131,525.87604,91.59539,1156.54211,438.04236,-404.93384,1136.08508,745.26373,207.36682,964.49823,491.92627,-417.5856,886.43854,801.59479,-58.41108,1054.30151,588.7276,-145.1263,1031.0874,689.83124,-297.40625,967.84784,468.50323,-114.83456,472.9939,381.01831,-106.04684,625.22937,778.54022,-138.37027,115.9706,400.5022,-132.62679,237.94647,759.36584
263,2.62,-10.80453,1496.81396,750.26752,-147.74522,1718.2865,586.70935,-7.5979,1609.23657,578.9538,-136.41968,1579.00708,767.36438,-62.93636,1470.43054,469.0824,-279.9548,1456.74963,720.26166,-120.0029,1348.45361,636.53857,-263.42987,1457.68604,532.09509,100.2823,1156.32263,446.45621,-398.93213,1135.81567,749.50244,217.06784,966.17773,502.10971,-412.62848,886.2146,804.50842,-50.90735,1053.82263,595.02228,-137.22441,1030.98804,695.77478,-289.63354,967.30328,476.10434,-113.62037,473.4407,383.1214,-98.59945,624.95874,782.013,-138.95241,115.8842,402.32632,-109.92546,230.74223,774.2757
264,2.63,-4.25607,1495.87939,754.18939,-140.37457,1717.32275,593.20453,1.09824,1609.5376,585.71198,-129.70653,1578.0199,773.58295,-55.12294,1469.64783,475.44284,-271.48325,1456.87988,726.29919,-111.92931,1347.66235,644.03558,-255.35075,1457.18311,537.55804,108.86282,1156.49634,454.90591,-392.72235,1135.27466,753.30481,227.37524,968.10266,513.86646,-408.34238,886.21002,808.22418,-42.62308,1053.45569,602.20636,-129.31371,1031.14319,701.59058,-282.58722,966.31653,483.07794,-111.32366,473.91916,385.23199,-90.65205,622.3952,785.91125,-139.01881,115.827,402.32553,-87.9331,221.05173,785.75385
265,2.64,2.51202,1496.07532,765.65015,-133.3972,1716.51636,599.83722,6.95856,1609.25745,591.47437,-122.56448,1576.89124,779.86169,-46.71516,1468.94897,481.81946,-264.0195,1455.97461,732.42303,-104.65083,1346.69019,649.67297,-247.08783,1456.36914,543.74829,117.10831,1156.51526,462.79337,-386.73517,1135.0697,758.10425,235.57991,969.13367,523.25897,-402.98206,885.01782,811.08075,-35.95847,1051.93665,606.57062,-121.07773,1030.89075,709.25122,-274.80569,965.57483,490.35938,-109.15633,473.8956,388.63303,-83.2279,618.9071,789.40912,-139.1497,115.85548,402.3837,-66.25669,211.18361,798.70587
266,2.65,9.23137,1495.46191,773.68536,-125.50453,1715.70703,605.72437,15.41915,1607.58789,601.1922,-117.1238,1576.30334,786.60059,-39.1191,1467.90662,488.14926,-256.18417,1455.1156,738.47247,-96.67344,1345.81702,656.0257,-239.66704,1455.56909,550.06842,125.67202,1155.67151,470.88467,-380.5795,1134.30359,762.50275,245.3425,970.04108,533.31763,-398.15601,884.75354,814.61182,-27.75086,1051.63293,613.67865,-113.08078,1030.72644,716.05359,-267.28915,964.37036,497.43967,-107.37041,473.89514,391.15732,-76.90131,614.92712,793.77777,-139.34035,115.78844,403.29523,-44.12977,201.47261,811.53503
267,2.66,16.478,1494.99304,781.56573,-118.52223,1714.86499,612.54126,22.3318,1607.11084,606.30707,-110.32825,1574.72717,792.85272,-30.88497,1466.50134,494.75839,-249.36011,1453.44421,744.68878,-88.93511,1345.10852,662.84937,-231.27016,1454.62683,556.06287,133.97487,1154.69641,479.65826,-374.08563,1133.84656,767.28168,252.99379,970.29681,541.40991,-392.91388,883.36145,818.29858,-19.73723,1050.8186,621.21283,-104.98149,1029.73047,723.06946,-259.61163,963.05115,504.82693,-104.15344,474.23166,394.90076,-71.1601,609.66748,797.90509,-139.25439,115.97028,403.7348,-21.61859,190.89087,824.53607
268,2.67,22.24607,1493.63062,788.1076,-111.96323,1713.32263,619.11932,30.33303,1606.62085,614.83978,-103.79948,1573.79602,799.61591,-22.80115,1465.62268,501.75189,-240.62808,1452.93701,750.84399,-81.36604,1343.89746,668.19769,-223.2489,1453.36877,562.06073,141.87248,1153.86975,487.35361,-367.77905,1132.69849,772.19666,261.21655,969.90106,552.87817,-387.96002,882.75909,822.31659,-11.07696,1051.0083,628.54816,-96.43557,1029.30066,729.6629,-251.76543,961.80237,512.49573,-100.96632,474.73282,397.76434,-66.40847,601.94507,800.15936,-139.347,115.4703,404.92737,0.92973,181.2664,834.90472
269,2.68,29.39759,1493.21948,795.86169,-104.0385,1711.479,625.15112,38.09663,1605.83313,622.5741,-97.51939,1572.45435,806.29047,-14.69624,1463.98669,508.40646,-233.61685,1451.49939,757.72864,-73.58283,1342.68481,675.98621,-215.07872,1451.62427,568.49146,149.79825,1152.26843,494.39352,-360.94489,1131.43054,777.21619,269.70575,970.13007,562.38104,-382.00989,880.88733,826.19049,-4.60003,1048.78723,633.56494,-87.79284,1028.40479,737.51178,-243.90744,960.16577,519.84808,-97.5089,473.65601,402.54373,-63.17369,593.34784,802.00873,-139.62894,115.42687,405.32666,23.69798,173.51842,845.00745
270,2.69,36.00121,1492.17371,802.86725,-97.35059,1710.27917,631.875,45.61161,1604.6875,630.24658,-91.03582,1571.06909,812.52112,-6.86352,1462.39868,515.49774,-225.65413,1450.3186,764.2298,-66.10892,1341.05701,682.80438,-207.0827,1450.09973,575.3512,157.30763,1150.40479,502.46323,-354.44681,1129.8335,782.30762,277.83813,969.34949,571.68329,-376.25024,879.8302,830.55933,5.17571,1048.19556,641.48755,-80.0871,1026.82434,744.39441,-235.3613,958.27289,527.31049,-94.17197,474.01669,407.45197,-60.56938,583.49969,802.31543,-140.01886,115.11524,406.10806,46.59321,166.1091,855.4411
271,2.7,42.62957,1491.31152,812.34473,-90.50498,1708.48999,638.81543,52.81281,1603.08313,637.64069,-85.47148,1569.92908,819.88727,0.75306,1460.71973,522.21558,-217.72404,1447.7699,770.99243,-58.15791,1339.70911,689.1626,-199.22369,1448.09314,581.84766,164.81496,1148.58875,510.56384,-347.42087,1128.56396,787.71313,284.24368,967.50531,578.54993,-370.6463,877.93274,835.33362,13.65261,1047.05042,648.27539,-70.87354,1025.65039,751.75848,-227.16635,956.05371,535.61829,-90.07373,473.64389,411.12143,-59.19331,574.54651,802.44373,-140.4606,114.72348,407.26184,68.998,162.72499,865.74493
272,2.71,48.93574,1489.80396,819.61664,-83.44695,1706.43652,645.07605,59.27316,1601.87109,644.07916,-78.66747,1567.93433,826.36182,8.72202,1458.42114,529.48645,-210.48602,1446.37756,777.85669,-50.81981,1337.33252,697.29346,-191.35315,1445.83459,588.91217,172.70598,1146.4342,518.10388,-340.47113,1126.33813,793.75372,292.02606,966.13171,587.35638,-364.55487,876.36377,839.69733,22.18004,1045.53699,655.24011,-61.61187,1023.58521,758.82056,-219.00357,954.13599,543.10889,-84.62751,473.15289,416.33804,-61.34591,565.37793,799.65717,-139.74088,115.25478,408.54672,89.65209,163.2921,875.3252
273,2.72,56.23466,1488.8396,827.79126,-76.36488,1704.71521,652.08331,66.6969,1600.24768,652.32019,-72.29107,1566.17749,833.62744,15.96646,1456.30029,536.72632,-202.97496,1444.27734,785.48181,-42.62922,1335.44641,704.34631,-184.04002,1444.17285,596.23254,180.07648,1144.33752,525.66992,-333.72937,1124.54626,799.94232,300.01135,964.21405,598.30859,-358.95236,874.2738,844.02777,30.80868,1044.65002,662.93176,-53.14453,1021.5274,765.78284,-210.25002,952.40344,550.79095,-79.95085,472.30872,422.4682,-64.74186,559.04871,800.8136,-140.16162,114.16084,408.08911,108.85429,167.05824,885.19525
274,2.73,62.68195,1487.49719,835.8783,-69.82674,1702.79395,659.46826,73.34633,1599.12878,659.98706,-65.95638,1564.88306,841.02252,24.05705,1454.37756,544.60907,-196.03351,1442.39392,792.89246,-36.00418,1333.08337,711.3479,-175.99652,1441.83337,603.33777,187.2675,1142.11682,533.35614,-326.315,1122.05994,805.92731,306.17288,961.66656,605.3454,-353.07306,871.758,849.73828,39.78786,1043.19116,670.93347,-44.69875,1020.22308,773.76495,-201.26682,950.29059,558.84534,-73.62528,471.73901,428.73978,-66.25964,551.65411,803.29828,-139.2204,114.80431,409.55377,125.39362,175.08516,896.34277
275,2.74,68.73602,1486.13306,843.25702,-61.72554,1700.46313,666.40979,81.33286,1597.25427,668.4903,-60.33363,1563.6947,848.552,31.93487,1452.10657,552.29651,-188.21873,1439.56213,800.11841,-27.57089,1331.18738,719.20117,-168.81438,1439.88281,611.42004,194.36148,1139.4895,541.78693,-319.49359,1119.49597,812.25134,312.57437,958.85175,612.88153,-345.34152,869.11444,855.00562,49.22873,1041.29419,679.52209,-35.87254,1017.89575,781.51282,-192.60286,948.96375,565.7876,-67.1415,470.00357,436.04553,-61.70386,547.87543,805.20978,-138.66222,115.96287,410.82062,138.69688,182.29378,904.63837
276,2.75,76.24783,1485.49072,853.2041,-56.08967,1699.56165,674.69452,88.69969,1595.99414,677.52435,-53.23337,1562.60266,856.30243,39.4807,1450.37073,560.13531,-182.09288,1437.55103,809.20776,-20.35867,1329.18115,727.30969,-160.96214,1438.00977,618.91315,201.87813,1137.72571,549.87457,-311.66583,1116.56812,818.78448,319.67981,956.44635,620.3371,-339.14835,866.2066,860.35248,58.5676,1039.30432,687.30615,-27.24167,1015.9303,788.67163,-184.07663,947.67279,573.08569,-60.23359,469.37714,442.79413,-54.48367,545.19751,805.05096,-138.25714,116.12374,412.14688,150.61487,191.19405,912.59436
277,2.76,82.45856,1484.09143,861.44995,-49.36129,1697.80481,682.91827,95.65178,1594.46741,685.89246,-46.91795,1561.56543,865.03754,47.26184,1448.69324,568.48218,-174.58989,1434.6842,817.10339,-12.78308,1327.20349,736.05017,-153.67508,1435.94507,627.54132,208.25822,1135.85461,557.27582,-304.45267,1114.09985,825.36566,326.71378,953.22388,629.05707,-331.42087,863.7204,866.33624,66.23498,1036.6803,694.57379,-19.34186,1013.96326,796.36414,-174.01608,945.5694,579.86737,-52.74911,468.02896,451.33542,-45.93884,544.84924,806.34668,-137.31186,116.56055,413.56195,161.75336,199.76755,921.10175
278,2.77,89.8631,1482.82373,870.34204,-43.43972,1697.14099,687.93658,102.32092,1592.00073,695.53479,-39.95564,1560.72449,874.06982,55.0715,1447.43274,576.32495,-167.22252,1432.90674,825.38904,-4.09271,1326.1947,744.08453,-146.1844,1434.60571,635.92432,215.44281,1134.31226,565.36407,-296.8566,1110.88745,832.82184,332.02975,950.49701,636.96497,-324.08304,860.42389,872.76135,74.70931,1034.75818,703.22534,-10.84686,1012.13635,804.60626,-164.60074,944.09412,587.74634,-46.01761,466.82581,460.74637,-36.66877,546.43018,809.09131,-135.89839,118.33703,414.92258,172.14743,207.05952,929.34308
279,2.78,96.66151,1482.2146,880.34467,-34.83097,1694.63843,699.92267,109.37267,1590.24414,704.49432,-33.60656,1559.74426,883.25574,62.77861,1446.38708,585.12909,-160.16182,1430.02954,833.83209,3.822,1324.40845,752.10297,-138.38486,1432.6521,644.38214,222.7995,1132.39258,573.97253,-289.65707,1108.5564,840.33502,337.66058,946.81689,642.79327,-316.82135,857.70905,878.71393,84.03224,1033.69531,712.26202,-1.74876,1010.36835,812.7821,-154.20399,942.48749,594.53717,-38.25631,466.18384,469.12317,-27.97972,548.27295,811.96606,-133.4812,120.53171,417.71368,181.43315,214.14253,936.57489
280,2.79,103.32843,1481.13989,889.97919,-28.58616,1693.2738,709.13049,115.22829,1589.46033,712.61768,-26.21017,1558.49548,892.4436,70.43135,1445.56165,594.59442,-153.36526,1428.18677,842.59998,11.69793,1323.48914,760.60583,-130.84856,1431.08069,653.39032,228.74295,1131.09766,582.18024,-281.8288,1105.90686,847.6098,342.81421,942.8645,648.83313,-308.94318,855.32513,885.01349,93.35946,1032.19556,721.13629,6.02234,1007.89423,820.92975,-143.88391,941.33771,600.48785,-30.53907,465.64594,477.63068,-18.39106,549.95367,817.95319,-131.06589,122.59553,419.01135,190.28876,219.33925,943.13647
281,2.8,110.43585,1480.17517,899.32574,-21.76075,1691.91077,718.51782,122.77348,1588.60754,722.75116,-19.5173,1557.1748,901.89801,77.84951,1445.229,604.44305,-145.85547,1425.93958,851.16943,18.86188,1321.5575,769.40668,-123.39748,1429.82361,662.09351,235.57385,1129.74121,590.18127,-274.37454,1103.58179,855.7652,348.11661,939.37567,654.35284,-300.49112,852.44305,891.00854,101.71188,1030.48145,729.10461,14.56044,1006.65027,829.16034,-134.23528,940.3949,607.17834,-22.11727,465.08624,487.71951,-10.94162,550.24854,823.1015,-128.32979,125.52244,421.91721,199.01193,224.36691,949.57074
282,2.81,116.56188,1479.89709,910.31049,-14.84848,1690.53223,728.21185,130.14027,1587.10303,733.43073,-12.54314,1556.16724,911.80914,85.9131,1445.17871,613.98999,-138.8864,1423.86255,860.53308,26.80488,1321.04968,779.3667,-116.07899,1428.77075,671.35852,242.11282,1128.64453,598.8045,-266.59595,1100.82568,863.54443,352.72366,936.31598,660.21851,-292.1673,849.73993,898.74036,110.05578,1029.95178,737.25714,22.34785,1005.6507,836.94751,-123.43239,939.96393,613.58832,-14.41066,465.0401,496.36609,-3.77727,548.54291,820.42926,-124.54389,128.29268,424.07477,208.36905,227.38536,954.4682
283,2.82,124.12054,1479.37964,920.2417,-7.63549,1690.22803,738.38348,136.49139,1587.54077,743.40186,-6.47491,1555.99512,922.1167,93.51082,1445.84143,623.38745,-131.74634,1422.29944,869.14417,34.32561,1320.92517,788.47778,-108.60815,1428.7583,680.47418,248.35222,1128.15454,606.75354,-258.98654,1098.95618,871.65222,357.47552,932.58997,666.16394,-283.616,847.22302,906.25482,119.37702,1029.59875,746.60876,31.20382,1005.11151,845.55029,-113.62302,939.93542,619.60223,-5.57033,464.61096,507.05246,4.91297,548.1579,825.15613,-120.66181,131.08627,427.43027,217.23653,229.8024,960.07062
284,2.83,131.11035,1479.82422,931.03723,-0.60591,1690.57263,749.06049,142.7074,1587.85779,753.68427,0.72985,1555.85999,932.53687,101.46102,1447.21985,632.71027,-124.99358,1420.85376,878.1225,41.57557,1320.38733,795.91351,-101.32302,1429.17737,689.4281,255.25261,1128.32471,615.30353,-250.88013,1096.82996,879.62213,361.77039,929.18512,673.15448,-274.47192,845.21631,913.75952,127.16261,1028.83899,754.10645,39.06797,1004.72766,852.82825,-104.36418,940.04999,626.7948,2.45848,464.29868,517.02081,14.52854,546.07568,829.47852,-116.06212,134.03331,431.09073,226.28979,231.2507,965.13141
285,2.84,136.94832,1479.65356,941.69299,5.99211,1691.32385,760.26672,150.27855,1587.55798,765.57031,7.39562,1556.41553,943.52228,109.2775,1449.28137,642.48602,-117.60612,1419.55103,886.66663,48.43938,1320.9978,804.8501,-93.97658,1430.37012,698.3255,261.73148,1128.75476,624.29626,-242.114,1095.10071,887.64142,364.60074,925.63336,675.34467,-265.60312,843.56293,920.58063,136.00101,1030.67017,763.54895,46.63477,1005.35236,861.74731,-95.72012,940.87506,634.66919,12.03935,463.62473,528.23798,24.53331,547.71741,837.62878,-110.43357,137.05923,434.68903,235.05046,231.63477,970.32623
286,2.85,142.98265,1480.05505,951.84009,13.01819,1691.97058,770.4165,157.47025,1589.14966,776.82361,14.27919,1557.00146,954.30261,117.77355,1451.46643,651.78174,-111.33443,1419.11975,894.69531,57.0657,1322.11084,813.5495,-86.67068,1431.94617,706.59088,268.12341,1129.86133,632.35754,-233.86531,1093.98438,896.09229,367.57095,921.94293,679.55121,-255.67455,842.13458,928.92487,142.77716,1030.16321,771.63464,53.91662,1006.66351,870.08905,-87.73164,941.70349,642.90021,21.53149,464.12711,538.79932,34.54422,549.77399,845.8913,-104.67348,141.40262,438.15631,243.56152,231.49414,973.80804
287,2.86,149.7627,1480.55383,962.00208,18.98311,1692.12744,781.21674,162.86861,1589.99536,785.70251,20.41144,1557.02368,964.26971,125.76203,1453.73047,662.01428,-103.59061,1418.81116,901.37457,63.99509,1322.58423,821.49384,-78.74458,1433.25659,713.97961,274.88266,1131.59082,640.86761,-225.29985,1093.71802,904.6499,370.27914,919.49237,683.28101,-245.91371,841.12048,937.21698,149.97542,1031.59692,778.99176,60.54958,1008.14325,876.51941,-80.45841,942.73035,651.26569,31.3014,464.69656,549.37634,43.15339,552.77539,855.22083,-98.02906,146.39786,442.08609,250.61452,231.62286,976.99976
288,2.87,156.07037,1480.49036,972.99854,25.25531,1692.17834,790.90033,169.36574,1589.8894,795.81793,25.80254,1556.53918,973.81592,134.38817,1455.90991,672.07013,-97.89549,1419.05151,908.50745,71.40141,1323.29407,829.49805,-71.07855,1434.68201,721.81915,281.13828,1132.23865,648.2655,-216.45206,1093.45801,912.07611,371.76636,915.25024,683.18115,-235.87312,841.37891,944.82104,157.34212,1033.09387,788.30981,64.89362,1010.44745,883.58588,-72.82745,943.70801,659.82404,42.01912,466.17471,560.22559,50.80384,557.03436,865.75031,-90.22839,151.21596,447.33563,257.53961,231.4726,979.74146
289,2.88,161.37842,1481.38379,982.87274,30.83195,1691.76331,800.0885,174.75616,1591.4635,806.11963,30.71656,1555.67627,982.86584,142.93521,1457.7522,682.27997,-92.22429,1419.83447,915.38599,79.03826,1323.92859,838.03461,-63.65749,1435.28796,728.91577,287.96927,1133.23303,656.82831,-207.86876,1093.91345,920.04419,374.67819,914.09338,687.58789,-226.37083,841.93555,953.71539,163.86536,1034.67371,796.88226,71.82227,1012.65942,891.61957,-65.50939,944.36749,667.25171,53.43313,469.15781,573.07111,58.60117,561.14661,877.83539,-81.75739,156.72768,452.17926,264.25174,230.23186,982.30853
290,2.89,166.69437,1481.48352,992.1734,35.70752,1691.85962,808.73761,181.16873,1591.66699,816.74579,35.05312,1554.96924,991.45996,151.58115,1459.39636,692.03577,-86.25347,1421.47583,921.48407,85.04589,1324.96179,846.49628,-55.67249,1436.26782,736.05157,294.17346,1133.62085,664.00958,-199.08086,1094.18665,926.88837,377.48605,910.80994,689.84698,-216.55508,842.66003,960.94141,170.2495,1036.24988,806.58313,79.08135,1016.91113,902.47577,-57.80139,944.78082,675.04688,64.8126,470.61273,585.0697,65.26733,565.22833,888.34589,-72.8483,163.24944,458.20023,270.37451,228.71893,984.05573
291,2.9,171.61427,1482.2417,1001.55328,41.11385,1692.13977,817.29321,187.27171,1592.0658,826.20587,39.29172,1554.87927,999.62488,159.26428,1460.27014,701.92072,-81.15033,1422.17676,927.40942,91.62855,1325.99475,856.13647,-47.92664,1436.75537,742.73761,301.24808,1133.18506,671.62488,-190.99852,1094.66443,934.5918,379.2226,907.51385,692.92065,-207.13602,843.67303,970.67737,177.00095,1037.72595,815.91809,84.12304,1019.90485,910.98138,-51.15474,944.96362,683.45209,77.84329,472.79575,598.4657,71.81797,566.75983,896.87244,-62.40892,171.76414,466.48465,276.07748,226.08772,986.3996
292,2.91,176.67833,1483.42078,1010.19897,46.72088,1692.68164,825.26996,193.16013,1593.33582,834.98816,44.25536,1555.24585,1007.77954,167.46916,1460.93787,712.17542,-76.69408,1422.92249,933.56824,97.37867,1327.05078,864.94489,-40.37275,1437.24854,749.42194,307.64709,1132.52148,677.94293,-182.61064,1094.94165,940.51154,382.13806,904.13086,696.85431,-197.2373,844.30469,979.45721,183.21872,1038.2627,825.05426,89.46549,1021.58417,919.66931,-44.01847,945.28131,691.39752,91.97969,473.69205,614.36041,78.5011,569.39496,909.23639,-50.7045,179.73364,475.67035,281.95981,222.46329,988.34949
293,2.92,181.00706,1484.05835,1018.02008,51.94027,1693.64343,833.45447,199.23286,1594.73035,843.94733,49.37875,1556.2262,1015.68848,175.1777,1461.37329,722.06451,-72.82237,1423.95911,940.30981,103.23911,1328.21045,874.59503,-32.91749,1437.46179,756.15344,313.93161,1130.67371,684.79065,-174.81595,1095.18115,946.61676,383.68982,900.29901,697.99432,-187.74965,844.85748,986.41205,191.3849,1040.00378,835.41248,95.03267,1022.31628,927.98322,-36.60637,945.48901,699.10114,107.29785,473.99362,628.65033,83.96695,570.17517,918.20819,-38.08077,188.00386,486.13275,288.0524,217.89777,989.88226
294,2.93,185.76926,1485.57825,1026.98145,58.20477,1695.14282,841.14423,204.52837,1596.32629,851.70001,54.44075,1557.84534,1023.32684,182.64124,1461.60657,731.32697,-68.10188,1425.34473,945.72522,108.25222,1329.20557,883.95758,-26.23032,1438.328,762.89001,320.23447,1129.27344,692.229,-166.90912,1095.47034,952.83087,387.07507,898.1322,702.48389,-177.80273,844.896,995.97522,197.58585,1042.10339,844.80701,99.55656,1022.39252,937.46802,-29.33292,946.11157,706.8244,123.96623,474.01132,643.81329,89.87727,571.06561,929.54865,-23.91065,197.34755,498.52426,293.34717,212.73654,992.01074
295,2.94,190.99577,1487.25659,1036.33826,63.58032,1696.55359,848.75555,209.88078,1598.05249,859.82245,59.50232,1559.40344,1031.16052,189.6107,1462.26599,740.86798,-64.6875,1426.599,951.93878,113.57935,1330.3479,892.71362,-19.38825,1439.18872,769.89148,326.1301,1127.61047,698.5174,-159.75392,1095.50037,957.93243,389.42294,895.06036,703.79395,-168.71608,845.854,1004.19543,201.76152,1041.61108,854.15509,105.30592,1021.92316,946.80225,-22.85604,945.98743,714.19305,142.63301,477.85504,656.36017,94.61761,568.89923,939.33264,-8.17526,206.0842,509.8855,297.99698,207.38557,993.81091
296,2.95,195.90004,1489.40686,1044.09851,69.03675,1697.8197,855.94501,214.6974,1598.88037,866.97321,64.60362,1561.70313,1038.73926,196.8232,1463.05554,749.8042,-60.08488,1428.3103,957.72217,117.93814,1332.10425,901.55566,-12.95107,1440.07898,775.89819,332.64185,1126.11438,706.51819,-153.04704,1096.08765,963.85565,392.26654,892.94653,707.74939,-160.04268,847.01294,1012.5575,205.70428,1042.31458,862.91602,109.60471,1020.54083,954.89185,-16.43436,947.2536,722.271,160.74442,483.68109,670.99182,100.35246,568.69623,952.41638,9.16011,215.08316,521.08765,302.21945,200.96487,995.96063
297,2.96,201.48888,1491.66382,1051.85474,74.868,1699.47375,862.90845,220.2751,1600.79688,874.46405,69.41709,1564.62341,1047.0011,203.88089,1463.25989,759.05359,-57.2066,1429.74243,963.89569,123.97733,1334.229,910.93719,-6.1473,1441.60205,782.74493,338.65433,1125.52441,714.0932,-146.67799,1096.9967,968.98657,394.68518,890.79291,710.10681,-151.49658,847.93555,1020.78577,211.13367,1043.2196,872.27563,114.84499,1019.6676,963.79547,-9.6894,948.35974,729.52405,179.4057,489.31152,684.8786,105.05723,566.92365,962.73755,30.0434,223.41937,531.52692,306.08279,193.6113,997.87164
298,2.97,206.38208,1494.22009,1059.31848,80.16794,1700.70569,869.63959,225.35007,1602.12817,882.01978,75.03651,1567.40369,1054.36218,210.61047,1464.2074,767.72131,-52.45189,1431.38928,969.50586,128.67931,1335.99658,919.91632,0.11142,1442.61584,789.36963,343.69385,1125.16467,720.26074,-140.95757,1098.65222,974.35901,397.26752,890.20374,714.40234,-145.09462,850.50769,1027.96521,216.1266,1044.10706,881.94757,119.63451,1018.80957,974.26489,-2.59804,950.02478,736.9541,199.4281,494.44757,699.30841,108.86919,565.16864,972.21906,52.6242,232.39328,542.56775,309.36224,185.93382,999.82971
299,2.98,211.01857,1496.9292,1068.0177,85.53036,1701.78259,876.13837,230.53975,1603.6825,889.22882,79.1593,1569.65527,1061.66626,217.25327,1465.08215,776.76404,-48.77537,1433.47852,976.06323,134.17731,1337.89233,928.50275,6.28481,1444.20764,796.28986,347.04913,1125.37671,725.9975,-135.85689,1100.41614,979.64661,399.771,889.13593,717.43951,-137.77632,853.05121,1037.06567,221.63087,1045.51453,891.90686,124.21194,1017.26648,976.16492,3.76037,951.97247,743.57092,221.51981,499.03394,715.83429,112.68349,560.97601,980.04303,75.68399,240.09061,553.83398,309.66266,178.32095,1000.8938
300,2.99,216.03864,1499.66553,1076.45557,90.60608,1703.5376,882.55084,235.67273,1605.84119,896.36298,84.02018,1572.18091,1068.7063,223.69823,1465.88147,785.97906,-43.8522,1435.10803,982.36621,138.93117,1339.17334,936.22577,12.59544,1445.43921,803.21857,351.73843,1125.32031,733.09338,-131.04988,1102.51135,985.32434,402.18771,886.93298,717.58978,-130.16905,855.02411,1044.66736,227.25793,1047.0907,901.43213,128.6815,1019.57397,989.50311,10.50597,953.86224,750.59192,244.70877,502.73743,732.84863,113.01479,561.7489,988.05481,98.88902,246.60103,565.64734,309.19141,171.88873,1001.573
301,3,220.43549,1502.54468,1085.15417,95.61493,1704.6095,888.83704,241.53357,1607.33826,905.44495,88.49924,1574.71606,1075.94263,229.95848,1467.24487,794.44696,-40.48092,1437.14673,989.11206,143.32056,1340.06458,944.25128,18.6409,1447.05249,810.4834,355.85251,1125.79529,740.05286,-126.16127,1104.61804,991.48053,404.6893,889.16077,728.4397,-124.89395,857.8031,1053.73853,231.89873,1047.91333,910.6618,132.7317,1019.8783,993.51184,16.77741,955.78949,757.0127,268.07544,507.453,750.14124,110.41045,561.90167,995.82281,122.35213,252.11519,577.92542,306.9346,168.01302,1002.16846
302,3.01,224.14125,1505.24194,1093.39661,100.67629,1706.11475,895.37219,245.7202,1608.52881,911.94604,92.93793,1576.8208,1082.97913,235.87576,1468.30408,802.99951,-35.92859,1439.47668,995.72162,146.95366,1341.51599,952.13922,25.90159,1447.40015,818.04529,359.84766,1126.25269,747.39569,-121.8036,1106.98035,997.97772,407.39835,889.22577,733.86902,-119.54045,860.85144,1063.08179,237.57176,1050.00232,920.40277,137.63902,1022.83948,1007.34552,23.5141,957.92383,763.72083,290.61227,510.69131,768.16144,107.01572,560.83069,1004.09253,146.04181,256.71701,589.40356,302.5065,167.97768,1001.99078
303,3.02,228.8194,1507.77148,1101.453,105.81131,1707.26062,901.69208,NA,NA,NA,96.21005,1579.58618,1090.15027,242.36008,1469.74622,811.07391,-30.40683,1441.41809,1002.12341,151.40034,1342.93701,959.39154,31.80786,1449.10486,824.87115,364.02844,1127.26111,754.55048,-117.78418,1109.06531,1005.58716,410.2179,888.97662,738.36914,-114.74192,863.67944,1074.07764,242.43048,1052.35352,930.44043,140.62445,1024.1947,1009.5473,30.12284,960.08118,770.15637,312.32733,513.00342,786.42224,102.84164,560.13055,1013.10309,170.16632,261.13098,602.43762,297.7338,168.92076,1001.86804
304,3.03,232.49289,1510.23157,1109.38306,111.03394,1708.65405,908.16846,256.21521,1612.32507,928.57184,100.38283,1581.97937,1097.20764,249.1201,1470.93164,819.95184,-25.49329,1443.07629,1009.25732,155.95076,1344.71997,967.49591,37.17952,1450.5,832.11774,368.45447,1128.33716,761.77454,-114.12479,1111.81165,1013.33368,413.40967,890.8916,744.81982,-110.31386,866.69366,1083.73108,246.80087,1053.72888,939.21008,144.83257,1026.73267,1022.07202,36.52683,961.7951,776.42908,333.82349,515.29565,804.82397,100.8051,558.54681,1021.5224,193.96835,264.48398,615.39838,292.43335,170.19859,1001.72943
305,3.04,235.47722,1512.73279,1118.48975,116.28352,1710.05115,914.86682,261.06238,1613.46094,936.16937,104.10729,1584.1864,1104.38013,254.66245,1472.28833,828.30273,-20.68699,1445.22937,1016.10083,159.42218,1345.69641,974.4856,42.64812,1452.13733,839.27344,372.69101,1129.50476,769.30682,-110.33479,1114.19556,1021.3999,416.77921,893.1275,750.81866,-105.27164,868.41583,1094.64758,251.59668,1056.20764,948.94458,147.93138,1029.65979,1030.99377,43.86324,963.0448,782.8537,355.01514,515.82629,822.41797,97.99162,558.82532,1029.88611,217.95352,267.68546,628.77197,287.56509,170.62785,1002.32813
306,3.05,239.69072,1515.17395,1127.31958,120.71653,1711.39673,921.52246,266.19696,1615.15125,944.75861,107.31188,1586.16797,1111.47766,260.46896,1473.53674,836.06628,-16.07865,1447.76025,1022.85999,164.03285,1347.36584,981.76727,47.859,1453.41125,846.25574,377.42877,1130.39551,776.30219,-106.94853,1116.68457,1030.28613,420.03952,892.61279,756.22937,-102.07446,871.55078,1104.53735,256.61597,1058.33484,959.50281,150.42958,1031.60864,1039.01965,51.11695,963.88708,789.07574,375.63419,516.07977,840.45013,95.60004,558.22229,1038.2666,241.1702,269.46475,643.34949,282.29922,171.18988,1002.79968
307,3.06,242.57425,1517.21643,1135.13,125.51463,1712.68823,928.59192,270.60532,1616.60767,951.92426,111.12929,1587.83472,1118.26367,265.26645,1474.66504,844.03436,-11.9824,1449.20972,1030.24365,168.51535,1348.78967,989.81055,53.03001,1454.854,853.65692,381.8291,1131.47253,783.39648,-103.28482,1118.80273,1038.7616,423.83545,893.83472,762.98865,-98.68755,874.33154,1115.52637,260.66153,1060.08765,969.01288,153.09921,1033.49744,1046.66528,57.42751,965.85474,795.52429,394.45581,514.57257,857.90326,93.44369,558.61218,1044.02661,264.34949,271.47095,658.26843,277.6293,170.76219,1003.63135
308,3.07,246.33757,1519.0957,1143.60535,130.66922,1713.8833,935.19025,275.57498,1618.4563,962.37695,114.3933,1589.19507,1125.22644,270.4491,1475.22693,852.41791,-6.79883,1450.84937,1037.29504,173.56874,1350.18115,997.89056,58.24102,1455.84778,860.7962,386.37766,1132.50757,789.61816,-99.62584,1120.81128,1047.48022,426.9924,894.98297,768.69403,-94.86464,876.90924,1124.64502,264.13266,1062.61743,979.24036,155.91924,1034.63098,1049.1488,64.74944,966.67108,801.93243,411.9845,513.34845,875.35651,91.79659,558.33887,1048.77332,287.14273,273.71893,673.16327,273.55408,168.3428,1004.98669
309,3.08,248.72575,1520.99548,1152.4967,134.65268,1714.68066,942.15356,NA,NA,NA,117.15787,1590.80481,1132.80872,275.34613,1476.38257,860.18311,-2.03978,1451.76807,1044.26208,178.17123,1351.60986,1006.00311,63.32752,1457.1051,868.25647,390.56223,1133.17896,795.96002,-96.51543,1122.77002,1056.24146,430.55759,895.5235,773.69623,-92.34399,879.28925,1134.5769,267.33615,1063.49036,989.27759,158.07423,1036.41736,1057.3667,72.16193,967.53888,808.06842,426.93405,512.7428,890.62793,89.85122,557.50824,1053.3219,309.63297,276.27695,689.62561,269.25153,167.03899,1004.62604
310,3.09,252.10381,1522.72192,1160.70544,142.51068,1714.07043,950.20081,284.29886,1621.20728,978.41852,120.17224,1592.28516,1139.91589,279.93762,1476.90698,868.09375,1.43189,1453.1676,1051.40918,181.67938,1352.70642,1013.83588,68.10319,1457.56482,875.92505,394.78021,1133.95654,802.90417,-93.62739,1124.50684,1064.91125,434.27594,895.67889,780.31592,-89.88858,880.98218,1144.48938,270.79782,1064.9353,998.66107,160.11501,1037.92322,1070.89746,79.53792,968.63177,814.22839,440.62292,511.60373,907.53168,87.67483,555.90002,1056.95935,331.93555,278.98187,706.59955,265.80109,164.37683,1006.14368
311,3.1,255.10913,1523.74023,1169.9281,147.95538,1714.35767,957.48364,289.27374,1622.10632,987.00153,123.83337,1592.9856,1147.12354,284.85373,1477.55908,876.24573,5.55829,1454.50195,1058.42798,186.26846,1353.80701,1021.97369,73.47537,1457.89124,883.18726,398.73917,1134.11963,809.07971,-90.78308,1125.99048,1074.11499,437.51862,896.01178,784.55762,-86.11258,881.96118,1154.17834,273.95297,1065.98938,1008.70306,162.37109,1038.17517,1079.04492,87.54736,969.12854,820.13361,454.53522,512.47003,927.79993,86.46857,553.69952,1060.8335,353.11026,280.69504,724.55518,260.79721,160.14531,1008.61316
312,3.11,258.24197,1524.36572,1178.70935,149.16588,1717.42493,964.63446,293.83521,1623.18823,995.44092,126.28194,1594.03748,1154.922,289.59564,1477.93518,884.4975,9.56703,1455.49011,1065.5813,190.47122,1354.27771,1030.24304,78.16512,1458.5813,891.06531,403.02747,1134.81152,815.16577,-87.96003,1127.19067,1082.33179,442.45773,897.16559,790.54852,-85.12076,884.4502,1163.49512,276.86551,1066.44202,1019.09534,164.99043,1038.28845,1087.11536,95.01825,970.01776,826.01312,464.88467,516.54974,948.2348,85.32927,551.89227,1064.27905,374.00934,281.77509,743.63959,256.71628,155.53601,1010.14819
313,3.12,260.30399,1525.69629,1187.60913,153.81856,1718.04639,972.367,299.1745,1623.84497,1006.19202,129.36781,1594.63171,1162.42798,294.32309,1478.10938,893.38794,12.78189,1456.24792,1072.93787,194.7196,1354.89648,1038.64417,82.97991,1458.96899,898.79572,406.66092,1134.45483,820.86749,-84.62097,1128.27209,1091.14172,445.36053,897.40613,796.88098,-82.36806,885.64209,1172.90918,280.06378,1067.51538,1029.21179,166.94736,1038.71008,1095.5824,103.46161,970.81409,831.92957,473.35208,522.48315,968.90692,83.43327,549.61572,1066.27332,394.58719,282.04446,763.15375,253.17892,151.38229,1012.47845
314,3.13,263.31204,1525.90552,1196.05176,157.71944,1718.96838,980.67163,302.35449,1624.42712,1014.84747,131.6454,1595.21375,1170.40625,299.12369,1478.26111,901.92078,16.64512,1456.90479,1080.31519,198.11015,1355.1499,1046.85474,87.48038,1459.30103,906.7417,410.50702,1134.20972,826.40131,-81.62695,1129.10486,1099.2074,448.32571,898.41608,802.75739,-80.28157,886.61127,1182.25378,282.29843,1067.3811,1038.48169,168.10197,1038.04871,1103.23669,111.61557,971.19342,837.91937,480.94083,528.45447,989.4024,81.71545,547.39282,1067.70459,413.99722,282.05362,782.92578,247.84502,146.3882,1014.97632
315,3.14,265.69333,1526.19202,1205.83362,163.36958,1717.49707,987.92456,305.71426,1624.06848,1022.6499,134.17487,1595.03564,1178.20032,303.4902,1478.17078,910.17328,20.94436,1456.9502,1087.65344,201.68161,1355.76526,1054.71423,91.90319,1459.35461,914.6889,414.26736,1134.19189,832.81036,-78.52162,1129.7511,1107.90222,452.03677,898.51379,809.19476,-78.43688,887.56274,1191.66333,285.82263,1067.02893,1048.7063,170.62762,1038.37573,1110.32935,119.8474,971.50024,843.78125,486.73868,532.53217,1009.39166,80.86015,545.57544,1068.72546,433.35181,282.26178,803.46277,243.00093,142.32091,1017.94604
316,3.15,268.06964,1526.16211,1215.19177,167.78879,1717.85278,996.08197,NA,NA,NA,137.04335,1595.6239,1186.32922,308.19296,1477.63428,919.36438,24.23838,1457.89709,1095.14099,205.54539,1355.09216,1063.03259,96.52188,1459.23352,922.74371,417.29532,1134.29553,838.67255,-75.13954,1129.90112,1115.94495,455.61288,898.302,814.99945,-77.53304,889.19641,1199.29407,288.70969,1067.01147,1058.46594,172.06021,1037.63696,1117.21008,127.30966,972.44824,850.14874,492.33353,536.42957,1028.92859,79.51678,544.87415,1070.28186,450.54269,280.45135,823.43597,236.81842,138.32591,1021.04596
317,3.16,270.89423,1526.22449,1224.20691,172.52863,1717.64099,1004.60193,314.75092,1623.29956,1041.98438,139.89467,1595.24683,1194.46643,312.9989,1477.20679,928.6225,27.86681,1457.13135,1102.63342,208.95206,1355.11926,1071.97791,100.9104,1459.22095,930.7475,421.15845,1133.51453,845.34698,-72.45753,1130.41113,1123.82361,459.6731,897.76611,821.64435,-75.50043,889.70398,1207.79675,291.57352,1066.05933,1068.11096,173.83565,1037.62024,1126.00146,135.00909,972.79114,855.59601,496.68182,539.03601,1047.32117,79.20115,543.22186,1069.75085,468.14279,279.48154,845.11292,230.9427,134.09671,1024.04407
318,3.17,273.04071,1525.25989,1233.75842,176.59645,1717.28308,1013.15869,319.04294,1623.32202,1052.64075,143.20096,1594.82593,1202.43286,317.56198,1475.98071,938.51758,30.5654,1457.5166,1110.34595,211.83488,1354.30835,1080.33179,105.47967,1459.19434,938.67133,425.13156,1132.88196,851.77911,-69.23949,1130.59851,1131.9646,463.3674,897.32568,828.38776,-73.64433,889.70856,1216.32861,294.37836,1064.75452,1077.40283,175.97929,1037.23706,1133.30249,142.8629,973.05249,862.43103,500.33698,542.034,1064.81262,79.13837,542.40021,1069.89514,485.02283,276.87567,867.02618,223.46877,131.47989,1027.89075
319,3.18,275.64453,1524.44995,1242.59766,180.56306,1717.19299,1022.02338,322.75391,1622.08594,1061.13904,145.59491,1594.14294,1210.71912,321.84503,1474.98657,948.88116,34.50542,1456.8302,1117.99719,215.45857,1353.14697,1088.74902,109.7288,1458.88037,946.94836,429.01294,1132.48291,858.79358,-66.3884,1130.50562,1139.69019,467.78043,895.37665,835.40857,-72.35223,890.21252,1226.51819,297.86646,1064.77148,1087.32275,177.87646,1036.27905,1141.23169,150.37929,973.14716,868.89935,503.15204,544.05493,1082.30408,79.41909,541.50299,1069.24109,500.8157,273.30716,888.63257,215.75638,127.49978,1030.78455
320,3.19,277.47971,1523.55042,1252.46838,185.61139,1716.60767,1030.974,326.01114,1621.9917,1072.21399,148.58298,1593.70227,1219.2832,326.75739,1474.11768,958.48718,37.36981,1456.30994,1125.96033,218.61049,1352.18713,1098.08545,114.38039,1458.6665,955.12567,433.15634,1132.14514,866.77502,-63.70793,1130.48303,1147.07288,471.20221,896.26385,844.55371,-71.39201,891.30585,1235.28894,300.50757,1063.31165,1096.44983,179.80975,1034.87354,1142.9884,157.22211,972.8797,875.6015,504.78851,545.5296,1098.42603,79.92271,540.54059,1068.16846,515.8465,269.57056,910.59717,206.9001,123.52111,1033.27405
321,3.2,279.46024,1522.35205,1261.7356,189.75562,1715.56873,1040.02075,330.26654,1621.36523,1081.85254,151.30035,1592.48792,1227.9552,331.40314,1473.02344,968.44135,41.60448,1455.85779,1133.64783,222.04524,1350.828,1106.89441,118.79108,1458.07874,963.63861,437.44833,1130.88416,875.23224,-60.65716,1130.06641,1154.80408,474.86868,895.04584,852.40546,-68.98029,890.16089,1244.88892,302.49289,1062.34644,1105.82825,182.07773,1034.72754,1155.66821,164.16208,972.73193,882.91364,506.05038,546.52704,1114.0127,80.57297,539.14838,1066.86523,530.4502,264.52371,932.69373,199.7869,120.00938,1035.66333
322,3.21,281.58627,1520.86829,1271.54919,194.27066,1714.75085,1049.37781,333.99377,1619.06702,1091.95886,153.5674,1591.56445,1236.49573,335.50168,1471.59949,979.47101,45.24008,1454.93433,1141.7406,225.683,1349.93176,1115.83398,123.09536,1457.58301,972.30219,442.04184,1130.40186,884.11835,-58.2837,1129.59509,1162.57129,479.69489,893.01489,861.15918,-67.78491,890.08649,1252.73401,304.88974,1061.62708,1115.30261,184.58105,1033.83362,1163.30811,170.33696,972.10205,889.8468,507.24802,547.65112,1128.87866,79.55898,539.09552,1065.91541,544.172,258.79221,954.50494,192.0955,117.59249,1038.1145
323,3.22,283.53308,1519.39124,1281.43372,197.93681,1714.55359,1058.59265,336.85022,1618.55518,1103.10413,156.1604,1590.65234,1245.54346,340.3736,1470.71216,989.76978,47.33929,1453.50757,1150.2605,228.21573,1348.30981,1125.53113,127.25198,1456.49622,981.34845,446.34912,1129.09961,893.81531,-55.5891,1128.8114,1170.01208,484.15796,891.31396,869.43549,-67.09192,889.61029,1259.69458,307.16177,1061.33459,1124.6123,186.18861,1032.47327,1171.89771,176.51341,971.67438,897.40283,505.28992,546.72766,1143.50208,79.84253,537.31726,1064.2782,557.03369,251.50549,976.97253,186.80736,114.87444,1039.099
324,3.23,285.17999,1518.16809,1291.43005,201.82056,1712.38977,1068.2627,340.63293,1617.0105,1112.55933,157.66702,1590.23865,1254.96228,344.59735,1469.22205,1000.1814,51.08913,1452.5249,1158.38464,231.66728,1347.01819,1135.19104,131.87791,1455.62024,990.11737,451.24863,1127.95947,904.39838,-53.2989,1127.94385,1177.65051,488.01971,891.67621,879.76111,-65.68541,888.67413,1268.0769,310.30963,1060.49084,1134.16833,189.32903,1031.32959,1181.16553,182.18085,971.29492,904.8595,505.61792,546.5451,1155.97388,79.93038,535.83838,1063.13782,569.01831,244.29327,997.81476,181.56429,113.19798,1040.23669
325,3.24,286.91226,1516.8396,1301.57776,205.93817,1711.79785,1077.40332,343.88193,1615.15454,1123.42346,159.46735,1588.98523,1264.27136,349.12,1467.8313,1011.03424,53.83757,1450.91345,1166.64465,234.70154,1345.01978,1144.60596,136.37885,1454.58997,999.24634,456.0192,1126.70667,914.41486,-51.14239,1126.72998,1185.44006,493.35333,889.4408,889.53082,-65.09751,888.85315,1277.77844,313.27554,1059.18457,1143.44519,191.19821,1028.79785,1188.17163,187.70697,970.06128,912.76453,504.55334,544.7536,1168.95642,79.22845,534.66705,1062.26331,581.08154,235.26688,1019.63605,177.88873,110.61035,1040.22559
326,3.25,288.71173,1515.21692,1312.00659,210.24118,1709.86011,1087.09338,346.41669,1612.80908,1133.0415,162.40199,1587.74646,1273.37,353.20297,1466.37122,1022.16888,56.72402,1449.35962,1175.40186,237.82619,1343.80042,1154.78088,140.76382,1452.90454,1008.56549,461.20566,1125.44165,926.13751,-48.9885,1125.39807,1193.47778,497.55518,887.52728,899.58862,-63.13236,887.18079,1284.89124,316.50296,1058.20728,1153.27673,194.70457,1026.55322,1196.64441,192.68626,968.85327,920.92303,503.56836,542.89825,1180.25281,78.92716,532.82056,1060.70422,592.10968,225.58406,1043.03589,173.8665,109.10349,1040.39771
327,3.26,290.28571,1514.11133,1322.93872,214.12054,1708.87561,1096.45154,351.2533,1613.1958,1145.51758,164.14421,1585.95459,1282.54187,357.6777,1464.9812,1033.67786,59.74359,1447.46509,1183.5614,240.88457,1341.79785,1164.49585,145.20651,1451.37549,1018.02673,465.60965,1124.15051,936.81879,-47.02525,1123.8783,1201.07178,501.76654,887.5387,910.50281,-61.75657,885.71411,1293.12012,319.52045,1055.80103,1161.74548,196.8886,1025.07471,1205.62158,197.84656,967.2738,929.48004,501.76041,539.7558,1191.18054,78.00342,532.89355,1060.37195,602.96021,216.53096,1067.16321,171.91887,108.24575,1039.79724
328,3.27,292.18945,1512.8429,1332.80078,216.97311,1707.3269,1106.42932,353.61411,1610.75476,1155.26001,165.7023,1585.03149,1292.48132,361.47772,1463.55347,1045.42358,61.91713,1445.57727,1192.7572,243.29677,1339.54199,1174.93555,149.92337,1450.10364,1027.36743,470.70422,1122.79395,949.85651,-45.06304,1122.05591,1208.9541,507.72623,884.50824,921.33887,-60.68381,885.00427,1301.52942,323.33057,1053.8158,1171.80273,200.00807,1021.31805,1207.53821,202.28377,966.02686,937.93677,500.94272,536.03174,1200.74854,77.99635,531.07806,1058.43005,611.21613,205.51407,1093.94238,169.32283,105.77798,1038.40417
329,3.28,294.1452,1511.81055,1344.35962,221.22244,1705.53198,1116.46082,356.19727,1609.255,1167.86194,168.21431,1583.66284,1302.21655,365.98224,1461.83337,1057.57849,65.52886,1443.9314,1201.12244,246.2433,1338.02478,1185.20532,154.0067,1448.02844,1037.10901,475.45776,1120.89307,961.69312,-42.75487,1120.17151,1216.39722,512.46375,883.69476,932.68347,-60.52626,883.97253,1309.36316,326.8674,1051.38489,1181.56262,203.26208,1020.17755,1223.63708,206.4864,965.15466,946.80438,499.56512,530.177,1208.51428,79.05072,529.79193,1057.18188,617.29541,195.07143,1122.43054,168.38641,102.58295,1036.46838
330,3.29,295.5535,1510.63049,1355.1897,223.52094,1704.01648,1126.1499,358.54007,1607.75586,1178.51843,170.12688,1582.12854,1311.86731,369.75296,1460.08154,1069.38269,67.6014,1441.83301,1210.5741,249.01759,1336.49109,1195.94653,158.41898,1446.67847,1046.91248,480.65298,1119.23694,974.76526,-40.93912,1118.31091,1223.8009,517.37341,881.26611,943.51715,-57.89485,880.97253,1316.95886,330.46667,1049.04504,1190.95825,206.07164,1017.75171,1227.93469,210.4296,963.41516,956.18213,498.7793,523.19794,1213.10425,79.90467,528.67767,1056.49963,622.32092,185.97147,1153.78198,167.53116,100.42353,1035.00171
331,3.3,296.82529,1509.37634,1366.58679,226.72304,1702.02258,1136.54541,362.22705,1606.75134,1189.9032,171.85898,1580.71057,1321.73096,374.27936,1458.01099,1081.40186,70.7887,1439.79663,1219.13342,251.52533,1333.927,1206.05786,162.73824,1444.84778,1056.65491,485.50388,1117.65039,988.07471,-39.33554,1116.39502,1231.53955,521.82678,881.26019,955.81458,-56.93405,878.99756,1324.24634,331.97083,1047.56665,1200.69714,209.81244,1014.70758,1237.1731,214.81493,961.65186,965.85736,498.30273,516.00287,1216.17822,81.23832,528.29962,1056.60913,626.0777,178.56317,1184.73865,167.98363,98.17426,1032.26208
332,3.31,298.47928,1508.20203,1377.20911,230.66736,1699.47632,1146.59314,364.2709,1604.70288,1201.48877,173.42645,1578.9093,1331.64136,378.12823,1457.37817,1093.07458,72.67419,1437.68018,1228.51685,253.97313,1331.79822,1217.09912,166.52034,1443.23804,1066.82373,489.84402,1115.72083,1000.59406,-37.41198,1114.396,1239.16553,527.68073,878.92743,967.35693,-55.69046,877.61987,1331.63525,338.10452,1045.46667,1212.19592,213.39984,1012.00787,1244.26892,218.90317,959.94513,975.92786,497.29678,508.81573,1217.49158,83.27037,529.07526,1058.83398,630.26886,171.92664,1216.82471,167.11668,97.68031,1030.03796
333,3.32,300.11102,1507.20752,1389.03174,233.70824,1697.94312,1155.96667,366.93561,1602.75513,1213.65515,175.57863,1576.25818,1336.27454,382.11633,1455.5105,1105.62634,75.18822,1435.16357,1238.08972,257.13785,1329.81567,1227.74084,173.45726,1440.35742,1077.08936,494.88254,1114.27856,1014.64447,-35.61816,1112.43005,1246.74792,531.90118,877.7854,979.6626,-55.94427,876.0163,1338.9928,339.4545,1043.23145,1221.54517,215.67332,1010.07062,1256.59448,222.6953,958.47015,985.74878,496.48907,501.31116,1217.55969,86.11903,528.59814,1061.09448,632.83612,169.29549,1249.0343,165.8605,98.01585,1027.7511
334,3.33,301.4899,1505.94495,1399.55786,236.96979,1695.53101,1166.56641,369.5264,1601.49841,1224.24622,177.35106,1574.41992,1346.01514,385.70667,1453.63342,1117.23901,78.12515,1433.29187,1247.15796,259.28705,1327.44495,1238.90979,174.71422,1439.74036,1087.46936,499.80994,1112.56445,1027.20605,-33.59811,1110.00671,1253.62122,536.80029,874.78961,992.15613,-54.5116,873.95953,1346.18127,342.68842,1040.87061,1232.85022,219.88074,1009.24371,1274.4104,227.44751,956.6153,997.039,496.49567,496.53839,1218.96155,88.95068,528.45288,1065.74719,634.15222,170.67468,1280.66614,165.1097,98.30156,1025.03296
335,3.34,303.14282,1504.62451,1411.53918,239.12968,1693.83655,1177.06836,372.54059,1599.92041,1236.68335,178.8866,1573.39795,1356.61768,389.49063,1452.34583,1131.03015,80.33881,1431.37927,1257.02063,262.3064,1325.76965,1249.81311,179.13905,1438.35791,1097.25256,504.73111,1111.12842,1041.25769,-31.80515,1108.12122,1260.75769,541.69989,874.32629,1005.21954,-53.40165,872.01074,1353.29712,344.99637,1039.61719,1243.71216,222.49631,1006.0127,1284.47644,231.27585,954.80896,1007.72906,492.93796,490.87283,1222.64282,92.3482,528.18652,1071.22107,632.02203,176.1338,1310.26904,163.51472,98.70392,1022.92438
336,3.35,303.67114,1503.3468,1422.94751,241.92807,1691.9707,1187.74866,374.62616,1598.72058,1248.776,179.94054,1571.68958,1367.42419,393.3577,1450.48828,1143.3689,82.88655,1429.08459,1266.73816,265.09647,1323.74402,1261.22913,183.24323,1435.89087,1107.81213,509.52643,1109.23206,1054.61426,-29.24997,1106.05933,1267.91248,546.55292,872.72363,1017.85638,-51.50556,869.18188,1358.91394,349.12088,1037.73291,1255.73828,226.03598,1003.87427,1295.14795,235.29155,953.24231,1018.73511,490.77417,486.47293,1229.80823,96.07732,527.60773,1077.86865,628.15381,184.9657,1338.38501,162.16206,98.86156,1019.86316
337,3.36,304.72824,1502.00464,1434.64075,246.21048,1690.31372,1198.42981,377.29684,1597.11877,1261.1803,181.77301,1570.09961,1377.29443,397.2486,1448.44299,1155.60559,85.8885,1427.19543,1276.11548,267.55725,1321.84998,1272.93372,187.49573,1434.62891,1118.3241,514.05475,1107.62231,1069.06104,-27.4889,1103.68103,1275.5343,552.22601,871.27191,1031.46252,-50.33514,866.9682,1365.26489,351.5882,1036.41516,1267.4679,229.86467,1002.33948,1306.93518,239.84474,951.70551,1030.22864,486.05508,482.52902,1239.27295,99.61765,527.10437,1085.6991,623.53967,194.22232,1365.82727,160.00708,99.39912,1017.67346
338,3.37,305.81866,1500.93042,1445.42432,248.40195,1688.76514,1209.22461,379.38638,1595.57629,1272.30652,183.04097,1568.01978,1387.83521,400.7355,1447.49475,1168.33337,88.4623,1425.2262,1285.90393,270.09219,1320.62317,1284.22253,190.79649,1432.93567,1129.47827,518.55322,1105.86877,1081.79858,-25.21474,1102.34692,1282.80603,556.8952,869.69568,1045.64026,-49.29625,864.37793,1371.81323,354.60538,1034.71765,1279.75037,233.37657,999.32233,1317.86914,243.79378,950.39355,1041.51208,482.68979,481.146,1250.24915,102.99102,526.81433,1095.14941,617.54938,203.1846,1392.37488,158.40553,100.23962,1015.79077
339,3.38,306.61829,1499.77478,1457.38525,251.68646,1687.59338,1220.66309,382.27942,1594.91797,1285.71936,184.2001,1567.08984,1397.91492,404.56201,1445.92761,1180.17322,90.33155,1424.27039,1296.25867,272.36551,1318.88733,1296.33582,195.40341,1431.448,1139.77112,523.40308,1104.19031,1095.77795,-22.79599,1100.77747,1289.92078,560.78339,867.75806,1056.72705,-47.68263,862.43738,1377.13525,357.83521,1033.55627,1291.7876,235.27353,999.64191,1330.83667,248.3248,949.28497,1053.29578,479.12152,479.90134,1263.32288,106.9356,525.30164,1104.10815,611.93073,211.04701,1416.83557,156.73663,101.22311,1014.21606
340,3.39,306.84378,1498.92932,1469.75525,254.88795,1687.18982,1231.49756,384.18176,1593.95496,1297.48096,185.32675,1566.20557,1407.7749,407.87784,1444.52771,1193.52795,93.2067,1422.77405,1306.1626,274.85269,1317.81201,1306.66248,199.01285,1430.34534,1150.99353,528.03455,1102.89587,1110.203,-20.54873,1099.12048,1297.36328,566.27014,865.95129,1073.55969,-46.53485,860.11346,1382.96558,359.85495,1032.22314,1305.05298,236.94034,997.33539,1341.77368,252.09949,948.41333,1064.98572,475.45374,479.15002,1275.90259,109.72091,524.4408,1115.39929,605.54578,218.99455,1439.24023,154.55891,103.6927,1013.15887
341,3.4,307.18558,1498.59631,1481.63135,257.78067,1686.92969,1243.60828,386.97333,1593.74219,1311.41736,186.5779,1565.49792,1418.34497,412.18356,1444.28235,1206.05286,96.10262,1421.99084,1315.95557,277.41357,1317.44299,1318.83362,202.75201,1429.93152,1162.29565,532.58911,1101.66553,1124.95386,-17.3151,1097.90015,1304.90259,571.23895,864.99072,1088.54285,-44.29145,858.37317,1387.83875,363.0264,1031.72107,1317.50085,238.64575,995.87659,1353.08301,256.10687,948.09094,1077.078,471.71225,478.18292,1289.55127,112.86301,523.43298,1126.32764,598.9873,226.47197,1461.49854,153.4207,106.04446,1011.77612
342,3.41,306.94034,1497.99915,1493.104,260.76648,1687.86523,1256.22571,388.67538,1594.43896,1325.44849,187.23706,1565.573,1429.6781,416.03534,1443.23633,1217.92322,97.97373,1421.92761,1326.79614,280.75235,1317.46228,1330.49268,207.47612,1429.53821,1173.18176,536.52905,1100.44739,1139.01538,-15.00774,1097.2644,1312.15039,576.69843,864.24384,1103.61914,-42.81179,856.95813,1393.27942,364.74869,1030.38782,1330.23145,240.63582,994.98846,1364.03894,259.58591,948.07501,1088.85168,469.07187,478.91293,1305.14661,115.82768,521.79358,1137.21545,592.29169,234.79242,1484.23633,153.20639,109.46774,1010.38422
343,3.42,307.43805,1498.51965,1506.00671,264.44586,1689.20166,1268.5675,391.12625,1595.38342,1339.3429,187.95174,1566.21606,1441.21545,419.67783,1443.4248,1230.94287,100.44498,1422.22412,1337.22485,283.06274,1317.86157,1342.79236,211.22966,1430.65356,1184.89624,540.25616,1100.19836,1153.09717,-11.72203,1097.24414,1319.72241,581.21069,863.23285,1119.92163,-40.75655,856.07098,1397.16919,366.47546,1029.22876,1342.40381,241.42961,995.08081,1373.59692,263.13751,948.57117,1100.15247,468.62592,482.85092,1321.04871,119.00041,521.48444,1149.45801,584.24725,242.68816,1504.63281,153.43991,113.74853,1009.89948
344,3.43,306.77243,1499.00171,1518.46057,266.96887,1691.03833,1281.76111,393.42679,1596.49792,1353.32947,188.59749,1566.95642,1452.02063,423.31479,1444.02966,1243.54431,103.3287,1422.98755,1348.03992,285.61954,1318.80017,1354.29907,214.95708,1431.83289,1196.86426,544.07428,1099.85205,1168.36096,-8.51989,1098.45959,1326.84912,585.74231,863.09735,1134.34631,-38.44566,855.98511,1401.73438,367.44647,1029.2887,1355.08704,241.96384,995.39966,1384.81262,266.58713,949.95868,1110.8689,468.38123,486.89444,1337.54822,122.30678,521.55188,1161.49451,575.44244,250.5029,1522.83997,153.79837,119.13942,1009.95654
345,3.44,306.65402,1500.26648,1531.47144,270.11011,1692.38586,1294.29456,395.2948,1597.77979,1367.52039,189.2653,1568.01343,1462.94031,426.8493,1444.18799,1257.63391,105.83739,1424.71436,1358.85449,287.64063,1319.43176,1367.27441,219.21097,1433.41321,1208.47546,547.73138,1100.49097,1183.46606,-3.9922,1099.7749,1334.2915,589.54834,863.38562,1151.21301,-36.61531,856.50482,1405.36719,367.73813,1029.59729,1366.65918,241.69543,996.28253,1395.27869,269.58133,951.37042,1121.79175,470.15436,491.6875,1352.7373,126.36546,522.58289,1173.63196,567.10339,257.77838,1539.16492,154.88332,125.245,1008.64551
346,3.45,305.91696,1501.12634,1544.45093,NA,NA,NA,396.55405,1599.1897,1382.06812,189.43643,1568.54065,1473.73267,430.55225,1445.09106,1271.91528,108.70763,1425.52478,1365.42322,290.17261,1320.67737,1377.75403,222.67583,1435.47375,1220.10913,550.76007,1101.39514,1198.31482,-1.0817,1102.18787,1341.21533,593.38129,864.8681,1169.1698,-33.67889,858.22284,1408.54358,368.17819,1031.01917,1379.09021,241.66136,997.49304,1405.30554,272.28369,953.37103,1132.97876,473.0166,499.34198,1369.28235,132.55511,522.83136,1185.39246,559.21661,264.25372,1555.28784,156.9901,131.05142,1004.74597
347,3.46,305.02759,1502.45593,1557.01099,NA,NA,NA,398.36096,1601.18237,1396.46484,189.593,1569.62427,1484.72144,433.35495,1446.35754,1284.7677,111.1435,1427.84558,1376.68152,291.9455,1321.75281,1389.56177,226.7276,1437.56982,1231.43628,554.21436,1102.3219,1213.75073,2.50896,1104.81384,1348.66064,597.51147,865.79236,1186.07019,-31.3085,859.48163,1411.73669,367.64871,1032.98022,1390.99731,240.68594,999.59576,1414.91687,275.47556,955.05096,1143.59265,477.31421,504.2858,1385.95093,138.25935,524.94147,1197.8761,548.08734,266.03662,1568.34521,158.01811,139.85974,1006.63995
348,3.47,303.91159,1503.56921,1570.58313,NA,NA,NA,399.49393,1602.83582,1410.84485,189.3116,1569.96082,1495.39771,436.4711,1447.8324,1297.97754,113.75263,1430.31201,1386.55688,293.08676,1323.4436,1401.49707,229.51854,1440.66248,1241.92517,557.46771,1103.65332,1229.73242,7.56665,1107.52124,1356.2146,600.97668,867.56073,1203.48364,-28.81339,862.15869,1415.5658,366.41507,1036.427,1403.47754,240.5448,1000.31525,1419.17236,278.37845,956.94305,1154.27051,481.43896,508.55667,1401.90979,143.89981,526.98645,1210.36011,536.83826,266.1813,1579.70642,161.74289,149.01492,1008.46124
349,3.48,302.55185,1505.01099,1582.37708,NA,NA,NA,400.48517,1604.46155,1424.93555,188.53038,1570.65027,1506.53455,439.31332,1449.80005,1311.15747,116.22331,1432.37,1395.70679,295.00769,1324.97766,1413.92444,233.23914,1442.81836,1253.35339,560.14185,1104.68481,1245.02783,11.14665,1110.49243,1363.53101,604.49414,868.8587,1222.04541,-26.4003,864.17523,1418.60168,364.67004,1039.86902,1415.28491,239.31546,1003.43823,1430.37903,281.13538,959.3075,1164.46887,485.11575,511.2496,1417.40149,150.26691,528.7301,1222.15564,524.6496,262.04794,1587.18811,164.76244,157.95404,1009.13989
350,3.49,300.72882,1506.43665,1594.3761,NA,NA,NA,400.82593,1606.12817,1439.22339,188.3083,1571.8053,1516.47327,441.80786,1451.04053,1325.31116,117.7065,1435.02039,1404.98621,296.04327,1326.625,1424.74353,236.56018,1444.89661,1263.88513,563.13965,1105.64685,1261.61914,13.76383,1113.47864,1370.97534,608.08575,870.16467,1240.16931,-24.60673,866.59473,1422.68079,362.83859,1043.55383,1427.15259,237.11519,1006.19452,1438.72778,284.44489,961.16675,1174.89209,489.68048,512.75317,1432.96826,158.1366,531.81244,1234.35876,513.01715,257.18536,1594.06519,168.87396,168.31786,1013.9118
351,3.5,298.92987,1507.47656,1606.08997,NA,NA,NA,401.39938,1607.54236,1452.82385,187.62277,1572.89099,1526.29749,444.1676,1452.4624,1339.38367,119.14793,1437.50635,1413.28186,296.4534,1328.2666,1436.19507,239.82526,1447.1449,1274.20557,565.74109,1107.15381,1276.73083,17.08586,1116.53052,1378.13965,611.58997,872.34753,1258.51709,-23.28574,869.01794,1426.37317,360.10748,1046.28833,1438.75964,235.09177,1009.52301,1449.47974,288.42252,963.61292,1184.6554,493.09103,513.09229,1447.84778,164.72681,533.4917,1246.70605,502.27493,250.14793,1598.07031,173.6532,177.80956,1019.22552
352,3.51,296.48639,1508.58325,1618.04358,NA,NA,NA,401.18304,1609.37097,1466.04614,186.05806,1574.73462,1537.30798,446.60999,1454.16528,1352.68787,119.8235,1439.90503,1421.00073,296.45248,1330.67053,1448.33789,243.32553,1449.24658,1284.56775,568.7583,1108.13574,1293.4729,20.3513,1119.67358,1385.16516,615.54303,873.55389,1277.82227,-21.56018,871.58521,1429.47217,358.38257,1049.22327,1450.62708,232.4664,1011.92926,1456.10632,292.53961,965.57013,1194.29932,497.21078,511.77539,1462.17859,171.64687,534.7063,1258.96997,491.89758,244.31766,1601.75378,179.64554,186.57175,1026.26331
353,3.52,294.08527,1509.33032,1628.91919,NA,NA,NA,401.18243,1611.04749,1480.0575,185.04759,1575.9939,1546.92761,448.03873,1455.54529,1368.51917,119.66272,1442.495,1428.36108,296.25299,1332.64978,1460.03748,247.02856,1451.62573,1294.40845,571.89044,1109.7439,1310.31702,22.28641,1122.21118,1392.16577,618.65845,874.91718,1297.54834,-20.42338,873.45966,1433.12122,355.96277,1050.54236,1461.58044,229.10753,1015.50909,1466.40857,296.84149,968.08777,1203.93811,500.62906,509.99664,1475.94739,178.02621,535.76508,1271.40649,481.86377,234.76468,1603.22644,186.40872,195.55164,1036.38013
354,3.53,290.95404,1510.88049,1639.96643,NA,NA,NA,400.41391,1613.18469,1492.7417,183.11951,1577.51782,1556.47986,448.99203,1456.8844,1382.34998,119.7962,1445.18115,1436.1897,294.75912,1334.93091,1471.15686,249.71776,1454.10229,1304.92334,574.56763,1111.47925,1328.11182,24.08325,1124.88867,1398.49817,621.08575,875.91827,1316.2981,-18.99277,875.78925,1436.79407,353.65619,1051.52136,1473.36182,226.35443,1018.15027,1474.12122,301.58844,970.66571,1213.9032,504.04556,508.8938,1488.92053,184.23412,537.1109,1284.21106,470.97076,225.45284,1603.48328,NA,NA,NA
355,3.54,287.26401,1511.29675,1650.39612,NA,NA,NA,399.819,1615.07874,1506.13757,180.69731,1578.98352,1566.3075,449.8869,1458.18982,1397.03772,118.62373,1447.58972,1442.87476,293.4046,1337.16821,1482.65906,252.92976,1456.06165,1315.08069,577.63916,1112.99817,1345.20447,25.36218,1127.63928,1404.2157,624.12537,877.91968,1336.2832,-18.83295,877.84711,1440.64746,351.1745,1051.90552,1483.4281,222.57951,1019.9234,1481.53833,305.43051,973.51611,1223.41321,507.1348,506.5784,1501.05774,190.13657,538.71893,1297.6366,459.99783,215.30978,1602.07654,NA,NA,NA
356,3.55,283.61469,1512.1145,1659.58423,NA,NA,NA,398.18759,1616.94104,1519.29102,178.20216,1581.12952,1575.67432,450.21078,1459.73987,1411.47791,118.50796,1450.13904,1448.64514,291.63617,1339.49121,1493.5813,257.07242,1458.92139,1324.66638,580.26617,1114.953,1363.37195,25.86493,1129.88513,1409.05652,626.21136,879.8576,1355.59827,-17.97668,880.06396,1443.25977,347.80341,1051.92468,1495.09814,219.53546,1021.15277,1486.96423,309.99625,976.48621,1232.32764,511.01172,506.16779,1510.85193,195.65756,540.59723,1311.97144,451.4827,205.80894,1601.21204,NA,NA,NA
357,3.56,279.41367,1514.58984,1671.05896,NA,NA,NA,396.87646,1619.20337,1532.20032,175.70152,1582.44031,1584.27063,450.62967,1461.36536,1425.96667,117.29294,1453.26038,1456.13892,289.03189,1341.6825,1504.23486,259.82492,1461.63916,1334.93127,582.3056,1116.60376,1381.66394,25.80474,1133.76135,1412.08044,628.96399,881.55969,1376.17957,-17.89693,882.9975,1446.81165,344.81003,1052.03699,1505.35779,215.80568,1023.16779,1494.16833,313.29303,979.77448,1241.27039,513.90729,507.27805,1518.84106,200.20633,543.70386,1327.2937,444.10895,196.05437,1599.57251,295.85626,970.63269,1231.41284
358,3.57,275.23239,1516.12219,1681.21716,NA,NA,NA,396.35406,1621.72729,1546.16602,173.34026,1585.06555,1593.01575,450.29318,1463.39355,1440.80713,116.74855,1455.81165,1461.99048,286.8049,1343.41394,1514.43835,261.72351,1464.15051,1344.20654,584.04596,1119.26465,1399.96619,25.34604,1135.98267,1414.51538,630.20184,883.45709,1397.82239,-18.34917,885.84222,1449.66968,341.77029,1052.49536,1516.01672,212.42673,1025.0813,1501.79932,315.9209,983.46362,1249.52832,515.08136,508.90329,1525.2168,202.62506,547.89087,1344.11816,436.75421,185.25352,1595.73047,NA,NA,NA
359,3.58,270.86996,1517.47144,1691.18909,NA,NA,NA,394.8985,1623.69275,1558.00122,170.84357,1586.56641,1601.39331,449.94485,1465.27478,1455.25623,115.69692,1458.52002,1468.20313,284.39471,1345.32825,1523.71387,263.6618,1466.96423,1353.20361,585.69476,1121.85364,1419.32312,24.59805,1138.45459,1417.45911,633.29449,886.07275,1419.1333,-18.99873,889.22314,1452.15063,338.75412,1053.00403,1526.16309,209.68042,1027.64795,1509.00403,318.57733,986.7926,1258.76111,518.23206,511.7103,1530.41321,208.694,551.04694,1359.39063,432.04727,176.26524,1591.63892,NA,NA,NA
360,3.59,265.8407,1519.83484,1702.78418,NA,NA,NA,391.94583,1625.17468,1570.35889,166.71373,1588.73975,1610.80176,449.3204,1466.89661,1469.36816,115.206,1461.65454,1474.78564,281.24283,1347.28772,1533.57495,265.48218,1471.04163,1363.0813,586.94891,1124.31287,1437.94556,23.86113,1141.87109,1418.64844,634.25128,888.69135,1441.2981,-20.2592,892.40503,1454.23169,335.54205,1054.12598,1536.40747,206.31436,1029.5614,1517.22546,320.54395,989.77905,1267.31873,519.9173,512.72791,1535.19141,212.66109,555.65668,1376.17566,428.88171,169.58133,1586.66724,NA,NA,NA
361,3.6,261.33249,1521.76807,1711.97083,NA,NA,NA,389.48532,1627.04028,1582.67212,163.97534,1590.68311,1619.59155,448.10464,1468.97998,1483.54407,114.0773,1464.42847,1480.96277,278.21826,1348.76648,1541.60962,268.66479,1473.48328,1372.35181,585.50922,1125.45313,1457.77136,22.88174,1145.30066,1421.66846,635.13647,891.11517,1462.82703,-21.56102,895.6344,1454.45361,332.6416,1055.7063,1546.20325,203.87381,1030.94104,1522.77576,323.30447,992.45184,1276.34583,520.16901,512.47498,1539.56055,215.32019,560.55164,1393.53308,428.03879,167.21675,1581.00354,239.46489,275.96152,1184.39722
362,3.61,256.70132,1523.40076,1721.42786,NA,NA,NA,385.92313,1628.6012,1593.5719,160.5464,1592.84814,1628.05701,446.67426,1471.23071,1497.80249,113.09732,1467.20325,1487.25562,275.42151,1350.76953,1551.0542,268.58844,1475.8009,1382.0238,586.685,1128.23743,1476.47192,22.27507,1149.35083,1423.74548,635.29681,894.42371,1485.50256,-22.62219,899.23712,1456.02075,329.42157,1058.03967,1555.35181,200.71384,1032.40271,1529.47229,324.95346,995.03412,1284.73303,518.18695,511.95966,1542.07935,215.6705,566.41559,1412.23438,427.53754,166.53516,1574.38367,242.98224,283.85632,1208.79773
363,3.62,251.73703,1525.80396,1731.84998,NA,NA,NA,383.87466,1630.61682,1606.80652,156.76273,1595.18091,1636.29163,444.88757,1472.98218,1511.17297,111.5386,1469.83435,1493.83691,272.22888,1352.2478,1559.44006,270.16913,1478.30969,1391.26343,586.02325,1130.61328,1496.25696,20.87006,1152.5575,1426.4552,636.612,897.76721,1507.64209,-24.43158,902.52893,1458.39233,325.41672,1060.48962,1564.00793,198.38078,1034.54858,1537.09973,326.90414,997.44379,1293.35742,515.94421,512.12616,1543.67126,214.0883,573.21771,1432.86621,428.38324,167.84244,1570.24487,244.96741,290.88882,1234.65857
364,3.63,246.2735,1527.92615,1742.47363,NA,NA,NA,380.47842,1631.9552,1618.16663,153.49088,1597.32544,1645.05176,442.81772,1474.91077,1524.92041,110.58449,1472.09082,1499.5387,269.13187,1353.79028,1567.953,270.0452,1481.28711,1400.97961,585.84424,1133.68164,1515.67908,19.2593,1155.31372,1428.72156,636.96436,900.47455,1529.73608,-26.75948,905.52057,1459.17505,322.84308,1063.31604,1572.9519,196.35866,1037.47949,1544.37073,327.10437,999.66364,1302.63733,513.41895,512.37439,1545.70276,216.73695,577.72388,1455.86572,427.92957,166.46954,1564.4375,247.67964,296.61465,1260.87231
365,3.64,241.12212,1529.5697,1751.39087,NA,NA,NA,NA,NA,NA,149.69981,1599.50256,1654.17151,440.76291,1476.28076,1539.10779,109.39091,1474.51904,1505.86121,266.19223,1355.15784,1577.07935,271.57208,1483.36646,1410.76086,585.6319,1136.86877,1535.43457,17.80266,1158.24451,1430.09583,636.8559,903.54956,1552.37927,-29.30056,908.56793,1461.2312,319.7952,1066.65137,1581.52039,193.58557,1038.99438,1550.57263,327.16309,1001.46997,1310.89624,508.57831,511.87747,1548.2865,214.392,583.29163,1478.19592,428.42065,166.71538,1561.70532,249.82782,300.83817,1287.92773
366,3.65,235.56905,1531.54102,1760.67053,373.36102,1636.29675,1644.33545,NA,NA,NA,145.6051,1601.91931,1661.98303,437.97156,1477.88696,1552.07275,107.37598,1476.9812,1512.7865,263.24426,1356.78833,1585.40771,273.26651,1485.42578,1420.97827,584.79651,1139.06763,1554.97668,16.52362,1161.59961,1430.98486,636.07465,906.5166,1575.58093,-31.40593,911.57843,1460.16125,316.91873,1069.22998,1590.41663,191.82246,1041.3988,1557.78479,327.43466,1003.401,1319.11353,504.20453,511.34857,1549.63391,209.79289,589.09021,1500.72205,428.53723,166.26663,1559.76453,252.36671,304.63403,1314.71655
367,3.66,230.08156,1533.18408,1770.12378,370.36771,1635.78711,1652.19592,NA,NA,NA,141.8922,1603.2113,1669.40881,434.96851,1479.36389,1565.30225,106.12823,1478.26636,1518.01733,260.10046,1358.14978,1593.73364,NA,NA,NA,583.29395,1142.00928,1574.92065,14.50925,1163.83044,1434.00427,636.15729,909.42731,1597.58801,-33.80103,914.43286,1462.46338,314.92819,1071.66956,1598.57874,190.38519,1043.34924,1565.34863,327.14017,1004.57581,1327.96179,500.05362,510.84253,1550.16113,204.22266,595.55127,1521.95728,428.07275,166.98613,1558.0752,254.45061,308.03268,1342.74768
368,3.67,224.67828,1534.35071,1779.35217,366.77878,1637.12634,1664.95496,NA,NA,NA,137.28482,1604.70752,1678.38135,433.17081,1480.85583,1579.27551,104.24699,1479.84387,1524.85498,256.0946,1359.34363,1602.90637,NA,NA,NA,581.77863,1144.74817,1593.70496,12.71428,1166.10364,1435.89185,634.44635,912.77924,1621.54541,-36.80804,917.42694,1463.48193,311.95895,1073.13,1606.20691,187.70844,1045.08154,1571.88574,327.29926,1005.38135,1336.65198,497.06741,511.84915,1551.98169,195.31253,598.13757,1542.87451,427.84085,166.77968,1556.34656,256.60602,309.1976,1369.9248
369,3.68,219.33943,1535.69287,1788.41162,362.46603,1636.8158,1674.14404,NA,NA,NA,132.7151,1605.91321,1687.46643,429.62668,1482.01428,1591.1405,101.38432,1481.81653,1532.90857,252.62595,1360.04333,1611.45691,NA,NA,NA,578.85022,1147.0647,1613.14624,11.10893,1168.09436,1438.22498,634.10321,916.50781,1643.60083,-39.83629,919.5459,1462.57275,310.59311,1074.42969,1615.73376,185.57219,1047.00488,1579.47449,326.4353,1006.48572,1345.40027,492.88019,512.02448,1553.00232,183.69089,601.65656,1554.2207,427.33289,166.78546,1555.56458,259.05222,310.04855,1397.38354
370,3.69,213.59641,1536.88403,1797.65869,359.02859,1638.10498,1685.98328,NA,NA,NA,129.34373,1606.66589,1694.23901,425.49329,1481.83606,1603.09399,98.0966,1483.74524,1541.35999,249.30299,1361.16052,1620.74841,NA,NA,NA,576.44824,1148.974,1632.28503,9.46799,1170.11011,1440.65857,631.81848,918.51825,1662.81995,-42.89421,921.42957,1464.3501,307.79962,1075.56995,1623.70618,183.3967,1048.41858,1586.93042,326.42325,1007.50079,1353.87634,489.30844,511.36386,1554.97778,171.7265,602.91492,1571.00378,427.31586,163.66592,1549.13818,260.55777,309.31061,1424.90601
371,3.7,207.81805,1536.89185,1806.50891,354.40149,1637.55872,1695.37488,NA,NA,NA,124.94529,1607.15649,1702.64197,421.82578,1483.01001,1615.14319,95.10027,1485.22937,1549.10559,245.59962,1361.44104,1629.81519,NA,NA,NA,573.61273,1151.52527,1651.73413,8.03255,1171.76453,1443.19897,629.77557,921.15698,1686.44006,-46.23529,922.80939,1466.85242,305.60443,1075.66455,1632.56543,181.05183,1048.83057,1592.69482,325.5733,1007.77161,1362.47888,486.92749,510.89484,1557.57104,158.19263,605.89661,1580.19934,426.83459,166.30971,1554.15845,261.9205,307.43954,1452.18311
372,3.71,202.02551,1537.19299,1815.05798,350.46326,1637.99121,1706.05945,NA,NA,NA,120.37283,1607.11768,1710.47034,418.00449,1483.47974,1627.21875,NA,NA,NA,241.51668,1362.23828,1639.05432,NA,NA,NA,570.93433,1152.31787,1667.14722,6.81593,1173.2948,1445.71497,627.86963,924.31244,1708.53564,-49.32589,924.22742,1468.01587,302.63211,1075.20459,1638.19421,178.27171,1050.00342,1601.70313,325.4436,1008.11505,1371.32129,484.17639,511.89606,1560.50598,147.70161,607.95032,1592.18713,427.19815,166.47879,1555.16321,262.15341,304.0647,1479.78674
373,3.72,196.02193,1536.64136,1823.203,345.9469,1637.70618,1715.83167,NA,NA,NA,116.42095,1606.91882,1717.15308,414.24283,1483.49414,1638.8728,NA,NA,NA,238.1143,1361.38293,1646.00769,NA,NA,NA,567.474,1153.91077,1685.25073,5.28972,1174.08533,1448.11499,624.70056,927.33197,1732.20703,-52.45922,925.52826,1467.05652,299.92743,1075.25952,1648.29407,176.15192,1050.11548,1609.49353,325.28381,1008.91516,1380.34839,480.99878,510.68085,1562.10657,138.51974,609.5332,1604.21497,426.68054,166.66634,1553.33374,263.14713,299.71756,1508.15601
374,3.73,189.94197,1536.11719,1831.099,341.46094,1637.01294,1725.63733,NA,NA,NA,110.90634,1606.86609,1725.55371,410.21829,1483.10901,1649.76855,NA,NA,NA,233.787,1361.65442,1655.58984,NA,NA,NA,562.9837,1156.16528,1705.85742,4.23057,1175.00732,1449.78442,622.07574,929.60809,1754.71179,-55.48397,926.89935,1469.2915,296.83405,1074.14648,1656.4386,173.15005,1049.71289,1616.20459,324.86411,1009.04791,1389.08521,479.15427,510.96622,1564.36414,129.16982,611.27411,1615.48975,NA,NA,NA,263.44128,293.08014,1535.80969
375,3.74,183.7892,1535.61133,1839.56262,337.07431,1636.29382,1735.03748,NA,NA,NA,106.05459,1606.56909,1732.8125,406.40515,1482.84314,1660.05945,NA,NA,NA,230.07799,1360.82507,1664.67761,NA,NA,NA,559.06158,1157.56543,1723.33167,2.932,1175.23022,1453.92883,618.15356,933.12329,1778.00525,-58.73925,927.00854,1469.47534,293.18561,1074.14246,1665.94592,170.0334,1048.74866,1622.98291,324.63513,1009.29523,1398.36829,476.2063,510.6264,1568.81238,120.99081,612.83441,1623.67529,NA,NA,NA,261.97559,285.31039,1563.26245
376,3.75,177.47566,1534.57544,1848.0022,331.80637,1636.01331,1745.52344,NA,NA,NA,101.79222,1604.78467,1738.57605,402.08167,1482.98242,1670.53943,NA,NA,NA,226.66255,1359.73328,1671.80579,NA,NA,NA,554.07147,1159.26331,1742.45447,1.41712,1175.172,1458.79382,614.37378,936.07404,1800.43127,-62.62957,927.88452,1469.81421,289.47488,1073.44177,1676.45422,166.93312,1048.76929,1631.92041,324.24963,1009.09674,1407.35596,475.25287,510.91806,1571.5907,112.65547,614.12146,1630.75757,NA,NA,NA,259.10272,276.20963,1590.18604
377,3.76,171.52747,1533.78467,1855.77161,326.76819,1635.44751,1755.57434,NA,NA,NA,96.74441,1604.05591,1745.23157,398.31418,1481.75513,1680.85034,NA,NA,NA,221.99704,1359.30005,1680.68604,NA,NA,NA,550.31354,1160.59875,1759.12524,0.7964,1175.76196,1458.30371,610.02789,938.64996,1822.34045,-64.75278,927.50208,1470.6582,285.22284,1072.1499,1684.60437,163.13434,1047.59058,1640.97742,323.30411,1008.68207,1416.59167,473.7207,509.57938,1575.10828,105.11522,614.69373,1639.3241,NA,NA,NA,254.93109,264.65994,1616.55334
378,3.77,165.00859,1531.98767,1862.28027,322.05692,1633.89001,1765.21033,NA,NA,NA,91.4686,1603.1886,1751.93201,394.70087,1480.64246,1690.25891,NA,NA,NA,218.46754,1358.0824,1688.64844,NA,NA,NA,544.43982,1162.70935,1777.4397,-0.35114,1174.87939,1462.78638,605.36646,941.22388,1844.27417,-67.87456,927.38208,1472.44482,281.379,1070.57776,1694.02258,160.37622,1046.08813,1647.77588,322.22327,1007.50366,1427.17834,473.05307,509.77286,1578.98291,98.13058,614.90369,1645.93408,NA,NA,NA,248.21532,254.06676,1643.11292
379,3.78,158.56178,1530.64014,1869.53857,316.53476,1632.50684,1773.97986,NA,NA,NA,86.31428,1601.29065,1759.44714,389.86884,1480.31433,1701.74268,NA,NA,NA,215.26215,1356.2926,1696.66077,NA,NA,NA,539.50873,1163.57251,1794.04309,-1.77399,1174.39258,1465.52893,600.5083,944.19147,1866.33411,-71.28138,926.5108,1472.73438,277.90121,1069.2511,1702.90833,156.10233,1044.88623,1655.6167,321.41745,1006.83215,1436.3562,472.31702,509.82489,1582.91772,91.65742,612.76044,1653.04639,NA,NA,NA,240.44116,243.30566,1668.58557
380,3.79,152.20528,1529.08777,1877.97363,311.33359,1631.10669,1782.80078,NA,NA,NA,81.23264,1600.59521,1766.72559,385.84915,1478.30017,1711.28992,NA,NA,NA,211.52335,1354.94031,1704.68018,NA,NA,NA,534.03717,1164.50757,1810.31836,NA,NA,NA,594.88318,947.06653,1887.0542,-73.22155,925.66571,1474.01392,273.09103,1068.25293,1713.16418,151.92943,1043.01147,1664.53418,319.46832,1005.17877,1446.90491,470.31061,507.82736,1586.96228,86.15695,610.86511,1658.71777,NA,NA,NA,231.44307,231.51534,1697.63525
381,3.8,145.17622,1528.13477,1886.10388,305.59875,1630.04724,1792.60303,NA,NA,NA,76.5919,1598.7395,1773.26929,381.02124,1477.70557,1721.92798,NA,NA,NA,207.36444,1353.05945,1713.62329,NA,NA,NA,528.69965,1165.28601,1824.94897,NA,NA,NA,589.61487,949.92877,1907.96643,-75.73547,924.27545,1476.70313,268.85843,1066.11426,1722.06335,147.80061,1041.68237,1674.29419,317.75983,1003.91821,1456.70142,470.3913,507.25928,1591.41882,83.08395,608.02643,1665.99756,NA,NA,NA,222.24762,219.548,1726.57715
382,3.81,138.65755,1526.4884,1892.08264,300.1348,1628.97949,1802.70239,NA,NA,NA,71.0572,1596.50476,1779.67017,377.00388,1476.01709,1731.49976,NA,NA,NA,203.49931,1351.0946,1720.54565,NA,NA,NA,522.18396,1166.08289,1840.6311,NA,NA,NA,583.27399,952.56519,1928.3302,-78.17641,921.97565,1478.55347,263.99219,1064.2406,1732.32861,143.965,1040.547,1683.32715,315.59381,1001.92615,1467.06677,469.52844,506.89151,1595.71692,81.22072,604.81757,1673.45532,NA,NA,NA,211.40625,208.20755,1755.68481
383,3.82,132.35321,1525.06067,1900.25781,294.70557,1627.47253,1811.7699,NA,NA,NA,65.48323,1595.08313,1785.72974,372.04236,1474.61914,1741.48694,NA,NA,NA,199.21916,1348.85437,1729.15356,NA,NA,NA,515.23193,1167.33643,1857.11194,NA,NA,NA,576.98676,955.58075,1948.32141,-80.42992,920.91406,1481.02393,259.9433,1062.2948,1741.79456,139.50459,1038.12122,1693.02087,312.99139,999.23975,1477.69482,469.6467,506.2229,1600.54797,81.03265,600.7923,1680.86377,NA,NA,NA,198.92671,198.19402,1781.77637
384,3.83,125.95035,1523.52905,1907.6239,288.76813,1625.35181,1821.2605,NA,NA,NA,60.12073,1594.02576,1793.06641,367.85559,1472.36243,1748.81091,NA,NA,NA,194.66719,1347.69031,1738.57727,NA,NA,NA,508.57861,1167.7832,1871.72839,NA,NA,NA,570.3042,958.43549,1967.93823,-82.87653,918.60205,1483.42383,254.37166,1061.203,1753.07861,135.29289,1035.63367,1701.17639,309.08453,997.48657,1488.25977,469.04605,504.77109,1605.21667,82.14405,595.03937,1688.39368,NA,NA,NA,184.4787,189.25633,1807.62524
385,3.84,118.67232,1522.29785,1914.34985,283.14413,1624.04651,1829.48352,221.79082,1718.26538,1694.67847,54.9177,1592.25891,1800.12744,362.52246,1470.61011,1758.74182,NA,NA,NA,190.58641,1345.34387,1746.69373,NA,NA,NA,501.8952,1167.87183,1885.80396,NA,NA,NA,563.24091,961.39557,1986.79517,-84.30305,916.2157,1487.24927,250.63803,1058.28772,1761.67847,130.37181,1033.47327,1711.95105,306.19473,994.52246,1499.48315,469.22592,504.11673,1610.5199,86.60311,590.18781,1695.51624,NA,NA,NA,168.44054,182.3432,1832.38879
386,3.85,112.47312,1521.38708,1922.24841,277.13943,1622.51941,1838.24744,217.4095,1716.19348,1701.24048,49.64937,1590.38599,1806.12415,357.79498,1469.43713,1767.00854,NA,NA,NA,185.62599,1343.32898,1755.84534,NA,NA,NA,495.59201,1167.74084,1899.26392,NA,NA,NA,556.17694,964.18903,2004.96851,-86.54691,914.11304,1491.31152,245.2227,1057.60999,1773.56287,126.36163,1031.45972,1722.47937,302.73468,991.28961,1510.60742,468.89096,502.55795,1616.02905,89.84011,583.33789,1702.91382,NA,NA,NA,151.30991,176.64789,1856.37146
387,3.86,105.85783,1520.01624,1929.11719,271.63535,1620.57031,1845.7749,212.70346,1714.40039,1708.98572,43.70241,1589.67468,1811.76648,352.6254,1467.1405,1776.23071,NA,NA,NA,180.08981,1342.12048,1765.40161,NA,NA,NA,488.41821,1167.60486,1912.41443,NA,NA,NA,548.1004,967.26477,2023.53333,-88.18248,910.94739,1492.84509,241.05438,1055.57019,1783.81958,121.26217,1029.48816,1733.88525,298.92554,988.30273,1521.28735,468.40714,502.0105,1622.37207,93.67223,577.0498,1710.93958,NA,NA,NA,133.79729,172.70029,1878.8252
388,3.87,98.36578,1518.99475,1936.28394,265.34857,1618.69507,1853.8103,208.21254,1712.71912,1717.60071,37.87595,1588.31128,1819.55383,347.24475,1465.71692,1784.70313,NA,NA,NA,175.23276,1339.74829,1773.68433,NA,NA,NA,481.05838,1167.30566,1924.72729,NA,NA,NA,540.34027,969.91492,2040.52979,-90.78092,908.56702,1497.40259,235.61995,1053.76062,1794.63647,116.48372,1027.2196,1744.87451,293.85965,984.83783,1532.83618,466.53391,500.73282,1627.34106,97.22295,570.89832,1718.526,NA,NA,NA,115.85312,172.29024,1898.69897
389,3.88,92.37008,1518.38123,1943.78381,259.81821,1616.68176,1860.93225,203.38002,1710.75916,1724.43408,32.39052,1587.32776,1826.22827,341.58829,1464.19788,1793.1084,NA,NA,NA,169.99869,1337.54993,1782.4613,NA,NA,NA,474.21066,1167.60071,1937.64539,NA,NA,NA,532.80011,971.94562,2056.50195,-92.42084,905.87598,1500.67542,231.31995,1052.30566,1806.07495,112.30518,1024.83923,1755.14465,289.74127,981.79492,1544.27173,465.2663,499.78885,1633.37842,100.74088,565.97021,1728.09412,NA,NA,NA,98.60534,174.96107,1913.80457
390,3.89,85.25956,1517.44214,1949.88232,253.64874,1615.54565,1869.23059,199.11224,1708.07922,1729.84814,26.35236,1586.52441,1831.28088,335.63422,1462.14661,1802.03333,NA,NA,NA,163.79045,1336.4729,1792.20642,NA,NA,NA,467.21149,1167.85828,1949.73523,NA,NA,NA,523.87842,974.797,2073.00659,-94.18192,902.55725,1506.37122,226.84628,1050.39172,1816.60547,107.60401,1022.30804,1766.84985,284.45389,978.41931,1554.75879,464.2934,499.3428,1639.70972,103.18929,561.77856,1736.4021,NA,NA,NA,83.23981,174.20496,1932.74231
391,3.9,78.28778,1517.3053,1957.42725,248.16302,1613.91089,1876.4032,194.48218,1705.90735,1737.11084,20.73141,1585.79578,1838.12329,330.26382,1460.50659,1809.52527,NA,NA,NA,157.87012,1334.94666,1801.66052,NA,NA,NA,459.49283,1168.42749,1961.52246,NA,NA,NA,515.00867,977.47595,2089.14844,-96.65579,899.62189,1511.63049,221.0957,1049.13281,1829.19897,102.73974,1019.12933,1778.11877,279.96585,975.07513,1566.7832,462.36411,498.12387,1648.78833,105.59169,559.46552,1745.29041,NA,NA,NA,67.61244,178.0416,1942.99109
392,3.91,71.42334,1517.41211,1964.93018,241.86504,1612.05994,1883.98328,189.69225,1703.56494,1742.74939,15.04696,1585.51038,1844.46802,323.73822,1459.2301,1818.55811,NA,NA,NA,151.79689,1332.89771,1811.24353,NA,NA,NA,452.49246,1168.43762,1973.39734,NA,NA,NA,505.75006,979.16779,2103.77124,-97.49005,895.49213,1517.01086,216.44046,1046.13794,1840.20886,97.5379,1016.91833,1789.92737,274.01205,971.30835,1578.03638,461.62827,499.4346,1656.80334,107.41989,558.3349,1755.89038,NA,NA,NA,57.32192,178.68651,1962.12878
393,3.92,64.34618,1517.24792,1970.68579,235.97382,1610.53784,1890.27893,184.90509,1701.78003,1748.55481,8.75179,1584.09277,1849.86475,317.9584,1457.79211,1826.24036,NA,NA,NA,145.1926,1331.50134,1820.90552,NA,NA,NA,444.56696,1168.72253,1985.73108,NA,NA,NA,495.50742,981.20502,2118.53223,-99.76946,892.57031,1522.84534,211.40439,1043.974,1851.33276,92.56816,1014.67371,1801.30127,268.8797,968.81,1591.00842,461.10696,498.54407,1663.36853,108.07906,556.41138,1766.76184,NA,NA,NA,47.1622,179.66983,1971.56299
394,3.93,57.53965,1518.38013,1978.75232,229.93996,1610.17603,1897.35864,180.11079,1699.86658,1755.04712,3.06463,1583.90308,1857.34912,311.33954,1456.38538,1834.77124,NA,NA,NA,138.66859,1330.75891,1829.57788,NA,NA,NA,436.51663,1168.68311,1997.573,NA,NA,NA,485.17078,982.79883,2132.49585,-101.71062,888.77429,1530.98108,206.09421,1041.79248,1863.18555,87.29252,1011.91968,1812.29553,262.54553,965.45905,1601.75195,459.86575,499.60056,1672.36841,107.70311,556.00842,1777.79651,NA,NA,NA,42.29144,179.73233,1981.46411
395,3.94,50.29083,1519.2843,1984.90454,223.23967,1609.77991,1905.1377,174.8947,1700.11096,1762.96973,-4.01478,1583.58484,1863.62109,305.16336,1456.01978,1843.05322,NA,NA,NA,132.49701,1329.20605,1837.52771,NA,NA,NA,427.9682,1168.98718,2008.64856,NA,NA,NA,474.38312,983.4447,2145.67456,-103.76723,884.45245,1536.5,200.35323,1040.37292,1875.06873,82.03316,1009.29346,1822.98853,257.03342,963.72406,1613.34949,458.0513,500.68805,1681.20654,107.4457,554.95154,1795.25439,NA,NA,NA,37.55344,180.39792,1988.23743
396,3.95,43.2624,1521.32837,1993.26245,216.6326,1611.00232,1913.17517,169.13556,1699.82043,1769.23083,-9.7664,1585.13586,1869.91895,299.03986,1456.41016,1851.44238,NA,NA,NA,126.47337,1328.95923,1845.1853,NA,NA,NA,418.73874,1169.47717,2019.37195,NA,NA,NA,463.1561,983.90088,2157.86035,-105.53333,881.46661,1543.95288,194.59727,1038.06226,1887.35571,76.1919,1007.87549,1833.4198,251.45964,962.19318,1622.73694,455.23111,500.78064,1692.45007,102.77654,558.31616,1807.74353,NA,NA,NA,33.87836,178.0537,1998.32288
397,3.96,35.65969,1523.13562,2000.57446,210.39771,1611.91321,1920.27856,162.81342,1700.19873,1776.25085,-16.11805,1587.55762,1877.12939,292.40527,1458.04053,1860.6709,NA,NA,NA,120.47679,1329.83496,1853.55798,NA,NA,NA,409.22314,1170.26282,2029.61438,NA,NA,NA,451.50751,984.34845,2168.79785,-106.00361,878.80292,1552.17932,189.21298,1035.88049,1897.39258,70.71246,1006.98535,1842.96594,246.04306,961.22479,1634.98621,448.69675,501.05139,1703.96448,94.56451,560.8327,1823.67212,NA,NA,NA,32.47906,177.07306,2007.15527
398,3.97,28.31756,1525.51941,2007.81299,203.48364,1612.88403,1928.60388,NA,NA,NA,-22.71046,1590.09009,1883.59766,285.62231,1459.22363,1870.05164,NA,NA,NA,114.14452,1330.29358,1862.7384,NA,NA,NA,399.18655,1171.58313,2040.87744,NA,NA,NA,439.32297,984.42828,2179.21362,-107.45747,877.6908,1559.93604,183.12558,1034.61877,1907.86475,64.99042,1006.86157,1852.16895,241.35019,960.92059,1645.19446,435.37067,502.83017,1722.09766,83.62582,565.65881,1837.60925,NA,NA,NA,29.92031,176.01202,2010.953
399,3.98,21.11383,1527.78003,2015.84534,197.05833,1613.39575,1935.60059,151.99089,1701.56189,1790.12476,-28.92112,1592.47437,1890.91748,278.5986,1461.26392,1879.92493,NA,NA,NA,108.4358,1331.09656,1871.16321,NA,NA,NA,388.62616,1171.6051,2049.8999,NA,NA,NA,426.57919,984.2121,2188.83813,-109.72961,876.74121,1569.84961,176.63097,1034.5553,1917.49011,58.86107,1007.57928,1859.98755,237.19798,961.2998,1655.05847,421.79678,501.40735,1739.92725,70.83113,572.05701,1851.79175,NA,NA,NA,28.19935,178.13669,2009.2467
400,3.99,13.70088,1529.89441,2021.99109,190.26759,1614.09143,1942.5,NA,NA,NA,-35.56189,1593.3114,1896.68799,271.22839,1463.12073,1889.92102,NA,NA,NA,102.58628,1331.22058,1879.05554,NA,NA,NA,378.23941,1172.55505,2060.38599,NA,NA,NA,412.79373,984.45898,2198.53735,-112.51446,876.7973,1578.30981,170.36928,1034.31567,1926.08447,51.71239,1009.62805,1868.11279,232.85294,961.37408,1664.7019,407.09058,500.02136,1758.19189,56.98935,577.81573,1862.55627,NA,NA,NA,27.96443,176.69794,2017.6001
401,4,6.28514,1532.18384,2029.6239,183.72771,1614.46997,1949.3623,NA,NA,NA,-42.65472,1594.11914,1904.40381,264.6763,1464.25525,1899.01172,NA,NA,NA,96.27594,1332.1554,1887.12842,NA,NA,NA,367.25702,1172.2384,2069.28638,NA,NA,NA,399.64941,983.31927,2206.84766,-115.56324,876.6452,1589.41016,161.78021,1036.48389,1935.40601,45.35682,1011.39288,1874.39832,229.17238,961.59406,1676.32971,393.71631,496.44531,1775.30273,39.483,585.03229,1869.37939,NA,NA,NA,25.30966,177.24142,2016.45752
402,4.01,-0.67112,1533.79419,2034.72559,177.68256,1614.79199,1955.07983,NA,NA,NA,-48.9909,1594.47595,1908.46313,257.73636,1466.11987,1909.08142,NA,NA,NA,90.02847,1332.66736,1893.69702,NA,NA,NA,356.37439,1172.5343,2080.86914,NA,NA,NA,385.48917,982.18964,2215.74609,-117.8429,877.78296,1600.2439,154.77541,1038.46497,1941.54846,38.12104,1015.32654,1881.30811,224.88083,963.0387,1685.68872,381.64664,493.24847,1793.87561,24.50191,588.55103,1879.3551,NA,NA,NA,24.29796,176.12718,2020.04932
403,4.02,-7.77752,1535.59094,2040.76123,171.13945,1615.8291,1961.24341,NA,NA,NA,-55.59143,1596.39221,1915.54346,251.22394,1466.81543,1918.56152,NA,NA,NA,83.76459,1334.35168,1901.49011,NA,NA,NA,345.7045,1171.04529,2088.87305,NA,NA,NA,372.0975,979.89709,2223.32813,-121.97388,877.27838,1614.0437,146.74934,1040.85144,1948.69031,30.71394,1018.86987,1887.96594,222.18468,962.41486,1694.6593,371.78259,495.17209,1813.35986,11.39152,590.52014,1892.46899,NA,NA,NA,23.83935,175.66386,2021.99854
404,4.03,-13.7904,1537.0105,2045.43176,165.0457,1617.7666,1968.01392,NA,NA,NA,-61.17889,1597.56018,1918.91382,245.46866,1467.8894,1927.13647,NA,NA,NA,77.46764,1337.08276,1909.62073,NA,NA,NA,335.0881,1170.72534,2099.67212,NA,NA,NA,357.00031,978.27716,2232.26587,-124.97005,876.88464,1625.48145,139.01837,1043.58435,1955.74133,24.18984,1022.58215,1894.00757,217.25775,963.16254,1701.79053,360.9613,498.01297,1837.89893,-2.67727,594.27289,1896.66223,NA,NA,NA,23.75786,175.52721,2021.92725
405,4.04,-21.1213,1538.49829,2049.70947,158.87225,1620.50342,1975.59021,NA,NA,NA,-65.77718,1599.57458,1923.14246,239.75642,1469.20837,1935.72327,NA,NA,NA,70.88874,1339.21558,1915.52856,NA,NA,NA,323.58292,1170.19446,2109.76147,NA,NA,NA,342.41351,974.71912,2239.72046,-126.71482,876.59943,1635.46716,131.9175,1045.90112,1962.8678,17.01507,1025.77698,1900.96643,212.89264,963.96674,1711.91003,351.43588,499.51108,1861.14587,-15.08347,594.61542,1905.84802,NA,NA,NA,23.41397,173.71091,2022.06677
406,4.05,-27.48953,1540.01611,2054.30127,152.69368,1622.59521,1981.86926,NA,NA,NA,-71.09616,1601.55762,1926.30811,234.46967,1470.4093,1943.67761,NA,NA,NA,65.00848,1340.86536,1921.76318,NA,NA,NA,312.75406,1169.28503,2117.67334,NA,NA,NA,328.17868,971.36993,2245.95923,-131.49391,876.36627,1647.18408,125.45182,1048.06641,1969.66589,11.49697,1027.49646,1906.39075,206.95709,964.67865,1719.03601,340.64249,501.39624,1884.87439,-27.56054,593.98169,1914.29419,NA,NA,NA,23.58432,173.19583,2022.32446
407,4.06,-33.96149,1541.83472,2058.36353,146.9408,1624.86206,1987.69885,NA,NA,NA,-75.94382,1603.26953,1930.52576,229.17644,1471.9281,1951.73608,NA,NA,NA,59.23291,1343.94641,1929.36731,NA,NA,NA,301.98254,1169.25513,2126.71606,NA,NA,NA,312.93564,968.96826,2252.30298,-133.40184,876.58734,1655.9082,119.13455,1050.07019,1977.22144,5.33652,1029.29199,1912.90039,201.74852,966.37836,1726.85132,331.38342,503.99899,1909.54895,-39.16355,592.36542,1921.20569,NA,NA,NA,23.3031,170.66182,2022.63049
408,4.07,-40.96585,1544.15771,2061.94897,141.15724,1627.49255,1994.52356,NA,NA,NA,NA,NA,NA,224.09441,1473.72229,1960.08325,NA,NA,NA,53.66253,1346.46973,1936.61414,NA,NA,NA,290.52087,1169.40845,2136.28882,NA,NA,NA,297.38553,965.31226,2258.42334,-137.19032,877.03076,1667.47852,113.61575,1051.64355,1984.7793,-0.47109,1030.47253,1919.5957,195.87105,967.50708,1735.83337,322.87015,505.50909,1934.34265,-49.88102,590.57098,1926.76416,NA,NA,NA,23.53027,169.46841,2023.04297
409,4.08,-47.3509,1546.12195,2064.37061,135.4821,1630.54529,2001.37378,NA,NA,NA,NA,NA,NA,219.03108,1475.18396,1969.07654,NA,NA,NA,47.78923,1348.62964,1942.43787,NA,NA,NA,279.33145,1169.552,2144.46753,NA,NA,NA,282.17578,962.13031,2263.45288,-140.47964,877.05951,1680.25085,107.31435,1053.64746,1992.67126,-5.86283,1031.69238,1926.74963,190.37762,969.23474,1743.87256,313.21875,506.55005,1957.61877,-60.40205,588.80243,1932.30103,NA,NA,NA,23.6482,169.32254,2023.19263
410,4.09,-54.04564,1548.85437,2068.68848,130.21614,1633.31702,2007.56555,NA,NA,NA,NA,NA,NA,214.17702,1476.98962,1977.46265,NA,NA,NA,42.3563,1350.9469,1948.02136,NA,NA,NA,268.81937,1169.13635,2150.73633,NA,NA,NA,266.61899,958.729,2267.5542,-143.91463,877.29089,1691.97632,101.57066,1055.69836,1999.41272,-11.37659,1032.93701,1933.33337,185.21738,970.56641,1751.62439,302.33447,506.67429,1979.99207,-67.20195,588.04645,1933.1189,NA,NA,NA,23.40888,169.67514,2022.88123
411,4.1,-60.23921,1552.03918,2071.51172,124.19358,1635.93176,2013.33252,NA,NA,NA,NA,NA,NA,208.76378,1478.86475,1986.13904,NA,NA,NA,36.61544,1354.12439,1955.48767,NA,NA,NA,NA,NA,NA,NA,NA,NA,251.04349,956.44983,2271.10303,-147.91791,878.74872,1702.27625,94.59464,1058.21301,2007.22852,-16.36334,1033.51721,1938.68384,179.97853,970.19659,1764.04944,291.55707,507.16287,2003.31738,-72.96552,587.59442,1932.276,NA,NA,NA,22.98395,170.40898,2022.31372
412,4.11,-66.81702,1555.08508,2074.43066,119.06067,1638.35376,2018.21655,NA,NA,NA,NA,NA,NA,203.56441,1480.94495,1994.46802,246.34094,1168.2666,2164.09399,31.28742,1356.6582,1962.25671,NA,NA,NA,NA,NA,NA,NA,NA,NA,234.47754,954.48907,2275.32007,-152.04433,880.68933,1712.58838,87.97671,1061.57471,2015.79602,-21.98071,1035.99365,1945.45398,176.36032,975.37628,1765.34705,281.35175,506.44101,2026.21045,-76.83849,587.04352,1930.35144,NA,NA,NA,22.3762,171.32242,2021.52026
413,4.12,-73.76321,1558.83057,2077.58057,113.98096,1640.96033,2024.50464,NA,NA,NA,NA,NA,NA,197.17105,1483.56421,2003.85315,235.60571,1166.99304,2169.23413,25.69045,1358.4834,1966.83875,NA,NA,NA,NA,NA,NA,NA,NA,NA,217.81723,953.05121,2278.18994,-156.39824,883.70691,1726.08496,81.42858,1064.10815,2022.57007,-27.42975,1038.30579,1951.5116,172.9362,977.75897,1772.09595,270.15247,506.63879,2049.97949,-80.48627,587.51251,1926.6554,NA,NA,NA,21.56107,172.08902,2020.51855
414,4.13,-79.86857,1562.16089,2079.62085,108.51012,1642.9502,2031.37146,NA,NA,NA,NA,NA,NA,191.67722,1484.22986,2011.67822,NA,NA,NA,20.28294,1360.74475,1971.97803,NA,NA,NA,NA,NA,NA,NA,NA,NA,201.32141,950.63544,2279.93652,-160.56085,885.51392,1736.53455,74.53954,1065.7843,2029.55518,-33.41716,1040.8092,1957.1167,150.11497,970.79315,1806.96863,258.5354,505.1329,2071.64404,-83.17866,587.2735,1922.44385,NA,NA,NA,20.07318,172.86275,2018.77539
415,4.14,-86.49593,1565.92261,2081.56519,103.73965,1644.32593,2035.07581,NA,NA,NA,NA,NA,NA,185.73138,1485.92261,2019.22668,212.00177,1165.09082,2179.94604,14.88364,1363.34644,1977.37024,NA,NA,NA,NA,NA,NA,NA,NA,NA,184.79036,948.5835,2281.76318,-165.77066,889.09619,1749.18896,68.16067,1068.3656,2036.26758,-39.42877,1043.86694,1963.17627,167.09544,982.38348,1788.7489,248.50053,505.25482,2093.14697,-85.45251,586.38495,1917.53308,NA,NA,NA,18.16539,173.68973,2016.5625
416,4.15,-93.32727,1569.63232,2084.92383,97.95992,1646.39185,2040.17847,NA,NA,NA,NA,NA,NA,178.7552,1488.68115,2027.93311,200.98775,1164.80115,2185.51416,9.18866,1364.8374,1980.63745,NA,NA,NA,NA,NA,NA,NA,NA,NA,168.45227,946.60846,2282.15405,-170.83963,892.19641,1758.34204,60.8061,1070.38574,2043.55798,NA,NA,NA,165.54529,983.92517,1798.57043,237.48981,505.22226,2114.94385,-86.65828,584.87128,1913.62976,NA,NA,NA,16.73517,173.83232,2013.39209
417,4.16,-100.02997,1573.30493,2086.98486,92.97597,1648.87378,2046.33459,NA,NA,NA,NA,NA,NA,173.03403,1489.56372,2034.72961,189.26248,1164.5675,2190.41284,3.94779,1367.06152,1986.37537,NA,NA,NA,-52.13629,1050.0177,1973.49658,NA,NA,NA,151.47133,945.30341,2282.29126,-177.7142,895.07208,1773.32214,53.31466,1071.97119,2050.35718,NA,NA,NA,163.47975,985.42358,1807.69226,225.81886,505.59891,2136.02222,-86.88491,583.36957,1909.92566,NA,NA,NA,14.53949,171.74503,2013.84314
418,4.17,-106.7394,1576.98694,2089.23462,87.52817,1650.55298,2051.57959,NA,NA,NA,NA,NA,NA,166.2424,1490.86719,2042.52283,177.56837,1164.09045,2194.89648,-1.36469,1368.15979,1988.95142,NA,NA,NA,-58.08017,1051.91162,1977.44446,NA,NA,NA,134.09724,944.60468,2282.45093,-183.45493,897.86969,1781.97339,45.69013,1074.59448,2057.37378,NA,NA,NA,162.10596,987.24792,1817.01025,212.08221,505.41702,2156.79321,-86.13512,582.20837,1907.46716,NA,NA,NA,12.8085,171.2402,2011.90259
419,4.18,-113.43341,1580.11938,2091.28784,81.74097,1651.77515,2056.04272,NA,NA,NA,NA,NA,NA,160.04233,1492.47876,2050.49829,165.61926,1164.35645,2200.2019,-6.09473,1369.82446,1993.87939,NA,NA,NA,-64.37235,1054.23291,1982.46008,NA,NA,NA,116.98888,943.71686,2282.552,-189.74178,901.93561,1791.44177,37.94911,1076.16431,2063.69434,NA,NA,NA,160.08943,988.69696,1825.10974,194.72585,508.99197,2176.52563,-85.28035,580.93811,1907.71045,NA,NA,NA,11.24199,169.63832,2013.63892
420,4.19,-120.06805,1583.65393,2093.32642,76.52485,1653.57397,2062.0105,NA,NA,NA,NA,NA,NA,153.92419,1494.27466,2058.26855,152.54758,1164.87109,2204.85596,-12.00681,1371.78357,1997.83459,NA,NA,NA,-70.40824,1055.35315,1985.31714,NA,NA,NA,100.11237,942.2467,2281.43408,-195.74457,905.51306,1801.08435,29.7433,1077.50696,2068.85693,NA,NA,NA,158.81374,990.49341,1834.14099,179.99165,514.5556,2197.16235,-82.62112,580.78326,1904.11047,NA,NA,NA,8.25201,168.32135,2010.7959
421,4.2,-126.65719,1586.86206,2095.04443,71.09096,1654.60632,2066.94482,NA,NA,NA,NA,NA,NA,147.40863,1495.39014,2066.78394,140.315,1165.24768,2209.92407,-17.49298,1373.53625,2003.05859,NA,NA,NA,-76.49885,1057.31067,1988.12305,NA,NA,NA,83.0066,940.89734,2280.27759,-200.21169,908.98163,1808.37451,21.96679,1079.15051,2074.36816,NA,NA,NA,157.10121,990.56226,1843.67004,164.35007,520.76617,2218.33081,-81.03779,580.42902,1904.05408,NA,NA,NA,6.59185,165.01852,2013.76233
422,4.21,-133.06989,1589.8053,2096.68286,65.46486,1655.7168,2071.22339,NA,NA,NA,NA,NA,NA,140.64656,1496.04932,2073.48535,127.70242,1165.25488,2213.4375,-22.85938,1374.65173,2006.78101,NA,NA,NA,-82.26618,1058.74976,1991.96497,NA,NA,NA,66.27419,940.85474,2278.74414,-208.00241,911.23584,1818.89172,13.59941,1080.6499,2080.27197,NA,NA,NA,155.7334,991.39026,1853.80432,146.73157,526.15308,2232.52905,-77.79946,580.72412,1900.76575,219.33557,256.37936,2037.79553,3.2244,163.41302,2013.41113
423,4.22,-139.54803,1592.89014,2098.37012,59.99918,1657.43665,2076.88354,NA,NA,NA,NA,NA,NA,133.92474,1497.49487,2080.62695,115.19032,1165.83044,2217.28027,-28.74662,1376.4397,2011.68835,NA,NA,NA,-87.87891,1059.34595,1994.01855,-143.57289,1154.81384,1769.00146,49.8076,939.84058,2276.69678,-214.81844,914.85834,1828.91748,NA,NA,NA,NA,NA,NA,131.58821,982.375,1895.03662,131.48361,531.6886,2248.22559,-75.93729,580.17749,1899.37903,204.11211,252.02936,2058.95508,0.71037,161.33302,2012.95508
424,4.23,-146.14821,1594.97986,2100.41748,54.31343,1657.90381,2081.22876,NA,NA,NA,NA,NA,NA,127.44953,1498.14233,2088.47876,102.92783,1165.69531,2220.71802,-35.16066,1377.08813,2016.3595,NA,NA,NA,-94.60497,1060.46289,1997.45691,-147.35229,1156.18408,1775.88574,33.31107,939.7666,2274.44116,-220.71635,917.09412,1837.42017,-3.27772,1083.2594,2090.4043,NA,NA,NA,129.38963,980.53729,1905.61487,114.34151,537.35651,2264.08374,-74.34364,579.41876,1898.25623,188.689,246.96667,2080.69971,-2.95881,161.12109,2010.78027
425,4.24,-152.26886,1596.85913,2101.69165,48.40181,1659.45776,2086.84766,NA,NA,NA,NA,NA,NA,120.48943,1499.2229,2096.48511,90.56652,1165.32703,2224.01709,-40.62485,1378.42737,2021.20642,NA,NA,NA,-100.3679,1061.33435,2001.3634,-150.82564,1156.8678,1781.08984,16.65324,939.55261,2272.83936,-226.76526,919.98267,1845.42651,-11.69544,1083.4635,2095.42432,NA,NA,NA,125.48397,979.89453,1918.18188,98.92047,540.15387,2277.0437,-71.53344,577.45886,1900.50964,172.64006,242.36028,2102.25342,-4.98769,158.96202,2010.87048
426,4.25,-158.77626,1599.0155,2103.9353,42.63842,1660.4303,2092.14136,NA,NA,NA,NA,NA,NA,113.22765,1499.14209,2103.14941,78.49014,1165.18433,2226.95972,-46.7128,1379.099,2024.98242,NA,NA,NA,-105.46046,1060.77991,2003.72864,-154.04033,1157.67004,1787.51489,0.45949,940.05768,2270.46582,-232.98761,922.10754,1851.93555,-20.07157,1083.81995,2100.04517,NA,NA,NA,124.29935,982.46326,1927.32666,82.6765,544.18719,2291.03467,-70.13793,577.94421,1901.87097,156.21938,238.16147,2125.54077,-8.89376,156.22375,2009.05603
427,4.26,-165.11096,1600.82849,2105.86792,36.64093,1661.07471,2096.56909,NA,NA,NA,NA,NA,NA,106.34507,1499.36499,2110.79102,66.93163,1164.77747,2230.10107,-52.32488,1380.07642,2030.40283,NA,NA,NA,-112.24067,1061.65137,2007.6261,-157.17343,1158.06165,1793.78223,-14.54783,938.99951,2266.81128,-238.8839,923.77765,1860.11389,-28.72535,1084.16479,2105.44971,NA,NA,NA,120.48383,980.87842,1938.12341,66.45316,547.2699,2304.34937,-68.62041,577.1554,1899.96338,139.22626,233.4938,2149.57397,-10.57833,157.13144,2000.40796
428,4.27,-171.26447,1602.23047,2107.17773,31.14509,1661.44531,2101.76123,NA,NA,NA,NA,NA,NA,98.84083,1499.84778,2118.63989,55.76936,1163.94482,2232.39307,-58.31609,1379.5686,2033.2583,NA,NA,NA,NA,NA,NA,-160.08856,1158.68262,1798.04224,-30.21061,939.55176,2264.37769,-244.6194,924.55017,1864.71008,-36.44942,1083.64551,2109.70776,NA,NA,NA,145.04521,994.18799,1910.94739,50.19631,547.71313,2314.3208,-67.48928,577.06085,1901.44714,121.15012,228.12505,2171.82446,-12.93293,153.7448,1995.96399
429,4.28,-177.39212,1603.45422,2108.7749,24.83629,1662.39722,2106.58252,NA,NA,NA,NA,NA,NA,91.26933,1499.71985,2125.18555,44.2397,1163.78613,2235.30396,-63.93618,1380.32007,2037.87195,NA,NA,NA,NA,NA,NA,-162.84062,1158.92529,1804.18799,-44.791,939.74463,2260.93994,-249.80951,926.39685,1871.7926,-44.26204,1084.44922,2114.84131,NA,NA,NA,141.72995,994.39819,1922.83069,34.41377,549.76727,2325.02466,-66.508,577.24109,1901.21912,102.45731,223.33823,2195.85156,-13.04567,151.13121,1995.73364
430,4.29,-183.77757,1604.49475,2110.84131,18.9583,1662.76343,2112.29395,NA,NA,NA,NA,NA,NA,83.03237,1499.76221,2133.5791,33.1624,1162.99854,2238.47485,-69.99378,1379.53687,2041.69397,NA,NA,NA,NA,NA,NA,NA,NA,NA,-59.0579,939.92493,2257.07886,-254.99077,928.26862,1879.04553,-52.64599,1085.13953,2119.82031,NA,NA,NA,138.45325,993.30817,1933.32263,18.63381,549.76074,2332.39819,-64.68464,575.95642,1903.68298,83.76521,217.28329,2218.15674,-12.27092,148.91882,1991.16431
431,4.3,-189.86099,1605.59595,2112.36597,12.72402,1662.71216,2116.37427,NA,NA,NA,NA,NA,NA,74.52792,1500.05579,2140.71118,21.94538,1162.51648,2241.54297,-75.97288,1379.849,2044.83337,NA,NA,NA,NA,NA,NA,NA,NA,NA,-73.70599,940.59503,2254.66431,-259.32153,929.33557,1884.05469,-60.15772,1085.35791,2124.35034,NA,NA,NA,135.15405,993.67792,1943.96814,3.99289,550.81665,2340.4519,-63.96744,575.95959,1902.59033,63.46928,212.26083,2240.75708,-11.45378,146.29916,1985.8313
432,4.31,-196.18268,1606.59753,2114.40649,6.95391,1662.61707,2121.77734,NA,NA,NA,NA,NA,NA,65.62588,1499.66418,2147.97632,10.80523,1162.328,2245.71216,-81.81716,1379.04333,2049.61255,NA,NA,NA,NA,NA,NA,NA,NA,NA,-86.99631,940.72186,2250.19067,-263.91562,930.18494,1889.69238,-68.11292,1085.53076,2128.57007,NA,NA,NA,132.18452,994.21033,1956.42566,-9.84846,549.68207,2346.17139,-62.82517,574.80457,1905.1283,43.3717,206.5968,2262.3877,-11.57516,143.91461,1981.54333
433,4.32,-202.59052,1607.89819,2116.69067,0.60575,1662.42603,2126.47021,NA,NA,NA,NA,NA,NA,56.21548,1499.47766,2156.26343,-0.28626,1161.35303,2248.65088,-87.99848,1378.30615,2052.90625,NA,NA,NA,NA,NA,NA,NA,NA,NA,-101.05337,942.38464,2246.84229,-267.8399,930.80688,1893.31128,-75.90949,1086.06116,2132.75171,NA,NA,NA,129.17029,994.37836,1966.99451,-22.98387,547.22528,2349.24609,-61.63258,573.422,1906.97949,21.90337,202.20439,2284.21533,-10.2781,142.48009,1977.59326
434,4.33,-209.0287,1608.55798,2119.14282,-5.42041,1662.23901,2131.91846,NA,NA,NA,NA,NA,NA,47.05873,1499.24634,2163.47363,-11.64656,1161.20496,2252.0061,-94.462,1376.97827,2055.51245,NA,NA,NA,NA,NA,NA,NA,NA,NA,-114.26768,943.60583,2243.85205,-272.03922,931.59064,1897.24695,-83.68063,1086.08716,2136.33789,NA,NA,NA,125.89894,994.51678,1976.44922,-35.34443,545.2384,2352.02295,-60.37347,572.28217,1907.79358,-0.51632,196.69351,2304.92017,-9.6621,140.98352,1972.18481
435,4.34,-215.20493,1609.50659,2121.00366,-11.7536,1661.43384,2136.74316,NA,NA,NA,NA,NA,NA,36.73634,1499.39624,2171.18604,-23.34904,1161.00232,2256.03149,-100.99744,1376.67847,2059.37207,NA,NA,NA,NA,NA,NA,NA,NA,NA,-126.51423,945.46338,2241.50977,-275.40466,931.42242,1900.83728,-91.2253,1086.09595,2139.71436,NA,NA,NA,123.0271,994.4978,1987.28491,-47.25566,543.3175,2354.44385,-59.08467,571.26434,1910.00403,-22.3747,192.80368,2325.67432,-8.44769,140.21867,1967.76599
436,4.35,-221.58005,1610.15271,2123.3894,-17.85594,1660.75354,2141.99854,NA,NA,NA,NA,NA,NA,27.06082,1498.06494,2177.11719,-34.52936,1160.68555,2259.125,-107.6997,1375.63147,2063.46655,NA,NA,NA,NA,NA,NA,NA,NA,NA,-138.72362,947.55212,2239.18408,-279.14139,931.16626,1904.09424,-98.98417,1086.47571,2144.29663,NA,NA,NA,120.0069,994.54102,1997.28516,-57.97839,540.35376,2354.82983,-58.33587,569.95532,1912.92053,-45.12065,187.5598,2344.05225,-7.637,137.37,1966.23303
437,4.36,-228.16895,1611.6604,2125.37036,-24.35959,1660.17896,2147.03491,NA,NA,NA,NA,NA,NA,16.26116,1497.94556,2184.73804,NA,NA,NA,-114.42352,1375.17346,2067.67456,NA,NA,NA,NA,NA,NA,NA,NA,NA,-150.31493,949.12146,2237.41016,-281.89163,931.46301,1905.71753,NA,NA,NA,NA,NA,NA,116.36324,994.90894,2007.85229,-68.45966,537.48822,2354.66992,-56.30417,567.74762,1917.85583,-68.42926,184.3924,2362.46558,-5.65859,136.08759,1961.68176
438,4.37,-234.65007,1612.89868,2127.55225,-30.76759,1659.21191,2152.13965,NA,NA,NA,NA,NA,NA,5.81502,1497.96265,2191.73218,NA,NA,NA,-121.3205,1374.10474,2070.60376,NA,NA,NA,NA,NA,NA,NA,NA,NA,-161.9772,950.64362,2237.06396,-285.17926,931.62543,1909.41028,NA,NA,NA,NA,NA,NA,112.94521,994.89764,2017.54346,-76.9808,533.63989,2352.37305,-55.66302,567.5282,1918.45093,-93.37776,182.83188,2381.6189,-5.0337,134.79831,1960.92773
439,4.38,-241.63768,1614.02307,2130.38037,-36.93425,1658.2052,2157.03296,NA,NA,NA,NA,NA,NA,-5.33989,1497.9375,2198.82495,NA,NA,NA,-128.22203,1372.60083,2073.77148,NA,NA,NA,NA,NA,NA,NA,NA,NA,-173.65509,952.65753,2238.07397,-287.75989,930.5686,1910.83972,NA,NA,NA,NA,NA,NA,109.39886,995.0517,2027.31677,-84.84755,530.1297,2351.36279,-54.28952,565.92462,1924.5741,-116.98241,181.22832,2398.51636,-2.70715,133.33084,1959.521
440,4.39,-248.16864,1614.85388,2132.30396,-44.14039,1657.16211,2162.2229,NA,NA,NA,NA,NA,NA,-16.55604,1497.23352,2204.92285,NA,NA,NA,-134.86655,1371.25867,2076.53149,NA,NA,NA,NA,NA,NA,NA,NA,NA,-184.84151,953.41089,2239.27246,-290.29608,930.00684,1912.92871,NA,NA,NA,NA,NA,NA,105.53195,994.88892,2037.40869,-91.71082,525.23663,2348.06934,-53.35795,565.93896,1929.62268,-142.75153,181.5876,2413.07935,-2.59313,133.13806,1954.50049
441,4.4,-255.57469,1616.13098,2135.56836,-50.66113,1656.37976,2167.28955,NA,NA,NA,NA,NA,NA,-27.85499,1496.68787,2211.45483,NA,NA,NA,-142.35411,1370.88171,2080.93359,NA,NA,NA,NA,NA,NA,NA,NA,NA,-195.99913,954.46332,2241.29297,-292.21667,929.54456,1914.27954,NA,NA,NA,NA,NA,NA,101.69025,994.57593,2047.84265,-98.1461,522.67633,2346.31714,-52.6807,564.76001,1933.89197,-168.53029,185.65503,2427.36865,-1.4451,132.93321,1952.80835
442,4.41,-262.23471,1617.04272,2137.63501,-57.87421,1655.15759,2173.16357,NA,NA,NA,NA,NA,NA,-38.69528,1496.60046,2218.06885,NA,NA,NA,-149.07671,1369.7616,2084.03296,NA,NA,NA,NA,NA,NA,NA,NA,NA,-206.88306,956.48767,2243.48682,-294.13184,928.40479,1916.05615,NA,NA,NA,NA,NA,NA,97.46523,994.36688,2058.8728,-105.59948,518.79572,2344.48486,-52.31316,564.84143,1937.5177,-194.42914,190.06415,2440.04907,0.38008,132.05406,1953.95569
443,4.42,-268.82361,1618.3905,2139.23413,-64.71889,1653.4342,2177.60156,NA,NA,NA,NA,NA,NA,-49.92411,1496.55872,2224.16431,NA,NA,NA,-155.52136,1368.66821,2087.90991,NA,NA,NA,NA,NA,NA,NA,NA,NA,-217.61179,956.10889,2244.55176,-294.46524,925.53998,1917.67285,NA,NA,NA,NA,NA,NA,92.7215,993.91223,2068.25146,-112.86713,516.40063,2343.84741,-51.26444,563.27435,1944.26978,-218.79175,197.95952,2448.97046,-1.2279,132.18211,1950.09412
444,4.43,-276.48392,1619.48596,2142.76172,-71.9604,1652.49609,2183.35889,NA,NA,NA,NA,NA,NA,-61.88353,1495.84998,2230.73877,-125.49701,1157.54614,2291.96704,-162.40599,1367.28357,2091.98413,NA,NA,NA,-165.43103,1077.38354,2178.36914,NA,NA,NA,-228.30704,956.97516,2248.50854,-295.30817,923.36273,1916.75525,NA,NA,NA,NA,NA,NA,87.92245,993.60144,2077.89185,-119.83674,515.1759,2345.73682,-50.50898,562.46729,1948.49951,-241.60275,207.35167,2458.26709,-0.24528,131.43547,1951.62939
445,4.44,-283.43582,1620.24548,2145.09277,-79.14247,1651.24951,2188.74634,NA,NA,NA,NA,NA,NA,-73.04255,1494.87695,2236.52539,-137.34172,1156.82214,2297.45435,-169.57611,1367.18005,2096.38208,NA,NA,NA,-166.41104,1075.40771,2177.37158,NA,NA,NA,-239.04939,957.25421,2252.19629,-297.07077,921.99854,1916.76025,NA,NA,NA,NA,NA,NA,83.34776,993.24969,2087.30005,-127.33566,514.75641,2349.98242,-50.21819,562.18732,1951.40125,-262.24844,216.98935,2466.6123,0.5085,130.89149,1951.59961
446,4.45,-290.78314,1621.9115,2147.94092,-86.60348,1649.82959,2193.99072,NA,NA,NA,NA,NA,NA,-84.92924,1494.22754,2242.63159,-149.53275,1155.89563,2303.26221,-177.67067,1367.07483,2101.38354,NA,NA,NA,-167.39589,1073.41687,2176.48804,NA,NA,NA,-249.23799,955.987,2254.37524,-297.90497,919.04047,1916.04163,NA,NA,NA,NA,NA,NA,78.50709,992.948,2096.12207,-137.95735,515.83557,2356.85327,-49.16848,560.9585,1957.23364,-281.94504,225.89223,2471.44092,0.44498,130.3261,1953.34766
447,4.46,NA,NA,NA,-93.80775,1648.49585,2198.97144,NA,NA,NA,NA,NA,NA,-96.33366,1493.82971,2248.47583,-161.19577,1155.14856,2308.2063,NA,NA,NA,NA,NA,NA,NA,NA,NA,NA,NA,NA,-259.06973,955.89661,2258.26099,-298.02338,916.67084,1918.82837,NA,NA,NA,NA,NA,NA,73.45368,992.55585,2105.7583,-149.45276,516.18774,2364.57349,-48.71852,558.65948,1966.77747,-299.80914,235.43248,2478.67456,0.48449,130.36182,1953.34448
448,4.47,NA,NA,NA,-101.74612,1647.50146,2205.0022,NA,NA,NA,NA,NA,NA,-107.78741,1492.89783,2254.15747,-173.27179,1154.30652,2313.38379,NA,NA,NA,NA,NA,NA,NA,NA,NA,NA,NA,NA,-268.99991,954.49451,2261.32935,-298.57465,915.04803,1914.27173,NA,NA,NA,NA,NA,NA,67.82583,992.00366,2114.5188,-161.54623,516.40137,2371.62231,-48.44748,558.93433,1968.88123,-316.36661,244.52684,2484.80713,0.47176,130.36206,1953.34448
449,4.48,NA,NA,NA,-109.08179,1646.09485,2210.30347,NA,NA,NA,NA,NA,NA,-119.25423,1492.05603,2259.92993,-185.33589,1153.59644,2318.80713,NA,NA,NA,NA,NA,NA,NA,NA,NA,NA,NA,NA,-278.83453,952.9491,2265.14966,-297.01102,911.43573,1917.41113,NA,NA,NA,NA,NA,NA,62.43774,991.53705,2122.99854,-173.26666,516.53644,2377.51318,-48.44919,558.58966,1974.26172,-331.97067,252.31654,2490.86011,0.50963,129.23779,1956.54175
450,4.49,NA,NA,NA,-116.90369,1645.21912,2215.83081,NA,NA,NA,NA,NA,NA,-130.0697,1490.95691,2264.67163,-196.74075,1152.62976,2323.68335,NA,NA,NA,NA,NA,NA,NA,NA,NA,NA,NA,NA,-288.25989,951.31647,2270.01416,-295.6011,907.65552,1915.24646,NA,NA,NA,NA,NA,NA,56.84186,990.95911,2132.16138,-184.45737,516.37646,2383.40723,-48.75351,558.62732,1977.92847,-347.33759,259.35001,2495.55518,1.23047,129.17952,1959.04175
451,4.5,NA,NA,NA,-124.86041,1643.44873,2221.62354,NA,NA,NA,NA,NA,NA,-141.12682,1489.88098,2270.99048,-208.87569,1151.97095,2328.64233,NA,NA,NA,NA,NA,NA,NA,NA,NA,NA,NA,NA,-298.12106,949.22455,2275.09814,-294.40665,905.67792,1915.18188,NA,NA,NA,NA,NA,NA,51.06315,990.53461,2140.2627,-195.66602,516.51501,2389.28882,-49.54008,558.58075,1978.99719,-362.50092,265.35349,2499.93726,1.54126,129.06602,1961.23096
452,4.51,NA,NA,NA,-132.7431,1642.63953,2227.24585,NA,NA,NA,NA,NA,NA,-151.74536,1489.03918,2276.51636,-220.29703,1150.93201,2333.43945,NA,NA,NA,NA,NA,NA,NA,NA,NA,NA,NA,NA,-307.32632,947.08899,2279.59106,-292.14453,901.80756,1916.85034,NA,NA,NA,NA,NA,NA,45.25851,989.69385,2148.69946,-206.57388,515.40546,2394.1792,-50.88397,558.06348,1984.1095,-377.63376,269.9364,2503.4563,0.36879,127.98583,1964.24255
453,4.52,NA,NA,NA,-140.32855,1641.53174,2232.51953,NA,NA,NA,NA,NA,NA,-162.26117,1488.01697,2282.21997,-231.92456,1150.45203,2337.96069,NA,NA,NA,NA,NA,NA,NA,NA,NA,NA,NA,NA,-316.28751,943.52277,2284.41406,-289.13303,898.5025,1913.11877,NA,NA,NA,NA,NA,NA,38.68538,989.36597,2156.87207,-216.65608,514.87,2399.06982,-52.6195,556.64764,1990.41272,-391.71646,273.35251,2506.48242,1.83116,127.07788,1967.79956
454,4.53,NA,NA,NA,-148.47398,1640.57605,2238.448,NA,NA,NA,NA,NA,NA,-172.18901,1487.2699,2287.69067,-243.55318,1149.01416,2341.99023,NA,NA,NA,NA,NA,NA,NA,NA,NA,NA,NA,NA,-325.61411,940.79071,2291.12354,-286.61118,895.98285,1912.69043,NA,NA,NA,NA,NA,NA,32.14964,988.81958,2165.25146,-226.71416,514.22778,2404.16235,-54.77757,556.5163,1996.01807,-405.48419,276.56995,2508.51074,0.68023,127.07165,1971.48254
455,4.54,NA,NA,NA,-156.29861,1639.71863,2243.91553,NA,NA,NA,NA,NA,NA,-181.57846,1485.98474,2293.35229,-255.33788,1148.38123,2346.53662,NA,NA,NA,NA,NA,NA,NA,NA,NA,NA,NA,NA,-334.78168,937.05933,2297.56104,-283.05844,891.87012,1912.63745,NA,NA,NA,NA,NA,NA,26.24179,988.14801,2173.54126,-236.47705,513.20062,2408.36816,-57.92121,555.51794,2000.34387,-419.60278,277.98941,2508.76367,0.57482,127.98692,1972.97009
456,4.55,NA,NA,NA,-164.53922,1639.56445,2249.88037,NA,NA,NA,NA,NA,NA,-191.01695,1485.27954,2299.18774,-266.84012,1147.77844,2351.37671,NA,NA,NA,NA,NA,NA,NA,NA,NA,NA,NA,NA,-343.13953,932.32635,2303.59473,-278.81595,888.75507,1912.4895,NA,NA,NA,NA,NA,NA,19.96928,987.96375,2181.9541,-245.67503,512.47571,2411.99316,-61.75432,555.20734,2004.92712,-433.12521,279.11185,2510.0127,-2.29103,127.05232,1977.25098
457,4.56,NA,NA,NA,-172.64423,1639.62585,2255.4231,NA,NA,NA,NA,NA,NA,-200.58322,1484.76807,2305.6438,-278.22342,1146.70642,2355.00806,NA,NA,NA,NA,NA,NA,NA,NA,NA,NA,NA,NA,-351.93591,928.82428,2310.6084,-273.79083,885.92407,1911.56616,NA,NA,NA,NA,NA,NA,13.36674,988.59351,2189.44238,-254.35774,511.85745,2416.17017,-66.09645,554.29803,2011.22021,-445.28735,274.68283,2508.19287,-3.41808,127.73772,1978.96594
458,4.57,NA,NA,NA,-180.76387,1640.11853,2260.97681,NA,NA,NA,NA,NA,NA,-209.6956,1483.91064,2311.58521,-289.76016,1146.14075,2359.38867,NA,NA,NA,NA,NA,NA,NA,NA,NA,NA,NA,NA,-360.73459,924.85303,2318.74634,-269.20825,883.0954,1911.69397,NA,NA,NA,NA,NA,NA,7.12123,989.04022,2198.04321,-262.63962,512.35242,2419.74902,-71.25085,554.52332,2016.65454,-453.16562,263.43015,2503.11084,-5.42944,128.9222,1982.73022
459,4.58,NA,NA,NA,-189.07133,1640.77197,2266.2832,NA,NA,NA,NA,NA,NA,-218.76164,1483.22546,2317.3208,-300.50568,1146.02209,2364.15649,NA,NA,NA,NA,NA,NA,NA,NA,NA,NA,NA,NA,-369.05618,921.57281,2327.60303,-262.75726,879.35779,1914.98157,NA,NA,NA,NA,NA,NA,0.87721,990.40637,2206.31128,-270.60098,512.50043,2423.03516,-77.15273,556.26691,2019.1405,-459.7562,253.20415,2499.89087,-8.14467,130.20699,1987.82788
460,4.59,NA,NA,NA,-197.53247,1641.96436,2271.82544,NA,NA,NA,NA,NA,NA,-227.92743,1482.73975,2323.38794,-311.5412,1145.56177,2368.52124,NA,NA,NA,NA,NA,NA,NA,NA,NA,NA,NA,NA,-377.38989,917.10199,2336.27979,-256.95944,878.26959,1914.59717,NA,NA,NA,NA,NA,NA,-5.56112,991.40778,2214.97925,-278.41351,513.40558,2425.7854,-82.88085,554.43536,2028.17224,-464.05563,242.55431,2496.87061,-10.17806,130.90004,1993.67908
461,4.6,NA,NA,NA,-205.81094,1643.1897,2277.09497,NA,NA,NA,NA,NA,NA,-236.45749,1482.08972,2328.81079,-320.89514,1145.23425,2373.43237,NA,NA,NA,NA,NA,NA,NA,NA,NA,NA,NA,NA,-385.01099,914.19232,2344.54224,-251.35489,878.96924,1906.62781,NA,NA,NA,NA,NA,NA,-12.2128,992.47418,2223.15747,-286.258,514.05524,2427.8772,-89.22565,554.19843,2036.49683,-466.81076,231.80479,2493.76782,-13.43327,133.2793,1998.92712
462,4.61,NA,NA,NA,-214.35056,1644.35059,2282.86768,NA,NA,NA,NA,NA,NA,-244.49605,1482.21497,2334.25806,-330.26926,1144.85388,2379.1875,NA,NA,NA,NA,NA,NA,NA,NA,NA,NA,NA,NA,-392.68933,911.69916,2354.53247,-242.2597,875.19574,1916.30774,NA,NA,NA,NA,NA,NA,-18.64545,994.34174,2232.01611,-294.31067,514.16321,2430.04272,-96.56767,557.25983,2038.11414,-467.74051,222.90546,2491.44507,-15.58754,134.98543,2006.81531
463,4.62,NA,NA,NA,-222.51215,1645.50684,2287.81274,NA,NA,NA,NA,NA,NA,-252.62024,1482.66211,2339.86255,-338.29904,1144.08069,2384.28857,NA,NA,NA,NA,NA,NA,NA,NA,NA,NA,NA,NA,-399.57239,909.96539,2364.4314,-235.726,875.66864,1916.45215,NA,NA,NA,NA,NA,NA,-24.76311,995.88702,2240.19653,-302.25906,515.612,2431.29639,-103.93404,556.90747,2047.81372,-467.0285,214.60008,2488.12109,-18.75289,138.6505,2009.47729
464,4.63,NA,NA,NA,-231.21164,1647.23083,2293.49707,NA,NA,NA,NA,NA,NA,-260.48193,1483.4447,2345.55371,NA,NA,NA,NA,NA,NA,NA,NA,NA,NA,NA,NA,NA,NA,NA,-406.68454,908.05157,2373.55518,-227.66269,875.6756,1918.88525,NA,NA,NA,NA,NA,NA,-31.25352,997.88635,2247.51099,-310.8544,517.14453,2433.20068,-111.19515,557.29181,2054.47754,-465.59741,206.82785,2485.49292,-20.59879,143.62245,2014.80725
465,4.64,NA,NA,NA,-239.26083,1649.16431,2298.17456,NA,NA,NA,NA,NA,NA,-268.15317,1484.31653,2350.55127,NA,NA,NA,NA,NA,NA,NA,NA,NA,NA,NA,NA,NA,NA,NA,NA,NA,NA,-220.59982,876.84943,1918.29626,NA,NA,NA,NA,NA,NA,-37.35794,1000.25751,2254.99902,-319.41541,517.95917,2433.67944,-119.05473,558.46698,2061.16602,-463.55353,200.7926,2483.75269,-23.84181,147.13402,2022.42041
466,4.65,NA,NA,NA,NA,NA,NA,NA,NA,NA,NA,NA,NA,NA,NA,NA,NA,NA,NA,NA,NA,NA,NA,NA,NA,NA,NA,NA,NA,NA,NA,NA,NA,NA,-212.67062,877.33789,1923.82336,NA,NA,NA,NA,NA,NA,-43.78329,1001.93817,2263.34644,-328.54071,520.64362,2435.51343,-126.93072,559.22418,2071.28711,-460.1694,195.02184,2480.72681,-26.77087,151.36147,2026.93774
467,4.66,NA,NA,NA,NA,NA,NA,NA,NA,NA,NA,NA,NA,NA,NA,NA,NA,NA,NA,NA,NA,NA,NA,NA,NA,NA,NA,NA,NA,NA,NA,NA,NA,NA,-205.42253,879.52368,1922.91235,NA,NA,NA,NA,NA,NA,-49.72673,1003.93854,2270.69165,-337.00052,524.94031,2437.78638,-135.16563,561.1626,2075.46655,-457.05905,190.77016,2478.39722,-29.70191,156.42966,2032.82324
468,4.67,NA,NA,NA,NA,NA,NA,NA,NA,NA,NA,NA,NA,NA,NA,NA,NA,NA,NA,NA,NA,NA,NA,NA,NA,NA,NA,NA,NA,NA,NA,NA,NA,NA,-199.23965,882.00232,1926.797,NA,NA,NA,NA,NA,NA,-55.29216,1006.08868,2278.89404,-345.09122,529.07263,2440.94629,-143.11223,561.08942,2087.0835,-453.50143,189.7617,2477.13892,-31.88348,161.03198,2039.61853
469,4.68,NA,NA,NA,NA,NA,NA,NA,NA,NA,NA,NA,NA,NA,NA,NA,NA,NA,NA,NA,NA,NA,NA,NA,NA,NA,NA,NA,NA,NA,NA,NA,NA,NA,-192.45172,883.55615,1932.45129,NA,NA,NA,NA,NA,NA,-61.15694,1008.36865,2287.22437,-351.59381,531.20618,2442.38745,-150.97551,560.54877,2097.43677,-449.85434,187.61317,2474.13843,-34.17466,164.04642,2050.08813
470,4.69,NA,NA,NA,NA,NA,NA,NA,NA,NA,NA,NA,NA,NA,NA,NA,NA,NA,NA,NA,NA,NA,NA,NA,NA,NA,NA,NA,NA,NA,NA,NA,NA,NA,-186.91365,887.06592,1935.84375,NA,NA,NA,NA,NA,NA,-66.95949,1009.81232,2294.46167,-357.85336,531.93604,2445.1626,-158.77197,561.21851,2101.63452,-444.70624,183.50787,2468.70215,-37.93076,169.9774,2051.0354
471,4.7,NA,NA,NA,NA,NA,NA,NA,NA,NA,NA,NA,NA,NA,NA,NA,NA,NA,NA,NA,NA,NA,NA,NA,NA,NA,NA,NA,NA,NA,NA,NA,NA,NA,-182.18958,888.57434,1938.16211,NA,NA,NA,NA,NA,NA,-72.50179,1011.66217,2302.54468,-363.70245,532.23889,2449.12402,-166.56958,561.15704,2111.36963,-440.1337,182.98976,2467.40479,-39.35455,176.02068,2056.27612
472,4.71,NA,NA,NA,NA,NA,NA,NA,NA,NA,NA,NA,NA,NA,NA,NA,NA,NA,NA,NA,NA,NA,NA,NA,NA,NA,NA,NA,NA,NA,NA,NA,NA,NA,-178.07631,892.4765,1942.10608,NA,NA,NA,NA,NA,NA,-79.16085,1011.77045,2308.34277,-367.89093,531.94403,2451.55908,-174.1987,561.2207,2122.54761,-436.34903,183.26535,2466.36206,-41.03257,180.25018,2064.61279
473,4.72,NA,NA,NA,NA,NA,NA,NA,NA,NA,NA,NA,NA,NA,NA,NA,NA,NA,NA,NA,NA,NA,NA,NA,NA,NA,NA,NA,NA,NA,NA,NA,NA,NA,-173.84834,894.33002,1946.18274,NA,NA,NA,NA,NA,NA,-83.79536,1014.28955,2316.37427,-371.58661,530.8468,2453.98608,-181.41656,562.15503,2130.28223,-431.69324,180.83087,2463.60571,-42.88451,185.86557,2070.60742
474,4.73,NA,NA,NA,NA,NA,NA,NA,NA,NA,NA,NA,NA,NA,NA,NA,NA,NA,NA,NA,NA,NA,NA,NA,NA,NA,NA,NA,NA,NA,NA,NA,NA,NA,-171.31099,895.27051,1954.7052,NA,NA,NA,NA,NA,NA,-88.35938,1015.45941,2322.84717,-375.10394,530.85309,2457.65161,-188.64091,563.20721,2138.88574,-427.12555,177.80725,2459.91626,-45.67081,191.99312,2077.1499
475,4.74,NA,NA,NA,NA,NA,NA,NA,NA,NA,NA,NA,NA,NA,NA,NA,NA,NA,NA,NA,NA,NA,NA,NA,NA,NA,NA,NA,NA,NA,NA,NA,NA,NA,-169.61989,897.37512,1962.72131,NA,NA,NA,NA,NA,NA,-95.32699,1015.05176,2327.04492,-377.47528,529.815,2460.58081,-195.49199,566.0249,2141.73315,-422.62247,176.77751,2458.4834,-47.28763,198.28925,2079.21851
476,4.75,NA,NA,NA,NA,NA,NA,NA,NA,NA,NA,NA,NA,NA,NA,NA,NA,NA,NA,NA,NA,NA,NA,NA,NA,NA,NA,NA,NA,NA,NA,NA,NA,NA,NA,NA,NA,NA,NA,NA,NA,NA,NA,-100.11664,1015.88947,2332.28589,-379.88394,528.38641,2464.25513,-201.93105,567.51465,2151.22217,-419.09894,175.61511,2457.19897,-50.87771,203.87271,2088.80933
477,4.76,NA,NA,NA,NA,NA,NA,NA,NA,NA,NA,NA,NA,NA,NA,NA,NA,NA,NA,NA,NA,NA,NA,NA,NA,NA,NA,NA,NA,NA,NA,NA,NA,NA,NA,NA,NA,NA,NA,NA,NA,NA,NA,-105.10934,1017.26361,2338.20996,-381.91107,527.62183,2467.46191,-208.12776,569.40686,2161.93652,-414.14908,173.46738,2454.21411,-54.36525,208.89297,2097.34888
478,4.77,NA,NA,NA,NA,NA,NA,NA,NA,NA,NA,NA,NA,NA,NA,NA,NA,NA,NA,NA,NA,NA,NA,NA,NA,NA,NA,NA,NA,NA,NA,NA,NA,NA,NA,NA,NA,NA,NA,NA,NA,NA,NA,-109.59711,1018.53851,2342.79175,-383.07767,526.97186,2470.66309,-214.47379,571.33032,2169.71289,-410.19461,172.35327,2453.58765,-56.63493,214.76959,2104.62695
479,4.78,NA,NA,NA,NA,NA,NA,NA,NA,NA,NA,NA,NA,NA,NA,NA,NA,NA,NA,NA,NA,NA,NA,NA,NA,NA,NA,NA,NA,NA,NA,NA,NA,NA,NA,NA,NA,NA,NA,NA,NA,NA,NA,-113.89343,1020.15967,2347.52441,-383.92279,525.40631,2474.20483,-220.47862,573.77954,2178.57349,-406.45328,170.7184,2452.26245,-61.4625,222.24564,2111.11646
480,4.79,NA,NA,NA,NA,NA,NA,NA,NA,NA,NA,NA,NA,NA,NA,NA,NA,NA,NA,NA,NA,NA,NA,NA,NA,NA,NA,NA,NA,NA,NA,NA,NA,NA,NA,NA,NA,NA,NA,NA,NA,NA,NA,-118.35334,1021.7066,2352.29321,-384.18506,524.96442,2477.85815,-226.28975,577.57971,2182.47046,-401.71729,170.22047,2451.23291,-66.2339,225.39824,2119.74487
481,4.8,NA,NA,NA,NA,NA,NA,NA,NA,NA,NA,NA,NA,NA,NA,NA,NA,NA,NA,NA,NA,NA,NA,NA,NA,NA,NA,NA,NA,NA,NA,NA,NA,NA,NA,NA,NA,NA,NA,NA,NA,NA,NA,-122.77808,1022.59717,2356.55127,-383.73819,524.22717,2481.05615,-231.75909,580.97418,2189.35913,-397.89142,168.88654,2449.69556,-71.51828,231.55203,2128.32422
482,4.81,NA,NA,NA,NA,NA,NA,NA,NA,NA,NA,NA,NA,NA,NA,NA,NA,NA,NA,NA,NA,NA,NA,NA,NA,NA,NA,NA,NA,NA,NA,NA,NA,NA,NA,NA,NA,NA,NA,NA,NA,NA,NA,-126.79902,1023.50427,2359.97339,-382.65796,523.22687,2484.00195,-236.67685,583.58856,2196.75391,-393.39841,168.08002,2448.92773,-76.33054,235.3801,2135.6084
483,4.82,NA,NA,NA,NA,NA,NA,NA,NA,NA,NA,NA,NA,NA,NA,NA,NA,NA,NA,NA,NA,NA,NA,NA,NA,NA,NA,NA,NA,NA,NA,NA,NA,NA,NA,NA,NA,NA,NA,NA,NA,NA,NA,-130.98944,1024.77112,2364.23438,-380.65051,522.37115,2485.84375,-241.17982,586.48138,2203.5791,-389.11743,169.5757,2449.13647,-81.30956,238.79645,2145.91919
484,4.83,NA,NA,NA,NA,NA,NA,NA,NA,NA,NA,NA,NA,NA,NA,NA,NA,NA,NA,NA,NA,NA,NA,NA,NA,NA,NA,NA,NA,NA,NA,NA,NA,NA,NA,NA,NA,NA,NA,NA,NA,NA,NA,-134.94931,1025.53918,2367.78027,-379.28604,522.32129,2488.71875,-245.1487,590.3515,2205.57739,-386.0632,169.74068,2448.85669,-85.79363,242.88179,2152.2002
485,4.84,NA,NA,NA,NA,NA,NA,NA,NA,NA,NA,NA,NA,NA,NA,NA,NA,NA,NA,NA,NA,NA,NA,NA,NA,NA,NA,NA,NA,NA,NA,NA,NA,NA,NA,NA,NA,NA,NA,NA,NA,NA,NA,-139.21486,1026.49658,2371.14746,-377.49365,522.41888,2490.68311,-248.94496,593.4389,2209.73584,-383.00705,169.95158,2450.46851,-90.10976,245.43123,2158.86719
486,4.85,NA,NA,NA,NA,NA,NA,NA,NA,NA,NA,NA,NA,NA,NA,NA,NA,NA,NA,NA,NA,NA,NA,NA,NA,NA,NA,NA,NA,NA,NA,NA,NA,NA,NA,NA,NA,NA,NA,NA,NA,NA,NA,-143.0764,1027.17615,2374.72046,-375.51532,522.5932,2491.99341,-252.12666,596.729,2213.05835,-379.99658,169.8372,2450.81421,NA,NA,NA
487,4.86,NA,NA,NA,NA,NA,NA,NA,NA,NA,NA,NA,NA,NA,NA,NA,NA,NA,NA,NA,NA,NA,NA,NA,NA,NA,NA,NA,NA,NA,NA,NA,NA,NA,NA,NA,NA,NA,NA,NA,NA,NA,NA,-147.14693,1027.90173,2378.45972,-373.83856,522.85266,2493.76929,-255.4882,598.07513,2219.67676,-378.09641,169.4281,2451.58203,NA,NA,NA
488,4.87,NA,NA,NA,NA,NA,NA,NA,NA,NA,NA,NA,NA,NA,NA,NA,NA,NA,NA,NA,NA,NA,NA,NA,NA,NA,NA,NA,NA,NA,NA,NA,NA,NA,NA,NA,NA,NA,NA,NA,NA,NA,NA,-151.06633,1027.90955,2381.32471,-371.61588,522.46613,2493.90332,-258.73407,600.66278,2222.96655,-376.81091,169.21132,2451.98291,NA,NA,NA
489,4.88,NA,NA,NA,NA,NA,NA,NA,NA,NA,NA,NA,NA,NA,NA,NA,NA,NA,NA,NA,NA,NA,NA,NA,NA,NA,NA,NA,NA,NA,NA,NA,NA,NA,NA,NA,NA,NA,NA,NA,NA,NA,NA,-155.1118,1028.45862,2384.68652,-369.99597,522.64587,2494.3186,-262.24173,602.23315,2224.79199,-375.69495,169.02177,2453.22534,NA,NA,NA
490,4.89,NA,NA,NA,NA,NA,NA,NA,NA,NA,NA,NA,NA,NA,NA,NA,NA,NA,NA,NA,NA,NA,NA,NA,NA,NA,NA,NA,NA,NA,NA,NA,NA,NA,NA,NA,NA,NA,NA,NA,NA,NA,NA,-158.97128,1028.24365,2388.17944,-368.14545,522.2995,2493.82129,-264.41696,603.45685,2228.11914,-374.99191,169.14342,2453.88379,NA,NA,NA
491,4.9,NA,NA,NA,NA,NA,NA,NA,NA,NA,NA,NA,NA,NA,NA,NA,NA,NA,NA,NA,NA,NA,NA,NA,NA,NA,NA,NA,NA,NA,NA,NA,NA,NA,NA,NA,NA,NA,NA,NA,NA,NA,NA,-163.76738,1028.9613,2392.18311,-366.66983,522.20892,2493.52856,-265.99924,604.44733,2230.6687,-374.83307,169.14755,2454.81128,NA,NA,NA
492,4.91,NA,NA,NA,NA,NA,NA,NA,NA,NA,NA,NA,NA,NA,NA,NA,NA,NA,NA,NA,NA,NA,NA,NA,NA,NA,NA,NA,NA,NA,NA,NA,NA,NA,NA,NA,NA,NA,NA,NA,NA,NA,NA,-168.10104,1028.87073,2395.74585,-365.60144,522.16669,2493.1333,-266.73135,604.4079,2231.65112,-375.1647,169.98438,2455.91528,NA,NA,NA
493,4.92,NA,NA,NA,NA,NA,NA,NA,NA,NA,NA,NA,NA,NA,NA,NA,NA,NA,NA,NA,NA,NA,NA,NA,NA,NA,NA,NA,NA,NA,NA,NA,NA,NA,NA,NA,NA,NA,NA,NA,NA,NA,NA,-172.34381,1029.1698,2399.42896,-364.73035,522.01068,2492.23438,-267.00165,604.30164,2232.01953,-375.14148,169.91107,2456.03564,NA,NA,NA
494,4.93,NA,NA,NA,NA,NA,NA,NA,NA,NA,NA,NA,NA,NA,NA,NA,NA,NA,NA,NA,NA,NA,NA,NA,NA,NA,NA,NA,NA,NA,NA,NA,NA,NA,NA,NA,NA,NA,NA,NA,NA,NA,NA,-177.16788,1028.47437,2402.50586,-364.89557,522.65485,2492.12329,-266.70175,604.4837,2231.60645,-375.55264,169.97662,2456.70825,NA,NA,NA
495,4.94,NA,NA,NA,NA,NA,NA,NA,NA,NA,NA,NA,NA,NA,NA,NA,NA,NA,NA,NA,NA,NA,NA,NA,NA,NA,NA,NA,NA,NA,NA,NA,NA,NA,NA,NA,NA,NA,NA,NA,NA,NA,NA,-181.60425,1029.255,2406.62866,-364.93442,522.59058,2490.19775,-265.76343,604.88794,2230.32495,-376.22559,169.81284,2458.11255,NA,NA,NA
496,4.95,NA,NA,NA,NA,NA,NA,NA,NA,NA,NA,NA,NA,NA,NA,NA,NA,NA,NA,NA,NA,NA,NA,NA,NA,NA,NA,NA,NA,NA,NA,NA,NA,NA,NA,NA,NA,NA,NA,NA,NA,NA,NA,-186.25566,1028.22693,2408.88843,-365.81677,523.25043,2487.60083,-263.73984,605.49902,2227.57764,-376.80411,169.46899,2459.19849,NA,NA,NA
497,4.96,NA,NA,NA,NA,NA,NA,NA,NA,NA,NA,NA,NA,NA,NA,NA,NA,NA,NA,NA,NA,NA,NA,NA,NA,NA,NA,NA,NA,NA,NA,NA,NA,NA,NA,NA,NA,NA,NA,NA,NA,NA,NA,-190.30646,1028.599,2412.35303,-368.04901,524.24109,2485.51025,-260.27548,603.89838,2228.91211,-377.79709,169.91197,2460.40845,NA,NA,NA
498,4.97,NA,NA,NA,NA,NA,NA,NA,NA,NA,NA,NA,NA,NA,NA,NA,NA,NA,NA,NA,NA,NA,NA,NA,NA,NA,NA,NA,NA,NA,NA,NA,NA,NA,NA,NA,NA,NA,NA,NA,NA,NA,NA,-194.92833,1027.68201,2414.74292,-370.82578,525.15082,2482.02124,-255.78488,602.07214,2225.45288,-378.56339,170.04076,2461.08203,NA,NA,NA
499,4.98,NA,NA,NA,NA,NA,NA,NA,NA,NA,NA,NA,NA,NA,NA,NA,NA,NA,NA,NA,NA,NA,NA,NA,NA,NA,NA,NA,NA,NA,NA,NA,NA,NA,NA,NA,NA,NA,NA,NA,NA,NA,NA,-198.92946,1027.68115,2417.79004,-374.55234,525.55615,2478.54858,-249.97025,601.00415,2221.87939,-379.8989,171.04536,2462.52295,NA,NA,NA
500,4.99,NA,NA,NA,NA,NA,NA,NA,NA,NA,NA,NA,NA,NA,NA,NA,NA,NA,NA,NA,NA,NA,NA,NA,NA,NA,NA,NA,NA,NA,NA,NA,NA,NA,NA,NA,NA,NA,NA,NA,NA,NA,NA,-202.93108,1027.06812,2419.33301,-378.96637,526.02502,2474.23169,-242.9328,598.97485,2219.4082,-380.6626,171.66737,2462.92944,NA,NA,NA
501,5,NA,NA,NA,NA,NA,NA,NA,NA,NA,NA,NA,NA,NA,NA,NA,NA,NA,NA,NA,NA,NA,NA,NA,NA,NA,NA,NA,NA,NA,NA,NA,NA,NA,NA,NA,NA,NA,NA,NA,NA,NA,NA,-206.58354,1026.74451,2421.7439,-383.89313,525.96588,2468.6499,-235.08807,594.66193,2224.07251,-381.86792,171.908,2464.17334,NA,NA,NA
502,5.01,NA,NA,NA,NA,NA,NA,NA,NA,NA,NA,NA,NA,NA,NA,NA,NA,NA,NA,NA,NA,NA,NA,NA,NA,NA,NA,NA,NA,NA,NA,NA,NA,NA,NA,NA,NA,NA,NA,NA,NA,NA,NA,-209.98917,1025.92615,2423.26147,-389.88129,526.58215,2462.55151,-226.52991,594.93488,2220.60132,-383.05841,171.26436,2464.6626,NA,NA,NA
503,5.02,NA,NA,NA,NA,NA,NA,NA,NA,NA,NA,NA,NA,NA,NA,NA,NA,NA,NA,NA,NA,NA,NA,NA,NA,NA,NA,NA,NA,NA,NA,NA,NA,NA,NA,NA,NA,NA,NA,NA,NA,NA,NA,-213.15427,1025.05701,2424.88818,-396.65768,527.04315,2455.67627,-215.3414,593.01624,2223.97363,-384.44785,170.73436,2465.21924,NA,NA,NA
504,5.03,NA,NA,NA,NA,NA,NA,NA,NA,NA,NA,NA,NA,NA,NA,NA,NA,NA,NA,NA,NA,NA,NA,NA,NA,NA,NA,NA,NA,NA,NA,NA,NA,NA,NA,NA,NA,NA,NA,NA,NA,NA,NA,-216.11594,1025.10181,2427.50977,-403.79102,526.13104,2447.01318,-205.43236,592.01746,2228.59717,-386.03354,171.12801,2466.15308,NA,NA,NA
505,5.04,NA,NA,NA,NA,NA,NA,NA,NA,NA,NA,NA,NA,NA,NA,NA,NA,NA,NA,NA,NA,NA,NA,NA,NA,NA,NA,NA,NA,NA,NA,NA,NA,NA,NA,NA,NA,NA,NA,NA,NA,NA,NA,-219.46617,1024.23462,2429.09155,-412.10495,525.57684,2438.62231,-197.11034,591.82745,2232.19873,-387.33997,171.12292,2467.19312,NA,NA,NA
506,5.05,NA,NA,NA,NA,NA,NA,NA,NA,NA,NA,NA,NA,NA,NA,NA,NA,NA,NA,NA,NA,NA,NA,NA,NA,NA,NA,NA,NA,NA,NA,NA,NA,NA,NA,NA,NA,NA,NA,NA,NA,NA,NA,-222.34467,1023.55243,2431.33032,-420.69333,524.24713,2429.03149,-189.87692,591.69385,2236.7749,-389.18787,171.53781,2468.4856,NA,NA,NA
507,5.06,NA,NA,NA,NA,NA,NA,NA,NA,NA,NA,NA,NA,NA,NA,NA,NA,NA,NA,NA,NA,NA,NA,NA,NA,NA,NA,NA,NA,NA,NA,NA,NA,NA,NA,NA,NA,NA,NA,NA,NA,NA,NA,-225.13571,1022.49176,2433.87891,-430.61472,522.31616,2420.50146,-183.84099,591.97626,2239.01416,-391.5694,171.77924,2467.77588,NA,NA,NA
508,5.07,NA,NA,NA,NA,NA,NA,NA,NA,NA,NA,NA,NA,NA,NA,NA,NA,NA,NA,NA,NA,NA,NA,NA,NA,NA,NA,NA,NA,NA,NA,NA,NA,NA,NA,NA,NA,NA,NA,NA,NA,NA,NA,-227.70372,1021.3667,2435.59155,-441.93567,521.11615,2411.9353,-176.912,591.6358,2245.51611,-394.12415,172.53387,2468.57324,NA,NA,NA
509,5.08,NA,NA,NA,NA,NA,NA,NA,NA,NA,NA,NA,NA,NA,NA,NA,NA,NA,NA,NA,NA,NA,NA,NA,NA,NA,NA,NA,NA,NA,NA,NA,NA,NA,NA,NA,NA,NA,NA,NA,NA,NA,NA,-230.56177,1019.57373,2437.18774,-454.26343,521.55475,2405.08032,-172.21175,592.13879,2249.50293,-398.78497,173.66336,2468.53296,NA,NA,NA
510,5.09,NA,NA,NA,NA,NA,NA,NA,NA,NA,NA,NA,NA,NA,NA,NA,NA,NA,NA,NA,NA,NA,NA,NA,NA,NA,NA,NA,NA,NA,NA,NA,NA,NA,NA,NA,NA,NA,NA,NA,NA,NA,NA,-232.85796,1017.92395,2439.64038,-466.94489,521.25739,2398.75977,-167.11018,592.07843,2253.62354,-403.88974,175.34785,2469.03638,NA,NA,NA
511,5.1,NA,NA,NA,NA,NA,NA,NA,NA,NA,NA,NA,NA,NA,NA,NA,NA,NA,NA,NA,NA,NA,NA,NA,NA,NA,NA,NA,NA,NA,NA,NA,NA,NA,NA,NA,NA,NA,NA,NA,NA,NA,NA,-235.43918,1016.41638,2442.48511,-479.65347,519.75415,2392.34717,-162.77092,592.67389,2256.38623,-409.7124,176.88403,2468.96338,NA,NA,NA
512,5.11,NA,NA,NA,NA,NA,NA,NA,NA,NA,NA,NA,NA,NA,NA,NA,NA,NA,NA,NA,NA,NA,NA,NA,NA,NA,NA,NA,NA,NA,NA,NA,NA,NA,NA,NA,NA,NA,NA,NA,NA,NA,NA,-237.58371,1013.83398,2444.05469,-492.35843,517.88885,2385.64722,-158.88362,593.82935,2260.82422,-415.73709,177.64369,2468.05273,NA,NA,NA
513,5.12,NA,NA,NA,NA,NA,NA,NA,NA,NA,NA,NA,NA,NA,NA,NA,NA,NA,NA,NA,NA,NA,NA,NA,NA,NA,NA,NA,NA,NA,NA,NA,NA,NA,NA,NA,NA,NA,NA,NA,NA,NA,NA,-239.467,1011.80127,2445.64136,-505.38257,516.89014,2379.83081,-155.87465,594.28467,2265.32617,-422.19672,179.89037,2468.03345,NA,NA,NA
514,5.13,NA,NA,NA,NA,NA,NA,NA,NA,NA,NA,NA,NA,NA,NA,NA,NA,NA,NA,NA,NA,NA,NA,NA,NA,NA,NA,NA,NA,NA,NA,NA,NA,NA,NA,NA,NA,NA,NA,NA,NA,NA,NA,-241.89925,1010.42682,2448.09106,NA,NA,NA,-154.6053,595.62189,2266.14844,-429.77713,181.82115,2467.21338,NA,NA,NA
515,5.14,NA,NA,NA,NA,NA,NA,NA,NA,NA,NA,NA,NA,NA,NA,NA,NA,NA,NA,NA,NA,NA,NA,NA,NA,NA,NA,NA,NA,NA,NA,NA,NA,NA,NA,NA,NA,NA,NA,NA,NA,NA,NA,-243.93042,1009.48755,2450.13965,NA,NA,NA,-153.71655,595.3974,2268.60498,-438.32397,184.25655,2466.12378,NA,NA,NA
516,5.15,NA,NA,NA,NA,NA,NA,NA,NA,NA,NA,NA,NA,NA,NA,NA,NA,NA,NA,NA,NA,NA,NA,NA,NA,NA,NA,NA,NA,NA,NA,NA,NA,NA,NA,NA,NA,NA,NA,NA,NA,NA,NA,-246.94371,1009.47406,2453.33838,NA,NA,NA,-152.98701,593.64197,2269.89868,-447.52933,185.50984,2464.9126,NA,NA,NA
517,5.16,NA,NA,NA,NA,NA,NA,NA,NA,NA,NA,NA,NA,NA,NA,NA,NA,NA,NA,NA,NA,NA,NA,NA,NA,NA,NA,NA,NA,NA,NA,NA,NA,NA,NA,NA,NA,NA,NA,NA,NA,NA,NA,-250.64427,1008.65356,2455.91333,NA,NA,NA,-152.80087,591.24817,2269.78906,-456.18906,187.78685,2463.52612,NA,NA,NA
518,5.17,NA,NA,NA,NA,NA,NA,NA,NA,NA,NA,NA,NA,NA,NA,NA,NA,NA,NA,NA,NA,NA,NA,NA,NA,NA,NA,NA,NA,NA,NA,NA,NA,NA,NA,NA,NA,NA,NA,NA,NA,NA,NA,-254.72502,1008.5769,2458.75635,NA,NA,NA,-152.83527,590.71057,2269.83667,-465.22739,190.7773,2462.78491,NA,NA,NA
519,5.18,NA,NA,NA,NA,NA,NA,NA,NA,NA,NA,NA,NA,NA,NA,NA,NA,NA,NA,NA,NA,NA,NA,NA,NA,NA,NA,NA,NA,NA,NA,NA,NA,NA,NA,NA,NA,NA,NA,NA,NA,NA,NA,-258.79639,1008.77863,2461.93921,NA,NA,NA,-153.83588,590.16455,2268.70239,-474.77249,193.42012,2461.49927,NA,NA,NA
520,5.19,NA,NA,NA,NA,NA,NA,NA,NA,NA,NA,NA,NA,NA,NA,NA,NA,NA,NA,NA,NA,NA,NA,NA,NA,NA,NA,NA,NA,NA,NA,NA,NA,NA,NA,NA,NA,NA,NA,NA,NA,NA,NA,-264.20105,1008.474,2465.46802,NA,NA,NA,-155.86678,590.9527,2268.27515,-482.77972,195.94048,2460.71826,NA,NA,NA
521,5.2,NA,NA,NA,NA,NA,NA,NA,NA,NA,NA,NA,NA,NA,NA,NA,NA,NA,NA,NA,NA,NA,NA,NA,NA,NA,NA,NA,NA,NA,NA,NA,NA,NA,NA,NA,NA,NA,NA,NA,NA,NA,NA,-269.16833,1008.22113,2468.0415,NA,NA,NA,-156.70436,592.28381,2268.87866,-492.13971,198.8315,2461.65161,NA,NA,NA
522,5.21,NA,NA,NA,NA,NA,NA,NA,NA,NA,NA,NA,NA,NA,NA,NA,NA,NA,NA,NA,NA,NA,NA,NA,NA,NA,NA,NA,NA,NA,NA,NA,NA,NA,NA,NA,NA,NA,NA,NA,NA,NA,NA,-274.41214,1008.85168,2471.59814,NA,NA,NA,-156.98526,591.5177,2275.99927,-501.70685,201.34831,2462.76538,NA,NA,NA
523,5.22,NA,NA,NA,NA,NA,NA,NA,NA,NA,NA,NA,NA,NA,NA,NA,NA,NA,NA,NA,NA,NA,NA,NA,NA,NA,NA,NA,NA,NA,NA,NA,NA,NA,NA,NA,NA,NA,NA,NA,NA,NA,NA,-279.75839,1008.17798,2473.99805,NA,NA,NA,-156.86742,591.97485,2275.79834,-510.84335,202.20657,2464.39844,NA,NA,NA
524,5.23,NA,NA,NA,NA,NA,NA,NA,NA,NA,NA,NA,NA,NA,NA,NA,NA,NA,NA,NA,NA,NA,NA,NA,NA,NA,NA,NA,NA,NA,NA,NA,NA,NA,NA,NA,NA,NA,NA,NA,NA,NA,NA,-284.90588,1008.69562,2476.70776,NA,NA,NA,-154.8098,591.94049,2274.28223,NA,NA,NA,NA,NA,NA
525,5.24,NA,NA,NA,NA,NA,NA,NA,NA,NA,NA,NA,NA,NA,NA,NA,NA,NA,NA,NA,NA,NA,NA,NA,NA,NA,NA,NA,NA,NA,NA,NA,NA,NA,NA,NA,NA,NA,NA,NA,NA,NA,NA,-290.0737,1009.14813,2479.9939,NA,NA,NA,-155.0515,592.22327,2276.09253,NA,NA,NA,NA,NA,NA
526,5.25,NA,NA,NA,NA,NA,NA,NA,NA,NA,NA,NA,NA,NA,NA,NA,NA,NA,NA,NA,NA,NA,NA,NA,NA,NA,NA,NA,NA,NA,NA,NA,NA,NA,NA,NA,NA,NA,NA,NA,NA,NA,NA,-295.4256,1009.17242,2481.23218,NA,NA,NA,-154.48189,593.46875,2280.07837,NA,NA,NA,NA,NA,NA
527,5.26,NA,NA,NA,NA,NA,NA,NA,NA,NA,NA,NA,NA,NA,NA,NA,NA,NA,NA,NA,NA,NA,NA,NA,NA,NA,NA,NA,NA,NA,NA,NA,NA,NA,NA,NA,NA,NA,NA,NA,NA,NA,NA,-303.93781,1009.00378,2482.19165,NA,NA,NA,-153.97803,593.79382,2283.13916,NA,NA,NA,NA,NA,NA
528,5.27,NA,NA,NA,NA,NA,NA,NA,NA,NA,NA,NA,NA,NA,NA,NA,NA,NA,NA,NA,NA,NA,NA,NA,NA,NA,NA,NA,NA,NA,NA,NA,NA,NA,NA,NA,NA,NA,NA,NA,NA,NA,NA,-306.10889,1009.63647,2484.75806,NA,NA,NA,-153.99931,594.7514,2284.19482,NA,NA,NA,NA,NA,NA
529,5.28,NA,NA,NA,NA,NA,NA,NA,NA,NA,NA,NA,NA,NA,NA,NA,NA,NA,NA,NA,NA,NA,NA,NA,NA,NA,NA,NA,NA,NA,NA,NA,NA,NA,NA,NA,NA,NA,NA,NA,NA,NA,NA,-308.7984,1010.18488,2486.58862,NA,NA,NA,-153.11661,596.26337,2290.61011,NA,NA,NA,NA,NA,NA
530,5.29,NA,NA,NA,NA,NA,NA,NA,NA,NA,NA,NA,NA,NA,NA,NA,NA,NA,NA,NA,NA,NA,NA,NA,NA,NA,NA,NA,NA,NA,NA,NA,NA,NA,NA,NA,NA,NA,NA,NA,NA,NA,NA,-311.65433,1012.07251,2489.32031,NA,NA,NA,-153.50124,597.97675,2293.00806,NA,NA,NA,NA,NA,NA
531,5.3,NA,NA,NA,NA,NA,NA,NA,NA,NA,NA,NA,NA,NA,NA,NA,NA,NA,NA,NA,NA,NA,NA,NA,NA,NA,NA,NA,NA,NA,NA,NA,NA,NA,NA,NA,NA,NA,NA,NA,NA,NA,NA,-320.82758,1011.70245,2489.14502,NA,NA,NA,-153.66025,599.18823,2298.13086,NA,NA,NA,NA,NA,NA
532,5.31,NA,NA,NA,NA,NA,NA,NA,NA,NA,NA,NA,NA,NA,NA,NA,NA,NA,NA,NA,NA,NA,NA,NA,NA,NA,NA,NA,NA,NA,NA,NA,NA,NA,NA,NA,NA,NA,NA,NA,NA,NA,NA,-326.36191,1012.0481,2490.6814,NA,NA,NA,-153.70453,600.73541,2302.97437,NA,NA,NA,NA,NA,NA
533,5.32,NA,NA,NA,NA,NA,NA,NA,NA,NA,NA,NA,NA,NA,NA,NA,NA,NA,NA,NA,NA,NA,NA,NA,NA,NA,NA,NA,NA,NA,NA,NA,NA,NA,NA,NA,NA,NA,NA,NA,NA,NA,NA,-332.29483,1012.84766,2492.30933,NA,NA,NA,-154.85123,603.25372,2306.8999,NA,NA,NA,NA,NA,NA
534,5.33,NA,NA,NA,NA,NA,NA,NA,NA,NA,NA,NA,NA,NA,NA,NA,NA,NA,NA,NA,NA,NA,NA,NA,NA,NA,NA,NA,NA,NA,NA,NA,NA,NA,NA,NA,NA,NA,NA,NA,NA,NA,NA,-338.00546,1013.25598,2493.29053,NA,NA,NA,-155.29387,603.79523,2309.90112,NA,NA,NA,NA,NA,NA
535,5.34,NA,NA,NA,NA,NA,NA,NA,NA,NA,NA,NA,NA,NA,NA,NA,NA,NA,NA,NA,NA,NA,NA,NA,NA,NA,NA,NA,NA,NA,NA,NA,NA,NA,NA,NA,NA,NA,NA,NA,NA,NA,NA,-344.18292,1013.92725,2494.59106,NA,NA,NA,-155.58383,604.89465,2316.03345,NA,NA,NA,NA,NA,NA
536,5.35,NA,NA,NA,NA,NA,NA,NA,NA,NA,NA,NA,NA,NA,NA,NA,NA,NA,NA,NA,NA,NA,NA,NA,NA,NA,NA,NA,NA,NA,NA,NA,NA,NA,NA,NA,NA,NA,NA,NA,NA,NA,NA,NA,NA,NA,NA,NA,NA,-157.29221,605.17371,2320.40576,NA,NA,NA,NA,NA,NA
537,5.36,NA,NA,NA,NA,NA,NA,NA,NA,NA,NA,NA,NA,NA,NA,NA,NA,NA,NA,NA,NA,NA,NA,NA,NA,NA,NA,NA,NA,NA,NA,NA,NA,NA,NA,NA,NA,NA,NA,NA,NA,NA,NA,NA,NA,NA,NA,NA,NA,-158.23413,605.85919,2326.2312,NA,NA,NA,NA,NA,NA
538,5.37,NA,NA,NA,NA,NA,NA,NA,NA,NA,NA,NA,NA,NA,NA,NA,NA,NA,NA,NA,NA,NA,NA,NA,NA,NA,NA,NA,NA,NA,NA,NA,NA,NA,NA,NA,NA,NA,NA,NA,NA,NA,NA,NA,NA,NA,NA,NA,NA,-159.42006,605.914,2331.80103,NA,NA,NA,NA,NA,NA
539,5.38,NA,NA,NA,NA,NA,NA,NA,NA,NA,NA,NA,NA,NA,NA,NA,NA,NA,NA,NA,NA,NA,NA,NA,NA,NA,NA,NA,NA,NA,NA,NA,NA,NA,NA,NA,NA,NA,NA,NA,NA,NA,NA,NA,NA,NA,NA,NA,NA,-161.85516,604.96942,2335.77759,NA,NA,NA,NA,NA,NA
540,5.39,NA,NA,NA,NA,NA,NA,NA,NA,NA,NA,NA,NA,NA,NA,NA,NA,NA,NA,NA,NA,NA,NA,NA,NA,NA,NA,NA,NA,NA,NA,NA,NA,NA,NA,NA,NA,NA,NA,NA,NA,NA,NA,NA,NA,NA,NA,NA,NA,-165.17137,604.59204,2340.23145,NA,NA,NA,NA,NA,NA
