"Frame#","Time","Headset_Front_X","Headset_Front_Y","Headset_Front_Z","Headset_Back_X","Headset_Back_Y","Headset_Back_Z","Headset_Left_X","Headset_Left_Y","Headset_Left_Z","Headset_Right_X","Headset_Right_Y","Headset_Right_Z","Left_Shoulder_X","Left_Shoulder_Y","Left_Shoulder_Z","Right_Shoulder_X","Right_Shoulder_Y","Right_Shoulder_Z","Sternum_X","Sternum_Y","Sternum_Z","C7_X","C7_Y","C7_Z","Left Elbow_X","Left Elbow_Y","Left Elbow_Z","Right Elbow_X","Right Elbow_Y","Right Elbow_Z","Left Wrist_X","Left Wrist_Y","Left Wrist_Z","Right Wrist_X","Right Wrist_Y","Right Wrist_Z","Left ASIS_X","Left ASIS_Y","Left ASIS_Z","Right ASIS_X","Right ASIS_Y","Right ASIS_Z","S2_X","S2_Y","S2_Z","Left Knee_X","Left Knee_Y","Left Knee_Z","Right Knee_X","Right Knee_Y","Right Knee_Z","Left Ankle_X","Left Ankle_Y","Left Ankle_Z","Right Ankle_X","Right Ankle_Y","Right Ankle_Z","NA_C60","Participant","TrialNum","VisibleMarkers"
1,0,"","","","","","","","","","","","","","","","","","","","","","","","","-239.90598","951.81921","-1635.46582","","","","-280.25598","768.06049","-1549.59766","","","","-388.12463","810.92529","-1574.29114","","","","","","","","","","","","","","","","","","",NA,"P3",23,3
2,0.01,"","","","","","","","","","","","","","","","","","","","","","","","","-241.64952","951.98181","-1632.66455","","","","-281.21457","768.52460","-1547.68115","","","","-389.51212","810.92578","-1572.18250","","","","","","","","","","","","","","","","","","",NA,"P3",23,3
3,0.02,"","","","","","","","","","","","","","","","","","","","","","","","","-243.34714","952.13849","-1629.87817","","","","-283.61392","768.52930","-1540.30359","","","","-390.92468","810.94025","-1570.36279","","","","","","","","","","","","","","","","","","",NA,"P3",23,3
4,0.03,"","","","","","","","","","","","","","","","","","","","","","","","","-244.84686","952.85693","-1627.88733","","","","-283.90448","767.96655","-1541.87854","","","","-392.08826","810.95898","-1570.11938","","","","","","","","","","","","","","","","","","",NA,"P3",23,3
5,0.04,"","","","","","","","","","","","","","","","","","","","","","","","","-245.66460","953.44904","-1625.76440","","","","-285.81094","768.84497","-1537.00720","","","","-394.16986","812.10242","-1565.12708","","","","","","","","","","","","","","","","","","",NA,"P3",23,3
6,0.05,"","","","","","","","","","","","","","","","","","","","","","","","","-248.10214","951.82086","-1618.95715","","","","-287.27344","768.68195","-1534.30371","","","","-394.97147","812.12646","-1563.28174","","","","","","","","","","","","","","","","","","",NA,"P3",23,3
7,0.06,"","","","","","","","","","","","","","","","","","","","","","","","","-249.06938","951.78589","-1615.37537","","","","-289.62939","769.18268","-1530.49902","","","","-396.48151","813.70190","-1557.67310","","","","","","","","","","","","","","","","","","",NA,"P3",23,3
8,0.07,"","","","","","","","","","","","","","","","","","","","","","","","","-249.76445","952.46423","-1612.92712","","","","-290.88190","768.31494","-1530.98413","","","","-397.25668","813.79236","-1555.71045","","","","","","","","","","","","","","","","","","",NA,"P3",23,3
9,0.08,"","","","","","","","","","","","","","","","","","","","","","","","","-251.23515","952.76147","-1609.58557","","","","-292.10818","767.45624","-1529.44836","","","","-398.33548","814.82593","-1552.15515","","","","","","","","","","","","","","","","","","",NA,"P3",23,3
10,0.09,"","","","","","","","","","","","","","","","-672.18439","1288.90564","-1659.16736","","","","","","","-252.61572","953.07953","-1606.15149","","","","-293.99838","767.74622","-1525.12134","","","","-399.75293","815.91541","-1546.78394","","","","","","","","","","","","","","","","","","",NA,"P3",23,4
11,0.1,"","","","","","","","","","","","","","","","-673.60547","1289.61389","-1656.36731","","","","","","","-253.26860","953.77484","-1603.64661","","","","-294.64545","767.40143","-1523.92249","","","","-401.23294","816.87787","-1540.68323","","","","","","","","","","","","","","","","","","",NA,"P3",23,4
12,0.11,"","","","","","","","","","","","","","","","-674.78265","1289.06128","-1651.35571","","","","","","","-254.46631","954.58197","-1601.29053","","","","-295.74326","767.70660","-1520.17676","","","","-401.65521","816.99829","-1538.44812","","","","","","","","","","","","","","","","","","",NA,"P3",23,4
13,0.12,"","","","","","","","","","","","","","","","-675.62323","1290.22839","-1650.45435","","","","","","","-255.04251","952.70526","-1594.16394","","","","-296.80283","768.17523","-1516.41064","","","","-402.10654","817.07526","-1536.35974","","","","","","","","","","","","","","","","","","",NA,"P3",23,4
14,0.13,"","","","","","","","","","","","","","","","-677.05933","1288.08191","-1642.08057","","","","","","","-256.75958","952.88293","-1590.42249","","","","-297.61343","768.27637","-1512.70520","","","","-403.55975","818.06647","-1530.16064","","","","","","","","","","","","","","","","","","",NA,"P3",23,4
15,0.14,"","","","","","","","","","","","","","","","-678.10052","1288.53430","-1639.85547","","","","","","","-257.55063","953.02222","-1587.10645","","","","-298.58984","767.20569","-1509.43347","","","","-404.43335","817.98694","-1526.99658","","","","","","","","","","","","","-399.36206","128.55910","-1522.79419","","","",NA,"P3",23,5
16,0.15,"","","","","","","","","","","","","","","","-679.30267","1287.63574","-1634.70251","","","","","","","-258.12299","953.65375","-1584.85046","","","","-299.09790","766.34955","-1507.38550","","","","-405.09491","818.00745","-1524.47058","","","","","","","","","","","","","-402.95367","126.30400","-1501.14685","","","",NA,"P3",23,5
17,0.16,"","","","","","","","","","","","","","","","-679.88385","1288.20203","-1633.49707","","","","","","","-258.91241","953.76727","-1581.64136","","","","-299.70499","765.50580","-1503.37952","","","","-405.93710","816.08179","-1522.07092","","","","","","","","","","","","","-407.73376","123.46080","-1478.49255","","","",NA,"P3",23,5
18,0.17,"","","","","","","","","","","","","","","","-681.82758","1285.83215","-1624.60474","","","","","","","-259.70410","950.61810","-1572.16309","","","","-300.38156","764.30273","-1499.40515","","","","-407.47437","816.47479","-1515.62952","","","","","","","","","","","","","-412.21664","119.82631","-1461.47559","","","",NA,"P3",23,5
19,0.18,"","","","","","","","","","","","","","","","-682.72253","1285.65894","-1621.47400","","","","","","","-261.05759","950.83783","-1569.10803","","","","-300.81763","764.25018","-1493.70752","","","","-408.67850","816.00946","-1510.34338","","","","","","","","","","","","","-416.15955","114.56306","-1446.29150","","","",NA,"P3",23,5
20,0.19,"","","","","","","","","","","","","","","","-683.86493","1286.20007","-1619.62061","","","","","","","-261.62045","951.46716","-1566.87891","","","","-301.12439","764.29279","-1487.31226","","","","-409.35999","815.48199","-1505.85486","","","","","","","","","","","","","-420.41553","112.18184","-1423.22351","","","",NA,"P3",23,5
21,0.2,"","","","","","","","","","","","","","","","-684.92914","1283.28027","-1610.14929","","","","","","","-262.32675","948.83887","-1558.42688","","","","-301.08792","762.12750","-1485.03430","","","","-410.36270","815.37433","-1502.22473","","","","","","","","","","","","","-424.48904","108.75908","-1408.01001","","","",NA,"P3",23,5
22,0.21,"","","","","","","","","","","","","","","","-685.88184","1283.68982","-1607.98438","","","","","","","-263.71454","949.12079","-1555.15649","","","","-302.12552","761.80652","-1477.74243","","","","-412.04318","814.61566","-1496.13550","","","","","","","","","","","","","-428.48495","106.22552","-1388.44885","","","",NA,"P3",23,5
23,0.22,"","","","","","","","","","","","","","","","-687.03839","1282.82092","-1602.74939","","","","","","","-264.65106","949.36835","-1551.93298","","","","-302.53467","761.80823","-1472.81848","","","","-413.65054","813.47485","-1489.61670","","","","","","","","","","","","","-432.63135","104.34506","-1370.51025","","","",NA,"P3",23,5
24,0.23,"","","","","","","","","","","","","","","","-687.38165","1283.37402","-1601.32532","","","","","","","-265.74863","948.47003","-1546.33435","","","","-302.62436","759.87164","-1470.65027","","","","-414.54532","813.27863","-1485.44788","","","","","","","","","","","","","-436.31833","104.22163","-1351.84119","","","",NA,"P3",23,5
25,0.24,"","","","","","","","","","","","","","","","-688.86505","1280.37134","-1590.77539","","","","","","","-266.05917","946.89874","-1539.78784","","","","-303.65088","758.64624","-1465.60767","","","","-415.37891","812.47656","-1481.74719","","","","","","","","","","","","","-441.24194","100.57549","-1339.53882","","","",NA,"P3",23,5
26,0.25,"","","","","","","","","","","","","","","","-689.53479","1280.38562","-1587.80640","-527.21393","1149.42883","-1447.26501","","","","-266.87659","947.08789","-1536.36755","","","","-304.03131","756.77161","-1462.43335","","","","-417.81445","811.37476","-1472.86841","","","","","","","-444.25464","433.18243","-1351.42908","","","","-444.99207","102.30746","-1321.21619","","","",NA,"P3",23,7
27,0.26,"","","","","","","","","","","","","-332.26508","1279.60425","-1508.03992","-690.11761","1280.26782","-1584.51819","-528.43384","1149.39587","-1439.96240","","","","-268.80600","945.32996","-1530.14258","","","","-305.55881","756.82788","-1455.30420","","","","-418.53772","810.05811","-1462.08484","","","","","","","-444.02542","430.23343","-1351.91504","","","","-449.70859","101.03595","-1306.44141","","","",NA,"P3",23,8
28,0.27,"","","","","","","","","","","","","-333.30667","1279.13220","-1502.63354","-691.36493","1277.77625","-1575.08691","-530.02960","1149.18445","-1434.40930","","","","-269.76840","945.13959","-1525.29858","","","","-305.68588","755.62000","-1454.73364","","","","-420.53696","809.81091","-1456.45581","","","","","","","-444.99109","427.11032","-1349.70447","","","","-454.28207","101.79807","-1292.52698","","","",NA,"P3",23,8
29,0.28,"","","","","","","","","","","","","-333.51184","1277.92297","-1495.92603","-692.01526","1278.36621","-1572.85022","-530.42230","1146.63489","-1429.85327","","","","-269.81927","944.46094","-1519.35449","","","","-306.33969","752.11414","-1449.51208","","","","-422.49646","805.92651","-1450.31079","","","","","","","-444.48816","427.03177","-1343.25378","","","","-457.58572","102.42552","-1278.48193","","","",NA,"P3",23,8
30,0.29,"","","","","","","","","","","","","-335.43820","1277.61914","-1490.28455","-692.81689","1277.73853","-1567.81165","-531.41357","1146.45532","-1424.03320","","","","-270.85553","943.69440","-1514.35681","","","","-306.78043","751.14960","-1447.12341","","","","-423.49118","805.99634","-1442.19275","","","","","","","-446.65891","424.08279","-1341.81079","","","","-461.58508","103.72608","-1266.75366","","","",NA,"P3",23,8
31,0.3,"","","","","","","","","","","","","-336.33087","1277.19092","-1484.64929","-693.20465","1275.87817","-1560.11353","-533.03864","1146.20569","-1416.11902","","","","-271.78589","943.23212","-1508.82361","","","","-308.07504","751.62158","-1438.82617","","","","-425.85623","805.57874","-1435.61438","","","","","","","-447.38281","427.02072","-1328.02661","","","","-464.68573","104.17339","-1255.62476","","","",NA,"P3",23,8
32,0.31,"","","","","","","","","","","","","-336.60028","1276.06677","-1477.69055","-693.74097","1276.02075","-1556.59888","-533.74536","1145.02283","-1411.30371","","","","-272.79474","941.75488","-1501.10706","","","","-308.80359","752.80060","-1427.54785","","","","-427.38138","804.32928","-1428.73242","","","","","","","-448.06631","423.85663","-1324.04016","","","","-468.66510","103.31667","-1247.23926","","","",NA,"P3",23,8
33,0.32,"","","","","","","","","","","","","-337.57932","1275.66479","-1472.02942","-695.39331","1275.51550","-1550.05640","-535.16968","1145.80029","-1402.43188","","","","-273.25174","940.42383","-1494.38354","","","","-307.81882","749.61993","-1426.78333","","","","-428.90363","801.06396","-1430.81750","","","","","","","-447.79092","422.53564","-1322.66504","","","","-471.14087","103.89227","-1238.25122","","","",NA,"P3",23,8
34,0.33,"","","","","","","","","","","","","-339.34918","1274.55115","-1463.80566","-695.53046","1274.43103","-1543.91040","-536.48273","1144.55969","-1394.97107","","","","-274.01254","940.78772","-1490.38049","","","","-308.63074","748.50665","-1416.61011","","","","-431.51328","801.54242","-1417.25452","","","","","","","-450.30527","420.92368","-1315.88391","","","","-473.34503","103.10862","-1232.77563","","","",NA,"P3",23,8
35,0.34,"","","","","","","","","","","","","-339.33667","1273.69336","-1457.16492","-696.27905","1274.03137","-1538.12122","-537.10974","1142.86011","-1392.99316","","","","-274.59995","938.38757","-1480.98730","","","","-309.28418","749.23492","-1410.69629","","","","-433.10464","800.13519","-1409.34241","","","","","","","-453.77258","419.96756","-1307.40869","","","","-476.02209","99.99716","-1231.04663","","","",NA,"P3",23,8
36,0.35,"","","","","","","","","","","","","-339.92389","1272.84656","-1449.81128","-696.86853","1274.86816","-1535.02441","-538.81183","1142.73267","-1384.17151","","","","-276.24716","938.55951","-1475.77148","","","","-310.29239","749.78442","-1396.37891","","","","-435.15314","800.50745","-1401.74365","","","","","","","-454.33395","417.32889","-1301.82861","","","","-477.10489","99.33990","-1220.92188","","","",NA,"P3",23,8
37,0.36,"","","","","","","","","","","","","-341.50180","1270.92505","-1439.05994","-698.11511","1272.71814","-1524.67737","-540.39142","1142.42627","-1374.78723","","","","-277.01505","937.29669","-1467.77063","","","","-312.24606","747.75220","-1396.40186","","","","-436.40222","799.36621","-1393.58105","","","","","","","-458.17184","414.73260","-1305.33228","","","","-477.97702","97.46361","-1220.81873","","","",NA,"P3",23,8
38,0.37,"","","","","","","","","","","","","-342.33426","1271.37659","-1434.29150","-698.88928","1272.46667","-1518.48096","-540.86041","1141.28540","-1372.58154","","","","-277.17532","936.82147","-1461.38623","","","","-312.90524","746.86151","-1382.51343","","","","-438.94617","798.75745","-1388.35254","","","","","","","-459.56180","412.11539","-1301.09998","","","","-479.25412","94.60893","-1217.11572","","","",NA,"P3",23,8
39,0.38,"","","","","","","","","","","","","-342.98853","1270.78394","-1426.98511","-699.49432","1273.46143","-1514.90637","-543.50458","1141.55115","-1360.37024","","","","-280.15811","937.45093","-1456.48486","","","","-314.30316","746.77191","-1376.86853","-757.01050","728.60754","-1444.93591","-439.89145","796.38171","-1379.79358","","","","","","","-462.44403","411.78632","-1292.97144","","","","-480.22134","92.25623","-1217.45984","","","",NA,"P3",23,9
40,0.39,"","","","","","","","","","","","","-344.78513","1269.94653","-1417.77466","-700.70270","1271.49194","-1504.01404","-543.94922","1140.37256","-1357.68835","","","","-280.57523","935.97290","-1447.32715","","","","-314.74460","747.34412","-1368.76563","-757.28571","728.57349","-1438.70764","-442.28537","796.84753","-1372.39038","","","","","","","-464.03214","411.13684","-1286.81921","","","","-480.76865","88.28352","-1216.66675","","","",NA,"P3",23,9
41,0.4,"","","","","","","","","","","","","-345.83997","1269.91589","-1410.79175","-701.55328","1271.39734","-1497.45508","-545.64258","1140.17200","-1348.96082","","","","-280.66571","935.97540","-1439.81140","","","","-315.53406","746.19189","-1361.56531","-759.04193","728.20361","-1429.02954","-443.76736","796.83154","-1364.63110","","","","","","","-466.58609","411.25330","-1277.29810","","","","-483.63870","89.23085","-1212.41833","","","",NA,"P3",23,9
42,0.41,"","","","","","","","","","","","","-346.34457","1268.61572","-1400.64746","-703.34076","1271.42432","-1489.46448","-547.30817","1139.57605","-1340.06580","","","","-281.97833","935.88531","-1432.32678","","","","-314.72461","746.66211","-1353.55969","-760.35785","727.98865","-1423.36914","-444.60092","796.63080","-1354.49634","","","","","","","-468.04617","411.84946","-1263.94019","","","","-486.33347","87.60486","-1207.23120","","","",NA,"P3",23,9
43,0.42,"","","","","","","","","","","","","-348.12943","1269.51025","-1394.51978","-703.87158","1270.27185","-1479.96509","-549.07117","1139.72485","-1332.90637","","","","-283.03708","935.58929","-1423.87048","","","","-315.84900","746.33783","-1347.70117","-762.24884","727.88568","-1416.24475","-447.34781","796.21899","-1348.15796","","","","","","","-469.44153","409.83371","-1263.02747","","","","-489.02118","86.31815","-1206.35400","","","",NA,"P3",23,9
44,0.43,"","","","","","","","","","","","","-349.25244","1269.69568","-1386.77625","-705.41736","1271.16992","-1473.16748","-550.06360","1140.48169","-1325.83923","","","","-283.81934","936.17090","-1417.40710","","","","-316.19965","747.52600","-1336.63062","-763.95673","727.36383","-1407.79529","-447.89883","796.72662","-1341.14575","","","","","","","-471.81464","410.56390","-1253.24121","","","","-489.44623","86.22764","-1201.89746","","","",NA,"P3",23,9
45,0.44,"","","","","","","","","","","","","-351.29877","1268.93347","-1375.07178","-706.27155","1271.47253","-1465.42053","-551.51501","1140.09204","-1317.50793","","","","-284.86597","936.26849","-1408.91992","","","","-317.15640","747.33240","-1330.82654","-765.54694","728.05151","-1397.72327","-450.52365","797.21991","-1330.65613","","","","","","","-473.66287","411.44876","-1245.30432","","","","-491.37225","85.10992","-1201.39172","","","",NA,"P3",23,9
46,0.45,"","","","","","","","","","","","","-352.41580","1270.46021","-1369.52148","-707.78162","1270.93689","-1454.46973","-553.37805","1142.29858","-1306.83630","","","","-286.12109","935.94525","-1399.19153","","","","-317.27301","746.83325","-1323.47290","-767.00568","728.45557","-1390.67859","-450.87753","797.43005","-1322.75781","","","","","","","-476.06610","411.40271","-1234.88086","","","","-492.73676","84.78355","-1197.07434","","","",NA,"P3",23,9
47,0.46,"","","","","","","","","","","","","-353.71329","1271.58032","-1362.35864","-709.11597","1272.28137","-1447.46985","-554.00781","1143.03027","-1293.60339","","","","-286.54428","937.66351","-1393.26501","","","","-317.01230","747.74200","-1314.71948","-767.31689","730.26880","-1381.01831","-454.20114","797.78296","-1314.59985","","","","","","","-477.84637","413.28699","-1228.22266","","","","-493.46332","84.53793","-1194.59998","","","",NA,"P3",23,9
48,0.47,"","","","","","","","","","","","","-355.00552","1272.13013","-1353.19409","-710.10754","1273.51770","-1440.07739","-555.28522","1144.30042","-1284.82605","","","","-289.20816","939.76575","-1387.18665","","","","-317.06851","749.21808","-1305.59949","-769.97369","731.25757","-1374.87048","-454.64066","799.77551","-1304.63660","","","","","","","-480.31238","413.86194","-1218.98376","","","","-493.92087","83.57333","-1193.15930","","","",NA,"P3",23,9
49,0.48,"","","","","","","","","","","","","-355.13043","1271.99963","-1342.69751","-711.33167","1274.14001","-1430.74109","-555.80853","1144.56775","-1276.62732","","","","-289.79947","940.16998","-1377.43176","","","","-317.81577","748.71411","-1298.72742","-770.75665","733.34814","-1360.36218","-455.86951","802.14038","-1295.95764","","","","","","","-481.68741","413.34634","-1215.92712","","","","-494.46808","82.03053","-1192.12268","","","",NA,"P3",23,9
50,0.49,"","","","","","","","","","","","","-357.14841","1273.24927","-1334.19922","-711.79309","1276.51160","-1425.58728","-557.34778","1146.42883","-1267.91345","","","","-290.02182","940.86816","-1367.51294","","","","-318.16257","750.61304","-1287.88245","-772.13086","733.87988","-1351.54785","-456.80215","803.18011","-1283.85364","","","","","","","-483.45459","412.34991","-1210.45325","","","","-494.32077","82.46414","-1189.25745","","","",NA,"P3",23,9
51,0.5,"","","","","","","","","","","","","-357.92593","1275.03796","-1327.44727","-713.62848","1276.21997","-1412.43933","-557.21429","1148.28345","-1259.47510","","","","-291.45560","941.97583","-1358.14929","","","","-318.84995","750.84711","-1281.80945","-774.17303","735.97852","-1343.13794","-458.53519","805.53052","-1272.91980","","","","","","","-484.25034","412.40579","-1206.11865","","","","-494.58646","82.79292","-1185.24194","","","",NA,"P3",23,9
52,0.51,"","","","","","","","","","","","","-359.24774","1276.42419","-1319.11792","-713.90186","1277.57043","-1404.40869","-558.73700","1150.57373","-1250.78503","","","","-291.57990","944.10913","-1350.74231","","","","-317.73135","752.42328","-1269.05530","-775.28894","737.05054","-1333.73621","-459.20645","806.35712","-1265.32605","","","","","","","-486.07980","415.29062","-1193.46558","","","","-493.77881","81.68155","-1184.09558","","","",NA,"P3",23,9
53,0.52,"","","","","","","","","","","","","-360.03024","1278.24670","-1312.21411","-715.72699","1280.27869","-1397.06140","-559.47369","1152.22046","-1242.67505","","","","-292.62885","944.97473","-1340.10828","","","","-318.55295","754.06592","-1260.57141","-776.10144","739.08490","-1324.31213","-460.88330","809.61780","-1255.42883","","","","","","","-487.25317","415.81772","-1187.67725","","","","-493.81232","81.89194","-1182.83252","","","",NA,"P3",23,9
54,0.53,"","","","","","","-663.91077","1464.47998","-1200.70276","","","","-360.72470","1280.14490","-1304.95837","-715.98230","1281.75378","-1388.65283","-561.38025","1155.24060","-1234.19373","","","","-294.20490","947.44562","-1333.04272","","","","-319.48932","756.43585","-1252.25500","-778.43585","742.15234","-1315.37805","-462.17206","810.94220","-1245.63623","","","","","","","-486.53018","416.13293","-1180.57471","-637.59021","372.83539","-1464.85779","-494.12311","82.09562","-1181.50806","","","",NA,"P3",23,11
55,0.54,"","","","","","","-665.23456","1465.91077","-1193.19141","","","","-361.97372","1281.64209","-1296.15295","-717.43488","1284.04065","-1380.46643","-561.93317","1157.58704","-1225.61487","","","","-294.32162","948.37360","-1322.34180","","","","-320.00232","758.34631","-1240.46655","-780.57196","744.05743","-1305.42529","-464.11179","814.60156","-1236.27515","","","","","","","-487.69424","415.82413","-1175.84131","-641.15417","370.66071","-1463.38086","-492.78806","82.39527","-1177.86694","","","",NA,"P3",23,11
56,0.55,"","","","","","","-666.50494","1467.66296","-1185.82788","","","","-362.39301","1284.04272","-1290.10730","-717.99646","1286.08411","-1372.37354","-563.71594","1160.76050","-1216.98792","","","","-295.01379","950.07947","-1311.58801","","","","-319.38367","761.03900","-1231.15100","-781.68121","745.85614","-1295.31628","-465.14398","815.57025","-1227.47668","","","","","","","-487.90805","416.23883","-1170.81323","-646.16974","370.66846","-1447.06885","-492.94473","82.13341","-1177.89197","","","",NA,"P3",23,11
57,0.56,"","","","","","","-667.85815","1469.37292","-1178.20264","","","","-363.60645","1286.07520","-1282.46130","-719.39063","1288.41101","-1363.98914","-564.41449","1163.24854","-1208.68726","","","","-295.45395","952.10297","-1302.75037","","","","-319.58902","763.40704","-1222.59766","-783.56128","749.26434","-1285.84216","-467.08011","817.94543","-1219.47241","","","","","","","-489.18137","414.36249","-1168.86658","-652.31317","371.23233","-1431.73938","-492.93103","81.88824","-1177.84912","","","",NA,"P3",23,11
58,0.57,"","","","","","","-669.22510","1471.13440","-1171.21887","","","","-364.76169","1288.13281","-1274.67603","-719.93958","1290.34827","-1356.22937","-565.31781","1164.94202","-1200.45471","","","","-296.14957","954.12488","-1293.67419","","","","-321.28256","764.73718","-1211.67761","-785.98352","751.90039","-1275.61340","-467.78500","818.56061","-1210.62805","","","","","","","-490.00565","413.05719","-1165.37390","-659.36432","369.52417","-1419.29187","-492.20520","82.20752","-1177.04810","","","",NA,"P3",23,11
59,0.58,"","","","","","","-670.69574","1472.68298","-1163.51758","","","","-365.60208","1290.10388","-1267.26013","-721.41577","1292.57837","-1348.24939","-566.35150","1167.82849","-1192.09448","","","","-297.60172","957.18408","-1286.50537","","","","-321.53717","767.85742","-1200.89441","-788.30133","755.39209","-1266.60156","-470.27023","819.98071","-1202.17334","","","","","","","-489.43698","413.34351","-1162.15161","-664.43561","368.77780","-1402.86755","-492.25861","81.57998","-1177.80334","","","",NA,"P3",23,11
60,0.59,"","","","","","","-672.05273","1474.24963","-1155.89941","","","","-367.00653","1291.63074","-1258.45496","-722.11926","1294.42358","-1340.99280","-567.71552","1169.30591","-1183.00623","","","","-298.21466","959.76428","-1279.82959","","","","-321.31247","770.10156","-1191.11499","-790.55243","758.15076","-1255.15979","-471.08197","821.34106","-1194.21655","","","","","","","-488.93927","414.27142","-1156.26587","-668.99957","370.92670","-1383.48999","-492.15781","81.60242","-1177.72290","","","",NA,"P3",23,11
61,0.6,"","","","","","","-673.58881","1475.63269","-1148.54565","","","","-367.97125","1293.52649","-1251.48303","-723.02692","1295.85925","-1333.04468","-568.37195","1171.43396","-1175.35510","","","","-298.77527","960.28680","-1267.67810","","","","-321.77457","772.42755","-1180.17749","-792.25256","759.78613","-1245.52869","-472.55920","822.08997","-1185.09204","","","","","","","-488.15134","414.27603","-1153.40808","-674.74231","372.97983","-1359.12805","-491.67331","81.62613","-1177.43652","","","",NA,"P3",23,11
62,0.61,"","","","","","","-674.91479","1477.36096","-1141.15991","","","","-369.99503","1295.54492","-1244.14966","-724.52576","1298.15039","-1327.13647","-570.95538","1172.32813","-1166.61731","","","","-299.30457","961.38281","-1256.50403","","","","-323.22171","774.77032","-1170.07092","-794.63867","762.37683","-1234.69788","-473.20099","823.30389","-1176.91943","","","","","","","-488.26913","413.81506","-1150.67737","-680.20111","371.65671","-1344.76306","-491.25674","81.61317","-1177.20056","","","",NA,"P3",23,11
63,0.62,"","","","","","","-676.40558","1478.85364","-1133.91541","","","","-370.72644","1296.66064","-1236.19202","-725.67633","1299.43677","-1319.98267","-572.31274","1174.98254","-1159.24841","","","","-300.18820","963.04871","-1247.86340","","","","-325.18344","776.87250","-1160.81470","-796.84442","764.67657","-1225.31616","-475.66449","823.13318","-1169.87366","","","","","","","-487.45703","414.00958","-1146.73889","-686.05396","371.77386","-1331.05164","-491.24643","81.41549","-1176.59082","","","",NA,"P3",23,11
64,0.63,"","","","","","","-677.97552","1480.11060","-1126.19373","","","","-373.32590","1297.82507","-1226.87903","-727.06195","1301.05591","-1314.05359","-573.85767","1175.84521","-1152.92004","","","","-301.27075","964.98999","-1239.31116","","","","-324.81790","778.88519","-1149.54895","-799.48010","766.72614","-1214.98535","-475.87970","823.70593","-1160.77722","","","","","","","-486.84705","414.40820","-1141.89160","-692.60211","372.61032","-1313.01709","-491.10248","81.65051","-1177.07788","","","",NA,"P3",23,11
65,0.64,"","","","","","","-679.40881","1481.39417","-1118.83228","","","","-374.17270","1298.03955","-1217.20215","-728.51263","1302.66296","-1308.24829","-575.52887","1176.92627","-1144.24536","","","","-301.79004","966.44263","-1230.13818","-794.48907","953.47882","-1339.04053","-325.62576","781.43500","-1137.33362","-802.09296","769.47449","-1204.59180","-478.37128","824.23657","-1154.42639","","","","","","","-486.69766","411.83887","-1146.72046","-697.22516","372.74808","-1293.35864","-492.18240","79.17487","-1179.49866","","","",NA,"P3",23,12
66,0.65,"","","","","","","-680.93420","1482.68921","-1111.64673","","","","-376.68494","1299.44275","-1209.31567","-730.06012","1303.13940","-1300.04578","-578.46735","1178.49451","-1136.92383","","","","-303.50061","968.36285","-1222.08240","-796.41681","954.25537","-1330.87109","-326.15714","783.78149","-1126.34363","-804.12866","771.50098","-1194.73291","-478.52878","824.89380","-1147.49207","","","","","","","-487.13904","411.14972","-1138.88782","-702.16815","377.67099","-1270.94543","-492.18054","78.84702","-1179.49792","","","",NA,"P3",23,12
67,0.66,"","","","","","","-682.55573","1483.51355","-1103.93433","","","","-378.64670","1301.15430","-1203.48438","-731.72650","1303.26587","-1292.10962","-580.02832","1178.08850","-1129.92419","","","","-304.30582","968.79358","-1210.14978","-798.32941","954.99725","-1322.83887","-328.36121","784.99762","-1115.57324","-806.60529","772.87030","-1183.57458","-479.92545","826.03888","-1139.53406","","","","","","","-487.21725","409.38510","-1142.71765","-707.05713","377.35925","-1254.15186","-491.36453","81.18921","-1174.06250","","","",NA,"P3",23,12
68,0.67,"","","","","","","-684.06677","1484.71594","-1096.78369","","","","-380.28796","1302.31763","-1196.63452","-733.39227","1304.33655","-1284.99512","-581.89215","1178.30774","-1122.32422","","","","-305.43317","969.96326","-1199.89832","-800.14905","955.79773","-1315.00281","-329.42657","786.15460","-1105.17236","-809.30975","776.42926","-1174.73071","-481.93164","826.63654","-1133.41638","-533.65021","907.94952","-1369.35730","","","","-487.77621","409.81860","-1137.86731","-713.71136","380.83426","-1233.70288","-491.27756","80.57401","-1173.76782","","","",NA,"P3",23,13
69,0.68,"","","","","","","-685.69214","1485.50281","-1089.09583","","","","-383.22263","1303.34680","-1188.21265","-734.84851","1304.99951","-1277.95630","-584.29071","1179.65601","-1115.54675","","","","-306.62396","971.32050","-1190.82141","-802.09515","956.19617","-1306.73096","-331.38159","788.66956","-1094.54089","-811.42004","778.44995","-1165.33228","-482.69440","827.22931","-1125.60010","","","","","","","-488.67902","410.88461","-1131.43445","-719.59741","383.42087","-1220.42480","-491.37830","79.68522","-1174.28406","","","",NA,"P3",23,12
70,0.69,"-553.32068","1361.32556","-1279.21814","-580.25629","1577.27588","-1252.03271","-687.40460","1486.26086","-1081.36304","","","","-384.23914","1303.39258","-1179.34558","-736.88800","1306.07312","-1270.94446","-585.31274","1179.80859","-1109.57959","","","","-307.85135","971.40344","-1178.90796","-803.90674","956.82526","-1298.89856","-332.75320","790.52332","-1083.50537","-813.80383","780.65363","-1154.40015","-485.35904","827.93988","-1118.35168","","","","","","","-489.49554","412.32507","-1124.86060","-725.10602","385.85669","-1202.68152","-490.96457","81.00119","-1172.52930","","","",NA,"P3",23,14
71,0.7,"","","","-581.90314","1578.33044","-1244.98645","-689.02576","1487.13416","-1074.37695","","","","-386.53461","1303.93652","-1170.91211","-738.24048","1307.50183","-1264.69629","-588.02069","1180.80957","-1102.42273","","","","-309.91812","973.32239","-1170.92053","-805.68799","957.44940","-1291.08105","-334.12366","792.88861","-1070.92908","-815.79584","781.96399","-1144.67102","-486.85376","828.10315","-1111.97461","","","","","","","-488.76785","412.44266","-1122.10327","-729.33801","390.06708","-1182.25684","-492.16983","80.62253","-1171.64893","","","",NA,"P3",23,13
72,0.71,"","","","-583.78632","1578.97949","-1237.42114","-690.88556","1487.64832","-1066.96082","","","","-388.16391","1305.46899","-1165.91992","-740.07397","1307.41638","-1257.15796","-589.95160","1181.14490","-1095.78162","","","","-311.91641","974.05225","-1161.55566","-807.53918","957.99219","-1283.48706","-336.45807","794.69147","-1061.31238","-817.45728","784.41614","-1135.29199","-488.06580","829.29114","-1104.45398","","","","","","","-490.27060","411.94934","-1118.89185","-734.72583","394.63092","-1164.46680","-491.76205","81.94079","-1169.90210","","","",NA,"P3",23,13
73,0.72,"-587.61517","1446.44739","-955.97412","-585.93262","1579.26379","-1229.82507","-692.51868","1488.20142","-1059.27844","","","","-390.90390","1306.62964","-1159.12646","-742.35022","1308.22290","-1249.92053","-592.26099","1181.77661","-1087.92981","-558.50281","1363.45874","-1256.14954","-313.61084","974.16302","-1151.61609","-809.26324","958.54150","-1275.68652","-337.77301","796.25464","-1050.46118","-818.91791","786.28510","-1126.59778","-488.99500","829.69299","-1096.93054","","","","","","","-488.74750","411.80386","-1115.53113","-740.97809","397.34656","-1148.12561","-491.80261","81.90362","-1169.92957","","","",NA,"P3",23,15
74,0.73,"-589.90320","1447.62341","-949.05371","-587.57581","1580.67639","-1222.34485","-694.54449","1488.35059","-1051.96118","","","","-391.99704","1306.58850","-1150.90320","-744.04095","1308.93420","-1242.62000","-593.20349","1182.14014","-1080.42798","-560.35406","1364.15088","-1249.28748","-315.86456","976.27887","-1143.60229","-810.91687","959.30884","-1267.92981","-340.92270","797.79437","-1039.74634","-822.39099","788.41919","-1116.50256","-491.67923","829.45172","-1091.05566","","","","","","","-488.80917","411.23425","-1112.60657","-746.20746","400.72531","-1137.37415","-491.89578","82.60615","-1168.74438","","","",NA,"P3",23,15
75,0.74,"","","","-589.71326","1580.87512","-1214.52209","-696.37622","1488.62207","-1044.47803","","","","-394.62018","1306.71045","-1141.91675","-746.09082","1309.86194","-1236.44226","-595.27515","1183.07263","-1074.73877","","","","-317.40134","977.71643","-1136.01733","-812.65692","959.80627","-1260.25757","-343.31653","799.61505","-1029.71436","-824.39124","791.20544","-1108.13965","-492.59024","830.85132","-1082.90771","-549.42603","913.01868","-1324.67346","","","","-491.75464","410.79315","-1110.67554","-751.07715","406.52777","-1114.71997","-492.30008","82.52798","-1168.94861","","","",NA,"P3",23,14
76,0.75,"-593.66058","1446.75452","-934.09296","-591.98242","1581.21411","-1207.25085","-698.36261","1488.80518","-1037.04797","","","","-396.91928","1307.67480","-1135.99194","-747.60736","1310.37280","-1229.53796","-597.18921","1183.99902","-1067.73828","","","","-319.81879","977.87384","-1125.47668","-814.51880","960.37964","-1253.18115","-345.77271","801.05475","-1019.13519","-826.72101","791.95612","-1098.91125","-493.86127","830.35986","-1076.68677","-551.68713","912.90472","-1317.59583","","","","-492.58737","406.91595","-1112.94824","-755.22760","409.49615","-1099.63440","-492.68173","82.01936","-1168.47949","","","",NA,"P3",23,15
77,0.76,"-595.28143","1447.06482","-927.07196","-594.11609","1582.02600","-1199.78540","-700.32007","1488.96765","-1029.55200","","","","-399.04465","1309.06067","-1131.58850","-750.11908","1310.37183","-1222.11890","-599.23566","1184.63416","-1059.78552","","","","-321.50500","978.68170","-1116.93701","-816.41211","960.77100","-1245.82922","-348.19342","802.69489","-1008.98187","-829.30609","793.95911","-1089.96838","-496.00610","830.39661","-1069.60681","-553.45203","913.50482","-1310.70190","","","","-493.99448","408.01117","-1108.56409","-759.58099","414.22638","-1085.28455","-493.88754","81.89243","-1168.17566","","","",NA,"P3",23,15
78,0.77,"-597.21002","1446.77649","-919.55139","-596.43988","1582.36523","-1192.49097","-702.39832","1488.99207","-1022.30206","","","","-401.06332","1309.62292","-1125.40283","-752.45020","1310.73242","-1215.06091","-601.50464","1185.16785","-1053.21533","-568.81989","1365.31567","-1220.77356","-323.84372","978.78979","-1108.31042","-818.31580","961.27588","-1238.61523","-350.44791","804.47412","-998.35382","-830.98828","795.28094","-1081.76624","-497.44183","830.98676","-1062.10583","-555.61115","913.05212","-1303.33008","","","","-494.02805","410.73178","-1098.43494","-766.29620","418.08395","-1069.88171","-494.60803","82.00211","-1167.59094","","","",NA,"P3",23,16
79,0.78,"-599.01752","1446.82141","-912.37988","-598.70392","1582.90320","-1184.84778","-704.52283","1488.99426","-1015.07532","","","","-403.04218","1309.81555","-1118.19812","-754.37494","1311.06665","-1208.15344","-602.36279","1185.41492","-1045.11316","","","","-325.75168","979.22754","-1101.43018","-820.39319","961.18420","-1230.98645","-354.08841","806.30890","-989.17749","-833.74390","796.39587","-1074.06787","-499.36401","830.38104","-1055.37073","-557.51233","913.42432","-1296.79883","","","","-496.72214","409.13654","-1097.96924","-770.47510","421.28766","-1060.42102","-493.92502","83.01637","-1164.14734","","","",NA,"P3",23,15
80,0.79,"-600.10022","1446.21045","-905.48651","-601.07880","1583.14136","-1177.21106","-706.55389","1488.97473","-1007.44916","","","","-404.92584","1309.22180","-1109.11890","-756.99994","1310.73962","-1200.44446","-604.26190","1185.43152","-1037.96338","-573.21820","1365.89722","-1205.91821","-327.88980","979.49774","-1092.04480","-822.55786","961.10400","-1223.64746","-356.27118","808.00018","-978.99164","-836.35498","797.14386","-1065.00244","-502.19611","830.14746","-1048.74402","","","","","","","-497.10251","408.30914","-1095.11548","-774.69348","430.23120","-1035.97437","-494.66409","82.92970","-1164.78503","","","",NA,"P3",23,15
81,0.8,"-601.62048","1446.10852","-897.85602","-603.60150","1583.27673","-1169.81067","-708.75427","1488.86877","-999.72900","","","","-407.22833","1310.49243","-1105.31995","-758.59448","1310.62000","-1193.25623","-607.01575","1186.54138","-1031.79114","-575.58527","1366.11194","-1198.64709","-330.43274","979.83289","-1083.79822","-824.63165","960.99023","-1215.94116","-359.15427","808.85077","-969.28870","-839.47955","797.49353","-1056.70081","-503.70590","830.12354","-1040.37952","","","","-561.58832","913.04437","-1282.55701","-498.46945","408.36835","-1091.32629","-778.04584","433.50128","-1020.48846","-495.07843","82.78142","-1163.49207","","","",NA,"P3",23,16
82,0.81,"-604.05371","1445.79749","-890.58472","-606.10236","1583.32568","-1162.44006","-711.04987","1488.57886","-992.09723","","","","-410.08307","1310.56726","-1097.70850","-761.12311","1310.65686","-1185.97095","-608.69733","1186.09766","-1025.02246","-578.22461","1365.88782","-1191.62061","-332.73056","979.87677","-1075.09485","-826.84247","960.68433","-1208.23169","-362.08041","809.80438","-959.82434","-842.77734","798.28333","-1050.23010","-505.86279","829.77075","-1032.60791","","","","-563.59436","913.15710","-1275.66919","-498.47092","408.41620","-1088.05347","-783.01892","436.13385","-1007.84546","-495.86145","82.86628","-1163.58374","","","",NA,"P3",23,16
83,0.82,"-607.33484","1446.44775","-883.38043","-608.62195","1583.30945","-1155.10083","-713.27356","1488.60193","-984.56232","","","","-411.54694","1309.68030","-1089.03503","-763.85626","1310.20728","-1178.15918","-610.63873","1186.13745","-1017.37646","","","","-335.60553","980.18018","-1069.37402","-828.93170","960.29163","-1200.60718","-365.62207","811.56238","-950.29022","-844.90607","797.82343","-1041.48804","-508.61902","829.41937","-1026.75623","","","","-565.93158","912.74414","-1268.82434","-500.64728","407.67667","-1085.05029","-787.06482","440.01306","-996.46179","-496.22797","83.06378","-1163.46802","","","",NA,"P3",23,15
84,0.83,"-608.95856","1446.15881","-875.74213","-611.29608","1583.03809","-1147.54944","-715.57568","1488.41406","-976.86603","","","","-414.57391","1310.50732","-1083.73425","-765.90857","1310.26282","-1170.98621","-613.04346","1185.29077","-1008.91510","","","","-337.97672","980.07086","-1060.49719","-831.14716","959.79285","-1192.97253","-367.96539","812.08813","-940.96075","-847.16632","798.10046","-1034.30151","-511.66309","828.04980","-1021.79114","","","","-567.73328","910.70465","-1259.47034","-501.30276","407.44888","-1082.68677","-791.58478","442.35297","-984.80811","-496.26752","83.02563","-1163.49438","-748.85321","141.62137","-1146.68274",NA,"P3",23,16
85,0.84,"-611.03204","1446.29602","-868.04553","-613.86926","1582.75220","-1140.31433","-717.97900","1488.18970","-969.73657","","","","-416.66776","1309.83716","-1075.24182","-768.59167","1309.19080","-1163.24158","-615.40912","1185.64722","-1001.78046","","","","-340.66772","980.46460","-1052.55371","-833.47699","959.20770","-1185.42200","-371.63208","813.59686","-932.64404","-849.56592","797.25494","-1025.18347","-514.36133","827.51117","-1015.69214","","","","-570.09735","910.76758","-1253.51929","-502.53409","407.08716","-1079.91138","-794.32355","444.93112","-974.02203","-496.28418","83.03432","-1163.50977","-756.66803","137.15930","-1120.56482",NA,"P3",23,16
86,0.85,"-612.15778","1445.44739","-860.27570","-616.70313","1582.03284","-1132.58289","-720.38898","1487.66797","-961.57343","","","","-418.82608","1309.13635","-1066.95496","-771.26367","1309.02856","-1155.07202","-617.22034","1184.40479","-994.66211","","","","-342.92581","979.87921","-1045.04993","-835.80560","958.56866","-1177.93457","-374.88162","813.92621","-923.85431","-851.78662","797.10278","-1017.80066","-516.52667","827.18518","-1008.87122","","","","-572.56451","910.87262","-1244.01965","-501.78680","407.66159","-1076.29773","-798.84540","446.71313","-964.64551","-496.90915","83.76910","-1163.10986","-766.73328","130.52925","-1097.79993",NA,"P3",23,16
87,0.86,"-615.41370","1445.98291","-852.43372","-619.38995","1581.59070","-1125.23743","-722.76294","1487.32825","-954.14117","","","","-422.00027","1309.85999","-1062.16357","-773.66553","1308.41345","-1147.17175","-619.20325","1183.43506","-987.61023","","","","-345.57953","979.17480","-1035.46375","-838.22906","958.13232","-1170.19019","-378.75925","814.50946","-915.50433","-854.93292","795.10675","-1010.18860","-519.20874","826.38129","-1000.89276","","","","-575.74329","910.29694","-1237.87891","-503.52487","406.85211","-1074.02039","-802.46173","447.28134","-954.00732","-496.22614","83.59109","-1161.34888","-776.03644","123.37246","-1070.45825",NA,"P3",23,16
88,0.87,"-616.77832","1445.62268","-844.70905","-622.13910","1581.18933","-1118.02380","-725.23596","1486.82617","-946.40363","","","","-423.70999","1308.87146","-1054.25513","-776.60785","1308.07983","-1139.58154","-621.83313","1183.44629","-979.83575","","","","-348.41757","978.82751","-1029.62573","-840.54419","957.72900","-1162.58337","-382.27893","814.60016","-906.64545","-858.46704","796.19525","-1003.76874","-522.60968","825.58789","-995.44196","","","","-578.38977","909.97357","-1230.95911","-505.34744","407.38684","-1071.59021","-806.65356","448.85947","-946.04120","-496.61447","83.97595","-1161.62354","-784.13171","121.19953","-1043.15649",NA,"P3",23,16
89,0.88,"-618.36707","1445.25647","-836.55743","-624.98938","1580.39185","-1110.17358","-727.73920","1486.46167","-938.92175","","","","-426.82443","1308.78674","-1047.53027","-779.65381","1306.59827","-1130.54529","-624.08966","1182.66724","-972.24219","-596.23779","1363.52271","-1139.70630","-351.81570","978.84235","-1021.21912","-843.23157","956.86969","-1154.73511","-385.31915","814.39410","-898.22644","-861.23212","795.34094","-995.61078","-524.43781","825.41461","-986.08740","","","","-581.33411","909.82642","-1221.29004","-505.51077","406.10275","-1070.27905","-808.43579","447.45740","-937.04486","-496.56531","84.01779","-1161.58997","-793.80731","113.85943","-1017.91949",NA,"P3",23,17
90,0.89,"-620.73706","1444.93689","-829.16077","-627.91187","1579.72327","-1103.25244","-730.33771","1485.95410","-931.34637","","","","-429.09561","1307.96448","-1039.88733","-781.71814","1306.00098","-1122.82922","-626.77020","1181.59985","-964.03485","-599.39459","1364.07129","-1133.92090","-354.67886","977.63116","-1012.78766","-846.08569","956.30237","-1147.46350","-387.65106","813.99847","-890.02026","-864.21454","793.89862","-988.82977","-526.40002","824.74744","-979.40350","","","","-584.94745","909.28448","-1215.55627","-507.41241","403.82037","-1071.40466","-811.95941","446.74789","-929.28418","-495.94809","84.94107","-1159.14929","-803.97443","110.67754","-993.65051",NA,"P3",23,17
91,0.9,"-624.37561","1445.11987","-821.80609","-630.82971","1578.88562","-1095.65564","-732.96423","1485.22510","-922.84491","","","","-431.21228","1306.65320","-1032.88599","-784.66412","1305.42041","-1114.26624","-629.69812","1181.12354","-956.30438","-602.18860","1362.13037","-1124.26331","-357.69400","977.43005","-1006.98944","-848.98541","955.59015","-1139.39966","-391.64676","814.36261","-881.88214","-867.11646","792.11444","-981.89465","-528.85693","824.42389","-974.30762","","","","-588.56787","908.80420","-1208.52966","-507.43164","403.08041","-1069.12732","-815.13684","446.44751","-922.26025","-496.70447","84.65836","-1159.62146","-812.29718","107.67006","-961.49591",NA,"P3",23,17
92,0.91,"-626.55713","1444.49817","-814.03131","-633.88428","1577.87244","-1088.26575","-735.57166","1484.54797","-915.46124","","","","-434.38342","1306.15186","-1024.76904","-787.57660","1304.53149","-1106.03564","-631.35938","1180.78918","-949.61719","-604.84241","1361.01697","-1116.09021","-360.98508","975.80267","-998.90686","-851.92047","954.92487","-1131.24915","-394.89728","813.24524","-874.12952","-870.84900","791.60431","-973.41669","-531.23248","824.36597","-965.58789","","","","-591.74481","908.10913","-1201.16687","-508.39108","402.13083","-1066.35840","-818.13702","444.87878","-914.65741","-497.73132","84.60422","-1158.92273","-822.33423","103.98219","-938.90289",NA,"P3",23,17
93,0.92,"","","","-636.76630","1577.14587","-1080.84546","-738.26544","1484.01355","-908.04224","","","","-436.99643","1305.62537","-1018.13446","-790.88208","1303.57495","-1097.10608","-633.51630","1180.15222","-941.09888","-608.06909","1360.35718","-1108.08984","-364.56711","975.12958","-991.99561","-854.99585","954.23682","-1122.59729","-398.54648","812.98889","-866.33160","-873.66650","789.37897","-966.57458","-533.48608","822.31696","-957.17194","","","","-594.79370","905.93958","-1191.82861","-508.71271","404.01599","-1057.14917","-820.98480","444.45129","-909.12305","-497.97800","85.59451","-1158.16162","-830.87769","101.17278","-914.79810",NA,"P3",23,16
94,0.93,"-631.60059","1443.05664","-797.86530","-639.91937","1575.71814","-1072.84900","-741.27643","1482.93079","-899.58795","","","","-439.85574","1304.75891","-1010.93567","-793.40601","1303.12939","-1089.16260","-636.03754","1179.18335","-932.62689","-611.34033","1359.59985","-1099.99756","-368.05240","973.87128","-983.71356","-858.47186","953.60529","-1114.77612","-401.80249","812.04309","-858.87726","-877.15619","788.65704","-959.12219","-535.33234","822.08643","-948.29852","","","","-599.44824","904.81970","-1184.05750","-510.90067","404.31323","-1053.52502","-823.07721","437.15594","-915.71106","-497.93335","86.15921","-1157.45398","-837.96686","103.84861","-885.32037",NA,"P3",23,17
95,0.94,"-633.67993","1443.65051","-790.23706","-642.90320","1574.85974","-1065.42957","-743.80231","1482.32751","-891.96136","","","","-443.13123","1303.19531","-1002.83264","-796.55920","1301.81213","-1080.24426","-638.55725","1177.99097","-923.87024","-614.34882","1358.29797","-1092.25854","-370.72412","973.03601","-976.16882","-862.03363","953.14758","-1107.02722","-406.19974","811.05383","-851.19104","-880.89197","786.76929","-950.82050","-538.06049","820.56079","-943.25897","","","","-603.42017","904.37067","-1176.85986","-511.83243","404.16479","-1049.60620","-826.45459","436.30365","-907.05054","-499.01611","87.95119","-1156.65430","-846.94983","102.27517","-868.01868",NA,"P3",23,17
96,0.95,"-636.17175","1442.29932","-782.28101","-646.03699","1573.60645","-1057.77283","-746.69775","1481.01709","-883.88623","","","","-445.41315","1302.00793","-995.75916","-799.92633","1301.24463","-1071.23071","-640.64154","1176.96655","-915.78748","-617.44940","1356.31909","-1083.05273","-373.92099","971.43445","-968.71533","-865.80347","952.39362","-1098.30762","-409.85968","809.67639","-843.65784","-884.66248","785.41321","-942.69104","-540.74115","820.25598","-935.36896","","","","-607.69501","903.45709","-1168.86694","-512.99017","404.21198","-1046.46326","-828.66766","436.96814","-891.40088","-499.37997","88.68147","-1154.62695","-854.61719","103.67504","-843.93573",NA,"P3",23,17
97,0.96,"-639.74237","1441.48328","-774.77380","-649.10138","1572.57568","-1050.36914","-749.59491","1479.97351","-875.72095","","","","-448.57941","1301.57190","-990.62665","-803.83093","1300.49207","-1062.96216","-643.49219","1176.59436","-908.22217","-620.73853","1356.13269","-1076.73547","-377.62030","969.70392","-961.13947","-869.77167","951.77466","-1090.27002","-413.36472","807.97266","-836.22650","-888.57947","784.28772","-935.17157","-542.25000","817.59515","-932.01135","","","","-611.62860","901.11267","-1159.48889","-514.65778","403.00668","-1042.11597","-830.84100","432.37650","-894.34906","-499.68265","89.26000","-1154.04907","-859.48328","105.16682","-822.85217",NA,"P3",23,17
98,0.97,"-641.99146","1440.68262","-766.64227","-652.37323","1571.16968","-1042.92090","-752.63574","1479.43054","-868.07117","","","","-451.65491","1299.25208","-982.46094","-807.13373","1299.62244","-1053.80835","-646.98975","1175.02905","-898.98895","-624.57520","1355.39490","-1069.49512","-381.57175","968.59875","-955.86682","-873.79480","950.94031","-1081.02722","-416.31531","806.06165","-829.48804","-892.47229","783.10669","-927.67657","-545.35236","816.40088","-921.66888","","","","-616.25165","900.65808","-1152.04211","-515.30243","403.46451","-1036.52734","-833.65021","430.99820","-883.45135","-500.17456","88.96501","-1154.28735","-864.50189","106.60066","-802.52960",NA,"P3",23,17
99,0.98,"","","","-655.43811","1570.25024","-1034.91150","-755.04291","1477.67871","-859.24139","","","","-454.49399","1298.97119","-976.85889","-810.54858","1298.35828","-1044.65991","-649.81616","1174.84961","-890.62549","-628.14709","1353.51550","-1064.88086","-385.39841","967.60583","-946.83801","-878.04205","950.39923","-1073.07422","-420.03793","804.29059","-822.69385","-896.75922","782.19116","-918.74304","-546.82562","816.82098","-911.22662","","","","-621.42871","899.36426","-1143.42163","-517.60065","401.04114","-1035.23303","-836.63196","431.21548","-871.19757","-500.71185","89.37242","-1154.04590","-869.34399","109.29979","-781.90430",NA,"P3",23,16
100,0.99,"","","","-658.74506","1568.88074","-1026.73352","-758.16827","1477.69739","-851.91974","","","","-457.42233","1296.70166","-967.99786","-814.39020","1297.00171","-1035.25195","-652.18646","1173.60938","-882.09045","-632.15125","1352.05005","-1057.32397","-388.80576","965.35095","-939.20764","-882.45258","949.47076","-1063.97424","-424.38141","802.70490","-815.85223","-899.90906","779.63708","-910.75171","-550.25653","814.50842","-905.63129","","","","-626.75964","899.01697","-1135.36938","-518.12793","401.32645","-1027.56946","-838.01025","428.17334","-866.22675","-501.04279","90.44887","-1152.94080","-873.31580","111.38241","-765.24969",NA,"P3",23,16
101,1,"-649.96210","1439.08423","-742.68719","-661.91809","1568.07556","-1019.22791","-761.03369","1476.49292","-843.61047","","","","-460.87427","1295.48608","-960.97217","-817.58978","1296.61633","-1026.49512","-654.77295","1172.32971","-873.66028","-635.16870","1350.52637","-1044.92700","-392.54324","963.95020","-933.08575","-887.09979","948.33374","-1054.32141","-427.87515","799.98132","-808.84631","-903.10266","778.64349","-903.70605","-553.20081","812.99115","-897.72351","","","","-631.05884","896.48389","-1126.00195","-520.76898","400.01559","-1020.48071","-843.40826","430.12347","-853.76355","-500.86459","91.60033","-1151.36047","-877.30151","112.36963","-754.75891",NA,"P3",23,17
102,1.01,"-652.30835","1438.17395","-733.88824","-665.23895","1566.86328","-1011.10455","-764.16510","1476.42334","-835.55261","","","","-463.89413","1293.82935","-952.98517","-821.25793","1295.26721","-1017.16534","-658.19690","1172.16516","-864.79480","-638.79388","1349.71509","-1036.08276","-396.24384","962.47858","-926.93231","-891.59827","947.96088","-1045.75244","-431.13391","798.45972","-802.50775","-907.81586","776.84784","-894.43396","-554.08142","813.28479","-887.43475","","","","-636.31238","895.46991","-1117.19495","-522.49292","399.69016","-1015.78693","-843.15961","426.82053","-847.97076","-501.43771","92.70863","-1149.56226","-879.61981","112.33830","-743.67834",NA,"P3",23,17
103,1.02,"-653.73328","1437.07520","-725.53033","-668.49261","1566.09753","-1003.46490","-766.92188","1475.03906","-826.41571","","","","-467.16248","1292.74316","-946.24768","-825.16736","1294.08167","-1007.41107","-660.42303","1170.44946","-855.63007","-643.31830","1349.39429","-1032.96313","-400.51797","960.49988","-919.56311","-896.47516","947.05939","-1036.50464","-433.98773","795.68756","-796.58008","-912.28436","776.62567","-886.24530","-558.00647","810.78455","-878.00623","","","","-641.73517","894.40625","-1108.24841","-524.96326","398.84015","-1009.95605","-846.29449","425.89511","-836.70575","-502.13071","94.34779","-1148.73413","-881.58777","110.11397","-736.26917",NA,"P3",23,17
104,1.03,"-657.09668","1437.06421","-718.12170","-671.77948","1565.04382","-995.30414","-769.62042","1475.26563","-818.89551","","","","-470.92416","1292.09314","-940.09229","-829.43536","1294.10059","-998.95447","-663.13257","1169.51477","-847.15466","-646.67120","1346.76489","-1018.73560","-404.26050","958.98212","-911.87244","-901.41821","946.16803","-1026.62903","-438.08005","794.41138","-790.58496","-916.01935","774.94379","-877.15027","-560.76776","807.82574","-871.73468","-813.41931","818.31836","-917.57294","-646.42285","891.77051","-1098.72607","-528.57971","398.62109","-1004.47821","-847.99268","426.59946","-822.58655","-502.25653","94.14782","-1148.23694","-882.80463","106.98316","-730.28363",NA,"P3",23,18
105,1.04,"","","","-675.22644","1563.98608","-987.01282","-771.02588","1473.18872","-809.45929","","","","-474.70380","1289.94971","-930.79749","-832.82819","1292.57898","-988.57379","-666.49487","1170.01331","-838.64514","-651.25647","1347.20313","-1016.59247","-407.94232","956.75580","-905.48456","-906.14514","946.02124","-1017.66852","-441.67474","792.18396","-783.49542","-920.79700","773.91724","-867.76373","-564.81213","807.73877","-862.90802","-813.52802","821.46063","-894.51746","-651.81299","891.35370","-1089.38708","-528.72705","398.52988","-996.23993","-851.00897","428.66425","-805.15588","-502.91473","96.35977","-1143.73389","-883.61298","103.22699","-724.25781",NA,"P3",23,17
106,1.05,"","","","-678.54761","1563.00671","-978.94537","-775.78345","1474.41516","-800.77997","","","","-478.37552","1289.04224","-923.81110","-836.89868","1291.77417","-979.74823","-669.92340","1168.42480","-830.06873","-654.32074","1345.08899","-1003.67700","-412.37064","956.62970","-898.04022","-911.18280","945.29053","-1007.53076","-444.51437","790.22217","-778.21222","-925.20117","772.93311","-858.62762","-566.86371","807.29163","-851.69952","-817.01196","820.55463","-883.63092","-657.43738","890.74048","-1079.90320","","","","-852.04169","427.47476","-792.49463","-504.38852","96.87399","-1143.18213","-884.42969","98.04882","-723.40430",NA,"P3",23,16
107,1.06,"-663.75916","1435.50049","-691.93610","-681.90070","1562.16418","-970.41852","-779.00562","1473.83093","-792.32574","","","","-482.14923","1288.29675","-915.07544","-841.13727","1291.76160","-970.39893","-674.08917","1168.09351","-820.57367","-658.19751","1343.94922","-993.26001","-416.45453","955.03241","-893.12366","-916.21741","944.74615","-997.40692","-448.66229","787.80481","-773.65527","-928.95233","771.71301","-849.77893","-570.12024","805.99829","-840.32245","-820.94440","820.73541","-873.05957","-662.93268","890.15924","-1070.08826","-535.32184","396.35330","-982.84979","-853.58710","426.05188","-782.10730","-504.73276","99.00289","-1141.77295","-884.63550","94.79221","-721.14160",NA,"P3",23,18
108,1.07,"","","","-685.28564","1561.34216","-962.79364","-782.14862","1474.00562","-783.86572","","","","-485.55615","1286.38928","-907.09290","-845.18433","1290.46045","-960.41351","-677.92474","1167.58704","-810.93402","-663.94812","1343.68347","-989.64966","-420.04172","953.72357","-886.15387","-921.13318","944.33069","-987.50793","-451.33203","785.86926","-767.67102","-934.30640","771.78131","-839.37537","-575.57916","805.05652","-832.79999","","","","-667.33093","887.60284","-1059.94312","-537.80579","395.89780","-973.89130","-856.50562","424.61993","-769.36481","-505.49832","102.16306","-1137.86023","-886.41400","92.62212","-715.63104",NA,"P3",23,16
109,1.08,"-669.71210","1434.82410","-675.76886","-688.67548","1560.52039","-954.20343","-784.46307","1472.79639","-774.20367","","","","-489.37271","1286.51416","-902.07227","-849.54517","1290.88635","-951.95233","-681.10425","1167.22046","-802.72296","-667.41748","1342.12109","-979.01471","-424.16733","951.98730","-879.53387","-926.05127","944.12805","-977.63104","-454.78528","784.24506","-762.57574","-938.91284","771.22736","-829.78412","-579.88129","804.00812","-823.61609","-833.78040","817.75818","-864.89514","-672.76654","887.21814","-1050.08972","-541.45667","395.00708","-966.40216","-857.96198","423.77203","-758.93512","-506.93433","103.88136","-1135.84424","-886.99133","93.30544","-704.82654",NA,"P3",23,18
110,1.09,"","","","-692.25568","1559.96729","-945.83478","-787.45917","1473.54700","-765.99860","","","","-493.57309","1284.75488","-892.82379","-853.66675","1289.74597","-941.25439","-684.93964","1167.34949","-792.33337","-672.42084","1341.63989","-970.51044","-428.52515","951.36932","-874.83124","-930.93420","943.91046","-967.20490","-458.67249","781.52020","-757.11761","-943.77039","769.97089","-820.44153","-582.80902","803.86438","-810.21899","-834.07123","820.80585","-839.76172","-678.57416","886.11298","-1039.08960","-545.10339","395.20996","-958.56256","-860.73657","422.95227","-749.23370","-508.29868","106.95580","-1131.90503","-888.38062","88.79627","-704.04816",NA,"P3",23,17
111,1.1,"","","","-695.82428","1560.03821","-937.65057","-790.42780","1474.02148","-757.13843","","","","-497.52863","1284.12036","-886.58124","-858.48584","1289.96387","-932.08044","-688.51746","1166.98145","-782.75391","-676.81061","1341.33423","-964.50916","-433.04013","951.11157","-868.29730","-935.84338","943.56274","-956.99207","-461.21844","780.22131","-752.27490","-948.18585","769.80573","-810.15387","-588.58252","802.84332","-801.31012","-840.01764","821.55408","-828.70764","-683.36023","885.68030","-1029.38550","-549.47931","393.83405","-949.12152","-864.85767","421.64932","-740.74506","-509.80698","109.09798","-1127.87769","-890.20886","90.09628","-694.48413",NA,"P3",23,17
112,1.11,"","","","-699.55151","1559.91357","-929.08490","-793.35663","1474.80151","-748.09894","","","","-502.01413","1283.34155","-877.37268","-862.72266","1289.60620","-922.32800","-692.81213","1167.76660","-773.98102","-681.61572","1340.74463","-952.51202","-437.10031","949.66199","-862.77301","-940.75403","943.49762","-946.52881","-465.32355","777.64600","-747.27417","-952.27747","768.72626","-800.13580","-592.34589","802.68372","-789.99353","-844.25391","822.68842","-817.84882","-688.83551","884.41040","-1017.49591","-551.80573","392.10086","-938.00598","-868.60962","421.95969","-732.50378","-511.39493","113.73216","-1121.61926","-892.04224","85.56187","-692.02386",NA,"P3",23,17
113,1.12,"","","","-703.11334","1560.51001","-921.23431","-795.96198","1475.25488","-738.91882","","","","-506.24133","1283.27905","-871.89423","-867.57361","1290.08582","-912.62915","-696.43481","1168.35254","-765.32568","-685.27106","1340.65088","-945.15723","-440.77628","949.03833","-855.76007","-945.63037","943.55988","-935.69592","-468.93744","776.27875","-742.89417","-957.12286","769.80273","-789.23413","-597.66992","802.64838","-780.04034","-848.52606","822.44739","-805.96387","-693.66180","883.64734","-1006.40930","-554.77777","393.36823","-924.62445","-871.71478","421.11182","-723.06366","-513.38013","117.26328","-1118.38257","-892.59418","84.22208","-688.84137",NA,"P3",23,17
114,1.13,"-681.05035","1436.71960","-632.63495","-706.76324","1560.95056","-912.22797","-799.52570","1477.18225","-729.71716","","","","-510.61737","1283.04285","-862.84290","-871.94257","1289.93823","-902.89380","-700.10895","1168.97522","-754.18420","-690.08832","1340.96143","-937.46954","-445.91147","948.21545","-849.60620","-950.45190","944.01324","-924.97882","-470.89993","775.36200","-737.92053","-961.33832","769.75177","-779.42126","-601.94873","803.14569","-768.57910","-852.43268","822.55951","-794.35059","-698.46863","883.42236","-995.40198","-558.41119","393.53055","-913.23181","-874.39661","419.70499","-713.04303","-516.28534","120.98684","-1113.91907","-894.70465","83.22990","-683.69043",NA,"P3",23,18
115,1.14,"","","","-710.30792","1562.18555","-903.10760","-800.83386","1477.07471","-720.45837","","","","-514.39001","1283.06836","-854.66650","-875.84631","1291.33716","-893.14490","-703.73724","1170.25378","-745.07550","-693.96075","1341.45911","-928.86316","-450.19318","948.31708","-844.81232","-955.11462","944.77606","-914.03693","-474.03665","774.03394","-733.92914","-965.97754","770.10248","-768.68188","-606.11273","802.56702","-759.18616","-855.86066","824.16132","-784.04156","-703.36377","883.79919","-984.93158","-562.09479","393.60168","-899.04944","-878.61304","421.28247","-704.10632","-518.13953","125.65798","-1106.11255","-896.07520","82.98695","-681.96735",NA,"P3",23,17
116,1.15,"-685.06329","1438.96240","-615.08765","-714.00604","1563.52417","-894.72479","-805.09863","1479.85315","-710.78473","","","","-517.90454","1283.73108","-848.66705","-880.44196","1291.92505","-883.37775","-707.87518","1172.37488","-736.34137","-698.62384","1342.69836","-919.71106","-453.92874","949.10883","-838.43140","-959.69489","945.94965","-902.73279","-477.73474","772.82727","-729.37665","-969.19269","770.69586","-758.01202","-610.29645","803.71674","-748.47656","-861.72668","825.62274","-774.30603","-708.13721","884.86621","-974.45728","-566.89850","393.14185","-884.87250","-880.71509","421.22339","-694.16760","-521.58612","130.55876","-1100.34680","-897.30371","81.44268","-679.63416",NA,"P3",23,18
117,1.16,"-687.18359","1441.08521","-606.80560","-717.68347","1565.09558","-886.32574","-807.30536","1482.00195","-701.71313","","","","-521.80817","1284.77759","-841.00665","-884.49634","1294.07520","-874.15417","-711.81775","1174.34875","-727.46234","-703.33032","1344.54297","-909.99054","-458.79300","948.89099","-832.73083","-964.32642","947.14056","-891.23047","-480.98544","772.81940","-724.83917","-973.47620","771.89172","-747.29803","-614.92120","804.22864","-738.06903","-866.66443","827.70709","-764.41956","-712.30469","887.93256","-965.64722","-569.08228","392.14935","-870.39545","-884.25177","422.05600","-685.67236","-525.13367","136.12457","-1089.50256","-898.38660","80.55832","-680.79230",NA,"P3",23,18
118,1.17,"-688.17859","1443.40881","-598.05096","-721.12659","1567.04993","-877.17493","-810.01666","1484.92444","-692.49481","","","","-525.54718","1286.30725","-834.74597","-888.65942","1295.68713","-864.18384","-714.83423","1175.79456","-718.48645","-707.54498","1345.85742","-901.05280","-463.55179","950.58447","-827.16412","-968.78973","948.84259","-879.71881","-484.97870","772.59009","-720.88995","-977.87708","773.84698","-737.07220","-619.41589","805.40173","-728.33582","-871.00134","829.86133","-752.53949","-716.31995","889.20032","-954.92920","-573.58478","391.98352","-852.60382","-889.75116","420.29462","-689.09723","-528.23206","142.50777","-1078.13733","-900.29266","80.88446","-677.95099",NA,"P3",23,18
119,1.18,"-690.73621","1444.79834","-589.23926","-724.63879","1568.88562","-868.63055","-809.80072","1484.88562","-682.36487","","","","-529.62268","1288.00073","-825.85229","-892.15442","1297.41541","-854.20026","-718.25861","1178.21533","-708.29163","-711.57471","1347.38635","-891.84271","-467.90863","952.38708","-821.10376","-973.04425","950.82855","-867.83398","-488.41583","772.61212","-716.36450","-981.74670","775.57166","-725.77344","-623.38177","807.03662","-718.42731","-873.52344","830.97052","-741.16254","-718.88843","890.38568","-944.70160","-577.33337","392.11276","-836.15527","-893.20886","421.75671","-683.86139","-532.94702","148.66133","-1067.47864","-901.45093","80.25190","-677.99054",NA,"P3",23,18
120,1.19,"-692.66003","1446.24060","-580.37494","-727.95306","1570.68835","-859.73962","-813.12384","1487.34924","-673.60181","","","","-532.79016","1289.62988","-817.65564","-895.75452","1299.13184","-844.15186","-721.61133","1180.98425","-699.10455","-715.57330","1349.01270","-882.30139","-472.41330","953.63690","-816.75067","-977.23712","952.93652","-856.40393","-492.17804","774.12573","-712.90308","-984.93628","776.29547","-714.83374","-626.82764","810.19000","-708.44073","-877.23016","834.19989","-731.24939","-722.19885","892.55865","-934.98346","-583.56738","389.78275","-819.70435","-896.73425","424.23538","-674.27057","-537.19641","154.33139","-1057.01038","-902.15887","81.64865","-675.90845",NA,"P3",23,18
121,1.2,"-710.04956","1436.92664","-628.87921","-731.24640","1572.32922","-851.23486","","","","","","","-536.40509","1291.60815","-808.69537","-899.60419","1301.34851","-834.61536","-724.52112","1183.05127","-690.05176","-719.57166","1350.45361","-873.00763","-476.80588","955.56616","-811.80908","-981.13879","955.55383","-845.11078","-495.16391","775.36694","-708.00140","-988.35834","778.17499","-703.87366","-631.60132","811.21771","-700.40125","","","","-725.25372","895.88647","-927.14630","-586.81000","390.34769","-798.65082","-900.09772","421.63568","-676.30127","-542.55884","160.75868","-1046.71130","-902.47467","81.96368","-674.19348",NA,"P3",23,16
122,1.21,"","","","-734.35748","1574.10254","-842.89484","","","","-816.72168","1490.65417","-655.07477","-540.00891","1294.31824","-803.59448","-903.18707","1303.46606","-824.32684","-727.66132","1184.61914","-680.87354","-723.31342","1352.41016","-864.57910","-481.14520","958.24493","-806.04938","-985.11060","957.77362","-833.60144","-498.45020","776.45215","-703.62476","-991.43170","779.84314","-691.94562","-635.51379","812.49188","-691.54938","","","","-728.16187","897.45392","-917.74036","-591.91254","389.93982","-780.00775","-903.29803","420.70276","-672.50958","-547.67993","167.80246","-1031.84985","-902.47162","81.89982","-674.15973",NA,"P3",23,16
123,1.22,"","","","-737.48584","1575.48535","-834.33685","","","","-818.45209","1493.17371","-645.98767","-543.54492","1296.12256","-794.55713","-906.74878","1305.63171","-814.05450","-729.99158","1186.63232","-671.36401","-727.13733","1354.14343","-855.64990","-485.65308","959.57977","-801.25952","-988.90552","960.12976","-822.40076","-502.69299","777.16986","-699.63403","-994.55396","783.43384","-678.85858","-639.15582","814.31165","-683.77350","-889.90094","841.01984","-710.96350","-730.48010","898.73578","-907.88470","-597.13654","391.38895","-761.62842","-905.21155","421.54022","-665.85907","-552.40179","174.62997","-1017.63446","-902.90192","81.76468","-672.70612",NA,"P3",23,17
124,1.23,"","","","-740.50159","1576.87256","-826.04150","","","","-820.58710","1495.45593","-636.72974","-546.81854","1297.48792","-784.87653","-909.80035","1307.60449","-804.35809","-733.69348","1189.30066","-663.40643","-730.84857","1355.91174","-846.42310","-489.39932","961.69403","-795.45349","-992.88983","962.06970","-811.07721","-504.63724","778.76129","-694.34357","-997.33264","785.28540","-667.19360","-639.46045","817.55688","-672.69922","-894.18054","841.09802","-702.94183","-733.80951","900.85760","-899.31085","-602.30792","390.96664","-741.68671","-906.46185","422.38849","-660.74341","-557.78625","181.69247","-1001.53387","-903.35638","81.92744","-671.16656",NA,"P3",23,17
125,1.24,"","","","-743.50714","1578.21460","-817.27020","","","","-822.06604","1497.03894","-626.64398","-549.89868","1299.51221","-779.42084","-913.47961","1308.75598","-793.58026","-735.58636","1190.75146","-654.55353","-734.43591","1357.63452","-837.97662","-492.75565","963.39331","-788.95612","-996.70544","964.03149","-799.67749","-508.20413","780.24622","-689.99677","-1000.07465","787.10114","-656.61932","-642.73914","819.07690","-664.53864","-896.70032","838.84534","-703.13391","-736.44312","903.07800","-891.70184","-608.11127","391.75516","-722.59998","-907.45422","421.26364","-658.62122","-564.51801","188.67088","-987.37634","-903.37561","81.69741","-671.15497",NA,"P3",23,17
126,1.25,"","","","-746.34094","1579.67615","-808.49268","","","","-824.91095","1499.62769","-617.80383","-552.84351","1301.40515","-770.67493","-916.40649","1310.77527","-783.88696","-737.47308","1192.39929","-646.43549","-737.91290","1359.41870","-828.97144","-496.64084","964.89001","-783.81116","-1002.11279","966.09955","-788.89771","-510.97519","781.01581","-684.35608","-1003.68140","788.96722","-644.44928","-644.52911","821.07080","-658.04468","-899.11877","842.28363","-691.29590","-739.59283","904.33997","-882.65588","-613.09692","393.79031","-703.86298","-908.87659","420.77899","-651.05872","-571.36041","194.65981","-971.28241","-903.38239","81.41573","-671.07898",NA,"P3",23,17
127,1.26,"","","","-749.07141","1581.13464","-800.23956","","","","-825.75183","1500.53308","-608.99951","-555.59155","1303.57483","-763.54712","-919.50732","1312.56995","-773.71912","-738.93170","1193.24146","-636.81421","-741.34546","1360.94128","-820.19073","-500.11029","966.40491","-777.84918","-1004.57758","967.40814","-776.69458","-514.67505","781.94946","-679.98779","-1006.41266","791.29785","-632.24451","-647.76416","822.08453","-649.61462","","","","-742.69739","905.35468","-874.62439","-617.25702","396.81158","-684.33118","-909.53766","421.94131","-646.96783","-576.69562","200.95062","-955.81616","-903.37592","81.29358","-671.01123",NA,"P3",23,16
128,1.27,"","","","-751.72321","1582.51782","-791.19446","","","","-826.17731","1502.31299","-599.49823","-558.22778","1305.15271","-756.94513","-922.16571","1313.85010","-763.49182","-741.48419","1194.62329","-629.30334","-744.73718","1362.49890","-811.38367","-502.93030","968.70032","-772.27002","-1008.54657","968.96924","-765.17999","-517.32251","783.35577","-674.77386","-1008.19775","793.52563","-620.27130","-649.32935","823.99567","-643.26959","-904.14294","845.06482","-671.90051","-745.72375","906.46008","-866.32513","-619.46191","400.44156","-666.30396","-910.24310","422.02219","-644.25049","-586.36896","205.93036","-940.79810","-903.75793","81.71331","-668.25751",NA,"P3",23,17
129,1.28,"","","","-754.31299","1583.76648","-782.32800","","","","-829.22955","1504.07910","-590.52155","-561.27203","1306.51575","-750.38287","-925.07776","1314.75146","-753.07794","-741.75311","1195.54883","-620.01227","-747.93921","1364.03760","-802.62738","-506.29626","969.86322","-766.58563","-1012.39807","970.18140","-753.03265","-520.27808","784.55267","-669.88916","-1009.83112","795.45154","-608.33435","-649.90741","826.66748","-635.36621","-904.45642","841.99872","-666.55402","-748.83380","907.69373","-858.37323","-623.98450","402.57962","-647.56317","-910.50238","421.33771","-644.93762","-590.85156","212.30624","-922.10748","-903.90283","81.79450","-666.45233",NA,"P3",23,17
130,1.29,"-634.79260","1485.28308","-532.61053","-756.73621","1585.30798","-774.18518","","","","-829.44202","1504.79712","-580.77606","-563.90051","1308.50659","-743.59540","-927.96570","1316.05811","-742.15363","-742.73761","1195.69714","-612.67511","-751.08014","1365.52295","-793.99445","-508.62143","970.89771","-759.39801","-1016.77429","972.44452","-741.95459","-522.37830","786.66327","-664.13525","-1012.20728","797.42249","-596.23096","-650.61621","828.34113","-628.04639","","","","-753.18939","910.71271","-851.58569","-627.70483","406.01965","-629.55157","-911.97253","420.96362","-639.57605","-599.16516","216.86353","-906.60889","-903.94476","81.67903","-666.56464",NA,"P3",23,17
131,1.3,"-636.69928","1486.12549","-524.73944","-759.04895","1586.53479","-765.08081","","","","-830.72430","1505.74304","-572.03949","-566.47174","1309.48645","-735.89307","-930.02081","1316.82104","-732.34692","-744.01166","1196.55579","-603.73608","-754.14880","1366.83850","-785.55133","-511.08743","971.69513","-753.54163","-1020.33368","973.50269","-730.54364","-525.34973","787.14075","-657.23230","-1014.49609","798.79004","-583.22595","-652.17938","830.17981","-620.62872","","","","-756.53998","911.49658","-843.46814","-633.61414","408.17938","-613.00317","-912.92932","421.47339","-635.48413","-608.29578","218.34430","-888.76953","-903.94666","81.64706","-666.56012",NA,"P3",23,17
132,1.31,"-638.58868","1486.39026","-515.01642","-761.37378","1587.65442","-756.43573","","","","-832.64801","1507.46204","-562.86920","-569.03662","1310.45215","-729.77576","-932.74274","1318.14905","-722.92621","-745.54401","1197.47852","-595.10229","-757.25208","1367.98401","-776.90210","-513.52448","973.13641","-748.40253","-1023.80334","974.61212","-718.14630","-527.67450","787.97797","-651.55762","-1015.74756","800.70331","-571.02081","-652.82587","831.38068","-613.83319","-906.38538","847.79645","-634.58112","-759.33112","913.04663","-836.90186","-634.66797","411.74179","-596.11884","-913.29932","420.70996","-632.95795","-614.10400","221.17844","-870.62982","-904.02203","81.50396","-666.78479",NA,"P3",23,18
133,1.32,"-640.38959","1487.30066","-507.21268","-763.55261","1588.85620","-747.90094","","","","-832.69061","1507.80872","-553.54871","-571.58734","1311.64258","-722.74445","-935.06287","1318.97742","-712.96600","-746.64240","1197.60388","-587.19098","-760.07404","1369.23267","-768.27020","-516.50647","973.68347","-741.03912","-1026.68848","975.81421","-706.84814","-529.40308","789.40796","-644.64862","-1016.57642","801.89551","-558.28015","-653.48291","833.19800","-606.64185","","","","-761.68005","914.02295","-829.06036","-637.56830","415.35196","-579.67627","-913.90424","421.46890","-629.18121","-623.76398","221.27246","-851.83173","-904.08148","81.33977","-666.94336",NA,"P3",23,17
134,1.33,"-641.94879","1487.52783","-499.77710","-765.61523","1589.89087","-739.22620","","","","-834.13287","1509.50574","-544.96185","-573.03265","1312.06787","-715.23413","-937.56189","1319.45471","-702.11768","-747.62836","1197.38562","-581.10022","-762.82397","1370.29553","-759.53064","-518.78815","975.42627","-735.78375","-1029.61206","976.35596","-694.83490","-532.20282","790.30743","-638.58691","-1017.49451","803.58228","-545.89301","-653.70294","834.24701","-599.40308","","","","-763.95660","915.42517","-820.96667","-640.50647","419.32205","-563.44128","-915.27008","422.18942","-622.47266","-631.14331","221.39372","-833.60059","-904.15387","81.21591","-667.16394",NA,"P3",23,17
135,1.34,"-643.71527","1487.45642","-489.44208","-767.59235","1590.70544","-730.28564","","","","-834.94623","1510.42151","-536.00177","-575.44098","1313.54895","-709.69403","-939.54230","1320.44666","-692.63000","-749.16431","1198.31738","-573.80994","-765.26123","1371.38660","-751.20300","-520.99384","976.32562","-730.24274","-1031.91406","977.08246","-683.00781","-533.85034","791.73578","-631.94379","-1018.99811","804.84845","-533.92041","-654.28485","835.76129","-593.70178","","","","-765.68677","915.92432","-813.37903","-644.13544","422.19174","-548.25476","-916.10138","421.12610","-621.13599","-637.50745","219.71062","-812.72723","-904.13422","81.23798","-667.09991",NA,"P3",23,17
136,1.35,"-645.27917","1488.48218","-482.30090","-769.59448","1591.23743","-722.14722","","","","-835.18951","1511.01697","-526.77771","-577.50977","1314.45874","-701.60718","-941.42639","1320.94653","-682.89948","-749.89252","1198.56775","-567.13214","-767.78461","1372.22083","-742.74414","-523.37677","976.98413","-723.98792","-1034.22156","978.23022","-672.00104","-534.87299","793.25153","-624.97449","-1020.83234","806.97192","-523.02759","-655.96692","836.83887","-586.95758","","","","-768.25372","918.71106","-806.28345","-646.69794","426.13989","-532.74408","-916.87402","420.14664","-621.06366","-645.08148","217.04094","-794.20801","-904.57343","82.14346","-665.16156",NA,"P3",23,17
137,1.36,"","","","-771.43359","1591.69519","-713.35162","","","","-836.88757","1511.41980","-518.20209","-579.21759","1315.26392","-695.40295","-942.81787","1321.50488","-673.26062","-750.58893","1198.58582","-558.51880","-770.10120","1372.90491","-734.54205","-525.28613","977.75586","-717.89441","-1036.39771","978.68701","-660.37183","-536.68420","794.82635","-619.15039","-1021.20367","807.50616","-511.03925","-658.39972","837.50171","-580.12445","","","","-770.15887","919.60840","-799.04254","-648.97772","428.77774","-517.83600","-917.69385","420.33624","-617.86987","-654.36462","212.95665","-773.38770","-904.56738","82.14569","-665.14038",NA,"P3",23,16
138,1.37,"-647.92377","1488.23022","-465.26013","-773.13348","1592.14697","-705.39105","","","","-838.05487","1512.51282","-509.74503","-581.17761","1315.75488","-689.17615","-944.83466","1322.08716","-663.83990","-750.19598","1199.30237","-548.64832","-772.31122","1373.36792","-725.73669","-527.16589","978.80298","-712.82306","-1038.08569","978.90851","-648.76831","-538.09589","795.90753","-612.02277","-1021.92499","808.97723","-498.96643","-659.53064","838.05255","-573.86267","-913.39636","848.15851","-591.87830","-771.85626","920.59424","-791.41748","-650.01831","433.00952","-503.31503","-918.94116","420.81726","-610.69849","-659.62799","210.28622","-752.78369","-904.53918","82.22181","-665.06445",NA,"P3",23,18
139,1.38,"-649.20502","1488.70569","-456.83362","-774.74463","1592.53333","-696.73907","","","","-837.18024","1512.18457","-500.52762","-582.93146","1316.54028","-682.02710","-946.22894","1322.31482","-653.65442","-750.89777","1199.36768","-541.03259","-774.39575","1373.87976","-717.42151","-529.01056","979.30389","-707.68658","-1039.74512","979.84076","-637.86230","-539.63202","796.61426","-605.66718","-1022.39618","809.16626","-486.31442","-660.94971","838.92993","-566.70081","","","","-773.61853","921.20087","-783.75751","-651.92542","435.94061","-488.30344","-919.41547","420.29297","-608.29919","-668.52197","204.52547","-731.17310","-904.58966","82.09186","-665.20258",NA,"P3",23,17
140,1.39,"-650.25537","1488.88782","-448.78867","-776.35962","1592.58325","-688.66376","","","","-837.82037","1512.90942","-491.62119","-584.45935","1317.06787","-674.87317","-947.22003","1322.36255","-644.34680","-751.77271","1200.52600","-533.38562","-776.21851","1374.39490","-709.43103","-531.13617","979.24731","-699.89771","-1041.21643","979.90442","-626.18658","-540.17810","797.59607","-599.23987","-1022.34180","809.60052","-474.36459","-662.27985","839.78540","-560.09760","","","","-775.50214","921.81500","-776.71735","-653.34131","439.08740","-473.59390","-920.15253","419.51776","-608.17267","-674.37915","199.63882","-708.10840","-904.74774","82.01434","-663.87036",NA,"P3",23,17
141,1.4,"-651.25647","1488.59631","-440.17487","-777.72723","1592.91199","-680.35242","","","","-837.30554","1513.04468","-482.64822","-586.00323","1317.77905","-668.42517","-948.90875","1322.54102","-635.03088","-751.49225","1200.14246","-525.88312","-777.96588","1374.71326","-700.91797","-531.88049","980.34863","-694.66162","-1042.53699","980.00085","-614.84320","-541.26373","797.82751","-592.95551","-1023.21564","811.07013","-462.67126","-663.14868","840.35754","-553.31342","","","","-777.38428","922.16949","-769.48407","-654.32513","442.16794","-460.08612","-921.23956","419.11609","-605.18286","-680.11169","194.08191","-685.19598","-904.79761","81.62350","-663.00458",NA,"P3",23,17
142,1.41,"-709.64355","1466.92480","-404.49811","","","","-647.31915","1538.89136","-629.43927","-838.29419","1513.49939","-474.70020","-587.25580","1317.70605","-660.97870","-950.02148","1323.05530","-626.08105","-752.72656","1199.63660","-517.87402","-779.54395","1374.96338","-692.71698","-533.83545","980.90210","-688.54211","-1043.73926","980.60364","-604.42578","-540.95215","798.48596","-585.38672","-1023.87469","811.35071","-452.08093","-663.68359","841.04291","-545.91693","","","","-779.07111","922.59357","-761.77808","-655.66553","444.98709","-447.81757","-922.33466","419.99005","-600.09631","-686.00671","187.64284","-661.08453","-905.07300","82.00356","-661.20026",NA,"P3",23,17
143,1.42,"-710.88934","1467.35962","-394.70215","","","","-648.10004","1538.61353","-621.22083","-837.07977","1512.91479","-465.18027","-588.36298","1318.24536","-654.67957","-950.82141","1322.78894","-616.27643","-752.10284","1200.56104","-509.04019","-780.84741","1375.19250","-684.40192","-534.46741","981.00031","-682.74445","-1044.69177","980.24811","-593.02411","-541.87958","799.60364","-578.81787","-1023.43878","812.09399","-441.00424","-665.30914","841.19275","-538.63940","-916.15894","848.93884","-551.07965","-780.63934","923.02820","-754.21759","-656.51788","447.84460","-434.66208","-922.96094","419.61920","-597.48413","-692.05670","180.38138","-636.93213","-905.31030","82.82767","-659.08606",NA,"P3",23,18
144,1.43,"-710.11609","1467.49121","-387.63361","","","","-648.76862","1537.94727","-611.56616","-837.77222","1513.17932","-456.82764","-589.44592","1317.91919","-647.36938","-951.80475","1322.73987","-606.82245","-753.55133","1200.00574","-502.38181","-782.13049","1375.38940","-676.58612","-536.18854","981.17865","-676.15991","-1045.57422","980.58710","-582.38031","-540.56787","799.95709","-571.63812","-1022.88824","812.88397","-429.58490","-666.09747","841.40643","-532.41199","-919.05084","850.85791","-542.39343","-782.22375","923.17859","-747.08917","-656.54517","449.91742","-422.95660","-922.87189","418.08087","-597.45221","-696.24585","172.93747","-611.77307","-905.20135","83.03369","-658.76154",NA,"P3",23,18
145,1.44,"","","","","","","-649.27472","1537.49487","-602.94324","-836.58044","1512.91919","-448.29758","-589.99457","1317.90222","-639.68335","-952.49982","1322.73608","-597.76740","-752.87878","1199.17712","-493.71774","-783.32648","1375.18970","-667.47034","-537.14508","981.02368","-668.97949","-1046.03857","980.35754","-571.41150","-540.60223","799.60156","-564.88794","-1022.35559","813.08612","-417.95740","-667.43231","841.65704","-524.44141","-919.16693","850.26825","-533.74249","-783.72345","923.28851","-739.56586","-657.48669","451.76700","-412.09039","-922.75568","418.36868","-594.73853","-701.41736","165.63470","-585.98206","-904.95190","83.43278","-657.99298",NA,"P3",23,17
146,1.45,"-707.53625","1467.51855","-372.28918","","","","-649.65112","1537.03638","-594.71326","-836.28784","1512.87927","-439.81094","-591.51160","1317.79883","-632.46991","-952.98120","1322.46802","-588.13257","-752.63629","1198.62207","-486.02988","-784.42151","1374.91711","-659.23022","-537.88391","980.69470","-663.57538","-1045.96899","979.95856","-560.58691","-541.38586","799.33112","-558.82025","-1021.73810","812.55469","-406.86075","-667.88507","840.73792","-517.36719","-919.48151","850.37488","-524.57892","-785.21472","923.07233","-731.56787","-658.01825","453.25580","-401.31052","-922.63348","417.51608","-592.42114","-705.03528","158.12280","-560.31866","-904.42529","83.06799","-659.21338",NA,"P3",23,18
147,1.46,"-708.00049","1467.60364","-364.62915","","","","-649.94702","1536.18762","-586.18274","-836.99512","1513.13232","-431.55066","-591.86884","1317.23840","-624.96729","-953.64618","1322.23962","-579.27563","-753.15027","1198.26990","-480.55536","-785.29480","1374.48926","-650.50281","-539.43231","980.63922","-657.28088","-1046.39136","980.13666","-549.71893","-539.91150","799.56909","-551.17853","-1021.06653","813.81342","-395.85718","-668.44684","841.31519","-509.41525","-920.10645","849.43048","-516.85144","-786.47510","922.85791","-723.67566","-657.80829","453.93246","-391.28094","-922.30487","417.06265","-591.51849","-708.53058","151.00352","-534.11438","-904.23688","83.31004","-658.61188",NA,"P3",23,18
148,1.47,"","","","","","","-650.20947","1535.13123","-577.39063","-836.51752","1512.75122","-423.19119","-592.49609","1316.62817","-617.00977","-953.99579","1321.48840","-569.54742","-753.31433","1197.38354","-469.96063","-786.11212","1374.09998","-642.53546","-540.16095","980.10626","-650.26721","-1046.55566","979.26575","-539.10278","-538.86011","800.02118","-544.91980","-1019.53052","814.03168","-386.31906","-668.11243","840.74896","-502.55322","-920.45581","848.94061","-508.73495","-787.56567","922.69269","-715.57666","-658.10114","455.08920","-382.38779","-922.36627","416.93982","-589.50159","-711.84943","144.27446","-506.25708","-903.62421","83.41077","-659.35406",NA,"P3",23,17
149,1.48,"-706.16144","1466.87927","-350.63992","","","","-650.36853","1533.94312","-568.64935","-836.10632","1512.69556","-415.57401","-593.08234","1316.20142","-610.41730","-954.05872","1320.87134","-560.12946","-754.14111","1196.64209","-463.81894","-786.78900","1373.50610","-634.40649","-540.77161","979.94202","-644.67188","-1046.48877","978.99225","-529.12354","-538.10565","800.22290","-538.48767","-1018.21320","812.83820","-373.42288","-669.29095","840.96777","-494.44592","-920.29846","848.52319","-500.08008","-788.46417","922.49567","-707.56104","-658.41113","454.83157","-373.76270","-922.62756","415.83694","-586.39893","-713.30023","137.76895","-479.45541","-903.25043","83.89509","-658.16119",NA,"P3",23,18
150,1.49,"-704.24829","1466.11304","-342.01428","","","","-650.32477","1532.77405","-560.17126","-834.37573","1511.17334","-406.16467","-592.71503","1315.17004","-601.75476","-953.98047","1319.87610","-550.61285","-752.47174","1194.98022","-454.78308","-787.36365","1372.69348","-625.51038","-541.42310","979.48743","-638.13879","-1046.02710","978.00122","-518.43390","-536.99500","799.59412","-530.68341","-1017.41266","812.50739","-364.14911","-669.33148","839.32288","-486.89410","-919.93524","848.18909","-491.75592","-789.25751","922.09479","-699.63770","-658.83423","453.57101","-365.29156","-922.79681","415.59357","-582.98712","-714.71985","131.21786","-452.50732","-902.55927","84.82885","-655.96875",NA,"P3",23,18
151,1.5,"-702.80798","1465.87195","-334.06390","","","","-650.14966","1531.55530","-551.55280","-833.49438","1510.74866","-397.88162","-593.32214","1314.34509","-594.23407","-954.17981","1319.10754","-541.83026","-751.90417","1194.59644","-446.76547","-787.71277","1371.96948","-617.11322","-542.00262","978.37292","-631.05731","-1045.74121","977.04260","-507.91269","-535.18591","798.35468","-523.96594","-1016.47009","812.00793","-354.85312","-669.43750","838.71991","-478.91837","-921.12897","847.64813","-483.68976","-789.84943","921.78204","-692.24127","-659.88049","452.13855","-358.46988","-921.98804","413.73685","-581.81299","-716.12042","125.35509","-424.88837","-901.86310","85.67047","-653.72546",NA,"P3",23,18
152,1.51,"-701.21582","1465.40686","-326.07516","","","","-650.01398","1529.92590","-542.93884","-832.50092","1510.23328","-389.29108","-593.53613","1313.16370","-586.54761","-954.37646","1318.33582","-532.48895","-751.63446","1193.20349","-438.05869","-787.88269","1370.99939","-608.67090","-541.83691","977.23035","-624.01001","-1045.44910","976.07837","-497.96094","-535.08051","797.46729","-517.85565","-1013.79663","811.67810","-342.80838","-669.01752","837.20306","-471.29074","-921.56378","846.49854","-475.86035","-790.33893","920.94128","-683.40411","-660.61432","451.12057","-351.04568","-921.37347","415.04816","-573.19629","-716.24780","121.24319","-398.28925","-900.89789","85.31811","-653.67621",NA,"P3",23,18
153,1.52,"-700.40143","1464.00427","-319.33612","","","","-649.56219","1528.60022","-534.17535","-832.23126","1510.36536","-381.94073","-593.49780","1311.62488","-579.21326","-954.02814","1317.02173","-523.50543","-750.84772","1192.07983","-429.33881","-788.02319","1369.72144","-600.18170","-541.44403","976.58063","-618.06354","-1044.34753","974.63495","-487.97415","-533.37415","795.91241","-511.64923","-1011.81549","811.34613","-331.36948","-668.69635","836.38257","-462.42093","-919.80609","845.42444","-466.50415","-790.51984","920.21185","-674.92651","-661.76947","449.15814","-343.86896","-920.00458","414.47351","-570.46423","-715.16644","117.54165","-372.84009","-900.56714","85.69537","-652.60156",NA,"P3",23,18
154,1.53,"-698.16571","1463.62549","-311.92111","-785.51587","1583.62646","-575.96423","-648.40540","1523.94263","-506.95187","-830.26392","1508.29016","-372.45807","-593.07660","1310.67542","-571.61957","-953.87024","1315.71155","-514.35388","-750.74609","1190.75806","-421.47253","-788.05933","1368.30383","-591.52979","-541.52625","975.37683","-611.45135","-1043.87744","973.40442","-478.23038","-532.27985","794.93506","-504.34970","-1011.35596","810.60760","-322.10516","-668.90692","833.64911","-454.01526","-921.10016","844.81421","-457.94592","-790.58484","919.24835","-666.09967","-662.95056","446.48700","-337.29123","-919.87433","412.89108","-565.19067","-713.88293","114.41882","-346.52628","-900.16864","86.14589","-651.30518",NA,"P3",23,19
155,1.54,"-697.51984","1462.84363","-303.79285","-785.21228","1582.06006","-567.67242","-648.24518","1522.75830","-499.16290","-828.69672","1507.80261","-364.29688","-592.29382","1309.02625","-563.61548","-953.31305","1314.62012","-505.70361","-750.29968","1188.99365","-415.29993","-787.93677","1366.98730","-583.02356","-541.83185","973.79504","-602.95618","-1043.22192","971.99127","-468.67032","-530.95636","793.25964","-497.72623","-1009.78412","808.70361","-311.82208","-668.94952","832.96344","-445.32620","-921.27441","843.61554","-449.76834","-790.59027","918.35583","-657.95746","-664.81287","443.99741","-332.44736","-919.62915","412.05792","-563.69806","-712.79718","112.80936","-323.36267","-899.90887","86.47635","-650.47314",NA,"P3",23,19
156,1.55,"-694.61432","1462.10059","-295.70947","-784.84796","1580.56531","-559.95837","-647.86249","1521.03284","-491.11142","-827.42517","1507.11987","-356.20178","-592.67548","1307.33374","-555.57556","-952.84302","1313.08105","-496.30194","-749.31970","1188.32092","-405.23703","-787.59302","1365.62683","-574.70691","-541.81470","971.96057","-596.02423","-1041.90186","970.37140","-458.17914","-528.81958","791.66608","-490.79483","-1007.70203","807.57098","-302.02139","-667.72772","830.77692","-437.41177","-919.48413","841.70990","-440.74976","-790.55548","916.80389","-649.12341","-665.89923","441.65369","-324.91202","-920.30060","413.15405","-556.65900","-709.91168","112.07264","-298.85373","-899.72498","86.84430","-649.93213",NA,"P3",23,19
157,1.56,"-693.64502","1460.96948","-287.56100","-784.26770","1579.18103","-552.04718","-646.53967","1519.37170","-483.78793","-826.07965","1506.01025","-347.34332","-592.26031","1305.58936","-547.86865","-951.96094","1311.87561","-488.06570","-748.16656","1186.42810","-396.13239","-787.07477","1364.15320","-566.01697","-540.72815","969.99084","-588.00891","-1041.10596","968.77753","-448.34824","-528.63190","789.61292","-483.26367","-1005.97046","806.93121","-293.60773","-667.43243","829.25153","-427.51926","-918.59528","840.65839","-431.23911","-790.34180","915.18286","-639.98291","-667.31494","439.84860","-319.73233","-919.45868","412.15686","-553.29755","-708.19415","113.43410","-277.24002","-899.57947","87.14171","-649.50647",NA,"P3",23,19
158,1.57,"-690.54303","1460.10803","-279.58789","-783.56097","1577.79175","-543.86786","-645.96173","1518.43323","-476.89456","-824.22095","1505.16504","-338.97543","-591.52362","1304.03003","-539.94183","-951.56085","1310.31641","-478.06659","-747.30597","1185.07678","-386.89957","-786.40607","1362.63403","-557.09479","-540.55902","967.87012","-580.32489","-1039.65857","967.10992","-438.87332","-526.69354","787.79462","-476.10300","-1004.29803","803.66766","-283.59610","-667.29761","827.22925","-418.08832","-920.78925","841.07233","-423.32404","-789.72430","913.97107","-631.02698","-667.87402","436.27798","-314.33011","-918.85889","411.32086","-549.55243","-706.35651","114.00204","-257.19473","-900.30078","91.04994","-645.01276",NA,"P3",23,19
159,1.58,"","","","-782.64825","1576.40894","-535.99445","-644.47998","1517.31750","-469.87137","-823.14343","1503.88013","-330.88940","-590.66986","1302.33569","-531.75244","-950.24774","1308.22900","-467.89667","-746.11871","1184.07190","-377.07135","-785.53070","1361.07642","-548.92841","-539.24933","967.26263","-572.86292","-1038.06689","965.64325","-429.30670","-525.78284","785.87622","-469.26318","-1001.78253","803.80298","-272.87122","-666.41541","824.53967","-409.44394","-918.55890","838.74695","-413.06134","-788.96948","912.53223","-621.60626","-668.88434","434.36511","-308.34601","-918.36780","410.84357","-544.58478","-704.18854","114.98196","-237.17041","","","",NA,"P3",23,17
160,1.59,"-687.19690","1457.80518","-265.18607","-781.60590","1575.31873","-528.04022","-643.21375","1515.73340","-461.78629","-821.09045","1503.26233","-322.25778","-588.97522","1300.68237","-523.86731","-948.85413","1307.28394","-460.17825","-745.17651","1182.66321","-368.88599","-784.38879","1359.48267","-540.02258","-538.58179","964.59906","-565.03729","-1036.86267","963.78876","-419.79639","-525.01434","782.73865","-462.13989","-999.36377","801.92682","-263.93301","-665.77557","823.29230","-399.80005","-916.46545","836.28857","-403.21262","-787.44031","910.01312","-611.96777","-669.12604","432.77505","-301.77542","-917.57886","410.84491","-538.74884","-702.06091","115.92293","-220.98354","","","",NA,"P3",23,18
161,1.6,"-685.20428","1456.88477","-257.28229","-780.49542","1574.05408","-519.56439","-641.72784","1514.22107","-454.05618","-819.10596","1502.87280","-314.00311","-588.30621","1298.88171","-515.17212","-947.23035","1305.80322","-451.53555","-743.30145","1181.50378","-359.58041","-783.04572","1357.81665","-531.16559","-537.69647","963.00714","-556.55859","-1034.60461","962.34229","-409.99240","-523.99927","780.78320","-454.30048","-997.25482","800.41064","-255.76692","-665.18781","821.06653","-390.54056","-918.88458","836.70789","-393.92752","-786.43817","908.39923","-602.11633","-668.12469","431.64813","-295.59842","-917.44421","409.73157","-536.53369","-699.98712","116.48242","-204.74155","","","",NA,"P3",23,18
162,1.61,"-683.52362","1456.15381","-249.39278","-779.11108","1572.80005","-511.76712","-640.00592","1513.20691","-446.28815","-816.52637","1501.78955","-305.51819","-586.48944","1296.95813","-506.28580","-946.03650","1304.79260","-441.91196","-742.28595","1180.19006","-349.41583","-781.41138","1356.49475","-521.93121","-536.83008","961.31128","-548.07587","-1032.91052","961.12909","-401.48947","-522.97791","778.30554","-447.31720","-995.83667","798.52704","-247.73756","-664.60449","818.57330","-380.77408","-918.30737","836.13593","-385.03534","-785.81470","907.78070","-593.07855","-668.16815","430.09473","-286.32675","-917.40393","409.16943","-530.94745","-697.81915","117.00665","-192.12375","","","",NA,"P3",23,18
163,1.62,"-681.09802","1455.88989","-241.37196","-777.58795","1571.60193","-503.72775","-638.38538","1511.85645","-438.62808","-814.22845","1501.61792","-297.34253","-585.04395","1295.11328","-497.46497","-944.34766","1303.65540","-432.38110","-740.60693","1178.37354","-340.06213","-779.69318","1355.11560","-512.61670","-535.73059","959.59009","-540.31866","-1030.68628","959.45392","-391.85257","-521.80225","775.85986","-440.06223","-992.46753","798.44556","-236.14978","-664.03613","817.76202","-371.90710","-914.97717","833.27502","-373.65451","-784.81238","906.02014","-582.84039","-669.29968","429.36017","-278.63614","-917.02155","409.31656","-525.13647","-696.35345","116.28388","-181.41580","","","",NA,"P3",23,18
164,1.63,"-678.19336","1455.41382","-233.31142","-775.80475","1570.37976","-495.45303","-636.35498","1510.59778","-431.10358","-811.82220","1500.60986","-288.67105","-582.67719","1293.65002","-488.63327","-942.35889","1302.64661","-423.19528","-738.37915","1177.92407","-330.71481","-777.72607","1353.95081","-504.04694","-534.53705","957.89734","-531.96118","-1028.56128","958.61798","-383.37274","-521.41968","773.63049","-432.24829","-989.92743","796.47565","-228.08624","-663.12567","815.81317","-362.48230","-917.55017","833.85327","-364.68744","-783.99738","904.88641","-573.45575","-667.73163","427.96094","-268.34824","-915.83173","408.69424","-516.20679","-694.95782","116.18620","-173.56418","","","",NA,"P3",23,18
165,1.64,"-675.32782","1456.00574","-225.67929","-773.82568","1569.45874","-487.68927","-634.36725","1510.11157","-423.77899","-808.76923","1500.22241","-280.26831","-581.22742","1292.06519","-480.28940","-940.30103","1301.36243","-413.37582","-735.72424","1176.84119","-321.15948","-775.81305","1352.68481","-494.79703","-533.21582","956.34955","-523.02448","-1026.02087","957.44659","-374.16068","-519.90771","771.95105","-425.38693","-988.06921","795.91827","-218.76279","-661.12274","815.73846","-352.54916","-915.34039","830.88519","-353.45154","-783.18256","904.13690","-563.54761","-665.39185","428.65033","-258.15042","-915.91125","409.08511","-510.09079","-694.65424","113.38311","-165.44452","","","",NA,"P3",23,18
166,1.65,"","","","-771.74426","1568.18079","-479.43692","-631.86542","1508.38623","-414.64682","-805.28607","1500.48828","-271.89801","-578.92377","1290.66003","-470.70816","-938.24390","1301.18396","-403.92004","-733.96338","1175.93896","-311.30972","-773.14801","1350.84814","-485.32104","-531.63843","954.89758","-514.14771","-1023.67859","956.67218","-365.34689","-517.99335","769.13342","-417.76102","-985.68445","793.97266","-210.79182","-660.15601","813.95135","-343.07382","-913.63397","829.98749","-343.30569","-782.41321","902.64844","-553.92365","-663.42505","427.66681","-248.16489","-915.76062","407.78281","-506.05124","-694.45551","111.28484","-161.84712","","","",NA,"P3",23,17
167,1.66,"","","","-769.51813","1567.28027","-471.52014","-629.10266","1508.17761","-407.24646","-802.19403","1499.88196","-262.37051","-577.13312","1289.44226","-461.77521","-935.61182","1299.85828","-392.80804","-731.75854","1175.45544","-301.02029","-771.20587","1349.95569","-476.06668","-530.44550","953.33502","-504.69531","-1021.39136","956.03156","-356.57303","-517.49091","767.15942","-409.96613","-983.08716","793.25024","-203.01761","-658.75061","813.60754","-333.63370","-911.71808","829.32794","-332.67996","-782.30011","902.26074","-543.82672","-662.16736","428.11911","-238.15683","-915.23047","406.56384","-499.37814","-696.16907","109.01317","-158.05894","","","",NA,"P3",23,17
168,1.67,"-665.43323","1455.83215","-200.42923","-767.08240","1566.22119","-463.41663","-626.60687","1506.82813","-399.59274","-799.23413","1499.90417","-253.97116","-575.10004","1288.15417","-453.43774","-933.26337","1300.05920","-383.40012","-727.89618","1174.00146","-293.46548","-769.09894","1349.65210","-466.84152","-528.93762","952.38971","-495.34958","-1018.53931","955.44489","-347.80899","-515.43695","765.40314","-402.69235","-979.75952","791.71484","-193.48254","-657.05634","813.05438","-324.29645","-910.46643","827.63519","-321.95084","-781.77100","900.64673","-532.86591","-660.38092","426.69046","-228.30595","-914.10510","409.28687","-483.11493","-697.33997","105.53873","-154.19594","","","",NA,"P3",23,18
169,1.68,"-662.46423","1455.95752","-191.69435","-764.59808","1565.39478","-455.03085","-623.81677","1507.23621","-392.03818","-797.25360","1500.99121","-246.09827","-572.63702","1287.49817","-444.56982","-930.30786","1299.29504","-373.04568","-725.32941","1174.44873","-284.19403","-766.64655","1348.58374","-456.93469","-526.43091","950.93683","-486.35181","-1016.41553","955.25220","-339.39063","-514.32245","763.87506","-394.48456","-978.12799","790.95306","-186.09804","-654.33136","813.30994","-312.68420","-906.84271","826.39368","-309.45792","-781.06427","900.29346","-522.18652","-659.16833","426.17468","-218.50546","-914.36792","408.91202","-474.53101","-697.22437","104.13963","-148.67744","","","",NA,"P3",23,18
170,1.69,"-659.75220","1456.57190","-182.16702","-762.04834","1564.89783","-446.85202","-621.23846","1507.22876","-383.60925","-793.76099","1500.09131","-236.98505","-570.12537","1286.42578","-435.62881","-927.85022","1299.78345","-362.56500","-722.13849","1174.21985","-273.95245","-764.23389","1348.67029","-448.08548","-525.26215","950.32416","-477.27740","-1013.39673","955.14343","-330.25952","-513.09924","762.00494","-386.79974","-975.43921","790.01990","-178.14249","-652.22736","814.02960","-302.14432","-905.05157","825.57263","-299.15222","-780.52209","899.49658","-511.06241","-657.64197","425.21396","-209.09363","-912.90991","407.61877","-464.22845","-696.56659","104.70657","-142.64139","","","",NA,"P3",23,18
171,1.7,"-655.89453","1457.99695","-173.48500","-759.25525","1564.99182","-438.20026","-618.40033","1506.99658","-374.89011","-790.68793","1501.19067","-228.77495","-567.73462","1285.83203","-427.00760","-924.74762","1299.80493","-351.35083","-719.94269","1174.34485","-264.87759","-761.74512","1348.77917","-438.61533","-523.38440","949.79517","-469.72339","-1011.09198","955.53485","-321.53308","-511.57590","761.00458","-378.02328","-972.74689","789.40570","-169.83084","-649.63489","814.45496","-292.21704","-903.17896","825.88397","-287.17236","-779.24274","899.59906","-500.69247","-656.95575","425.39645","-200.34134","-911.62518","407.96454","-454.03400","-696.10406","104.09797","-138.70580","","","",NA,"P3",23,18
172,1.71,"-652.51923","1459.30078","-164.94551","-756.32507","1564.53479","-429.50626","-615.80255","1507.95813","-366.50238","-787.56854","1502.28040","-219.81407","-565.27533","1285.62195","-418.98685","-921.70129","1300.62708","-341.30969","-716.47998","1175.49426","-254.92534","-759.16278","1349.28857","-429.52713","-521.71515","948.57471","-460.31387","-1008.26007","955.77173","-312.35260","-509.28659","760.32379","-369.51422","-969.65710","789.20386","-165.09251","-646.44849","814.65393","-281.64517","-897.93695","825.63397","-273.54071","-778.09515","899.55835","-489.95737","-655.59448","426.33615","-192.39757","-911.07214","407.13943","-442.09686","-695.25922","103.04630","-135.52144","","","",NA,"P3",23,18
173,1.72,"-648.64728","1461.10449","-156.94685","-753.46100","1564.73010","-420.18765","-612.49518","1508.77429","-358.47397","-784.82660","1504.13013","-210.96063","-562.21368","1285.84717","-410.27353","-918.76733","1301.74341","-330.74872","-713.11847","1176.43518","-245.12512","-756.46918","1349.88635","-419.60666","-520.03119","948.79144","-451.11737","-1005.63916","957.11035","-303.59506","-509.41580","759.41669","-361.09460","-968.30029","787.18738","-157.19691","-643.04633","815.55762","-270.48398","-895.67340","825.15503","-262.37863","-776.26025","900.05969","-478.85666","-653.44818","427.36163","-183.03630","-910.37915","407.13641","-429.69391","-694.86511","102.39463","-130.76366","","","",NA,"P3",23,18
174,1.73,"-645.56140","1462.15515","-148.31964","-750.60016","1565.40051","-411.13464","-609.40448","1510.28503","-349.30035","-781.42804","1505.61438","-201.87143","-559.49542","1286.06970","-401.74442","-915.41083","1302.73425","-319.28372","-709.39331","1177.31128","-235.84094","-753.65851","1350.10828","-410.02637","-518.30389","948.71436","-442.52148","-1002.84583","958.44202","-294.75421","-507.54419","760.17865","-353.22510","-965.44727","788.12512","-149.31508","-640.24683","816.78912","-260.72842","-893.09564","826.39880","-251.00896","-774.99084","900.51752","-467.72269","-651.93408","427.54205","-172.87463","-910.19666","406.88431","-415.76593","-693.60016","101.99079","-128.07188","","","",NA,"P3",23,18
175,1.74,"","","","-747.84760","1566.85059","-402.18491","-606.51117","1511.81335","-340.47961","-777.61603","1506.29846","-192.19704","-557.20624","1287.11108","-393.73724","-912.29828","1304.34412","-308.91818","-704.66602","1179.01428","-226.36972","-751.16083","1351.70605","-401.05801","-516.82489","949.40405","-434.08777","-999.69067","960.23224","-284.87518","-506.17065","760.89899","-343.82056","-963.64532","788.67523","-140.42860","-636.65411","818.45563","-251.14362","-887.90051","826.70813","-239.89395","-773.47284","901.50677","-456.75223","-649.43799","428.97562","-164.61624","-909.57556","406.87158","-400.29239","-692.93182","101.99082","-124.38867","-906.62109","127.66676","-598.87634",NA,"P3",23,18
176,1.75,"-637.79858","1466.36951","-129.29268","-745.31750","1568.20850","-393.38531","-603.58252","1513.66809","-331.14474","-773.82452","1507.47986","-183.05138","-554.46771","1288.21973","-385.94077","-908.86993","1306.52478","-298.76733","-700.81335","1180.85486","-216.85379","-748.16602","1353.20715","-391.73724","-515.72076","950.17615","-423.85181","-997.03540","962.63330","-275.95343","-504.65729","761.32867","-334.61398","-961.04364","788.25317","-134.76146","-633.28082","820.61432","-240.55054","-885.96680","828.22961","-228.04747","-771.84882","902.45819","-445.56323","-647.59491","429.76511","-156.13559","-909.98981","406.87653","-383.89993","-692.29706","102.05914","-122.99602","-908.86627","132.38203","-589.99677",NA,"P3",23,19
177,1.76,"-634.89258","1468.16016","-120.00720","-742.46509","1569.64868","-383.95798","-600.17761","1515.61975","-322.62613","-769.39923","1507.96436","-172.61827","-551.88806","1289.51196","-377.78323","-905.32452","1308.53784","-288.21402","-697.79083","1182.10461","-208.06250","-745.64551","1354.97180","-382.64664","-514.00159","951.77557","-416.19864","-993.79846","964.92731","-266.27811","-503.01056","763.14606","-325.62222","-958.12695","788.86401","-127.34627","-629.17096","823.05011","-231.98506","-882.21118","829.46729","-217.19994","-770.08875","903.71228","-434.57193","-645.93164","431.05347","-148.88573","-912.51697","407.10870","-367.26480","-691.63623","102.08844","-120.37980","-911.36151","138.04485","-580.64758",NA,"P3",23,19
178,1.77,"-630.81183","1470.64783","-110.80895","-739.92834","1571.49170","-375.35175","-596.93658","1517.89050","-313.66998","-766.54730","1509.92590","-163.55219","-548.91785","1290.82703","-369.47995","-901.98828","1311.01941","-277.95032","-694.60730","1184.67932","-198.52383","-742.57904","1356.54236","-373.44067","-511.96127","952.97986","-407.76331","-990.63324","967.79895","-256.98590","-501.97531","764.22125","-316.25580","-955.47839","789.82690","-120.12305","-625.81561","825.01074","-221.74152","-878.67731","829.11505","-209.07199","-768.95935","905.30505","-424.11017","-645.85522","429.50873","-143.69057","-911.11707","406.12314","-347.72522","-691.03314","101.82939","-118.19601","-913.90820","143.26680","-569.34961",NA,"P3",23,19
179,1.78,"-626.95892","1472.46753","-102.78519","-736.55743","1572.65649","-365.26239","-594.25171","1520.46545","-305.08160","-763.50995","1511.75769","-154.96301","-546.33002","1292.93994","-362.19119","-898.51874","1313.47656","-267.77722","-690.13470","1187.07947","-189.20663","-740.07104","1358.92236","-364.68665","-510.30841","955.09705","-399.96649","-987.81024","970.74310","-247.36708","-499.46414","766.80200","-307.47296","-952.48608","790.21454","-114.19521","-621.52612","827.92920","-213.16302","","","","-767.73480","907.87927","-413.56079","-642.10522","431.35834","-137.70746","-912.98163","406.87753","-329.09354","-690.71869","102.07977","-117.69055","-916.45850","149.23083","-557.33081",NA,"P3",23,18
180,1.79,"-624.04480","1473.97986","-94.18752","-733.77380","1575.12756","-356.88690","-591.31958","1522.43909","-295.67560","-760.95813","1513.47754","-146.62491","-544.11035","1294.83899","-355.10748","-895.12854","1315.90405","-257.90079","-685.24542","1189.33801","-180.51811","-737.59692","1360.59338","-355.64297","-508.53021","956.72772","-391.16718","-984.53491","973.40063","-237.65292","-497.59988","769.21741","-297.66507","-950.21710","792.02087","-106.11519","-617.81494","830.07349","-204.38669","","","","-766.40009","909.62750","-403.26392","-641.56958","430.63339","-133.85104","-912.73914","407.15170","-308.58029","-690.02069","102.32584","-117.31902","-919.72754","155.29741","-542.96857",NA,"P3",23,18
181,1.8,"-621.03894","1475.53772","-85.64249","-731.35065","1576.91235","-347.79776","-588.06586","1524.22021","-286.58405","-757.63177","1514.76184","-137.43158","-540.87622","1296.68530","-347.36444","-891.74109","1318.51648","-247.86497","-681.79285","1192.19250","-172.37914","-734.66522","1362.75891","-347.44098","-506.89621","958.61688","-382.64673","-981.37982","976.55975","-228.83131","-495.23688","771.22876","-288.83188","-947.73920","793.01190","-97.48238","-614.32404","832.25275","-196.76558","-864.38983","836.72949","-170.80882","-765.57458","911.64355","-393.18713","-637.70276","431.39926","-129.66052","-908.72424","405.44186","-287.46042","-689.57538","102.40881","-116.28873","-921.72656","163.69270","-531.84583",NA,"P3",23,19
182,1.81,"-618.36005","1477.29395","-76.97646","-728.15088","1578.82166","-338.32666","-585.12793","1525.87708","-277.08179","-754.43164","1516.29321","-128.87788","-538.97809","1298.89563","-339.94452","-888.37836","1320.66675","-237.68732","-678.76154","1194.37183","-164.32831","-731.46021","1363.39697","-337.68158","-504.85599","960.23700","-374.09601","-978.61737","979.22736","-218.96063","-492.79517","773.80200","-278.75403","-945.35260","794.09680","-91.15055","-611.46503","833.86499","-188.99898","-860.12433","838.58356","-159.83472","-763.82141","913.33740","-383.56293","-634.65234","431.45456","-126.97552","-906.42706","405.25964","-265.86133","-689.02802","102.58784","-116.67950","-923.90222","170.60370","-516.14661",NA,"P3",23,19
183,1.82,"-613.75647","1478.38916","-68.93327","-725.33148","1580.71228","-329.69684","-582.03076","1527.70398","-268.95831","-751.64307","1518.13550","-119.50990","-536.15521","1300.60986","-332.84946","-885.09747","1322.84766","-228.11078","-675.51685","1196.27747","-154.32759","-729.20105","1365.28113","-329.70486","-502.40436","961.57062","-365.13724","-975.56421","981.35632","-208.98091","-489.93265","775.80408","-269.28030","-941.55585","796.30646","-81.51559","-608.05084","835.55151","-181.98862","-856.00049","839.26019","-149.13921","-762.92328","915.37695","-374.39343","-632.91052","431.32712","-123.92657","-902.90430","404.27951","-244.31169","-687.92834","101.40488","-114.65579","-925.67120","177.51952","-498.93317",NA,"P3",23,19
184,1.83,"-610.10999","1480.35828","-60.98651","-722.37970","1582.48425","-320.69263","-579.22009","1529.72351","-261.04370","-749.03998","1519.83228","-112.13101","-534.40717","1302.53345","-325.10986","-881.68317","1325.02441","-218.12202","-671.07678","1198.38354","-146.46693","-726.65985","1367.91003","-321.17053","-500.05887","963.53741","-357.17749","-972.83069","983.97949","-200.07976","-487.33981","777.81372","-259.26569","-939.54565","797.20123","-74.84409","-604.21991","836.87897","-173.55539","-852.79401","841.97003","-141.15448","-761.59314","916.85022","-365.98370","-631.35602","430.75891","-121.72803","-899.39819","405.00961","-221.85754","-687.42181","101.99904","-116.08634","-926.85791","184.42749","-480.55115",NA,"P3",23,19
185,1.84,"-606.06927","1481.19763","-52.00321","-719.97217","1584.21130","-312.46112","-575.71942","1531.45117","-252.13425","-744.36609","1520.57568","-102.73821","-531.75513","1303.49988","-317.57901","-878.71973","1326.51404","-208.08952","-667.40546","1199.51172","-137.51942","-723.92566","1368.71350","-311.87149","-497.92822","965.28223","-349.52405","-970.05432","985.94476","-190.54239","-484.47415","780.32861","-248.83696","-935.88037","799.07062","-65.05863","-601.68848","837.56622","-167.58121","-849.14026","844.19757","-131.58853","-760.34967","918.50458","-356.93652","-629.47919","430.53406","-119.15183","-895.74005","405.78210","-200.45235","-686.96295","101.79772","-115.29270","-928.28546","191.79149","-462.74243",NA,"P3",23,19
186,1.85,"-603.64026","1483.13953","-43.82271","-716.84613","1585.82031","-303.51035","-572.97406","1532.86670","-244.07719","-741.17615","1522.31274","-93.56139","-529.28162","1304.90112","-309.69394","-875.55487","1327.90259","-199.03683","-664.49432","1201.11890","-129.48648","-721.43445","1370.30481","-304.05289","-495.58395","966.38165","-340.82199","-967.57312","987.54333","-180.55728","-481.34647","782.61877","-239.47916","-932.28461","800.87646","-56.58686","-597.80872","838.04535","-160.21985","","","","-758.65759","919.43127","-347.72470","-627.51508","430.39804","-117.93225","-890.79907","407.06067","-177.98959","-687.02136","101.79819","-116.25591","-929.88708","196.81181","-440.17505",NA,"P3",23,18
187,1.86,"-600.77112","1484.45068","-34.50002","-714.11694","1587.36304","-294.96283","-569.97870","1534.06165","-236.50381","-736.51947","1523.54285","-84.09129","-526.89020","1306.22046","-302.41464","-872.79980","1329.42554","-189.51343","-661.18921","1203.02539","-121.71893","-719.23578","1371.89282","-295.07938","-493.02646","967.19080","-331.72028","-965.09436","989.51624","-170.61829","-477.89755","784.87817","-229.55228","-929.70215","801.86426","-47.76289","-594.45886","839.32727","-153.35442","-842.00348","847.65820","-109.47050","-757.01361","920.67572","-339.82965","-626.47418","429.62463","-116.00778","-886.39075","408.98953","-155.46919","-686.67572","101.86174","-116.18124","-929.90533","202.83705","-419.67072",NA,"P3",23,19
188,1.87,"","","","-711.30682","1588.68579","-286.73218","-567.26129","1535.54480","-228.22307","-733.71942","1524.87048","-76.16470","-524.77832","1307.57629","-295.46347","-869.96320","1331.15796","-179.77547","-657.55695","1203.90112","-113.52535","-716.57849","1373.46741","-286.59039","-490.24988","968.61395","-323.17706","-962.55292","990.73584","-161.30363","-474.61691","786.59875","-219.31065","-926.50897","802.71594","-37.80651","-590.95062","839.72504","-147.05203","-838.46997","848.33063","-103.89629","-755.68317","922.13959","-331.72498","-625.20319","428.78134","-114.48547","-880.70685","411.21924","-133.46872","-686.52753","101.96443","-116.06324","-929.68573","208.76790","-400.13248",NA,"P3",23,18
189,1.88,"-593.67969","1486.79480","-19.02619","-708.71729","1589.93628","-278.46835","-564.23676","1536.94885","-220.21733","-730.92865","1525.78406","-68.02840","-522.45502","1309.23608","-288.01508","-866.89270","1332.55786","-171.61435","-655.08441","1204.88940","-106.28546","-714.30621","1374.75159","-277.70398","-487.58905","969.88165","-314.58075","-960.07739","992.61438","-152.55730","-472.19315","788.90240","-209.24690","-923.20374","803.78491","-29.19549","-588.15582","840.12201","-141.43007","-835.58337","849.56006","-95.43515","-753.69513","923.33484","-323.34003","-623.57782","428.83002","-112.93214","-874.93555","413.57654","-111.69774","-686.28479","101.61816","-114.71317","-929.22870","212.99251","-384.89908",NA,"P3",23,19
190,1.89,"","","","-705.90735","1590.88049","-269.74829","-560.92767","1538.04980","-212.80786","-727.67627","1527.08350","-59.25489","-520.21667","1310.15405","-280.68732","-864.12164","1333.41077","-161.96452","-652.14539","1205.53552","-98.48279","-711.88098","1375.98242","-269.94461","-484.28384","970.84521","-305.22818","-957.92828","993.46631","-141.94714","-468.37912","791.04852","-198.29778","-919.14917","804.72168","-20.04091","-585.37579","840.44507","-134.66020","","","","-752.19507","924.20648","-315.66055","-622.59216","429.11288","-111.00293","-868.46698","416.60437","-90.28030","-685.93170","102.00220","-114.64696","-927.69171","220.12968","-360.57733",NA,"P3",23,17
191,1.9,"-586.02637","1488.36511","-2.39463","-703.41290","1592.39575","-261.86249","-558.15820","1539.18799","-204.31834","-724.65594","1528.21399","-50.82418","-518.24915","1310.51868","-272.91803","-861.19720","1334.33667","-152.46289","-648.79907","1205.76550","-90.90256","-709.92542","1377.19067","-261.39685","-480.72876","971.84998","-296.24948","-955.37616","994.91199","-132.65256","-464.81842","793.40454","-187.72620","-916.74487","806.59668","-10.53496","-581.66705","840.94885","-129.29393","-827.45001","853.41638","-73.39082","-750.41949","924.94843","-307.74408","-620.81812","429.39700","-109.41351","-861.59064","419.67874","-70.49392","-685.81097","102.04362","-113.73678","-925.95721","223.85760","-339.01917",NA,"P3",23,19
192,1.91,"-581.79913","1490.40588","4.73180","-700.71777","1593.65918","-253.64473","-555.28735","1540.34143","-197.15224","-720.96661","1529.36108","-42.81905","-516.39258","1311.88123","-265.62891","-858.55573","1335.60486","-143.39336","-645.80316","1206.50354","-84.16544","-708.00140","1378.69324","-253.75714","-477.95660","973.11755","-287.74188","-953.00891","995.94452","-123.18313","-461.41336","795.29120","-177.79320","-913.19293","808.45404","0.13873","-578.63007","841.75562","-123.88927","-823.69330","855.29272","-65.85565","-749.06415","926.47540","-300.01770","-619.52032","429.11691","-107.08317","-854.84979","422.71497","-50.94183","-685.56860","102.26312","-113.49818","-923.98492","227.61049","-317.95480",NA,"P3",23,19
193,1.92,"-578.54395","1490.36414","11.99671","-697.97168","1594.85681","-244.69246","-552.29041","1541.26025","-190.87152","-716.59021","1530.10461","-34.29840","-514.57788","1313.14099","-259.01364","-855.80823","1337.05664","-134.93625","-643.09534","1207.14465","-76.97336","-705.98889","1379.92554","-245.65582","-475.06409","973.63983","-278.01559","-950.83386","996.53400","-113.20388","-458.41937","797.52191","-166.93463","-909.41803","810.50940","10.48972","-575.06720","842.14594","-118.50137","-819.80249","856.12982","-55.76016","-747.98804","927.83459","-293.16727","-618.30487","429.22900","-105.52258","-847.05487","426.80066","-30.44283","-685.64545","102.89645","-112.87703","-921.50562","229.20464","-295.08536",NA,"P3",23,19
194,1.93,"-575.14978","1491.07739","20.14034","-695.25360","1595.99854","-237.18320","-549.59973","1541.66907","-182.41673","-713.50641","1530.95752","-26.19537","-512.81158","1314.09143","-252.79286","-852.79596","1337.94202","-126.19551","-639.97308","1207.46985","-70.44464","-704.02521","1381.05542","-237.84918","-472.09225","975.02301","-269.13864","-948.19983","997.76849","-104.16303","-454.77597","799.53192","-156.61557","-906.51233","810.77637","19.00726","-571.96002","843.02283","-113.36189","-815.07941","858.49994","-48.47888","-747.38757","928.96729","-285.15094","-617.33752","429.02911","-103.76512","-839.07153","431.16614","-11.87158","-685.02985","102.55098","-112.86692","-918.29565","230.90242","-273.94562",NA,"P3",23,19
195,1.94,"-571.93420","1490.85400","27.10125","-692.45685","1597.23120","-228.78955","-547.10883","1542.69116","-174.43324","-710.37653","1531.46191","-17.54138","-510.80234","1315.47424","-246.36234","-849.75586","1338.65051","-117.23098","-637.09497","1207.54504","-63.21487","-701.76080","1381.89929","-229.98178","-468.64691","976.38300","-260.76077","-945.57642","998.83521","-94.98576","-451.71530","802.31348","-146.55894","-902.18243","812.77057","29.39807","-568.97382","844.10260","-108.86403","-810.48700","860.43665","-38.61099","-747.03302","929.96313","-277.65164","-616.54810","428.54370","-101.09144","-831.40002","434.84183","6.49963","-684.95020","102.87636","-112.14177","-915.99884","226.57074","-259.12408",NA,"P3",23,19
196,1.95,"-568.03259","1491.13000","34.76625","-689.76410","1598.41443","-220.24506","-544.15021","1543.67383","-166.82358","-706.93451","1531.96741","-9.37643","-509.37112","1316.43042","-239.88882","-847.00873","1339.59802","-108.23341","-633.57910","1209.09363","-56.13274","-699.61865","1383.13977","-222.77609","-465.84991","978.10858","-251.53308","-943.02161","999.59155","-85.18033","-448.11453","804.02411","-136.39709","-899.07813","814.76813","38.92756","-565.13708","845.65430","-103.45098","-805.42474","862.75916","-30.49749","-746.07904","930.29083","-268.63980","-615.80432","428.30182","-99.57194","-822.57489","438.69809","24.69825","-685.07385","103.60850","-112.28802","-911.34070","231.28195","-228.57674",NA,"P3",23,19
197,1.96,"-564.59576","1490.93494","42.35549","-687.11407","1599.45703","-212.02545","-541.10486","1543.85510","-159.78946","-703.85449","1532.53638","-2.11716","-507.48843","1317.36499","-233.74632","-844.34393","1340.62073","-99.53751","-630.35004","1209.61646","-49.31686","-697.99091","1384.03284","-214.76591","-462.61002","978.98169","-243.89552","-940.22272","1000.78235","-75.88618","-443.82843","806.69550","-126.49468","-895.11029","816.56921","49.89170","-560.54785","846.78571","-97.74231","-800.15112","864.67700","-21.62273","-746.07404","931.46051","-261.39871","-614.87048","428.54892","-97.33572","-814.17780","443.19778","42.51004","-685.09277","103.83397","-111.46994","-906.48694","229.87857","-205.09230",NA,"P3",23,19
198,1.97,"-560.86536","1490.36267","50.39590","-684.44226","1600.36365","-203.61673","-537.81055","1544.54785","-151.88409","-699.91229","1532.34509","6.28099","-505.59967","1318.14355","-227.73387","-840.98566","1341.66577","-91.20296","-627.04871","1210.28027","-43.08680","-695.48505","1384.75867","-206.73047","-460.15604","979.98700","-235.35043","-937.50934","1001.56805","-66.26743","-440.73468","808.88892","-116.31267","-893.11450","816.68469","59.09375","-556.65112","847.97107","-91.72956","-794.08313","866.54010","-11.59637","-746.34088","931.74341","-253.19659","-614.05548","428.53699","-96.46938","-805.60291","446.65793","59.41863","-685.08118","103.93816","-111.37534","-901.56787","227.96135","-181.80707",NA,"P3",23,19
199,1.98,"-557.40894","1491.06494","57.27246","-681.57007","1601.92676","-195.86304","-535.09515","1545.46289","-144.16345","-696.35114","1532.42554","14.19355","-504.09976","1318.92371","-222.24208","-838.06390","1342.40247","-82.46046","-623.05029","1211.24072","-35.92651","-693.80078","1385.48022","-199.61014","-456.42712","980.81995","-227.29955","-934.59711","1002.17065","-56.66273","-437.38846","811.42920","-106.19157","-888.70917","818.59100","69.27005","-555.05212","847.58282","-89.46752","-790.18231","867.68866","-3.69620","-746.15430","932.55957","-245.27879","-613.48499","428.45377","-94.71932","-795.45361","450.58109","76.43710","-685.20575","104.26192","-111.38885","-896.12451","225.41930","-158.67004",NA,"P3",23,19
200,1.99,"-553.92664","1490.22449","64.42004","-678.85315","1602.75208","-186.99117","-532.45197","1545.55505","-136.59708","-693.16699","1532.69873","22.07430","-502.13477","1320.07104","-216.52425","-835.11731","1343.01831","-73.62366","-620.41608","1212.16016","-29.74219","-691.46313","1386.03943","-192.34950","-453.96283","982.21967","-218.96942","-931.37708","1003.37054","-47.82692","-433.62402","813.53064","-97.44299","-884.24835","820.85400","79.03802","-552.21063","847.19049","-84.90845","-784.41858","868.13751","2.81865","-745.59778","932.94653","-237.44513","-612.99200","428.87827","-93.63402","-787.15363","453.59607","91.06001","-685.18073","104.43836","-111.22775","-890.11273","221.70972","-134.19374",NA,"P3",23,19
201,2,"-550.29938","1489.02698","71.63421","-676.09210","1603.72119","-179.47751","-529.98114","1546.52917","-129.99841","-690.78217","1533.06250","29.27553","-500.44357","1320.46460","-210.64578","-831.99139","1343.80603","-65.37210","-616.35590","1212.30383","-23.23719","-689.36658","1386.75500","-184.87689","-451.17398","983.09491","-211.35849","-928.44958","1003.81921","-37.85791","-430.27661","815.53375","-87.51463","-880.02777","822.52307","90.00325","-548.21643","847.23297","-79.91100","-779.05463","871.49213","16.28569","-745.47302","932.99542","-229.83357","-612.57007","428.53714","-92.14530","-777.23877","458.04150","105.18755","-685.17975","104.61996","-111.06642","-883.12579","216.79521","-109.13795",NA,"P3",23,19
202,2.01,"-547.09265","1489.57031","78.93473","-673.37225","1604.33203","-171.19019","-526.85931","1547.01343","-122.36210","-686.24396","1531.82776","38.20895","-498.58264","1321.24500","-205.00604","-828.92676","1344.23608","-57.11089","-612.77551","1212.91650","-17.54342","-686.90662","1387.06360","-177.15053","-447.78323","984.06335","-202.57050","-925.95428","1004.93347","-28.96175","-426.05902","817.24139","-78.66171","-875.72015","823.79175","100.78433","-544.77362","847.60278","-74.98037","-774.21014","873.98242","24.87047","-744.37347","933.15997","-221.74304","-612.89972","428.19891","-90.20413","-768.57318","461.72598","118.38496","-685.25720","104.58768","-110.78590","-875.66437","211.81458","-84.68983",NA,"P3",23,19
203,2.02,"-543.34125","1488.82825","85.68288","-670.61133","1605.13416","-163.44359","-523.60065","1547.25525","-115.33509","-683.90192","1532.37756","45.28955","-496.57758","1321.68164","-199.73450","-825.41339","1344.29456","-48.68564","-609.08850","1213.18982","-10.06040","-684.99561","1387.58679","-170.08072","-444.89832","984.47687","-196.31566","-922.52979","1004.62231","-19.00521","-422.90775","819.59155","-68.92774","-872.02747","824.80853","111.06734","-541.72321","847.72137","-69.73458","-769.52753","873.78601","33.41037","-743.61481","933.30444","-213.74620","-611.75177","428.04279","-88.87772","-759.25079","464.99582","131.73286","-685.56628","104.46586","-110.38842","-867.55823","206.60242","-60.33805",NA,"P3",23,19
204,2.03,"-539.78192","1488.54248","92.08887","-667.86511","1605.81665","-155.80928","-520.81879","1547.64758","-108.33966","-680.32465","1532.07190","52.89058","-495.08398","1322.32776","-194.03668","-822.22754","1344.92664","-40.72872","-605.61694","1213.34143","-3.54040","-682.70557","1387.63977","-162.57338","-441.52866","985.58984","-187.45190","-919.45734","1005.73206","-9.50417","-418.75278","821.19928","-60.31767","-867.59106","825.70642","120.75711","-539.44250","846.33856","-64.70866","-765.72400","874.56433","41.87063","-742.50403","933.63196","-206.13766","-611.94922","427.31387","-86.62523","-750.40881","468.19540","144.16681","-685.55731","104.65762","-110.21674","-858.81812","200.54686","-34.68705",NA,"P3",23,19
205,2.04,"","","","-665.06201","1605.98682","-147.87721","-518.28094","1548.12207","-100.29444","-677.13873","1531.30872","60.50327","-492.80914","1322.19141","-188.30235","-818.60162","1344.73938","-32.06334","-602.21246","1213.53137","2.65857","-679.99219","1387.67456","-155.37001","-438.61514","985.31488","-181.58333","-915.94446","1005.64771","-0.13385","-415.13800","823.17755","-50.36726","-863.30042","827.27881","131.20276","-536.06049","847.00171","-58.47331","-760.40100","874.33051","51.66560","-740.82196","933.59412","-198.30934","-610.94098","426.86108","-84.37013","-741.36554","471.22098","156.10229","-685.87695","104.80653","-109.11430","-848.82397","194.07938","-9.68303",NA,"P3",23,18
206,2.05,"-534.12244","1487.89929","107.93295","-662.31915","1606.12122","-140.01530","-515.30621","1547.76733","-93.14848","-674.13580","1531.92981","67.25143","-490.89844","1322.43445","-182.53496","-815.50916","1344.67041","-23.90185","-598.32788","1213.72449","9.67742","-677.78613","1387.85913","-147.77315","-435.12701","986.09192","-174.30321","-912.58099","1005.68359","9.47458","-411.36319","824.83606","-41.77790","-858.00842","827.27313","142.26773","-533.44165","847.43494","-51.80275","-756.62909","875.50641","58.74868","-740.08228","934.37170","-190.71274","-610.21063","426.99088","-82.38222","-732.69830","473.44870","167.11163","-686.23468","105.29651","-108.79027","-838.52527","187.46056","15.40092",NA,"P3",23,19
207,2.06,"","","","-659.51031","1606.15100","-131.84740","-512.26855","1548.16589","-85.35719","-669.40283","1530.94482","75.74693","-489.01318","1322.35168","-176.61531","-812.24707","1344.49109","-15.02040","-594.30341","1213.12366","16.16722","-675.45984","1387.78186","-140.34563","-431.82693","986.20154","-167.04059","-908.79285","1005.78119","18.92711","-407.42212","826.61572","-33.63298","-853.64703","827.68567","152.06999","-529.52649","847.06183","-44.82024","-753.20380","876.68866","66.63245","-738.23022","933.63275","-183.05312","-610.22620","426.33469","-80.37630","-724.37103","475.48279","177.37999","-686.29932","105.21999","-107.38109","-826.24091","179.64861","40.43386",NA,"P3",23,18
208,2.07,"","","","-656.70361","1605.97290","-124.53643","-508.77774","1547.87744","-78.39891","-666.74670","1530.69775","83.72482","-486.60126","1321.76331","-170.38686","-808.30402","1344.21301","-6.08110","-590.70740","1212.36230","22.65587","-672.94043","1387.61975","-133.34285","-428.06885","986.81335","-160.33307","-904.67224","1005.22870","28.63743","-403.57568","828.02191","-25.40975","-848.56476","828.66675","161.53423","-529.12817","845.06488","-42.22169","-748.33264","876.32532","76.78786","-736.39551","933.32056","-174.87076","-609.54218","426.44522","-78.28103","-715.83569","476.55850","186.90555","-686.35034","105.10980","-106.97193","-815.27393","174.42972","65.55965",NA,"P3",23,18
209,2.08,"-523.19434","1487.02722","129.14088","-653.73639","1605.88306","-116.54515","-506.17999","1547.68298","-71.98092","-664.31604","1530.15210","89.87361","-484.65460","1321.86462","-164.22195","-804.78094","1344.21570","1.98139","-586.07483","1212.45239","29.59645","-670.46527","1387.51611","-125.20698","-425.38092","985.83325","-153.70851","-900.91101","1004.57660","38.62917","-400.56979","829.34094","-17.23462","-843.92688","828.65070","171.64590","-526.81641","844.31549","-36.34635","-744.73645","876.75952","84.74078","-735.39771","934.00238","-167.33131","-608.85870","426.39966","-74.14499","-708.80438","477.73987","196.22865","-686.23926","105.33940","-106.74846","-802.40906","167.17680","90.70951",NA,"P3",23,19
210,2.09,"-519.60773","1486.77844","136.30667","-650.81537","1605.59485","-109.44165","-503.13434","1547.57300","-61.60085","-660.16632","1529.29944","98.20300","-482.30298","1321.28857","-158.28494","-800.84735","1343.49353","11.26101","-583.07526","1211.60852","35.76370","-667.50043","1387.07751","-117.85200","-422.08243","986.31000","-147.59569","-897.27106","1004.69104","47.34634","-397.26068","829.84027","-9.30627","-839.23993","829.08051","181.22800","-524.81879","843.72314","-31.09094","-740.38129","876.88147","93.85400","-733.36957","933.43530","-159.39752","-608.22021","426.40485","-72.75011","-702.00891","478.16803","204.68109","-686.40088","105.03333","-105.44370","-786.02271","158.75078","116.37569",NA,"P3",23,19
211,2.1,"-516.60150","1486.18848","143.90967","-647.86932","1605.05859","-101.32967","-499.94540","1547.92883","-57.71224","-656.06616","1528.85498","106.64307","-479.54007","1320.66248","-152.35168","-797.31244","1342.76123","19.80734","-578.67010","1211.17090","43.21239","-664.59778","1386.25122","-109.40221","-419.64319","985.79962","-140.92395","-892.89050","1004.05060","56.87404","-393.96896","831.35535","-1.90356","-833.48132","828.74817","190.90318","-521.23132","843.00165","-24.32446","-736.29535","876.98407","102.81948","-731.38794","932.92340","-151.23973","-606.57391","425.84552","-69.17061","-696.55334","479.16171","212.21222","-686.05695","105.60949","-104.79537","-772.42139","153.33563","141.29082",NA,"P3",23,19
212,2.11,"-512.58948","1485.53430","150.90149","-644.89215","1604.83691","-94.52637","-496.59442","1547.31042","-49.52804","-654.13306","1528.35559","113.24368","-476.91019","1320.46143","-146.18150","-793.22943","1342.15637","28.83836","-575.08551","1210.13147","49.62180","-661.74805","1386.04590","-101.82648","-416.04819","985.14661","-134.45949","-889.02405","1003.77954","66.41510","-390.42700","831.92969","5.85916","-828.17981","828.30316","200.89975","-518.55682","843.17328","-18.12325","-733.41473","874.28516","106.06491","-729.65009","932.32098","-143.22266","-605.59680","425.48514","-66.94358","-689.43597","477.49551","219.46542","-685.95837","106.02379","-103.98866","-757.55597","148.40901","165.73283",NA,"P3",23,19
213,2.12,"-508.83414","1484.50439","158.20509","-641.74719","1604.05676","-86.39166","-493.65070","1546.95483","-41.21105","-649.94635","1527.65198","120.99477","-474.38348","1319.79993","-139.01370","-789.55225","1341.93689","36.75441","-572.26953","1208.92517","56.70079","-659.52991","1386.12708","-95.45564","-413.31125","985.56616","-127.05872","-884.76721","1002.98944","76.22640","-387.58246","831.77521","12.75014","-823.23553","828.34937","210.32425","-516.67920","841.37878","-13.25648","-729.47137","872.74969","114.16743","-728.08478","932.48584","-135.44101","-604.40253","424.86047","-63.42426","-683.68292","477.40421","225.85692","-685.50140","106.24635","-104.13127","-742.41077","144.40065","189.94362",NA,"P3",23,19
214,2.13,"-505.81268","1484.46204","165.91739","-638.61017","1603.63623","-79.14115","-490.39148","1547.04736","-36.40017","-645.45197","1526.53711","129.09645","-471.51285","1318.99390","-132.96782","-785.75305","1341.03088","45.15903","-567.24371","1207.91187","63.74460","-656.44226","1385.31384","-86.63166","-410.35019","984.41235","-120.71312","-880.44202","1001.93488","86.94557","-383.93719","832.71381","20.14160","-816.59790","828.40326","219.51547","-509.72519","842.70300","-4.92456","-724.69379","872.72510","119.85335","-725.48950","931.43854","-127.39912","-603.00555","424.96542","-59.67078","-678.91315","476.17804","232.38449","-685.14807","106.72029","-103.37409","-726.23285","140.06018","212.92958",NA,"P3",23,19
215,2.14,"-502.06033","1483.56116","173.35825","-635.44867","1602.92773","-70.37378","-486.63242","1545.33472","-24.58173","-642.86169","1525.63391","136.09337","-468.73886","1318.01648","-126.14250","-781.55353","1340.19641","54.19005","-563.46356","1207.30969","70.53953","-653.12634","1384.44739","-79.24262","-407.28241","983.80273","-114.29974","-876.15558","1001.31152","96.37546","-381.30151","832.25500","27.38478","-812.50360","827.62799","229.14409","-506.57910","841.70233","1.70598","-720.47986","871.29968","128.87306","-723.62537","930.75574","-118.31091","-601.02319","424.32367","-55.58210","-674.23578","474.07874","238.66273","-684.47095","106.72213","-102.72211","-709.91772","137.51088","235.13029",NA,"P3",23,19
216,2.15,"-498.49167","1482.87903","180.97920","-632.13464","1602.31763","-63.01217","-483.73718","1545.47668","-18.53959","-640.69415","1525.29651","143.07794","-466.24377","1317.70459","-119.80995","-777.67767","1339.41577","63.28601","-559.30237","1206.63867","77.15729","-649.98358","1383.69458","-71.26444","-404.38959","983.27881","-107.48190","-871.75659","1000.10620","105.94388","-378.24963","832.12433","33.83381","-806.06927","827.11328","239.41283","-503.56119","841.87024","7.30216","-716.34814","869.36987","137.72858","-720.96826","929.56354","-109.87776","-598.98163","424.01749","-51.49632","-669.32928","472.42133","244.57646","-684.01715","107.24720","-101.76901","-693.27539","135.28218","256.35574",NA,"P3",23,19
217,2.16,"-494.90247","1482.01392","188.38579","-628.76154","1601.40991","-55.09528","-480.38516","1545.22119","-12.43552","-635.68756","1523.93066","151.48131","-463.28391","1317.08313","-113.17309","-773.29822","1338.64795","72.12131","-554.95459","1206.10010","84.18755","-646.78802","1383.08057","-63.30148","-401.36359","982.86145","-103.53777","-867.24042","999.25580","115.43046","-374.66061","831.45056","40.33684","-800.13403","826.18762","248.31985","-499.86850","841.01483","14.56749","-712.20453","869.58545","147.52026","-718.48120","929.03949","-101.24192","-596.46698","423.72141","-47.57097","-664.94312","470.61572","250.38152","-683.58478","107.94720","-101.50257","-677.17596","134.54529","276.67563",NA,"P3",23,19
218,2.17,"-490.82907","1481.13208","195.79602","-625.39233","1600.53320","-47.37984","-476.46002","1544.03540","-3.70195","-632.61993","1523.16992","159.00726","-460.33609","1316.37488","-106.45258","-768.96130","1337.63855","80.69585","-551.75079","1204.50903","91.65458","-643.81689","1382.69189","-55.97668","-398.64209","981.83435","-97.02285","-863.04382","999.10651","124.44133","-371.87393","830.91730","46.54813","-794.96411","826.43060","257.39584","-496.62000","840.36328","21.36819","-706.45728","867.44196","153.11722","-716.41742","928.95648","-93.07915","-594.63904","423.72601","-43.95513","-660.91675","468.65915","256.00214","-683.20258","108.38187","-101.04898","-661.05804","134.44363","295.52155",NA,"P3",23,19
219,2.18,"-487.64127","1480.81641","203.67419","-621.99060","1599.56775","-39.80273","-473.33807","1543.68994","2.92162","-628.19458","1522.08679","166.78935","-457.44250","1315.87500","-100.03778","-764.97321","1337.09045","89.24126","-546.95416","1204.27319","99.60899","-640.47974","1381.46265","-47.13123","-396.41995","980.48291","-89.66453","-858.37421","997.63776","134.35718","-368.21301","829.39063","52.54937","-789.29559","825.49707","266.64243","-492.79691","839.49835","28.19787","-702.45355","867.21844","163.77612","-713.41193","927.49152","-84.02287","-592.33789","423.19983","-40.34018","-656.30884","466.81760","261.83289","-682.70123","108.78605","-99.75179","-645.12305","135.28685","312.81042",NA,"P3",23,19
220,2.19,"-483.72659","1480.00317","211.10204","-618.47534","1598.97742","-32.41992","-469.25000","1541.94153","13.60270","-624.56812","1521.04089","174.67352","-454.25266","1314.57751","-92.25603","-761.30865","1336.55994","97.34376","-542.75409","1202.84753","106.48307","-637.23547","1380.19653","-39.52389","-393.44724","979.42603","-84.09140","-853.92285","996.99866","143.23022","-365.35574","828.70435","57.72931","-783.25201","824.36023","275.30203","-491.36432","838.14648","33.52504","-697.34601","864.88605","173.50970","-710.42462","926.40997","-75.51469","-589.84766","423.42096","-36.72826","-652.59503","465.72226","268.24197","-680.97064","109.08406","-98.71171","-629.52014","136.64566","328.74661",NA,"P3",23,19
221,2.2,"-479.98029","1479.15198","218.85555","-615.04291","1597.75012","-24.61049","-466.01410","1541.71216","18.82107","-620.65350","1519.95532","182.95358","-451.53345","1314.14502","-85.78386","-757.36768","1335.26050","106.41582","-538.89954","1202.93079","114.11363","-633.84784","1379.61340","-31.68086","-390.77689","978.58002","-76.48810","-849.82507","996.37689","151.97362","-361.92429","826.68481","63.44239","-778.56226","824.38336","284.75174","-484.74490","837.69141","41.44330","-692.20935","865.84167","185.87248","-707.06714","925.61414","-66.43388","-587.38300","422.85355","-31.58952","-648.15161","463.98300","273.62344","-681.62213","109.97923","-98.32806","-614.83936","138.42950","343.29349",NA,"P3",23,19
222,2.21,"-476.25113","1477.92700","226.57228","-611.31671","1597.29346","-16.93594","-462.43918","1540.69360","27.24021","-616.32721","1519.03503","190.67206","-448.20697","1312.95776","-78.65025","-753.29303","1334.18494","114.80582","-534.39276","1201.07520","121.38760","-630.69202","1378.66956","-24.04799","-388.57675","977.67340","-71.28568","-844.87732","995.24414","161.16718","-359.39444","824.92810","69.28618","-773.10156","822.83362","293.09604","-482.97791","836.13409","45.46926","-686.52032","865.04865","194.64645","-703.81152","924.36407","-58.07158","-584.89386","421.90140","-27.11810","-643.28101","461.58002","278.45343","-681.13300","111.36942","-97.96638","-600.61847","140.15656","355.78281",NA,"P3",23,19
223,2.22,"-472.07547","1476.91455","233.97301","-607.61383","1596.55164","-8.85924","-458.38867","1539.66211","33.99166","-612.61938","1518.42053","198.44345","-444.93228","1311.87573","-71.11152","-749.41211","1333.13062","123.49255","-530.24475","1200.58411","129.86128","-627.39777","1377.11169","-14.85732","-385.59906","976.36841","-64.70172","-840.34973","993.44714","170.71071","-356.35132","822.50555","74.61929","-767.36664","821.82410","302.32236","-476.67560","836.36163","55.09728","-681.16589","863.81628","203.41499","-700.94055","924.75330","-50.10256","-581.97345","421.92477","-22.85895","-638.36951","461.10938","284.25629","-680.48529","111.77621","-96.35688","-587.75452","141.50310","366.87375",NA,"P3",23,19
224,2.23,"-467.92325","1475.66113","241.34946","-603.99341","1595.44446","-1.23715","-455.21426","1538.99158","41.53432","-609.17999","1517.74780","206.22827","-441.67090","1311.01599","-63.14946","-745.57001","1331.82715","132.10890","-526.11261","1199.34229","137.44345","-624.30212","1376.64136","-7.54550","-382.78751","975.79126","-57.74704","-835.69879","992.10052","179.83595","-353.16147","820.49390","79.83823","-761.79926","820.47711","310.93011","-474.76740","834.25610","62.23812","-675.78583","862.66119","212.33131","-697.11664","922.90887","-40.89336","-578.60907","421.16611","-17.00378","-632.36896","461.16595","290.51489","-679.52246","112.69912","-95.67907","-576.40509","143.41765","375.70776",NA,"P3",23,19
225,2.24,"-464.02576","1474.70569","248.81163","-600.20667","1594.97449","6.87533","-451.18311","1538.05273","48.27094","-604.99048","1516.96753","213.78606","-438.50919","1310.35437","-56.45997","-741.63428","1330.86816","140.50313","-521.57690","1199.04041","144.76988","-620.91223","1375.47205","0.90295","-379.41504","974.36157","-51.41058","-831.49884","990.87158","188.37762","-350.80103","817.71411","85.11957","-756.31274","819.64117","319.22958","-470.41364","833.44971","69.14813","-670.08148","862.11981","221.02940","-693.76123","922.76685","-32.14426","-576.02386","421.08630","-11.24000","-626.76367","459.16629","297.64996","-678.42914","113.81452","-94.86730","-566.33868","142.09465","382.78430",NA,"P3",23,19
226,2.25,"-459.97311","1474.12415","256.29126","-596.48822","1594.22937","14.69332","-447.49811","1536.90125","56.62642","-601.08276","1516.27417","221.83600","-435.41278","1308.96802","-48.15763","-737.37598","1329.24060","149.82793","-517.35217","1198.09888","152.90207","-617.46960","1374.15222","8.95894","-376.93240","973.69104","-44.87033","-826.68921","990.04736","196.76894","-347.31711","815.44269","89.61856","-751.11816","818.44250","327.94333","-466.37115","832.86829","78.82059","-666.44135","862.30133","230.65855","-689.99957","921.55609","-23.71209","-572.27533","419.53464","-4.42240","-619.62744","457.83130","304.29816","-677.29272","114.97393","-94.02360","-558.02209","141.10858","387.39893",NA,"P3",23,19
227,2.26,"-456.44727","1473.73413","264.03510","","","","-443.62399","1535.88220","64.24863","-596.94769","1515.61182","229.48831","-432.24881","1308.54358","-40.64063","-733.54413","1328.04041","158.89816","-512.72961","1197.55469","161.00720","-614.21106","1373.30737","17.62496","-374.15549","972.40643","-37.51913","-822.06238","988.50354","206.10690","-344.52951","813.30627","93.97810","-745.83331","816.86664","336.65744","-460.41431","833.27216","88.99611","-660.25500","861.27985","239.10349","-686.07104","920.37512","-14.47066","-569.03302","419.51328","1.65248","-612.32996","457.55219","312.59454","-676.24792","116.65700","-93.12875","-551.68567","138.31815","391.13953",NA,"P3",23,18
228,2.27,"-452.22980","1472.94507","271.49396","-589.16864","1592.60876","29.61073","-439.96149","1535.31567","70.66727","-592.63586","1515.05591","237.34999","-428.91571","1307.58801","-32.68775","-729.64276","1327.17554","167.61356","-508.35080","1196.46179","169.31255","-611.26141","1372.72400","25.35946","-371.66220","971.78827","-30.89679","-817.23541","986.56757","215.74344","-341.47568","810.51361","98.27483","-740.64514","815.13385","345.02499","-454.99979","831.82861","95.33250","-656.20746","861.99725","248.71678","-681.27649","918.68201","-4.60740","-565.55872","418.54800","7.66220","-603.41144","456.97394","319.91473","-675.47186","117.80711","-90.11475","-546.43365","134.95171","393.23761",NA,"P3",23,19
229,2.28,"-447.90900","1472.27271","279.07657","-585.45679","1591.81396","37.50491","-436.37027","1534.37292","78.87016","-588.78418","1514.17212","245.03482","-426.09677","1307.25793","-26.16471","-725.52216","1325.60144","176.38892","-504.17831","1196.54333","177.52338","-607.44897","1371.35938","34.80287","-368.27136","970.61853","-23.67323","-812.68365","985.71295","224.00636","-338.49109","807.46753","102.28876","-735.53430","813.63458","353.40472","-450.40494","830.61084","103.44153","-649.68414","860.60114","257.63351","-676.96655","917.55005","4.18832","-561.48956","417.86371","14.46992","-594.97638","455.87076","327.86566","-674.34235","120.24675","-89.02325","-542.24585","130.34018","394.26212",NA,"P3",23,19
230,2.29,"-444.08945","1472.13171","286.90182","-581.93054","1590.74524","44.92585","-432.39325","1533.87354","84.30016","-584.46307","1513.91687","252.48177","-422.50858","1306.14648","-17.73322","-721.47662","1324.62683","185.19579","-500.16739","1195.16675","186.09431","-604.62775","1371.33484","41.42374","-365.49670","969.94434","-17.52237","-808.11353","984.09473","232.54921","-335.26636","804.99786","107.17171","-730.57544","812.81335","361.26453","-445.10815","830.28229","111.53094","-643.54108","860.11725","267.06912","-672.67511","916.38916","13.51434","-557.32349","417.86380","21.29807","-586.35449","455.27521","335.51965","-672.80090","121.90804","-87.03943","-540.12793","126.83572","394.75250",NA,"P3",23,19
231,2.3,"-439.62787","1471.41516","294.35602","-578.40399","1589.65540","52.63049","-428.84299","1532.47278","95.29924","-580.76318","1513.53882","260.59290","-419.09375","1305.33606","-9.96057","-717.82538","1323.88611","194.10521","-495.59552","1195.15137","194.49049","-600.59607","1369.49365","51.29653","-362.59467","969.01166","-10.81762","-803.20215","983.13452","241.54413","-333.39883","802.32697","111.72231","-725.56537","811.28357","369.72409","-440.59683","829.48407","120.50063","-638.60651","861.05450","277.41632","-667.62451","915.19891","23.63941","-552.48773","416.98880","28.35566","-576.57715","453.36639","342.37195","-671.11322","124.58059","-85.74984","-536.43555","124.18484","396.79169",NA,"P3",23,19
232,2.31,"-435.61728","1471.32788","302.06772","-574.66949","1589.43311","60.40458","-425.35406","1532.48096","100.07195","-576.61621","1513.11731","268.34689","-415.64746","1304.80774","-2.21009","-713.80695","1322.76636","202.83188","-491.62003","1194.74536","202.90109","-597.46887","1368.66223","59.28528","-359.93286","968.64246","-4.62669","-798.50269","981.51019","250.61867","-330.54730","799.48285","115.85188","-720.00952","809.39081","377.85544","-434.73422","829.26483","130.30681","-631.93488","860.31409","287.19318","-662.69849","913.85553","32.91905","-547.63843","416.79849","35.56594","-569.32104","451.52966","349.44690","-669.06378","126.49114","-83.06142","-529.11041","123.77048","400.44946",NA,"P3",23,19
233,2.32,"-431.18036","1471.27283","309.59558","-571.18372","1588.65540","67.87959","-421.31686","1531.84265","108.89538","-572.37048","1512.88220","276.44531","-412.42612","1304.15234","5.32869","-709.60822","1322.22839","211.39870","-486.55530","1194.78442","211.14861","-593.97443","1367.92419","67.84428","-356.76929","967.39429","2.80028","-793.45142","980.51520","259.58032","-327.44968","796.83527","119.94077","-714.54327","808.31573","385.39224","-428.70010","829.84729","139.00090","-625.28802","860.63861","297.50708","-657.44348","913.27655","43.48048","-542.66949","416.71759","42.94312","-562.22333","449.52753","356.09964","-666.80267","130.22784","-81.96442","-523.11035","122.48658","405.09802",NA,"P3",23,19
234,2.33,"-427.37704","1471.46338","317.58749","-567.49298","1588.57837","75.81907","-417.31369","1531.33008","118.01726","-568.06061","1512.96289","283.99329","-408.48132","1303.77393","13.28976","-705.59601","1321.45422","221.19795","-482.34555","1194.81213","220.12968","-590.67047","1368.04321","75.33086","-354.03961","966.79303","8.97360","-788.74078","979.66650","268.30737","-324.09341","794.60565","124.20649","-709.88947","806.75806","393.42502","-422.67868","829.58948","150.09856","-618.94818","861.03192","307.83838","-652.77722","912.09003","52.41679","-537.05780","416.42572","50.69544","-557.21967","450.20004","364.01749","-664.68292","133.38098","-78.37260","-520.05884","120.60246","407.75119",NA,"P3",23,19
235,2.34,"-423.12488","1470.65759","320.69275","-563.92291","1588.62500","83.90277","-413.71106","1531.74817","124.07445","-564.41357","1513.53162","292.40100","-405.67496","1303.61218","20.87964","-701.61804","1320.87634","230.11218","-478.08264","1195.66211","228.79109","-586.92859","1367.52808","84.69621","-351.08264","966.17578","15.67287","-783.50806","978.69611","277.15521","-321.74759","792.68506","127.44278","-704.56128","805.84796","401.21338","-417.13141","829.94916","157.90422","-612.76868","861.32501","318.21692","-647.56683","911.72223","62.64006","-529.92322","415.75900","60.31149","-551.66541","450.65326","371.21188","-661.92291","136.15517","-73.74953","-518.11798","118.34612","411.43027",NA,"P3",23,19
236,2.35,"-418.84903","1472.35083","332.93967","-560.27368","1589.05579","92.18996","-410.29880","1532.26782","132.11441","-559.43701","1513.92310","300.08966","-402.02563","1303.91113","28.33766","-697.41125","1320.73718","238.80724","-472.99411","1196.41418","237.05688","-584.18500","1368.29016","92.26991","-348.54034","966.40967","21.61070","-778.57349","978.42194","285.83749","-318.59531","791.65503","131.87018","-699.71698","804.58942","409.28220","-410.84131","830.05103","167.69330","-605.68457","862.20471","328.00555","-641.70453","910.94043","72.73662","-523.29590","416.35449","67.81052","-546.45709","452.70346","380.38400","-658.21454","139.53008","-71.88362","-515.70923","117.75593","414.91214",NA,"P3",23,19
237,2.36,"-413.92834","1473.14771","340.32126","-556.61951","1589.94714","99.60730","-406.13135","1532.94324","139.11656","-555.71674","1515.21765","308.29721","-398.16925","1303.84363","36.28725","-693.41504","1320.94873","247.51617","-468.61340","1197.70154","245.79173","-580.29535","1367.87415","100.68554","-345.52832","966.40192","27.64960","-773.56470","978.47449","294.75842","-315.50940","790.34485","135.75497","-694.42267","803.84839","417.05640","-404.57816","831.25275","176.72331","-598.60962","862.87183","337.77249","-636.14618","911.30725","82.01707","-515.02728","415.99658","77.78518","-537.23175","452.82159","387.48108","-653.98120","143.93385","-68.09005","-513.91125","117.15514","418.54733",NA,"P3",23,19
238,2.37,"-410.25592","1474.45129","348.50916","-552.74097","1591.25366","108.12885","-402.87247","1534.65918","140.52930","-551.38898","1515.89795","316.35675","-394.87100","1304.61853","44.33156","-689.85846","1321.65820","256.29993","-464.08112","1199.36499","254.07632","-577.03009","1368.99854","109.31729","-342.89081","967.03375","33.66282","-768.30585","978.91974","303.77072","-312.58459","789.54639","139.21661","-689.52692","803.62823","424.04358","-398.96017","831.78082","185.57770","-591.27386","863.73792","346.86487","-630.08948","911.65137","91.90076","-505.90735","416.89487","86.35531","-530.07306","452.87628","396.21338","-648.92535","148.68983","-62.95390","-512.07422","116.41540","420.91110",NA,"P3",23,19
239,2.38,"-405.24622","1475.31836","355.96347","-548.91730","1592.86755","116.26265","-399.29184","1536.00000","149.61942","-547.13513","1517.55054","324.48810","-391.02170","1305.68640","51.67023","-685.75909","1322.46887","264.85678","-459.33722","1201.47278","262.98627","-573.08105","1369.86951","117.76499","-340.34424","967.88708","39.50563","-762.95313","979.20660","312.29449","-309.12259","790.02435","143.22520","-684.52826","802.95856","431.68829","-393.18958","832.22168","195.41748","-585.24951","866.30652","355.98297","-623.24701","911.40057","101.98173","-495.39810","416.99664","96.31155","-524.36694","453.63229","403.92596","-643.44250","153.03642","-57.16583","-509.81339","116.18654","423.28177",NA,"P3",23,19
240,2.39,"-401.57681","1475.40576","359.33179","-545.04584","1594.59387","124.09951","-394.81158","1537.87512","156.44054","-542.66687","1518.83630","332.51437","-387.62970","1307.40442","59.81233","-681.65790","1323.57861","273.09412","-454.77432","1203.74036","271.45862","-569.42511","1371.09827","125.49043","-338.07571","969.42493","45.05661","-757.71539","980.13434","321.24359","-306.18152","789.85474","146.93585","-679.29083","803.24774","438.68558","-386.43109","835.11353","205.23094","-579.28821","868.44971","365.39441","-617.47314","913.89771","110.39909","-484.73553","416.96512","107.33291","-520.31671","453.90646","411.12497","-637.27069","158.92104","-50.71997","-509.09741","116.54919","425.81000",NA,"P3",23,19
241,2.4,"-397.07547","1476.80701","366.45026","-541.04388","1596.64893","132.43175","-391.49954","1538.86292","164.16597","-538.68579","1520.78821","340.36377","-383.78262","1309.12451","66.96907","-677.68390","1325.23047","281.71118","-450.27847","1206.17944","280.17035","-565.39343","1372.38953","133.86447","-336.85123","971.48285","50.62156","-752.25238","981.41656","329.59641","-303.01031","790.85004","151.33449","-674.10046","804.47375","446.57712","-380.75809","836.70148","215.05833","-573.32013","870.78961","374.20056","-610.55853","915.39850","119.15728","-471.89886","416.76379","118.00619","-516.12830","454.97577","417.97299","-629.94189","164.48067","-43.54689","-507.99359","116.62221","427.41864",NA,"P3",23,19
242,2.41,"-392.68860","1480.17847","379.86310","-536.77802","1598.76904","141.06758","-387.31570","1541.76404","171.81618","-534.18304","1522.44299","348.60620","-380.10321","1311.50256","74.57269","-673.55505","1327.07227","289.84763","-444.83514","1208.69885","288.01346","-561.58911","1373.30273","142.63918","-332.86539","973.36920","55.75805","-746.70367","983.57581","337.93744","-299.80634","792.05383","155.06699","-668.98871","805.12854","453.93488","-375.71295","838.72260","224.44551","-567.95538","872.86292","383.79376","-604.66687","916.92657","128.12453","-459.51498","416.53333","130.49693","-513.51740","456.35358","423.70444","-622.00122","169.21684","-35.13895","-506.76428","116.32664","428.67535",NA,"P3",23,19
243,2.42,"-388.85419","1480.15002","383.27890","-532.97656","1600.75854","149.35947","-382.82205","1543.33020","180.92648","-529.67316","1524.19263","356.52164","-375.67505","1313.67395","81.81266","-668.75336","1328.53284","297.91968","-439.67609","1211.67871","296.05789","-557.39111","1375.16968","150.28798","-330.07831","975.77307","60.51371","-741.21411","985.34839","346.33829","-296.65671","794.07074","159.39490","-663.94977","806.10254","461.39307","-370.68106","840.37848","233.17851","-561.91284","875.49310","391.96054","-598.32349","918.08289","137.03239","-445.31720","416.28629","143.78583","-510.94199","456.88443","428.66025","-613.39093","174.76364","-25.98830","-505.69040","116.34977","429.70508",NA,"P3",23,19
244,2.43,"-384.40567","1481.80383","390.72653","-528.80823","1602.44019","157.27113","-378.81375","1544.52222","193.67880","-525.79419","1525.74670","364.87778","-372.30988","1316.05029","89.67680","-664.44617","1330.47607","306.04456","-435.10214","1214.87744","304.31223","-553.25439","1376.60022","158.16139","-329.09863","978.70789","66.04282","-735.63837","987.11218","354.48743","-292.52759","796.22449","163.13066","-658.94373","807.21411","469.75055","-365.49344","842.76599","241.59157","-557.19037","878.13184","401.09979","-592.05627","919.80658","145.72696","-431.73108","415.88684","157.18289","-507.65820","456.30609","433.18994","-604.51685","180.45287","-16.41850","-505.41388","116.55450","430.70639",NA,"P3",23,19
245,2.44,"-379.70132","1485.05261","403.51160","-524.74945","1603.72388","165.16103","-374.53528","1546.39600","196.16479","-521.04266","1526.96533","372.48236","-368.32300","1318.88171","96.39191","-659.37659","1331.94531","314.13779","-430.62289","1216.55237","312.72174","-549.35193","1378.19788","166.72636","-326.68744","981.36066","70.99577","-730.34705","988.96552","362.51083","-286.61395","799.20691","167.28033","-652.97498","808.58484","477.16788","-361.02740","843.99744","250.33688","-551.73370","879.82642","409.41010","-585.97089","921.25043","154.17400","-418.84378","415.41623","172.34221","-505.11450","456.11200","438.16000","-595.16193","187.06526","-6.58646","-504.83469","116.31484","432.03372",NA,"P3",23,19
246,2.45,"-375.49695","1485.02246","405.73157","-520.71387","1605.22290","173.28087","-370.70197","1547.60132","204.54686","-516.37207","1528.48413","380.46979","-364.35071","1321.35205","104.21436","-654.73035","1333.42676","322.25851","-425.23929","1219.24011","320.65604","-544.80414","1379.53088","174.21866","-323.62048","983.41431","75.78273","-724.92181","990.57452","370.67480","-283.03668","801.22614","171.17241","-648.00568","809.77460","484.96884","-355.60815","845.77869","258.65433","-546.81787","880.79321","417.97849","-580.23499","922.94067","162.19180","-405.09982","415.14481","187.82491","-501.40323","454.87173","442.68344","-583.91559","193.12914","4.92262","-504.53662","116.09743","432.39432",NA,"P3",23,19
247,2.46,"-371.28116","1487.04041","414.66730","-516.42029","1606.48950","181.17026","-365.95300","1549.06189","211.80804","-512.05981","1530.02734","388.64331","-360.29498","1323.37134","111.64544","-649.59839","1334.73535","330.90317","-420.33905","1220.85681","328.51038","-540.70447","1380.55066","182.60765","-320.84097","985.91498","80.58440","-719.54669","991.51819","378.76270","-278.62393","802.82013","175.48796","-642.22247","810.30762","492.49817","-350.91977","847.15424","266.64511","-541.20319","880.81409","425.75378","-575.03473","924.56464","170.09706","-391.80447","415.67264","202.49226","-498.24875","453.82135","447.12119","-572.66821","199.53247","17.46525","-503.97272","115.66599","432.90671",NA,"P3",23,19
248,2.47,"-365.73105","1489.46204","427.13602","-511.98441","1607.51257","189.02472","-361.76352","1550.61401","220.66953","-508.02301","1531.07593","396.57443","-355.68253","1325.19727","118.65862","-644.22064","1335.86829","339.11795","-415.04507","1222.59204","335.77734","-536.15594","1382.04126","190.52863","-317.90616","988.17426","85.60243","-714.23102","992.92834","387.05865","-274.41110","804.91553","179.53073","-636.26990","811.34979","501.04486","-345.55640","848.68878","272.95840","-536.02338","881.78546","433.93756","-569.93085","925.70984","178.09044","-377.61749","416.15088","218.91054","-495.78699","452.69543","450.33203","-560.71112","204.82237","31.27326","-503.25363","115.10073","433.41522",NA,"P3",23,19
249,2.48,"-361.67004","1490.05835","430.23349","-507.40121","1608.62061","196.90742","-356.91705","1551.99634","227.59012","-503.08859","1532.03943","404.30890","-351.44116","1327.33789","125.87425","-639.14227","1336.77979","347.84357","-409.33942","1223.58655","343.25049","-531.65631","1383.43530","198.50319","-313.90341","989.67090","90.51509","-709.23383","993.74316","395.97556","-270.56198","805.96234","183.84433","-629.97272","812.00000","508.54684","-340.15875","850.36353","279.93408","-530.88959","881.73834","441.55701","-564.89923","926.12708","185.35405","-363.51953","418.35239","235.13380","-492.98190","452.32440","453.72800","-548.54181","210.46082","45.09182","-502.13354","114.29503","433.93994",NA,"P3",23,19
250,2.49,"-357.10504","1491.13452","438.87891","-502.81891","1609.70581","204.84709","-352.61514","1553.33020","236.86691","-498.93887","1532.56763","412.36362","-346.68845","1328.87305","133.30597","-634.10370","1337.73462","356.51132","-404.42404","1224.21240","350.42184","-526.89996","1384.24988","207.32996","-309.95270","991.54327","96.08408","-703.96521","994.68158","404.49045","-265.60281","807.76428","188.37778","-624.94580","813.40820","517.40857","-334.26447","851.26642","286.50763","-525.43250","881.69519","448.95612","-560.80865","927.19080","193.53351","-349.92413","420.16980","250.23708","-491.10413","452.97076","456.92447","-536.09058","216.25089","60.14302","-501.56863","114.29017","434.58307",NA,"P3",23,19
251,2.5,"-351.78348","1491.57312","446.18488","-498.02353","1610.62134","212.90530","-347.38980","1554.51270","243.97874","-493.85089","1533.08728","420.18845","-342.41391","1330.20947","141.14742","-628.50989","1338.40039","364.48444","-399.57965","1225.00989","357.06113","-522.16711","1385.79639","214.71805","-305.61819","992.80804","101.90410","-698.75348","995.45825","413.94788","-261.04587","808.81458","192.37454","-617.92938","813.77362","525.04163","-328.60681","853.30750","292.56686","-519.52124","881.49896","455.90363","-556.71527","928.09137","201.23056","-335.65173","422.67792","266.97269","-487.06061","452.06601","459.68195","-523.17090","220.90956","74.47292","-500.63837","114.51255","435.21033",NA,"P3",23,19
252,2.51,"-346.67038","1493.99524","459.40869","-493.23334","1611.66357","221.23857","-342.61957","1555.74500","253.43121","-489.61292","1534.23010","428.42007","-338.06241","1331.37195","147.18913","-623.43817","1339.17285","372.91522","-393.66608","1225.65649","363.83844","-517.41138","1386.57422","222.81044","-301.40491","994.11847","107.40238","-693.74670","996.08557","422.62860","-256.39523","810.16467","198.17854","-610.98065","813.86017","532.67444","-323.11111","854.80780","298.23013","-513.19141","881.56958","462.36276","-552.74902","928.17078","208.81046","-321.83145","425.50601","282.49921","-484.62527","452.51675","462.72607","-512.30908","226.32823","88.66199","-499.62729","114.83899","435.78281",NA,"P3",23,19
253,2.52,"-342.22540","1492.85913","464.27267","-488.07297","1612.76868","229.25018","-337.55548","1556.84277","260.53101","-484.24866","1534.11560","435.87354","-333.26495","1332.17126","154.25870","-617.72919","1339.60474","381.27347","-388.22678","1225.63843","371.21893","-512.48682","1387.47620","230.80577","-296.84439","995.18866","113.88073","-687.94653","996.51990","431.77771","-251.39133","811.08521","202.94662","-604.56140","814.82886","541.01978","-317.98526","855.76135","304.16577","-507.46841","879.69666","465.00156","-549.33575","929.57654","216.04961","-308.05130","429.21652","298.01999","-480.83069","452.32385","465.33969","-499.85114","230.34296","105.05814","-498.91214","115.27029","436.65524",NA,"P3",23,19
254,2.53,"-337.08725","1493.31262","470.79761","-483.06766","1613.72217","237.67210","-332.05005","1557.78967","270.17029","-479.39676","1534.46240","444.17850","-328.80200","1333.25098","160.90811","-612.12891","1340.36609","389.12158","-382.71948","1225.55457","377.23584","-507.77084","1388.66907","237.44388","-292.10809","995.87714","119.53570","-682.42169","997.17804","441.32602","-246.01657","812.51007","208.55360","-598.43286","816.02277","548.97845","-312.29715","857.98309","309.74588","-500.79218","881.40930","474.16269","-545.85736","930.54346","224.14944","-294.11047","432.92819","312.29724","-478.20749","451.62460","468.85901","-487.05591","234.28545","120.93175","-497.31039","115.05670","436.95316",NA,"P3",23,19
255,2.54,"-332.68500","1493.32031","477.95221","-477.82211","1614.54810","245.80560","-327.56998","1558.46973","277.13757","-474.09982","1534.76331","451.73804","-323.98254","1333.75867","167.58493","-606.52887","1340.93359","396.96237","-376.97748","1226.06360","383.91019","-502.65765","1389.29199","245.88014","-287.36292","996.40918","125.96238","-676.81775","997.84564","450.18137","-242.60562","812.07434","213.88284","-591.08167","816.40906","556.66217","-307.39969","858.71552","315.10083","-496.08865","882.00848","480.99222","-541.56659","930.98615","230.65546","-281.61307","435.91318","328.30164","-475.02057","451.18930","471.00427","-473.79507","236.84456","137.51295","-496.25894","114.62617","437.29449",NA,"P3",23,19
256,2.55,"-327.15170","1494.15283","491.44800","-472.48413","1615.10132","253.84323","-321.58017","1559.19128","288.60425","-469.09326","1535.13049","459.69235","-319.64383","1334.19226","175.10504","-600.98456","1341.42957","404.63547","-371.38950","1226.37842","390.66144","-497.61746","1389.98279","253.69960","-282.20630","997.21967","131.36073","-670.96521","998.32568","459.36615","-236.08907","814.15924","219.95465","-583.67059","817.34778","565.72833","-302.56891","860.33667","321.94992","-490.92419","881.63696","483.43491","-537.36121","932.56128","237.04918","-268.27655","440.16486","341.97482","-471.98392","450.48114","474.11331","-460.23172","238.12589","154.90813","-495.11658","114.08677","437.61719",NA,"P3",23,19
257,2.56,"-322.39459","1492.36963","492.99344","-466.95639","1615.61768","261.63547","-315.88251","1559.32214","297.41299","-464.37839","1534.99219","467.60690","-314.78622","1334.46252","181.35837","-595.66968","1341.94104","412.33875","-365.63348","1225.98352","396.80624","-492.47849","1390.74548","260.31299","-277.27969","998.12823","137.73842","-665.28516","999.05566","467.77362","-230.64784","814.74438","225.95662","-576.63580","818.58026","573.38947","-297.53192","861.48358","326.98837","-485.53494","883.24927","493.60693","-532.81970","933.15094","243.44258","-255.61226","445.43683","356.55988","-469.05859","449.48544","476.22842","-446.35294","239.13644","172.37894","-494.35254","114.13684","438.05716",NA,"P3",23,19
258,2.57,"-317.28098","1493.32385","502.39822","-461.50394","1616.30518","269.59357","-311.40448","1559.66956","301.14261","-459.30530","1534.97559","475.46478","-310.01450","1335.35400","188.70944","-590.35480","1342.40356","419.73026","-360.24942","1226.41870","403.69537","-487.16660","1391.48755","267.44809","-272.92737","999.07092","143.12045","-659.30231","999.22272","476.09750","-227.17900","814.32117","232.20392","-569.13666","819.22351","582.38660","-293.01382","862.98077","333.12595","-479.73746","883.64642","500.74368","-528.22491","934.15259","249.86230","-242.84471","448.93988","370.42194","-466.60245","448.95129","478.51038","-431.92429","238.66092","189.30508","-493.75360","114.37441","438.61545",NA,"P3",23,19
259,2.58,"-311.97473","1492.46265","511.40659","-456.14728","1616.79773","277.82034","-305.87561","1560.06738","309.11966","-453.52127","1534.95215","482.75720","-305.59195","1335.74231","195.04518","-584.67615","1342.85413","427.13464","-355.04944","1226.72363","410.79688","-482.01703","1391.92175","274.49869","-267.91174","999.28857","150.04810","-653.14856","999.76801","484.19370","-219.69661","815.88135","238.34152","-562.72107","821.40906","590.03101","-288.00546","864.20288","339.25906","-474.87701","884.63550","508.25580","-523.27148","934.76648","256.76352","-231.37061","454.23380","383.88287","-465.03021","448.63632","481.33484","-416.65927","236.66466","207.92996","-493.15677","114.05686","438.73898",NA,"P3",23,19
260,2.59,"-306.37970","1492.26501","517.07129","-450.55771","1617.09326","285.65292","-299.79202","1560.16248","321.30151","-448.05603","1534.28406","490.43558","-300.75790","1335.87854","201.52754","-578.94934","1343.01343","434.70374","-349.59583","1226.22803","416.67682","-477.34348","1392.17065","280.69550","-262.99405","999.33661","156.90417","-647.47766","999.49115","492.27893","-213.90009","816.99585","244.52451","-555.48322","821.35394","599.18127","-283.55197","865.06195","345.57281","-469.97818","884.84302","516.22577","-518.37732","934.93945","262.48260","-219.59787","458.10239","397.24960","-462.58917","447.61224","483.43033","-401.49118","234.31683","225.97293","-492.21835","114.31239","438.97638",NA,"P3",23,19
261,2.6,"-301.83328","1490.66541","523.90881","-444.81329","1616.96594","293.14423","-294.36026","1560.02502","326.16882","-444.04803","1534.37158","497.98096","-296.03824","1336.29883","208.43271","-573.62097","1343.29395","442.32956","-344.86514","1226.83423","423.95721","-471.73431","1392.48621","290.09662","-258.28107","1000.40228","162.69792","-641.71332","1000.14325","499.81448","-209.84422","815.48407","250.06657","-548.55029","822.84564","607.01404","-278.87201","866.26788","352.67957","-465.68054","882.00458","516.17389","-513.44470","935.28705","268.60669","-207.68977","463.00665","410.00967","-461.30380","447.80551","486.78973","-386.06595","231.41417","243.37524","-491.75101","114.15395","439.21765",NA,"P3",23,19
262,2.61,"-297.39108","1491.14331","533.21613","-439.03635","1617.33875","300.80820","-289.05295","1560.53271","333.30414","-438.46869","1533.93726","505.19687","-291.44080","1336.45581","214.33661","-568.20563","1343.58228","449.80698","-338.86319","1226.62915","430.53986","-467.12491","1392.77173","295.53198","-253.07593","1000.09045","169.83334","-635.54022","999.78510","507.42886","-202.13835","817.37140","256.39197","-540.80145","823.16754","615.55115","-273.96109","866.94659","358.94885","-460.82407","881.57220","521.50494","-507.99548","935.06952","274.98721","-196.48201","466.87857","421.68243","-459.66791","447.60037","488.96582","-370.41046","226.63107","262.33975","-491.26910","114.16560","439.60956",NA,"P3",23,19
263,2.62,"-291.07303","1490.38574","539.30646","-433.17386","1617.82129","308.25058","-283.03708","1560.07715","345.40363","-433.23221","1533.39319","512.61731","-286.10080","1336.78479","221.27818","-562.48932","1343.62927","457.06375","-333.74237","1226.18250","436.79312","-462.07251","1392.97559","303.21808","-247.85852","1000.66754","176.10983","-629.38177","999.94708","514.54150","-196.18454","818.00330","263.11517","-534.26636","824.17975","622.60895","-269.09399","867.69391","365.30624","-456.45328","882.09668","528.66937","-502.93277","935.32617","281.11945","-185.76485","470.90051","432.91119","-457.42691","446.39209","491.80441","-354.26910","221.44917","280.34595","-490.62012","114.03041","439.76501",NA,"P3",23,19
264,2.63,"-285.40982","1490.17139","548.34106","-427.49939","1617.80591","315.90335","-278.40405","1559.97107","347.79294","-427.56894","1533.31165","519.96167","-281.55737","1337.08228","227.29465","-557.17621","1343.49634","464.31314","-327.89609","1226.67102","443.11057","-456.89450","1393.18140","310.21426","-242.49431","1001.40228","182.46167","-623.35724","999.89972","522.13763","-190.30107","818.03430","268.86618","-526.22412","824.90833","631.69257","-263.45642","868.75641","371.75150","-451.25317","881.86414","535.42688","-497.00421","934.83252","287.04575","-176.32971","474.95721","444.29086","-455.46912","446.20682","494.16052","-337.42819","216.54335","299.73532","-490.39584","114.07850","440.00781",NA,"P3",23,19
265,2.64,"-280.27826","1489.46899","555.86029","-421.78546","1617.90149","323.54916","-272.44803","1560.28479","355.32513","-422.53690","1532.95508","527.57043","-276.63370","1336.93872","234.04190","-551.87238","1343.69116","471.55997","-323.20874","1226.96423","450.52618","-451.37820","1393.15308","317.53455","-236.70728","1000.91882","188.83925","-617.69324","999.77722","529.79883","-183.53835","818.22925","275.80634","-520.00439","826.16663","639.12170","-257.98557","869.57007","378.31915","-447.20248","881.16797","541.82104","-491.76529","934.58203","293.08673","-166.65344","478.32736","454.33487","-453.37192","445.27786","497.13251","-320.42224","209.85152","319.32379","-489.81680","113.90978","440.45831",NA,"P3",23,19
266,2.65,"-275.24496","1488.49963","561.33624","-415.90045","1617.83875","330.86212","-266.50912","1559.28418","363.26935","-417.06265","1532.58728","535.07532","-271.33502","1336.61230","241.78365","-545.97888","1343.54932","478.56821","-317.46860","1226.67761","457.66840","-445.21667","1393.08289","325.70847","-231.49722","1001.62811","194.94356","-611.49158","999.37830","537.39551","-177.42038","818.81659","282.63965","-512.67487","825.94824","647.42914","-252.82150","869.27246","384.59586","-441.89639","882.15265","554.22040","-486.41721","935.03497","299.94232","-158.47295","481.44794","464.43991","-451.13266","444.54660","499.51224","-302.62393","202.52695","338.65601","-489.26865","113.73310","440.58130",NA,"P3",23,19
267,2.66,"-270.51776","1488.28674","569.84503","-410.08487","1617.72729","338.32297","-260.55124","1559.47583","370.29544","-411.51147","1532.22925","542.03815","-266.48822","1336.62573","247.85214","-540.15350","1343.18042","485.57645","-312.28162","1226.34619","464.13232","-439.75839","1392.79822","332.56375","-226.30653","1000.73444","202.42174","-605.54108","999.38806","545.02673","-171.39957","818.61902","288.56952","-506.24039","827.14337","655.28040","-246.92468","870.18640","391.31549","-437.53708","882.14386","556.99683","-480.57300","934.86151","305.27591","-150.14235","483.96143","473.49301","-449.05017","444.32721","502.43060","-284.26392","195.15927","358.76086","-488.74072","113.85818","441.26492",NA,"P3",23,19
268,2.67,"-265.01706","1487.67004","578.11847","-403.30118","1616.95752","345.46417","-255.30858","1558.77722","377.97772","-405.98343","1531.98462","549.20563","-261.10730","1336.27686","254.53532","-534.82233","1343.23267","492.80576","-307.45447","1225.44604","470.74219","-434.30011","1392.72888","338.55618","-221.06442","1000.73187","209.57651","-599.38727","998.97430","552.39325","-165.28951","819.00964","295.52237","-498.89932","827.38324","662.04974","-242.51765","869.98444","399.11087","-431.17737","879.46234","561.65259","-474.87061","934.46344","311.05414","-142.13977","485.96814","481.13068","-445.92648","443.46738","504.57083","-266.07159","187.41214","378.65622","-488.37518","113.97910","441.53748",NA,"P3",23,19
269,2.68,"-258.91608","1488.08618","586.09668","-397.56924","1617.07678","352.74078","-249.32884","1559.37427","385.12317","-401.03006","1531.44312","556.33435","-255.54056","1336.11316","261.14282","-529.09503","1342.58618","499.56393","-301.86243","1224.85425","477.31088","-428.34851","1392.46069","345.62411","-215.78027","1000.56879","215.99858","-593.32721","998.66107","559.79010","-158.45271","818.95819","302.41507","-490.27603","827.78925","672.11346","-236.90318","870.44147","405.63812","-427.72729","878.44250","565.10535","-468.93008","934.31580","317.28497","-135.72871","487.12827","489.30930","-443.36792","442.77368","507.54343","-246.00975","180.21700","399.58734","-487.75513","114.47533","442.28384",NA,"P3",23,19
270,2.69,"-254.03114","1486.77087","593.52301","-392.04971","1616.30310","360.01016","-243.58835","1558.08997","392.86542","-395.25296","1530.87305","563.41351","-249.07758","1335.47217","269.09619","-523.80371","1342.53223","506.52219","-295.32050","1225.01025","485.29996","-422.43320","1392.19788","352.54843","-209.81822","999.94989","222.67871","-587.19586","997.96100","567.00702","-152.12579","819.12207","308.86856","-483.36099","828.15503","678.86603","-231.54939","870.07983","412.19769","-423.31177","877.67267","572.99756","-462.60797","934.49701","323.36371","-129.10318","487.71091","497.64401","-440.75043","442.16537","510.42188","-227.01701","172.82176","419.38391","-486.74716","114.52010","442.74533",NA,"P3",23,19
271,2.7,"-248.56348","1485.44495","598.23035","-386.17694","1616.31470","367.21423","-237.28540","1558.06470","400.87704","-389.59955","1529.93262","570.48120","-243.02229","1335.13123","276.53851","-517.95648","1341.90515","513.27356","-289.26111","1224.03491","492.42203","-416.68887","1391.91382","359.66541","-203.67036","999.73865","229.34671","-580.99774","997.59534","574.42688","-145.59825","818.84485","315.86362","-476.56659","827.69910","686.93951","-225.93039","869.66711","419.31296","-417.88452","876.76685","578.06476","-456.58774","934.26556","329.14362","-123.44330","487.89771","503.33661","-438.25726","441.71463","513.91748","-207.45068","166.26790","439.60864","-486.20306","114.56540","443.07767",NA,"P3",23,19
272,2.71,"-243.54846","1485.45654","606.31232","-380.12677","1615.46362","374.17557","-231.65182","1557.87366","407.57410","-384.34055","1529.72266","577.36420","-237.30385","1334.34619","283.65451","-512.13965","1341.31909","520.36584","-284.19077","1223.67114","499.76746","-410.65836","1391.21179","366.57050","-197.92831","999.38269","236.25217","-574.57495","996.46014","581.25671","-139.62300","818.39355","322.79932","-469.73465","828.82745","694.66162","-220.07040","869.96802","426.48184","-413.33798","876.20868","585.39032","-450.15057","933.75977","334.43494","-118.03446","487.32852","510.56918","-435.29330","440.89078","516.68591","-187.30264","159.51808","459.58536","-485.31461","114.69048","443.36166",NA,"P3",23,19
273,2.72,"-238.52164","1486.19055","616.65106","-374.08072","1614.67651","381.08926","-225.58615","1557.25305","416.01392","-379.12888","1529.05408","584.36011","-231.20338","1334.05835","290.80286","-506.47977","1340.65991","527.16211","-278.23874","1222.59436","507.51913","-403.88940","1390.94800","375.22333","-191.67296","998.59399","243.21797","-568.49469","995.86761","588.31982","-132.97513","818.43585","329.64566","-462.31702","827.95422","702.11359","-213.82925","868.94879","433.78906","-408.15417","876.22839","595.19916","-443.78915","933.98065","340.75867","-113.01716","486.22128","517.36511","-431.86423","439.93668","520.35626","-166.55148","154.44138","478.93744","-485.18610","115.01672","445.15152",NA,"P3",23,19
274,2.73,"-232.33534","1486.01123","623.91699","-367.95541","1613.84631","387.98026","-219.59561","1556.75391","423.03638","-374.05795","1528.59509","591.42773","-224.46899","1333.23254","298.55896","-500.12836","1339.61218","533.64764","-272.70062","1221.60974","514.36084","-398.07968","1389.79602","381.65247","-186.16177","997.76788","249.95836","-562.18243","994.99689","595.01703","-126.57556","817.54480","336.71744","-456.18314","828.29132","709.30963","-207.56958","868.05286","440.78632","-402.66763","874.44910","596.90918","-437.18173","933.57074","346.60709","-108.56302","484.48566","523.51526","-428.93051","439.59665","524.07739","-146.64769","149.90086","498.92996","-484.46301","115.36526","445.07938",NA,"P3",23,19
275,2.74,"-227.44133","1483.50842","629.80676","-362.57077","1613.15991","395.13818","-213.39095","1556.56091","431.17456","-368.73517","1527.83130","598.56146","-217.41336","1331.82654","307.03284","-494.77277","1338.95715","540.37842","-266.69507","1220.93298","521.77057","-392.16684","1389.38257","387.82257","-180.16400","997.40991","256.75500","-555.85138","994.11603","602.12262","-120.00219","817.12219","344.33041","-448.69479","827.66895","716.29761","-201.57629","867.55249","448.90466","-397.83789","873.37811","605.79211","-431.04080","932.95020","352.94934","-105.18681","483.10699","528.31726","-424.86389","438.23514","527.94220","-126.33142","146.64037","517.52344","-483.52170","116.06183","445.81314",NA,"P3",23,19
276,2.75,"-221.90807","1483.69971","635.88110","-356.05524","1612.10278","401.86493","-208.09085","1555.10242","436.30719","-363.02347","1526.74646","605.44922","-211.25598","1331.49158","313.59637","-489.22495","1338.11475","547.45020","-260.80185","1219.72852","529.32422","-385.71106","1388.55457","394.37836","-173.14702","996.40015","264.50937","-549.46362","992.81683","608.51691","-113.38254","816.59308","351.35397","-441.72470","827.70953","723.61255","-194.67630","867.06866","456.62411","-392.35898","872.19824","609.58362","-424.04898","932.51062","359.43423","-100.71052","480.27039","534.61194","-420.97961","437.12823","532.20990","-104.74596","144.64230","536.13617","-482.75598","115.98944","446.23660",NA,"P3",23,19
277,2.76,"-216.56967","1483.86499","645.62061","-349.95441","1610.67285","408.68454","-201.64334","1554.11304","444.56897","-357.25677","1525.80603","612.08868","-204.15286","1330.40698","321.74728","-482.82956","1336.98511","553.83588","-254.57359","1218.78394","536.85596","-379.06210","1387.20447","401.74359","-166.56990","995.29980","272.16235","-543.42322","991.59021","615.27325","-106.56409","815.50696","358.34055","-434.80725","827.46655","731.17267","-188.13954","866.12231","464.09497","-386.99026","870.66266","615.69031","-417.57825","931.53723","365.48306","-96.79931","478.21222","539.78729","-417.31302","436.10034","536.26617","-85.48357","144.17526","554.03668","-482.29251","117.84495","448.07480",NA,"P3",23,19
278,2.77,"-210.04475","1482.87524","652.59442","-343.63751","1609.30408","415.45209","-195.53799","1553.48352","452.30011","-351.97690","1524.66687","619.20355","-197.18019","1329.64575","329.16766","-477.04434","1335.70276","560.70837","-248.88660","1217.48328","544.36920","-372.26428","1386.02197","408.75967","-159.92937","994.53595","279.60498","-536.96625","990.45319","621.73779","-99.94561","814.35944","365.61929","-428.05069","826.53357","737.62378","-181.22743","865.14105","471.99149","-382.30145","869.05829","621.57214","-410.00897","930.53125","372.22736","-92.75064","475.87393","545.45306","-412.86755","434.92694","540.03876","-68.29937","144.29094","570.89471","-480.65427","116.37680","447.50592",NA,"P3",23,19
279,2.78,"-204.88794","1483.58667","665.37927","-337.33582","1607.84387","422.29883","-189.13757","1552.53723","460.47452","-346.46207","1524.01978","626.15155","-190.32245","1328.33765","337.30652","-470.93619","1334.67712","566.71552","-243.20279","1216.39819","552.15906","-365.52380","1384.58923","415.14511","-153.16939","993.41553","286.61502","-530.52203","989.22986","628.10596","-93.16756","813.34198","372.93442","-420.74081","825.35876","744.74689","-173.72037","863.58905","480.35458","-377.07990","868.51868","627.48511","-402.50513","928.92352","378.90085","-86.96305","474.21844","551.23004","-408.81372","433.69504","544.15271","-51.31495","145.41731","586.62659","-479.74454","117.10248","448.32709",NA,"P3",23,19
280,2.79,"-200.62122","1481.37402","667.73077","-331.67178","1606.77271","429.37219","-183.09583","1551.80359","468.37744","-340.22171","1522.30005","632.97913","-182.31606","1327.34900","345.26526","-465.31549","1333.11023","573.40881","-236.10968","1215.19556","559.49805","-358.86829","1383.63000","422.20993","-145.54938","992.46637","294.38177","-524.48962","987.66766","634.72559","-86.69662","811.72137","380.68533","-414.69702","824.22009","752.20905","-167.73412","861.85815","488.02481","-371.61346","866.51093","632.43890","-395.57452","927.62842","385.24957","-81.67657","472.35165","556.44574","-404.97269","432.53397","548.94922","-35.50796","146.54150","602.39868","-478.64908","117.26794","449.05368",NA,"P3",23,19
281,2.8,"-194.77377","1481.02625","677.62268","-324.52426","1605.11365","435.90750","-176.36496","1550.71936","480.54663","-335.14880","1521.68933","640.05481","-175.19919","1325.94189","352.77032","-458.86929","1331.44604","579.59589","-230.16072","1213.58325","567.20294","-351.97812","1381.95959","429.12021","-138.19243","991.01935","302.07135","-517.99219","985.97339","640.53119","-79.39178","810.21643","388.31558","-407.93323","823.29364","758.56842","-160.98901","860.60809","497.82867","-367.32315","866.25470","642.19891","-387.53119","926.32190","391.83231","-76.38354","470.44998","562.40967","-400.71899","431.68274","553.29510","-20.18331","148.76794","617.15924","-478.01282","118.88329","450.98083",NA,"P3",23,19
282,2.81,"-188.97437","1480.29541","684.07043","-318.39539","1604.14343","442.87408","-170.16879","1549.60498","490.00290","-329.30325","1520.45459","646.90546","-167.73389","1324.53528","361.06598","-452.82278","1330.18848","585.72040","-223.94908","1212.52991","574.87433","-343.82587","1379.89453","441.17508","-130.52069","989.36957","309.88712","-511.75238","984.41406","647.19366","-72.94962","808.49170","396.18457","-401.42435","822.13147","766.18683","-154.38258","859.01886","506.22391","-361.19699","864.43652","649.41357","-379.45667","924.47650","398.55612","-71.33641","469.47952","568.43793","-396.37302","430.05161","557.96368","-6.63072","150.92174","630.59875","-476.66946","118.42290","450.74338",NA,"P3",23,19
283,2.82,"-183.71266","1477.93408","689.92761","-312.26837","1602.84448","449.92438","-163.72255","1548.92798","496.10349","-323.93564","1519.28076","653.71973","-159.96155","1323.48071","368.79697","-446.58908","1328.59827","592.08813","-217.42020","1211.55090","582.55511","-337.04465","1378.53320","447.92636","-122.42435","988.04352","318.28259","-505.19077","982.56641","653.19391","-65.32063","806.63458","403.64426","-396.67142","821.53516","772.83813","-147.82309","857.53320","514.75415","-355.25500","862.88062","655.82001","-371.96683","923.34521","404.93201","-64.61169","469.10577","576.08667","-391.92776","428.80362","562.05890","4.93668","152.96541","643.04279","-475.92892","119.80214","452.18842",NA,"P3",23,19
284,2.83,"-177.49670","1478.38696","697.74884","-305.22733","1601.55847","456.73590","-157.56479","1548.55798","502.00305","-318.50510","1518.17664","661.00604","-151.82829","1321.90747","378.34409","-440.59302","1327.19934","597.88696","-211.37236","1210.37549","590.47241","-330.69012","1378.48328","450.19510","-114.34535","986.95264","326.90234","-498.96335","981.18134","659.04150","-58.42726","805.03851","411.74399","-391.08420","818.82166","777.72455","-140.95338","855.83337","523.12097","-349.62946","861.57458","663.14636","-363.99493","922.10162","411.48355","-58.37366","468.45740","584.64063","-387.89804","428.25946","566.75824","15.25612","154.47847","653.95392","-475.12167","120.16502","452.87399",NA,"P3",23,19
285,2.84,"-171.66325","1477.92322","706.94135","-298.88058","1600.66650","463.85373","-150.96884","1547.28979","513.39569","-312.38446","1516.97949","667.63763","-143.86378","1320.85156","386.63358","-434.15158","1325.74500","604.50659","-205.18248","1209.20508","598.30505","-322.83783","1376.81812","458.67813","-106.52061","985.39343","335.67758","-492.39331","979.53241","665.04895","-51.13202","803.04462","420.10846","-384.45557","818.18176","783.98590","-133.65378","854.90997","531.40216","-343.71555","859.33362","668.61481","-355.70645","920.62720","418.36887","-51.52170","468.06235","593.54364","-383.33688","427.06052","571.83960","22.69183","154.04417","662.98010","-474.17627","122.02909","454.45917",NA,"P3",23,19
286,2.85,"-166.58633","1476.89539","712.56476","-292.77240","1599.84741","470.97577","-144.81110","1547.29089","518.34723","-307.32071","1516.24243","674.75366","-136.02309","1319.61316","395.05301","-427.55048","1324.49573","610.63397","-197.73776","1207.98669","606.43427","-315.89331","1376.04224","465.61200","-97.99191","984.45667","343.62140","-485.81982","978.09460","670.79077","-43.71677","801.78040","428.17627","-379.19199","816.26123","789.73956","-126.72848","853.86774","540.58344","-337.18964","857.87042","678.30005","-347.36664","919.64197","425.01172","-44.16212","467.51343","603.05176","-378.88983","426.32718","577.07758","29.06856","152.14825","670.35419","-473.03577","122.90240","455.37897",NA,"P3",23,19
287,2.86,"-160.41956","1475.60291","720.06592","-285.49286","1598.65405","477.74530","-138.02641","1546.13660","529.02136","-301.24545","1515.05994","681.86041","-128.18233","1318.39746","403.10815","-421.25134","1323.12415","617.12421","-191.47969","1207.48645","614.97479","-308.35974","1374.86389","473.15823","-89.45204","983.12445","353.36185","-479.47986","976.61267","676.59344","-36.41839","799.82306","436.76962","-373.15094","814.60919","797.03687","-119.44314","853.32837","549.12720","-330.81647","857.49951","686.45227","-338.98810","918.47577","432.17709","-36.73934","466.95456","613.39313","-374.23206","425.54144","582.48035","33.16040","149.72249","675.56427","-472.03671","125.03477","457.22366",NA,"P3",23,19
288,2.87,"-154.47711","1476.03760","729.16168","-278.90060","1597.33862","484.69363","-131.82643","1545.85229","535.28375","-295.04706","1514.49609","688.63202","-120.33202","1318.03516","410.91843","-414.63263","1322.21912","623.65057","-184.90974","1206.63379","622.92548","-301.78870","1373.72742","477.64703","-80.93026","982.04114","362.10593","-472.99756","975.64856","681.92651","-28.81094","798.99908","445.39078","-367.66275","813.48047","803.08472","-111.63501","852.29175","556.75519","-324.03909","855.99878","693.05078","-330.82480","917.64386","439.43842","-29.39008","466.13855","623.25519","-368.77567","424.54358","587.87817","36.93233","147.08333","679.88428","-470.10330","125.96173","458.57007",NA,"P3",23,19
289,2.88,"-148.80568","1474.68274","734.67322","-272.77890","1596.46204","491.81036","-125.11221","1545.09802","542.76245","-289.11624","1513.29407","695.57373","-112.00808","1317.05322","419.20862","-407.69388","1321.27881","630.08679","-178.14899","1206.16638","630.47906","-293.30283","1371.95789","489.80130","-72.55524","981.36737","371.15421","-466.70200","974.23914","687.84442","-21.10178","797.88391","453.77332","-362.09512","811.73169","808.09338","-103.56462","851.36237","565.17444","-315.96304","854.61572","700.51398","-322.57996","916.88690","447.08337","-22.15115","465.24445","633.33771","-363.02762","423.32697","593.36432","38.55626","143.92361","683.42200","-468.35550","127.47678","459.59045",NA,"P3",23,19
290,2.89,"-143.31595","1474.94519","744.37567","-266.10419","1595.46912","498.79498","-118.77254","1544.58533","551.56909","-283.52759","1512.17603","702.47882","-104.06326","1315.77527","427.60486","-400.80362","1320.26038","636.97766","-170.70795","1205.32788","638.39673","-285.78854","1370.77405","497.07202","-63.46107","980.85718","379.27612","-460.31073","973.75079","692.79950","-13.45149","796.25446","463.04996","-356.27975","810.73767","814.62518","-96.02805","850.97485","573.44568","-308.60007","854.30951","708.56866","-314.58026","916.25665","454.97940","-14.74153","463.94821","642.52228","-356.90060","421.84012","599.12720","41.32217","141.36113","688.17236","-466.90247","130.05092","461.45651",NA,"P3",23,19
291,2.9,"-137.47847","1474.81042","753.40991","-259.26434","1594.41138","505.75815","-112.32828","1544.83447","557.16309","-277.61795","1511.77881","709.79968","-95.74179","1315.64941","436.06622","-394.02899","1319.27844","643.45007","-163.82556","1204.46631","645.48035","-279.00223","1371.01733","498.47491","-54.83064","980.08679","388.22614","-453.62979","972.51251","697.90009","-5.49432","795.81335","471.58423","-351.55093","809.46539","819.58704","-86.66280","851.60632","582.09766","-300.49701","850.80823","715.49384","-305.83344","915.42694","463.40802","-8.44590","463.19556","650.27173","-349.91791","420.49817","605.09033","44.32215","139.31784","694.07745","-464.75714","132.49142","463.51059",NA,"P3",23,19
292,2.91,"-131.28888","1475.85144","764.49353","-253.03697","1594.38074","513.11249","-105.26722","1543.95813","568.09363","-271.41995","1510.70166","716.56030","-87.89091","1314.72998","444.53909","-387.01718","1318.87610","650.25775","-156.40059","1204.61194","654.28748","-271.83273","1370.29443","505.85907","-46.36903","980.06824","397.15726","-447.50888","971.93079","703.17419","2.05406","795.27899","481.24170","-346.95154","806.85754","824.01373","-77.73397","851.71527","590.55304","-291.49359","851.86591","725.76489","-297.64301","914.86554","471.53201","-2.27928","462.42651","657.15045","-342.60794","418.96600","611.63660","47.82113","138.07123","699.70990","-461.81757","134.71225","465.33496",NA,"P3",23,19
293,2.92,"-125.42867","1476.09863","772.42462","-245.83397","1593.60022","520.12201","-98.89589","1544.42029","575.39679","-265.55725","1510.70032","723.54749","-79.94675","1314.99866","451.94974","-380.16855","1318.49316","656.71466","-149.23212","1204.47937","661.90741","-263.02252","1368.83533","518.15741","-37.72473","979.55536","405.87869","-441.04376","971.40369","708.57306","10.23963","794.73547","489.92648","-342.11929","805.51288","829.44812","-68.78508","852.40137","598.22925","-282.18326","850.01691","733.92615","-289.23538","914.52368","480.63922","4.85092","462.60474","664.84583","-335.26709","417.97040","618.57935","50.84775","136.26392","702.99762","-458.83224","137.69005","466.99646",NA,"P3",23,19
294,2.93,"-120.15060","1475.23425","776.08698","-238.95503","1593.76672","527.42834","-92.58556","1545.44556","582.03577","-259.62891","1510.51392","731.20801","-71.66361","1314.77258","460.14502","-373.27936","1318.41174","663.22565","-141.96065","1205.11548","670.20392","-255.59425","1368.72693","525.19702","-28.86297","979.25757","414.56094","-434.39523","971.22064","713.62988","18.43452","794.94159","499.16202","-336.65640","805.57477","835.49768","-59.64529","852.75055","607.40710","-272.84976","848.13574","741.46906","-281.02219","914.24579","488.95471","11.48874","462.16180","671.86023","-328.88223","417.25177","627.69446","53.34699","135.41791","706.54193","-455.84793","141.23517","469.70175",NA,"P3",23,19
295,2.94,"-114.57534","1475.04431","782.48792","-232.17238","1594.30090","534.89014","-85.74076","1546.09448","591.22034","-253.66011","1510.26709","738.28400","-63.54717","1315.45410","467.75031","-366.42419","1318.57092","669.35675","-134.60025","1205.24731","677.09845","-248.79410","1369.98474","526.68909","-20.43283","979.49225","423.24924","-428.01196","971.13885","719.09479","26.42199","795.12061","508.39233","-332.04800","804.17603","840.05090","-50.68205","853.75256","615.65588","-264.51413","847.35577","749.87158","-272.78287","914.23560","497.83801","19.22250","462.54227","678.54205","-320.27332","415.57877","634.90283","56.03607","134.56592","708.64075","-451.33392","144.72594","472.63919",NA,"P3",23,19
296,2.95,"-108.39941","1476.81921","792.22076","","","","-79.15485","1547.58313","599.56958","-247.73447","1510.86584","745.09222","-55.18444","1315.75415","476.21921","-359.48148","1319.04517","676.16833","-127.93686","1206.08862","684.46210","-241.25996","1370.80347","533.98315","-11.37331","979.59680","431.99005","-421.83371","971.67639","724.52454","34.55473","795.94012","518.19342","-327.81613","802.57770","843.96851","-41.80213","855.40070","622.68286","-255.52393","845.61670","757.54840","-265.45740","914.56470","506.68680","26.81627","464.15442","685.36151","-310.65262","415.02402","644.90161","57.89902","134.04517","710.70099","-447.01062","149.38356","476.37979",NA,"P3",23,18
297,2.96,"-103.05286","1477.62048","799.13947","","","","-72.51365","1549.24268","608.51813","-241.93307","1511.09778","752.68890","-47.08299","1316.29333","484.28809","-352.89163","1319.90356","683.02692","-120.73116","1206.87744","691.72662","-233.73524","1371.69995","541.06293","-2.59830","980.65082","440.29944","-415.57382","972.59186","730.11682","42.84597","796.40283","527.60724","-322.70181","802.79956","849.24847","-33.84306","857.26453","631.09869","-246.37784","848.09113","767.89606","-258.12970","915.29230","515.08191","34.14357","465.56931","691.80237","-300.60876","413.53198","654.77612","59.53955","134.14017","711.45453","-440.92270","153.92477","480.63513",NA,"P3",23,18
298,2.97,"-97.24904","1480.23755","812.43304","","","","-65.93334","1551.00488","617.75842","-236.26707","1512.31909","760.42059","-39.62344","1317.68420","492.14410","-345.89496","1321.12305","689.42822","-114.76030","1208.73865","699.96381","-226.90762","1373.54602","547.06201","6.40529","981.80963","449.72836","-409.06512","973.48657","735.33588","51.55033","798.18756","536.67401","-317.70789","802.18420","853.65546","-25.55006","860.11469","638.68884","-237.23303","846.86731","775.48468","-251.01924","916.46893","523.97424","40.16901","466.94131","697.94623","-289.58783","412.98532","666.42462","61.79003","134.25417","712.53638","-434.64761","159.77776","486.01883",NA,"P3",23,18
299,2.98,"-91.78149","1481.49109","820.77484","","","","-59.28135","1552.82959","625.18311","-230.90434","1513.05566","767.22650","-31.76058","1319.38611","500.55273","-339.26917","1322.81091","696.03741","-106.75333","1210.92041","708.67987","-219.66449","1375.35876","554.59296","15.55443","983.37280","458.67978","-402.81573","975.42682","740.53839","60.09474","799.99640","546.73291","-313.52878","802.96954","857.78516","-17.78604","862.87946","646.45227","-229.53624","847.71722","782.11652","-244.95168","917.31177","533.06506","45.93985","468.34738","703.34039","-278.34045","412.10892","680.04095","63.18258","134.40048","714.00714","-426.29489","164.92374","492.40900",NA,"P3",23,18
300,2.99,"-86.94244","1482.99341","828.94995","","","","-52.70148","1554.56555","634.34589","-225.00163","1514.26831","774.42181","-24.13960","1320.87378","508.94879","-332.84793","1324.95728","702.54749","-100.52705","1212.79602","716.23846","-212.21683","1376.70508","561.15546","23.84699","984.87958","467.98264","-396.48312","977.58618","745.37170","68.75505","802.44543","556.38782","-308.80832","803.72339","862.05756","-10.04287","866.61066","653.56104","-221.05580","847.76019","788.98407","-239.12497","918.71265","541.99719","50.59527","469.36044","706.81989","-266.53033","412.11755","694.32660","64.21722","134.35986","715.58087","-417.79739","172.29108","499.72379",NA,"P3",23,18
301,3,"-81.22044","1484.06323","836.80957","","","","-46.26754","1556.41772","643.79395","-219.11693","1515.36621","781.56659","-16.97186","1323.08606","517.23853","-326.15289","1327.27209","709.47302","-93.58905","1214.75244","724.14624","-205.14514","1378.63306","568.54651","32.77935","987.15497","477.15863","-390.23596","980.10376","750.33948","74.98709","803.36304","566.05096","-304.33450","803.90161","866.02777","-3.16115","869.75598","661.10675","-213.58011","851.42242","801.61688","-233.19850","920.02667","550.68372","56.13703","470.20236","711.34137","-253.40327","411.06516","709.16760","65.35374","134.29874","717.05988","-407.93341","178.70285","508.35510",NA,"P3",23,18
302,3.01,"-76.01841","1483.98083","841.55304","","","","-39.98178","1558.45105","651.51270","-214.31995","1516.68384","789.20435","-9.74680","1324.96082","524.81647","-319.76910","1329.48291","715.86835","-87.77325","1216.94189","732.13757","-198.22849","1380.32849","576.06042","41.68878","989.60217","486.20602","-383.91745","982.39581","755.45831","83.92070","806.11145","576.29120","-300.16791","805.09375","869.91406","3.87440","872.41901","668.76959","-206.23524","852.60138","807.14935","-227.29280","921.35327","559.00128","60.27468","469.73080","714.60052","-241.42882","411.39157","724.63904","66.41148","134.47496","717.52368","-397.74451","186.44685","517.92908",NA,"P3",23,18
303,3.02,"-71.15157","1485.27515","847.98309","","","","-33.76331","1560.17578","660.39996","-208.75252","1518.32251","796.34222","-2.45155","1326.87280","533.84479","-313.44116","1331.93494","722.88184","-81.42522","1218.78235","739.63843","-191.38971","1382.12817","582.82825","51.21034","992.16736","494.95639","-378.07535","985.09705","760.32379","92.30942","808.45264","586.16553","-295.84607","806.34698","874.00220","10.23253","875.34650","676.55414","-200.49771","854.77167","812.13428","-220.95563","923.20532","566.67596","64.17623","469.94711","717.38794","-228.24390","411.77118","739.53735","67.79914","133.99777","718.81085","-388.59894","195.08269","528.40820",NA,"P3",23,18
304,3.03,"-67.06963","1487.02795","856.81390","","","","-27.57793","1561.93274","669.37830","-203.08391","1519.55127","803.33685","4.12788","1329.16895","542.05194","-307.46561","1334.27649","729.94904","-75.79559","1221.20593","747.83655","-184.37082","1384.07568","590.03302","59.89830","994.45026","504.58801","-372.24057","987.85370","765.24652","101.95773","811.98737","596.11865","-291.98734","807.47711","876.96021","16.09248","877.80420","684.85260","-194.12354","856.05743","818.40112","-214.21066","925.28278","573.42468","68.37076","468.70087","721.68420","-216.61343","412.27719","755.83154","68.14482","133.92522","719.95233","-376.98709","203.21164","538.69098",NA,"P3",23,18
305,3.04,"-61.82732","1489.28320","866.06219","","","","-22.12221","1564.36609","675.16956","-197.80368","1521.08679","810.65240","11.10533","1331.44849","550.42743","-301.70776","1336.48267","736.46118","-70.57938","1223.25671","755.72113","-178.16403","1385.82166","597.55188","68.45712","997.21191","513.68457","-366.93384","990.14227","769.88422","110.02909","814.57733","607.11975","-287.25375","808.90717","882.09503","22.93094","879.55280","691.74951","-188.77472","857.64282","825.59003","-207.53197","926.91907","579.94073","70.99515","468.29062","725.02106","-204.12225","414.19101","772.19214","68.56262","133.26721","720.76801","-365.65085","211.57930","549.60016",NA,"P3",23,18
306,3.05,"-56.43413","1491.25342","876.80536","","","","","","","-193.57312","1522.91833","817.86780","17.48507","1333.57861","558.48541","-295.67291","1338.87720","743.04510","-65.39156","1225.50134","763.24316","-171.87067","1388.03943","604.90887","76.59916","999.29767","523.09961","-362.04279","992.78259","775.38342","118.78551","817.40808","617.22272","-282.85693","810.16650","887.23975","28.50024","881.07996","700.03546","-183.89761","859.51733","832.62604","-201.19931","928.91180","586.39264","73.97860","467.81726","728.50421","-192.72043","416.04785","787.74420","69.23938","133.05849","722.32471","-352.76535","219.27841","560.96716",NA,"P3",23,17
307,3.06,"-52.55373","1492.94080","885.00439","","","","","","","-188.77023","1524.51074","825.10986","24.44877","1335.38342","567.57043","-290.79489","1340.86072","749.71912","-59.84383","1226.98877","771.17151","-165.24345","1389.72241","611.78882","84.85148","1001.55634","532.06104","-356.68945","994.64386","780.61053","127.39240","821.15863","627.87781","-278.37750","811.28448","891.46008","33.65959","881.57513","708.32953","-180.30424","861.28326","839.10925","-194.55145","930.66492","591.36658","75.87435","467.44876","731.92944","-181.46362","418.99686","804.10492","69.97831","133.40318","722.69849","-340.75891","227.50316","572.76099",NA,"P3",23,17
308,3.07,"-48.35368","1494.81750","892.97650","","","","","","","-184.11482","1526.22668","832.31531","30.94630","1337.21387","576.32886","-285.29749","1342.55103","755.74713","-54.77736","1228.72742","779.52484","-159.12708","1391.56348","618.72461","92.96924","1003.92432","541.35559","-351.64911","996.54309","786.28882","136.36087","823.55316","637.78101","-274.14615","811.57703","896.21924","39.05608","882.13434","716.52179","-176.15393","863.23615","845.68274","-187.52805","932.61627","597.68854","78.20739","467.29385","735.09821","-169.78720","422.33051","820.13574","70.16405","133.55255","723.05353","-328.22427","235.34843","584.08881",NA,"P3",23,17
309,3.08,"-44.68221","1496.33240","901.21814","","","","","","","-180.06036","1528.20374","839.60931","36.99773","1339.01257","585.20813","-280.46301","1344.41357","762.29852","-50.20240","1230.33020","787.20587","-153.05148","1393.44983","625.81238","101.36572","1005.98755","551.08118","-347.01138","998.08710","791.01044","144.71056","826.55957","649.08783","-270.01245","814.81494","901.46722","43.41851","882.58588","725.33221","-172.85741","865.09662","851.57654","-180.85651","934.12488","603.33405","80.05472","468.11252","738.60333","-160.23019","426.09387","836.49768","70.11639","134.08282","723.76813","-316.14542","243.12155","596.52795",NA,"P3",23,17
310,3.09,"-41.08713","1498.38403","909.45520","","","","","","","-175.40913","1529.59668","846.50732","43.74824","1341.12781","594.52539","-275.49030","1345.88806","768.67291","-46.11397","1232.17627","795.18768","-146.90999","1395.50757","633.31274","109.95408","1007.68750","561.18414","-342.71393","999.92535","796.99164","153.55708","829.51465","659.51709","-266.36911","815.91882","907.05023","48.02880","883.35974","733.43134","-170.48232","867.23755","858.24890","-174.39043","935.78760","609.27264","81.48434","468.36450","740.90668","-149.50311","430.02328","852.22064","70.36580","134.85274","724.58997","-301.69217","248.49852","608.59344",NA,"P3",23,17
311,3.1,"-37.09781","1499.85352","917.46777","","","","","","","-171.43587","1531.49231","853.68054","50.12952","1342.85242","602.94562","-270.63199","1347.25354","774.37640","-41.43960","1233.54724","803.49622","-141.34735","1397.29395","640.49469","118.11433","1010.28827","570.80798","-338.05487","1001.40900","802.17798","162.08450","832.74103","670.53741","-262.02899","817.23108","912.29895","52.05163","883.82861","741.05786","-167.22229","868.89636","863.39502","-167.68275","937.64600","614.73865","82.76133","468.99750","743.40845","-140.08612","433.81677","868.02258","70.43628","134.83644","724.40411","-287.43314","251.93924","621.99011",NA,"P3",23,17
312,3.11,"-33.37875","1501.48877","925.60791","","","","","","","-167.65468","1533.25354","860.91925","56.42565","1344.80701","612.63428","-266.04797","1348.50696","780.04657","-37.39195","1234.71094","811.27325","-131.52055","1397.12671","654.90405","126.35003","1012.65106","580.64612","-334.17578","1002.70026","807.46344","170.01744","835.14490","680.81720","-258.17499","818.61139","916.41516","55.69996","884.11847","749.95251","-164.82007","870.70038","870.34436","-161.79594","939.54163","620.39758","84.73960","468.71710","746.18298","-130.85562","437.39456","883.68079","70.58619","134.72945","725.35809","-272.60736","254.13161","636.20636",NA,"P3",23,17
313,3.12,"-30.39555","1502.71814","933.82867","","","","","","","-163.16104","1534.26782","867.11237","62.48039","1346.09351","622.12469","-261.33264","1349.83252","786.02625","-33.62113","1235.85608","819.00641","-128.46361","1401.20520","655.46307","133.88580","1014.44684","590.75995","-329.94266","1003.73975","812.80225","178.28690","838.23218","691.93817","-254.54533","820.32452","923.09430","60.34099","885.93005","758.00391","-162.29710","872.42810","875.91229","-155.93877","941.20947","625.91650","86.62451","468.87903","749.53595","-122.74748","442.45242","899.62549","70.66870","135.07037","725.83752","-257.80048","254.82188","650.98920",NA,"P3",23,17
314,3.13,"-27.44167","1504.15625","941.89496","","","","","","","-159.42908","1535.38000","874.10553","68.48016","1348.11804","631.61530","-256.83252","1351.16772","791.65399","-29.58831","1236.63062","826.67438","-122.77604","1402.52429","662.93652","141.91034","1016.59698","601.10010","-325.75662","1004.78491","817.57990","186.36093","840.35760","702.72076","-250.51196","821.92438","928.98419","65.24907","887.40057","766.58826","-160.00600","874.84937","881.55933","-150.20993","942.95386","631.78418","87.45946","468.87018","752.17468","-113.87764","445.99951","914.22864","70.97005","135.39839","726.51434","-243.56264","254.62856","665.87421",NA,"P3",23,17
315,3.14,"-24.02490","1505.03760","949.80157","","","","","","","-155.50868","1536.75330","881.01978","74.95806","1349.66968","640.38629","-252.81657","1352.08936","797.40521","-25.42473","1237.53943","834.51184","-117.39214","1403.90479","670.52557","150.01917","1018.87860","610.69440","-321.78214","1005.62085","822.15637","194.26123","843.96136","714.16541","-247.23201","823.61597","934.59277","67.51510","887.67462","773.40228","-156.72041","876.46674","886.41870","-144.67769","944.94855","637.32147","89.44421","468.86099","754.78259","-106.50362","450.19733","928.58545","71.25532","135.65024","726.88135","-229.21111","253.46953","681.61011",NA,"P3",23,17
316,3.15,"-21.84653","1506.17517","958.01953","","","","","","","-152.54184","1537.76123","887.82495","80.29813","1351.20081","650.04572","-248.57103","1352.86255","803.00623","-21.42758","1238.40479","842.47198","-112.05489","1405.13062","677.72681","157.58455","1021.02313","620.81274","-317.94510","1006.66193","826.87775","202.08488","846.31500","725.29822","-243.46712","825.19543","940.60364","71.23441","888.58392","780.96326","-154.64328","878.84222","892.27954","-139.53049","946.42310","643.48572","90.90882","468.60907","757.46503","-99.03860","455.75952","941.87622","71.95976","135.97289","727.70758","-214.84004","251.15021","698.07294",NA,"P3",23,17
317,3.16,"-19.60625","1506.41785","964.63684","","","","","","","-148.94226","1538.45679","894.77325","86.09615","1352.61682","659.23566","-244.55974","1354.13513","808.32391","-18.26656","1239.06421","850.28619","-105.96453","1405.32031","687.06488","165.29578","1023.33215","631.81671","-314.21594","1007.81915","831.23792","209.21571","848.15320","736.47565","-239.74101","826.68140","946.63434","74.83951","889.54993","789.38776","-151.09717","880.12164","898.14624","-134.19344","947.71234","648.94977","92.08823","468.23428","760.79565","-92.20712","459.66589","956.21283","72.28088","136.48291","728.90527","-199.28903","247.30545","714.40277",NA,"P3",23,17
318,3.17,"-16.85749","1507.41931","974.07373","","","","","","","-146.04227","1538.86267","901.43103","91.55814","1353.93103","668.13690","-241.03928","1355.07751","814.88422","-15.21951","1240.18359","857.62177","-100.88872","1406.53003","693.95557","172.64853","1025.01343","641.93140","-310.52371","1008.19177","835.75543","217.05692","850.79913","747.52551","-236.22864","828.87262","951.50769","79.39372","890.71747","797.43597","-148.74678","881.99261","903.58215","-129.06956","948.62555","655.36127","94.06258","468.14392","763.81372","-85.88360","463.58789","970.20789","72.61919","136.76450","729.32562","-186.36131","244.39772","731.87378",NA,"P3",23,17
319,3.18,"-14.96769","1508.16833","982.08893","","","","","","","-143.24179","1539.67590","908.35315","97.35954","1355.23962","677.68707","-236.90672","1355.54944","818.48938","-11.75725","1240.13623","865.65137","-96.28062","1407.72949","698.82697","179.89421","1026.23315","652.05804","-306.83676","1008.87561","839.90356","223.55130","852.57690","758.41571","-233.35165","829.61255","958.74146","82.67121","890.77844","804.06012","-145.72987","883.27765","909.09332","-124.52380","949.93915","661.45276","94.89687","468.25369","765.86755","-80.21036","468.02963","983.27234","72.59474","136.97472","730.06390","-172.45293","240.24846","750.11810",NA,"P3",23,17
320,3.19,"-12.51313","1508.15393","989.82172","","","","","","","-140.24413","1539.71008","914.73993","102.54335","1355.72668","687.28601","-233.41516","1356.34656","824.21515","-7.56332","1240.67749","873.01703","-91.14595","1408.80835","705.29852","187.18924","1027.38855","662.52905","-302.80145","1009.19739","844.27545","231.18034","854.32819","769.99982","-230.62854","830.83673","965.22546","86.58806","891.47028","812.05597","-142.07072","883.87225","915.11749","-119.14298","950.48810","667.55615","96.27457","468.19266","768.60162","-74.76119","471.96432","996.45807","72.49432","137.26591","730.52142","-158.89624","235.13837","768.71228",NA,"P3",23,17
321,3.2,"-10.94174","1508.05469","997.11951","","","","","","","-138.42023","1540.23450","921.43219","107.97143","1356.33081","697.35785","-229.66759","1356.42383","829.12732","-5.02912","1240.96924","881.16956","-85.36488","1408.55554","714.53516","194.42717","1029.08276","672.90723","-299.62021","1009.53290","848.71960","238.29549","856.30908","781.29541","-227.87177","832.22247","971.79968","91.30493","892.28180","820.69684","-138.97931","884.59357","920.38525","-114.10579","950.96576","673.67596","97.59631","468.14954","770.77429","-70.25595","476.60190","1009.52887","72.56808","137.25822","730.72870","-145.37756","229.53140","787.91919",NA,"P3",23,17
322,3.21,"-9.29982","1508.14026","1005.48743","","","","","","","-135.41385","1540.37744","928.06769","112.68223","1356.70422","706.71564","-226.09294","1356.96887","834.54883","-3.41788","1240.44177","888.39093","-80.34644","1408.73132","722.12701","201.17372","1029.82251","684.08350","-296.09155","1009.81299","852.99255","244.52754","857.49744","792.63733","-225.33867","833.29028","978.03790","93.32462","890.83148","826.12170","-136.09764","885.33466","926.13708","-109.30846","951.06708","679.95428","98.64238","467.99124","773.23523","-65.73515","479.90509","1021.63788","72.49522","137.44623","730.81561","-132.53592","223.61870","808.24121",NA,"P3",23,17
323,3.22,"-7.78921","1508.64343","1013.45135","","","","","","","-133.15967","1540.49792","934.68127","117.42445","1357.28198","715.01282","-222.52354","1356.83911","840.19775","-0.10957","1241.21350","896.45825","-74.57677","1408.74414","728.55243","208.14624","1030.58899","694.35107","-292.89569","1009.53491","858.06665","250.80220","858.56964","804.39038","-222.96178","834.22266","985.15009","97.44180","890.19373","833.21637","-133.23682","885.98700","932.24542","-103.77899","951.14496","686.38824","99.80139","467.36090","775.66180","-61.47614","483.25107","1033.51843","72.69508","138.10063","731.64209","-119.52262","217.06429","829.64124",NA,"P3",23,17
324,3.23,"-6.52782","1508.38452","1021.83368","","","","","","","-130.54144","1540.03345","941.26727","122.61726","1357.17078","725.65210","-218.89394","1357.24792","845.21149","2.49845","1240.90649","904.31848","-71.52993","1410.11511","734.41321","215.21536","1031.37646","704.63446","-289.53784","1009.71832","862.43811","257.76877","859.80316","815.41858","-220.70471","835.50848","991.82397","100.38966","889.56036","840.99774","-130.75172","885.91595","938.46002","-99.27970","951.54205","692.55048","100.69326","467.43210","777.58405","-58.18926","486.33725","1044.90564","72.58747","138.19072","731.82916","-107.42601","210.66550","852.29681",NA,"P3",23,17
325,3.24,"-5.64141","1508.12451","1029.83752","","","","","","","-128.81911","1539.95898","948.11133","127.35268","1357.36743","735.31232","-215.35942","1356.82983","850.60999","4.76664","1240.57788","912.86090","-64.94548","1408.63940","743.39539","221.99754","1032.17419","716.15900","-286.34750","1009.29041","867.62524","263.11179","860.60394","826.70062","-218.52380","836.31610","998.10150","103.47547","889.22797","848.47864","-127.94183","886.17377","944.43829","-94.70609","951.43835","698.87115","102.07632","467.25208","780.74841","-53.85254","488.80820","1055.26746","72.63749","138.21387","732.47815","-95.46882","203.75122","873.42419",NA,"P3",23,17
326,3.25,"-5.02598","1509.07043","1038.77783","","","","","","","-127.09946","1540.23450","954.68384","132.35284","1357.35071","745.54047","-212.29045","1356.78369","856.14917","7.50690","1240.45190","920.64276","-59.94089","1408.94067","751.87970","228.31593","1032.39343","726.48468","-283.08142","1009.42584","872.01184","269.40851","861.54120","839.04449","-216.63432","836.99255","1005.01715","106.53893","888.68567","856.79327","-125.75059","886.72479","951.32227","-90.65346","951.55280","705.45764","102.63467","466.82779","783.63312","-51.04509","491.67236","1065.34607","72.96513","138.51468","732.83673","-83.98654","196.93211","896.59351",NA,"P3",23,17
327,3.26,"-3.47483","1508.84912","1046.91870","","","","","","","-125.20831","1539.73669","961.62231","136.45699","1356.93054","754.78320","-208.89517","1356.70959","861.64545","10.03269","1239.68555","928.72681","-54.38641","1407.71069","760.49933","234.69089","1032.77893","738.17346","-280.00546","1008.51276","877.09406","274.72803","862.11615","849.90765","-213.98712","837.04248","1011.69763","109.82559","887.37183","863.71851","-123.07828","886.47601","957.18280","-86.42123","951.94952","712.08478","103.28568","466.61765","787.42310","-47.47700","492.61511","1074.39478","73.02357","138.35164","733.97742","-73.21290","190.42735","919.99866",NA,"P3",23,17
328,3.27,"-2.44991","1508.61511","1055.08704","","","","","","","-123.32813","1539.42627","968.98596","140.93245","1356.78955","764.80927","-205.79091","1356.01880","867.56616","12.29896","1239.36121","936.92853","-50.03549","1407.58081","767.86963","240.52783","1033.14429","748.67029","-277.58597","1008.29785","880.78912","279.65021","862.18958","861.34949","-211.61224","837.46704","1018.15826","112.82406","885.82556","871.82141","-121.94537","886.34192","962.50586","-82.24995","951.39032","719.06439","103.81261","466.04446","790.43896","-45.30093","494.74954","1084.34180","72.77950","138.73608","734.86761","-60.61816","182.70671","943.56317",NA,"P3",23,17
329,3.28,"-1.45715","1508.28772","1063.11902","","","","","","","-121.83273","1538.94324","975.53558","145.33559","1356.18604","774.73511","-202.69583","1355.28223","873.50208","14.40369","1238.30981","945.10645","-45.87503","1407.65735","775.66211","245.99460","1033.01794","759.83417","-274.90549","1007.68768","886.01624","284.89346","862.50592","873.45642","-210.10321","837.71503","1024.42456","115.58724","885.08417","879.46472","-118.60447","886.68671","971.74133","-78.13330","951.22937","725.00543","104.68702","465.81351","793.40118","-42.07632","495.02182","1092.10510","72.62395","139.11421","736.07324","-52.17153","177.44637","967.81842",NA,"P3",23,17
330,3.29,"-0.56464","1507.70386","1071.33569","","","","","","","-119.61776","1538.07935","982.28448","149.03586","1355.69592","784.44934","-199.66420","1354.90955","879.57257","17.48430","1237.54932","952.92499","-41.78365","1406.74463","783.09326","251.74298","1032.84888","770.99292","-270.90823","1006.44147","890.44391","290.25204","862.70959","885.02875","-208.49197","837.73969","1031.26160","117.41726","883.96844","888.20404","-115.78745","885.99884","978.62982","-74.23282","951.22797","731.96252","105.88113","465.72675","796.45667","-40.18352","495.24045","1099.45715","72.65445","139.50246","736.65894","-42.38499","171.61676","991.23474",NA,"P3",23,17
331,3.3,"0.52383","1507.29553","1079.43811","","","","","","","-117.38506","1537.38367","989.29938","152.77576","1355.13074","793.85541","-196.12914","1354.21350","885.91034","19.62541","1236.70581","961.29529","-38.17849","1406.15369","791.19348","256.59470","1033.17957","782.44556","-267.78479","1005.46100","896.12225","294.83527","862.52966","896.22821","-206.39456","837.46179","1037.68994","119.65179","882.23077","895.35748","-113.68041","885.45074","985.40143","-70.66306","950.64502","739.36359","106.06290","464.35995","800.04651","-37.90765","494.78372","1106.64624","72.07684","139.25253","738.12885","-32.97663","166.70284","1015.70953",NA,"P3",23,17
332,3.31,"1.19910","1506.83105","1087.71216","","","","","","","-115.58700","1536.64124","996.14246","156.85347","1354.78125","804.34607","-193.48380","1353.27161","892.65070","21.65849","1235.96204","970.04102","-33.92913","1405.19897","799.38440","261.19989","1032.98608","793.24243","-264.53394","1004.33179","901.37750","299.04840","863.02899","907.75299","-204.55188","836.79498","1044.13574","123.28919","881.01471","904.12836","-110.91167","884.64032","991.75519","-67.02885","950.78735","746.36426","106.74661","464.73083","803.42102","-36.25374","494.57022","1113.20874","71.67982","139.47745","738.90430","-23.92630","161.55496","1041.82678",NA,"P3",23,17
333,3.32,"2.23701","1506.11780","1095.87317","","","","","","","-114.46198","1535.96912","1003.29431","160.03580","1353.87866","813.39563","-190.88264","1352.39990","899.55261","24.59043","1234.69165","978.32227","-30.71196","1404.64026","807.36102","265.87204","1032.95007","803.92218","-262.04733","1003.90900","906.69751","303.29471","862.91736","919.44446","-203.15558","836.13208","1050.65503","126.08530","880.45001","912.62311","-109.01942","883.74744","999.87781","-63.54467","950.09259","753.68958","107.75845","463.63297","807.97076","-35.36790","493.32956","1119.19275","71.63380","139.19757","740.05804","-15.43385","157.62244","1066.04102",NA,"P3",23,17
334,3.33,"2.67246","1505.71240","1104.25391","","","","","","","-112.61784","1535.05273","1010.46362","163.58363","1353.20129","822.97754","-187.96628","1351.23987","906.45801","26.98243","1234.67126","986.36383","-27.83711","1404.19141","815.40131","269.57492","1032.28528","815.27216","-258.88101","1002.77673","912.63153","306.72934","862.37463","930.89532","-201.01564","835.20056","1057.27612","129.31290","879.79559","920.97388","-106.34994","882.51117","1007.36346","-59.80157","949.23840","761.34778","109.07201","462.73270","811.95715","-34.45049","491.49985","1124.75073","71.93394","139.62059","740.68347","-7.34658","154.73259","1091.08545",NA,"P3",23,17
335,3.34,"3.56151","1505.65894","1112.57813","","","","","","","-111.28849","1534.47827","1018.30396","166.22722","1352.73535","832.01459","-185.52573","1350.00427","913.73053","28.51935","1232.92957","994.75281","-25.02943","1403.45544","824.52637","274.17664","1032.04492","825.82318","-256.20813","1001.21667","918.75427","310.43106","862.08014","941.92676","-199.66043","834.10046","1063.87109","132.21619","878.77094","929.85138","-104.64233","881.39618","1015.06866","-56.50341","948.77380","769.21875","109.58326","462.68961","815.47058","-33.00769","488.57169","1129.22778","71.99314","140.86263","741.57904","0.10645","152.32521","1115.06396",NA,"P3",23,17
336,3.35,"4.99995","1504.64600","1120.89954","","","","","","","-109.57404","1533.77966","1025.49585","169.56534","1351.75745","842.19287","-183.09647","1348.74158","920.98096","30.66798","1232.18030","1003.25995","-21.63865","1401.94934","831.81396","278.06479","1031.54419","836.68115","-254.08325","1000.34363","924.83490","313.50043","862.32910","953.76788","-198.10516","832.59924","1070.22021","134.74626","878.14264","937.95197","-101.91286","880.47913","1022.41998","-53.26767","947.94647","777.02747","110.68481","462.91586","819.83685","-31.68005","486.25360","1134.71289","71.95710","141.57861","742.55725","7.12507","151.05147","1138.04102",NA,"P3",23,17
337,3.36,"5.57224","1504.21362","1129.26550","","","","","","","-108.71455","1533.43079","1033.74512","171.86624","1351.12366","850.96289","-180.36076","1347.55591","928.18475","32.73460","1231.08862","1011.90094","-18.70189","1401.03064","840.25354","280.72546","1031.07788","847.93970","-250.95494","999.03943","931.50531","316.90948","861.31854","964.35663","-196.82744","830.97699","1075.72388","137.45142","876.68372","946.80151","-99.82560","879.45978","1030.91333","-49.79771","947.22522","784.95929","112.04612","462.55045","823.93939","-31.83362","483.85629","1140.03943","72.33762","142.26888","743.10693","13.16208","151.34911","1159.22876",NA,"P3",23,17
338,3.37,"6.70901","1503.49915","1137.76160","","","","","","","-107.31422","1532.66333","1041.28760","174.42229","1350.78003","861.08514","-178.41150","1346.39233","936.46814","35.11713","1230.34302","1020.47284","-16.02611","1399.94885","849.00293","284.44046","1030.52515","858.54889","-248.37511","997.92596","938.03546","319.11237","861.28058","975.87769","-195.83850","829.15558","1082.21460","140.64844","876.21210","955.61475","-96.92728","877.77515","1038.88245","-46.10604","945.95978","793.39410","113.69446","462.12769","828.57251","-30.86506","481.58899","1145.26599","72.24543","142.93623","743.94934","18.39701","151.84576","1181.30579",NA,"P3",23,17
339,3.38,"7.77410","1503.02112","1146.12036","","","","","","","-105.79423","1531.72766","1049.05920","176.75603","1349.96338","870.47345","-175.83411","1345.12427","944.09174","36.72475","1229.06079","1029.77686","-13.15017","1398.80017","857.26636","286.97543","1030.37695","869.27985","-246.21565","996.84741","944.83411","320.98523","860.95569","987.33862","-194.68112","827.23065","1089.03296","142.93347","873.56458","962.93634","-94.09150","875.88654","1047.02625","-42.82438","944.89410","801.76831","115.58807","461.56378","833.53296","-29.63075","479.14325","1150.46143","72.68390","143.62886","744.93860","23.07942","152.73988","1200.43237",NA,"P3",23,17
340,3.39,"7.84964","1502.81958","1154.88623","","","","","","","-104.41319","1531.16553","1056.84644","178.80154","1349.49292","880.21143","-173.94075","1343.86279","951.88873","38.34418","1228.16370","1038.52271","-10.82629","1397.51501","866.05774","289.35745","1030.01721","879.88947","-244.03201","995.36926","951.95862","323.60843","860.80634","997.89569","-193.60342","824.90601","1095.49268","145.43353","873.51532","972.31451","-91.64069","874.57843","1055.50171","-39.78590","944.03925","810.35858","117.59650","461.34094","838.31842","-28.17001","477.11783","1156.09912","72.93542","144.93045","745.82178","26.63984","154.55099","1218.57312",NA,"P3",23,17
341,3.4,"8.52898","1502.15979","1163.44641","108.30113","1576.06372","997.90063","","","","-103.06358","1530.26587","1064.68518","181.13588","1348.90918","889.54028","-172.00641","1342.36829","959.59509","40.30272","1226.90576","1047.62292","-8.63346","1396.46277","874.59790","291.78976","1029.62708","890.69055","-242.11905","994.05957","959.18958","325.55969","860.02100","1008.41046","-192.53392","822.51373","1101.62122","147.81284","872.37659","981.97656","-90.22239","873.32861","1064.21533","-36.79173","942.76501","818.87708","119.23221","460.95465","844.02820","-27.36564","475.74460","1163.63452","73.58784","145.73967","747.36273","29.98985","155.45424","1234.32092",NA,"P3",23,18
342,3.41,"8.99724","1501.61804","1171.96948","110.12662","1574.77307","1005.68097","","","","-101.80652","1529.40381","1072.62964","182.64452","1348.15857","899.48059","-170.43568","1341.08313","968.10223","41.87199","1225.95496","1056.94727","-6.96760","1395.05640","883.57330","293.31708","1029.10828","901.26196","-239.89835","992.22968","967.40332","326.59390","860.36383","1019.75739","-191.21559","819.97095","1107.86060","150.79312","871.36169","991.18640","-88.65250","872.04950","1073.57556","-34.02329","941.46350","827.30450","121.28345","460.52100","849.53564","-26.09477","474.11035","1168.60950","74.45129","146.04230","749.37793","32.78470","156.62411","1249.31226",NA,"P3",23,18
343,3.42,"10.05755","1501.36157","1180.51355","111.56403","1573.69568","1014.05243","","","","-101.03555","1529.01282","1080.70044","184.09795","1347.58301","908.50134","-168.67567","1339.80591","976.02075","43.37864","1225.20361","1066.10071","-4.97303","1393.94019","892.38135","295.32547","1028.79785","911.26282","-238.45454","991.29340","974.54773","327.71533","860.35065","1030.49548","-190.57408","817.53180","1114.32434","153.84874","870.42426","1000.93408","-85.79375","870.00092","1081.73828","-31.40236","940.53790","836.58667","123.51656","460.17389","856.21954","-25.15124","472.52148","1175.38342","75.75697","147.29977","749.95862","34.44460","156.79211","1260.60571",NA,"P3",23,18
344,3.43,"11.03824","1500.92773","1189.19531","112.58221","1573.16235","1022.68298","","","","-99.72098","1528.36804","1088.89832","186.47635","1347.25720","918.57031","-166.95982","1338.44080","984.20184","44.85709","1224.52563","1075.47913","-3.16891","1392.93982","901.21313","297.00098","1027.90222","921.33582","-236.02965","989.68744","982.33710","328.36810","859.20465","1041.85303","-189.28337","814.91632","1121.00586","156.26570","869.41895","1010.17120","-84.01914","868.22913","1091.04834","-28.20218","939.67340","845.22949","126.25558","459.59683","862.05469","-23.82998","471.11502","1182.68457","76.15115","148.37709","752.86084","35.69557","155.53433","1269.81543",NA,"P3",23,18
345,3.44,"11.35629","1500.63379","1197.91443","113.86776","1572.49268","1032.98608","","","","-99.51693","1528.34216","1097.23633","187.93022","1346.49829","928.22260","-165.67834","1336.99646","992.94611","46.30856","1223.63391","1085.11475","-1.69540","1392.01208","910.65088","297.79074","1026.85510","931.53033","-234.11736","988.47992","990.33032","329.65027","858.85150","1052.05933","-188.44073","812.64984","1127.19678","157.89426","868.25482","1020.13275","-82.30943","866.72888","1099.49988","-25.83890","938.71326","854.47516","128.57260","458.90933","869.32446","-23.06848","470.14352","1190.97229","77.65314","149.76492","754.45953","36.33653","154.62086","1277.38477",NA,"P3",23,18
346,3.45,"11.59323","1500.68787","1206.88123","114.72123","1571.66797","1041.60962","","","","-98.46519","1527.95068","1105.47729","189.26744","1345.91174","937.87531","-164.22668","1335.85706","1001.15387","47.41185","1223.28992","1094.69128","0.02641","1390.54004","919.63916","299.19138","1026.15991","941.57166","-232.17401","986.55432","998.60986","329.75931","858.69464","1062.29114","-187.56007","809.74023","1133.39209","160.04593","867.11713","1030.62793","-80.87005","864.32642","1106.06104","-23.26132","937.72931","864.21851","131.00728","458.81531","877.26636","-21.57801","468.65750","1199.63770","78.43419","151.63486","756.51801","36.69757","152.03679","1283.75269",NA,"P3",23,18
347,3.46,"12.39839","1500.77661","1215.59326","116.49478","1570.72876","1050.49109","","","","-97.47459","1527.88110","1113.91382","191.06734","1344.98267","947.59839","-163.23093","1334.83044","1010.06311","48.65075","1222.65002","1104.81299","1.12858","1389.94495","928.78528","300.28436","1025.29297","951.85571","-230.58116","985.65204","1006.24622","330.08896","858.31641","1073.67944","-186.50864","807.24817","1140.10498","162.43892","866.10889","1040.36292","-78.72860","864.87622","1119.31494","-20.40198","937.27789","874.20148","133.70027","458.14542","885.51398","-19.45710","467.52872","1207.71301","80.07433","152.87093","758.80048","36.50601","148.84592","1287.46741",NA,"P3",23,18
348,3.47,"12.52756","1500.99280","1224.67078","117.58094","1570.31714","1057.45215","","","","-96.13565","1527.37964","1122.40137","192.78384","1344.53955","957.46979","-161.70897","1333.52417","1018.47272","50.01957","1222.13611","1114.76172","2.44893","1389.14612","938.29736","300.90903","1024.51013","961.48419","-228.58238","984.84167","1014.60590","330.68015","857.90155","1083.30701","-185.58299","804.72266","1146.49878","165.03911","865.18512","1050.89307","-76.50892","864.12836","1128.88428","-17.57268","936.27167","883.78448","136.94843","457.92487","894.22937","-18.59267","466.51440","1216.70642","82.06246","155.69699","760.21143","36.66488","145.93497","1289.56873",NA,"P3",23,18
349,3.48,"13.11496","1500.97473","1233.62329","117.88553","1569.72900","1066.55371","","","","-96.36230","1527.59656","1131.22632","193.95097","1344.21484","967.25958","-160.63312","1332.19250","1027.37524","50.90443","1221.81787","1124.68774","3.79846","1388.66626","947.30914","301.99765","1023.66364","970.93066","-226.82846","983.63208","1021.97162","329.95859","856.81598","1094.12769","-184.99112","803.04541","1153.04504","166.39546","864.61920","1062.79431","-75.28416","863.97882","1138.24756","-15.26902","935.66559","893.72760","139.23743","457.82462","902.57654","-17.06576","465.45920","1225.81018","82.60976","157.13214","763.62323","37.25430","143.10121","1293.04700",NA,"P3",23,18
350,3.49,"13.31589","1501.80212","1242.69324","","","","","","","-95.75928","1527.68237","1139.90845","195.49921","1343.66394","978.13867","-159.71933","1331.55774","1036.38110","51.10891","1222.13745","1135.18591","5.13144","1387.98450","956.29309","301.96280","1023.14764","981.15521","-225.05037","982.41205","1030.70288","329.66629","856.84674","1104.04590","-184.18805","801.04846","1159.87561","168.06816","863.41309","1073.26563","-73.69659","864.03082","1149.35034","-12.12097","935.11786","904.50665","140.73878","457.00720","911.99573","-15.14550","464.03665","1233.88330","84.47173","159.87923","766.66510","38.45574","142.25726","1297.34131",NA,"P3",23,17
351,3.5,"13.57724","1502.40356","1252.04126","119.22058","1570.32532","1087.05090","","","","-94.60645","1527.65674","1148.72119","196.67442","1343.79578","988.46301","-158.78040","1330.96008","1045.24561","52.26583","1221.96326","1145.08655","6.40433","1387.82434","966.23132","302.71719","1022.46472","990.93402","-223.62605","981.99695","1038.64978","329.96747","856.08392","1113.59216","-183.47334","799.17902","1166.49341","169.59180","863.11658","1084.97571","-72.54984","864.19049","1159.65503","-9.56089","934.51709","914.82983","143.33362","456.78439","921.72144","-13.65625","463.38940","1241.73511","85.28442","162.36955","770.16376","41.04810","141.81226","1302.89917",NA,"P3",23,18
352,3.51,"14.05571","1503.39233","1261.29517","120.02351","1570.57178","1096.47058","","","","-94.26163","1528.35718","1157.77393","197.97043","1344.10510","998.05908","-157.48570","1330.45215","1054.10400","52.75704","1222.70447","1155.43164","7.50765","1387.63135","975.66235","302.32166","1021.73657","1000.36200","-222.27960","981.52161","1046.62073","329.02939","855.48267","1123.15454","-183.28671","798.03656","1173.55347","171.20091","862.76984","1096.21680","-71.52020","864.44733","1170.15479","-6.82884","934.93945","925.49603","145.78532","456.94595","932.22375","-12.31134","462.72800","1249.44409","87.53551","166.24953","773.62616","42.48031","140.65680","1305.88782",NA,"P3",23,18
353,3.52,"14.67375","1504.05627","1270.65784","120.98968","1571.04883","1104.21350","","","","-94.13961","1529.36792","1166.92944","199.18304","1344.06311","1008.12579","-156.92966","1330.44434","1063.03223","53.89915","1223.37305","1165.81250","8.48218","1387.88074","985.53363","302.23004","1021.50452","1009.95013","-220.35504","981.18518","1055.35254","328.05539","855.16980","1131.85510","-182.61534","796.90137","1180.71912","171.84647","862.64752","1108.42480","-72.14781","866.55103","1180.25842","-4.58658","934.95313","935.93970","147.49156","457.22003","942.86694","-11.01808","463.72375","1258.03662","89.02799","169.77469","777.79376","43.56663","139.98059","1309.15161",NA,"P3",23,18
354,3.53,"14.54836","1505.56299","1280.08203","","","","","","","-93.50262","1530.12366","1175.98499","200.18222","1344.85242","1018.74347","-155.90219","1330.63074","1071.75159","54.11117","1224.48706","1175.73499","9.65347","1388.36877","995.14880","301.99564","1021.81030","1019.77930","-219.40709","981.57690","1063.16431","327.15112","854.78534","1141.44543","-182.26813","796.54041","1187.99170","172.24994","861.98260","1120.79651","-71.26564","867.71411","1190.67761","-1.66553","935.23254","947.10004","149.67819","457.45859","954.28949","-9.37308","465.53476","1266.56421","90.27017","173.04422","782.96130","44.59918","139.11745","1313.75500",NA,"P3",23,17
355,3.54,"15.11109","1506.40039","1289.51172","121.48450","1572.58069","1123.99976","","","","-93.47194","1531.39636","1185.31372","201.88460","1345.82935","1028.78711","-155.00630","1331.05029","1080.50305","54.25721","1225.61450","1186.87170","10.90347","1388.72119","1004.50934","301.58838","1021.85870","1029.34070","-217.57727","982.13043","1072.25806","326.13843","854.87939","1151.26233","-181.71834","796.02844","1195.00305","173.88383","863.19910","1135.28857","-71.06482","870.18451","1201.47681","1.20269","936.26483","958.15546","151.66412","457.49011","967.69690","-6.96419","467.61920","1275.89954","92.25547","177.64615","788.10876","44.77609","139.41647","1315.47083",NA,"P3",23,18
356,3.55,"15.01731","1508.14795","1299.08264","122.34458","1573.30127","1133.68738","","","","-92.68026","1532.28613","1194.56567","203.18637","1346.73108","1040.20764","-153.89908","1331.74524","1088.92175","54.99768","1227.35913","1196.70276","11.98221","1389.77832","1013.91907","301.21652","1022.14972","1038.08215","-216.27165","982.91656","1080.48010","323.98065","854.46069","1159.85522","-181.38039","796.17297","1202.79797","173.46901","863.03406","1147.75903","-71.40322","872.10559","1212.52368","3.84179","937.26672","969.27509","154.66284","457.10345","980.95160","-5.73226","469.96399","1285.12341","93.79974","181.23689","794.34595","44.92645","138.79314","1318.42285",NA,"P3",23,18
357,3.56,"15.59539","1509.21265","1308.62646","123.18015","1575.09949","1142.95471","","","","-92.53977","1533.68005","1203.97925","204.37108","1348.17139","1049.90417","-153.40009","1332.63757","1097.73389","55.25311","1228.93896","1207.01160","13.75062","1390.72168","1023.92621","300.53275","1022.48633","1048.43066","-215.29218","984.11688","1088.09326","323.25885","854.37573","1169.47559","-180.92973","796.47205","1210.30798","173.92480","864.03290","1160.91785","-71.32446","873.71027","1223.20947","6.63945","937.91638","980.31934","158.39055","457.16528","995.03156","-4.00865","470.19940","1293.20032","96.31296","186.75435","801.22980","45.29549","138.78856","1320.81384",NA,"P3",23,18
358,3.57,"15.45212","1510.99487","1318.10156","122.19583","1573.63281","1147.71887","","","","-91.82903","1534.93848","1213.19067","205.73843","1349.79053","1061.23694","-152.41032","1334.03479","1105.98865","55.46166","1230.90881","1217.56653","15.10889","1392.07849","1033.34167","300.17270","1023.14160","1058.01721","-213.35542","984.99384","1096.67651","321.84482","854.18927","1177.27905","-180.27937","797.40466","1218.18823","173.49606","864.09552","1173.76660","-72.51917","876.23920","1233.32007","9.36062","939.72156","991.06433","161.80345","456.64816","1009.51129","-3.87504","470.96069","1301.95618","97.79908","190.85220","809.17456","45.25455","138.59769","1322.99622",NA,"P3",23,18
359,3.58,"15.87846","1512.31165","1327.60132","123.12164","1575.32788","1155.61829","","","","-91.74906","1536.64600","1222.50793","206.70203","1351.25098","1071.53662","-151.43913","1335.51465","1114.50330","55.60999","1232.86572","1227.50452","15.80631","1393.07483","1042.95044","299.18976","1024.07141","1067.43494","-212.55089","987.46887","1105.16675","320.93283","854.47162","1186.71436","-180.23964","798.82764","1226.41382","172.38385","865.05975","1185.83899","-72.50800","878.12720","1243.37512","12.57741","940.96790","1001.85120","166.73393","456.41537","1025.69409","-3.93810","470.91226","1308.76843","101.34914","196.59886","818.15820","45.22651","138.05666","1325.75244",NA,"P3",23,18
360,3.59,"16.28620","1513.77209","1336.90503","123.73808","1575.88879","1165.37769","","","","-91.09761","1538.11060","1231.75330","207.57397","1352.93896","1081.45337","-151.01233","1337.23254","1123.11426","55.48380","1235.47131","1237.48035","16.10409","1394.78174","1051.64282","298.51660","1025.34424","1077.74426","-210.83421","988.77594","1113.59790","318.22519","854.13062","1195.44836","-179.91203","800.33502","1235.66907","171.57802","865.98218","1198.53601","-73.51722","880.17645","1253.61548","15.41548","942.46545","1012.34747","172.06093","455.84372","1042.40698","-4.83327","471.13303","1315.17590","105.05760","201.60635","828.80872","45.39686","137.60004","1327.33789",NA,"P3",23,18
361,3.6,"16.15510","1515.23181","1346.26892","123.68069","1578.11096","1175.32800","","","","-90.38305","1539.19568","1240.94092","208.43552","1354.73584","1092.55347","-150.17819","1339.05859","1131.59546","55.17911","1237.55066","1247.65137","17.73991","1395.69031","1061.37048","297.60135","1026.68347","1087.55420","-209.77040","990.41187","1121.60425","316.95703","855.13232","1204.57019","-180.00386","802.40161","1244.53748","172.63091","868.93268","1212.41248","-74.02337","882.00055","1263.05762","17.66389","944.02594","1023.23785","177.55487","455.10992","1060.59155","-5.13168","471.13812","1320.73340","109.06717","207.13753","840.49597","45.16199","137.37144","1328.14490",NA,"P3",23,18
362,3.61,"16.63865","1516.54053","1355.65576","123.63435","1578.15906","1185.48059","","","","-90.50402","1540.97168","1250.08752","208.97272","1356.50879","1102.34070","-149.18497","1340.91748","1140.12988","55.49751","1239.66870","1257.42236","18.42459","1397.68567","1070.48083","296.95981","1027.88306","1097.36414","-209.53450","993.27954","1130.32971","314.44919","854.83911","1212.92310","-180.34792","804.57056","1253.37988","172.50008","870.60394","1225.45056","-74.17807","883.72803","1272.36609","20.33929","945.14703","1034.06616","182.82162","454.84009","1078.81226","-6.49766","471.19284","1325.41199","113.24541","212.14931","852.52435","44.97375","137.30576","1328.54102",NA,"P3",23,18
363,3.62,"16.37100","1517.94409","1365.00745","124.70894","1581.50940","1195.17993","","","","-89.62744","1542.35706","1259.13538","209.93762","1358.23792","1112.95447","-148.98784","1342.62354","1149.23328","55.14830","1242.16589","1267.67847","18.90431","1398.73425","1080.06445","296.73868","1028.89880","1108.69482","-208.42590","994.84369","1138.73425","312.76627","854.89850","1221.89209","-180.69049","806.96582","1261.47461","171.41391","872.49548","1236.76990","-75.09384","885.14410","1281.10559","22.19125","947.07227","1044.00940","187.08859","453.98056","1098.35437","-7.71392","470.60596","1329.98914","118.33221","218.06546","864.78168","44.95765","137.17941","1329.08008",NA,"P3",23,18
364,3.63,"16.36536","1517.85815","1371.07434","126.16999","1585.70984","1211.46863","","","","-89.80578","1544.10474","1268.27380","210.94701","1359.52893","1122.22717","-148.16209","1344.59338","1158.01880","55.42966","1244.02087","1276.77246","19.76979","1400.29590","1089.51794","296.06711","1030.37903","1117.77869","-207.86934","997.11035","1147.67908","311.49646","854.90997","1230.85181","-180.62962","808.63873","1270.91003","171.63474","874.33508","1248.37366","-75.07043","886.24609","1289.93311","24.18486","948.66656","1053.48169","192.69502","453.56955","1119.13599","-8.53336","470.22278","1334.50903","123.34588","223.99883","878.36255","44.86738","136.85468","1329.83301",NA,"P3",23,18
365,3.64,"16.57669","1519.81934","1380.36414","125.95846","1584.23657","1213.66760","","","","-89.00080","1545.46521","1277.25500","211.57672","1361.52197","1131.75427","-147.47766","1346.36328","1167.14160","55.18931","1246.15686","1286.84644","20.41434","1401.62427","1098.46143","295.83008","1031.57544","1128.58972","-207.70399","999.03101","1156.58350","309.60043","855.34326","1240.05566","-181.52692","811.29901","1280.52295","171.11348","875.83990","1258.83484","-75.80761","887.64856","1298.43542","25.98509","949.88483","1063.47156","195.73268","452.57370","1139.91223","-10.10737","469.93573","1338.62122","128.07513","229.99261","893.36707","44.76294","136.79230","1329.86096",NA,"P3",23,18
366,3.65,"16.19545","1520.94531","1390.25464","126.39594","1584.52271","1222.39539","","","","-89.53934","1547.27930","1286.36621","212.24832","1362.62744","1141.23999","-146.86411","1347.79663","1176.42310","55.25806","1247.70679","1296.56616","21.87653","1402.63171","1107.94312","295.47818","1032.53821","1138.93225","-207.24640","1000.42529","1165.63367","308.28580","855.06335","1249.77490","-182.18628","813.40417","1290.58179","171.37398","877.19501","1269.70251","-76.27310","888.81519","1307.03650","27.15208","951.33136","1072.61340","199.46304","452.06229","1160.43506","-10.51078","469.25668","1341.87329","133.55585","236.39465","908.81384","44.49965","136.50992","1330.53125",NA,"P3",23,18
367,3.66,"16.34660","1522.80835","1398.89539","127.49430","1589.34875","1238.11157","","","","-88.95749","1548.48694","1295.31482","212.19032","1363.94849","1150.96997","-146.25020","1349.41235","1185.45667","55.73469","1248.92224","1305.86572","21.99055","1403.75122","1117.19324","294.86807","1033.32092","1148.50903","-207.43549","1001.98340","1175.05591","306.56348","855.64868","1258.99109","-182.49391","815.08185","1300.80676","171.62984","878.50330","1280.01892","-76.48525","889.31451","1314.89502","28.63885","952.38049","1081.86523","204.01823","452.14319","1182.14124","-11.68591","468.64600","1344.73975","139.16945","242.52951","925.62866","44.32791","136.48001","1330.54102",NA,"P3",23,18
368,3.67,"16.31024","1524.29883","1409.64258","127.33447","1586.69531","1240.08215","","","","-89.01205","1550.09814","1304.32324","213.11621","1365.14343","1160.76685","-146.08824","1350.80847","1194.94299","56.09421","1250.27527","1315.55090","22.29949","1405.32922","1126.79968","294.67874","1034.27625","1159.22253","-208.06081","1004.04327","1184.79932","304.36981","855.74603","1268.69409","-183.37556","816.96643","1313.22021","171.90666","879.94684","1290.27197","-76.76138","890.04523","1322.85413","29.57736","953.59241","1090.55481","207.33685","452.88300","1203.26501","-13.14466","468.44937","1347.66846","143.81717","247.48332","944.13428","43.83622","136.70422","1330.27258",NA,"P3",23,18
369,3.68,"16.31623","1525.74536","1418.15137","128.73518","1592.10095","1258.67480","","","","-88.03519","1551.41077","1313.18689","214.05031","1365.83118","1170.97583","-145.33640","1352.27539","1204.04541","56.17965","1251.41504","1324.78662","23.91418","1406.29126","1136.04028","295.06039","1035.43567","1168.74609","-207.77577","1004.64502","1194.62793","302.46674","856.61053","1277.85706","-183.93092","819.08386","1323.42432","171.83824","880.90076","1300.37158","-77.06189","890.11993","1330.66724","30.86627","953.97266","1099.59351","210.59068","454.04526","1224.79675","-13.63421","467.72101","1349.63428","148.73843","252.59456","962.18262","43.33900","136.52303","1330.67419",NA,"P3",23,18
370,3.69,"16.40122","1526.96204","1427.36084","129.32225","1593.06226","1267.59753","","","","-88.32343","1553.10242","1322.19934","214.72621","1367.15662","1179.64880","-144.59773","1353.38892","1213.27356","56.73056","1252.10486","1333.46606","24.29725","1407.92358","1145.32434","294.81042","1035.75085","1178.61279","-208.59953","1006.47607","1205.01855","300.58041","857.20258","1287.84827","-184.54544","820.84808","1333.64380","172.48189","881.77118","1309.43591","-77.49763","890.58124","1338.25977","31.86153","954.94196","1108.07043","212.57608","455.44128","1247.86633","-14.62226","467.85880","1352.69019","153.88379","256.65051","981.55029","43.17653","136.50528","1330.67773",NA,"P3",23,18
371,3.7,"16.38316","1527.98633","1436.13159","129.28107","1593.37183","1275.75769","","","","-87.25932","1553.80420","1331.08691","215.65097","1367.70850","1189.91846","-144.47220","1354.97620","1222.25659","57.27753","1252.75513","1342.60168","24.58019","1409.35693","1153.15002","294.35712","1036.23901","1188.53369","-209.48936","1007.54504","1214.66724","298.49551","857.74316","1297.56091","-185.28081","822.95233","1344.32617","172.98883","882.79639","1319.60522","-77.76881","890.82294","1345.45178","32.29853","955.98846","1115.93298","214.77209","456.83267","1268.70764","-16.21390","468.73337","1356.12280","159.23413","261.23328","1000.95776","42.87674","136.69232","1330.55640",NA,"P3",23,18
372,3.71,"16.38519","1528.96643","1445.57349","130.06876","1593.99670","1282.84436","","","","-87.71881","1555.34045","1340.00159","216.06430","1369.36682","1199.74744","-143.70277","1356.06177","1231.19800","57.89587","1253.05481","1351.16248","24.70498","1410.82947","1161.62134","294.45624","1037.02930","1196.57690","-209.02365","1008.10687","1225.41492","297.55618","858.75891","1307.08435","-185.64819","824.58008","1355.76880","172.56670","883.86169","1329.44397","-78.48216","891.62714","1352.42505","33.51155","957.27301","1124.13623","218.30362","459.16953","1291.28442","-16.73900","468.76031","1358.96240","163.26973","264.91898","1020.62744","42.68559","136.62315","1330.90723",NA,"P3",23,18
373,3.72,"16.59015","1530.39514","1454.51929","129.87790","1595.19897","1294.58130","","","","-86.91891","1556.00659","1348.83789","217.32170","1369.52185","1208.79309","-143.34578","1357.25781","1239.83740","58.59898","1253.47363","1359.76099","25.91424","1412.29211","1171.54260","294.51935","1037.72998","1206.57251","-209.89900","1009.70685","1235.63513","296.28625","859.73413","1317.31909","-187.06635","827.00220","1367.20276","172.74020","885.54510","1339.05005","-78.89184","892.52393","1359.36658","34.41771","958.40552","1132.89636","218.80060","461.13480","1312.80627","-17.24215","468.56430","1362.02051","168.35361","269.15701","1040.65222","42.35369","136.88303","1331.04736",NA,"P3",23,18
374,3.73,"16.40636","1530.90784","1462.91919","130.28488","1596.97107","1304.80713","","","","-87.31989","1557.40210","1357.72595","217.54977","1370.75183","1217.48633","-142.86334","1358.37756","1248.50281","58.74439","1254.09949","1368.66772","25.70720","1412.51782","1181.64526","294.73636","1038.18457","1215.80603","-210.76292","1011.07288","1245.56970","295.45242","860.88965","1326.69116","-187.32048","829.09216","1378.74573","172.45477","886.89856","1347.92688","-79.13031","893.65289","1366.35352","35.40895","960.06702","1139.77832","220.02124","463.86649","1334.57617","-18.03726","468.79929","1364.96167","172.81082","271.64206","1061.20569","42.13573","137.20828","1331.16187",NA,"P3",23,18
375,3.74,"15.96008","1531.42993","1472.50964","131.14188","1597.64941","1314.56824","","","","-86.77456","1558.04089","1366.41467","217.82411","1371.49182","1226.58154","-142.24960","1359.47534","1256.76599","58.92675","1254.70190","1376.90149","26.78584","1414.23450","1190.91858","294.79770","1039.11841","1224.50684","-210.80305","1011.89008","1255.94263","294.65585","861.80463","1336.35132","-187.93983","831.23566","1390.58887","171.66754","888.51398","1357.58325","-80.39243","894.41302","1373.04736","36.70470","961.60382","1147.57056","220.20422","466.57669","1355.28833","-17.86371","468.63870","1367.82397","177.30206","273.72501","1082.88245","42.12711","137.46777","1331.56494",NA,"P3",23,18
376,3.75,"15.71223","1532.06946","1481.91785","131.52791","1597.97327","1323.05334","","","","-87.25429","1558.91382","1374.39624","218.84398","1372.39148","1236.88562","-141.72391","1360.37122","1265.20361","59.00717","1255.05286","1385.29297","27.42122","1415.04736","1199.42334","295.02979","1040.07532","1233.42468","-211.21323","1013.02301","1266.17175","294.58191","862.38922","1345.30090","-188.60811","833.29181","1401.57190","171.13828","889.96289","1367.13623","-80.34671","894.78528","1379.85095","38.43465","962.58911","1155.99805","220.44232","470.35251","1375.49805","-18.24722","468.48953","1371.04407","181.03555","275.50461","1104.41736","42.10325","137.70888","1331.91748",NA,"P3",23,18
377,3.76,"15.54178","1532.69495","1491.17407","131.28688","1598.20996","1331.57751","","","","-86.71831","1558.71106","1382.59790","219.56509","1373.27649","1245.69336","-141.04605","1361.51660","1273.19849","59.16492","1255.84302","1394.08557","27.98396","1416.21741","1208.16687","295.69760","1040.25403","1242.64941","-211.81436","1014.38177","1275.75354","293.78815","863.72992","1354.76245","-189.40880","835.89240","1413.80591","170.39404","892.15710","1377.18433","-81.68218","896.35840","1386.44592","39.84249","963.86328","1163.48401","219.40593","473.78836","1395.78735","-18.34919","468.68744","1373.77930","185.25528","275.53104","1126.70508","42.06458","138.06837","1332.42114",NA,"P3",23,18
378,3.77,"15.80321","1532.62964","1498.34277","131.15112","1599.43359","1340.66394","","","","-87.15038","1559.94666","1391.86035","220.26009","1374.27747","1255.80664","-140.54033","1362.29272","1281.07703","59.23239","1256.43567","1401.99072","28.78599","1416.94275","1216.61719","296.22797","1041.29297","1251.15356","-212.09599","1015.17426","1285.15820","293.25391","865.30286","1364.01477","-189.76637","838.23718","1425.27722","169.10094","893.76666","1385.35645","-82.33876","896.77100","1393.34387","41.72443","965.16016","1170.63831","218.84732","477.71198","1415.87720","-18.82108","468.72229","1376.64685","189.34502","274.99957","1149.72473","42.02641","138.33432","1332.79199",NA,"P3",23,18
379,3.78,"15.14792","1533.18506","1507.35522","131.59009","1600.37378","1350.50793","","","","-87.07206","1560.23352","1399.99365","220.61411","1375.16565","1264.33838","-140.41147","1363.51233","1289.01306","59.30930","1256.42761","1409.29407","29.23410","1417.81348","1225.13501","296.51166","1042.34802","1259.99097","-212.31749","1016.02081","1294.41125","293.31140","865.47705","1373.49890","-190.63158","840.41003","1436.92834","168.42798","895.40027","1394.52966","-82.74412","896.94006","1400.13000","43.22228","965.99207","1179.67786","216.92229","482.05954","1435.97302","-17.99580","467.87753","1378.95740","192.87468","273.56702","1173.79932","41.92597","138.56155","1333.31958",NA,"P3",23,18
380,3.79,"15.15391","1533.55615","1517.20361","","","","","","","-87.18931","1560.55444","1409.28064","221.16585","1376.19067","1273.12097","-139.85667","1364.37427","1296.66284","59.31101","1257.67590","1418.37561","29.84449","1418.47729","1233.64111","297.19263","1042.91016","1268.29053","-211.82535","1016.61340","1304.14111","293.12729","867.41949","1383.20215","-191.82509","843.14441","1448.82483","166.92113","897.08691","1403.82275","-84.32465","897.87762","1407.24463","45.02880","966.95709","1187.69299","215.69412","486.42322","1455.19739","-18.52839","467.93130","1381.53149","196.68304","270.71808","1197.17114","41.99877","138.85672","1333.64636",NA,"P3",23,17
381,3.8,"14.48338","1533.60620","1525.87744","132.80814","1601.20154","1370.29028","","","","-86.94941","1561.12866","1417.89355","221.72934","1377.48474","1283.21960","-139.41142","1365.25220","1304.17407","58.57687","1258.58337","1426.57715","30.94171","1419.60461","1242.73328","297.28937","1043.64929","1277.06775","-212.08328","1017.75421","1313.59521","293.10281","868.51172","1392.81934","-192.36835","845.78387","1459.87183","165.59636","898.48053","1412.34351","-85.04493","898.08435","1414.76575","46.38962","968.11133","1194.82544","212.83958","489.99591","1474.26245","-18.42216","467.81888","1383.57007","200.64299","267.75064","1221.96863","42.03862","139.06464","1333.87085",NA,"P3",23,18
382,3.81,"13.68152","1533.28113","1534.34387","132.31807","1602.18347","1380.11145","","","","-87.09038","1561.32593","1425.69128","222.15396","1377.50403","1291.65906","-139.20447","1365.93140","1311.83044","58.27021","1258.75366","1434.14111","30.78447","1419.92688","1250.34058","298.35669","1044.68604","1286.88367","-212.33002","1018.50653","1322.52820","293.49768","869.58417","1401.71130","-193.38539","848.30200","1471.11755","165.01489","899.93787","1421.32361","-85.90531","895.95935","1416.42358","47.90810","968.45087","1202.85437","210.83344","493.87891","1492.46045","-18.93419","467.92581","1385.88245","204.05849","264.15695","1245.92407","42.09215","139.28690","1334.08447",NA,"P3",23,18
383,3.82,"13.89185","1533.29504","1543.03943","132.06979","1602.38953","1388.29504","","","","-86.87032","1561.28040","1434.48755","222.22696","1378.32825","1300.88281","-138.57559","1366.65759","1319.38953","58.12593","1259.17627","1443.49463","32.37464","1420.93018","1259.95850","298.85934","1045.87952","1295.93225","-212.41942","1019.24188","1331.42993","293.91727","870.72870","1410.89075","-194.21202","850.73059","1481.95764","163.88489","901.08881","1430.56702","-87.17728","896.68268","1422.15515","49.36234","968.65497","1211.64050","208.06874","497.49994","1508.77502","-19.18997","468.15692","1387.87769","207.31587","259.65323","1270.91125","42.13453","139.52094","1334.33398",NA,"P3",23,18
384,3.83,"13.09419","1533.51709","1552.65308","132.23123","1601.95813","1397.01709","","","","-87.30785","1562.09009","1444.02124","222.65443","1378.55176","1309.60730","-138.15839","1366.82288","1326.96729","58.17612","1259.44910","1451.71240","32.09484","1421.05579","1267.83179","298.99976","1046.16211","1304.86462","-213.01764","1020.01807","1340.06067","293.02167","870.20404","1419.47156","-195.68785","853.34558","1493.53992","164.03629","902.21381","1439.05774","-87.28312","896.65643","1430.12805","51.43274","968.55566","1218.28772","204.85049","500.49304","1526.41077","-19.68473","468.05429","1390.14001","209.93411","254.29648","1296.49609","42.14816","139.77364","1334.64075",NA,"P3",23,18
385,3.84,"12.83520","1533.17554","1560.44373","132.91226","1602.53784","1406.83887","","","","-87.33482","1561.84351","1451.51355","223.23186","1379.09082","1318.47009","-138.08253","1367.50720","1334.54236","57.43131","1259.39941","1459.16602","32.75470","1421.15430","1276.76978","300.49295","1047.00171","1314.36255","-212.62065","1020.08496","1348.88049","295.07040","871.55597","1429.32153","-196.00735","855.26825","1504.07092","162.90532","902.91125","1447.30774","-88.29359","896.49243","1435.86658","51.86469","969.37579","1225.45667","202.14255","504.36920","1541.57581","-19.96716","468.05222","1392.28821","211.55237","249.25629","1322.12756","42.22520","140.02486","1334.92078",NA,"P3",23,18
386,3.85,"12.23555","1532.65601","1569.53064","132.83612","1603.04822","1417.01892","","","","-87.20364","1562.16931","1460.16125","223.13124","1379.36560","1328.88110","-137.56941","1367.61694","1342.25037","57.36541","1259.96350","1468.68604","33.57755","1422.14282","1285.80798","301.37585","1047.30127","1324.10828","-212.23152","1019.85468","1357.76355","295.31024","872.52295","1439.07031","-197.14903","856.96649","1514.06140","162.93845","903.44714","1456.50232","-87.90587","896.63416","1443.10022","52.09206","968.98981","1234.18958","199.12221","507.06561","1557.56079","-19.82542","467.75278","1394.14868","212.97272","242.66475","1348.65967","42.22940","140.39667","1334.88586",NA,"P3",23,18
387,3.86,"12.53029","1532.35876","1578.16199","133.24004","1602.59119","1426.18958","","","","-87.04200","1561.62402","1468.83533","223.22078","1379.62561","1338.26501","-137.41812","1367.51868","1350.00549","56.84752","1260.28491","1476.74622","33.80168","1421.81238","1293.57739","301.32623","1047.65295","1333.86316","-212.67024","1020.73474","1366.49377","296.29312","872.62390","1448.75684","-197.95319","858.83154","1525.55737","162.31068","903.94781","1465.59253","-88.81809","896.02869","1449.78455","52.64085","969.27625","1242.80591","195.87643","509.81271","1571.29968","-20.11213","467.76834","1396.27917","214.17549","236.28487","1375.07483","42.32051","140.80368","1334.84619",NA,"P3",23,18
388,3.87,"11.41438","1531.96167","1586.95129","132.91595","1602.52942","1433.61365","","","","-87.56264","1562.09875","1477.44434","223.70813","1379.70911","1347.46338","-137.28500","1367.64343","1357.76392","56.64798","1259.29382","1484.43469","33.94021","1421.85815","1302.31226","302.90387","1048.26001","1341.82886","-212.07370","1019.94659","1375.14819","297.42822","872.72693","1457.76062","-198.57747","860.84955","1535.88269","162.21043","904.17981","1474.15735","-88.35128","896.58228","1456.88721","54.19526","969.13263","1250.35376","193.21643","512.54724","1585.82019","-20.26667","467.58716","1398.34924","214.95569","229.46309","1403.12524","42.41791","141.10962","1335.24194",NA,"P3",23,18
389,3.88,"10.44709","1532.01978","1596.18286","132.66223","1601.73230","1443.03076","","","","-87.72704","1561.78125","1486.44128","224.14999","1379.52930","1357.14539","-137.08197","1367.51978","1365.51819","56.21298","1259.04663","1493.54407","34.06331","1421.90149","1310.97815","303.85742","1047.98059","1352.27588","-212.74017","1020.61652","1383.93579","297.66071","872.98138","1467.62427","-198.84196","862.36194","1546.10950","161.91611","904.59442","1483.32654","-88.56704","895.47894","1462.25122","54.89825","969.38428","1258.20642","189.58481","513.97009","1598.14124","-20.04656","467.34705","1400.41638","215.27928","222.08952","1430.68616","42.48420","141.35518","1335.53577",NA,"P3",23,18
390,3.89,"10.62851","1531.19519","1604.98999","133.05991","1601.50330","1452.68372","23.70603","1643.54211","1327.99744","-87.59956","1561.47729","1495.21729","223.93752","1379.37231","1366.14917","-136.85510","1367.14868","1373.54419","55.83584","1258.35352","1501.76196","34.66046","1421.87378","1319.73828","304.49478","1047.93384","1361.03357","-212.69296","1019.81909","1392.41174","298.71109","872.93164","1477.23584","-199.68217","863.56567","1556.87708","161.61736","904.18420","1491.47766","-88.78889","895.91180","1471.40173","54.90092","969.39435","1266.70557","186.70734","515.49121","1609.97742","-20.43987","467.32834","1402.77051","214.23030","216.25800","1457.77014","42.53793","141.72159","1336.01196",NA,"P3",23,19
391,3.9,"9.87613","1531.26770","1613.68909","133.25073","1601.20496","1461.83325","","","","-87.66274","1560.76880","1502.74927","224.12247","1379.23730","1376.74475","-136.89186","1366.74963","1381.58740","55.75608","1257.70703","1510.06555","35.02431","1421.18445","1328.50366","305.41089","1047.94373","1371.95422","-212.97079","1019.70898","1401.01392","299.43225","872.82819","1485.96765","-200.11592","864.93469","1566.91016","161.22456","904.01715","1500.81946","-88.98599","895.05652","1476.44751","56.47414","969.60980","1274.09277","184.20367","517.22656","1621.04041","-19.79593","466.87473","1404.76367","213.02446","209.30489","1486.85779","42.46856","142.13667","1336.37341",NA,"P3",23,18
392,3.91,"9.25104","1530.17761","1621.83582","133.46883","1600.60034","1471.36694","","","","-88.49481","1560.61438","1511.70325","224.32480","1378.60132","1385.91040","-136.62239","1366.23755","1389.45654","54.82529","1256.75122","1518.80542","35.99325","1421.52808","1338.02588","306.18243","1047.67566","1381.83508","-213.40582","1018.92883","1409.26477","299.80685","872.31989","1495.93896","-200.85641","865.73419","1576.81189","160.53568","903.74121","1510.38123","-88.93427","894.54340","1485.22595","57.43958","969.56018","1281.92090","181.14577","518.06726","1633.79456","-20.44635","467.09003","1407.08435","210.81618","202.84984","1516.20654","42.53428","142.45540","1336.78503",NA,"P3",23,18
393,3.92,"9.03056","1529.75342","1631.31384","132.95259","1599.62732","1479.70886","","","","-88.42751","1561.00720","1520.84937","224.34286","1378.46570","1395.65051","-136.68411","1365.91760","1397.56018","55.25682","1255.78320","1527.20715","35.52126","1420.57422","1346.04028","307.15332","1048.09314","1390.48242","-212.94325","1018.27264","1418.30542","300.72217","871.51025","1504.80847","-200.60960","866.40503","1587.12268","159.95821","903.40778","1518.48364","-89.72625","893.90070","1491.75720","58.93604","969.27576","1290.58289","178.46474","518.13196","1643.65479","-21.00985","467.27319","1409.16382","208.54175","196.42024","1544.24158","42.25425","142.88570","1337.15027",NA,"P3",23,18
394,3.93,"8.12897","1529.47632","1640.66833","132.98599","1598.77869","1487.60791","","","","-88.65436","1559.24756","1529.04785","224.08365","1377.63721","1405.48767","-136.38223","1364.97791","1405.70166","53.89618","1255.08923","1536.79932","35.96774","1420.08875","1355.46667","307.90948","1046.94287","1401.59387","-212.90286","1017.45166","1426.89392","301.08121","870.89215","1513.94714","-201.47534","866.53009","1595.79285","159.85732","902.38513","1528.07727","-89.52112","893.35278","1499.69006","59.65373","968.83875","1299.09412","176.04469","517.19678","1651.30408","-21.61858","467.34464","1411.40588","205.62991","190.72316","1573.46436","42.23333","143.17567","1337.53101",NA,"P3",23,18
395,3.94,"7.83587","1528.30908","1647.44092","132.75566","1598.13782","1497.90967","","","","-88.95161","1559.22864","1536.84680","224.28658","1376.71448","1415.14966","-136.68484","1364.21582","1412.50439","53.67379","1254.16785","1545.55090","35.91576","1418.90137","1364.21289","308.98090","1046.67224","1410.38599","-213.40825","1016.96539","1435.17383","303.40308","870.17889","1523.75977","-201.62794","867.42346","1605.96130","158.75183","901.06494","1537.84045","-90.71722","892.54761","1507.39307","60.65622","968.80341","1307.37024","174.71805","517.02240","1660.53955","-21.74805","466.83548","1413.61511","201.51091","185.64343","1601.76648","41.52693","142.99220","1339.87463",NA,"P3",23,18
396,3.95,"6.87714","1527.97180","1657.51624","133.15721","1597.70178","1508.49097","","","","-89.17360","1558.15344","1546.66260","224.53787","1376.12610","1425.07959","-136.37187","1363.13721","1421.14185","53.10715","1253.27942","1553.91565","36.58410","1418.23083","1373.33838","309.22012","1046.66614","1420.65979","-213.26062","1016.36279","1443.89844","303.25424","869.70154","1533.18298","-202.03793","867.47705","1613.69568","158.36942","899.90594","1545.94482","-90.65974","891.78088","1515.60522","61.41613","968.03082","1316.49927","172.08746","514.44257","1667.17981","-22.40621","466.81982","1416.07202","197.48083","181.89569","1630.10803","41.99188","144.48225","1337.03308",NA,"P3",23,18
397,3.96,"6.54461","1527.19385","1667.20947","133.03314","1596.43848","1517.00769","","","","-89.05679","1557.69702","1554.25085","224.45688","1375.08447","1434.50220","-136.12451","1362.12964","1428.88489","52.89040","1252.09961","1562.13489","36.69173","1417.15625","1382.37244","310.36578","1045.31921","1429.38550","-213.09352","1015.05402","1452.09729","304.24954","868.43170","1542.78467","-202.72200","867.11261","1623.20850","157.71667","898.95465","1554.93335","-91.37047","890.04675","1522.07678","62.86947","967.19281","1324.94421","170.48535","512.71271","1674.42798","-22.32804","466.29236","1418.74780","192.25693","178.93224","1658.62134","41.81863","144.83394","1337.40771",NA,"P3",23,18
398,3.97,"5.92276","1525.81555","1674.65356","132.44669","1595.46008","1525.41406","","","","-89.73952","1556.19727","1562.36316","224.45149","1374.21606","1444.65259","-136.31705","1361.08557","1437.17786","51.84406","1251.13440","1572.69348","37.90822","1416.00049","1390.13635","310.65552","1044.48230","1440.05505","-212.63306","1013.49713","1460.47485","305.02966","866.88464","1551.75928","-202.79674","867.01477","1632.67334","156.73674","896.77673","1564.39258","-91.90279","889.30365","1530.53357","62.80331","966.14185","1333.19495","169.14214","509.72629","1681.03308","-23.26666","466.27859","1422.13269","186.53110","176.86906","1684.43506","41.73005","145.22238","1337.89453",NA,"P3",23,18
399,3.98,"5.09280","1525.23047","1683.71338","132.46550","1593.48523","1534.28296","","","","-89.85154","1555.57373","1571.78760","224.79996","1372.96387","1454.66125","-136.02467","1359.76123","1446.74243","51.77929","1250.51257","1581.72375","38.99532","1415.97607","1400.05322","311.65210","1043.70691","1449.11316","-212.65942","1012.72498","1468.92444","306.73700","865.51764","1560.97412","-203.13202","866.29962","1641.82080","156.22482","894.91986","1574.29639","-92.59096","887.83868","1537.08081","63.47097","965.00110","1343.56812","166.89008","508.08673","1689.16821","-24.18757","466.52594","1425.72803","180.37654","175.31383","1710.29468","41.49357","145.77301","1338.47607",NA,"P3",23,18
400,3.99,"4.22510","1525.11829","1694.39917","132.18463","1592.95874","1544.51599","","","","-90.02490","1554.23059","1580.96375","224.56361","1371.64429","1464.52490","-135.78886","1358.71033","1454.68030","51.23964","1248.98425","1591.46069","39.42238","1414.60193","1409.54248","312.38565","1042.23340","1459.88354","-212.23598","1012.08600","1476.62842","306.52292","864.40271","1570.80396","-203.59215","864.95087","1649.71313","155.43077","893.68427","1584.56079","-93.42370","887.34198","1546.15320","64.71494","964.19861","1353.15210","166.63931","505.35632","1695.83252","-23.89957","465.84656","1429.88110","174.15485","175.52353","1734.71411","41.29678","146.40016","1339.13391",NA,"P3",23,18
401,4,"4.04209","1523.30103","1701.84534","132.46725","1591.50586","1554.56433","","","","-90.48129","1553.34656","1588.39832","224.87242","1370.27368","1474.67737","-135.84576","1357.40186","1462.99792","50.83112","1247.47437","1600.52417","39.91952","1413.22913","1418.17334","312.53885","1041.49097","1470.38635","-212.29375","1010.79901","1484.26013","307.53357","863.30548","1580.12451","-203.52115","863.99359","1659.01636","154.22501","891.67389","1594.15686","-94.87342","886.00464","1554.63940","65.03596","963.00671","1362.61389","165.15479","502.70160","1703.05688","-24.46490","465.39026","1434.53833","167.55930","176.07126","1756.73584","41.06627","147.07332","1339.77393",NA,"P3",23,18
402,4.01,"2.66554","1522.84705","1711.22302","132.63792","1590.13684","1562.91870","","","","-90.64284","1552.70142","1597.57080","225.12338","1368.82971","1484.99524","-135.24864","1356.31812","1470.59375","49.76898","1246.18018","1609.36890","40.43814","1411.89270","1427.67920","312.77258","1039.51514","1480.29712","-211.91357","1008.99078","1493.74219","308.14563","860.66711","1589.41968","-203.84079","862.56934","1666.47791","153.48422","890.06897","1604.33972","-94.87325","884.20001","1561.56799","65.96860","961.65167","1371.45142","163.05659","501.13538","1708.97314","-25.22456","464.97580","1439.57556","161.48796","177.90904","1778.63855","40.70945","147.83917","1340.68872",NA,"P3",23,18
403,4.02,"2.51413","1521.37476","1720.26746","131.95836","1589.27039","1572.92297","","","","-90.62556","1551.02344","1606.96265","225.28188","1367.11755","1495.68396","-135.09410","1355.14209","1479.60364","49.41021","1245.19189","1620.00012","40.94411","1410.67700","1437.55762","313.36716","1038.42664","1490.11182","-211.81548","1007.85596","1502.24634","308.33585","859.27692","1598.95496","-204.22273","861.07007","1675.08044","152.25056","888.45599","1615.45020","-96.33775","883.19751","1570.63647","66.71897","960.14374","1380.89026","161.12439","498.60544","1715.40820","-26.57409","463.95877","1444.64514","156.47952","179.27180","1797.63013","40.19690","148.35757","1341.43542",NA,"P3",23,18
404,4.03,"1.98791","1520.77039","1730.05579","132.32231","1587.28650","1581.32446","","","","-91.14617","1550.38000","1615.10352","225.61279","1365.17041","1505.85461","-134.90816","1353.67957","1487.98267","49.00328","1243.36414","1629.01208","41.59233","1409.01440","1445.94617","313.92963","1036.69702","1499.91309","-211.65971","1006.49536","1510.33044","309.47534","856.99384","1608.23083","-204.28516","859.31726","1683.02893","151.85458","886.16504","1625.16956","-96.92490","881.76147","1579.00732","67.54951","959.13629","1390.48401","158.06264","496.11652","1722.39160","-27.36893","463.37961","1450.26758","150.42934","180.36504","1815.00391","39.63160","148.94164","1342.19104",NA,"P3",23,18
405,4.04,"1.20366","1519.93555","1738.55786","131.93018","1586.13611","1591.53613","","","","-91.39295","1548.73560","1623.25037","225.92780","1363.59583","1517.14160","-134.49873","1352.37744","1495.93469","47.63102","1242.12671","1638.65845","42.37194","1407.43909","1456.64160","314.17056","1034.71362","1510.91333","-211.35353","1004.99451","1518.80554","309.11499","854.68250","1618.07007","-204.73775","856.90820","1689.68384","150.69209","884.71716","1635.03174","-98.06898","881.43896","1588.62744","67.99644","958.09259","1401.65332","155.06390","495.32968","1730.59363","-28.11870","462.90802","1456.29541","143.29640","182.03593","1830.72827","39.06234","149.69284","1343.41650",NA,"P3",23,18
406,4.05,"0.30283","1518.57349","1747.22021","132.04056","1584.82776","1601.22717","","","","-91.43657","1547.44592","1633.08508","226.33464","1361.88770","1526.87061","-134.11832","1351.11353","1505.05469","47.19525","1240.24609","1646.77832","42.99226","1406.14136","1465.68018","314.82715","1032.74121","1520.76904","-211.20296","1003.94983","1526.69958","309.25726","852.67535","1627.21167","-205.09541","855.56287","1699.12390","149.30074","883.09430","1646.39490","-98.25115","878.41071","1596.05957","69.06149","956.50391","1411.55078","151.82010","494.30286","1740.34216","-28.85378","462.37628","1463.29932","137.88931","181.86125","1843.82593","38.48235","150.83781","1344.99744",NA,"P3",23,18
407,4.06,"-0.10659","1517.30457","1757.42456","132.19534","1583.69629","1610.70129","","","","-91.49090","1546.60999","1642.81250","226.44472","1359.71399","1538.11963","-133.82738","1349.71472","1514.63049","46.61731","1238.93311","1657.52917","43.69978","1404.84998","1475.83545","315.10605","1031.08679","1531.65247","-210.79181","1002.67371","1536.18396","308.69003","849.99384","1636.27405","-205.86501","852.80621","1705.52161","148.43610","882.10382","1657.88611","-99.27106","878.19232","1606.06641","69.39912","955.21582","1422.23206","147.82518","492.98618","1750.28638","-29.68395","461.43338","1470.10840","132.96437","181.12729","1854.07837","38.06739","151.75150","1346.38477",NA,"P3",23,18
408,4.07,"-0.99566","1517.55139","1767.93262","132.07883","1582.72412","1620.37183","","","","-91.60498","1545.01965","1650.44397","226.87918","1358.27588","1549.34558","-133.22774","1348.79724","1521.76465","45.90675","1238.49573","1668.10461","44.53019","1403.34229","1485.63123","315.31244","1029.65991","1542.25879","-210.57883","1001.35193","1544.82825","308.19186","847.55249","1648.06604","-205.55043","850.67096","1712.92615","147.47429","881.27045","1669.13306","-100.62971","876.61969","1616.02441","70.15398","953.76868","1432.68359","145.26620","490.78043","1760.60217","-30.47751","460.58228","1477.28687","127.56908","177.40059","1860.23816","37.60035","152.93071","1347.88562",NA,"P3",23,18
409,4.08,"-1.75663","1516.22925","1776.48804","132.53131","1580.77075","1630.47827","","","","-92.05025","1544.03345","1659.11267","227.14751","1356.32971","1560.86145","-133.04375","1347.64587","1530.71838","45.18218","1236.58167","1677.94824","45.35854","1402.04590","1494.98462","315.31094","1027.36304","1553.08838","-210.39955","1000.26276","1551.91443","308.48361","844.26367","1657.57996","-206.32622","848.54810","1719.49377","146.20764","880.00409","1680.03833","-100.94955","875.34906","1624.37878","69.52451","951.82428","1442.42261","141.16643","489.25146","1772.44348","-31.43794","460.20126","1485.18506","122.46437","173.44029","1865.77173","37.04684","154.60130","1349.72839",NA,"P3",23,18
410,4.09,"-2.48540","1514.91406","1784.88110","131.98303","1580.00269","1641.20813","","","","-91.91763","1543.09802","1668.65881","227.83736","1354.61499","1571.59595","-132.28217","1346.64648","1540.08008","44.10590","1235.55957","1687.74463","46.24971","1400.66760","1505.83154","315.58514","1026.15515","1563.56653","-209.89091","998.70667","1558.50525","305.63879","841.00714","1662.94690","-206.26773","846.69879","1726.32043","144.99446","878.64081","1690.71521","-102.49297","875.03326","1635.96594","69.99706","950.32007","1454.31396","136.39508","488.53769","1783.77136","-32.43307","459.20602","1492.94446","118.46882","169.31151","1868.76025","36.32821","156.13342","1351.50745",NA,"P3",23,18
411,4.1,"-3.41589","1514.04663","1795.52466","132.45618","1578.44080","1650.25781","","","","-92.44982","1542.34314","1679.45825","228.15892","1353.14404","1582.48083","-131.53696","1345.79004","1549.74670","44.07205","1233.57764","1697.20398","47.16843","1399.18176","1515.31616","315.39432","1024.49158","1574.69385","-209.78645","998.98102","1568.28735","304.49548","839.10327","1672.92175","-207.01561","844.74896","1733.21863","143.69388","877.28400","1702.34131","-103.70071","874.60114","1645.33350","69.81655","948.86420","1464.72839","133.22092","485.46091","1793.52368","-33.92617","458.92590","1501.33447","115.08463","165.99178","1871.95959","35.31026","158.09633","1353.95605",NA,"P3",23,18
412,4.11,"-3.97105","1513.22559","1805.40381","","","","","","","-92.01917","1540.74927","1687.48853","228.65491","1351.53137","1594.05237","-130.83066","1344.91223","1558.93457","43.31903","1233.27368","1708.73694","48.13994","1398.15625","1525.21118","314.88550","1022.21594","1585.01123","-209.47034","997.76428","1573.45374","306.57129","838.53497","1687.44299","-207.11414","842.94617","1740.51086","142.30469","877.38434","1714.77075","-104.63569","873.29828","1656.16333","70.06978","948.32861","1476.62512","129.17548","485.54623","1807.28577","-34.64675","458.01865","1509.88574","111.32731","164.61298","1878.75977","34.33068","159.69008","1355.96375",NA,"P3",23,17
413,4.12,"-5.10040","1513.32288","1815.88818","132.10950","1576.98462","1670.75562","","","","-92.61950","1540.02686","1696.07068","229.26054","1350.05457","1604.71167","-130.40836","1344.27466","1567.92078","43.65063","1231.90601","1718.45239","49.18770","1397.19165","1534.80237","315.52823","1020.74609","1596.41919","-209.02769","996.85236","1582.20239","305.59979","835.76953","1696.84900","-208.06972","839.97583","1746.04114","141.01076","877.09064","1727.62646","-104.81068","872.32898","1665.45532","69.78053","946.89471","1488.01099","125.65058","481.79535","1812.91138","-36.37351","457.20566","1519.20850","108.82278","162.94334","1885.97656","33.50541","161.93698","1359.19458",NA,"P3",23,18
414,4.13,"-5.80323","1512.10266","1824.24536","131.73096","1576.56848","1681.65723","","","","-92.89024","1539.11426","1704.98608","230.04913","1348.86841","1616.18420","-129.56737","1343.61316","1576.78760","43.23459","1232.11121","1729.96021","50.04347","1396.70044","1544.10107","314.22012","1019.13599","1607.21680","-208.71964","996.60260","1590.32678","301.91769","832.23151","1701.06616","-208.00977","838.49878","1752.28711","139.20386","877.28217","1741.01208","-106.42261","871.00696","1676.72864","69.52606","946.04901","1499.67566","124.46849","482.73398","1825.32520","-37.89141","456.33499","1529.15393","106.64562","161.66368","1892.17407","32.86716","163.95494","1362.38184",NA,"P3",23,18
415,4.14,"-7.16644","1511.49951","1833.63892","131.99332","1576.57300","1690.84644","","","","-93.01839","1539.35156","1715.05530","230.81650","1347.84595","1627.19409","-128.85184","1343.57544","1585.23315","42.86646","1232.46912","1740.12329","51.19369","1396.02661","1555.18652","314.07047","1017.89038","1618.02649","-208.39941","996.73444","1597.91052","300.57104","830.08533","1710.96094","-209.06334","836.54340","1758.27869","137.90866","877.09033","1753.65051","-108.22834","871.16577","1687.68445","69.62519","944.89624","1511.04102","123.57201","483.20682","1834.89807","-38.16819","454.46762","1539.86462","105.95168","160.20534","1897.70740","31.97309","165.09584","1371.30762",NA,"P3",23,18
416,4.15,"-7.60551","1512.09204","1843.45496","","","","","","","-93.37988","1539.92163","1724.86255","231.39204","1347.54370","1639.15784","-128.43889","1343.60059","1594.37744","42.85104","1233.02600","1750.35388","52.31586","1396.23340","1564.68750","313.77844","1016.97217","1630.34558","-207.75623","996.00293","1605.65222","298.92892","828.69128","1721.12781","-209.45476","835.48065","1763.38318","135.95464","877.63666","1765.57947","-109.49265","870.54248","1698.70447","68.63138","945.04340","1522.57422","122.24314","484.23828","1846.23804","-40.00557","453.17200","1551.70813","106.11315","158.33600","1901.31494","30.79280","168.38098","1373.75659",NA,"P3",23,17
417,4.16,"-8.69457","1512.76343","1853.80212","130.67792","1578.77710","1713.06860","","","","-93.98904","1540.25378","1733.16846","232.00305","1347.19421","1649.78503","-127.62608","1344.22131","1602.97168","42.12238","1233.67419","1761.27429","53.38363","1396.80432","1574.54199","312.90091","1016.28900","1640.62744","-207.23563","997.23358","1613.17151","297.60632","827.36157","1729.86646","-209.93613","834.21570","1769.94946","133.23842","877.75592","1777.71619","-111.37073","869.92755","1709.46265","67.31779","945.41504","1534.59253","120.36180","485.77252","1856.95251","-42.68530","451.28436","1564.58130","106.52269","158.13541","1905.28345","29.59332","171.82596","1377.87610",NA,"P3",23,18
418,4.17,"-10.12864","1513.83521","1861.84668","130.63199","1580.05542","1723.23230","","","","-94.50800","1541.09863","1741.50928","232.78214","1347.41699","1661.25195","-126.88940","1345.36804","1612.31970","41.07056","1235.75244","1772.42542","54.55849","1397.77905","1585.05347","311.66904","1015.84515","1652.39478","-206.04451","997.46289","1619.98132","295.65543","826.84601","1741.04236","-210.67564","833.42139","1774.31982","131.31625","878.92877","1787.87122","-112.92493","870.27783","1720.41516","66.66005","947.37292","1544.57947","119.37448","484.64597","1862.91455","-44.78212","450.32095","1578.45264","107.68134","157.97441","1908.75000","28.58012","175.51530","1384.00281",NA,"P3",23,18
419,4.18,"-11.60495","1515.52856","1871.77136","130.40263","1582.18958","1733.52783","","","","-95.06837","1541.65369","1751.69751","232.99141","1347.67505","1672.96790","-126.16906","1346.99548","1621.72095","40.99132","1236.41418","1781.59241","55.66081","1398.97791","1595.22388","310.97028","1016.19769","1664.55212","-205.45016","999.44922","1627.09009","293.41214","826.80219","1750.53650","-210.76480","832.74060","1778.63879","129.60402","881.35828","1799.97827","-114.34052","870.81427","1731.25183","64.69882","947.99927","1556.82410","118.29705","486.56421","1872.97229","-47.38560","448.14548","1594.43921","108.42021","157.45029","1911.82043","26.64400","180.16472","1391.17090",NA,"P3",23,18
420,4.19,"-13.27673","1517.71484","1882.84631","130.04086","1584.02710","1744.47583","","","","-95.34708","1543.37317","1761.19421","233.64914","1348.82532","1683.79529","-125.60411","1349.19812","1630.65125","39.96733","1238.30005","1791.69421","","","","309.90253","1016.78571","1676.38184","-204.58232","1002.08185","1633.57703","291.36597","826.35358","1761.38391","-211.16177","834.11279","1784.73633","127.83529","883.32440","1808.96326","-115.38936","870.73236","1741.17273","62.50669","949.97778","1566.94165","117.64455","488.24759","1880.89038","-50.63831","446.63434","1610.24597","107.47789","158.95854","1915.19836","24.68705","184.69267","1399.47351",NA,"P3",23,17
421,4.2,"-15.02960","1519.63037","1891.72400","","","","","","","-96.28546","1544.50452","1769.37622","233.53426","1350.15894","1695.83960","-125.08112","1351.77356","1639.75830","39.13172","1240.18250","1802.21484","","","","307.95563","1017.51526","1685.72131","-203.58562","1004.83496","1641.13208","289.36121","827.85693","1771.51526","-211.42786","834.09253","1787.84644","125.55511","885.96875","1819.16968","-116.24647","871.49561","1751.31995","60.35767","951.77710","1578.01917","118.74094","490.75082","1891.08362","-55.00564","445.27417","1627.89148","109.01489","159.09206","1917.10779","22.35091","190.03635","1409.15369",NA,"P3",23,16
422,4.21,"-16.80930","1521.17285","1900.28296","128.34308","1588.48535","1767.05896","","","","-97.11086","1546.80652","1778.01514","233.54219","1351.70447","1706.30078","-124.93355","1354.79993","1648.67175","38.22914","1242.93896","1812.95984","","","","307.47000","1019.23438","1699.03430","-202.61029","1008.03973","1648.42627","287.15234","828.62183","1781.38196","-211.74612","835.31677","1792.59253","124.69998","889.72754","1829.22827","-116.39404","872.12616","1760.38452","58.60318","954.32538","1588.18933","118.71880","492.71545","1898.11292","-59.25353","444.34290","1645.46619","108.76061","159.29610","1919.02222","18.83611","195.87521","1419.17444",NA,"P3",23,17
423,4.22,"-18.22667","1524.12390","1910.75452","128.05920","1590.25183","1776.51038","","","","-97.04450","1547.62964","1786.81116","233.06766","1353.34509","1718.38232","-124.77422","1357.79028","1657.46082","36.79759","1245.30725","1823.05566","","","","305.54514","1020.64270","1709.48132","-201.54437","1010.61023","1654.82544","284.71219","829.80841","1792.95593","-211.94165","836.74176","1797.36597","123.16158","893.08282","1839.47791","-117.38329","873.98804","1770.63147","56.29140","956.11902","1597.05347","119.78722","492.54858","1902.32300","-63.83187","443.45245","1664.21985","108.50858","158.87473","1919.94031","16.71322","201.38632","1430.58411",NA,"P3",23,17
424,4.23,"-20.35149","1525.01587","1918.83667","127.16943","1591.86987","1786.75183","","","","-98.01338","1550.51294","1795.02075","232.34950","1355.16321","1729.95361","-124.96971","1361.03650","1665.92749","34.65157","1246.80237","1832.28601","","","","304.18292","1022.36884","1720.50293","-200.74271","1013.32770","1660.63550","282.33130","831.35864","1804.68079","-213.00517","838.06000","1801.78687","122.28886","896.56964","1848.15906","-118.23839","875.97821","1780.84277","54.13429","957.84991","1606.86194","120.27538","490.77234","1905.15613","-68.05186","442.57932","1683.01013","108.77579","158.43144","1920.47998","13.81387","207.65616","1443.55859",NA,"P3",23,17
425,4.24,"-22.26457","1527.80786","1928.48694","126.63783","1593.79980","1795.82507","","","","-99.24806","1552.14111","1803.32471","231.71304","1356.98376","1741.05835","-125.07718","1364.11084","1675.27954","33.29826","1249.81555","1842.11426","","","","302.68143","1023.92700","1732.01404","-199.93359","1017.24054","1668.04602","279.88501","833.14600","1815.21045","-213.79756","839.58362","1805.87915","121.82468","898.81042","1856.74780","-118.35331","877.69989","1789.39282","53.33422","960.16742","1615.47217","120.94649","493.42380","1912.99475","-72.59196","442.46777","1701.84766","108.82309","158.24590","1920.78162","10.29018","214.79231","1457.61780",NA,"P3",23,17
426,4.25,"-23.85220","1529.70447","1937.36072","125.60580","1595.80042","1805.20386","","","","-100.00781","1554.61096","1812.76282","230.77084","1358.77246","1752.02832","-125.38655","1367.29260","1683.31580","31.65147","1252.15259","1851.33765","","","","300.86621","1025.51965","1741.96472","-199.64915","1020.37756","1675.25623","276.93634","835.22827","1826.67444","-214.75902","841.75574","1811.60608","121.39184","900.70032","1866.67773","-119.00513","879.68115","1798.23511","52.73514","962.01459","1624.04272","121.40311","493.23749","1915.91162","-76.65810","443.35989","1719.98438","108.87102","158.22714","1920.88391","6.62052","221.90894","1472.19104",NA,"P3",23,17
427,4.26,"-25.93397","1531.99756","1945.24597","124.24931","1597.55908","1815.12891","","","","-101.24033","1557.06189","1820.24048","229.63194","1360.15430","1762.84619","-126.12003","1370.02417","1691.67407","29.31796","1254.11792","1860.61218","","","","299.63269","1026.93628","1755.07922","-199.91193","1023.72363","1679.23303","274.60767","836.12677","1838.88196","-215.63306","844.01904","1816.75500","121.50827","902.38849","1875.51440","-119.68876","882.15027","1806.84912","52.04380","963.52301","1634.13574","121.23952","491.51871","1918.13037","-80.47134","443.72629","1739.97583","108.90656","158.22545","1920.93555","2.82959","228.97449","1487.31030",NA,"P3",23,17
428,4.27,"-27.78732","1533.99634","1954.95374","","","","","","","-102.24416","1559.77234","1828.16455","228.53862","1361.80786","1774.21045","-126.43699","1372.61511","1700.10205","27.82893","1256.44763","1869.81787","","","","298.21042","1028.57129","1767.62024","-199.98421","1026.21985","1686.15796","271.64505","838.65253","1851.42712","-217.00783","845.34161","1820.84741","120.71864","903.57568","1884.26025","-120.61584","884.31677","1815.83386","51.97236","964.95093","1642.87830","122.18244","490.79483","1920.96887","-84.42800","445.49951","1758.91577","108.92504","158.20398","1921.00330","-1.40772","235.42357","1503.11584",NA,"P3",23,16
429,4.28,"-30.29711","1535.94580","1962.37146","122.06199","1601.49036","1835.62610","","","","-103.39215","1561.70789","1836.45923","227.14354","1363.46191","1785.21021","-127.36776","1374.33325","1706.36597","24.60297","1258.08240","1878.68555","","","","296.63989","1029.91333","1779.52600","-201.49190","1030.23938","1688.24951","268.93542","839.73035","1862.72949","-218.72679","846.78693","1826.14648","119.83900","903.79126","1891.83459","-121.23871","886.73602","1823.33362","51.90829","966.34149","1651.69971","123.00381","490.06815","1923.93445","-88.74751","447.43405","1778.29236","108.94198","158.20578","1921.02283","-5.65967","242.53255","1519.45386",NA,"P3",23,17
430,4.29,"-32.39736","1538.28442","1971.48181","120.91852","1602.79919","1843.84851","","","","-105.15321","1564.04822","1844.44958","225.85551","1364.72729","1795.81384","-127.98264","1376.50830","1713.66589","22.47695","1259.75830","1888.25867","","","","295.11215","1031.80908","1791.89465","-202.19781","1032.25549","1695.06348","265.64307","841.09583","1874.90955","-219.82718","848.42395","1831.26135","119.72830","904.11377","1900.35095","-122.56008","888.70416","1831.95898","51.98158","967.50452","1659.20789","122.77519","491.05081","1927.63928","-92.97784","449.72781","1798.19800","108.94711","158.19189","1921.05737","-9.30046","249.36162","1535.11633",NA,"P3",23,17
431,4.3,"-34.85126","1540.18225","1979.05249","119.09516","1604.37781","1852.88892","","","","-106.20289","1566.39160","1852.23291","224.62993","1366.16931","1806.55469","-128.57747","1378.38684","1722.12073","20.06319","1261.46167","1896.14722","","","","293.78513","1032.89917","1805.01257","-203.03424","1033.83752","1705.60583","262.67050","843.55774","1887.74878","-221.02086","849.81134","1837.10168","118.56199","904.69714","1908.80261","-123.58941","890.59399","1838.27539","52.14644","969.58514","1666.49792","122.92782","490.46283","1929.77124","-97.28705","452.33008","1816.21912","108.55114","157.85831","1921.73572","-12.27921","255.41876","1551.10889",NA,"P3",23,17
432,4.31,"-37.44141","1541.94482","1986.66846","118.19157","1606.07983","1861.92529","","","","-107.87994","1567.76819","1859.47778","223.81123","1365.37866","1813.39624","-129.51967","1379.38940","1728.51697","17.96667","1262.50879","1904.09033","","","","291.65729","1034.05957","1816.09082","-205.02560","1036.08752","1707.82837","259.33957","845.32318","1901.24512","-222.99867","851.57538","1843.43774","117.32154","903.96637","1915.44373","-124.71512","892.47394","1845.21606","52.10423","971.24139","1675.53333","123.55486","491.31091","1932.31433","-101.36525","454.78058","1835.62305","108.77606","158.47301","1922.72412","-15.34640","260.88058","1567.78833",NA,"P3",23,17
433,4.32,"-39.33303","1543.45154","1994.94861","116.59465","1607.72766","1871.78918","","","","-109.66223","1570.42236","1867.62610","222.51830","1366.49646","1823.67419","-129.51169","1381.20068","1736.27026","15.24104","1264.46484","1913.61914","","","","290.00797","1035.44336","1829.30957","-206.01062","1037.28406","1714.13281","255.93033","846.93823","1913.22192","-224.74086","852.70087","1848.55029","116.39555","905.52271","1924.34949","-126.52116","894.67883","1853.34216","51.68870","973.08356","1681.81567","123.00095","491.08383","1935.11975","-105.26582","457.44931","1853.55737","108.48313","159.48402","1924.30371","-18.90070","265.12177","1585.85425",NA,"P3",23,17
434,4.33,"-42.72696","1545.76514","2002.99902","114.89269","1609.15234","1879.31934","","","","-111.01203","1570.96057","1874.92725","220.92574","1368.13159","1834.07983","-130.17212","1381.61230","1741.68274","13.07728","1264.51501","1920.32788","","","","288.16510","1036.83069","1841.51575","-207.17912","1039.00525","1720.31824","252.27269","848.54352","1926.30701","-226.23477","854.00629","1854.88611","114.67099","904.59625","1930.22742","-128.00923","896.48010","1859.74255","51.02140","974.09790","1688.52930","124.05759","490.90454","1937.19214","-109.04269","460.58060","1871.17786","108.94158","159.39291","1925.22900","-22.27452","268.61942","1603.53699",NA,"P3",23,17
435,4.34,"-45.03808","1547.06262","2010.36047","113.51662","1610.21338","1888.65454","","","","-113.01389","1572.11060","1881.81799","219.31448","1369.67041","1843.90369","-130.39809","1383.41101","1748.96924","10.96380","1265.63538","1929.52588","","","","285.99756","1037.41980","1852.56287","-208.52153","1039.94629","1724.88391","248.96835","851.26721","1939.93835","-227.78018","855.52704","1861.71436","113.57828","906.22577","1938.79651","-129.13007","897.33630","1866.74548","50.31025","975.24774","1695.94348","123.04574","492.64435","1943.00073","-113.10471","464.38913","1888.33130","108.69498","159.22430","1925.59167","-25.99811","269.78375","1622.30640",NA,"P3",23,17
436,4.35,"-47.96457","1548.93884","2019.13025","111.68977","1611.29041","1896.90869","","","","-114.31387","1573.51074","1889.71484","217.66867","1370.77771","1854.36609","-131.37346","1384.24866","1754.73499","8.41218","1266.68909","1936.60083","","","","284.34277","1038.77405","1865.86572","-209.32632","1040.91064","1731.98181","245.76212","852.98291","1953.29333","-229.50389","857.17737","1867.77710","111.79507","906.13232","1944.96863","-130.28897","899.08307","1873.32837","49.74695","976.78589","1702.99512","122.14968","492.51331","1945.90894","-117.07183","468.32281","1904.22217","108.26563","159.72697","1926.91199","-29.62369","269.89435","1640.78174",NA,"P3",23,17
437,4.36,"-50.72746","1549.83472","2025.26550","109.61700","1612.60217","1906.13794","","","","-116.04065","1574.35876","1895.64624","215.72865","1372.21704","1864.51587","-132.03999","1385.51062","1763.22229","6.33645","1267.54724","1943.86975","","","","282.03296","1040.86084","1879.50940","-210.07816","1041.49487","1737.28125","241.97038","854.49078","1965.97070","-231.51105","858.42670","1873.74023","110.62958","907.62640","1953.00586","-131.29211","900.42975","1880.45825","48.91357","978.12360","1709.63818","122.12111","491.32776","1947.25732","-121.16825","471.85092","1921.20654","108.92096","160.07248","1928.09961","-33.97752","270.40311","1660.91418",NA,"P3",23,17
438,4.37,"-53.82185","1550.38550","2032.88757","107.78840","1613.89990","1914.63245","","","","-117.61737","1575.63391","1902.54907","214.18246","1373.31836","1874.39404","-132.85136","1385.66821","1768.37097","4.58590","1268.10852","1951.83350","","","","279.71280","1041.91467","1891.69092","-211.01936","1042.53784","1742.15942","238.03247","856.53375","1978.87402","-233.22340","859.34943","1879.87842","108.91415","908.19055","1959.88171","-132.95049","901.57562","1887.44043","48.10744","977.94330","1718.30774","122.04825","491.29974","1950.12012","-125.20963","475.88837","1937.66541","108.70882","159.95168","1928.38647","-37.80396","268.62009","1680.00024",NA,"P3",23,17
439,4.38,"-56.52353","1551.25476","2041.15698","105.83495","1614.62329","1922.94934","","","","","","","212.77193","1374.20276","1883.46924","-133.16307","1386.77942","1775.51135","2.12968","1268.45618","1958.41760","","","","277.61026","1043.10291","1903.96484","-211.92673","1043.34839","1747.84216","234.47519","859.21729","1992.71655","-235.00035","861.02802","1887.18896","107.56799","909.09027","1968.05591","-133.65991","903.42767","1893.76733","47.15913","979.50507","1726.36902","120.65714","493.03140","1956.14526","-128.88010","480.17386","1953.42712","107.76460","160.35945","1928.13635","-41.92909","266.89056","1701.18274",NA,"P3",23,16
440,4.39,"-59.13279","1551.86951","2047.93359","103.69472","1615.35486","1931.57178","","","","","","","210.99222","1375.06580","1892.95618","-134.16124","1387.34045","1781.49634","0.43566","1268.91772","1966.68750","","","","275.38211","1044.35693","1915.39587","","","","230.73055","861.46570","2006.91296","-237.07309","862.93512","1893.91357","105.60177","910.14716","1975.40869","-134.62726","904.76093","1900.65881","46.40034","979.95905","1732.41089","120.04559","492.40555","1957.43579","-132.30811","483.96188","1967.85095","107.41213","160.33807","1928.40320","-46.20429","264.67932","1721.57654",NA,"P3",23,15
441,4.4,"-62.44363","1552.17847","2054.57886","101.43351","1616.49475","1939.84302","","","","","","","209.50319","1376.09412","1902.25720","-134.90880","1387.96509","1788.98242","-1.70520","1269.73047","1973.56274","","","","272.84134","1045.33948","1928.59045","-213.34798","1044.58887","1758.89551","227.19911","862.76727","2020.35632","-239.20123","863.63733","1899.13110","104.80713","909.91998","1981.65039","-135.50900","905.58154","1906.15991","45.31660","980.74628","1740.38953","119.43877","491.91321","1958.56885","-135.42912","487.93094","1981.96948","106.47128","160.76149","1928.12622","-50.73077","261.26645","1743.03381",NA,"P3",23,16
442,4.41,"-65.64378","1552.40173","2061.18677","99.48243","1616.65857","1947.80176","","","","","","","207.75299","1377.38440","1910.96411","-135.66415","1388.33118","1794.14539","-3.67654","1269.40771","1980.10828","","","","270.50262","1046.08752","1940.04529","-213.83978","1045.05176","1764.48462","223.52303","864.74866","2032.32959","-241.75482","864.46301","1905.12659","103.28214","910.94427","1988.66028","-137.32684","907.58942","1914.44226","44.22010","980.81232","1745.40845","118.75932","491.72159","1961.22937","-138.93228","491.10052","1996.26563","106.45574","161.05655","1929.85376","-55.58037","257.29645","1763.80359",NA,"P3",23,16
443,4.42,"-69.01011","1552.42273","2068.68896","96.89198","1617.55518","1956.92993","","","","","","","205.56070","1378.44885","1920.59241","-136.45963","1389.05859","1801.07495","-5.48445","1270.72070","1988.35522","","","","268.77417","1047.38049","1953.29834","-214.41348","1045.53833","1769.27808","219.61815","866.98480","2045.63599","-243.91255","865.96021","1911.54407","101.05614","910.70123","1995.87512","-138.71021","908.92639","1920.93091","43.38509","981.53015","1753.13477","118.71537","491.56985","1961.49255","-142.40414","495.26251","2010.11060","106.45424","161.05034","1929.86401","-60.79601","252.77835","1785.33191",NA,"P3",23,16
444,4.43,"-71.81878","1552.64832","2075.55884","94.33198","1618.19031","1964.73877","","","","","","","203.46065","1379.14502","1929.25415","-137.44383","1389.74011","1808.01953","-7.92570","1270.37524","1994.34680","","","","266.30042","1048.53882","1965.91541","-215.10835","1046.31152","1775.23474","215.60100","869.15741","2060.07129","-246.01094","867.07996","1917.39063","99.71303","911.40082","2004.06458","-139.96953","909.63354","1927.13452","42.48473","981.28796","1762.07373","117.90343","490.96753","1962.88123","-146.29077","498.87903","2022.40601","106.44923","161.05327","1929.85144","-65.30340","246.22787","1808.43213",NA,"P3",23,16
445,4.44,"-75.21793","1552.56836","2082.89087","92.12727","1618.60535","1973.32959","","","","","","","201.58708","1379.72717","1937.94128","-138.67232","1389.62769","1813.66235","-9.79074","1270.89392","2001.79712","","","","263.94986","1049.07520","1978.03845","-215.81549","1046.26697","1780.82288","212.40781","870.93555","2073.08203","-248.24792","867.88000","1923.59094","97.39763","910.97955","2010.19214","-141.19771","910.33752","1932.67554","41.01229","982.44690","1768.29968","117.09193","490.44983","1964.20569","-148.94547","501.99344","2034.68982","106.24898","160.93044","1930.13171","-70.65440","240.55348","1832.01331",NA,"P3",23,16
446,4.45,"-78.72684","1553.01111","2089.98608","89.41209","1618.87476","1981.18372","","","","","","","199.56834","1380.40137","1947.25623","-139.17448","1390.32666","1820.10339","-11.59209","1271.27405","2009.09753","","","","261.87262","1050.40576","1988.87610","-216.69858","1046.64514","1785.98328","208.40678","872.76160","2086.42554","-250.61485","869.39276","1930.26282","95.92225","910.54388","2017.24365","-143.30275","911.61078","1939.52991","40.39027","982.39288","1773.89807","117.35378","490.00876","1966.93042","-152.75951","505.50766","2045.69141","105.99313","161.77409","1930.93506","-76.41425","234.15617","1852.90930",NA,"P3",23,16
447,4.46,"-82.16190","1552.92798","2097.06274","86.84142","1619.27917","1989.48840","","","","","","","197.48952","1380.82019","1955.31616","-140.51567","1390.24670","1825.94360","-14.32979","1270.96594","2015.54041","","","","259.05310","1051.14648","2000.98877","-217.18617","1047.20020","1791.36951","203.94217","874.61865","2099.31885","-253.36247","870.05286","1936.06995","94.19550","910.46344","2023.67261","-145.73961","912.15540","1946.34204","39.27637","983.28668","1781.77356","117.30211","489.88751","1967.11621","-155.67097","508.51270","2056.74023","105.96162","161.86647","1930.83899","-82.31603","227.67027","1876.64612",NA,"P3",23,16
448,4.47,"-85.47776","1552.47534","2102.90820","84.07652","1619.71570","1998.20288","","","","","","","195.26978","1381.52319","1964.58459","-141.58243","1390.57898","1832.63342","-16.72906","1270.95532","2022.67224","","","","256.18918","1052.10571","2013.02490","-217.85643","1047.06067","1797.54004","200.01700","876.81091","2112.80884","-256.10388","871.07813","1942.59985","91.82083","909.70502","2029.55249","-147.09406","913.08331","1951.99707","38.26681","982.55371","1788.58081","115.12022","488.95148","1967.04846","-158.82219","511.00638","2066.58057","105.85078","161.95465","1930.80701","-88.19843","221.04695","1900.62341",NA,"P3",23,16
449,4.48,"-89.08960","1552.53137","2109.77832","81.31075","1619.45959","2005.29858","","","","","","","193.18941","1381.26172","1972.51233","-142.83006","1390.74146","1839.62280","-18.53555","1271.14307","2030.00879","","","","253.64189","1052.30945","2024.97314","-218.80756","1047.03357","1802.08398","196.12091","879.27173","2126.46704","-258.73660","871.27075","1948.16357","89.87074","908.92871","2036.97986","-148.81802","913.34204","1958.22412","37.71869","982.65680","1797.27563","114.56497","491.91528","1973.20447","-161.62119","512.66370","2075.13159","104.94016","161.85419","1930.43054","-93.95501","213.26022","1924.39172",NA,"P3",23,16
450,4.49,"-92.53743","1552.36487","2115.73389","78.47091","1620.05469","2014.40076","","","","","","","190.91856","1381.59912","1981.77356","-144.18871","1390.29443","1845.06726","-21.04807","1270.25623","2036.28796","","","","251.21332","1053.45264","2036.84998","-219.69044","1046.94116","1808.39307","192.77983","880.38159","2138.45044","-260.85474","871.57288","1952.97998","87.63440","908.94696","2044.62268","-151.05814","913.46906","1964.67261","36.62279","982.65710","1803.28369","113.66584","491.57135","1974.33545","-164.60590","514.09875","2083.96313","104.90521","161.95660","1930.33411","-99.75537","206.39342","1950.93823",NA,"P3",23,16
451,4.5,"-96.19469","1552.30322","2122.33057","33.04432","96.24842","2028.62366","","","","","","","188.34773","1381.84692","1989.96655","-145.45346","1390.46484","1852.63220","-23.33163","1269.96350","2043.11353","","","","247.81480","1053.97119","2047.58130","-220.80653","1046.81006","1813.87427","188.33972","881.97052","2150.78540","-263.46732","871.25659","1958.55969","85.23914","908.09277","2050.74219","-153.34383","913.28064","1971.05273","35.02108","982.65662","1810.21472","113.32172","491.19077","1974.98376","-167.00412","515.24701","2091.70142","104.90467","161.96034","1930.32593","-105.35633","199.93698","1975.14136",NA,"P3",23,16
452,4.51,"-100.05566","1552.42615","2128.75635","72.71492","1619.20203","2029.04407","","","","","","","186.18802","1381.99231","1998.57751","-146.90169","1389.88538","1858.63257","-25.46795","1269.44165","2051.06006","","","","244.81078","1054.12341","2058.97534","-221.64111","1046.68811","1818.68860","184.65802","884.07855","2163.44385","-265.76160","871.44269","1964.24658","83.09100","907.37451","2058.17749","-155.14803","913.52747","1977.92957","33.99972","983.22302","1816.31445","112.66000","491.12354","1978.14331","-170.01701","515.33167","2097.83203","104.71920","161.91862","1930.50879","-111.75185","194.28954","1999.72559",NA,"P3",23,16
453,4.52,"-103.74516","1552.21863","2135.11499","69.93394","1619.44165","2038.07959","","","","","","","184.05417","1381.77295","2005.68005","-148.78813","1389.57458","1865.76929","-27.74000","1268.92029","2057.40479","","","","241.57442","1055.21838","2069.66553","-222.43286","1046.00647","1824.99512","180.71120","886.73499","2177.65601","-268.19931","871.00208","1970.05237","81.04404","906.79041","2065.62231","-157.23077","912.55780","1984.53577","32.51694","982.83575","1822.91418","111.50341","490.64468","1979.63770","-172.05093","514.97180","2104.89551","103.89057","162.46605","1931.08289","-117.52511","188.68716","2025.64685",NA,"P3",23,16
454,4.53,"-107.52276","1551.75562","2141.24756","33.15005","94.95425","2028.44958","","","","","","","181.88199","1381.81824","2014.12183","-150.06277","1388.95740","1872.78125","-30.38445","1268.67041","2064.28198","","","","238.12447","1054.77502","2079.96240","","","","177.10466","887.73871","2188.63550","-270.25644","871.38855","1976.70642","78.56850","905.61932","2071.75610","-158.99727","910.82489","1989.90930","30.84712","982.71362","1832.02100","110.82690","491.37796","1981.06738","-174.75832","514.15833","2111.23291","103.37534","163.45842","1931.79077","-122.85245","183.04749","2049.49902",NA,"P3",23,15
455,4.54,"-111.25893","1551.41162","2147.71387","64.07837","1617.95251","2052.02515","","","","","","","178.88649","1381.47742","2021.89514","-151.84413","1387.96973","1878.91113","-32.53437","1267.57007","2072.16748","","","","234.36349","1055.56116","2090.08374","-225.21930","1044.46655","1835.89990","172.80992","888.82416","2200.32935","-272.52643","870.76172","1983.05066","76.57168","905.25488","2079.04810","-161.12769","910.26202","1996.13733","29.71370","981.87335","1838.51221","109.53326","491.63574","1984.39771","-176.46162","513.22992","2116.71411","103.21078","163.45590","1931.95740","-129.11595","179.30927","2073.73804",NA,"P3",23,16
456,4.55,"-114.88285","1550.75623","2153.45630","61.39850","1617.38269","2059.93481","","","","","","","176.58582","1381.45996","2030.18030","-154.00690","1386.84070","1885.54541","-34.92405","1267.07629","2079.22534","","","","230.38728","1055.04395","2099.58521","-226.30173","1043.45142","1842.48132","169.12373","890.32935","2212.53662","-274.77948","870.33887","1989.35120","74.02692","904.16846","2087.14575","-162.89233","909.51160","2002.99231","27.46773","982.24237","1843.93115","108.57003","491.54993","1987.17444","-178.17139","511.43616","2120.74780","102.86279","163.46533","1932.23914","-134.26151","174.99092","2099.43433",NA,"P3",23,16
457,4.56,"-118.94815","1550.47803","2160.38403","32.85374","94.87496","2029.31628","","","","","","","174.11156","1380.72546","2037.05420","-155.71120","1386.22888","1892.38586","-37.49692","1265.89087","2085.22388","","","","226.38336","1054.82751","2109.95166","-228.03221","1042.70837","1848.07275","164.28804","890.87891","2223.22119","-276.79031","869.21271","1995.11963","72.06210","902.62970","2092.37769","-165.62520","908.26978","2011.12598","25.82203","981.29688","1852.31604","107.58578","490.49329","1989.27295","-180.12253","509.21237","2125.28979","102.92873","163.99127","1933.49902","-140.00684","173.13240","2121.43579",NA,"P3",23,16
458,4.57,"-122.49287","1549.55933","2165.87988","55.17225","1616.13599","2074.11401","","","","","","","171.34500","1380.20740","2045.74097","-158.01508","1385.06494","1899.55811","-40.00528","1265.36926","2092.63159","","","","222.23346","1054.93591","2119.83838","-229.66905","1041.53101","1854.24353","159.90350","892.68451","2236.37646","-278.84268","867.63971","1999.58496","70.73161","902.22589","2099.98901","-167.44540","906.42590","2016.95544","23.57204","979.70276","1860.41626","107.74102","489.82864","1992.41870","-180.79820","506.68149","2129.63989","102.95364","163.97137","1933.57263","-145.44691","171.70972","2142.73755",NA,"P3",23,16
459,4.58,"-126.19239","1548.68970","2171.57861","51.84647","1615.06738","2081.04126","","","","","","","168.93503","1379.39832","2053.58960","-160.16475","1383.73804","1905.46948","-42.56166","1264.38855","2100.50952","","","","217.87093","1053.77075","2128.69653","-231.14456","1040.51624","1860.04712","155.27533","893.13440","2245.88940","-281.29776","866.09052","2005.31897","68.16356","900.97620","2107.33667","-169.90555","904.73987","2024.45044","21.61098","979.96027","1866.08423","106.12287","488.68039","1995.22852","-181.96176","504.05609","2133.47388","103.66107","164.36031","1934.74622","-151.27841","170.22008","2164.09888",NA,"P3",23,16
460,4.59,"-130.10933","1548.24194","2177.50928","32.83393","94.70375","2029.30383","","","","","","","165.66974","1378.51428","2060.57275","-162.56500","1382.56616","1911.81775","-45.25978","1263.18628","2107.10400","","","","213.79001","1053.21851","2138.71289","","","","151.00945","894.67047","2257.95337","-283.53018","864.02960","2010.66199","65.96692","900.03986","2113.90161","-171.96640","902.64478","2031.93530","19.25591","978.67395","1874.91956","105.11376","490.17276","2001.28638","-182.52364","501.09369","2138.12939","103.69936","164.34735","1934.82422","-156.94109","169.85623","2183.52930",NA,"P3",23,15
461,4.6,"-133.84969","1547.36035","2183.14185","45.97206","1613.22180","2095.93750","","","","","","","163.02267","1377.72363","2068.93237","-164.55727","1381.29919","1918.20996","-48.62247","1262.64221","2113.72852","","","","209.51225","1052.54883","2148.00366","-234.89717","1037.77539","1872.48621","145.88603","894.64612","2268.16943","-285.84174","862.59644","2016.79785","63.96659","899.30096","2122.51709","-174.17279","900.68591","2039.25000","16.97783","976.96155","1883.13269","104.41245","489.35989","2004.60706","-182.76012","498.34628","2141.91553","104.01917","165.88623","1935.94629","-161.99365","169.96700","2201.70947",NA,"P3",23,16
462,4.61,"-138.05461","1546.97644","2188.74438","42.46571","1612.64404","2103.30396","","","","","","","160.05119","1376.86804","2076.63940","-166.84534","1379.84290","1925.00635","-51.56656","1261.32190","2120.72412","","","","204.97823","1051.97595","2157.34521","-237.11644","1036.28064","1879.29443","141.48296","895.34869","2278.34497","-287.75464","861.20862","2023.26074","61.38308","898.13788","2128.85132","-176.89462","899.13995","2046.41589","14.37299","975.70807","1889.90564","103.62506","488.47485","2009.08215","-183.38364","495.99799","2145.49512","103.97771","166.15544","1937.35645","-167.10179","170.60516","2218.11133",NA,"P3",23,16
463,4.62,"-142.24924","1546.37622","2194.86206","","","","","","","","","","156.86827","1375.28040","2083.69702","-169.12242","1378.23987","1931.39795","-54.64314","1259.95337","2127.91064","","","","200.52269","1050.69055","2165.98535","-238.74011","1034.70264","1884.97949","136.93051","895.59302","2288.87378","-289.86856","860.05481","2029.67310","59.28063","897.30341","2137.21021","-179.04630","897.06744","2054.18848","11.02910","975.60126","1895.09521","101.01900","486.85660","2011.19739","-183.41817","494.07666","2149.82471","103.75909","166.68571","1937.79419","-171.61369","171.96368","2232.06982",NA,"P3",23,15
464,4.63,"-146.39223","1545.55432","2200.74731","35.27589","1610.35974","2116.56592","","","","","","","153.65250","1374.59497","2092.06885","-171.57639","1377.02185","1937.22131","-57.98089","1259.46350","2135.57446","","","","196.25864","1049.44934","2175.23877","-240.70280","1033.30359","1891.71497","131.58252","895.84717","2298.34351","-292.02164","858.02472","2035.53381","56.46066","897.32214","2145.65259","-181.68765","895.31372","2062.38306","8.32508","973.94238","1903.54468","100.48845","488.63657","2018.62781","-183.55347","492.35028","2154.33667","103.38833","167.43710","1939.20654","-175.84216","172.10722","2246.32275",NA,"P3",23,16
465,4.64,"-150.64386","1545.05811","2206.23535","32.00379","1609.07629","2122.92188","","","","","","","150.84982","1373.17932","2099.72314","-174.67737","1375.53833","1943.98206","-61.28532","1258.65747","2142.91553","","","","191.72232","1048.50012","2183.94678","","","","126.36556","895.63110","2307.83789","-294.11145","855.40527","2040.75513","53.18158","895.69757","2153.47119","-184.07027","893.18640","2069.08276","5.82211","972.17096","1913.67297","99.45023","487.77405","2025.00403","-184.62834","490.48953","2159.65112","103.33857","168.14200","1940.39099","-178.62430","172.58205","2256.92920",NA,"P3",23,15
466,4.65,"-154.84718","1544.22437","2211.41846","28.36434","1608.40137","2129.87451","","","","","","","147.31020","1371.73755","2107.17822","-177.19040","1373.96118","1949.61560","-64.99654","1257.70068","2149.38501","","","","186.97620","1047.87793","2192.82788","","","","121.53701","895.21582","2316.59033","-296.41086","852.86847","2045.82629","50.56862","895.23212","2161.81396","-186.81638","891.14551","2075.70020","2.51263","971.49701","1921.36060","96.60184","485.36475","2027.37109","-185.60976","489.15274","2165.05591","103.20991","168.06784","1940.78564","-182.09535","172.10371","2266.28394",NA,"P3",23,15
467,4.66,"-159.01303","1543.49231","2216.72900","24.75997","1607.47559","2136.74805","","","","","","","143.71466","1370.42090","2114.34863","-179.93335","1372.19324","1955.37463","-68.91527","1256.38818","2156.27637","","","","182.20525","1046.76428","2201.66138","","","","115.99241","895.19574","2325.73242","-298.93726","851.08862","2051.33691","47.51518","894.13751","2169.80737","-189.62621","889.24707","2083.38647","0.10554","969.66229","1929.22656","95.15301","484.67627","2033.21240","-187.55394","487.32056","2171.67822","102.90623","168.29372","1942.03857","-183.43704","171.20390","2274.09546",NA,"P3",23,15
468,4.67,"-163.66232","1543.19446","2222.84351","21.25758","1605.97644","2143.74609","","","","","","","140.13586","1369.25220","2122.65649","-182.72751","1370.93323","1961.69482","-72.72215","1255.27515","2163.40674","","","","177.51271","1045.00195","2209.54565","-249.58322","1026.72437","1915.79138","110.60949","894.48035","2334.33057","-300.89557","848.42090","2055.87524","43.63571","893.55475","2178.49097","-192.71106","888.16388","2091.82129","-2.39359","968.06543","1937.44385","94.19972","485.63028","2043.48145","-189.96867","485.78763","2178.76489","102.30585","169.32098","1943.23157","-185.06502","168.94438","2279.28662",NA,"P3",23,16
469,4.68,"-168.07523","1542.76819","2228.01636","17.21584","1605.50671","2150.91797","","","","","","","136.52185","1368.40686","2131.04150","-185.57272","1369.40588","1967.95349","-76.74315","1254.70752","2170.36890","","","","172.95966","1043.85327","2217.69360","","","","105.02365","893.69806","2342.55640","-303.55734","846.32690","2062.00000","40.65436","892.32709","2185.94482","-195.79698","886.99103","2099.57080","-4.93859","966.82483","1945.78650","91.61205","486.28000","2051.98462","-193.34410","484.10431","2185.74902","101.43313","169.47350","1945.32080","-185.71199","165.84283","2283.75146",NA,"P3",23,15
470,4.69,"-172.21754","1542.06482","2232.46094","13.98589","1604.41174","2156.64282","","","","","","","132.71303","1366.77441","2138.56128","-188.67920","1367.72083","1973.78577","-80.97228","1253.83850","2177.92969","","","","167.97388","1042.55322","2225.61133","-253.71603","1023.19916","1930.46399","98.80865","893.35315","2351.02271","-306.22601","844.25104","2068.07715","37.33324","891.37646","2194.97021","-199.21783","885.53430","2107.33130","-7.30994","965.54584","1951.09021","88.77542","484.30978","2058.53687","-196.22092","482.56107","2194.19800","101.17152","169.25687","1945.84070","-186.01436","162.79062","2287.01294",NA,"P3",23,16
471,4.7,"-176.97701","1542.03662","2238.62891","9.91436","1603.62561","2163.54858","","","","","","","128.81482","1365.63940","2145.59106","-191.91048","1366.35767","1979.93445","-85.34895","1253.02856","2184.63306","","","","163.01024","1041.36609","2233.58154","","","","92.80405","892.44305","2359.20581","-308.73459","842.32684","2073.45068","33.79753","890.22070","2203.16333","-202.56755","884.57483","2114.47339","-9.61273","964.07867","1961.87781","86.65606","481.70581","2065.84399","-199.65579","481.25333","2202.65942","101.07939","169.66849","1947.36926","-186.65060","160.75398","2289.70972",NA,"P3",23,15
472,4.71,"-181.32309","1541.80737","2243.51221","5.91583","1602.87854","2170.17139","","","","","","","124.26213","1364.92554","2153.58228","-194.99147","1365.11267","1985.92285","-89.56321","1251.92725","2191.22827","","","","158.06799","1040.39514","2242.37109","","","","87.03394","891.57581","2366.97827","-311.10104","840.25391","2078.75684","30.48907","888.92493","2210.90015","-206.10092","883.60663","2121.82983","-12.10966","962.56976","1970.14172","82.84564","481.75031","2075.96753","-203.26460","480.13785","2211.13354","101.64369","172.10025","1950.03748","-188.40024","158.80505","2293.26465",NA,"P3",23,15
473,4.72,"-186.09528","1542.08948","2248.50146","1.69817","1602.53699","2177.21582","","","","","","","120.18980","1364.30396","2161.86963","-198.05502","1363.62109","1991.61243","-93.88886","1251.66467","2198.54736","","","","153.05872","1039.28735","2249.73071","","","","81.81947","890.68140","2374.22290","-313.40631","838.11621","2084.25879","26.58796","888.80774","2220.57104","-209.80409","882.88165","2129.62061","-14.40798","961.57538","1978.17395","79.02018","478.04462","2081.16504","-206.96518","479.15631","2217.90430","101.55000","173.31995","1954.04126","-191.94672","157.98340","2298.77905",NA,"P3",23,15
474,4.73,"-190.94994","1542.45874","2254.49219","-2.14784","1601.91150","2183.41797","","","","","","","116.56495","1363.34656","2169.80225","-201.62910","1362.25073","1997.23352","-98.17528","1251.25439","2205.68555","","","","148.10480","1038.51636","2257.43604","","","","75.74055","890.06653","2381.70288","-315.81247","836.16730","2090.03882","22.85256","887.36621","2229.43945","-213.30403","882.20325","2137.21533","-16.99280","961.67169","1986.99683","75.99680","476.04214","2089.80420","-211.08403","479.05399","2224.80884","100.28056","172.08333","1954.62231","-193.80988","157.03560","2301.87476",NA,"P3",23,15
475,4.74,"-195.72940","1543.16467","2259.31152","-6.30650","1602.62183","2189.68628","","","","","","","112.41264","1363.55029","2178.30151","-204.73827","1361.56702","2003.04688","-102.82946","1251.35120","2212.49658","","","","142.67795","1037.83875","2265.55029","","","","69.79419","888.46313","2387.84546","-318.13974","835.15839","2095.48608","18.55545","886.73413","2238.70728","-217.12758","883.12415","2145.17944","-19.14329","961.00452","1994.82104","74.48450","477.46823","2103.63843","-216.05228","480.04648","2231.81494","98.79700","176.41205","1959.07605","-196.77710","156.27992","2304.33228",NA,"P3",23,15
476,4.75,"-200.63089","1544.09094","2264.02271","-10.60263","1602.67004","2196.33105","","","","","","","108.27845","1363.43970","2186.07813","-208.15662","1361.30090","2009.54102","-107.03717","1251.68469","2218.99829","","","","137.61165","1037.75122","2272.89063","","","","64.00391","887.70068","2393.73145","-320.40601","833.91754","2101.06055","13.89148","886.65936","2247.86865","-220.78824","884.04761","2152.77100","","","","70.52747","476.39932","2111.57324","-220.62701","482.13733","2239.88867","99.08223","177.28694","1960.80737","-198.24480","156.10947","2306.33203",NA,"P3",23,14
477,4.76,"-205.56793","1545.49280","2269.63867","-14.76589","1602.90491","2202.74316","","","","","","","103.71591","1364.04382","2193.72925","-211.27489","1360.71155","2015.00562","-111.43092","1252.38562","2225.88184","","","","132.29024","1037.94128","2281.06470","","","","57.91599","887.59790","2400.77930","-322.78281","832.68359","2105.94092","9.28825","886.43640","2256.68970","-224.89847","885.73120","2160.03784","","","","66.91879","475.88480","2121.37402","-225.49834","485.34814","2249.49512","99.49166","180.39267","1964.66504","-201.55762","156.24129","2309.87061",NA,"P3",23,14
478,4.77,"-210.79221","1546.54871","2274.75537","-19.60527","1604.07129","2209.92310","","","","","","","99.96708","1365.28882","2201.16357","-214.24792","1361.22229","2020.96082","-115.74802","1253.31641","2232.70532","","","","127.02878","1038.30823","2287.41138","","","","51.75701","886.67792","2405.71045","-325.61472","832.47815","2111.91235","4.33844","886.35541","2266.00195","-228.97816","887.71069","2166.74268","","","","64.54322","476.44830","2131.93213","-230.41217","487.94495","2258.03784","98.78288","183.43239","1968.16235","-203.51900","157.16365","2312.22144",NA,"P3",23,14
479,4.78,"-215.57802","1548.00391","2279.72656","-23.60257","1604.47107","2215.83911","","","","","","","96.00459","1367.03296","2210.22192","-217.00676","1361.25549","2026.72510","-120.14724","1254.66016","2239.05835","","","","121.63864","1039.47241","2294.90259","","","","45.54639","886.79224","2411.61914","-327.92404","832.44531","2117.39063","-1.32134","887.51721","2274.88965","-233.56216","890.82593","2173.67480","","","","60.66147","474.60568","2140.50952","-233.95155","490.09116","2266.63770","98.21331","187.77417","1972.66492","-205.68137","157.39337","2315.18384",NA,"P3",23,14
480,4.79,"-220.75771","1549.22400","2285.13623","-28.00201","1605.88916","2222.28955","","","","","","","92.40592","1368.70935","2217.90503","-219.99846","1361.90173","2032.80286","-124.13190","1256.30835","2245.47876","","","","116.37346","1041.06458","2301.89404","","","","39.37943","886.30548","2415.92163","-330.55463","832.43372","2122.47412","-7.02107","888.71814","2283.61694","-238.22104","893.41949","2180.71338","","","","57.91108","476.97302","2156.56567","-237.78358","490.83688","2274.44849","98.59446","191.12320","1978.50183","-207.73000","157.28033","2318.04028",NA,"P3",23,14
481,4.8,"-225.64557","1550.39771","2289.48145","-32.55280","1607.24976","2228.89624","","","","","","","88.12488","1370.49231","2225.68384","-221.81966","1362.07727","2037.59802","-128.51154","1258.19067","2252.12134","","","","111.09882","1042.20190","2309.04419","","","","33.52031","886.87701","2421.38477","-332.95181","832.97321","2127.88110","-13.06631","890.09888","2292.82495","-242.74818","896.69836","2187.86328","","","","54.66436","474.58954","2166.53198","-241.42598","491.53650","2281.28442","97.71169","195.09489","1983.92297","-208.72681","157.40392","2319.67920",NA,"P3",23,14
482,4.81,"-230.24464","1551.42957","2294.95435","-36.86512","1608.24988","2235.23438","","","","","","","83.67794","1373.01135","2233.77100","-224.25731","1363.51465","2043.82849","-133.05304","1260.30212","2258.90674","","","","105.99131","1044.39185","2316.10107","","","","27.13827","887.04980","2426.25854","-335.98886","834.21637","2133.55029","-18.83678","891.28107","2300.96655","-247.49013","899.32220","2194.85669","","","","51.63104","474.62115","2180.59326","-244.80896","491.88898","2286.14893","96.87390","200.96854","1992.30334","-209.57147","157.64265","2321.01929",NA,"P3",23,14
483,4.82,"","","","-41.04211","1609.41052","2241.38525","","","","","","","79.99743","1375.47656","2242.03345","-226.01083","1364.42065","2048.59790","-137.06198","1262.13782","2265.08716","","","","100.55361","1046.16528","2323.33667","","","","21.24799","887.84863","2431.88330","-338.41388","834.41656","2138.51807","-24.82515","892.98499","2309.14160","-251.98485","901.82294","2200.26587","","","","48.49407","474.60391","2195.50439","-247.02103","492.33463","2291.75244","96.99010","205.16037","1999.25623","-209.01230","156.51323","2324.88257",NA,"P3",23,13
484,4.83,"","","","-45.52353","1611.38220","2248.06470","","","","","","","75.88181","1377.75549","2250.98560","-228.30885","1365.53687","2054.28003","-141.27652","1264.87805","2271.66626","","","","95.89920","1047.61414","2330.61816","","","","15.25973","888.22827","2436.89990","-340.92276","835.89270","2144.00854","-30.87748","895.30963","2317.85913","-256.81625","903.34753","2205.97021","","","","46.38357","474.24014","2212.00293","-249.20830","492.65170","2294.47021","96.96084","208.38719","2007.86243","-209.63013","156.48132","2325.87354",NA,"P3",23,13
485,4.84,"","","","-49.07379","1612.49316","2253.41260","","","","","","","71.66484","1379.78833","2258.07178","-230.61964","1366.34790","2059.84497","-145.32068","1266.59290","2277.79077","","","","91.25410","1049.11951","2337.52661","","","","9.84859","888.43665","2441.78564","-343.98697","836.97772","2149.41016","-36.16373","896.95349","2325.07251","-260.95285","904.93909","2211.51953","","","","41.13982","474.42737","2227.31567","-250.78325","492.66666","2297.92676","96.36871","215.36877","2019.07690","-209.77968","156.42555","2326.20996",NA,"P3",23,13
486,4.85,"","","","-53.67994","1614.59924","2260.18555","","","","","","","67.56318","1381.57263","2265.65723","-232.68912","1366.96118","2064.66870","-149.58188","1268.92200","2284.16040","","","","86.44593","1050.57581","2345.06567","","","","4.29862","888.82257","2447.36353","-346.85553","838.61578","2155.11548","-41.51880","898.95813","2332.25415","-265.43732","907.40582","2218.70361","","","","37.58265","473.93045","2242.48120","-252.96825","492.45706","2300.02295","95.29103","221.73221","2029.38831","-209.95107","156.19273","2326.44946",NA,"P3",23,13
487,4.86,"","","","-57.63642","1615.55957","2266.23047","","","","","","","63.40628","1383.24329","2273.86328","-234.79578","1367.94788","2069.82666","-153.48680","1270.15234","2290.03101","","","","81.86517","1052.54065","2352.85669","","","","-1.38976","888.76501","2452.43530","-349.57626","839.61499","2160.38745","-46.61463","900.42914","2339.70630","-269.32916","908.27246","2224.00415","","","","32.53459","474.23389","2258.89355","-255.45512","491.94366","2302.03174","93.35756","227.27264","2038.93335","-210.20848","156.04298","2326.80200",NA,"P3",23,13
488,4.87,"","","","-61.47202","1616.43738","2272.54126","","","","","","","59.48032","1384.55786","2282.77856","-236.64256","1369.23718","2074.70532","-157.62108","1271.40930","2295.63208","","","","77.28939","1053.21692","2360.73120","","","","-7.12792","889.21606","2458.37012","-353.37448","841.25433","2166.40894","-51.51834","901.72327","2346.78760","-273.07990","909.21838","2229.31299","","","","27.45790","473.80402","2274.95020","-257.21219","491.03244","2304.40771","93.52188","232.39256","2050.15747","-210.55312","155.77501","2327.17871",NA,"P3",23,13
489,4.88,"","","","-65.39607","1618.00720","2278.54932","","","","","","","55.34016","1386.05432","2290.69165","-238.77142","1370.07898","2080.78540","-162.08415","1273.07568","2301.89575","","","","72.76289","1054.49939","2368.43335","","","","-13.11579","889.38483","2463.65088","-356.63348","842.86414","2171.65576","-55.99532","902.72351","2354.08105","-277.05402","909.05579","2234.08081","","","","22.88565","476.19315","2293.45068","-259.46634","490.58536","2306.01929","91.01238","238.48114","2061.39136","-210.80426","155.53368","2327.44946",NA,"P3",23,13
490,4.89,"","","","-68.91168","1618.86450","2284.38867","","","","","","","51.13053","1386.66541","2297.70532","-240.85585","1370.79602","2086.85010","-166.31065","1274.11536","2307.67993","","","","68.15918","1055.39697","2375.89697","","","","-19.22798","889.61578","2469.32397","-360.46432","843.76587","2176.49902","-60.41463","903.55835","2361.42114","-280.32175","909.25366","2238.95752","","","","16.32231","474.90024","2307.54858","-261.45572","490.37439","2307.99243","90.40401","243.96815","2075.53687","-211.21986","155.45114","2327.99268",NA,"P3",23,13
491,4.9,"","","","-72.64861","1619.71741","2290.04224","","","","","","","47.14325","1387.58301","2305.84766","-242.58553","1372.16541","2091.71875","-170.38747","1274.64038","2313.06470","","","","63.35725","1055.19275","2383.53394","","","","-25.53934","889.96362","2475.22974","-364.27936","845.26526","2182.56934","-64.63374","904.01648","2368.42847","-283.45920","908.77094","2243.63770","","","","9.76032","475.00818","2323.57837","-261.80585","490.69916","2307.10913","87.99558","250.90019","2087.91504","-212.72523","157.06387","2326.00439",NA,"P3",23,13
492,4.91,"","","","-76.34368","1620.54858","2296.06348","","","","","","","43.90823","1387.58276","2313.38745","-244.57814","1372.88513","2096.35718","-174.39200","1275.34985","2318.35547","","","","58.46623","1055.56055","2391.18848","","","","-31.68244","889.90247","2480.52490","-368.16965","847.41388","2187.97363","-68.69501","904.59912","2375.18726","-286.34708","909.25183","2247.98779","","","","3.36331","476.66425","2340.51611","-264.94901","490.50464","2312.73853","86.48376","257.16116","2101.20776","-213.05673","157.26494","2326.59058",NA,"P3",23,13
493,4.92,"","","","-79.99448","1621.22388","2302.12036","","","","","","","40.07426","1388.42383","2321.65527","-246.39899","1373.73315","2101.43848","-178.32274","1275.37805","2324.16333","","","","53.79708","1056.07935","2399.08081","","","","-41.37425","891.61456","2488.34448","-371.78137","849.11627","2193.84375","-72.69504","904.41290","2381.63647","-289.19247","909.35767","2252.14282","","","","-3.07170","477.31885","2355.90649","-266.94244","490.83359","2315.24902","","","","-213.12613","157.49286","2327.08740",NA,"P3",23,12
494,4.93,"","","","-83.45844","1622.25549","2307.75610","","","","","","","35.73347","1388.69397","2329.27026","","","","-181.76726","1275.34521","2328.88110","","","","49.22563","1056.01257","2407.04932","","","","-44.97309","892.26825","2494.46729","-376.13831","851.45471","2199.72754","-77.12713","904.70239","2388.26025","-291.98953","909.25867","2255.32373","","","","-10.10886","478.35547","2372.02393","-267.83902","490.54880","2318.15894","","","","-213.46976","157.60989","2327.57739",NA,"P3",23,11
495,4.94,"","","","-87.01557","1622.60364","2313.29858","","","","","","","31.87149","1388.60864","2336.26807","","","","-185.51895","1275.21802","2334.02759","","","","44.42897","1056.18213","2414.45532","","","","-48.46333","892.53546","2500.57617","-379.73376","852.92963","2204.17065","-81.88459","904.86194","2394.81909","-295.55389","910.06421","2258.22778","","","","-17.16767","480.22086","2387.25684","-269.85419","490.76849","2319.63330","","","","-213.62599","157.93660","2328.18188",NA,"P3",23,11
496,4.95,"","","","-90.87659","1623.23987","2319.79443","","","","","","","27.91588","1388.85559","2344.81836","","","","-189.30206","1275.32178","2339.29858","","","","39.73286","1055.96619","2422.13306","","","","-57.56700","890.52344","2504.11475","-383.72183","854.42133","2209.26465","-86.82799","905.65881","2401.66602","-298.25879","910.35834","2260.98438","","","","-24.94948","482.04642","2403.48535","-271.49423","490.37784","2321.98730","","","","-213.68375","157.95699","2328.35645",NA,"P3",23,11
497,4.96,"","","","-94.29970","1624.30957","2325.37793","","","","","","","24.76033","1388.64319","2352.63647","","","","-192.57001","1275.30957","2343.41748","","","","35.14074","1056.29004","2429.63037","","","","-64.12202","890.82581","2510.44434","-387.55994","856.64087","2215.30273","-91.85658","906.13080","2407.34912","-300.73303","910.93896","2263.76489","","","","-33.01209","483.94870","2418.06421","-272.29044","489.87622","2324.90039","","","","-213.72147","158.08981","2328.60986",NA,"P3",23,11
498,4.97,"","","","-97.91893","1624.53870","2331.01294","","","","","","","20.78200","1389.15784","2360.35693","","","","-196.25439","1275.25269","2348.06396","","","","30.67924","1056.24365","2436.68262","","","","-70.55257","891.19928","2516.27588","-390.91455","858.35699","2220.04883","-97.02995","906.93713","2412.97705","-303.72055","912.08673","2265.85986","","","","-41.27507","485.29593","2431.87964","-273.52805","490.40063","2325.68506","","","","-213.85802","158.01149","2328.66211",NA,"P3",23,11
499,4.98,"","","","-101.48424","1624.94824","2337.00586","","","","","","","16.39771","1389.00024","2368.35229","","","","-199.93124","1275.40808","2352.86938","","","","25.83506","1055.95581","2444.19580","","","","-76.53821","891.14813","2521.81177","-395.16281","862.14667","2226.24365","-102.04128","907.67603","2417.86792","-306.32092","912.03851","2267.23682","","","","-49.78893","487.13248","2445.95996","-272.57263","490.54324","2322.57080","","","","-213.78609","158.17427","2328.89795",NA,"P3",23,11
500,4.99,"","","","-105.09468","1625.64807","2342.86743","","","","","","","12.51762","1388.84570","2375.86206","","","","-203.35701","1275.22229","2356.78638","","","","21.02935","1056.12280","2451.01831","","","","-82.25240","891.04706","2527.56055","-398.18497","863.38745","2229.93506","-107.54856","909.32465","2423.21802","-308.80408","913.53595","2269.67578","","","","-58.43945","488.96234","2459.29834","-273.48651","490.33417","2324.06934","","","","-213.77577","158.18159","2328.98462",NA,"P3",23,11
501,5,"","","","-108.63616","1626.47559","2348.04810","","","","","","","8.62394","1390.22424","2384.33838","","","","-207.08090","1275.61951","2360.91040","","","","16.12876","1055.85815","2458.46484","","","","-88.84617","891.46417","2534.03735","-401.96042","866.02600","2234.77344","-112.82182","910.21674","2428.44653","-310.86673","913.53967","2270.90332","","","","-67.25515","491.98148","2472.72974","-274.20544","490.20505","2325.27710","","","","-213.76001","158.17520","2329.16113",NA,"P3",23,11
502,5.01,"","","","-112.24311","1626.94861","2353.75415","","","","","","","4.62027","1390.02686","2392.17114","","","","-210.04607","1275.29834","2363.67700","","","","11.12648","1056.16943","2465.91528","","","","-94.61376","891.41400","2539.29907","-405.12250","868.69592","2239.24121","-117.42197","911.64447","2433.05518","-313.64984","913.83368","2272.59204","","","","-76.15450","494.49521","2485.85669","-274.92484","490.30676","2326.60107","","","","-213.67012","158.34373","2329.41699",NA,"P3",23,11
503,5.02,"","","","-115.85218","1627.52539","2359.56055","","","","","","","-0.00802","1390.28223","2400.56519","","","","-213.79825","1275.76733","2367.54102","","","","5.95725","1056.64331","2473.15649","","","","-100.64989","891.23145","2544.89014","-408.30649","871.65479","2244.01978","-122.52883","913.00134","2438.20557","-316.41135","915.10602","2275.24683","","","","-85.16331","496.75964","2498.47754","-275.49823","490.14090","2327.80176","","","","-213.65575","158.34210","2329.66089",NA,"P3",23,11
504,5.03,"-170.29237","1327.33569","1994.46680","-119.23035","1628.40527","2364.53711","","","","","","","-4.24408","1390.52283","2407.76807","","","","-217.55693","1276.18433","2371.06836","","","","0.66053","1056.91943","2480.37354","","","","-106.70460","891.55377","2550.01831","-411.27295","873.94916","2248.24243","-127.41993","913.87738","2442.80200","-318.04059","915.32922","2276.68994","","","","-93.75390","498.37549","2508.84595","-276.14853","489.91251","2329.48853","40.94472","276.73044","2294.00171","-213.80605","158.28279","2329.88770",NA,"P3",23,13
505,5.04,"-171.55186","1328.96594","2000.99121","-122.57063","1628.69092","2369.56494","","","","","","","-9.04908","1390.92236","2415.06396","","","","-220.60890","1275.86389","2373.84106","","","","-4.51489","1056.80383","2487.29443","","","","-112.58409","892.04559","2555.72876","-414.71692","877.18127","2252.15015","-132.03009","915.28143","2447.90259","-320.21863","916.27209","2279.88428","","","","-103.21138","501.74161","2520.34204","-276.48273","489.94043","2331.21069","35.59237","273.09186","2313.12476","-213.76859","158.33818","2330.24756",NA,"P3",23,13
506,5.05,"-172.53465","1330.84106","2009.20129","-126.27409","1628.98694","2375.11157","","","","","","","-14.35442","1392.50513","2423.98682","","","","-224.18810","1276.40234","2376.70093","","","","-10.13198","1057.41943","2494.61230","","","","-118.74729","892.26343","2560.93384","-417.83429","879.79462","2255.86353","-136.60443","916.62579","2453.44238","-321.34003","916.39899","2281.04858","","","","-111.50500","504.53983","2531.07935","-276.83923","489.98715","2332.75586","29.70834","269.43069","2333.88062","-213.84727","158.29027","2330.52515",NA,"P3",23,13
507,5.06,"-173.21924","1331.51392","2015.23389","-129.59067","1629.95691","2380.04736","","","","","","","-18.96333","1392.45532","2431.31128","","","","-227.72061","1276.69629","2379.65259","","","","-15.65577","1058.07910","2502.14429","","","","-124.45761","892.34222","2565.94653","-420.44614","882.24744","2259.28149","-140.97075","917.11285","2458.43066","-323.29840","916.78210","2283.66284","","","","-120.43726","506.46600","2539.71167","-276.94586","490.11047","2333.87720","23.91997","264.50552","2355.28809","-213.35277","157.90117","2332.78882",NA,"P3",23,13
508,5.07,"-173.90123","1333.80115","2023.26123","-132.95720","1630.15564","2385.07520","","","","","","","-24.12436","1393.25696","2439.36206","","","","-230.81088","1276.88477","2382.27466","","","","-21.17884","1058.51245","2509.75171","","","","-130.98457","892.80847","2571.36865","","","","-145.76999","918.45990","2463.73267","-324.76553","916.51721","2285.80469","","","","-128.87498","509.52930","2550.27051","-277.19547","490.25900","2334.96265","18.04841","258.87787","2375.75537","-213.81757","158.44737","2330.97778",NA,"P3",23,12
509,5.08,"-175.39244","1334.77808","2030.40503","-136.94154","1630.23962","2390.68115","","","","","","","-29.00097","1393.91553","2446.83618","","","","-234.74983","1277.00928","2385.94189","","","","-26.75188","1059.41809","2517.16138","","","","-136.80507","892.87280","2576.60254","","","","-150.20453","918.84546","2469.28638","-326.59470","917.63940","2288.72339","","","","-137.44475","511.23730","2558.05298","-277.43936","490.26559","2336.06421","11.31135","253.19653","2397.40796","-213.80446","158.39049","2331.00586",NA,"P3",23,12
510,5.09,"-175.60190","1336.43225","2038.49377","-140.26566","1630.94751","2395.49316","","","","","","","-34.41698","1394.32019","2454.35864","","","","-238.38762","1277.58386","2388.69141","","","","-32.50817","1059.88293","2524.97998","","","","-142.85660","892.78528","2580.91626","","","","-154.56631","920.10858","2475.08594","","","","","","","-145.25240","513.72168","2566.46851","-277.40875","490.21616","2336.82788","4.53936","247.84546","2419.42725","-212.80283","157.26929","2334.13770",NA,"P3",23,11
511,5.1,"-176.94014","1337.54956","2045.31262","-143.43028","1631.40710","2400.12036","","","","","","","-39.27942","1395.07300","2461.58203","","","","-241.28371","1277.33875","2391.12354","","","","-37.79153","1059.86560","2531.88135","","","","-149.25883","892.47815","2585.37744","","","","-158.78845","920.80170","2480.37939","","","","","","","-153.35857","514.86932","2572.72144","-277.48917","490.02100","2337.41553","-2.96350","241.52388","2441.41162","-213.79874","158.39418","2331.19116",NA,"P3",23,11
512,5.11,"-177.34689","1338.99207","2053.11792","-147.23396","1631.40454","2405.77979","","","","","","","-44.61196","1395.27771","2469.22729","","","","-244.75447","1277.60242","2393.60132","","","","-44.01514","1060.78796","2539.27490","","","","-155.88741","892.88947","2590.94189","","","","-163.87616","922.10950","2485.93018","","","","","","","-160.04523","516.06598","2578.61035","-277.27390","490.00589","2337.84644","-11.06450","236.94696","2464.01831","-213.57816","158.39436","2331.15308",NA,"P3",23,11
513,5.12,"-178.10468","1340.47644","2060.38086","-150.37180","1631.70105","2410.51733","","","","","","","-49.80080","1395.54895","2476.49683","","","","-248.07068","1277.43689","2396.37158","","","","-49.82859","1060.91443","2545.99487","","","","-162.26414","893.07391","2594.93066","","","","","","","","","","","","","-167.78548","518.06146","2585.78345","-276.96478","489.96625","2338.13232","-19.88066","230.82263","2485.82471","-213.52879","158.41135","2331.09497",NA,"P3",23,10
514,5.13,"-178.96677","1341.18469","2067.63013","-154.05154","1632.56946","2415.69385","","","","","","","-54.87162","1395.84167","2483.45459","","","","-251.21071","1277.85095","2399.32300","","","","-55.96970","1061.28369","2553.61108","","","","-168.88626","892.71051","2599.19067","","","","","","","","","","","","","-174.24930","517.96973","2589.59033","-276.78366","489.94443","2338.47949","-29.56906","225.33505","2507.16699","-213.28596","158.41922","2330.96362",NA,"P3",23,10
515,5.14,"-179.54082","1342.99707","2076.09497","-157.55057","1632.44385","2420.80005","","","","","","","-60.04512","1396.62439","2490.61328","","","","-254.17789","1277.20972","2401.79663","","","","-61.87272","1061.66846","2560.10889","","","","-175.38130","892.68451","2603.59180","","","","","","","","","","","","","-181.20212","519.40106","2595.96094","-276.61346","489.98340","2338.94482","-38.88841","221.05711","2529.46606","-213.16228","158.58228","2330.98096",NA,"P3",23,10
516,5.15,"-180.53444","1344.50073","2083.66309","-160.71819","1632.71606","2425.36572","","","","","","","-65.27772","1397.03723","2497.59253","","","","-257.03412","1277.16467","2403.78857","","","","-68.32799","1062.20508","2567.14648","","","","-181.91245","892.74475","2607.72803","","","","","","","","","","","","","-187.52852","520.42334","2599.25977","-276.26889","489.95483","2339.39307","-49.74594","215.91338","2549.65649","-212.99484","158.56641","2330.85718",NA,"P3",23,10
517,5.16,"","","","-164.66942","1633.31750","2429.78394","","","","","","","-70.37921","1397.20227","2503.95313","","","","-260.26175","1277.12549","2407.43018","","","","-74.32104","1062.14233","2573.85913","","","","-188.69637","892.88855","2611.96216","","","","","","","","","","","","","-193.58838","520.27399","2603.04517","-275.87244","489.94336","2339.71362","-60.71600","213.03798","2571.68994","-213.02408","158.60770","2330.87109",NA,"P3",23,9
518,5.17,"","","","-168.36548","1633.27795","2434.45142","","","","","","","-75.43939","1397.28235","2510.75952","","","","-263.26614","1277.62244","2410.14233","","","","-80.58136","1062.71716","2580.58130","","","","-195.65485","892.57642","2615.70337","","","","","","","","","","","","","-198.96033","520.35034","2606.71216","-275.67606","490.04224","2340.43921","-72.15147","210.45584","2592.69800","-212.92044","158.65297","2330.85376",NA,"P3",23,9
519,5.18,"","","","","","","","","","","","","-80.33318","1397.40625","2517.26709","","","","-266.38925","1277.42908","2413.16089","","","","-86.31302","1062.70850","2586.29907","","","","-202.37090","892.42950","2619.51001","","","","","","","","","","","","","-204.61981","520.49084","2609.63525","-275.54077","490.18317","2341.13501","-84.56081","208.33293","2612.23291","-212.74042","158.75699","2330.84106",NA,"P3",23,8
520,5.19,"","","","","","","","","","","","","-85.63238","1397.64624","2524.20532","","","","-269.26538","1277.36462","2415.57202","","","","-92.89446","1063.32764","2593.29053","","","","-208.91440","892.68567","2623.33350","","","","","","","","","","","","","-209.36058","520.23224","2611.79175","-275.53073","490.25101","2341.95410","-97.09904","205.74280","2629.92407","-212.62737","158.78020","2330.90796",NA,"P3",23,8
521,5.2,"","","","","","","","","","","","","-90.50785","1397.82361","2530.31030","","","","","","","","","","-98.65596","1062.96655","2599.30493","","","","-215.56845","893.05676","2626.91675","","","","","","","","","","","","","-214.56126","520.59442","2615.80615","-275.67877","490.34470","2342.93384","-110.56873","205.08255","2647.46240","-212.48300","158.79466","2330.91895",NA,"P3",23,7
522,5.21,"","","","","","","","","","","","","-95.59411","1398.02148","2536.60205","","","","","","","","","","-104.99215","1063.38525","2605.67285","","","","-222.44928","893.04431","2630.80688","","","","","","","","","","","","","-219.99527","520.63849","2618.31226","-276.04501","490.48438","2344.04956","-123.43470","204.46707","2663.61938","-212.37164","158.73558","2330.87793",NA,"P3",23,7
523,5.22,"","","","","","","","","","","","","-101.13876","1398.33643","2543.53979","","","","","","","","","","-111.01408","1063.52771","2611.56567","","","","-228.63980","892.79315","2633.42456","","","","","","","","","","","","","-224.68411","520.36670","2621.13843","-276.31909","490.17114","2345.20190","-136.16443","205.88968","2677.80298","-212.19652","158.80673","2330.89966",NA,"P3",23,7
524,5.23,"","","","","","","","","","","","","-106.35847","1398.08362","2550.05664","","","","","","","","","","-117.00576","1063.19189","2617.68677","","","","-235.33723","892.55341","2636.85400","","","","","","","","","","","","","-230.37894","521.26837","2624.41846","-276.66965","490.20831","2346.63940","-147.98683","205.72710","2688.66919","-210.87329","157.69781","2334.37354",NA,"P3",23,7
525,5.24,"","","","","","","","","","","","","-111.76268","1398.27234","2556.44531","","","","","","","","","","-123.21151","1063.31848","2624.24268","","","","-242.36243","892.68231","2640.18188","","","","","","","","","","","","","-236.56862","521.04224","2626.65796","-277.66141","490.16833","2348.61523","-158.75323","204.92271","2698.42017","-210.74246","157.73093","2334.27881",NA,"P3",23,7
526,5.25,"","","","","","","","","","","","","-117.51564","1398.27673","2563.24658","","","","","","","","","","-129.04265","1062.80823","2629.41333","","","","-248.58980","892.27222","2643.29565","","","","","","","","","","","","","-242.52286","520.69891","2629.00439","-278.84454","490.12115","2350.77271","-168.37538","206.48189","2707.07202","-210.77623","157.92067","2334.35742",NA,"P3",23,7
527,5.26,"","","","","","","","","","","","","-123.29348","1397.91162","2569.66504","","","","","","","","","","-135.45450","1063.08386","2635.88696","","","","-254.80269","891.84259","2646.24854","","","","","","","","","","","","","-248.38226","522.40881","2632.94580","-280.17056","490.28329","2353.49487","","","","-210.69194","158.15262","2334.34033",NA,"P3",23,6
528,5.27,"","","","","","","","","","","","","-128.97676","1397.80164","2576.33154","","","","","","","","","","-141.36371","1062.19165","2641.37598","","","","-260.99677","891.40973","2649.39697","","","","","","","","","","","","","-253.62479","522.25940","2636.56226","-281.24307","490.46582","2355.87988","","","","-210.52846","158.32281","2334.23999",NA,"P3",23,6
529,5.28,"","","","","","","","","","","","","-135.15704","1397.83936","2582.92529","","","","","","","","","","-148.09908","1062.30200","2647.82056","","","","-267.59097","891.72504","2653.26587","","","","","","","","","","","","","-257.77808","521.31989","2638.50000","-282.27563","490.43057","2358.15796","","","","-210.78973","159.13141","2333.84985",NA,"P3",23,6
530,5.29,"","","","","","","","","","","","","-141.13531","1397.59106","2588.98877","","","","","","","","","","-154.21571","1061.96716","2652.99219","","","","-273.79129","891.57190","2656.56274","","","","","","","","","","","","","-261.54187","521.46472","2641.69897","-283.28497","490.39804","2360.51318","","","","-210.72859","159.32564","2333.82910",NA,"P3",23,6
531,5.3,"","","","","","","","","","","","","-147.09853","1397.39954","2595.63770","","","","","","","","","","-161.03494","1061.76758","2659.42041","","","","-280.00293","890.47125","2659.45874","","","","","","","","","","","","","-264.31339","520.47571","2645.38281","-284.56802","490.22382","2362.53174","","","","-210.64233","159.57988","2334.95581",NA,"P3",23,6
532,5.31,"","","","","","","","","","","","","-153.55446","1396.98291","2601.14209","","","","","","","","","","-167.45589","1061.00159","2664.76685","","","","-286.42749","890.06824","2661.86108","","","","","","","","","","","","","-266.88330","519.96185","2648.11230","-285.79800","490.05301","2364.55420","","","","-210.46736","159.88123","2334.85645",NA,"P3",23,6
533,5.32,"","","","","","","","","","","","","-159.80141","1397.01831","2607.84180","","","","","","","","","","-174.03630","1060.91223","2670.31250","","","","-292.31241","889.54651","2664.06860","","","","","","","","","","","","","-269.90704","518.84454","2649.64600","-286.69000","489.54822","2364.12378","","","","-210.43372","160.03146","2334.84790",NA,"P3",23,6
534,5.33,"","","","","","","","","","","","","-166.23346","1396.51489","2613.49292","","","","","","","","","","-181.24210","1061.12463","2676.60303","","","","-298.42258","888.31091","2666.21826","","","","","","","","","","","","","-272.50970","517.38422","2651.48486","-287.22278","489.39255","2365.17896","","","","-210.31999","160.21924","2334.75952",NA,"P3",23,6
535,5.34,"","","","","","","","","","","","","-172.48969","1396.55591","2619.95239","","","","","","","","","","-187.96748","1060.04224","2681.90454","","","","","","","","","","","","","","","","","","","-275.20535","516.61505","2654.67358","-288.22867","488.98291","2366.63843","","","","-210.31273","160.32141","2334.75439",NA,"P3",23,5
536,5.35,"","","","","","","","","","","","","","","","","","","","","","","","","-194.88925","1060.08130","2687.31030","","","","","","","","","","","","","","","","","","","-278.20532","514.53369","2655.10620","-288.96628","489.66016","2371.36938","","","","-210.14365","160.58253","2334.61255",NA,"P3",23,4
537,5.36,"","","","","","","","","","","","","","","","","","","","","","","","","-201.95386","1060.05444","2692.62744","","","","","","","","","","","","","","","","","","","-281.51569","513.19159","2657.47021","-289.52121","489.50476","2373.11255","","","","-210.92062","162.33427","2333.13379",NA,"P3",23,4
538,5.37,"","","","","","","","","","","","","","","","","","","","","","","","","-209.09196","1059.28442","2697.93066","","","","","","","","","","","","","","","","","","","-284.82697","510.76517","2658.00293","-290.05087","489.66528","2375.10449","","","","-210.88097","162.67917","2333.21240",NA,"P3",23,4
539,5.38,"","","","","","","","","","","","","","","","","","","","","","","","","-216.02147","1058.49023","2703.11914","","","","","","","","","","","","","","","","","","","-288.24326","508.42224","2659.90552","-290.08359","489.53613","2377.96558","","","","-210.88623","163.19484","2333.32983",NA,"P3",23,4
540,5.39,"","","","","","","","","","","","","","","","","","","","","","","","","-223.18080","1058.41406","2708.37988","","","","","","","","","","","","","","","","","","","-291.07175","506.60657","2660.58154","-290.27289","489.59079","2378.75537","","","","-210.28734","163.04422","2335.44995",NA,"P3",23,4
541,5.4,"","","","","","","","","","","","","","","","","","","","","","","","","-230.75847","1058.54065","2713.64233","","","","","","","","","","","","","","","","","","","-292.65604","504.63989","2662.05518","-290.48138","489.72406","2379.57739","","","","-210.05559","163.55374","2335.11987",NA,"P3",23,4
542,5.41,"","","","","","","","","","","","","","","","","","","","","","","","","","","","","","","","","","","","","","","","","","","","","","-293.24875","503.64426","2662.63379","-290.59082","489.98859","2380.35962","","","","-209.39699","164.07805","2336.57861",NA,"P3",23,3
543,5.42,"","","","","","","","","","","","","","","","","","","","","","","","","","","","","","","","","","","","","","","","","","","","","","-293.82571","502.89255","2664.06323","-290.64905","491.17349","2384.42798","","","","-209.27290","164.70509","2336.38330",NA,"P3",23,3
544,5.43,"","","","","","","","","","","","","","","","","","","","","","","","","","","","","","","","","","","","","","","","","","","","","","-295.36203","503.99741","2666.69897","-290.93204","491.68298","2386.71216","","","","-209.03430","165.49658","2336.12598",NA,"P3",23,3
545,5.44,"","","","","","","","","","","","","","","","","","","","","","","","","","","","","","","","","","","","","","","","","","","","","","-295.85135","504.01569","2667.73779","-290.62589","491.76199","2389.54443","","","","-209.98628","168.00949","2334.11621",NA,"P3",23,3
546,5.45,"","","","","","","","","","","","","","","","","","","","","","","","","","","","","","","","","","","","","","","","","","","","","","-297.61523","505.24600","2670.75195","-290.71887","492.18982","2390.12329","","","","-209.59746","168.93623","2334.85205",NA,"P3",23,3
547,5.46,"","","","","","","","","","","","","","","","","","","","","","","","","","","","","","","","","","","","","","","","","","","","","","-298.64145","505.31186","2672.11865","-290.45514","492.65372","2392.46655","","","","-208.92993","169.51085","2337.78296",NA,"P3",23,3
548,5.47,"","","","","","","","","","","","","","","","","","","","","","","","","","","","","","","","","","","","","","","","","","","","","","-299.97495","505.31586","2674.63135","-290.95828","494.81418","2393.00830","","","","-208.59177","170.34979","2337.71289",NA,"P3",23,3
549,5.48,"","","","","","","","","","","","","","","","","","","","","","","","","","","","","","","","","","","","","","","","","","","","","","-300.30621","505.26224","2676.40161","-290.20990","495.19110","2395.78418","","","","-208.23373","171.51364","2337.37671",NA,"P3",23,3
550,5.49,"","","","","","","","","","","","","","","","","","","","","","","","","","","","","","","","","","","","","","","","","","","","","","-300.38849","504.85767","2679.26831","-289.52612","496.20746","2395.43750","","","","-207.74995","172.57605","2336.77930",NA,"P3",23,3
551,5.5,"","","","","","","","","","","","","","","","","","","","","","","","","","","","","","","","","","","","","","","","","","","","","","-300.61563","504.72852","2681.50537","-288.42490","497.36530","2396.87500","","","","-208.37521","175.52350","2338.44263",NA,"P3",23,3
552,5.51,"","","","","","","","","","","","","","","","","","","","","","","","","","","","","","","","","","","","","","","","","","","","","","-300.35236","504.99716","2683.06909","-287.51636","499.28342","2398.13794","","","","-208.00200","176.67555","2338.13379",NA,"P3",23,3
553,5.52,"","","","","","","","","","","","","","","","","","","","","","","","","","","","","","","","","","","","","","","","","","","","","","-299.46527","505.15970","2685.51538","-286.32578","501.39587","2399.30273","","","","-207.41779","177.67964","2339.84692",NA,"P3",23,3
554,5.53,"","","","","","","","","","","","","","","","","","","","","","","","","","","","","","","","","","","","","","","","","","","","","","-299.04028","505.85489","2687.69702","-285.06833","502.68631","2398.53052","","","","-207.70239","179.77568","2339.38525",NA,"P3",23,3
555,5.54,"","","","","","","","","","","","","","","","","","","","","","","","","","","","","","","","","","","","","","","","","","","","","","-298.44705","505.77252","2688.73804","-282.85034","503.61829","2399.32056","","","","-206.03310","180.84454","2341.82642",NA,"P3",23,3
556,5.55,"","","","","","","","","","","","","","","","","","","","","","","","","","","","","","","","","","","","","","","","","","","","","","-297.70700","505.53677","2690.59668","-280.95407","505.94232","2399.84668","","","","-204.22696","181.67905","2343.80981",NA,"P3",23,3
557,5.56,"","","","","","","","","","","","","","","","","","","","","","","","","","","","","","","","","","","","","","","","","","","","","","-296.89792","505.72955","2691.63428","-279.44501","507.93250","2400.94360","","","","-202.42644","183.35040","2343.62476",NA,"P3",23,3
558,5.57,"","","","","","","","","","","","","","","","","","","","","","","","","","","","","","","","","","","","","","","","","","","","","","-296.55609","505.75195","2692.21899","-275.78183","508.64783","2403.58130","","","","-201.30931","185.20839","2345.57373",NA,"P3",23,3
559,5.58,"","","","","","","","","","","","","","","","","","","","","","","","","","","","","","","","","","","","","","","","","","","","","","-296.04779","505.03909","2692.34302","-273.35187","510.27890","2401.21167","","","","-197.61946","185.60454","2350.07324",NA,"P3",23,3
560,5.59,"","","","","","","","","","","","","","","","","","","","","","","","","","","","","","","","","","","","","","","","","","","","","","-295.59375","505.13120","2692.82788","-269.68460","510.96921","2403.93164","","","","-195.46748","186.63921","2351.65503",NA,"P3",23,3
561,5.6,"","","","","","","","","","","","","","","","","","","","","","","","","","","","","","","","","","","","","","","","","","","","","","-295.18005","505.78506","2693.68896","-267.18091","513.37927","2403.70972","","","","-191.02206","187.08076","2354.75073",NA,"P3",23,3
562,5.61,"","","","","","","","","","","","","","","","","","","","","","","","","","","","","","","","","","","","","","","","","","","","","","-294.82614","506.10486","2694.48657","-261.67886","513.86255","2408.25928","","","","-186.91777","187.50388","2358.00635",NA,"P3",23,3
563,5.62,"","","","","","","","","","","","","","","","","","","","","","","","","","","","","","","","","","","","","","","","","","","","","","-294.43234","506.11615","2694.83154","-257.16690","514.84125","2408.40137","","","","","","",NA,"P3",23,2
564,5.63,"","","","","","","","","","","","","","","","","","","","","","","","","","","","","","","","","","","","","","","","","","","","","","-294.36938","506.16727","2695.31812","-252.09129","516.40564","2407.86328","","","","","","",NA,"P3",23,2
565,5.64,"","","","","","","","","","","","","","","","","","","","","","","","","","","","","","","","","","","","","","","","","","","","","","-294.38571","505.88602","2695.39404","-246.68196","517.41138","2406.52759","","","","","","",NA,"P3",23,2
566,5.65,"","","","","","","","","","","","","","","","","","","","","","","","","","","","","","","","","","","","","","","","","","","","","","-294.36261","505.32080","2694.91089","-240.94330","517.06989","2411.83545","","","","","","",NA,"P3",23,2
567,5.66,"","","","","","","","","","","","","","","","","","","","","","","","","","","","","","","","","","","","","","","","","","","","","","-294.76373","505.21738","2694.64404","-234.97522","518.17419","2409.67041","","","","","","",NA,"P3",23,2
568,5.67,"","","","","","","","","","","","","","","","","","","","","","","","","","","","","","","","","","","","","","","","","","","","","","-295.05289","504.74036","2693.73242","-228.40007","518.82635","2411.57813","","","","","","",NA,"P3",23,2
569,5.68,"","","","","","","","","","","","","","","","","","","","","","","","","","","","","","","","","","","","","","","","","","","","","","-295.36853","504.23236","2693.08008","-221.70706","518.50409","2413.82178","","","","","","",NA,"P3",23,2
570,5.69,"","","","","","","","","","","","","","","","","","","","","","","","","","","","","","","","","","","","","","","","","","","","","","-295.65494","504.01852","2692.37183","-214.65387","517.96771","2415.94946","","","","","","",NA,"P3",23,2
571,5.7,"","","","","","","","","","","","","","","","","","","","","","","","","","","","","","","","","","","","","","","","","","","","","","-296.03336","504.07791","2692.03564","-207.64000","518.99268","2417.47729","","","","","","",NA,"P3",23,2
572,5.71,"","","","","","","","","","","","","","","","","","","","","","","","","","","","","","","","","","","","","","","","","","","","","","-296.38510","504.28693","2691.92456","-200.42499","518.90912","2415.82373","","","","","","",NA,"P3",23,2
573,5.72,"","","","","","","","","","","","","","","","","","","","","","","","","","","","","","","","","","","","","","","","","","","","","","-296.69675","503.83646","2691.25439","-193.05173","518.66364","2422.25879","","","","","","",NA,"P3",23,2
574,5.73,"","","","","","","","","","","","","","","","","","","","","","","","","","","","","","","","","","","","","","","","","","","","","","-297.16534","503.18253","2690.23438","-184.88185","517.19122","2425.05615","","","","","","",NA,"P3",23,2
575,5.74,"","","","","","","","","","","","","","","","","","","","","","","","","","","","","","","","","","","","","","","","","","","","","","-297.50131","502.68903","2688.78662","-177.46832","518.23718","2424.22412","","","","","","",NA,"P3",23,2
576,5.75,"","","","","","","","","","","","","","","","","","","","","","","","","","","","","","","","","","","","","","","","","","","","","","-298.20639","502.93735","2688.31323","-169.41179","516.35455","2432.80884","","","","","","",NA,"P3",23,2
577,5.76,"","","","","","","","","","","","","","","","","","","","","","","","","","","","","","","","","","","","","","","","","","","","","","-298.41333","503.27982","2687.72095","-161.78404","517.57434","2431.61816","","","","","","",NA,"P3",23,2
578,5.77,"","","","","","","","","","","","","","","","","","","","","","","","","","","","","","","","","","","","","","","","","","","","","","-298.55829","503.56445","2687.36694","-153.54982","516.06964","2438.04028","","","","","","",NA,"P3",23,2
579,5.78,"","","","","","","","","","","","","","","","","","","","","","","","","","","","","","","","","","","","","","","","","","","","","","-298.24023","503.32623","2685.90918","-145.94179","517.36987","2438.71655","","","","","","",NA,"P3",23,2
580,5.79,"","","","","","","","","","","","","","","","","","","","","","","","","","","","","","","","","","","","","","","","","","","","","","-298.24307","503.20490","2685.17627","-137.81047","516.12012","2443.38525","","","","","","",NA,"P3",23,2
581,5.8,"","","","","","","","","","","","","","","","","","","","","","","","","","","","","","","","","","","","","","","","","","","","","","-298.13806","503.12439","2684.40601","-129.96884","516.21326","2446.37720","","","","","","",NA,"P3",23,2
582,5.81,"","","","","","","","","","","","","","","","","","","","","","","","","","","","","","","","","","","","","","","","","","","","","","-298.20178","503.08624","2684.24097","-122.27491","515.10773","2451.65649","","","","","","",NA,"P3",23,2
583,5.82,"","","","","","","","","","","","","","","","","","","","","","","","","","","","","","","","","","","","","","","","","","","","","","-298.10287","503.26529","2684.01050","-115.08295","515.65509","2453.65063","","","","","","",NA,"P3",23,2
584,5.83,"","","","","","","","","","","","","","","","","","","","","","","","","","","","","","","","","","","","","","","","","","","","","","-297.84491","503.34741","2683.78442","-108.20602","514.96606","2458.79517","","","","","","",NA,"P3",23,2
585,5.84,"","","","","","","","","","","","","","","","","","","","","","","","","","","","","","","","","","","","","","","","","","","","","","-296.95618","502.46368","2683.34399","-101.84454","514.81409","2462.09448","","","","","","",NA,"P3",23,2
586,5.85,"","","","","","","","","","","","","","","","","","","","","","","","","","","","","","","","","","","","","","","","","","","","","","-296.27222","502.46671","2683.04712","-95.52236","514.67554","2465.44946","","","","","","",NA,"P3",23,2
587,5.86,"","","","","","","","","","","","","","","","","","","","","","","","","","","","","","","","","","","","","","","","","","","","","","-295.78409","502.51022","2683.14502","-89.45571","515.34747","2466.52759","","","","","","",NA,"P3",23,2
588,5.87,"","","","","","","","","","","","","","","","","","","","","","","","","","","","","","","","","","","","","","","","","","","","","","-295.30334","503.37842","2682.74023","-81.57764","514.50482","2471.13989","","","","","","",NA,"P3",23,2
589,5.88,"","","","","","","","","","","","","","","","","","","","","","","","","","","","","","","","","","","","","","","","","","","","","","-294.46860","503.24918","2683.07764","-76.13770","514.33856","2475.26343","","","","","","",NA,"P3",23,2
590,5.89,"","","","","","","","","","","","","","","","","","","","","","","","","","","","","","","","","","","","","","","","","","","","","","-293.45886","503.45883","2683.21436","-70.99632","514.23010","2478.21558","","","","","","",NA,"P3",23,2
